date,temperature_2m,relative_humidity_2m,wind_speed_10m,shortwave_radiation,surface_pressure
2016-07-01 00:00:00,22.2,85,4.7,0.0,959.1
2016-07-01 01:00:00,21.7,86,1.8,0.0,958.9
2016-07-01 02:00:00,20.9,88,2.3,0.0,958.7
2016-07-01 03:00:00,19.6,91,3.1,0.0,958.6
2016-07-01 04:00:00,19.1,92,3.9,0.0,958.2
2016-07-01 05:00:00,19.2,91,4.1,0.0,958.1
2016-07-01 06:00:00,19.3,90,5.5,4.0,959.2
2016-07-01 07:00:00,21.0,85,4.5,89.0,959.1
2016-07-01 08:00:00,24.4,74,2.2,263.0,960.2
2016-07-01 09:00:00,26.6,62,2.7,454.0,961.0
2016-07-01 10:00:00,28.2,54,4.1,657.0,960.8
2016-07-01 11:00:00,29.6,49,4.7,809.0,960.9
2016-07-01 12:00:00,30.7,45,4.3,916.0,960.5
2016-07-01 13:00:00,31.6,43,2.5,969.0,959.9
2016-07-01 14:00:00,32.3,41,1.3,925.0,959.0
2016-07-01 15:00:00,32.3,39,1.1,855.0,958.4
2016-07-01 16:00:00,32.3,39,0.8,703.0,957.7
2016-07-01 17:00:00,32.2,41,1.5,567.0,957.1
2016-07-01 18:00:00,31.3,47,2.4,329.0,958.1
2016-07-01 19:00:00,30.1,54,3.2,173.0,958.4
2016-07-01 20:00:00,28.0,67,3.1,40.0,958.7
2016-07-01 21:00:00,25.8,71,4.7,0.0,958.8
2016-07-01 22:00:00,24.3,74,4.7,0.0,959.1
2016-07-01 23:00:00,23.6,74,3.9,0.0,959.2
2016-07-02 00:00:00,22.9,75,2.5,0.0,958.9
2016-07-02 01:00:00,22.5,75,3.8,0.0,958.6
2016-07-02 02:00:00,22.0,76,3.9,0.0,958.2
2016-07-02 03:00:00,21.5,75,3.9,0.0,958.3
2016-07-02 04:00:00,21.0,76,4.0,0.0,958.3
2016-07-02 05:00:00,20.8,77,4.0,0.0,958.6
2016-07-02 06:00:00,20.4,78,4.0,4.0,959.6
2016-07-02 07:00:00,22.1,75,3.9,91.0,960.1
2016-07-02 08:00:00,25.7,65,2.5,266.0,960.9
2016-07-02 09:00:00,28.2,55,1.8,468.0,961.6
2016-07-02 10:00:00,29.9,50,2.4,651.0,961.5
2016-07-02 11:00:00,31.2,47,2.3,799.0,961.3
2016-07-02 12:00:00,32.4,44,2.5,906.0,960.7
2016-07-02 13:00:00,33.5,41,3.3,957.0,959.8
2016-07-02 14:00:00,34.2,38,3.8,930.0,958.8
2016-07-02 15:00:00,34.2,39,4.7,837.0,957.9
2016-07-02 16:00:00,34.2,39,5.2,678.0,956.9
2016-07-02 17:00:00,33.6,41,8.7,470.0,956.8
2016-07-02 18:00:00,32.5,46,7.0,281.0,957.0
2016-07-02 19:00:00,31.1,51,9.5,159.0,956.3
2016-07-02 20:00:00,29.4,54,10.2,32.0,957.1
2016-07-02 21:00:00,28.0,56,8.2,0.0,957.8
2016-07-02 22:00:00,26.7,60,8.2,0.0,958.6
2016-07-02 23:00:00,25.4,65,8.4,0.0,958.3
2016-07-03 00:00:00,24.3,69,7.9,0.0,958.1
2016-07-03 01:00:00,23.3,74,7.1,0.0,958.0
2016-07-03 02:00:00,22.5,78,6.9,0.0,958.0
2016-07-03 03:00:00,22.6,75,6.4,0.0,957.9
2016-07-03 04:00:00,22.3,76,6.4,0.0,957.7
2016-07-03 05:00:00,22.0,78,5.9,0.0,958.1
2016-07-03 06:00:00,21.5,82,5.1,3.0,958.8
2016-07-03 07:00:00,22.7,83,4.9,66.0,958.7
2016-07-03 08:00:00,26.0,66,4.7,210.0,960.0
2016-07-03 09:00:00,27.9,56,4.5,397.0,960.1
2016-07-03 10:00:00,29.3,50,5.0,540.0,960.4
2016-07-03 11:00:00,30.8,46,7.2,731.0,960.6
2016-07-03 12:00:00,32.0,42,9.2,890.0,960.5
2016-07-03 13:00:00,32.9,40,11.6,883.0,960.1
2016-07-03 14:00:00,33.7,38,12.7,890.0,959.5
2016-07-03 15:00:00,31.9,43,13.1,616.0,958.4
2016-07-03 16:00:00,32.0,42,11.8,571.0,958.0
2016-07-03 17:00:00,31.8,43,11.0,442.0,957.3
2016-07-03 18:00:00,31.2,45,6.8,296.0,957.9
2016-07-03 19:00:00,30.2,49,6.6,162.0,956.9
2016-07-03 20:00:00,28.3,53,8.9,39.0,957.5
2016-07-03 21:00:00,26.7,57,8.3,0.0,957.5
2016-07-03 22:00:00,25.4,61,8.0,0.0,958.4
2016-07-03 23:00:00,24.2,66,7.7,0.0,958.8
2016-07-04 00:00:00,23.4,70,7.4,0.0,958.8
2016-07-04 01:00:00,22.5,75,7.2,0.0,958.3
2016-07-04 02:00:00,21.8,79,7.3,0.0,958.1
2016-07-04 03:00:00,21.4,80,6.6,0.0,958.1
2016-07-04 04:00:00,21.1,82,6.0,0.0,958.3
2016-07-04 05:00:00,20.9,84,5.5,0.0,958.7
2016-07-04 06:00:00,20.5,86,5.2,3.0,959.5
2016-07-04 07:00:00,22.4,82,6.0,79.0,959.4
2016-07-04 08:00:00,25.8,66,6.7,244.0,959.9
2016-07-04 09:00:00,27.3,58,6.3,435.0,960.4
2016-07-04 10:00:00,28.7,52,6.6,628.0,960.6
2016-07-04 11:00:00,30.1,47,7.0,730.0,960.6
2016-07-04 12:00:00,31.4,42,8.2,875.0,960.6
2016-07-04 13:00:00,32.3,39,9.9,888.0,959.9
2016-07-04 14:00:00,33.0,37,11.4,856.0,959.4
2016-07-04 15:00:00,33.2,36,12.1,846.0,959.1
2016-07-04 16:00:00,33.0,36,10.9,630.0,958.7
2016-07-04 17:00:00,32.7,36,11.8,561.0,958.3
2016-07-04 18:00:00,31.8,40,9.8,329.0,957.9
2016-07-04 19:00:00,30.4,44,10.1,169.0,957.6
2016-07-04 20:00:00,28.6,48,11.4,39.0,958.4
2016-07-04 21:00:00,27.2,52,12.0,0.0,959.2
2016-07-04 22:00:00,26.2,55,11.9,0.0,960.1
2016-07-04 23:00:00,25.3,59,10.3,0.0,960.9
2016-07-05 00:00:00,24.4,63,9.5,0.0,961.1
2016-07-05 01:00:00,23.4,67,7.6,0.0,960.8
2016-07-05 02:00:00,22.5,71,7.2,0.0,960.7
2016-07-05 03:00:00,22.6,70,7.0,0.0,961.0
2016-07-05 04:00:00,21.8,74,6.9,0.0,961.2
2016-07-05 05:00:00,21.2,77,6.6,0.0,961.3
2016-07-05 06:00:00,20.8,80,6.2,3.0,962.9
2016-07-05 07:00:00,22.4,76,7.3,78.0,963.3
2016-07-05 08:00:00,24.9,63,9.0,226.0,963.9
2016-07-05 09:00:00,26.7,56,10.0,434.0,964.5
2016-07-05 10:00:00,28.3,50,9.9,616.0,964.7
2016-07-05 11:00:00,29.7,46,10.4,713.0,964.7
2016-07-05 12:00:00,30.9,42,11.8,809.0,964.4
2016-07-05 13:00:00,31.8,40,13.6,793.0,963.6
2016-07-05 14:00:00,32.5,38,14.8,822.0,962.9
2016-07-05 15:00:00,32.5,38,15.5,823.0,962.3
2016-07-05 16:00:00,31.9,39,15.8,562.0,961.7
2016-07-05 17:00:00,31.4,40,16.1,470.0,961.1
2016-07-05 18:00:00,30.7,42,13.8,334.0,962.2
2016-07-05 19:00:00,29.7,45,11.0,184.0,961.4
2016-07-05 20:00:00,28.1,47,10.6,40.0,962.1
2016-07-05 21:00:00,27.0,48,10.8,0.0,962.7
2016-07-05 22:00:00,26.1,49,10.6,0.0,963.3
2016-07-05 23:00:00,25.3,52,9.7,0.0,963.6
2016-07-06 00:00:00,24.4,54,8.6,0.0,963.6
2016-07-06 01:00:00,23.4,57,7.9,0.0,963.7
2016-07-06 02:00:00,22.6,60,7.9,0.0,963.9
2016-07-06 03:00:00,22.0,62,7.4,0.0,963.7
2016-07-06 04:00:00,21.3,65,7.1,0.0,963.8
2016-07-06 05:00:00,20.6,68,6.8,0.0,963.9
2016-07-06 06:00:00,20.2,73,6.2,3.0,964.7
2016-07-06 07:00:00,21.6,70,7.4,84.0,964.7
2016-07-06 08:00:00,24.5,57,8.8,254.0,965.2
2016-07-06 09:00:00,26.3,48,11.3,447.0,965.4
2016-07-06 10:00:00,27.9,44,11.5,636.0,965.3
2016-07-06 11:00:00,29.4,41,10.6,783.0,965.4
2016-07-06 12:00:00,30.8,38,10.5,873.0,964.8
2016-07-06 13:00:00,32.1,36,9.2,934.0,964.2
2016-07-06 14:00:00,33.1,34,8.6,915.0,963.3
2016-07-06 15:00:00,33.5,34,9.1,752.0,962.5
2016-07-06 16:00:00,33.7,34,9.7,566.0,962.0
2016-07-06 17:00:00,33.7,34,11.3,468.0,961.2
2016-07-06 18:00:00,32.7,38,11.6,304.0,962.2
2016-07-06 19:00:00,31.1,42,12.7,144.0,961.5
2016-07-06 20:00:00,29.2,46,12.4,36.0,961.8
2016-07-06 21:00:00,27.8,49,12.0,0.0,962.1
2016-07-06 22:00:00,26.6,54,10.7,0.0,962.5
2016-07-06 23:00:00,25.6,58,9.5,0.0,962.6
2016-07-07 00:00:00,24.8,61,7.6,0.0,962.4
2016-07-07 01:00:00,24.1,65,7.2,0.0,962.6
2016-07-07 02:00:00,23.7,66,7.4,0.0,962.3
2016-07-07 03:00:00,23.3,68,7.3,0.0,962.1
2016-07-07 04:00:00,22.9,70,6.8,0.0,961.9
2016-07-07 05:00:00,22.8,71,6.6,0.0,961.9
2016-07-07 06:00:00,22.9,72,7.3,2.0,962.7
2016-07-07 07:00:00,24.0,70,8.0,62.0,962.7
2016-07-07 08:00:00,26.0,63,9.7,184.0,963.0
2016-07-07 09:00:00,27.5,58,10.5,311.0,963.4
2016-07-07 10:00:00,28.9,55,12.2,421.0,963.4
2016-07-07 11:00:00,29.7,54,12.8,491.0,963.2
2016-07-07 12:00:00,30.9,51,11.0,584.0,963.1
2016-07-07 13:00:00,31.2,51,12.2,489.0,962.3
2016-07-07 14:00:00,31.1,51,12.3,352.0,961.6
2016-07-07 15:00:00,32.3,47,11.9,555.0,961.3
2016-07-07 16:00:00,32.8,45,12.8,486.0,960.5
2016-07-07 17:00:00,32.9,45,12.9,370.0,959.9
2016-07-07 18:00:00,32.3,47,10.5,243.0,960.1
2016-07-07 19:00:00,31.2,50,9.2,123.0,959.3
2016-07-07 20:00:00,29.9,54,10.2,30.0,959.6
2016-07-07 21:00:00,29.0,57,10.0,0.0,960.0
2016-07-07 22:00:00,28.3,59,8.9,0.0,960.6
2016-07-07 23:00:00,27.6,62,9.8,0.0,960.6
2016-07-08 00:00:00,27.1,65,9.8,0.0,960.3
2016-07-08 01:00:00,26.6,68,9.4,0.0,960.1
2016-07-08 02:00:00,26.0,70,8.8,0.0,959.5
2016-07-08 03:00:00,26.3,67,8.1,0.0,959.6
2016-07-08 04:00:00,26.1,68,7.7,0.0,959.6
2016-07-08 05:00:00,25.9,69,6.9,0.0,959.8
2016-07-08 06:00:00,25.7,71,7.3,1.0,960.3
2016-07-08 07:00:00,26.0,72,7.3,38.0,960.4
2016-07-08 08:00:00,27.2,68,9.8,142.0,960.3
2016-07-08 09:00:00,28.3,63,11.2,251.0,960.1
2016-07-08 10:00:00,30.0,57,11.3,456.0,959.8
2016-07-08 11:00:00,30.8,55,10.2,409.0,959.1
2016-07-08 12:00:00,32.4,49,8.5,633.0,958.7
2016-07-08 13:00:00,33.3,46,8.4,606.0,957.8
2016-07-08 14:00:00,33.5,47,9.7,695.0,957.2
2016-07-08 15:00:00,34.8,41,10.6,632.0,956.9
2016-07-08 16:00:00,34.8,41,11.6,473.0,956.2
2016-07-08 17:00:00,34.5,42,9.2,428.0,955.6
2016-07-08 18:00:00,33.9,44,4.0,247.0,956.5
2016-07-08 19:00:00,33.1,47,6.2,122.0,955.5
2016-07-08 20:00:00,31.9,49,7.3,25.0,955.9
2016-07-08 21:00:00,30.8,52,7.5,0.0,956.5
2016-07-08 22:00:00,29.7,56,7.6,0.0,956.6
2016-07-08 23:00:00,28.7,60,8.2,0.0,957.0
2016-07-09 00:00:00,27.9,64,8.4,0.0,957.2
2016-07-09 01:00:00,27.2,68,7.7,0.0,957.1
2016-07-09 02:00:00,26.4,72,5.7,0.0,957.0
2016-07-09 03:00:00,25.9,75,4.7,0.0,957.0
2016-07-09 04:00:00,25.2,79,4.7,0.0,957.0
2016-07-09 05:00:00,24.9,81,4.7,0.0,957.4
2016-07-09 06:00:00,24.8,82,4.7,2.0,957.9
2016-07-09 07:00:00,25.7,82,5.4,57.0,957.9
2016-07-09 08:00:00,27.9,69,6.6,160.0,958.5
2016-07-09 09:00:00,29.3,64,6.1,297.0,958.6
2016-07-09 10:00:00,31.1,58,4.4,521.0,958.5
2016-07-09 11:00:00,32.5,53,4.5,686.0,958.3
2016-07-09 12:00:00,33.6,50,4.0,693.0,958.1
2016-07-09 13:00:00,34.9,45,3.0,853.0,957.6
2016-07-09 14:00:00,35.4,43,2.5,708.0,957.2
2016-07-09 15:00:00,34.5,46,2.2,455.0,956.1
2016-07-09 16:00:00,34.5,46,3.3,312.0,955.4
2016-07-09 17:00:00,34.0,48,6.6,294.0,955.6
2016-07-09 18:00:00,32.6,55,7.2,223.0,956.5
2016-07-09 19:00:00,32.0,59,3.9,113.0,956.1
2016-07-09 20:00:00,31.3,61,4.1,15.0,957.1
2016-07-09 21:00:00,30.4,64,3.6,0.0,957.3
2016-07-09 22:00:00,29.6,67,3.8,0.0,957.4
2016-07-09 23:00:00,28.8,71,4.4,0.0,957.9
2016-07-10 00:00:00,28.1,74,5.8,0.0,957.8
2016-07-10 01:00:00,27.5,77,5.8,0.0,957.6
2016-07-10 02:00:00,26.9,80,6.2,0.0,957.7
2016-07-10 03:00:00,26.4,80,6.6,0.0,957.4
2016-07-10 04:00:00,26.0,82,6.4,0.0,957.6
2016-07-10 05:00:00,25.7,83,7.1,0.0,957.7
2016-07-10 06:00:00,25.5,84,6.6,2.0,957.9
2016-07-10 07:00:00,26.0,82,6.1,49.0,958.9
2016-07-10 08:00:00,26.8,79,7.4,152.0,959.3
2016-07-10 09:00:00,27.8,74,7.7,276.0,959.3
2016-07-10 10:00:00,29.0,69,7.6,398.0,959.5
2016-07-10 11:00:00,30.4,63,6.3,522.0,959.1
2016-07-10 12:00:00,31.7,58,5.6,622.0,959.0
2016-07-10 13:00:00,32.4,55,5.9,540.0,958.1
2016-07-10 14:00:00,33.3,52,5.4,625.0,957.5
2016-07-10 15:00:00,32.8,53,8.9,526.0,956.3
2016-07-10 16:00:00,32.5,54,4.3,401.0,956.4
2016-07-10 17:00:00,32.7,54,7.2,270.0,955.2
2016-07-10 18:00:00,32.2,55,8.6,193.0,956.8
2016-07-10 19:00:00,31.2,60,6.6,75.0,956.6
2016-07-10 20:00:00,30.5,63,7.5,27.0,957.4
2016-07-10 21:00:00,29.6,66,5.8,0.0,957.5
2016-07-10 22:00:00,29.0,68,5.1,0.0,958.1
2016-07-10 23:00:00,28.1,74,4.7,0.0,958.2
2016-07-11 00:00:00,27.5,75,5.0,0.0,958.2
2016-07-11 01:00:00,27.0,77,4.7,0.0,958.1
2016-07-11 02:00:00,26.6,79,4.3,0.0,957.9
2016-07-11 03:00:00,26.1,84,2.9,0.0,957.7
2016-07-11 04:00:00,25.6,87,1.5,0.0,957.9
2016-07-11 05:00:00,25.2,89,3.1,0.0,958.0
2016-07-11 06:00:00,25.0,88,4.8,1.0,958.6
2016-07-11 07:00:00,24.8,90,4.6,16.0,959.0
2016-07-11 08:00:00,24.8,90,3.7,44.0,958.9
2016-07-11 09:00:00,25.2,89,2.8,117.0,958.8
2016-07-11 10:00:00,26.0,84,2.9,244.0,958.5
2016-07-11 11:00:00,27.6,76,3.3,386.0,958.5
2016-07-11 12:00:00,29.2,68,3.4,521.0,958.5
2016-07-11 13:00:00,30.3,65,4.3,566.0,957.9
2016-07-11 14:00:00,31.0,63,6.1,628.0,957.4
2016-07-11 15:00:00,32.0,57,5.9,524.0,956.6
2016-07-11 16:00:00,32.2,55,8.2,463.0,956.2
2016-07-11 17:00:00,31.9,56,7.7,322.0,956.1
2016-07-11 18:00:00,31.2,59,6.5,138.0,956.6
2016-07-11 19:00:00,30.9,60,4.7,51.0,958.0
2016-07-11 20:00:00,28.9,69,5.4,16.0,958.5
2016-07-11 21:00:00,27.0,83,5.5,0.0,958.8
2016-07-11 22:00:00,26.1,90,5.5,0.0,959.6
2016-07-11 23:00:00,25.7,90,7.1,0.0,959.9
2016-07-12 00:00:00,25.3,90,6.4,0.0,959.9
2016-07-12 01:00:00,25.0,92,6.9,0.0,959.6
2016-07-12 02:00:00,24.6,92,7.4,0.0,959.6
2016-07-12 03:00:00,24.4,91,8.0,0.0,959.4
2016-07-12 04:00:00,24.0,91,10.8,0.0,959.8
2016-07-12 05:00:00,23.7,88,11.6,0.0,960.2
2016-07-12 06:00:00,23.6,85,7.0,0.0,960.2
2016-07-12 07:00:00,23.8,83,6.9,14.0,961.0
2016-07-12 08:00:00,24.5,80,7.7,71.0,961.6
2016-07-12 09:00:00,25.9,73,8.0,209.0,961.9
2016-07-12 10:00:00,27.2,65,10.5,356.0,962.2
2016-07-12 11:00:00,28.5,58,10.6,547.0,962.3
2016-07-12 12:00:00,29.5,54,10.2,680.0,962.0
2016-07-12 13:00:00,30.4,51,11.3,762.0,962.0
2016-07-12 14:00:00,31.0,49,11.5,775.0,961.1
2016-07-12 15:00:00,29.5,54,11.8,571.0,960.0
2016-07-12 16:00:00,30.2,51,11.1,651.0,959.7
2016-07-12 17:00:00,30.3,50,9.7,488.0,959.0
2016-07-12 18:00:00,30.0,51,8.0,317.0,959.5
2016-07-12 19:00:00,29.3,54,6.5,164.0,959.5
2016-07-12 20:00:00,28.2,57,6.2,32.0,959.5
2016-07-12 21:00:00,26.9,63,5.8,0.0,959.9
2016-07-12 22:00:00,25.8,69,5.9,0.0,959.8
2016-07-12 23:00:00,25.9,64,4.3,0.0,959.7
2016-07-13 00:00:00,25.5,65,1.8,0.0,959.5
2016-07-13 01:00:00,24.7,68,1.9,0.0,959.2
2016-07-13 02:00:00,23.9,71,2.6,0.0,959.2
2016-07-13 03:00:00,23.6,72,3.2,0.0,958.6
2016-07-13 04:00:00,23.4,73,3.4,0.0,958.8
2016-07-13 05:00:00,23.5,72,2.4,0.0,958.9
2016-07-13 06:00:00,23.4,74,3.7,1.0,959.6
2016-07-13 07:00:00,24.1,78,2.6,55.0,960.1
2016-07-13 08:00:00,26.6,64,2.2,176.0,960.9
2016-07-13 09:00:00,28.3,53,2.7,326.0,961.2
2016-07-13 10:00:00,29.1,50,4.7,439.0,961.5
2016-07-13 11:00:00,29.5,49,4.6,450.0,962.0
2016-07-13 12:00:00,29.9,49,5.3,427.0,962.4
2016-07-13 13:00:00,31.0,46,2.5,621.0,962.5
2016-07-13 14:00:00,31.5,44,4.9,607.0,962.7
2016-07-13 15:00:00,26.2,66,6.6,170.0,961.4
2016-07-13 16:00:00,25.6,66,6.8,131.0,961.1
2016-07-13 17:00:00,25.0,70,7.0,57.0,960.9
2016-07-13 18:00:00,24.7,72,9.1,117.0,961.9
2016-07-13 19:00:00,24.0,74,6.9,37.0,961.6
2016-07-13 20:00:00,22.8,82,6.3,5.0,962.7
2016-07-13 21:00:00,21.9,87,7.6,0.0,963.8
2016-07-13 22:00:00,21.4,88,9.2,0.0,964.6
2016-07-13 23:00:00,21.1,89,9.6,0.0,964.5
2016-07-14 00:00:00,21.0,90,8.3,0.0,964.6
2016-07-14 01:00:00,20.8,91,6.7,0.0,964.0
2016-07-14 02:00:00,20.7,91,5.7,0.0,963.7
2016-07-14 03:00:00,20.3,89,5.4,0.0,963.1
2016-07-14 04:00:00,20.2,89,5.4,0.0,963.0
2016-07-14 05:00:00,20.2,90,5.4,0.0,963.0
2016-07-14 06:00:00,20.3,90,5.1,0.0,964.7
2016-07-14 07:00:00,20.3,90,6.8,5.0,964.8
2016-07-14 08:00:00,20.5,89,7.9,20.0,965.5
2016-07-14 09:00:00,20.7,91,8.5,35.0,965.8
2016-07-14 10:00:00,20.8,90,7.9,44.0,965.6
2016-07-14 11:00:00,21.1,89,8.7,80.0,965.8
2016-07-14 12:00:00,21.3,89,9.3,93.0,965.8
2016-07-14 13:00:00,21.6,88,9.8,154.0,965.3
2016-07-14 14:00:00,21.8,87,8.4,193.0,964.7
2016-07-14 15:00:00,20.7,86,6.8,97.0,964.0
2016-07-14 16:00:00,20.6,84,6.8,92.0,963.4
2016-07-14 17:00:00,20.9,81,5.3,97.0,963.0
2016-07-14 18:00:00,20.8,83,4.5,57.0,963.2
2016-07-14 19:00:00,20.7,83,2.9,31.0,962.6
2016-07-14 20:00:00,20.6,82,3.0,7.0,962.9
2016-07-14 21:00:00,20.1,83,3.6,0.0,963.2
2016-07-14 22:00:00,19.6,84,3.9,0.0,963.2
2016-07-14 23:00:00,19.8,81,3.5,0.0,963.0
2016-07-15 00:00:00,20.1,78,3.3,0.0,962.6
2016-07-15 01:00:00,19.4,80,1.3,0.0,962.1
2016-07-15 02:00:00,18.4,83,1.6,0.0,961.2
2016-07-15 03:00:00,16.1,92,2.8,0.0,960.3
2016-07-15 04:00:00,15.4,94,3.2,0.0,959.2
2016-07-15 05:00:00,15.2,93,2.9,0.0,959.1
2016-07-15 06:00:00,14.9,93,3.2,1.0,959.8
2016-07-15 07:00:00,16.5,91,3.1,80.0,959.1
2016-07-15 08:00:00,20.6,81,2.0,263.0,960.0
2016-07-15 09:00:00,23.6,65,2.2,470.0,960.2
2016-07-15 10:00:00,25.4,57,4.4,662.0,960.5
2016-07-15 11:00:00,27.0,53,4.3,814.0,960.3
2016-07-15 12:00:00,28.4,50,4.2,922.0,959.7
2016-07-15 13:00:00,29.5,47,3.9,972.0,958.8
2016-07-15 14:00:00,30.4,45,4.3,961.0,957.7
2016-07-15 15:00:00,30.7,45,4.9,888.0,957.1
2016-07-15 16:00:00,31.1,44,5.4,763.0,956.3
2016-07-15 17:00:00,31.0,45,5.6,588.0,955.6
2016-07-15 18:00:00,30.5,49,3.0,388.0,956.5
2016-07-15 19:00:00,29.1,65,4.4,193.0,955.3
2016-07-15 20:00:00,27.1,67,3.6,37.0,955.8
2016-07-15 21:00:00,26.4,63,2.9,0.0,956.5
2016-07-15 22:00:00,25.2,66,2.3,0.0,956.3
2016-07-15 23:00:00,23.7,72,1.6,0.0,956.6
2016-07-16 00:00:00,22.1,80,1.8,0.0,956.7
2016-07-16 01:00:00,21.4,83,2.0,0.0,957.1
2016-07-16 02:00:00,21.0,84,1.1,0.0,956.9
2016-07-16 03:00:00,21.4,83,1.0,0.0,957.2
2016-07-16 04:00:00,21.1,84,2.3,0.0,957.4
2016-07-16 05:00:00,20.9,85,2.5,0.0,958.0
2016-07-16 06:00:00,20.8,85,3.6,1.0,959.3
2016-07-16 07:00:00,21.7,85,4.0,69.0,959.2
2016-07-16 08:00:00,24.9,75,5.1,208.0,960.1
2016-07-16 09:00:00,26.3,66,5.1,335.0,960.5
2016-07-16 10:00:00,28.2,57,6.9,585.0,960.9
2016-07-16 11:00:00,29.4,54,6.8,731.0,961.1
2016-07-16 12:00:00,30.4,52,7.2,889.0,960.9
2016-07-16 13:00:00,31.2,49,7.6,925.0,961.0
2016-07-16 14:00:00,31.7,47,6.5,920.0,960.4
2016-07-16 15:00:00,31.9,45,4.7,865.0,960.4
2016-07-16 16:00:00,31.4,45,2.2,748.0,959.9
2016-07-16 17:00:00,31.0,47,0.4,580.0,959.4
2016-07-16 18:00:00,30.0,54,0.4,360.0,959.3
2016-07-16 19:00:00,28.7,61,3.2,180.0,959.1
2016-07-16 20:00:00,26.9,68,6.6,33.0,959.1
2016-07-16 21:00:00,25.1,73,8.4,0.0,959.4
2016-07-16 22:00:00,24.5,70,5.2,0.0,960.1
2016-07-16 23:00:00,24.3,68,3.2,0.0,960.7
2016-07-17 00:00:00,23.4,70,2.6,0.0,960.9
2016-07-17 01:00:00,21.7,77,2.1,0.0,960.3
2016-07-17 02:00:00,20.4,83,2.4,0.0,960.0
2016-07-17 03:00:00,19.7,83,2.4,0.0,959.7
2016-07-17 04:00:00,19.5,84,2.1,0.0,960.0
2016-07-17 05:00:00,19.1,84,2.1,0.0,960.0
2016-07-17 06:00:00,19.0,84,2.4,1.0,960.7
2016-07-17 07:00:00,20.4,81,2.7,78.0,961.4
2016-07-17 08:00:00,23.9,74,2.2,246.0,962.3
2016-07-17 09:00:00,26.8,59,1.6,434.0,962.5
2016-07-17 10:00:00,28.4,53,3.9,613.0,962.7
2016-07-17 11:00:00,29.7,50,5.6,734.0,962.4
2016-07-17 12:00:00,30.9,46,6.4,830.0,961.8
2016-07-17 13:00:00,31.6,45,7.6,761.0,960.7
2016-07-17 14:00:00,32.2,43,8.4,770.0,960.2
2016-07-17 15:00:00,32.9,38,9.4,743.0,959.1
2016-07-17 16:00:00,32.9,38,8.9,602.0,958.8
2016-07-17 17:00:00,32.4,41,6.9,439.0,958.2
2016-07-17 18:00:00,31.4,49,4.6,266.0,959.2
2016-07-17 19:00:00,30.0,51,8.2,114.0,958.4
2016-07-17 20:00:00,28.7,51,9.3,20.0,958.3
2016-07-17 21:00:00,27.3,57,7.3,0.0,958.2
2016-07-17 22:00:00,26.0,62,4.6,0.0,958.6
2016-07-17 23:00:00,25.2,66,4.7,0.0,959.0
2016-07-18 00:00:00,24.6,70,5.5,0.0,958.9
2016-07-18 01:00:00,24.3,72,6.2,0.0,958.6
2016-07-18 02:00:00,24.0,74,6.6,0.0,958.0
2016-07-18 03:00:00,23.9,75,6.5,0.0,957.7
2016-07-18 04:00:00,23.8,76,6.8,0.0,957.7
2016-07-18 05:00:00,23.6,78,6.8,0.0,957.8
2016-07-18 06:00:00,23.7,80,8.3,1.0,958.8
2016-07-18 07:00:00,24.2,79,10.2,35.0,958.6
2016-07-18 08:00:00,25.3,77,11.0,119.0,958.3
2016-07-18 09:00:00,26.6,73,11.7,252.0,958.2
2016-07-18 10:00:00,27.6,69,13.6,360.0,958.0
2016-07-18 11:00:00,28.4,65,14.7,369.0,957.7
2016-07-18 12:00:00,28.8,64,13.8,312.0,957.2
2016-07-18 13:00:00,29.1,62,13.0,298.0,956.7
2016-07-18 14:00:00,29.4,61,12.5,306.0,956.5
2016-07-18 15:00:00,29.8,57,13.2,365.0,955.8
2016-07-18 16:00:00,28.4,66,11.9,309.0,956.0
2016-07-18 17:00:00,27.2,75,10.6,240.0,955.5
2016-07-18 18:00:00,25.9,84,11.8,107.0,957.0
2016-07-18 19:00:00,25.1,86,11.8,74.0,955.9
2016-07-18 20:00:00,24.3,88,9.6,12.0,956.9
2016-07-18 21:00:00,24.0,90,9.3,0.0,957.2
2016-07-18 22:00:00,23.8,90,8.8,0.0,956.8
2016-07-18 23:00:00,23.7,90,8.0,0.0,956.9
2016-07-19 00:00:00,23.5,91,6.7,0.0,957.0
2016-07-19 01:00:00,23.4,91,4.2,0.0,956.3
2016-07-19 02:00:00,23.2,92,0.8,0.0,955.4
2016-07-19 03:00:00,22.9,95,1.9,0.0,955.2
2016-07-19 04:00:00,23.0,95,3.7,0.0,954.9
2016-07-19 05:00:00,22.9,96,5.1,0.0,955.5
2016-07-19 06:00:00,22.8,96,3.6,0.0,956.5
2016-07-19 07:00:00,22.9,93,6.9,9.0,956.8
2016-07-19 08:00:00,23.5,87,10.1,75.0,957.1
2016-07-19 09:00:00,24.8,80,10.8,205.0,957.2
2016-07-19 10:00:00,26.5,71,11.3,411.0,957.3
2016-07-19 11:00:00,27.6,67,11.2,568.0,957.9
2016-07-19 12:00:00,28.4,64,11.3,622.0,957.7
2016-07-19 13:00:00,29.2,61,9.9,639.0,957.4
2016-07-19 14:00:00,29.7,59,7.9,591.0,956.7
2016-07-19 15:00:00,29.5,60,6.2,756.0,956.2
2016-07-19 16:00:00,29.5,58,5.6,540.0,955.9
2016-07-19 17:00:00,29.2,59,5.4,466.0,955.6
2016-07-19 18:00:00,27.7,66,2.9,317.0,956.7
2016-07-19 19:00:00,26.9,71,2.2,131.0,957.1
2016-07-19 20:00:00,25.8,75,3.9,26.0,957.4
2016-07-19 21:00:00,24.6,81,5.1,0.0,958.0
2016-07-19 22:00:00,23.8,85,5.9,0.0,958.1
2016-07-19 23:00:00,23.1,87,5.6,0.0,957.8
2016-07-20 00:00:00,23.8,81,5.1,0.0,957.7
2016-07-20 01:00:00,23.7,82,5.9,0.0,957.4
2016-07-20 02:00:00,22.7,87,6.4,0.0,957.0
2016-07-20 03:00:00,21.0,90,5.6,0.0,956.6
2016-07-20 04:00:00,20.5,90,5.6,0.0,956.4
2016-07-20 05:00:00,20.4,89,5.9,0.0,956.5
2016-07-20 06:00:00,20.8,86,7.4,1.0,957.1
2016-07-20 07:00:00,21.2,87,3.6,62.0,957.2
2016-07-20 08:00:00,23.7,79,4.5,215.0,957.5
2016-07-20 09:00:00,25.1,71,6.4,392.0,957.4
2016-07-20 10:00:00,26.3,67,9.4,562.0,957.9
2016-07-20 11:00:00,27.3,61,11.6,677.0,957.6
2016-07-20 12:00:00,28.0,57,11.9,853.0,957.8
2016-07-20 13:00:00,28.5,55,9.4,805.0,957.3
2016-07-20 14:00:00,28.9,53,5.1,786.0,957.0
2016-07-20 15:00:00,29.2,51,2.6,693.0,956.6
2016-07-20 16:00:00,29.3,50,1.6,619.0,956.6
2016-07-20 17:00:00,29.3,50,1.6,528.0,956.5
2016-07-20 18:00:00,29.0,52,1.1,344.0,956.3
2016-07-20 19:00:00,28.0,59,2.5,162.0,954.9
2016-07-20 20:00:00,26.4,65,7.1,31.0,955.4
2016-07-20 21:00:00,24.8,73,7.7,0.0,955.7
2016-07-20 22:00:00,25.6,64,6.4,0.0,956.2
2016-07-20 23:00:00,24.7,67,2.6,0.0,955.9
2016-07-21 00:00:00,23.3,73,1.3,0.0,955.9
2016-07-21 01:00:00,21.9,80,2.0,0.0,955.7
2016-07-21 02:00:00,20.8,85,2.3,0.0,955.9
2016-07-21 03:00:00,20.5,87,2.1,0.0,956.0
2016-07-21 04:00:00,20.3,88,2.4,0.0,956.2
2016-07-21 05:00:00,20.1,89,2.7,0.0,956.2
2016-07-21 06:00:00,19.8,89,1.5,1.0,956.9
2016-07-21 07:00:00,20.7,88,3.4,69.0,957.2
2016-07-21 08:00:00,24.5,77,2.9,239.0,958.0
2016-07-21 09:00:00,27.0,65,0.8,440.0,958.3
2016-07-21 10:00:00,28.5,61,1.5,625.0,958.6
2016-07-21 11:00:00,29.7,58,2.3,766.0,958.6
2016-07-21 12:00:00,30.8,55,2.9,851.0,958.4
2016-07-21 13:00:00,31.6,52,2.9,893.0,958.0
2016-07-21 14:00:00,32.2,50,2.9,895.0,957.9
2016-07-21 15:00:00,32.8,46,2.3,792.0,957.8
2016-07-21 16:00:00,32.4,47,2.1,588.0,957.5
2016-07-21 17:00:00,32.0,50,2.2,402.0,956.9
2016-07-21 18:00:00,31.5,55,1.0,303.0,957.4
2016-07-21 19:00:00,30.3,70,2.8,153.0,956.1
2016-07-21 20:00:00,30.0,61,3.4,28.0,957.0
2016-07-21 21:00:00,28.9,65,2.9,0.0,957.3
2016-07-21 22:00:00,27.2,71,1.1,0.0,957.6
2016-07-21 23:00:00,25.8,76,1.6,0.0,957.8
2016-07-22 00:00:00,24.8,80,1.8,0.0,957.9
2016-07-22 01:00:00,24.3,81,2.3,0.0,957.7
2016-07-22 02:00:00,23.8,83,2.7,0.0,958.1
2016-07-22 03:00:00,24.7,79,3.0,0.0,958.2
2016-07-22 04:00:00,24.8,79,3.3,0.0,958.5
2016-07-22 05:00:00,24.4,82,3.6,0.0,958.8
2016-07-22 06:00:00,23.5,87,3.6,0.0,959.7
2016-07-22 07:00:00,24.0,88,3.0,39.0,960.0
2016-07-22 08:00:00,26.8,76,4.3,160.0,960.6
2016-07-22 09:00:00,28.2,68,3.9,330.0,961.1
2016-07-22 10:00:00,29.2,64,5.8,496.0,961.4
2016-07-22 11:00:00,30.0,62,6.5,594.0,961.3
2016-07-22 12:00:00,30.8,59,5.9,693.0,961.2
2016-07-22 13:00:00,31.4,58,6.6,729.0,960.9
2016-07-22 14:00:00,31.7,57,6.6,662.0,961.0
2016-07-22 15:00:00,30.2,57,6.2,505.0,960.2
2016-07-22 16:00:00,30.1,55,8.0,491.0,960.0
2016-07-22 17:00:00,29.5,57,8.3,360.0,959.8
2016-07-22 18:00:00,28.8,59,7.7,278.0,960.1
2016-07-22 19:00:00,27.6,63,7.3,109.0,960.3
2016-07-22 20:00:00,26.6,66,7.0,18.0,960.5
2016-07-22 21:00:00,26.0,70,4.7,0.0,960.6
2016-07-22 22:00:00,25.2,80,4.0,0.0,960.5
2016-07-22 23:00:00,24.6,81,3.7,0.0,960.0
2016-07-23 00:00:00,23.8,85,3.8,0.0,959.5
2016-07-23 01:00:00,24.5,79,2.2,0.0,959.2
2016-07-23 02:00:00,24.8,77,1.8,0.0,959.2
2016-07-23 03:00:00,25.2,77,1.3,0.0,958.9
2016-07-23 04:00:00,24.9,78,0.4,0.0,959.0
2016-07-23 05:00:00,24.8,78,0.4,0.0,959.6
2016-07-23 06:00:00,24.7,79,3.3,0.0,960.5
2016-07-23 07:00:00,24.8,80,3.0,49.0,961.0
2016-07-23 08:00:00,26.0,77,1.5,165.0,960.9
2016-07-23 09:00:00,27.6,70,1.6,383.0,960.7
2016-07-23 10:00:00,28.8,66,3.9,559.0,960.3
2016-07-23 11:00:00,30.0,63,4.2,689.0,960.5
2016-07-23 12:00:00,31.1,61,5.2,811.0,959.8
2016-07-23 13:00:00,32.1,59,6.3,859.0,959.2
2016-07-23 14:00:00,33.2,56,7.1,841.0,958.4
2016-07-23 15:00:00,32.7,58,8.0,625.0,957.7
2016-07-23 16:00:00,32.4,59,8.6,494.0,957.3
2016-07-23 17:00:00,32.3,61,8.9,430.0,956.7
2016-07-23 18:00:00,32.1,63,5.3,269.0,956.8
2016-07-23 19:00:00,31.5,67,3.6,136.0,956.9
2016-07-23 20:00:00,30.2,76,4.3,25.0,957.4
2016-07-23 21:00:00,28.7,78,2.5,0.0,957.5
2016-07-23 22:00:00,28.0,79,0.5,0.0,958.2
2016-07-23 23:00:00,26.7,84,0.8,0.0,958.0
2016-07-24 00:00:00,26.6,83,1.8,0.0,958.4
2016-07-24 01:00:00,26.1,85,3.9,0.0,958.3
2016-07-24 02:00:00,25.7,87,4.3,0.0,958.1
2016-07-24 03:00:00,25.1,88,4.3,0.0,957.9
2016-07-24 04:00:00,25.3,87,3.8,0.0,958.1
2016-07-24 05:00:00,25.2,87,3.6,0.0,958.2
2016-07-24 06:00:00,25.0,87,3.3,0.0,958.6
2016-07-24 07:00:00,25.0,90,4.9,51.0,958.6
2016-07-24 08:00:00,27.5,80,3.2,199.0,959.1
2016-07-24 09:00:00,29.1,70,2.4,380.0,959.3
2016-07-24 10:00:00,30.6,63,3.1,557.0,959.6
2016-07-24 11:00:00,31.7,59,2.1,682.0,959.9
2016-07-24 12:00:00,32.4,57,1.1,711.0,959.5
2016-07-24 13:00:00,33.1,55,0.7,828.0,959.4
2016-07-24 14:00:00,33.6,54,0.0,798.0,958.7
2016-07-24 15:00:00,33.4,56,1.1,667.0,958.1
2016-07-24 16:00:00,33.2,58,1.5,553.0,957.5
2016-07-24 17:00:00,33.1,59,2.2,445.0,958.1
2016-07-24 18:00:00,32.6,62,4.2,281.0,958.1
2016-07-24 19:00:00,31.5,69,4.7,112.0,959.1
2016-07-24 20:00:00,29.6,76,4.7,23.0,960.1
2016-07-24 21:00:00,27.7,85,4.3,0.0,960.9
2016-07-24 22:00:00,26.7,88,7.3,0.0,961.7
2016-07-24 23:00:00,25.9,88,8.5,0.0,962.4
2016-07-25 00:00:00,25.2,87,9.0,0.0,963.2
2016-07-25 01:00:00,25.3,85,8.7,0.0,964.0
2016-07-25 02:00:00,25.1,83,8.4,0.0,963.8
2016-07-25 03:00:00,24.4,93,7.3,0.0,963.6
2016-07-25 04:00:00,24.2,92,6.5,0.0,963.7
2016-07-25 05:00:00,24.0,91,6.5,0.0,963.7
2016-07-25 06:00:00,24.0,88,5.3,0.0,964.8
2016-07-25 07:00:00,24.1,86,7.1,34.0,965.0
2016-07-25 08:00:00,24.8,79,7.6,120.0,965.5
2016-07-25 09:00:00,25.8,71,7.6,252.0,965.6
2016-07-25 10:00:00,27.0,62,8.3,431.0,965.5
2016-07-25 11:00:00,28.2,56,7.2,600.0,965.8
2016-07-25 12:00:00,29.0,53,5.9,635.0,965.5
2016-07-25 13:00:00,29.9,50,4.7,747.0,965.1
2016-07-25 14:00:00,30.3,49,3.2,662.0,964.5
2016-07-25 15:00:00,30.2,50,3.3,585.0,964.3
2016-07-25 16:00:00,30.4,49,2.5,492.0,963.9
2016-07-25 17:00:00,29.8,52,4.1,279.0,963.6
2016-07-25 18:00:00,29.2,54,6.7,229.0,963.8
2016-07-25 19:00:00,28.4,59,6.0,104.0,963.4
2016-07-25 20:00:00,27.4,65,4.6,18.0,963.5
2016-07-25 21:00:00,26.3,77,5.6,0.0,964.0
2016-07-25 22:00:00,25.5,78,4.4,0.0,964.4
2016-07-25 23:00:00,25.3,76,3.7,0.0,964.2
2016-07-26 00:00:00,24.8,78,2.9,0.0,963.8
2016-07-26 01:00:00,24.6,79,1.8,0.0,963.5
2016-07-26 02:00:00,24.3,80,1.6,0.0,963.3
2016-07-26 03:00:00,24.2,79,1.8,0.0,963.2
2016-07-26 04:00:00,24.0,80,1.6,0.0,963.5
2016-07-26 05:00:00,23.7,81,1.9,0.0,963.4
2016-07-26 06:00:00,23.8,81,1.9,0.0,964.3
2016-07-26 07:00:00,24.4,79,1.1,41.0,964.3
2016-07-26 08:00:00,26.5,74,1.3,165.0,964.4
2016-07-26 09:00:00,27.8,67,1.8,288.0,964.6
2016-07-26 10:00:00,29.0,62,4.4,464.0,964.6
2016-07-26 11:00:00,29.8,57,4.8,547.0,964.9
2016-07-26 12:00:00,30.2,55,5.3,536.0,964.4
2016-07-26 13:00:00,30.8,53,7.7,620.0,964.1
2016-07-26 14:00:00,31.6,50,7.2,748.0,964.3
2016-07-26 15:00:00,28.3,61,11.8,270.0,963.7
2016-07-26 16:00:00,27.8,63,10.3,249.0,963.9
2016-07-26 17:00:00,27.7,62,10.8,273.0,963.6
2016-07-26 18:00:00,27.1,64,11.5,141.0,965.3
2016-07-26 19:00:00,26.4,66,5.0,63.0,964.9
2016-07-26 20:00:00,25.7,67,7.4,13.0,964.6
2016-07-26 21:00:00,25.4,66,8.0,0.0,965.0
2016-07-26 22:00:00,25.1,67,7.4,0.0,965.2
2016-07-26 23:00:00,24.9,67,7.6,0.0,965.6
2016-07-27 00:00:00,24.5,67,7.7,0.0,965.6
2016-07-27 01:00:00,24.1,68,6.9,0.0,965.3
2016-07-27 02:00:00,23.9,70,6.8,0.0,965.0
2016-07-27 03:00:00,22.6,79,5.6,0.0,964.3
2016-07-27 04:00:00,22.4,83,2.9,0.0,963.8
2016-07-27 05:00:00,22.4,85,3.7,0.0,963.6
2016-07-27 06:00:00,22.2,89,4.0,0.0,964.0
2016-07-27 07:00:00,22.5,88,3.3,31.0,964.4
2016-07-27 08:00:00,23.9,78,2.9,137.0,964.3
2016-07-27 09:00:00,25.1,70,2.9,308.0,964.4
2016-07-27 10:00:00,26.6,63,4.1,505.0,964.3
2016-07-27 11:00:00,28.3,56,4.1,707.0,964.4
2016-07-27 12:00:00,29.6,51,3.8,819.0,964.1
2016-07-27 13:00:00,30.7,48,3.4,892.0,963.2
2016-07-27 14:00:00,31.4,46,2.8,841.0,962.7
2016-07-27 15:00:00,32.5,41,1.8,840.0,961.8
2016-07-27 16:00:00,32.7,40,1.1,692.0,961.5
2016-07-27 17:00:00,32.6,41,0.8,557.0,961.0
2016-07-27 18:00:00,32.0,44,1.1,372.0,960.8
2016-07-27 19:00:00,30.4,58,2.7,175.0,959.4
2016-07-27 20:00:00,28.0,66,4.3,26.0,959.6
2016-07-27 21:00:00,27.0,65,4.6,0.0,960.4
2016-07-27 22:00:00,26.3,64,2.8,0.0,960.9
2016-07-27 23:00:00,24.9,69,2.4,0.0,960.7
2016-07-28 00:00:00,23.8,74,2.9,0.0,960.6
2016-07-28 01:00:00,22.9,78,3.5,0.0,960.6
2016-07-28 02:00:00,22.2,81,4.2,0.0,960.2
2016-07-28 03:00:00,22.2,81,4.1,0.0,959.7
2016-07-28 04:00:00,22.0,82,4.1,0.0,959.3
2016-07-28 05:00:00,21.6,83,3.8,0.0,959.5
2016-07-28 06:00:00,21.2,85,3.9,0.0,960.6
2016-07-28 07:00:00,21.9,84,5.2,60.0,960.8
2016-07-28 08:00:00,25.9,72,4.5,230.0,961.4
2016-07-28 09:00:00,28.9,61,2.5,430.0,961.7
2016-07-28 10:00:00,30.7,55,1.1,623.0,961.6
2016-07-28 11:00:00,32.2,51,0.4,781.0,961.8
2016-07-28 12:00:00,33.4,47,0.5,891.0,961.1
2016-07-28 13:00:00,34.3,43,1.3,944.0,960.5
2016-07-28 14:00:00,34.9,40,1.4,919.0,960.0
2016-07-28 15:00:00,35.5,38,2.3,839.0,959.3
2016-07-28 16:00:00,35.5,38,2.1,708.0,958.9
2016-07-28 17:00:00,35.2,38,4.4,527.0,958.2
2016-07-28 18:00:00,34.2,47,4.7,247.0,958.2
2016-07-28 19:00:00,32.4,55,6.7,137.0,957.9
2016-07-28 20:00:00,30.5,61,5.5,22.0,958.6
2016-07-28 21:00:00,28.4,71,5.1,0.0,958.7
2016-07-28 22:00:00,27.5,70,3.0,0.0,959.4
2016-07-28 23:00:00,26.4,73,4.5,0.0,959.4
2016-07-29 00:00:00,25.8,74,4.7,0.0,959.5
2016-07-29 01:00:00,25.5,75,4.5,0.0,959.7
2016-07-29 02:00:00,24.9,76,4.5,0.0,959.0
2016-07-29 03:00:00,24.1,77,4.8,0.0,959.2
2016-07-29 04:00:00,24.0,76,4.4,0.0,959.2
2016-07-29 05:00:00,23.6,77,4.4,0.0,959.3
2016-07-29 06:00:00,23.2,79,4.0,0.0,960.1
2016-07-29 07:00:00,23.5,81,5.2,58.0,960.2
2016-07-29 08:00:00,26.9,71,4.7,222.0,961.3
2016-07-29 09:00:00,29.2,60,2.5,418.0,961.9
2016-07-29 10:00:00,30.9,54,0.8,606.0,962.3
2016-07-29 11:00:00,32.2,50,0.7,762.0,962.0
2016-07-29 12:00:00,33.2,47,1.5,864.0,961.6
2016-07-29 13:00:00,34.1,44,1.8,889.0,961.1
2016-07-29 14:00:00,34.8,42,2.3,903.0,960.6
2016-07-29 15:00:00,35.2,41,2.4,804.0,959.9
2016-07-29 16:00:00,35.1,42,1.1,629.0,959.5
2016-07-29 17:00:00,34.7,43,3.8,410.0,959.1
2016-07-29 18:00:00,33.8,49,4.3,286.0,958.9
2016-07-29 19:00:00,32.5,61,5.9,132.0,958.8
2016-07-29 20:00:00,30.8,68,7.4,20.0,959.1
2016-07-29 21:00:00,29.4,69,6.4,0.0,959.4
2016-07-29 22:00:00,29.0,67,4.8,0.0,960.0
2016-07-29 23:00:00,27.7,71,4.7,0.0,960.3
2016-07-30 00:00:00,26.7,74,5.4,0.0,960.5
2016-07-30 01:00:00,26.0,77,5.4,0.0,960.4
2016-07-30 02:00:00,25.6,78,5.5,0.0,960.1
2016-07-30 03:00:00,24.9,76,5.0,0.0,960.2
2016-07-30 04:00:00,24.6,77,4.5,0.0,960.1
2016-07-30 05:00:00,24.5,77,4.3,0.0,960.4
2016-07-30 06:00:00,24.3,78,4.2,0.0,961.3
2016-07-30 07:00:00,24.5,80,4.3,47.0,961.7
2016-07-30 08:00:00,26.8,71,4.0,151.0,962.3
2016-07-30 09:00:00,28.8,65,2.3,281.0,963.0
2016-07-30 10:00:00,30.3,57,1.9,386.0,963.1
2016-07-30 11:00:00,31.7,50,2.5,552.0,963.4
2016-07-30 12:00:00,32.6,47,3.4,638.0,963.4
2016-07-30 13:00:00,33.1,45,3.3,634.0,962.9
2016-07-30 14:00:00,33.2,45,6.2,583.0,962.8
2016-07-30 15:00:00,31.3,52,6.4,513.0,962.0
2016-07-30 16:00:00,31.8,51,4.3,498.0,961.6
2016-07-30 17:00:00,31.2,54,5.1,298.0,960.9
2016-07-30 18:00:00,31.2,53,7.1,296.0,962.6
2016-07-30 19:00:00,30.5,56,8.4,130.0,962.2
2016-07-30 20:00:00,29.2,65,3.5,17.0,962.6
2016-07-30 21:00:00,28.4,67,2.2,0.0,962.5
2016-07-30 22:00:00,27.3,72,1.3,0.0,962.6
2016-07-30 23:00:00,26.0,77,2.9,0.0,962.7
2016-07-31 00:00:00,25.1,82,3.9,0.0,962.9
2016-07-31 01:00:00,24.6,84,3.8,0.0,962.6
2016-07-31 02:00:00,24.1,86,3.1,0.0,962.4
2016-07-31 03:00:00,25.0,80,2.9,0.0,962.4
2016-07-31 04:00:00,24.3,84,2.6,0.0,962.7
2016-07-31 05:00:00,23.7,86,2.3,0.0,962.5
2016-07-31 06:00:00,24.4,83,3.3,0.0,964.4
2016-07-31 07:00:00,24.5,84,2.2,35.0,964.3
2016-07-31 08:00:00,26.0,78,2.9,132.0,964.6
2016-07-31 09:00:00,27.6,70,2.2,322.0,965.1
2016-07-31 10:00:00,28.8,66,2.6,481.0,965.0
2016-07-31 11:00:00,29.9,62,3.9,588.0,965.3
2016-07-31 12:00:00,30.9,59,5.9,714.0,964.7
2016-07-31 13:00:00,31.2,58,5.8,715.0,963.9
2016-07-31 14:00:00,31.4,58,5.6,554.0,963.4
2016-07-31 15:00:00,31.7,54,6.9,502.0,962.5
2016-07-31 16:00:00,31.8,54,9.1,440.0,962.5
2016-07-31 17:00:00,31.5,56,5.0,279.0,961.3
2016-07-31 18:00:00,31.1,59,4.8,198.0,961.8
2016-07-31 19:00:00,30.5,62,7.8,100.0,962.8
2016-07-31 20:00:00,29.5,66,5.4,16.0,962.2
2016-07-31 21:00:00,28.5,73,3.3,0.0,962.5
2016-07-31 22:00:00,27.4,78,3.4,0.0,963.1
2016-07-31 23:00:00,26.5,81,2.4,0.0,963.1
2016-08-01 00:00:00,25.6,84,2.3,0.0,962.8
2016-08-01 01:00:00,25.1,86,2.3,0.0,963.1
2016-08-01 02:00:00,25.0,85,2.3,0.0,962.7
2016-08-01 03:00:00,26.5,76,1.5,0.0,962.6
2016-08-01 04:00:00,26.3,77,2.4,0.0,962.6
2016-08-01 05:00:00,26.0,79,2.1,0.0,962.6
2016-08-01 06:00:00,25.8,79,1.3,0.0,963.6
2016-08-01 07:00:00,25.9,80,2.0,30.0,963.9
2016-08-01 08:00:00,27.1,76,0.7,153.0,964.7
2016-08-01 09:00:00,28.4,71,2.1,307.0,964.5
2016-08-01 10:00:00,29.5,67,3.1,437.0,964.8
2016-08-01 11:00:00,30.5,64,2.4,596.0,964.8
2016-08-01 12:00:00,31.4,61,2.8,613.0,964.4
2016-08-01 13:00:00,32.2,58,3.6,687.0,963.5
2016-08-01 14:00:00,32.3,57,2.9,485.0,962.9
2016-08-01 15:00:00,32.7,54,5.0,561.0,961.7
2016-08-01 16:00:00,33.1,52,6.7,514.0,961.2
2016-08-01 17:00:00,32.4,55,7.1,378.0,960.3
2016-08-01 18:00:00,31.5,59,6.0,230.0,961.0
2016-08-01 19:00:00,30.5,63,5.3,73.0,961.0
2016-08-01 20:00:00,29.6,66,7.4,17.0,961.8
2016-08-01 21:00:00,28.9,69,6.2,0.0,962.3
2016-08-01 22:00:00,27.8,75,4.1,0.0,962.8
2016-08-01 23:00:00,26.9,78,4.0,0.0,962.9
2016-08-02 00:00:00,26.1,81,5.3,0.0,963.0
2016-08-02 01:00:00,25.3,84,6.8,0.0,962.9
2016-08-02 02:00:00,24.8,86,5.3,0.0,962.5
2016-08-02 03:00:00,24.4,85,4.7,0.0,962.1
2016-08-02 04:00:00,24.0,86,4.9,0.0,962.2
2016-08-02 05:00:00,23.6,87,4.8,0.0,962.2
2016-08-02 06:00:00,23.4,88,4.8,0.0,963.6
2016-08-02 07:00:00,24.1,87,4.4,39.0,964.0
2016-08-02 08:00:00,26.5,75,5.4,155.0,964.5
2016-08-02 09:00:00,28.2,67,6.4,335.0,965.0
2016-08-02 10:00:00,29.8,60,6.7,490.0,964.7
2016-08-02 11:00:00,31.3,55,7.3,686.0,964.9
2016-08-02 12:00:00,32.6,51,8.1,805.0,964.2
2016-08-02 13:00:00,33.5,48,8.8,809.0,963.8
2016-08-02 14:00:00,34.1,46,10.1,754.0,962.6
2016-08-02 15:00:00,34.0,47,10.2,670.0,961.8
2016-08-02 16:00:00,33.3,48,12.2,585.0,960.9
2016-08-02 17:00:00,32.0,54,12.9,464.0,961.3
2016-08-02 18:00:00,31.8,55,9.2,234.0,961.2
2016-08-02 19:00:00,31.2,57,10.0,93.0,961.7
2016-08-02 20:00:00,30.1,60,10.8,16.0,962.0
2016-08-02 21:00:00,29.1,63,8.3,0.0,962.8
2016-08-02 22:00:00,28.1,67,6.3,0.0,963.0
2016-08-02 23:00:00,27.1,70,5.5,0.0,963.2
2016-08-03 00:00:00,26.3,74,6.2,0.0,963.2
2016-08-03 01:00:00,25.6,77,6.2,0.0,963.4
2016-08-03 02:00:00,24.9,80,5.4,0.0,963.1
2016-08-03 03:00:00,24.1,83,5.0,0.0,962.9
2016-08-03 04:00:00,23.5,85,5.1,0.0,963.0
2016-08-03 05:00:00,23.2,86,4.7,0.0,963.4
2016-08-03 06:00:00,22.9,87,5.8,0.0,964.1
2016-08-03 07:00:00,23.6,86,5.6,45.0,964.6
2016-08-03 08:00:00,26.4,72,7.3,198.0,965.0
2016-08-03 09:00:00,28.0,65,8.9,378.0,965.5
2016-08-03 10:00:00,29.4,59,9.8,538.0,965.7
2016-08-03 11:00:00,30.5,55,10.0,642.0,965.7
2016-08-03 12:00:00,31.2,52,9.2,648.0,965.2
2016-08-03 13:00:00,32.4,49,10.2,798.0,964.8
2016-08-03 14:00:00,33.3,46,9.8,831.0,964.2
2016-08-03 15:00:00,32.8,48,8.2,687.0,963.5
2016-08-03 16:00:00,33.1,46,7.6,654.0,962.7
2016-08-03 17:00:00,31.8,50,8.4,468.0,961.8
2016-08-03 18:00:00,31.0,54,12.7,297.0,962.2
2016-08-03 19:00:00,29.7,58,8.3,117.0,962.4
2016-08-03 20:00:00,28.5,62,7.1,11.0,962.2
2016-08-03 21:00:00,27.4,66,6.0,0.0,962.7
2016-08-03 22:00:00,26.5,71,4.7,0.0,963.5
2016-08-03 23:00:00,25.5,75,5.6,0.0,964.1
2016-08-04 00:00:00,24.9,78,5.6,0.0,963.9
2016-08-04 01:00:00,24.3,80,5.6,0.0,963.9
2016-08-04 02:00:00,24.0,81,5.2,0.0,963.6
2016-08-04 03:00:00,23.8,81,4.8,0.0,963.7
2016-08-04 04:00:00,23.7,81,4.7,0.0,963.5
2016-08-04 05:00:00,23.5,81,4.3,0.0,963.8
2016-08-04 06:00:00,23.2,82,4.3,0.0,964.6
2016-08-04 07:00:00,23.8,82,4.3,40.0,964.6
2016-08-04 08:00:00,26.0,70,6.9,175.0,965.2
2016-08-04 09:00:00,27.1,65,8.2,338.0,965.4
2016-08-04 10:00:00,28.2,60,8.0,468.0,965.7
2016-08-04 11:00:00,29.5,56,8.0,625.0,965.9
2016-08-04 12:00:00,30.5,53,7.9,713.0,965.3
2016-08-04 13:00:00,30.9,51,8.2,659.0,965.1
2016-08-04 14:00:00,31.5,48,8.8,637.0,964.6
2016-08-04 15:00:00,31.8,48,8.2,719.0,963.7
2016-08-04 16:00:00,31.7,47,6.4,513.0,962.5
2016-08-04 17:00:00,31.5,47,10.4,374.0,962.3
2016-08-04 18:00:00,30.1,51,10.6,248.0,963.8
2016-08-04 19:00:00,29.0,55,7.5,92.0,962.9
2016-08-04 20:00:00,27.7,60,4.7,13.0,963.3
2016-08-04 21:00:00,26.7,65,3.6,0.0,964.4
2016-08-04 22:00:00,25.8,71,2.3,0.0,964.9
2016-08-04 23:00:00,24.9,77,3.0,0.0,965.0
2016-08-05 00:00:00,24.1,80,3.1,0.0,965.1
2016-08-05 01:00:00,23.4,82,2.6,0.0,964.6
2016-08-05 02:00:00,23.0,82,2.3,0.0,964.4
2016-08-05 03:00:00,23.1,80,2.2,0.0,964.3
2016-08-05 04:00:00,22.9,80,1.8,0.0,964.3
2016-08-05 05:00:00,23.0,79,1.6,0.0,964.7
2016-08-05 06:00:00,23.0,80,2.1,0.0,966.0
2016-08-05 07:00:00,23.2,80,1.4,37.0,965.9
2016-08-05 08:00:00,25.1,71,2.7,161.0,966.1
2016-08-05 09:00:00,26.5,65,4.7,351.0,966.5
2016-08-05 10:00:00,27.8,60,4.8,542.0,966.7
2016-08-05 11:00:00,28.9,56,4.3,655.0,966.8
2016-08-05 12:00:00,30.0,52,5.0,715.0,966.4
2016-08-05 13:00:00,30.6,49,5.2,720.0,965.7
2016-08-05 14:00:00,31.3,46,5.6,747.0,965.0
2016-08-05 15:00:00,30.6,48,5.9,572.0,964.0
2016-08-05 16:00:00,31.0,46,5.2,578.0,963.6
2016-08-05 17:00:00,29.7,50,5.1,349.0,962.4
2016-08-05 18:00:00,29.5,50,4.0,216.0,963.7
2016-08-05 19:00:00,29.0,52,4.4,97.0,962.9
2016-08-05 20:00:00,28.1,57,4.3,13.0,963.9
2016-08-05 21:00:00,26.9,63,1.8,0.0,964.4
2016-08-05 22:00:00,26.0,66,2.5,0.0,964.6
2016-08-05 23:00:00,24.9,70,2.7,0.0,964.6
2016-08-06 00:00:00,24.0,74,3.1,0.0,964.2
2016-08-06 01:00:00,23.9,74,2.1,0.0,964.0
2016-08-06 02:00:00,23.4,76,1.6,0.0,963.7
2016-08-06 03:00:00,22.6,79,1.5,0.0,963.5
2016-08-06 04:00:00,22.3,80,1.5,0.0,963.5
2016-08-06 05:00:00,21.5,85,1.8,0.0,963.3
2016-08-06 06:00:00,21.0,88,1.9,0.0,964.1
2016-08-06 07:00:00,21.6,87,2.4,37.0,964.3
2016-08-06 08:00:00,23.6,80,2.5,157.0,965.0
2016-08-06 09:00:00,24.5,77,6.1,303.0,965.1
2016-08-06 10:00:00,25.5,73,5.1,467.0,965.6
2016-08-06 11:00:00,26.8,67,5.2,601.0,965.5
2016-08-06 12:00:00,27.9,63,4.1,654.0,965.1
2016-08-06 13:00:00,28.7,59,3.2,680.0,964.2
2016-08-06 14:00:00,29.2,57,0.7,619.0,963.3
2016-08-06 15:00:00,28.5,57,1.6,556.0,961.3
2016-08-06 16:00:00,29.0,55,5.7,459.0,962.3
2016-08-06 17:00:00,29.0,54,6.4,376.0,961.2
2016-08-06 18:00:00,28.7,56,4.8,233.0,962.2
2016-08-06 19:00:00,27.1,62,4.7,95.0,961.8
2016-08-06 20:00:00,26.4,67,4.0,12.0,962.1
2016-08-06 21:00:00,25.3,73,5.9,0.0,962.7
2016-08-06 22:00:00,24.5,78,5.4,0.0,963.2
2016-08-06 23:00:00,23.8,80,6.2,0.0,962.9
2016-08-07 00:00:00,23.6,80,6.2,0.0,962.7
2016-08-07 01:00:00,24.6,73,4.6,0.0,962.8
2016-08-07 02:00:00,24.5,73,3.4,0.0,962.6
2016-08-07 03:00:00,23.7,77,3.2,0.0,962.5
2016-08-07 04:00:00,23.1,79,3.0,0.0,962.5
2016-08-07 05:00:00,22.8,81,1.9,0.0,962.3
2016-08-07 06:00:00,22.5,82,2.3,0.0,963.1
2016-08-07 07:00:00,22.7,82,3.0,37.0,963.1
2016-08-07 08:00:00,24.6,74,2.3,161.0,963.5
2016-08-07 09:00:00,25.8,69,3.1,324.0,963.8
2016-08-07 10:00:00,27.0,66,4.3,506.0,964.1
2016-08-07 11:00:00,28.1,62,4.6,616.0,964.3
2016-08-07 12:00:00,29.0,58,3.9,661.0,964.0
2016-08-07 13:00:00,30.0,54,1.8,651.0,963.7
2016-08-07 14:00:00,30.4,52,1.8,592.0,962.7
2016-08-07 15:00:00,30.2,52,2.5,554.0,961.7
2016-08-07 16:00:00,30.3,51,1.5,412.0,961.5
2016-08-07 17:00:00,30.4,50,2.3,364.0,960.4
2016-08-07 18:00:00,30.1,50,1.6,214.0,961.2
2016-08-07 19:00:00,29.6,52,3.5,108.0,961.0
2016-08-07 20:00:00,28.2,57,2.3,13.0,962.2
2016-08-07 21:00:00,26.6,65,5.0,0.0,962.4
2016-08-07 22:00:00,25.9,70,1.9,0.0,963.0
2016-08-07 23:00:00,25.5,70,1.1,0.0,963.1
2016-08-08 00:00:00,25.1,72,2.1,0.0,963.3
2016-08-08 01:00:00,24.5,75,2.3,0.0,962.9
2016-08-08 02:00:00,23.3,81,2.3,0.0,962.4
2016-08-08 03:00:00,22.7,84,3.1,0.0,962.5
2016-08-08 04:00:00,22.7,85,2.7,0.0,962.8
2016-08-08 05:00:00,22.5,86,1.8,0.0,962.6
2016-08-08 06:00:00,22.7,85,1.8,0.0,963.5
2016-08-08 07:00:00,22.9,86,2.3,28.0,963.5
2016-08-08 08:00:00,24.9,75,4.1,148.0,964.1
2016-08-08 09:00:00,26.5,68,5.9,327.0,964.5
2016-08-08 10:00:00,27.8,63,6.7,442.0,964.7
2016-08-08 11:00:00,28.9,58,7.3,482.0,964.5
2016-08-08 12:00:00,29.5,56,8.5,497.0,964.1
2016-08-08 13:00:00,30.1,54,10.8,540.0,963.8
2016-08-08 14:00:00,30.0,54,9.8,408.0,963.4
2016-08-08 15:00:00,29.9,54,10.2,387.0,962.5
2016-08-08 16:00:00,29.9,54,7.6,293.0,962.4
2016-08-08 17:00:00,30.2,53,6.2,329.0,961.7
2016-08-08 18:00:00,29.9,54,3.4,157.0,962.6
2016-08-08 19:00:00,29.4,56,5.4,83.0,961.8
2016-08-08 20:00:00,28.1,61,7.1,9.0,961.8
2016-08-08 21:00:00,26.9,66,5.4,0.0,962.0
2016-08-08 22:00:00,25.7,72,4.7,0.0,962.1
2016-08-08 23:00:00,24.5,77,4.7,0.0,962.0
2016-08-09 00:00:00,24.0,80,4.7,0.0,962.2
2016-08-09 01:00:00,23.6,82,5.0,0.0,962.1
2016-08-09 02:00:00,23.2,83,5.0,0.0,961.8
2016-08-09 03:00:00,22.8,82,5.2,0.0,961.4
2016-08-09 04:00:00,22.8,82,4.5,0.0,961.5
2016-08-09 05:00:00,22.5,83,4.4,0.0,961.5
2016-08-09 06:00:00,22.2,85,4.0,0.0,962.2
2016-08-09 07:00:00,22.8,84,4.3,35.0,962.2
2016-08-09 08:00:00,25.5,70,5.4,137.0,962.9
2016-08-09 09:00:00,27.1,63,7.2,324.0,963.1
2016-08-09 10:00:00,28.6,57,7.1,455.0,963.2
2016-08-09 11:00:00,30.1,52,6.3,621.0,963.0
2016-08-09 12:00:00,31.1,49,6.0,631.0,962.5
2016-08-09 13:00:00,32.2,46,6.0,743.0,962.0
2016-08-09 14:00:00,33.0,43,6.4,781.0,961.3
2016-08-09 15:00:00,32.6,44,6.5,597.0,960.5
2016-08-09 16:00:00,33.0,43,7.9,521.0,960.1
2016-08-09 17:00:00,32.8,43,9.4,396.0,959.5
2016-08-09 18:00:00,32.1,45,10.2,268.0,960.0
2016-08-09 19:00:00,31.0,49,8.5,104.0,959.7
2016-08-09 20:00:00,29.7,52,9.3,12.0,960.3
2016-08-09 21:00:00,28.6,56,8.0,0.0,961.0
2016-08-09 22:00:00,27.7,60,7.1,0.0,961.5
2016-08-09 23:00:00,26.6,65,5.8,0.0,961.5
2016-08-10 00:00:00,25.8,69,6.2,0.0,961.9
2016-08-10 01:00:00,25.4,71,6.2,0.0,961.9
2016-08-10 02:00:00,24.8,74,6.0,0.0,961.7
2016-08-10 03:00:00,24.6,77,5.2,0.0,961.8
2016-08-10 04:00:00,24.6,77,4.3,0.0,962.0
2016-08-10 05:00:00,24.4,78,4.7,0.0,962.4
2016-08-10 06:00:00,24.1,80,4.0,0.0,963.0
2016-08-10 07:00:00,24.4,81,4.6,26.0,963.2
2016-08-10 08:00:00,26.6,69,5.5,152.0,964.1
2016-08-10 09:00:00,28.1,62,5.2,312.0,964.5
2016-08-10 10:00:00,29.2,58,3.7,412.0,964.7
2016-08-10 11:00:00,30.5,54,3.2,544.0,964.6
2016-08-10 12:00:00,31.7,50,2.9,699.0,964.4
2016-08-10 13:00:00,32.5,48,2.9,691.0,963.9
2016-08-10 14:00:00,33.3,46,3.5,761.0,963.1
2016-08-10 15:00:00,32.7,47,4.8,524.0,962.4
2016-08-10 16:00:00,32.7,46,5.9,410.0,961.6
2016-08-10 17:00:00,32.9,46,6.6,362.0,961.8
2016-08-10 18:00:00,32.0,49,5.2,159.0,961.6
2016-08-10 19:00:00,31.5,52,2.9,88.0,961.3
2016-08-10 20:00:00,30.2,59,2.9,10.0,961.8
2016-08-10 21:00:00,29.1,64,5.0,0.0,962.8
2016-08-10 22:00:00,28.0,68,4.3,0.0,962.7
2016-08-10 23:00:00,27.1,72,3.3,0.0,963.3
2016-08-11 00:00:00,26.5,75,3.1,0.0,963.1
2016-08-11 01:00:00,25.8,79,3.8,0.0,963.0
2016-08-11 02:00:00,25.4,80,3.3,0.0,962.5
2016-08-11 03:00:00,25.4,79,3.6,0.0,962.6
2016-08-11 04:00:00,24.9,81,3.8,0.0,962.5
2016-08-11 05:00:00,24.7,81,4.1,0.0,962.5
2016-08-11 06:00:00,24.4,83,3.6,0.0,963.1
2016-08-11 07:00:00,24.8,84,3.9,34.0,963.7
2016-08-11 08:00:00,27.6,70,4.0,166.0,964.5
2016-08-11 09:00:00,29.4,60,5.0,338.0,964.7
2016-08-11 10:00:00,31.1,52,4.3,539.0,964.9
2016-08-11 11:00:00,32.5,47,3.8,684.0,964.6
2016-08-11 12:00:00,33.6,44,4.3,715.0,964.0
2016-08-11 13:00:00,34.6,41,5.0,774.0,963.2
2016-08-11 14:00:00,35.6,39,6.5,829.0,962.6
2016-08-11 15:00:00,35.5,39,8.2,655.0,962.0
2016-08-11 16:00:00,35.6,39,7.6,578.0,961.5
2016-08-11 17:00:00,35.2,40,8.4,369.0,960.8
2016-08-11 18:00:00,34.5,42,7.0,255.0,961.9
2016-08-11 19:00:00,33.4,46,7.2,107.0,960.2
2016-08-11 20:00:00,31.9,51,8.1,10.0,960.9
2016-08-11 21:00:00,30.6,56,7.2,0.0,961.1
2016-08-11 22:00:00,29.6,60,6.2,0.0,961.7
2016-08-11 23:00:00,28.5,65,6.7,0.0,961.9
2016-08-12 00:00:00,27.6,68,7.1,0.0,962.1
2016-08-12 01:00:00,27.0,71,6.6,0.0,962.2
2016-08-12 02:00:00,26.4,74,6.4,0.0,961.6
2016-08-12 03:00:00,25.8,76,6.2,0.0,961.6
2016-08-12 04:00:00,25.3,78,5.7,0.0,961.4
2016-08-12 05:00:00,24.7,80,5.2,0.0,961.3
2016-08-12 06:00:00,24.3,83,3.9,0.0,962.3
2016-08-12 07:00:00,25.0,83,4.2,35.0,962.5
2016-08-12 08:00:00,28.4,66,4.5,176.0,963.1
2016-08-12 09:00:00,30.1,56,3.4,367.0,963.1
2016-08-12 10:00:00,31.7,51,1.6,542.0,963.3
2016-08-12 11:00:00,33.1,47,1.1,697.0,962.9
2016-08-12 12:00:00,34.3,43,1.8,785.0,962.5
2016-08-12 13:00:00,35.2,41,2.9,769.0,961.7
2016-08-12 14:00:00,36.0,39,3.7,794.0,961.0
2016-08-12 15:00:00,35.9,39,4.5,667.0,960.1
2016-08-12 16:00:00,36.2,39,5.0,592.0,959.9
2016-08-12 17:00:00,36.1,39,5.7,465.0,959.1
2016-08-12 18:00:00,35.6,40,4.0,282.0,960.0
2016-08-12 19:00:00,34.8,43,3.7,93.0,958.4
2016-08-12 20:00:00,33.5,46,5.9,9.0,959.1
2016-08-12 21:00:00,32.3,50,5.5,0.0,959.8
2016-08-12 22:00:00,30.9,55,4.1,0.0,959.6
2016-08-12 23:00:00,29.5,62,3.8,0.0,959.5
2016-08-13 00:00:00,28.4,67,4.1,0.0,959.8
2016-08-13 01:00:00,27.7,70,4.8,0.0,959.9
2016-08-13 02:00:00,27.0,73,4.9,0.0,959.8
2016-08-13 03:00:00,26.8,77,4.8,0.0,959.7
2016-08-13 04:00:00,26.4,78,4.6,0.0,959.9
2016-08-13 05:00:00,26.4,78,4.1,0.0,960.1
2016-08-13 06:00:00,26.0,82,4.1,0.0,960.7
2016-08-13 07:00:00,26.4,83,4.6,32.0,960.8
2016-08-13 08:00:00,29.5,66,4.3,175.0,961.3
2016-08-13 09:00:00,31.5,57,2.8,364.0,961.3
2016-08-13 10:00:00,32.9,52,1.6,534.0,961.2
2016-08-13 11:00:00,34.4,48,2.1,682.0,961.1
2016-08-13 12:00:00,35.7,44,2.7,757.0,960.6
2016-08-13 13:00:00,36.6,41,3.7,797.0,959.9
2016-08-13 14:00:00,37.3,39,5.0,717.0,959.0
2016-08-13 15:00:00,37.6,37,6.8,558.0,958.3
2016-08-13 16:00:00,37.8,37,10.0,506.0,957.9
2016-08-13 17:00:00,37.4,37,11.3,424.0,957.7
2016-08-13 18:00:00,36.7,39,6.9,246.0,958.4
2016-08-13 19:00:00,35.3,43,9.0,107.0,957.6
2016-08-13 20:00:00,33.7,46,9.8,9.0,957.9
2016-08-13 21:00:00,32.6,50,8.3,0.0,958.9
2016-08-13 22:00:00,31.5,53,7.4,0.0,959.1
2016-08-13 23:00:00,30.6,56,7.3,0.0,959.3
2016-08-14 00:00:00,29.7,60,6.7,0.0,959.4
2016-08-14 01:00:00,28.9,63,6.5,0.0,959.4
2016-08-14 02:00:00,28.2,66,6.3,0.0,959.3
2016-08-14 03:00:00,27.6,69,6.8,0.0,959.0
2016-08-14 04:00:00,27.0,71,6.8,0.0,959.2
2016-08-14 05:00:00,26.5,74,5.8,0.0,958.9
2016-08-14 06:00:00,26.0,77,5.0,0.0,959.2
2016-08-14 07:00:00,26.5,78,5.4,30.0,959.6
2016-08-14 08:00:00,29.5,64,6.0,167.0,960.5
2016-08-14 09:00:00,31.5,56,7.0,336.0,960.6
2016-08-14 10:00:00,33.2,50,7.1,531.0,960.6
2016-08-14 11:00:00,34.7,45,5.6,676.0,960.5
2016-08-14 12:00:00,36.2,41,5.6,815.0,959.9
2016-08-14 13:00:00,37.3,38,6.0,819.0,959.2
2016-08-14 14:00:00,38.2,35,6.8,807.0,958.5
2016-08-14 15:00:00,38.5,35,8.2,742.0,957.4
2016-08-14 16:00:00,38.5,34,9.7,575.0,956.8
2016-08-14 17:00:00,37.9,34,11.3,424.0,956.1
2016-08-14 18:00:00,36.9,37,8.3,261.0,957.3
2016-08-14 19:00:00,35.8,40,8.9,105.0,956.4
2016-08-14 20:00:00,34.3,44,9.7,8.0,957.5
2016-08-14 21:00:00,33.1,48,9.6,0.0,958.3
2016-08-14 22:00:00,32.0,52,10.0,0.0,958.9
2016-08-14 23:00:00,31.1,56,9.2,0.0,959.3
2016-08-15 00:00:00,30.2,60,8.6,0.0,959.4
2016-08-15 01:00:00,29.5,63,7.3,0.0,959.1
2016-08-15 02:00:00,28.9,66,6.3,0.0,958.6
2016-08-15 03:00:00,28.4,68,6.3,0.0,958.5
2016-08-15 04:00:00,27.7,71,6.3,0.0,958.5
2016-08-15 05:00:00,27.2,74,5.6,0.0,958.7
2016-08-15 06:00:00,26.7,77,4.9,0.0,958.7
2016-08-15 07:00:00,27.1,78,5.8,29.0,959.5
2016-08-15 08:00:00,29.6,65,5.2,152.0,960.2
2016-08-15 09:00:00,31.3,56,4.3,319.0,960.8
2016-08-15 10:00:00,32.8,51,3.3,493.0,960.8
2016-08-15 11:00:00,34.2,46,2.0,618.0,960.5
2016-08-15 12:00:00,35.5,42,1.8,729.0,960.0
2016-08-15 13:00:00,36.3,40,2.8,696.0,958.9
2016-08-15 14:00:00,37.1,37,3.9,714.0,958.0
2016-08-15 15:00:00,37.2,36,5.4,518.0,957.5
2016-08-15 16:00:00,37.5,35,7.1,483.0,956.9
2016-08-15 17:00:00,37.2,35,8.4,338.0,956.6
2016-08-15 18:00:00,36.4,37,8.7,187.0,957.2
2016-08-15 19:00:00,35.5,40,6.3,105.0,957.4
2016-08-15 20:00:00,34.0,44,7.5,8.0,957.3
2016-08-15 21:00:00,32.7,48,8.0,0.0,958.1
2016-08-15 22:00:00,31.7,51,7.7,0.0,958.1
2016-08-15 23:00:00,30.8,55,7.7,0.0,958.2
2016-08-16 00:00:00,30.1,57,7.0,0.0,958.3
2016-08-16 01:00:00,29.4,60,7.1,0.0,958.1
2016-08-16 02:00:00,29.0,62,6.8,0.0,957.9
2016-08-16 03:00:00,28.4,67,6.8,0.0,957.8
2016-08-16 04:00:00,27.8,69,6.7,0.0,957.7
2016-08-16 05:00:00,27.2,72,5.9,0.0,958.0
2016-08-16 06:00:00,26.9,74,5.8,0.0,958.2
2016-08-16 07:00:00,27.3,74,6.5,29.0,958.5
2016-08-16 08:00:00,29.2,64,7.2,147.0,959.1
2016-08-16 09:00:00,31.1,56,7.2,333.0,959.5
2016-08-16 10:00:00,32.9,50,6.6,519.0,959.6
2016-08-16 11:00:00,34.6,45,6.6,661.0,959.0
2016-08-16 12:00:00,35.7,41,6.4,680.0,958.1
2016-08-16 13:00:00,37.0,37,6.9,810.0,957.4
2016-08-16 14:00:00,38.0,34,8.4,821.0,956.9
2016-08-16 15:00:00,37.9,35,9.2,734.0,956.1
2016-08-16 16:00:00,37.8,35,10.7,552.0,955.6
2016-08-16 17:00:00,37.3,35,12.0,406.0,954.9
2016-08-16 18:00:00,36.2,37,7.7,211.0,954.9
2016-08-16 19:00:00,35.0,41,8.8,80.0,954.6
2016-08-16 20:00:00,33.5,46,10.6,7.0,954.7
2016-08-16 21:00:00,32.3,50,11.6,0.0,955.1
2016-08-16 22:00:00,31.4,54,12.0,0.0,955.5
2016-08-16 23:00:00,30.7,57,11.2,0.0,955.9
2016-08-17 00:00:00,30.0,59,9.8,0.0,956.2
2016-08-17 01:00:00,29.6,60,10.0,0.0,956.2
2016-08-17 02:00:00,28.9,62,10.2,0.0,956.0
2016-08-17 03:00:00,28.5,63,9.6,0.0,956.0
2016-08-17 04:00:00,28.0,65,8.7,0.0,955.8
2016-08-17 05:00:00,27.5,67,8.0,0.0,956.2
2016-08-17 06:00:00,27.0,69,7.6,0.0,956.2
2016-08-17 07:00:00,27.2,69,8.7,26.0,956.5
2016-08-17 08:00:00,28.7,63,10.4,146.0,956.9
2016-08-17 09:00:00,30.4,56,10.5,308.0,957.1
2016-08-17 10:00:00,32.3,50,10.0,454.0,957.1
2016-08-17 11:00:00,34.0,45,8.7,598.0,956.5
2016-08-17 12:00:00,35.7,40,7.4,751.0,955.4
2016-08-17 13:00:00,36.7,37,6.5,722.0,954.6
2016-08-17 14:00:00,37.6,34,7.1,750.0,953.9
2016-08-17 15:00:00,37.5,35,8.4,633.0,953.4
2016-08-17 16:00:00,37.8,34,9.6,548.0,952.7
2016-08-17 17:00:00,37.6,34,11.2,406.0,952.7
2016-08-17 18:00:00,36.9,36,8.9,241.0,953.1
2016-08-17 19:00:00,35.6,39,7.6,96.0,953.2
2016-08-17 20:00:00,33.8,43,10.6,6.0,953.6
2016-08-17 21:00:00,32.4,47,12.4,0.0,954.0
2016-08-17 22:00:00,31.4,50,12.2,0.0,954.6
2016-08-17 23:00:00,30.6,53,11.0,0.0,955.1
2016-08-18 00:00:00,29.8,56,10.0,0.0,955.8
2016-08-18 01:00:00,29.1,59,10.0,0.0,955.9
2016-08-18 02:00:00,28.5,62,9.4,0.0,955.5
2016-08-18 03:00:00,28.4,63,8.1,0.0,955.6
2016-08-18 04:00:00,27.8,66,6.0,0.0,955.8
2016-08-18 05:00:00,27.2,70,4.6,0.0,956.0
2016-08-18 06:00:00,26.5,75,3.6,0.0,957.1
2016-08-18 07:00:00,26.6,77,4.0,28.0,957.5
2016-08-18 08:00:00,29.2,63,4.0,168.0,958.1
2016-08-18 09:00:00,30.8,57,3.0,343.0,958.4
2016-08-18 10:00:00,32.5,51,2.9,543.0,958.5
2016-08-18 11:00:00,34.1,46,2.5,644.0,958.7
2016-08-18 12:00:00,35.4,41,1.6,757.0,958.3
2016-08-18 13:00:00,36.1,38,2.0,674.0,957.7
2016-08-18 14:00:00,37.0,35,2.6,695.0,957.5
2016-08-18 15:00:00,36.5,38,2.7,487.0,957.3
2016-08-18 16:00:00,36.9,37,2.3,510.0,956.7
2016-08-18 17:00:00,36.6,37,1.3,336.0,956.4
2016-08-18 18:00:00,36.4,37,2.5,249.0,956.7
2016-08-18 19:00:00,35.9,38,3.3,92.0,956.5
2016-08-18 20:00:00,34.9,44,3.4,5.0,957.0
2016-08-18 21:00:00,34.8,41,2.3,0.0,957.9
2016-08-18 22:00:00,33.7,45,1.8,0.0,958.5
2016-08-18 23:00:00,32.1,51,6.9,0.0,958.9
2016-08-19 00:00:00,31.4,53,5.5,0.0,959.5
2016-08-19 01:00:00,30.9,55,3.2,0.0,959.6
2016-08-19 02:00:00,29.8,59,5.8,0.0,959.3
2016-08-19 03:00:00,28.7,64,6.1,0.0,959.3
2016-08-19 04:00:00,28.3,65,5.9,0.0,959.6
2016-08-19 05:00:00,28.3,65,6.2,0.0,959.9
2016-08-19 06:00:00,28.0,66,5.4,0.0,960.6
2016-08-19 07:00:00,28.1,67,3.3,24.0,961.1
2016-08-19 08:00:00,29.5,61,5.4,145.0,961.6
2016-08-19 09:00:00,30.9,56,5.5,324.0,962.1
2016-08-19 10:00:00,32.1,52,4.4,455.0,962.6
2016-08-19 11:00:00,33.2,49,4.2,560.0,962.4
2016-08-19 12:00:00,34.7,45,3.9,710.0,962.0
2016-08-19 13:00:00,35.6,41,3.1,669.0,961.3
2016-08-19 14:00:00,36.1,39,2.0,597.0,960.8
2016-08-19 15:00:00,35.5,43,1.0,554.0,959.9
2016-08-19 16:00:00,35.9,42,0.7,487.0,959.4
2016-08-19 17:00:00,35.8,41,1.8,290.0,959.2
2016-08-19 18:00:00,35.5,41,5.2,191.0,958.6
2016-08-19 19:00:00,34.8,43,5.7,73.0,959.3
2016-08-19 20:00:00,33.6,47,5.9,4.0,959.9
2016-08-19 21:00:00,32.6,51,5.6,0.0,960.1
2016-08-19 22:00:00,31.6,55,4.6,0.0,960.3
2016-08-19 23:00:00,30.7,59,4.1,0.0,961.0
2016-08-20 00:00:00,29.9,63,4.8,0.0,961.6
2016-08-20 01:00:00,29.2,66,5.9,0.0,961.5
2016-08-20 02:00:00,28.6,69,5.6,0.0,961.2
2016-08-20 03:00:00,28.3,70,5.4,0.0,961.2
2016-08-20 04:00:00,28.0,73,5.4,0.0,961.2
2016-08-20 05:00:00,27.4,76,5.2,0.0,961.3
2016-08-20 06:00:00,27.0,78,5.0,0.0,962.2
2016-08-20 07:00:00,27.3,76,6.4,27.0,962.7
2016-08-20 08:00:00,28.7,68,8.7,151.0,963.1
2016-08-20 09:00:00,30.4,62,9.9,325.0,963.8
2016-08-20 10:00:00,32.0,56,9.2,473.0,964.4
2016-08-20 11:00:00,33.8,50,7.1,653.0,964.1
2016-08-20 12:00:00,35.3,45,6.4,718.0,963.6
2016-08-20 13:00:00,36.5,41,6.9,759.0,963.0
2016-08-20 14:00:00,37.7,38,7.4,832.0,962.3
2016-08-20 15:00:00,36.6,41,11.2,546.0,961.9
2016-08-20 16:00:00,36.0,43,11.7,501.0,961.4
2016-08-20 17:00:00,35.1,45,11.5,309.0,960.8
2016-08-20 18:00:00,33.7,50,11.4,165.0,960.5
2016-08-20 19:00:00,33.1,52,9.1,58.0,960.4
2016-08-20 20:00:00,32.4,53,9.1,3.0,960.9
2016-08-20 21:00:00,31.8,55,8.0,0.0,961.6
2016-08-20 22:00:00,31.2,57,6.6,0.0,962.2
2016-08-20 23:00:00,30.6,59,6.6,0.0,962.2
2016-08-21 00:00:00,29.7,63,6.6,0.0,962.1
2016-08-21 01:00:00,29.0,66,7.5,0.0,962.0
2016-08-21 02:00:00,28.3,68,8.0,0.0,962.1
2016-08-21 03:00:00,27.9,68,7.3,0.0,962.2
2016-08-21 04:00:00,27.8,69,7.1,0.0,962.4
2016-08-21 05:00:00,27.4,70,6.3,0.0,962.9
2016-08-21 06:00:00,27.0,72,5.6,0.0,963.7
2016-08-21 07:00:00,27.3,72,6.6,19.0,964.5
2016-08-21 08:00:00,28.3,67,7.1,121.0,964.8
2016-08-21 09:00:00,29.5,62,7.7,266.0,965.2
2016-08-21 10:00:00,31.0,57,8.9,422.0,965.7
2016-08-21 11:00:00,32.8,51,9.4,633.0,965.3
2016-08-21 12:00:00,34.2,47,9.8,696.0,965.1
2016-08-21 13:00:00,34.9,44,10.6,589.0,964.3
2016-08-21 14:00:00,35.6,42,11.8,603.0,963.4
2016-08-21 15:00:00,34.4,46,12.0,448.0,962.6
2016-08-21 16:00:00,35.1,43,11.9,479.0,961.5
2016-08-21 17:00:00,35.2,43,12.0,308.0,961.1
2016-08-21 18:00:00,35.1,43,9.0,208.0,961.0
2016-08-21 19:00:00,34.4,44,8.3,72.0,960.9
2016-08-21 20:00:00,33.4,47,7.2,3.0,961.5
2016-08-21 21:00:00,32.3,50,7.2,0.0,962.1
2016-08-21 22:00:00,31.5,53,7.6,0.0,962.8
2016-08-21 23:00:00,30.6,55,8.4,0.0,962.9
2016-08-22 00:00:00,29.7,58,8.3,0.0,963.2
2016-08-22 01:00:00,29.2,59,9.0,0.0,963.0
2016-08-22 02:00:00,28.4,60,9.0,0.0,963.0
2016-08-22 03:00:00,28.6,60,9.7,0.0,963.1
2016-08-22 04:00:00,27.9,62,9.4,0.0,963.0
2016-08-22 05:00:00,27.3,63,8.7,0.0,963.4
2016-08-22 06:00:00,26.7,64,8.5,0.0,964.5
2016-08-22 07:00:00,26.5,64,9.5,26.0,965.1
2016-08-22 08:00:00,27.8,59,10.5,165.0,965.7
2016-08-22 09:00:00,29.4,52,11.5,339.0,965.9
2016-08-22 10:00:00,31.2,46,11.4,534.0,966.0
2016-08-22 11:00:00,32.9,40,11.1,702.0,965.8
2016-08-22 12:00:00,34.5,36,10.3,821.0,965.0
2016-08-22 13:00:00,35.8,33,9.6,882.0,964.5
2016-08-22 14:00:00,36.8,31,10.7,830.0,963.7
2016-08-22 15:00:00,35.8,35,11.3,480.0,962.8
2016-08-22 16:00:00,36.3,34,12.9,443.0,962.2
2016-08-22 17:00:00,36.1,34,15.1,351.0,961.9
2016-08-22 18:00:00,35.0,36,15.9,193.0,962.5
2016-08-22 19:00:00,33.4,40,14.1,85.0,962.3
2016-08-22 20:00:00,31.7,45,13.5,4.0,962.4
2016-08-22 21:00:00,30.8,47,11.9,0.0,962.8
2016-08-22 22:00:00,30.1,49,8.8,0.0,963.5
2016-08-22 23:00:00,29.3,52,8.0,0.0,963.4
2016-08-23 00:00:00,28.5,55,7.3,0.0,963.3
2016-08-23 01:00:00,27.8,59,6.9,0.0,963.4
2016-08-23 02:00:00,27.2,62,6.9,0.0,963.2
2016-08-23 03:00:00,27.0,63,5.8,0.0,963.0
2016-08-23 04:00:00,26.3,67,5.1,0.0,963.0
2016-08-23 05:00:00,25.8,69,5.4,0.0,962.9
2016-08-23 06:00:00,25.6,71,5.6,0.0,963.9
2016-08-23 07:00:00,25.8,73,5.7,24.0,963.7
2016-08-23 08:00:00,27.8,62,6.2,141.0,964.2
2016-08-23 09:00:00,29.3,57,5.9,331.0,964.2
2016-08-23 10:00:00,31.0,51,5.0,511.0,964.7
2016-08-23 11:00:00,32.6,46,4.0,611.0,964.2
2016-08-23 12:00:00,33.4,44,2.4,542.0,963.8
2016-08-23 13:00:00,35.0,40,1.5,730.0,963.0
2016-08-23 14:00:00,35.8,38,1.6,684.0,962.1
2016-08-23 15:00:00,35.3,40,1.8,522.0,961.3
2016-08-23 16:00:00,35.4,39,3.1,395.0,960.6
2016-08-23 17:00:00,35.7,39,4.2,389.0,960.1
2016-08-23 18:00:00,35.1,40,5.2,179.0,959.8
2016-08-23 19:00:00,34.4,42,5.6,75.0,959.6
2016-08-23 20:00:00,33.3,46,5.4,3.0,960.1
2016-08-23 21:00:00,32.6,49,5.1,0.0,960.6
2016-08-23 22:00:00,31.3,54,5.5,0.0,960.6
2016-08-23 23:00:00,30.1,60,3.9,0.0,960.5
2016-08-24 00:00:00,29.3,63,3.4,0.0,960.7
2016-08-24 01:00:00,28.8,65,3.3,0.0,960.6
2016-08-24 02:00:00,28.3,67,2.9,0.0,960.6
2016-08-24 03:00:00,28.5,65,2.9,0.0,960.5
2016-08-24 04:00:00,28.6,64,2.1,0.0,960.8
2016-08-24 05:00:00,28.1,67,1.8,0.0,960.9
2016-08-24 06:00:00,28.0,67,3.4,0.0,961.5
2016-08-24 07:00:00,27.8,71,4.1,19.0,962.2
2016-08-24 08:00:00,29.3,63,1.8,122.0,962.6
2016-08-24 09:00:00,30.6,58,1.5,242.0,962.6
2016-08-24 10:00:00,31.9,54,2.1,384.0,962.8
2016-08-24 11:00:00,33.1,50,2.6,485.0,962.5
2016-08-24 12:00:00,34.6,45,2.6,628.0,962.1
2016-08-24 13:00:00,35.6,42,2.9,673.0,961.3
2016-08-24 14:00:00,36.3,40,3.1,645.0,960.4
2016-08-24 15:00:00,36.1,42,4.1,527.0,959.4
2016-08-24 16:00:00,36.2,41,3.9,409.0,958.8
2016-08-24 17:00:00,36.2,40,4.1,308.0,958.2
2016-08-24 18:00:00,36.1,40,4.0,210.0,959.0
2016-08-24 19:00:00,35.4,42,5.1,66.0,959.6
2016-08-24 20:00:00,34.5,46,5.1,2.0,960.0
2016-08-24 21:00:00,33.4,49,3.7,0.0,960.6
2016-08-24 22:00:00,31.8,56,1.9,0.0,961.9
2016-08-24 23:00:00,29.8,64,4.3,0.0,961.8
2016-08-25 00:00:00,27.6,78,3.8,0.0,962.4
2016-08-25 01:00:00,27.3,80,4.8,0.0,962.8
2016-08-25 02:00:00,27.0,80,6.2,0.0,962.8
2016-08-25 03:00:00,26.0,87,5.2,0.0,962.8
2016-08-25 04:00:00,25.6,91,4.0,0.0,962.8
2016-08-25 05:00:00,25.5,91,1.8,0.0,963.3
2016-08-25 06:00:00,25.7,88,1.8,0.0,965.2
2016-08-25 07:00:00,25.5,90,3.7,2.0,965.7
2016-08-25 08:00:00,25.3,91,4.5,10.0,966.4
2016-08-25 09:00:00,25.6,91,6.3,19.0,967.2
2016-08-25 10:00:00,25.3,88,9.7,46.0,968.1
2016-08-25 11:00:00,24.3,85,10.5,82.0,969.2
2016-08-25 12:00:00,23.2,81,8.7,90.0,970.1
2016-08-25 13:00:00,22.1,87,9.9,79.0,970.2
2016-08-25 14:00:00,21.6,91,10.2,56.0,969.9
2016-08-25 15:00:00,22.1,90,10.0,143.0,969.5
2016-08-25 16:00:00,22.5,84,10.5,203.0,969.5
2016-08-25 17:00:00,22.9,79,10.3,160.0,969.7
2016-08-25 18:00:00,22.8,78,7.4,71.0,970.1
2016-08-25 19:00:00,22.5,76,6.1,36.0,970.2
2016-08-25 20:00:00,22.3,74,5.3,1.0,970.8
2016-08-25 21:00:00,22.2,73,4.4,0.0,971.3
2016-08-25 22:00:00,22.1,72,4.0,0.0,971.7
2016-08-25 23:00:00,22.1,73,4.4,0.0,971.6
2016-08-26 00:00:00,22.2,73,4.9,0.0,971.8
2016-08-26 01:00:00,22.1,72,5.0,0.0,971.5
2016-08-26 02:00:00,22.1,71,5.6,0.0,971.4
2016-08-26 03:00:00,21.5,71,6.0,0.0,971.2
2016-08-26 04:00:00,21.1,74,5.4,0.0,971.1
2016-08-26 05:00:00,20.9,75,5.4,0.0,971.4
2016-08-26 06:00:00,20.9,78,5.3,0.0,972.1
2016-08-26 07:00:00,21.0,81,3.4,13.0,972.6
2016-08-26 08:00:00,21.9,72,2.5,67.0,973.4
2016-08-26 09:00:00,22.5,68,2.9,125.0,973.9
2016-08-26 10:00:00,22.4,69,3.6,125.0,974.3
2016-08-26 11:00:00,22.4,70,2.6,126.0,974.7
2016-08-26 12:00:00,22.6,69,1.3,174.0,974.2
2016-08-26 13:00:00,22.8,68,1.6,183.0,973.7
2016-08-26 14:00:00,23.2,65,0.4,230.0,973.2
2016-08-26 15:00:00,23.2,62,0.8,259.0,972.7
2016-08-26 16:00:00,23.6,59,1.6,270.0,972.3
2016-08-26 17:00:00,23.8,57,1.5,225.0,972.1
2016-08-26 18:00:00,23.5,57,1.9,160.0,972.5
2016-08-26 19:00:00,23.0,59,1.5,67.0,972.0
2016-08-26 20:00:00,22.3,62,1.5,1.0,972.3
2016-08-26 21:00:00,21.4,71,3.3,0.0,972.5
2016-08-26 22:00:00,21.2,69,2.8,0.0,973.1
2016-08-26 23:00:00,21.6,65,1.3,0.0,973.2
2016-08-27 00:00:00,21.3,66,0.7,0.0,973.2
2016-08-27 01:00:00,20.9,68,0.7,0.0,972.9
2016-08-27 02:00:00,20.6,69,0.5,0.0,972.5
2016-08-27 03:00:00,20.4,71,1.1,0.0,972.3
2016-08-27 04:00:00,20.2,72,1.8,0.0,972.4
2016-08-27 05:00:00,20.1,72,1.9,0.0,972.4
2016-08-27 06:00:00,19.7,73,3.0,0.0,973.6
2016-08-27 07:00:00,19.7,73,1.8,21.0,974.0
2016-08-27 08:00:00,20.8,72,2.5,158.0,973.9
2016-08-27 09:00:00,22.7,57,3.6,352.0,974.5
2016-08-27 10:00:00,24.2,51,3.7,563.0,974.7
2016-08-27 11:00:00,25.6,46,3.5,717.0,974.7
2016-08-27 12:00:00,26.6,42,3.6,832.0,974.0
2016-08-27 13:00:00,27.6,38,3.8,903.0,973.3
2016-08-27 14:00:00,28.2,36,3.8,887.0,972.8
2016-08-27 15:00:00,28.3,36,3.3,807.0,971.6
2016-08-27 16:00:00,28.4,35,2.3,674.0,971.5
2016-08-27 17:00:00,28.2,34,1.3,491.0,971.2
2016-08-27 18:00:00,27.5,36,2.7,286.0,971.4
2016-08-27 19:00:00,26.0,41,4.3,93.0,971.2
2016-08-27 20:00:00,24.3,45,5.7,2.0,971.3
2016-08-27 21:00:00,22.3,55,6.0,0.0,971.6
2016-08-27 22:00:00,21.2,57,2.8,0.0,971.4
2016-08-27 23:00:00,21.2,55,1.5,0.0,971.5
2016-08-28 00:00:00,20.9,54,1.8,0.0,971.8
2016-08-28 01:00:00,20.0,57,2.6,0.0,971.5
2016-08-28 02:00:00,19.1,60,2.6,0.0,971.4
2016-08-28 03:00:00,18.0,64,2.3,0.0,970.9
2016-08-28 04:00:00,17.1,67,2.4,0.0,970.8
2016-08-28 05:00:00,16.5,69,2.6,0.0,970.7
2016-08-28 06:00:00,16.1,69,3.1,0.0,971.3
2016-08-28 07:00:00,16.2,70,3.4,26.0,971.3
2016-08-28 08:00:00,19.3,74,3.2,182.0,971.7
2016-08-28 09:00:00,23.8,42,0.8,389.0,972.6
2016-08-28 10:00:00,25.7,37,1.5,588.0,972.3
2016-08-28 11:00:00,27.3,34,3.5,753.0,972.1
2016-08-28 12:00:00,28.6,31,5.7,860.0,971.2
2016-08-28 13:00:00,29.6,29,7.4,883.0,970.3
2016-08-28 14:00:00,30.3,27,7.9,837.0,969.0
2016-08-28 15:00:00,30.5,27,8.1,787.0,967.8
2016-08-28 16:00:00,30.6,27,8.4,657.0,967.1
2016-08-28 17:00:00,30.4,27,9.4,476.0,966.3
2016-08-28 18:00:00,29.6,29,6.6,279.0,966.2
2016-08-28 19:00:00,27.9,32,9.2,88.0,966.0
2016-08-28 20:00:00,26.2,34,10.3,1.0,965.8
2016-08-28 21:00:00,24.7,37,8.9,0.0,966.3
2016-08-28 22:00:00,23.0,45,5.5,0.0,966.1
2016-08-28 23:00:00,22.4,46,1.9,0.0,966.5
2016-08-29 00:00:00,21.3,49,1.3,0.0,966.4
2016-08-29 01:00:00,20.4,52,1.8,0.0,966.1
2016-08-29 02:00:00,19.4,56,1.8,0.0,965.7
2016-08-29 03:00:00,19.1,59,2.5,0.0,965.7
2016-08-29 04:00:00,18.8,61,3.1,0.0,965.6
2016-08-29 05:00:00,18.3,63,3.6,0.0,965.5
2016-08-29 06:00:00,17.9,66,3.3,0.0,966.5
2016-08-29 07:00:00,18.2,67,3.8,22.0,967.2
2016-08-29 08:00:00,21.0,60,3.7,167.0,967.4
2016-08-29 09:00:00,24.4,46,5.0,359.0,968.1
2016-08-29 10:00:00,26.6,39,6.3,540.0,967.7
2016-08-29 11:00:00,28.4,35,6.4,713.0,967.4
2016-08-29 12:00:00,29.8,32,5.8,822.0,966.7
2016-08-29 13:00:00,30.7,30,5.2,809.0,966.1
2016-08-29 14:00:00,31.3,29,4.7,762.0,965.2
2016-08-29 15:00:00,31.4,28,3.3,654.0,964.6
2016-08-29 16:00:00,31.1,28,4.6,353.0,964.4
2016-08-29 17:00:00,30.7,29,6.1,250.0,964.2
2016-08-29 18:00:00,29.8,33,1.3,106.0,966.6
2016-08-29 19:00:00,28.5,37,6.6,31.0,966.7
2016-08-29 20:00:00,27.0,42,9.0,0.0,967.1
2016-08-29 21:00:00,25.8,46,8.7,0.0,967.9
2016-08-29 22:00:00,25.0,49,7.6,0.0,968.1
2016-08-29 23:00:00,24.3,51,7.2,0.0,967.9
2016-08-30 00:00:00,23.9,53,7.1,0.0,968.1
2016-08-30 01:00:00,23.6,55,6.4,0.0,967.7
2016-08-30 02:00:00,23.1,59,4.9,0.0,967.5
2016-08-30 03:00:00,21.9,65,2.9,0.0,967.3
2016-08-30 04:00:00,21.7,67,0.7,0.0,967.4
2016-08-30 05:00:00,21.3,70,3.1,0.0,967.2
2016-08-30 06:00:00,21.1,72,3.8,0.0,967.3
2016-08-30 07:00:00,21.2,76,3.6,6.0,967.4
2016-08-30 08:00:00,21.6,77,2.5,25.0,967.6
2016-08-30 09:00:00,22.6,62,1.3,78.0,967.8
2016-08-30 10:00:00,23.6,57,1.1,170.0,967.9
2016-08-30 11:00:00,24.6,53,2.4,275.0,967.8
2016-08-30 12:00:00,25.4,50,2.7,338.0,967.3
2016-08-30 13:00:00,26.3,47,3.7,396.0,966.6
2016-08-30 14:00:00,27.6,42,4.7,628.0,965.7
2016-08-30 15:00:00,27.2,44,4.9,447.0,964.9
2016-08-30 16:00:00,27.5,43,4.1,439.0,964.3
2016-08-30 17:00:00,27.5,43,3.2,389.0,963.8
2016-08-30 18:00:00,26.9,45,2.5,201.0,963.8
2016-08-30 19:00:00,25.8,49,1.4,66.0,964.2
2016-08-30 20:00:00,24.5,57,1.8,1.0,963.7
2016-08-30 21:00:00,23.1,62,4.6,0.0,964.2
2016-08-30 22:00:00,22.1,65,4.8,0.0,964.1
2016-08-30 23:00:00,21.5,67,5.4,0.0,964.1
2016-08-31 00:00:00,21.6,66,5.9,0.0,964.0
2016-08-31 01:00:00,21.3,66,4.7,0.0,963.7
2016-08-31 02:00:00,20.9,68,3.7,0.0,963.2
2016-08-31 03:00:00,20.3,70,3.1,0.0,962.9
2016-08-31 04:00:00,19.3,75,3.9,0.0,962.0
2016-08-31 05:00:00,19.2,75,3.9,0.0,962.1
2016-08-31 06:00:00,19.6,74,4.1,0.0,963.4
2016-08-31 07:00:00,20.1,73,4.4,16.0,963.2
2016-08-31 08:00:00,22.3,69,4.5,119.0,963.8
2016-08-31 09:00:00,24.8,52,6.1,274.0,963.9
2016-08-31 10:00:00,26.4,47,7.8,446.0,964.0
2016-08-31 11:00:00,27.8,43,8.3,625.0,964.0
2016-08-31 12:00:00,28.8,40,8.5,723.0,963.3
2016-08-31 13:00:00,29.8,38,8.7,797.0,962.9
2016-08-31 14:00:00,30.1,37,7.6,670.0,962.1
2016-08-31 15:00:00,30.0,37,6.7,619.0,961.6
2016-08-31 16:00:00,29.9,37,6.1,536.0,961.0
2016-08-31 17:00:00,29.3,37,6.3,360.0,960.2
2016-08-31 18:00:00,28.5,39,5.8,222.0,960.7
2016-08-31 19:00:00,27.2,42,6.9,71.0,960.0
2016-08-31 20:00:00,25.6,45,7.9,1.0,959.9
2016-08-31 21:00:00,24.3,48,6.2,0.0,960.2
2016-08-31 22:00:00,22.5,56,6.2,0.0,960.2
2016-08-31 23:00:00,21.7,58,5.0,0.0,960.3
2016-09-01 00:00:00,21.8,55,4.3,0.0,960.6
2016-09-01 01:00:00,21.6,55,2.9,0.0,960.5
2016-09-01 02:00:00,20.7,58,3.3,0.0,960.4
2016-09-01 03:00:00,20.7,53,5.8,0.0,960.1
2016-09-01 04:00:00,19.7,56,6.6,0.0,960.0
2016-09-01 05:00:00,19.3,57,5.5,0.0,959.7
2016-09-01 06:00:00,19.5,55,7.4,0.0,960.7
2016-09-01 07:00:00,20.2,52,3.5,22.0,960.7
2016-09-01 08:00:00,22.4,52,4.1,175.0,961.5
2016-09-01 09:00:00,26.5,36,7.2,383.0,962.8
2016-09-01 10:00:00,28.7,30,10.1,582.0,962.8
2016-09-01 11:00:00,30.3,26,9.7,746.0,962.8
2016-09-01 12:00:00,31.4,24,9.4,858.0,962.4
2016-09-01 13:00:00,32.3,22,8.6,910.0,961.8
2016-09-01 14:00:00,33.0,20,8.3,893.0,961.0
2016-09-01 15:00:00,33.4,20,8.4,803.0,960.4
2016-09-01 16:00:00,33.4,19,8.6,655.0,959.6
2016-09-01 17:00:00,32.9,19,8.0,451.0,959.0
2016-09-01 18:00:00,31.8,22,7.2,261.0,959.1
2016-09-01 19:00:00,29.6,26,9.5,77.0,958.8
2016-09-01 20:00:00,27.8,28,10.0,0.0,959.0
2016-09-01 21:00:00,26.1,35,9.2,0.0,960.0
2016-09-01 22:00:00,26.8,29,4.7,0.0,960.9
2016-09-01 23:00:00,24.9,33,3.3,0.0,960.8
2016-09-02 00:00:00,23.1,37,3.8,0.0,961.1
2016-09-02 01:00:00,21.6,41,3.3,0.0,960.7
2016-09-02 02:00:00,20.6,44,2.6,0.0,960.6
2016-09-02 03:00:00,19.2,46,2.6,0.0,960.3
2016-09-02 04:00:00,17.9,50,2.1,0.0,960.2
2016-09-02 05:00:00,17.0,53,2.4,0.0,960.2
2016-09-02 06:00:00,16.3,57,2.6,0.0,960.9
2016-09-02 07:00:00,16.4,60,3.0,21.0,961.0
2016-09-02 08:00:00,20.5,54,3.6,174.0,961.7
2016-09-02 09:00:00,26.1,33,3.1,384.0,963.1
2016-09-02 10:00:00,28.5,26,4.0,586.0,963.2
2016-09-02 11:00:00,30.4,22,1.8,751.0,963.2
2016-09-02 12:00:00,32.0,19,1.9,862.0,962.3
2016-09-02 13:00:00,33.2,17,3.6,911.0,961.7
2016-09-02 14:00:00,33.9,15,5.2,889.0,961.1
2016-09-02 15:00:00,34.1,13,6.3,807.0,960.2
2016-09-02 16:00:00,34.1,12,7.1,667.0,959.9
2016-09-02 17:00:00,33.6,13,6.5,436.0,959.4
2016-09-02 18:00:00,32.6,16,1.9,203.0,960.4
2016-09-02 19:00:00,31.4,19,1.8,55.0,960.2
2016-09-02 20:00:00,30.7,17,2.3,0.0,960.4
2016-09-02 21:00:00,29.8,18,3.7,0.0,961.0
2016-09-02 22:00:00,28.2,22,4.5,0.0,961.3
2016-09-02 23:00:00,26.2,27,4.9,0.0,961.4
2016-09-03 00:00:00,24.4,32,4.6,0.0,961.5
2016-09-03 01:00:00,24.1,33,3.6,0.0,961.7
2016-09-03 02:00:00,23.5,36,1.5,0.0,961.2
2016-09-03 03:00:00,23.7,38,1.8,0.0,961.2
2016-09-03 04:00:00,23.3,40,2.4,0.0,961.1
2016-09-03 05:00:00,22.6,43,2.6,0.0,961.1
2016-09-03 06:00:00,22.8,44,3.0,0.0,962.5
2016-09-03 07:00:00,23.0,42,3.4,14.0,962.7
2016-09-03 08:00:00,23.5,47,3.3,66.0,963.5
2016-09-03 09:00:00,25.7,39,2.3,158.0,964.0
2016-09-03 10:00:00,27.1,28,2.9,257.0,964.4
2016-09-03 11:00:00,27.8,26,3.9,272.0,964.7
2016-09-03 12:00:00,28.9,23,4.7,399.0,964.8
2016-09-03 13:00:00,29.1,23,5.5,335.0,964.7
2016-09-03 14:00:00,29.6,22,5.6,402.0,964.4
2016-09-03 15:00:00,29.5,21,4.6,401.0,964.1
2016-09-03 16:00:00,29.4,22,3.6,266.0,964.2
2016-09-03 17:00:00,29.0,22,3.3,160.0,964.0
2016-09-03 18:00:00,28.6,24,4.7,102.0,965.6
2016-09-03 19:00:00,27.4,27,8.0,42.0,965.0
2016-09-03 20:00:00,26.0,33,8.2,0.0,965.9
2016-09-03 21:00:00,24.9,39,6.4,0.0,966.1
2016-09-03 22:00:00,24.0,44,4.9,0.0,966.5
2016-09-03 23:00:00,23.1,51,4.7,0.0,966.1
2016-09-04 00:00:00,22.5,54,5.1,0.0,966.2
2016-09-04 01:00:00,22.1,56,4.1,0.0,966.1
2016-09-04 02:00:00,22.2,56,2.9,0.0,965.9
2016-09-04 03:00:00,21.2,60,2.1,0.0,966.0
2016-09-04 04:00:00,21.0,60,1.6,0.0,965.6
2016-09-04 05:00:00,21.1,60,1.5,0.0,966.5
2016-09-04 06:00:00,21.1,61,2.9,0.0,967.1
2016-09-04 07:00:00,21.3,62,1.8,8.0,967.1
2016-09-04 08:00:00,22.5,64,1.9,87.0,968.2
2016-09-04 09:00:00,24.8,45,2.7,220.0,968.6
2016-09-04 10:00:00,27.1,34,3.8,454.0,969.1
2016-09-04 11:00:00,28.6,30,3.4,553.0,969.1
2016-09-04 12:00:00,29.9,26,3.1,649.0,968.3
2016-09-04 13:00:00,31.4,24,2.5,807.0,968.0
2016-09-04 14:00:00,32.3,22,2.3,817.0,967.2
2016-09-04 15:00:00,32.2,25,2.9,712.0,966.3
2016-09-04 16:00:00,32.3,24,4.3,568.0,965.8
2016-09-04 17:00:00,32.0,25,5.2,411.0,965.6
2016-09-04 18:00:00,31.1,27,2.4,223.0,965.8
2016-09-04 19:00:00,29.8,30,0.7,61.0,965.1
2016-09-04 20:00:00,28.6,33,3.3,0.0,965.7
2016-09-04 21:00:00,26.5,38,5.2,0.0,966.2
2016-09-04 22:00:00,24.4,43,5.4,0.0,966.3
2016-09-04 23:00:00,23.6,45,4.7,0.0,966.5
2016-09-05 00:00:00,24.8,41,2.8,0.0,966.5
2016-09-05 01:00:00,24.0,43,2.2,0.0,966.4
2016-09-05 02:00:00,23.0,46,1.9,0.0,966.0
2016-09-05 03:00:00,23.5,47,1.6,0.0,965.9
2016-09-05 04:00:00,22.7,50,1.8,0.0,965.8
2016-09-05 05:00:00,21.9,52,1.5,0.0,966.0
2016-09-05 06:00:00,21.3,54,1.8,0.0,966.9
2016-09-05 07:00:00,21.3,54,1.6,13.0,966.8
2016-09-05 08:00:00,22.3,69,1.8,101.0,967.7
2016-09-05 09:00:00,26.1,41,1.1,228.0,968.4
2016-09-05 10:00:00,27.8,36,2.9,347.0,968.8
2016-09-05 11:00:00,29.2,34,3.3,469.0,968.6
2016-09-05 12:00:00,29.8,33,3.7,410.0,968.1
2016-09-05 13:00:00,30.6,32,4.0,471.0,967.6
2016-09-05 14:00:00,30.4,32,4.0,323.0,967.2
2016-09-05 15:00:00,30.5,33,1.8,296.0,966.9
2016-09-05 16:00:00,29.9,35,1.1,240.0,966.8
2016-09-05 17:00:00,28.7,39,3.8,126.0,966.8
2016-09-05 18:00:00,27.6,43,7.8,65.0,967.2
2016-09-05 19:00:00,26.8,45,7.2,17.0,967.2
2016-09-05 20:00:00,26.1,48,5.4,0.0,967.7
2016-09-05 21:00:00,25.2,51,6.8,0.0,968.2
2016-09-05 22:00:00,24.5,54,6.7,0.0,968.6
2016-09-05 23:00:00,23.9,55,6.2,0.0,968.5
2016-09-06 00:00:00,23.5,57,6.9,0.0,968.6
2016-09-06 01:00:00,23.3,59,6.7,0.0,968.5
2016-09-06 02:00:00,22.9,61,6.6,0.0,968.5
2016-09-06 03:00:00,22.4,65,5.8,0.0,968.3
2016-09-06 04:00:00,22.0,67,5.8,0.0,968.4
2016-09-06 05:00:00,21.6,69,6.1,0.0,968.0
2016-09-06 06:00:00,21.2,72,5.1,0.0,968.5
2016-09-06 07:00:00,20.7,75,5.6,4.0,969.1
2016-09-06 08:00:00,20.7,76,6.6,42.0,969.2
2016-09-06 09:00:00,20.8,79,7.4,106.0,970.1
2016-09-06 10:00:00,20.7,81,5.8,113.0,970.2
2016-09-06 11:00:00,21.0,81,5.5,176.0,970.1
2016-09-06 12:00:00,20.6,85,5.0,139.0,969.7
2016-09-06 13:00:00,20.8,85,4.0,187.0,969.4
2016-09-06 14:00:00,20.6,85,2.9,151.0,968.7
2016-09-06 15:00:00,22.4,61,3.7,141.0,968.3
2016-09-06 16:00:00,22.6,60,4.1,106.0,968.1
2016-09-06 17:00:00,23.5,55,3.6,212.0,967.2
2016-09-06 18:00:00,23.3,55,3.4,123.0,967.5
2016-09-06 19:00:00,22.9,57,1.3,46.0,968.0
2016-09-06 20:00:00,21.5,64,4.2,0.0,968.0
2016-09-06 21:00:00,20.0,70,4.3,0.0,968.5
2016-09-06 22:00:00,19.2,74,3.3,0.0,968.9
2016-09-06 23:00:00,19.2,74,2.2,0.0,969.1
2016-09-07 00:00:00,19.6,72,1.3,0.0,969.3
2016-09-07 01:00:00,19.4,73,1.3,0.0,969.2
2016-09-07 02:00:00,19.0,75,1.9,0.0,969.2
2016-09-07 03:00:00,18.6,76,1.3,0.0,968.7
2016-09-07 04:00:00,18.2,77,2.2,0.0,968.5
2016-09-07 05:00:00,17.8,79,2.6,0.0,968.5
2016-09-07 06:00:00,17.1,81,2.2,0.0,969.0
2016-09-07 07:00:00,16.4,84,1.4,15.0,969.5
2016-09-07 08:00:00,18.1,82,1.1,148.0,969.8
2016-09-07 09:00:00,21.2,62,3.2,361.0,970.3
2016-09-07 10:00:00,23.0,55,5.6,553.0,970.2
2016-09-07 11:00:00,24.5,48,6.0,723.0,970.3
2016-09-07 12:00:00,25.9,43,5.7,820.0,969.3
2016-09-07 13:00:00,27.2,38,5.6,892.0,968.6
2016-09-07 14:00:00,28.2,35,4.4,875.0,968.0
2016-09-07 15:00:00,28.3,34,2.6,724.0,966.8
2016-09-07 16:00:00,28.4,32,1.8,568.0,966.3
2016-09-07 17:00:00,28.2,31,3.1,428.0,965.8
2016-09-07 18:00:00,27.5,33,3.3,236.0,966.2
2016-09-07 19:00:00,26.1,36,5.1,53.0,966.5
2016-09-07 20:00:00,24.7,39,5.4,0.0,966.3
2016-09-07 21:00:00,23.7,42,6.6,0.0,966.6
2016-09-07 22:00:00,23.2,46,4.3,0.0,967.1
2016-09-07 23:00:00,22.9,45,1.4,0.0,966.6
2016-09-08 00:00:00,21.9,49,1.8,0.0,966.6
2016-09-08 01:00:00,20.8,55,2.3,0.0,966.0
2016-09-08 02:00:00,19.9,59,1.5,0.0,965.9
2016-09-08 03:00:00,19.8,57,1.5,0.0,965.7
2016-09-08 04:00:00,18.6,62,1.5,0.0,965.7
2016-09-08 05:00:00,17.5,67,1.5,0.0,965.7
2016-09-08 06:00:00,16.7,70,1.8,0.0,966.8
2016-09-08 07:00:00,16.6,71,1.5,15.0,966.4
2016-09-08 08:00:00,18.8,78,1.8,148.0,967.8
2016-09-08 09:00:00,23.7,44,0.8,352.0,968.7
2016-09-08 10:00:00,26.0,37,1.8,541.0,968.7
2016-09-08 11:00:00,28.0,30,2.5,724.0,967.9
2016-09-08 12:00:00,29.7,26,3.3,829.0,967.3
2016-09-08 13:00:00,31.1,23,4.0,890.0,966.5
2016-09-08 14:00:00,32.1,20,4.5,885.0,965.6
2016-09-08 15:00:00,32.1,21,5.5,762.0,964.7
2016-09-08 16:00:00,32.3,20,7.1,596.0,964.0
2016-09-08 17:00:00,31.7,20,7.0,361.0,963.4
2016-09-08 18:00:00,30.9,22,3.3,179.0,963.9
2016-09-08 19:00:00,29.8,26,2.5,40.0,963.1
2016-09-08 20:00:00,28.1,27,2.9,0.0,964.0
2016-09-08 21:00:00,26.1,30,2.9,0.0,964.3
2016-09-08 22:00:00,25.1,32,1.8,0.0,964.9
2016-09-08 23:00:00,24.2,35,1.9,0.0,964.7
2016-09-09 00:00:00,23.8,37,1.8,0.0,965.0
2016-09-09 01:00:00,23.2,39,0.8,0.0,964.6
2016-09-09 02:00:00,22.5,43,1.1,0.0,964.3
2016-09-09 03:00:00,23.0,46,0.8,0.0,964.4
2016-09-09 04:00:00,22.3,50,1.1,0.0,964.2
2016-09-09 05:00:00,22.3,51,1.3,0.0,964.7
2016-09-09 06:00:00,22.2,52,4.3,0.0,966.6
2016-09-09 07:00:00,22.1,53,0.4,3.0,966.4
2016-09-09 08:00:00,21.5,57,1.4,20.0,967.3
2016-09-09 09:00:00,22.1,53,2.8,50.0,968.1
2016-09-09 10:00:00,22.3,56,6.9,134.0,968.3
2016-09-09 11:00:00,22.0,61,12.6,160.0,968.9
2016-09-09 12:00:00,22.1,64,16.2,235.0,969.6
2016-09-09 13:00:00,22.3,65,15.2,264.0,970.0
2016-09-09 14:00:00,22.2,68,13.3,234.0,970.2
2016-09-09 15:00:00,22.4,62,11.2,276.0,969.9
2016-09-09 16:00:00,22.7,62,9.8,275.0,970.3
2016-09-09 17:00:00,22.3,65,9.1,185.0,970.3
2016-09-09 18:00:00,21.6,69,9.5,63.0,970.8
2016-09-09 19:00:00,21.1,73,5.1,18.0,970.2
2016-09-09 20:00:00,20.8,74,5.4,0.0,971.3
2016-09-09 21:00:00,20.2,77,5.2,0.0,971.7
2016-09-09 22:00:00,19.6,80,6.2,0.0,972.5
2016-09-09 23:00:00,19.3,81,6.7,0.0,972.0
2016-09-10 00:00:00,18.8,82,6.5,0.0,971.9
2016-09-10 01:00:00,18.2,83,6.7,0.0,971.5
2016-09-10 02:00:00,17.7,84,7.2,0.0,971.0
2016-09-10 03:00:00,16.5,86,8.0,0.0,970.5
2016-09-10 04:00:00,16.2,85,6.8,0.0,970.6
2016-09-10 05:00:00,16.4,82,6.2,0.0,970.6
2016-09-10 06:00:00,16.0,82,3.4,0.0,971.2
2016-09-10 07:00:00,16.0,82,3.0,14.0,971.4
2016-09-10 08:00:00,18.2,79,2.9,146.0,971.9
2016-09-10 09:00:00,21.9,56,4.9,348.0,972.5
2016-09-10 10:00:00,24.1,47,7.2,545.0,972.4
2016-09-10 11:00:00,25.8,40,7.6,708.0,972.0
2016-09-10 12:00:00,27.3,35,7.6,819.0,971.4
2016-09-10 13:00:00,28.5,32,6.5,870.0,970.4
2016-09-10 14:00:00,29.5,29,5.8,851.0,969.7
2016-09-10 15:00:00,29.7,28,4.7,776.0,968.4
2016-09-10 16:00:00,29.9,27,4.5,615.0,967.9
2016-09-10 17:00:00,29.5,27,4.0,420.0,967.3
2016-09-10 18:00:00,28.6,28,2.9,211.0,967.6
2016-09-10 19:00:00,27.2,30,4.9,45.0,967.3
2016-09-10 20:00:00,25.3,34,5.9,0.0,967.9
2016-09-10 21:00:00,23.6,38,6.6,0.0,968.1
2016-09-10 22:00:00,21.5,45,7.1,0.0,968.0
2016-09-10 23:00:00,19.9,51,7.0,0.0,967.8
2016-09-11 00:00:00,19.4,53,5.4,0.0,967.8
2016-09-11 01:00:00,18.8,55,2.2,0.0,967.5
2016-09-11 02:00:00,18.2,56,2.6,0.0,967.4
2016-09-11 03:00:00,17.9,55,2.6,0.0,967.6
2016-09-11 04:00:00,17.3,56,2.6,0.0,967.4
2016-09-11 05:00:00,17.0,57,2.3,0.0,967.6
2016-09-11 06:00:00,16.1,60,2.6,0.0,968.2
2016-09-11 07:00:00,16.0,61,1.9,15.0,968.9
2016-09-11 08:00:00,19.0,61,2.9,157.0,970.1
2016-09-11 09:00:00,24.3,38,2.5,366.0,971.1
2016-09-11 10:00:00,26.8,31,4.5,566.0,971.4
2016-09-11 11:00:00,28.6,29,4.4,729.0,971.6
2016-09-11 12:00:00,29.9,26,3.6,836.0,970.9
2016-09-11 13:00:00,30.8,24,2.5,882.0,970.2
2016-09-11 14:00:00,31.4,22,3.1,820.0,969.1
2016-09-11 15:00:00,30.9,23,3.6,726.0,968.0
2016-09-11 16:00:00,31.0,21,5.4,611.0,967.6
2016-09-11 17:00:00,30.7,21,6.7,439.0,967.3
2016-09-11 18:00:00,29.7,23,5.5,225.0,967.3
2016-09-11 19:00:00,27.9,26,7.6,47.0,967.0
2016-09-11 20:00:00,26.1,28,8.7,0.0,967.5
2016-09-11 21:00:00,24.5,31,7.8,0.0,968.5
2016-09-11 22:00:00,22.6,38,3.9,0.0,968.7
2016-09-11 23:00:00,21.5,40,1.8,0.0,968.8
2016-09-12 00:00:00,21.0,42,1.9,0.0,968.9
2016-09-12 01:00:00,20.6,44,2.6,0.0,969.0
2016-09-12 02:00:00,20.4,45,2.7,0.0,969.0
2016-09-12 03:00:00,20.8,44,3.1,0.0,969.1
2016-09-12 04:00:00,20.6,46,2.7,0.0,969.1
2016-09-12 05:00:00,20.6,46,1.9,0.0,969.6
2016-09-12 06:00:00,20.5,46,1.8,0.0,970.4
2016-09-12 07:00:00,20.6,47,0.4,11.0,970.4
2016-09-12 08:00:00,21.7,49,0.8,113.0,971.7
2016-09-12 09:00:00,24.3,38,0.8,255.0,972.5
2016-09-12 10:00:00,25.7,35,1.1,364.0,973.1
2016-09-12 11:00:00,27.3,32,1.1,488.0,973.5
2016-09-12 12:00:00,28.5,30,2.2,590.0,973.8
2016-09-12 13:00:00,29.5,29,0.4,654.0,973.3
2016-09-12 14:00:00,29.2,31,1.1,503.0,973.7
2016-09-12 15:00:00,23.4,55,3.6,321.0,972.9
2016-09-12 16:00:00,21.6,68,4.2,149.0,973.4
2016-09-12 17:00:00,20.2,80,4.0,72.0,973.1
2016-09-12 18:00:00,19.5,84,2.7,38.0,974.6
2016-09-12 19:00:00,19.2,86,1.5,12.0,974.2
2016-09-12 20:00:00,19.1,89,0.4,0.0,974.4
2016-09-12 21:00:00,19.0,88,1.0,0.0,974.6
2016-09-12 22:00:00,19.1,87,3.1,0.0,975.1
2016-09-12 23:00:00,18.8,87,3.4,0.0,975.0
2016-09-13 00:00:00,18.6,88,2.9,0.0,975.0
2016-09-13 01:00:00,18.6,87,2.4,0.0,974.6
2016-09-13 02:00:00,18.5,87,2.3,0.0,974.5
2016-09-13 03:00:00,18.4,86,2.2,0.0,974.4
2016-09-13 04:00:00,18.4,85,2.4,0.0,974.4
2016-09-13 05:00:00,18.3,86,2.6,0.0,974.2
2016-09-13 06:00:00,17.8,88,3.6,0.0,974.9
2016-09-13 07:00:00,17.7,90,3.3,6.0,975.1
2016-09-13 08:00:00,18.7,81,3.7,92.0,975.3
2016-09-13 09:00:00,19.8,74,4.7,216.0,975.8
2016-09-13 10:00:00,21.0,70,5.2,334.0,975.7
2016-09-13 11:00:00,23.1,62,5.7,506.0,975.6
2016-09-13 12:00:00,24.4,57,5.6,500.0,975.0
2016-09-13 13:00:00,25.5,53,5.8,493.0,973.8
2016-09-13 14:00:00,26.5,48,6.0,493.0,973.2
2016-09-13 15:00:00,25.9,51,6.0,430.0,972.1
2016-09-13 16:00:00,26.4,49,7.3,352.0,971.4
2016-09-13 17:00:00,26.7,47,8.0,346.0,971.1
2016-09-13 18:00:00,26.0,50,6.5,147.0,972.5
2016-09-13 19:00:00,24.9,55,4.8,27.0,971.6
2016-09-13 20:00:00,24.1,59,4.2,0.0,972.1
2016-09-13 21:00:00,22.7,65,4.0,0.0,972.3
2016-09-13 22:00:00,21.9,68,2.5,0.0,972.4
2016-09-13 23:00:00,21.4,70,1.8,0.0,972.3
2016-09-14 00:00:00,20.9,73,1.5,0.0,972.5
2016-09-14 01:00:00,20.2,76,2.2,0.0,972.0
2016-09-14 02:00:00,19.6,79,2.5,0.0,971.7
2016-09-14 03:00:00,19.6,76,2.6,0.0,971.3
2016-09-14 04:00:00,19.3,77,2.6,0.0,971.1
2016-09-14 05:00:00,19.1,79,2.6,0.0,971.4
2016-09-14 06:00:00,18.8,81,1.8,0.0,972.2
2016-09-14 07:00:00,18.8,82,2.0,8.0,972.2
2016-09-14 08:00:00,20.3,78,3.8,93.0,972.6
2016-09-14 09:00:00,22.6,69,6.4,239.0,973.0
2016-09-14 10:00:00,24.6,61,6.9,421.0,972.8
2016-09-14 11:00:00,26.5,53,5.7,553.0,973.3
2016-09-14 12:00:00,27.9,48,4.2,573.0,972.9
2016-09-14 13:00:00,28.6,45,3.8,568.0,973.0
2016-09-14 14:00:00,28.9,43,3.7,511.0,973.0
2016-09-14 15:00:00,23.0,73,3.3,110.0,971.8
2016-09-14 16:00:00,22.2,81,1.8,99.0,971.7
2016-09-14 17:00:00,21.7,84,1.1,46.0,971.7
2016-09-14 18:00:00,21.4,87,1.6,34.0,972.4
2016-09-14 19:00:00,21.1,93,3.3,7.0,972.5
2016-09-14 20:00:00,20.8,94,2.5,0.0,972.4
2016-09-14 21:00:00,20.8,93,2.7,0.0,972.9
2016-09-14 22:00:00,20.7,93,4.3,0.0,973.1
2016-09-14 23:00:00,20.6,91,3.6,0.0,973.5
2016-09-15 00:00:00,20.2,93,4.3,0.0,973.5
2016-09-15 01:00:00,20.1,94,3.9,0.0,973.4
2016-09-15 02:00:00,20.1,93,4.3,0.0,973.0
2016-09-15 03:00:00,19.6,92,3.8,0.0,972.7
2016-09-15 04:00:00,19.6,90,3.9,0.0,972.5
2016-09-15 05:00:00,19.3,91,3.8,0.0,972.5
2016-09-15 06:00:00,19.1,92,3.7,0.0,973.1
2016-09-15 07:00:00,19.1,93,3.3,2.0,973.0
2016-09-15 08:00:00,19.5,90,2.3,32.0,973.3
2016-09-15 09:00:00,20.0,87,2.2,82.0,973.4
2016-09-15 10:00:00,20.7,82,2.7,156.0,973.4
2016-09-15 11:00:00,21.8,77,2.1,299.0,973.2
2016-09-15 12:00:00,22.8,73,2.0,353.0,972.5
2016-09-15 13:00:00,24.3,66,2.6,572.0,971.9
2016-09-15 14:00:00,25.0,62,2.5,498.0,971.0
2016-09-15 15:00:00,25.4,60,1.8,485.0,969.9
2016-09-15 16:00:00,25.8,58,2.9,461.0,969.3
2016-09-15 17:00:00,25.8,57,4.6,350.0,969.0
2016-09-15 18:00:00,25.1,61,1.9,166.0,969.1
2016-09-15 19:00:00,24.0,66,4.9,28.0,968.9
2016-09-15 20:00:00,22.6,73,5.4,0.0,969.2
2016-09-15 21:00:00,22.0,75,3.2,0.0,969.6
2016-09-15 22:00:00,21.7,74,1.9,0.0,969.6
2016-09-15 23:00:00,21.4,75,0.4,0.0,969.6
2016-09-16 00:00:00,20.6,78,0.4,0.0,969.5
2016-09-16 01:00:00,20.1,80,1.1,0.0,969.3
2016-09-16 02:00:00,19.5,82,1.3,0.0,968.7
2016-09-16 03:00:00,19.0,84,0.8,0.0,968.8
2016-09-16 04:00:00,18.8,84,0.8,0.0,968.4
2016-09-16 05:00:00,18.6,85,0.8,0.0,968.7
2016-09-16 06:00:00,18.5,85,0.7,0.0,969.7
2016-09-16 07:00:00,18.4,85,1.4,8.0,969.5
2016-09-16 08:00:00,19.9,84,0.8,112.0,970.0
2016-09-16 09:00:00,22.5,70,3.0,304.0,970.5
2016-09-16 10:00:00,24.0,65,3.4,488.0,970.4
2016-09-16 11:00:00,25.4,60,3.1,613.0,970.4
2016-09-16 12:00:00,26.5,56,3.1,692.0,969.3
2016-09-16 13:00:00,27.6,52,4.1,750.0,968.6
2016-09-16 14:00:00,28.3,49,6.2,699.0,967.5
2016-09-16 15:00:00,28.0,49,7.5,495.0,967.0
2016-09-16 16:00:00,28.1,48,8.1,450.0,966.4
2016-09-16 17:00:00,28.0,48,9.0,328.0,965.9
2016-09-16 18:00:00,27.2,52,5.9,157.0,965.9
2016-09-16 19:00:00,25.8,56,8.2,26.0,965.7
2016-09-16 20:00:00,24.7,59,6.2,0.0,966.0
2016-09-16 21:00:00,23.5,66,4.1,0.0,967.0
2016-09-16 22:00:00,22.8,67,2.3,0.0,966.9
2016-09-16 23:00:00,21.9,69,1.5,0.0,967.4
2016-09-17 00:00:00,21.1,72,1.8,0.0,967.5
2016-09-17 01:00:00,20.2,74,1.9,0.0,967.5
2016-09-17 02:00:00,19.4,77,2.4,0.0,967.6
2016-09-17 03:00:00,19.5,79,2.1,0.0,967.8
2016-09-17 04:00:00,19.0,80,2.6,0.0,967.8
2016-09-17 05:00:00,18.7,81,2.8,0.0,967.7
2016-09-17 06:00:00,18.7,80,2.1,0.0,969.4
2016-09-17 07:00:00,18.6,80,2.6,9.0,969.0
2016-09-17 08:00:00,20.2,83,2.4,117.0,969.9
2016-09-17 09:00:00,23.8,61,1.5,305.0,970.6
2016-09-17 10:00:00,25.6,56,3.4,454.0,971.0
2016-09-17 11:00:00,27.1,50,3.4,593.0,971.0
2016-09-17 12:00:00,28.4,46,3.2,705.0,970.4
2016-09-17 13:00:00,29.2,43,3.1,705.0,970.0
2016-09-17 14:00:00,29.6,40,3.1,592.0,969.3
2016-09-17 15:00:00,28.0,48,3.4,372.0,968.7
2016-09-17 16:00:00,27.9,49,3.4,291.0,968.6
2016-09-17 17:00:00,27.3,51,2.2,182.0,968.3
2016-09-17 18:00:00,26.8,54,4.7,108.0,969.2
2016-09-17 19:00:00,25.8,60,4.4,15.0,968.9
2016-09-17 20:00:00,25.0,64,4.3,0.0,969.2
2016-09-17 21:00:00,24.1,68,5.4,0.0,969.9
2016-09-17 22:00:00,23.6,69,6.0,0.0,970.3
2016-09-17 23:00:00,23.7,67,5.0,0.0,970.4
2016-09-18 00:00:00,23.6,67,4.0,0.0,970.8
2016-09-18 01:00:00,23.3,68,3.1,0.0,970.5
2016-09-18 02:00:00,22.9,69,2.5,0.0,970.4
2016-09-18 03:00:00,23.1,72,1.1,0.0,970.3
2016-09-18 04:00:00,22.9,72,0.7,0.0,969.9
2016-09-18 05:00:00,22.7,72,0.7,0.0,970.0
2016-09-18 06:00:00,22.4,72,1.5,0.0,970.5
2016-09-18 07:00:00,22.0,73,2.3,3.0,970.5
2016-09-18 08:00:00,22.2,74,1.0,43.0,971.0
2016-09-18 09:00:00,23.0,69,2.3,83.0,971.6
2016-09-18 10:00:00,23.5,66,4.2,131.0,972.1
2016-09-18 11:00:00,23.5,66,4.2,167.0,972.2
2016-09-18 12:00:00,23.2,69,4.5,138.0,971.8
2016-09-18 13:00:00,23.4,68,3.1,168.0,971.6
2016-09-18 14:00:00,23.6,67,3.2,186.0,971.7
2016-09-18 15:00:00,22.8,72,4.1,170.0,971.3
2016-09-18 16:00:00,22.8,72,4.7,168.0,971.0
2016-09-18 17:00:00,22.5,74,3.6,96.0,971.1
2016-09-18 18:00:00,22.0,77,3.3,49.0,972.2
2016-09-18 19:00:00,21.3,82,3.2,6.0,971.9
2016-09-18 20:00:00,20.5,91,3.5,0.0,972.7
2016-09-18 21:00:00,20.4,90,3.8,0.0,973.5
2016-09-18 22:00:00,20.2,90,4.0,0.0,974.0
2016-09-18 23:00:00,19.9,91,3.3,0.0,974.0
2016-09-19 00:00:00,19.7,91,2.9,0.0,974.1
2016-09-19 01:00:00,19.4,92,2.9,0.0,973.6
2016-09-19 02:00:00,19.3,93,3.4,0.0,973.4
2016-09-19 03:00:00,18.8,93,2.9,0.0,973.1
2016-09-19 04:00:00,18.8,93,3.6,0.0,972.9
2016-09-19 05:00:00,18.7,93,4.3,0.0,973.0
2016-09-19 06:00:00,18.6,93,4.1,0.0,974.0
2016-09-19 07:00:00,18.6,93,5.8,1.0,974.5
2016-09-19 08:00:00,18.6,93,6.9,22.0,975.0
2016-09-19 09:00:00,18.7,93,8.0,54.0,976.1
2016-09-19 10:00:00,18.5,93,8.4,60.0,976.3
2016-09-19 11:00:00,18.3,93,8.0,87.0,976.4
2016-09-19 12:00:00,18.3,93,7.9,110.0,976.3
2016-09-19 13:00:00,18.2,94,7.6,105.0,975.7
2016-09-19 14:00:00,18.5,92,6.6,129.0,975.1
2016-09-19 15:00:00,17.7,88,5.0,70.0,974.8
2016-09-19 16:00:00,18.1,85,3.3,74.0,974.5
2016-09-19 17:00:00,18.5,83,2.9,64.0,974.5
2016-09-19 18:00:00,18.4,83,3.3,22.0,975.1
2016-09-19 19:00:00,18.2,85,3.3,6.0,975.5
2016-09-19 20:00:00,18.2,85,3.3,0.0,975.7
2016-09-19 21:00:00,18.1,87,2.5,0.0,976.5
2016-09-19 22:00:00,18.3,86,2.6,0.0,976.4
2016-09-19 23:00:00,18.3,86,2.6,0.0,976.4
2016-09-20 00:00:00,18.3,87,2.5,0.0,976.5
2016-09-20 01:00:00,18.3,84,2.9,0.0,976.2
2016-09-20 02:00:00,18.4,83,2.7,0.0,976.2
2016-09-20 03:00:00,17.7,85,3.4,0.0,975.9
2016-09-20 04:00:00,17.3,90,2.2,0.0,976.0
2016-09-20 05:00:00,17.5,89,2.2,0.0,975.9
2016-09-20 06:00:00,17.4,93,1.1,0.0,976.6
2016-09-20 07:00:00,17.7,86,1.0,2.0,977.0
2016-09-20 08:00:00,17.7,88,2.9,24.0,977.1
2016-09-20 09:00:00,18.1,85,2.7,71.0,977.8
2016-09-20 10:00:00,19.0,80,3.7,199.0,978.0
2016-09-20 11:00:00,19.2,80,3.6,145.0,977.7
2016-09-20 12:00:00,20.0,78,2.4,254.0,977.3
2016-09-20 13:00:00,20.8,74,2.6,321.0,976.7
2016-09-20 14:00:00,21.5,72,1.6,344.0,976.4
2016-09-20 15:00:00,20.5,76,1.8,248.0,975.4
2016-09-20 16:00:00,20.4,78,1.1,157.0,975.0
2016-09-20 17:00:00,20.3,79,0.7,96.0,974.8
2016-09-20 18:00:00,20.2,80,3.4,59.0,975.8
2016-09-20 19:00:00,19.8,84,4.7,12.0,975.5
2016-09-20 20:00:00,19.8,81,3.6,0.0,975.6
2016-09-20 21:00:00,19.5,81,3.2,0.0,976.0
2016-09-20 22:00:00,18.9,82,2.9,0.0,975.7
2016-09-20 23:00:00,18.1,83,1.9,0.0,975.7
2016-09-21 00:00:00,17.0,86,2.3,0.0,975.4
2016-09-21 01:00:00,16.1,90,3.2,0.0,975.4
2016-09-21 02:00:00,15.4,91,3.9,0.0,975.1
2016-09-21 03:00:00,13.5,97,4.0,0.0,974.6
2016-09-21 04:00:00,13.0,99,4.9,0.0,974.3
2016-09-21 05:00:00,12.7,99,4.9,0.0,974.4
2016-09-21 06:00:00,12.5,98,4.8,0.0,975.5
2016-09-21 07:00:00,12.6,97,3.9,7.0,975.1
2016-09-21 08:00:00,14.5,93,3.8,109.0,976.0
2016-09-21 09:00:00,17.8,81,0.5,304.0,976.9
2016-09-21 10:00:00,20.1,70,2.5,503.0,977.2
2016-09-21 11:00:00,21.8,63,3.3,652.0,977.1
2016-09-21 12:00:00,22.9,60,3.3,729.0,976.1
2016-09-21 13:00:00,24.1,56,3.6,791.0,975.2
2016-09-21 14:00:00,25.0,52,3.8,806.0,974.2
2016-09-21 15:00:00,25.0,52,4.2,712.0,973.2
2016-09-21 16:00:00,25.1,51,4.4,556.0,972.4
2016-09-21 17:00:00,24.8,52,4.6,379.0,972.2
2016-09-21 18:00:00,23.8,57,1.8,174.0,972.6
2016-09-21 19:00:00,22.4,65,1.8,22.0,972.0
2016-09-21 20:00:00,21.9,61,0.8,0.0,972.2
2016-09-21 21:00:00,20.5,65,0.5,0.0,972.5
2016-09-21 22:00:00,19.8,67,1.3,0.0,972.6
2016-09-21 23:00:00,18.0,74,2.1,0.0,972.6
2016-09-22 00:00:00,16.4,81,2.9,0.0,972.2
2016-09-22 01:00:00,15.6,85,3.2,0.0,971.5
2016-09-22 02:00:00,15.0,87,3.5,0.0,971.2
2016-09-22 03:00:00,15.4,85,3.5,0.0,970.9
2016-09-22 04:00:00,15.2,85,3.5,0.0,971.0
2016-09-22 05:00:00,14.8,86,3.2,0.0,971.1
2016-09-22 06:00:00,14.4,87,3.4,0.0,972.1
2016-09-22 07:00:00,14.2,88,4.0,7.0,971.9
2016-09-22 08:00:00,16.3,85,3.7,127.0,972.5
2016-09-22 09:00:00,20.2,68,1.3,325.0,973.2
2016-09-22 10:00:00,22.2,60,1.8,519.0,973.1
2016-09-22 11:00:00,23.6,56,2.7,677.0,972.8
2016-09-22 12:00:00,24.8,53,3.1,784.0,971.9
2016-09-22 13:00:00,25.9,50,3.9,823.0,971.1
2016-09-22 14:00:00,26.6,48,4.1,782.0,970.1
2016-09-22 15:00:00,26.9,48,4.8,674.0,969.2
2016-09-22 16:00:00,26.8,48,5.1,478.0,968.8
2016-09-22 17:00:00,26.3,50,4.3,275.0,968.7
2016-09-22 18:00:00,25.2,58,3.7,122.0,968.8
2016-09-22 19:00:00,23.0,70,6.8,15.0,968.7
2016-09-22 20:00:00,21.5,75,5.6,0.0,969.0
2016-09-22 21:00:00,21.6,70,3.7,0.0,969.6
2016-09-22 22:00:00,21.3,70,1.5,0.0,970.1
2016-09-22 23:00:00,20.4,72,1.1,0.0,970.1
2016-09-23 00:00:00,19.5,75,1.8,0.0,969.8
2016-09-23 01:00:00,18.6,79,2.6,0.0,969.3
2016-09-23 02:00:00,17.9,82,3.1,0.0,968.7
2016-09-23 03:00:00,18.8,79,3.2,0.0,968.8
2016-09-23 04:00:00,18.5,79,2.9,0.0,968.4
2016-09-23 05:00:00,18.3,81,2.6,0.0,968.5
2016-09-23 06:00:00,18.0,82,3.4,0.0,968.8
2016-09-23 07:00:00,17.5,83,3.2,6.0,968.5
2016-09-23 08:00:00,18.8,86,3.4,119.0,969.1
2016-09-23 09:00:00,22.7,63,1.1,317.0,970.1
2016-09-23 10:00:00,24.3,57,0.7,507.0,970.3
2016-09-23 11:00:00,25.6,55,1.8,665.0,969.8
2016-09-23 12:00:00,26.6,53,2.9,765.0,969.2
2016-09-23 13:00:00,27.1,52,4.0,718.0,968.0
2016-09-23 14:00:00,27.6,50,4.7,684.0,967.4
2016-09-23 15:00:00,27.9,49,4.0,624.0,966.8
2016-09-23 16:00:00,27.8,49,3.5,458.0,966.1
2016-09-23 17:00:00,27.4,51,2.1,309.0,965.8
2016-09-23 18:00:00,26.3,63,2.7,117.0,965.7
2016-09-23 19:00:00,25.4,60,2.4,16.0,965.1
2016-09-23 20:00:00,24.5,64,1.0,0.0,965.8
2016-09-23 21:00:00,23.7,65,1.5,0.0,966.0
2016-09-23 22:00:00,22.6,68,2.3,0.0,966.1
2016-09-23 23:00:00,21.1,74,1.9,0.0,966.1
2016-09-24 00:00:00,20.7,75,1.3,0.0,966.4
2016-09-24 01:00:00,20.6,74,1.1,0.0,966.2
2016-09-24 02:00:00,20.2,76,1.8,0.0,965.9
2016-09-24 03:00:00,20.4,77,2.3,0.0,965.8
2016-09-24 04:00:00,20.0,80,3.1,0.0,965.6
2016-09-24 05:00:00,19.9,81,3.3,0.0,965.9
2016-09-24 06:00:00,19.2,86,5.8,0.0,966.9
2016-09-24 07:00:00,19.1,88,4.8,2.0,967.1
2016-09-24 08:00:00,19.1,92,4.0,28.0,968.0
2016-09-24 09:00:00,20.1,88,3.1,56.0,968.5
2016-09-24 10:00:00,20.5,85,2.9,90.0,968.8
2016-09-24 11:00:00,20.4,87,3.7,80.0,969.2
2016-09-24 12:00:00,20.5,87,3.3,99.0,969.0
2016-09-24 13:00:00,20.8,86,2.9,165.0,968.2
2016-09-24 14:00:00,21.1,84,2.2,198.0,967.2
2016-09-24 15:00:00,22.6,70,1.1,277.0,966.6
2016-09-24 16:00:00,22.5,71,1.5,144.0,966.6
2016-09-24 17:00:00,22.4,72,1.5,131.0,966.2
2016-09-24 18:00:00,22.0,75,3.5,48.0,967.0
2016-09-24 19:00:00,21.5,79,3.1,7.0,966.8
2016-09-24 20:00:00,21.0,81,2.8,0.0,966.9
2016-09-24 21:00:00,21.3,78,2.8,0.0,967.2
2016-09-24 22:00:00,21.3,77,1.8,0.0,967.1
2016-09-24 23:00:00,21.0,77,4.0,0.0,967.0
2016-09-25 00:00:00,20.8,76,3.3,0.0,966.9
2016-09-25 01:00:00,20.5,77,2.6,0.0,966.5
2016-09-25 02:00:00,20.2,78,2.3,0.0,966.3
2016-09-25 03:00:00,19.0,80,2.7,0.0,965.6
2016-09-25 04:00:00,18.8,80,2.3,0.0,965.6
2016-09-25 05:00:00,18.4,81,2.1,0.0,965.7
2016-09-25 06:00:00,18.0,82,1.9,0.0,966.8
2016-09-25 07:00:00,17.7,83,2.3,4.0,966.8
2016-09-25 08:00:00,18.6,83,2.1,88.0,967.6
2016-09-25 09:00:00,21.2,70,1.5,256.0,968.3
2016-09-25 10:00:00,22.7,61,2.8,410.0,968.4
2016-09-25 11:00:00,23.9,56,3.3,539.0,968.1
2016-09-25 12:00:00,24.9,52,3.9,561.0,967.5
2016-09-25 13:00:00,25.7,50,5.8,573.0,966.9
2016-09-25 14:00:00,26.2,49,5.6,568.0,965.9
2016-09-25 15:00:00,25.2,53,5.0,367.0,965.3
2016-09-25 16:00:00,25.1,54,5.7,249.0,964.7
2016-09-25 17:00:00,25.1,55,5.5,225.0,965.0
2016-09-25 18:00:00,24.3,60,3.7,85.0,965.9
2016-09-25 19:00:00,22.8,72,4.5,10.0,965.7
2016-09-25 20:00:00,22.1,71,3.1,0.0,966.3
2016-09-25 21:00:00,21.3,72,3.6,0.0,966.5
2016-09-25 22:00:00,20.9,73,3.6,0.0,966.6
2016-09-25 23:00:00,20.7,74,4.0,0.0,966.9
2016-09-26 00:00:00,20.3,77,2.9,0.0,967.0
2016-09-26 01:00:00,19.9,78,2.9,0.0,967.0
2016-09-26 02:00:00,19.2,82,3.3,0.0,966.3
2016-09-26 03:00:00,18.7,84,3.1,0.0,966.5
2016-09-26 04:00:00,18.0,86,3.7,0.0,966.7
2016-09-26 05:00:00,17.9,87,4.8,0.0,966.7
2016-09-26 06:00:00,18.0,87,5.5,0.0,967.4
2016-09-26 07:00:00,17.9,88,6.0,3.0,967.8
2016-09-26 08:00:00,18.8,83,6.0,52.0,969.1
2016-09-26 09:00:00,20.1,79,6.7,130.0,969.7
2016-09-26 10:00:00,21.2,74,6.0,245.0,970.4
2016-09-26 11:00:00,22.2,71,5.9,313.0,970.4
2016-09-26 12:00:00,23.1,66,5.4,313.0,970.3
2016-09-26 13:00:00,23.1,67,2.9,184.0,970.2
2016-09-26 14:00:00,23.5,65,1.8,241.0,969.9
2016-09-26 15:00:00,21.4,76,3.3,128.0,969.7
2016-09-26 16:00:00,20.9,79,3.0,66.0,969.7
2016-09-26 17:00:00,20.5,84,2.2,40.0,969.9
2016-09-26 18:00:00,20.3,88,2.3,27.0,970.5
2016-09-26 19:00:00,19.6,92,2.5,3.0,970.2
2016-09-26 20:00:00,20.3,84,2.4,0.0,970.8
2016-09-26 21:00:00,20.1,84,2.9,0.0,971.6
2016-09-26 22:00:00,20.0,84,3.5,0.0,972.0
2016-09-26 23:00:00,19.9,83,3.4,0.0,972.4
2016-09-27 00:00:00,20.0,82,2.9,0.0,972.6
2016-09-27 01:00:00,19.7,83,2.2,0.0,972.0
2016-09-27 02:00:00,19.4,83,2.2,0.0,971.9
2016-09-27 03:00:00,15.9,98,1.4,0.0,971.3
2016-09-27 04:00:00,16.0,98,1.1,0.0,971.5
2016-09-27 05:00:00,16.0,97,1.1,0.0,971.7
2016-09-27 06:00:00,16.2,97,2.1,0.0,972.7
2016-09-27 07:00:00,16.5,96,1.8,2.0,973.2
2016-09-27 08:00:00,17.4,93,2.2,27.0,974.0
2016-09-27 09:00:00,18.1,89,1.9,59.0,974.2
2016-09-27 10:00:00,19.0,85,4.2,102.0,975.2
2016-09-27 11:00:00,19.9,80,4.5,193.0,975.1
2016-09-27 12:00:00,20.4,76,4.0,216.0,974.8
2016-09-27 13:00:00,20.8,74,3.2,204.0,974.2
2016-09-27 14:00:00,21.3,73,1.9,222.0,973.7
2016-09-27 15:00:00,21.9,70,2.3,200.0,973.4
2016-09-27 16:00:00,21.9,71,4.0,150.0,973.4
2016-09-27 17:00:00,21.4,73,4.9,64.0,973.8
2016-09-27 18:00:00,20.9,76,5.9,26.0,974.2
2016-09-27 19:00:00,20.1,80,6.4,4.0,974.7
2016-09-27 20:00:00,19.5,83,5.2,0.0,975.4
2016-09-27 21:00:00,19.0,85,5.8,0.0,975.9
2016-09-27 22:00:00,18.7,86,5.2,0.0,976.4
2016-09-27 23:00:00,18.4,90,5.2,0.0,976.5
2016-09-28 00:00:00,18.9,84,4.8,0.0,976.5
2016-09-28 01:00:00,19.0,82,4.4,0.0,976.3
2016-09-28 02:00:00,18.3,85,3.6,0.0,975.9
2016-09-28 03:00:00,18.3,85,3.6,0.0,975.7
2016-09-28 04:00:00,18.1,85,3.9,0.0,976.1
2016-09-28 05:00:00,18.2,81,3.8,0.0,976.1
2016-09-28 06:00:00,17.6,84,3.0,0.0,976.6
2016-09-28 07:00:00,17.1,86,3.3,2.0,976.9
2016-09-28 08:00:00,18.0,73,4.6,37.0,977.6
2016-09-28 09:00:00,18.6,63,5.6,82.0,978.1
2016-09-28 10:00:00,19.0,59,5.8,166.0,978.4
2016-09-28 11:00:00,19.2,60,5.6,151.0,978.2
2016-09-28 12:00:00,19.9,59,6.1,284.0,977.6
2016-09-28 13:00:00,20.5,59,6.4,298.0,977.0
2016-09-28 14:00:00,20.7,59,6.9,263.0,976.2
2016-09-28 15:00:00,20.2,62,7.6,213.0,975.2
2016-09-28 16:00:00,20.6,61,8.7,235.0,974.6
2016-09-28 17:00:00,20.6,60,9.4,197.0,974.3
2016-09-28 18:00:00,19.9,61,7.8,68.0,974.6
2016-09-28 19:00:00,18.7,63,8.9,5.0,974.3
2016-09-28 20:00:00,17.8,66,9.4,0.0,974.8
2016-09-28 21:00:00,17.3,67,9.2,0.0,974.9
2016-09-28 22:00:00,16.7,69,9.2,0.0,974.9
2016-09-28 23:00:00,16.4,70,8.5,0.0,974.7
2016-09-29 00:00:00,16.2,70,7.3,0.0,974.7
2016-09-29 01:00:00,16.0,71,7.1,0.0,974.4
2016-09-29 02:00:00,15.5,73,5.6,0.0,974.1
2016-09-29 03:00:00,15.3,74,6.2,0.0,973.6
2016-09-29 04:00:00,15.2,74,6.4,0.0,973.3
2016-09-29 05:00:00,14.9,75,6.6,0.0,973.4
2016-09-29 06:00:00,14.5,76,6.6,0.0,974.5
2016-09-29 07:00:00,14.3,78,6.5,3.0,975.1
2016-09-29 08:00:00,15.2,73,6.8,68.0,974.8
2016-09-29 09:00:00,16.6,69,6.9,228.0,975.3
2016-09-29 10:00:00,18.0,65,6.7,352.0,975.6
2016-09-29 11:00:00,19.6,62,6.4,533.0,975.5
2016-09-29 12:00:00,20.7,59,7.0,564.0,974.9
2016-09-29 13:00:00,21.8,57,6.5,612.0,974.2
2016-09-29 14:00:00,22.7,55,6.3,613.0,973.4
2016-09-29 15:00:00,20.8,60,5.2,306.0,972.2
2016-09-29 16:00:00,21.1,60,5.1,305.0,972.0
2016-09-29 17:00:00,21.1,59,4.7,218.0,971.9
2016-09-29 18:00:00,20.5,62,1.8,57.0,973.0
2016-09-29 19:00:00,19.5,72,3.6,6.0,972.8
2016-09-29 20:00:00,18.3,77,3.3,0.0,972.8
2016-09-29 21:00:00,17.6,79,1.9,0.0,973.0
2016-09-29 22:00:00,17.4,81,1.9,0.0,972.7
2016-09-29 23:00:00,17.1,83,3.4,0.0,972.5
2016-09-30 00:00:00,17.5,79,2.4,0.0,972.4
2016-09-30 01:00:00,18.0,75,1.8,0.0,972.0
2016-09-30 02:00:00,18.1,74,1.4,0.0,971.8
2016-09-30 03:00:00,18.2,73,0.4,0.0,971.5
2016-09-30 04:00:00,18.3,71,0.5,0.0,971.0
2016-09-30 05:00:00,18.2,72,1.5,0.0,971.0
2016-09-30 06:00:00,17.9,73,1.4,0.0,971.6
2016-09-30 07:00:00,17.8,74,1.0,3.0,971.3
2016-09-30 08:00:00,18.3,72,1.1,76.0,971.5
2016-09-30 09:00:00,19.6,65,3.3,251.0,971.7
2016-09-30 10:00:00,20.9,62,3.6,406.0,971.8
2016-09-30 11:00:00,22.2,59,4.4,579.0,971.5
2016-09-30 12:00:00,23.5,56,4.5,703.0,970.5
2016-09-30 13:00:00,24.6,52,4.8,755.0,969.3
2016-09-30 14:00:00,25.5,49,5.6,717.0,968.3
2016-09-30 15:00:00,25.4,49,8.6,530.0,967.3
2016-09-30 16:00:00,25.5,49,9.7,481.0,966.9
2016-09-30 17:00:00,25.2,50,8.4,290.0,966.7
2016-09-30 18:00:00,24.2,54,5.4,116.0,967.6
2016-09-30 19:00:00,22.4,59,6.2,8.0,967.9
2016-09-30 20:00:00,20.6,65,2.9,0.0,968.7
2016-09-30 21:00:00,20.3,63,2.2,0.0,969.0
2016-09-30 22:00:00,19.9,61,0.8,0.0,969.7
2016-09-30 23:00:00,19.2,62,0.4,0.0,970.0
2016-10-01 00:00:00,18.9,62,0.8,0.0,970.2
2016-10-01 01:00:00,18.6,63,0.5,0.0,970.1
2016-10-01 02:00:00,17.8,66,1.1,0.0,969.9
2016-10-01 03:00:00,16.4,73,1.5,0.0,969.3
2016-10-01 04:00:00,16.4,73,1.5,0.0,969.4
2016-10-01 05:00:00,16.3,73,1.8,0.0,969.6
2016-10-01 06:00:00,16.4,73,2.1,0.0,970.0
2016-10-01 07:00:00,16.6,73,1.6,2.0,970.5
2016-10-01 08:00:00,17.6,73,1.9,48.0,970.7
2016-10-01 09:00:00,19.9,65,2.8,133.0,971.7
2016-10-01 10:00:00,21.5,57,3.7,248.0,971.8
2016-10-01 11:00:00,23.4,53,4.0,502.0,971.9
2016-10-01 12:00:00,24.5,52,4.0,624.0,971.3
2016-10-01 13:00:00,25.3,50,4.0,642.0,970.3
2016-10-01 14:00:00,25.7,49,4.1,541.0,969.3
2016-10-01 15:00:00,26.4,50,4.8,564.0,968.5
2016-10-01 16:00:00,26.5,50,5.4,434.0,968.0
2016-10-01 17:00:00,26.2,51,4.1,303.0,968.0
2016-10-01 18:00:00,25.2,55,2.4,117.0,968.4
2016-10-01 19:00:00,24.3,58,0.4,7.0,968.6
2016-10-01 20:00:00,23.6,59,1.8,0.0,969.1
2016-10-01 21:00:00,22.6,62,1.8,0.0,969.7
2016-10-01 22:00:00,21.3,66,0.7,0.0,969.9
2016-10-01 23:00:00,20.3,68,0.4,0.0,970.0
2016-10-02 00:00:00,19.6,70,0.5,0.0,969.9
2016-10-02 01:00:00,18.7,72,0.8,0.0,969.4
2016-10-02 02:00:00,17.6,76,1.1,0.0,969.2
2016-10-02 03:00:00,16.0,82,1.6,0.0,968.8
2016-10-02 04:00:00,15.6,83,1.5,0.0,968.9
2016-10-02 05:00:00,15.3,83,1.3,0.0,968.9
2016-10-02 06:00:00,15.1,84,1.6,0.0,969.9
2016-10-02 07:00:00,15.0,84,1.8,3.0,970.2
2016-10-02 08:00:00,17.3,77,2.6,103.0,970.6
2016-10-02 09:00:00,21.4,63,0.8,293.0,971.4
2016-10-02 10:00:00,23.5,55,1.8,483.0,971.3
2016-10-02 11:00:00,25.1,51,3.0,638.0,971.2
2016-10-02 12:00:00,26.5,48,3.1,740.0,970.3
2016-10-02 13:00:00,27.6,46,3.1,779.0,969.3
2016-10-02 14:00:00,28.4,44,2.7,755.0,968.5
2016-10-02 15:00:00,28.5,44,3.1,661.0,967.5
2016-10-02 16:00:00,28.5,44,3.6,506.0,967.1
2016-10-02 17:00:00,28.0,47,3.1,324.0,966.6
2016-10-02 18:00:00,26.9,54,4.0,126.0,966.4
2016-10-02 19:00:00,24.2,63,5.6,7.0,965.9
2016-10-02 20:00:00,24.1,56,3.4,0.0,966.3
2016-10-02 21:00:00,23.4,56,1.4,0.0,966.7
2016-10-02 22:00:00,21.5,62,1.6,0.0,966.6
2016-10-02 23:00:00,19.2,71,2.5,0.0,966.4
2016-10-03 00:00:00,17.8,78,3.1,0.0,966.1
2016-10-03 01:00:00,17.2,80,3.1,0.0,966.0
2016-10-03 02:00:00,16.9,81,3.1,0.0,965.7
2016-10-03 03:00:00,17.2,78,3.4,0.0,965.5
2016-10-03 04:00:00,17.2,78,3.4,0.0,965.4
2016-10-03 05:00:00,17.0,78,3.7,0.0,965.1
2016-10-03 06:00:00,16.8,79,4.2,0.0,965.5
2016-10-03 07:00:00,16.8,79,3.9,3.0,965.6
2016-10-03 08:00:00,18.8,73,4.3,102.0,965.9
2016-10-03 09:00:00,22.3,64,3.4,291.0,966.5
2016-10-03 10:00:00,24.9,57,4.6,480.0,966.3
2016-10-03 11:00:00,26.9,52,6.5,634.0,966.0
2016-10-03 12:00:00,28.7,48,7.2,734.0,964.9
2016-10-03 13:00:00,30.3,44,7.0,769.0,963.6
2016-10-03 14:00:00,31.6,40,7.9,738.0,962.2
2016-10-03 15:00:00,32.5,37,10.0,645.0,961.1
2016-10-03 16:00:00,32.5,36,11.2,495.0,960.6
2016-10-03 17:00:00,31.6,38,11.0,309.0,960.2
2016-10-03 18:00:00,29.3,43,10.9,117.0,959.8
2016-10-03 19:00:00,27.0,47,11.2,6.0,959.7
2016-10-03 20:00:00,25.4,51,10.9,0.0,960.2
2016-10-03 21:00:00,24.0,57,9.9,0.0,961.1
2016-10-03 22:00:00,22.7,64,9.5,0.0,961.2
2016-10-03 23:00:00,21.5,70,8.8,0.0,961.7
2016-10-04 00:00:00,20.3,77,7.7,0.0,962.5
2016-10-04 01:00:00,19.3,82,7.6,0.0,962.9
2016-10-04 02:00:00,18.9,84,6.9,0.0,963.9
2016-10-04 03:00:00,20.2,77,5.0,0.0,965.2
2016-10-04 04:00:00,19.9,79,3.4,0.0,965.7
2016-10-04 05:00:00,19.5,80,2.2,0.0,966.7
2016-10-04 06:00:00,19.2,81,2.2,0.0,968.1
2016-10-04 07:00:00,18.1,86,5.4,2.0,968.8
2016-10-04 08:00:00,20.4,66,12.0,46.0,970.3
2016-10-04 09:00:00,20.8,45,17.6,106.0,972.2
2016-10-04 10:00:00,21.1,38,20.1,135.0,973.4
2016-10-04 11:00:00,21.0,38,19.5,119.0,973.7
2016-10-04 12:00:00,22.2,36,21.7,397.0,973.9
2016-10-04 13:00:00,23.2,34,21.3,584.0,973.8
2016-10-04 14:00:00,23.4,34,18.9,519.0,973.7
2016-10-04 15:00:00,23.8,34,16.3,415.0,973.9
2016-10-04 16:00:00,23.2,36,14.3,341.0,974.2
2016-10-04 17:00:00,22.2,38,13.3,223.0,974.7
2016-10-04 18:00:00,20.9,41,12.6,77.0,974.7
2016-10-04 19:00:00,19.4,45,11.2,3.0,975.5
2016-10-04 20:00:00,18.5,48,11.2,0.0,976.0
2016-10-04 21:00:00,17.7,52,10.0,0.0,976.5
2016-10-04 22:00:00,17.2,55,8.8,0.0,976.8
2016-10-04 23:00:00,16.5,59,7.4,0.0,976.7
2016-10-05 00:00:00,16.3,60,7.2,0.0,976.5
2016-10-05 01:00:00,16.1,62,6.4,0.0,976.0
2016-10-05 02:00:00,15.8,63,6.9,0.0,975.8
2016-10-05 03:00:00,14.8,69,6.4,0.0,975.5
2016-10-05 04:00:00,14.5,73,6.4,0.0,974.9
2016-10-05 05:00:00,15.6,64,4.3,0.0,974.8
2016-10-05 06:00:00,15.7,64,3.1,0.0,975.4
2016-10-05 07:00:00,15.6,64,1.0,2.0,975.2
2016-10-05 08:00:00,16.1,62,1.5,34.0,975.8
2016-10-05 09:00:00,17.3,60,1.8,94.0,976.8
2016-10-05 10:00:00,18.0,58,2.2,151.0,977.2
2016-10-05 11:00:00,17.7,59,5.2,115.0,976.9
2016-10-05 12:00:00,17.2,64,6.6,107.0,977.0
2016-10-05 13:00:00,16.6,70,6.1,80.0,976.6
2016-10-05 14:00:00,16.1,76,5.1,87.0,976.8
2016-10-05 15:00:00,14.8,88,3.0,59.0,976.0
2016-10-05 16:00:00,14.7,88,1.1,42.0,976.0
2016-10-05 17:00:00,14.7,88,1.8,37.0,975.5
2016-10-05 18:00:00,14.8,89,0.4,21.0,976.0
2016-10-05 19:00:00,14.5,91,1.5,1.0,975.5
2016-10-05 20:00:00,14.3,91,2.3,0.0,975.7
2016-10-05 21:00:00,13.8,90,1.8,0.0,975.3
2016-10-05 22:00:00,13.8,88,3.8,0.0,976.0
2016-10-05 23:00:00,13.7,89,2.3,0.0,976.7
2016-10-06 00:00:00,14.2,85,1.5,0.0,975.8
2016-10-06 01:00:00,14.3,86,1.4,0.0,975.3
2016-10-06 02:00:00,14.2,87,1.5,0.0,974.8
2016-10-06 03:00:00,13.6,85,1.6,0.0,974.3
2016-10-06 04:00:00,13.3,85,1.9,0.0,974.0
2016-10-06 05:00:00,13.3,85,2.3,0.0,973.5
2016-10-06 06:00:00,13.4,86,1.9,0.0,974.9
2016-10-06 07:00:00,13.6,87,2.4,1.0,974.8
2016-10-06 08:00:00,14.5,88,2.8,52.0,974.7
2016-10-06 09:00:00,16.1,80,5.0,95.0,974.9
2016-10-06 10:00:00,17.2,76,6.6,145.0,974.4
2016-10-06 11:00:00,18.7,70,6.6,248.0,974.4
2016-10-06 12:00:00,19.5,67,6.9,197.0,974.1
2016-10-06 13:00:00,20.2,67,7.1,247.0,973.2
2016-10-06 14:00:00,20.2,68,8.8,160.0,972.2
2016-10-06 15:00:00,18.5,83,9.7,131.0,971.0
2016-10-06 16:00:00,18.6,82,9.2,128.0,970.8
2016-10-06 17:00:00,18.6,82,8.4,107.0,970.7
2016-10-06 18:00:00,18.2,82,7.1,45.0,971.3
2016-10-06 19:00:00,17.7,83,6.7,1.0,971.0
2016-10-06 20:00:00,17.3,84,6.4,0.0,972.1
2016-10-06 21:00:00,17.2,84,5.5,0.0,972.6
2016-10-06 22:00:00,17.0,85,4.3,0.0,972.8
2016-10-06 23:00:00,16.6,87,3.3,0.0,972.7
2016-10-07 00:00:00,16.5,88,3.3,0.0,972.5
2016-10-07 01:00:00,16.4,91,3.6,0.0,972.3
2016-10-07 02:00:00,16.3,93,3.3,0.0,972.3
2016-10-07 03:00:00,16.1,92,4.4,0.0,972.6
2016-10-07 04:00:00,15.9,95,3.3,0.0,972.7
2016-10-07 05:00:00,15.9,95,2.4,0.0,972.7
2016-10-07 06:00:00,16.2,93,5.1,0.0,973.6
2016-10-07 07:00:00,16.1,94,5.1,0.0,974.2
2016-10-07 08:00:00,16.2,95,6.5,7.0,974.6
2016-10-07 09:00:00,16.1,94,6.5,26.0,975.4
2016-10-07 10:00:00,16.3,94,6.9,23.0,976.1
2016-10-07 11:00:00,16.7,92,7.5,76.0,976.0
2016-10-07 12:00:00,16.7,92,8.5,58.0,976.4
2016-10-07 13:00:00,17.2,90,10.3,126.0,975.9
2016-10-07 14:00:00,17.4,87,10.9,123.0,975.7
2016-10-07 15:00:00,18.7,72,8.7,250.0,975.5
2016-10-07 16:00:00,19.3,66,7.1,283.0,975.5
2016-10-07 17:00:00,19.0,64,6.4,175.0,975.8
2016-10-07 18:00:00,18.2,67,7.6,74.0,976.0
2016-10-07 19:00:00,17.0,76,8.3,3.0,976.0
2016-10-07 20:00:00,17.2,70,6.8,0.0,976.9
2016-10-07 21:00:00,16.6,71,6.2,0.0,977.3
2016-10-07 22:00:00,16.1,73,4.5,0.0,977.7
2016-10-07 23:00:00,15.4,75,2.2,0.0,977.6
2016-10-08 00:00:00,14.6,77,2.4,0.0,977.5
2016-10-08 01:00:00,13.9,80,2.1,0.0,977.1
2016-10-08 02:00:00,13.2,83,2.4,0.0,976.9
2016-10-08 03:00:00,15.1,72,1.8,0.0,976.8
2016-10-08 04:00:00,14.4,75,1.4,0.0,976.6
2016-10-08 05:00:00,13.8,78,1.1,0.0,976.6
2016-10-08 06:00:00,13.6,79,1.3,0.0,977.5
2016-10-08 07:00:00,13.7,79,1.4,1.0,977.4
2016-10-08 08:00:00,14.3,79,1.5,36.0,977.6
2016-10-08 09:00:00,15.5,78,1.8,86.0,978.3
2016-10-08 10:00:00,16.3,69,3.1,105.0,978.9
2016-10-08 11:00:00,16.7,64,3.6,114.0,978.1
2016-10-08 12:00:00,17.1,59,4.2,159.0,977.4
2016-10-08 13:00:00,17.3,58,5.6,158.0,976.2
2016-10-08 14:00:00,17.4,59,6.2,123.0,975.0
2016-10-08 15:00:00,21.1,43,7.2,523.0,974.5
2016-10-08 16:00:00,21.5,40,7.6,463.0,973.9
2016-10-08 17:00:00,21.3,41,5.9,294.0,973.5
2016-10-08 18:00:00,19.7,46,7.0,98.0,972.7
2016-10-08 19:00:00,17.9,50,7.6,2.0,973.0
2016-10-08 20:00:00,17.0,51,6.2,0.0,973.3
2016-10-08 21:00:00,15.7,56,6.2,0.0,973.7
2016-10-08 22:00:00,15.3,59,4.8,0.0,973.9
2016-10-08 23:00:00,15.2,59,5.1,0.0,974.1
2016-10-09 00:00:00,14.9,59,4.8,0.0,973.6
2016-10-09 01:00:00,14.8,59,5.2,0.0,973.1
2016-10-09 02:00:00,14.9,58,5.2,0.0,972.6
2016-10-09 03:00:00,14.9,60,5.2,0.0,972.4
2016-10-09 04:00:00,14.9,60,4.8,0.0,972.7
2016-10-09 05:00:00,14.9,60,4.4,0.0,973.2
2016-10-09 06:00:00,14.8,60,4.8,0.0,974.8
2016-10-09 07:00:00,14.6,58,6.3,0.0,975.9
2016-10-09 08:00:00,13.6,70,8.8,8.0,977.2
2016-10-09 09:00:00,12.6,77,9.2,18.0,977.8
2016-10-09 10:00:00,12.2,80,9.0,47.0,978.3
2016-10-09 11:00:00,12.3,81,8.3,71.0,978.3
2016-10-09 12:00:00,12.3,80,7.4,60.0,978.2
2016-10-09 13:00:00,13.0,74,7.2,104.0,977.7
2016-10-09 14:00:00,13.4,67,7.3,98.0,977.1
2016-10-09 15:00:00,13.7,69,7.0,60.0,976.8
2016-10-09 16:00:00,13.8,67,6.9,80.0,976.5
2016-10-09 17:00:00,13.7,68,5.4,41.0,976.5
2016-10-09 18:00:00,13.6,68,3.6,23.0,976.6
2016-10-09 19:00:00,13.3,69,4.0,1.0,976.9
2016-10-09 20:00:00,13.0,71,4.3,0.0,977.2
2016-10-09 21:00:00,12.7,74,4.1,0.0,977.7
2016-10-09 22:00:00,12.4,76,3.7,0.0,978.0
2016-10-09 23:00:00,12.1,77,3.1,0.0,977.7
2016-10-10 00:00:00,12.1,77,3.6,0.0,976.9
2016-10-10 01:00:00,12.0,77,3.3,0.0,976.6
2016-10-10 02:00:00,12.0,75,2.8,0.0,976.5
2016-10-10 03:00:00,11.5,80,2.6,0.0,975.9
2016-10-10 04:00:00,11.4,79,2.4,0.0,975.8
2016-10-10 05:00:00,11.4,79,3.0,0.0,975.5
2016-10-10 06:00:00,11.3,78,0.4,0.0,975.8
2016-10-10 07:00:00,11.3,79,2.3,1.0,976.1
2016-10-10 08:00:00,11.8,80,3.3,41.0,976.4
2016-10-10 09:00:00,13.1,69,4.3,99.0,977.3
2016-10-10 10:00:00,13.9,66,4.6,170.0,977.3
2016-10-10 11:00:00,14.7,61,4.8,239.0,976.9
2016-10-10 12:00:00,15.4,58,4.8,287.0,975.8
2016-10-10 13:00:00,15.9,56,4.3,298.0,975.2
2016-10-10 14:00:00,16.1,56,4.1,265.0,974.4
2016-10-10 15:00:00,16.0,58,3.3,226.0,973.8
2016-10-10 16:00:00,16.1,58,2.8,197.0,973.5
2016-10-10 17:00:00,15.8,59,2.6,93.0,973.6
2016-10-10 18:00:00,15.5,61,0.8,45.0,973.9
2016-10-10 19:00:00,15.3,61,1.6,1.0,973.8
2016-10-10 20:00:00,14.9,64,2.8,0.0,974.8
2016-10-10 21:00:00,14.5,67,3.2,0.0,975.3
2016-10-10 22:00:00,14.4,68,4.2,0.0,975.7
2016-10-10 23:00:00,14.0,71,2.6,0.0,975.8
2016-10-11 00:00:00,13.5,75,1.8,0.0,975.3
2016-10-11 01:00:00,13.3,77,1.5,0.0,974.9
2016-10-11 02:00:00,13.0,79,2.9,0.0,974.6
2016-10-11 03:00:00,12.5,78,2.6,0.0,974.4
2016-10-11 04:00:00,12.7,76,2.7,0.0,974.6
2016-10-11 05:00:00,13.0,75,1.8,0.0,975.0
2016-10-11 06:00:00,13.0,75,4.2,0.0,976.0
2016-10-11 07:00:00,13.0,75,4.0,1.0,976.3
2016-10-11 08:00:00,12.9,80,2.9,43.0,976.6
2016-10-11 09:00:00,14.0,70,2.6,108.0,977.2
2016-10-11 10:00:00,14.8,66,3.8,198.0,977.4
2016-10-11 11:00:00,15.4,64,3.5,262.0,977.4
2016-10-11 12:00:00,15.8,62,2.1,292.0,976.8
2016-10-11 13:00:00,16.3,60,2.6,327.0,976.0
2016-10-11 14:00:00,16.3,61,3.4,246.0,975.6
2016-10-11 15:00:00,16.1,63,3.9,166.0,974.9
2016-10-11 16:00:00,16.0,64,4.5,157.0,975.2
2016-10-11 17:00:00,15.7,66,4.3,82.0,975.4
2016-10-11 18:00:00,15.1,70,4.0,27.0,976.4
2016-10-11 19:00:00,14.6,73,3.6,0.0,976.8
2016-10-11 20:00:00,14.3,77,3.1,0.0,977.4
2016-10-11 21:00:00,14.1,81,3.6,0.0,977.7
2016-10-11 22:00:00,13.7,83,4.7,0.0,978.1
2016-10-11 23:00:00,13.4,84,5.0,0.0,978.3
2016-10-12 00:00:00,13.8,81,3.8,0.0,978.3
2016-10-12 01:00:00,14.2,77,2.3,0.0,977.7
2016-10-12 02:00:00,14.3,77,2.5,0.0,977.2
2016-10-12 03:00:00,14.2,75,0.7,0.0,976.9
2016-10-12 04:00:00,14.0,77,1.1,0.0,977.1
2016-10-12 05:00:00,14.0,77,1.4,0.0,977.3
2016-10-12 06:00:00,14.1,77,1.4,0.0,978.6
2016-10-12 07:00:00,14.1,77,1.5,0.0,978.4
2016-10-12 08:00:00,13.4,85,1.8,16.0,979.1
2016-10-12 09:00:00,14.1,83,1.8,62.0,979.6
2016-10-12 10:00:00,14.6,80,3.6,131.0,979.9
2016-10-12 11:00:00,15.0,76,4.4,168.0,979.7
2016-10-12 12:00:00,15.9,71,4.3,254.0,979.2
2016-10-12 13:00:00,16.3,69,4.2,251.0,978.6
2016-10-12 14:00:00,15.8,73,3.8,120.0,978.2
2016-10-12 15:00:00,15.9,73,2.9,119.0,977.7
2016-10-12 16:00:00,15.9,75,2.5,111.0,977.5
2016-10-12 17:00:00,15.6,77,2.5,67.0,977.8
2016-10-12 18:00:00,15.2,81,1.6,22.0,977.8
2016-10-12 19:00:00,14.4,85,2.2,1.0,978.4
2016-10-12 20:00:00,14.2,86,3.9,0.0,978.5
2016-10-12 21:00:00,14.8,78,3.7,0.0,978.2
2016-10-12 22:00:00,14.7,78,2.5,0.0,978.3
2016-10-12 23:00:00,14.2,79,1.4,0.0,978.2
2016-10-13 00:00:00,13.9,80,2.2,0.0,977.9
2016-10-13 01:00:00,13.7,80,2.2,0.0,977.2
2016-10-13 02:00:00,13.4,81,2.3,0.0,977.0
2016-10-13 03:00:00,13.1,85,1.6,0.0,976.4
2016-10-13 04:00:00,12.8,86,2.3,0.0,976.6
2016-10-13 05:00:00,12.7,86,2.3,0.0,976.3
2016-10-13 06:00:00,12.6,88,1.4,0.0,977.0
2016-10-13 07:00:00,12.5,89,1.8,0.0,976.8
2016-10-13 08:00:00,13.1,89,1.8,24.0,977.5
2016-10-13 09:00:00,14.4,81,2.6,93.0,978.1
2016-10-13 10:00:00,15.4,73,3.8,200.0,978.2
2016-10-13 11:00:00,16.6,66,4.1,324.0,978.2
2016-10-13 12:00:00,17.5,61,3.8,365.0,977.6
2016-10-13 13:00:00,18.0,57,3.3,320.0,976.2
2016-10-13 14:00:00,18.3,56,2.6,286.0,975.5
2016-10-13 15:00:00,17.9,59,2.7,226.0,974.5
2016-10-13 16:00:00,18.3,57,4.4,244.0,974.2
2016-10-13 17:00:00,17.9,59,4.2,81.0,974.3
2016-10-13 18:00:00,17.5,61,4.7,36.0,974.5
2016-10-13 19:00:00,16.4,68,4.9,0.0,974.8
2016-10-13 20:00:00,15.2,74,4.5,0.0,975.0
2016-10-13 21:00:00,15.3,69,4.4,0.0,975.0
2016-10-13 22:00:00,15.2,68,4.1,0.0,975.2
2016-10-13 23:00:00,14.2,71,3.1,0.0,974.9
2016-10-14 00:00:00,13.0,76,2.4,0.0,974.3
2016-10-14 01:00:00,12.1,81,2.7,0.0,974.2
2016-10-14 02:00:00,11.7,82,2.6,0.0,973.8
2016-10-14 03:00:00,11.8,80,3.1,0.0,973.7
2016-10-14 04:00:00,11.5,82,3.1,0.0,973.2
2016-10-14 05:00:00,11.7,81,2.9,0.0,973.2
2016-10-14 06:00:00,11.6,81,2.9,0.0,974.1
2016-10-14 07:00:00,11.3,83,3.3,0.0,974.3
2016-10-14 08:00:00,11.9,82,4.9,43.0,974.2
2016-10-14 09:00:00,14.8,69,6.3,154.0,975.1
2016-10-14 10:00:00,15.9,64,6.9,226.0,975.4
2016-10-14 11:00:00,16.9,61,8.9,325.0,975.0
2016-10-14 12:00:00,18.2,56,8.3,428.0,974.2
2016-10-14 13:00:00,19.2,51,7.1,411.0,973.6
2016-10-14 14:00:00,19.4,50,7.5,283.0,972.6
2016-10-14 15:00:00,19.4,49,8.1,229.0,971.8
2016-10-14 16:00:00,19.6,49,7.1,155.0,971.7
2016-10-14 17:00:00,19.0,52,6.5,58.0,972.0
2016-10-14 18:00:00,18.1,55,6.0,19.0,972.8
2016-10-14 19:00:00,17.2,60,6.1,0.0,973.3
2016-10-14 20:00:00,16.4,65,6.0,0.0,974.1
2016-10-14 21:00:00,15.8,70,4.4,0.0,974.5
2016-10-14 22:00:00,15.1,77,4.7,0.0,974.6
2016-10-14 23:00:00,14.7,80,5.5,0.0,974.1
2016-10-15 00:00:00,14.2,88,5.9,0.0,973.5
2016-10-15 01:00:00,14.1,89,4.9,0.0,973.2
2016-10-15 02:00:00,13.8,90,4.4,0.0,973.0
2016-10-15 03:00:00,13.4,91,4.7,0.0,972.7
2016-10-15 04:00:00,13.0,93,4.8,0.0,972.4
2016-10-15 05:00:00,12.6,94,4.8,0.0,972.3
2016-10-15 06:00:00,12.7,94,4.1,0.0,972.6
2016-10-15 07:00:00,12.5,94,5.9,0.0,973.0
2016-10-15 08:00:00,13.1,93,4.6,39.0,973.2
2016-10-15 09:00:00,14.5,87,4.7,106.0,974.1
2016-10-15 10:00:00,16.1,77,6.5,270.0,974.5
2016-10-15 11:00:00,17.0,71,6.8,237.0,974.5
2016-10-15 12:00:00,17.5,67,6.9,203.0,973.9
2016-10-15 13:00:00,17.8,66,7.5,194.0,973.1
2016-10-15 14:00:00,18.4,63,6.9,226.0,972.7
2016-10-15 15:00:00,17.4,69,7.0,154.0,972.1
2016-10-15 16:00:00,17.3,69,7.1,112.0,972.4
2016-10-15 17:00:00,17.0,71,6.9,88.0,972.8
2016-10-15 18:00:00,16.4,74,5.3,25.0,973.6
2016-10-15 19:00:00,15.8,77,5.8,0.0,974.1
2016-10-15 20:00:00,15.4,79,7.1,0.0,975.2
2016-10-15 21:00:00,15.0,80,6.4,0.0,976.2
2016-10-15 22:00:00,14.6,82,5.2,0.0,976.6
2016-10-15 23:00:00,13.7,87,2.8,0.0,976.6
2016-10-16 00:00:00,13.6,87,1.0,0.0,976.6
2016-10-16 01:00:00,13.2,88,0.4,0.0,976.6
2016-10-16 02:00:00,13.0,88,0.8,0.0,976.7
2016-10-16 03:00:00,13.1,85,0.4,0.0,976.6
2016-10-16 04:00:00,12.7,86,0.8,0.0,976.6
2016-10-16 05:00:00,12.4,87,0.4,0.0,976.7
2016-10-16 06:00:00,12.2,88,3.6,0.0,978.2
2016-10-16 07:00:00,12.1,87,5.2,0.0,978.4
2016-10-16 08:00:00,12.7,87,5.8,65.0,979.3
2016-10-16 09:00:00,14.8,79,4.7,178.0,980.3
2016-10-16 10:00:00,16.6,70,4.0,335.0,980.2
2016-10-16 11:00:00,17.8,65,5.4,416.0,979.9
2016-10-16 12:00:00,18.8,61,7.0,468.0,979.6
2016-10-16 13:00:00,19.5,58,7.1,428.0,978.7
2016-10-16 14:00:00,19.6,58,6.3,311.0,978.3
2016-10-16 15:00:00,18.6,62,5.4,195.0,977.7
2016-10-16 16:00:00,18.5,64,5.0,195.0,977.5
2016-10-16 17:00:00,18.3,65,4.6,146.0,977.4
2016-10-16 18:00:00,17.6,69,5.8,45.0,977.1
2016-10-16 19:00:00,16.4,74,7.7,0.0,977.4
2016-10-16 20:00:00,15.3,78,7.7,0.0,977.9
2016-10-16 21:00:00,14.0,85,7.8,0.0,977.5
2016-10-16 22:00:00,13.1,87,6.2,0.0,977.7
2016-10-16 23:00:00,13.3,85,4.6,0.0,977.3
2016-10-17 00:00:00,13.1,84,1.8,0.0,977.0
2016-10-17 01:00:00,12.5,86,2.6,0.0,976.5
2016-10-17 02:00:00,12.0,86,2.4,0.0,976.1
2016-10-17 03:00:00,11.6,87,2.4,0.0,976.1
2016-10-17 04:00:00,11.6,86,2.4,0.0,975.6
2016-10-17 05:00:00,11.3,86,2.6,0.0,975.3
2016-10-17 06:00:00,11.1,86,3.0,0.0,975.3
2016-10-17 07:00:00,10.7,87,2.9,0.0,975.3
2016-10-17 08:00:00,12.2,82,3.1,61.0,975.6
2016-10-17 09:00:00,15.6,73,1.8,207.0,976.1
2016-10-17 10:00:00,18.3,58,2.8,386.0,976.3
2016-10-17 11:00:00,19.6,55,4.5,497.0,975.8
2016-10-17 12:00:00,20.7,53,5.6,573.0,974.9
2016-10-17 13:00:00,21.5,52,7.0,580.0,973.8
2016-10-17 14:00:00,22.2,50,7.6,571.0,972.6
2016-10-17 15:00:00,22.9,47,7.9,545.0,972.0
2016-10-17 16:00:00,22.7,48,6.8,384.0,971.3
2016-10-17 17:00:00,22.1,51,4.6,206.0,971.4
2016-10-17 18:00:00,20.7,57,6.2,54.0,971.3
2016-10-17 19:00:00,18.4,67,2.8,0.0,971.4
2016-10-17 20:00:00,17.8,64,1.8,0.0,972.3
2016-10-17 21:00:00,16.8,66,1.4,0.0,972.9
2016-10-17 22:00:00,15.8,68,1.6,0.0,973.0
2016-10-17 23:00:00,14.2,74,2.5,0.0,973.1
2016-10-18 00:00:00,13.0,79,3.4,0.0,972.7
2016-10-18 01:00:00,12.1,82,3.7,0.0,972.3
2016-10-18 02:00:00,11.6,84,3.5,0.0,972.2
2016-10-18 03:00:00,12.2,79,3.7,0.0,972.2
2016-10-18 04:00:00,12.0,80,3.7,0.0,972.2
2016-10-18 05:00:00,11.6,82,3.7,0.0,972.3
2016-10-18 06:00:00,11.2,84,3.1,0.0,973.1
2016-10-18 07:00:00,10.8,86,3.2,0.0,973.3
2016-10-18 08:00:00,12.5,80,3.9,70.0,974.1
2016-10-18 09:00:00,16.1,70,2.3,247.0,974.9
2016-10-18 10:00:00,18.7,58,3.5,432.0,974.7
2016-10-18 11:00:00,20.5,52,3.9,584.0,974.5
2016-10-18 12:00:00,21.9,48,4.1,678.0,973.5
2016-10-18 13:00:00,23.0,45,4.3,698.0,972.4
2016-10-18 14:00:00,23.7,44,5.7,642.0,971.4
2016-10-18 15:00:00,24.0,42,6.0,575.0,970.9
2016-10-18 16:00:00,23.9,42,6.8,417.0,970.3
2016-10-18 17:00:00,23.2,46,5.4,237.0,970.2
2016-10-18 18:00:00,21.5,51,6.4,63.0,970.8
2016-10-18 19:00:00,19.0,62,3.4,0.0,970.6
2016-10-18 20:00:00,18.3,61,2.3,0.0,971.8
2016-10-18 21:00:00,17.4,63,2.2,0.0,972.3
2016-10-18 22:00:00,16.6,65,1.4,0.0,972.3
2016-10-18 23:00:00,15.1,72,1.5,0.0,972.3
2016-10-19 00:00:00,13.6,79,2.4,0.0,972.0
2016-10-19 01:00:00,12.7,83,2.9,0.0,971.5
2016-10-19 02:00:00,12.2,86,2.9,0.0,971.3
2016-10-19 03:00:00,12.4,85,2.6,0.0,971.3
2016-10-19 04:00:00,12.3,86,2.9,0.0,971.2
2016-10-19 05:00:00,12.0,87,3.1,0.0,971.2
2016-10-19 06:00:00,11.9,88,2.3,0.0,972.0
2016-10-19 07:00:00,11.9,88,1.8,0.0,972.0
2016-10-19 08:00:00,13.6,82,2.3,60.0,972.5
2016-10-19 09:00:00,16.9,71,1.9,216.0,973.3
2016-10-19 10:00:00,18.8,65,3.6,399.0,972.9
2016-10-19 11:00:00,20.4,61,4.9,545.0,972.2
2016-10-19 12:00:00,21.7,57,5.7,626.0,971.1
2016-10-19 13:00:00,22.4,55,6.5,520.0,969.5
2016-10-19 14:00:00,23.0,53,8.1,438.0,968.2
2016-10-19 15:00:00,23.7,52,8.4,415.0,967.2
2016-10-19 16:00:00,23.8,52,7.8,313.0,966.8
2016-10-19 17:00:00,23.2,55,5.7,172.0,966.5
2016-10-19 18:00:00,21.9,60,4.7,47.0,966.6
2016-10-19 19:00:00,20.1,67,2.6,0.0,966.5
2016-10-19 20:00:00,19.5,68,2.6,0.0,967.0
2016-10-19 21:00:00,18.6,72,2.4,0.0,967.3
2016-10-19 22:00:00,17.7,76,3.4,0.0,967.1
2016-10-19 23:00:00,16.9,80,3.6,0.0,966.6
2016-10-20 00:00:00,16.5,82,3.6,0.0,966.5
2016-10-20 01:00:00,16.3,83,4.0,0.0,966.0
2016-10-20 02:00:00,15.9,85,4.7,0.0,965.8
2016-10-20 03:00:00,15.8,85,4.9,0.0,965.5
2016-10-20 04:00:00,15.7,86,5.2,0.0,965.0
2016-10-20 05:00:00,15.6,86,5.1,0.0,965.0
2016-10-20 06:00:00,15.4,87,5.8,0.0,965.2
2016-10-20 07:00:00,15.6,86,5.5,0.0,965.3
2016-10-20 08:00:00,16.1,85,5.8,40.0,966.0
2016-10-20 09:00:00,19.0,73,7.2,159.0,966.7
2016-10-20 10:00:00,20.6,67,9.0,251.0,966.8
2016-10-20 11:00:00,22.2,62,10.7,375.0,966.4
2016-10-20 12:00:00,23.6,57,11.3,475.0,965.8
2016-10-20 13:00:00,24.7,54,10.6,456.0,965.0
2016-10-20 14:00:00,25.6,50,11.3,463.0,963.9
2016-10-20 15:00:00,26.1,49,12.3,368.0,963.5
2016-10-20 16:00:00,25.8,50,12.4,281.0,963.4
2016-10-20 17:00:00,25.1,52,11.9,174.0,963.4
2016-10-20 18:00:00,23.5,56,11.9,47.0,964.4
2016-10-20 19:00:00,22.2,61,10.2,0.0,965.1
2016-10-20 20:00:00,21.2,64,9.3,0.0,965.7
2016-10-20 21:00:00,20.2,69,7.7,0.0,965.8
2016-10-20 22:00:00,19.3,74,5.8,0.0,966.4
2016-10-20 23:00:00,18.4,79,5.8,0.0,966.3
2016-10-21 00:00:00,18.1,82,5.4,0.0,966.6
2016-10-21 01:00:00,17.5,85,5.1,0.0,966.4
2016-10-21 02:00:00,17.0,87,5.4,0.0,966.0
2016-10-21 03:00:00,17.1,88,5.1,0.0,966.3
2016-10-21 04:00:00,16.9,90,4.5,0.0,966.1
2016-10-21 05:00:00,16.9,92,3.8,0.0,966.8
2016-10-21 06:00:00,17.0,93,4.1,0.0,967.6
2016-10-21 07:00:00,17.0,94,3.3,0.0,967.5
2016-10-21 08:00:00,17.0,95,3.1,16.0,968.3
2016-10-21 09:00:00,18.1,93,2.9,75.0,969.2
2016-10-21 10:00:00,18.5,91,3.8,128.0,969.6
2016-10-21 11:00:00,18.4,94,6.6,67.0,969.8
2016-10-21 12:00:00,18.5,92,9.6,86.0,969.7
2016-10-21 13:00:00,18.2,91,13.2,57.0,969.8
2016-10-21 14:00:00,17.2,87,14.1,35.0,969.7
2016-10-21 15:00:00,16.5,60,12.9,60.0,969.7
2016-10-21 16:00:00,17.0,56,10.9,57.0,969.9
2016-10-21 17:00:00,17.2,56,7.9,40.0,970.2
2016-10-21 18:00:00,17.0,58,5.4,15.0,971.2
2016-10-21 19:00:00,16.6,63,3.9,0.0,970.9
2016-10-21 20:00:00,16.3,69,2.1,0.0,971.8
2016-10-21 21:00:00,16.2,68,0.7,0.0,971.8
2016-10-21 22:00:00,16.3,65,0.5,0.0,972.3
2016-10-21 23:00:00,16.0,69,3.2,0.0,972.4
2016-10-22 00:00:00,16.0,71,3.2,0.0,972.7
2016-10-22 01:00:00,15.9,72,2.6,0.0,972.5
2016-10-22 02:00:00,15.8,72,2.6,0.0,972.2
2016-10-22 03:00:00,14.0,76,3.0,0.0,972.1
2016-10-22 04:00:00,13.7,79,2.9,0.0,971.8
2016-10-22 05:00:00,13.6,85,2.5,0.0,971.9
2016-10-22 06:00:00,13.5,87,4.4,0.0,972.6
2016-10-22 07:00:00,13.4,90,4.3,0.0,973.0
2016-10-22 08:00:00,13.4,90,2.9,6.0,973.5
2016-10-22 09:00:00,13.7,87,3.6,19.0,974.0
2016-10-22 10:00:00,14.2,83,4.0,54.0,974.0
2016-10-22 11:00:00,14.4,82,5.2,76.0,973.8
2016-10-22 12:00:00,14.5,82,4.8,90.0,973.6
2016-10-22 13:00:00,14.4,84,4.6,77.0,972.8
2016-10-22 14:00:00,14.4,85,4.3,87.0,972.5
2016-10-22 15:00:00,13.5,93,4.6,47.0,972.4
2016-10-22 16:00:00,13.3,94,4.5,32.0,972.5
2016-10-22 17:00:00,13.2,95,4.4,28.0,972.6
2016-10-22 18:00:00,13.0,96,4.0,7.0,973.4
2016-10-22 19:00:00,13.0,96,2.9,0.0,973.4
2016-10-22 20:00:00,13.0,95,3.3,0.0,974.0
2016-10-22 21:00:00,13.0,94,3.7,0.0,974.3
2016-10-22 22:00:00,13.0,93,3.2,0.0,974.5
2016-10-22 23:00:00,13.0,93,3.6,0.0,974.5
2016-10-23 00:00:00,12.7,94,4.7,0.0,974.6
2016-10-23 01:00:00,12.6,93,4.3,0.0,974.3
2016-10-23 02:00:00,12.3,94,3.8,0.0,974.1
2016-10-23 03:00:00,12.2,93,3.1,0.0,973.8
2016-10-23 04:00:00,12.2,92,2.9,0.0,973.5
2016-10-23 05:00:00,12.2,92,2.3,0.0,973.3
2016-10-23 06:00:00,12.3,92,2.9,0.0,973.4
2016-10-23 07:00:00,12.4,87,1.9,0.0,973.4
2016-10-23 08:00:00,12.4,88,1.8,5.0,973.8
2016-10-23 09:00:00,12.8,88,1.8,27.0,974.4
2016-10-23 10:00:00,13.1,88,2.9,65.0,974.3
2016-10-23 11:00:00,13.3,88,3.5,90.0,974.0
2016-10-23 12:00:00,13.8,83,5.4,146.0,973.4
2016-10-23 13:00:00,13.6,89,7.7,77.0,972.3
2016-10-23 14:00:00,13.5,89,8.0,110.0,971.4
2016-10-23 15:00:00,12.9,91,8.9,59.0,970.9
2016-10-23 16:00:00,12.6,89,9.6,29.0,970.5
2016-10-23 17:00:00,12.4,88,9.9,27.0,970.3
2016-10-23 18:00:00,12.0,89,9.3,8.0,971.2
2016-10-23 19:00:00,11.6,90,9.7,0.0,971.0
2016-10-23 20:00:00,11.5,89,9.7,0.0,971.4
2016-10-23 21:00:00,11.2,90,9.5,0.0,972.0
2016-10-23 22:00:00,11.0,90,9.2,0.0,971.8
2016-10-23 23:00:00,10.7,90,8.1,0.0,971.9
2016-10-24 00:00:00,10.6,90,7.9,0.0,972.1
2016-10-24 01:00:00,10.4,90,8.0,0.0,971.5
2016-10-24 02:00:00,10.3,87,7.9,0.0,971.4
2016-10-24 03:00:00,10.0,91,7.8,0.0,970.8
2016-10-24 04:00:00,9.9,92,7.2,0.0,970.5
2016-10-24 05:00:00,9.8,92,7.2,0.0,970.1
2016-10-24 06:00:00,9.8,92,7.1,0.0,970.6
2016-10-24 07:00:00,9.7,91,6.9,0.0,970.3
2016-10-24 08:00:00,9.7,91,6.5,5.0,971.2
2016-10-24 09:00:00,9.8,91,8.0,28.0,972.2
2016-10-24 10:00:00,9.7,92,8.7,29.0,972.9
2016-10-24 11:00:00,9.8,91,6.6,34.0,973.4
2016-10-24 12:00:00,10.2,89,4.1,55.0,973.6
2016-10-24 13:00:00,10.3,88,3.0,33.0,972.6
2016-10-24 14:00:00,10.7,86,2.9,54.0,971.7
2016-10-24 15:00:00,11.1,82,2.1,110.0,971.1
2016-10-24 16:00:00,11.9,78,0.8,144.0,971.4
2016-10-24 17:00:00,12.0,77,2.1,81.0,971.4
2016-10-24 18:00:00,11.9,78,3.1,16.0,971.1
2016-10-24 19:00:00,11.3,82,2.7,0.0,971.4
2016-10-24 20:00:00,10.3,89,3.2,0.0,971.7
2016-10-24 21:00:00,10.0,86,3.1,0.0,971.8
2016-10-24 22:00:00,9.4,88,1.5,0.0,972.3
2016-10-24 23:00:00,8.3,92,1.8,0.0,972.1
2016-10-25 00:00:00,7.7,94,2.3,0.0,971.7
2016-10-25 01:00:00,7.2,95,1.3,0.0,971.5
2016-10-25 02:00:00,6.9,96,1.1,0.0,971.6
2016-10-25 03:00:00,7.9,93,0.8,0.0,971.4
2016-10-25 04:00:00,7.6,94,0.4,0.0,971.0
2016-10-25 05:00:00,7.6,93,1.5,0.0,970.6
2016-10-25 06:00:00,7.6,92,1.1,0.0,972.1
2016-10-25 07:00:00,7.6,92,1.8,0.0,971.1
2016-10-25 08:00:00,8.1,92,1.8,40.0,971.0
2016-10-25 09:00:00,10.0,87,4.4,113.0,971.9
2016-10-25 10:00:00,11.5,80,6.6,214.0,971.7
2016-10-25 11:00:00,13.2,72,7.6,360.0,971.3
2016-10-25 12:00:00,14.6,68,7.6,430.0,971.4
2016-10-25 13:00:00,16.0,62,7.2,504.0,971.2
2016-10-25 14:00:00,16.5,60,5.2,397.0,970.4
2016-10-25 15:00:00,13.2,79,3.9,112.0,969.5
2016-10-25 16:00:00,13.0,81,3.1,62.0,969.4
2016-10-25 17:00:00,12.9,83,2.2,39.0,969.3
2016-10-25 18:00:00,12.7,84,2.4,10.0,971.0
2016-10-25 19:00:00,12.4,86,5.3,0.0,971.3
2016-10-25 20:00:00,12.3,87,3.9,0.0,972.2
2016-10-25 21:00:00,12.1,90,4.1,0.0,972.7
2016-10-25 22:00:00,11.9,90,4.2,0.0,973.2
2016-10-25 23:00:00,11.8,92,4.9,0.0,973.4
2016-10-26 00:00:00,11.8,93,5.2,0.0,973.4
2016-10-26 01:00:00,11.8,93,6.3,0.0,973.6
2016-10-26 02:00:00,11.6,94,7.7,0.0,973.8
2016-10-26 03:00:00,10.6,94,7.2,0.0,974.1
2016-10-26 04:00:00,10.5,93,5.7,0.0,973.8
2016-10-26 05:00:00,10.6,92,5.0,0.0,973.9
2016-10-26 06:00:00,10.6,93,4.7,0.0,974.1
2016-10-26 07:00:00,10.8,92,4.7,0.0,974.7
2016-10-26 08:00:00,11.3,91,2.9,13.0,975.4
2016-10-26 09:00:00,11.7,83,1.0,40.0,975.5
2016-10-26 10:00:00,12.4,78,1.4,96.0,975.8
2016-10-26 11:00:00,13.0,76,2.1,171.0,976.0
2016-10-26 12:00:00,13.8,72,2.3,251.0,975.6
2016-10-26 13:00:00,14.0,71,2.2,228.0,974.7
2016-10-26 14:00:00,14.3,70,3.2,224.0,973.6
2016-10-26 15:00:00,13.8,74,4.5,120.0,973.1
2016-10-26 16:00:00,13.7,75,4.7,88.0,973.0
2016-10-26 17:00:00,13.3,79,2.9,46.0,973.4
2016-10-26 18:00:00,12.9,83,3.4,7.0,974.0
2016-10-26 19:00:00,12.8,89,2.9,0.0,974.0
2016-10-26 20:00:00,12.6,91,3.3,0.0,974.9
2016-10-26 21:00:00,12.6,90,3.8,0.0,974.7
2016-10-26 22:00:00,12.5,91,5.6,0.0,974.6
2016-10-26 23:00:00,12.2,91,4.2,0.0,974.4
2016-10-27 00:00:00,12.2,91,5.0,0.0,974.7
2016-10-27 01:00:00,12.1,92,5.6,0.0,974.3
2016-10-27 02:00:00,12.0,92,6.8,0.0,973.7
2016-10-27 03:00:00,11.7,93,7.1,0.0,973.4
2016-10-27 04:00:00,11.6,94,7.4,0.0,973.1
2016-10-27 05:00:00,11.7,94,7.6,0.0,972.8
2016-10-27 06:00:00,11.7,94,6.9,0.0,973.4
2016-10-27 07:00:00,11.6,94,7.9,0.0,973.6
2016-10-27 08:00:00,11.6,94,7.6,9.0,974.1
2016-10-27 09:00:00,11.7,93,7.3,22.0,974.8
2016-10-27 10:00:00,11.6,94,7.1,25.0,974.9
2016-10-27 11:00:00,11.7,94,7.2,45.0,975.0
2016-10-27 12:00:00,12.0,93,7.2,71.0,975.2
2016-10-27 13:00:00,11.9,94,6.7,52.0,974.6
2016-10-27 14:00:00,11.8,94,6.9,47.0,974.5
2016-10-27 15:00:00,11.6,94,7.9,30.0,975.2
2016-10-27 16:00:00,11.5,95,8.6,20.0,976.1
2016-10-27 17:00:00,11.3,92,14.1,24.0,977.1
2016-10-27 18:00:00,10.4,87,20.5,4.0,979.5
2016-10-27 19:00:00,9.3,81,20.9,0.0,982.0
2016-10-27 20:00:00,8.8,79,19.9,0.0,983.8
2016-10-27 21:00:00,8.4,79,18.2,0.0,984.9
2016-10-27 22:00:00,8.2,79,16.9,0.0,985.7
2016-10-27 23:00:00,8.0,77,16.4,0.0,986.0
2016-10-28 00:00:00,7.9,76,16.8,0.0,986.6
2016-10-28 01:00:00,7.7,71,16.8,0.0,986.9
2016-10-28 02:00:00,7.7,67,16.2,0.0,987.1
2016-10-28 03:00:00,7.3,73,15.7,0.0,987.4
2016-10-28 04:00:00,7.2,70,15.6,0.0,987.7
2016-10-28 05:00:00,7.0,69,14.5,0.0,987.5
2016-10-28 06:00:00,6.9,68,13.6,0.0,988.3
2016-10-28 07:00:00,6.8,67,12.0,0.0,989.2
2016-10-28 08:00:00,7.1,64,9.7,15.0,989.8
2016-10-28 09:00:00,7.7,61,9.6,69.0,989.9
2016-10-28 10:00:00,8.4,55,11.4,121.0,990.6
2016-10-28 11:00:00,8.8,52,10.5,128.0,990.3
2016-10-28 12:00:00,9.3,48,9.5,201.0,989.7
2016-10-28 13:00:00,9.5,46,8.5,199.0,988.4
2016-10-28 14:00:00,9.4,46,8.3,179.0,987.9
2016-10-28 15:00:00,8.2,53,8.3,195.0,987.0
2016-10-28 16:00:00,8.0,53,8.0,157.0,987.0
2016-10-28 17:00:00,7.5,55,7.8,66.0,986.8
2016-10-28 18:00:00,6.9,58,6.0,13.0,987.0
2016-10-28 19:00:00,6.5,61,4.8,0.0,987.6
2016-10-28 20:00:00,6.4,62,4.1,0.0,988.1
2016-10-28 21:00:00,6.2,64,4.7,0.0,988.7
2016-10-28 22:00:00,6.2,64,4.6,0.0,989.2
2016-10-28 23:00:00,6.2,65,4.6,0.0,989.4
2016-10-29 00:00:00,6.1,66,4.1,0.0,989.3
2016-10-29 01:00:00,6.1,67,3.8,0.0,989.1
2016-10-29 02:00:00,6.0,68,4.3,0.0,988.6
2016-10-29 03:00:00,5.6,75,4.2,0.0,988.2
2016-10-29 04:00:00,5.9,68,3.6,0.0,987.0
2016-10-29 05:00:00,6.1,65,1.8,0.0,986.4
2016-10-29 06:00:00,5.7,68,0.4,0.0,987.0
2016-10-29 07:00:00,5.7,68,1.1,0.0,987.2
2016-10-29 08:00:00,5.9,70,1.1,38.0,987.4
2016-10-29 09:00:00,7.3,66,1.1,140.0,987.9
2016-10-29 10:00:00,9.2,57,3.6,318.0,988.4
2016-10-29 11:00:00,10.5,53,4.0,487.0,988.4
2016-10-29 12:00:00,11.6,50,2.5,560.0,987.8
2016-10-29 13:00:00,12.7,49,0.4,646.0,986.2
2016-10-29 14:00:00,13.4,48,0.8,566.0,984.8
2016-10-29 15:00:00,13.2,49,2.3,457.0,983.5
2016-10-29 16:00:00,13.4,49,4.7,368.0,982.6
2016-10-29 17:00:00,12.8,52,5.2,186.0,982.5
2016-10-29 18:00:00,11.3,57,6.8,37.0,982.9
2016-10-29 19:00:00,9.7,65,4.5,0.0,982.3
2016-10-29 20:00:00,8.4,70,5.2,0.0,982.1
2016-10-29 21:00:00,7.8,71,3.9,0.0,982.3
2016-10-29 22:00:00,7.1,72,1.9,0.0,982.3
2016-10-29 23:00:00,6.3,75,1.8,0.0,982.4
2016-10-30 00:00:00,5.6,78,2.3,0.0,982.0
2016-10-30 01:00:00,5.0,80,2.8,0.0,981.1
2016-10-30 02:00:00,4.7,82,3.3,0.0,980.4
2016-10-30 03:00:00,4.4,83,3.3,0.0,979.4
2016-10-30 04:00:00,4.4,82,3.3,0.0,978.4
2016-10-30 05:00:00,4.3,82,3.6,0.0,977.9
2016-10-30 06:00:00,4.2,83,4.0,0.0,977.9
2016-10-30 07:00:00,4.1,83,3.4,0.0,977.9
2016-10-30 08:00:00,5.7,77,3.8,43.0,977.9
2016-10-30 09:00:00,8.6,70,2.9,192.0,978.7
2016-10-30 10:00:00,11.0,61,4.1,323.0,979.1
2016-10-30 11:00:00,12.5,58,5.9,449.0,978.4
2016-10-30 12:00:00,13.7,55,6.3,499.0,978.1
2016-10-30 13:00:00,14.3,54,6.8,451.0,978.0
2016-10-30 14:00:00,14.0,56,4.3,283.0,977.3
2016-10-30 15:00:00,13.7,60,3.0,257.0,976.9
2016-10-30 16:00:00,13.4,61,1.3,144.0,977.4
2016-10-30 17:00:00,12.9,65,1.1,53.0,977.6
2016-10-30 18:00:00,12.5,68,3.6,14.0,978.7
2016-10-30 19:00:00,11.7,78,4.2,0.0,980.0
2016-10-30 20:00:00,11.2,78,5.6,0.0,980.7
2016-10-30 21:00:00,11.5,74,4.2,0.0,981.6
2016-10-30 22:00:00,10.9,76,5.4,0.0,982.6
2016-10-30 23:00:00,10.4,79,4.2,0.0,983.1
2016-10-31 00:00:00,10.2,79,3.2,0.0,983.7
2016-10-31 01:00:00,10.1,77,3.3,0.0,984.4
2016-10-31 02:00:00,8.8,83,4.3,0.0,984.9
2016-10-31 03:00:00,8.3,84,4.3,0.0,985.5
2016-10-31 04:00:00,8.1,81,5.2,0.0,985.8
2016-10-31 05:00:00,7.8,79,3.9,0.0,986.1
2016-10-31 06:00:00,7.2,80,1.6,0.0,986.6
2016-10-31 07:00:00,6.3,82,1.0,0.0,986.7
2016-10-31 08:00:00,6.8,79,2.6,37.0,987.3
2016-10-31 09:00:00,9.0,70,3.6,181.0,988.0
2016-10-31 10:00:00,10.7,54,4.3,346.0,988.5
2016-10-31 11:00:00,11.7,48,4.5,534.0,987.9
2016-10-31 12:00:00,12.6,44,5.7,610.0,987.1
2016-10-31 13:00:00,13.4,41,7.4,667.0,985.4
2016-10-31 14:00:00,13.9,39,8.9,633.0,984.1
2016-10-31 15:00:00,14.4,38,9.9,529.0,983.0
2016-10-31 16:00:00,14.0,38,9.7,349.0,982.4
2016-10-31 17:00:00,13.2,42,7.1,194.0,981.8
2016-10-31 18:00:00,11.4,46,8.5,35.0,981.4
2016-10-31 19:00:00,10.0,48,7.9,0.0,981.8
2016-10-31 20:00:00,8.8,52,5.1,0.0,982.4
2016-10-31 21:00:00,8.1,53,2.4,0.0,982.4
2016-10-31 22:00:00,7.8,54,1.3,0.0,983.0
2016-10-31 23:00:00,7.2,57,2.2,0.0,982.7
2016-11-01 00:00:00,6.8,61,2.9,0.0,982.7
2016-11-01 01:00:00,6.3,66,3.3,0.0,982.2
2016-11-01 02:00:00,6.2,69,3.3,0.0,982.2
2016-11-01 03:00:00,6.5,71,3.5,0.0,982.5
2016-11-01 04:00:00,6.0,75,4.0,0.0,982.3
2016-11-01 05:00:00,5.6,78,5.9,0.0,982.4
2016-11-01 06:00:00,5.6,79,7.8,0.0,984.7
2016-11-01 07:00:00,5.7,80,6.3,0.0,985.2
2016-11-01 08:00:00,6.3,79,4.8,24.0,986.1
2016-11-01 09:00:00,8.4,69,4.9,123.0,986.2
2016-11-01 10:00:00,9.6,65,4.8,200.0,986.7
2016-11-01 11:00:00,11.0,63,4.3,307.0,986.6
2016-11-01 12:00:00,11.5,63,2.9,276.0,986.0
2016-11-01 13:00:00,12.2,61,2.2,308.0,984.9
2016-11-01 14:00:00,12.7,61,2.2,280.0,983.7
2016-11-01 15:00:00,13.1,62,3.1,294.0,982.9
2016-11-01 16:00:00,13.1,62,3.9,209.0,982.6
2016-11-01 17:00:00,12.9,63,2.9,121.0,982.4
2016-11-01 18:00:00,12.0,70,3.6,23.0,983.1
2016-11-01 19:00:00,11.3,71,1.5,0.0,983.1
2016-11-01 20:00:00,10.5,73,1.5,0.0,983.2
2016-11-01 21:00:00,9.7,76,1.9,0.0,983.6
2016-11-01 22:00:00,9.0,79,1.5,0.0,983.5
2016-11-01 23:00:00,7.8,83,1.1,0.0,983.5
2016-11-02 00:00:00,6.4,89,1.5,0.0,983.0
2016-11-02 01:00:00,5.6,91,1.8,0.0,982.5
2016-11-02 02:00:00,5.2,91,1.8,0.0,982.4
2016-11-02 03:00:00,5.1,90,1.3,0.0,982.3
2016-11-02 04:00:00,4.8,90,1.8,0.0,981.9
2016-11-02 05:00:00,4.6,90,1.8,0.0,981.7
2016-11-02 06:00:00,4.2,90,1.8,0.0,982.5
2016-11-02 07:00:00,4.1,89,1.8,0.0,982.8
2016-11-02 08:00:00,5.3,85,2.5,40.0,983.7
2016-11-02 09:00:00,8.6,84,1.8,200.0,984.7
2016-11-02 10:00:00,12.5,60,4.3,362.0,985.0
2016-11-02 11:00:00,14.2,57,5.0,501.0,984.8
2016-11-02 12:00:00,15.7,54,4.8,615.0,983.9
2016-11-02 13:00:00,16.7,52,4.6,637.0,982.8
2016-11-02 14:00:00,17.3,51,4.2,554.0,981.8
2016-11-02 15:00:00,16.8,53,4.2,466.0,980.7
2016-11-02 16:00:00,16.7,53,4.1,331.0,980.4
2016-11-02 17:00:00,16.0,58,4.9,157.0,980.2
2016-11-02 18:00:00,14.2,69,3.7,30.0,980.2
2016-11-02 19:00:00,12.6,70,1.8,0.0,980.3
2016-11-02 20:00:00,12.1,68,1.5,0.0,980.3
2016-11-02 21:00:00,11.0,71,1.1,0.0,980.3
2016-11-02 22:00:00,8.7,81,2.0,0.0,980.0
2016-11-02 23:00:00,7.2,89,2.6,0.0,979.9
2016-11-03 00:00:00,6.5,90,2.9,0.0,979.3
2016-11-03 01:00:00,6.0,91,2.9,0.0,978.9
2016-11-03 02:00:00,5.6,92,2.9,0.0,978.7
2016-11-03 03:00:00,5.6,91,2.9,0.0,978.9
2016-11-03 04:00:00,5.4,91,3.2,0.0,978.5
2016-11-03 05:00:00,5.0,91,3.2,0.0,978.3
2016-11-03 06:00:00,4.8,91,3.4,0.0,978.7
2016-11-03 07:00:00,4.6,91,3.1,0.0,978.2
2016-11-03 08:00:00,5.7,87,2.9,40.0,978.7
2016-11-03 09:00:00,9.2,88,2.7,200.0,979.0
2016-11-03 10:00:00,13.8,59,0.0,380.0,979.4
2016-11-03 11:00:00,15.8,54,1.5,526.0,978.7
2016-11-03 12:00:00,17.3,51,2.2,620.0,977.7
2016-11-03 13:00:00,18.4,49,2.5,649.0,976.1
2016-11-03 14:00:00,19.1,48,3.0,611.0,974.7
2016-11-03 15:00:00,19.7,44,4.0,514.0,973.4
2016-11-03 16:00:00,19.4,45,4.7,362.0,972.8
2016-11-03 17:00:00,18.5,52,5.4,178.0,972.3
2016-11-03 18:00:00,17.3,53,1.8,30.0,972.1
2016-11-03 19:00:00,16.5,55,3.0,0.0,972.1
2016-11-03 20:00:00,15.4,58,1.1,0.0,972.1
2016-11-03 21:00:00,13.9,62,1.3,0.0,972.3
2016-11-03 22:00:00,11.2,74,2.9,0.0,971.8
2016-11-03 23:00:00,9.0,85,3.9,0.0,971.6
2016-11-04 00:00:00,7.7,91,4.2,0.0,971.0
2016-11-04 01:00:00,7.1,92,4.6,0.0,970.4
2016-11-04 02:00:00,6.8,92,4.5,0.0,970.1
2016-11-04 03:00:00,7.9,86,4.5,0.0,970.0
2016-11-04 04:00:00,7.8,86,4.8,0.0,969.6
2016-11-04 05:00:00,7.4,87,4.8,0.0,969.1
2016-11-04 06:00:00,6.9,88,5.1,0.0,968.8
2016-11-04 07:00:00,6.6,88,4.1,0.0,968.8
2016-11-04 08:00:00,7.4,84,4.6,38.0,968.8
2016-11-04 09:00:00,11.2,80,4.5,198.0,969.5
2016-11-04 10:00:00,16.0,56,2.3,379.0,969.6
2016-11-04 11:00:00,18.1,47,0.7,528.0,969.1
2016-11-04 12:00:00,19.4,45,2.5,618.0,968.3
2016-11-04 13:00:00,20.4,43,2.6,647.0,967.1
2016-11-04 14:00:00,21.0,43,2.2,609.0,965.8
2016-11-04 15:00:00,21.5,42,2.7,509.0,964.8
2016-11-04 16:00:00,21.1,45,3.6,358.0,964.3
2016-11-04 17:00:00,20.0,53,4.3,179.0,964.2
2016-11-04 18:00:00,18.1,61,4.3,29.0,964.1
2016-11-04 19:00:00,17.7,55,2.3,0.0,964.1
2016-11-04 20:00:00,16.0,60,0.8,0.0,964.4
2016-11-04 21:00:00,12.7,74,1.8,0.0,964.4
2016-11-04 22:00:00,10.4,85,3.2,0.0,964.5
2016-11-04 23:00:00,9.4,89,3.7,0.0,964.6
2016-11-05 00:00:00,8.8,91,3.7,0.0,964.4
2016-11-05 01:00:00,8.4,91,3.7,0.0,964.4
2016-11-05 02:00:00,8.1,92,3.4,0.0,964.3
2016-11-05 03:00:00,8.8,87,3.4,0.0,964.6
2016-11-05 04:00:00,8.7,87,3.3,0.0,964.2
2016-11-05 05:00:00,8.4,88,2.9,0.0,964.3
2016-11-05 06:00:00,8.2,88,2.9,0.0,965.2
2016-11-05 07:00:00,7.9,88,2.3,0.0,965.6
2016-11-05 08:00:00,8.7,85,2.3,35.0,966.3
2016-11-05 09:00:00,11.8,88,2.1,187.0,967.2
2016-11-05 10:00:00,16.3,58,1.3,361.0,968.1
2016-11-05 11:00:00,18.0,53,1.9,505.0,967.6
2016-11-05 12:00:00,19.3,51,3.3,598.0,967.4
2016-11-05 13:00:00,20.2,50,4.5,627.0,966.3
2016-11-05 14:00:00,20.8,49,5.2,591.0,965.5
2016-11-05 15:00:00,21.2,47,6.0,491.0,965.0
2016-11-05 16:00:00,20.9,48,6.3,343.0,965.0
2016-11-05 17:00:00,19.8,55,6.6,169.0,965.3
2016-11-05 18:00:00,17.7,64,5.4,26.0,965.6
2016-11-05 19:00:00,16.4,65,3.2,0.0,965.8
2016-11-05 20:00:00,15.5,67,1.1,0.0,966.8
2016-11-05 21:00:00,14.4,70,0.5,0.0,967.3
2016-11-05 22:00:00,13.5,73,0.8,0.0,967.5
2016-11-05 23:00:00,12.5,78,0.8,0.0,967.7
2016-11-06 00:00:00,11.6,82,1.5,0.0,967.9
2016-11-06 01:00:00,10.9,85,1.8,0.0,967.8
2016-11-06 02:00:00,10.3,87,1.8,0.0,968.3
2016-11-06 03:00:00,9.8,87,2.3,0.0,968.8
2016-11-06 04:00:00,9.6,88,2.4,0.0,968.7
2016-11-06 05:00:00,9.5,88,2.5,0.0,969.0
2016-11-06 06:00:00,9.5,89,2.2,0.0,969.8
2016-11-06 07:00:00,9.7,89,2.3,0.0,970.7
2016-11-06 08:00:00,10.6,87,2.7,26.0,971.8
2016-11-06 09:00:00,12.8,85,3.3,139.0,973.0
2016-11-06 10:00:00,15.3,73,5.6,281.0,973.6
2016-11-06 11:00:00,16.3,70,7.6,318.0,973.9
2016-11-06 12:00:00,17.3,68,8.7,391.0,973.6
2016-11-06 13:00:00,18.2,64,8.9,399.0,973.4
2016-11-06 14:00:00,17.7,66,9.0,245.0,972.6
2016-11-06 15:00:00,15.1,84,7.9,47.0,972.8
2016-11-06 16:00:00,14.1,91,7.7,32.0,973.7
2016-11-06 17:00:00,13.4,93,9.7,18.0,974.7
2016-11-06 18:00:00,12.4,93,11.2,2.0,976.6
2016-11-06 19:00:00,11.6,91,12.1,0.0,977.5
2016-11-06 20:00:00,11.0,88,12.9,0.0,978.8
2016-11-06 21:00:00,10.6,87,12.5,0.0,979.6
2016-11-06 22:00:00,10.5,87,12.0,0.0,980.3
2016-11-06 23:00:00,10.4,88,12.2,0.0,980.9
2016-11-07 00:00:00,10.2,88,13.4,0.0,981.5
2016-11-07 01:00:00,10.1,88,14.0,0.0,982.2
2016-11-07 02:00:00,9.9,88,14.6,0.0,982.7
2016-11-07 03:00:00,9.3,89,13.5,0.0,983.7
2016-11-07 04:00:00,9.0,88,13.4,0.0,983.8
2016-11-07 05:00:00,9.0,87,12.9,0.0,984.4
2016-11-07 06:00:00,8.9,86,13.5,0.0,985.9
2016-11-07 07:00:00,8.7,87,11.5,0.0,986.5
2016-11-07 08:00:00,8.4,86,12.9,5.0,987.9
2016-11-07 09:00:00,8.0,85,13.6,36.0,989.0
2016-11-07 10:00:00,8.0,80,13.7,75.0,989.2
2016-11-07 11:00:00,8.8,67,16.3,178.0,989.0
2016-11-07 12:00:00,9.5,56,15.3,223.0,988.2
2016-11-07 13:00:00,10.1,50,14.3,256.0,987.2
2016-11-07 14:00:00,10.6,46,12.8,264.0,986.1
2016-11-07 15:00:00,11.5,45,11.8,226.0,985.6
2016-11-07 16:00:00,11.2,45,10.5,149.0,986.2
2016-11-07 17:00:00,10.6,47,8.4,73.0,986.0
2016-11-07 18:00:00,9.8,48,8.6,11.0,985.4
2016-11-07 19:00:00,9.3,51,7.8,0.0,985.2
2016-11-07 20:00:00,8.4,62,8.2,0.0,985.6
2016-11-07 21:00:00,8.0,58,9.1,0.0,986.3
2016-11-07 22:00:00,9.6,46,4.2,0.0,986.9
2016-11-07 23:00:00,9.6,46,1.5,0.0,987.3
2016-11-08 00:00:00,8.1,54,2.2,0.0,987.1
2016-11-08 01:00:00,7.2,58,2.5,0.0,986.9
2016-11-08 02:00:00,6.7,59,1.8,0.0,986.9
2016-11-08 03:00:00,6.9,57,0.8,0.0,987.3
2016-11-08 04:00:00,6.3,60,1.0,0.0,986.8
2016-11-08 05:00:00,6.2,60,0.8,0.0,986.7
2016-11-08 06:00:00,5.8,62,1.9,0.0,987.1
2016-11-08 07:00:00,5.8,62,3.2,0.0,987.4
2016-11-08 08:00:00,6.1,62,3.3,19.0,987.8
2016-11-08 09:00:00,7.6,60,4.4,116.0,989.2
2016-11-08 10:00:00,8.8,52,5.6,198.0,988.7
2016-11-08 11:00:00,10.0,46,5.7,355.0,988.4
2016-11-08 12:00:00,10.9,43,6.0,456.0,987.7
2016-11-08 13:00:00,11.6,40,7.1,519.0,986.4
2016-11-08 14:00:00,11.8,39,7.8,378.0,985.1
2016-11-08 15:00:00,12.6,36,9.2,392.0,984.4
2016-11-08 16:00:00,12.0,37,7.7,200.0,984.2
2016-11-08 17:00:00,11.2,42,4.3,92.0,984.0
2016-11-08 18:00:00,10.4,46,3.1,12.0,984.6
2016-11-08 19:00:00,9.0,55,4.0,0.0,985.4
2016-11-08 20:00:00,8.4,55,2.3,0.0,985.0
2016-11-08 21:00:00,8.3,52,1.5,0.0,985.2
2016-11-08 22:00:00,7.8,54,1.3,0.0,985.4
2016-11-08 23:00:00,7.6,56,1.5,0.0,985.3
2016-11-09 00:00:00,7.6,57,0.8,0.0,985.1
2016-11-09 01:00:00,7.4,59,0.8,0.0,985.0
2016-11-09 02:00:00,7.4,60,1.1,0.0,984.5
2016-11-09 03:00:00,7.1,62,1.5,0.0,984.1
2016-11-09 04:00:00,6.9,64,1.0,0.0,983.4
2016-11-09 05:00:00,6.9,66,0.7,0.0,983.5
2016-11-09 06:00:00,6.6,72,2.2,0.0,983.3
2016-11-09 07:00:00,6.5,75,0.7,0.0,983.5
2016-11-09 08:00:00,6.7,74,0.5,11.0,984.1
2016-11-09 09:00:00,7.4,75,1.6,45.0,984.4
2016-11-09 10:00:00,8.1,73,1.9,102.0,984.5
2016-11-09 11:00:00,8.8,72,2.3,152.0,983.9
2016-11-09 12:00:00,10.0,67,2.3,273.0,983.4
2016-11-09 13:00:00,11.1,61,2.2,331.0,981.8
2016-11-09 14:00:00,11.9,57,2.4,340.0,980.6
2016-11-09 15:00:00,11.5,57,1.1,221.0,979.4
2016-11-09 16:00:00,11.6,57,3.1,153.0,979.4
2016-11-09 17:00:00,11.2,60,3.3,96.0,978.9
2016-11-09 18:00:00,10.3,63,6.1,17.0,979.5
2016-11-09 19:00:00,9.1,67,4.3,0.0,979.0
2016-11-09 20:00:00,7.1,77,2.7,0.0,978.8
2016-11-09 21:00:00,5.7,82,2.8,0.0,978.6
2016-11-09 22:00:00,5.0,84,3.6,0.0,978.2
2016-11-09 23:00:00,4.8,84,3.9,0.0,978.0
2016-11-10 00:00:00,4.5,85,3.4,0.0,978.0
2016-11-10 01:00:00,4.1,87,3.2,0.0,978.1
2016-11-10 02:00:00,3.8,87,1.8,0.0,978.8
2016-11-10 03:00:00,4.0,84,2.5,0.0,979.6
2016-11-10 04:00:00,3.9,84,3.0,0.0,979.2
2016-11-10 05:00:00,3.3,85,1.9,0.0,978.9
2016-11-10 06:00:00,2.7,86,6.5,0.0,979.7
2016-11-10 07:00:00,3.2,81,7.4,0.0,979.6
2016-11-10 08:00:00,4.5,76,4.6,27.0,980.3
2016-11-10 09:00:00,6.8,78,5.1,173.0,981.3
2016-11-10 10:00:00,11.0,52,6.6,352.0,982.1
2016-11-10 11:00:00,12.5,40,7.5,494.0,981.0
2016-11-10 12:00:00,13.6,35,7.6,594.0,979.5
2016-11-10 13:00:00,14.4,34,6.2,627.0,976.9
2016-11-10 14:00:00,15.1,34,4.0,585.0,975.2
2016-11-10 15:00:00,15.9,33,1.5,494.0,973.7
2016-11-10 16:00:00,15.6,35,1.3,343.0,972.7
2016-11-10 17:00:00,14.8,41,4.3,165.0,971.8
2016-11-10 18:00:00,12.5,54,5.2,22.0,971.0
2016-11-10 19:00:00,11.9,48,3.3,0.0,971.3
2016-11-10 20:00:00,10.2,53,4.6,0.0,971.1
2016-11-10 21:00:00,8.3,62,5.2,0.0,970.9
2016-11-10 22:00:00,7.3,67,5.9,0.0,970.6
2016-11-10 23:00:00,5.9,75,6.4,0.0,970.4
2016-11-11 00:00:00,4.6,83,6.6,0.0,970.2
2016-11-11 01:00:00,4.0,85,6.6,0.0,969.7
2016-11-11 02:00:00,3.7,86,6.3,0.0,969.4
2016-11-11 03:00:00,4.5,80,6.3,0.0,969.3
2016-11-11 04:00:00,4.5,80,6.3,0.0,968.7
2016-11-11 05:00:00,4.3,81,6.3,0.0,968.2
2016-11-11 06:00:00,4.1,81,6.5,0.0,968.1
2016-11-11 07:00:00,4.2,80,5.2,0.0,968.2
2016-11-11 08:00:00,4.8,78,5.0,27.0,969.1
2016-11-11 09:00:00,7.3,78,4.3,166.0,970.0
2016-11-11 10:00:00,11.9,59,2.3,327.0,971.0
2016-11-11 11:00:00,14.2,49,3.8,469.0,970.9
2016-11-11 12:00:00,15.5,46,4.6,535.0,970.5
2016-11-11 13:00:00,16.5,45,4.9,595.0,969.5
2016-11-11 14:00:00,17.0,45,4.7,564.0,968.9
2016-11-11 15:00:00,17.3,46,3.1,422.0,968.3
2016-11-11 16:00:00,16.8,50,2.1,312.0,968.2
2016-11-11 17:00:00,15.5,59,1.8,149.0,968.6
2016-11-11 18:00:00,13.5,68,6.5,20.0,968.7
2016-11-11 19:00:00,11.2,79,7.6,0.0,969.5
2016-11-11 20:00:00,10.2,79,5.8,0.0,969.8
2016-11-11 21:00:00,10.0,77,2.8,0.0,970.0
2016-11-11 22:00:00,9.4,79,1.4,0.0,970.1
2016-11-11 23:00:00,8.7,81,2.3,0.0,970.7
2016-11-12 00:00:00,8.2,81,2.3,0.0,970.7
2016-11-12 01:00:00,7.6,82,2.4,0.0,970.7
2016-11-12 02:00:00,6.6,83,2.7,0.0,970.7
2016-11-12 03:00:00,6.1,81,2.7,0.0,970.6
2016-11-12 04:00:00,6.2,78,2.4,0.0,970.7
2016-11-12 05:00:00,5.9,77,2.3,0.0,970.9
2016-11-12 06:00:00,5.6,77,1.5,0.0,972.1
2016-11-12 07:00:00,5.0,77,1.8,0.0,972.7
2016-11-12 08:00:00,5.4,75,1.6,25.0,973.4
2016-11-12 09:00:00,8.6,76,1.1,169.0,974.1
2016-11-12 10:00:00,13.2,54,2.0,338.0,975.6
2016-11-12 11:00:00,15.0,49,1.8,484.0,974.8
2016-11-12 12:00:00,16.1,46,2.5,553.0,974.1
2016-11-12 13:00:00,16.9,45,4.0,564.0,972.9
2016-11-12 14:00:00,17.5,44,5.0,561.0,971.9
2016-11-12 15:00:00,17.4,43,6.2,478.0,971.2
2016-11-12 16:00:00,17.1,46,6.5,327.0,970.9
2016-11-12 17:00:00,15.8,54,6.8,142.0,970.4
2016-11-12 18:00:00,14.0,62,5.6,18.0,970.4
2016-11-12 19:00:00,12.8,65,2.9,0.0,970.9
2016-11-12 20:00:00,12.9,61,0.7,0.0,971.7
2016-11-12 21:00:00,12.6,60,0.4,0.0,972.3
2016-11-12 22:00:00,11.3,65,0.7,0.0,972.4
2016-11-12 23:00:00,10.4,68,1.8,0.0,972.5
2016-11-13 00:00:00,9.1,74,2.6,0.0,972.4
2016-11-13 01:00:00,8.2,78,2.6,0.0,971.9
2016-11-13 02:00:00,7.4,82,2.6,0.0,971.8
2016-11-13 03:00:00,6.9,77,2.6,0.0,971.5
2016-11-13 04:00:00,6.6,79,2.1,0.0,971.5
2016-11-13 05:00:00,6.3,81,2.6,0.0,971.2
2016-11-13 06:00:00,6.0,83,2.3,0.0,971.8
2016-11-13 07:00:00,5.7,85,2.6,0.0,971.5
2016-11-13 08:00:00,6.2,84,2.0,22.0,971.9
2016-11-13 09:00:00,9.0,83,1.3,150.0,973.3
2016-11-13 10:00:00,13.3,59,3.4,315.0,973.6
2016-11-13 11:00:00,15.0,55,4.1,464.0,973.3
2016-11-13 12:00:00,16.3,52,4.7,539.0,972.6
2016-11-13 13:00:00,17.3,50,4.7,573.0,971.4
2016-11-13 14:00:00,18.1,48,5.3,550.0,970.1
2016-11-13 15:00:00,18.4,46,5.5,452.0,969.4
2016-11-13 16:00:00,18.2,47,6.0,305.0,969.1
2016-11-13 17:00:00,17.3,52,6.6,142.0,968.9
2016-11-13 18:00:00,16.0,59,1.5,16.0,969.4
2016-11-13 19:00:00,15.5,58,1.3,0.0,970.2
2016-11-13 20:00:00,15.0,60,1.1,0.0,970.7
2016-11-13 21:00:00,14.2,63,1.4,0.0,971.1
2016-11-13 22:00:00,13.2,67,0.8,0.0,971.7
2016-11-13 23:00:00,12.3,71,0.5,0.0,972.0
2016-11-14 00:00:00,11.9,73,1.1,0.0,972.2
2016-11-14 01:00:00,11.5,75,1.1,0.0,972.5
2016-11-14 02:00:00,11.3,76,1.5,0.0,973.0
2016-11-14 03:00:00,9.5,82,3.6,0.0,973.1
2016-11-14 04:00:00,9.0,84,3.6,0.0,973.3
2016-11-14 05:00:00,8.3,87,2.6,0.0,973.6
2016-11-14 06:00:00,8.1,86,1.3,0.0,974.3
2016-11-14 07:00:00,8.3,83,1.3,0.0,975.5
2016-11-14 08:00:00,8.9,78,1.0,20.0,977.0
2016-11-14 09:00:00,10.6,75,0.8,138.0,978.4
2016-11-14 10:00:00,13.6,56,3.9,288.0,979.5
2016-11-14 11:00:00,14.7,47,4.3,349.0,979.6
2016-11-14 12:00:00,15.3,42,3.8,384.0,979.2
2016-11-14 13:00:00,15.8,40,4.0,419.0,977.9
2016-11-14 14:00:00,16.1,37,4.6,440.0,977.2
2016-11-14 15:00:00,16.3,41,4.6,385.0,977.0
2016-11-14 16:00:00,16.0,41,3.8,282.0,976.8
2016-11-14 17:00:00,15.3,45,1.8,148.0,977.3
2016-11-14 18:00:00,13.2,59,4.6,17.0,977.2
2016-11-14 19:00:00,11.8,60,5.5,0.0,977.4
2016-11-14 20:00:00,11.9,58,4.0,0.0,977.8
2016-11-14 21:00:00,10.7,62,1.9,0.0,977.8
2016-11-14 22:00:00,9.0,68,2.3,0.0,977.2
2016-11-14 23:00:00,7.4,75,2.3,0.0,977.0
2016-11-15 00:00:00,6.4,79,2.3,0.0,976.6
2016-11-15 01:00:00,5.9,79,2.3,0.0,976.4
2016-11-15 02:00:00,5.6,78,2.3,0.0,976.0
2016-11-15 03:00:00,5.2,79,2.5,0.0,975.9
2016-11-15 04:00:00,5.2,77,2.5,0.0,975.0
2016-11-15 05:00:00,5.2,75,2.5,0.0,974.7
2016-11-15 06:00:00,5.1,74,2.3,0.0,974.7
2016-11-15 07:00:00,5.0,73,2.8,0.0,974.4
2016-11-15 08:00:00,5.7,70,3.3,20.0,974.8
2016-11-15 09:00:00,8.1,75,4.2,153.0,975.1
2016-11-15 10:00:00,12.8,52,6.0,320.0,975.4
2016-11-15 11:00:00,14.8,46,9.0,462.0,974.1
2016-11-15 12:00:00,16.7,43,9.5,532.0,973.8
2016-11-15 13:00:00,18.1,42,9.1,566.0,972.3
2016-11-15 14:00:00,19.0,41,9.4,527.0,971.2
2016-11-15 15:00:00,19.2,41,9.8,397.0,970.2
2016-11-15 16:00:00,18.6,45,8.3,203.0,969.7
2016-11-15 17:00:00,17.3,49,8.7,81.0,969.7
2016-11-15 18:00:00,15.9,53,7.1,9.0,970.3
2016-11-15 19:00:00,15.1,57,7.6,0.0,970.4
2016-11-15 20:00:00,14.1,63,6.1,0.0,971.0
2016-11-15 21:00:00,13.5,66,5.4,0.0,971.8
2016-11-15 22:00:00,13.2,70,6.2,0.0,971.8
2016-11-15 23:00:00,12.7,74,5.4,0.0,972.3
2016-11-16 00:00:00,11.9,80,4.7,0.0,972.3
2016-11-16 01:00:00,11.3,89,4.4,0.0,972.8
2016-11-16 02:00:00,11.0,90,3.1,0.0,973.4
2016-11-16 03:00:00,11.1,83,1.1,0.0,973.6
2016-11-16 04:00:00,10.9,84,0.0,0.0,973.3
2016-11-16 05:00:00,10.8,87,0.8,0.0,973.2
2016-11-16 06:00:00,10.6,88,1.5,0.0,973.8
2016-11-16 07:00:00,10.1,90,1.6,0.0,973.9
2016-11-16 08:00:00,10.2,90,4.3,4.0,974.1
2016-11-16 09:00:00,11.3,85,3.9,42.0,975.0
2016-11-16 10:00:00,12.3,78,3.3,104.0,975.5
2016-11-16 11:00:00,13.0,75,3.1,153.0,975.3
2016-11-16 12:00:00,13.7,73,2.7,216.0,975.1
2016-11-16 13:00:00,14.2,71,2.2,245.0,974.3
2016-11-16 14:00:00,14.7,69,2.2,235.0,973.4
2016-11-16 15:00:00,15.0,68,2.2,227.0,972.8
2016-11-16 16:00:00,14.9,68,1.8,139.0,973.0
2016-11-16 17:00:00,14.6,70,1.3,59.0,973.2
2016-11-16 18:00:00,13.8,77,3.0,9.0,973.2
2016-11-16 19:00:00,13.4,76,1.8,0.0,973.2
2016-11-16 20:00:00,13.3,76,1.3,0.0,973.9
2016-11-16 21:00:00,12.7,78,1.8,0.0,974.4
2016-11-16 22:00:00,12.4,79,1.5,0.0,974.1
2016-11-16 23:00:00,11.9,81,1.1,0.0,974.0
2016-11-17 00:00:00,11.4,83,0.5,0.0,973.9
2016-11-17 01:00:00,11.0,85,0.7,0.0,973.8
2016-11-17 02:00:00,10.7,87,0.5,0.0,973.8
2016-11-17 03:00:00,11.1,84,0.4,0.0,973.7
2016-11-17 04:00:00,10.9,85,0.7,0.0,973.5
2016-11-17 05:00:00,10.9,85,0.8,0.0,973.2
2016-11-17 06:00:00,10.8,85,0.0,0.0,973.7
2016-11-17 07:00:00,10.9,84,1.1,0.0,973.8
2016-11-17 08:00:00,11.0,84,1.9,10.0,973.3
2016-11-17 09:00:00,12.1,83,3.3,87.0,973.3
2016-11-17 10:00:00,13.7,74,5.5,166.0,973.4
2016-11-17 11:00:00,14.6,70,6.2,237.0,973.2
2016-11-17 12:00:00,15.6,67,6.7,322.0,973.2
2016-11-17 13:00:00,16.0,65,6.3,239.0,972.2
2016-11-17 14:00:00,16.7,63,5.2,263.0,971.3
2016-11-17 15:00:00,16.1,66,5.5,188.0,970.6
2016-11-17 16:00:00,15.8,68,6.1,110.0,970.5
2016-11-17 17:00:00,15.1,72,5.8,70.0,970.4
2016-11-17 18:00:00,14.2,75,3.8,8.0,971.1
2016-11-17 19:00:00,13.4,78,4.7,0.0,971.4
2016-11-17 20:00:00,12.8,82,3.6,0.0,971.1
2016-11-17 21:00:00,12.7,82,1.9,0.0,971.5
2016-11-17 22:00:00,12.5,82,1.9,0.0,971.7
2016-11-17 23:00:00,12.0,84,2.0,0.0,971.4
2016-11-18 00:00:00,11.8,84,2.2,0.0,971.2
2016-11-18 01:00:00,11.5,85,4.0,0.0,970.4
2016-11-18 02:00:00,11.2,87,4.4,0.0,969.7
2016-11-18 03:00:00,10.2,91,3.7,0.0,969.8
2016-11-18 04:00:00,10.2,91,3.1,0.0,969.3
2016-11-18 05:00:00,10.0,91,2.5,0.0,969.1
2016-11-18 06:00:00,10.0,90,3.0,0.0,969.1
2016-11-18 07:00:00,9.9,91,2.5,0.0,969.1
2016-11-18 08:00:00,9.9,90,3.1,10.0,969.2
2016-11-18 09:00:00,11.2,87,4.6,81.0,969.3
2016-11-18 10:00:00,12.9,80,6.1,209.0,968.8
2016-11-18 11:00:00,14.6,73,5.4,355.0,968.1
2016-11-18 12:00:00,16.0,68,5.1,423.0,967.1
2016-11-18 13:00:00,16.9,65,5.3,418.0,966.0
2016-11-18 14:00:00,17.6,63,7.9,494.0,964.9
2016-11-18 15:00:00,17.3,63,7.6,385.0,964.3
2016-11-18 16:00:00,17.2,64,7.9,260.0,963.8
2016-11-18 17:00:00,16.3,68,6.9,127.0,963.7
2016-11-18 18:00:00,14.5,75,3.4,15.0,965.0
2016-11-18 19:00:00,12.7,84,2.3,0.0,965.6
2016-11-18 20:00:00,12.0,86,2.1,0.0,966.9
2016-11-18 21:00:00,11.9,85,2.6,0.0,968.6
2016-11-18 22:00:00,11.8,84,2.9,0.0,969.8
2016-11-18 23:00:00,10.4,87,2.8,0.0,970.3
2016-11-19 00:00:00,9.5,89,4.9,0.0,970.9
2016-11-19 01:00:00,8.2,92,8.1,0.0,971.1
2016-11-19 02:00:00,8.9,88,9.0,0.0,972.1
2016-11-19 03:00:00,8.3,82,9.1,0.0,972.5
2016-11-19 04:00:00,8.0,74,8.6,0.0,973.0
2016-11-19 05:00:00,7.2,71,7.6,0.0,973.0
2016-11-19 06:00:00,7.1,69,7.6,0.0,972.9
2016-11-19 07:00:00,8.5,59,4.5,0.0,973.6
2016-11-19 08:00:00,8.5,59,1.8,10.0,974.1
2016-11-19 09:00:00,8.9,62,0.7,78.0,974.2
2016-11-19 10:00:00,10.7,55,4.3,153.0,975.1
2016-11-19 11:00:00,12.1,43,5.0,258.0,975.7
2016-11-19 12:00:00,12.8,38,3.8,294.0,975.5
2016-11-19 13:00:00,12.8,36,3.2,279.0,974.8
2016-11-19 14:00:00,12.7,39,1.9,261.0,973.9
2016-11-19 15:00:00,13.8,35,0.5,354.0,973.8
2016-11-19 16:00:00,13.5,36,0.4,219.0,973.5
2016-11-19 17:00:00,12.7,43,2.5,81.0,973.6
2016-11-19 18:00:00,11.1,50,7.3,10.0,974.6
2016-11-19 19:00:00,9.3,60,4.5,0.0,974.7
2016-11-19 20:00:00,9.9,51,1.8,0.0,975.7
2016-11-19 21:00:00,9.4,52,2.2,0.0,976.3
2016-11-19 22:00:00,8.4,56,2.9,0.0,976.0
2016-11-19 23:00:00,7.2,62,1.3,0.0,975.5
2016-11-20 00:00:00,5.6,69,2.0,0.0,974.8
2016-11-20 01:00:00,4.3,76,1.8,0.0,974.7
2016-11-20 02:00:00,3.5,80,1.8,0.0,974.5
2016-11-20 03:00:00,5.3,72,1.8,0.0,974.7
2016-11-20 04:00:00,5.4,72,1.3,0.0,974.0
2016-11-20 05:00:00,5.2,72,1.5,0.0,973.6
2016-11-20 06:00:00,4.7,74,1.5,0.0,973.1
2016-11-20 07:00:00,4.7,72,1.3,0.0,973.0
2016-11-20 08:00:00,5.3,70,1.1,10.0,973.7
2016-11-20 09:00:00,8.2,67,3.2,85.0,974.6
2016-11-20 10:00:00,10.1,62,4.9,115.0,973.9
2016-11-20 11:00:00,11.9,52,6.4,189.0,973.6
2016-11-20 12:00:00,13.0,49,6.6,242.0,972.7
2016-11-20 13:00:00,13.9,49,5.6,263.0,971.3
2016-11-20 14:00:00,14.3,50,5.5,223.0,969.8
2016-11-20 15:00:00,15.1,51,6.1,299.0,969.0
2016-11-20 16:00:00,15.0,54,6.2,179.0,968.4
2016-11-20 17:00:00,14.2,58,6.1,84.0,967.8
2016-11-20 18:00:00,12.5,65,3.2,12.0,968.5
2016-11-20 19:00:00,11.5,70,3.0,0.0,968.3
2016-11-20 20:00:00,10.7,73,2.9,0.0,968.2
2016-11-20 21:00:00,10.0,77,2.2,0.0,968.6
2016-11-20 22:00:00,9.7,80,1.8,0.0,968.7
2016-11-20 23:00:00,9.4,82,1.8,0.0,969.4
2016-11-21 00:00:00,9.2,83,2.2,0.0,969.4
2016-11-21 01:00:00,9.1,84,2.2,0.0,969.4
2016-11-21 02:00:00,9.3,84,1.8,0.0,969.9
2016-11-21 03:00:00,8.6,85,0.8,0.0,970.3
2016-11-21 04:00:00,8.3,85,0.0,0.0,970.5
2016-11-21 05:00:00,8.3,85,0.5,0.0,970.6
2016-11-21 06:00:00,7.6,89,0.5,0.0,971.0
2016-11-21 07:00:00,6.8,91,3.5,0.0,971.6
2016-11-21 08:00:00,6.4,92,4.6,10.0,973.0
2016-11-21 09:00:00,7.8,90,3.1,77.0,974.9
2016-11-21 10:00:00,9.4,84,1.6,107.0,975.2
2016-11-21 11:00:00,10.0,82,3.6,126.0,975.5
2016-11-21 12:00:00,9.9,82,7.1,102.0,975.0
2016-11-21 13:00:00,9.7,84,8.2,143.0,975.5
2016-11-21 14:00:00,9.6,82,7.7,129.0,975.9
2016-11-21 15:00:00,8.5,87,6.3,45.0,977.1
2016-11-21 16:00:00,8.1,83,6.1,39.0,978.4
2016-11-21 17:00:00,7.3,82,6.7,21.0,980.1
2016-11-21 18:00:00,6.2,81,9.2,2.0,981.4
2016-11-21 19:00:00,5.0,81,8.9,0.0,983.8
2016-11-21 20:00:00,4.2,80,6.8,0.0,985.4
2016-11-21 21:00:00,3.5,79,5.8,0.0,986.2
2016-11-21 22:00:00,2.7,81,4.9,0.0,986.9
2016-11-21 23:00:00,2.0,84,5.1,0.0,988.5
2016-11-22 00:00:00,1.2,89,3.6,0.0,989.1
2016-11-22 01:00:00,0.5,94,3.2,0.0,989.6
2016-11-22 02:00:00,0.1,94,3.6,0.0,989.7
2016-11-22 03:00:00,0.7,68,3.9,0.0,990.3
2016-11-22 04:00:00,1.0,55,5.7,0.0,990.3
2016-11-22 05:00:00,0.6,52,7.6,0.0,990.6
2016-11-22 06:00:00,-0.1,53,8.4,0.0,989.6
2016-11-22 07:00:00,-0.7,51,9.7,0.0,990.6
2016-11-22 08:00:00,-1.2,50,9.0,4.0,991.9
2016-11-22 09:00:00,-1.4,49,8.8,41.0,993.1
2016-11-22 10:00:00,-1.4,49,6.5,87.0,993.2
2016-11-22 11:00:00,-1.1,48,5.4,145.0,993.0
2016-11-22 12:00:00,-0.7,45,4.9,234.0,992.5
2016-11-22 13:00:00,-1.0,47,3.9,149.0,991.8
2016-11-22 14:00:00,-1.2,49,3.6,154.0,991.6
2016-11-22 15:00:00,-2.5,62,4.0,127.0,991.6
2016-11-22 16:00:00,-2.9,65,2.9,60.0,991.5
2016-11-22 17:00:00,-3.2,69,1.8,25.0,991.7
2016-11-22 18:00:00,-3.6,73,2.7,4.0,991.7
2016-11-22 19:00:00,-4.0,75,2.6,0.0,992.4
2016-11-22 20:00:00,-4.0,75,1.0,0.0,992.2
2016-11-22 21:00:00,-4.4,77,1.1,0.0,992.8
2016-11-22 22:00:00,-5.2,83,2.9,0.0,992.7
2016-11-22 23:00:00,-5.1,84,3.9,0.0,992.4
2016-11-23 00:00:00,-5.0,84,3.6,0.0,992.3
2016-11-23 01:00:00,-5.0,85,4.2,0.0,992.0
2016-11-23 02:00:00,-4.9,85,5.4,0.0,992.5
2016-11-23 03:00:00,-4.6,81,6.2,0.0,992.7
2016-11-23 04:00:00,-4.6,81,6.0,0.0,992.4
2016-11-23 05:00:00,-4.8,82,6.4,0.0,992.7
2016-11-23 06:00:00,-4.9,82,4.2,0.0,992.7
2016-11-23 07:00:00,-4.2,77,3.1,0.0,993.2
2016-11-23 08:00:00,-3.5,72,5.0,7.0,994.0
2016-11-23 09:00:00,-4.0,74,4.0,46.0,994.3
2016-11-23 10:00:00,-3.5,72,3.4,122.0,994.2
2016-11-23 11:00:00,-2.6,73,2.9,300.0,993.5
2016-11-23 12:00:00,-1.4,72,3.1,422.0,992.7
2016-11-23 13:00:00,-0.3,71,2.7,532.0,991.4
2016-11-23 14:00:00,0.4,67,1.8,497.0,990.3
2016-11-23 15:00:00,1.9,39,0.8,413.0,989.3
2016-11-23 16:00:00,1.9,39,1.3,272.0,988.7
2016-11-23 17:00:00,1.6,41,1.8,130.0,988.4
2016-11-23 18:00:00,1.0,43,4.2,12.0,988.5
2016-11-23 19:00:00,0.4,45,6.4,0.0,988.9
2016-11-23 20:00:00,-0.1,47,4.2,0.0,988.2
2016-11-23 21:00:00,-1.3,53,0.8,0.0,988.5
2016-11-23 22:00:00,-2.7,61,1.0,0.0,988.3
2016-11-23 23:00:00,-3.7,67,1.0,0.0,987.8
2016-11-24 00:00:00,-4.3,70,1.1,0.0,987.3
2016-11-24 01:00:00,-4.4,70,1.1,0.0,986.3
2016-11-24 02:00:00,-4.5,70,1.1,0.0,985.7
2016-11-24 03:00:00,-3.5,66,1.4,0.0,985.1
2016-11-24 04:00:00,-3.4,65,0.8,0.0,984.6
2016-11-24 05:00:00,-3.2,65,1.0,0.0,984.2
2016-11-24 06:00:00,-2.7,63,1.1,0.0,984.1
2016-11-24 07:00:00,-2.6,63,1.8,0.0,984.5
2016-11-24 08:00:00,-2.3,62,1.0,6.0,984.6
2016-11-24 09:00:00,-0.5,58,4.2,93.0,984.6
2016-11-24 10:00:00,-0.9,55,5.9,241.0,984.5
2016-11-24 11:00:00,-0.7,65,5.8,389.0,984.3
2016-11-24 12:00:00,1.6,63,5.4,423.0,983.3
2016-11-24 13:00:00,2.5,59,5.2,335.0,981.7
2016-11-24 14:00:00,2.3,61,5.6,261.0,980.6
2016-11-24 15:00:00,2.2,66,5.5,336.0,979.7
2016-11-24 16:00:00,2.1,66,5.0,212.0,979.3
2016-11-24 17:00:00,1.5,69,4.5,86.0,979.0
2016-11-24 18:00:00,0.2,60,4.9,10.0,980.8
2016-11-24 19:00:00,2.3,45,5.4,0.0,981.3
2016-11-24 20:00:00,2.1,46,3.7,0.0,981.4
2016-11-24 21:00:00,1.8,48,5.0,0.0,982.8
2016-11-24 22:00:00,1.4,52,3.9,0.0,982.9
2016-11-24 23:00:00,0.8,56,1.0,0.0,982.8
2016-11-25 00:00:00,0.2,60,1.1,0.0,981.9
2016-11-25 01:00:00,-0.1,63,1.1,0.0,981.6
2016-11-25 02:00:00,-0.3,65,1.5,0.0,981.4
2016-11-25 03:00:00,-0.7,63,1.1,0.0,981.1
2016-11-25 04:00:00,-1.0,65,0.8,0.0,980.5
2016-11-25 05:00:00,-1.5,67,1.5,0.0,980.4
2016-11-25 06:00:00,-2.1,70,1.1,0.0,980.1
2016-11-25 07:00:00,-2.3,72,1.0,0.0,980.2
2016-11-25 08:00:00,-2.2,72,0.5,10.0,980.2
2016-11-25 09:00:00,0.2,64,1.0,117.0,981.6
2016-11-25 10:00:00,2.8,49,2.1,274.0,982.5
2016-11-25 11:00:00,4.2,45,2.9,421.0,982.0
2016-11-25 12:00:00,2.9,69,5.8,488.0,981.5
2016-11-25 13:00:00,5.2,50,8.0,482.0,980.9
2016-11-25 14:00:00,5.1,53,6.8,422.0,980.7
2016-11-25 15:00:00,4.3,54,7.6,183.0,980.5
2016-11-25 16:00:00,4.0,59,7.6,97.0,981.2
2016-11-25 17:00:00,3.5,64,6.9,32.0,982.0
2016-11-25 18:00:00,2.4,74,8.9,2.0,982.9
2016-11-25 19:00:00,2.4,77,10.2,0.0,984.3
2016-11-25 20:00:00,2.6,79,9.1,0.0,984.7
2016-11-25 21:00:00,2.4,80,8.6,0.0,985.2
2016-11-25 22:00:00,2.0,79,7.5,0.0,985.0
2016-11-25 23:00:00,1.6,76,8.4,0.0,985.6
2016-11-26 00:00:00,1.1,73,9.5,0.0,985.6
2016-11-26 01:00:00,-0.3,74,9.0,0.0,985.3
2016-11-26 02:00:00,-1.1,71,8.3,0.0,984.7
2016-11-26 03:00:00,-1.0,65,7.4,0.0,984.7
2016-11-26 04:00:00,-0.4,59,8.7,0.0,984.1
2016-11-26 05:00:00,1.6,52,7.6,0.0,984.3
2016-11-26 06:00:00,1.1,52,5.4,0.0,983.4
2016-11-26 07:00:00,0.6,53,3.6,0.0,983.8
2016-11-26 08:00:00,0.2,54,2.5,10.0,983.2
2016-11-26 09:00:00,2.0,56,4.0,127.0,984.1
2016-11-26 10:00:00,5.6,48,3.3,298.0,983.8
2016-11-26 11:00:00,8.3,36,4.4,445.0,983.2
2016-11-26 12:00:00,10.1,30,5.3,542.0,981.6
2016-11-26 13:00:00,11.3,28,4.2,576.0,979.8
2016-11-26 14:00:00,12.1,28,2.6,543.0,978.2
2016-11-26 15:00:00,12.5,29,1.3,447.0,976.9
2016-11-26 16:00:00,12.3,32,0.8,302.0,976.3
2016-11-26 17:00:00,10.9,58,4.3,132.0,975.7
2016-11-26 18:00:00,8.6,46,7.2,12.0,975.2
2016-11-26 19:00:00,7.7,45,3.1,0.0,975.0
2016-11-26 20:00:00,5.5,52,3.7,0.0,974.6
2016-11-26 21:00:00,3.5,60,4.7,0.0,974.7
2016-11-26 22:00:00,1.9,67,4.9,0.0,974.7
2016-11-26 23:00:00,0.8,72,5.0,0.0,974.9
2016-11-27 00:00:00,0.1,74,4.8,0.0,974.9
2016-11-27 01:00:00,-0.6,76,4.8,0.0,975.0
2016-11-27 02:00:00,-1.1,78,4.6,0.0,975.0
2016-11-27 03:00:00,0.0,67,3.9,0.0,975.4
2016-11-27 04:00:00,-0.5,69,3.4,0.0,975.4
2016-11-27 05:00:00,-1.2,72,3.1,0.0,975.5
2016-11-27 06:00:00,-1.5,73,1.8,0.0,976.7
2016-11-27 07:00:00,-1.5,71,1.3,0.0,977.5
2016-11-27 08:00:00,-1.1,69,1.6,9.0,979.0
2016-11-27 09:00:00,2.3,65,2.6,124.0,980.6
2016-11-27 10:00:00,6.8,53,1.5,292.0,981.6
2016-11-27 11:00:00,9.2,41,4.0,438.0,982.0
2016-11-27 12:00:00,10.5,39,5.5,534.0,981.8
2016-11-27 13:00:00,11.5,38,6.2,567.0,980.7
2016-11-27 14:00:00,12.1,38,6.6,534.0,979.7
2016-11-27 15:00:00,11.9,38,6.8,438.0,979.3
2016-11-27 16:00:00,11.5,40,6.1,273.0,979.2
2016-11-27 17:00:00,10.3,46,7.0,108.0,979.3
2016-11-27 18:00:00,8.2,58,1.3,10.0,979.5
2016-11-27 19:00:00,7.3,54,1.8,0.0,980.3
2016-11-27 20:00:00,6.5,55,1.0,0.0,980.7
2016-11-27 21:00:00,5.8,56,1.1,0.0,980.6
2016-11-27 22:00:00,5.1,57,0.7,0.0,981.1
2016-11-27 23:00:00,4.5,59,1.6,0.0,981.4
2016-11-28 00:00:00,3.5,63,1.8,0.0,981.5
2016-11-28 01:00:00,2.5,68,2.0,0.0,981.3
2016-11-28 02:00:00,1.8,70,2.0,0.0,981.1
2016-11-28 03:00:00,1.6,71,2.3,0.0,981.4
2016-11-28 04:00:00,1.7,69,2.8,0.0,980.9
2016-11-28 05:00:00,1.2,70,3.1,0.0,980.7
2016-11-28 06:00:00,0.8,70,3.1,0.0,981.0
2016-11-28 07:00:00,0.7,71,3.4,0.0,981.4
2016-11-28 08:00:00,1.0,70,3.7,7.0,982.0
2016-11-28 09:00:00,3.2,68,3.5,98.0,983.2
2016-11-28 10:00:00,6.2,59,2.9,205.0,984.3
2016-11-28 11:00:00,8.0,52,5.2,314.0,983.9
2016-11-28 12:00:00,9.2,50,5.2,347.0,983.3
2016-11-28 13:00:00,10.0,48,5.2,330.0,982.2
2016-11-28 14:00:00,10.3,48,5.5,219.0,981.2
2016-11-28 15:00:00,10.3,54,5.1,126.0,980.7
2016-11-28 16:00:00,10.0,58,4.8,86.0,980.7
2016-11-28 17:00:00,9.3,61,5.1,43.0,980.7
2016-11-28 18:00:00,8.0,68,0.7,5.0,982.4
2016-11-28 19:00:00,7.9,64,1.5,0.0,982.7
2016-11-28 20:00:00,7.5,64,1.4,0.0,983.4
2016-11-28 21:00:00,6.7,67,0.7,0.0,983.5
2016-11-28 22:00:00,6.0,70,1.1,0.0,983.6
2016-11-28 23:00:00,5.1,75,2.5,0.0,984.1
2016-11-29 00:00:00,4.6,79,4.0,0.0,984.5
2016-11-29 01:00:00,4.2,81,4.7,0.0,985.1
2016-11-29 02:00:00,4.8,78,5.5,0.0,985.2
2016-11-29 03:00:00,4.0,81,5.8,0.0,985.7
2016-11-29 04:00:00,4.2,82,5.8,0.0,985.4
2016-11-29 05:00:00,4.0,83,5.7,0.0,985.3
2016-11-29 06:00:00,4.4,79,6.5,0.0,985.0
2016-11-29 07:00:00,4.1,82,6.9,0.0,985.1
2016-11-29 08:00:00,3.7,86,5.8,4.0,985.6
2016-11-29 09:00:00,4.6,86,5.4,37.0,985.9
2016-11-29 10:00:00,6.5,76,4.9,85.0,986.8
2016-11-29 11:00:00,7.4,67,6.8,171.0,987.0
2016-11-29 12:00:00,8.2,57,8.3,201.0,986.2
2016-11-29 13:00:00,8.5,52,8.0,195.0,985.2
2016-11-29 14:00:00,9.0,46,7.1,218.0,984.2
2016-11-29 15:00:00,10.2,43,6.2,305.0,983.7
2016-11-29 16:00:00,10.2,41,5.3,240.0,983.5
2016-11-29 17:00:00,9.2,46,3.9,127.0,983.7
2016-11-29 18:00:00,7.1,54,7.3,11.0,984.0
2016-11-29 19:00:00,4.5,65,8.7,0.0,984.6
2016-11-29 20:00:00,4.3,61,8.8,0.0,985.0
2016-11-29 21:00:00,3.8,61,5.7,0.0,985.8
2016-11-29 22:00:00,3.5,61,2.3,0.0,986.1
2016-11-29 23:00:00,3.2,62,3.0,0.0,986.0
2016-11-30 00:00:00,2.7,63,3.3,0.0,985.6
2016-11-30 01:00:00,2.6,62,2.9,0.0,985.5
2016-11-30 02:00:00,2.1,64,2.5,0.0,984.9
2016-11-30 03:00:00,3.4,58,2.2,0.0,984.9
2016-11-30 04:00:00,2.9,59,2.2,0.0,984.4
2016-11-30 05:00:00,2.0,61,2.2,0.0,984.0
2016-11-30 06:00:00,0.8,63,1.8,0.0,983.2
2016-11-30 07:00:00,-0.0,65,2.4,0.0,984.1
2016-11-30 08:00:00,-0.4,65,3.4,8.0,983.9
2016-11-30 09:00:00,2.5,61,4.1,120.0,984.6
2016-11-30 10:00:00,6.9,55,3.3,290.0,985.4
2016-11-30 11:00:00,10.2,40,2.3,437.0,985.6
2016-11-30 12:00:00,12.0,34,2.2,534.0,984.7
2016-11-30 13:00:00,13.0,32,2.5,567.0,983.2
2016-11-30 14:00:00,13.6,31,1.5,537.0,982.0
2016-11-30 15:00:00,13.8,31,1.4,444.0,981.2
2016-11-30 16:00:00,13.4,34,2.9,301.0,980.7
2016-11-30 17:00:00,12.1,39,8.6,133.0,980.6
2016-11-30 18:00:00,9.2,47,9.9,12.0,979.7
2016-11-30 19:00:00,6.4,55,4.4,0.0,980.0
2016-11-30 20:00:00,4.6,58,3.3,0.0,980.2
2016-11-30 21:00:00,3.0,65,2.8,0.0,980.9
2016-11-30 22:00:00,1.8,70,3.1,0.0,980.9
2016-11-30 23:00:00,1.1,73,3.4,0.0,981.1
2016-12-01 00:00:00,0.7,74,3.4,0.0,980.9
2016-12-01 01:00:00,0.3,75,3.2,0.0,981.0
2016-12-01 02:00:00,0.0,75,2.9,0.0,981.1
2016-12-01 03:00:00,0.6,70,2.6,0.0,981.3
2016-12-01 04:00:00,0.5,69,2.3,0.0,981.4
2016-12-01 05:00:00,0.3,69,2.0,0.0,981.6
2016-12-01 06:00:00,0.1,68,2.3,0.0,982.5
2016-12-01 07:00:00,-0.0,66,1.6,0.0,983.3
2016-12-01 08:00:00,0.0,65,1.3,7.0,984.1
2016-12-01 09:00:00,3.1,62,1.3,115.0,985.6
2016-12-01 10:00:00,7.2,53,0.4,282.0,986.8
2016-12-01 11:00:00,9.5,40,3.3,428.0,987.1
2016-12-01 12:00:00,10.8,38,4.4,524.0,986.0
2016-12-01 13:00:00,11.9,36,5.3,558.0,984.8
2016-12-01 14:00:00,12.6,35,6.6,527.0,983.2
2016-12-01 15:00:00,12.4,35,7.7,402.0,982.7
2016-12-01 16:00:00,12.0,38,6.6,263.0,982.2
2016-12-01 17:00:00,10.7,43,6.4,115.0,982.2
2016-12-01 18:00:00,8.4,54,3.1,11.0,982.5
2016-12-01 19:00:00,7.0,53,1.9,0.0,982.5
2016-12-01 20:00:00,6.5,51,1.5,0.0,983.0
2016-12-01 21:00:00,5.9,51,1.8,0.0,983.3
2016-12-01 22:00:00,5.4,52,1.5,0.0,983.7
2016-12-01 23:00:00,5.3,52,1.8,0.0,983.6
2016-12-02 00:00:00,4.9,55,1.6,0.0,983.7
2016-12-02 01:00:00,4.2,57,1.9,0.0,983.4
2016-12-02 02:00:00,3.7,60,2.3,0.0,983.3
2016-12-02 03:00:00,2.4,66,2.5,0.0,983.0
2016-12-02 04:00:00,2.4,65,2.8,0.0,982.7
2016-12-02 05:00:00,2.0,67,2.8,0.0,982.6
2016-12-02 06:00:00,1.9,68,3.3,0.0,982.6
2016-12-02 07:00:00,1.9,68,3.1,0.0,983.1
2016-12-02 08:00:00,1.8,69,2.8,6.0,983.1
2016-12-02 09:00:00,4.0,66,2.8,92.0,984.2
2016-12-02 10:00:00,7.0,59,2.6,218.0,984.4
2016-12-02 11:00:00,8.8,53,5.1,315.0,983.9
2016-12-02 12:00:00,9.9,51,5.2,353.0,982.9
2016-12-02 13:00:00,10.6,49,4.3,324.0,982.0
2016-12-02 14:00:00,11.0,48,4.7,280.0,980.9
2016-12-02 15:00:00,11.2,47,5.5,214.0,980.5
2016-12-02 16:00:00,10.8,50,3.7,130.0,980.2
2016-12-02 17:00:00,10.1,60,4.8,51.0,980.5
2016-12-02 18:00:00,9.8,53,4.3,5.0,981.3
2016-12-02 19:00:00,8.3,63,4.3,0.0,981.9
2016-12-02 20:00:00,6.7,74,5.8,0.0,982.5
2016-12-02 21:00:00,5.9,82,4.8,0.0,983.3
2016-12-02 22:00:00,5.6,88,2.4,0.0,982.9
2016-12-02 23:00:00,5.8,87,2.3,0.0,983.0
2016-12-03 00:00:00,6.6,80,1.1,0.0,982.7
2016-12-03 01:00:00,6.5,81,0.5,0.0,982.6
2016-12-03 02:00:00,6.3,81,1.1,0.0,982.1
2016-12-03 03:00:00,6.0,80,1.8,0.0,981.8
2016-12-03 04:00:00,5.8,80,1.8,0.0,981.2
2016-12-03 05:00:00,5.3,81,1.8,0.0,980.7
2016-12-03 06:00:00,4.8,82,3.1,0.0,981.0
2016-12-03 07:00:00,4.4,85,3.3,0.0,981.3
2016-12-03 08:00:00,3.4,89,5.8,3.0,981.3
2016-12-03 09:00:00,4.3,90,6.5,77.0,981.0
2016-12-03 10:00:00,7.8,77,5.7,224.0,981.7
2016-12-03 11:00:00,9.6,63,10.9,350.0,982.1
2016-12-03 12:00:00,11.1,50,12.6,453.0,981.3
2016-12-03 13:00:00,12.0,42,13.1,455.0,979.9
2016-12-03 14:00:00,12.5,38,12.6,429.0,978.5
2016-12-03 15:00:00,13.3,37,11.5,395.0,978.0
2016-12-03 16:00:00,13.1,40,7.1,253.0,977.7
2016-12-03 17:00:00,11.6,46,7.4,111.0,977.3
2016-12-03 18:00:00,9.3,51,9.3,11.0,976.5
2016-12-03 19:00:00,6.7,60,7.6,0.0,976.6
2016-12-03 20:00:00,5.3,64,6.5,0.0,976.0
2016-12-03 21:00:00,4.1,67,3.9,0.0,975.4
2016-12-03 22:00:00,3.3,67,5.1,0.0,975.4
2016-12-03 23:00:00,2.6,66,5.2,0.0,975.0
2016-12-04 00:00:00,1.8,66,5.2,0.0,974.4
2016-12-04 01:00:00,1.4,65,5.6,0.0,974.1
2016-12-04 02:00:00,0.8,66,5.9,0.0,973.5
2016-12-04 03:00:00,1.1,64,5.9,0.0,973.6
2016-12-04 04:00:00,0.9,63,5.9,0.0,973.0
2016-12-04 05:00:00,0.6,63,5.5,0.0,972.9
2016-12-04 06:00:00,0.2,63,4.8,0.0,972.5
2016-12-04 07:00:00,0.1,62,4.8,0.0,973.1
2016-12-04 08:00:00,-0.0,61,5.2,5.0,973.4
2016-12-04 09:00:00,3.2,60,4.0,111.0,974.5
2016-12-04 10:00:00,7.5,73,4.3,279.0,975.4
2016-12-04 11:00:00,12.2,44,1.8,426.0,975.5
2016-12-04 12:00:00,14.4,35,2.9,524.0,974.5
2016-12-04 13:00:00,15.7,33,3.5,561.0,973.0
2016-12-04 14:00:00,16.4,32,2.9,530.0,971.8
2016-12-04 15:00:00,16.8,33,2.3,434.0,970.9
2016-12-04 16:00:00,16.3,39,0.8,293.0,970.1
2016-12-04 17:00:00,14.5,59,4.8,128.0,969.9
2016-12-04 18:00:00,12.2,53,6.9,11.0,969.5
2016-12-04 19:00:00,10.6,55,4.6,0.0,969.8
2016-12-04 20:00:00,8.0,63,4.7,0.0,969.5
2016-12-04 21:00:00,6.7,68,5.8,0.0,970.0
2016-12-04 22:00:00,5.9,70,6.5,0.0,969.9
2016-12-04 23:00:00,5.3,72,6.3,0.0,970.1
2016-12-05 00:00:00,4.3,75,5.9,0.0,970.5
2016-12-05 01:00:00,3.6,76,5.9,0.0,970.2
2016-12-05 02:00:00,3.3,75,4.4,0.0,970.8
2016-12-05 03:00:00,3.6,72,4.7,0.0,972.1
2016-12-05 04:00:00,3.4,73,3.0,0.0,973.0
2016-12-05 05:00:00,1.9,74,7.1,0.0,975.3
2016-12-05 06:00:00,2.1,72,12.3,0.0,977.2
2016-12-05 07:00:00,3.0,64,13.1,0.0,980.9
2016-12-05 08:00:00,3.9,53,12.8,5.0,983.9
2016-12-05 09:00:00,5.9,46,14.8,96.0,986.5
2016-12-05 10:00:00,7.9,41,14.4,195.0,988.4
2016-12-05 11:00:00,9.2,37,16.2,309.0,990.0
2016-12-05 12:00:00,10.2,32,14.7,499.0,990.1
2016-12-05 13:00:00,10.6,30,11.5,549.0,989.4
2016-12-05 14:00:00,10.8,29,8.7,524.0,988.9
2016-12-05 15:00:00,11.5,30,5.9,432.0,989.5
2016-12-05 16:00:00,11.1,30,2.1,293.0,988.9
2016-12-05 17:00:00,10.0,37,2.3,130.0,989.0
2016-12-05 18:00:00,7.1,48,5.4,11.0,987.5
2016-12-05 19:00:00,4.3,57,6.6,0.0,987.6
2016-12-05 20:00:00,2.1,62,7.4,0.0,987.1
2016-12-05 21:00:00,0.8,65,4.8,0.0,987.2
2016-12-05 22:00:00,0.0,67,3.1,0.0,986.8
2016-12-05 23:00:00,-0.5,68,3.1,0.0,986.3
2016-12-06 00:00:00,-0.7,68,3.1,0.0,985.7
2016-12-06 01:00:00,-0.8,67,3.3,0.0,984.7
2016-12-06 02:00:00,-1.1,66,3.6,0.0,984.0
2016-12-06 03:00:00,-0.1,62,3.3,0.0,983.5
2016-12-06 04:00:00,-0.2,61,3.3,0.0,982.6
2016-12-06 05:00:00,-0.6,61,3.1,0.0,982.2
2016-12-06 06:00:00,-0.9,63,2.8,0.0,982.2
2016-12-06 07:00:00,-1.1,63,2.6,0.0,982.1
2016-12-06 08:00:00,-1.2,64,2.8,4.0,981.6
2016-12-06 09:00:00,2.1,60,3.1,102.0,982.1
2016-12-06 10:00:00,5.6,52,1.8,265.0,982.4
2016-12-06 11:00:00,7.8,42,3.6,410.0,982.7
2016-12-06 12:00:00,9.3,39,2.7,507.0,981.3
2016-12-06 13:00:00,10.6,38,1.5,543.0,979.7
2016-12-06 14:00:00,11.6,38,1.8,516.0,978.1
2016-12-06 15:00:00,12.0,37,1.3,427.0,977.6
2016-12-06 16:00:00,11.8,39,1.8,288.0,977.3
2016-12-06 17:00:00,10.9,51,2.3,126.0,977.2
2016-12-06 18:00:00,9.6,50,3.3,11.0,977.1
2016-12-06 19:00:00,9.3,48,1.8,0.0,977.9
2016-12-06 20:00:00,7.4,54,0.8,0.0,978.0
2016-12-06 21:00:00,5.2,62,1.9,0.0,978.3
2016-12-06 22:00:00,3.9,68,2.7,0.0,977.8
2016-12-06 23:00:00,3.0,72,3.4,0.0,978.3
2016-12-07 00:00:00,2.3,76,3.8,0.0,978.1
2016-12-07 01:00:00,2.1,77,3.1,0.0,978.1
2016-12-07 02:00:00,1.9,76,2.4,0.0,978.2
2016-12-07 03:00:00,2.3,72,2.4,0.0,978.4
2016-12-07 04:00:00,2.2,72,2.1,0.0,978.4
2016-12-07 05:00:00,2.1,71,1.8,0.0,978.5
2016-12-07 06:00:00,2.0,70,1.6,0.0,978.4
2016-12-07 07:00:00,1.8,70,1.5,0.0,979.5
2016-12-07 08:00:00,1.7,70,1.1,4.0,980.1
2016-12-07 09:00:00,4.3,65,1.1,99.0,981.5
2016-12-07 10:00:00,7.9,67,0.7,260.0,982.7
2016-12-07 11:00:00,10.8,44,2.9,357.0,983.1
2016-12-07 12:00:00,12.0,41,3.3,467.0,981.9
2016-12-07 13:00:00,12.7,39,2.5,475.0,980.9
2016-12-07 14:00:00,12.8,39,2.3,382.0,979.6
2016-12-07 15:00:00,11.8,42,2.4,197.0,979.0
2016-12-07 16:00:00,11.6,44,2.0,194.0,978.4
2016-12-07 17:00:00,10.9,50,5.2,96.0,978.3
2016-12-07 18:00:00,8.3,60,3.3,11.0,977.4
2016-12-07 19:00:00,7.8,56,1.4,0.0,977.2
2016-12-07 20:00:00,6.7,59,1.1,0.0,976.9
2016-12-07 21:00:00,4.9,66,2.1,0.0,976.7
2016-12-07 22:00:00,3.2,74,3.2,0.0,975.8
2016-12-07 23:00:00,2.1,80,4.3,0.0,975.0
2016-12-08 00:00:00,1.4,83,4.3,0.0,973.5
2016-12-08 01:00:00,1.4,82,4.3,0.0,972.7
2016-12-08 02:00:00,1.5,80,4.8,0.0,971.9
2016-12-08 03:00:00,2.6,71,4.7,0.0,971.4
2016-12-08 04:00:00,2.5,70,4.7,0.0,970.8
2016-12-08 05:00:00,2.4,70,5.0,0.0,970.2
2016-12-08 06:00:00,2.3,70,3.9,0.0,970.1
2016-12-08 07:00:00,2.2,70,3.8,0.0,971.0
2016-12-08 08:00:00,1.9,72,4.5,4.0,971.8
2016-12-08 09:00:00,4.0,70,4.0,97.0,972.5
2016-12-08 10:00:00,7.8,77,2.3,258.0,973.5
2016-12-08 11:00:00,11.5,47,1.0,401.0,973.9
2016-12-08 12:00:00,13.2,43,2.9,497.0,972.2
2016-12-08 13:00:00,14.3,41,4.0,535.0,971.3
2016-12-08 14:00:00,14.9,41,4.8,509.0,970.8
2016-12-08 15:00:00,16.0,39,5.1,425.0,970.7
2016-12-08 16:00:00,15.4,42,4.4,288.0,970.0
2016-12-08 17:00:00,13.8,48,7.4,128.0,969.8
2016-12-08 18:00:00,11.1,54,5.4,11.0,969.8
2016-12-08 19:00:00,9.1,59,5.1,0.0,970.4
2016-12-08 20:00:00,8.1,60,4.0,0.0,970.5
2016-12-08 21:00:00,8.4,57,2.3,0.0,971.1
2016-12-08 22:00:00,7.6,59,1.3,0.0,970.9
2016-12-08 23:00:00,6.7,61,2.6,0.0,971.2
2016-12-09 00:00:00,6.0,63,2.9,0.0,971.1
2016-12-09 01:00:00,5.5,63,2.6,0.0,970.9
2016-12-09 02:00:00,5.3,62,2.4,0.0,970.8
2016-12-09 03:00:00,4.0,67,2.3,0.0,970.7
2016-12-09 04:00:00,3.5,67,2.5,0.0,970.6
2016-12-09 05:00:00,3.2,67,2.5,0.0,970.6
2016-12-09 06:00:00,3.2,66,1.9,0.0,970.9
2016-12-09 07:00:00,3.6,64,1.3,0.0,972.1
2016-12-09 08:00:00,3.7,64,1.5,3.0,973.4
2016-12-09 09:00:00,4.8,64,2.6,91.0,974.5
2016-12-09 10:00:00,7.1,56,6.6,235.0,975.6
2016-12-09 11:00:00,8.8,51,5.9,352.0,975.7
2016-12-09 12:00:00,10.2,49,5.4,434.0,975.0
2016-12-09 13:00:00,11.3,49,6.7,478.0,974.3
2016-12-09 14:00:00,12.1,48,8.9,461.0,974.1
2016-12-09 15:00:00,11.1,49,9.4,278.0,974.8
2016-12-09 16:00:00,10.6,51,7.2,166.0,975.3
2016-12-09 17:00:00,9.8,54,4.3,57.0,975.6
2016-12-09 18:00:00,8.6,61,4.3,6.0,976.6
2016-12-09 19:00:00,7.2,67,4.7,0.0,977.5
2016-12-09 20:00:00,6.2,68,3.0,0.0,978.1
2016-12-09 21:00:00,5.7,67,2.4,0.0,979.0
2016-12-09 22:00:00,5.7,64,3.1,0.0,979.6
2016-12-09 23:00:00,5.5,64,1.6,0.0,980.8
2016-12-10 00:00:00,4.7,67,1.3,0.0,980.2
2016-12-10 01:00:00,4.2,68,1.4,0.0,979.5
2016-12-10 02:00:00,3.7,69,1.6,0.0,979.2
2016-12-10 03:00:00,3.9,69,1.6,0.0,979.0
2016-12-10 04:00:00,3.3,70,1.8,0.0,979.1
2016-12-10 05:00:00,2.9,71,1.9,0.0,978.5
2016-12-10 06:00:00,2.7,71,2.6,0.0,978.8
2016-12-10 07:00:00,2.3,71,2.5,0.0,979.3
2016-12-10 08:00:00,2.4,69,3.3,3.0,979.6
2016-12-10 09:00:00,3.3,69,5.6,75.0,979.9
2016-12-10 10:00:00,5.8,57,7.1,199.0,979.8
2016-12-10 11:00:00,7.4,54,7.6,324.0,979.5
2016-12-10 12:00:00,8.9,53,8.7,411.0,978.3
2016-12-10 13:00:00,10.2,52,10.0,462.0,976.6
2016-12-10 14:00:00,11.2,51,11.5,475.0,974.8
2016-12-10 15:00:00,11.2,50,12.2,364.0,973.9
2016-12-10 16:00:00,10.8,51,12.3,204.0,972.9
2016-12-10 17:00:00,9.7,53,10.8,97.0,972.9
2016-12-10 18:00:00,8.4,56,8.7,9.0,974.2
2016-12-10 19:00:00,7.5,58,7.4,0.0,974.4
2016-12-10 20:00:00,6.7,62,6.2,0.0,974.4
2016-12-10 21:00:00,6.0,67,6.2,0.0,974.7
2016-12-10 22:00:00,5.8,67,6.0,0.0,974.2
2016-12-10 23:00:00,5.5,69,4.6,0.0,974.4
2016-12-11 00:00:00,5.3,69,5.7,0.0,974.0
2016-12-11 01:00:00,4.7,72,6.7,0.0,973.2
2016-12-11 02:00:00,4.9,72,7.1,0.0,973.1
2016-12-11 03:00:00,5.2,68,7.7,0.0,973.1
2016-12-11 04:00:00,4.7,71,8.0,0.0,972.5
2016-12-11 05:00:00,4.3,73,7.3,0.0,971.6
2016-12-11 06:00:00,3.8,76,4.6,0.0,972.6
2016-12-11 07:00:00,3.9,75,5.7,0.0,972.4
2016-12-11 08:00:00,4.0,74,7.1,1.0,972.6
2016-12-11 09:00:00,4.5,75,7.4,62.0,972.6
2016-12-11 10:00:00,6.5,65,9.3,200.0,972.9
2016-12-11 11:00:00,7.8,61,9.4,276.0,972.3
2016-12-11 12:00:00,9.2,57,8.4,408.0,971.4
2016-12-11 13:00:00,10.3,54,9.2,433.0,970.1
2016-12-11 14:00:00,11.1,51,10.6,402.0,969.0
2016-12-11 15:00:00,10.6,51,11.4,312.0,968.3
2016-12-11 16:00:00,10.3,51,11.0,216.0,968.2
2016-12-11 17:00:00,9.2,56,9.7,101.0,968.4
2016-12-11 18:00:00,7.7,61,10.1,9.0,970.1
2016-12-11 19:00:00,6.7,64,9.8,0.0,970.9
2016-12-11 20:00:00,5.8,68,8.5,0.0,971.8
2016-12-11 21:00:00,5.0,72,7.6,0.0,972.5
2016-12-11 22:00:00,4.2,76,6.4,0.0,972.8
2016-12-11 23:00:00,3.7,78,5.6,0.0,973.4
2016-12-12 00:00:00,3.4,79,5.0,0.0,973.5
2016-12-12 01:00:00,3.1,80,4.7,0.0,973.7
2016-12-12 02:00:00,2.8,82,4.1,0.0,974.2
2016-12-12 03:00:00,2.7,82,1.8,0.0,974.8
2016-12-12 04:00:00,2.8,81,3.2,0.0,974.9
2016-12-12 05:00:00,2.2,85,4.0,0.0,975.3
2016-12-12 06:00:00,2.5,84,3.9,0.0,975.4
2016-12-12 07:00:00,2.7,83,3.8,0.0,976.5
2016-12-12 08:00:00,2.7,82,3.4,1.0,977.0
2016-12-12 09:00:00,3.5,78,2.5,47.0,977.6
2016-12-12 10:00:00,4.9,72,1.8,133.0,978.1
2016-12-12 11:00:00,5.6,70,3.0,165.0,978.0
2016-12-12 12:00:00,7.1,65,4.7,316.0,978.5
2016-12-12 13:00:00,8.0,63,4.7,348.0,977.3
2016-12-12 14:00:00,8.6,61,4.7,307.0,976.6
2016-12-12 15:00:00,8.2,65,4.0,265.0,976.1
2016-12-12 16:00:00,8.1,65,2.2,174.0,976.0
2016-12-12 17:00:00,7.7,68,0.7,69.0,976.4
2016-12-12 18:00:00,7.1,73,1.9,8.0,976.7
2016-12-12 19:00:00,6.0,82,5.8,0.0,976.9
2016-12-12 20:00:00,6.3,76,4.8,0.0,977.5
2016-12-12 21:00:00,6.0,77,2.2,0.0,977.6
2016-12-12 22:00:00,5.7,78,1.3,0.0,978.0
2016-12-12 23:00:00,5.3,79,1.1,0.0,978.0
2016-12-13 00:00:00,4.9,80,1.6,0.0,977.9
2016-12-13 01:00:00,4.3,82,1.8,0.0,977.6
2016-12-13 02:00:00,3.7,86,2.0,0.0,977.4
2016-12-13 03:00:00,2.9,89,2.1,0.0,977.4
2016-12-13 04:00:00,2.6,90,2.1,0.0,977.1
2016-12-13 05:00:00,2.0,91,2.1,0.0,977.0
2016-12-13 06:00:00,1.6,91,1.0,0.0,976.8
2016-12-13 07:00:00,1.3,92,1.8,0.0,977.0
2016-12-13 08:00:00,0.7,92,2.1,2.0,977.5
2016-12-13 09:00:00,2.7,86,2.3,81.0,978.3
2016-12-13 10:00:00,6.8,72,0.5,231.0,979.2
2016-12-13 11:00:00,9.0,61,3.6,371.0,980.3
2016-12-13 12:00:00,10.0,57,4.5,439.0,979.0
2016-12-13 13:00:00,10.9,55,5.0,488.0,977.7
2016-12-13 14:00:00,11.6,52,5.2,492.0,977.2
2016-12-13 15:00:00,11.3,53,6.4,343.0,977.2
2016-12-13 16:00:00,11.0,54,5.4,230.0,977.1
2016-12-13 17:00:00,10.0,59,3.6,84.0,977.7
2016-12-13 18:00:00,9.2,62,2.9,10.0,978.7
2016-12-13 19:00:00,8.7,63,4.7,0.0,980.4
2016-12-13 20:00:00,8.1,65,2.3,0.0,981.3
2016-12-13 21:00:00,6.7,71,2.3,0.0,982.4
2016-12-13 22:00:00,6.3,73,2.6,0.0,982.9
2016-12-13 23:00:00,5.7,74,3.4,0.0,983.5
2016-12-14 00:00:00,4.8,78,3.3,0.0,983.7
2016-12-14 01:00:00,3.9,82,2.3,0.0,983.8
2016-12-14 02:00:00,3.1,85,2.3,0.0,983.5
2016-12-14 03:00:00,3.5,83,2.2,0.0,984.1
2016-12-14 04:00:00,2.6,85,1.8,0.0,983.8
2016-12-14 05:00:00,2.4,85,1.5,0.0,984.2
2016-12-14 06:00:00,2.6,84,0.7,0.0,985.0
2016-12-14 07:00:00,2.6,84,0.4,0.0,985.5
2016-12-14 08:00:00,2.4,85,0.0,1.0,985.7
2016-12-14 09:00:00,3.5,82,0.8,65.0,986.6
2016-12-14 10:00:00,5.8,74,2.7,160.0,987.1
2016-12-14 11:00:00,7.2,69,3.3,271.0,987.5
2016-12-14 12:00:00,8.2,65,3.8,348.0,986.9
2016-12-14 13:00:00,8.9,60,3.9,424.0,985.6
2016-12-14 14:00:00,9.5,56,3.8,412.0,984.7
2016-12-14 15:00:00,8.9,55,3.0,333.0,984.2
2016-12-14 16:00:00,8.7,54,1.0,224.0,983.8
2016-12-14 17:00:00,7.9,59,1.6,97.0,983.8
2016-12-14 18:00:00,6.4,66,5.1,9.0,983.7
2016-12-14 19:00:00,4.8,76,5.1,0.0,983.8
2016-12-14 20:00:00,5.2,69,2.9,0.0,984.3
2016-12-14 21:00:00,4.5,71,2.2,0.0,985.1
2016-12-14 22:00:00,3.1,76,2.5,0.0,984.7
2016-12-14 23:00:00,1.7,82,2.5,0.0,985.0
2016-12-15 00:00:00,0.7,85,2.5,0.0,984.9
2016-12-15 01:00:00,0.1,86,3.0,0.0,985.2
2016-12-15 02:00:00,-0.5,87,2.4,0.0,985.0
2016-12-15 03:00:00,-0.8,83,2.3,0.0,985.2
2016-12-15 04:00:00,-1.3,83,2.3,0.0,985.1
2016-12-15 05:00:00,-1.7,83,2.3,0.0,985.2
2016-12-15 06:00:00,-2.1,84,1.9,0.0,986.4
2016-12-15 07:00:00,-2.5,84,1.6,0.0,986.6
2016-12-15 08:00:00,-2.5,83,1.3,2.0,987.5
2016-12-15 09:00:00,-0.1,76,1.3,80.0,988.5
2016-12-15 10:00:00,4.2,63,1.1,224.0,990.4
2016-12-15 11:00:00,6.7,52,3.0,356.0,990.7
2016-12-15 12:00:00,8.1,45,3.8,469.0,990.3
2016-12-15 13:00:00,8.9,40,3.9,508.0,989.3
2016-12-15 14:00:00,9.3,38,3.4,483.0,988.4
2016-12-15 15:00:00,9.0,39,2.9,422.0,988.1
2016-12-15 16:00:00,8.6,39,1.6,292.0,988.0
2016-12-15 17:00:00,7.5,44,1.1,133.0,987.8
2016-12-15 18:00:00,5.5,54,6.5,13.0,987.8
2016-12-15 19:00:00,4.8,52,6.1,0.0,987.8
2016-12-15 20:00:00,4.7,51,3.0,0.0,988.3
2016-12-15 21:00:00,3.4,56,3.3,0.0,988.5
2016-12-15 22:00:00,1.6,64,1.8,0.0,988.2
2016-12-15 23:00:00,-0.3,73,2.3,0.0,987.8
2016-12-16 00:00:00,-1.6,79,2.5,0.0,987.4
2016-12-16 01:00:00,-2.3,82,2.5,0.0,986.6
2016-12-16 02:00:00,-2.7,82,2.5,0.0,986.1
2016-12-16 03:00:00,-2.6,80,2.8,0.0,985.5
2016-12-16 04:00:00,-2.7,79,2.6,0.0,984.9
2016-12-16 05:00:00,-2.8,78,2.8,0.0,984.1
2016-12-16 06:00:00,-2.8,77,2.6,0.0,983.7
2016-12-16 07:00:00,-2.8,77,3.1,0.0,983.5
2016-12-16 08:00:00,-2.7,76,3.3,2.0,983.3
2016-12-16 09:00:00,0.1,69,3.6,86.0,983.2
2016-12-16 10:00:00,4.0,57,2.9,247.0,983.5
2016-12-16 11:00:00,6.6,45,6.0,394.0,982.8
2016-12-16 12:00:00,8.3,40,7.4,494.0,981.0
2016-12-16 13:00:00,9.7,37,7.4,534.0,979.1
2016-12-16 14:00:00,10.7,36,6.5,510.0,977.5
2016-12-16 15:00:00,11.4,36,5.8,430.0,976.7
2016-12-16 16:00:00,11.2,37,7.2,294.0,976.0
2016-12-16 17:00:00,9.6,42,7.9,132.0,975.5
2016-12-16 18:00:00,7.4,50,3.7,13.0,975.9
2016-12-16 19:00:00,6.1,52,1.0,0.0,976.2
2016-12-16 20:00:00,4.8,55,0.5,0.0,976.5
2016-12-16 21:00:00,3.5,59,0.7,0.0,977.1
2016-12-16 22:00:00,1.7,68,2.6,0.0,976.8
2016-12-16 23:00:00,0.4,75,3.4,0.0,976.7
2016-12-17 00:00:00,-0.0,78,3.2,0.0,976.5
2016-12-17 01:00:00,-0.2,80,3.1,0.0,976.5
2016-12-17 02:00:00,-0.5,81,3.4,0.0,976.7
2016-12-17 03:00:00,-0.1,81,3.2,0.0,976.4
2016-12-17 04:00:00,-0.2,82,3.1,0.0,976.1
2016-12-17 05:00:00,-0.8,85,2.7,0.0,975.7
2016-12-17 06:00:00,-1.2,87,2.6,0.0,975.5
2016-12-17 07:00:00,-1.7,88,2.7,0.0,975.5
2016-12-17 08:00:00,-2.0,89,2.7,1.0,975.7
2016-12-17 09:00:00,0.8,81,2.7,77.0,976.3
2016-12-17 10:00:00,5.2,77,1.3,218.0,977.2
2016-12-17 11:00:00,8.3,53,0.8,342.0,977.1
2016-12-17 12:00:00,9.5,52,2.6,395.0,976.6
2016-12-17 13:00:00,10.4,52,3.7,425.0,975.3
2016-12-17 14:00:00,10.9,52,3.8,373.0,974.0
2016-12-17 15:00:00,11.6,49,3.2,378.0,973.4
2016-12-17 16:00:00,11.1,51,2.7,246.0,973.5
2016-12-17 17:00:00,10.1,58,3.3,111.0,973.6
2016-12-17 18:00:00,8.9,63,1.6,12.0,973.9
2016-12-17 19:00:00,8.4,62,1.0,0.0,974.4
2016-12-17 20:00:00,7.5,64,0.7,0.0,975.2
2016-12-17 21:00:00,6.3,68,0.5,0.0,975.6
2016-12-17 22:00:00,4.9,73,0.8,0.0,975.7
2016-12-17 23:00:00,3.7,77,1.1,0.0,975.8
2016-12-18 00:00:00,2.7,80,1.3,0.0,975.6
2016-12-18 01:00:00,1.5,85,1.8,0.0,975.6
2016-12-18 02:00:00,0.5,89,1.8,0.0,975.4
2016-12-18 03:00:00,0.2,89,2.0,0.0,975.1
2016-12-18 04:00:00,0.3,88,1.8,0.0,975.2
2016-12-18 05:00:00,0.1,88,1.8,0.0,974.8
2016-12-18 06:00:00,-0.1,87,1.1,0.0,974.9
2016-12-18 07:00:00,-0.2,87,1.6,0.0,975.1
2016-12-18 08:00:00,-0.3,87,1.5,1.0,975.5
2016-12-18 09:00:00,2.1,80,1.1,78.0,976.9
2016-12-18 10:00:00,5.8,74,1.5,227.0,977.6
2016-12-18 11:00:00,8.5,57,4.7,372.0,977.5
2016-12-18 12:00:00,10.0,54,4.7,470.0,976.8
2016-12-18 13:00:00,11.2,51,5.2,509.0,975.4
2016-12-18 14:00:00,12.0,50,6.1,497.0,974.1
2016-12-18 15:00:00,11.9,50,6.8,390.0,973.3
2016-12-18 16:00:00,11.7,50,7.0,282.0,973.5
2016-12-18 17:00:00,10.6,56,7.6,130.0,973.4
2016-12-18 18:00:00,8.2,69,7.3,13.0,974.0
2016-12-18 19:00:00,6.8,69,2.6,0.0,974.6
2016-12-18 20:00:00,6.3,69,2.3,0.0,975.3
2016-12-18 21:00:00,5.6,70,1.6,0.0,976.1
2016-12-18 22:00:00,4.9,72,0.5,0.0,976.6
2016-12-18 23:00:00,4.3,74,0.0,0.0,976.5
2016-12-19 00:00:00,4.2,75,0.5,0.0,976.3
2016-12-19 01:00:00,3.5,77,0.4,0.0,976.2
2016-12-19 02:00:00,2.9,80,0.5,0.0,976.3
2016-12-19 03:00:00,1.8,82,1.1,0.0,976.5
2016-12-19 04:00:00,1.0,86,1.0,0.0,976.3
2016-12-19 05:00:00,0.7,87,1.3,0.0,975.9
2016-12-19 06:00:00,0.8,86,1.1,0.0,976.2
2016-12-19 07:00:00,1.3,84,1.1,0.0,976.5
2016-12-19 08:00:00,1.5,82,1.8,1.0,976.9
2016-12-19 09:00:00,3.0,79,1.5,58.0,977.3
2016-12-19 10:00:00,5.7,78,2.5,165.0,977.9
2016-12-19 11:00:00,7.9,61,4.0,268.0,978.2
2016-12-19 12:00:00,9.3,58,4.7,344.0,977.8
2016-12-19 13:00:00,10.5,56,5.2,426.0,976.8
2016-12-19 14:00:00,11.1,55,6.2,377.0,975.8
2016-12-19 15:00:00,10.5,58,7.1,265.0,974.9
2016-12-19 16:00:00,10.3,59,7.2,178.0,975.0
2016-12-19 17:00:00,9.4,64,5.2,64.0,974.9
2016-12-19 18:00:00,8.3,69,3.9,8.0,975.8
2016-12-19 19:00:00,7.1,76,3.3,0.0,975.8
2016-12-19 20:00:00,7.0,75,1.8,0.0,976.3
2016-12-19 21:00:00,6.7,75,1.1,0.0,976.7
2016-12-19 22:00:00,6.9,73,0.7,0.0,977.1
2016-12-19 23:00:00,6.7,74,1.3,0.0,977.0
2016-12-20 00:00:00,6.3,75,1.4,0.0,976.5
2016-12-20 01:00:00,6.5,74,1.1,0.0,976.4
2016-12-20 02:00:00,6.4,75,1.5,0.0,976.2
2016-12-20 03:00:00,5.6,78,2.2,0.0,975.7
2016-12-20 04:00:00,5.1,80,1.8,0.0,975.3
2016-12-20 05:00:00,4.8,81,2.3,0.0,975.2
2016-12-20 06:00:00,4.8,82,3.3,0.0,975.0
2016-12-20 07:00:00,4.9,83,3.8,0.0,974.8
2016-12-20 08:00:00,4.9,84,4.9,0.0,975.1
2016-12-20 09:00:00,5.0,87,5.0,21.0,975.6
2016-12-20 10:00:00,5.9,87,6.1,49.0,976.3
2016-12-20 11:00:00,7.0,87,6.1,93.0,976.8
2016-12-20 12:00:00,7.2,89,6.9,106.0,976.2
2016-12-20 13:00:00,7.9,87,8.9,191.0,975.1
2016-12-20 14:00:00,7.4,91,9.2,85.0,974.5
2016-12-20 15:00:00,7.4,91,9.4,74.0,974.8
2016-12-20 16:00:00,7.2,92,8.9,71.0,974.9
2016-12-20 17:00:00,6.8,93,8.5,28.0,975.5
2016-12-20 18:00:00,6.4,94,6.3,4.0,977.6
2016-12-20 19:00:00,6.1,94,7.1,0.0,977.7
2016-12-20 20:00:00,5.9,95,6.5,0.0,979.2
2016-12-20 21:00:00,5.7,95,6.5,0.0,980.1
2016-12-20 22:00:00,5.5,95,5.4,0.0,980.5
2016-12-20 23:00:00,5.4,95,4.8,0.0,981.0
2016-12-21 00:00:00,5.4,95,4.8,0.0,981.3
2016-12-21 01:00:00,5.2,95,4.8,0.0,981.4
2016-12-21 02:00:00,5.2,94,4.8,0.0,981.8
2016-12-21 03:00:00,4.6,94,5.8,0.0,982.2
2016-12-21 04:00:00,4.5,94,4.8,0.0,982.0
2016-12-21 05:00:00,4.6,93,3.9,0.0,981.6
2016-12-21 06:00:00,4.6,92,4.2,0.0,981.6
2016-12-21 07:00:00,4.8,90,7.9,0.0,981.9
2016-12-21 08:00:00,5.0,88,12.7,0.0,983.0
2016-12-21 09:00:00,4.6,85,15.1,22.0,984.1
2016-12-21 10:00:00,4.7,80,14.8,64.0,984.8
2016-12-21 11:00:00,5.0,74,16.3,94.0,985.7
2016-12-21 12:00:00,5.7,67,16.9,125.0,985.8
2016-12-21 13:00:00,6.3,60,14.1,127.0,985.3
2016-12-21 14:00:00,7.0,53,12.9,122.0,984.8
2016-12-21 15:00:00,6.5,51,11.1,124.0,984.3
2016-12-21 16:00:00,7.2,47,9.2,164.0,984.0
2016-12-21 17:00:00,6.8,49,6.4,99.0,984.0
2016-12-21 18:00:00,5.6,51,8.2,12.0,984.5
2016-12-21 19:00:00,3.8,60,9.9,0.0,984.2
2016-12-21 20:00:00,2.1,62,8.4,0.0,984.6
2016-12-21 21:00:00,1.7,60,6.8,0.0,984.9
2016-12-21 22:00:00,2.3,54,4.4,0.0,984.9
2016-12-21 23:00:00,1.3,57,3.3,0.0,984.1
2016-12-22 00:00:00,0.1,62,1.9,0.0,983.4
2016-12-22 01:00:00,-1.1,68,1.4,0.0,983.4
2016-12-22 02:00:00,-1.9,70,1.8,0.0,982.9
2016-12-22 03:00:00,-1.3,66,2.3,0.0,982.6
2016-12-22 04:00:00,-1.9,69,2.3,0.0,981.8
2016-12-22 05:00:00,-2.4,70,2.3,0.0,981.2
2016-12-22 06:00:00,-2.8,70,2.7,0.0,981.5
2016-12-22 07:00:00,-3.1,70,2.8,0.0,980.8
2016-12-22 08:00:00,-3.3,70,2.8,1.0,980.1
2016-12-22 09:00:00,-0.3,65,2.3,78.0,981.0
2016-12-22 10:00:00,4.1,60,1.9,240.0,981.1
2016-12-22 11:00:00,7.3,41,3.4,389.0,981.3
2016-12-22 12:00:00,8.9,38,4.3,494.0,980.0
2016-12-22 13:00:00,10.1,36,4.0,538.0,978.7
2016-12-22 14:00:00,10.9,35,4.3,518.0,977.4
2016-12-22 15:00:00,11.4,36,5.0,437.0,976.9
2016-12-22 16:00:00,11.0,37,5.7,303.0,976.8
2016-12-22 17:00:00,9.7,44,6.7,142.0,976.6
2016-12-22 18:00:00,7.2,52,4.7,16.0,976.8
2016-12-22 19:00:00,5.3,58,4.7,0.0,976.7
2016-12-22 20:00:00,5.1,57,2.9,0.0,977.9
2016-12-22 21:00:00,4.5,57,1.8,0.0,979.1
2016-12-22 22:00:00,4.2,57,1.4,0.0,979.5
2016-12-22 23:00:00,3.9,58,1.1,0.0,979.7
2016-12-23 00:00:00,3.5,59,1.4,0.0,979.9
2016-12-23 01:00:00,3.3,59,1.5,0.0,980.0
2016-12-23 02:00:00,2.8,60,1.1,0.0,979.7
2016-12-23 03:00:00,2.9,59,1.4,0.0,979.9
2016-12-23 04:00:00,2.6,59,1.3,0.0,979.4
2016-12-23 05:00:00,2.2,59,1.1,0.0,979.1
2016-12-23 06:00:00,1.5,60,1.6,0.0,980.0
2016-12-23 07:00:00,1.3,60,1.3,0.0,980.3
2016-12-23 08:00:00,0.9,60,1.5,1.0,980.9
2016-12-23 09:00:00,1.6,62,2.4,75.0,980.7
2016-12-23 10:00:00,4.7,55,4.3,231.0,980.6
2016-12-23 11:00:00,7.1,47,8.2,381.0,980.4
2016-12-23 12:00:00,8.8,43,8.9,475.0,979.3
2016-12-23 13:00:00,10.2,41,9.4,470.0,977.5
2016-12-23 14:00:00,11.0,40,9.8,389.0,975.9
2016-12-23 15:00:00,11.2,40,10.7,342.0,974.7
2016-12-23 16:00:00,11.1,41,10.5,234.0,973.9
2016-12-23 17:00:00,9.8,45,11.5,119.0,973.9
2016-12-23 18:00:00,8.1,47,8.1,13.0,974.6
2016-12-23 19:00:00,7.0,51,5.2,0.0,975.3
2016-12-23 20:00:00,6.0,58,4.5,0.0,975.6
2016-12-23 21:00:00,5.6,59,5.2,0.0,976.1
2016-12-23 22:00:00,5.0,64,4.8,0.0,976.4
2016-12-23 23:00:00,5.0,64,5.5,0.0,976.4
2016-12-24 00:00:00,4.7,66,4.7,0.0,976.5
2016-12-24 01:00:00,3.9,70,4.1,0.0,976.6
2016-12-24 02:00:00,3.7,71,5.2,0.0,976.2
2016-12-24 03:00:00,3.5,72,5.5,0.0,976.2
2016-12-24 04:00:00,3.3,73,5.8,0.0,975.7
2016-12-24 05:00:00,3.0,74,5.9,0.0,975.7
2016-12-24 06:00:00,2.3,76,5.1,0.0,975.3
2016-12-24 07:00:00,2.0,78,6.5,0.0,975.2
2016-12-24 08:00:00,1.8,78,5.8,1.0,975.0
2016-12-24 09:00:00,2.5,79,6.1,54.0,975.8
2016-12-24 10:00:00,4.9,66,9.2,134.0,976.0
2016-12-24 11:00:00,6.2,62,10.2,210.0,975.9
2016-12-24 12:00:00,7.6,57,9.8,290.0,975.3
2016-12-24 13:00:00,8.6,53,10.5,328.0,974.3
2016-12-24 14:00:00,9.4,51,11.2,301.0,973.1
2016-12-24 15:00:00,9.0,50,11.3,225.0,972.5
2016-12-24 16:00:00,8.6,52,11.7,135.0,972.0
2016-12-24 17:00:00,8.3,53,9.3,88.0,972.3
2016-12-24 18:00:00,7.3,56,8.4,10.0,973.1
2016-12-24 19:00:00,6.6,59,9.0,0.0,973.6
2016-12-24 20:00:00,6.3,60,8.9,0.0,974.3
2016-12-24 21:00:00,5.8,62,9.5,0.0,975.1
2016-12-24 22:00:00,5.4,65,8.6,0.0,975.2
2016-12-24 23:00:00,4.8,68,8.3,0.0,975.5
2016-12-25 00:00:00,4.4,72,8.2,0.0,975.4
2016-12-25 01:00:00,4.0,74,8.4,0.0,975.8
2016-12-25 02:00:00,3.5,76,8.0,0.0,976.3
2016-12-25 03:00:00,3.6,75,7.6,0.0,977.0
2016-12-25 04:00:00,3.0,81,8.2,0.0,976.9
2016-12-25 05:00:00,2.5,85,6.7,0.0,977.2
2016-12-25 06:00:00,2.1,87,7.3,0.0,977.8
2016-12-25 07:00:00,1.7,88,7.3,0.0,978.6
2016-12-25 08:00:00,1.4,90,6.6,0.0,980.3
2016-12-25 09:00:00,1.5,90,5.8,27.0,981.5
2016-12-25 10:00:00,1.9,86,5.8,63.0,982.0
2016-12-25 11:00:00,2.5,81,5.4,108.0,982.6
2016-12-25 12:00:00,3.0,79,4.3,146.0,982.4
2016-12-25 13:00:00,3.1,80,4.2,138.0,981.6
2016-12-25 14:00:00,3.1,85,2.8,137.0,981.1
2016-12-25 15:00:00,2.2,88,2.9,71.0,980.4
2016-12-25 16:00:00,2.4,88,4.9,72.0,981.1
2016-12-25 17:00:00,2.2,91,5.2,26.0,982.0
2016-12-25 18:00:00,2.1,93,7.2,5.0,983.7
2016-12-25 19:00:00,2.3,93,7.6,0.0,984.5
2016-12-25 20:00:00,2.6,90,11.7,0.0,985.3
2016-12-25 21:00:00,2.7,89,13.7,0.0,986.4
2016-12-25 22:00:00,2.4,88,14.5,0.0,986.7
2016-12-25 23:00:00,2.3,88,14.9,0.0,987.4
2016-12-26 00:00:00,2.0,86,13.4,0.0,987.0
2016-12-26 01:00:00,2.0,83,13.0,0.0,986.8
2016-12-26 02:00:00,2.0,81,12.7,0.0,986.7
2016-12-26 03:00:00,1.9,77,12.0,0.0,986.6
2016-12-26 04:00:00,1.9,74,12.0,0.0,986.7
2016-12-26 05:00:00,1.6,73,12.2,0.0,986.8
2016-12-26 06:00:00,1.7,70,10.1,0.0,986.6
2016-12-26 07:00:00,1.4,70,10.2,0.0,986.9
2016-12-26 08:00:00,1.2,70,11.3,0.0,988.4
2016-12-26 09:00:00,1.4,67,11.3,48.0,989.3
2016-12-26 10:00:00,2.5,60,12.2,132.0,989.4
2016-12-26 11:00:00,3.8,51,13.3,255.0,989.7
2016-12-26 12:00:00,5.0,44,12.6,360.0,989.5
2016-12-26 13:00:00,5.8,40,11.4,428.0,988.4
2016-12-26 14:00:00,6.7,36,9.8,480.0,987.8
2016-12-26 15:00:00,6.9,35,8.5,388.0,987.3
2016-12-26 16:00:00,6.9,34,8.0,289.0,987.3
2016-12-26 17:00:00,5.9,39,7.9,145.0,987.6
2016-12-26 18:00:00,3.9,44,10.5,18.0,987.5
2016-12-26 19:00:00,2.5,47,9.6,0.0,988.2
2016-12-26 20:00:00,1.4,50,10.0,0.0,988.8
2016-12-26 21:00:00,-0.3,60,9.9,0.0,989.7
2016-12-26 22:00:00,-0.5,55,7.7,0.0,989.8
2016-12-26 23:00:00,-0.4,51,6.6,0.0,990.0
2016-12-27 00:00:00,-1.1,51,5.7,0.0,989.8
2016-12-27 01:00:00,-1.5,50,4.7,0.0,990.2
2016-12-27 02:00:00,-1.7,49,3.7,0.0,990.7
2016-12-27 03:00:00,-1.9,50,3.1,0.0,990.8
2016-12-27 04:00:00,-2.1,50,1.3,0.0,990.8
2016-12-27 05:00:00,-2.8,52,0.8,0.0,990.3
2016-12-27 06:00:00,-3.5,55,1.1,0.0,990.8
2016-12-27 07:00:00,-4.2,58,2.3,0.0,990.1
2016-12-27 08:00:00,-5.0,62,2.4,1.0,990.8
2016-12-27 09:00:00,-2.6,61,3.3,77.0,990.8
2016-12-27 10:00:00,1.4,47,3.8,244.0,991.0
2016-12-27 11:00:00,3.7,37,6.8,399.0,990.7
2016-12-27 12:00:00,4.8,32,8.1,508.0,988.9
2016-12-27 13:00:00,5.6,30,8.5,559.0,986.7
2016-12-27 14:00:00,6.2,29,9.2,538.0,984.6
2016-12-27 15:00:00,6.2,30,10.5,455.0,982.9
2016-12-27 16:00:00,6.0,30,10.7,319.0,982.1
2016-12-27 17:00:00,4.8,35,9.3,154.0,981.5
2016-12-27 18:00:00,2.8,39,8.4,19.0,980.9
2016-12-27 19:00:00,1.2,45,6.0,0.0,981.4
2016-12-27 20:00:00,0.2,45,3.1,0.0,981.4
2016-12-27 21:00:00,-0.0,44,2.3,0.0,982.3
2016-12-27 22:00:00,-0.8,47,1.8,0.0,981.7
2016-12-27 23:00:00,-1.1,47,1.8,0.0,981.6
2016-12-28 00:00:00,-1.3,48,1.9,0.0,981.1
2016-12-28 01:00:00,-1.7,50,1.9,0.0,980.6
2016-12-28 02:00:00,-1.9,50,1.9,0.0,980.3
2016-12-28 03:00:00,-2.1,55,2.3,0.0,980.2
2016-12-28 04:00:00,-2.3,55,1.9,0.0,980.0
2016-12-28 05:00:00,-2.3,55,1.6,0.0,979.9
2016-12-28 06:00:00,-2.4,56,1.8,0.0,980.0
2016-12-28 07:00:00,-2.5,56,1.3,0.0,981.2
2016-12-28 08:00:00,-2.5,57,1.1,0.0,982.1
2016-12-28 09:00:00,-1.2,56,1.4,71.0,983.5
2016-12-28 10:00:00,1.2,47,3.7,231.0,985.0
2016-12-28 11:00:00,2.8,45,3.3,362.0,985.8
2016-12-28 12:00:00,4.3,44,3.4,475.0,985.5
2016-12-28 13:00:00,5.4,43,5.1,492.0,984.8
2016-12-28 14:00:00,6.0,43,5.8,433.0,984.3
2016-12-28 15:00:00,6.2,42,6.3,418.0,984.3
2016-12-28 16:00:00,6.1,43,6.5,283.0,984.7
2016-12-28 17:00:00,5.2,48,5.4,136.0,985.3
2016-12-28 18:00:00,3.2,56,7.2,20.0,985.2
2016-12-28 19:00:00,0.9,67,4.6,0.0,986.2
2016-12-28 20:00:00,0.0,66,3.3,0.0,987.2
2016-12-28 21:00:00,-1.3,73,2.6,0.0,988.2
2016-12-28 22:00:00,-2.2,76,1.9,0.0,988.2
2016-12-28 23:00:00,-2.6,76,1.8,0.0,989.1
2016-12-29 00:00:00,-2.8,75,1.5,0.0,989.2
2016-12-29 01:00:00,-2.9,73,1.4,0.0,989.5
2016-12-29 02:00:00,-3.0,71,1.8,0.0,989.2
2016-12-29 03:00:00,-3.4,73,1.4,0.0,988.9
2016-12-29 04:00:00,-3.5,71,1.1,0.0,988.2
2016-12-29 05:00:00,-3.8,71,1.1,0.0,987.8
2016-12-29 06:00:00,-3.9,70,1.1,0.0,986.9
2016-12-29 07:00:00,-3.8,67,1.9,0.0,987.2
2016-12-29 08:00:00,-3.4,64,1.8,0.0,987.3
2016-12-29 09:00:00,-1.5,61,2.9,66.0,988.3
2016-12-29 10:00:00,1.6,46,6.1,209.0,988.5
2016-12-29 11:00:00,3.1,42,7.3,295.0,988.3
2016-12-29 12:00:00,4.4,39,7.9,385.0,987.4
2016-12-29 13:00:00,5.7,38,8.3,489.0,986.0
2016-12-29 14:00:00,6.4,37,9.1,467.0,984.8
2016-12-29 15:00:00,4.7,40,8.9,185.0,983.4
2016-12-29 16:00:00,4.2,44,8.2,115.0,982.6
2016-12-29 17:00:00,3.5,47,7.0,68.0,982.6
2016-12-29 18:00:00,2.3,50,4.0,13.0,982.7
2016-12-29 19:00:00,1.2,55,3.7,0.0,983.4
2016-12-29 20:00:00,1.2,51,1.9,0.0,983.3
2016-12-29 21:00:00,0.8,52,1.5,0.0,983.4
2016-12-29 22:00:00,0.5,53,2.2,0.0,983.3
2016-12-29 23:00:00,0.2,55,2.4,0.0,982.9
2016-12-30 00:00:00,-0.2,57,1.9,0.0,982.5
2016-12-30 01:00:00,-0.7,60,1.5,0.0,982.0
2016-12-30 02:00:00,-0.7,62,1.6,0.0,981.9
2016-12-30 03:00:00,-1.3,65,1.6,0.0,981.8
2016-12-30 04:00:00,-1.5,66,1.8,0.0,981.8
2016-12-30 05:00:00,-1.7,68,1.5,0.0,981.2
2016-12-30 06:00:00,-1.7,69,0.5,0.0,981.3
2016-12-30 07:00:00,-1.7,69,1.1,0.0,981.6
2016-12-30 08:00:00,-1.9,71,1.3,0.0,982.0
2016-12-30 09:00:00,-0.3,69,1.5,65.0,983.0
2016-12-30 10:00:00,2.3,60,2.5,222.0,983.0
2016-12-30 11:00:00,4.3,57,4.5,363.0,983.4
2016-12-30 12:00:00,5.7,56,5.4,470.0,982.4
2016-12-30 13:00:00,6.8,54,6.0,524.0,981.2
2016-12-30 14:00:00,7.6,54,5.5,513.0,980.3
2016-12-30 15:00:00,7.9,52,5.0,444.0,979.7
2016-12-30 16:00:00,7.8,53,5.3,316.0,979.3
2016-12-30 17:00:00,7.0,57,6.0,153.0,979.6
2016-12-30 18:00:00,5.2,70,2.6,19.0,980.2
2016-12-30 19:00:00,4.2,68,1.8,0.0,980.2
2016-12-30 20:00:00,4.3,66,1.5,0.0,980.6
2016-12-30 21:00:00,4.2,66,1.1,0.0,981.1
2016-12-30 22:00:00,3.6,68,0.5,0.0,981.7
2016-12-30 23:00:00,2.9,71,0.4,0.0,982.2
2016-12-31 00:00:00,2.2,75,0.8,0.0,982.3
2016-12-31 01:00:00,1.4,78,1.0,0.0,982.0
2016-12-31 02:00:00,0.3,81,1.0,0.0,981.5
2016-12-31 03:00:00,-1.3,85,1.5,0.0,981.4
2016-12-31 04:00:00,-1.7,86,1.5,0.0,981.1
2016-12-31 05:00:00,-1.9,86,1.5,0.0,980.6
2016-12-31 06:00:00,-2.1,85,1.6,0.0,981.1
2016-12-31 07:00:00,-2.2,85,1.5,0.0,980.9
2016-12-31 08:00:00,-2.0,84,1.5,0.0,981.4
2016-12-31 09:00:00,-0.1,78,1.5,57.0,982.5
2016-12-31 10:00:00,3.7,69,1.1,193.0,983.1
2016-12-31 11:00:00,6.1,57,3.3,314.0,983.2
2016-12-31 12:00:00,7.6,54,4.1,403.0,982.3
2016-12-31 13:00:00,8.7,51,4.7,433.0,980.9
2016-12-31 14:00:00,9.4,50,6.1,422.0,979.9
2016-12-31 15:00:00,9.8,49,7.1,361.0,979.5
2016-12-31 16:00:00,9.7,50,6.4,285.0,979.3
2016-12-31 17:00:00,8.7,55,6.6,155.0,979.0
2016-12-31 18:00:00,6.8,67,1.9,21.0,979.0
2016-12-31 19:00:00,5.9,64,1.6,0.0,979.4
2016-12-31 20:00:00,5.2,65,1.3,0.0,979.1
2016-12-31 21:00:00,4.4,68,0.5,0.0,979.4
2016-12-31 22:00:00,4.0,69,0.8,0.0,979.5
2016-12-31 23:00:00,3.3,71,1.5,0.0,978.9
2017-01-01 00:00:00,3.2,72,1.5,0.0,978.3
2017-01-01 01:00:00,3.2,71,1.5,0.0,977.8
2017-01-01 02:00:00,2.9,73,1.3,0.0,977.7
2017-01-01 03:00:00,0.5,77,1.3,0.0,977.3
2017-01-01 04:00:00,0.9,75,1.1,0.0,977.1
2017-01-01 05:00:00,1.3,73,1.1,0.0,976.8
2017-01-01 06:00:00,1.4,73,0.5,0.0,976.6
2017-01-01 07:00:00,1.7,71,0.7,0.0,977.0
2017-01-01 08:00:00,0.6,85,7.0,0.0,979.5
2017-01-01 09:00:00,0.6,86,10.3,13.0,980.3
2017-01-01 10:00:00,1.4,81,8.8,55.0,981.0
2017-01-01 11:00:00,2.3,77,8.7,70.0,981.6
2017-01-01 12:00:00,3.5,72,7.4,103.0,981.4
2017-01-01 13:00:00,4.5,69,7.6,115.0,980.5
2017-01-01 14:00:00,5.5,64,7.3,157.0,979.8
2017-01-01 15:00:00,6.5,59,8.1,197.0,979.7
2017-01-01 16:00:00,6.9,59,9.1,183.0,979.5
2017-01-01 17:00:00,6.3,65,9.4,115.0,979.8
2017-01-01 18:00:00,4.4,77,8.8,14.0,979.9
2017-01-01 19:00:00,3.3,84,9.6,0.0,980.1
2017-01-01 20:00:00,1.5,90,5.4,0.0,980.8
2017-01-01 21:00:00,0.7,91,3.8,0.0,981.1
2017-01-01 22:00:00,-0.1,92,6.6,0.0,980.9
2017-01-01 23:00:00,-0.8,92,3.1,0.0,981.2
2017-01-02 00:00:00,-0.7,91,7.6,0.0,981.3
2017-01-02 01:00:00,-0.4,91,7.0,0.0,981.0
2017-01-02 02:00:00,-1.0,91,4.6,0.0,980.8
2017-01-02 03:00:00,-1.3,91,2.9,0.0,980.6
2017-01-02 04:00:00,-1.6,91,3.1,0.0,980.2
2017-01-02 05:00:00,-1.4,89,1.3,0.0,980.1
2017-01-02 06:00:00,-0.2,84,2.9,0.0,980.5
2017-01-02 07:00:00,-1.8,88,6.5,0.0,980.7
2017-01-02 08:00:00,-2.1,93,6.4,0.0,982.1
2017-01-02 09:00:00,0.2,84,6.8,67.0,983.1
2017-01-02 10:00:00,2.7,77,4.1,222.0,984.0
2017-01-02 11:00:00,5.1,71,5.4,370.0,984.2
2017-01-02 12:00:00,6.9,67,6.9,477.0,983.0
2017-01-02 13:00:00,8.2,61,7.3,528.0,981.4
2017-01-02 14:00:00,9.1,56,7.9,516.0,980.1
2017-01-02 15:00:00,9.4,53,9.0,442.0,979.4
2017-01-02 16:00:00,9.0,52,10.6,314.0,979.3
2017-01-02 17:00:00,7.2,60,8.6,155.0,979.3
2017-01-02 18:00:00,4.2,70,8.7,22.0,979.4
2017-01-02 19:00:00,4.5,68,8.7,0.0,980.3
2017-01-02 20:00:00,4.0,67,1.5,0.0,981.0
2017-01-02 21:00:00,4.0,69,1.8,0.0,981.4
2017-01-02 22:00:00,1.4,82,4.0,0.0,981.4
2017-01-02 23:00:00,-0.1,90,5.1,0.0,981.3
2017-01-03 00:00:00,-0.7,92,5.8,0.0,980.8
2017-01-03 01:00:00,0.5,90,4.7,0.0,980.9
2017-01-03 02:00:00,-0.3,91,5.0,0.0,980.6
2017-01-03 03:00:00,-0.7,93,7.9,0.0,980.4
2017-01-03 04:00:00,-1.1,94,7.6,0.0,980.1
2017-01-03 05:00:00,-1.3,93,7.7,0.0,979.6
2017-01-03 06:00:00,-1.4,92,6.9,0.0,979.2
2017-01-03 07:00:00,-2.0,92,4.3,0.0,978.9
2017-01-03 08:00:00,-2.5,94,4.3,0.0,980.3
2017-01-03 09:00:00,0.2,92,8.2,63.0,981.3
2017-01-03 10:00:00,2.7,85,6.1,197.0,981.5
2017-01-03 11:00:00,5.6,74,0.8,352.0,980.8
2017-01-03 12:00:00,7.3,69,6.6,475.0,979.4
2017-01-03 13:00:00,8.4,62,6.5,525.0,978.1
2017-01-03 14:00:00,9.5,55,6.2,512.0,976.7
2017-01-03 15:00:00,10.0,50,7.7,438.0,976.1
2017-01-03 16:00:00,9.7,52,8.7,302.0,975.5
2017-01-03 17:00:00,8.1,64,5.7,133.0,975.3
2017-01-03 18:00:00,5.0,78,8.9,22.0,974.7
2017-01-03 19:00:00,5.0,78,7.9,0.0,975.2
2017-01-03 20:00:00,3.1,85,9.7,0.0,975.5
2017-01-03 21:00:00,4.7,77,6.3,0.0,976.4
2017-01-03 22:00:00,4.1,78,5.5,0.0,976.1
2017-01-03 23:00:00,3.6,80,0.4,0.0,976.0
2017-01-04 00:00:00,2.0,88,1.1,0.0,975.3
2017-01-04 01:00:00,0.4,93,3.1,0.0,974.9
2017-01-04 02:00:00,0.1,95,3.0,0.0,974.6
2017-01-04 03:00:00,0.5,94,2.7,0.0,974.9
2017-01-04 04:00:00,0.1,96,2.9,0.0,974.9
2017-01-04 05:00:00,-0.3,97,6.9,0.0,974.7
2017-01-04 06:00:00,-0.2,98,5.1,0.0,974.2
2017-01-04 07:00:00,-0.4,98,1.5,0.0,974.3
2017-01-04 08:00:00,-0.5,98,1.1,0.0,975.5
2017-01-04 09:00:00,0.8,93,4.1,40.0,976.2
2017-01-04 10:00:00,2.7,86,2.8,123.0,976.8
2017-01-04 11:00:00,5.0,73,2.3,254.0,977.0
2017-01-04 12:00:00,6.3,63,5.0,292.0,976.1
2017-01-04 13:00:00,7.0,57,7.6,259.0,974.6
2017-01-04 14:00:00,8.2,53,7.6,378.0,973.7
2017-01-04 15:00:00,8.2,55,7.6,222.0,973.3
2017-01-04 16:00:00,8.0,58,6.5,134.0,973.4
2017-01-04 17:00:00,7.4,64,4.1,67.0,973.1
2017-01-04 18:00:00,5.4,71,6.4,18.0,973.2
2017-01-04 19:00:00,4.4,76,5.8,0.0,973.6
2017-01-04 20:00:00,2.8,85,6.5,0.0,974.4
2017-01-04 21:00:00,2.4,85,7.5,0.0,974.6
2017-01-04 22:00:00,1.7,89,7.8,0.0,975.0
2017-01-04 23:00:00,1.4,90,5.8,0.0,975.2
2017-01-05 00:00:00,1.2,91,4.7,0.0,975.7
2017-01-05 01:00:00,-0.1,95,3.6,0.0,975.5
2017-01-05 02:00:00,-0.4,95,5.9,0.0,975.7
2017-01-05 03:00:00,-1.3,99,6.8,0.0,975.4
2017-01-05 04:00:00,-1.4,99,5.1,0.0,975.2
2017-01-05 05:00:00,-1.6,98,1.4,0.0,975.1
2017-01-05 06:00:00,-1.6,99,1.8,0.0,975.6
2017-01-05 07:00:00,-1.3,98,2.5,0.0,976.1
2017-01-05 08:00:00,0.7,93,7.9,0.0,978.0
2017-01-05 09:00:00,1.4,90,4.4,18.0,978.7
2017-01-05 10:00:00,2.4,88,4.7,57.0,979.6
2017-01-05 11:00:00,3.4,86,2.9,93.0,979.7
2017-01-05 12:00:00,4.2,85,3.7,140.0,979.0
2017-01-05 13:00:00,4.6,85,6.8,153.0,978.1
2017-01-05 14:00:00,4.7,87,9.2,141.0,976.7
2017-01-05 15:00:00,5.2,86,9.2,145.0,976.5
2017-01-05 16:00:00,5.9,83,11.0,102.0,976.5
2017-01-05 17:00:00,5.6,85,9.8,28.0,976.9
2017-01-05 18:00:00,5.2,87,6.5,6.0,977.2
2017-01-05 19:00:00,5.0,89,4.5,0.0,977.5
2017-01-05 20:00:00,5.3,84,6.1,0.0,977.9
2017-01-05 21:00:00,5.4,78,10.3,0.0,978.3
2017-01-05 22:00:00,4.9,78,12.5,0.0,978.3
2017-01-05 23:00:00,4.0,82,11.5,0.0,978.3
2017-01-06 00:00:00,3.5,84,11.2,0.0,978.5
2017-01-06 01:00:00,2.8,87,10.2,0.0,978.2
2017-01-06 02:00:00,3.3,84,12.0,0.0,977.9
2017-01-06 03:00:00,3.5,82,11.5,0.0,977.8
2017-01-06 04:00:00,3.4,80,12.7,0.0,977.3
2017-01-06 05:00:00,3.1,81,13.5,0.0,976.8
2017-01-06 06:00:00,3.1,82,14.3,0.0,977.0
2017-01-06 07:00:00,2.6,84,11.2,0.0,977.3
2017-01-06 08:00:00,3.0,83,9.2,0.0,977.8
2017-01-06 09:00:00,3.5,82,8.8,17.0,978.4
2017-01-06 10:00:00,3.8,81,9.5,51.0,979.2
2017-01-06 11:00:00,4.4,80,11.1,99.0,979.0
2017-01-06 12:00:00,4.3,81,10.9,92.0,978.6
2017-01-06 13:00:00,4.5,81,8.5,131.0,977.8
2017-01-06 14:00:00,3.9,86,6.1,69.0,976.9
2017-01-06 15:00:00,3.6,91,4.0,69.0,976.4
2017-01-06 16:00:00,3.5,92,2.2,54.0,976.6
2017-01-06 17:00:00,3.5,92,1.5,28.0,977.2
2017-01-06 18:00:00,3.5,91,1.1,7.0,977.9
2017-01-06 19:00:00,3.4,92,1.9,0.0,978.5
2017-01-06 20:00:00,3.2,91,4.3,0.0,979.4
2017-01-06 21:00:00,3.1,94,7.4,0.0,979.7
2017-01-06 22:00:00,3.0,95,8.7,0.0,979.9
2017-01-06 23:00:00,2.8,96,7.4,0.0,979.9
2017-01-07 00:00:00,2.7,95,7.6,0.0,979.9
2017-01-07 01:00:00,2.7,94,8.3,0.0,979.3
2017-01-07 02:00:00,2.5,95,9.0,0.0,979.1
2017-01-07 03:00:00,2.6,95,10.1,0.0,979.1
2017-01-07 04:00:00,2.8,92,12.4,0.0,978.7
2017-01-07 05:00:00,2.8,92,12.0,0.0,978.4
2017-01-07 06:00:00,3.0,90,11.2,0.0,978.2
2017-01-07 07:00:00,3.4,87,9.9,0.0,978.3
2017-01-07 08:00:00,3.2,88,6.6,0.0,978.8
2017-01-07 09:00:00,4.0,85,7.4,15.0,979.4
2017-01-07 10:00:00,4.6,81,7.5,57.0,980.3
2017-01-07 11:00:00,5.0,76,6.7,78.0,980.1
2017-01-07 12:00:00,5.6,71,6.1,124.0,979.4
2017-01-07 13:00:00,5.9,69,5.4,133.0,978.4
2017-01-07 14:00:00,6.4,67,2.5,177.0,977.1
2017-01-07 15:00:00,7.2,64,1.6,301.0,976.6
2017-01-07 16:00:00,7.5,61,2.4,278.0,976.5
2017-01-07 17:00:00,6.7,78,3.7,171.0,976.6
2017-01-07 18:00:00,3.1,76,8.8,29.0,976.1
2017-01-07 19:00:00,2.9,72,7.3,0.0,976.7
2017-01-07 20:00:00,0.5,84,6.5,0.0,977.5
2017-01-07 21:00:00,0.7,81,7.4,0.0,978.3
2017-01-07 22:00:00,0.1,82,5.5,0.0,978.5
2017-01-07 23:00:00,-1.5,88,5.0,0.0,978.8
2017-01-08 00:00:00,-1.6,89,3.9,0.0,978.9
2017-01-08 01:00:00,-1.9,88,3.1,0.0,978.9
2017-01-08 02:00:00,-2.8,88,3.1,0.0,978.5
2017-01-08 03:00:00,-3.0,86,3.6,0.0,978.2
2017-01-08 04:00:00,-1.6,79,4.0,0.0,978.5
2017-01-08 05:00:00,-1.7,78,4.4,0.0,978.7
2017-01-08 06:00:00,-1.7,78,1.3,0.0,979.0
2017-01-08 07:00:00,-1.9,79,1.8,0.0,979.4
2017-01-08 08:00:00,-3.1,87,3.3,0.0,980.4
2017-01-08 09:00:00,-0.7,81,5.0,69.0,981.6
2017-01-08 10:00:00,2.0,72,3.4,229.0,982.6
2017-01-08 11:00:00,4.3,62,2.3,384.0,982.8
2017-01-08 12:00:00,6.0,54,2.9,493.0,981.6
2017-01-08 13:00:00,7.0,48,2.8,549.0,980.0
2017-01-08 14:00:00,7.6,48,1.5,538.0,978.5
2017-01-08 15:00:00,7.8,47,2.2,462.0,977.7
2017-01-08 16:00:00,7.6,46,3.2,339.0,977.3
2017-01-08 17:00:00,6.3,71,4.0,178.0,977.2
2017-01-08 18:00:00,6.1,51,4.8,32.0,977.5
2017-01-08 19:00:00,4.4,57,4.0,0.0,978.0
2017-01-08 20:00:00,0.6,74,6.1,0.0,978.7
2017-01-08 21:00:00,-0.1,77,5.2,0.0,979.3
2017-01-08 22:00:00,-0.9,80,5.7,0.0,979.5
2017-01-08 23:00:00,-1.4,82,4.7,0.0,980.1
2017-01-09 00:00:00,-1.1,79,4.1,0.0,980.0
2017-01-09 01:00:00,-1.0,76,4.3,0.0,980.1
2017-01-09 02:00:00,-0.4,68,1.5,0.0,980.6
2017-01-09 03:00:00,-1.9,73,2.9,0.0,980.6
2017-01-09 04:00:00,-0.9,68,3.3,0.0,980.3
2017-01-09 05:00:00,-0.7,70,4.6,0.0,979.9
2017-01-09 06:00:00,-0.1,62,3.8,0.0,980.1
2017-01-09 07:00:00,-0.3,61,3.8,0.0,980.3
2017-01-09 08:00:00,-1.7,77,7.7,0.0,980.2
2017-01-09 09:00:00,1.1,64,6.0,41.0,981.0
2017-01-09 10:00:00,3.2,53,5.4,117.0,982.1
2017-01-09 11:00:00,4.0,43,7.7,136.0,982.3
2017-01-09 12:00:00,4.2,40,8.1,136.0,981.4
2017-01-09 13:00:00,4.4,38,7.1,154.0,980.1
2017-01-09 14:00:00,4.3,39,5.6,147.0,979.2
2017-01-09 15:00:00,4.3,40,4.3,154.0,979.2
2017-01-09 16:00:00,4.1,41,2.1,98.0,979.2
2017-01-09 17:00:00,3.7,49,2.6,55.0,979.4
2017-01-09 18:00:00,2.9,48,5.6,14.0,979.8
2017-01-09 19:00:00,2.6,52,8.2,0.0,980.5
2017-01-09 20:00:00,2.2,57,8.2,0.0,981.5
2017-01-09 21:00:00,2.2,63,7.7,0.0,982.1
2017-01-09 22:00:00,2.0,65,7.4,0.0,982.2
2017-01-09 23:00:00,1.9,65,7.4,0.0,983.0
2017-01-10 00:00:00,1.6,65,6.7,0.0,983.2
2017-01-10 01:00:00,1.1,66,7.6,0.0,983.1
2017-01-10 02:00:00,1.3,65,9.8,0.0,983.0
2017-01-10 03:00:00,1.0,67,9.0,0.0,983.0
2017-01-10 04:00:00,0.9,69,8.8,0.0,982.9
2017-01-10 05:00:00,0.6,72,9.5,0.0,983.2
2017-01-10 06:00:00,0.5,74,11.6,0.0,983.2
2017-01-10 07:00:00,0.5,77,10.5,0.0,983.6
2017-01-10 08:00:00,0.2,80,8.7,0.0,984.6
2017-01-10 09:00:00,2.0,73,10.4,42.0,985.4
2017-01-10 10:00:00,3.3,68,11.3,148.0,985.7
2017-01-10 11:00:00,5.0,61,8.6,317.0,985.9
2017-01-10 12:00:00,6.0,51,3.9,401.0,985.3
2017-01-10 13:00:00,6.4,43,0.8,397.0,983.8
2017-01-10 14:00:00,6.8,40,1.3,386.0,982.8
2017-01-10 15:00:00,7.0,36,2.3,317.0,982.5
2017-01-10 16:00:00,6.3,41,7.6,213.0,982.5
2017-01-10 17:00:00,4.5,56,12.5,81.0,983.0
2017-01-10 18:00:00,3.3,59,6.9,27.0,983.2
2017-01-10 19:00:00,2.9,60,6.5,0.0,983.8
2017-01-10 20:00:00,2.2,66,5.2,0.0,985.2
2017-01-10 21:00:00,2.3,67,4.2,0.0,985.7
2017-01-10 22:00:00,1.7,71,4.2,0.0,985.9
2017-01-10 23:00:00,1.6,70,5.9,0.0,986.2
2017-01-11 00:00:00,0.8,72,7.2,0.0,985.9
2017-01-11 01:00:00,0.1,74,7.6,0.0,985.3
2017-01-11 02:00:00,-0.5,71,8.0,0.0,985.1
2017-01-11 03:00:00,-0.3,68,8.0,0.0,985.0
2017-01-11 04:00:00,-0.6,70,8.2,0.0,984.8
2017-01-11 05:00:00,-0.5,70,9.4,0.0,984.8
2017-01-11 06:00:00,-0.4,68,9.8,0.0,984.7
2017-01-11 07:00:00,-0.3,66,9.5,0.0,984.9
2017-01-11 08:00:00,-0.1,65,8.5,0.0,985.4
2017-01-11 09:00:00,1.5,59,11.2,49.0,986.1
2017-01-11 10:00:00,3.4,51,11.2,180.0,986.8
2017-01-11 11:00:00,5.1,44,12.1,335.0,986.5
2017-01-11 12:00:00,6.2,38,11.6,458.0,984.9
2017-01-11 13:00:00,7.3,32,13.0,492.0,983.6
2017-01-11 14:00:00,7.3,32,12.8,358.0,982.4
2017-01-11 15:00:00,8.1,29,11.8,336.0,981.8
2017-01-11 16:00:00,8.1,27,12.2,204.0,981.3
2017-01-11 17:00:00,7.0,35,9.4,144.0,981.5
2017-01-11 18:00:00,4.3,44,12.4,31.0,981.4
2017-01-11 19:00:00,2.3,51,8.3,0.0,981.5
2017-01-11 20:00:00,1.5,52,7.7,0.0,982.6
2017-01-11 21:00:00,1.3,52,7.3,0.0,983.2
2017-01-11 22:00:00,0.9,52,8.0,0.0,983.4
2017-01-11 23:00:00,0.5,53,10.0,0.0,983.5
2017-01-12 00:00:00,-0.1,53,9.3,0.0,983.6
2017-01-12 01:00:00,-0.7,53,8.9,0.0,983.1
2017-01-12 02:00:00,-0.4,50,9.1,0.0,983.0
2017-01-12 03:00:00,-0.6,51,9.8,0.0,983.0
2017-01-12 04:00:00,-0.4,48,9.3,0.0,982.8
2017-01-12 05:00:00,-0.7,48,9.0,0.0,982.2
2017-01-12 06:00:00,-0.9,49,8.7,0.0,981.9
2017-01-12 07:00:00,-0.9,49,9.1,0.0,981.8
2017-01-12 08:00:00,-1.2,53,7.2,0.0,982.3
2017-01-12 09:00:00,0.6,51,11.3,67.0,983.0
2017-01-12 10:00:00,3.1,42,10.7,213.0,983.9
2017-01-12 11:00:00,5.2,35,11.6,398.0,983.8
2017-01-12 12:00:00,6.9,31,12.8,514.0,982.4
2017-01-12 13:00:00,7.9,28,12.4,573.0,980.9
2017-01-12 14:00:00,8.4,28,10.0,566.0,979.6
2017-01-12 15:00:00,8.7,29,8.2,493.0,978.4
2017-01-12 16:00:00,8.5,30,10.0,364.0,977.8
2017-01-12 17:00:00,7.0,38,9.1,197.0,977.4
2017-01-12 18:00:00,3.2,46,7.6,40.0,976.7
2017-01-12 19:00:00,3.3,41,7.9,0.0,976.8
2017-01-12 20:00:00,2.0,46,8.2,0.0,976.9
2017-01-12 21:00:00,0.8,50,7.2,0.0,976.7
2017-01-12 22:00:00,-0.1,51,6.9,0.0,976.9
2017-01-12 23:00:00,-0.9,51,6.4,0.0,977.2
2017-01-13 00:00:00,-1.5,51,6.4,0.0,977.3
2017-01-13 01:00:00,-2.8,57,8.2,0.0,977.0
2017-01-13 02:00:00,-3.1,57,5.0,0.0,977.0
2017-01-13 03:00:00,-2.6,52,3.5,0.0,977.2
2017-01-13 04:00:00,-2.4,50,4.7,0.0,976.9
2017-01-13 05:00:00,-3.2,55,4.6,0.0,976.9
2017-01-13 06:00:00,-3.2,58,5.7,0.0,976.8
2017-01-13 07:00:00,-1.9,50,4.5,0.0,977.3
2017-01-13 08:00:00,-3.1,56,6.5,0.0,978.1
2017-01-13 09:00:00,-0.5,44,2.8,66.0,979.2
2017-01-13 10:00:00,2.0,37,3.7,237.0,980.1
2017-01-13 11:00:00,4.5,31,6.1,368.0,980.3
2017-01-13 12:00:00,6.6,27,9.2,490.0,979.3
2017-01-13 13:00:00,7.9,27,11.5,564.0,977.9
2017-01-13 14:00:00,8.4,25,13.1,552.0,976.8
2017-01-13 15:00:00,8.4,26,14.2,494.0,975.9
2017-01-13 16:00:00,7.8,30,13.3,367.0,975.6
2017-01-13 17:00:00,5.6,40,10.5,200.0,975.5
2017-01-13 18:00:00,2.2,48,9.4,42.0,975.2
2017-01-13 19:00:00,0.0,51,7.6,0.0,975.4
2017-01-13 20:00:00,-0.3,59,8.5,0.0,975.5
2017-01-13 21:00:00,-1.2,65,10.7,0.0,976.3
2017-01-13 22:00:00,0.5,53,5.8,0.0,977.4
2017-01-13 23:00:00,1.1,49,3.6,0.0,978.1
2017-01-14 00:00:00,0.7,51,1.6,0.0,978.6
2017-01-14 01:00:00,0.1,55,0.0,0.0,978.7
2017-01-14 02:00:00,-1.7,66,2.5,0.0,978.4
2017-01-14 03:00:00,-3.4,79,5.5,0.0,978.6
2017-01-14 04:00:00,-3.5,81,5.4,0.0,978.4
2017-01-14 05:00:00,-4.3,84,3.4,0.0,978.0
2017-01-14 06:00:00,-4.4,84,2.1,0.0,978.1
2017-01-14 07:00:00,-2.7,72,3.1,0.0,978.7
2017-01-14 08:00:00,-3.2,73,4.9,0.0,979.7
2017-01-14 09:00:00,-2.0,68,2.7,58.0,980.6
2017-01-14 10:00:00,0.2,60,5.1,190.0,981.3
2017-01-14 11:00:00,2.2,57,7.8,287.0,981.2
2017-01-14 12:00:00,4.2,53,9.7,363.0,979.9
2017-01-14 13:00:00,5.9,48,11.8,428.0,978.7
2017-01-14 14:00:00,7.4,45,14.7,518.0,977.3
2017-01-14 15:00:00,8.3,44,14.6,480.0,976.8
2017-01-14 16:00:00,8.3,44,14.8,350.0,977.0
2017-01-14 17:00:00,7.0,51,12.0,188.0,977.2
2017-01-14 18:00:00,4.6,57,12.2,40.0,977.3
2017-01-14 19:00:00,4.0,57,12.0,0.0,978.0
2017-01-14 20:00:00,1.0,76,9.0,0.0,978.4
2017-01-14 21:00:00,0.8,74,7.9,0.0,979.2
2017-01-14 22:00:00,-0.1,75,8.4,0.0,979.7
2017-01-14 23:00:00,0.5,68,8.2,0.0,980.6
2017-01-15 00:00:00,0.5,66,10.2,0.0,981.0
2017-01-15 01:00:00,-0.1,66,8.7,0.0,981.1
2017-01-15 02:00:00,-0.8,70,12.3,0.0,981.7
2017-01-15 03:00:00,-1.0,70,12.6,0.0,982.8
2017-01-15 04:00:00,-1.0,68,8.9,0.0,983.0
2017-01-15 05:00:00,-2.7,77,7.8,0.0,982.7
2017-01-15 06:00:00,-1.5,75,3.0,0.0,982.6
2017-01-15 07:00:00,-0.9,77,1.5,0.0,983.1
2017-01-15 08:00:00,-1.6,74,5.5,0.0,982.9
2017-01-15 09:00:00,-0.8,69,8.5,36.0,983.1
2017-01-15 10:00:00,0.6,63,7.7,134.0,984.0
2017-01-15 11:00:00,2.8,57,3.0,347.0,983.8
2017-01-15 12:00:00,4.6,53,5.8,501.0,982.6
2017-01-15 13:00:00,5.6,50,11.4,552.0,980.8
2017-01-15 14:00:00,6.2,49,13.9,528.0,979.2
2017-01-15 15:00:00,6.3,50,15.6,461.0,978.2
2017-01-15 16:00:00,6.1,51,15.6,355.0,978.3
2017-01-15 17:00:00,5.3,55,12.2,189.0,978.5
2017-01-15 18:00:00,3.0,64,7.9,42.0,978.9
2017-01-15 19:00:00,1.5,73,8.4,0.0,978.6
2017-01-15 20:00:00,2.6,65,6.9,0.0,981.0
2017-01-15 21:00:00,1.3,73,5.7,0.0,981.4
2017-01-15 22:00:00,0.2,79,8.5,0.0,981.4
2017-01-15 23:00:00,0.1,76,5.2,0.0,981.0
2017-01-16 00:00:00,0.5,73,2.7,0.0,981.4
2017-01-16 01:00:00,-0.1,75,4.8,0.0,981.1
2017-01-16 02:00:00,-0.5,78,2.0,0.0,981.2
2017-01-16 03:00:00,-2.4,87,4.0,0.0,981.0
2017-01-16 04:00:00,-2.5,89,4.6,0.0,980.8
2017-01-16 05:00:00,-3.8,90,5.0,0.0,980.1
2017-01-16 06:00:00,-2.7,90,8.6,0.0,980.2
2017-01-16 07:00:00,-2.5,89,5.0,0.0,980.9
2017-01-16 08:00:00,-2.2,86,4.2,0.0,982.2
2017-01-16 09:00:00,-0.3,79,4.1,59.0,982.8
2017-01-16 10:00:00,2.3,68,1.1,194.0,983.5
2017-01-16 11:00:00,4.1,61,1.3,321.0,983.5
2017-01-16 12:00:00,4.9,60,1.3,291.0,982.8
2017-01-16 13:00:00,5.7,58,3.3,327.0,981.8
2017-01-16 14:00:00,6.1,58,5.2,335.0,980.8
2017-01-16 15:00:00,6.1,60,7.1,282.0,980.4
2017-01-16 16:00:00,5.9,63,7.1,222.0,980.7
2017-01-16 17:00:00,5.4,66,6.2,123.0,981.0
2017-01-16 18:00:00,3.4,76,6.2,33.0,981.6
2017-01-16 19:00:00,3.1,76,8.3,0.0,982.6
2017-01-16 20:00:00,1.0,85,8.1,0.0,983.3
2017-01-16 21:00:00,1.3,81,8.6,0.0,983.6
2017-01-16 22:00:00,0.5,86,7.7,0.0,984.0
2017-01-16 23:00:00,-0.2,89,5.8,0.0,983.6
2017-01-17 00:00:00,-1.9,91,5.4,0.0,983.1
2017-01-17 01:00:00,-2.3,92,4.8,0.0,982.5
2017-01-17 02:00:00,-1.8,88,4.6,0.0,982.1
2017-01-17 03:00:00,-1.9,87,3.0,0.0,982.0
2017-01-17 04:00:00,-2.7,90,4.0,0.0,981.6
2017-01-17 05:00:00,-3.1,89,4.1,0.0,981.4
2017-01-17 06:00:00,-3.2,88,5.1,0.0,981.4
2017-01-17 07:00:00,-3.2,87,4.3,0.0,981.9
2017-01-17 08:00:00,-2.5,87,4.7,0.0,982.8
2017-01-17 09:00:00,-0.8,80,5.2,59.0,983.5
2017-01-17 10:00:00,2.0,69,0.8,218.0,983.9
2017-01-17 11:00:00,3.9,57,0.5,354.0,984.0
2017-01-17 12:00:00,5.2,53,0.8,466.0,983.0
2017-01-17 13:00:00,5.9,49,2.6,495.0,981.3
2017-01-17 14:00:00,6.2,52,6.8,466.0,979.9
2017-01-17 15:00:00,6.4,55,10.0,417.0,979.3
2017-01-17 16:00:00,6.2,54,11.5,292.0,979.1
2017-01-17 17:00:00,5.0,60,6.9,136.0,979.2
2017-01-17 18:00:00,1.6,73,10.9,36.0,979.2
2017-01-17 19:00:00,1.2,71,9.1,0.0,979.9
2017-01-17 20:00:00,2.8,52,3.4,0.0,981.6
2017-01-17 21:00:00,2.6,52,3.5,0.0,982.7
2017-01-17 22:00:00,2.3,55,2.3,0.0,983.3
2017-01-17 23:00:00,0.7,64,6.2,0.0,983.5
2017-01-18 00:00:00,0.1,67,5.1,0.0,983.0
2017-01-18 01:00:00,-0.8,72,7.4,0.0,983.1
2017-01-18 02:00:00,0.3,62,2.9,0.0,983.5
2017-01-18 03:00:00,-2.7,82,6.1,0.0,983.4
2017-01-18 04:00:00,-2.5,85,4.1,0.0,983.1
2017-01-18 05:00:00,-2.3,86,4.1,0.0,983.1
2017-01-18 06:00:00,-1.8,85,3.6,0.0,982.7
2017-01-18 07:00:00,-1.6,84,5.8,0.0,982.6
2017-01-18 08:00:00,-1.4,81,2.0,1.0,983.3
2017-01-18 09:00:00,-0.1,76,4.0,50.0,984.2
2017-01-18 10:00:00,1.4,69,1.8,198.0,984.2
2017-01-18 11:00:00,3.4,53,8.5,399.0,984.3
2017-01-18 12:00:00,5.0,41,12.6,496.0,983.2
2017-01-18 13:00:00,6.1,43,11.7,542.0,981.7
2017-01-18 14:00:00,6.8,45,10.2,516.0,980.6
2017-01-18 15:00:00,7.4,47,11.3,495.0,979.9
2017-01-18 16:00:00,7.3,49,12.6,366.0,979.8
2017-01-18 17:00:00,6.6,53,10.8,207.0,979.7
2017-01-18 18:00:00,3.9,63,7.4,50.0,979.5
2017-01-18 19:00:00,1.7,75,8.4,0.0,979.8
2017-01-18 20:00:00,2.9,66,1.6,0.0,981.8
2017-01-18 21:00:00,2.6,68,4.0,0.0,982.7
2017-01-18 22:00:00,0.5,81,4.3,0.0,984.0
2017-01-18 23:00:00,0.5,81,3.9,0.0,985.2
2017-01-19 00:00:00,-1.3,87,4.6,0.0,985.0
2017-01-19 01:00:00,-1.4,87,7.0,0.0,985.5
2017-01-19 02:00:00,-0.5,81,5.5,0.0,986.4
2017-01-19 03:00:00,0.5,74,11.6,0.0,986.7
2017-01-19 04:00:00,1.8,67,15.1,0.0,987.4
2017-01-19 05:00:00,1.7,61,12.2,0.0,987.7
2017-01-19 06:00:00,0.8,47,6.2,0.0,988.8
2017-01-19 07:00:00,-1.1,49,7.9,0.0,989.4
2017-01-19 08:00:00,-1.9,54,11.5,1.0,989.0
2017-01-19 09:00:00,1.3,43,5.2,75.0,991.0
2017-01-19 10:00:00,3.2,35,4.7,249.0,991.8
2017-01-19 11:00:00,4.7,28,3.6,404.0,991.9
2017-01-19 12:00:00,5.5,25,6.4,523.0,991.4
2017-01-19 13:00:00,5.8,24,10.0,590.0,990.0
2017-01-19 14:00:00,5.9,21,12.5,574.0,988.8
2017-01-19 15:00:00,6.0,20,11.4,519.0,987.7
2017-01-19 16:00:00,5.8,20,10.0,391.0,987.2
2017-01-19 17:00:00,5.0,25,7.6,215.0,987.3
2017-01-19 18:00:00,2.2,29,8.6,54.0,987.0
2017-01-19 19:00:00,1.7,26,11.8,0.0,988.1
2017-01-19 20:00:00,-1.5,44,9.9,0.0,988.3
2017-01-19 21:00:00,-0.6,39,5.4,0.0,989.6
2017-01-19 22:00:00,-2.8,48,9.7,0.0,989.8
2017-01-19 23:00:00,-1.8,37,10.3,0.0,990.9
2017-01-20 00:00:00,-1.9,32,11.4,0.0,990.6
2017-01-20 01:00:00,-2.4,33,9.2,0.0,990.7
2017-01-20 02:00:00,-2.3,32,7.9,0.0,990.6
2017-01-20 03:00:00,-2.3,31,10.2,0.0,990.1
2017-01-20 04:00:00,-3.2,32,10.2,0.0,989.8
2017-01-20 05:00:00,-3.5,31,12.5,0.0,989.3
2017-01-20 06:00:00,-4.0,31,12.0,0.0,989.1
2017-01-20 07:00:00,-4.0,31,12.0,0.0,989.2
2017-01-20 08:00:00,-4.7,35,12.2,1.0,989.9
2017-01-20 09:00:00,-3.2,35,11.8,78.0,989.8
2017-01-20 10:00:00,-1.6,31,13.9,219.0,990.0
2017-01-20 11:00:00,-0.4,27,16.0,334.0,989.3
2017-01-20 12:00:00,0.9,27,14.0,388.0,988.5
2017-01-20 13:00:00,2.0,27,12.9,466.0,986.4
2017-01-20 14:00:00,2.7,27,11.9,436.0,985.4
2017-01-20 15:00:00,3.0,28,10.2,354.0,984.3
2017-01-20 16:00:00,2.7,29,9.8,220.0,983.8
2017-01-20 17:00:00,2.3,34,7.0,120.0,984.1
2017-01-20 18:00:00,0.7,42,5.3,37.0,984.2
2017-01-20 19:00:00,-0.6,45,5.9,0.0,985.0
2017-01-20 20:00:00,-1.5,46,9.2,0.0,986.9
2017-01-20 21:00:00,-2.7,52,11.8,0.0,987.4
2017-01-20 22:00:00,-3.2,51,10.2,0.0,987.7
2017-01-20 23:00:00,-2.4,46,9.8,0.0,987.7
2017-01-21 00:00:00,-3.1,49,11.2,0.0,987.6
2017-01-21 01:00:00,-2.6,45,13.8,0.0,987.3
2017-01-21 02:00:00,-3.5,48,8.0,0.0,986.5
2017-01-21 03:00:00,-3.6,47,14.1,0.0,986.4
2017-01-21 04:00:00,-3.7,45,11.9,0.0,986.4
2017-01-21 05:00:00,-3.4,45,12.3,0.0,986.4
2017-01-21 06:00:00,-3.3,47,11.1,0.0,986.7
2017-01-21 07:00:00,-3.4,50,10.2,0.0,987.1
2017-01-21 08:00:00,-3.1,52,8.3,1.0,987.8
2017-01-21 09:00:00,-0.8,50,7.9,83.0,988.6
2017-01-21 10:00:00,2.3,36,3.4,257.0,989.6
2017-01-21 11:00:00,4.5,31,1.3,423.0,989.5
2017-01-21 12:00:00,6.2,29,0.0,543.0,988.5
2017-01-21 13:00:00,7.2,25,1.3,604.0,987.1
2017-01-21 14:00:00,8.0,23,2.6,599.0,985.7
2017-01-21 15:00:00,8.4,22,4.7,529.0,984.8
2017-01-21 16:00:00,8.3,23,5.4,400.0,984.2
2017-01-21 17:00:00,7.0,41,4.3,230.0,983.7
2017-01-21 18:00:00,3.0,46,7.5,60.0,983.2
2017-01-21 19:00:00,1.6,45,8.7,0.0,984.0
2017-01-21 20:00:00,1.0,47,10.7,0.0,984.5
2017-01-21 21:00:00,0.4,48,7.7,0.0,985.6
2017-01-21 22:00:00,-0.1,47,8.9,0.0,985.9
2017-01-21 23:00:00,-2.6,59,10.7,0.0,986.3
2017-01-22 00:00:00,-1.9,52,8.4,0.0,987.0
2017-01-22 01:00:00,-3.8,62,10.7,0.0,987.0
2017-01-22 02:00:00,-1.5,47,1.5,0.0,987.3
2017-01-22 03:00:00,-4.6,65,5.8,0.0,986.9
2017-01-22 04:00:00,-3.7,62,9.8,0.0,986.8
2017-01-22 05:00:00,-3.5,63,4.3,0.0,987.1
2017-01-22 06:00:00,-4.6,72,5.1,0.0,986.5
2017-01-22 07:00:00,-4.6,73,7.2,0.0,986.7
2017-01-22 08:00:00,-4.5,70,5.5,1.0,987.8
2017-01-22 09:00:00,-1.5,55,2.1,81.0,988.5
2017-01-22 10:00:00,1.6,37,2.5,255.0,989.3
2017-01-22 11:00:00,4.0,27,3.3,419.0,989.2
2017-01-22 12:00:00,6.1,22,2.9,538.0,988.5
2017-01-22 13:00:00,7.9,19,1.4,601.0,986.7
2017-01-22 14:00:00,9.2,18,1.9,597.0,985.1
2017-01-22 15:00:00,9.3,25,1.8,528.0,984.1
2017-01-22 16:00:00,9.2,29,1.8,401.0,983.5
2017-01-22 17:00:00,5.5,63,6.5,232.0,982.6
2017-01-22 18:00:00,1.2,59,10.1,62.0,982.0
2017-01-22 19:00:00,-0.2,57,10.8,0.0,982.3
2017-01-22 20:00:00,1.0,56,8.3,0.0,983.0
2017-01-22 21:00:00,0.8,62,8.3,0.0,983.5
2017-01-22 22:00:00,1.1,61,8.3,0.0,983.7
2017-01-22 23:00:00,1.2,60,6.6,0.0,984.5
2017-01-23 00:00:00,-2.1,73,8.2,0.0,984.5
2017-01-23 01:00:00,-2.2,73,7.4,0.0,984.6
2017-01-23 02:00:00,-1.0,65,5.6,0.0,984.4
2017-01-23 03:00:00,-1.3,65,3.6,0.0,984.2
2017-01-23 04:00:00,-1.6,67,0.7,0.0,983.9
2017-01-23 05:00:00,-4.1,82,3.4,0.0,982.9
2017-01-23 06:00:00,-3.9,82,1.8,0.0,982.7
2017-01-23 07:00:00,-2.6,76,1.1,0.0,983.0
2017-01-23 08:00:00,-5.0,87,2.5,1.0,983.9
2017-01-23 09:00:00,-2.4,70,2.1,83.0,984.8
2017-01-23 10:00:00,0.8,50,2.9,252.0,985.4
2017-01-23 11:00:00,3.4,37,6.5,418.0,985.5
2017-01-23 12:00:00,5.4,29,9.8,538.0,984.6
2017-01-23 13:00:00,7.0,25,11.1,599.0,982.9
2017-01-23 14:00:00,8.3,25,12.4,594.0,981.4
2017-01-23 15:00:00,8.9,25,13.0,523.0,980.6
2017-01-23 16:00:00,8.8,25,13.8,394.0,979.9
2017-01-23 17:00:00,6.9,27,11.8,228.0,979.6
2017-01-23 18:00:00,2.1,39,9.9,62.0,978.8
2017-01-23 19:00:00,-0.3,49,11.6,0.0,979.0
2017-01-23 20:00:00,3.6,51,6.0,0.0,980.3
2017-01-23 21:00:00,3.0,53,3.4,0.0,981.1
2017-01-23 22:00:00,1.8,60,1.1,0.0,981.5
2017-01-23 23:00:00,-1.3,79,3.9,0.0,982.1
2017-01-24 00:00:00,-1.5,82,5.9,0.0,982.7
2017-01-24 01:00:00,-2.6,88,8.0,0.0,982.5
2017-01-24 02:00:00,-2.5,85,7.4,0.0,982.6
2017-01-24 03:00:00,-2.4,84,3.0,0.0,982.8
2017-01-24 04:00:00,-1.9,83,2.5,0.0,982.8
2017-01-24 05:00:00,-2.1,84,3.6,0.0,982.7
2017-01-24 06:00:00,-2.3,87,4.3,0.0,982.3
2017-01-24 07:00:00,-1.2,79,3.2,0.0,982.8
2017-01-24 08:00:00,-1.5,79,4.6,1.0,983.6
2017-01-24 09:00:00,0.0,73,4.7,43.0,984.6
2017-01-24 10:00:00,1.6,64,4.8,120.0,985.9
2017-01-24 11:00:00,3.0,60,4.2,229.0,986.3
2017-01-24 12:00:00,4.3,60,4.3,323.0,986.2
2017-01-24 13:00:00,4.9,61,4.0,309.0,985.1
2017-01-24 14:00:00,5.3,62,5.5,260.0,983.9
2017-01-24 15:00:00,5.8,62,6.2,263.0,983.5
2017-01-24 16:00:00,6.1,62,6.3,205.0,983.4
2017-01-24 17:00:00,5.9,67,5.6,123.0,983.4
2017-01-24 18:00:00,2.2,84,6.4,61.0,983.0
2017-01-24 19:00:00,0.9,85,6.5,0.0,983.5
2017-01-24 20:00:00,-0.2,88,2.4,0.0,984.9
2017-01-24 21:00:00,-0.9,90,0.7,0.0,985.1
2017-01-24 22:00:00,-0.7,89,3.1,0.0,984.9
2017-01-24 23:00:00,-2.3,93,4.9,0.0,985.0
2017-01-25 00:00:00,-2.1,93,2.7,0.0,985.5
2017-01-25 01:00:00,-2.5,95,3.3,0.0,985.0
2017-01-25 02:00:00,-2.9,95,2.5,0.0,984.5
2017-01-25 03:00:00,-3.2,95,1.1,0.0,984.3
2017-01-25 04:00:00,-2.7,97,1.8,0.0,984.3
2017-01-25 05:00:00,-2.1,97,0.8,0.0,984.3
2017-01-25 06:00:00,-2.3,99,1.0,0.0,984.3
2017-01-25 07:00:00,-2.9,97,1.0,0.0,984.5
2017-01-25 08:00:00,-3.4,96,4.7,1.0,986.5
2017-01-25 09:00:00,-2.3,93,5.4,57.0,987.6
2017-01-25 10:00:00,0.5,78,4.7,180.0,988.3
2017-01-25 11:00:00,2.8,67,2.6,337.0,987.7
2017-01-25 12:00:00,5.6,57,3.2,518.0,986.4
2017-01-25 13:00:00,7.7,53,5.6,593.0,984.4
2017-01-25 14:00:00,8.5,53,7.6,594.0,982.3
2017-01-25 15:00:00,8.9,52,10.6,526.0,980.7
2017-01-25 16:00:00,8.7,54,13.2,399.0,980.1
2017-01-25 17:00:00,7.8,60,10.7,234.0,978.9
2017-01-25 18:00:00,4.8,69,11.6,67.0,978.3
2017-01-25 19:00:00,2.9,77,11.8,0.0,977.8
2017-01-25 20:00:00,2.2,82,8.0,0.0,977.8
2017-01-25 21:00:00,0.8,88,6.4,0.0,977.7
2017-01-25 22:00:00,0.4,89,7.2,0.0,977.9
2017-01-25 23:00:00,0.2,90,6.9,0.0,978.6
2017-01-26 00:00:00,1.2,84,4.5,0.0,980.6
2017-01-26 01:00:00,-0.8,94,13.0,0.0,981.2
2017-01-26 02:00:00,-0.9,93,14.0,0.0,981.7
2017-01-26 03:00:00,-0.5,93,14.8,0.0,982.3
2017-01-26 04:00:00,-0.1,91,9.4,0.0,982.0
2017-01-26 05:00:00,0.6,90,10.0,0.0,981.2
2017-01-26 06:00:00,0.8,89,14.9,0.0,981.8
2017-01-26 07:00:00,1.2,86,14.6,0.0,982.8
2017-01-26 08:00:00,2.8,74,15.0,1.0,983.8
2017-01-26 09:00:00,4.3,65,15.9,21.0,984.9
2017-01-26 10:00:00,6.3,50,15.8,94.0,986.0
2017-01-26 11:00:00,7.8,31,15.5,158.0,985.9
2017-01-26 12:00:00,9.2,23,18.8,361.0,985.9
2017-01-26 13:00:00,10.6,23,15.3,609.0,984.8
2017-01-26 14:00:00,11.1,23,13.3,610.0,984.1
2017-01-26 15:00:00,11.5,24,12.6,527.0,983.5
2017-01-26 16:00:00,11.6,24,10.5,410.0,983.0
2017-01-26 17:00:00,10.3,38,5.6,238.0,982.9
2017-01-26 18:00:00,7.3,40,10.3,68.0,983.3
2017-01-26 19:00:00,5.6,40,13.0,0.0,983.9
2017-01-26 20:00:00,4.6,39,8.7,0.0,984.6
2017-01-26 21:00:00,3.2,46,5.8,0.0,985.7
2017-01-26 22:00:00,1.6,57,4.6,0.0,986.1
2017-01-26 23:00:00,2.8,46,7.5,0.0,986.6
2017-01-27 00:00:00,3.4,45,7.9,0.0,985.9
2017-01-27 01:00:00,2.5,50,7.8,0.0,985.5
2017-01-27 02:00:00,1.6,53,8.4,0.0,985.7
2017-01-27 03:00:00,-1.2,59,11.7,0.0,984.6
2017-01-27 04:00:00,-1.8,56,11.3,0.0,983.8
2017-01-27 05:00:00,-1.1,55,8.5,0.0,983.6
2017-01-27 06:00:00,-0.9,52,11.7,0.0,982.9
2017-01-27 07:00:00,-1.4,52,13.5,0.0,982.8
2017-01-27 08:00:00,-1.2,55,13.6,1.0,981.2
2017-01-27 09:00:00,1.3,51,16.1,89.0,981.6
2017-01-27 10:00:00,3.5,43,16.0,245.0,981.5
2017-01-27 11:00:00,5.3,40,13.9,326.0,981.3
2017-01-27 12:00:00,8.0,37,10.5,418.0,980.1
2017-01-27 13:00:00,9.6,34,6.5,327.0,978.0
2017-01-27 14:00:00,11.3,31,9.4,328.0,975.9
2017-01-27 15:00:00,11.8,31,15.6,326.0,974.6
2017-01-27 16:00:00,11.1,35,20.6,256.0,973.1
2017-01-27 17:00:00,9.8,39,24.4,213.0,972.6
2017-01-27 18:00:00,8.2,41,28.5,60.0,972.0
2017-01-27 19:00:00,7.9,41,31.3,0.0,971.7
2017-01-27 20:00:00,7.1,41,31.3,0.0,971.3
2017-01-27 21:00:00,7.3,42,32.8,0.0,971.0
2017-01-27 22:00:00,7.1,45,31.6,0.0,970.0
2017-01-27 23:00:00,6.3,49,18.7,0.0,969.5
2017-01-28 00:00:00,4.7,56,9.0,0.0,969.4
2017-01-28 01:00:00,4.3,58,10.2,0.0,970.0
2017-01-28 02:00:00,3.4,55,13.5,0.0,970.6
2017-01-28 03:00:00,3.4,54,13.0,0.0,971.2
2017-01-28 04:00:00,3.2,54,14.0,0.0,971.2
2017-01-28 05:00:00,3.4,55,6.6,0.0,971.7
2017-01-28 06:00:00,3.0,60,2.5,0.0,971.9
2017-01-28 07:00:00,2.6,62,7.3,0.0,972.0
2017-01-28 08:00:00,2.1,62,8.5,1.0,972.6
2017-01-28 09:00:00,2.8,60,5.9,29.0,973.8
2017-01-28 10:00:00,3.9,56,5.8,85.0,974.5
2017-01-28 11:00:00,4.8,52,5.6,142.0,974.8
2017-01-28 12:00:00,5.7,49,5.0,189.0,974.7
2017-01-28 13:00:00,6.2,48,6.2,163.0,973.7
2017-01-28 14:00:00,6.6,48,9.4,160.0,972.7
2017-01-28 15:00:00,6.7,49,9.2,155.0,972.4
2017-01-28 16:00:00,7.1,50,9.9,178.0,972.5
2017-01-28 17:00:00,6.9,53,10.3,113.0,973.0
2017-01-28 18:00:00,5.9,58,9.4,43.0,973.6
2017-01-28 19:00:00,4.7,64,8.9,0.0,974.1
2017-01-28 20:00:00,4.3,66,9.9,0.0,975.1
2017-01-28 21:00:00,4.6,68,8.5,0.0,975.3
2017-01-28 22:00:00,4.1,72,5.2,0.0,975.7
2017-01-28 23:00:00,4.2,71,5.5,0.0,976.1
2017-01-29 00:00:00,4.0,74,7.2,0.0,976.7
2017-01-29 01:00:00,3.8,76,4.7,0.0,976.8
2017-01-29 02:00:00,3.7,77,4.3,0.0,977.6
2017-01-29 03:00:00,3.3,80,4.2,0.0,978.3
2017-01-29 04:00:00,3.1,80,3.2,0.0,978.8
2017-01-29 05:00:00,2.7,82,2.5,0.0,979.1
2017-01-29 06:00:00,2.1,83,1.8,0.0,979.5
2017-01-29 07:00:00,3.6,68,3.8,0.0,980.3
2017-01-29 08:00:00,0.5,88,4.5,2.0,980.6
2017-01-29 09:00:00,3.4,66,7.9,66.0,982.4
2017-01-29 10:00:00,5.0,34,11.0,222.0,983.8
2017-01-29 11:00:00,5.7,28,12.8,380.0,983.8
2017-01-29 12:00:00,6.5,25,11.8,528.0,983.9
2017-01-29 13:00:00,7.0,25,10.5,588.0,983.5
2017-01-29 14:00:00,7.4,24,9.3,605.0,982.4
2017-01-29 15:00:00,7.4,25,7.6,547.0,981.9
2017-01-29 16:00:00,7.3,26,6.7,423.0,982.0
2017-01-29 17:00:00,6.7,27,8.3,253.0,982.0
2017-01-29 18:00:00,3.8,35,6.9,79.0,982.5
2017-01-29 19:00:00,2.5,33,9.0,0.0,983.8
2017-01-29 20:00:00,2.9,28,12.3,0.0,983.2
2017-01-29 21:00:00,2.7,24,14.8,0.0,985.1
2017-01-29 22:00:00,1.6,26,16.5,0.0,985.8
2017-01-29 23:00:00,0.8,24,17.4,0.0,986.4
2017-01-30 00:00:00,-0.1,21,19.2,0.0,986.4
2017-01-30 01:00:00,-0.9,19,18.2,0.0,986.4
2017-01-30 02:00:00,-1.5,19,16.6,0.0,986.7
2017-01-30 03:00:00,-2.0,19,16.8,0.0,986.5
2017-01-30 04:00:00,-2.3,19,18.7,0.0,985.7
2017-01-30 05:00:00,-2.7,18,19.9,0.0,985.5
2017-01-30 06:00:00,-3.3,20,19.3,0.0,985.5
2017-01-30 07:00:00,-3.7,21,16.8,0.0,986.0
2017-01-30 08:00:00,-3.6,24,16.8,2.0,986.7
2017-01-30 09:00:00,-2.2,25,15.6,86.0,987.2
2017-01-30 10:00:00,-0.3,24,17.1,262.0,987.3
2017-01-30 11:00:00,1.5,26,17.3,383.0,986.7
2017-01-30 12:00:00,3.0,30,16.1,475.0,985.5
2017-01-30 13:00:00,3.7,33,15.3,402.0,984.2
2017-01-30 14:00:00,3.9,36,16.0,295.0,982.2
2017-01-30 15:00:00,4.4,38,16.7,265.0,981.1
2017-01-30 16:00:00,4.6,39,15.8,183.0,980.4
2017-01-30 17:00:00,4.5,40,12.0,74.0,980.5
2017-01-30 18:00:00,3.6,42,8.2,21.0,980.9
2017-01-30 19:00:00,2.8,42,5.7,0.0,982.0
2017-01-30 20:00:00,1.4,47,2.8,0.0,984.3
2017-01-30 21:00:00,0.7,46,6.1,0.0,984.9
2017-01-30 22:00:00,0.0,45,7.6,0.0,984.6
2017-01-30 23:00:00,-0.4,44,6.6,0.0,984.2
2017-01-31 00:00:00,-0.6,45,5.9,0.0,984.3
2017-01-31 01:00:00,-1.7,50,7.6,0.0,984.3
2017-01-31 02:00:00,-2.0,52,8.3,0.0,983.8
2017-01-31 03:00:00,-2.1,53,6.4,0.0,983.5
2017-01-31 04:00:00,-2.8,57,4.3,0.0,983.2
2017-01-31 05:00:00,-3.3,61,5.2,0.0,982.7
2017-01-31 06:00:00,-3.5,64,6.9,0.0,982.2
2017-01-31 07:00:00,-3.6,65,6.6,0.0,982.1
2017-01-31 08:00:00,-3.3,64,9.0,1.0,983.1
2017-01-31 09:00:00,-1.7,59,9.1,64.0,983.9
2017-01-31 10:00:00,-0.2,53,5.9,152.0,984.3
2017-01-31 11:00:00,0.8,50,5.3,214.0,984.4
2017-01-31 12:00:00,1.4,49,5.4,225.0,983.6
2017-01-31 13:00:00,2.0,48,5.6,221.0,983.0
2017-01-31 14:00:00,2.6,47,6.2,265.0,982.0
2017-01-31 15:00:00,2.8,49,7.2,231.0,981.4
2017-01-31 16:00:00,2.3,54,5.9,134.0,981.4
2017-01-31 17:00:00,1.6,63,7.4,61.0,982.5
2017-01-31 18:00:00,1.1,69,6.2,34.0,982.4
2017-01-31 19:00:00,0.4,75,6.5,1.0,982.2
2017-01-31 20:00:00,-1.5,78,5.2,0.0,983.4
2017-01-31 21:00:00,-0.8,73,2.3,0.0,983.8
2017-01-31 22:00:00,-3.1,83,4.0,0.0,984.0
2017-01-31 23:00:00,-2.8,82,4.0,0.0,984.3
2017-02-01 00:00:00,-3.4,86,5.1,0.0,984.5
2017-02-01 01:00:00,-4.4,88,4.2,0.0,984.4
2017-02-01 02:00:00,-3.8,85,3.0,0.0,984.9
2017-02-01 03:00:00,-3.6,83,5.8,0.0,985.3
2017-02-01 04:00:00,-3.8,85,5.4,0.0,985.2
2017-02-01 05:00:00,-4.1,88,4.2,0.0,985.3
2017-02-01 06:00:00,-4.4,87,4.4,0.0,985.4
2017-02-01 07:00:00,-3.0,80,2.5,0.0,985.9
2017-02-01 08:00:00,-3.6,87,3.7,2.0,987.0
2017-02-01 09:00:00,-0.6,72,4.1,80.0,988.1
2017-02-01 10:00:00,1.7,64,6.3,252.0,988.6
2017-02-01 11:00:00,3.5,57,10.1,416.0,988.0
2017-02-01 12:00:00,4.9,51,14.7,542.0,987.4
2017-02-01 13:00:00,6.0,45,17.7,596.0,986.0
2017-02-01 14:00:00,6.9,42,18.8,600.0,984.9
2017-02-01 15:00:00,7.2,41,19.0,554.0,984.4
2017-02-01 16:00:00,7.2,42,19.0,418.0,984.0
2017-02-01 17:00:00,6.6,44,15.5,244.0,984.0
2017-02-01 18:00:00,4.5,50,11.7,81.0,983.9
2017-02-01 19:00:00,3.2,53,11.3,1.0,983.8
2017-02-01 20:00:00,2.9,54,10.7,0.0,984.7
2017-02-01 21:00:00,2.4,57,8.7,0.0,984.7
2017-02-01 22:00:00,2.1,60,8.3,0.0,984.3
2017-02-01 23:00:00,1.6,61,8.1,0.0,984.4
2017-02-02 00:00:00,0.8,61,8.3,0.0,984.4
2017-02-02 01:00:00,0.3,61,10.3,0.0,984.0
2017-02-02 02:00:00,-0.3,62,14.2,0.0,983.9
2017-02-02 03:00:00,-0.6,63,16.6,0.0,984.0
2017-02-02 04:00:00,-1.1,68,14.0,0.0,983.2
2017-02-02 05:00:00,-1.7,71,11.4,0.0,983.0
2017-02-02 06:00:00,-2.2,72,8.9,0.0,983.2
2017-02-02 07:00:00,-2.5,73,5.2,0.0,983.2
2017-02-02 08:00:00,-2.0,70,6.6,2.0,983.3
2017-02-02 09:00:00,0.0,63,7.0,68.0,984.0
2017-02-02 10:00:00,1.5,56,7.8,180.0,984.5
2017-02-02 11:00:00,2.8,52,6.2,263.0,984.5
2017-02-02 12:00:00,3.8,50,5.2,337.0,983.4
2017-02-02 13:00:00,3.9,50,8.7,213.0,981.5
2017-02-02 14:00:00,4.5,49,10.2,264.0,979.9
2017-02-02 15:00:00,5.6,47,10.6,364.0,979.2
2017-02-02 16:00:00,6.1,47,10.7,360.0,978.5
2017-02-02 17:00:00,5.8,49,10.7,194.0,978.4
2017-02-02 18:00:00,4.0,57,9.0,83.0,978.3
2017-02-02 19:00:00,1.6,69,8.1,1.0,978.4
2017-02-02 20:00:00,0.8,68,5.2,0.0,980.7
2017-02-02 21:00:00,1.2,65,4.4,0.0,981.1
2017-02-02 22:00:00,0.8,67,2.8,0.0,981.0
2017-02-02 23:00:00,0.2,70,0.4,0.0,980.8
2017-02-03 00:00:00,-2.0,85,2.9,0.0,980.2
2017-02-03 01:00:00,-2.9,89,3.3,0.0,979.7
2017-02-03 02:00:00,-2.3,87,4.1,0.0,980.1
2017-02-03 03:00:00,-2.1,84,6.6,0.0,979.9
2017-02-03 04:00:00,-2.6,86,6.5,0.0,979.4
2017-02-03 05:00:00,-2.9,86,6.8,0.0,979.2
2017-02-03 06:00:00,-2.8,85,7.6,0.0,978.6
2017-02-03 07:00:00,-3.2,87,5.4,0.0,978.3
2017-02-03 08:00:00,-3.2,88,4.0,3.0,978.4
2017-02-03 09:00:00,0.2,73,2.4,98.0,979.4
2017-02-03 10:00:00,2.1,63,4.0,275.0,979.9
2017-02-03 11:00:00,3.7,59,3.0,428.0,979.3
2017-02-03 12:00:00,5.3,55,5.5,567.0,978.4
2017-02-03 13:00:00,6.4,53,6.1,619.0,976.3
2017-02-03 14:00:00,7.5,51,8.4,626.0,974.8
2017-02-03 15:00:00,7.8,50,9.7,556.0,974.0
2017-02-03 16:00:00,7.7,51,9.5,434.0,973.2
2017-02-03 17:00:00,7.0,54,10.0,265.0,973.1
2017-02-03 18:00:00,4.6,66,7.1,90.0,973.3
2017-02-03 19:00:00,3.4,72,7.7,2.0,973.3
2017-02-03 20:00:00,4.7,63,5.9,0.0,975.3
2017-02-03 21:00:00,1.6,78,4.3,0.0,975.7
2017-02-03 22:00:00,1.2,82,9.2,0.0,976.0
2017-02-03 23:00:00,0.0,89,6.3,0.0,975.8
2017-02-04 00:00:00,0.5,87,9.8,0.0,975.3
2017-02-04 01:00:00,-0.8,89,10.4,0.0,974.6
2017-02-04 02:00:00,-1.8,92,6.1,0.0,974.0
2017-02-04 03:00:00,-1.5,93,7.6,0.0,973.7
2017-02-04 04:00:00,-1.4,91,5.5,0.0,973.0
2017-02-04 05:00:00,-0.8,88,3.1,0.0,973.0
2017-02-04 06:00:00,-1.5,91,6.1,0.0,973.0
2017-02-04 07:00:00,-2.3,92,6.6,0.0,973.3
2017-02-04 08:00:00,-1.8,92,7.3,3.0,974.4
2017-02-04 09:00:00,1.3,80,8.6,101.0,974.9
2017-02-04 10:00:00,5.2,65,7.6,281.0,975.5
2017-02-04 11:00:00,8.0,55,4.5,448.0,976.0
2017-02-04 12:00:00,10.0,50,3.0,571.0,974.6
2017-02-04 13:00:00,11.6,47,4.6,637.0,972.8
2017-02-04 14:00:00,12.4,46,8.7,635.0,971.2
2017-02-04 15:00:00,12.4,46,9.7,566.0,969.9
2017-02-04 16:00:00,13.1,45,12.3,439.0,969.1
2017-02-04 17:00:00,11.5,49,15.3,269.0,969.5
2017-02-04 18:00:00,7.6,65,8.4,92.0,969.2
2017-02-04 19:00:00,6.3,68,8.2,2.0,969.4
2017-02-04 20:00:00,5.5,69,8.6,0.0,970.8
2017-02-04 21:00:00,4.7,69,7.7,0.0,971.7
2017-02-04 22:00:00,2.7,76,9.2,0.0,972.4
2017-02-04 23:00:00,1.5,83,11.0,0.0,972.7
2017-02-05 00:00:00,1.1,85,9.9,0.0,973.3
2017-02-05 01:00:00,1.7,80,7.1,0.0,973.5
2017-02-05 02:00:00,0.8,84,2.5,0.0,973.4
2017-02-05 03:00:00,-0.4,88,4.7,0.0,974.2
2017-02-05 04:00:00,-0.2,89,3.6,0.0,973.8
2017-02-05 05:00:00,-0.1,91,4.8,0.0,973.1
2017-02-05 06:00:00,0.9,85,1.1,0.0,973.7
2017-02-05 07:00:00,-1.2,90,7.9,0.0,974.4
2017-02-05 08:00:00,-1.4,91,8.4,3.0,974.6
2017-02-05 09:00:00,1.7,75,1.0,97.0,975.6
2017-02-05 10:00:00,5.1,50,6.9,280.0,976.0
2017-02-05 11:00:00,6.8,39,9.2,444.0,975.6
2017-02-05 12:00:00,8.0,38,9.3,571.0,975.5
2017-02-05 13:00:00,9.5,38,12.7,634.0,973.6
2017-02-05 14:00:00,10.9,37,14.0,632.0,971.7
2017-02-05 15:00:00,12.2,37,12.6,560.0,969.9
2017-02-05 16:00:00,12.4,36,18.0,438.0,969.5
2017-02-05 17:00:00,11.5,40,15.2,267.0,969.9
2017-02-05 18:00:00,7.2,60,10.5,88.0,969.2
2017-02-05 19:00:00,4.7,65,11.0,2.0,969.4
2017-02-05 20:00:00,5.4,65,9.1,0.0,969.4
2017-02-05 21:00:00,5.6,63,2.7,0.0,970.7
2017-02-05 22:00:00,3.1,80,4.2,0.0,970.8
2017-02-05 23:00:00,2.8,84,5.0,0.0,970.9
2017-02-06 00:00:00,4.1,73,9.7,0.0,971.7
2017-02-06 01:00:00,4.2,74,13.0,0.0,972.2
2017-02-06 02:00:00,4.2,76,13.5,0.0,972.6
2017-02-06 03:00:00,3.6,80,13.3,0.0,972.8
2017-02-06 04:00:00,3.5,81,14.6,0.0,972.5
2017-02-06 05:00:00,3.0,83,16.6,0.0,973.1
2017-02-06 06:00:00,3.1,82,18.1,0.0,973.6
2017-02-06 07:00:00,3.5,81,15.4,0.0,973.9
2017-02-06 08:00:00,3.5,81,15.4,2.0,973.2
2017-02-06 09:00:00,5.0,75,17.4,50.0,974.2
2017-02-06 10:00:00,6.9,68,18.1,153.0,974.5
2017-02-06 11:00:00,8.3,63,18.1,219.0,974.7
2017-02-06 12:00:00,9.5,58,17.9,295.0,974.7
2017-02-06 13:00:00,10.2,53,17.8,294.0,974.5
2017-02-06 14:00:00,9.7,53,18.4,212.0,974.1
2017-02-06 15:00:00,9.4,55,18.8,218.0,973.9
2017-02-06 16:00:00,8.1,62,17.9,79.0,973.8
2017-02-06 17:00:00,7.0,70,16.5,67.0,974.3
2017-02-06 18:00:00,6.1,75,17.1,21.0,975.0
2017-02-06 19:00:00,5.2,79,16.9,1.0,975.4
2017-02-06 20:00:00,4.1,79,19.5,0.0,976.8
2017-02-06 21:00:00,3.9,78,20.2,0.0,977.7
2017-02-06 22:00:00,3.7,77,20.5,0.0,977.5
2017-02-06 23:00:00,3.5,73,20.5,0.0,978.2
2017-02-07 00:00:00,3.2,69,19.2,0.0,978.7
2017-02-07 01:00:00,3.1,65,19.2,0.0,979.3
2017-02-07 02:00:00,2.9,61,18.8,0.0,979.3
2017-02-07 03:00:00,2.9,57,17.1,0.0,979.7
2017-02-07 04:00:00,2.6,55,17.3,0.0,979.3
2017-02-07 05:00:00,2.4,56,15.1,0.0,979.1
2017-02-07 06:00:00,2.1,57,12.2,0.0,979.9
2017-02-07 07:00:00,1.6,61,10.6,0.0,980.9
2017-02-07 08:00:00,1.2,68,5.1,1.0,982.2
2017-02-07 09:00:00,1.2,71,4.4,14.0,982.8
2017-02-07 10:00:00,1.5,70,4.7,38.0,983.4
2017-02-07 11:00:00,1.9,70,5.5,86.0,983.6
2017-02-07 12:00:00,2.1,70,4.6,103.0,983.4
2017-02-07 13:00:00,2.5,70,2.4,131.0,982.7
2017-02-07 14:00:00,2.8,71,4.3,139.0,982.0
2017-02-07 15:00:00,3.1,70,8.0,173.0,981.3
2017-02-07 16:00:00,2.9,75,8.8,140.0,981.0
2017-02-07 17:00:00,2.8,79,6.5,74.0,981.6
2017-02-07 18:00:00,2.2,85,7.4,35.0,981.8
2017-02-07 19:00:00,1.9,88,11.1,2.0,982.0
2017-02-07 20:00:00,1.1,86,6.7,0.0,984.2
2017-02-07 21:00:00,1.4,85,9.2,0.0,984.8
2017-02-07 22:00:00,1.4,85,11.0,0.0,985.3
2017-02-07 23:00:00,1.5,86,12.4,0.0,985.5
2017-02-08 00:00:00,1.6,85,13.7,0.0,985.6
2017-02-08 01:00:00,1.8,80,15.0,0.0,985.7
2017-02-08 02:00:00,1.8,79,15.1,0.0,985.6
2017-02-08 03:00:00,1.5,75,15.3,0.0,985.4
2017-02-08 04:00:00,1.8,70,15.6,0.0,985.1
2017-02-08 05:00:00,1.9,67,17.4,0.0,985.2
2017-02-08 06:00:00,1.9,62,17.4,0.0,985.6
2017-02-08 07:00:00,1.3,62,14.5,0.0,985.5
2017-02-08 08:00:00,0.6,68,13.4,5.0,986.5
2017-02-08 09:00:00,2.9,57,13.5,71.0,987.5
2017-02-08 10:00:00,3.7,40,13.7,189.0,988.2
2017-02-08 11:00:00,5.0,37,11.7,387.0,988.5
2017-02-08 12:00:00,5.7,36,13.0,451.0,988.2
2017-02-08 13:00:00,6.1,36,10.7,478.0,987.5
2017-02-08 14:00:00,7.3,33,9.4,592.0,985.8
2017-02-08 15:00:00,7.8,30,8.9,499.0,985.0
2017-02-08 16:00:00,7.5,30,3.5,299.0,984.4
2017-02-08 17:00:00,7.4,31,5.2,253.0,983.9
2017-02-08 18:00:00,5.2,40,8.2,105.0,983.4
2017-02-08 19:00:00,3.3,43,9.7,3.0,984.0
2017-02-08 20:00:00,1.2,51,10.6,0.0,986.1
2017-02-08 21:00:00,-0.8,61,7.9,0.0,986.3
2017-02-08 22:00:00,1.7,46,4.1,0.0,987.3
2017-02-08 23:00:00,-1.7,61,8.6,0.0,987.0
2017-02-09 00:00:00,-2.8,67,10.7,0.0,987.3
2017-02-09 01:00:00,-3.1,63,10.6,0.0,987.6
2017-02-09 02:00:00,-3.6,57,10.5,0.0,987.0
2017-02-09 03:00:00,-1.7,42,6.9,0.0,987.6
2017-02-09 04:00:00,-1.4,40,1.1,0.0,987.8
2017-02-09 05:00:00,-2.1,45,3.0,0.0,987.1
2017-02-09 06:00:00,-2.9,51,5.0,0.0,986.9
2017-02-09 07:00:00,-4.3,58,6.4,0.0,986.7
2017-02-09 08:00:00,-4.1,63,6.8,6.0,987.4
2017-02-09 09:00:00,-0.6,40,4.7,120.0,988.5
2017-02-09 10:00:00,1.8,27,5.4,309.0,989.0
2017-02-09 11:00:00,3.2,24,3.8,483.0,988.7
2017-02-09 12:00:00,4.4,24,3.0,610.0,987.7
2017-02-09 13:00:00,5.3,25,3.6,676.0,986.7
2017-02-09 14:00:00,5.8,25,0.0,674.0,985.0
2017-02-09 15:00:00,6.0,26,3.9,604.0,983.6
2017-02-09 16:00:00,6.0,26,4.5,473.0,983.0
2017-02-09 17:00:00,5.8,26,2.2,298.0,982.6
2017-02-09 18:00:00,5.4,28,2.5,112.0,982.8
2017-02-09 19:00:00,0.8,46,7.3,4.0,982.5
2017-02-09 20:00:00,0.4,47,5.2,0.0,983.9
2017-02-09 21:00:00,-0.9,55,6.3,0.0,984.4
2017-02-09 22:00:00,-2.3,58,9.0,0.0,984.6
2017-02-09 23:00:00,-2.8,53,9.4,0.0,985.1
2017-02-10 00:00:00,-3.0,49,10.7,0.0,985.5
2017-02-10 01:00:00,-2.3,42,7.9,0.0,985.6
2017-02-10 02:00:00,-2.3,43,8.4,0.0,985.7
2017-02-10 03:00:00,-2.9,44,9.1,0.0,986.0
2017-02-10 04:00:00,-3.7,45,7.4,0.0,985.5
2017-02-10 05:00:00,-5.1,53,10.0,0.0,985.8
2017-02-10 06:00:00,-4.2,47,7.7,0.0,985.9
2017-02-10 07:00:00,-2.8,37,5.9,0.0,986.4
2017-02-10 08:00:00,-3.5,39,3.6,6.0,988.0
2017-02-10 09:00:00,-1.1,31,1.8,125.0,989.3
2017-02-10 10:00:00,2.4,20,4.1,317.0,989.8
2017-02-10 11:00:00,4.6,13,4.8,483.0,989.5
2017-02-10 12:00:00,5.9,12,2.3,622.0,989.1
2017-02-10 13:00:00,6.5,12,2.6,670.0,987.6
2017-02-10 14:00:00,6.2,19,1.8,554.0,986.3
2017-02-10 15:00:00,6.3,20,2.2,519.0,985.3
2017-02-10 16:00:00,6.2,21,1.9,402.0,985.1
2017-02-10 17:00:00,5.8,23,0.7,255.0,984.9
2017-02-10 18:00:00,5.5,22,1.5,86.0,984.9
2017-02-10 19:00:00,2.3,34,6.1,4.0,985.0
2017-02-10 20:00:00,2.7,37,3.9,0.0,985.7
2017-02-10 21:00:00,1.0,45,5.0,0.0,985.9
2017-02-10 22:00:00,-0.6,55,4.7,0.0,986.0
2017-02-10 23:00:00,-0.9,62,3.0,0.0,986.3
2017-02-11 00:00:00,-0.6,58,2.9,0.0,986.8
2017-02-11 01:00:00,-0.9,60,7.6,0.0,986.7
2017-02-11 02:00:00,-0.9,57,6.6,0.0,986.3
2017-02-11 03:00:00,-1.7,59,6.3,0.0,985.6
2017-02-11 04:00:00,-2.6,60,6.9,0.0,985.2
2017-02-11 05:00:00,-2.1,56,7.2,0.0,985.2
2017-02-11 06:00:00,-2.6,57,4.6,0.0,984.9
2017-02-11 07:00:00,-3.4,62,6.0,0.0,984.7
2017-02-11 08:00:00,-2.9,57,2.5,7.0,986.2
2017-02-11 09:00:00,1.0,38,3.1,116.0,987.0
2017-02-11 10:00:00,3.8,29,0.0,308.0,987.6
2017-02-11 11:00:00,6.2,24,1.1,489.0,987.1
2017-02-11 12:00:00,8.1,21,4.4,618.0,986.4
2017-02-11 13:00:00,9.5,21,6.5,684.0,984.6
2017-02-11 14:00:00,9.8,24,8.1,680.0,983.1
2017-02-11 15:00:00,10.1,24,8.2,608.0,981.6
2017-02-11 16:00:00,10.1,26,5.7,477.0,981.3
2017-02-11 17:00:00,9.2,40,3.6,302.0,981.0
2017-02-11 18:00:00,5.1,50,9.0,115.0,980.2
2017-02-11 19:00:00,2.1,51,9.1,5.0,979.9
2017-02-11 20:00:00,2.3,62,9.7,0.0,980.3
2017-02-11 21:00:00,2.2,62,8.4,0.0,980.7
2017-02-11 22:00:00,1.7,62,8.9,0.0,980.8
2017-02-11 23:00:00,0.5,65,10.2,0.0,980.8
2017-02-12 00:00:00,2.3,53,7.1,0.0,981.5
2017-02-12 01:00:00,1.8,54,3.1,0.0,981.8
2017-02-12 02:00:00,0.3,61,2.3,0.0,981.6
2017-02-12 03:00:00,-1.8,73,4.2,0.0,981.3
2017-02-12 04:00:00,-2.8,82,5.6,0.0,980.6
2017-02-12 05:00:00,-2.9,81,2.1,0.0,980.3
2017-02-12 06:00:00,-3.8,85,1.9,0.0,980.4
2017-02-12 07:00:00,-3.3,83,1.8,0.0,980.7
2017-02-12 08:00:00,-2.6,79,1.3,8.0,981.4
2017-02-12 09:00:00,0.5,63,4.7,127.0,982.3
2017-02-12 10:00:00,3.9,49,2.2,317.0,982.8
2017-02-12 11:00:00,6.8,36,1.5,491.0,982.7
2017-02-12 12:00:00,9.0,28,4.3,619.0,982.0
2017-02-12 13:00:00,10.6,25,5.6,687.0,980.8
2017-02-12 14:00:00,11.7,23,6.0,686.0,979.5
2017-02-12 15:00:00,11.6,30,7.6,617.0,978.5
2017-02-12 16:00:00,11.0,33,8.6,486.0,978.2
2017-02-12 17:00:00,9.2,44,7.6,310.0,978.0
2017-02-12 18:00:00,3.5,64,12.7,120.0,977.1
2017-02-12 19:00:00,1.4,65,14.0,6.0,977.0
2017-02-12 20:00:00,3.4,72,9.2,0.0,977.1
2017-02-12 21:00:00,3.2,70,7.7,0.0,978.0
2017-02-12 22:00:00,2.2,71,8.9,0.0,978.4
2017-02-12 23:00:00,1.2,74,11.2,0.0,979.0
2017-02-13 00:00:00,1.7,69,8.4,0.0,979.8
2017-02-13 01:00:00,3.5,60,6.5,0.0,980.7
2017-02-13 02:00:00,0.4,75,2.9,0.0,980.8
2017-02-13 03:00:00,0.0,84,5.1,0.0,981.2
2017-02-13 04:00:00,-0.6,90,6.6,0.0,981.4
2017-02-13 05:00:00,-1.0,91,6.5,0.0,981.4
2017-02-13 06:00:00,-1.4,90,4.6,0.0,981.6
2017-02-13 07:00:00,-2.1,91,3.7,0.0,981.4
2017-02-13 08:00:00,-1.5,90,2.5,8.0,983.4
2017-02-13 09:00:00,1.7,73,4.0,126.0,984.4
2017-02-13 10:00:00,4.8,59,2.0,311.0,985.2
2017-02-13 11:00:00,6.9,54,5.8,482.0,985.2
2017-02-13 12:00:00,8.4,46,7.9,578.0,984.8
2017-02-13 13:00:00,9.8,41,9.8,662.0,983.3
2017-02-13 14:00:00,10.8,40,11.2,669.0,982.2
2017-02-13 15:00:00,11.4,40,11.0,601.0,981.6
2017-02-13 16:00:00,11.1,44,10.0,365.0,981.1
2017-02-13 17:00:00,10.8,48,7.2,274.0,981.1
2017-02-13 18:00:00,6.9,69,6.3,106.0,980.8
2017-02-13 19:00:00,6.4,67,6.9,5.0,981.8
2017-02-13 20:00:00,5.3,83,9.9,0.0,982.9
2017-02-13 21:00:00,5.2,82,9.7,0.0,984.0
2017-02-13 22:00:00,5.0,85,11.2,0.0,984.5
2017-02-13 23:00:00,5.2,84,10.7,0.0,984.5
2017-02-14 00:00:00,4.9,85,8.7,0.0,984.3
2017-02-14 01:00:00,4.6,88,6.3,0.0,984.2
2017-02-14 02:00:00,4.7,87,0.8,0.0,984.2
2017-02-14 03:00:00,4.3,91,5.4,0.0,984.5
2017-02-14 04:00:00,5.0,85,1.4,0.0,984.8
2017-02-14 05:00:00,4.5,90,4.0,0.0,984.9
2017-02-14 06:00:00,4.2,93,4.4,0.0,984.9
2017-02-14 07:00:00,3.3,96,3.9,0.0,984.8
2017-02-14 08:00:00,4.3,94,6.1,4.0,985.3
2017-02-14 09:00:00,6.2,83,5.2,87.0,986.2
2017-02-14 10:00:00,8.1,74,4.7,226.0,986.6
2017-02-14 11:00:00,10.0,67,5.4,375.0,986.5
2017-02-14 12:00:00,11.5,60,6.9,503.0,986.1
2017-02-14 13:00:00,12.8,57,7.5,583.0,985.1
2017-02-14 14:00:00,14.0,53,8.5,619.0,983.5
2017-02-14 15:00:00,14.5,51,9.6,572.0,982.4
2017-02-14 16:00:00,14.6,50,11.4,450.0,981.7
2017-02-14 17:00:00,14.0,52,12.9,296.0,981.3
2017-02-14 18:00:00,12.2,59,11.1,107.0,980.9
2017-02-14 19:00:00,10.5,67,10.7,6.0,980.9
2017-02-14 20:00:00,7.8,78,7.2,0.0,980.2
2017-02-14 21:00:00,7.0,80,9.9,0.0,980.5
2017-02-14 22:00:00,6.8,78,5.6,0.0,981.1
2017-02-14 23:00:00,5.7,82,5.9,0.0,981.3
2017-02-15 00:00:00,4.9,85,6.0,0.0,980.9
2017-02-15 01:00:00,5.8,81,4.3,0.0,980.9
2017-02-15 02:00:00,3.2,90,6.9,0.0,980.3
2017-02-15 03:00:00,2.9,89,5.8,0.0,980.0
2017-02-15 04:00:00,2.7,90,5.6,0.0,978.7
2017-02-15 05:00:00,2.5,92,8.0,0.0,977.9
2017-02-15 06:00:00,3.8,87,3.1,0.0,978.0
2017-02-15 07:00:00,3.5,88,1.3,0.0,978.5
2017-02-15 08:00:00,3.4,88,1.5,9.0,978.3
2017-02-15 09:00:00,5.3,82,1.8,117.0,979.2
2017-02-15 10:00:00,8.1,72,1.8,284.0,979.3
2017-02-15 11:00:00,10.4,65,2.6,427.0,978.9
2017-02-15 12:00:00,12.4,58,5.8,540.0,978.1
2017-02-15 13:00:00,14.1,53,5.4,612.0,976.4
2017-02-15 14:00:00,15.3,50,3.0,590.0,974.3
2017-02-15 15:00:00,16.1,49,2.4,534.0,972.4
2017-02-15 16:00:00,16.6,49,3.4,464.0,971.2
2017-02-15 17:00:00,16.4,52,4.9,307.0,970.0
2017-02-15 18:00:00,12.7,69,6.3,122.0,969.3
2017-02-15 19:00:00,9.8,72,8.6,7.0,970.0
2017-02-15 20:00:00,7.7,77,8.3,0.0,969.0
2017-02-15 21:00:00,6.7,84,7.3,0.0,968.8
2017-02-15 22:00:00,5.9,85,11.7,0.0,968.6
2017-02-15 23:00:00,5.4,84,12.4,0.0,968.1
2017-02-16 00:00:00,6.3,78,9.8,0.0,967.8
2017-02-16 01:00:00,4.2,85,8.9,0.0,967.9
2017-02-16 02:00:00,3.6,87,9.4,0.0,967.6
2017-02-16 03:00:00,4.4,84,9.0,0.0,967.3
2017-02-16 04:00:00,4.1,85,10.6,0.0,966.9
2017-02-16 05:00:00,4.2,85,11.9,0.0,966.9
2017-02-16 06:00:00,3.6,92,12.9,0.0,968.1
2017-02-16 07:00:00,3.5,93,17.1,0.0,969.6
2017-02-16 08:00:00,4.2,84,21.0,10.0,970.2
2017-02-16 09:00:00,7.4,67,16.2,128.0,970.8
2017-02-16 10:00:00,11.1,55,14.8,311.0,971.9
2017-02-16 11:00:00,13.7,49,17.1,498.0,971.3
2017-02-16 12:00:00,16.3,41,15.8,629.0,971.4
2017-02-16 13:00:00,18.1,33,14.0,692.0,971.1
2017-02-16 14:00:00,18.9,24,13.0,664.0,970.5
2017-02-16 15:00:00,19.4,23,9.5,623.0,970.3
2017-02-16 16:00:00,19.5,24,9.3,492.0,970.6
2017-02-16 17:00:00,18.7,38,3.8,318.0,971.1
2017-02-16 18:00:00,13.6,49,8.7,128.0,971.2
2017-02-16 19:00:00,12.5,46,8.9,8.0,972.4
2017-02-16 20:00:00,10.9,43,10.1,0.0,973.6
2017-02-16 21:00:00,13.1,29,17.8,0.0,976.2
2017-02-16 22:00:00,11.6,29,16.5,0.0,977.2
2017-02-16 23:00:00,10.4,30,14.6,0.0,978.2
2017-02-17 00:00:00,9.0,35,10.1,0.0,979.1
2017-02-17 01:00:00,7.2,46,9.0,0.0,979.5
2017-02-17 02:00:00,8.7,38,4.1,0.0,980.2
2017-02-17 03:00:00,8.0,39,6.5,0.0,980.1
2017-02-17 04:00:00,7.4,43,4.7,0.0,980.3
2017-02-17 05:00:00,5.1,58,6.6,0.0,980.2
2017-02-17 06:00:00,5.0,57,8.2,0.0,980.4
2017-02-17 07:00:00,5.2,54,6.4,0.0,981.4
2017-02-17 08:00:00,6.5,52,6.6,5.0,981.6
2017-02-17 09:00:00,9.2,46,7.7,117.0,982.7
2017-02-17 10:00:00,10.8,38,9.4,262.0,983.3
2017-02-17 11:00:00,11.4,40,14.1,389.0,983.6
2017-02-17 12:00:00,12.5,38,16.6,565.0,983.0
2017-02-17 13:00:00,13.5,36,15.0,664.0,982.3
2017-02-17 14:00:00,14.3,35,12.5,690.0,981.2
2017-02-17 15:00:00,14.7,34,10.7,622.0,980.2
2017-02-17 16:00:00,14.7,33,9.2,493.0,980.1
2017-02-17 17:00:00,14.2,35,6.6,318.0,979.9
2017-02-17 18:00:00,10.8,60,8.1,130.0,979.2
2017-02-17 19:00:00,8.7,56,8.4,9.0,979.4
2017-02-17 20:00:00,6.6,66,7.2,0.0,979.0
2017-02-17 21:00:00,5.4,72,8.4,0.0,979.4
2017-02-17 22:00:00,5.3,70,9.5,0.0,980.1
2017-02-17 23:00:00,4.6,71,10.4,0.0,980.4
2017-02-18 00:00:00,6.7,60,5.8,0.0,981.3
2017-02-18 01:00:00,3.7,77,6.6,0.0,980.9
2017-02-18 02:00:00,3.5,79,6.8,0.0,980.5
2017-02-18 03:00:00,3.1,80,5.8,0.0,980.1
2017-02-18 04:00:00,2.0,87,3.9,0.0,979.5
2017-02-18 05:00:00,3.2,83,5.0,0.0,978.8
2017-02-18 06:00:00,3.0,82,1.1,0.0,978.7
2017-02-18 07:00:00,2.8,80,4.0,0.0,978.6
2017-02-18 08:00:00,1.1,85,1.8,13.0,979.9
2017-02-18 09:00:00,3.4,75,2.5,118.0,980.3
2017-02-18 10:00:00,6.2,64,4.0,284.0,980.7
2017-02-18 11:00:00,8.9,55,6.9,482.0,980.2
2017-02-18 12:00:00,11.3,48,9.7,617.0,979.1
2017-02-18 13:00:00,13.0,44,9.6,689.0,977.9
2017-02-18 14:00:00,14.1,40,7.4,635.0,976.3
2017-02-18 15:00:00,15.0,36,7.9,576.0,974.6
2017-02-18 16:00:00,15.2,36,6.6,443.0,973.7
2017-02-18 17:00:00,14.8,40,5.1,254.0,972.9
2017-02-18 18:00:00,11.9,56,4.8,114.0,971.8
2017-02-18 19:00:00,9.8,57,7.6,8.0,971.6
2017-02-18 20:00:00,7.6,64,7.6,0.0,972.2
2017-02-18 21:00:00,8.1,62,6.1,0.0,972.0
2017-02-18 22:00:00,6.8,72,6.5,0.0,970.9
2017-02-18 23:00:00,7.5,72,5.9,0.0,970.2
2017-02-19 00:00:00,6.1,86,7.3,0.0,968.9
2017-02-19 01:00:00,4.9,94,7.2,0.0,967.6
2017-02-19 02:00:00,3.9,96,6.2,0.0,966.4
2017-02-19 03:00:00,4.3,95,4.3,0.0,965.4
2017-02-19 04:00:00,3.4,95,2.9,0.0,964.6
2017-02-19 05:00:00,3.2,96,9.3,0.0,963.6
2017-02-19 06:00:00,3.5,95,10.5,0.0,962.4
2017-02-19 07:00:00,3.7,92,5.4,0.0,962.3
2017-02-19 08:00:00,3.0,95,4.7,14.0,961.3
2017-02-19 09:00:00,6.8,80,5.4,150.0,961.1
2017-02-19 10:00:00,10.9,64,6.2,343.0,961.3
2017-02-19 11:00:00,14.0,52,7.0,517.0,960.5
2017-02-19 12:00:00,16.4,45,12.0,645.0,960.0
2017-02-19 13:00:00,17.3,43,15.6,710.0,960.1
2017-02-19 14:00:00,18.1,41,13.2,703.0,960.2
2017-02-19 15:00:00,19.5,38,4.3,630.0,959.5
2017-02-19 16:00:00,21.0,37,5.4,499.0,959.0
2017-02-19 17:00:00,20.5,42,3.7,311.0,958.8
2017-02-19 18:00:00,15.4,66,9.3,124.0,958.9
2017-02-19 19:00:00,12.7,65,8.3,10.0,959.6
2017-02-19 20:00:00,12.2,68,9.9,0.0,960.4
2017-02-19 21:00:00,12.2,65,8.9,0.0,961.2
2017-02-19 22:00:00,10.5,69,8.0,0.0,962.5
2017-02-19 23:00:00,11.0,67,10.8,0.0,964.0
2017-02-20 00:00:00,11.7,63,17.6,0.0,965.4
2017-02-20 01:00:00,11.8,59,18.7,0.0,966.7
2017-02-20 02:00:00,11.0,53,13.5,0.0,967.9
2017-02-20 03:00:00,8.1,57,7.6,0.0,968.6
2017-02-20 04:00:00,7.2,46,8.0,0.0,969.5
2017-02-20 05:00:00,7.7,37,12.0,0.0,970.0
2017-02-20 06:00:00,8.2,38,15.0,0.0,970.5
2017-02-20 07:00:00,7.6,44,16.3,0.0,971.1
2017-02-20 08:00:00,8.7,43,19.4,11.0,970.8
2017-02-20 09:00:00,9.1,36,22.7,26.0,971.4
2017-02-20 10:00:00,9.2,32,21.9,69.0,973.0
2017-02-20 11:00:00,8.9,30,21.0,81.0,973.4
2017-02-20 12:00:00,9.3,29,21.3,120.0,973.6
2017-02-20 13:00:00,10.0,29,23.0,250.0,973.3
2017-02-20 14:00:00,10.2,27,24.4,283.0,972.6
2017-02-20 15:00:00,9.8,26,22.4,167.0,972.1
2017-02-20 16:00:00,10.5,25,20.9,207.0,972.0
2017-02-20 17:00:00,10.0,30,16.8,115.0,972.0
2017-02-20 18:00:00,8.7,27,16.8,40.0,972.8
2017-02-20 19:00:00,7.9,30,12.8,2.0,974.0
2017-02-20 20:00:00,7.2,46,13.4,0.0,974.8
2017-02-20 21:00:00,6.4,46,13.2,0.0,974.9
2017-02-20 22:00:00,5.6,46,13.0,0.0,975.5
2017-02-20 23:00:00,4.9,44,14.5,0.0,975.8
2017-02-21 00:00:00,4.4,42,15.8,0.0,976.1
2017-02-21 01:00:00,3.8,44,19.9,0.0,976.1
2017-02-21 02:00:00,3.2,45,20.1,0.0,976.2
2017-02-21 03:00:00,2.4,44,20.1,0.0,976.8
2017-02-21 04:00:00,2.0,46,18.4,0.0,977.3
2017-02-21 05:00:00,1.5,52,14.6,0.0,978.1
2017-02-21 06:00:00,0.3,63,15.0,0.0,979.5
2017-02-21 07:00:00,-0.8,77,13.3,0.0,981.6
2017-02-21 08:00:00,-0.9,79,13.2,3.0,983.3
2017-02-21 09:00:00,-0.6,76,8.0,16.0,983.9
2017-02-21 10:00:00,-0.5,78,7.6,49.0,984.7
2017-02-21 11:00:00,-0.1,74,4.3,107.0,984.9
2017-02-21 12:00:00,0.3,72,2.9,165.0,984.7
2017-02-21 13:00:00,0.6,72,2.8,173.0,984.1
2017-02-21 14:00:00,1.0,70,4.3,165.0,982.7
2017-02-21 15:00:00,1.8,66,6.0,248.0,981.7
2017-02-21 16:00:00,2.3,67,8.9,219.0,980.8
2017-02-21 17:00:00,2.5,69,9.5,168.0,980.3
2017-02-21 18:00:00,2.8,68,7.3,120.0,979.8
2017-02-21 19:00:00,1.5,74,6.4,10.0,979.8
2017-02-21 20:00:00,-1.1,85,4.6,0.0,980.6
2017-02-21 21:00:00,-1.2,86,4.6,0.0,980.8
2017-02-21 22:00:00,-2.1,90,3.3,0.0,981.2
2017-02-21 23:00:00,-2.3,88,0.5,0.0,981.6
2017-02-22 00:00:00,-1.3,79,2.9,0.0,982.4
2017-02-22 01:00:00,-0.9,74,6.9,0.0,982.4
2017-02-22 02:00:00,-0.4,75,7.6,0.0,981.9
2017-02-22 03:00:00,-0.1,74,8.5,0.0,981.6
2017-02-22 04:00:00,-0.5,71,7.6,0.0,981.6
2017-02-22 05:00:00,0.3,68,7.9,0.0,981.5
2017-02-22 06:00:00,0.5,68,11.5,0.0,981.6
2017-02-22 07:00:00,0.7,67,11.0,0.0,981.9
2017-02-22 08:00:00,1.0,66,9.4,8.0,982.8
2017-02-22 09:00:00,2.7,59,8.0,56.0,984.0
2017-02-22 10:00:00,4.8,48,6.4,196.0,984.7
2017-02-22 11:00:00,6.6,39,5.8,361.0,984.3
2017-02-22 12:00:00,8.4,31,5.1,583.0,983.2
2017-02-22 13:00:00,9.6,26,6.1,727.0,982.2
2017-02-22 14:00:00,10.2,24,5.0,715.0,980.8
2017-02-22 15:00:00,10.7,23,4.1,650.0,979.7
2017-02-22 16:00:00,10.8,22,4.0,508.0,979.1
2017-02-22 17:00:00,10.3,22,3.0,293.0,979.0
2017-02-22 18:00:00,8.5,31,7.6,97.0,978.9
2017-02-22 19:00:00,7.4,34,10.6,7.0,979.6
2017-02-22 20:00:00,5.1,46,5.7,0.0,981.4
2017-02-22 21:00:00,5.2,53,5.6,0.0,982.4
2017-02-22 22:00:00,5.3,44,4.6,0.0,983.2
2017-02-22 23:00:00,4.7,45,5.9,0.0,983.8
2017-02-23 00:00:00,4.6,42,6.3,0.0,984.3
2017-02-23 01:00:00,4.1,43,8.2,0.0,984.5
2017-02-23 02:00:00,3.7,42,7.5,0.0,984.4
2017-02-23 03:00:00,2.1,52,7.7,0.0,984.2
2017-02-23 04:00:00,0.5,59,9.6,0.0,983.9
2017-02-23 05:00:00,0.8,56,6.8,0.0,984.3
2017-02-23 06:00:00,-0.2,59,7.4,0.0,984.0
2017-02-23 07:00:00,-0.5,57,5.4,0.0,984.8
2017-02-23 08:00:00,1.1,56,4.8,19.0,985.7
2017-02-23 09:00:00,4.0,48,1.8,156.0,986.9
2017-02-23 10:00:00,5.9,36,4.6,353.0,987.4
2017-02-23 11:00:00,6.9,35,4.5,510.0,987.0
2017-02-23 12:00:00,7.6,34,2.6,592.0,986.2
2017-02-23 13:00:00,8.4,33,1.9,659.0,985.3
2017-02-23 14:00:00,8.8,32,2.6,628.0,983.7
2017-02-23 15:00:00,8.8,31,1.8,515.0,982.7
2017-02-23 16:00:00,8.7,31,3.1,383.0,982.3
2017-02-23 17:00:00,8.2,32,4.7,243.0,982.3
2017-02-23 18:00:00,6.7,43,4.1,114.0,982.1
2017-02-23 19:00:00,4.3,50,8.3,10.0,982.5
2017-02-23 20:00:00,3.5,52,7.3,0.0,982.6
2017-02-23 21:00:00,3.1,55,6.4,0.0,982.6
2017-02-23 22:00:00,2.3,57,5.9,0.0,982.6
2017-02-23 23:00:00,2.2,57,4.8,0.0,983.1
2017-02-24 00:00:00,2.4,53,5.6,0.0,983.1
2017-02-24 01:00:00,2.0,54,7.0,0.0,983.5
2017-02-24 02:00:00,0.8,58,4.2,0.0,983.4
2017-02-24 03:00:00,-1.7,68,4.8,0.0,982.9
2017-02-24 04:00:00,-2.4,71,4.6,0.0,982.6
2017-02-24 05:00:00,-3.3,76,2.5,0.0,982.6
2017-02-24 06:00:00,-2.7,66,3.9,0.0,982.5
2017-02-24 07:00:00,-3.1,67,3.8,0.0,982.7
2017-02-24 08:00:00,-1.6,68,2.7,21.0,984.1
2017-02-24 09:00:00,1.6,56,3.8,171.0,984.8
2017-02-24 10:00:00,4.4,49,3.6,372.0,985.7
2017-02-24 11:00:00,6.7,42,2.9,549.0,985.8
2017-02-24 12:00:00,8.5,37,1.6,679.0,985.0
2017-02-24 13:00:00,9.7,34,2.3,747.0,983.8
2017-02-24 14:00:00,10.6,31,2.6,722.0,982.6
2017-02-24 15:00:00,11.0,29,3.3,645.0,981.5
2017-02-24 16:00:00,10.9,27,3.4,492.0,980.9
2017-02-24 17:00:00,10.6,26,2.6,325.0,980.5
2017-02-24 18:00:00,8.3,53,5.2,134.0,980.2
2017-02-24 19:00:00,5.9,44,6.5,13.0,980.4
2017-02-24 20:00:00,5.1,45,4.4,0.0,981.1
2017-02-24 21:00:00,4.4,52,5.0,0.0,981.5
2017-02-24 22:00:00,4.0,55,4.1,0.0,981.9
2017-02-24 23:00:00,4.3,53,3.9,0.0,982.5
2017-02-25 00:00:00,3.1,60,4.1,0.0,982.2
2017-02-25 01:00:00,2.2,66,4.0,0.0,981.8
2017-02-25 02:00:00,1.6,70,1.8,0.0,982.2
2017-02-25 03:00:00,-0.1,73,8.9,0.0,981.6
2017-02-25 04:00:00,0.5,68,7.7,0.0,981.8
2017-02-25 05:00:00,0.5,68,7.0,0.0,981.4
2017-02-25 06:00:00,-0.5,75,5.3,0.0,982.3
2017-02-25 07:00:00,-0.7,75,5.8,0.0,982.6
2017-02-25 08:00:00,1.2,71,1.6,15.0,983.6
2017-02-25 09:00:00,3.7,61,5.1,160.0,984.2
2017-02-25 10:00:00,6.6,50,1.1,368.0,984.4
2017-02-25 11:00:00,8.7,37,1.5,549.0,983.8
2017-02-25 12:00:00,10.1,32,2.4,635.0,982.8
2017-02-25 13:00:00,11.0,32,1.1,680.0,981.4
2017-02-25 14:00:00,11.5,29,1.1,671.0,979.9
2017-02-25 15:00:00,11.8,26,3.0,625.0,978.8
2017-02-25 16:00:00,11.9,24,3.7,523.0,978.3
2017-02-25 17:00:00,11.6,23,4.3,337.0,977.6
2017-02-25 18:00:00,10.7,32,3.4,153.0,977.3
2017-02-25 19:00:00,6.7,39,7.7,16.0,977.2
2017-02-25 20:00:00,4.0,54,8.0,0.0,977.5
2017-02-25 21:00:00,3.6,60,6.8,0.0,977.8
2017-02-25 22:00:00,5.7,48,4.3,0.0,978.6
2017-02-25 23:00:00,3.9,53,7.9,0.0,979.4
2017-02-26 00:00:00,3.1,53,6.1,0.0,979.7
2017-02-26 01:00:00,2.8,51,5.4,0.0,980.1
2017-02-26 02:00:00,1.2,57,4.3,0.0,979.9
2017-02-26 03:00:00,-0.2,60,2.1,0.0,979.8
2017-02-26 04:00:00,-0.7,60,2.6,0.0,979.8
2017-02-26 05:00:00,-0.8,59,3.7,0.0,980.1
2017-02-26 06:00:00,-0.7,56,3.6,0.0,980.4
2017-02-26 07:00:00,-1.9,60,6.6,0.0,980.8
2017-02-26 08:00:00,0.3,57,3.2,24.0,982.1
2017-02-26 09:00:00,3.6,48,4.3,179.0,983.2
2017-02-26 10:00:00,6.4,42,1.4,379.0,983.7
2017-02-26 11:00:00,8.7,37,2.6,557.0,983.7
2017-02-26 12:00:00,10.6,33,2.9,687.0,983.3
2017-02-26 13:00:00,12.2,31,3.3,753.0,981.9
2017-02-26 14:00:00,13.1,30,2.2,751.0,980.5
2017-02-26 15:00:00,13.7,28,3.0,679.0,979.5
2017-02-26 16:00:00,13.8,27,3.0,544.0,978.9
2017-02-26 17:00:00,13.5,28,0.8,363.0,978.3
2017-02-26 18:00:00,13.0,29,3.4,163.0,978.2
2017-02-26 19:00:00,10.7,36,5.6,17.0,978.6
2017-02-26 20:00:00,5.8,53,8.7,0.0,977.9
2017-02-26 21:00:00,5.6,55,7.5,0.0,978.5
2017-02-26 22:00:00,4.0,61,7.9,0.0,978.8
2017-02-26 23:00:00,4.1,56,8.0,0.0,979.4
2017-02-27 00:00:00,2.7,60,9.2,0.0,979.5
2017-02-27 01:00:00,2.0,63,10.0,0.0,979.3
2017-02-27 02:00:00,2.1,61,7.9,0.0,979.6
2017-02-27 03:00:00,2.8,56,6.9,0.0,979.7
2017-02-27 04:00:00,1.2,63,2.2,0.0,979.6
2017-02-27 05:00:00,0.4,70,5.1,0.0,979.9
2017-02-27 06:00:00,-0.7,79,8.9,0.0,980.1
2017-02-27 07:00:00,-1.0,79,9.1,0.0,980.0
2017-02-27 08:00:00,0.1,77,5.4,25.0,980.2
2017-02-27 09:00:00,4.1,63,0.8,181.0,981.2
2017-02-27 10:00:00,7.0,50,3.6,380.0,981.3
2017-02-27 11:00:00,9.4,44,4.7,557.0,980.8
2017-02-27 12:00:00,11.7,39,6.1,685.0,979.8
2017-02-27 13:00:00,13.5,35,5.9,751.0,978.5
2017-02-27 14:00:00,14.9,34,8.1,748.0,976.7
2017-02-27 15:00:00,15.6,35,8.6,671.0,975.9
2017-02-27 16:00:00,15.8,35,7.7,538.0,975.5
2017-02-27 17:00:00,15.5,36,9.2,356.0,975.1
2017-02-27 18:00:00,12.9,48,6.8,160.0,974.4
2017-02-27 19:00:00,9.0,59,10.3,17.0,974.1
2017-02-27 20:00:00,8.6,64,3.6,0.0,973.6
2017-02-27 21:00:00,9.9,57,3.4,0.0,974.4
2017-02-27 22:00:00,8.0,66,4.1,0.0,974.8
2017-02-27 23:00:00,5.5,78,6.0,0.0,974.6
2017-02-28 00:00:00,3.8,83,8.8,0.0,974.5
2017-02-28 01:00:00,3.2,80,9.2,0.0,974.5
2017-02-28 02:00:00,3.4,77,5.9,0.0,974.6
2017-02-28 03:00:00,3.3,76,11.5,0.0,974.9
2017-02-28 04:00:00,3.4,78,11.5,0.0,974.9
2017-02-28 05:00:00,3.7,77,10.5,0.0,975.0
2017-02-28 06:00:00,3.9,76,12.3,0.0,975.1
2017-02-28 07:00:00,4.3,72,11.6,0.0,975.1
2017-02-28 08:00:00,5.7,68,10.5,23.0,975.7
2017-02-28 09:00:00,8.6,60,9.5,123.0,976.3
2017-02-28 10:00:00,10.9,50,8.1,254.0,976.8
2017-02-28 11:00:00,12.5,48,6.8,390.0,976.9
2017-02-28 12:00:00,14.2,44,8.9,454.0,976.6
2017-02-28 13:00:00,15.7,39,12.1,502.0,975.9
2017-02-28 14:00:00,15.7,31,16.6,453.0,975.6
2017-02-28 15:00:00,14.0,37,20.0,222.0,976.0
2017-02-28 16:00:00,13.8,35,11.3,247.0,976.4
2017-02-28 17:00:00,14.0,33,6.2,231.0,976.6
2017-02-28 18:00:00,12.0,51,8.7,135.0,977.0
2017-02-28 19:00:00,9.5,60,14.5,17.0,976.6
2017-02-28 20:00:00,6.4,80,9.0,0.0,978.1
2017-02-28 21:00:00,5.7,78,6.8,0.0,978.0
2017-02-28 22:00:00,3.5,89,7.6,0.0,978.9
2017-02-28 23:00:00,4.0,85,5.4,0.0,979.9
2017-03-01 00:00:00,4.4,79,10.2,0.0,980.1
2017-03-01 01:00:00,3.7,72,8.4,0.0,980.3
2017-03-01 02:00:00,3.7,54,10.5,0.0,981.2
2017-03-01 03:00:00,5.5,31,14.0,0.0,982.2
2017-03-01 04:00:00,6.2,27,15.7,0.0,982.9
2017-03-01 05:00:00,6.6,26,15.9,0.0,983.7
2017-03-01 06:00:00,5.2,28,14.7,0.0,984.8
2017-03-01 07:00:00,4.5,28,13.2,0.0,985.3
2017-03-01 08:00:00,6.1,29,14.2,30.0,986.4
2017-03-01 09:00:00,8.3,29,12.9,197.0,988.3
2017-03-01 10:00:00,9.6,26,18.4,401.0,989.2
2017-03-01 11:00:00,10.5,25,16.6,581.0,989.3
2017-03-01 12:00:00,11.0,23,17.1,712.0,989.1
2017-03-01 13:00:00,11.6,21,18.3,781.0,988.1
2017-03-01 14:00:00,12.0,19,17.1,778.0,986.8
2017-03-01 15:00:00,12.4,18,15.3,704.0,985.5
2017-03-01 16:00:00,12.5,16,12.7,568.0,984.6
2017-03-01 17:00:00,12.2,15,8.9,383.0,983.7
2017-03-01 18:00:00,11.5,17,3.4,177.0,983.2
2017-03-01 19:00:00,9.3,22,4.3,21.0,982.9
2017-03-01 20:00:00,6.9,28,3.8,0.0,982.2
2017-03-01 21:00:00,9.5,19,2.1,0.0,982.6
2017-03-01 22:00:00,3.6,35,9.7,0.0,982.1
2017-03-01 23:00:00,2.7,34,11.2,0.0,982.6
2017-03-02 00:00:00,2.6,30,8.1,0.0,982.6
2017-03-02 01:00:00,1.0,37,7.6,0.0,982.5
2017-03-02 02:00:00,-0.3,41,9.8,0.0,981.8
2017-03-02 03:00:00,-0.3,41,7.9,0.0,981.5
2017-03-02 04:00:00,-0.1,41,9.5,0.0,980.8
2017-03-02 05:00:00,-0.2,40,10.4,0.0,979.9
2017-03-02 06:00:00,-0.6,40,10.1,0.0,979.9
2017-03-02 07:00:00,-1.6,44,7.1,0.0,979.4
2017-03-02 08:00:00,0.0,44,7.4,31.0,979.8
2017-03-02 09:00:00,3.0,38,3.9,203.0,980.4
2017-03-02 10:00:00,6.0,31,8.7,414.0,979.8
2017-03-02 11:00:00,8.5,27,11.1,595.0,979.1
2017-03-02 12:00:00,10.6,24,13.7,724.0,977.4
2017-03-02 13:00:00,12.4,22,14.2,781.0,975.8
2017-03-02 14:00:00,13.7,22,14.4,770.0,973.9
2017-03-02 15:00:00,14.6,23,13.3,677.0,972.2
2017-03-02 16:00:00,14.4,25,13.4,477.0,971.2
2017-03-02 17:00:00,14.1,27,12.7,368.0,970.9
2017-03-02 18:00:00,12.2,33,9.9,169.0,970.7
2017-03-02 19:00:00,8.8,40,8.6,21.0,970.5
2017-03-02 20:00:00,6.0,49,9.8,0.0,969.6
2017-03-02 21:00:00,6.9,43,5.5,0.0,970.6
2017-03-02 22:00:00,6.0,48,5.5,0.0,971.0
2017-03-02 23:00:00,4.6,60,7.2,0.0,971.2
2017-03-03 00:00:00,5.0,60,6.8,0.0,971.1
2017-03-03 01:00:00,4.8,62,7.7,0.0,970.8
2017-03-03 02:00:00,3.8,68,6.2,0.0,970.5
2017-03-03 03:00:00,3.4,69,4.3,0.0,970.0
2017-03-03 04:00:00,3.3,68,7.2,0.0,969.8
2017-03-03 05:00:00,3.4,65,11.2,0.0,970.1
2017-03-03 06:00:00,3.7,59,11.2,0.0,970.2
2017-03-03 07:00:00,3.5,58,10.1,0.0,970.2
2017-03-03 08:00:00,4.8,54,11.5,33.0,970.7
2017-03-03 09:00:00,8.1,43,12.8,198.0,972.0
2017-03-03 10:00:00,10.8,38,15.0,402.0,972.4
2017-03-03 11:00:00,13.3,28,12.7,585.0,972.0
2017-03-03 12:00:00,15.4,24,9.0,719.0,970.9
2017-03-03 13:00:00,16.8,21,6.1,787.0,969.6
2017-03-03 14:00:00,17.5,20,3.8,782.0,968.8
2017-03-03 15:00:00,17.8,19,1.0,707.0,967.9
2017-03-03 16:00:00,17.8,19,2.5,569.0,967.5
2017-03-03 17:00:00,17.3,20,3.3,384.0,967.5
2017-03-03 18:00:00,14.8,40,5.0,178.0,967.0
2017-03-03 19:00:00,9.9,43,6.9,22.0,967.0
2017-03-03 20:00:00,9.4,39,4.8,0.0,966.0
2017-03-03 21:00:00,7.5,51,7.1,0.0,966.5
2017-03-03 22:00:00,7.7,50,6.2,0.0,967.5
2017-03-03 23:00:00,6.8,49,9.2,0.0,967.9
2017-03-04 00:00:00,6.4,52,9.4,0.0,968.4
2017-03-04 01:00:00,7.5,48,6.1,0.0,968.8
2017-03-04 02:00:00,7.6,46,0.8,0.0,968.9
2017-03-04 03:00:00,6.7,50,1.3,0.0,968.7
2017-03-04 04:00:00,4.9,58,4.5,0.0,968.5
2017-03-04 05:00:00,6.8,47,4.7,0.0,969.0
2017-03-04 06:00:00,4.8,55,3.5,0.0,969.0
2017-03-04 07:00:00,3.5,64,7.1,0.0,968.9
2017-03-04 08:00:00,4.2,62,2.6,20.0,970.3
2017-03-04 09:00:00,6.8,51,4.7,184.0,971.4
2017-03-04 10:00:00,9.4,44,4.4,368.0,971.9
2017-03-04 11:00:00,11.6,39,1.1,555.0,971.2
2017-03-04 12:00:00,13.5,34,3.5,650.0,971.0
2017-03-04 13:00:00,14.5,31,5.5,586.0,970.5
2017-03-04 14:00:00,15.1,29,4.6,515.0,969.5
2017-03-04 15:00:00,16.2,28,3.6,587.0,968.7
2017-03-04 16:00:00,16.5,28,3.6,484.0,968.7
2017-03-04 17:00:00,16.1,28,2.9,240.0,968.8
2017-03-04 18:00:00,15.6,28,1.6,99.0,969.3
2017-03-04 19:00:00,12.1,46,7.4,9.0,969.4
2017-03-04 20:00:00,10.9,46,7.1,0.0,970.2
2017-03-04 21:00:00,10.3,52,6.2,0.0,970.8
2017-03-04 22:00:00,9.4,53,4.5,0.0,971.4
2017-03-04 23:00:00,7.1,62,5.5,0.0,971.4
2017-03-05 00:00:00,7.5,62,4.7,0.0,971.7
2017-03-05 01:00:00,6.2,69,4.3,0.0,971.4
2017-03-05 02:00:00,5.9,70,7.9,0.0,971.6
2017-03-05 03:00:00,5.8,68,6.9,0.0,971.4
2017-03-05 04:00:00,5.6,68,5.8,0.0,971.5
2017-03-05 05:00:00,6.5,65,4.8,0.0,972.4
2017-03-05 06:00:00,4.9,72,8.0,0.0,972.9
2017-03-05 07:00:00,6.4,64,7.6,0.0,973.5
2017-03-05 08:00:00,6.8,64,4.7,24.0,974.2
2017-03-05 09:00:00,8.9,56,3.3,105.0,976.2
2017-03-05 10:00:00,10.5,42,1.6,254.0,977.0
2017-03-05 11:00:00,11.5,41,4.6,327.0,977.5
2017-03-05 12:00:00,13.1,35,11.0,369.0,977.8
2017-03-05 13:00:00,14.0,26,13.0,421.0,977.5
2017-03-05 14:00:00,14.6,23,9.7,478.0,976.9
2017-03-05 15:00:00,15.3,23,7.6,469.0,976.3
2017-03-05 16:00:00,15.7,22,7.5,425.0,976.2
2017-03-05 17:00:00,15.5,20,9.3,266.0,975.9
2017-03-05 18:00:00,13.1,37,6.8,127.0,975.8
2017-03-05 19:00:00,13.8,22,6.8,15.0,976.9
2017-03-05 20:00:00,10.3,43,6.2,0.0,976.8
2017-03-05 21:00:00,8.9,47,7.7,0.0,977.5
2017-03-05 22:00:00,10.0,34,12.7,0.0,977.8
2017-03-05 23:00:00,8.9,23,17.2,0.0,978.7
2017-03-06 00:00:00,8.2,30,17.3,0.0,979.3
2017-03-06 01:00:00,7.6,28,16.0,0.0,979.6
2017-03-06 02:00:00,5.9,31,8.3,0.0,979.9
2017-03-06 03:00:00,4.2,38,7.7,0.0,979.9
2017-03-06 04:00:00,3.0,39,7.4,0.0,979.9
2017-03-06 05:00:00,2.0,40,10.2,0.0,979.7
2017-03-06 06:00:00,2.0,38,7.7,0.0,979.7
2017-03-06 07:00:00,1.1,41,9.0,0.0,979.5
2017-03-06 08:00:00,3.3,41,6.9,39.0,980.6
2017-03-06 09:00:00,6.5,32,5.4,190.0,982.2
2017-03-06 10:00:00,8.6,24,6.1,371.0,981.8
2017-03-06 11:00:00,10.1,22,5.7,480.0,980.9
2017-03-06 12:00:00,10.6,21,6.0,451.0,979.9
2017-03-06 13:00:00,11.7,20,4.0,578.0,978.8
2017-03-06 14:00:00,12.4,18,4.0,583.0,977.3
2017-03-06 15:00:00,12.8,18,4.0,540.0,976.0
2017-03-06 16:00:00,12.9,18,3.1,448.0,975.1
2017-03-06 17:00:00,12.8,18,2.0,300.0,974.8
2017-03-06 18:00:00,12.5,18,0.5,154.0,974.7
2017-03-06 19:00:00,10.3,25,6.5,23.0,974.7
2017-03-06 20:00:00,6.8,39,7.9,0.0,974.5
2017-03-06 21:00:00,5.3,44,7.4,0.0,975.3
2017-03-06 22:00:00,4.9,40,4.7,0.0,975.4
2017-03-06 23:00:00,4.1,44,4.1,0.0,975.5
2017-03-07 00:00:00,3.1,51,7.0,0.0,975.8
2017-03-07 01:00:00,5.7,39,1.4,0.0,976.7
2017-03-07 02:00:00,5.5,38,4.9,0.0,977.0
2017-03-07 03:00:00,4.7,40,4.6,0.0,977.3
2017-03-07 04:00:00,4.2,41,3.1,0.0,977.4
2017-03-07 05:00:00,1.1,52,4.2,0.0,977.3
2017-03-07 06:00:00,2.5,45,1.3,0.0,978.2
2017-03-07 07:00:00,2.4,45,1.9,0.0,978.6
2017-03-07 08:00:00,2.7,56,1.3,39.0,979.7
2017-03-07 09:00:00,5.7,43,0.8,191.0,980.6
2017-03-07 10:00:00,8.4,35,1.6,393.0,980.9
2017-03-07 11:00:00,10.7,28,4.4,577.0,980.2
2017-03-07 12:00:00,12.3,25,3.2,712.0,979.9
2017-03-07 13:00:00,13.4,23,3.4,797.0,979.1
2017-03-07 14:00:00,14.1,21,5.5,789.0,977.5
2017-03-07 15:00:00,14.4,19,7.0,686.0,976.6
2017-03-07 16:00:00,14.2,18,4.7,486.0,975.9
2017-03-07 17:00:00,14.0,19,4.2,274.0,975.5
2017-03-07 18:00:00,12.2,31,4.7,124.0,975.3
2017-03-07 19:00:00,8.8,41,8.5,20.0,975.9
2017-03-07 20:00:00,10.5,29,4.0,0.0,976.5
2017-03-07 21:00:00,8.9,35,4.5,0.0,976.5
2017-03-07 22:00:00,7.2,45,5.1,0.0,976.9
2017-03-07 23:00:00,7.1,38,11.0,0.0,977.6
2017-03-08 00:00:00,6.7,39,11.2,0.0,977.7
2017-03-08 01:00:00,5.3,43,12.1,0.0,977.7
2017-03-08 02:00:00,4.8,41,11.0,0.0,977.5
2017-03-08 03:00:00,3.9,43,10.0,0.0,977.7
2017-03-08 04:00:00,3.1,43,9.1,0.0,977.4
2017-03-08 05:00:00,3.6,41,6.6,0.0,977.9
2017-03-08 06:00:00,2.3,47,2.5,0.0,978.1
2017-03-08 07:00:00,2.1,48,2.6,0.0,978.4
2017-03-08 08:00:00,2.5,53,3.5,46.0,978.7
2017-03-08 09:00:00,5.7,45,2.5,225.0,979.8
2017-03-08 10:00:00,8.5,37,3.3,431.0,979.9
2017-03-08 11:00:00,10.5,32,6.9,609.0,979.5
2017-03-08 12:00:00,12.3,27,9.2,734.0,978.7
2017-03-08 13:00:00,13.6,24,10.9,797.0,977.4
2017-03-08 14:00:00,14.4,22,11.0,788.0,975.6
2017-03-08 15:00:00,14.7,22,11.5,709.0,974.3
2017-03-08 16:00:00,14.5,22,10.7,518.0,973.7
2017-03-08 17:00:00,14.2,22,8.9,364.0,973.2
2017-03-08 18:00:00,12.3,35,4.5,175.0,972.9
2017-03-08 19:00:00,8.6,39,8.8,25.0,972.6
2017-03-08 20:00:00,10.3,31,8.4,0.0,972.9
2017-03-08 21:00:00,8.0,38,7.2,0.0,972.4
2017-03-08 22:00:00,6.0,48,7.4,0.0,972.3
2017-03-08 23:00:00,5.5,46,7.9,0.0,972.2
2017-03-09 00:00:00,6.3,40,10.7,0.0,972.6
2017-03-09 01:00:00,6.0,40,12.8,0.0,972.4
2017-03-09 02:00:00,4.9,43,10.5,0.0,972.6
2017-03-09 03:00:00,4.3,41,11.4,0.0,972.6
2017-03-09 04:00:00,3.8,39,10.7,0.0,972.1
2017-03-09 05:00:00,2.9,38,7.4,0.0,972.2
2017-03-09 06:00:00,2.1,39,6.8,0.0,972.5
2017-03-09 07:00:00,1.1,44,8.2,0.0,972.9
2017-03-09 08:00:00,3.5,40,7.3,48.0,974.2
2017-03-09 09:00:00,6.3,33,6.8,228.0,974.9
2017-03-09 10:00:00,8.5,32,6.5,430.0,975.0
2017-03-09 11:00:00,10.4,31,6.7,593.0,974.5
2017-03-09 12:00:00,12.2,32,6.1,735.0,973.7
2017-03-09 13:00:00,13.7,30,10.7,805.0,972.1
2017-03-09 14:00:00,14.8,27,12.9,790.0,970.3
2017-03-09 15:00:00,15.4,25,16.3,715.0,968.9
2017-03-09 16:00:00,15.6,25,18.2,554.0,967.8
2017-03-09 17:00:00,15.2,25,18.6,362.0,967.5
2017-03-09 18:00:00,13.8,27,13.8,160.0,967.7
2017-03-09 19:00:00,12.2,31,6.4,16.0,968.1
2017-03-09 20:00:00,9.8,40,7.1,0.0,968.7
2017-03-09 21:00:00,10.3,45,5.4,0.0,969.0
2017-03-09 22:00:00,9.5,49,5.2,0.0,969.8
2017-03-09 23:00:00,9.2,55,3.7,0.0,970.1
2017-03-10 00:00:00,8.8,58,5.4,0.0,970.3
2017-03-10 01:00:00,8.1,62,3.1,0.0,970.6
2017-03-10 02:00:00,7.9,60,3.1,0.0,970.5
2017-03-10 03:00:00,7.2,62,2.3,0.0,970.2
2017-03-10 04:00:00,7.8,56,1.8,0.0,969.9
2017-03-10 05:00:00,5.4,65,3.7,0.0,969.2
2017-03-10 06:00:00,6.0,60,3.4,0.0,969.7
2017-03-10 07:00:00,6.9,55,2.1,0.0,970.6
2017-03-10 08:00:00,7.3,58,4.7,19.0,971.0
2017-03-10 09:00:00,8.4,42,5.1,55.0,972.0
2017-03-10 10:00:00,9.3,35,4.0,86.0,972.7
2017-03-10 11:00:00,10.5,30,5.0,189.0,972.6
2017-03-10 12:00:00,11.6,27,7.1,307.0,972.6
2017-03-10 13:00:00,12.2,29,10.1,374.0,971.7
2017-03-10 14:00:00,13.9,33,10.0,619.0,970.5
2017-03-10 15:00:00,14.8,34,9.0,622.0,969.6
2017-03-10 16:00:00,15.7,33,7.2,585.0,969.5
2017-03-10 17:00:00,15.3,34,5.4,302.0,969.4
2017-03-10 18:00:00,14.4,49,2.3,130.0,969.5
2017-03-10 19:00:00,11.6,45,5.7,18.0,970.1
2017-03-10 20:00:00,9.4,46,5.5,0.0,971.5
2017-03-10 21:00:00,9.3,46,5.3,0.0,972.0
2017-03-10 22:00:00,8.0,52,8.1,0.0,972.5
2017-03-10 23:00:00,7.8,55,6.2,0.0,972.8
2017-03-11 00:00:00,7.7,57,6.2,0.0,972.9
2017-03-11 01:00:00,7.4,59,6.2,0.0,973.1
2017-03-11 02:00:00,7.3,59,6.2,0.0,972.7
2017-03-11 03:00:00,6.7,63,6.5,0.0,972.8
2017-03-11 04:00:00,6.4,62,9.5,0.0,972.7
2017-03-11 05:00:00,6.6,55,10.9,0.0,973.0
2017-03-11 06:00:00,6.3,55,9.4,0.0,973.4
2017-03-11 07:00:00,5.5,60,9.7,0.0,973.5
2017-03-11 08:00:00,7.7,55,11.9,39.0,975.0
2017-03-11 09:00:00,9.9,49,9.5,162.0,975.7
2017-03-11 10:00:00,12.1,46,8.2,336.0,976.2
2017-03-11 11:00:00,13.9,41,7.9,541.0,976.2
2017-03-11 12:00:00,14.2,41,4.2,417.0,975.7
2017-03-11 13:00:00,15.2,40,3.1,572.0,974.3
2017-03-11 14:00:00,16.0,39,3.6,638.0,973.5
2017-03-11 15:00:00,15.4,40,3.8,323.0,972.4
2017-03-11 16:00:00,15.3,41,7.0,234.0,972.2
2017-03-11 17:00:00,15.0,42,6.6,157.0,972.6
2017-03-11 18:00:00,14.0,48,3.6,46.0,972.6
2017-03-11 19:00:00,12.3,57,5.4,7.0,973.1
2017-03-11 20:00:00,10.2,66,5.1,0.0,975.0
2017-03-11 21:00:00,9.6,71,3.8,0.0,976.1
2017-03-11 22:00:00,9.4,75,4.6,0.0,976.4
2017-03-11 23:00:00,9.1,78,5.1,0.0,976.3
2017-03-12 00:00:00,8.8,80,5.4,0.0,976.2
2017-03-12 01:00:00,8.4,88,5.4,0.0,975.7
2017-03-12 02:00:00,8.3,90,4.0,0.0,975.4
2017-03-12 03:00:00,8.4,90,3.6,0.0,974.6
2017-03-12 04:00:00,8.3,92,3.3,0.0,974.1
2017-03-12 05:00:00,8.3,94,3.3,0.0,974.0
2017-03-12 06:00:00,8.4,93,2.9,0.0,974.2
2017-03-12 07:00:00,8.7,85,0.5,0.0,974.3
2017-03-12 08:00:00,8.3,89,2.9,9.0,975.4
2017-03-12 09:00:00,8.5,92,4.2,40.0,976.3
2017-03-12 10:00:00,8.6,88,2.5,52.0,976.6
2017-03-12 11:00:00,8.7,86,9.2,60.0,976.8
2017-03-12 12:00:00,8.5,87,10.1,83.0,976.6
2017-03-12 13:00:00,8.7,86,11.0,136.0,976.1
2017-03-12 14:00:00,8.7,86,10.8,113.0,975.3
2017-03-12 15:00:00,8.8,89,11.5,85.0,974.5
2017-03-12 16:00:00,8.5,91,14.3,75.0,974.5
2017-03-12 17:00:00,8.3,92,11.8,52.0,974.4
2017-03-12 18:00:00,8.1,92,11.2,22.0,974.6
2017-03-12 19:00:00,7.8,93,11.0,4.0,975.4
2017-03-12 20:00:00,6.9,88,16.4,0.0,976.1
2017-03-12 21:00:00,5.6,88,17.3,0.0,976.9
2017-03-12 22:00:00,5.0,88,16.8,0.0,977.2
2017-03-12 23:00:00,4.6,88,17.6,0.0,977.0
2017-03-13 00:00:00,4.3,89,16.1,0.0,977.5
2017-03-13 01:00:00,3.8,90,16.6,0.0,978.6
2017-03-13 02:00:00,2.7,95,13.8,0.0,979.0
2017-03-13 03:00:00,1.9,99,12.4,0.0,979.1
2017-03-13 04:00:00,1.6,100,12.9,0.0,978.7
2017-03-13 05:00:00,1.6,100,14.1,0.0,979.1
2017-03-13 06:00:00,1.5,99,13.5,0.0,979.5
2017-03-13 07:00:00,1.5,99,11.3,0.0,980.0
2017-03-13 08:00:00,1.5,97,11.9,11.0,981.1
2017-03-13 09:00:00,2.1,95,12.0,48.0,981.9
2017-03-13 10:00:00,2.4,94,12.1,88.0,982.5
2017-03-13 11:00:00,3.4,91,11.8,212.0,982.5
2017-03-13 12:00:00,4.1,84,11.5,226.0,982.5
2017-03-13 13:00:00,4.3,84,11.2,243.0,982.0
2017-03-13 14:00:00,4.7,83,10.9,270.0,981.1
2017-03-13 15:00:00,5.4,80,9.7,284.0,980.8
2017-03-13 16:00:00,5.8,75,11.0,211.0,980.7
2017-03-13 17:00:00,5.8,74,11.2,213.0,980.7
2017-03-13 18:00:00,5.2,74,11.0,122.0,981.2
2017-03-13 19:00:00,4.4,74,6.9,21.0,981.6
2017-03-13 20:00:00,3.5,84,2.5,0.0,982.5
2017-03-13 21:00:00,3.6,87,3.9,0.0,983.1
2017-03-13 22:00:00,2.3,95,4.3,0.0,983.4
2017-03-13 23:00:00,1.7,96,4.6,0.0,983.5
2017-03-14 00:00:00,1.3,96,5.8,0.0,983.5
2017-03-14 01:00:00,1.3,96,6.9,0.0,983.3
2017-03-14 02:00:00,1.4,96,6.1,0.0,982.8
2017-03-14 03:00:00,0.8,96,6.1,0.0,982.4
2017-03-14 04:00:00,0.8,96,6.1,0.0,981.9
2017-03-14 05:00:00,0.1,97,4.7,0.0,981.4
2017-03-14 06:00:00,-0.6,99,4.0,0.0,981.6
2017-03-14 07:00:00,-0.5,99,1.6,0.0,981.8
2017-03-14 08:00:00,0.7,98,1.3,49.0,982.7
2017-03-14 09:00:00,2.3,95,1.3,163.0,983.1
2017-03-14 10:00:00,3.8,87,2.5,281.0,983.0
2017-03-14 11:00:00,5.6,75,5.7,406.0,982.7
2017-03-14 12:00:00,6.9,61,12.6,493.0,981.5
2017-03-14 13:00:00,8.6,54,13.0,607.0,980.4
2017-03-14 14:00:00,9.8,50,14.6,654.0,978.9
2017-03-14 15:00:00,10.5,47,15.1,568.0,977.9
2017-03-14 16:00:00,10.9,46,14.3,467.0,976.9
2017-03-14 17:00:00,10.8,45,13.7,333.0,975.9
2017-03-14 18:00:00,10.1,49,11.1,193.0,975.5
2017-03-14 19:00:00,7.5,58,6.9,31.0,975.4
2017-03-14 20:00:00,5.9,64,7.4,0.0,976.6
2017-03-14 21:00:00,6.4,70,7.2,0.0,976.8
2017-03-14 22:00:00,6.3,63,7.6,0.0,976.9
2017-03-14 23:00:00,7.0,56,6.4,0.0,976.8
2017-03-15 00:00:00,6.4,60,8.7,0.0,976.5
2017-03-15 01:00:00,6.2,61,7.4,0.0,976.8
2017-03-15 02:00:00,6.1,62,6.2,0.0,977.0
2017-03-15 03:00:00,6.8,56,3.1,0.0,976.9
2017-03-15 04:00:00,5.6,75,4.8,0.0,976.4
2017-03-15 05:00:00,4.1,83,5.2,0.0,976.5
2017-03-15 06:00:00,4.1,87,6.6,0.0,976.4
2017-03-15 07:00:00,3.5,89,8.4,0.0,976.5
2017-03-15 08:00:00,4.3,86,6.6,28.0,976.5
2017-03-15 09:00:00,5.2,81,4.6,63.0,977.7
2017-03-15 10:00:00,5.5,80,4.1,84.0,978.1
2017-03-15 11:00:00,6.3,75,0.8,165.0,978.1
2017-03-15 12:00:00,6.8,72,5.9,190.0,977.8
2017-03-15 13:00:00,7.6,69,10.0,329.0,977.1
2017-03-15 14:00:00,8.1,66,12.8,341.0,976.1
2017-03-15 15:00:00,8.4,64,14.8,359.0,975.5
2017-03-15 16:00:00,7.6,66,12.7,130.0,975.3
2017-03-15 17:00:00,7.4,68,8.9,62.0,975.4
2017-03-15 18:00:00,7.3,70,7.5,70.0,975.5
2017-03-15 19:00:00,6.4,77,6.2,10.0,975.6
2017-03-15 20:00:00,5.3,82,5.6,0.0,977.5
2017-03-15 21:00:00,5.2,83,6.9,0.0,977.8
2017-03-15 22:00:00,3.4,93,6.1,0.0,977.9
2017-03-15 23:00:00,4.6,86,5.6,0.0,978.5
2017-03-16 00:00:00,3.9,90,4.2,0.0,977.8
2017-03-16 01:00:00,3.8,92,6.3,0.0,977.5
2017-03-16 02:00:00,3.4,94,5.9,0.0,977.0
2017-03-16 03:00:00,3.3,93,5.8,0.0,976.9
2017-03-16 04:00:00,3.2,92,5.8,0.0,976.2
2017-03-16 05:00:00,2.4,94,6.0,0.0,976.1
2017-03-16 06:00:00,2.8,92,2.9,0.0,975.9
2017-03-16 07:00:00,2.5,94,2.1,0.0,975.6
2017-03-16 08:00:00,3.4,92,1.1,58.0,977.1
2017-03-16 09:00:00,5.4,83,5.2,177.0,977.1
2017-03-16 10:00:00,7.4,70,6.8,401.0,976.5
2017-03-16 11:00:00,8.6,66,7.8,558.0,976.3
2017-03-16 12:00:00,10.2,59,8.9,666.0,975.0
2017-03-16 13:00:00,11.7,54,8.2,806.0,974.0
2017-03-16 14:00:00,12.7,50,9.7,760.0,972.5
2017-03-16 15:00:00,13.0,49,14.7,660.0,971.0
2017-03-16 16:00:00,12.7,50,16.3,597.0,970.3
2017-03-16 17:00:00,12.7,50,15.2,413.0,970.3
2017-03-16 18:00:00,11.6,55,12.5,200.0,970.3
2017-03-16 19:00:00,8.9,64,8.3,38.0,970.4
2017-03-16 20:00:00,8.5,64,8.2,0.0,972.9
2017-03-16 21:00:00,8.5,65,5.0,0.0,973.4
2017-03-16 22:00:00,7.9,72,4.5,0.0,974.1
2017-03-16 23:00:00,6.9,77,5.4,0.0,974.7
2017-03-17 00:00:00,7.7,69,0.0,0.0,975.1
2017-03-17 01:00:00,6.6,83,3.6,0.0,974.9
2017-03-17 02:00:00,6.4,81,4.4,0.0,975.0
2017-03-17 03:00:00,5.5,87,7.2,0.0,975.2
2017-03-17 04:00:00,5.1,88,6.6,0.0,974.5
2017-03-17 05:00:00,5.2,87,7.3,0.0,974.4
2017-03-17 06:00:00,4.3,91,11.2,0.0,974.8
2017-03-17 07:00:00,4.2,91,7.6,0.0,975.0
2017-03-17 08:00:00,6.1,83,5.6,50.0,975.7
2017-03-17 09:00:00,7.6,76,7.2,121.0,976.6
2017-03-17 10:00:00,9.2,67,9.4,231.0,977.0
2017-03-17 11:00:00,10.1,64,9.1,294.0,976.7
2017-03-17 12:00:00,12.2,54,4.5,651.0,976.5
2017-03-17 13:00:00,13.4,52,3.2,649.0,975.3
2017-03-17 14:00:00,14.0,48,2.4,483.0,974.4
2017-03-17 15:00:00,13.9,48,3.9,308.0,973.7
2017-03-17 16:00:00,14.2,50,5.9,326.0,973.3
2017-03-17 17:00:00,13.9,52,5.4,304.0,973.5
2017-03-17 18:00:00,12.9,61,3.8,199.0,973.4
2017-03-17 19:00:00,9.6,71,7.3,39.0,973.1
2017-03-17 20:00:00,7.5,76,7.1,0.0,973.9
2017-03-17 21:00:00,7.2,75,7.3,0.0,975.2
2017-03-17 22:00:00,6.9,74,9.3,0.0,975.6
2017-03-17 23:00:00,6.0,79,6.6,0.0,975.3
2017-03-18 00:00:00,4.7,85,7.2,0.0,975.4
2017-03-18 01:00:00,4.3,85,5.4,0.0,975.2
2017-03-18 02:00:00,4.5,82,5.1,0.0,975.4
2017-03-18 03:00:00,3.5,87,5.2,0.0,975.2
2017-03-18 04:00:00,3.0,91,5.2,0.0,974.6
2017-03-18 05:00:00,2.7,91,5.9,0.0,974.6
2017-03-18 06:00:00,1.7,93,4.8,0.0,974.7
2017-03-18 07:00:00,1.9,91,2.3,0.0,975.4
2017-03-18 08:00:00,4.5,88,6.7,70.0,976.7
2017-03-18 09:00:00,7.3,78,7.8,239.0,977.6
2017-03-18 10:00:00,10.3,67,10.2,442.0,977.6
2017-03-18 11:00:00,13.0,57,15.6,626.0,977.5
2017-03-18 12:00:00,14.6,52,17.1,718.0,976.7
2017-03-18 13:00:00,14.9,49,14.3,443.0,975.6
2017-03-18 14:00:00,14.5,51,8.1,211.0,974.5
2017-03-18 15:00:00,14.8,52,6.6,219.0,973.8
2017-03-18 16:00:00,14.8,53,5.8,170.0,973.6
2017-03-18 17:00:00,14.1,67,3.1,115.0,973.4
2017-03-18 18:00:00,13.1,67,4.9,47.0,973.5
2017-03-18 19:00:00,12.2,66,1.9,11.0,973.6
2017-03-18 20:00:00,9.5,86,6.9,0.0,973.5
2017-03-18 21:00:00,8.9,89,5.1,0.0,974.0
2017-03-18 22:00:00,9.3,84,7.0,0.0,973.9
2017-03-18 23:00:00,10.8,62,8.7,0.0,974.2
2017-03-19 00:00:00,11.6,57,14.5,0.0,974.6
2017-03-19 01:00:00,11.4,57,15.2,0.0,974.5
2017-03-19 02:00:00,11.0,58,13.0,0.0,974.1
2017-03-19 03:00:00,10.4,61,9.8,0.0,973.9
2017-03-19 04:00:00,9.8,64,7.2,0.0,973.5
2017-03-19 05:00:00,9.7,65,8.2,0.0,973.6
2017-03-19 06:00:00,9.1,69,10.0,0.0,973.5
2017-03-19 07:00:00,8.4,73,10.7,0.0,973.5
2017-03-19 08:00:00,9.8,68,11.2,34.0,974.0
2017-03-19 09:00:00,10.7,66,11.5,64.0,974.4
2017-03-19 10:00:00,11.4,63,12.2,117.0,974.8
2017-03-19 11:00:00,11.7,64,13.5,133.0,975.0
2017-03-19 12:00:00,12.5,62,13.7,245.0,975.0
2017-03-19 13:00:00,12.6,62,11.9,213.0,974.4
2017-03-19 14:00:00,13.6,56,11.3,289.0,973.7
2017-03-19 15:00:00,13.6,55,11.7,243.0,973.1
2017-03-19 16:00:00,13.1,59,12.0,190.0,972.7
2017-03-19 17:00:00,12.4,66,9.4,115.0,972.9
2017-03-19 18:00:00,11.5,75,7.4,56.0,973.3
2017-03-19 19:00:00,10.3,82,8.6,13.0,973.3
2017-03-19 20:00:00,9.3,83,11.6,0.0,974.9
2017-03-19 21:00:00,8.1,87,10.7,0.0,975.2
2017-03-19 22:00:00,7.4,90,8.0,0.0,975.8
2017-03-19 23:00:00,7.4,89,8.1,0.0,976.1
2017-03-20 00:00:00,7.5,89,7.2,0.0,975.9
2017-03-20 01:00:00,7.3,90,4.9,0.0,975.8
2017-03-20 02:00:00,5.8,94,7.5,0.0,975.6
2017-03-20 03:00:00,5.7,93,7.4,0.0,975.3
2017-03-20 04:00:00,4.8,95,7.1,0.0,974.8
2017-03-20 05:00:00,5.9,91,2.6,0.0,974.5
2017-03-20 06:00:00,5.7,92,1.9,0.0,974.7
2017-03-20 07:00:00,5.5,92,2.9,1.0,975.0
2017-03-20 08:00:00,6.8,86,5.9,63.0,976.7
2017-03-20 09:00:00,8.4,79,5.4,216.0,977.6
2017-03-20 10:00:00,10.1,72,3.9,363.0,978.1
2017-03-20 11:00:00,11.8,65,1.8,508.0,978.0
2017-03-20 12:00:00,13.0,60,2.3,572.0,977.5
2017-03-20 13:00:00,14.2,55,2.8,649.0,976.6
2017-03-20 14:00:00,15.2,51,3.6,618.0,975.7
2017-03-20 15:00:00,15.7,49,6.4,521.0,975.0
2017-03-20 16:00:00,15.9,49,5.4,437.0,974.4
2017-03-20 17:00:00,15.6,50,4.7,319.0,974.1
2017-03-20 18:00:00,14.3,56,7.9,221.0,973.6
2017-03-20 19:00:00,11.2,67,9.0,43.0,973.5
2017-03-20 20:00:00,9.3,72,5.8,0.0,974.4
2017-03-20 21:00:00,8.2,78,5.8,0.0,975.1
2017-03-20 22:00:00,7.2,84,6.0,0.0,975.8
2017-03-20 23:00:00,6.2,84,10.4,0.0,975.9
2017-03-21 00:00:00,5.4,87,10.5,0.0,976.1
2017-03-21 01:00:00,5.5,84,7.9,0.0,976.0
2017-03-21 02:00:00,7.0,76,5.4,0.0,976.7
2017-03-21 03:00:00,4.2,90,8.5,0.0,976.2
2017-03-21 04:00:00,3.3,93,9.2,0.0,975.5
2017-03-21 05:00:00,3.8,89,6.6,0.0,975.5
2017-03-21 06:00:00,3.8,88,5.2,0.0,975.6
2017-03-21 07:00:00,3.6,89,6.7,1.0,976.0
2017-03-21 08:00:00,6.7,79,8.7,77.0,977.1
2017-03-21 09:00:00,8.9,72,8.6,179.0,977.3
2017-03-21 10:00:00,11.5,64,6.4,329.0,976.7
2017-03-21 11:00:00,13.7,55,8.2,462.0,976.0
2017-03-21 12:00:00,15.7,43,14.4,551.0,974.7
2017-03-21 13:00:00,16.4,42,17.8,605.0,973.4
2017-03-21 14:00:00,15.7,44,19.7,377.0,972.5
2017-03-21 15:00:00,14.9,46,19.1,236.0,971.7
2017-03-21 16:00:00,15.2,44,18.7,299.0,970.8
2017-03-21 17:00:00,14.5,45,17.0,141.0,970.4
2017-03-21 18:00:00,13.5,47,18.5,49.0,970.3
2017-03-21 19:00:00,12.6,50,20.7,15.0,970.2
2017-03-21 20:00:00,11.2,57,21.3,0.0,971.0
2017-03-21 21:00:00,11.0,56,23.2,0.0,971.1
2017-03-21 22:00:00,10.8,55,24.9,0.0,971.3
2017-03-21 23:00:00,10.8,53,26.2,0.0,971.1
2017-03-22 00:00:00,10.6,53,23.0,0.0,971.0
2017-03-22 01:00:00,10.0,55,19.8,0.0,970.5
2017-03-22 02:00:00,9.7,56,11.9,0.0,970.2
2017-03-22 03:00:00,9.1,59,6.3,0.0,969.7
2017-03-22 04:00:00,8.7,62,8.0,0.0,969.1
2017-03-22 05:00:00,8.1,66,10.2,0.0,968.8
2017-03-22 06:00:00,8.1,67,10.7,0.0,968.9
2017-03-22 07:00:00,7.8,69,10.0,1.0,969.3
2017-03-22 08:00:00,8.4,70,8.9,59.0,970.2
2017-03-22 09:00:00,9.9,62,7.9,176.0,970.3
2017-03-22 10:00:00,11.2,57,7.3,264.0,969.9
2017-03-22 11:00:00,13.2,50,5.9,537.0,969.4
2017-03-22 12:00:00,14.4,49,7.3,662.0,968.8
2017-03-22 13:00:00,16.0,45,4.2,777.0,967.9
2017-03-22 14:00:00,17.2,42,10.3,679.0,966.6
2017-03-22 15:00:00,16.1,48,21.0,699.0,966.2
2017-03-22 16:00:00,16.2,47,18.4,500.0,965.5
2017-03-22 17:00:00,15.6,48,19.8,396.0,965.3
2017-03-22 18:00:00,14.9,50,17.3,216.0,965.1
2017-03-22 19:00:00,13.1,54,16.3,45.0,965.2
2017-03-22 20:00:00,11.4,57,19.6,0.0,968.1
2017-03-22 21:00:00,9.7,64,16.1,0.0,968.8
2017-03-22 22:00:00,8.5,69,13.2,0.0,969.4
2017-03-22 23:00:00,7.9,72,12.0,0.0,969.8
2017-03-23 00:00:00,7.6,73,12.0,0.0,969.9
2017-03-23 01:00:00,7.5,73,11.0,0.0,970.1
2017-03-23 02:00:00,7.4,74,11.8,0.0,969.6
2017-03-23 03:00:00,6.9,76,14.8,0.0,969.4
2017-03-23 04:00:00,7.1,75,17.5,0.0,969.1
2017-03-23 05:00:00,6.3,79,19.3,0.0,969.5
2017-03-23 06:00:00,5.5,84,17.6,0.0,970.1
2017-03-23 07:00:00,5.7,84,15.6,1.0,970.9
2017-03-23 08:00:00,6.9,83,14.0,73.0,971.9
2017-03-23 09:00:00,8.3,78,11.8,112.0,972.5
2017-03-23 10:00:00,9.6,72,15.7,315.0,972.9
2017-03-23 11:00:00,11.0,66,13.8,344.0,973.0
2017-03-23 12:00:00,12.0,62,13.7,367.0,974.0
2017-03-23 13:00:00,11.7,62,12.6,270.0,973.3
2017-03-23 14:00:00,12.7,59,6.6,347.0,972.7
2017-03-23 15:00:00,12.7,59,2.3,254.0,972.4
2017-03-23 16:00:00,12.4,60,8.4,128.0,973.2
2017-03-23 17:00:00,11.7,68,9.7,91.0,974.4
2017-03-23 18:00:00,10.9,77,11.1,32.0,974.8
2017-03-23 19:00:00,9.9,80,18.8,7.0,976.1
2017-03-23 20:00:00,8.3,89,10.5,0.0,978.9
2017-03-23 21:00:00,8.5,86,11.5,0.0,979.6
2017-03-23 22:00:00,8.5,81,9.8,0.0,980.3
2017-03-23 23:00:00,7.3,74,5.8,0.0,980.0
2017-03-24 00:00:00,6.4,68,6.9,0.0,979.9
2017-03-24 01:00:00,4.5,74,7.0,0.0,979.7
2017-03-24 02:00:00,4.8,77,8.1,0.0,979.6
2017-03-24 03:00:00,4.0,82,8.8,0.0,979.2
2017-03-24 04:00:00,3.9,78,5.7,0.0,978.3
2017-03-24 05:00:00,3.0,84,6.6,0.0,977.9
2017-03-24 06:00:00,3.0,82,6.6,0.0,978.6
2017-03-24 07:00:00,4.3,71,2.6,2.0,979.4
2017-03-24 08:00:00,6.1,82,6.2,77.0,980.5
2017-03-24 09:00:00,8.5,63,5.5,193.0,981.9
2017-03-24 10:00:00,10.2,52,5.2,276.0,981.9
2017-03-24 11:00:00,11.5,43,6.9,342.0,981.6
2017-03-24 12:00:00,13.9,37,10.5,606.0,981.0
2017-03-24 13:00:00,15.5,31,12.8,654.0,979.8
2017-03-24 14:00:00,17.1,21,18.4,777.0,978.7
2017-03-24 15:00:00,17.1,21,18.6,719.0,977.7
2017-03-24 16:00:00,17.5,18,18.4,594.0,976.9
2017-03-24 17:00:00,16.9,20,16.7,384.0,976.9
2017-03-24 18:00:00,15.3,27,9.3,238.0,976.9
2017-03-24 19:00:00,12.1,30,10.7,52.0,977.7
2017-03-24 20:00:00,10.0,47,8.3,0.0,978.4
2017-03-24 21:00:00,11.1,28,12.4,0.0,979.7
2017-03-24 22:00:00,11.7,21,14.8,0.0,980.9
2017-03-24 23:00:00,7.1,39,13.0,0.0,981.0
2017-03-25 00:00:00,7.1,38,8.1,0.0,981.2
2017-03-25 01:00:00,6.5,37,6.6,0.0,981.9
2017-03-25 02:00:00,4.8,45,6.2,0.0,981.4
2017-03-25 03:00:00,3.9,54,7.3,0.0,981.1
2017-03-25 04:00:00,3.9,52,4.7,0.0,981.2
2017-03-25 05:00:00,3.1,52,5.8,0.0,981.3
2017-03-25 06:00:00,2.6,55,5.2,0.0,981.8
2017-03-25 07:00:00,2.7,56,4.4,3.0,982.0
2017-03-25 08:00:00,5.8,55,7.1,104.0,983.1
2017-03-25 09:00:00,9.0,40,4.7,310.0,984.3
2017-03-25 10:00:00,11.3,35,4.3,520.0,984.8
2017-03-25 11:00:00,12.8,31,3.0,699.0,984.5
2017-03-25 12:00:00,14.1,29,5.9,825.0,984.0
2017-03-25 13:00:00,15.4,26,7.6,880.0,982.8
2017-03-25 14:00:00,16.2,22,8.7,865.0,981.3
2017-03-25 15:00:00,16.5,22,6.8,777.0,980.0
2017-03-25 16:00:00,16.6,22,5.5,642.0,978.9
2017-03-25 17:00:00,16.3,24,10.4,428.0,978.5
2017-03-25 18:00:00,14.2,35,14.9,222.0,978.4
2017-03-25 19:00:00,11.5,38,8.8,51.0,978.4
2017-03-25 20:00:00,10.7,43,8.6,0.0,978.4
2017-03-25 21:00:00,8.5,52,9.0,0.0,979.3
2017-03-25 22:00:00,10.5,40,6.6,0.0,980.4
2017-03-25 23:00:00,7.3,54,13.0,0.0,980.6
2017-03-26 00:00:00,9.0,39,17.2,0.0,982.0
2017-03-26 01:00:00,7.4,41,10.9,0.0,982.6
2017-03-26 02:00:00,7.0,46,6.9,0.0,982.9
2017-03-26 03:00:00,7.6,43,11.1,0.0,983.2
2017-03-26 04:00:00,8.5,35,4.9,0.0,982.5
2017-03-26 05:00:00,3.8,56,7.9,0.0,981.7
2017-03-26 06:00:00,5.0,50,4.2,0.0,982.6
2017-03-26 07:00:00,2.3,70,4.8,3.0,982.8
2017-03-26 08:00:00,6.0,57,1.5,110.0,984.2
2017-03-26 09:00:00,8.6,49,2.2,317.0,985.0
2017-03-26 10:00:00,10.8,41,4.2,528.0,985.0
2017-03-26 11:00:00,12.5,35,3.1,706.0,984.9
2017-03-26 12:00:00,13.8,30,1.6,828.0,983.9
2017-03-26 13:00:00,14.9,26,1.8,885.0,982.4
2017-03-26 14:00:00,15.5,26,1.8,872.0,981.0
2017-03-26 15:00:00,16.0,26,6.0,789.0,979.6
2017-03-26 16:00:00,16.0,26,4.9,645.0,978.4
2017-03-26 17:00:00,15.7,28,5.1,454.0,977.6
2017-03-26 18:00:00,14.4,44,3.3,240.0,977.2
2017-03-26 19:00:00,10.1,48,9.5,55.0,976.5
2017-03-26 20:00:00,10.6,42,5.6,0.0,976.4
2017-03-26 21:00:00,8.9,46,5.1,0.0,976.5
2017-03-26 22:00:00,8.2,49,6.4,0.0,976.2
2017-03-26 23:00:00,6.4,58,9.2,0.0,976.2
2017-03-27 00:00:00,7.5,51,10.3,0.0,975.9
2017-03-27 01:00:00,5.2,63,10.6,0.0,975.5
2017-03-27 02:00:00,5.2,61,9.8,0.0,975.3
2017-03-27 03:00:00,6.2,55,5.0,0.0,975.1
2017-03-27 04:00:00,5.7,56,2.6,0.0,974.4
2017-03-27 05:00:00,5.1,58,2.3,0.0,974.4
2017-03-27 06:00:00,4.4,61,1.6,0.0,974.5
2017-03-27 07:00:00,3.1,69,2.2,4.0,974.5
2017-03-27 08:00:00,5.6,63,1.1,111.0,975.6
2017-03-27 09:00:00,8.9,51,5.8,314.0,976.3
2017-03-27 10:00:00,12.1,45,7.4,521.0,975.4
2017-03-27 11:00:00,14.9,39,10.1,697.0,974.8
2017-03-27 12:00:00,16.9,35,13.2,822.0,973.5
2017-03-27 13:00:00,18.7,33,15.1,876.0,971.8
2017-03-27 14:00:00,19.9,32,13.9,857.0,970.3
2017-03-27 15:00:00,20.6,33,13.0,771.0,968.8
2017-03-27 16:00:00,21.0,34,12.9,628.0,967.6
2017-03-27 17:00:00,20.6,36,11.9,441.0,966.8
2017-03-27 18:00:00,18.8,44,8.7,233.0,966.7
2017-03-27 19:00:00,14.0,60,9.1,54.0,966.4
2017-03-27 20:00:00,12.2,62,11.2,0.0,966.0
2017-03-27 21:00:00,12.2,62,7.7,0.0,966.5
2017-03-27 22:00:00,10.8,77,9.8,0.0,967.0
2017-03-27 23:00:00,10.8,77,8.0,0.0,967.7
2017-03-28 00:00:00,9.1,86,6.8,0.0,968.1
2017-03-28 01:00:00,9.6,83,5.1,0.0,969.0
2017-03-28 02:00:00,10.0,79,5.0,0.0,969.8
2017-03-28 03:00:00,10.2,71,12.6,0.0,970.2
2017-03-28 04:00:00,9.9,73,8.0,0.0,970.8
2017-03-28 05:00:00,10.8,71,7.2,0.0,971.5
2017-03-28 06:00:00,8.9,80,9.0,0.0,971.7
2017-03-28 07:00:00,7.6,87,7.9,4.0,972.5
2017-03-28 08:00:00,11.2,72,1.8,105.0,974.0
2017-03-28 09:00:00,13.7,63,1.0,315.0,974.9
2017-03-28 10:00:00,16.3,48,4.1,519.0,975.2
2017-03-28 11:00:00,18.3,29,9.9,695.0,975.6
2017-03-28 12:00:00,19.4,27,13.5,817.0,975.6
2017-03-28 13:00:00,20.4,22,10.7,875.0,975.0
2017-03-28 14:00:00,20.9,20,8.4,856.0,974.2
2017-03-28 15:00:00,20.9,20,6.9,685.0,973.4
2017-03-28 16:00:00,20.7,21,6.1,499.0,972.9
2017-03-28 17:00:00,20.0,25,6.9,312.0,972.8
2017-03-28 18:00:00,18.1,37,6.9,160.0,972.4
2017-03-28 19:00:00,13.8,51,9.1,44.0,972.1
2017-03-28 20:00:00,13.3,46,7.6,0.0,971.6
2017-03-28 21:00:00,13.9,41,8.1,0.0,971.9
2017-03-28 22:00:00,11.2,52,7.4,0.0,972.2
2017-03-28 23:00:00,10.6,54,7.2,0.0,972.6
2017-03-29 00:00:00,10.5,49,7.4,0.0,973.1
2017-03-29 01:00:00,10.5,45,9.4,0.0,972.6
2017-03-29 02:00:00,8.5,52,10.1,0.0,972.2
2017-03-29 03:00:00,11.6,45,7.8,0.0,972.4
2017-03-29 04:00:00,9.2,56,7.4,0.0,972.2
2017-03-29 05:00:00,9.0,56,11.4,0.0,972.6
2017-03-29 06:00:00,8.3,65,8.7,0.0,972.4
2017-03-29 07:00:00,8.0,68,12.1,5.0,973.1
2017-03-29 08:00:00,10.1,63,14.7,98.0,974.4
2017-03-29 09:00:00,12.6,57,11.2,257.0,974.9
2017-03-29 10:00:00,14.7,52,7.9,418.0,975.1
2017-03-29 11:00:00,16.7,47,6.8,630.0,975.0
2017-03-29 12:00:00,17.9,45,4.9,640.0,974.4
2017-03-29 13:00:00,19.3,42,8.1,672.0,973.2
2017-03-29 14:00:00,20.1,40,10.0,646.0,972.1
2017-03-29 15:00:00,19.4,41,12.0,297.0,971.2
2017-03-29 16:00:00,18.4,45,10.0,99.0,970.9
2017-03-29 17:00:00,16.8,66,3.3,48.0,971.0
2017-03-29 18:00:00,15.0,72,10.7,27.0,970.7
2017-03-29 19:00:00,13.6,81,6.4,13.0,971.2
2017-03-29 20:00:00,11.0,89,6.4,0.0,973.4
2017-03-29 21:00:00,10.8,89,9.7,0.0,974.5
2017-03-29 22:00:00,11.0,85,10.6,0.0,975.7
2017-03-29 23:00:00,11.1,83,12.6,0.0,976.4
2017-03-30 00:00:00,10.5,88,14.0,0.0,976.8
2017-03-30 01:00:00,10.4,90,12.2,0.0,976.8
2017-03-30 02:00:00,10.5,90,12.1,0.0,976.7
2017-03-30 03:00:00,10.9,90,11.0,0.0,976.5
2017-03-30 04:00:00,10.9,93,6.0,0.0,976.6
2017-03-30 05:00:00,10.8,94,9.4,0.0,977.4
2017-03-30 06:00:00,10.4,88,14.4,0.0,978.4
2017-03-30 07:00:00,10.1,91,11.9,1.0,979.1
2017-03-30 08:00:00,10.4,90,9.9,20.0,980.2
2017-03-30 09:00:00,11.1,91,9.2,66.0,981.2
2017-03-30 10:00:00,11.5,88,5.1,106.0,981.7
2017-03-30 11:00:00,11.5,82,3.6,127.0,982.0
2017-03-30 12:00:00,12.1,76,4.4,167.0,981.9
2017-03-30 13:00:00,12.5,72,5.7,268.0,981.2
2017-03-30 14:00:00,14.0,64,7.9,487.0,980.1
2017-03-30 15:00:00,15.8,53,7.0,732.0,979.0
2017-03-30 16:00:00,16.4,50,9.4,609.0,977.9
2017-03-30 17:00:00,16.3,47,11.6,436.0,976.9
2017-03-30 18:00:00,15.5,52,10.2,237.0,977.0
2017-03-30 19:00:00,11.6,65,7.9,59.0,976.4
2017-03-30 20:00:00,11.2,55,13.8,0.0,976.7
2017-03-30 21:00:00,11.3,54,10.8,0.0,977.5
2017-03-30 22:00:00,10.6,58,8.9,0.0,977.5
2017-03-30 23:00:00,8.3,69,7.9,0.0,977.6
2017-03-31 00:00:00,7.5,73,5.8,0.0,977.8
2017-03-31 01:00:00,7.1,73,9.0,0.0,977.4
2017-03-31 02:00:00,6.8,73,6.1,0.0,978.2
2017-03-31 03:00:00,6.3,75,6.2,0.0,978.1
2017-03-31 04:00:00,6.9,72,6.5,0.0,978.1
2017-03-31 05:00:00,6.6,75,7.0,0.0,978.4
2017-03-31 06:00:00,5.8,78,7.6,0.0,979.0
2017-03-31 07:00:00,5.4,80,5.0,7.0,979.6
2017-03-31 08:00:00,9.2,68,7.2,108.0,981.1
2017-03-31 09:00:00,12.5,52,8.4,271.0,982.6
2017-03-31 10:00:00,14.8,44,7.4,487.0,982.6
2017-03-31 11:00:00,16.6,40,3.4,693.0,982.5
2017-03-31 12:00:00,17.8,37,1.3,830.0,982.1
2017-03-31 13:00:00,18.6,33,3.6,880.0,981.1
2017-03-31 14:00:00,19.0,31,3.1,866.0,979.7
2017-03-31 15:00:00,19.3,30,2.5,793.0,978.6
2017-03-31 16:00:00,19.3,29,2.3,630.0,977.7
2017-03-31 17:00:00,19.1,30,4.3,458.0,977.1
2017-03-31 18:00:00,17.6,43,4.7,247.0,977.0
2017-03-31 19:00:00,13.0,52,9.4,62.0,976.8
2017-03-31 20:00:00,12.6,50,6.9,0.0,977.3
2017-03-31 21:00:00,12.2,47,11.0,0.0,978.2
2017-03-31 22:00:00,11.4,43,10.6,0.0,978.4
2017-03-31 23:00:00,9.5,55,10.5,0.0,978.5
2017-04-01 00:00:00,11.2,45,4.6,0.0,980.1
2017-04-01 01:00:00,8.3,58,5.9,0.0,979.4
2017-04-01 02:00:00,9.0,54,7.8,0.0,980.0
2017-04-01 03:00:00,9.5,52,1.5,0.0,980.1
2017-04-01 04:00:00,6.7,65,3.4,0.0,979.8
2017-04-01 05:00:00,4.9,72,5.9,0.0,979.7
2017-04-01 06:00:00,4.8,71,4.8,0.0,979.9
2017-04-01 07:00:00,6.3,64,1.5,8.0,980.2
2017-04-01 08:00:00,8.6,66,1.5,135.0,981.2
2017-04-01 09:00:00,11.7,53,1.5,346.0,981.6
2017-04-01 10:00:00,14.2,45,1.1,558.0,981.5
2017-04-01 11:00:00,16.3,37,0.0,735.0,981.1
2017-04-01 12:00:00,18.1,26,1.1,857.0,980.1
2017-04-01 13:00:00,19.2,22,2.7,912.0,979.2
2017-04-01 14:00:00,19.9,21,4.3,898.0,977.5
2017-04-01 15:00:00,20.2,20,8.0,816.0,976.1
2017-04-01 16:00:00,20.3,19,11.7,674.0,974.3
2017-04-01 17:00:00,19.8,22,13.0,478.0,973.6
2017-04-01 18:00:00,18.1,29,11.9,258.0,972.7
2017-04-01 19:00:00,15.0,31,11.0,65.0,972.4
2017-04-01 20:00:00,11.6,38,10.7,0.0,971.9
2017-04-01 21:00:00,11.6,36,7.5,0.0,972.7
2017-04-01 22:00:00,9.5,45,10.3,0.0,972.9
2017-04-01 23:00:00,9.0,45,9.8,0.0,973.0
2017-04-02 00:00:00,8.3,50,10.2,0.0,973.2
2017-04-02 01:00:00,8.0,52,9.9,0.0,973.1
2017-04-02 02:00:00,8.1,52,8.4,0.0,973.1
2017-04-02 03:00:00,6.9,60,8.9,0.0,972.3
2017-04-02 04:00:00,7.6,55,7.6,0.0,972.9
2017-04-02 05:00:00,6.0,60,10.0,0.0,972.4
2017-04-02 06:00:00,8.2,51,3.6,0.0,973.0
2017-04-02 07:00:00,6.5,70,2.4,9.0,973.3
2017-04-02 08:00:00,9.4,61,1.8,122.0,974.9
2017-04-02 09:00:00,12.2,48,2.9,329.0,975.6
2017-04-02 10:00:00,15.0,38,5.8,475.0,975.6
2017-04-02 11:00:00,17.4,32,7.4,590.0,975.5
2017-04-02 12:00:00,19.4,29,7.4,667.0,974.8
2017-04-02 13:00:00,20.3,30,7.7,533.0,973.7
2017-04-02 14:00:00,22.2,30,8.7,752.0,972.1
2017-04-02 15:00:00,23.1,31,7.5,627.0,971.1
2017-04-02 16:00:00,23.1,32,6.1,433.0,970.4
2017-04-02 17:00:00,21.7,37,5.8,245.0,970.0
2017-04-02 18:00:00,19.0,55,4.2,79.0,969.5
2017-04-02 19:00:00,17.3,59,7.0,26.0,969.4
2017-04-02 20:00:00,14.1,71,7.9,0.0,968.1
2017-04-02 21:00:00,14.2,71,6.8,0.0,968.6
2017-04-02 22:00:00,14.7,65,9.5,0.0,968.6
2017-04-02 23:00:00,15.8,52,7.7,0.0,969.3
2017-04-03 00:00:00,14.0,59,8.7,0.0,969.5
2017-04-03 01:00:00,14.2,58,8.3,0.0,969.5
2017-04-03 02:00:00,13.5,64,8.9,0.0,969.6
2017-04-03 03:00:00,13.2,68,9.0,0.0,970.1
2017-04-03 04:00:00,12.1,86,4.3,0.0,970.2
2017-04-03 05:00:00,12.0,90,4.8,0.0,969.8
2017-04-03 06:00:00,11.9,91,3.3,0.0,970.0
2017-04-03 07:00:00,11.9,92,7.2,3.0,970.2
2017-04-03 08:00:00,12.7,83,7.3,32.0,971.2
2017-04-03 09:00:00,14.2,79,9.2,132.0,971.4
2017-04-03 10:00:00,14.8,79,9.3,125.0,971.5
2017-04-03 11:00:00,17.2,69,9.4,354.0,971.3
2017-04-03 12:00:00,18.9,64,12.1,503.0,971.0
2017-04-03 13:00:00,18.9,62,15.8,401.0,970.1
2017-04-03 14:00:00,18.6,62,16.9,348.0,969.5
2017-04-03 15:00:00,17.2,67,17.6,184.0,968.5
2017-04-03 16:00:00,17.4,69,14.8,199.0,967.7
2017-04-03 17:00:00,17.6,71,12.2,177.0,967.5
2017-04-03 18:00:00,16.4,77,12.2,42.0,967.5
2017-04-03 19:00:00,15.6,80,9.2,11.0,967.7
2017-04-03 20:00:00,14.3,86,6.6,0.0,968.4
2017-04-03 21:00:00,13.8,91,5.0,0.0,968.8
2017-04-03 22:00:00,14.4,85,3.3,0.0,969.3
2017-04-03 23:00:00,13.4,92,5.1,0.0,969.4
2017-04-04 00:00:00,13.0,95,6.0,0.0,969.3
2017-04-04 01:00:00,12.9,96,5.5,0.0,969.0
2017-04-04 02:00:00,13.0,93,5.0,0.0,968.6
2017-04-04 03:00:00,12.5,96,2.4,0.0,967.8
2017-04-04 04:00:00,12.3,98,3.7,0.0,967.3
2017-04-04 05:00:00,12.1,98,4.2,0.0,967.0
2017-04-04 06:00:00,12.1,99,2.3,0.0,967.3
2017-04-04 07:00:00,12.0,98,1.8,5.0,967.3
2017-04-04 08:00:00,12.6,96,2.2,55.0,968.1
2017-04-04 09:00:00,14.6,83,4.7,212.0,968.8
2017-04-04 10:00:00,15.9,76,4.3,322.0,968.6
2017-04-04 11:00:00,17.5,69,2.4,459.0,968.7
2017-04-04 12:00:00,19.3,60,2.6,606.0,967.7
2017-04-04 13:00:00,20.5,53,5.9,561.0,966.7
2017-04-04 14:00:00,21.7,48,9.6,622.0,965.7
2017-04-04 15:00:00,21.8,49,14.1,577.0,965.0
2017-04-04 16:00:00,21.8,50,13.0,606.0,964.7
2017-04-04 17:00:00,21.4,49,10.3,449.0,964.4
2017-04-04 18:00:00,20.8,52,5.2,244.0,964.1
2017-04-04 19:00:00,17.2,63,7.1,66.0,963.8
2017-04-04 20:00:00,16.6,67,14.4,0.0,965.3
2017-04-04 21:00:00,15.7,71,12.4,0.0,966.1
2017-04-04 22:00:00,14.9,73,14.3,0.0,967.2
2017-04-04 23:00:00,14.2,74,14.9,0.0,967.4
2017-04-05 00:00:00,13.2,80,15.4,0.0,967.7
2017-04-05 01:00:00,12.3,86,12.8,0.0,967.5
2017-04-05 02:00:00,11.6,90,12.2,0.0,967.2
2017-04-05 03:00:00,11.3,91,10.0,0.0,967.1
2017-04-05 04:00:00,10.5,95,7.3,0.0,967.0
2017-04-05 05:00:00,9.4,97,7.2,0.0,966.9
2017-04-05 06:00:00,9.7,96,3.4,0.0,967.7
2017-04-05 07:00:00,9.7,97,1.0,11.0,968.2
2017-04-05 08:00:00,12.1,88,4.0,111.0,968.4
2017-04-05 09:00:00,13.8,80,1.3,216.0,968.7
2017-04-05 10:00:00,15.6,73,5.6,322.0,968.7
2017-04-05 11:00:00,17.8,64,6.2,552.0,968.2
2017-04-05 12:00:00,19.9,57,8.1,618.0,967.6
2017-04-05 13:00:00,21.4,51,11.7,623.0,966.5
2017-04-05 14:00:00,21.7,49,15.6,659.0,965.7
2017-04-05 15:00:00,21.5,50,16.3,511.0,965.0
2017-04-05 16:00:00,20.9,53,16.8,347.0,964.2
2017-04-05 17:00:00,20.7,53,15.3,312.0,964.1
2017-04-05 18:00:00,20.0,56,11.8,157.0,964.1
2017-04-05 19:00:00,18.3,62,8.5,51.0,964.0
2017-04-05 20:00:00,15.8,76,5.7,0.0,963.9
2017-04-05 21:00:00,16.6,72,1.1,0.0,964.6
2017-04-05 22:00:00,15.8,76,2.9,0.0,964.8
2017-04-05 23:00:00,12.2,91,8.8,0.0,964.7
2017-04-06 00:00:00,11.2,92,9.7,0.0,965.1
2017-04-06 01:00:00,10.7,91,10.8,0.0,965.1
2017-04-06 02:00:00,11.1,86,10.5,0.0,965.1
2017-04-06 03:00:00,11.2,85,7.6,0.0,964.7
2017-04-06 04:00:00,9.3,93,6.5,0.0,964.4
2017-04-06 05:00:00,10.0,93,6.1,0.0,964.0
2017-04-06 06:00:00,8.7,94,8.6,0.0,963.5
2017-04-06 07:00:00,10.1,93,5.7,13.0,965.0
2017-04-06 08:00:00,12.6,85,6.9,142.0,966.3
2017-04-06 09:00:00,15.4,73,4.4,331.0,966.2
2017-04-06 10:00:00,17.7,64,9.1,506.0,965.8
2017-04-06 11:00:00,20.0,56,15.8,722.0,965.3
2017-04-06 12:00:00,21.8,51,15.6,837.0,964.7
2017-04-06 13:00:00,23.1,47,16.3,888.0,963.6
2017-04-06 14:00:00,24.0,46,18.6,869.0,962.8
2017-04-06 15:00:00,24.4,46,19.7,786.0,961.6
2017-04-06 16:00:00,25.1,44,19.7,644.0,960.5
2017-04-06 17:00:00,25.8,40,16.2,459.0,959.8
2017-04-06 18:00:00,24.6,46,10.3,253.0,959.8
2017-04-06 19:00:00,21.4,54,10.4,70.0,959.5
2017-04-06 20:00:00,22.3,45,26.2,0.0,959.1
2017-04-06 21:00:00,21.5,47,28.0,0.0,960.4
2017-04-06 22:00:00,20.4,50,30.0,0.0,961.2
2017-04-06 23:00:00,19.1,54,25.2,0.0,962.2
2017-04-07 00:00:00,17.9,60,16.1,0.0,963.5
2017-04-07 01:00:00,16.8,66,9.8,0.0,964.1
2017-04-07 02:00:00,15.4,72,7.2,0.0,964.1
2017-04-07 03:00:00,14.8,75,6.4,0.0,964.1
2017-04-07 04:00:00,14.9,74,6.6,0.0,963.5
2017-04-07 05:00:00,14.7,75,6.6,0.0,963.0
2017-04-07 06:00:00,14.4,77,11.3,0.0,963.4
2017-04-07 07:00:00,13.9,80,10.9,12.0,964.1
2017-04-07 08:00:00,16.0,72,13.2,62.0,964.7
2017-04-07 09:00:00,16.2,70,13.4,64.0,965.3
2017-04-07 10:00:00,17.2,66,14.0,147.0,966.2
2017-04-07 11:00:00,17.1,70,13.5,175.0,966.3
2017-04-07 12:00:00,16.8,73,13.7,119.0,966.2
2017-04-07 13:00:00,17.8,70,12.7,183.0,965.5
2017-04-07 14:00:00,18.4,68,12.2,164.0,965.0
2017-04-07 15:00:00,18.5,68,12.6,155.0,964.0
2017-04-07 16:00:00,19.3,65,12.2,244.0,963.4
2017-04-07 17:00:00,19.1,65,13.5,162.0,963.2
2017-04-07 18:00:00,18.9,66,14.0,146.0,963.2
2017-04-07 19:00:00,17.9,69,12.7,51.0,963.5
2017-04-07 20:00:00,16.7,71,6.5,0.0,964.9
2017-04-07 21:00:00,16.4,76,3.4,0.0,966.0
2017-04-07 22:00:00,16.1,75,3.3,0.0,966.6
2017-04-07 23:00:00,15.6,80,4.4,0.0,966.8
2017-04-08 00:00:00,15.2,86,5.6,0.0,966.9
2017-04-08 01:00:00,14.7,93,7.0,0.0,967.4
2017-04-08 02:00:00,14.5,94,6.7,0.0,967.4
2017-04-08 03:00:00,14.3,95,11.2,0.0,967.0
2017-04-08 04:00:00,14.3,93,10.6,0.0,966.9
2017-04-08 05:00:00,14.4,93,10.0,0.0,967.0
2017-04-08 06:00:00,14.7,90,14.1,0.0,967.2
2017-04-08 07:00:00,14.6,85,15.7,2.0,968.3
2017-04-08 08:00:00,14.3,81,16.0,16.0,969.2
2017-04-08 09:00:00,14.8,75,18.1,34.0,970.1
2017-04-08 10:00:00,16.0,66,16.0,101.0,970.8
2017-04-08 11:00:00,16.4,61,15.7,110.0,970.7
2017-04-08 12:00:00,16.7,58,14.5,127.0,970.8
2017-04-08 13:00:00,17.3,54,14.0,177.0,970.5
2017-04-08 14:00:00,17.1,53,10.9,114.0,969.8
2017-04-08 15:00:00,16.6,54,12.6,94.0,968.8
2017-04-08 16:00:00,17.1,54,8.8,148.0,967.9
2017-04-08 17:00:00,16.6,61,10.5,142.0,967.3
2017-04-08 18:00:00,15.9,68,10.3,183.0,967.0
2017-04-08 19:00:00,14.0,76,5.3,54.0,967.1
2017-04-08 20:00:00,14.4,76,5.5,0.0,968.6
2017-04-08 21:00:00,14.5,69,3.5,0.0,970.1
2017-04-08 22:00:00,13.8,75,4.9,0.0,971.0
2017-04-08 23:00:00,13.5,79,4.1,0.0,971.4
2017-04-09 00:00:00,13.1,85,5.4,0.0,971.2
2017-04-09 01:00:00,12.9,88,5.4,0.0,970.8
2017-04-09 02:00:00,12.7,92,3.5,0.0,970.0
2017-04-09 03:00:00,12.6,93,7.3,0.0,969.5
2017-04-09 04:00:00,12.6,95,9.7,0.0,969.6
2017-04-09 05:00:00,12.6,96,10.5,0.0,969.9
2017-04-09 06:00:00,12.2,95,13.3,0.0,970.6
2017-04-09 07:00:00,11.7,95,13.2,1.0,971.0
2017-04-09 08:00:00,11.6,95,14.2,12.0,971.7
2017-04-09 09:00:00,11.4,96,13.7,17.0,972.3
2017-04-09 10:00:00,11.3,95,13.8,43.0,972.9
2017-04-09 11:00:00,11.1,95,14.1,53.0,972.9
2017-04-09 12:00:00,10.3,94,17.9,68.0,972.8
2017-04-09 13:00:00,9.2,94,18.5,52.0,972.8
2017-04-09 14:00:00,9.0,93,17.0,52.0,972.0
2017-04-09 15:00:00,8.8,91,15.3,44.0,971.4
2017-04-09 16:00:00,8.8,90,15.2,57.0,970.8
2017-04-09 17:00:00,8.5,89,15.3,37.0,970.9
2017-04-09 18:00:00,8.3,87,16.1,25.0,970.8
2017-04-09 19:00:00,8.2,84,15.9,11.0,971.2
2017-04-09 20:00:00,7.4,85,10.7,0.0,972.0
2017-04-09 21:00:00,7.7,83,10.0,0.0,973.1
2017-04-09 22:00:00,7.9,82,9.4,0.0,972.9
2017-04-09 23:00:00,7.9,82,7.8,0.0,973.2
2017-04-10 00:00:00,7.8,82,9.1,0.0,973.5
2017-04-10 01:00:00,7.6,84,8.0,0.0,972.9
2017-04-10 02:00:00,7.4,90,4.3,0.0,972.7
2017-04-10 03:00:00,7.5,92,4.6,0.0,972.7
2017-04-10 04:00:00,7.6,94,5.8,0.0,972.6
2017-04-10 05:00:00,7.5,95,6.5,0.0,972.5
2017-04-10 06:00:00,7.7,96,7.3,0.0,972.9
2017-04-10 07:00:00,7.7,97,9.3,1.0,973.3
2017-04-10 08:00:00,7.4,94,7.9,20.0,974.1
2017-04-10 09:00:00,7.6,92,6.7,38.0,974.3
2017-04-10 10:00:00,8.1,87,5.1,98.0,974.2
2017-04-10 11:00:00,9.0,78,4.0,162.0,974.2
2017-04-10 12:00:00,9.6,76,3.2,197.0,973.8
2017-04-10 13:00:00,9.9,75,3.2,156.0,973.0
2017-04-10 14:00:00,11.0,71,4.9,250.0,972.1
2017-04-10 15:00:00,12.0,68,6.2,241.0,971.0
2017-04-10 16:00:00,12.9,65,4.7,312.0,969.9
2017-04-10 17:00:00,13.4,62,7.1,312.0,968.9
2017-04-10 18:00:00,13.1,64,6.9,109.0,968.6
2017-04-10 19:00:00,10.1,79,8.2,73.0,968.6
2017-04-10 20:00:00,9.3,83,5.7,1.0,969.8
2017-04-10 21:00:00,7.6,89,8.5,0.0,971.2
2017-04-10 22:00:00,8.3,86,5.8,0.0,972.2
2017-04-10 23:00:00,8.5,84,2.5,0.0,972.2
2017-04-11 00:00:00,6.9,92,3.1,0.0,971.9
2017-04-11 01:00:00,6.6,94,4.0,0.0,972.1
2017-04-11 02:00:00,6.8,92,4.6,0.0,971.6
2017-04-11 03:00:00,7.1,90,11.2,0.0,971.4
2017-04-11 04:00:00,7.7,87,13.0,0.0,971.1
2017-04-11 05:00:00,8.4,85,12.6,0.0,970.9
2017-04-11 06:00:00,8.9,81,12.6,0.0,971.2
2017-04-11 07:00:00,9.9,74,12.7,14.0,971.5
2017-04-11 08:00:00,11.7,75,7.2,138.0,973.2
2017-04-11 09:00:00,13.2,70,7.7,179.0,974.1
2017-04-11 10:00:00,15.0,64,8.7,424.0,974.6
2017-04-11 11:00:00,16.0,61,6.0,421.0,974.2
2017-04-11 12:00:00,17.7,54,6.5,583.0,973.6
2017-04-11 13:00:00,19.2,48,6.4,727.0,972.9
2017-04-11 14:00:00,20.0,45,7.0,739.0,972.2
2017-04-11 15:00:00,20.5,42,8.1,652.0,971.3
2017-04-11 16:00:00,19.9,44,8.3,473.0,971.0
2017-04-11 17:00:00,19.5,46,2.2,315.0,971.0
2017-04-11 18:00:00,18.5,54,4.2,203.0,971.2
2017-04-11 19:00:00,14.9,70,8.9,54.0,971.5
2017-04-11 20:00:00,14.5,59,12.0,0.0,973.1
2017-04-11 21:00:00,14.4,58,12.1,0.0,973.9
2017-04-11 22:00:00,14.2,59,12.5,0.0,974.3
2017-04-11 23:00:00,12.6,65,12.9,0.0,974.4
2017-04-12 00:00:00,11.6,68,10.2,0.0,974.1
2017-04-12 01:00:00,10.8,71,9.8,0.0,973.8
2017-04-12 02:00:00,9.6,77,7.3,0.0,973.5
2017-04-12 03:00:00,8.8,80,7.3,0.0,973.2
2017-04-12 04:00:00,7.9,83,9.1,0.0,972.8
2017-04-12 05:00:00,7.8,82,9.7,0.0,972.9
2017-04-12 06:00:00,7.4,84,7.2,0.0,973.2
2017-04-12 07:00:00,7.8,83,9.8,21.0,973.6
2017-04-12 08:00:00,11.5,73,5.8,168.0,975.3
2017-04-12 09:00:00,14.5,63,5.0,375.0,976.1
2017-04-12 10:00:00,16.7,58,2.9,577.0,975.9
2017-04-12 11:00:00,18.7,50,2.5,744.0,975.5
2017-04-12 12:00:00,20.2,44,2.5,860.0,974.8
2017-04-12 13:00:00,21.4,40,2.2,912.0,973.7
2017-04-12 14:00:00,22.2,37,2.1,891.0,972.6
2017-04-12 15:00:00,22.6,35,4.7,808.0,971.2
2017-04-12 16:00:00,22.7,35,4.7,645.0,970.5
2017-04-12 17:00:00,21.8,40,6.2,382.0,970.3
2017-04-12 18:00:00,20.3,54,5.0,229.0,970.1
2017-04-12 19:00:00,16.4,66,9.2,73.0,969.7
2017-04-12 20:00:00,15.4,65,6.0,1.0,970.0
2017-04-12 21:00:00,14.8,68,8.7,0.0,970.3
2017-04-12 22:00:00,14.8,61,10.2,0.0,970.6
2017-04-12 23:00:00,14.9,60,7.6,0.0,971.4
2017-04-13 00:00:00,13.1,70,9.3,0.0,972.4
2017-04-13 01:00:00,13.3,69,8.7,0.0,972.1
2017-04-13 02:00:00,11.3,78,5.2,0.0,971.8
2017-04-13 03:00:00,9.9,87,4.7,0.0,971.4
2017-04-13 04:00:00,10.0,86,8.5,0.0,971.5
2017-04-13 05:00:00,9.4,88,11.5,0.0,971.5
2017-04-13 06:00:00,9.8,85,12.3,0.0,972.0
2017-04-13 07:00:00,11.0,81,14.9,12.0,972.9
2017-04-13 08:00:00,12.9,78,14.8,69.0,973.5
2017-04-13 09:00:00,16.0,65,9.2,375.0,973.5
2017-04-13 10:00:00,18.6,57,4.7,579.0,973.0
2017-04-13 11:00:00,20.8,52,5.2,747.0,972.3
2017-04-13 12:00:00,22.3,47,6.5,860.0,971.4
2017-04-13 13:00:00,23.3,44,8.8,913.0,970.2
2017-04-13 14:00:00,24.1,40,8.4,851.0,968.8
2017-04-13 15:00:00,23.7,41,5.8,795.0,967.2
2017-04-13 16:00:00,23.0,35,8.3,494.0,966.7
2017-04-13 17:00:00,22.1,42,6.2,351.0,966.2
2017-04-13 18:00:00,21.6,48,5.8,218.0,965.6
2017-04-13 19:00:00,19.0,53,11.8,67.0,965.0
2017-04-13 20:00:00,18.3,49,10.2,1.0,963.3
2017-04-13 21:00:00,18.7,47,13.5,0.0,963.7
2017-04-13 22:00:00,17.5,50,9.2,0.0,963.7
2017-04-13 23:00:00,14.3,64,10.4,0.0,963.6
2017-04-14 00:00:00,13.3,68,10.2,0.0,963.0
2017-04-14 01:00:00,13.5,67,9.2,0.0,962.3
2017-04-14 02:00:00,12.0,74,9.7,0.0,961.9
2017-04-14 03:00:00,12.4,72,7.6,0.0,961.4
2017-04-14 04:00:00,10.3,84,8.8,0.0,960.8
2017-04-14 05:00:00,11.2,80,6.2,0.0,961.0
2017-04-14 06:00:00,9.3,90,5.2,0.0,961.2
2017-04-14 07:00:00,11.1,84,9.8,25.0,962.1
2017-04-14 08:00:00,14.8,72,2.4,175.0,963.9
2017-04-14 09:00:00,17.7,61,4.0,379.0,964.6
2017-04-14 10:00:00,20.0,54,4.9,582.0,965.6
2017-04-14 11:00:00,21.9,48,2.5,743.0,966.0
2017-04-14 12:00:00,23.4,45,0.8,857.0,965.7
2017-04-14 13:00:00,24.5,42,1.5,884.0,965.0
2017-04-14 14:00:00,25.5,40,0.8,854.0,964.4
2017-04-14 15:00:00,25.9,39,2.6,741.0,963.7
2017-04-14 16:00:00,26.0,40,0.4,603.0,963.2
2017-04-14 17:00:00,25.7,43,4.3,377.0,962.9
2017-04-14 18:00:00,24.8,51,5.0,225.0,962.9
2017-04-14 19:00:00,20.3,69,9.2,74.0,962.7
2017-04-14 20:00:00,18.6,70,7.1,1.0,962.2
2017-04-14 21:00:00,17.7,75,7.3,0.0,962.9
2017-04-14 22:00:00,18.9,66,7.0,0.0,963.7
2017-04-14 23:00:00,18.2,68,7.6,0.0,964.1
2017-04-15 00:00:00,18.3,67,4.4,0.0,964.5
2017-04-15 01:00:00,15.1,80,4.7,0.0,964.4
2017-04-15 02:00:00,13.9,85,4.9,0.0,964.6
2017-04-15 03:00:00,14.2,80,3.1,0.0,965.1
2017-04-15 04:00:00,14.4,75,4.6,0.0,965.4
2017-04-15 05:00:00,12.9,80,4.3,0.0,964.5
2017-04-15 06:00:00,13.3,78,4.3,0.0,965.2
2017-04-15 07:00:00,14.2,81,3.4,21.0,966.0
2017-04-15 08:00:00,17.6,72,3.8,143.0,967.3
2017-04-15 09:00:00,18.9,67,6.9,278.0,968.1
2017-04-15 10:00:00,20.1,60,10.6,417.0,969.1
2017-04-15 11:00:00,21.1,58,11.4,561.0,968.8
2017-04-15 12:00:00,22.4,53,8.3,700.0,968.3
2017-04-15 13:00:00,23.1,49,8.0,706.0,968.0
2017-04-15 14:00:00,23.0,51,11.1,581.0,967.9
2017-04-15 15:00:00,22.8,51,10.5,513.0,967.6
2017-04-15 16:00:00,22.2,53,12.6,360.0,967.4
2017-04-15 17:00:00,20.6,49,10.5,133.0,968.0
2017-04-15 18:00:00,19.3,53,5.2,36.0,968.6
2017-04-15 19:00:00,17.8,67,5.2,18.0,969.8
2017-04-15 20:00:00,17.7,53,6.4,1.0,970.4
2017-04-15 21:00:00,17.9,45,4.5,0.0,972.2
2017-04-15 22:00:00,17.3,51,1.5,0.0,972.8
2017-04-15 23:00:00,15.4,68,4.8,0.0,972.6
2017-04-16 00:00:00,14.7,80,3.8,0.0,972.8
2017-04-16 01:00:00,14.6,80,3.6,0.0,972.6
2017-04-16 02:00:00,13.4,89,5.7,0.0,972.7
2017-04-16 03:00:00,13.6,86,9.3,0.0,972.3
2017-04-16 04:00:00,13.2,89,11.5,0.0,972.2
2017-04-16 05:00:00,12.8,89,11.2,0.0,972.5
2017-04-16 06:00:00,12.7,89,10.2,0.0,972.6
2017-04-16 07:00:00,12.8,89,12.5,10.0,973.3
2017-04-16 08:00:00,12.6,92,13.1,51.0,975.6
2017-04-16 09:00:00,12.9,91,14.3,80.0,976.5
2017-04-16 10:00:00,14.2,82,16.8,216.0,977.1
2017-04-16 11:00:00,14.1,80,16.1,170.0,976.9
2017-04-16 12:00:00,14.3,80,15.6,186.0,976.8
2017-04-16 13:00:00,14.2,81,16.4,175.0,975.7
2017-04-16 14:00:00,14.8,76,16.0,241.0,974.9
2017-04-16 15:00:00,16.3,66,16.7,346.0,973.9
2017-04-16 16:00:00,16.9,62,16.3,282.0,972.8
2017-04-16 17:00:00,18.3,56,15.8,314.0,971.4
2017-04-16 18:00:00,18.2,52,10.3,227.0,971.2
2017-04-16 19:00:00,15.1,70,9.7,77.0,970.8
2017-04-16 20:00:00,14.5,63,7.2,2.0,971.3
2017-04-16 21:00:00,13.4,64,13.1,0.0,972.3
2017-04-16 22:00:00,13.6,64,10.7,0.0,972.3
2017-04-16 23:00:00,11.5,76,7.2,0.0,972.3
2017-04-17 00:00:00,12.2,70,10.0,0.0,971.9
2017-04-17 01:00:00,13.0,65,12.3,0.0,971.7
2017-04-17 02:00:00,12.5,66,9.2,0.0,971.2
2017-04-17 03:00:00,11.4,71,7.1,0.0,970.6
2017-04-17 04:00:00,11.2,69,7.2,0.0,970.2
2017-04-17 05:00:00,10.8,67,10.5,0.0,969.6
2017-04-17 06:00:00,10.3,65,10.0,0.0,969.0
2017-04-17 07:00:00,10.8,61,9.8,31.0,969.2
2017-04-17 08:00:00,15.1,56,9.1,193.0,970.3
2017-04-17 09:00:00,18.0,48,10.7,407.0,970.4
2017-04-17 10:00:00,20.2,42,11.5,610.0,969.6
2017-04-17 11:00:00,22.3,35,12.1,777.0,969.0
2017-04-17 12:00:00,24.2,30,11.1,893.0,967.7
2017-04-17 13:00:00,25.6,27,13.9,940.0,966.0
2017-04-17 14:00:00,26.6,29,19.2,921.0,963.8
2017-04-17 15:00:00,27.7,26,16.4,833.0,962.6
2017-04-17 16:00:00,27.8,28,12.7,689.0,961.2
2017-04-17 17:00:00,27.1,33,14.8,497.0,960.2
2017-04-17 18:00:00,25.3,43,14.2,281.0,959.8
2017-04-17 19:00:00,22.3,48,12.8,84.0,959.5
2017-04-17 20:00:00,18.6,61,11.8,2.0,959.0
2017-04-17 21:00:00,22.0,46,8.6,0.0,961.1
2017-04-17 22:00:00,22.8,42,4.3,0.0,962.0
2017-04-17 23:00:00,18.5,53,11.9,0.0,962.3
2017-04-18 00:00:00,18.0,50,8.9,0.0,962.9
2017-04-18 01:00:00,16.9,46,8.9,0.0,963.5
2017-04-18 02:00:00,15.6,54,11.6,0.0,963.8
2017-04-18 03:00:00,14.9,52,11.6,0.0,963.6
2017-04-18 04:00:00,13.4,59,8.1,0.0,963.8
2017-04-18 05:00:00,12.9,64,5.3,0.0,964.3
2017-04-18 06:00:00,13.8,66,11.7,0.0,964.7
2017-04-18 07:00:00,14.8,65,10.1,30.0,965.1
2017-04-18 08:00:00,18.0,63,5.0,185.0,965.8
2017-04-18 09:00:00,21.5,51,6.0,396.0,966.2
2017-04-18 10:00:00,23.6,36,2.3,599.0,966.2
2017-04-18 11:00:00,25.0,33,1.0,763.0,965.9
2017-04-18 12:00:00,25.9,31,1.6,869.0,965.0
2017-04-18 13:00:00,26.8,29,3.8,919.0,964.3
2017-04-18 14:00:00,27.3,29,7.8,900.0,963.1
2017-04-18 15:00:00,27.3,29,10.0,815.0,961.7
2017-04-18 16:00:00,27.2,29,11.1,672.0,960.7
2017-04-18 17:00:00,26.5,31,13.4,485.0,959.9
2017-04-18 18:00:00,24.7,40,11.6,277.0,959.6
2017-04-18 19:00:00,22.5,47,12.5,89.0,959.3
2017-04-18 20:00:00,19.4,57,8.9,2.0,958.4
2017-04-18 21:00:00,19.4,53,8.0,0.0,959.1
2017-04-18 22:00:00,17.9,58,7.2,0.0,959.3
2017-04-18 23:00:00,16.3,69,9.4,0.0,959.1
2017-04-19 00:00:00,15.4,73,8.9,0.0,958.9
2017-04-19 01:00:00,14.6,82,9.1,0.0,958.7
2017-04-19 02:00:00,16.1,74,6.7,0.0,958.4
2017-04-19 03:00:00,16.2,74,4.1,0.0,958.5
2017-04-19 04:00:00,13.5,87,4.7,0.0,958.5
2017-04-19 05:00:00,13.1,89,8.9,0.0,959.2
2017-04-19 06:00:00,12.9,79,11.7,0.0,960.2
2017-04-19 07:00:00,14.4,67,14.6,27.0,961.6
2017-04-19 08:00:00,17.4,62,13.1,147.0,962.7
2017-04-19 09:00:00,20.0,51,13.0,273.0,964.0
2017-04-19 10:00:00,21.1,50,11.0,263.0,965.8
2017-04-19 11:00:00,21.1,50,4.3,178.0,967.9
2017-04-19 12:00:00,18.4,64,10.0,148.0,969.1
2017-04-19 13:00:00,17.7,56,12.4,142.0,970.6
2017-04-19 14:00:00,16.1,61,12.2,149.0,971.8
2017-04-19 15:00:00,15.6,57,14.9,148.0,971.9
2017-04-19 16:00:00,14.7,50,15.0,128.0,972.4
2017-04-19 17:00:00,14.8,50,7.1,205.0,972.0
2017-04-19 18:00:00,14.8,53,10.8,176.0,972.1
2017-04-19 19:00:00,13.8,58,13.8,48.0,972.1
2017-04-19 20:00:00,11.9,69,12.2,2.0,973.5
2017-04-19 21:00:00,11.2,70,13.8,0.0,973.9
2017-04-19 22:00:00,11.0,66,13.1,0.0,974.6
2017-04-19 23:00:00,10.9,64,11.1,0.0,973.9
2017-04-20 00:00:00,9.8,68,6.8,0.0,973.2
2017-04-20 01:00:00,8.7,74,6.2,0.0,972.9
2017-04-20 02:00:00,8.5,75,6.7,0.0,971.9
2017-04-20 03:00:00,7.9,79,10.7,0.0,971.3
2017-04-20 04:00:00,7.9,77,13.3,0.0,971.6
2017-04-20 05:00:00,8.0,73,10.7,0.0,971.1
2017-04-20 06:00:00,8.4,71,8.8,0.0,971.1
2017-04-20 07:00:00,9.3,70,9.8,30.0,971.7
2017-04-20 08:00:00,11.9,66,9.8,149.0,973.4
2017-04-20 09:00:00,14.3,54,11.4,305.0,973.8
2017-04-20 10:00:00,16.0,48,13.3,459.0,973.8
2017-04-20 11:00:00,18.2,39,13.8,709.0,973.8
2017-04-20 12:00:00,19.2,37,15.0,684.0,973.3
2017-04-20 13:00:00,20.7,35,13.3,799.0,972.4
2017-04-20 14:00:00,21.3,35,14.9,659.0,971.7
2017-04-20 15:00:00,21.3,34,17.5,536.0,970.4
2017-04-20 16:00:00,21.4,34,18.7,569.0,969.6
2017-04-20 17:00:00,22.2,34,11.9,437.0,969.7
2017-04-20 18:00:00,21.7,26,7.9,289.0,970.1
2017-04-20 19:00:00,18.0,25,8.9,83.0,970.7
2017-04-20 20:00:00,15.1,42,14.3,3.0,971.2
2017-04-20 21:00:00,18.1,16,15.7,0.0,972.7
2017-04-20 22:00:00,14.4,23,9.1,0.0,973.6
2017-04-20 23:00:00,10.1,40,13.5,0.0,973.5
2017-04-21 00:00:00,10.8,34,11.0,0.0,974.0
2017-04-21 01:00:00,12.8,22,5.7,0.0,975.2
2017-04-21 02:00:00,8.9,36,4.9,0.0,974.6
2017-04-21 03:00:00,8.3,36,5.9,0.0,974.3
2017-04-21 04:00:00,8.0,42,5.7,0.0,975.1
2017-04-21 05:00:00,11.8,26,6.1,0.0,975.9
2017-04-21 06:00:00,9.2,37,8.0,0.0,975.9
2017-04-21 07:00:00,9.1,49,1.8,39.0,976.5
2017-04-21 08:00:00,12.0,39,6.2,207.0,978.7
2017-04-21 09:00:00,14.0,35,5.8,388.0,979.1
2017-04-21 10:00:00,15.9,30,5.4,560.0,979.2
2017-04-21 11:00:00,17.1,25,6.9,671.0,979.0
2017-04-21 12:00:00,18.1,24,7.1,802.0,978.2
2017-04-21 13:00:00,18.8,24,5.1,863.0,977.1
2017-04-21 14:00:00,19.1,24,4.1,704.0,976.1
2017-04-21 15:00:00,19.3,24,6.3,593.0,974.9
2017-04-21 16:00:00,19.2,23,9.8,565.0,974.0
2017-04-21 17:00:00,18.9,24,8.8,475.0,973.2
2017-04-21 18:00:00,18.4,28,6.1,296.0,972.8
2017-04-21 19:00:00,15.4,37,8.5,102.0,972.7
2017-04-21 20:00:00,14.0,37,9.8,3.0,972.9
2017-04-21 21:00:00,13.7,37,10.8,0.0,973.6
2017-04-21 22:00:00,12.9,38,10.9,0.0,973.5
2017-04-21 23:00:00,12.4,38,10.7,0.0,973.2
2017-04-22 00:00:00,10.5,44,8.2,0.0,972.6
2017-04-22 01:00:00,9.9,43,7.4,0.0,972.2
2017-04-22 02:00:00,9.6,46,8.1,0.0,971.7
2017-04-22 03:00:00,8.5,56,9.2,0.0,971.1
2017-04-22 04:00:00,9.9,47,4.5,0.0,971.0
2017-04-22 05:00:00,8.9,51,3.3,0.0,970.8
2017-04-22 06:00:00,6.1,61,4.7,0.0,970.5
2017-04-22 07:00:00,7.7,56,2.1,42.0,970.9
2017-04-22 08:00:00,11.1,50,1.6,214.0,972.5
2017-04-22 09:00:00,14.3,43,4.0,425.0,972.4
2017-04-22 10:00:00,17.0,37,6.3,627.0,972.1
2017-04-22 11:00:00,19.3,32,7.3,793.0,971.9
2017-04-22 12:00:00,21.2,30,8.8,904.0,971.0
2017-04-22 13:00:00,22.7,28,9.1,950.0,969.7
2017-04-22 14:00:00,23.8,28,8.2,927.0,968.6
2017-04-22 15:00:00,24.4,29,5.1,836.0,967.4
2017-04-22 16:00:00,24.5,29,6.5,689.0,966.3
2017-04-22 17:00:00,24.2,30,7.6,499.0,966.0
2017-04-22 18:00:00,22.9,40,5.0,288.0,965.6
2017-04-22 19:00:00,19.7,43,7.4,92.0,965.7
2017-04-22 20:00:00,21.3,37,5.0,3.0,966.4
2017-04-22 21:00:00,15.9,57,5.9,0.0,966.6
2017-04-22 22:00:00,16.0,64,10.1,0.0,967.2
2017-04-22 23:00:00,15.2,65,9.2,0.0,966.6
2017-04-23 00:00:00,12.4,74,9.0,0.0,966.6
2017-04-23 01:00:00,12.8,69,11.0,0.0,966.7
2017-04-23 02:00:00,12.5,68,9.9,0.0,966.6
2017-04-23 03:00:00,12.0,70,9.7,0.0,966.0
2017-04-23 04:00:00,11.7,71,11.4,0.0,966.3
2017-04-23 05:00:00,12.0,69,12.4,0.0,966.5
2017-04-23 06:00:00,11.9,70,11.9,0.0,966.6
2017-04-23 07:00:00,13.2,65,11.5,42.0,967.0
2017-04-23 08:00:00,16.3,57,9.5,208.0,968.0
2017-04-23 09:00:00,18.1,52,7.1,312.0,968.5
2017-04-23 10:00:00,21.3,45,6.8,578.0,968.4
2017-04-23 11:00:00,23.5,40,5.7,688.0,968.3
2017-04-23 12:00:00,25.3,36,4.6,807.0,967.8
2017-04-23 13:00:00,26.9,31,3.4,848.0,966.4
2017-04-23 14:00:00,27.9,29,3.1,908.0,965.3
2017-04-23 15:00:00,28.7,25,1.8,829.0,964.3
2017-04-23 16:00:00,28.8,22,3.1,682.0,963.5
2017-04-23 17:00:00,28.4,23,4.8,482.0,962.9
2017-04-23 18:00:00,26.2,38,5.0,289.0,962.5
2017-04-23 19:00:00,21.3,50,10.0,97.0,961.8
2017-04-23 20:00:00,19.6,44,9.8,4.0,961.8
2017-04-23 21:00:00,20.4,37,14.4,0.0,962.7
2017-04-23 22:00:00,20.5,41,14.3,0.0,962.9
2017-04-23 23:00:00,19.1,46,13.9,0.0,963.0
2017-04-24 00:00:00,18.0,47,11.4,0.0,963.2
2017-04-24 01:00:00,17.2,48,9.6,0.0,963.0
2017-04-24 02:00:00,15.0,57,9.4,0.0,962.6
2017-04-24 03:00:00,14.9,57,5.4,0.0,962.6
2017-04-24 04:00:00,14.3,62,11.1,0.0,962.4
2017-04-24 05:00:00,14.1,63,12.3,0.0,962.9
2017-04-24 06:00:00,14.3,63,13.0,0.0,963.9
2017-04-24 07:00:00,15.9,60,14.2,42.0,965.1
2017-04-24 08:00:00,19.5,53,11.6,195.0,966.8
2017-04-24 09:00:00,21.3,50,1.6,406.0,967.8
2017-04-24 10:00:00,23.9,45,6.4,599.0,968.1
2017-04-24 11:00:00,26.1,40,7.1,734.0,967.6
2017-04-24 12:00:00,27.5,37,6.6,815.0,967.5
2017-04-24 13:00:00,28.6,35,3.8,877.0,966.4
2017-04-24 14:00:00,29.1,34,2.5,806.0,965.6
2017-04-24 15:00:00,29.1,33,7.4,642.0,964.7
2017-04-24 16:00:00,28.4,33,12.0,488.0,964.0
2017-04-24 17:00:00,27.7,37,12.5,338.0,963.7
2017-04-24 18:00:00,26.3,42,12.8,186.0,963.9
2017-04-24 19:00:00,24.1,43,10.6,59.0,964.1
2017-04-24 20:00:00,22.5,42,8.3,3.0,964.4
2017-04-24 21:00:00,20.4,42,8.8,0.0,964.9
2017-04-24 22:00:00,20.1,36,8.1,0.0,965.4
2017-04-24 23:00:00,19.2,38,6.9,0.0,965.8
2017-04-25 00:00:00,17.9,48,6.8,0.0,966.3
2017-04-25 01:00:00,18.3,58,14.6,0.0,966.9
2017-04-25 02:00:00,18.5,61,13.0,0.0,966.7
2017-04-25 03:00:00,18.2,62,10.3,0.0,966.5
2017-04-25 04:00:00,17.4,60,13.3,0.0,967.5
2017-04-25 05:00:00,16.9,64,9.7,0.0,968.3
2017-04-25 06:00:00,15.9,74,10.1,0.0,968.8
2017-04-25 07:00:00,15.1,79,12.1,16.0,970.0
2017-04-25 08:00:00,15.7,87,2.2,81.0,972.0
2017-04-25 09:00:00,15.9,86,3.1,57.0,972.7
2017-04-25 10:00:00,15.9,86,2.9,68.0,973.4
2017-04-25 11:00:00,16.0,92,12.2,100.0,973.5
2017-04-25 12:00:00,16.8,87,9.6,170.0,974.4
2017-04-25 13:00:00,18.6,74,3.8,351.0,974.2
2017-04-25 14:00:00,19.4,66,1.5,319.0,974.0
2017-04-25 15:00:00,19.5,61,5.8,300.0,973.2
2017-04-25 16:00:00,19.9,57,5.9,312.0,972.3
2017-04-25 17:00:00,20.6,53,5.7,431.0,971.3
2017-04-25 18:00:00,20.3,54,1.9,251.0,971.1
2017-04-25 19:00:00,19.6,56,2.1,92.0,971.3
2017-04-25 20:00:00,15.4,84,6.6,4.0,971.1
2017-04-25 21:00:00,15.8,79,7.1,0.0,972.0
2017-04-25 22:00:00,15.7,76,7.9,0.0,972.5
2017-04-25 23:00:00,15.8,73,10.5,0.0,972.9
2017-04-26 00:00:00,15.7,75,12.2,0.0,973.4
2017-04-26 01:00:00,14.9,80,9.2,0.0,973.6
2017-04-26 02:00:00,14.2,85,10.7,0.0,973.9
2017-04-26 03:00:00,13.3,82,13.0,0.0,973.9
2017-04-26 04:00:00,12.6,72,16.3,0.0,974.4
2017-04-26 05:00:00,12.1,65,14.8,0.0,974.9
2017-04-26 06:00:00,11.8,60,14.8,0.0,975.4
2017-04-26 07:00:00,12.5,54,14.3,36.0,976.4
2017-04-26 08:00:00,13.0,46,15.0,166.0,978.3
2017-04-26 09:00:00,14.2,43,15.4,279.0,978.8
2017-04-26 10:00:00,15.8,42,14.5,460.0,978.8
2017-04-26 11:00:00,17.5,41,11.5,608.0,979.1
2017-04-26 12:00:00,18.3,38,11.5,609.0,978.7
2017-04-26 13:00:00,18.5,37,11.2,465.0,978.3
2017-04-26 14:00:00,19.2,36,9.9,472.0,977.8
2017-04-26 15:00:00,19.6,36,8.7,426.0,977.3
2017-04-26 16:00:00,19.3,37,4.1,263.0,976.9
2017-04-26 17:00:00,19.3,38,1.5,212.0,976.9
2017-04-26 18:00:00,18.3,45,6.2,112.0,976.9
2017-04-26 19:00:00,16.9,49,12.6,52.0,977.2
2017-04-26 20:00:00,14.2,63,6.4,2.0,978.4
2017-04-26 21:00:00,13.0,70,5.9,0.0,978.9
2017-04-26 22:00:00,13.1,64,3.2,0.0,979.6
2017-04-26 23:00:00,12.4,70,9.2,0.0,979.3
2017-04-27 00:00:00,11.3,76,9.3,0.0,978.5
2017-04-27 01:00:00,11.3,80,9.4,0.0,978.2
2017-04-27 02:00:00,10.6,87,6.6,0.0,977.8
2017-04-27 03:00:00,9.5,91,7.7,0.0,977.3
2017-04-27 04:00:00,8.9,93,4.7,0.0,977.4
2017-04-27 05:00:00,8.6,95,8.0,0.0,977.5
2017-04-27 06:00:00,8.5,94,8.5,0.0,977.6
2017-04-27 07:00:00,10.3,84,8.6,50.0,978.5
2017-04-27 08:00:00,14.0,73,3.3,220.0,980.4
2017-04-27 09:00:00,16.6,61,4.4,432.0,980.4
2017-04-27 10:00:00,18.5,53,6.4,631.0,980.5
2017-04-27 11:00:00,20.1,47,6.3,793.0,980.2
2017-04-27 12:00:00,21.5,40,4.2,886.0,979.0
2017-04-27 13:00:00,22.5,34,3.1,904.0,977.8
2017-04-27 14:00:00,23.0,31,4.3,869.0,976.7
2017-04-27 15:00:00,23.3,29,4.0,849.0,975.7
2017-04-27 16:00:00,23.2,28,2.1,693.0,974.5
2017-04-27 17:00:00,23.0,28,3.8,514.0,973.7
2017-04-27 18:00:00,22.6,31,4.7,301.0,973.1
2017-04-27 19:00:00,19.4,40,7.8,104.0,972.5
2017-04-27 20:00:00,15.5,51,8.1,5.0,972.1
2017-04-27 21:00:00,15.9,44,10.0,0.0,972.7
2017-04-27 22:00:00,15.4,37,10.7,0.0,972.9
2017-04-27 23:00:00,14.7,38,10.4,0.0,972.6
2017-04-28 00:00:00,12.1,52,10.5,0.0,972.5
2017-04-28 01:00:00,11.3,52,8.2,0.0,972.1
2017-04-28 02:00:00,11.8,46,6.2,0.0,971.8
2017-04-28 03:00:00,11.5,48,7.1,0.0,971.8
2017-04-28 04:00:00,8.8,61,5.1,0.0,971.7
2017-04-28 05:00:00,9.0,59,5.6,0.0,971.7
2017-04-28 06:00:00,7.5,70,4.2,0.0,971.5
2017-04-28 07:00:00,9.9,62,4.1,53.0,972.4
2017-04-28 08:00:00,13.9,53,2.5,229.0,974.2
2017-04-28 09:00:00,17.0,47,3.3,440.0,974.4
2017-04-28 10:00:00,19.8,42,5.4,638.0,974.3
2017-04-28 11:00:00,22.1,38,6.1,799.0,973.9
2017-04-28 12:00:00,23.9,34,5.9,907.0,973.0
2017-04-28 13:00:00,25.3,31,5.6,953.0,972.0
2017-04-28 14:00:00,26.1,27,4.8,934.0,971.2
2017-04-28 15:00:00,26.4,24,5.0,840.0,970.0
2017-04-28 16:00:00,26.7,23,7.0,691.0,968.7
2017-04-28 17:00:00,26.5,25,7.9,498.0,968.0
2017-04-28 18:00:00,25.1,34,9.4,297.0,967.3
2017-04-28 19:00:00,21.6,42,9.8,112.0,967.0
2017-04-28 20:00:00,19.4,42,11.6,6.0,966.3
2017-04-28 21:00:00,19.2,37,11.5,0.0,966.8
2017-04-28 22:00:00,17.9,34,9.0,0.0,967.0
2017-04-28 23:00:00,15.5,41,7.9,0.0,967.0
2017-04-29 00:00:00,14.2,48,7.6,0.0,967.5
2017-04-29 01:00:00,13.3,49,6.7,0.0,967.3
2017-04-29 02:00:00,12.3,54,10.0,0.0,967.0
2017-04-29 03:00:00,11.0,59,7.2,0.0,967.0
2017-04-29 04:00:00,11.6,57,7.6,0.0,967.2
2017-04-29 05:00:00,11.0,63,6.6,0.0,967.0
2017-04-29 06:00:00,10.5,68,5.6,0.0,967.2
2017-04-29 07:00:00,12.8,62,9.1,55.0,967.8
2017-04-29 08:00:00,16.7,52,5.1,231.0,969.3
2017-04-29 09:00:00,20.0,45,5.0,441.0,969.4
2017-04-29 10:00:00,22.6,40,6.1,642.0,969.1
2017-04-29 11:00:00,24.9,37,3.9,805.0,969.0
2017-04-29 12:00:00,26.9,33,1.6,915.0,968.1
2017-04-29 13:00:00,28.7,26,5.5,965.0,966.8
2017-04-29 14:00:00,29.8,16,8.7,946.0,965.7
2017-04-29 15:00:00,30.1,16,8.9,860.0,964.6
2017-04-29 16:00:00,29.8,17,8.4,712.0,963.8
2017-04-29 17:00:00,29.0,18,10.4,524.0,963.2
2017-04-29 18:00:00,27.1,24,10.7,313.0,962.8
2017-04-29 19:00:00,23.3,28,8.8,114.0,962.0
2017-04-29 20:00:00,21.6,37,10.7,6.0,961.6
2017-04-29 21:00:00,21.3,34,13.7,0.0,962.1
2017-04-29 22:00:00,21.0,41,15.6,0.0,962.7
2017-04-29 23:00:00,20.4,42,13.0,0.0,963.1
2017-04-30 00:00:00,16.8,54,8.6,0.0,963.1
2017-04-30 01:00:00,17.2,52,9.3,0.0,962.8
2017-04-30 02:00:00,16.2,56,7.0,0.0,962.5
2017-04-30 03:00:00,15.4,59,7.4,0.0,962.3
2017-04-30 04:00:00,14.9,61,8.6,0.0,962.6
2017-04-30 05:00:00,14.5,62,10.9,0.0,962.8
2017-04-30 06:00:00,14.4,63,11.6,0.0,963.0
2017-04-30 07:00:00,16.0,59,10.4,54.0,964.0
2017-04-30 08:00:00,19.2,50,7.5,216.0,965.3
2017-04-30 09:00:00,20.6,47,5.9,322.0,965.8
2017-04-30 10:00:00,23.0,42,5.4,520.0,965.6
2017-04-30 11:00:00,25.6,37,4.5,695.0,965.4
2017-04-30 12:00:00,27.9,32,4.8,880.0,964.9
2017-04-30 13:00:00,29.4,28,5.0,954.0,963.8
2017-04-30 14:00:00,30.3,25,8.3,932.0,963.1
2017-04-30 15:00:00,30.6,23,8.7,818.0,962.4
2017-04-30 16:00:00,30.4,24,8.4,606.0,961.8
2017-04-30 17:00:00,29.9,27,10.0,437.0,961.5
2017-04-30 18:00:00,27.8,38,6.5,204.0,961.4
2017-04-30 19:00:00,24.2,55,10.2,56.0,961.4
2017-04-30 20:00:00,22.1,50,6.1,3.0,962.5
2017-04-30 21:00:00,20.9,57,5.6,0.0,963.0
2017-04-30 22:00:00,19.5,64,5.8,0.0,963.3
2017-04-30 23:00:00,19.1,63,7.6,0.0,963.7
2017-05-01 00:00:00,18.8,58,7.3,0.0,963.7
2017-05-01 01:00:00,17.2,60,10.3,0.0,962.9
2017-05-01 02:00:00,17.5,56,7.6,0.0,963.0
2017-05-01 03:00:00,16.4,60,10.0,0.0,963.0
2017-05-01 04:00:00,16.7,58,10.0,0.0,963.0
2017-05-01 05:00:00,15.8,59,9.0,0.0,963.3
2017-05-01 06:00:00,17.6,51,3.7,0.0,964.4
2017-05-01 07:00:00,17.0,58,3.6,58.0,965.2
2017-05-01 08:00:00,20.5,47,6.3,232.0,966.5
2017-05-01 09:00:00,23.0,43,4.2,440.0,967.1
2017-05-01 10:00:00,25.4,39,1.8,635.0,967.2
2017-05-01 11:00:00,27.8,34,1.8,793.0,967.0
2017-05-01 12:00:00,29.7,28,5.5,881.0,966.4
2017-05-01 13:00:00,30.8,24,7.9,938.0,965.3
2017-05-01 14:00:00,31.6,21,9.7,926.0,964.4
2017-05-01 15:00:00,31.8,19,13.2,843.0,963.3
2017-05-01 16:00:00,31.5,20,14.7,685.0,962.5
2017-05-01 17:00:00,30.9,23,17.0,516.0,962.0
2017-05-01 18:00:00,29.7,24,17.4,300.0,961.8
2017-05-01 19:00:00,27.7,27,18.5,108.0,961.8
2017-05-01 20:00:00,25.3,34,12.2,6.0,961.5
2017-05-01 21:00:00,25.2,37,20.5,0.0,962.5
2017-05-01 22:00:00,24.6,43,29.3,0.0,963.4
2017-05-01 23:00:00,23.6,50,31.7,0.0,963.6
2017-05-02 00:00:00,22.6,53,27.1,0.0,964.3
2017-05-02 01:00:00,21.8,56,22.2,0.0,964.6
2017-05-02 02:00:00,21.3,59,21.9,0.0,964.4
2017-05-02 03:00:00,20.9,57,21.6,0.0,964.4
2017-05-02 04:00:00,20.4,55,18.1,0.0,964.3
2017-05-02 05:00:00,19.7,55,15.2,0.0,964.7
2017-05-02 06:00:00,19.0,55,16.8,0.0,964.9
2017-05-02 07:00:00,19.8,49,18.4,59.0,965.4
2017-05-02 08:00:00,22.2,41,19.9,234.0,966.0
2017-05-02 09:00:00,23.8,39,19.9,366.0,966.3
2017-05-02 10:00:00,25.5,35,20.9,519.0,966.5
2017-05-02 11:00:00,27.2,32,22.1,648.0,966.3
2017-05-02 12:00:00,27.7,30,21.6,560.0,965.7
2017-05-02 13:00:00,27.8,33,19.2,608.0,965.0
2017-05-02 14:00:00,27.5,30,18.9,347.0,964.5
2017-05-02 15:00:00,26.2,34,13.8,141.0,964.3
2017-05-02 16:00:00,24.9,40,12.5,114.0,964.1
2017-05-02 17:00:00,21.9,64,6.0,67.0,964.0
2017-05-02 18:00:00,20.3,81,3.6,42.0,964.7
2017-05-02 19:00:00,19.4,87,4.9,27.0,965.2
2017-05-02 20:00:00,19.3,80,8.3,2.0,964.2
2017-05-02 21:00:00,20.0,68,10.0,0.0,965.4
2017-05-02 22:00:00,19.5,64,13.7,0.0,966.6
2017-05-02 23:00:00,18.2,69,13.4,0.0,967.3
2017-05-03 00:00:00,17.1,81,7.8,0.0,967.3
2017-05-03 01:00:00,16.9,85,9.3,0.0,967.1
2017-05-03 02:00:00,16.5,89,8.4,0.0,967.3
2017-05-03 03:00:00,16.2,92,10.1,0.0,968.0
2017-05-03 04:00:00,15.4,94,12.2,0.0,968.0
2017-05-03 05:00:00,14.5,89,24.5,0.0,968.9
2017-05-03 06:00:00,13.5,88,25.3,0.0,969.4
2017-05-03 07:00:00,13.5,89,22.9,5.0,970.3
2017-05-03 08:00:00,13.8,89,18.9,11.0,971.4
2017-05-03 09:00:00,13.9,89,18.8,27.0,972.2
2017-05-03 10:00:00,13.5,91,18.9,57.0,973.0
2017-05-03 11:00:00,14.8,92,14.1,77.0,973.1
2017-05-03 12:00:00,14.9,90,14.3,59.0,973.7
2017-05-03 13:00:00,14.8,90,14.2,93.0,974.1
2017-05-03 14:00:00,14.9,90,13.2,97.0,974.1
2017-05-03 15:00:00,14.9,87,15.3,111.0,974.0
2017-05-03 16:00:00,15.0,82,13.7,134.0,973.5
2017-05-03 17:00:00,16.1,76,15.2,203.0,973.0
2017-05-03 18:00:00,16.2,70,12.0,187.0,972.8
2017-05-03 19:00:00,15.2,77,5.5,73.0,973.0
2017-05-03 20:00:00,13.9,84,8.2,5.0,974.4
2017-05-03 21:00:00,14.4,78,6.4,0.0,974.9
2017-05-03 22:00:00,14.2,80,7.6,0.0,975.7
2017-05-03 23:00:00,14.2,79,9.1,0.0,975.6
2017-05-04 00:00:00,12.5,85,8.4,0.0,975.8
2017-05-04 01:00:00,11.0,91,5.9,0.0,975.4
2017-05-04 02:00:00,11.2,89,6.9,0.0,974.9
2017-05-04 03:00:00,11.3,87,7.3,0.0,974.5
2017-05-04 04:00:00,11.0,89,6.2,0.0,974.5
2017-05-04 05:00:00,10.4,89,5.9,0.0,974.9
2017-05-04 06:00:00,10.3,85,9.7,0.0,974.9
2017-05-04 07:00:00,11.8,75,9.8,61.0,975.5
2017-05-04 08:00:00,14.8,62,9.4,166.0,976.7
2017-05-04 09:00:00,17.2,52,6.4,450.0,977.0
2017-05-04 10:00:00,18.8,49,4.4,626.0,976.9
2017-05-04 11:00:00,20.1,46,1.9,774.0,976.2
2017-05-04 12:00:00,21.1,44,2.2,824.0,975.6
2017-05-04 13:00:00,22.1,42,6.3,927.0,974.2
2017-05-04 14:00:00,22.8,41,10.9,919.0,973.1
2017-05-04 15:00:00,23.1,40,13.6,847.0,971.9
2017-05-04 16:00:00,23.3,37,15.6,703.0,970.4
2017-05-04 17:00:00,23.2,38,14.8,521.0,969.7
2017-05-04 18:00:00,21.9,45,13.3,315.0,969.3
2017-05-04 19:00:00,19.4,48,12.0,120.0,969.4
2017-05-04 20:00:00,17.5,46,10.8,8.0,969.7
2017-05-04 21:00:00,16.7,40,9.2,0.0,970.1
2017-05-04 22:00:00,14.4,53,8.1,0.0,970.1
2017-05-04 23:00:00,13.9,62,7.7,0.0,970.1
2017-05-05 00:00:00,13.0,66,8.9,0.0,970.5
2017-05-05 01:00:00,12.6,69,9.7,0.0,970.2
2017-05-05 02:00:00,14.0,66,3.1,0.0,971.0
2017-05-05 03:00:00,12.7,72,4.6,0.0,972.1
2017-05-05 04:00:00,12.7,65,12.2,0.0,973.9
2017-05-05 05:00:00,13.7,66,18.1,0.0,975.4
2017-05-05 06:00:00,14.7,66,15.9,0.0,976.8
2017-05-05 07:00:00,16.0,62,13.1,26.0,978.7
2017-05-05 08:00:00,16.1,77,3.3,68.0,979.4
2017-05-05 09:00:00,18.5,60,1.5,179.0,979.8
2017-05-05 10:00:00,19.0,59,16.9,383.0,981.0
2017-05-05 11:00:00,18.7,31,19.8,457.0,981.7
2017-05-05 12:00:00,20.3,26,14.9,693.0,981.3
2017-05-05 13:00:00,20.6,22,14.4,809.0,980.6
2017-05-05 14:00:00,20.9,20,12.2,885.0,980.1
2017-05-05 15:00:00,21.1,19,9.2,828.0,979.1
2017-05-05 16:00:00,20.5,20,8.2,504.0,978.2
2017-05-05 17:00:00,19.8,24,7.3,318.0,977.7
2017-05-05 18:00:00,19.2,32,4.7,236.0,977.4
2017-05-05 19:00:00,17.1,55,6.3,87.0,977.7
2017-05-05 20:00:00,14.9,47,6.3,7.0,978.8
2017-05-05 21:00:00,14.8,44,7.8,0.0,979.4
2017-05-05 22:00:00,14.5,43,9.3,0.0,979.7
2017-05-05 23:00:00,13.9,47,7.7,0.0,979.5
2017-05-06 00:00:00,13.0,52,5.6,0.0,978.9
2017-05-06 01:00:00,13.0,49,9.5,0.0,978.3
2017-05-06 02:00:00,13.0,44,10.7,0.0,978.1
2017-05-06 03:00:00,12.4,45,7.3,0.0,977.8
2017-05-06 04:00:00,11.2,51,6.1,0.0,977.6
2017-05-06 05:00:00,10.9,53,5.8,0.0,977.2
2017-05-06 06:00:00,9.6,63,5.4,0.0,976.8
2017-05-06 07:00:00,11.0,63,3.8,51.0,977.2
2017-05-06 08:00:00,14.3,53,1.9,203.0,979.0
2017-05-06 09:00:00,16.6,46,0.8,367.0,979.5
2017-05-06 10:00:00,18.8,40,1.8,612.0,979.3
2017-05-06 11:00:00,20.5,34,3.1,804.0,978.8
2017-05-06 12:00:00,21.6,30,2.2,897.0,977.9
2017-05-06 13:00:00,22.6,26,2.3,942.0,977.0
2017-05-06 14:00:00,23.0,24,3.4,864.0,975.8
2017-05-06 15:00:00,23.3,24,5.0,790.0,974.7
2017-05-06 16:00:00,23.3,24,5.2,710.0,973.6
2017-05-06 17:00:00,23.1,25,5.8,553.0,972.7
2017-05-06 18:00:00,21.6,39,5.2,330.0,972.0
2017-05-06 19:00:00,18.2,57,8.4,117.0,971.5
2017-05-06 20:00:00,16.2,56,7.0,9.0,971.9
2017-05-06 21:00:00,14.9,65,5.9,0.0,972.3
2017-05-06 22:00:00,14.6,64,5.9,0.0,972.5
2017-05-06 23:00:00,15.1,57,7.4,0.0,972.8
2017-05-07 00:00:00,13.8,64,9.1,0.0,972.9
2017-05-07 01:00:00,14.2,60,5.8,0.0,973.0
2017-05-07 02:00:00,10.9,76,8.7,0.0,972.0
2017-05-07 03:00:00,10.2,78,7.3,0.0,971.9
2017-05-07 04:00:00,10.5,74,6.2,0.0,971.8
2017-05-07 05:00:00,9.5,77,5.4,0.0,971.4
2017-05-07 06:00:00,8.4,82,5.0,1.0,971.0
2017-05-07 07:00:00,11.2,73,4.2,72.0,972.4
2017-05-07 08:00:00,14.2,62,1.6,245.0,973.6
2017-05-07 09:00:00,16.8,57,2.1,464.0,973.6
2017-05-07 10:00:00,18.7,52,5.0,583.0,973.6
2017-05-07 11:00:00,19.7,45,5.2,536.0,973.2
2017-05-07 12:00:00,19.2,45,3.6,273.0,972.6
2017-05-07 13:00:00,19.2,49,6.0,279.0,972.0
2017-05-07 14:00:00,18.4,59,9.8,153.0,971.6
2017-05-07 15:00:00,17.6,63,8.9,131.0,971.5
2017-05-07 16:00:00,17.1,67,8.2,136.0,971.4
2017-05-07 17:00:00,15.7,73,10.5,69.0,971.5
2017-05-07 18:00:00,14.8,74,10.5,47.0,971.6
2017-05-07 19:00:00,14.2,76,12.0,15.0,971.6
2017-05-07 20:00:00,13.6,75,12.3,1.0,973.2
2017-05-07 21:00:00,14.0,70,12.8,0.0,973.5
2017-05-07 22:00:00,14.2,67,12.9,0.0,973.7
2017-05-07 23:00:00,13.9,67,12.4,0.0,973.4
2017-05-08 00:00:00,13.8,68,7.5,0.0,973.5
2017-05-08 01:00:00,13.6,66,10.7,0.0,972.5
2017-05-08 02:00:00,13.5,66,11.2,0.0,971.9
2017-05-08 03:00:00,13.6,65,11.3,0.0,971.2
2017-05-08 04:00:00,13.7,65,10.9,0.0,970.7
2017-05-08 05:00:00,12.5,72,10.1,0.0,970.3
2017-05-08 06:00:00,9.8,86,8.2,1.0,970.4
2017-05-08 07:00:00,12.3,69,9.4,72.0,970.9
2017-05-08 08:00:00,15.0,60,11.3,252.0,972.4
2017-05-08 09:00:00,16.9,53,14.5,460.0,972.6
2017-05-08 10:00:00,19.0,46,12.8,654.0,972.6
2017-05-08 11:00:00,20.8,41,11.0,812.0,972.1
2017-05-08 12:00:00,22.3,37,9.5,918.0,971.3
2017-05-08 13:00:00,23.2,35,8.2,962.0,970.2
2017-05-08 14:00:00,24.0,33,6.1,941.0,969.3
2017-05-08 15:00:00,24.4,32,5.2,858.0,968.1
2017-05-08 16:00:00,24.5,32,6.4,718.0,967.0
2017-05-08 17:00:00,24.3,34,7.1,529.0,966.3
2017-05-08 18:00:00,23.1,43,6.9,287.0,965.9
2017-05-08 19:00:00,20.6,51,9.0,125.0,965.6
2017-05-08 20:00:00,19.2,41,13.6,10.0,965.8
2017-05-08 21:00:00,19.1,39,14.7,0.0,966.2
2017-05-08 22:00:00,18.5,40,14.7,0.0,966.4
2017-05-08 23:00:00,17.3,41,10.2,0.0,966.4
2017-05-09 00:00:00,15.3,48,7.4,0.0,966.1
2017-05-09 01:00:00,16.2,42,6.4,0.0,965.8
2017-05-09 02:00:00,12.1,59,5.4,0.0,965.3
2017-05-09 03:00:00,11.9,58,10.8,0.0,964.8
2017-05-09 04:00:00,11.4,60,13.4,0.0,965.1
2017-05-09 05:00:00,11.4,61,13.7,0.0,965.1
2017-05-09 06:00:00,11.7,65,12.6,1.0,965.4
2017-05-09 07:00:00,14.1,60,11.5,58.0,966.2
2017-05-09 08:00:00,17.8,54,6.1,189.0,967.8
2017-05-09 09:00:00,20.6,49,1.8,351.0,968.0
2017-05-09 10:00:00,22.7,43,4.0,557.0,968.4
2017-05-09 11:00:00,24.9,42,3.8,807.0,968.5
2017-05-09 12:00:00,26.7,38,3.1,877.0,968.0
2017-05-09 13:00:00,28.2,34,3.2,888.0,967.1
2017-05-09 14:00:00,29.1,31,4.3,858.0,966.6
2017-05-09 15:00:00,29.5,27,2.7,709.0,965.5
2017-05-09 16:00:00,29.0,28,10.1,525.0,964.9
2017-05-09 17:00:00,27.9,34,10.9,466.0,964.6
2017-05-09 18:00:00,26.1,52,4.4,264.0,964.4
2017-05-09 19:00:00,23.2,54,7.6,124.0,964.3
2017-05-09 20:00:00,19.9,67,8.3,11.0,964.0
2017-05-09 21:00:00,20.2,63,8.1,0.0,964.7
2017-05-09 22:00:00,19.4,62,8.6,0.0,965.4
2017-05-09 23:00:00,16.7,69,11.0,0.0,966.2
2017-05-10 00:00:00,16.0,67,5.0,0.0,966.3
2017-05-10 01:00:00,13.9,78,6.4,0.0,966.0
2017-05-10 02:00:00,14.4,71,4.6,0.0,966.2
2017-05-10 03:00:00,14.0,72,7.2,0.0,966.3
2017-05-10 04:00:00,14.0,71,12.0,0.0,966.4
2017-05-10 05:00:00,14.2,70,10.2,0.0,966.9
2017-05-10 06:00:00,14.7,69,10.2,1.0,967.0
2017-05-10 07:00:00,17.5,62,13.3,75.0,967.8
2017-05-10 08:00:00,20.6,56,6.6,251.0,969.4
2017-05-10 09:00:00,22.7,50,7.2,455.0,969.9
2017-05-10 10:00:00,24.6,46,8.8,632.0,969.9
2017-05-10 11:00:00,26.5,41,8.7,799.0,969.8
2017-05-10 12:00:00,28.2,36,7.3,900.0,970.0
2017-05-10 13:00:00,29.3,32,3.6,859.0,969.2
2017-05-10 14:00:00,30.0,28,2.3,767.0,968.6
2017-05-10 15:00:00,30.2,24,3.2,695.0,967.5
2017-05-10 16:00:00,29.9,25,5.2,520.0,966.7
2017-05-10 17:00:00,29.7,27,0.5,358.0,966.6
2017-05-10 18:00:00,27.7,54,3.9,206.0,966.5
2017-05-10 19:00:00,24.4,64,8.1,76.0,966.5
2017-05-10 20:00:00,22.5,62,13.0,6.0,968.7
2017-05-10 21:00:00,22.0,59,13.4,0.0,969.0
2017-05-10 22:00:00,21.8,48,13.5,0.0,969.3
2017-05-10 23:00:00,21.4,44,10.7,0.0,969.3
2017-05-11 00:00:00,19.6,49,8.3,0.0,969.0
2017-05-11 01:00:00,19.1,51,9.7,0.0,968.6
2017-05-11 02:00:00,19.1,46,10.5,0.0,968.8
2017-05-11 03:00:00,18.2,49,14.3,0.0,968.7
2017-05-11 04:00:00,18.0,50,14.2,0.0,968.8
2017-05-11 05:00:00,18.1,50,13.8,0.0,969.0
2017-05-11 06:00:00,18.6,47,13.5,0.0,968.8
2017-05-11 07:00:00,19.1,48,13.1,33.0,969.2
2017-05-11 08:00:00,21.1,49,13.7,117.0,970.3
2017-05-11 09:00:00,22.5,46,16.1,307.0,971.0
2017-05-11 10:00:00,24.1,42,16.5,505.0,971.3
2017-05-11 11:00:00,25.5,39,14.3,612.0,971.3
2017-05-11 12:00:00,26.7,36,12.0,661.0,970.9
2017-05-11 13:00:00,28.6,32,10.9,818.0,969.9
2017-05-11 14:00:00,29.5,29,10.9,774.0,969.2
2017-05-11 15:00:00,29.9,29,11.2,703.0,968.5
2017-05-11 16:00:00,29.7,30,13.7,648.0,967.5
2017-05-11 17:00:00,29.3,31,11.2,500.0,966.8
2017-05-11 18:00:00,27.6,38,8.9,331.0,966.6
2017-05-11 19:00:00,24.3,42,11.3,126.0,966.4
2017-05-11 20:00:00,21.5,32,11.4,12.0,966.4
2017-05-11 21:00:00,20.2,34,12.1,0.0,967.1
2017-05-11 22:00:00,19.2,34,11.4,0.0,967.6
2017-05-11 23:00:00,18.1,36,10.9,0.0,967.4
2017-05-12 00:00:00,17.2,40,11.4,0.0,967.3
2017-05-12 01:00:00,16.0,44,7.8,0.0,967.2
2017-05-12 02:00:00,15.3,48,5.7,0.0,967.2
2017-05-12 03:00:00,15.1,45,7.2,0.0,966.9
2017-05-12 04:00:00,13.0,58,8.0,0.0,966.9
2017-05-12 05:00:00,13.2,53,8.4,0.0,966.8
2017-05-12 06:00:00,13.3,53,6.8,1.0,966.6
2017-05-12 07:00:00,15.5,51,7.4,84.0,967.1
2017-05-12 08:00:00,18.3,44,6.3,275.0,968.8
2017-05-12 09:00:00,21.1,38,7.1,484.0,969.3
2017-05-12 10:00:00,24.0,33,7.2,680.0,968.8
2017-05-12 11:00:00,26.6,28,5.8,839.0,968.4
2017-05-12 12:00:00,28.7,25,4.7,947.0,968.0
2017-05-12 13:00:00,30.2,23,5.2,992.0,966.8
2017-05-12 14:00:00,31.4,22,5.9,971.0,965.8
2017-05-12 15:00:00,32.0,20,8.7,886.0,964.6
2017-05-12 16:00:00,32.0,20,9.7,745.0,963.4
2017-05-12 17:00:00,31.5,22,11.3,556.0,962.5
2017-05-12 18:00:00,29.1,28,14.5,346.0,961.5
2017-05-12 19:00:00,26.3,32,14.7,140.0,960.5
2017-05-12 20:00:00,24.9,28,16.6,13.0,960.5
2017-05-12 21:00:00,24.4,29,16.1,0.0,960.6
2017-05-12 22:00:00,22.3,39,10.1,0.0,960.9
2017-05-12 23:00:00,20.1,48,8.5,0.0,961.2
2017-05-13 00:00:00,18.0,55,8.2,0.0,961.4
2017-05-13 01:00:00,18.3,50,8.4,0.0,961.2
2017-05-13 02:00:00,17.9,52,9.6,0.0,961.3
2017-05-13 03:00:00,18.1,52,13.1,0.0,961.3
2017-05-13 04:00:00,18.4,54,12.2,0.0,961.7
2017-05-13 05:00:00,17.8,58,13.7,0.0,962.1
2017-05-13 06:00:00,17.5,60,13.4,2.0,962.4
2017-05-13 07:00:00,19.3,61,4.1,82.0,963.0
2017-05-13 08:00:00,23.5,53,5.4,263.0,964.5
2017-05-13 09:00:00,25.7,44,9.2,468.0,965.5
2017-05-13 10:00:00,26.6,43,7.7,656.0,965.7
2017-05-13 11:00:00,28.1,39,5.8,798.0,965.4
2017-05-13 12:00:00,29.7,33,4.5,868.0,965.2
2017-05-13 13:00:00,30.7,29,3.1,871.0,964.3
2017-05-13 14:00:00,31.2,28,2.6,732.0,963.7
2017-05-13 15:00:00,31.5,27,2.9,631.0,963.1
2017-05-13 16:00:00,31.3,28,2.6,476.0,962.7
2017-05-13 17:00:00,30.7,33,4.5,327.0,962.7
2017-05-13 18:00:00,28.8,56,4.6,192.0,962.8
2017-05-13 19:00:00,26.1,59,7.0,76.0,962.7
2017-05-13 20:00:00,23.3,65,7.9,8.0,962.9
2017-05-13 21:00:00,22.5,66,7.6,0.0,963.5
2017-05-13 22:00:00,22.1,67,6.1,0.0,964.0
2017-05-13 23:00:00,24.2,56,4.7,0.0,964.8
2017-05-14 00:00:00,20.7,68,8.7,0.0,964.6
2017-05-14 01:00:00,21.5,61,6.6,0.0,965.2
2017-05-14 02:00:00,19.8,59,7.6,0.0,965.1
2017-05-14 03:00:00,20.9,49,3.6,0.0,965.6
2017-05-14 04:00:00,19.3,58,2.3,0.0,966.2
2017-05-14 05:00:00,18.4,65,6.0,0.0,967.2
2017-05-14 06:00:00,17.5,80,7.6,1.0,967.9
2017-05-14 07:00:00,17.7,83,9.4,33.0,968.5
2017-05-14 08:00:00,20.3,65,6.5,100.0,969.9
2017-05-14 09:00:00,21.7,52,4.2,187.0,970.5
2017-05-14 10:00:00,22.9,45,5.2,314.0,970.7
2017-05-14 11:00:00,23.5,42,5.8,312.0,970.8
2017-05-14 12:00:00,23.4,44,2.5,282.0,970.7
2017-05-14 13:00:00,23.8,43,8.2,348.0,970.2
2017-05-14 14:00:00,24.3,43,7.4,565.0,969.9
2017-05-14 15:00:00,23.1,49,10.2,342.0,969.2
2017-05-14 16:00:00,22.9,52,9.7,330.0,968.5
2017-05-14 17:00:00,23.4,52,9.0,459.0,968.6
2017-05-14 18:00:00,22.8,54,10.0,274.0,968.8
2017-05-14 19:00:00,21.4,59,11.4,95.0,969.0
2017-05-14 20:00:00,19.5,65,6.8,10.0,970.9
2017-05-14 21:00:00,18.7,69,8.4,0.0,971.6
2017-05-14 22:00:00,17.1,80,7.3,0.0,972.1
2017-05-14 23:00:00,16.0,90,5.4,0.0,972.7
2017-05-15 00:00:00,15.9,90,2.2,0.0,972.6
2017-05-15 01:00:00,15.4,91,2.5,0.0,972.1
2017-05-15 02:00:00,14.2,95,4.3,0.0,971.6
2017-05-15 03:00:00,13.5,97,3.4,0.0,971.1
2017-05-15 04:00:00,13.6,96,4.7,0.0,970.9
2017-05-15 05:00:00,13.5,95,5.6,0.0,971.2
2017-05-15 06:00:00,13.9,91,5.1,1.0,971.8
2017-05-15 07:00:00,15.5,86,7.9,60.0,972.4
2017-05-15 08:00:00,17.0,80,2.5,160.0,973.8
2017-05-15 09:00:00,19.2,68,3.5,363.0,974.3
2017-05-15 10:00:00,20.3,63,4.8,419.0,974.3
2017-05-15 11:00:00,20.7,63,5.2,414.0,974.4
2017-05-15 12:00:00,21.7,60,3.3,587.0,973.7
2017-05-15 13:00:00,21.2,60,9.8,667.0,973.1
2017-05-15 14:00:00,20.7,65,4.8,633.0,972.5
2017-05-15 15:00:00,22.2,51,6.5,621.0,971.7
2017-05-15 16:00:00,22.8,45,5.1,555.0,971.2
2017-05-15 17:00:00,23.1,44,2.9,462.0,970.8
2017-05-15 18:00:00,22.8,46,6.6,256.0,971.0
2017-05-15 19:00:00,21.1,56,7.6,120.0,971.3
2017-05-15 20:00:00,17.8,69,6.1,9.0,973.8
2017-05-15 21:00:00,16.1,78,7.2,0.0,974.1
2017-05-15 22:00:00,16.5,76,10.0,0.0,974.6
2017-05-15 23:00:00,16.1,77,11.5,0.0,974.6
2017-05-16 00:00:00,15.7,77,9.2,0.0,974.3
2017-05-16 01:00:00,15.1,78,8.0,0.0,973.7
2017-05-16 02:00:00,14.5,78,7.4,0.0,973.0
2017-05-16 03:00:00,13.8,79,9.1,0.0,972.4
2017-05-16 04:00:00,13.7,78,12.4,0.0,972.0
2017-05-16 05:00:00,13.4,79,10.1,0.0,971.6
2017-05-16 06:00:00,12.4,84,5.2,2.0,971.3
2017-05-16 07:00:00,15.2,71,6.4,87.0,971.7
2017-05-16 08:00:00,18.2,60,9.0,270.0,972.7
2017-05-16 09:00:00,20.1,53,12.2,475.0,972.9
2017-05-16 10:00:00,22.4,44,13.6,667.0,972.8
2017-05-16 11:00:00,24.7,37,12.7,824.0,972.4
2017-05-16 12:00:00,26.6,32,11.8,928.0,971.5
2017-05-16 13:00:00,28.1,30,11.0,971.0,970.5
2017-05-16 14:00:00,29.1,28,9.9,952.0,969.3
2017-05-16 15:00:00,29.7,25,10.3,788.0,968.3
2017-05-16 16:00:00,29.6,25,11.2,655.0,967.0
2017-05-16 17:00:00,29.4,24,10.0,543.0,966.2
2017-05-16 18:00:00,28.5,27,8.8,342.0,965.7
2017-05-16 19:00:00,25.4,33,10.2,144.0,964.9
2017-05-16 20:00:00,22.3,43,9.6,16.0,964.4
2017-05-16 21:00:00,21.2,46,10.9,0.0,964.4
2017-05-16 22:00:00,20.2,41,11.3,0.0,964.6
2017-05-16 23:00:00,18.0,40,6.7,0.0,964.7
2017-05-17 00:00:00,16.2,42,6.5,0.0,964.9
2017-05-17 01:00:00,15.9,37,9.3,0.0,964.6
2017-05-17 02:00:00,15.3,42,10.8,0.0,964.3
2017-05-17 03:00:00,15.1,47,11.8,0.0,963.8
2017-05-17 04:00:00,14.4,52,9.7,0.0,963.7
2017-05-17 05:00:00,14.4,55,11.7,0.0,963.8
2017-05-17 06:00:00,14.8,57,13.4,2.0,964.2
2017-05-17 07:00:00,17.4,52,12.6,89.0,965.1
2017-05-17 08:00:00,21.3,42,11.4,275.0,966.5
2017-05-17 09:00:00,23.8,34,10.8,482.0,966.6
2017-05-17 10:00:00,26.4,30,9.9,674.0,967.0
2017-05-17 11:00:00,28.7,25,5.6,828.0,966.6
2017-05-17 12:00:00,30.4,22,1.5,931.0,965.8
2017-05-17 13:00:00,31.7,20,4.0,976.0,964.7
2017-05-17 14:00:00,32.7,19,7.9,957.0,964.0
2017-05-17 15:00:00,33.1,19,9.9,877.0,962.8
2017-05-17 16:00:00,33.2,20,8.7,731.0,961.9
2017-05-17 17:00:00,32.9,21,7.6,548.0,961.7
2017-05-17 18:00:00,31.3,28,7.2,326.0,961.4
2017-05-17 19:00:00,28.1,37,8.7,116.0,961.4
2017-05-17 20:00:00,26.7,29,11.0,12.0,962.4
2017-05-17 21:00:00,26.3,26,13.2,0.0,962.8
2017-05-17 22:00:00,23.4,36,8.7,0.0,963.0
2017-05-17 23:00:00,21.0,47,9.4,0.0,963.7
2017-05-18 00:00:00,21.1,45,7.2,0.0,964.1
2017-05-18 01:00:00,20.6,45,8.4,0.0,963.9
2017-05-18 02:00:00,20.6,43,10.8,0.0,963.6
2017-05-18 03:00:00,20.6,43,10.0,0.0,963.3
2017-05-18 04:00:00,19.3,48,7.3,0.0,963.3
2017-05-18 05:00:00,17.7,57,6.8,0.0,963.4
2017-05-18 06:00:00,18.1,58,9.8,1.0,963.5
2017-05-18 07:00:00,18.9,56,10.1,42.0,964.4
2017-05-18 08:00:00,21.7,49,12.2,159.0,967.0
2017-05-18 09:00:00,23.3,44,12.2,237.0,968.0
2017-05-18 10:00:00,24.4,41,12.8,236.0,968.7
2017-05-18 11:00:00,24.1,45,9.4,262.0,968.5
2017-05-18 12:00:00,25.2,44,7.2,437.0,968.1
2017-05-18 13:00:00,26.9,38,6.0,595.0,967.0
2017-05-18 14:00:00,28.1,34,10.3,718.0,966.2
2017-05-18 15:00:00,28.5,33,9.9,546.0,965.3
2017-05-18 16:00:00,28.5,27,14.5,341.0,964.8
2017-05-18 17:00:00,28.4,24,13.1,386.0,964.7
2017-05-18 18:00:00,27.9,26,7.7,327.0,964.1
2017-05-18 19:00:00,24.8,40,7.0,135.0,963.6
2017-05-18 20:00:00,21.4,58,7.4,16.0,965.0
2017-05-18 21:00:00,19.5,65,8.7,0.0,965.2
2017-05-18 22:00:00,19.7,50,7.9,0.0,965.7
2017-05-18 23:00:00,19.4,46,7.4,0.0,965.8
2017-05-19 00:00:00,18.3,49,8.6,0.0,965.5
2017-05-19 01:00:00,17.9,53,9.0,0.0,965.3
2017-05-19 02:00:00,18.6,51,5.5,0.0,965.4
2017-05-19 03:00:00,17.9,57,9.5,0.0,965.5
2017-05-19 04:00:00,17.7,63,9.9,0.0,965.2
2017-05-19 05:00:00,16.9,68,5.6,0.0,965.0
2017-05-19 06:00:00,16.6,73,3.8,2.0,964.9
2017-05-19 07:00:00,18.2,69,1.1,75.0,965.3
2017-05-19 08:00:00,19.7,60,4.7,254.0,966.6
2017-05-19 09:00:00,22.3,51,2.4,426.0,966.8
2017-05-19 10:00:00,24.7,44,0.4,617.0,966.7
2017-05-19 11:00:00,26.5,39,2.5,757.0,966.3
2017-05-19 12:00:00,28.1,35,5.4,857.0,965.7
2017-05-19 13:00:00,29.5,33,5.5,928.0,964.7
2017-05-19 14:00:00,29.9,33,5.2,896.0,963.8
2017-05-19 15:00:00,30.2,33,4.9,768.0,963.0
2017-05-19 16:00:00,29.9,34,9.4,572.0,962.5
2017-05-19 17:00:00,29.4,37,11.3,448.0,962.1
2017-05-19 18:00:00,28.5,40,10.8,251.0,962.1
2017-05-19 19:00:00,27.0,47,10.1,129.0,962.1
2017-05-19 20:00:00,24.6,53,15.9,16.0,962.5
2017-05-19 21:00:00,24.2,54,11.8,0.0,962.7
2017-05-19 22:00:00,23.3,59,10.8,0.0,963.0
2017-05-19 23:00:00,23.2,57,11.1,0.0,963.4
2017-05-20 00:00:00,22.7,57,9.0,0.0,963.4
2017-05-20 01:00:00,21.3,62,7.9,0.0,963.1
2017-05-20 02:00:00,20.3,68,9.5,0.0,962.9
2017-05-20 03:00:00,19.4,73,9.5,0.0,962.7
2017-05-20 04:00:00,18.5,76,8.4,0.0,962.4
2017-05-20 05:00:00,17.9,79,8.5,0.0,962.5
2017-05-20 06:00:00,18.2,78,5.1,3.0,963.1
2017-05-20 07:00:00,20.5,68,8.5,78.0,963.7
2017-05-20 08:00:00,23.2,60,9.2,225.0,965.2
2017-05-20 09:00:00,25.6,53,9.4,447.0,965.8
2017-05-20 10:00:00,27.3,49,9.4,596.0,965.5
2017-05-20 11:00:00,29.0,45,8.8,809.0,964.9
2017-05-20 12:00:00,30.0,42,9.8,822.0,964.7
2017-05-20 13:00:00,30.8,39,9.0,833.0,963.8
2017-05-20 14:00:00,31.5,35,10.1,802.0,962.9
2017-05-20 15:00:00,30.8,36,10.5,491.0,961.9
2017-05-20 16:00:00,30.1,41,10.7,370.0,961.4
2017-05-20 17:00:00,29.1,45,11.4,185.0,961.3
2017-05-20 18:00:00,28.9,47,11.9,145.0,961.5
2017-05-20 19:00:00,27.7,52,10.9,83.0,961.8
2017-05-20 20:00:00,26.1,54,11.0,8.0,962.1
2017-05-20 21:00:00,25.8,56,10.1,0.0,962.6
2017-05-20 22:00:00,25.6,55,12.8,0.0,963.1
2017-05-20 23:00:00,25.8,54,14.8,0.0,963.6
2017-05-21 00:00:00,25.3,55,14.5,0.0,964.1
2017-05-21 01:00:00,25.1,56,15.6,0.0,964.2
2017-05-21 02:00:00,24.7,57,13.0,0.0,964.0
2017-05-21 03:00:00,24.1,59,8.2,0.0,963.4
2017-05-21 04:00:00,22.7,66,5.2,0.0,963.2
2017-05-21 05:00:00,22.4,66,5.4,0.0,963.3
2017-05-21 06:00:00,22.2,65,9.7,1.0,963.9
2017-05-21 07:00:00,22.6,62,11.7,44.0,964.3
2017-05-21 08:00:00,24.2,59,9.2,138.0,965.6
2017-05-21 09:00:00,25.4,56,6.9,283.0,966.2
2017-05-21 10:00:00,27.0,53,5.1,458.0,966.2
2017-05-21 11:00:00,28.9,47,6.2,704.0,965.6
2017-05-21 12:00:00,30.4,43,5.2,832.0,964.9
2017-05-21 13:00:00,31.5,40,4.1,874.0,963.9
2017-05-21 14:00:00,32.1,39,1.1,859.0,963.0
2017-05-21 15:00:00,32.4,39,1.4,706.0,961.9
2017-05-21 16:00:00,30.5,43,6.7,539.0,961.5
2017-05-21 17:00:00,30.5,41,5.8,371.0,961.0
2017-05-21 18:00:00,30.4,42,10.3,257.0,960.6
2017-05-21 19:00:00,28.7,51,11.5,112.0,960.8
2017-05-21 20:00:00,25.5,60,6.4,13.0,962.0
2017-05-21 21:00:00,24.7,66,9.7,0.0,962.3
2017-05-21 22:00:00,23.7,72,5.7,0.0,962.9
2017-05-21 23:00:00,22.8,78,6.4,0.0,963.0
2017-05-22 00:00:00,22.5,77,6.9,0.0,963.3
2017-05-22 01:00:00,22.6,72,4.9,0.0,963.4
2017-05-22 02:00:00,22.9,67,7.5,0.0,963.0
2017-05-22 03:00:00,22.8,66,8.0,0.0,962.9
2017-05-22 04:00:00,22.6,68,6.5,0.0,962.8
2017-05-22 05:00:00,21.7,73,8.8,0.0,963.0
2017-05-22 06:00:00,22.6,68,3.7,3.0,963.7
2017-05-22 07:00:00,22.7,70,3.9,66.0,964.3
2017-05-22 08:00:00,24.0,70,6.1,217.0,965.3
2017-05-22 09:00:00,25.3,66,6.9,346.0,966.1
2017-05-22 10:00:00,25.8,63,11.3,487.0,966.2
2017-05-22 11:00:00,23.9,66,22.1,475.0,966.3
2017-05-22 12:00:00,21.5,69,29.3,313.0,967.2
2017-05-22 13:00:00,18.7,88,27.6,138.0,968.1
2017-05-22 14:00:00,19.0,88,23.5,107.0,969.0
2017-05-22 15:00:00,18.0,88,25.0,73.0,969.9
2017-05-22 16:00:00,16.1,87,25.1,48.0,971.5
2017-05-22 17:00:00,15.8,87,21.3,34.0,972.4
2017-05-22 18:00:00,16.0,88,15.8,26.0,973.0
2017-05-22 19:00:00,16.0,90,14.2,16.0,973.5
2017-05-22 20:00:00,15.6,89,11.3,2.0,974.0
2017-05-22 21:00:00,16.0,86,11.1,0.0,974.7
2017-05-22 22:00:00,16.1,85,11.8,0.0,974.9
2017-05-22 23:00:00,16.0,83,13.9,0.0,975.0
2017-05-23 00:00:00,15.7,80,13.5,0.0,974.7
2017-05-23 01:00:00,15.2,80,12.2,0.0,974.3
2017-05-23 02:00:00,14.8,81,9.9,0.0,974.0
2017-05-23 03:00:00,14.6,79,10.2,0.0,973.4
2017-05-23 04:00:00,14.2,78,9.9,0.0,973.2
2017-05-23 05:00:00,13.7,78,10.3,0.0,972.8
2017-05-23 06:00:00,13.3,80,10.0,4.0,972.8
2017-05-23 07:00:00,14.9,73,9.8,98.0,973.4
2017-05-23 08:00:00,17.0,66,8.5,285.0,975.2
2017-05-23 09:00:00,19.2,55,6.7,486.0,976.2
2017-05-23 10:00:00,20.9,47,3.4,686.0,976.4
2017-05-23 11:00:00,22.3,41,3.1,835.0,975.9
2017-05-23 12:00:00,23.3,37,3.1,923.0,975.5
2017-05-23 13:00:00,24.1,35,3.8,945.0,974.7
2017-05-23 14:00:00,25.0,33,3.8,960.0,973.6
2017-05-23 15:00:00,25.5,31,3.7,878.0,972.6
2017-05-23 16:00:00,25.8,30,5.2,739.0,971.6
2017-05-23 17:00:00,25.6,31,4.1,523.0,971.2
2017-05-23 18:00:00,25.2,32,4.9,339.0,970.7
2017-05-23 19:00:00,23.0,41,9.0,157.0,970.5
2017-05-23 20:00:00,20.5,50,10.5,20.0,971.5
2017-05-23 21:00:00,19.7,50,11.8,0.0,972.0
2017-05-23 22:00:00,19.0,51,10.1,0.0,972.4
2017-05-23 23:00:00,18.3,53,6.9,0.0,972.6
2017-05-24 00:00:00,17.3,59,5.5,0.0,972.9
2017-05-24 01:00:00,15.8,69,8.9,0.0,972.5
2017-05-24 02:00:00,15.9,66,4.6,0.0,972.4
2017-05-24 03:00:00,14.1,75,4.8,0.0,971.9
2017-05-24 04:00:00,13.8,76,6.0,0.0,972.1
2017-05-24 05:00:00,12.7,81,4.2,0.0,972.0
2017-05-24 06:00:00,13.4,75,5.2,4.0,972.2
2017-05-24 07:00:00,16.1,62,6.2,88.0,973.2
2017-05-24 08:00:00,18.5,53,2.1,254.0,975.1
2017-05-24 09:00:00,20.9,46,4.5,435.0,975.2
2017-05-24 10:00:00,22.8,42,6.9,601.0,975.2
2017-05-24 11:00:00,24.5,37,7.6,761.0,975.1
2017-05-24 12:00:00,25.9,32,4.8,899.0,974.3
2017-05-24 13:00:00,26.9,28,3.4,943.0,973.5
2017-05-24 14:00:00,27.4,25,5.2,842.0,972.9
2017-05-24 15:00:00,27.7,23,7.6,826.0,972.0
2017-05-24 16:00:00,27.6,21,8.7,683.0,971.2
2017-05-24 17:00:00,27.0,21,9.3,439.0,970.5
2017-05-24 18:00:00,26.0,25,6.6,262.0,970.2
2017-05-24 19:00:00,23.4,52,7.3,118.0,970.0
2017-05-24 20:00:00,20.4,45,7.4,19.0,971.4
2017-05-24 21:00:00,19.7,53,7.0,0.0,972.0
2017-05-24 22:00:00,19.0,56,6.5,0.0,972.8
2017-05-24 23:00:00,17.8,62,6.3,0.0,972.5
2017-05-25 00:00:00,16.7,64,6.8,0.0,972.3
2017-05-25 01:00:00,16.2,59,8.1,0.0,971.8
2017-05-25 02:00:00,15.2,57,10.4,0.0,971.5
2017-05-25 03:00:00,14.9,53,11.2,0.0,971.1
2017-05-25 04:00:00,15.0,49,12.5,0.0,971.2
2017-05-25 05:00:00,15.3,47,11.3,0.0,971.2
2017-05-25 06:00:00,15.2,49,12.2,4.0,971.3
2017-05-25 07:00:00,17.1,48,12.0,103.0,972.0
2017-05-25 08:00:00,19.8,43,10.6,292.0,973.9
2017-05-25 09:00:00,22.3,37,12.1,496.0,974.0
2017-05-25 10:00:00,24.8,32,12.5,688.0,973.9
2017-05-25 11:00:00,26.9,27,10.7,843.0,973.5
2017-05-25 12:00:00,28.5,24,11.5,946.0,973.1
2017-05-25 13:00:00,29.7,22,10.4,989.0,972.3
2017-05-25 14:00:00,30.7,19,9.4,969.0,971.3
2017-05-25 15:00:00,31.1,18,9.3,887.0,970.4
2017-05-25 16:00:00,31.2,18,9.2,753.0,969.5
2017-05-25 17:00:00,30.7,19,8.1,567.0,968.8
2017-05-25 18:00:00,29.6,24,7.2,363.0,968.4
2017-05-25 19:00:00,26.1,32,8.0,163.0,968.0
2017-05-25 20:00:00,22.6,41,7.6,23.0,968.5
2017-05-25 21:00:00,22.0,42,9.5,0.0,968.6
2017-05-25 22:00:00,20.4,42,9.3,0.0,968.7
2017-05-25 23:00:00,19.2,45,10.2,0.0,969.2
2017-05-26 00:00:00,17.8,46,8.7,0.0,968.8
2017-05-26 01:00:00,16.6,46,7.1,0.0,967.9
2017-05-26 02:00:00,15.8,45,12.2,0.0,967.6
2017-05-26 03:00:00,15.1,45,11.7,0.0,967.3
2017-05-26 04:00:00,15.3,44,11.8,0.0,967.5
2017-05-26 05:00:00,15.3,44,10.9,0.0,967.5
2017-05-26 06:00:00,15.1,46,11.5,5.0,967.7
2017-05-26 07:00:00,17.2,45,9.0,104.0,968.3
2017-05-26 08:00:00,20.8,36,9.9,294.0,970.2
2017-05-26 09:00:00,23.6,31,10.3,501.0,970.3
2017-05-26 10:00:00,26.4,27,10.5,692.0,970.3
2017-05-26 11:00:00,28.8,23,9.7,845.0,970.3
2017-05-26 12:00:00,31.0,20,7.4,948.0,969.8
2017-05-26 13:00:00,32.5,18,6.6,994.0,969.0
2017-05-26 14:00:00,33.2,16,8.9,974.0,968.0
2017-05-26 15:00:00,33.4,14,9.9,890.0,967.1
2017-05-26 16:00:00,33.2,14,9.4,761.0,966.2
2017-05-26 17:00:00,32.8,14,7.6,576.0,965.4
2017-05-26 18:00:00,31.9,18,5.2,370.0,965.0
2017-05-26 19:00:00,27.4,33,7.9,169.0,964.5
2017-05-26 20:00:00,23.8,34,7.7,24.0,964.8
2017-05-26 21:00:00,23.8,35,13.4,0.0,964.9
2017-05-26 22:00:00,22.8,35,12.1,0.0,965.4
2017-05-26 23:00:00,21.4,38,8.4,0.0,965.6
2017-05-27 00:00:00,20.0,43,8.1,0.0,965.8
2017-05-27 01:00:00,18.3,47,9.3,0.0,965.5
2017-05-27 02:00:00,18.3,46,14.0,0.0,965.4
2017-05-27 03:00:00,18.4,46,14.2,0.0,965.5
2017-05-27 04:00:00,18.5,45,15.1,0.0,965.8
2017-05-27 05:00:00,18.5,45,14.3,0.0,965.9
2017-05-27 06:00:00,18.3,45,13.0,5.0,966.1
2017-05-27 07:00:00,20.7,41,13.1,103.0,966.8
2017-05-27 08:00:00,23.7,36,14.0,290.0,968.3
2017-05-27 09:00:00,26.4,32,13.9,495.0,968.9
2017-05-27 10:00:00,29.1,28,13.2,684.0,968.6
2017-05-27 11:00:00,31.2,24,12.4,838.0,968.4
2017-05-27 12:00:00,33.0,21,10.8,942.0,968.0
2017-05-27 13:00:00,34.4,18,9.4,985.0,967.1
2017-05-27 14:00:00,35.3,16,8.3,966.0,966.2
2017-05-27 15:00:00,35.7,14,6.9,887.0,965.2
2017-05-27 16:00:00,35.7,14,5.9,753.0,964.5
2017-05-27 17:00:00,35.4,14,6.3,574.0,963.9
2017-05-27 18:00:00,34.2,17,6.2,371.0,963.3
2017-05-27 19:00:00,30.1,28,7.2,170.0,962.9
2017-05-27 20:00:00,27.2,33,10.0,26.0,962.9
2017-05-27 21:00:00,25.5,33,13.3,0.0,963.2
2017-05-27 22:00:00,24.4,34,12.6,0.0,963.3
2017-05-27 23:00:00,22.9,39,8.8,0.0,963.8
2017-05-28 00:00:00,21.1,43,7.0,0.0,964.1
2017-05-28 01:00:00,20.7,41,11.0,0.0,964.0
2017-05-28 02:00:00,19.9,41,9.7,0.0,963.7
2017-05-28 03:00:00,19.0,44,10.0,0.0,963.4
2017-05-28 04:00:00,18.4,47,10.2,0.0,963.5
2017-05-28 05:00:00,17.9,49,11.3,0.0,963.9
2017-05-28 06:00:00,18.4,48,13.4,5.0,964.3
2017-05-28 07:00:00,21.0,43,12.2,106.0,964.9
2017-05-28 08:00:00,24.5,36,12.9,296.0,966.1
2017-05-28 09:00:00,27.7,31,9.5,502.0,966.6
2017-05-28 10:00:00,30.8,24,5.6,683.0,966.4
2017-05-28 11:00:00,33.3,20,4.3,847.0,966.2
2017-05-28 12:00:00,35.0,17,3.2,955.0,965.7
2017-05-28 13:00:00,36.0,15,2.5,966.0,964.7
2017-05-28 14:00:00,36.7,14,2.2,925.0,963.7
2017-05-28 15:00:00,37.0,13,5.5,817.0,962.6
2017-05-28 16:00:00,37.2,14,9.2,751.0,961.7
2017-05-28 17:00:00,36.7,14,14.5,556.0,961.0
2017-05-28 18:00:00,35.1,18,17.7,343.0,960.6
2017-05-28 19:00:00,32.7,22,15.8,131.0,960.5
2017-05-28 20:00:00,31.0,22,14.9,17.0,961.0
2017-05-28 21:00:00,29.6,22,12.0,0.0,961.3
2017-05-28 22:00:00,27.6,25,11.3,0.0,961.7
2017-05-28 23:00:00,26.2,29,12.7,0.0,962.0
2017-05-29 00:00:00,25.1,32,12.1,0.0,962.3
2017-05-29 01:00:00,24.2,37,9.3,0.0,962.3
2017-05-29 02:00:00,24.0,40,10.2,0.0,961.6
2017-05-29 03:00:00,23.2,43,7.2,0.0,961.6
2017-05-29 04:00:00,22.9,46,7.1,0.0,961.7
2017-05-29 05:00:00,21.6,51,10.5,0.0,961.6
2017-05-29 06:00:00,23.7,43,4.7,4.0,962.3
2017-05-29 07:00:00,24.1,44,1.5,54.0,962.6
2017-05-29 08:00:00,24.8,45,3.6,112.0,963.8
2017-05-29 09:00:00,25.1,46,3.5,83.0,964.5
2017-05-29 10:00:00,27.1,39,5.4,245.0,965.0
2017-05-29 11:00:00,27.9,37,3.1,237.0,965.2
2017-05-29 12:00:00,28.4,35,3.7,203.0,965.1
2017-05-29 13:00:00,28.1,37,9.4,182.0,965.2
2017-05-29 14:00:00,28.0,38,7.1,160.0,964.9
2017-05-29 15:00:00,27.3,39,8.6,90.0,964.9
2017-05-29 16:00:00,26.2,44,7.5,70.0,964.9
2017-05-29 17:00:00,24.5,54,7.5,62.0,964.7
2017-05-29 18:00:00,23.0,63,5.1,47.0,964.5
2017-05-29 19:00:00,22.4,68,4.6,29.0,964.4
2017-05-29 20:00:00,19.9,83,8.5,4.0,965.7
2017-05-29 21:00:00,19.3,84,8.0,0.0,966.1
2017-05-29 22:00:00,18.9,85,8.5,0.0,966.2
2017-05-29 23:00:00,18.8,84,6.1,0.0,966.5
2017-05-30 00:00:00,18.9,82,7.3,0.0,966.5
2017-05-30 01:00:00,18.4,84,10.5,0.0,966.1
2017-05-30 02:00:00,18.6,84,7.6,0.0,965.9
2017-05-30 03:00:00,19.0,82,4.7,0.0,965.4
2017-05-30 04:00:00,17.8,89,4.7,0.0,965.5
2017-05-30 05:00:00,17.9,90,4.7,0.0,965.7
2017-05-30 06:00:00,17.9,89,6.9,4.0,965.8
2017-05-30 07:00:00,19.3,78,5.9,92.0,966.0
2017-05-30 08:00:00,20.4,74,2.9,278.0,966.7
2017-05-30 09:00:00,22.8,63,5.9,445.0,967.1
2017-05-30 10:00:00,25.5,53,5.9,634.0,967.0
2017-05-30 11:00:00,27.4,47,6.3,719.0,966.2
2017-05-30 12:00:00,28.0,45,10.1,620.0,966.0
2017-05-30 13:00:00,28.6,44,7.3,549.0,965.3
2017-05-30 14:00:00,30.9,37,1.1,865.0,964.1
2017-05-30 15:00:00,31.2,35,4.4,770.0,963.2
2017-05-30 16:00:00,31.7,33,5.0,730.0,962.3
2017-05-30 17:00:00,31.4,33,6.5,527.0,961.5
2017-05-30 18:00:00,30.8,35,10.1,334.0,961.0
2017-05-30 19:00:00,29.5,38,8.6,154.0,960.9
2017-05-30 20:00:00,26.2,49,5.7,25.0,961.6
2017-05-30 21:00:00,25.2,53,8.8,0.0,962.1
2017-05-30 22:00:00,24.2,52,10.2,0.0,961.8
2017-05-30 23:00:00,23.8,53,10.2,0.0,961.4
2017-05-31 00:00:00,23.3,55,9.2,0.0,960.9
2017-05-31 01:00:00,21.9,61,6.7,0.0,959.9
2017-05-31 02:00:00,21.4,63,7.2,0.0,960.1
2017-05-31 03:00:00,20.4,67,7.7,0.0,959.7
2017-05-31 04:00:00,21.8,61,6.9,0.0,959.6
2017-05-31 05:00:00,20.6,67,2.9,0.0,960.0
2017-05-31 06:00:00,19.1,70,4.9,5.0,960.4
2017-05-31 07:00:00,20.7,63,0.4,87.0,960.6
2017-05-31 08:00:00,22.9,61,3.2,243.0,961.3
2017-05-31 09:00:00,25.1,55,5.1,377.0,961.5
2017-05-31 10:00:00,27.2,49,5.2,515.0,961.4
2017-05-31 11:00:00,28.9,44,5.5,579.0,960.9
2017-05-31 12:00:00,30.7,37,6.6,629.0,960.2
2017-05-31 13:00:00,32.6,31,7.2,735.0,959.2
2017-05-31 14:00:00,33.8,28,8.6,763.0,957.8
2017-05-31 15:00:00,34.3,25,6.6,642.0,957.4
2017-05-31 16:00:00,34.1,26,7.7,445.0,956.9
2017-05-31 17:00:00,33.6,28,10.8,335.0,956.4
2017-05-31 18:00:00,32.6,31,10.9,208.0,956.5
2017-05-31 19:00:00,30.4,37,8.2,71.0,956.7
2017-05-31 20:00:00,28.2,45,5.4,11.0,956.7
2017-05-31 21:00:00,28.0,38,10.3,0.0,957.0
2017-05-31 22:00:00,27.0,42,10.5,0.0,957.5
2017-05-31 23:00:00,26.1,47,8.6,0.0,957.9
2017-06-01 00:00:00,25.5,50,8.6,0.0,958.1
2017-06-01 01:00:00,25.3,51,13.0,0.0,958.0
2017-06-01 02:00:00,25.2,51,11.5,0.0,958.0
2017-06-01 03:00:00,24.5,54,9.6,0.0,958.0
2017-06-01 04:00:00,23.9,56,7.7,0.0,958.2
2017-06-01 05:00:00,23.5,57,10.1,0.0,958.2
2017-06-01 06:00:00,23.3,58,12.0,5.0,958.5
2017-06-01 07:00:00,24.8,55,10.5,81.0,959.0
2017-06-01 08:00:00,26.1,53,8.4,237.0,960.1
2017-06-01 09:00:00,28.2,47,10.4,425.0,960.7
2017-06-01 10:00:00,30.3,40,10.5,623.0,960.7
2017-06-01 11:00:00,32.1,36,7.6,783.0,960.6
2017-06-01 12:00:00,33.7,32,5.4,909.0,960.1
2017-06-01 13:00:00,34.9,29,4.0,961.0,959.7
2017-06-01 14:00:00,35.4,27,4.6,902.0,959.0
2017-06-01 15:00:00,35.3,26,2.9,809.0,958.6
2017-06-01 16:00:00,35.1,25,6.4,518.0,958.2
2017-06-01 17:00:00,33.6,29,17.6,484.0,958.0
2017-06-01 18:00:00,32.1,28,12.0,183.0,957.7
2017-06-01 19:00:00,31.3,32,5.9,153.0,958.0
2017-06-01 20:00:00,28.6,39,8.2,26.0,958.1
2017-06-01 21:00:00,26.7,45,9.0,0.0,958.2
2017-06-01 22:00:00,26.9,47,10.8,0.0,958.8
2017-06-01 23:00:00,25.2,54,7.3,0.0,958.9
2017-06-02 00:00:00,24.9,51,12.1,0.0,958.9
2017-06-02 01:00:00,24.4,50,12.6,0.0,958.6
2017-06-02 02:00:00,23.9,51,9.2,0.0,958.6
2017-06-02 03:00:00,22.8,53,7.9,0.0,958.4
2017-06-02 04:00:00,22.8,52,6.0,0.0,958.6
2017-06-02 05:00:00,22.8,52,3.3,0.0,958.8
2017-06-02 06:00:00,22.0,54,1.1,6.0,959.0
2017-06-02 07:00:00,22.7,54,1.6,107.0,959.2
2017-06-02 08:00:00,25.4,44,1.8,293.0,959.7
2017-06-02 09:00:00,28.5,37,1.8,496.0,960.3
2017-06-02 10:00:00,31.1,33,6.4,673.0,959.9
2017-06-02 11:00:00,33.2,29,6.4,830.0,959.7
2017-06-02 12:00:00,34.7,25,4.8,923.0,959.1
2017-06-02 13:00:00,35.8,23,4.0,966.0,958.2
2017-06-02 14:00:00,36.5,20,4.6,925.0,957.2
2017-06-02 15:00:00,36.9,18,5.7,850.0,956.5
2017-06-02 16:00:00,37.0,18,7.6,720.0,955.7
2017-06-02 17:00:00,36.4,20,10.0,514.0,955.4
2017-06-02 18:00:00,35.6,21,12.1,327.0,955.6
2017-06-02 19:00:00,33.4,25,7.7,106.0,956.1
2017-06-02 20:00:00,30.9,33,13.8,18.0,956.3
2017-06-02 21:00:00,29.9,33,11.9,0.0,957.0
2017-06-02 22:00:00,28.7,34,8.0,0.0,957.5
2017-06-02 23:00:00,28.4,37,10.4,0.0,957.9
2017-06-03 00:00:00,27.9,37,14.3,0.0,958.2
2017-06-03 01:00:00,27.8,36,13.1,0.0,958.4
2017-06-03 02:00:00,27.4,38,9.9,0.0,958.4
2017-06-03 03:00:00,26.7,40,7.9,0.0,958.5
2017-06-03 04:00:00,24.6,47,7.0,0.0,958.4
2017-06-03 05:00:00,24.2,49,8.0,0.0,958.7
2017-06-03 06:00:00,24.3,50,7.1,4.0,959.2
2017-06-03 07:00:00,26.0,47,4.8,69.0,960.3
2017-06-03 08:00:00,27.9,43,16.1,96.0,961.7
2017-06-03 09:00:00,28.7,45,19.3,359.0,962.3
2017-06-03 10:00:00,29.6,44,19.1,460.0,962.5
2017-06-03 11:00:00,28.2,48,18.7,281.0,962.8
2017-06-03 12:00:00,27.9,48,17.6,279.0,962.6
2017-06-03 13:00:00,29.1,45,18.6,544.0,962.6
2017-06-03 14:00:00,25.5,67,12.6,300.0,962.7
2017-06-03 15:00:00,23.9,85,7.9,141.0,962.3
2017-06-03 16:00:00,23.1,91,9.4,65.0,962.3
2017-06-03 17:00:00,22.3,88,13.0,97.0,962.3
2017-06-03 18:00:00,21.4,88,13.8,48.0,962.4
2017-06-03 19:00:00,20.8,89,14.6,17.0,963.1
2017-06-03 20:00:00,19.2,93,13.6,3.0,964.8
2017-06-03 21:00:00,19.1,92,15.0,0.0,964.9
2017-06-03 22:00:00,19.0,92,15.8,0.0,964.8
2017-06-03 23:00:00,18.8,93,13.5,0.0,964.9
2017-06-04 00:00:00,18.4,94,16.5,0.0,964.8
2017-06-04 01:00:00,18.1,95,17.1,0.0,964.3
2017-06-04 02:00:00,17.9,95,16.4,0.0,963.9
2017-06-04 03:00:00,17.7,96,17.1,0.0,963.3
2017-06-04 04:00:00,17.5,96,17.2,0.0,962.9
2017-06-04 05:00:00,17.3,96,18.5,0.0,962.9
2017-06-04 06:00:00,17.2,95,20.4,0.0,963.0
2017-06-04 07:00:00,17.1,95,20.9,7.0,963.1
2017-06-04 08:00:00,16.7,93,20.5,25.0,964.3
2017-06-04 09:00:00,16.9,93,18.9,41.0,964.6
2017-06-04 10:00:00,16.9,94,18.1,44.0,964.6
2017-06-04 11:00:00,16.8,94,18.1,55.0,964.4
2017-06-04 12:00:00,16.9,93,18.9,69.0,964.7
2017-06-04 13:00:00,17.1,93,17.8,66.0,964.0
2017-06-04 14:00:00,17.4,93,17.9,94.0,963.5
2017-06-04 15:00:00,17.4,93,18.4,88.0,963.0
2017-06-04 16:00:00,17.8,90,17.6,83.0,963.0
2017-06-04 17:00:00,17.5,94,18.2,64.0,962.6
2017-06-04 18:00:00,17.5,94,19.7,27.0,962.5
2017-06-04 19:00:00,17.5,93,20.2,16.0,962.6
2017-06-04 20:00:00,16.9,94,19.9,2.0,963.6
2017-06-04 21:00:00,16.8,94,20.9,0.0,964.2
2017-06-04 22:00:00,16.8,94,19.3,0.0,964.6
2017-06-04 23:00:00,16.6,94,18.4,0.0,964.6
2017-06-05 00:00:00,16.5,95,16.1,0.0,964.7
2017-06-05 01:00:00,16.3,96,16.8,0.0,963.9
2017-06-05 02:00:00,16.0,96,18.4,0.0,963.4
2017-06-05 03:00:00,15.9,97,15.1,0.0,963.5
2017-06-05 04:00:00,15.9,97,13.8,0.0,963.8
2017-06-05 05:00:00,16.0,96,14.5,0.0,963.7
2017-06-05 06:00:00,15.9,96,15.3,1.0,963.5
2017-06-05 07:00:00,15.8,96,12.3,8.0,964.1
2017-06-05 08:00:00,15.8,95,11.3,17.0,965.0
2017-06-05 09:00:00,15.8,96,11.0,37.0,965.5
2017-06-05 10:00:00,15.8,96,9.0,48.0,965.6
2017-06-05 11:00:00,16.1,93,8.8,57.0,965.3
2017-06-05 12:00:00,17.0,87,6.2,121.0,965.3
2017-06-05 13:00:00,18.3,78,4.4,258.0,965.1
2017-06-05 14:00:00,19.3,74,6.3,350.0,964.6
2017-06-05 15:00:00,19.9,70,7.6,400.0,964.2
2017-06-05 16:00:00,20.0,70,11.6,324.0,964.1
2017-06-05 17:00:00,19.8,71,11.3,289.0,964.2
2017-06-05 18:00:00,19.6,71,8.8,157.0,964.1
2017-06-05 19:00:00,18.7,76,11.0,108.0,965.0
2017-06-05 20:00:00,17.2,79,13.0,23.0,966.8
2017-06-05 21:00:00,16.0,83,12.0,0.0,967.1
2017-06-05 22:00:00,15.4,86,9.3,0.0,967.7
2017-06-05 23:00:00,15.4,86,8.7,0.0,967.8
2017-06-06 00:00:00,14.8,91,8.6,0.0,967.4
2017-06-06 01:00:00,14.4,93,6.4,0.0,967.3
2017-06-06 02:00:00,14.0,96,7.4,0.0,967.0
2017-06-06 03:00:00,13.9,95,4.9,0.0,966.9
2017-06-06 04:00:00,14.1,94,2.9,0.0,967.1
2017-06-06 05:00:00,14.4,93,4.3,0.0,967.5
2017-06-06 06:00:00,14.5,92,8.7,2.0,967.6
2017-06-06 07:00:00,15.3,88,7.7,66.0,967.6
2017-06-06 08:00:00,17.3,81,6.6,281.0,968.1
2017-06-06 09:00:00,19.5,73,8.9,491.0,968.2
2017-06-06 10:00:00,21.5,65,11.5,643.0,968.0
2017-06-06 11:00:00,23.5,59,12.5,828.0,967.8
2017-06-06 12:00:00,25.3,54,12.2,902.0,967.5
2017-06-06 13:00:00,26.6,49,11.1,860.0,966.7
2017-06-06 14:00:00,27.3,48,10.9,831.0,966.2
2017-06-06 15:00:00,27.9,46,8.8,723.0,965.2
2017-06-06 16:00:00,28.1,46,10.8,675.0,964.5
2017-06-06 17:00:00,27.9,47,8.1,498.0,964.2
2017-06-06 18:00:00,27.0,54,7.7,280.0,963.8
2017-06-06 19:00:00,25.3,62,7.4,166.0,963.9
2017-06-06 20:00:00,24.2,53,14.0,31.0,963.4
2017-06-06 21:00:00,23.5,50,9.1,0.0,964.4
2017-06-06 22:00:00,23.0,50,4.7,0.0,965.6
2017-06-06 23:00:00,22.1,53,4.5,0.0,966.0
2017-06-07 00:00:00,19.1,73,7.7,0.0,965.3
2017-06-07 01:00:00,19.6,75,9.3,0.0,965.2
2017-06-07 02:00:00,17.5,84,8.9,0.0,965.0
2017-06-07 03:00:00,18.5,79,4.2,0.0,965.5
2017-06-07 04:00:00,17.9,84,1.6,0.0,965.6
2017-06-07 05:00:00,15.5,93,3.2,0.0,965.5
2017-06-07 06:00:00,15.9,88,6.7,6.0,966.1
2017-06-07 07:00:00,17.9,79,5.0,101.0,967.1
2017-06-07 08:00:00,20.4,72,7.2,259.0,969.0
2017-06-07 09:00:00,22.5,64,3.7,476.0,969.5
2017-06-07 10:00:00,24.4,59,1.6,667.0,969.3
2017-06-07 11:00:00,25.8,56,4.5,817.0,969.0
2017-06-07 12:00:00,26.9,54,4.2,840.0,968.7
2017-06-07 13:00:00,27.7,52,4.3,904.0,967.6
2017-06-07 14:00:00,28.4,52,6.6,832.0,966.4
2017-06-07 15:00:00,28.7,52,7.9,778.0,965.5
2017-06-07 16:00:00,28.8,53,7.9,599.0,964.7
2017-06-07 17:00:00,28.6,53,10.2,461.0,964.6
2017-06-07 18:00:00,27.2,57,14.7,262.0,964.7
2017-06-07 19:00:00,25.0,66,16.1,91.0,965.4
2017-06-07 20:00:00,24.0,65,9.0,24.0,965.1
2017-06-07 21:00:00,23.4,69,7.4,0.0,965.5
2017-06-07 22:00:00,22.2,76,5.6,0.0,966.3
2017-06-07 23:00:00,21.9,80,4.7,0.0,966.6
2017-06-08 00:00:00,21.3,86,5.2,0.0,966.7
2017-06-08 01:00:00,21.5,83,2.9,0.0,966.0
2017-06-08 02:00:00,20.0,91,3.6,0.0,965.6
2017-06-08 03:00:00,19.5,92,5.0,0.0,965.5
2017-06-08 04:00:00,19.5,93,0.4,0.0,966.0
2017-06-08 05:00:00,19.3,94,5.1,0.0,966.5
2017-06-08 06:00:00,19.3,96,2.3,3.0,966.8
2017-06-08 07:00:00,20.0,92,3.1,47.0,967.2
2017-06-08 08:00:00,20.1,92,1.9,202.0,968.0
2017-06-08 09:00:00,20.7,88,2.2,144.0,968.6
2017-06-08 10:00:00,21.9,78,4.7,280.0,968.1
2017-06-08 11:00:00,24.1,67,7.8,560.0,968.1
2017-06-08 12:00:00,24.9,64,8.6,557.0,967.8
2017-06-08 13:00:00,26.1,60,7.8,676.0,966.6
2017-06-08 14:00:00,27.3,56,5.9,710.0,965.6
2017-06-08 15:00:00,28.2,51,7.3,840.0,964.6
2017-06-08 16:00:00,27.7,54,9.7,583.0,963.8
2017-06-08 17:00:00,27.4,55,11.8,463.0,963.3
2017-06-08 18:00:00,26.7,58,13.2,333.0,962.7
2017-06-08 19:00:00,25.2,65,11.7,131.0,962.9
2017-06-08 20:00:00,23.8,72,12.3,24.0,962.8
2017-06-08 21:00:00,23.3,76,11.9,0.0,963.5
2017-06-08 22:00:00,23.0,74,12.6,0.0,963.8
2017-06-08 23:00:00,22.7,71,11.2,0.0,964.2
2017-06-09 00:00:00,21.8,76,8.9,0.0,964.6
2017-06-09 01:00:00,20.6,84,6.4,0.0,964.1
2017-06-09 02:00:00,19.4,92,5.9,0.0,963.9
2017-06-09 03:00:00,19.0,94,5.8,0.0,963.7
2017-06-09 04:00:00,19.6,91,5.6,0.0,963.4
2017-06-09 05:00:00,19.6,90,7.3,0.0,963.2
2017-06-09 06:00:00,19.4,90,10.4,6.0,963.2
2017-06-09 07:00:00,21.0,83,11.3,84.0,963.4
2017-06-09 08:00:00,21.3,85,7.1,122.0,964.1
2017-06-09 09:00:00,21.8,83,5.9,121.0,965.0
2017-06-09 10:00:00,22.2,82,8.7,144.0,964.8
2017-06-09 11:00:00,22.7,80,11.1,233.0,964.7
2017-06-09 12:00:00,21.8,89,10.1,151.0,964.5
2017-06-09 13:00:00,21.8,91,11.4,130.0,964.0
2017-06-09 14:00:00,22.8,84,9.7,202.0,963.8
2017-06-09 15:00:00,23.3,78,8.9,240.0,963.7
2017-06-09 16:00:00,23.1,74,6.8,165.0,963.3
2017-06-09 17:00:00,23.3,73,5.4,150.0,963.4
2017-06-09 18:00:00,22.2,81,10.2,39.0,963.6
2017-06-09 19:00:00,21.2,91,12.3,20.0,964.2
2017-06-09 20:00:00,19.8,91,6.5,3.0,965.4
2017-06-09 21:00:00,19.7,92,7.3,0.0,965.5
2017-06-09 22:00:00,19.3,95,7.1,0.0,966.1
2017-06-09 23:00:00,19.4,92,8.9,0.0,966.5
2017-06-10 00:00:00,19.5,88,10.0,0.0,966.0
2017-06-10 01:00:00,19.3,88,10.7,0.0,965.7
2017-06-10 02:00:00,18.7,90,10.0,0.0,965.4
2017-06-10 03:00:00,18.8,90,10.5,0.0,964.9
2017-06-10 04:00:00,18.4,93,10.2,0.0,964.8
2017-06-10 05:00:00,18.3,93,9.9,0.0,965.0
2017-06-10 06:00:00,18.1,92,11.1,6.0,965.1
2017-06-10 07:00:00,19.1,86,11.4,109.0,965.7
2017-06-10 08:00:00,20.4,80,10.6,293.0,966.5
2017-06-10 09:00:00,22.1,71,10.2,416.0,967.0
2017-06-10 10:00:00,24.1,64,10.6,673.0,966.9
2017-06-10 11:00:00,25.8,57,9.1,823.0,966.7
2017-06-10 12:00:00,27.3,51,8.3,928.0,966.6
2017-06-10 13:00:00,28.2,47,6.9,976.0,966.2
2017-06-10 14:00:00,28.3,47,8.5,833.0,965.5
2017-06-10 15:00:00,28.7,45,9.1,818.0,964.7
2017-06-10 16:00:00,28.8,45,7.4,680.0,964.3
2017-06-10 17:00:00,28.7,45,5.1,538.0,963.6
2017-06-10 18:00:00,28.3,48,5.4,377.0,963.2
2017-06-10 19:00:00,26.6,61,5.5,185.0,963.0
2017-06-10 20:00:00,24.5,64,7.7,34.0,962.8
2017-06-10 21:00:00,23.8,62,11.1,0.0,963.5
2017-06-10 22:00:00,23.5,61,10.0,0.0,963.9
2017-06-10 23:00:00,22.5,66,6.0,0.0,963.9
2017-06-11 00:00:00,21.7,70,5.8,0.0,963.8
2017-06-11 01:00:00,21.5,69,6.3,0.0,963.7
2017-06-11 02:00:00,20.9,75,8.9,0.0,963.9
2017-06-11 03:00:00,20.6,76,8.0,0.0,963.8
2017-06-11 04:00:00,20.5,76,5.8,0.0,963.7
2017-06-11 05:00:00,21.0,69,2.8,0.0,963.9
2017-06-11 06:00:00,20.3,73,2.5,4.0,964.0
2017-06-11 07:00:00,21.1,73,3.3,77.0,964.3
2017-06-11 08:00:00,22.3,80,1.1,261.0,965.3
2017-06-11 09:00:00,23.6,76,2.0,245.0,965.7
2017-06-11 10:00:00,24.6,72,4.7,336.0,966.0
2017-06-11 11:00:00,25.8,66,3.6,456.0,966.3
2017-06-11 12:00:00,24.7,69,4.5,183.0,966.1
2017-06-11 13:00:00,24.7,69,4.4,199.0,965.9
2017-06-11 14:00:00,25.5,66,3.2,234.0,965.4
2017-06-11 15:00:00,26.0,65,3.9,222.0,964.7
2017-06-11 16:00:00,26.5,65,4.4,262.0,964.1
2017-06-11 17:00:00,26.4,68,6.3,229.0,963.5
2017-06-11 18:00:00,26.8,66,6.8,276.0,963.4
2017-06-11 19:00:00,25.3,71,9.3,96.0,963.5
2017-06-11 20:00:00,25.0,57,11.4,20.0,964.6
2017-06-11 21:00:00,24.7,56,12.1,0.0,965.1
2017-06-11 22:00:00,24.2,56,11.4,0.0,965.4
2017-06-11 23:00:00,23.7,61,11.6,0.0,965.6
2017-06-12 00:00:00,23.4,65,10.4,0.0,965.3
2017-06-12 01:00:00,22.5,68,6.8,0.0,965.1
2017-06-12 02:00:00,23.4,63,4.3,0.0,965.2
2017-06-12 03:00:00,22.6,67,0.8,0.0,965.2
2017-06-12 04:00:00,22.1,71,2.9,0.0,965.1
2017-06-12 05:00:00,20.3,83,5.6,0.0,964.9
2017-06-12 06:00:00,20.4,81,4.9,4.0,965.2
2017-06-12 07:00:00,21.6,77,4.2,77.0,965.6
2017-06-12 08:00:00,22.1,76,0.7,234.0,967.1
2017-06-12 09:00:00,23.5,71,1.3,300.0,967.9
2017-06-12 10:00:00,24.5,67,2.4,382.0,967.8
2017-06-12 11:00:00,26.0,60,2.3,539.0,967.8
2017-06-12 12:00:00,27.1,55,2.3,578.0,967.5
2017-06-12 13:00:00,28.4,50,2.1,704.0,967.2
2017-06-12 14:00:00,29.4,45,2.9,795.0,966.3
2017-06-12 15:00:00,30.2,43,6.1,879.0,965.5
2017-06-12 16:00:00,30.2,42,6.5,692.0,964.7
2017-06-12 17:00:00,29.9,42,8.9,511.0,964.0
2017-06-12 18:00:00,28.8,46,9.5,315.0,963.8
2017-06-12 19:00:00,27.4,50,12.1,144.0,964.0
2017-06-12 20:00:00,24.4,69,9.6,28.0,964.0
2017-06-12 21:00:00,25.6,55,9.4,0.0,964.8
2017-06-12 22:00:00,24.9,52,11.7,0.0,965.3
2017-06-12 23:00:00,24.2,56,14.3,0.0,965.6
2017-06-13 00:00:00,23.7,58,17.8,0.0,965.6
2017-06-13 01:00:00,23.5,58,19.5,0.0,965.5
2017-06-13 02:00:00,23.1,60,16.1,0.0,965.5
2017-06-13 03:00:00,22.4,64,10.7,0.0,965.6
2017-06-13 04:00:00,21.1,70,9.4,0.0,965.6
2017-06-13 05:00:00,21.8,66,3.3,0.0,965.8
2017-06-13 06:00:00,21.1,69,2.0,6.0,965.8
2017-06-13 07:00:00,21.8,71,0.4,109.0,966.2
2017-06-13 08:00:00,23.8,63,2.9,291.0,967.5
2017-06-13 09:00:00,25.7,59,6.8,491.0,968.0
2017-06-13 10:00:00,27.5,54,7.6,675.0,967.7
2017-06-13 11:00:00,29.2,46,6.0,823.0,967.5
2017-06-13 12:00:00,30.5,40,5.5,891.0,967.0
2017-06-13 13:00:00,31.4,36,7.0,873.0,966.5
2017-06-13 14:00:00,31.9,34,9.7,907.0,966.1
2017-06-13 15:00:00,32.0,34,10.1,751.0,965.4
2017-06-13 16:00:00,32.2,33,10.1,675.0,964.8
2017-06-13 17:00:00,31.9,33,11.6,523.0,964.5
2017-06-13 18:00:00,30.5,41,9.3,301.0,964.4
2017-06-13 19:00:00,28.5,50,9.5,169.0,964.5
2017-06-13 20:00:00,26.8,52,7.4,33.0,965.2
2017-06-13 21:00:00,26.7,49,12.5,0.0,966.0
2017-06-13 22:00:00,26.0,54,14.8,0.0,966.4
2017-06-13 23:00:00,25.6,56,18.9,0.0,966.9
2017-06-14 00:00:00,25.6,56,22.7,0.0,967.1
2017-06-14 01:00:00,25.3,58,24.5,0.0,967.2
2017-06-14 02:00:00,24.6,60,18.9,0.0,967.1
2017-06-14 03:00:00,24.1,61,13.2,0.0,967.0
2017-06-14 04:00:00,23.6,62,12.0,0.0,967.3
2017-06-14 05:00:00,23.0,64,11.7,0.0,967.3
2017-06-14 06:00:00,22.6,67,11.0,2.0,967.2
2017-06-14 07:00:00,23.0,68,12.3,56.0,967.6
2017-06-14 08:00:00,24.5,64,10.5,147.0,968.2
2017-06-14 09:00:00,25.5,60,9.8,254.0,969.1
2017-06-14 10:00:00,26.7,51,9.0,327.0,969.2
2017-06-14 11:00:00,28.3,45,10.5,565.0,969.2
2017-06-14 12:00:00,29.0,43,10.4,673.0,968.8
2017-06-14 13:00:00,29.5,41,11.1,672.0,968.5
2017-06-14 14:00:00,30.1,38,13.2,766.0,968.0
2017-06-14 15:00:00,30.2,37,13.0,706.0,967.4
2017-06-14 16:00:00,29.9,37,13.0,509.0,967.1
2017-06-14 17:00:00,29.3,39,13.5,318.0,966.9
2017-06-14 18:00:00,27.9,45,12.1,153.0,966.6
2017-06-14 19:00:00,26.6,49,9.4,97.0,966.9
2017-06-14 20:00:00,25.3,50,15.0,23.0,967.6
2017-06-14 21:00:00,24.7,51,15.1,0.0,967.7
2017-06-14 22:00:00,23.8,54,14.1,0.0,968.0
2017-06-14 23:00:00,23.2,55,13.3,0.0,967.9
2017-06-15 00:00:00,22.7,56,12.5,0.0,967.6
2017-06-15 01:00:00,22.2,57,11.1,0.0,967.3
2017-06-15 02:00:00,21.7,60,8.8,0.0,966.7
2017-06-15 03:00:00,20.5,65,6.3,0.0,966.3
2017-06-15 04:00:00,19.5,72,8.7,0.0,966.0
2017-06-15 05:00:00,19.0,73,7.3,0.0,966.1
2017-06-15 06:00:00,19.4,71,5.2,6.0,966.5
2017-06-15 07:00:00,21.4,65,5.1,104.0,967.0
2017-06-15 08:00:00,22.6,62,1.1,260.0,968.2
2017-06-15 09:00:00,24.3,56,1.5,404.0,968.4
2017-06-15 10:00:00,25.8,51,1.0,589.0,968.2
2017-06-15 11:00:00,27.2,46,1.3,803.0,967.6
2017-06-15 12:00:00,28.4,43,2.2,879.0,967.6
2017-06-15 13:00:00,29.3,40,4.3,880.0,966.9
2017-06-15 14:00:00,29.9,39,4.9,841.0,966.5
2017-06-15 15:00:00,30.3,37,4.9,838.0,965.7
2017-06-15 16:00:00,30.4,37,5.6,680.0,964.9
2017-06-15 17:00:00,30.1,38,6.2,507.0,964.1
2017-06-15 18:00:00,29.6,39,6.6,337.0,963.7
2017-06-15 19:00:00,27.7,60,4.3,184.0,963.5
2017-06-15 20:00:00,25.1,61,6.8,37.0,964.2
2017-06-15 21:00:00,24.2,66,6.2,0.0,964.7
2017-06-15 22:00:00,22.7,75,6.2,0.0,964.8
2017-06-15 23:00:00,21.5,82,7.3,0.0,964.9
2017-06-16 00:00:00,21.4,79,5.4,0.0,964.8
2017-06-16 01:00:00,21.0,77,9.1,0.0,964.4
2017-06-16 02:00:00,20.7,75,10.1,0.0,964.3
2017-06-16 03:00:00,20.6,73,9.7,0.0,964.0
2017-06-16 04:00:00,20.0,74,10.4,0.0,963.7
2017-06-16 05:00:00,19.8,73,9.5,0.0,964.0
2017-06-16 06:00:00,19.7,74,8.7,6.0,964.1
2017-06-16 07:00:00,21.6,68,6.8,105.0,964.6
2017-06-16 08:00:00,24.5,60,6.9,282.0,965.9
2017-06-16 09:00:00,26.5,52,6.0,451.0,966.2
2017-06-16 10:00:00,27.9,48,4.2,580.0,965.9
2017-06-16 11:00:00,29.6,42,3.0,825.0,965.4
2017-06-16 12:00:00,30.8,39,1.3,918.0,965.2
2017-06-16 13:00:00,31.5,37,3.9,933.0,964.4
2017-06-16 14:00:00,31.8,36,6.4,835.0,963.7
2017-06-16 15:00:00,32.3,34,7.0,813.0,962.8
2017-06-16 16:00:00,32.5,32,8.5,722.0,962.1
2017-06-16 17:00:00,32.1,33,9.2,566.0,961.6
2017-06-16 18:00:00,31.4,36,9.7,379.0,961.0
2017-06-16 19:00:00,29.4,47,6.6,181.0,960.8
2017-06-16 20:00:00,27.3,51,7.2,40.0,960.9
2017-06-16 21:00:00,25.8,58,7.1,0.0,961.0
2017-06-16 22:00:00,25.7,55,10.0,0.0,961.6
2017-06-16 23:00:00,25.0,55,12.0,0.0,961.7
2017-06-17 00:00:00,24.5,56,12.0,0.0,961.8
2017-06-17 01:00:00,23.8,60,7.7,0.0,961.8
2017-06-17 02:00:00,22.0,69,10.6,0.0,961.4
2017-06-17 03:00:00,22.4,66,7.1,0.0,961.4
2017-06-17 04:00:00,22.8,63,4.5,0.0,961.6
2017-06-17 05:00:00,20.2,77,6.8,0.0,961.5
2017-06-17 06:00:00,20.1,78,4.7,6.0,961.6
2017-06-17 07:00:00,22.6,67,2.7,109.0,962.3
2017-06-17 08:00:00,24.5,62,2.6,290.0,963.5
2017-06-17 09:00:00,26.0,57,5.4,369.0,963.8
2017-06-17 10:00:00,27.7,52,5.3,597.0,963.3
2017-06-17 11:00:00,29.2,49,5.0,760.0,963.1
2017-06-17 12:00:00,30.2,46,6.0,736.0,962.9
2017-06-17 13:00:00,31.4,43,7.2,829.0,962.4
2017-06-17 14:00:00,31.9,40,9.3,750.0,961.4
2017-06-17 15:00:00,32.8,36,11.4,805.0,960.7
2017-06-17 16:00:00,32.8,36,9.4,634.0,960.4
2017-06-17 17:00:00,32.7,36,6.7,485.0,959.9
2017-06-17 18:00:00,31.6,41,7.6,238.0,959.4
2017-06-17 19:00:00,29.6,51,8.9,109.0,959.6
2017-06-17 20:00:00,27.2,55,5.8,27.0,960.5
2017-06-17 21:00:00,25.9,60,6.6,0.0,960.5
2017-06-17 22:00:00,25.5,62,5.7,0.0,960.9
2017-06-17 23:00:00,24.8,63,6.3,0.0,961.3
2017-06-18 00:00:00,23.4,66,9.2,0.0,961.5
2017-06-18 01:00:00,22.6,66,8.7,0.0,961.6
2017-06-18 02:00:00,21.5,70,9.3,0.0,961.1
2017-06-18 03:00:00,21.3,72,8.3,0.0,960.9
2017-06-18 04:00:00,21.7,71,5.7,0.0,960.7
2017-06-18 05:00:00,20.8,73,5.9,0.0,960.7
2017-06-18 06:00:00,20.5,70,5.4,6.0,960.8
2017-06-18 07:00:00,22.7,63,4.5,104.0,961.4
2017-06-18 08:00:00,25.1,56,5.4,288.0,962.6
2017-06-18 09:00:00,27.1,52,3.3,479.0,962.9
2017-06-18 10:00:00,28.7,48,1.8,659.0,963.0
2017-06-18 11:00:00,30.2,45,2.1,813.0,962.7
2017-06-18 12:00:00,31.3,42,3.6,906.0,962.4
2017-06-18 13:00:00,32.2,39,4.1,884.0,961.7
2017-06-18 14:00:00,32.8,37,4.0,849.0,960.8
2017-06-18 15:00:00,33.2,35,4.2,759.0,959.8
2017-06-18 16:00:00,33.1,36,5.2,519.0,959.2
2017-06-18 17:00:00,32.9,36,6.4,436.0,958.7
2017-06-18 18:00:00,32.4,38,8.7,304.0,958.4
2017-06-18 19:00:00,30.6,45,10.0,146.0,958.6
2017-06-18 20:00:00,28.7,47,11.3,33.0,958.8
2017-06-18 21:00:00,28.5,46,11.6,0.0,959.5
2017-06-18 22:00:00,27.8,47,8.6,0.0,959.8
2017-06-18 23:00:00,26.6,51,7.6,0.0,959.7
2017-06-19 00:00:00,25.8,53,8.9,0.0,959.4
2017-06-19 01:00:00,23.9,58,7.9,0.0,959.2
2017-06-19 02:00:00,22.7,63,8.1,0.0,959.4
2017-06-19 03:00:00,23.1,58,5.6,0.0,959.1
2017-06-19 04:00:00,22.7,60,6.0,0.0,959.2
2017-06-19 05:00:00,21.9,64,4.9,0.0,959.4
2017-06-19 06:00:00,22.0,65,4.8,5.0,959.6
2017-06-19 07:00:00,23.7,60,2.7,90.0,960.3
2017-06-19 08:00:00,26.2,51,0.8,246.0,961.8
2017-06-19 09:00:00,27.8,48,1.3,416.0,962.0
2017-06-19 10:00:00,29.3,46,2.4,562.0,962.2
2017-06-19 11:00:00,31.1,42,2.3,747.0,961.9
2017-06-19 12:00:00,32.6,38,1.8,822.0,961.3
2017-06-19 13:00:00,33.9,34,1.1,909.0,960.7
2017-06-19 14:00:00,33.8,33,1.8,702.0,959.5
2017-06-19 15:00:00,34.4,30,1.8,654.0,958.6
2017-06-19 16:00:00,34.4,29,2.8,557.0,958.6
2017-06-19 17:00:00,34.1,29,8.0,372.0,958.8
2017-06-19 18:00:00,33.7,30,9.1,292.0,959.0
2017-06-19 19:00:00,32.0,36,10.5,154.0,959.4
2017-06-19 20:00:00,25.6,63,4.3,27.0,962.7
2017-06-19 21:00:00,24.9,69,8.8,0.0,963.4
2017-06-19 22:00:00,24.4,76,14.0,0.0,963.2
2017-06-19 23:00:00,23.9,79,9.7,0.0,963.0
2017-06-20 00:00:00,23.6,79,6.1,0.0,962.5
2017-06-20 01:00:00,23.4,75,8.0,0.0,962.2
2017-06-20 02:00:00,23.1,75,12.7,0.0,962.2
2017-06-20 03:00:00,23.0,74,15.2,0.0,962.1
2017-06-20 04:00:00,23.0,72,12.7,0.0,962.0
2017-06-20 05:00:00,22.8,73,10.8,0.0,962.1
2017-06-20 06:00:00,22.7,75,9.2,3.0,962.3
2017-06-20 07:00:00,23.5,71,9.4,77.0,962.4
2017-06-20 08:00:00,24.8,62,10.7,244.0,962.6
2017-06-20 09:00:00,27.0,50,11.2,468.0,962.4
2017-06-20 10:00:00,29.0,43,9.3,601.0,962.2
2017-06-20 11:00:00,30.9,37,7.6,782.0,961.8
2017-06-20 12:00:00,32.2,34,5.1,886.0,961.0
2017-06-20 13:00:00,33.4,31,3.3,948.0,960.2
2017-06-20 14:00:00,34.1,30,3.3,911.0,959.2
2017-06-20 15:00:00,34.3,30,4.2,844.0,958.5
2017-06-20 16:00:00,33.9,27,10.3,659.0,958.4
2017-06-20 17:00:00,32.1,34,10.3,304.0,958.1
2017-06-20 18:00:00,31.8,37,10.0,254.0,957.8
2017-06-20 19:00:00,30.6,45,5.4,143.0,957.7
2017-06-20 20:00:00,28.7,48,6.2,36.0,957.3
2017-06-20 21:00:00,27.6,54,6.9,0.0,957.5
2017-06-20 22:00:00,26.6,58,9.2,0.0,957.6
2017-06-20 23:00:00,26.0,57,13.0,0.0,958.1
2017-06-21 00:00:00,25.7,55,12.8,0.0,958.1
2017-06-21 01:00:00,25.2,55,7.7,0.0,958.0
2017-06-21 02:00:00,24.1,60,7.4,0.0,957.8
2017-06-21 03:00:00,23.1,66,9.3,0.0,957.1
2017-06-21 04:00:00,24.6,58,5.8,0.0,957.5
2017-06-21 05:00:00,23.8,62,2.7,0.0,957.7
2017-06-21 06:00:00,22.1,75,3.8,6.0,957.9
2017-06-21 07:00:00,23.9,65,1.6,93.0,958.7
2017-06-21 08:00:00,26.4,58,2.3,226.0,958.9
2017-06-21 09:00:00,28.0,54,2.1,362.0,959.5
2017-06-21 10:00:00,29.9,49,2.3,511.0,959.5
2017-06-21 11:00:00,31.1,44,2.3,592.0,959.0
2017-06-21 12:00:00,32.7,38,2.9,731.0,958.6
2017-06-21 13:00:00,30.5,48,10.2,820.0,958.9
2017-06-21 14:00:00,32.6,42,6.5,808.0,957.6
2017-06-21 15:00:00,28.4,58,13.8,453.0,957.8
2017-06-21 16:00:00,27.7,59,3.6,501.0,957.3
2017-06-21 17:00:00,29.6,52,3.9,406.0,957.1
2017-06-21 18:00:00,29.0,55,8.6,313.0,957.4
2017-06-21 19:00:00,28.5,57,5.9,135.0,957.8
2017-06-21 20:00:00,27.5,61,9.9,31.0,957.3
2017-06-21 21:00:00,26.3,65,11.1,0.0,957.8
2017-06-21 22:00:00,25.4,70,4.7,0.0,958.5
2017-06-21 23:00:00,25.1,73,4.0,0.0,958.8
2017-06-22 00:00:00,24.2,77,3.2,0.0,959.0
2017-06-22 01:00:00,23.5,80,3.4,0.0,959.1
2017-06-22 02:00:00,23.0,82,3.6,0.0,959.4
2017-06-22 03:00:00,22.8,82,7.0,0.0,959.3
2017-06-22 04:00:00,22.5,83,9.5,0.0,959.4
2017-06-22 05:00:00,22.3,81,6.4,0.0,959.7
2017-06-22 06:00:00,22.3,81,2.5,5.0,960.0
2017-06-22 07:00:00,23.6,76,2.9,103.0,960.9
2017-06-22 08:00:00,24.3,71,3.5,286.0,961.7
2017-06-22 09:00:00,26.9,59,4.9,484.0,962.3
2017-06-22 10:00:00,29.2,49,6.5,668.0,962.3
2017-06-22 11:00:00,31.2,42,6.5,826.0,962.2
2017-06-22 12:00:00,32.5,37,5.4,879.0,961.7
2017-06-22 13:00:00,33.5,34,4.8,867.0,961.1
2017-06-22 14:00:00,34.3,32,3.9,922.0,960.3
2017-06-22 15:00:00,34.7,30,2.6,858.0,959.3
2017-06-22 16:00:00,34.8,30,3.9,726.0,958.7
2017-06-22 17:00:00,34.5,31,7.4,574.0,958.1
2017-06-22 18:00:00,33.6,34,9.9,390.0,957.8
2017-06-22 19:00:00,32.5,37,8.8,200.0,957.9
2017-06-22 20:00:00,30.0,37,9.3,41.0,957.5
2017-06-22 21:00:00,29.0,36,12.5,0.0,957.7
2017-06-22 22:00:00,28.0,39,11.2,0.0,957.9
2017-06-22 23:00:00,27.2,41,13.8,0.0,958.1
2017-06-23 00:00:00,26.6,47,12.0,0.0,958.4
2017-06-23 01:00:00,25.4,54,7.3,0.0,958.7
2017-06-23 02:00:00,23.7,62,6.4,0.0,958.8
2017-06-23 03:00:00,22.9,69,7.1,0.0,958.4
2017-06-23 04:00:00,21.9,77,7.1,0.0,958.2
2017-06-23 05:00:00,21.3,82,6.5,0.0,958.4
2017-06-23 06:00:00,21.8,81,4.1,6.0,958.9
2017-06-23 07:00:00,24.2,73,2.3,101.0,959.5
2017-06-23 08:00:00,25.8,66,4.4,283.0,961.3
2017-06-23 09:00:00,27.8,59,1.0,446.0,961.9
2017-06-23 10:00:00,29.2,55,6.4,505.0,962.3
2017-06-23 11:00:00,30.0,52,5.0,633.0,962.6
2017-06-23 12:00:00,31.9,42,6.5,818.0,962.6
2017-06-23 13:00:00,32.1,38,11.2,715.0,962.3
2017-06-23 14:00:00,33.1,24,16.6,639.0,961.7
2017-06-23 15:00:00,32.9,22,15.2,531.0,961.0
2017-06-23 16:00:00,33.5,21,9.1,607.0,960.4
2017-06-23 17:00:00,33.0,22,10.4,421.0,959.6
2017-06-23 18:00:00,32.4,24,11.8,390.0,959.5
2017-06-23 19:00:00,30.8,28,7.6,195.0,959.4
2017-06-23 20:00:00,27.9,32,7.5,40.0,960.8
2017-06-23 21:00:00,25.4,38,7.9,0.0,961.0
2017-06-23 22:00:00,25.3,36,5.6,0.0,961.7
2017-06-23 23:00:00,24.6,39,4.4,0.0,962.1
2017-06-24 00:00:00,23.7,43,4.7,0.0,962.3
2017-06-24 01:00:00,25.0,40,1.6,0.0,962.4
2017-06-24 02:00:00,21.7,50,4.6,0.0,962.0
2017-06-24 03:00:00,21.2,52,4.7,0.0,961.8
2017-06-24 04:00:00,22.9,46,4.2,0.0,962.0
2017-06-24 05:00:00,20.2,54,6.0,0.0,961.6
2017-06-24 06:00:00,20.5,50,10.0,6.0,962.2
2017-06-24 07:00:00,22.8,44,8.7,108.0,962.9
2017-06-24 08:00:00,26.0,35,9.7,290.0,963.4
2017-06-24 09:00:00,28.4,30,8.4,467.0,963.6
2017-06-24 10:00:00,30.2,27,8.0,631.0,963.4
2017-06-24 11:00:00,32.1,24,6.4,797.0,963.1
2017-06-24 12:00:00,33.4,22,5.6,883.0,962.7
2017-06-24 13:00:00,34.8,18,11.1,984.0,962.2
2017-06-24 14:00:00,35.0,17,13.1,844.0,961.3
2017-06-24 15:00:00,35.8,15,11.3,842.0,960.5
2017-06-24 16:00:00,35.3,17,15.8,644.0,959.6
2017-06-24 17:00:00,34.3,17,18.0,423.0,959.1
2017-06-24 18:00:00,34.3,16,9.2,384.0,958.7
2017-06-24 19:00:00,31.7,32,4.8,179.0,958.4
2017-06-24 20:00:00,29.9,23,9.4,39.0,959.9
2017-06-24 21:00:00,28.6,29,7.7,0.0,960.3
2017-06-24 22:00:00,27.5,31,6.6,0.0,961.0
2017-06-24 23:00:00,25.2,38,6.4,0.0,961.1
2017-06-25 00:00:00,23.3,48,4.5,0.0,960.8
2017-06-25 01:00:00,22.5,47,8.9,0.0,961.1
2017-06-25 02:00:00,22.4,46,7.2,0.0,961.3
2017-06-25 03:00:00,21.4,52,9.2,0.0,961.6
2017-06-25 04:00:00,22.8,46,2.4,0.0,962.2
2017-06-25 05:00:00,20.4,55,5.5,0.0,962.7
2017-06-25 06:00:00,21.3,55,6.5,5.0,963.2
2017-06-25 07:00:00,22.8,47,5.0,80.0,963.7
2017-06-25 08:00:00,25.1,41,4.4,234.0,965.1
2017-06-25 09:00:00,27.2,37,2.5,400.0,965.5
2017-06-25 10:00:00,29.0,33,4.4,549.0,965.3
2017-06-25 11:00:00,30.5,31,3.1,698.0,965.0
2017-06-25 12:00:00,32.1,28,3.4,920.0,964.9
2017-06-25 13:00:00,32.7,27,5.5,829.0,964.4
2017-06-25 14:00:00,33.5,25,8.3,868.0,963.6
2017-06-25 15:00:00,33.9,25,9.4,771.0,962.7
2017-06-25 16:00:00,33.6,24,12.5,574.0,961.9
2017-06-25 17:00:00,33.2,25,13.0,429.0,961.3
2017-06-25 18:00:00,32.8,26,10.8,326.0,960.7
2017-06-25 19:00:00,32.0,29,6.6,166.0,960.9
2017-06-25 20:00:00,29.3,35,11.2,40.0,961.6
2017-06-25 21:00:00,28.1,38,9.8,0.0,961.9
2017-06-25 22:00:00,26.9,42,10.5,0.0,962.6
2017-06-25 23:00:00,26.3,40,10.7,0.0,963.1
2017-06-26 00:00:00,25.0,41,6.6,0.0,963.2
2017-06-26 01:00:00,23.8,44,6.7,0.0,963.3
2017-06-26 02:00:00,22.8,51,8.1,0.0,963.1
2017-06-26 03:00:00,22.7,53,7.3,0.0,963.3
2017-06-26 04:00:00,21.4,54,4.3,0.0,963.2
2017-06-26 05:00:00,20.7,57,4.2,0.0,963.4
2017-06-26 06:00:00,20.5,58,4.7,5.0,963.5
2017-06-26 07:00:00,23.6,50,4.6,107.0,964.3
2017-06-26 08:00:00,26.2,42,2.2,292.0,965.5
2017-06-26 09:00:00,29.0,35,3.0,491.0,965.6
2017-06-26 10:00:00,31.4,30,1.8,678.0,965.2
2017-06-26 11:00:00,33.3,27,1.5,831.0,965.0
2017-06-26 12:00:00,34.9,24,5.5,937.0,964.8
2017-06-26 13:00:00,35.9,21,8.2,947.0,964.1
2017-06-26 14:00:00,36.3,20,11.5,930.0,963.2
2017-06-26 15:00:00,35.7,21,14.3,688.0,962.7
2017-06-26 16:00:00,35.5,22,12.5,674.0,962.0
2017-06-26 17:00:00,35.3,23,11.2,513.0,961.5
2017-06-26 18:00:00,34.5,25,14.1,358.0,961.1
2017-06-26 19:00:00,33.1,28,11.2,203.0,961.4
2017-06-26 20:00:00,30.7,27,9.5,42.0,961.2
2017-06-26 21:00:00,28.4,36,8.6,0.0,961.1
2017-06-26 22:00:00,27.6,39,9.4,0.0,961.8
2017-06-26 23:00:00,27.1,39,9.1,0.0,962.2
2017-06-27 00:00:00,26.4,42,8.6,0.0,962.4
2017-06-27 01:00:00,24.1,48,8.5,0.0,962.3
2017-06-27 02:00:00,24.0,47,7.0,0.0,962.3
2017-06-27 03:00:00,23.4,49,6.6,0.0,962.2
2017-06-27 04:00:00,22.1,55,8.0,0.0,962.1
2017-06-27 05:00:00,21.4,59,7.9,0.0,962.1
2017-06-27 06:00:00,21.7,59,4.6,5.0,962.6
2017-06-27 07:00:00,24.3,51,4.6,105.0,963.1
2017-06-27 08:00:00,27.2,44,1.6,288.0,964.2
2017-06-27 09:00:00,29.8,38,3.7,487.0,964.6
2017-06-27 10:00:00,31.8,33,7.8,671.0,964.4
2017-06-27 11:00:00,33.7,30,9.8,830.0,964.3
2017-06-27 12:00:00,35.1,27,11.2,895.0,964.0
2017-06-27 13:00:00,36.0,24,11.2,853.0,963.3
2017-06-27 14:00:00,36.8,22,9.7,828.0,962.6
2017-06-27 15:00:00,37.0,20,10.2,753.0,961.6
2017-06-27 16:00:00,37.0,20,10.9,632.0,961.0
2017-06-27 17:00:00,36.5,21,12.4,434.0,960.6
2017-06-27 18:00:00,35.1,25,16.8,247.0,960.5
2017-06-27 19:00:00,33.9,28,14.8,156.0,960.8
2017-06-27 20:00:00,31.3,33,5.8,38.0,961.2
2017-06-27 21:00:00,30.8,34,12.3,0.0,961.7
2017-06-27 22:00:00,30.5,37,12.1,0.0,962.3
2017-06-27 23:00:00,28.9,42,9.9,0.0,962.6
2017-06-28 00:00:00,28.1,44,13.6,0.0,962.4
2017-06-28 01:00:00,27.5,46,13.7,0.0,962.1
2017-06-28 02:00:00,26.4,50,7.3,0.0,962.3
2017-06-28 03:00:00,24.7,57,9.0,0.0,962.1
2017-06-28 04:00:00,24.1,59,8.4,0.0,962.2
2017-06-28 05:00:00,23.8,60,7.3,0.0,962.4
2017-06-28 06:00:00,23.1,65,6.2,5.0,962.7
2017-06-28 07:00:00,25.5,54,3.6,100.0,963.7
2017-06-28 08:00:00,28.1,48,3.3,284.0,964.5
2017-06-28 09:00:00,30.7,41,2.5,481.0,964.5
2017-06-28 10:00:00,32.6,34,1.9,665.0,964.4
2017-06-28 11:00:00,34.2,30,2.7,819.0,964.0
2017-06-28 12:00:00,35.7,28,6.6,932.0,963.9
2017-06-28 13:00:00,36.2,28,9.2,842.0,963.4
2017-06-28 14:00:00,36.5,27,9.3,741.0,962.4
2017-06-28 15:00:00,36.2,26,14.8,691.0,961.6
2017-06-28 16:00:00,35.4,26,9.9,562.0,961.3
2017-06-28 17:00:00,35.2,27,12.1,374.0,960.5
2017-06-28 18:00:00,34.5,30,14.1,224.0,960.6
2017-06-28 19:00:00,34.1,31,10.5,160.0,961.1
2017-06-28 20:00:00,32.0,38,10.6,38.0,961.0
2017-06-28 21:00:00,31.0,38,15.4,0.0,961.7
2017-06-28 22:00:00,30.0,40,15.3,0.0,961.9
2017-06-28 23:00:00,29.2,42,16.8,0.0,961.9
2017-06-29 00:00:00,28.4,46,14.1,0.0,962.0
2017-06-29 01:00:00,27.6,48,13.5,0.0,961.5
2017-06-29 02:00:00,27.0,50,10.0,0.0,961.1
2017-06-29 03:00:00,25.9,54,6.3,0.0,961.2
2017-06-29 04:00:00,25.7,54,7.5,0.0,961.4
2017-06-29 05:00:00,24.6,58,8.1,0.0,961.6
2017-06-29 06:00:00,24.1,63,5.2,5.0,962.1
2017-06-29 07:00:00,26.7,52,2.9,100.0,962.8
2017-06-29 08:00:00,28.6,50,3.2,272.0,963.8
2017-06-29 09:00:00,30.8,43,4.5,470.0,963.7
2017-06-29 10:00:00,32.8,38,6.8,661.0,963.2
2017-06-29 11:00:00,34.3,34,8.2,802.0,963.0
2017-06-29 12:00:00,35.3,32,11.1,851.0,962.5
2017-06-29 13:00:00,36.3,30,12.1,886.0,961.4
2017-06-29 14:00:00,31.6,49,13.3,724.0,961.3
2017-06-29 15:00:00,32.8,38,3.3,502.0,960.7
2017-06-29 16:00:00,33.8,33,4.2,454.0,960.6
2017-06-29 17:00:00,31.3,41,1.3,399.0,960.7
2017-06-29 18:00:00,31.7,40,0.8,226.0,960.2
2017-06-29 19:00:00,31.3,42,5.4,112.0,960.3
2017-06-29 20:00:00,29.0,48,9.2,29.0,960.9
2017-06-29 21:00:00,28.0,53,10.0,0.0,961.2
2017-06-29 22:00:00,27.3,56,11.0,0.0,961.4
2017-06-29 23:00:00,26.7,58,11.2,0.0,961.6
2017-06-30 00:00:00,26.0,60,12.0,0.0,961.4
2017-06-30 01:00:00,25.9,61,10.8,0.0,961.2
2017-06-30 02:00:00,25.2,64,5.2,0.0,961.2
2017-06-30 03:00:00,25.4,63,6.6,0.0,960.9
2017-06-30 04:00:00,24.9,66,5.0,0.0,960.6
2017-06-30 05:00:00,24.6,67,5.9,0.0,960.7
2017-06-30 06:00:00,24.4,69,3.6,3.0,960.9
2017-06-30 07:00:00,25.4,65,2.3,59.0,961.2
2017-06-30 08:00:00,25.9,62,2.9,152.0,962.6
2017-06-30 09:00:00,27.4,55,4.3,363.0,962.6
2017-06-30 10:00:00,29.2,48,3.9,572.0,962.7
2017-06-30 11:00:00,30.7,43,3.8,732.0,962.7
2017-06-30 12:00:00,32.2,39,3.8,849.0,962.2
2017-06-30 13:00:00,33.1,36,3.7,883.0,961.4
2017-06-30 14:00:00,34.2,33,0.0,919.0,960.5
2017-06-30 15:00:00,33.8,32,11.7,837.0,960.0
2017-06-30 16:00:00,32.8,34,1.1,596.0,959.2
2017-06-30 17:00:00,32.8,34,3.8,434.0,958.6
2017-06-30 18:00:00,32.8,35,8.1,363.0,958.7
2017-06-30 19:00:00,31.8,39,9.2,178.0,959.0
2017-06-30 20:00:00,30.4,43,1.1,36.0,959.6
2017-06-30 21:00:00,27.8,52,4.3,0.0,960.1
2017-06-30 22:00:00,27.0,56,5.8,0.0,960.3
2017-06-30 23:00:00,25.5,63,4.8,0.0,960.2
2017-07-01 00:00:00,25.2,64,7.1,0.0,959.9
2017-07-01 01:00:00,24.8,62,10.5,0.0,959.7
2017-07-01 02:00:00,24.2,62,10.3,0.0,959.6
2017-07-01 03:00:00,23.8,62,10.5,0.0,959.4
2017-07-01 04:00:00,23.3,63,6.8,0.0,959.6
2017-07-01 05:00:00,22.2,69,6.5,0.0,959.9
2017-07-01 06:00:00,22.6,66,7.2,4.0,960.2
2017-07-01 07:00:00,24.1,59,9.0,98.0,960.7
2017-07-01 08:00:00,25.9,57,6.6,280.0,961.2
2017-07-01 09:00:00,28.2,51,4.4,476.0,961.4
2017-07-01 10:00:00,30.2,45,1.5,662.0,961.2
2017-07-01 11:00:00,31.9,40,4.7,812.0,960.9
2017-07-01 12:00:00,33.1,36,7.7,900.0,960.5
2017-07-01 13:00:00,33.7,35,10.5,872.0,960.0
2017-07-01 14:00:00,34.2,34,9.8,845.0,959.0
2017-07-01 15:00:00,34.7,32,9.4,765.0,958.3
2017-07-01 16:00:00,34.9,32,10.0,660.0,957.6
2017-07-01 17:00:00,34.2,33,9.5,447.0,956.9
2017-07-01 18:00:00,33.9,34,8.9,345.0,956.5
2017-07-01 19:00:00,32.9,38,10.2,186.0,956.7
2017-07-01 20:00:00,30.3,44,7.1,42.0,956.6
2017-07-01 21:00:00,29.7,44,10.2,0.0,956.9
2017-07-01 22:00:00,28.7,43,8.8,0.0,957.3
2017-07-01 23:00:00,28.0,42,8.7,0.0,957.5
2017-07-02 00:00:00,27.2,45,8.7,0.0,957.7
2017-07-02 01:00:00,26.5,52,8.1,0.0,957.5
2017-07-02 02:00:00,24.7,61,9.5,0.0,957.7
2017-07-02 03:00:00,24.5,60,8.3,0.0,958.1
2017-07-02 04:00:00,24.3,60,6.8,0.0,958.4
2017-07-02 05:00:00,23.8,63,6.2,0.0,958.8
2017-07-02 06:00:00,23.0,71,6.5,4.0,958.7
2017-07-02 07:00:00,25.6,58,2.6,99.0,959.3
2017-07-02 08:00:00,27.6,52,2.5,279.0,960.3
2017-07-02 09:00:00,30.0,46,3.3,477.0,960.3
2017-07-02 10:00:00,32.0,41,4.1,662.0,960.4
2017-07-02 11:00:00,33.7,37,6.5,816.0,960.4
2017-07-02 12:00:00,35.1,32,8.7,903.0,960.3
2017-07-02 13:00:00,35.7,29,10.7,821.0,959.7
2017-07-02 14:00:00,36.3,27,11.5,790.0,959.1
2017-07-02 15:00:00,36.7,26,11.5,729.0,958.6
2017-07-02 16:00:00,36.5,26,10.9,586.0,958.3
2017-07-02 17:00:00,36.5,27,10.6,515.0,957.8
2017-07-02 18:00:00,36.0,28,10.5,385.0,957.7
2017-07-02 19:00:00,34.7,32,8.5,194.0,958.0
2017-07-02 20:00:00,30.5,42,9.2,39.0,958.1
2017-07-02 21:00:00,29.9,45,5.4,0.0,958.4
2017-07-02 22:00:00,29.2,47,7.5,0.0,959.0
2017-07-02 23:00:00,28.3,47,9.2,0.0,959.5
2017-07-03 00:00:00,28.2,47,11.0,0.0,959.8
2017-07-03 01:00:00,27.8,49,9.0,0.0,959.5
2017-07-03 02:00:00,26.6,52,5.8,0.0,959.6
2017-07-03 03:00:00,25.8,54,6.6,0.0,959.5
2017-07-03 04:00:00,25.6,54,5.4,0.0,959.9
2017-07-03 05:00:00,24.2,58,7.0,0.0,960.0
2017-07-03 06:00:00,24.2,58,5.2,4.0,960.3
2017-07-03 07:00:00,26.8,50,4.0,91.0,961.4
2017-07-03 08:00:00,28.4,47,5.4,250.0,962.7
2017-07-03 09:00:00,30.6,41,3.1,472.0,962.9
2017-07-03 10:00:00,33.0,36,3.4,657.0,962.8
2017-07-03 11:00:00,35.0,31,3.3,804.0,962.6
2017-07-03 12:00:00,36.7,27,2.6,922.0,962.3
2017-07-03 13:00:00,37.5,24,2.8,863.0,961.6
2017-07-03 14:00:00,37.7,24,6.1,703.0,960.8
2017-07-03 15:00:00,38.3,23,8.4,743.0,959.8
2017-07-03 16:00:00,38.6,22,9.2,725.0,959.1
2017-07-03 17:00:00,37.5,25,10.1,571.0,958.7
2017-07-03 18:00:00,36.8,26,9.8,367.0,958.3
2017-07-03 19:00:00,35.6,29,9.1,172.0,958.4
2017-07-03 20:00:00,32.5,31,6.6,41.0,958.9
2017-07-03 21:00:00,30.5,35,7.1,0.0,959.0
2017-07-03 22:00:00,30.1,39,7.4,0.0,959.4
2017-07-03 23:00:00,29.0,45,6.8,0.0,959.3
2017-07-04 00:00:00,28.5,47,7.7,0.0,959.3
2017-07-04 01:00:00,27.5,50,7.9,0.0,959.5
2017-07-04 02:00:00,27.0,51,6.6,0.0,959.5
2017-07-04 03:00:00,25.7,54,7.7,0.0,958.9
2017-07-04 04:00:00,26.1,51,5.2,0.0,959.2
2017-07-04 05:00:00,25.1,53,5.7,0.0,959.4
2017-07-04 06:00:00,25.2,52,5.4,4.0,959.8
2017-07-04 07:00:00,27.1,46,6.2,91.0,960.8
2017-07-04 08:00:00,28.5,44,1.1,273.0,962.6
2017-07-04 09:00:00,30.3,40,0.8,324.0,962.7
2017-07-04 10:00:00,32.2,36,1.4,454.0,963.0
2017-07-04 11:00:00,34.8,31,4.0,707.0,962.6
2017-07-04 12:00:00,36.4,28,6.6,815.0,962.1
2017-07-04 13:00:00,37.8,26,7.9,915.0,961.5
2017-07-04 14:00:00,38.7,25,8.8,907.0,960.4
2017-07-04 15:00:00,39.2,24,9.2,807.0,959.2
2017-07-04 16:00:00,38.2,24,9.6,493.0,958.5
2017-07-04 17:00:00,37.8,22,9.1,393.0,957.9
2017-07-04 18:00:00,37.2,24,9.7,230.0,958.0
2017-07-04 19:00:00,36.3,26,10.5,129.0,958.2
2017-07-04 20:00:00,33.5,32,8.2,27.0,959.4
2017-07-04 21:00:00,32.1,37,10.2,0.0,959.7
2017-07-04 22:00:00,31.0,39,7.8,0.0,960.5
2017-07-04 23:00:00,30.3,41,8.9,0.0,960.4
2017-07-05 00:00:00,29.9,42,9.4,0.0,960.7
2017-07-05 01:00:00,29.5,43,8.5,0.0,960.4
2017-07-05 02:00:00,29.2,43,8.2,0.0,960.3
2017-07-05 03:00:00,29.1,43,10.2,0.0,960.0
2017-07-05 04:00:00,29.4,44,13.4,0.0,960.0
2017-07-05 05:00:00,29.8,45,17.3,0.0,960.3
2017-07-05 06:00:00,29.7,47,18.1,2.0,960.3
2017-07-05 07:00:00,29.8,48,11.0,43.0,960.8
2017-07-05 08:00:00,29.3,52,1.0,94.0,962.4
2017-07-05 09:00:00,29.3,52,4.4,127.0,963.2
2017-07-05 10:00:00,29.2,51,6.9,225.0,963.7
2017-07-05 11:00:00,29.2,51,6.8,308.0,963.7
2017-07-05 12:00:00,29.6,50,2.2,234.0,963.4
2017-07-05 13:00:00,30.6,47,1.5,256.0,963.0
2017-07-05 14:00:00,32.2,42,4.0,340.0,962.1
2017-07-05 15:00:00,32.6,40,5.1,288.0,961.4
2017-07-05 16:00:00,33.3,37,4.5,353.0,960.7
2017-07-05 17:00:00,33.0,37,5.2,239.0,960.4
2017-07-05 18:00:00,32.6,39,10.2,179.0,960.4
2017-07-05 19:00:00,31.7,42,10.2,89.0,960.9
2017-07-05 20:00:00,28.2,56,4.6,13.0,962.3
2017-07-05 21:00:00,27.8,60,5.9,0.0,962.8
2017-07-05 22:00:00,27.2,66,1.5,0.0,963.2
2017-07-05 23:00:00,26.4,69,4.6,0.0,963.4
2017-07-06 00:00:00,25.5,75,7.4,0.0,963.2
2017-07-06 01:00:00,23.6,89,7.7,0.0,962.8
2017-07-06 02:00:00,22.9,94,8.3,0.0,962.3
2017-07-06 03:00:00,22.5,95,7.2,0.0,961.9
2017-07-06 04:00:00,22.3,96,8.7,0.0,962.1
2017-07-06 05:00:00,22.0,96,10.1,0.0,962.2
2017-07-06 06:00:00,22.0,95,8.1,1.0,962.6
2017-07-06 07:00:00,22.4,93,9.4,21.0,962.7
2017-07-06 08:00:00,22.3,94,9.0,43.0,963.3
2017-07-06 09:00:00,22.5,94,12.9,55.0,963.4
2017-07-06 10:00:00,22.5,93,18.2,62.0,963.3
2017-07-06 11:00:00,21.1,89,19.3,129.0,963.5
2017-07-06 12:00:00,20.6,88,18.1,125.0,963.9
2017-07-06 13:00:00,21.3,81,16.6,142.0,963.3
2017-07-06 14:00:00,23.4,69,13.7,279.0,962.6
2017-07-06 15:00:00,26.5,52,15.8,532.0,961.4
2017-07-06 16:00:00,28.3,46,14.8,723.0,960.5
2017-07-06 17:00:00,29.1,41,14.0,595.0,959.5
2017-07-06 18:00:00,29.1,39,11.2,403.0,959.1
2017-07-06 19:00:00,27.6,47,11.8,206.0,958.9
2017-07-06 20:00:00,24.9,55,10.4,45.0,960.3
2017-07-06 21:00:00,24.2,60,10.1,0.0,960.5
2017-07-06 22:00:00,23.8,61,7.2,0.0,960.6
2017-07-06 23:00:00,23.0,62,6.2,0.0,961.0
2017-07-07 00:00:00,22.0,64,4.7,0.0,960.9
2017-07-07 01:00:00,21.6,63,5.0,0.0,960.9
2017-07-07 02:00:00,20.9,66,8.7,0.0,960.7
2017-07-07 03:00:00,22.5,59,5.6,0.0,960.8
2017-07-07 04:00:00,20.7,67,1.8,0.0,960.5
2017-07-07 05:00:00,19.5,72,3.7,0.0,960.4
2017-07-07 06:00:00,19.7,71,7.6,3.0,960.8
2017-07-07 07:00:00,22.1,63,9.1,95.0,961.4
2017-07-07 08:00:00,24.6,57,9.4,281.0,963.1
2017-07-07 09:00:00,27.4,49,10.8,484.0,963.3
2017-07-07 10:00:00,30.0,41,10.4,674.0,963.1
2017-07-07 11:00:00,32.1,36,9.4,829.0,963.1
2017-07-07 12:00:00,33.9,31,8.4,935.0,962.7
2017-07-07 13:00:00,35.0,28,5.9,985.0,962.0
2017-07-07 14:00:00,35.8,26,4.0,969.0,961.1
2017-07-07 15:00:00,36.2,24,3.6,896.0,960.5
2017-07-07 16:00:00,36.4,23,4.0,770.0,959.7
2017-07-07 17:00:00,36.3,22,4.2,593.0,958.9
2017-07-07 18:00:00,35.6,23,4.7,389.0,958.5
2017-07-07 19:00:00,32.9,37,4.6,187.0,958.5
2017-07-07 20:00:00,31.7,33,3.2,40.0,959.4
2017-07-07 21:00:00,28.9,40,6.8,0.0,959.4
2017-07-07 22:00:00,25.6,55,8.4,0.0,959.4
2017-07-07 23:00:00,24.5,62,6.9,0.0,959.2
2017-07-08 00:00:00,24.2,61,7.3,0.0,959.3
2017-07-08 01:00:00,23.1,63,9.1,0.0,959.1
2017-07-08 02:00:00,22.6,64,10.2,0.0,959.0
2017-07-08 03:00:00,22.3,66,8.0,0.0,958.7
2017-07-08 04:00:00,21.8,67,7.0,0.0,958.7
2017-07-08 05:00:00,22.0,64,8.8,0.0,958.3
2017-07-08 06:00:00,21.9,63,5.8,3.0,958.7
2017-07-08 07:00:00,23.2,60,6.8,62.0,959.2
2017-07-08 08:00:00,25.7,52,6.5,189.0,960.5
2017-07-08 09:00:00,28.2,43,5.1,366.0,960.6
2017-07-08 10:00:00,30.3,37,5.6,501.0,960.7
2017-07-08 11:00:00,32.1,33,6.1,600.0,960.5
2017-07-08 12:00:00,34.2,30,5.3,800.0,960.1
2017-07-08 13:00:00,35.6,26,3.9,835.0,959.4
2017-07-08 14:00:00,36.7,22,4.1,825.0,958.8
2017-07-08 15:00:00,37.0,20,4.0,669.0,958.2
2017-07-08 16:00:00,37.0,19,3.3,501.0,957.8
2017-07-08 17:00:00,36.8,19,4.7,365.0,956.9
2017-07-08 18:00:00,35.2,24,10.1,214.0,956.7
2017-07-08 19:00:00,32.6,28,8.8,80.0,956.6
2017-07-08 20:00:00,28.9,32,9.4,18.0,957.9
2017-07-08 21:00:00,28.4,35,12.7,0.0,957.8
2017-07-08 22:00:00,27.9,36,7.8,0.0,957.8
2017-07-08 23:00:00,26.4,43,4.8,0.0,958.4
2017-07-09 00:00:00,25.9,44,4.3,0.0,957.8
2017-07-09 01:00:00,25.7,50,9.7,0.0,957.8
2017-07-09 02:00:00,24.5,61,8.7,0.0,957.0
2017-07-09 03:00:00,24.1,62,6.8,0.0,956.8
2017-07-09 04:00:00,24.3,61,6.9,0.0,956.6
2017-07-09 05:00:00,23.7,62,5.0,0.0,956.9
2017-07-09 06:00:00,23.3,59,7.3,3.0,957.3
2017-07-09 07:00:00,25.3,51,6.0,92.0,958.2
2017-07-09 08:00:00,27.0,40,5.8,237.0,959.5
2017-07-09 09:00:00,28.9,35,10.7,419.0,960.2
2017-07-09 10:00:00,31.2,31,11.0,576.0,959.9
2017-07-09 11:00:00,33.3,29,10.9,709.0,959.7
2017-07-09 12:00:00,34.5,28,8.3,728.0,959.2
2017-07-09 13:00:00,36.3,25,10.6,846.0,958.2
2017-07-09 14:00:00,37.7,24,11.7,888.0,957.5
2017-07-09 15:00:00,38.9,22,6.1,890.0,956.6
2017-07-09 16:00:00,39.4,21,3.7,764.0,956.0
2017-07-09 17:00:00,39.4,17,4.2,552.0,955.4
2017-07-09 18:00:00,37.3,23,7.3,228.0,954.8
2017-07-09 19:00:00,35.7,25,11.4,203.0,954.8
2017-07-09 20:00:00,31.8,35,8.4,43.0,955.1
2017-07-09 21:00:00,30.2,39,10.6,0.0,955.5
2017-07-09 22:00:00,29.6,38,12.9,0.0,955.4
2017-07-09 23:00:00,29.3,37,13.0,0.0,955.3
2017-07-10 00:00:00,26.2,44,10.9,0.0,955.5
2017-07-10 01:00:00,25.4,44,9.8,0.0,955.2
2017-07-10 02:00:00,27.8,39,5.6,0.0,955.6
2017-07-10 03:00:00,26.9,42,3.9,0.0,955.8
2017-07-10 04:00:00,23.1,54,4.6,0.0,955.5
2017-07-10 05:00:00,22.5,54,5.8,0.0,956.2
2017-07-10 06:00:00,21.9,57,8.4,3.0,956.4
2017-07-10 07:00:00,24.6,54,5.1,93.0,957.3
2017-07-10 08:00:00,27.9,41,8.8,277.0,958.6
2017-07-10 09:00:00,30.9,33,12.6,476.0,959.1
2017-07-10 10:00:00,33.4,27,9.7,669.0,959.2
2017-07-10 11:00:00,35.6,23,8.5,824.0,959.2
2017-07-10 12:00:00,37.5,19,6.6,935.0,959.0
2017-07-10 13:00:00,39.1,17,5.8,987.0,958.5
2017-07-10 14:00:00,40.0,17,7.4,976.0,957.7
2017-07-10 15:00:00,40.2,19,8.6,886.0,957.3
2017-07-10 16:00:00,40.8,17,5.1,661.0,956.4
2017-07-10 17:00:00,41.0,14,6.3,541.0,955.9
2017-07-10 18:00:00,39.5,18,4.1,399.0,956.3
2017-07-10 19:00:00,36.3,36,5.5,201.0,956.5
2017-07-10 20:00:00,32.7,32,7.0,44.0,955.6
2017-07-10 21:00:00,32.1,30,11.6,0.0,956.5
2017-07-10 22:00:00,31.0,34,11.0,0.0,957.5
2017-07-10 23:00:00,29.8,47,8.2,0.0,957.9
2017-07-11 00:00:00,27.8,58,10.4,0.0,957.9
2017-07-11 01:00:00,29.4,54,5.2,0.0,958.1
2017-07-11 02:00:00,26.1,65,6.8,0.0,958.1
2017-07-11 03:00:00,25.0,73,8.6,0.0,957.8
2017-07-11 04:00:00,25.2,77,6.6,0.0,957.9
2017-07-11 05:00:00,24.2,83,5.2,0.0,958.2
2017-07-11 06:00:00,23.4,87,5.8,2.0,958.5
2017-07-11 07:00:00,26.3,73,1.9,90.0,959.3
2017-07-11 08:00:00,29.7,58,5.7,271.0,960.4
2017-07-11 09:00:00,32.5,43,4.1,473.0,960.7
2017-07-11 10:00:00,35.3,34,3.6,661.0,960.8
2017-07-11 11:00:00,37.4,29,3.6,816.0,960.7
2017-07-11 12:00:00,39.3,24,3.6,923.0,960.4
2017-07-11 13:00:00,41.0,20,3.2,976.0,959.8
2017-07-11 14:00:00,42.3,17,2.2,968.0,958.8
2017-07-11 15:00:00,43.2,13,3.3,899.0,957.7
2017-07-11 16:00:00,42.4,12,22.0,667.0,957.7
2017-07-11 17:00:00,39.2,20,12.2,328.0,957.3
2017-07-11 18:00:00,38.7,21,14.2,171.0,957.3
2017-07-11 19:00:00,36.9,30,19.8,151.0,957.7
2017-07-11 20:00:00,34.9,26,9.2,41.0,957.1
2017-07-11 21:00:00,34.6,39,15.1,0.0,958.3
2017-07-11 22:00:00,33.6,44,14.3,0.0,958.9
2017-07-11 23:00:00,32.4,48,15.3,0.0,959.4
2017-07-12 00:00:00,31.6,51,14.1,0.0,959.6
2017-07-12 01:00:00,31.1,52,12.3,0.0,959.5
2017-07-12 02:00:00,30.3,53,13.4,0.0,959.2
2017-07-12 03:00:00,29.5,55,7.5,0.0,959.0
2017-07-12 04:00:00,27.8,61,7.1,0.0,959.2
2017-07-12 05:00:00,28.0,61,6.9,0.0,959.2
2017-07-12 06:00:00,28.2,62,7.2,2.0,959.5
2017-07-12 07:00:00,29.4,59,5.5,70.0,960.0
2017-07-12 08:00:00,31.2,52,4.1,223.0,960.8
2017-07-12 09:00:00,33.8,44,4.6,407.0,960.9
2017-07-12 10:00:00,35.9,37,4.9,584.0,960.8
2017-07-12 11:00:00,37.9,32,6.1,735.0,960.5
2017-07-12 12:00:00,39.7,27,6.6,845.0,960.2
2017-07-12 13:00:00,41.0,22,3.8,898.0,959.6
2017-07-12 14:00:00,42.1,18,3.6,890.0,958.4
2017-07-12 15:00:00,41.9,15,6.1,775.0,958.3
2017-07-12 16:00:00,38.3,21,16.6,357.0,958.3
2017-07-12 17:00:00,39.2,18,16.3,457.0,957.7
2017-07-12 18:00:00,38.5,20,10.8,280.0,957.3
2017-07-12 19:00:00,37.5,24,6.2,153.0,957.4
2017-07-12 20:00:00,34.3,32,7.1,31.0,957.6
2017-07-12 21:00:00,33.7,36,12.4,0.0,958.0
2017-07-12 22:00:00,32.5,40,13.5,0.0,958.4
2017-07-12 23:00:00,31.4,44,13.0,0.0,958.6
2017-07-13 00:00:00,30.3,46,12.4,0.0,958.6
2017-07-13 01:00:00,29.5,47,12.1,0.0,958.3
2017-07-13 02:00:00,29.0,45,9.4,0.0,957.8
2017-07-13 03:00:00,28.1,47,6.1,0.0,957.5
2017-07-13 04:00:00,27.1,50,8.8,0.0,957.6
2017-07-13 05:00:00,26.7,52,7.7,0.0,957.8
2017-07-13 06:00:00,26.3,55,7.0,2.0,958.1
2017-07-13 07:00:00,28.7,47,4.7,68.0,958.9
2017-07-13 08:00:00,31.7,40,4.1,220.0,959.1
2017-07-13 09:00:00,34.1,35,3.1,404.0,959.2
2017-07-13 10:00:00,35.9,32,4.2,583.0,959.1
2017-07-13 11:00:00,37.5,29,7.1,734.0,959.0
2017-07-13 12:00:00,38.7,27,6.9,836.0,958.4
2017-07-13 13:00:00,39.7,25,6.0,872.0,957.6
2017-07-13 14:00:00,40.4,21,12.0,791.0,957.0
2017-07-13 15:00:00,38.7,21,2.1,624.0,956.8
2017-07-13 16:00:00,38.1,22,1.5,304.0,955.8
2017-07-13 17:00:00,39.1,21,3.4,458.0,955.3
2017-07-13 18:00:00,37.1,28,16.8,301.0,955.5
2017-07-13 19:00:00,35.9,33,12.2,128.0,956.0
2017-07-13 20:00:00,34.7,36,13.9,28.0,956.0
2017-07-13 21:00:00,33.2,42,11.2,0.0,956.1
2017-07-13 22:00:00,32.5,45,13.0,0.0,956.7
2017-07-13 23:00:00,31.8,47,11.2,0.0,956.5
2017-07-14 00:00:00,31.0,49,10.5,0.0,956.3
2017-07-14 01:00:00,30.2,51,11.6,0.0,956.5
2017-07-14 02:00:00,29.6,53,12.2,0.0,956.3
2017-07-14 03:00:00,29.2,54,11.4,0.0,956.5
2017-07-14 04:00:00,28.8,56,9.8,0.0,956.7
2017-07-14 05:00:00,28.1,58,5.9,0.0,956.9
2017-07-14 06:00:00,27.8,60,8.1,2.0,957.3
2017-07-14 07:00:00,29.0,56,7.9,65.0,958.1
2017-07-14 08:00:00,31.4,49,5.8,212.0,958.8
2017-07-14 09:00:00,33.5,42,2.7,391.0,959.1
2017-07-14 10:00:00,35.3,37,0.0,570.0,958.7
2017-07-14 11:00:00,36.9,33,3.3,709.0,958.4
2017-07-14 12:00:00,38.2,30,6.4,781.0,958.1
2017-07-14 13:00:00,39.5,28,8.8,806.0,957.5
2017-07-14 14:00:00,39.3,27,11.1,809.0,957.1
2017-07-14 15:00:00,36.7,30,7.4,499.0,956.8
2017-07-14 16:00:00,35.5,34,15.6,496.0,956.9
2017-07-14 17:00:00,36.2,32,4.7,342.0,956.4
2017-07-14 18:00:00,35.6,34,7.7,243.0,956.3
2017-07-14 19:00:00,35.0,36,6.3,139.0,957.0
2017-07-14 20:00:00,32.6,42,13.9,28.0,957.0
2017-07-14 21:00:00,31.5,47,17.6,0.0,957.5
2017-07-14 22:00:00,30.6,51,15.1,0.0,958.3
2017-07-14 23:00:00,29.9,55,8.9,0.0,958.6
2017-07-15 00:00:00,29.1,57,5.8,0.0,958.5
2017-07-15 01:00:00,28.1,61,5.8,0.0,958.5
2017-07-15 02:00:00,27.9,63,5.1,0.0,958.5
2017-07-15 03:00:00,27.6,64,5.8,0.0,958.5
2017-07-15 04:00:00,27.2,66,6.5,0.0,958.8
2017-07-15 05:00:00,26.8,67,6.8,0.0,959.1
2017-07-15 06:00:00,26.5,69,4.7,1.0,959.3
2017-07-15 07:00:00,28.0,63,2.3,65.0,960.2
2017-07-15 08:00:00,27.6,64,5.1,215.0,962.3
2017-07-15 09:00:00,29.2,57,5.4,283.0,962.7
2017-07-15 10:00:00,29.9,53,4.7,272.0,962.8
2017-07-15 11:00:00,32.3,45,5.8,568.0,962.6
2017-07-15 12:00:00,34.1,40,6.4,785.0,962.1
2017-07-15 13:00:00,35.4,36,7.1,849.0,961.3
2017-07-15 14:00:00,36.4,33,6.9,837.0,960.3
2017-07-15 15:00:00,37.5,30,6.8,771.0,959.4
2017-07-15 16:00:00,34.8,39,12.1,605.0,959.5
2017-07-15 17:00:00,34.8,37,7.1,303.0,959.1
2017-07-15 18:00:00,34.7,36,4.6,290.0,959.7
2017-07-15 19:00:00,33.5,40,3.3,127.0,960.2
2017-07-15 20:00:00,31.6,50,11.5,25.0,960.8
2017-07-15 21:00:00,30.9,52,13.1,0.0,961.8
2017-07-15 22:00:00,30.1,55,9.7,0.0,962.3
2017-07-15 23:00:00,29.7,56,8.2,0.0,962.4
2017-07-16 00:00:00,29.3,57,7.2,0.0,962.8
2017-07-16 01:00:00,28.8,57,10.0,0.0,962.8
2017-07-16 02:00:00,28.2,59,9.8,0.0,962.6
2017-07-16 03:00:00,28.0,58,9.0,0.0,962.3
2017-07-16 04:00:00,27.4,60,8.4,0.0,962.6
2017-07-16 05:00:00,27.0,62,9.4,0.0,962.8
2017-07-16 06:00:00,26.7,64,9.7,1.0,963.2
2017-07-16 07:00:00,27.8,61,11.5,60.0,964.0
2017-07-16 08:00:00,26.9,67,9.2,184.0,965.4
2017-07-16 09:00:00,27.7,68,11.3,282.0,965.7
2017-07-16 10:00:00,29.4,60,7.9,429.0,965.8
2017-07-16 11:00:00,31.7,51,6.5,612.0,965.6
2017-07-16 12:00:00,33.4,44,6.3,741.0,965.0
2017-07-16 13:00:00,34.4,40,6.1,733.0,964.2
2017-07-16 14:00:00,33.9,41,8.7,700.0,963.5
2017-07-16 15:00:00,32.3,45,5.5,502.0,963.1
2017-07-16 16:00:00,33.4,43,11.0,508.0,962.2
2017-07-16 17:00:00,33.0,44,8.3,429.0,962.0
2017-07-16 18:00:00,31.9,49,13.3,224.0,962.2
2017-07-16 19:00:00,31.3,52,10.6,113.0,962.9
2017-07-16 20:00:00,29.9,57,8.7,22.0,963.1
2017-07-16 21:00:00,29.9,55,13.0,0.0,963.4
2017-07-16 22:00:00,29.2,56,12.5,0.0,963.8
2017-07-16 23:00:00,28.5,58,11.3,0.0,964.1
2017-07-17 00:00:00,28.1,60,12.5,0.0,964.0
2017-07-17 01:00:00,27.9,61,11.1,0.0,963.3
2017-07-17 02:00:00,27.4,63,7.9,0.0,963.5
2017-07-17 03:00:00,26.3,69,6.9,0.0,963.4
2017-07-17 04:00:00,26.3,69,4.2,0.0,963.5
2017-07-17 05:00:00,25.7,71,3.8,0.0,963.4
2017-07-17 06:00:00,25.8,71,4.7,1.0,963.6
2017-07-17 07:00:00,27.0,66,2.4,55.0,964.4
2017-07-17 08:00:00,28.4,61,5.6,183.0,965.2
2017-07-17 09:00:00,30.2,55,6.2,367.0,965.4
2017-07-17 10:00:00,31.8,50,5.7,505.0,965.2
2017-07-17 11:00:00,33.5,44,5.6,607.0,964.8
2017-07-17 12:00:00,34.7,40,5.5,680.0,964.2
2017-07-17 13:00:00,36.0,36,3.7,727.0,963.3
2017-07-17 14:00:00,36.6,34,5.2,628.0,962.3
2017-07-17 15:00:00,37.0,32,7.9,572.0,961.6
2017-07-17 16:00:00,35.4,35,2.6,524.0,961.4
2017-07-17 17:00:00,35.1,35,6.2,369.0,960.7
2017-07-17 18:00:00,35.0,35,9.7,273.0,960.8
2017-07-17 19:00:00,34.0,40,11.9,130.0,961.1
2017-07-17 20:00:00,31.2,48,14.1,25.0,962.1
2017-07-17 21:00:00,30.4,51,15.6,0.0,962.9
2017-07-17 22:00:00,29.6,54,16.6,0.0,963.3
2017-07-17 23:00:00,29.3,56,15.7,0.0,963.2
2017-07-18 00:00:00,28.9,58,8.9,0.0,963.5
2017-07-18 01:00:00,27.7,64,7.3,0.0,962.8
2017-07-18 02:00:00,27.2,67,6.4,0.0,962.6
2017-07-18 03:00:00,26.5,70,6.4,0.0,962.2
2017-07-18 04:00:00,27.0,67,4.1,0.0,962.2
2017-07-18 05:00:00,26.5,70,4.1,0.0,962.3
2017-07-18 06:00:00,25.7,77,5.7,1.0,962.6
2017-07-18 07:00:00,27.7,66,3.6,57.0,963.1
2017-07-18 08:00:00,29.8,59,3.8,184.0,963.3
2017-07-18 09:00:00,31.4,54,4.5,326.0,963.2
2017-07-18 10:00:00,33.0,49,7.0,502.0,963.1
2017-07-18 11:00:00,34.7,44,5.4,684.0,962.8
2017-07-18 12:00:00,36.0,39,2.8,768.0,962.4
2017-07-18 13:00:00,37.1,36,8.0,778.0,961.3
2017-07-18 14:00:00,31.6,56,4.0,615.0,961.3
2017-07-18 15:00:00,33.5,47,4.0,549.0,960.0
2017-07-18 16:00:00,35.8,40,5.3,553.0,959.1
2017-07-18 17:00:00,35.7,39,4.8,453.0,958.9
2017-07-18 18:00:00,36.0,37,6.3,300.0,958.9
2017-07-18 19:00:00,34.6,40,8.6,131.0,959.2
2017-07-18 20:00:00,31.8,57,7.9,26.0,958.8
2017-07-18 21:00:00,32.1,53,11.4,0.0,959.7
2017-07-18 22:00:00,31.3,54,11.1,0.0,960.4
2017-07-18 23:00:00,30.4,57,11.5,0.0,960.6
2017-07-19 00:00:00,29.8,58,11.3,0.0,960.5
2017-07-19 01:00:00,29.4,59,12.1,0.0,960.0
2017-07-19 02:00:00,29.0,59,12.8,0.0,959.4
2017-07-19 03:00:00,28.7,60,10.2,0.0,959.0
2017-07-19 04:00:00,28.1,63,5.5,0.0,959.1
2017-07-19 05:00:00,27.3,67,6.5,0.0,959.3
2017-07-19 06:00:00,27.4,68,4.2,1.0,960.1
2017-07-19 07:00:00,28.5,62,2.9,50.0,960.6
2017-07-19 08:00:00,30.4,55,1.5,164.0,960.8
2017-07-19 09:00:00,32.7,47,1.1,356.0,960.8
2017-07-19 10:00:00,34.3,42,2.3,523.0,960.6
2017-07-19 11:00:00,35.7,38,5.2,680.0,960.0
2017-07-19 12:00:00,36.9,35,6.6,811.0,959.6
2017-07-19 13:00:00,38.2,32,6.6,876.0,958.3
2017-07-19 14:00:00,38.6,31,7.3,850.0,957.1
2017-07-19 15:00:00,39.5,29,9.9,775.0,956.2
2017-07-19 16:00:00,37.1,34,15.7,640.0,956.4
2017-07-19 17:00:00,37.1,32,6.0,393.0,955.8
2017-07-19 18:00:00,37.4,32,6.2,283.0,955.6
2017-07-19 19:00:00,36.6,35,4.8,138.0,955.5
2017-07-19 20:00:00,34.5,41,10.0,26.0,955.8
2017-07-19 21:00:00,33.6,47,15.6,0.0,956.6
2017-07-19 22:00:00,32.2,52,15.2,0.0,957.1
2017-07-19 23:00:00,31.5,55,14.1,0.0,957.4
2017-07-20 00:00:00,31.1,57,15.3,0.0,957.5
2017-07-20 01:00:00,30.7,58,14.5,0.0,957.6
2017-07-20 02:00:00,30.1,60,7.6,0.0,957.6
2017-07-20 03:00:00,29.3,64,5.2,0.0,957.6
2017-07-20 04:00:00,28.8,65,5.2,0.0,957.6
2017-07-20 05:00:00,28.2,68,5.4,0.0,957.8
2017-07-20 06:00:00,28.0,70,5.4,1.0,958.4
2017-07-20 07:00:00,29.7,62,3.0,57.0,959.2
2017-07-20 08:00:00,32.1,53,3.4,201.0,959.6
2017-07-20 09:00:00,34.2,46,3.3,377.0,959.8
2017-07-20 10:00:00,35.9,42,6.5,561.0,959.7
2017-07-20 11:00:00,37.4,38,7.1,708.0,959.4
2017-07-20 12:00:00,38.9,34,5.9,816.0,959.0
2017-07-20 13:00:00,39.9,32,4.7,844.0,958.4
2017-07-20 14:00:00,40.8,30,1.8,797.0,957.4
2017-07-20 15:00:00,38.2,36,11.9,542.0,956.8
2017-07-20 16:00:00,38.2,34,12.1,458.0,956.6
2017-07-20 17:00:00,38.7,32,10.4,390.0,956.0
2017-07-20 18:00:00,38.8,32,5.4,275.0,955.8
2017-07-20 19:00:00,38.1,34,5.9,129.0,956.3
2017-07-20 20:00:00,35.6,39,6.1,25.0,957.1
2017-07-20 21:00:00,35.1,42,15.1,0.0,958.0
2017-07-20 22:00:00,33.4,50,15.3,0.0,958.4
2017-07-20 23:00:00,32.8,52,13.2,0.0,958.6
2017-07-21 00:00:00,32.2,54,13.8,0.0,958.8
2017-07-21 01:00:00,31.7,56,12.5,0.0,958.6
2017-07-21 02:00:00,31.3,58,11.5,0.0,958.3
2017-07-21 03:00:00,30.9,60,7.4,0.0,958.6
2017-07-21 04:00:00,30.5,61,6.4,0.0,958.8
2017-07-21 05:00:00,30.1,62,8.4,0.0,959.2
2017-07-21 06:00:00,29.8,63,8.5,1.0,959.7
2017-07-21 07:00:00,31.1,58,8.0,57.0,960.2
2017-07-21 08:00:00,33.4,49,4.6,198.0,960.9
2017-07-21 09:00:00,35.5,42,1.8,384.0,961.5
2017-07-21 10:00:00,37.0,38,3.3,548.0,961.7
2017-07-21 11:00:00,38.5,35,2.0,692.0,961.6
2017-07-21 12:00:00,39.9,32,1.6,798.0,961.0
2017-07-21 13:00:00,41.0,29,3.8,829.0,960.1
2017-07-21 14:00:00,41.7,27,7.9,773.0,959.0
2017-07-21 15:00:00,38.5,33,15.0,667.0,958.9
2017-07-21 16:00:00,40.1,29,10.7,417.0,958.2
2017-07-21 17:00:00,39.8,31,11.6,401.0,958.1
2017-07-21 18:00:00,39.9,29,6.5,284.0,958.0
2017-07-21 19:00:00,38.7,33,11.5,125.0,958.2
2017-07-21 20:00:00,36.5,38,12.3,26.0,958.8
2017-07-21 21:00:00,35.3,44,15.5,0.0,959.7
2017-07-21 22:00:00,34.2,48,12.7,0.0,960.4
2017-07-21 23:00:00,33.6,50,16.1,0.0,960.8
2017-07-22 00:00:00,33.3,51,16.6,0.0,961.1
2017-07-22 01:00:00,32.9,51,16.0,0.0,961.1
2017-07-22 02:00:00,32.4,52,13.5,0.0,960.8
2017-07-22 03:00:00,31.9,53,11.5,0.0,960.9
2017-07-22 04:00:00,31.6,54,11.0,0.0,961.1
2017-07-22 05:00:00,31.1,55,6.3,0.0,961.5
2017-07-22 06:00:00,30.4,59,5.8,0.0,962.2
2017-07-22 07:00:00,31.7,54,4.1,52.0,962.9
2017-07-22 08:00:00,33.6,49,5.0,175.0,963.4
2017-07-22 09:00:00,35.7,42,2.5,359.0,963.9
2017-07-22 10:00:00,37.2,38,1.5,539.0,963.7
2017-07-22 11:00:00,38.8,33,1.5,697.0,963.3
2017-07-22 12:00:00,40.2,30,2.3,795.0,962.7
2017-07-22 13:00:00,41.3,27,4.2,801.0,961.6
2017-07-22 14:00:00,42.4,25,6.9,818.0,960.5
2017-07-22 15:00:00,39.5,30,20.1,749.0,960.5
2017-07-22 16:00:00,40.4,27,7.2,434.0,960.0
2017-07-22 17:00:00,39.2,31,14.1,433.0,959.8
2017-07-22 18:00:00,38.6,33,11.3,267.0,959.7
2017-07-22 19:00:00,38.3,34,8.3,136.0,959.7
2017-07-22 20:00:00,35.9,42,5.2,24.0,960.3
2017-07-22 21:00:00,35.6,44,10.5,0.0,961.0
2017-07-22 22:00:00,34.5,47,11.5,0.0,961.4
2017-07-22 23:00:00,33.4,50,11.8,0.0,961.9
2017-07-23 00:00:00,33.1,50,13.3,0.0,962.0
2017-07-23 01:00:00,32.5,52,13.2,0.0,961.6
2017-07-23 02:00:00,32.1,52,12.0,0.0,961.0
2017-07-23 03:00:00,31.8,53,10.2,0.0,960.8
2017-07-23 04:00:00,31.5,53,7.6,0.0,960.8
2017-07-23 05:00:00,30.8,55,5.0,0.0,961.0
2017-07-23 06:00:00,29.7,59,6.9,0.0,961.4
2017-07-23 07:00:00,31.3,54,3.6,55.0,962.0
2017-07-23 08:00:00,33.2,50,4.6,204.0,962.3
2017-07-23 09:00:00,35.6,41,2.5,388.0,962.4
2017-07-23 10:00:00,37.3,34,4.9,563.0,962.2
2017-07-23 11:00:00,39.1,29,6.0,724.0,961.8
2017-07-23 12:00:00,40.3,26,5.1,808.0,961.3
2017-07-23 13:00:00,41.5,24,4.1,857.0,960.6
2017-07-23 14:00:00,42.4,22,6.5,837.0,959.2
2017-07-23 15:00:00,41.5,20,15.0,712.0,958.6
2017-07-23 16:00:00,41.5,22,11.0,526.0,957.8
2017-07-23 17:00:00,40.7,25,14.2,459.0,957.3
2017-07-23 18:00:00,40.0,27,14.0,290.0,957.2
2017-07-23 19:00:00,38.9,31,15.9,141.0,957.3
2017-07-23 20:00:00,35.8,33,7.6,25.0,957.6
2017-07-23 21:00:00,36.3,37,14.7,0.0,958.8
2017-07-23 22:00:00,35.0,40,11.5,0.0,959.3
2017-07-23 23:00:00,33.8,43,12.6,0.0,959.4
2017-07-24 00:00:00,33.1,44,13.0,0.0,959.7
2017-07-24 01:00:00,32.3,46,10.0,0.0,959.3
2017-07-24 02:00:00,31.4,48,6.7,0.0,959.3
2017-07-24 03:00:00,30.5,51,4.7,0.0,959.0
2017-07-24 04:00:00,29.8,53,4.4,0.0,959.4
2017-07-24 05:00:00,29.4,54,7.3,0.0,959.7
2017-07-24 06:00:00,29.1,55,9.1,0.0,960.1
2017-07-24 07:00:00,30.6,50,8.3,57.0,960.7
2017-07-24 08:00:00,33.4,43,8.7,207.0,961.5
2017-07-24 09:00:00,35.4,37,6.0,392.0,961.6
2017-07-24 10:00:00,37.1,32,2.8,575.0,961.7
2017-07-24 11:00:00,38.7,29,3.2,726.0,961.4
2017-07-24 12:00:00,39.9,26,2.6,788.0,960.7
2017-07-24 13:00:00,40.9,23,4.9,814.0,959.7
2017-07-24 14:00:00,41.6,21,8.6,748.0,958.8
2017-07-24 15:00:00,41.7,20,11.2,680.0,957.6
2017-07-24 16:00:00,41.8,19,7.2,573.0,956.7
2017-07-24 17:00:00,41.7,19,6.8,452.0,956.1
2017-07-24 18:00:00,40.9,21,11.2,301.0,955.9
2017-07-24 19:00:00,38.9,29,16.4,135.0,956.3
2017-07-24 20:00:00,37.6,31,16.9,24.0,957.1
2017-07-24 21:00:00,36.6,33,13.8,0.0,957.7
2017-07-24 22:00:00,35.5,35,14.3,0.0,958.2
2017-07-24 23:00:00,34.4,38,13.2,0.0,958.6
2017-07-25 00:00:00,33.6,39,14.3,0.0,958.8
2017-07-25 01:00:00,33.2,40,13.8,0.0,958.8
2017-07-25 02:00:00,32.8,40,12.7,0.0,958.5
2017-07-25 03:00:00,32.5,40,10.9,0.0,958.2
2017-07-25 04:00:00,31.9,41,6.9,0.0,958.2
2017-07-25 05:00:00,30.3,45,8.0,0.0,958.2
2017-07-25 06:00:00,30.3,45,6.2,0.0,958.6
2017-07-25 07:00:00,31.8,41,3.6,54.0,959.3
2017-07-25 08:00:00,33.6,43,5.9,200.0,960.2
2017-07-25 09:00:00,35.8,39,6.5,383.0,960.3
2017-07-25 10:00:00,37.8,34,4.6,562.0,960.1
2017-07-25 11:00:00,39.3,29,2.7,640.0,960.0
2017-07-25 12:00:00,40.2,25,5.8,731.0,959.4
2017-07-25 13:00:00,41.4,23,5.8,793.0,958.6
2017-07-25 14:00:00,39.7,26,13.4,743.0,958.2
2017-07-25 15:00:00,40.1,26,12.5,581.0,957.3
2017-07-25 16:00:00,40.0,28,13.8,586.0,957.1
2017-07-25 17:00:00,37.6,33,19.0,390.0,957.4
2017-07-25 18:00:00,37.2,36,20.1,234.0,956.9
2017-07-25 19:00:00,35.4,43,25.7,123.0,957.1
2017-07-25 20:00:00,35.1,43,24.2,23.0,956.9
2017-07-25 21:00:00,34.5,45,25.4,0.0,957.5
2017-07-25 22:00:00,34.1,46,25.0,0.0,958.0
2017-07-25 23:00:00,33.8,46,25.5,0.0,958.5
2017-07-26 00:00:00,33.3,48,24.4,0.0,959.1
2017-07-26 01:00:00,32.8,49,22.0,0.0,959.0
2017-07-26 02:00:00,32.4,51,17.4,0.0,959.0
2017-07-26 03:00:00,32.0,53,17.5,0.0,959.1
2017-07-26 04:00:00,31.5,55,20.1,0.0,958.7
2017-07-26 05:00:00,31.1,57,22.5,0.0,958.6
2017-07-26 06:00:00,30.9,58,20.9,0.0,959.1
2017-07-26 07:00:00,31.7,56,14.8,53.0,959.4
2017-07-26 08:00:00,33.2,51,8.0,200.0,959.8
2017-07-26 09:00:00,35.2,44,5.2,375.0,959.7
2017-07-26 10:00:00,37.0,39,6.1,551.0,959.8
2017-07-26 11:00:00,38.6,34,1.3,698.0,959.3
2017-07-26 12:00:00,40.0,30,3.1,776.0,958.6
2017-07-26 13:00:00,41.7,27,5.1,838.0,957.7
2017-07-26 14:00:00,38.1,34,19.7,804.0,957.0
2017-07-26 15:00:00,40.9,28,6.4,671.0,956.1
2017-07-26 16:00:00,41.6,26,5.8,592.0,955.2
2017-07-26 17:00:00,38.0,34,7.1,380.0,955.5
2017-07-26 18:00:00,39.0,31,5.5,258.0,955.3
2017-07-26 19:00:00,38.3,33,3.3,120.0,955.8
2017-07-26 20:00:00,36.5,40,5.6,18.0,956.2
2017-07-26 21:00:00,35.8,42,7.2,0.0,957.1
2017-07-26 22:00:00,34.9,45,6.4,0.0,957.7
2017-07-26 23:00:00,34.2,47,4.9,0.0,958.0
2017-07-27 00:00:00,33.4,50,5.6,0.0,958.4
2017-07-27 01:00:00,32.5,53,8.0,0.0,958.3
2017-07-27 02:00:00,31.6,57,10.5,0.0,958.6
2017-07-27 03:00:00,30.8,61,9.9,0.0,958.8
2017-07-27 04:00:00,30.3,64,8.6,0.0,958.8
2017-07-27 05:00:00,29.9,67,10.1,0.0,959.3
2017-07-27 06:00:00,29.4,70,11.5,0.0,959.5
2017-07-27 07:00:00,30.1,68,10.2,52.0,960.0
2017-07-27 08:00:00,31.0,66,10.9,198.0,960.4
2017-07-27 09:00:00,32.9,59,10.2,370.0,960.6
2017-07-27 10:00:00,35.0,51,9.0,556.0,960.4
2017-07-27 11:00:00,36.9,44,7.7,671.0,960.0
2017-07-27 12:00:00,38.6,37,9.1,768.0,959.7
2017-07-27 13:00:00,40.0,33,9.7,864.0,958.9
2017-07-27 14:00:00,40.8,31,9.4,832.0,958.3
2017-07-27 15:00:00,39.4,35,13.8,616.0,958.1
2017-07-27 16:00:00,38.1,39,8.0,441.0,958.4
2017-07-27 17:00:00,33.5,57,14.1,223.0,958.9
2017-07-27 18:00:00,28.8,80,10.5,147.0,960.2
2017-07-27 19:00:00,29.8,77,5.5,50.0,960.7
2017-07-27 20:00:00,30.9,63,10.4,11.0,961.6
2017-07-27 21:00:00,29.7,65,12.2,0.0,963.2
2017-07-27 22:00:00,28.1,71,21.8,0.0,963.8
2017-07-27 23:00:00,27.0,77,18.9,0.0,964.0
2017-07-28 00:00:00,26.8,78,13.6,0.0,964.3
2017-07-28 01:00:00,25.2,88,14.8,0.0,964.9
2017-07-28 02:00:00,25.3,90,4.6,0.0,964.8
2017-07-28 03:00:00,25.1,87,9.2,0.0,964.9
2017-07-28 04:00:00,24.0,96,7.6,0.0,965.6
2017-07-28 05:00:00,23.3,97,8.7,0.0,966.2
2017-07-28 06:00:00,22.7,87,11.8,0.0,966.5
2017-07-28 07:00:00,23.6,83,9.0,7.0,966.9
2017-07-28 08:00:00,23.0,89,4.8,35.0,968.0
2017-07-28 09:00:00,23.4,88,2.5,30.0,968.4
2017-07-28 10:00:00,23.6,87,5.2,49.0,968.2
2017-07-28 11:00:00,24.2,84,10.6,103.0,968.4
2017-07-28 12:00:00,24.4,81,13.5,126.0,968.7
2017-07-28 13:00:00,24.6,77,14.8,134.0,968.5
2017-07-28 14:00:00,24.6,76,14.0,89.0,968.3
2017-07-28 15:00:00,24.9,74,13.1,134.0,968.0
2017-07-28 16:00:00,25.0,73,11.8,106.0,967.3
2017-07-28 17:00:00,25.7,71,10.0,108.0,966.9
2017-07-28 18:00:00,25.8,70,11.3,81.0,966.7
2017-07-28 19:00:00,25.7,70,10.7,27.0,967.0
2017-07-28 20:00:00,24.4,75,11.6,5.0,967.9
2017-07-28 21:00:00,24.3,77,12.0,0.0,968.2
2017-07-28 22:00:00,24.0,79,10.9,0.0,968.5
2017-07-28 23:00:00,23.7,80,12.3,0.0,968.0
2017-07-29 00:00:00,23.7,79,10.3,0.0,968.1
2017-07-29 01:00:00,23.5,80,10.7,0.0,967.7
2017-07-29 02:00:00,23.3,80,10.7,0.0,967.3
2017-07-29 03:00:00,23.1,80,10.7,0.0,966.9
2017-07-29 04:00:00,23.0,80,10.4,0.0,966.8
2017-07-29 05:00:00,23.0,81,9.7,0.0,967.0
2017-07-29 06:00:00,22.6,83,10.2,0.0,967.1
2017-07-29 07:00:00,22.3,87,8.9,4.0,967.4
2017-07-29 08:00:00,21.5,93,8.3,17.0,967.6
2017-07-29 09:00:00,21.4,95,8.8,29.0,967.7
2017-07-29 10:00:00,21.3,95,8.2,40.0,967.8
2017-07-29 11:00:00,21.6,94,6.9,67.0,967.9
2017-07-29 12:00:00,21.8,94,6.9,75.0,967.5
2017-07-29 13:00:00,22.2,90,8.4,86.0,967.1
2017-07-29 14:00:00,22.9,85,9.8,155.0,966.5
2017-07-29 15:00:00,23.6,79,9.5,162.0,965.8
2017-07-29 16:00:00,24.4,74,8.9,231.0,964.8
2017-07-29 17:00:00,24.7,72,8.4,185.0,964.3
2017-07-29 18:00:00,25.0,70,7.4,114.0,964.0
2017-07-29 19:00:00,25.0,70,5.9,58.0,964.1
2017-07-29 20:00:00,23.7,77,4.7,10.0,964.3
2017-07-29 21:00:00,23.2,80,6.3,0.0,964.9
2017-07-29 22:00:00,22.9,81,6.9,0.0,965.1
2017-07-29 23:00:00,22.3,84,5.9,0.0,965.3
2017-07-30 00:00:00,21.9,87,5.4,0.0,965.1
2017-07-30 01:00:00,21.5,89,4.8,0.0,964.7
2017-07-30 02:00:00,21.1,92,3.1,0.0,964.3
2017-07-30 03:00:00,21.0,93,4.0,0.0,964.0
2017-07-30 04:00:00,21.0,93,2.3,0.0,963.8
2017-07-30 05:00:00,20.8,93,1.0,0.0,963.8
2017-07-30 06:00:00,20.5,96,1.5,0.0,963.9
2017-07-30 07:00:00,21.8,89,3.0,38.0,964.2
2017-07-30 08:00:00,23.1,82,3.5,159.0,964.7
2017-07-30 09:00:00,24.9,71,4.4,346.0,964.8
2017-07-30 10:00:00,25.9,65,4.6,399.0,964.7
2017-07-30 11:00:00,26.9,61,4.1,440.0,964.4
2017-07-30 12:00:00,28.2,56,2.5,635.0,963.9
2017-07-30 13:00:00,29.0,54,2.3,566.0,963.2
2017-07-30 14:00:00,29.5,52,3.1,577.0,962.3
2017-07-30 15:00:00,30.3,49,4.7,603.0,961.3
2017-07-30 16:00:00,30.9,47,7.4,500.0,960.4
2017-07-30 17:00:00,30.6,49,9.8,376.0,959.9
2017-07-30 18:00:00,30.0,50,9.4,265.0,959.5
2017-07-30 19:00:00,28.9,54,7.4,125.0,959.6
2017-07-30 20:00:00,27.2,57,8.8,20.0,960.3
2017-07-30 21:00:00,26.7,60,10.7,0.0,960.6
2017-07-30 22:00:00,25.9,64,7.9,0.0,961.1
2017-07-30 23:00:00,24.8,69,6.1,0.0,961.2
2017-07-31 00:00:00,23.7,74,6.0,0.0,961.1
2017-07-31 01:00:00,23.2,77,5.9,0.0,961.0
2017-07-31 02:00:00,22.7,81,6.6,0.0,960.8
2017-07-31 03:00:00,22.3,84,6.4,0.0,960.7
2017-07-31 04:00:00,22.2,84,3.6,0.0,960.6
2017-07-31 05:00:00,22.0,84,2.5,0.0,960.6
2017-07-31 06:00:00,21.6,87,2.9,0.0,961.0
2017-07-31 07:00:00,23.2,78,1.8,48.0,961.6
2017-07-31 08:00:00,24.8,75,2.3,185.0,962.4
2017-07-31 09:00:00,26.5,68,0.7,357.0,962.3
2017-07-31 10:00:00,28.1,62,3.1,507.0,962.8
2017-07-31 11:00:00,29.7,54,7.9,628.0,962.5
2017-07-31 12:00:00,31.3,45,10.0,712.0,962.1
2017-07-31 13:00:00,32.3,39,12.5,735.0,961.3
2017-07-31 14:00:00,33.1,35,12.5,713.0,960.6
2017-07-31 15:00:00,33.6,35,13.3,707.0,959.7
2017-07-31 16:00:00,33.6,37,14.3,608.0,959.0
2017-07-31 17:00:00,33.2,38,15.0,439.0,958.4
2017-07-31 18:00:00,32.6,37,14.5,272.0,958.4
2017-07-31 19:00:00,31.5,39,9.2,119.0,958.8
2017-07-31 20:00:00,29.5,46,8.5,17.0,959.3
2017-07-31 21:00:00,28.5,49,6.5,0.0,959.8
2017-07-31 22:00:00,27.8,52,6.0,0.0,960.2
2017-07-31 23:00:00,27.2,53,5.9,0.0,960.7
2017-08-01 00:00:00,26.7,55,7.9,0.0,960.8
2017-08-01 01:00:00,26.0,59,7.3,0.0,961.0
2017-08-01 02:00:00,25.1,64,5.2,0.0,960.9
2017-08-01 03:00:00,25.1,64,6.5,0.0,960.8
2017-08-01 04:00:00,24.7,65,11.8,0.0,960.9
2017-08-01 05:00:00,24.2,69,13.2,0.0,960.9
2017-08-01 06:00:00,24.0,72,11.0,0.0,961.0
2017-08-01 07:00:00,24.7,70,10.0,45.0,961.3
2017-08-01 08:00:00,26.4,66,11.1,189.0,962.3
2017-08-01 09:00:00,28.1,61,10.4,341.0,962.5
2017-08-01 10:00:00,29.6,55,8.7,502.0,962.7
2017-08-01 11:00:00,30.7,52,8.8,551.0,962.8
2017-08-01 12:00:00,31.7,48,10.7,531.0,962.3
2017-08-01 13:00:00,31.9,48,15.3,531.0,962.1
2017-08-01 14:00:00,31.3,50,17.5,479.0,961.6
2017-08-01 15:00:00,30.6,51,14.7,257.0,960.8
2017-08-01 16:00:00,30.5,52,11.1,172.0,960.2
2017-08-01 17:00:00,30.3,54,10.4,132.0,959.7
2017-08-01 18:00:00,30.3,55,9.0,77.0,959.3
2017-08-01 19:00:00,29.8,57,7.7,45.0,960.0
2017-08-01 20:00:00,29.2,59,6.4,12.0,960.5
2017-08-01 21:00:00,28.6,62,4.1,0.0,961.1
2017-08-01 22:00:00,28.3,64,4.7,0.0,961.6
2017-08-01 23:00:00,28.3,65,5.6,0.0,961.7
2017-08-02 00:00:00,27.6,69,10.5,0.0,962.0
2017-08-02 01:00:00,26.8,75,8.3,0.0,961.6
2017-08-02 02:00:00,26.2,80,6.6,0.0,961.0
2017-08-02 03:00:00,25.8,84,5.5,0.0,960.6
2017-08-02 04:00:00,25.6,86,6.8,0.0,960.3
2017-08-02 05:00:00,25.5,86,4.1,0.0,960.2
2017-08-02 06:00:00,25.4,88,2.7,0.0,960.3
2017-08-02 07:00:00,26.2,83,5.2,30.0,960.7
2017-08-02 08:00:00,27.2,73,6.3,126.0,961.0
2017-08-02 09:00:00,28.4,68,4.7,197.0,961.2
2017-08-02 10:00:00,29.4,63,4.8,296.0,961.1
2017-08-02 11:00:00,30.6,58,1.5,427.0,961.1
2017-08-02 12:00:00,32.3,52,1.4,645.0,960.4
2017-08-02 13:00:00,33.6,48,1.8,720.0,959.4
2017-08-02 14:00:00,33.8,47,2.5,707.0,958.5
2017-08-02 15:00:00,34.3,45,1.3,643.0,957.3
2017-08-02 16:00:00,34.7,43,3.4,574.0,956.3
2017-08-02 17:00:00,34.7,43,4.9,448.0,955.7
2017-08-02 18:00:00,34.3,43,6.1,292.0,955.7
2017-08-02 19:00:00,32.9,49,4.0,125.0,956.1
2017-08-02 20:00:00,30.1,58,5.8,16.0,956.2
2017-08-02 21:00:00,30.1,58,6.9,0.0,956.7
2017-08-02 22:00:00,29.7,59,6.9,0.0,956.7
2017-08-02 23:00:00,29.0,62,6.1,0.0,957.1
2017-08-03 00:00:00,28.7,64,5.8,0.0,957.2
2017-08-03 01:00:00,27.8,68,7.5,0.0,957.0
2017-08-03 02:00:00,27.0,72,5.7,0.0,956.8
2017-08-03 03:00:00,26.6,72,5.8,0.0,956.5
2017-08-03 04:00:00,26.8,69,4.8,0.0,956.6
2017-08-03 05:00:00,26.0,72,5.4,0.0,956.8
2017-08-03 06:00:00,25.5,76,4.0,0.0,957.2
2017-08-03 07:00:00,27.3,69,3.8,45.0,957.9
2017-08-03 08:00:00,29.5,61,4.1,190.0,958.7
2017-08-03 09:00:00,31.7,51,4.3,339.0,959.0
2017-08-03 10:00:00,33.6,45,1.9,509.0,958.7
2017-08-03 11:00:00,35.1,42,0.8,677.0,958.7
2017-08-03 12:00:00,36.5,37,3.4,787.0,958.4
2017-08-03 13:00:00,37.7,31,7.8,828.0,957.4
2017-08-03 14:00:00,38.3,28,10.0,823.0,956.5
2017-08-03 15:00:00,38.1,27,16.0,752.0,955.6
2017-08-03 16:00:00,37.8,27,11.7,596.0,955.2
2017-08-03 17:00:00,37.9,26,9.5,462.0,955.0
2017-08-03 18:00:00,37.1,28,11.5,314.0,955.1
2017-08-03 19:00:00,35.2,32,8.3,139.0,955.5
2017-08-03 20:00:00,32.3,31,9.0,18.0,955.5
2017-08-03 21:00:00,31.2,30,9.5,0.0,956.4
2017-08-03 22:00:00,30.0,31,9.4,0.0,956.8
2017-08-03 23:00:00,28.7,34,7.7,0.0,956.9
2017-08-04 00:00:00,27.1,41,6.5,0.0,956.6
2017-08-04 01:00:00,27.0,44,5.0,0.0,956.8
2017-08-04 02:00:00,26.1,46,7.7,0.0,956.8
2017-08-04 03:00:00,24.9,50,10.0,0.0,956.7
2017-08-04 04:00:00,25.1,51,7.2,0.0,957.1
2017-08-04 05:00:00,26.2,47,3.3,0.0,957.6
2017-08-04 06:00:00,25.4,50,0.4,0.0,957.7
2017-08-04 07:00:00,25.2,53,2.1,46.0,958.6
2017-08-04 08:00:00,27.2,54,3.1,197.0,960.7
2017-08-04 09:00:00,29.8,43,3.8,363.0,960.9
2017-08-04 10:00:00,32.3,35,1.6,514.0,960.9
2017-08-04 11:00:00,34.8,30,2.5,709.0,960.9
2017-08-04 12:00:00,36.8,27,4.6,794.0,960.4
2017-08-04 13:00:00,38.4,25,7.2,839.0,959.7
2017-08-04 14:00:00,39.1,23,10.7,857.0,958.9
2017-08-04 15:00:00,39.5,21,13.3,802.0,957.7
2017-08-04 16:00:00,39.8,19,12.0,673.0,957.3
2017-08-04 17:00:00,39.3,20,13.5,508.0,957.0
2017-08-04 18:00:00,38.5,21,14.2,315.0,956.9
2017-08-04 19:00:00,36.4,26,11.4,132.0,957.5
2017-08-04 20:00:00,32.8,34,6.4,17.0,958.1
2017-08-04 21:00:00,31.5,38,6.3,0.0,958.4
2017-08-04 22:00:00,30.2,43,6.4,0.0,958.8
2017-08-04 23:00:00,29.9,45,7.7,0.0,959.0
2017-08-05 00:00:00,28.8,51,6.7,0.0,958.8
2017-08-05 01:00:00,28.3,54,6.2,0.0,958.9
2017-08-05 02:00:00,27.3,57,5.9,0.0,958.5
2017-08-05 03:00:00,26.9,57,5.9,0.0,958.5
2017-08-05 04:00:00,26.4,60,5.8,0.0,958.8
2017-08-05 05:00:00,25.6,63,6.9,0.0,958.7
2017-08-05 06:00:00,25.5,65,5.6,0.0,959.3
2017-08-05 07:00:00,27.4,58,6.5,43.0,960.1
2017-08-05 08:00:00,30.2,51,5.2,188.0,960.5
2017-08-05 09:00:00,32.6,45,4.6,376.0,960.8
2017-08-05 10:00:00,34.9,39,5.1,558.0,960.8
2017-08-05 11:00:00,36.9,34,6.2,714.0,960.6
2017-08-05 12:00:00,38.5,30,5.8,807.0,960.1
2017-08-05 13:00:00,39.3,28,6.1,778.0,959.6
2017-08-05 14:00:00,39.9,26,7.5,728.0,958.6
2017-08-05 15:00:00,40.6,25,8.9,756.0,957.7
2017-08-05 16:00:00,40.9,24,11.4,639.0,957.2
2017-08-05 17:00:00,39.5,26,13.0,471.0,957.5
2017-08-05 18:00:00,37.9,30,10.5,182.0,957.5
2017-08-05 19:00:00,37.2,33,5.5,106.0,957.7
2017-08-05 20:00:00,34.6,34,7.1,15.0,957.9
2017-08-05 21:00:00,34.2,36,10.1,0.0,958.6
2017-08-05 22:00:00,33.1,38,7.7,0.0,959.4
2017-08-05 23:00:00,31.8,43,5.2,0.0,959.6
2017-08-06 00:00:00,31.1,49,4.7,0.0,959.6
2017-08-06 01:00:00,30.1,56,6.3,0.0,959.2
2017-08-06 02:00:00,29.4,59,6.1,0.0,959.1
2017-08-06 03:00:00,29.3,60,4.7,0.0,959.1
2017-08-06 04:00:00,29.0,62,4.0,0.0,959.0
2017-08-06 05:00:00,28.8,63,3.7,0.0,959.2
2017-08-06 06:00:00,28.5,63,4.8,0.0,959.6
2017-08-06 07:00:00,29.6,58,0.5,31.0,960.3
2017-08-06 08:00:00,31.4,52,10.9,114.0,961.4
2017-08-06 09:00:00,32.4,48,14.3,337.0,961.8
2017-08-06 10:00:00,33.2,48,10.6,397.0,961.7
2017-08-06 11:00:00,34.9,44,8.0,483.0,961.6
2017-08-06 12:00:00,35.8,41,6.3,512.0,961.3
2017-08-06 13:00:00,36.5,39,7.3,517.0,960.8
2017-08-06 14:00:00,35.6,44,10.6,617.0,960.3
2017-08-06 15:00:00,36.5,40,8.1,589.0,959.3
2017-08-06 16:00:00,36.1,41,6.6,471.0,958.6
2017-08-06 17:00:00,36.3,40,2.8,416.0,958.3
2017-08-06 18:00:00,35.7,42,3.0,211.0,958.3
2017-08-06 19:00:00,35.0,44,3.3,80.0,958.6
2017-08-06 20:00:00,29.4,71,2.5,12.0,960.4
2017-08-06 21:00:00,29.1,73,3.3,0.0,960.9
2017-08-06 22:00:00,29.1,72,2.4,0.0,961.2
2017-08-06 23:00:00,28.9,79,0.8,0.0,961.2
2017-08-07 00:00:00,28.6,78,1.9,0.0,961.1
2017-08-07 01:00:00,28.2,78,3.6,0.0,960.6
2017-08-07 02:00:00,28.2,78,3.4,0.0,960.4
2017-08-07 03:00:00,28.0,79,4.4,0.0,960.4
2017-08-07 04:00:00,27.0,91,3.4,0.0,960.1
2017-08-07 05:00:00,26.6,93,3.3,0.0,960.1
2017-08-07 06:00:00,26.1,93,3.5,0.0,960.7
2017-08-07 07:00:00,25.8,94,4.7,16.0,961.3
2017-08-07 08:00:00,25.7,90,6.2,57.0,962.4
2017-08-07 09:00:00,25.8,91,2.4,69.0,962.6
2017-08-07 10:00:00,25.7,93,1.9,79.0,961.9
2017-08-07 11:00:00,26.1,88,8.1,152.0,962.8
2017-08-07 12:00:00,25.0,89,6.8,143.0,963.8
2017-08-07 13:00:00,24.1,90,12.8,92.0,964.1
2017-08-07 14:00:00,23.1,90,9.5,102.0,963.9
2017-08-07 15:00:00,23.3,88,10.1,128.0,964.4
2017-08-07 16:00:00,22.2,82,7.4,86.0,964.3
2017-08-07 17:00:00,21.9,82,4.7,33.0,964.2
2017-08-07 18:00:00,21.7,90,7.3,31.0,964.2
2017-08-07 19:00:00,21.6,90,9.4,16.0,964.0
2017-08-07 20:00:00,21.4,90,6.1,3.0,964.5
2017-08-07 21:00:00,21.8,87,3.1,0.0,965.4
2017-08-07 22:00:00,21.9,87,2.6,0.0,965.5
2017-08-07 23:00:00,21.6,90,7.0,0.0,965.3
2017-08-08 00:00:00,21.6,89,6.8,0.0,965.2
2017-08-08 01:00:00,21.0,91,7.2,0.0,964.5
2017-08-08 02:00:00,20.9,91,7.9,0.0,964.0
2017-08-08 03:00:00,20.8,91,6.5,0.0,963.4
2017-08-08 04:00:00,20.6,91,6.9,0.0,963.3
2017-08-08 05:00:00,20.3,91,9.5,0.0,962.9
2017-08-08 06:00:00,20.2,91,10.5,0.0,962.8
2017-08-08 07:00:00,21.1,86,10.5,39.0,963.2
2017-08-08 08:00:00,22.5,80,9.0,184.0,964.0
2017-08-08 09:00:00,24.6,71,9.1,374.0,964.0
2017-08-08 10:00:00,26.6,59,12.2,563.0,963.6
2017-08-08 11:00:00,28.3,52,13.8,720.0,963.4
2017-08-08 12:00:00,29.8,48,12.7,829.0,962.6
2017-08-08 13:00:00,31.2,45,11.6,881.0,961.5
2017-08-08 14:00:00,32.0,41,11.0,869.0,960.6
2017-08-08 15:00:00,32.6,37,10.3,777.0,959.7
2017-08-08 16:00:00,32.9,36,9.0,615.0,959.2
2017-08-08 17:00:00,33.1,35,8.7,456.0,958.5
2017-08-08 18:00:00,32.0,41,8.7,269.0,958.2
2017-08-08 19:00:00,29.9,49,9.7,114.0,958.0
2017-08-08 20:00:00,28.3,55,8.0,12.0,957.7
2017-08-08 21:00:00,26.8,62,7.6,0.0,958.3
2017-08-08 22:00:00,26.0,60,6.1,0.0,958.5
2017-08-08 23:00:00,25.9,56,9.4,0.0,959.0
2017-08-09 00:00:00,25.6,54,8.7,0.0,958.9
2017-08-09 01:00:00,25.5,60,8.7,0.0,958.9
2017-08-09 02:00:00,24.4,65,10.0,0.0,958.7
2017-08-09 03:00:00,23.6,65,13.5,0.0,958.5
2017-08-09 04:00:00,23.8,55,12.8,0.0,958.6
2017-08-09 05:00:00,23.7,50,11.0,0.0,958.6
2017-08-09 06:00:00,23.2,51,11.0,0.0,959.1
2017-08-09 07:00:00,23.5,50,12.1,40.0,959.6
2017-08-09 08:00:00,26.0,46,13.8,189.0,960.5
2017-08-09 09:00:00,28.3,39,14.8,380.0,960.7
2017-08-09 10:00:00,30.4,34,14.8,561.0,960.7
2017-08-09 11:00:00,32.1,32,13.9,726.0,960.7
2017-08-09 12:00:00,33.4,32,12.8,825.0,960.2
2017-08-09 13:00:00,34.4,31,13.3,893.0,959.2
2017-08-09 14:00:00,35.0,26,13.4,698.0,958.7
2017-08-09 15:00:00,34.4,26,10.1,615.0,958.0
2017-08-09 16:00:00,35.0,26,9.3,576.0,957.1
2017-08-09 17:00:00,34.2,30,18.2,440.0,956.6
2017-08-09 18:00:00,33.1,34,17.1,278.0,956.4
2017-08-09 19:00:00,31.7,33,14.7,114.0,956.2
2017-08-09 20:00:00,29.2,43,7.3,13.0,956.2
2017-08-09 21:00:00,27.8,45,8.2,0.0,956.7
2017-08-09 22:00:00,26.6,46,9.2,0.0,957.1
2017-08-09 23:00:00,26.4,43,13.4,0.0,957.2
2017-08-10 00:00:00,26.0,43,10.0,0.0,957.5
2017-08-10 01:00:00,24.2,49,5.8,0.0,957.2
2017-08-10 02:00:00,23.4,52,6.3,0.0,957.4
2017-08-10 03:00:00,22.6,54,8.2,0.0,957.1
2017-08-10 04:00:00,22.2,55,6.5,0.0,957.1
2017-08-10 05:00:00,21.7,56,5.4,0.0,957.1
2017-08-10 06:00:00,20.9,60,5.1,0.0,957.9
2017-08-10 07:00:00,22.5,56,7.3,40.0,958.3
2017-08-10 08:00:00,24.9,52,7.4,190.0,959.6
2017-08-10 09:00:00,27.1,49,9.7,381.0,959.8
2017-08-10 10:00:00,29.9,43,7.8,570.0,960.0
2017-08-10 11:00:00,32.3,38,4.3,728.0,959.7
2017-08-10 12:00:00,34.3,33,2.5,840.0,959.3
2017-08-10 13:00:00,35.8,29,2.3,892.0,958.6
2017-08-10 14:00:00,36.8,27,3.4,881.0,957.8
2017-08-10 15:00:00,37.2,26,5.2,800.0,956.8
2017-08-10 16:00:00,37.2,26,8.6,657.0,956.3
2017-08-10 17:00:00,36.7,24,8.9,453.0,955.9
2017-08-10 18:00:00,35.1,30,5.3,265.0,955.6
2017-08-10 19:00:00,32.2,46,7.4,118.0,955.4
2017-08-10 20:00:00,29.9,40,9.0,12.0,955.7
2017-08-10 21:00:00,29.5,43,6.0,0.0,956.4
2017-08-10 22:00:00,28.7,45,8.6,0.0,956.7
2017-08-10 23:00:00,27.9,46,7.3,0.0,957.1
2017-08-11 00:00:00,25.7,54,9.6,0.0,957.5
2017-08-11 01:00:00,26.8,46,8.1,0.0,957.6
2017-08-11 02:00:00,25.9,49,6.6,0.0,957.4
2017-08-11 03:00:00,25.5,52,6.5,0.0,957.4
2017-08-11 04:00:00,24.5,58,9.0,0.0,957.4
2017-08-11 05:00:00,24.8,55,5.4,0.0,958.0
2017-08-11 06:00:00,23.0,63,6.8,0.0,958.1
2017-08-11 07:00:00,24.5,58,8.3,36.0,958.9
2017-08-11 08:00:00,27.1,51,5.4,166.0,959.9
2017-08-11 09:00:00,29.6,46,3.6,355.0,960.4
2017-08-11 10:00:00,32.0,42,3.6,552.0,960.5
2017-08-11 11:00:00,33.9,39,3.3,651.0,960.5
2017-08-11 12:00:00,35.5,35,4.4,772.0,960.0
2017-08-11 13:00:00,36.3,33,4.1,676.0,959.1
2017-08-11 14:00:00,36.4,31,3.8,541.0,958.1
2017-08-11 15:00:00,34.7,34,9.4,388.0,958.0
2017-08-11 16:00:00,35.3,33,1.6,373.0,957.9
2017-08-11 17:00:00,34.7,34,2.2,341.0,957.8
2017-08-11 18:00:00,33.9,38,6.9,185.0,957.5
2017-08-11 19:00:00,32.2,44,5.9,103.0,957.6
2017-08-11 20:00:00,30.4,44,7.5,10.0,957.7
2017-08-11 21:00:00,30.2,49,14.0,0.0,958.6
2017-08-11 22:00:00,29.6,55,14.7,0.0,958.9
2017-08-11 23:00:00,28.7,58,15.3,0.0,958.9
2017-08-12 00:00:00,28.3,59,15.2,0.0,959.4
2017-08-12 01:00:00,27.8,60,14.3,0.0,959.4
2017-08-12 02:00:00,27.6,60,12.9,0.0,959.3
2017-08-12 03:00:00,27.6,60,9.2,0.0,959.3
2017-08-12 04:00:00,25.8,68,9.1,0.0,959.0
2017-08-12 05:00:00,26.4,64,2.4,0.0,959.4
2017-08-12 06:00:00,24.3,76,2.5,0.0,959.6
2017-08-12 07:00:00,25.3,72,3.3,35.0,960.0
2017-08-12 08:00:00,27.3,63,1.1,172.0,961.2
2017-08-12 09:00:00,29.5,55,3.5,363.0,961.3
2017-08-12 10:00:00,31.4,48,4.8,547.0,961.5
2017-08-12 11:00:00,33.0,42,6.4,704.0,961.3
2017-08-12 12:00:00,33.8,38,7.2,714.0,960.8
2017-08-12 13:00:00,34.7,35,6.5,741.0,960.4
2017-08-12 14:00:00,35.1,33,6.6,665.0,959.8
2017-08-12 15:00:00,35.7,29,5.4,617.0,958.7
2017-08-12 16:00:00,36.1,26,5.1,519.0,958.3
2017-08-12 17:00:00,35.8,26,5.4,369.0,958.2
2017-08-12 18:00:00,35.2,28,6.2,219.0,958.0
2017-08-12 19:00:00,32.6,39,5.2,90.0,957.8
2017-08-12 20:00:00,30.3,42,6.5,8.0,959.3
2017-08-12 21:00:00,30.8,41,11.0,0.0,960.2
2017-08-12 22:00:00,30.9,41,15.8,0.0,960.7
2017-08-12 23:00:00,30.0,45,14.6,0.0,960.6
2017-08-13 00:00:00,29.3,48,14.3,0.0,961.0
2017-08-13 01:00:00,28.8,50,10.3,0.0,960.7
2017-08-13 02:00:00,27.7,53,7.5,0.0,960.6
2017-08-13 03:00:00,27.3,54,10.0,0.0,960.8
2017-08-13 04:00:00,26.7,57,13.0,0.0,961.1
2017-08-13 05:00:00,26.1,63,13.0,0.0,961.5
2017-08-13 06:00:00,25.6,67,13.3,0.0,961.9
2017-08-13 07:00:00,26.1,67,12.8,30.0,962.7
2017-08-13 08:00:00,26.7,71,13.0,146.0,963.5
2017-08-13 09:00:00,28.0,65,10.2,270.0,964.0
2017-08-13 10:00:00,29.4,58,4.0,425.0,964.0
2017-08-13 11:00:00,29.9,57,1.9,462.0,964.2
2017-08-13 12:00:00,30.6,56,2.6,545.0,963.5
2017-08-13 13:00:00,30.6,56,7.6,575.0,963.3
2017-08-13 14:00:00,28.6,66,5.5,439.0,962.9
2017-08-13 15:00:00,30.4,58,4.3,596.0,962.3
2017-08-13 16:00:00,30.7,57,3.3,524.0,962.0
2017-08-13 17:00:00,30.0,59,4.9,265.0,962.1
2017-08-13 18:00:00,29.9,59,4.1,240.0,962.4
2017-08-13 19:00:00,27.6,72,6.5,85.0,962.6
2017-08-13 20:00:00,23.7,92,5.4,7.0,964.4
2017-08-13 21:00:00,23.2,97,8.8,0.0,965.0
2017-08-13 22:00:00,23.1,96,6.3,0.0,965.3
2017-08-13 23:00:00,23.2,94,3.0,0.0,965.5
2017-08-14 00:00:00,23.1,95,5.1,0.0,965.7
2017-08-14 01:00:00,23.1,95,4.0,0.0,965.5
2017-08-14 02:00:00,23.0,96,3.2,0.0,965.2
2017-08-14 03:00:00,23.0,96,3.4,0.0,965.1
2017-08-14 04:00:00,22.9,91,7.3,0.0,965.0
2017-08-14 05:00:00,22.7,93,8.7,0.0,964.9
2017-08-14 06:00:00,22.5,94,5.3,0.0,965.1
2017-08-14 07:00:00,22.7,94,5.1,23.0,965.5
2017-08-14 08:00:00,22.8,94,3.6,123.0,966.6
2017-08-14 09:00:00,24.1,87,3.1,245.0,966.8
2017-08-14 10:00:00,25.7,77,2.9,408.0,967.0
2017-08-14 11:00:00,27.4,70,3.3,578.0,966.7
2017-08-14 12:00:00,28.8,63,0.8,684.0,966.2
2017-08-14 13:00:00,29.9,57,2.5,756.0,965.2
2017-08-14 14:00:00,30.7,54,2.6,731.0,964.4
2017-08-14 15:00:00,31.4,50,4.1,702.0,963.3
2017-08-14 16:00:00,31.8,47,6.4,608.0,962.6
2017-08-14 17:00:00,31.6,46,8.1,458.0,962.2
2017-08-14 18:00:00,31.2,47,8.2,250.0,962.0
2017-08-14 19:00:00,30.1,50,6.2,103.0,962.1
2017-08-14 20:00:00,28.5,57,4.7,8.0,962.9
2017-08-14 21:00:00,27.3,62,3.6,0.0,963.1
2017-08-14 22:00:00,26.8,65,3.6,0.0,963.6
2017-08-14 23:00:00,25.8,70,4.3,0.0,963.4
2017-08-15 00:00:00,25.2,72,3.8,0.0,963.6
2017-08-15 01:00:00,24.7,74,5.9,0.0,963.7
2017-08-15 02:00:00,24.3,74,6.6,0.0,963.6
2017-08-15 03:00:00,24.1,73,5.9,0.0,963.4
2017-08-15 04:00:00,24.5,69,4.5,0.0,963.4
2017-08-15 05:00:00,24.6,67,3.3,0.0,963.7
2017-08-15 06:00:00,22.9,76,3.9,0.0,963.6
2017-08-15 07:00:00,23.8,73,5.2,31.0,964.1
2017-08-15 08:00:00,25.6,67,3.4,167.0,965.4
2017-08-15 09:00:00,27.6,61,2.2,345.0,965.5
2017-08-15 10:00:00,29.2,55,2.7,504.0,965.6
2017-08-15 11:00:00,30.6,52,3.9,636.0,965.3
2017-08-15 12:00:00,31.8,48,4.3,712.0,964.6
2017-08-15 13:00:00,33.0,44,5.7,799.0,963.9
2017-08-15 14:00:00,33.7,42,5.8,760.0,963.1
2017-08-15 15:00:00,34.3,40,6.4,705.0,962.0
2017-08-15 16:00:00,34.4,39,7.5,584.0,961.2
2017-08-15 17:00:00,34.1,39,9.6,436.0,960.8
2017-08-15 18:00:00,33.5,40,11.8,257.0,960.9
2017-08-15 19:00:00,31.9,44,10.7,99.0,961.0
2017-08-15 20:00:00,30.3,52,11.1,7.0,961.0
2017-08-15 21:00:00,29.6,54,10.1,0.0,961.8
2017-08-15 22:00:00,28.9,56,10.2,0.0,962.2
2017-08-15 23:00:00,28.4,59,11.3,0.0,962.5
2017-08-16 00:00:00,27.9,61,10.3,0.0,962.6
2017-08-16 01:00:00,27.3,63,8.0,0.0,962.4
2017-08-16 02:00:00,26.4,67,5.9,0.0,962.4
2017-08-16 03:00:00,25.6,70,6.6,0.0,962.1
2017-08-16 04:00:00,25.3,70,5.4,0.0,961.9
2017-08-16 05:00:00,24.5,73,5.8,0.0,962.1
2017-08-16 06:00:00,24.2,74,4.8,0.0,962.5
2017-08-16 07:00:00,25.3,70,4.8,31.0,963.0
2017-08-16 08:00:00,27.2,62,1.1,166.0,963.7
2017-08-16 09:00:00,29.2,56,1.9,351.0,963.9
2017-08-16 10:00:00,30.9,50,2.2,534.0,963.8
2017-08-16 11:00:00,32.6,46,4.0,687.0,964.0
2017-08-16 12:00:00,34.0,42,5.6,802.0,963.4
2017-08-16 13:00:00,35.2,38,5.7,851.0,962.6
2017-08-16 14:00:00,35.9,37,3.7,806.0,961.4
2017-08-16 15:00:00,36.0,36,2.6,653.0,960.4
2017-08-16 16:00:00,35.9,35,4.7,527.0,959.7
2017-08-16 17:00:00,35.7,33,9.4,405.0,959.3
2017-08-16 18:00:00,35.2,33,10.8,251.0,958.9
2017-08-16 19:00:00,33.5,37,9.1,99.0,958.8
2017-08-16 20:00:00,31.3,45,7.3,7.0,959.0
2017-08-16 21:00:00,31.0,44,9.7,0.0,959.9
2017-08-16 22:00:00,30.5,43,11.0,0.0,960.4
2017-08-16 23:00:00,30.0,45,13.0,0.0,960.8
2017-08-17 00:00:00,29.9,44,16.5,0.0,960.7
2017-08-17 01:00:00,29.3,46,17.1,0.0,960.7
2017-08-17 02:00:00,28.6,49,15.8,0.0,960.4
2017-08-17 03:00:00,28.1,52,14.5,0.0,960.0
2017-08-17 04:00:00,27.2,54,7.5,0.0,960.1
2017-08-17 05:00:00,25.8,59,6.9,0.0,960.2
2017-08-17 06:00:00,25.2,61,4.6,0.0,960.4
2017-08-17 07:00:00,26.3,58,7.9,29.0,961.0
2017-08-17 08:00:00,28.4,52,7.7,162.0,962.2
2017-08-17 09:00:00,30.6,46,7.1,327.0,962.2
2017-08-17 10:00:00,32.4,42,7.7,455.0,962.3
2017-08-17 11:00:00,34.2,38,6.7,639.0,962.2
2017-08-17 12:00:00,36.1,32,5.6,801.0,961.5
2017-08-17 13:00:00,37.1,29,8.4,817.0,960.8
2017-08-17 14:00:00,37.4,28,9.2,741.0,960.0
2017-08-17 15:00:00,37.5,27,8.7,582.0,959.0
2017-08-17 16:00:00,37.1,29,13.0,436.0,958.3
2017-08-17 17:00:00,36.8,30,14.3,410.0,957.9
2017-08-17 18:00:00,35.9,32,14.8,252.0,958.1
2017-08-17 19:00:00,34.4,37,14.3,97.0,958.7
2017-08-17 20:00:00,33.1,41,14.8,6.0,959.0
2017-08-17 21:00:00,32.5,42,16.8,0.0,959.6
2017-08-17 22:00:00,32.0,42,19.4,0.0,960.0
2017-08-17 23:00:00,31.4,43,21.4,0.0,960.3
2017-08-18 00:00:00,30.9,45,22.7,0.0,960.4
2017-08-18 01:00:00,30.3,49,23.4,0.0,960.4
2017-08-18 02:00:00,29.6,53,21.7,0.0,960.2
2017-08-18 03:00:00,29.2,56,16.6,0.0,960.1
2017-08-18 04:00:00,28.7,58,8.8,0.0,960.0
2017-08-18 05:00:00,27.9,61,8.8,0.0,960.4
2017-08-18 06:00:00,27.4,62,9.1,0.0,960.8
2017-08-18 07:00:00,27.8,60,9.5,16.0,961.4
2017-08-18 08:00:00,29.1,56,11.8,114.0,961.6
2017-08-18 09:00:00,28.4,63,13.0,175.0,962.2
2017-08-18 10:00:00,28.2,65,15.0,142.0,962.4
2017-08-18 11:00:00,29.1,61,16.8,250.0,962.7
2017-08-18 12:00:00,30.1,58,19.9,378.0,962.4
2017-08-18 13:00:00,30.6,56,20.1,428.0,961.9
2017-08-18 14:00:00,31.9,53,19.1,528.0,961.4
2017-08-18 15:00:00,31.0,56,18.7,285.0,960.8
2017-08-18 16:00:00,31.2,56,21.1,328.0,960.5
2017-08-18 17:00:00,30.9,57,21.9,302.0,960.2
2017-08-18 18:00:00,30.6,58,17.8,226.0,960.2
2017-08-18 19:00:00,29.5,62,16.0,88.0,960.4
2017-08-18 20:00:00,25.6,88,12.3,5.0,961.8
2017-08-18 21:00:00,25.8,88,12.6,0.0,962.5
2017-08-18 22:00:00,26.1,86,9.4,0.0,962.4
2017-08-18 23:00:00,26.1,86,9.7,0.0,962.8
2017-08-19 00:00:00,25.7,88,10.8,0.0,962.9
2017-08-19 01:00:00,25.2,88,14.3,0.0,962.7
2017-08-19 02:00:00,24.9,87,14.9,0.0,962.5
2017-08-19 03:00:00,24.4,87,13.8,0.0,962.2
2017-08-19 04:00:00,24.1,89,12.3,0.0,962.5
2017-08-19 05:00:00,23.9,91,9.9,0.0,962.7
2017-08-19 06:00:00,23.5,93,12.0,0.0,962.9
2017-08-19 07:00:00,23.6,93,13.0,12.0,963.5
2017-08-19 08:00:00,24.3,90,5.1,79.0,964.0
2017-08-19 09:00:00,25.0,88,10.4,198.0,964.3
2017-08-19 10:00:00,25.3,87,11.8,307.0,964.5
2017-08-19 11:00:00,25.8,83,11.5,319.0,964.8
2017-08-19 12:00:00,27.1,75,9.1,448.0,964.4
2017-08-19 13:00:00,28.7,67,10.3,546.0,963.6
2017-08-19 14:00:00,29.5,64,11.4,530.0,963.2
2017-08-19 15:00:00,28.8,66,14.0,391.0,962.4
2017-08-19 16:00:00,29.5,63,12.6,356.0,961.8
2017-08-19 17:00:00,29.7,62,12.9,326.0,962.0
2017-08-19 18:00:00,29.2,64,14.7,201.0,961.9
2017-08-19 19:00:00,28.3,68,16.1,81.0,962.2
2017-08-19 20:00:00,27.3,72,12.7,5.0,963.1
2017-08-19 21:00:00,26.8,76,12.0,0.0,963.9
2017-08-19 22:00:00,26.3,78,12.0,0.0,964.2
2017-08-19 23:00:00,26.0,77,12.7,0.0,964.4
2017-08-20 00:00:00,25.7,78,11.5,0.0,964.7
2017-08-20 01:00:00,25.1,80,10.6,0.0,964.2
2017-08-20 02:00:00,24.4,85,12.3,0.0,964.0
2017-08-20 03:00:00,24.1,87,9.4,0.0,963.7
2017-08-20 04:00:00,23.8,90,8.0,0.0,963.8
2017-08-20 05:00:00,23.6,93,7.2,0.0,963.9
2017-08-20 06:00:00,23.5,94,5.7,0.0,964.1
2017-08-20 07:00:00,23.8,93,6.7,18.0,964.5
2017-08-20 08:00:00,25.0,85,10.4,100.0,964.5
2017-08-20 09:00:00,26.1,80,11.9,206.0,964.5
2017-08-20 10:00:00,27.9,71,13.0,384.0,964.9
2017-08-20 11:00:00,29.2,66,11.5,502.0,964.7
2017-08-20 12:00:00,29.2,65,13.1,473.0,964.3
2017-08-20 13:00:00,29.4,64,14.7,469.0,963.5
2017-08-20 14:00:00,30.5,60,13.6,548.0,962.7
2017-08-20 15:00:00,31.1,58,11.5,507.0,961.7
2017-08-20 16:00:00,31.6,56,10.8,477.0,961.4
2017-08-20 17:00:00,30.4,62,12.0,361.0,961.3
2017-08-20 18:00:00,28.2,75,4.1,131.0,961.4
2017-08-20 19:00:00,25.6,95,11.4,29.0,962.0
2017-08-20 20:00:00,25.3,91,4.1,1.0,963.1
2017-08-20 21:00:00,24.9,93,10.0,0.0,964.2
2017-08-20 22:00:00,24.0,95,13.1,0.0,964.5
2017-08-20 23:00:00,22.9,92,12.8,0.0,964.5
2017-08-21 00:00:00,22.5,92,11.8,0.0,964.3
2017-08-21 01:00:00,22.8,89,9.7,0.0,963.8
2017-08-21 02:00:00,23.0,88,11.2,0.0,963.4
2017-08-21 03:00:00,23.2,86,8.0,0.0,963.4
2017-08-21 04:00:00,23.4,85,9.3,0.0,963.8
2017-08-21 05:00:00,23.3,84,10.6,0.0,963.8
2017-08-21 06:00:00,23.2,84,11.2,0.0,963.9
2017-08-21 07:00:00,23.5,82,10.4,9.0,964.1
2017-08-21 08:00:00,23.7,82,9.7,45.0,963.9
2017-08-21 09:00:00,24.2,79,8.7,124.0,964.0
2017-08-21 10:00:00,24.9,78,5.2,272.0,963.9
2017-08-21 11:00:00,25.9,77,3.2,397.0,963.9
2017-08-21 12:00:00,27.1,73,4.7,522.0,963.5
2017-08-21 13:00:00,28.6,68,9.2,684.0,963.1
2017-08-21 14:00:00,28.1,70,15.3,558.0,962.0
2017-08-21 15:00:00,29.0,69,14.0,585.0,961.1
2017-08-21 16:00:00,29.3,69,16.2,483.0,960.5
2017-08-21 17:00:00,29.2,69,17.1,401.0,960.0
2017-08-21 18:00:00,28.8,72,15.3,226.0,959.9
2017-08-21 19:00:00,27.7,76,14.6,80.0,960.4
2017-08-21 20:00:00,26.9,80,12.2,3.0,960.8
2017-08-21 21:00:00,26.6,81,12.5,0.0,961.4
2017-08-21 22:00:00,26.0,84,12.5,0.0,961.8
2017-08-21 23:00:00,25.6,86,9.7,0.0,961.5
2017-08-22 00:00:00,25.2,87,7.8,0.0,961.7
2017-08-22 01:00:00,24.8,87,6.4,0.0,961.5
2017-08-22 02:00:00,24.6,86,7.5,0.0,961.2
2017-08-22 03:00:00,24.4,86,5.9,0.0,960.9
2017-08-22 04:00:00,24.2,86,4.0,0.0,960.5
2017-08-22 05:00:00,24.2,86,4.7,0.0,960.3
2017-08-22 06:00:00,24.3,85,8.5,0.0,960.4
2017-08-22 07:00:00,24.9,82,10.2,24.0,961.1
2017-08-22 08:00:00,26.6,78,8.5,142.0,961.3
2017-08-22 09:00:00,28.2,73,7.7,294.0,961.1
2017-08-22 10:00:00,30.3,66,9.4,485.0,961.0
2017-08-22 11:00:00,31.8,61,10.6,633.0,960.8
2017-08-22 12:00:00,32.7,60,11.6,695.0,960.3
2017-08-22 13:00:00,33.6,57,10.4,796.0,959.6
2017-08-22 14:00:00,34.1,56,10.8,767.0,959.2
2017-08-22 15:00:00,34.1,56,13.5,625.0,959.0
2017-08-22 16:00:00,34.0,55,8.9,470.0,959.1
2017-08-22 17:00:00,28.9,80,25.9,213.0,960.6
2017-08-22 18:00:00,24.2,92,24.5,36.0,962.6
2017-08-22 19:00:00,23.2,84,25.0,9.0,964.3
2017-08-22 20:00:00,22.6,80,18.4,1.0,966.6
2017-08-22 21:00:00,23.3,73,19.4,0.0,968.1
2017-08-22 22:00:00,23.5,69,18.2,0.0,968.4
2017-08-22 23:00:00,23.9,65,15.9,0.0,968.8
2017-08-23 00:00:00,23.9,64,12.2,0.0,969.2
2017-08-23 01:00:00,23.9,64,10.2,0.0,969.0
2017-08-23 02:00:00,23.9,64,10.5,0.0,968.9
2017-08-23 03:00:00,23.9,63,11.7,0.0,969.2
2017-08-23 04:00:00,23.6,65,11.7,0.0,969.2
2017-08-23 05:00:00,23.0,68,16.0,0.0,969.3
2017-08-23 06:00:00,21.9,75,17.0,0.0,969.3
2017-08-23 07:00:00,21.9,77,15.5,18.0,969.8
2017-08-23 08:00:00,23.2,74,12.0,104.0,970.7
2017-08-23 09:00:00,23.9,73,13.2,215.0,970.6
2017-08-23 10:00:00,25.0,67,12.2,365.0,970.4
2017-08-23 11:00:00,26.5,59,10.9,534.0,970.3
2017-08-23 12:00:00,28.0,55,11.0,749.0,969.8
2017-08-23 13:00:00,28.8,53,9.2,787.0,968.9
2017-08-23 14:00:00,29.3,51,5.5,665.0,968.1
2017-08-23 15:00:00,30.0,48,3.5,742.0,967.5
2017-08-23 16:00:00,30.1,47,2.3,614.0,967.1
2017-08-23 17:00:00,29.9,49,6.0,451.0,966.9
2017-08-23 18:00:00,28.6,59,9.2,260.0,966.5
2017-08-23 19:00:00,26.5,62,8.6,86.0,966.6
2017-08-23 20:00:00,26.1,54,8.9,3.0,968.2
2017-08-23 21:00:00,25.3,57,9.0,0.0,968.5
2017-08-23 22:00:00,24.8,58,8.8,0.0,968.9
2017-08-23 23:00:00,24.3,58,9.9,0.0,969.0
2017-08-24 00:00:00,23.8,61,7.6,0.0,969.2
2017-08-24 01:00:00,23.3,65,5.9,0.0,969.1
2017-08-24 02:00:00,22.8,71,3.9,0.0,969.2
2017-08-24 03:00:00,22.1,76,4.0,0.0,969.2
2017-08-24 04:00:00,22.1,77,4.0,0.0,969.5
2017-08-24 05:00:00,21.9,77,6.1,0.0,969.7
2017-08-24 06:00:00,21.4,77,8.6,0.0,969.9
2017-08-24 07:00:00,21.6,77,8.0,24.0,970.5
2017-08-24 08:00:00,23.3,74,8.1,152.0,971.6
2017-08-24 09:00:00,24.7,66,8.2,247.0,971.8
2017-08-24 10:00:00,25.9,62,5.4,346.0,972.1
2017-08-24 11:00:00,27.4,56,3.8,533.0,971.7
2017-08-24 12:00:00,28.3,52,3.6,669.0,970.9
2017-08-24 13:00:00,29.2,49,1.5,829.0,970.0
2017-08-24 14:00:00,29.8,46,3.0,842.0,969.2
2017-08-24 15:00:00,30.0,45,4.6,740.0,968.6
2017-08-24 16:00:00,29.9,45,6.0,611.0,968.1
2017-08-24 17:00:00,29.6,47,6.1,436.0,968.0
2017-08-24 18:00:00,28.8,56,4.2,258.0,967.5
2017-08-24 19:00:00,26.3,69,5.4,79.0,967.3
2017-08-24 20:00:00,26.1,59,7.6,3.0,968.9
2017-08-24 21:00:00,25.6,64,6.2,0.0,969.2
2017-08-24 22:00:00,24.5,75,4.5,0.0,968.9
2017-08-24 23:00:00,23.5,81,6.1,0.0,969.1
2017-08-25 00:00:00,24.1,74,4.6,0.0,969.0
2017-08-25 01:00:00,23.3,78,5.2,0.0,968.8
2017-08-25 02:00:00,22.7,81,5.8,0.0,968.6
2017-08-25 03:00:00,22.5,82,3.9,0.0,968.5
2017-08-25 04:00:00,22.4,83,3.6,0.0,968.6
2017-08-25 05:00:00,22.3,84,4.0,0.0,968.8
2017-08-25 06:00:00,23.1,77,2.2,0.0,969.5
2017-08-25 07:00:00,23.1,77,2.4,13.0,970.3
2017-08-25 08:00:00,23.2,74,3.7,82.0,972.3
2017-08-25 09:00:00,24.0,71,5.2,144.0,972.7
2017-08-25 10:00:00,24.6,68,4.6,218.0,973.3
2017-08-25 11:00:00,24.9,65,2.7,231.0,973.5
2017-08-25 12:00:00,24.6,65,4.3,132.0,973.1
2017-08-25 13:00:00,24.3,64,5.3,93.0,972.9
2017-08-25 14:00:00,24.3,63,4.7,96.0,972.6
2017-08-25 15:00:00,24.1,64,3.0,74.0,972.1
2017-08-25 16:00:00,24.1,58,2.2,82.0,971.5
2017-08-25 17:00:00,23.6,63,4.5,52.0,971.4
2017-08-25 18:00:00,22.9,70,6.5,22.0,971.2
2017-08-25 19:00:00,22.2,75,7.2,9.0,971.5
2017-08-25 20:00:00,20.4,79,5.6,0.0,973.4
2017-08-25 21:00:00,20.2,78,7.6,0.0,973.7
2017-08-25 22:00:00,19.6,76,7.2,0.0,973.9
2017-08-25 23:00:00,19.4,71,7.6,0.0,973.8
2017-08-26 00:00:00,19.1,68,7.1,0.0,973.4
2017-08-26 01:00:00,19.0,68,4.7,0.0,972.8
2017-08-26 02:00:00,18.8,72,3.0,0.0,971.9
2017-08-26 03:00:00,18.9,75,1.9,0.0,971.2
2017-08-26 04:00:00,18.8,77,3.1,0.0,971.0
2017-08-26 05:00:00,18.5,79,4.3,0.0,970.9
2017-08-26 06:00:00,18.0,81,4.7,0.0,970.9
2017-08-26 07:00:00,17.9,82,4.0,11.0,970.9
2017-08-26 08:00:00,19.5,76,6.7,97.0,971.1
2017-08-26 09:00:00,20.3,75,12.7,208.0,971.1
2017-08-26 10:00:00,21.5,72,14.3,281.0,970.8
2017-08-26 11:00:00,22.9,69,12.8,402.0,969.9
2017-08-26 12:00:00,23.6,67,14.0,452.0,969.2
2017-08-26 13:00:00,24.9,64,13.6,550.0,968.4
2017-08-26 14:00:00,25.4,65,11.8,533.0,967.6
2017-08-26 15:00:00,27.5,58,7.9,620.0,966.4
2017-08-26 16:00:00,27.0,61,9.7,427.0,965.5
2017-08-26 17:00:00,27.0,63,9.6,339.0,965.2
2017-08-26 18:00:00,26.5,66,8.9,204.0,964.7
2017-08-26 19:00:00,25.1,73,9.7,74.0,964.5
2017-08-26 20:00:00,22.7,80,16.6,2.0,965.6
2017-08-26 21:00:00,22.7,79,15.1,0.0,966.1
2017-08-26 22:00:00,22.5,79,14.3,0.0,966.3
2017-08-26 23:00:00,22.4,79,12.5,0.0,966.1
2017-08-27 00:00:00,22.6,75,10.5,0.0,966.4
2017-08-27 01:00:00,22.9,66,10.5,0.0,966.3
2017-08-27 02:00:00,22.8,64,11.6,0.0,965.9
2017-08-27 03:00:00,22.4,66,11.5,0.0,965.4
2017-08-27 04:00:00,22.0,69,11.7,0.0,965.3
2017-08-27 05:00:00,21.8,70,9.4,0.0,965.0
2017-08-27 06:00:00,21.5,70,10.7,0.0,965.0
2017-08-27 07:00:00,21.4,72,10.6,20.0,965.0
2017-08-27 08:00:00,22.4,71,10.3,145.0,965.6
2017-08-27 09:00:00,23.9,67,10.7,311.0,965.5
2017-08-27 10:00:00,25.8,64,10.9,500.0,965.5
2017-08-27 11:00:00,27.6,61,11.2,661.0,965.2
2017-08-27 12:00:00,29.1,59,11.0,776.0,964.8
2017-08-27 13:00:00,30.7,55,8.0,827.0,964.0
2017-08-27 14:00:00,32.1,52,5.9,810.0,963.4
2017-08-27 15:00:00,31.4,57,16.0,735.0,962.9
2017-08-27 16:00:00,30.2,61,19.1,587.0,962.5
2017-08-27 17:00:00,29.9,63,16.4,404.0,962.4
2017-08-27 18:00:00,29.3,66,13.2,223.0,962.9
2017-08-27 19:00:00,27.9,70,8.1,66.0,963.5
2017-08-27 20:00:00,24.9,74,15.6,1.0,966.5
2017-08-27 21:00:00,24.8,73,16.2,0.0,967.2
2017-08-27 22:00:00,23.7,78,19.2,0.0,967.9
2017-08-27 23:00:00,22.5,83,17.5,0.0,968.5
2017-08-28 00:00:00,22.2,83,15.2,0.0,969.0
2017-08-28 01:00:00,22.3,78,13.3,0.0,968.9
2017-08-28 02:00:00,22.3,75,13.1,0.0,969.1
2017-08-28 03:00:00,22.3,72,12.8,0.0,968.9
2017-08-28 04:00:00,22.4,69,12.7,0.0,969.2
2017-08-28 05:00:00,22.4,66,12.0,0.0,969.5
2017-08-28 06:00:00,22.4,64,11.2,0.0,970.0
2017-08-28 07:00:00,22.3,64,11.0,5.0,970.3
2017-08-28 08:00:00,20.3,79,8.6,19.0,971.6
2017-08-28 09:00:00,20.4,80,10.7,31.0,971.9
2017-08-28 10:00:00,21.0,80,9.0,72.0,972.4
2017-08-28 11:00:00,21.3,78,8.9,80.0,972.6
2017-08-28 12:00:00,21.7,76,8.4,100.0,972.6
2017-08-28 13:00:00,22.0,74,7.4,108.0,972.4
2017-08-28 14:00:00,22.1,75,6.5,108.0,972.2
2017-08-28 15:00:00,21.9,77,4.5,89.0,971.6
2017-08-28 16:00:00,22.0,80,1.9,85.0,971.2
2017-08-28 17:00:00,21.9,84,1.5,82.0,971.3
2017-08-28 18:00:00,21.5,89,1.1,39.0,971.7
2017-08-28 19:00:00,21.5,88,1.3,18.0,972.3
2017-08-28 20:00:00,20.3,91,4.9,0.0,973.9
2017-08-28 21:00:00,20.7,88,3.8,0.0,974.7
2017-08-28 22:00:00,20.8,88,1.8,0.0,974.5
2017-08-28 23:00:00,20.5,90,3.1,0.0,974.3
2017-08-29 00:00:00,20.2,92,5.9,0.0,974.3
2017-08-29 01:00:00,20.2,91,7.4,0.0,974.0
2017-08-29 02:00:00,20.1,90,5.6,0.0,973.5
2017-08-29 03:00:00,19.8,87,3.8,0.0,973.3
2017-08-29 04:00:00,19.3,90,2.3,0.0,973.4
2017-08-29 05:00:00,19.1,90,3.0,0.0,973.5
2017-08-29 06:00:00,19.0,92,3.6,0.0,973.6
2017-08-29 07:00:00,18.5,95,7.1,1.0,973.8
2017-08-29 08:00:00,18.6,95,7.9,7.0,974.5
2017-08-29 09:00:00,18.5,93,9.1,24.0,975.0
2017-08-29 10:00:00,18.5,89,10.0,30.0,975.0
2017-08-29 11:00:00,19.2,83,11.6,127.0,974.9
2017-08-29 12:00:00,19.3,81,13.6,123.0,974.2
2017-08-29 13:00:00,19.5,77,15.7,139.0,973.9
2017-08-29 14:00:00,18.7,75,18.1,85.0,973.5
2017-08-29 15:00:00,18.3,74,17.9,100.0,973.1
2017-08-29 16:00:00,18.0,76,16.4,80.0,973.0
2017-08-29 17:00:00,17.5,82,15.4,25.0,973.2
2017-08-29 18:00:00,17.5,84,15.9,17.0,973.3
2017-08-29 19:00:00,17.5,87,16.4,7.0,973.7
2017-08-29 20:00:00,16.7,92,18.1,0.0,974.0
2017-08-29 21:00:00,16.4,90,18.3,0.0,974.5
2017-08-29 22:00:00,15.5,93,16.8,0.0,974.8
2017-08-29 23:00:00,15.3,93,14.3,0.0,974.5
2017-08-30 00:00:00,15.5,93,10.4,0.0,974.4
2017-08-30 01:00:00,15.6,94,7.4,0.0,973.9
2017-08-30 02:00:00,15.4,95,10.4,0.0,973.9
2017-08-30 03:00:00,15.1,95,10.9,0.0,973.7
2017-08-30 04:00:00,15.3,93,8.4,0.0,973.5
2017-08-30 05:00:00,15.5,93,4.7,0.0,973.5
2017-08-30 06:00:00,15.5,95,5.8,0.0,973.8
2017-08-30 07:00:00,15.6,95,4.3,1.0,974.2
2017-08-30 08:00:00,15.5,94,4.1,7.0,975.0
2017-08-30 09:00:00,15.7,93,2.9,18.0,975.1
2017-08-30 10:00:00,15.9,92,4.0,25.0,975.1
2017-08-30 11:00:00,16.1,91,4.7,36.0,975.1
2017-08-30 12:00:00,16.5,89,4.7,65.0,974.7
2017-08-30 13:00:00,16.9,85,3.4,53.0,974.2
2017-08-30 14:00:00,17.3,82,3.1,83.0,974.0
2017-08-30 15:00:00,17.6,82,2.5,85.0,973.2
2017-08-30 16:00:00,17.8,81,5.5,110.0,973.1
2017-08-30 17:00:00,17.3,89,7.6,52.0,972.9
2017-08-30 18:00:00,17.2,88,8.0,71.0,972.9
2017-08-30 19:00:00,16.8,88,7.6,23.0,972.6
2017-08-30 20:00:00,16.8,88,7.2,0.0,973.2
2017-08-30 21:00:00,16.6,88,8.6,0.0,973.3
2017-08-30 22:00:00,16.2,89,8.7,0.0,973.0
2017-08-30 23:00:00,15.8,91,7.6,0.0,972.7
2017-08-31 00:00:00,16.0,90,6.5,0.0,973.0
2017-08-31 01:00:00,16.1,90,7.6,0.0,972.7
2017-08-31 02:00:00,16.2,89,8.0,0.0,972.3
2017-08-31 03:00:00,16.3,90,8.0,0.0,971.8
2017-08-31 04:00:00,16.4,89,7.9,0.0,971.5
2017-08-31 05:00:00,16.4,89,8.0,0.0,971.2
2017-08-31 06:00:00,16.5,88,7.2,0.0,971.3
2017-08-31 07:00:00,16.8,87,6.1,7.0,971.6
2017-08-31 08:00:00,18.1,83,4.3,59.0,971.9
2017-08-31 09:00:00,19.8,74,3.8,313.0,972.3
2017-08-31 10:00:00,21.2,68,4.6,500.0,972.5
2017-08-31 11:00:00,22.4,64,4.7,608.0,972.3
2017-08-31 12:00:00,23.8,59,2.9,737.0,971.5
2017-08-31 13:00:00,24.8,55,0.8,761.0,970.6
2017-08-31 14:00:00,24.8,55,3.4,523.0,969.7
2017-08-31 15:00:00,25.0,56,6.8,519.0,969.0
2017-08-31 16:00:00,24.8,58,9.1,436.0,968.4
2017-08-31 17:00:00,24.4,58,9.0,406.0,967.7
2017-08-31 18:00:00,23.3,65,8.0,234.0,967.3
2017-08-31 19:00:00,21.5,69,8.4,68.0,966.8
2017-08-31 20:00:00,20.4,71,7.0,1.0,967.1
2017-08-31 21:00:00,20.2,76,6.2,0.0,967.5
2017-08-31 22:00:00,19.0,83,6.6,0.0,967.8
2017-08-31 23:00:00,19.4,81,5.8,0.0,968.0
2017-09-01 00:00:00,19.2,82,6.1,0.0,967.9
2017-09-01 01:00:00,18.7,82,6.6,0.0,968.0
2017-09-01 02:00:00,18.2,84,5.2,0.0,967.7
2017-09-01 03:00:00,18.0,86,5.9,0.0,967.3
2017-09-01 04:00:00,17.6,90,5.4,0.0,967.1
2017-09-01 05:00:00,18.1,87,5.5,0.0,966.9
2017-09-01 06:00:00,18.0,89,6.6,0.0,967.4
2017-09-01 07:00:00,18.5,88,7.1,16.0,967.9
2017-09-01 08:00:00,20.0,83,2.8,122.0,968.4
2017-09-01 09:00:00,21.1,80,5.0,240.0,968.3
2017-09-01 10:00:00,22.1,76,7.9,362.0,968.8
2017-09-01 11:00:00,22.4,76,11.4,387.0,968.8
2017-09-01 12:00:00,22.9,73,13.3,537.0,968.1
2017-09-01 13:00:00,22.6,74,11.4,343.0,967.9
2017-09-01 14:00:00,23.2,72,8.8,279.0,967.6
2017-09-01 15:00:00,23.4,72,5.6,200.0,967.1
2017-09-01 16:00:00,23.6,71,2.5,140.0,966.6
2017-09-01 17:00:00,23.4,72,3.3,93.0,966.7
2017-09-01 18:00:00,22.6,79,5.7,66.0,966.3
2017-09-01 19:00:00,21.8,83,4.8,26.0,966.1
2017-09-01 20:00:00,20.5,92,4.6,0.0,967.5
2017-09-01 21:00:00,20.4,92,4.2,0.0,968.0
2017-09-01 22:00:00,20.0,94,3.2,0.0,967.7
2017-09-01 23:00:00,19.9,93,3.8,0.0,967.6
2017-09-02 00:00:00,19.7,95,2.7,0.0,967.6
2017-09-02 01:00:00,19.6,93,5.2,0.0,967.4
2017-09-02 02:00:00,19.2,95,6.4,0.0,966.6
2017-09-02 03:00:00,18.7,96,3.5,0.0,966.7
2017-09-02 04:00:00,18.3,98,3.6,0.0,966.9
2017-09-02 05:00:00,18.6,97,2.1,0.0,966.7
2017-09-02 06:00:00,18.5,97,2.3,0.0,966.9
2017-09-02 07:00:00,19.0,95,1.3,11.0,967.4
2017-09-02 08:00:00,19.7,90,1.3,82.0,968.3
2017-09-02 09:00:00,20.6,86,1.6,107.0,968.3
2017-09-02 10:00:00,20.9,85,4.2,99.0,968.5
2017-09-02 11:00:00,21.1,85,5.7,163.0,968.6
2017-09-02 12:00:00,21.2,86,5.6,200.0,968.1
2017-09-02 13:00:00,22.8,77,10.7,451.0,967.4
2017-09-02 14:00:00,24.5,71,11.2,647.0,966.7
2017-09-02 15:00:00,25.1,67,10.3,595.0,966.1
2017-09-02 16:00:00,25.1,67,11.3,417.0,965.5
2017-09-02 17:00:00,24.6,69,11.8,276.0,965.4
2017-09-02 18:00:00,24.2,72,8.3,140.0,965.1
2017-09-02 19:00:00,23.2,76,8.3,39.0,965.3
2017-09-02 20:00:00,21.8,80,8.9,0.0,965.8
2017-09-02 21:00:00,21.5,81,11.2,0.0,966.5
2017-09-02 22:00:00,21.1,83,9.7,0.0,966.5
2017-09-02 23:00:00,20.8,84,9.5,0.0,966.7
2017-09-03 00:00:00,20.8,82,11.8,0.0,967.1
2017-09-03 01:00:00,20.6,82,11.2,0.0,967.1
2017-09-03 02:00:00,20.1,82,12.8,0.0,966.9
2017-09-03 03:00:00,19.3,84,15.0,0.0,966.9
2017-09-03 04:00:00,18.9,82,16.0,0.0,966.7
2017-09-03 05:00:00,18.7,78,15.8,0.0,967.0
2017-09-03 06:00:00,18.2,76,13.5,0.0,967.2
2017-09-03 07:00:00,18.4,74,12.8,12.0,967.8
2017-09-03 08:00:00,18.7,74,11.8,56.0,969.0
2017-09-03 09:00:00,19.1,74,10.8,76.0,969.5
2017-09-03 10:00:00,19.3,74,10.0,109.0,969.7
2017-09-03 11:00:00,19.3,77,10.8,130.0,969.9
2017-09-03 12:00:00,19.7,77,8.9,207.0,969.8
2017-09-03 13:00:00,19.8,78,6.8,178.0,969.5
2017-09-03 14:00:00,19.6,80,6.0,155.0,969.0
2017-09-03 15:00:00,19.5,83,3.9,130.0,968.2
2017-09-03 16:00:00,19.6,83,3.4,133.0,967.6
2017-09-03 17:00:00,19.7,84,6.2,88.0,967.5
2017-09-03 18:00:00,19.5,85,8.4,69.0,967.5
2017-09-03 19:00:00,19.0,87,7.3,22.0,967.6
2017-09-03 20:00:00,19.4,84,4.2,0.0,968.3
2017-09-03 21:00:00,19.6,82,1.6,0.0,969.1
2017-09-03 22:00:00,18.7,88,2.8,0.0,968.6
2017-09-03 23:00:00,18.3,90,5.5,0.0,968.8
2017-09-04 00:00:00,18.0,90,6.1,0.0,968.9
2017-09-04 01:00:00,17.7,91,3.7,0.0,968.6
2017-09-04 02:00:00,17.3,94,4.8,0.0,968.1
2017-09-04 03:00:00,16.9,95,5.1,0.0,968.0
2017-09-04 04:00:00,17.3,93,3.1,0.0,968.1
2017-09-04 05:00:00,17.2,94,2.9,0.0,968.0
2017-09-04 06:00:00,17.6,90,3.6,0.0,968.2
2017-09-04 07:00:00,17.7,89,5.9,7.0,968.3
2017-09-04 08:00:00,17.9,88,5.1,33.0,968.7
2017-09-04 09:00:00,18.4,86,5.5,61.0,969.1
2017-09-04 10:00:00,18.9,84,7.3,101.0,969.6
2017-09-04 11:00:00,18.9,84,9.4,100.0,969.5
2017-09-04 12:00:00,19.0,82,9.8,132.0,969.2
2017-09-04 13:00:00,18.7,82,8.7,105.0,969.0
2017-09-04 14:00:00,18.7,82,7.0,96.0,968.7
2017-09-04 15:00:00,18.6,84,5.1,94.0,968.1
2017-09-04 16:00:00,18.9,83,4.7,109.0,968.0
2017-09-04 17:00:00,18.7,84,5.2,55.0,968.0
2017-09-04 18:00:00,18.5,85,3.6,17.0,968.3
2017-09-04 19:00:00,18.4,88,1.0,8.0,968.7
2017-09-04 20:00:00,18.3,94,0.0,0.0,969.9
2017-09-04 21:00:00,18.3,93,2.6,0.0,970.7
2017-09-04 22:00:00,18.3,93,5.6,0.0,970.9
2017-09-04 23:00:00,18.2,94,4.5,0.0,971.3
2017-09-05 00:00:00,18.2,94,3.6,0.0,971.1
2017-09-05 01:00:00,18.1,94,3.4,0.0,970.8
2017-09-05 02:00:00,17.9,94,4.3,0.0,970.6
2017-09-05 03:00:00,17.7,93,5.0,0.0,970.2
2017-09-05 04:00:00,17.5,91,7.3,0.0,970.1
2017-09-05 05:00:00,17.4,91,8.0,0.0,970.0
2017-09-05 06:00:00,17.4,92,8.2,0.0,969.7
2017-09-05 07:00:00,17.9,90,8.6,3.0,970.1
2017-09-05 08:00:00,17.9,92,7.3,40.0,970.4
2017-09-05 09:00:00,18.9,89,5.4,62.0,970.8
2017-09-05 10:00:00,19.2,90,5.1,68.0,971.1
2017-09-05 11:00:00,19.0,91,7.2,63.0,971.8
2017-09-05 12:00:00,18.9,92,8.0,52.0,971.4
2017-09-05 13:00:00,19.3,92,9.1,92.0,971.0
2017-09-05 14:00:00,19.6,94,11.9,96.0,971.0
2017-09-05 15:00:00,19.1,93,13.2,54.0,970.4
2017-09-05 16:00:00,18.6,93,12.4,37.0,970.1
2017-09-05 17:00:00,18.4,93,12.0,34.0,969.5
2017-09-05 18:00:00,18.2,93,11.5,29.0,969.6
2017-09-05 19:00:00,18.0,92,11.1,12.0,969.7
2017-09-05 20:00:00,17.8,94,10.5,0.0,971.6
2017-09-05 21:00:00,18.0,90,11.5,0.0,971.8
2017-09-05 22:00:00,18.0,90,10.4,0.0,971.5
2017-09-05 23:00:00,17.5,91,8.2,0.0,971.6
2017-09-06 00:00:00,17.5,90,6.0,0.0,971.4
2017-09-06 01:00:00,17.4,91,7.6,0.0,971.2
2017-09-06 02:00:00,17.2,91,9.0,0.0,970.6
2017-09-06 03:00:00,16.9,91,9.7,0.0,970.1
2017-09-06 04:00:00,16.9,90,9.7,0.0,970.1
2017-09-06 05:00:00,16.6,90,8.0,0.0,970.0
2017-09-06 06:00:00,16.4,91,6.8,0.0,970.3
2017-09-06 07:00:00,16.9,88,8.3,15.0,970.6
2017-09-06 08:00:00,18.2,85,9.3,131.0,971.7
2017-09-06 09:00:00,20.0,79,11.1,300.0,971.7
2017-09-06 10:00:00,22.0,71,11.8,506.0,971.9
2017-09-06 11:00:00,23.8,63,11.2,679.0,971.9
2017-09-06 12:00:00,25.3,57,9.2,787.0,971.2
2017-09-06 13:00:00,26.3,53,7.8,835.0,970.3
2017-09-06 14:00:00,26.9,51,6.1,821.0,969.6
2017-09-06 15:00:00,27.4,49,4.4,735.0,968.7
2017-09-06 16:00:00,27.4,48,3.6,583.0,968.1
2017-09-06 17:00:00,27.1,49,4.2,401.0,967.6
2017-09-06 18:00:00,25.9,59,5.4,212.0,967.4
2017-09-06 19:00:00,22.1,70,6.8,53.0,966.9
2017-09-06 20:00:00,20.8,72,9.0,0.0,967.2
2017-09-06 21:00:00,20.3,72,10.4,0.0,967.6
2017-09-06 22:00:00,19.3,75,6.9,0.0,967.7
2017-09-06 23:00:00,18.4,80,6.0,0.0,967.8
2017-09-07 00:00:00,19.3,75,5.1,0.0,967.9
2017-09-07 01:00:00,17.2,85,4.1,0.0,967.5
2017-09-07 02:00:00,16.0,90,4.9,0.0,967.1
2017-09-07 03:00:00,15.8,89,4.3,0.0,966.9
2017-09-07 04:00:00,15.2,90,5.2,0.0,966.9
2017-09-07 05:00:00,14.8,90,5.1,0.0,966.8
2017-09-07 06:00:00,15.3,86,5.4,0.0,967.2
2017-09-07 07:00:00,15.7,85,8.3,15.0,967.5
2017-09-07 08:00:00,17.2,83,6.9,132.0,968.5
2017-09-07 09:00:00,19.9,77,4.8,318.0,968.9
2017-09-07 10:00:00,22.6,69,1.8,521.0,968.8
2017-09-07 11:00:00,24.7,61,3.2,689.0,968.6
2017-09-07 12:00:00,26.0,57,7.6,798.0,967.7
2017-09-07 13:00:00,27.0,54,11.3,845.0,966.8
2017-09-07 14:00:00,27.6,52,13.0,826.0,965.9
2017-09-07 15:00:00,27.9,52,14.3,735.0,964.9
2017-09-07 16:00:00,28.0,55,14.4,575.0,963.8
2017-09-07 17:00:00,27.4,59,13.7,358.0,963.5
2017-09-07 18:00:00,26.0,64,12.5,199.0,962.8
2017-09-07 19:00:00,24.1,68,8.7,48.0,963.0
2017-09-07 20:00:00,23.0,68,8.9,0.0,963.7
2017-09-07 21:00:00,22.1,72,5.6,0.0,964.1
2017-09-07 22:00:00,21.8,75,4.1,0.0,964.5
2017-09-07 23:00:00,22.2,73,3.5,0.0,965.1
2017-09-08 00:00:00,20.5,83,4.5,0.0,965.5
2017-09-08 01:00:00,20.3,84,4.4,0.0,965.6
2017-09-08 02:00:00,19.5,87,4.5,0.0,965.5
2017-09-08 03:00:00,19.5,85,4.3,0.0,965.6
2017-09-08 04:00:00,19.0,86,4.3,0.0,965.7
2017-09-08 05:00:00,18.6,86,4.0,0.0,965.6
2017-09-08 06:00:00,19.1,83,1.6,0.0,965.8
2017-09-08 07:00:00,19.1,85,5.1,5.0,966.0
2017-09-08 08:00:00,20.1,85,5.9,41.0,966.6
2017-09-08 09:00:00,20.5,87,2.9,64.0,966.6
2017-09-08 10:00:00,21.2,84,3.1,101.0,967.1
2017-09-08 11:00:00,21.8,81,6.1,155.0,967.9
2017-09-08 12:00:00,22.0,78,5.8,144.0,967.4
2017-09-08 13:00:00,22.2,77,4.7,138.0,967.2
2017-09-08 14:00:00,22.1,78,6.5,129.0,966.8
2017-09-08 15:00:00,22.2,79,6.2,115.0,965.7
2017-09-08 16:00:00,22.6,78,6.6,126.0,965.1
2017-09-08 17:00:00,22.1,81,8.6,68.0,964.6
2017-09-08 18:00:00,21.6,83,8.8,48.0,964.3
2017-09-08 19:00:00,21.2,84,9.7,14.0,964.2
2017-09-08 20:00:00,20.8,85,6.0,0.0,964.6
2017-09-08 21:00:00,20.8,88,5.1,0.0,965.3
2017-09-08 22:00:00,20.7,88,3.2,0.0,965.5
2017-09-08 23:00:00,21.1,86,0.5,0.0,965.8
2017-09-09 00:00:00,20.7,90,1.3,0.0,966.3
2017-09-09 01:00:00,20.4,92,1.4,0.0,966.2
2017-09-09 02:00:00,20.2,95,2.1,0.0,965.7
2017-09-09 03:00:00,20.5,92,3.8,0.0,965.7
2017-09-09 04:00:00,20.9,87,2.0,0.0,965.5
2017-09-09 05:00:00,20.2,94,1.5,0.0,965.2
2017-09-09 06:00:00,20.0,94,3.3,0.0,965.3
2017-09-09 07:00:00,19.7,95,4.8,2.0,965.7
2017-09-09 08:00:00,19.8,96,5.2,26.0,966.5
2017-09-09 09:00:00,20.1,96,4.8,58.0,967.0
2017-09-09 10:00:00,20.4,92,2.6,76.0,967.4
2017-09-09 11:00:00,20.7,93,2.8,134.0,967.4
2017-09-09 12:00:00,20.5,91,2.2,99.0,967.3
2017-09-09 13:00:00,20.6,91,3.3,104.0,967.0
2017-09-09 14:00:00,20.2,95,7.2,94.0,966.2
2017-09-09 15:00:00,19.9,94,6.6,65.0,966.1
2017-09-09 16:00:00,19.8,92,4.4,53.0,965.9
2017-09-09 17:00:00,19.9,91,2.9,45.0,966.0
2017-09-09 18:00:00,19.9,95,4.5,23.0,966.2
2017-09-09 19:00:00,19.8,96,2.6,3.0,967.1
2017-09-09 20:00:00,19.1,95,5.8,0.0,969.6
2017-09-09 21:00:00,19.0,95,4.7,0.0,970.8
2017-09-09 22:00:00,18.9,96,6.5,0.0,971.4
2017-09-09 23:00:00,18.9,95,10.5,0.0,971.4
2017-09-10 00:00:00,18.7,95,10.3,0.0,971.5
2017-09-10 01:00:00,18.5,93,10.7,0.0,971.3
2017-09-10 02:00:00,18.3,90,11.9,0.0,970.7
2017-09-10 03:00:00,18.3,90,10.6,0.0,970.3
2017-09-10 04:00:00,18.2,90,12.4,0.0,970.2
2017-09-10 05:00:00,18.4,88,14.2,0.0,970.0
2017-09-10 06:00:00,18.3,87,13.7,0.0,969.9
2017-09-10 07:00:00,18.6,83,13.2,6.0,970.5
2017-09-10 08:00:00,19.5,84,9.7,42.0,971.7
2017-09-10 09:00:00,21.3,76,10.5,227.0,972.1
2017-09-10 10:00:00,23.0,66,12.1,396.0,972.4
2017-09-10 11:00:00,24.2,61,11.5,511.0,972.4
2017-09-10 12:00:00,25.1,57,11.2,566.0,971.8
2017-09-10 13:00:00,26.0,53,11.5,651.0,971.2
2017-09-10 14:00:00,26.7,50,13.0,743.0,970.5
2017-09-10 15:00:00,26.7,50,14.1,593.0,969.3
2017-09-10 16:00:00,26.9,50,13.2,570.0,968.6
2017-09-10 17:00:00,26.4,55,11.0,379.0,968.4
2017-09-10 18:00:00,24.9,62,8.4,203.0,968.0
2017-09-10 19:00:00,23.0,63,11.4,43.0,967.9
2017-09-10 20:00:00,21.7,63,13.8,0.0,969.0
2017-09-10 21:00:00,21.3,61,13.5,0.0,969.4
2017-09-10 22:00:00,20.5,61,11.2,0.0,969.5
2017-09-10 23:00:00,19.6,64,8.9,0.0,969.6
2017-09-11 00:00:00,18.1,72,5.9,0.0,969.3
2017-09-11 01:00:00,17.1,76,6.4,0.0,969.1
2017-09-11 02:00:00,16.7,78,4.4,0.0,968.9
2017-09-11 03:00:00,16.0,81,6.5,0.0,968.5
2017-09-11 04:00:00,15.8,80,5.2,0.0,968.5
2017-09-11 05:00:00,15.5,80,4.9,0.0,968.6
2017-09-11 06:00:00,15.4,79,4.9,0.0,968.7
2017-09-11 07:00:00,15.8,79,5.8,13.0,969.3
2017-09-11 08:00:00,18.1,75,3.1,137.0,971.0
2017-09-11 09:00:00,20.6,65,1.3,331.0,971.2
2017-09-11 10:00:00,22.7,60,0.0,526.0,971.5
2017-09-11 11:00:00,24.5,56,1.1,687.0,971.6
2017-09-11 12:00:00,26.0,52,3.9,795.0,970.9
2017-09-11 13:00:00,26.9,50,8.4,842.0,970.1
2017-09-11 14:00:00,27.3,49,13.9,823.0,969.4
2017-09-11 15:00:00,27.6,43,15.3,737.0,968.7
2017-09-11 16:00:00,27.4,46,15.1,590.0,968.2
2017-09-11 17:00:00,26.7,53,12.9,403.0,968.1
2017-09-11 18:00:00,25.1,61,11.2,202.0,967.8
2017-09-11 19:00:00,22.7,65,8.7,41.0,967.7
2017-09-11 20:00:00,21.7,60,9.2,0.0,968.3
2017-09-11 21:00:00,21.1,59,6.9,0.0,969.1
2017-09-11 22:00:00,19.4,72,9.0,0.0,969.2
2017-09-11 23:00:00,19.1,73,7.9,0.0,969.7
2017-09-12 00:00:00,18.8,74,6.8,0.0,970.0
2017-09-12 01:00:00,18.3,75,6.1,0.0,970.0
2017-09-12 02:00:00,17.3,77,6.3,0.0,970.3
2017-09-12 03:00:00,16.1,81,7.1,0.0,970.1
2017-09-12 04:00:00,15.7,82,6.1,0.0,970.3
2017-09-12 05:00:00,15.2,84,5.6,0.0,970.6
2017-09-12 06:00:00,15.0,85,5.2,0.0,970.9
2017-09-12 07:00:00,15.7,88,3.9,12.0,971.4
2017-09-12 08:00:00,18.0,76,1.9,134.0,972.7
2017-09-12 09:00:00,20.4,71,4.5,325.0,973.2
2017-09-12 10:00:00,22.5,68,7.3,518.0,973.3
2017-09-12 11:00:00,24.4,64,8.6,678.0,972.9
2017-09-12 12:00:00,26.0,60,10.7,785.0,972.6
2017-09-12 13:00:00,27.2,57,12.8,830.0,971.6
2017-09-12 14:00:00,28.0,55,15.8,807.0,970.6
2017-09-12 15:00:00,28.3,56,17.0,712.0,969.9
2017-09-12 16:00:00,28.2,56,18.7,568.0,969.3
2017-09-12 17:00:00,27.6,59,17.8,384.0,969.1
2017-09-12 18:00:00,26.1,63,17.3,184.0,968.8
2017-09-12 19:00:00,24.7,67,13.2,37.0,968.5
2017-09-12 20:00:00,24.3,59,11.6,0.0,968.5
2017-09-12 21:00:00,25.8,47,18.2,0.0,969.4
2017-09-12 22:00:00,25.6,47,22.1,0.0,969.8
2017-09-12 23:00:00,25.4,45,26.0,0.0,970.4
2017-09-13 00:00:00,24.8,49,26.6,0.0,970.7
2017-09-13 01:00:00,24.3,52,26.3,0.0,970.7
2017-09-13 02:00:00,23.9,50,23.7,0.0,970.6
2017-09-13 03:00:00,23.0,50,17.4,0.0,970.4
2017-09-13 04:00:00,21.6,53,10.7,0.0,970.3
2017-09-13 05:00:00,20.0,60,7.5,0.0,970.5
2017-09-13 06:00:00,19.4,65,7.1,0.0,970.6
2017-09-13 07:00:00,19.3,71,6.6,11.0,971.0
2017-09-13 08:00:00,21.3,70,7.9,129.0,972.0
2017-09-13 09:00:00,23.4,64,9.2,316.0,972.5
2017-09-13 10:00:00,25.3,57,11.2,498.0,973.0
2017-09-13 11:00:00,26.9,50,13.4,653.0,973.0
2017-09-13 12:00:00,28.2,45,12.4,761.0,972.4
2017-09-13 13:00:00,29.2,42,12.4,807.0,972.0
2017-09-13 14:00:00,29.6,41,13.6,779.0,971.4
2017-09-13 15:00:00,29.7,40,15.2,682.0,970.9
2017-09-13 16:00:00,29.4,41,15.6,546.0,970.4
2017-09-13 17:00:00,28.3,47,14.9,362.0,970.0
2017-09-13 18:00:00,26.7,51,13.9,162.0,969.9
2017-09-13 19:00:00,25.2,51,12.3,31.0,970.0
2017-09-13 20:00:00,24.8,51,12.3,0.0,971.3
2017-09-13 21:00:00,24.8,49,14.8,0.0,972.0
2017-09-13 22:00:00,24.7,49,18.3,0.0,972.1
2017-09-13 23:00:00,24.2,51,17.9,0.0,972.4
2017-09-14 00:00:00,23.3,55,11.8,0.0,972.8
2017-09-14 01:00:00,22.3,60,7.2,0.0,972.9
2017-09-14 02:00:00,22.3,60,6.4,0.0,972.9
2017-09-14 03:00:00,21.9,61,6.5,0.0,972.6
2017-09-14 04:00:00,21.6,62,8.7,0.0,972.5
2017-09-14 05:00:00,21.1,63,9.7,0.0,972.5
2017-09-14 06:00:00,20.5,66,9.2,0.0,972.5
2017-09-14 07:00:00,20.3,69,9.6,6.0,972.6
2017-09-14 08:00:00,21.0,71,10.4,85.0,973.2
2017-09-14 09:00:00,22.2,68,11.0,218.0,973.4
2017-09-14 10:00:00,23.0,66,11.3,369.0,973.9
2017-09-14 11:00:00,24.2,63,11.8,538.0,973.8
2017-09-14 12:00:00,25.2,59,11.8,646.0,973.0
2017-09-14 13:00:00,25.8,56,13.2,657.0,972.5
2017-09-14 14:00:00,26.0,55,15.8,646.0,972.0
2017-09-14 15:00:00,26.0,55,16.5,539.0,971.2
2017-09-14 16:00:00,26.1,54,14.2,445.0,970.9
2017-09-14 17:00:00,25.5,56,14.0,256.0,970.4
2017-09-14 18:00:00,24.5,60,11.8,113.0,970.5
2017-09-14 19:00:00,23.6,64,10.0,22.0,970.6
2017-09-14 20:00:00,23.4,66,8.2,0.0,970.9
2017-09-14 21:00:00,22.4,78,7.0,0.0,971.3
2017-09-14 22:00:00,23.6,68,0.7,0.0,971.9
2017-09-14 23:00:00,22.0,81,4.0,0.0,971.8
2017-09-15 00:00:00,21.5,79,4.0,0.0,972.0
2017-09-15 01:00:00,21.5,79,3.7,0.0,971.7
2017-09-15 02:00:00,21.8,73,1.3,0.0,971.3
2017-09-15 03:00:00,20.8,85,3.3,0.0,971.3
2017-09-15 04:00:00,20.9,83,1.4,0.0,971.2
2017-09-15 05:00:00,20.5,86,2.0,0.0,971.3
2017-09-15 06:00:00,20.3,86,4.9,0.0,971.8
2017-09-15 07:00:00,20.0,87,7.6,2.0,971.9
2017-09-15 08:00:00,20.2,91,6.2,31.0,972.8
2017-09-15 09:00:00,21.3,85,5.4,111.0,972.7
2017-09-15 10:00:00,23.1,76,3.7,343.0,973.1
2017-09-15 11:00:00,24.2,68,3.6,415.0,973.0
2017-09-15 12:00:00,25.6,61,4.7,557.0,972.4
2017-09-15 13:00:00,26.9,55,7.0,686.0,972.1
2017-09-15 14:00:00,27.4,53,9.8,616.0,971.2
2017-09-15 15:00:00,26.4,58,15.3,465.0,970.5
2017-09-15 16:00:00,26.3,58,15.1,410.0,969.9
2017-09-15 17:00:00,26.1,60,13.8,279.0,969.6
2017-09-15 18:00:00,25.0,64,14.1,135.0,969.7
2017-09-15 19:00:00,23.9,67,12.5,20.0,969.9
2017-09-15 20:00:00,22.8,73,8.0,0.0,970.3
2017-09-15 21:00:00,23.3,68,8.2,0.0,971.0
2017-09-15 22:00:00,22.7,69,7.1,0.0,971.4
2017-09-15 23:00:00,22.0,74,7.2,0.0,971.5
2017-09-16 00:00:00,21.1,79,8.1,0.0,971.7
2017-09-16 01:00:00,20.8,78,7.4,0.0,971.5
2017-09-16 02:00:00,20.2,81,6.9,0.0,971.2
2017-09-16 03:00:00,19.6,83,7.5,0.0,971.1
2017-09-16 04:00:00,19.3,83,7.8,0.0,971.0
2017-09-16 05:00:00,18.5,89,7.6,0.0,971.0
2017-09-16 06:00:00,18.5,90,5.9,0.0,971.3
2017-09-16 07:00:00,18.5,90,7.9,2.0,971.7
2017-09-16 08:00:00,18.8,88,4.7,15.0,972.8
2017-09-16 09:00:00,19.7,84,1.8,81.0,973.4
2017-09-16 10:00:00,19.8,84,2.9,68.0,973.8
2017-09-16 11:00:00,19.9,83,3.2,80.0,974.0
2017-09-16 12:00:00,20.1,84,5.9,127.0,973.3
2017-09-16 13:00:00,20.5,84,3.3,175.0,972.9
2017-09-16 14:00:00,20.5,84,4.1,111.0,972.5
2017-09-16 15:00:00,20.9,83,7.8,208.0,971.7
2017-09-16 16:00:00,20.8,84,8.6,198.0,971.5
2017-09-16 17:00:00,20.9,83,6.3,187.0,971.2
2017-09-16 18:00:00,20.6,84,7.9,115.0,971.1
2017-09-16 19:00:00,19.8,88,8.1,17.0,971.3
2017-09-16 20:00:00,18.5,94,6.6,0.0,971.7
2017-09-16 21:00:00,18.5,93,7.3,0.0,972.1
2017-09-16 22:00:00,18.2,94,6.1,0.0,972.1
2017-09-16 23:00:00,17.9,96,5.8,0.0,972.0
2017-09-17 00:00:00,17.6,96,5.8,0.0,971.6
2017-09-17 01:00:00,17.3,97,4.7,0.0,971.0
2017-09-17 02:00:00,17.0,97,4.1,0.0,970.9
2017-09-17 03:00:00,16.8,97,4.7,0.0,970.7
2017-09-17 04:00:00,16.7,97,5.4,0.0,970.5
2017-09-17 05:00:00,16.6,96,6.2,0.0,970.6
2017-09-17 06:00:00,16.6,96,7.3,0.0,970.7
2017-09-17 07:00:00,17.1,93,6.5,8.0,971.3
2017-09-17 08:00:00,18.4,91,1.8,112.0,972.2
2017-09-17 09:00:00,20.4,85,0.7,281.0,972.7
2017-09-17 10:00:00,22.4,75,1.8,449.0,972.6
2017-09-17 11:00:00,23.8,69,1.6,520.0,972.3
2017-09-17 12:00:00,24.7,64,4.5,521.0,971.4
2017-09-17 13:00:00,25.0,64,9.2,520.0,970.6
2017-09-17 14:00:00,25.3,63,8.2,544.0,969.9
2017-09-17 15:00:00,25.4,59,8.2,503.0,968.9
2017-09-17 16:00:00,25.6,58,5.4,400.0,968.2
2017-09-17 17:00:00,25.2,62,5.4,245.0,967.7
2017-09-17 18:00:00,24.0,76,3.7,118.0,967.2
2017-09-17 19:00:00,24.5,62,6.6,20.0,967.6
2017-09-17 20:00:00,21.3,82,3.6,0.0,967.8
2017-09-17 21:00:00,21.0,85,6.1,0.0,968.1
2017-09-17 22:00:00,20.0,91,4.3,0.0,968.4
2017-09-17 23:00:00,19.2,95,3.3,0.0,968.3
2017-09-18 00:00:00,19.2,92,3.6,0.0,968.4
2017-09-18 01:00:00,19.3,91,4.0,0.0,968.3
2017-09-18 02:00:00,19.3,91,6.6,0.0,968.3
2017-09-18 03:00:00,19.0,92,7.2,0.0,967.8
2017-09-18 04:00:00,18.8,91,7.9,0.0,967.5
2017-09-18 05:00:00,18.4,92,7.6,0.0,967.3
2017-09-18 06:00:00,18.3,91,7.6,0.0,967.5
2017-09-18 07:00:00,18.4,90,6.1,8.0,967.8
2017-09-18 08:00:00,21.1,82,6.8,115.0,968.9
2017-09-18 09:00:00,23.1,75,7.2,281.0,969.5
2017-09-18 10:00:00,24.6,70,6.6,451.0,969.6
2017-09-18 11:00:00,26.0,65,5.6,610.0,969.2
2017-09-18 12:00:00,27.1,62,3.8,721.0,968.5
2017-09-18 13:00:00,28.1,59,2.2,777.0,967.7
2017-09-18 14:00:00,28.8,55,2.1,733.0,966.6
2017-09-18 15:00:00,29.2,53,2.5,659.0,965.8
2017-09-18 16:00:00,29.1,52,2.8,503.0,965.5
2017-09-18 17:00:00,27.8,64,2.5,157.0,965.3
2017-09-18 18:00:00,26.6,75,3.6,85.0,965.3
2017-09-18 19:00:00,26.6,65,2.3,15.0,966.0
2017-09-18 20:00:00,24.2,78,8.7,0.0,966.7
2017-09-18 21:00:00,24.0,77,9.5,0.0,967.3
2017-09-18 22:00:00,23.7,76,8.0,0.0,967.2
2017-09-18 23:00:00,23.1,79,5.0,0.0,967.4
2017-09-19 00:00:00,22.7,82,4.2,0.0,967.4
2017-09-19 01:00:00,22.6,83,7.1,0.0,967.9
2017-09-19 02:00:00,22.5,80,12.0,0.0,968.2
2017-09-19 03:00:00,21.8,83,14.2,0.0,968.2
2017-09-19 04:00:00,21.3,79,12.2,0.0,967.9
2017-09-19 05:00:00,21.5,74,11.6,0.0,967.9
2017-09-19 06:00:00,21.7,71,11.5,0.0,967.8
2017-09-19 07:00:00,21.6,74,11.2,3.0,968.4
2017-09-19 08:00:00,21.2,80,10.2,44.0,968.9
2017-09-19 09:00:00,22.0,79,10.7,64.0,969.5
2017-09-19 10:00:00,22.5,78,8.2,92.0,969.8
2017-09-19 11:00:00,23.9,71,8.0,196.0,970.0
2017-09-19 12:00:00,26.2,57,8.7,473.0,969.5
2017-09-19 13:00:00,25.6,60,8.4,202.0,969.3
2017-09-19 14:00:00,25.7,61,8.2,194.0,969.0
2017-09-19 15:00:00,25.6,61,7.9,187.0,968.8
2017-09-19 16:00:00,25.4,65,7.1,164.0,968.8
2017-09-19 17:00:00,25.2,66,7.2,171.0,968.7
2017-09-19 18:00:00,24.1,73,6.2,87.0,968.5
2017-09-19 19:00:00,22.4,78,7.0,17.0,968.4
2017-09-19 20:00:00,20.7,84,4.2,0.0,969.0
2017-09-19 21:00:00,20.5,82,3.9,0.0,969.5
2017-09-19 22:00:00,20.5,78,4.2,0.0,969.6
2017-09-19 23:00:00,20.0,76,4.3,0.0,970.1
2017-09-20 00:00:00,19.8,72,6.8,0.0,970.2
2017-09-20 01:00:00,20.2,68,6.6,0.0,969.9
2017-09-20 02:00:00,19.5,71,7.1,0.0,969.7
2017-09-20 03:00:00,18.6,76,7.8,0.0,969.6
2017-09-20 04:00:00,17.9,80,6.0,0.0,969.4
2017-09-20 05:00:00,17.4,81,7.6,0.0,969.5
2017-09-20 06:00:00,17.3,79,7.6,0.0,969.6
2017-09-20 07:00:00,17.7,77,8.2,8.0,970.2
2017-09-20 08:00:00,20.6,78,7.1,114.0,971.3
2017-09-20 09:00:00,23.1,70,6.6,295.0,971.9
2017-09-20 10:00:00,24.9,61,5.3,485.0,972.0
2017-09-20 11:00:00,26.2,56,4.6,626.0,971.9
2017-09-20 12:00:00,27.2,54,3.3,724.0,971.1
2017-09-20 13:00:00,28.1,51,3.1,789.0,970.4
2017-09-20 14:00:00,28.6,49,7.6,749.0,969.3
2017-09-20 15:00:00,28.6,49,11.0,640.0,968.3
2017-09-20 16:00:00,28.4,53,12.9,494.0,967.7
2017-09-20 17:00:00,27.9,57,12.0,329.0,967.3
2017-09-20 18:00:00,26.3,61,11.2,150.0,967.1
2017-09-20 19:00:00,24.2,61,11.0,21.0,966.9
2017-09-20 20:00:00,22.6,75,6.6,0.0,967.4
2017-09-20 21:00:00,22.6,76,6.6,0.0,968.0
2017-09-20 22:00:00,21.5,75,8.0,0.0,967.8
2017-09-20 23:00:00,20.7,71,9.1,0.0,967.8
2017-09-21 00:00:00,22.6,56,5.9,0.0,968.2
2017-09-21 01:00:00,21.7,60,1.1,0.0,968.2
2017-09-21 02:00:00,18.6,78,6.1,0.0,967.7
2017-09-21 03:00:00,18.3,77,5.8,0.0,967.3
2017-09-21 04:00:00,17.9,79,6.1,0.0,967.1
2017-09-21 05:00:00,17.1,84,6.8,0.0,967.1
2017-09-21 06:00:00,16.7,84,6.7,0.0,967.1
2017-09-21 07:00:00,17.2,86,5.0,7.0,967.4
2017-09-21 08:00:00,19.6,75,1.6,113.0,968.7
2017-09-21 09:00:00,22.0,66,1.1,294.0,969.1
2017-09-21 10:00:00,24.0,62,1.5,484.0,969.4
2017-09-21 11:00:00,25.8,58,3.3,638.0,969.0
2017-09-21 12:00:00,27.3,52,5.8,736.0,968.2
2017-09-21 13:00:00,28.4,47,6.1,787.0,967.2
2017-09-21 14:00:00,29.2,44,6.6,751.0,966.2
2017-09-21 15:00:00,29.4,41,6.9,664.0,965.4
2017-09-21 16:00:00,29.3,40,7.0,520.0,965.2
2017-09-21 17:00:00,28.6,45,4.2,337.0,965.3
2017-09-21 18:00:00,26.6,65,4.7,148.0,965.4
2017-09-21 19:00:00,25.8,52,2.5,19.0,965.5
2017-09-21 20:00:00,22.8,61,4.6,0.0,965.8
2017-09-21 21:00:00,22.1,67,3.2,0.0,966.1
2017-09-21 22:00:00,21.1,78,2.4,0.0,966.4
2017-09-21 23:00:00,21.4,76,4.1,0.0,967.1
2017-09-22 00:00:00,19.9,84,6.4,0.0,966.6
2017-09-22 01:00:00,20.8,77,4.6,0.0,966.8
2017-09-22 02:00:00,19.7,81,4.8,0.0,967.1
2017-09-22 03:00:00,19.1,81,6.5,0.0,967.1
2017-09-22 04:00:00,18.5,81,7.5,0.0,967.0
2017-09-22 05:00:00,18.3,81,8.3,0.0,967.6
2017-09-22 06:00:00,18.5,80,9.5,0.0,967.8
2017-09-22 07:00:00,18.5,80,7.6,7.0,968.2
2017-09-22 08:00:00,20.3,76,4.6,107.0,969.4
2017-09-22 09:00:00,22.2,70,2.5,217.0,970.3
2017-09-22 10:00:00,23.4,66,5.4,308.0,970.4
2017-09-22 11:00:00,24.9,61,8.7,509.0,970.4
2017-09-22 12:00:00,25.0,61,9.7,454.0,969.9
2017-09-22 13:00:00,24.2,64,8.9,232.0,969.7
2017-09-22 14:00:00,24.4,62,8.7,244.0,969.1
2017-09-22 15:00:00,24.2,63,8.3,149.0,968.4
2017-09-22 16:00:00,24.0,66,7.1,111.0,967.9
2017-09-22 17:00:00,23.7,67,7.7,93.0,967.8
2017-09-22 18:00:00,22.8,67,8.9,37.0,967.3
2017-09-22 19:00:00,21.9,67,7.2,11.0,967.4
2017-09-22 20:00:00,21.7,77,3.8,0.0,968.4
2017-09-22 21:00:00,20.4,83,6.5,0.0,968.6
2017-09-22 22:00:00,20.8,78,3.4,0.0,969.1
2017-09-22 23:00:00,20.3,79,2.5,0.0,969.1
2017-09-23 00:00:00,19.2,89,2.9,0.0,968.6
2017-09-23 01:00:00,17.9,97,3.3,0.0,968.2
2017-09-23 02:00:00,17.5,97,2.6,0.0,967.8
2017-09-23 03:00:00,17.4,97,4.9,0.0,967.8
2017-09-23 04:00:00,16.9,98,7.3,0.0,967.9
2017-09-23 05:00:00,16.4,99,7.2,0.0,967.8
2017-09-23 06:00:00,16.2,99,6.6,0.0,967.9
2017-09-23 07:00:00,16.7,95,4.0,5.0,968.0
2017-09-23 08:00:00,18.1,88,1.3,97.0,969.0
2017-09-23 09:00:00,20.2,75,5.4,251.0,969.6
2017-09-23 10:00:00,22.1,61,7.6,426.0,969.5
2017-09-23 11:00:00,23.9,57,7.0,595.0,969.6
2017-09-23 12:00:00,25.4,55,7.2,726.0,968.8
2017-09-23 13:00:00,26.6,52,10.8,744.0,967.9
2017-09-23 14:00:00,27.6,50,9.5,732.0,967.1
2017-09-23 15:00:00,28.1,49,9.4,581.0,965.8
2017-09-23 16:00:00,28.1,49,8.9,421.0,965.3
2017-09-23 17:00:00,27.7,53,7.2,242.0,965.2
2017-09-23 18:00:00,26.1,62,6.2,103.0,964.8
2017-09-23 19:00:00,24.7,63,8.7,11.0,965.0
2017-09-23 20:00:00,23.2,68,8.4,0.0,966.0
2017-09-23 21:00:00,22.4,64,6.8,0.0,966.4
2017-09-23 22:00:00,22.0,63,7.4,0.0,966.1
2017-09-23 23:00:00,20.8,71,9.2,0.0,966.4
2017-09-24 00:00:00,20.9,70,7.2,0.0,966.5
2017-09-24 01:00:00,20.3,73,9.1,0.0,966.3
2017-09-24 02:00:00,19.6,77,10.2,0.0,965.6
2017-09-24 03:00:00,19.3,78,9.0,0.0,965.4
2017-09-24 04:00:00,19.4,77,6.5,0.0,965.0
2017-09-24 05:00:00,18.6,82,5.8,0.0,965.0
2017-09-24 06:00:00,18.4,86,5.8,0.0,965.1
2017-09-24 07:00:00,19.0,82,4.2,5.0,965.5
2017-09-24 08:00:00,20.2,77,5.1,79.0,966.9
2017-09-24 09:00:00,20.7,75,5.4,88.0,967.0
2017-09-24 10:00:00,21.6,73,6.6,190.0,967.2
2017-09-24 11:00:00,22.5,71,7.2,248.0,967.4
2017-09-24 12:00:00,24.0,64,5.7,409.0,966.7
2017-09-24 13:00:00,24.8,58,5.2,418.0,966.0
2017-09-24 14:00:00,25.5,56,5.0,408.0,965.4
2017-09-24 15:00:00,25.4,56,6.2,287.0,964.6
2017-09-24 16:00:00,25.4,56,5.4,252.0,964.4
2017-09-24 17:00:00,25.2,57,5.9,187.0,964.3
2017-09-24 18:00:00,24.2,65,4.9,90.0,964.0
2017-09-24 19:00:00,22.8,69,5.2,12.0,964.1
2017-09-24 20:00:00,23.8,63,1.5,0.0,964.8
2017-09-24 21:00:00,22.4,74,3.5,0.0,965.7
2017-09-24 22:00:00,20.9,89,5.6,0.0,965.8
2017-09-24 23:00:00,20.7,92,2.8,0.0,965.8
2017-09-25 00:00:00,20.5,92,5.7,0.0,966.0
2017-09-25 01:00:00,20.3,92,3.6,0.0,965.7
2017-09-25 02:00:00,20.1,92,4.4,0.0,965.4
2017-09-25 03:00:00,20.0,93,4.0,0.0,965.4
2017-09-25 04:00:00,20.0,93,3.3,0.0,965.3
2017-09-25 05:00:00,20.3,90,3.1,0.0,965.7
2017-09-25 06:00:00,20.2,91,2.9,0.0,966.1
2017-09-25 07:00:00,20.1,93,1.8,1.0,966.4
2017-09-25 08:00:00,20.1,96,2.4,13.0,966.9
2017-09-25 09:00:00,20.3,93,1.6,21.0,967.5
2017-09-25 10:00:00,20.3,92,2.2,23.0,967.7
2017-09-25 11:00:00,20.5,90,1.3,31.0,967.7
2017-09-25 12:00:00,20.7,89,1.1,42.0,967.5
2017-09-25 13:00:00,20.8,88,3.4,57.0,967.4
2017-09-25 14:00:00,20.4,91,5.1,27.0,966.9
2017-09-25 15:00:00,20.4,91,6.0,45.0,966.5
2017-09-25 16:00:00,20.2,93,4.6,25.0,966.1
2017-09-25 17:00:00,20.4,91,2.5,22.0,966.2
2017-09-25 18:00:00,20.5,91,4.5,21.0,966.0
2017-09-25 19:00:00,20.3,94,4.1,3.0,966.4
2017-09-25 20:00:00,20.0,96,7.1,0.0,966.7
2017-09-25 21:00:00,20.1,96,4.2,0.0,967.0
2017-09-25 22:00:00,20.0,97,2.3,0.0,967.3
2017-09-25 23:00:00,20.0,97,4.8,0.0,967.3
2017-09-26 00:00:00,20.0,97,3.3,0.0,967.4
2017-09-26 01:00:00,20.0,97,1.5,0.0,967.0
2017-09-26 02:00:00,20.0,97,3.1,0.0,966.6
2017-09-26 03:00:00,19.9,97,4.5,0.0,966.6
2017-09-26 04:00:00,19.7,97,5.2,0.0,966.6
2017-09-26 05:00:00,19.6,96,4.0,0.0,967.3
2017-09-26 06:00:00,19.5,97,3.1,0.0,967.4
2017-09-26 07:00:00,19.5,96,2.7,0.0,967.8
2017-09-26 08:00:00,19.6,96,5.9,6.0,969.6
2017-09-26 09:00:00,20.0,96,5.7,22.0,970.5
2017-09-26 10:00:00,20.4,91,9.5,48.0,971.4
2017-09-26 11:00:00,18.8,85,15.7,48.0,971.2
2017-09-26 12:00:00,18.2,85,15.0,54.0,971.2
2017-09-26 13:00:00,18.8,80,16.4,133.0,971.1
2017-09-26 14:00:00,18.8,78,17.1,121.0,970.8
2017-09-26 15:00:00,18.3,82,15.8,70.0,970.4
2017-09-26 16:00:00,17.9,86,15.4,62.0,970.3
2017-09-26 17:00:00,17.3,91,16.2,38.0,970.4
2017-09-26 18:00:00,17.2,91,16.4,12.0,970.9
2017-09-26 19:00:00,17.0,92,15.3,1.0,971.3
2017-09-26 20:00:00,16.9,92,15.0,0.0,972.4
2017-09-26 21:00:00,16.9,92,13.4,0.0,972.9
2017-09-26 22:00:00,17.1,92,11.4,0.0,973.2
2017-09-26 23:00:00,17.2,91,10.8,0.0,973.3
2017-09-27 00:00:00,17.1,92,11.3,0.0,973.1
2017-09-27 01:00:00,17.0,93,11.4,0.0,972.8
2017-09-27 02:00:00,16.9,94,10.1,0.0,972.6
2017-09-27 03:00:00,16.9,95,7.6,0.0,972.4
2017-09-27 04:00:00,16.9,96,8.0,0.0,972.4
2017-09-27 05:00:00,16.9,95,7.6,0.0,972.6
2017-09-27 06:00:00,17.0,95,6.0,0.0,972.7
2017-09-27 07:00:00,17.0,95,7.0,0.0,972.9
2017-09-27 08:00:00,16.7,94,8.9,6.0,974.2
2017-09-27 09:00:00,16.9,94,11.2,19.0,975.3
2017-09-27 10:00:00,16.9,94,11.1,21.0,976.3
2017-09-27 11:00:00,16.9,94,7.9,18.0,976.3
2017-09-27 12:00:00,17.1,94,7.9,46.0,975.8
2017-09-27 13:00:00,17.3,94,10.2,98.0,975.1
2017-09-27 14:00:00,17.8,92,10.2,176.0,974.6
2017-09-27 15:00:00,17.9,91,6.9,131.0,974.2
2017-09-27 16:00:00,18.9,84,5.4,193.0,974.0
2017-09-27 17:00:00,19.6,76,9.7,269.0,973.9
2017-09-27 18:00:00,18.4,80,8.1,126.0,973.7
2017-09-27 19:00:00,16.6,88,8.0,11.0,973.5
2017-09-27 20:00:00,14.9,93,6.8,0.0,974.4
2017-09-27 21:00:00,14.9,92,8.5,0.0,974.8
2017-09-27 22:00:00,14.5,92,8.2,0.0,974.3
2017-09-27 23:00:00,13.8,93,6.4,0.0,974.0
2017-09-28 00:00:00,12.9,94,6.6,0.0,973.5
2017-09-28 01:00:00,12.5,93,3.6,0.0,973.1
2017-09-28 02:00:00,12.4,91,2.3,0.0,973.3
2017-09-28 03:00:00,12.9,87,9.2,0.0,973.3
2017-09-28 04:00:00,12.7,86,11.4,0.0,973.4
2017-09-28 05:00:00,12.6,86,11.5,0.0,973.2
2017-09-28 06:00:00,12.4,86,7.0,0.0,973.2
2017-09-28 07:00:00,11.9,89,4.5,4.0,973.4
2017-09-28 08:00:00,13.4,87,3.4,101.0,975.4
2017-09-28 09:00:00,15.4,81,2.5,259.0,975.5
2017-09-28 10:00:00,17.7,74,6.0,445.0,975.3
2017-09-28 11:00:00,19.8,66,9.0,627.0,974.8
2017-09-28 12:00:00,21.3,61,11.7,731.0,973.5
2017-09-28 13:00:00,22.4,59,13.9,770.0,972.0
2017-09-28 14:00:00,23.4,58,14.8,741.0,970.6
2017-09-28 15:00:00,24.2,58,14.7,648.0,969.4
2017-09-28 16:00:00,24.3,60,14.8,499.0,968.6
2017-09-28 17:00:00,23.2,64,14.5,314.0,968.2
2017-09-28 18:00:00,21.4,71,14.3,127.0,967.5
2017-09-28 19:00:00,19.6,78,8.5,10.0,967.4
2017-09-28 20:00:00,18.3,82,8.6,0.0,967.7
2017-09-28 21:00:00,20.3,66,6.6,0.0,968.3
2017-09-28 22:00:00,21.5,47,7.4,0.0,968.8
2017-09-28 23:00:00,18.8,60,12.0,0.0,968.9
2017-09-29 00:00:00,18.5,63,12.2,0.0,968.6
2017-09-29 01:00:00,18.1,64,10.7,0.0,968.7
2017-09-29 02:00:00,17.4,69,10.4,0.0,968.8
2017-09-29 03:00:00,17.0,74,11.1,0.0,968.9
2017-09-29 04:00:00,17.5,73,7.6,0.0,969.1
2017-09-29 05:00:00,17.5,76,7.4,0.0,969.2
2017-09-29 06:00:00,17.5,76,7.9,0.0,969.4
2017-09-29 07:00:00,17.6,78,6.2,1.0,969.7
2017-09-29 08:00:00,18.3,75,4.3,16.0,970.7
2017-09-29 09:00:00,19.0,74,4.0,91.0,971.2
2017-09-29 10:00:00,19.8,74,1.1,164.0,971.4
2017-09-29 11:00:00,21.8,70,1.1,427.0,971.5
2017-09-29 12:00:00,22.8,68,1.9,478.0,971.3
2017-09-29 13:00:00,23.3,68,5.8,478.0,970.7
2017-09-29 14:00:00,23.2,70,6.3,361.0,970.1
2017-09-29 15:00:00,23.5,69,4.2,264.0,969.6
2017-09-29 16:00:00,23.6,70,3.8,182.0,969.0
2017-09-29 17:00:00,23.5,74,2.2,148.0,968.6
2017-09-29 18:00:00,21.7,84,4.2,85.0,968.2
2017-09-29 19:00:00,20.1,83,7.9,9.0,968.3
2017-09-29 20:00:00,18.6,89,6.8,0.0,968.1
2017-09-29 21:00:00,17.5,90,8.2,0.0,968.2
2017-09-29 22:00:00,16.9,88,9.2,0.0,968.6
2017-09-29 23:00:00,16.7,88,7.2,0.0,968.9
2017-09-30 00:00:00,16.3,89,6.6,0.0,968.9
2017-09-30 01:00:00,16.1,89,6.1,0.0,968.5
2017-09-30 02:00:00,15.5,91,7.0,0.0,968.1
2017-09-30 03:00:00,15.2,93,6.0,0.0,967.8
2017-09-30 04:00:00,15.1,93,5.2,0.0,967.5
2017-09-30 05:00:00,15.1,92,5.7,0.0,967.5
2017-09-30 06:00:00,14.9,92,6.8,0.0,967.4
2017-09-30 07:00:00,15.1,90,7.9,4.0,967.6
2017-09-30 08:00:00,17.2,84,7.1,94.0,968.2
2017-09-30 09:00:00,19.2,75,8.1,207.0,968.4
2017-09-30 10:00:00,21.3,68,9.9,387.0,968.7
2017-09-30 11:00:00,22.8,63,10.6,483.0,968.3
2017-09-30 12:00:00,24.2,60,10.0,603.0,967.6
2017-09-30 13:00:00,23.8,62,11.6,369.0,967.0
2017-09-30 14:00:00,23.6,64,14.1,350.0,966.5
2017-09-30 15:00:00,21.7,72,13.6,74.0,965.8
2017-09-30 16:00:00,21.6,74,11.8,77.0,965.4
2017-09-30 17:00:00,21.5,74,11.5,65.0,965.4
2017-09-30 18:00:00,21.1,75,10.6,20.0,965.7
2017-09-30 19:00:00,20.6,76,8.4,2.0,966.4
2017-09-30 20:00:00,18.0,91,6.6,0.0,968.1
2017-09-30 21:00:00,17.8,92,4.6,0.0,968.2
2017-09-30 22:00:00,17.1,96,3.7,0.0,968.6
2017-09-30 23:00:00,17.0,97,3.1,0.0,968.9
2017-10-01 00:00:00,17.0,97,1.8,0.0,968.6
2017-10-01 01:00:00,16.7,98,1.8,0.0,968.2
2017-10-01 02:00:00,16.6,99,1.9,0.0,967.9
2017-10-01 03:00:00,16.2,99,2.9,0.0,967.5
2017-10-01 04:00:00,16.5,99,1.3,0.0,967.2
2017-10-01 05:00:00,16.6,98,1.0,0.0,967.5
2017-10-01 06:00:00,16.6,99,4.4,0.0,967.5
2017-10-01 07:00:00,16.6,100,2.6,1.0,968.0
2017-10-01 08:00:00,17.4,93,5.4,42.0,969.7
2017-10-01 09:00:00,17.9,91,4.5,46.0,970.2
2017-10-01 10:00:00,18.7,87,4.7,127.0,970.4
2017-10-01 11:00:00,19.1,84,2.6,91.0,970.7
2017-10-01 12:00:00,19.5,81,3.6,68.0,970.2
2017-10-01 13:00:00,19.5,83,4.3,63.0,969.8
2017-10-01 14:00:00,19.9,80,4.9,111.0,969.3
2017-10-01 15:00:00,20.2,79,6.4,142.0,969.0
2017-10-01 16:00:00,20.3,82,5.2,143.0,968.7
2017-10-01 17:00:00,20.8,76,3.9,194.0,968.7
2017-10-01 18:00:00,19.9,84,3.3,92.0,968.9
2017-10-01 19:00:00,18.6,90,6.3,6.0,969.4
2017-10-01 20:00:00,17.2,93,4.8,0.0,970.5
2017-10-01 21:00:00,17.1,94,6.4,0.0,970.9
2017-10-01 22:00:00,16.7,95,5.4,0.0,971.0
2017-10-01 23:00:00,16.1,96,6.0,0.0,971.4
2017-10-02 00:00:00,16.1,95,5.1,0.0,971.6
2017-10-02 01:00:00,15.7,96,6.1,0.0,971.5
2017-10-02 02:00:00,15.0,98,7.4,0.0,971.4
2017-10-02 03:00:00,15.1,98,6.4,0.0,971.4
2017-10-02 04:00:00,15.6,98,4.1,0.0,971.5
2017-10-02 05:00:00,15.6,98,2.9,0.0,971.7
2017-10-02 06:00:00,15.0,99,4.0,0.0,972.1
2017-10-02 07:00:00,15.6,99,3.1,3.0,972.7
2017-10-02 08:00:00,16.6,96,1.9,59.0,974.3
2017-10-02 09:00:00,17.9,89,2.2,81.0,975.0
2017-10-02 10:00:00,18.8,82,2.2,120.0,975.4
2017-10-02 11:00:00,19.8,79,2.4,195.0,975.3
2017-10-02 12:00:00,20.7,75,2.1,290.0,974.8
2017-10-02 13:00:00,21.4,70,2.1,269.0,973.9
2017-10-02 14:00:00,21.6,69,4.3,246.0,973.3
2017-10-02 15:00:00,21.5,71,6.7,184.0,972.5
2017-10-02 16:00:00,20.9,75,3.4,109.0,972.3
2017-10-02 17:00:00,21.0,76,2.5,108.0,972.6
2017-10-02 18:00:00,19.9,83,3.4,30.0,973.0
2017-10-02 19:00:00,19.2,84,4.5,2.0,973.9
2017-10-02 20:00:00,18.4,91,4.3,0.0,974.8
2017-10-02 21:00:00,18.5,90,3.4,0.0,975.6
2017-10-02 22:00:00,17.9,92,12.4,0.0,976.1
2017-10-02 23:00:00,15.7,88,20.2,0.0,976.4
2017-10-03 00:00:00,14.5,88,17.7,0.0,976.5
2017-10-03 01:00:00,14.3,92,13.7,0.0,976.8
2017-10-03 02:00:00,14.5,94,10.3,0.0,977.0
2017-10-03 03:00:00,14.9,97,8.8,0.0,977.2
2017-10-03 04:00:00,14.9,97,9.2,0.0,977.6
2017-10-03 05:00:00,14.5,95,7.2,0.0,977.9
2017-10-03 06:00:00,14.4,94,8.4,0.0,978.5
2017-10-03 07:00:00,14.2,94,7.6,0.0,979.1
2017-10-03 08:00:00,13.9,95,5.7,3.0,980.4
2017-10-03 09:00:00,14.1,94,6.1,9.0,981.0
2017-10-03 10:00:00,14.2,95,7.3,18.0,981.7
2017-10-03 11:00:00,14.3,94,7.3,25.0,982.0
2017-10-03 12:00:00,14.2,93,7.5,25.0,981.6
2017-10-03 13:00:00,14.3,94,4.7,25.0,980.8
2017-10-03 14:00:00,14.4,92,2.6,26.0,980.5
2017-10-03 15:00:00,13.4,94,13.0,27.0,980.4
2017-10-03 16:00:00,12.2,93,16.3,16.0,980.6
2017-10-03 17:00:00,12.4,94,14.6,9.0,980.7
2017-10-03 18:00:00,12.6,94,11.5,4.0,981.1
2017-10-03 19:00:00,12.3,94,13.7,0.0,981.6
2017-10-03 20:00:00,12.0,94,13.7,0.0,982.2
2017-10-03 21:00:00,11.9,95,13.9,0.0,982.8
2017-10-03 22:00:00,11.8,94,14.4,0.0,982.6
2017-10-03 23:00:00,11.5,95,14.9,0.0,982.7
2017-10-04 00:00:00,11.3,95,14.1,0.0,982.3
2017-10-04 01:00:00,11.1,95,13.9,0.0,982.4
2017-10-04 02:00:00,10.9,96,13.4,0.0,982.1
2017-10-04 03:00:00,10.9,96,11.4,0.0,981.7
2017-10-04 04:00:00,11.0,95,9.2,0.0,981.6
2017-10-04 05:00:00,11.1,95,8.2,0.0,980.7
2017-10-04 06:00:00,10.9,96,7.6,0.0,981.6
2017-10-04 07:00:00,10.8,96,8.0,0.0,981.5
2017-10-04 08:00:00,11.3,94,8.2,5.0,982.3
2017-10-04 09:00:00,11.2,96,9.2,13.0,982.4
2017-10-04 10:00:00,11.3,94,9.2,33.0,982.6
2017-10-04 11:00:00,11.8,92,7.3,58.0,982.4
2017-10-04 12:00:00,12.0,89,10.0,58.0,981.6
2017-10-04 13:00:00,12.5,86,10.3,95.0,981.2
2017-10-04 14:00:00,12.7,85,10.6,67.0,980.7
2017-10-04 15:00:00,13.1,83,10.8,77.0,979.8
2017-10-04 16:00:00,13.2,83,11.5,56.0,979.1
2017-10-04 17:00:00,13.2,83,12.5,57.0,978.7
2017-10-04 18:00:00,12.8,83,11.9,37.0,978.2
2017-10-04 19:00:00,12.1,86,12.5,3.0,978.4
2017-10-04 20:00:00,12.0,86,14.8,0.0,978.5
2017-10-04 21:00:00,12.3,83,14.3,0.0,978.1
2017-10-04 22:00:00,12.3,83,11.6,0.0,978.2
2017-10-04 23:00:00,12.1,83,12.1,0.0,978.1
2017-10-05 00:00:00,11.8,84,11.6,0.0,977.7
2017-10-05 01:00:00,11.3,85,12.6,0.0,977.3
2017-10-05 02:00:00,10.9,86,14.0,0.0,977.0
2017-10-05 03:00:00,10.8,86,12.9,0.0,976.4
2017-10-05 04:00:00,10.7,85,12.6,0.0,975.7
2017-10-05 05:00:00,10.5,85,11.9,0.0,975.3
2017-10-05 06:00:00,10.5,85,11.9,0.0,975.4
2017-10-05 07:00:00,10.5,84,11.4,1.0,975.3
2017-10-05 08:00:00,11.2,83,9.4,52.0,975.9
2017-10-05 09:00:00,12.6,78,9.3,170.0,975.9
2017-10-05 10:00:00,13.9,74,9.6,282.0,975.4
2017-10-05 11:00:00,15.8,68,9.4,460.0,975.3
2017-10-05 12:00:00,16.8,66,9.8,526.0,974.2
2017-10-05 13:00:00,18.2,63,10.5,643.0,973.3
2017-10-05 14:00:00,18.5,62,12.1,500.0,972.2
2017-10-05 15:00:00,18.8,61,12.9,415.0,971.4
2017-10-05 16:00:00,18.7,63,13.1,361.0,971.2
2017-10-05 17:00:00,18.3,66,13.4,226.0,970.9
2017-10-05 18:00:00,17.1,71,13.6,90.0,970.9
2017-10-05 19:00:00,15.8,74,12.2,4.0,971.3
2017-10-05 20:00:00,15.4,74,12.7,0.0,973.6
2017-10-05 21:00:00,15.3,74,11.7,0.0,974.1
2017-10-05 22:00:00,15.3,74,10.4,0.0,974.4
2017-10-05 23:00:00,15.0,76,7.6,0.0,974.6
2017-10-06 00:00:00,14.3,80,4.9,0.0,974.4
2017-10-06 01:00:00,13.8,84,3.9,0.0,974.0
2017-10-06 02:00:00,13.5,86,4.3,0.0,973.7
2017-10-06 03:00:00,13.1,86,8.4,0.0,973.6
2017-10-06 04:00:00,12.7,86,8.5,0.0,973.7
2017-10-06 05:00:00,12.2,88,8.4,0.0,973.7
2017-10-06 06:00:00,12.0,89,7.3,0.0,973.8
2017-10-06 07:00:00,11.7,91,5.7,2.0,973.7
2017-10-06 08:00:00,12.9,86,7.2,62.0,974.6
2017-10-06 09:00:00,14.0,82,7.4,157.0,974.8
2017-10-06 10:00:00,15.7,76,10.0,336.0,974.7
2017-10-06 11:00:00,17.1,69,11.8,469.0,974.4
2017-10-06 12:00:00,18.2,67,13.2,576.0,973.7
2017-10-06 13:00:00,19.4,63,15.6,615.0,972.2
2017-10-06 14:00:00,20.2,61,17.9,639.0,971.4
2017-10-06 15:00:00,20.2,62,17.9,543.0,970.2
2017-10-06 16:00:00,20.4,62,16.8,400.0,969.6
2017-10-06 17:00:00,19.9,65,16.0,250.0,969.2
2017-10-06 18:00:00,18.6,71,14.8,86.0,968.9
2017-10-06 19:00:00,17.7,73,15.5,3.0,969.1
2017-10-06 20:00:00,16.5,77,14.3,0.0,970.1
2017-10-06 21:00:00,16.8,76,13.6,0.0,970.5
2017-10-06 22:00:00,16.7,76,11.5,0.0,971.0
2017-10-06 23:00:00,16.4,77,11.0,0.0,971.7
2017-10-07 00:00:00,16.2,78,6.9,0.0,971.7
2017-10-07 01:00:00,16.2,79,5.6,0.0,971.4
2017-10-07 02:00:00,16.1,81,3.7,0.0,971.3
2017-10-07 03:00:00,15.9,82,3.2,0.0,970.8
2017-10-07 04:00:00,15.7,85,1.8,0.0,970.5
2017-10-07 05:00:00,15.6,87,1.9,0.0,970.7
2017-10-07 06:00:00,15.4,88,3.9,0.0,971.1
2017-10-07 07:00:00,15.1,90,4.6,0.0,971.8
2017-10-07 08:00:00,14.8,90,9.7,29.0,973.1
2017-10-07 09:00:00,14.8,89,7.3,41.0,972.9
2017-10-07 10:00:00,15.3,87,6.5,58.0,972.7
2017-10-07 11:00:00,17.8,78,1.8,330.0,972.5
2017-10-07 12:00:00,20.2,70,3.8,536.0,971.8
2017-10-07 13:00:00,20.8,68,10.1,522.0,970.8
2017-10-07 14:00:00,21.8,66,11.8,572.0,970.3
2017-10-07 15:00:00,21.5,67,11.6,386.0,969.9
2017-10-07 16:00:00,21.2,71,10.4,175.0,969.3
2017-10-07 17:00:00,21.1,73,12.9,206.0,969.5
2017-10-07 18:00:00,19.8,76,14.7,73.0,969.6
2017-10-07 19:00:00,18.9,77,13.3,2.0,970.1
2017-10-07 20:00:00,18.2,80,10.4,0.0,971.5
2017-10-07 21:00:00,18.2,82,9.5,0.0,971.9
2017-10-07 22:00:00,17.9,86,9.7,0.0,971.8
2017-10-07 23:00:00,17.3,90,8.9,0.0,971.9
2017-10-08 00:00:00,16.9,92,9.5,0.0,971.8
2017-10-08 01:00:00,16.4,94,7.7,0.0,971.8
2017-10-08 02:00:00,16.2,95,8.9,0.0,971.5
2017-10-08 03:00:00,16.0,95,10.7,0.0,970.9
2017-10-08 04:00:00,15.8,96,11.7,0.0,970.4
2017-10-08 05:00:00,15.7,96,12.5,0.0,970.7
2017-10-08 06:00:00,15.9,95,12.7,0.0,970.9
2017-10-08 07:00:00,15.8,95,13.3,1.0,971.2
2017-10-08 08:00:00,16.0,94,10.3,42.0,971.7
2017-10-08 09:00:00,17.2,89,12.4,129.0,972.5
2017-10-08 10:00:00,18.2,85,11.3,192.0,972.9
2017-10-08 11:00:00,19.5,79,10.4,257.0,973.2
2017-10-08 12:00:00,20.6,74,9.4,325.0,973.0
2017-10-08 13:00:00,20.1,77,10.4,212.0,972.9
2017-10-08 14:00:00,19.8,77,8.6,233.0,972.5
2017-10-08 15:00:00,18.5,86,12.3,107.0,972.6
2017-10-08 16:00:00,17.6,91,13.0,57.0,972.9
2017-10-08 17:00:00,17.4,94,9.9,33.0,973.0
2017-10-08 18:00:00,17.3,94,8.8,15.0,973.1
2017-10-08 19:00:00,17.1,94,9.7,0.0,973.5
2017-10-08 20:00:00,16.7,94,11.5,0.0,974.1
2017-10-08 21:00:00,16.8,90,12.2,0.0,974.2
2017-10-08 22:00:00,16.7,89,10.9,0.0,974.0
2017-10-08 23:00:00,16.7,88,8.5,0.0,973.9
2017-10-09 00:00:00,16.5,88,9.1,0.0,973.9
2017-10-09 01:00:00,16.1,87,9.4,0.0,973.5
2017-10-09 02:00:00,15.7,86,10.1,0.0,973.5
2017-10-09 03:00:00,15.3,84,10.8,0.0,973.0
2017-10-09 04:00:00,15.1,82,11.3,0.0,972.9
2017-10-09 05:00:00,14.8,82,13.9,0.0,973.5
2017-10-09 06:00:00,14.2,83,17.3,0.0,973.8
2017-10-09 07:00:00,14.3,81,19.6,0.0,974.7
2017-10-09 08:00:00,13.7,76,25.0,11.0,976.7
2017-10-09 09:00:00,13.3,70,22.5,39.0,977.9
2017-10-09 10:00:00,13.6,63,23.9,99.0,978.7
2017-10-09 11:00:00,13.6,61,22.5,105.0,978.9
2017-10-09 12:00:00,13.8,58,23.9,179.0,978.7
2017-10-09 13:00:00,14.3,56,22.6,222.0,978.4
2017-10-09 14:00:00,14.7,55,21.7,223.0,978.2
2017-10-09 15:00:00,15.0,54,21.4,250.0,978.3
2017-10-09 16:00:00,14.3,54,19.3,103.0,978.2
2017-10-09 17:00:00,13.8,56,18.4,52.0,978.7
2017-10-09 18:00:00,13.4,57,18.9,20.0,979.4
2017-10-09 19:00:00,13.2,56,18.5,0.0,980.4
2017-10-09 20:00:00,12.3,56,16.9,0.0,981.7
2017-10-09 21:00:00,12.3,55,16.4,0.0,982.7
2017-10-09 22:00:00,11.9,58,17.7,0.0,983.3
2017-10-09 23:00:00,11.3,64,17.2,0.0,983.8
2017-10-10 00:00:00,10.6,73,18.2,0.0,984.2
2017-10-10 01:00:00,10.4,74,16.6,0.0,984.0
2017-10-10 02:00:00,10.2,75,18.1,0.0,984.1
2017-10-10 03:00:00,10.0,78,19.9,0.0,984.9
2017-10-10 04:00:00,9.0,89,17.4,0.0,985.1
2017-10-10 05:00:00,8.6,90,19.0,0.0,985.3
2017-10-10 06:00:00,8.4,90,15.9,0.0,985.5
2017-10-10 07:00:00,8.3,90,16.4,0.0,985.9
2017-10-10 08:00:00,7.4,88,15.7,6.0,986.3
2017-10-10 09:00:00,7.8,87,14.7,23.0,987.0
2017-10-10 10:00:00,7.9,87,12.9,27.0,987.1
2017-10-10 11:00:00,9.3,78,13.3,149.0,986.6
2017-10-10 12:00:00,9.9,74,13.6,191.0,985.9
2017-10-10 13:00:00,10.3,71,12.5,153.0,985.4
2017-10-10 14:00:00,11.3,64,12.0,213.0,984.3
2017-10-10 15:00:00,11.7,62,10.5,183.0,983.5
2017-10-10 16:00:00,11.8,61,9.0,115.0,982.5
2017-10-10 17:00:00,11.9,62,9.4,70.0,982.5
2017-10-10 18:00:00,11.3,67,9.4,44.0,982.1
2017-10-10 19:00:00,10.6,72,9.8,1.0,982.2
2017-10-10 20:00:00,8.3,84,9.5,0.0,983.1
2017-10-10 21:00:00,7.8,84,8.3,0.0,983.2
2017-10-10 22:00:00,7.4,82,6.2,0.0,983.0
2017-10-10 23:00:00,6.5,86,4.9,0.0,982.8
2017-10-11 00:00:00,6.0,88,4.8,0.0,982.5
2017-10-11 01:00:00,5.5,89,5.4,0.0,982.1
2017-10-11 02:00:00,5.3,89,2.7,0.0,981.7
2017-10-11 03:00:00,5.4,88,5.2,0.0,981.4
2017-10-11 04:00:00,5.4,87,7.3,0.0,981.2
2017-10-11 05:00:00,6.2,84,6.5,0.0,981.0
2017-10-11 06:00:00,5.8,90,4.6,0.0,980.7
2017-10-11 07:00:00,6.7,89,1.3,1.0,980.8
2017-10-11 08:00:00,7.9,83,4.8,37.0,982.3
2017-10-11 09:00:00,8.6,80,0.7,65.0,983.2
2017-10-11 10:00:00,8.9,84,2.2,77.0,983.5
2017-10-11 11:00:00,9.0,85,2.4,76.0,983.4
2017-10-11 12:00:00,9.1,86,2.4,77.0,982.8
2017-10-11 13:00:00,9.2,86,2.6,78.0,982.0
2017-10-11 14:00:00,9.0,88,4.4,50.0,981.1
2017-10-11 15:00:00,9.0,89,4.3,48.0,980.9
2017-10-11 16:00:00,9.0,89,3.6,20.0,981.0
2017-10-11 17:00:00,8.8,89,0.8,12.0,981.2
2017-10-11 18:00:00,8.6,92,3.4,5.0,981.7
2017-10-11 19:00:00,8.4,95,6.8,0.0,981.9
2017-10-11 20:00:00,8.4,93,5.2,0.0,983.2
2017-10-11 21:00:00,8.1,94,8.1,0.0,983.8
2017-10-11 22:00:00,7.9,92,7.9,0.0,983.8
2017-10-11 23:00:00,8.0,91,7.3,0.0,984.2
2017-10-12 00:00:00,8.1,92,7.3,0.0,984.4
2017-10-12 01:00:00,8.2,92,11.4,0.0,985.1
2017-10-12 02:00:00,8.4,92,11.4,0.0,985.3
2017-10-12 03:00:00,8.7,89,11.5,0.0,984.7
2017-10-12 04:00:00,8.9,87,11.9,0.0,984.0
2017-10-12 05:00:00,9.0,85,12.7,0.0,983.0
2017-10-12 06:00:00,8.7,86,8.4,0.0,982.5
2017-10-12 07:00:00,8.2,92,4.6,1.0,982.3
2017-10-12 08:00:00,9.0,88,4.1,51.0,983.5
2017-10-12 09:00:00,11.4,73,7.6,234.0,983.9
2017-10-12 10:00:00,13.3,64,5.8,403.0,983.9
2017-10-12 11:00:00,15.0,58,4.9,569.0,982.8
2017-10-12 12:00:00,16.3,55,3.4,687.0,981.8
2017-10-12 13:00:00,17.3,53,2.2,710.0,980.5
2017-10-12 14:00:00,17.8,52,3.1,685.0,979.1
2017-10-12 15:00:00,17.9,53,3.6,595.0,978.0
2017-10-12 16:00:00,17.8,55,3.7,445.0,977.4
2017-10-12 17:00:00,17.0,62,4.2,246.0,976.5
2017-10-12 18:00:00,13.6,79,7.3,78.0,975.7
2017-10-12 19:00:00,12.8,77,7.1,1.0,975.6
2017-10-12 20:00:00,12.1,80,6.9,0.0,975.8
2017-10-12 21:00:00,12.4,78,6.9,0.0,975.9
2017-10-12 22:00:00,11.8,81,6.9,0.0,976.0
2017-10-12 23:00:00,11.6,81,7.7,0.0,976.1
2017-10-13 00:00:00,11.4,82,7.9,0.0,975.9
2017-10-13 01:00:00,11.2,82,6.1,0.0,975.8
2017-10-13 02:00:00,10.3,87,6.6,0.0,975.7
2017-10-13 03:00:00,9.9,90,5.4,0.0,975.4
2017-10-13 04:00:00,9.8,91,5.1,0.0,975.0
2017-10-13 05:00:00,10.0,90,6.2,0.0,974.6
2017-10-13 06:00:00,9.2,93,7.5,0.0,974.9
2017-10-13 07:00:00,9.9,93,3.1,0.0,975.3
2017-10-13 08:00:00,10.7,89,2.5,22.0,976.5
2017-10-13 09:00:00,12.2,82,5.6,156.0,977.3
2017-10-13 10:00:00,13.2,78,4.5,232.0,977.8
2017-10-13 11:00:00,14.6,73,4.7,348.0,977.6
2017-10-13 12:00:00,16.6,66,3.7,557.0,976.9
2017-10-13 13:00:00,17.1,64,5.8,469.0,975.9
2017-10-13 14:00:00,17.1,64,7.9,478.0,975.4
2017-10-13 15:00:00,16.8,65,8.5,367.0,974.7
2017-10-13 16:00:00,16.5,65,5.9,237.0,974.3
2017-10-13 17:00:00,16.1,68,4.3,141.0,974.5
2017-10-13 18:00:00,14.6,78,4.2,47.0,974.4
2017-10-13 19:00:00,13.9,80,7.1,0.0,974.7
2017-10-13 20:00:00,12.9,80,7.8,0.0,975.6
2017-10-13 21:00:00,12.8,80,7.2,0.0,976.2
2017-10-13 22:00:00,12.6,81,8.9,0.0,976.9
2017-10-13 23:00:00,12.8,81,8.2,0.0,977.6
2017-10-14 00:00:00,12.8,81,7.8,0.0,977.4
2017-10-14 01:00:00,12.5,84,8.0,0.0,977.2
2017-10-14 02:00:00,12.2,86,6.5,0.0,977.0
2017-10-14 03:00:00,12.2,86,4.7,0.0,976.8
2017-10-14 04:00:00,12.2,87,5.1,0.0,976.5
2017-10-14 05:00:00,12.2,90,1.8,0.0,976.6
2017-10-14 06:00:00,11.9,91,1.5,0.0,976.7
2017-10-14 07:00:00,11.9,92,5.1,0.0,977.2
2017-10-14 08:00:00,11.7,96,3.6,16.0,978.5
2017-10-14 09:00:00,12.3,92,5.8,48.0,979.6
2017-10-14 10:00:00,13.3,87,9.0,134.0,979.7
2017-10-14 11:00:00,14.3,84,9.5,209.0,979.5
2017-10-14 12:00:00,14.9,81,10.6,240.0,979.1
2017-10-14 13:00:00,15.3,77,8.8,202.0,978.4
2017-10-14 14:00:00,16.0,73,8.8,220.0,977.7
2017-10-14 15:00:00,16.2,69,12.3,224.0,977.5
2017-10-14 16:00:00,16.0,68,12.2,121.0,977.5
2017-10-14 17:00:00,15.7,70,10.3,64.0,977.3
2017-10-14 18:00:00,15.1,73,5.9,23.0,977.4
2017-10-14 19:00:00,14.5,76,4.6,0.0,977.7
2017-10-14 20:00:00,12.6,91,5.1,0.0,978.3
2017-10-14 21:00:00,13.0,89,3.3,0.0,978.7
2017-10-14 22:00:00,12.2,93,3.6,0.0,979.3
2017-10-14 23:00:00,12.5,92,1.8,0.0,979.8
2017-10-15 00:00:00,12.5,93,1.3,0.0,979.7
2017-10-15 01:00:00,12.1,95,1.8,0.0,979.6
2017-10-15 02:00:00,12.0,96,1.8,0.0,979.2
2017-10-15 03:00:00,11.9,96,3.3,0.0,979.4
2017-10-15 04:00:00,12.0,90,5.1,0.0,979.3
2017-10-15 05:00:00,12.1,85,5.9,0.0,979.2
2017-10-15 06:00:00,11.9,84,6.9,0.0,979.6
2017-10-15 07:00:00,11.6,88,9.2,0.0,979.9
2017-10-15 08:00:00,11.4,94,8.7,15.0,981.1
2017-10-15 09:00:00,11.8,94,10.2,35.0,981.8
2017-10-15 10:00:00,12.4,92,11.9,102.0,982.3
2017-10-15 11:00:00,12.8,90,13.0,127.0,982.4
2017-10-15 12:00:00,12.7,89,13.8,98.0,982.2
2017-10-15 13:00:00,12.6,89,13.8,72.0,981.8
2017-10-15 14:00:00,12.9,86,14.4,103.0,981.3
2017-10-15 15:00:00,12.9,85,14.8,83.0,981.0
2017-10-15 16:00:00,12.9,84,14.1,60.0,981.2
2017-10-15 17:00:00,12.8,84,13.2,50.0,981.4
2017-10-15 18:00:00,12.6,84,12.2,16.0,981.4
2017-10-15 19:00:00,12.6,85,10.2,0.0,982.1
2017-10-15 20:00:00,12.8,85,8.2,0.0,982.8
2017-10-15 21:00:00,13.0,84,7.1,0.0,983.1
2017-10-15 22:00:00,12.9,86,4.6,0.0,983.5
2017-10-15 23:00:00,12.7,87,5.2,0.0,983.3
2017-10-16 00:00:00,12.3,89,5.4,0.0,983.2
2017-10-16 01:00:00,12.0,90,7.1,0.0,983.3
2017-10-16 02:00:00,11.8,90,6.1,0.0,983.3
2017-10-16 03:00:00,11.7,90,3.9,0.0,983.2
2017-10-16 04:00:00,11.6,91,4.6,0.0,983.1
2017-10-16 05:00:00,11.4,91,6.6,0.0,982.9
2017-10-16 06:00:00,11.5,90,7.4,0.0,983.1
2017-10-16 07:00:00,11.5,91,7.9,0.0,983.3
2017-10-16 08:00:00,11.5,94,8.2,11.0,984.1
2017-10-16 09:00:00,11.7,92,11.0,25.0,984.2
2017-10-16 10:00:00,12.1,91,13.0,64.0,984.4
2017-10-16 11:00:00,12.1,91,14.6,69.0,984.3
2017-10-16 12:00:00,12.2,90,15.2,73.0,983.9
2017-10-16 13:00:00,12.5,88,15.1,96.0,983.3
2017-10-16 14:00:00,12.8,86,15.3,86.0,982.4
2017-10-16 15:00:00,12.7,86,15.3,54.0,982.1
2017-10-16 16:00:00,12.6,88,17.1,37.0,982.1
2017-10-16 17:00:00,12.5,87,16.6,23.0,982.0
2017-10-16 18:00:00,12.4,88,14.6,8.0,982.0
2017-10-16 19:00:00,12.3,88,14.2,0.0,982.4
2017-10-16 20:00:00,12.3,87,14.0,0.0,982.6
2017-10-16 21:00:00,12.2,86,13.6,0.0,982.6
2017-10-16 22:00:00,12.3,84,12.6,0.0,982.8
2017-10-16 23:00:00,12.2,83,11.5,0.0,982.5
2017-10-17 00:00:00,12.2,81,11.3,0.0,982.0
2017-10-17 01:00:00,12.3,78,10.6,0.0,981.5
2017-10-17 02:00:00,12.4,71,10.8,0.0,981.1
2017-10-17 03:00:00,12.5,65,11.0,0.0,980.5
2017-10-17 04:00:00,12.6,64,12.0,0.0,979.8
2017-10-17 05:00:00,12.5,64,12.4,0.0,979.4
2017-10-17 06:00:00,12.5,65,11.8,0.0,979.2
2017-10-17 07:00:00,12.3,67,10.7,0.0,979.4
2017-10-17 08:00:00,12.2,71,6.8,16.0,980.5
2017-10-17 09:00:00,12.4,73,7.9,24.0,980.4
2017-10-17 10:00:00,12.7,74,8.8,50.0,980.3
2017-10-17 11:00:00,13.7,69,8.3,126.0,980.3
2017-10-17 12:00:00,13.9,69,5.9,108.0,979.9
2017-10-17 13:00:00,13.5,73,7.6,71.0,979.6
2017-10-17 14:00:00,13.2,76,9.4,87.0,978.9
2017-10-17 15:00:00,13.1,76,6.5,63.0,978.4
2017-10-17 16:00:00,12.9,78,5.4,50.0,978.3
2017-10-17 17:00:00,12.7,79,6.2,28.0,978.3
2017-10-17 18:00:00,12.4,80,7.5,16.0,978.1
2017-10-17 19:00:00,12.1,82,8.8,0.0,978.9
2017-10-17 20:00:00,11.8,84,3.6,0.0,979.7
2017-10-17 21:00:00,11.7,86,2.3,0.0,980.2
2017-10-17 22:00:00,11.8,86,2.7,0.0,980.4
2017-10-17 23:00:00,11.4,90,4.6,0.0,980.6
2017-10-18 00:00:00,11.0,91,6.6,0.0,980.2
2017-10-18 01:00:00,10.6,93,7.0,0.0,980.1
2017-10-18 02:00:00,9.6,96,4.7,0.0,979.4
2017-10-18 03:00:00,9.3,97,4.3,0.0,979.2
2017-10-18 04:00:00,9.0,97,7.3,0.0,979.1
2017-10-18 05:00:00,8.9,98,7.4,0.0,979.0
2017-10-18 06:00:00,8.7,99,7.7,0.0,979.2
2017-10-18 07:00:00,8.6,98,8.8,0.0,979.7
2017-10-18 08:00:00,10.3,93,8.9,48.0,980.6
2017-10-18 09:00:00,12.1,85,7.1,158.0,981.4
2017-10-18 10:00:00,13.4,79,5.1,244.0,981.5
2017-10-18 11:00:00,15.3,67,6.4,403.0,981.1
2017-10-18 12:00:00,16.2,66,4.7,466.0,980.2
2017-10-18 13:00:00,17.3,63,4.5,535.0,979.1
2017-10-18 14:00:00,17.6,63,3.8,498.0,978.1
2017-10-18 15:00:00,17.9,61,4.1,400.0,977.4
2017-10-18 16:00:00,17.3,64,9.7,240.0,976.9
2017-10-18 17:00:00,16.2,69,9.3,186.0,976.4
2017-10-18 18:00:00,13.7,82,4.1,53.0,975.9
2017-10-18 19:00:00,12.8,87,3.6,0.0,976.3
2017-10-18 20:00:00,13.1,86,6.4,0.0,978.0
2017-10-18 21:00:00,12.7,87,6.2,0.0,978.3
2017-10-18 22:00:00,13.3,84,4.1,0.0,978.2
2017-10-18 23:00:00,12.8,87,5.7,0.0,978.2
2017-10-19 00:00:00,13.0,85,4.6,0.0,977.9
2017-10-19 01:00:00,12.8,86,4.8,0.0,977.7
2017-10-19 02:00:00,12.1,89,5.4,0.0,977.1
2017-10-19 03:00:00,12.0,91,6.3,0.0,976.8
2017-10-19 04:00:00,10.4,93,7.0,0.0,976.0
2017-10-19 05:00:00,10.1,93,5.0,0.0,976.0
2017-10-19 06:00:00,10.8,89,1.0,0.0,976.4
2017-10-19 07:00:00,10.5,90,3.7,0.0,976.5
2017-10-19 08:00:00,10.4,98,3.4,62.0,977.6
2017-10-19 09:00:00,12.5,91,1.5,202.0,978.3
2017-10-19 10:00:00,14.6,82,3.6,367.0,978.3
2017-10-19 11:00:00,16.4,73,4.7,552.0,977.6
2017-10-19 12:00:00,17.7,68,8.4,637.0,976.7
2017-10-19 13:00:00,18.5,65,11.6,669.0,975.6
2017-10-19 14:00:00,19.1,61,13.1,637.0,974.6
2017-10-19 15:00:00,19.3,60,14.5,527.0,973.7
2017-10-19 16:00:00,18.9,63,14.3,350.0,973.3
2017-10-19 17:00:00,17.9,67,11.5,184.0,972.9
2017-10-19 18:00:00,16.0,73,9.0,53.0,972.5
2017-10-19 19:00:00,15.2,75,9.5,0.0,972.6
2017-10-19 20:00:00,14.1,81,7.0,0.0,973.5
2017-10-19 21:00:00,13.6,82,6.4,0.0,973.8
2017-10-19 22:00:00,12.2,90,8.4,0.0,974.4
2017-10-19 23:00:00,11.5,92,8.2,0.0,974.6
2017-10-20 00:00:00,10.9,94,8.5,0.0,974.5
2017-10-20 01:00:00,10.7,94,7.4,0.0,974.2
2017-10-20 02:00:00,10.2,94,7.4,0.0,974.3
2017-10-20 03:00:00,9.9,94,5.8,0.0,974.2
2017-10-20 04:00:00,10.1,93,2.6,0.0,974.5
2017-10-20 05:00:00,9.9,94,3.6,0.0,974.6
2017-10-20 06:00:00,10.0,96,4.0,0.0,975.1
2017-10-20 07:00:00,10.2,98,4.7,0.0,975.5
2017-10-20 08:00:00,10.9,97,4.7,48.0,976.8
2017-10-20 09:00:00,12.4,91,4.0,147.0,977.4
2017-10-20 10:00:00,14.2,82,1.1,259.0,977.4
2017-10-20 11:00:00,16.4,75,0.8,450.0,977.5
2017-10-20 12:00:00,17.7,70,2.2,514.0,976.8
2017-10-20 13:00:00,18.8,66,0.8,533.0,976.1
2017-10-20 14:00:00,19.6,63,1.3,506.0,975.2
2017-10-20 15:00:00,19.9,62,2.0,366.0,974.6
2017-10-20 16:00:00,19.6,65,4.0,245.0,974.3
2017-10-20 17:00:00,19.0,70,3.6,193.0,974.4
2017-10-20 18:00:00,15.6,84,7.5,53.0,974.2
2017-10-20 19:00:00,14.9,82,6.5,0.0,974.6
2017-10-20 20:00:00,15.0,87,6.5,0.0,975.6
2017-10-20 21:00:00,12.9,95,7.6,0.0,975.9
2017-10-20 22:00:00,14.6,87,4.9,0.0,977.0
2017-10-20 23:00:00,14.0,89,5.9,0.0,977.5
2017-10-21 00:00:00,12.9,94,7.1,0.0,977.3
2017-10-21 01:00:00,13.3,92,8.0,0.0,976.9
2017-10-21 02:00:00,13.2,92,8.0,0.0,976.7
2017-10-21 03:00:00,12.7,94,6.1,0.0,976.6
2017-10-21 04:00:00,12.4,94,7.9,0.0,976.7
2017-10-21 05:00:00,12.4,93,8.7,0.0,977.0
2017-10-21 06:00:00,12.3,94,9.1,0.0,977.2
2017-10-21 07:00:00,12.6,92,9.8,0.0,977.1
2017-10-21 08:00:00,13.9,88,8.4,32.0,978.3
2017-10-21 09:00:00,15.4,83,6.0,101.0,978.9
2017-10-21 10:00:00,17.0,78,5.9,265.0,979.5
2017-10-21 11:00:00,18.6,71,7.7,448.0,979.5
2017-10-21 12:00:00,19.7,67,8.7,542.0,978.9
2017-10-21 13:00:00,19.6,68,8.7,310.0,978.1
2017-10-21 14:00:00,20.3,66,8.1,401.0,977.2
2017-10-21 15:00:00,20.5,64,6.9,394.0,976.5
2017-10-21 16:00:00,20.2,66,7.1,218.0,976.4
2017-10-21 17:00:00,19.3,74,3.9,125.0,976.2
2017-10-21 18:00:00,17.4,79,6.6,31.0,976.1
2017-10-21 19:00:00,16.4,81,8.9,0.0,976.2
2017-10-21 20:00:00,15.7,83,8.5,0.0,976.8
2017-10-21 21:00:00,14.5,88,7.2,0.0,976.9
2017-10-21 22:00:00,13.4,93,5.5,0.0,976.6
2017-10-21 23:00:00,13.2,93,8.7,0.0,976.9
2017-10-22 00:00:00,12.3,93,7.1,0.0,976.6
2017-10-22 01:00:00,11.7,94,6.3,0.0,976.1
2017-10-22 02:00:00,11.9,94,4.0,0.0,976.6
2017-10-22 03:00:00,12.2,92,4.8,0.0,976.6
2017-10-22 04:00:00,12.0,92,4.0,0.0,976.7
2017-10-22 05:00:00,11.5,92,4.8,0.0,976.6
2017-10-22 06:00:00,11.6,89,4.0,0.0,976.8
2017-10-22 07:00:00,12.5,85,3.2,0.0,977.2
2017-10-22 08:00:00,13.0,89,3.6,31.0,978.6
2017-10-22 09:00:00,14.8,84,5.0,105.0,979.6
2017-10-22 10:00:00,16.5,74,6.9,245.0,979.8
2017-10-22 11:00:00,17.0,71,7.6,277.0,979.7
2017-10-22 12:00:00,17.5,69,5.1,299.0,978.8
2017-10-22 13:00:00,18.5,67,3.7,422.0,977.9
2017-10-22 14:00:00,19.0,66,3.6,424.0,977.0
2017-10-22 15:00:00,19.4,65,2.3,415.0,976.3
2017-10-22 16:00:00,19.2,65,2.5,287.0,975.9
2017-10-22 17:00:00,18.6,70,4.5,151.0,975.9
2017-10-22 18:00:00,16.8,78,5.1,31.0,975.6
2017-10-22 19:00:00,15.6,84,6.2,0.0,975.9
2017-10-22 20:00:00,14.9,88,5.8,0.0,976.1
2017-10-22 21:00:00,15.1,85,4.4,0.0,976.3
2017-10-22 22:00:00,15.1,85,8.3,0.0,976.2
2017-10-22 23:00:00,14.6,87,6.5,0.0,976.7
2017-10-23 00:00:00,14.4,88,5.9,0.0,976.5
2017-10-23 01:00:00,14.5,86,9.9,0.0,976.5
2017-10-23 02:00:00,13.7,88,5.1,0.0,976.2
2017-10-23 03:00:00,13.1,91,2.6,0.0,975.8
2017-10-23 04:00:00,12.8,93,2.2,0.0,975.7
2017-10-23 05:00:00,12.5,94,2.1,0.0,975.9
2017-10-23 06:00:00,12.8,92,2.0,0.0,975.9
2017-10-23 07:00:00,12.8,92,1.9,0.0,976.3
2017-10-23 08:00:00,13.3,94,5.4,38.0,977.5
2017-10-23 09:00:00,15.0,89,5.3,133.0,978.2
2017-10-23 10:00:00,16.6,82,11.5,303.0,978.5
2017-10-23 11:00:00,18.2,76,14.0,449.0,978.3
2017-10-23 12:00:00,19.0,72,13.5,486.0,977.6
2017-10-23 13:00:00,19.9,67,14.4,540.0,976.7
2017-10-23 14:00:00,20.6,61,13.6,462.0,975.9
2017-10-23 15:00:00,21.1,57,13.5,416.0,975.2
2017-10-23 16:00:00,21.1,57,11.5,359.0,974.9
2017-10-23 17:00:00,19.7,65,10.4,176.0,974.8
2017-10-23 18:00:00,17.7,68,10.0,43.0,974.5
2017-10-23 19:00:00,17.0,61,9.7,0.0,975.1
2017-10-23 20:00:00,16.7,57,12.4,0.0,975.5
2017-10-23 21:00:00,16.8,60,13.8,0.0,975.7
2017-10-23 22:00:00,16.4,64,11.0,0.0,976.3
2017-10-23 23:00:00,14.9,72,7.1,0.0,976.5
2017-10-24 00:00:00,13.5,79,8.4,0.0,976.6
2017-10-24 01:00:00,13.8,78,6.6,0.0,976.6
2017-10-24 02:00:00,13.5,79,8.7,0.0,976.6
2017-10-24 03:00:00,13.2,81,11.0,0.0,976.4
2017-10-24 04:00:00,12.6,83,11.3,0.0,976.4
2017-10-24 05:00:00,12.5,82,12.0,0.0,976.4
2017-10-24 06:00:00,12.7,80,12.4,0.0,976.4
2017-10-24 07:00:00,12.6,80,12.5,0.0,976.6
2017-10-24 08:00:00,13.5,78,13.8,40.0,977.6
2017-10-24 09:00:00,15.2,72,14.0,163.0,978.2
2017-10-24 10:00:00,17.5,65,13.0,316.0,978.3
2017-10-24 11:00:00,19.4,55,14.9,456.0,977.9
2017-10-24 12:00:00,20.5,51,17.2,580.0,977.1
2017-10-24 13:00:00,20.8,50,18.7,555.0,976.1
2017-10-24 14:00:00,21.0,47,16.6,469.0,975.2
2017-10-24 15:00:00,20.2,49,16.6,229.0,974.7
2017-10-24 16:00:00,18.7,53,19.5,101.0,974.2
2017-10-24 17:00:00,17.8,57,18.8,76.0,974.0
2017-10-24 18:00:00,17.2,56,19.5,25.0,974.0
2017-10-24 19:00:00,17.0,57,20.5,0.0,974.5
2017-10-24 20:00:00,16.5,60,20.2,0.0,975.3
2017-10-24 21:00:00,16.4,61,18.9,0.0,975.9
2017-10-24 22:00:00,16.1,64,17.2,0.0,976.2
2017-10-24 23:00:00,15.9,65,15.5,0.0,976.8
2017-10-25 00:00:00,15.9,64,12.9,0.0,976.7
2017-10-25 01:00:00,15.7,64,10.8,0.0,976.5
2017-10-25 02:00:00,15.3,65,7.6,0.0,976.6
2017-10-25 03:00:00,14.8,67,7.7,0.0,976.8
2017-10-25 04:00:00,14.5,69,9.7,0.0,976.6
2017-10-25 05:00:00,14.3,71,9.9,0.0,976.9
2017-10-25 06:00:00,14.0,73,10.5,0.0,977.4
2017-10-25 07:00:00,13.6,75,10.3,0.0,977.9
2017-10-25 08:00:00,13.2,83,8.9,10.0,978.9
2017-10-25 09:00:00,13.6,83,6.3,26.0,979.8
2017-10-25 10:00:00,13.9,83,1.1,50.0,979.8
2017-10-25 11:00:00,14.0,84,1.6,72.0,980.2
2017-10-25 12:00:00,14.0,84,1.9,87.0,979.9
2017-10-25 13:00:00,14.3,83,1.6,96.0,979.5
2017-10-25 14:00:00,14.7,81,2.1,125.0,978.9
2017-10-25 15:00:00,15.1,79,3.4,155.0,978.5
2017-10-25 16:00:00,15.2,78,3.4,110.0,978.4
2017-10-25 17:00:00,15.0,79,2.5,52.0,978.6
2017-10-25 18:00:00,14.5,82,2.6,29.0,978.8
2017-10-25 19:00:00,14.3,82,0.5,0.0,979.1
2017-10-25 20:00:00,13.8,86,2.3,0.0,979.4
2017-10-25 21:00:00,13.7,88,4.9,0.0,979.7
2017-10-25 22:00:00,13.2,91,4.6,0.0,979.9
2017-10-25 23:00:00,13.2,92,5.0,0.0,980.1
2017-10-26 00:00:00,13.4,91,4.2,0.0,979.8
2017-10-26 01:00:00,12.4,93,5.6,0.0,979.1
2017-10-26 02:00:00,12.5,91,4.7,0.0,978.9
2017-10-26 03:00:00,12.2,92,7.6,0.0,978.4
2017-10-26 04:00:00,11.8,93,8.6,0.0,977.8
2017-10-26 05:00:00,11.4,93,8.3,0.0,978.1
2017-10-26 06:00:00,11.3,93,9.7,0.0,977.9
2017-10-26 07:00:00,10.9,94,9.0,0.0,977.9
2017-10-26 08:00:00,11.9,95,9.1,49.0,979.1
2017-10-26 09:00:00,13.5,87,8.2,180.0,979.8
2017-10-26 10:00:00,15.4,73,7.7,342.0,979.9
2017-10-26 11:00:00,17.4,62,8.7,504.0,979.5
2017-10-26 12:00:00,19.0,56,7.3,597.0,978.6
2017-10-26 13:00:00,20.1,50,6.0,619.0,977.5
2017-10-26 14:00:00,20.9,47,5.5,593.0,976.5
2017-10-26 15:00:00,21.1,46,5.9,507.0,975.6
2017-10-26 16:00:00,20.9,47,5.4,371.0,975.2
2017-10-26 17:00:00,19.6,59,4.6,197.0,974.6
2017-10-26 18:00:00,15.1,72,8.4,42.0,973.9
2017-10-26 19:00:00,14.7,73,8.9,0.0,973.8
2017-10-26 20:00:00,13.5,78,8.8,0.0,973.9
2017-10-26 21:00:00,12.9,78,6.4,0.0,974.1
2017-10-26 22:00:00,11.5,82,8.5,0.0,974.1
2017-10-26 23:00:00,12.0,75,9.1,0.0,974.6
2017-10-27 00:00:00,10.7,86,10.0,0.0,974.3
2017-10-27 01:00:00,10.2,91,8.9,0.0,974.2
2017-10-27 02:00:00,9.8,90,2.2,0.0,974.4
2017-10-27 03:00:00,8.7,90,3.8,0.0,974.1
2017-10-27 04:00:00,8.6,87,2.2,0.0,974.0
2017-10-27 05:00:00,8.3,85,4.0,0.0,974.2
2017-10-27 06:00:00,8.4,78,3.7,0.0,974.7
2017-10-27 07:00:00,8.2,79,3.9,0.0,974.6
2017-10-27 08:00:00,9.4,80,3.5,49.0,975.6
2017-10-27 09:00:00,12.4,69,1.6,209.0,976.4
2017-10-27 10:00:00,14.6,62,0.8,386.0,976.8
2017-10-27 11:00:00,16.3,59,2.9,531.0,976.3
2017-10-27 12:00:00,17.6,58,4.8,624.0,975.7
2017-10-27 13:00:00,18.7,58,6.4,655.0,974.6
2017-10-27 14:00:00,19.4,57,7.6,619.0,973.5
2017-10-27 15:00:00,19.8,56,8.4,521.0,972.9
2017-10-27 16:00:00,19.7,57,9.0,371.0,972.5
2017-10-27 17:00:00,18.3,67,8.7,193.0,972.4
2017-10-27 18:00:00,15.7,76,7.4,40.0,972.2
2017-10-27 19:00:00,13.8,82,8.4,0.0,972.4
2017-10-27 20:00:00,12.9,84,8.3,0.0,972.4
2017-10-27 21:00:00,14.5,73,4.1,0.0,973.2
2017-10-27 22:00:00,14.0,76,0.8,0.0,973.5
2017-10-27 23:00:00,13.6,79,1.5,0.0,973.9
2017-10-28 00:00:00,11.1,91,4.0,0.0,974.0
2017-10-28 01:00:00,10.9,96,7.6,0.0,974.6
2017-10-28 02:00:00,10.8,95,9.1,0.0,975.4
2017-10-28 03:00:00,10.8,94,11.9,0.0,975.7
2017-10-28 04:00:00,10.7,94,11.9,0.0,976.0
2017-10-28 05:00:00,11.1,90,12.3,0.0,976.5
2017-10-28 06:00:00,11.4,88,10.6,0.0,977.2
2017-10-28 07:00:00,11.6,86,10.8,0.0,978.2
2017-10-28 08:00:00,12.4,84,10.6,36.0,980.4
2017-10-28 09:00:00,14.2,73,8.4,128.0,981.9
2017-10-28 10:00:00,14.5,71,9.0,110.0,982.4
2017-10-28 11:00:00,14.6,72,8.1,126.0,982.8
2017-10-28 12:00:00,14.7,71,7.4,129.0,983.1
2017-10-28 13:00:00,15.0,68,3.8,100.0,982.8
2017-10-28 14:00:00,15.5,63,3.4,120.0,982.3
2017-10-28 15:00:00,15.9,59,1.9,119.0,982.6
2017-10-28 16:00:00,15.9,58,1.0,92.0,983.0
2017-10-28 17:00:00,15.3,67,2.5,67.0,983.2
2017-10-28 18:00:00,14.3,67,4.8,17.0,983.2
2017-10-28 19:00:00,14.0,68,6.8,0.0,984.0
2017-10-28 20:00:00,13.4,69,5.4,0.0,984.3
2017-10-28 21:00:00,13.4,63,8.9,0.0,985.3
2017-10-28 22:00:00,12.5,61,8.5,0.0,986.4
2017-10-28 23:00:00,11.4,61,6.5,0.0,986.9
2017-10-29 00:00:00,11.7,59,6.1,0.0,987.4
2017-10-29 01:00:00,10.2,71,7.6,0.0,987.5
2017-10-29 02:00:00,9.7,71,6.9,0.0,987.9
2017-10-29 03:00:00,10.4,60,6.0,0.0,988.3
2017-10-29 04:00:00,10.3,58,7.6,0.0,988.4
2017-10-29 05:00:00,9.9,57,9.1,0.0,988.7
2017-10-29 06:00:00,9.2,55,9.2,0.0,989.1
2017-10-29 07:00:00,8.4,51,9.9,0.0,989.7
2017-10-29 08:00:00,8.7,56,10.2,37.0,990.9
2017-10-29 09:00:00,10.0,45,10.9,150.0,991.6
2017-10-29 10:00:00,11.0,40,11.5,227.0,991.6
2017-10-29 11:00:00,11.9,36,10.0,344.0,991.5
2017-10-29 12:00:00,12.6,36,9.2,416.0,991.2
2017-10-29 13:00:00,13.3,35,8.9,443.0,990.2
2017-10-29 14:00:00,14.1,33,9.7,554.0,989.4
2017-10-29 15:00:00,14.1,32,9.4,459.0,988.5
2017-10-29 16:00:00,13.8,33,7.9,351.0,988.2
2017-10-29 17:00:00,12.8,41,5.6,162.0,988.2
2017-10-29 18:00:00,11.5,49,5.1,23.0,987.9
2017-10-29 19:00:00,12.1,38,0.8,0.0,988.4
2017-10-29 20:00:00,11.0,49,6.0,0.0,988.5
2017-10-29 21:00:00,10.9,49,9.7,0.0,988.9
2017-10-29 22:00:00,10.7,50,7.9,0.0,989.1
2017-10-29 23:00:00,10.6,51,9.8,0.0,989.0
2017-10-30 00:00:00,9.9,54,12.2,0.0,989.0
2017-10-30 01:00:00,9.1,61,11.3,0.0,988.6
2017-10-30 02:00:00,8.6,68,10.1,0.0,988.6
2017-10-30 03:00:00,8.0,72,9.7,0.0,988.2
2017-10-30 04:00:00,7.7,73,9.0,0.0,987.6
2017-10-30 05:00:00,7.3,75,8.6,0.0,987.5
2017-10-30 06:00:00,7.1,77,7.2,0.0,987.5
2017-10-30 07:00:00,7.1,79,6.0,0.0,987.6
2017-10-30 08:00:00,7.4,81,4.6,6.0,988.2
2017-10-30 09:00:00,8.0,80,3.7,59.0,988.8
2017-10-30 10:00:00,8.3,79,4.2,78.0,988.7
2017-10-30 11:00:00,8.4,79,5.0,76.0,988.0
2017-10-30 12:00:00,8.9,77,4.7,131.0,987.2
2017-10-30 13:00:00,9.9,71,4.5,220.0,985.7
2017-10-30 14:00:00,10.4,68,5.2,213.0,984.4
2017-10-30 15:00:00,10.0,71,5.1,92.0,983.4
2017-10-30 16:00:00,9.9,74,3.1,64.0,982.8
2017-10-30 17:00:00,9.9,77,3.4,38.0,982.1
2017-10-30 18:00:00,9.2,83,2.5,17.0,981.7
2017-10-30 19:00:00,9.1,84,3.3,0.0,982.1
2017-10-30 20:00:00,8.7,86,3.1,0.0,981.2
2017-10-30 21:00:00,8.8,86,5.5,0.0,981.3
2017-10-30 22:00:00,9.3,84,3.8,0.0,981.4
2017-10-30 23:00:00,9.4,84,3.4,0.0,981.3
2017-10-31 00:00:00,9.3,85,4.0,0.0,981.3
2017-10-31 01:00:00,8.9,87,3.8,0.0,980.3
2017-10-31 02:00:00,8.7,88,4.4,0.0,980.0
2017-10-31 03:00:00,8.7,88,5.1,0.0,979.7
2017-10-31 04:00:00,8.7,87,4.4,0.0,979.1
2017-10-31 05:00:00,8.9,86,3.1,0.0,978.4
2017-10-31 06:00:00,9.0,86,3.6,0.0,978.5
2017-10-31 07:00:00,9.0,86,3.2,0.0,978.5
2017-10-31 08:00:00,8.8,92,4.7,12.0,979.9
2017-10-31 09:00:00,9.1,93,5.6,44.0,980.7
2017-10-31 10:00:00,9.3,94,5.8,51.0,980.7
2017-10-31 11:00:00,9.8,93,6.0,99.0,980.5
2017-10-31 12:00:00,10.0,93,5.0,76.0,980.0
2017-10-31 13:00:00,10.5,90,2.5,80.0,979.2
2017-10-31 14:00:00,10.8,90,2.5,73.0,978.1
2017-10-31 15:00:00,11.1,89,1.8,77.0,977.6
2017-10-31 16:00:00,11.3,89,3.4,55.0,977.1
2017-10-31 17:00:00,11.3,90,3.4,40.0,977.0
2017-10-31 18:00:00,10.8,94,2.9,8.0,977.1
2017-10-31 19:00:00,10.7,95,2.6,0.0,977.6
2017-10-31 20:00:00,9.6,98,3.3,0.0,978.0
2017-10-31 21:00:00,9.9,97,2.2,0.0,977.9
2017-10-31 22:00:00,9.9,96,1.8,0.0,977.8
2017-10-31 23:00:00,10.1,94,0.7,0.0,978.0
2017-11-01 00:00:00,9.7,97,6.2,0.0,977.5
2017-11-01 01:00:00,9.7,97,6.9,0.0,977.0
2017-11-01 02:00:00,9.4,97,3.3,0.0,976.7
2017-11-01 03:00:00,9.4,97,4.0,0.0,976.1
2017-11-01 04:00:00,9.2,98,2.9,0.0,975.8
2017-11-01 05:00:00,9.4,98,4.3,0.0,975.5
2017-11-01 06:00:00,9.4,98,2.8,0.0,975.5
2017-11-01 07:00:00,8.5,100,4.4,0.0,975.6
2017-11-01 08:00:00,9.2,98,5.6,33.0,977.3
2017-11-01 09:00:00,10.1,96,4.7,87.0,977.8
2017-11-01 10:00:00,11.9,87,4.7,225.0,978.2
2017-11-01 11:00:00,13.7,79,4.0,302.0,978.0
2017-11-01 12:00:00,15.2,75,1.5,423.0,976.9
2017-11-01 13:00:00,17.2,64,2.3,568.0,975.9
2017-11-01 14:00:00,18.6,59,2.9,447.0,974.7
2017-11-01 15:00:00,18.6,60,2.7,452.0,973.8
2017-11-01 16:00:00,18.4,62,3.8,348.0,973.5
2017-11-01 17:00:00,17.0,75,4.1,174.0,973.2
2017-11-01 18:00:00,13.0,88,8.0,31.0,972.6
2017-11-01 19:00:00,12.1,90,7.6,0.0,973.3
2017-11-01 20:00:00,11.3,91,6.6,0.0,974.3
2017-11-01 21:00:00,10.7,92,7.6,0.0,974.8
2017-11-01 22:00:00,10.1,92,4.1,0.0,975.3
2017-11-01 23:00:00,8.6,96,5.1,0.0,975.3
2017-11-02 00:00:00,8.1,97,3.8,0.0,975.3
2017-11-02 01:00:00,8.5,94,3.0,0.0,975.2
2017-11-02 02:00:00,8.8,94,8.7,0.0,975.5
2017-11-02 03:00:00,8.9,96,11.5,0.0,975.1
2017-11-02 04:00:00,8.9,97,10.8,0.0,974.9
2017-11-02 05:00:00,8.9,98,12.3,0.0,974.6
2017-11-02 06:00:00,8.9,98,11.5,0.0,974.8
2017-11-02 07:00:00,8.9,99,10.5,0.0,975.4
2017-11-02 08:00:00,10.3,95,11.9,30.0,977.2
2017-11-02 09:00:00,12.1,87,12.5,128.0,978.4
2017-11-02 10:00:00,14.8,76,11.6,325.0,978.9
2017-11-02 11:00:00,17.1,65,10.7,490.0,978.7
2017-11-02 12:00:00,19.0,56,9.2,588.0,978.0
2017-11-02 13:00:00,20.4,49,7.9,621.0,977.1
2017-11-02 14:00:00,21.2,46,8.4,589.0,976.1
2017-11-02 15:00:00,21.3,45,8.7,493.0,975.4
2017-11-02 16:00:00,21.0,50,8.2,347.0,975.2
2017-11-02 17:00:00,18.8,63,7.6,174.0,975.0
2017-11-02 18:00:00,15.2,74,7.2,30.0,974.7
2017-11-02 19:00:00,15.1,72,7.8,0.0,975.5
2017-11-02 20:00:00,14.2,70,8.9,0.0,975.6
2017-11-02 21:00:00,13.5,65,7.9,0.0,976.0
2017-11-02 22:00:00,12.3,65,8.1,0.0,976.6
2017-11-02 23:00:00,10.9,68,6.2,0.0,977.0
2017-11-03 00:00:00,11.5,59,3.2,0.0,977.3
2017-11-03 01:00:00,11.3,58,9.4,0.0,977.8
2017-11-03 02:00:00,11.3,55,7.6,0.0,978.4
2017-11-03 03:00:00,10.0,67,6.6,0.0,978.9
2017-11-03 04:00:00,10.5,67,6.2,0.0,979.6
2017-11-03 05:00:00,9.2,79,7.1,0.0,980.5
2017-11-03 06:00:00,9.1,84,7.6,0.0,981.3
2017-11-03 07:00:00,8.6,85,5.4,0.0,982.2
2017-11-03 08:00:00,10.1,77,4.2,36.0,984.6
2017-11-03 09:00:00,12.5,67,3.0,180.0,986.0
2017-11-03 10:00:00,14.8,60,0.8,355.0,986.6
2017-11-03 11:00:00,16.7,55,3.4,500.0,986.6
2017-11-03 12:00:00,18.2,46,8.2,593.0,986.3
2017-11-03 13:00:00,18.8,37,11.2,624.0,985.1
2017-11-03 14:00:00,19.0,35,12.1,589.0,984.0
2017-11-03 15:00:00,18.9,36,13.0,492.0,983.4
2017-11-03 16:00:00,18.2,40,12.5,344.0,983.0
2017-11-03 17:00:00,16.3,49,9.7,171.0,982.9
2017-11-03 18:00:00,13.6,59,8.6,28.0,982.7
2017-11-03 19:00:00,12.5,64,9.0,0.0,983.3
2017-11-03 20:00:00,11.1,71,7.5,0.0,983.1
2017-11-03 21:00:00,11.5,63,10.8,0.0,983.7
2017-11-03 22:00:00,11.4,54,14.0,0.0,984.1
2017-11-03 23:00:00,10.8,53,13.2,0.0,984.4
2017-11-04 00:00:00,10.1,53,10.8,0.0,984.6
2017-11-04 01:00:00,9.5,53,8.4,0.0,984.3
2017-11-04 02:00:00,8.1,62,7.7,0.0,984.0
2017-11-04 03:00:00,7.6,65,7.7,0.0,983.7
2017-11-04 04:00:00,7.4,65,6.9,0.0,983.6
2017-11-04 05:00:00,7.3,65,6.1,0.0,983.5
2017-11-04 06:00:00,7.6,65,8.4,0.0,983.9
2017-11-04 07:00:00,7.6,70,9.7,0.0,984.0
2017-11-04 08:00:00,8.3,74,10.2,33.0,985.2
2017-11-04 09:00:00,10.7,69,9.0,173.0,986.0
2017-11-04 10:00:00,12.6,65,9.0,337.0,986.2
2017-11-04 11:00:00,14.5,62,9.4,474.0,985.5
2017-11-04 12:00:00,15.8,58,11.4,568.0,984.5
2017-11-04 13:00:00,16.7,56,14.0,602.0,982.8
2017-11-04 14:00:00,17.0,56,16.4,573.0,981.4
2017-11-04 15:00:00,17.1,57,18.9,478.0,980.2
2017-11-04 16:00:00,16.7,59,18.8,333.0,979.7
2017-11-04 17:00:00,15.6,64,15.2,163.0,979.2
2017-11-04 18:00:00,13.7,70,13.6,26.0,978.8
2017-11-04 19:00:00,12.5,76,11.0,0.0,978.9
2017-11-04 20:00:00,11.1,82,5.6,0.0,978.8
2017-11-04 21:00:00,10.6,84,6.0,0.0,978.8
2017-11-04 22:00:00,10.2,85,7.1,0.0,979.2
2017-11-04 23:00:00,9.8,85,6.3,0.0,979.1
2017-11-05 00:00:00,9.8,84,6.1,0.0,979.0
2017-11-05 01:00:00,9.5,85,7.9,0.0,978.5
2017-11-05 02:00:00,9.2,85,9.2,0.0,978.3
2017-11-05 03:00:00,8.8,86,10.0,0.0,977.8
2017-11-05 04:00:00,8.4,86,9.7,0.0,977.1
2017-11-05 05:00:00,8.1,85,9.0,0.0,977.0
2017-11-05 06:00:00,7.7,86,8.7,0.0,976.8
2017-11-05 07:00:00,7.5,85,8.3,0.0,977.0
2017-11-05 08:00:00,7.9,83,9.7,31.0,978.0
2017-11-05 09:00:00,10.1,75,8.3,166.0,978.5
2017-11-05 10:00:00,12.5,68,9.2,327.0,978.7
2017-11-05 11:00:00,14.4,62,9.6,461.0,978.2
2017-11-05 12:00:00,16.0,59,10.0,559.0,977.3
2017-11-05 13:00:00,17.2,57,10.4,595.0,976.1
2017-11-05 14:00:00,18.2,57,11.6,559.0,975.0
2017-11-05 15:00:00,18.4,58,13.6,466.0,974.3
2017-11-05 16:00:00,17.9,61,14.0,325.0,973.9
2017-11-05 17:00:00,16.7,67,11.8,159.0,973.5
2017-11-05 18:00:00,14.7,74,9.5,24.0,973.1
2017-11-05 19:00:00,13.7,77,9.2,0.0,973.7
2017-11-05 20:00:00,11.9,84,7.9,0.0,973.9
2017-11-05 21:00:00,12.9,79,2.6,0.0,974.4
2017-11-05 22:00:00,11.5,86,4.1,0.0,974.8
2017-11-05 23:00:00,9.7,94,6.8,0.0,974.7
2017-11-06 00:00:00,9.4,95,6.1,0.0,974.6
2017-11-06 01:00:00,9.6,95,3.6,0.0,974.5
2017-11-06 02:00:00,9.5,95,4.0,0.0,974.1
2017-11-06 03:00:00,9.1,95,4.3,0.0,974.0
2017-11-06 04:00:00,8.7,96,6.5,0.0,973.7
2017-11-06 05:00:00,8.4,98,9.4,0.0,973.9
2017-11-06 06:00:00,8.2,98,8.7,0.0,974.0
2017-11-06 07:00:00,8.1,97,7.6,0.0,974.3
2017-11-06 08:00:00,8.7,97,10.7,29.0,975.8
2017-11-06 09:00:00,10.4,93,6.7,135.0,976.2
2017-11-06 10:00:00,13.2,82,4.6,320.0,976.5
2017-11-06 11:00:00,15.8,71,4.7,482.0,976.3
2017-11-06 12:00:00,17.7,64,4.5,573.0,975.6
2017-11-06 13:00:00,19.0,60,5.8,602.0,974.6
2017-11-06 14:00:00,19.9,57,5.2,566.0,973.9
2017-11-06 15:00:00,20.1,57,4.6,470.0,973.4
2017-11-06 16:00:00,19.8,59,3.7,326.0,973.1
2017-11-06 17:00:00,17.6,81,6.4,152.0,973.3
2017-11-06 18:00:00,15.2,78,7.9,22.0,973.6
2017-11-06 19:00:00,14.6,70,11.4,0.0,974.6
2017-11-06 20:00:00,14.5,71,8.8,0.0,975.1
2017-11-06 21:00:00,14.8,72,10.5,0.0,976.0
2017-11-06 22:00:00,14.9,74,12.3,0.0,976.8
2017-11-06 23:00:00,14.5,81,12.7,0.0,977.3
2017-11-07 00:00:00,13.9,81,12.2,0.0,977.4
2017-11-07 01:00:00,13.5,76,13.1,0.0,977.7
2017-11-07 02:00:00,11.9,74,11.6,0.0,978.1
2017-11-07 03:00:00,11.4,73,12.1,0.0,978.2
2017-11-07 04:00:00,11.7,69,11.0,0.0,978.4
2017-11-07 05:00:00,11.6,68,11.8,0.0,978.7
2017-11-07 06:00:00,11.4,67,12.7,0.0,978.8
2017-11-07 07:00:00,10.9,67,9.7,0.0,979.3
2017-11-07 08:00:00,10.9,72,9.7,30.0,980.5
2017-11-07 09:00:00,13.3,65,10.0,173.0,981.2
2017-11-07 10:00:00,15.3,54,8.2,342.0,981.5
2017-11-07 11:00:00,16.9,48,6.4,486.0,981.1
2017-11-07 12:00:00,18.1,45,4.8,579.0,980.2
2017-11-07 13:00:00,19.1,42,4.0,610.0,979.1
2017-11-07 14:00:00,19.5,41,1.8,575.0,978.2
2017-11-07 15:00:00,19.7,41,1.3,479.0,977.7
2017-11-07 16:00:00,19.5,43,2.2,333.0,977.2
2017-11-07 17:00:00,17.1,71,5.2,161.0,976.7
2017-11-07 18:00:00,13.4,71,8.7,24.0,976.3
2017-11-07 19:00:00,13.0,69,7.5,0.0,976.6
2017-11-07 20:00:00,11.4,74,9.8,0.0,976.5
2017-11-07 21:00:00,10.9,78,9.2,0.0,976.7
2017-11-07 22:00:00,10.7,80,7.2,0.0,977.4
2017-11-07 23:00:00,9.2,88,9.7,0.0,977.2
2017-11-08 00:00:00,8.8,88,10.2,0.0,977.0
2017-11-08 01:00:00,9.0,84,8.4,0.0,976.9
2017-11-08 02:00:00,8.5,84,8.2,0.0,976.5
2017-11-08 03:00:00,8.5,81,7.3,0.0,976.0
2017-11-08 04:00:00,9.4,75,4.1,0.0,975.9
2017-11-08 05:00:00,8.0,84,3.5,0.0,975.2
2017-11-08 06:00:00,9.0,81,1.5,0.0,975.2
2017-11-08 07:00:00,8.7,82,4.3,0.0,975.4
2017-11-08 08:00:00,7.4,85,6.0,29.0,976.2
2017-11-08 09:00:00,9.8,77,4.8,169.0,976.7
2017-11-08 10:00:00,12.5,68,8.6,337.0,976.0
2017-11-08 11:00:00,15.0,59,11.2,477.0,975.5
2017-11-08 12:00:00,17.2,55,11.2,563.0,974.5
2017-11-08 13:00:00,19.1,54,10.9,589.0,973.3
2017-11-08 14:00:00,20.2,53,9.8,523.0,972.1
2017-11-08 15:00:00,20.2,55,11.5,398.0,971.6
2017-11-08 16:00:00,19.4,60,11.6,247.0,971.1
2017-11-08 17:00:00,17.9,75,5.4,110.0,971.1
2017-11-08 18:00:00,15.6,77,10.5,16.0,970.8
2017-11-08 19:00:00,14.0,81,8.9,0.0,971.1
2017-11-08 20:00:00,13.5,82,6.1,0.0,971.6
2017-11-08 21:00:00,12.9,89,4.7,0.0,971.5
2017-11-08 22:00:00,13.8,84,1.5,0.0,971.5
2017-11-08 23:00:00,14.3,81,4.0,0.0,971.4
2017-11-09 00:00:00,14.2,79,4.3,0.0,971.4
2017-11-09 01:00:00,14.0,77,4.9,0.0,971.2
2017-11-09 02:00:00,13.6,78,1.5,0.0,971.2
2017-11-09 03:00:00,10.9,90,4.3,0.0,970.7
2017-11-09 04:00:00,9.9,93,7.2,0.0,970.7
2017-11-09 05:00:00,10.0,94,6.5,0.0,970.6
2017-11-09 06:00:00,10.1,94,6.8,0.0,971.0
2017-11-09 07:00:00,11.1,88,4.9,0.0,972.0
2017-11-09 08:00:00,10.5,91,3.3,25.0,974.2
2017-11-09 09:00:00,11.7,87,13.3,138.0,975.4
2017-11-09 10:00:00,12.9,82,9.5,165.0,976.2
2017-11-09 11:00:00,14.0,77,13.6,140.0,976.0
2017-11-09 12:00:00,15.3,70,18.8,200.0,975.9
2017-11-09 13:00:00,15.6,55,16.7,94.0,975.3
2017-11-09 14:00:00,15.5,45,15.8,58.0,975.0
2017-11-09 15:00:00,15.4,50,14.0,36.0,975.2
2017-11-09 16:00:00,15.3,47,14.5,29.0,975.5
2017-11-09 17:00:00,14.9,43,16.0,12.0,976.2
2017-11-09 18:00:00,14.6,44,16.9,2.0,977.0
2017-11-09 19:00:00,14.3,47,14.8,0.0,977.8
2017-11-09 20:00:00,10.8,87,13.3,0.0,980.5
2017-11-09 21:00:00,10.9,85,13.5,0.0,981.6
2017-11-09 22:00:00,10.4,87,13.7,0.0,982.5
2017-11-09 23:00:00,10.0,88,14.1,0.0,982.4
2017-11-10 00:00:00,9.5,86,16.8,0.0,982.5
2017-11-10 01:00:00,8.9,84,15.1,0.0,982.2
2017-11-10 02:00:00,8.7,82,11.2,0.0,982.2
2017-11-10 03:00:00,8.6,80,10.3,0.0,981.8
2017-11-10 04:00:00,8.7,78,11.2,0.0,981.4
2017-11-10 05:00:00,8.7,78,9.0,0.0,981.9
2017-11-10 06:00:00,7.6,83,5.4,0.0,982.1
2017-11-10 07:00:00,6.8,84,5.4,0.0,982.6
2017-11-10 08:00:00,8.5,80,5.7,25.0,983.6
2017-11-10 09:00:00,10.3,68,3.3,143.0,984.9
2017-11-10 10:00:00,10.6,49,4.7,160.0,985.6
2017-11-10 11:00:00,10.1,43,5.9,87.0,985.3
2017-11-10 12:00:00,10.5,37,6.5,188.0,984.8
2017-11-10 13:00:00,11.0,36,6.4,293.0,983.9
2017-11-10 14:00:00,11.2,34,6.3,276.0,983.0
2017-11-10 15:00:00,10.9,34,6.3,164.0,982.3
2017-11-10 16:00:00,10.9,35,5.1,131.0,982.2
2017-11-10 17:00:00,10.4,47,3.0,84.0,982.1
2017-11-10 18:00:00,9.8,44,4.0,10.0,981.9
2017-11-10 19:00:00,9.8,44,2.9,0.0,982.3
2017-11-10 20:00:00,9.2,57,4.4,0.0,982.0
2017-11-10 21:00:00,9.6,54,4.2,0.0,981.8
2017-11-10 22:00:00,8.9,69,5.8,0.0,981.4
2017-11-10 23:00:00,8.7,61,3.4,0.0,981.3
2017-11-11 00:00:00,8.4,59,9.0,0.0,980.8
2017-11-11 01:00:00,7.5,56,11.8,0.0,980.3
2017-11-11 02:00:00,6.8,55,12.3,0.0,980.1
2017-11-11 03:00:00,6.5,57,12.1,0.0,980.0
2017-11-11 04:00:00,6.7,53,12.9,0.0,979.9
2017-11-11 05:00:00,7.0,47,11.3,0.0,979.4
2017-11-11 06:00:00,7.1,46,10.6,0.0,978.9
2017-11-11 07:00:00,7.0,44,10.5,0.0,978.8
2017-11-11 08:00:00,6.7,48,9.5,14.0,979.5
2017-11-11 09:00:00,7.4,47,7.7,58.0,979.6
2017-11-11 10:00:00,8.3,47,5.1,124.0,979.1
2017-11-11 11:00:00,9.0,47,6.2,143.0,979.0
2017-11-11 12:00:00,10.0,44,8.2,242.0,978.5
2017-11-11 13:00:00,10.3,45,5.7,171.0,977.7
2017-11-11 14:00:00,10.7,47,2.7,160.0,976.3
2017-11-11 15:00:00,11.1,49,4.8,196.0,975.6
2017-11-11 16:00:00,11.4,50,7.1,217.0,975.1
2017-11-11 17:00:00,10.7,56,7.5,102.0,974.8
2017-11-11 18:00:00,9.1,62,6.4,15.0,974.8
2017-11-11 19:00:00,9.0,61,3.7,0.0,975.0
2017-11-11 20:00:00,8.3,64,4.7,0.0,975.4
2017-11-11 21:00:00,7.2,70,5.9,0.0,975.3
2017-11-11 22:00:00,6.2,74,5.2,0.0,975.6
2017-11-11 23:00:00,5.7,77,7.2,0.0,976.0
2017-11-12 00:00:00,5.5,78,3.0,0.0,976.3
2017-11-12 01:00:00,4.7,81,9.2,0.0,975.8
2017-11-12 02:00:00,4.4,79,6.6,0.0,975.5
2017-11-12 03:00:00,4.2,79,6.2,0.0,975.5
2017-11-12 04:00:00,4.7,75,8.3,0.0,975.8
2017-11-12 05:00:00,4.4,75,9.4,0.0,975.5
2017-11-12 06:00:00,4.7,74,9.8,0.0,975.7
2017-11-12 07:00:00,5.3,71,9.1,0.0,975.9
2017-11-12 08:00:00,5.5,77,7.4,16.0,977.2
2017-11-12 09:00:00,6.4,78,6.5,74.0,978.1
2017-11-12 10:00:00,8.3,71,9.8,225.0,978.4
2017-11-12 11:00:00,9.2,67,10.4,295.0,978.4
2017-11-12 12:00:00,10.1,66,10.5,343.0,977.7
2017-11-12 13:00:00,10.9,67,10.7,375.0,976.6
2017-11-12 14:00:00,12.1,61,10.5,453.0,975.2
2017-11-12 15:00:00,12.8,57,7.7,420.0,974.6
2017-11-12 16:00:00,12.8,57,3.9,307.0,974.2
2017-11-12 17:00:00,11.9,69,3.8,144.0,974.0
2017-11-12 18:00:00,8.2,79,8.0,18.0,973.6
2017-11-12 19:00:00,8.1,80,8.0,0.0,974.1
2017-11-12 20:00:00,5.7,88,9.0,0.0,974.6
2017-11-12 21:00:00,6.0,83,6.8,0.0,975.2
2017-11-12 22:00:00,6.6,78,6.1,0.0,976.0
2017-11-12 23:00:00,7.3,74,4.2,0.0,975.9
2017-11-13 00:00:00,7.0,77,4.7,0.0,975.9
2017-11-13 01:00:00,6.2,84,3.6,0.0,976.4
2017-11-13 02:00:00,4.8,89,5.0,0.0,976.4
2017-11-13 03:00:00,4.1,92,11.6,0.0,976.0
2017-11-13 04:00:00,4.1,93,10.1,0.0,975.6
2017-11-13 05:00:00,4.2,94,10.2,0.0,975.4
2017-11-13 06:00:00,4.0,94,7.6,0.0,975.8
2017-11-13 07:00:00,3.9,93,7.2,0.0,976.1
2017-11-13 08:00:00,4.6,91,8.3,22.0,977.3
2017-11-13 09:00:00,7.4,84,6.9,139.0,978.4
2017-11-13 10:00:00,8.9,80,2.7,290.0,979.4
2017-11-13 11:00:00,11.1,71,5.6,445.0,978.9
2017-11-13 12:00:00,13.2,63,8.4,530.0,978.2
2017-11-13 13:00:00,14.1,59,7.3,537.0,977.2
2017-11-13 14:00:00,14.9,52,4.9,512.0,976.0
2017-11-13 15:00:00,15.0,51,2.6,379.0,975.5
2017-11-13 16:00:00,14.7,53,1.1,247.0,975.2
2017-11-13 17:00:00,13.4,65,3.2,134.0,975.2
2017-11-13 18:00:00,9.5,79,8.0,16.0,975.0
2017-11-13 19:00:00,9.2,80,6.0,0.0,975.7
2017-11-13 20:00:00,8.0,80,8.4,0.0,975.7
2017-11-13 21:00:00,6.4,85,5.4,0.0,975.8
2017-11-13 22:00:00,8.5,73,2.2,0.0,976.6
2017-11-13 23:00:00,5.9,83,4.8,0.0,976.6
2017-11-14 00:00:00,4.9,87,6.8,0.0,976.6
2017-11-14 01:00:00,4.6,88,9.2,0.0,976.7
2017-11-14 02:00:00,5.1,91,7.5,0.0,977.2
2017-11-14 03:00:00,5.0,91,8.9,0.0,977.2
2017-11-14 04:00:00,4.8,90,8.3,0.0,977.1
2017-11-14 05:00:00,4.9,85,7.4,0.0,977.1
2017-11-14 06:00:00,4.8,78,7.1,0.0,977.2
2017-11-14 07:00:00,5.2,68,8.4,0.0,978.0
2017-11-14 08:00:00,5.2,75,8.7,14.0,979.0
2017-11-14 09:00:00,6.7,63,7.1,80.0,979.7
2017-11-14 10:00:00,7.5,55,9.2,128.0,980.2
2017-11-14 11:00:00,8.2,51,10.1,202.0,980.2
2017-11-14 12:00:00,9.2,50,10.0,369.0,979.5
2017-11-14 13:00:00,9.8,51,8.7,413.0,978.6
2017-11-14 14:00:00,10.2,51,8.6,390.0,977.6
2017-11-14 15:00:00,10.4,52,7.4,347.0,977.3
2017-11-14 16:00:00,10.4,53,6.4,252.0,977.0
2017-11-14 17:00:00,9.5,62,4.4,117.0,976.8
2017-11-14 18:00:00,8.1,66,6.2,15.0,976.9
2017-11-14 19:00:00,9.2,57,0.8,0.0,977.7
2017-11-14 20:00:00,7.8,65,2.8,0.0,977.1
2017-11-14 21:00:00,7.6,65,2.9,0.0,977.8
2017-11-14 22:00:00,6.9,67,4.3,0.0,978.3
2017-11-14 23:00:00,5.5,75,2.9,0.0,978.6
2017-11-15 00:00:00,3.7,87,4.7,0.0,978.1
2017-11-15 01:00:00,5.2,77,1.5,0.0,978.2
2017-11-15 02:00:00,2.2,91,8.2,0.0,977.9
2017-11-15 03:00:00,2.4,90,6.1,0.0,977.8
2017-11-15 04:00:00,2.0,89,7.9,0.0,977.2
2017-11-15 05:00:00,1.6,88,9.8,0.0,976.4
2017-11-15 06:00:00,1.6,83,8.4,0.0,976.0
2017-11-15 07:00:00,1.4,84,9.4,0.0,976.4
2017-11-15 08:00:00,2.4,83,3.8,19.0,978.3
2017-11-15 09:00:00,4.4,75,0.8,148.0,979.0
2017-11-15 10:00:00,7.0,65,3.7,310.0,978.6
2017-11-15 11:00:00,8.9,52,10.8,448.0,977.6
2017-11-15 12:00:00,9.7,49,15.5,539.0,976.4
2017-11-15 13:00:00,10.5,51,14.6,559.0,975.1
2017-11-15 14:00:00,11.4,51,14.7,533.0,973.6
2017-11-15 15:00:00,11.8,51,13.3,381.0,973.0
2017-11-15 16:00:00,11.3,54,11.6,183.0,972.6
2017-11-15 17:00:00,10.2,59,9.7,72.0,972.5
2017-11-15 18:00:00,8.7,68,5.2,11.0,972.3
2017-11-15 19:00:00,9.1,64,2.2,0.0,973.0
2017-11-15 20:00:00,8.6,71,3.3,0.0,973.5
2017-11-15 21:00:00,7.1,77,5.0,0.0,974.0
2017-11-15 22:00:00,6.1,80,3.6,0.0,974.3
2017-11-15 23:00:00,5.2,85,7.8,0.0,974.5
2017-11-16 00:00:00,4.3,89,8.0,0.0,974.3
2017-11-16 01:00:00,3.7,91,4.4,0.0,973.9
2017-11-16 02:00:00,3.5,92,4.4,0.0,973.9
2017-11-16 03:00:00,3.2,92,4.4,0.0,974.1
2017-11-16 04:00:00,3.0,92,4.7,0.0,973.8
2017-11-16 05:00:00,2.6,94,2.5,0.0,973.5
2017-11-16 06:00:00,3.1,91,1.1,0.0,973.7
2017-11-16 07:00:00,3.1,91,0.4,0.0,974.0
2017-11-16 08:00:00,4.5,83,3.1,16.0,974.7
2017-11-16 09:00:00,5.3,80,1.5,40.0,975.2
2017-11-16 10:00:00,6.6,73,4.3,134.0,975.3
2017-11-16 11:00:00,8.0,67,3.3,279.0,975.0
2017-11-16 12:00:00,9.5,63,3.6,385.0,974.0
2017-11-16 13:00:00,10.6,58,6.6,429.0,972.6
2017-11-16 14:00:00,11.2,56,9.0,409.0,971.7
2017-11-16 15:00:00,11.3,57,8.7,303.0,971.1
2017-11-16 16:00:00,11.4,60,7.2,205.0,970.8
2017-11-16 17:00:00,10.4,66,5.7,95.0,970.8
2017-11-16 18:00:00,9.2,71,4.0,10.0,970.7
2017-11-16 19:00:00,8.7,74,3.1,0.0,971.1
2017-11-16 20:00:00,8.1,74,6.4,0.0,972.6
2017-11-16 21:00:00,8.2,74,6.3,0.0,972.7
2017-11-16 22:00:00,8.0,75,6.1,0.0,973.1
2017-11-16 23:00:00,7.9,75,6.7,0.0,973.7
2017-11-17 00:00:00,7.6,76,6.6,0.0,973.9
2017-11-17 01:00:00,7.4,75,9.5,0.0,974.1
2017-11-17 02:00:00,7.4,74,9.6,0.0,974.2
2017-11-17 03:00:00,7.4,75,8.3,0.0,974.2
2017-11-17 04:00:00,7.6,74,7.9,0.0,974.1
2017-11-17 05:00:00,7.8,73,7.1,0.0,973.6
2017-11-17 06:00:00,7.9,74,4.7,0.0,973.0
2017-11-17 07:00:00,8.2,73,3.3,0.0,973.8
2017-11-17 08:00:00,8.1,83,1.8,10.0,975.5
2017-11-17 09:00:00,9.2,69,2.8,66.0,976.9
2017-11-17 10:00:00,10.0,67,3.3,92.0,977.6
2017-11-17 11:00:00,10.9,63,3.6,134.0,978.0
2017-11-17 12:00:00,11.5,61,5.3,161.0,977.8
2017-11-17 13:00:00,11.7,62,4.4,139.0,977.9
2017-11-17 14:00:00,12.2,61,4.4,145.0,977.9
2017-11-17 15:00:00,12.4,63,3.3,131.0,978.1
2017-11-17 16:00:00,12.3,64,1.9,109.0,978.9
2017-11-17 17:00:00,11.5,79,4.0,53.0,979.8
2017-11-17 18:00:00,10.4,77,5.4,6.0,980.6
2017-11-17 19:00:00,10.3,76,3.9,0.0,981.7
2017-11-17 20:00:00,8.5,85,5.0,0.0,981.8
2017-11-17 21:00:00,7.0,75,10.2,0.0,982.9
2017-11-17 22:00:00,6.4,51,10.2,0.0,983.8
2017-11-17 23:00:00,6.9,39,8.0,0.0,984.7
2017-11-18 00:00:00,5.4,44,7.9,0.0,985.2
2017-11-18 01:00:00,5.3,45,5.4,0.0,986.0
2017-11-18 02:00:00,3.5,52,9.4,0.0,986.3
2017-11-18 03:00:00,4.3,35,8.4,0.0,986.6
2017-11-18 04:00:00,3.7,31,9.2,0.0,986.9
2017-11-18 05:00:00,3.2,31,9.0,0.0,986.9
2017-11-18 06:00:00,2.9,33,8.4,0.0,987.6
2017-11-18 07:00:00,2.6,35,9.5,0.0,987.8
2017-11-18 08:00:00,3.5,38,10.2,14.0,988.2
2017-11-18 09:00:00,4.6,37,11.5,108.0,988.9
2017-11-18 10:00:00,5.8,32,12.5,271.0,988.9
2017-11-18 11:00:00,6.6,28,14.0,378.0,988.7
2017-11-18 12:00:00,7.3,28,13.8,476.0,987.9
2017-11-18 13:00:00,7.8,28,13.5,492.0,986.5
2017-11-18 14:00:00,8.1,29,12.5,452.0,984.9
2017-11-18 15:00:00,8.0,29,12.2,342.0,983.9
2017-11-18 16:00:00,7.3,30,13.6,114.0,983.3
2017-11-18 17:00:00,7.0,32,11.8,51.0,983.0
2017-11-18 18:00:00,6.7,32,10.4,6.0,982.9
2017-11-18 19:00:00,6.5,33,10.2,0.0,983.1
2017-11-18 20:00:00,6.0,32,8.6,0.0,983.4
2017-11-18 21:00:00,6.1,32,7.3,0.0,983.2
2017-11-18 22:00:00,5.9,34,9.0,0.0,983.6
2017-11-18 23:00:00,5.7,37,5.9,0.0,984.1
2017-11-19 00:00:00,5.5,41,3.0,0.0,983.8
2017-11-19 01:00:00,5.3,43,4.8,0.0,983.7
2017-11-19 02:00:00,4.9,45,7.1,0.0,983.8
2017-11-19 03:00:00,4.2,50,9.9,0.0,983.9
2017-11-19 04:00:00,3.9,53,9.3,0.0,983.7
2017-11-19 05:00:00,3.5,57,7.1,0.0,983.5
2017-11-19 06:00:00,3.2,63,4.3,0.0,983.8
2017-11-19 07:00:00,2.8,68,3.4,0.0,983.9
2017-11-19 08:00:00,2.3,74,6.7,5.0,984.9
2017-11-19 09:00:00,2.5,73,6.9,30.0,985.9
2017-11-19 10:00:00,2.4,77,6.5,40.0,986.4
2017-11-19 11:00:00,2.7,77,9.0,77.0,986.8
2017-11-19 12:00:00,3.3,75,8.4,133.0,986.3
2017-11-19 13:00:00,4.3,70,7.4,241.0,985.6
2017-11-19 14:00:00,4.9,69,7.0,238.0,985.2
2017-11-19 15:00:00,5.1,67,7.1,117.0,984.9
2017-11-19 16:00:00,5.0,68,8.7,93.0,984.9
2017-11-19 17:00:00,5.0,69,8.5,65.0,984.9
2017-11-19 18:00:00,4.5,74,10.2,10.0,984.9
2017-11-19 19:00:00,4.0,76,12.2,0.0,985.0
2017-11-19 20:00:00,2.8,80,12.1,0.0,985.9
2017-11-19 21:00:00,3.1,75,10.4,0.0,986.1
2017-11-19 22:00:00,1.9,83,8.9,0.0,986.0
2017-11-19 23:00:00,1.3,82,6.3,0.0,986.3
2017-11-20 00:00:00,1.2,84,6.4,0.0,986.5
2017-11-20 01:00:00,1.4,82,10.1,0.0,986.4
2017-11-20 02:00:00,1.5,81,11.2,0.0,986.1
2017-11-20 03:00:00,1.2,81,6.5,0.0,986.3
2017-11-20 04:00:00,0.1,85,7.2,0.0,985.7
2017-11-20 05:00:00,0.2,82,5.1,0.0,985.4
2017-11-20 06:00:00,-0.1,85,5.2,0.0,986.0
2017-11-20 07:00:00,0.2,87,3.9,0.0,986.1
2017-11-20 08:00:00,0.8,86,4.3,14.0,986.8
2017-11-20 09:00:00,2.8,77,3.8,108.0,987.4
2017-11-20 10:00:00,4.6,70,2.9,257.0,987.5
2017-11-20 11:00:00,6.4,60,4.9,357.0,987.1
2017-11-20 12:00:00,7.8,55,3.2,432.0,986.0
2017-11-20 13:00:00,8.5,56,2.9,434.0,984.5
2017-11-20 14:00:00,9.2,54,2.7,415.0,983.5
2017-11-20 15:00:00,9.2,53,4.0,281.0,982.5
2017-11-20 16:00:00,8.9,53,3.4,170.0,981.9
2017-11-20 17:00:00,8.0,61,3.8,92.0,981.3
2017-11-20 18:00:00,5.8,69,6.6,11.0,980.8
2017-11-20 19:00:00,4.7,72,8.1,0.0,980.8
2017-11-20 20:00:00,4.3,73,9.1,0.0,981.4
2017-11-20 21:00:00,5.9,60,1.8,0.0,982.1
2017-11-20 22:00:00,5.5,62,3.4,0.0,982.0
2017-11-20 23:00:00,2.8,79,3.6,0.0,982.0
2017-11-21 00:00:00,2.0,83,4.7,0.0,981.6
2017-11-21 01:00:00,2.5,79,5.6,0.0,982.0
2017-11-21 02:00:00,2.2,78,6.5,0.0,981.8
2017-11-21 03:00:00,1.6,74,9.0,0.0,981.6
2017-11-21 04:00:00,1.7,70,9.5,0.0,981.0
2017-11-21 05:00:00,1.5,71,8.3,0.0,980.5
2017-11-21 06:00:00,0.6,78,6.5,0.0,980.3
2017-11-21 07:00:00,0.3,81,6.8,0.0,980.8
2017-11-21 08:00:00,2.6,70,8.8,13.0,982.4
2017-11-21 09:00:00,4.6,60,10.8,96.0,983.3
2017-11-21 10:00:00,6.9,54,12.3,272.0,983.8
2017-11-21 11:00:00,8.9,47,14.5,387.0,983.7
2017-11-21 12:00:00,10.0,41,14.3,437.0,982.6
2017-11-21 13:00:00,10.7,37,12.6,388.0,981.8
2017-11-21 14:00:00,11.4,32,11.2,413.0,980.9
2017-11-21 15:00:00,11.5,31,10.2,312.0,980.6
2017-11-21 16:00:00,11.2,34,8.6,218.0,980.3
2017-11-21 17:00:00,9.5,41,7.5,105.0,980.5
2017-11-21 18:00:00,8.8,39,11.0,7.0,980.6
2017-11-21 19:00:00,8.5,40,13.9,0.0,981.5
2017-11-21 20:00:00,7.9,37,13.2,0.0,982.2
2017-11-21 21:00:00,6.9,41,11.3,0.0,982.9
2017-11-21 22:00:00,6.0,41,9.5,0.0,983.4
2017-11-21 23:00:00,4.9,43,8.0,0.0,983.8
2017-11-22 00:00:00,3.9,46,7.4,0.0,984.1
2017-11-22 01:00:00,3.7,46,7.2,0.0,984.4
2017-11-22 02:00:00,2.8,49,9.4,0.0,984.8
2017-11-22 03:00:00,2.5,49,8.9,0.0,984.8
2017-11-22 04:00:00,2.1,49,6.4,0.0,984.9
2017-11-22 05:00:00,1.1,53,8.6,0.0,985.3
2017-11-22 06:00:00,0.5,55,9.0,0.0,985.6
2017-11-22 07:00:00,2.0,46,5.8,0.0,986.1
2017-11-22 08:00:00,2.2,53,8.0,11.0,987.3
2017-11-22 09:00:00,4.2,52,9.7,97.0,988.2
2017-11-22 10:00:00,5.7,46,8.0,148.0,988.5
2017-11-22 11:00:00,8.1,40,6.8,350.0,988.6
2017-11-22 12:00:00,9.0,30,8.7,345.0,987.3
2017-11-22 13:00:00,9.6,26,10.7,382.0,986.3
2017-11-22 14:00:00,9.7,28,10.5,352.0,985.3
2017-11-22 15:00:00,9.8,29,9.0,296.0,984.1
2017-11-22 16:00:00,9.6,32,8.0,190.0,984.1
2017-11-22 17:00:00,8.2,40,7.7,94.0,983.8
2017-11-22 18:00:00,6.7,43,10.0,11.0,983.8
2017-11-22 19:00:00,6.1,43,8.9,0.0,984.0
2017-11-22 20:00:00,5.9,31,9.8,0.0,983.6
2017-11-22 21:00:00,5.3,34,6.4,0.0,984.2
2017-11-22 22:00:00,4.4,42,6.1,0.0,984.6
2017-11-22 23:00:00,5.9,32,0.4,0.0,985.5
2017-11-23 00:00:00,5.6,33,2.4,0.0,985.8
2017-11-23 01:00:00,2.1,49,6.9,0.0,985.7
2017-11-23 02:00:00,2.5,47,7.5,0.0,986.5
2017-11-23 03:00:00,2.1,50,10.5,0.0,986.6
2017-11-23 04:00:00,1.4,55,7.7,0.0,985.9
2017-11-23 05:00:00,0.9,59,6.0,0.0,985.7
2017-11-23 06:00:00,0.6,62,5.5,0.0,985.3
2017-11-23 07:00:00,0.6,60,6.5,0.0,985.3
2017-11-23 08:00:00,1.1,57,6.3,12.0,985.7
2017-11-23 09:00:00,3.9,54,5.5,119.0,986.3
2017-11-23 10:00:00,6.7,42,4.1,287.0,986.4
2017-11-23 11:00:00,8.7,35,3.9,415.0,986.3
2017-11-23 12:00:00,10.1,31,3.3,509.0,984.9
2017-11-23 13:00:00,10.8,28,3.6,526.0,983.3
2017-11-23 14:00:00,11.4,29,6.1,470.0,982.1
2017-11-23 15:00:00,11.5,31,7.9,377.0,981.2
2017-11-23 16:00:00,11.1,37,9.5,252.0,980.8
2017-11-23 17:00:00,9.1,47,9.4,117.0,980.4
2017-11-23 18:00:00,4.9,66,9.7,12.0,979.9
2017-11-23 19:00:00,5.0,61,6.6,0.0,980.5
2017-11-23 20:00:00,5.8,52,5.9,0.0,981.3
2017-11-23 21:00:00,5.0,55,5.8,0.0,981.3
2017-11-23 22:00:00,4.5,56,1.8,0.0,981.9
2017-11-23 23:00:00,3.3,59,4.0,0.0,982.4
2017-11-24 00:00:00,3.0,58,4.6,0.0,982.6
2017-11-24 01:00:00,5.2,44,2.8,0.0,983.2
2017-11-24 02:00:00,2.4,55,6.6,0.0,983.3
2017-11-24 03:00:00,0.8,64,6.6,0.0,983.2
2017-11-24 04:00:00,-1.0,74,11.2,0.0,982.3
2017-11-24 05:00:00,0.5,66,8.7,0.0,982.1
2017-11-24 06:00:00,0.0,60,7.9,0.0,981.9
2017-11-24 07:00:00,-0.3,57,8.7,0.0,982.0
2017-11-24 08:00:00,-0.1,58,10.0,12.0,982.8
2017-11-24 09:00:00,2.2,53,8.7,130.0,983.5
2017-11-24 10:00:00,4.6,44,10.1,296.0,983.5
2017-11-24 11:00:00,6.5,40,11.3,439.0,983.2
2017-11-24 12:00:00,7.8,37,12.6,532.0,982.0
2017-11-24 13:00:00,8.9,35,12.9,565.0,980.7
2017-11-24 14:00:00,9.5,36,12.1,533.0,979.5
2017-11-24 15:00:00,9.7,37,10.7,438.0,978.7
2017-11-24 16:00:00,9.4,41,9.4,295.0,978.3
2017-11-24 17:00:00,7.3,53,6.5,130.0,978.3
2017-11-24 18:00:00,5.4,57,6.4,12.0,978.5
2017-11-24 19:00:00,3.4,66,3.9,0.0,978.9
2017-11-24 20:00:00,2.4,75,8.8,0.0,978.9
2017-11-24 21:00:00,2.1,75,7.6,0.0,979.4
2017-11-24 22:00:00,1.7,75,7.0,0.0,979.7
2017-11-24 23:00:00,2.0,71,9.6,0.0,980.3
2017-11-25 00:00:00,2.0,68,9.4,0.0,980.2
2017-11-25 01:00:00,2.0,67,13.0,0.0,980.1
2017-11-25 02:00:00,2.0,66,12.7,0.0,980.2
2017-11-25 03:00:00,1.9,68,11.7,0.0,980.0
2017-11-25 04:00:00,1.7,70,10.1,0.0,980.0
2017-11-25 05:00:00,1.4,71,8.6,0.0,979.8
2017-11-25 06:00:00,1.4,71,8.7,0.0,979.9
2017-11-25 07:00:00,0.9,75,7.6,0.0,980.2
2017-11-25 08:00:00,1.8,71,9.7,11.0,981.1
2017-11-25 09:00:00,4.0,68,7.6,117.0,982.0
2017-11-25 10:00:00,7.3,57,7.3,271.0,982.8
2017-11-25 11:00:00,9.7,50,7.6,415.0,982.9
2017-11-25 12:00:00,11.4,47,7.0,521.0,982.2
2017-11-25 13:00:00,12.8,44,7.6,564.0,981.0
2017-11-25 14:00:00,13.6,38,8.1,533.0,979.9
2017-11-25 15:00:00,13.7,37,8.3,440.0,979.2
2017-11-25 16:00:00,13.2,45,6.9,299.0,978.7
2017-11-25 17:00:00,9.3,65,9.1,132.0,978.0
2017-11-25 18:00:00,7.3,58,8.5,12.0,977.8
2017-11-25 19:00:00,5.8,56,9.1,0.0,978.2
2017-11-25 20:00:00,4.9,66,7.0,0.0,978.5
2017-11-25 21:00:00,4.9,61,7.8,0.0,979.2
2017-11-25 22:00:00,3.4,59,10.0,0.0,979.1
2017-11-25 23:00:00,3.0,52,7.9,0.0,979.1
2017-11-26 00:00:00,1.7,56,4.8,0.0,979.8
2017-11-26 01:00:00,2.5,46,3.5,0.0,980.0
2017-11-26 02:00:00,3.2,44,9.4,0.0,980.1
2017-11-26 03:00:00,1.7,58,7.2,0.0,980.4
2017-11-26 04:00:00,1.1,58,4.1,0.0,980.5
2017-11-26 05:00:00,-0.1,66,8.9,0.0,980.2
2017-11-26 06:00:00,-0.3,70,9.3,0.0,980.0
2017-11-26 07:00:00,-0.7,77,9.5,0.0,980.5
2017-11-26 08:00:00,0.1,76,9.2,10.0,981.2
2017-11-26 09:00:00,3.7,53,7.1,125.0,982.3
2017-11-26 10:00:00,6.8,41,8.7,292.0,982.8
2017-11-26 11:00:00,8.6,35,12.1,435.0,982.4
2017-11-26 12:00:00,9.8,34,14.3,528.0,981.1
2017-11-26 13:00:00,10.9,33,15.5,561.0,979.5
2017-11-26 14:00:00,11.9,32,15.5,529.0,977.8
2017-11-26 15:00:00,12.3,33,15.3,435.0,976.5
2017-11-26 16:00:00,11.7,38,14.7,293.0,975.7
2017-11-26 17:00:00,9.5,46,12.5,128.0,975.0
2017-11-26 18:00:00,6.8,50,10.5,12.0,974.4
2017-11-26 19:00:00,4.6,60,6.8,0.0,974.2
2017-11-26 20:00:00,4.1,67,8.3,0.0,973.5
2017-11-26 21:00:00,4.2,67,6.1,0.0,973.9
2017-11-26 22:00:00,3.9,65,5.4,0.0,974.2
2017-11-26 23:00:00,4.0,64,4.9,0.0,974.3
2017-11-27 00:00:00,3.9,62,2.7,0.0,974.3
2017-11-27 01:00:00,2.7,68,3.9,0.0,974.3
2017-11-27 02:00:00,2.1,71,5.9,0.0,974.4
2017-11-27 03:00:00,2.5,65,5.2,0.0,974.3
2017-11-27 04:00:00,1.9,66,5.7,0.0,974.5
2017-11-27 05:00:00,1.1,68,6.2,0.0,974.2
2017-11-27 06:00:00,1.7,65,8.7,0.0,974.1
2017-11-27 07:00:00,2.2,64,9.1,0.0,974.6
2017-11-27 08:00:00,0.9,71,5.9,7.0,974.3
2017-11-27 09:00:00,3.0,65,3.6,98.0,975.2
2017-11-27 10:00:00,5.1,59,3.8,205.0,975.5
2017-11-27 11:00:00,6.4,53,5.1,255.0,975.4
2017-11-27 12:00:00,6.5,51,4.7,166.0,974.9
2017-11-27 13:00:00,6.0,56,5.9,87.0,974.2
2017-11-27 14:00:00,5.7,61,8.7,103.0,973.6
2017-11-27 15:00:00,5.6,62,8.9,91.0,973.0
2017-11-27 16:00:00,6.3,59,6.7,123.0,972.9
2017-11-27 17:00:00,5.9,63,4.5,91.0,973.0
2017-11-27 18:00:00,4.3,69,7.9,9.0,973.2
2017-11-27 19:00:00,3.4,72,8.8,0.0,973.6
2017-11-27 20:00:00,4.0,68,9.6,0.0,973.4
2017-11-27 21:00:00,3.5,73,5.9,0.0,973.9
2017-11-27 22:00:00,2.8,81,6.6,0.0,974.4
2017-11-27 23:00:00,2.8,82,4.7,0.0,974.8
2017-11-28 00:00:00,3.0,79,10.2,0.0,975.8
2017-11-28 01:00:00,2.6,74,10.9,0.0,975.9
2017-11-28 02:00:00,2.6,72,12.3,0.0,976.5
2017-11-28 03:00:00,2.8,71,9.4,0.0,977.0
2017-11-28 04:00:00,2.8,74,8.6,0.0,977.4
2017-11-28 05:00:00,3.0,78,12.1,0.0,978.0
2017-11-28 06:00:00,2.6,83,12.0,0.0,978.8
2017-11-28 07:00:00,2.2,76,10.9,0.0,979.9
2017-11-28 08:00:00,1.5,70,10.5,9.0,981.7
2017-11-28 09:00:00,4.3,56,11.2,118.0,983.0
2017-11-28 10:00:00,7.5,43,9.2,282.0,983.6
2017-11-28 11:00:00,9.4,37,5.9,424.0,983.6
2017-11-28 12:00:00,10.8,35,1.6,517.0,983.2
2017-11-28 13:00:00,11.7,29,3.7,548.0,982.3
2017-11-28 14:00:00,12.1,25,6.6,514.0,981.4
2017-11-28 15:00:00,11.9,27,7.9,411.0,980.7
2017-11-28 16:00:00,11.2,33,7.3,251.0,980.4
2017-11-28 17:00:00,8.3,60,8.4,112.0,980.0
2017-11-28 18:00:00,7.0,48,8.1,11.0,980.1
2017-11-28 19:00:00,4.4,58,7.3,0.0,980.4
2017-11-28 20:00:00,5.0,55,5.6,0.0,980.2
2017-11-28 21:00:00,4.6,65,5.6,0.0,980.9
2017-11-28 22:00:00,4.8,59,6.1,0.0,981.3
2017-11-28 23:00:00,4.8,57,6.9,0.0,981.7
2017-11-29 00:00:00,5.0,55,8.2,0.0,981.9
2017-11-29 01:00:00,5.5,50,9.2,0.0,982.2
2017-11-29 02:00:00,5.3,47,9.1,0.0,982.0
2017-11-29 03:00:00,5.5,42,9.5,0.0,981.7
2017-11-29 04:00:00,5.5,41,7.7,0.0,981.5
2017-11-29 05:00:00,5.2,41,8.5,0.0,981.3
2017-11-29 06:00:00,4.9,40,11.6,0.0,981.9
2017-11-29 07:00:00,4.5,44,12.2,0.0,982.4
2017-11-29 08:00:00,4.6,46,9.7,2.0,982.2
2017-11-29 09:00:00,5.4,45,9.2,26.0,982.9
2017-11-29 10:00:00,6.3,41,10.7,108.0,983.3
2017-11-29 11:00:00,6.9,44,12.5,171.0,983.0
2017-11-29 12:00:00,7.8,48,15.6,338.0,982.9
2017-11-29 13:00:00,7.7,54,15.5,241.0,982.6
2017-11-29 14:00:00,7.2,59,14.2,148.0,981.9
2017-11-29 15:00:00,7.0,61,12.0,144.0,981.8
2017-11-29 16:00:00,6.8,63,10.6,119.0,982.5
2017-11-29 17:00:00,6.2,66,10.3,42.0,983.3
2017-11-29 18:00:00,5.5,69,8.4,5.0,983.9
2017-11-29 19:00:00,4.9,72,3.9,0.0,984.7
2017-11-29 20:00:00,2.8,87,5.9,0.0,985.5
2017-11-29 21:00:00,4.5,77,0.7,0.0,986.8
2017-11-29 22:00:00,3.8,83,3.2,0.0,986.8
2017-11-29 23:00:00,2.8,87,6.6,0.0,987.4
2017-11-30 00:00:00,3.7,78,3.3,0.0,987.4
2017-11-30 01:00:00,2.4,86,3.6,0.0,986.8
2017-11-30 02:00:00,1.2,92,4.8,0.0,986.3
2017-11-30 03:00:00,0.8,92,6.6,0.0,986.1
2017-11-30 04:00:00,0.6,92,7.6,0.0,985.7
2017-11-30 05:00:00,0.7,90,9.4,0.0,985.6
2017-11-30 06:00:00,0.2,89,5.4,0.0,985.6
2017-11-30 07:00:00,-0.6,89,7.9,0.0,986.1
2017-11-30 08:00:00,-0.2,90,5.2,7.0,987.2
2017-11-30 09:00:00,2.2,81,2.9,111.0,988.3
2017-11-30 10:00:00,4.2,70,1.8,271.0,988.6
2017-11-30 11:00:00,6.3,63,5.9,411.0,988.5
2017-11-30 12:00:00,7.5,53,8.0,473.0,987.9
2017-11-30 13:00:00,8.3,44,7.4,491.0,986.5
2017-11-30 14:00:00,8.6,39,7.5,468.0,985.3
2017-11-30 15:00:00,8.5,36,9.7,389.0,984.6
2017-11-30 16:00:00,7.9,36,11.8,282.0,984.2
2017-11-30 17:00:00,6.1,45,8.1,124.0,984.0
2017-11-30 18:00:00,4.4,53,8.4,11.0,984.0
2017-11-30 19:00:00,3.5,61,8.1,0.0,984.5
2017-11-30 20:00:00,2.3,63,7.0,0.0,984.5
2017-11-30 21:00:00,2.0,63,6.8,0.0,985.3
2017-11-30 22:00:00,2.5,55,5.6,0.0,985.5
2017-11-30 23:00:00,1.9,55,5.9,0.0,985.7
2017-12-01 00:00:00,0.8,59,6.6,0.0,985.5
2017-12-01 01:00:00,-0.6,66,7.7,0.0,985.4
2017-12-01 02:00:00,-0.3,62,6.6,0.0,985.2
2017-12-01 03:00:00,0.6,55,3.3,0.0,984.9
2017-12-01 04:00:00,-0.5,62,1.8,0.0,984.8
2017-12-01 05:00:00,-1.4,73,1.8,0.0,984.2
2017-12-01 06:00:00,-0.3,71,0.5,0.0,984.5
2017-12-01 07:00:00,-0.6,73,2.3,0.0,984.9
2017-12-01 08:00:00,-1.9,79,4.0,7.0,985.5
2017-12-01 09:00:00,-0.1,64,1.1,106.0,986.0
2017-12-01 10:00:00,2.0,58,2.2,262.0,986.4
2017-12-01 11:00:00,3.7,55,3.7,401.0,986.2
2017-12-01 12:00:00,4.8,54,3.0,450.0,985.0
2017-12-01 13:00:00,5.5,52,4.0,411.0,983.7
2017-12-01 14:00:00,6.2,49,4.9,418.0,982.3
2017-12-01 15:00:00,6.5,48,3.7,346.0,981.6
2017-12-01 16:00:00,6.3,49,3.6,220.0,981.5
2017-12-01 17:00:00,4.9,75,3.1,85.0,981.1
2017-12-01 18:00:00,4.4,57,0.4,10.0,981.1
2017-12-01 19:00:00,1.4,77,4.0,0.0,980.7
2017-12-01 20:00:00,0.7,83,4.8,0.0,981.2
2017-12-01 21:00:00,-0.1,87,6.0,0.0,981.6
2017-12-01 22:00:00,-0.5,88,5.6,0.0,981.7
2017-12-01 23:00:00,-0.1,85,5.8,0.0,982.0
2017-12-02 00:00:00,-0.6,87,7.6,0.0,981.9
2017-12-02 01:00:00,-1.0,87,6.8,0.0,981.3
2017-12-02 02:00:00,-1.3,87,5.8,0.0,980.5
2017-12-02 03:00:00,-1.6,88,5.1,0.0,979.8
2017-12-02 04:00:00,-2.3,90,4.0,0.0,979.0
2017-12-02 05:00:00,-2.4,89,4.0,0.0,978.4
2017-12-02 06:00:00,-2.7,89,3.3,0.0,978.0
2017-12-02 07:00:00,-2.7,89,4.4,0.0,978.3
2017-12-02 08:00:00,-2.8,87,9.8,6.0,979.6
2017-12-02 09:00:00,-0.3,77,8.2,105.0,980.4
2017-12-02 10:00:00,2.9,66,5.2,262.0,980.9
2017-12-02 11:00:00,5.4,58,4.1,400.0,980.9
2017-12-02 12:00:00,7.3,53,5.4,493.0,980.0
2017-12-02 13:00:00,8.8,50,5.4,523.0,978.9
2017-12-02 14:00:00,9.9,48,5.1,484.0,977.4
2017-12-02 15:00:00,10.3,49,5.7,402.0,976.6
2017-12-02 16:00:00,10.1,51,4.6,267.0,976.2
2017-12-02 17:00:00,9.1,56,4.4,113.0,975.9
2017-12-02 18:00:00,8.4,57,3.9,9.0,975.8
2017-12-02 19:00:00,7.8,59,2.3,0.0,976.4
2017-12-02 20:00:00,7.1,62,2.3,0.0,976.9
2017-12-02 21:00:00,6.4,64,3.7,0.0,977.4
2017-12-02 22:00:00,5.7,68,1.9,0.0,978.0
2017-12-02 23:00:00,4.9,72,0.5,0.0,978.7
2017-12-03 00:00:00,4.0,75,1.0,0.0,979.2
2017-12-03 01:00:00,0.5,88,5.8,0.0,978.8
2017-12-03 02:00:00,1.6,85,5.1,0.0,978.5
2017-12-03 03:00:00,1.3,88,8.3,0.0,978.6
2017-12-03 04:00:00,-0.2,91,6.8,0.0,979.1
2017-12-03 05:00:00,0.7,89,6.2,0.0,979.5
2017-12-03 06:00:00,0.8,88,6.5,0.0,980.1
2017-12-03 07:00:00,1.0,87,6.6,0.0,981.0
2017-12-03 08:00:00,1.7,84,9.0,5.0,981.7
2017-12-03 09:00:00,3.9,76,10.1,104.0,982.7
2017-12-03 10:00:00,6.3,65,8.7,264.0,983.9
2017-12-03 11:00:00,8.4,53,7.4,407.0,984.0
2017-12-03 12:00:00,10.2,47,5.8,503.0,983.7
2017-12-03 13:00:00,11.5,42,4.4,538.0,982.6
2017-12-03 14:00:00,12.3,38,4.0,511.0,981.7
2017-12-03 15:00:00,12.5,37,2.3,423.0,981.2
2017-12-03 16:00:00,12.2,39,2.5,285.0,980.9
2017-12-03 17:00:00,8.6,57,7.6,124.0,980.5
2017-12-03 18:00:00,7.2,55,9.4,11.0,980.9
2017-12-03 19:00:00,5.8,60,6.6,0.0,981.5
2017-12-03 20:00:00,3.8,73,5.8,0.0,981.2
2017-12-03 21:00:00,2.0,86,7.1,0.0,981.5
2017-12-03 22:00:00,2.5,79,3.1,0.0,982.4
2017-12-03 23:00:00,1.5,82,3.8,0.0,983.0
2017-12-04 00:00:00,2.3,76,5.6,0.0,984.4
2017-12-04 01:00:00,1.2,78,8.2,0.0,985.4
2017-12-04 02:00:00,0.8,76,4.0,0.0,985.8
2017-12-04 03:00:00,-0.3,83,3.3,0.0,985.8
2017-12-04 04:00:00,-0.5,83,4.3,0.0,985.5
2017-12-04 05:00:00,-0.9,82,4.9,0.0,985.5
2017-12-04 06:00:00,1.6,69,5.9,0.0,985.8
2017-12-04 07:00:00,-2.2,81,9.9,0.0,985.5
2017-12-04 08:00:00,-1.3,72,7.4,5.0,986.4
2017-12-04 09:00:00,1.5,63,7.9,104.0,987.5
2017-12-04 10:00:00,4.6,47,8.9,262.0,988.3
2017-12-04 11:00:00,6.0,35,10.4,396.0,988.3
2017-12-04 12:00:00,6.8,33,9.4,478.0,987.5
2017-12-04 13:00:00,7.1,33,9.7,475.0,986.4
2017-12-04 14:00:00,7.5,32,9.2,472.0,985.4
2017-12-04 15:00:00,7.6,32,7.1,381.0,984.7
2017-12-04 16:00:00,7.4,34,4.0,264.0,984.4
2017-12-04 17:00:00,5.1,61,6.2,109.0,984.4
2017-12-04 18:00:00,3.6,53,7.3,10.0,984.8
2017-12-04 19:00:00,4.1,56,7.2,0.0,985.7
2017-12-04 20:00:00,4.4,43,4.9,0.0,986.7
2017-12-04 21:00:00,3.6,46,3.9,0.0,987.3
2017-12-04 22:00:00,2.6,50,3.9,0.0,987.5
2017-12-04 23:00:00,-0.5,66,6.2,0.0,987.8
2017-12-05 00:00:00,0.7,58,4.3,0.0,988.7
2017-12-05 01:00:00,-1.4,68,7.1,0.0,988.5
2017-12-05 02:00:00,-1.8,70,7.2,0.0,988.4
2017-12-05 03:00:00,-0.6,63,2.9,0.0,988.5
2017-12-05 04:00:00,-2.3,72,4.3,0.0,987.4
2017-12-05 05:00:00,-3.9,80,6.6,0.0,986.9
2017-12-05 06:00:00,-4.2,82,5.2,0.0,986.6
2017-12-05 07:00:00,-4.4,83,5.2,0.0,986.5
2017-12-05 08:00:00,-3.8,83,4.7,5.0,986.5
2017-12-05 09:00:00,-0.9,72,2.1,103.0,986.7
2017-12-05 10:00:00,1.6,59,3.2,265.0,986.4
2017-12-05 11:00:00,3.6,50,6.4,409.0,985.3
2017-12-05 12:00:00,5.1,46,7.7,506.0,983.4
2017-12-05 13:00:00,6.1,43,11.1,542.0,981.6
2017-12-05 14:00:00,6.5,36,14.2,513.0,979.6
2017-12-05 15:00:00,6.7,33,14.9,424.0,978.5
2017-12-05 16:00:00,6.2,34,13.9,286.0,977.5
2017-12-05 17:00:00,4.4,41,10.4,123.0,976.8
2017-12-05 18:00:00,2.3,44,9.7,11.0,976.2
2017-12-05 19:00:00,1.1,48,7.8,0.0,976.2
2017-12-05 20:00:00,0.3,49,7.3,0.0,976.4
2017-12-05 21:00:00,-0.3,52,8.9,0.0,976.3
2017-12-05 22:00:00,1.2,40,4.2,0.0,976.9
2017-12-05 23:00:00,0.1,48,3.1,0.0,977.5
2017-12-06 00:00:00,-2.0,63,4.4,0.0,977.4
2017-12-06 01:00:00,-1.8,67,6.1,0.0,977.7
2017-12-06 02:00:00,-1.8,69,9.1,0.0,977.8
2017-12-06 03:00:00,-1.6,64,10.5,0.0,977.9
2017-12-06 04:00:00,-1.2,59,9.7,0.0,977.6
2017-12-06 05:00:00,-1.0,56,9.0,0.0,977.6
2017-12-06 06:00:00,-1.0,55,9.7,0.0,977.8
2017-12-06 07:00:00,-1.4,57,10.1,0.0,978.1
2017-12-06 08:00:00,-2.1,59,11.5,4.0,979.4
2017-12-06 09:00:00,0.4,47,11.4,97.0,980.6
2017-12-06 10:00:00,3.3,35,8.3,246.0,981.0
2017-12-06 11:00:00,5.4,34,8.6,394.0,981.2
2017-12-06 12:00:00,7.0,35,9.6,489.0,980.4
2017-12-06 13:00:00,7.8,36,8.2,519.0,979.0
2017-12-06 14:00:00,8.2,37,5.6,474.0,978.3
2017-12-06 15:00:00,8.4,38,2.6,397.0,977.6
2017-12-06 16:00:00,8.2,41,2.7,271.0,977.6
2017-12-06 17:00:00,7.8,42,3.6,116.0,977.6
2017-12-06 18:00:00,4.2,56,4.5,10.0,977.5
2017-12-06 19:00:00,0.6,70,5.2,0.0,977.8
2017-12-06 20:00:00,1.6,68,5.1,0.0,978.5
2017-12-06 21:00:00,0.9,72,6.9,0.0,979.0
2017-12-06 22:00:00,-0.3,77,4.8,0.0,978.8
2017-12-06 23:00:00,1.6,66,1.0,0.0,979.3
2017-12-07 00:00:00,0.0,71,1.8,0.0,979.7
2017-12-07 01:00:00,-1.1,75,5.0,0.0,980.3
2017-12-07 02:00:00,0.8,63,3.6,0.0,980.8
2017-12-07 03:00:00,0.7,62,3.0,0.0,981.4
2017-12-07 04:00:00,-3.0,82,7.5,0.0,981.2
2017-12-07 05:00:00,-1.4,74,1.1,0.0,981.7
2017-12-07 06:00:00,-1.1,72,3.1,0.0,982.2
2017-12-07 07:00:00,-3.2,82,5.9,0.0,983.1
2017-12-07 08:00:00,-3.1,81,2.3,4.0,984.9
2017-12-07 09:00:00,0.0,64,6.6,80.0,987.0
2017-12-07 10:00:00,2.9,50,3.4,245.0,988.7
2017-12-07 11:00:00,4.3,46,5.0,372.0,988.8
2017-12-07 12:00:00,5.5,43,5.7,441.0,988.6
2017-12-07 13:00:00,6.5,37,5.1,492.0,988.5
2017-12-07 14:00:00,7.2,34,2.9,506.0,987.8
2017-12-07 15:00:00,7.3,31,3.7,406.0,987.8
2017-12-07 16:00:00,7.3,29,1.8,263.0,987.8
2017-12-07 17:00:00,5.4,45,2.9,107.0,987.8
2017-12-07 18:00:00,2.1,47,6.4,10.0,987.9
2017-12-07 19:00:00,1.3,50,9.5,0.0,988.6
2017-12-07 20:00:00,1.4,48,8.4,0.0,989.4
2017-12-07 21:00:00,0.7,60,5.8,0.0,990.6
2017-12-07 22:00:00,2.6,35,13.6,0.0,992.1
2017-12-07 23:00:00,2.7,22,12.1,0.0,992.7
2017-12-08 00:00:00,-0.7,35,10.8,0.0,993.0
2017-12-08 01:00:00,-0.3,33,8.2,0.0,993.0
2017-12-08 02:00:00,1.3,25,6.0,0.0,992.4
2017-12-08 03:00:00,0.4,29,4.3,0.0,992.0
2017-12-08 04:00:00,-1.0,35,3.1,0.0,991.4
2017-12-08 05:00:00,-2.8,44,4.9,0.0,990.0
2017-12-08 06:00:00,-4.4,54,7.3,0.0,989.1
2017-12-08 07:00:00,-4.3,52,6.8,0.0,989.4
2017-12-08 08:00:00,-3.2,61,7.3,4.0,989.7
2017-12-08 09:00:00,-0.6,44,4.3,84.0,989.7
2017-12-08 10:00:00,1.9,38,4.5,234.0,989.9
2017-12-08 11:00:00,3.2,33,6.0,332.0,989.2
2017-12-08 12:00:00,4.2,31,8.3,422.0,988.1
2017-12-08 13:00:00,4.7,29,8.6,464.0,986.9
2017-12-08 14:00:00,4.9,28,7.4,399.0,985.7
2017-12-08 15:00:00,5.1,29,7.6,352.0,984.5
2017-12-08 16:00:00,4.8,31,7.2,238.0,983.7
2017-12-08 17:00:00,3.0,47,4.8,108.0,982.9
2017-12-08 18:00:00,0.5,52,9.6,10.0,982.1
2017-12-08 19:00:00,0.4,52,9.2,0.0,982.5
2017-12-08 20:00:00,1.0,53,3.9,0.0,983.7
2017-12-08 21:00:00,1.4,46,9.9,0.0,984.5
2017-12-08 22:00:00,0.8,47,8.4,0.0,983.8
2017-12-08 23:00:00,1.5,42,8.4,0.0,983.9
2017-12-09 00:00:00,1.8,40,10.2,0.0,982.7
2017-12-09 01:00:00,1.6,42,9.0,0.0,981.3
2017-12-09 02:00:00,0.2,53,2.6,0.0,980.2
2017-12-09 03:00:00,-1.2,57,3.1,0.0,977.8
2017-12-09 04:00:00,-2.3,62,1.4,0.0,976.0
2017-12-09 05:00:00,-2.9,65,3.0,0.0,974.4
2017-12-09 06:00:00,-3.5,70,2.5,0.0,973.5
2017-12-09 07:00:00,-3.9,70,2.7,0.0,973.3
2017-12-09 08:00:00,-4.0,70,6.2,3.0,974.5
2017-12-09 09:00:00,-1.4,61,7.3,93.0,975.5
2017-12-09 10:00:00,1.5,52,8.5,251.0,976.5
2017-12-09 11:00:00,4.3,46,8.2,394.0,975.9
2017-12-09 12:00:00,6.4,40,6.4,489.0,974.7
2017-12-09 13:00:00,7.8,38,6.4,525.0,973.8
2017-12-09 14:00:00,8.8,36,9.5,498.0,973.2
2017-12-09 15:00:00,9.1,37,13.1,412.0,972.8
2017-12-09 16:00:00,8.9,41,13.9,275.0,973.2
2017-12-09 17:00:00,7.6,48,11.1,109.0,973.4
2017-12-09 18:00:00,5.8,50,12.2,11.0,974.0
2017-12-09 19:00:00,4.9,53,11.9,0.0,975.6
2017-12-09 20:00:00,4.2,54,9.7,0.0,976.7
2017-12-09 21:00:00,4.2,50,10.3,0.0,978.2
2017-12-09 22:00:00,4.2,35,11.6,0.0,979.1
2017-12-09 23:00:00,3.1,33,11.0,0.0,980.3
2017-12-10 00:00:00,1.9,35,10.1,0.0,981.1
2017-12-10 01:00:00,0.8,37,7.9,0.0,981.3
2017-12-10 02:00:00,-0.3,40,6.9,0.0,981.5
2017-12-10 03:00:00,-2.2,50,8.1,0.0,981.3
2017-12-10 04:00:00,-2.4,49,6.7,0.0,981.5
2017-12-10 05:00:00,-2.7,52,5.8,0.0,981.6
2017-12-10 06:00:00,-2.3,53,5.8,0.0,982.1
2017-12-10 07:00:00,-2.2,51,8.3,0.0,982.7
2017-12-10 08:00:00,-2.2,51,8.3,3.0,983.2
2017-12-10 09:00:00,0.4,45,9.6,94.0,985.1
2017-12-10 10:00:00,2.9,34,10.1,255.0,986.2
2017-12-10 11:00:00,4.8,31,10.4,401.0,986.0
2017-12-10 12:00:00,6.5,28,8.5,500.0,985.2
2017-12-10 13:00:00,7.6,28,7.3,540.0,984.0
2017-12-10 14:00:00,8.2,27,6.5,514.0,982.8
2017-12-10 15:00:00,8.5,26,4.2,427.0,981.6
2017-12-10 16:00:00,8.1,28,1.5,290.0,981.2
2017-12-10 17:00:00,7.4,31,1.6,128.0,981.0
2017-12-10 18:00:00,2.8,47,4.9,11.0,980.3
2017-12-10 19:00:00,0.8,50,4.8,0.0,980.3
2017-12-10 20:00:00,0.1,48,4.1,0.0,980.1
2017-12-10 21:00:00,-1.6,59,5.6,0.0,979.7
2017-12-10 22:00:00,-0.3,47,6.4,0.0,980.5
2017-12-10 23:00:00,1.2,40,5.6,0.0,981.1
2017-12-11 00:00:00,0.7,42,3.4,0.0,981.1
2017-12-11 01:00:00,0.2,42,1.6,0.0,981.1
2017-12-11 02:00:00,-0.5,45,3.7,0.0,980.9
2017-12-11 03:00:00,-0.9,50,3.6,0.0,980.8
2017-12-11 04:00:00,-1.6,56,5.0,0.0,980.6
2017-12-11 05:00:00,-3.8,71,7.2,0.0,980.1
2017-12-11 06:00:00,-2.5,62,4.3,0.0,980.7
2017-12-11 07:00:00,-4.3,72,3.2,0.0,980.2
2017-12-11 08:00:00,-4.3,65,4.9,3.0,981.2
2017-12-11 09:00:00,-2.0,54,2.2,88.0,982.2
2017-12-11 10:00:00,0.7,44,1.0,247.0,983.0
2017-12-11 11:00:00,3.1,36,3.3,389.0,982.5
2017-12-11 12:00:00,4.7,31,9.1,487.0,981.1
2017-12-11 13:00:00,5.9,28,9.9,525.0,980.2
2017-12-11 14:00:00,6.8,24,9.0,499.0,979.0
2017-12-11 15:00:00,7.2,23,9.2,411.0,978.3
2017-12-11 16:00:00,6.4,26,7.9,263.0,978.0
2017-12-11 17:00:00,3.3,42,8.2,89.0,977.9
2017-12-11 18:00:00,2.1,39,2.9,8.0,978.2
2017-12-11 19:00:00,0.7,47,8.7,0.0,978.5
2017-12-11 20:00:00,1.5,56,8.3,0.0,978.5
2017-12-11 21:00:00,2.0,53,7.2,0.0,978.6
2017-12-11 22:00:00,1.8,53,6.1,0.0,979.2
2017-12-11 23:00:00,1.8,54,7.2,0.0,980.1
2017-12-12 00:00:00,1.7,53,8.4,0.0,980.5
2017-12-12 01:00:00,1.5,52,7.6,0.0,979.9
2017-12-12 02:00:00,1.2,54,6.5,0.0,979.1
2017-12-12 03:00:00,1.4,53,2.9,0.0,980.2
2017-12-12 04:00:00,0.8,57,7.6,0.0,979.8
2017-12-12 05:00:00,0.6,59,4.7,0.0,978.8
2017-12-12 06:00:00,0.9,56,3.1,0.0,979.2
2017-12-12 07:00:00,0.9,57,3.3,0.0,979.0
2017-12-12 08:00:00,1.1,64,1.1,2.0,980.4
2017-12-12 09:00:00,2.3,53,5.1,53.0,980.4
2017-12-12 10:00:00,3.5,49,9.2,176.0,980.5
2017-12-12 11:00:00,4.5,45,12.2,216.0,980.2
2017-12-12 12:00:00,6.4,41,14.2,410.0,979.5
2017-12-12 13:00:00,7.3,40,13.4,392.0,978.2
2017-12-12 14:00:00,8.3,40,13.7,440.0,976.7
2017-12-12 15:00:00,8.3,40,16.9,374.0,976.1
2017-12-12 16:00:00,7.8,42,16.1,233.0,976.0
2017-12-12 17:00:00,6.4,48,12.9,102.0,976.1
2017-12-12 18:00:00,4.6,53,9.7,9.0,976.1
2017-12-12 19:00:00,3.3,57,8.2,0.0,976.3
2017-12-12 20:00:00,3.1,55,5.1,0.0,977.4
2017-12-12 21:00:00,2.8,56,6.1,0.0,977.5
2017-12-12 22:00:00,0.8,67,6.3,0.0,977.6
2017-12-12 23:00:00,0.6,67,5.6,0.0,978.2
2017-12-13 00:00:00,-0.3,72,5.9,0.0,978.5
2017-12-13 01:00:00,-0.5,73,5.1,0.0,978.6
2017-12-13 02:00:00,-0.8,75,5.4,0.0,978.8
2017-12-13 03:00:00,-0.7,70,7.2,0.0,978.8
2017-12-13 04:00:00,-0.9,67,7.9,0.0,978.8
2017-12-13 05:00:00,-0.9,65,8.0,0.0,979.1
2017-12-13 06:00:00,-0.8,64,6.8,0.0,979.5
2017-12-13 07:00:00,-0.8,64,7.9,0.0,979.8
2017-12-13 08:00:00,-0.5,58,8.8,1.0,981.0
2017-12-13 09:00:00,0.1,56,11.8,37.0,981.2
2017-12-13 10:00:00,0.4,56,11.6,59.0,982.0
2017-12-13 11:00:00,0.8,56,11.2,72.0,982.3
2017-12-13 12:00:00,1.7,54,10.9,118.0,981.9
2017-12-13 13:00:00,2.0,54,11.2,107.0,980.8
2017-12-13 14:00:00,2.3,54,10.6,95.0,980.1
2017-12-13 15:00:00,2.9,54,11.0,113.0,979.8
2017-12-13 16:00:00,2.9,54,12.1,62.0,979.8
2017-12-13 17:00:00,2.5,55,10.5,29.0,980.3
2017-12-13 18:00:00,2.1,57,6.8,3.0,980.8
2017-12-13 19:00:00,1.8,60,6.2,0.0,981.1
2017-12-13 20:00:00,1.1,60,6.9,0.0,982.9
2017-12-13 21:00:00,0.8,62,3.2,0.0,983.9
2017-12-13 22:00:00,0.4,66,1.5,0.0,984.2
2017-12-13 23:00:00,0.3,65,2.2,0.0,985.0
2017-12-14 00:00:00,-0.1,67,1.6,0.0,985.2
2017-12-14 01:00:00,-0.4,69,0.8,0.0,985.0
2017-12-14 02:00:00,-0.7,71,1.1,0.0,984.4
2017-12-14 03:00:00,-2.1,82,3.9,0.0,984.3
2017-12-14 04:00:00,-1.8,78,2.8,0.0,984.2
2017-12-14 05:00:00,-2.7,86,3.1,0.0,984.0
2017-12-14 06:00:00,-2.5,85,2.2,0.0,984.2
2017-12-14 07:00:00,-2.6,86,5.2,0.0,984.7
2017-12-14 08:00:00,-2.3,84,5.4,1.0,985.1
2017-12-14 09:00:00,-1.3,78,2.8,44.0,985.2
2017-12-14 10:00:00,-0.3,74,2.5,122.0,985.4
2017-12-14 11:00:00,0.6,71,2.9,206.0,985.3
2017-12-14 12:00:00,1.4,68,3.6,278.0,984.5
2017-12-14 13:00:00,2.4,65,2.9,345.0,983.0
2017-12-14 14:00:00,3.0,63,3.3,317.0,981.5
2017-12-14 15:00:00,3.2,62,5.0,246.0,981.1
2017-12-14 16:00:00,2.9,64,5.4,181.0,981.1
2017-12-14 17:00:00,2.2,68,2.3,106.0,981.4
2017-12-14 18:00:00,1.5,71,1.8,8.0,981.5
2017-12-14 19:00:00,1.3,74,3.7,0.0,982.2
2017-12-14 20:00:00,1.0,75,5.8,0.0,984.0
2017-12-14 21:00:00,-0.1,82,5.3,0.0,984.7
2017-12-14 22:00:00,0.2,81,4.9,0.0,985.8
2017-12-14 23:00:00,0.7,78,5.8,0.0,986.2
2017-12-15 00:00:00,0.0,81,8.4,0.0,986.4
2017-12-15 01:00:00,0.1,80,8.0,0.0,985.9
2017-12-15 02:00:00,-0.2,81,10.5,0.0,985.3
2017-12-15 03:00:00,-0.8,86,8.0,0.0,985.8
2017-12-15 04:00:00,-0.7,85,9.1,0.0,985.8
2017-12-15 05:00:00,-0.7,84,9.4,0.0,986.1
2017-12-15 06:00:00,-0.7,84,10.5,0.0,986.3
2017-12-15 07:00:00,-0.8,80,11.0,0.0,986.6
2017-12-15 08:00:00,-0.7,77,9.5,1.0,987.1
2017-12-15 09:00:00,0.9,65,7.4,73.0,988.2
2017-12-15 10:00:00,3.0,53,5.4,185.0,989.3
2017-12-15 11:00:00,5.0,45,7.1,300.0,989.3
2017-12-15 12:00:00,6.3,42,5.6,435.0,988.3
2017-12-15 13:00:00,7.2,38,4.5,490.0,987.4
2017-12-15 14:00:00,7.8,35,4.0,493.0,986.4
2017-12-15 15:00:00,7.9,35,3.0,411.0,985.9
2017-12-15 16:00:00,7.7,35,0.7,280.0,986.0
2017-12-15 17:00:00,7.4,35,1.4,124.0,986.6
2017-12-15 18:00:00,4.3,47,5.8,12.0,987.6
2017-12-15 19:00:00,2.7,53,6.5,0.0,988.6
2017-12-15 20:00:00,0.5,62,7.0,0.0,989.8
2017-12-15 21:00:00,1.1,58,4.4,0.0,991.3
2017-12-15 22:00:00,2.1,53,9.1,0.0,992.7
2017-12-15 23:00:00,2.2,38,12.6,0.0,994.1
2017-12-16 00:00:00,1.3,34,9.4,0.0,994.6
2017-12-16 01:00:00,-1.0,44,9.4,0.0,994.5
2017-12-16 02:00:00,-0.7,43,5.8,0.0,995.3
2017-12-16 03:00:00,-2.2,62,6.4,0.0,995.6
2017-12-16 04:00:00,-3.1,69,5.5,0.0,995.6
2017-12-16 05:00:00,-3.4,73,5.4,0.0,995.8
2017-12-16 06:00:00,-4.0,75,6.0,0.0,996.3
2017-12-16 07:00:00,-1.6,58,3.4,0.0,997.5
2017-12-16 08:00:00,-3.4,71,5.6,2.0,997.1
2017-12-16 09:00:00,-0.9,57,4.3,82.0,998.1
2017-12-16 10:00:00,1.5,37,3.3,240.0,999.2
2017-12-16 11:00:00,2.7,28,4.6,386.0,999.3
2017-12-16 12:00:00,3.4,27,3.0,486.0,998.1
2017-12-16 13:00:00,3.9,27,1.5,528.0,996.3
2017-12-16 14:00:00,4.2,28,2.6,507.0,994.7
2017-12-16 15:00:00,4.3,29,1.9,424.0,993.9
2017-12-16 16:00:00,4.1,29,1.8,290.0,993.7
2017-12-16 17:00:00,2.3,57,5.1,130.0,993.0
2017-12-16 18:00:00,-0.9,51,8.3,12.0,992.7
2017-12-16 19:00:00,-0.7,49,5.7,0.0,993.2
2017-12-16 20:00:00,-2.0,54,5.3,0.0,993.5
2017-12-16 21:00:00,-3.3,66,4.5,0.0,993.5
2017-12-16 22:00:00,-1.2,52,1.3,0.0,994.4
2017-12-16 23:00:00,-0.9,50,2.9,0.0,994.9
2017-12-17 00:00:00,-2.7,59,5.0,0.0,994.3
2017-12-17 01:00:00,-3.9,64,6.9,0.0,993.6
2017-12-17 02:00:00,-3.3,58,5.1,0.0,993.7
2017-12-17 03:00:00,-2.5,50,3.8,0.0,993.7
2017-12-17 04:00:00,-3.0,52,4.5,0.0,993.6
2017-12-17 05:00:00,-4.2,59,4.8,0.0,993.0
2017-12-17 06:00:00,-3.8,56,2.5,0.0,993.0
2017-12-17 07:00:00,-4.0,57,1.1,0.0,993.0
2017-12-17 08:00:00,-4.7,63,1.8,1.0,993.9
2017-12-17 09:00:00,-3.3,55,1.1,81.0,993.7
2017-12-17 10:00:00,-0.4,40,2.1,240.0,994.3
2017-12-17 11:00:00,2.0,32,3.3,387.0,994.1
2017-12-17 12:00:00,3.8,25,2.9,489.0,992.6
2017-12-17 13:00:00,4.9,21,2.6,525.0,990.9
2017-12-17 14:00:00,5.3,24,2.8,505.0,989.4
2017-12-17 15:00:00,5.4,25,2.6,402.0,988.7
2017-12-17 16:00:00,4.9,32,2.6,268.0,988.1
2017-12-17 17:00:00,2.9,40,5.4,122.0,987.8
2017-12-17 18:00:00,-1.5,54,9.2,12.0,987.1
2017-12-17 19:00:00,-1.9,57,7.2,0.0,987.4
2017-12-17 20:00:00,-1.0,55,5.4,0.0,988.3
2017-12-17 21:00:00,0.7,45,3.5,0.0,989.1
2017-12-17 22:00:00,-2.6,60,5.4,0.0,988.7
2017-12-17 23:00:00,-2.1,55,8.4,0.0,989.5
2017-12-18 00:00:00,-2.5,58,8.1,0.0,989.7
2017-12-18 01:00:00,-2.7,60,7.6,0.0,989.4
2017-12-18 02:00:00,-2.7,60,8.7,0.0,989.3
2017-12-18 03:00:00,-2.7,58,8.0,0.0,989.2
2017-12-18 04:00:00,-2.7,57,9.0,0.0,988.9
2017-12-18 05:00:00,-2.6,58,9.8,0.0,988.8
2017-12-18 06:00:00,-2.5,57,11.2,0.0,988.9
2017-12-18 07:00:00,-2.7,53,10.0,0.0,989.6
2017-12-18 08:00:00,-3.3,46,7.8,1.0,991.4
2017-12-18 09:00:00,-0.9,31,9.0,81.0,992.5
2017-12-18 10:00:00,2.6,20,8.7,243.0,993.6
2017-12-18 11:00:00,4.9,16,9.0,391.0,993.6
2017-12-18 12:00:00,6.2,13,9.2,495.0,992.9
2017-12-18 13:00:00,7.2,11,9.4,538.0,991.7
2017-12-18 14:00:00,7.8,11,9.6,517.0,991.0
2017-12-18 15:00:00,8.3,10,9.6,433.0,990.4
2017-12-18 16:00:00,7.7,11,6.0,298.0,990.0
2017-12-18 17:00:00,3.7,17,8.4,135.0,989.6
2017-12-18 18:00:00,1.4,26,10.9,13.0,989.8
2017-12-18 19:00:00,0.6,33,10.0,0.0,990.6
2017-12-18 20:00:00,0.9,41,8.6,0.0,991.6
2017-12-18 21:00:00,-1.1,50,10.1,0.0,992.2
2017-12-18 22:00:00,2.6,31,5.1,0.0,993.3
2017-12-18 23:00:00,2.0,32,6.2,0.0,993.5
2017-12-19 00:00:00,-1.4,45,4.9,0.0,993.3
2017-12-19 01:00:00,-2.3,49,4.2,0.0,993.5
2017-12-19 02:00:00,-3.8,55,5.1,0.0,993.3
2017-12-19 03:00:00,-4.0,55,7.1,0.0,993.5
2017-12-19 04:00:00,-4.0,54,5.5,0.0,993.2
2017-12-19 05:00:00,-3.9,52,4.7,0.0,993.0
2017-12-19 06:00:00,-3.9,51,4.9,0.0,992.8
2017-12-19 07:00:00,-3.8,49,5.4,0.0,993.3
2017-12-19 08:00:00,-3.7,43,6.6,1.0,994.2
2017-12-19 09:00:00,-0.6,31,9.7,77.0,994.6
2017-12-19 10:00:00,2.7,20,7.9,233.0,995.6
2017-12-19 11:00:00,5.1,17,8.3,376.0,995.7
2017-12-19 12:00:00,7.3,16,7.6,476.0,994.5
2017-12-19 13:00:00,8.5,23,7.9,519.0,992.6
2017-12-19 14:00:00,9.0,25,9.4,499.0,991.1
2017-12-19 15:00:00,9.0,27,10.3,418.0,990.0
2017-12-19 16:00:00,8.0,38,7.4,287.0,989.7
2017-12-19 17:00:00,3.9,53,8.0,131.0,988.9
2017-12-19 18:00:00,2.1,50,8.0,13.0,988.7
2017-12-19 19:00:00,1.9,47,9.5,0.0,989.0
2017-12-19 20:00:00,1.6,50,8.5,0.0,989.7
2017-12-19 21:00:00,0.4,56,6.4,0.0,989.9
2017-12-19 22:00:00,-0.4,60,6.5,0.0,990.5
2017-12-19 23:00:00,-1.6,65,7.6,0.0,991.2
2017-12-20 00:00:00,-0.7,58,5.8,0.0,991.6
2017-12-20 01:00:00,-0.7,57,6.1,0.0,992.0
2017-12-20 02:00:00,0.1,54,9.7,0.0,992.0
2017-12-20 03:00:00,-0.6,55,8.1,0.0,991.6
2017-12-20 04:00:00,-1.4,57,7.0,0.0,991.3
2017-12-20 05:00:00,-1.4,55,6.5,0.0,991.1
2017-12-20 06:00:00,-1.7,56,6.5,0.0,991.0
2017-12-20 07:00:00,-1.6,55,7.6,0.0,991.7
2017-12-20 08:00:00,-1.7,57,9.0,1.0,992.8
2017-12-20 09:00:00,0.4,52,10.2,77.0,993.3
2017-12-20 10:00:00,3.4,44,5.8,234.0,994.0
2017-12-20 11:00:00,5.8,37,5.4,381.0,994.1
2017-12-20 12:00:00,7.5,35,4.4,484.0,992.8
2017-12-20 13:00:00,8.7,33,4.0,528.0,991.2
2017-12-20 14:00:00,9.6,31,3.9,509.0,989.7
2017-12-20 15:00:00,10.1,30,4.6,427.0,988.6
2017-12-20 16:00:00,9.8,35,4.7,294.0,987.8
2017-12-20 17:00:00,5.9,56,6.8,134.0,986.8
2017-12-20 18:00:00,3.1,58,8.9,14.0,985.9
2017-12-20 19:00:00,1.4,62,9.7,0.0,986.0
2017-12-20 20:00:00,1.4,60,11.2,0.0,985.7
2017-12-20 21:00:00,1.4,58,11.6,0.0,985.3
2017-12-20 22:00:00,-1.0,69,10.1,0.0,984.9
2017-12-20 23:00:00,-2.1,74,11.4,0.0,984.9
2017-12-21 00:00:00,-1.4,69,8.2,0.0,985.4
2017-12-21 01:00:00,-0.7,64,4.8,0.0,985.1
2017-12-21 02:00:00,-3.5,78,2.5,0.0,984.2
2017-12-21 03:00:00,-3.6,79,4.7,0.0,984.0
2017-12-21 04:00:00,-4.4,83,6.6,0.0,983.2
2017-12-21 05:00:00,-4.9,84,5.2,0.0,982.5
2017-12-21 06:00:00,-5.0,82,3.6,0.0,982.0
2017-12-21 07:00:00,-5.1,81,3.2,0.0,982.2
2017-12-21 08:00:00,-5.1,73,5.1,1.0,983.1
2017-12-21 09:00:00,-3.2,61,7.2,74.0,983.5
2017-12-21 10:00:00,0.6,42,2.9,227.0,984.1
2017-12-21 11:00:00,3.3,35,3.1,374.0,983.9
2017-12-21 12:00:00,5.2,32,5.1,476.0,982.9
2017-12-21 13:00:00,6.6,28,5.8,521.0,981.1
2017-12-21 14:00:00,7.7,26,7.1,502.0,979.6
2017-12-21 15:00:00,7.9,26,6.8,423.0,978.7
2017-12-21 16:00:00,7.0,29,7.6,291.0,978.0
2017-12-21 17:00:00,2.0,45,9.3,133.0,976.9
2017-12-21 18:00:00,3.7,37,9.2,14.0,977.2
2017-12-21 19:00:00,3.2,37,8.4,0.0,977.4
2017-12-21 20:00:00,0.0,67,10.2,0.0,977.7
2017-12-21 21:00:00,2.3,55,7.5,0.0,978.4
2017-12-21 22:00:00,-1.1,71,3.2,0.0,978.4
2017-12-21 23:00:00,-1.7,76,3.3,0.0,978.2
2017-12-22 00:00:00,-2.3,79,5.5,0.0,978.3
2017-12-22 01:00:00,-1.4,76,6.0,0.0,978.9
2017-12-22 02:00:00,-1.9,79,9.4,0.0,978.8
2017-12-22 03:00:00,-2.1,77,10.2,0.0,978.5
2017-12-22 04:00:00,-2.0,74,8.3,0.0,978.1
2017-12-22 05:00:00,-1.8,72,7.6,0.0,978.1
2017-12-22 06:00:00,-2.5,75,7.7,0.0,977.9
2017-12-22 07:00:00,-2.1,72,7.1,0.0,977.4
2017-12-22 08:00:00,-3.6,78,5.1,1.0,978.3
2017-12-22 09:00:00,-0.6,60,6.8,72.0,979.1
2017-12-22 10:00:00,3.3,46,6.8,224.0,980.6
2017-12-22 11:00:00,5.7,38,6.6,346.0,981.0
2017-12-22 12:00:00,7.8,32,7.9,452.0,980.1
2017-12-22 13:00:00,9.4,29,9.0,504.0,978.8
2017-12-22 14:00:00,10.3,28,8.0,465.0,977.6
2017-12-22 15:00:00,10.0,34,6.4,368.0,976.9
2017-12-22 16:00:00,8.3,53,4.9,238.0,976.4
2017-12-22 17:00:00,6.1,49,6.6,95.0,976.0
2017-12-22 18:00:00,2.0,56,5.1,12.0,975.9
2017-12-22 19:00:00,1.0,55,2.8,0.0,976.2
2017-12-22 20:00:00,2.0,60,4.4,0.0,977.2
2017-12-22 21:00:00,3.6,51,3.3,0.0,978.0
2017-12-22 22:00:00,1.5,58,5.8,0.0,978.3
2017-12-22 23:00:00,3.9,46,2.4,0.0,979.7
2017-12-23 00:00:00,3.7,47,2.3,0.0,979.9
2017-12-23 01:00:00,0.2,63,6.6,0.0,979.2
2017-12-23 02:00:00,0.3,65,6.5,0.0,979.4
2017-12-23 03:00:00,0.4,64,5.4,0.0,979.7
2017-12-23 04:00:00,0.1,71,7.6,0.0,979.4
2017-12-23 05:00:00,-1.2,72,5.9,0.0,980.3
2017-12-23 06:00:00,-0.8,62,8.0,0.0,980.2
2017-12-23 07:00:00,-0.1,50,11.3,0.0,981.0
2017-12-23 08:00:00,0.1,47,9.8,1.0,981.3
2017-12-23 09:00:00,1.7,41,9.1,57.0,982.2
2017-12-23 10:00:00,3.9,39,7.9,202.0,983.2
2017-12-23 11:00:00,5.7,35,10.3,319.0,982.9
2017-12-23 12:00:00,7.3,34,10.5,431.0,982.1
2017-12-23 13:00:00,8.5,32,9.6,494.0,981.0
2017-12-23 14:00:00,9.2,31,8.4,471.0,980.2
2017-12-23 15:00:00,9.4,30,7.2,411.0,980.0
2017-12-23 16:00:00,9.0,35,5.3,259.0,979.8
2017-12-23 17:00:00,6.0,51,7.9,135.0,979.9
2017-12-23 18:00:00,3.9,49,8.1,15.0,980.8
2017-12-23 19:00:00,4.0,47,13.2,0.0,981.8
2017-12-23 20:00:00,3.9,47,12.3,0.0,983.2
2017-12-23 21:00:00,4.4,41,13.3,0.0,984.9
2017-12-23 22:00:00,4.9,33,13.4,0.0,985.6
2017-12-23 23:00:00,4.9,34,12.6,0.0,986.3
2017-12-24 00:00:00,3.3,39,14.0,0.0,987.0
2017-12-24 01:00:00,2.7,38,11.9,0.0,987.3
2017-12-24 02:00:00,1.8,39,9.6,0.0,987.2
2017-12-24 03:00:00,0.8,41,8.7,0.0,986.9
2017-12-24 04:00:00,-0.6,46,8.0,0.0,986.3
2017-12-24 05:00:00,-2.7,56,10.0,0.0,985.5
2017-12-24 06:00:00,-3.4,59,9.0,0.0,985.4
2017-12-24 07:00:00,-3.2,56,6.2,0.0,985.9
2017-12-24 08:00:00,-2.2,55,6.0,1.0,986.8
2017-12-24 09:00:00,0.4,51,9.6,74.0,987.0
2017-12-24 10:00:00,3.7,37,7.9,232.0,987.8
2017-12-24 11:00:00,5.7,29,6.9,382.0,987.3
2017-12-24 12:00:00,7.1,24,5.1,487.0,986.2
2017-12-24 13:00:00,8.2,22,3.7,532.0,984.7
2017-12-24 14:00:00,9.0,21,4.5,513.0,983.0
2017-12-24 15:00:00,9.1,22,9.2,432.0,981.8
2017-12-24 16:00:00,8.6,24,11.2,300.0,981.1
2017-12-24 17:00:00,6.3,33,10.1,140.0,980.3
2017-12-24 18:00:00,3.3,38,10.2,16.0,979.8
2017-12-24 19:00:00,2.0,43,11.8,0.0,979.8
2017-12-24 20:00:00,0.9,45,10.2,0.0,979.7
2017-12-24 21:00:00,0.4,46,9.8,0.0,980.2
2017-12-24 22:00:00,-0.7,50,7.5,0.0,980.2
2017-12-24 23:00:00,-2.5,61,11.0,0.0,980.8
2017-12-25 00:00:00,-3.1,63,11.2,0.0,981.0
2017-12-25 01:00:00,-1.2,51,6.8,0.0,981.5
2017-12-25 02:00:00,-1.6,52,1.8,0.0,981.3
2017-12-25 03:00:00,-4.1,68,4.7,0.0,981.0
2017-12-25 04:00:00,-3.7,66,5.4,0.0,980.9
2017-12-25 05:00:00,-4.0,66,6.9,0.0,980.4
2017-12-25 06:00:00,-4.1,64,7.0,0.0,980.1
2017-12-25 07:00:00,-4.2,62,8.0,0.0,980.4
2017-12-25 08:00:00,-4.4,62,7.6,1.0,981.3
2017-12-25 09:00:00,-2.8,53,6.1,60.0,982.0
2017-12-25 10:00:00,-0.4,44,4.0,203.0,982.7
2017-12-25 11:00:00,1.8,38,2.1,343.0,982.7
2017-12-25 12:00:00,3.5,32,3.2,434.0,981.5
2017-12-25 13:00:00,4.9,29,2.4,476.0,980.4
2017-12-25 14:00:00,5.6,34,3.4,453.0,979.2
2017-12-25 15:00:00,6.0,34,5.4,394.0,978.5
2017-12-25 16:00:00,5.4,38,8.2,246.0,978.5
2017-12-25 17:00:00,3.2,46,10.1,93.0,978.5
2017-12-25 18:00:00,1.4,50,8.0,11.0,978.7
2017-12-25 19:00:00,0.5,53,4.5,0.0,979.2
2017-12-25 20:00:00,1.6,56,5.3,0.0,980.0
2017-12-25 21:00:00,1.0,58,7.6,0.0,980.5
2017-12-25 22:00:00,0.2,59,9.7,0.0,980.7
2017-12-25 23:00:00,-0.1,56,10.1,0.0,981.0
2017-12-26 00:00:00,-0.4,54,8.4,0.0,981.0
2017-12-26 01:00:00,-0.6,53,9.8,0.0,980.9
2017-12-26 02:00:00,0.3,49,12.2,0.0,980.9
2017-12-26 03:00:00,0.0,52,10.8,0.0,981.2
2017-12-26 04:00:00,-0.4,57,6.8,0.0,981.2
2017-12-26 05:00:00,-0.2,58,9.4,0.0,981.1
2017-12-26 06:00:00,-0.2,59,7.1,0.0,981.3
2017-12-26 07:00:00,-0.6,65,6.1,0.0,981.7
2017-12-26 08:00:00,0.4,58,4.8,0.0,982.6
2017-12-26 09:00:00,0.7,58,3.0,44.0,983.1
2017-12-26 10:00:00,2.4,50,2.3,147.0,984.0
2017-12-26 11:00:00,4.5,41,3.0,263.0,984.5
2017-12-26 12:00:00,6.7,32,3.0,392.0,983.8
2017-12-26 13:00:00,7.8,36,4.2,424.0,982.5
2017-12-26 14:00:00,8.4,37,5.8,419.0,981.4
2017-12-26 15:00:00,8.4,39,7.9,340.0,980.7
2017-12-26 16:00:00,7.5,45,10.0,238.0,980.2
2017-12-26 17:00:00,5.1,52,8.9,121.0,979.9
2017-12-26 18:00:00,1.8,61,8.9,16.0,979.4
2017-12-26 19:00:00,-0.5,70,11.8,0.0,979.4
2017-12-26 20:00:00,0.7,70,9.5,0.0,979.7
2017-12-26 21:00:00,0.5,67,7.9,0.0,979.7
2017-12-26 22:00:00,-0.3,67,9.2,0.0,979.4
2017-12-26 23:00:00,1.5,55,6.1,0.0,979.6
2017-12-27 00:00:00,1.1,58,0.7,0.0,979.9
2017-12-27 01:00:00,-2.0,78,3.6,0.0,979.2
2017-12-27 02:00:00,-2.3,86,3.7,0.0,978.8
2017-12-27 03:00:00,-2.7,91,1.9,0.0,978.5
2017-12-27 04:00:00,-2.8,89,3.7,0.0,978.2
2017-12-27 05:00:00,-1.6,79,6.8,0.0,977.7
2017-12-27 06:00:00,-2.6,78,8.7,0.0,977.3
2017-12-27 07:00:00,-2.4,71,7.7,0.0,977.4
2017-12-27 08:00:00,-2.6,63,6.3,0.0,978.7
2017-12-27 09:00:00,-1.3,56,2.5,51.0,979.0
2017-12-27 10:00:00,1.1,46,3.8,181.0,979.5
2017-12-27 11:00:00,3.8,37,7.6,345.0,978.9
2017-12-27 12:00:00,6.1,33,10.5,429.0,977.3
2017-12-27 13:00:00,7.9,31,11.4,479.0,975.6
2017-12-27 14:00:00,9.1,30,12.1,465.0,974.2
2017-12-27 15:00:00,9.5,30,13.4,401.0,973.0
2017-12-27 16:00:00,8.9,30,12.7,283.0,972.3
2017-12-27 17:00:00,6.0,37,9.8,135.0,971.9
2017-12-27 18:00:00,0.3,59,14.0,17.0,971.2
2017-12-27 19:00:00,-0.8,66,12.9,0.0,971.5
2017-12-27 20:00:00,-0.1,71,8.9,0.0,972.0
2017-12-27 21:00:00,1.5,63,7.3,0.0,972.8
2017-12-27 22:00:00,1.7,62,1.1,0.0,973.1
2017-12-27 23:00:00,-1.6,79,3.5,0.0,973.3
2017-12-28 00:00:00,-2.3,82,3.6,0.0,973.5
2017-12-28 01:00:00,-2.8,85,1.5,0.0,973.3
2017-12-28 02:00:00,-3.3,88,0.7,0.0,973.5
2017-12-28 03:00:00,-3.2,87,3.5,0.0,974.2
2017-12-28 04:00:00,-3.9,90,9.8,0.0,974.5
2017-12-28 05:00:00,-3.8,91,5.8,0.0,974.6
2017-12-28 06:00:00,-3.6,91,3.3,0.0,974.7
2017-12-28 07:00:00,-3.8,91,3.1,0.0,975.3
2017-12-28 08:00:00,-4.9,91,2.4,0.0,976.3
2017-12-28 09:00:00,-2.4,77,5.6,65.0,977.9
2017-12-28 10:00:00,0.7,62,5.3,213.0,979.4
2017-12-28 11:00:00,3.1,53,3.2,357.0,979.7
2017-12-28 12:00:00,5.1,48,1.1,460.0,979.4
2017-12-28 13:00:00,6.6,44,1.1,498.0,978.7
2017-12-28 14:00:00,7.5,42,1.1,475.0,978.1
2017-12-28 15:00:00,7.8,41,0.8,410.0,977.9
2017-12-28 16:00:00,7.5,43,3.2,289.0,978.1
2017-12-28 17:00:00,2.7,60,9.6,138.0,977.8
2017-12-28 18:00:00,4.9,50,4.8,17.0,979.4
2017-12-28 19:00:00,3.8,53,3.6,0.0,980.1
2017-12-28 20:00:00,3.4,54,2.5,0.0,981.2
2017-12-28 21:00:00,0.9,64,6.9,0.0,982.2
2017-12-28 22:00:00,-0.2,70,6.2,0.0,983.1
2017-12-28 23:00:00,0.1,69,11.5,0.0,984.1
2017-12-29 00:00:00,1.0,62,14.8,0.0,984.6
2017-12-29 01:00:00,1.8,57,17.5,0.0,985.2
2017-12-29 02:00:00,3.2,48,17.6,0.0,985.8
2017-12-29 03:00:00,4.0,37,17.9,0.0,986.4
2017-12-29 04:00:00,3.9,35,14.5,0.0,986.2
2017-12-29 05:00:00,2.6,39,13.3,0.0,986.1
2017-12-29 06:00:00,1.5,43,12.3,0.0,986.5
2017-12-29 07:00:00,0.8,45,10.9,0.0,987.2
2017-12-29 08:00:00,0.7,43,10.6,0.0,988.8
2017-12-29 09:00:00,2.6,42,12.8,46.0,989.4
2017-12-29 10:00:00,4.6,41,10.2,172.0,990.6
2017-12-29 11:00:00,6.1,39,8.9,235.0,991.0
2017-12-29 12:00:00,6.8,37,10.9,208.0,990.2
2017-12-29 13:00:00,7.3,35,12.8,213.0,989.2
2017-12-29 14:00:00,7.6,35,14.5,184.0,988.7
2017-12-29 15:00:00,7.0,41,13.2,123.0,988.3
2017-12-29 16:00:00,6.8,42,14.8,93.0,988.1
2017-12-29 17:00:00,6.1,42,15.5,48.0,988.1
2017-12-29 18:00:00,5.5,41,16.9,6.0,988.7
2017-12-29 19:00:00,5.0,43,15.8,0.0,989.3
2017-12-29 20:00:00,3.2,46,9.9,0.0,989.9
2017-12-29 21:00:00,3.2,46,8.1,0.0,990.4
2017-12-29 22:00:00,2.1,51,7.4,0.0,990.4
2017-12-29 23:00:00,1.2,54,7.9,0.0,990.9
2017-12-30 00:00:00,0.4,57,8.4,0.0,991.1
2017-12-30 01:00:00,-0.5,59,8.7,0.0,990.9
2017-12-30 02:00:00,0.0,54,10.4,0.0,991.2
2017-12-30 03:00:00,0.1,53,10.3,0.0,991.4
2017-12-30 04:00:00,0.3,51,9.5,0.0,990.9
2017-12-30 05:00:00,0.1,51,11.4,0.0,990.4
2017-12-30 06:00:00,0.1,50,10.1,0.0,990.3
2017-12-30 07:00:00,0.0,50,9.8,0.0,990.7
2017-12-30 08:00:00,-0.3,54,8.4,0.0,990.8
2017-12-30 09:00:00,1.2,50,11.8,59.0,991.5
2017-12-30 10:00:00,3.6,44,10.8,175.0,992.3
2017-12-30 11:00:00,6.2,38,12.3,323.0,992.1
2017-12-30 12:00:00,8.2,32,12.4,476.0,990.7
2017-12-30 13:00:00,9.2,28,10.0,525.0,989.3
2017-12-30 14:00:00,9.5,29,8.3,502.0,987.7
2017-12-30 15:00:00,9.6,30,6.8,434.0,986.6
2017-12-30 16:00:00,9.3,31,5.6,306.0,985.8
2017-12-30 17:00:00,6.1,54,7.6,150.0,984.8
2017-12-30 18:00:00,3.4,47,7.6,20.0,984.2
2017-12-30 19:00:00,2.7,45,9.9,0.0,984.0
2017-12-30 20:00:00,2.0,44,10.6,0.0,983.9
2017-12-30 21:00:00,1.8,47,8.6,0.0,983.6
2017-12-30 22:00:00,-0.5,58,9.1,0.0,983.5
2017-12-30 23:00:00,-0.2,52,8.8,0.0,983.3
2017-12-31 00:00:00,0.8,44,7.2,0.0,983.2
2017-12-31 01:00:00,-0.8,50,2.4,0.0,983.0
2017-12-31 02:00:00,-2.5,58,2.5,0.0,982.3
2017-12-31 03:00:00,-3.6,64,4.3,0.0,982.0
2017-12-31 04:00:00,-2.1,56,4.3,0.0,981.7
2017-12-31 05:00:00,-4.4,73,7.1,0.0,980.7
2017-12-31 06:00:00,-5.0,82,7.4,0.0,980.0
2017-12-31 07:00:00,-4.0,77,6.2,0.0,980.2
2017-12-31 08:00:00,-4.0,73,1.8,0.0,981.1
2017-12-31 09:00:00,-2.6,65,1.8,66.0,981.3
2017-12-31 10:00:00,0.5,53,1.4,219.0,982.0
2017-12-31 11:00:00,3.0,43,5.8,366.0,981.6
2017-12-31 12:00:00,4.9,34,8.7,472.0,980.2
2017-12-31 13:00:00,6.5,29,9.3,522.0,978.6
2017-12-31 14:00:00,7.9,25,9.4,508.0,977.2
2017-12-31 15:00:00,8.6,24,8.9,433.0,976.2
2017-12-31 16:00:00,7.6,36,8.4,306.0,975.7
2017-12-31 17:00:00,4.1,47,8.2,148.0,975.0
2017-12-31 18:00:00,-0.6,56,13.2,21.0,974.1
2017-12-31 19:00:00,-1.6,57,12.4,0.0,974.4
2017-12-31 20:00:00,1.9,55,6.6,0.0,976.0
2017-12-31 21:00:00,1.7,54,3.9,0.0,976.3
2017-12-31 22:00:00,1.2,55,4.2,0.0,977.2
2017-12-31 23:00:00,-2.5,75,3.5,0.0,977.0
2018-01-01 00:00:00,-2.4,80,6.5,0.0,977.4
2018-01-01 01:00:00,-3.0,85,6.3,0.0,977.4
2018-01-01 02:00:00,-3.0,83,8.0,0.0,977.2
2018-01-01 03:00:00,-2.8,78,9.7,0.0,977.7
2018-01-01 04:00:00,-2.7,75,9.5,0.0,977.4
2018-01-01 05:00:00,-2.1,70,9.1,0.0,976.9
2018-01-01 06:00:00,-2.5,71,6.1,0.0,976.6
2018-01-01 07:00:00,-3.1,76,5.1,0.0,976.9
2018-01-01 08:00:00,-3.1,76,5.5,0.0,977.4
2018-01-01 09:00:00,-1.0,64,6.5,56.0,978.3
2018-01-01 10:00:00,2.2,49,3.1,199.0,979.0
2018-01-01 11:00:00,4.6,41,0.8,345.0,979.4
2018-01-01 12:00:00,6.3,36,2.1,446.0,978.3
2018-01-01 13:00:00,7.5,33,4.0,511.0,977.3
2018-01-01 14:00:00,8.1,31,4.5,483.0,976.0
2018-01-01 15:00:00,8.2,34,5.0,408.0,975.4
2018-01-01 16:00:00,7.3,43,4.0,293.0,975.1
2018-01-01 17:00:00,3.7,60,7.9,144.0,974.8
2018-01-01 18:00:00,5.3,43,5.9,21.0,975.5
2018-01-01 19:00:00,5.1,41,3.1,0.0,976.1
2018-01-01 20:00:00,4.7,50,1.4,0.0,976.7
2018-01-01 21:00:00,1.5,64,4.0,0.0,976.9
2018-01-01 22:00:00,0.2,68,6.3,0.0,977.1
2018-01-01 23:00:00,2.1,57,2.9,0.0,977.7
2018-01-02 00:00:00,1.6,60,3.4,0.0,978.6
2018-01-02 01:00:00,-0.1,66,4.8,0.0,978.8
2018-01-02 02:00:00,-0.1,65,3.9,0.0,979.3
2018-01-02 03:00:00,-0.5,71,3.5,0.0,979.3
2018-01-02 04:00:00,0.6,60,3.1,0.0,979.2
2018-01-02 05:00:00,0.7,60,2.3,0.0,979.1
2018-01-02 06:00:00,0.4,62,1.4,0.0,979.6
2018-01-02 07:00:00,0.0,71,3.1,0.0,980.3
2018-01-02 08:00:00,-0.2,71,3.2,0.0,981.2
2018-01-02 09:00:00,0.9,66,3.4,16.0,982.2
2018-01-02 10:00:00,1.8,63,1.3,55.0,983.4
2018-01-02 11:00:00,2.4,61,1.8,76.0,983.8
2018-01-02 12:00:00,2.9,60,1.8,89.0,983.5
2018-01-02 13:00:00,3.4,59,1.0,132.0,982.8
2018-01-02 14:00:00,3.2,61,2.3,104.0,982.4
2018-01-02 15:00:00,3.3,62,2.6,98.0,982.7
2018-01-02 16:00:00,3.1,65,1.8,79.0,983.2
2018-01-02 17:00:00,2.6,74,1.1,30.0,983.7
2018-01-02 18:00:00,1.6,80,3.6,5.0,984.6
2018-01-02 19:00:00,1.5,80,4.7,0.0,985.7
2018-01-02 20:00:00,0.6,90,2.1,0.0,985.8
2018-01-02 21:00:00,0.8,90,2.7,0.0,986.7
2018-01-02 22:00:00,0.6,93,1.1,0.0,986.7
2018-01-02 23:00:00,0.3,95,2.1,0.0,986.9
2018-01-03 00:00:00,0.3,93,2.8,0.0,987.3
2018-01-03 01:00:00,0.0,94,0.8,0.0,986.8
2018-01-03 02:00:00,-0.1,93,2.5,0.0,987.4
2018-01-03 03:00:00,-0.2,94,2.9,0.0,987.3
2018-01-03 04:00:00,-0.5,94,2.6,0.0,987.0
2018-01-03 05:00:00,-0.5,92,5.0,0.0,986.8
2018-01-03 06:00:00,-0.4,89,7.9,0.0,986.7
2018-01-03 07:00:00,-0.4,86,8.3,0.0,987.1
2018-01-03 08:00:00,-0.5,80,9.9,0.0,987.4
2018-01-03 09:00:00,0.2,76,12.2,16.0,987.7
2018-01-03 10:00:00,0.4,73,14.5,35.0,987.9
2018-01-03 11:00:00,0.8,69,16.3,69.0,987.6
2018-01-03 12:00:00,1.1,63,18.4,98.0,986.6
2018-01-03 13:00:00,1.1,60,19.9,108.0,985.6
2018-01-03 14:00:00,0.9,58,20.2,80.0,984.8
2018-01-03 15:00:00,0.6,57,20.9,78.0,984.7
2018-01-03 16:00:00,0.2,58,20.4,67.0,984.6
2018-01-03 17:00:00,-0.5,61,18.3,24.0,984.6
2018-01-03 18:00:00,-1.1,64,19.1,4.0,984.7
2018-01-03 19:00:00,-1.6,68,18.9,0.0,985.2
2018-01-03 20:00:00,-2.3,77,19.1,0.0,985.4
2018-01-03 21:00:00,-2.4,78,16.8,0.0,985.6
2018-01-03 22:00:00,-2.4,78,16.5,0.0,985.4
2018-01-03 23:00:00,-2.5,80,16.6,0.0,985.6
2018-01-04 00:00:00,-2.7,81,17.8,0.0,985.2
2018-01-04 01:00:00,-2.9,84,16.1,0.0,985.2
2018-01-04 02:00:00,-2.9,84,13.3,0.0,985.0
2018-01-04 03:00:00,-2.9,85,11.5,0.0,984.6
2018-01-04 04:00:00,-3.1,86,14.8,0.0,984.5
2018-01-04 05:00:00,-3.3,86,13.8,0.0,984.0
2018-01-04 06:00:00,-3.5,89,9.5,0.0,983.5
2018-01-04 07:00:00,-3.7,88,8.4,0.0,983.5
2018-01-04 08:00:00,-3.9,88,11.6,0.0,983.1
2018-01-04 09:00:00,-4.0,86,9.7,38.0,983.6
2018-01-04 10:00:00,-3.3,82,9.2,105.0,983.6
2018-01-04 11:00:00,-2.8,80,9.4,177.0,983.2
2018-01-04 12:00:00,-2.5,79,14.5,250.0,982.9
2018-01-04 13:00:00,-1.9,76,13.9,345.0,982.0
2018-01-04 14:00:00,-1.8,75,14.3,326.0,981.3
2018-01-04 15:00:00,-1.6,74,15.3,277.0,980.8
2018-01-04 16:00:00,-2.0,75,13.0,159.0,980.7
2018-01-04 17:00:00,-2.4,77,9.0,77.0,980.7
2018-01-04 18:00:00,-3.3,81,8.7,15.0,981.3
2018-01-04 19:00:00,-4.9,84,6.5,0.0,981.8
2018-01-04 20:00:00,-3.7,80,8.4,0.0,982.2
2018-01-04 21:00:00,-4.1,81,7.6,0.0,982.5
2018-01-04 22:00:00,-4.4,82,6.6,0.0,982.9
2018-01-04 23:00:00,-5.8,84,5.9,0.0,982.9
2018-01-05 00:00:00,-5.7,83,6.0,0.0,983.0
2018-01-05 01:00:00,-5.6,82,7.0,0.0,983.0
2018-01-05 02:00:00,-7.3,85,7.1,0.0,982.3
2018-01-05 03:00:00,-7.9,85,7.5,0.0,981.8
2018-01-05 04:00:00,-9.5,86,9.7,0.0,981.0
2018-01-05 05:00:00,-10.1,87,9.5,0.0,980.4
2018-01-05 06:00:00,-10.5,87,9.9,0.0,980.1
2018-01-05 07:00:00,-9.6,86,8.9,0.0,980.4
2018-01-05 08:00:00,-6.9,84,7.9,0.0,980.7
2018-01-05 09:00:00,-6.8,83,5.7,48.0,980.9
2018-01-05 10:00:00,-5.4,80,7.8,149.0,980.9
2018-01-05 11:00:00,-4.3,76,7.3,296.0,980.9
2018-01-05 12:00:00,-3.6,74,8.1,382.0,980.2
2018-01-05 13:00:00,-3.4,74,10.5,381.0,979.3
2018-01-05 14:00:00,-3.2,75,6.7,327.0,978.5
2018-01-05 15:00:00,-2.8,73,3.8,250.0,977.9
2018-01-05 16:00:00,-3.2,81,2.1,134.0,977.8
2018-01-05 17:00:00,-3.9,80,3.1,69.0,978.0
2018-01-05 18:00:00,-5.1,86,7.9,12.0,978.1
2018-01-05 19:00:00,-5.8,88,7.6,0.0,978.3
2018-01-05 20:00:00,-5.8,88,7.9,0.0,978.6
2018-01-05 21:00:00,-6.0,87,7.7,0.0,979.1
2018-01-05 22:00:00,-6.2,86,7.0,0.0,979.2
2018-01-05 23:00:00,-6.2,86,5.9,0.0,979.2
2018-01-06 00:00:00,-6.2,86,6.4,0.0,979.5
2018-01-06 01:00:00,-6.3,87,7.2,0.0,979.5
2018-01-06 02:00:00,-6.4,88,8.0,0.0,979.5
2018-01-06 03:00:00,-6.4,88,8.4,0.0,979.3
2018-01-06 04:00:00,-6.2,88,7.9,0.0,978.9
2018-01-06 05:00:00,-6.0,88,8.6,0.0,978.6
2018-01-06 06:00:00,-5.9,88,9.3,0.0,978.6
2018-01-06 07:00:00,-5.8,88,9.2,0.0,979.2
2018-01-06 08:00:00,-5.5,88,10.2,0.0,979.3
2018-01-06 09:00:00,-5.2,87,9.3,11.0,980.0
2018-01-06 10:00:00,-4.8,86,9.9,49.0,980.4
2018-01-06 11:00:00,-4.1,85,9.3,126.0,980.8
2018-01-06 12:00:00,-3.9,85,9.7,148.0,980.6
2018-01-06 13:00:00,-3.6,85,9.3,154.0,979.6
2018-01-06 14:00:00,-3.0,84,8.0,219.0,978.7
2018-01-06 15:00:00,-2.4,82,6.9,316.0,978.5
2018-01-06 16:00:00,-2.2,82,4.7,233.0,978.6
2018-01-06 17:00:00,-2.6,83,5.4,111.0,978.9
2018-01-06 18:00:00,-3.5,86,6.1,17.0,979.2
2018-01-06 19:00:00,-4.4,86,6.8,0.0,979.4
2018-01-06 20:00:00,-5.3,86,5.5,0.0,979.5
2018-01-06 21:00:00,-5.9,87,7.4,0.0,980.1
2018-01-06 22:00:00,-6.0,86,6.0,0.0,980.5
2018-01-06 23:00:00,-5.8,85,6.2,0.0,980.3
2018-01-07 00:00:00,-6.5,86,6.9,0.0,980.1
2018-01-07 01:00:00,-7.0,87,6.6,0.0,979.7
2018-01-07 02:00:00,-7.7,87,5.4,0.0,979.5
2018-01-07 03:00:00,-6.4,86,4.4,0.0,979.8
2018-01-07 04:00:00,-5.2,84,5.8,0.0,979.9
2018-01-07 05:00:00,-4.8,88,10.2,0.0,979.9
2018-01-07 06:00:00,-4.7,91,13.4,0.0,980.1
2018-01-07 07:00:00,-4.6,88,13.4,0.0,980.0
2018-01-07 08:00:00,-4.1,88,11.5,0.0,979.3
2018-01-07 09:00:00,-2.6,84,12.2,32.0,980.1
2018-01-07 10:00:00,-2.0,81,13.6,86.0,980.8
2018-01-07 11:00:00,-1.6,79,12.0,159.0,981.5
2018-01-07 12:00:00,-1.5,79,12.0,185.0,981.0
2018-01-07 13:00:00,-1.4,80,13.8,242.0,980.2
2018-01-07 14:00:00,-1.3,79,13.0,238.0,979.9
2018-01-07 15:00:00,-1.2,78,11.0,250.0,979.6
2018-01-07 16:00:00,-1.4,80,11.2,151.0,979.7
2018-01-07 17:00:00,-1.7,82,14.3,90.0,980.3
2018-01-07 18:00:00,-2.3,83,14.8,18.0,981.0
2018-01-07 19:00:00,-2.8,83,14.0,0.0,982.1
2018-01-07 20:00:00,-2.3,83,12.2,0.0,984.2
2018-01-07 21:00:00,-2.1,81,14.0,0.0,985.7
2018-01-07 22:00:00,-2.2,78,14.2,0.0,987.3
2018-01-07 23:00:00,-2.7,77,13.0,0.0,988.5
2018-01-08 00:00:00,-3.7,75,14.0,0.0,988.8
2018-01-08 01:00:00,-4.0,70,12.6,0.0,988.7
2018-01-08 02:00:00,-4.8,72,15.6,0.0,988.6
2018-01-08 03:00:00,-5.3,69,17.3,0.0,988.6
2018-01-08 04:00:00,-6.1,67,17.0,0.0,988.3
2018-01-08 05:00:00,-6.6,66,16.2,0.0,988.2
2018-01-08 06:00:00,-7.6,67,14.0,0.0,987.9
2018-01-08 07:00:00,-9.3,69,10.7,0.0,987.8
2018-01-08 08:00:00,-10.1,66,8.4,0.0,988.0
2018-01-08 09:00:00,-10.0,67,7.4,69.0,988.3
2018-01-08 10:00:00,-7.9,63,5.9,235.0,988.9
2018-01-08 11:00:00,-5.3,57,10.0,397.0,989.3
2018-01-08 12:00:00,-4.5,57,12.0,516.0,988.4
2018-01-08 13:00:00,-3.8,58,12.8,573.0,986.8
2018-01-08 14:00:00,-3.3,58,11.2,562.0,985.0
2018-01-08 15:00:00,-2.9,58,7.3,484.0,984.1
2018-01-08 16:00:00,-3.4,58,5.9,349.0,983.7
2018-01-08 17:00:00,-4.9,60,8.0,179.0,983.1
2018-01-08 18:00:00,-6.3,63,10.1,31.0,983.0
2018-01-08 19:00:00,-7.4,63,9.1,0.0,983.3
2018-01-08 20:00:00,-9.2,66,6.4,0.0,983.9
2018-01-08 21:00:00,-9.5,70,6.5,0.0,984.2
2018-01-08 22:00:00,-9.5,67,8.6,0.0,984.5
2018-01-08 23:00:00,-9.8,64,7.3,0.0,984.8
2018-01-09 00:00:00,-11.3,62,9.1,0.0,984.4
2018-01-09 01:00:00,-11.7,59,9.8,0.0,984.4
2018-01-09 02:00:00,-11.3,59,9.4,0.0,984.1
2018-01-09 03:00:00,-12.8,60,11.5,0.0,983.6
2018-01-09 04:00:00,-13.5,59,12.3,0.0,983.6
2018-01-09 05:00:00,-13.1,59,11.4,0.0,983.8
2018-01-09 06:00:00,-11.8,60,8.7,0.0,984.2
2018-01-09 07:00:00,-11.7,61,8.3,0.0,984.7
2018-01-09 08:00:00,-9.5,61,9.9,0.0,985.8
2018-01-09 09:00:00,-7.9,59,9.1,69.0,986.4
2018-01-09 10:00:00,-6.2,59,8.3,234.0,987.8
2018-01-09 11:00:00,-4.5,57,10.2,397.0,988.4
2018-01-09 12:00:00,-3.2,56,9.6,517.0,987.9
2018-01-09 13:00:00,-2.1,52,8.8,576.0,986.9
2018-01-09 14:00:00,-1.5,51,9.5,566.0,985.8
2018-01-09 15:00:00,-1.2,51,9.4,489.0,985.1
2018-01-09 16:00:00,-1.3,50,10.1,353.0,984.5
2018-01-09 17:00:00,-2.3,48,11.6,181.0,984.3
2018-01-09 18:00:00,-3.9,48,10.2,32.0,984.0
2018-01-09 19:00:00,-6.6,50,11.4,0.0,983.9
2018-01-09 20:00:00,-4.7,41,9.4,0.0,985.4
2018-01-09 21:00:00,-5.8,45,10.2,0.0,985.8
2018-01-09 22:00:00,-6.2,44,10.4,0.0,986.4
2018-01-09 23:00:00,-6.8,46,9.7,0.0,986.8
2018-01-10 00:00:00,-8.1,49,9.4,0.0,987.2
2018-01-10 01:00:00,-10.6,57,11.6,0.0,987.2
2018-01-10 02:00:00,-10.8,59,12.1,0.0,987.3
2018-01-10 03:00:00,-9.0,54,11.3,0.0,987.9
2018-01-10 04:00:00,-10.5,57,11.6,0.0,987.5
2018-01-10 05:00:00,-10.2,57,12.0,0.0,987.4
2018-01-10 06:00:00,-9.5,55,10.5,0.0,987.8
2018-01-10 07:00:00,-10.2,56,10.4,0.0,988.1
2018-01-10 08:00:00,-11.2,65,11.6,0.0,988.3
2018-01-10 09:00:00,-10.0,63,9.7,68.0,989.1
2018-01-10 10:00:00,-5.9,59,5.4,231.0,990.4
2018-01-10 11:00:00,-3.2,53,7.2,391.0,990.8
2018-01-10 12:00:00,-1.9,52,6.5,509.0,989.7
2018-01-10 13:00:00,-0.6,50,6.1,567.0,988.4
2018-01-10 14:00:00,0.3,49,5.8,558.0,987.1
2018-01-10 15:00:00,0.6,49,6.2,482.0,985.9
2018-01-10 16:00:00,-0.3,56,5.6,350.0,985.3
2018-01-10 17:00:00,1.3,43,7.6,183.0,985.2
2018-01-10 18:00:00,-3.7,57,7.0,34.0,984.2
2018-01-10 19:00:00,-8.8,70,8.2,0.0,983.7
2018-01-10 20:00:00,-8.0,64,7.3,0.0,984.5
2018-01-10 21:00:00,-8.3,57,9.8,0.0,985.3
2018-01-10 22:00:00,-7.8,52,7.8,0.0,985.7
2018-01-10 23:00:00,-11.2,60,10.9,0.0,985.5
2018-01-11 00:00:00,-11.7,63,11.6,0.0,985.5
2018-01-11 01:00:00,-11.8,63,10.8,0.0,985.6
2018-01-11 02:00:00,-12.4,63,11.6,0.0,985.6
2018-01-11 03:00:00,-11.3,54,10.2,0.0,986.2
2018-01-11 04:00:00,-7.8,41,4.4,0.0,986.8
2018-01-11 05:00:00,-8.3,41,3.5,0.0,987.2
2018-01-11 06:00:00,-8.6,40,4.1,0.0,987.6
2018-01-11 07:00:00,-8.7,40,2.8,0.0,988.6
2018-01-11 08:00:00,-11.7,56,6.3,0.0,988.8
2018-01-11 09:00:00,-5.9,45,4.8,68.0,990.9
2018-01-11 10:00:00,-3.1,44,2.9,231.0,992.1
2018-01-11 11:00:00,-1.2,42,4.0,390.0,992.4
2018-01-11 12:00:00,0.5,39,2.9,506.0,991.8
2018-01-11 13:00:00,1.9,36,1.5,563.0,990.3
2018-01-11 14:00:00,2.9,34,0.8,554.0,989.1
2018-01-11 15:00:00,3.6,33,0.7,480.0,988.5
2018-01-11 16:00:00,3.6,32,1.8,350.0,988.2
2018-01-11 17:00:00,2.3,50,2.8,184.0,987.8
2018-01-11 18:00:00,-2.4,59,8.8,35.0,987.1
2018-01-11 19:00:00,-2.8,60,6.9,0.0,987.1
2018-01-11 20:00:00,-6.2,72,12.7,0.0,987.2
2018-01-11 21:00:00,-4.4,65,9.0,0.0,987.8
2018-01-11 22:00:00,-5.4,68,9.8,0.0,987.9
2018-01-11 23:00:00,-4.4,58,4.3,0.0,988.6
2018-01-12 00:00:00,-5.9,66,0.7,0.0,988.3
2018-01-12 01:00:00,-6.5,70,1.6,0.0,987.9
2018-01-12 02:00:00,-7.0,72,0.4,0.0,987.5
2018-01-12 03:00:00,-7.3,70,1.4,0.0,987.7
2018-01-12 04:00:00,-7.4,69,2.2,0.0,987.2
2018-01-12 05:00:00,-7.9,72,3.0,0.0,986.8
2018-01-12 06:00:00,-8.2,72,2.2,0.0,986.6
2018-01-12 07:00:00,-8.3,73,2.3,0.0,986.6
2018-01-12 08:00:00,-8.7,74,3.3,0.0,987.2
2018-01-12 09:00:00,-7.2,68,3.9,68.0,987.5
2018-01-12 10:00:00,-4.9,56,3.0,229.0,988.5
2018-01-12 11:00:00,-2.8,47,3.5,386.0,988.2
2018-01-12 12:00:00,-1.1,41,6.6,502.0,987.2
2018-01-12 13:00:00,-0.1,38,8.8,559.0,985.5
2018-01-12 14:00:00,0.9,35,10.1,551.0,983.8
2018-01-12 15:00:00,1.5,34,12.1,477.0,982.9
2018-01-12 16:00:00,1.0,38,12.5,348.0,982.4
2018-01-12 17:00:00,-0.3,44,9.4,175.0,982.2
2018-01-12 18:00:00,-3.7,56,7.1,36.0,981.7
2018-01-12 19:00:00,-3.3,54,3.1,0.0,981.9
2018-01-12 20:00:00,-6.2,80,5.9,0.0,982.9
2018-01-12 21:00:00,-6.0,75,10.3,0.0,983.6
2018-01-12 22:00:00,-6.7,76,7.9,0.0,983.2
2018-01-12 23:00:00,-6.8,77,5.9,0.0,983.2
2018-01-13 00:00:00,-6.9,78,6.8,0.0,982.6
2018-01-13 01:00:00,-7.2,80,6.9,0.0,982.9
2018-01-13 02:00:00,-7.8,83,7.9,0.0,982.3
2018-01-13 03:00:00,-7.7,81,6.9,0.0,982.0
2018-01-13 04:00:00,-7.4,78,3.0,0.0,981.5
2018-01-13 05:00:00,-7.4,78,4.1,0.0,980.3
2018-01-13 06:00:00,-7.5,77,3.9,0.0,980.9
2018-01-13 07:00:00,-7.1,74,6.1,0.0,981.3
2018-01-13 08:00:00,-7.0,74,3.3,0.0,981.4
2018-01-13 09:00:00,-5.5,67,4.3,44.0,982.3
2018-01-13 10:00:00,-3.8,60,2.7,167.0,982.6
2018-01-13 11:00:00,-2.0,54,3.5,287.0,981.7
2018-01-13 12:00:00,-0.9,50,8.1,337.0,980.9
2018-01-13 13:00:00,0.1,49,10.2,358.0,979.5
2018-01-13 14:00:00,1.2,47,9.0,397.0,978.2
2018-01-13 15:00:00,1.1,50,10.2,256.0,977.0
2018-01-13 16:00:00,1.5,51,9.2,249.0,977.3
2018-01-13 17:00:00,0.6,55,6.8,138.0,977.2
2018-01-13 18:00:00,-2.3,73,6.1,30.0,977.3
2018-01-13 19:00:00,-3.1,74,4.3,0.0,978.2
2018-01-13 20:00:00,-6.0,87,4.7,0.0,978.3
2018-01-13 21:00:00,-4.5,83,8.1,0.0,979.6
2018-01-13 22:00:00,-5.6,85,10.4,0.0,979.6
2018-01-13 23:00:00,-5.5,83,8.4,0.0,979.4
2018-01-14 00:00:00,-5.3,82,6.6,0.0,979.1
2018-01-14 01:00:00,-5.3,81,9.6,0.0,978.8
2018-01-14 02:00:00,-5.3,81,10.9,0.0,978.2
2018-01-14 03:00:00,-5.2,80,11.9,0.0,978.0
2018-01-14 04:00:00,-5.0,80,12.6,0.0,977.8
2018-01-14 05:00:00,-4.7,80,11.5,0.0,977.5
2018-01-14 06:00:00,-4.9,83,7.3,0.0,977.0
2018-01-14 07:00:00,-3.9,78,1.8,0.0,977.3
2018-01-14 08:00:00,-5.1,87,2.7,0.0,978.7
2018-01-14 09:00:00,-3.9,82,1.1,65.0,979.5
2018-01-14 10:00:00,-1.5,68,4.7,220.0,980.4
2018-01-14 11:00:00,0.9,57,3.9,372.0,980.7
2018-01-14 12:00:00,3.2,50,4.3,489.0,979.5
2018-01-14 13:00:00,4.9,44,6.5,546.0,977.7
2018-01-14 14:00:00,5.9,42,7.7,537.0,976.3
2018-01-14 15:00:00,6.3,42,10.0,466.0,975.7
2018-01-14 16:00:00,5.9,44,11.0,341.0,975.5
2018-01-14 17:00:00,3.9,49,5.4,183.0,975.1
2018-01-14 18:00:00,3.9,45,7.2,38.0,975.2
2018-01-14 19:00:00,0.9,54,3.9,0.0,974.8
2018-01-14 20:00:00,-0.2,71,3.7,0.0,975.0
2018-01-14 21:00:00,-1.0,72,6.4,0.0,975.2
2018-01-14 22:00:00,-2.5,75,6.6,0.0,975.7
2018-01-14 23:00:00,-2.8,75,5.7,0.0,975.9
2018-01-15 00:00:00,-4.0,82,1.8,0.0,975.3
2018-01-15 01:00:00,-4.8,89,2.7,0.0,974.5
2018-01-15 02:00:00,-4.4,88,0.5,0.0,974.0
2018-01-15 03:00:00,-4.4,89,2.5,0.0,973.8
2018-01-15 04:00:00,-4.1,79,4.7,0.0,973.8
2018-01-15 05:00:00,-4.5,83,8.4,0.0,974.5
2018-01-15 06:00:00,-5.1,89,11.1,0.0,975.7
2018-01-15 07:00:00,-6.0,91,12.3,0.0,976.9
2018-01-15 08:00:00,-6.9,93,14.1,0.0,978.5
2018-01-15 09:00:00,-5.5,84,15.8,41.0,978.9
2018-01-15 10:00:00,-2.7,70,10.4,133.0,978.6
2018-01-15 11:00:00,0.1,58,2.6,246.0,978.6
2018-01-15 12:00:00,2.0,50,5.9,408.0,978.5
2018-01-15 13:00:00,3.0,49,11.1,485.0,977.0
2018-01-15 14:00:00,3.2,53,12.8,416.0,977.3
2018-01-15 15:00:00,3.1,53,13.7,189.0,976.7
2018-01-15 16:00:00,3.2,54,13.6,152.0,976.0
2018-01-15 17:00:00,2.8,58,8.9,108.0,975.6
2018-01-15 18:00:00,1.0,66,7.8,29.0,975.4
2018-01-15 19:00:00,0.6,71,6.6,0.0,976.1
2018-01-15 20:00:00,-2.3,80,5.4,0.0,977.8
2018-01-15 21:00:00,-2.2,80,5.5,0.0,978.3
2018-01-15 22:00:00,-2.7,83,4.0,0.0,978.3
2018-01-15 23:00:00,-2.3,80,6.6,0.0,978.6
2018-01-16 00:00:00,-1.3,74,7.6,0.0,978.5
2018-01-16 01:00:00,-1.0,73,7.6,0.0,978.4
2018-01-16 02:00:00,-1.2,73,6.6,0.0,978.2
2018-01-16 03:00:00,-0.5,67,8.1,0.0,978.1
2018-01-16 04:00:00,-1.4,67,7.0,0.0,977.4
2018-01-16 05:00:00,-1.2,62,8.4,0.0,976.8
2018-01-16 06:00:00,-2.9,67,7.6,0.0,975.9
2018-01-16 07:00:00,-3.3,68,6.5,0.0,975.5
2018-01-16 08:00:00,-4.7,74,6.6,0.0,975.6
2018-01-16 09:00:00,-1.1,55,5.0,60.0,976.2
2018-01-16 10:00:00,2.1,41,2.1,204.0,976.1
2018-01-16 11:00:00,4.6,33,1.5,380.0,975.6
2018-01-16 12:00:00,6.6,30,5.5,503.0,973.8
2018-01-16 13:00:00,7.7,30,11.7,562.0,971.5
2018-01-16 14:00:00,7.1,39,15.8,556.0,969.7
2018-01-16 15:00:00,7.1,41,16.3,484.0,968.4
2018-01-16 16:00:00,6.7,44,16.1,357.0,967.6
2018-01-16 17:00:00,4.9,52,15.3,194.0,966.9
2018-01-16 18:00:00,2.0,58,13.2,43.0,966.4
2018-01-16 19:00:00,0.1,60,10.6,0.0,966.6
2018-01-16 20:00:00,-2.7,68,7.4,0.0,967.1
2018-01-16 21:00:00,-2.3,66,7.6,0.0,968.0
2018-01-16 22:00:00,-1.4,60,5.1,0.0,969.3
2018-01-16 23:00:00,-2.1,64,2.6,0.0,969.3
2018-01-17 00:00:00,-3.0,72,3.9,0.0,968.8
2018-01-17 01:00:00,-3.2,75,4.4,0.0,967.7
2018-01-17 02:00:00,-4.4,76,5.3,0.0,968.4
2018-01-17 03:00:00,-4.0,71,5.2,0.0,970.6
2018-01-17 04:00:00,-5.1,76,19.4,0.0,971.5
2018-01-17 05:00:00,-4.9,71,14.8,0.0,973.0
2018-01-17 06:00:00,-2.8,61,16.7,0.0,973.2
2018-01-17 07:00:00,-2.6,61,16.0,0.0,974.9
2018-01-17 08:00:00,-1.9,61,11.6,0.0,975.3
2018-01-17 09:00:00,0.3,57,10.5,54.0,976.7
2018-01-17 10:00:00,3.7,48,7.5,225.0,978.6
2018-01-17 11:00:00,5.8,40,9.8,374.0,979.8
2018-01-17 12:00:00,7.0,36,10.3,461.0,979.2
2018-01-17 13:00:00,7.8,34,12.2,541.0,978.3
2018-01-17 14:00:00,8.0,33,12.2,493.0,977.7
2018-01-17 15:00:00,7.9,33,11.5,387.0,977.3
2018-01-17 16:00:00,7.4,34,11.2,302.0,977.3
2018-01-17 17:00:00,6.1,43,7.8,191.0,977.2
2018-01-17 18:00:00,2.6,56,7.2,44.0,976.7
2018-01-17 19:00:00,1.4,57,9.7,0.0,976.9
2018-01-17 20:00:00,-1.1,59,7.0,0.0,977.0
2018-01-17 21:00:00,-0.6,58,5.6,0.0,977.9
2018-01-17 22:00:00,-1.6,64,7.5,0.0,978.3
2018-01-17 23:00:00,-1.5,66,6.8,0.0,978.7
2018-01-18 00:00:00,-2.2,67,5.2,0.0,979.3
2018-01-18 01:00:00,-2.4,68,6.5,0.0,979.1
2018-01-18 02:00:00,-2.0,64,5.5,0.0,979.5
2018-01-18 03:00:00,-3.1,69,3.7,0.0,979.0
2018-01-18 04:00:00,-2.7,65,3.6,0.0,979.5
2018-01-18 05:00:00,-4.1,72,1.8,0.0,979.5
2018-01-18 06:00:00,-4.1,71,3.0,0.0,980.0
2018-01-18 07:00:00,-4.1,69,2.7,0.0,980.0
2018-01-18 08:00:00,-2.7,66,3.1,0.0,980.7
2018-01-18 09:00:00,-1.4,65,3.8,61.0,981.5
2018-01-18 10:00:00,0.7,60,2.3,214.0,982.5
2018-01-18 11:00:00,3.1,52,1.1,364.0,982.5
2018-01-18 12:00:00,4.5,47,3.1,430.0,982.1
2018-01-18 13:00:00,5.6,43,1.6,459.0,981.2
2018-01-18 14:00:00,6.2,43,3.2,379.0,980.2
2018-01-18 15:00:00,6.7,42,3.7,366.0,980.1
2018-01-18 16:00:00,6.6,43,3.7,227.0,979.9
2018-01-18 17:00:00,5.8,48,6.4,131.0,980.4
2018-01-18 18:00:00,4.0,52,10.2,24.0,980.7
2018-01-18 19:00:00,2.4,53,9.3,0.0,981.0
2018-01-18 20:00:00,-0.8,68,6.8,0.0,982.2
2018-01-18 21:00:00,0.1,63,6.2,0.0,982.2
2018-01-18 22:00:00,-1.3,70,5.2,0.0,982.4
2018-01-18 23:00:00,-0.9,68,5.9,0.0,983.1
2018-01-19 00:00:00,-0.8,66,8.3,0.0,982.3
2018-01-19 01:00:00,-0.7,66,7.6,0.0,982.1
2018-01-19 02:00:00,-0.4,65,9.1,0.0,982.0
2018-01-19 03:00:00,-1.2,69,7.2,0.0,982.1
2018-01-19 04:00:00,-1.4,71,5.5,0.0,981.4
2018-01-19 05:00:00,-0.4,65,9.4,0.0,981.2
2018-01-19 06:00:00,-1.0,66,7.6,0.0,980.9
2018-01-19 07:00:00,-1.9,69,8.6,0.0,980.6
2018-01-19 08:00:00,-1.9,72,8.3,1.0,981.7
2018-01-19 09:00:00,0.2,68,5.8,70.0,981.7
2018-01-19 10:00:00,3.4,58,2.3,228.0,983.0
2018-01-19 11:00:00,6.0,50,1.8,384.0,982.0
2018-01-19 12:00:00,7.6,46,2.6,503.0,980.6
2018-01-19 13:00:00,8.8,43,2.6,561.0,979.5
2018-01-19 14:00:00,9.6,42,5.2,555.0,978.2
2018-01-19 15:00:00,10.0,41,6.7,480.0,977.6
2018-01-19 16:00:00,9.7,39,8.7,354.0,977.1
2018-01-19 17:00:00,8.3,47,7.4,198.0,976.6
2018-01-19 18:00:00,3.7,62,9.9,47.0,976.0
2018-01-19 19:00:00,1.9,69,10.9,0.0,975.6
2018-01-19 20:00:00,-0.1,72,8.5,0.0,975.7
2018-01-19 21:00:00,2.0,61,4.7,0.0,976.7
2018-01-19 22:00:00,0.5,67,8.6,0.0,977.8
2018-01-19 23:00:00,-0.3,71,7.6,0.0,978.8
2018-01-20 00:00:00,-1.3,81,6.3,0.0,978.2
2018-01-20 01:00:00,-2.2,86,4.9,0.0,977.9
2018-01-20 02:00:00,-2.4,83,2.6,0.0,977.9
2018-01-20 03:00:00,-1.4,78,2.5,0.0,978.2
2018-01-20 04:00:00,-2.4,83,3.6,0.0,977.3
2018-01-20 05:00:00,-2.3,83,5.4,0.0,976.7
2018-01-20 06:00:00,-1.9,78,7.2,0.0,976.7
2018-01-20 07:00:00,-1.8,75,4.9,0.0,977.0
2018-01-20 08:00:00,-2.2,83,4.3,0.0,978.4
2018-01-20 09:00:00,0.0,71,6.5,50.0,979.4
2018-01-20 10:00:00,2.4,63,7.3,156.0,980.4
2018-01-20 11:00:00,5.1,54,5.2,327.0,980.3
2018-01-20 12:00:00,6.8,49,3.8,395.0,979.4
2018-01-20 13:00:00,7.8,46,5.9,397.0,978.5
2018-01-20 14:00:00,8.6,44,5.7,403.0,977.5
2018-01-20 15:00:00,9.3,42,4.6,408.0,976.6
2018-01-20 16:00:00,9.4,42,5.1,306.0,976.1
2018-01-20 17:00:00,8.1,53,4.7,161.0,975.8
2018-01-20 18:00:00,4.7,62,7.3,44.0,975.4
2018-01-20 19:00:00,3.5,63,7.9,0.0,975.3
2018-01-20 20:00:00,1.8,74,8.6,0.0,975.8
2018-01-20 21:00:00,1.6,72,4.3,0.0,976.1
2018-01-20 22:00:00,0.6,75,4.7,0.0,976.1
2018-01-20 23:00:00,-0.4,79,4.2,0.0,976.2
2018-01-21 00:00:00,-0.6,75,3.7,0.0,975.8
2018-01-21 01:00:00,-0.8,73,5.0,0.0,975.9
2018-01-21 02:00:00,-1.8,77,5.4,0.0,975.9
2018-01-21 03:00:00,-0.9,74,5.1,0.0,976.8
2018-01-21 04:00:00,-0.4,77,8.4,0.0,976.2
2018-01-21 05:00:00,-1.6,84,7.2,0.0,975.6
2018-01-21 06:00:00,0.4,69,0.8,0.0,975.7
2018-01-21 07:00:00,-0.4,74,4.5,0.0,976.2
2018-01-21 08:00:00,-0.5,74,4.0,0.0,976.9
2018-01-21 09:00:00,1.1,70,5.6,32.0,976.3
2018-01-21 10:00:00,4.2,60,6.0,176.0,976.2
2018-01-21 11:00:00,5.7,57,12.1,353.0,976.1
2018-01-21 12:00:00,7.8,50,12.6,501.0,975.2
2018-01-21 13:00:00,8.7,45,16.6,560.0,973.6
2018-01-21 14:00:00,9.4,44,11.6,557.0,973.8
2018-01-21 15:00:00,9.7,42,5.7,471.0,973.4
2018-01-21 16:00:00,10.2,40,1.9,335.0,973.3
2018-01-21 17:00:00,9.0,63,4.4,199.0,973.0
2018-01-21 18:00:00,5.0,64,9.0,49.0,972.2
2018-01-21 19:00:00,5.3,62,6.1,0.0,972.2
2018-01-21 20:00:00,4.9,62,4.3,0.0,972.6
2018-01-21 21:00:00,0.5,84,10.2,0.0,972.2
2018-01-21 22:00:00,1.8,76,8.1,0.0,973.1
2018-01-21 23:00:00,0.9,77,7.3,0.0,973.5
2018-01-22 00:00:00,0.6,76,5.1,0.0,973.2
2018-01-22 01:00:00,-0.9,86,8.0,0.0,973.1
2018-01-22 02:00:00,-1.9,87,3.3,0.0,972.8
2018-01-22 03:00:00,-2.5,88,3.8,0.0,972.9
2018-01-22 04:00:00,-1.2,80,3.6,0.0,973.0
2018-01-22 05:00:00,0.2,76,4.0,0.0,973.2
2018-01-22 06:00:00,0.9,68,3.1,0.0,973.5
2018-01-22 07:00:00,0.2,78,5.4,0.0,973.8
2018-01-22 08:00:00,-0.2,79,3.6,0.0,974.4
2018-01-22 09:00:00,0.4,77,5.8,40.0,975.2
2018-01-22 10:00:00,2.5,68,5.1,162.0,976.4
2018-01-22 11:00:00,4.3,63,4.5,278.0,976.7
2018-01-22 12:00:00,6.3,56,3.4,380.0,976.5
2018-01-22 13:00:00,7.4,49,2.8,400.0,975.5
2018-01-22 14:00:00,8.1,47,1.6,395.0,974.1
2018-01-22 15:00:00,8.7,45,2.0,401.0,973.7
2018-01-22 16:00:00,8.8,45,3.5,318.0,973.5
2018-01-22 17:00:00,7.1,64,3.8,183.0,973.2
2018-01-22 18:00:00,3.5,70,7.7,51.0,972.8
2018-01-22 19:00:00,1.5,77,6.6,0.0,972.6
2018-01-22 20:00:00,1.6,80,6.0,0.0,971.2
2018-01-22 21:00:00,2.5,70,5.8,0.0,971.8
2018-01-22 22:00:00,4.4,60,3.2,0.0,973.2
2018-01-22 23:00:00,-0.6,83,8.1,0.0,974.1
2018-01-23 00:00:00,-0.6,81,6.9,0.0,974.9
2018-01-23 01:00:00,-0.4,78,5.8,0.0,975.4
2018-01-23 02:00:00,-0.4,78,5.9,0.0,975.6
2018-01-23 03:00:00,-1.3,84,8.7,0.0,976.0
2018-01-23 04:00:00,0.3,74,14.9,0.0,976.7
2018-01-23 05:00:00,0.0,66,18.3,0.0,977.1
2018-01-23 06:00:00,-0.2,54,17.4,0.0,977.6
2018-01-23 07:00:00,-0.7,47,17.6,0.0,978.2
2018-01-23 08:00:00,-1.1,43,17.4,1.0,979.1
2018-01-23 09:00:00,-0.5,38,18.4,66.0,979.8
2018-01-23 10:00:00,0.4,34,22.4,202.0,980.2
2018-01-23 11:00:00,1.1,34,22.4,258.0,980.3
2018-01-23 12:00:00,1.9,36,20.6,274.0,980.1
2018-01-23 13:00:00,2.3,36,18.3,248.0,978.9
2018-01-23 14:00:00,2.6,35,15.9,195.0,977.6
2018-01-23 15:00:00,2.8,34,13.4,174.0,977.3
2018-01-23 16:00:00,2.8,35,10.6,118.0,977.2
2018-01-23 17:00:00,2.5,37,7.9,66.0,977.1
2018-01-23 18:00:00,1.8,40,4.5,21.0,977.7
2018-01-23 19:00:00,1.8,38,2.9,0.0,979.0
2018-01-23 20:00:00,0.9,52,7.2,0.0,979.8
2018-01-23 21:00:00,0.3,54,9.7,0.0,980.0
2018-01-23 22:00:00,-0.3,54,5.7,0.0,979.6
2018-01-23 23:00:00,-1.2,63,6.0,0.0,979.6
2018-01-24 00:00:00,-1.0,58,6.5,0.0,980.2
2018-01-24 01:00:00,-1.1,50,6.4,0.0,980.4
2018-01-24 02:00:00,-1.4,52,4.6,0.0,980.2
2018-01-24 03:00:00,-1.8,50,4.0,0.0,980.2
2018-01-24 04:00:00,-1.5,41,3.4,0.0,979.8
2018-01-24 05:00:00,-1.7,46,3.5,0.0,979.4
2018-01-24 06:00:00,-1.8,46,3.6,0.0,979.2
2018-01-24 07:00:00,-1.6,39,4.5,0.0,979.6
2018-01-24 08:00:00,-1.6,37,8.4,0.0,979.6
2018-01-24 09:00:00,-1.6,36,10.2,15.0,979.7
2018-01-24 10:00:00,-1.3,41,9.8,57.0,980.0
2018-01-24 11:00:00,-1.5,48,11.7,57.0,979.8
2018-01-24 12:00:00,-1.3,53,13.3,102.0,979.3
2018-01-24 13:00:00,-1.3,57,13.2,108.0,978.0
2018-01-24 14:00:00,-1.2,62,11.5,93.0,977.2
2018-01-24 15:00:00,-0.8,66,11.3,91.0,976.9
2018-01-24 16:00:00,-0.3,69,11.1,87.0,977.1
2018-01-24 17:00:00,-0.8,75,8.7,30.0,977.1
2018-01-24 18:00:00,-1.1,79,8.1,9.0,977.5
2018-01-24 19:00:00,-1.3,79,8.7,0.0,978.3
2018-01-24 20:00:00,-2.1,78,12.8,0.0,979.0
2018-01-24 21:00:00,-2.3,77,13.7,0.0,979.7
2018-01-24 22:00:00,-2.5,77,12.5,0.0,980.4
2018-01-24 23:00:00,-2.6,76,13.2,0.0,980.9
2018-01-25 00:00:00,-2.9,77,14.3,0.0,980.9
2018-01-25 01:00:00,-3.0,76,16.3,0.0,981.1
2018-01-25 02:00:00,-3.3,76,14.6,0.0,981.4
2018-01-25 03:00:00,-3.4,76,14.0,0.0,981.8
2018-01-25 04:00:00,-3.5,76,13.1,0.0,981.9
2018-01-25 05:00:00,-3.6,77,12.5,0.0,982.0
2018-01-25 06:00:00,-3.7,78,12.3,0.0,982.5
2018-01-25 07:00:00,-3.9,80,13.3,0.0,983.0
2018-01-25 08:00:00,-4.4,80,14.3,0.0,983.5
2018-01-25 09:00:00,-4.0,77,13.2,40.0,984.3
2018-01-25 10:00:00,-3.2,72,12.7,97.0,985.4
2018-01-25 11:00:00,-3.1,72,13.8,119.0,985.7
2018-01-25 12:00:00,-2.6,70,12.5,180.0,985.5
2018-01-25 13:00:00,-1.9,67,11.9,281.0,984.1
2018-01-25 14:00:00,-1.4,65,12.4,315.0,983.5
2018-01-25 15:00:00,-1.5,65,16.4,245.0,983.1
2018-01-25 16:00:00,-1.8,66,16.4,163.0,983.1
2018-01-25 17:00:00,-1.9,67,16.0,150.0,983.7
2018-01-25 18:00:00,-2.6,71,13.0,37.0,984.2
2018-01-25 19:00:00,-3.3,74,10.4,0.0,984.8
2018-01-25 20:00:00,-3.9,72,9.5,0.0,985.6
2018-01-25 21:00:00,-4.2,70,12.2,0.0,986.1
2018-01-25 22:00:00,-4.5,69,11.7,0.0,986.5
2018-01-25 23:00:00,-4.7,68,11.5,0.0,986.6
2018-01-26 00:00:00,-5.3,69,11.1,0.0,987.0
2018-01-26 01:00:00,-5.3,68,9.4,0.0,987.2
2018-01-26 02:00:00,-5.3,68,8.9,0.0,986.8
2018-01-26 03:00:00,-5.4,68,9.9,0.0,986.2
2018-01-26 04:00:00,-5.7,69,10.7,0.0,985.5
2018-01-26 05:00:00,-6.1,69,12.1,0.0,985.6
2018-01-26 06:00:00,-6.2,69,11.3,0.0,985.6
2018-01-26 07:00:00,-6.1,68,12.0,0.0,985.0
2018-01-26 08:00:00,-6.5,71,11.3,1.0,985.1
2018-01-26 09:00:00,-5.8,67,13.0,59.0,985.3
2018-01-26 10:00:00,-4.5,62,14.9,187.0,985.0
2018-01-26 11:00:00,-3.1,57,15.4,308.0,984.7
2018-01-26 12:00:00,-2.1,55,16.4,380.0,983.7
2018-01-26 13:00:00,-0.7,50,15.9,472.0,982.1
2018-01-26 14:00:00,0.0,49,15.8,426.0,980.4
2018-01-26 15:00:00,0.9,44,13.0,391.0,979.3
2018-01-26 16:00:00,0.3,48,15.5,303.0,979.3
2018-01-26 17:00:00,-0.4,52,15.6,171.0,979.2
2018-01-26 18:00:00,-1.4,60,14.0,48.0,979.4
2018-01-26 19:00:00,-2.1,64,14.0,0.0,980.0
2018-01-26 20:00:00,-3.6,66,9.3,0.0,981.2
2018-01-26 21:00:00,-3.6,67,12.0,0.0,981.9
2018-01-26 22:00:00,-4.0,69,13.3,0.0,982.7
2018-01-26 23:00:00,-4.4,72,13.3,0.0,982.7
2018-01-27 00:00:00,-4.7,73,13.1,0.0,982.7
2018-01-27 01:00:00,-5.0,74,13.2,0.0,982.8
2018-01-27 02:00:00,-5.1,75,13.5,0.0,982.5
2018-01-27 03:00:00,-5.1,74,12.5,0.0,982.3
2018-01-27 04:00:00,-5.1,74,12.3,0.0,982.2
2018-01-27 05:00:00,-5.6,73,12.6,0.0,981.9
2018-01-27 06:00:00,-5.6,71,9.9,0.0,982.0
2018-01-27 07:00:00,-5.6,70,9.2,0.0,982.7
2018-01-27 08:00:00,-5.7,74,7.1,1.0,982.7
2018-01-27 09:00:00,-5.3,72,6.1,34.0,983.0
2018-01-27 10:00:00,-4.8,71,4.8,85.0,983.7
2018-01-27 11:00:00,-3.9,67,3.5,222.0,983.6
2018-01-27 12:00:00,-2.9,62,1.1,351.0,982.9
2018-01-27 13:00:00,-2.2,59,3.1,367.0,981.7
2018-01-27 14:00:00,-1.9,58,3.7,348.0,980.7
2018-01-27 15:00:00,-1.5,57,2.9,325.0,980.2
2018-01-27 16:00:00,-1.3,56,2.1,252.0,980.1
2018-01-27 17:00:00,-1.6,57,6.5,146.0,980.5
2018-01-27 18:00:00,-2.9,65,9.1,52.0,980.8
2018-01-27 19:00:00,-4.6,76,5.2,0.0,981.7
2018-01-27 20:00:00,-5.7,78,6.2,0.0,982.7
2018-01-27 21:00:00,-5.1,72,10.2,0.0,983.4
2018-01-27 22:00:00,-5.3,74,6.5,0.0,983.6
2018-01-27 23:00:00,-5.9,82,4.1,0.0,983.6
2018-01-28 00:00:00,-5.8,83,2.4,0.0,984.1
2018-01-28 01:00:00,-6.2,81,1.1,0.0,983.7
2018-01-28 02:00:00,-5.6,77,5.6,0.0,984.2
2018-01-28 03:00:00,-5.0,72,9.8,0.0,984.0
2018-01-28 04:00:00,-5.0,70,8.4,0.0,984.4
2018-01-28 05:00:00,-4.6,66,4.0,0.0,984.1
2018-01-28 06:00:00,-4.3,65,1.4,0.0,985.2
2018-01-28 07:00:00,-4.1,64,4.0,0.0,986.2
2018-01-28 08:00:00,-4.0,68,1.5,1.0,986.9
2018-01-28 09:00:00,-3.5,65,1.0,52.0,988.5
2018-01-28 10:00:00,-2.4,61,3.9,129.0,990.2
2018-01-28 11:00:00,-1.9,46,9.7,207.0,990.9
2018-01-28 12:00:00,-1.7,40,8.9,295.0,991.0
2018-01-28 13:00:00,-1.5,38,7.9,274.0,990.2
2018-01-28 14:00:00,-0.8,38,4.9,360.0,989.4
2018-01-28 15:00:00,-1.1,41,2.5,221.0,988.7
2018-01-28 16:00:00,-1.3,46,4.7,200.0,988.5
2018-01-28 17:00:00,-2.1,65,9.4,150.0,988.7
2018-01-28 18:00:00,-3.7,80,10.2,45.0,988.9
2018-01-28 19:00:00,-4.8,81,8.0,0.0,989.2
2018-01-28 20:00:00,-5.1,76,3.3,0.0,991.9
2018-01-28 21:00:00,-4.7,67,6.5,0.0,992.3
2018-01-28 22:00:00,-5.2,66,10.4,0.0,992.9
2018-01-28 23:00:00,-5.5,64,9.5,0.0,993.0
2018-01-29 00:00:00,-6.3,62,10.7,0.0,992.4
2018-01-29 01:00:00,-6.9,58,7.7,0.0,991.8
2018-01-29 02:00:00,-7.0,57,8.3,0.0,992.3
2018-01-29 03:00:00,-7.7,61,7.1,0.0,992.1
2018-01-29 04:00:00,-8.0,64,7.0,0.0,991.5
2018-01-29 05:00:00,-8.2,63,8.9,0.0,990.9
2018-01-29 06:00:00,-8.5,62,7.2,0.0,990.5
2018-01-29 07:00:00,-8.7,60,8.7,0.0,989.5
2018-01-29 08:00:00,-10.1,71,5.1,1.0,990.7
2018-01-29 09:00:00,-8.0,55,3.8,86.0,991.6
2018-01-29 10:00:00,-6.0,41,3.6,259.0,992.5
2018-01-29 11:00:00,-4.4,34,5.4,426.0,992.1
2018-01-29 12:00:00,-3.3,30,7.1,551.0,991.2
2018-01-29 13:00:00,-2.6,28,8.7,616.0,989.2
2018-01-29 14:00:00,-2.2,28,9.4,613.0,987.9
2018-01-29 15:00:00,-2.1,28,8.3,525.0,987.3
2018-01-29 16:00:00,-2.4,29,7.1,382.0,986.8
2018-01-29 17:00:00,-3.5,34,10.8,209.0,986.4
2018-01-29 18:00:00,-5.4,42,9.7,59.0,986.1
2018-01-29 19:00:00,-6.1,42,6.4,0.0,986.2
2018-01-29 20:00:00,-6.7,44,5.4,0.0,987.4
2018-01-29 21:00:00,-6.3,41,8.4,0.0,987.2
2018-01-29 22:00:00,-6.5,41,5.2,0.0,986.8
2018-01-29 23:00:00,-7.1,45,4.5,0.0,987.0
2018-01-30 00:00:00,-7.6,45,11.4,0.0,988.1
2018-01-30 01:00:00,-8.8,50,14.3,0.0,988.4
2018-01-30 02:00:00,-9.2,49,14.0,0.0,986.9
2018-01-30 03:00:00,-8.9,44,12.7,0.0,986.0
2018-01-30 04:00:00,-8.5,42,8.8,0.0,985.7
2018-01-30 05:00:00,-8.4,42,6.7,0.0,985.8
2018-01-30 06:00:00,-8.8,44,11.6,0.0,985.0
2018-01-30 07:00:00,-9.1,43,10.1,0.0,985.3
2018-01-30 08:00:00,-10.5,61,7.8,2.0,985.5
2018-01-30 09:00:00,-6.0,40,5.9,72.0,986.7
2018-01-30 10:00:00,-3.9,35,7.9,201.0,987.7
2018-01-30 11:00:00,-2.2,32,7.7,347.0,987.5
2018-01-30 12:00:00,-1.1,31,10.1,465.0,987.3
2018-01-30 13:00:00,-0.3,30,10.1,523.0,986.0
2018-01-30 14:00:00,0.4,29,11.8,521.0,985.3
2018-01-30 15:00:00,0.3,30,12.6,447.0,985.0
2018-01-30 16:00:00,-0.3,33,12.9,364.0,984.4
2018-01-30 17:00:00,-0.7,35,10.1,198.0,984.2
2018-01-30 18:00:00,-1.8,37,7.9,64.0,984.8
2018-01-30 19:00:00,-2.9,39,7.0,1.0,985.9
2018-01-30 20:00:00,-4.7,40,7.2,0.0,987.9
2018-01-30 21:00:00,-3.7,44,9.1,0.0,989.6
2018-01-30 22:00:00,-3.4,52,9.3,0.0,990.1
2018-01-30 23:00:00,-3.3,55,8.1,0.0,991.0
2018-01-31 00:00:00,-3.7,52,13.4,0.0,991.9
2018-01-31 01:00:00,-3.0,47,16.6,0.0,992.8
2018-01-31 02:00:00,-3.3,45,16.3,0.0,992.8
2018-01-31 03:00:00,-3.7,47,15.1,0.0,992.6
2018-01-31 04:00:00,-4.6,48,13.2,0.0,991.8
2018-01-31 05:00:00,-5.7,48,13.5,0.0,991.2
2018-01-31 06:00:00,-6.4,51,12.9,0.0,990.8
2018-01-31 07:00:00,-6.9,53,12.6,0.0,990.8
2018-01-31 08:00:00,-7.6,57,8.0,2.0,991.2
2018-01-31 09:00:00,-4.6,48,11.2,92.0,991.7
2018-01-31 10:00:00,-2.4,41,10.7,269.0,992.1
2018-01-31 11:00:00,-0.3,36,10.2,438.0,991.6
2018-01-31 12:00:00,1.3,31,10.4,564.0,990.3
2018-01-31 13:00:00,2.2,29,11.2,628.0,988.8
2018-01-31 14:00:00,2.8,28,11.3,625.0,987.3
2018-01-31 15:00:00,3.0,27,11.4,555.0,986.1
2018-01-31 16:00:00,2.9,26,10.4,427.0,985.1
2018-01-31 17:00:00,2.6,27,7.8,256.0,984.5
2018-01-31 18:00:00,-1.7,45,9.0,80.0,983.4
2018-01-31 19:00:00,-2.8,45,6.9,1.0,983.5
2018-01-31 20:00:00,-3.6,41,7.4,0.0,983.5
2018-01-31 21:00:00,-3.9,44,7.7,0.0,983.7
2018-01-31 22:00:00,-2.9,37,5.4,0.0,984.3
2018-01-31 23:00:00,-5.4,49,6.3,0.0,983.5
2018-02-01 00:00:00,-5.9,53,5.9,0.0,983.2
2018-02-01 01:00:00,-5.7,52,5.2,0.0,982.9
2018-02-01 02:00:00,-6.4,53,4.0,0.0,981.7
2018-02-01 03:00:00,-6.5,51,8.0,0.0,981.9
2018-02-01 04:00:00,-6.8,52,6.3,0.0,981.2
2018-02-01 05:00:00,-6.8,51,6.8,0.0,981.3
2018-02-01 06:00:00,-7.0,51,5.8,0.0,981.5
2018-02-01 07:00:00,-7.0,52,7.0,0.0,982.2
2018-02-01 08:00:00,-7.5,54,7.3,2.0,983.3
2018-02-01 09:00:00,-5.2,42,7.9,88.0,984.7
2018-02-01 10:00:00,-2.7,32,7.1,248.0,985.2
2018-02-01 11:00:00,-0.1,26,6.3,428.0,985.5
2018-02-01 12:00:00,2.0,21,7.2,514.0,985.0
2018-02-01 13:00:00,2.9,21,11.0,577.0,984.0
2018-02-01 14:00:00,3.5,21,12.2,581.0,983.3
2018-02-01 15:00:00,4.0,21,12.7,515.0,982.7
2018-02-01 16:00:00,3.9,21,12.1,397.0,983.0
2018-02-01 17:00:00,2.9,24,11.0,244.0,983.3
2018-02-01 18:00:00,-0.7,33,8.2,81.0,983.5
2018-02-01 19:00:00,-2.0,39,7.8,1.0,984.4
2018-02-01 20:00:00,-2.3,38,8.9,0.0,985.8
2018-02-01 21:00:00,-2.4,42,6.6,0.0,987.3
2018-02-01 22:00:00,-3.1,46,5.7,0.0,988.4
2018-02-01 23:00:00,-3.8,50,5.1,0.0,989.7
2018-02-02 00:00:00,-4.4,51,7.2,0.0,990.8
2018-02-02 01:00:00,-4.6,48,11.1,0.0,992.0
2018-02-02 02:00:00,-4.8,48,12.1,0.0,992.3
2018-02-02 03:00:00,-5.1,47,10.1,0.0,993.0
2018-02-02 04:00:00,-5.4,46,4.5,0.0,993.8
2018-02-02 05:00:00,-6.3,50,3.4,0.0,994.7
2018-02-02 06:00:00,-5.7,49,5.3,0.0,995.8
2018-02-02 07:00:00,-6.2,53,5.5,0.0,996.5
2018-02-02 08:00:00,-6.5,58,6.8,3.0,996.9
2018-02-02 09:00:00,-3.1,30,8.6,80.0,998.4
2018-02-02 10:00:00,-1.8,23,11.3,266.0,999.5
2018-02-02 11:00:00,-1.1,23,8.7,448.0,999.4
2018-02-02 12:00:00,-0.3,23,6.2,576.0,998.4
2018-02-02 13:00:00,0.3,24,5.2,642.0,997.0
2018-02-02 14:00:00,0.8,24,3.3,636.0,995.5
2018-02-02 15:00:00,1.0,25,1.8,564.0,994.0
2018-02-02 16:00:00,0.8,26,6.1,432.0,993.4
2018-02-02 17:00:00,-0.1,32,11.4,260.0,992.6
2018-02-02 18:00:00,-2.2,36,12.6,82.0,992.3
2018-02-02 19:00:00,-4.0,34,8.0,1.0,992.1
2018-02-02 20:00:00,-5.4,47,5.2,0.0,992.3
2018-02-02 21:00:00,-5.5,56,8.6,0.0,992.5
2018-02-02 22:00:00,-4.5,47,4.3,0.0,993.0
2018-02-02 23:00:00,-5.5,52,6.1,0.0,993.0
2018-02-03 00:00:00,-6.0,54,7.1,0.0,993.1
2018-02-03 01:00:00,-6.7,57,7.7,0.0,993.0
2018-02-03 02:00:00,-6.3,48,5.9,0.0,992.8
2018-02-03 03:00:00,-6.1,43,6.2,0.0,992.7
2018-02-03 04:00:00,-6.2,39,7.5,0.0,992.3
2018-02-03 05:00:00,-6.5,38,7.1,0.0,992.0
2018-02-03 06:00:00,-7.5,38,8.2,0.0,991.9
2018-02-03 07:00:00,-6.3,33,4.7,0.0,992.4
2018-02-03 08:00:00,-7.0,38,5.1,3.0,992.5
2018-02-03 09:00:00,-4.5,28,3.1,97.0,993.4
2018-02-03 10:00:00,-2.0,19,4.9,274.0,994.1
2018-02-03 11:00:00,-0.2,15,5.9,443.0,994.0
2018-02-03 12:00:00,1.0,12,5.6,568.0,993.5
2018-02-03 13:00:00,1.8,11,5.1,633.0,992.1
2018-02-03 14:00:00,2.4,10,5.4,631.0,990.5
2018-02-03 15:00:00,2.7,10,5.2,562.0,989.2
2018-02-03 16:00:00,2.5,11,5.0,434.0,988.4
2018-02-03 17:00:00,1.9,11,4.7,263.0,988.1
2018-02-03 18:00:00,1.1,12,3.5,87.0,988.0
2018-02-03 19:00:00,-4.1,20,6.8,1.0,988.0
2018-02-03 20:00:00,-4.7,54,6.4,0.0,988.7
2018-02-03 21:00:00,-5.4,60,7.4,0.0,989.4
2018-02-03 22:00:00,-4.9,53,4.8,0.0,990.1
2018-02-03 23:00:00,-5.2,53,7.9,0.0,990.5
2018-02-04 00:00:00,-5.6,52,9.0,0.0,990.5
2018-02-04 01:00:00,-5.9,53,8.7,0.0,990.1
2018-02-04 02:00:00,-6.1,53,9.2,0.0,990.2
2018-02-04 03:00:00,-6.3,51,8.8,0.0,990.2
2018-02-04 04:00:00,-6.5,51,8.0,0.0,989.8
2018-02-04 05:00:00,-6.8,51,5.2,0.0,989.5
2018-02-04 06:00:00,-7.4,54,5.2,0.0,989.8
2018-02-04 07:00:00,-7.6,54,5.5,0.0,990.4
2018-02-04 08:00:00,-6.9,57,3.3,3.0,990.7
2018-02-04 09:00:00,-4.6,44,2.1,101.0,992.1
2018-02-04 10:00:00,-1.9,32,1.3,280.0,992.6
2018-02-04 11:00:00,0.5,23,0.7,450.0,992.5
2018-02-04 12:00:00,2.1,18,3.2,577.0,991.7
2018-02-04 13:00:00,3.1,14,2.9,644.0,990.6
2018-02-04 14:00:00,3.6,13,1.8,642.0,989.4
2018-02-04 15:00:00,3.8,13,1.9,571.0,988.3
2018-02-04 16:00:00,3.6,14,3.9,442.0,987.9
2018-02-04 17:00:00,2.9,16,5.6,269.0,987.7
2018-02-04 18:00:00,-2.5,28,10.9,91.0,987.0
2018-02-04 19:00:00,-3.0,32,8.4,2.0,987.7
2018-02-04 20:00:00,-3.8,50,7.0,0.0,988.9
2018-02-04 21:00:00,-2.8,43,4.0,0.0,989.4
2018-02-04 22:00:00,-4.1,46,5.1,0.0,989.9
2018-02-04 23:00:00,-4.3,45,7.6,0.0,989.7
2018-02-05 00:00:00,-4.8,47,6.7,0.0,989.7
2018-02-05 01:00:00,-4.8,47,7.4,0.0,989.7
2018-02-05 02:00:00,-4.9,48,8.5,0.0,989.8
2018-02-05 03:00:00,-5.1,49,9.4,0.0,989.6
2018-02-05 04:00:00,-5.2,48,9.4,0.0,989.5
2018-02-05 05:00:00,-5.5,48,8.0,0.0,989.1
2018-02-05 06:00:00,-5.9,49,6.1,0.0,988.7
2018-02-05 07:00:00,-6.2,50,5.8,0.0,988.6
2018-02-05 08:00:00,-5.5,49,7.6,4.0,989.4
2018-02-05 09:00:00,-3.3,39,7.4,105.0,990.2
2018-02-05 10:00:00,-1.0,31,6.4,288.0,990.5
2018-02-05 11:00:00,1.7,25,5.1,459.0,990.0
2018-02-05 12:00:00,3.8,20,3.6,586.0,989.0
2018-02-05 13:00:00,5.4,16,2.6,652.0,987.4
2018-02-05 14:00:00,6.3,14,1.8,649.0,986.0
2018-02-05 15:00:00,6.7,14,0.8,579.0,984.6
2018-02-05 16:00:00,6.5,14,3.2,450.0,983.8
2018-02-05 17:00:00,5.0,17,4.5,275.0,983.4
2018-02-05 18:00:00,1.1,22,7.5,94.0,982.5
2018-02-05 19:00:00,-2.6,31,9.0,2.0,982.7
2018-02-05 20:00:00,-2.2,56,3.9,0.0,984.0
2018-02-05 21:00:00,-0.7,45,2.0,0.0,984.3
2018-02-05 22:00:00,-1.5,46,3.7,0.0,984.7
2018-02-05 23:00:00,-3.2,50,4.2,0.0,984.4
2018-02-06 00:00:00,-4.0,51,5.1,0.0,983.8
2018-02-06 01:00:00,-4.7,57,5.8,0.0,983.4
2018-02-06 02:00:00,-3.8,51,2.3,0.0,983.0
2018-02-06 03:00:00,-4.9,52,6.5,0.0,982.5
2018-02-06 04:00:00,-4.5,53,6.0,0.0,982.3
2018-02-06 05:00:00,-5.3,60,5.0,0.0,981.8
2018-02-06 06:00:00,-5.9,60,6.9,0.0,981.4
2018-02-06 07:00:00,-5.4,56,5.4,0.0,981.7
2018-02-06 08:00:00,-5.1,51,3.4,4.0,982.6
2018-02-06 09:00:00,-2.8,42,1.9,104.0,983.3
2018-02-06 10:00:00,-0.1,36,2.9,282.0,984.2
2018-02-06 11:00:00,2.6,30,1.9,450.0,983.5
2018-02-06 12:00:00,4.8,25,2.1,574.0,982.7
2018-02-06 13:00:00,6.5,22,2.2,639.0,981.0
2018-02-06 14:00:00,7.7,20,2.2,638.0,979.4
2018-02-06 15:00:00,8.4,19,4.2,570.0,978.1
2018-02-06 16:00:00,8.3,19,6.5,443.0,977.4
2018-02-06 17:00:00,6.8,21,7.8,274.0,977.2
2018-02-06 18:00:00,2.6,30,11.5,96.0,976.9
2018-02-06 19:00:00,0.3,36,10.5,2.0,977.4
2018-02-06 20:00:00,-0.1,42,8.3,0.0,978.3
2018-02-06 21:00:00,-0.5,45,7.4,0.0,978.8
2018-02-06 22:00:00,-2.4,56,10.3,0.0,978.9
2018-02-06 23:00:00,-2.1,56,8.9,0.0,979.5
2018-02-07 00:00:00,-2.2,56,6.1,0.0,980.2
2018-02-07 01:00:00,-3.2,62,5.9,0.0,980.0
2018-02-07 02:00:00,-2.9,61,5.4,0.0,980.6
2018-02-07 03:00:00,-3.0,58,11.6,0.0,980.3
2018-02-07 04:00:00,-3.7,56,7.6,0.0,980.1
2018-02-07 05:00:00,-3.8,56,7.2,0.0,979.9
2018-02-07 06:00:00,-3.5,56,9.7,0.0,981.0
2018-02-07 07:00:00,-4.0,53,6.8,0.0,981.9
2018-02-07 08:00:00,-3.4,50,6.9,4.0,982.8
2018-02-07 09:00:00,-1.3,38,8.8,96.0,984.1
2018-02-07 10:00:00,1.1,27,5.4,241.0,985.2
2018-02-07 11:00:00,3.2,22,5.0,364.0,985.9
2018-02-07 12:00:00,4.8,19,4.0,480.0,985.3
2018-02-07 13:00:00,6.3,17,4.4,597.0,984.0
2018-02-07 14:00:00,7.0,15,5.6,605.0,982.7
2018-02-07 15:00:00,7.2,14,4.6,543.0,981.6
2018-02-07 16:00:00,7.2,14,3.8,412.0,981.1
2018-02-07 17:00:00,5.2,16,6.1,239.0,980.4
2018-02-07 18:00:00,2.5,22,8.8,85.0,979.6
2018-02-07 19:00:00,-0.3,28,8.7,3.0,979.6
2018-02-07 20:00:00,-1.8,42,7.4,0.0,979.5
2018-02-07 21:00:00,-3.0,47,11.2,0.0,979.3
2018-02-07 22:00:00,-1.5,40,6.8,0.0,979.7
2018-02-07 23:00:00,-3.0,46,8.7,0.0,979.1
2018-02-08 00:00:00,-3.8,49,10.2,0.0,978.8
2018-02-08 01:00:00,-2.4,48,8.2,0.0,978.3
2018-02-08 02:00:00,-3.8,51,7.0,0.0,976.8
2018-02-08 03:00:00,-3.7,45,9.7,0.0,975.8
2018-02-08 04:00:00,-4.1,42,11.1,0.0,974.2
2018-02-08 05:00:00,-4.5,40,12.0,0.0,973.3
2018-02-08 06:00:00,-4.7,38,8.4,0.0,972.3
2018-02-08 07:00:00,-4.6,36,10.8,0.0,971.4
2018-02-08 08:00:00,-5.3,34,15.9,5.0,971.1
2018-02-08 09:00:00,-2.7,26,14.3,107.0,971.9
2018-02-08 10:00:00,0.5,20,12.0,285.0,972.1
2018-02-08 11:00:00,3.4,17,13.8,449.0,972.7
2018-02-08 12:00:00,5.6,17,13.8,550.0,973.2
2018-02-08 13:00:00,7.4,17,8.8,625.0,972.3
2018-02-08 14:00:00,8.5,18,6.8,624.0,971.2
2018-02-08 15:00:00,9.5,19,6.4,555.0,970.0
2018-02-08 16:00:00,9.2,21,7.6,417.0,969.6
2018-02-08 17:00:00,7.3,20,10.9,265.0,969.7
2018-02-08 18:00:00,2.3,38,8.0,90.0,969.6
2018-02-08 19:00:00,-0.3,46,11.5,3.0,969.6
2018-02-08 20:00:00,0.9,44,6.2,0.0,970.2
2018-02-08 21:00:00,1.6,42,7.6,0.0,971.5
2018-02-08 22:00:00,2.1,43,7.6,0.0,972.4
2018-02-08 23:00:00,2.1,45,8.7,0.0,973.1
2018-02-09 00:00:00,1.9,44,9.8,0.0,973.8
2018-02-09 01:00:00,1.5,45,11.5,0.0,974.2
2018-02-09 02:00:00,1.2,49,11.6,0.0,974.7
2018-02-09 03:00:00,0.6,54,12.0,0.0,974.6
2018-02-09 04:00:00,-0.7,57,9.9,0.0,974.4
2018-02-09 05:00:00,-1.5,51,9.0,0.0,974.2
2018-02-09 06:00:00,-2.2,49,7.3,0.0,974.5
2018-02-09 07:00:00,-2.3,48,6.8,0.0,975.8
2018-02-09 08:00:00,-1.8,53,7.5,5.0,976.5
2018-02-09 09:00:00,0.5,51,8.3,80.0,978.2
2018-02-09 10:00:00,2.9,40,5.8,239.0,979.5
2018-02-09 11:00:00,5.2,35,4.7,398.0,979.1
2018-02-09 12:00:00,7.2,27,1.1,537.0,978.8
2018-02-09 13:00:00,8.2,22,2.9,585.0,978.2
2018-02-09 14:00:00,8.7,22,3.1,607.0,977.2
2018-02-09 15:00:00,8.8,23,2.4,531.0,976.5
2018-02-09 16:00:00,8.5,23,1.8,334.0,976.8
2018-02-09 17:00:00,7.8,28,3.0,175.0,976.8
2018-02-09 18:00:00,3.9,51,8.2,56.0,976.6
2018-02-09 19:00:00,3.7,40,10.1,3.0,977.8
2018-02-09 20:00:00,2.6,37,7.9,0.0,978.6
2018-02-09 21:00:00,2.3,36,7.2,0.0,979.5
2018-02-09 22:00:00,0.3,48,7.6,0.0,981.1
2018-02-09 23:00:00,1.0,41,11.0,0.0,982.7
2018-02-10 00:00:00,0.3,39,9.5,0.0,983.9
2018-02-10 01:00:00,-1.3,50,8.4,0.0,984.3
2018-02-10 02:00:00,-1.1,50,3.6,0.0,985.5
2018-02-10 03:00:00,-0.6,44,3.9,0.0,986.6
2018-02-10 04:00:00,-1.2,49,6.6,0.0,986.8
2018-02-10 05:00:00,-1.4,50,4.2,0.0,987.2
2018-02-10 06:00:00,-2.7,56,9.4,0.0,987.5
2018-02-10 07:00:00,-2.4,47,7.5,0.0,988.8
2018-02-10 08:00:00,-2.8,63,9.0,5.0,988.8
2018-02-10 09:00:00,0.4,45,6.0,108.0,990.1
2018-02-10 10:00:00,2.7,33,9.8,281.0,990.5
2018-02-10 11:00:00,3.5,25,12.1,449.0,990.1
2018-02-10 12:00:00,4.2,24,12.2,601.0,989.4
2018-02-10 13:00:00,4.7,24,12.1,666.0,988.2
2018-02-10 14:00:00,5.2,23,12.3,665.0,986.6
2018-02-10 15:00:00,5.6,21,13.4,595.0,985.5
2018-02-10 16:00:00,5.6,21,14.7,465.0,984.9
2018-02-10 17:00:00,5.0,23,13.7,291.0,984.9
2018-02-10 18:00:00,1.5,48,9.2,108.0,984.3
2018-02-10 19:00:00,0.8,36,6.9,4.0,984.8
2018-02-10 20:00:00,-0.5,41,7.8,0.0,984.0
2018-02-10 21:00:00,-1.3,39,6.9,0.0,983.9
2018-02-10 22:00:00,-2.5,43,6.0,0.0,984.1
2018-02-10 23:00:00,-3.0,46,7.2,0.0,984.6
2018-02-11 00:00:00,-3.6,50,7.2,0.0,985.2
2018-02-11 01:00:00,-3.7,49,9.1,0.0,985.7
2018-02-11 02:00:00,-3.5,48,9.6,0.0,986.1
2018-02-11 03:00:00,-4.8,58,10.2,0.0,986.0
2018-02-11 04:00:00,-4.4,51,8.6,0.0,985.5
2018-02-11 05:00:00,-3.7,47,6.5,0.0,985.8
2018-02-11 06:00:00,-3.7,46,8.3,0.0,986.3
2018-02-11 07:00:00,-4.3,47,5.4,0.0,986.9
2018-02-11 08:00:00,-3.8,48,4.1,6.0,988.4
2018-02-11 09:00:00,-1.2,44,5.9,120.0,990.0
2018-02-11 10:00:00,1.7,35,1.9,307.0,990.9
2018-02-11 11:00:00,3.4,22,4.7,481.0,991.2
2018-02-11 12:00:00,4.1,23,5.9,609.0,990.8
2018-02-11 13:00:00,4.9,23,5.7,675.0,989.3
2018-02-11 14:00:00,5.6,22,5.2,672.0,988.0
2018-02-11 15:00:00,6.1,21,6.6,602.0,986.9
2018-02-11 16:00:00,6.4,21,8.2,472.0,986.4
2018-02-11 17:00:00,6.1,22,8.7,297.0,985.8
2018-02-11 18:00:00,3.3,33,10.2,111.0,985.4
2018-02-11 19:00:00,0.9,35,10.5,5.0,985.7
2018-02-11 20:00:00,-1.9,50,7.3,0.0,986.1
2018-02-11 21:00:00,-0.5,39,8.3,0.0,987.0
2018-02-11 22:00:00,-1.7,43,7.0,0.0,987.1
2018-02-11 23:00:00,0.1,36,5.2,0.0,988.4
2018-02-12 00:00:00,-0.1,36,0.0,0.0,989.1
2018-02-12 01:00:00,-0.6,37,2.9,0.0,988.8
2018-02-12 02:00:00,-4.3,53,8.4,0.0,988.7
2018-02-12 03:00:00,-4.4,55,7.4,0.0,988.5
2018-02-12 04:00:00,-4.5,57,8.0,0.0,988.2
2018-02-12 05:00:00,-4.6,56,8.4,0.0,988.1
2018-02-12 06:00:00,-5.1,54,8.9,0.0,988.0
2018-02-12 07:00:00,-4.6,51,6.1,0.0,988.6
2018-02-12 08:00:00,-4.0,48,5.8,7.0,989.0
2018-02-12 09:00:00,-1.2,34,5.2,124.0,989.8
2018-02-12 10:00:00,1.7,20,3.1,314.0,990.1
2018-02-12 11:00:00,4.4,15,3.6,489.0,990.3
2018-02-12 12:00:00,6.7,12,1.1,618.0,988.8
2018-02-12 13:00:00,8.1,10,3.3,686.0,986.9
2018-02-12 14:00:00,8.7,15,1.9,684.0,984.8
2018-02-12 15:00:00,9.1,17,5.0,613.0,983.1
2018-02-12 16:00:00,8.9,18,7.9,480.0,981.8
2018-02-12 17:00:00,7.3,30,7.9,303.0,981.0
2018-02-12 18:00:00,2.1,42,10.5,114.0,979.7
2018-02-12 19:00:00,-0.5,34,9.7,5.0,978.9
2018-02-12 20:00:00,-0.9,50,7.6,0.0,979.4
2018-02-12 21:00:00,-1.1,45,7.4,0.0,979.6
2018-02-12 22:00:00,-2.1,48,8.7,0.0,979.0
2018-02-12 23:00:00,-3.3,58,10.8,0.0,979.0
2018-02-13 00:00:00,-3.2,58,8.2,0.0,978.7
2018-02-13 01:00:00,-3.4,57,3.7,0.0,978.0
2018-02-13 02:00:00,-2.3,51,3.1,0.0,977.4
2018-02-13 03:00:00,-2.6,53,3.4,0.0,976.2
2018-02-13 04:00:00,-1.6,48,2.9,0.0,975.6
2018-02-13 05:00:00,-2.2,50,2.1,0.0,975.2
2018-02-13 06:00:00,-3.8,58,3.2,0.0,974.5
2018-02-13 07:00:00,-4.0,58,6.1,0.0,974.4
2018-02-13 08:00:00,-4.4,56,6.3,8.0,974.7
2018-02-13 09:00:00,-2.2,44,7.6,113.0,975.7
2018-02-13 10:00:00,2.1,32,6.5,302.0,976.2
2018-02-13 11:00:00,5.8,24,4.1,471.0,976.0
2018-02-13 12:00:00,8.9,20,5.1,602.0,974.7
2018-02-13 13:00:00,11.1,21,7.9,667.0,973.6
2018-02-13 14:00:00,12.7,21,8.5,664.0,972.1
2018-02-13 15:00:00,13.4,21,9.3,594.0,970.7
2018-02-13 16:00:00,13.5,21,7.0,470.0,969.8
2018-02-13 17:00:00,12.9,22,4.3,300.0,968.8
2018-02-13 18:00:00,10.9,24,5.8,115.0,968.3
2018-02-13 19:00:00,1.2,47,8.3,6.0,966.7
2018-02-13 20:00:00,2.6,54,9.9,0.0,965.9
2018-02-13 21:00:00,1.0,67,12.7,0.0,965.7
2018-02-13 22:00:00,4.6,54,7.4,0.0,967.5
2018-02-13 23:00:00,3.9,55,0.7,0.0,967.5
2018-02-14 00:00:00,0.4,66,3.0,0.0,967.0
2018-02-14 01:00:00,1.7,59,2.6,0.0,967.6
2018-02-14 02:00:00,-1.3,77,7.6,0.0,966.8
2018-02-14 03:00:00,-1.3,81,7.6,0.0,966.4
2018-02-14 04:00:00,-1.3,82,8.1,0.0,967.2
2018-02-14 05:00:00,-0.6,76,3.9,0.0,966.6
2018-02-14 06:00:00,-0.9,79,5.4,0.0,967.0
2018-02-14 07:00:00,-0.9,79,3.6,0.0,967.8
2018-02-14 08:00:00,-0.4,79,0.8,4.0,967.6
2018-02-14 09:00:00,1.6,66,5.2,92.0,969.5
2018-02-14 10:00:00,3.7,55,7.1,277.0,970.2
2018-02-14 11:00:00,6.6,47,9.9,437.0,970.2
2018-02-14 12:00:00,9.5,38,5.2,572.0,970.0
2018-02-14 13:00:00,11.2,33,5.2,656.0,969.4
2018-02-14 14:00:00,12.3,31,5.5,648.0,968.8
2018-02-14 15:00:00,12.7,30,5.1,580.0,968.1
2018-02-14 16:00:00,12.6,30,6.9,458.0,968.5
2018-02-14 17:00:00,11.7,36,6.5,287.0,969.0
2018-02-14 18:00:00,7.6,57,8.9,109.0,969.5
2018-02-14 19:00:00,6.3,57,9.8,3.0,970.3
2018-02-14 20:00:00,5.1,58,7.6,0.0,970.9
2018-02-14 21:00:00,4.5,64,7.6,0.0,971.7
2018-02-14 22:00:00,3.9,67,8.0,0.0,972.6
2018-02-14 23:00:00,4.2,63,6.6,0.0,973.6
2018-02-15 00:00:00,4.6,57,12.7,0.0,974.5
2018-02-15 01:00:00,4.1,41,15.9,0.0,975.6
2018-02-15 02:00:00,3.8,36,16.6,0.0,975.7
2018-02-15 03:00:00,3.5,36,13.3,0.0,976.3
2018-02-15 04:00:00,2.7,40,7.0,0.0,976.7
2018-02-15 05:00:00,2.1,43,8.5,0.0,976.5
2018-02-15 06:00:00,1.7,45,9.2,0.0,976.7
2018-02-15 07:00:00,1.5,43,11.3,0.0,977.0
2018-02-15 08:00:00,1.7,42,10.2,3.0,977.1
2018-02-15 09:00:00,2.6,42,9.8,46.0,977.5
2018-02-15 10:00:00,3.7,41,7.9,121.0,977.6
2018-02-15 11:00:00,4.8,40,8.4,222.0,977.5
2018-02-15 12:00:00,5.7,38,6.6,333.0,977.2
2018-02-15 13:00:00,5.9,40,0.4,248.0,976.4
2018-02-15 14:00:00,6.4,41,3.2,271.0,974.7
2018-02-15 15:00:00,7.6,41,3.8,357.0,973.6
2018-02-15 16:00:00,9.0,40,5.5,420.0,972.4
2018-02-15 17:00:00,8.9,41,10.2,208.0,971.9
2018-02-15 18:00:00,7.3,47,10.8,49.0,971.6
2018-02-15 19:00:00,5.8,52,8.8,5.0,971.6
2018-02-15 20:00:00,3.4,64,9.8,0.0,972.2
2018-02-15 21:00:00,3.6,62,8.0,0.0,973.2
2018-02-15 22:00:00,4.7,53,2.2,0.0,974.5
2018-02-15 23:00:00,0.7,75,4.2,0.0,974.3
2018-02-16 00:00:00,0.4,77,8.4,0.0,974.2
2018-02-16 01:00:00,-0.4,78,5.8,0.0,973.4
2018-02-16 02:00:00,0.1,76,1.8,0.0,973.8
2018-02-16 03:00:00,-0.6,78,10.1,0.0,974.0
2018-02-16 04:00:00,-0.6,75,7.6,0.0,973.4
2018-02-16 05:00:00,-0.7,75,9.1,0.0,973.7
2018-02-16 06:00:00,-0.7,75,9.7,0.0,973.8
2018-02-16 07:00:00,-1.2,79,6.5,0.0,974.0
2018-02-16 08:00:00,-1.1,83,6.5,9.0,975.5
2018-02-16 09:00:00,2.3,67,6.5,126.0,976.5
2018-02-16 10:00:00,5.5,55,7.3,308.0,977.5
2018-02-16 11:00:00,8.2,48,6.2,477.0,976.7
2018-02-16 12:00:00,10.4,44,2.1,603.0,976.1
2018-02-16 13:00:00,11.9,42,2.9,667.0,975.2
2018-02-16 14:00:00,12.9,42,4.6,665.0,973.7
2018-02-16 15:00:00,13.6,42,7.9,597.0,972.9
2018-02-16 16:00:00,13.7,43,10.8,468.0,972.3
2018-02-16 17:00:00,13.0,46,13.0,297.0,971.6
2018-02-16 18:00:00,10.4,55,12.5,115.0,971.0
2018-02-16 19:00:00,8.2,61,12.5,7.0,971.8
2018-02-16 20:00:00,7.7,55,13.8,0.0,971.3
2018-02-16 21:00:00,7.2,54,12.0,0.0,971.3
2018-02-16 22:00:00,7.1,54,13.4,0.0,971.2
2018-02-16 23:00:00,6.0,59,10.2,0.0,971.6
2018-02-17 00:00:00,5.5,60,10.7,0.0,971.0
2018-02-17 01:00:00,5.0,59,9.8,0.0,971.1
2018-02-17 02:00:00,3.5,64,7.1,0.0,971.5
2018-02-17 03:00:00,2.7,69,8.0,0.0,971.3
2018-02-17 04:00:00,3.3,65,6.2,0.0,971.3
2018-02-17 05:00:00,2.9,75,5.1,0.0,971.0
2018-02-17 06:00:00,2.7,75,4.7,0.0,971.2
2018-02-17 07:00:00,3.2,75,3.6,0.0,972.3
2018-02-17 08:00:00,2.8,71,4.2,3.0,973.0
2018-02-17 09:00:00,3.7,65,5.6,37.0,974.6
2018-02-17 10:00:00,4.3,61,4.7,83.0,975.1
2018-02-17 11:00:00,4.8,59,4.8,132.0,975.6
2018-02-17 12:00:00,5.0,61,2.3,147.0,976.0
2018-02-17 13:00:00,5.2,63,5.3,135.0,976.2
2018-02-17 14:00:00,4.9,69,7.4,107.0,975.9
2018-02-17 15:00:00,4.1,83,2.9,55.0,976.0
2018-02-17 16:00:00,3.9,88,7.1,55.0,975.9
2018-02-17 17:00:00,3.7,91,7.7,44.0,975.9
2018-02-17 18:00:00,3.6,92,7.5,38.0,976.3
2018-02-17 19:00:00,3.1,93,9.3,3.0,976.9
2018-02-17 20:00:00,3.4,87,9.5,0.0,977.1
2018-02-17 21:00:00,3.8,85,9.0,0.0,977.5
2018-02-17 22:00:00,3.7,86,5.6,0.0,978.0
2018-02-17 23:00:00,1.7,92,6.8,0.0,978.1
2018-02-18 00:00:00,2.8,88,3.3,0.0,978.8
2018-02-18 01:00:00,2.6,91,1.8,0.0,978.8
2018-02-18 02:00:00,2.8,92,6.6,0.0,978.4
2018-02-18 03:00:00,3.0,88,8.7,0.0,978.4
2018-02-18 04:00:00,1.7,90,6.2,0.0,977.8
2018-02-18 05:00:00,2.6,86,3.8,0.0,978.1
2018-02-18 06:00:00,1.8,90,5.8,0.0,977.9
2018-02-18 07:00:00,1.9,89,8.3,0.0,978.2
2018-02-18 08:00:00,2.7,85,9.8,6.0,978.9
2018-02-18 09:00:00,4.7,74,7.6,98.0,980.1
2018-02-18 10:00:00,6.3,62,6.7,234.0,980.1
2018-02-18 11:00:00,7.9,53,7.7,352.0,980.1
2018-02-18 12:00:00,9.0,48,6.4,370.0,978.9
2018-02-18 13:00:00,10.7,39,5.5,607.0,978.3
2018-02-18 14:00:00,10.8,34,2.6,466.0,976.9
2018-02-18 15:00:00,10.8,33,3.2,353.0,976.3
2018-02-18 16:00:00,10.9,32,5.2,324.0,976.0
2018-02-18 17:00:00,10.3,34,6.6,180.0,976.1
2018-02-18 18:00:00,8.1,54,7.1,64.0,975.9
2018-02-18 19:00:00,6.4,56,9.0,4.0,976.2
2018-02-18 20:00:00,5.9,59,7.2,0.0,977.6
2018-02-18 21:00:00,6.0,57,4.7,0.0,978.0
2018-02-18 22:00:00,4.8,69,5.4,0.0,978.1
2018-02-18 23:00:00,5.0,67,4.6,0.0,978.8
2018-02-19 00:00:00,4.7,71,5.2,0.0,978.9
2018-02-19 01:00:00,4.4,66,4.6,0.0,979.5
2018-02-19 02:00:00,4.7,65,8.0,0.0,980.4
2018-02-19 03:00:00,4.2,75,12.6,0.0,980.7
2018-02-19 04:00:00,3.2,85,13.0,0.0,979.6
2018-02-19 05:00:00,2.6,89,11.6,0.0,979.6
2018-02-19 06:00:00,2.5,90,9.7,0.0,979.2
2018-02-19 07:00:00,2.5,90,10.2,0.0,978.6
2018-02-19 08:00:00,2.9,91,9.6,12.0,978.8
2018-02-19 09:00:00,4.7,84,6.2,121.0,979.6
2018-02-19 10:00:00,6.6,71,6.5,307.0,979.3
2018-02-19 11:00:00,8.1,64,6.0,446.0,978.7
2018-02-19 12:00:00,9.4,56,5.2,536.0,978.2
2018-02-19 13:00:00,10.2,52,3.9,537.0,976.7
2018-02-19 14:00:00,11.3,46,4.9,551.0,975.6
2018-02-19 15:00:00,11.3,45,6.4,366.0,974.4
2018-02-19 16:00:00,10.9,48,12.1,307.0,973.9
2018-02-19 17:00:00,10.2,51,11.1,239.0,973.7
2018-02-19 18:00:00,8.4,58,9.5,106.0,973.8
2018-02-19 19:00:00,6.9,62,9.0,8.0,974.5
2018-02-19 20:00:00,6.0,66,8.8,0.0,975.1
2018-02-19 21:00:00,4.6,76,9.6,0.0,975.5
2018-02-19 22:00:00,4.8,74,4.7,0.0,976.6
2018-02-19 23:00:00,4.0,78,5.6,0.0,976.8
2018-02-20 00:00:00,3.6,80,2.4,0.0,975.9
2018-02-20 01:00:00,3.0,85,7.4,0.0,975.1
2018-02-20 02:00:00,3.4,81,5.6,0.0,975.5
2018-02-20 03:00:00,3.4,82,1.9,0.0,975.9
2018-02-20 04:00:00,3.4,81,6.2,0.0,976.3
2018-02-20 05:00:00,3.1,83,6.9,0.0,976.0
2018-02-20 06:00:00,2.9,85,9.7,0.0,976.2
2018-02-20 07:00:00,3.1,85,10.1,0.0,976.5
2018-02-20 08:00:00,2.6,89,9.0,9.0,976.6
2018-02-20 09:00:00,5.0,78,6.6,91.0,977.3
2018-02-20 10:00:00,7.1,70,1.1,198.0,977.6
2018-02-20 11:00:00,8.4,65,5.9,341.0,977.3
2018-02-20 12:00:00,8.5,65,10.0,321.0,977.0
2018-02-20 13:00:00,8.4,62,12.3,338.0,976.7
2018-02-20 14:00:00,8.3,63,14.0,227.0,976.4
2018-02-20 15:00:00,6.8,76,12.4,67.0,976.7
2018-02-20 16:00:00,6.2,85,8.0,65.0,977.6
2018-02-20 17:00:00,5.6,88,7.3,37.0,978.6
2018-02-20 18:00:00,4.7,87,2.1,16.0,979.2
2018-02-20 19:00:00,4.4,88,2.9,3.0,980.4
2018-02-20 20:00:00,3.1,90,3.2,0.0,982.0
2018-02-20 21:00:00,3.1,94,7.1,0.0,983.9
2018-02-20 22:00:00,3.0,90,4.3,0.0,984.4
2018-02-20 23:00:00,2.9,87,5.4,0.0,984.4
2018-02-21 00:00:00,2.5,83,6.5,0.0,984.4
2018-02-21 01:00:00,2.1,86,3.3,0.0,984.7
2018-02-21 02:00:00,2.1,90,6.1,0.0,984.6
2018-02-21 03:00:00,1.8,94,8.9,0.0,984.8
2018-02-21 04:00:00,1.4,97,8.0,0.0,984.4
2018-02-21 05:00:00,1.1,98,9.1,0.0,984.3
2018-02-21 06:00:00,1.0,96,9.4,0.0,983.8
2018-02-21 07:00:00,1.0,96,7.9,0.0,984.1
2018-02-21 08:00:00,1.1,94,6.9,10.0,984.4
2018-02-21 09:00:00,2.6,87,7.2,108.0,985.2
2018-02-21 10:00:00,4.2,71,7.7,297.0,985.6
2018-02-21 11:00:00,5.5,56,7.7,475.0,985.0
2018-02-21 12:00:00,7.0,43,5.1,593.0,984.4
2018-02-21 13:00:00,8.3,37,3.5,644.0,982.9
2018-02-21 14:00:00,8.7,35,4.9,628.0,981.2
2018-02-21 15:00:00,9.0,35,4.7,586.0,980.3
2018-02-21 16:00:00,9.0,35,3.1,495.0,979.4
2018-02-21 17:00:00,8.4,36,9.5,322.0,978.9
2018-02-21 18:00:00,6.5,46,9.5,134.0,978.6
2018-02-21 19:00:00,2.9,62,9.5,11.0,978.5
2018-02-21 20:00:00,3.1,55,7.4,0.0,980.3
2018-02-21 21:00:00,3.2,53,8.0,0.0,980.9
2018-02-21 22:00:00,2.4,55,9.9,0.0,981.0
2018-02-21 23:00:00,2.0,55,9.2,0.0,981.4
2018-02-22 00:00:00,1.9,53,7.6,0.0,981.1
2018-02-22 01:00:00,1.3,54,6.5,0.0,980.8
2018-02-22 02:00:00,0.9,54,9.4,0.0,980.4
2018-02-22 03:00:00,1.1,53,7.9,0.0,980.3
2018-02-22 04:00:00,0.6,55,7.9,0.0,979.6
2018-02-22 05:00:00,0.5,56,11.3,0.0,979.2
2018-02-22 06:00:00,-0.1,58,10.0,0.0,978.7
2018-02-22 07:00:00,-1.6,64,6.2,0.0,978.3
2018-02-22 08:00:00,-1.4,66,7.6,16.0,978.9
2018-02-22 09:00:00,2.8,58,4.4,155.0,980.0
2018-02-22 10:00:00,6.2,47,4.2,349.0,980.6
2018-02-22 11:00:00,8.6,41,5.9,524.0,980.0
2018-02-22 12:00:00,10.5,35,5.1,651.0,978.8
2018-02-22 13:00:00,12.2,29,5.1,717.0,977.4
2018-02-22 14:00:00,13.6,27,5.8,714.0,975.5
2018-02-22 15:00:00,14.4,27,5.0,642.0,974.0
2018-02-22 16:00:00,14.7,28,4.6,509.0,972.9
2018-02-22 17:00:00,14.0,33,6.8,331.0,972.0
2018-02-22 18:00:00,10.3,45,7.9,140.0,971.0
2018-02-22 19:00:00,6.8,46,9.4,12.0,970.6
2018-02-22 20:00:00,6.1,43,10.3,0.0,970.3
2018-02-22 21:00:00,6.5,44,11.1,0.0,970.3
2018-02-22 22:00:00,3.6,65,10.4,0.0,970.6
2018-02-22 23:00:00,2.7,70,7.6,0.0,970.9
2018-02-23 00:00:00,2.6,67,6.0,0.0,971.0
2018-02-23 01:00:00,1.7,66,8.7,0.0,970.8
2018-02-23 02:00:00,1.2,64,9.5,0.0,970.3
2018-02-23 03:00:00,1.0,66,10.5,0.0,969.7
2018-02-23 04:00:00,0.3,71,6.7,0.0,968.8
2018-02-23 05:00:00,-0.5,77,4.1,0.0,968.1
2018-02-23 06:00:00,-1.4,83,4.2,0.0,968.2
2018-02-23 07:00:00,-0.6,76,5.0,0.0,969.0
2018-02-23 08:00:00,0.5,71,4.6,17.0,969.1
2018-02-23 09:00:00,3.4,66,7.0,156.0,970.2
2018-02-23 10:00:00,6.1,59,7.9,346.0,971.3
2018-02-23 11:00:00,8.6,49,9.4,517.0,971.4
2018-02-23 12:00:00,10.8,43,9.2,641.0,971.4
2018-02-23 13:00:00,12.6,39,6.3,705.0,971.3
2018-02-23 14:00:00,14.4,35,3.9,696.0,970.2
2018-02-23 15:00:00,15.2,35,10.8,620.0,969.6
2018-02-23 16:00:00,14.6,36,14.7,493.0,969.7
2018-02-23 17:00:00,14.5,40,10.2,314.0,969.8
2018-02-23 18:00:00,11.9,53,7.6,126.0,969.9
2018-02-23 19:00:00,11.0,55,11.0,8.0,970.8
2018-02-23 20:00:00,12.1,48,16.2,0.0,971.1
2018-02-23 21:00:00,12.2,43,17.0,0.0,972.4
2018-02-23 22:00:00,11.7,36,18.7,0.0,973.5
2018-02-23 23:00:00,11.2,30,16.1,0.0,974.3
2018-02-24 00:00:00,9.8,22,13.5,0.0,975.6
2018-02-24 01:00:00,8.9,23,14.8,0.0,976.6
2018-02-24 02:00:00,8.0,25,14.7,0.0,977.7
2018-02-24 03:00:00,7.0,29,10.2,0.0,978.1
2018-02-24 04:00:00,6.4,31,8.0,0.0,978.4
2018-02-24 05:00:00,5.2,35,5.9,0.0,978.8
2018-02-24 06:00:00,4.7,37,7.6,0.0,979.4
2018-02-24 07:00:00,3.6,41,8.9,0.0,979.9
2018-02-24 08:00:00,3.9,42,9.5,18.0,980.5
2018-02-24 09:00:00,6.3,38,9.9,156.0,982.1
2018-02-24 10:00:00,8.6,32,9.4,350.0,982.8
2018-02-24 11:00:00,10.6,27,6.7,524.0,982.6
2018-02-24 12:00:00,11.9,25,3.9,652.0,982.2
2018-02-24 13:00:00,12.9,23,3.2,718.0,981.3
2018-02-24 14:00:00,13.6,23,2.6,714.0,980.1
2018-02-24 15:00:00,13.9,22,2.3,643.0,979.2
2018-02-24 16:00:00,13.9,22,2.9,510.0,978.9
2018-02-24 17:00:00,13.4,23,3.4,333.0,978.7
2018-02-24 18:00:00,12.8,27,3.1,143.0,978.6
2018-02-24 19:00:00,9.5,37,4.6,13.0,978.8
2018-02-24 20:00:00,8.0,38,11.4,0.0,978.2
2018-02-24 21:00:00,7.2,40,6.8,0.0,978.6
2018-02-24 22:00:00,6.1,44,7.2,0.0,979.3
2018-02-24 23:00:00,5.5,45,6.8,0.0,979.5
2018-02-25 00:00:00,5.6,41,7.0,0.0,979.4
2018-02-25 01:00:00,3.5,47,8.8,0.0,978.9
2018-02-25 02:00:00,1.8,53,10.2,0.0,978.7
2018-02-25 03:00:00,2.3,59,7.4,0.0,978.9
2018-02-25 04:00:00,0.2,74,10.4,0.0,978.5
2018-02-25 05:00:00,1.0,70,7.1,0.0,979.0
2018-02-25 06:00:00,1.3,65,7.9,0.0,979.5
2018-02-25 07:00:00,0.1,74,8.2,0.0,979.1
2018-02-25 08:00:00,-0.2,69,8.5,19.0,979.4
2018-02-25 09:00:00,2.7,60,5.4,161.0,980.2
2018-02-25 10:00:00,5.6,52,5.8,352.0,980.3
2018-02-25 11:00:00,8.2,46,8.4,525.0,979.5
2018-02-25 12:00:00,10.7,39,10.5,651.0,978.6
2018-02-25 13:00:00,12.7,35,11.2,714.0,977.1
2018-02-25 14:00:00,14.2,32,11.4,708.0,975.4
2018-02-25 15:00:00,15.1,32,11.1,635.0,973.7
2018-02-25 16:00:00,15.5,33,10.8,503.0,972.9
2018-02-25 17:00:00,15.0,35,12.1,329.0,972.0
2018-02-25 18:00:00,12.4,46,8.6,141.0,971.4
2018-02-25 19:00:00,8.4,60,8.1,14.0,970.8
2018-02-25 20:00:00,6.7,66,8.3,0.0,970.7
2018-02-25 21:00:00,6.1,71,10.2,0.0,971.5
2018-02-25 22:00:00,8.4,60,3.4,0.0,972.9
2018-02-25 23:00:00,4.9,82,6.6,0.0,973.0
2018-02-26 00:00:00,5.5,79,9.1,0.0,973.1
2018-02-26 01:00:00,5.4,76,11.3,0.0,972.9
2018-02-26 02:00:00,4.7,79,9.1,0.0,973.2
2018-02-26 03:00:00,4.0,81,10.4,0.0,973.0
2018-02-26 04:00:00,4.1,77,12.3,0.0,972.3
2018-02-26 05:00:00,3.8,80,11.2,0.0,972.5
2018-02-26 06:00:00,4.1,81,11.2,0.0,973.0
2018-02-26 07:00:00,4.0,81,8.8,0.0,973.7
2018-02-26 08:00:00,3.6,82,5.1,19.0,974.5
2018-02-26 09:00:00,7.2,69,1.8,159.0,975.5
2018-02-26 10:00:00,10.8,55,3.7,343.0,976.4
2018-02-26 11:00:00,12.3,50,3.3,405.0,975.9
2018-02-26 12:00:00,14.1,46,1.6,519.0,975.2
2018-02-26 13:00:00,15.8,42,1.1,676.0,973.6
2018-02-26 14:00:00,16.5,41,2.6,588.0,972.1
2018-02-26 15:00:00,16.5,41,6.6,417.0,971.0
2018-02-26 16:00:00,15.8,44,9.1,221.0,970.3
2018-02-26 17:00:00,14.7,51,7.9,111.0,970.0
2018-02-26 18:00:00,13.5,53,7.3,43.0,969.7
2018-02-26 19:00:00,11.9,57,7.0,3.0,969.8
2018-02-26 20:00:00,13.4,44,4.3,0.0,969.8
2018-02-26 21:00:00,12.5,50,2.2,0.0,969.9
2018-02-26 22:00:00,10.0,68,4.8,0.0,970.0
2018-02-26 23:00:00,9.8,68,4.7,0.0,970.3
2018-02-27 00:00:00,8.6,73,3.5,0.0,970.3
2018-02-27 01:00:00,8.6,73,8.3,0.0,970.5
2018-02-27 02:00:00,8.3,74,9.3,0.0,970.2
2018-02-27 03:00:00,8.1,78,9.3,0.0,969.8
2018-02-27 04:00:00,8.2,79,6.0,0.0,969.2
2018-02-27 05:00:00,8.1,81,3.0,0.0,969.0
2018-02-27 06:00:00,7.8,85,4.4,0.0,968.8
2018-02-27 07:00:00,7.6,86,5.2,0.0,969.3
2018-02-27 08:00:00,8.6,75,3.3,6.0,969.2
2018-02-27 09:00:00,9.0,77,3.0,19.0,970.0
2018-02-27 10:00:00,9.9,73,0.0,105.0,970.3
2018-02-27 11:00:00,11.3,72,1.6,258.0,970.3
2018-02-27 12:00:00,12.1,69,2.9,256.0,969.9
2018-02-27 13:00:00,13.0,65,1.4,289.0,968.8
2018-02-27 14:00:00,14.8,57,1.3,540.0,967.6
2018-02-27 15:00:00,15.5,53,3.1,502.0,967.0
2018-02-27 16:00:00,15.2,52,7.1,318.0,967.0
2018-02-27 17:00:00,15.0,51,4.7,206.0,967.0
2018-02-27 18:00:00,13.1,70,4.9,117.0,966.7
2018-02-27 19:00:00,10.6,70,6.3,12.0,967.3
2018-02-27 20:00:00,9.6,71,5.7,0.0,968.1
2018-02-27 21:00:00,8.8,72,6.0,0.0,968.2
2018-02-27 22:00:00,6.6,83,7.2,0.0,968.5
2018-02-27 23:00:00,6.1,85,7.8,0.0,969.3
2018-02-28 00:00:00,5.9,86,7.4,0.0,969.5
2018-02-28 01:00:00,5.2,87,6.6,0.0,969.5
2018-02-28 02:00:00,5.0,86,6.1,0.0,969.5
2018-02-28 03:00:00,4.9,86,5.5,0.0,969.4
2018-02-28 04:00:00,4.9,85,4.0,0.0,969.2
2018-02-28 05:00:00,6.1,80,3.6,0.0,969.3
2018-02-28 06:00:00,5.5,82,2.9,0.0,969.3
2018-02-28 07:00:00,2.2,92,6.9,0.0,968.5
2018-02-28 08:00:00,4.0,87,4.5,24.0,969.4
2018-02-28 09:00:00,7.8,75,2.9,168.0,970.4
2018-02-28 10:00:00,11.0,67,6.2,359.0,971.0
2018-02-28 11:00:00,13.8,56,5.7,532.0,970.6
2018-02-28 12:00:00,16.2,45,5.8,659.0,969.7
2018-02-28 13:00:00,18.0,37,4.9,726.0,968.5
2018-02-28 14:00:00,19.4,33,1.5,725.0,966.9
2018-02-28 15:00:00,20.4,30,3.4,655.0,965.5
2018-02-28 16:00:00,20.8,26,6.4,522.0,964.9
2018-02-28 17:00:00,20.1,30,5.1,345.0,964.4
2018-02-28 18:00:00,16.0,50,8.5,152.0,963.7
2018-02-28 19:00:00,12.1,49,8.9,16.0,963.5
2018-02-28 20:00:00,10.6,55,5.6,0.0,963.0
2018-02-28 21:00:00,10.4,54,10.4,0.0,963.3
2018-02-28 22:00:00,11.8,45,7.9,0.0,965.0
2018-02-28 23:00:00,10.9,54,10.5,0.0,965.5
2018-03-01 00:00:00,12.7,45,5.2,0.0,966.0
2018-03-01 01:00:00,8.5,64,10.6,0.0,965.4
2018-03-01 02:00:00,11.2,48,16.3,0.0,966.3
2018-03-01 03:00:00,11.3,46,18.6,0.0,966.6
2018-03-01 04:00:00,11.5,38,17.1,0.0,966.8
2018-03-01 05:00:00,11.1,30,16.1,0.0,967.4
2018-03-01 06:00:00,10.4,26,13.5,0.0,968.5
2018-03-01 07:00:00,9.3,25,11.9,0.0,969.2
2018-03-01 08:00:00,10.0,24,13.1,13.0,969.6
2018-03-01 09:00:00,10.9,25,12.8,94.0,971.0
2018-03-01 10:00:00,12.0,24,12.5,244.0,971.6
2018-03-01 11:00:00,13.0,25,14.5,403.0,971.6
2018-03-01 12:00:00,13.6,27,17.1,527.0,971.3
2018-03-01 13:00:00,14.5,29,15.1,641.0,970.3
2018-03-01 14:00:00,15.4,32,12.8,653.0,969.3
2018-03-01 15:00:00,15.9,34,12.0,621.0,968.4
2018-03-01 16:00:00,16.0,35,11.9,505.0,967.9
2018-03-01 17:00:00,15.8,37,12.3,329.0,967.8
2018-03-01 18:00:00,14.2,44,8.6,145.0,967.8
2018-03-01 19:00:00,10.6,58,7.6,16.0,968.2
2018-03-01 20:00:00,10.8,54,13.5,0.0,966.9
2018-03-01 21:00:00,10.2,64,7.9,0.0,967.7
2018-03-01 22:00:00,9.3,69,8.0,0.0,968.7
2018-03-01 23:00:00,9.1,67,9.0,0.0,969.0
2018-03-02 00:00:00,8.5,67,7.3,0.0,969.0
2018-03-02 01:00:00,6.6,76,8.2,0.0,968.4
2018-03-02 02:00:00,6.8,72,5.1,0.0,968.3
2018-03-02 03:00:00,5.9,71,6.3,0.0,967.9
2018-03-02 04:00:00,5.2,73,5.1,0.0,967.4
2018-03-02 05:00:00,4.7,79,6.1,0.0,966.7
2018-03-02 06:00:00,5.3,75,3.6,0.0,966.2
2018-03-02 07:00:00,3.7,81,5.5,0.0,965.8
2018-03-02 08:00:00,4.2,71,10.6,24.0,966.3
2018-03-02 09:00:00,6.7,61,8.7,165.0,966.8
2018-03-02 10:00:00,9.3,55,9.6,338.0,966.7
2018-03-02 11:00:00,11.7,50,12.1,510.0,965.7
2018-03-02 12:00:00,13.7,47,13.0,649.0,964.9
2018-03-02 13:00:00,15.3,44,12.6,706.0,963.9
2018-03-02 14:00:00,16.0,42,12.2,631.0,962.4
2018-03-02 15:00:00,16.1,43,10.8,475.0,961.2
2018-03-02 16:00:00,16.6,43,9.8,413.0,960.2
2018-03-02 17:00:00,16.0,46,12.6,245.0,959.2
2018-03-02 18:00:00,14.7,53,7.9,134.0,958.5
2018-03-02 19:00:00,11.7,64,6.7,16.0,958.8
2018-03-02 20:00:00,9.7,73,11.2,0.0,958.2
2018-03-02 21:00:00,10.4,71,6.5,0.0,958.5
2018-03-02 22:00:00,8.1,85,7.4,0.0,958.2
2018-03-02 23:00:00,7.9,85,7.5,0.0,958.7
2018-03-03 00:00:00,7.0,88,8.4,0.0,958.6
2018-03-03 01:00:00,7.3,85,7.2,0.0,958.3
2018-03-03 02:00:00,8.3,81,1.4,0.0,958.9
2018-03-03 03:00:00,5.2,92,4.0,0.0,958.7
2018-03-03 04:00:00,5.4,95,7.9,0.0,957.7
2018-03-03 05:00:00,5.1,93,5.5,0.0,957.1
2018-03-03 06:00:00,3.6,95,9.6,0.0,957.5
2018-03-03 07:00:00,5.9,85,5.4,0.0,957.6
2018-03-03 08:00:00,5.2,88,9.2,29.0,957.1
2018-03-03 09:00:00,7.9,77,10.5,178.0,958.2
2018-03-03 10:00:00,11.1,65,10.7,366.0,958.7
2018-03-03 11:00:00,14.2,55,8.4,527.0,958.3
2018-03-03 12:00:00,16.8,48,7.6,643.0,957.8
2018-03-03 13:00:00,18.8,43,7.9,717.0,956.9
2018-03-03 14:00:00,20.0,41,10.6,680.0,956.1
2018-03-03 15:00:00,20.2,40,11.6,543.0,956.3
2018-03-03 16:00:00,20.7,41,6.8,501.0,956.4
2018-03-03 17:00:00,20.6,43,3.6,331.0,956.7
2018-03-03 18:00:00,17.6,61,7.2,146.0,956.6
2018-03-03 19:00:00,15.3,67,8.9,18.0,957.3
2018-03-03 20:00:00,13.9,73,8.8,0.0,957.0
2018-03-03 21:00:00,13.2,76,5.6,0.0,957.5
2018-03-03 22:00:00,12.7,77,3.8,0.0,957.5
2018-03-03 23:00:00,12.4,78,5.1,0.0,958.4
2018-03-04 00:00:00,12.4,79,4.0,0.0,959.4
2018-03-04 01:00:00,12.7,77,3.3,0.0,959.4
2018-03-04 02:00:00,14.1,69,5.4,0.0,960.2
2018-03-04 03:00:00,13.0,74,5.8,0.0,961.3
2018-03-04 04:00:00,12.9,70,8.8,0.0,962.7
2018-03-04 05:00:00,13.7,44,12.2,0.0,964.3
2018-03-04 06:00:00,13.7,35,21.3,0.0,966.2
2018-03-04 07:00:00,12.6,42,15.6,0.0,967.8
2018-03-04 08:00:00,13.6,29,18.7,5.0,966.9
2018-03-04 09:00:00,14.1,28,22.4,38.0,968.8
2018-03-04 10:00:00,13.6,32,23.6,38.0,970.7
2018-03-04 11:00:00,12.1,41,23.8,77.0,972.5
2018-03-04 12:00:00,10.7,58,11.3,132.0,973.5
2018-03-04 13:00:00,9.8,69,6.2,193.0,974.0
2018-03-04 14:00:00,8.9,84,7.6,74.0,973.7
2018-03-04 15:00:00,9.1,83,8.0,118.0,973.6
2018-03-04 16:00:00,9.0,86,8.0,68.0,974.0
2018-03-04 17:00:00,8.8,85,6.8,65.0,974.6
2018-03-04 18:00:00,8.2,88,4.4,23.0,975.2
2018-03-04 19:00:00,8.0,91,5.4,6.0,975.9
2018-03-04 20:00:00,6.6,90,9.5,0.0,976.2
2018-03-04 21:00:00,6.6,90,10.1,0.0,976.7
2018-03-04 22:00:00,6.3,90,5.8,0.0,977.2
2018-03-04 23:00:00,5.4,93,4.7,0.0,977.3
2018-03-05 00:00:00,4.8,93,5.1,0.0,977.4
2018-03-05 01:00:00,4.8,93,7.2,0.0,977.1
2018-03-05 02:00:00,3.4,94,8.6,0.0,976.7
2018-03-05 03:00:00,3.3,92,5.8,0.0,976.4
2018-03-05 04:00:00,3.2,92,2.0,0.0,977.1
2018-03-05 05:00:00,2.4,93,3.3,0.0,977.0
2018-03-05 06:00:00,2.2,94,2.4,0.0,977.4
2018-03-05 07:00:00,2.9,92,4.8,0.0,977.5
2018-03-05 08:00:00,4.0,98,6.6,28.0,979.0
2018-03-05 09:00:00,5.7,92,7.2,124.0,980.2
2018-03-05 10:00:00,7.5,84,6.3,231.0,980.4
2018-03-05 11:00:00,9.5,73,10.5,281.0,980.1
2018-03-05 12:00:00,11.6,61,9.0,376.0,979.5
2018-03-05 13:00:00,12.2,58,3.9,277.0,978.7
2018-03-05 14:00:00,12.3,59,2.5,280.0,977.9
2018-03-05 15:00:00,12.4,61,3.4,273.0,977.3
2018-03-05 16:00:00,13.1,57,5.8,315.0,976.9
2018-03-05 17:00:00,12.4,57,8.7,106.0,976.8
2018-03-05 18:00:00,11.3,63,9.4,37.0,976.9
2018-03-05 19:00:00,10.7,64,12.0,7.0,977.1
2018-03-05 20:00:00,9.9,67,9.0,0.0,977.9
2018-03-05 21:00:00,9.8,65,9.7,0.0,978.1
2018-03-05 22:00:00,9.5,62,10.2,0.0,978.4
2018-03-05 23:00:00,9.3,60,9.7,0.0,978.9
2018-03-06 00:00:00,9.1,60,10.7,0.0,979.2
2018-03-06 01:00:00,8.7,60,10.5,0.0,979.3
2018-03-06 02:00:00,8.2,60,10.8,0.0,979.0
2018-03-06 03:00:00,7.9,60,11.2,0.0,978.3
2018-03-06 04:00:00,7.4,62,9.7,0.0,978.0
2018-03-06 05:00:00,6.8,72,10.5,0.0,978.5
2018-03-06 06:00:00,6.4,71,10.8,0.0,978.6
2018-03-06 07:00:00,6.0,72,10.0,0.0,978.8
2018-03-06 08:00:00,5.4,81,10.4,12.0,978.7
2018-03-06 09:00:00,5.7,84,10.1,31.0,979.7
2018-03-06 10:00:00,5.7,83,10.5,43.0,980.2
2018-03-06 11:00:00,5.8,83,10.7,79.0,980.4
2018-03-06 12:00:00,6.7,73,11.3,152.0,980.3
2018-03-06 13:00:00,7.5,69,11.3,244.0,979.6
2018-03-06 14:00:00,7.1,72,12.5,154.0,978.7
2018-03-06 15:00:00,7.2,76,14.2,187.0,978.1
2018-03-06 16:00:00,7.0,78,17.7,192.0,977.8
2018-03-06 17:00:00,6.5,79,19.9,175.0,977.9
2018-03-06 18:00:00,5.6,82,20.2,50.0,978.6
2018-03-06 19:00:00,5.2,84,17.1,5.0,979.5
2018-03-06 20:00:00,5.1,84,16.5,0.0,980.2
2018-03-06 21:00:00,5.0,84,14.8,0.0,981.1
2018-03-06 22:00:00,4.8,85,13.0,0.0,981.7
2018-03-06 23:00:00,4.4,85,13.2,0.0,981.9
2018-03-07 00:00:00,4.0,85,12.4,0.0,982.0
2018-03-07 01:00:00,3.5,86,11.8,0.0,982.2
2018-03-07 02:00:00,3.0,87,12.1,0.0,982.3
2018-03-07 03:00:00,2.5,88,10.0,0.0,982.0
2018-03-07 04:00:00,2.2,89,10.0,0.0,982.3
2018-03-07 05:00:00,2.0,91,8.6,0.0,982.4
2018-03-07 06:00:00,2.0,92,6.1,0.0,982.8
2018-03-07 07:00:00,2.2,91,3.1,0.0,983.1
2018-03-07 08:00:00,2.5,90,4.1,22.0,983.4
2018-03-07 09:00:00,3.6,84,5.1,81.0,984.7
2018-03-07 10:00:00,5.0,74,2.4,220.0,985.4
2018-03-07 11:00:00,6.2,69,5.9,264.0,985.0
2018-03-07 12:00:00,6.6,67,10.4,262.0,984.5
2018-03-07 13:00:00,8.9,59,13.4,552.0,983.5
2018-03-07 14:00:00,10.3,55,11.1,578.0,982.1
2018-03-07 15:00:00,11.0,53,15.5,613.0,980.6
2018-03-07 16:00:00,12.0,48,15.2,525.0,979.3
2018-03-07 17:00:00,12.4,52,9.9,318.0,978.7
2018-03-07 18:00:00,10.7,65,5.2,138.0,978.6
2018-03-07 19:00:00,7.7,73,7.2,23.0,978.6
2018-03-07 20:00:00,6.5,66,10.6,0.0,979.0
2018-03-07 21:00:00,5.5,69,6.6,0.0,979.4
2018-03-07 22:00:00,3.9,79,3.1,0.0,980.1
2018-03-07 23:00:00,3.3,80,9.0,0.0,981.2
2018-03-08 00:00:00,5.9,64,4.7,0.0,982.0
2018-03-08 01:00:00,4.1,72,5.9,0.0,982.1
2018-03-08 02:00:00,4.0,74,5.9,0.0,982.6
2018-03-08 03:00:00,1.7,85,7.6,0.0,982.4
2018-03-08 04:00:00,0.3,90,9.9,0.0,982.3
2018-03-08 05:00:00,-0.1,88,10.3,0.0,982.9
2018-03-08 06:00:00,-0.2,85,9.2,0.0,983.2
2018-03-08 07:00:00,-0.9,84,11.2,0.0,983.5
2018-03-08 08:00:00,2.0,76,7.2,41.0,984.9
2018-03-08 09:00:00,5.4,61,7.6,202.0,985.8
2018-03-08 10:00:00,8.2,50,8.9,398.0,986.0
2018-03-08 11:00:00,10.4,46,8.2,573.0,985.7
2018-03-08 12:00:00,12.0,41,10.0,702.0,985.0
2018-03-08 13:00:00,13.3,35,11.9,767.0,983.7
2018-03-08 14:00:00,14.2,33,13.0,763.0,982.2
2018-03-08 15:00:00,14.8,31,14.0,688.0,980.9
2018-03-08 16:00:00,14.8,29,14.3,553.0,980.2
2018-03-08 17:00:00,14.0,29,15.1,371.0,979.7
2018-03-08 18:00:00,11.7,35,13.0,172.0,979.4
2018-03-08 19:00:00,9.1,37,12.3,25.0,979.5
2018-03-08 20:00:00,7.5,42,9.8,0.0,979.5
2018-03-08 21:00:00,6.5,46,7.6,0.0,979.6
2018-03-08 22:00:00,5.0,54,6.6,0.0,979.9
2018-03-08 23:00:00,3.7,63,8.2,0.0,979.9
2018-03-09 00:00:00,3.1,66,7.2,0.0,979.8
2018-03-09 01:00:00,2.3,72,8.4,0.0,979.6
2018-03-09 02:00:00,1.8,77,8.3,0.0,979.3
2018-03-09 03:00:00,1.6,79,7.7,0.0,979.2
2018-03-09 04:00:00,1.5,81,7.3,0.0,978.8
2018-03-09 05:00:00,1.6,84,5.8,0.0,978.7
2018-03-09 06:00:00,1.3,88,5.4,0.0,978.8
2018-03-09 07:00:00,2.1,87,4.0,0.0,978.9
2018-03-09 08:00:00,2.0,88,3.9,40.0,979.2
2018-03-09 09:00:00,5.2,68,4.3,202.0,979.9
2018-03-09 10:00:00,7.8,60,5.8,399.0,979.9
2018-03-09 11:00:00,10.4,53,6.5,574.0,979.3
2018-03-09 12:00:00,12.6,47,7.6,701.0,978.3
2018-03-09 13:00:00,14.4,43,8.6,765.0,976.9
2018-03-09 14:00:00,15.6,40,8.9,758.0,975.5
2018-03-09 15:00:00,16.5,40,8.4,680.0,974.3
2018-03-09 16:00:00,16.6,40,8.4,545.0,973.5
2018-03-09 17:00:00,16.2,42,8.0,367.0,973.0
2018-03-09 18:00:00,13.8,54,6.3,172.0,972.5
2018-03-09 19:00:00,9.1,69,11.4,26.0,971.7
2018-03-09 20:00:00,8.3,80,11.3,0.0,971.2
2018-03-09 21:00:00,7.7,86,10.1,0.0,971.4
2018-03-09 22:00:00,6.7,89,9.9,0.0,971.7
2018-03-09 23:00:00,6.7,87,8.2,0.0,972.4
2018-03-10 00:00:00,5.7,90,6.1,0.0,972.7
2018-03-10 01:00:00,4.4,93,6.1,0.0,972.7
2018-03-10 02:00:00,4.8,90,6.4,0.0,972.7
2018-03-10 03:00:00,4.0,92,5.2,0.0,972.1
2018-03-10 04:00:00,3.7,91,5.1,0.0,972.0
2018-03-10 05:00:00,3.6,90,7.2,0.0,972.4
2018-03-10 06:00:00,3.2,92,8.1,0.0,972.2
2018-03-10 07:00:00,3.1,92,7.0,0.0,972.7
2018-03-10 08:00:00,4.9,84,6.9,41.0,973.4
2018-03-10 09:00:00,7.4,75,4.8,164.0,974.5
2018-03-10 10:00:00,10.5,67,3.2,331.0,975.1
2018-03-10 11:00:00,13.3,59,2.0,502.0,974.6
2018-03-10 12:00:00,15.4,54,3.8,654.0,973.9
2018-03-10 13:00:00,16.7,51,6.8,684.0,973.5
2018-03-10 14:00:00,16.6,53,6.3,490.0,972.8
2018-03-10 15:00:00,16.5,55,6.8,362.0,972.4
2018-03-10 16:00:00,15.7,60,9.1,277.0,971.9
2018-03-10 17:00:00,14.4,69,10.8,160.0,971.8
2018-03-10 18:00:00,13.5,72,8.0,107.0,971.7
2018-03-10 19:00:00,10.9,82,9.8,16.0,971.8
2018-03-10 20:00:00,10.5,82,4.2,0.0,971.3
2018-03-10 21:00:00,10.6,86,4.0,0.0,971.9
2018-03-10 22:00:00,11.5,79,4.9,0.0,972.4
2018-03-10 23:00:00,10.9,83,6.2,0.0,972.7
2018-03-11 00:00:00,8.4,92,2.3,0.0,972.3
2018-03-11 01:00:00,8.7,89,3.9,0.0,972.4
2018-03-11 02:00:00,7.0,92,3.2,0.0,971.9
2018-03-11 03:00:00,8.3,83,3.3,0.0,972.2
2018-03-11 04:00:00,7.9,86,5.1,0.0,972.5
2018-03-11 05:00:00,7.1,92,3.6,0.0,972.5
2018-03-11 06:00:00,4.6,100,3.5,0.0,972.8
2018-03-11 07:00:00,4.6,100,2.6,0.0,973.3
2018-03-11 08:00:00,6.3,97,2.6,39.0,974.0
2018-03-11 09:00:00,8.7,89,1.4,182.0,975.1
2018-03-11 10:00:00,11.0,83,3.5,340.0,975.2
2018-03-11 11:00:00,13.6,72,6.5,545.0,974.9
2018-03-11 12:00:00,16.0,63,8.0,686.0,974.3
2018-03-11 13:00:00,17.8,56,8.3,749.0,973.5
2018-03-11 14:00:00,19.1,49,9.5,743.0,972.1
2018-03-11 15:00:00,20.1,45,9.6,673.0,971.3
2018-03-11 16:00:00,20.4,45,8.9,537.0,970.4
2018-03-11 17:00:00,20.0,48,11.0,361.0,969.9
2018-03-11 18:00:00,17.7,59,8.8,171.0,969.6
2018-03-11 19:00:00,14.8,69,10.9,27.0,969.4
2018-03-11 20:00:00,11.9,82,8.2,0.0,968.5
2018-03-11 21:00:00,11.1,86,8.8,0.0,968.9
2018-03-11 22:00:00,12.0,76,6.8,0.0,969.4
2018-03-11 23:00:00,12.5,71,5.9,0.0,969.8
2018-03-12 00:00:00,10.1,78,8.2,0.0,969.6
2018-03-12 01:00:00,8.7,83,11.2,0.0,969.1
2018-03-12 02:00:00,9.5,79,9.4,0.0,969.2
2018-03-12 03:00:00,10.6,75,6.6,0.0,969.2
2018-03-12 04:00:00,8.0,85,7.3,0.0,968.8
2018-03-12 05:00:00,6.8,89,5.6,0.0,968.8
2018-03-12 06:00:00,6.7,89,4.8,0.0,969.1
2018-03-12 07:00:00,5.7,94,7.0,0.0,969.4
2018-03-12 08:00:00,6.9,90,5.6,48.0,969.6
2018-03-12 09:00:00,10.5,77,2.1,207.0,970.7
2018-03-12 10:00:00,13.4,69,1.5,405.0,971.2
2018-03-12 11:00:00,16.1,62,1.8,581.0,970.9
2018-03-12 12:00:00,18.5,54,4.1,706.0,970.1
2018-03-12 13:00:00,20.4,47,6.5,768.0,968.9
2018-03-12 14:00:00,21.5,43,8.5,762.0,967.6
2018-03-12 15:00:00,21.9,39,9.8,689.0,966.6
2018-03-12 16:00:00,21.9,38,9.3,554.0,965.8
2018-03-12 17:00:00,21.1,42,9.2,374.0,965.5
2018-03-12 18:00:00,18.5,55,8.0,178.0,965.1
2018-03-12 19:00:00,14.6,71,10.2,29.0,965.0
2018-03-12 20:00:00,14.3,75,8.6,0.0,964.8
2018-03-12 21:00:00,15.9,68,4.5,0.0,965.6
2018-03-12 22:00:00,13.7,78,5.7,0.0,966.0
2018-03-12 23:00:00,11.1,87,9.2,0.0,966.0
2018-03-13 00:00:00,11.1,80,6.6,0.0,966.0
2018-03-13 01:00:00,10.9,74,8.6,0.0,965.9
2018-03-13 02:00:00,10.2,77,9.7,0.0,966.0
2018-03-13 03:00:00,9.7,80,13.7,0.0,966.1
2018-03-13 04:00:00,9.5,86,13.0,0.0,966.0
2018-03-13 05:00:00,9.1,89,11.9,0.0,966.2
2018-03-13 06:00:00,8.9,87,13.0,0.0,966.6
2018-03-13 07:00:00,8.7,82,11.9,0.0,966.8
2018-03-13 08:00:00,10.4,72,10.1,51.0,967.4
2018-03-13 09:00:00,13.7,60,7.9,221.0,968.3
2018-03-13 10:00:00,16.1,55,7.1,417.0,968.8
2018-03-13 11:00:00,18.5,51,5.8,590.0,968.5
2018-03-13 12:00:00,20.9,46,4.7,715.0,968.0
2018-03-13 13:00:00,22.6,40,6.9,777.0,967.0
2018-03-13 14:00:00,23.6,35,8.4,770.0,965.8
2018-03-13 15:00:00,23.9,32,8.7,693.0,964.8
2018-03-13 16:00:00,23.9,30,8.9,556.0,964.1
2018-03-13 17:00:00,23.0,37,8.4,376.0,963.8
2018-03-13 18:00:00,19.5,62,7.6,180.0,963.5
2018-03-13 19:00:00,20.4,46,6.1,30.0,964.1
2018-03-13 20:00:00,14.5,70,6.5,0.0,962.8
2018-03-13 21:00:00,13.6,80,8.0,0.0,963.2
2018-03-13 22:00:00,13.4,80,7.8,0.0,963.8
2018-03-13 23:00:00,12.0,82,9.7,0.0,963.9
2018-03-14 00:00:00,11.9,72,8.2,0.0,964.3
2018-03-14 01:00:00,10.1,72,10.0,0.0,963.9
2018-03-14 02:00:00,9.1,75,8.8,0.0,963.7
2018-03-14 03:00:00,9.4,73,6.6,0.0,964.0
2018-03-14 04:00:00,8.6,80,11.2,0.0,963.8
2018-03-14 05:00:00,8.6,85,11.2,0.0,963.8
2018-03-14 06:00:00,8.8,86,9.7,0.0,964.2
2018-03-14 07:00:00,8.7,85,8.3,0.0,964.4
2018-03-14 08:00:00,10.7,75,8.3,54.0,964.7
2018-03-14 09:00:00,14.5,61,6.0,224.0,965.7
2018-03-14 10:00:00,17.1,50,4.9,420.0,966.5
2018-03-14 11:00:00,19.4,45,5.1,592.0,966.5
2018-03-14 12:00:00,21.4,42,4.5,715.0,966.1
2018-03-14 13:00:00,23.0,39,3.4,776.0,965.3
2018-03-14 14:00:00,24.2,37,1.5,770.0,964.4
2018-03-14 15:00:00,25.0,34,0.8,697.0,963.3
2018-03-14 16:00:00,25.1,32,3.9,563.0,962.9
2018-03-14 17:00:00,24.1,37,9.2,383.0,962.7
2018-03-14 18:00:00,21.2,52,7.6,186.0,962.8
2018-03-14 19:00:00,16.5,66,12.3,32.0,962.7
2018-03-14 20:00:00,15.0,70,7.9,0.0,961.8
2018-03-14 21:00:00,13.6,76,5.4,0.0,962.1
2018-03-14 22:00:00,13.5,70,4.5,0.0,962.7
2018-03-14 23:00:00,15.3,56,5.4,0.0,963.8
2018-03-15 00:00:00,13.5,59,6.9,0.0,964.0
2018-03-15 01:00:00,11.3,64,5.1,0.0,963.9
2018-03-15 02:00:00,10.7,65,6.1,0.0,964.3
2018-03-15 03:00:00,9.8,72,7.6,0.0,964.3
2018-03-15 04:00:00,9.6,76,7.6,0.0,964.4
2018-03-15 05:00:00,9.2,80,8.0,0.0,964.6
2018-03-15 06:00:00,9.1,81,7.8,0.0,965.1
2018-03-15 07:00:00,9.4,80,8.8,0.0,965.6
2018-03-15 08:00:00,10.6,74,7.0,57.0,966.7
2018-03-15 09:00:00,14.0,63,1.5,229.0,968.3
2018-03-15 10:00:00,16.8,54,2.4,424.0,969.2
2018-03-15 11:00:00,19.2,48,3.3,594.0,969.4
2018-03-15 12:00:00,21.0,43,5.1,716.0,969.4
2018-03-15 13:00:00,22.7,41,5.6,776.0,969.1
2018-03-15 14:00:00,23.7,36,10.4,769.0,968.4
2018-03-15 15:00:00,23.6,31,16.3,684.0,967.7
2018-03-15 16:00:00,23.4,33,18.2,549.0,967.2
2018-03-15 17:00:00,22.8,27,15.5,358.0,967.1
2018-03-15 18:00:00,20.6,34,8.5,172.0,966.5
2018-03-15 19:00:00,16.5,45,8.9,31.0,966.9
2018-03-15 20:00:00,15.8,63,10.4,0.0,966.2
2018-03-15 21:00:00,15.9,61,15.5,0.0,968.1
2018-03-15 22:00:00,15.0,60,18.7,0.0,969.9
2018-03-15 23:00:00,12.7,61,18.4,0.0,971.6
2018-03-16 00:00:00,11.0,57,17.8,0.0,973.2
2018-03-16 01:00:00,9.8,49,19.9,0.0,974.5
2018-03-16 02:00:00,9.2,44,20.9,0.0,974.8
2018-03-16 03:00:00,8.4,42,21.1,0.0,974.6
2018-03-16 04:00:00,7.8,42,21.6,0.0,974.5
2018-03-16 05:00:00,7.5,41,21.9,0.0,974.6
2018-03-16 06:00:00,6.8,40,21.9,0.0,975.2
2018-03-16 07:00:00,6.1,42,21.9,0.0,975.7
2018-03-16 08:00:00,6.5,43,22.9,41.0,975.4
2018-03-16 09:00:00,7.8,39,23.7,179.0,976.1
2018-03-16 10:00:00,9.5,36,24.7,382.0,976.3
2018-03-16 11:00:00,11.3,35,24.2,491.0,975.8
2018-03-16 12:00:00,13.6,37,20.5,573.0,974.8
2018-03-16 13:00:00,15.6,44,18.8,566.0,973.5
2018-03-16 14:00:00,16.3,44,21.6,510.0,972.1
2018-03-16 15:00:00,16.5,44,23.4,616.0,970.4
2018-03-16 16:00:00,15.7,45,23.5,449.0,969.7
2018-03-16 17:00:00,14.7,46,22.2,286.0,969.8
2018-03-16 18:00:00,12.8,56,17.7,75.0,969.9
2018-03-16 19:00:00,11.4,58,16.3,8.0,970.3
2018-03-16 20:00:00,10.8,49,21.0,0.0,970.0
2018-03-16 21:00:00,10.1,49,20.4,0.0,970.7
2018-03-16 22:00:00,9.1,54,17.6,0.0,971.2
2018-03-16 23:00:00,8.1,55,16.9,0.0,971.7
2018-03-17 00:00:00,7.6,53,16.9,0.0,971.8
2018-03-17 01:00:00,7.5,50,17.0,0.0,971.9
2018-03-17 02:00:00,7.3,48,17.3,0.0,971.9
2018-03-17 03:00:00,7.0,48,16.6,0.0,971.8
2018-03-17 04:00:00,6.5,49,15.3,0.0,971.8
2018-03-17 05:00:00,6.1,49,13.6,0.0,971.8
2018-03-17 06:00:00,5.8,51,12.0,0.0,971.9
2018-03-17 07:00:00,5.5,54,10.5,0.0,972.5
2018-03-17 08:00:00,4.4,71,10.5,39.0,973.8
2018-03-17 09:00:00,4.3,78,7.9,33.0,975.1
2018-03-17 10:00:00,4.4,78,3.6,39.0,975.8
2018-03-17 11:00:00,4.0,81,1.5,31.0,976.2
2018-03-17 12:00:00,3.4,89,3.5,50.0,976.3
2018-03-17 13:00:00,3.3,91,5.4,49.0,975.7
2018-03-17 14:00:00,2.6,96,6.0,29.0,975.0
2018-03-17 15:00:00,3.0,93,3.9,68.0,974.4
2018-03-17 16:00:00,3.9,85,3.2,141.0,974.3
2018-03-17 17:00:00,3.6,87,3.1,60.0,974.2
2018-03-17 18:00:00,3.8,86,2.9,35.0,974.2
2018-03-17 19:00:00,4.1,83,0.7,7.0,974.7
2018-03-17 20:00:00,3.8,85,4.0,0.0,975.2
2018-03-17 21:00:00,4.1,83,2.1,0.0,975.9
2018-03-17 22:00:00,4.3,84,4.4,0.0,976.5
2018-03-17 23:00:00,4.0,87,6.4,0.0,976.6
2018-03-18 00:00:00,4.0,88,6.8,0.0,976.5
2018-03-18 01:00:00,4.1,87,4.2,0.0,976.8
2018-03-18 02:00:00,4.1,88,6.0,0.0,976.7
2018-03-18 03:00:00,4.1,89,6.9,0.0,976.4
2018-03-18 04:00:00,4.2,89,5.5,0.0,976.0
2018-03-18 05:00:00,4.4,88,3.8,0.0,976.0
2018-03-18 06:00:00,4.4,88,2.9,0.0,976.3
2018-03-18 07:00:00,4.4,89,3.3,0.0,976.4
2018-03-18 08:00:00,4.7,86,0.8,31.0,976.7
2018-03-18 09:00:00,5.7,81,2.4,99.0,977.4
2018-03-18 10:00:00,6.9,74,2.4,208.0,977.5
2018-03-18 11:00:00,8.4,69,2.5,353.0,977.2
2018-03-18 12:00:00,9.8,63,5.6,451.0,977.1
2018-03-18 13:00:00,10.6,59,6.4,444.0,976.2
2018-03-18 14:00:00,11.3,57,6.6,405.0,975.2
2018-03-18 15:00:00,12.6,54,6.5,515.0,974.2
2018-03-18 16:00:00,12.6,54,6.1,304.0,973.7
2018-03-18 17:00:00,11.4,60,12.1,155.0,973.8
2018-03-18 18:00:00,10.1,67,10.9,74.0,973.9
2018-03-18 19:00:00,9.3,75,8.8,13.0,974.4
2018-03-18 20:00:00,7.5,85,5.0,0.0,976.0
2018-03-18 21:00:00,7.5,89,5.8,0.0,976.7
2018-03-18 22:00:00,7.3,90,5.4,0.0,977.2
2018-03-18 23:00:00,7.3,90,5.1,0.0,977.1
2018-03-19 00:00:00,6.8,92,4.8,0.0,976.9
2018-03-19 01:00:00,6.9,89,3.5,0.0,976.8
2018-03-19 02:00:00,6.3,93,4.7,0.0,976.3
2018-03-19 03:00:00,6.3,93,3.9,0.0,975.6
2018-03-19 04:00:00,4.9,93,5.1,0.0,974.9
2018-03-19 05:00:00,4.3,95,4.1,0.0,974.6
2018-03-19 06:00:00,5.3,94,4.7,0.0,975.2
2018-03-19 07:00:00,5.5,94,5.8,0.0,975.6
2018-03-19 08:00:00,6.7,93,4.7,29.0,976.7
2018-03-19 09:00:00,7.8,90,4.3,41.0,977.3
2018-03-19 10:00:00,9.1,82,3.0,130.0,977.9
2018-03-19 11:00:00,10.9,74,1.6,312.0,977.8
2018-03-19 12:00:00,13.1,62,3.6,572.0,977.2
2018-03-19 13:00:00,13.6,59,7.1,446.0,976.2
2018-03-19 14:00:00,13.2,62,8.7,290.0,975.2
2018-03-19 15:00:00,13.9,56,9.0,324.0,974.1
2018-03-19 16:00:00,14.4,49,7.1,377.0,973.8
2018-03-19 17:00:00,14.3,46,5.9,293.0,973.5
2018-03-19 18:00:00,13.0,53,5.7,146.0,973.4
2018-03-19 19:00:00,11.2,57,10.0,28.0,973.6
2018-03-19 20:00:00,9.4,69,8.9,0.0,974.6
2018-03-19 21:00:00,8.9,74,7.0,0.0,975.4
2018-03-19 22:00:00,8.5,76,6.2,0.0,975.9
2018-03-19 23:00:00,7.8,81,8.6,0.0,976.3
2018-03-20 00:00:00,7.2,76,9.4,0.0,976.8
2018-03-20 01:00:00,7.0,60,8.1,0.0,977.2
2018-03-20 02:00:00,7.4,51,6.8,0.0,977.4
2018-03-20 03:00:00,6.5,60,7.4,0.0,977.5
2018-03-20 04:00:00,6.3,64,8.5,0.0,977.9
2018-03-20 05:00:00,5.7,62,8.2,0.0,977.8
2018-03-20 06:00:00,5.7,60,8.2,0.0,978.2
2018-03-20 07:00:00,5.2,63,8.9,0.0,978.7
2018-03-20 08:00:00,6.1,66,9.0,57.0,980.0
2018-03-20 09:00:00,8.4,54,6.6,195.0,980.6
2018-03-20 10:00:00,10.1,48,2.5,358.0,981.0
2018-03-20 11:00:00,11.8,39,2.0,562.0,980.7
2018-03-20 12:00:00,13.0,38,4.7,643.0,980.3
2018-03-20 13:00:00,13.9,38,4.0,660.0,979.5
2018-03-20 14:00:00,14.7,38,2.2,677.0,978.3
2018-03-20 15:00:00,15.2,38,2.5,636.0,977.2
2018-03-20 16:00:00,15.1,38,4.2,530.0,976.5
2018-03-20 17:00:00,14.8,38,7.2,386.0,975.9
2018-03-20 18:00:00,13.3,43,7.7,193.0,975.6
2018-03-20 19:00:00,9.6,52,7.3,38.0,975.4
2018-03-20 20:00:00,8.7,58,6.8,0.0,975.7
2018-03-20 21:00:00,7.5,66,9.4,0.0,976.0
2018-03-20 22:00:00,6.5,71,9.4,0.0,976.3
2018-03-20 23:00:00,6.0,72,9.2,0.0,976.2
2018-03-21 00:00:00,5.6,73,8.6,0.0,976.4
2018-03-21 01:00:00,5.1,74,8.4,0.0,976.2
2018-03-21 02:00:00,6.3,66,5.6,0.0,976.5
2018-03-21 03:00:00,5.6,70,2.2,0.0,976.6
2018-03-21 04:00:00,4.1,83,3.3,0.0,976.2
2018-03-21 05:00:00,3.9,87,6.5,0.0,976.3
2018-03-21 06:00:00,3.3,91,6.9,0.0,976.3
2018-03-21 07:00:00,2.7,92,4.2,1.0,976.5
2018-03-21 08:00:00,5.5,81,7.1,75.0,977.1
2018-03-21 09:00:00,9.0,66,3.2,253.0,977.8
2018-03-21 10:00:00,11.7,57,4.6,450.0,978.3
2018-03-21 11:00:00,14.1,51,7.9,622.0,977.8
2018-03-21 12:00:00,16.5,42,9.4,745.0,976.7
2018-03-21 13:00:00,18.0,36,7.2,807.0,975.6
2018-03-21 14:00:00,18.7,33,5.7,797.0,974.3
2018-03-21 15:00:00,19.2,31,6.0,717.0,973.0
2018-03-21 16:00:00,19.3,32,8.2,573.0,972.1
2018-03-21 17:00:00,19.1,31,10.1,392.0,971.1
2018-03-21 18:00:00,17.3,39,8.0,194.0,970.2
2018-03-21 19:00:00,14.0,43,9.2,39.0,970.2
2018-03-21 20:00:00,11.9,51,7.9,0.0,970.9
2018-03-21 21:00:00,11.7,49,9.0,0.0,971.3
2018-03-21 22:00:00,8.8,64,10.7,0.0,971.1
2018-03-21 23:00:00,7.9,69,9.7,0.0,971.5
2018-03-22 00:00:00,7.5,70,7.1,0.0,971.3
2018-03-22 01:00:00,7.2,71,9.2,0.0,971.4
2018-03-22 02:00:00,7.2,71,10.5,0.0,971.7
2018-03-22 03:00:00,6.8,77,9.3,0.0,971.7
2018-03-22 04:00:00,6.6,79,6.9,0.0,971.8
2018-03-22 05:00:00,4.8,89,6.5,0.0,971.2
2018-03-22 06:00:00,4.5,86,7.2,0.0,971.5
2018-03-22 07:00:00,5.0,84,8.6,1.0,971.8
2018-03-22 08:00:00,7.2,74,2.2,73.0,973.0
2018-03-22 09:00:00,10.2,60,3.6,255.0,973.7
2018-03-22 10:00:00,13.3,49,5.2,454.0,974.1
2018-03-22 11:00:00,16.1,43,5.4,627.0,973.8
2018-03-22 12:00:00,18.2,37,5.4,751.0,973.1
2018-03-22 13:00:00,19.6,31,4.0,812.0,972.4
2018-03-22 14:00:00,20.3,26,3.8,803.0,971.2
2018-03-22 15:00:00,21.1,25,5.7,726.0,970.0
2018-03-22 16:00:00,21.3,24,6.6,585.0,969.2
2018-03-22 17:00:00,20.8,24,8.3,401.0,969.0
2018-03-22 18:00:00,18.1,56,6.8,202.0,967.9
2018-03-22 19:00:00,15.5,40,9.2,42.0,967.6
2018-03-22 20:00:00,14.7,36,13.0,0.0,967.2
2018-03-22 21:00:00,14.5,31,9.4,0.0,967.4
2018-03-22 22:00:00,11.9,38,12.0,0.0,967.1
2018-03-22 23:00:00,10.2,43,11.7,0.0,967.0
2018-03-23 00:00:00,9.1,45,11.4,0.0,966.8
2018-03-23 01:00:00,8.2,55,11.8,0.0,966.8
2018-03-23 02:00:00,7.6,59,10.8,0.0,966.9
2018-03-23 03:00:00,7.7,58,8.7,0.0,967.0
2018-03-23 04:00:00,6.9,65,10.4,0.0,967.0
2018-03-23 05:00:00,7.4,63,7.4,0.0,967.6
2018-03-23 06:00:00,7.4,63,6.8,0.0,967.9
2018-03-23 07:00:00,8.8,56,3.2,1.0,968.6
2018-03-23 08:00:00,8.2,64,2.4,79.0,970.1
2018-03-23 09:00:00,11.0,52,1.0,246.0,971.2
2018-03-23 10:00:00,13.9,44,4.8,442.0,971.8
2018-03-23 11:00:00,15.8,42,7.4,581.0,972.1
2018-03-23 12:00:00,17.9,40,6.9,674.0,971.6
2018-03-23 13:00:00,19.5,39,8.6,758.0,970.8
2018-03-23 14:00:00,20.7,37,7.6,770.0,970.0
2018-03-23 15:00:00,21.6,35,7.6,646.0,969.2
2018-03-23 16:00:00,21.8,35,9.7,495.0,969.1
2018-03-23 17:00:00,21.6,37,8.2,300.0,968.8
2018-03-23 18:00:00,19.7,44,8.0,102.0,968.5
2018-03-23 19:00:00,17.9,46,11.7,27.0,968.4
2018-03-23 20:00:00,16.5,45,9.8,0.0,968.4
2018-03-23 21:00:00,14.8,52,5.9,0.0,969.3
2018-03-23 22:00:00,14.4,51,8.6,0.0,970.1
2018-03-23 23:00:00,14.3,49,10.9,0.0,970.7
2018-03-24 00:00:00,12.5,64,8.0,0.0,971.4
2018-03-24 01:00:00,13.6,58,7.6,0.0,972.1
2018-03-24 02:00:00,10.0,75,5.2,0.0,972.2
2018-03-24 03:00:00,11.7,67,4.9,0.0,973.1
2018-03-24 04:00:00,10.1,75,7.1,0.0,972.6
2018-03-24 05:00:00,9.9,74,1.3,0.0,973.4
2018-03-24 06:00:00,9.8,75,2.6,0.0,974.0
2018-03-24 07:00:00,9.9,72,2.3,2.0,974.8
2018-03-24 08:00:00,10.2,77,3.8,80.0,976.4
2018-03-24 09:00:00,13.5,62,1.5,258.0,977.8
2018-03-24 10:00:00,16.4,39,7.6,455.0,978.2
2018-03-24 11:00:00,17.8,29,12.6,624.0,978.2
2018-03-24 12:00:00,18.6,30,13.4,739.0,977.5
2018-03-24 13:00:00,19.5,32,11.6,795.0,976.7
2018-03-24 14:00:00,20.5,33,10.3,769.0,975.6
2018-03-24 15:00:00,21.0,35,10.3,667.0,974.5
2018-03-24 16:00:00,21.3,38,10.6,563.0,974.1
2018-03-24 17:00:00,21.1,40,10.9,371.0,973.9
2018-03-24 18:00:00,19.6,45,6.9,182.0,973.9
2018-03-24 19:00:00,15.8,53,9.5,38.0,973.9
2018-03-24 20:00:00,15.9,51,7.4,0.0,974.4
2018-03-24 21:00:00,14.4,62,5.6,0.0,974.4
2018-03-24 22:00:00,12.3,73,8.7,0.0,974.6
2018-03-24 23:00:00,12.4,69,10.4,0.0,975.1
2018-03-25 00:00:00,12.0,72,10.8,0.0,975.1
2018-03-25 01:00:00,13.5,70,8.4,0.0,975.3
2018-03-25 02:00:00,13.8,70,9.0,0.0,975.1
2018-03-25 03:00:00,12.3,78,9.3,0.0,974.7
2018-03-25 04:00:00,10.8,84,10.7,0.0,974.0
2018-03-25 05:00:00,9.9,86,8.7,0.0,974.1
2018-03-25 06:00:00,10.0,80,6.6,0.0,974.8
2018-03-25 07:00:00,9.6,80,7.3,2.0,975.3
2018-03-25 08:00:00,12.1,68,8.7,81.0,976.7
2018-03-25 09:00:00,15.0,59,6.0,221.0,977.5
2018-03-25 10:00:00,17.4,53,6.4,422.0,977.8
2018-03-25 11:00:00,19.3,49,8.0,579.0,977.6
2018-03-25 12:00:00,21.0,45,8.6,721.0,977.0
2018-03-25 13:00:00,22.1,42,9.3,783.0,976.2
2018-03-25 14:00:00,23.0,41,8.5,769.0,974.8
2018-03-25 15:00:00,23.4,40,6.8,656.0,973.8
2018-03-25 16:00:00,22.5,42,11.4,500.0,973.5
2018-03-25 17:00:00,22.1,44,10.7,366.0,973.5
2018-03-25 18:00:00,20.8,49,7.0,160.0,973.6
2018-03-25 19:00:00,16.8,64,9.6,38.0,973.3
2018-03-25 20:00:00,16.0,67,5.2,0.0,973.1
2018-03-25 21:00:00,14.9,71,6.6,0.0,973.3
2018-03-25 22:00:00,13.9,75,9.8,0.0,973.7
2018-03-25 23:00:00,13.4,75,8.7,0.0,973.8
2018-03-26 00:00:00,12.1,76,10.6,0.0,973.6
2018-03-26 01:00:00,11.9,74,8.1,0.0,973.7
2018-03-26 02:00:00,11.2,76,7.1,0.0,973.8
2018-03-26 03:00:00,11.3,75,7.8,0.0,973.4
2018-03-26 04:00:00,10.2,81,5.8,0.0,972.8
2018-03-26 05:00:00,10.1,82,6.8,0.0,973.4
2018-03-26 06:00:00,9.8,84,10.9,0.0,973.9
2018-03-26 07:00:00,10.1,87,12.3,3.0,974.3
2018-03-26 08:00:00,13.0,73,11.2,85.0,975.5
2018-03-26 09:00:00,16.3,60,8.9,260.0,976.1
2018-03-26 10:00:00,18.9,53,9.4,451.0,976.3
2018-03-26 11:00:00,21.5,45,9.5,617.0,976.6
2018-03-26 12:00:00,23.4,38,11.5,706.0,975.8
2018-03-26 13:00:00,24.1,36,15.0,719.0,974.8
2018-03-26 14:00:00,24.3,34,14.5,593.0,973.5
2018-03-26 15:00:00,25.6,31,14.0,654.0,972.4
2018-03-26 16:00:00,26.1,29,13.8,556.0,971.5
2018-03-26 17:00:00,25.5,30,14.3,351.0,971.0
2018-03-26 18:00:00,23.8,36,12.7,174.0,970.1
2018-03-26 19:00:00,20.4,45,7.6,38.0,969.9
2018-03-26 20:00:00,17.9,45,6.8,0.0,970.3
2018-03-26 21:00:00,17.7,36,8.4,0.0,970.7
2018-03-26 22:00:00,14.9,38,6.2,0.0,970.7
2018-03-26 23:00:00,13.7,39,9.4,0.0,970.5
2018-03-27 00:00:00,12.6,39,9.1,0.0,970.2
2018-03-27 01:00:00,13.4,34,14.6,0.0,970.3
2018-03-27 02:00:00,13.1,39,10.8,0.0,970.6
2018-03-27 03:00:00,12.9,43,9.4,0.0,970.2
2018-03-27 04:00:00,12.7,45,10.9,0.0,969.8
2018-03-27 05:00:00,12.1,46,9.4,0.0,969.7
2018-03-27 06:00:00,11.4,42,8.7,0.0,969.7
2018-03-27 07:00:00,11.8,40,10.4,3.0,970.0
2018-03-27 08:00:00,14.2,42,12.0,93.0,971.3
2018-03-27 09:00:00,18.0,35,10.0,276.0,971.8
2018-03-27 10:00:00,20.8,31,10.2,474.0,972.2
2018-03-27 11:00:00,23.4,28,9.0,646.0,971.9
2018-03-27 12:00:00,25.8,25,7.6,766.0,970.9
2018-03-27 13:00:00,27.8,22,5.8,824.0,969.9
2018-03-27 14:00:00,29.0,20,3.9,810.0,968.8
2018-03-27 15:00:00,29.5,18,2.3,728.0,967.6
2018-03-27 16:00:00,29.4,18,2.3,587.0,967.0
2018-03-27 17:00:00,29.1,19,2.9,402.0,966.5
2018-03-27 18:00:00,25.5,39,7.1,205.0,965.8
2018-03-27 19:00:00,20.8,42,8.0,46.0,965.5
2018-03-27 20:00:00,20.3,42,9.9,0.0,965.2
2018-03-27 21:00:00,20.8,36,12.7,0.0,965.5
2018-03-27 22:00:00,18.1,43,8.6,0.0,965.7
2018-03-27 23:00:00,19.2,41,5.3,0.0,966.2
2018-03-28 00:00:00,15.6,54,5.9,0.0,965.9
2018-03-28 01:00:00,15.7,51,10.1,0.0,966.0
2018-03-28 02:00:00,15.1,52,10.9,0.0,965.6
2018-03-28 03:00:00,14.6,52,11.2,0.0,965.4
2018-03-28 04:00:00,14.2,52,12.1,0.0,965.3
2018-03-28 05:00:00,14.2,53,13.0,0.0,965.6
2018-03-28 06:00:00,13.8,56,13.0,0.0,965.7
2018-03-28 07:00:00,13.6,57,13.3,4.0,966.2
2018-03-28 08:00:00,16.3,50,12.7,92.0,966.9
2018-03-28 09:00:00,19.7,41,9.2,259.0,967.8
2018-03-28 10:00:00,22.3,37,7.9,454.0,968.2
2018-03-28 11:00:00,24.9,32,6.4,628.0,968.1
2018-03-28 12:00:00,26.9,29,5.0,748.0,967.7
2018-03-28 13:00:00,28.4,25,4.7,804.0,966.7
2018-03-28 14:00:00,29.4,21,8.3,798.0,965.8
2018-03-28 15:00:00,29.6,21,10.2,714.0,964.7
2018-03-28 16:00:00,29.4,20,13.0,569.0,964.1
2018-03-28 17:00:00,28.7,21,13.7,389.0,963.7
2018-03-28 18:00:00,26.8,27,10.7,199.0,963.5
2018-03-28 19:00:00,23.8,35,10.1,46.0,963.6
2018-03-28 20:00:00,23.3,35,13.1,0.0,963.6
2018-03-28 21:00:00,22.2,39,14.3,0.0,964.2
2018-03-28 22:00:00,21.4,37,14.1,0.0,964.7
2018-03-28 23:00:00,20.6,39,12.3,0.0,965.2
2018-03-29 00:00:00,20.3,41,10.5,0.0,965.4
2018-03-29 01:00:00,17.6,51,8.9,0.0,965.3
2018-03-29 02:00:00,16.6,56,9.5,0.0,965.5
2018-03-29 03:00:00,15.7,60,9.5,0.0,965.4
2018-03-29 04:00:00,15.2,63,9.0,0.0,965.6
2018-03-29 05:00:00,15.5,62,6.3,0.0,966.1
2018-03-29 06:00:00,13.2,72,7.0,0.0,966.3
2018-03-29 07:00:00,12.8,75,8.0,4.0,966.8
2018-03-29 08:00:00,16.2,59,4.6,93.0,968.2
2018-03-29 09:00:00,18.9,48,7.6,268.0,969.7
2018-03-29 10:00:00,21.9,45,10.8,458.0,970.3
2018-03-29 11:00:00,25.3,40,10.1,620.0,970.2
2018-03-29 12:00:00,28.0,33,10.5,703.0,969.5
2018-03-29 13:00:00,28.6,31,17.8,660.0,968.8
2018-03-29 14:00:00,29.2,28,20.3,651.0,968.1
2018-03-29 15:00:00,28.4,30,23.0,591.0,967.3
2018-03-29 16:00:00,28.0,30,22.4,398.0,967.0
2018-03-29 17:00:00,27.1,32,21.7,277.0,967.2
2018-03-29 18:00:00,26.2,33,18.8,164.0,967.4
2018-03-29 19:00:00,24.4,37,18.9,40.0,967.9
2018-03-29 20:00:00,24.2,35,23.5,0.0,967.3
2018-03-29 21:00:00,23.3,37,31.6,0.0,968.4
2018-03-29 22:00:00,22.3,40,35.4,0.0,969.0
2018-03-29 23:00:00,21.3,44,37.7,0.0,969.6
2018-03-30 00:00:00,20.5,45,37.2,0.0,970.3
2018-03-30 01:00:00,20.0,43,32.3,0.0,970.8
2018-03-30 02:00:00,18.9,45,21.3,0.0,971.0
2018-03-30 03:00:00,17.6,49,15.1,0.0,970.9
2018-03-30 04:00:00,16.5,53,14.0,0.0,970.9
2018-03-30 05:00:00,15.8,56,15.5,0.0,971.0
2018-03-30 06:00:00,14.8,60,15.8,0.0,971.3
2018-03-30 07:00:00,14.1,62,16.4,5.0,972.3
2018-03-30 08:00:00,16.0,55,16.2,99.0,973.7
2018-03-30 09:00:00,18.3,49,15.5,274.0,974.4
2018-03-30 10:00:00,20.6,44,14.3,467.0,975.1
2018-03-30 11:00:00,22.7,39,14.2,628.0,975.1
2018-03-30 12:00:00,24.3,34,13.2,729.0,974.3
2018-03-30 13:00:00,25.3,33,13.7,764.0,973.2
2018-03-30 14:00:00,25.8,33,13.4,768.0,972.5
2018-03-30 15:00:00,26.5,31,11.2,672.0,971.6
2018-03-30 16:00:00,26.8,29,11.2,495.0,970.9
2018-03-30 17:00:00,26.0,31,8.2,233.0,970.5
2018-03-30 18:00:00,24.5,42,1.5,108.0,970.4
2018-03-30 19:00:00,21.7,44,7.3,45.0,970.5
2018-03-30 20:00:00,18.8,59,6.5,0.0,972.2
2018-03-30 21:00:00,18.2,62,5.8,0.0,972.8
2018-03-30 22:00:00,17.3,71,5.9,0.0,973.0
2018-03-30 23:00:00,16.6,76,8.0,0.0,974.0
2018-03-31 00:00:00,16.1,78,7.9,0.0,974.5
2018-03-31 01:00:00,15.7,78,10.0,0.0,974.3
2018-03-31 02:00:00,15.1,82,11.4,0.0,974.0
2018-03-31 03:00:00,15.0,83,11.2,0.0,973.7
2018-03-31 04:00:00,14.8,84,11.9,0.0,973.0
2018-03-31 05:00:00,14.8,83,11.2,0.0,972.9
2018-03-31 06:00:00,13.2,90,7.3,0.0,972.8
2018-03-31 07:00:00,13.6,86,5.2,5.0,973.4
2018-03-31 08:00:00,16.1,79,12.6,90.0,974.4
2018-03-31 09:00:00,18.2,69,12.7,242.0,974.8
2018-03-31 10:00:00,21.1,55,13.3,451.0,974.7
2018-03-31 11:00:00,23.4,46,11.0,618.0,974.8
2018-03-31 12:00:00,25.2,40,9.7,714.0,974.0
2018-03-31 13:00:00,26.6,34,8.6,749.0,972.9
2018-03-31 14:00:00,26.9,31,5.9,625.0,972.0
2018-03-31 15:00:00,27.6,25,5.5,568.0,970.7
2018-03-31 16:00:00,27.1,25,10.9,378.0,969.9
2018-03-31 17:00:00,24.8,37,17.6,161.0,969.7
2018-03-31 18:00:00,24.0,38,13.7,90.0,969.8
2018-03-31 19:00:00,22.7,41,10.0,17.0,970.3
2018-03-31 20:00:00,21.5,44,9.9,0.0,971.4
2018-03-31 21:00:00,21.5,38,13.0,0.0,971.7
2018-03-31 22:00:00,20.7,33,7.0,0.0,971.8
2018-03-31 23:00:00,18.7,38,10.6,0.0,971.9
2018-04-01 00:00:00,19.7,34,11.2,0.0,971.7
2018-04-01 01:00:00,19.2,36,11.4,0.0,971.3
2018-04-01 02:00:00,18.5,38,14.3,0.0,971.0
2018-04-01 03:00:00,18.4,36,12.7,0.0,970.6
2018-04-01 04:00:00,18.4,36,12.9,0.0,970.4
2018-04-01 05:00:00,17.9,38,11.5,0.0,970.3
2018-04-01 06:00:00,16.5,41,9.0,0.0,970.4
2018-04-01 07:00:00,16.3,41,12.7,5.0,970.7
2018-04-01 08:00:00,18.4,39,13.4,71.0,971.5
2018-04-01 09:00:00,19.2,37,11.7,115.0,971.7
2018-04-01 10:00:00,21.9,30,11.2,369.0,972.3
2018-04-01 11:00:00,24.7,24,12.7,635.0,972.2
2018-04-01 12:00:00,26.5,22,11.5,744.0,971.5
2018-04-01 13:00:00,27.6,19,7.9,811.0,970.3
2018-04-01 14:00:00,28.2,18,4.6,799.0,969.0
2018-04-01 15:00:00,28.5,18,4.7,723.0,967.6
2018-04-01 16:00:00,28.4,18,6.5,586.0,966.8
2018-04-01 17:00:00,27.7,20,8.7,404.0,966.4
2018-04-01 18:00:00,26.4,23,8.4,209.0,965.7
2018-04-01 19:00:00,21.9,29,6.9,52.0,965.3
2018-04-01 20:00:00,20.7,32,7.7,0.0,965.3
2018-04-01 21:00:00,21.3,33,12.5,0.0,965.7
2018-04-01 22:00:00,20.6,38,15.9,0.0,965.6
2018-04-01 23:00:00,19.7,42,14.0,0.0,965.8
2018-04-02 00:00:00,17.7,49,7.3,0.0,965.4
2018-04-02 01:00:00,15.9,55,10.1,0.0,964.9
2018-04-02 02:00:00,15.4,57,8.5,0.0,964.7
2018-04-02 03:00:00,15.3,57,9.4,0.0,964.1
2018-04-02 04:00:00,14.1,61,8.0,0.0,964.0
2018-04-02 05:00:00,13.2,64,8.1,0.0,963.8
2018-04-02 06:00:00,13.1,64,8.9,0.0,964.0
2018-04-02 07:00:00,13.1,65,7.9,7.0,964.3
2018-04-02 08:00:00,15.7,53,6.5,109.0,965.4
2018-04-02 09:00:00,19.7,42,2.6,291.0,966.3
2018-04-02 10:00:00,22.6,36,2.6,486.0,966.5
2018-04-02 11:00:00,25.1,31,5.4,654.0,966.6
2018-04-02 12:00:00,27.1,27,7.6,772.0,966.0
2018-04-02 13:00:00,28.7,23,8.0,828.0,965.1
2018-04-02 14:00:00,29.9,20,8.4,816.0,964.0
2018-04-02 15:00:00,30.7,18,8.0,736.0,962.8
2018-04-02 16:00:00,31.0,16,7.7,597.0,962.1
2018-04-02 17:00:00,30.5,16,8.0,414.0,961.7
2018-04-02 18:00:00,28.3,20,5.8,215.0,961.5
2018-04-02 19:00:00,24.7,25,9.0,54.0,961.5
2018-04-02 20:00:00,21.1,37,9.4,0.0,961.0
2018-04-02 21:00:00,20.0,41,8.7,0.0,961.5
2018-04-02 22:00:00,19.2,45,10.3,0.0,961.9
2018-04-02 23:00:00,18.6,52,10.8,0.0,962.1
2018-04-03 00:00:00,19.1,55,8.5,0.0,962.6
2018-04-03 01:00:00,18.0,59,8.1,0.0,962.5
2018-04-03 02:00:00,16.9,63,7.9,0.0,961.9
2018-04-03 03:00:00,15.4,68,7.8,0.0,961.6
2018-04-03 04:00:00,15.3,68,6.8,0.0,961.7
2018-04-03 05:00:00,14.3,72,6.2,0.0,961.8
2018-04-03 06:00:00,13.9,72,5.8,0.0,962.3
2018-04-03 07:00:00,14.3,69,7.4,8.0,963.2
2018-04-03 08:00:00,17.0,54,8.2,109.0,965.1
2018-04-03 09:00:00,19.9,45,8.2,287.0,965.8
2018-04-03 10:00:00,22.9,37,8.1,478.0,966.3
2018-04-03 11:00:00,25.7,31,7.6,641.0,966.3
2018-04-03 12:00:00,27.9,26,6.2,756.0,965.9
2018-04-03 13:00:00,29.6,22,5.9,810.0,965.5
2018-04-03 14:00:00,30.5,21,6.0,796.0,964.7
2018-04-03 15:00:00,31.1,21,6.7,716.0,964.0
2018-04-03 16:00:00,31.0,21,6.6,578.0,963.6
2018-04-03 17:00:00,30.6,21,5.6,398.0,963.7
2018-04-03 18:00:00,28.8,35,4.2,206.0,963.7
2018-04-03 19:00:00,24.4,34,8.9,52.0,963.5
2018-04-03 20:00:00,24.0,39,6.4,0.0,963.4
2018-04-03 21:00:00,22.3,47,8.4,0.0,964.5
2018-04-03 22:00:00,20.1,54,24.5,0.0,966.1
2018-04-03 23:00:00,18.4,52,30.6,0.0,966.8
2018-04-04 00:00:00,16.2,49,28.8,0.0,967.3
2018-04-04 01:00:00,14.8,48,25.0,0.0,967.7
2018-04-04 02:00:00,13.7,50,25.0,0.0,968.0
2018-04-04 03:00:00,12.5,53,22.9,0.0,968.0
2018-04-04 04:00:00,12.0,53,21.5,0.0,967.9
2018-04-04 05:00:00,11.6,51,24.2,0.0,967.7
2018-04-04 06:00:00,10.9,50,24.8,0.0,967.9
2018-04-04 07:00:00,10.3,51,23.4,6.0,968.2
2018-04-04 08:00:00,11.6,48,22.7,74.0,968.1
2018-04-04 09:00:00,13.3,44,24.5,180.0,968.1
2018-04-04 10:00:00,15.3,42,24.1,368.0,967.7
2018-04-04 11:00:00,18.1,42,22.2,507.0,966.7
2018-04-04 12:00:00,21.2,41,23.8,696.0,965.9
2018-04-04 13:00:00,22.0,39,25.8,735.0,965.0
2018-04-04 14:00:00,22.2,39,25.2,739.0,964.6
2018-04-04 15:00:00,22.0,40,24.1,675.0,964.8
2018-04-04 16:00:00,20.6,42,25.6,538.0,964.6
2018-04-04 17:00:00,19.0,39,23.4,379.0,964.8
2018-04-04 18:00:00,17.7,41,17.8,183.0,965.3
2018-04-04 19:00:00,12.5,63,25.7,37.0,968.4
2018-04-04 20:00:00,9.1,80,22.9,0.0,971.2
2018-04-04 21:00:00,8.9,87,16.6,0.0,973.6
2018-04-04 22:00:00,8.8,84,7.7,0.0,974.9
2018-04-04 23:00:00,8.1,88,9.7,0.0,976.3
2018-04-05 00:00:00,7.8,86,6.8,0.0,977.5
2018-04-05 01:00:00,7.8,87,7.1,0.0,977.9
2018-04-05 02:00:00,7.5,87,5.4,0.0,977.9
2018-04-05 03:00:00,7.4,87,4.7,0.0,978.0
2018-04-05 04:00:00,7.5,87,2.2,0.0,977.9
2018-04-05 05:00:00,7.6,86,3.7,0.0,977.5
2018-04-05 06:00:00,7.8,84,6.3,0.0,977.5
2018-04-05 07:00:00,8.3,83,7.8,3.0,977.6
2018-04-05 08:00:00,8.7,90,10.0,33.0,980.0
2018-04-05 09:00:00,9.4,89,10.6,68.0,979.9
2018-04-05 10:00:00,11.2,73,9.9,190.0,980.4
2018-04-05 11:00:00,12.9,48,8.2,349.0,979.7
2018-04-05 12:00:00,14.4,45,8.7,491.0,978.6
2018-04-05 13:00:00,15.7,41,13.4,621.0,977.5
2018-04-05 14:00:00,16.6,38,15.7,651.0,976.1
2018-04-05 15:00:00,17.2,36,13.2,649.0,974.8
2018-04-05 16:00:00,17.2,35,11.2,525.0,973.9
2018-04-05 17:00:00,17.5,33,7.3,387.0,973.7
2018-04-05 18:00:00,17.0,35,9.9,217.0,973.7
2018-04-05 19:00:00,14.5,39,10.3,55.0,973.6
2018-04-05 20:00:00,13.6,50,5.9,0.0,975.7
2018-04-05 21:00:00,12.9,52,6.3,0.0,977.9
2018-04-05 22:00:00,12.8,53,5.9,0.0,979.1
2018-04-05 23:00:00,12.2,53,12.6,0.0,980.4
2018-04-06 00:00:00,13.7,17,23.5,0.0,982.7
2018-04-06 01:00:00,12.7,17,26.1,0.0,985.4
2018-04-06 02:00:00,11.8,16,21.1,0.0,987.1
2018-04-06 03:00:00,10.5,15,15.6,0.0,988.8
2018-04-06 04:00:00,9.9,15,17.4,0.0,989.0
2018-04-06 05:00:00,9.4,11,20.2,0.0,989.3
2018-04-06 06:00:00,9.1,8,20.7,0.0,990.0
2018-04-06 07:00:00,8.5,9,17.6,8.0,990.7
2018-04-06 08:00:00,9.1,11,17.4,132.0,992.2
2018-04-06 09:00:00,9.8,9,19.9,332.0,992.3
2018-04-06 10:00:00,10.8,9,22.1,534.0,992.0
2018-04-06 11:00:00,12.0,9,22.4,707.0,991.8
2018-04-06 12:00:00,12.9,9,21.5,834.0,990.7
2018-04-06 13:00:00,13.7,9,20.1,879.0,989.6
2018-04-06 14:00:00,14.4,9,18.8,861.0,988.6
2018-04-06 15:00:00,14.9,9,18.4,779.0,987.3
2018-04-06 16:00:00,15.0,9,18.2,632.0,986.3
2018-04-06 17:00:00,14.7,9,17.3,441.0,985.8
2018-04-06 18:00:00,14.0,10,12.5,234.0,985.3
2018-04-06 19:00:00,11.0,18,8.4,63.0,985.3
2018-04-06 20:00:00,8.3,21,11.6,0.0,985.8
2018-04-06 21:00:00,10.5,14,9.9,0.0,986.9
2018-04-06 22:00:00,9.5,13,9.1,0.0,987.3
2018-04-06 23:00:00,6.6,22,10.8,0.0,987.1
2018-04-07 00:00:00,7.2,19,7.6,0.0,987.3
2018-04-07 01:00:00,6.9,21,2.0,0.0,987.2
2018-04-07 02:00:00,4.3,31,8.8,0.0,986.5
2018-04-07 03:00:00,6.1,25,4.2,0.0,986.2
2018-04-07 04:00:00,2.9,35,6.2,0.0,985.4
2018-04-07 05:00:00,2.7,35,9.4,0.0,985.2
2018-04-07 06:00:00,3.2,31,6.0,0.0,984.9
2018-04-07 07:00:00,2.6,41,4.8,13.0,984.8
2018-04-07 08:00:00,5.4,33,4.2,134.0,986.1
2018-04-07 09:00:00,8.8,22,3.1,330.0,986.1
2018-04-07 10:00:00,11.5,17,1.6,534.0,985.4
2018-04-07 11:00:00,13.9,14,2.1,708.0,984.0
2018-04-07 12:00:00,15.9,12,2.5,828.0,982.3
2018-04-07 13:00:00,17.7,11,2.1,884.0,980.2
2018-04-07 14:00:00,19.0,11,4.1,869.0,978.1
2018-04-07 15:00:00,19.9,11,6.6,785.0,976.1
2018-04-07 16:00:00,19.8,12,7.9,635.0,974.6
2018-04-07 17:00:00,19.2,13,8.2,438.0,973.2
2018-04-07 18:00:00,17.6,18,9.0,231.0,972.1
2018-04-07 19:00:00,12.8,28,9.0,62.0,971.4
2018-04-07 20:00:00,11.3,31,10.9,0.0,971.3
2018-04-07 21:00:00,11.5,32,8.0,0.0,971.2
2018-04-07 22:00:00,9.7,40,7.6,0.0,971.4
2018-04-07 23:00:00,9.9,46,7.2,0.0,971.5
2018-04-08 00:00:00,9.3,54,8.3,0.0,971.4
2018-04-08 01:00:00,9.1,56,10.8,0.0,970.9
2018-04-08 02:00:00,9.1,55,10.1,0.0,970.4
2018-04-08 03:00:00,8.3,57,8.0,0.0,969.9
2018-04-08 04:00:00,8.0,55,10.5,0.0,969.9
2018-04-08 05:00:00,7.8,55,10.9,0.0,969.7
2018-04-08 06:00:00,8.1,53,13.0,0.0,969.6
2018-04-08 07:00:00,9.0,51,12.6,14.0,970.2
2018-04-08 08:00:00,12.3,40,13.1,131.0,971.1
2018-04-08 09:00:00,16.1,32,11.8,319.0,971.5
2018-04-08 10:00:00,18.6,30,12.1,515.0,971.5
2018-04-08 11:00:00,20.8,28,9.7,683.0,971.5
2018-04-08 12:00:00,22.8,26,7.3,800.0,970.6
2018-04-08 13:00:00,24.4,24,5.2,852.0,969.3
2018-04-08 14:00:00,25.5,22,5.2,836.0,968.1
2018-04-08 15:00:00,26.1,21,6.2,752.0,966.9
2018-04-08 16:00:00,26.3,20,7.6,610.0,966.0
2018-04-08 17:00:00,25.7,22,8.0,424.0,965.3
2018-04-08 18:00:00,23.2,30,5.6,225.0,964.7
2018-04-08 19:00:00,17.9,41,9.7,62.0,964.1
2018-04-08 20:00:00,17.7,35,10.1,0.0,963.3
2018-04-08 21:00:00,16.7,38,7.4,0.0,963.6
2018-04-08 22:00:00,15.7,46,7.3,0.0,964.1
2018-04-08 23:00:00,14.7,53,8.0,0.0,964.2
2018-04-09 00:00:00,14.0,56,8.8,0.0,964.5
2018-04-09 01:00:00,13.1,56,7.2,0.0,964.6
2018-04-09 02:00:00,12.1,60,8.1,0.0,964.2
2018-04-09 03:00:00,12.1,59,10.1,0.0,964.1
2018-04-09 04:00:00,12.0,61,10.1,0.0,963.9
2018-04-09 05:00:00,11.7,63,9.0,0.0,963.4
2018-04-09 06:00:00,11.0,67,6.8,0.0,963.2
2018-04-09 07:00:00,11.4,67,5.5,14.0,963.8
2018-04-09 08:00:00,14.3,54,4.7,129.0,964.2
2018-04-09 09:00:00,17.4,43,4.5,316.0,964.9
2018-04-09 10:00:00,20.2,37,5.0,509.0,965.2
2018-04-09 11:00:00,23.1,31,5.4,673.0,964.6
2018-04-09 12:00:00,25.4,27,7.0,786.0,963.8
2018-04-09 13:00:00,27.1,24,7.2,836.0,962.8
2018-04-09 14:00:00,28.3,23,9.4,816.0,961.8
2018-04-09 15:00:00,28.7,21,11.6,731.0,960.7
2018-04-09 16:00:00,28.7,22,9.7,590.0,959.8
2018-04-09 17:00:00,28.3,24,8.1,410.0,959.2
2018-04-09 18:00:00,26.4,31,5.4,217.0,958.8
2018-04-09 19:00:00,22.0,42,8.9,60.0,958.5
2018-04-09 20:00:00,20.8,44,7.5,0.0,958.3
2018-04-09 21:00:00,20.9,44,8.9,0.0,959.2
2018-04-09 22:00:00,19.6,51,7.7,0.0,959.2
2018-04-09 23:00:00,17.1,62,9.7,0.0,959.6
2018-04-10 00:00:00,16.6,64,7.2,0.0,960.0
2018-04-10 01:00:00,16.6,64,9.9,0.0,960.4
2018-04-10 02:00:00,16.7,63,13.0,0.0,960.3
2018-04-10 03:00:00,17.2,61,15.7,0.0,960.7
2018-04-10 04:00:00,17.7,59,17.2,0.0,961.2
2018-04-10 05:00:00,17.4,59,13.9,0.0,961.7
2018-04-10 06:00:00,16.1,48,8.2,0.0,962.4
2018-04-10 07:00:00,15.8,32,8.2,15.0,964.1
2018-04-10 08:00:00,18.5,20,11.3,127.0,966.0
2018-04-10 09:00:00,21.3,16,12.0,280.0,967.7
2018-04-10 10:00:00,23.7,16,10.0,455.0,968.0
2018-04-10 11:00:00,25.6,16,5.4,642.0,968.3
2018-04-10 12:00:00,27.0,14,1.0,780.0,968.1
2018-04-10 13:00:00,27.8,12,4.1,836.0,967.2
2018-04-10 14:00:00,28.2,11,6.1,785.0,966.3
2018-04-10 15:00:00,28.1,12,8.2,651.0,965.8
2018-04-10 16:00:00,27.8,13,5.6,550.0,965.4
2018-04-10 17:00:00,27.5,13,5.7,386.0,965.0
2018-04-10 18:00:00,26.2,16,6.9,211.0,964.9
2018-04-10 19:00:00,22.8,18,8.3,62.0,965.2
2018-04-10 20:00:00,21.1,15,9.4,1.0,965.8
2018-04-10 21:00:00,20.6,15,9.5,0.0,966.5
2018-04-10 22:00:00,18.9,18,8.2,0.0,966.9
2018-04-10 23:00:00,16.8,23,7.7,0.0,966.8
2018-04-11 00:00:00,17.6,21,4.4,0.0,966.7
2018-04-11 01:00:00,14.8,26,9.0,0.0,966.2
2018-04-11 02:00:00,14.6,27,9.3,0.0,965.5
2018-04-11 03:00:00,14.6,31,9.4,0.0,965.2
2018-04-11 04:00:00,14.3,32,6.7,0.0,964.9
2018-04-11 05:00:00,15.4,29,4.4,0.0,965.3
2018-04-11 06:00:00,15.3,28,3.1,0.0,965.8
2018-04-11 07:00:00,13.6,41,6.1,12.0,965.7
2018-04-11 08:00:00,16.8,29,1.8,105.0,966.2
2018-04-11 09:00:00,18.7,27,6.7,191.0,966.5
2018-04-11 10:00:00,20.6,24,8.4,268.0,966.4
2018-04-11 11:00:00,21.4,30,9.6,262.0,966.2
2018-04-11 12:00:00,23.6,25,8.4,312.0,965.5
2018-04-11 13:00:00,23.6,35,10.8,200.0,964.9
2018-04-11 14:00:00,24.8,30,13.7,324.0,963.5
2018-04-11 15:00:00,25.0,26,15.7,303.0,962.5
2018-04-11 16:00:00,23.5,29,18.6,140.0,961.5
2018-04-11 17:00:00,23.3,31,18.9,239.0,961.4
2018-04-11 18:00:00,21.9,33,19.1,127.0,961.7
2018-04-11 19:00:00,19.7,37,20.2,31.0,962.6
2018-04-11 20:00:00,18.0,43,16.8,0.0,963.4
2018-04-11 21:00:00,17.9,45,16.1,0.0,964.0
2018-04-11 22:00:00,16.7,56,16.3,0.0,965.0
2018-04-11 23:00:00,16.2,59,15.0,0.0,965.1
2018-04-12 00:00:00,16.3,59,11.4,0.0,965.5
2018-04-12 01:00:00,16.1,60,14.8,0.0,965.6
2018-04-12 02:00:00,15.4,68,14.5,0.0,965.9
2018-04-12 03:00:00,14.5,76,13.8,0.0,965.8
2018-04-12 04:00:00,14.1,80,12.2,0.0,966.2
2018-04-12 05:00:00,13.5,85,11.2,0.0,966.4
2018-04-12 06:00:00,13.3,87,9.2,0.0,966.8
2018-04-12 07:00:00,13.0,88,9.5,4.0,967.4
2018-04-12 08:00:00,13.3,85,9.7,20.0,968.0
2018-04-12 09:00:00,13.3,88,8.9,35.0,968.7
2018-04-12 10:00:00,13.2,93,8.4,54.0,969.1
2018-04-12 11:00:00,13.1,92,10.3,55.0,969.1
2018-04-12 12:00:00,13.5,91,12.2,68.0,968.8
2018-04-12 13:00:00,13.5,93,13.5,68.0,968.4
2018-04-12 14:00:00,14.0,87,15.0,100.0,967.8
2018-04-12 15:00:00,13.3,92,12.0,45.0,967.2
2018-04-12 16:00:00,13.3,92,11.2,43.0,966.8
2018-04-12 17:00:00,13.4,92,8.4,27.0,966.9
2018-04-12 18:00:00,13.5,92,6.9,15.0,967.1
2018-04-12 19:00:00,13.4,94,5.0,8.0,967.9
2018-04-12 20:00:00,12.9,93,7.9,0.0,968.6
2018-04-12 21:00:00,12.7,94,11.1,0.0,969.3
2018-04-12 22:00:00,12.2,94,12.2,0.0,970.2
2018-04-12 23:00:00,11.5,93,13.9,0.0,970.9
2018-04-13 00:00:00,10.9,94,13.5,0.0,971.7
2018-04-13 01:00:00,10.7,94,10.9,0.0,972.2
2018-04-13 02:00:00,10.4,94,13.8,0.0,972.6
2018-04-13 03:00:00,10.3,92,11.3,0.0,972.6
2018-04-13 04:00:00,10.2,93,6.8,0.0,973.4
2018-04-13 05:00:00,10.2,93,3.7,0.0,973.8
2018-04-13 06:00:00,10.2,94,5.2,0.0,974.6
2018-04-13 07:00:00,10.1,94,7.2,1.0,975.5
2018-04-13 08:00:00,10.3,90,5.8,8.0,976.4
2018-04-13 09:00:00,10.4,91,6.7,34.0,977.3
2018-04-13 10:00:00,11.0,88,8.6,50.0,978.1
2018-04-13 11:00:00,11.1,91,7.0,43.0,978.2
2018-04-13 12:00:00,11.7,88,15.6,81.0,978.6
2018-04-13 13:00:00,12.1,75,10.8,110.0,979.4
2018-04-13 14:00:00,11.9,80,18.7,123.0,979.0
2018-04-13 15:00:00,11.7,83,18.7,152.0,978.5
2018-04-13 16:00:00,11.6,79,18.1,143.0,978.0
2018-04-13 17:00:00,11.1,80,18.4,95.0,977.8
2018-04-13 18:00:00,10.9,75,17.1,69.0,977.6
2018-04-13 19:00:00,10.9,73,13.5,22.0,977.6
2018-04-13 20:00:00,10.1,67,11.5,0.0,978.7
2018-04-13 21:00:00,10.3,62,9.0,0.0,979.0
2018-04-13 22:00:00,10.3,61,5.6,0.0,979.4
2018-04-13 23:00:00,10.1,61,4.7,0.0,978.8
2018-04-14 00:00:00,10.1,58,6.4,0.0,978.6
2018-04-14 01:00:00,10.1,58,10.4,0.0,978.6
2018-04-14 02:00:00,9.7,62,8.4,0.0,977.7
2018-04-14 03:00:00,10.0,64,13.3,0.0,977.7
2018-04-14 04:00:00,9.8,66,10.3,0.0,978.7
2018-04-14 05:00:00,9.3,67,7.4,0.0,978.7
2018-04-14 06:00:00,9.3,64,4.1,0.0,979.4
2018-04-14 07:00:00,10.9,41,8.4,5.0,980.5
2018-04-14 08:00:00,11.5,40,9.0,44.0,981.2
2018-04-14 09:00:00,12.9,38,10.9,143.0,981.7
2018-04-14 10:00:00,14.2,33,15.3,337.0,982.0
2018-04-14 11:00:00,14.5,38,16.2,418.0,981.9
2018-04-14 12:00:00,14.9,36,16.2,416.0,981.3
2018-04-14 13:00:00,15.4,33,14.9,448.0,980.0
2018-04-14 14:00:00,16.7,27,10.4,664.0,978.9
2018-04-14 15:00:00,17.1,25,7.6,564.0,977.7
2018-04-14 16:00:00,17.1,26,7.9,409.0,976.7
2018-04-14 17:00:00,16.9,29,10.0,378.0,976.1
2018-04-14 18:00:00,15.7,31,10.4,220.0,975.6
2018-04-14 19:00:00,13.1,37,9.1,68.0,975.5
2018-04-14 20:00:00,11.2,38,11.3,1.0,976.4
2018-04-14 21:00:00,11.1,35,10.4,0.0,977.0
2018-04-14 22:00:00,10.5,37,10.2,0.0,977.2
2018-04-14 23:00:00,9.9,39,7.7,0.0,977.2
2018-04-15 00:00:00,9.1,44,6.4,0.0,977.0
2018-04-15 01:00:00,8.6,47,7.3,0.0,976.6
2018-04-15 02:00:00,8.4,49,7.0,0.0,976.5
2018-04-15 03:00:00,7.3,59,6.4,0.0,976.3
2018-04-15 04:00:00,7.4,61,6.0,0.0,976.4
2018-04-15 05:00:00,7.5,59,2.9,0.0,976.6
2018-04-15 06:00:00,6.7,61,1.4,0.0,976.8
2018-04-15 07:00:00,6.7,63,1.5,19.0,977.0
2018-04-15 08:00:00,8.8,59,0.4,129.0,978.2
2018-04-15 09:00:00,11.6,48,1.9,322.0,978.8
2018-04-15 10:00:00,14.1,41,2.7,526.0,979.0
2018-04-15 11:00:00,16.3,36,3.2,696.0,978.3
2018-04-15 12:00:00,17.9,27,3.0,811.0,977.4
2018-04-15 13:00:00,19.0,23,3.9,862.0,976.5
2018-04-15 14:00:00,19.6,21,6.5,847.0,975.2
2018-04-15 15:00:00,19.7,21,10.3,763.0,974.1
2018-04-15 16:00:00,19.5,21,11.5,621.0,973.2
2018-04-15 17:00:00,18.9,22,12.0,434.0,972.6
2018-04-15 18:00:00,17.4,29,11.2,235.0,971.9
2018-04-15 19:00:00,14.7,34,10.3,70.0,971.9
2018-04-15 20:00:00,12.8,43,8.0,1.0,971.9
2018-04-15 21:00:00,12.0,50,6.6,0.0,972.3
2018-04-15 22:00:00,10.5,59,9.3,0.0,972.5
2018-04-15 23:00:00,10.2,60,7.6,0.0,972.6
2018-04-16 00:00:00,11.6,53,6.2,0.0,972.8
2018-04-16 01:00:00,10.4,58,6.5,0.0,972.3
2018-04-16 02:00:00,9.1,63,7.2,0.0,972.1
2018-04-16 03:00:00,8.3,65,7.7,0.0,971.6
2018-04-16 04:00:00,9.3,60,4.1,0.0,972.1
2018-04-16 05:00:00,7.0,73,4.5,0.0,971.7
2018-04-16 06:00:00,6.9,75,3.1,0.0,971.8
2018-04-16 07:00:00,7.8,74,1.5,23.0,972.5
2018-04-16 08:00:00,9.7,62,2.0,146.0,973.3
2018-04-16 09:00:00,12.6,52,2.4,331.0,973.8
2018-04-16 10:00:00,15.3,45,3.1,522.0,973.7
2018-04-16 11:00:00,17.8,39,4.3,684.0,973.4
2018-04-16 12:00:00,19.9,35,6.2,797.0,972.7
2018-04-16 13:00:00,21.5,33,9.0,848.0,971.4
2018-04-16 14:00:00,22.5,34,11.4,832.0,970.1
2018-04-16 15:00:00,23.2,35,13.2,751.0,968.9
2018-04-16 16:00:00,23.3,36,14.9,609.0,968.2
2018-04-16 17:00:00,22.9,37,14.3,426.0,967.5
2018-04-16 18:00:00,21.3,43,14.2,229.0,967.1
2018-04-16 19:00:00,18.7,49,14.8,69.0,967.1
2018-04-16 20:00:00,17.0,49,10.8,1.0,966.8
2018-04-16 21:00:00,16.3,49,9.7,0.0,967.3
2018-04-16 22:00:00,14.7,55,6.9,0.0,968.0
2018-04-16 23:00:00,14.7,57,6.0,0.0,968.6
2018-04-17 00:00:00,14.5,58,2.6,0.0,968.7
2018-04-17 01:00:00,13.9,62,4.6,0.0,968.4
2018-04-17 02:00:00,13.6,66,6.0,0.0,968.1
2018-04-17 03:00:00,11.9,74,6.2,0.0,967.7
2018-04-17 04:00:00,10.7,81,7.2,0.0,967.6
2018-04-17 05:00:00,9.9,84,8.0,0.0,967.5
2018-04-17 06:00:00,11.8,75,3.9,0.0,968.2
2018-04-17 07:00:00,10.7,83,3.8,24.0,969.1
2018-04-17 08:00:00,13.0,71,2.0,148.0,970.4
2018-04-17 09:00:00,16.0,61,0.5,329.0,970.7
2018-04-17 10:00:00,18.5,52,2.6,516.0,971.3
2018-04-17 11:00:00,20.9,46,3.7,680.0,971.2
2018-04-17 12:00:00,22.9,40,5.7,790.0,970.4
2018-04-17 13:00:00,24.4,37,6.6,840.0,969.6
2018-04-17 14:00:00,25.5,35,8.3,824.0,968.4
2018-04-17 15:00:00,25.9,34,9.8,742.0,967.4
2018-04-17 16:00:00,25.9,32,9.5,602.0,966.6
2018-04-17 17:00:00,25.3,31,9.9,423.0,966.2
2018-04-17 18:00:00,23.5,39,8.8,230.0,965.5
2018-04-17 19:00:00,20.4,52,8.2,71.0,965.2
2018-04-17 20:00:00,18.4,69,7.2,2.0,964.7
2018-04-17 21:00:00,18.0,77,6.3,0.0,964.8
2018-04-17 22:00:00,16.4,85,9.5,0.0,965.3
2018-04-17 23:00:00,15.7,85,7.5,0.0,965.5
2018-04-18 00:00:00,14.4,88,9.3,0.0,965.6
2018-04-18 01:00:00,14.2,85,8.7,0.0,965.5
2018-04-18 02:00:00,13.9,83,8.0,0.0,965.3
2018-04-18 03:00:00,13.8,82,7.4,0.0,965.3
2018-04-18 04:00:00,14.5,77,5.5,0.0,965.6
2018-04-18 05:00:00,14.8,75,4.4,0.0,965.8
2018-04-18 06:00:00,11.9,88,6.9,0.0,965.5
2018-04-18 07:00:00,13.5,83,4.7,25.0,966.0
2018-04-18 08:00:00,16.1,72,2.3,149.0,966.2
2018-04-18 09:00:00,19.0,60,5.1,332.0,966.6
2018-04-18 10:00:00,21.6,52,7.3,520.0,966.7
2018-04-18 11:00:00,24.0,46,9.9,679.0,966.5
2018-04-18 12:00:00,26.2,41,13.9,788.0,965.9
2018-04-18 13:00:00,27.9,37,15.3,833.0,964.7
2018-04-18 14:00:00,29.1,36,14.4,810.0,963.8
2018-04-18 15:00:00,29.8,37,13.2,725.0,962.8
2018-04-18 16:00:00,29.8,38,15.0,586.0,961.7
2018-04-18 17:00:00,29.0,41,16.8,410.0,961.1
2018-04-18 18:00:00,27.3,47,15.1,223.0,960.5
2018-04-18 19:00:00,24.8,56,9.5,69.0,960.2
2018-04-18 20:00:00,24.5,54,5.6,2.0,959.8
2018-04-18 21:00:00,22.1,60,12.6,0.0,959.8
2018-04-18 22:00:00,21.1,57,14.3,0.0,960.1
2018-04-18 23:00:00,21.3,54,12.9,0.0,960.3
2018-04-19 00:00:00,22.5,48,10.0,0.0,960.7
2018-04-19 01:00:00,23.0,47,12.1,0.0,960.7
2018-04-19 02:00:00,21.9,50,11.0,0.0,960.3
2018-04-19 03:00:00,18.3,63,14.5,0.0,959.6
2018-04-19 04:00:00,18.2,63,13.6,0.0,959.8
2018-04-19 05:00:00,20.1,56,11.0,0.0,960.5
2018-04-19 06:00:00,18.7,63,8.4,0.0,960.9
2018-04-19 07:00:00,17.3,76,8.8,27.0,961.2
2018-04-19 08:00:00,22.1,55,9.1,155.0,961.7
2018-04-19 09:00:00,26.0,44,9.6,341.0,961.8
2018-04-19 10:00:00,29.4,29,10.5,532.0,961.8
2018-04-19 11:00:00,31.6,23,12.5,696.0,961.4
2018-04-19 12:00:00,32.7,23,16.8,806.0,960.8
2018-04-19 13:00:00,33.6,21,18.2,846.0,959.9
2018-04-19 14:00:00,35.1,14,15.9,826.0,958.8
2018-04-19 15:00:00,35.1,14,18.2,748.0,957.9
2018-04-19 16:00:00,34.9,13,17.2,610.0,957.1
2018-04-19 17:00:00,33.8,14,18.5,431.0,956.9
2018-04-19 18:00:00,31.5,20,19.6,239.0,957.0
2018-04-19 19:00:00,28.9,26,21.9,75.0,957.1
2018-04-19 20:00:00,28.2,31,26.5,2.0,956.1
2018-04-19 21:00:00,26.5,44,31.6,0.0,957.0
2018-04-19 22:00:00,25.4,47,30.2,0.0,957.9
2018-04-19 23:00:00,24.7,47,29.2,0.0,958.8
2018-04-20 00:00:00,24.0,48,23.6,0.0,959.5
2018-04-20 01:00:00,22.6,52,17.5,0.0,959.7
2018-04-20 02:00:00,21.9,54,16.7,0.0,959.5
2018-04-20 03:00:00,21.4,55,16.0,0.0,959.3
2018-04-20 04:00:00,20.5,57,12.3,0.0,959.4
2018-04-20 05:00:00,19.7,61,10.4,0.0,959.5
2018-04-20 06:00:00,18.9,64,7.3,0.0,959.9
2018-04-20 07:00:00,19.4,62,9.7,27.0,960.5
2018-04-20 08:00:00,22.1,53,9.7,145.0,960.7
2018-04-20 09:00:00,24.6,46,11.6,322.0,961.4
2018-04-20 10:00:00,26.9,40,10.0,505.0,962.1
2018-04-20 11:00:00,28.6,37,10.0,614.0,962.0
2018-04-20 12:00:00,28.4,38,13.2,500.0,962.0
2018-04-20 13:00:00,29.2,36,8.4,590.0,961.6
2018-04-20 14:00:00,28.5,39,10.4,460.0,961.5
2018-04-20 15:00:00,22.7,75,16.4,227.0,962.0
2018-04-20 16:00:00,22.3,76,19.4,244.0,962.1
2018-04-20 17:00:00,20.4,84,16.8,142.0,962.4
2018-04-20 18:00:00,20.0,85,13.3,98.0,962.8
2018-04-20 19:00:00,19.0,91,10.0,28.0,962.9
2018-04-20 20:00:00,17.8,92,11.0,0.0,963.4
2018-04-20 21:00:00,17.7,90,8.6,0.0,963.1
2018-04-20 22:00:00,17.4,92,4.3,0.0,963.5
2018-04-20 23:00:00,16.8,95,3.3,0.0,963.6
2018-04-21 00:00:00,16.5,97,4.8,0.0,963.8
2018-04-21 01:00:00,16.3,97,9.6,0.0,963.9
2018-04-21 02:00:00,16.0,97,9.3,0.0,963.7
2018-04-21 03:00:00,15.6,97,9.1,0.0,962.9
2018-04-21 04:00:00,15.3,97,6.9,0.0,962.8
2018-04-21 05:00:00,15.0,98,6.0,0.0,962.5
2018-04-21 06:00:00,14.7,98,7.3,0.0,962.4
2018-04-21 07:00:00,15.6,96,9.1,26.0,962.9
2018-04-21 08:00:00,16.7,93,8.4,140.0,963.5
2018-04-21 09:00:00,18.7,83,11.6,267.0,964.0
2018-04-21 10:00:00,20.9,70,11.3,425.0,964.2
2018-04-21 11:00:00,23.2,58,10.9,632.0,964.0
2018-04-21 12:00:00,25.0,50,9.8,742.0,963.8
2018-04-21 13:00:00,26.3,44,6.3,783.0,962.9
2018-04-21 14:00:00,27.3,40,4.6,798.0,962.1
2018-04-21 15:00:00,27.7,38,2.1,692.0,961.0
2018-04-21 16:00:00,27.8,39,4.1,578.0,960.2
2018-04-21 17:00:00,27.5,39,3.4,371.0,959.8
2018-04-21 18:00:00,26.2,45,5.8,192.0,959.9
2018-04-21 19:00:00,22.7,62,7.9,61.0,960.3
2018-04-21 20:00:00,21.8,62,7.3,2.0,961.4
2018-04-21 21:00:00,22.4,61,6.6,0.0,962.2
2018-04-21 22:00:00,21.4,67,5.1,0.0,962.9
2018-04-21 23:00:00,19.9,74,6.2,0.0,963.1
2018-04-22 00:00:00,19.1,78,6.4,0.0,963.6
2018-04-22 01:00:00,19.3,77,9.4,0.0,963.4
2018-04-22 02:00:00,18.5,81,5.4,0.0,963.2
2018-04-22 03:00:00,17.6,86,6.4,0.0,963.1
2018-04-22 04:00:00,17.5,86,5.2,0.0,963.4
2018-04-22 05:00:00,17.2,88,7.7,0.0,963.8
2018-04-22 06:00:00,16.1,93,7.3,0.0,964.2
2018-04-22 07:00:00,17.4,88,7.1,28.0,965.4
2018-04-22 08:00:00,19.2,82,4.6,137.0,966.3
2018-04-22 09:00:00,20.6,77,9.2,213.0,967.1
2018-04-22 10:00:00,22.0,70,9.7,343.0,967.4
2018-04-22 11:00:00,22.0,70,9.4,306.0,967.7
2018-04-22 12:00:00,21.2,76,12.8,228.0,967.6
2018-04-22 13:00:00,21.2,76,11.5,206.0,967.5
2018-04-22 14:00:00,21.3,74,12.8,176.0,967.0
2018-04-22 15:00:00,21.4,73,12.5,164.0,966.6
2018-04-22 16:00:00,21.1,74,14.1,130.0,966.1
2018-04-22 17:00:00,20.7,71,15.5,83.0,966.1
2018-04-22 18:00:00,20.3,68,15.3,72.0,966.4
2018-04-22 19:00:00,19.0,70,15.8,35.0,967.1
2018-04-22 20:00:00,18.6,70,16.1,1.0,967.6
2018-04-22 21:00:00,18.0,71,14.3,0.0,968.5
2018-04-22 22:00:00,17.4,72,13.0,0.0,968.9
2018-04-22 23:00:00,16.8,73,13.3,0.0,969.1
2018-04-23 00:00:00,16.6,71,15.1,0.0,970.0
2018-04-23 01:00:00,16.3,71,16.1,0.0,970.0
2018-04-23 02:00:00,16.0,71,16.1,0.0,970.0
2018-04-23 03:00:00,15.7,72,15.9,0.0,969.7
2018-04-23 04:00:00,15.5,74,15.0,0.0,970.1
2018-04-23 05:00:00,15.4,74,13.8,0.0,970.4
2018-04-23 06:00:00,15.0,75,12.2,0.0,971.1
2018-04-23 07:00:00,14.6,77,13.6,7.0,971.8
2018-04-23 08:00:00,14.8,75,13.5,17.0,972.8
2018-04-23 09:00:00,15.5,71,13.8,99.0,973.5
2018-04-23 10:00:00,16.4,67,12.8,157.0,973.8
2018-04-23 11:00:00,17.5,64,12.1,249.0,973.8
2018-04-23 12:00:00,19.0,59,11.1,330.0,973.9
2018-04-23 13:00:00,20.3,54,9.3,372.0,973.3
2018-04-23 14:00:00,21.3,50,7.3,372.0,972.3
2018-04-23 15:00:00,21.9,48,5.1,286.0,971.7
2018-04-23 16:00:00,22.0,48,5.4,304.0,971.6
2018-04-23 17:00:00,19.5,63,16.4,156.0,971.7
2018-04-23 18:00:00,19.0,63,9.8,105.0,972.1
2018-04-23 19:00:00,18.8,67,8.2,27.0,972.5
2018-04-23 20:00:00,16.2,85,5.1,2.0,974.1
2018-04-23 21:00:00,16.2,86,6.6,0.0,975.0
2018-04-23 22:00:00,15.6,90,7.4,0.0,975.3
2018-04-23 23:00:00,15.6,88,9.3,0.0,975.5
2018-04-24 00:00:00,15.3,88,9.4,0.0,975.4
2018-04-24 01:00:00,15.2,88,9.2,0.0,975.4
2018-04-24 02:00:00,15.2,88,9.3,0.0,975.0
2018-04-24 03:00:00,15.3,88,10.1,0.0,974.5
2018-04-24 04:00:00,15.5,88,10.4,0.0,974.6
2018-04-24 05:00:00,15.6,88,10.6,0.0,974.5
2018-04-24 06:00:00,15.7,86,14.3,0.0,974.8
2018-04-24 07:00:00,14.9,89,15.9,4.0,975.6
2018-04-24 08:00:00,14.2,91,14.5,19.0,976.9
2018-04-24 09:00:00,14.5,87,16.4,23.0,977.2
2018-04-24 10:00:00,15.0,83,17.8,60.0,977.4
2018-04-24 11:00:00,14.8,82,17.9,51.0,977.8
2018-04-24 12:00:00,14.5,82,17.3,34.0,977.6
2018-04-24 13:00:00,14.3,86,15.4,63.0,977.3
2018-04-24 14:00:00,14.1,86,13.2,60.0,976.5
2018-04-24 15:00:00,14.2,82,14.1,77.0,975.8
2018-04-24 16:00:00,14.4,77,16.9,62.0,975.5
2018-04-24 17:00:00,14.1,75,17.3,36.0,975.1
2018-04-24 18:00:00,14.0,74,16.3,22.0,975.1
2018-04-24 19:00:00,13.8,76,15.5,12.0,975.3
2018-04-24 20:00:00,14.5,66,12.3,1.0,976.4
2018-04-24 21:00:00,14.0,72,12.9,0.0,976.8
2018-04-24 22:00:00,13.5,76,13.0,0.0,977.2
2018-04-24 23:00:00,13.1,79,12.3,0.0,976.9
2018-04-25 00:00:00,12.8,81,12.6,0.0,976.5
2018-04-25 01:00:00,12.6,84,12.4,0.0,976.1
2018-04-25 02:00:00,12.5,84,11.6,0.0,975.2
2018-04-25 03:00:00,12.5,85,10.9,0.0,974.4
2018-04-25 04:00:00,12.5,86,10.5,0.0,974.2
2018-04-25 05:00:00,12.2,90,9.8,0.0,974.3
2018-04-25 06:00:00,12.2,91,9.4,0.0,974.3
2018-04-25 07:00:00,12.2,91,8.6,4.0,974.3
2018-04-25 08:00:00,12.4,91,9.4,17.0,975.5
2018-04-25 09:00:00,13.0,90,9.7,54.0,975.6
2018-04-25 10:00:00,13.6,89,8.7,86.0,975.5
2018-04-25 11:00:00,14.7,81,8.8,180.0,975.2
2018-04-25 12:00:00,15.4,76,8.5,228.0,974.8
2018-04-25 13:00:00,15.6,75,8.4,193.0,974.0
2018-04-25 14:00:00,16.0,74,8.0,221.0,973.6
2018-04-25 15:00:00,15.9,78,9.2,166.0,972.5
2018-04-25 16:00:00,15.5,84,9.4,139.0,971.3
2018-04-25 17:00:00,15.8,79,10.5,148.0,970.5
2018-04-25 18:00:00,15.7,78,9.4,96.0,970.1
2018-04-25 19:00:00,15.1,78,9.5,48.0,969.8
2018-04-25 20:00:00,14.6,72,7.9,3.0,970.2
2018-04-25 21:00:00,13.3,76,6.1,0.0,970.2
2018-04-25 22:00:00,12.1,80,8.0,0.0,970.5
2018-04-25 23:00:00,11.4,82,7.2,0.0,970.3
2018-04-26 00:00:00,11.5,78,6.9,0.0,970.3
2018-04-26 01:00:00,11.7,74,5.4,0.0,970.4
2018-04-26 02:00:00,9.6,84,5.7,0.0,969.9
2018-04-26 03:00:00,9.7,83,3.9,0.0,969.4
2018-04-26 04:00:00,9.6,84,5.9,0.0,969.4
2018-04-26 05:00:00,9.3,85,4.9,0.0,969.4
2018-04-26 06:00:00,8.8,85,4.2,0.0,969.5
2018-04-26 07:00:00,10.3,78,6.2,35.0,970.3
2018-04-26 08:00:00,13.8,70,5.4,166.0,971.9
2018-04-26 09:00:00,17.0,61,7.2,333.0,972.5
2018-04-26 10:00:00,19.3,54,8.2,493.0,973.0
2018-04-26 11:00:00,21.6,47,8.4,674.0,973.0
2018-04-26 12:00:00,23.8,40,7.9,799.0,972.7
2018-04-26 13:00:00,25.3,36,6.3,816.0,971.9
2018-04-26 14:00:00,26.3,34,5.2,790.0,971.2
2018-04-26 15:00:00,26.9,32,4.1,690.0,970.2
2018-04-26 16:00:00,27.1,31,4.7,577.0,969.7
2018-04-26 17:00:00,26.8,31,6.2,427.0,969.0
2018-04-26 18:00:00,25.2,45,3.9,241.0,969.2
2018-04-26 19:00:00,21.2,52,6.5,80.0,969.2
2018-04-26 20:00:00,18.9,52,5.8,4.0,969.7
2018-04-26 21:00:00,18.4,54,8.7,0.0,970.8
2018-04-26 22:00:00,17.1,54,9.2,0.0,971.2
2018-04-26 23:00:00,16.3,53,7.7,0.0,971.6
2018-04-27 00:00:00,14.6,62,8.3,0.0,971.7
2018-04-27 01:00:00,13.8,66,9.3,0.0,971.3
2018-04-27 02:00:00,13.2,69,8.6,0.0,971.4
2018-04-27 03:00:00,12.3,73,8.2,0.0,971.2
2018-04-27 04:00:00,12.9,69,6.0,0.0,971.3
2018-04-27 05:00:00,12.2,70,8.0,0.0,971.8
2018-04-27 06:00:00,12.2,62,10.7,0.0,972.3
2018-04-27 07:00:00,13.6,59,10.6,39.0,973.4
2018-04-27 08:00:00,16.7,56,7.2,178.0,974.6
2018-04-27 09:00:00,19.8,50,5.0,366.0,975.4
2018-04-27 10:00:00,22.4,43,2.5,553.0,975.3
2018-04-27 11:00:00,24.6,39,1.3,710.0,975.2
2018-04-27 12:00:00,26.4,35,4.0,817.0,974.4
2018-04-27 13:00:00,28.0,31,8.8,861.0,973.2
2018-04-27 14:00:00,28.8,31,11.3,829.0,972.3
2018-04-27 15:00:00,29.2,30,11.3,703.0,971.2
2018-04-27 16:00:00,29.2,29,12.7,566.0,970.5
2018-04-27 17:00:00,28.2,31,13.0,374.0,969.9
2018-04-27 18:00:00,26.7,38,9.4,218.0,969.7
2018-04-27 19:00:00,23.5,47,7.0,66.0,969.4
2018-04-27 20:00:00,23.3,33,14.0,4.0,969.7
2018-04-27 21:00:00,22.8,33,12.2,0.0,970.0
2018-04-27 22:00:00,21.6,37,14.3,0.0,970.3
2018-04-27 23:00:00,21.4,35,15.4,0.0,970.3
2018-04-28 00:00:00,20.7,35,9.4,0.0,970.2
2018-04-28 01:00:00,17.7,47,13.5,0.0,969.5
2018-04-28 02:00:00,17.2,49,13.4,0.0,968.9
2018-04-28 03:00:00,16.8,48,13.7,0.0,968.5
2018-04-28 04:00:00,17.4,45,11.8,0.0,968.3
2018-04-28 05:00:00,17.7,43,10.1,0.0,968.3
2018-04-28 06:00:00,18.2,40,7.5,0.0,968.3
2018-04-28 07:00:00,17.4,42,1.5,39.0,968.7
2018-04-28 08:00:00,19.3,44,1.3,176.0,969.3
2018-04-28 09:00:00,22.2,40,1.8,363.0,969.8
2018-04-28 10:00:00,24.0,40,4.0,509.0,969.7
2018-04-28 11:00:00,24.1,42,6.8,409.0,969.2
2018-04-28 12:00:00,24.0,47,6.2,268.0,968.4
2018-04-28 13:00:00,26.4,35,7.8,552.0,967.7
2018-04-28 14:00:00,26.8,36,11.5,507.0,967.0
2018-04-28 15:00:00,25.6,40,16.6,445.0,966.4
2018-04-28 16:00:00,25.5,40,17.3,440.0,965.4
2018-04-28 17:00:00,25.6,41,17.3,343.0,964.9
2018-04-28 18:00:00,24.8,43,14.8,214.0,964.7
2018-04-28 19:00:00,23.1,48,16.4,66.0,965.0
2018-04-28 20:00:00,21.3,50,11.7,4.0,965.5
2018-04-28 21:00:00,20.3,53,12.5,0.0,965.7
2018-04-28 22:00:00,19.7,54,13.1,0.0,966.4
2018-04-28 23:00:00,19.1,56,10.6,0.0,966.4
2018-04-29 00:00:00,18.1,60,11.2,0.0,966.2
2018-04-29 01:00:00,17.4,64,12.4,0.0,965.8
2018-04-29 02:00:00,16.7,67,6.6,0.0,965.4
2018-04-29 03:00:00,15.8,71,6.6,0.0,964.9
2018-04-29 04:00:00,15.5,73,8.3,0.0,964.9
2018-04-29 05:00:00,14.9,76,7.6,0.0,965.2
2018-04-29 06:00:00,14.7,77,7.9,0.0,965.5
2018-04-29 07:00:00,16.3,73,10.5,40.0,966.3
2018-04-29 08:00:00,18.7,68,10.2,175.0,967.4
2018-04-29 09:00:00,21.5,57,11.2,358.0,967.6
2018-04-29 10:00:00,23.9,49,13.2,542.0,968.0
2018-04-29 11:00:00,25.5,44,14.1,696.0,967.1
2018-04-29 12:00:00,27.1,39,12.4,803.0,966.6
2018-04-29 13:00:00,28.3,37,10.9,845.0,966.0
2018-04-29 14:00:00,28.9,36,10.2,775.0,965.2
2018-04-29 15:00:00,29.0,36,11.2,615.0,964.3
2018-04-29 16:00:00,29.4,35,9.2,516.0,963.3
2018-04-29 17:00:00,29.5,35,10.4,394.0,962.8
2018-04-29 18:00:00,28.0,38,14.1,225.0,962.6
2018-04-29 19:00:00,25.4,43,10.6,82.0,962.4
2018-04-29 20:00:00,23.3,47,10.5,5.0,962.7
2018-04-29 21:00:00,23.2,44,9.3,0.0,963.1
2018-04-29 22:00:00,20.8,52,8.9,0.0,963.4
2018-04-29 23:00:00,20.3,53,2.5,0.0,964.0
2018-04-30 00:00:00,18.6,59,8.9,0.0,964.2
2018-04-30 01:00:00,18.1,60,8.2,0.0,964.7
2018-04-30 02:00:00,17.4,63,6.5,0.0,964.8
2018-04-30 03:00:00,16.1,69,5.8,0.0,964.6
2018-04-30 04:00:00,16.6,64,5.8,0.0,964.9
2018-04-30 05:00:00,16.8,61,9.9,0.0,965.0
2018-04-30 06:00:00,16.3,67,9.1,0.0,965.3
2018-04-30 07:00:00,17.5,63,9.2,44.0,966.3
2018-04-30 08:00:00,20.8,50,6.9,178.0,967.4
2018-04-30 09:00:00,23.0,35,10.5,343.0,967.8
2018-04-30 10:00:00,24.8,31,10.8,533.0,968.3
2018-04-30 11:00:00,26.1,31,8.6,625.0,968.3
2018-04-30 12:00:00,27.2,32,6.9,666.0,968.2
2018-04-30 13:00:00,28.1,33,8.9,699.0,967.7
2018-04-30 14:00:00,28.7,31,8.9,664.0,967.0
2018-04-30 15:00:00,29.3,28,10.7,681.0,966.2
2018-04-30 16:00:00,29.4,26,9.7,588.0,965.1
2018-04-30 17:00:00,29.0,26,9.1,404.0,964.5
2018-04-30 18:00:00,27.7,28,11.5,236.0,964.7
2018-04-30 19:00:00,25.0,31,13.4,79.0,965.3
2018-04-30 20:00:00,22.9,38,9.6,2.0,965.8
2018-04-30 21:00:00,22.6,40,10.8,0.0,966.3
2018-04-30 22:00:00,22.5,40,10.6,0.0,967.0
2018-04-30 23:00:00,21.8,44,6.3,0.0,967.1
2018-05-01 00:00:00,20.3,52,7.6,0.0,967.5
2018-05-01 01:00:00,21.1,50,6.9,0.0,967.5
2018-05-01 02:00:00,20.8,53,11.1,0.0,967.6
2018-05-01 03:00:00,20.3,53,7.2,0.0,967.6
2018-05-01 04:00:00,20.2,51,9.4,0.0,967.4
2018-05-01 05:00:00,19.4,50,13.4,0.0,966.9
2018-05-01 06:00:00,17.9,57,10.8,0.0,967.2
2018-05-01 07:00:00,18.2,57,10.3,41.0,968.2
2018-05-01 08:00:00,20.1,48,10.8,155.0,969.6
2018-05-01 09:00:00,22.0,40,12.2,311.0,970.2
2018-05-01 10:00:00,24.3,35,10.9,526.0,970.8
2018-05-01 11:00:00,26.0,32,9.4,661.0,970.9
2018-05-01 12:00:00,27.6,29,8.0,799.0,970.7
2018-05-01 13:00:00,28.6,28,7.2,804.0,970.2
2018-05-01 14:00:00,29.4,27,5.9,791.0,969.2
2018-05-01 15:00:00,30.0,25,6.1,730.0,968.2
2018-05-01 16:00:00,30.0,24,11.8,581.0,967.7
2018-05-01 17:00:00,28.9,28,11.4,308.0,967.8
2018-05-01 18:00:00,27.8,52,3.0,173.0,967.8
2018-05-01 19:00:00,25.6,43,3.8,60.0,968.4
2018-05-01 20:00:00,24.2,40,5.3,5.0,969.3
2018-05-01 21:00:00,23.6,42,4.8,0.0,969.9
2018-05-01 22:00:00,20.4,55,8.1,0.0,970.9
2018-05-01 23:00:00,20.1,53,9.7,0.0,971.5
2018-05-02 00:00:00,19.7,43,7.9,0.0,972.1
2018-05-02 01:00:00,17.1,56,8.3,0.0,972.3
2018-05-02 02:00:00,17.0,54,7.1,0.0,973.1
2018-05-02 03:00:00,17.2,43,6.5,0.0,974.3
2018-05-02 04:00:00,17.5,39,4.0,0.0,975.0
2018-05-02 05:00:00,17.4,36,2.1,0.0,975.7
2018-05-02 06:00:00,17.6,32,4.0,0.0,976.6
2018-05-02 07:00:00,15.8,47,6.6,49.0,977.2
2018-05-02 08:00:00,19.0,29,5.6,198.0,978.9
2018-05-02 09:00:00,20.3,21,5.5,395.0,979.3
2018-05-02 10:00:00,21.3,20,5.9,588.0,979.4
2018-05-02 11:00:00,22.3,18,5.2,748.0,978.9
2018-05-02 12:00:00,23.3,17,3.9,854.0,978.3
2018-05-02 13:00:00,24.1,16,4.1,883.0,977.4
2018-05-02 14:00:00,24.8,16,5.5,869.0,976.2
2018-05-02 15:00:00,25.1,15,7.1,760.0,975.0
2018-05-02 16:00:00,25.1,15,7.9,643.0,973.8
2018-05-02 17:00:00,24.9,15,8.8,461.0,973.2
2018-05-02 18:00:00,24.0,18,11.5,266.0,972.4
2018-05-02 19:00:00,21.6,24,7.5,95.0,972.3
2018-05-02 20:00:00,18.7,31,6.5,6.0,972.1
2018-05-02 21:00:00,18.2,32,7.1,0.0,972.5
2018-05-02 22:00:00,17.8,33,8.7,0.0,973.3
2018-05-02 23:00:00,17.6,32,8.7,0.0,974.0
2018-05-03 00:00:00,17.3,34,10.5,0.0,974.7
2018-05-03 01:00:00,16.4,38,8.7,0.0,974.6
2018-05-03 02:00:00,15.3,44,7.9,0.0,974.3
2018-05-03 03:00:00,16.2,39,3.3,0.0,974.2
2018-05-03 04:00:00,15.8,40,2.5,0.0,974.2
2018-05-03 05:00:00,14.8,44,4.2,0.0,973.8
2018-05-03 06:00:00,13.2,51,7.3,0.0,973.7
2018-05-03 07:00:00,15.2,45,5.6,48.0,974.4
2018-05-03 08:00:00,17.1,41,1.3,189.0,976.1
2018-05-03 09:00:00,19.5,36,3.0,380.0,976.1
2018-05-03 10:00:00,22.0,31,5.4,566.0,975.9
2018-05-03 11:00:00,24.4,27,7.1,721.0,975.7
2018-05-03 12:00:00,26.4,24,9.4,825.0,974.6
2018-05-03 13:00:00,28.2,23,10.0,868.0,973.4
2018-05-03 14:00:00,29.5,23,9.7,846.0,971.9
2018-05-03 15:00:00,30.3,24,9.4,761.0,970.2
2018-05-03 16:00:00,30.5,25,10.0,618.0,968.8
2018-05-03 17:00:00,30.2,27,10.7,442.0,967.7
2018-05-03 18:00:00,29.2,31,8.9,253.0,966.9
2018-05-03 19:00:00,25.0,48,8.4,91.0,966.1
2018-05-03 20:00:00,24.2,43,9.3,6.0,966.3
2018-05-03 21:00:00,25.4,39,21.1,0.0,966.6
2018-05-03 22:00:00,24.8,41,22.9,0.0,966.8
2018-05-03 23:00:00,24.1,42,22.7,0.0,966.6
2018-05-04 00:00:00,23.4,42,22.4,0.0,966.6
2018-05-04 01:00:00,22.8,44,21.4,0.0,966.4
2018-05-04 02:00:00,22.3,47,19.2,0.0,965.9
2018-05-04 03:00:00,21.9,49,16.4,0.0,965.2
2018-05-04 04:00:00,21.7,51,13.9,0.0,964.8
2018-05-04 05:00:00,20.7,55,8.7,0.0,964.6
2018-05-04 06:00:00,19.3,61,7.6,0.0,964.5
2018-05-04 07:00:00,20.3,58,4.8,45.0,964.9
2018-05-04 08:00:00,22.7,51,3.4,173.0,965.7
2018-05-04 09:00:00,24.8,45,4.2,325.0,965.9
2018-05-04 10:00:00,25.9,42,4.5,371.0,965.8
2018-05-04 11:00:00,27.0,40,4.0,364.0,965.4
2018-05-04 12:00:00,27.1,41,13.3,356.0,965.1
2018-05-04 13:00:00,26.7,44,13.9,374.0,964.3
2018-05-04 14:00:00,26.7,45,13.5,373.0,963.6
2018-05-04 15:00:00,26.0,48,11.4,193.0,963.1
2018-05-04 16:00:00,25.7,50,7.6,118.0,962.3
2018-05-04 17:00:00,25.3,52,6.9,66.0,962.0
2018-05-04 18:00:00,24.6,55,8.8,45.0,961.6
2018-05-04 19:00:00,23.7,60,11.7,24.0,961.4
2018-05-04 20:00:00,21.8,66,11.7,5.0,962.7
2018-05-04 21:00:00,21.4,65,12.5,0.0,963.1
2018-05-04 22:00:00,21.0,65,13.6,0.0,963.2
2018-05-04 23:00:00,21.0,64,12.1,0.0,963.2
2018-05-05 00:00:00,21.0,63,11.6,0.0,963.2
2018-05-05 01:00:00,20.6,64,10.2,0.0,963.0
2018-05-05 02:00:00,20.2,65,6.6,0.0,962.8
2018-05-05 03:00:00,19.8,67,5.7,0.0,962.3
2018-05-05 04:00:00,19.8,67,6.0,0.0,962.2
2018-05-05 05:00:00,19.2,70,5.2,0.0,962.2
2018-05-05 06:00:00,19.2,71,5.6,0.0,962.2
2018-05-05 07:00:00,19.9,69,4.9,22.0,962.7
2018-05-05 08:00:00,20.0,77,6.5,89.0,963.9
2018-05-05 09:00:00,21.1,74,4.7,116.0,964.3
2018-05-05 10:00:00,22.3,68,5.2,199.0,964.2
2018-05-05 11:00:00,24.0,59,7.1,359.0,964.0
2018-05-05 12:00:00,25.4,53,9.5,508.0,963.7
2018-05-05 13:00:00,27.0,47,14.7,663.0,962.9
2018-05-05 14:00:00,24.1,52,26.8,525.0,963.1
2018-05-05 15:00:00,22.8,53,27.9,481.0,963.4
2018-05-05 16:00:00,20.4,54,29.8,288.0,963.9
2018-05-05 17:00:00,19.5,58,29.5,176.0,964.4
2018-05-05 18:00:00,16.8,73,29.8,40.0,964.9
2018-05-05 19:00:00,15.2,89,25.2,11.0,966.6
2018-05-05 20:00:00,14.8,86,20.5,0.0,967.8
2018-05-05 21:00:00,15.1,81,23.0,0.0,968.4
2018-05-05 22:00:00,15.5,77,19.7,0.0,968.9
2018-05-05 23:00:00,15.6,76,18.1,0.0,969.0
2018-05-06 00:00:00,15.4,77,18.2,0.0,968.9
2018-05-06 01:00:00,15.3,76,20.0,0.0,968.4
2018-05-06 02:00:00,15.3,74,16.1,0.0,968.7
2018-05-06 03:00:00,15.5,72,10.5,0.0,968.9
2018-05-06 04:00:00,15.6,72,13.6,0.0,968.1
2018-05-06 05:00:00,15.3,76,10.5,0.0,968.3
2018-05-06 06:00:00,14.9,80,12.7,0.0,968.4
2018-05-06 07:00:00,14.6,83,8.9,5.0,968.7
2018-05-06 08:00:00,13.8,92,10.6,16.0,970.1
2018-05-06 09:00:00,13.8,92,9.6,23.0,971.0
2018-05-06 10:00:00,14.1,92,8.2,43.0,971.2
2018-05-06 11:00:00,14.3,90,8.4,66.0,971.2
2018-05-06 12:00:00,14.4,90,10.5,98.0,971.0
2018-05-06 13:00:00,14.2,90,11.0,98.0,970.5
2018-05-06 14:00:00,14.2,89,10.2,106.0,970.1
2018-05-06 15:00:00,14.4,91,8.9,88.0,969.6
2018-05-06 16:00:00,14.8,90,8.2,99.0,968.9
2018-05-06 17:00:00,14.2,86,7.8,77.0,968.6
2018-05-06 18:00:00,14.3,85,6.7,88.0,968.6
2018-05-06 19:00:00,14.1,84,4.7,51.0,968.7
2018-05-06 20:00:00,13.5,89,6.5,6.0,969.4
2018-05-06 21:00:00,13.8,87,6.1,0.0,969.9
2018-05-06 22:00:00,13.8,87,4.6,0.0,969.9
2018-05-06 23:00:00,12.8,89,3.8,0.0,969.6
2018-05-07 00:00:00,12.9,89,0.5,0.0,969.5
2018-05-07 01:00:00,12.4,91,0.8,0.0,969.2
2018-05-07 02:00:00,11.0,95,1.1,0.0,968.2
2018-05-07 03:00:00,10.3,95,3.2,0.0,967.6
2018-05-07 04:00:00,10.4,94,5.7,0.0,967.7
2018-05-07 05:00:00,10.1,96,7.9,0.0,967.6
2018-05-07 06:00:00,10.0,97,9.4,0.0,967.8
2018-05-07 07:00:00,11.4,92,9.8,53.0,968.4
2018-05-07 08:00:00,13.3,87,6.5,195.0,969.3
2018-05-07 09:00:00,15.5,76,4.3,363.0,969.4
2018-05-07 10:00:00,17.6,63,2.9,558.0,969.6
2018-05-07 11:00:00,19.2,55,3.1,570.0,969.2
2018-05-07 12:00:00,20.8,49,5.0,711.0,968.9
2018-05-07 13:00:00,21.7,45,8.9,694.0,968.0
2018-05-07 14:00:00,22.2,45,11.4,693.0,967.1
2018-05-07 15:00:00,22.0,45,14.8,645.0,966.3
2018-05-07 16:00:00,22.3,42,12.5,595.0,965.3
2018-05-07 17:00:00,22.3,42,10.0,456.0,964.8
2018-05-07 18:00:00,21.4,47,10.2,264.0,964.6
2018-05-07 19:00:00,19.1,55,8.4,98.0,964.9
2018-05-07 20:00:00,18.0,60,8.5,8.0,964.9
2018-05-07 21:00:00,16.6,68,6.7,0.0,965.2
2018-05-07 22:00:00,15.5,73,6.3,0.0,965.8
2018-05-07 23:00:00,14.6,77,7.7,0.0,966.2
2018-05-08 00:00:00,13.7,83,8.9,0.0,967.0
2018-05-08 01:00:00,13.2,85,8.6,0.0,966.8
2018-05-08 02:00:00,12.7,88,7.7,0.0,966.8
2018-05-08 03:00:00,12.4,90,8.0,0.0,967.0
2018-05-08 04:00:00,12.4,89,6.6,0.0,967.2
2018-05-08 05:00:00,11.7,92,7.9,0.0,967.1
2018-05-08 06:00:00,11.8,90,7.4,1.0,967.3
2018-05-08 07:00:00,14.2,79,3.8,47.0,968.2
2018-05-08 08:00:00,16.3,74,5.7,156.0,969.4
2018-05-08 09:00:00,18.1,68,5.6,267.0,970.2
2018-05-08 10:00:00,20.0,62,5.7,383.0,970.6
2018-05-08 11:00:00,22.2,51,6.4,491.0,970.7
2018-05-08 12:00:00,23.9,39,6.9,481.0,970.3
2018-05-08 13:00:00,24.8,33,8.7,480.0,970.1
2018-05-08 14:00:00,24.4,34,11.2,344.0,970.1
2018-05-08 15:00:00,23.7,40,9.7,237.0,969.8
2018-05-08 16:00:00,22.0,55,7.0,108.0,969.5
2018-05-08 17:00:00,21.2,64,5.4,125.0,969.6
2018-05-08 18:00:00,20.9,66,7.6,122.0,969.6
2018-05-08 19:00:00,19.5,66,9.6,52.0,969.9
2018-05-08 20:00:00,16.7,90,5.5,3.0,971.0
2018-05-08 21:00:00,17.4,83,3.8,0.0,971.7
2018-05-08 22:00:00,16.0,92,3.9,0.0,972.1
2018-05-08 23:00:00,15.8,94,5.1,0.0,972.4
2018-05-09 00:00:00,17.6,62,13.2,0.0,972.5
2018-05-09 01:00:00,18.0,56,15.0,0.0,972.4
2018-05-09 02:00:00,18.3,52,15.5,0.0,972.4
2018-05-09 03:00:00,18.5,47,15.6,0.0,972.4
2018-05-09 04:00:00,18.5,44,13.4,0.0,972.6
2018-05-09 05:00:00,18.0,44,9.8,0.0,972.5
2018-05-09 06:00:00,17.5,46,8.7,0.0,972.6
2018-05-09 07:00:00,17.5,50,8.1,22.0,973.2
2018-05-09 08:00:00,18.3,60,9.4,63.0,974.5
2018-05-09 09:00:00,19.8,55,11.1,257.0,974.8
2018-05-09 10:00:00,21.7,47,10.7,508.0,975.2
2018-05-09 11:00:00,23.3,36,9.0,666.0,975.1
2018-05-09 12:00:00,24.0,34,7.6,626.0,974.8
2018-05-09 13:00:00,23.9,36,5.9,396.0,974.3
2018-05-09 14:00:00,23.6,40,4.6,228.0,973.7
2018-05-09 15:00:00,22.7,49,11.2,216.0,973.1
2018-05-09 16:00:00,22.0,50,10.7,141.0,972.3
2018-05-09 17:00:00,22.1,47,2.2,176.0,972.3
2018-05-09 18:00:00,21.4,54,1.6,118.0,972.2
2018-05-09 19:00:00,19.3,67,4.4,46.0,972.4
2018-05-09 20:00:00,18.9,73,5.2,4.0,973.0
2018-05-09 21:00:00,18.4,77,6.9,0.0,973.3
2018-05-09 22:00:00,17.5,82,6.6,0.0,973.6
2018-05-09 23:00:00,16.7,85,8.2,0.0,973.5
2018-05-10 00:00:00,16.3,85,7.2,0.0,973.9
2018-05-10 01:00:00,15.9,87,5.8,0.0,973.2
2018-05-10 02:00:00,15.5,89,6.0,0.0,972.9
2018-05-10 03:00:00,15.2,92,4.3,0.0,972.3
2018-05-10 04:00:00,15.5,92,2.5,0.0,971.8
2018-05-10 05:00:00,16.0,86,5.6,0.0,971.0
2018-05-10 06:00:00,16.3,77,7.2,0.0,970.6
2018-05-10 07:00:00,17.1,70,7.0,43.0,970.7
2018-05-10 08:00:00,18.4,71,5.4,143.0,971.1
2018-05-10 09:00:00,19.2,68,5.4,139.0,971.1
2018-05-10 10:00:00,20.9,57,10.0,290.0,970.6
2018-05-10 11:00:00,22.9,48,10.5,525.0,970.0
2018-05-10 12:00:00,24.5,44,9.4,716.0,969.5
2018-05-10 13:00:00,24.5,44,5.3,306.0,968.7
2018-05-10 14:00:00,24.1,48,4.3,227.0,967.9
2018-05-10 15:00:00,23.9,49,2.8,318.0,967.5
2018-05-10 16:00:00,22.5,56,3.7,234.0,967.5
2018-05-10 17:00:00,20.4,68,9.2,78.0,967.5
2018-05-10 18:00:00,18.2,86,8.1,31.0,967.8
2018-05-10 19:00:00,17.8,90,3.7,9.0,968.6
2018-05-10 20:00:00,16.8,92,5.4,1.0,970.1
2018-05-10 21:00:00,16.5,93,4.4,0.0,970.8
2018-05-10 22:00:00,16.6,92,1.3,0.0,971.5
2018-05-10 23:00:00,16.3,95,8.7,0.0,971.6
2018-05-11 00:00:00,16.3,94,8.4,0.0,971.6
2018-05-11 01:00:00,16.2,95,9.0,0.0,971.0
2018-05-11 02:00:00,16.0,91,14.1,0.0,970.5
2018-05-11 03:00:00,15.8,87,14.5,0.0,969.9
2018-05-11 04:00:00,15.4,82,16.2,0.0,969.8
2018-05-11 05:00:00,14.9,79,14.7,0.0,969.7
2018-05-11 06:00:00,14.6,78,13.3,1.0,970.4
2018-05-11 07:00:00,15.3,74,12.8,51.0,971.0
2018-05-11 08:00:00,16.9,68,12.1,175.0,971.7
2018-05-11 09:00:00,18.9,55,13.9,380.0,971.9
2018-05-11 10:00:00,20.4,49,13.7,531.0,971.8
2018-05-11 11:00:00,21.8,44,14.4,665.0,971.2
2018-05-11 12:00:00,23.3,38,16.8,809.0,970.4
2018-05-11 13:00:00,23.5,37,14.8,500.0,969.4
2018-05-11 14:00:00,23.8,42,16.0,526.0,968.8
2018-05-11 15:00:00,25.0,35,10.3,604.0,967.8
2018-05-11 16:00:00,24.6,38,6.6,285.0,967.1
2018-05-11 17:00:00,24.4,41,5.7,276.0,966.4
2018-05-11 18:00:00,23.5,47,6.3,240.0,966.2
2018-05-11 19:00:00,21.3,53,10.0,99.0,966.2
2018-05-11 20:00:00,19.8,55,9.5,10.0,966.8
2018-05-11 21:00:00,18.9,59,8.7,0.0,967.5
2018-05-11 22:00:00,18.3,59,12.0,0.0,968.0
2018-05-11 23:00:00,18.2,55,13.1,0.0,967.7
2018-05-12 00:00:00,18.2,54,11.7,0.0,967.4
2018-05-12 01:00:00,17.5,57,7.2,0.0,967.3
2018-05-12 02:00:00,15.5,68,10.1,0.0,967.1
2018-05-12 03:00:00,15.2,68,8.6,0.0,966.7
2018-05-12 04:00:00,14.7,69,6.7,0.0,966.4
2018-05-12 05:00:00,15.0,68,7.4,0.0,966.3
2018-05-12 06:00:00,14.5,71,6.7,1.0,966.1
2018-05-12 07:00:00,15.9,69,7.1,51.0,966.7
2018-05-12 08:00:00,18.0,66,6.2,192.0,968.2
2018-05-12 09:00:00,20.4,58,7.8,370.0,968.6
2018-05-12 10:00:00,22.7,50,8.5,567.0,968.8
2018-05-12 11:00:00,24.7,43,8.5,734.0,968.4
2018-05-12 12:00:00,26.5,38,9.3,841.0,967.8
2018-05-12 13:00:00,28.0,33,9.2,887.0,966.6
2018-05-12 14:00:00,29.0,29,7.5,867.0,965.5
2018-05-12 15:00:00,29.8,26,5.9,792.0,964.6
2018-05-12 16:00:00,30.2,26,3.9,655.0,963.2
2018-05-12 17:00:00,30.0,29,4.7,478.0,962.4
2018-05-12 18:00:00,27.3,40,9.7,282.0,961.6
2018-05-12 19:00:00,24.0,38,13.0,110.0,961.4
2018-05-12 20:00:00,22.8,27,13.6,11.0,961.5
2018-05-12 21:00:00,22.8,43,14.9,0.0,962.0
2018-05-12 22:00:00,21.8,50,14.8,0.0,962.1
2018-05-12 23:00:00,20.6,55,10.0,0.0,962.2
2018-05-13 00:00:00,19.2,61,10.6,0.0,962.0
2018-05-13 01:00:00,18.6,60,12.1,0.0,961.8
2018-05-13 02:00:00,17.7,59,9.2,0.0,961.7
2018-05-13 03:00:00,16.7,62,8.9,0.0,961.6
2018-05-13 04:00:00,16.4,59,13.0,0.0,961.6
2018-05-13 05:00:00,16.4,57,11.0,0.0,961.8
2018-05-13 06:00:00,16.1,56,10.1,1.0,961.8
2018-05-13 07:00:00,17.2,57,9.3,64.0,962.1
2018-05-13 08:00:00,20.6,54,6.5,215.0,962.4
2018-05-13 09:00:00,24.0,45,3.3,404.0,963.0
2018-05-13 10:00:00,26.5,39,2.2,589.0,963.1
2018-05-13 11:00:00,28.7,34,1.3,741.0,962.5
2018-05-13 12:00:00,30.6,32,3.3,844.0,961.9
2018-05-13 13:00:00,31.9,30,5.9,888.0,961.1
2018-05-13 14:00:00,32.5,29,8.8,865.0,960.0
2018-05-13 15:00:00,32.7,29,10.0,779.0,959.1
2018-05-13 16:00:00,32.5,33,9.8,639.0,958.2
2018-05-13 17:00:00,31.7,40,10.2,461.0,957.5
2018-05-13 18:00:00,29.9,49,9.0,271.0,956.9
2018-05-13 19:00:00,26.4,66,6.9,103.0,956.8
2018-05-13 20:00:00,26.0,58,9.5,11.0,956.7
2018-05-13 21:00:00,26.1,48,14.2,0.0,957.2
2018-05-13 22:00:00,24.7,48,13.9,0.0,957.5
2018-05-13 23:00:00,24.0,50,14.5,0.0,957.6
2018-05-14 00:00:00,23.8,52,13.5,0.0,957.5
2018-05-14 01:00:00,23.4,56,10.7,0.0,957.1
2018-05-14 02:00:00,21.5,67,11.6,0.0,956.6
2018-05-14 03:00:00,21.2,69,11.4,0.0,956.4
2018-05-14 04:00:00,21.3,67,8.3,0.0,956.3
2018-05-14 05:00:00,19.6,74,7.9,0.0,956.3
2018-05-14 06:00:00,19.8,72,4.4,1.0,956.6
2018-05-14 07:00:00,20.5,71,1.1,58.0,957.0
2018-05-14 08:00:00,23.7,56,1.8,208.0,957.8
2018-05-14 09:00:00,26.3,49,1.5,357.0,958.1
2018-05-14 10:00:00,29.3,36,4.7,547.0,957.7
2018-05-14 11:00:00,31.3,26,3.8,702.0,957.6
2018-05-14 12:00:00,31.5,25,3.8,555.0,956.8
2018-05-14 13:00:00,32.4,25,4.9,628.0,956.0
2018-05-14 14:00:00,33.0,24,14.1,760.0,955.2
2018-05-14 15:00:00,32.9,26,13.8,707.0,954.3
2018-05-14 16:00:00,32.8,28,11.2,568.0,953.6
2018-05-14 17:00:00,32.8,30,11.0,435.0,952.8
2018-05-14 18:00:00,31.3,35,12.7,259.0,952.3
2018-05-14 19:00:00,29.5,35,18.9,99.0,952.4
2018-05-14 20:00:00,28.8,38,17.8,11.0,952.5
2018-05-14 21:00:00,28.5,40,18.2,0.0,953.1
2018-05-14 22:00:00,28.0,44,18.1,0.0,953.5
2018-05-14 23:00:00,27.3,48,17.7,0.0,953.0
2018-05-15 00:00:00,26.4,52,17.6,0.0,953.2
2018-05-15 01:00:00,25.6,54,18.3,0.0,952.6
2018-05-15 02:00:00,25.5,53,20.7,0.0,952.5
2018-05-15 03:00:00,25.1,56,21.4,0.0,952.4
2018-05-15 04:00:00,24.5,62,19.9,0.0,952.7
2018-05-15 05:00:00,23.7,67,14.1,0.0,953.1
2018-05-15 06:00:00,22.6,70,9.0,2.0,953.3
2018-05-15 07:00:00,23.2,69,6.2,63.0,954.0
2018-05-15 08:00:00,25.0,63,1.9,203.0,954.3
2018-05-15 09:00:00,26.9,58,0.8,387.0,954.9
2018-05-15 10:00:00,28.7,52,1.6,563.0,955.0
2018-05-15 11:00:00,30.3,47,2.9,709.0,954.8
2018-05-15 12:00:00,31.8,41,3.4,806.0,954.2
2018-05-15 13:00:00,32.6,38,2.4,811.0,953.6
2018-05-15 14:00:00,33.3,36,1.9,786.0,952.8
2018-05-15 15:00:00,33.7,34,2.6,703.0,952.0
2018-05-15 16:00:00,33.1,33,6.8,474.0,951.7
2018-05-15 17:00:00,33.1,34,6.7,415.0,951.3
2018-05-15 18:00:00,32.0,38,6.6,248.0,951.3
2018-05-15 19:00:00,29.2,49,6.5,98.0,951.4
2018-05-15 20:00:00,27.7,51,11.7,11.0,950.7
2018-05-15 21:00:00,27.1,55,10.8,0.0,951.6
2018-05-15 22:00:00,25.9,59,8.6,0.0,952.2
2018-05-15 23:00:00,23.5,71,9.1,0.0,952.5
2018-05-16 00:00:00,22.7,74,8.2,0.0,952.6
2018-05-16 01:00:00,22.0,78,7.5,0.0,952.4
2018-05-16 02:00:00,21.4,81,7.2,0.0,952.8
2018-05-16 03:00:00,20.9,85,8.2,0.0,952.7
2018-05-16 04:00:00,21.1,83,5.4,0.0,952.8
2018-05-16 05:00:00,21.6,79,2.3,0.0,953.5
2018-05-16 06:00:00,20.9,84,1.5,1.0,954.0
2018-05-16 07:00:00,22.0,79,1.0,60.0,954.8
2018-05-16 08:00:00,24.0,71,1.8,200.0,955.2
2018-05-16 09:00:00,26.1,63,2.5,389.0,955.8
2018-05-16 10:00:00,28.1,55,0.8,565.0,956.4
2018-05-16 11:00:00,30.0,49,0.5,711.0,956.3
2018-05-16 12:00:00,31.7,44,1.1,811.0,956.3
2018-05-16 13:00:00,33.1,40,0.5,854.0,955.6
2018-05-16 14:00:00,34.2,37,3.0,836.0,954.9
2018-05-16 15:00:00,34.9,36,4.3,758.0,954.2
2018-05-16 16:00:00,34.8,36,6.0,570.0,953.8
2018-05-16 17:00:00,34.5,36,7.7,442.0,953.3
2018-05-16 18:00:00,33.7,40,8.1,272.0,953.6
2018-05-16 19:00:00,31.3,47,7.4,106.0,953.9
2018-05-16 20:00:00,30.1,49,12.7,12.0,954.2
2018-05-16 21:00:00,29.5,51,10.9,0.0,955.0
2018-05-16 22:00:00,28.1,56,6.9,0.0,955.7
2018-05-16 23:00:00,26.9,63,7.2,0.0,955.7
2018-05-17 00:00:00,26.6,64,2.1,0.0,956.7
2018-05-17 01:00:00,24.7,73,4.7,0.0,956.6
2018-05-17 02:00:00,24.7,70,14.2,0.0,957.5
2018-05-17 03:00:00,25.3,66,14.5,0.0,957.5
2018-05-17 04:00:00,26.3,43,22.3,0.0,958.6
2018-05-17 05:00:00,26.1,38,19.4,0.0,959.6
2018-05-17 06:00:00,25.6,38,18.2,1.0,960.5
2018-05-17 07:00:00,25.9,38,16.2,47.0,962.0
2018-05-17 08:00:00,26.7,40,10.6,162.0,963.2
2018-05-17 09:00:00,28.2,35,14.1,277.0,963.6
2018-05-17 10:00:00,29.7,31,12.3,486.0,964.0
2018-05-17 11:00:00,29.3,33,13.3,307.0,964.1
2018-05-17 12:00:00,29.6,32,13.8,327.0,964.4
2018-05-17 13:00:00,30.5,31,13.3,449.0,964.5
2018-05-17 14:00:00,29.7,33,14.4,367.0,964.1
2018-05-17 15:00:00,27.9,40,14.8,192.0,964.1
2018-05-17 16:00:00,26.7,46,13.8,173.0,963.8
2018-05-17 17:00:00,25.5,53,16.3,109.0,963.0
2018-05-17 18:00:00,25.2,52,14.6,83.0,962.8
2018-05-17 19:00:00,24.5,54,11.0,28.0,963.0
2018-05-17 20:00:00,24.3,51,9.4,3.0,962.7
2018-05-17 21:00:00,23.8,55,7.9,0.0,963.3
2018-05-17 22:00:00,22.5,64,5.8,0.0,963.3
2018-05-17 23:00:00,21.8,65,1.9,0.0,963.3
2018-05-18 00:00:00,20.8,69,2.1,0.0,963.6
2018-05-18 01:00:00,20.9,67,3.7,0.0,963.5
2018-05-18 02:00:00,20.9,68,3.3,0.0,963.2
2018-05-18 03:00:00,20.3,73,2.9,0.0,962.8
2018-05-18 04:00:00,20.0,73,2.8,0.0,962.6
2018-05-18 05:00:00,20.1,72,1.5,0.0,962.4
2018-05-18 06:00:00,20.5,68,0.8,2.0,962.8
2018-05-18 07:00:00,20.8,68,2.1,58.0,963.1
2018-05-18 08:00:00,22.4,63,1.6,180.0,964.2
2018-05-18 09:00:00,24.3,57,4.1,306.0,964.7
2018-05-18 10:00:00,25.8,51,5.8,406.0,964.4
2018-05-18 11:00:00,27.8,44,9.8,641.0,964.3
2018-05-18 12:00:00,29.4,37,13.0,772.0,963.5
2018-05-18 13:00:00,30.7,34,12.9,787.0,962.8
2018-05-18 14:00:00,31.9,32,11.7,802.0,961.8
2018-05-18 15:00:00,31.5,35,11.3,549.0,960.9
2018-05-18 16:00:00,31.7,37,10.7,515.0,960.1
2018-05-18 17:00:00,31.5,39,13.6,350.0,959.4
2018-05-18 18:00:00,29.1,47,19.9,185.0,959.5
2018-05-18 19:00:00,27.4,54,20.4,61.0,959.9
2018-05-18 20:00:00,27.2,51,15.2,3.0,960.6
2018-05-18 21:00:00,26.6,55,18.2,0.0,961.2
2018-05-18 22:00:00,25.8,57,20.6,0.0,961.6
2018-05-18 23:00:00,25.3,59,17.9,0.0,962.4
2018-05-19 00:00:00,24.6,62,13.4,0.0,963.1
2018-05-19 01:00:00,23.9,66,14.8,0.0,962.9
2018-05-19 02:00:00,23.4,69,15.6,0.0,962.6
2018-05-19 03:00:00,22.9,72,16.2,0.0,962.7
2018-05-19 04:00:00,22.6,74,16.4,0.0,962.7
2018-05-19 05:00:00,21.9,77,16.3,0.0,962.6
2018-05-19 06:00:00,20.9,83,16.7,1.0,963.0
2018-05-19 07:00:00,20.6,85,17.0,28.0,963.3
2018-05-19 08:00:00,19.5,92,16.8,73.0,963.3
2018-05-19 09:00:00,20.8,85,16.2,131.0,964.0
2018-05-19 10:00:00,22.5,76,15.4,289.0,964.1
2018-05-19 11:00:00,22.7,75,15.9,260.0,964.3
2018-05-19 12:00:00,23.2,73,16.9,367.0,964.0
2018-05-19 13:00:00,22.4,76,19.8,298.0,963.5
2018-05-19 14:00:00,23.1,69,21.0,511.0,963.1
2018-05-19 15:00:00,23.8,65,21.5,497.0,962.6
2018-05-19 16:00:00,23.4,64,22.0,390.0,962.5
2018-05-19 17:00:00,22.6,65,20.3,195.0,962.4
2018-05-19 18:00:00,21.9,69,15.3,74.0,963.0
2018-05-19 19:00:00,20.6,77,13.1,14.0,963.5
2018-05-19 20:00:00,19.0,81,9.4,2.0,964.8
2018-05-19 21:00:00,19.2,80,10.7,0.0,965.2
2018-05-19 22:00:00,19.0,78,11.4,0.0,965.8
2018-05-19 23:00:00,18.6,76,13.0,0.0,965.8
2018-05-20 00:00:00,18.3,73,14.7,0.0,965.7
2018-05-20 01:00:00,18.0,74,15.3,0.0,965.5
2018-05-20 02:00:00,17.9,76,13.5,0.0,965.4
2018-05-20 03:00:00,18.0,76,12.6,0.0,965.5
2018-05-20 04:00:00,18.0,77,12.5,0.0,965.7
2018-05-20 05:00:00,17.8,78,12.3,0.0,965.9
2018-05-20 06:00:00,17.7,79,11.5,0.0,966.0
2018-05-20 07:00:00,17.6,79,11.0,8.0,966.2
2018-05-20 08:00:00,17.0,86,11.7,61.0,966.2
2018-05-20 09:00:00,17.8,80,14.8,90.0,966.7
2018-05-20 10:00:00,18.3,77,16.1,175.0,967.0
2018-05-20 11:00:00,19.5,71,17.3,295.0,967.1
2018-05-20 12:00:00,20.5,68,16.6,354.0,966.6
2018-05-20 13:00:00,21.3,66,16.6,433.0,966.2
2018-05-20 14:00:00,22.9,62,16.6,448.0,965.4
2018-05-20 15:00:00,23.2,60,21.4,324.0,964.5
2018-05-20 16:00:00,23.3,60,23.8,339.0,963.9
2018-05-20 17:00:00,23.1,59,23.7,244.0,963.3
2018-05-20 18:00:00,22.6,60,21.7,152.0,963.5
2018-05-20 19:00:00,21.3,63,20.9,83.0,964.0
2018-05-20 20:00:00,18.1,71,22.2,13.0,965.4
2018-05-20 21:00:00,17.5,73,21.7,0.0,966.5
2018-05-20 22:00:00,17.2,73,20.1,0.0,966.8
2018-05-20 23:00:00,17.1,74,19.2,0.0,967.0
2018-05-21 00:00:00,16.7,75,18.2,0.0,967.3
2018-05-21 01:00:00,16.6,75,16.4,0.0,966.8
2018-05-21 02:00:00,16.5,76,15.9,0.0,966.4
2018-05-21 03:00:00,16.3,77,15.8,0.0,966.4
2018-05-21 04:00:00,16.2,78,14.8,0.0,966.5
2018-05-21 05:00:00,16.1,79,12.2,0.0,966.5
2018-05-21 06:00:00,16.3,79,11.8,2.0,966.8
2018-05-21 07:00:00,17.1,76,11.2,47.0,967.1
2018-05-21 08:00:00,18.0,73,9.7,138.0,967.6
2018-05-21 09:00:00,19.5,68,10.7,243.0,968.3
2018-05-21 10:00:00,21.0,63,11.2,340.0,968.3
2018-05-21 11:00:00,22.5,59,7.1,446.0,968.3
2018-05-21 12:00:00,21.5,64,1.1,205.0,968.1
2018-05-21 13:00:00,20.9,71,5.8,295.0,967.9
2018-05-21 14:00:00,20.0,80,10.0,208.0,967.6
2018-05-21 15:00:00,18.9,90,14.3,156.0,967.5
2018-05-21 16:00:00,17.6,93,16.3,58.0,967.5
2018-05-21 17:00:00,16.9,94,15.6,25.0,968.3
2018-05-21 18:00:00,17.1,93,15.5,32.0,969.3
2018-05-21 19:00:00,17.0,88,18.7,6.0,970.0
2018-05-21 20:00:00,15.0,69,23.3,2.0,973.3
2018-05-21 21:00:00,15.4,55,26.2,0.0,975.5
2018-05-21 22:00:00,15.2,53,24.9,0.0,977.2
2018-05-21 23:00:00,13.1,70,23.8,0.0,978.2
2018-05-22 00:00:00,12.8,76,21.9,0.0,978.7
2018-05-22 01:00:00,12.0,86,21.9,0.0,978.8
2018-05-22 02:00:00,12.5,83,22.1,0.0,978.7
2018-05-22 03:00:00,12.8,81,20.1,0.0,978.9
2018-05-22 04:00:00,13.1,80,20.5,0.0,979.1
2018-05-22 05:00:00,13.4,78,18.2,0.0,979.4
2018-05-22 06:00:00,13.8,74,16.8,1.0,979.5
2018-05-22 07:00:00,14.5,66,14.7,19.0,979.9
2018-05-22 08:00:00,15.1,66,11.7,62.0,980.5
2018-05-22 09:00:00,16.7,55,12.3,198.0,980.5
2018-05-22 10:00:00,19.4,42,14.3,460.0,980.0
2018-05-22 11:00:00,21.4,32,12.4,680.0,978.7
2018-05-22 12:00:00,22.8,26,7.8,794.0,978.0
2018-05-22 13:00:00,23.8,23,6.2,889.0,976.7
2018-05-22 14:00:00,24.5,23,5.4,882.0,975.8
2018-05-22 15:00:00,24.9,23,4.0,794.0,974.7
2018-05-22 16:00:00,25.1,21,4.6,670.0,973.3
2018-05-22 17:00:00,24.4,25,10.3,496.0,972.4
2018-05-22 18:00:00,22.3,33,15.4,302.0,972.1
2018-05-22 19:00:00,20.0,44,6.0,127.0,971.6
2018-05-22 20:00:00,18.2,41,10.8,17.0,971.5
2018-05-22 21:00:00,17.8,36,11.3,0.0,971.7
2018-05-22 22:00:00,17.1,38,10.5,0.0,971.8
2018-05-22 23:00:00,16.4,39,10.3,0.0,971.8
2018-05-23 00:00:00,15.4,41,10.3,0.0,971.3
2018-05-23 01:00:00,13.3,49,8.2,0.0,970.4
2018-05-23 02:00:00,12.4,53,9.8,0.0,969.8
2018-05-23 03:00:00,12.6,50,9.0,0.0,969.4
2018-05-23 04:00:00,12.9,51,8.4,0.0,969.0
2018-05-23 05:00:00,12.0,63,7.9,0.0,968.7
2018-05-23 06:00:00,11.6,73,5.9,3.0,969.1
2018-05-23 07:00:00,12.8,66,2.9,68.0,969.7
2018-05-23 08:00:00,14.0,64,0.8,178.0,970.5
2018-05-23 09:00:00,15.3,62,1.5,173.0,970.7
2018-05-23 10:00:00,16.5,61,3.2,219.0,969.7
2018-05-23 11:00:00,20.6,47,6.8,744.0,969.6
2018-05-23 12:00:00,23.0,37,9.6,833.0,968.7
2018-05-23 13:00:00,24.3,32,13.0,811.0,967.9
2018-05-23 14:00:00,25.1,30,13.0,728.0,966.8
2018-05-23 15:00:00,26.0,31,12.1,674.0,965.5
2018-05-23 16:00:00,25.6,33,13.8,412.0,964.5
2018-05-23 17:00:00,24.5,33,16.8,272.0,963.7
2018-05-23 18:00:00,22.7,36,15.0,182.0,962.9
2018-05-23 19:00:00,21.3,40,11.3,73.0,962.5
2018-05-23 20:00:00,20.1,53,8.7,11.0,962.0
2018-05-23 21:00:00,20.8,51,7.7,0.0,962.5
2018-05-23 22:00:00,20.6,53,8.2,0.0,963.1
2018-05-23 23:00:00,20.7,49,3.9,0.0,963.2
2018-05-24 00:00:00,19.4,56,3.0,0.0,962.9
2018-05-24 01:00:00,18.3,62,3.5,0.0,962.2
2018-05-24 02:00:00,17.8,64,3.7,0.0,962.2
2018-05-24 03:00:00,18.3,60,4.7,0.0,961.8
2018-05-24 04:00:00,17.9,62,5.4,0.0,961.9
2018-05-24 05:00:00,17.3,69,4.7,0.0,961.9
2018-05-24 06:00:00,16.6,74,2.5,2.0,962.0
2018-05-24 07:00:00,17.2,71,5.4,46.0,962.1
2018-05-24 08:00:00,19.1,59,2.8,151.0,962.5
2018-05-24 09:00:00,20.9,55,1.3,295.0,962.8
2018-05-24 10:00:00,23.4,48,2.9,495.0,961.9
2018-05-24 11:00:00,25.7,42,4.8,701.0,961.6
2018-05-24 12:00:00,26.8,40,8.0,728.0,961.0
2018-05-24 13:00:00,27.7,38,10.9,774.0,960.3
2018-05-24 14:00:00,27.7,37,11.6,645.0,959.8
2018-05-24 15:00:00,28.2,37,10.9,602.0,958.7
2018-05-24 16:00:00,28.5,37,9.0,491.0,957.7
2018-05-24 17:00:00,28.6,38,7.4,365.0,957.0
2018-05-24 18:00:00,28.0,42,8.3,244.0,956.7
2018-05-24 19:00:00,26.1,50,10.4,96.0,957.4
2018-05-24 20:00:00,24.5,52,11.5,9.0,957.3
2018-05-24 21:00:00,24.5,52,8.4,0.0,957.9
2018-05-24 22:00:00,23.8,57,6.8,0.0,958.4
2018-05-24 23:00:00,23.7,58,6.7,0.0,958.8
2018-05-25 00:00:00,22.3,65,7.1,0.0,958.8
2018-05-25 01:00:00,22.1,63,4.2,0.0,958.9
2018-05-25 02:00:00,22.1,62,8.9,0.0,959.1
2018-05-25 03:00:00,21.9,62,10.9,0.0,959.3
2018-05-25 04:00:00,21.2,64,9.9,0.0,959.5
2018-05-25 05:00:00,20.9,66,10.2,0.0,960.2
2018-05-25 06:00:00,20.1,71,8.4,1.0,960.8
2018-05-25 07:00:00,19.6,79,7.2,18.0,961.7
2018-05-25 08:00:00,21.6,64,7.6,26.0,962.1
2018-05-25 09:00:00,23.8,57,7.1,344.0,962.7
2018-05-25 10:00:00,24.6,54,5.6,357.0,962.7
2018-05-25 11:00:00,25.8,51,3.7,539.0,962.6
2018-05-25 12:00:00,27.7,45,7.1,700.0,962.8
2018-05-25 13:00:00,28.2,43,7.3,570.0,962.3
2018-05-25 14:00:00,29.1,41,5.1,513.0,961.9
2018-05-25 15:00:00,29.5,39,3.1,482.0,961.0
2018-05-25 16:00:00,29.6,41,9.5,531.0,960.4
2018-05-25 17:00:00,29.6,42,6.8,460.0,960.1
2018-05-25 18:00:00,29.7,41,4.2,285.0,959.9
2018-05-25 19:00:00,27.6,49,9.9,120.0,960.0
2018-05-25 20:00:00,24.0,61,6.7,17.0,960.8
2018-05-25 21:00:00,24.3,60,10.8,0.0,962.0
2018-05-25 22:00:00,23.3,63,10.2,0.0,962.5
2018-05-25 23:00:00,22.4,66,9.0,0.0,962.8
2018-05-26 00:00:00,21.4,71,8.4,0.0,963.1
2018-05-26 01:00:00,20.6,75,9.1,0.0,963.4
2018-05-26 02:00:00,21.2,72,15.8,0.0,964.5
2018-05-26 03:00:00,23.3,34,18.5,0.0,966.6
2018-05-26 04:00:00,22.0,25,31.4,0.0,968.9
2018-05-26 05:00:00,21.6,29,29.1,0.0,970.9
2018-05-26 06:00:00,20.8,34,29.2,1.0,972.6
2018-05-26 07:00:00,19.9,40,29.9,10.0,974.5
2018-05-26 08:00:00,18.7,50,23.4,29.0,976.5
2018-05-26 09:00:00,17.1,63,22.3,53.0,977.6
2018-05-26 10:00:00,16.3,74,19.3,78.0,978.0
2018-05-26 11:00:00,16.7,75,21.9,201.0,978.0
2018-05-26 12:00:00,16.3,78,21.9,167.0,977.9
2018-05-26 13:00:00,16.5,76,23.1,179.0,977.4
2018-05-26 14:00:00,15.1,86,20.9,117.0,976.7
2018-05-26 15:00:00,15.8,80,19.4,151.0,976.5
2018-05-26 16:00:00,16.6,74,18.8,157.0,975.7
2018-05-26 17:00:00,17.0,70,18.5,112.0,974.9
2018-05-26 18:00:00,17.6,62,16.5,105.0,974.5
2018-05-26 19:00:00,17.8,59,16.3,61.0,974.3
2018-05-26 20:00:00,17.2,59,10.1,15.0,975.6
2018-05-26 21:00:00,16.6,64,10.0,0.0,975.7
2018-05-26 22:00:00,16.0,67,8.0,0.0,975.9
2018-05-26 23:00:00,16.1,66,7.6,0.0,975.8
2018-05-27 00:00:00,16.0,65,9.7,0.0,975.3
2018-05-27 01:00:00,15.6,67,10.4,0.0,974.8
2018-05-27 02:00:00,14.7,70,9.4,0.0,974.0
2018-05-27 03:00:00,14.9,66,10.4,0.0,973.8
2018-05-27 04:00:00,14.7,65,11.5,0.0,973.5
2018-05-27 05:00:00,14.5,63,11.9,0.0,973.3
2018-05-27 06:00:00,14.4,62,10.8,4.0,973.3
2018-05-27 07:00:00,16.0,57,10.7,80.0,973.5
2018-05-27 08:00:00,18.2,52,10.8,237.0,975.2
2018-05-27 09:00:00,20.3,43,12.9,353.0,975.3
2018-05-27 10:00:00,22.5,36,13.5,488.0,975.1
2018-05-27 11:00:00,24.5,31,12.0,605.0,974.7
2018-05-27 12:00:00,26.0,27,10.9,691.0,973.8
2018-05-27 13:00:00,27.7,22,9.2,879.0,972.6
2018-05-27 14:00:00,28.4,20,6.9,879.0,971.6
2018-05-27 15:00:00,28.7,20,6.4,800.0,970.4
2018-05-27 16:00:00,28.8,20,8.1,672.0,969.3
2018-05-27 17:00:00,27.9,22,13.4,484.0,968.3
2018-05-27 18:00:00,26.6,24,12.9,271.0,967.9
2018-05-27 19:00:00,24.2,31,7.6,117.0,967.2
2018-05-27 20:00:00,21.5,36,10.4,13.0,967.5
2018-05-27 21:00:00,21.2,37,11.4,0.0,967.9
2018-05-27 22:00:00,20.6,38,12.6,0.0,968.2
2018-05-27 23:00:00,20.0,37,11.3,0.0,968.1
2018-05-28 00:00:00,19.1,37,7.9,0.0,967.5
2018-05-28 01:00:00,17.8,38,9.4,0.0,967.1
2018-05-28 02:00:00,16.4,41,9.9,0.0,966.6
2018-05-28 03:00:00,15.1,44,10.0,0.0,966.2
2018-05-28 04:00:00,14.6,45,12.0,0.0,965.9
2018-05-28 05:00:00,14.4,45,9.4,0.0,965.8
2018-05-28 06:00:00,14.7,44,9.8,4.0,966.4
2018-05-28 07:00:00,16.9,41,11.5,77.0,967.1
2018-05-28 08:00:00,19.8,41,8.9,216.0,968.1
2018-05-28 09:00:00,22.1,37,8.2,337.0,968.4
2018-05-28 10:00:00,24.0,33,7.4,427.0,968.5
2018-05-28 11:00:00,25.8,28,6.6,520.0,968.3
2018-05-28 12:00:00,27.2,24,6.4,569.0,968.0
2018-05-28 13:00:00,27.9,23,7.7,523.0,967.5
2018-05-28 14:00:00,28.9,22,7.5,583.0,966.9
2018-05-28 15:00:00,28.8,23,8.5,437.0,966.2
2018-05-28 16:00:00,28.2,25,9.1,306.0,965.6
2018-05-28 17:00:00,28.0,25,8.3,251.0,965.1
2018-05-28 18:00:00,26.4,32,5.6,141.0,964.6
2018-05-28 19:00:00,24.1,37,6.8,73.0,964.2
2018-05-28 20:00:00,22.5,43,9.2,15.0,965.2
2018-05-28 21:00:00,21.1,41,7.1,0.0,965.2
2018-05-28 22:00:00,19.5,45,6.5,0.0,965.0
2018-05-28 23:00:00,17.6,50,4.7,0.0,965.2
2018-05-29 00:00:00,18.4,46,6.4,0.0,965.3
2018-05-29 01:00:00,18.4,45,7.2,0.0,965.1
2018-05-29 02:00:00,17.4,46,8.1,0.0,964.8
2018-05-29 03:00:00,16.8,48,8.5,0.0,964.7
2018-05-29 04:00:00,17.0,48,9.4,0.0,964.9
2018-05-29 05:00:00,17.2,47,8.3,0.0,965.1
2018-05-29 06:00:00,17.3,46,7.2,1.0,965.4
2018-05-29 07:00:00,18.1,46,6.5,29.0,966.0
2018-05-29 08:00:00,19.7,49,5.4,88.0,967.2
2018-05-29 09:00:00,21.2,50,4.0,157.0,967.7
2018-05-29 10:00:00,23.6,42,7.3,329.0,968.2
2018-05-29 11:00:00,24.5,38,7.1,310.0,968.1
2018-05-29 12:00:00,27.5,30,3.7,662.0,967.9
2018-05-29 13:00:00,29.1,26,1.1,779.0,967.2
2018-05-29 14:00:00,30.2,24,1.8,802.0,966.4
2018-05-29 15:00:00,30.7,22,2.4,723.0,966.0
2018-05-29 16:00:00,30.0,24,3.1,506.0,965.3
2018-05-29 17:00:00,29.6,25,3.0,300.0,964.8
2018-05-29 18:00:00,28.4,42,2.7,182.0,964.6
2018-05-29 19:00:00,25.5,53,8.0,123.0,964.6
2018-05-29 20:00:00,23.0,44,9.4,21.0,965.2
2018-05-29 21:00:00,23.1,44,7.8,0.0,965.4
2018-05-29 22:00:00,21.8,46,9.7,0.0,966.1
2018-05-29 23:00:00,20.7,44,6.7,0.0,966.6
2018-05-30 00:00:00,19.2,46,8.9,0.0,966.3
2018-05-30 01:00:00,19.2,44,7.6,0.0,966.4
2018-05-30 02:00:00,18.3,46,7.8,0.0,966.4
2018-05-30 03:00:00,19.9,41,3.1,0.0,966.8
2018-05-30 04:00:00,18.8,43,3.6,0.0,966.7
2018-05-30 05:00:00,17.7,47,1.4,0.0,966.8
2018-05-30 06:00:00,15.1,64,3.9,4.0,967.0
2018-05-30 07:00:00,17.0,54,2.4,75.0,967.7
2018-05-30 08:00:00,19.9,55,3.8,177.0,968.9
2018-05-30 09:00:00,22.7,47,4.3,335.0,969.3
2018-05-30 10:00:00,25.1,40,7.5,489.0,969.3
2018-05-30 11:00:00,26.3,37,8.4,475.0,969.3
2018-05-30 12:00:00,26.3,36,5.2,266.0,969.4
2018-05-30 13:00:00,26.8,36,0.7,298.0,968.9
2018-05-30 14:00:00,27.6,35,1.8,417.0,968.2
2018-05-30 15:00:00,28.0,33,1.6,344.0,967.7
2018-05-30 16:00:00,28.1,33,3.5,259.0,967.3
2018-05-30 17:00:00,27.9,35,5.0,192.0,967.0
2018-05-30 18:00:00,27.5,39,4.0,190.0,966.8
2018-05-30 19:00:00,24.7,51,6.7,108.0,966.7
2018-05-30 20:00:00,23.8,41,11.5,16.0,967.8
2018-05-30 21:00:00,23.3,35,14.3,0.0,968.1
2018-05-30 22:00:00,22.2,37,12.8,0.0,968.6
2018-05-30 23:00:00,21.5,40,14.8,0.0,968.9
2018-05-31 00:00:00,20.7,41,14.6,0.0,969.0
2018-05-31 01:00:00,20.0,42,7.7,0.0,969.0
2018-05-31 02:00:00,18.5,48,8.9,0.0,968.7
2018-05-31 03:00:00,17.4,50,9.0,0.0,968.7
2018-05-31 04:00:00,16.8,50,7.3,0.0,969.0
2018-05-31 05:00:00,15.6,57,9.7,0.0,969.0
2018-05-31 06:00:00,16.1,58,6.1,5.0,969.6
2018-05-31 07:00:00,17.9,51,2.9,81.0,970.5
2018-05-31 08:00:00,20.6,51,4.7,238.0,971.6
2018-05-31 09:00:00,23.0,49,6.6,394.0,972.3
2018-05-31 10:00:00,25.1,46,5.5,551.0,972.1
2018-05-31 11:00:00,27.4,39,5.1,719.0,972.3
2018-05-31 12:00:00,29.2,33,5.2,835.0,972.1
2018-05-31 13:00:00,30.6,29,5.6,892.0,971.3
2018-05-31 14:00:00,31.5,25,4.8,869.0,970.5
2018-05-31 15:00:00,32.1,21,6.5,772.0,969.5
2018-05-31 16:00:00,32.2,20,10.1,657.0,968.5
2018-05-31 17:00:00,31.6,20,13.8,479.0,968.0
2018-05-31 18:00:00,30.7,23,15.6,296.0,967.6
2018-05-31 19:00:00,29.1,27,11.1,107.0,967.9
2018-05-31 20:00:00,26.4,34,9.7,20.0,967.5
2018-05-31 21:00:00,25.2,38,9.5,0.0,968.0
2018-05-31 22:00:00,24.3,42,13.5,0.0,968.8
2018-05-31 23:00:00,23.1,48,13.3,0.0,969.3
2018-06-01 00:00:00,23.1,47,16.1,0.0,969.7
2018-06-01 01:00:00,23.0,42,17.6,0.0,969.5
2018-06-01 02:00:00,23.1,39,19.6,0.0,969.3
2018-06-01 03:00:00,23.1,40,19.1,0.0,969.0
2018-06-01 04:00:00,22.0,43,12.8,0.0,968.9
2018-06-01 05:00:00,20.7,48,9.7,0.0,968.8
2018-06-01 06:00:00,20.4,51,9.2,5.0,969.1
2018-06-01 07:00:00,22.0,49,8.4,80.0,969.6
2018-06-01 08:00:00,24.3,45,7.2,228.0,970.6
2018-06-01 09:00:00,26.4,38,11.7,359.0,971.1
2018-06-01 10:00:00,27.4,34,12.6,462.0,971.3
2018-06-01 11:00:00,27.6,36,12.3,468.0,971.2
2018-06-01 12:00:00,29.0,33,12.9,618.0,971.1
2018-06-01 13:00:00,29.0,30,18.3,593.0,970.6
2018-06-01 14:00:00,28.2,30,18.7,511.0,970.5
2018-06-01 15:00:00,26.2,33,19.1,190.0,970.4
2018-06-01 16:00:00,24.7,38,17.9,104.0,970.4
2018-06-01 17:00:00,24.5,40,16.8,129.0,970.1
2018-06-01 18:00:00,24.7,39,15.6,129.0,969.5
2018-06-01 19:00:00,24.0,42,11.6,76.0,969.5
2018-06-01 20:00:00,22.0,53,5.3,11.0,970.8
2018-06-01 21:00:00,20.8,58,6.3,0.0,970.8
2018-06-01 22:00:00,19.7,59,9.9,0.0,971.0
2018-06-01 23:00:00,19.0,56,8.7,0.0,971.3
2018-06-02 00:00:00,18.6,58,5.9,0.0,971.1
2018-06-02 01:00:00,18.0,64,8.7,0.0,970.9
2018-06-02 02:00:00,17.1,68,11.1,0.0,970.7
2018-06-02 03:00:00,16.6,72,10.9,0.0,970.5
2018-06-02 04:00:00,16.4,74,9.6,0.0,970.3
2018-06-02 05:00:00,16.1,72,8.3,0.0,970.2
2018-06-02 06:00:00,16.2,69,8.1,5.0,970.2
2018-06-02 07:00:00,18.0,60,6.9,82.0,970.7
2018-06-02 08:00:00,21.0,56,7.0,236.0,971.9
2018-06-02 09:00:00,23.1,51,6.1,414.0,972.1
2018-06-02 10:00:00,25.1,44,4.8,594.0,972.0
2018-06-02 11:00:00,26.9,35,1.6,744.0,971.5
2018-06-02 12:00:00,28.3,30,3.0,849.0,971.0
2018-06-02 13:00:00,29.4,27,4.3,893.0,969.9
2018-06-02 14:00:00,30.3,24,7.6,868.0,969.0
2018-06-02 15:00:00,30.8,23,11.2,794.0,968.1
2018-06-02 16:00:00,30.8,22,12.3,656.0,967.2
2018-06-02 17:00:00,30.3,21,14.9,492.0,966.6
2018-06-02 18:00:00,29.5,24,14.4,316.0,966.3
2018-06-02 19:00:00,27.6,32,9.7,139.0,966.3
2018-06-02 20:00:00,24.4,40,6.1,23.0,966.4
2018-06-02 21:00:00,22.7,46,4.9,0.0,966.4
2018-06-02 22:00:00,21.6,51,6.1,0.0,967.0
2018-06-02 23:00:00,20.8,52,5.1,0.0,967.1
2018-06-03 00:00:00,19.7,56,8.1,0.0,967.0
2018-06-03 01:00:00,21.6,49,3.8,0.0,967.5
2018-06-03 02:00:00,19.8,56,5.3,0.0,967.2
2018-06-03 03:00:00,18.2,63,5.4,0.0,966.8
2018-06-03 04:00:00,17.5,66,6.4,0.0,966.8
2018-06-03 05:00:00,17.0,68,7.0,0.0,966.7
2018-06-03 06:00:00,17.0,68,6.4,5.0,966.7
2018-06-03 07:00:00,18.9,62,2.8,79.0,967.6
2018-06-03 08:00:00,21.4,53,0.4,238.0,968.9
2018-06-03 09:00:00,24.0,42,2.3,379.0,969.3
2018-06-03 10:00:00,26.3,37,3.3,560.0,969.0
2018-06-03 11:00:00,28.4,32,4.0,671.0,968.9
2018-06-03 12:00:00,29.8,29,4.7,685.0,968.6
2018-06-03 13:00:00,29.5,29,6.2,423.0,968.2
2018-06-03 14:00:00,29.2,29,12.6,256.0,967.9
2018-06-03 15:00:00,28.8,31,18.7,319.0,968.0
2018-06-03 16:00:00,29.2,32,17.1,348.0,967.6
2018-06-03 17:00:00,28.9,32,12.2,237.0,967.1
2018-06-03 18:00:00,28.6,31,13.7,130.0,967.1
2018-06-03 19:00:00,26.4,35,18.2,66.0,967.6
2018-06-03 20:00:00,24.7,34,15.6,12.0,970.0
2018-06-03 21:00:00,23.8,31,20.9,0.0,970.3
2018-06-03 22:00:00,22.6,39,17.1,0.0,970.6
2018-06-03 23:00:00,21.8,43,15.8,0.0,970.6
2018-06-04 00:00:00,21.7,39,14.9,0.0,970.3
2018-06-04 01:00:00,21.2,40,11.5,0.0,970.2
2018-06-04 02:00:00,21.4,39,13.0,0.0,970.1
2018-06-04 03:00:00,21.1,39,14.1,0.0,970.3
2018-06-04 04:00:00,20.8,40,15.3,0.0,970.6
2018-06-04 05:00:00,20.3,41,14.3,0.0,970.4
2018-06-04 06:00:00,19.6,43,13.1,5.0,970.3
2018-06-04 07:00:00,20.5,42,12.7,71.0,970.5
2018-06-04 08:00:00,22.5,40,12.0,240.0,971.6
2018-06-04 09:00:00,24.6,34,14.0,407.0,971.5
2018-06-04 10:00:00,26.9,28,14.6,602.0,971.4
2018-06-04 11:00:00,28.9,24,12.7,765.0,971.0
2018-06-04 12:00:00,30.4,20,9.0,859.0,970.2
2018-06-04 13:00:00,31.6,17,5.6,909.0,969.2
2018-06-04 14:00:00,32.2,15,3.7,864.0,968.2
2018-06-04 15:00:00,32.4,13,2.3,708.0,967.2
2018-06-04 16:00:00,32.4,13,3.2,593.0,966.3
2018-06-04 17:00:00,31.9,13,5.2,374.0,965.5
2018-06-04 18:00:00,31.5,14,5.4,300.0,965.1
2018-06-04 19:00:00,27.6,34,7.8,145.0,964.6
2018-06-04 20:00:00,24.8,28,6.6,25.0,965.2
2018-06-04 21:00:00,24.2,31,8.0,0.0,965.5
2018-06-04 22:00:00,23.3,34,9.8,0.0,965.8
2018-06-04 23:00:00,22.9,32,9.2,0.0,965.6
2018-06-05 00:00:00,20.9,37,7.8,0.0,965.5
2018-06-05 01:00:00,19.9,42,7.7,0.0,965.1
2018-06-05 02:00:00,20.1,42,7.1,0.0,965.0
2018-06-05 03:00:00,19.4,44,6.6,0.0,964.8
2018-06-05 04:00:00,18.4,47,7.0,0.0,964.8
2018-06-05 05:00:00,17.8,50,4.7,0.0,965.3
2018-06-05 06:00:00,18.0,51,9.9,5.0,965.4
2018-06-05 07:00:00,20.1,47,9.9,84.0,965.7
2018-06-05 08:00:00,23.0,38,7.2,241.0,966.7
2018-06-05 09:00:00,26.2,32,3.3,428.0,967.0
2018-06-05 10:00:00,28.9,27,3.4,608.0,966.8
2018-06-05 11:00:00,31.1,24,2.7,757.0,966.3
2018-06-05 12:00:00,32.9,21,1.8,860.0,965.5
2018-06-05 13:00:00,34.2,19,1.5,906.0,964.3
2018-06-05 14:00:00,35.3,16,3.3,891.0,963.2
2018-06-05 15:00:00,35.9,14,5.2,814.0,962.5
2018-06-05 16:00:00,36.0,14,7.7,682.0,961.8
2018-06-05 17:00:00,35.7,14,9.4,512.0,961.5
2018-06-05 18:00:00,34.8,14,10.5,323.0,961.2
2018-06-05 19:00:00,31.9,19,7.2,146.0,961.2
2018-06-05 20:00:00,28.8,22,7.6,26.0,961.6
2018-06-05 21:00:00,27.8,26,9.9,0.0,962.0
2018-06-05 22:00:00,26.4,26,12.7,0.0,962.3
2018-06-05 23:00:00,25.9,36,14.2,0.0,962.7
2018-06-06 00:00:00,23.9,49,7.2,0.0,962.9
2018-06-06 01:00:00,22.4,55,9.1,0.0,962.8
2018-06-06 02:00:00,22.6,54,7.4,0.0,962.5
2018-06-06 03:00:00,21.8,56,7.0,0.0,962.5
2018-06-06 04:00:00,20.6,60,6.5,0.0,962.8
2018-06-06 05:00:00,20.4,60,10.5,0.0,963.2
2018-06-06 06:00:00,20.7,56,10.7,5.0,963.5
2018-06-06 07:00:00,23.2,48,10.5,83.0,964.0
2018-06-06 08:00:00,26.1,42,9.3,238.0,965.0
2018-06-06 09:00:00,28.7,39,6.6,422.0,965.0
2018-06-06 10:00:00,31.1,35,6.8,600.0,964.8
2018-06-06 11:00:00,33.4,30,4.6,749.0,964.3
2018-06-06 12:00:00,35.3,25,3.9,851.0,963.5
2018-06-06 13:00:00,36.7,22,4.6,887.0,962.9
2018-06-06 14:00:00,37.7,19,6.2,878.0,962.0
2018-06-06 15:00:00,38.1,18,6.7,801.0,961.3
2018-06-06 16:00:00,38.3,17,7.9,675.0,960.5
2018-06-06 17:00:00,38.2,14,9.2,499.0,960.4
2018-06-06 18:00:00,37.8,12,9.8,309.0,960.4
2018-06-06 19:00:00,35.1,16,7.4,134.0,960.5
2018-06-06 20:00:00,31.7,29,9.2,25.0,960.7
2018-06-06 21:00:00,30.1,35,8.7,0.0,961.5
2018-06-06 22:00:00,29.6,35,13.4,0.0,964.0
2018-06-06 23:00:00,30.6,22,15.0,0.0,965.3
2018-06-07 00:00:00,29.6,17,15.0,0.0,966.3
2018-06-07 01:00:00,29.4,16,2.9,0.0,967.2
2018-06-07 02:00:00,27.4,18,9.9,0.0,967.2
2018-06-07 03:00:00,26.2,21,7.3,0.0,967.1
2018-06-07 04:00:00,25.4,23,6.0,0.0,967.4
2018-06-07 05:00:00,25.1,24,6.8,0.0,967.8
2018-06-07 06:00:00,25.0,24,11.2,3.0,968.2
2018-06-07 07:00:00,25.9,27,15.9,47.0,968.9
2018-06-07 08:00:00,26.9,30,15.5,117.0,969.8
2018-06-07 09:00:00,28.2,27,13.1,279.0,970.1
2018-06-07 10:00:00,29.2,25,11.3,366.0,969.8
2018-06-07 11:00:00,30.0,24,10.1,427.0,969.5
2018-06-07 12:00:00,31.6,21,8.0,635.0,968.8
2018-06-07 13:00:00,33.0,19,6.4,757.0,968.2
2018-06-07 14:00:00,34.0,17,6.8,841.0,967.3
2018-06-07 15:00:00,34.4,16,8.6,786.0,966.3
2018-06-07 16:00:00,34.5,16,10.3,659.0,965.9
2018-06-07 17:00:00,34.1,16,11.5,488.0,965.3
2018-06-07 18:00:00,33.4,16,11.6,308.0,965.0
2018-06-07 19:00:00,31.5,17,13.9,137.0,965.3
2018-06-07 20:00:00,26.7,32,13.0,23.0,968.4
2018-06-07 21:00:00,23.9,47,22.4,0.0,968.7
2018-06-07 22:00:00,23.0,49,18.9,0.0,969.2
2018-06-07 23:00:00,22.5,49,20.6,0.0,968.9
2018-06-08 00:00:00,22.0,50,18.9,0.0,968.7
2018-06-08 01:00:00,21.8,51,17.9,0.0,968.3
2018-06-08 02:00:00,22.0,49,18.2,0.0,968.2
2018-06-08 03:00:00,22.2,48,19.4,0.0,968.1
2018-06-08 04:00:00,21.2,53,23.9,0.0,968.2
2018-06-08 05:00:00,19.4,67,21.5,0.0,969.0
2018-06-08 06:00:00,17.9,81,19.5,1.0,969.5
2018-06-08 07:00:00,17.8,85,17.1,16.0,969.6
2018-06-08 08:00:00,17.0,91,17.1,90.0,970.9
2018-06-08 09:00:00,17.3,91,15.7,81.0,971.3
2018-06-08 10:00:00,17.4,91,14.8,83.0,971.6
2018-06-08 11:00:00,17.5,92,14.3,89.0,971.4
2018-06-08 12:00:00,17.2,92,15.3,90.0,971.5
2018-06-08 13:00:00,17.7,90,12.8,193.0,971.0
2018-06-08 14:00:00,17.5,91,14.5,137.0,970.4
2018-06-08 15:00:00,17.5,91,13.3,156.0,969.6
2018-06-08 16:00:00,17.6,90,12.2,166.0,969.4
2018-06-08 17:00:00,17.4,90,12.8,123.0,968.8
2018-06-08 18:00:00,17.4,87,12.2,78.0,968.6
2018-06-08 19:00:00,17.2,85,11.8,41.0,968.6
2018-06-08 20:00:00,16.7,86,6.0,7.0,969.5
2018-06-08 21:00:00,17.1,81,4.7,0.0,969.5
2018-06-08 22:00:00,16.4,85,3.9,0.0,969.4
2018-06-08 23:00:00,15.6,89,3.4,0.0,968.8
2018-06-09 00:00:00,15.5,88,2.4,0.0,968.3
2018-06-09 01:00:00,15.4,87,1.5,0.0,967.7
2018-06-09 02:00:00,14.3,90,3.1,0.0,967.0
2018-06-09 03:00:00,14.2,89,4.2,0.0,966.5
2018-06-09 04:00:00,13.2,94,4.7,0.0,966.0
2018-06-09 05:00:00,12.8,95,4.0,0.0,966.0
2018-06-09 06:00:00,13.0,94,6.5,5.0,966.5
2018-06-09 07:00:00,15.1,87,6.5,85.0,966.8
2018-06-09 08:00:00,17.1,78,5.8,241.0,967.3
2018-06-09 09:00:00,19.5,63,7.0,427.0,967.8
2018-06-09 10:00:00,21.8,51,7.6,606.0,967.3
2018-06-09 11:00:00,23.9,45,8.1,742.0,967.0
2018-06-09 12:00:00,25.7,40,5.2,857.0,966.2
2018-06-09 13:00:00,27.0,37,3.2,893.0,965.3
2018-06-09 14:00:00,27.6,35,4.0,851.0,964.2
2018-06-09 15:00:00,28.0,34,2.2,723.0,963.3
2018-06-09 16:00:00,28.4,32,1.3,593.0,962.4
2018-06-09 17:00:00,28.2,33,5.4,431.0,962.1
2018-06-09 18:00:00,27.7,34,6.7,291.0,961.6
2018-06-09 19:00:00,26.2,42,4.1,130.0,961.7
2018-06-09 20:00:00,24.1,46,8.5,25.0,962.2
2018-06-09 21:00:00,22.9,47,8.9,0.0,962.6
2018-06-09 22:00:00,22.1,49,9.7,0.0,962.9
2018-06-09 23:00:00,21.4,51,9.7,0.0,962.8
2018-06-10 00:00:00,20.1,55,6.6,0.0,962.7
2018-06-10 01:00:00,18.8,59,5.9,0.0,962.5
2018-06-10 02:00:00,18.2,60,6.3,0.0,962.1
2018-06-10 03:00:00,17.8,60,7.0,0.0,961.9
2018-06-10 04:00:00,16.9,63,5.1,0.0,961.8
2018-06-10 05:00:00,16.2,66,8.3,0.0,961.6
2018-06-10 06:00:00,16.1,66,9.1,5.0,962.0
2018-06-10 07:00:00,18.2,58,11.9,86.0,962.5
2018-06-10 08:00:00,20.6,54,8.3,243.0,963.8
2018-06-10 09:00:00,23.2,48,8.2,428.0,964.1
2018-06-10 10:00:00,25.9,40,7.3,608.0,963.8
2018-06-10 11:00:00,28.3,33,5.4,758.0,963.5
2018-06-10 12:00:00,30.4,28,3.1,861.0,962.9
2018-06-10 13:00:00,32.0,25,0.7,907.0,962.1
2018-06-10 14:00:00,32.8,20,3.6,892.0,960.8
2018-06-10 15:00:00,33.3,18,6.4,819.0,959.8
2018-06-10 16:00:00,33.6,16,7.1,686.0,959.0
2018-06-10 17:00:00,33.4,16,6.1,516.0,958.5
2018-06-10 18:00:00,32.5,18,6.4,320.0,958.3
2018-06-10 19:00:00,29.3,28,6.3,148.0,958.1
2018-06-10 20:00:00,26.7,29,8.3,28.0,958.0
2018-06-10 21:00:00,25.0,37,7.8,0.0,958.7
2018-06-10 22:00:00,23.5,42,7.7,0.0,959.0
2018-06-10 23:00:00,22.4,40,5.5,0.0,959.0
2018-06-11 00:00:00,21.5,42,8.0,0.0,959.1
2018-06-11 01:00:00,20.5,45,7.6,0.0,959.1
2018-06-11 02:00:00,19.0,51,9.2,0.0,958.8
2018-06-11 03:00:00,18.2,57,8.0,0.0,958.5
2018-06-11 04:00:00,17.8,60,4.7,0.0,958.7
2018-06-11 05:00:00,17.5,65,6.9,0.0,958.8
2018-06-11 06:00:00,17.5,67,6.8,5.0,958.9
2018-06-11 07:00:00,19.8,59,5.8,85.0,959.3
2018-06-11 08:00:00,22.7,47,1.9,239.0,960.0
2018-06-11 09:00:00,25.8,38,0.8,422.0,960.5
2018-06-11 10:00:00,28.5,34,2.6,598.0,960.1
2018-06-11 11:00:00,30.9,30,5.2,745.0,959.8
2018-06-11 12:00:00,32.9,27,6.1,841.0,959.3
2018-06-11 13:00:00,34.2,26,4.6,871.0,958.5
2018-06-11 14:00:00,35.0,25,5.7,808.0,957.7
2018-06-11 15:00:00,35.6,24,6.0,731.0,956.8
2018-06-11 16:00:00,34.6,25,16.2,548.0,956.9
2018-06-11 17:00:00,32.6,31,12.2,318.0,957.0
2018-06-11 18:00:00,32.5,32,10.1,231.0,956.6
2018-06-11 19:00:00,31.2,35,8.3,125.0,956.6
2018-06-11 20:00:00,30.4,34,12.6,26.0,956.3
2018-06-11 21:00:00,28.4,41,10.4,0.0,956.5
2018-06-11 22:00:00,26.5,49,10.1,0.0,956.9
2018-06-11 23:00:00,25.2,52,7.6,0.0,957.3
2018-06-12 00:00:00,24.3,52,8.1,0.0,957.5
2018-06-12 01:00:00,23.5,52,9.5,0.0,957.3
2018-06-12 02:00:00,22.8,55,9.8,0.0,957.2
2018-06-12 03:00:00,22.1,58,10.4,0.0,957.0
2018-06-12 04:00:00,21.6,60,8.9,0.0,957.2
2018-06-12 05:00:00,21.3,61,9.9,0.0,957.4
2018-06-12 06:00:00,21.3,62,10.1,5.0,957.9
2018-06-12 07:00:00,23.3,56,9.4,83.0,958.5
2018-06-12 08:00:00,26.3,46,8.6,234.0,959.0
2018-06-12 09:00:00,28.3,42,8.7,418.0,959.3
2018-06-12 10:00:00,30.5,37,8.4,594.0,959.0
2018-06-12 11:00:00,32.6,32,6.5,741.0,958.8
2018-06-12 12:00:00,34.2,29,3.9,845.0,958.3
2018-06-12 13:00:00,35.3,26,1.1,877.0,957.3
2018-06-12 14:00:00,36.2,23,1.6,829.0,956.3
2018-06-12 15:00:00,36.6,21,4.3,770.0,955.4
2018-06-12 16:00:00,36.4,21,6.2,611.0,954.5
2018-06-12 17:00:00,36.0,22,9.0,461.0,954.1
2018-06-12 18:00:00,35.0,25,12.4,309.0,953.9
2018-06-12 19:00:00,33.2,30,10.1,144.0,954.2
2018-06-12 20:00:00,29.9,31,6.0,28.0,953.8
2018-06-12 21:00:00,29.1,35,9.4,0.0,954.1
2018-06-12 22:00:00,28.4,34,9.7,0.0,954.7
2018-06-12 23:00:00,26.8,40,7.4,0.0,954.9
2018-06-13 00:00:00,25.2,52,9.9,0.0,955.0
2018-06-13 01:00:00,24.5,55,8.9,0.0,955.0
2018-06-13 02:00:00,25.1,52,8.8,0.0,954.9
2018-06-13 03:00:00,24.3,55,7.3,0.0,954.8
2018-06-13 04:00:00,22.2,64,8.8,0.0,954.9
2018-06-13 05:00:00,21.4,67,6.6,0.0,955.0
2018-06-13 06:00:00,21.9,66,10.1,5.0,955.7
2018-06-13 07:00:00,23.8,58,8.6,85.0,956.6
2018-06-13 08:00:00,26.4,47,8.8,239.0,957.6
2018-06-13 09:00:00,29.1,39,10.7,391.0,958.0
2018-06-13 10:00:00,30.8,37,11.0,478.0,958.1
2018-06-13 11:00:00,33.5,31,9.0,741.0,958.0
2018-06-13 12:00:00,35.5,27,6.5,851.0,957.7
2018-06-13 13:00:00,36.9,23,3.3,891.0,956.9
2018-06-13 14:00:00,37.9,20,3.8,874.0,955.9
2018-06-13 15:00:00,38.3,18,6.5,760.0,955.4
2018-06-13 16:00:00,38.5,17,7.8,641.0,954.8
2018-06-13 17:00:00,38.1,16,8.8,452.0,954.3
2018-06-13 18:00:00,37.4,17,8.5,295.0,954.4
2018-06-13 19:00:00,34.9,24,5.1,125.0,954.6
2018-06-13 20:00:00,30.6,31,9.0,26.0,955.0
2018-06-13 21:00:00,30.4,34,8.5,0.0,955.4
2018-06-13 22:00:00,28.2,41,7.2,0.0,955.9
2018-06-13 23:00:00,26.8,45,7.2,0.0,956.7
2018-06-14 00:00:00,29.1,26,17.3,0.0,957.8
2018-06-14 01:00:00,28.2,20,14.6,0.0,957.9
2018-06-14 02:00:00,26.2,23,10.7,0.0,957.9
2018-06-14 03:00:00,24.6,26,8.4,0.0,957.9
2018-06-14 04:00:00,24.1,27,11.8,0.0,958.2
2018-06-14 05:00:00,22.5,34,9.4,0.0,958.5
2018-06-14 06:00:00,22.0,43,9.9,6.0,959.2
2018-06-14 07:00:00,23.6,49,13.5,86.0,960.2
2018-06-14 08:00:00,25.1,44,13.3,244.0,961.6
2018-06-14 09:00:00,27.2,40,11.5,400.0,961.9
2018-06-14 10:00:00,29.4,34,9.2,600.0,962.0
2018-06-14 11:00:00,31.3,30,10.2,736.0,961.7
2018-06-14 12:00:00,33.1,26,11.5,812.0,961.5
2018-06-14 13:00:00,34.7,22,10.9,890.0,960.8
2018-06-14 14:00:00,35.7,18,10.9,838.0,959.8
2018-06-14 15:00:00,36.3,16,10.7,753.0,958.9
2018-06-14 16:00:00,36.5,15,12.0,662.0,958.2
2018-06-14 17:00:00,36.1,16,14.1,500.0,957.5
2018-06-14 18:00:00,34.8,19,15.8,315.0,957.1
2018-06-14 19:00:00,32.9,24,12.0,142.0,957.3
2018-06-14 20:00:00,29.0,32,7.2,27.0,957.6
2018-06-14 21:00:00,26.9,37,5.8,0.0,957.7
2018-06-14 22:00:00,26.4,37,6.6,0.0,958.2
2018-06-14 23:00:00,26.2,34,6.9,0.0,958.5
2018-06-15 00:00:00,25.2,39,8.4,0.0,959.0
2018-06-15 01:00:00,26.3,54,10.7,0.0,959.0
2018-06-15 02:00:00,27.1,54,16.6,0.0,959.2
2018-06-15 03:00:00,27.2,52,16.1,0.0,959.3
2018-06-15 04:00:00,26.9,51,15.6,0.0,959.4
2018-06-15 05:00:00,26.6,50,13.5,0.0,959.8
2018-06-15 06:00:00,26.0,52,8.7,5.0,960.2
2018-06-15 07:00:00,27.4,49,9.3,77.0,960.8
2018-06-15 08:00:00,29.5,43,11.0,217.0,961.3
2018-06-15 09:00:00,31.5,38,11.2,383.0,961.6
2018-06-15 10:00:00,32.4,36,10.5,433.0,961.5
2018-06-15 11:00:00,34.1,32,8.7,587.0,961.4
2018-06-15 12:00:00,35.3,28,8.2,664.0,960.9
2018-06-15 13:00:00,36.5,24,9.7,684.0,960.2
2018-06-15 14:00:00,36.7,24,16.2,628.0,959.4
2018-06-15 15:00:00,36.2,24,17.5,605.0,959.0
2018-06-15 16:00:00,35.3,25,15.8,362.0,959.0
2018-06-15 17:00:00,34.4,28,15.3,216.0,958.8
2018-06-15 18:00:00,33.8,31,14.4,187.0,958.7
2018-06-15 19:00:00,32.6,33,12.2,70.0,959.1
2018-06-15 20:00:00,30.5,36,6.3,9.0,960.0
2018-06-15 21:00:00,28.8,42,5.2,0.0,960.7
2018-06-15 22:00:00,27.6,47,6.3,0.0,961.1
2018-06-15 23:00:00,26.7,50,5.6,0.0,961.1
2018-06-16 00:00:00,25.9,53,4.5,0.0,960.9
2018-06-16 01:00:00,25.1,56,4.6,0.0,960.9
2018-06-16 02:00:00,24.9,61,4.1,0.0,961.0
2018-06-16 03:00:00,24.6,62,3.6,0.0,961.2
2018-06-16 04:00:00,24.6,61,6.0,0.0,961.1
2018-06-16 05:00:00,25.0,57,9.8,0.0,961.0
2018-06-16 06:00:00,24.9,55,12.7,1.0,961.2
2018-06-16 07:00:00,24.5,58,13.5,21.0,961.7
2018-06-16 08:00:00,25.2,54,10.2,38.0,962.2
2018-06-16 09:00:00,25.1,56,12.9,62.0,962.4
2018-06-16 10:00:00,26.2,52,11.8,159.0,962.5
2018-06-16 11:00:00,27.3,48,14.3,242.0,962.5
2018-06-16 12:00:00,27.3,48,14.0,213.0,962.5
2018-06-16 13:00:00,27.4,45,15.9,204.0,962.0
2018-06-16 14:00:00,27.8,40,19.9,237.0,961.5
2018-06-16 15:00:00,28.1,40,18.8,236.0,961.3
2018-06-16 16:00:00,27.1,45,16.6,105.0,961.1
2018-06-16 17:00:00,26.4,49,16.0,81.0,960.9
2018-06-16 18:00:00,25.6,51,16.1,45.0,960.6
2018-06-16 19:00:00,25.3,51,15.0,27.0,960.8
2018-06-16 20:00:00,25.1,55,6.6,6.0,961.2
2018-06-16 21:00:00,24.7,58,6.4,0.0,961.4
2018-06-16 22:00:00,23.9,63,8.0,0.0,961.5
2018-06-16 23:00:00,23.2,69,6.0,0.0,961.5
2018-06-17 00:00:00,22.4,74,3.2,0.0,961.4
2018-06-17 01:00:00,21.5,79,3.0,0.0,960.8
2018-06-17 02:00:00,21.1,82,2.6,0.0,960.9
2018-06-17 03:00:00,20.5,85,2.8,0.0,960.6
2018-06-17 04:00:00,20.3,86,1.1,0.0,960.6
2018-06-17 05:00:00,20.0,86,1.8,0.0,960.6
2018-06-17 06:00:00,19.8,88,2.5,4.0,960.8
2018-06-17 07:00:00,21.2,80,1.8,64.0,961.1
2018-06-17 08:00:00,23.2,71,2.2,202.0,961.3
2018-06-17 09:00:00,25.8,61,1.8,387.0,961.7
2018-06-17 10:00:00,27.9,54,3.5,526.0,961.2
2018-06-17 11:00:00,30.0,47,3.8,684.0,960.7
2018-06-17 12:00:00,31.8,41,4.5,783.0,960.0
2018-06-17 13:00:00,33.3,38,6.5,815.0,959.1
2018-06-17 14:00:00,34.1,35,9.3,772.0,957.9
2018-06-17 15:00:00,34.3,34,11.5,613.0,957.2
2018-06-17 16:00:00,34.0,35,12.6,495.0,956.6
2018-06-17 17:00:00,33.1,37,14.3,263.0,956.3
2018-06-17 18:00:00,30.9,44,8.0,59.0,956.7
2018-06-17 19:00:00,25.3,83,9.8,24.0,957.0
2018-06-17 20:00:00,24.4,88,3.3,7.0,958.6
2018-06-17 21:00:00,24.2,92,4.2,0.0,959.0
2018-06-17 22:00:00,23.9,94,1.8,0.0,959.1
2018-06-17 23:00:00,23.7,96,1.3,0.0,959.1
2018-06-18 00:00:00,23.5,97,1.1,0.0,959.0
2018-06-18 01:00:00,23.3,96,6.4,0.0,958.5
2018-06-18 02:00:00,23.0,93,7.4,0.0,958.6
2018-06-18 03:00:00,22.5,93,8.6,0.0,958.3
2018-06-18 04:00:00,22.4,92,10.3,0.0,958.3
2018-06-18 05:00:00,21.9,93,11.6,0.0,958.4
2018-06-18 06:00:00,21.3,94,14.6,1.0,958.5
2018-06-18 07:00:00,20.9,94,14.3,14.0,958.8
2018-06-18 08:00:00,20.8,94,13.5,30.0,959.5
2018-06-18 09:00:00,20.7,95,13.6,51.0,959.7
2018-06-18 10:00:00,20.9,95,15.6,84.0,959.3
2018-06-18 11:00:00,21.2,93,17.4,150.0,959.2
2018-06-18 12:00:00,21.2,94,18.3,110.0,958.8
2018-06-18 13:00:00,21.8,92,17.3,177.0,958.9
2018-06-18 14:00:00,22.0,92,15.3,132.0,958.8
2018-06-18 15:00:00,22.0,94,13.9,88.0,958.8
2018-06-18 16:00:00,21.9,94,13.8,61.0,958.8
2018-06-18 17:00:00,22.0,95,11.4,86.0,958.6
2018-06-18 18:00:00,22.1,95,11.0,73.0,958.7
2018-06-18 19:00:00,21.7,96,11.8,25.0,959.1
2018-06-18 20:00:00,21.3,94,6.6,6.0,960.7
2018-06-18 21:00:00,21.1,96,7.9,0.0,961.2
2018-06-18 22:00:00,21.0,95,6.0,0.0,961.4
2018-06-18 23:00:00,20.7,96,3.9,0.0,961.4
2018-06-19 00:00:00,20.3,97,4.4,0.0,961.2
2018-06-19 01:00:00,19.9,97,5.0,0.0,961.4
2018-06-19 02:00:00,19.8,98,3.1,0.0,961.5
2018-06-19 03:00:00,19.8,97,4.5,0.0,961.5
2018-06-19 04:00:00,19.6,98,5.8,0.0,961.0
2018-06-19 05:00:00,19.3,100,5.5,0.0,961.2
2018-06-19 06:00:00,19.1,100,4.2,4.0,961.5
2018-06-19 07:00:00,20.2,97,3.1,67.0,961.8
2018-06-19 08:00:00,21.3,89,3.7,194.0,962.9
2018-06-19 09:00:00,23.6,79,4.8,350.0,963.1
2018-06-19 10:00:00,25.3,69,6.7,499.0,962.8
2018-06-19 11:00:00,26.5,62,6.4,535.0,962.5
2018-06-19 12:00:00,27.6,57,5.1,565.0,962.3
2018-06-19 13:00:00,28.4,55,6.4,590.0,961.6
2018-06-19 14:00:00,28.6,55,7.9,496.0,961.1
2018-06-19 15:00:00,28.7,54,7.2,368.0,960.5
2018-06-19 16:00:00,29.0,52,4.2,327.0,960.0
2018-06-19 17:00:00,28.7,53,1.8,157.0,959.8
2018-06-19 18:00:00,28.1,58,4.3,133.0,959.7
2018-06-19 19:00:00,26.7,68,3.9,63.0,959.9
2018-06-19 20:00:00,25.0,77,6.3,18.0,960.6
2018-06-19 21:00:00,24.1,82,5.8,0.0,961.0
2018-06-19 22:00:00,23.9,83,3.8,0.0,961.4
2018-06-19 23:00:00,23.3,86,2.9,0.0,961.7
2018-06-20 00:00:00,23.0,86,2.9,0.0,961.6
2018-06-20 01:00:00,22.6,86,4.7,0.0,961.5
2018-06-20 02:00:00,22.5,86,3.5,0.0,961.6
2018-06-20 03:00:00,22.5,85,2.7,0.0,961.8
2018-06-20 04:00:00,22.3,85,2.1,0.0,961.7
2018-06-20 05:00:00,22.1,86,4.5,0.0,962.0
2018-06-20 06:00:00,22.3,86,4.6,2.0,962.2
2018-06-20 07:00:00,22.8,85,5.6,35.0,962.5
2018-06-20 08:00:00,24.4,80,4.2,121.0,963.4
2018-06-20 09:00:00,25.5,75,4.7,254.0,964.1
2018-06-20 10:00:00,26.3,72,4.9,288.0,963.9
2018-06-20 11:00:00,28.5,64,7.1,615.0,963.7
2018-06-20 12:00:00,30.2,56,9.4,761.0,963.4
2018-06-20 13:00:00,31.3,50,10.4,789.0,962.7
2018-06-20 14:00:00,32.4,45,6.4,815.0,961.6
2018-06-20 15:00:00,33.3,37,4.7,742.0,960.8
2018-06-20 16:00:00,33.7,34,8.1,596.0,960.1
2018-06-20 17:00:00,33.1,35,12.7,460.0,959.5
2018-06-20 18:00:00,31.9,41,12.3,295.0,959.1
2018-06-20 19:00:00,30.1,45,13.0,133.0,959.1
2018-06-20 20:00:00,29.1,46,13.8,29.0,959.9
2018-06-20 21:00:00,28.6,48,16.6,0.0,960.4
2018-06-20 22:00:00,27.9,52,18.6,0.0,961.0
2018-06-20 23:00:00,27.2,56,20.4,0.0,961.0
2018-06-21 00:00:00,26.7,58,22.2,0.0,961.5
2018-06-21 01:00:00,26.4,60,23.7,0.0,961.3
2018-06-21 02:00:00,26.2,61,22.9,0.0,961.4
2018-06-21 03:00:00,25.6,62,17.8,0.0,961.3
2018-06-21 04:00:00,24.8,63,10.8,0.0,961.2
2018-06-21 05:00:00,23.8,67,7.3,0.0,961.4
2018-06-21 06:00:00,23.1,70,6.5,4.0,961.5
2018-06-21 07:00:00,24.2,68,6.2,73.0,962.0
2018-06-21 08:00:00,26.1,60,6.5,211.0,962.5
2018-06-21 09:00:00,27.9,53,7.8,385.0,962.6
2018-06-21 10:00:00,29.6,46,5.5,549.0,962.5
2018-06-21 11:00:00,31.0,42,4.0,697.0,962.3
2018-06-21 12:00:00,32.0,40,4.1,778.0,962.1
2018-06-21 13:00:00,32.8,38,5.2,819.0,961.6
2018-06-21 14:00:00,33.3,37,3.8,808.0,960.8
2018-06-21 15:00:00,33.7,35,4.0,722.0,960.3
2018-06-21 16:00:00,33.7,35,4.5,605.0,959.4
2018-06-21 17:00:00,33.3,36,3.2,406.0,959.2
2018-06-21 18:00:00,32.6,40,6.2,286.0,958.8
2018-06-21 19:00:00,30.5,55,7.0,136.0,958.7
2018-06-21 20:00:00,27.4,69,6.5,29.0,959.2
2018-06-21 21:00:00,27.2,63,11.1,0.0,960.0
2018-06-21 22:00:00,27.4,48,16.9,0.0,960.5
2018-06-21 23:00:00,26.5,48,19.6,0.0,961.0
2018-06-22 00:00:00,25.9,49,21.4,0.0,961.4
2018-06-22 01:00:00,25.2,51,21.3,0.0,961.0
2018-06-22 02:00:00,24.4,54,11.2,0.0,960.9
2018-06-22 03:00:00,22.4,64,5.6,0.0,961.1
2018-06-22 04:00:00,22.3,67,8.2,0.0,960.9
2018-06-22 05:00:00,21.8,71,8.4,0.0,960.9
2018-06-22 06:00:00,21.4,73,7.3,5.0,961.2
2018-06-22 07:00:00,22.9,69,6.8,82.0,961.7
2018-06-22 08:00:00,24.7,61,6.6,234.0,962.4
2018-06-22 09:00:00,26.4,55,6.8,414.0,962.7
2018-06-22 10:00:00,27.9,51,7.2,590.0,962.5
2018-06-22 11:00:00,29.3,48,6.4,736.0,962.1
2018-06-22 12:00:00,30.5,45,5.3,837.0,961.8
2018-06-22 13:00:00,31.5,43,5.6,883.0,961.1
2018-06-22 14:00:00,32.3,41,7.4,864.0,960.3
2018-06-22 15:00:00,32.9,41,9.4,798.0,959.3
2018-06-22 16:00:00,33.1,41,11.6,677.0,958.4
2018-06-22 17:00:00,33.0,41,12.5,510.0,957.8
2018-06-22 18:00:00,32.3,41,13.0,328.0,957.3
2018-06-22 19:00:00,30.8,45,11.7,155.0,957.4
2018-06-22 20:00:00,28.9,44,9.3,33.0,958.0
2018-06-22 21:00:00,27.5,45,7.2,0.0,958.3
2018-06-22 22:00:00,26.6,48,6.9,0.0,958.8
2018-06-22 23:00:00,25.9,57,6.7,0.0,959.2
2018-06-23 00:00:00,25.8,62,6.9,0.0,959.4
2018-06-23 01:00:00,24.6,68,9.1,0.0,959.2
2018-06-23 02:00:00,24.1,70,7.1,0.0,959.3
2018-06-23 03:00:00,24.4,65,5.4,0.0,959.3
2018-06-23 04:00:00,24.0,65,6.6,0.0,959.4
2018-06-23 05:00:00,23.3,69,5.9,0.0,959.6
2018-06-23 06:00:00,22.8,71,7.4,5.0,960.3
2018-06-23 07:00:00,24.2,66,8.4,81.0,960.7
2018-06-23 08:00:00,26.2,60,6.6,232.0,961.5
2018-06-23 09:00:00,27.9,55,5.8,406.0,961.7
2018-06-23 10:00:00,29.3,52,7.1,553.0,961.5
2018-06-23 11:00:00,30.8,48,7.4,732.0,961.3
2018-06-23 12:00:00,32.3,45,8.2,838.0,960.9
2018-06-23 13:00:00,33.5,42,9.2,888.0,960.0
2018-06-23 14:00:00,34.5,39,10.5,870.0,959.0
2018-06-23 15:00:00,35.1,37,10.5,753.0,958.0
2018-06-23 16:00:00,35.4,36,11.5,648.0,957.2
2018-06-23 17:00:00,34.9,37,14.3,494.0,956.7
2018-06-23 18:00:00,33.7,40,14.7,317.0,956.5
2018-06-23 19:00:00,32.1,46,12.8,152.0,956.7
2018-06-23 20:00:00,30.6,51,13.2,32.0,957.1
2018-06-23 21:00:00,30.3,51,13.2,0.0,957.9
2018-06-23 22:00:00,29.8,50,16.4,0.0,958.8
2018-06-23 23:00:00,29.0,53,19.2,0.0,958.9
2018-06-24 00:00:00,28.2,55,22.5,0.0,958.9
2018-06-24 01:00:00,27.7,57,22.9,0.0,958.6
2018-06-24 02:00:00,27.2,58,20.4,0.0,958.6
2018-06-24 03:00:00,26.8,59,15.3,0.0,958.2
2018-06-24 04:00:00,25.5,63,6.5,0.0,958.5
2018-06-24 05:00:00,23.9,72,6.9,0.0,958.7
2018-06-24 06:00:00,24.0,72,4.5,4.0,959.3
2018-06-24 07:00:00,25.5,65,4.0,70.0,959.9
2018-06-24 08:00:00,27.2,58,4.0,117.0,960.3
2018-06-24 09:00:00,28.8,53,2.8,323.0,960.8
2018-06-24 10:00:00,30.4,49,2.4,486.0,960.9
2018-06-24 11:00:00,32.0,45,0.0,615.0,960.5
2018-06-24 12:00:00,33.1,42,2.0,669.0,960.3
2018-06-24 13:00:00,34.5,37,3.9,832.0,959.3
2018-06-24 14:00:00,35.4,35,4.8,790.0,958.4
2018-06-24 15:00:00,35.9,35,1.8,689.0,957.5
2018-06-24 16:00:00,35.0,40,10.4,591.0,957.1
2018-06-24 17:00:00,34.1,46,10.5,439.0,956.7
2018-06-24 18:00:00,34.2,44,10.2,282.0,956.4
2018-06-24 19:00:00,32.9,49,10.5,128.0,956.9
2018-06-24 20:00:00,30.0,59,8.4,27.0,958.2
2018-06-24 21:00:00,28.8,69,4.3,0.0,958.6
2018-06-24 22:00:00,28.2,73,3.9,0.0,959.3
2018-06-24 23:00:00,27.3,77,2.8,0.0,959.3
2018-06-25 00:00:00,26.7,82,2.0,0.0,959.3
2018-06-25 01:00:00,25.9,89,2.5,0.0,958.8
2018-06-25 02:00:00,25.5,92,2.5,0.0,958.9
2018-06-25 03:00:00,25.2,93,1.1,0.0,958.4
2018-06-25 04:00:00,24.9,94,5.2,0.0,958.2
2018-06-25 05:00:00,24.5,94,5.2,0.0,958.4
2018-06-25 06:00:00,24.5,93,5.4,3.0,958.4
2018-06-25 07:00:00,25.3,89,7.3,64.0,958.8
2018-06-25 08:00:00,26.5,81,9.9,182.0,958.7
2018-06-25 09:00:00,28.5,71,9.9,324.0,959.0
2018-06-25 10:00:00,30.3,63,9.7,462.0,959.1
2018-06-25 11:00:00,32.0,56,6.9,626.0,958.7
2018-06-25 12:00:00,32.9,53,4.1,664.0,958.2
2018-06-25 13:00:00,33.5,52,3.5,672.0,957.3
2018-06-25 14:00:00,33.8,52,5.4,655.0,956.8
2018-06-25 15:00:00,33.4,54,8.0,579.0,956.8
2018-06-25 16:00:00,32.2,59,10.3,372.0,956.3
2018-06-25 17:00:00,33.0,56,9.3,349.0,956.4
2018-06-25 18:00:00,32.4,59,9.2,177.0,956.2
2018-06-25 19:00:00,31.3,64,13.1,72.0,956.6
2018-06-25 20:00:00,26.5,85,11.6,19.0,958.7
2018-06-25 21:00:00,25.8,91,13.2,0.0,959.4
2018-06-25 22:00:00,25.2,95,11.3,0.0,959.9
2018-06-25 23:00:00,24.9,96,12.0,0.0,960.0
2018-06-26 00:00:00,24.6,96,10.7,0.0,960.0
2018-06-26 01:00:00,24.5,96,8.1,0.0,959.7
2018-06-26 02:00:00,24.0,98,11.7,0.0,959.7
2018-06-26 03:00:00,23.6,99,11.4,0.0,959.7
2018-06-26 04:00:00,23.5,99,8.2,0.0,959.9
2018-06-26 05:00:00,23.4,99,3.8,0.0,960.2
2018-06-26 06:00:00,23.3,99,0.4,2.0,960.7
2018-06-26 07:00:00,23.5,99,4.2,28.0,961.2
2018-06-26 08:00:00,23.2,99,3.8,71.0,961.7
2018-06-26 09:00:00,23.5,98,3.1,40.0,962.3
2018-06-26 10:00:00,23.7,95,2.9,54.0,962.8
2018-06-26 11:00:00,24.1,96,4.4,110.0,963.0
2018-06-26 12:00:00,24.5,94,2.9,150.0,962.8
2018-06-26 13:00:00,24.9,90,3.7,160.0,962.4
2018-06-26 14:00:00,25.2,89,2.4,217.0,962.2
2018-06-26 15:00:00,25.6,87,1.1,183.0,961.8
2018-06-26 16:00:00,25.5,88,1.9,106.0,961.2
2018-06-26 17:00:00,25.9,86,4.8,156.0,961.0
2018-06-26 18:00:00,25.8,87,4.3,106.0,960.9
2018-06-26 19:00:00,25.7,90,3.8,56.0,960.8
2018-06-26 20:00:00,25.0,95,3.0,23.0,961.8
2018-06-26 21:00:00,24.7,95,1.8,0.0,961.9
2018-06-26 22:00:00,24.5,96,1.8,0.0,962.2
2018-06-26 23:00:00,24.5,96,3.3,0.0,962.1
2018-06-27 00:00:00,24.4,95,5.2,0.0,961.7
2018-06-27 01:00:00,24.1,93,3.7,0.0,961.5
2018-06-27 02:00:00,23.8,94,2.1,0.0,961.4
2018-06-27 03:00:00,23.7,95,0.7,0.0,961.3
2018-06-27 04:00:00,23.6,95,2.3,0.0,961.3
2018-06-27 05:00:00,23.5,97,4.8,0.0,961.4
2018-06-27 06:00:00,23.6,96,5.5,2.0,961.8
2018-06-27 07:00:00,23.9,93,5.2,46.0,962.0
2018-06-27 08:00:00,24.6,91,2.6,85.0,962.4
2018-06-27 09:00:00,26.0,84,1.8,222.0,962.8
2018-06-27 10:00:00,27.3,78,2.3,358.0,962.6
2018-06-27 11:00:00,28.4,73,4.0,464.0,962.3
2018-06-27 12:00:00,29.3,69,4.6,513.0,961.8
2018-06-27 13:00:00,29.5,68,6.4,422.0,961.3
2018-06-27 14:00:00,30.6,63,6.4,555.0,960.7
2018-06-27 15:00:00,30.6,63,7.7,376.0,960.0
2018-06-27 16:00:00,30.8,62,7.1,410.0,959.4
2018-06-27 17:00:00,30.2,64,7.5,215.0,958.9
2018-06-27 18:00:00,30.3,64,6.1,226.0,959.4
2018-06-27 19:00:00,29.9,68,2.5,108.0,959.5
2018-06-27 20:00:00,27.3,80,5.4,30.0,960.6
2018-06-27 21:00:00,27.0,82,7.6,0.0,961.3
2018-06-27 22:00:00,26.7,84,6.1,0.0,961.4
2018-06-27 23:00:00,26.3,86,8.2,0.0,961.4
2018-06-28 00:00:00,25.7,89,7.4,0.0,961.3
2018-06-28 01:00:00,25.3,90,9.2,0.0,961.0
2018-06-28 02:00:00,24.8,91,10.2,0.0,960.7
2018-06-28 03:00:00,24.4,91,11.3,0.0,960.5
2018-06-28 04:00:00,24.1,91,10.8,0.0,960.5
2018-06-28 05:00:00,24.0,89,10.8,0.0,960.6
2018-06-28 06:00:00,24.2,87,12.6,4.0,960.7
2018-06-28 07:00:00,25.3,82,8.6,77.0,961.3
2018-06-28 08:00:00,26.6,76,9.8,225.0,962.0
2018-06-28 09:00:00,28.6,66,10.0,407.0,962.3
2018-06-28 10:00:00,30.3,58,8.8,583.0,962.1
2018-06-28 11:00:00,31.7,54,5.9,732.0,961.8
2018-06-28 12:00:00,32.7,53,3.6,837.0,961.5
2018-06-28 13:00:00,33.5,49,5.2,884.0,960.8
2018-06-28 14:00:00,34.0,44,7.6,862.0,960.0
2018-06-28 15:00:00,34.3,43,8.5,790.0,959.2
2018-06-28 16:00:00,34.4,44,8.5,678.0,958.5
2018-06-28 17:00:00,34.3,38,10.5,517.0,957.8
2018-06-28 18:00:00,33.0,43,9.7,335.0,957.2
2018-06-28 19:00:00,30.9,53,7.3,161.0,957.1
2018-06-28 20:00:00,28.7,62,7.9,34.0,956.9
2018-06-28 21:00:00,28.2,67,6.9,0.0,957.3
2018-06-28 22:00:00,26.9,71,5.7,0.0,957.5
2018-06-28 23:00:00,25.0,76,6.5,0.0,957.4
2018-06-29 00:00:00,25.0,65,6.4,0.0,957.6
2018-06-29 01:00:00,24.7,60,7.1,0.0,957.5
2018-06-29 02:00:00,23.3,70,8.5,0.0,957.2
2018-06-29 03:00:00,23.7,69,5.1,0.0,957.1
2018-06-29 04:00:00,22.7,75,6.4,0.0,957.0
2018-06-29 05:00:00,22.8,74,5.4,0.0,957.1
2018-06-29 06:00:00,23.7,71,6.3,4.0,957.6
2018-06-29 07:00:00,24.6,69,5.7,58.0,957.8
2018-06-29 08:00:00,26.5,66,5.4,150.0,958.1
2018-06-29 09:00:00,28.2,61,7.9,360.0,958.2
2018-06-29 10:00:00,29.4,59,10.0,388.0,958.0
2018-06-29 11:00:00,30.9,56,12.2,507.0,957.7
2018-06-29 12:00:00,32.4,53,11.6,607.0,957.3
2018-06-29 13:00:00,34.0,49,9.4,763.0,956.4
2018-06-29 14:00:00,34.9,45,12.5,775.0,955.7
2018-06-29 15:00:00,34.3,48,16.3,686.0,955.3
2018-06-29 16:00:00,34.1,49,14.6,491.0,954.9
2018-06-29 17:00:00,34.0,48,13.3,375.0,954.7
2018-06-29 18:00:00,33.1,51,12.2,260.0,954.8
2018-06-29 19:00:00,31.6,56,9.6,103.0,955.1
2018-06-29 20:00:00,30.5,70,3.6,15.0,955.8
2018-06-29 21:00:00,28.7,79,4.8,0.0,956.4
2018-06-29 22:00:00,28.6,76,6.4,0.0,957.2
2018-06-29 23:00:00,27.8,80,9.6,0.0,957.5
2018-06-30 00:00:00,26.9,81,12.8,0.0,957.4
2018-06-30 01:00:00,26.5,78,10.8,0.0,957.2
2018-06-30 02:00:00,26.0,79,10.5,0.0,957.6
2018-06-30 03:00:00,25.0,86,8.1,0.0,957.4
2018-06-30 04:00:00,23.9,93,8.0,0.0,957.4
2018-06-30 05:00:00,23.4,95,6.2,0.0,957.7
2018-06-30 06:00:00,23.5,96,4.7,1.0,958.2
2018-06-30 07:00:00,23.9,96,3.8,21.0,958.9
2018-06-30 08:00:00,25.4,89,5.0,87.0,959.4
2018-06-30 09:00:00,27.5,77,0.4,385.0,960.1
2018-06-30 10:00:00,29.4,69,2.5,567.0,960.2
2018-06-30 11:00:00,31.1,63,4.6,698.0,960.0
2018-06-30 12:00:00,32.2,58,6.3,747.0,959.5
2018-06-30 13:00:00,33.1,54,5.8,782.0,958.5
2018-06-30 14:00:00,33.7,52,5.9,736.0,957.8
2018-06-30 15:00:00,33.9,51,8.1,665.0,957.1
2018-06-30 16:00:00,33.7,48,11.4,610.0,956.5
2018-06-30 17:00:00,32.5,55,12.1,431.0,956.7
2018-06-30 18:00:00,32.4,54,12.7,284.0,956.7
2018-06-30 19:00:00,31.4,57,11.1,139.0,956.9
2018-06-30 20:00:00,29.3,59,13.6,32.0,958.3
2018-06-30 21:00:00,28.5,63,12.2,0.0,958.6
2018-06-30 22:00:00,28.1,61,12.3,0.0,959.3
2018-06-30 23:00:00,27.6,60,13.6,0.0,959.2
