date,temperature_2m,relative_humidity_2m,wind_speed_10m,shortwave_radiation,surface_pressure
2016-07-01 00:00:00,18.8,97,6.7,0.0,811.0
2016-07-01 01:00:00,18.6,97,6.1,0.0,810.6
2016-07-01 02:00:00,18.5,98,7.4,0.0,809.9
2016-07-01 03:00:00,18.6,97,6.9,0.0,809.5
2016-07-01 04:00:00,18.4,97,7.5,0.0,809.5
2016-07-01 05:00:00,18.3,98,8.9,0.0,809.2
2016-07-01 06:00:00,18.1,98,3.5,0.0,809.8
2016-07-01 07:00:00,17.9,97,4.5,9.0,809.6
2016-07-01 08:00:00,18.9,91,6.9,47.0,811.1
2016-07-01 09:00:00,19.2,92,8.4,119.0,811.6
2016-07-01 10:00:00,20.2,92,8.7,271.0,812.9
2016-07-01 11:00:00,20.8,91,9.5,317.0,813.2
2016-07-01 12:00:00,21.3,90,8.1,374.0,813.4
2016-07-01 13:00:00,21.2,90,6.8,310.0,812.9
2016-07-01 14:00:00,21.7,89,5.9,409.0,812.5
2016-07-01 15:00:00,21.4,89,3.4,347.0,812.0
2016-07-01 16:00:00,21.4,87,2.9,332.0,810.9
2016-07-01 17:00:00,21.0,87,1.8,221.0,810.5
2016-07-01 18:00:00,20.5,87,3.7,139.0,811.3
2016-07-01 19:00:00,19.3,95,3.5,52.0,810.6
2016-07-01 20:00:00,18.4,96,3.6,7.0,811.4
2016-07-01 21:00:00,18.0,98,3.5,0.0,811.6
2016-07-01 22:00:00,17.7,98,3.1,0.0,812.2
2016-07-01 23:00:00,17.5,98,1.9,0.0,812.7
2016-07-02 00:00:00,17.4,98,0.4,0.0,812.6
2016-07-02 01:00:00,17.4,99,1.3,0.0,812.1
2016-07-02 02:00:00,17.5,99,3.0,0.0,811.7
2016-07-02 03:00:00,17.6,98,3.1,0.0,811.2
2016-07-02 04:00:00,17.5,99,3.4,0.0,811.0
2016-07-02 05:00:00,17.6,99,3.1,0.0,810.8
2016-07-02 06:00:00,17.5,99,3.3,0.0,811.1
2016-07-02 07:00:00,17.5,99,2.4,2.0,811.0
2016-07-02 08:00:00,17.8,97,2.3,14.0,812.0
2016-07-02 09:00:00,17.8,98,1.9,34.0,812.6
2016-07-02 10:00:00,18.0,98,2.2,52.0,813.1
2016-07-02 11:00:00,18.6,94,3.0,163.0,813.4
2016-07-02 12:00:00,19.4,92,2.6,194.0,813.6
2016-07-02 13:00:00,20.0,93,4.1,238.0,813.0
2016-07-02 14:00:00,20.4,93,3.2,224.0,812.3
2016-07-02 15:00:00,22.2,88,4.8,474.0,812.4
2016-07-02 16:00:00,22.3,86,7.9,441.0,812.1
2016-07-02 17:00:00,21.8,87,8.4,324.0,811.4
2016-07-02 18:00:00,20.5,87,7.1,161.0,810.8
2016-07-02 19:00:00,20.1,88,5.4,77.0,810.4
2016-07-02 20:00:00,19.8,90,5.9,23.0,811.3
2016-07-02 21:00:00,19.5,91,5.1,0.0,811.9
2016-07-02 22:00:00,19.1,93,5.8,0.0,811.9
2016-07-02 23:00:00,18.8,94,7.2,0.0,812.2
2016-07-03 00:00:00,18.5,94,6.6,0.0,812.2
2016-07-03 01:00:00,18.1,97,7.1,0.0,811.6
2016-07-03 02:00:00,17.9,98,8.2,0.0,810.9
2016-07-03 03:00:00,18.0,99,8.2,0.0,810.6
2016-07-03 04:00:00,18.1,99,7.9,0.0,810.7
2016-07-03 05:00:00,18.1,99,8.9,0.0,810.4
2016-07-03 06:00:00,18.2,98,6.1,0.0,811.0
2016-07-03 07:00:00,18.1,98,6.3,7.0,810.8
2016-07-03 08:00:00,18.3,95,10.0,69.0,811.5
2016-07-03 09:00:00,19.2,89,13.0,178.0,811.9
2016-07-03 10:00:00,20.0,84,16.6,308.0,812.2
2016-07-03 11:00:00,20.9,79,20.2,375.0,812.8
2016-07-03 12:00:00,21.5,78,21.9,425.0,812.7
2016-07-03 13:00:00,21.9,79,20.1,465.0,812.6
2016-07-03 14:00:00,21.9,79,18.4,462.0,811.6
2016-07-03 15:00:00,22.8,74,18.4,434.0,811.7
2016-07-03 16:00:00,23.0,73,19.5,489.0,811.0
2016-07-03 17:00:00,22.8,73,20.7,362.0,810.4
2016-07-03 18:00:00,22.4,73,18.8,196.0,809.8
2016-07-03 19:00:00,22.1,75,13.3,144.0,810.3
2016-07-03 20:00:00,21.3,78,11.5,36.0,810.8
2016-07-03 21:00:00,20.7,81,9.7,0.0,810.8
2016-07-03 22:00:00,20.0,85,9.5,0.0,810.8
2016-07-03 23:00:00,19.7,87,10.5,0.0,811.1
2016-07-04 00:00:00,19.4,88,11.3,0.0,811.0
2016-07-04 01:00:00,19.1,89,10.8,0.0,810.6
2016-07-04 02:00:00,18.8,90,10.5,0.0,810.3
2016-07-04 03:00:00,18.8,89,9.7,0.0,810.0
2016-07-04 04:00:00,18.5,91,9.0,0.0,809.8
2016-07-04 05:00:00,18.3,92,8.7,0.0,809.4
2016-07-04 06:00:00,18.0,94,9.4,0.0,809.6
2016-07-04 07:00:00,17.9,95,9.7,10.0,809.4
2016-07-04 08:00:00,18.4,92,13.0,102.0,810.3
2016-07-04 09:00:00,19.6,83,17.3,251.0,810.6
2016-07-04 10:00:00,20.7,77,19.8,375.0,811.2
2016-07-04 11:00:00,21.8,72,19.1,500.0,811.8
2016-07-04 12:00:00,22.5,69,18.1,519.0,811.8
2016-07-04 13:00:00,23.2,67,16.6,640.0,811.5
2016-07-04 14:00:00,23.5,67,16.6,658.0,811.1
2016-07-04 15:00:00,24.1,65,15.8,717.0,810.7
2016-07-04 16:00:00,24.5,65,15.5,715.0,810.4
2016-07-04 17:00:00,24.4,67,15.1,543.0,809.2
2016-07-04 18:00:00,23.0,72,9.1,319.0,808.3
2016-07-04 19:00:00,22.2,77,6.1,137.0,809.4
2016-07-04 20:00:00,21.2,84,5.1,24.0,809.9
2016-07-04 21:00:00,19.5,97,5.2,0.0,809.5
2016-07-04 22:00:00,19.2,95,2.3,0.0,810.2
2016-07-04 23:00:00,18.4,99,4.3,0.0,810.6
2016-07-05 00:00:00,18.5,98,2.9,0.0,810.9
2016-07-05 01:00:00,18.3,98,3.0,0.0,810.4
2016-07-05 02:00:00,18.6,95,0.5,0.0,810.2
2016-07-05 03:00:00,18.2,95,1.0,0.0,809.7
2016-07-05 04:00:00,18.0,96,2.2,0.0,809.1
2016-07-05 05:00:00,18.0,95,1.8,0.0,809.0
2016-07-05 06:00:00,18.2,95,2.1,0.0,809.8
2016-07-05 07:00:00,18.1,96,3.1,6.0,809.6
2016-07-05 08:00:00,18.7,93,4.3,83.0,810.7
2016-07-05 09:00:00,19.9,87,3.9,218.0,811.4
2016-07-05 10:00:00,21.2,79,2.5,399.0,812.1
2016-07-05 11:00:00,22.1,74,3.3,486.0,812.4
2016-07-05 12:00:00,22.8,74,5.6,551.0,812.6
2016-07-05 13:00:00,23.5,75,7.8,613.0,812.8
2016-07-05 14:00:00,23.4,76,10.8,406.0,811.9
2016-07-05 15:00:00,23.3,77,11.5,447.0,810.9
2016-07-05 16:00:00,21.7,82,7.9,196.0,810.4
2016-07-05 17:00:00,21.9,82,7.6,240.0,810.1
2016-07-05 18:00:00,21.5,82,5.0,187.0,808.9
2016-07-05 19:00:00,20.5,86,5.6,93.0,808.6
2016-07-05 20:00:00,19.9,91,3.7,18.0,809.7
2016-07-05 21:00:00,18.8,98,6.9,0.0,809.9
2016-07-05 22:00:00,18.8,98,8.7,0.0,811.0
2016-07-05 23:00:00,18.6,98,9.2,0.0,811.5
2016-07-06 00:00:00,18.5,98,8.2,0.0,811.7
2016-07-06 01:00:00,18.4,98,7.1,0.0,811.4
2016-07-06 02:00:00,18.4,98,7.4,0.0,811.1
2016-07-06 03:00:00,18.4,99,6.2,0.0,810.8
2016-07-06 04:00:00,18.4,99,6.2,0.0,810.5
2016-07-06 05:00:00,18.4,99,6.9,0.0,810.5
2016-07-06 06:00:00,18.4,99,6.9,0.0,810.9
2016-07-06 07:00:00,18.2,99,8.7,1.0,810.7
2016-07-06 08:00:00,18.5,97,9.7,18.0,811.5
2016-07-06 09:00:00,18.5,96,8.8,55.0,811.9
2016-07-06 10:00:00,19.0,92,8.7,117.0,812.6
2016-07-06 11:00:00,19.7,86,8.0,177.0,812.9
2016-07-06 12:00:00,20.5,81,9.4,191.0,813.0
2016-07-06 13:00:00,21.0,78,11.9,287.0,812.8
2016-07-06 14:00:00,21.4,78,13.9,345.0,812.5
2016-07-06 15:00:00,21.5,82,13.6,382.0,812.2
2016-07-06 16:00:00,21.7,82,15.8,379.0,812.0
2016-07-06 17:00:00,20.7,81,17.2,198.0,811.9
2016-07-06 18:00:00,19.7,84,11.8,174.0,811.7
2016-07-06 19:00:00,19.5,86,10.9,45.0,811.5
2016-07-06 20:00:00,19.3,85,10.5,20.0,812.5
2016-07-06 21:00:00,18.9,87,11.2,0.0,812.7
2016-07-06 22:00:00,18.4,90,10.9,0.0,812.9
2016-07-06 23:00:00,18.2,92,12.1,0.0,813.6
2016-07-07 00:00:00,18.0,94,11.9,0.0,813.7
2016-07-07 01:00:00,17.8,94,11.9,0.0,813.3
2016-07-07 02:00:00,17.2,98,10.9,0.0,812.8
2016-07-07 03:00:00,17.4,98,10.8,0.0,812.4
2016-07-07 04:00:00,17.4,98,9.0,0.0,812.5
2016-07-07 05:00:00,17.5,98,7.6,0.0,812.1
2016-07-07 06:00:00,17.5,98,8.2,0.0,812.5
2016-07-07 07:00:00,17.6,98,10.2,1.0,812.4
2016-07-07 08:00:00,18.1,95,11.3,36.0,813.5
2016-07-07 09:00:00,18.4,95,12.6,90.0,813.9
2016-07-07 10:00:00,19.0,93,11.5,218.0,814.6
2016-07-07 11:00:00,19.6,89,12.2,322.0,815.1
2016-07-07 12:00:00,19.7,86,12.7,215.0,814.5
2016-07-07 13:00:00,20.7,81,12.0,353.0,814.4
2016-07-07 14:00:00,21.2,78,11.4,332.0,814.1
2016-07-07 15:00:00,22.0,72,12.7,417.0,813.6
2016-07-07 16:00:00,22.4,71,12.6,483.0,813.7
2016-07-07 17:00:00,22.1,73,11.3,362.0,812.8
2016-07-07 18:00:00,22.0,73,9.7,256.0,812.4
2016-07-07 19:00:00,21.4,75,9.0,151.0,812.6
2016-07-07 20:00:00,20.6,81,5.7,29.0,812.9
2016-07-07 21:00:00,19.3,88,6.2,0.0,812.5
2016-07-07 22:00:00,18.8,90,7.1,0.0,813.0
2016-07-07 23:00:00,18.6,92,7.1,0.0,813.6
2016-07-08 00:00:00,18.3,94,8.2,0.0,813.5
2016-07-08 01:00:00,18.2,94,6.9,0.0,813.6
2016-07-08 02:00:00,18.0,94,7.3,0.0,813.0
2016-07-08 03:00:00,17.8,94,6.6,0.0,812.7
2016-07-08 04:00:00,17.7,95,5.8,0.0,812.4
2016-07-08 05:00:00,17.8,95,5.4,0.0,812.3
2016-07-08 06:00:00,17.7,96,6.3,0.0,812.2
2016-07-08 07:00:00,17.9,94,4.7,6.0,812.4
2016-07-08 08:00:00,18.5,90,5.8,76.0,813.1
2016-07-08 09:00:00,19.5,83,8.5,233.0,813.6
2016-07-08 10:00:00,20.8,76,9.8,342.0,814.1
2016-07-08 11:00:00,21.7,72,11.5,447.0,814.4
2016-07-08 12:00:00,22.7,68,11.6,640.0,813.9
2016-07-08 13:00:00,23.7,64,12.0,751.0,813.5
2016-07-08 14:00:00,24.1,64,13.0,798.0,812.7
2016-07-08 15:00:00,24.7,60,13.2,719.0,812.5
2016-07-08 16:00:00,24.5,62,14.0,610.0,812.0
2016-07-08 17:00:00,24.4,64,11.7,499.0,811.6
2016-07-08 18:00:00,24.1,65,6.0,362.0,811.3
2016-07-08 19:00:00,23.4,69,5.8,209.0,810.7
2016-07-08 20:00:00,22.4,76,6.6,43.0,811.2
2016-07-08 21:00:00,21.1,80,6.3,0.0,810.9
2016-07-08 22:00:00,19.9,89,6.5,0.0,810.7
2016-07-08 23:00:00,18.9,92,6.8,0.0,810.7
2016-07-09 00:00:00,18.5,93,6.7,0.0,810.7
2016-07-09 01:00:00,18.2,94,6.3,0.0,810.8
2016-07-09 02:00:00,17.8,95,5.6,0.0,810.0
2016-07-09 03:00:00,17.4,97,6.1,0.0,809.8
2016-07-09 04:00:00,17.0,98,6.1,0.0,809.4
2016-07-09 05:00:00,17.0,98,5.2,0.0,809.4
2016-07-09 06:00:00,17.3,99,3.9,0.0,809.5
2016-07-09 07:00:00,16.7,100,5.9,10.0,809.4
2016-07-09 08:00:00,18.6,95,8.4,116.0,811.1
2016-07-09 09:00:00,20.1,85,11.0,258.0,812.3
2016-07-09 10:00:00,21.4,78,12.2,440.0,812.9
2016-07-09 11:00:00,22.6,72,12.8,574.0,813.0
2016-07-09 12:00:00,23.6,68,12.9,773.0,812.9
2016-07-09 13:00:00,24.1,65,13.5,693.0,812.3
2016-07-09 14:00:00,24.6,66,14.0,755.0,812.0
2016-07-09 15:00:00,24.7,64,13.5,651.0,811.6
2016-07-09 16:00:00,25.0,65,12.7,645.0,811.1
2016-07-09 17:00:00,24.9,67,10.2,491.0,810.4
2016-07-09 18:00:00,23.7,69,4.5,337.0,808.9
2016-07-09 19:00:00,22.4,75,9.6,154.0,808.5
2016-07-09 20:00:00,21.6,82,6.6,41.0,809.8
2016-07-09 21:00:00,20.6,89,6.2,0.0,810.0
2016-07-09 22:00:00,19.9,92,5.5,0.0,809.6
2016-07-09 23:00:00,19.7,92,5.4,0.0,809.9
2016-07-10 00:00:00,20.0,91,5.2,0.0,809.9
2016-07-10 01:00:00,19.9,92,4.9,0.0,810.1
2016-07-10 02:00:00,18.9,96,5.2,0.0,809.3
2016-07-10 03:00:00,18.8,95,4.7,0.0,809.1
2016-07-10 04:00:00,17.7,98,5.1,0.0,808.3
2016-07-10 05:00:00,17.8,98,4.8,0.0,808.3
2016-07-10 06:00:00,18.4,98,3.7,0.0,809.2
2016-07-10 07:00:00,17.6,100,2.6,11.0,808.7
2016-07-10 08:00:00,18.8,97,4.0,126.0,810.4
2016-07-10 09:00:00,20.4,87,6.6,329.0,810.7
2016-07-10 10:00:00,21.9,77,9.3,525.0,811.5
2016-07-10 11:00:00,23.0,71,9.7,643.0,811.7
2016-07-10 12:00:00,24.1,66,9.9,797.0,811.4
2016-07-10 13:00:00,24.9,62,7.6,839.0,811.4
2016-07-10 14:00:00,25.6,60,7.6,900.0,811.1
2016-07-10 15:00:00,26.1,60,9.7,703.0,810.9
2016-07-10 16:00:00,26.3,61,9.4,676.0,810.2
2016-07-10 17:00:00,25.7,64,7.4,565.0,809.1
2016-07-10 18:00:00,24.6,69,4.9,338.0,807.8
2016-07-10 19:00:00,23.0,75,7.1,187.0,808.8
2016-07-10 20:00:00,21.2,88,5.6,36.0,809.6
2016-07-10 21:00:00,20.3,90,6.3,0.0,810.2
2016-07-10 22:00:00,20.2,89,3.6,0.0,810.7
2016-07-10 23:00:00,19.9,91,1.5,0.0,811.2
2016-07-11 00:00:00,19.5,93,2.9,0.0,811.0
2016-07-11 01:00:00,19.2,95,1.8,0.0,810.7
2016-07-11 02:00:00,17.8,98,0.5,0.0,809.5
2016-07-11 03:00:00,17.1,98,2.9,0.0,809.5
2016-07-11 04:00:00,17.1,99,2.3,0.0,809.2
2016-07-11 05:00:00,16.9,99,2.9,0.0,809.1
2016-07-11 06:00:00,16.7,99,1.8,0.0,810.2
2016-07-11 07:00:00,16.7,99,1.0,6.0,810.4
2016-07-11 08:00:00,18.2,92,4.3,116.0,811.7
2016-07-11 09:00:00,19.6,89,6.2,275.0,811.7
2016-07-11 10:00:00,21.2,81,9.2,406.0,812.3
2016-07-11 11:00:00,22.5,73,9.8,491.0,812.4
2016-07-11 12:00:00,23.6,67,9.1,569.0,812.6
2016-07-11 13:00:00,24.7,62,7.9,714.0,812.5
2016-07-11 14:00:00,25.3,61,8.8,816.0,811.9
2016-07-11 15:00:00,25.8,61,9.7,690.0,811.7
2016-07-11 16:00:00,26.2,62,10.2,711.0,811.5
2016-07-11 17:00:00,25.7,64,10.2,506.0,810.5
2016-07-11 18:00:00,24.7,68,4.9,373.0,810.6
2016-07-11 19:00:00,23.7,71,3.1,197.0,810.1
2016-07-11 20:00:00,22.6,78,6.0,45.0,811.0
2016-07-11 21:00:00,21.8,82,6.1,0.0,811.1
2016-07-11 22:00:00,21.2,86,4.6,0.0,810.6
2016-07-11 23:00:00,21.7,82,3.6,0.0,811.9
2016-07-12 00:00:00,21.2,85,3.3,0.0,811.9
2016-07-12 01:00:00,19.9,92,4.2,0.0,811.1
2016-07-12 02:00:00,19.5,93,2.1,0.0,810.9
2016-07-12 03:00:00,18.7,94,3.1,0.0,810.6
2016-07-12 04:00:00,18.7,94,1.3,0.0,810.4
2016-07-12 05:00:00,18.3,94,2.5,0.0,809.9
2016-07-12 06:00:00,18.2,95,2.3,0.0,810.3
2016-07-12 07:00:00,18.0,97,4.0,5.0,810.3
2016-07-12 08:00:00,19.0,92,4.9,73.0,811.4
2016-07-12 09:00:00,20.0,88,5.7,231.0,811.9
2016-07-12 10:00:00,21.7,79,7.9,385.0,812.8
2016-07-12 11:00:00,22.4,75,9.4,430.0,812.5
2016-07-12 12:00:00,23.7,73,9.5,691.0,812.7
2016-07-12 13:00:00,24.7,72,9.8,805.0,812.6
2016-07-12 14:00:00,25.3,72,9.4,833.0,812.5
2016-07-12 15:00:00,26.0,69,8.7,872.0,812.2
2016-07-12 16:00:00,26.2,69,7.6,778.0,811.4
2016-07-12 17:00:00,26.0,70,8.1,600.0,810.4
2016-07-12 18:00:00,25.3,70,6.1,381.0,810.2
2016-07-12 19:00:00,23.3,74,6.2,181.0,810.0
2016-07-12 20:00:00,22.5,80,6.1,34.0,810.1
2016-07-12 21:00:00,21.7,86,5.6,0.0,810.7
2016-07-12 22:00:00,20.6,93,4.0,0.0,811.1
2016-07-12 23:00:00,20.0,95,1.8,0.0,811.2
2016-07-13 00:00:00,19.6,96,1.3,0.0,810.9
2016-07-13 01:00:00,19.1,96,2.3,0.0,810.2
2016-07-13 02:00:00,18.4,97,2.9,0.0,809.4
2016-07-13 03:00:00,18.8,96,1.8,0.0,809.2
2016-07-13 04:00:00,18.5,96,1.5,0.0,809.3
2016-07-13 05:00:00,19.1,94,2.2,0.0,810.1
2016-07-13 06:00:00,18.0,96,2.7,0.0,809.2
2016-07-13 07:00:00,18.1,98,2.0,4.0,810.0
2016-07-13 08:00:00,19.4,92,3.3,47.0,810.8
2016-07-13 09:00:00,20.2,88,4.7,210.0,811.6
2016-07-13 10:00:00,21.3,86,5.1,330.0,812.3
2016-07-13 11:00:00,22.1,86,5.3,409.0,812.3
2016-07-13 12:00:00,23.5,83,4.7,693.0,812.7
2016-07-13 13:00:00,24.5,81,3.8,806.0,812.6
2016-07-13 14:00:00,25.2,79,3.5,776.0,811.9
2016-07-13 15:00:00,25.8,78,3.7,795.0,811.0
2016-07-13 16:00:00,25.7,78,6.1,733.0,810.3
2016-07-13 17:00:00,25.2,79,6.8,506.0,809.5
2016-07-13 18:00:00,24.5,80,5.9,327.0,809.7
2016-07-13 19:00:00,21.2,86,7.2,121.0,807.6
2016-07-13 20:00:00,20.7,89,7.6,25.0,808.9
2016-07-13 21:00:00,20.3,91,6.4,0.0,809.9
2016-07-13 22:00:00,19.8,93,4.6,0.0,810.4
2016-07-13 23:00:00,19.1,98,5.4,0.0,810.7
2016-07-14 00:00:00,18.8,97,5.4,0.0,810.7
2016-07-14 01:00:00,18.2,98,5.8,0.0,810.3
2016-07-14 02:00:00,18.2,99,5.5,0.0,809.6
2016-07-14 03:00:00,18.4,98,4.7,0.0,809.5
2016-07-14 04:00:00,19.2,92,5.1,0.0,810.0
2016-07-14 05:00:00,18.2,98,4.4,0.0,809.3
2016-07-14 06:00:00,18.5,98,4.7,0.0,809.4
2016-07-14 07:00:00,18.5,99,4.8,5.0,809.9
2016-07-14 08:00:00,19.3,94,4.8,53.0,810.9
2016-07-14 09:00:00,20.1,93,5.3,144.0,811.8
2016-07-14 10:00:00,21.1,91,5.5,288.0,812.2
2016-07-14 11:00:00,21.9,88,5.8,370.0,812.3
2016-07-14 12:00:00,22.7,86,7.0,474.0,812.2
2016-07-14 13:00:00,23.2,85,8.9,454.0,811.6
2016-07-14 14:00:00,24.0,84,10.2,613.0,811.4
2016-07-14 15:00:00,25.1,82,11.5,637.0,810.8
2016-07-14 16:00:00,24.1,85,12.5,602.0,809.5
2016-07-14 17:00:00,23.3,87,13.5,485.0,809.5
2016-07-14 18:00:00,22.8,90,16.6,298.0,809.6
2016-07-14 19:00:00,21.9,94,13.7,137.0,809.5
2016-07-14 20:00:00,20.7,95,9.8,34.0,810.8
2016-07-14 21:00:00,19.9,95,6.5,0.0,811.2
2016-07-14 22:00:00,19.3,97,6.3,0.0,811.8
2016-07-14 23:00:00,18.8,98,5.9,0.0,812.1
2016-07-15 00:00:00,18.6,98,4.8,0.0,812.1
2016-07-15 01:00:00,18.3,98,4.2,0.0,811.8
2016-07-15 02:00:00,18.0,98,5.4,0.0,811.7
2016-07-15 03:00:00,18.1,98,6.5,0.0,811.6
2016-07-15 04:00:00,18.0,98,6.5,0.0,811.6
2016-07-15 05:00:00,17.8,98,6.9,0.0,811.5
2016-07-15 06:00:00,17.6,96,7.0,0.0,811.9
2016-07-15 07:00:00,17.6,87,8.0,1.0,812.3
2016-07-15 08:00:00,17.5,82,8.2,27.0,812.7
2016-07-15 09:00:00,17.5,78,7.8,84.0,813.1
2016-07-15 10:00:00,17.7,76,6.7,143.0,813.5
2016-07-15 11:00:00,18.6,73,6.2,301.0,813.8
2016-07-15 12:00:00,19.7,73,4.4,465.0,813.6
2016-07-15 13:00:00,20.4,75,4.7,489.0,813.0
2016-07-15 14:00:00,21.2,75,6.7,494.0,813.0
2016-07-15 15:00:00,23.1,76,7.2,674.0,813.2
2016-07-15 16:00:00,23.0,76,6.0,443.0,812.3
2016-07-15 17:00:00,22.9,77,9.4,474.0,812.0
2016-07-15 18:00:00,20.9,82,9.0,215.0,811.7
2016-07-15 19:00:00,19.5,95,6.2,119.0,811.1
2016-07-15 20:00:00,18.9,97,4.6,9.0,811.8
2016-07-15 21:00:00,18.5,98,5.1,0.0,812.0
2016-07-15 22:00:00,18.4,98,6.3,0.0,812.7
2016-07-15 23:00:00,18.3,98,6.4,0.0,812.8
2016-07-16 00:00:00,18.1,98,6.4,0.0,812.8
2016-07-16 01:00:00,18.0,98,5.8,0.0,812.3
2016-07-16 02:00:00,17.8,99,5.9,0.0,812.1
2016-07-16 03:00:00,18.0,99,6.6,0.0,811.8
2016-07-16 04:00:00,17.9,99,6.6,0.0,811.4
2016-07-16 05:00:00,18.0,99,6.3,0.0,811.6
2016-07-16 06:00:00,17.9,98,6.6,0.0,811.9
2016-07-16 07:00:00,17.8,99,7.9,1.0,811.9
2016-07-16 08:00:00,18.1,95,7.6,15.0,812.3
2016-07-16 09:00:00,18.0,98,9.0,23.0,812.8
2016-07-16 10:00:00,18.2,98,9.7,64.0,813.0
2016-07-16 11:00:00,18.6,98,11.0,148.0,813.0
2016-07-16 12:00:00,19.2,98,12.8,226.0,813.0
2016-07-16 13:00:00,20.0,94,13.2,362.0,813.2
2016-07-16 14:00:00,21.1,90,14.8,459.0,813.5
2016-07-16 15:00:00,21.2,81,15.5,455.0,813.3
2016-07-16 16:00:00,21.2,80,15.6,329.0,812.5
2016-07-16 17:00:00,21.0,82,16.1,189.0,812.0
2016-07-16 18:00:00,21.3,79,12.6,290.0,812.2
2016-07-16 19:00:00,20.9,83,8.0,144.0,812.1
2016-07-16 20:00:00,20.2,87,7.7,35.0,812.2
2016-07-16 21:00:00,19.7,90,7.9,0.0,813.0
2016-07-16 22:00:00,19.1,92,7.7,0.0,813.2
2016-07-16 23:00:00,18.7,94,8.7,0.0,813.8
2016-07-17 00:00:00,18.5,96,7.4,0.0,813.8
2016-07-17 01:00:00,18.1,98,7.2,0.0,813.5
2016-07-17 02:00:00,17.9,98,7.4,0.0,813.2
2016-07-17 03:00:00,17.5,99,7.0,0.0,812.7
2016-07-17 04:00:00,17.5,98,6.4,0.0,812.5
2016-07-17 05:00:00,17.3,98,6.2,0.0,812.4
2016-07-17 06:00:00,17.4,96,5.0,0.0,812.7
2016-07-17 07:00:00,17.5,95,7.1,4.0,812.7
2016-07-17 08:00:00,17.9,92,10.0,61.0,813.4
2016-07-17 09:00:00,18.9,87,12.4,193.0,814.1
2016-07-17 10:00:00,20.0,81,13.7,281.0,814.7
2016-07-17 11:00:00,20.9,77,14.6,432.0,814.7
2016-07-17 12:00:00,22.0,72,15.9,598.0,814.6
2016-07-17 13:00:00,22.8,72,16.0,615.0,814.2
2016-07-17 14:00:00,23.5,72,15.5,685.0,813.7
2016-07-17 15:00:00,24.2,70,15.3,774.0,813.7
2016-07-17 16:00:00,24.2,71,15.3,593.0,813.0
2016-07-17 17:00:00,22.2,76,15.9,360.0,811.0
2016-07-17 18:00:00,21.5,79,9.7,240.0,811.4
2016-07-17 19:00:00,20.8,83,10.2,75.0,810.8
2016-07-17 20:00:00,20.3,86,6.2,25.0,811.8
2016-07-17 21:00:00,19.8,90,6.5,0.0,811.5
2016-07-17 22:00:00,19.3,92,6.3,0.0,811.1
2016-07-17 23:00:00,19.1,94,7.6,0.0,811.2
2016-07-18 00:00:00,18.7,95,6.9,0.0,811.6
2016-07-18 01:00:00,18.4,97,7.3,0.0,811.6
2016-07-18 02:00:00,18.2,98,9.2,0.0,811.5
2016-07-18 03:00:00,17.9,98,9.2,0.0,810.5
2016-07-18 04:00:00,17.6,99,8.5,0.0,809.9
2016-07-18 05:00:00,17.5,99,9.7,0.0,809.8
2016-07-18 06:00:00,17.5,99,7.9,0.0,810.4
2016-07-18 07:00:00,17.5,98,9.4,5.0,810.5
2016-07-18 08:00:00,17.8,96,11.7,54.0,810.9
2016-07-18 09:00:00,18.7,87,16.3,215.0,811.1
2016-07-18 10:00:00,20.2,80,17.6,347.0,811.5
2016-07-18 11:00:00,20.8,77,18.2,328.0,811.4
2016-07-18 12:00:00,22.1,72,19.9,531.0,811.3
2016-07-18 13:00:00,23.0,69,21.9,611.0,811.3
2016-07-18 14:00:00,23.7,67,22.2,739.0,811.1
2016-07-18 15:00:00,23.4,68,23.0,583.0,810.5
2016-07-18 16:00:00,23.6,69,21.4,516.0,810.0
2016-07-18 17:00:00,23.6,69,20.8,511.0,809.4
2016-07-18 18:00:00,22.8,71,14.7,260.0,809.4
2016-07-18 19:00:00,22.3,74,15.9,147.0,809.4
2016-07-18 20:00:00,21.4,77,10.4,27.0,809.4
2016-07-18 21:00:00,20.7,81,9.9,0.0,809.1
2016-07-18 22:00:00,20.1,83,10.3,0.0,809.3
2016-07-18 23:00:00,19.7,86,7.9,0.0,809.4
2016-07-19 00:00:00,19.3,88,6.9,0.0,809.4
2016-07-19 01:00:00,18.9,90,9.3,0.0,809.9
2016-07-19 02:00:00,18.6,93,10.0,0.0,809.3
2016-07-19 03:00:00,18.0,96,9.8,0.0,808.6
2016-07-19 04:00:00,17.9,97,10.7,0.0,808.3
2016-07-19 05:00:00,17.8,97,10.9,0.0,808.2
2016-07-19 06:00:00,17.8,97,9.2,0.0,808.9
2016-07-19 07:00:00,17.8,96,9.4,3.0,808.8
2016-07-19 08:00:00,18.0,94,10.4,46.0,809.7
2016-07-19 09:00:00,18.7,88,12.5,127.0,810.0
2016-07-19 10:00:00,19.4,85,13.8,228.0,810.7
2016-07-19 11:00:00,20.0,82,14.3,284.0,811.2
2016-07-19 12:00:00,20.3,81,14.5,289.0,811.0
2016-07-19 13:00:00,21.0,81,14.2,381.0,811.4
2016-07-19 14:00:00,21.3,81,13.9,376.0,811.2
2016-07-19 15:00:00,20.8,83,13.9,287.0,810.5
2016-07-19 16:00:00,21.0,83,12.1,282.0,810.2
2016-07-19 17:00:00,20.8,83,11.5,166.0,809.4
2016-07-19 18:00:00,21.2,81,11.9,252.0,809.8
2016-07-19 19:00:00,20.9,81,10.8,134.0,809.9
2016-07-19 20:00:00,20.2,83,6.8,18.0,810.6
2016-07-19 21:00:00,19.8,85,6.4,0.0,811.2
2016-07-19 22:00:00,19.6,86,5.0,0.0,811.4
2016-07-19 23:00:00,19.1,87,4.8,0.0,811.9
2016-07-20 00:00:00,18.8,89,5.5,0.0,811.5
2016-07-20 01:00:00,18.4,90,6.2,0.0,811.3
2016-07-20 02:00:00,18.1,92,6.6,0.0,810.6
2016-07-20 03:00:00,18.3,90,6.6,0.0,810.6
2016-07-20 04:00:00,18.2,91,6.1,0.0,810.3
2016-07-20 05:00:00,17.5,98,5.3,0.0,810.0
2016-07-20 06:00:00,17.4,98,3.9,0.0,810.5
2016-07-20 07:00:00,17.4,98,5.3,1.0,810.3
2016-07-20 08:00:00,18.0,94,5.6,15.0,811.3
2016-07-20 09:00:00,18.3,93,5.9,53.0,811.9
2016-07-20 10:00:00,18.8,93,7.3,109.0,812.4
2016-07-20 11:00:00,19.2,93,8.5,144.0,812.9
2016-07-20 12:00:00,20.9,89,9.9,477.0,813.3
2016-07-20 13:00:00,21.6,86,10.7,519.0,813.7
2016-07-20 14:00:00,21.8,85,11.2,466.0,813.0
2016-07-20 15:00:00,22.1,82,11.5,587.0,812.7
2016-07-20 16:00:00,22.6,79,12.3,605.0,811.9
2016-07-20 17:00:00,22.6,77,9.1,421.0,811.6
2016-07-20 18:00:00,21.2,78,7.5,236.0,811.5
2016-07-20 19:00:00,20.4,80,8.6,102.0,811.4
2016-07-20 20:00:00,19.8,86,7.6,22.0,811.6
2016-07-20 21:00:00,19.2,88,6.8,0.0,812.1
2016-07-20 22:00:00,18.7,90,6.5,0.0,812.2
2016-07-20 23:00:00,18.6,92,6.4,0.0,812.6
2016-07-21 00:00:00,18.3,94,7.1,0.0,812.2
2016-07-21 01:00:00,17.9,96,5.9,0.0,812.1
2016-07-21 02:00:00,17.6,98,6.1,0.0,811.3
2016-07-21 03:00:00,17.5,97,6.6,0.0,811.6
2016-07-21 04:00:00,17.3,98,6.4,0.0,811.2
2016-07-21 05:00:00,17.1,99,6.4,0.0,811.3
2016-07-21 06:00:00,17.1,99,5.9,0.0,811.7
2016-07-21 07:00:00,17.1,99,7.5,4.0,811.7
2016-07-21 08:00:00,17.4,96,9.8,78.0,812.5
2016-07-21 09:00:00,17.8,93,11.0,112.0,813.2
2016-07-21 10:00:00,18.7,90,11.1,181.0,813.7
2016-07-21 11:00:00,19.3,89,13.2,191.0,813.9
2016-07-21 12:00:00,20.0,88,14.0,306.0,813.8
2016-07-21 13:00:00,21.1,85,15.1,447.0,814.3
2016-07-21 14:00:00,22.3,81,16.4,653.0,814.4
2016-07-21 15:00:00,23.1,73,16.1,719.0,814.4
2016-07-21 16:00:00,23.1,74,15.4,673.0,813.7
2016-07-21 17:00:00,21.9,76,17.1,418.0,813.0
2016-07-21 18:00:00,21.1,77,13.1,253.0,812.3
2016-07-21 19:00:00,20.4,81,15.1,154.0,812.9
2016-07-21 20:00:00,19.7,84,12.7,33.0,813.3
2016-07-21 21:00:00,19.2,87,11.6,0.0,813.6
2016-07-21 22:00:00,18.9,88,9.3,0.0,814.1
2016-07-21 23:00:00,18.6,89,9.8,0.0,814.2
2016-07-22 00:00:00,18.1,91,10.5,0.0,813.9
2016-07-22 01:00:00,17.6,94,9.7,0.0,813.6
2016-07-22 02:00:00,17.3,95,8.8,0.0,813.1
2016-07-22 03:00:00,17.1,96,9.3,0.0,813.0
2016-07-22 04:00:00,16.8,97,9.3,0.0,812.6
2016-07-22 05:00:00,16.8,97,9.5,0.0,812.7
2016-07-22 06:00:00,16.8,97,10.2,0.0,813.3
2016-07-22 07:00:00,16.8,97,10.3,3.0,813.2
2016-07-22 08:00:00,17.1,95,13.7,63.0,813.6
2016-07-22 09:00:00,17.8,89,16.0,220.0,814.2
2016-07-22 10:00:00,19.3,79,16.8,359.0,814.9
2016-07-22 11:00:00,20.4,73,18.7,424.0,815.3
2016-07-22 12:00:00,21.0,73,18.2,511.0,815.2
2016-07-22 13:00:00,21.2,74,18.2,445.0,815.1
2016-07-22 14:00:00,20.8,77,16.2,355.0,814.9
2016-07-22 15:00:00,19.8,79,17.0,171.0,814.0
2016-07-22 16:00:00,19.8,79,15.9,190.0,813.7
2016-07-22 17:00:00,19.8,79,14.6,130.0,813.0
2016-07-22 18:00:00,19.5,82,10.7,76.0,811.9
2016-07-22 19:00:00,19.5,82,9.4,105.0,812.1
2016-07-22 20:00:00,19.1,84,6.0,18.0,813.0
2016-07-22 21:00:00,18.6,86,6.9,0.0,812.9
2016-07-22 22:00:00,18.3,88,7.7,0.0,813.6
2016-07-22 23:00:00,18.0,90,8.1,0.0,814.0
2016-07-23 00:00:00,17.6,92,9.0,0.0,813.8
2016-07-23 01:00:00,17.4,93,8.4,0.0,813.6
2016-07-23 02:00:00,17.1,95,7.9,0.0,813.0
2016-07-23 03:00:00,17.1,95,7.6,0.0,812.7
2016-07-23 04:00:00,16.8,96,8.1,0.0,812.4
2016-07-23 05:00:00,16.6,97,8.1,0.0,812.2
2016-07-23 06:00:00,16.4,98,6.3,0.0,812.9
2016-07-23 07:00:00,16.4,98,6.1,5.0,812.4
2016-07-23 08:00:00,17.0,98,9.9,58.0,813.9
2016-07-23 09:00:00,17.2,95,12.6,154.0,813.4
2016-07-23 10:00:00,18.8,83,12.5,418.0,814.8
2016-07-23 11:00:00,19.8,77,14.0,433.0,815.5
2016-07-23 12:00:00,20.7,76,16.3,586.0,815.6
2016-07-23 13:00:00,21.5,78,16.9,724.0,816.1
2016-07-23 14:00:00,21.9,78,15.4,699.0,815.5
2016-07-23 15:00:00,20.6,77,15.1,378.0,814.1
2016-07-23 16:00:00,20.7,76,14.8,332.0,813.2
2016-07-23 17:00:00,21.1,76,17.1,443.0,813.2
2016-07-23 18:00:00,20.8,77,15.8,294.0,813.0
2016-07-23 19:00:00,19.5,82,14.0,150.0,812.9
2016-07-23 20:00:00,19.0,85,10.0,28.0,813.1
2016-07-23 21:00:00,18.7,87,7.9,0.0,813.7
2016-07-23 22:00:00,18.1,90,7.7,0.0,813.9
2016-07-23 23:00:00,17.7,92,7.1,0.0,813.7
2016-07-24 00:00:00,17.3,94,7.7,0.0,813.6
2016-07-24 01:00:00,16.9,95,8.2,0.0,813.3
2016-07-24 02:00:00,16.6,97,7.7,0.0,813.0
2016-07-24 03:00:00,16.3,98,8.4,0.0,812.5
2016-07-24 04:00:00,16.2,98,8.7,0.0,812.3
2016-07-24 05:00:00,16.1,98,8.7,0.0,812.3
2016-07-24 06:00:00,16.1,98,7.4,0.0,812.9
2016-07-24 07:00:00,16.0,98,7.1,5.0,813.0
2016-07-24 08:00:00,16.3,96,9.2,69.0,813.5
2016-07-24 09:00:00,17.7,87,12.7,195.0,814.0
2016-07-24 10:00:00,19.2,78,14.6,346.0,815.0
2016-07-24 11:00:00,20.3,72,15.8,454.0,815.3
2016-07-24 12:00:00,21.2,67,15.8,618.0,815.5
2016-07-24 13:00:00,22.0,64,15.6,770.0,815.5
2016-07-24 14:00:00,22.4,63,15.2,781.0,815.3
2016-07-24 15:00:00,22.6,61,15.2,695.0,814.8
2016-07-24 16:00:00,22.3,63,15.1,563.0,814.5
2016-07-24 17:00:00,21.6,67,13.3,389.0,814.1
2016-07-24 18:00:00,21.5,66,12.3,347.0,814.0
2016-07-24 19:00:00,20.7,71,9.1,145.0,813.7
2016-07-24 20:00:00,19.9,77,6.4,33.0,813.6
2016-07-24 21:00:00,19.2,81,6.9,0.0,814.0
2016-07-24 22:00:00,18.3,87,7.0,0.0,814.4
2016-07-24 23:00:00,17.4,91,7.3,0.0,814.6
2016-07-25 00:00:00,16.8,92,6.2,0.0,814.5
2016-07-25 01:00:00,16.5,93,5.0,0.0,814.5
2016-07-25 02:00:00,16.6,94,4.5,0.0,814.3
2016-07-25 03:00:00,17.3,91,4.4,0.0,814.6
2016-07-25 04:00:00,17.0,93,3.6,0.0,814.4
2016-07-25 05:00:00,16.8,94,2.9,0.0,814.2
2016-07-25 06:00:00,16.6,96,1.8,0.0,814.5
2016-07-25 07:00:00,16.4,96,1.5,7.0,814.7
2016-07-25 08:00:00,16.3,97,1.9,117.0,815.2
2016-07-25 09:00:00,19.2,84,3.9,310.0,817.2
2016-07-25 10:00:00,20.8,75,6.0,512.0,818.0
2016-07-25 11:00:00,22.0,69,7.8,657.0,818.3
2016-07-25 12:00:00,23.0,64,8.8,807.0,818.2
2016-07-25 13:00:00,23.8,60,8.9,896.0,818.0
2016-07-25 14:00:00,24.4,58,9.4,888.0,817.7
2016-07-25 15:00:00,24.8,57,9.4,900.0,817.6
2016-07-25 16:00:00,24.8,57,9.7,672.0,816.9
2016-07-25 17:00:00,24.8,57,9.4,550.0,816.5
2016-07-25 18:00:00,24.4,59,8.1,350.0,815.6
2016-07-25 19:00:00,23.8,63,4.6,180.0,814.7
2016-07-25 20:00:00,22.3,77,5.7,46.0,814.2
2016-07-25 21:00:00,21.3,79,5.6,0.0,814.7
2016-07-25 22:00:00,21.6,75,4.7,0.0,815.7
2016-07-25 23:00:00,21.0,79,4.3,0.0,816.0
2016-07-26 00:00:00,20.5,82,4.8,0.0,816.2
2016-07-26 01:00:00,20.2,84,5.1,0.0,816.0
2016-07-26 02:00:00,19.8,86,4.7,0.0,815.5
2016-07-26 03:00:00,19.6,86,5.0,0.0,815.3
2016-07-26 04:00:00,19.3,88,4.0,0.0,814.9
2016-07-26 05:00:00,18.8,91,2.2,0.0,814.7
2016-07-26 06:00:00,18.6,91,2.6,0.0,814.4
2016-07-26 07:00:00,18.4,92,0.4,6.0,815.1
2016-07-26 08:00:00,19.4,88,1.0,116.0,816.1
2016-07-26 09:00:00,21.4,76,3.4,309.0,816.9
2016-07-26 10:00:00,22.8,69,6.7,534.0,817.8
2016-07-26 11:00:00,23.8,65,7.9,749.0,817.7
2016-07-26 12:00:00,24.4,62,8.0,743.0,817.7
2016-07-26 13:00:00,25.2,60,7.9,835.0,817.5
2016-07-26 14:00:00,26.0,59,8.1,942.0,817.4
2016-07-26 15:00:00,26.3,63,8.2,911.0,817.0
2016-07-26 16:00:00,26.3,63,8.6,751.0,816.2
2016-07-26 17:00:00,26.1,64,6.8,612.0,815.6
2016-07-26 18:00:00,24.2,66,7.3,364.0,815.1
2016-07-26 19:00:00,22.5,74,5.1,143.0,814.5
2016-07-26 20:00:00,21.5,80,3.3,35.0,814.4
2016-07-26 21:00:00,20.6,87,1.3,0.0,813.7
2016-07-26 22:00:00,19.7,91,1.5,0.0,813.9
2016-07-26 23:00:00,19.4,92,2.2,0.0,814.2
2016-07-27 00:00:00,19.5,92,3.2,0.0,814.5
2016-07-27 01:00:00,19.1,94,3.1,0.0,814.3
2016-07-27 02:00:00,17.7,97,3.7,0.0,813.6
2016-07-27 03:00:00,19.1,92,1.4,0.0,814.5
2016-07-27 04:00:00,18.5,94,2.5,0.0,813.9
2016-07-27 05:00:00,18.0,96,3.3,0.0,813.4
2016-07-27 06:00:00,17.8,97,2.0,0.0,813.6
2016-07-27 07:00:00,17.8,96,2.9,5.0,813.5
2016-07-27 08:00:00,18.5,95,3.8,101.0,814.5
2016-07-27 09:00:00,20.6,85,2.4,283.0,816.0
2016-07-27 10:00:00,21.8,80,3.8,507.0,817.0
2016-07-27 11:00:00,23.0,77,5.5,705.0,817.3
2016-07-27 12:00:00,23.9,77,6.5,807.0,817.1
2016-07-27 13:00:00,24.8,75,6.3,908.0,816.9
2016-07-27 14:00:00,25.3,74,6.8,915.0,816.3
2016-07-27 15:00:00,25.3,72,8.9,759.0,815.6
2016-07-27 16:00:00,24.5,74,7.8,672.0,814.6
2016-07-27 17:00:00,24.1,75,6.1,490.0,813.9
2016-07-27 18:00:00,23.2,76,0.8,240.0,813.8
2016-07-27 19:00:00,20.6,82,6.4,102.0,813.2
2016-07-27 20:00:00,19.3,88,7.3,25.0,813.8
2016-07-27 21:00:00,18.8,91,7.9,0.0,814.3
2016-07-27 22:00:00,18.4,93,8.4,0.0,814.5
2016-07-27 23:00:00,18.1,94,6.9,0.0,814.7
2016-07-28 00:00:00,17.7,95,5.7,0.0,814.3
2016-07-28 01:00:00,17.4,96,5.5,0.0,814.3
2016-07-28 02:00:00,17.0,97,5.8,0.0,813.8
2016-07-28 03:00:00,17.2,94,5.4,0.0,813.5
2016-07-28 04:00:00,17.1,93,5.8,0.0,813.6
2016-07-28 05:00:00,17.0,94,6.8,0.0,813.7
2016-07-28 06:00:00,16.6,96,7.1,0.0,813.6
2016-07-28 07:00:00,15.5,99,8.1,4.0,813.4
2016-07-28 08:00:00,17.6,92,9.1,98.0,815.0
2016-07-28 09:00:00,18.6,86,9.7,263.0,815.6
2016-07-28 10:00:00,20.0,78,11.3,485.0,816.4
2016-07-28 11:00:00,20.9,73,11.6,574.0,816.7
2016-07-28 12:00:00,21.9,68,12.3,741.0,816.7
2016-07-28 13:00:00,22.5,65,13.0,860.0,816.3
2016-07-28 14:00:00,22.7,64,13.7,753.0,815.8
2016-07-28 15:00:00,22.2,62,14.8,631.0,814.9
2016-07-28 16:00:00,21.9,62,18.0,618.0,813.6
2016-07-28 17:00:00,21.3,64,19.5,390.0,813.2
2016-07-28 18:00:00,20.7,67,19.5,229.0,813.7
2016-07-28 19:00:00,20.0,72,15.4,154.0,813.6
2016-07-28 20:00:00,19.2,76,8.3,38.0,814.1
2016-07-28 21:00:00,18.6,78,9.4,0.0,814.8
2016-07-28 22:00:00,18.3,79,11.2,0.0,815.4
2016-07-28 23:00:00,18.0,80,12.6,0.0,815.3
2016-07-29 00:00:00,17.5,83,11.6,0.0,815.3
2016-07-29 01:00:00,17.0,86,12.0,0.0,814.9
2016-07-29 02:00:00,16.6,88,11.8,0.0,814.3
2016-07-29 03:00:00,16.3,90,12.1,0.0,813.6
2016-07-29 04:00:00,16.2,91,10.4,0.0,813.5
2016-07-29 05:00:00,16.2,91,9.8,0.0,813.5
2016-07-29 06:00:00,16.2,90,10.2,0.0,813.7
2016-07-29 07:00:00,16.2,90,10.5,2.0,813.8
2016-07-29 08:00:00,16.5,88,11.0,39.0,814.5
2016-07-29 09:00:00,17.3,84,12.8,175.0,814.6
2016-07-29 10:00:00,18.0,81,12.2,252.0,815.2
2016-07-29 11:00:00,18.7,78,11.0,328.0,815.7
2016-07-29 12:00:00,19.2,77,10.3,424.0,815.6
2016-07-29 13:00:00,19.8,75,9.8,585.0,815.5
2016-07-29 14:00:00,20.4,73,9.1,629.0,815.3
2016-07-29 15:00:00,21.0,77,10.0,585.0,814.7
2016-07-29 16:00:00,21.3,76,12.5,588.0,813.7
2016-07-29 17:00:00,21.2,76,14.9,547.0,813.2
2016-07-29 18:00:00,20.3,77,13.0,300.0,812.3
2016-07-29 19:00:00,19.7,79,8.9,174.0,813.0
2016-07-29 20:00:00,19.0,83,9.0,25.0,813.3
2016-07-29 21:00:00,18.5,85,7.4,0.0,813.8
2016-07-29 22:00:00,18.0,87,7.1,0.0,814.4
2016-07-29 23:00:00,17.5,89,5.8,0.0,814.7
2016-07-30 00:00:00,17.4,88,5.8,0.0,815.0
2016-07-30 01:00:00,17.2,89,6.6,0.0,814.6
2016-07-30 02:00:00,17.1,90,7.9,0.0,814.4
2016-07-30 03:00:00,16.8,94,8.0,0.0,813.8
2016-07-30 04:00:00,16.7,96,8.3,0.0,814.0
2016-07-30 05:00:00,16.3,96,7.2,0.0,813.5
2016-07-30 06:00:00,16.1,99,3.8,0.0,813.8
2016-07-30 07:00:00,16.0,99,4.7,3.0,814.0
2016-07-30 08:00:00,16.9,95,5.3,45.0,815.1
2016-07-30 09:00:00,17.9,94,4.6,165.0,816.0
2016-07-30 10:00:00,19.3,91,5.1,379.0,816.6
2016-07-30 11:00:00,20.9,87,6.7,617.0,817.4
2016-07-30 12:00:00,21.8,84,8.3,670.0,817.3
2016-07-30 13:00:00,22.5,82,9.6,673.0,816.9
2016-07-30 14:00:00,22.8,80,10.7,648.0,816.2
2016-07-30 15:00:00,22.8,79,10.6,600.0,815.6
2016-07-30 16:00:00,21.7,80,9.3,392.0,814.3
2016-07-30 17:00:00,21.8,80,8.7,284.0,814.1
2016-07-30 18:00:00,21.1,81,5.5,165.0,812.9
2016-07-30 19:00:00,19.0,86,7.2,125.0,813.6
2016-07-30 20:00:00,18.6,90,2.5,21.0,814.2
2016-07-30 21:00:00,18.2,92,0.7,0.0,814.0
2016-07-30 22:00:00,18.2,92,1.1,0.0,814.3
2016-07-30 23:00:00,17.0,96,4.0,0.0,814.0
2016-07-31 00:00:00,16.2,98,3.9,0.0,813.9
2016-07-31 01:00:00,17.3,95,3.1,0.0,814.5
2016-07-31 02:00:00,16.5,98,3.2,0.0,813.8
2016-07-31 03:00:00,17.1,96,2.7,0.0,814.0
2016-07-31 04:00:00,15.6,95,3.8,0.0,813.3
2016-07-31 05:00:00,15.8,95,2.9,0.0,813.4
2016-07-31 06:00:00,15.7,97,2.2,0.0,813.7
2016-07-31 07:00:00,16.0,96,2.6,3.0,814.0
2016-07-31 08:00:00,17.1,93,2.5,61.0,815.0
2016-07-31 09:00:00,18.2,88,3.2,199.0,815.6
2016-07-31 10:00:00,19.8,79,3.9,372.0,816.4
2016-07-31 11:00:00,21.2,75,4.2,637.0,816.9
2016-07-31 12:00:00,22.5,73,5.4,818.0,817.0
2016-07-31 13:00:00,23.4,72,6.4,915.0,816.6
2016-07-31 14:00:00,24.0,72,7.1,899.0,816.0
2016-07-31 15:00:00,24.2,74,7.2,770.0,815.4
2016-07-31 16:00:00,24.5,73,7.6,716.0,814.4
2016-07-31 17:00:00,24.3,73,8.7,523.0,813.4
2016-07-31 18:00:00,22.9,74,1.4,376.0,813.4
2016-07-31 19:00:00,21.0,80,1.9,183.0,812.7
2016-07-31 20:00:00,20.4,83,5.1,32.0,813.4
2016-07-31 21:00:00,19.8,89,4.1,0.0,814.1
2016-07-31 22:00:00,18.2,94,4.4,0.0,813.8
2016-07-31 23:00:00,17.3,96,5.8,0.0,814.2
2016-08-01 00:00:00,16.7,98,4.6,0.0,814.1
2016-08-01 01:00:00,16.1,99,3.6,0.0,813.5
2016-08-01 02:00:00,15.8,99,3.3,0.0,812.9
2016-08-01 03:00:00,15.9,99,4.7,0.0,812.1
2016-08-01 04:00:00,17.2,98,0.0,0.0,813.3
2016-08-01 05:00:00,16.9,97,2.1,0.0,813.0
2016-08-01 06:00:00,15.4,99,5.8,0.0,812.4
2016-08-01 07:00:00,15.4,100,5.8,3.0,812.3
2016-08-01 08:00:00,17.5,95,4.7,81.0,813.8
2016-08-01 09:00:00,18.8,90,4.7,236.0,814.5
2016-08-01 10:00:00,20.4,82,4.5,417.0,815.3
2016-08-01 11:00:00,21.7,76,3.3,555.0,815.9
2016-08-01 12:00:00,23.1,72,2.9,801.0,815.8
2016-08-01 13:00:00,24.0,70,0.8,822.0,815.7
2016-08-01 14:00:00,24.7,69,2.3,959.0,815.3
2016-08-01 15:00:00,25.2,69,5.5,889.0,815.0
2016-08-01 16:00:00,25.2,69,7.2,737.0,814.1
2016-08-01 17:00:00,24.4,69,11.5,607.0,812.6
2016-08-01 18:00:00,23.0,69,5.2,347.0,812.7
2016-08-01 19:00:00,21.8,76,1.8,154.0,812.4
2016-08-01 20:00:00,21.2,81,0.8,29.0,812.6
2016-08-01 21:00:00,20.7,84,2.3,0.0,813.0
2016-08-01 22:00:00,20.4,87,1.5,0.0,813.4
2016-08-01 23:00:00,19.5,91,2.3,0.0,813.0
2016-08-02 00:00:00,19.7,91,2.1,0.0,813.4
2016-08-02 01:00:00,19.3,93,1.3,0.0,813.1
2016-08-02 02:00:00,19.1,95,1.1,0.0,812.4
2016-08-02 03:00:00,19.1,94,3.0,0.0,811.9
2016-08-02 04:00:00,17.1,98,4.2,0.0,810.5
2016-08-02 05:00:00,16.5,98,4.9,0.0,810.3
2016-08-02 06:00:00,17.1,97,5.1,0.0,810.6
2016-08-02 07:00:00,17.5,95,4.4,4.0,811.2
2016-08-02 08:00:00,18.2,95,4.0,89.0,812.1
2016-08-02 09:00:00,21.0,81,4.0,300.0,813.8
2016-08-02 10:00:00,22.4,74,4.7,511.0,814.6
2016-08-02 11:00:00,23.4,72,5.1,689.0,814.7
2016-08-02 12:00:00,24.3,71,5.2,819.0,814.9
2016-08-02 13:00:00,25.1,70,5.2,927.0,814.2
2016-08-02 14:00:00,25.6,69,5.0,896.0,813.7
2016-08-02 15:00:00,25.8,61,4.1,789.0,812.9
2016-08-02 16:00:00,25.5,62,3.5,611.0,811.7
2016-08-02 17:00:00,25.3,62,4.8,491.0,810.6
2016-08-02 18:00:00,25.1,62,6.1,341.0,811.1
2016-08-02 19:00:00,23.5,67,6.8,171.0,809.7
2016-08-02 20:00:00,22.1,75,5.0,31.0,810.0
2016-08-02 21:00:00,20.9,85,6.2,0.0,809.6
2016-08-02 22:00:00,19.7,89,5.6,0.0,810.4
2016-08-02 23:00:00,19.0,91,5.9,0.0,810.4
2016-08-03 00:00:00,18.8,91,6.1,0.0,810.8
2016-08-03 01:00:00,18.3,92,5.4,0.0,810.9
2016-08-03 02:00:00,19.1,88,3.8,0.0,810.8
2016-08-03 03:00:00,19.2,83,3.4,0.0,810.6
2016-08-03 04:00:00,19.0,85,3.6,0.0,810.3
2016-08-03 05:00:00,18.8,86,3.2,0.0,810.2
2016-08-03 06:00:00,18.5,88,4.0,0.0,810.4
2016-08-03 07:00:00,18.0,92,3.3,3.0,810.1
2016-08-03 08:00:00,18.5,94,4.0,107.0,810.8
2016-08-03 09:00:00,20.1,87,4.4,284.0,812.2
2016-08-03 10:00:00,21.4,82,6.1,465.0,813.3
2016-08-03 11:00:00,22.6,80,8.0,657.0,813.6
2016-08-03 12:00:00,23.7,77,10.5,769.0,813.4
2016-08-03 13:00:00,24.5,74,11.5,794.0,812.9
2016-08-03 14:00:00,25.1,72,11.3,774.0,812.4
2016-08-03 15:00:00,25.2,64,10.0,592.0,811.9
2016-08-03 16:00:00,25.3,63,10.0,552.0,811.3
2016-08-03 17:00:00,25.1,61,13.8,486.0,810.2
2016-08-03 18:00:00,24.4,62,10.0,294.0,810.6
2016-08-03 19:00:00,23.7,64,7.3,134.0,810.2
2016-08-03 20:00:00,22.7,68,3.9,27.0,810.4
2016-08-03 21:00:00,21.6,74,6.5,0.0,810.7
2016-08-03 22:00:00,20.8,77,5.2,0.0,811.1
2016-08-03 23:00:00,20.0,81,6.2,0.0,811.0
2016-08-04 00:00:00,19.6,83,5.4,0.0,811.5
2016-08-04 01:00:00,19.9,80,6.5,0.0,811.6
2016-08-04 02:00:00,20.1,77,6.6,0.0,811.3
2016-08-04 03:00:00,18.7,82,5.4,0.0,810.3
2016-08-04 04:00:00,18.0,85,5.2,0.0,809.9
2016-08-04 05:00:00,17.9,86,5.0,0.0,809.9
2016-08-04 06:00:00,18.1,84,3.6,0.0,809.8
2016-08-04 07:00:00,18.6,80,3.0,2.0,810.8
2016-08-04 08:00:00,18.3,87,1.9,54.0,811.1
2016-08-04 09:00:00,20.1,75,1.3,196.0,812.4
2016-08-04 10:00:00,21.6,72,2.3,470.0,813.5
2016-08-04 11:00:00,22.6,70,4.8,600.0,813.9
2016-08-04 12:00:00,23.2,71,7.6,653.0,814.1
2016-08-04 13:00:00,23.2,71,6.4,434.0,813.6
2016-08-04 14:00:00,22.2,73,7.2,285.0,812.5
2016-08-04 15:00:00,22.1,74,9.7,361.0,811.7
2016-08-04 16:00:00,21.2,76,15.6,464.0,811.3
2016-08-04 17:00:00,20.8,79,11.2,165.0,811.1
2016-08-04 18:00:00,21.0,78,7.9,143.0,811.2
2016-08-04 19:00:00,20.7,79,6.5,74.0,811.4
2016-08-04 20:00:00,20.2,82,4.4,15.0,811.9
2016-08-04 21:00:00,19.6,85,4.5,0.0,812.4
2016-08-04 22:00:00,19.3,87,5.2,0.0,813.1
2016-08-04 23:00:00,18.3,97,6.1,0.0,813.1
2016-08-05 00:00:00,18.3,97,6.9,0.0,813.4
2016-08-05 01:00:00,18.3,98,6.5,0.0,813.3
2016-08-05 02:00:00,18.3,97,6.9,0.0,812.9
2016-08-05 03:00:00,17.9,98,6.3,0.0,812.6
2016-08-05 04:00:00,17.7,97,5.4,0.0,812.3
2016-08-05 05:00:00,17.7,98,6.1,0.0,812.4
2016-08-05 06:00:00,17.6,98,5.2,0.0,812.8
2016-08-05 07:00:00,17.6,99,6.6,0.0,813.1
2016-08-05 08:00:00,18.1,96,7.2,7.0,813.9
2016-08-05 09:00:00,17.9,98,7.7,40.0,814.2
2016-08-05 10:00:00,18.2,98,7.4,66.0,814.7
2016-08-05 11:00:00,18.2,98,6.2,71.0,814.9
2016-08-05 12:00:00,18.9,95,5.1,150.0,815.3
2016-08-05 13:00:00,20.5,91,4.6,379.0,815.4
2016-08-05 14:00:00,21.2,89,5.6,466.0,815.2
2016-08-05 15:00:00,22.2,86,4.8,583.0,814.9
2016-08-05 16:00:00,22.3,84,6.9,471.0,814.2
2016-08-05 17:00:00,20.7,86,9.7,390.0,813.4
2016-08-05 18:00:00,19.1,95,7.2,154.0,812.9
2016-08-05 19:00:00,18.5,98,3.0,43.0,812.6
2016-08-05 20:00:00,18.4,98,4.7,16.0,813.4
2016-08-05 21:00:00,17.8,98,4.8,0.0,813.7
2016-08-05 22:00:00,17.8,97,4.8,0.0,814.2
2016-08-05 23:00:00,17.3,98,4.6,0.0,814.2
2016-08-06 00:00:00,17.2,98,4.0,0.0,814.1
2016-08-06 01:00:00,17.3,98,4.9,0.0,814.4
2016-08-06 02:00:00,17.3,98,4.0,0.0,813.9
2016-08-06 03:00:00,17.2,97,3.1,0.0,813.5
2016-08-06 04:00:00,17.0,98,3.9,0.0,813.6
2016-08-06 05:00:00,16.9,98,2.8,0.0,813.4
2016-08-06 06:00:00,17.1,97,1.8,0.0,813.4
2016-08-06 07:00:00,17.1,96,1.5,1.0,813.4
2016-08-06 08:00:00,17.9,92,1.3,51.0,814.2
2016-08-06 09:00:00,18.7,92,1.8,165.0,815.1
2016-08-06 10:00:00,19.7,92,3.7,280.0,815.7
2016-08-06 11:00:00,20.8,90,4.7,403.0,816.1
2016-08-06 12:00:00,21.7,88,5.1,484.0,815.7
2016-08-06 13:00:00,22.9,85,5.4,726.0,815.5
2016-08-06 14:00:00,23.2,83,6.4,703.0,814.8
2016-08-06 15:00:00,23.9,80,7.4,657.0,814.3
2016-08-06 16:00:00,22.0,81,9.3,490.0,812.9
2016-08-06 17:00:00,22.0,81,4.8,323.0,813.2
2016-08-06 18:00:00,20.6,85,4.6,131.0,812.7
2016-08-06 19:00:00,19.6,90,4.7,52.0,812.8
2016-08-06 20:00:00,19.5,91,3.9,9.0,812.8
2016-08-06 21:00:00,19.0,94,2.3,0.0,813.1
2016-08-06 22:00:00,19.0,93,2.9,0.0,813.4
2016-08-06 23:00:00,18.9,94,3.7,0.0,813.2
2016-08-07 00:00:00,17.7,96,1.8,0.0,812.8
2016-08-07 01:00:00,17.3,97,0.5,0.0,812.4
2016-08-07 02:00:00,16.9,98,1.1,0.0,812.0
2016-08-07 03:00:00,16.8,99,4.3,0.0,811.8
2016-08-07 04:00:00,16.9,99,3.4,0.0,811.7
2016-08-07 05:00:00,17.0,99,4.1,0.0,811.7
2016-08-07 06:00:00,17.0,99,5.6,0.0,811.6
2016-08-07 07:00:00,17.0,99,3.7,2.0,811.8
2016-08-07 08:00:00,17.8,96,2.9,33.0,812.8
2016-08-07 09:00:00,17.8,98,2.3,103.0,813.2
2016-08-07 10:00:00,19.3,91,2.3,133.0,814.5
2016-08-07 11:00:00,19.0,96,3.7,173.0,814.6
2016-08-07 12:00:00,19.4,92,4.9,290.0,814.6
2016-08-07 13:00:00,20.3,89,6.2,330.0,814.6
2016-08-07 14:00:00,21.1,85,6.6,485.0,813.9
2016-08-07 15:00:00,21.0,71,6.9,489.0,813.2
2016-08-07 16:00:00,21.5,68,6.6,536.0,812.5
2016-08-07 17:00:00,21.7,67,6.4,492.0,811.9
2016-08-07 18:00:00,21.7,66,8.7,346.0,811.6
2016-08-07 19:00:00,21.2,69,6.3,177.0,812.4
2016-08-07 20:00:00,20.2,76,5.6,30.0,812.4
2016-08-07 21:00:00,18.8,86,3.4,0.0,812.1
2016-08-07 22:00:00,19.4,80,4.1,0.0,812.6
2016-08-07 23:00:00,19.0,84,3.3,0.0,813.1
2016-08-08 00:00:00,18.1,89,2.3,0.0,812.9
2016-08-08 01:00:00,17.7,93,1.5,0.0,812.6
2016-08-08 02:00:00,16.3,99,1.9,0.0,811.5
2016-08-08 03:00:00,17.4,94,2.6,0.0,811.8
2016-08-08 04:00:00,16.1,97,3.6,0.0,810.9
2016-08-08 05:00:00,15.1,100,4.3,0.0,810.0
2016-08-08 06:00:00,14.9,100,4.5,0.0,810.4
2016-08-08 07:00:00,15.0,100,2.9,3.0,810.5
2016-08-08 08:00:00,16.4,97,1.4,75.0,811.6
2016-08-08 09:00:00,17.8,96,1.5,210.0,812.9
2016-08-08 10:00:00,20.1,81,2.2,425.0,814.1
2016-08-08 11:00:00,21.9,70,2.9,676.0,814.8
2016-08-08 12:00:00,23.1,64,3.0,794.0,814.5
2016-08-08 13:00:00,24.1,59,4.9,934.0,814.5
2016-08-08 14:00:00,24.2,57,5.9,789.0,813.6
2016-08-08 15:00:00,24.4,54,6.9,622.0,813.2
2016-08-08 16:00:00,24.7,53,7.7,673.0,812.3
2016-08-08 17:00:00,24.5,54,8.7,521.0,811.7
2016-08-08 18:00:00,23.9,58,9.0,351.0,810.8
2016-08-08 19:00:00,22.8,67,7.6,145.0,811.5
2016-08-08 20:00:00,21.5,75,6.5,23.0,812.0
2016-08-08 21:00:00,20.6,81,6.5,0.0,812.4
2016-08-08 22:00:00,19.6,89,4.4,0.0,812.0
2016-08-08 23:00:00,19.7,87,4.5,0.0,812.6
2016-08-09 00:00:00,18.9,92,3.1,0.0,812.4
2016-08-09 01:00:00,18.3,92,3.1,0.0,811.9
2016-08-09 02:00:00,18.4,92,1.3,0.0,811.9
2016-08-09 03:00:00,16.5,96,2.6,0.0,810.9
2016-08-09 04:00:00,16.1,97,4.9,0.0,810.9
2016-08-09 05:00:00,16.0,98,3.8,0.0,810.5
2016-08-09 06:00:00,15.8,98,4.9,0.0,810.5
2016-08-09 07:00:00,16.1,97,3.8,2.0,811.3
2016-08-09 08:00:00,17.8,91,3.4,71.0,812.4
2016-08-09 09:00:00,18.8,85,2.6,215.0,812.9
2016-08-09 10:00:00,20.2,78,0.7,397.0,813.6
2016-08-09 11:00:00,21.5,70,3.3,567.0,813.6
2016-08-09 12:00:00,22.6,66,4.0,708.0,813.6
2016-08-09 13:00:00,23.1,67,4.7,742.0,813.4
2016-08-09 14:00:00,23.8,67,4.8,777.0,812.9
2016-08-09 15:00:00,24.3,69,3.9,755.0,812.8
2016-08-09 16:00:00,24.7,70,3.8,726.0,811.7
2016-08-09 17:00:00,24.5,71,5.6,532.0,810.4
2016-08-09 18:00:00,23.7,72,3.2,345.0,810.2
2016-08-09 19:00:00,21.3,80,4.8,122.0,809.7
2016-08-09 20:00:00,20.2,89,2.6,20.0,810.4
2016-08-09 21:00:00,19.6,92,2.6,0.0,811.0
2016-08-09 22:00:00,18.9,96,4.2,0.0,811.3
2016-08-09 23:00:00,18.4,97,5.5,0.0,811.8
2016-08-10 00:00:00,17.9,97,4.0,0.0,811.9
2016-08-10 01:00:00,17.7,99,3.4,0.0,812.0
2016-08-10 02:00:00,17.6,98,3.6,0.0,811.5
2016-08-10 03:00:00,17.6,98,4.0,0.0,811.4
2016-08-10 04:00:00,17.6,98,4.8,0.0,811.3
2016-08-10 05:00:00,17.4,98,4.7,0.0,811.3
2016-08-10 06:00:00,17.7,95,4.1,0.0,811.2
2016-08-10 07:00:00,17.7,95,3.7,1.0,811.7
2016-08-10 08:00:00,17.9,94,3.1,37.0,812.2
2016-08-10 09:00:00,18.5,92,2.6,136.0,812.8
2016-08-10 10:00:00,20.2,82,3.4,421.0,813.8
2016-08-10 11:00:00,21.8,74,5.8,583.0,814.2
2016-08-10 12:00:00,23.0,67,5.5,684.0,814.1
2016-08-10 13:00:00,24.2,65,3.3,880.0,814.0
2016-08-10 14:00:00,24.9,65,1.6,859.0,813.4
2016-08-10 15:00:00,25.3,74,2.7,785.0,812.6
2016-08-10 16:00:00,25.3,73,5.8,594.0,810.7
2016-08-10 17:00:00,24.3,75,6.6,429.0,812.2
2016-08-10 18:00:00,22.5,81,4.1,200.0,811.1
2016-08-10 19:00:00,20.6,87,3.5,90.0,811.0
2016-08-10 20:00:00,19.4,92,4.8,14.0,811.5
2016-08-10 21:00:00,18.7,98,4.9,0.0,812.1
2016-08-10 22:00:00,18.6,98,6.3,0.0,812.6
2016-08-10 23:00:00,18.4,98,7.1,0.0,812.8
2016-08-11 00:00:00,18.0,98,7.0,0.0,812.9
2016-08-11 01:00:00,18.0,99,8.0,0.0,812.8
2016-08-11 02:00:00,17.6,98,8.1,0.0,812.2
2016-08-11 03:00:00,17.9,98,9.3,0.0,812.1
2016-08-11 04:00:00,17.8,98,8.7,0.0,811.7
2016-08-11 05:00:00,18.1,94,7.4,0.0,811.8
2016-08-11 06:00:00,18.1,94,5.4,0.0,812.3
2016-08-11 07:00:00,17.9,95,5.0,1.0,812.7
2016-08-11 08:00:00,18.3,94,5.4,59.0,813.1
2016-08-11 09:00:00,19.4,91,7.6,206.0,814.1
2016-08-11 10:00:00,20.6,87,8.6,358.0,815.2
2016-08-11 11:00:00,21.3,84,8.7,436.0,815.0
2016-08-11 12:00:00,22.6,81,8.9,662.0,815.2
2016-08-11 13:00:00,24.0,77,9.3,817.0,815.1
2016-08-11 14:00:00,24.7,75,9.2,804.0,814.6
2016-08-11 15:00:00,25.0,74,9.7,741.0,813.9
2016-08-11 16:00:00,23.8,74,12.0,566.0,811.5
2016-08-11 17:00:00,22.9,76,12.1,390.0,812.8
2016-08-11 18:00:00,20.4,85,9.2,135.0,812.2
2016-08-11 19:00:00,20.0,87,6.4,67.0,811.8
2016-08-11 20:00:00,19.6,90,5.0,18.0,812.3
2016-08-11 21:00:00,19.2,93,5.1,0.0,812.9
2016-08-11 22:00:00,18.8,95,7.0,0.0,813.2
2016-08-11 23:00:00,18.4,95,5.8,0.0,813.5
2016-08-12 00:00:00,17.7,95,6.2,0.0,813.1
2016-08-12 01:00:00,17.6,97,5.8,0.0,812.6
2016-08-12 02:00:00,17.4,97,6.2,0.0,812.1
2016-08-12 03:00:00,17.4,97,6.0,0.0,811.7
2016-08-12 04:00:00,16.4,99,7.1,0.0,811.0
2016-08-12 05:00:00,16.5,99,4.6,0.0,810.9
2016-08-12 06:00:00,16.1,99,5.2,0.0,810.9
2016-08-12 07:00:00,16.1,99,3.4,2.0,811.5
2016-08-12 08:00:00,18.2,96,3.1,75.0,812.8
2016-08-12 09:00:00,19.5,90,4.6,234.0,813.9
2016-08-12 10:00:00,20.8,85,5.5,397.0,814.6
2016-08-12 11:00:00,21.9,83,5.1,571.0,814.6
2016-08-12 12:00:00,23.2,80,5.4,791.0,814.7
2016-08-12 13:00:00,24.1,79,5.8,808.0,814.1
2016-08-12 14:00:00,24.8,76,7.1,791.0,813.8
2016-08-12 15:00:00,25.2,75,8.4,691.0,812.9
2016-08-12 16:00:00,23.4,77,9.2,617.0,811.7
2016-08-12 17:00:00,23.6,76,12.3,444.0,811.6
2016-08-12 18:00:00,22.2,76,9.4,257.0,811.3
2016-08-12 19:00:00,21.8,78,7.9,117.0,811.4
2016-08-12 20:00:00,21.2,83,6.2,22.0,811.8
2016-08-12 21:00:00,20.0,87,4.3,0.0,812.2
2016-08-12 22:00:00,19.4,90,5.4,0.0,811.9
2016-08-12 23:00:00,18.3,93,4.7,0.0,811.7
2016-08-13 00:00:00,17.3,97,4.9,0.0,811.4
2016-08-13 01:00:00,17.1,97,4.8,0.0,811.0
2016-08-13 02:00:00,16.8,98,4.4,0.0,810.6
2016-08-13 03:00:00,17.1,97,4.4,0.0,810.5
2016-08-13 04:00:00,16.8,97,4.5,0.0,810.0
2016-08-13 05:00:00,16.7,97,4.0,0.0,809.8
2016-08-13 06:00:00,16.5,97,4.1,0.0,809.4
2016-08-13 07:00:00,16.3,98,4.1,2.0,809.7
2016-08-13 08:00:00,18.5,94,4.2,76.0,811.4
2016-08-13 09:00:00,20.3,87,5.1,262.0,812.9
2016-08-13 10:00:00,21.9,80,6.9,466.0,813.7
2016-08-13 11:00:00,22.8,77,6.9,571.0,813.4
2016-08-13 12:00:00,24.1,74,7.5,776.0,813.6
2016-08-13 13:00:00,24.8,73,7.4,793.0,813.1
2016-08-13 14:00:00,25.5,72,7.4,828.0,812.4
2016-08-13 15:00:00,25.9,74,8.2,697.0,811.4
2016-08-13 16:00:00,25.2,76,6.9,542.0,810.6
2016-08-13 17:00:00,22.7,80,13.1,339.0,809.9
2016-08-13 18:00:00,22.2,84,7.4,143.0,809.3
2016-08-13 19:00:00,22.1,83,7.2,70.0,808.4
2016-08-13 20:00:00,21.6,85,4.7,17.0,809.6
2016-08-13 21:00:00,20.4,89,6.5,0.0,810.3
2016-08-13 22:00:00,19.6,90,7.9,0.0,810.7
2016-08-13 23:00:00,19.0,93,7.4,0.0,811.3
2016-08-14 00:00:00,18.1,98,8.2,0.0,811.0
2016-08-14 01:00:00,18.0,98,9.5,0.0,810.4
2016-08-14 02:00:00,17.8,98,10.2,0.0,809.7
2016-08-14 03:00:00,18.0,97,11.0,0.0,809.6
2016-08-14 04:00:00,18.4,91,10.6,0.0,809.8
2016-08-14 05:00:00,18.2,93,11.8,0.0,810.0
2016-08-14 06:00:00,18.1,92,11.1,0.0,809.6
2016-08-14 07:00:00,17.8,94,9.8,1.0,810.2
2016-08-14 08:00:00,18.4,93,9.5,62.0,810.7
2016-08-14 09:00:00,19.8,88,12.3,218.0,812.2
2016-08-14 10:00:00,20.9,84,16.8,332.0,812.6
2016-08-14 11:00:00,22.3,80,19.3,568.0,812.7
2016-08-14 12:00:00,23.4,77,19.5,705.0,812.5
2016-08-14 13:00:00,24.2,75,19.1,774.0,812.0
2016-08-14 14:00:00,24.9,73,18.9,784.0,811.2
2016-08-14 15:00:00,25.4,60,18.2,709.0,810.8
2016-08-14 16:00:00,25.2,61,17.4,567.0,809.8
2016-08-14 17:00:00,25.1,62,17.0,518.0,809.1
2016-08-14 18:00:00,24.5,63,17.7,338.0,808.7
2016-08-14 19:00:00,23.7,68,11.2,148.0,807.9
2016-08-14 20:00:00,22.6,73,11.1,22.0,808.9
2016-08-14 21:00:00,21.4,78,10.4,0.0,809.8
2016-08-14 22:00:00,20.2,82,9.4,0.0,810.4
2016-08-14 23:00:00,19.4,87,9.7,0.0,810.4
2016-08-15 00:00:00,18.8,90,12.3,0.0,810.6
2016-08-15 01:00:00,18.1,93,12.3,0.0,810.2
2016-08-15 02:00:00,18.0,93,10.1,0.0,809.3
2016-08-15 03:00:00,17.8,92,7.2,0.0,808.9
2016-08-15 04:00:00,17.6,93,6.4,0.0,808.3
2016-08-15 05:00:00,17.5,94,5.7,0.0,808.4
2016-08-15 06:00:00,16.6,97,5.6,0.0,807.6
2016-08-15 07:00:00,16.6,98,5.6,1.0,807.5
2016-08-15 08:00:00,18.5,91,6.1,69.0,809.5
2016-08-15 09:00:00,19.7,86,8.1,234.0,810.6
2016-08-15 10:00:00,20.9,82,10.8,438.0,811.4
2016-08-15 11:00:00,21.9,80,11.8,574.0,811.7
2016-08-15 12:00:00,22.8,77,13.5,630.0,811.8
2016-08-15 13:00:00,23.0,77,14.7,591.0,811.1
2016-08-15 14:00:00,23.3,76,18.1,603.0,810.3
2016-08-15 15:00:00,23.6,72,16.6,626.0,809.7
2016-08-15 16:00:00,24.1,72,15.8,666.0,809.1
2016-08-15 17:00:00,22.3,74,19.5,498.0,809.7
2016-08-15 18:00:00,20.9,80,18.1,212.0,808.7
2016-08-15 19:00:00,20.2,84,12.6,85.0,808.4
2016-08-15 20:00:00,19.6,87,13.4,20.0,809.7
2016-08-15 21:00:00,17.9,92,11.3,0.0,809.8
2016-08-15 22:00:00,18.1,93,12.2,0.0,810.8
2016-08-15 23:00:00,17.7,98,10.6,0.0,810.7
2016-08-16 00:00:00,17.6,98,10.9,0.0,810.8
2016-08-16 01:00:00,17.6,97,11.8,0.0,810.3
2016-08-16 02:00:00,17.5,98,10.8,0.0,810.0
2016-08-16 03:00:00,17.4,97,10.4,0.0,809.4
2016-08-16 04:00:00,17.4,97,8.7,0.0,809.4
2016-08-16 05:00:00,17.2,97,8.5,0.0,808.9
2016-08-16 06:00:00,17.6,94,8.5,0.0,809.3
2016-08-16 07:00:00,17.6,94,7.5,1.0,809.3
2016-08-16 08:00:00,18.0,94,5.9,40.0,810.3
2016-08-16 09:00:00,18.4,96,6.1,108.0,810.8
2016-08-16 10:00:00,18.7,95,7.1,152.0,811.2
2016-08-16 11:00:00,18.9,96,9.7,131.0,811.5
2016-08-16 12:00:00,19.8,95,11.3,219.0,811.3
2016-08-16 13:00:00,20.7,88,9.6,414.0,811.4
2016-08-16 14:00:00,22.3,83,9.3,533.0,811.4
2016-08-16 15:00:00,22.8,82,9.3,469.0,811.4
2016-08-16 16:00:00,20.7,85,8.8,320.0,810.1
2016-08-16 17:00:00,21.0,85,4.6,276.0,809.9
2016-08-16 18:00:00,20.1,88,6.4,98.0,809.4
2016-08-16 19:00:00,19.7,90,5.1,84.0,809.2
2016-08-16 20:00:00,19.2,92,3.7,15.0,809.8
2016-08-16 21:00:00,18.7,95,4.8,0.0,810.0
2016-08-16 22:00:00,18.0,97,3.7,0.0,810.3
2016-08-16 23:00:00,17.6,98,4.2,0.0,810.5
2016-08-17 00:00:00,18.0,96,3.9,0.0,810.9
2016-08-17 01:00:00,17.6,98,3.1,0.0,810.5
2016-08-17 02:00:00,17.0,99,2.9,0.0,809.8
2016-08-17 03:00:00,18.0,99,1.6,0.0,809.8
2016-08-17 04:00:00,17.8,98,0.4,0.0,809.7
2016-08-17 05:00:00,17.5,98,2.5,0.0,809.5
2016-08-17 06:00:00,16.6,100,3.3,0.0,809.0
2016-08-17 07:00:00,16.2,100,3.5,1.0,808.6
2016-08-17 08:00:00,17.7,99,4.4,45.0,810.3
2016-08-17 09:00:00,18.8,94,4.8,173.0,811.3
2016-08-17 10:00:00,20.7,83,4.9,370.0,812.0
2016-08-17 11:00:00,22.4,75,5.2,580.0,812.4
2016-08-17 12:00:00,23.7,67,5.6,646.0,812.2
2016-08-17 13:00:00,24.8,62,6.0,758.0,811.7
2016-08-17 14:00:00,25.7,59,5.3,842.0,811.1
2016-08-17 15:00:00,25.9,60,4.6,731.0,810.6
2016-08-17 16:00:00,26.3,58,4.3,677.0,810.0
2016-08-17 17:00:00,26.2,58,3.1,540.0,809.4
2016-08-17 18:00:00,25.9,59,3.7,315.0,809.3
2016-08-17 19:00:00,25.2,65,3.7,169.0,808.2
2016-08-17 20:00:00,23.6,75,5.9,22.0,808.1
2016-08-17 21:00:00,21.9,84,6.8,0.0,807.7
2016-08-17 22:00:00,21.5,83,6.5,0.0,808.1
2016-08-17 23:00:00,20.9,86,6.5,0.0,808.2
2016-08-18 00:00:00,20.7,87,6.1,0.0,808.6
2016-08-18 01:00:00,20.0,90,5.8,0.0,808.2
2016-08-18 02:00:00,19.3,93,4.3,0.0,807.6
2016-08-18 03:00:00,20.3,88,3.3,0.0,808.0
2016-08-18 04:00:00,19.8,91,2.5,0.0,807.8
2016-08-18 05:00:00,19.0,94,3.3,0.0,807.4
2016-08-18 06:00:00,18.6,95,3.4,0.0,807.2
2016-08-18 07:00:00,18.2,96,3.8,2.0,807.2
2016-08-18 08:00:00,19.4,95,4.1,90.0,807.9
2016-08-18 09:00:00,21.9,81,4.1,277.0,810.0
2016-08-18 10:00:00,23.1,76,5.9,513.0,810.3
2016-08-18 11:00:00,24.6,71,6.6,727.0,811.0
2016-08-18 12:00:00,26.0,64,7.4,868.0,811.0
2016-08-18 13:00:00,26.7,59,7.6,757.0,810.7
2016-08-18 14:00:00,27.4,56,8.5,785.0,810.5
2016-08-18 15:00:00,27.7,56,7.9,766.0,810.1
2016-08-18 16:00:00,27.7,56,8.7,643.0,809.5
2016-08-18 17:00:00,27.5,57,9.8,528.0,809.4
2016-08-18 18:00:00,25.8,63,9.8,332.0,807.9
2016-08-18 19:00:00,24.6,69,5.0,169.0,807.4
2016-08-18 20:00:00,23.6,78,5.9,19.0,807.2
2016-08-18 21:00:00,22.5,83,7.3,0.0,807.5
2016-08-18 22:00:00,21.6,85,10.1,0.0,808.5
2016-08-18 23:00:00,20.9,86,12.2,0.0,809.2
2016-08-19 00:00:00,20.6,84,11.9,0.0,810.0
2016-08-19 01:00:00,20.2,83,11.7,0.0,810.1
2016-08-19 02:00:00,19.8,83,12.3,0.0,809.1
2016-08-19 03:00:00,19.8,77,12.9,0.0,809.1
2016-08-19 04:00:00,19.6,78,12.6,0.0,808.9
2016-08-19 05:00:00,19.4,79,12.3,0.0,808.8
2016-08-19 06:00:00,19.1,81,13.2,0.0,808.9
2016-08-19 07:00:00,18.9,82,12.5,1.0,809.1
2016-08-19 08:00:00,19.4,83,12.0,82.0,809.6
2016-08-19 09:00:00,20.8,76,14.0,254.0,810.7
2016-08-19 10:00:00,22.1,71,17.1,436.0,811.2
2016-08-19 11:00:00,23.1,67,23.7,523.0,811.8
2016-08-19 12:00:00,23.7,65,22.3,571.0,811.8
2016-08-19 13:00:00,23.9,65,20.5,569.0,811.5
2016-08-19 14:00:00,24.5,63,21.1,705.0,811.3
2016-08-19 15:00:00,24.2,68,21.9,494.0,810.0
2016-08-19 16:00:00,24.8,67,22.7,631.0,809.9
2016-08-19 17:00:00,23.8,68,21.7,323.0,809.2
2016-08-19 18:00:00,22.2,77,18.6,182.0,808.5
2016-08-19 19:00:00,21.5,80,18.5,54.0,808.4
2016-08-19 20:00:00,21.0,79,19.5,8.0,808.5
2016-08-19 21:00:00,20.7,80,21.9,0.0,809.2
2016-08-19 22:00:00,20.1,83,24.4,0.0,810.6
2016-08-19 23:00:00,19.7,86,22.6,0.0,811.1
2016-08-20 00:00:00,19.5,87,23.2,0.0,811.4
2016-08-20 01:00:00,19.3,87,23.2,0.0,811.0
2016-08-20 02:00:00,18.9,89,22.1,0.0,810.6
2016-08-20 03:00:00,19.1,93,22.7,0.0,810.3
2016-08-20 04:00:00,18.9,90,21.9,0.0,810.5
2016-08-20 05:00:00,18.4,92,21.1,0.0,810.0
2016-08-20 06:00:00,18.3,92,19.5,0.0,810.7
2016-08-20 07:00:00,18.2,94,20.2,1.0,811.1
2016-08-20 08:00:00,18.3,93,19.4,27.0,811.9
2016-08-20 09:00:00,18.6,93,17.6,107.0,812.4
2016-08-20 10:00:00,19.8,92,16.3,289.0,813.7
2016-08-20 11:00:00,20.5,91,16.9,334.0,813.9
2016-08-20 12:00:00,21.5,88,17.9,520.0,814.4
2016-08-20 13:00:00,22.3,84,18.1,620.0,814.2
2016-08-20 14:00:00,22.6,81,18.4,590.0,813.8
2016-08-20 15:00:00,23.6,76,18.4,668.0,813.8
2016-08-20 16:00:00,23.2,72,18.1,577.0,812.7
2016-08-20 17:00:00,22.6,71,17.5,427.0,812.7
2016-08-20 18:00:00,22.0,73,15.9,182.0,811.4
2016-08-20 19:00:00,20.9,78,13.8,92.0,811.9
2016-08-20 20:00:00,20.1,83,10.6,10.0,812.6
2016-08-20 21:00:00,19.7,85,11.3,0.0,813.0
2016-08-20 22:00:00,19.4,87,11.7,0.0,813.9
2016-08-20 23:00:00,19.3,88,9.0,0.0,814.3
2016-08-21 00:00:00,19.0,89,7.2,0.0,814.5
2016-08-21 01:00:00,18.9,88,6.5,0.0,814.3
2016-08-21 02:00:00,18.6,91,6.9,0.0,813.8
2016-08-21 03:00:00,18.4,91,5.9,0.0,813.1
2016-08-21 04:00:00,18.0,94,4.8,0.0,813.0
2016-08-21 05:00:00,17.9,94,6.0,0.0,812.9
2016-08-21 06:00:00,18.0,95,5.4,0.0,813.2
2016-08-21 07:00:00,17.9,96,5.4,1.0,813.0
2016-08-21 08:00:00,18.3,95,5.4,53.0,814.1
2016-08-21 09:00:00,19.5,89,7.1,204.0,815.0
2016-08-21 10:00:00,20.6,85,7.4,334.0,815.5
2016-08-21 11:00:00,21.7,81,7.9,483.0,815.7
2016-08-21 12:00:00,23.1,77,7.4,724.0,815.8
2016-08-21 13:00:00,23.9,75,7.6,794.0,815.9
2016-08-21 14:00:00,24.4,74,7.2,721.0,815.6
2016-08-21 15:00:00,24.2,72,7.1,659.0,815.0
2016-08-21 16:00:00,24.3,72,7.1,524.0,814.4
2016-08-21 17:00:00,24.2,72,5.1,437.0,813.2
2016-08-21 18:00:00,22.6,76,2.0,201.0,812.2
2016-08-21 19:00:00,20.9,83,3.4,74.0,812.5
2016-08-21 20:00:00,20.2,86,4.3,9.0,812.9
2016-08-21 21:00:00,19.8,89,5.0,0.0,813.4
2016-08-21 22:00:00,19.3,92,3.7,0.0,813.9
2016-08-21 23:00:00,18.5,96,4.1,0.0,813.8
2016-08-22 00:00:00,17.5,98,4.1,0.0,813.1
2016-08-22 01:00:00,17.2,99,3.9,0.0,813.0
2016-08-22 02:00:00,17.1,98,4.5,0.0,812.6
2016-08-22 03:00:00,18.7,99,3.6,0.0,813.5
2016-08-22 04:00:00,18.4,97,2.8,0.0,813.2
2016-08-22 05:00:00,17.8,98,1.4,0.0,813.0
2016-08-22 06:00:00,17.0,100,2.9,0.0,812.4
2016-08-22 07:00:00,16.9,100,3.2,1.0,812.5
2016-08-22 08:00:00,17.9,98,3.8,53.0,814.1
2016-08-22 09:00:00,18.6,97,3.1,175.0,814.8
2016-08-22 10:00:00,20.7,86,2.3,402.0,816.1
2016-08-22 11:00:00,21.9,81,2.8,504.0,816.2
2016-08-22 12:00:00,23.2,76,2.1,677.0,816.7
2016-08-22 13:00:00,24.0,73,2.5,741.0,816.1
2016-08-22 14:00:00,24.6,71,4.5,720.0,815.6
2016-08-22 15:00:00,25.1,76,6.2,786.0,814.9
2016-08-22 16:00:00,25.2,74,10.8,622.0,814.7
2016-08-22 17:00:00,24.1,75,9.7,388.0,814.7
2016-08-22 18:00:00,22.9,77,10.8,201.0,813.2
2016-08-22 19:00:00,21.5,81,7.3,88.0,812.1
2016-08-22 20:00:00,20.9,84,9.8,11.0,813.1
2016-08-22 21:00:00,20.2,87,10.5,0.0,813.9
2016-08-22 22:00:00,19.8,90,12.8,0.0,814.4
2016-08-22 23:00:00,19.3,90,10.0,0.0,814.1
2016-08-23 00:00:00,18.8,92,9.3,0.0,814.5
2016-08-23 01:00:00,18.3,94,9.1,0.0,814.3
2016-08-23 02:00:00,18.1,93,7.9,0.0,814.1
2016-08-23 03:00:00,18.1,94,6.2,0.0,814.2
2016-08-23 04:00:00,18.2,96,5.5,0.0,814.1
2016-08-23 05:00:00,18.2,97,5.0,0.0,814.2
2016-08-23 06:00:00,18.2,96,4.6,0.0,814.0
2016-08-23 07:00:00,17.8,97,4.4,1.0,814.3
2016-08-23 08:00:00,18.4,96,5.2,57.0,815.0
2016-08-23 09:00:00,19.4,90,6.4,202.0,815.9
2016-08-23 10:00:00,20.6,85,6.1,385.0,816.5
2016-08-23 11:00:00,21.7,83,6.6,577.0,817.1
2016-08-23 12:00:00,22.9,80,7.3,732.0,817.1
2016-08-23 13:00:00,23.7,78,7.9,831.0,816.7
2016-08-23 14:00:00,24.5,75,7.6,895.0,816.3
2016-08-23 15:00:00,24.9,71,7.8,815.0,815.5
2016-08-23 16:00:00,25.1,69,7.5,704.0,815.0
2016-08-23 17:00:00,24.9,68,8.9,537.0,813.7
2016-08-23 18:00:00,24.5,68,6.9,324.0,813.0
2016-08-23 19:00:00,23.4,73,6.6,141.0,813.3
2016-08-23 20:00:00,22.3,78,6.3,11.0,813.2
2016-08-23 21:00:00,21.5,82,5.2,0.0,813.4
2016-08-23 22:00:00,20.8,86,4.5,0.0,813.5
2016-08-23 23:00:00,20.0,90,5.4,0.0,813.5
2016-08-24 00:00:00,19.5,92,5.4,0.0,814.0
2016-08-24 01:00:00,19.1,92,4.6,0.0,813.7
2016-08-24 02:00:00,19.4,91,3.9,0.0,813.9
2016-08-24 03:00:00,19.1,94,3.7,0.0,813.5
2016-08-24 04:00:00,19.2,93,1.5,0.0,813.5
2016-08-24 05:00:00,18.7,95,1.1,0.0,813.3
2016-08-24 06:00:00,17.9,99,1.6,0.0,813.4
2016-08-24 07:00:00,17.4,100,2.5,1.0,813.0
2016-08-24 08:00:00,17.9,98,2.9,49.0,813.9
2016-08-24 09:00:00,19.6,93,2.3,214.0,815.2
2016-08-24 10:00:00,21.4,80,2.7,421.0,816.2
2016-08-24 11:00:00,22.8,72,4.1,569.0,816.7
2016-08-24 12:00:00,23.8,66,6.9,700.0,816.7
2016-08-24 13:00:00,24.9,61,7.9,878.0,816.3
2016-08-24 14:00:00,25.3,59,8.2,785.0,815.7
2016-08-24 15:00:00,25.4,60,8.7,781.0,815.0
2016-08-24 16:00:00,25.8,58,8.5,739.0,814.5
2016-08-24 17:00:00,25.6,58,8.6,507.0,814.1
2016-08-24 18:00:00,25.1,60,9.8,318.0,813.2
2016-08-24 19:00:00,24.2,66,6.4,140.0,812.9
2016-08-24 20:00:00,23.0,74,5.8,14.0,813.1
2016-08-24 21:00:00,22.0,80,6.3,0.0,813.4
2016-08-24 22:00:00,21.1,84,6.1,0.0,813.5
2016-08-24 23:00:00,20.4,86,6.4,0.0,813.6
2016-08-25 00:00:00,19.8,87,6.2,0.0,813.8
2016-08-25 01:00:00,20.3,85,5.7,0.0,814.2
2016-08-25 02:00:00,20.5,83,5.2,0.0,814.1
2016-08-25 03:00:00,20.6,83,4.0,0.0,814.1
2016-08-25 04:00:00,20.2,85,1.8,0.0,813.8
2016-08-25 05:00:00,19.8,87,2.2,0.0,814.0
2016-08-25 06:00:00,19.2,90,4.3,0.0,814.6
2016-08-25 07:00:00,18.9,92,4.3,1.0,814.7
2016-08-25 08:00:00,19.5,91,3.3,86.0,815.5
2016-08-25 09:00:00,21.5,80,2.8,295.0,816.9
2016-08-25 10:00:00,22.9,73,2.3,527.0,817.8
2016-08-25 11:00:00,23.7,68,2.8,634.0,818.1
2016-08-25 12:00:00,24.7,64,3.0,722.0,817.8
2016-08-25 13:00:00,25.1,63,3.7,711.0,817.5
2016-08-25 14:00:00,25.7,61,5.7,815.0,816.9
2016-08-25 15:00:00,26.3,61,7.5,845.0,816.3
2016-08-25 16:00:00,26.3,59,8.6,682.0,815.4
2016-08-25 17:00:00,25.9,60,8.0,543.0,815.2
2016-08-25 18:00:00,25.1,60,9.7,300.0,814.6
2016-08-25 19:00:00,24.4,65,5.2,130.0,814.8
2016-08-25 20:00:00,22.9,77,6.1,12.0,814.3
2016-08-25 21:00:00,22.0,81,4.8,0.0,814.6
2016-08-25 22:00:00,21.4,83,4.3,0.0,815.1
2016-08-25 23:00:00,21.0,83,4.2,0.0,815.2
2016-08-26 00:00:00,21.1,81,3.8,0.0,815.6
2016-08-26 01:00:00,20.8,83,3.1,0.0,815.5
2016-08-26 02:00:00,20.0,87,3.3,0.0,814.4
2016-08-26 03:00:00,20.6,81,2.9,0.0,814.8
2016-08-26 04:00:00,20.3,82,2.4,0.0,814.4
2016-08-26 05:00:00,19.2,87,4.0,0.0,813.9
2016-08-26 06:00:00,17.7,91,5.1,0.0,813.4
2016-08-26 07:00:00,17.4,92,5.6,1.0,813.8
2016-08-26 08:00:00,19.1,90,5.4,87.0,815.4
2016-08-26 09:00:00,22.0,74,3.8,287.0,817.3
2016-08-26 10:00:00,23.5,68,6.2,523.0,818.0
2016-08-26 11:00:00,24.6,63,7.6,708.0,818.7
2016-08-26 12:00:00,25.4,62,6.8,845.0,818.8
2016-08-26 13:00:00,25.9,62,6.8,827.0,818.4
2016-08-26 14:00:00,25.7,63,6.0,665.0,817.5
2016-08-26 15:00:00,25.9,65,5.8,706.0,816.7
2016-08-26 16:00:00,25.8,64,6.1,495.0,816.4
2016-08-26 17:00:00,24.5,66,12.5,309.0,817.0
2016-08-26 18:00:00,22.1,78,9.9,164.0,815.3
2016-08-26 19:00:00,21.5,82,8.5,64.0,815.4
2016-08-26 20:00:00,20.9,86,5.8,9.0,815.4
2016-08-26 21:00:00,20.4,90,5.8,0.0,816.0
2016-08-26 22:00:00,20.0,93,6.9,0.0,817.1
2016-08-26 23:00:00,19.6,94,9.0,0.0,817.5
2016-08-27 00:00:00,19.3,95,8.6,0.0,817.6
2016-08-27 01:00:00,18.5,95,9.0,0.0,817.3
2016-08-27 02:00:00,18.0,94,8.6,0.0,817.1
2016-08-27 03:00:00,18.3,94,7.2,0.0,817.1
2016-08-27 04:00:00,18.3,94,6.6,0.0,816.8
2016-08-27 05:00:00,18.1,96,7.8,0.0,816.8
2016-08-27 06:00:00,18.1,96,7.4,0.0,817.1
2016-08-27 07:00:00,18.0,97,6.2,0.0,816.9
2016-08-27 08:00:00,18.5,95,6.0,38.0,818.0
2016-08-27 09:00:00,19.1,94,6.6,132.0,818.2
2016-08-27 10:00:00,20.4,91,7.8,321.0,819.3
2016-08-27 11:00:00,21.5,87,9.0,477.0,819.7
2016-08-27 12:00:00,22.4,85,9.7,590.0,819.4
2016-08-27 13:00:00,23.1,81,9.9,646.0,819.3
2016-08-27 14:00:00,22.8,81,9.9,667.0,818.0
2016-08-27 15:00:00,23.8,78,12.2,710.0,817.3
2016-08-27 16:00:00,23.6,75,10.2,583.0,815.9
2016-08-27 17:00:00,23.2,76,9.4,358.0,816.5
2016-08-27 18:00:00,22.4,75,4.1,193.0,816.2
2016-08-27 19:00:00,20.5,82,1.8,66.0,815.8
2016-08-27 20:00:00,19.7,87,4.4,5.0,816.3
2016-08-27 21:00:00,18.7,97,6.0,0.0,816.6
2016-08-27 22:00:00,18.7,97,7.7,0.0,817.7
2016-08-27 23:00:00,18.4,98,10.1,0.0,818.1
2016-08-28 00:00:00,18.2,97,8.9,0.0,817.8
2016-08-28 01:00:00,17.8,98,9.1,0.0,817.9
2016-08-28 02:00:00,17.7,97,6.3,0.0,817.3
2016-08-28 03:00:00,17.8,98,7.2,0.0,817.1
2016-08-28 04:00:00,17.7,98,6.8,0.0,816.6
2016-08-28 05:00:00,17.6,99,4.7,0.0,816.7
2016-08-28 06:00:00,17.3,99,4.5,0.0,816.2
2016-08-28 07:00:00,16.9,99,5.2,1.0,816.4
2016-08-28 08:00:00,18.0,94,6.1,65.0,817.2
2016-08-28 09:00:00,18.7,90,6.8,173.0,817.8
2016-08-28 10:00:00,19.4,86,8.1,214.0,818.3
2016-08-28 11:00:00,19.8,86,8.8,236.0,818.5
2016-08-28 12:00:00,20.1,86,9.2,305.0,818.2
2016-08-28 13:00:00,19.8,86,9.1,232.0,817.4
2016-08-28 14:00:00,19.7,85,9.5,177.0,816.7
2016-08-28 15:00:00,19.8,86,11.0,203.0,815.8
2016-08-28 16:00:00,20.5,83,9.3,351.0,815.0
2016-08-28 17:00:00,21.2,80,11.0,408.0,815.1
2016-08-28 18:00:00,20.9,80,8.2,238.0,814.2
2016-08-28 19:00:00,20.6,81,7.1,117.0,814.4
2016-08-28 20:00:00,20.0,85,6.6,7.0,814.5
2016-08-28 21:00:00,19.4,87,6.4,0.0,815.0
2016-08-28 22:00:00,18.7,88,6.6,0.0,815.2
2016-08-28 23:00:00,18.2,90,6.9,0.0,815.2
2016-08-29 00:00:00,17.9,91,7.0,0.0,815.2
2016-08-29 01:00:00,17.6,92,6.9,0.0,815.2
2016-08-29 02:00:00,17.5,93,7.0,0.0,815.0
2016-08-29 03:00:00,17.2,96,5.5,0.0,814.4
2016-08-29 04:00:00,16.9,97,4.3,0.0,813.9
2016-08-29 05:00:00,15.9,99,3.9,0.0,813.0
2016-08-29 06:00:00,15.6,99,3.8,0.0,813.2
2016-08-29 07:00:00,15.8,99,4.1,0.0,812.8
2016-08-29 08:00:00,17.3,95,5.4,30.0,814.1
2016-08-29 09:00:00,18.6,87,6.6,157.0,815.2
2016-08-29 10:00:00,19.8,81,8.3,278.0,816.0
2016-08-29 11:00:00,20.5,77,9.7,361.0,816.2
2016-08-29 12:00:00,21.8,75,11.2,647.0,816.2
2016-08-29 13:00:00,22.9,75,12.1,763.0,815.7
2016-08-29 14:00:00,23.7,74,12.3,803.0,815.2
2016-08-29 15:00:00,23.9,73,12.1,726.0,814.3
2016-08-29 16:00:00,23.9,73,12.1,610.0,813.1
2016-08-29 17:00:00,23.4,74,12.3,407.0,812.6
2016-08-29 18:00:00,22.9,76,9.8,310.0,812.4
2016-08-29 19:00:00,21.5,80,7.9,119.0,812.6
2016-08-29 20:00:00,20.3,83,7.0,8.0,812.3
2016-08-29 21:00:00,19.7,87,5.9,0.0,813.1
2016-08-29 22:00:00,19.4,89,7.7,0.0,813.7
2016-08-29 23:00:00,19.0,90,8.6,0.0,813.9
2016-08-30 00:00:00,18.9,90,7.8,0.0,814.4
2016-08-30 01:00:00,18.5,92,7.7,0.0,814.0
2016-08-30 02:00:00,18.1,94,7.2,0.0,813.3
2016-08-30 03:00:00,18.2,97,8.2,0.0,813.1
2016-08-30 04:00:00,18.1,98,8.1,0.0,812.9
2016-08-30 05:00:00,18.2,98,7.2,0.0,813.0
2016-08-30 06:00:00,18.1,97,6.5,0.0,812.7
2016-08-30 07:00:00,17.9,98,6.5,0.0,812.8
2016-08-30 08:00:00,18.4,96,7.2,40.0,813.8
2016-08-30 09:00:00,19.0,95,7.3,107.0,814.4
2016-08-30 10:00:00,19.8,93,8.4,221.0,815.3
2016-08-30 11:00:00,21.2,89,9.7,478.0,815.7
2016-08-30 12:00:00,22.0,87,10.8,497.0,815.3
2016-08-30 13:00:00,22.6,84,11.7,540.0,815.3
2016-08-30 14:00:00,23.4,81,11.6,620.0,814.6
2016-08-30 15:00:00,23.6,82,10.3,544.0,813.7
2016-08-30 16:00:00,23.4,81,11.0,323.0,812.9
2016-08-30 17:00:00,21.4,84,9.3,226.0,811.8
2016-08-30 18:00:00,21.4,84,9.7,153.0,811.9
2016-08-30 19:00:00,20.6,86,6.7,66.0,812.0
2016-08-30 20:00:00,19.8,90,6.0,5.0,812.8
2016-08-30 21:00:00,19.4,92,6.2,0.0,812.9
2016-08-30 22:00:00,19.1,93,6.4,0.0,813.4
2016-08-30 23:00:00,18.2,97,7.1,0.0,813.1
2016-08-31 00:00:00,17.9,98,7.9,0.0,813.3
2016-08-31 01:00:00,17.5,98,8.0,0.0,812.9
2016-08-31 02:00:00,17.5,98,7.0,0.0,812.3
2016-08-31 03:00:00,17.5,98,7.6,0.0,811.8
2016-08-31 04:00:00,17.3,97,8.6,0.0,811.1
2016-08-31 05:00:00,17.9,94,9.8,0.0,811.8
2016-08-31 06:00:00,17.6,96,6.4,0.0,811.4
2016-08-31 07:00:00,17.1,99,6.2,0.0,811.1
2016-08-31 08:00:00,17.9,94,9.4,50.0,812.2
2016-08-31 09:00:00,19.2,88,12.0,173.0,813.5
2016-08-31 10:00:00,20.5,81,14.5,332.0,814.1
2016-08-31 11:00:00,21.7,75,17.1,569.0,814.3
2016-08-31 12:00:00,22.6,71,18.4,563.0,814.3
2016-08-31 13:00:00,23.3,70,19.8,692.0,813.4
2016-08-31 14:00:00,24.1,69,19.4,726.0,813.1
2016-08-31 15:00:00,23.9,69,18.4,685.0,812.1
2016-08-31 16:00:00,24.1,68,19.2,633.0,811.2
2016-08-31 17:00:00,23.5,68,17.6,377.0,810.4
2016-08-31 18:00:00,22.8,72,11.6,212.0,810.3
2016-08-31 19:00:00,22.4,75,7.5,70.0,810.3
2016-08-31 20:00:00,21.5,79,5.6,5.0,810.4
2016-08-31 21:00:00,20.9,82,4.8,0.0,810.8
2016-08-31 22:00:00,20.3,86,4.0,0.0,811.1
2016-08-31 23:00:00,19.7,89,1.8,0.0,811.4
2016-09-01 00:00:00,19.3,91,2.5,0.0,811.6
2016-09-01 01:00:00,18.9,92,3.8,0.0,811.4
2016-09-01 02:00:00,18.6,93,3.4,0.0,811.0
2016-09-01 03:00:00,18.5,95,3.5,0.0,810.8
2016-09-01 04:00:00,18.1,95,3.2,0.0,810.0
2016-09-01 05:00:00,17.7,97,3.4,0.0,810.1
2016-09-01 06:00:00,17.5,97,2.6,0.0,810.6
2016-09-01 07:00:00,17.7,97,3.1,0.0,810.6
2016-09-01 08:00:00,18.3,95,2.7,31.0,811.7
2016-09-01 09:00:00,18.8,90,0.8,141.0,812.0
2016-09-01 10:00:00,19.6,87,2.2,269.0,812.9
2016-09-01 11:00:00,20.8,86,4.0,434.0,813.7
2016-09-01 12:00:00,21.2,84,5.6,417.0,813.5
2016-09-01 13:00:00,22.0,83,6.2,496.0,813.3
2016-09-01 14:00:00,21.9,81,8.0,398.0,812.8
2016-09-01 15:00:00,19.8,81,10.8,277.0,810.8
2016-09-01 16:00:00,19.8,76,14.0,382.0,810.1
2016-09-01 17:00:00,18.9,74,17.4,253.0,809.8
2016-09-01 18:00:00,18.5,71,16.2,189.0,811.0
2016-09-01 19:00:00,17.6,77,12.5,41.0,810.0
2016-09-01 20:00:00,17.2,78,12.3,2.0,810.9
2016-09-01 21:00:00,16.8,78,11.9,0.0,811.4
2016-09-01 22:00:00,16.7,77,10.1,0.0,811.7
2016-09-01 23:00:00,16.6,75,8.7,0.0,811.8
2016-09-02 00:00:00,16.5,75,6.8,0.0,811.6
2016-09-02 01:00:00,16.5,75,6.5,0.0,811.5
2016-09-02 02:00:00,16.4,77,5.4,0.0,811.3
2016-09-02 03:00:00,16.4,75,5.2,0.0,810.9
2016-09-02 04:00:00,16.3,75,6.1,0.0,810.8
2016-09-02 05:00:00,16.2,76,5.6,0.0,810.6
2016-09-02 06:00:00,16.2,76,6.5,0.0,811.3
2016-09-02 07:00:00,16.1,78,5.8,0.0,811.0
2016-09-02 08:00:00,16.1,79,5.6,16.0,811.8
2016-09-02 09:00:00,16.5,79,5.5,97.0,812.3
2016-09-02 10:00:00,16.9,77,5.6,181.0,812.9
2016-09-02 11:00:00,17.6,76,5.4,316.0,813.6
2016-09-02 12:00:00,18.0,76,3.4,324.0,813.2
2016-09-02 13:00:00,19.3,75,2.3,593.0,813.2
2016-09-02 14:00:00,19.4,75,2.6,278.0,812.1
2016-09-02 15:00:00,20.3,71,3.8,605.0,811.7
2016-09-02 16:00:00,20.8,69,4.7,449.0,811.2
2016-09-02 17:00:00,20.9,69,5.9,287.0,810.4
2016-09-02 18:00:00,20.8,68,4.0,162.0,809.9
2016-09-02 19:00:00,20.4,70,3.3,72.0,809.7
2016-09-02 20:00:00,19.6,78,3.7,4.0,810.4
2016-09-02 21:00:00,19.2,81,4.3,0.0,810.7
2016-09-02 22:00:00,18.9,83,2.9,0.0,811.3
2016-09-02 23:00:00,18.7,86,2.5,0.0,811.5
2016-09-03 00:00:00,18.6,86,3.2,0.0,811.7
2016-09-03 01:00:00,18.4,85,3.6,0.0,811.3
2016-09-03 02:00:00,18.5,85,4.2,0.0,811.3
2016-09-03 03:00:00,18.4,86,5.3,0.0,810.8
2016-09-03 04:00:00,18.3,87,4.9,0.0,810.6
2016-09-03 05:00:00,17.2,96,5.5,0.0,809.8
2016-09-03 06:00:00,17.2,97,4.3,0.0,810.3
2016-09-03 07:00:00,17.3,97,4.8,0.0,810.4
2016-09-03 08:00:00,18.0,89,5.7,19.0,811.3
2016-09-03 09:00:00,17.6,95,7.1,42.0,811.7
2016-09-03 10:00:00,17.8,95,8.2,105.0,812.3
2016-09-03 11:00:00,18.6,86,10.0,169.0,812.7
2016-09-03 12:00:00,19.5,83,10.9,244.0,812.6
2016-09-03 13:00:00,20.5,79,9.9,445.0,812.5
2016-09-03 14:00:00,20.9,79,8.0,342.0,812.1
2016-09-03 15:00:00,22.5,80,7.6,503.0,811.9
2016-09-03 16:00:00,22.9,79,7.2,488.0,811.5
2016-09-03 17:00:00,22.4,78,7.8,389.0,810.3
2016-09-03 18:00:00,21.7,79,6.8,193.0,810.9
2016-09-03 19:00:00,20.1,86,4.8,99.0,810.8
2016-09-03 20:00:00,18.9,97,6.0,3.0,810.8
2016-09-03 21:00:00,18.5,98,5.3,0.0,811.7
2016-09-03 22:00:00,18.1,97,7.7,0.0,812.4
2016-09-03 23:00:00,17.8,98,6.9,0.0,812.7
2016-09-04 00:00:00,17.9,97,6.6,0.0,812.9
2016-09-04 01:00:00,17.9,98,4.3,0.0,813.1
2016-09-04 02:00:00,17.8,98,5.1,0.0,812.6
2016-09-04 03:00:00,17.6,98,6.1,0.0,812.0
2016-09-04 04:00:00,17.6,98,6.6,0.0,812.1
2016-09-04 05:00:00,17.4,99,6.3,0.0,811.8
2016-09-04 06:00:00,17.4,98,4.3,0.0,812.5
2016-09-04 07:00:00,17.4,98,4.8,0.0,812.6
2016-09-04 08:00:00,18.0,95,5.4,21.0,813.1
2016-09-04 09:00:00,18.4,96,5.2,70.0,814.2
2016-09-04 10:00:00,19.6,95,5.1,226.0,815.1
2016-09-04 11:00:00,20.7,93,5.6,347.0,815.2
2016-09-04 12:00:00,21.4,90,7.6,373.0,815.2
2016-09-04 13:00:00,21.9,88,9.2,462.0,814.8
2016-09-04 14:00:00,22.2,86,10.6,515.0,814.5
2016-09-04 15:00:00,22.2,86,10.2,429.0,813.9
2016-09-04 16:00:00,20.3,88,7.2,181.0,812.9
2016-09-04 17:00:00,20.4,91,7.2,217.0,813.0
2016-09-04 18:00:00,20.1,88,6.6,137.0,812.8
2016-09-04 19:00:00,19.3,90,8.1,40.0,812.5
2016-09-04 20:00:00,18.5,91,10.0,3.0,812.9
2016-09-04 21:00:00,17.7,97,10.1,0.0,813.5
2016-09-04 22:00:00,17.4,97,12.2,0.0,814.4
2016-09-04 23:00:00,17.1,98,12.0,0.0,814.5
2016-09-05 00:00:00,16.9,97,11.8,0.0,814.4
2016-09-05 01:00:00,16.5,97,11.6,0.0,814.0
2016-09-05 02:00:00,16.5,93,11.2,0.0,813.7
2016-09-05 03:00:00,16.4,97,10.8,0.0,813.5
2016-09-05 04:00:00,16.2,97,11.6,0.0,813.0
2016-09-05 05:00:00,16.4,92,11.1,0.0,813.3
2016-09-05 06:00:00,16.3,91,11.3,0.0,813.3
2016-09-05 07:00:00,16.4,91,10.6,0.0,814.0
2016-09-05 08:00:00,16.5,91,10.7,11.0,814.0
2016-09-05 09:00:00,16.9,88,13.7,63.0,814.9
2016-09-05 10:00:00,17.6,84,14.1,143.0,815.4
2016-09-05 11:00:00,18.5,83,13.7,262.0,815.7
2016-09-05 12:00:00,19.3,80,13.6,285.0,815.6
2016-09-05 13:00:00,20.2,77,14.3,394.0,815.4
2016-09-05 14:00:00,20.7,75,13.7,454.0,814.9
2016-09-05 15:00:00,20.8,74,12.6,387.0,814.3
2016-09-05 16:00:00,20.7,75,11.0,234.0,813.6
2016-09-05 17:00:00,20.7,75,9.6,231.0,813.2
2016-09-05 18:00:00,20.4,78,9.7,83.0,812.9
2016-09-05 19:00:00,20.0,80,7.9,51.0,812.6
2016-09-05 20:00:00,19.5,83,6.1,2.0,813.4
2016-09-05 21:00:00,19.3,83,6.1,0.0,813.8
2016-09-05 22:00:00,19.1,84,8.4,0.0,814.4
2016-09-05 23:00:00,18.9,84,8.7,0.0,814.5
2016-09-06 00:00:00,18.6,85,9.1,0.0,814.4
2016-09-06 01:00:00,18.3,87,8.9,0.0,814.3
2016-09-06 02:00:00,18.0,89,9.8,0.0,814.0
2016-09-06 03:00:00,18.0,89,10.0,0.0,813.9
2016-09-06 04:00:00,17.9,91,9.4,0.0,813.6
2016-09-06 05:00:00,17.5,93,8.6,0.0,813.3
2016-09-06 06:00:00,17.4,94,5.6,0.0,813.4
2016-09-06 07:00:00,17.1,98,6.8,0.0,813.4
2016-09-06 08:00:00,17.6,94,8.0,17.0,814.1
2016-09-06 09:00:00,18.1,93,9.6,52.0,815.1
2016-09-06 10:00:00,18.7,91,8.9,128.0,815.7
2016-09-06 11:00:00,19.3,90,9.2,172.0,815.8
2016-09-06 12:00:00,20.0,87,9.6,237.0,815.7
2016-09-06 13:00:00,20.9,85,9.8,410.0,815.6
2016-09-06 14:00:00,22.5,81,9.5,752.0,815.5
2016-09-06 15:00:00,23.2,78,11.3,667.0,814.6
2016-09-06 16:00:00,22.9,77,8.8,467.0,814.1
2016-09-06 17:00:00,22.5,79,10.1,324.0,813.3
2016-09-06 18:00:00,21.8,80,8.6,195.0,813.4
2016-09-06 19:00:00,20.8,81,1.8,79.0,812.5
2016-09-06 20:00:00,19.5,88,4.3,3.0,813.2
2016-09-06 21:00:00,18.0,98,4.7,0.0,813.0
2016-09-06 22:00:00,17.8,98,4.5,0.0,814.0
2016-09-06 23:00:00,17.2,99,6.4,0.0,814.1
2016-09-07 00:00:00,17.1,99,6.1,0.0,814.2
2016-09-07 01:00:00,17.3,99,5.4,0.0,814.2
2016-09-07 02:00:00,17.2,98,5.5,0.0,813.5
2016-09-07 03:00:00,17.4,99,6.6,0.0,813.6
2016-09-07 04:00:00,17.7,95,6.8,0.0,813.6
2016-09-07 05:00:00,17.3,98,6.3,0.0,813.4
2016-09-07 06:00:00,17.3,98,6.3,0.0,813.8
2016-09-07 07:00:00,17.2,99,5.5,0.0,813.8
2016-09-07 08:00:00,17.8,94,5.7,24.0,814.7
2016-09-07 09:00:00,18.5,94,6.0,104.0,815.6
2016-09-07 10:00:00,19.0,94,5.1,131.0,816.4
2016-09-07 11:00:00,20.0,92,5.4,267.0,816.6
2016-09-07 12:00:00,21.3,89,6.1,488.0,816.9
2016-09-07 13:00:00,22.1,85,7.9,539.0,816.5
2016-09-07 14:00:00,22.8,83,10.0,678.0,816.1
2016-09-07 15:00:00,22.1,84,12.5,527.0,814.6
2016-09-07 16:00:00,20.9,83,13.8,370.0,813.7
2016-09-07 17:00:00,21.1,85,11.5,297.0,814.1
2016-09-07 18:00:00,19.8,88,9.2,90.0,813.4
2016-09-07 19:00:00,18.9,90,5.9,36.0,812.3
2016-09-07 20:00:00,18.4,93,6.9,2.0,812.9
2016-09-07 21:00:00,18.2,94,5.7,0.0,813.6
2016-09-07 22:00:00,17.8,96,5.7,0.0,814.1
2016-09-07 23:00:00,17.7,97,5.4,0.0,814.3
2016-09-08 00:00:00,17.9,95,6.5,0.0,814.4
2016-09-08 01:00:00,17.5,95,7.2,0.0,814.3
2016-09-08 02:00:00,17.5,94,7.1,0.0,814.0
2016-09-08 03:00:00,17.4,96,7.2,0.0,813.6
2016-09-08 04:00:00,17.7,93,7.1,0.0,813.3
2016-09-08 05:00:00,17.6,94,6.4,0.0,813.4
2016-09-08 06:00:00,16.9,98,4.9,0.0,813.2
2016-09-08 07:00:00,16.8,98,4.8,0.0,813.0
2016-09-08 08:00:00,17.8,92,6.4,35.0,814.3
2016-09-08 09:00:00,18.3,92,8.3,108.0,815.3
2016-09-08 10:00:00,19.1,90,7.4,211.0,815.8
2016-09-08 11:00:00,20.5,88,7.8,445.0,816.4
2016-09-08 12:00:00,21.7,87,9.4,545.0,816.1
2016-09-08 13:00:00,22.2,85,10.1,543.0,815.8
2016-09-08 14:00:00,22.5,85,10.9,511.0,815.1
2016-09-08 15:00:00,22.3,84,10.1,450.0,814.4
2016-09-08 16:00:00,22.3,85,10.2,364.0,813.5
2016-09-08 17:00:00,21.7,85,9.5,258.0,813.5
2016-09-08 18:00:00,21.0,85,7.6,117.0,812.1
2016-09-08 19:00:00,20.4,87,5.9,47.0,813.0
2016-09-08 20:00:00,19.5,90,5.0,2.0,813.7
2016-09-08 21:00:00,19.2,91,4.6,0.0,814.0
2016-09-08 22:00:00,18.8,94,6.0,0.0,814.2
2016-09-08 23:00:00,18.5,93,7.9,0.0,814.7
2016-09-09 00:00:00,17.9,94,8.4,0.0,814.3
2016-09-09 01:00:00,17.3,98,8.1,0.0,814.2
2016-09-09 02:00:00,17.1,98,6.5,0.0,813.4
2016-09-09 03:00:00,17.0,99,5.1,0.0,812.3
2016-09-09 04:00:00,16.8,99,5.9,0.0,812.4
2016-09-09 05:00:00,17.0,99,6.9,0.0,812.4
2016-09-09 06:00:00,17.4,99,6.5,0.0,812.6
2016-09-09 07:00:00,17.7,97,6.2,0.0,813.0
2016-09-09 08:00:00,17.8,96,8.0,28.0,813.7
2016-09-09 09:00:00,18.7,90,10.6,151.0,814.2
2016-09-09 10:00:00,20.0,82,11.8,352.0,815.0
2016-09-09 11:00:00,20.7,79,12.7,386.0,814.9
2016-09-09 12:00:00,22.0,72,12.9,549.0,815.0
2016-09-09 13:00:00,22.8,68,12.8,593.0,814.4
2016-09-09 14:00:00,23.4,67,11.3,712.0,814.1
2016-09-09 15:00:00,23.7,65,9.3,629.0,813.5
2016-09-09 16:00:00,23.5,67,9.3,484.0,812.9
2016-09-09 17:00:00,22.9,70,8.3,348.0,812.2
2016-09-09 18:00:00,22.1,73,2.9,153.0,812.7
2016-09-09 19:00:00,20.8,84,1.8,54.0,812.5
2016-09-09 20:00:00,19.8,91,2.7,1.0,812.6
2016-09-09 21:00:00,18.9,95,3.9,0.0,813.5
2016-09-09 22:00:00,18.3,96,6.0,0.0,814.0
2016-09-09 23:00:00,18.3,98,9.3,0.0,814.3
2016-09-10 00:00:00,18.1,98,13.3,0.0,814.3
2016-09-10 01:00:00,17.9,98,16.8,0.0,814.7
2016-09-10 02:00:00,17.5,97,15.5,0.0,814.2
2016-09-10 03:00:00,16.0,95,15.0,0.0,813.3
2016-09-10 04:00:00,15.4,95,14.7,0.0,813.2
2016-09-10 05:00:00,15.2,95,14.4,0.0,812.7
2016-09-10 06:00:00,15.0,95,15.0,0.0,813.4
2016-09-10 07:00:00,14.9,95,16.3,0.0,813.6
2016-09-10 08:00:00,15.5,87,15.5,8.0,815.0
2016-09-10 09:00:00,15.0,95,14.6,26.0,815.2
2016-09-10 10:00:00,15.5,95,14.0,127.0,815.8
2016-09-10 11:00:00,16.0,93,12.5,191.0,816.1
2016-09-10 12:00:00,16.0,94,11.5,136.0,815.8
2016-09-10 13:00:00,16.9,84,13.2,183.0,815.3
2016-09-10 14:00:00,17.2,83,18.2,142.0,814.5
2016-09-10 15:00:00,19.2,64,16.8,296.0,815.0
2016-09-10 16:00:00,20.2,59,17.4,404.0,815.0
2016-09-10 17:00:00,19.9,59,17.2,227.0,814.8
2016-09-10 18:00:00,19.6,60,16.5,170.0,814.7
2016-09-10 19:00:00,18.9,64,13.0,83.0,814.1
2016-09-10 20:00:00,17.9,67,10.9,2.0,814.2
2016-09-10 21:00:00,17.3,69,10.6,0.0,815.2
2016-09-10 22:00:00,16.7,71,11.3,0.0,815.6
2016-09-10 23:00:00,16.0,74,12.0,0.0,815.5
2016-09-11 00:00:00,15.4,76,11.2,0.0,815.9
2016-09-11 01:00:00,14.7,80,10.5,0.0,815.4
2016-09-11 02:00:00,14.1,82,9.7,0.0,814.8
2016-09-11 03:00:00,13.6,82,8.6,0.0,814.3
2016-09-11 04:00:00,13.1,84,8.2,0.0,813.9
2016-09-11 05:00:00,12.6,85,7.8,0.0,813.8
2016-09-11 06:00:00,12.2,86,9.0,0.0,814.0
2016-09-11 07:00:00,11.9,88,8.3,0.0,814.0
2016-09-11 08:00:00,12.9,86,8.9,80.0,815.3
2016-09-11 09:00:00,15.7,74,11.4,294.0,816.8
2016-09-11 10:00:00,17.4,66,14.8,523.0,817.6
2016-09-11 11:00:00,18.9,60,17.7,731.0,818.2
2016-09-11 12:00:00,20.1,56,18.9,880.0,818.0
2016-09-11 13:00:00,21.2,51,21.7,929.0,818.0
2016-09-11 14:00:00,21.9,47,20.6,843.0,817.3
2016-09-11 15:00:00,21.6,48,19.5,491.0,816.4
2016-09-11 16:00:00,21.7,49,18.9,461.0,815.8
2016-09-11 17:00:00,21.4,50,18.0,329.0,815.3
2016-09-11 18:00:00,20.7,56,14.1,184.0,815.0
2016-09-11 19:00:00,19.7,62,10.8,74.0,814.6
2016-09-11 20:00:00,18.6,68,9.3,2.0,815.3
2016-09-11 21:00:00,17.9,72,9.9,0.0,815.8
2016-09-11 22:00:00,17.4,75,9.8,0.0,816.5
2016-09-11 23:00:00,17.0,78,10.2,0.0,816.4
2016-09-12 00:00:00,16.4,80,9.9,0.0,816.6
2016-09-12 01:00:00,16.0,83,8.5,0.0,816.3
2016-09-12 02:00:00,15.7,85,7.9,0.0,815.7
2016-09-12 03:00:00,15.4,86,7.6,0.0,815.1
2016-09-12 04:00:00,14.7,89,6.5,0.0,814.6
2016-09-12 05:00:00,14.3,90,6.4,0.0,814.5
2016-09-12 06:00:00,13.9,92,6.9,0.0,814.4
2016-09-12 07:00:00,13.8,91,6.5,0.0,814.8
2016-09-12 08:00:00,14.7,89,7.3,67.0,815.9
2016-09-12 09:00:00,16.6,80,10.0,242.0,817.6
2016-09-12 10:00:00,18.0,73,14.1,431.0,818.5
2016-09-12 11:00:00,19.1,68,13.6,600.0,818.8
2016-09-12 12:00:00,19.9,66,11.1,501.0,818.9
2016-09-12 13:00:00,20.2,66,11.1,377.0,818.6
2016-09-12 14:00:00,20.3,66,10.3,314.0,818.1
2016-09-12 15:00:00,20.1,67,9.3,346.0,817.3
2016-09-12 16:00:00,20.5,66,9.6,389.0,816.7
2016-09-12 17:00:00,20.6,65,10.4,302.0,816.6
2016-09-12 18:00:00,20.4,66,8.2,156.0,816.8
2016-09-12 19:00:00,19.8,72,5.1,72.0,816.3
2016-09-12 20:00:00,18.8,79,5.6,1.0,816.7
2016-09-12 21:00:00,18.1,83,5.6,0.0,817.0
2016-09-12 22:00:00,17.9,84,6.4,0.0,818.1
2016-09-12 23:00:00,17.5,86,6.4,0.0,818.2
2016-09-13 00:00:00,17.3,86,6.5,0.0,818.2
2016-09-13 01:00:00,16.9,89,5.8,0.0,818.1
2016-09-13 02:00:00,16.3,92,5.9,0.0,817.5
2016-09-13 03:00:00,16.0,92,5.2,0.0,817.3
2016-09-13 04:00:00,15.7,94,4.7,0.0,817.0
2016-09-13 05:00:00,15.8,94,4.9,0.0,816.8
2016-09-13 06:00:00,15.7,95,3.8,0.0,817.4
2016-09-13 07:00:00,15.4,96,3.8,0.0,817.1
2016-09-13 08:00:00,15.9,95,5.3,51.0,817.3
2016-09-13 09:00:00,17.6,85,7.9,215.0,818.5
2016-09-13 10:00:00,18.9,78,8.6,322.0,819.3
2016-09-13 11:00:00,19.9,74,8.8,495.0,819.4
2016-09-13 12:00:00,20.8,72,10.6,588.0,819.4
2016-09-13 13:00:00,21.8,71,11.3,748.0,819.6
2016-09-13 14:00:00,22.2,71,10.2,692.0,819.1
2016-09-13 15:00:00,22.1,68,9.2,569.0,818.1
2016-09-13 16:00:00,22.5,68,9.2,606.0,817.1
2016-09-13 17:00:00,22.3,68,10.0,453.0,816.4
2016-09-13 18:00:00,21.6,69,8.2,240.0,816.6
2016-09-13 19:00:00,20.7,74,5.2,78.0,816.4
2016-09-13 20:00:00,19.8,79,5.5,1.0,816.2
2016-09-13 21:00:00,19.0,81,6.5,0.0,817.3
2016-09-13 22:00:00,18.3,86,5.4,0.0,817.4
2016-09-13 23:00:00,17.6,89,6.2,0.0,817.5
2016-09-14 00:00:00,17.2,92,5.5,0.0,817.3
2016-09-14 01:00:00,16.6,94,4.9,0.0,816.7
2016-09-14 02:00:00,16.2,96,5.0,0.0,816.1
2016-09-14 03:00:00,15.8,96,4.5,0.0,815.7
2016-09-14 04:00:00,15.5,95,3.7,0.0,815.3
2016-09-14 05:00:00,15.6,95,4.3,0.0,815.6
2016-09-14 06:00:00,15.4,96,4.3,0.0,815.5
2016-09-14 07:00:00,14.9,97,4.7,0.0,815.9
2016-09-14 08:00:00,16.1,96,5.0,37.0,816.8
2016-09-14 09:00:00,17.8,87,7.4,180.0,817.8
2016-09-14 10:00:00,19.4,78,8.0,395.0,818.6
2016-09-14 11:00:00,20.7,72,7.6,516.0,818.8
2016-09-14 12:00:00,21.8,66,8.0,589.0,818.4
2016-09-14 13:00:00,22.7,63,9.1,671.0,817.9
2016-09-14 14:00:00,23.3,61,10.4,725.0,816.8
2016-09-14 15:00:00,23.8,59,11.2,800.0,816.3
2016-09-14 16:00:00,23.7,58,11.3,650.0,815.6
2016-09-14 17:00:00,23.4,59,11.2,444.0,815.1
2016-09-14 18:00:00,23.1,61,9.3,288.0,814.5
2016-09-14 19:00:00,22.0,68,6.3,88.0,814.1
2016-09-14 20:00:00,20.4,81,6.5,1.0,813.8
2016-09-14 21:00:00,19.4,84,6.8,0.0,813.4
2016-09-14 22:00:00,18.6,85,6.6,0.0,813.9
2016-09-14 23:00:00,18.0,87,6.6,0.0,813.7
2016-09-15 00:00:00,17.4,88,7.1,0.0,814.0
2016-09-15 01:00:00,17.3,89,6.6,0.0,814.0
2016-09-15 02:00:00,17.0,90,6.9,0.0,814.0
2016-09-15 03:00:00,16.9,90,5.3,0.0,813.7
2016-09-15 04:00:00,16.4,92,4.6,0.0,813.5
2016-09-15 05:00:00,17.0,91,3.7,0.0,814.0
2016-09-15 06:00:00,16.5,93,4.0,0.0,813.3
2016-09-15 07:00:00,14.8,97,5.8,0.0,813.0
2016-09-15 08:00:00,16.0,97,4.7,45.0,814.1
2016-09-15 09:00:00,18.7,87,4.7,230.0,816.2
2016-09-15 10:00:00,19.9,83,4.6,435.0,816.8
2016-09-15 11:00:00,21.2,80,3.3,551.0,817.1
2016-09-15 12:00:00,22.3,78,4.3,681.0,817.2
2016-09-15 13:00:00,23.2,77,6.6,776.0,816.7
2016-09-15 14:00:00,23.8,76,8.9,688.0,816.2
2016-09-15 15:00:00,23.4,72,10.0,507.0,816.0
2016-09-15 16:00:00,21.6,75,8.2,386.0,814.6
2016-09-15 17:00:00,20.1,82,8.0,206.0,814.5
2016-09-15 18:00:00,19.4,86,7.2,76.0,813.5
2016-09-15 19:00:00,19.0,89,7.4,37.0,814.2
2016-09-15 20:00:00,18.4,93,7.6,1.0,814.4
2016-09-15 21:00:00,18.0,93,8.7,0.0,815.1
2016-09-15 22:00:00,17.7,95,8.6,0.0,815.4
2016-09-15 23:00:00,17.5,95,7.2,0.0,815.6
2016-09-16 00:00:00,17.4,93,6.1,0.0,816.1
2016-09-16 01:00:00,17.2,94,7.4,0.0,815.9
2016-09-16 02:00:00,17.1,95,7.2,0.0,815.5
2016-09-16 03:00:00,16.7,98,5.9,0.0,815.2
2016-09-16 04:00:00,16.6,99,6.2,0.0,814.7
2016-09-16 05:00:00,16.5,99,5.6,0.0,814.8
2016-09-16 06:00:00,16.4,99,5.0,0.0,814.8
2016-09-16 07:00:00,16.3,99,5.1,0.0,814.7
2016-09-16 08:00:00,16.5,99,5.5,18.0,815.4
2016-09-16 09:00:00,16.8,98,5.6,75.0,815.9
2016-09-16 10:00:00,17.7,95,5.5,180.0,817.2
2016-09-16 11:00:00,18.6,93,6.1,249.0,817.2
2016-09-16 12:00:00,20.0,89,5.9,473.0,817.5
2016-09-16 13:00:00,20.8,86,5.2,527.0,817.1
2016-09-16 14:00:00,21.9,84,4.1,742.0,816.0
2016-09-16 15:00:00,21.3,84,3.0,524.0,814.8
2016-09-16 16:00:00,21.6,81,2.4,455.0,814.1
2016-09-16 17:00:00,21.5,80,1.3,365.0,813.5
2016-09-16 18:00:00,21.0,79,2.4,231.0,813.0
2016-09-16 19:00:00,19.8,81,4.7,74.0,813.7
2016-09-16 20:00:00,18.7,86,4.7,0.0,813.7
2016-09-16 21:00:00,18.3,89,2.0,0.0,814.1
2016-09-16 22:00:00,17.8,92,4.1,0.0,814.5
2016-09-16 23:00:00,17.5,93,3.5,0.0,814.7
2016-09-17 00:00:00,16.9,94,4.3,0.0,814.7
2016-09-17 01:00:00,16.9,95,3.3,0.0,814.9
2016-09-17 02:00:00,16.9,96,4.2,0.0,814.4
2016-09-17 03:00:00,16.7,98,4.9,0.0,813.9
2016-09-17 04:00:00,16.6,97,5.4,0.0,813.8
2016-09-17 05:00:00,16.4,98,5.8,0.0,813.7
2016-09-17 06:00:00,16.2,98,4.5,0.0,813.8
2016-09-17 07:00:00,16.1,98,4.9,0.0,814.1
2016-09-17 08:00:00,16.6,98,4.9,32.0,814.5
2016-09-17 09:00:00,17.7,93,5.1,154.0,815.9
2016-09-17 10:00:00,18.6,92,5.1,222.0,817.1
2016-09-17 11:00:00,20.3,89,6.4,485.0,817.5
2016-09-17 12:00:00,21.2,87,7.1,554.0,817.7
2016-09-17 13:00:00,22.2,83,6.5,677.0,817.4
2016-09-17 14:00:00,23.1,81,7.7,806.0,817.1
2016-09-17 15:00:00,21.2,86,6.9,463.0,815.4
2016-09-17 16:00:00,21.0,86,7.6,330.0,814.9
2016-09-17 17:00:00,20.2,87,7.6,260.0,813.9
2016-09-17 18:00:00,19.3,87,5.6,114.0,813.4
2016-09-17 19:00:00,18.6,90,3.1,47.0,813.4
2016-09-17 20:00:00,18.2,92,5.9,0.0,814.2
2016-09-17 21:00:00,17.9,90,4.6,0.0,814.9
2016-09-17 22:00:00,17.4,93,6.2,0.0,814.8
2016-09-17 23:00:00,16.7,98,5.8,0.0,814.9
2016-09-18 00:00:00,16.7,98,4.7,0.0,815.0
2016-09-18 01:00:00,16.8,99,4.6,0.0,815.5
2016-09-18 02:00:00,16.9,98,5.0,0.0,815.6
2016-09-18 03:00:00,16.7,98,5.2,0.0,814.8
2016-09-18 04:00:00,16.7,98,4.8,0.0,814.9
2016-09-18 05:00:00,16.8,96,4.8,0.0,815.0
2016-09-18 06:00:00,16.7,99,4.8,0.0,814.7
2016-09-18 07:00:00,16.5,99,5.5,0.0,814.5
2016-09-18 08:00:00,16.9,99,5.5,28.0,815.8
2016-09-18 09:00:00,17.5,96,5.6,69.0,816.6
2016-09-18 10:00:00,18.4,95,5.8,171.0,817.6
2016-09-18 11:00:00,19.2,93,5.7,256.0,818.1
2016-09-18 12:00:00,19.8,91,6.9,313.0,817.6
2016-09-18 13:00:00,20.8,88,8.2,424.0,817.2
2016-09-18 14:00:00,21.7,85,9.7,540.0,816.9
2016-09-18 15:00:00,22.2,83,11.6,568.0,816.3
2016-09-18 16:00:00,20.5,81,12.1,404.0,814.9
2016-09-18 17:00:00,20.6,79,9.5,334.0,814.6
2016-09-18 18:00:00,20.2,80,6.9,197.0,813.7
2016-09-18 19:00:00,19.4,84,7.1,57.0,814.5
2016-09-18 20:00:00,18.6,88,5.6,0.0,814.3
2016-09-18 21:00:00,18.2,90,5.9,0.0,814.8
2016-09-18 22:00:00,17.8,91,6.6,0.0,815.1
2016-09-18 23:00:00,17.4,91,6.6,0.0,815.5
2016-09-19 00:00:00,17.2,90,4.7,0.0,815.7
2016-09-19 01:00:00,16.8,92,4.1,0.0,815.5
2016-09-19 02:00:00,17.0,90,4.3,0.0,815.3
2016-09-19 03:00:00,16.9,95,6.1,0.0,815.0
2016-09-19 04:00:00,16.7,94,6.5,0.0,814.7
2016-09-19 05:00:00,16.6,94,5.8,0.0,814.5
2016-09-19 06:00:00,16.6,94,5.2,0.0,814.4
2016-09-19 07:00:00,15.8,98,4.3,0.0,814.4
2016-09-19 08:00:00,16.8,94,5.0,23.0,815.3
2016-09-19 09:00:00,17.2,93,6.0,91.0,815.8
2016-09-19 10:00:00,17.9,93,6.7,153.0,816.6
2016-09-19 11:00:00,18.8,92,8.2,272.0,816.8
2016-09-19 12:00:00,20.1,89,10.0,436.0,816.9
2016-09-19 13:00:00,20.4,87,12.1,393.0,816.4
2016-09-19 14:00:00,21.0,86,15.9,466.0,815.6
2016-09-19 15:00:00,20.6,84,9.3,340.0,815.5
2016-09-19 16:00:00,19.2,85,13.2,302.0,814.4
2016-09-19 17:00:00,18.8,87,6.9,159.0,814.2
2016-09-19 18:00:00,18.5,88,7.6,83.0,815.0
2016-09-19 19:00:00,17.6,91,8.4,33.0,814.5
2016-09-19 20:00:00,16.9,91,10.6,0.0,815.4
2016-09-19 21:00:00,16.2,97,14.3,0.0,815.9
2016-09-19 22:00:00,15.8,98,17.3,0.0,816.7
2016-09-19 23:00:00,15.2,98,17.0,0.0,816.5
2016-09-20 00:00:00,14.7,98,17.3,0.0,817.1
2016-09-20 01:00:00,14.5,93,15.5,0.0,816.9
2016-09-20 02:00:00,14.4,92,15.3,0.0,816.6
2016-09-20 03:00:00,14.3,92,14.5,0.0,816.3
2016-09-20 04:00:00,14.2,92,14.1,0.0,816.0
2016-09-20 05:00:00,14.1,92,14.4,0.0,815.9
2016-09-20 06:00:00,14.0,94,13.4,0.0,816.0
2016-09-20 07:00:00,13.9,95,13.7,0.0,816.1
2016-09-20 08:00:00,13.9,96,13.7,9.0,816.9
2016-09-20 09:00:00,13.9,96,14.0,21.0,817.4
2016-09-20 10:00:00,14.1,97,15.8,52.0,818.2
2016-09-20 11:00:00,14.4,96,15.1,98.0,818.5
2016-09-20 12:00:00,14.4,94,14.0,99.0,818.4
2016-09-20 13:00:00,14.5,91,13.7,109.0,818.2
2016-09-20 14:00:00,15.1,87,12.3,126.0,818.0
2016-09-20 15:00:00,14.3,93,13.0,78.0,817.1
2016-09-20 16:00:00,14.0,97,12.4,63.0,816.3
2016-09-20 17:00:00,14.1,96,11.0,64.0,816.4
2016-09-20 18:00:00,14.0,97,9.2,35.0,816.2
2016-09-20 19:00:00,14.0,97,9.6,13.0,816.3
2016-09-20 20:00:00,14.0,97,9.3,0.0,816.9
2016-09-20 21:00:00,14.0,97,10.0,0.0,817.7
2016-09-20 22:00:00,14.4,93,11.6,0.0,818.5
2016-09-20 23:00:00,14.3,93,12.6,0.0,818.8
2016-09-21 00:00:00,13.9,97,13.3,0.0,819.1
2016-09-21 01:00:00,13.8,98,13.0,0.0,819.0
2016-09-21 02:00:00,13.7,98,12.2,0.0,818.9
2016-09-21 03:00:00,13.9,94,11.5,0.0,818.7
2016-09-21 04:00:00,13.8,95,10.5,0.0,818.5
2016-09-21 05:00:00,13.8,95,10.9,0.0,818.7
2016-09-21 06:00:00,13.7,95,10.3,0.0,818.7
2016-09-21 07:00:00,13.7,94,10.6,0.0,819.0
2016-09-21 08:00:00,13.7,94,10.5,7.0,819.5
2016-09-21 09:00:00,14.1,94,10.9,26.0,820.2
2016-09-21 10:00:00,14.3,92,12.2,62.0,820.9
2016-09-21 11:00:00,15.0,86,10.5,137.0,821.3
2016-09-21 12:00:00,15.8,81,9.0,208.0,821.0
2016-09-21 13:00:00,16.4,78,7.8,200.0,820.6
2016-09-21 14:00:00,17.3,73,8.0,280.0,820.3
2016-09-21 15:00:00,18.4,69,7.6,264.0,820.1
2016-09-21 16:00:00,18.7,68,8.0,247.0,819.8
2016-09-21 17:00:00,18.7,69,8.4,183.0,819.4
2016-09-21 18:00:00,18.4,72,8.0,96.0,819.4
2016-09-21 19:00:00,17.9,76,5.8,32.0,819.2
2016-09-21 20:00:00,17.4,80,4.6,0.0,819.1
2016-09-21 21:00:00,17.1,82,5.7,0.0,819.4
2016-09-21 22:00:00,16.7,83,6.4,0.0,820.0
2016-09-21 23:00:00,16.3,85,6.2,0.0,820.0
2016-09-22 00:00:00,15.6,88,6.3,0.0,819.5
2016-09-22 01:00:00,15.0,90,5.4,0.0,818.9
2016-09-22 02:00:00,14.5,92,5.3,0.0,818.1
2016-09-22 03:00:00,13.8,94,5.5,0.0,817.5
2016-09-22 04:00:00,13.3,96,4.9,0.0,817.0
2016-09-22 05:00:00,13.2,97,4.5,0.0,817.2
2016-09-22 06:00:00,12.7,98,4.3,0.0,816.6
2016-09-22 07:00:00,12.3,98,4.6,0.0,816.8
2016-09-22 08:00:00,12.8,99,3.7,54.0,817.2
2016-09-22 09:00:00,15.4,92,3.6,215.0,819.2
2016-09-22 10:00:00,17.1,79,5.6,420.0,820.2
2016-09-22 11:00:00,18.6,72,6.9,613.0,820.4
2016-09-22 12:00:00,19.7,67,7.4,626.0,820.3
2016-09-22 13:00:00,20.4,64,8.9,540.0,819.8
2016-09-22 14:00:00,20.5,63,9.5,368.0,819.2
2016-09-22 15:00:00,20.6,62,10.5,393.0,818.2
2016-09-22 16:00:00,20.6,62,11.2,339.0,817.9
2016-09-22 17:00:00,20.2,64,11.5,225.0,817.2
2016-09-22 18:00:00,19.9,66,10.1,154.0,817.4
2016-09-22 19:00:00,19.1,72,6.5,51.0,816.8
2016-09-22 20:00:00,18.1,77,6.4,0.0,816.4
2016-09-22 21:00:00,17.6,79,7.3,0.0,816.5
2016-09-22 22:00:00,17.1,82,6.7,0.0,816.7
2016-09-22 23:00:00,16.4,85,5.9,0.0,816.7
2016-09-23 00:00:00,15.8,87,5.8,0.0,816.4
2016-09-23 01:00:00,15.4,88,6.3,0.0,816.1
2016-09-23 02:00:00,15.0,89,6.6,0.0,815.6
2016-09-23 03:00:00,14.6,90,6.9,0.0,814.8
2016-09-23 04:00:00,14.3,92,6.1,0.0,814.7
2016-09-23 05:00:00,14.0,92,5.4,0.0,814.5
2016-09-23 06:00:00,13.9,93,5.0,0.0,814.6
2016-09-23 07:00:00,13.7,94,4.6,0.0,814.3
2016-09-23 08:00:00,14.5,94,4.6,50.0,815.5
2016-09-23 09:00:00,16.6,85,7.2,201.0,817.1
2016-09-23 10:00:00,18.0,79,7.7,372.0,817.5
2016-09-23 11:00:00,19.8,72,8.1,554.0,817.9
2016-09-23 12:00:00,20.7,68,8.2,494.0,817.8
2016-09-23 13:00:00,21.0,67,9.4,391.0,817.1
2016-09-23 14:00:00,21.4,66,10.4,585.0,816.4
2016-09-23 15:00:00,21.3,66,10.5,413.0,815.5
2016-09-23 16:00:00,21.5,65,11.4,488.0,814.9
2016-09-23 17:00:00,21.4,65,11.5,350.0,814.6
2016-09-23 18:00:00,20.7,69,9.0,136.0,814.4
2016-09-23 19:00:00,19.8,75,6.8,44.0,814.1
2016-09-23 20:00:00,18.9,80,7.4,0.0,814.2
2016-09-23 21:00:00,18.3,83,7.7,0.0,814.6
2016-09-23 22:00:00,17.9,85,8.4,0.0,815.0
2016-09-23 23:00:00,17.8,85,7.9,0.0,815.3
2016-09-24 00:00:00,17.7,86,8.4,0.0,815.2
2016-09-24 01:00:00,17.5,87,7.2,0.0,815.4
2016-09-24 02:00:00,17.2,88,8.0,0.0,814.7
2016-09-24 03:00:00,17.1,89,8.4,0.0,814.6
2016-09-24 04:00:00,16.7,91,7.2,0.0,814.2
2016-09-24 05:00:00,16.4,92,6.2,0.0,813.9
2016-09-24 06:00:00,16.1,94,6.9,0.0,813.9
2016-09-24 07:00:00,15.7,95,5.2,0.0,813.9
2016-09-24 08:00:00,16.0,96,5.8,56.0,814.6
2016-09-24 09:00:00,17.9,86,9.6,223.0,816.0
2016-09-24 10:00:00,19.5,76,12.1,361.0,816.9
2016-09-24 11:00:00,20.5,71,13.8,365.0,816.8
2016-09-24 12:00:00,20.8,70,14.8,318.0,816.6
2016-09-24 13:00:00,21.5,67,15.6,423.0,815.8
2016-09-24 14:00:00,22.1,65,15.6,529.0,815.1
2016-09-24 15:00:00,22.4,62,15.8,474.0,814.4
2016-09-24 16:00:00,22.4,63,14.8,435.0,814.3
2016-09-24 17:00:00,22.4,63,14.3,354.0,813.8
2016-09-24 18:00:00,21.8,67,10.4,185.0,813.7
2016-09-24 19:00:00,20.9,72,6.6,52.0,812.7
2016-09-24 20:00:00,19.8,77,7.7,0.0,812.6
2016-09-24 21:00:00,19.1,80,8.2,0.0,813.1
2016-09-24 22:00:00,18.6,82,8.1,0.0,813.5
2016-09-24 23:00:00,18.2,83,7.8,0.0,813.8
2016-09-25 00:00:00,17.9,83,7.6,0.0,813.9
2016-09-25 01:00:00,17.7,84,8.0,0.0,814.0
2016-09-25 02:00:00,17.0,87,8.1,0.0,813.4
2016-09-25 03:00:00,16.3,91,7.5,0.0,812.7
2016-09-25 04:00:00,16.2,90,6.6,0.0,812.4
2016-09-25 05:00:00,16.4,90,6.2,0.0,812.8
2016-09-25 06:00:00,16.3,91,5.2,0.0,813.3
2016-09-25 07:00:00,15.0,95,6.1,0.0,812.7
2016-09-25 08:00:00,15.8,94,5.8,59.0,814.1
2016-09-25 09:00:00,18.5,85,6.9,255.0,816.0
2016-09-25 10:00:00,20.0,77,11.3,472.0,816.8
2016-09-25 11:00:00,21.4,71,12.5,612.0,817.0
2016-09-25 12:00:00,22.2,67,13.0,543.0,817.0
2016-09-25 13:00:00,22.6,66,13.1,529.0,816.3
2016-09-25 14:00:00,22.8,64,14.1,577.0,816.0
2016-09-25 15:00:00,23.2,61,14.1,681.0,815.4
2016-09-25 16:00:00,23.2,61,13.5,537.0,815.0
2016-09-25 17:00:00,23.0,62,12.2,362.0,814.4
2016-09-25 18:00:00,22.5,65,8.2,196.0,814.3
2016-09-25 19:00:00,21.3,72,7.2,55.0,813.3
2016-09-25 20:00:00,20.2,77,7.7,0.0,813.5
2016-09-25 21:00:00,19.5,80,7.6,0.0,814.0
2016-09-25 22:00:00,18.6,84,7.6,0.0,813.9
2016-09-25 23:00:00,17.7,88,7.8,0.0,813.5
2016-09-26 00:00:00,17.0,90,7.8,0.0,813.8
2016-09-26 01:00:00,16.7,90,7.2,0.0,813.5
2016-09-26 02:00:00,17.7,87,6.1,0.0,814.0
2016-09-26 03:00:00,17.1,92,5.8,0.0,813.2
2016-09-26 04:00:00,17.2,93,4.4,0.0,813.3
2016-09-26 05:00:00,16.9,95,4.3,0.0,813.1
2016-09-26 06:00:00,16.7,97,3.1,0.0,813.3
2016-09-26 07:00:00,16.4,97,3.1,0.0,813.3
2016-09-26 08:00:00,16.7,97,3.9,58.0,814.1
2016-09-26 09:00:00,18.9,88,6.6,245.0,816.4
2016-09-26 10:00:00,20.5,78,13.0,443.0,817.2
2016-09-26 11:00:00,21.7,71,14.0,527.0,817.5
2016-09-26 12:00:00,22.3,68,14.1,591.0,817.3
2016-09-26 13:00:00,23.1,64,13.7,707.0,816.6
2016-09-26 14:00:00,23.6,61,13.1,675.0,815.9
2016-09-26 15:00:00,23.6,61,12.8,518.0,815.1
2016-09-26 16:00:00,23.9,60,12.3,547.0,814.8
2016-09-26 17:00:00,23.7,61,10.7,406.0,814.4
2016-09-26 18:00:00,23.1,65,7.4,208.0,814.2
2016-09-26 19:00:00,22.0,72,6.7,56.0,813.4
2016-09-26 20:00:00,20.5,82,7.6,0.0,813.4
2016-09-26 21:00:00,19.2,87,7.0,0.0,813.4
2016-09-26 22:00:00,18.4,89,7.3,0.0,813.9
2016-09-26 23:00:00,17.8,91,6.8,0.0,814.1
2016-09-27 00:00:00,17.5,91,6.8,0.0,814.4
2016-09-27 01:00:00,17.4,92,7.2,0.0,814.5
2016-09-27 02:00:00,17.3,94,6.8,0.0,814.3
2016-09-27 03:00:00,18.2,92,4.5,0.0,814.6
2016-09-27 04:00:00,17.8,94,1.3,0.0,814.1
2016-09-27 05:00:00,17.5,96,1.1,0.0,814.0
2016-09-27 06:00:00,17.2,97,1.9,0.0,814.2
2016-09-27 07:00:00,17.1,98,2.5,0.0,814.7
2016-09-27 08:00:00,17.3,99,2.2,53.0,815.6
2016-09-27 09:00:00,19.2,90,3.8,227.0,817.3
2016-09-27 10:00:00,21.0,78,5.4,438.0,818.3
2016-09-27 11:00:00,22.1,72,5.1,520.0,818.4
2016-09-27 12:00:00,23.3,68,5.4,739.0,818.5
2016-09-27 13:00:00,23.8,67,6.2,712.0,817.8
2016-09-27 14:00:00,24.3,67,6.5,734.0,817.0
2016-09-27 15:00:00,24.5,72,7.2,730.0,816.3
2016-09-27 16:00:00,24.0,72,9.4,478.0,815.4
2016-09-27 17:00:00,21.8,78,4.5,305.0,814.9
2016-09-27 18:00:00,20.4,83,5.5,130.0,815.7
2016-09-27 19:00:00,19.8,88,3.2,25.0,814.7
2016-09-27 20:00:00,19.2,93,3.9,0.0,815.3
2016-09-27 21:00:00,18.3,96,5.0,0.0,815.3
2016-09-27 22:00:00,17.9,97,5.7,0.0,815.7
2016-09-27 23:00:00,17.6,97,6.0,0.0,816.1
2016-09-28 00:00:00,17.4,97,6.3,0.0,816.2
2016-09-28 01:00:00,17.4,94,7.2,0.0,816.3
2016-09-28 02:00:00,17.0,99,7.2,0.0,816.2
2016-09-28 03:00:00,16.6,99,5.9,0.0,815.7
2016-09-28 04:00:00,16.7,99,5.0,0.0,815.7
2016-09-28 05:00:00,16.7,99,6.5,0.0,815.8
2016-09-28 06:00:00,16.7,99,10.1,0.0,815.7
2016-09-28 07:00:00,16.6,98,11.1,0.0,816.3
2016-09-28 08:00:00,16.5,92,11.8,15.0,817.0
2016-09-28 09:00:00,16.5,87,12.4,66.0,817.6
2016-09-28 10:00:00,16.9,82,13.5,158.0,818.2
2016-09-28 11:00:00,17.4,80,15.5,250.0,818.5
2016-09-28 12:00:00,18.2,77,15.7,339.0,818.3
2016-09-28 13:00:00,19.5,72,15.3,503.0,818.2
2016-09-28 14:00:00,20.0,72,14.0,461.0,817.3
2016-09-28 15:00:00,20.5,69,13.3,497.0,817.0
2016-09-28 16:00:00,20.5,69,13.7,353.0,816.4
2016-09-28 17:00:00,20.0,70,15.3,230.0,815.7
2016-09-28 18:00:00,19.3,73,13.2,151.0,814.9
2016-09-28 19:00:00,18.4,77,9.7,45.0,815.0
2016-09-28 20:00:00,17.7,80,7.3,0.0,815.5
2016-09-28 21:00:00,17.2,81,7.8,0.0,815.6
2016-09-28 22:00:00,16.9,82,8.2,0.0,815.8
2016-09-28 23:00:00,16.7,83,7.5,0.0,816.3
2016-09-29 00:00:00,16.8,82,8.4,0.0,816.4
2016-09-29 01:00:00,16.9,82,8.3,0.0,816.1
2016-09-29 02:00:00,16.9,81,7.6,0.0,815.8
2016-09-29 03:00:00,16.7,82,6.2,0.0,815.1
2016-09-29 04:00:00,16.2,85,6.2,0.0,814.9
2016-09-29 05:00:00,15.9,87,6.3,0.0,814.5
2016-09-29 06:00:00,15.5,88,5.3,0.0,814.3
2016-09-29 07:00:00,15.1,90,5.3,0.0,814.6
2016-09-29 08:00:00,15.6,88,5.6,48.0,815.3
2016-09-29 09:00:00,17.1,79,7.2,199.0,816.6
2016-09-29 10:00:00,18.2,74,8.6,404.0,817.4
2016-09-29 11:00:00,19.0,70,8.4,519.0,817.6
2016-09-29 12:00:00,20.3,66,7.3,663.0,817.5
2016-09-29 13:00:00,21.2,64,5.5,682.0,816.9
2016-09-29 14:00:00,21.8,62,5.0,595.0,816.3
2016-09-29 15:00:00,22.0,61,5.2,498.0,815.5
2016-09-29 16:00:00,22.1,61,6.2,375.0,814.9
2016-09-29 17:00:00,22.2,60,7.9,328.0,814.6
2016-09-29 18:00:00,21.6,63,7.9,159.0,814.2
2016-09-29 19:00:00,20.6,70,6.1,43.0,813.8
2016-09-29 20:00:00,19.5,78,6.4,0.0,813.9
2016-09-29 21:00:00,18.7,83,5.8,0.0,814.1
2016-09-29 22:00:00,18.7,82,4.5,0.0,814.5
2016-09-29 23:00:00,18.6,80,5.9,0.0,815.0
2016-09-30 00:00:00,18.4,80,7.6,0.0,815.5
2016-09-30 01:00:00,18.1,80,8.2,0.0,815.6
2016-09-30 02:00:00,17.8,81,7.3,0.0,815.1
2016-09-30 03:00:00,17.7,83,8.3,0.0,815.0
2016-09-30 04:00:00,17.4,84,8.6,0.0,814.8
2016-09-30 05:00:00,17.1,86,9.0,0.0,814.5
2016-09-30 06:00:00,16.9,87,8.0,0.0,814.9
2016-09-30 07:00:00,16.7,88,7.6,0.0,814.9
2016-09-30 08:00:00,16.5,90,7.7,5.0,814.9
2016-09-30 09:00:00,15.7,97,8.2,19.0,815.0
2016-09-30 10:00:00,16.0,97,9.0,84.0,815.4
2016-09-30 11:00:00,16.3,97,8.4,113.0,815.5
2016-09-30 12:00:00,16.7,90,8.2,161.0,815.4
2016-09-30 13:00:00,17.1,86,7.9,122.0,814.9
2016-09-30 14:00:00,17.6,84,6.9,133.0,814.2
2016-09-30 15:00:00,19.1,76,5.9,180.0,814.3
2016-09-30 16:00:00,19.8,73,7.2,312.0,813.9
2016-09-30 17:00:00,19.6,75,6.9,224.0,813.5
2016-09-30 18:00:00,19.3,78,6.0,149.0,812.9
2016-09-30 19:00:00,18.5,83,6.0,37.0,813.1
2016-09-30 20:00:00,18.0,87,6.8,0.0,813.5
2016-09-30 21:00:00,17.3,91,6.0,0.0,814.1
2016-09-30 22:00:00,17.2,92,6.1,0.0,814.7
2016-09-30 23:00:00,17.0,93,6.0,0.0,814.9
2016-10-01 00:00:00,17.0,92,4.5,0.0,815.4
2016-10-01 01:00:00,16.9,92,4.7,0.0,815.4
2016-10-01 02:00:00,16.7,92,5.0,0.0,814.8
2016-10-01 03:00:00,16.8,94,5.2,0.0,814.6
2016-10-01 04:00:00,16.7,94,4.8,0.0,814.5
2016-10-01 05:00:00,16.7,94,4.7,0.0,814.4
2016-10-01 06:00:00,16.6,94,4.3,0.0,814.4
2016-10-01 07:00:00,16.5,95,4.5,0.0,814.4
2016-10-01 08:00:00,16.6,95,5.4,11.0,815.2
2016-10-01 09:00:00,17.0,91,6.3,51.0,815.9
2016-10-01 10:00:00,17.6,90,6.1,142.0,816.9
2016-10-01 11:00:00,18.1,89,6.1,227.0,817.6
2016-10-01 12:00:00,18.6,88,6.3,252.0,817.5
2016-10-01 13:00:00,18.9,86,6.3,218.0,817.5
2016-10-01 14:00:00,19.1,85,7.2,217.0,816.5
2016-10-01 15:00:00,18.4,85,7.2,181.0,815.8
2016-10-01 16:00:00,18.6,86,12.0,192.0,814.8
2016-10-01 17:00:00,18.4,85,10.1,147.0,815.4
2016-10-01 18:00:00,17.9,87,8.7,74.0,815.3
2016-10-01 19:00:00,17.5,88,7.2,6.0,815.6
2016-10-01 20:00:00,17.0,92,5.9,0.0,816.2
2016-10-01 21:00:00,16.5,97,7.1,0.0,816.4
2016-10-01 22:00:00,16.4,98,8.4,0.0,817.2
2016-10-01 23:00:00,16.3,97,8.3,0.0,817.5
2016-10-02 00:00:00,16.2,98,6.2,0.0,817.6
2016-10-02 01:00:00,16.1,98,4.2,0.0,817.5
2016-10-02 02:00:00,16.0,98,4.3,0.0,817.2
2016-10-02 03:00:00,15.9,98,3.5,0.0,816.8
2016-10-02 04:00:00,15.5,99,3.8,0.0,816.4
2016-10-02 05:00:00,15.2,99,4.2,0.0,816.1
2016-10-02 06:00:00,14.6,99,4.0,0.0,815.6
2016-10-02 07:00:00,14.8,98,3.7,0.0,816.1
2016-10-02 08:00:00,15.3,98,3.2,45.0,817.0
2016-10-02 09:00:00,17.4,91,3.6,195.0,819.0
2016-10-02 10:00:00,19.0,81,4.8,403.0,819.9
2016-10-02 11:00:00,20.3,74,6.8,548.0,820.0
2016-10-02 12:00:00,21.7,66,9.2,667.0,820.2
2016-10-02 13:00:00,22.6,61,10.0,695.0,819.7
2016-10-02 14:00:00,23.3,56,10.5,717.0,819.0
2016-10-02 15:00:00,23.7,53,11.7,740.0,818.3
2016-10-02 16:00:00,23.8,51,12.8,630.0,817.4
2016-10-02 17:00:00,23.6,51,13.2,477.0,816.9
2016-10-02 18:00:00,22.7,56,8.4,241.0,816.9
2016-10-02 19:00:00,21.3,62,9.4,52.0,816.1
2016-10-02 20:00:00,19.7,69,9.2,0.0,815.7
2016-10-02 21:00:00,18.4,75,9.0,0.0,815.9
2016-10-02 22:00:00,17.8,75,9.5,0.0,816.1
2016-10-02 23:00:00,17.3,77,10.0,0.0,816.4
2016-10-03 00:00:00,16.3,83,8.0,0.0,816.3
2016-10-03 01:00:00,15.6,86,6.5,0.0,816.3
2016-10-03 02:00:00,14.8,89,6.6,0.0,815.4
2016-10-03 03:00:00,14.9,87,6.6,0.0,815.3
2016-10-03 04:00:00,15.1,88,5.5,0.0,815.4
2016-10-03 05:00:00,15.3,88,4.9,0.0,815.2
2016-10-03 06:00:00,15.1,90,4.6,0.0,815.4
2016-10-03 07:00:00,14.9,92,4.6,0.0,815.8
2016-10-03 08:00:00,14.9,93,3.3,59.0,816.3
2016-10-03 09:00:00,17.4,84,3.7,266.0,818.5
2016-10-03 10:00:00,19.2,75,5.8,498.0,819.7
2016-10-03 11:00:00,20.5,69,6.8,691.0,820.0
2016-10-03 12:00:00,21.7,62,6.5,829.0,819.9
2016-10-03 13:00:00,22.7,55,6.2,889.0,819.1
2016-10-03 14:00:00,23.4,50,6.5,900.0,818.3
2016-10-03 15:00:00,23.5,48,6.9,822.0,817.0
2016-10-03 16:00:00,23.6,47,6.8,677.0,816.3
2016-10-03 17:00:00,23.3,48,7.6,487.0,815.7
2016-10-03 18:00:00,22.4,53,6.9,253.0,815.0
2016-10-03 19:00:00,20.8,62,8.7,50.0,814.1
2016-10-03 20:00:00,19.0,72,8.7,0.0,813.6
2016-10-03 21:00:00,17.7,78,8.7,0.0,813.5
2016-10-03 22:00:00,17.3,77,9.0,0.0,813.9
2016-10-03 23:00:00,17.3,75,8.7,0.0,814.2
2016-10-04 00:00:00,16.7,78,8.6,0.0,814.4
2016-10-04 01:00:00,16.1,80,8.5,0.0,814.3
2016-10-04 02:00:00,16.1,80,7.6,0.0,814.4
2016-10-04 03:00:00,15.7,80,7.9,0.0,814.0
2016-10-04 04:00:00,15.9,80,7.2,0.0,814.2
2016-10-04 05:00:00,16.5,79,6.0,0.0,814.4
2016-10-04 06:00:00,16.5,81,4.0,0.0,814.8
2016-10-04 07:00:00,16.1,84,1.6,0.0,814.9
2016-10-04 08:00:00,16.0,86,1.1,57.0,815.0
2016-10-04 09:00:00,17.9,82,1.1,262.0,816.7
2016-10-04 10:00:00,19.7,74,2.7,490.0,817.7
2016-10-04 11:00:00,21.2,64,4.3,686.0,818.0
2016-10-04 12:00:00,22.1,58,5.1,750.0,817.6
2016-10-04 13:00:00,22.9,54,5.9,829.0,816.9
2016-10-04 14:00:00,23.5,51,5.1,817.0,816.1
2016-10-04 15:00:00,23.8,45,3.6,761.0,815.5
2016-10-04 16:00:00,23.9,44,2.2,576.0,815.1
2016-10-04 17:00:00,23.7,43,2.8,399.0,814.8
2016-10-04 18:00:00,23.1,49,4.0,206.0,814.5
2016-10-04 19:00:00,21.3,63,7.0,42.0,814.0
2016-10-04 20:00:00,20.1,68,7.4,0.0,813.8
2016-10-04 21:00:00,19.2,73,7.7,0.0,814.6
2016-10-04 22:00:00,18.5,77,7.2,0.0,814.8
2016-10-04 23:00:00,19.1,70,6.4,0.0,815.5
2016-10-05 00:00:00,19.3,68,5.1,0.0,816.1
2016-10-05 01:00:00,18.6,72,4.4,0.0,815.6
2016-10-05 02:00:00,18.0,76,2.3,0.0,815.4
2016-10-05 03:00:00,17.5,77,1.6,0.0,815.4
2016-10-05 04:00:00,17.2,80,2.0,0.0,815.4
2016-10-05 05:00:00,16.9,82,3.4,0.0,815.4
2016-10-05 06:00:00,15.1,88,5.3,0.0,814.6
2016-10-05 07:00:00,14.0,91,5.9,0.0,814.5
2016-10-05 08:00:00,14.4,91,5.2,53.0,815.1
2016-10-05 09:00:00,18.0,77,5.0,249.0,817.9
2016-10-05 10:00:00,19.7,70,9.1,461.0,818.7
2016-10-05 11:00:00,20.7,64,11.2,642.0,818.9
2016-10-05 12:00:00,21.5,59,11.1,720.0,818.6
2016-10-05 13:00:00,22.2,55,10.3,805.0,818.1
2016-10-05 14:00:00,22.6,54,9.8,775.0,817.2
2016-10-05 15:00:00,23.0,50,10.0,692.0,816.7
2016-10-05 16:00:00,22.9,49,10.5,566.0,815.7
2016-10-05 17:00:00,22.6,50,10.6,352.0,815.4
2016-10-05 18:00:00,21.8,55,7.4,211.0,814.6
2016-10-05 19:00:00,20.4,64,9.2,42.0,814.0
2016-10-05 20:00:00,18.8,74,9.4,0.0,813.6
2016-10-05 21:00:00,17.5,78,8.9,0.0,813.7
2016-10-05 22:00:00,17.1,77,9.1,0.0,814.1
2016-10-05 23:00:00,16.8,77,9.2,0.0,814.8
2016-10-06 00:00:00,16.4,80,8.7,0.0,815.7
2016-10-06 01:00:00,15.9,84,8.4,0.0,815.6
2016-10-06 02:00:00,15.3,88,6.6,0.0,815.4
2016-10-06 03:00:00,15.5,87,5.9,0.0,815.6
2016-10-06 04:00:00,15.2,90,5.5,0.0,815.4
2016-10-06 05:00:00,15.2,91,5.8,0.0,815.5
2016-10-06 06:00:00,14.7,93,5.1,0.0,815.2
2016-10-06 07:00:00,14.3,95,4.7,0.0,815.4
2016-10-06 08:00:00,14.7,96,5.6,43.0,816.2
2016-10-06 09:00:00,16.6,87,8.2,193.0,817.7
2016-10-06 10:00:00,18.0,78,11.1,360.0,818.4
2016-10-06 11:00:00,19.4,70,11.5,550.0,819.0
2016-10-06 12:00:00,20.2,65,11.9,596.0,818.6
2016-10-06 13:00:00,21.2,60,12.3,740.0,818.4
2016-10-06 14:00:00,21.5,58,12.8,572.0,817.4
2016-10-06 15:00:00,21.6,59,12.1,574.0,816.6
2016-10-06 16:00:00,21.5,59,11.1,448.0,816.0
2016-10-06 17:00:00,21.1,61,10.2,253.0,815.4
2016-10-06 18:00:00,20.6,66,7.1,147.0,814.9
2016-10-06 19:00:00,19.5,73,7.3,33.0,813.9
2016-10-06 20:00:00,18.7,78,7.4,0.0,814.0
2016-10-06 21:00:00,17.9,83,7.3,0.0,814.6
2016-10-06 22:00:00,17.4,87,7.6,0.0,814.8
2016-10-06 23:00:00,17.0,89,8.3,0.0,815.0
2016-10-07 00:00:00,17.0,90,6.7,0.0,814.8
2016-10-07 01:00:00,16.8,91,6.7,0.0,814.9
2016-10-07 02:00:00,16.4,92,6.5,0.0,814.5
2016-10-07 03:00:00,15.9,94,5.8,0.0,814.3
2016-10-07 04:00:00,15.4,95,5.3,0.0,813.9
2016-10-07 05:00:00,15.1,96,5.0,0.0,813.8
2016-10-07 06:00:00,14.3,97,5.1,0.0,813.7
2016-10-07 07:00:00,14.2,98,4.7,0.0,814.0
2016-10-07 08:00:00,14.9,98,5.8,41.0,815.3
2016-10-07 09:00:00,17.2,89,8.7,188.0,816.5
2016-10-07 10:00:00,18.7,79,9.7,323.0,817.6
2016-10-07 11:00:00,19.8,73,11.5,423.0,817.5
2016-10-07 12:00:00,21.1,67,12.3,696.0,817.6
2016-10-07 13:00:00,20.9,69,12.0,515.0,816.6
2016-10-07 14:00:00,21.7,68,11.5,682.0,816.3
2016-10-07 15:00:00,21.8,71,10.4,504.0,815.6
2016-10-07 16:00:00,21.8,72,10.5,395.0,814.9
2016-10-07 17:00:00,21.3,73,9.2,283.0,814.7
2016-10-07 18:00:00,20.2,76,5.8,123.0,814.5
2016-10-07 19:00:00,19.1,82,5.2,25.0,814.4
2016-10-07 20:00:00,18.3,89,6.1,0.0,814.5
2016-10-07 21:00:00,17.5,92,5.6,0.0,815.0
2016-10-07 22:00:00,16.2,98,5.9,0.0,814.9
2016-10-07 23:00:00,16.0,98,5.4,0.0,815.6
2016-10-08 00:00:00,15.8,98,5.8,0.0,815.9
2016-10-08 01:00:00,16.1,98,6.0,0.0,816.4
2016-10-08 02:00:00,16.1,97,4.8,0.0,816.0
2016-10-08 03:00:00,16.1,99,5.1,0.0,815.9
2016-10-08 04:00:00,16.1,98,4.9,0.0,815.7
2016-10-08 05:00:00,16.1,98,4.2,0.0,815.8
2016-10-08 06:00:00,15.9,98,4.5,0.0,815.9
2016-10-08 07:00:00,15.8,98,4.5,0.0,816.1
2016-10-08 08:00:00,16.1,98,6.1,16.0,816.8
2016-10-08 09:00:00,16.5,97,7.3,75.0,817.6
2016-10-08 10:00:00,17.1,98,9.7,169.0,818.4
2016-10-08 11:00:00,17.3,96,9.7,207.0,818.5
2016-10-08 12:00:00,18.0,93,9.8,324.0,818.6
2016-10-08 13:00:00,17.7,91,9.1,223.0,817.8
2016-10-08 14:00:00,17.7,91,8.6,203.0,816.6
2016-10-08 15:00:00,17.5,86,9.8,163.0,815.4
2016-10-08 16:00:00,17.8,86,9.2,214.0,815.2
2016-10-08 17:00:00,17.3,89,10.8,96.0,814.4
2016-10-08 18:00:00,16.9,91,9.0,62.0,814.5
2016-10-08 19:00:00,16.6,93,8.0,11.0,814.7
2016-10-08 20:00:00,16.2,94,8.7,0.0,815.3
2016-10-08 21:00:00,16.1,95,9.5,0.0,815.7
2016-10-08 22:00:00,16.0,95,8.0,0.0,816.3
2016-10-08 23:00:00,16.0,95,7.4,0.0,816.3
2016-10-09 00:00:00,15.6,98,7.8,0.0,816.1
2016-10-09 01:00:00,15.6,99,8.0,0.0,815.7
2016-10-09 02:00:00,15.7,97,7.4,0.0,815.4
2016-10-09 03:00:00,15.6,99,7.6,0.0,815.0
2016-10-09 04:00:00,15.6,99,8.6,0.0,814.6
2016-10-09 05:00:00,15.5,99,8.7,0.0,814.5
2016-10-09 06:00:00,15.5,99,9.5,0.0,814.2
2016-10-09 07:00:00,15.4,99,9.2,0.0,814.3
2016-10-09 08:00:00,15.7,97,10.0,15.0,815.0
2016-10-09 09:00:00,16.4,93,12.2,63.0,815.7
2016-10-09 10:00:00,17.3,89,11.3,139.0,816.0
2016-10-09 11:00:00,18.3,84,13.0,228.0,816.4
2016-10-09 12:00:00,19.7,78,15.1,494.0,816.1
2016-10-09 13:00:00,21.0,70,16.1,635.0,815.8
2016-10-09 14:00:00,21.7,66,16.5,630.0,815.1
2016-10-09 15:00:00,22.2,63,15.1,579.0,814.4
2016-10-09 16:00:00,21.9,65,14.0,352.0,813.6
2016-10-09 17:00:00,22.0,65,11.2,347.0,813.5
2016-10-09 18:00:00,21.3,70,8.7,174.0,813.0
2016-10-09 19:00:00,20.2,76,7.1,23.0,812.6
2016-10-09 20:00:00,19.3,81,7.4,0.0,813.0
2016-10-09 21:00:00,18.7,84,7.5,0.0,813.5
2016-10-09 22:00:00,18.2,87,7.7,0.0,814.2
2016-10-09 23:00:00,17.7,89,7.4,0.0,814.3
2016-10-10 00:00:00,17.4,90,7.5,0.0,814.7
2016-10-10 01:00:00,16.9,94,7.4,0.0,814.2
2016-10-10 02:00:00,16.6,96,8.2,0.0,813.9
2016-10-10 03:00:00,16.9,94,7.8,0.0,813.9
2016-10-10 04:00:00,16.9,95,8.3,0.0,813.6
2016-10-10 05:00:00,16.5,98,7.9,0.0,813.6
2016-10-10 06:00:00,16.4,98,8.0,0.0,813.4
2016-10-10 07:00:00,16.2,99,7.2,0.0,813.4
2016-10-10 08:00:00,16.6,97,6.7,23.0,814.4
2016-10-10 09:00:00,17.1,94,7.7,102.0,815.1
2016-10-10 10:00:00,18.6,87,8.8,287.0,815.9
2016-10-10 11:00:00,19.9,80,10.1,436.0,816.4
2016-10-10 12:00:00,21.0,74,11.2,541.0,816.4
2016-10-10 13:00:00,21.4,73,13.0,590.0,815.4
2016-10-10 14:00:00,21.9,71,12.6,650.0,814.6
2016-10-10 15:00:00,22.0,79,12.6,381.0,813.9
2016-10-10 16:00:00,22.0,79,14.2,370.0,813.6
2016-10-10 17:00:00,20.9,80,10.1,172.0,813.5
2016-10-10 18:00:00,20.2,81,7.8,85.0,813.1
2016-10-10 19:00:00,19.5,85,6.9,17.0,812.6
2016-10-10 20:00:00,18.8,88,8.0,0.0,812.9
2016-10-10 21:00:00,18.5,90,9.2,0.0,813.8
2016-10-10 22:00:00,18.2,91,9.1,0.0,814.3
2016-10-10 23:00:00,17.7,93,9.0,0.0,814.5
2016-10-11 00:00:00,17.5,95,8.8,0.0,815.0
2016-10-11 01:00:00,17.2,96,10.9,0.0,814.6
2016-10-11 02:00:00,17.2,97,10.9,0.0,814.4
2016-10-11 03:00:00,17.1,97,9.4,0.0,814.0
2016-10-11 04:00:00,17.0,98,10.1,0.0,814.0
2016-10-11 05:00:00,17.0,98,9.3,0.0,813.7
2016-10-11 06:00:00,16.9,98,10.1,0.0,813.6
2016-10-11 07:00:00,16.9,98,9.0,0.0,814.0
2016-10-11 08:00:00,17.0,98,10.4,16.0,815.1
2016-10-11 09:00:00,17.5,95,12.8,95.0,815.5
2016-10-11 10:00:00,18.6,87,13.5,257.0,816.5
2016-10-11 11:00:00,19.8,78,14.0,432.0,816.6
2016-10-11 12:00:00,21.3,70,14.1,595.0,816.8
2016-10-11 13:00:00,22.0,66,14.8,627.0,816.1
2016-10-11 14:00:00,22.6,64,14.5,631.0,815.5
2016-10-11 15:00:00,22.9,63,14.0,593.0,814.9
2016-10-11 16:00:00,22.7,65,13.6,416.0,814.5
2016-10-11 17:00:00,22.4,67,10.8,317.0,814.2
2016-10-11 18:00:00,21.4,73,8.3,159.0,813.6
2016-10-11 19:00:00,19.8,82,6.4,19.0,813.9
2016-10-11 20:00:00,18.8,87,6.4,0.0,814.0
2016-10-11 21:00:00,18.1,91,6.4,0.0,814.6
2016-10-11 22:00:00,17.7,93,7.2,0.0,815.3
2016-10-11 23:00:00,17.6,92,8.6,0.0,815.9
2016-10-12 00:00:00,17.2,93,8.7,0.0,816.1
2016-10-12 01:00:00,16.6,96,8.2,0.0,815.7
2016-10-12 02:00:00,16.4,99,8.5,0.0,815.5
2016-10-12 03:00:00,16.5,99,7.1,0.0,815.7
2016-10-12 04:00:00,16.4,98,7.9,0.0,815.5
2016-10-12 05:00:00,16.1,99,8.1,0.0,815.3
2016-10-12 06:00:00,16.1,99,7.6,0.0,815.1
2016-10-12 07:00:00,16.1,99,8.4,0.0,815.3
2016-10-12 08:00:00,16.1,99,7.4,16.0,816.2
2016-10-12 09:00:00,16.5,98,5.9,60.0,817.3
2016-10-12 10:00:00,17.4,96,6.2,162.0,818.2
2016-10-12 11:00:00,18.1,94,7.6,235.0,818.8
2016-10-12 12:00:00,19.1,92,8.7,336.0,819.2
2016-10-12 13:00:00,19.0,92,9.7,291.0,818.3
2016-10-12 14:00:00,19.4,90,10.4,363.0,817.5
2016-10-12 15:00:00,18.9,89,11.2,241.0,816.6
2016-10-12 16:00:00,19.1,87,14.1,354.0,815.6
2016-10-12 17:00:00,18.7,84,12.2,245.0,815.4
2016-10-12 18:00:00,18.2,84,8.2,89.0,815.5
2016-10-12 19:00:00,17.4,89,7.4,16.0,815.6
2016-10-12 20:00:00,16.9,92,9.8,0.0,815.9
2016-10-12 21:00:00,16.6,94,10.1,0.0,816.9
2016-10-12 22:00:00,16.5,94,11.8,0.0,817.6
2016-10-12 23:00:00,16.3,94,11.5,0.0,817.7
2016-10-13 00:00:00,16.1,94,10.2,0.0,817.7
2016-10-13 01:00:00,15.8,95,10.9,0.0,817.2
2016-10-13 02:00:00,15.5,95,11.5,0.0,816.9
2016-10-13 03:00:00,15.6,94,10.7,0.0,816.6
2016-10-13 04:00:00,15.4,95,8.9,0.0,816.5
2016-10-13 05:00:00,15.3,96,8.4,0.0,816.4
2016-10-13 06:00:00,15.2,96,8.9,0.0,816.3
2016-10-13 07:00:00,15.1,96,8.7,0.0,816.8
2016-10-13 08:00:00,15.1,96,8.2,11.0,817.3
2016-10-13 09:00:00,15.3,94,9.4,62.0,818.1
2016-10-13 10:00:00,16.2,87,11.8,160.0,818.7
2016-10-13 11:00:00,16.9,84,10.9,170.0,818.7
2016-10-13 12:00:00,18.3,78,10.7,366.0,818.9
2016-10-13 13:00:00,19.0,74,10.1,367.0,818.5
2016-10-13 14:00:00,19.5,72,9.0,374.0,817.4
2016-10-13 15:00:00,19.6,75,9.0,406.0,816.6
2016-10-13 16:00:00,19.9,74,10.2,453.0,816.1
2016-10-13 17:00:00,19.7,74,11.3,263.0,815.8
2016-10-13 18:00:00,18.7,78,9.2,87.0,816.3
2016-10-13 19:00:00,18.1,80,5.6,10.0,816.1
2016-10-13 20:00:00,17.8,81,5.6,0.0,816.5
2016-10-13 21:00:00,17.4,82,8.5,0.0,816.9
2016-10-13 22:00:00,17.1,83,10.6,0.0,817.0
2016-10-13 23:00:00,16.5,85,11.1,0.0,817.0
2016-10-14 00:00:00,16.1,86,10.6,0.0,817.0
2016-10-14 01:00:00,15.6,89,10.5,0.0,816.7
2016-10-14 02:00:00,15.3,91,8.5,0.0,816.3
2016-10-14 03:00:00,15.3,92,6.7,0.0,816.2
2016-10-14 04:00:00,14.9,94,6.4,0.0,815.6
2016-10-14 05:00:00,14.7,96,6.4,0.0,815.4
2016-10-14 06:00:00,14.6,96,6.4,0.0,815.3
2016-10-14 07:00:00,14.4,97,6.6,0.0,815.5
2016-10-14 08:00:00,14.6,97,7.9,24.0,816.0
2016-10-14 09:00:00,15.6,89,10.3,124.0,817.1
2016-10-14 10:00:00,16.8,81,11.5,225.0,817.5
2016-10-14 11:00:00,17.7,78,12.6,279.0,818.0
2016-10-14 12:00:00,18.5,75,12.6,317.0,817.6
2016-10-14 13:00:00,19.0,74,13.3,372.0,817.0
2016-10-14 14:00:00,19.5,71,14.8,354.0,816.1
2016-10-14 15:00:00,20.1,68,15.1,397.0,815.8
2016-10-14 16:00:00,20.2,68,15.9,341.0,815.4
2016-10-14 17:00:00,20.2,67,15.8,266.0,815.0
2016-10-14 18:00:00,19.6,71,11.9,131.0,814.8
2016-10-14 19:00:00,18.7,75,7.6,21.0,814.5
2016-10-14 20:00:00,17.9,78,7.6,0.0,814.6
2016-10-14 21:00:00,17.6,78,7.7,0.0,815.5
2016-10-14 22:00:00,17.1,78,8.6,0.0,815.8
2016-10-14 23:00:00,16.7,79,9.0,0.0,815.6
2016-10-15 00:00:00,16.3,81,9.0,0.0,816.1
2016-10-15 01:00:00,15.9,84,9.0,0.0,816.1
2016-10-15 02:00:00,15.5,87,8.7,0.0,815.6
2016-10-15 03:00:00,15.3,89,8.5,0.0,815.4
2016-10-15 04:00:00,15.0,91,6.9,0.0,815.3
2016-10-15 05:00:00,14.6,93,5.1,0.0,814.7
2016-10-15 06:00:00,14.3,95,4.7,0.0,815.1
2016-10-15 07:00:00,14.0,96,5.6,0.0,814.8
2016-10-15 08:00:00,14.4,96,6.5,35.0,816.1
2016-10-15 09:00:00,15.6,91,8.8,174.0,817.1
2016-10-15 10:00:00,16.7,86,10.4,260.0,817.6
2016-10-15 11:00:00,18.0,80,11.6,447.0,817.9
2016-10-15 12:00:00,19.3,74,13.2,526.0,818.0
2016-10-15 13:00:00,19.8,71,14.1,479.0,817.6
2016-10-15 14:00:00,20.5,69,13.7,472.0,817.1
2016-10-15 15:00:00,20.8,69,13.4,401.0,816.6
2016-10-15 16:00:00,20.8,69,13.2,344.0,816.2
2016-10-15 17:00:00,20.6,69,13.0,277.0,815.9
2016-10-15 18:00:00,20.1,72,9.7,166.0,815.8
2016-10-15 19:00:00,19.0,77,6.9,21.0,815.4
2016-10-15 20:00:00,18.2,82,6.4,0.0,815.6
2016-10-15 21:00:00,17.2,87,5.9,0.0,815.9
2016-10-15 22:00:00,16.6,88,6.2,0.0,816.0
2016-10-15 23:00:00,16.6,87,5.8,0.0,816.1
2016-10-16 00:00:00,16.8,86,5.7,0.0,816.6
2016-10-16 01:00:00,16.9,84,6.7,0.0,816.8
2016-10-16 02:00:00,16.7,85,6.3,0.0,816.7
2016-10-16 03:00:00,15.9,88,5.8,0.0,816.4
2016-10-16 04:00:00,15.6,90,5.2,0.0,816.5
2016-10-16 05:00:00,15.2,91,5.2,0.0,816.3
2016-10-16 06:00:00,15.2,92,3.4,0.0,816.8
2016-10-16 07:00:00,15.0,94,4.7,0.0,817.2
2016-10-16 08:00:00,15.1,95,5.1,23.0,817.7
2016-10-16 09:00:00,16.9,87,5.2,144.0,819.2
2016-10-16 10:00:00,17.9,81,5.9,276.0,820.1
2016-10-16 11:00:00,19.0,79,7.2,413.0,820.6
2016-10-16 12:00:00,20.0,79,8.6,566.0,820.7
2016-10-16 13:00:00,20.7,78,9.7,616.0,820.1
2016-10-16 14:00:00,21.4,77,10.8,697.0,819.2
2016-10-16 15:00:00,21.1,77,12.4,533.0,818.7
2016-10-16 16:00:00,19.6,77,12.8,369.0,817.4
2016-10-16 17:00:00,19.5,75,13.8,224.0,816.8
2016-10-16 18:00:00,18.8,78,8.7,66.0,816.8
2016-10-16 19:00:00,18.0,83,5.4,14.0,816.9
2016-10-16 20:00:00,17.4,87,5.8,0.0,817.3
2016-10-16 21:00:00,16.6,91,4.8,0.0,817.3
2016-10-16 22:00:00,16.0,93,4.7,0.0,817.6
2016-10-16 23:00:00,15.3,94,5.1,0.0,817.7
2016-10-17 00:00:00,15.2,93,6.1,0.0,817.7
2016-10-17 01:00:00,15.0,95,6.7,0.0,817.7
2016-10-17 02:00:00,15.0,95,6.2,0.0,817.1
2016-10-17 03:00:00,15.3,94,5.6,0.0,817.1
2016-10-17 04:00:00,15.3,96,4.5,0.0,816.8
2016-10-17 05:00:00,15.3,94,3.5,0.0,816.8
2016-10-17 06:00:00,14.8,99,4.1,0.0,816.4
2016-10-17 07:00:00,14.8,99,2.5,0.0,816.6
2016-10-17 08:00:00,15.0,99,3.3,14.0,817.1
2016-10-17 09:00:00,15.5,94,4.7,57.0,817.7
2016-10-17 10:00:00,16.1,92,5.8,119.0,818.4
2016-10-17 11:00:00,16.6,92,8.3,191.0,818.7
2016-10-17 12:00:00,16.7,92,10.6,204.0,818.3
2016-10-17 13:00:00,16.7,91,11.4,258.0,817.9
2016-10-17 14:00:00,16.2,87,14.2,239.0,816.2
2016-10-17 15:00:00,16.1,89,10.8,218.0,816.8
2016-10-17 16:00:00,16.1,91,10.8,222.0,815.7
2016-10-17 17:00:00,15.9,92,10.8,132.0,815.6
2016-10-17 18:00:00,15.3,93,9.7,53.0,815.5
2016-10-17 19:00:00,15.0,94,10.1,8.0,815.2
2016-10-17 20:00:00,14.8,95,9.4,0.0,815.8
2016-10-17 21:00:00,14.7,96,8.3,0.0,816.2
2016-10-17 22:00:00,14.6,96,7.6,0.0,816.7
2016-10-17 23:00:00,14.6,95,7.9,0.0,817.2
2016-10-18 00:00:00,14.5,95,7.6,0.0,817.3
2016-10-18 01:00:00,14.5,95,7.6,0.0,817.2
2016-10-18 02:00:00,14.3,95,6.5,0.0,816.7
2016-10-18 03:00:00,14.0,95,6.5,0.0,816.3
2016-10-18 04:00:00,13.7,96,6.5,0.0,816.0
2016-10-18 05:00:00,13.7,96,5.8,0.0,816.0
2016-10-18 06:00:00,13.6,96,5.8,0.0,816.3
2016-10-18 07:00:00,13.6,96,5.4,0.0,816.3
2016-10-18 08:00:00,13.7,95,6.2,16.0,816.8
2016-10-18 09:00:00,14.4,91,8.2,78.0,817.2
2016-10-18 10:00:00,15.6,84,9.6,253.0,818.0
2016-10-18 11:00:00,16.4,80,10.1,254.0,817.9
2016-10-18 12:00:00,17.0,78,9.2,288.0,817.5
2016-10-18 13:00:00,17.8,74,8.6,364.0,816.7
2016-10-18 14:00:00,18.8,70,8.6,443.0,816.1
2016-10-18 15:00:00,19.3,66,10.2,339.0,815.4
2016-10-18 16:00:00,19.5,65,11.6,330.0,814.9
2016-10-18 17:00:00,19.4,65,13.1,250.0,814.3
2016-10-18 18:00:00,18.8,69,10.0,110.0,814.0
2016-10-18 19:00:00,17.8,75,7.8,14.0,814.0
2016-10-18 20:00:00,17.1,79,9.7,0.0,814.1
2016-10-18 21:00:00,16.6,83,11.3,0.0,815.0
2016-10-18 22:00:00,15.9,87,10.5,0.0,815.5
2016-10-18 23:00:00,15.1,91,10.1,0.0,815.5
2016-10-19 00:00:00,14.7,93,9.5,0.0,815.6
2016-10-19 01:00:00,14.3,94,8.0,0.0,815.2
2016-10-19 02:00:00,14.3,94,6.9,0.0,815.1
2016-10-19 03:00:00,14.0,93,5.8,0.0,814.8
2016-10-19 04:00:00,13.7,94,6.5,0.0,814.4
2016-10-19 05:00:00,13.4,95,5.8,0.0,814.0
2016-10-19 06:00:00,13.3,96,5.8,0.0,814.3
2016-10-19 07:00:00,13.2,95,6.3,0.0,814.4
2016-10-19 08:00:00,13.4,95,7.6,26.0,814.7
2016-10-19 09:00:00,14.8,85,11.2,152.0,815.8
2016-10-19 10:00:00,16.2,76,13.7,322.0,816.6
2016-10-19 11:00:00,17.4,71,11.9,408.0,817.0
2016-10-19 12:00:00,18.5,67,10.9,479.0,816.8
2016-10-19 13:00:00,19.5,63,9.2,576.0,815.9
2016-10-19 14:00:00,20.0,60,7.7,470.0,814.9
2016-10-19 15:00:00,19.9,59,7.1,355.0,814.0
2016-10-19 16:00:00,20.0,58,7.6,298.0,813.3
2016-10-19 17:00:00,19.9,58,8.4,246.0,813.1
2016-10-19 18:00:00,19.3,63,7.1,115.0,812.1
2016-10-19 19:00:00,18.1,70,6.1,17.0,811.6
2016-10-19 20:00:00,16.5,80,6.2,0.0,811.3
2016-10-19 21:00:00,16.8,74,4.0,0.0,812.1
2016-10-19 22:00:00,16.6,75,4.4,0.0,812.2
2016-10-19 23:00:00,16.0,78,5.3,0.0,812.2
2016-10-20 00:00:00,15.5,82,6.6,0.0,811.9
2016-10-20 01:00:00,15.1,84,6.5,0.0,811.8
2016-10-20 02:00:00,14.8,84,5.1,0.0,811.7
2016-10-20 03:00:00,14.5,89,3.2,0.0,811.3
2016-10-20 04:00:00,14.2,90,2.6,0.0,811.0
2016-10-20 05:00:00,13.8,93,2.7,0.0,810.6
2016-10-20 06:00:00,13.6,96,2.2,0.0,810.6
2016-10-20 07:00:00,13.5,95,2.4,0.0,810.7
2016-10-20 08:00:00,13.4,97,2.1,33.0,811.4
2016-10-20 09:00:00,16.1,87,0.7,212.0,813.2
2016-10-20 10:00:00,18.2,75,1.9,433.0,814.4
2016-10-20 11:00:00,19.7,69,5.9,571.0,814.4
2016-10-20 12:00:00,21.2,64,10.1,765.0,814.2
2016-10-20 13:00:00,22.3,57,12.1,813.0,813.4
2016-10-20 14:00:00,23.0,53,12.0,773.0,813.0
2016-10-20 15:00:00,23.3,49,11.5,659.0,812.2
2016-10-20 16:00:00,23.3,48,10.8,577.0,811.8
2016-10-20 17:00:00,23.0,49,10.5,365.0,811.6
2016-10-20 18:00:00,22.0,57,5.7,158.0,810.9
2016-10-20 19:00:00,19.8,73,8.6,19.0,810.0
2016-10-20 20:00:00,18.8,73,6.8,0.0,809.9
2016-10-20 21:00:00,18.3,72,6.6,0.0,810.3
2016-10-20 22:00:00,17.6,75,7.1,0.0,810.4
2016-10-20 23:00:00,17.0,77,6.9,0.0,810.3
2016-10-21 00:00:00,16.6,79,6.6,0.0,810.3
2016-10-21 01:00:00,16.5,80,6.5,0.0,810.6
2016-10-21 02:00:00,16.6,81,5.7,0.0,810.6
2016-10-21 03:00:00,16.6,83,3.3,0.0,810.3
2016-10-21 04:00:00,16.3,85,2.1,0.0,810.2
2016-10-21 05:00:00,15.9,87,1.8,0.0,810.1
2016-10-21 06:00:00,15.5,89,3.4,0.0,810.3
2016-10-21 07:00:00,15.1,92,4.1,0.0,810.2
2016-10-21 08:00:00,15.0,93,3.1,39.0,811.1
2016-10-21 09:00:00,17.3,85,1.3,223.0,813.0
2016-10-21 10:00:00,19.7,75,2.2,435.0,814.5
2016-10-21 11:00:00,21.2,67,7.9,623.0,814.8
2016-10-21 12:00:00,22.0,61,9.4,674.0,814.7
2016-10-21 13:00:00,22.8,56,9.4,767.0,814.1
2016-10-21 14:00:00,23.2,53,9.4,697.0,813.3
2016-10-21 15:00:00,23.5,48,9.7,690.0,813.0
2016-10-21 16:00:00,23.5,46,9.7,544.0,812.6
2016-10-21 17:00:00,23.1,47,9.1,333.0,812.6
2016-10-21 18:00:00,22.2,55,6.2,155.0,812.2
2016-10-21 19:00:00,19.8,71,7.6,17.0,810.9
2016-10-21 20:00:00,19.5,65,6.2,0.0,811.1
2016-10-21 21:00:00,19.5,63,4.8,0.0,811.9
2016-10-21 22:00:00,18.5,69,5.2,0.0,812.1
2016-10-21 23:00:00,16.8,77,5.8,0.0,811.5
2016-10-22 00:00:00,16.1,81,6.5,0.0,811.5
2016-10-22 01:00:00,16.2,82,6.4,0.0,811.7
2016-10-22 02:00:00,16.7,81,5.5,0.0,812.3
2016-10-22 03:00:00,16.6,83,3.8,0.0,812.0
2016-10-22 04:00:00,16.4,85,2.9,0.0,812.2
2016-10-22 05:00:00,16.1,88,2.3,0.0,812.1
2016-10-22 06:00:00,15.8,90,2.1,0.0,812.1
2016-10-22 07:00:00,15.5,93,2.0,0.0,812.6
2016-10-22 08:00:00,15.3,95,1.5,35.0,813.3
2016-10-22 09:00:00,16.9,90,2.4,212.0,814.5
2016-10-22 10:00:00,19.2,79,6.4,400.0,815.8
2016-10-22 11:00:00,20.6,67,10.0,516.0,816.1
2016-10-22 12:00:00,21.5,61,11.5,636.0,815.6
2016-10-22 13:00:00,22.3,56,12.7,771.0,815.3
2016-10-22 14:00:00,22.8,52,13.6,731.0,814.5
2016-10-22 15:00:00,22.9,51,13.6,664.0,813.8
2016-10-22 16:00:00,22.9,51,13.7,553.0,813.2
2016-10-22 17:00:00,22.7,51,13.2,391.0,813.2
2016-10-22 18:00:00,21.7,58,8.3,169.0,812.9
2016-10-22 19:00:00,20.2,67,8.4,16.0,812.5
2016-10-22 20:00:00,18.4,78,8.6,0.0,812.1
2016-10-22 21:00:00,17.7,78,9.0,0.0,812.1
2016-10-22 22:00:00,17.1,78,9.2,0.0,812.5
2016-10-22 23:00:00,16.3,79,9.2,0.0,812.2
2016-10-23 00:00:00,15.6,81,9.3,0.0,812.0
2016-10-23 01:00:00,15.4,81,9.5,0.0,811.9
2016-10-23 02:00:00,15.4,80,8.9,0.0,811.9
2016-10-23 03:00:00,16.0,77,7.1,0.0,812.0
2016-10-23 04:00:00,16.6,76,5.4,0.0,812.5
2016-10-23 05:00:00,16.2,79,4.3,0.0,812.2
2016-10-23 06:00:00,15.9,81,3.6,0.0,812.5
2016-10-23 07:00:00,15.7,82,3.1,0.0,812.7
2016-10-23 08:00:00,15.4,84,2.6,37.0,813.4
2016-10-23 09:00:00,16.8,82,4.4,222.0,814.7
2016-10-23 10:00:00,19.1,72,9.0,440.0,816.1
2016-10-23 11:00:00,20.4,66,12.5,628.0,816.3
2016-10-23 12:00:00,21.3,60,13.7,672.0,816.1
2016-10-23 13:00:00,22.1,56,15.1,680.0,815.4
2016-10-23 14:00:00,22.7,53,15.6,711.0,814.7
2016-10-23 15:00:00,23.0,50,16.8,681.0,813.9
2016-10-23 16:00:00,23.0,49,16.8,539.0,813.4
2016-10-23 17:00:00,22.5,51,14.2,326.0,813.1
2016-10-23 18:00:00,21.5,57,10.5,160.0,812.9
2016-10-23 19:00:00,20.0,64,9.0,15.0,812.3
2016-10-23 20:00:00,18.7,71,9.2,0.0,812.0
2016-10-23 21:00:00,17.6,77,9.5,0.0,812.0
2016-10-23 22:00:00,16.7,80,9.2,0.0,812.2
2016-10-23 23:00:00,16.0,83,9.6,0.0,812.0
2016-10-24 00:00:00,15.5,85,9.6,0.0,811.7
2016-10-24 01:00:00,15.0,87,9.3,0.0,811.6
2016-10-24 02:00:00,14.6,88,9.2,0.0,811.2
2016-10-24 03:00:00,14.1,89,9.0,0.0,810.9
2016-10-24 04:00:00,14.0,90,8.4,0.0,810.8
2016-10-24 05:00:00,13.7,92,8.2,0.0,810.7
2016-10-24 06:00:00,13.8,92,7.9,0.0,811.5
2016-10-24 07:00:00,13.9,93,7.7,0.0,811.7
2016-10-24 08:00:00,13.7,95,5.4,32.0,812.3
2016-10-24 09:00:00,16.8,87,6.7,213.0,814.7
2016-10-24 10:00:00,18.8,78,12.5,427.0,816.2
2016-10-24 11:00:00,20.3,69,16.7,610.0,816.3
2016-10-24 12:00:00,21.2,63,17.9,675.0,816.2
2016-10-24 13:00:00,22.0,58,18.2,734.0,815.6
2016-10-24 14:00:00,22.2,57,19.5,658.0,814.6
2016-10-24 15:00:00,22.2,58,18.0,596.0,813.8
2016-10-24 16:00:00,22.0,59,16.8,456.0,813.0
2016-10-24 17:00:00,21.5,62,13.8,267.0,812.4
2016-10-24 18:00:00,20.8,68,9.3,127.0,812.4
2016-10-24 19:00:00,19.6,74,7.4,9.0,812.0
2016-10-24 20:00:00,18.6,80,8.4,0.0,812.6
2016-10-24 21:00:00,17.8,83,8.3,0.0,813.0
2016-10-24 22:00:00,17.4,85,8.1,0.0,813.6
2016-10-24 23:00:00,16.8,88,8.6,0.0,813.7
2016-10-25 00:00:00,16.4,90,8.1,0.0,813.6
2016-10-25 01:00:00,16.1,91,7.6,0.0,813.5
2016-10-25 02:00:00,15.5,93,6.5,0.0,812.9
2016-10-25 03:00:00,14.6,95,6.0,0.0,812.3
2016-10-25 04:00:00,14.2,96,6.0,0.0,811.8
2016-10-25 05:00:00,13.7,97,6.0,0.0,811.6
2016-10-25 06:00:00,13.7,98,5.7,0.0,811.8
2016-10-25 07:00:00,13.6,99,4.6,0.0,812.4
2016-10-25 08:00:00,14.1,98,4.5,26.0,813.3
2016-10-25 09:00:00,16.3,91,6.3,166.0,815.3
2016-10-25 10:00:00,18.1,80,10.8,297.0,816.4
2016-10-25 11:00:00,19.3,73,11.5,400.0,817.2
2016-10-25 12:00:00,20.0,68,12.3,457.0,817.0
2016-10-25 13:00:00,20.8,64,13.7,609.0,816.2
2016-10-25 14:00:00,21.4,61,14.9,687.0,815.4
2016-10-25 15:00:00,21.0,73,16.2,510.0,813.7
2016-10-25 16:00:00,21.0,71,14.7,430.0,813.5
2016-10-25 17:00:00,20.6,71,14.9,271.0,813.1
2016-10-25 18:00:00,19.5,75,11.4,102.0,813.7
2016-10-25 19:00:00,18.7,79,7.6,11.0,813.2
2016-10-25 20:00:00,18.1,82,8.5,0.0,813.5
2016-10-25 21:00:00,17.8,84,9.3,0.0,814.4
2016-10-25 22:00:00,17.5,86,10.2,0.0,815.0
2016-10-25 23:00:00,17.2,87,9.2,0.0,815.3
2016-10-26 00:00:00,16.7,89,9.2,0.0,815.4
2016-10-26 01:00:00,16.4,90,8.4,0.0,815.2
2016-10-26 02:00:00,16.1,91,8.0,0.0,814.9
2016-10-26 03:00:00,15.9,92,9.0,0.0,815.0
2016-10-26 04:00:00,15.7,93,8.6,0.0,814.8
2016-10-26 05:00:00,15.5,95,8.6,0.0,814.6
2016-10-26 06:00:00,15.4,96,8.7,0.0,815.0
2016-10-26 07:00:00,15.4,97,7.9,0.0,815.6
2016-10-26 08:00:00,15.5,96,8.2,21.0,816.4
2016-10-26 09:00:00,16.4,89,12.6,134.0,817.7
2016-10-26 10:00:00,17.7,80,14.6,250.0,818.6
2016-10-26 11:00:00,18.9,73,17.3,299.0,819.2
2016-10-26 12:00:00,19.6,70,18.7,379.0,819.2
2016-10-26 13:00:00,20.4,66,20.0,539.0,818.4
2016-10-26 14:00:00,21.2,63,19.1,643.0,817.7
2016-10-26 15:00:00,21.3,64,19.3,517.0,817.0
2016-10-26 16:00:00,20.7,67,18.7,426.0,816.4
2016-10-26 17:00:00,20.8,65,17.7,301.0,816.5
2016-10-26 18:00:00,20.1,70,11.7,97.0,816.6
2016-10-26 19:00:00,18.9,76,8.4,11.0,816.9
2016-10-26 20:00:00,18.0,80,7.4,0.0,817.0
2016-10-26 21:00:00,17.4,84,8.9,0.0,817.7
2016-10-26 22:00:00,16.9,87,10.0,0.0,817.9
2016-10-26 23:00:00,16.4,89,9.0,0.0,818.0
2016-10-27 00:00:00,16.0,91,8.0,0.0,817.6
2016-10-27 01:00:00,15.6,93,7.9,0.0,817.3
2016-10-27 02:00:00,15.2,96,7.2,0.0,816.7
2016-10-27 03:00:00,14.9,96,7.3,0.0,816.3
2016-10-27 04:00:00,14.7,97,7.5,0.0,816.3
2016-10-27 05:00:00,14.6,98,7.7,0.0,815.9
2016-10-27 06:00:00,14.6,98,7.1,0.0,816.3
2016-10-27 07:00:00,14.8,99,8.1,0.0,817.3
2016-10-27 08:00:00,15.0,98,10.7,13.0,818.0
2016-10-27 09:00:00,15.9,91,14.5,102.0,819.2
2016-10-27 10:00:00,17.7,82,16.5,269.0,820.1
2016-10-27 11:00:00,18.9,75,20.7,334.0,820.8
2016-10-27 12:00:00,19.8,71,23.5,458.0,820.4
2016-10-27 13:00:00,20.6,66,23.7,532.0,819.9
2016-10-27 14:00:00,21.3,64,23.4,561.0,819.1
2016-10-27 15:00:00,21.3,62,22.6,525.0,818.0
2016-10-27 16:00:00,21.2,64,20.2,447.0,817.6
2016-10-27 17:00:00,20.8,67,17.0,301.0,817.4
2016-10-27 18:00:00,20.0,72,14.5,132.0,817.4
2016-10-27 19:00:00,18.9,77,8.9,11.0,816.7
2016-10-27 20:00:00,18.1,81,7.4,0.0,816.8
2016-10-27 21:00:00,17.5,84,7.7,0.0,817.5
2016-10-27 22:00:00,17.0,86,7.9,0.0,817.4
2016-10-27 23:00:00,16.5,89,7.5,0.0,817.6
2016-10-28 00:00:00,16.0,91,7.1,0.0,817.6
2016-10-28 01:00:00,15.5,93,6.7,0.0,817.5
2016-10-28 02:00:00,15.1,95,6.5,0.0,816.8
2016-10-28 03:00:00,14.6,96,6.1,0.0,816.3
2016-10-28 04:00:00,14.0,98,5.6,0.0,816.0
2016-10-28 05:00:00,13.6,99,5.3,0.0,815.8
2016-10-28 06:00:00,13.6,99,5.6,0.0,816.1
2016-10-28 07:00:00,13.6,100,5.2,0.0,816.7
2016-10-28 08:00:00,14.1,99,4.0,21.0,817.4
2016-10-28 09:00:00,15.6,94,5.7,127.0,819.0
2016-10-28 10:00:00,17.3,84,8.0,276.0,820.1
2016-10-28 11:00:00,18.8,75,11.3,459.0,820.7
2016-10-28 12:00:00,20.2,68,13.8,563.0,820.3
2016-10-28 13:00:00,21.0,64,14.5,606.0,819.7
2016-10-28 14:00:00,21.5,62,15.0,651.0,818.8
2016-10-28 15:00:00,21.7,60,14.0,588.0,818.0
2016-10-28 16:00:00,21.4,61,13.3,462.0,816.7
2016-10-28 17:00:00,21.1,62,12.0,305.0,816.5
2016-10-28 18:00:00,20.2,68,9.0,110.0,816.2
2016-10-28 19:00:00,19.2,73,7.4,9.0,815.8
2016-10-28 20:00:00,18.4,78,6.4,0.0,817.1
2016-10-28 21:00:00,17.8,82,6.5,0.0,817.7
2016-10-28 22:00:00,17.0,87,5.4,0.0,817.6
2016-10-28 23:00:00,16.4,90,4.7,0.0,817.8
2016-10-29 00:00:00,16.0,91,4.6,0.0,818.0
2016-10-29 01:00:00,14.9,95,3.6,0.0,817.6
2016-10-29 02:00:00,14.9,95,5.6,0.0,817.8
2016-10-29 03:00:00,15.1,95,5.6,0.0,817.6
2016-10-29 04:00:00,14.9,95,5.6,0.0,817.7
2016-10-29 05:00:00,14.7,99,6.7,0.0,817.6
2016-10-29 06:00:00,14.9,98,7.2,0.0,816.8
2016-10-29 07:00:00,14.7,99,7.2,0.0,817.5
2016-10-29 08:00:00,14.7,99,7.3,4.0,818.4
2016-10-29 09:00:00,14.5,99,8.1,33.0,818.6
2016-10-29 10:00:00,14.7,98,7.8,37.0,819.4
2016-10-29 11:00:00,15.1,98,7.5,80.0,819.7
2016-10-29 12:00:00,15.5,98,7.3,132.0,819.3
2016-10-29 13:00:00,16.1,99,8.8,185.0,819.0
2016-10-29 14:00:00,15.7,96,11.0,194.0,818.2
2016-10-29 15:00:00,15.7,94,11.7,128.0,817.8
2016-10-29 16:00:00,15.0,97,10.7,95.0,817.5
2016-10-29 17:00:00,14.3,98,10.8,41.0,817.4
2016-10-29 18:00:00,13.7,98,9.2,16.0,817.3
2016-10-29 19:00:00,13.4,99,7.7,1.0,817.2
2016-10-29 20:00:00,13.3,100,8.7,0.0,818.2
2016-10-29 21:00:00,13.0,100,9.0,0.0,818.5
2016-10-29 22:00:00,12.9,100,8.7,0.0,819.1
2016-10-29 23:00:00,12.7,100,8.4,0.0,819.2
2016-10-30 00:00:00,12.4,100,9.4,0.0,819.3
2016-10-30 01:00:00,12.3,100,10.8,0.0,819.2
2016-10-30 02:00:00,12.0,100,10.8,0.0,818.8
2016-10-30 03:00:00,11.9,100,10.1,0.0,818.2
2016-10-30 04:00:00,11.7,100,9.7,0.0,817.9
2016-10-30 05:00:00,11.6,100,9.4,0.0,817.8
2016-10-30 06:00:00,11.3,100,10.0,0.0,817.7
2016-10-30 07:00:00,11.1,100,8.8,0.0,817.5
2016-10-30 08:00:00,11.0,100,8.0,3.0,818.5
2016-10-30 09:00:00,11.1,99,8.4,17.0,819.0
2016-10-30 10:00:00,11.2,98,8.9,30.0,819.8
2016-10-30 11:00:00,11.8,97,9.1,79.0,820.0
2016-10-30 12:00:00,12.4,93,9.0,80.0,820.1
2016-10-30 13:00:00,13.1,92,10.6,114.0,819.3
2016-10-30 14:00:00,13.6,90,12.2,113.0,818.5
2016-10-30 15:00:00,15.6,79,13.8,211.0,818.5
2016-10-30 16:00:00,15.9,79,13.8,155.0,818.1
2016-10-30 17:00:00,15.9,80,11.6,130.0,818.2
2016-10-30 18:00:00,15.4,83,7.2,45.0,818.6
2016-10-30 19:00:00,15.0,86,6.8,3.0,818.3
2016-10-30 20:00:00,14.7,89,6.2,0.0,819.2
2016-10-30 21:00:00,14.6,90,5.4,0.0,819.6
2016-10-30 22:00:00,14.5,91,5.8,0.0,820.0
2016-10-30 23:00:00,13.4,97,6.1,0.0,819.2
2016-10-31 00:00:00,13.4,98,7.2,0.0,819.4
2016-10-31 01:00:00,13.4,98,7.9,0.0,819.2
2016-10-31 02:00:00,13.4,98,8.0,0.0,819.0
2016-10-31 03:00:00,13.1,98,6.9,0.0,818.9
2016-10-31 04:00:00,13.2,99,6.2,0.0,818.8
2016-10-31 05:00:00,13.3,99,5.4,0.0,818.9
2016-10-31 06:00:00,13.3,99,4.3,0.0,819.4
2016-10-31 07:00:00,13.3,99,2.9,0.0,819.8
2016-10-31 08:00:00,13.2,99,3.0,8.0,820.0
2016-10-31 09:00:00,14.0,98,3.3,16.0,821.3
2016-10-31 10:00:00,14.3,97,3.8,44.0,821.5
2016-10-31 11:00:00,14.7,97,4.0,60.0,822.0
2016-10-31 12:00:00,15.0,92,4.7,80.0,821.5
2016-10-31 13:00:00,15.3,93,4.3,109.0,821.1
2016-10-31 14:00:00,16.1,93,3.6,205.0,820.7
2016-10-31 15:00:00,16.7,89,4.0,219.0,820.5
2016-10-31 16:00:00,16.6,89,3.5,209.0,819.9
2016-10-31 17:00:00,16.6,89,5.4,181.0,820.0
2016-10-31 18:00:00,15.2,97,3.5,35.0,819.4
2016-10-31 19:00:00,14.6,98,5.4,2.0,819.2
2016-10-31 20:00:00,14.2,99,5.4,0.0,819.4
2016-10-31 21:00:00,14.0,99,4.7,0.0,820.3
2016-10-31 22:00:00,13.7,98,6.0,0.0,820.3
2016-10-31 23:00:00,13.7,98,6.7,0.0,820.4
2016-11-01 00:00:00,13.7,98,6.7,0.0,820.5
2016-11-01 01:00:00,13.6,99,7.1,0.0,820.6
2016-11-01 02:00:00,13.6,99,7.4,0.0,820.2
2016-11-01 03:00:00,13.5,99,7.4,0.0,820.1
2016-11-01 04:00:00,13.5,100,7.4,0.0,819.7
2016-11-01 05:00:00,13.4,100,7.7,0.0,819.7
2016-11-01 06:00:00,13.2,100,7.9,0.0,819.2
2016-11-01 07:00:00,13.0,100,7.2,0.0,819.3
2016-11-01 08:00:00,13.0,100,6.0,7.0,819.8
2016-11-01 09:00:00,13.0,97,5.7,65.0,820.3
2016-11-01 10:00:00,13.8,93,5.1,126.0,821.1
2016-11-01 11:00:00,14.4,92,5.4,168.0,821.9
2016-11-01 12:00:00,15.5,88,6.0,283.0,821.9
2016-11-01 13:00:00,15.9,87,6.3,252.0,821.3
2016-11-01 14:00:00,16.3,86,7.4,306.0,820.5
2016-11-01 15:00:00,16.3,86,10.6,290.0,819.3
2016-11-01 16:00:00,16.4,83,10.0,254.0,819.2
2016-11-01 17:00:00,16.0,84,12.8,157.0,818.8
2016-11-01 18:00:00,15.3,86,10.9,66.0,818.8
2016-11-01 19:00:00,14.6,91,7.8,6.0,818.6
2016-11-01 20:00:00,14.2,93,8.2,0.0,819.6
2016-11-01 21:00:00,14.0,94,8.0,0.0,819.9
2016-11-01 22:00:00,14.0,94,7.9,0.0,820.5
2016-11-01 23:00:00,13.9,94,8.1,0.0,820.6
2016-11-02 00:00:00,13.7,95,7.9,0.0,820.4
2016-11-02 01:00:00,13.8,94,7.7,0.0,820.4
2016-11-02 02:00:00,13.7,95,8.2,0.0,820.3
2016-11-02 03:00:00,13.6,94,7.4,0.0,820.2
2016-11-02 04:00:00,13.4,94,7.4,0.0,819.8
2016-11-02 05:00:00,13.4,94,7.2,0.0,819.7
2016-11-02 06:00:00,13.3,95,5.6,0.0,819.5
2016-11-02 07:00:00,13.0,96,5.4,0.0,819.8
2016-11-02 08:00:00,12.9,97,5.9,6.0,820.2
2016-11-02 09:00:00,13.2,96,5.6,36.0,820.9
2016-11-02 10:00:00,13.4,96,6.0,75.0,821.7
2016-11-02 11:00:00,13.9,95,6.8,105.0,821.7
2016-11-02 12:00:00,14.0,95,7.3,108.0,821.8
2016-11-02 13:00:00,14.1,94,7.4,150.0,820.6
2016-11-02 14:00:00,14.4,92,7.7,199.0,819.9
2016-11-02 15:00:00,16.1,87,9.5,277.0,819.7
2016-11-02 16:00:00,16.3,84,10.0,215.0,819.3
2016-11-02 17:00:00,16.2,82,11.6,193.0,818.9
2016-11-02 18:00:00,15.6,83,11.3,80.0,818.5
2016-11-02 19:00:00,14.7,87,8.7,5.0,818.7
2016-11-02 20:00:00,14.1,90,7.6,0.0,819.2
2016-11-02 21:00:00,13.8,91,7.2,0.0,819.7
2016-11-02 22:00:00,13.5,92,6.0,0.0,819.9
2016-11-02 23:00:00,13.2,94,5.8,0.0,820.1
2016-11-03 00:00:00,13.1,94,5.8,0.0,820.3
2016-11-03 01:00:00,13.0,93,7.6,0.0,820.3
2016-11-03 02:00:00,12.9,94,8.3,0.0,820.3
2016-11-03 03:00:00,12.8,94,8.1,0.0,820.4
2016-11-03 04:00:00,12.6,95,8.4,0.0,820.2
2016-11-03 05:00:00,12.4,96,8.4,0.0,820.2
2016-11-03 06:00:00,12.1,96,8.5,0.0,819.7
2016-11-03 07:00:00,11.9,96,8.0,0.0,819.7
2016-11-03 08:00:00,11.9,96,7.3,5.0,820.1
2016-11-03 09:00:00,11.9,95,7.7,36.0,820.8
2016-11-03 10:00:00,12.1,92,8.7,108.0,821.1
2016-11-03 11:00:00,12.7,88,9.2,142.0,821.0
2016-11-03 12:00:00,13.5,85,8.6,182.0,820.8
2016-11-03 13:00:00,14.1,83,8.2,182.0,820.0
2016-11-03 14:00:00,14.6,82,8.3,155.0,818.7
2016-11-03 15:00:00,15.7,78,8.8,190.0,818.5
2016-11-03 16:00:00,16.2,77,9.1,170.0,817.7
2016-11-03 17:00:00,16.5,76,10.5,150.0,817.7
2016-11-03 18:00:00,16.0,79,8.8,72.0,817.5
2016-11-03 19:00:00,15.2,84,7.1,4.0,816.7
2016-11-03 20:00:00,14.8,86,5.6,0.0,817.5
2016-11-03 21:00:00,14.4,88,5.9,0.0,817.5
2016-11-03 22:00:00,13.9,90,6.4,0.0,817.3
2016-11-03 23:00:00,13.5,91,5.7,0.0,817.4
2016-11-04 00:00:00,13.1,92,5.5,0.0,817.1
2016-11-04 01:00:00,12.9,92,4.9,0.0,817.0
2016-11-04 02:00:00,12.5,94,5.2,0.0,816.6
2016-11-04 03:00:00,12.1,95,5.9,0.0,816.0
2016-11-04 04:00:00,11.7,96,5.8,0.0,815.4
2016-11-04 05:00:00,11.6,97,5.2,0.0,815.2
2016-11-04 06:00:00,11.5,98,5.5,0.0,815.0
2016-11-04 07:00:00,11.1,99,6.6,0.0,814.4
2016-11-04 08:00:00,11.7,98,5.4,13.0,815.7
2016-11-04 09:00:00,13.6,92,10.0,117.0,817.0
2016-11-04 10:00:00,15.5,80,14.5,304.0,817.9
2016-11-04 11:00:00,16.8,71,15.5,421.0,817.9
2016-11-04 12:00:00,17.9,65,15.9,509.0,817.4
2016-11-04 13:00:00,18.4,61,17.0,457.0,816.3
2016-11-04 14:00:00,19.0,59,17.8,520.0,815.2
2016-11-04 15:00:00,19.6,55,18.2,525.0,814.7
2016-11-04 16:00:00,19.0,59,18.6,337.0,813.7
2016-11-04 17:00:00,18.4,65,16.6,217.0,813.6
2016-11-04 18:00:00,17.6,71,12.4,103.0,813.1
2016-11-04 19:00:00,16.2,78,8.5,7.0,812.4
2016-11-04 20:00:00,15.3,83,7.1,0.0,812.5
2016-11-04 21:00:00,14.5,87,8.4,0.0,812.3
2016-11-04 22:00:00,13.5,91,8.2,0.0,811.8
2016-11-04 23:00:00,12.7,94,8.4,0.0,811.5
2016-11-05 00:00:00,12.1,95,7.9,0.0,811.3
2016-11-05 01:00:00,11.6,97,7.8,0.0,810.7
2016-11-05 02:00:00,11.2,98,7.7,0.0,810.5
2016-11-05 03:00:00,11.0,99,7.3,0.0,810.3
2016-11-05 04:00:00,10.8,99,6.8,0.0,810.1
2016-11-05 05:00:00,10.8,100,6.5,0.0,810.0
2016-11-05 06:00:00,10.7,100,5.0,0.0,810.4
2016-11-05 07:00:00,10.6,100,4.1,0.0,810.6
2016-11-05 08:00:00,11.2,100,6.4,16.0,811.5
2016-11-05 09:00:00,13.1,97,9.2,114.0,813.3
2016-11-05 10:00:00,14.2,91,12.8,265.0,813.8
2016-11-05 11:00:00,16.0,81,16.2,379.0,814.5
2016-11-05 12:00:00,17.5,72,19.0,566.0,814.5
2016-11-05 13:00:00,18.7,67,21.0,608.0,814.0
2016-11-05 14:00:00,19.5,63,21.2,613.0,813.4
2016-11-05 15:00:00,20.0,60,20.4,527.0,812.8
2016-11-05 16:00:00,20.1,60,20.1,416.0,812.5
2016-11-05 17:00:00,19.4,65,16.1,172.0,812.2
2016-11-05 18:00:00,18.4,70,13.4,104.0,811.7
2016-11-05 19:00:00,17.2,76,9.1,6.0,811.7
2016-11-05 20:00:00,16.3,80,7.0,0.0,812.0
2016-11-05 21:00:00,15.6,83,8.6,0.0,812.1
2016-11-05 22:00:00,14.9,86,9.1,0.0,811.9
2016-11-05 23:00:00,13.9,90,9.3,0.0,811.8
2016-11-06 00:00:00,13.3,92,8.9,0.0,811.4
2016-11-06 01:00:00,12.8,92,8.3,0.0,811.3
2016-11-06 02:00:00,12.5,93,8.5,0.0,810.9
2016-11-06 03:00:00,12.2,95,8.2,0.0,810.8
2016-11-06 04:00:00,11.9,96,7.9,0.0,810.5
2016-11-06 05:00:00,11.7,97,7.0,0.0,810.6
2016-11-06 06:00:00,11.4,99,7.3,0.0,811.1
2016-11-06 07:00:00,11.2,99,7.4,0.0,811.3
2016-11-06 08:00:00,11.5,99,4.8,20.0,812.4
2016-11-06 09:00:00,14.5,96,6.5,159.0,814.7
2016-11-06 10:00:00,17.2,82,11.1,357.0,816.5
2016-11-06 11:00:00,18.6,75,15.3,489.0,816.5
2016-11-06 12:00:00,19.7,70,16.4,528.0,816.9
2016-11-06 13:00:00,20.2,67,16.3,458.0,816.3
2016-11-06 14:00:00,20.2,67,17.1,343.0,815.6
2016-11-06 15:00:00,20.6,65,17.0,362.0,815.0
2016-11-06 16:00:00,20.8,64,15.9,349.0,814.7
2016-11-06 17:00:00,20.6,66,14.6,256.0,814.9
2016-11-06 18:00:00,19.7,72,8.9,95.0,814.9
2016-11-06 19:00:00,18.4,78,7.9,5.0,814.4
2016-11-06 20:00:00,17.5,82,8.8,0.0,814.6
2016-11-06 21:00:00,16.5,87,9.3,0.0,814.5
2016-11-06 22:00:00,15.5,90,9.1,0.0,814.3
2016-11-06 23:00:00,14.8,92,9.1,0.0,814.2
2016-11-07 00:00:00,14.5,92,8.7,0.0,814.3
2016-11-07 01:00:00,14.5,93,8.4,0.0,814.3
2016-11-07 02:00:00,14.1,94,8.4,0.0,814.0
2016-11-07 03:00:00,13.8,96,7.7,0.0,813.8
2016-11-07 04:00:00,13.6,96,6.9,0.0,813.8
2016-11-07 05:00:00,13.6,97,6.4,0.0,813.7
2016-11-07 06:00:00,13.7,98,5.9,0.0,814.5
2016-11-07 07:00:00,14.1,98,4.8,0.0,814.9
2016-11-07 08:00:00,14.7,98,4.2,11.0,815.8
2016-11-07 09:00:00,16.2,94,5.6,69.0,817.2
2016-11-07 10:00:00,17.4,85,10.0,147.0,818.2
2016-11-07 11:00:00,18.7,78,11.8,310.0,818.7
2016-11-07 12:00:00,19.6,73,12.6,346.0,818.9
2016-11-07 13:00:00,20.4,71,14.0,506.0,818.3
2016-11-07 14:00:00,20.7,70,14.4,456.0,817.4
2016-11-07 15:00:00,20.8,70,14.7,417.0,816.8
2016-11-07 16:00:00,20.4,71,16.9,422.0,816.1
2016-11-07 17:00:00,20.1,73,11.3,261.0,816.6
2016-11-07 18:00:00,19.2,78,7.8,108.0,816.7
2016-11-07 19:00:00,18.0,82,5.8,4.0,816.3
2016-11-07 20:00:00,17.2,86,6.2,0.0,816.7
2016-11-07 21:00:00,16.3,89,6.4,0.0,816.8
2016-11-07 22:00:00,15.9,91,5.9,0.0,816.9
2016-11-07 23:00:00,15.2,92,5.6,0.0,816.8
2016-11-08 00:00:00,15.2,92,6.9,0.0,817.3
2016-11-08 01:00:00,15.1,93,10.1,0.0,817.4
2016-11-08 02:00:00,14.4,98,9.8,0.0,817.1
2016-11-08 03:00:00,14.9,93,10.6,0.0,817.3
2016-11-08 04:00:00,14.5,95,10.2,0.0,817.2
2016-11-08 05:00:00,14.0,99,10.5,0.0,817.0
2016-11-08 06:00:00,13.5,100,10.4,0.0,816.7
2016-11-08 07:00:00,13.1,99,11.3,0.0,817.2
2016-11-08 08:00:00,12.7,100,12.0,4.0,817.8
2016-11-08 09:00:00,11.6,97,12.6,43.0,818.2
2016-11-08 10:00:00,11.5,97,14.1,64.0,818.8
2016-11-08 11:00:00,11.6,95,15.1,114.0,819.4
2016-11-08 12:00:00,11.2,95,15.1,109.0,818.7
2016-11-08 13:00:00,10.8,95,15.1,115.0,818.0
2016-11-08 14:00:00,10.7,94,15.9,135.0,816.8
2016-11-08 15:00:00,10.0,94,15.2,110.0,816.0
2016-11-08 16:00:00,9.7,93,15.6,105.0,815.6
2016-11-08 17:00:00,9.3,93,15.1,57.0,815.9
2016-11-08 18:00:00,8.8,95,15.0,13.0,816.6
2016-11-08 19:00:00,8.4,96,13.5,1.0,815.8
2016-11-08 20:00:00,8.0,97,12.3,0.0,816.5
2016-11-08 21:00:00,7.7,99,11.9,0.0,816.6
2016-11-08 22:00:00,7.4,99,12.3,0.0,816.7
2016-11-08 23:00:00,7.2,98,10.9,0.0,816.6
2016-11-09 00:00:00,7.2,95,9.8,0.0,816.5
2016-11-09 01:00:00,7.2,95,9.7,0.0,816.0
2016-11-09 02:00:00,7.2,95,8.6,0.0,815.5
2016-11-09 03:00:00,7.5,98,7.9,0.0,815.3
2016-11-09 04:00:00,7.5,100,7.6,0.0,815.0
2016-11-09 05:00:00,7.5,100,8.0,0.0,814.7
2016-11-09 06:00:00,7.5,100,7.2,0.0,815.0
2016-11-09 07:00:00,7.6,100,6.9,0.0,815.2
2016-11-09 08:00:00,7.8,100,6.7,4.0,816.0
2016-11-09 09:00:00,7.8,99,8.2,23.0,816.9
2016-11-09 10:00:00,7.9,97,10.0,46.0,817.6
2016-11-09 11:00:00,8.1,95,9.6,68.0,818.0
2016-11-09 12:00:00,8.6,93,8.7,95.0,817.8
2016-11-09 13:00:00,8.7,93,8.3,91.0,817.2
2016-11-09 14:00:00,9.0,92,7.9,127.0,816.4
2016-11-09 15:00:00,8.9,89,8.0,103.0,815.5
2016-11-09 16:00:00,9.2,89,8.4,112.0,815.5
2016-11-09 17:00:00,9.2,91,8.3,68.0,815.3
2016-11-09 18:00:00,9.0,93,7.2,26.0,815.7
2016-11-09 19:00:00,8.7,93,7.7,1.0,815.4
2016-11-09 20:00:00,8.6,94,7.6,0.0,815.8
2016-11-09 21:00:00,8.5,94,8.2,0.0,816.6
2016-11-09 22:00:00,8.4,94,8.0,0.0,817.1
2016-11-09 23:00:00,8.4,94,7.7,0.0,817.4
2016-11-10 00:00:00,8.3,94,7.2,0.0,817.6
2016-11-10 01:00:00,8.3,94,7.3,0.0,817.2
2016-11-10 02:00:00,8.2,94,7.7,0.0,816.9
2016-11-10 03:00:00,8.3,94,7.9,0.0,816.7
2016-11-10 04:00:00,8.3,93,8.0,0.0,816.6
2016-11-10 05:00:00,8.2,94,7.9,0.0,816.7
2016-11-10 06:00:00,8.1,93,7.3,0.0,816.9
2016-11-10 07:00:00,8.0,93,7.3,0.0,816.9
2016-11-10 08:00:00,8.0,93,7.9,7.0,817.6
2016-11-10 09:00:00,9.2,89,8.0,73.0,818.8
2016-11-10 10:00:00,10.0,86,8.7,122.0,819.6
2016-11-10 11:00:00,11.0,84,9.1,232.0,820.4
2016-11-10 12:00:00,12.1,80,8.0,313.0,820.1
2016-11-10 13:00:00,13.1,76,6.0,343.0,819.7
2016-11-10 14:00:00,14.0,71,3.4,367.0,818.6
2016-11-10 15:00:00,14.4,65,1.6,334.0,818.0
2016-11-10 16:00:00,14.7,62,1.0,271.0,817.2
2016-11-10 17:00:00,14.9,60,0.5,238.0,816.9
2016-11-10 18:00:00,14.5,63,3.8,104.0,816.0
2016-11-10 19:00:00,13.2,72,6.6,5.0,815.7
2016-11-10 20:00:00,12.2,78,7.2,0.0,815.9
2016-11-10 21:00:00,11.2,84,6.6,0.0,815.7
2016-11-10 22:00:00,10.3,89,6.5,0.0,815.8
2016-11-10 23:00:00,9.6,92,6.1,0.0,815.8
2016-11-11 00:00:00,9.2,94,5.2,0.0,815.4
2016-11-11 01:00:00,9.1,96,5.0,0.0,815.2
2016-11-11 02:00:00,9.4,96,3.8,0.0,814.9
2016-11-11 03:00:00,9.9,97,2.8,0.0,815.0
2016-11-11 04:00:00,9.6,98,3.1,0.0,814.1
2016-11-11 05:00:00,9.4,98,3.4,0.0,813.8
2016-11-11 06:00:00,9.0,99,4.2,0.0,813.7
2016-11-11 07:00:00,8.8,99,4.0,0.0,813.4
2016-11-11 08:00:00,9.1,99,5.2,14.0,814.1
2016-11-11 09:00:00,11.2,91,7.3,105.0,815.6
2016-11-11 10:00:00,12.5,88,10.5,210.0,815.9
2016-11-11 11:00:00,14.2,84,15.6,342.0,816.3
2016-11-11 12:00:00,15.5,78,19.8,371.0,816.3
2016-11-11 13:00:00,16.4,73,22.2,370.0,815.5
2016-11-11 14:00:00,17.0,68,23.9,422.0,814.5
2016-11-11 15:00:00,17.8,64,24.1,451.0,814.3
2016-11-11 16:00:00,17.7,65,23.4,341.0,814.0
2016-11-11 17:00:00,17.4,67,18.7,232.0,813.7
2016-11-11 18:00:00,16.3,74,15.4,111.0,813.5
2016-11-11 19:00:00,14.9,81,12.1,5.0,812.7
2016-11-11 20:00:00,14.0,86,11.2,0.0,813.1
2016-11-11 21:00:00,13.3,90,10.2,0.0,813.1
2016-11-11 22:00:00,12.8,93,10.0,0.0,813.5
2016-11-11 23:00:00,12.5,95,10.3,0.0,814.0
2016-11-12 00:00:00,12.4,96,10.7,0.0,814.1
2016-11-12 01:00:00,12.3,97,11.3,0.0,813.9
2016-11-12 02:00:00,12.2,97,10.6,0.0,813.6
2016-11-12 03:00:00,12.4,97,9.7,0.0,813.4
2016-11-12 04:00:00,12.4,97,9.7,0.0,812.8
2016-11-12 05:00:00,12.4,97,8.0,0.0,813.1
2016-11-12 06:00:00,12.4,98,10.3,0.0,813.3
2016-11-12 07:00:00,12.2,98,10.5,0.0,813.4
2016-11-12 08:00:00,12.3,98,11.3,10.0,814.1
2016-11-12 09:00:00,13.2,93,14.2,81.0,815.4
2016-11-12 10:00:00,15.0,80,17.7,271.0,816.3
2016-11-12 11:00:00,16.3,72,19.9,390.0,817.0
2016-11-12 12:00:00,17.3,66,20.7,458.0,816.7
2016-11-12 13:00:00,18.3,61,21.2,559.0,816.2
2016-11-12 14:00:00,19.0,58,21.7,558.0,815.4
2016-11-12 15:00:00,19.8,54,21.7,554.0,815.2
2016-11-12 16:00:00,19.6,54,22.0,429.0,815.0
2016-11-12 17:00:00,19.0,60,17.2,244.0,814.9
2016-11-12 18:00:00,17.8,66,15.3,84.0,815.2
2016-11-12 19:00:00,16.6,72,11.8,4.0,814.7
2016-11-12 20:00:00,15.7,77,9.5,0.0,814.7
2016-11-12 21:00:00,15.1,80,8.9,0.0,815.1
2016-11-12 22:00:00,14.6,84,8.9,0.0,815.1
2016-11-12 23:00:00,14.2,86,8.4,0.0,815.2
2016-11-13 00:00:00,13.7,89,7.7,0.0,814.9
2016-11-13 01:00:00,13.3,91,7.6,0.0,814.7
2016-11-13 02:00:00,12.7,94,8.0,0.0,813.9
2016-11-13 03:00:00,12.2,95,8.7,0.0,813.5
2016-11-13 04:00:00,11.7,97,8.9,0.0,812.8
2016-11-13 05:00:00,11.5,99,8.8,0.0,812.9
2016-11-13 06:00:00,11.4,99,7.5,0.0,813.3
2016-11-13 07:00:00,11.6,99,8.6,0.0,813.8
2016-11-13 08:00:00,11.6,100,10.8,11.0,814.6
2016-11-13 09:00:00,12.7,94,14.5,88.0,815.8
2016-11-13 10:00:00,14.3,82,18.3,230.0,816.6
2016-11-13 11:00:00,15.6,73,19.1,408.0,817.3
2016-11-13 12:00:00,16.8,66,19.4,509.0,817.1
2016-11-13 13:00:00,17.9,60,18.7,627.0,816.8
2016-11-13 14:00:00,18.7,57,19.2,667.0,816.2
2016-11-13 15:00:00,18.9,61,19.6,651.0,815.3
2016-11-13 16:00:00,18.9,61,18.8,501.0,814.9
2016-11-13 17:00:00,18.5,62,16.7,316.0,814.8
2016-11-13 18:00:00,17.3,69,12.4,121.0,814.7
2016-11-13 19:00:00,15.8,74,9.8,4.0,814.4
2016-11-13 20:00:00,15.0,78,8.0,0.0,814.5
2016-11-13 21:00:00,14.3,81,8.0,0.0,814.7
2016-11-13 22:00:00,13.6,83,8.0,0.0,814.6
2016-11-13 23:00:00,12.9,85,9.2,0.0,814.4
2016-11-14 00:00:00,12.2,88,9.8,0.0,813.8
2016-11-14 01:00:00,11.4,90,10.6,0.0,813.3
2016-11-14 02:00:00,10.6,92,10.2,0.0,812.4
2016-11-14 03:00:00,9.8,93,10.0,0.0,811.6
2016-11-14 04:00:00,9.3,95,9.8,0.0,811.3
2016-11-14 05:00:00,8.9,96,9.4,0.0,811.2
2016-11-14 06:00:00,8.7,97,9.0,0.0,811.8
2016-11-14 07:00:00,8.7,98,8.6,0.0,811.9
2016-11-14 08:00:00,8.6,99,5.4,15.0,812.3
2016-11-14 09:00:00,11.3,95,6.5,162.0,814.7
2016-11-14 10:00:00,14.3,81,7.6,364.0,817.0
2016-11-14 11:00:00,16.0,72,11.6,542.0,817.6
2016-11-14 12:00:00,17.4,65,13.2,683.0,817.8
2016-11-14 13:00:00,18.4,60,13.2,744.0,817.2
2016-11-14 14:00:00,19.1,57,13.2,733.0,816.5
2016-11-14 15:00:00,19.2,56,12.6,660.0,815.6
2016-11-14 16:00:00,19.2,56,12.1,515.0,815.4
2016-11-14 17:00:00,18.7,58,10.7,322.0,815.4
2016-11-14 18:00:00,17.6,65,7.1,119.0,814.6
2016-11-14 19:00:00,15.9,76,9.7,4.0,814.2
2016-11-14 20:00:00,14.6,80,7.7,0.0,814.3
2016-11-14 21:00:00,14.1,80,6.8,0.0,815.1
2016-11-14 22:00:00,13.7,82,6.5,0.0,815.3
2016-11-14 23:00:00,13.3,84,6.9,0.0,815.6
2016-11-15 00:00:00,13.2,85,7.1,0.0,815.7
2016-11-15 01:00:00,13.0,86,6.6,0.0,815.7
2016-11-15 02:00:00,12.9,88,6.6,0.0,815.6
2016-11-15 03:00:00,12.0,91,6.5,0.0,814.8
2016-11-15 04:00:00,11.9,92,6.1,0.0,814.8
2016-11-15 05:00:00,11.8,93,5.1,0.0,814.9
2016-11-15 06:00:00,11.5,95,4.7,0.0,815.4
2016-11-15 07:00:00,10.9,97,3.9,0.0,815.3
2016-11-15 08:00:00,9.8,99,3.4,13.0,815.1
2016-11-15 09:00:00,11.6,97,4.6,130.0,817.0
2016-11-15 10:00:00,13.4,90,7.5,223.0,818.4
2016-11-15 11:00:00,15.5,74,9.7,433.0,819.4
2016-11-15 12:00:00,16.6,66,11.6,469.0,819.0
2016-11-15 13:00:00,17.5,60,13.1,520.0,818.5
2016-11-15 14:00:00,18.5,55,14.3,609.0,817.9
2016-11-15 15:00:00,18.6,58,15.3,596.0,816.9
2016-11-15 16:00:00,18.6,58,15.8,479.0,816.3
2016-11-15 17:00:00,18.2,59,14.8,298.0,816.0
2016-11-15 18:00:00,17.0,66,11.5,114.0,815.7
2016-11-15 19:00:00,15.6,72,8.4,4.0,815.4
2016-11-15 20:00:00,14.7,76,9.4,0.0,815.0
2016-11-15 21:00:00,13.8,80,10.7,0.0,815.1
2016-11-15 22:00:00,12.8,84,10.4,0.0,815.1
2016-11-15 23:00:00,11.9,86,10.2,0.0,814.3
2016-11-16 00:00:00,11.2,88,9.9,0.0,813.9
2016-11-16 01:00:00,11.1,87,9.0,0.0,813.9
2016-11-16 02:00:00,11.3,88,7.9,0.0,814.0
2016-11-16 03:00:00,11.0,89,7.2,0.0,813.6
2016-11-16 04:00:00,10.8,91,7.0,0.0,813.1
2016-11-16 05:00:00,10.6,92,7.1,0.0,813.1
2016-11-16 06:00:00,10.2,95,7.6,0.0,813.2
2016-11-16 07:00:00,10.1,96,6.8,0.0,813.6
2016-11-16 08:00:00,9.7,97,5.2,14.0,813.8
2016-11-16 09:00:00,10.7,95,5.2,160.0,815.1
2016-11-16 10:00:00,14.5,78,7.4,366.0,817.6
2016-11-16 11:00:00,16.2,67,11.9,549.0,818.6
2016-11-16 12:00:00,17.5,59,14.3,679.0,818.6
2016-11-16 13:00:00,18.6,54,15.9,743.0,818.2
2016-11-16 14:00:00,19.3,50,16.8,735.0,817.6
2016-11-16 15:00:00,19.7,47,17.1,655.0,816.9
2016-11-16 16:00:00,19.6,47,16.9,511.0,816.4
2016-11-16 17:00:00,19.0,51,14.2,321.0,816.3
2016-11-16 18:00:00,17.5,58,9.9,118.0,815.7
2016-11-16 19:00:00,16.0,64,9.2,4.0,815.5
2016-11-16 20:00:00,14.8,70,11.0,0.0,815.2
2016-11-16 21:00:00,13.5,77,11.5,0.0,815.1
2016-11-16 22:00:00,12.3,82,10.8,0.0,814.5
2016-11-16 23:00:00,12.1,81,9.5,0.0,814.4
2016-11-17 00:00:00,12.0,82,8.6,0.0,814.4
2016-11-17 01:00:00,12.1,82,8.0,0.0,814.5
2016-11-17 02:00:00,11.8,85,7.4,0.0,814.2
2016-11-17 03:00:00,10.8,88,7.0,0.0,813.5
2016-11-17 04:00:00,10.8,90,6.6,0.0,813.1
2016-11-17 05:00:00,10.6,92,6.5,0.0,813.2
2016-11-17 06:00:00,10.5,94,6.5,0.0,813.7
2016-11-17 07:00:00,10.2,96,5.8,0.0,813.5
2016-11-17 08:00:00,10.2,97,4.7,13.0,814.2
2016-11-17 09:00:00,10.7,96,5.1,156.0,815.1
2016-11-17 10:00:00,15.1,78,6.4,361.0,818.0
2016-11-17 11:00:00,16.9,68,10.9,544.0,818.8
2016-11-17 12:00:00,18.3,61,14.0,674.0,818.7
2016-11-17 13:00:00,19.4,55,16.1,738.0,818.3
2016-11-17 14:00:00,20.1,51,17.1,730.0,817.4
2016-11-17 15:00:00,20.3,48,17.9,651.0,816.5
2016-11-17 16:00:00,20.2,48,17.7,509.0,816.0
2016-11-17 17:00:00,19.5,52,14.7,320.0,815.5
2016-11-17 18:00:00,18.0,59,10.0,118.0,815.1
2016-11-17 19:00:00,16.5,65,9.7,4.0,814.5
2016-11-17 20:00:00,15.3,71,11.3,0.0,814.5
2016-11-17 21:00:00,13.8,79,11.6,0.0,813.9
2016-11-17 22:00:00,12.6,83,10.5,0.0,813.5
2016-11-17 23:00:00,12.1,84,10.0,0.0,813.1
2016-11-18 00:00:00,11.7,85,9.2,0.0,813.2
2016-11-18 01:00:00,11.5,87,8.9,0.0,812.7
2016-11-18 02:00:00,11.2,89,8.5,0.0,812.7
2016-11-18 03:00:00,10.3,92,8.6,0.0,811.8
2016-11-18 04:00:00,10.3,94,8.6,0.0,811.8
2016-11-18 05:00:00,9.9,96,8.5,0.0,811.2
2016-11-18 06:00:00,9.8,97,8.4,0.0,811.6
2016-11-18 07:00:00,10.1,98,8.3,0.0,812.3
2016-11-18 08:00:00,10.0,99,7.2,12.0,812.8
2016-11-18 09:00:00,10.8,98,6.5,153.0,813.8
2016-11-18 10:00:00,14.7,84,9.7,347.0,816.4
2016-11-18 11:00:00,16.4,72,15.5,540.0,817.1
2016-11-18 12:00:00,17.4,62,17.3,618.0,817.0
2016-11-18 13:00:00,18.3,54,17.7,703.0,816.5
2016-11-18 14:00:00,18.9,49,17.7,722.0,815.6
2016-11-18 15:00:00,19.5,44,17.3,657.0,815.1
2016-11-18 16:00:00,19.3,44,16.2,510.0,814.4
2016-11-18 17:00:00,18.7,48,13.4,321.0,814.2
2016-11-18 18:00:00,17.4,56,8.0,118.0,813.9
2016-11-18 19:00:00,15.8,64,10.5,4.0,813.2
2016-11-18 20:00:00,13.9,76,8.8,0.0,812.8
2016-11-18 21:00:00,13.8,72,7.9,0.0,813.1
2016-11-18 22:00:00,13.7,72,7.4,0.0,813.3
2016-11-18 23:00:00,13.5,73,7.7,0.0,813.5
2016-11-19 00:00:00,13.1,76,7.8,0.0,813.4
2016-11-19 01:00:00,12.9,77,7.2,0.0,812.8
2016-11-19 02:00:00,13.1,78,7.2,0.0,812.8
2016-11-19 03:00:00,12.3,83,6.5,0.0,812.3
2016-11-19 04:00:00,12.1,85,6.6,0.0,811.9
2016-11-19 05:00:00,11.9,86,6.5,0.0,812.0
2016-11-19 06:00:00,11.5,89,6.5,0.0,812.3
2016-11-19 07:00:00,11.3,90,6.5,0.0,812.8
2016-11-19 08:00:00,11.1,92,5.4,12.0,812.8
2016-11-19 09:00:00,12.4,88,5.4,155.0,814.2
2016-11-19 10:00:00,14.9,74,9.0,361.0,816.2
2016-11-19 11:00:00,16.3,61,14.1,545.0,816.6
2016-11-19 12:00:00,17.3,55,14.4,657.0,816.8
2016-11-19 13:00:00,18.0,50,14.3,728.0,815.8
2016-11-19 14:00:00,18.6,47,14.7,712.0,815.2
2016-11-19 15:00:00,18.5,43,15.1,654.0,814.3
2016-11-19 16:00:00,18.4,43,14.8,515.0,813.8
2016-11-19 17:00:00,17.9,46,12.7,322.0,813.7
2016-11-19 18:00:00,16.6,55,8.2,117.0,812.9
2016-11-19 19:00:00,14.9,65,10.5,4.0,812.6
2016-11-19 20:00:00,13.5,72,9.2,0.0,812.6
2016-11-19 21:00:00,13.7,68,8.1,0.0,812.9
2016-11-19 22:00:00,14.1,66,7.4,0.0,813.7
2016-11-19 23:00:00,13.5,70,6.3,0.0,813.3
2016-11-20 00:00:00,13.1,73,6.0,0.0,813.3
2016-11-20 01:00:00,12.7,76,5.3,0.0,812.8
2016-11-20 02:00:00,12.4,77,4.7,0.0,812.9
2016-11-20 03:00:00,11.9,79,3.6,0.0,812.5
2016-11-20 04:00:00,11.6,80,3.6,0.0,812.4
2016-11-20 05:00:00,11.3,82,3.1,0.0,812.2
2016-11-20 06:00:00,11.0,84,3.9,0.0,812.8
2016-11-20 07:00:00,10.7,86,2.6,0.0,813.1
2016-11-20 08:00:00,10.5,88,2.5,11.0,813.8
2016-11-20 09:00:00,11.2,86,2.5,153.0,814.5
2016-11-20 10:00:00,13.7,72,5.7,360.0,816.7
2016-11-20 11:00:00,15.2,59,10.5,545.0,817.1
2016-11-20 12:00:00,16.3,53,12.4,678.0,816.6
2016-11-20 13:00:00,17.2,49,14.2,742.0,815.8
2016-11-20 14:00:00,17.9,46,15.8,736.0,814.8
2016-11-20 15:00:00,18.2,44,16.4,659.0,814.1
2016-11-20 16:00:00,18.2,43,16.1,515.0,813.8
2016-11-20 17:00:00,17.6,46,13.9,324.0,813.2
2016-11-20 18:00:00,16.2,53,8.1,118.0,812.7
2016-11-20 19:00:00,14.6,60,11.1,4.0,812.4
2016-11-20 20:00:00,12.6,73,11.1,0.0,811.9
2016-11-20 21:00:00,12.8,66,9.6,0.0,812.3
2016-11-20 22:00:00,13.2,63,8.5,0.0,812.8
2016-11-20 23:00:00,12.8,65,7.8,0.0,812.7
2016-11-21 00:00:00,12.2,69,7.0,0.0,812.2
2016-11-21 01:00:00,11.7,72,6.2,0.0,812.0
2016-11-21 02:00:00,11.3,74,5.8,0.0,811.8
2016-11-21 03:00:00,10.7,76,5.1,0.0,811.4
2016-11-21 04:00:00,10.3,78,4.7,0.0,811.0
2016-11-21 05:00:00,10.0,80,4.3,0.0,810.9
2016-11-21 06:00:00,9.7,80,4.7,0.0,811.2
2016-11-21 07:00:00,9.5,81,4.0,0.0,811.8
2016-11-21 08:00:00,9.3,83,4.0,11.0,812.3
2016-11-21 09:00:00,10.2,82,4.0,153.0,813.3
2016-11-21 10:00:00,12.9,64,5.6,362.0,815.7
2016-11-21 11:00:00,14.6,53,9.0,548.0,815.9
2016-11-21 12:00:00,15.8,47,11.5,681.0,815.7
2016-11-21 13:00:00,16.9,43,12.6,748.0,814.8
2016-11-21 14:00:00,17.5,41,13.4,740.0,814.1
2016-11-21 15:00:00,17.6,40,13.9,661.0,813.1
2016-11-21 16:00:00,17.5,40,13.7,517.0,812.7
2016-11-21 17:00:00,17.0,43,12.2,325.0,812.3
2016-11-21 18:00:00,15.6,51,8.2,118.0,812.3
2016-11-21 19:00:00,14.1,58,10.5,3.0,811.7
2016-11-21 20:00:00,12.1,71,11.3,0.0,811.0
2016-11-21 21:00:00,12.0,66,9.7,0.0,811.3
2016-11-21 22:00:00,12.1,64,8.5,0.0,811.7
2016-11-21 23:00:00,12.0,66,8.0,0.0,811.8
2016-11-22 00:00:00,11.4,69,8.3,0.0,811.3
2016-11-22 01:00:00,10.9,73,8.0,0.0,810.8
2016-11-22 02:00:00,10.4,75,6.6,0.0,810.4
2016-11-22 03:00:00,9.9,77,4.3,0.0,810.0
2016-11-22 04:00:00,9.5,78,0.8,0.0,810.0
2016-11-22 05:00:00,9.1,81,0.8,0.0,810.1
2016-11-22 06:00:00,8.8,83,0.8,0.0,810.3
2016-11-22 07:00:00,8.5,85,1.1,0.0,810.6
2016-11-22 08:00:00,8.4,85,0.8,10.0,811.8
2016-11-22 09:00:00,9.8,82,0.4,149.0,813.1
2016-11-22 10:00:00,12.5,67,3.0,356.0,815.3
2016-11-22 11:00:00,14.2,57,5.0,541.0,815.9
2016-11-22 12:00:00,15.4,51,6.4,673.0,815.6
2016-11-22 13:00:00,16.3,48,8.2,739.0,814.9
2016-11-22 14:00:00,17.0,46,9.7,733.0,814.3
2016-11-22 15:00:00,17.6,44,10.7,653.0,814.0
2016-11-22 16:00:00,17.5,44,11.0,510.0,813.5
2016-11-22 17:00:00,17.1,45,10.2,319.0,813.3
2016-11-22 18:00:00,15.9,54,7.7,115.0,813.0
2016-11-22 19:00:00,13.7,70,9.9,3.0,811.8
2016-11-22 20:00:00,13.4,65,8.7,0.0,812.1
2016-11-22 21:00:00,13.6,62,7.9,0.0,812.8
2016-11-22 22:00:00,12.8,67,6.1,0.0,812.9
2016-11-22 23:00:00,12.2,72,6.0,0.0,812.8
2016-11-23 00:00:00,11.7,74,5.5,0.0,812.7
2016-11-23 01:00:00,11.4,76,3.2,0.0,812.3
2016-11-23 02:00:00,11.1,76,2.6,0.0,812.2
2016-11-23 03:00:00,10.5,79,2.4,0.0,812.1
2016-11-23 04:00:00,10.1,81,2.9,0.0,812.2
2016-11-23 05:00:00,9.8,82,2.9,0.0,812.2
2016-11-23 06:00:00,9.5,84,2.3,0.0,812.1
2016-11-23 07:00:00,9.2,86,2.5,0.0,812.6
2016-11-23 08:00:00,9.0,88,2.4,9.0,813.7
2016-11-23 09:00:00,10.3,87,1.8,144.0,815.4
2016-11-23 10:00:00,12.8,76,4.6,348.0,817.4
2016-11-23 11:00:00,14.4,66,6.4,531.0,818.0
2016-11-23 12:00:00,15.5,60,6.5,662.0,817.7
2016-11-23 13:00:00,16.4,57,7.2,713.0,817.4
2016-11-23 14:00:00,17.1,54,8.0,715.0,816.5
2016-11-23 15:00:00,17.7,54,9.4,617.0,816.0
2016-11-23 16:00:00,17.8,53,10.1,486.0,815.8
2016-11-23 17:00:00,17.5,53,10.4,299.0,815.8
2016-11-23 18:00:00,16.4,60,6.5,109.0,815.3
2016-11-23 19:00:00,14.8,70,10.0,3.0,814.4
2016-11-23 20:00:00,12.9,79,9.2,0.0,814.4
2016-11-23 21:00:00,12.5,77,8.4,0.0,814.4
2016-11-23 22:00:00,11.4,80,7.2,0.0,814.4
2016-11-23 23:00:00,10.2,84,7.4,0.0,813.8
2016-11-24 00:00:00,9.7,86,8.5,0.0,814.0
2016-11-24 01:00:00,9.5,88,7.8,0.0,814.1
2016-11-24 02:00:00,9.4,90,6.0,0.0,814.2
2016-11-24 03:00:00,9.0,92,5.9,0.0,814.3
2016-11-24 04:00:00,8.7,94,5.2,0.0,814.2
2016-11-24 05:00:00,8.5,95,5.5,0.0,814.0
2016-11-24 06:00:00,8.3,97,7.1,0.0,814.0
2016-11-24 07:00:00,8.3,98,6.8,0.0,813.7
2016-11-24 08:00:00,8.5,98,6.1,5.0,814.4
2016-11-24 09:00:00,9.3,94,8.2,72.0,815.1
2016-11-24 10:00:00,11.0,87,10.5,195.0,816.0
2016-11-24 11:00:00,12.8,77,14.2,339.0,816.5
2016-11-24 12:00:00,14.4,67,17.3,451.0,816.5
2016-11-24 13:00:00,15.8,58,20.8,540.0,815.5
2016-11-24 14:00:00,16.7,52,21.8,576.0,814.5
2016-11-24 15:00:00,17.2,51,22.1,613.0,813.7
2016-11-24 16:00:00,17.2,51,21.5,477.0,813.0
2016-11-24 17:00:00,16.8,53,18.9,315.0,812.7
2016-11-24 18:00:00,15.5,60,13.5,111.0,812.4
2016-11-24 19:00:00,14.2,65,10.2,3.0,812.1
2016-11-24 20:00:00,13.5,68,8.9,0.0,812.2
2016-11-24 21:00:00,12.9,71,8.7,0.0,812.6
2016-11-24 22:00:00,12.3,75,8.6,0.0,812.4
2016-11-24 23:00:00,11.6,79,8.8,0.0,811.9
2016-11-25 00:00:00,10.7,85,8.9,0.0,811.6
2016-11-25 01:00:00,9.8,88,9.2,0.0,810.8
2016-11-25 02:00:00,9.1,92,8.6,0.0,810.6
2016-11-25 03:00:00,9.3,92,7.1,0.0,810.4
2016-11-25 04:00:00,8.3,96,7.2,0.0,810.1
2016-11-25 05:00:00,8.5,98,6.4,0.0,810.1
2016-11-25 06:00:00,8.5,100,7.3,0.0,810.3
2016-11-25 07:00:00,9.4,99,9.8,0.0,811.1
2016-11-25 08:00:00,10.0,99,9.7,4.0,812.2
2016-11-25 09:00:00,11.6,94,13.7,77.0,813.4
2016-11-25 10:00:00,13.2,78,18.2,211.0,814.2
2016-11-25 11:00:00,14.5,69,20.6,372.0,814.8
2016-11-25 12:00:00,15.6,61,21.8,463.0,814.5
2016-11-25 13:00:00,16.8,55,23.5,542.0,813.9
2016-11-25 14:00:00,17.6,51,23.4,549.0,812.8
2016-11-25 15:00:00,17.6,53,21.8,529.0,811.7
2016-11-25 16:00:00,17.6,53,21.3,464.0,811.3
2016-11-25 17:00:00,17.1,55,18.2,294.0,811.4
2016-11-25 18:00:00,16.0,61,13.9,103.0,811.3
2016-11-25 19:00:00,14.7,67,9.4,3.0,811.5
2016-11-25 20:00:00,13.8,72,8.5,0.0,811.7
2016-11-25 21:00:00,12.8,78,9.2,0.0,811.5
2016-11-25 22:00:00,11.6,84,7.8,0.0,811.6
2016-11-25 23:00:00,11.9,81,4.1,0.0,812.5
2016-11-26 00:00:00,11.4,83,4.3,0.0,813.2
2016-11-26 01:00:00,10.3,87,7.2,0.0,812.7
2016-11-26 02:00:00,9.3,91,7.9,0.0,812.5
2016-11-26 03:00:00,9.4,91,8.5,0.0,813.2
2016-11-26 04:00:00,9.6,90,16.2,0.0,815.1
2016-11-26 05:00:00,7.5,89,20.9,0.0,815.8
2016-11-26 06:00:00,5.5,86,19.7,0.0,816.5
2016-11-26 07:00:00,4.7,81,19.9,0.0,816.9
2016-11-26 08:00:00,4.7,77,18.2,1.0,817.6
2016-11-26 09:00:00,4.2,74,16.9,38.0,817.4
2016-11-26 10:00:00,4.7,72,15.8,75.0,818.2
2016-11-26 11:00:00,5.7,69,14.6,154.0,818.6
2016-11-26 12:00:00,6.7,67,13.4,222.0,818.4
2016-11-26 13:00:00,8.0,66,12.8,354.0,817.8
2016-11-26 14:00:00,9.2,65,12.1,425.0,817.0
2016-11-26 15:00:00,9.6,67,10.5,386.0,815.9
2016-11-26 16:00:00,10.0,67,8.3,348.0,815.4
2016-11-26 17:00:00,10.2,66,6.9,277.0,815.4
2016-11-26 18:00:00,9.8,68,4.7,92.0,814.5
2016-11-26 19:00:00,9.1,72,5.0,2.0,814.7
2016-11-26 20:00:00,8.2,80,3.8,0.0,814.4
2016-11-26 21:00:00,7.5,84,3.4,0.0,814.4
2016-11-26 22:00:00,7.3,82,4.0,0.0,814.6
2016-11-26 23:00:00,7.9,78,3.7,0.0,815.3
2016-11-27 00:00:00,7.7,79,2.6,0.0,815.0
2016-11-27 01:00:00,7.5,81,2.9,0.0,814.7
2016-11-27 02:00:00,7.2,83,2.3,0.0,814.4
2016-11-27 03:00:00,7.0,86,1.6,0.0,814.0
2016-11-27 04:00:00,6.8,86,1.1,0.0,813.8
2016-11-27 05:00:00,6.7,87,0.8,0.0,813.5
2016-11-27 06:00:00,6.6,87,1.9,0.0,813.6
2016-11-27 07:00:00,6.4,89,2.2,0.0,813.4
2016-11-27 08:00:00,6.4,90,3.1,6.0,813.7
2016-11-27 09:00:00,7.5,91,3.9,129.0,814.9
2016-11-27 10:00:00,10.7,80,6.1,325.0,816.7
2016-11-27 11:00:00,12.8,73,9.4,509.0,817.2
2016-11-27 12:00:00,14.6,67,15.5,639.0,816.8
2016-11-27 13:00:00,16.0,58,15.7,691.0,816.2
2016-11-27 14:00:00,16.6,54,15.0,654.0,815.1
2016-11-27 15:00:00,16.8,53,15.1,618.0,814.3
2016-11-27 16:00:00,16.8,52,15.5,468.0,813.8
2016-11-27 17:00:00,16.5,52,13.2,267.0,814.0
2016-11-27 18:00:00,15.4,59,7.9,79.0,813.9
2016-11-27 19:00:00,14.0,68,7.8,2.0,813.7
2016-11-27 20:00:00,12.5,76,5.7,0.0,813.3
2016-11-27 21:00:00,11.9,78,6.8,0.0,813.7
2016-11-27 22:00:00,11.2,80,8.3,0.0,814.1
2016-11-27 23:00:00,10.7,83,8.2,0.0,814.4
2016-11-28 00:00:00,10.6,83,7.8,0.0,814.5
2016-11-28 01:00:00,10.5,83,8.0,0.0,814.1
2016-11-28 02:00:00,10.1,84,8.0,0.0,814.1
2016-11-28 03:00:00,9.8,86,7.5,0.0,813.8
2016-11-28 04:00:00,9.0,89,5.9,0.0,813.3
2016-11-28 05:00:00,8.4,92,6.2,0.0,813.1
2016-11-28 06:00:00,7.9,94,5.6,0.0,813.0
2016-11-28 07:00:00,7.8,95,5.5,0.0,813.4
2016-11-28 08:00:00,7.8,96,5.6,4.0,814.4
2016-11-28 09:00:00,8.9,93,6.8,73.0,815.9
2016-11-28 10:00:00,10.5,87,8.7,194.0,817.5
2016-11-28 11:00:00,11.4,83,11.4,256.0,817.6
2016-11-28 12:00:00,12.4,80,12.3,357.0,817.7
2016-11-28 13:00:00,13.1,77,12.7,350.0,817.0
2016-11-28 14:00:00,13.4,75,13.7,234.0,815.8
2016-11-28 15:00:00,14.2,70,15.3,275.0,815.2
2016-11-28 16:00:00,14.2,71,14.8,215.0,814.3
2016-11-28 17:00:00,13.8,74,13.8,118.0,814.7
2016-11-28 18:00:00,13.0,80,12.4,45.0,814.2
2016-11-28 19:00:00,12.2,84,9.7,1.0,814.3
2016-11-28 20:00:00,11.6,89,8.5,0.0,814.7
2016-11-28 21:00:00,11.3,92,8.3,0.0,814.9
2016-11-28 22:00:00,10.8,97,8.1,0.0,815.1
2016-11-28 23:00:00,10.8,97,7.4,0.0,815.5
2016-11-29 00:00:00,10.7,98,7.3,0.0,816.0
2016-11-29 01:00:00,10.6,98,6.3,0.0,815.6
2016-11-29 02:00:00,10.5,99,5.4,0.0,815.8
2016-11-29 03:00:00,10.6,99,6.3,0.0,815.5
2016-11-29 04:00:00,10.7,99,6.4,0.0,815.4
2016-11-29 05:00:00,10.6,99,6.9,0.0,815.3
2016-11-29 06:00:00,10.6,99,6.2,0.0,815.1
2016-11-29 07:00:00,10.5,100,4.8,0.0,816.1
2016-11-29 08:00:00,10.5,100,5.1,1.0,816.6
2016-11-29 09:00:00,10.5,100,5.5,19.0,817.7
2016-11-29 10:00:00,10.7,100,6.6,49.0,818.6
2016-11-29 11:00:00,11.0,98,7.5,92.0,819.1
2016-11-29 12:00:00,11.3,98,8.9,128.0,818.9
2016-11-29 13:00:00,11.1,95,9.2,142.0,818.0
2016-11-29 14:00:00,11.4,92,10.0,197.0,817.4
2016-11-29 15:00:00,12.3,92,10.3,219.0,816.9
2016-11-29 16:00:00,12.3,90,11.0,170.0,817.1
2016-11-29 17:00:00,11.6,91,11.5,96.0,816.8
2016-11-29 18:00:00,10.9,93,12.0,42.0,816.4
2016-11-29 19:00:00,10.4,94,10.9,1.0,816.6
2016-11-29 20:00:00,10.2,94,9.7,0.0,817.0
2016-11-29 21:00:00,10.0,95,9.0,0.0,817.2
2016-11-29 22:00:00,9.6,98,8.1,0.0,817.4
2016-11-29 23:00:00,9.4,98,8.1,0.0,817.9
2016-11-30 00:00:00,9.1,99,8.6,0.0,818.1
2016-11-30 01:00:00,8.9,99,9.2,0.0,817.7
2016-11-30 02:00:00,8.6,100,10.1,0.0,817.7
2016-11-30 03:00:00,8.6,99,9.0,0.0,817.6
2016-11-30 04:00:00,8.4,100,9.1,0.0,817.4
2016-11-30 05:00:00,8.2,100,8.9,0.0,817.2
2016-11-30 06:00:00,8.1,100,9.4,0.0,817.7
2016-11-30 07:00:00,7.9,100,10.1,0.0,817.9
2016-11-30 08:00:00,7.7,100,10.5,1.0,819.1
2016-11-30 09:00:00,7.2,100,11.2,11.0,819.3
2016-11-30 10:00:00,7.0,100,11.6,25.0,820.3
2016-11-30 11:00:00,6.8,97,10.9,49.0,820.6
2016-11-30 12:00:00,6.7,96,10.5,93.0,820.5
2016-11-30 13:00:00,6.4,96,10.4,71.0,819.7
2016-11-30 14:00:00,6.4,95,10.1,90.0,818.7
2016-11-30 15:00:00,6.5,89,9.7,93.0,818.1
2016-11-30 16:00:00,6.4,90,9.4,56.0,817.6
2016-11-30 17:00:00,6.5,89,9.0,46.0,817.8
2016-11-30 18:00:00,6.3,91,8.0,15.0,817.2
2016-11-30 19:00:00,6.2,91,7.7,1.0,817.3
2016-11-30 20:00:00,6.2,92,7.3,0.0,818.3
2016-11-30 21:00:00,6.2,92,7.1,0.0,818.2
2016-11-30 22:00:00,6.4,91,7.5,0.0,818.7
2016-11-30 23:00:00,6.5,91,7.2,0.0,818.6
2016-12-01 00:00:00,6.4,92,7.2,0.0,818.6
2016-12-01 01:00:00,6.4,92,7.0,0.0,818.5
2016-12-01 02:00:00,6.5,92,6.8,0.0,818.1
2016-12-01 03:00:00,6.6,92,6.6,0.0,817.6
2016-12-01 04:00:00,6.6,93,6.7,0.0,817.2
2016-12-01 05:00:00,6.7,92,6.9,0.0,817.1
2016-12-01 06:00:00,6.7,93,5.4,0.0,817.6
2016-12-01 07:00:00,6.7,94,4.1,0.0,817.2
2016-12-01 08:00:00,6.9,94,3.4,2.0,818.0
2016-12-01 09:00:00,7.8,93,3.1,49.0,818.7
2016-12-01 10:00:00,8.6,91,5.5,98.0,819.5
2016-12-01 11:00:00,9.4,88,5.8,135.0,819.9
2016-12-01 12:00:00,9.9,86,5.6,137.0,819.3
2016-12-01 13:00:00,10.4,85,5.8,169.0,818.5
2016-12-01 14:00:00,11.1,83,6.9,220.0,818.0
2016-12-01 15:00:00,10.8,84,8.1,135.0,816.7
2016-12-01 16:00:00,11.0,84,9.0,127.0,816.3
2016-12-01 17:00:00,10.9,85,9.4,65.0,816.4
2016-12-01 18:00:00,10.7,87,9.7,29.0,816.3
2016-12-01 19:00:00,10.4,90,8.7,1.0,816.4
2016-12-01 20:00:00,10.2,91,7.6,0.0,816.7
2016-12-01 21:00:00,9.9,93,7.3,0.0,817.1
2016-12-01 22:00:00,9.9,93,7.6,0.0,817.2
2016-12-01 23:00:00,9.7,95,7.9,0.0,817.4
2016-12-02 00:00:00,9.8,95,7.6,0.0,817.3
2016-12-02 01:00:00,9.8,95,9.0,0.0,817.3
2016-12-02 02:00:00,9.6,96,9.1,0.0,817.3
2016-12-02 03:00:00,10.0,96,8.4,0.0,817.3
2016-12-02 04:00:00,9.9,97,8.8,0.0,817.1
2016-12-02 05:00:00,9.8,98,8.4,0.0,816.8
2016-12-02 06:00:00,9.7,99,7.9,0.0,817.1
2016-12-02 07:00:00,9.8,98,8.4,0.0,816.7
2016-12-02 08:00:00,9.9,98,8.3,1.0,817.8
2016-12-02 09:00:00,10.5,95,9.2,35.0,818.5
2016-12-02 10:00:00,11.5,87,10.5,115.0,819.2
2016-12-02 11:00:00,12.5,79,15.0,242.0,819.2
2016-12-02 12:00:00,13.7,71,17.0,345.0,819.0
2016-12-02 13:00:00,14.6,65,18.6,395.0,818.3
2016-12-02 14:00:00,15.1,63,18.6,342.0,817.5
2016-12-02 15:00:00,15.1,67,20.5,401.0,816.9
2016-12-02 16:00:00,14.6,70,19.0,224.0,816.1
2016-12-02 17:00:00,14.4,74,15.7,191.0,816.3
2016-12-02 18:00:00,13.7,79,10.4,79.0,816.4
2016-12-02 19:00:00,12.5,85,7.2,2.0,816.2
2016-12-02 20:00:00,12.0,88,6.6,0.0,816.4
2016-12-02 21:00:00,11.5,91,6.9,0.0,816.5
2016-12-02 22:00:00,11.0,93,7.7,0.0,816.6
2016-12-02 23:00:00,10.7,95,7.8,0.0,816.6
2016-12-03 00:00:00,10.2,98,7.8,0.0,816.4
2016-12-03 01:00:00,10.0,99,7.9,0.0,816.3
2016-12-03 02:00:00,9.8,99,7.1,0.0,815.9
2016-12-03 03:00:00,10.0,99,6.8,0.0,816.0
2016-12-03 04:00:00,10.4,99,7.1,0.0,816.3
2016-12-03 05:00:00,10.4,99,7.2,0.0,816.2
2016-12-03 06:00:00,10.8,98,8.2,0.0,816.9
2016-12-03 07:00:00,10.8,98,8.9,0.0,817.1
2016-12-03 08:00:00,10.8,99,8.7,1.0,817.6
2016-12-03 09:00:00,11.4,96,9.7,24.0,818.2
2016-12-03 10:00:00,12.2,90,10.7,75.0,818.8
2016-12-03 11:00:00,13.4,80,15.3,220.0,819.2
2016-12-03 12:00:00,14.4,72,17.1,353.0,819.3
2016-12-03 13:00:00,15.6,65,19.1,521.0,818.9
2016-12-03 14:00:00,16.2,60,19.7,470.0,818.1
2016-12-03 15:00:00,16.5,52,19.2,458.0,817.4
2016-12-03 16:00:00,16.3,52,19.0,343.0,817.0
2016-12-03 17:00:00,15.8,57,13.7,197.0,817.1
2016-12-03 18:00:00,14.9,63,11.1,80.0,817.2
2016-12-03 19:00:00,13.7,69,7.7,2.0,817.0
2016-12-03 20:00:00,12.7,76,9.6,0.0,816.9
2016-12-03 21:00:00,11.5,83,10.0,0.0,816.4
2016-12-03 22:00:00,10.4,88,8.9,0.0,816.5
2016-12-03 23:00:00,9.9,89,7.6,0.0,816.3
2016-12-04 00:00:00,9.6,91,6.8,0.0,816.3
2016-12-04 01:00:00,9.1,94,6.4,0.0,815.7
2016-12-04 02:00:00,8.9,96,6.4,0.0,815.7
2016-12-04 03:00:00,9.3,98,6.0,0.0,815.9
2016-12-04 04:00:00,9.5,99,5.2,0.0,815.9
2016-12-04 05:00:00,9.5,99,4.1,0.0,815.9
2016-12-04 06:00:00,9.4,99,5.6,0.0,816.1
2016-12-04 07:00:00,8.5,100,4.1,0.0,815.8
2016-12-04 08:00:00,8.3,100,4.1,2.0,816.5
2016-12-04 09:00:00,10.3,96,5.1,59.0,818.2
2016-12-04 10:00:00,11.6,86,7.1,180.0,819.3
2016-12-04 11:00:00,13.0,74,8.8,382.0,819.8
2016-12-04 12:00:00,13.7,68,10.8,430.0,819.7
2016-12-04 13:00:00,14.7,61,12.3,545.0,819.2
2016-12-04 14:00:00,15.4,56,13.4,612.0,818.3
2016-12-04 15:00:00,15.5,50,13.4,512.0,817.6
2016-12-04 16:00:00,15.5,49,13.0,383.0,817.2
2016-12-04 17:00:00,15.2,50,12.2,252.0,816.9
2016-12-04 18:00:00,14.1,58,6.1,85.0,816.5
2016-12-04 19:00:00,12.2,71,8.3,3.0,815.8
2016-12-04 20:00:00,11.5,72,5.5,0.0,816.0
2016-12-04 21:00:00,11.7,69,4.2,0.0,816.5
2016-12-04 22:00:00,11.0,74,4.0,0.0,816.4
2016-12-04 23:00:00,10.4,78,4.3,0.0,816.2
2016-12-05 00:00:00,9.9,82,4.7,0.0,815.9
2016-12-05 01:00:00,9.5,84,5.1,0.0,815.6
2016-12-05 02:00:00,9.3,84,5.6,0.0,815.2
2016-12-05 03:00:00,9.0,85,6.4,0.0,815.0
2016-12-05 04:00:00,7.7,89,5.9,0.0,814.1
2016-12-05 05:00:00,7.0,90,6.9,0.0,813.6
2016-12-05 06:00:00,7.4,91,5.6,0.0,814.1
2016-12-05 07:00:00,6.9,92,5.7,0.0,814.3
2016-12-05 08:00:00,6.1,95,6.6,3.0,814.4
2016-12-05 09:00:00,6.4,95,6.2,108.0,815.1
2016-12-05 10:00:00,10.6,81,5.9,285.0,818.4
2016-12-05 11:00:00,12.9,70,6.1,491.0,820.3
2016-12-05 12:00:00,14.4,62,7.7,630.0,820.4
2016-12-05 13:00:00,15.5,56,7.6,700.0,819.9
2016-12-05 14:00:00,16.3,52,5.9,705.0,819.4
2016-12-05 15:00:00,16.7,51,4.7,633.0,818.8
2016-12-05 16:00:00,16.9,49,7.1,497.0,819.3
2016-12-05 17:00:00,16.4,50,9.7,312.0,819.4
2016-12-05 18:00:00,15.1,59,7.9,113.0,818.6
2016-12-05 19:00:00,13.5,65,10.2,3.0,818.6
2016-12-05 20:00:00,12.3,70,10.1,0.0,818.8
2016-12-05 21:00:00,11.5,72,11.2,0.0,819.2
2016-12-05 22:00:00,11.4,70,8.6,0.0,820.1
2016-12-05 23:00:00,11.0,74,12.2,0.0,821.1
2016-12-06 00:00:00,10.2,83,14.0,0.0,821.4
2016-12-06 01:00:00,9.5,89,14.0,0.0,821.8
2016-12-06 02:00:00,9.0,93,13.0,0.0,822.0
2016-12-06 03:00:00,8.7,94,11.5,0.0,821.7
2016-12-06 04:00:00,8.4,95,9.8,0.0,821.5
2016-12-06 05:00:00,8.2,95,8.8,0.0,820.9
2016-12-06 06:00:00,8.0,95,7.2,0.0,820.7
2016-12-06 07:00:00,7.5,95,6.4,0.0,820.8
2016-12-06 08:00:00,7.0,97,6.4,2.0,820.5
2016-12-06 09:00:00,7.7,94,5.9,74.0,820.9
2016-12-06 10:00:00,9.1,81,7.0,244.0,821.9
2016-12-06 11:00:00,10.2,70,5.0,408.0,822.2
2016-12-06 12:00:00,11.2,64,4.8,467.0,821.7
2016-12-06 13:00:00,12.0,59,6.4,511.0,820.4
2016-12-06 14:00:00,13.0,55,7.5,632.0,819.5
2016-12-06 15:00:00,13.7,54,8.1,621.0,818.5
2016-12-06 16:00:00,14.0,53,8.6,489.0,818.1
2016-12-06 17:00:00,13.7,53,8.7,311.0,817.7
2016-12-06 18:00:00,12.8,60,6.4,112.0,816.9
2016-12-06 19:00:00,11.4,68,8.7,3.0,817.0
2016-12-06 20:00:00,9.9,78,8.9,0.0,816.4
2016-12-06 21:00:00,8.8,80,8.9,0.0,816.1
2016-12-06 22:00:00,8.8,78,7.9,0.0,816.4
2016-12-06 23:00:00,9.9,73,6.1,0.0,816.9
2016-12-07 00:00:00,9.5,76,5.9,0.0,816.8
2016-12-07 01:00:00,8.9,79,5.7,0.0,816.3
2016-12-07 02:00:00,8.7,81,4.7,0.0,816.0
2016-12-07 03:00:00,8.1,85,3.2,0.0,815.3
2016-12-07 04:00:00,7.7,89,3.1,0.0,814.9
2016-12-07 05:00:00,7.4,91,2.2,0.0,814.8
2016-12-07 06:00:00,7.1,93,2.3,0.0,815.1
2016-12-07 07:00:00,7.0,92,1.5,0.0,815.5
2016-12-07 08:00:00,6.8,93,2.5,3.0,815.6
2016-12-07 09:00:00,7.6,93,2.7,106.0,816.4
2016-12-07 10:00:00,10.3,79,2.3,297.0,818.9
2016-12-07 11:00:00,12.4,71,1.6,483.0,820.4
2016-12-07 12:00:00,13.8,65,2.7,616.0,820.4
2016-12-07 13:00:00,14.9,59,6.6,677.0,819.2
2016-12-07 14:00:00,15.6,54,6.6,593.0,818.4
2016-12-07 15:00:00,15.7,52,5.4,464.0,817.4
2016-12-07 16:00:00,15.7,50,4.7,290.0,817.1
2016-12-07 17:00:00,15.6,50,4.7,180.0,817.2
2016-12-07 18:00:00,14.7,59,4.3,88.0,816.6
2016-12-07 19:00:00,12.7,71,5.6,3.0,816.4
2016-12-07 20:00:00,12.8,64,5.1,0.0,817.0
2016-12-07 21:00:00,12.0,70,3.7,0.0,817.0
2016-12-07 22:00:00,11.3,75,2.9,0.0,817.2
2016-12-07 23:00:00,10.8,79,3.1,0.0,816.8
2016-12-08 00:00:00,10.3,82,4.0,0.0,817.1
2016-12-08 01:00:00,10.0,84,5.0,0.0,816.7
2016-12-08 02:00:00,9.6,86,5.6,0.0,816.4
2016-12-08 03:00:00,8.4,89,6.0,0.0,815.7
2016-12-08 04:00:00,7.5,91,6.7,0.0,815.2
2016-12-08 05:00:00,7.4,92,6.4,0.0,814.8
2016-12-08 06:00:00,7.6,90,4.6,0.0,815.3
2016-12-08 07:00:00,7.9,89,3.4,0.0,815.9
2016-12-08 08:00:00,7.9,89,2.2,2.0,816.3
2016-12-08 09:00:00,8.0,87,2.6,103.0,816.4
2016-12-08 10:00:00,10.6,76,2.5,297.0,818.7
2016-12-08 11:00:00,12.6,68,4.6,479.0,819.1
2016-12-08 12:00:00,14.0,63,7.9,617.0,818.7
2016-12-08 13:00:00,14.9,59,9.8,681.0,817.4
2016-12-08 14:00:00,15.7,57,10.4,689.0,816.6
2016-12-08 15:00:00,16.0,56,9.9,618.0,815.8
2016-12-08 16:00:00,16.2,55,8.6,487.0,815.5
2016-12-08 17:00:00,15.9,56,7.6,306.0,815.4
2016-12-08 18:00:00,14.9,62,7.6,111.0,815.1
2016-12-08 19:00:00,12.7,77,6.4,3.0,814.2
2016-12-08 20:00:00,11.6,77,5.8,0.0,814.0
2016-12-08 21:00:00,11.6,75,5.5,0.0,814.4
2016-12-08 22:00:00,11.3,76,5.1,0.0,814.6
2016-12-08 23:00:00,10.7,80,5.0,0.0,814.5
2016-12-09 00:00:00,10.1,83,5.0,0.0,814.2
2016-12-09 01:00:00,9.6,86,4.6,0.0,813.6
2016-12-09 02:00:00,9.2,88,4.0,0.0,813.0
2016-12-09 03:00:00,8.7,90,4.8,0.0,812.5
2016-12-09 04:00:00,8.4,92,5.2,0.0,812.2
2016-12-09 05:00:00,8.1,93,5.0,0.0,811.8
2016-12-09 06:00:00,7.9,95,5.1,0.0,811.8
2016-12-09 07:00:00,7.7,96,2.9,0.0,812.1
2016-12-09 08:00:00,7.2,99,2.3,2.0,812.4
2016-12-09 09:00:00,7.1,97,3.3,96.0,812.6
2016-12-09 10:00:00,9.7,90,3.4,267.0,814.5
2016-12-09 11:00:00,12.1,74,4.0,436.0,816.0
2016-12-09 12:00:00,13.9,65,6.3,607.0,816.1
2016-12-09 13:00:00,15.3,58,9.9,696.0,814.9
2016-12-09 14:00:00,16.2,54,12.1,697.0,814.3
2016-12-09 15:00:00,16.3,54,12.9,628.0,813.1
2016-12-09 16:00:00,16.4,53,12.7,494.0,812.6
2016-12-09 17:00:00,16.0,54,11.4,312.0,812.3
2016-12-09 18:00:00,14.7,61,7.3,115.0,811.8
2016-12-09 19:00:00,13.1,68,11.2,3.0,811.3
2016-12-09 20:00:00,11.2,79,10.2,0.0,810.9
2016-12-09 21:00:00,10.7,78,8.9,0.0,811.2
2016-12-09 22:00:00,10.3,79,7.6,0.0,811.6
2016-12-09 23:00:00,9.7,82,7.1,0.0,811.6
2016-12-10 00:00:00,9.4,85,6.1,0.0,811.7
2016-12-10 01:00:00,9.2,87,6.1,0.0,811.3
2016-12-10 02:00:00,8.8,90,5.8,0.0,811.0
2016-12-10 03:00:00,8.2,92,5.4,0.0,810.7
2016-12-10 04:00:00,8.0,93,4.0,0.0,810.9
2016-12-10 05:00:00,7.7,95,3.0,0.0,810.7
2016-12-10 06:00:00,7.4,96,3.5,0.0,810.9
2016-12-10 07:00:00,7.2,97,4.0,0.0,811.4
2016-12-10 08:00:00,6.9,99,1.9,2.0,812.3
2016-12-10 09:00:00,7.7,97,2.5,101.0,813.0
2016-12-10 10:00:00,10.5,84,2.5,285.0,815.3
2016-12-10 11:00:00,12.7,71,1.6,471.0,817.2
2016-12-10 12:00:00,14.1,65,1.8,614.0,816.9
2016-12-10 13:00:00,15.1,60,4.3,688.0,815.9
2016-12-10 14:00:00,15.9,56,6.7,678.0,815.2
2016-12-10 15:00:00,15.7,58,8.4,615.0,813.7
2016-12-10 16:00:00,15.9,56,9.0,471.0,813.5
2016-12-10 17:00:00,15.6,56,8.9,307.0,812.9
2016-12-10 18:00:00,14.5,63,6.6,112.0,811.5
2016-12-10 19:00:00,12.8,72,9.7,4.0,810.9
2016-12-10 20:00:00,11.0,81,9.3,0.0,810.5
2016-12-10 21:00:00,9.9,82,8.5,0.0,810.3
2016-12-10 22:00:00,9.3,83,7.3,0.0,810.4
2016-12-10 23:00:00,9.4,82,7.0,0.0,810.6
2016-12-11 00:00:00,9.9,81,6.7,0.0,811.1
2016-12-11 01:00:00,9.6,84,6.6,0.0,810.8
2016-12-11 02:00:00,9.0,88,6.3,0.0,810.2
2016-12-11 03:00:00,8.0,92,6.2,0.0,809.5
2016-12-11 04:00:00,7.8,93,6.2,0.0,809.0
2016-12-11 05:00:00,7.2,95,6.4,0.0,808.5
2016-12-11 06:00:00,6.9,97,7.7,0.0,808.6
2016-12-11 07:00:00,6.6,98,7.4,0.0,808.6
2016-12-11 08:00:00,5.9,99,7.9,2.0,808.6
2016-12-11 09:00:00,6.5,98,6.9,103.0,809.8
2016-12-11 10:00:00,10.5,85,8.5,300.0,812.5
2016-12-11 11:00:00,12.0,74,13.8,449.0,813.2
2016-12-11 12:00:00,13.3,66,16.1,564.0,813.0
2016-12-11 13:00:00,14.3,60,17.9,667.0,812.3
2016-12-11 14:00:00,15.1,56,19.8,682.0,811.2
2016-12-11 15:00:00,14.9,54,20.5,625.0,810.1
2016-12-11 16:00:00,14.9,54,20.0,492.0,809.6
2016-12-11 17:00:00,14.5,55,18.0,310.0,809.2
2016-12-11 18:00:00,13.2,62,12.7,115.0,807.9
2016-12-11 19:00:00,11.7,68,10.0,4.0,807.9
2016-12-11 20:00:00,10.9,72,9.0,0.0,807.7
2016-12-11 21:00:00,10.3,75,8.8,0.0,807.7
2016-12-11 22:00:00,9.7,77,9.0,0.0,807.7
2016-12-11 23:00:00,9.1,80,9.2,0.0,807.1
2016-12-12 00:00:00,8.5,83,9.0,0.0,807.0
2016-12-12 01:00:00,7.8,86,8.9,0.0,806.6
2016-12-12 02:00:00,7.1,88,9.2,0.0,806.0
2016-12-12 03:00:00,6.7,89,10.2,0.0,805.6
2016-12-12 04:00:00,6.1,92,10.4,0.0,805.1
2016-12-12 05:00:00,5.6,94,10.2,0.0,804.4
2016-12-12 06:00:00,5.1,95,8.2,0.0,804.9
2016-12-12 07:00:00,4.7,97,8.2,0.0,804.8
2016-12-12 08:00:00,4.6,97,7.7,2.0,805.7
2016-12-12 09:00:00,6.3,97,8.6,100.0,807.1
2016-12-12 10:00:00,10.5,83,9.0,295.0,810.0
2016-12-12 11:00:00,12.5,70,13.4,481.0,811.3
2016-12-12 12:00:00,14.0,61,16.5,619.0,811.4
2016-12-12 13:00:00,15.2,54,16.8,693.0,811.1
2016-12-12 14:00:00,16.0,50,16.8,693.0,810.6
2016-12-12 15:00:00,16.6,47,15.9,629.0,810.4
2016-12-12 16:00:00,16.6,47,14.0,496.0,810.2
2016-12-12 17:00:00,16.2,49,11.3,314.0,810.4
2016-12-12 18:00:00,15.0,57,8.2,116.0,809.6
2016-12-12 19:00:00,12.8,72,10.9,4.0,809.2
2016-12-12 20:00:00,11.6,73,9.6,0.0,809.2
2016-12-12 21:00:00,11.1,73,8.7,0.0,810.3
2016-12-12 22:00:00,10.5,75,8.8,0.0,810.4
2016-12-12 23:00:00,10.3,77,8.2,0.0,811.2
2016-12-13 00:00:00,10.8,76,5.2,0.0,811.4
2016-12-13 01:00:00,10.2,80,5.5,0.0,811.6
2016-12-13 02:00:00,8.0,88,8.0,0.0,810.9
2016-12-13 03:00:00,6.1,94,8.7,0.0,809.9
2016-12-13 04:00:00,5.8,96,8.6,0.0,810.0
2016-12-13 05:00:00,5.6,97,7.7,0.0,809.8
2016-12-13 06:00:00,5.4,98,6.4,0.0,810.2
2016-12-13 07:00:00,5.1,99,3.3,0.0,810.5
2016-12-13 08:00:00,5.5,98,4.3,1.0,811.2
2016-12-13 09:00:00,7.4,97,5.2,71.0,813.0
2016-12-13 10:00:00,10.3,88,5.8,201.0,815.0
2016-12-13 11:00:00,11.7,82,6.2,316.0,815.8
2016-12-13 12:00:00,13.1,70,5.8,378.0,816.1
2016-12-13 13:00:00,14.0,64,6.5,402.0,815.4
2016-12-13 14:00:00,14.5,62,7.3,325.0,814.5
2016-12-13 15:00:00,15.0,58,8.2,338.0,813.5
2016-12-13 16:00:00,14.8,58,8.9,172.0,813.2
2016-12-13 17:00:00,14.7,60,8.4,126.0,812.9
2016-12-13 18:00:00,14.0,66,6.2,70.0,812.9
2016-12-13 19:00:00,12.6,77,6.7,3.0,812.1
2016-12-13 20:00:00,11.2,83,8.0,0.0,812.3
2016-12-13 21:00:00,10.4,83,7.7,0.0,812.3
2016-12-13 22:00:00,9.8,84,7.2,0.0,812.4
2016-12-13 23:00:00,9.1,86,6.1,0.0,812.3
2016-12-14 00:00:00,8.9,87,4.2,0.0,812.4
2016-12-14 01:00:00,9.2,87,3.3,0.0,813.0
2016-12-14 02:00:00,9.8,86,3.6,0.0,813.6
2016-12-14 03:00:00,9.4,90,3.7,0.0,813.3
2016-12-14 04:00:00,9.1,92,4.1,0.0,813.6
2016-12-14 05:00:00,8.3,95,5.2,0.0,813.1
2016-12-14 06:00:00,7.4,97,5.1,0.0,813.3
2016-12-14 07:00:00,6.6,98,5.5,0.0,812.9
2016-12-14 08:00:00,6.1,99,5.9,1.0,813.5
2016-12-14 09:00:00,7.4,97,5.2,59.0,814.8
2016-12-14 10:00:00,10.4,89,5.2,164.0,817.4
2016-12-14 11:00:00,11.7,82,8.1,271.0,818.3
2016-12-14 12:00:00,12.9,74,10.4,339.0,818.2
2016-12-14 13:00:00,14.1,68,11.6,449.0,817.8
2016-12-14 14:00:00,14.7,65,12.3,450.0,816.7
2016-12-14 15:00:00,14.9,61,12.5,324.0,815.6
2016-12-14 16:00:00,15.2,58,11.9,271.0,815.6
2016-12-14 17:00:00,14.7,61,10.3,129.0,815.1
2016-12-14 18:00:00,14.2,66,6.8,67.0,815.4
2016-12-14 19:00:00,12.6,80,6.4,2.0,814.6
2016-12-14 20:00:00,11.9,80,7.4,0.0,814.9
2016-12-14 21:00:00,11.1,83,5.4,0.0,815.0
2016-12-14 22:00:00,10.4,84,5.1,0.0,815.0
2016-12-14 23:00:00,9.6,87,6.9,0.0,814.6
2016-12-15 00:00:00,8.3,92,7.9,0.0,814.6
2016-12-15 01:00:00,8.2,94,5.4,0.0,814.8
2016-12-15 02:00:00,8.2,96,6.8,0.0,815.3
2016-12-15 03:00:00,8.3,96,8.3,0.0,815.6
2016-12-15 04:00:00,8.2,98,9.1,0.0,815.4
2016-12-15 05:00:00,8.1,99,8.8,0.0,815.5
2016-12-15 06:00:00,8.0,99,8.0,0.0,815.5
2016-12-15 07:00:00,7.7,100,8.6,0.0,815.7
2016-12-15 08:00:00,7.6,99,8.2,0.0,816.0
2016-12-15 09:00:00,6.9,95,8.8,23.0,816.5
2016-12-15 10:00:00,7.0,95,9.4,44.0,817.2
2016-12-15 11:00:00,7.1,93,9.4,81.0,817.9
2016-12-15 12:00:00,7.3,91,8.3,131.0,817.5
2016-12-15 13:00:00,7.6,88,8.0,177.0,817.1
2016-12-15 14:00:00,7.8,88,7.6,130.0,816.4
2016-12-15 15:00:00,9.0,88,8.0,127.0,816.4
2016-12-15 16:00:00,9.2,88,8.7,126.0,816.3
2016-12-15 17:00:00,9.1,89,9.3,92.0,816.4
2016-12-15 18:00:00,8.7,91,9.0,30.0,816.2
2016-12-15 19:00:00,8.4,92,9.4,2.0,816.6
2016-12-15 20:00:00,8.2,92,9.8,0.0,817.1
2016-12-15 21:00:00,8.0,93,10.0,0.0,817.5
2016-12-15 22:00:00,7.9,93,10.3,0.0,818.1
2016-12-15 23:00:00,7.6,93,10.6,0.0,818.3
2016-12-16 00:00:00,7.1,94,11.6,0.0,818.3
2016-12-16 01:00:00,6.5,95,13.0,0.0,818.1
2016-12-16 02:00:00,5.8,95,13.7,0.0,817.9
2016-12-16 03:00:00,5.9,94,14.4,0.0,818.3
2016-12-16 04:00:00,5.4,94,14.4,0.0,818.1
2016-12-16 05:00:00,5.0,94,13.7,0.0,818.0
2016-12-16 06:00:00,4.7,94,11.9,0.0,818.4
2016-12-16 07:00:00,4.5,94,11.9,0.0,818.8
2016-12-16 08:00:00,4.4,93,11.2,0.0,818.8
2016-12-16 09:00:00,4.5,91,10.5,22.0,819.3
2016-12-16 10:00:00,4.6,88,9.1,38.0,819.5
2016-12-16 11:00:00,4.9,87,8.0,58.0,819.7
2016-12-16 12:00:00,5.5,85,6.0,118.0,819.1
2016-12-16 13:00:00,5.8,84,5.0,112.0,817.8
2016-12-16 14:00:00,6.7,82,5.4,209.0,816.9
2016-12-16 15:00:00,9.9,76,7.1,350.0,817.2
2016-12-16 16:00:00,10.7,73,8.8,274.0,816.8
2016-12-16 17:00:00,10.9,72,8.7,107.0,816.4
2016-12-16 18:00:00,10.6,74,7.7,45.0,816.0
2016-12-16 19:00:00,10.1,79,5.1,2.0,815.7
2016-12-16 20:00:00,8.9,87,7.6,0.0,815.4
2016-12-16 21:00:00,8.0,88,7.9,0.0,814.8
2016-12-16 22:00:00,7.6,88,7.4,0.0,815.0
2016-12-16 23:00:00,7.0,90,7.1,0.0,814.9
2016-12-17 00:00:00,6.6,92,7.9,0.0,814.5
2016-12-17 01:00:00,6.3,93,7.9,0.0,813.9
2016-12-17 02:00:00,6.1,94,7.8,0.0,813.5
2016-12-17 03:00:00,5.4,94,7.9,0.0,812.7
2016-12-17 04:00:00,5.3,94,8.2,0.0,812.2
2016-12-17 05:00:00,5.6,94,7.8,0.0,812.1
2016-12-17 06:00:00,6.0,94,7.2,0.0,812.2
2016-12-17 07:00:00,6.6,94,7.0,0.0,812.4
2016-12-17 08:00:00,6.9,95,6.6,1.0,812.9
2016-12-17 09:00:00,8.3,96,11.0,62.0,814.0
2016-12-17 10:00:00,10.2,89,16.7,165.0,815.4
2016-12-17 11:00:00,11.9,79,22.9,336.0,815.9
2016-12-17 12:00:00,13.2,71,23.3,379.0,816.1
2016-12-17 13:00:00,13.9,66,23.3,351.0,815.3
2016-12-17 14:00:00,14.4,64,22.9,332.0,814.1
2016-12-17 15:00:00,15.0,61,21.4,364.0,813.8
2016-12-17 16:00:00,15.1,60,19.3,309.0,813.4
2016-12-17 17:00:00,14.7,64,15.9,175.0,813.6
2016-12-17 18:00:00,13.8,68,12.6,87.0,813.1
2016-12-17 19:00:00,12.5,74,8.1,4.0,813.0
2016-12-17 20:00:00,11.6,78,9.4,0.0,813.4
2016-12-17 21:00:00,10.9,81,9.4,0.0,813.4
2016-12-17 22:00:00,10.0,85,9.5,0.0,813.2
2016-12-17 23:00:00,9.2,88,9.2,0.0,813.4
2016-12-18 00:00:00,8.4,91,9.7,0.0,813.4
2016-12-18 01:00:00,7.6,94,9.9,0.0,812.8
2016-12-18 02:00:00,7.0,96,9.7,0.0,812.4
2016-12-18 03:00:00,6.8,98,9.4,0.0,812.0
2016-12-18 04:00:00,6.7,99,9.2,0.0,811.8
2016-12-18 05:00:00,6.7,100,8.7,0.0,811.5
2016-12-18 06:00:00,6.9,100,8.0,0.0,811.4
2016-12-18 07:00:00,7.6,99,7.1,0.0,812.1
2016-12-18 08:00:00,8.6,98,8.7,0.0,813.3
2016-12-18 09:00:00,10.3,96,12.0,45.0,814.6
2016-12-18 10:00:00,11.4,92,19.1,131.0,815.5
2016-12-18 11:00:00,13.2,77,23.4,293.0,816.1
2016-12-18 12:00:00,14.3,69,24.7,420.0,816.2
2016-12-18 13:00:00,15.2,65,26.1,468.0,815.3
2016-12-18 14:00:00,15.5,64,24.9,320.0,814.1
2016-12-18 15:00:00,15.7,64,23.9,318.0,813.2
2016-12-18 16:00:00,15.7,64,25.3,308.0,813.1
2016-12-18 17:00:00,15.3,68,19.0,206.0,813.1
2016-12-18 18:00:00,14.2,75,16.6,70.0,812.4
2016-12-18 19:00:00,13.2,80,14.1,4.0,812.3
2016-12-18 20:00:00,12.4,84,12.7,0.0,812.5
2016-12-18 21:00:00,11.8,86,11.2,0.0,812.6
2016-12-18 22:00:00,11.4,88,9.7,0.0,812.8
2016-12-18 23:00:00,11.0,90,8.3,0.0,812.8
2016-12-19 00:00:00,10.7,91,7.8,0.0,812.6
2016-12-19 01:00:00,10.4,93,8.0,0.0,812.5
2016-12-19 02:00:00,10.1,94,9.1,0.0,812.1
2016-12-19 03:00:00,10.1,95,8.7,0.0,812.0
2016-12-19 04:00:00,9.7,97,7.6,0.0,811.6
2016-12-19 05:00:00,9.7,98,7.9,0.0,811.6
2016-12-19 06:00:00,9.6,99,7.8,0.0,811.7
2016-12-19 07:00:00,8.9,99,5.9,0.0,811.4
2016-12-19 08:00:00,8.6,100,5.9,0.0,811.8
2016-12-19 09:00:00,10.0,99,9.2,46.0,813.3
2016-12-19 10:00:00,12.3,87,14.1,156.0,814.8
2016-12-19 11:00:00,13.3,77,16.3,287.0,815.1
2016-12-19 12:00:00,14.2,70,17.6,380.0,814.9
2016-12-19 13:00:00,14.8,66,18.3,381.0,814.0
2016-12-19 14:00:00,15.4,62,17.1,406.0,813.4
2016-12-19 15:00:00,14.9,63,17.1,264.0,812.3
2016-12-19 16:00:00,15.1,62,16.2,254.0,812.1
2016-12-19 17:00:00,15.0,63,13.6,187.0,812.6
2016-12-19 18:00:00,14.2,68,9.4,60.0,812.2
2016-12-19 19:00:00,13.3,73,7.7,2.0,812.4
2016-12-19 20:00:00,12.6,78,7.7,0.0,812.2
2016-12-19 21:00:00,12.2,81,7.7,0.0,812.5
2016-12-19 22:00:00,11.6,85,7.7,0.0,812.5
2016-12-19 23:00:00,11.3,88,7.5,0.0,812.5
2016-12-20 00:00:00,10.7,90,7.2,0.0,812.2
2016-12-20 01:00:00,10.0,92,8.0,0.0,811.7
2016-12-20 02:00:00,9.3,94,9.1,0.0,811.1
2016-12-20 03:00:00,8.7,95,8.8,0.0,810.6
2016-12-20 04:00:00,8.8,95,7.9,0.0,810.4
2016-12-20 05:00:00,8.4,97,7.9,0.0,809.9
2016-12-20 06:00:00,7.9,98,8.0,0.0,810.0
2016-12-20 07:00:00,7.8,99,7.6,0.0,809.7
2016-12-20 08:00:00,8.1,99,5.5,0.0,810.9
2016-12-20 09:00:00,9.2,98,10.2,61.0,812.1
2016-12-20 10:00:00,11.7,89,17.4,175.0,814.1
2016-12-20 11:00:00,13.3,76,19.9,337.0,814.5
2016-12-20 12:00:00,14.0,70,24.0,375.0,814.0
2016-12-20 13:00:00,14.9,64,25.0,416.0,813.4
2016-12-20 14:00:00,15.2,61,24.2,321.0,812.3
2016-12-20 15:00:00,14.9,61,23.0,273.0,811.4
2016-12-20 16:00:00,14.8,63,20.2,187.0,811.2
2016-12-20 17:00:00,14.7,64,17.0,180.0,811.4
2016-12-20 18:00:00,14.0,68,16.8,63.0,811.2
2016-12-20 19:00:00,13.1,73,14.0,4.0,811.1
2016-12-20 20:00:00,12.6,76,13.0,0.0,811.7
2016-12-20 21:00:00,12.2,79,12.1,0.0,812.2
2016-12-20 22:00:00,11.7,81,9.3,0.0,812.2
2016-12-20 23:00:00,11.2,84,8.5,0.0,812.2
2016-12-21 00:00:00,10.2,89,9.2,0.0,811.9
2016-12-21 01:00:00,9.8,89,6.9,0.0,812.0
2016-12-21 02:00:00,10.8,86,5.0,0.0,812.7
2016-12-21 03:00:00,10.5,89,2.8,0.0,812.5
2016-12-21 04:00:00,10.2,91,1.8,0.0,812.4
2016-12-21 05:00:00,10.0,93,1.1,0.0,812.2
2016-12-21 06:00:00,9.8,94,0.4,0.0,812.7
2016-12-21 07:00:00,9.7,96,1.8,0.0,812.7
2016-12-21 08:00:00,9.7,97,1.8,0.0,813.7
2016-12-21 09:00:00,10.2,96,2.3,61.0,814.8
2016-12-21 10:00:00,12.1,90,3.6,195.0,816.7
2016-12-21 11:00:00,13.8,81,7.4,324.0,817.8
2016-12-21 12:00:00,14.9,70,10.9,371.0,817.7
2016-12-21 13:00:00,15.4,66,10.6,382.0,817.3
2016-12-21 14:00:00,15.9,64,9.8,375.0,816.6
2016-12-21 15:00:00,15.6,59,10.0,256.0,815.5
2016-12-21 16:00:00,15.5,60,9.7,205.0,815.4
2016-12-21 17:00:00,15.4,61,8.4,142.0,815.7
2016-12-21 18:00:00,14.8,67,1.8,67.0,815.4
2016-12-21 19:00:00,13.3,79,2.9,4.0,815.8
2016-12-21 20:00:00,12.5,78,5.4,0.0,816.2
2016-12-21 21:00:00,12.3,78,6.0,0.0,817.2
2016-12-21 22:00:00,11.8,81,6.4,0.0,817.3
2016-12-21 23:00:00,11.3,83,5.2,0.0,817.4
2016-12-22 00:00:00,10.4,87,5.2,0.0,817.0
2016-12-22 01:00:00,9.8,90,5.2,0.0,816.6
2016-12-22 02:00:00,9.7,91,4.7,0.0,816.8
2016-12-22 03:00:00,9.8,93,6.4,0.0,817.1
2016-12-22 04:00:00,10.2,93,10.0,0.0,817.7
2016-12-22 05:00:00,10.0,95,11.4,0.0,818.0
2016-12-22 06:00:00,9.6,97,12.1,0.0,817.6
2016-12-22 07:00:00,9.1,97,10.7,0.0,817.6
2016-12-22 08:00:00,8.8,96,9.1,0.0,818.1
2016-12-22 09:00:00,8.3,95,8.3,14.0,818.1
2016-12-22 10:00:00,8.6,92,8.5,74.0,818.9
2016-12-22 11:00:00,9.0,88,7.9,103.0,819.1
2016-12-22 12:00:00,9.8,85,6.5,168.0,819.0
2016-12-22 13:00:00,10.7,82,5.3,254.0,818.3
2016-12-22 14:00:00,11.1,80,4.1,204.0,817.2
2016-12-22 15:00:00,11.8,77,5.1,220.0,816.6
2016-12-22 16:00:00,12.1,75,6.8,184.0,815.9
2016-12-22 17:00:00,12.3,75,7.9,115.0,816.0
2016-12-22 18:00:00,12.0,78,8.0,53.0,815.5
2016-12-22 19:00:00,11.1,84,5.8,3.0,815.2
2016-12-22 20:00:00,10.7,87,5.8,0.0,815.4
2016-12-22 21:00:00,10.2,90,6.1,0.0,815.4
2016-12-22 22:00:00,9.4,93,5.9,0.0,814.8
2016-12-22 23:00:00,8.8,94,5.6,0.0,814.3
2016-12-23 00:00:00,8.0,96,4.8,0.0,813.4
2016-12-23 01:00:00,7.8,96,4.2,0.0,813.0
2016-12-23 02:00:00,8.1,96,4.7,0.0,813.1
2016-12-23 03:00:00,8.0,97,4.9,0.0,812.6
2016-12-23 04:00:00,7.8,97,4.8,0.0,812.2
2016-12-23 05:00:00,7.4,98,5.1,0.0,811.7
2016-12-23 06:00:00,6.9,99,6.6,0.0,811.6
2016-12-23 07:00:00,6.9,99,6.2,0.0,811.8
2016-12-23 08:00:00,7.0,99,6.8,0.0,812.0
2016-12-23 09:00:00,8.5,97,7.7,63.0,813.5
2016-12-23 10:00:00,11.6,89,11.3,201.0,815.6
2016-12-23 11:00:00,13.1,79,16.6,293.0,816.1
2016-12-23 12:00:00,14.2,70,19.3,394.0,815.5
2016-12-23 13:00:00,14.6,65,19.2,351.0,814.5
2016-12-23 14:00:00,15.5,60,19.3,465.0,813.5
2016-12-23 15:00:00,15.4,62,18.3,298.0,812.5
2016-12-23 16:00:00,15.4,62,18.4,265.0,812.3
2016-12-23 17:00:00,15.0,65,16.9,160.0,812.2
2016-12-23 18:00:00,14.2,70,14.8,60.0,812.3
2016-12-23 19:00:00,13.2,74,11.2,4.0,811.9
2016-12-23 20:00:00,12.7,77,11.2,0.0,812.2
2016-12-23 21:00:00,12.0,81,11.0,0.0,812.2
2016-12-23 22:00:00,11.4,84,11.0,0.0,812.1
2016-12-23 23:00:00,11.1,86,10.2,0.0,812.1
2016-12-24 00:00:00,10.8,87,10.0,0.0,811.9
2016-12-24 01:00:00,10.6,88,10.0,0.0,811.7
2016-12-24 02:00:00,10.5,88,10.2,0.0,811.7
2016-12-24 03:00:00,10.4,89,11.0,0.0,811.4
2016-12-24 04:00:00,10.3,90,11.8,0.0,811.0
2016-12-24 05:00:00,10.2,91,11.5,0.0,810.9
2016-12-24 06:00:00,10.2,91,9.5,0.0,810.9
2016-12-24 07:00:00,10.1,92,8.7,0.0,810.8
2016-12-24 08:00:00,10.2,93,8.7,0.0,811.6
2016-12-24 09:00:00,11.0,92,12.7,63.0,812.4
2016-12-24 10:00:00,12.2,87,14.3,203.0,813.5
2016-12-24 11:00:00,13.8,74,21.0,387.0,814.2
2016-12-24 12:00:00,14.8,66,23.5,471.0,814.1
2016-12-24 13:00:00,15.5,61,23.7,486.0,813.3
2016-12-24 14:00:00,16.0,57,24.3,506.0,812.4
2016-12-24 15:00:00,16.5,56,24.2,505.0,811.6
2016-12-24 16:00:00,16.5,55,24.3,392.0,811.1
2016-12-24 17:00:00,16.0,57,21.8,246.0,811.3
2016-12-24 18:00:00,15.0,63,18.1,85.0,811.5
2016-12-24 19:00:00,13.7,69,15.9,6.0,811.0
2016-12-24 20:00:00,12.9,75,14.6,0.0,811.4
2016-12-24 21:00:00,12.5,78,13.0,0.0,811.4
2016-12-24 22:00:00,12.1,82,12.4,0.0,811.4
2016-12-24 23:00:00,11.9,84,13.0,0.0,811.7
2016-12-25 00:00:00,11.8,86,13.1,0.0,811.6
2016-12-25 01:00:00,11.7,87,13.2,0.0,811.4
2016-12-25 02:00:00,11.6,87,13.5,0.0,811.4
2016-12-25 03:00:00,11.5,89,13.5,0.0,811.1
2016-12-25 04:00:00,11.4,89,14.7,0.0,811.1
2016-12-25 05:00:00,11.5,89,15.3,0.0,811.0
2016-12-25 06:00:00,11.6,89,16.1,0.0,811.2
2016-12-25 07:00:00,11.6,88,16.5,0.0,811.2
2016-12-25 08:00:00,11.4,88,16.9,0.0,812.0
2016-12-25 09:00:00,11.5,88,18.1,51.0,812.8
2016-12-25 10:00:00,12.7,81,21.5,231.0,813.5
2016-12-25 11:00:00,13.7,72,24.8,364.0,814.1
2016-12-25 12:00:00,14.9,63,26.5,510.0,814.0
2016-12-25 13:00:00,16.1,56,27.1,573.0,813.7
2016-12-25 14:00:00,16.9,52,26.6,575.0,813.1
2016-12-25 15:00:00,17.1,51,25.3,503.0,812.6
2016-12-25 16:00:00,17.3,50,23.8,424.0,812.7
2016-12-25 17:00:00,17.0,51,21.2,313.0,813.1
2016-12-25 18:00:00,15.8,56,15.2,127.0,812.4
2016-12-25 19:00:00,14.2,63,11.5,7.0,811.8
2016-12-25 20:00:00,13.2,68,10.8,0.0,812.4
2016-12-25 21:00:00,12.5,73,9.5,0.0,812.6
2016-12-25 22:00:00,11.9,76,8.7,0.0,812.8
2016-12-25 23:00:00,11.1,81,10.7,0.0,812.8
2016-12-26 00:00:00,10.1,85,10.7,0.0,811.9
2016-12-26 01:00:00,9.6,85,9.9,0.0,811.7
2016-12-26 02:00:00,10.0,83,8.7,0.0,811.9
2016-12-26 03:00:00,9.9,82,7.4,0.0,811.9
2016-12-26 04:00:00,10.2,83,6.1,0.0,812.1
2016-12-26 05:00:00,10.1,84,5.5,0.0,811.9
2016-12-26 06:00:00,10.1,86,5.4,0.0,812.7
2016-12-26 07:00:00,9.9,88,2.1,0.0,812.7
2016-12-26 08:00:00,9.6,90,1.5,0.0,813.1
2016-12-26 09:00:00,9.5,91,1.8,81.0,813.8
2016-12-26 10:00:00,11.8,84,2.9,276.0,816.0
2016-12-26 11:00:00,13.9,72,7.1,462.0,817.2
2016-12-26 12:00:00,15.2,62,9.2,574.0,817.2
2016-12-26 13:00:00,16.0,56,10.4,574.0,816.5
2016-12-26 14:00:00,16.8,52,11.7,641.0,816.0
2016-12-26 15:00:00,16.8,50,12.1,553.0,815.1
2016-12-26 16:00:00,17.0,49,12.7,440.0,814.7
2016-12-26 17:00:00,16.8,49,12.6,305.0,814.6
2016-12-26 18:00:00,15.7,56,9.0,119.0,814.5
2016-12-26 19:00:00,14.2,63,11.0,6.0,814.2
2016-12-26 20:00:00,12.7,71,8.8,0.0,814.2
2016-12-26 21:00:00,11.6,76,6.6,0.0,814.9
2016-12-26 22:00:00,10.5,82,7.5,0.0,815.5
2016-12-26 23:00:00,9.1,90,9.7,0.0,816.0
2016-12-27 00:00:00,7.5,95,14.3,0.0,816.2
2016-12-27 01:00:00,6.6,96,17.2,0.0,816.9
2016-12-27 02:00:00,6.0,94,16.9,0.0,817.6
2016-12-27 03:00:00,5.7,94,17.2,0.0,818.2
2016-12-27 04:00:00,5.2,92,17.7,0.0,818.0
2016-12-27 05:00:00,4.7,91,18.8,0.0,817.9
2016-12-27 06:00:00,4.2,90,16.7,0.0,818.6
2016-12-27 07:00:00,3.8,90,16.4,0.0,818.7
2016-12-27 08:00:00,3.4,89,16.3,0.0,818.7
2016-12-27 09:00:00,2.4,88,16.0,13.0,818.7
2016-12-27 10:00:00,2.3,87,16.4,27.0,818.9
2016-12-27 11:00:00,2.3,86,16.5,53.0,818.6
2016-12-27 12:00:00,2.6,83,16.8,117.0,818.5
2016-12-27 13:00:00,2.8,82,16.3,126.0,817.6
2016-12-27 14:00:00,3.0,81,15.3,122.0,816.4
2016-12-27 15:00:00,2.5,83,14.9,53.0,815.0
2016-12-27 16:00:00,2.7,83,14.1,75.0,814.4
2016-12-27 17:00:00,2.8,83,14.0,40.0,814.0
2016-12-27 18:00:00,3.0,83,12.5,18.0,813.5
2016-12-27 19:00:00,3.1,83,12.9,3.0,813.2
2016-12-27 20:00:00,3.3,83,12.9,0.0,813.6
2016-12-27 21:00:00,3.4,84,11.0,0.0,813.5
2016-12-27 22:00:00,3.5,85,10.0,0.0,814.0
2016-12-27 23:00:00,3.5,84,9.8,0.0,814.0
2016-12-28 00:00:00,3.5,85,8.9,0.0,814.1
2016-12-28 01:00:00,3.4,89,7.6,0.0,813.9
2016-12-28 02:00:00,3.2,90,5.9,0.0,813.8
2016-12-28 03:00:00,3.6,90,5.4,0.0,813.9
2016-12-28 04:00:00,3.5,97,4.7,0.0,813.4
2016-12-28 05:00:00,3.3,98,3.3,0.0,813.1
2016-12-28 06:00:00,3.5,98,2.9,0.0,812.7
2016-12-28 07:00:00,3.6,98,4.0,0.0,813.4
2016-12-28 08:00:00,3.6,99,2.6,0.0,813.6
2016-12-28 09:00:00,4.7,98,0.5,23.0,814.6
2016-12-28 10:00:00,5.5,91,3.1,73.0,815.4
2016-12-28 11:00:00,7.7,87,4.6,353.0,816.6
2016-12-28 12:00:00,9.3,81,9.1,359.0,817.0
2016-12-28 13:00:00,10.4,75,14.1,332.0,816.5
2016-12-28 14:00:00,10.9,70,15.7,259.0,816.1
2016-12-28 15:00:00,11.3,62,14.0,346.0,815.2
2016-12-28 16:00:00,11.9,59,10.8,390.0,815.1
2016-12-28 17:00:00,11.9,57,9.8,311.0,814.9
2016-12-28 18:00:00,11.3,60,7.2,123.0,815.2
2016-12-28 19:00:00,10.0,71,7.4,8.0,815.4
2016-12-28 20:00:00,9.5,71,4.4,0.0,815.8
2016-12-28 21:00:00,9.8,67,3.1,0.0,816.6
2016-12-28 22:00:00,9.3,71,4.6,0.0,817.0
2016-12-28 23:00:00,8.6,77,4.7,0.0,817.0
2016-12-29 00:00:00,8.0,81,3.2,0.0,817.1
2016-12-29 01:00:00,7.7,84,2.5,0.0,817.1
2016-12-29 02:00:00,6.8,87,4.0,0.0,816.7
2016-12-29 03:00:00,5.9,93,4.0,0.0,816.2
2016-12-29 04:00:00,5.8,94,3.8,0.0,816.3
2016-12-29 05:00:00,3.8,98,4.8,0.0,814.8
2016-12-29 06:00:00,3.4,99,6.5,0.0,814.2
2016-12-29 07:00:00,3.7,100,4.0,0.0,814.9
2016-12-29 08:00:00,4.1,100,5.0,0.0,816.0
2016-12-29 09:00:00,5.1,99,6.4,38.0,817.5
2016-12-29 10:00:00,5.6,98,7.6,114.0,818.7
2016-12-29 11:00:00,6.8,85,8.7,219.0,819.3
2016-12-29 12:00:00,8.0,77,9.8,287.0,819.2
2016-12-29 13:00:00,9.2,70,10.3,369.0,818.2
2016-12-29 14:00:00,10.3,64,12.1,367.0,817.4
2016-12-29 15:00:00,12.6,53,12.2,414.0,817.1
2016-12-29 16:00:00,13.0,52,11.9,390.0,816.6
2016-12-29 17:00:00,12.9,53,11.8,330.0,816.2
2016-12-29 18:00:00,12.0,59,9.5,142.0,815.7
2016-12-29 19:00:00,10.6,65,9.3,9.0,815.3
2016-12-29 20:00:00,9.1,73,10.2,0.0,814.9
2016-12-29 21:00:00,7.8,79,8.9,0.0,814.8
2016-12-29 22:00:00,8.1,75,7.1,0.0,815.6
2016-12-29 23:00:00,8.0,77,6.9,0.0,815.7
2016-12-30 00:00:00,7.6,79,7.2,0.0,815.5
2016-12-30 01:00:00,7.4,82,6.9,0.0,815.2
2016-12-30 02:00:00,7.3,84,5.9,0.0,814.9
2016-12-30 03:00:00,6.6,87,4.8,0.0,814.3
2016-12-30 04:00:00,6.3,89,3.6,0.0,814.3
2016-12-30 05:00:00,6.0,92,3.4,0.0,814.2
2016-12-30 06:00:00,5.8,94,4.6,0.0,814.6
2016-12-30 07:00:00,5.7,95,4.9,0.0,815.3
2016-12-30 08:00:00,5.5,97,5.3,0.0,816.1
2016-12-30 09:00:00,4.6,99,4.7,68.0,815.9
2016-12-30 10:00:00,7.4,89,6.8,217.0,818.1
2016-12-30 11:00:00,9.4,79,13.1,373.0,818.9
2016-12-30 12:00:00,11.3,69,13.4,538.0,819.3
2016-12-30 13:00:00,12.6,63,14.2,654.0,819.1
2016-12-30 14:00:00,13.5,59,14.7,679.0,818.2
2016-12-30 15:00:00,13.5,55,14.5,615.0,817.1
2016-12-30 16:00:00,13.7,53,14.0,514.0,816.7
2016-12-30 17:00:00,13.4,54,12.9,346.0,816.5
2016-12-30 18:00:00,12.4,59,7.6,145.0,816.0
2016-12-30 19:00:00,11.0,66,10.3,10.0,815.4
2016-12-30 20:00:00,9.7,72,10.3,0.0,815.2
2016-12-30 21:00:00,8.2,80,10.7,0.0,815.0
2016-12-30 22:00:00,7.4,82,8.7,0.0,815.1
2016-12-30 23:00:00,7.5,80,7.5,0.0,815.4
2016-12-31 00:00:00,7.6,80,6.7,0.0,815.3
2016-12-31 01:00:00,7.5,82,6.6,0.0,815.2
2016-12-31 02:00:00,7.2,84,6.4,0.0,815.0
2016-12-31 03:00:00,6.7,89,6.2,0.0,814.7
2016-12-31 04:00:00,6.4,90,5.2,0.0,814.4
2016-12-31 05:00:00,6.0,93,4.7,0.0,813.8
2016-12-31 06:00:00,5.7,95,5.4,0.0,814.1
2016-12-31 07:00:00,5.5,97,4.7,0.0,814.0
2016-12-31 08:00:00,5.4,98,4.0,0.0,814.5
2016-12-31 09:00:00,5.8,96,4.5,76.0,815.3
2016-12-31 10:00:00,8.4,85,4.0,266.0,817.5
2016-12-31 11:00:00,10.8,75,4.9,457.0,819.2
2016-12-31 12:00:00,12.5,67,8.2,603.0,819.1
2016-12-31 13:00:00,13.9,61,11.4,683.0,818.5
2016-12-31 14:00:00,14.8,55,13.3,684.0,817.5
2016-12-31 15:00:00,14.8,54,14.2,605.0,816.4
2016-12-31 16:00:00,15.1,52,14.1,518.0,815.9
2016-12-31 17:00:00,14.9,52,13.6,344.0,816.0
2016-12-31 18:00:00,13.8,58,10.0,144.0,815.4
2016-12-31 19:00:00,12.2,65,10.2,11.0,815.1
2016-12-31 20:00:00,10.9,71,11.0,0.0,815.4
2016-12-31 21:00:00,9.4,79,11.5,0.0,814.9
2016-12-31 22:00:00,8.3,82,11.5,0.0,814.8
2016-12-31 23:00:00,7.7,82,11.8,0.0,814.9
2017-01-01 00:00:00,7.1,84,11.7,0.0,814.5
2017-01-01 01:00:00,6.6,86,11.7,0.0,814.1
2017-01-01 02:00:00,6.6,86,10.5,0.0,814.0
2017-01-01 03:00:00,6.9,84,9.5,0.0,814.0
2017-01-01 04:00:00,7.4,83,8.1,0.0,814.0
2017-01-01 05:00:00,7.8,83,7.4,0.0,814.2
2017-01-01 06:00:00,7.7,85,8.6,0.0,814.7
2017-01-01 07:00:00,7.3,88,8.3,0.0,814.9
2017-01-01 08:00:00,3.1,91,5.5,0.0,812.6
2017-01-01 09:00:00,5.3,94,5.4,71.0,815.6
2017-01-01 10:00:00,8.8,88,4.1,230.0,818.5
2017-01-01 11:00:00,11.6,74,9.8,435.0,820.1
2017-01-01 12:00:00,13.3,63,13.2,609.0,820.1
2017-01-01 13:00:00,14.5,54,14.6,680.0,819.4
2017-01-01 14:00:00,15.4,49,15.3,700.0,818.4
2017-01-01 15:00:00,15.8,46,14.5,653.0,817.3
2017-01-01 16:00:00,15.5,49,13.5,529.0,817.0
2017-01-01 17:00:00,14.8,54,11.1,354.0,816.6
2017-01-01 18:00:00,11.8,71,5.9,150.0,815.0
2017-01-01 19:00:00,7.9,81,9.9,12.0,813.3
2017-01-01 20:00:00,8.1,79,10.9,0.0,814.1
2017-01-01 21:00:00,6.9,81,9.7,0.0,813.6
2017-01-01 22:00:00,6.0,82,10.1,0.0,813.7
2017-01-01 23:00:00,6.2,79,9.3,0.0,814.0
2017-01-02 00:00:00,7.2,77,8.6,0.0,814.7
2017-01-02 01:00:00,8.9,73,7.3,0.0,815.8
2017-01-02 02:00:00,7.8,76,7.0,0.0,815.0
2017-01-02 03:00:00,5.7,82,6.6,0.0,813.3
2017-01-02 04:00:00,6.8,81,5.4,0.0,813.8
2017-01-02 05:00:00,6.4,84,4.1,0.0,813.5
2017-01-02 06:00:00,4.0,91,3.2,0.0,812.0
2017-01-02 07:00:00,4.4,91,1.6,0.0,812.7
2017-01-02 08:00:00,3.0,97,0.7,0.0,813.3
2017-01-02 09:00:00,5.1,95,3.3,57.0,815.2
2017-01-02 10:00:00,7.7,91,2.2,184.0,817.7
2017-01-02 11:00:00,10.4,84,0.5,314.0,819.4
2017-01-02 12:00:00,14.2,68,6.2,549.0,820.0
2017-01-02 13:00:00,16.0,55,11.0,674.0,819.7
2017-01-02 14:00:00,16.5,51,12.7,627.0,818.9
2017-01-02 15:00:00,16.6,50,13.0,534.0,817.8
2017-01-02 16:00:00,16.4,54,12.1,406.0,817.3
2017-01-02 17:00:00,15.4,61,8.6,184.0,817.0
2017-01-02 18:00:00,13.7,74,4.6,79.0,816.2
2017-01-02 19:00:00,11.7,88,6.2,7.0,815.9
2017-01-02 20:00:00,10.6,95,5.9,0.0,816.5
2017-01-02 21:00:00,10.7,96,7.6,0.0,817.4
2017-01-02 22:00:00,10.1,97,5.1,0.0,817.5
2017-01-02 23:00:00,9.3,98,6.5,0.0,817.0
2017-01-03 00:00:00,9.4,99,5.9,0.0,817.1
2017-01-03 01:00:00,9.2,100,5.5,0.0,816.8
2017-01-03 02:00:00,8.4,100,7.8,0.0,816.1
2017-01-03 03:00:00,8.0,100,8.0,0.0,815.4
2017-01-03 04:00:00,8.3,100,7.9,0.0,815.1
2017-01-03 05:00:00,8.8,99,6.3,0.0,815.1
2017-01-03 06:00:00,9.1,98,5.4,0.0,815.1
2017-01-03 07:00:00,9.3,99,4.9,0.0,815.3
2017-01-03 08:00:00,9.2,99,5.9,0.0,816.3
2017-01-03 09:00:00,10.4,99,2.5,13.0,817.6
2017-01-03 10:00:00,11.2,97,5.9,53.0,818.6
2017-01-03 11:00:00,11.3,98,5.5,66.0,818.9
2017-01-03 12:00:00,11.8,96,4.6,107.0,818.1
2017-01-03 13:00:00,11.7,97,6.9,102.0,817.4
2017-01-03 14:00:00,11.8,97,7.2,102.0,816.5
2017-01-03 15:00:00,11.7,96,5.4,114.0,815.5
2017-01-03 16:00:00,11.7,96,2.6,86.0,815.4
2017-01-03 17:00:00,11.6,98,2.6,51.0,815.2
2017-01-03 18:00:00,10.2,99,4.2,14.0,814.5
2017-01-03 19:00:00,10.6,96,2.5,1.0,815.2
2017-01-03 20:00:00,8.9,94,6.6,0.0,815.6
2017-01-03 21:00:00,8.8,93,4.7,0.0,815.7
2017-01-03 22:00:00,8.3,94,5.1,0.0,816.0
2017-01-03 23:00:00,8.0,93,5.4,0.0,815.9
2017-01-04 00:00:00,7.9,94,5.0,0.0,815.8
2017-01-04 01:00:00,8.5,84,4.1,0.0,816.0
2017-01-04 02:00:00,8.1,90,1.3,0.0,815.0
2017-01-04 03:00:00,7.7,94,3.0,0.0,814.5
2017-01-04 04:00:00,8.1,88,3.6,0.0,814.4
2017-01-04 05:00:00,7.6,92,4.7,0.0,813.7
2017-01-04 06:00:00,7.4,94,4.7,0.0,813.5
2017-01-04 07:00:00,7.9,85,2.7,0.0,813.9
2017-01-04 08:00:00,6.0,97,4.6,0.0,814.5
2017-01-04 09:00:00,6.1,97,5.5,12.0,815.1
2017-01-04 10:00:00,6.4,95,6.7,60.0,815.8
2017-01-04 11:00:00,6.7,94,7.2,65.0,816.2
2017-01-04 12:00:00,7.4,92,8.6,131.0,815.9
2017-01-04 13:00:00,8.1,92,9.7,166.0,815.1
2017-01-04 14:00:00,8.5,92,10.5,217.0,814.3
2017-01-04 15:00:00,8.4,94,8.3,128.0,813.7
2017-01-04 16:00:00,9.2,83,9.8,181.0,813.6
2017-01-04 17:00:00,9.1,88,6.6,120.0,813.4
2017-01-04 18:00:00,8.8,91,3.8,39.0,813.3
2017-01-04 19:00:00,7.5,95,4.5,6.0,812.5
2017-01-04 20:00:00,6.9,96,6.1,0.0,813.0
2017-01-04 21:00:00,6.6,97,5.6,0.0,813.2
2017-01-04 22:00:00,6.7,97,5.5,0.0,813.2
2017-01-04 23:00:00,7.1,98,5.8,0.0,813.2
2017-01-05 00:00:00,7.0,98,5.0,0.0,813.0
2017-01-05 01:00:00,6.0,98,6.4,0.0,812.6
2017-01-05 02:00:00,5.4,97,6.9,0.0,811.9
2017-01-05 03:00:00,5.3,97,7.2,0.0,811.5
2017-01-05 04:00:00,4.2,97,7.4,0.0,810.4
2017-01-05 05:00:00,3.6,98,6.8,0.0,809.6
2017-01-05 06:00:00,2.8,100,4.4,0.0,808.8
2017-01-05 07:00:00,3.3,99,3.5,0.0,809.4
2017-01-05 08:00:00,2.3,99,4.1,0.0,810.0
2017-01-05 09:00:00,3.8,97,4.7,46.0,811.8
2017-01-05 10:00:00,6.2,97,1.5,153.0,814.0
2017-01-05 11:00:00,8.8,87,5.6,292.0,815.3
2017-01-05 12:00:00,11.3,77,10.2,496.0,815.5
2017-01-05 13:00:00,12.4,70,13.2,520.0,814.9
2017-01-05 14:00:00,12.8,66,11.7,423.0,813.7
2017-01-05 15:00:00,13.4,61,14.8,495.0,812.9
2017-01-05 16:00:00,13.2,63,14.8,363.0,812.7
2017-01-05 17:00:00,13.0,67,12.3,257.0,812.4
2017-01-05 18:00:00,11.5,74,7.9,113.0,812.0
2017-01-05 19:00:00,9.1,83,6.7,11.0,811.0
2017-01-05 20:00:00,7.7,86,10.4,0.0,810.7
2017-01-05 21:00:00,6.0,91,9.2,0.0,810.1
2017-01-05 22:00:00,6.4,93,8.0,0.0,810.9
2017-01-05 23:00:00,5.5,95,8.9,0.0,810.8
2017-01-06 00:00:00,5.2,95,9.4,0.0,810.6
2017-01-06 01:00:00,6.3,93,7.6,0.0,811.0
2017-01-06 02:00:00,5.6,94,6.9,0.0,810.3
2017-01-06 03:00:00,5.6,95,5.8,0.0,809.9
2017-01-06 04:00:00,5.6,96,5.6,0.0,809.7
2017-01-06 05:00:00,3.4,100,5.0,0.0,808.0
2017-01-06 06:00:00,4.8,98,3.6,0.0,808.8
2017-01-06 07:00:00,5.6,99,3.6,0.0,809.7
2017-01-06 08:00:00,6.5,97,3.2,0.0,811.3
2017-01-06 09:00:00,7.4,95,3.4,27.0,812.4
2017-01-06 10:00:00,8.6,90,5.4,117.0,813.5
2017-01-06 11:00:00,9.8,91,7.3,250.0,814.4
2017-01-06 12:00:00,11.7,78,10.9,401.0,814.2
2017-01-06 13:00:00,12.4,68,15.1,394.0,813.3
2017-01-06 14:00:00,12.9,66,17.6,462.0,812.3
2017-01-06 15:00:00,13.0,66,17.6,475.0,811.2
2017-01-06 16:00:00,13.2,69,17.0,421.0,810.8
2017-01-06 17:00:00,13.1,67,14.8,242.0,810.5
2017-01-06 18:00:00,11.5,75,7.8,123.0,810.0
2017-01-06 19:00:00,8.7,86,6.5,10.0,808.7
2017-01-06 20:00:00,8.2,86,7.6,0.0,809.4
2017-01-06 21:00:00,7.8,88,6.7,0.0,809.9
2017-01-06 22:00:00,6.5,90,8.4,0.0,809.2
2017-01-06 23:00:00,5.7,91,8.8,0.0,809.1
2017-01-07 00:00:00,5.7,92,8.9,0.0,809.0
2017-01-07 01:00:00,6.1,91,7.9,0.0,809.2
2017-01-07 02:00:00,5.4,92,8.0,0.0,808.6
2017-01-07 03:00:00,5.2,92,8.1,0.0,808.1
2017-01-07 04:00:00,5.5,91,7.2,0.0,808.0
2017-01-07 05:00:00,5.1,92,7.2,0.0,807.6
2017-01-07 06:00:00,3.6,96,9.1,0.0,806.4
2017-01-07 07:00:00,3.7,98,7.1,0.0,807.0
2017-01-07 08:00:00,6.1,96,5.1,0.0,809.5
2017-01-07 09:00:00,8.1,91,3.6,29.0,811.1
2017-01-07 10:00:00,9.6,86,8.0,99.0,812.7
2017-01-07 11:00:00,10.9,73,11.9,263.0,813.5
2017-01-07 12:00:00,12.2,63,12.1,470.0,813.7
2017-01-07 13:00:00,13.1,53,12.3,516.0,812.9
2017-01-07 14:00:00,13.6,51,13.3,568.0,811.8
2017-01-07 15:00:00,14.4,46,15.6,607.0,811.2
2017-01-07 16:00:00,14.2,49,14.4,438.0,810.6
2017-01-07 17:00:00,13.7,52,14.1,345.0,810.3
2017-01-07 18:00:00,11.7,64,10.8,165.0,809.7
2017-01-07 19:00:00,9.0,75,8.2,16.0,808.8
2017-01-07 20:00:00,7.6,81,8.1,0.0,808.5
2017-01-07 21:00:00,6.7,81,7.3,0.0,808.4
2017-01-07 22:00:00,5.9,86,7.9,0.0,808.4
2017-01-07 23:00:00,4.7,90,10.0,0.0,808.1
2017-01-08 00:00:00,6.3,86,8.1,0.0,809.3
2017-01-08 01:00:00,6.7,83,7.9,0.0,809.6
2017-01-08 02:00:00,6.2,83,7.9,0.0,809.2
2017-01-08 03:00:00,6.1,83,7.6,0.0,808.7
2017-01-08 04:00:00,6.8,80,6.6,0.0,808.8
2017-01-08 05:00:00,6.4,82,6.5,0.0,808.6
2017-01-08 06:00:00,5.3,85,6.0,0.0,807.9
2017-01-08 07:00:00,5.8,84,5.2,0.0,808.6
2017-01-08 08:00:00,2.7,94,5.0,0.0,807.8
2017-01-08 09:00:00,4.6,94,2.9,75.0,809.2
2017-01-08 10:00:00,7.9,87,1.3,254.0,812.2
2017-01-08 11:00:00,11.1,73,6.2,475.0,814.0
2017-01-08 12:00:00,12.8,61,11.0,615.0,813.7
2017-01-08 13:00:00,13.8,54,13.2,710.0,813.3
2017-01-08 14:00:00,14.6,51,13.2,733.0,812.2
2017-01-08 15:00:00,15.2,47,13.3,676.0,811.2
2017-01-08 16:00:00,15.1,47,14.3,556.0,810.7
2017-01-08 17:00:00,14.4,53,13.8,379.0,810.4
2017-01-08 18:00:00,12.4,63,8.8,174.0,809.5
2017-01-08 19:00:00,9.1,74,7.7,18.0,808.1
2017-01-08 20:00:00,7.1,81,12.5,0.0,807.3
2017-01-08 21:00:00,6.3,83,9.2,0.0,807.6
2017-01-08 22:00:00,5.3,88,10.5,0.0,807.7
2017-01-08 23:00:00,5.6,87,9.7,0.0,808.1
2017-01-09 00:00:00,6.2,85,9.3,0.0,808.9
2017-01-09 01:00:00,6.6,84,8.9,0.0,809.2
2017-01-09 02:00:00,8.5,80,7.7,0.0,810.3
2017-01-09 03:00:00,8.3,80,6.8,0.0,809.9
2017-01-09 04:00:00,7.8,81,6.6,0.0,809.3
2017-01-09 05:00:00,7.4,82,6.1,0.0,808.8
2017-01-09 06:00:00,7.1,83,6.1,0.0,808.8
2017-01-09 07:00:00,6.9,84,5.8,0.0,808.9
2017-01-09 08:00:00,5.9,88,5.6,0.0,809.6
2017-01-09 09:00:00,6.4,88,4.0,75.0,810.4
2017-01-09 10:00:00,9.6,81,6.7,273.0,813.0
2017-01-09 11:00:00,11.6,71,11.0,469.0,814.1
2017-01-09 12:00:00,13.1,61,13.0,613.0,813.9
2017-01-09 13:00:00,14.3,54,15.3,691.0,813.1
2017-01-09 14:00:00,15.0,52,16.1,720.0,812.1
2017-01-09 15:00:00,15.1,53,16.9,662.0,811.3
2017-01-09 16:00:00,14.9,52,18.4,523.0,811.0
2017-01-09 17:00:00,14.1,55,17.9,365.0,811.0
2017-01-09 18:00:00,12.5,62,13.0,170.0,810.8
2017-01-09 19:00:00,9.9,73,9.4,18.0,809.7
2017-01-09 20:00:00,8.6,78,8.4,0.0,809.1
2017-01-09 21:00:00,8.3,82,8.3,0.0,809.3
2017-01-09 22:00:00,7.7,86,7.8,0.0,809.6
2017-01-09 23:00:00,7.3,87,7.7,0.0,809.3
2017-01-10 00:00:00,6.7,87,7.1,0.0,808.9
2017-01-10 01:00:00,5.9,89,7.9,0.0,808.5
2017-01-10 02:00:00,4.9,90,9.4,0.0,807.6
2017-01-10 03:00:00,4.6,90,9.6,0.0,807.2
2017-01-10 04:00:00,5.5,87,8.7,0.0,807.7
2017-01-10 05:00:00,6.1,85,7.9,0.0,807.9
2017-01-10 06:00:00,7.9,82,7.3,0.0,809.2
2017-01-10 07:00:00,7.6,83,6.1,0.0,809.7
2017-01-10 08:00:00,6.2,89,5.8,0.0,810.1
2017-01-10 09:00:00,6.7,90,4.3,73.0,811.1
2017-01-10 10:00:00,10.2,82,4.6,270.0,814.1
2017-01-10 11:00:00,12.2,71,11.8,457.0,815.1
2017-01-10 12:00:00,13.7,60,15.0,611.0,815.1
2017-01-10 13:00:00,15.0,51,17.1,627.0,814.5
2017-01-10 14:00:00,15.6,47,19.6,642.0,813.3
2017-01-10 15:00:00,15.6,50,17.1,638.0,812.5
2017-01-10 16:00:00,15.5,52,16.0,538.0,812.2
2017-01-10 17:00:00,14.7,57,12.7,337.0,811.9
2017-01-10 18:00:00,12.9,68,6.7,177.0,811.0
2017-01-10 19:00:00,8.7,81,8.7,19.0,808.9
2017-01-10 20:00:00,10.5,72,9.3,0.0,810.2
2017-01-10 21:00:00,7.6,84,9.4,0.0,809.0
2017-01-10 22:00:00,7.5,91,7.9,0.0,809.7
2017-01-10 23:00:00,5.9,95,10.4,0.0,809.2
2017-01-11 00:00:00,8.9,88,8.2,0.0,811.3
2017-01-11 01:00:00,8.3,88,8.4,0.0,811.0
2017-01-11 02:00:00,8.0,89,8.6,0.0,810.7
2017-01-11 03:00:00,6.8,92,8.9,0.0,809.6
2017-01-11 04:00:00,9.5,88,6.8,0.0,811.0
2017-01-11 05:00:00,8.9,92,5.9,0.0,810.2
2017-01-11 06:00:00,9.1,95,6.4,0.0,810.1
2017-01-11 07:00:00,6.2,99,9.1,0.0,808.7
2017-01-11 08:00:00,8.2,95,8.0,0.0,810.4
2017-01-11 09:00:00,9.9,95,7.9,31.0,812.0
2017-01-11 10:00:00,11.4,91,7.9,148.0,813.6
2017-01-11 11:00:00,12.5,88,7.8,267.0,814.1
2017-01-11 12:00:00,12.6,87,8.1,262.0,813.5
2017-01-11 13:00:00,12.8,84,6.3,161.0,812.7
2017-01-11 14:00:00,13.6,85,5.8,205.0,811.7
2017-01-11 15:00:00,12.6,84,13.0,188.0,810.6
2017-01-11 16:00:00,14.7,77,14.0,359.0,810.8
2017-01-11 17:00:00,14.9,74,12.2,259.0,810.7
2017-01-11 18:00:00,13.1,80,7.6,126.0,809.9
2017-01-11 19:00:00,10.8,85,7.0,15.0,809.2
2017-01-11 20:00:00,9.9,86,9.5,0.0,809.0
2017-01-11 21:00:00,9.9,90,7.0,0.0,809.7
2017-01-11 22:00:00,8.2,94,8.1,0.0,809.3
2017-01-11 23:00:00,6.7,98,9.7,0.0,808.8
2017-01-12 00:00:00,6.8,100,9.2,0.0,809.2
2017-01-12 01:00:00,6.4,100,9.5,0.0,809.2
2017-01-12 02:00:00,5.7,100,9.7,0.0,808.7
2017-01-12 03:00:00,5.9,100,8.7,0.0,808.8
2017-01-12 04:00:00,6.6,100,6.9,0.0,808.8
2017-01-12 05:00:00,8.7,100,4.4,0.0,810.2
2017-01-12 06:00:00,8.6,99,4.0,0.0,810.0
2017-01-12 07:00:00,8.3,99,3.1,0.0,809.8
2017-01-12 08:00:00,7.9,100,3.7,0.0,810.6
2017-01-12 09:00:00,8.8,98,3.3,23.0,811.9
2017-01-12 10:00:00,10.7,86,6.6,118.0,813.2
2017-01-12 11:00:00,12.7,74,10.2,310.0,813.7
2017-01-12 12:00:00,13.9,64,12.2,394.0,813.6
2017-01-12 13:00:00,15.3,55,16.6,577.0,813.1
2017-01-12 14:00:00,15.9,52,17.6,576.0,812.1
2017-01-12 15:00:00,15.9,53,17.7,496.0,811.0
2017-01-12 16:00:00,15.7,56,17.2,495.0,810.6
2017-01-12 17:00:00,14.9,63,12.9,266.0,810.2
2017-01-12 18:00:00,13.8,69,10.7,149.0,809.7
2017-01-12 19:00:00,11.3,79,6.4,16.0,808.6
2017-01-12 20:00:00,9.2,94,6.6,0.0,808.7
2017-01-12 21:00:00,9.4,100,6.6,0.0,809.4
2017-01-12 22:00:00,9.7,99,7.9,0.0,810.2
2017-01-12 23:00:00,9.9,99,9.6,0.0,810.6
2017-01-13 00:00:00,9.7,100,9.7,0.0,810.6
2017-01-13 01:00:00,9.5,99,7.4,0.0,810.8
2017-01-13 02:00:00,9.6,99,7.9,0.0,810.7
2017-01-13 03:00:00,9.5,99,9.7,0.0,810.2
2017-01-13 04:00:00,9.4,99,10.9,0.0,809.6
2017-01-13 05:00:00,9.2,99,10.9,0.0,809.0
2017-01-13 06:00:00,9.3,99,11.9,0.0,808.9
2017-01-13 07:00:00,9.3,100,11.5,0.0,809.2
2017-01-13 08:00:00,8.9,99,11.4,0.0,810.0
2017-01-13 09:00:00,9.5,93,12.3,19.0,810.7
2017-01-13 10:00:00,10.8,84,11.3,122.0,812.0
2017-01-13 11:00:00,11.7,79,11.2,184.0,812.3
2017-01-13 12:00:00,13.2,69,15.3,332.0,812.3
2017-01-13 13:00:00,14.6,59,19.0,557.0,812.1
2017-01-13 14:00:00,15.2,53,20.5,542.0,811.1
2017-01-13 15:00:00,15.9,49,21.2,582.0,810.6
2017-01-13 16:00:00,15.3,49,22.3,436.0,809.9
2017-01-13 17:00:00,15.0,52,17.8,360.0,809.7
2017-01-13 18:00:00,13.2,63,12.5,176.0,809.2
2017-01-13 19:00:00,10.7,75,9.4,22.0,808.1
2017-01-13 20:00:00,9.9,81,8.7,0.0,807.6
2017-01-13 21:00:00,9.4,84,8.0,0.0,808.0
2017-01-13 22:00:00,8.7,91,7.2,0.0,808.6
2017-01-13 23:00:00,8.1,95,7.0,0.0,808.5
2017-01-14 00:00:00,8.1,96,7.0,0.0,809.0
2017-01-14 01:00:00,7.5,98,6.8,0.0,808.9
2017-01-14 02:00:00,7.6,99,6.8,0.0,808.8
2017-01-14 03:00:00,8.2,99,6.0,0.0,808.8
2017-01-14 04:00:00,8.5,98,5.8,0.0,808.6
2017-01-14 05:00:00,9.5,99,8.2,0.0,809.2
2017-01-14 06:00:00,9.6,99,9.9,0.0,809.2
2017-01-14 07:00:00,9.6,98,10.7,0.0,809.5
2017-01-14 08:00:00,8.4,96,8.9,0.0,810.1
2017-01-14 09:00:00,9.0,94,8.7,37.0,811.2
2017-01-14 10:00:00,9.8,88,13.1,189.0,812.3
2017-01-14 11:00:00,11.7,72,14.8,395.0,813.2
2017-01-14 12:00:00,13.3,65,14.4,578.0,813.5
2017-01-14 13:00:00,14.5,58,16.1,676.0,813.0
2017-01-14 14:00:00,15.1,54,16.4,691.0,812.2
2017-01-14 15:00:00,15.6,52,16.5,668.0,811.5
2017-01-14 16:00:00,15.7,48,16.6,539.0,811.1
2017-01-14 17:00:00,15.2,50,15.8,397.0,811.0
2017-01-14 18:00:00,13.5,59,12.3,192.0,810.4
2017-01-14 19:00:00,10.7,71,8.7,24.0,809.5
2017-01-14 20:00:00,8.7,79,10.5,0.0,808.6
2017-01-14 21:00:00,8.4,81,7.3,0.0,809.1
2017-01-14 22:00:00,6.9,88,9.2,0.0,808.9
2017-01-14 23:00:00,6.0,90,10.4,0.0,809.1
2017-01-15 00:00:00,6.0,89,9.7,0.0,809.2
2017-01-15 01:00:00,6.5,87,8.8,0.0,809.9
2017-01-15 02:00:00,7.6,84,7.7,0.0,810.7
2017-01-15 03:00:00,6.8,88,8.2,0.0,810.1
2017-01-15 04:00:00,7.1,88,7.5,0.0,810.2
2017-01-15 05:00:00,5.3,93,8.2,0.0,809.0
2017-01-15 06:00:00,4.2,97,9.1,0.0,808.6
2017-01-15 07:00:00,5.1,97,8.6,0.0,809.7
2017-01-15 08:00:00,6.7,99,4.3,0.0,812.0
2017-01-15 09:00:00,8.3,95,7.1,30.0,813.7
2017-01-15 10:00:00,9.1,89,10.9,127.0,815.3
2017-01-15 11:00:00,11.5,68,11.7,399.0,816.5
2017-01-15 12:00:00,12.8,62,9.7,555.0,816.1
2017-01-15 13:00:00,13.8,56,10.9,630.0,815.5
2017-01-15 14:00:00,14.9,48,13.0,711.0,814.6
2017-01-15 15:00:00,15.4,46,13.8,688.0,813.9
2017-01-15 16:00:00,15.2,46,14.5,543.0,813.4
2017-01-15 17:00:00,14.8,49,14.3,401.0,813.2
2017-01-15 18:00:00,13.1,59,8.9,195.0,812.5
2017-01-15 19:00:00,10.0,70,7.9,25.0,810.9
2017-01-15 20:00:00,7.9,79,11.9,0.0,809.7
2017-01-15 21:00:00,8.1,81,7.2,0.0,810.6
2017-01-15 22:00:00,8.1,87,7.9,0.0,810.9
2017-01-15 23:00:00,7.8,87,7.7,0.0,811.0
2017-01-16 00:00:00,7.2,87,7.4,0.0,810.3
2017-01-16 01:00:00,6.5,88,6.9,0.0,810.0
2017-01-16 02:00:00,6.0,91,7.7,0.0,809.8
2017-01-16 03:00:00,5.5,93,8.0,0.0,809.0
2017-01-16 04:00:00,5.4,94,8.2,0.0,808.5
2017-01-16 05:00:00,4.7,96,8.9,0.0,807.8
2017-01-16 06:00:00,5.0,96,8.2,0.0,808.1
2017-01-16 07:00:00,5.7,97,7.1,0.0,808.5
2017-01-16 08:00:00,8.1,95,8.2,0.0,811.4
2017-01-16 09:00:00,8.7,93,11.0,31.0,812.3
2017-01-16 10:00:00,9.9,84,15.0,185.0,813.4
2017-01-16 11:00:00,11.8,73,13.7,387.0,814.4
2017-01-16 12:00:00,13.8,63,13.9,590.0,814.3
2017-01-16 13:00:00,15.2,54,16.7,677.0,813.7
2017-01-16 14:00:00,16.2,50,17.7,749.0,812.6
2017-01-16 15:00:00,16.5,49,18.5,700.0,811.9
2017-01-16 16:00:00,16.4,48,18.8,581.0,811.3
2017-01-16 17:00:00,15.6,52,17.3,403.0,811.6
2017-01-16 18:00:00,13.9,62,12.0,198.0,811.2
2017-01-16 19:00:00,10.9,75,8.7,26.0,810.0
2017-01-16 20:00:00,10.5,74,8.9,0.0,810.0
2017-01-16 21:00:00,9.1,82,7.3,0.0,809.9
2017-01-16 22:00:00,7.7,89,7.7,0.0,809.8
2017-01-16 23:00:00,6.2,92,10.2,0.0,809.2
2017-01-17 00:00:00,5.7,93,10.2,0.0,809.0
2017-01-17 01:00:00,5.4,94,10.4,0.0,809.0
2017-01-17 02:00:00,5.5,95,9.4,0.0,809.3
2017-01-17 03:00:00,7.9,92,7.8,0.0,810.8
2017-01-17 04:00:00,8.9,91,6.4,0.0,811.1
2017-01-17 05:00:00,8.2,95,6.9,0.0,810.6
2017-01-17 06:00:00,5.9,100,8.4,0.0,809.3
2017-01-17 07:00:00,7.6,99,6.0,0.0,810.8
2017-01-17 08:00:00,8.0,98,7.6,0.0,812.5
2017-01-17 09:00:00,9.5,92,10.6,38.0,813.8
2017-01-17 10:00:00,11.2,77,16.9,202.0,815.3
2017-01-17 11:00:00,12.5,66,18.6,337.0,816.0
2017-01-17 12:00:00,13.6,59,18.4,421.0,815.6
2017-01-17 13:00:00,14.4,53,21.2,475.0,815.0
2017-01-17 14:00:00,15.3,49,23.3,574.0,814.0
2017-01-17 15:00:00,16.1,43,24.9,609.0,813.5
2017-01-17 16:00:00,16.0,44,25.5,520.0,813.1
2017-01-17 17:00:00,15.3,49,22.5,357.0,813.0
2017-01-17 18:00:00,13.6,60,13.2,181.0,812.2
2017-01-17 19:00:00,10.7,73,8.7,27.0,811.3
2017-01-17 20:00:00,9.6,82,7.8,0.0,811.0
2017-01-17 21:00:00,9.6,85,8.5,0.0,812.2
2017-01-17 22:00:00,9.2,88,8.4,0.0,812.6
2017-01-17 23:00:00,8.6,89,7.3,0.0,812.7
2017-01-18 00:00:00,7.6,91,7.0,0.0,812.4
2017-01-18 01:00:00,6.8,94,7.9,0.0,812.0
2017-01-18 02:00:00,6.4,96,8.7,0.0,811.7
2017-01-18 03:00:00,6.4,96,8.5,0.0,811.6
2017-01-18 04:00:00,7.0,97,7.4,0.0,811.6
2017-01-18 05:00:00,9.0,95,6.7,0.0,812.9
2017-01-18 06:00:00,9.8,96,8.7,0.0,813.5
2017-01-18 07:00:00,9.9,97,9.7,0.0,814.1
2017-01-18 08:00:00,9.2,97,8.7,0.0,815.1
2017-01-18 09:00:00,9.8,94,10.1,35.0,816.1
2017-01-18 10:00:00,10.7,88,14.2,176.0,817.3
2017-01-18 11:00:00,12.6,69,18.0,348.0,818.1
2017-01-18 12:00:00,14.0,62,15.8,511.0,818.0
2017-01-18 13:00:00,15.4,56,17.2,685.0,817.6
2017-01-18 14:00:00,16.4,52,17.7,747.0,816.6
2017-01-18 15:00:00,16.9,48,17.9,690.0,815.8
2017-01-18 16:00:00,16.9,47,17.8,586.0,815.5
2017-01-18 17:00:00,16.1,51,16.8,411.0,815.4
2017-01-18 18:00:00,14.4,61,12.2,202.0,814.9
2017-01-18 19:00:00,11.6,74,9.4,29.0,813.8
2017-01-18 20:00:00,10.7,80,9.7,0.0,813.4
2017-01-18 21:00:00,9.9,83,7.9,0.0,813.6
2017-01-18 22:00:00,8.3,87,7.4,0.0,813.3
2017-01-18 23:00:00,7.1,89,9.8,0.0,812.9
2017-01-19 00:00:00,7.2,88,9.7,0.0,813.2
2017-01-19 01:00:00,7.2,88,9.5,0.0,813.2
2017-01-19 02:00:00,7.5,87,9.2,0.0,813.2
2017-01-19 03:00:00,9.7,82,7.8,0.0,814.5
2017-01-19 04:00:00,9.6,82,7.2,0.0,814.2
2017-01-19 05:00:00,9.3,83,7.2,0.0,813.8
2017-01-19 06:00:00,8.1,86,7.6,0.0,813.1
2017-01-19 07:00:00,6.5,90,7.9,0.0,812.5
2017-01-19 08:00:00,7.0,90,8.0,0.0,813.7
2017-01-19 09:00:00,7.5,91,6.1,78.0,814.5
2017-01-19 10:00:00,11.1,79,6.9,283.0,817.7
2017-01-19 11:00:00,13.2,67,12.0,486.0,818.6
2017-01-19 12:00:00,14.7,55,14.2,639.0,818.7
2017-01-19 13:00:00,16.2,45,14.2,740.0,818.2
2017-01-19 14:00:00,17.2,43,14.0,764.0,817.4
2017-01-19 15:00:00,17.7,43,14.3,712.0,816.3
2017-01-19 16:00:00,17.5,44,14.3,593.0,815.8
2017-01-19 17:00:00,16.8,48,13.3,415.0,815.3
2017-01-19 18:00:00,15.0,55,10.7,206.0,814.6
2017-01-19 19:00:00,11.7,62,8.7,30.0,813.2
2017-01-19 20:00:00,8.9,76,12.8,0.0,811.7
2017-01-19 21:00:00,8.2,80,8.8,0.0,812.4
2017-01-19 22:00:00,7.2,86,10.2,0.0,812.5
2017-01-19 23:00:00,7.4,84,9.6,0.0,812.8
2017-01-20 00:00:00,10.3,78,7.6,0.0,814.9
2017-01-20 01:00:00,10.4,81,6.5,0.0,815.0
2017-01-20 02:00:00,9.9,86,5.9,0.0,814.7
2017-01-20 03:00:00,9.4,91,5.9,0.0,814.4
2017-01-20 04:00:00,9.0,97,7.2,0.0,814.3
2017-01-20 05:00:00,5.2,100,9.7,0.0,812.1
2017-01-20 06:00:00,4.4,100,9.7,0.0,811.8
2017-01-20 07:00:00,6.8,100,7.0,0.0,813.7
2017-01-20 08:00:00,6.9,99,6.4,0.0,814.6
2017-01-20 09:00:00,8.7,98,10.9,39.0,816.2
2017-01-20 10:00:00,9.9,92,13.0,138.0,817.1
2017-01-20 11:00:00,12.0,77,15.2,385.0,817.9
2017-01-20 12:00:00,14.1,63,15.8,601.0,817.7
2017-01-20 13:00:00,15.8,55,16.4,683.0,817.5
2017-01-20 14:00:00,16.6,48,18.0,738.0,816.4
2017-01-20 15:00:00,16.7,49,18.2,701.0,815.4
2017-01-20 16:00:00,16.9,47,18.7,591.0,814.7
2017-01-20 17:00:00,16.4,47,17.1,421.0,814.4
2017-01-20 18:00:00,14.7,55,12.8,211.0,813.8
2017-01-20 19:00:00,11.7,66,10.2,32.0,812.7
2017-01-20 20:00:00,9.3,78,10.4,0.0,811.3
2017-01-20 21:00:00,8.6,80,7.4,0.0,811.7
2017-01-20 22:00:00,7.9,84,7.4,0.0,811.9
2017-01-20 23:00:00,7.1,85,8.7,0.0,811.7
2017-01-21 00:00:00,5.9,87,10.2,0.0,811.4
2017-01-21 01:00:00,5.7,88,9.9,0.0,811.5
2017-01-21 02:00:00,6.4,88,8.2,0.0,812.1
2017-01-21 03:00:00,6.0,90,8.7,0.0,811.8
2017-01-21 04:00:00,4.8,96,9.9,0.0,811.2
2017-01-21 05:00:00,5.2,100,9.0,0.0,811.9
2017-01-21 06:00:00,3.9,100,10.0,0.0,811.8
2017-01-21 07:00:00,5.1,100,8.4,0.0,813.5
2017-01-21 08:00:00,6.1,99,7.8,0.0,816.1
2017-01-21 09:00:00,6.4,92,9.2,30.0,817.4
2017-01-21 10:00:00,7.3,88,9.4,87.0,819.1
2017-01-21 11:00:00,8.2,84,11.8,188.0,819.9
2017-01-21 12:00:00,9.0,80,12.3,264.0,819.7
2017-01-21 13:00:00,9.3,80,11.2,261.0,818.9
2017-01-21 14:00:00,10.5,77,8.2,376.0,818.1
2017-01-21 15:00:00,11.3,75,8.6,402.0,817.5
2017-01-21 16:00:00,11.3,76,8.9,390.0,817.2
2017-01-21 17:00:00,11.2,76,10.0,322.0,817.0
2017-01-21 18:00:00,9.7,81,11.3,158.0,816.7
2017-01-21 19:00:00,7.8,89,9.6,25.0,816.6
2017-01-21 20:00:00,6.6,100,6.1,0.0,815.6
2017-01-21 21:00:00,5.6,99,4.8,0.0,815.5
2017-01-21 22:00:00,5.3,100,4.3,0.0,815.8
2017-01-21 23:00:00,5.3,99,3.2,0.0,816.2
2017-01-22 00:00:00,5.3,99,4.2,0.0,816.6
2017-01-22 01:00:00,5.4,100,4.9,0.0,816.8
2017-01-22 02:00:00,6.1,98,4.2,0.0,817.4
2017-01-22 03:00:00,6.0,99,4.3,0.0,817.0
2017-01-22 04:00:00,6.5,97,4.0,0.0,817.3
2017-01-22 05:00:00,6.8,99,4.7,0.0,817.0
2017-01-22 06:00:00,7.0,99,6.6,0.0,817.0
2017-01-22 07:00:00,7.1,99,8.0,0.0,817.2
2017-01-22 08:00:00,7.7,96,8.4,0.0,818.3
2017-01-22 09:00:00,8.3,92,11.5,19.0,819.3
2017-01-22 10:00:00,9.0,89,12.6,92.0,820.4
2017-01-22 11:00:00,11.0,78,12.7,229.0,821.1
2017-01-22 12:00:00,12.4,67,13.0,327.0,820.9
2017-01-22 13:00:00,14.3,55,14.3,484.0,820.5
2017-01-22 14:00:00,15.6,53,15.8,688.0,819.3
2017-01-22 15:00:00,15.9,53,15.3,704.0,818.2
2017-01-22 16:00:00,15.7,54,14.3,561.0,817.5
2017-01-22 17:00:00,15.1,55,13.3,424.0,817.0
2017-01-22 18:00:00,13.6,64,9.7,207.0,816.3
2017-01-22 19:00:00,10.3,79,7.6,34.0,814.5
2017-01-22 20:00:00,9.3,86,9.7,0.0,813.7
2017-01-22 21:00:00,9.5,90,7.8,0.0,814.9
2017-01-22 22:00:00,8.3,93,6.5,0.0,814.5
2017-01-22 23:00:00,7.0,95,8.2,0.0,814.0
2017-01-23 00:00:00,5.8,98,9.6,0.0,813.5
2017-01-23 01:00:00,5.6,100,9.4,0.0,813.8
2017-01-23 02:00:00,6.3,100,7.2,0.0,814.5
2017-01-23 03:00:00,7.2,100,7.6,0.0,815.0
2017-01-23 04:00:00,8.0,100,8.6,0.0,815.6
2017-01-23 05:00:00,8.7,100,9.4,0.0,815.8
2017-01-23 06:00:00,9.0,98,9.4,0.0,815.8
2017-01-23 07:00:00,9.2,96,9.7,0.0,816.2
2017-01-23 08:00:00,8.9,91,8.6,0.0,817.2
2017-01-23 09:00:00,9.5,89,9.1,25.0,818.1
2017-01-23 10:00:00,10.7,78,13.7,155.0,819.1
2017-01-23 11:00:00,11.9,70,13.8,238.0,819.5
2017-01-23 12:00:00,13.1,64,13.8,364.0,819.7
2017-01-23 13:00:00,14.7,53,16.1,494.0,819.0
2017-01-23 14:00:00,15.7,50,17.5,645.0,818.1
2017-01-23 15:00:00,16.0,50,16.8,671.0,817.0
2017-01-23 16:00:00,15.8,51,16.4,539.0,816.4
2017-01-23 17:00:00,15.4,51,17.6,404.0,816.1
2017-01-23 18:00:00,14.2,59,12.2,186.0,815.6
2017-01-23 19:00:00,11.1,73,7.8,34.0,813.9
2017-01-23 20:00:00,10.6,78,8.6,0.0,813.1
2017-01-23 21:00:00,10.2,84,8.7,0.0,814.0
2017-01-23 22:00:00,9.6,91,8.2,0.0,814.6
2017-01-23 23:00:00,8.4,93,6.4,0.0,814.3
2017-01-24 00:00:00,6.8,95,8.9,0.0,813.4
2017-01-24 01:00:00,7.4,96,8.0,0.0,813.7
2017-01-24 02:00:00,6.9,98,8.1,0.0,813.3
2017-01-24 03:00:00,7.2,98,7.7,0.0,813.4
2017-01-24 04:00:00,9.2,96,4.3,0.0,814.3
2017-01-24 05:00:00,9.4,96,5.9,0.0,814.1
2017-01-24 06:00:00,9.4,97,8.2,0.0,814.2
2017-01-24 07:00:00,9.4,98,9.2,0.0,814.4
2017-01-24 08:00:00,9.1,99,9.4,0.0,815.4
2017-01-24 09:00:00,10.0,93,12.8,34.0,816.7
2017-01-24 10:00:00,11.2,83,16.5,149.0,817.9
2017-01-24 11:00:00,13.3,65,19.6,347.0,819.0
2017-01-24 12:00:00,14.6,55,21.7,455.0,818.8
2017-01-24 13:00:00,15.7,49,21.4,573.0,818.4
2017-01-24 14:00:00,16.4,44,21.2,597.0,817.7
2017-01-24 15:00:00,16.5,44,20.0,597.0,816.9
2017-01-24 16:00:00,16.5,42,19.1,499.0,816.5
2017-01-24 17:00:00,16.1,45,17.9,381.0,816.5
2017-01-24 18:00:00,14.8,55,9.5,176.0,816.3
2017-01-24 19:00:00,11.7,68,8.5,37.0,815.2
2017-01-24 20:00:00,9.5,82,11.0,0.0,814.1
2017-01-24 21:00:00,9.0,85,8.0,0.0,815.0
2017-01-24 22:00:00,7.7,89,9.8,0.0,815.2
2017-01-24 23:00:00,8.0,92,8.6,0.0,816.3
2017-01-25 00:00:00,7.7,96,8.4,0.0,816.7
2017-01-25 01:00:00,6.2,97,7.9,0.0,816.1
2017-01-25 02:00:00,6.7,94,9.2,0.0,817.6
2017-01-25 03:00:00,6.6,98,7.7,0.0,817.9
2017-01-25 04:00:00,7.7,96,9.0,0.0,818.6
2017-01-25 05:00:00,7.7,96,8.0,0.0,818.2
2017-01-25 06:00:00,7.8,96,7.0,0.0,818.6
2017-01-25 07:00:00,7.9,96,6.0,0.0,819.1
2017-01-25 08:00:00,7.8,94,6.0,0.0,819.7
2017-01-25 09:00:00,8.4,91,5.4,15.0,820.7
2017-01-25 10:00:00,9.3,87,4.5,64.0,821.7
2017-01-25 11:00:00,10.5,83,4.0,140.0,822.3
2017-01-25 12:00:00,13.0,66,7.3,345.0,822.6
2017-01-25 13:00:00,14.8,54,8.1,533.0,822.2
2017-01-25 14:00:00,15.8,53,8.1,676.0,821.4
2017-01-25 15:00:00,16.4,52,10.1,724.0,820.5
2017-01-25 16:00:00,16.5,50,10.0,605.0,820.1
2017-01-25 17:00:00,16.2,49,10.0,433.0,819.6
2017-01-25 18:00:00,14.8,59,6.0,227.0,818.9
2017-01-25 19:00:00,10.1,75,8.5,40.0,816.6
2017-01-25 20:00:00,10.0,79,10.1,0.0,816.5
2017-01-25 21:00:00,8.1,84,9.1,0.0,816.2
2017-01-25 22:00:00,9.6,75,6.8,0.0,817.7
2017-01-25 23:00:00,10.4,73,6.3,0.0,818.6
2017-01-26 00:00:00,10.0,80,5.4,0.0,818.6
2017-01-26 01:00:00,9.6,86,5.9,0.0,818.4
2017-01-26 02:00:00,9.1,93,7.3,0.0,818.0
2017-01-26 03:00:00,8.7,98,7.1,0.0,817.4
2017-01-26 04:00:00,8.4,99,5.5,0.0,816.9
2017-01-26 05:00:00,8.1,99,5.4,0.0,816.4
2017-01-26 06:00:00,7.8,97,6.4,0.0,816.3
2017-01-26 07:00:00,5.2,100,6.6,0.0,815.1
2017-01-26 08:00:00,7.3,97,5.6,0.0,817.6
2017-01-26 09:00:00,7.9,97,9.7,34.0,818.4
2017-01-26 10:00:00,8.8,88,14.3,105.0,819.2
2017-01-26 11:00:00,11.0,75,15.7,250.0,820.1
2017-01-26 12:00:00,13.3,64,14.3,449.0,820.0
2017-01-26 13:00:00,15.2,58,15.1,673.0,819.6
2017-01-26 14:00:00,16.3,54,16.3,780.0,818.6
2017-01-26 15:00:00,16.9,52,15.3,733.0,817.5
2017-01-26 16:00:00,17.1,50,14.8,619.0,816.8
2017-01-26 17:00:00,16.6,52,14.5,429.0,816.6
2017-01-26 18:00:00,15.0,61,10.7,229.0,815.8
2017-01-26 19:00:00,11.4,75,7.8,41.0,814.2
2017-01-26 20:00:00,9.5,83,12.0,0.0,812.9
2017-01-26 21:00:00,8.5,83,8.9,0.0,812.8
2017-01-26 22:00:00,7.8,86,9.2,0.0,813.0
2017-01-26 23:00:00,8.0,90,8.4,0.0,813.4
2017-01-27 00:00:00,8.5,93,7.9,0.0,814.1
2017-01-27 01:00:00,9.7,94,4.8,0.0,814.8
2017-01-27 02:00:00,9.1,97,2.8,0.0,814.3
2017-01-27 03:00:00,5.2,99,5.1,0.0,812.0
2017-01-27 04:00:00,5.8,96,5.4,0.0,812.4
2017-01-27 05:00:00,4.5,100,4.8,0.0,811.6
2017-01-27 06:00:00,4.8,99,4.3,0.0,812.0
2017-01-27 07:00:00,4.9,100,7.7,0.0,813.3
2017-01-27 08:00:00,6.5,96,5.1,0.0,815.3
2017-01-27 09:00:00,7.7,93,6.2,24.0,816.5
2017-01-27 10:00:00,8.6,88,10.0,95.0,817.4
2017-01-27 11:00:00,9.4,84,10.4,154.0,818.2
2017-01-27 12:00:00,10.7,76,12.3,230.0,818.1
2017-01-27 13:00:00,11.9,70,13.7,370.0,817.8
2017-01-27 14:00:00,12.9,62,12.1,398.0,816.7
2017-01-27 15:00:00,14.5,56,12.8,514.0,815.7
2017-01-27 16:00:00,15.7,49,14.2,465.0,815.4
2017-01-27 17:00:00,14.9,55,16.5,381.0,814.8
2017-01-27 18:00:00,13.6,61,11.0,229.0,814.1
2017-01-27 19:00:00,9.4,79,7.3,42.0,811.6
2017-01-27 20:00:00,7.8,84,10.7,0.0,811.3
2017-01-27 21:00:00,7.2,86,7.7,0.0,811.4
2017-01-27 22:00:00,5.9,91,9.6,0.0,810.9
2017-01-27 23:00:00,5.7,91,9.4,0.0,810.9
2017-01-28 00:00:00,5.5,90,9.3,0.0,810.8
2017-01-28 01:00:00,5.5,90,9.4,0.0,810.5
2017-01-28 02:00:00,4.5,92,10.1,0.0,809.6
2017-01-28 03:00:00,4.6,92,10.1,0.0,809.2
2017-01-28 04:00:00,6.4,89,9.0,0.0,809.8
2017-01-28 05:00:00,5.3,91,9.4,0.0,808.7
2017-01-28 06:00:00,3.5,95,10.2,0.0,807.5
2017-01-28 07:00:00,3.3,96,10.9,0.0,807.3
2017-01-28 08:00:00,4.9,96,9.9,0.0,809.0
2017-01-28 09:00:00,7.6,91,7.6,73.0,811.3
2017-01-28 10:00:00,10.6,79,12.6,256.0,813.0
2017-01-28 11:00:00,12.5,71,17.0,480.0,813.6
2017-01-28 12:00:00,14.4,59,18.4,648.0,813.3
2017-01-28 13:00:00,15.8,54,20.5,752.0,812.9
2017-01-28 14:00:00,16.7,47,21.0,768.0,811.9
2017-01-28 15:00:00,17.2,48,20.8,727.0,811.1
2017-01-28 16:00:00,17.3,47,25.8,612.0,810.6
2017-01-28 17:00:00,16.4,51,21.1,350.0,810.4
2017-01-28 18:00:00,15.5,53,16.9,204.0,810.2
2017-01-28 19:00:00,12.3,66,9.5,43.0,809.1
2017-01-28 20:00:00,11.3,61,9.1,0.0,808.4
2017-01-28 21:00:00,10.2,71,8.2,0.0,808.4
2017-01-28 22:00:00,8.7,79,6.9,0.0,808.0
2017-01-28 23:00:00,8.0,82,7.3,0.0,808.1
2017-01-29 00:00:00,7.8,83,7.2,0.0,808.4
2017-01-29 01:00:00,7.4,84,7.3,0.0,808.4
2017-01-29 02:00:00,6.6,86,8.1,0.0,807.7
2017-01-29 03:00:00,6.2,86,8.5,0.0,807.6
2017-01-29 04:00:00,5.8,87,8.8,0.0,807.1
2017-01-29 05:00:00,5.6,88,8.7,0.0,807.0
2017-01-29 06:00:00,5.0,88,9.2,0.0,806.8
2017-01-29 07:00:00,4.4,88,10.0,0.0,807.2
2017-01-29 08:00:00,5.0,86,11.0,0.0,808.3
2017-01-29 09:00:00,8.9,80,7.1,85.0,811.7
2017-01-29 10:00:00,11.6,69,8.1,293.0,814.2
2017-01-29 11:00:00,13.6,54,14.7,498.0,815.2
2017-01-29 12:00:00,14.9,50,16.2,661.0,815.2
2017-01-29 13:00:00,16.0,44,16.9,758.0,815.1
2017-01-29 14:00:00,16.5,43,18.9,753.0,814.2
2017-01-29 15:00:00,16.7,40,18.5,686.0,813.5
2017-01-29 16:00:00,16.2,39,18.5,518.0,813.0
2017-01-29 17:00:00,15.5,42,16.6,321.0,813.0
2017-01-29 18:00:00,14.7,46,8.7,183.0,813.0
2017-01-29 19:00:00,10.6,58,7.4,45.0,811.2
2017-01-29 20:00:00,11.0,57,8.2,0.0,812.3
2017-01-29 21:00:00,9.6,62,7.9,0.0,812.2
2017-01-29 22:00:00,11.0,54,3.5,0.0,813.5
2017-01-29 23:00:00,10.3,56,3.1,0.0,813.7
2017-01-30 00:00:00,9.8,57,1.1,0.0,813.5
2017-01-30 01:00:00,9.4,59,2.1,0.0,813.5
2017-01-30 02:00:00,9.4,60,1.9,0.0,813.6
2017-01-30 03:00:00,4.2,84,8.3,0.0,810.5
2017-01-30 04:00:00,2.5,93,8.2,0.0,809.8
2017-01-30 05:00:00,1.9,96,7.8,0.0,809.3
2017-01-30 06:00:00,1.5,98,6.5,0.0,809.2
2017-01-30 07:00:00,1.9,99,7.1,0.0,809.7
2017-01-30 08:00:00,1.9,100,5.9,0.0,810.7
2017-01-30 09:00:00,5.9,94,3.8,81.0,814.5
2017-01-30 10:00:00,8.3,88,6.7,211.0,816.5
2017-01-30 11:00:00,10.4,79,8.3,355.0,817.2
2017-01-30 12:00:00,12.4,66,12.0,478.0,817.2
2017-01-30 13:00:00,14.1,57,13.1,528.0,816.6
2017-01-30 14:00:00,15.5,48,14.2,568.0,815.7
2017-01-30 15:00:00,16.5,42,15.6,689.0,814.6
2017-01-30 16:00:00,16.6,41,16.8,634.0,813.9
2017-01-30 17:00:00,16.2,42,14.8,445.0,813.3
2017-01-30 18:00:00,14.7,51,9.2,231.0,812.6
2017-01-30 19:00:00,10.7,67,7.4,46.0,810.7
2017-01-30 20:00:00,9.1,73,10.5,0.0,810.2
2017-01-30 21:00:00,9.3,73,8.0,0.0,811.1
2017-01-30 22:00:00,8.0,80,7.6,0.0,810.6
2017-01-30 23:00:00,8.0,82,7.6,0.0,810.6
2017-01-31 00:00:00,7.6,83,7.2,0.0,810.5
2017-01-31 01:00:00,6.5,86,8.4,0.0,810.2
2017-01-31 02:00:00,5.9,90,9.2,0.0,810.1
2017-01-31 03:00:00,5.5,92,9.7,0.0,809.6
2017-01-31 04:00:00,5.0,95,9.8,0.0,808.8
2017-01-31 05:00:00,5.3,95,9.3,0.0,808.7
2017-01-31 06:00:00,6.1,96,8.0,0.0,809.3
2017-01-31 07:00:00,5.2,99,8.7,0.0,809.1
2017-01-31 08:00:00,6.5,96,9.2,0.0,810.6
2017-01-31 09:00:00,9.4,90,7.8,57.0,813.2
2017-01-31 10:00:00,10.9,87,10.7,170.0,814.6
2017-01-31 11:00:00,12.1,83,10.8,328.0,815.4
2017-01-31 12:00:00,13.8,64,15.9,440.0,815.1
2017-01-31 13:00:00,14.9,55,19.2,532.0,814.6
2017-01-31 14:00:00,15.6,50,20.6,589.0,814.0
2017-01-31 15:00:00,15.8,51,19.8,502.0,813.2
2017-01-31 16:00:00,15.9,51,20.4,521.0,812.8
2017-01-31 17:00:00,15.3,55,18.9,322.0,812.6
2017-01-31 18:00:00,14.3,61,12.9,196.0,812.5
2017-01-31 19:00:00,11.4,74,8.9,44.0,811.4
2017-01-31 20:00:00,8.7,88,10.2,0.0,810.6
2017-01-31 21:00:00,8.9,87,6.9,0.0,811.6
2017-01-31 22:00:00,8.6,89,7.2,0.0,811.9
2017-01-31 23:00:00,7.3,91,7.5,0.0,811.5
2017-02-01 00:00:00,6.1,92,9.8,0.0,810.9
2017-02-01 01:00:00,6.9,90,8.3,0.0,811.6
2017-02-01 02:00:00,9.0,87,6.9,0.0,812.9
2017-02-01 03:00:00,8.1,92,7.2,0.0,812.4
2017-02-01 04:00:00,7.1,95,7.0,0.0,811.5
2017-02-01 05:00:00,6.3,98,7.9,0.0,810.7
2017-02-01 06:00:00,6.9,98,7.0,0.0,811.3
2017-02-01 07:00:00,7.7,97,5.8,0.0,812.3
2017-02-01 08:00:00,8.9,97,5.8,0.0,814.4
2017-02-01 09:00:00,9.9,93,8.7,27.0,815.8
2017-02-01 10:00:00,11.0,84,10.4,115.0,817.4
2017-02-01 11:00:00,13.2,69,12.0,437.0,818.5
2017-02-01 12:00:00,14.8,57,14.3,573.0,818.2
2017-02-01 13:00:00,16.2,46,17.6,687.0,817.9
2017-02-01 14:00:00,16.3,46,17.6,586.0,816.9
2017-02-01 15:00:00,16.9,43,17.2,658.0,816.4
2017-02-01 16:00:00,17.0,40,18.7,542.0,816.0
2017-02-01 17:00:00,16.5,42,18.1,390.0,815.9
2017-02-01 18:00:00,15.3,51,10.0,219.0,815.4
2017-02-01 19:00:00,11.5,67,7.7,50.0,813.5
2017-02-01 20:00:00,9.4,76,10.7,0.0,812.9
2017-02-01 21:00:00,9.8,77,7.7,0.0,813.7
2017-02-01 22:00:00,8.6,86,7.3,0.0,813.6
2017-02-01 23:00:00,7.5,91,8.6,0.0,813.2
2017-02-02 00:00:00,7.0,90,9.4,0.0,813.1
2017-02-02 01:00:00,6.2,90,10.5,0.0,813.0
2017-02-02 02:00:00,6.4,90,9.7,0.0,813.2
2017-02-02 03:00:00,6.6,92,9.2,0.0,813.1
2017-02-02 04:00:00,6.9,92,8.5,0.0,813.3
2017-02-02 05:00:00,6.5,95,8.2,0.0,812.9
2017-02-02 06:00:00,6.2,96,8.3,0.0,812.8
2017-02-02 07:00:00,7.5,95,7.0,0.0,814.2
2017-02-02 08:00:00,8.3,96,4.4,0.0,815.7
2017-02-02 09:00:00,9.3,93,7.5,34.0,816.6
2017-02-02 10:00:00,10.4,84,11.8,108.0,817.7
2017-02-02 11:00:00,12.6,68,14.0,371.0,819.0
2017-02-02 12:00:00,14.5,52,16.1,541.0,818.5
2017-02-02 13:00:00,15.5,48,18.9,727.0,817.5
2017-02-02 14:00:00,16.0,47,19.8,742.0,816.4
2017-02-02 15:00:00,16.3,44,18.5,697.0,815.4
2017-02-02 16:00:00,16.5,39,19.0,597.0,814.6
2017-02-02 17:00:00,15.4,46,19.5,409.0,814.3
2017-02-02 18:00:00,14.2,53,12.8,173.0,814.0
2017-02-02 19:00:00,11.6,65,8.1,45.0,813.1
2017-02-02 20:00:00,8.5,80,12.0,0.0,811.2
2017-02-02 21:00:00,8.3,82,7.0,0.0,812.0
2017-02-02 22:00:00,7.1,85,8.2,0.0,811.7
2017-02-02 23:00:00,6.2,87,9.3,0.0,811.6
2017-02-03 00:00:00,5.5,88,10.0,0.0,811.3
2017-02-03 01:00:00,5.5,89,9.8,0.0,811.2
2017-02-03 02:00:00,5.4,90,9.5,0.0,811.2
2017-02-03 03:00:00,5.8,91,8.9,0.0,811.1
2017-02-03 04:00:00,7.5,89,7.7,0.0,812.0
2017-02-03 05:00:00,8.6,89,5.9,0.0,812.4
2017-02-03 06:00:00,8.4,91,5.2,0.0,812.5
2017-02-03 07:00:00,7.7,94,5.1,0.0,812.2
2017-02-03 08:00:00,7.9,96,5.4,0.0,813.4
2017-02-03 09:00:00,8.3,93,6.9,27.0,814.0
2017-02-03 10:00:00,9.3,86,11.7,88.0,814.9
2017-02-03 11:00:00,11.1,73,14.0,249.0,815.8
2017-02-03 12:00:00,12.5,63,15.0,348.0,815.3
2017-02-03 13:00:00,14.8,47,19.4,682.0,814.8
2017-02-03 14:00:00,15.2,41,21.7,743.0,813.8
2017-02-03 15:00:00,14.8,41,20.5,687.0,812.9
2017-02-03 16:00:00,15.1,40,17.2,529.0,812.0
2017-02-03 17:00:00,14.6,39,16.8,423.0,811.6
2017-02-03 18:00:00,13.6,48,9.0,208.0,811.2
2017-02-03 19:00:00,10.7,54,8.2,52.0,810.3
2017-02-03 20:00:00,9.0,68,9.1,0.0,809.7
2017-02-03 21:00:00,7.9,72,7.0,0.0,810.1
2017-02-03 22:00:00,6.5,80,8.4,0.0,809.8
2017-02-03 23:00:00,5.5,82,8.7,0.0,809.8
2017-02-04 00:00:00,5.2,83,8.3,0.0,810.2
2017-02-04 01:00:00,7.9,73,5.6,0.0,812.0
2017-02-04 02:00:00,6.7,76,4.4,0.0,811.4
2017-02-04 03:00:00,3.1,87,6.4,0.0,808.8
2017-02-04 04:00:00,3.0,86,6.6,0.0,808.3
2017-02-04 05:00:00,2.5,86,6.5,0.0,807.8
2017-02-04 06:00:00,2.0,86,5.8,0.0,807.5
2017-02-04 07:00:00,2.0,86,4.6,0.0,808.3
2017-02-04 08:00:00,0.1,92,7.7,1.0,808.7
2017-02-04 09:00:00,4.1,81,5.3,97.0,811.7
2017-02-04 10:00:00,8.7,66,3.1,318.0,815.6
2017-02-04 11:00:00,12.4,50,5.1,538.0,817.0
2017-02-04 12:00:00,15.1,37,8.7,706.0,817.4
2017-02-04 13:00:00,16.7,31,10.5,809.0,817.2
2017-02-04 14:00:00,17.7,26,11.4,840.0,816.3
2017-02-04 15:00:00,18.3,26,10.0,794.0,815.6
2017-02-04 16:00:00,18.7,26,8.4,671.0,815.3
2017-02-04 17:00:00,18.5,26,7.1,488.0,815.0
2017-02-04 18:00:00,17.2,46,4.1,266.0,814.5
2017-02-04 19:00:00,14.6,38,8.3,58.0,813.5
2017-02-04 20:00:00,11.6,53,9.6,0.0,811.6
2017-02-04 21:00:00,12.3,47,8.1,0.0,812.9
2017-02-04 22:00:00,7.4,64,10.2,0.0,810.6
2017-02-04 23:00:00,6.7,66,10.5,0.0,810.6
2017-02-05 00:00:00,6.3,71,10.8,0.0,810.3
2017-02-05 01:00:00,5.3,75,11.3,0.0,809.6
2017-02-05 02:00:00,5.7,71,10.2,0.0,809.9
2017-02-05 03:00:00,7.1,63,8.9,0.0,810.3
2017-02-05 04:00:00,5.6,67,8.4,0.0,808.9
2017-02-05 05:00:00,3.6,75,10.8,0.0,807.2
2017-02-05 06:00:00,8.3,56,9.1,0.0,810.0
2017-02-05 07:00:00,8.4,56,2.6,0.0,810.4
2017-02-05 08:00:00,2.8,79,5.4,1.0,808.0
2017-02-05 09:00:00,6.6,72,3.6,99.0,810.7
2017-02-05 10:00:00,11.4,59,2.2,319.0,814.4
2017-02-05 11:00:00,14.8,46,9.4,533.0,815.5
2017-02-05 12:00:00,16.9,39,13.5,701.0,815.4
2017-02-05 13:00:00,18.3,35,14.3,802.0,814.9
2017-02-05 14:00:00,19.4,30,15.0,832.0,813.8
2017-02-05 15:00:00,20.0,29,15.3,786.0,812.9
2017-02-05 16:00:00,20.1,31,14.1,667.0,812.6
2017-02-05 17:00:00,19.5,35,12.3,484.0,811.9
2017-02-05 18:00:00,17.5,46,9.2,263.0,811.0
2017-02-05 19:00:00,13.5,52,8.7,58.0,809.1
2017-02-05 20:00:00,11.2,56,12.4,0.0,807.4
2017-02-05 21:00:00,10.4,68,8.3,0.0,807.9
2017-02-05 22:00:00,9.0,81,8.9,0.0,807.8
2017-02-05 23:00:00,7.7,83,11.0,0.0,807.1
2017-02-06 00:00:00,7.3,81,11.0,0.0,806.9
2017-02-06 01:00:00,6.8,81,11.4,0.0,806.1
2017-02-06 02:00:00,6.4,80,11.5,0.0,805.7
2017-02-06 03:00:00,5.9,81,11.8,0.0,805.0
2017-02-06 04:00:00,5.7,80,11.5,0.0,804.5
2017-02-06 05:00:00,5.5,81,10.6,0.0,803.9
2017-02-06 06:00:00,5.0,81,10.8,0.0,803.7
2017-02-06 07:00:00,4.6,79,10.6,0.0,803.6
2017-02-06 08:00:00,5.1,72,15.0,1.0,803.9
2017-02-06 09:00:00,10.4,57,8.1,102.0,807.8
2017-02-06 10:00:00,13.7,48,11.2,324.0,810.3
2017-02-06 11:00:00,16.0,37,16.0,539.0,811.5
2017-02-06 12:00:00,17.8,33,17.5,708.0,811.8
2017-02-06 13:00:00,19.6,27,18.8,810.0,811.3
2017-02-06 14:00:00,20.5,26,19.5,842.0,810.7
2017-02-06 15:00:00,20.7,27,19.5,793.0,810.0
2017-02-06 16:00:00,20.4,28,19.0,671.0,809.6
2017-02-06 17:00:00,19.5,32,17.7,489.0,809.2
2017-02-06 18:00:00,17.7,40,12.2,268.0,808.5
2017-02-06 19:00:00,13.9,48,9.0,61.0,807.2
2017-02-06 20:00:00,13.1,49,11.3,0.0,806.6
2017-02-06 21:00:00,11.1,60,8.1,0.0,806.3
2017-02-06 22:00:00,9.1,74,8.2,0.0,805.9
2017-02-06 23:00:00,7.7,79,10.4,0.0,805.5
2017-02-07 00:00:00,7.4,78,10.4,0.0,805.6
2017-02-07 01:00:00,7.9,76,9.7,0.0,806.0
2017-02-07 02:00:00,8.1,75,9.4,0.0,806.2
2017-02-07 03:00:00,8.5,74,9.2,0.0,806.2
2017-02-07 04:00:00,8.7,71,9.2,0.0,806.0
2017-02-07 05:00:00,9.0,68,8.8,0.0,805.9
2017-02-07 06:00:00,8.0,70,9.2,0.0,805.4
2017-02-07 07:00:00,6.3,76,9.4,0.0,804.9
2017-02-07 08:00:00,5.6,75,12.3,1.0,805.2
2017-02-07 09:00:00,9.9,65,8.2,102.0,808.7
2017-02-07 10:00:00,12.9,52,12.3,324.0,810.5
2017-02-07 11:00:00,15.1,40,17.4,539.0,811.9
2017-02-07 12:00:00,16.6,34,19.4,707.0,811.9
2017-02-07 13:00:00,17.9,30,20.3,810.0,811.9
2017-02-07 14:00:00,18.6,29,21.6,839.0,810.8
2017-02-07 15:00:00,18.8,29,21.6,790.0,809.9
2017-02-07 16:00:00,18.5,32,22.9,670.0,809.3
2017-02-07 17:00:00,17.9,35,22.2,488.0,809.1
2017-02-07 18:00:00,16.9,39,17.6,266.0,809.1
2017-02-07 19:00:00,14.4,46,13.1,60.0,808.3
2017-02-07 20:00:00,12.1,50,9.0,0.0,807.0
2017-02-07 21:00:00,10.6,54,7.4,0.0,807.4
2017-02-07 22:00:00,9.7,55,7.4,0.0,808.0
2017-02-07 23:00:00,8.3,59,8.4,0.0,807.7
2017-02-08 00:00:00,7.2,67,10.0,0.0,807.1
2017-02-08 01:00:00,7.9,62,8.8,0.0,807.8
2017-02-08 02:00:00,11.0,46,5.7,0.0,810.3
2017-02-08 03:00:00,10.3,47,3.4,0.0,809.8
2017-02-08 04:00:00,5.3,73,5.9,0.0,807.2
2017-02-08 05:00:00,3.5,90,13.0,0.0,807.4
2017-02-08 06:00:00,2.7,93,9.2,0.0,808.6
2017-02-08 07:00:00,3.3,87,10.7,0.0,810.4
2017-02-08 08:00:00,2.7,90,9.9,1.0,811.0
2017-02-08 09:00:00,4.9,79,10.7,89.0,812.9
2017-02-08 10:00:00,7.8,72,10.2,286.0,814.8
2017-02-08 11:00:00,9.5,71,11.6,343.0,815.9
2017-02-08 12:00:00,11.6,65,11.2,582.0,816.1
2017-02-08 13:00:00,12.8,61,10.8,678.0,815.8
2017-02-08 14:00:00,13.1,59,10.0,467.0,814.8
2017-02-08 15:00:00,14.0,56,8.6,456.0,813.7
2017-02-08 16:00:00,14.9,54,13.5,582.0,813.2
2017-02-08 17:00:00,14.1,58,12.3,383.0,812.6
2017-02-08 18:00:00,13.0,66,15.3,240.0,812.4
2017-02-08 19:00:00,10.1,80,9.9,59.0,811.9
2017-02-08 20:00:00,8.6,89,9.4,0.0,810.5
2017-02-08 21:00:00,8.0,90,6.9,0.0,811.4
2017-02-08 22:00:00,7.1,90,7.2,0.0,811.9
2017-02-08 23:00:00,7.3,90,6.5,0.0,812.3
2017-02-09 00:00:00,7.5,89,8.3,0.0,813.4
2017-02-09 01:00:00,6.3,93,8.0,0.0,813.1
2017-02-09 02:00:00,6.9,88,9.4,0.0,813.7
2017-02-09 03:00:00,6.9,87,10.5,0.0,813.7
2017-02-09 04:00:00,6.6,87,11.9,0.0,813.2
2017-02-09 05:00:00,6.2,87,12.2,0.0,812.7
2017-02-09 06:00:00,5.7,88,12.2,0.0,812.7
2017-02-09 07:00:00,5.2,90,12.6,0.0,813.0
2017-02-09 08:00:00,5.0,92,11.9,0.0,813.4
2017-02-09 09:00:00,5.0,90,12.3,20.0,813.6
2017-02-09 10:00:00,5.5,86,11.9,45.0,814.2
2017-02-09 11:00:00,6.2,82,12.1,107.0,814.3
2017-02-09 12:00:00,7.2,78,11.7,180.0,814.0
2017-02-09 13:00:00,8.3,76,11.9,231.0,813.3
2017-02-09 14:00:00,8.7,77,13.7,200.0,812.2
2017-02-09 15:00:00,9.3,77,14.4,219.0,811.2
2017-02-09 16:00:00,9.5,79,15.5,141.0,810.2
2017-02-09 17:00:00,9.9,81,16.9,100.0,809.9
2017-02-09 18:00:00,9.2,87,18.5,85.0,809.7
2017-02-09 19:00:00,9.0,90,13.7,38.0,809.7
2017-02-09 20:00:00,8.5,94,10.8,0.0,809.2
2017-02-09 21:00:00,7.8,94,9.2,0.0,809.7
2017-02-09 22:00:00,6.9,96,6.8,0.0,809.7
2017-02-09 23:00:00,7.6,96,8.5,0.0,810.5
2017-02-10 00:00:00,8.4,97,10.3,0.0,811.2
2017-02-10 01:00:00,8.5,96,10.2,0.0,811.6
2017-02-10 02:00:00,8.4,96,10.2,0.0,811.7
2017-02-10 03:00:00,8.1,95,9.5,0.0,811.4
2017-02-10 04:00:00,7.7,94,9.2,0.0,811.3
2017-02-10 05:00:00,7.1,94,8.3,0.0,810.8
2017-02-10 06:00:00,6.7,95,7.6,0.0,810.8
2017-02-10 07:00:00,6.4,95,7.3,0.0,811.0
2017-02-10 08:00:00,6.4,96,7.9,0.0,811.6
2017-02-10 09:00:00,6.9,94,8.7,21.0,812.5
2017-02-10 10:00:00,8.7,88,11.7,106.0,813.8
2017-02-10 11:00:00,10.9,80,16.0,214.0,814.3
2017-02-10 12:00:00,12.1,75,17.8,316.0,814.4
2017-02-10 13:00:00,13.8,61,16.0,432.0,813.9
2017-02-10 14:00:00,16.0,46,17.8,606.0,813.1
2017-02-10 15:00:00,17.0,42,18.4,597.0,812.3
2017-02-10 16:00:00,16.9,42,17.9,527.0,811.7
2017-02-10 17:00:00,13.3,75,19.4,415.0,811.1
2017-02-10 18:00:00,12.3,78,17.7,167.0,810.8
2017-02-10 19:00:00,10.2,88,15.3,56.0,810.8
2017-02-10 20:00:00,7.6,94,12.9,0.0,811.4
2017-02-10 21:00:00,7.5,90,11.4,0.0,812.0
2017-02-10 22:00:00,7.3,86,11.6,0.0,812.9
2017-02-10 23:00:00,6.9,86,11.7,0.0,813.0
2017-02-11 00:00:00,6.7,86,11.8,0.0,813.5
2017-02-11 01:00:00,6.3,86,11.4,0.0,813.9
2017-02-11 02:00:00,5.8,87,11.0,0.0,813.5
2017-02-11 03:00:00,5.3,88,10.9,0.0,813.7
2017-02-11 04:00:00,4.9,88,11.2,0.0,813.5
2017-02-11 05:00:00,4.5,88,10.4,0.0,813.6
2017-02-11 06:00:00,4.1,88,10.4,0.0,813.8
2017-02-11 07:00:00,3.8,88,10.4,0.0,814.5
2017-02-11 08:00:00,3.3,87,10.1,0.0,815.6
2017-02-11 09:00:00,3.6,86,10.8,27.0,816.2
2017-02-11 10:00:00,4.8,82,11.0,96.0,817.2
2017-02-11 11:00:00,6.0,78,10.8,202.0,817.6
2017-02-11 12:00:00,7.3,74,10.2,292.0,817.5
2017-02-11 13:00:00,8.1,72,10.4,290.0,816.9
2017-02-11 14:00:00,8.4,72,11.0,223.0,816.0
2017-02-11 15:00:00,8.9,73,9.8,207.0,815.1
2017-02-11 16:00:00,9.2,75,13.7,221.0,814.6
2017-02-11 17:00:00,9.1,76,14.3,163.0,814.7
2017-02-11 18:00:00,8.4,77,14.0,72.0,814.8
2017-02-11 19:00:00,7.9,79,12.8,28.0,814.9
2017-02-11 20:00:00,7.2,84,12.2,0.0,815.3
2017-02-11 21:00:00,6.8,85,10.9,0.0,815.9
2017-02-11 22:00:00,6.4,84,8.9,0.0,816.1
2017-02-11 23:00:00,6.4,83,8.4,0.0,816.6
2017-02-12 00:00:00,6.0,87,6.6,0.0,816.6
2017-02-12 01:00:00,6.0,90,5.4,0.0,816.1
2017-02-12 02:00:00,6.2,91,5.9,0.0,816.4
2017-02-12 03:00:00,6.3,92,5.5,0.0,816.0
2017-02-12 04:00:00,6.7,92,6.6,0.0,816.0
2017-02-12 05:00:00,6.9,93,8.0,0.0,815.8
2017-02-12 06:00:00,7.0,93,8.6,0.0,815.7
2017-02-12 07:00:00,6.9,95,8.4,0.0,816.2
2017-02-12 08:00:00,6.9,93,6.8,1.0,817.2
2017-02-12 09:00:00,7.7,88,8.2,38.0,817.8
2017-02-12 10:00:00,8.8,85,9.2,106.0,818.6
2017-02-12 11:00:00,10.4,78,10.9,201.0,819.5
2017-02-12 12:00:00,12.1,68,12.0,303.0,819.4
2017-02-12 13:00:00,13.6,60,13.2,401.0,819.1
2017-02-12 14:00:00,15.2,51,14.7,506.0,818.4
2017-02-12 15:00:00,15.8,47,15.2,483.0,817.4
2017-02-12 16:00:00,16.1,45,13.8,400.0,816.9
2017-02-12 17:00:00,16.4,42,13.1,362.0,816.8
2017-02-12 18:00:00,14.3,57,16.1,278.0,816.1
2017-02-12 19:00:00,11.5,68,9.7,70.0,815.0
2017-02-12 20:00:00,10.3,76,10.0,0.0,814.7
2017-02-12 21:00:00,9.5,90,12.7,0.0,815.5
2017-02-12 22:00:00,8.1,96,7.6,0.0,815.6
2017-02-12 23:00:00,7.4,97,6.9,0.0,815.6
2017-02-13 00:00:00,7.5,97,8.3,0.0,816.1
2017-02-13 01:00:00,8.2,99,10.5,0.0,816.7
2017-02-13 02:00:00,8.5,98,10.9,0.0,816.9
2017-02-13 03:00:00,8.3,99,9.4,0.0,816.7
2017-02-13 04:00:00,8.5,98,8.3,0.0,816.4
2017-02-13 05:00:00,8.4,97,7.9,0.0,816.3
2017-02-13 06:00:00,8.5,95,7.6,0.0,816.3
2017-02-13 07:00:00,8.5,93,8.6,0.0,816.4
2017-02-13 08:00:00,8.3,94,8.5,1.0,817.0
2017-02-13 09:00:00,9.2,86,11.9,38.0,818.2
2017-02-13 10:00:00,10.4,77,14.1,172.0,819.2
2017-02-13 11:00:00,12.2,65,16.1,364.0,819.9
2017-02-13 12:00:00,13.8,56,17.1,467.0,819.9
2017-02-13 13:00:00,15.3,45,19.2,596.0,819.6
2017-02-13 14:00:00,16.4,41,20.1,670.0,818.9
2017-02-13 15:00:00,16.7,39,21.0,727.0,818.0
2017-02-13 16:00:00,16.7,38,19.5,590.0,817.3
2017-02-13 17:00:00,16.3,40,18.1,386.0,816.7
2017-02-13 18:00:00,15.4,45,15.3,263.0,816.6
2017-02-13 19:00:00,12.5,56,10.2,72.0,815.6
2017-02-13 20:00:00,11.3,60,10.6,0.0,814.7
2017-02-13 21:00:00,10.9,69,13.2,0.0,815.6
2017-02-13 22:00:00,9.8,84,11.3,0.0,815.8
2017-02-13 23:00:00,9.0,88,9.0,0.0,815.8
2017-02-14 00:00:00,8.0,91,6.6,0.0,815.9
2017-02-14 01:00:00,6.7,93,6.8,0.0,815.4
2017-02-14 02:00:00,5.5,96,8.7,0.0,814.9
2017-02-14 03:00:00,5.3,97,8.9,0.0,814.6
2017-02-14 04:00:00,5.4,98,8.2,0.0,814.6
2017-02-14 05:00:00,7.0,97,5.4,0.0,815.6
2017-02-14 06:00:00,8.3,95,4.1,0.0,816.7
2017-02-14 07:00:00,8.6,95,5.3,0.0,817.3
2017-02-14 08:00:00,8.8,95,6.1,1.0,818.1
2017-02-14 09:00:00,9.6,88,9.2,36.0,819.2
2017-02-14 10:00:00,11.3,73,12.8,226.0,820.5
2017-02-14 11:00:00,12.7,62,13.5,334.0,821.3
2017-02-14 12:00:00,13.7,55,12.2,421.0,821.1
2017-02-14 13:00:00,14.7,53,12.0,488.0,820.8
2017-02-14 14:00:00,15.0,54,12.5,464.0,819.9
2017-02-14 15:00:00,16.4,44,15.9,588.0,819.2
2017-02-14 16:00:00,16.8,40,17.6,548.0,818.7
2017-02-14 17:00:00,15.7,45,13.8,266.0,818.1
2017-02-14 18:00:00,14.9,51,10.5,218.0,817.7
2017-02-14 19:00:00,12.2,62,7.9,71.0,816.4
2017-02-14 20:00:00,10.5,69,7.9,0.0,815.9
2017-02-14 21:00:00,10.5,81,11.2,0.0,817.0
2017-02-14 22:00:00,9.6,88,9.8,0.0,817.4
2017-02-14 23:00:00,8.8,92,8.3,0.0,817.6
2017-02-15 00:00:00,8.5,96,9.0,0.0,817.7
2017-02-15 01:00:00,8.2,98,9.0,0.0,817.5
2017-02-15 02:00:00,8.3,99,9.4,0.0,817.5
2017-02-15 03:00:00,8.6,100,9.7,0.0,817.2
2017-02-15 04:00:00,8.8,99,8.7,0.0,816.8
2017-02-15 05:00:00,8.7,99,7.4,0.0,816.2
2017-02-15 06:00:00,8.6,97,5.1,0.0,816.1
2017-02-15 07:00:00,7.4,98,4.9,0.0,815.6
2017-02-15 08:00:00,7.6,98,2.5,1.0,816.9
2017-02-15 09:00:00,8.6,91,5.3,70.0,818.3
2017-02-15 10:00:00,9.8,86,8.8,182.0,819.2
2017-02-15 11:00:00,10.8,89,7.8,206.0,819.8
2017-02-15 12:00:00,12.6,83,6.8,400.0,820.2
2017-02-15 13:00:00,14.2,76,10.2,552.0,819.5
2017-02-15 14:00:00,14.6,75,13.9,618.0,818.3
2017-02-15 15:00:00,14.6,67,16.3,565.0,817.5
2017-02-15 16:00:00,14.6,51,17.9,532.0,816.6
2017-02-15 17:00:00,13.4,61,14.2,349.0,816.3
2017-02-15 18:00:00,13.5,58,13.8,220.0,816.4
2017-02-15 19:00:00,11.0,78,10.8,58.0,816.0
2017-02-15 20:00:00,9.4,86,6.7,0.0,815.3
2017-02-15 21:00:00,8.6,91,6.5,0.0,815.6
2017-02-15 22:00:00,8.2,94,7.2,0.0,815.9
2017-02-15 23:00:00,6.2,97,7.9,0.0,815.0
2017-02-16 00:00:00,6.6,96,7.1,0.0,815.2
2017-02-16 01:00:00,6.3,97,7.4,0.0,815.0
2017-02-16 02:00:00,7.3,96,4.6,0.0,815.4
2017-02-16 03:00:00,8.5,95,6.1,0.0,816.0
2017-02-16 04:00:00,8.5,95,6.6,0.0,815.4
2017-02-16 05:00:00,8.4,94,8.8,0.0,815.0
2017-02-16 06:00:00,8.3,93,9.8,0.0,814.9
2017-02-16 07:00:00,8.2,92,9.0,0.0,815.2
2017-02-16 08:00:00,7.9,89,6.1,1.0,815.3
2017-02-16 09:00:00,8.6,86,10.7,67.0,816.0
2017-02-16 10:00:00,9.8,75,13.3,234.0,817.0
2017-02-16 11:00:00,11.8,64,11.9,447.0,817.6
2017-02-16 12:00:00,13.8,54,12.7,651.0,817.9
2017-02-16 13:00:00,15.7,47,13.8,842.0,817.6
2017-02-16 14:00:00,16.6,43,13.8,851.0,817.0
2017-02-16 15:00:00,17.2,39,13.9,823.0,816.0
2017-02-16 16:00:00,17.3,37,14.1,703.0,815.5
2017-02-16 17:00:00,17.0,37,13.0,522.0,815.1
2017-02-16 18:00:00,15.8,46,10.6,298.0,814.8
2017-02-16 19:00:00,12.0,59,7.2,80.0,813.1
2017-02-16 20:00:00,10.0,66,9.7,0.0,812.3
2017-02-16 21:00:00,9.5,66,7.3,0.0,812.9
2017-02-16 22:00:00,7.5,73,9.7,0.0,812.0
2017-02-16 23:00:00,10.9,58,7.1,0.0,814.7
2017-02-17 00:00:00,10.5,61,5.8,0.0,814.8
2017-02-17 01:00:00,10.1,65,5.6,0.0,814.6
2017-02-17 02:00:00,9.7,67,4.7,0.0,814.3
2017-02-17 03:00:00,9.4,68,4.5,0.0,813.8
2017-02-17 04:00:00,9.0,67,3.9,0.0,813.3
2017-02-17 05:00:00,8.4,69,3.4,0.0,812.7
2017-02-17 06:00:00,8.0,71,3.1,0.0,812.5
2017-02-17 07:00:00,7.6,72,2.3,0.0,812.7
2017-02-17 08:00:00,6.8,78,3.3,3.0,813.6
2017-02-17 09:00:00,8.4,76,2.0,126.0,815.4
2017-02-17 10:00:00,11.6,66,5.0,355.0,817.4
2017-02-17 11:00:00,13.9,57,9.3,574.0,818.6
2017-02-17 12:00:00,15.9,47,12.3,744.0,818.8
2017-02-17 13:00:00,17.3,40,13.3,849.0,819.0
2017-02-17 14:00:00,18.3,36,12.8,878.0,818.3
2017-02-17 15:00:00,18.9,33,13.1,829.0,817.4
2017-02-17 16:00:00,19.0,31,12.9,708.0,816.8
2017-02-17 17:00:00,18.8,29,12.6,526.0,816.3
2017-02-17 18:00:00,17.4,36,9.2,301.0,815.8
2017-02-17 19:00:00,12.5,52,7.9,81.0,813.6
2017-02-17 20:00:00,12.2,69,9.4,0.0,813.7
2017-02-17 21:00:00,11.5,73,8.8,0.0,814.6
2017-02-17 22:00:00,9.6,79,7.9,0.0,814.3
2017-02-17 23:00:00,8.1,83,10.1,0.0,813.9
2017-02-18 00:00:00,11.0,73,7.5,0.0,816.1
2017-02-18 01:00:00,11.8,72,6.8,0.0,816.8
2017-02-18 02:00:00,11.2,76,7.2,0.0,816.6
2017-02-18 03:00:00,10.3,82,6.6,0.0,816.2
2017-02-18 04:00:00,9.6,84,3.1,0.0,815.8
2017-02-18 05:00:00,7.2,86,4.2,0.0,814.0
2017-02-18 06:00:00,5.6,89,6.6,0.0,813.0
2017-02-18 07:00:00,4.2,91,8.2,0.0,812.3
2017-02-18 08:00:00,4.1,97,6.7,3.0,813.3
2017-02-18 09:00:00,8.3,85,4.6,123.0,816.9
2017-02-18 10:00:00,11.6,74,6.6,360.0,819.3
2017-02-18 11:00:00,13.9,64,12.1,581.0,819.9
2017-02-18 12:00:00,15.2,57,14.7,712.0,820.0
2017-02-18 13:00:00,17.2,45,13.6,795.0,819.6
2017-02-18 14:00:00,18.4,39,15.3,786.0,818.3
2017-02-18 15:00:00,19.0,35,17.2,782.0,817.4
2017-02-18 16:00:00,18.9,36,18.4,697.0,816.5
2017-02-18 17:00:00,18.6,36,16.8,520.0,816.2
2017-02-18 18:00:00,17.4,43,15.1,298.0,815.6
2017-02-18 19:00:00,14.5,54,10.2,81.0,814.3
2017-02-18 20:00:00,13.0,61,10.6,0.0,813.2
2017-02-18 21:00:00,12.0,72,10.8,0.0,813.3
2017-02-18 22:00:00,11.3,77,10.6,0.0,813.4
2017-02-18 23:00:00,10.6,79,9.4,0.0,813.5
2017-02-19 00:00:00,9.7,83,7.3,0.0,812.9
2017-02-19 01:00:00,7.9,88,8.9,0.0,811.7
2017-02-19 02:00:00,8.3,85,8.9,0.0,812.1
2017-02-19 03:00:00,6.9,89,9.7,0.0,810.7
2017-02-19 04:00:00,8.9,86,8.9,0.0,811.2
2017-02-19 05:00:00,8.1,88,7.1,0.0,810.5
2017-02-19 06:00:00,7.3,89,7.4,0.0,809.5
2017-02-19 07:00:00,6.5,90,8.5,0.0,809.0
2017-02-19 08:00:00,6.3,93,10.4,4.0,810.7
2017-02-19 09:00:00,10.3,84,6.6,131.0,813.4
2017-02-19 10:00:00,12.9,74,11.3,352.0,814.8
2017-02-19 11:00:00,15.2,59,16.1,574.0,815.7
2017-02-19 12:00:00,16.9,49,18.7,720.0,815.3
2017-02-19 13:00:00,18.4,43,19.8,840.0,814.7
2017-02-19 14:00:00,19.3,39,20.9,874.0,813.5
2017-02-19 15:00:00,19.7,39,21.0,826.0,812.6
2017-02-19 16:00:00,19.5,42,20.9,705.0,811.6
2017-02-19 17:00:00,19.0,45,20.4,517.0,810.8
2017-02-19 18:00:00,18.1,47,18.1,299.0,810.3
2017-02-19 19:00:00,15.9,50,13.8,83.0,809.4
2017-02-19 20:00:00,14.7,58,13.0,0.0,808.6
2017-02-19 21:00:00,13.2,69,10.0,0.0,808.4
2017-02-19 22:00:00,12.4,73,9.7,0.0,808.2
2017-02-19 23:00:00,11.3,76,7.7,0.0,807.7
2017-02-20 00:00:00,10.4,78,7.4,0.0,807.1
2017-02-20 01:00:00,10.3,76,7.5,0.0,806.8
2017-02-20 02:00:00,10.7,70,9.3,0.0,807.1
2017-02-20 03:00:00,11.2,67,12.1,0.0,807.2
2017-02-20 04:00:00,11.0,65,12.1,0.0,806.6
2017-02-20 05:00:00,10.3,68,10.1,0.0,806.0
2017-02-20 06:00:00,9.7,71,9.7,0.0,805.8
2017-02-20 07:00:00,9.6,72,10.6,0.0,806.0
2017-02-20 08:00:00,8.7,78,9.0,4.0,806.1
2017-02-20 09:00:00,12.0,67,12.9,131.0,808.3
2017-02-20 10:00:00,14.5,58,18.1,360.0,810.2
2017-02-20 11:00:00,16.4,49,23.5,563.0,810.9
2017-02-20 12:00:00,18.0,43,24.0,741.0,811.0
2017-02-20 13:00:00,19.1,40,27.4,852.0,810.9
2017-02-20 14:00:00,18.7,41,27.8,678.0,810.1
2017-02-20 15:00:00,18.1,42,24.3,415.0,809.0
2017-02-20 16:00:00,17.9,44,23.0,367.0,808.4
2017-02-20 17:00:00,16.8,47,17.6,138.0,807.9
2017-02-20 18:00:00,15.7,55,15.4,35.0,807.8
2017-02-20 19:00:00,13.3,74,6.7,45.0,807.7
2017-02-20 20:00:00,11.7,84,10.3,0.0,807.4
2017-02-20 21:00:00,11.1,85,8.3,0.0,807.8
2017-02-20 22:00:00,8.7,95,7.7,0.0,807.2
2017-02-20 23:00:00,8.5,94,8.1,0.0,807.2
2017-02-21 00:00:00,8.7,94,7.6,0.0,807.5
2017-02-21 01:00:00,8.6,94,7.7,0.0,807.5
2017-02-21 02:00:00,7.8,93,8.9,0.0,807.0
2017-02-21 03:00:00,7.8,87,8.3,0.0,806.6
2017-02-21 04:00:00,8.6,83,7.3,0.0,806.8
2017-02-21 05:00:00,8.2,83,7.6,0.0,806.2
2017-02-21 06:00:00,6.6,90,8.8,0.0,805.6
2017-02-21 07:00:00,6.2,91,9.0,0.0,806.0
2017-02-21 08:00:00,7.1,91,10.9,4.0,806.8
2017-02-21 09:00:00,11.7,84,10.6,131.0,810.9
2017-02-21 10:00:00,14.0,75,11.5,346.0,812.7
2017-02-21 11:00:00,15.9,57,23.9,570.0,813.3
2017-02-21 12:00:00,16.9,49,25.4,550.0,813.3
2017-02-21 13:00:00,17.6,46,25.5,631.0,813.1
2017-02-21 14:00:00,18.5,43,25.4,684.0,812.6
2017-02-21 15:00:00,18.7,43,24.7,673.0,811.4
2017-02-21 16:00:00,19.3,42,27.1,624.0,810.7
2017-02-21 17:00:00,17.0,54,15.9,395.0,810.2
2017-02-21 18:00:00,16.3,52,20.8,291.0,810.4
2017-02-21 19:00:00,14.3,62,13.7,39.0,810.7
2017-02-21 20:00:00,12.3,70,7.6,0.0,810.3
2017-02-21 21:00:00,10.9,77,4.6,0.0,809.7
2017-02-21 22:00:00,9.9,81,4.4,0.0,809.3
2017-02-21 23:00:00,9.5,82,4.3,0.0,809.5
2017-02-22 00:00:00,11.8,69,4.0,0.0,811.2
2017-02-22 01:00:00,12.0,67,4.3,0.0,811.4
2017-02-22 02:00:00,12.2,66,5.1,0.0,811.0
2017-02-22 03:00:00,12.1,65,6.8,0.0,810.8
2017-02-22 04:00:00,9.7,74,8.6,0.0,808.9
2017-02-22 05:00:00,8.2,81,10.0,0.0,807.9
2017-02-22 06:00:00,7.5,84,10.7,0.0,807.3
2017-02-22 07:00:00,7.3,86,10.2,0.0,807.8
2017-02-22 08:00:00,7.9,88,12.0,5.0,809.2
2017-02-22 09:00:00,12.2,78,8.5,128.0,812.4
2017-02-22 10:00:00,14.7,65,12.1,355.0,814.2
2017-02-22 11:00:00,16.7,50,20.9,573.0,814.7
2017-02-22 12:00:00,17.7,44,24.0,590.0,814.5
2017-02-22 13:00:00,18.3,43,24.7,661.0,813.7
2017-02-22 14:00:00,19.8,36,29.0,816.0,812.9
2017-02-22 15:00:00,19.1,38,29.5,543.0,811.8
2017-02-22 16:00:00,18.9,40,26.7,504.0,811.3
2017-02-22 17:00:00,19.0,38,24.5,438.0,811.0
2017-02-22 18:00:00,17.7,47,20.0,265.0,810.6
2017-02-22 19:00:00,16.3,47,17.2,82.0,810.4
2017-02-22 20:00:00,14.8,48,11.5,0.0,810.3
2017-02-22 21:00:00,13.0,58,7.5,0.0,810.0
2017-02-22 22:00:00,10.9,69,8.6,0.0,809.7
2017-02-22 23:00:00,9.8,72,9.8,0.0,809.6
2017-02-23 00:00:00,11.2,61,8.1,0.0,811.1
2017-02-23 01:00:00,10.8,63,8.5,0.0,811.0
2017-02-23 02:00:00,9.7,71,9.4,0.0,810.3
2017-02-23 03:00:00,8.0,81,10.2,0.0,809.1
2017-02-23 04:00:00,8.1,83,9.7,0.0,808.8
2017-02-23 05:00:00,7.9,84,9.7,0.0,808.3
2017-02-23 06:00:00,8.0,85,8.8,0.0,808.5
2017-02-23 07:00:00,8.4,86,8.0,0.0,809.1
2017-02-23 08:00:00,8.2,90,11.3,5.0,810.0
2017-02-23 09:00:00,12.6,77,11.1,121.0,813.3
2017-02-23 10:00:00,15.2,62,16.7,353.0,814.9
2017-02-23 11:00:00,17.3,52,19.9,552.0,815.5
2017-02-23 12:00:00,18.5,41,27.3,609.0,815.1
2017-02-23 13:00:00,19.0,38,27.3,661.0,814.3
2017-02-23 14:00:00,20.0,34,28.7,717.0,813.2
2017-02-23 15:00:00,20.0,34,27.5,671.0,812.3
2017-02-23 16:00:00,19.4,40,27.9,664.0,811.6
2017-02-23 17:00:00,19.5,37,27.2,443.0,811.3
2017-02-23 18:00:00,18.6,41,22.2,265.0,811.2
2017-02-23 19:00:00,17.1,42,17.1,87.0,810.9
2017-02-23 20:00:00,14.9,49,13.0,0.0,811.2
2017-02-23 21:00:00,14.2,52,12.2,0.0,811.7
2017-02-23 22:00:00,12.8,57,8.2,0.0,811.8
2017-02-23 23:00:00,9.7,72,9.6,0.0,810.3
2017-02-24 00:00:00,13.8,53,6.8,0.0,813.2
2017-02-24 01:00:00,13.2,56,4.0,0.0,813.1
2017-02-24 02:00:00,11.3,66,6.8,0.0,812.3
2017-02-24 03:00:00,9.1,80,9.8,0.0,810.5
2017-02-24 04:00:00,8.6,81,4.7,0.0,810.2
2017-02-24 05:00:00,7.1,91,10.1,0.0,811.0
2017-02-24 06:00:00,5.3,99,10.1,0.0,810.3
2017-02-24 07:00:00,5.4,100,6.7,0.0,810.8
2017-02-24 08:00:00,5.7,93,7.7,4.0,812.6
2017-02-24 09:00:00,6.3,89,8.3,70.0,813.2
2017-02-24 10:00:00,7.5,86,9.5,163.0,813.9
2017-02-24 11:00:00,8.2,86,11.2,162.0,814.3
2017-02-24 12:00:00,9.0,84,11.3,209.0,814.3
2017-02-24 13:00:00,10.9,78,12.5,347.0,813.8
2017-02-24 14:00:00,14.2,71,9.0,389.0,813.1
2017-02-24 15:00:00,18.2,41,15.8,697.0,812.9
2017-02-24 16:00:00,17.8,43,25.3,565.0,811.7
2017-02-24 17:00:00,17.5,45,19.2,346.0,811.0
2017-02-24 18:00:00,17.2,48,16.6,251.0,810.9
2017-02-24 19:00:00,14.9,56,11.3,73.0,810.1
2017-02-24 20:00:00,9.8,82,9.9,0.0,809.3
2017-02-24 21:00:00,10.1,84,5.5,0.0,810.6
2017-02-24 22:00:00,9.1,93,6.6,0.0,811.4
2017-02-24 23:00:00,7.0,98,5.2,0.0,811.2
2017-02-25 00:00:00,6.6,98,5.0,0.0,811.8
2017-02-25 01:00:00,6.5,98,5.4,0.0,812.0
2017-02-25 02:00:00,7.5,95,9.0,0.0,812.3
2017-02-25 03:00:00,7.2,96,8.6,0.0,812.0
2017-02-25 04:00:00,6.7,97,9.7,0.0,811.4
2017-02-25 05:00:00,6.2,98,9.7,0.0,811.2
2017-02-25 06:00:00,5.7,98,10.1,0.0,811.1
2017-02-25 07:00:00,5.4,98,9.4,0.0,811.5
2017-02-25 08:00:00,4.3,98,11.0,2.0,812.6
2017-02-25 09:00:00,4.7,94,10.8,37.0,813.5
2017-02-25 10:00:00,5.3,89,10.0,92.0,813.7
2017-02-25 11:00:00,6.6,85,8.1,149.0,813.8
2017-02-25 12:00:00,8.4,80,9.4,236.0,813.4
2017-02-25 13:00:00,10.8,73,12.4,341.0,813.1
2017-02-25 14:00:00,12.9,67,12.9,454.0,812.4
2017-02-25 15:00:00,12.3,92,10.1,470.0,810.9
2017-02-25 16:00:00,12.7,95,5.8,485.0,810.7
2017-02-25 17:00:00,8.1,92,21.3,254.0,809.4
2017-02-25 18:00:00,8.4,90,17.6,245.0,809.4
2017-02-25 19:00:00,8.4,88,11.6,65.0,809.7
2017-02-25 20:00:00,5.0,87,16.6,0.0,810.7
2017-02-25 21:00:00,5.0,84,14.2,0.0,811.3
2017-02-25 22:00:00,4.8,84,12.9,0.0,811.9
2017-02-25 23:00:00,4.8,84,12.4,0.0,812.8
2017-02-26 00:00:00,4.3,86,12.3,0.0,813.0
2017-02-26 01:00:00,4.7,83,14.8,0.0,813.1
2017-02-26 02:00:00,4.7,83,14.4,0.0,812.8
2017-02-26 03:00:00,4.3,84,14.4,0.0,812.3
2017-02-26 04:00:00,3.7,88,12.5,0.0,812.0
2017-02-26 05:00:00,3.4,90,13.0,0.0,811.5
2017-02-26 06:00:00,3.4,89,12.2,0.0,811.5
2017-02-26 07:00:00,3.5,89,11.4,0.0,811.8
2017-02-26 08:00:00,3.1,86,11.3,2.0,812.6
2017-02-26 09:00:00,3.7,84,11.2,34.0,813.2
2017-02-26 10:00:00,4.4,83,10.4,51.0,813.8
2017-02-26 11:00:00,5.5,80,9.5,118.0,813.9
2017-02-26 12:00:00,6.7,77,9.8,192.0,813.8
2017-02-26 13:00:00,7.7,74,10.7,267.0,813.4
2017-02-26 14:00:00,8.8,72,11.6,334.0,812.8
2017-02-26 15:00:00,9.5,70,11.7,308.0,812.0
2017-02-26 16:00:00,9.5,72,13.4,222.0,811.0
2017-02-26 17:00:00,9.1,75,14.1,125.0,810.8
2017-02-26 18:00:00,9.2,75,15.4,80.0,810.7
2017-02-26 19:00:00,8.7,77,13.7,35.0,811.1
2017-02-26 20:00:00,7.7,80,12.2,0.0,811.5
2017-02-26 21:00:00,7.4,80,11.8,0.0,812.1
2017-02-26 22:00:00,6.9,82,7.6,0.0,812.5
2017-02-26 23:00:00,7.0,82,9.1,0.0,812.9
2017-02-27 00:00:00,6.7,84,9.8,0.0,813.2
2017-02-27 01:00:00,6.4,87,10.9,0.0,813.1
2017-02-27 02:00:00,6.0,88,10.5,0.0,813.3
2017-02-27 03:00:00,5.4,90,10.5,0.0,813.0
2017-02-27 04:00:00,4.9,92,9.7,0.0,813.0
2017-02-27 05:00:00,4.4,95,9.7,0.0,812.6
2017-02-27 06:00:00,4.1,97,10.4,0.0,812.7
2017-02-27 07:00:00,4.0,97,11.6,0.0,813.0
2017-02-27 08:00:00,3.2,98,9.7,1.0,813.8
2017-02-27 09:00:00,3.9,91,9.4,26.0,814.1
2017-02-27 10:00:00,4.8,89,10.0,75.0,814.7
2017-02-27 11:00:00,5.8,87,9.9,136.0,814.9
2017-02-27 12:00:00,7.1,83,9.7,221.0,815.1
2017-02-27 13:00:00,8.2,80,11.6,239.0,814.6
2017-02-27 14:00:00,9.7,75,13.5,299.0,814.3
2017-02-27 15:00:00,10.3,75,16.9,211.0,813.1
2017-02-27 16:00:00,10.8,78,20.0,340.0,812.5
2017-02-27 17:00:00,11.2,80,23.4,396.0,812.2
2017-02-27 18:00:00,10.5,83,21.2,208.0,811.6
2017-02-27 19:00:00,9.1,90,16.2,56.0,811.4
2017-02-27 20:00:00,8.5,92,12.5,0.0,811.6
2017-02-27 21:00:00,8.1,94,10.8,0.0,812.1
2017-02-27 22:00:00,8.0,94,10.3,0.0,812.6
2017-02-27 23:00:00,7.4,96,8.9,0.0,812.6
2017-02-28 00:00:00,7.8,96,7.8,0.0,813.2
2017-02-28 01:00:00,7.8,97,8.3,0.0,812.8
2017-02-28 02:00:00,8.1,97,7.7,0.0,813.0
2017-02-28 03:00:00,8.3,98,7.0,0.0,812.8
2017-02-28 04:00:00,8.7,97,6.2,0.0,812.4
2017-02-28 05:00:00,8.6,97,5.1,0.0,812.1
2017-02-28 06:00:00,8.6,97,5.2,0.0,812.0
2017-02-28 07:00:00,8.7,98,4.5,0.0,812.4
2017-02-28 08:00:00,8.6,98,4.7,4.0,813.1
2017-02-28 09:00:00,9.5,91,6.1,46.0,813.9
2017-02-28 10:00:00,10.6,85,8.2,106.0,815.0
2017-02-28 11:00:00,12.6,73,10.9,292.0,815.7
2017-02-28 12:00:00,14.8,56,15.6,515.0,816.2
2017-02-28 13:00:00,15.9,48,16.3,594.0,815.7
2017-02-28 14:00:00,17.2,42,16.3,691.0,814.9
2017-02-28 15:00:00,17.2,42,19.4,599.0,813.8
2017-02-28 16:00:00,16.6,42,15.6,345.0,812.8
2017-02-28 17:00:00,16.9,42,13.3,400.0,812.7
2017-02-28 18:00:00,16.1,48,10.1,237.0,812.3
2017-02-28 19:00:00,12.9,62,7.2,96.0,810.9
2017-02-28 20:00:00,11.0,71,9.6,1.0,809.9
2017-02-28 21:00:00,10.3,71,7.0,0.0,810.2
2017-02-28 22:00:00,10.5,74,8.1,0.0,811.6
2017-02-28 23:00:00,8.1,86,8.9,0.0,811.2
2017-03-01 00:00:00,7.4,90,7.0,0.0,811.9
2017-03-01 01:00:00,5.3,98,8.8,0.0,811.3
2017-03-01 02:00:00,6.2,99,5.8,0.0,812.5
2017-03-01 03:00:00,6.1,100,6.7,0.0,812.7
2017-03-01 04:00:00,6.3,100,9.4,0.0,813.4
2017-03-01 05:00:00,6.9,96,12.6,0.0,814.0
2017-03-01 06:00:00,7.4,93,13.9,0.0,814.6
2017-03-01 07:00:00,7.3,93,12.9,0.0,815.5
2017-03-01 08:00:00,6.6,94,13.7,2.0,816.4
2017-03-01 09:00:00,6.9,90,14.9,29.0,817.5
2017-03-01 10:00:00,7.2,86,19.0,77.0,818.4
2017-03-01 11:00:00,7.9,80,20.4,173.0,818.7
2017-03-01 12:00:00,8.1,78,19.5,164.0,818.6
2017-03-01 13:00:00,8.6,75,18.7,208.0,818.3
2017-03-01 14:00:00,9.5,70,17.0,290.0,817.5
2017-03-01 15:00:00,9.4,71,16.5,249.0,816.6
2017-03-01 16:00:00,8.9,73,16.3,150.0,815.6
2017-03-01 17:00:00,8.9,73,16.3,150.0,815.2
2017-03-01 18:00:00,8.1,77,14.5,60.0,815.1
2017-03-01 19:00:00,7.7,77,14.2,18.0,815.2
2017-03-01 20:00:00,7.2,75,13.3,0.0,815.0
2017-03-01 21:00:00,6.9,77,14.2,0.0,815.4
2017-03-01 22:00:00,6.6,79,14.9,0.0,815.7
2017-03-01 23:00:00,6.3,81,13.3,0.0,815.6
2017-03-02 00:00:00,6.2,81,13.3,0.0,816.0
2017-03-02 01:00:00,5.9,83,12.9,0.0,815.5
2017-03-02 02:00:00,5.8,83,11.2,0.0,815.1
2017-03-02 03:00:00,5.7,83,10.6,0.0,814.4
2017-03-02 04:00:00,5.6,84,9.9,0.0,814.1
2017-03-02 05:00:00,5.4,84,8.9,0.0,813.5
2017-03-02 06:00:00,5.5,84,8.4,0.0,813.5
2017-03-02 07:00:00,5.6,85,9.1,0.0,813.8
2017-03-02 08:00:00,5.6,87,8.4,2.0,814.0
2017-03-02 09:00:00,6.2,86,10.9,24.0,814.6
2017-03-02 10:00:00,7.1,82,11.9,77.0,815.1
2017-03-02 11:00:00,8.0,80,13.1,120.0,815.1
2017-03-02 12:00:00,9.3,76,15.5,209.0,814.8
2017-03-02 13:00:00,10.6,73,16.8,252.0,814.0
2017-03-02 14:00:00,11.8,74,17.7,317.0,813.1
2017-03-02 15:00:00,12.4,78,17.7,314.0,811.9
2017-03-02 16:00:00,11.7,82,19.0,212.0,811.0
2017-03-02 17:00:00,12.0,81,20.7,312.0,810.9
2017-03-02 18:00:00,11.4,86,18.8,132.0,810.4
2017-03-02 19:00:00,10.5,88,16.9,92.0,809.4
2017-03-02 20:00:00,10.4,85,13.4,1.0,808.8
2017-03-02 21:00:00,9.9,91,12.8,0.0,809.2
2017-03-02 22:00:00,9.3,93,11.4,0.0,809.6
2017-03-02 23:00:00,8.9,94,10.1,0.0,809.7
2017-03-03 00:00:00,9.1,94,9.8,0.0,810.0
2017-03-03 01:00:00,8.9,94,8.7,0.0,809.9
2017-03-03 02:00:00,8.8,95,7.9,0.0,809.7
2017-03-03 03:00:00,8.4,96,6.6,0.0,809.4
2017-03-03 04:00:00,8.3,96,6.3,0.0,809.1
2017-03-03 05:00:00,8.2,97,6.3,0.0,808.7
2017-03-03 06:00:00,8.4,95,6.1,0.0,808.8
2017-03-03 07:00:00,8.2,97,7.4,0.0,809.0
2017-03-03 08:00:00,8.3,97,10.5,6.0,809.8
2017-03-03 09:00:00,9.3,89,15.8,57.0,810.6
2017-03-03 10:00:00,11.5,77,17.3,264.0,811.9
2017-03-03 11:00:00,14.1,59,21.4,458.0,812.4
2017-03-03 12:00:00,16.4,47,24.8,765.0,812.4
2017-03-03 13:00:00,17.2,42,27.3,773.0,811.4
2017-03-03 14:00:00,17.5,41,28.7,712.0,810.5
2017-03-03 15:00:00,17.5,41,28.0,639.0,809.8
2017-03-03 16:00:00,18.0,40,23.1,575.0,809.1
2017-03-03 17:00:00,18.5,37,25.7,562.0,808.6
2017-03-03 18:00:00,17.2,43,18.3,290.0,808.0
2017-03-03 19:00:00,14.9,53,16.9,105.0,807.4
2017-03-03 20:00:00,13.0,58,10.4,1.0,806.5
2017-03-03 21:00:00,12.3,60,11.2,0.0,806.7
2017-03-03 22:00:00,10.9,68,8.5,0.0,806.9
2017-03-03 23:00:00,9.7,74,7.4,0.0,806.7
2017-03-04 00:00:00,9.6,73,7.4,0.0,806.8
2017-03-04 01:00:00,8.5,78,8.0,0.0,806.2
2017-03-04 02:00:00,7.5,79,9.1,0.0,805.6
2017-03-04 03:00:00,8.3,77,7.3,0.0,805.8
2017-03-04 04:00:00,8.3,77,8.0,0.0,805.6
2017-03-04 05:00:00,7.9,78,7.6,0.0,805.3
2017-03-04 06:00:00,7.9,76,8.1,0.0,805.5
2017-03-04 07:00:00,7.6,77,7.8,0.0,805.7
2017-03-04 08:00:00,8.9,68,8.4,13.0,807.1
2017-03-04 09:00:00,12.7,57,12.2,171.0,809.9
2017-03-04 10:00:00,15.3,49,15.1,408.0,811.5
2017-03-04 11:00:00,17.0,42,23.6,626.0,812.1
2017-03-04 12:00:00,18.5,37,24.6,794.0,811.9
2017-03-04 13:00:00,19.1,35,26.2,818.0,811.7
2017-03-04 14:00:00,19.4,33,25.5,707.0,810.9
2017-03-04 15:00:00,20.4,30,26.6,816.0,810.2
2017-03-04 16:00:00,20.5,30,26.9,688.0,809.5
2017-03-04 17:00:00,19.9,31,23.4,487.0,809.0
2017-03-04 18:00:00,19.6,31,11.2,288.0,808.2
2017-03-04 19:00:00,16.9,36,15.3,108.0,808.0
2017-03-04 20:00:00,12.7,49,9.7,1.0,806.2
2017-03-04 21:00:00,13.6,38,10.7,0.0,807.4
2017-03-04 22:00:00,11.7,44,8.0,0.0,807.2
2017-03-04 23:00:00,9.7,53,8.4,0.0,806.4
2017-03-05 00:00:00,8.6,58,10.0,0.0,806.2
2017-03-05 01:00:00,8.7,57,9.8,0.0,806.2
2017-03-05 02:00:00,9.3,55,9.3,0.0,806.5
2017-03-05 03:00:00,8.7,57,9.5,0.0,805.8
2017-03-05 04:00:00,8.0,60,9.8,0.0,805.0
2017-03-05 05:00:00,11.5,47,7.9,0.0,807.5
2017-03-05 06:00:00,11.4,47,5.8,0.0,807.5
2017-03-05 07:00:00,11.1,49,5.3,0.0,807.8
2017-03-05 08:00:00,9.0,62,8.7,14.0,807.5
2017-03-05 09:00:00,12.4,54,6.1,176.0,810.5
2017-03-05 10:00:00,14.9,48,11.5,414.0,812.1
2017-03-05 11:00:00,16.9,36,25.1,635.0,812.9
2017-03-05 12:00:00,17.9,33,26.3,794.0,812.6
2017-03-05 13:00:00,18.3,34,27.7,838.0,812.1
2017-03-05 14:00:00,19.1,31,25.8,910.0,811.4
2017-03-05 15:00:00,18.4,34,26.0,814.0,810.7
2017-03-05 16:00:00,18.8,31,23.6,674.0,810.0
2017-03-05 17:00:00,18.2,33,22.6,469.0,810.0
2017-03-05 18:00:00,17.5,36,15.3,290.0,809.8
2017-03-05 19:00:00,15.3,41,10.6,108.0,809.3
2017-03-05 20:00:00,10.8,62,11.3,1.0,807.5
2017-03-05 21:00:00,11.1,61,6.9,0.0,808.7
2017-03-05 22:00:00,9.3,71,8.6,0.0,808.3
2017-03-05 23:00:00,10.9,60,7.2,0.0,809.6
2017-03-06 00:00:00,12.7,51,6.5,0.0,811.2
2017-03-06 01:00:00,12.4,52,6.2,0.0,811.0
2017-03-06 02:00:00,12.0,54,3.3,0.0,810.6
2017-03-06 03:00:00,11.2,58,2.3,0.0,810.0
2017-03-06 04:00:00,11.2,60,1.3,0.0,809.7
2017-03-06 05:00:00,6.5,87,12.1,0.0,808.2
2017-03-06 06:00:00,4.0,100,10.2,0.0,807.6
2017-03-06 07:00:00,4.9,97,6.1,0.0,808.9
2017-03-06 08:00:00,4.5,98,3.7,11.0,807.8
2017-03-06 09:00:00,9.6,79,3.9,168.0,811.2
2017-03-06 10:00:00,13.6,65,4.7,411.0,813.7
2017-03-06 11:00:00,16.8,45,17.3,634.0,814.3
2017-03-06 12:00:00,17.5,37,24.0,635.0,813.6
2017-03-06 13:00:00,18.7,31,25.8,692.0,812.8
2017-03-06 14:00:00,19.2,31,26.0,828.0,811.9
2017-03-06 15:00:00,19.7,30,26.1,730.0,810.6
2017-03-06 16:00:00,19.6,31,25.2,640.0,809.8
2017-03-06 17:00:00,19.2,32,23.4,456.0,809.2
2017-03-06 18:00:00,18.2,36,20.7,298.0,809.1
2017-03-06 19:00:00,16.6,40,14.9,107.0,808.4
2017-03-06 20:00:00,14.2,43,10.5,1.0,808.5
2017-03-06 21:00:00,12.2,54,7.5,0.0,808.1
2017-03-06 22:00:00,12.4,62,7.1,0.0,808.8
2017-03-06 23:00:00,10.4,68,8.7,0.0,808.0
2017-03-07 00:00:00,9.2,69,10.5,0.0,807.3
2017-03-07 01:00:00,8.7,68,10.2,0.0,806.9
2017-03-07 02:00:00,9.5,65,8.5,0.0,807.5
2017-03-07 03:00:00,8.1,71,10.0,0.0,806.3
2017-03-07 04:00:00,10.0,63,8.1,0.0,807.5
2017-03-07 05:00:00,11.9,57,5.3,0.0,808.5
2017-03-07 06:00:00,11.6,59,4.7,0.0,808.7
2017-03-07 07:00:00,11.3,59,4.4,0.0,809.3
2017-03-07 08:00:00,10.2,69,6.4,14.0,809.9
2017-03-07 09:00:00,12.5,68,5.5,174.0,812.4
2017-03-07 10:00:00,15.0,55,10.6,438.0,813.7
2017-03-07 11:00:00,16.9,41,16.3,657.0,814.0
2017-03-07 12:00:00,18.4,34,19.2,789.0,813.8
2017-03-07 13:00:00,19.4,31,22.3,862.0,813.1
2017-03-07 14:00:00,20.0,28,25.6,832.0,812.1
2017-03-07 15:00:00,20.1,28,26.2,699.0,811.2
2017-03-07 16:00:00,19.8,28,25.4,547.0,810.1
2017-03-07 17:00:00,19.8,28,23.7,514.0,809.9
2017-03-07 18:00:00,18.9,29,16.8,327.0,809.8
2017-03-07 19:00:00,17.0,35,16.4,95.0,809.4
2017-03-07 20:00:00,13.6,42,8.9,2.0,808.7
2017-03-07 21:00:00,11.6,49,7.3,0.0,808.7
2017-03-07 22:00:00,9.6,57,9.5,0.0,808.4
2017-03-07 23:00:00,8.9,61,9.8,0.0,808.3
2017-03-08 00:00:00,12.5,45,7.6,0.0,810.9
2017-03-08 01:00:00,11.9,44,6.2,0.0,810.5
2017-03-08 02:00:00,7.2,61,8.1,0.0,807.9
2017-03-08 03:00:00,11.9,42,4.9,0.0,810.6
2017-03-08 04:00:00,6.2,70,7.3,0.0,808.2
2017-03-08 05:00:00,4.7,100,11.8,0.0,808.7
2017-03-08 06:00:00,5.4,100,9.4,0.0,809.7
2017-03-08 07:00:00,6.1,100,10.7,0.0,810.5
2017-03-08 08:00:00,5.8,98,11.6,8.0,811.1
2017-03-08 09:00:00,7.1,90,12.4,78.0,812.5
2017-03-08 10:00:00,9.2,83,10.6,212.0,813.8
2017-03-08 11:00:00,11.7,72,10.0,400.0,814.6
2017-03-08 12:00:00,13.8,61,13.6,537.0,814.6
2017-03-08 13:00:00,15.3,53,13.7,735.0,813.8
2017-03-08 14:00:00,14.7,71,14.1,849.0,812.7
2017-03-08 15:00:00,14.4,71,17.0,608.0,811.3
2017-03-08 16:00:00,15.4,73,14.2,528.0,810.6
2017-03-08 17:00:00,14.6,73,12.4,370.0,809.8
2017-03-08 18:00:00,15.4,69,16.1,248.0,809.7
2017-03-08 19:00:00,12.0,88,15.3,80.0,809.4
2017-03-08 20:00:00,12.6,75,15.8,2.0,808.9
2017-03-08 21:00:00,11.6,81,12.5,0.0,809.1
2017-03-08 22:00:00,10.6,84,9.0,0.0,809.6
2017-03-08 23:00:00,10.4,85,10.2,0.0,809.7
2017-03-09 00:00:00,10.0,88,7.2,0.0,809.5
2017-03-09 01:00:00,10.3,87,7.2,0.0,809.7
2017-03-09 02:00:00,10.6,88,10.0,0.0,809.7
2017-03-09 03:00:00,10.3,91,5.9,0.0,808.8
2017-03-09 04:00:00,8.0,97,8.8,0.0,807.0
2017-03-09 05:00:00,9.7,95,10.2,0.0,807.7
2017-03-09 06:00:00,9.0,94,11.5,0.0,807.6
2017-03-09 07:00:00,8.6,95,9.7,0.0,808.1
2017-03-09 08:00:00,8.5,96,8.0,3.0,808.5
2017-03-09 09:00:00,9.1,96,5.2,40.0,809.7
2017-03-09 10:00:00,10.6,84,8.7,201.0,810.6
2017-03-09 11:00:00,11.0,81,12.0,211.0,810.7
2017-03-09 12:00:00,12.6,69,17.3,452.0,810.7
2017-03-09 13:00:00,12.8,66,18.8,290.0,809.6
2017-03-09 14:00:00,12.9,71,18.1,287.0,808.9
2017-03-09 15:00:00,12.0,80,15.3,150.0,807.7
2017-03-09 16:00:00,11.8,81,14.7,104.0,806.9
2017-03-09 17:00:00,12.3,76,16.8,139.0,806.8
2017-03-09 18:00:00,13.0,71,15.8,176.0,807.0
2017-03-09 19:00:00,12.1,74,13.2,64.0,807.0
2017-03-09 20:00:00,9.9,81,11.5,2.0,806.5
2017-03-09 21:00:00,9.2,84,13.2,0.0,806.7
2017-03-09 22:00:00,8.8,87,11.5,0.0,807.0
2017-03-09 23:00:00,8.5,88,10.5,0.0,807.4
2017-03-10 00:00:00,8.5,88,10.6,0.0,807.8
2017-03-10 01:00:00,8.4,90,11.0,0.0,807.8
2017-03-10 02:00:00,8.3,91,12.2,0.0,807.7
2017-03-10 03:00:00,8.2,91,12.4,0.0,807.2
2017-03-10 04:00:00,8.1,91,12.2,0.0,806.9
2017-03-10 05:00:00,7.9,92,12.3,0.0,806.3
2017-03-10 06:00:00,7.6,93,11.1,0.0,806.1
2017-03-10 07:00:00,7.5,92,9.9,0.0,806.6
2017-03-10 08:00:00,7.1,93,6.1,20.0,807.1
2017-03-10 09:00:00,10.1,87,11.1,198.0,809.7
2017-03-10 10:00:00,12.5,74,15.5,432.0,811.3
2017-03-10 11:00:00,14.8,61,17.6,645.0,812.2
2017-03-10 12:00:00,17.1,50,26.9,809.0,812.2
2017-03-10 13:00:00,17.4,48,28.8,590.0,811.2
2017-03-10 14:00:00,17.4,49,25.6,483.0,810.4
2017-03-10 15:00:00,18.2,45,28.8,587.0,809.8
2017-03-10 16:00:00,17.9,48,27.2,588.0,809.5
2017-03-10 17:00:00,17.8,49,23.7,438.0,809.0
2017-03-10 18:00:00,16.7,55,20.2,301.0,809.1
2017-03-10 19:00:00,15.6,58,14.0,109.0,808.9
2017-03-10 20:00:00,12.8,70,10.9,2.0,808.6
2017-03-10 21:00:00,11.6,78,8.0,0.0,808.6
2017-03-10 22:00:00,10.8,84,7.4,0.0,809.1
2017-03-10 23:00:00,9.0,89,7.7,0.0,808.6
2017-03-11 00:00:00,8.5,89,9.2,0.0,808.6
2017-03-11 01:00:00,10.2,82,7.7,0.0,809.9
2017-03-11 02:00:00,10.2,81,8.0,0.0,809.7
2017-03-11 03:00:00,10.2,81,7.6,0.0,809.6
2017-03-11 04:00:00,11.0,79,7.3,0.0,809.7
2017-03-11 05:00:00,8.6,86,7.9,0.0,807.9
2017-03-11 06:00:00,8.2,88,7.6,0.0,808.0
2017-03-11 07:00:00,10.2,83,6.9,0.0,809.8
2017-03-11 08:00:00,8.3,91,8.4,21.0,809.4
2017-03-11 09:00:00,12.5,80,6.6,196.0,812.7
2017-03-11 10:00:00,15.0,68,10.7,431.0,814.4
2017-03-11 11:00:00,17.2,55,17.2,645.0,815.3
2017-03-11 12:00:00,18.7,47,19.0,738.0,815.1
2017-03-11 13:00:00,20.0,42,21.9,794.0,814.4
2017-03-11 14:00:00,20.9,39,24.1,844.0,813.6
2017-03-11 15:00:00,19.5,45,21.2,386.0,812.5
2017-03-11 16:00:00,19.2,48,22.7,400.0,811.9
2017-03-11 17:00:00,19.6,46,21.9,493.0,811.8
2017-03-11 18:00:00,18.3,54,11.4,194.0,811.1
2017-03-11 19:00:00,17.4,54,13.7,94.0,810.7
2017-03-11 20:00:00,16.0,56,9.6,2.0,811.6
2017-03-11 21:00:00,15.1,61,6.6,0.0,811.6
2017-03-11 22:00:00,14.3,67,5.8,0.0,812.0
2017-03-11 23:00:00,13.6,73,4.5,0.0,811.7
2017-03-12 00:00:00,13.1,80,11.0,0.0,811.9
2017-03-12 01:00:00,12.9,84,11.7,0.0,811.1
2017-03-12 02:00:00,12.2,90,10.2,0.0,810.2
2017-03-12 03:00:00,12.4,91,8.7,0.0,809.6
2017-03-12 04:00:00,12.0,93,7.9,0.0,808.8
2017-03-12 05:00:00,11.7,93,7.4,0.0,808.0
2017-03-12 06:00:00,11.7,94,8.2,0.0,807.9
2017-03-12 07:00:00,11.3,94,8.9,0.0,808.0
2017-03-12 08:00:00,11.8,91,6.4,20.0,809.0
2017-03-12 09:00:00,14.0,87,8.0,167.0,810.8
2017-03-12 10:00:00,14.8,82,13.9,212.0,811.7
2017-03-12 11:00:00,14.3,84,17.2,179.0,811.6
2017-03-12 12:00:00,15.7,79,18.5,344.0,812.0
2017-03-12 13:00:00,16.6,65,21.6,375.0,811.5
2017-03-12 14:00:00,18.0,60,24.3,667.0,810.9
2017-03-12 15:00:00,18.7,58,24.6,647.0,809.8
2017-03-12 16:00:00,17.3,65,24.8,547.0,809.1
2017-03-12 17:00:00,17.0,72,16.1,248.0,808.8
2017-03-12 18:00:00,15.6,77,18.5,205.0,808.8
2017-03-12 19:00:00,12.8,95,11.6,39.0,808.6
2017-03-12 20:00:00,12.7,91,14.7,1.0,809.3
2017-03-12 21:00:00,12.6,91,15.4,0.0,809.9
2017-03-12 22:00:00,12.7,84,16.8,0.0,810.7
2017-03-12 23:00:00,12.3,80,18.1,0.0,810.8
2017-03-13 00:00:00,12.1,78,16.6,0.0,810.6
2017-03-13 01:00:00,12.3,77,14.3,0.0,810.4
2017-03-13 02:00:00,12.1,79,11.7,0.0,809.8
2017-03-13 03:00:00,11.9,82,11.3,0.0,809.2
2017-03-13 04:00:00,10.8,88,10.0,0.0,808.2
2017-03-13 05:00:00,10.8,89,9.3,0.0,807.8
2017-03-13 06:00:00,9.9,91,7.8,0.0,807.6
2017-03-13 07:00:00,9.4,93,7.3,0.0,808.0
2017-03-13 08:00:00,10.5,93,10.0,24.0,809.5
2017-03-13 09:00:00,12.6,82,14.0,172.0,811.7
2017-03-13 10:00:00,14.0,72,20.2,290.0,812.7
2017-03-13 11:00:00,15.4,59,22.8,435.0,813.5
2017-03-13 12:00:00,17.1,48,24.7,621.0,813.7
2017-03-13 13:00:00,18.3,42,28.0,819.0,813.7
2017-03-13 14:00:00,18.8,40,27.4,722.0,813.2
2017-03-13 15:00:00,19.9,35,28.7,698.0,812.3
2017-03-13 16:00:00,20.3,33,27.1,694.0,812.0
2017-03-13 17:00:00,20.0,33,23.6,551.0,811.9
2017-03-13 18:00:00,18.7,38,19.8,359.0,811.6
2017-03-13 19:00:00,16.6,44,15.9,124.0,811.3
2017-03-13 20:00:00,12.6,55,7.7,3.0,810.6
2017-03-13 21:00:00,11.0,63,6.8,0.0,810.3
2017-03-13 22:00:00,10.0,67,7.7,0.0,810.4
2017-03-13 23:00:00,8.6,73,9.8,0.0,810.0
2017-03-14 00:00:00,8.4,72,9.1,0.0,810.2
2017-03-14 01:00:00,8.6,70,8.7,0.0,810.5
2017-03-14 02:00:00,9.8,66,7.7,0.0,811.3
2017-03-14 03:00:00,10.9,62,7.0,0.0,811.7
2017-03-14 04:00:00,10.8,63,6.1,0.0,811.4
2017-03-14 05:00:00,8.9,69,6.5,0.0,809.9
2017-03-14 06:00:00,10.5,62,5.5,0.0,811.1
2017-03-14 07:00:00,10.3,62,4.9,0.0,811.3
2017-03-14 08:00:00,8.3,77,6.5,26.0,811.0
2017-03-14 09:00:00,12.1,64,5.4,216.0,814.1
2017-03-14 10:00:00,14.4,55,11.2,460.0,815.4
2017-03-14 11:00:00,16.6,42,14.9,681.0,816.0
2017-03-14 12:00:00,18.5,35,17.1,852.0,816.3
2017-03-14 13:00:00,19.9,32,18.4,952.0,816.0
2017-03-14 14:00:00,20.8,30,18.8,973.0,815.4
2017-03-14 15:00:00,21.3,29,19.7,918.0,814.6
2017-03-14 16:00:00,21.2,29,21.3,789.0,813.6
2017-03-14 17:00:00,20.6,31,20.9,599.0,813.1
2017-03-14 18:00:00,19.4,37,17.8,365.0,812.6
2017-03-14 19:00:00,16.9,45,11.0,127.0,811.6
2017-03-14 20:00:00,15.8,46,13.0,3.0,811.1
2017-03-14 21:00:00,14.7,59,12.6,0.0,811.3
2017-03-14 22:00:00,13.2,69,8.9,0.0,811.0
2017-03-14 23:00:00,11.9,73,7.1,0.0,810.5
2017-03-15 00:00:00,11.3,75,7.4,0.0,810.2
2017-03-15 01:00:00,11.1,78,7.2,0.0,810.5
2017-03-15 02:00:00,10.4,80,7.9,0.0,809.8
2017-03-15 03:00:00,9.7,78,8.7,0.0,809.0
2017-03-15 04:00:00,9.3,77,8.9,0.0,808.1
2017-03-15 05:00:00,9.2,77,8.4,0.0,807.9
2017-03-15 06:00:00,9.0,77,8.6,0.0,807.9
2017-03-15 07:00:00,8.9,78,8.2,0.0,808.1
2017-03-15 08:00:00,9.9,77,7.6,28.0,811.0
2017-03-15 09:00:00,13.8,60,8.1,218.0,814.0
2017-03-15 10:00:00,16.3,50,15.0,460.0,815.3
2017-03-15 11:00:00,18.0,44,20.0,678.0,815.6
2017-03-15 12:00:00,19.4,40,20.5,847.0,815.8
2017-03-15 13:00:00,20.5,37,21.7,934.0,815.4
2017-03-15 14:00:00,21.2,33,23.5,937.0,814.7
2017-03-15 15:00:00,21.4,32,25.9,834.0,813.9
2017-03-15 16:00:00,21.5,30,26.1,699.0,813.1
2017-03-15 17:00:00,21.0,31,21.9,531.0,812.5
2017-03-15 18:00:00,20.5,33,17.9,365.0,812.0
2017-03-15 19:00:00,17.9,39,9.4,128.0,810.9
2017-03-15 20:00:00,14.4,50,10.2,3.0,809.1
2017-03-15 21:00:00,13.5,54,7.5,0.0,809.3
2017-03-15 22:00:00,11.1,66,10.1,0.0,808.7
2017-03-15 23:00:00,12.7,57,8.5,0.0,810.1
2017-03-16 00:00:00,14.0,51,8.1,0.0,811.2
2017-03-16 01:00:00,12.9,53,8.1,0.0,810.5
2017-03-16 02:00:00,12.1,54,8.0,0.0,810.1
2017-03-16 03:00:00,11.2,56,8.3,0.0,809.1
2017-03-16 04:00:00,11.7,53,7.7,0.0,809.2
2017-03-16 05:00:00,12.8,49,6.6,0.0,809.9
2017-03-16 06:00:00,12.3,50,4.4,0.0,809.8
2017-03-16 07:00:00,11.7,51,3.1,0.0,809.8
2017-03-16 08:00:00,11.0,52,2.4,29.0,810.7
2017-03-16 09:00:00,13.8,52,1.5,222.0,812.9
2017-03-16 10:00:00,16.7,45,6.8,462.0,814.7
2017-03-16 11:00:00,18.6,40,13.2,678.0,815.1
2017-03-16 12:00:00,20.6,35,19.1,842.0,815.2
2017-03-16 13:00:00,21.8,31,24.6,924.0,814.7
2017-03-16 14:00:00,22.0,29,27.6,758.0,813.6
2017-03-16 15:00:00,22.1,29,24.8,710.0,812.5
2017-03-16 16:00:00,21.8,31,24.1,748.0,811.6
2017-03-16 17:00:00,22.1,28,22.6,500.0,810.8
2017-03-16 18:00:00,20.7,35,16.6,334.0,810.3
2017-03-16 19:00:00,18.3,41,10.7,123.0,809.6
2017-03-16 20:00:00,14.8,51,10.7,3.0,807.8
2017-03-16 21:00:00,14.1,56,7.1,0.0,808.4
2017-03-16 22:00:00,12.1,70,9.0,0.0,808.1
2017-03-16 23:00:00,12.1,70,9.2,0.0,808.6
2017-03-17 00:00:00,11.1,72,10.0,0.0,808.3
2017-03-17 01:00:00,10.3,74,10.3,0.0,808.0
2017-03-17 02:00:00,10.9,70,8.8,0.0,808.6
2017-03-17 03:00:00,11.6,64,7.6,0.0,808.7
2017-03-17 04:00:00,11.1,64,7.6,0.0,808.2
2017-03-17 05:00:00,9.9,70,9.0,0.0,807.4
2017-03-17 06:00:00,9.4,74,9.8,0.0,807.3
2017-03-17 07:00:00,10.3,72,8.9,0.0,808.5
2017-03-17 08:00:00,11.6,63,5.7,28.0,810.3
2017-03-17 09:00:00,14.7,55,5.2,207.0,813.0
2017-03-17 10:00:00,17.3,47,12.2,440.0,814.4
2017-03-17 11:00:00,18.4,42,21.9,557.0,814.6
2017-03-17 12:00:00,19.8,38,23.7,758.0,814.8
2017-03-17 13:00:00,20.8,33,24.4,880.0,814.5
2017-03-17 14:00:00,21.4,32,25.2,933.0,813.5
2017-03-17 15:00:00,21.1,28,25.2,866.0,812.3
2017-03-17 16:00:00,21.3,29,23.1,740.0,811.3
2017-03-17 17:00:00,21.1,29,22.2,577.0,810.7
2017-03-17 18:00:00,20.2,30,20.2,331.0,810.6
2017-03-17 19:00:00,18.0,36,11.8,121.0,810.2
2017-03-17 20:00:00,16.4,37,9.5,3.0,809.6
2017-03-17 21:00:00,14.5,50,7.9,0.0,809.5
2017-03-17 22:00:00,12.8,66,7.4,0.0,809.6
2017-03-17 23:00:00,11.8,70,8.2,0.0,809.7
2017-03-18 00:00:00,10.6,79,9.2,0.0,809.7
2017-03-18 01:00:00,12.1,81,7.4,0.0,811.0
2017-03-18 02:00:00,10.9,86,8.2,0.0,810.3
2017-03-18 03:00:00,9.5,90,9.0,0.0,809.0
2017-03-18 04:00:00,9.2,95,8.4,0.0,808.8
2017-03-18 05:00:00,10.6,98,11.8,0.0,810.5
2017-03-18 06:00:00,10.1,99,8.9,0.0,810.8
2017-03-18 07:00:00,9.9,97,6.3,0.0,811.1
2017-03-18 08:00:00,11.0,89,5.7,22.0,812.3
2017-03-18 09:00:00,13.5,79,11.6,226.0,814.4
2017-03-18 10:00:00,15.2,74,15.3,425.0,815.7
2017-03-18 11:00:00,16.6,66,17.9,592.0,816.1
2017-03-18 12:00:00,18.1,62,18.3,749.0,816.1
2017-03-18 13:00:00,19.4,42,22.6,786.0,815.5
2017-03-18 14:00:00,20.4,30,30.2,886.0,815.2
2017-03-18 15:00:00,19.0,33,24.3,616.0,813.7
2017-03-18 16:00:00,20.5,31,25.5,725.0,812.6
2017-03-18 17:00:00,20.2,26,23.6,435.0,812.0
2017-03-18 18:00:00,19.2,31,18.6,244.0,811.8
2017-03-18 19:00:00,17.8,33,14.3,84.0,811.7
2017-03-18 20:00:00,15.9,36,13.0,3.0,811.2
2017-03-18 21:00:00,13.6,52,8.2,0.0,810.4
2017-03-18 22:00:00,12.2,60,7.1,0.0,810.7
2017-03-18 23:00:00,11.5,61,7.4,0.0,810.6
2017-03-19 00:00:00,10.1,69,8.4,0.0,810.4
2017-03-19 01:00:00,9.5,73,9.2,0.0,810.3
2017-03-19 02:00:00,9.8,71,8.3,0.0,810.4
2017-03-19 03:00:00,9.5,66,7.6,0.0,810.1
2017-03-19 04:00:00,10.0,55,6.9,0.0,809.7
2017-03-19 05:00:00,7.8,64,9.0,0.0,808.7
2017-03-19 06:00:00,8.2,62,7.2,0.0,809.6
2017-03-19 07:00:00,9.3,60,6.8,0.0,811.1
2017-03-19 08:00:00,10.4,57,8.1,33.0,812.0
2017-03-19 09:00:00,13.3,49,11.8,195.0,814.6
2017-03-19 10:00:00,14.5,47,12.5,377.0,815.7
2017-03-19 11:00:00,16.3,43,14.1,541.0,816.5
2017-03-19 12:00:00,18.2,37,19.9,828.0,816.9
2017-03-19 13:00:00,17.3,44,22.2,889.0,815.8
2017-03-19 14:00:00,18.8,39,26.1,900.0,815.3
2017-03-19 15:00:00,19.0,38,20.3,801.0,814.1
2017-03-19 16:00:00,18.7,38,22.6,710.0,813.1
2017-03-19 17:00:00,18.7,35,24.7,530.0,812.7
2017-03-19 18:00:00,18.1,36,21.3,353.0,812.1
2017-03-19 19:00:00,16.9,37,14.5,133.0,811.9
2017-03-19 20:00:00,16.0,34,12.4,4.0,812.0
2017-03-19 21:00:00,13.8,44,7.8,0.0,811.8
2017-03-19 22:00:00,11.3,55,8.4,0.0,810.9
2017-03-19 23:00:00,10.8,54,8.7,0.0,811.0
2017-03-20 00:00:00,10.8,49,8.0,0.0,811.3
2017-03-20 01:00:00,10.3,48,8.0,0.0,811.1
2017-03-20 02:00:00,9.3,53,8.8,0.0,810.4
2017-03-20 03:00:00,8.4,58,9.6,0.0,809.5
2017-03-20 04:00:00,8.9,55,7.4,0.0,809.5
2017-03-20 05:00:00,8.6,56,4.8,0.0,809.3
2017-03-20 06:00:00,8.5,55,1.1,0.0,809.4
2017-03-20 07:00:00,7.2,60,1.4,0.0,809.0
2017-03-20 08:00:00,8.8,66,1.4,37.0,811.6
2017-03-20 09:00:00,13.1,51,1.1,219.0,814.8
2017-03-20 10:00:00,16.2,43,9.7,450.0,816.5
2017-03-20 11:00:00,18.3,34,17.8,695.0,817.1
2017-03-20 12:00:00,19.9,29,18.0,850.0,816.9
2017-03-20 13:00:00,21.1,26,18.8,956.0,816.4
2017-03-20 14:00:00,21.8,24,21.3,964.0,815.4
2017-03-20 15:00:00,22.8,21,22.4,917.0,814.4
2017-03-20 16:00:00,22.3,22,24.2,697.0,813.1
2017-03-20 17:00:00,21.1,25,19.5,423.0,812.7
2017-03-20 18:00:00,20.3,27,17.7,302.0,812.4
2017-03-20 19:00:00,19.0,30,12.0,80.0,812.0
2017-03-20 20:00:00,13.1,44,11.4,4.0,810.3
2017-03-20 21:00:00,16.0,33,5.6,0.0,812.7
2017-03-20 22:00:00,16.0,33,3.4,0.0,813.4
2017-03-20 23:00:00,15.7,34,3.3,0.0,813.6
2017-03-21 00:00:00,12.9,50,7.7,0.0,812.0
2017-03-21 01:00:00,13.1,52,6.2,0.0,812.0
2017-03-21 02:00:00,12.6,53,7.6,0.0,811.6
2017-03-21 03:00:00,12.7,49,6.6,0.0,812.1
2017-03-21 04:00:00,11.6,59,5.4,0.0,811.7
2017-03-21 05:00:00,11.4,61,4.1,0.0,811.2
2017-03-21 06:00:00,10.9,63,0.5,0.0,810.7
2017-03-21 07:00:00,9.3,74,6.9,0.0,809.8
2017-03-21 08:00:00,10.8,71,3.1,32.0,811.5
2017-03-21 09:00:00,11.9,75,5.6,126.0,813.0
2017-03-21 10:00:00,13.9,72,11.7,286.0,814.0
2017-03-21 11:00:00,16.6,59,15.8,569.0,814.8
2017-03-21 12:00:00,15.1,69,15.8,425.0,813.6
2017-03-21 13:00:00,18.6,49,24.0,845.0,813.8
2017-03-21 14:00:00,18.5,43,24.8,811.0,812.8
2017-03-21 15:00:00,19.0,41,27.4,866.0,811.8
2017-03-21 16:00:00,18.9,41,23.9,715.0,810.8
2017-03-21 17:00:00,18.2,39,21.3,500.0,810.4
2017-03-21 18:00:00,17.8,40,19.5,324.0,810.3
2017-03-21 19:00:00,16.4,42,14.5,121.0,810.0
2017-03-21 20:00:00,13.9,45,8.8,4.0,808.9
2017-03-21 21:00:00,12.4,51,6.8,0.0,808.8
2017-03-21 22:00:00,10.5,65,8.0,0.0,808.4
2017-03-21 23:00:00,9.4,71,8.8,0.0,808.5
2017-03-22 00:00:00,9.4,64,7.5,0.0,809.0
2017-03-22 01:00:00,9.3,63,6.5,0.0,809.3
2017-03-22 02:00:00,10.1,60,8.1,0.0,809.7
2017-03-22 03:00:00,8.9,64,7.0,0.0,808.4
2017-03-22 04:00:00,7.9,69,7.6,0.0,807.5
2017-03-22 05:00:00,7.0,74,8.3,0.0,806.8
2017-03-22 06:00:00,6.4,78,9.0,0.0,806.7
2017-03-22 07:00:00,6.6,76,7.6,0.0,807.5
2017-03-22 08:00:00,9.1,64,9.4,42.0,810.0
2017-03-22 09:00:00,12.2,53,14.4,251.0,812.7
2017-03-22 10:00:00,14.3,42,18.1,498.0,813.8
2017-03-22 11:00:00,16.3,36,16.2,718.0,814.5
2017-03-22 12:00:00,18.2,31,13.7,885.0,814.7
2017-03-22 13:00:00,19.8,28,12.9,985.0,814.3
2017-03-22 14:00:00,20.9,25,14.8,1006.0,813.7
2017-03-22 15:00:00,21.6,22,15.1,948.0,813.0
2017-03-22 16:00:00,21.9,21,15.4,818.0,812.3
2017-03-22 17:00:00,21.8,21,13.4,624.0,811.8
2017-03-22 18:00:00,21.2,22,13.5,388.0,811.6
2017-03-22 19:00:00,18.1,30,9.7,143.0,810.5
2017-03-22 20:00:00,16.4,35,11.8,5.0,810.3
2017-03-22 21:00:00,14.9,53,11.5,0.0,810.7
2017-03-22 22:00:00,13.6,58,9.3,0.0,810.7
2017-03-22 23:00:00,12.2,63,7.1,0.0,810.4
2017-03-23 00:00:00,10.6,69,9.7,0.0,809.6
2017-03-23 01:00:00,10.0,69,10.1,0.0,809.2
2017-03-23 02:00:00,9.8,64,8.7,0.0,808.9
2017-03-23 03:00:00,8.9,63,9.2,0.0,808.1
2017-03-23 04:00:00,8.7,61,9.0,0.0,807.9
2017-03-23 05:00:00,8.3,59,10.5,0.0,807.2
2017-03-23 06:00:00,8.5,57,9.6,0.0,807.3
2017-03-23 07:00:00,7.6,61,10.2,0.0,807.5
2017-03-23 08:00:00,10.0,67,10.1,46.0,810.1
2017-03-23 09:00:00,14.8,41,6.8,260.0,813.5
2017-03-23 10:00:00,17.6,33,15.0,509.0,814.8
2017-03-23 11:00:00,19.8,27,18.7,729.0,815.5
2017-03-23 12:00:00,21.7,24,20.4,894.0,815.5
2017-03-23 13:00:00,23.2,22,21.6,991.0,815.1
2017-03-23 14:00:00,24.5,19,22.9,1009.0,814.2
2017-03-23 15:00:00,25.2,19,22.6,953.0,813.5
2017-03-23 16:00:00,25.2,19,22.1,823.0,812.8
2017-03-23 17:00:00,24.8,19,21.9,627.0,812.3
2017-03-23 18:00:00,23.8,21,19.0,389.0,812.3
2017-03-23 19:00:00,21.0,26,13.2,144.0,811.5
2017-03-23 20:00:00,19.1,31,15.9,5.0,811.7
2017-03-23 21:00:00,17.5,35,12.2,0.0,811.4
2017-03-23 22:00:00,14.7,46,7.7,0.0,810.9
2017-03-23 23:00:00,12.1,58,9.4,0.0,810.0
2017-03-24 00:00:00,11.5,60,10.1,0.0,809.8
2017-03-24 01:00:00,15.7,41,7.6,0.0,812.3
2017-03-24 02:00:00,15.2,40,6.4,0.0,812.1
2017-03-24 03:00:00,10.5,54,8.5,0.0,808.9
2017-03-24 04:00:00,9.0,58,9.8,0.0,807.8
2017-03-24 05:00:00,8.7,59,10.0,0.0,807.4
2017-03-24 06:00:00,8.9,59,9.3,0.0,807.7
2017-03-24 07:00:00,10.0,54,8.3,0.0,808.9
2017-03-24 08:00:00,11.4,66,8.0,47.0,811.2
2017-03-24 09:00:00,16.2,42,6.9,258.0,814.9
2017-03-24 10:00:00,18.9,35,14.0,504.0,816.3
2017-03-24 11:00:00,20.8,28,19.2,721.0,816.8
2017-03-24 12:00:00,22.1,26,20.7,885.0,816.8
2017-03-24 13:00:00,23.2,24,22.5,981.0,816.5
2017-03-24 14:00:00,24.1,22,23.1,1000.0,815.5
2017-03-24 15:00:00,24.0,24,23.5,942.0,814.9
2017-03-24 16:00:00,25.1,20,23.8,804.0,813.9
2017-03-24 17:00:00,24.0,22,22.5,511.0,813.2
2017-03-24 18:00:00,23.9,22,21.4,296.0,812.6
2017-03-24 19:00:00,21.6,26,16.0,97.0,812.4
2017-03-24 20:00:00,16.2,39,12.0,5.0,810.7
2017-03-24 21:00:00,16.1,48,7.4,0.0,812.3
2017-03-24 22:00:00,14.7,59,7.3,0.0,812.5
2017-03-24 23:00:00,13.1,60,9.5,0.0,812.1
2017-03-25 00:00:00,17.1,41,4.5,0.0,815.1
2017-03-25 01:00:00,16.4,42,5.9,0.0,814.9
2017-03-25 02:00:00,11.1,61,8.6,0.0,812.0
2017-03-25 03:00:00,8.3,92,13.7,0.0,813.3
2017-03-25 04:00:00,8.7,88,9.2,0.0,813.0
2017-03-25 05:00:00,9.0,84,8.7,0.0,813.2
2017-03-25 06:00:00,9.1,82,7.6,0.0,813.2
2017-03-25 07:00:00,8.9,85,9.3,0.0,813.8
2017-03-25 08:00:00,9.9,84,12.0,32.0,814.9
2017-03-25 09:00:00,11.9,74,13.7,222.0,816.4
2017-03-25 10:00:00,13.2,69,14.8,344.0,817.3
2017-03-25 11:00:00,14.9,62,15.5,605.0,818.3
2017-03-25 12:00:00,15.7,58,13.2,620.0,818.0
2017-03-25 13:00:00,16.5,56,13.8,572.0,817.5
2017-03-25 14:00:00,17.4,54,14.8,762.0,816.5
2017-03-25 15:00:00,18.1,51,16.2,833.0,815.4
2017-03-25 16:00:00,17.7,54,15.3,680.0,814.4
2017-03-25 17:00:00,16.7,56,14.3,500.0,813.5
2017-03-25 18:00:00,15.9,57,15.0,328.0,813.2
2017-03-25 19:00:00,13.7,65,14.8,115.0,813.5
2017-03-25 20:00:00,11.5,75,13.3,4.0,814.1
2017-03-25 21:00:00,10.6,77,12.3,0.0,814.9
2017-03-25 22:00:00,9.3,80,11.9,0.0,815.7
2017-03-25 23:00:00,9.1,79,12.7,0.0,816.6
2017-03-26 00:00:00,8.3,82,13.7,0.0,816.8
2017-03-26 01:00:00,8.1,81,15.1,0.0,816.7
2017-03-26 02:00:00,8.0,78,14.4,0.0,816.7
2017-03-26 03:00:00,7.9,77,12.8,0.0,816.4
2017-03-26 04:00:00,7.5,76,12.1,0.0,815.7
2017-03-26 05:00:00,7.5,73,9.7,0.0,815.7
2017-03-26 06:00:00,7.2,74,10.0,0.0,815.7
2017-03-26 07:00:00,7.0,75,6.4,0.0,816.2
2017-03-26 08:00:00,7.0,78,7.1,27.0,816.5
2017-03-26 09:00:00,8.2,74,6.6,137.0,817.9
2017-03-26 10:00:00,9.8,72,6.5,277.0,819.0
2017-03-26 11:00:00,12.1,67,7.6,483.0,819.8
2017-03-26 12:00:00,14.8,57,8.2,744.0,820.4
2017-03-26 13:00:00,15.8,54,8.9,573.0,819.7
2017-03-26 14:00:00,16.8,50,11.3,540.0,818.7
2017-03-26 15:00:00,17.5,49,12.1,629.0,817.9
2017-03-26 16:00:00,17.8,48,11.8,602.0,817.1
2017-03-26 17:00:00,17.7,47,13.1,442.0,816.3
2017-03-26 18:00:00,16.4,54,15.5,277.0,815.7
2017-03-26 19:00:00,14.9,62,15.2,52.0,815.9
2017-03-26 20:00:00,14.0,66,13.7,4.0,815.6
2017-03-26 21:00:00,12.1,75,9.9,0.0,815.6
2017-03-26 22:00:00,10.9,82,5.8,0.0,815.9
2017-03-26 23:00:00,9.8,88,6.3,0.0,815.7
2017-03-27 00:00:00,11.3,79,8.4,0.0,817.3
2017-03-27 01:00:00,10.2,84,8.4,0.0,816.9
2017-03-27 02:00:00,9.3,88,7.4,0.0,816.6
2017-03-27 03:00:00,9.1,86,9.2,0.0,816.5
2017-03-27 04:00:00,9.1,86,9.2,0.0,816.3
2017-03-27 05:00:00,8.7,89,9.0,0.0,815.7
2017-03-27 06:00:00,8.4,94,8.2,0.0,815.8
2017-03-27 07:00:00,8.3,95,8.7,0.0,816.2
2017-03-27 08:00:00,8.4,91,9.2,15.0,816.7
2017-03-27 09:00:00,9.3,86,9.1,66.0,817.5
2017-03-27 10:00:00,10.9,79,9.8,176.0,818.5
2017-03-27 11:00:00,12.4,74,12.3,243.0,819.0
2017-03-27 12:00:00,13.9,69,15.1,345.0,819.3
2017-03-27 13:00:00,14.8,67,14.8,388.0,818.8
2017-03-27 14:00:00,15.4,66,18.8,370.0,817.5
2017-03-27 15:00:00,16.1,63,19.6,365.0,816.2
2017-03-27 16:00:00,17.2,55,22.7,564.0,815.5
2017-03-27 17:00:00,15.8,70,16.8,402.0,814.7
2017-03-27 18:00:00,14.9,71,17.6,155.0,814.5
2017-03-27 19:00:00,13.8,80,11.3,61.0,814.3
2017-03-27 20:00:00,12.4,79,7.7,3.0,814.6
2017-03-27 21:00:00,11.7,85,8.4,0.0,814.5
2017-03-27 22:00:00,11.5,91,9.2,0.0,815.0
2017-03-27 23:00:00,10.6,93,10.5,0.0,814.7
2017-03-28 00:00:00,10.4,96,10.6,0.0,815.2
2017-03-28 01:00:00,10.5,95,9.4,0.0,815.1
2017-03-28 02:00:00,11.0,96,11.7,0.0,814.7
2017-03-28 03:00:00,10.8,97,11.7,0.0,813.8
2017-03-28 04:00:00,11.0,92,12.0,0.0,813.4
2017-03-28 05:00:00,10.8,95,11.1,0.0,812.8
2017-03-28 06:00:00,10.9,94,13.0,0.0,812.7
2017-03-28 07:00:00,10.8,94,12.6,0.0,813.0
2017-03-28 08:00:00,10.6,94,12.1,10.0,813.1
2017-03-28 09:00:00,11.5,87,17.4,88.0,814.2
2017-03-28 10:00:00,14.1,68,20.5,273.0,815.6
2017-03-28 11:00:00,15.6,58,20.1,378.0,816.3
2017-03-28 12:00:00,17.1,50,19.9,461.0,816.7
2017-03-28 13:00:00,18.2,47,18.6,469.0,816.2
2017-03-28 14:00:00,18.6,46,17.9,462.0,815.5
2017-03-28 15:00:00,21.1,36,16.1,705.0,815.0
2017-03-28 16:00:00,22.1,34,16.6,798.0,814.2
2017-03-28 17:00:00,22.0,33,17.9,627.0,813.7
2017-03-28 18:00:00,21.4,35,11.9,345.0,813.6
2017-03-28 19:00:00,19.3,42,6.6,116.0,813.0
2017-03-28 20:00:00,16.4,55,15.0,6.0,812.5
2017-03-28 21:00:00,14.8,64,9.5,0.0,812.6
2017-03-28 22:00:00,13.5,71,7.4,0.0,812.8
2017-03-28 23:00:00,11.6,84,7.7,0.0,812.3
2017-03-29 00:00:00,10.7,90,8.7,0.0,812.1
2017-03-29 01:00:00,10.7,91,8.3,0.0,812.3
2017-03-29 02:00:00,10.2,92,9.2,0.0,811.8
2017-03-29 03:00:00,11.4,88,7.7,0.0,812.1
2017-03-29 04:00:00,11.8,87,6.9,0.0,811.7
2017-03-29 05:00:00,10.6,91,7.5,0.0,811.0
2017-03-29 06:00:00,12.1,89,6.7,0.0,812.2
2017-03-29 07:00:00,8.7,98,9.0,0.0,810.8
2017-03-29 08:00:00,12.3,94,5.5,46.0,813.5
2017-03-29 09:00:00,14.9,84,11.2,205.0,815.5
2017-03-29 10:00:00,16.8,74,14.7,364.0,816.5
2017-03-29 11:00:00,18.7,59,17.8,530.0,816.9
2017-03-29 12:00:00,20.2,49,19.0,695.0,816.9
2017-03-29 13:00:00,19.7,43,24.0,751.0,816.1
2017-03-29 14:00:00,20.3,43,19.5,624.0,814.9
2017-03-29 15:00:00,20.5,45,19.7,715.0,813.8
2017-03-29 16:00:00,17.0,62,19.9,561.0,812.7
2017-03-29 17:00:00,18.8,49,14.8,287.0,812.2
2017-03-29 18:00:00,19.1,48,17.1,312.0,812.5
2017-03-29 19:00:00,16.9,61,12.9,113.0,812.4
2017-03-29 20:00:00,15.7,70,12.6,5.0,811.8
2017-03-29 21:00:00,14.9,75,13.8,0.0,812.8
2017-03-29 22:00:00,14.0,81,10.4,0.0,813.4
2017-03-29 23:00:00,12.8,87,8.6,0.0,813.3
2017-03-30 00:00:00,12.6,87,8.7,0.0,813.6
2017-03-30 01:00:00,12.7,86,10.0,0.0,813.5
2017-03-30 02:00:00,12.8,87,10.6,0.0,813.8
2017-03-30 03:00:00,12.5,90,7.8,0.0,813.2
2017-03-30 04:00:00,12.0,91,6.4,0.0,812.6
2017-03-30 05:00:00,12.3,92,6.3,0.0,812.7
2017-03-30 06:00:00,11.9,93,6.0,0.0,812.7
2017-03-30 07:00:00,11.9,94,5.2,0.0,813.0
2017-03-30 08:00:00,13.2,91,9.0,32.0,814.4
2017-03-30 09:00:00,15.3,79,14.7,193.0,816.0
2017-03-30 10:00:00,17.1,71,16.7,372.0,817.0
2017-03-30 11:00:00,18.6,63,17.4,547.0,817.6
2017-03-30 12:00:00,20.2,57,15.6,718.0,817.8
2017-03-30 13:00:00,20.3,59,13.7,626.0,816.8
2017-03-30 14:00:00,19.1,62,19.1,808.0,815.7
2017-03-30 15:00:00,18.3,61,7.9,468.0,814.9
2017-03-30 16:00:00,15.4,84,8.0,253.0,813.7
2017-03-30 17:00:00,15.9,91,5.2,311.0,813.7
2017-03-30 18:00:00,15.4,90,4.0,158.0,813.8
2017-03-30 19:00:00,14.6,98,2.6,41.0,813.9
2017-03-30 20:00:00,13.9,82,5.8,1.0,813.6
2017-03-30 21:00:00,13.7,88,5.4,0.0,814.4
2017-03-30 22:00:00,13.9,87,5.6,0.0,816.1
2017-03-30 23:00:00,12.1,97,11.6,0.0,816.2
2017-03-31 00:00:00,10.6,96,12.5,0.0,816.0
2017-03-31 01:00:00,9.7,95,10.9,0.0,815.8
2017-03-31 02:00:00,8.8,96,14.8,0.0,815.7
2017-03-31 03:00:00,7.3,96,15.0,0.0,815.0
2017-03-31 04:00:00,6.8,95,15.7,0.0,814.3
2017-03-31 05:00:00,6.2,95,16.0,0.0,814.2
2017-03-31 06:00:00,5.7,96,15.1,0.0,814.5
2017-03-31 07:00:00,5.5,96,13.0,0.0,815.1
2017-03-31 08:00:00,5.2,93,14.0,5.0,816.7
2017-03-31 09:00:00,6.1,89,14.3,58.0,817.6
2017-03-31 10:00:00,7.7,84,12.7,155.0,818.6
2017-03-31 11:00:00,9.2,84,7.5,263.0,818.8
2017-03-31 12:00:00,12.4,69,9.1,767.0,819.7
2017-03-31 13:00:00,14.4,59,8.6,693.0,819.5
2017-03-31 14:00:00,15.8,54,8.6,715.0,818.5
2017-03-31 15:00:00,15.9,54,9.9,539.0,817.4
2017-03-31 16:00:00,15.3,57,11.3,370.0,816.5
2017-03-31 17:00:00,14.9,58,10.8,254.0,816.0
2017-03-31 18:00:00,14.5,59,11.4,150.0,816.2
2017-03-31 19:00:00,13.7,60,9.9,53.0,816.6
2017-03-31 20:00:00,11.7,69,4.3,3.0,816.6
2017-03-31 21:00:00,11.6,69,7.7,0.0,817.3
2017-03-31 22:00:00,10.4,75,4.8,0.0,816.9
2017-03-31 23:00:00,8.0,87,7.1,0.0,816.2
2017-04-01 00:00:00,6.7,90,8.3,0.0,816.3
2017-04-01 01:00:00,6.5,91,7.9,0.0,816.2
2017-04-01 02:00:00,6.6,90,7.2,0.0,816.0
2017-04-01 03:00:00,6.7,88,6.6,0.0,815.9
2017-04-01 04:00:00,7.1,87,6.0,0.0,815.9
2017-04-01 05:00:00,6.2,93,5.4,0.0,815.1
2017-04-01 06:00:00,7.9,85,5.0,0.0,816.2
2017-04-01 07:00:00,7.6,87,3.8,0.0,816.2
2017-04-01 08:00:00,7.9,85,6.2,18.0,817.9
2017-04-01 09:00:00,9.1,78,9.4,110.0,818.8
2017-04-01 10:00:00,11.3,68,11.3,295.0,819.8
2017-04-01 11:00:00,12.9,62,12.9,465.0,820.3
2017-04-01 12:00:00,13.5,60,13.1,436.0,820.0
2017-04-01 13:00:00,14.6,57,11.8,501.0,819.3
2017-04-01 14:00:00,15.4,54,10.0,445.0,818.5
2017-04-01 15:00:00,16.4,50,9.3,481.0,817.3
2017-04-01 16:00:00,16.6,48,10.0,374.0,816.4
2017-04-01 17:00:00,15.9,51,13.6,209.0,815.5
2017-04-01 18:00:00,14.5,61,13.4,104.0,815.1
2017-04-01 19:00:00,12.9,73,11.2,34.0,815.2
2017-04-01 20:00:00,11.7,81,7.9,2.0,816.2
2017-04-01 21:00:00,10.8,95,5.4,0.0,815.8
2017-04-01 22:00:00,10.6,96,5.4,0.0,816.1
2017-04-01 23:00:00,10.4,97,4.2,0.0,816.1
2017-04-02 00:00:00,10.4,97,3.9,0.0,816.2
2017-04-02 01:00:00,10.2,97,4.9,0.0,816.0
2017-04-02 02:00:00,10.0,97,6.0,0.0,815.5
2017-04-02 03:00:00,9.8,97,6.3,0.0,814.8
2017-04-02 04:00:00,9.6,97,6.6,0.0,814.1
2017-04-02 05:00:00,9.4,97,8.4,0.0,813.6
2017-04-02 06:00:00,9.4,94,10.5,0.0,813.8
2017-04-02 07:00:00,9.3,95,11.4,0.0,813.7
2017-04-02 08:00:00,9.7,97,11.7,7.0,814.9
2017-04-02 09:00:00,10.0,99,12.0,21.0,815.5
2017-04-02 10:00:00,11.0,97,14.1,77.0,816.1
2017-04-02 11:00:00,11.7,96,16.2,124.0,816.2
2017-04-02 12:00:00,12.2,93,16.3,120.0,816.1
2017-04-02 13:00:00,12.7,97,15.6,146.0,815.8
2017-04-02 14:00:00,13.2,90,16.5,187.0,815.3
2017-04-02 15:00:00,14.9,79,16.9,348.0,815.0
2017-04-02 16:00:00,16.0,67,16.4,394.0,814.0
2017-04-02 17:00:00,16.7,63,20.1,446.0,813.6
2017-04-02 18:00:00,16.1,67,16.8,251.0,813.4
2017-04-02 19:00:00,14.8,74,12.8,99.0,813.1
2017-04-02 20:00:00,13.1,81,12.1,6.0,812.9
2017-04-02 21:00:00,12.1,91,13.7,0.0,813.1
2017-04-02 22:00:00,11.9,93,12.5,0.0,813.8
2017-04-02 23:00:00,11.4,95,10.6,0.0,813.7
2017-04-03 00:00:00,11.3,95,11.1,0.0,814.0
2017-04-03 01:00:00,10.9,95,13.3,0.0,813.7
2017-04-03 02:00:00,11.4,93,13.8,0.0,813.6
2017-04-03 03:00:00,11.3,93,11.9,0.0,813.1
2017-04-03 04:00:00,11.2,93,9.7,0.0,812.5
2017-04-03 05:00:00,11.2,92,9.7,0.0,812.6
2017-04-03 06:00:00,11.4,92,9.7,0.0,812.7
2017-04-03 07:00:00,11.6,92,9.5,0.0,813.1
2017-04-03 08:00:00,11.8,91,13.8,14.0,814.1
2017-04-03 09:00:00,13.1,83,19.2,98.0,815.0
2017-04-03 10:00:00,14.9,73,20.7,228.0,815.7
2017-04-03 11:00:00,16.6,63,21.6,387.0,816.6
2017-04-03 12:00:00,18.1,56,21.3,568.0,816.6
2017-04-03 13:00:00,19.7,50,24.2,841.0,816.1
2017-04-03 14:00:00,19.7,50,24.9,763.0,815.1
2017-04-03 15:00:00,20.4,45,23.8,764.0,814.5
2017-04-03 16:00:00,20.0,49,22.4,660.0,813.4
2017-04-03 17:00:00,19.8,48,23.0,526.0,813.0
2017-04-03 18:00:00,18.7,53,19.9,288.0,812.8
2017-04-03 19:00:00,16.9,64,13.7,109.0,812.7
2017-04-03 20:00:00,14.7,74,11.7,8.0,812.3
2017-04-03 21:00:00,13.8,79,11.7,0.0,812.9
2017-04-03 22:00:00,13.0,86,10.8,0.0,813.0
2017-04-03 23:00:00,12.6,89,10.2,0.0,813.5
2017-04-04 00:00:00,12.2,91,9.0,0.0,813.6
2017-04-04 01:00:00,11.9,92,9.2,0.0,813.3
2017-04-04 02:00:00,11.9,93,9.7,0.0,813.3
2017-04-04 03:00:00,11.7,94,8.2,0.0,812.8
2017-04-04 04:00:00,12.1,95,10.3,0.0,812.8
2017-04-04 05:00:00,12.1,95,10.6,0.0,812.5
2017-04-04 06:00:00,11.8,96,9.2,0.0,812.3
2017-04-04 07:00:00,12.0,95,9.2,0.0,813.0
2017-04-04 08:00:00,12.4,88,14.5,36.0,814.2
2017-04-04 09:00:00,13.9,77,16.6,207.0,815.0
2017-04-04 10:00:00,15.6,65,19.6,413.0,815.8
2017-04-04 11:00:00,17.7,52,24.8,619.0,816.5
2017-04-04 12:00:00,18.6,49,27.1,729.0,816.5
2017-04-04 13:00:00,17.8,51,21.7,419.0,815.7
2017-04-04 14:00:00,18.6,50,22.5,541.0,815.1
2017-04-04 15:00:00,19.6,43,22.7,577.0,814.3
2017-04-04 16:00:00,19.9,42,20.5,567.0,813.3
2017-04-04 17:00:00,20.2,39,20.6,572.0,812.8
2017-04-04 18:00:00,19.0,46,15.2,250.0,812.5
2017-04-04 19:00:00,17.6,49,11.7,148.0,812.0
2017-04-04 20:00:00,15.2,59,7.3,8.0,811.1
2017-04-04 21:00:00,14.8,63,7.7,0.0,811.6
2017-04-04 22:00:00,13.6,69,7.9,0.0,811.9
2017-04-04 23:00:00,12.8,76,7.9,0.0,812.2
2017-04-05 00:00:00,11.9,81,6.9,0.0,811.8
2017-04-05 01:00:00,10.9,84,7.1,0.0,811.1
2017-04-05 02:00:00,10.7,85,7.2,0.0,810.8
2017-04-05 03:00:00,10.0,86,8.1,0.0,810.0
2017-04-05 04:00:00,9.3,86,8.6,0.0,809.1
2017-04-05 05:00:00,8.9,87,8.7,0.0,808.8
2017-04-05 06:00:00,8.9,87,8.2,0.0,808.8
2017-04-05 07:00:00,9.0,88,7.4,0.0,809.2
2017-04-05 08:00:00,12.4,79,11.3,76.0,811.7
2017-04-05 09:00:00,14.7,69,15.9,300.0,813.2
2017-04-05 10:00:00,16.5,56,23.6,513.0,814.1
2017-04-05 11:00:00,18.4,46,25.0,677.0,814.5
2017-04-05 12:00:00,19.1,47,24.4,810.0,814.3
2017-04-05 13:00:00,20.0,43,23.5,751.0,813.9
2017-04-05 14:00:00,20.0,45,23.8,919.0,813.4
2017-04-05 15:00:00,20.2,45,22.2,682.0,812.0
2017-04-05 16:00:00,20.1,41,24.3,657.0,811.5
2017-04-05 17:00:00,19.7,44,20.1,486.0,810.9
2017-04-05 18:00:00,19.1,46,16.7,304.0,810.6
2017-04-05 19:00:00,17.8,50,12.6,128.0,810.4
2017-04-05 20:00:00,14.5,61,7.9,7.0,809.3
2017-04-05 21:00:00,14.4,62,7.9,0.0,810.0
2017-04-05 22:00:00,12.7,71,6.2,0.0,809.6
2017-04-05 23:00:00,11.3,78,7.6,0.0,809.3
2017-04-06 00:00:00,10.8,81,7.9,0.0,809.5
2017-04-06 01:00:00,9.9,83,9.3,0.0,808.9
2017-04-06 02:00:00,9.7,82,9.0,0.0,808.8
2017-04-06 03:00:00,9.6,81,8.4,0.0,808.4
2017-04-06 04:00:00,9.5,81,8.0,0.0,808.3
2017-04-06 05:00:00,8.6,84,9.7,0.0,807.6
2017-04-06 06:00:00,9.1,81,8.7,0.0,808.2
2017-04-06 07:00:00,10.1,77,7.9,0.0,809.3
2017-04-06 08:00:00,11.8,77,6.8,80.0,811.6
2017-04-06 09:00:00,14.5,67,11.6,304.0,813.5
2017-04-06 10:00:00,16.7,58,14.8,545.0,814.5
2017-04-06 11:00:00,18.4,51,15.2,757.0,815.0
2017-04-06 12:00:00,20.1,43,15.5,916.0,815.1
2017-04-06 13:00:00,21.3,39,15.7,1010.0,814.8
2017-04-06 14:00:00,22.0,38,16.2,1023.0,814.2
2017-04-06 15:00:00,22.7,37,16.6,963.0,813.5
2017-04-06 16:00:00,22.9,36,17.9,830.0,812.6
2017-04-06 17:00:00,22.6,38,17.4,637.0,812.0
2017-04-06 18:00:00,21.8,40,17.2,402.0,811.7
2017-04-06 19:00:00,19.6,47,11.2,160.0,810.8
2017-04-06 20:00:00,15.5,64,10.3,10.0,808.2
2017-04-06 21:00:00,14.3,72,8.0,0.0,808.1
2017-04-06 22:00:00,14.7,68,7.3,0.0,809.3
2017-04-06 23:00:00,13.3,75,7.3,0.0,809.5
2017-04-07 00:00:00,12.5,77,8.1,0.0,809.4
2017-04-07 01:00:00,11.9,77,8.6,0.0,809.0
2017-04-07 02:00:00,11.7,75,8.1,0.0,808.7
2017-04-07 03:00:00,11.4,77,7.9,0.0,808.3
2017-04-07 04:00:00,11.0,78,8.3,0.0,807.8
2017-04-07 05:00:00,10.7,79,8.6,0.0,807.4
2017-04-07 06:00:00,10.3,81,9.1,0.0,807.4
2017-04-07 07:00:00,10.3,81,8.8,0.0,807.7
2017-04-07 08:00:00,14.4,71,9.4,81.0,810.9
2017-04-07 09:00:00,17.2,62,14.2,305.0,812.7
2017-04-07 10:00:00,19.2,52,21.6,544.0,813.8
2017-04-07 11:00:00,20.7,45,22.2,676.0,814.2
2017-04-07 12:00:00,20.9,46,21.3,506.0,813.5
2017-04-07 13:00:00,20.6,47,19.3,344.0,813.0
2017-04-07 14:00:00,21.7,43,20.9,499.0,812.7
2017-04-07 15:00:00,21.4,45,21.9,402.0,811.8
2017-04-07 16:00:00,22.7,37,21.2,540.0,811.5
2017-04-07 17:00:00,21.2,44,19.6,263.0,810.8
2017-04-07 18:00:00,20.7,46,15.1,200.0,810.9
2017-04-07 19:00:00,19.8,49,11.8,116.0,810.4
2017-04-07 20:00:00,16.9,57,7.7,9.0,809.0
2017-04-07 21:00:00,16.7,61,10.4,0.0,809.7
2017-04-07 22:00:00,16.0,65,11.2,0.0,810.3
2017-04-07 23:00:00,15.0,69,9.7,0.0,810.1
2017-04-08 00:00:00,14.7,70,10.9,0.0,810.0
2017-04-08 01:00:00,14.5,72,10.5,0.0,809.9
2017-04-08 02:00:00,13.7,76,9.3,0.0,809.4
2017-04-08 03:00:00,13.2,79,8.2,0.0,808.7
2017-04-08 04:00:00,12.8,81,7.9,0.0,808.5
2017-04-08 05:00:00,12.9,80,9.1,0.0,808.3
2017-04-08 06:00:00,13.4,76,12.4,0.0,808.9
2017-04-08 07:00:00,13.4,77,12.1,0.0,809.3
2017-04-08 08:00:00,15.5,69,12.7,84.0,811.3
2017-04-08 09:00:00,18.2,59,15.0,309.0,813.2
2017-04-08 10:00:00,20.2,51,23.1,549.0,814.4
2017-04-08 11:00:00,21.7,45,23.8,726.0,814.8
2017-04-08 12:00:00,23.7,37,22.4,875.0,815.0
2017-04-08 13:00:00,24.8,35,25.2,947.0,814.6
2017-04-08 14:00:00,24.8,35,24.0,683.0,813.7
2017-04-08 15:00:00,25.8,32,19.1,571.0,812.8
2017-04-08 16:00:00,24.0,41,23.7,415.0,811.7
2017-04-08 17:00:00,24.1,41,27.0,389.0,811.7
2017-04-08 18:00:00,23.6,40,21.3,302.0,811.6
2017-04-08 19:00:00,21.8,46,18.0,128.0,811.2
2017-04-08 20:00:00,19.8,47,14.1,10.0,810.3
2017-04-08 21:00:00,18.7,51,12.1,0.0,810.5
2017-04-08 22:00:00,17.8,56,11.2,0.0,810.8
2017-04-08 23:00:00,17.5,58,12.9,0.0,810.9
2017-04-09 00:00:00,17.3,60,14.0,0.0,811.2
2017-04-09 01:00:00,16.9,61,14.0,0.0,810.8
2017-04-09 02:00:00,16.6,63,14.1,0.0,810.4
2017-04-09 03:00:00,16.2,64,13.6,0.0,809.6
2017-04-09 04:00:00,15.8,64,12.8,0.0,809.2
2017-04-09 05:00:00,15.4,65,12.4,0.0,809.0
2017-04-09 06:00:00,15.0,66,12.4,0.0,809.0
2017-04-09 07:00:00,14.4,69,11.0,0.0,809.2
2017-04-09 08:00:00,16.9,59,16.0,90.0,811.2
2017-04-09 09:00:00,19.5,51,18.7,319.0,813.2
2017-04-09 10:00:00,21.1,42,23.2,561.0,814.3
2017-04-09 11:00:00,22.9,34,23.6,769.0,814.7
2017-04-09 12:00:00,24.2,30,23.4,929.0,814.8
2017-04-09 13:00:00,25.5,26,24.8,1019.0,814.4
2017-04-09 14:00:00,26.3,24,26.2,1030.0,813.7
2017-04-09 15:00:00,26.7,23,26.6,966.0,812.6
2017-04-09 16:00:00,26.9,22,28.2,830.0,811.9
2017-04-09 17:00:00,27.5,20,25.0,644.0,811.0
2017-04-09 18:00:00,26.1,24,20.0,406.0,810.2
2017-04-09 19:00:00,23.8,31,23.4,136.0,810.1
2017-04-09 20:00:00,20.9,35,14.7,11.0,809.6
2017-04-09 21:00:00,20.0,38,16.8,0.0,810.0
2017-04-09 22:00:00,19.2,39,15.3,0.0,810.5
2017-04-09 23:00:00,18.7,38,15.3,0.0,810.6
2017-04-10 00:00:00,18.5,38,17.1,0.0,810.6
2017-04-10 01:00:00,17.7,40,13.9,0.0,810.1
2017-04-10 02:00:00,17.1,41,13.7,0.0,809.7
2017-04-10 03:00:00,16.9,39,14.7,0.0,809.1
2017-04-10 04:00:00,16.4,41,13.8,0.0,808.7
2017-04-10 05:00:00,15.7,44,11.9,0.0,808.3
2017-04-10 06:00:00,14.9,48,10.1,0.0,808.2
2017-04-10 07:00:00,14.2,52,9.1,0.0,808.5
2017-04-10 08:00:00,17.0,41,13.7,93.0,810.9
2017-04-10 09:00:00,19.9,36,15.1,326.0,812.8
2017-04-10 10:00:00,21.6,30,24.2,565.0,814.2
2017-04-10 11:00:00,23.1,29,25.7,770.0,814.6
2017-04-10 12:00:00,24.6,27,31.0,925.0,814.5
2017-04-10 13:00:00,25.3,24,32.4,749.0,813.8
2017-04-10 14:00:00,25.6,25,31.2,768.0,812.9
2017-04-10 15:00:00,26.3,22,30.8,672.0,811.8
2017-04-10 16:00:00,25.8,28,31.1,798.0,811.1
2017-04-10 17:00:00,26.2,23,27.2,528.0,810.3
2017-04-10 18:00:00,25.0,28,24.0,406.0,809.7
2017-04-10 19:00:00,23.6,28,16.4,166.0,809.4
2017-04-10 20:00:00,21.7,33,18.5,11.0,809.3
2017-04-10 21:00:00,20.6,36,16.6,0.0,809.7
2017-04-10 22:00:00,19.9,36,17.8,0.0,810.6
2017-04-10 23:00:00,18.9,37,15.5,0.0,810.9
2017-04-11 00:00:00,18.1,38,14.1,0.0,810.9
2017-04-11 01:00:00,16.9,42,9.4,0.0,810.1
2017-04-11 02:00:00,15.2,50,7.2,0.0,808.8
2017-04-11 03:00:00,14.1,57,8.7,0.0,807.9
2017-04-11 04:00:00,13.1,63,9.6,0.0,807.0
2017-04-11 05:00:00,12.6,66,9.6,0.0,806.8
2017-04-11 06:00:00,12.6,67,9.8,0.0,807.1
2017-04-11 07:00:00,12.2,70,9.7,0.0,807.6
2017-04-11 08:00:00,17.0,49,12.6,95.0,811.6
2017-04-11 09:00:00,20.0,36,17.8,330.0,813.8
2017-04-11 10:00:00,21.6,29,23.7,574.0,814.9
2017-04-11 11:00:00,23.0,23,25.1,785.0,815.4
2017-04-11 12:00:00,24.3,22,23.4,943.0,815.4
2017-04-11 13:00:00,25.1,23,23.5,1027.0,815.2
2017-04-11 14:00:00,25.9,21,26.4,996.0,814.5
2017-04-11 15:00:00,26.1,19,24.4,864.0,813.3
2017-04-11 16:00:00,27.5,16,27.3,839.0,812.3
2017-04-11 17:00:00,27.4,14,28.6,626.0,811.4
2017-04-11 18:00:00,24.6,24,24.9,366.0,811.2
2017-04-11 19:00:00,23.4,24,17.6,163.0,811.3
2017-04-11 20:00:00,20.6,30,12.2,11.0,811.2
2017-04-11 21:00:00,18.2,37,7.7,0.0,810.9
2017-04-11 22:00:00,15.9,47,8.4,0.0,810.7
2017-04-11 23:00:00,14.8,53,9.2,0.0,810.8
2017-04-12 00:00:00,17.5,44,7.5,0.0,812.8
2017-04-12 01:00:00,17.9,44,4.7,0.0,813.2
2017-04-12 02:00:00,17.3,46,1.5,0.0,812.8
2017-04-12 03:00:00,13.2,61,2.2,0.0,810.3
2017-04-12 04:00:00,11.8,67,5.3,0.0,809.2
2017-04-12 05:00:00,10.6,98,18.9,0.0,811.4
2017-04-12 06:00:00,10.8,96,10.9,0.0,811.8
2017-04-12 07:00:00,11.6,87,13.7,0.0,813.4
2017-04-12 08:00:00,12.5,82,14.6,41.0,814.2
2017-04-12 09:00:00,13.6,72,13.1,218.0,815.5
2017-04-12 10:00:00,15.4,64,13.3,412.0,816.8
2017-04-12 11:00:00,18.7,48,10.7,753.0,817.6
2017-04-12 12:00:00,20.2,44,10.7,871.0,817.9
2017-04-12 13:00:00,20.2,46,10.1,846.0,817.2
2017-04-12 14:00:00,21.3,42,12.1,898.0,816.3
2017-04-12 15:00:00,23.8,30,12.7,953.0,815.4
2017-04-12 16:00:00,23.0,33,15.5,769.0,814.0
2017-04-12 17:00:00,22.3,37,14.2,563.0,813.4
2017-04-12 18:00:00,21.0,44,20.7,382.0,813.1
2017-04-12 19:00:00,19.2,52,16.8,167.0,813.1
2017-04-12 20:00:00,17.2,44,15.5,12.0,813.2
2017-04-12 21:00:00,14.1,72,10.9,0.0,813.9
2017-04-12 22:00:00,13.2,75,12.7,0.0,814.9
2017-04-12 23:00:00,12.5,77,9.0,0.0,815.7
2017-04-13 00:00:00,12.4,74,12.1,0.0,816.4
2017-04-13 01:00:00,11.9,75,11.6,0.0,816.3
2017-04-13 02:00:00,11.9,75,10.5,0.0,816.4
2017-04-13 03:00:00,12.1,76,11.9,0.0,816.1
2017-04-13 04:00:00,12.0,77,12.2,0.0,815.7
2017-04-13 05:00:00,11.8,78,10.5,0.0,815.5
2017-04-13 06:00:00,11.7,78,10.2,0.0,815.4
2017-04-13 07:00:00,11.7,79,9.1,0.0,815.9
2017-04-13 08:00:00,12.4,78,9.1,28.0,817.2
2017-04-13 09:00:00,13.6,73,9.5,129.0,818.3
2017-04-13 10:00:00,14.8,68,9.2,218.0,819.4
2017-04-13 11:00:00,16.4,61,7.6,343.0,819.5
2017-04-13 12:00:00,18.1,53,8.3,494.0,819.5
2017-04-13 13:00:00,18.9,52,10.0,577.0,818.9
2017-04-13 14:00:00,20.0,50,12.1,757.0,818.2
2017-04-13 15:00:00,20.7,47,14.3,768.0,817.2
2017-04-13 16:00:00,20.9,46,18.0,708.0,815.9
2017-04-13 17:00:00,20.0,48,17.8,545.0,815.4
2017-04-13 18:00:00,20.1,46,15.4,275.0,814.6
2017-04-13 19:00:00,18.6,57,16.2,133.0,814.5
2017-04-13 20:00:00,17.8,59,15.3,12.0,813.5
2017-04-13 21:00:00,16.4,73,15.9,0.0,814.1
2017-04-13 22:00:00,15.2,81,11.8,0.0,814.7
2017-04-13 23:00:00,14.4,86,9.8,0.0,815.1
2017-04-14 00:00:00,13.4,89,6.6,0.0,814.7
2017-04-14 01:00:00,12.7,90,6.3,0.0,814.1
2017-04-14 02:00:00,11.9,91,6.2,0.0,813.5
2017-04-14 03:00:00,11.2,93,7.4,0.0,812.6
2017-04-14 04:00:00,11.2,95,7.3,0.0,812.3
2017-04-14 05:00:00,12.2,94,5.6,0.0,812.8
2017-04-14 06:00:00,13.5,93,9.0,0.0,813.7
2017-04-14 07:00:00,13.8,91,11.6,1.0,814.1
2017-04-14 08:00:00,14.8,83,16.5,47.0,815.6
2017-04-14 09:00:00,16.4,71,18.8,191.0,816.7
2017-04-14 10:00:00,18.5,57,19.0,409.0,817.4
2017-04-14 11:00:00,20.7,42,22.0,627.0,817.5
2017-04-14 12:00:00,22.5,33,24.2,852.0,817.5
2017-04-14 13:00:00,23.8,27,21.8,919.0,816.5
2017-04-14 14:00:00,24.9,23,21.7,937.0,815.8
2017-04-14 15:00:00,24.7,24,20.9,798.0,814.4
2017-04-14 16:00:00,25.3,21,19.5,735.0,813.4
2017-04-14 17:00:00,24.8,21,19.5,534.0,812.7
2017-04-14 18:00:00,24.0,22,17.7,317.0,811.9
2017-04-14 19:00:00,21.9,31,14.8,140.0,811.7
2017-04-14 20:00:00,18.5,34,7.9,13.0,810.5
2017-04-14 21:00:00,18.6,37,12.8,0.0,811.6
2017-04-14 22:00:00,17.7,43,11.2,0.0,812.1
2017-04-14 23:00:00,16.2,55,9.7,0.0,812.3
2017-04-15 00:00:00,15.2,65,9.3,0.0,812.4
2017-04-15 01:00:00,14.6,72,9.9,0.0,812.0
2017-04-15 02:00:00,14.1,78,10.3,0.0,812.0
2017-04-15 03:00:00,13.8,82,9.6,0.0,811.7
2017-04-15 04:00:00,13.6,84,8.3,0.0,811.4
2017-04-15 05:00:00,13.3,86,6.8,0.0,810.9
2017-04-15 06:00:00,13.2,85,6.9,0.0,811.0
2017-04-15 07:00:00,13.1,85,6.8,1.0,811.4
2017-04-15 08:00:00,15.2,74,12.0,60.0,813.2
2017-04-15 09:00:00,17.2,65,15.7,232.0,814.5
2017-04-15 10:00:00,19.4,48,21.1,433.0,815.5
2017-04-15 11:00:00,21.0,36,22.0,600.0,815.9
2017-04-15 12:00:00,22.5,30,21.5,812.0,815.8
2017-04-15 13:00:00,23.8,27,19.8,953.0,815.6
2017-04-15 14:00:00,24.4,26,19.0,902.0,814.7
2017-04-15 15:00:00,25.3,24,20.8,863.0,813.9
2017-04-15 16:00:00,24.7,24,21.3,738.0,812.9
2017-04-15 17:00:00,24.8,23,17.9,568.0,812.3
2017-04-15 18:00:00,23.8,24,19.4,379.0,811.7
2017-04-15 19:00:00,22.5,26,14.3,168.0,811.4
2017-04-15 20:00:00,20.1,33,10.9,10.0,811.8
2017-04-15 21:00:00,19.1,43,14.5,0.0,812.4
2017-04-15 22:00:00,18.0,53,12.9,0.0,812.9
2017-04-15 23:00:00,17.4,58,10.9,0.0,813.3
2017-04-16 00:00:00,16.8,62,9.7,0.0,813.3
2017-04-16 01:00:00,16.4,66,9.0,0.0,812.9
2017-04-16 02:00:00,15.5,72,8.4,0.0,812.1
2017-04-16 03:00:00,14.9,76,8.9,0.0,811.6
2017-04-16 04:00:00,15.1,75,9.7,0.0,811.6
2017-04-16 05:00:00,14.8,76,8.2,0.0,811.2
2017-04-16 06:00:00,14.5,78,8.9,0.0,811.6
2017-04-16 07:00:00,14.1,81,6.6,1.0,811.3
2017-04-16 08:00:00,15.7,74,8.6,72.0,813.4
2017-04-16 09:00:00,17.4,66,11.2,182.0,815.0
2017-04-16 10:00:00,19.2,56,13.7,328.0,815.9
2017-04-16 11:00:00,19.5,52,14.5,285.0,816.0
2017-04-16 12:00:00,20.4,46,15.8,380.0,816.0
2017-04-16 13:00:00,22.1,41,19.5,684.0,816.4
2017-04-16 14:00:00,20.8,44,18.6,428.0,815.4
2017-04-16 15:00:00,20.6,47,19.1,535.0,815.0
2017-04-16 16:00:00,19.8,56,16.6,365.0,814.3
2017-04-16 17:00:00,17.6,73,10.5,137.0,813.6
2017-04-16 18:00:00,17.2,78,10.5,99.0,813.3
2017-04-16 19:00:00,16.7,80,8.0,61.0,813.6
2017-04-16 20:00:00,14.7,91,3.6,3.0,814.6
2017-04-16 21:00:00,14.9,91,2.2,0.0,815.1
2017-04-16 22:00:00,14.6,96,3.1,0.0,815.6
2017-04-16 23:00:00,14.6,93,4.0,0.0,816.0
2017-04-17 00:00:00,14.0,92,5.4,0.0,815.7
2017-04-17 01:00:00,14.0,94,3.4,0.0,815.7
2017-04-17 02:00:00,14.7,80,1.1,0.0,815.7
2017-04-17 03:00:00,14.6,78,0.4,0.0,815.0
2017-04-17 04:00:00,14.5,78,1.1,0.0,814.5
2017-04-17 05:00:00,13.6,95,1.8,0.0,814.0
2017-04-17 06:00:00,13.2,95,2.9,0.0,814.0
2017-04-17 07:00:00,12.5,95,11.3,0.0,813.9
2017-04-17 08:00:00,10.0,95,14.0,12.0,815.0
2017-04-17 09:00:00,10.4,88,15.0,60.0,815.7
2017-04-17 10:00:00,9.8,94,12.0,65.0,815.8
2017-04-17 11:00:00,9.9,95,12.1,101.0,816.2
2017-04-17 12:00:00,10.3,94,13.2,134.0,815.9
2017-04-17 13:00:00,10.9,93,12.6,174.0,815.6
2017-04-17 14:00:00,11.2,93,11.4,169.0,815.1
2017-04-17 15:00:00,12.1,86,14.0,165.0,814.3
2017-04-17 16:00:00,12.4,82,13.2,135.0,813.3
2017-04-17 17:00:00,12.2,80,9.0,83.0,813.2
2017-04-17 18:00:00,12.0,80,9.7,60.0,812.8
2017-04-17 19:00:00,11.9,82,6.8,25.0,813.3
2017-04-17 20:00:00,10.9,90,7.6,2.0,814.3
2017-04-17 21:00:00,10.6,95,4.4,0.0,814.4
2017-04-17 22:00:00,10.4,96,4.8,0.0,814.1
2017-04-17 23:00:00,10.4,96,4.0,0.0,814.3
2017-04-18 00:00:00,10.4,96,2.6,0.0,814.2
2017-04-18 01:00:00,10.7,89,7.6,0.0,813.4
2017-04-18 02:00:00,10.9,88,3.5,0.0,813.0
2017-04-18 03:00:00,10.6,96,4.3,0.0,812.1
2017-04-18 04:00:00,10.5,97,5.4,0.0,811.5
2017-04-18 05:00:00,10.3,97,2.7,0.0,811.2
2017-04-18 06:00:00,10.3,94,4.3,0.0,810.8
2017-04-18 07:00:00,10.5,93,4.2,1.0,810.9
2017-04-18 08:00:00,10.2,92,7.4,54.0,811.5
2017-04-18 09:00:00,11.7,85,5.1,195.0,812.6
2017-04-18 10:00:00,14.4,69,1.3,537.0,813.7
2017-04-18 11:00:00,15.6,62,5.2,431.0,813.7
2017-04-18 12:00:00,17.2,56,6.8,486.0,814.1
2017-04-18 13:00:00,18.3,54,13.2,583.0,813.9
2017-04-18 14:00:00,19.1,52,13.7,635.0,813.5
2017-04-18 15:00:00,19.2,52,15.7,572.0,812.7
2017-04-18 16:00:00,18.4,54,16.3,320.0,811.8
2017-04-18 17:00:00,18.4,53,14.1,349.0,811.3
2017-04-18 18:00:00,18.8,49,12.7,297.0,810.9
2017-04-18 19:00:00,17.4,55,7.9,143.0,810.6
2017-04-18 20:00:00,12.7,77,9.8,12.0,809.2
2017-04-18 21:00:00,12.8,75,5.8,0.0,810.0
2017-04-18 22:00:00,12.2,78,6.5,0.0,810.0
2017-04-18 23:00:00,11.4,83,7.0,0.0,809.8
2017-04-19 00:00:00,11.7,84,6.1,0.0,809.8
2017-04-19 01:00:00,10.8,87,6.5,0.0,808.9
2017-04-19 02:00:00,10.4,89,6.9,0.0,808.2
2017-04-19 03:00:00,9.8,90,7.2,0.0,807.3
2017-04-19 04:00:00,9.2,92,6.1,0.0,806.6
2017-04-19 05:00:00,8.6,93,8.1,0.0,806.2
2017-04-19 06:00:00,9.0,93,7.4,0.0,806.3
2017-04-19 07:00:00,9.4,93,6.6,2.0,806.9
2017-04-19 08:00:00,12.8,86,7.5,110.0,809.2
2017-04-19 09:00:00,15.6,69,18.6,346.0,810.8
2017-04-19 10:00:00,17.3,59,19.9,476.0,811.7
2017-04-19 11:00:00,19.1,48,20.2,635.0,812.1
2017-04-19 12:00:00,20.0,45,18.4,636.0,812.2
2017-04-19 13:00:00,20.7,42,18.4,675.0,812.0
2017-04-19 14:00:00,21.9,38,16.8,657.0,811.7
2017-04-19 15:00:00,23.9,32,18.7,897.0,811.4
2017-04-19 16:00:00,24.1,31,21.1,833.0,810.8
2017-04-19 17:00:00,23.7,34,19.6,650.0,810.3
2017-04-19 18:00:00,22.5,37,17.4,418.0,809.9
2017-04-19 19:00:00,19.7,54,15.3,177.0,809.5
2017-04-19 20:00:00,16.3,63,9.8,15.0,808.9
2017-04-19 21:00:00,15.4,67,7.9,0.0,809.2
2017-04-19 22:00:00,13.5,77,7.2,0.0,809.0
2017-04-19 23:00:00,12.6,81,8.8,0.0,809.1
2017-04-20 00:00:00,15.4,69,6.4,0.0,811.1
2017-04-20 01:00:00,15.1,72,4.1,0.0,810.8
2017-04-20 02:00:00,14.8,73,3.3,0.0,810.5
2017-04-20 03:00:00,14.6,73,3.7,0.0,809.9
2017-04-20 04:00:00,14.4,73,3.6,0.0,809.6
2017-04-20 05:00:00,14.2,75,4.3,0.0,809.5
2017-04-20 06:00:00,14.0,78,4.8,0.0,809.7
2017-04-20 07:00:00,13.9,82,3.9,3.0,810.1
2017-04-20 08:00:00,14.4,78,0.8,111.0,811.9
2017-04-20 09:00:00,17.2,72,3.2,339.0,813.8
2017-04-20 10:00:00,19.7,59,9.4,556.0,814.8
2017-04-20 11:00:00,21.1,53,11.6,682.0,814.8
2017-04-20 12:00:00,21.9,49,11.8,636.0,814.7
2017-04-20 13:00:00,23.1,46,13.6,802.0,814.0
2017-04-20 14:00:00,23.7,45,15.7,868.0,813.0
2017-04-20 15:00:00,23.7,46,17.1,868.0,811.9
2017-04-20 16:00:00,23.3,47,17.1,545.0,811.1
2017-04-20 17:00:00,22.4,43,20.0,459.0,811.0
2017-04-20 18:00:00,19.8,64,12.0,214.0,810.8
2017-04-20 19:00:00,18.4,69,13.0,95.0,811.0
2017-04-20 20:00:00,17.5,70,11.9,9.0,810.7
2017-04-20 21:00:00,17.0,71,8.3,0.0,811.4
2017-04-20 22:00:00,16.0,77,7.9,0.0,811.7
2017-04-20 23:00:00,15.8,79,6.9,0.0,812.3
2017-04-21 00:00:00,14.2,87,5.2,0.0,811.5
2017-04-21 01:00:00,13.7,88,6.5,0.0,811.0
2017-04-21 02:00:00,13.9,88,5.0,0.0,810.8
2017-04-21 03:00:00,14.3,85,5.4,0.0,810.4
2017-04-21 04:00:00,14.2,85,1.6,0.0,810.1
2017-04-21 05:00:00,13.5,90,1.6,0.0,810.0
2017-04-21 06:00:00,12.5,95,7.9,0.0,810.0
2017-04-21 07:00:00,11.4,98,12.9,2.0,810.4
2017-04-21 08:00:00,10.7,97,18.1,88.0,812.1
2017-04-21 09:00:00,10.0,91,16.2,129.0,812.9
2017-04-21 10:00:00,10.6,83,18.2,240.0,813.8
2017-04-21 11:00:00,11.7,71,16.3,284.0,814.3
2017-04-21 12:00:00,12.8,65,18.7,375.0,814.6
2017-04-21 13:00:00,13.6,63,18.5,508.0,814.3
2017-04-21 14:00:00,15.7,59,17.1,678.0,813.7
2017-04-21 15:00:00,16.9,55,17.4,701.0,813.4
2017-04-21 16:00:00,16.4,55,17.7,616.0,812.9
2017-04-21 17:00:00,15.2,57,17.3,308.0,812.1
2017-04-21 18:00:00,14.0,60,16.9,145.0,811.8
2017-04-21 19:00:00,13.2,62,15.9,71.0,812.3
2017-04-21 20:00:00,11.8,69,12.2,6.0,812.5
2017-04-21 21:00:00,11.6,71,13.4,0.0,813.3
2017-04-21 22:00:00,11.2,73,14.0,0.0,813.9
2017-04-21 23:00:00,10.8,74,13.7,0.0,814.2
2017-04-22 00:00:00,10.5,75,12.2,0.0,814.4
2017-04-22 01:00:00,10.2,76,11.9,0.0,814.2
2017-04-22 02:00:00,9.7,81,11.1,0.0,813.7
2017-04-22 03:00:00,9.3,86,10.8,0.0,813.2
2017-04-22 04:00:00,9.1,87,10.5,0.0,812.9
2017-04-22 05:00:00,8.8,88,11.2,0.0,812.7
2017-04-22 06:00:00,8.6,88,11.1,0.0,812.5
2017-04-22 07:00:00,8.6,86,9.8,1.0,812.9
2017-04-22 08:00:00,8.2,88,11.0,27.0,813.7
2017-04-22 09:00:00,8.8,83,11.5,54.0,814.2
2017-04-22 10:00:00,9.6,81,9.4,90.0,814.6
2017-04-22 11:00:00,11.3,76,6.6,217.0,815.2
2017-04-22 12:00:00,12.4,73,4.8,204.0,815.2
2017-04-22 13:00:00,13.6,71,5.4,279.0,815.1
2017-04-22 14:00:00,14.5,70,7.1,274.0,814.4
2017-04-22 15:00:00,15.8,67,8.7,392.0,813.7
2017-04-22 16:00:00,16.4,66,9.4,352.0,812.7
2017-04-22 17:00:00,16.5,66,9.1,305.0,812.2
2017-04-22 18:00:00,16.0,68,12.9,203.0,811.8
2017-04-22 19:00:00,14.9,73,11.0,63.0,812.1
2017-04-22 20:00:00,14.9,78,4.6,7.0,811.9
2017-04-22 21:00:00,14.6,82,4.9,0.0,812.2
2017-04-22 22:00:00,14.6,85,9.2,0.0,812.9
2017-04-22 23:00:00,14.6,85,9.4,0.0,813.5
2017-04-23 00:00:00,14.0,88,7.5,0.0,813.4
2017-04-23 01:00:00,13.1,93,4.9,0.0,812.9
2017-04-23 02:00:00,13.0,93,4.6,0.0,812.2
2017-04-23 03:00:00,13.6,92,6.4,0.0,812.1
2017-04-23 04:00:00,13.1,99,7.7,0.0,811.6
2017-04-23 05:00:00,13.1,99,7.2,0.0,811.4
2017-04-23 06:00:00,13.0,99,8.0,0.0,811.2
2017-04-23 07:00:00,13.0,100,9.1,1.0,811.5
2017-04-23 08:00:00,13.8,95,10.8,35.0,813.1
2017-04-23 09:00:00,14.8,93,12.7,121.0,813.8
2017-04-23 10:00:00,15.8,89,11.8,199.0,815.0
2017-04-23 11:00:00,16.6,83,10.1,242.0,815.2
2017-04-23 12:00:00,18.3,75,12.3,430.0,815.4
2017-04-23 13:00:00,19.4,70,14.1,586.0,814.8
2017-04-23 14:00:00,18.1,72,16.2,388.0,813.6
2017-04-23 15:00:00,17.6,76,12.3,436.0,812.7
2017-04-23 16:00:00,17.1,76,11.6,367.0,811.9
2017-04-23 17:00:00,16.5,84,9.7,197.0,811.3
2017-04-23 18:00:00,16.3,88,8.4,121.0,811.1
2017-04-23 19:00:00,15.4,89,11.3,72.0,811.2
2017-04-23 20:00:00,14.7,93,4.9,7.0,810.7
2017-04-23 21:00:00,14.3,97,6.6,0.0,811.1
2017-04-23 22:00:00,14.0,97,7.2,0.0,811.7
2017-04-23 23:00:00,14.0,98,9.1,0.0,812.1
2017-04-24 00:00:00,13.9,98,7.3,0.0,812.0
2017-04-24 01:00:00,13.8,99,5.8,0.0,811.6
2017-04-24 02:00:00,13.9,97,10.1,0.0,811.1
2017-04-24 03:00:00,13.6,98,5.7,0.0,810.4
2017-04-24 04:00:00,13.5,98,5.8,0.0,809.8
2017-04-24 05:00:00,13.0,98,6.3,0.0,809.4
2017-04-24 06:00:00,13.0,97,6.1,0.0,809.6
2017-04-24 07:00:00,13.5,97,3.6,1.0,810.2
2017-04-24 08:00:00,13.7,96,5.7,48.0,811.4
2017-04-24 09:00:00,14.7,92,9.4,139.0,812.3
2017-04-24 10:00:00,15.4,90,10.3,173.0,813.3
2017-04-24 11:00:00,16.4,85,11.7,231.0,813.4
2017-04-24 12:00:00,19.1,80,14.1,652.0,813.9
2017-04-24 13:00:00,18.9,80,15.0,590.0,813.3
2017-04-24 14:00:00,19.7,78,14.7,558.0,812.2
2017-04-24 15:00:00,19.7,75,14.1,592.0,811.0
2017-04-24 16:00:00,20.8,58,17.8,634.0,810.4
2017-04-24 17:00:00,20.0,58,17.6,365.0,809.7
2017-04-24 18:00:00,18.2,75,12.0,266.0,809.2
2017-04-24 19:00:00,17.8,78,7.3,145.0,809.3
2017-04-24 20:00:00,14.8,88,7.7,13.0,808.6
2017-04-24 21:00:00,14.2,91,6.6,0.0,808.8
2017-04-24 22:00:00,13.4,94,6.1,0.0,809.4
2017-04-24 23:00:00,12.9,95,5.8,0.0,809.6
2017-04-25 00:00:00,11.9,96,6.8,0.0,809.2
2017-04-25 01:00:00,11.3,96,7.5,0.0,808.6
2017-04-25 02:00:00,10.7,97,9.2,0.0,807.7
2017-04-25 03:00:00,10.8,96,8.7,0.0,807.3
2017-04-25 04:00:00,12.5,95,6.4,0.0,808.1
2017-04-25 05:00:00,13.5,95,9.0,0.0,808.6
2017-04-25 06:00:00,13.5,97,8.5,0.0,809.0
2017-04-25 07:00:00,13.7,96,7.6,2.0,809.8
2017-04-25 08:00:00,14.3,93,11.4,51.0,810.5
2017-04-25 09:00:00,15.1,88,12.8,88.0,811.6
2017-04-25 10:00:00,17.1,74,16.6,372.0,812.9
2017-04-25 11:00:00,18.6,64,17.4,499.0,813.4
2017-04-25 12:00:00,20.6,54,17.7,738.0,813.9
2017-04-25 13:00:00,21.7,48,17.8,829.0,813.6
2017-04-25 14:00:00,21.5,49,17.1,709.0,813.0
2017-04-25 15:00:00,21.6,48,16.2,680.0,812.0
2017-04-25 16:00:00,21.8,46,16.1,594.0,811.0
2017-04-25 17:00:00,21.3,48,13.8,425.0,810.6
2017-04-25 18:00:00,20.8,54,12.5,327.0,810.8
2017-04-25 19:00:00,18.9,70,6.9,139.0,811.0
2017-04-25 20:00:00,15.6,81,8.2,11.0,810.5
2017-04-25 21:00:00,15.9,78,8.0,0.0,811.9
2017-04-25 22:00:00,13.4,86,15.4,0.0,812.7
2017-04-25 23:00:00,13.2,83,11.9,0.0,813.1
2017-04-26 00:00:00,12.3,85,10.0,0.0,813.0
2017-04-26 01:00:00,11.9,86,9.8,0.0,812.8
2017-04-26 02:00:00,11.6,86,8.2,0.0,812.1
2017-04-26 03:00:00,12.1,83,7.2,0.0,812.1
2017-04-26 04:00:00,12.4,83,8.2,0.0,812.1
2017-04-26 05:00:00,12.4,84,9.2,0.0,812.1
2017-04-26 06:00:00,12.3,87,9.7,0.0,812.3
2017-04-26 07:00:00,12.4,87,9.6,1.0,812.8
2017-04-26 08:00:00,12.4,86,9.3,22.0,813.4
2017-04-26 09:00:00,13.6,81,11.6,106.0,814.2
2017-04-26 10:00:00,14.6,78,10.9,202.0,815.3
2017-04-26 11:00:00,15.5,74,9.4,292.0,815.9
2017-04-26 12:00:00,16.4,72,9.5,410.0,816.0
2017-04-26 13:00:00,17.3,68,9.7,590.0,816.1
2017-04-26 14:00:00,18.0,66,8.7,511.0,815.4
2017-04-26 15:00:00,19.6,60,8.0,729.0,814.7
2017-04-26 16:00:00,19.9,58,8.8,627.0,813.7
2017-04-26 17:00:00,18.5,68,10.2,295.0,813.0
2017-04-26 18:00:00,17.8,72,8.6,249.0,813.1
2017-04-26 19:00:00,16.5,81,7.3,103.0,813.2
2017-04-26 20:00:00,17.0,78,4.3,8.0,812.8
2017-04-26 21:00:00,13.9,89,7.8,0.0,811.7
2017-04-26 22:00:00,13.4,91,7.6,0.0,812.2
2017-04-26 23:00:00,12.2,94,7.9,0.0,812.5
2017-04-27 00:00:00,12.2,95,6.1,0.0,812.9
2017-04-27 01:00:00,11.6,97,6.1,0.0,812.9
2017-04-27 02:00:00,12.7,97,3.8,0.0,813.2
2017-04-27 03:00:00,13.0,98,4.3,0.0,813.6
2017-04-27 04:00:00,13.4,96,5.5,0.0,813.6
2017-04-27 05:00:00,13.2,97,7.7,0.0,813.7
2017-04-27 06:00:00,12.9,100,10.1,0.0,814.0
2017-04-27 07:00:00,12.5,100,16.3,1.0,814.7
2017-04-27 08:00:00,10.2,94,14.9,18.0,814.8
2017-04-27 09:00:00,11.2,86,17.1,111.0,816.1
2017-04-27 10:00:00,11.7,82,17.4,180.0,816.9
2017-04-27 11:00:00,12.1,78,17.9,221.0,817.2
2017-04-27 12:00:00,13.2,74,18.5,327.0,817.4
2017-04-27 13:00:00,14.2,70,17.0,445.0,817.2
2017-04-27 14:00:00,15.1,67,17.7,493.0,816.7
2017-04-27 15:00:00,15.2,68,18.1,462.0,815.6
2017-04-27 16:00:00,14.2,71,17.7,297.0,814.7
2017-04-27 17:00:00,13.2,73,15.9,87.0,814.0
2017-04-27 18:00:00,13.8,71,16.0,117.0,814.2
2017-04-27 19:00:00,13.0,75,15.7,33.0,814.2
2017-04-27 20:00:00,12.1,76,11.5,4.0,814.8
2017-04-27 21:00:00,11.9,78,10.5,0.0,815.2
2017-04-27 22:00:00,11.6,80,10.1,0.0,815.7
2017-04-27 23:00:00,11.5,80,9.4,0.0,816.2
2017-04-28 00:00:00,11.2,81,9.0,0.0,816.3
2017-04-28 01:00:00,11.1,82,9.7,0.0,816.2
2017-04-28 02:00:00,11.0,85,9.0,0.0,815.7
2017-04-28 03:00:00,10.9,86,8.8,0.0,815.1
2017-04-28 04:00:00,10.8,87,8.4,0.0,814.8
2017-04-28 05:00:00,10.8,86,8.0,0.0,814.6
2017-04-28 06:00:00,10.8,86,7.1,0.0,814.7
2017-04-28 07:00:00,10.9,87,7.2,1.0,814.8
2017-04-28 08:00:00,11.0,86,7.6,30.0,815.5
2017-04-28 09:00:00,12.2,82,7.7,131.0,816.4
2017-04-28 10:00:00,13.1,80,7.7,180.0,816.8
2017-04-28 11:00:00,14.1,78,8.2,228.0,817.0
2017-04-28 12:00:00,15.7,73,9.4,374.0,817.3
2017-04-28 13:00:00,17.0,68,11.2,515.0,817.1
2017-04-28 14:00:00,17.9,64,14.0,626.0,816.6
2017-04-28 15:00:00,18.6,63,12.4,668.0,815.6
2017-04-28 16:00:00,18.6,66,12.0,593.0,814.6
2017-04-28 17:00:00,17.9,67,14.3,420.0,813.8
2017-04-28 18:00:00,17.2,73,14.4,289.0,813.4
2017-04-28 19:00:00,16.5,79,12.1,127.0,813.4
2017-04-28 20:00:00,16.0,75,8.3,16.0,812.4
2017-04-28 21:00:00,14.4,89,6.7,0.0,812.6
2017-04-28 22:00:00,13.8,91,6.3,0.0,813.3
2017-04-28 23:00:00,13.9,92,7.9,0.0,814.1
2017-04-29 00:00:00,13.7,93,9.4,0.0,814.5
2017-04-29 01:00:00,13.7,95,6.7,0.0,814.5
2017-04-29 02:00:00,12.6,99,4.6,0.0,813.6
2017-04-29 03:00:00,13.0,99,3.6,0.0,813.5
2017-04-29 04:00:00,13.0,99,4.3,0.0,813.0
2017-04-29 05:00:00,14.1,96,7.7,0.0,813.4
2017-04-29 06:00:00,14.2,98,9.4,0.0,813.5
2017-04-29 07:00:00,14.1,98,9.4,2.0,813.8
2017-04-29 08:00:00,14.4,93,9.5,78.0,814.9
2017-04-29 09:00:00,16.1,82,14.7,302.0,815.9
2017-04-29 10:00:00,18.3,66,16.7,505.0,816.9
2017-04-29 11:00:00,20.2,52,18.1,706.0,817.3
2017-04-29 12:00:00,21.6,44,18.9,901.0,817.3
2017-04-29 13:00:00,22.6,40,20.0,971.0,816.9
2017-04-29 14:00:00,22.8,40,21.2,996.0,816.2
2017-04-29 15:00:00,22.6,41,20.2,787.0,815.0
2017-04-29 16:00:00,22.4,42,16.6,655.0,814.1
2017-04-29 17:00:00,22.8,40,16.7,596.0,813.4
2017-04-29 18:00:00,22.1,43,15.3,368.0,812.7
2017-04-29 19:00:00,20.2,53,12.6,186.0,812.1
2017-04-29 20:00:00,18.3,56,13.2,20.0,811.3
2017-04-29 21:00:00,17.1,63,13.2,0.0,811.8
2017-04-29 22:00:00,15.6,74,9.5,0.0,812.1
2017-04-29 23:00:00,14.3,82,7.4,0.0,812.0
2017-04-30 00:00:00,14.2,84,8.4,0.0,812.1
2017-04-30 01:00:00,13.8,86,7.5,0.0,811.8
2017-04-30 02:00:00,12.5,90,6.8,0.0,811.1
2017-04-30 03:00:00,11.6,93,8.4,0.0,810.1
2017-04-30 04:00:00,11.0,94,9.6,0.0,809.8
2017-04-30 05:00:00,11.2,95,9.0,0.0,809.7
2017-04-30 06:00:00,11.1,95,8.7,0.0,809.8
2017-04-30 07:00:00,11.5,96,7.0,7.0,810.3
2017-04-30 08:00:00,15.1,86,10.0,143.0,812.9
2017-04-30 09:00:00,17.3,73,17.0,379.0,814.0
2017-04-30 10:00:00,19.1,60,20.8,592.0,814.8
2017-04-30 11:00:00,21.1,44,23.4,792.0,815.0
2017-04-30 12:00:00,22.1,44,22.0,937.0,814.9
2017-04-30 13:00:00,23.0,41,23.1,1032.0,814.7
2017-04-30 14:00:00,24.2,35,24.9,976.0,814.3
2017-04-30 15:00:00,24.2,34,23.9,731.0,813.3
2017-04-30 16:00:00,22.9,42,22.9,434.0,812.7
2017-04-30 17:00:00,23.4,38,23.0,554.0,812.5
2017-04-30 18:00:00,22.6,42,21.5,390.0,811.9
2017-04-30 19:00:00,20.8,48,14.8,192.0,811.4
2017-04-30 20:00:00,18.4,50,10.8,20.0,810.4
2017-04-30 21:00:00,17.1,56,8.6,0.0,810.4
2017-04-30 22:00:00,15.6,64,7.1,0.0,810.5
2017-04-30 23:00:00,15.8,62,8.9,0.0,811.5
2017-05-01 00:00:00,15.3,65,8.8,0.0,811.7
2017-05-01 01:00:00,14.5,67,8.1,0.0,811.1
2017-05-01 02:00:00,14.3,68,8.4,0.0,810.6
2017-05-01 03:00:00,14.1,67,8.8,0.0,810.4
2017-05-01 04:00:00,13.7,69,8.4,0.0,810.2
2017-05-01 05:00:00,13.0,73,7.3,0.0,809.8
2017-05-01 06:00:00,12.5,75,7.0,0.0,809.8
2017-05-01 07:00:00,13.0,74,6.8,8.0,810.4
2017-05-01 08:00:00,16.3,63,9.6,149.0,813.7
2017-05-01 09:00:00,18.6,54,14.6,386.0,815.3
2017-05-01 10:00:00,20.2,47,17.7,620.0,816.2
2017-05-01 11:00:00,21.8,41,17.7,817.0,816.6
2017-05-01 12:00:00,23.0,40,16.3,962.0,816.7
2017-05-01 13:00:00,24.1,39,14.4,1039.0,816.5
2017-05-01 14:00:00,25.1,35,16.8,1041.0,816.1
2017-05-01 15:00:00,25.3,34,19.1,949.0,815.2
2017-05-01 16:00:00,25.8,30,19.8,830.0,814.6
2017-05-01 17:00:00,25.4,27,19.8,544.0,813.6
2017-05-01 18:00:00,23.8,37,18.2,248.0,813.0
2017-05-01 19:00:00,22.2,40,13.8,130.0,812.2
2017-05-01 20:00:00,19.0,50,8.7,21.0,811.5
2017-05-01 21:00:00,17.9,54,7.7,0.0,811.6
2017-05-01 22:00:00,17.3,53,8.6,0.0,811.9
2017-05-01 23:00:00,16.5,57,8.3,0.0,811.9
2017-05-02 00:00:00,15.1,63,7.1,0.0,811.3
2017-05-02 01:00:00,14.3,66,7.5,0.0,810.7
2017-05-02 02:00:00,14.2,65,7.1,0.0,810.6
2017-05-02 03:00:00,14.3,64,7.7,0.0,810.5
2017-05-02 04:00:00,14.1,65,7.9,0.0,810.3
2017-05-02 05:00:00,13.0,70,7.2,0.0,809.7
2017-05-02 06:00:00,11.8,75,8.7,0.0,809.4
2017-05-02 07:00:00,12.5,74,7.3,9.0,810.3
2017-05-02 08:00:00,16.7,59,9.6,152.0,814.1
2017-05-02 09:00:00,19.2,50,16.1,388.0,815.4
2017-05-02 10:00:00,21.0,43,21.4,622.0,816.1
2017-05-02 11:00:00,22.6,36,23.4,820.0,816.3
2017-05-02 12:00:00,23.9,35,22.5,965.0,816.1
2017-05-02 13:00:00,24.9,33,23.0,1042.0,815.5
2017-05-02 14:00:00,25.4,34,24.2,1047.0,815.0
2017-05-02 15:00:00,25.7,33,28.2,977.0,814.2
2017-05-02 16:00:00,26.0,29,29.3,742.0,813.2
2017-05-02 17:00:00,25.4,31,26.9,472.0,812.6
2017-05-02 18:00:00,24.7,33,23.2,373.0,812.2
2017-05-02 19:00:00,23.4,34,18.3,198.0,811.5
2017-05-02 20:00:00,19.9,45,16.3,22.0,811.6
2017-05-02 21:00:00,18.6,49,14.8,0.0,811.7
2017-05-02 22:00:00,17.8,53,13.7,0.0,811.7
2017-05-02 23:00:00,17.3,55,14.3,0.0,812.3
2017-05-03 00:00:00,17.2,56,15.6,0.0,812.3
2017-05-03 01:00:00,16.9,56,16.9,0.0,811.9
2017-05-03 02:00:00,16.6,56,17.1,0.0,811.7
2017-05-03 03:00:00,16.1,56,16.4,0.0,811.2
2017-05-03 04:00:00,15.6,58,14.7,0.0,810.7
2017-05-03 05:00:00,15.2,61,14.8,0.0,810.5
2017-05-03 06:00:00,14.9,62,14.5,0.0,810.7
2017-05-03 07:00:00,15.0,64,14.0,9.0,811.1
2017-05-03 08:00:00,17.2,58,13.6,154.0,813.4
2017-05-03 09:00:00,19.3,49,20.9,393.0,814.7
2017-05-03 10:00:00,20.9,41,23.2,628.0,815.6
2017-05-03 11:00:00,22.4,34,23.9,829.0,815.9
2017-05-03 12:00:00,23.7,31,22.8,976.0,816.1
2017-05-03 13:00:00,24.8,29,22.3,1049.0,816.0
2017-05-03 14:00:00,25.8,25,24.6,1035.0,815.6
2017-05-03 15:00:00,26.3,23,21.2,881.0,814.9
2017-05-03 16:00:00,26.1,24,22.3,741.0,814.5
2017-05-03 17:00:00,25.1,26,16.0,388.0,813.8
2017-05-03 18:00:00,24.6,30,13.8,278.0,813.5
2017-05-03 19:00:00,22.8,35,12.0,115.0,813.5
2017-05-03 20:00:00,20.4,38,10.3,22.0,813.1
2017-05-03 21:00:00,16.8,54,9.1,0.0,812.0
2017-05-03 22:00:00,17.5,51,7.6,0.0,813.7
2017-05-03 23:00:00,17.3,50,12.3,0.0,815.4
2017-05-04 00:00:00,15.3,66,13.3,0.0,815.9
2017-05-04 01:00:00,14.7,59,13.6,0.0,815.6
2017-05-04 02:00:00,13.8,59,8.7,0.0,815.2
2017-05-04 03:00:00,12.2,62,7.2,0.0,814.1
2017-05-04 04:00:00,11.1,65,9.6,0.0,813.5
2017-05-04 05:00:00,10.9,62,9.0,0.0,813.4
2017-05-04 06:00:00,10.2,61,9.0,0.0,813.7
2017-05-04 07:00:00,11.2,60,5.9,10.0,815.0
2017-05-04 08:00:00,13.7,52,11.4,155.0,817.2
2017-05-04 09:00:00,16.0,43,12.1,391.0,818.5
2017-05-04 10:00:00,18.4,38,10.5,623.0,819.7
2017-05-04 11:00:00,20.4,37,9.1,820.0,819.8
2017-05-04 12:00:00,22.1,36,8.9,965.0,819.7
2017-05-04 13:00:00,23.3,35,10.0,1044.0,819.2
2017-05-04 14:00:00,24.1,34,12.4,1050.0,818.9
2017-05-04 15:00:00,24.2,33,13.6,983.0,818.3
2017-05-04 16:00:00,24.0,36,9.4,802.0,817.2
2017-05-04 17:00:00,23.3,36,13.6,439.0,816.0
2017-05-04 18:00:00,23.3,38,16.8,352.0,815.6
2017-05-04 19:00:00,21.8,43,14.3,162.0,815.3
2017-05-04 20:00:00,19.9,44,8.2,21.0,813.1
2017-05-04 21:00:00,19.9,53,11.0,0.0,814.1
2017-05-04 22:00:00,18.4,64,9.0,0.0,814.1
2017-05-04 23:00:00,17.2,67,7.4,0.0,814.2
2017-05-05 00:00:00,16.1,72,7.7,0.0,813.9
2017-05-05 01:00:00,15.6,74,7.7,0.0,813.5
2017-05-05 02:00:00,14.4,81,8.1,0.0,812.8
2017-05-05 03:00:00,13.4,86,8.4,0.0,812.4
2017-05-05 04:00:00,12.9,88,8.2,0.0,812.1
2017-05-05 05:00:00,12.9,87,7.4,0.0,812.4
2017-05-05 06:00:00,12.5,91,8.2,0.0,812.5
2017-05-05 07:00:00,13.3,94,6.4,10.0,813.8
2017-05-05 08:00:00,17.4,79,8.3,160.0,816.3
2017-05-05 09:00:00,20.1,57,12.0,401.0,818.0
2017-05-05 10:00:00,22.5,40,14.3,625.0,818.7
2017-05-05 11:00:00,24.5,29,18.2,819.0,819.1
2017-05-05 12:00:00,25.5,28,18.7,963.0,818.7
2017-05-05 13:00:00,26.5,26,18.9,1040.0,818.2
2017-05-05 14:00:00,27.3,25,18.5,1046.0,817.6
2017-05-05 15:00:00,27.4,25,18.9,981.0,816.8
2017-05-05 16:00:00,27.1,25,19.3,788.0,815.8
2017-05-05 17:00:00,26.7,27,17.1,619.0,815.0
2017-05-05 18:00:00,26.2,26,16.6,424.0,814.7
2017-05-05 19:00:00,24.1,32,10.3,144.0,814.5
2017-05-05 20:00:00,19.0,46,11.6,22.0,812.6
2017-05-05 21:00:00,18.9,51,7.1,0.0,814.0
2017-05-05 22:00:00,17.4,62,7.6,0.0,814.3
2017-05-05 23:00:00,16.4,75,7.6,0.0,814.9
2017-05-06 00:00:00,15.9,74,9.7,0.0,814.9
2017-05-06 01:00:00,15.8,71,8.1,0.0,816.0
2017-05-06 02:00:00,13.5,89,10.7,0.0,815.8
2017-05-06 03:00:00,12.9,92,5.5,0.0,815.1
2017-05-06 04:00:00,12.8,93,6.5,0.0,815.2
2017-05-06 05:00:00,12.4,95,6.6,0.0,814.9
2017-05-06 06:00:00,11.9,95,5.7,0.0,814.5
2017-05-06 07:00:00,12.6,92,5.6,10.0,815.7
2017-05-06 08:00:00,15.6,85,5.0,138.0,817.8
2017-05-06 09:00:00,18.7,74,4.5,395.0,819.4
2017-05-06 10:00:00,20.9,58,10.3,581.0,820.4
2017-05-06 11:00:00,23.3,37,12.6,723.0,820.5
2017-05-06 12:00:00,24.8,29,15.3,807.0,820.0
2017-05-06 13:00:00,25.9,27,16.9,984.0,819.4
2017-05-06 14:00:00,25.8,27,20.6,1044.0,818.4
2017-05-06 15:00:00,25.6,31,19.8,826.0,817.1
2017-05-06 16:00:00,25.3,30,21.4,775.0,816.0
2017-05-06 17:00:00,25.6,27,20.9,606.0,815.7
2017-05-06 18:00:00,25.0,28,18.9,428.0,815.2
2017-05-06 19:00:00,23.4,33,12.3,197.0,815.2
2017-05-06 20:00:00,18.9,43,7.5,25.0,813.9
2017-05-06 21:00:00,18.9,44,9.5,0.0,814.4
2017-05-06 22:00:00,17.9,54,8.7,0.0,815.1
2017-05-06 23:00:00,17.2,66,9.3,0.0,815.4
2017-05-07 00:00:00,15.9,75,6.9,0.0,814.9
2017-05-07 01:00:00,14.9,77,7.0,0.0,814.5
2017-05-07 02:00:00,14.5,80,7.1,0.0,814.0
2017-05-07 03:00:00,14.3,82,6.6,0.0,813.6
2017-05-07 04:00:00,13.9,82,6.7,0.0,813.4
2017-05-07 05:00:00,13.2,85,7.1,0.0,812.9
2017-05-07 06:00:00,12.5,89,8.0,0.0,812.7
2017-05-07 07:00:00,13.5,91,6.0,11.0,813.7
2017-05-07 08:00:00,17.0,69,7.8,162.0,816.2
2017-05-07 09:00:00,19.6,55,13.9,399.0,817.3
2017-05-07 10:00:00,21.9,39,18.2,624.0,818.3
2017-05-07 11:00:00,23.6,33,19.6,815.0,818.6
2017-05-07 12:00:00,25.0,30,20.8,965.0,818.6
2017-05-07 13:00:00,26.1,26,20.7,1023.0,818.0
2017-05-07 14:00:00,26.7,25,21.4,1018.0,817.0
2017-05-07 15:00:00,25.7,27,22.7,913.0,815.7
2017-05-07 16:00:00,26.5,25,17.9,652.0,815.0
2017-05-07 17:00:00,25.8,26,23.7,587.0,814.4
2017-05-07 18:00:00,24.5,29,21.4,314.0,814.2
2017-05-07 19:00:00,20.5,52,14.4,188.0,814.0
2017-05-07 20:00:00,17.2,59,6.6,15.0,812.8
2017-05-07 21:00:00,15.8,67,7.7,0.0,812.6
2017-05-07 22:00:00,16.0,64,6.3,0.0,813.5
2017-05-07 23:00:00,15.2,67,6.4,0.0,813.4
2017-05-08 00:00:00,14.0,73,6.9,0.0,813.0
2017-05-08 01:00:00,14.0,73,7.2,0.0,813.1
2017-05-08 02:00:00,13.3,76,7.8,0.0,812.5
2017-05-08 03:00:00,13.9,72,7.1,0.0,812.6
2017-05-08 04:00:00,14.0,69,6.7,0.0,812.5
2017-05-08 05:00:00,13.3,71,5.4,0.0,812.2
2017-05-08 06:00:00,11.7,78,4.9,0.0,811.4
2017-05-08 07:00:00,13.0,77,2.2,11.0,812.5
2017-05-08 08:00:00,15.7,64,2.1,160.0,815.1
2017-05-08 09:00:00,18.3,54,7.1,381.0,816.8
2017-05-08 10:00:00,19.9,48,10.2,446.0,817.6
2017-05-08 11:00:00,21.1,43,9.9,516.0,817.7
2017-05-08 12:00:00,22.1,39,8.3,483.0,817.3
2017-05-08 13:00:00,24.0,35,8.0,664.0,817.3
2017-05-08 14:00:00,25.4,32,7.9,902.0,816.8
2017-05-08 15:00:00,26.3,28,7.1,948.0,815.9
2017-05-08 16:00:00,26.5,27,7.2,791.0,814.7
2017-05-08 17:00:00,26.2,28,6.4,606.0,814.1
2017-05-08 18:00:00,24.6,31,9.2,361.0,813.9
2017-05-08 19:00:00,22.1,49,3.6,154.0,813.4
2017-05-08 20:00:00,19.1,50,8.3,19.0,812.1
2017-05-08 21:00:00,20.4,47,5.2,0.0,813.4
2017-05-08 22:00:00,18.4,54,7.2,0.0,813.2
2017-05-08 23:00:00,17.1,57,6.0,0.0,813.4
2017-05-09 00:00:00,15.4,61,6.5,0.0,813.5
2017-05-09 01:00:00,15.3,74,9.7,0.0,814.3
2017-05-09 02:00:00,14.2,86,7.0,0.0,813.5
2017-05-09 03:00:00,12.7,91,7.9,0.0,812.3
2017-05-09 04:00:00,12.8,91,6.5,0.0,812.1
2017-05-09 05:00:00,12.2,94,6.1,0.0,811.8
2017-05-09 06:00:00,11.4,96,7.7,0.0,812.1
2017-05-09 07:00:00,13.5,93,5.0,10.0,813.7
2017-05-09 08:00:00,15.6,87,4.3,132.0,815.8
2017-05-09 09:00:00,18.6,72,9.4,383.0,817.4
2017-05-09 10:00:00,20.5,62,12.2,571.0,818.2
2017-05-09 11:00:00,22.5,54,14.5,812.0,818.9
2017-05-09 12:00:00,24.5,44,13.8,915.0,819.0
2017-05-09 13:00:00,26.2,37,14.4,984.0,818.4
2017-05-09 14:00:00,27.3,32,15.2,1001.0,817.6
2017-05-09 15:00:00,27.5,31,17.2,947.0,816.6
2017-05-09 16:00:00,26.8,33,14.6,731.0,815.4
2017-05-09 17:00:00,25.8,32,14.8,449.0,814.4
2017-05-09 18:00:00,25.5,28,12.4,339.0,814.6
2017-05-09 19:00:00,24.2,32,9.1,155.0,814.5
2017-05-09 20:00:00,21.0,42,10.2,21.0,812.5
2017-05-09 21:00:00,20.6,45,11.3,0.0,813.4
2017-05-09 22:00:00,18.9,50,8.5,0.0,813.5
2017-05-09 23:00:00,17.0,63,7.6,0.0,813.4
2017-05-10 00:00:00,16.1,72,8.2,0.0,813.9
2017-05-10 01:00:00,15.5,74,8.1,0.0,813.8
2017-05-10 02:00:00,15.1,79,7.6,0.0,813.6
2017-05-10 03:00:00,14.4,85,7.6,0.0,813.0
2017-05-10 04:00:00,14.2,89,7.2,0.0,812.9
2017-05-10 05:00:00,14.3,92,6.4,0.0,813.1
2017-05-10 06:00:00,13.9,94,6.6,0.0,813.2
2017-05-10 07:00:00,15.0,93,6.8,13.0,814.2
2017-05-10 08:00:00,17.8,80,9.9,167.0,816.6
2017-05-10 09:00:00,20.0,66,13.5,400.0,818.1
2017-05-10 10:00:00,22.2,53,13.6,629.0,818.8
2017-05-10 11:00:00,24.2,40,13.5,704.0,819.3
2017-05-10 12:00:00,25.2,35,15.2,730.0,819.2
2017-05-10 13:00:00,25.8,33,13.4,794.0,818.8
2017-05-10 14:00:00,27.1,30,12.9,968.0,817.9
2017-05-10 15:00:00,27.4,29,14.5,948.0,816.6
2017-05-10 16:00:00,26.9,31,17.3,758.0,815.5
2017-05-10 17:00:00,24.8,36,20.3,529.0,815.0
2017-05-10 18:00:00,23.9,43,18.6,351.0,814.8
2017-05-10 19:00:00,23.2,46,13.4,163.0,814.9
2017-05-10 20:00:00,21.4,44,16.6,25.0,814.8
2017-05-10 21:00:00,19.6,53,12.6,0.0,814.8
2017-05-10 22:00:00,18.6,60,12.2,0.0,815.3
2017-05-10 23:00:00,17.5,69,10.5,0.0,815.5
2017-05-11 00:00:00,16.8,76,9.1,0.0,815.4
2017-05-11 01:00:00,16.3,81,9.1,0.0,815.2
2017-05-11 02:00:00,15.6,86,7.6,0.0,814.7
2017-05-11 03:00:00,15.5,86,6.2,0.0,814.2
2017-05-11 04:00:00,14.1,90,6.1,0.0,813.4
2017-05-11 05:00:00,13.5,91,6.9,0.0,813.1
2017-05-11 06:00:00,13.4,92,6.5,0.0,813.1
2017-05-11 07:00:00,14.9,89,5.4,11.0,814.4
2017-05-11 08:00:00,16.8,79,12.8,130.0,816.3
2017-05-11 09:00:00,18.9,66,16.0,312.0,817.6
2017-05-11 10:00:00,21.0,57,16.5,517.0,818.4
2017-05-11 11:00:00,22.8,49,16.7,626.0,818.9
2017-05-11 12:00:00,24.6,46,15.9,836.0,819.0
2017-05-11 13:00:00,25.4,44,16.0,829.0,818.4
2017-05-11 14:00:00,26.4,39,17.1,867.0,817.7
2017-05-11 15:00:00,26.5,38,15.9,797.0,816.6
2017-05-11 16:00:00,21.6,57,19.4,720.0,815.4
2017-05-11 17:00:00,24.1,40,10.4,399.0,814.9
2017-05-11 18:00:00,24.4,38,10.1,334.0,815.1
2017-05-11 19:00:00,22.7,47,3.1,159.0,815.3
2017-05-11 20:00:00,19.7,53,9.7,23.0,813.9
2017-05-11 21:00:00,19.6,53,16.7,0.0,816.1
2017-05-11 22:00:00,16.0,70,16.5,0.0,816.8
2017-05-11 23:00:00,15.1,63,15.5,0.0,817.7
2017-05-12 00:00:00,14.9,56,14.2,0.0,818.2
2017-05-12 01:00:00,14.4,53,11.0,0.0,818.2
2017-05-12 02:00:00,13.9,54,6.1,0.0,817.8
2017-05-12 03:00:00,13.2,55,5.7,0.0,816.8
2017-05-12 04:00:00,13.0,60,5.4,0.0,816.6
2017-05-12 05:00:00,12.9,71,7.3,0.0,816.6
2017-05-12 06:00:00,12.9,70,5.6,0.0,816.3
2017-05-12 07:00:00,13.1,70,4.3,9.0,816.3
2017-05-12 08:00:00,13.6,60,8.3,121.0,817.8
2017-05-12 09:00:00,15.4,53,9.6,244.0,818.9
2017-05-12 10:00:00,17.5,41,7.2,473.0,820.1
2017-05-12 11:00:00,18.9,34,5.7,576.0,820.3
2017-05-12 12:00:00,21.0,29,7.2,758.0,820.2
2017-05-12 13:00:00,22.4,30,9.1,919.0,819.8
2017-05-12 14:00:00,23.8,32,9.0,923.0,819.0
2017-05-12 15:00:00,23.0,36,9.7,490.0,817.2
2017-05-12 16:00:00,22.3,39,9.6,270.0,816.2
2017-05-12 17:00:00,22.3,39,6.4,227.0,816.0
2017-05-12 18:00:00,22.3,39,6.7,225.0,815.6
2017-05-12 19:00:00,21.1,42,8.5,132.0,815.2
2017-05-12 20:00:00,19.0,50,6.6,19.0,814.2
2017-05-12 21:00:00,17.5,56,6.9,0.0,813.7
2017-05-12 22:00:00,18.8,50,4.3,0.0,815.3
2017-05-12 23:00:00,16.5,60,6.0,0.0,814.7
2017-05-13 00:00:00,15.7,66,5.6,0.0,814.3
2017-05-13 01:00:00,14.8,68,6.5,0.0,814.6
2017-05-13 02:00:00,15.0,66,4.9,0.0,814.7
2017-05-13 03:00:00,13.8,72,4.7,0.0,813.3
2017-05-13 04:00:00,12.2,81,5.5,0.0,812.3
2017-05-13 05:00:00,12.0,83,4.0,0.0,812.1
2017-05-13 06:00:00,11.4,87,4.1,0.0,811.7
2017-05-13 07:00:00,12.3,82,3.3,15.0,812.4
2017-05-13 08:00:00,15.8,67,2.3,168.0,815.7
2017-05-13 09:00:00,18.5,62,3.0,381.0,816.9
2017-05-13 10:00:00,20.8,52,4.4,580.0,817.9
2017-05-13 11:00:00,22.7,42,6.2,710.0,817.9
2017-05-13 12:00:00,24.0,37,5.7,675.0,817.6
2017-05-13 13:00:00,24.8,35,7.1,796.0,817.1
2017-05-13 14:00:00,25.2,35,10.4,782.0,816.2
2017-05-13 15:00:00,25.3,35,10.3,625.0,814.9
2017-05-13 16:00:00,25.7,34,10.6,639.0,814.1
2017-05-13 17:00:00,25.2,35,11.9,443.0,813.1
2017-05-13 18:00:00,24.3,35,12.5,222.0,812.7
2017-05-13 19:00:00,23.5,37,12.4,145.0,812.5
2017-05-13 20:00:00,19.8,52,10.5,26.0,810.2
2017-05-13 21:00:00,20.5,52,9.7,0.0,811.9
2017-05-13 22:00:00,19.7,58,10.2,0.0,812.8
2017-05-13 23:00:00,18.9,66,9.0,0.0,813.1
2017-05-14 00:00:00,17.9,71,8.0,0.0,813.1
2017-05-14 01:00:00,17.8,72,8.1,0.0,813.3
2017-05-14 02:00:00,16.9,78,6.8,0.0,812.8
2017-05-14 03:00:00,16.4,85,6.5,0.0,812.4
2017-05-14 04:00:00,15.9,89,5.7,0.0,811.9
2017-05-14 05:00:00,15.4,93,9.1,0.0,812.1
2017-05-14 06:00:00,15.0,99,7.2,0.0,811.9
2017-05-14 07:00:00,15.8,96,5.2,8.0,812.9
2017-05-14 08:00:00,16.6,93,6.3,96.0,813.4
2017-05-14 09:00:00,18.2,87,10.5,281.0,814.5
2017-05-14 10:00:00,20.2,77,10.9,553.0,815.5
2017-05-14 11:00:00,21.4,69,14.2,569.0,815.5
2017-05-14 12:00:00,21.3,69,6.9,453.0,814.7
2017-05-14 13:00:00,22.5,67,7.9,679.0,813.8
2017-05-14 14:00:00,19.6,75,20.3,618.0,812.8
2017-05-14 15:00:00,21.0,65,11.2,655.0,812.7
2017-05-14 16:00:00,22.0,56,5.6,592.0,812.3
2017-05-14 17:00:00,23.0,55,2.5,566.0,811.8
2017-05-14 18:00:00,20.1,77,6.8,211.0,811.8
2017-05-14 19:00:00,17.9,88,7.2,73.0,811.9
2017-05-14 20:00:00,14.5,78,13.6,7.0,812.0
2017-05-14 21:00:00,12.8,92,12.1,0.0,812.7
2017-05-14 22:00:00,12.5,93,10.7,0.0,813.5
2017-05-14 23:00:00,12.9,83,16.1,0.0,814.1
2017-05-15 00:00:00,12.4,82,19.2,0.0,814.0
2017-05-15 01:00:00,11.9,78,17.1,0.0,813.9
2017-05-15 02:00:00,11.8,74,16.1,0.0,813.5
2017-05-15 03:00:00,12.3,65,16.3,0.0,812.8
2017-05-15 04:00:00,12.8,56,12.3,0.0,812.8
2017-05-15 05:00:00,13.3,51,6.9,0.0,813.1
2017-05-15 06:00:00,13.5,51,6.4,0.0,813.0
2017-05-15 07:00:00,13.8,49,9.7,4.0,813.1
2017-05-15 08:00:00,14.1,48,11.7,59.0,814.5
2017-05-15 09:00:00,15.1,43,13.8,136.0,815.3
2017-05-15 10:00:00,17.2,35,17.6,380.0,816.4
2017-05-15 11:00:00,18.4,34,15.4,501.0,817.1
2017-05-15 12:00:00,18.2,35,15.5,304.0,816.8
2017-05-15 13:00:00,18.3,36,15.9,346.0,816.3
2017-05-15 14:00:00,18.6,37,15.8,417.0,815.6
2017-05-15 15:00:00,19.3,38,15.1,518.0,815.2
2017-05-15 16:00:00,19.2,40,12.5,315.0,814.2
2017-05-15 17:00:00,19.3,40,8.6,212.0,813.6
2017-05-15 18:00:00,20.1,39,8.1,183.0,813.6
2017-05-15 19:00:00,18.8,44,9.7,69.0,813.5
2017-05-15 20:00:00,16.6,56,10.0,17.0,814.1
2017-05-15 21:00:00,16.0,59,7.2,0.0,814.6
2017-05-15 22:00:00,15.6,61,5.1,0.0,815.0
2017-05-15 23:00:00,15.1,66,10.9,0.0,815.4
2017-05-16 00:00:00,14.2,76,10.1,0.0,815.6
2017-05-16 01:00:00,13.1,94,4.4,0.0,814.9
2017-05-16 02:00:00,13.2,95,3.3,0.0,814.8
2017-05-16 03:00:00,13.1,94,3.9,0.0,814.6
2017-05-16 04:00:00,12.7,95,8.2,0.0,814.3
2017-05-16 05:00:00,12.1,95,9.9,0.0,814.1
2017-05-16 06:00:00,11.6,95,12.8,0.0,814.1
2017-05-16 07:00:00,12.2,85,13.0,2.0,814.7
2017-05-16 08:00:00,11.4,85,12.2,32.0,815.7
2017-05-16 09:00:00,11.6,93,11.1,79.0,816.0
2017-05-16 10:00:00,11.9,93,11.2,109.0,816.7
2017-05-16 11:00:00,13.5,81,12.0,189.0,817.3
2017-05-16 12:00:00,14.4,70,15.1,249.0,817.0
2017-05-16 13:00:00,15.6,60,13.3,391.0,817.0
2017-05-16 14:00:00,16.0,59,12.6,409.0,816.4
2017-05-16 15:00:00,16.3,58,9.5,402.0,815.7
2017-05-16 16:00:00,15.6,64,7.9,268.0,814.6
2017-05-16 17:00:00,14.7,74,5.2,161.0,813.9
2017-05-16 18:00:00,13.4,96,1.9,62.0,813.3
2017-05-16 19:00:00,13.3,98,1.3,26.0,813.4
2017-05-16 20:00:00,13.1,89,4.7,6.0,814.0
2017-05-16 21:00:00,12.7,95,4.0,0.0,814.5
2017-05-16 22:00:00,12.0,93,6.0,0.0,815.0
2017-05-16 23:00:00,11.2,93,5.7,0.0,815.3
2017-05-17 00:00:00,10.8,93,4.6,0.0,815.1
2017-05-17 01:00:00,11.1,81,6.2,0.0,814.6
2017-05-17 02:00:00,11.3,81,4.0,0.0,814.3
2017-05-17 03:00:00,11.3,83,1.6,0.0,813.9
2017-05-17 04:00:00,10.9,94,2.6,0.0,813.1
2017-05-17 05:00:00,10.2,94,4.8,0.0,812.1
2017-05-17 06:00:00,10.9,89,2.4,0.0,812.2
2017-05-17 07:00:00,11.0,88,3.6,5.0,812.2
2017-05-17 08:00:00,11.3,90,1.3,64.0,813.5
2017-05-17 09:00:00,13.0,78,3.6,225.0,814.5
2017-05-17 10:00:00,15.5,66,6.0,567.0,815.4
2017-05-17 11:00:00,17.7,58,9.9,736.0,816.1
2017-05-17 12:00:00,18.0,57,12.4,578.0,815.8
2017-05-17 13:00:00,17.0,61,11.8,334.0,815.1
2017-05-17 14:00:00,16.7,63,8.7,222.0,814.4
2017-05-17 15:00:00,18.4,56,9.0,484.0,814.4
2017-05-17 16:00:00,18.0,58,10.6,236.0,813.5
2017-05-17 17:00:00,17.1,62,6.9,101.0,812.7
2017-05-17 18:00:00,16.5,66,5.4,74.0,812.4
2017-05-17 19:00:00,15.6,76,5.8,25.0,812.1
2017-05-17 20:00:00,13.6,89,2.6,4.0,812.5
2017-05-17 21:00:00,13.2,97,4.7,0.0,812.7
2017-05-17 22:00:00,13.0,97,5.9,0.0,813.0
2017-05-17 23:00:00,12.9,94,6.6,0.0,813.5
2017-05-18 00:00:00,13.1,92,6.3,0.0,813.7
2017-05-18 01:00:00,12.7,93,5.0,0.0,813.3
2017-05-18 02:00:00,12.9,93,4.9,0.0,812.8
2017-05-18 03:00:00,12.8,93,4.1,0.0,812.4
2017-05-18 04:00:00,12.8,93,4.3,0.0,812.2
2017-05-18 05:00:00,12.8,94,3.9,0.0,812.1
2017-05-18 06:00:00,12.8,94,3.5,0.0,812.0
2017-05-18 07:00:00,12.9,94,3.3,3.0,812.3
2017-05-18 08:00:00,13.4,89,3.6,46.0,813.6
2017-05-18 09:00:00,14.8,82,8.0,146.0,814.4
2017-05-18 10:00:00,16.3,75,8.7,279.0,815.1
2017-05-18 11:00:00,17.1,71,11.0,276.0,815.1
2017-05-18 12:00:00,17.8,68,10.1,253.0,814.9
2017-05-18 13:00:00,18.6,66,10.7,334.0,814.6
2017-05-18 14:00:00,19.1,64,9.8,328.0,814.2
2017-05-18 15:00:00,19.2,65,11.5,277.0,813.5
2017-05-18 16:00:00,19.9,63,13.4,465.0,813.2
2017-05-18 17:00:00,19.6,65,12.2,359.0,812.6
2017-05-18 18:00:00,19.5,66,11.5,331.0,812.4
2017-05-18 19:00:00,18.8,69,10.8,167.0,812.1
2017-05-18 20:00:00,15.5,86,6.6,15.0,811.8
2017-05-18 21:00:00,16.0,83,10.5,0.0,812.5
2017-05-18 22:00:00,15.6,89,9.5,0.0,813.0
2017-05-18 23:00:00,14.7,93,5.4,0.0,813.2
2017-05-19 00:00:00,13.5,96,6.5,0.0,812.7
2017-05-19 01:00:00,13.1,96,7.3,0.0,812.1
2017-05-19 02:00:00,13.0,97,7.3,0.0,811.9
2017-05-19 03:00:00,14.3,96,3.8,0.0,812.4
2017-05-19 04:00:00,14.7,94,5.9,0.0,812.5
2017-05-19 05:00:00,14.8,94,5.4,0.0,812.5
2017-05-19 06:00:00,14.6,94,4.2,0.0,812.4
2017-05-19 07:00:00,15.0,92,4.1,7.0,812.9
2017-05-19 08:00:00,15.7,89,5.9,83.0,813.5
2017-05-19 09:00:00,17.5,75,8.1,253.0,814.2
2017-05-19 10:00:00,18.6,70,10.2,357.0,815.0
2017-05-19 11:00:00,19.4,67,11.7,427.0,815.3
2017-05-19 12:00:00,20.9,59,11.7,588.0,815.3
2017-05-19 13:00:00,21.3,59,12.2,607.0,814.7
2017-05-19 14:00:00,22.3,54,10.5,645.0,814.2
2017-05-19 15:00:00,23.4,50,11.5,748.0,813.8
2017-05-19 16:00:00,23.7,48,12.7,634.0,813.1
2017-05-19 17:00:00,23.5,48,13.6,533.0,812.2
2017-05-19 18:00:00,22.8,52,10.7,285.0,811.5
2017-05-19 19:00:00,21.9,57,7.0,137.0,811.2
2017-05-19 20:00:00,19.6,66,7.7,30.0,810.3
2017-05-19 21:00:00,18.9,72,8.7,0.0,810.8
2017-05-19 22:00:00,17.9,83,9.2,0.0,811.3
2017-05-19 23:00:00,17.0,88,7.6,0.0,811.5
2017-05-20 00:00:00,16.7,89,7.2,0.0,812.0
2017-05-20 01:00:00,16.5,91,8.0,0.0,811.8
2017-05-20 02:00:00,16.2,93,7.9,0.0,811.3
2017-05-20 03:00:00,15.9,95,7.2,0.0,810.8
2017-05-20 04:00:00,15.3,97,6.1,0.0,810.4
2017-05-20 05:00:00,15.1,97,5.1,0.0,810.0
2017-05-20 06:00:00,14.1,98,5.2,0.0,809.5
2017-05-20 07:00:00,15.4,96,3.9,14.0,810.5
2017-05-20 08:00:00,17.8,84,10.5,124.0,812.1
2017-05-20 09:00:00,19.6,72,12.8,261.0,812.8
2017-05-20 10:00:00,21.4,62,13.5,461.0,813.1
2017-05-20 11:00:00,23.2,53,14.5,584.0,813.1
2017-05-20 12:00:00,24.1,49,15.6,583.0,813.0
2017-05-20 13:00:00,25.2,45,16.7,654.0,812.8
2017-05-20 14:00:00,24.9,47,16.9,491.0,811.9
2017-05-20 15:00:00,24.9,48,16.3,589.0,811.4
2017-05-20 16:00:00,25.4,46,15.6,601.0,810.6
2017-05-20 17:00:00,25.1,47,13.6,519.0,809.9
2017-05-20 18:00:00,24.4,50,13.0,295.0,809.1
2017-05-20 19:00:00,23.5,55,10.1,188.0,809.0
2017-05-20 20:00:00,21.8,59,9.8,31.0,808.0
2017-05-20 21:00:00,20.5,67,9.4,0.0,808.2
2017-05-20 22:00:00,19.7,71,7.9,0.0,808.8
2017-05-20 23:00:00,18.6,81,5.9,0.0,809.2
2017-05-21 00:00:00,17.0,88,7.2,0.0,808.8
2017-05-21 01:00:00,18.6,81,5.8,0.0,809.8
2017-05-21 02:00:00,16.3,89,7.0,0.0,808.4
2017-05-21 03:00:00,15.0,93,8.1,0.0,807.3
2017-05-21 04:00:00,14.9,95,7.5,0.0,807.5
2017-05-21 05:00:00,14.6,97,7.2,0.0,807.5
2017-05-21 06:00:00,14.3,98,7.7,0.0,807.5
2017-05-21 07:00:00,15.5,97,5.5,18.0,808.6
2017-05-21 08:00:00,18.4,86,3.3,179.0,811.1
2017-05-21 09:00:00,20.8,71,8.1,410.0,812.4
2017-05-21 10:00:00,22.6,59,12.0,557.0,813.3
2017-05-21 11:00:00,24.3,50,12.8,757.0,813.6
2017-05-21 12:00:00,25.4,46,12.0,874.0,813.4
2017-05-21 13:00:00,26.3,43,12.0,954.0,813.2
2017-05-21 14:00:00,26.8,40,13.3,731.0,812.5
2017-05-21 15:00:00,27.0,39,15.4,671.0,811.7
2017-05-21 16:00:00,26.7,41,15.5,663.0,811.0
2017-05-21 17:00:00,26.0,44,13.0,446.0,810.2
2017-05-21 18:00:00,25.5,45,14.1,361.0,809.9
2017-05-21 19:00:00,24.1,53,10.9,166.0,809.5
2017-05-21 20:00:00,22.4,59,8.6,33.0,808.6
2017-05-21 21:00:00,21.7,61,9.0,0.0,809.1
2017-05-21 22:00:00,20.6,71,10.3,0.0,810.0
2017-05-21 23:00:00,18.7,81,6.6,0.0,809.6
2017-05-22 00:00:00,17.3,86,7.2,0.0,809.4
2017-05-22 01:00:00,16.9,86,7.6,0.0,809.3
2017-05-22 02:00:00,18.2,82,6.5,0.0,810.0
2017-05-22 03:00:00,17.1,87,6.8,0.0,809.1
2017-05-22 04:00:00,15.2,93,8.4,0.0,808.0
2017-05-22 05:00:00,15.2,95,7.6,0.0,808.0
2017-05-22 06:00:00,15.0,96,7.2,0.0,808.2
2017-05-22 07:00:00,16.6,94,5.1,18.0,809.7
2017-05-22 08:00:00,19.5,82,9.2,176.0,811.6
2017-05-22 09:00:00,21.5,69,11.9,399.0,812.7
2017-05-22 10:00:00,23.7,56,14.0,619.0,813.5
2017-05-22 11:00:00,25.6,47,15.0,750.0,814.1
2017-05-22 12:00:00,26.9,41,16.6,847.0,814.1
2017-05-22 13:00:00,28.2,36,17.9,916.0,813.9
2017-05-22 14:00:00,27.8,37,17.9,648.0,813.2
2017-05-22 15:00:00,27.0,40,17.4,401.0,812.4
2017-05-22 16:00:00,28.0,36,15.9,611.0,812.0
2017-05-22 17:00:00,26.9,41,16.6,343.0,811.0
2017-05-22 18:00:00,26.9,42,15.7,359.0,811.1
2017-05-22 19:00:00,25.4,48,9.7,219.0,810.9
2017-05-22 20:00:00,21.8,58,8.4,37.0,809.2
2017-05-22 21:00:00,21.1,60,6.6,0.0,809.7
2017-05-22 22:00:00,21.0,63,7.7,0.0,810.7
2017-05-22 23:00:00,19.4,69,6.3,0.0,810.8
2017-05-23 00:00:00,18.7,70,8.3,0.0,811.1
2017-05-23 01:00:00,20.8,61,6.5,0.0,812.4
2017-05-23 02:00:00,20.3,64,3.2,0.0,812.1
2017-05-23 03:00:00,16.2,83,5.2,0.0,809.7
2017-05-23 04:00:00,15.7,89,5.5,0.0,809.6
2017-05-23 05:00:00,15.0,92,3.3,0.0,809.1
2017-05-23 06:00:00,15.3,93,6.6,0.0,810.1
2017-05-23 07:00:00,16.2,96,10.7,18.0,812.2
2017-05-23 08:00:00,18.3,81,16.0,164.0,814.5
2017-05-23 09:00:00,19.7,70,16.3,311.0,815.4
2017-05-23 10:00:00,21.4,61,13.2,408.0,816.0
2017-05-23 11:00:00,22.8,56,12.4,552.0,816.5
2017-05-23 12:00:00,24.8,49,7.6,735.0,816.7
2017-05-23 13:00:00,25.4,46,7.8,684.0,816.4
2017-05-23 14:00:00,25.9,44,8.6,793.0,816.0
2017-05-23 15:00:00,25.9,43,7.9,648.0,814.9
2017-05-23 16:00:00,25.8,44,5.9,546.0,813.9
2017-05-23 17:00:00,25.4,45,4.6,411.0,813.2
2017-05-23 18:00:00,25.1,45,7.0,294.0,813.0
2017-05-23 19:00:00,23.5,53,5.8,118.0,812.8
2017-05-23 20:00:00,21.9,60,11.3,19.0,812.5
2017-05-23 21:00:00,20.3,70,13.9,0.0,813.2
2017-05-23 22:00:00,19.5,75,12.8,0.0,813.8
2017-05-23 23:00:00,18.9,79,14.2,0.0,814.6
2017-05-24 00:00:00,17.9,83,12.6,0.0,814.7
2017-05-24 01:00:00,17.6,86,11.6,0.0,814.7
2017-05-24 02:00:00,17.1,89,12.1,0.0,814.4
2017-05-24 03:00:00,16.5,93,11.0,0.0,813.9
2017-05-24 04:00:00,15.7,97,8.3,0.0,813.4
2017-05-24 05:00:00,15.6,90,10.5,0.0,813.3
2017-05-24 06:00:00,15.2,90,11.9,0.0,813.3
2017-05-24 07:00:00,15.2,91,10.9,3.0,813.7
2017-05-24 08:00:00,14.9,93,12.8,29.0,814.4
2017-05-24 09:00:00,15.6,88,14.4,90.0,815.2
2017-05-24 10:00:00,15.7,84,14.2,124.0,815.4
2017-05-24 11:00:00,16.5,76,15.2,230.0,815.7
2017-05-24 12:00:00,18.4,68,15.5,430.0,816.1
2017-05-24 13:00:00,19.6,64,13.9,495.0,816.1
2017-05-24 14:00:00,19.6,64,13.8,328.0,815.3
2017-05-24 15:00:00,19.9,64,14.5,299.0,814.5
2017-05-24 16:00:00,20.0,63,14.8,271.0,813.6
2017-05-24 17:00:00,20.0,63,15.8,240.0,813.1
2017-05-24 18:00:00,19.2,65,14.8,120.0,812.9
2017-05-24 19:00:00,18.4,67,14.4,55.0,813.0
2017-05-24 20:00:00,17.3,74,15.5,11.0,813.3
2017-05-24 21:00:00,16.9,75,16.6,0.0,814.2
2017-05-24 22:00:00,16.3,76,18.5,0.0,814.7
2017-05-24 23:00:00,15.8,77,16.9,0.0,815.2
2017-05-25 00:00:00,15.3,78,15.8,0.0,815.6
2017-05-25 01:00:00,14.9,78,14.8,0.0,815.5
2017-05-25 02:00:00,14.2,81,15.1,0.0,815.1
2017-05-25 03:00:00,13.7,80,15.4,0.0,814.5
2017-05-25 04:00:00,12.9,72,15.6,0.0,814.2
2017-05-25 05:00:00,12.1,73,15.3,0.0,813.9
2017-05-25 06:00:00,12.0,72,13.2,0.0,813.8
2017-05-25 07:00:00,11.9,73,13.2,3.0,814.4
2017-05-25 08:00:00,11.1,78,14.7,40.0,815.3
2017-05-25 09:00:00,11.7,73,15.3,63.0,815.8
2017-05-25 10:00:00,12.5,69,15.0,137.0,816.8
2017-05-25 11:00:00,13.5,66,14.2,221.0,817.3
2017-05-25 12:00:00,15.2,61,14.5,346.0,817.6
2017-05-25 13:00:00,16.9,57,14.3,380.0,817.7
2017-05-25 14:00:00,17.0,57,14.1,327.0,817.2
2017-05-25 15:00:00,17.8,55,12.0,378.0,816.5
2017-05-25 16:00:00,17.9,55,11.3,266.0,815.9
2017-05-25 17:00:00,17.7,56,11.6,179.0,815.3
2017-05-25 18:00:00,18.1,54,10.2,156.0,815.0
2017-05-25 19:00:00,17.9,53,7.2,82.0,815.2
2017-05-25 20:00:00,16.3,60,5.8,12.0,815.3
2017-05-25 21:00:00,16.1,59,7.2,0.0,815.8
2017-05-25 22:00:00,15.8,60,6.7,0.0,816.4
2017-05-25 23:00:00,15.5,62,6.5,0.0,816.7
2017-05-26 00:00:00,14.7,68,6.5,0.0,817.0
2017-05-26 01:00:00,13.8,73,5.4,0.0,816.7
2017-05-26 02:00:00,13.5,74,4.7,0.0,816.2
2017-05-26 03:00:00,12.5,80,4.6,0.0,815.2
2017-05-26 04:00:00,12.6,79,3.5,0.0,815.2
2017-05-26 05:00:00,12.9,77,2.8,0.0,815.2
2017-05-26 06:00:00,12.1,81,4.2,0.0,814.6
2017-05-26 07:00:00,13.1,70,3.5,6.0,815.3
2017-05-26 08:00:00,12.2,88,1.3,51.0,816.0
2017-05-26 09:00:00,12.9,86,1.8,89.0,816.5
2017-05-26 10:00:00,14.3,67,4.7,183.0,817.5
2017-05-26 11:00:00,16.1,59,6.9,365.0,818.0
2017-05-26 12:00:00,19.0,43,7.3,780.0,818.7
2017-05-26 13:00:00,20.9,36,7.4,978.0,818.6
2017-05-26 14:00:00,22.1,34,5.7,1026.0,818.2
2017-05-26 15:00:00,22.7,34,5.2,929.0,817.1
2017-05-26 16:00:00,22.5,35,5.8,610.0,815.8
2017-05-26 17:00:00,22.7,36,5.8,450.0,815.2
2017-05-26 18:00:00,22.0,36,5.9,234.0,814.5
2017-05-26 19:00:00,20.7,41,5.8,86.0,814.2
2017-05-26 20:00:00,17.6,55,5.9,24.0,812.8
2017-05-26 21:00:00,16.8,53,3.5,0.0,812.7
2017-05-26 22:00:00,17.3,55,5.9,0.0,813.8
2017-05-26 23:00:00,15.5,67,6.9,0.0,813.5
2017-05-27 00:00:00,14.9,59,6.8,0.0,813.8
2017-05-27 01:00:00,14.1,61,6.8,0.0,813.9
2017-05-27 02:00:00,13.1,69,7.6,0.0,813.6
2017-05-27 03:00:00,13.1,69,6.3,0.0,813.4
2017-05-27 04:00:00,12.7,70,6.1,0.0,813.0
2017-05-27 05:00:00,11.5,76,7.4,0.0,812.2
2017-05-27 06:00:00,11.4,78,7.1,0.0,812.1
2017-05-27 07:00:00,13.5,69,4.9,14.0,813.6
2017-05-27 08:00:00,15.0,64,3.4,75.0,815.8
2017-05-27 09:00:00,17.6,53,5.5,346.0,817.0
2017-05-27 10:00:00,19.7,50,6.2,619.0,817.6
2017-05-27 11:00:00,21.5,46,5.8,795.0,818.5
2017-05-27 12:00:00,23.3,41,6.5,957.0,818.7
2017-05-27 13:00:00,22.6,42,9.8,523.0,817.7
2017-05-27 14:00:00,23.0,40,6.9,386.0,817.0
2017-05-27 15:00:00,24.0,37,5.8,503.0,816.3
2017-05-27 16:00:00,23.5,36,8.4,315.0,815.4
2017-05-27 17:00:00,22.7,39,11.6,231.0,814.5
2017-05-27 18:00:00,21.8,43,9.8,142.0,813.9
2017-05-27 19:00:00,21.0,50,4.3,111.0,813.5
2017-05-27 20:00:00,21.7,43,5.2,25.0,814.3
2017-05-27 21:00:00,19.9,50,5.9,0.0,813.4
2017-05-27 22:00:00,17.4,64,7.9,0.0,812.7
2017-05-27 23:00:00,17.7,62,6.4,0.0,813.9
2017-05-28 00:00:00,16.9,63,6.5,0.0,814.1
2017-05-28 01:00:00,18.0,50,12.0,0.0,815.4
2017-05-28 02:00:00,17.6,52,10.3,0.0,815.2
2017-05-28 03:00:00,16.3,60,6.0,0.0,814.3
2017-05-28 04:00:00,15.1,66,5.2,0.0,813.7
2017-05-28 05:00:00,14.5,70,4.8,0.0,813.2
2017-05-28 06:00:00,13.8,73,5.0,0.0,813.1
2017-05-28 07:00:00,14.8,70,5.2,19.0,814.0
2017-05-28 08:00:00,17.0,62,5.4,153.0,816.3
2017-05-28 09:00:00,19.1,55,6.9,360.0,817.1
2017-05-28 10:00:00,21.0,47,9.5,546.0,817.6
2017-05-28 11:00:00,22.6,43,9.7,772.0,818.0
2017-05-28 12:00:00,23.7,39,9.7,757.0,818.0
2017-05-28 13:00:00,24.8,37,12.2,821.0,817.7
2017-05-28 14:00:00,24.9,37,15.3,788.0,816.8
2017-05-28 15:00:00,25.1,36,15.7,698.0,816.2
2017-05-28 16:00:00,24.7,37,15.3,524.0,815.1
2017-05-28 17:00:00,24.8,35,14.4,393.0,814.4
2017-05-28 18:00:00,23.4,41,17.7,208.0,813.7
2017-05-28 19:00:00,22.8,43,13.7,62.0,813.4
2017-05-28 20:00:00,22.0,45,8.7,25.0,813.1
2017-05-28 21:00:00,20.0,54,6.1,0.0,812.2
2017-05-28 22:00:00,20.0,54,12.0,0.0,813.3
2017-05-28 23:00:00,18.6,65,9.4,0.0,813.5
2017-05-29 00:00:00,17.4,77,7.2,0.0,813.4
2017-05-29 01:00:00,17.8,75,7.6,0.0,813.9
2017-05-29 02:00:00,17.2,75,7.2,0.0,813.6
2017-05-29 03:00:00,17.0,72,7.4,0.0,813.1
2017-05-29 04:00:00,15.7,78,5.8,0.0,812.4
2017-05-29 05:00:00,15.0,82,5.8,0.0,811.9
2017-05-29 06:00:00,13.9,87,7.2,0.0,811.1
2017-05-29 07:00:00,15.5,82,4.0,20.0,812.2
2017-05-29 08:00:00,18.0,68,5.8,176.0,814.6
2017-05-29 09:00:00,20.0,58,8.0,382.0,815.6
2017-05-29 10:00:00,21.8,51,9.0,601.0,816.3
2017-05-29 11:00:00,23.5,45,10.8,800.0,816.4
2017-05-29 12:00:00,25.0,41,12.7,910.0,816.4
2017-05-29 13:00:00,25.6,40,15.4,837.0,816.0
2017-05-29 14:00:00,26.1,36,14.1,682.0,815.1
2017-05-29 15:00:00,27.2,33,11.8,678.0,814.5
2017-05-29 16:00:00,27.3,32,15.3,522.0,813.8
2017-05-29 17:00:00,27.1,32,12.3,459.0,813.3
2017-05-29 18:00:00,26.9,33,15.0,323.0,812.4
2017-05-29 19:00:00,25.2,39,12.7,173.0,812.1
2017-05-29 20:00:00,23.1,45,11.3,31.0,811.7
2017-05-29 21:00:00,21.2,52,9.4,0.0,811.8
2017-05-29 22:00:00,19.6,60,7.6,0.0,812.1
2017-05-29 23:00:00,18.4,65,6.3,0.0,812.2
2017-05-30 00:00:00,17.9,69,7.0,0.0,812.4
2017-05-30 01:00:00,17.5,74,7.3,0.0,812.6
2017-05-30 02:00:00,16.8,76,6.8,0.0,812.3
2017-05-30 03:00:00,15.9,79,6.0,0.0,811.6
2017-05-30 04:00:00,14.9,84,7.1,0.0,811.0
2017-05-30 05:00:00,14.1,86,8.2,0.0,810.5
2017-05-30 06:00:00,14.0,85,7.8,0.0,810.8
2017-05-30 07:00:00,15.6,82,5.2,21.0,812.2
2017-05-30 08:00:00,18.4,67,3.1,177.0,814.7
2017-05-30 09:00:00,20.8,60,8.4,380.0,815.8
2017-05-30 10:00:00,22.6,54,9.4,554.0,816.6
2017-05-30 11:00:00,24.1,50,10.2,653.0,816.9
2017-05-30 12:00:00,26.1,43,11.1,883.0,817.2
2017-05-30 13:00:00,27.7,38,12.2,977.0,817.3
2017-05-30 14:00:00,28.6,35,12.5,932.0,816.3
2017-05-30 15:00:00,28.3,34,14.6,657.0,815.0
2017-05-30 16:00:00,26.9,40,17.0,391.0,813.6
2017-05-30 17:00:00,26.4,42,14.0,331.0,813.3
2017-05-30 18:00:00,26.2,43,13.1,317.0,812.9
2017-05-30 19:00:00,25.4,46,12.8,141.0,813.0
2017-05-30 20:00:00,22.5,58,8.3,29.0,813.1
2017-05-30 21:00:00,21.5,61,5.6,0.0,813.0
2017-05-30 22:00:00,21.3,64,6.4,0.0,814.0
2017-05-30 23:00:00,20.4,71,8.5,0.0,814.3
2017-05-31 00:00:00,19.9,74,8.4,0.0,814.4
2017-05-31 01:00:00,19.5,77,7.0,0.0,814.1
2017-05-31 02:00:00,19.1,79,6.1,0.0,813.5
2017-05-31 03:00:00,18.0,85,4.6,0.0,812.6
2017-05-31 04:00:00,18.6,83,4.6,0.0,812.6
2017-05-31 05:00:00,18.5,84,5.4,0.0,812.2
2017-05-31 06:00:00,17.9,88,6.6,0.0,812.0
2017-05-31 07:00:00,18.2,87,8.7,11.0,812.5
2017-05-31 08:00:00,18.4,91,8.7,92.0,813.5
2017-05-31 09:00:00,20.3,82,11.2,295.0,814.5
2017-05-31 10:00:00,22.0,71,13.3,446.0,815.3
2017-05-31 11:00:00,23.8,61,15.0,589.0,815.4
2017-05-31 12:00:00,25.9,53,17.5,834.0,815.6
2017-05-31 13:00:00,26.5,50,19.6,816.0,815.0
2017-05-31 14:00:00,25.9,49,19.9,775.0,813.8
2017-05-31 15:00:00,26.7,46,20.6,753.0,813.2
2017-05-31 16:00:00,26.9,44,20.4,693.0,811.9
2017-05-31 17:00:00,26.0,47,19.7,506.0,811.0
2017-05-31 18:00:00,25.2,50,18.9,351.0,810.6
2017-05-31 19:00:00,24.4,53,16.0,168.0,810.3
2017-05-31 20:00:00,22.5,59,13.0,33.0,810.6
2017-05-31 21:00:00,21.5,64,10.8,0.0,810.5
2017-05-31 22:00:00,20.6,70,11.2,0.0,810.5
2017-05-31 23:00:00,19.9,75,11.0,0.0,810.8
2017-06-01 00:00:00,19.2,80,10.5,0.0,810.6
2017-06-01 01:00:00,18.7,83,10.7,0.0,810.4
2017-06-01 02:00:00,18.4,85,10.6,0.0,810.2
2017-06-01 03:00:00,18.2,88,10.9,0.0,809.9
2017-06-01 04:00:00,17.8,91,12.2,0.0,809.3
2017-06-01 05:00:00,17.4,94,11.5,0.0,808.9
2017-06-01 06:00:00,17.4,94,11.3,0.0,809.1
2017-06-01 07:00:00,17.9,90,12.1,15.0,809.5
2017-06-01 08:00:00,19.5,79,17.7,117.0,810.9
2017-06-01 09:00:00,21.1,69,19.2,261.0,811.4
2017-06-01 10:00:00,23.2,58,21.5,455.0,812.1
2017-06-01 11:00:00,24.6,51,22.1,487.0,812.2
2017-06-01 12:00:00,25.5,47,21.6,559.0,812.4
2017-06-01 13:00:00,26.0,45,21.7,557.0,812.2
2017-06-01 14:00:00,26.6,44,19.8,607.0,811.7
2017-06-01 15:00:00,27.7,42,19.4,731.0,811.2
2017-06-01 16:00:00,27.4,43,17.9,580.0,810.2
2017-06-01 17:00:00,26.9,42,18.2,402.0,809.4
2017-06-01 18:00:00,26.4,44,18.2,267.0,809.4
2017-06-01 19:00:00,25.8,45,15.1,196.0,809.3
2017-06-01 20:00:00,23.2,52,6.6,34.0,809.0
2017-06-01 21:00:00,21.9,57,7.1,0.0,809.1
2017-06-01 22:00:00,20.6,64,6.6,0.0,809.5
2017-06-01 23:00:00,19.7,70,6.1,0.0,809.7
2017-06-02 00:00:00,19.0,77,6.0,0.0,809.9
2017-06-02 01:00:00,18.0,85,6.2,0.0,809.6
2017-06-02 02:00:00,17.6,87,6.1,0.0,809.2
2017-06-02 03:00:00,17.2,88,6.6,0.0,808.7
2017-06-02 04:00:00,17.0,88,5.9,0.0,808.3
2017-06-02 05:00:00,16.6,89,5.9,0.0,808.0
2017-06-02 06:00:00,15.4,91,7.9,0.0,807.4
2017-06-02 07:00:00,17.4,86,3.3,21.0,809.2
2017-06-02 08:00:00,19.9,74,9.9,175.0,811.2
2017-06-02 09:00:00,22.0,62,18.2,337.0,812.3
2017-06-02 10:00:00,23.7,53,18.8,497.0,813.2
2017-06-02 11:00:00,23.8,51,19.2,463.0,812.8
2017-06-02 12:00:00,25.6,46,22.3,721.0,813.2
2017-06-02 13:00:00,26.2,43,21.6,754.0,812.8
2017-06-02 14:00:00,28.3,37,22.9,975.0,812.5
2017-06-02 15:00:00,28.0,35,24.9,888.0,811.6
2017-06-02 16:00:00,26.7,40,21.1,614.0,810.3
2017-06-02 17:00:00,27.1,37,23.3,541.0,809.7
2017-06-02 18:00:00,26.1,41,22.1,302.0,809.1
2017-06-02 19:00:00,25.9,41,19.1,222.0,808.9
2017-06-02 20:00:00,23.4,46,14.0,35.0,808.7
2017-06-02 21:00:00,22.3,53,15.1,0.0,809.0
2017-06-02 22:00:00,21.3,57,12.3,0.0,809.5
2017-06-02 23:00:00,20.2,61,11.2,0.0,809.6
2017-06-03 00:00:00,19.2,67,7.9,0.0,809.4
2017-06-03 01:00:00,18.6,71,7.6,0.0,808.9
2017-06-03 02:00:00,18.2,73,8.4,0.0,808.4
2017-06-03 03:00:00,18.1,75,9.2,0.0,808.1
2017-06-03 04:00:00,17.9,76,10.1,0.0,808.2
2017-06-03 05:00:00,17.6,77,10.0,0.0,808.2
2017-06-03 06:00:00,17.2,80,8.8,0.0,808.3
2017-06-03 07:00:00,17.9,77,8.1,20.0,809.3
2017-06-03 08:00:00,20.0,68,14.2,178.0,810.8
2017-06-03 09:00:00,22.3,57,22.1,383.0,812.0
2017-06-03 10:00:00,24.2,49,22.0,511.0,812.6
2017-06-03 11:00:00,25.3,44,20.5,546.0,812.7
2017-06-03 12:00:00,26.6,40,21.0,585.0,812.7
2017-06-03 13:00:00,26.4,41,21.6,505.0,812.4
2017-06-03 14:00:00,27.8,37,19.3,658.0,812.0
2017-06-03 15:00:00,28.1,36,20.1,662.0,811.0
2017-06-03 16:00:00,28.5,34,20.7,628.0,810.4
2017-06-03 17:00:00,27.7,35,19.6,434.0,809.6
2017-06-03 18:00:00,27.6,36,17.7,398.0,809.4
2017-06-03 19:00:00,26.5,40,15.8,178.0,809.3
2017-06-03 20:00:00,24.4,44,12.7,43.0,809.3
2017-06-03 21:00:00,23.1,48,11.8,0.0,809.2
2017-06-03 22:00:00,21.9,52,9.6,0.0,809.2
2017-06-03 23:00:00,20.8,57,8.2,0.0,809.1
2017-06-04 00:00:00,20.4,60,9.0,0.0,809.5
2017-06-04 01:00:00,19.7,63,7.9,0.0,808.9
2017-06-04 02:00:00,18.7,67,7.1,0.0,808.0
2017-06-04 03:00:00,18.3,68,7.6,0.0,807.5
2017-06-04 04:00:00,18.1,69,8.7,0.0,807.4
2017-06-04 05:00:00,17.9,71,10.5,0.0,807.4
2017-06-04 06:00:00,17.5,72,10.0,0.0,807.2
2017-06-04 07:00:00,18.0,70,12.1,22.0,807.9
2017-06-04 08:00:00,19.7,63,16.4,182.0,809.2
2017-06-04 09:00:00,21.7,55,19.9,404.0,810.3
2017-06-04 10:00:00,23.6,48,21.6,603.0,810.9
2017-06-04 11:00:00,25.7,40,21.8,779.0,811.7
2017-06-04 12:00:00,27.6,34,23.6,927.0,811.7
2017-06-04 13:00:00,28.3,31,24.0,812.0,811.2
2017-06-04 14:00:00,27.8,34,24.5,750.0,810.3
2017-06-04 15:00:00,27.9,33,23.5,584.0,809.6
2017-06-04 16:00:00,28.1,32,24.9,534.0,809.0
2017-06-04 17:00:00,28.0,32,22.0,535.0,808.7
2017-06-04 18:00:00,27.0,34,20.4,359.0,808.2
2017-06-04 19:00:00,25.7,38,19.2,173.0,808.4
2017-06-04 20:00:00,23.5,43,12.7,34.0,808.3
2017-06-04 21:00:00,22.7,46,12.8,0.0,809.0
2017-06-04 22:00:00,21.8,50,11.8,0.0,809.4
2017-06-04 23:00:00,21.1,53,9.7,0.0,809.3
2017-06-05 00:00:00,20.2,56,10.4,0.0,809.1
2017-06-05 01:00:00,19.0,61,8.9,0.0,808.7
2017-06-05 02:00:00,18.4,64,7.5,0.0,808.2
2017-06-05 03:00:00,17.8,66,6.8,0.0,807.9
2017-06-05 04:00:00,16.9,70,6.2,0.0,807.8
2017-06-05 05:00:00,16.3,73,6.1,0.0,807.9
2017-06-05 06:00:00,16.4,73,7.8,0.0,808.2
2017-06-05 07:00:00,17.0,72,4.5,21.0,809.2
2017-06-05 08:00:00,18.8,66,10.9,165.0,810.6
2017-06-05 09:00:00,21.1,54,10.2,405.0,811.6
2017-06-05 10:00:00,22.8,48,7.4,514.0,812.6
2017-06-05 11:00:00,22.7,48,4.2,394.0,812.5
2017-06-05 12:00:00,24.6,42,2.3,779.0,813.3
2017-06-05 13:00:00,25.4,40,3.8,859.0,813.2
2017-06-05 14:00:00,26.3,37,4.3,857.0,813.0
2017-06-05 15:00:00,27.0,34,4.3,801.0,812.2
2017-06-05 16:00:00,27.5,32,4.7,722.0,811.5
2017-06-05 17:00:00,27.4,31,5.0,574.0,811.1
2017-06-05 18:00:00,26.8,32,6.9,418.0,810.8
2017-06-05 19:00:00,26.0,34,6.4,206.0,811.1
2017-06-05 20:00:00,26.0,29,3.4,43.0,810.5
2017-06-05 21:00:00,25.0,31,5.2,0.0,811.0
2017-06-05 22:00:00,20.3,42,7.6,0.0,809.6
2017-06-05 23:00:00,21.1,50,16.7,0.0,813.0
2017-06-06 00:00:00,19.2,75,11.9,0.0,813.3
2017-06-06 01:00:00,18.5,79,11.9,0.0,813.3
2017-06-06 02:00:00,17.9,82,9.7,0.0,812.7
2017-06-06 03:00:00,17.0,86,8.8,0.0,812.3
2017-06-06 04:00:00,16.4,89,6.1,0.0,812.0
2017-06-06 05:00:00,16.0,92,5.4,0.0,812.1
2017-06-06 06:00:00,15.9,93,6.6,0.0,812.5
2017-06-06 07:00:00,16.8,86,11.0,16.0,813.3
2017-06-06 08:00:00,16.7,88,11.6,80.0,814.5
2017-06-06 09:00:00,16.8,88,10.7,108.0,815.2
2017-06-06 10:00:00,17.9,82,7.5,221.0,816.1
2017-06-06 11:00:00,20.1,74,8.0,376.0,816.9
2017-06-06 12:00:00,22.7,61,14.1,682.0,817.5
2017-06-06 13:00:00,23.1,57,12.3,630.0,817.1
2017-06-06 14:00:00,24.4,50,9.6,705.0,816.8
2017-06-06 15:00:00,25.8,43,7.1,685.0,815.9
2017-06-06 16:00:00,21.7,64,14.8,690.0,814.8
2017-06-06 17:00:00,23.0,55,7.6,440.0,814.5
2017-06-06 18:00:00,21.5,58,11.3,358.0,814.4
2017-06-06 19:00:00,22.1,57,6.5,200.0,814.7
2017-06-06 20:00:00,19.3,72,7.1,40.0,814.3
2017-06-06 21:00:00,19.3,72,7.3,0.0,815.2
2017-06-06 22:00:00,19.2,70,10.3,0.0,816.4
2017-06-06 23:00:00,18.2,75,8.2,0.0,816.8
2017-06-07 00:00:00,17.3,78,6.2,0.0,816.5
2017-06-07 01:00:00,16.9,80,6.6,0.0,816.0
2017-06-07 02:00:00,15.3,86,5.4,0.0,814.6
2017-06-07 03:00:00,14.7,88,5.6,0.0,813.8
2017-06-07 04:00:00,14.2,90,5.9,0.0,813.1
2017-06-07 05:00:00,13.9,92,5.6,0.0,813.3
2017-06-07 06:00:00,14.0,92,4.9,0.0,813.8
2017-06-07 07:00:00,15.0,89,5.6,20.0,814.7
2017-06-07 08:00:00,16.7,81,5.0,164.0,816.5
2017-06-07 09:00:00,19.3,67,6.2,412.0,817.9
2017-06-07 10:00:00,21.7,54,7.9,602.0,818.7
2017-06-07 11:00:00,23.9,44,7.3,761.0,819.1
2017-06-07 12:00:00,25.3,37,6.8,779.0,818.9
2017-06-07 13:00:00,26.6,32,6.4,855.0,818.5
2017-06-07 14:00:00,27.7,27,5.5,866.0,817.5
2017-06-07 15:00:00,28.3,26,9.7,914.0,816.5
2017-06-07 16:00:00,27.2,33,16.7,803.0,815.8
2017-06-07 17:00:00,26.4,35,14.8,593.0,815.2
2017-06-07 18:00:00,26.1,36,13.5,415.0,814.5
2017-06-07 19:00:00,24.7,42,15.2,239.0,814.0
2017-06-07 20:00:00,23.0,45,12.3,50.0,812.5
2017-06-07 21:00:00,21.8,56,13.4,0.0,812.9
2017-06-07 22:00:00,21.4,64,9.0,0.0,813.5
2017-06-07 23:00:00,20.1,71,10.1,0.0,813.7
2017-06-08 00:00:00,19.5,73,9.7,0.0,814.2
2017-06-08 01:00:00,18.8,79,9.2,0.0,814.0
2017-06-08 02:00:00,18.1,84,8.0,0.0,813.7
2017-06-08 03:00:00,17.5,88,7.2,0.0,813.2
2017-06-08 04:00:00,16.9,91,6.2,0.0,812.9
2017-06-08 05:00:00,16.5,92,5.4,0.0,812.8
2017-06-08 06:00:00,16.6,93,5.1,0.0,812.8
2017-06-08 07:00:00,17.4,89,6.8,20.0,813.8
2017-06-08 08:00:00,19.0,78,9.7,178.0,815.1
2017-06-08 09:00:00,20.9,66,10.7,390.0,815.8
2017-06-08 10:00:00,22.7,56,12.4,568.0,816.8
2017-06-08 11:00:00,23.9,49,12.0,660.0,817.1
2017-06-08 12:00:00,25.6,41,10.9,813.0,817.0
2017-06-08 13:00:00,26.9,35,11.8,917.0,816.7
2017-06-08 14:00:00,27.9,28,10.2,934.0,815.7
2017-06-08 15:00:00,28.4,25,13.3,912.0,814.2
2017-06-08 16:00:00,28.4,25,15.5,740.0,813.2
2017-06-08 17:00:00,28.2,27,16.3,468.0,812.3
2017-06-08 18:00:00,27.4,33,20.9,375.0,811.7
2017-06-08 19:00:00,26.1,39,18.5,163.0,811.7
2017-06-08 20:00:00,24.7,41,12.2,46.0,811.2
2017-06-08 21:00:00,23.1,50,14.0,0.0,811.5
2017-06-08 22:00:00,22.0,57,12.0,0.0,811.9
2017-06-08 23:00:00,20.8,65,9.8,0.0,812.1
2017-06-09 00:00:00,20.2,70,9.4,0.0,812.4
2017-06-09 01:00:00,19.5,74,9.7,0.0,812.8
2017-06-09 02:00:00,18.7,81,9.4,0.0,812.4
2017-06-09 03:00:00,18.0,87,7.9,0.0,811.9
2017-06-09 04:00:00,17.6,91,7.6,0.0,811.6
2017-06-09 05:00:00,17.4,92,6.8,0.0,811.5
2017-06-09 06:00:00,17.4,92,7.3,0.0,811.3
2017-06-09 07:00:00,18.1,87,9.1,19.0,812.1
2017-06-09 08:00:00,20.1,75,11.0,150.0,812.9
2017-06-09 09:00:00,21.7,68,13.5,327.0,813.8
2017-06-09 10:00:00,23.7,56,13.2,493.0,814.6
2017-06-09 11:00:00,25.2,48,14.3,600.0,814.8
2017-06-09 12:00:00,26.1,45,15.1,658.0,814.7
2017-06-09 13:00:00,27.0,42,15.9,732.0,814.4
2017-06-09 14:00:00,27.6,40,14.8,707.0,813.7
2017-06-09 15:00:00,28.2,37,14.6,703.0,812.9
2017-06-09 16:00:00,28.5,36,15.2,657.0,812.2
2017-06-09 17:00:00,28.5,37,15.5,577.0,811.5
2017-06-09 18:00:00,27.1,41,17.3,345.0,811.0
2017-06-09 19:00:00,26.2,43,14.8,167.0,811.0
2017-06-09 20:00:00,25.3,46,15.9,44.0,810.6
2017-06-09 21:00:00,23.7,55,16.4,0.0,811.2
2017-06-09 22:00:00,22.6,61,17.3,0.0,811.8
2017-06-09 23:00:00,21.9,66,14.5,0.0,812.6
2017-06-10 00:00:00,21.3,69,12.1,0.0,812.9
2017-06-10 01:00:00,21.0,72,12.2,0.0,812.9
2017-06-10 02:00:00,20.2,77,12.3,0.0,812.4
2017-06-10 03:00:00,19.8,79,12.1,0.0,812.4
2017-06-10 04:00:00,19.0,84,9.2,0.0,812.0
2017-06-10 05:00:00,18.5,88,6.9,0.0,811.7
2017-06-10 06:00:00,18.0,90,5.2,0.0,811.6
2017-06-10 07:00:00,18.7,87,5.6,17.0,812.1
2017-06-10 08:00:00,20.3,77,11.0,105.0,813.1
2017-06-10 09:00:00,22.2,66,11.4,276.0,814.0
2017-06-10 10:00:00,23.9,58,10.5,424.0,814.9
2017-06-10 11:00:00,25.6,51,9.2,614.0,815.2
2017-06-10 12:00:00,27.4,45,9.6,807.0,815.4
2017-06-10 13:00:00,28.5,42,9.7,857.0,815.0
2017-06-10 14:00:00,29.4,37,9.0,953.0,814.3
2017-06-10 15:00:00,29.1,37,11.3,732.0,813.3
2017-06-10 16:00:00,29.0,37,11.9,714.0,812.7
2017-06-10 17:00:00,27.8,41,13.0,531.0,812.3
2017-06-10 18:00:00,26.1,48,14.8,316.0,812.0
2017-06-10 19:00:00,22.3,73,12.6,147.0,811.8
2017-06-10 20:00:00,22.5,71,14.9,25.0,811.5
2017-06-10 21:00:00,19.9,90,16.1,0.0,811.9
2017-06-10 22:00:00,19.5,92,14.3,0.0,812.6
2017-06-10 23:00:00,19.1,94,10.0,0.0,812.9
2017-06-11 00:00:00,18.9,92,9.7,0.0,812.6
2017-06-11 01:00:00,18.4,95,9.5,0.0,812.4
2017-06-11 02:00:00,18.1,98,4.7,0.0,812.2
2017-06-11 03:00:00,18.5,97,9.1,0.0,811.9
2017-06-11 04:00:00,18.0,96,8.7,0.0,811.8
2017-06-11 05:00:00,18.1,96,5.2,0.0,811.7
2017-06-11 06:00:00,18.3,94,1.5,0.0,811.8
2017-06-11 07:00:00,18.5,94,4.0,11.0,812.2
2017-06-11 08:00:00,18.8,93,6.1,99.0,813.0
2017-06-11 09:00:00,20.1,87,6.9,196.0,813.9
2017-06-11 10:00:00,21.3,81,7.4,327.0,814.6
2017-06-11 11:00:00,23.2,72,9.0,556.0,814.9
2017-06-11 12:00:00,24.8,65,11.2,671.0,815.1
2017-06-11 13:00:00,25.3,60,11.5,614.0,814.3
2017-06-11 14:00:00,26.8,49,11.2,781.0,813.7
2017-06-11 15:00:00,27.8,43,10.7,725.0,813.0
2017-06-11 16:00:00,28.3,41,11.2,709.0,812.4
2017-06-11 17:00:00,27.9,41,11.1,533.0,811.9
2017-06-11 18:00:00,26.5,45,10.5,312.0,811.5
2017-06-11 19:00:00,25.1,53,9.3,135.0,811.6
2017-06-11 20:00:00,22.0,76,8.3,27.0,811.1
2017-06-11 21:00:00,21.5,79,8.0,0.0,811.5
2017-06-11 22:00:00,21.7,77,9.8,0.0,812.1
2017-06-11 23:00:00,21.3,77,11.0,0.0,812.4
2017-06-12 00:00:00,20.9,78,11.7,0.0,812.6
2017-06-12 01:00:00,20.5,81,9.0,0.0,812.5
2017-06-12 02:00:00,19.7,85,5.4,0.0,811.9
2017-06-12 03:00:00,19.3,87,3.9,0.0,811.5
2017-06-12 04:00:00,18.6,90,3.8,0.0,811.0
2017-06-12 05:00:00,18.8,89,3.8,0.0,811.2
2017-06-12 06:00:00,18.9,89,4.9,0.0,811.3
2017-06-12 07:00:00,18.8,90,7.4,16.0,811.6
2017-06-12 08:00:00,19.5,89,9.5,100.0,812.5
2017-06-12 09:00:00,21.2,77,12.4,267.0,813.1
2017-06-12 10:00:00,23.0,67,11.9,403.0,813.8
2017-06-12 11:00:00,24.6,60,9.6,557.0,814.0
2017-06-12 12:00:00,26.6,54,8.7,850.0,814.4
2017-06-12 13:00:00,27.7,49,9.1,882.0,814.1
2017-06-12 14:00:00,28.4,46,8.8,873.0,813.6
2017-06-12 15:00:00,28.0,45,7.6,788.0,812.1
2017-06-12 16:00:00,24.8,60,12.6,558.0,811.5
2017-06-12 17:00:00,21.8,81,3.2,198.0,810.6
2017-06-12 18:00:00,21.4,82,6.4,114.0,810.6
2017-06-12 19:00:00,21.2,85,4.6,90.0,811.0
2017-06-12 20:00:00,20.7,91,5.8,17.0,810.4
2017-06-12 21:00:00,19.8,96,5.1,0.0,811.2
2017-06-12 22:00:00,18.8,97,5.4,0.0,812.2
2017-06-12 23:00:00,18.4,98,4.8,0.0,812.7
2017-06-13 00:00:00,18.6,98,2.2,0.0,813.2
2017-06-13 01:00:00,18.4,98,7.2,0.0,812.7
2017-06-13 02:00:00,18.4,98,5.1,0.0,812.4
2017-06-13 03:00:00,18.2,99,3.3,0.0,811.8
2017-06-13 04:00:00,17.7,98,1.5,0.0,811.4
2017-06-13 05:00:00,17.8,98,2.7,0.0,811.2
2017-06-13 06:00:00,18.0,98,1.9,0.0,811.2
2017-06-13 07:00:00,18.3,95,2.6,9.0,811.6
2017-06-13 08:00:00,18.7,94,2.8,86.0,812.4
2017-06-13 09:00:00,20.2,83,4.8,238.0,813.4
2017-06-13 10:00:00,22.5,69,7.1,425.0,814.2
2017-06-13 11:00:00,23.9,66,8.2,595.0,814.8
2017-06-13 12:00:00,24.4,66,9.7,610.0,814.6
2017-06-13 13:00:00,25.7,62,8.0,800.0,814.6
2017-06-13 14:00:00,26.0,61,6.8,787.0,813.7
2017-06-13 15:00:00,26.5,59,7.1,748.0,813.1
2017-06-13 16:00:00,23.1,74,15.9,550.0,812.2
2017-06-13 17:00:00,22.3,79,12.4,297.0,812.0
2017-06-13 18:00:00,21.6,84,10.8,156.0,811.2
2017-06-13 19:00:00,21.5,83,10.2,100.0,811.7
2017-06-13 20:00:00,21.0,85,9.3,17.0,811.4
2017-06-13 21:00:00,20.3,90,6.5,0.0,812.0
2017-06-13 22:00:00,19.3,95,4.7,0.0,812.2
2017-06-13 23:00:00,19.6,92,8.4,0.0,812.9
2017-06-14 00:00:00,18.8,95,9.8,0.0,813.5
2017-06-14 01:00:00,18.5,95,9.5,0.0,813.5
2017-06-14 02:00:00,17.8,99,10.2,0.0,813.1
2017-06-14 03:00:00,18.0,97,6.5,0.0,812.8
2017-06-14 04:00:00,17.6,98,4.5,0.0,812.7
2017-06-14 05:00:00,17.8,99,3.4,0.0,812.2
2017-06-14 06:00:00,17.6,98,3.6,0.0,811.9
2017-06-14 07:00:00,18.2,94,2.2,8.0,812.5
2017-06-14 08:00:00,18.1,93,1.6,55.0,813.4
2017-06-14 09:00:00,19.3,90,4.9,156.0,814.4
2017-06-14 10:00:00,20.3,91,5.8,255.0,814.9
2017-06-14 11:00:00,21.7,83,6.1,405.0,815.1
2017-06-14 12:00:00,22.7,72,8.0,451.0,815.1
2017-06-14 13:00:00,24.9,59,7.6,855.0,815.2
2017-06-14 14:00:00,24.7,59,8.8,729.0,814.1
2017-06-14 15:00:00,23.3,69,10.6,763.0,813.5
2017-06-14 16:00:00,23.9,67,5.4,427.0,812.7
2017-06-14 17:00:00,23.7,67,7.4,355.0,812.4
2017-06-14 18:00:00,23.5,68,9.7,243.0,812.0
2017-06-14 19:00:00,22.5,72,13.1,134.0,812.2
2017-06-14 20:00:00,20.7,92,11.4,23.0,811.5
2017-06-14 21:00:00,20.4,92,12.0,0.0,811.7
2017-06-14 22:00:00,19.8,93,9.2,0.0,812.2
2017-06-14 23:00:00,18.6,98,5.4,0.0,812.4
2017-06-15 00:00:00,18.6,98,9.1,0.0,813.1
2017-06-15 01:00:00,18.2,99,6.9,0.0,812.7
2017-06-15 02:00:00,18.4,98,5.9,0.0,812.3
2017-06-15 03:00:00,18.7,95,10.9,0.0,811.7
2017-06-15 04:00:00,18.3,98,5.1,0.0,811.3
2017-06-15 05:00:00,18.2,98,3.9,0.0,810.9
2017-06-15 06:00:00,17.9,98,4.0,0.0,811.1
2017-06-15 07:00:00,18.6,95,6.6,8.0,811.4
2017-06-15 08:00:00,18.8,93,8.4,54.0,812.3
2017-06-15 09:00:00,20.1,88,7.7,218.0,813.2
2017-06-15 10:00:00,21.1,85,7.2,344.0,813.6
2017-06-15 11:00:00,22.0,82,9.4,451.0,813.7
2017-06-15 12:00:00,22.9,77,10.1,536.0,813.5
2017-06-15 13:00:00,21.1,79,8.9,502.0,812.9
2017-06-15 14:00:00,23.2,69,10.0,534.0,812.8
2017-06-15 15:00:00,23.8,66,9.5,528.0,812.4
2017-06-15 16:00:00,23.2,66,13.3,441.0,811.8
2017-06-15 17:00:00,22.4,76,12.0,357.0,811.3
2017-06-15 18:00:00,21.3,86,2.4,176.0,810.7
2017-06-15 19:00:00,21.2,90,2.2,81.0,810.7
2017-06-15 20:00:00,21.1,86,7.6,25.0,810.6
2017-06-15 21:00:00,20.5,86,9.0,0.0,810.6
2017-06-15 22:00:00,20.1,88,10.2,0.0,811.3
2017-06-15 23:00:00,19.6,89,7.9,0.0,811.7
2017-06-16 00:00:00,18.7,94,9.0,0.0,812.0
2017-06-16 01:00:00,18.2,98,7.2,0.0,811.5
2017-06-16 02:00:00,18.5,97,7.8,0.0,811.6
2017-06-16 03:00:00,18.5,92,8.4,0.0,811.1
2017-06-16 04:00:00,18.2,94,5.0,0.0,810.9
2017-06-16 05:00:00,18.1,92,2.1,0.0,811.1
2017-06-16 06:00:00,17.8,92,1.5,0.0,811.3
2017-06-16 07:00:00,18.1,94,3.4,7.0,811.6
2017-06-16 08:00:00,16.4,93,8.2,38.0,811.6
2017-06-16 09:00:00,17.3,90,7.1,95.0,812.3
2017-06-16 10:00:00,18.7,83,10.2,215.0,813.4
2017-06-16 11:00:00,18.4,84,13.1,200.0,813.3
2017-06-16 12:00:00,19.8,78,11.4,431.0,813.4
2017-06-16 13:00:00,21.4,72,9.9,631.0,813.6
2017-06-16 14:00:00,20.8,75,14.6,448.0,812.6
2017-06-16 15:00:00,20.0,82,15.6,355.0,811.4
2017-06-16 16:00:00,20.0,81,11.8,200.0,811.4
2017-06-16 17:00:00,19.4,81,14.3,217.0,811.2
2017-06-16 18:00:00,18.9,85,10.5,152.0,811.1
2017-06-16 19:00:00,17.5,94,6.5,25.0,810.9
2017-06-16 20:00:00,17.8,87,8.3,10.0,811.5
2017-06-16 21:00:00,17.7,86,9.0,0.0,812.2
2017-06-16 22:00:00,17.5,87,8.5,0.0,812.5
2017-06-16 23:00:00,17.4,90,9.3,0.0,813.1
2017-06-17 00:00:00,16.8,97,5.9,0.0,812.9
2017-06-17 01:00:00,16.9,98,3.9,0.0,812.3
2017-06-17 02:00:00,16.9,98,3.5,0.0,811.8
2017-06-17 03:00:00,16.9,98,2.9,0.0,811.2
2017-06-17 04:00:00,16.9,96,6.1,0.0,810.6
2017-06-17 05:00:00,16.8,96,6.0,0.0,810.5
2017-06-17 06:00:00,16.9,95,5.8,0.0,810.2
2017-06-17 07:00:00,17.1,94,4.6,6.0,810.5
2017-06-17 08:00:00,17.3,93,6.3,50.0,810.9
2017-06-17 09:00:00,19.0,85,7.3,239.0,811.9
2017-06-17 10:00:00,20.5,76,11.4,412.0,812.4
2017-06-17 11:00:00,22.4,66,12.0,590.0,812.5
2017-06-17 12:00:00,23.8,60,11.3,737.0,812.6
2017-06-17 13:00:00,24.4,57,12.2,774.0,812.1
2017-06-17 14:00:00,24.6,58,11.9,679.0,811.5
2017-06-17 15:00:00,25.0,57,12.2,647.0,810.6
2017-06-17 16:00:00,25.3,55,11.0,625.0,809.9
2017-06-17 17:00:00,25.4,54,9.4,555.0,809.5
2017-06-17 18:00:00,24.5,58,8.8,305.0,809.1
2017-06-17 19:00:00,22.8,65,16.2,193.0,809.5
2017-06-17 20:00:00,20.9,84,10.3,31.0,808.9
2017-06-17 21:00:00,20.2,88,10.2,0.0,809.5
2017-06-17 22:00:00,19.7,90,7.4,0.0,810.3
2017-06-17 23:00:00,18.6,98,5.0,0.0,810.6
2017-06-18 00:00:00,18.4,98,7.9,0.0,810.4
2017-06-18 01:00:00,18.2,98,12.3,0.0,810.0
2017-06-18 02:00:00,18.2,98,8.9,0.0,809.5
2017-06-18 03:00:00,17.8,98,7.6,0.0,808.8
2017-06-18 04:00:00,18.2,94,7.6,0.0,808.8
2017-06-18 05:00:00,17.6,97,5.1,0.0,808.3
2017-06-18 06:00:00,17.1,97,5.2,0.0,807.7
2017-06-18 07:00:00,18.1,95,5.8,9.0,808.6
2017-06-18 08:00:00,18.5,94,8.8,72.0,810.0
2017-06-18 09:00:00,20.0,90,8.4,272.0,810.9
2017-06-18 10:00:00,20.7,86,6.8,280.0,811.3
2017-06-18 11:00:00,22.1,78,7.8,477.0,811.5
2017-06-18 12:00:00,23.9,69,10.1,841.0,811.8
2017-06-18 13:00:00,24.2,67,12.2,787.0,811.5
2017-06-18 14:00:00,23.7,67,12.0,704.0,810.5
2017-06-18 15:00:00,24.1,62,8.3,583.0,809.8
2017-06-18 16:00:00,22.4,77,3.9,406.0,809.1
2017-06-18 17:00:00,21.4,81,7.3,313.0,809.1
2017-06-18 18:00:00,20.5,87,10.2,178.0,808.9
2017-06-18 19:00:00,20.1,91,6.3,66.0,809.2
2017-06-18 20:00:00,18.5,98,10.5,11.0,809.0
2017-06-18 21:00:00,18.3,96,6.0,0.0,809.5
2017-06-18 22:00:00,17.6,98,4.8,0.0,809.9
2017-06-18 23:00:00,17.8,98,3.3,0.0,810.2
2017-06-19 00:00:00,17.8,98,5.4,0.0,810.3
2017-06-19 01:00:00,17.9,97,2.6,0.0,810.4
2017-06-19 02:00:00,17.9,98,4.7,0.0,809.7
2017-06-19 03:00:00,17.6,99,1.5,0.0,808.8
2017-06-19 04:00:00,17.3,100,0.8,0.0,808.7
2017-06-19 05:00:00,17.0,100,7.3,0.0,808.7
2017-06-19 06:00:00,16.4,98,7.1,0.0,808.7
2017-06-19 07:00:00,16.3,98,4.6,2.0,808.9
2017-06-19 08:00:00,17.1,95,5.6,17.0,810.4
2017-06-19 09:00:00,17.9,92,7.3,158.0,811.4
2017-06-19 10:00:00,19.1,86,6.6,316.0,812.1
2017-06-19 11:00:00,19.8,82,4.8,283.0,811.9
2017-06-19 12:00:00,21.1,73,5.1,417.0,811.9
2017-06-19 13:00:00,22.4,67,7.1,639.0,811.7
2017-06-19 14:00:00,23.3,64,6.6,802.0,811.2
2017-06-19 15:00:00,23.4,61,6.5,686.0,810.7
2017-06-19 16:00:00,21.6,69,8.1,324.0,810.3
2017-06-19 17:00:00,20.4,83,2.1,219.0,809.7
2017-06-19 18:00:00,20.0,85,8.6,92.0,809.7
2017-06-19 19:00:00,19.3,89,8.0,78.0,810.1
2017-06-19 20:00:00,18.1,91,9.4,9.0,810.4
2017-06-19 21:00:00,17.1,96,6.7,0.0,810.6
2017-06-19 22:00:00,16.9,96,4.7,0.0,810.9
2017-06-19 23:00:00,17.3,95,3.4,0.0,811.4
2017-06-20 00:00:00,16.9,96,3.6,0.0,811.3
2017-06-20 01:00:00,16.8,97,5.0,0.0,810.8
2017-06-20 02:00:00,16.7,98,5.1,0.0,810.6
2017-06-20 03:00:00,16.4,98,5.9,0.0,810.1
2017-06-20 04:00:00,16.4,99,6.8,0.0,809.9
2017-06-20 05:00:00,16.3,100,9.7,0.0,809.6
2017-06-20 06:00:00,16.4,100,8.6,0.0,809.7
2017-06-20 07:00:00,16.4,100,8.8,2.0,809.9
2017-06-20 08:00:00,16.1,91,5.4,24.0,810.4
2017-06-20 09:00:00,16.1,96,9.5,99.0,811.3
2017-06-20 10:00:00,16.9,86,5.7,134.0,811.7
2017-06-20 11:00:00,18.0,78,7.4,288.0,812.2
2017-06-20 12:00:00,19.5,68,8.2,492.0,812.3
2017-06-20 13:00:00,22.0,60,6.9,761.0,812.3
2017-06-20 14:00:00,23.3,57,4.3,826.0,811.8
2017-06-20 15:00:00,22.9,59,6.2,440.0,810.6
2017-06-20 16:00:00,23.5,57,6.1,486.0,810.2
2017-06-20 17:00:00,22.6,63,8.2,471.0,809.7
2017-06-20 18:00:00,21.6,68,9.7,267.0,809.3
2017-06-20 19:00:00,20.4,78,9.2,97.0,809.2
2017-06-20 20:00:00,19.5,84,4.8,31.0,809.3
2017-06-20 21:00:00,18.9,87,4.8,0.0,809.6
2017-06-20 22:00:00,18.5,90,5.5,0.0,810.1
2017-06-20 23:00:00,17.7,96,4.3,0.0,810.1
2017-06-21 00:00:00,17.4,98,6.0,0.0,810.2
2017-06-21 01:00:00,17.1,97,4.1,0.0,809.7
2017-06-21 02:00:00,16.5,97,6.5,0.0,808.9
2017-06-21 03:00:00,16.7,97,4.7,0.0,808.8
2017-06-21 04:00:00,17.2,90,2.7,0.0,808.9
2017-06-21 05:00:00,17.1,91,3.6,0.0,808.6
2017-06-21 06:00:00,16.7,97,3.9,0.0,808.5
2017-06-21 07:00:00,17.3,92,3.3,7.0,809.1
2017-06-21 08:00:00,17.8,92,4.8,72.0,810.2
2017-06-21 09:00:00,19.6,82,10.6,253.0,811.0
2017-06-21 10:00:00,20.9,79,11.9,423.0,811.6
2017-06-21 11:00:00,22.3,69,13.0,552.0,811.7
2017-06-21 12:00:00,23.2,64,14.1,542.0,811.7
2017-06-21 13:00:00,24.3,65,14.0,779.0,811.5
2017-06-21 14:00:00,24.9,64,14.8,857.0,810.6
2017-06-21 15:00:00,22.9,72,8.7,677.0,809.4
2017-06-21 16:00:00,22.3,74,12.4,413.0,808.5
2017-06-21 17:00:00,23.1,69,13.2,452.0,808.5
2017-06-21 18:00:00,22.8,70,12.0,321.0,808.5
2017-06-21 19:00:00,21.4,79,7.8,166.0,808.7
2017-06-21 20:00:00,19.7,86,7.4,36.0,808.1
2017-06-21 21:00:00,19.1,88,5.4,0.0,808.6
2017-06-21 22:00:00,19.1,88,6.5,0.0,809.1
2017-06-21 23:00:00,18.8,90,6.3,0.0,809.6
2017-06-22 00:00:00,18.6,90,6.3,0.0,809.8
2017-06-22 01:00:00,17.7,92,5.4,0.0,809.5
2017-06-22 02:00:00,17.4,92,5.4,0.0,809.1
2017-06-22 03:00:00,17.1,93,5.4,0.0,808.7
2017-06-22 04:00:00,17.4,92,6.3,0.0,808.8
2017-06-22 05:00:00,17.4,93,4.8,0.0,809.0
2017-06-22 06:00:00,17.5,94,4.8,0.0,809.2
2017-06-22 07:00:00,17.7,92,4.7,15.0,809.8
2017-06-22 08:00:00,18.9,88,9.3,145.0,811.0
2017-06-22 09:00:00,20.7,78,13.3,310.0,811.8
2017-06-22 10:00:00,21.9,71,14.2,466.0,812.6
2017-06-22 11:00:00,23.1,65,13.7,623.0,812.5
2017-06-22 12:00:00,24.5,62,13.3,781.0,813.0
2017-06-22 13:00:00,25.0,62,13.8,791.0,812.8
2017-06-22 14:00:00,25.1,65,15.6,943.0,811.9
2017-06-22 15:00:00,23.4,74,10.5,617.0,811.0
2017-06-22 16:00:00,22.7,70,8.7,441.0,810.0
2017-06-22 17:00:00,23.6,67,10.5,465.0,809.8
2017-06-22 18:00:00,23.1,70,7.6,280.0,810.0
2017-06-22 19:00:00,21.7,78,3.0,165.0,810.3
2017-06-22 20:00:00,20.3,86,7.0,27.0,809.5
2017-06-22 21:00:00,19.2,90,7.6,0.0,809.3
2017-06-22 22:00:00,19.1,91,6.3,0.0,810.3
2017-06-22 23:00:00,19.6,91,8.3,0.0,810.9
2017-06-23 00:00:00,19.2,90,6.9,0.0,811.1
2017-06-23 01:00:00,19.1,90,6.6,0.0,811.2
2017-06-23 02:00:00,18.8,90,7.4,0.0,811.0
2017-06-23 03:00:00,17.4,93,5.2,0.0,810.2
2017-06-23 04:00:00,17.1,94,6.0,0.0,809.9
2017-06-23 05:00:00,16.9,97,5.4,0.0,809.7
2017-06-23 06:00:00,18.0,90,3.6,0.0,810.4
2017-06-23 07:00:00,18.1,90,4.1,10.0,810.7
2017-06-23 08:00:00,18.5,92,6.5,126.0,811.1
2017-06-23 09:00:00,19.7,89,7.4,188.0,812.3
2017-06-23 10:00:00,21.0,86,7.6,385.0,812.9
2017-06-23 11:00:00,22.9,79,8.8,577.0,813.0
2017-06-23 12:00:00,24.1,74,12.3,841.0,813.1
2017-06-23 13:00:00,24.1,73,14.8,816.0,812.5
2017-06-23 14:00:00,23.4,66,14.0,693.0,811.5
2017-06-23 15:00:00,24.2,61,15.1,648.0,810.7
2017-06-23 16:00:00,24.4,60,15.9,540.0,810.3
2017-06-23 17:00:00,23.5,65,14.5,470.0,809.6
2017-06-23 18:00:00,23.1,68,10.0,292.0,809.5
2017-06-23 19:00:00,22.2,74,7.4,195.0,809.5
2017-06-23 20:00:00,20.4,83,6.4,43.0,809.1
2017-06-23 21:00:00,19.9,84,6.0,0.0,809.5
2017-06-23 22:00:00,19.3,88,6.4,0.0,809.5
2017-06-23 23:00:00,18.6,91,5.5,0.0,809.8
2017-06-24 00:00:00,18.6,91,6.0,0.0,810.1
2017-06-24 01:00:00,18.2,92,5.2,0.0,810.1
2017-06-24 02:00:00,18.1,93,4.7,0.0,809.7
2017-06-24 03:00:00,17.5,94,5.1,0.0,809.2
2017-06-24 04:00:00,17.9,93,6.4,0.0,809.1
2017-06-24 05:00:00,17.5,94,7.1,0.0,809.2
2017-06-24 06:00:00,18.1,94,8.2,0.0,809.6
2017-06-24 07:00:00,18.1,94,7.6,6.0,810.3
2017-06-24 08:00:00,18.3,94,7.4,60.0,811.0
2017-06-24 09:00:00,19.3,89,11.8,117.0,811.7
2017-06-24 10:00:00,20.4,83,12.5,206.0,812.2
2017-06-24 11:00:00,22.3,75,13.5,545.0,812.6
2017-06-24 12:00:00,23.0,72,15.0,573.0,812.5
2017-06-24 13:00:00,23.6,69,12.9,608.0,812.5
2017-06-24 14:00:00,24.2,68,12.6,662.0,811.9
2017-06-24 15:00:00,25.0,67,11.7,705.0,811.2
2017-06-24 16:00:00,24.5,68,12.9,771.0,810.3
2017-06-24 17:00:00,22.8,74,8.2,454.0,809.5
2017-06-24 18:00:00,21.8,78,9.0,286.0,809.5
2017-06-24 19:00:00,20.5,85,6.3,115.0,809.4
2017-06-24 20:00:00,20.1,91,7.5,34.0,808.9
2017-06-24 21:00:00,21.4,81,3.0,0.0,809.8
2017-06-24 22:00:00,21.0,82,4.8,0.0,810.5
2017-06-24 23:00:00,19.1,92,4.3,0.0,810.9
2017-06-25 00:00:00,17.7,98,10.2,0.0,811.3
2017-06-25 01:00:00,16.7,100,3.3,0.0,810.8
2017-06-25 02:00:00,17.3,99,3.7,0.0,810.6
2017-06-25 03:00:00,17.4,98,3.3,0.0,810.3
2017-06-25 04:00:00,17.3,98,2.9,0.0,810.6
2017-06-25 05:00:00,17.3,98,3.3,0.0,810.3
2017-06-25 06:00:00,17.4,98,1.5,0.0,810.7
2017-06-25 07:00:00,17.6,98,2.1,4.0,811.1
2017-06-25 08:00:00,17.3,98,5.5,56.0,811.6
2017-06-25 09:00:00,18.2,96,5.0,129.0,812.5
2017-06-25 10:00:00,19.1,94,6.0,261.0,812.9
2017-06-25 11:00:00,20.0,89,7.6,347.0,813.3
2017-06-25 12:00:00,20.4,89,10.0,359.0,813.1
2017-06-25 13:00:00,21.6,82,11.9,467.0,813.2
2017-06-25 14:00:00,21.6,82,9.9,420.0,812.5
2017-06-25 15:00:00,20.8,80,8.6,288.0,811.2
2017-06-25 16:00:00,21.6,78,9.7,362.0,811.2
2017-06-25 17:00:00,19.7,84,9.0,321.0,810.9
2017-06-25 18:00:00,19.2,87,7.0,167.0,810.7
2017-06-25 19:00:00,18.4,94,4.0,61.0,811.2
2017-06-25 20:00:00,18.3,94,3.7,16.0,811.3
2017-06-25 21:00:00,17.8,97,9.8,0.0,811.8
2017-06-25 22:00:00,16.7,97,11.4,0.0,812.2
2017-06-25 23:00:00,15.9,97,9.9,0.0,812.5
2017-06-26 00:00:00,15.8,97,8.7,0.0,812.7
2017-06-26 01:00:00,15.6,96,7.9,0.0,812.6
2017-06-26 02:00:00,15.5,96,8.5,0.0,812.4
2017-06-26 03:00:00,15.3,97,7.4,0.0,811.7
2017-06-26 04:00:00,15.2,97,6.6,0.0,811.5
2017-06-26 05:00:00,15.4,97,5.2,0.0,811.4
2017-06-26 06:00:00,15.4,97,5.7,0.0,811.4
2017-06-26 07:00:00,15.3,98,8.0,3.0,811.8
2017-06-26 08:00:00,15.4,96,8.2,21.0,812.6
2017-06-26 09:00:00,15.5,98,8.9,51.0,813.0
2017-06-26 10:00:00,15.9,98,8.7,90.0,813.6
2017-06-26 11:00:00,16.1,94,9.4,90.0,813.7
2017-06-26 12:00:00,16.9,91,10.8,257.0,813.9
2017-06-26 13:00:00,18.0,83,10.6,317.0,814.0
2017-06-26 14:00:00,18.7,80,9.5,334.0,813.6
2017-06-26 15:00:00,19.4,77,7.3,284.0,812.9
2017-06-26 16:00:00,20.1,75,8.1,331.0,813.0
2017-06-26 17:00:00,20.4,74,10.1,361.0,812.5
2017-06-26 18:00:00,20.6,71,9.4,324.0,812.3
2017-06-26 19:00:00,19.6,78,11.1,92.0,812.5
2017-06-26 20:00:00,18.4,89,7.9,19.0,812.8
2017-06-26 21:00:00,17.6,98,6.1,0.0,813.0
2017-06-26 22:00:00,17.3,98,4.1,0.0,813.2
2017-06-26 23:00:00,17.0,98,4.4,0.0,813.4
2017-06-27 00:00:00,16.7,99,6.4,0.0,813.7
2017-06-27 01:00:00,16.7,99,6.5,0.0,813.6
2017-06-27 02:00:00,16.8,100,6.8,0.0,813.1
2017-06-27 03:00:00,16.9,100,10.0,0.0,812.6
2017-06-27 04:00:00,16.8,100,11.6,0.0,812.1
2017-06-27 05:00:00,16.9,100,10.5,0.0,812.0
2017-06-27 06:00:00,16.8,97,13.9,0.0,811.7
2017-06-27 07:00:00,16.7,97,9.5,2.0,811.6
2017-06-27 08:00:00,17.3,96,6.2,13.0,812.9
2017-06-27 09:00:00,17.8,98,5.4,73.0,813.5
2017-06-27 10:00:00,18.1,98,2.1,121.0,813.6
2017-06-27 11:00:00,17.9,100,0.4,84.0,813.6
2017-06-27 12:00:00,19.0,100,3.3,295.0,814.0
2017-06-27 13:00:00,20.0,98,7.6,353.0,814.1
2017-06-27 14:00:00,19.8,95,14.7,472.0,813.6
2017-06-27 15:00:00,20.7,88,14.3,546.0,813.2
2017-06-27 16:00:00,19.2,92,12.4,307.0,812.3
2017-06-27 17:00:00,18.7,97,6.9,135.0,811.6
2017-06-27 18:00:00,19.3,91,5.9,216.0,811.7
2017-06-27 19:00:00,18.7,96,6.5,63.0,811.7
2017-06-27 20:00:00,18.1,98,2.3,11.0,812.6
2017-06-27 21:00:00,17.3,99,6.4,0.0,812.5
2017-06-27 22:00:00,16.2,98,4.8,0.0,812.6
2017-06-27 23:00:00,16.1,99,4.1,0.0,813.0
2017-06-28 00:00:00,16.2,99,2.9,0.0,813.7
2017-06-28 01:00:00,16.6,98,2.3,0.0,813.9
2017-06-28 02:00:00,16.8,99,1.9,0.0,813.8
2017-06-28 03:00:00,16.8,99,1.5,0.0,813.3
2017-06-28 04:00:00,16.8,99,3.4,0.0,812.8
2017-06-28 05:00:00,16.5,99,1.3,0.0,812.6
2017-06-28 06:00:00,16.6,97,0.7,0.0,812.6
2017-06-28 07:00:00,16.7,99,0.8,3.0,812.8
2017-06-28 08:00:00,17.3,95,2.4,38.0,813.3
2017-06-28 09:00:00,18.1,91,5.9,151.0,813.9
2017-06-28 10:00:00,18.9,91,7.4,281.0,814.4
2017-06-28 11:00:00,19.2,90,8.4,226.0,814.5
2017-06-28 12:00:00,20.1,86,10.5,376.0,814.7
2017-06-28 13:00:00,19.9,88,9.8,411.0,814.3
2017-06-28 14:00:00,21.2,83,9.8,455.0,813.9
2017-06-28 15:00:00,19.9,81,10.4,325.0,812.9
2017-06-28 16:00:00,20.6,89,9.1,427.0,812.4
2017-06-28 17:00:00,19.3,90,11.9,403.0,811.6
2017-06-28 18:00:00,19.9,86,7.9,263.0,811.9
2017-06-28 19:00:00,19.8,87,10.5,156.0,811.9
2017-06-28 20:00:00,19.2,85,6.2,45.0,811.4
2017-06-28 21:00:00,19.2,88,9.1,0.0,811.9
2017-06-28 22:00:00,18.6,90,7.6,0.0,812.4
2017-06-28 23:00:00,17.8,92,8.3,0.0,813.1
2017-06-29 00:00:00,17.2,98,7.2,0.0,812.9
2017-06-29 01:00:00,17.1,98,7.1,0.0,812.8
2017-06-29 02:00:00,17.0,98,7.9,0.0,812.3
2017-06-29 03:00:00,17.1,98,4.9,0.0,811.8
2017-06-29 04:00:00,17.0,97,7.9,0.0,811.5
2017-06-29 05:00:00,17.2,93,9.1,0.0,811.3
2017-06-29 06:00:00,17.3,94,8.6,0.0,811.4
2017-06-29 07:00:00,17.4,96,9.5,4.0,811.8
2017-06-29 08:00:00,17.6,97,6.5,52.0,812.3
2017-06-29 09:00:00,18.2,96,8.4,86.0,812.5
2017-06-29 10:00:00,18.6,94,9.7,132.0,813.1
2017-06-29 11:00:00,19.0,95,9.1,173.0,812.8
2017-06-29 12:00:00,20.1,93,7.2,285.0,812.9
2017-06-29 13:00:00,20.9,89,7.9,429.0,813.0
2017-06-29 14:00:00,20.3,80,9.7,358.0,812.1
2017-06-29 15:00:00,19.9,84,11.0,209.0,810.7
2017-06-29 16:00:00,21.0,79,14.3,360.0,810.6
2017-06-29 17:00:00,21.3,77,12.9,352.0,810.3
2017-06-29 18:00:00,20.3,81,9.6,325.0,810.0
2017-06-29 19:00:00,19.3,88,9.0,80.0,810.2
2017-06-29 20:00:00,18.2,94,7.1,19.0,810.1
2017-06-29 21:00:00,17.4,96,4.5,0.0,809.9
2017-06-29 22:00:00,16.4,97,7.1,0.0,809.8
2017-06-29 23:00:00,16.5,97,6.3,0.0,810.3
2017-06-30 00:00:00,16.1,97,6.8,0.0,810.4
2017-06-30 01:00:00,16.9,98,7.2,0.0,810.9
2017-06-30 02:00:00,16.8,98,7.3,0.0,810.6
2017-06-30 03:00:00,16.9,98,6.4,0.0,810.2
2017-06-30 04:00:00,17.0,98,7.9,0.0,809.9
2017-06-30 05:00:00,17.2,95,11.2,0.0,809.8
2017-06-30 06:00:00,17.2,97,9.2,0.0,809.6
2017-06-30 07:00:00,17.3,96,10.1,3.0,809.9
2017-06-30 08:00:00,17.6,95,10.2,27.0,810.3
2017-06-30 09:00:00,17.8,97,10.2,69.0,810.6
2017-06-30 10:00:00,18.7,93,10.0,139.0,811.1
2017-06-30 11:00:00,18.6,96,11.5,200.0,811.1
2017-06-30 12:00:00,19.4,90,11.2,217.0,811.1
2017-06-30 13:00:00,20.7,85,11.7,461.0,811.3
2017-06-30 14:00:00,22.1,80,9.7,529.0,811.1
2017-06-30 15:00:00,23.2,77,8.6,647.0,810.7
2017-06-30 16:00:00,20.4,81,12.3,421.0,809.7
2017-06-30 17:00:00,20.0,88,10.4,152.0,809.3
2017-06-30 18:00:00,18.8,96,9.2,177.0,809.0
2017-06-30 19:00:00,18.4,97,5.6,62.0,808.9
2017-06-30 20:00:00,18.0,93,6.5,19.0,809.2
2017-06-30 21:00:00,17.6,97,6.4,0.0,809.8
2017-06-30 22:00:00,17.7,98,3.7,0.0,810.2
2017-06-30 23:00:00,17.4,97,4.6,0.0,810.3
2017-07-01 00:00:00,17.5,96,5.5,0.0,810.4
2017-07-01 01:00:00,17.2,97,4.3,0.0,810.1
2017-07-01 02:00:00,17.0,98,5.2,0.0,809.5
2017-07-01 03:00:00,17.2,98,6.6,0.0,809.2
2017-07-01 04:00:00,17.1,98,6.3,0.0,809.3
2017-07-01 05:00:00,17.2,99,6.8,0.0,809.1
2017-07-01 06:00:00,17.2,98,6.0,0.0,809.1
2017-07-01 07:00:00,17.2,98,5.1,4.0,809.2
2017-07-01 08:00:00,17.5,95,9.0,42.0,810.0
2017-07-01 09:00:00,17.9,94,10.4,66.0,810.2
2017-07-01 10:00:00,18.5,93,10.5,136.0,810.9
2017-07-01 11:00:00,19.2,93,8.8,195.0,811.3
2017-07-01 12:00:00,19.7,93,9.1,265.0,811.5
2017-07-01 13:00:00,20.9,87,8.0,408.0,811.4
2017-07-01 14:00:00,22.4,83,8.7,611.0,811.2
2017-07-01 15:00:00,21.9,80,11.5,628.0,810.1
2017-07-01 16:00:00,23.0,76,10.3,561.0,809.9
2017-07-01 17:00:00,20.9,80,12.0,478.0,809.5
2017-07-01 18:00:00,20.1,87,6.5,91.0,809.0
2017-07-01 19:00:00,19.8,90,5.8,121.0,809.2
2017-07-01 20:00:00,18.3,93,5.4,23.0,809.2
2017-07-01 21:00:00,17.5,97,6.5,0.0,809.0
2017-07-01 22:00:00,17.6,96,6.6,0.0,809.5
2017-07-01 23:00:00,17.6,97,6.0,0.0,810.0
2017-07-02 00:00:00,17.6,97,5.1,0.0,810.1
2017-07-02 01:00:00,17.4,98,4.6,0.0,809.8
2017-07-02 02:00:00,16.7,98,6.3,0.0,809.2
2017-07-02 03:00:00,16.4,98,6.8,0.0,808.6
2017-07-02 04:00:00,16.5,98,5.4,0.0,808.9
2017-07-02 05:00:00,15.9,99,7.3,0.0,808.5
2017-07-02 06:00:00,16.9,99,3.8,0.0,809.2
2017-07-02 07:00:00,17.7,97,6.1,4.0,809.8
2017-07-02 08:00:00,18.0,96,7.4,81.0,810.1
2017-07-02 09:00:00,18.9,93,9.2,178.0,810.9
2017-07-02 10:00:00,19.7,87,10.2,256.0,811.4
2017-07-02 11:00:00,19.1,95,10.0,186.0,810.9
2017-07-02 12:00:00,19.3,95,7.2,178.0,810.9
2017-07-02 13:00:00,20.4,88,9.2,325.0,810.9
2017-07-02 14:00:00,21.8,72,13.4,498.0,810.7
2017-07-02 15:00:00,22.1,74,12.1,517.0,810.6
2017-07-02 16:00:00,21.0,76,14.3,504.0,809.9
2017-07-02 17:00:00,21.0,81,9.0,169.0,809.3
2017-07-02 18:00:00,20.2,86,7.0,144.0,809.4
2017-07-02 19:00:00,19.3,96,2.9,66.0,809.2
2017-07-02 20:00:00,18.7,90,5.1,13.0,809.5
2017-07-02 21:00:00,17.6,96,6.3,0.0,809.2
2017-07-02 22:00:00,17.7,97,5.0,0.0,809.8
2017-07-02 23:00:00,17.6,97,5.4,0.0,810.1
2017-07-03 00:00:00,17.7,97,6.6,0.0,810.2
2017-07-03 01:00:00,17.4,98,5.4,0.0,809.7
2017-07-03 02:00:00,16.2,98,6.6,0.0,809.0
2017-07-03 03:00:00,16.7,98,6.2,0.0,809.1
2017-07-03 04:00:00,16.9,97,4.5,0.0,809.0
2017-07-03 05:00:00,16.4,98,6.0,0.0,808.5
2017-07-03 06:00:00,17.2,91,4.5,0.0,809.1
2017-07-03 07:00:00,17.6,97,2.3,5.0,809.8
2017-07-03 08:00:00,17.4,95,4.0,30.0,810.4
2017-07-03 09:00:00,17.0,97,8.1,38.0,810.6
2017-07-03 10:00:00,17.2,97,7.7,70.0,811.3
2017-07-03 11:00:00,17.4,96,8.1,83.0,811.4
2017-07-03 12:00:00,18.1,91,8.8,130.0,811.8
2017-07-03 13:00:00,18.5,86,7.6,208.0,812.0
2017-07-03 14:00:00,18.7,86,4.9,186.0,811.7
2017-07-03 15:00:00,19.2,86,3.3,192.0,811.4
2017-07-03 16:00:00,19.3,86,6.3,243.0,811.0
2017-07-03 17:00:00,19.2,85,8.4,208.0,810.6
2017-07-03 18:00:00,19.0,87,8.2,119.0,810.3
2017-07-03 19:00:00,18.5,88,6.7,32.0,810.5
2017-07-03 20:00:00,17.3,93,6.8,10.0,810.6
2017-07-03 21:00:00,17.4,89,4.1,0.0,811.3
2017-07-03 22:00:00,17.2,89,4.7,0.0,811.5
2017-07-03 23:00:00,17.8,84,5.1,0.0,812.5
2017-07-04 00:00:00,15.0,96,5.8,0.0,810.9
2017-07-04 01:00:00,15.1,97,5.2,0.0,810.7
2017-07-04 02:00:00,16.2,95,6.2,0.0,810.8
2017-07-04 03:00:00,15.8,98,5.2,0.0,810.0
2017-07-04 04:00:00,13.8,99,8.1,0.0,808.9
2017-07-04 05:00:00,14.2,98,6.8,0.0,808.9
2017-07-04 06:00:00,14.0,98,6.5,0.0,809.1
2017-07-04 07:00:00,15.5,96,5.9,13.0,810.6
2017-07-04 08:00:00,17.3,93,7.5,125.0,812.1
2017-07-04 09:00:00,18.9,85,12.1,270.0,813.1
2017-07-04 10:00:00,20.3,75,13.3,390.0,813.7
2017-07-04 11:00:00,21.2,70,12.5,496.0,814.0
2017-07-04 12:00:00,21.2,70,11.4,446.0,814.0
2017-07-04 13:00:00,21.1,72,8.7,288.0,813.4
2017-07-04 14:00:00,22.8,64,12.3,540.0,813.1
2017-07-04 15:00:00,23.5,60,12.1,694.0,812.4
2017-07-04 16:00:00,23.5,60,12.5,662.0,811.6
2017-07-04 17:00:00,23.0,64,9.9,420.0,811.2
2017-07-04 18:00:00,22.9,63,10.7,348.0,811.0
2017-07-04 19:00:00,21.6,71,7.9,170.0,810.9
2017-07-04 20:00:00,19.6,87,6.1,28.0,811.0
2017-07-04 21:00:00,19.6,85,4.0,0.0,811.6
2017-07-04 22:00:00,19.2,88,4.1,0.0,811.9
2017-07-04 23:00:00,17.6,93,6.2,0.0,811.9
2017-07-05 00:00:00,17.5,93,4.7,0.0,812.4
2017-07-05 01:00:00,17.0,97,4.8,0.0,812.1
2017-07-05 02:00:00,17.2,97,5.2,0.0,811.8
2017-07-05 03:00:00,18.0,91,3.0,0.0,811.7
2017-07-05 04:00:00,17.4,94,3.7,0.0,811.1
2017-07-05 05:00:00,17.6,94,3.3,0.0,811.0
2017-07-05 06:00:00,16.8,98,4.0,0.0,810.5
2017-07-05 07:00:00,17.4,98,3.3,5.0,811.3
2017-07-05 08:00:00,18.2,96,4.0,64.0,811.8
2017-07-05 09:00:00,19.1,92,2.9,103.0,812.5
2017-07-05 10:00:00,20.2,91,5.7,328.0,813.6
2017-07-05 11:00:00,21.0,90,7.2,470.0,814.2
2017-07-05 12:00:00,21.5,87,8.0,501.0,814.4
2017-07-05 13:00:00,22.0,81,8.7,554.0,814.1
2017-07-05 14:00:00,22.3,79,9.5,588.0,813.3
2017-07-05 15:00:00,23.3,74,8.7,743.0,812.6
2017-07-05 16:00:00,20.4,93,8.7,275.0,811.2
2017-07-05 17:00:00,21.0,86,8.0,248.0,811.2
2017-07-05 18:00:00,21.5,84,9.4,265.0,811.3
2017-07-05 19:00:00,20.5,88,9.7,132.0,811.3
2017-07-05 20:00:00,18.8,96,5.2,32.0,811.2
2017-07-05 21:00:00,19.1,93,8.0,0.0,811.7
2017-07-05 22:00:00,18.7,94,6.7,0.0,812.0
2017-07-05 23:00:00,17.8,98,5.4,0.0,812.4
2017-07-06 00:00:00,17.5,99,4.7,0.0,812.4
2017-07-06 01:00:00,18.0,99,7.6,0.0,812.7
2017-07-06 02:00:00,18.0,97,8.9,0.0,812.3
2017-07-06 03:00:00,17.7,98,11.5,0.0,812.0
2017-07-06 04:00:00,17.7,96,10.1,0.0,811.6
2017-07-06 05:00:00,17.3,98,8.9,0.0,811.4
2017-07-06 06:00:00,17.6,97,7.1,0.0,811.7
2017-07-06 07:00:00,17.9,97,8.2,5.0,812.1
2017-07-06 08:00:00,18.4,97,7.6,59.0,812.7
2017-07-06 09:00:00,19.0,98,8.6,104.0,812.8
2017-07-06 10:00:00,19.7,95,6.8,138.0,813.3
2017-07-06 11:00:00,20.4,91,6.2,229.0,813.5
2017-07-06 12:00:00,22.6,82,8.4,620.0,814.0
2017-07-06 13:00:00,23.4,76,9.8,597.0,813.6
2017-07-06 14:00:00,24.1,71,10.4,613.0,812.8
2017-07-06 15:00:00,24.0,69,10.5,467.0,811.8
2017-07-06 16:00:00,24.3,65,10.4,436.0,811.0
2017-07-06 17:00:00,22.5,76,6.7,356.0,810.7
2017-07-06 18:00:00,22.0,80,7.6,175.0,810.1
2017-07-06 19:00:00,20.7,86,6.5,138.0,810.6
2017-07-06 20:00:00,20.6,87,6.4,26.0,810.2
2017-07-06 21:00:00,20.2,90,9.3,0.0,810.5
2017-07-06 22:00:00,19.4,95,8.7,0.0,811.2
2017-07-06 23:00:00,18.4,98,4.9,0.0,811.5
2017-07-07 00:00:00,17.8,98,6.0,0.0,811.3
2017-07-07 01:00:00,18.2,98,7.9,0.0,811.7
2017-07-07 02:00:00,17.9,99,4.2,0.0,811.0
2017-07-07 03:00:00,17.2,98,5.2,0.0,810.3
2017-07-07 04:00:00,17.4,98,4.5,0.0,810.3
2017-07-07 05:00:00,18.0,99,5.4,0.0,810.5
2017-07-07 06:00:00,17.8,99,3.8,0.0,810.6
2017-07-07 07:00:00,18.0,97,4.6,5.0,811.2
2017-07-07 08:00:00,17.7,95,1.8,56.0,811.4
2017-07-07 09:00:00,18.1,97,3.9,88.0,812.2
2017-07-07 10:00:00,18.9,90,2.5,127.0,812.7
2017-07-07 11:00:00,19.7,92,4.0,213.0,813.1
2017-07-07 12:00:00,21.7,88,6.5,547.0,813.5
2017-07-07 13:00:00,23.2,81,10.4,650.0,813.5
2017-07-07 14:00:00,22.7,73,10.5,617.0,812.3
2017-07-07 15:00:00,22.7,82,5.8,500.0,812.0
2017-07-07 16:00:00,20.8,86,8.3,365.0,811.3
2017-07-07 17:00:00,20.9,94,3.7,270.0,810.7
2017-07-07 18:00:00,20.2,96,1.8,82.0,810.4
2017-07-07 19:00:00,20.3,93,5.1,104.0,811.1
2017-07-07 20:00:00,18.6,95,1.8,43.0,810.8
2017-07-07 21:00:00,17.6,99,4.3,0.0,812.1
2017-07-07 22:00:00,17.3,97,1.5,0.0,812.4
2017-07-07 23:00:00,17.3,98,2.9,0.0,812.8
2017-07-08 00:00:00,16.6,96,3.3,0.0,812.3
2017-07-08 01:00:00,18.4,87,3.6,0.0,813.2
2017-07-08 02:00:00,17.8,84,4.9,0.0,812.7
2017-07-08 03:00:00,17.1,80,4.9,0.0,811.9
2017-07-08 04:00:00,15.7,88,5.1,0.0,810.9
2017-07-08 05:00:00,16.1,83,3.8,0.0,811.0
2017-07-08 06:00:00,16.0,82,3.4,0.0,811.1
2017-07-08 07:00:00,16.3,80,2.5,8.0,811.4
2017-07-08 08:00:00,16.3,85,3.0,87.0,812.1
2017-07-08 09:00:00,17.3,80,3.0,179.0,813.0
2017-07-08 10:00:00,19.0,76,5.5,379.0,813.7
2017-07-08 11:00:00,20.5,77,3.6,502.0,813.8
2017-07-08 12:00:00,22.5,68,6.6,725.0,814.1
2017-07-08 13:00:00,22.7,71,10.0,737.0,813.8
2017-07-08 14:00:00,22.3,74,7.2,374.0,812.8
2017-07-08 15:00:00,23.3,71,3.6,534.0,812.2
2017-07-08 16:00:00,23.7,70,3.6,598.0,811.6
2017-07-08 17:00:00,23.5,72,3.1,451.0,811.1
2017-07-08 18:00:00,22.2,76,7.6,405.0,810.8
2017-07-08 19:00:00,20.4,88,3.7,119.0,810.8
2017-07-08 20:00:00,19.2,95,6.2,29.0,810.9
2017-07-08 21:00:00,18.5,96,5.9,0.0,811.0
2017-07-08 22:00:00,18.4,96,5.9,0.0,811.9
2017-07-08 23:00:00,18.2,97,5.4,0.0,812.3
2017-07-09 00:00:00,18.3,93,5.2,0.0,812.6
2017-07-09 01:00:00,18.3,92,3.1,0.0,812.6
2017-07-09 02:00:00,17.8,95,3.2,0.0,812.1
2017-07-09 03:00:00,17.5,99,2.2,0.0,811.4
2017-07-09 04:00:00,17.3,98,6.5,0.0,811.5
2017-07-09 05:00:00,17.2,98,3.2,0.0,810.9
2017-07-09 06:00:00,17.4,92,3.0,0.0,811.3
2017-07-09 07:00:00,17.3,96,2.3,2.0,811.7
2017-07-09 08:00:00,18.0,94,1.1,41.0,812.2
2017-07-09 09:00:00,18.1,98,2.9,29.0,812.6
2017-07-09 10:00:00,16.4,92,11.9,63.0,812.8
2017-07-09 11:00:00,17.1,83,5.9,154.0,813.4
2017-07-09 12:00:00,18.0,92,9.8,331.0,813.6
2017-07-09 13:00:00,18.7,83,10.6,374.0,813.9
2017-07-09 14:00:00,18.5,85,11.3,167.0,813.3
2017-07-09 15:00:00,17.7,85,9.6,130.0,813.0
2017-07-09 16:00:00,17.7,83,10.2,132.0,812.6
2017-07-09 17:00:00,17.5,75,3.8,122.0,812.3
2017-07-09 18:00:00,17.1,85,3.7,72.0,812.4
2017-07-09 19:00:00,16.7,87,2.1,26.0,812.3
2017-07-09 20:00:00,17.6,82,4.7,6.0,813.3
2017-07-09 21:00:00,17.6,75,6.9,0.0,813.5
2017-07-09 22:00:00,17.0,76,9.2,0.0,813.9
2017-07-09 23:00:00,16.6,82,5.4,0.0,813.6
2017-07-10 00:00:00,15.9,88,5.1,0.0,813.4
2017-07-10 01:00:00,15.7,91,5.9,0.0,813.2
2017-07-10 02:00:00,15.3,90,8.0,0.0,812.7
2017-07-10 03:00:00,14.9,88,8.0,0.0,811.8
2017-07-10 04:00:00,14.9,85,9.2,0.0,811.5
2017-07-10 05:00:00,14.5,84,6.8,0.0,810.7
2017-07-10 06:00:00,14.3,84,6.6,0.0,810.7
2017-07-10 07:00:00,14.3,86,7.1,9.0,811.0
2017-07-10 08:00:00,14.7,88,8.1,108.0,812.9
2017-07-10 09:00:00,16.7,81,10.5,303.0,813.7
2017-07-10 10:00:00,18.9,73,9.9,496.0,814.6
2017-07-10 11:00:00,21.2,63,10.0,732.0,815.4
2017-07-10 12:00:00,23.1,53,8.8,915.0,815.8
2017-07-10 13:00:00,24.2,50,7.6,967.0,815.7
2017-07-10 14:00:00,25.3,46,7.9,998.0,815.3
2017-07-10 15:00:00,25.8,39,10.4,780.0,814.2
2017-07-10 16:00:00,26.0,37,15.9,773.0,813.6
2017-07-10 17:00:00,25.7,38,15.2,580.0,813.0
2017-07-10 18:00:00,24.3,48,11.3,255.0,812.3
2017-07-10 19:00:00,22.7,57,8.1,161.0,812.0
2017-07-10 20:00:00,22.1,54,6.1,40.0,812.1
2017-07-10 21:00:00,19.3,66,5.2,0.0,811.2
2017-07-10 22:00:00,18.0,71,8.4,0.0,811.6
2017-07-10 23:00:00,19.7,65,6.5,0.0,813.9
2017-07-11 00:00:00,19.6,67,4.3,0.0,814.3
2017-07-11 01:00:00,16.7,80,3.6,0.0,812.5
2017-07-11 02:00:00,14.7,86,4.4,0.0,810.9
2017-07-11 03:00:00,14.5,86,3.3,0.0,810.4
2017-07-11 04:00:00,14.0,89,3.6,0.0,809.7
2017-07-11 05:00:00,13.9,90,3.9,0.0,809.4
2017-07-11 06:00:00,13.5,91,3.9,0.0,808.9
2017-07-11 07:00:00,14.1,91,3.5,11.0,809.5
2017-07-11 08:00:00,17.1,80,5.2,131.0,812.2
2017-07-11 09:00:00,20.5,67,3.1,360.0,814.5
2017-07-11 10:00:00,22.2,58,8.7,549.0,815.2
2017-07-11 11:00:00,23.4,54,14.5,731.0,815.5
2017-07-11 12:00:00,23.9,51,15.3,799.0,815.5
2017-07-11 13:00:00,24.4,47,15.2,786.0,815.4
2017-07-11 14:00:00,24.5,46,15.6,664.0,814.8
2017-07-11 15:00:00,24.5,45,14.8,589.0,814.2
2017-07-11 16:00:00,24.3,46,13.8,458.0,813.4
2017-07-11 17:00:00,22.3,61,12.0,257.0,812.6
2017-07-11 18:00:00,21.2,66,9.8,192.0,812.4
2017-07-11 19:00:00,20.3,71,9.6,64.0,812.4
2017-07-11 20:00:00,19.8,71,9.2,25.0,813.0
2017-07-11 21:00:00,18.7,77,4.8,0.0,813.3
2017-07-11 22:00:00,18.1,82,3.9,0.0,813.7
2017-07-11 23:00:00,16.7,89,5.9,0.0,813.8
2017-07-12 00:00:00,17.2,84,5.4,0.0,814.4
2017-07-12 01:00:00,17.8,82,3.1,0.0,814.7
2017-07-12 02:00:00,16.4,90,4.7,0.0,813.6
2017-07-12 03:00:00,16.1,91,3.8,0.0,813.1
2017-07-12 04:00:00,15.9,93,4.0,0.0,812.6
2017-07-12 05:00:00,16.8,86,2.6,0.0,813.1
2017-07-12 06:00:00,16.6,87,3.9,0.0,813.1
2017-07-12 07:00:00,16.1,91,4.1,9.0,813.0
2017-07-12 08:00:00,17.2,88,5.9,108.0,814.4
2017-07-12 09:00:00,18.2,83,7.5,188.0,815.2
2017-07-12 10:00:00,18.7,80,9.5,205.0,815.3
2017-07-12 11:00:00,19.6,80,9.1,337.0,815.7
2017-07-12 12:00:00,20.0,81,9.4,379.0,815.8
2017-07-12 13:00:00,20.8,79,9.8,430.0,815.7
2017-07-12 14:00:00,20.8,81,8.4,492.0,815.3
2017-07-12 15:00:00,17.9,91,10.5,221.0,813.8
2017-07-12 16:00:00,17.9,95,1.3,138.0,813.1
2017-07-12 17:00:00,18.6,88,7.1,218.0,813.1
2017-07-12 18:00:00,18.2,96,3.6,83.0,812.6
2017-07-12 19:00:00,17.5,97,3.2,25.0,812.6
2017-07-12 20:00:00,17.4,97,3.2,19.0,813.4
2017-07-12 21:00:00,16.7,98,4.0,0.0,813.6
2017-07-12 22:00:00,16.0,98,5.1,0.0,813.6
2017-07-12 23:00:00,15.8,98,5.0,0.0,814.0
2017-07-13 00:00:00,16.5,98,4.4,0.0,814.7
2017-07-13 01:00:00,16.4,98,5.9,0.0,814.4
2017-07-13 02:00:00,16.3,99,3.3,0.0,813.7
2017-07-13 03:00:00,16.2,98,3.1,0.0,813.5
2017-07-13 04:00:00,16.0,99,4.9,0.0,813.1
2017-07-13 05:00:00,16.2,99,8.0,0.0,812.9
2017-07-13 06:00:00,16.4,100,7.9,0.0,813.2
2017-07-13 07:00:00,16.6,100,9.5,4.0,813.5
2017-07-13 08:00:00,17.1,99,9.7,44.0,813.8
2017-07-13 09:00:00,18.1,96,6.3,148.0,814.3
2017-07-13 10:00:00,19.5,90,6.5,388.0,815.1
2017-07-13 11:00:00,20.0,85,9.4,403.0,815.1
2017-07-13 12:00:00,19.7,78,9.2,418.0,815.0
2017-07-13 13:00:00,20.8,73,9.3,439.0,814.7
2017-07-13 14:00:00,22.3,70,8.5,643.0,814.1
2017-07-13 15:00:00,21.9,68,9.3,459.0,813.1
2017-07-13 16:00:00,19.1,90,14.2,273.0,812.0
2017-07-13 17:00:00,18.6,93,5.8,122.0,811.5
2017-07-13 18:00:00,20.0,86,6.6,268.0,811.6
2017-07-13 19:00:00,19.7,88,4.0,104.0,811.3
2017-07-13 20:00:00,18.5,90,4.4,24.0,811.7
2017-07-13 21:00:00,18.2,91,5.5,0.0,811.9
2017-07-13 22:00:00,18.0,92,6.5,0.0,812.2
2017-07-13 23:00:00,17.0,97,5.4,0.0,811.9
2017-07-14 00:00:00,16.4,98,6.3,0.0,812.0
2017-07-14 01:00:00,16.5,98,4.9,0.0,811.8
2017-07-14 02:00:00,16.9,98,7.8,0.0,811.9
2017-07-14 03:00:00,16.2,98,5.6,0.0,811.5
2017-07-14 04:00:00,16.2,97,4.0,0.0,811.0
2017-07-14 05:00:00,16.4,98,3.3,0.0,811.0
2017-07-14 06:00:00,16.2,98,4.1,0.0,811.0
2017-07-14 07:00:00,16.5,98,3.3,2.0,811.3
2017-07-14 08:00:00,17.3,94,4.4,79.0,812.2
2017-07-14 09:00:00,18.1,94,7.6,149.0,812.8
2017-07-14 10:00:00,18.7,90,8.0,208.0,813.4
2017-07-14 11:00:00,19.2,90,8.6,340.0,813.5
2017-07-14 12:00:00,20.3,82,10.8,500.0,813.5
2017-07-14 13:00:00,19.0,84,12.8,293.0,812.9
2017-07-14 14:00:00,20.4,76,6.8,372.0,812.4
2017-07-14 15:00:00,21.2,72,9.8,437.0,811.9
2017-07-14 16:00:00,20.8,77,9.8,365.0,811.2
2017-07-14 17:00:00,21.5,75,8.0,437.0,811.2
2017-07-14 18:00:00,19.7,81,11.9,181.0,810.8
2017-07-14 19:00:00,19.2,85,7.7,131.0,811.1
2017-07-14 20:00:00,17.8,94,5.2,19.0,811.0
2017-07-14 21:00:00,17.3,94,5.6,0.0,811.0
2017-07-14 22:00:00,17.4,93,4.2,0.0,811.7
2017-07-14 23:00:00,16.4,96,5.6,0.0,811.9
2017-07-15 00:00:00,17.0,91,3.4,0.0,812.7
2017-07-15 01:00:00,16.5,97,1.9,0.0,812.1
2017-07-15 02:00:00,16.6,97,2.5,0.0,811.9
2017-07-15 03:00:00,16.6,98,3.4,0.0,811.7
2017-07-15 04:00:00,16.5,98,3.6,0.0,811.6
2017-07-15 05:00:00,16.2,99,5.6,0.0,811.4
2017-07-15 06:00:00,16.2,98,4.5,0.0,811.5
2017-07-15 07:00:00,16.4,96,4.1,3.0,811.7
2017-07-15 08:00:00,16.5,96,5.1,55.0,812.7
2017-07-15 09:00:00,16.6,98,4.8,34.0,812.7
2017-07-15 10:00:00,17.1,96,5.4,93.0,813.3
2017-07-15 11:00:00,17.8,93,4.1,132.0,813.9
2017-07-15 12:00:00,19.2,88,2.8,310.0,814.3
2017-07-15 13:00:00,20.8,83,4.3,517.0,814.3
2017-07-15 14:00:00,22.1,77,8.1,639.0,813.6
2017-07-15 15:00:00,21.1,83,9.4,535.0,812.7
2017-07-15 16:00:00,20.3,85,6.2,346.0,811.9
2017-07-15 17:00:00,20.4,85,5.0,186.0,811.5
2017-07-15 18:00:00,20.9,83,7.9,234.0,811.4
2017-07-15 19:00:00,20.3,87,7.1,162.0,811.3
2017-07-15 20:00:00,18.0,94,8.2,41.0,811.3
2017-07-15 21:00:00,17.8,94,5.9,0.0,812.1
2017-07-15 22:00:00,17.9,91,4.8,0.0,813.0
2017-07-15 23:00:00,17.5,94,4.6,0.0,813.4
2017-07-16 00:00:00,16.6,97,4.6,0.0,813.6
2017-07-16 01:00:00,16.7,97,4.7,0.0,813.8
2017-07-16 02:00:00,16.6,98,3.8,0.0,813.7
2017-07-16 03:00:00,16.5,98,3.3,0.0,813.3
2017-07-16 04:00:00,16.1,98,7.6,0.0,812.8
2017-07-16 05:00:00,15.9,99,5.6,0.0,812.3
2017-07-16 06:00:00,15.9,99,5.0,0.0,812.4
2017-07-16 07:00:00,16.0,99,5.9,3.0,812.8
2017-07-16 08:00:00,16.7,94,7.1,41.0,813.8
2017-07-16 09:00:00,18.4,88,7.2,212.0,814.5
2017-07-16 10:00:00,19.8,79,7.9,329.0,815.1
2017-07-16 11:00:00,21.0,73,9.8,455.0,815.3
2017-07-16 12:00:00,21.8,68,7.7,527.0,815.3
2017-07-16 13:00:00,22.5,67,7.9,726.0,815.2
2017-07-16 14:00:00,23.3,66,8.4,761.0,814.6
2017-07-16 15:00:00,21.7,69,12.4,540.0,813.3
2017-07-16 16:00:00,21.9,69,12.7,479.0,812.6
2017-07-16 17:00:00,22.4,66,11.9,426.0,812.6
2017-07-16 18:00:00,21.9,70,12.4,292.0,812.6
2017-07-16 19:00:00,20.8,76,9.7,122.0,812.7
2017-07-16 20:00:00,19.8,81,7.3,36.0,812.6
2017-07-16 21:00:00,19.4,81,7.9,0.0,813.8
2017-07-16 22:00:00,18.7,85,8.0,0.0,814.0
2017-07-16 23:00:00,18.0,88,8.4,0.0,814.5
2017-07-17 00:00:00,17.2,92,7.9,0.0,814.6
2017-07-17 01:00:00,16.9,93,7.2,0.0,814.4
2017-07-17 02:00:00,17.4,91,7.6,0.0,814.3
2017-07-17 03:00:00,17.0,92,5.8,0.0,813.7
2017-07-17 04:00:00,16.4,94,6.4,0.0,813.1
2017-07-17 05:00:00,16.2,94,7.4,0.0,812.7
2017-07-17 06:00:00,16.3,93,7.9,0.0,812.7
2017-07-17 07:00:00,16.4,93,8.9,5.0,813.2
2017-07-17 08:00:00,17.5,89,9.4,87.0,814.5
2017-07-17 09:00:00,19.3,79,12.6,253.0,815.6
2017-07-17 10:00:00,19.9,77,12.6,310.0,816.0
2017-07-17 11:00:00,20.3,77,12.3,384.0,815.9
2017-07-17 12:00:00,21.6,79,11.9,602.0,816.2
2017-07-17 13:00:00,22.3,75,12.6,647.0,815.7
2017-07-17 14:00:00,22.5,69,14.4,762.0,815.1
2017-07-17 15:00:00,21.4,72,13.6,505.0,814.1
2017-07-17 16:00:00,21.2,74,14.4,502.0,813.4
2017-07-17 17:00:00,21.5,74,12.1,442.0,813.2
2017-07-17 18:00:00,21.5,72,14.8,338.0,813.0
2017-07-17 19:00:00,20.6,78,11.2,161.0,813.1
2017-07-17 20:00:00,19.0,85,5.8,37.0,812.9
2017-07-17 21:00:00,19.3,81,7.6,0.0,813.9
2017-07-17 22:00:00,18.7,84,10.2,0.0,814.4
2017-07-17 23:00:00,17.9,90,9.7,0.0,814.9
2017-07-18 00:00:00,17.2,92,7.7,0.0,814.4
2017-07-18 01:00:00,16.8,94,7.6,0.0,814.6
2017-07-18 02:00:00,16.8,95,7.9,0.0,814.6
2017-07-18 03:00:00,16.9,94,8.4,0.0,814.3
2017-07-18 04:00:00,16.8,93,8.2,0.0,813.7
2017-07-18 05:00:00,16.7,94,7.4,0.0,813.6
2017-07-18 06:00:00,17.1,92,7.4,0.0,814.0
2017-07-18 07:00:00,17.3,91,9.2,3.0,814.4
2017-07-18 08:00:00,18.0,89,8.7,67.0,815.2
2017-07-18 09:00:00,19.0,83,10.4,188.0,815.9
2017-07-18 10:00:00,20.1,76,10.7,277.0,816.3
2017-07-18 11:00:00,21.2,72,12.1,486.0,816.6
2017-07-18 12:00:00,21.9,71,9.4,530.0,816.5
2017-07-18 13:00:00,22.8,72,8.2,710.0,816.6
2017-07-18 14:00:00,23.4,72,8.4,743.0,815.8
2017-07-18 15:00:00,23.5,72,8.7,785.0,814.9
2017-07-18 16:00:00,23.5,71,10.8,683.0,814.0
2017-07-18 17:00:00,21.6,77,11.5,486.0,813.2
2017-07-18 18:00:00,22.3,71,11.0,387.0,813.3
2017-07-18 19:00:00,21.5,75,11.2,165.0,813.5
2017-07-18 20:00:00,19.8,87,5.8,40.0,812.9
2017-07-18 21:00:00,19.3,89,6.7,0.0,813.8
2017-07-18 22:00:00,18.7,93,6.6,0.0,814.1
2017-07-18 23:00:00,18.2,94,5.8,0.0,814.5
2017-07-19 00:00:00,16.9,96,5.4,0.0,814.1
2017-07-19 01:00:00,17.1,96,4.5,0.0,814.1
2017-07-19 02:00:00,16.2,98,5.4,0.0,813.3
2017-07-19 03:00:00,16.4,99,4.7,0.0,813.1
2017-07-19 04:00:00,16.9,98,4.7,0.0,813.0
2017-07-19 05:00:00,16.5,98,4.5,0.0,812.8
2017-07-19 06:00:00,17.1,97,4.5,0.0,813.0
2017-07-19 07:00:00,17.5,94,3.1,4.0,813.5
2017-07-19 08:00:00,18.1,93,2.7,70.0,813.7
2017-07-19 09:00:00,19.0,91,3.5,186.0,814.5
2017-07-19 10:00:00,20.3,89,3.2,386.0,815.1
2017-07-19 11:00:00,21.4,88,5.8,522.0,815.2
2017-07-19 12:00:00,22.4,78,7.9,660.0,814.8
2017-07-19 13:00:00,23.2,76,10.0,670.0,814.1
2017-07-19 14:00:00,21.9,78,9.5,712.0,812.9
2017-07-19 15:00:00,23.8,65,8.9,647.0,811.9
2017-07-19 16:00:00,23.2,71,7.4,491.0,811.0
2017-07-19 17:00:00,21.0,80,8.1,433.0,811.0
2017-07-19 18:00:00,20.4,86,4.0,129.0,810.6
2017-07-19 19:00:00,20.2,91,4.3,116.0,810.7
2017-07-19 20:00:00,18.9,96,5.8,35.0,810.3
2017-07-19 21:00:00,18.2,97,4.3,0.0,810.3
2017-07-19 22:00:00,17.6,97,5.4,0.0,810.6
2017-07-19 23:00:00,16.4,99,5.5,0.0,810.2
2017-07-20 00:00:00,16.8,98,2.6,0.0,811.0
2017-07-20 01:00:00,17.0,98,1.9,0.0,810.8
2017-07-20 02:00:00,16.8,98,2.5,0.0,810.3
2017-07-20 03:00:00,16.3,98,3.3,0.0,810.1
2017-07-20 04:00:00,17.1,98,2.9,0.0,810.5
2017-07-20 05:00:00,17.0,99,5.6,0.0,810.2
2017-07-20 06:00:00,16.6,98,3.1,0.0,810.1
2017-07-20 07:00:00,16.7,98,3.7,3.0,810.8
2017-07-20 08:00:00,17.2,94,2.9,30.0,811.2
2017-07-20 09:00:00,18.2,89,3.9,127.0,812.0
2017-07-20 10:00:00,19.2,88,0.7,262.0,812.8
2017-07-20 11:00:00,19.9,86,0.8,286.0,813.0
2017-07-20 12:00:00,21.2,79,1.1,396.0,813.0
2017-07-20 13:00:00,22.1,76,1.8,489.0,812.6
2017-07-20 14:00:00,22.0,76,6.6,522.0,811.7
2017-07-20 15:00:00,22.6,70,10.5,683.0,811.2
2017-07-20 16:00:00,21.7,75,12.6,516.0,810.6
2017-07-20 17:00:00,21.5,78,11.6,396.0,810.8
2017-07-20 18:00:00,20.0,83,8.2,265.0,810.6
2017-07-20 19:00:00,19.9,85,5.8,92.0,811.0
2017-07-20 20:00:00,19.0,88,4.1,28.0,811.3
2017-07-20 21:00:00,17.7,92,7.6,0.0,812.0
2017-07-20 22:00:00,16.9,98,6.2,0.0,812.6
2017-07-20 23:00:00,17.1,97,4.7,0.0,813.2
2017-07-21 00:00:00,17.0,98,3.3,0.0,813.2
2017-07-21 01:00:00,17.2,95,3.4,0.0,813.0
2017-07-21 02:00:00,17.4,95,5.7,0.0,812.8
2017-07-21 03:00:00,17.1,97,7.2,0.0,812.2
2017-07-21 04:00:00,16.9,99,2.6,0.0,812.2
2017-07-21 05:00:00,16.5,98,3.9,0.0,812.0
2017-07-21 06:00:00,16.5,99,6.9,0.0,812.3
2017-07-21 07:00:00,16.9,98,3.8,1.0,812.9
2017-07-21 08:00:00,16.7,96,6.1,15.0,813.3
2017-07-21 09:00:00,16.9,97,5.1,35.0,814.1
2017-07-21 10:00:00,17.6,96,4.1,106.0,814.7
2017-07-21 11:00:00,18.6,94,6.6,180.0,815.4
2017-07-21 12:00:00,18.9,94,5.9,245.0,815.4
2017-07-21 13:00:00,19.5,93,5.4,283.0,814.8
2017-07-21 14:00:00,20.5,83,12.0,543.0,814.9
2017-07-21 15:00:00,19.8,80,11.7,282.0,813.7
2017-07-21 16:00:00,20.1,79,10.0,217.0,813.2
2017-07-21 17:00:00,20.8,75,9.2,289.0,813.0
2017-07-21 18:00:00,20.8,74,10.7,275.0,813.1
2017-07-21 19:00:00,19.6,82,8.3,79.0,813.2
2017-07-21 20:00:00,17.8,92,4.7,25.0,813.2
2017-07-21 21:00:00,17.3,96,4.9,0.0,813.8
2017-07-21 22:00:00,17.0,97,4.2,0.0,814.5
2017-07-21 23:00:00,16.8,97,5.2,0.0,815.2
2017-07-22 00:00:00,16.7,97,8.4,0.0,815.5
2017-07-22 01:00:00,16.6,98,5.1,0.0,815.4
2017-07-22 02:00:00,16.5,99,5.8,0.0,815.0
2017-07-22 03:00:00,16.5,99,6.9,0.0,814.5
2017-07-22 04:00:00,16.5,99,7.2,0.0,814.2
2017-07-22 05:00:00,16.4,100,9.4,0.0,814.1
2017-07-22 06:00:00,16.2,98,11.3,0.0,814.3
2017-07-22 07:00:00,16.4,99,6.9,0.0,814.8
2017-07-22 08:00:00,16.9,97,3.5,12.0,815.6
2017-07-22 09:00:00,17.0,97,6.3,63.0,816.0
2017-07-22 10:00:00,17.3,97,4.8,76.0,816.7
2017-07-22 11:00:00,17.5,98,4.4,71.0,817.0
2017-07-22 12:00:00,17.9,98,4.6,102.0,817.0
2017-07-22 13:00:00,18.0,98,6.4,174.0,816.7
2017-07-22 14:00:00,18.2,98,7.1,201.0,816.0
2017-07-22 15:00:00,17.5,95,8.0,174.0,814.8
2017-07-22 16:00:00,18.6,86,8.4,200.0,814.6
2017-07-22 17:00:00,19.2,89,7.9,275.0,815.0
2017-07-22 18:00:00,19.2,87,6.6,207.0,814.6
2017-07-22 19:00:00,17.6,97,4.3,67.0,814.1
2017-07-22 20:00:00,17.5,93,3.7,12.0,815.0
2017-07-22 21:00:00,17.5,92,2.6,0.0,815.4
2017-07-22 22:00:00,16.3,97,4.1,0.0,815.2
2017-07-22 23:00:00,15.8,97,5.4,0.0,815.5
2017-07-23 00:00:00,15.4,98,6.1,0.0,815.6
2017-07-23 01:00:00,15.7,98,5.1,0.0,815.8
2017-07-23 02:00:00,15.5,97,5.1,0.0,815.1
2017-07-23 03:00:00,15.4,98,4.6,0.0,814.3
2017-07-23 04:00:00,15.4,98,4.0,0.0,813.8
2017-07-23 05:00:00,15.1,99,4.8,0.0,813.4
2017-07-23 06:00:00,15.2,98,5.0,0.0,813.6
2017-07-23 07:00:00,15.7,98,5.4,1.0,814.2
2017-07-23 08:00:00,16.6,94,3.6,13.0,815.1
2017-07-23 09:00:00,16.7,89,4.4,89.0,815.5
2017-07-23 10:00:00,16.8,85,3.4,134.0,816.1
2017-07-23 11:00:00,17.1,82,2.9,177.0,816.1
2017-07-23 12:00:00,17.4,82,2.9,210.0,816.1
2017-07-23 13:00:00,18.0,80,4.0,271.0,816.0
2017-07-23 14:00:00,18.8,79,6.6,353.0,815.6
2017-07-23 15:00:00,19.2,77,8.4,387.0,814.7
2017-07-23 16:00:00,19.4,74,8.5,387.0,813.9
2017-07-23 17:00:00,19.2,75,5.9,277.0,813.4
2017-07-23 18:00:00,19.1,74,4.9,258.0,813.0
2017-07-23 19:00:00,18.5,81,4.3,139.0,813.1
2017-07-23 20:00:00,18.2,89,4.6,30.0,812.8
2017-07-23 21:00:00,17.7,88,2.4,0.0,813.1
2017-07-23 22:00:00,17.3,86,1.5,0.0,813.8
2017-07-23 23:00:00,17.2,83,0.4,0.0,814.2
2017-07-24 00:00:00,16.2,90,1.1,0.0,813.8
2017-07-24 01:00:00,15.9,92,1.4,0.0,813.3
2017-07-24 02:00:00,15.9,91,2.3,0.0,813.0
2017-07-24 03:00:00,15.2,93,3.3,0.0,812.2
2017-07-24 04:00:00,15.0,93,3.3,0.0,811.5
2017-07-24 05:00:00,15.0,94,3.3,0.0,811.2
2017-07-24 06:00:00,15.3,93,3.3,0.0,811.1
2017-07-24 07:00:00,15.1,94,3.3,4.0,811.3
2017-07-24 08:00:00,16.4,93,6.0,85.0,813.0
2017-07-24 09:00:00,17.6,88,2.5,160.0,814.0
2017-07-24 10:00:00,19.3,82,2.8,326.0,814.6
2017-07-24 11:00:00,21.1,77,4.1,612.0,815.2
2017-07-24 12:00:00,22.4,74,6.1,754.0,815.3
2017-07-24 13:00:00,22.7,69,8.7,652.0,814.6
2017-07-24 14:00:00,23.5,61,7.3,768.0,813.8
2017-07-24 15:00:00,23.9,58,6.8,865.0,812.6
2017-07-24 16:00:00,23.6,58,9.9,705.0,811.8
2017-07-24 17:00:00,23.4,56,10.9,485.0,811.4
2017-07-24 18:00:00,21.4,70,10.3,276.0,811.0
2017-07-24 19:00:00,20.3,81,8.4,140.0,811.4
2017-07-24 20:00:00,18.6,89,4.4,24.0,811.3
2017-07-24 21:00:00,18.2,96,5.6,0.0,811.5
2017-07-24 22:00:00,19.2,87,2.3,0.0,812.8
2017-07-24 23:00:00,17.2,97,4.6,0.0,812.1
2017-07-25 00:00:00,16.5,96,5.4,0.0,812.4
2017-07-25 01:00:00,16.0,98,4.1,0.0,811.5
2017-07-25 02:00:00,15.6,98,4.7,0.0,811.2
2017-07-25 03:00:00,16.2,98,1.8,0.0,811.3
2017-07-25 04:00:00,16.4,97,2.9,0.0,811.0
2017-07-25 05:00:00,16.1,97,3.5,0.0,810.7
2017-07-25 06:00:00,16.4,97,3.0,0.0,811.0
2017-07-25 07:00:00,16.6,93,1.9,4.0,811.2
2017-07-25 08:00:00,17.1,95,4.7,80.0,812.2
2017-07-25 09:00:00,18.9,85,3.7,264.0,813.4
2017-07-25 10:00:00,20.4,83,3.8,452.0,814.1
2017-07-25 11:00:00,21.8,79,3.8,624.0,814.4
2017-07-25 12:00:00,22.8,73,5.2,686.0,814.2
2017-07-25 13:00:00,23.1,67,6.8,796.0,813.5
2017-07-25 14:00:00,23.1,63,11.8,738.0,812.8
2017-07-25 15:00:00,22.3,68,11.6,673.0,812.2
2017-07-25 16:00:00,22.3,69,10.6,381.0,811.5
2017-07-25 17:00:00,22.8,67,11.1,586.0,811.6
2017-07-25 18:00:00,22.3,68,10.6,380.0,811.5
2017-07-25 19:00:00,20.6,78,10.9,188.0,811.8
2017-07-25 20:00:00,19.3,90,6.5,28.0,811.6
2017-07-25 21:00:00,20.2,82,2.8,0.0,812.8
2017-07-25 22:00:00,17.4,93,6.2,0.0,811.9
2017-07-25 23:00:00,17.3,94,4.8,0.0,812.8
2017-07-26 00:00:00,17.0,93,5.5,0.0,813.2
2017-07-26 01:00:00,17.0,92,4.7,0.0,813.5
2017-07-26 02:00:00,15.4,98,4.6,0.0,812.4
2017-07-26 03:00:00,15.6,97,4.7,0.0,812.2
2017-07-26 04:00:00,16.1,98,3.6,0.0,812.3
2017-07-26 05:00:00,16.2,98,3.3,0.0,812.2
2017-07-26 06:00:00,15.7,99,4.2,0.0,811.9
2017-07-26 07:00:00,16.1,99,4.6,4.0,812.3
2017-07-26 08:00:00,17.3,94,4.1,68.0,813.2
2017-07-26 09:00:00,18.8,87,1.3,188.0,814.1
2017-07-26 10:00:00,20.3,78,2.9,367.0,814.7
2017-07-26 11:00:00,21.3,74,4.5,418.0,815.0
2017-07-26 12:00:00,22.3,70,4.2,514.0,814.9
2017-07-26 13:00:00,23.4,65,6.2,683.0,814.9
2017-07-26 14:00:00,24.2,60,7.6,789.0,814.6
2017-07-26 15:00:00,24.6,58,9.0,813.0,813.7
2017-07-26 16:00:00,24.8,56,9.2,744.0,812.7
2017-07-26 17:00:00,24.5,58,9.3,609.0,812.0
2017-07-26 18:00:00,24.0,61,8.8,419.0,811.6
2017-07-26 19:00:00,22.9,71,6.5,220.0,811.4
2017-07-26 20:00:00,19.9,81,10.5,46.0,810.0
2017-07-26 21:00:00,20.4,77,7.0,0.0,811.2
2017-07-26 22:00:00,19.7,80,6.8,0.0,811.6
2017-07-26 23:00:00,19.2,84,6.5,0.0,812.4
2017-07-27 00:00:00,18.3,89,5.9,0.0,812.4
2017-07-27 01:00:00,18.0,89,5.8,0.0,812.8
2017-07-27 02:00:00,19.0,84,1.6,0.0,813.4
2017-07-27 03:00:00,18.8,85,1.6,0.0,813.0
2017-07-27 04:00:00,16.5,93,2.9,0.0,811.4
2017-07-27 05:00:00,15.9,95,3.3,0.0,810.8
2017-07-27 06:00:00,15.3,96,3.6,0.0,810.3
2017-07-27 07:00:00,15.2,96,4.5,6.0,810.5
2017-07-27 08:00:00,18.7,93,3.5,124.0,812.8
2017-07-27 09:00:00,20.9,86,2.0,331.0,814.0
2017-07-27 10:00:00,22.3,82,2.4,535.0,814.7
2017-07-27 11:00:00,23.5,79,3.5,726.0,814.9
2017-07-27 12:00:00,24.2,76,4.7,812.0,814.9
2017-07-27 13:00:00,25.1,70,6.6,862.0,814.7
2017-07-27 14:00:00,25.9,56,9.7,742.0,813.9
2017-07-27 15:00:00,23.0,70,6.5,541.0,812.8
2017-07-27 16:00:00,23.4,71,8.4,440.0,812.5
2017-07-27 17:00:00,22.5,72,7.5,357.0,812.2
2017-07-27 18:00:00,22.2,76,8.4,250.0,811.9
2017-07-27 19:00:00,21.6,78,5.7,186.0,811.6
2017-07-27 20:00:00,19.5,93,2.9,43.0,811.2
2017-07-27 21:00:00,19.5,90,2.9,0.0,811.7
2017-07-27 22:00:00,17.7,93,4.5,0.0,811.5
2017-07-27 23:00:00,18.6,90,4.9,0.0,812.8
2017-07-28 00:00:00,16.8,91,3.9,0.0,813.0
2017-07-28 01:00:00,15.7,97,3.8,0.0,812.7
2017-07-28 02:00:00,15.3,96,2.2,0.0,811.8
2017-07-28 03:00:00,14.5,98,3.3,0.0,811.9
2017-07-28 04:00:00,16.2,96,8.6,0.0,813.1
2017-07-28 05:00:00,15.5,98,6.5,0.0,812.5
2017-07-28 06:00:00,14.4,99,5.9,0.0,812.1
2017-07-28 07:00:00,15.0,99,4.2,5.0,812.7
2017-07-28 08:00:00,16.5,97,5.1,114.0,813.9
2017-07-28 09:00:00,18.7,90,4.8,274.0,815.1
2017-07-28 10:00:00,21.2,76,4.0,515.0,816.3
2017-07-28 11:00:00,22.5,71,5.1,649.0,816.3
2017-07-28 12:00:00,23.6,67,5.6,776.0,816.7
2017-07-28 13:00:00,24.0,64,8.2,826.0,816.2
2017-07-28 14:00:00,24.6,60,8.9,866.0,815.5
2017-07-28 15:00:00,24.3,59,9.4,776.0,814.8
2017-07-28 16:00:00,23.9,60,4.1,671.0,814.2
2017-07-28 17:00:00,21.6,73,7.6,517.0,813.8
2017-07-28 18:00:00,22.2,71,6.8,289.0,813.7
2017-07-28 19:00:00,21.3,76,5.9,188.0,813.8
2017-07-28 20:00:00,19.2,88,5.9,35.0,812.7
2017-07-28 21:00:00,18.4,90,6.1,0.0,813.0
2017-07-28 22:00:00,17.9,92,6.6,0.0,813.6
2017-07-28 23:00:00,19.8,84,4.2,0.0,815.4
2017-07-29 00:00:00,17.5,92,4.3,0.0,814.4
2017-07-29 01:00:00,16.9,94,5.1,0.0,814.4
2017-07-29 02:00:00,16.4,94,5.1,0.0,813.9
2017-07-29 03:00:00,15.1,95,6.5,0.0,812.8
2017-07-29 04:00:00,15.0,96,4.7,0.0,812.5
2017-07-29 05:00:00,14.9,96,5.1,0.0,812.2
2017-07-29 06:00:00,14.5,98,5.2,0.0,811.8
2017-07-29 07:00:00,14.1,99,5.6,5.0,811.7
2017-07-29 08:00:00,16.8,97,5.2,112.0,813.7
2017-07-29 09:00:00,19.7,87,3.2,315.0,815.6
2017-07-29 10:00:00,21.6,73,2.8,512.0,816.3
2017-07-29 11:00:00,22.9,64,3.3,665.0,816.5
2017-07-29 12:00:00,23.8,59,5.1,744.0,816.2
2017-07-29 13:00:00,24.5,56,5.3,719.0,815.8
2017-07-29 14:00:00,25.0,54,5.6,797.0,815.1
2017-07-29 15:00:00,25.0,54,7.7,742.0,813.9
2017-07-29 16:00:00,25.2,54,7.4,660.0,813.2
2017-07-29 17:00:00,25.1,54,7.5,539.0,812.3
2017-07-29 18:00:00,24.5,58,7.3,378.0,811.6
2017-07-29 19:00:00,23.3,68,5.9,214.0,811.6
2017-07-29 20:00:00,20.6,76,10.3,44.0,810.0
2017-07-29 21:00:00,19.0,82,8.8,0.0,810.2
2017-07-29 22:00:00,20.2,76,7.3,0.0,812.1
2017-07-29 23:00:00,21.0,73,5.5,0.0,813.3
2017-07-30 00:00:00,20.6,74,4.0,0.0,813.6
2017-07-30 01:00:00,20.0,77,2.3,0.0,813.0
2017-07-30 02:00:00,19.7,78,2.0,0.0,812.7
2017-07-30 03:00:00,17.4,87,2.9,0.0,810.8
2017-07-30 04:00:00,17.4,86,7.4,0.0,810.7
2017-07-30 05:00:00,16.5,90,8.6,0.0,810.4
2017-07-30 06:00:00,16.3,91,5.8,0.0,810.1
2017-07-30 07:00:00,16.1,92,5.4,5.0,810.3
2017-07-30 08:00:00,18.0,89,4.4,105.0,812.0
2017-07-30 09:00:00,20.3,82,2.7,262.0,813.4
2017-07-30 10:00:00,22.1,76,1.1,464.0,814.0
2017-07-30 11:00:00,23.7,72,1.8,680.0,814.5
2017-07-30 12:00:00,24.9,70,1.8,821.0,814.4
2017-07-30 13:00:00,25.5,69,1.8,807.0,813.7
2017-07-30 14:00:00,25.9,70,4.4,779.0,812.6
2017-07-30 15:00:00,25.5,71,6.9,686.0,811.2
2017-07-30 16:00:00,24.4,69,8.7,525.0,810.3
2017-07-30 17:00:00,24.1,70,7.8,376.0,810.4
2017-07-30 18:00:00,23.1,77,2.3,252.0,810.3
2017-07-30 19:00:00,22.5,82,4.2,129.0,810.3
2017-07-30 20:00:00,20.3,92,5.1,26.0,808.9
2017-07-30 21:00:00,21.6,84,3.3,0.0,810.8
2017-07-30 22:00:00,21.0,85,4.9,0.0,811.0
2017-07-30 23:00:00,19.6,91,5.8,0.0,810.6
2017-07-31 00:00:00,19.3,91,4.8,0.0,810.8
2017-07-31 01:00:00,17.7,96,4.5,0.0,809.9
2017-07-31 02:00:00,17.2,97,5.5,0.0,809.3
2017-07-31 03:00:00,17.0,98,4.6,0.0,809.0
2017-07-31 04:00:00,17.0,98,6.2,0.0,809.0
2017-07-31 05:00:00,17.0,98,4.2,0.0,808.9
2017-07-31 06:00:00,16.6,98,6.6,0.0,808.9
2017-07-31 07:00:00,17.5,92,0.5,2.0,809.6
2017-07-31 08:00:00,18.4,94,2.7,45.0,810.4
2017-07-31 09:00:00,20.5,86,2.6,277.0,812.0
2017-07-31 10:00:00,21.6,81,4.1,385.0,812.5
2017-07-31 11:00:00,22.8,79,4.9,507.0,813.1
2017-07-31 12:00:00,24.5,76,5.3,815.0,812.9
2017-07-31 13:00:00,25.2,74,7.1,778.0,812.4
2017-07-31 14:00:00,23.7,73,14.3,732.0,810.7
2017-07-31 15:00:00,22.3,78,7.6,382.0,809.9
2017-07-31 16:00:00,23.1,74,5.1,450.0,809.7
2017-07-31 17:00:00,23.4,73,2.9,409.0,809.8
2017-07-31 18:00:00,22.2,82,5.8,249.0,809.0
2017-07-31 19:00:00,21.1,86,7.2,101.0,809.4
2017-07-31 20:00:00,20.4,89,6.9,33.0,809.2
2017-07-31 21:00:00,19.4,92,5.6,0.0,809.4
2017-07-31 22:00:00,18.5,94,4.7,0.0,809.5
2017-07-31 23:00:00,18.9,93,4.5,0.0,810.0
2017-08-01 00:00:00,18.2,96,2.2,0.0,810.0
2017-08-01 01:00:00,18.1,96,6.9,0.0,810.1
2017-08-01 02:00:00,17.4,99,4.0,0.0,809.4
2017-08-01 03:00:00,17.3,99,6.0,0.0,809.2
2017-08-01 04:00:00,17.5,99,2.8,0.0,808.9
2017-08-01 05:00:00,17.5,96,1.8,0.0,809.5
2017-08-01 06:00:00,17.5,98,2.9,0.0,809.2
2017-08-01 07:00:00,17.3,98,3.2,2.0,809.5
2017-08-01 08:00:00,17.8,95,5.7,40.0,810.1
2017-08-01 09:00:00,18.0,94,2.5,57.0,810.8
2017-08-01 10:00:00,18.6,92,2.5,142.0,811.4
2017-08-01 11:00:00,19.5,87,5.4,278.0,811.8
2017-08-01 12:00:00,20.3,85,5.4,332.0,811.9
2017-08-01 13:00:00,21.7,81,7.3,555.0,811.7
2017-08-01 14:00:00,23.1,76,9.4,741.0,811.1
2017-08-01 15:00:00,22.9,75,7.2,544.0,809.8
2017-08-01 16:00:00,23.5,69,7.2,595.0,809.1
2017-08-01 17:00:00,23.6,67,6.3,444.0,808.9
2017-08-01 18:00:00,23.2,70,3.6,237.0,808.7
2017-08-01 19:00:00,22.5,80,2.6,147.0,809.1
2017-08-01 20:00:00,20.5,89,6.4,31.0,809.3
2017-08-01 21:00:00,21.3,84,3.4,0.0,810.3
2017-08-01 22:00:00,18.4,96,4.7,0.0,810.5
2017-08-01 23:00:00,17.6,99,3.3,0.0,810.9
2017-08-02 00:00:00,17.6,99,1.8,0.0,811.2
2017-08-02 01:00:00,17.0,99,2.1,0.0,810.3
2017-08-02 02:00:00,17.3,99,4.0,0.0,810.1
2017-08-02 03:00:00,17.7,96,5.9,0.0,809.9
2017-08-02 04:00:00,18.0,94,6.6,0.0,810.0
2017-08-02 05:00:00,18.0,94,3.2,0.0,809.8
2017-08-02 06:00:00,18.2,93,3.6,0.0,809.9
2017-08-02 07:00:00,18.5,93,3.6,2.0,810.2
2017-08-02 08:00:00,18.8,94,4.0,68.0,810.5
2017-08-02 09:00:00,20.1,85,3.6,265.0,811.2
2017-08-02 10:00:00,21.5,80,1.9,456.0,812.1
2017-08-02 11:00:00,22.6,79,0.5,540.0,812.5
2017-08-02 12:00:00,23.7,76,3.7,706.0,812.5
2017-08-02 13:00:00,24.3,72,6.9,627.0,811.8
2017-08-02 14:00:00,24.0,66,7.3,610.0,810.4
2017-08-02 15:00:00,24.5,65,5.4,518.0,809.4
2017-08-02 16:00:00,25.3,60,7.5,645.0,808.9
2017-08-02 17:00:00,24.6,66,9.4,547.0,808.8
2017-08-02 18:00:00,22.7,77,10.5,357.0,808.7
2017-08-02 19:00:00,21.9,82,6.0,137.0,808.9
2017-08-02 20:00:00,19.7,93,7.8,31.0,808.1
2017-08-02 21:00:00,19.6,92,5.4,0.0,809.0
2017-08-02 22:00:00,18.8,95,4.6,0.0,809.8
2017-08-02 23:00:00,18.4,95,2.6,0.0,810.0
2017-08-03 00:00:00,17.2,98,4.1,0.0,809.4
2017-08-03 01:00:00,17.0,98,3.6,0.0,809.0
2017-08-03 02:00:00,16.9,98,5.0,0.0,808.8
2017-08-03 03:00:00,16.8,98,3.3,0.0,808.7
2017-08-03 04:00:00,16.2,99,4.0,0.0,807.8
2017-08-03 05:00:00,16.5,99,3.5,0.0,807.9
2017-08-03 06:00:00,15.6,99,5.3,0.0,807.5
2017-08-03 07:00:00,15.7,100,3.9,3.0,807.7
2017-08-03 08:00:00,17.0,98,4.9,94.0,808.9
2017-08-03 09:00:00,19.2,89,4.4,256.0,810.3
2017-08-03 10:00:00,21.2,84,2.9,484.0,811.3
2017-08-03 11:00:00,22.5,81,1.8,555.0,811.4
2017-08-03 12:00:00,24.0,75,1.3,685.0,811.5
2017-08-03 13:00:00,24.4,73,3.4,642.0,810.6
2017-08-03 14:00:00,24.6,71,6.4,574.0,809.2
2017-08-03 15:00:00,21.8,83,7.2,557.0,807.9
2017-08-03 16:00:00,22.3,80,3.5,474.0,807.6
2017-08-03 17:00:00,23.8,73,4.7,534.0,808.0
2017-08-03 18:00:00,22.5,78,4.1,297.0,807.7
2017-08-03 19:00:00,20.8,89,1.8,133.0,807.9
2017-08-03 20:00:00,19.1,95,5.2,23.0,808.0
2017-08-03 21:00:00,18.3,98,5.5,0.0,808.5
2017-08-03 22:00:00,17.7,98,4.8,0.0,808.7
2017-08-03 23:00:00,17.8,98,6.2,0.0,809.4
2017-08-04 00:00:00,18.1,97,4.3,0.0,810.0
2017-08-04 01:00:00,17.5,98,3.8,0.0,809.6
2017-08-04 02:00:00,17.3,98,7.5,0.0,809.1
2017-08-04 03:00:00,16.7,98,4.7,0.0,808.7
2017-08-04 04:00:00,17.4,95,5.8,0.0,808.8
2017-08-04 05:00:00,17.4,96,6.2,0.0,808.6
2017-08-04 06:00:00,17.0,97,4.0,0.0,808.2
2017-08-04 07:00:00,16.2,98,5.0,3.0,808.3
2017-08-04 08:00:00,18.5,94,5.7,96.0,809.8
2017-08-04 09:00:00,20.2,85,7.7,279.0,811.0
2017-08-04 10:00:00,21.9,75,8.0,463.0,811.8
2017-08-04 11:00:00,23.3,68,8.4,588.0,812.2
2017-08-04 12:00:00,24.4,64,9.8,744.0,812.0
2017-08-04 13:00:00,24.7,62,9.6,777.0,811.3
2017-08-04 14:00:00,25.2,60,11.8,821.0,810.3
2017-08-04 15:00:00,24.9,62,12.1,679.0,810.0
2017-08-04 16:00:00,23.9,66,13.8,583.0,809.4
2017-08-04 17:00:00,22.0,76,9.8,423.0,809.0
2017-08-04 18:00:00,22.5,73,9.2,293.0,809.3
2017-08-04 19:00:00,21.7,80,6.3,146.0,809.7
2017-08-04 20:00:00,19.6,88,5.6,20.0,809.2
2017-08-04 21:00:00,19.1,90,10.0,0.0,810.0
2017-08-04 22:00:00,18.3,96,4.6,0.0,810.0
2017-08-04 23:00:00,17.5,98,8.7,0.0,810.8
2017-08-05 00:00:00,17.8,98,8.0,0.0,811.4
2017-08-05 01:00:00,17.3,98,4.5,0.0,810.5
2017-08-05 02:00:00,16.9,97,5.5,0.0,809.8
2017-08-05 03:00:00,17.7,94,7.6,0.0,809.7
2017-08-05 04:00:00,16.9,98,8.7,0.0,808.9
2017-08-05 05:00:00,16.5,98,6.6,0.0,808.8
2017-08-05 06:00:00,16.3,97,5.8,0.0,808.9
2017-08-05 07:00:00,16.3,97,6.6,4.0,809.3
2017-08-05 08:00:00,18.1,93,10.2,94.0,810.7
2017-08-05 09:00:00,20.0,86,13.5,281.0,812.1
2017-08-05 10:00:00,21.5,77,13.9,418.0,812.7
2017-08-05 11:00:00,22.6,71,15.0,496.0,812.9
2017-08-05 12:00:00,24.0,67,14.8,721.0,812.9
2017-08-05 13:00:00,24.9,67,15.1,789.0,812.6
2017-08-05 14:00:00,20.9,82,19.1,853.0,811.8
2017-08-05 15:00:00,20.6,89,12.3,295.0,810.8
2017-08-05 16:00:00,22.2,76,13.3,485.0,811.0
2017-08-05 17:00:00,22.6,71,14.8,398.0,810.8
2017-08-05 18:00:00,22.3,70,16.2,316.0,810.9
2017-08-05 19:00:00,21.2,77,12.8,115.0,810.8
2017-08-05 20:00:00,19.8,84,10.9,17.0,811.3
2017-08-05 21:00:00,19.2,88,10.1,0.0,812.0
2017-08-05 22:00:00,18.9,88,9.0,0.0,812.6
2017-08-05 23:00:00,19.1,90,10.8,0.0,813.4
2017-08-06 00:00:00,18.5,92,9.4,0.0,813.7
2017-08-06 01:00:00,18.4,92,9.4,0.0,813.4
2017-08-06 02:00:00,18.4,92,8.4,0.0,813.2
2017-08-06 03:00:00,18.2,93,8.9,0.0,812.6
2017-08-06 04:00:00,18.1,93,10.7,0.0,812.3
2017-08-06 05:00:00,18.1,92,12.0,0.0,811.9
2017-08-06 06:00:00,18.0,94,10.7,0.0,811.9
2017-08-06 07:00:00,18.1,94,9.0,2.0,812.2
2017-08-06 08:00:00,18.8,90,9.7,72.0,813.3
2017-08-06 09:00:00,20.0,84,12.1,244.0,814.1
2017-08-06 10:00:00,21.4,76,13.4,444.0,814.9
2017-08-06 11:00:00,21.9,73,12.9,512.0,815.1
2017-08-06 12:00:00,22.2,72,10.5,549.0,814.8
2017-08-06 13:00:00,22.0,74,9.6,583.0,814.8
2017-08-06 14:00:00,22.8,72,7.4,554.0,813.9
2017-08-06 15:00:00,23.9,67,12.1,724.0,813.4
2017-08-06 16:00:00,22.2,77,9.6,636.0,812.6
2017-08-06 17:00:00,22.1,75,8.3,289.0,811.9
2017-08-06 18:00:00,22.3,75,7.6,274.0,811.9
2017-08-06 19:00:00,21.7,79,6.7,175.0,811.7
2017-08-06 20:00:00,20.7,87,5.1,29.0,811.7
2017-08-06 21:00:00,19.7,91,6.8,0.0,812.3
2017-08-06 22:00:00,18.8,95,4.0,0.0,813.2
2017-08-06 23:00:00,19.1,91,2.5,0.0,813.7
2017-08-07 00:00:00,18.9,93,2.7,0.0,813.8
2017-08-07 01:00:00,18.6,98,3.8,0.0,813.5
2017-08-07 02:00:00,18.5,96,4.7,0.0,813.5
2017-08-07 03:00:00,18.7,95,5.1,0.0,813.0
2017-08-07 04:00:00,18.5,95,3.3,0.0,812.5
2017-08-07 05:00:00,18.9,91,3.3,0.0,812.4
2017-08-07 06:00:00,17.8,96,4.8,0.0,811.9
2017-08-07 07:00:00,17.4,98,4.9,2.0,812.1
2017-08-07 08:00:00,18.6,94,1.8,60.0,813.0
2017-08-07 09:00:00,20.1,86,8.9,248.0,813.7
2017-08-07 10:00:00,21.0,81,12.0,381.0,814.3
2017-08-07 11:00:00,21.9,76,12.0,399.0,814.4
2017-08-07 12:00:00,23.2,68,13.0,570.0,814.7
2017-08-07 13:00:00,24.2,64,12.9,631.0,814.4
2017-08-07 14:00:00,24.9,62,14.2,779.0,813.6
2017-08-07 15:00:00,25.7,58,13.4,825.0,812.7
2017-08-07 16:00:00,24.2,66,14.8,640.0,812.0
2017-08-07 17:00:00,24.1,69,10.9,467.0,811.4
2017-08-07 18:00:00,22.8,72,12.0,246.0,811.1
2017-08-07 19:00:00,22.2,78,6.9,120.0,811.2
2017-08-07 20:00:00,20.6,85,7.2,27.0,810.6
2017-08-07 21:00:00,19.9,87,5.9,0.0,811.1
2017-08-07 22:00:00,19.8,89,6.4,0.0,811.7
2017-08-07 23:00:00,19.2,91,6.4,0.0,811.9
2017-08-08 00:00:00,19.3,90,6.4,0.0,812.6
2017-08-08 01:00:00,18.9,92,7.7,0.0,812.0
2017-08-08 02:00:00,18.4,94,4.3,0.0,812.4
2017-08-08 03:00:00,18.8,94,8.9,0.0,811.9
2017-08-08 04:00:00,18.8,95,7.6,0.0,811.8
2017-08-08 05:00:00,18.8,95,8.1,0.0,811.5
2017-08-08 06:00:00,18.7,95,8.4,0.0,811.3
2017-08-08 07:00:00,18.6,94,10.2,1.0,811.4
2017-08-08 08:00:00,19.2,92,9.6,42.0,812.2
2017-08-08 09:00:00,20.0,86,13.2,108.0,812.5
2017-08-08 10:00:00,21.0,81,13.7,223.0,813.4
2017-08-08 11:00:00,21.6,78,12.9,242.0,813.7
2017-08-08 12:00:00,23.1,70,13.4,487.0,813.9
2017-08-08 13:00:00,22.7,75,13.1,440.0,813.3
2017-08-08 14:00:00,22.5,79,14.2,709.0,812.7
2017-08-08 15:00:00,22.5,73,13.7,434.0,812.1
2017-08-08 16:00:00,21.8,78,14.5,454.0,811.8
2017-08-08 17:00:00,21.1,84,9.7,132.0,811.3
2017-08-08 18:00:00,21.3,83,7.2,93.0,811.3
2017-08-08 19:00:00,20.0,89,8.2,53.0,811.3
2017-08-08 20:00:00,19.9,91,4.6,11.0,811.8
2017-08-08 21:00:00,18.9,95,4.4,0.0,811.9
2017-08-08 22:00:00,18.1,98,8.3,0.0,812.8
2017-08-08 23:00:00,18.4,98,2.5,0.0,813.0
2017-08-09 00:00:00,17.9,98,3.7,0.0,813.0
2017-08-09 01:00:00,17.6,99,3.4,0.0,812.6
2017-08-09 02:00:00,17.9,99,5.4,0.0,812.6
2017-08-09 03:00:00,17.5,98,2.9,0.0,811.8
2017-08-09 04:00:00,17.4,98,2.7,0.0,811.6
2017-08-09 05:00:00,17.4,98,2.3,0.0,811.5
2017-08-09 06:00:00,17.5,98,1.8,0.0,811.6
2017-08-09 07:00:00,17.7,98,1.5,0.0,812.1
2017-08-09 08:00:00,17.8,97,1.1,5.0,812.6
2017-08-09 09:00:00,18.0,97,2.3,37.0,813.3
2017-08-09 10:00:00,18.2,96,7.0,62.0,813.8
2017-08-09 11:00:00,19.0,81,5.8,141.0,814.3
2017-08-09 12:00:00,18.8,79,2.3,176.0,814.2
2017-08-09 13:00:00,19.3,75,3.7,291.0,814.2
2017-08-09 14:00:00,18.7,78,9.0,245.0,813.4
2017-08-09 15:00:00,18.7,76,8.9,294.0,813.0
2017-08-09 16:00:00,19.3,73,5.1,385.0,812.6
2017-08-09 17:00:00,20.0,71,3.4,302.0,812.3
2017-08-09 18:00:00,20.2,71,4.6,190.0,812.3
2017-08-09 19:00:00,19.8,77,2.6,84.0,812.1
2017-08-09 20:00:00,18.4,82,6.0,9.0,812.3
2017-08-09 21:00:00,18.1,84,8.2,0.0,812.9
2017-08-09 22:00:00,17.1,96,3.4,0.0,812.9
2017-08-09 23:00:00,16.9,96,4.5,0.0,813.1
2017-08-10 00:00:00,16.9,96,3.5,0.0,813.0
2017-08-10 01:00:00,16.7,97,4.3,0.0,812.4
2017-08-10 02:00:00,16.8,96,4.5,0.0,812.0
2017-08-10 03:00:00,17.3,91,2.9,0.0,811.9
2017-08-10 04:00:00,16.6,96,3.8,0.0,811.2
2017-08-10 05:00:00,16.5,97,4.0,0.0,811.0
2017-08-10 06:00:00,16.0,98,5.2,0.0,810.5
2017-08-10 07:00:00,15.9,96,4.3,2.0,810.6
2017-08-10 08:00:00,17.0,92,2.5,58.0,811.8
2017-08-10 09:00:00,18.1,88,1.3,190.0,812.7
2017-08-10 10:00:00,19.6,79,1.4,382.0,813.5
2017-08-10 11:00:00,20.1,77,4.5,347.0,813.7
2017-08-10 12:00:00,20.6,76,6.3,393.0,813.6
2017-08-10 13:00:00,20.8,74,8.4,343.0,813.2
2017-08-10 14:00:00,20.7,76,8.9,318.0,812.4
2017-08-10 15:00:00,20.6,78,9.8,239.0,811.5
2017-08-10 16:00:00,21.4,74,10.8,370.0,811.1
2017-08-10 17:00:00,21.7,73,10.0,347.0,810.9
2017-08-10 18:00:00,21.8,72,6.6,220.0,810.5
2017-08-10 19:00:00,21.2,76,5.1,139.0,810.6
2017-08-10 20:00:00,19.3,89,6.5,17.0,810.4
2017-08-10 21:00:00,18.3,94,5.8,0.0,810.5
2017-08-10 22:00:00,18.8,89,4.0,0.0,811.6
2017-08-10 23:00:00,17.9,97,4.7,0.0,811.6
2017-08-11 00:00:00,17.8,98,5.2,0.0,811.7
2017-08-11 01:00:00,16.9,98,5.6,0.0,810.9
2017-08-11 02:00:00,16.9,98,5.3,0.0,810.6
2017-08-11 03:00:00,16.1,98,7.3,0.0,809.6
2017-08-11 04:00:00,17.4,97,4.7,0.0,810.3
2017-08-11 05:00:00,17.3,96,5.2,0.0,809.9
2017-08-11 06:00:00,17.3,97,5.1,0.0,810.0
2017-08-11 07:00:00,17.9,95,6.7,2.0,810.9
2017-08-11 08:00:00,17.9,96,6.5,47.0,811.4
2017-08-11 09:00:00,18.6,92,9.5,113.0,812.2
2017-08-11 10:00:00,19.6,85,11.0,211.0,812.6
2017-08-11 11:00:00,21.1,75,13.3,397.0,813.2
2017-08-11 12:00:00,22.4,68,13.9,492.0,813.2
2017-08-11 13:00:00,23.8,64,14.8,753.0,813.2
2017-08-11 14:00:00,23.5,63,15.0,565.0,812.1
2017-08-11 15:00:00,24.0,62,16.4,683.0,811.6
2017-08-11 16:00:00,22.2,74,17.4,634.0,810.8
2017-08-11 17:00:00,22.4,75,13.6,363.0,810.2
2017-08-11 18:00:00,22.3,73,11.8,281.0,810.1
2017-08-11 19:00:00,21.7,78,8.0,101.0,810.2
2017-08-11 20:00:00,19.0,88,8.3,19.0,809.8
2017-08-11 21:00:00,19.1,87,6.1,0.0,810.3
2017-08-11 22:00:00,18.8,89,6.3,0.0,810.8
2017-08-11 23:00:00,18.4,90,5.8,0.0,811.1
2017-08-12 00:00:00,18.3,91,5.0,0.0,811.5
2017-08-12 01:00:00,18.0,92,5.6,0.0,811.5
2017-08-12 02:00:00,17.3,94,5.4,0.0,810.8
2017-08-12 03:00:00,17.2,95,5.1,0.0,810.5
2017-08-12 04:00:00,17.7,96,5.7,0.0,810.8
2017-08-12 05:00:00,18.0,95,8.4,0.0,810.9
2017-08-12 06:00:00,18.0,95,8.8,0.0,811.0
2017-08-12 07:00:00,17.8,97,8.0,1.0,811.3
2017-08-12 08:00:00,18.4,93,9.9,48.0,811.9
2017-08-12 09:00:00,19.5,86,13.9,136.0,812.6
2017-08-12 10:00:00,21.1,75,15.6,309.0,813.3
2017-08-12 11:00:00,22.3,69,15.6,433.0,813.8
2017-08-12 12:00:00,23.4,65,17.0,623.0,813.8
2017-08-12 13:00:00,24.0,64,17.8,672.0,813.3
2017-08-12 14:00:00,23.3,73,17.1,879.0,812.7
2017-08-12 15:00:00,22.3,75,17.6,748.0,811.6
2017-08-12 16:00:00,21.8,79,14.7,341.0,811.2
2017-08-12 17:00:00,21.3,82,12.0,170.0,811.3
2017-08-12 18:00:00,20.8,85,9.5,142.0,810.9
2017-08-12 19:00:00,19.3,96,6.9,71.0,810.5
2017-08-12 20:00:00,20.2,88,6.3,9.0,811.2
2017-08-12 21:00:00,19.9,89,7.7,0.0,811.8
2017-08-12 22:00:00,19.1,91,5.4,0.0,812.1
2017-08-12 23:00:00,18.6,92,5.4,0.0,812.5
2017-08-13 00:00:00,18.2,93,5.0,0.0,812.3
2017-08-13 01:00:00,17.6,94,5.1,0.0,812.0
2017-08-13 02:00:00,17.4,95,4.9,0.0,811.5
2017-08-13 03:00:00,17.4,96,4.9,0.0,811.3
2017-08-13 04:00:00,17.7,96,5.4,0.0,811.5
2017-08-13 05:00:00,17.7,97,5.3,0.0,811.7
2017-08-13 06:00:00,18.0,96,5.6,0.0,812.1
2017-08-13 07:00:00,18.0,96,6.4,1.0,812.3
2017-08-13 08:00:00,18.6,92,9.6,32.0,813.1
2017-08-13 09:00:00,19.3,90,9.8,144.0,813.5
2017-08-13 10:00:00,20.7,80,11.4,256.0,814.3
2017-08-13 11:00:00,22.1,78,13.5,481.0,815.1
2017-08-13 12:00:00,23.2,78,12.4,690.0,815.2
2017-08-13 13:00:00,20.9,77,16.5,681.0,814.2
2017-08-13 14:00:00,21.7,85,14.0,441.0,813.6
2017-08-13 15:00:00,22.4,76,14.2,612.0,813.6
2017-08-13 16:00:00,21.6,83,11.6,431.0,812.4
2017-08-13 17:00:00,22.2,78,10.5,375.0,812.5
2017-08-13 18:00:00,22.1,78,9.6,229.0,812.4
2017-08-13 19:00:00,19.9,89,4.7,126.0,812.5
2017-08-13 20:00:00,20.1,87,5.6,11.0,812.2
2017-08-13 21:00:00,19.6,89,6.2,0.0,812.7
2017-08-13 22:00:00,19.1,92,5.4,0.0,813.5
2017-08-13 23:00:00,19.3,91,4.8,0.0,814.0
2017-08-14 00:00:00,18.3,94,4.7,0.0,813.4
2017-08-14 01:00:00,17.8,95,6.3,0.0,813.1
2017-08-14 02:00:00,17.8,95,4.3,0.0,812.8
2017-08-14 03:00:00,17.3,97,5.0,0.0,812.2
2017-08-14 04:00:00,17.4,97,4.0,0.0,812.0
2017-08-14 05:00:00,17.3,97,5.0,0.0,811.6
2017-08-14 06:00:00,17.2,97,4.4,0.0,811.9
2017-08-14 07:00:00,17.2,98,3.5,1.0,812.4
2017-08-14 08:00:00,18.5,94,6.4,39.0,813.6
2017-08-14 09:00:00,19.3,90,7.8,113.0,814.3
2017-08-14 10:00:00,20.4,86,8.1,277.0,814.9
2017-08-14 11:00:00,20.5,84,7.6,187.0,814.7
2017-08-14 12:00:00,20.9,80,10.0,217.0,814.5
2017-08-14 13:00:00,22.5,72,10.4,516.0,814.4
2017-08-14 14:00:00,24.1,69,8.6,765.0,814.0
2017-08-14 15:00:00,24.2,71,7.7,743.0,813.0
2017-08-14 16:00:00,21.7,77,7.6,638.0,812.3
2017-08-14 17:00:00,21.7,81,2.2,363.0,811.9
2017-08-14 18:00:00,21.4,80,6.4,138.0,812.1
2017-08-14 19:00:00,20.3,84,8.3,75.0,812.3
2017-08-14 20:00:00,20.2,86,1.1,15.0,812.8
2017-08-14 21:00:00,18.5,98,5.2,0.0,812.6
2017-08-14 22:00:00,18.0,99,3.8,0.0,813.0
2017-08-14 23:00:00,18.0,99,5.1,0.0,813.6
2017-08-15 00:00:00,17.7,99,5.2,0.0,813.5
2017-08-15 01:00:00,17.3,99,5.0,0.0,813.1
2017-08-15 02:00:00,17.2,99,3.4,0.0,812.8
2017-08-15 03:00:00,17.3,99,3.8,0.0,812.0
2017-08-15 04:00:00,17.5,98,2.2,0.0,811.6
2017-08-15 05:00:00,17.5,99,1.3,0.0,811.5
2017-08-15 06:00:00,17.3,99,2.8,0.0,811.5
2017-08-15 07:00:00,17.3,99,2.9,0.0,811.8
2017-08-15 08:00:00,17.6,97,5.1,27.0,812.6
2017-08-15 09:00:00,18.2,94,4.8,70.0,813.2
2017-08-15 10:00:00,19.1,92,2.9,155.0,813.3
2017-08-15 11:00:00,20.6,89,2.3,375.0,813.7
2017-08-15 12:00:00,22.1,86,4.7,563.0,814.1
2017-08-15 13:00:00,21.5,80,8.3,349.0,813.3
2017-08-15 14:00:00,21.9,85,8.5,749.0,813.0
2017-08-15 15:00:00,22.7,82,4.3,619.0,812.4
2017-08-15 16:00:00,22.1,83,4.8,395.0,811.6
2017-08-15 17:00:00,20.5,85,4.9,280.0,811.2
2017-08-15 18:00:00,21.1,81,7.1,223.0,811.1
2017-08-15 19:00:00,20.2,86,7.1,84.0,811.3
2017-08-15 20:00:00,19.0,91,4.4,15.0,811.3
2017-08-15 21:00:00,18.6,90,7.2,0.0,812.1
2017-08-15 22:00:00,18.0,92,5.6,0.0,812.5
2017-08-15 23:00:00,16.6,97,5.8,0.0,812.0
2017-08-16 00:00:00,16.4,97,4.5,0.0,812.0
2017-08-16 01:00:00,16.0,98,5.0,0.0,811.8
2017-08-16 02:00:00,16.0,98,5.0,0.0,811.5
2017-08-16 03:00:00,16.2,98,4.7,0.0,811.1
2017-08-16 04:00:00,15.8,98,5.2,0.0,810.6
2017-08-16 05:00:00,17.1,95,6.4,0.0,811.2
2017-08-16 06:00:00,16.8,96,6.4,0.0,811.1
2017-08-16 07:00:00,16.7,96,7.2,1.0,811.6
2017-08-16 08:00:00,17.4,95,10.2,71.0,812.5
2017-08-16 09:00:00,18.9,86,12.8,253.0,813.3
2017-08-16 10:00:00,20.6,75,11.8,449.0,814.2
2017-08-16 11:00:00,21.6,70,10.7,461.0,814.5
2017-08-16 12:00:00,22.9,63,12.0,706.0,814.4
2017-08-16 13:00:00,22.8,65,14.0,760.0,813.9
2017-08-16 14:00:00,22.9,68,12.4,712.0,813.3
2017-08-16 15:00:00,22.0,70,12.9,674.0,812.5
2017-08-16 16:00:00,22.2,69,12.6,470.0,811.8
2017-08-16 17:00:00,22.1,71,13.0,481.0,811.6
2017-08-16 18:00:00,21.4,74,12.6,264.0,811.1
2017-08-16 19:00:00,20.6,78,7.9,133.0,811.2
2017-08-16 20:00:00,19.3,83,6.6,16.0,810.6
2017-08-16 21:00:00,19.4,81,8.9,0.0,811.9
2017-08-16 22:00:00,18.4,86,6.0,0.0,812.1
2017-08-16 23:00:00,17.7,90,5.2,0.0,812.2
2017-08-17 00:00:00,17.2,92,5.4,0.0,812.3
2017-08-17 01:00:00,16.9,94,5.4,0.0,812.3
2017-08-17 02:00:00,16.1,97,4.3,0.0,811.7
2017-08-17 03:00:00,16.8,95,2.5,0.0,811.6
2017-08-17 04:00:00,16.6,97,2.2,0.0,811.2
2017-08-17 05:00:00,16.7,96,2.0,0.0,811.3
2017-08-17 06:00:00,16.2,97,2.7,0.0,810.9
2017-08-17 07:00:00,16.2,98,3.8,1.0,811.4
2017-08-17 08:00:00,17.2,93,5.2,64.0,812.3
2017-08-17 09:00:00,19.0,83,5.4,233.0,813.3
2017-08-17 10:00:00,20.4,77,6.8,435.0,814.2
2017-08-17 11:00:00,21.4,77,9.4,570.0,815.0
2017-08-17 12:00:00,20.3,75,10.2,526.0,814.6
2017-08-17 13:00:00,21.4,78,10.5,638.0,814.5
2017-08-17 14:00:00,22.0,78,11.8,713.0,814.2
2017-08-17 15:00:00,22.2,77,12.5,693.0,813.4
2017-08-17 16:00:00,21.5,82,9.6,568.0,812.6
2017-08-17 17:00:00,20.7,76,9.7,437.0,811.8
2017-08-17 18:00:00,20.8,74,13.2,331.0,811.5
2017-08-17 19:00:00,19.8,79,10.7,130.0,811.7
2017-08-17 20:00:00,18.2,89,6.5,17.0,812.1
2017-08-17 21:00:00,18.2,90,6.4,0.0,813.0
2017-08-17 22:00:00,17.2,94,8.4,0.0,813.2
2017-08-17 23:00:00,17.3,93,9.7,0.0,813.8
2017-08-18 00:00:00,16.9,96,9.0,0.0,814.0
2017-08-18 01:00:00,16.4,97,9.0,0.0,813.7
2017-08-18 02:00:00,16.4,97,7.3,0.0,813.4
2017-08-18 03:00:00,16.3,99,7.6,0.0,812.8
2017-08-18 04:00:00,15.8,99,5.6,0.0,812.4
2017-08-18 05:00:00,15.6,99,5.6,0.0,812.4
2017-08-18 06:00:00,15.9,99,5.9,0.0,812.7
2017-08-18 07:00:00,16.2,96,7.1,1.0,813.2
2017-08-18 08:00:00,16.6,95,9.1,52.0,814.4
2017-08-18 09:00:00,17.3,93,10.7,132.0,815.1
2017-08-18 10:00:00,18.7,90,10.9,356.0,816.2
2017-08-18 11:00:00,19.9,80,12.1,459.0,816.9
2017-08-18 12:00:00,20.7,75,11.7,540.0,816.9
2017-08-18 13:00:00,21.7,72,14.1,658.0,816.7
2017-08-18 14:00:00,21.6,70,12.1,616.0,815.8
2017-08-18 15:00:00,22.2,66,13.4,694.0,815.4
2017-08-18 16:00:00,22.0,70,11.2,578.0,814.6
2017-08-18 17:00:00,20.0,83,11.4,472.0,814.3
2017-08-18 18:00:00,20.4,83,13.4,275.0,814.0
2017-08-18 19:00:00,19.2,86,11.5,122.0,814.0
2017-08-18 20:00:00,18.0,90,7.6,15.0,813.6
2017-08-18 21:00:00,18.3,86,7.8,0.0,814.9
2017-08-18 22:00:00,17.5,90,6.6,0.0,815.2
2017-08-18 23:00:00,17.0,91,5.7,0.0,815.2
2017-08-19 00:00:00,16.3,92,5.6,0.0,815.3
2017-08-19 01:00:00,16.1,92,5.8,0.0,814.9
2017-08-19 02:00:00,15.2,94,6.9,0.0,814.1
2017-08-19 03:00:00,14.7,95,7.6,0.0,813.6
2017-08-19 04:00:00,15.0,93,6.7,0.0,813.6
2017-08-19 05:00:00,14.7,95,6.9,0.0,813.3
2017-08-19 06:00:00,14.8,95,6.6,0.0,813.5
2017-08-19 07:00:00,15.7,93,5.4,1.0,814.5
2017-08-19 08:00:00,17.2,90,2.6,89.0,815.8
2017-08-19 09:00:00,19.0,80,10.5,266.0,816.7
2017-08-19 10:00:00,20.5,72,12.8,446.0,817.3
2017-08-19 11:00:00,21.8,67,12.1,509.0,817.5
2017-08-19 12:00:00,22.5,63,11.3,593.0,817.1
2017-08-19 13:00:00,23.4,60,12.0,747.0,817.2
2017-08-19 14:00:00,24.0,58,12.1,804.0,816.7
2017-08-19 15:00:00,24.2,57,11.3,698.0,815.6
2017-08-19 16:00:00,24.2,57,11.4,632.0,814.6
2017-08-19 17:00:00,23.9,58,12.5,474.0,814.2
2017-08-19 18:00:00,23.3,62,11.3,292.0,813.9
2017-08-19 19:00:00,21.5,69,14.0,121.0,813.9
2017-08-19 20:00:00,19.9,78,8.0,17.0,813.6
2017-08-19 21:00:00,19.7,80,8.0,0.0,814.4
2017-08-19 22:00:00,19.4,83,7.3,0.0,814.7
2017-08-19 23:00:00,18.8,85,6.9,0.0,814.8
2017-08-20 00:00:00,18.0,88,5.9,0.0,814.5
2017-08-20 01:00:00,17.3,89,5.7,0.0,814.3
2017-08-20 02:00:00,16.6,89,6.2,0.0,813.6
2017-08-20 03:00:00,15.6,91,7.5,0.0,812.9
2017-08-20 04:00:00,16.0,90,6.8,0.0,812.8
2017-08-20 05:00:00,16.3,89,5.5,0.0,813.0
2017-08-20 06:00:00,17.4,86,4.1,0.0,813.7
2017-08-20 07:00:00,16.5,90,5.5,1.0,813.5
2017-08-20 08:00:00,18.2,88,5.2,80.0,814.9
2017-08-20 09:00:00,20.0,80,11.4,262.0,815.9
2017-08-20 10:00:00,21.2,74,12.5,431.0,816.2
2017-08-20 11:00:00,22.2,70,13.3,606.0,816.6
2017-08-20 12:00:00,23.0,66,12.2,664.0,816.4
2017-08-20 13:00:00,24.2,65,11.3,785.0,816.5
2017-08-20 14:00:00,21.5,74,10.9,779.0,815.6
2017-08-20 15:00:00,22.9,68,10.5,614.0,814.6
2017-08-20 16:00:00,23.7,65,9.0,670.0,813.8
2017-08-20 17:00:00,23.5,67,11.2,551.0,813.0
2017-08-20 18:00:00,22.4,74,11.8,342.0,812.6
2017-08-20 19:00:00,21.5,79,6.2,161.0,812.2
2017-08-20 20:00:00,20.4,80,10.0,19.0,811.7
2017-08-20 21:00:00,19.4,85,6.1,0.0,812.4
2017-08-20 22:00:00,19.3,88,5.4,0.0,812.9
2017-08-20 23:00:00,18.6,91,5.8,0.0,813.1
2017-08-21 00:00:00,17.9,93,6.3,0.0,813.2
2017-08-21 01:00:00,17.3,93,6.9,0.0,813.0
2017-08-21 02:00:00,16.6,94,7.7,0.0,812.1
2017-08-21 03:00:00,16.2,93,8.1,0.0,811.8
2017-08-21 04:00:00,16.5,91,6.9,0.0,811.6
2017-08-21 05:00:00,15.9,92,6.6,0.0,811.6
2017-08-21 06:00:00,17.0,90,5.5,0.0,812.3
2017-08-21 07:00:00,16.9,91,5.0,1.0,812.6
2017-08-21 08:00:00,18.3,89,4.9,85.0,813.6
2017-08-21 09:00:00,20.2,81,13.7,286.0,814.9
2017-08-21 10:00:00,21.3,75,14.2,430.0,815.5
2017-08-21 11:00:00,22.7,68,12.6,608.0,815.9
2017-08-21 12:00:00,23.8,62,11.8,731.0,815.9
2017-08-21 13:00:00,24.8,58,11.6,812.0,815.6
2017-08-21 14:00:00,25.4,58,10.2,849.0,814.9
2017-08-21 15:00:00,25.8,59,10.5,867.0,814.2
2017-08-21 16:00:00,25.5,60,11.2,746.0,813.1
2017-08-21 17:00:00,25.0,62,10.0,573.0,812.3
2017-08-21 18:00:00,24.3,64,11.3,359.0,811.7
2017-08-21 19:00:00,22.4,78,10.9,159.0,811.2
2017-08-21 20:00:00,20.2,84,8.9,18.0,809.8
2017-08-21 21:00:00,19.8,86,6.2,0.0,810.6
2017-08-21 22:00:00,18.9,85,6.7,0.0,810.6
2017-08-21 23:00:00,20.5,74,6.4,0.0,812.2
2017-08-22 00:00:00,19.1,80,6.9,0.0,812.1
2017-08-22 01:00:00,17.4,87,8.1,0.0,811.5
2017-08-22 02:00:00,16.8,90,8.3,0.0,811.1
2017-08-22 03:00:00,17.0,88,7.3,0.0,811.3
2017-08-22 04:00:00,16.8,87,6.9,0.0,811.3
2017-08-22 05:00:00,16.5,88,6.8,0.0,810.8
2017-08-22 06:00:00,15.2,92,7.1,0.0,810.1
2017-08-22 07:00:00,14.9,94,6.8,1.0,810.1
2017-08-22 08:00:00,18.3,88,3.1,98.0,812.4
2017-08-22 09:00:00,20.7,81,4.8,313.0,814.1
2017-08-22 10:00:00,22.8,68,11.2,540.0,814.7
2017-08-22 11:00:00,24.3,64,9.4,725.0,815.3
2017-08-22 12:00:00,25.4,61,9.2,856.0,815.1
2017-08-22 13:00:00,26.1,57,10.4,913.0,815.0
2017-08-22 14:00:00,26.0,57,10.2,792.0,814.4
2017-08-22 15:00:00,26.3,56,9.1,730.0,814.0
2017-08-22 16:00:00,26.4,56,9.2,717.0,813.3
2017-08-22 17:00:00,25.9,59,8.7,527.0,812.5
2017-08-22 18:00:00,24.8,68,6.9,365.0,811.8
2017-08-22 19:00:00,23.2,84,3.6,150.0,811.1
2017-08-22 20:00:00,21.8,75,7.6,17.0,810.5
2017-08-22 21:00:00,20.4,81,6.6,0.0,810.5
2017-08-22 22:00:00,21.0,77,5.9,0.0,811.6
2017-08-22 23:00:00,19.9,81,6.2,0.0,811.4
2017-08-23 00:00:00,21.5,73,3.1,0.0,813.2
2017-08-23 01:00:00,20.1,78,4.1,0.0,812.9
2017-08-23 02:00:00,17.3,89,3.6,0.0,811.5
2017-08-23 03:00:00,17.1,92,3.9,0.0,811.4
2017-08-23 04:00:00,17.0,93,3.2,0.0,811.5
2017-08-23 05:00:00,16.7,94,3.9,0.0,811.2
2017-08-23 06:00:00,17.0,94,6.6,0.0,811.6
2017-08-23 07:00:00,15.9,96,4.2,1.0,811.0
2017-08-23 08:00:00,18.5,89,6.3,63.0,813.1
2017-08-23 09:00:00,20.9,81,6.8,243.0,814.8
2017-08-23 10:00:00,21.9,74,7.1,302.0,815.2
2017-08-23 11:00:00,23.3,70,6.1,523.0,815.5
2017-08-23 12:00:00,24.4,68,7.1,777.0,815.2
2017-08-23 13:00:00,24.9,69,5.0,809.0,814.9
2017-08-23 14:00:00,21.1,82,15.6,848.0,814.0
2017-08-23 15:00:00,21.6,79,4.5,279.0,812.8
2017-08-23 16:00:00,22.8,76,4.7,336.0,813.1
2017-08-23 17:00:00,20.7,82,9.0,231.0,812.5
2017-08-23 18:00:00,21.2,81,7.2,179.0,812.8
2017-08-23 19:00:00,20.8,85,6.3,114.0,813.0
2017-08-23 20:00:00,19.7,93,3.5,8.0,811.4
2017-08-23 21:00:00,19.7,89,3.4,0.0,812.1
2017-08-23 22:00:00,19.6,85,4.0,0.0,812.7
2017-08-23 23:00:00,19.6,84,7.8,0.0,813.2
2017-08-24 00:00:00,18.5,87,11.8,0.0,813.1
2017-08-24 01:00:00,17.9,89,12.1,0.0,812.9
2017-08-24 02:00:00,17.6,91,9.4,0.0,812.4
2017-08-24 03:00:00,17.4,91,8.2,0.0,811.9
2017-08-24 04:00:00,17.4,90,7.8,0.0,811.7
2017-08-24 05:00:00,17.3,90,5.8,0.0,811.1
2017-08-24 06:00:00,16.8,92,7.0,0.0,810.7
2017-08-24 07:00:00,16.7,91,7.5,1.0,810.5
2017-08-24 08:00:00,18.1,88,8.3,74.0,811.7
2017-08-24 09:00:00,20.3,81,7.6,226.0,813.3
2017-08-24 10:00:00,21.3,75,11.1,336.0,813.8
2017-08-24 11:00:00,21.7,75,9.1,307.0,813.8
2017-08-24 12:00:00,21.4,78,7.2,189.0,812.8
2017-08-24 13:00:00,22.5,79,13.7,641.0,812.6
2017-08-24 14:00:00,21.7,85,9.9,345.0,811.4
2017-08-24 15:00:00,21.0,83,9.5,325.0,810.5
2017-08-24 16:00:00,19.9,86,14.5,162.0,809.6
2017-08-24 17:00:00,20.8,82,11.3,245.0,809.6
2017-08-24 18:00:00,18.9,94,13.1,58.0,808.6
2017-08-24 19:00:00,18.4,94,13.2,38.0,808.9
2017-08-24 20:00:00,18.5,87,18.7,3.0,809.0
2017-08-24 21:00:00,17.5,94,16.6,0.0,809.3
2017-08-24 22:00:00,17.4,94,14.1,0.0,809.8
2017-08-24 23:00:00,17.4,94,17.9,0.0,809.7
2017-08-25 00:00:00,17.3,95,20.0,0.0,809.8
2017-08-25 01:00:00,17.0,95,21.7,0.0,809.3
2017-08-25 02:00:00,17.0,95,24.9,0.0,808.9
2017-08-25 03:00:00,16.8,97,21.8,0.0,809.2
2017-08-25 04:00:00,16.8,97,20.4,0.0,809.2
2017-08-25 05:00:00,16.6,97,23.7,0.0,809.1
2017-08-25 06:00:00,16.7,98,21.3,0.0,809.6
2017-08-25 07:00:00,16.7,98,16.8,0.0,810.0
2017-08-25 08:00:00,16.6,97,17.7,15.0,811.4
2017-08-25 09:00:00,16.5,98,17.6,20.0,811.9
2017-08-25 10:00:00,16.7,98,16.7,35.0,812.5
2017-08-25 11:00:00,17.5,97,20.5,163.0,813.1
2017-08-25 12:00:00,17.3,97,16.9,130.0,813.1
2017-08-25 13:00:00,18.9,88,18.7,299.0,813.6
2017-08-25 14:00:00,18.9,88,17.4,328.0,813.3
2017-08-25 15:00:00,19.0,97,11.9,346.0,812.5
2017-08-25 16:00:00,18.4,94,14.0,315.0,811.6
2017-08-25 17:00:00,18.0,97,13.7,131.0,811.2
2017-08-25 18:00:00,18.2,96,12.3,186.0,811.6
2017-08-25 19:00:00,17.3,97,12.7,63.0,811.7
2017-08-25 20:00:00,17.4,94,11.5,4.0,812.6
2017-08-25 21:00:00,16.9,97,9.5,0.0,813.0
2017-08-25 22:00:00,17.1,97,10.5,0.0,813.7
2017-08-25 23:00:00,17.3,94,12.6,0.0,814.4
2017-08-26 00:00:00,17.1,95,13.4,0.0,814.5
2017-08-26 01:00:00,16.9,97,10.2,0.0,814.3
2017-08-26 02:00:00,16.7,98,9.3,0.0,813.7
2017-08-26 03:00:00,16.7,97,8.7,0.0,813.4
2017-08-26 04:00:00,16.3,97,11.8,0.0,813.1
2017-08-26 05:00:00,16.1,99,8.4,0.0,813.0
2017-08-26 06:00:00,16.0,99,8.7,0.0,813.1
2017-08-26 07:00:00,16.2,97,10.2,0.0,813.5
2017-08-26 08:00:00,16.6,95,11.2,24.0,814.5
2017-08-26 09:00:00,17.3,92,13.7,95.0,815.1
2017-08-26 10:00:00,18.7,87,14.5,318.0,816.2
2017-08-26 11:00:00,20.0,80,14.7,471.0,816.6
2017-08-26 12:00:00,20.5,78,13.2,424.0,816.3
2017-08-26 13:00:00,20.9,73,13.0,441.0,815.8
2017-08-26 14:00:00,22.1,66,15.3,713.0,815.4
2017-08-26 15:00:00,22.7,62,13.6,701.0,814.3
2017-08-26 16:00:00,23.2,58,12.5,742.0,814.0
2017-08-26 17:00:00,23.0,57,11.0,582.0,813.6
2017-08-26 18:00:00,22.7,58,7.9,386.0,813.4
2017-08-26 19:00:00,20.7,74,4.6,163.0,812.4
2017-08-26 20:00:00,19.4,74,10.8,14.0,813.0
2017-08-26 21:00:00,18.0,85,5.3,0.0,813.1
2017-08-26 22:00:00,17.0,89,7.9,0.0,813.1
2017-08-26 23:00:00,17.5,86,6.6,0.0,814.3
2017-08-27 00:00:00,17.3,87,6.1,0.0,814.5
2017-08-27 01:00:00,17.5,87,4.0,0.0,815.0
2017-08-27 02:00:00,16.4,93,2.2,0.0,814.1
2017-08-27 03:00:00,17.3,89,1.4,0.0,814.4
2017-08-27 04:00:00,15.7,96,4.3,0.0,813.3
2017-08-27 05:00:00,15.8,96,3.2,0.0,813.4
2017-08-27 06:00:00,15.7,96,4.1,0.0,813.1
2017-08-27 07:00:00,14.9,98,5.1,1.0,812.6
2017-08-27 08:00:00,16.5,94,5.6,77.0,814.3
2017-08-27 09:00:00,18.3,84,4.7,223.0,815.0
2017-08-27 10:00:00,20.0,75,3.6,365.0,815.6
2017-08-27 11:00:00,20.7,71,4.7,409.0,815.8
2017-08-27 12:00:00,21.8,67,5.0,683.0,815.8
2017-08-27 13:00:00,22.1,67,8.0,649.0,815.5
2017-08-27 14:00:00,22.8,65,7.2,684.0,814.8
2017-08-27 15:00:00,23.3,62,4.3,706.0,813.8
2017-08-27 16:00:00,23.5,60,6.4,623.0,813.0
2017-08-27 17:00:00,22.9,64,6.6,434.0,812.4
2017-08-27 18:00:00,21.0,76,10.4,278.0,812.2
2017-08-27 19:00:00,19.9,85,6.6,117.0,812.2
2017-08-27 20:00:00,18.6,90,6.9,9.0,811.2
2017-08-27 21:00:00,18.1,90,6.6,0.0,811.6
2017-08-27 22:00:00,19.4,85,4.2,0.0,813.3
2017-08-27 23:00:00,18.5,90,5.0,0.0,813.5
2017-08-28 00:00:00,17.0,95,4.6,0.0,813.8
2017-08-28 01:00:00,16.0,98,3.1,0.0,813.7
2017-08-28 02:00:00,16.6,99,3.2,0.0,813.7
2017-08-28 03:00:00,16.7,98,3.6,0.0,813.3
2017-08-28 04:00:00,16.7,98,2.1,0.0,813.0
2017-08-28 05:00:00,16.5,97,4.0,0.0,813.2
2017-08-28 06:00:00,16.3,98,6.5,0.0,813.2
2017-08-28 07:00:00,16.3,98,5.1,0.0,813.2
2017-08-28 08:00:00,16.6,96,3.3,21.0,813.4
2017-08-28 09:00:00,17.1,92,0.5,78.0,814.1
2017-08-28 10:00:00,17.6,92,2.6,142.0,814.8
2017-08-28 11:00:00,19.2,85,2.0,322.0,815.3
2017-08-28 12:00:00,20.6,80,3.1,444.0,815.3
2017-08-28 13:00:00,22.7,76,5.0,825.0,815.3
2017-08-28 14:00:00,23.2,75,6.0,810.0,814.2
2017-08-28 15:00:00,23.1,68,8.7,700.0,812.9
2017-08-28 16:00:00,22.7,68,2.6,241.0,812.0
2017-08-28 17:00:00,20.6,84,8.4,338.0,811.8
2017-08-28 18:00:00,20.4,85,7.6,154.0,811.9
2017-08-28 19:00:00,19.9,94,1.1,73.0,812.2
2017-08-28 20:00:00,19.5,88,5.0,6.0,812.4
2017-08-28 21:00:00,18.8,86,4.4,0.0,812.7
2017-08-28 22:00:00,18.5,87,5.3,0.0,813.2
2017-08-28 23:00:00,17.9,89,6.0,0.0,813.5
2017-08-29 00:00:00,17.3,93,3.7,0.0,813.4
2017-08-29 01:00:00,17.7,91,2.9,0.0,813.3
2017-08-29 02:00:00,17.2,93,1.1,0.0,812.5
2017-08-29 03:00:00,17.0,93,2.2,0.0,812.0
2017-08-29 04:00:00,17.6,90,0.4,0.0,812.3
2017-08-29 05:00:00,16.9,97,3.7,0.0,811.7
2017-08-29 06:00:00,16.9,97,3.8,0.0,811.7
2017-08-29 07:00:00,17.0,97,3.2,0.0,812.2
2017-08-29 08:00:00,17.1,94,7.2,12.0,813.4
2017-08-29 09:00:00,18.0,93,7.2,67.0,814.2
2017-08-29 10:00:00,19.1,88,5.4,188.0,815.1
2017-08-29 11:00:00,21.0,85,7.3,485.0,815.8
2017-08-29 12:00:00,21.4,77,9.7,469.0,815.7
2017-08-29 13:00:00,20.0,83,3.9,409.0,814.9
2017-08-29 14:00:00,21.2,77,7.3,330.0,814.2
2017-08-29 15:00:00,21.2,76,11.3,478.0,813.4
2017-08-29 16:00:00,20.4,82,10.8,257.0,812.8
2017-08-29 17:00:00,20.9,77,10.5,228.0,812.8
2017-08-29 18:00:00,19.7,84,13.7,202.0,813.1
2017-08-29 19:00:00,18.9,86,11.5,89.0,813.4
2017-08-29 20:00:00,17.9,93,4.3,4.0,813.5
2017-08-29 21:00:00,17.6,93,8.8,0.0,814.2
2017-08-29 22:00:00,17.5,92,10.1,0.0,814.8
2017-08-29 23:00:00,16.7,94,7.2,0.0,814.8
2017-08-30 00:00:00,16.5,95,5.9,0.0,814.9
2017-08-30 01:00:00,16.9,93,9.8,0.0,815.2
2017-08-30 02:00:00,16.8,94,10.5,0.0,814.9
2017-08-30 03:00:00,16.6,95,8.9,0.0,814.5
2017-08-30 04:00:00,16.1,96,7.6,0.0,814.1
2017-08-30 05:00:00,15.8,97,7.4,0.0,814.0
2017-08-30 06:00:00,16.0,97,8.1,0.0,814.0
2017-08-30 07:00:00,16.4,95,8.9,0.0,814.4
2017-08-30 08:00:00,16.6,95,9.4,41.0,814.9
2017-08-30 09:00:00,17.9,88,11.0,166.0,815.8
2017-08-30 10:00:00,18.9,82,14.1,277.0,816.6
2017-08-30 11:00:00,19.9,76,15.2,442.0,816.9
2017-08-30 12:00:00,21.1,69,15.4,587.0,816.8
2017-08-30 13:00:00,22.1,64,16.2,719.0,816.4
2017-08-30 14:00:00,23.0,61,16.4,815.0,815.9
2017-08-30 15:00:00,22.9,63,16.9,670.0,815.1
2017-08-30 16:00:00,22.3,65,17.1,546.0,814.4
2017-08-30 17:00:00,21.6,71,15.5,411.0,814.1
2017-08-30 18:00:00,20.9,73,13.6,221.0,814.1
2017-08-30 19:00:00,19.8,79,9.0,102.0,814.4
2017-08-30 20:00:00,19.0,81,6.2,6.0,814.6
2017-08-30 21:00:00,18.4,84,6.9,0.0,815.0
2017-08-30 22:00:00,17.9,86,7.3,0.0,815.6
2017-08-30 23:00:00,17.2,90,6.3,0.0,816.0
2017-08-31 00:00:00,17.0,92,6.5,0.0,816.2
2017-08-31 01:00:00,17.3,91,8.3,0.0,816.6
2017-08-31 02:00:00,17.3,91,9.8,0.0,816.2
2017-08-31 03:00:00,17.0,91,7.6,0.0,815.6
2017-08-31 04:00:00,16.9,93,6.6,0.0,815.2
2017-08-31 05:00:00,16.8,94,5.4,0.0,815.2
2017-08-31 06:00:00,16.8,94,6.2,0.0,815.4
2017-08-31 07:00:00,16.7,95,4.9,0.0,815.6
2017-08-31 08:00:00,16.9,94,5.2,31.0,815.9
2017-08-31 09:00:00,17.9,88,5.4,136.0,816.6
2017-08-31 10:00:00,19.2,82,5.6,300.0,817.4
2017-08-31 11:00:00,20.0,77,5.9,332.0,817.5
2017-08-31 12:00:00,21.1,74,6.1,486.0,817.2
2017-08-31 13:00:00,22.1,70,5.8,617.0,816.8
2017-08-31 14:00:00,23.2,64,7.2,850.0,816.0
2017-08-31 15:00:00,22.3,69,7.0,484.0,814.5
2017-08-31 16:00:00,22.1,70,12.6,523.0,814.1
2017-08-31 17:00:00,21.2,76,12.6,389.0,813.5
2017-08-31 18:00:00,21.0,76,9.8,204.0,813.5
2017-08-31 19:00:00,20.4,80,6.0,86.0,813.5
2017-08-31 20:00:00,18.7,91,5.2,5.0,812.9
2017-08-31 21:00:00,17.8,93,6.1,0.0,813.1
2017-08-31 22:00:00,17.6,93,5.9,0.0,813.6
2017-08-31 23:00:00,17.9,92,5.4,0.0,814.2
2017-09-01 00:00:00,16.9,94,5.1,0.0,813.8
2017-09-01 01:00:00,16.2,97,8.1,0.0,813.0
2017-09-01 02:00:00,16.3,94,6.1,0.0,813.1
2017-09-01 03:00:00,16.1,97,7.0,0.0,812.5
2017-09-01 04:00:00,16.1,96,6.9,0.0,812.3
2017-09-01 05:00:00,15.6,97,6.8,0.0,812.0
2017-09-01 06:00:00,16.3,98,4.4,0.0,812.9
2017-09-01 07:00:00,16.3,98,4.5,0.0,813.3
2017-09-01 08:00:00,17.3,94,2.7,33.0,813.9
2017-09-01 09:00:00,18.3,90,5.5,112.0,814.9
2017-09-01 10:00:00,19.2,90,8.3,210.0,815.4
2017-09-01 11:00:00,20.9,87,8.0,431.0,815.7
2017-09-01 12:00:00,22.5,82,8.1,618.0,815.7
2017-09-01 13:00:00,23.6,76,10.7,807.0,815.1
2017-09-01 14:00:00,23.7,74,11.6,776.0,814.1
2017-09-01 15:00:00,23.7,76,10.2,626.0,813.0
2017-09-01 16:00:00,21.8,78,13.0,436.0,811.8
2017-09-01 17:00:00,22.2,75,11.3,386.0,811.4
2017-09-01 18:00:00,22.5,73,9.5,303.0,811.3
2017-09-01 19:00:00,21.4,79,5.3,124.0,811.1
2017-09-01 20:00:00,18.9,90,8.2,8.0,810.4
2017-09-01 21:00:00,18.9,90,5.7,0.0,811.3
2017-09-01 22:00:00,18.7,92,5.4,0.0,811.6
2017-09-01 23:00:00,17.9,94,6.0,0.0,811.3
2017-09-02 00:00:00,18.1,94,5.2,0.0,812.0
2017-09-02 01:00:00,17.6,93,5.0,0.0,811.6
2017-09-02 02:00:00,17.2,94,5.6,0.0,811.1
2017-09-02 03:00:00,16.5,97,6.7,0.0,810.5
2017-09-02 04:00:00,16.4,97,6.1,0.0,810.3
2017-09-02 05:00:00,16.9,97,6.0,0.0,810.3
2017-09-02 06:00:00,17.4,94,3.3,0.0,811.1
2017-09-02 07:00:00,17.5,94,5.1,0.0,811.6
2017-09-02 08:00:00,18.2,94,7.9,27.0,812.1
2017-09-02 09:00:00,19.4,86,10.2,171.0,813.1
2017-09-02 10:00:00,21.2,76,11.5,369.0,813.8
2017-09-02 11:00:00,22.2,74,10.2,473.0,814.2
2017-09-02 12:00:00,23.4,70,10.6,661.0,813.9
2017-09-02 13:00:00,24.2,65,10.8,722.0,813.2
2017-09-02 14:00:00,24.8,65,10.5,767.0,812.3
2017-09-02 15:00:00,25.2,63,8.9,787.0,811.7
2017-09-02 16:00:00,24.6,63,7.9,596.0,810.9
2017-09-02 17:00:00,21.8,79,6.9,356.0,810.5
2017-09-02 18:00:00,20.8,85,12.5,175.0,810.6
2017-09-02 19:00:00,19.4,90,10.2,81.0,810.9
2017-09-02 20:00:00,19.5,94,5.1,4.0,810.6
2017-09-02 21:00:00,18.6,97,5.4,0.0,810.9
2017-09-02 22:00:00,18.2,97,5.9,0.0,811.5
2017-09-02 23:00:00,18.7,94,8.1,0.0,812.5
2017-09-03 00:00:00,17.8,98,4.7,0.0,812.1
2017-09-03 01:00:00,17.3,98,5.8,0.0,812.3
2017-09-03 02:00:00,18.5,89,1.1,0.0,812.3
2017-09-03 03:00:00,17.5,97,3.3,0.0,811.5
2017-09-03 04:00:00,18.0,92,2.6,0.0,812.1
2017-09-03 05:00:00,17.5,98,2.9,0.0,811.6
2017-09-03 06:00:00,17.3,97,2.5,0.0,811.7
2017-09-03 07:00:00,16.8,98,4.1,0.0,811.7
2017-09-03 08:00:00,17.9,96,1.9,37.0,812.8
2017-09-03 09:00:00,18.8,94,2.6,144.0,814.0
2017-09-03 10:00:00,19.8,92,4.9,266.0,814.6
2017-09-03 11:00:00,21.0,88,5.5,408.0,814.9
2017-09-03 12:00:00,22.6,82,7.6,612.0,814.8
2017-09-03 13:00:00,23.3,76,11.6,607.0,814.5
2017-09-03 14:00:00,22.9,72,10.1,664.0,813.4
2017-09-03 15:00:00,23.3,74,9.3,665.0,812.7
2017-09-03 16:00:00,22.4,74,10.8,393.0,812.0
2017-09-03 17:00:00,20.9,84,8.7,184.0,811.5
2017-09-03 18:00:00,21.2,85,5.8,159.0,811.6
2017-09-03 19:00:00,20.6,89,5.8,77.0,812.0
2017-09-03 20:00:00,19.1,97,5.5,4.0,812.2
2017-09-03 21:00:00,18.4,95,4.8,0.0,812.2
2017-09-03 22:00:00,17.8,97,5.2,0.0,812.7
2017-09-03 23:00:00,17.9,98,4.3,0.0,813.1
2017-09-04 00:00:00,17.4,97,4.3,0.0,813.2
2017-09-04 01:00:00,16.8,99,3.7,0.0,813.2
2017-09-04 02:00:00,17.2,98,2.3,0.0,813.3
2017-09-04 03:00:00,17.5,98,1.5,0.0,812.9
2017-09-04 04:00:00,17.7,98,1.9,0.0,812.8
2017-09-04 05:00:00,17.7,96,2.6,0.0,812.8
2017-09-04 06:00:00,18.0,92,2.6,0.0,813.0
2017-09-04 07:00:00,17.4,97,3.3,0.0,813.0
2017-09-04 08:00:00,18.3,94,1.9,21.0,813.1
2017-09-04 09:00:00,19.5,90,8.1,172.0,814.0
2017-09-04 10:00:00,20.6,82,10.0,304.0,814.7
2017-09-04 11:00:00,22.0,74,10.2,518.0,815.1
2017-09-04 12:00:00,23.3,68,10.7,639.0,815.0
2017-09-04 13:00:00,23.9,65,11.0,627.0,814.7
2017-09-04 14:00:00,24.3,65,10.5,676.0,813.8
2017-09-04 15:00:00,24.5,68,11.2,674.0,812.7
2017-09-04 16:00:00,22.4,77,10.8,518.0,812.0
2017-09-04 17:00:00,21.8,80,9.8,245.0,811.4
2017-09-04 18:00:00,22.0,78,11.4,200.0,811.3
2017-09-04 19:00:00,20.7,85,7.2,83.0,811.3
2017-09-04 20:00:00,19.8,88,6.5,4.0,811.1
2017-09-04 21:00:00,19.9,89,9.4,0.0,812.5
2017-09-04 22:00:00,19.3,92,8.3,0.0,813.4
2017-09-04 23:00:00,19.0,93,6.5,0.0,813.5
2017-09-05 00:00:00,18.6,93,8.1,0.0,813.6
2017-09-05 01:00:00,18.4,96,6.2,0.0,813.7
2017-09-05 02:00:00,19.1,92,3.7,0.0,813.5
2017-09-05 03:00:00,18.8,94,1.4,0.0,813.0
2017-09-05 04:00:00,18.4,91,3.1,0.0,812.5
2017-09-05 05:00:00,17.7,98,3.4,0.0,812.5
2017-09-05 06:00:00,18.3,95,4.8,0.0,813.0
2017-09-05 07:00:00,18.2,97,3.2,0.0,813.2
2017-09-05 08:00:00,18.7,94,3.7,20.0,813.7
2017-09-05 09:00:00,20.0,91,6.5,200.0,814.9
2017-09-05 10:00:00,21.3,89,5.9,421.0,815.7
2017-09-05 11:00:00,22.2,85,9.0,474.0,816.3
2017-09-05 12:00:00,22.9,79,10.4,603.0,816.0
2017-09-05 13:00:00,23.4,73,9.4,535.0,815.3
2017-09-05 14:00:00,22.9,74,8.3,495.0,814.1
2017-09-05 15:00:00,21.7,80,10.8,426.0,813.3
2017-09-05 16:00:00,22.6,77,8.0,490.0,812.8
2017-09-05 17:00:00,22.4,77,6.4,294.0,812.3
2017-09-05 18:00:00,22.0,80,6.4,191.0,812.5
2017-09-05 19:00:00,20.5,86,8.7,78.0,812.9
2017-09-05 20:00:00,19.1,92,7.4,4.0,812.1
2017-09-05 21:00:00,19.2,92,4.6,0.0,813.0
2017-09-05 22:00:00,18.2,93,6.7,0.0,813.7
2017-09-05 23:00:00,17.3,98,4.0,0.0,814.0
2017-09-06 00:00:00,17.8,98,6.5,0.0,814.7
2017-09-06 01:00:00,17.6,98,5.2,0.0,814.4
2017-09-06 02:00:00,17.7,98,3.5,0.0,814.4
2017-09-06 03:00:00,17.5,99,3.0,0.0,813.8
2017-09-06 04:00:00,17.5,99,5.0,0.0,813.6
2017-09-06 05:00:00,16.7,99,13.9,0.0,813.8
2017-09-06 06:00:00,16.2,91,9.7,0.0,813.8
2017-09-06 07:00:00,16.3,94,4.6,0.0,814.4
2017-09-06 08:00:00,15.5,93,8.9,43.0,814.2
2017-09-06 09:00:00,15.9,97,9.7,85.0,814.7
2017-09-06 10:00:00,16.5,95,8.8,110.0,815.9
2017-09-06 11:00:00,17.8,86,13.0,241.0,816.6
2017-09-06 12:00:00,19.3,79,16.1,421.0,816.8
2017-09-06 13:00:00,19.0,80,17.0,377.0,816.4
2017-09-06 14:00:00,19.4,76,17.0,335.0,815.8
2017-09-06 15:00:00,19.3,78,17.3,340.0,815.0
2017-09-06 16:00:00,20.2,73,15.4,391.0,814.4
2017-09-06 17:00:00,19.8,74,15.9,244.0,814.2
2017-09-06 18:00:00,19.4,76,13.9,151.0,814.2
2017-09-06 19:00:00,18.6,78,11.1,66.0,814.2
2017-09-06 20:00:00,18.1,78,8.7,3.0,814.4
2017-09-06 21:00:00,17.4,80,9.9,0.0,815.0
2017-09-06 22:00:00,17.2,81,8.7,0.0,815.7
2017-09-06 23:00:00,17.0,81,8.2,0.0,816.2
2017-09-07 00:00:00,16.4,84,6.3,0.0,815.9
2017-09-07 01:00:00,15.8,86,5.4,0.0,815.2
2017-09-07 02:00:00,16.1,85,4.6,0.0,815.2
2017-09-07 03:00:00,15.9,87,4.0,0.0,814.9
2017-09-07 04:00:00,15.9,88,3.8,0.0,814.7
2017-09-07 05:00:00,15.5,90,5.0,0.0,814.6
2017-09-07 06:00:00,15.0,91,6.4,0.0,814.1
2017-09-07 07:00:00,14.6,93,4.5,0.0,814.2
2017-09-07 08:00:00,16.0,85,5.5,49.0,815.7
2017-09-07 09:00:00,17.1,80,7.0,155.0,816.5
2017-09-07 10:00:00,18.5,75,9.9,304.0,817.3
2017-09-07 11:00:00,20.1,71,8.7,478.0,817.5
2017-09-07 12:00:00,20.9,68,8.8,510.0,817.4
2017-09-07 13:00:00,19.9,76,10.6,275.0,816.5
2017-09-07 14:00:00,20.2,75,8.3,364.0,815.9
2017-09-07 15:00:00,22.1,67,6.8,716.0,815.4
2017-09-07 16:00:00,22.1,67,8.9,550.0,814.5
2017-09-07 17:00:00,21.5,70,7.7,258.0,813.7
2017-09-07 18:00:00,21.1,72,6.1,278.0,813.4
2017-09-07 19:00:00,19.8,81,4.3,103.0,813.1
2017-09-07 20:00:00,18.5,85,4.4,4.0,813.5
2017-09-07 21:00:00,17.4,90,5.2,0.0,813.5
2017-09-07 22:00:00,17.4,91,5.2,0.0,814.2
2017-09-07 23:00:00,17.7,92,6.1,0.0,815.2
2017-09-08 00:00:00,17.5,93,5.8,0.0,815.4
2017-09-08 01:00:00,17.1,94,5.4,0.0,815.3
2017-09-08 02:00:00,17.0,94,5.0,0.0,814.8
2017-09-08 03:00:00,16.9,98,4.7,0.0,814.5
2017-09-08 04:00:00,16.8,98,4.0,0.0,814.0
2017-09-08 05:00:00,16.8,98,4.1,0.0,814.0
2017-09-08 06:00:00,16.7,98,4.2,0.0,813.8
2017-09-08 07:00:00,16.8,98,4.0,0.0,814.1
2017-09-08 08:00:00,17.3,95,6.0,22.0,814.9
2017-09-08 09:00:00,17.5,97,4.8,26.0,815.4
2017-09-08 10:00:00,18.4,90,7.9,135.0,816.1
2017-09-08 11:00:00,19.9,82,8.4,298.0,816.6
2017-09-08 12:00:00,21.6,76,9.3,519.0,816.6
2017-09-08 13:00:00,23.0,73,10.1,753.0,816.2
2017-09-08 14:00:00,22.8,76,11.3,669.0,815.0
2017-09-08 15:00:00,22.1,77,9.7,547.0,813.7
2017-09-08 16:00:00,22.4,72,10.0,500.0,813.2
2017-09-08 17:00:00,22.4,70,11.2,328.0,812.6
2017-09-08 18:00:00,21.1,77,10.8,181.0,812.3
2017-09-08 19:00:00,20.0,87,9.3,54.0,812.5
2017-09-08 20:00:00,19.2,91,8.0,2.0,812.3
2017-09-08 21:00:00,18.8,92,7.2,0.0,812.8
2017-09-08 22:00:00,18.5,93,8.0,0.0,813.0
2017-09-08 23:00:00,18.2,93,6.3,0.0,813.3
2017-09-09 00:00:00,18.0,93,6.5,0.0,813.5
2017-09-09 01:00:00,17.6,94,6.8,0.0,813.5
2017-09-09 02:00:00,16.2,98,7.4,0.0,812.3
2017-09-09 03:00:00,16.1,98,6.3,0.0,811.9
2017-09-09 04:00:00,16.1,98,6.0,0.0,811.7
2017-09-09 05:00:00,17.3,94,6.6,0.0,811.9
2017-09-09 06:00:00,17.5,93,7.1,0.0,812.0
2017-09-09 07:00:00,17.6,94,6.4,0.0,812.1
2017-09-09 08:00:00,18.0,94,6.1,23.0,812.6
2017-09-09 09:00:00,18.8,94,7.5,104.0,813.5
2017-09-09 10:00:00,20.0,91,7.1,283.0,814.5
2017-09-09 11:00:00,21.0,88,9.7,421.0,814.9
2017-09-09 12:00:00,20.8,87,8.4,369.0,814.7
2017-09-09 13:00:00,22.3,85,8.7,581.0,814.3
2017-09-09 14:00:00,23.1,82,9.5,626.0,813.2
2017-09-09 15:00:00,23.1,77,10.7,613.0,812.4
2017-09-09 16:00:00,22.7,75,10.5,470.0,811.5
2017-09-09 17:00:00,20.9,79,10.3,286.0,810.8
2017-09-09 18:00:00,20.8,84,8.7,154.0,811.1
2017-09-09 19:00:00,20.1,88,6.9,68.0,811.2
2017-09-09 20:00:00,18.4,97,11.4,2.0,811.8
2017-09-09 21:00:00,17.8,98,4.8,0.0,811.8
2017-09-09 22:00:00,17.5,98,5.4,0.0,811.9
2017-09-09 23:00:00,17.2,98,5.6,0.0,812.1
2017-09-10 00:00:00,16.5,98,7.2,0.0,812.0
2017-09-10 01:00:00,16.4,97,7.2,0.0,812.1
2017-09-10 02:00:00,17.3,98,3.4,0.0,812.6
2017-09-10 03:00:00,17.8,96,2.3,0.0,812.8
2017-09-10 04:00:00,17.4,97,2.9,0.0,812.8
2017-09-10 05:00:00,17.4,98,1.1,0.0,812.6
2017-09-10 06:00:00,17.0,96,2.2,0.0,812.5
2017-09-10 07:00:00,17.1,98,2.5,0.0,813.1
2017-09-10 08:00:00,17.3,94,7.1,16.0,814.3
2017-09-10 09:00:00,17.6,97,10.2,56.0,814.9
2017-09-10 10:00:00,17.8,95,12.3,87.0,815.8
2017-09-10 11:00:00,17.3,95,12.3,138.0,815.8
2017-09-10 12:00:00,17.9,83,17.1,263.0,815.9
2017-09-10 13:00:00,19.2,69,20.1,486.0,816.1
2017-09-10 14:00:00,20.1,63,21.6,657.0,816.0
2017-09-10 15:00:00,19.3,62,18.6,390.0,815.4
2017-09-10 16:00:00,18.7,64,12.0,158.0,814.9
2017-09-10 17:00:00,18.3,66,10.7,120.0,815.0
2017-09-10 18:00:00,17.7,67,11.3,65.0,815.1
2017-09-10 19:00:00,17.6,63,12.1,33.0,815.5
2017-09-10 20:00:00,15.8,67,9.0,1.0,815.1
2017-09-10 21:00:00,15.9,63,7.4,0.0,815.9
2017-09-10 22:00:00,15.3,64,5.9,0.0,816.1
2017-09-10 23:00:00,15.8,64,5.5,0.0,816.6
2017-09-11 00:00:00,15.4,74,4.9,0.0,816.2
2017-09-11 01:00:00,16.8,58,3.3,0.0,817.0
2017-09-11 02:00:00,16.7,58,2.6,0.0,816.6
2017-09-11 03:00:00,15.2,75,3.4,0.0,815.5
2017-09-11 04:00:00,15.1,75,3.4,0.0,815.1
2017-09-11 05:00:00,15.3,74,3.6,0.0,815.1
2017-09-11 06:00:00,15.3,74,3.6,0.0,815.1
2017-09-11 07:00:00,15.2,74,4.0,0.0,815.3
2017-09-11 08:00:00,15.3,72,4.0,16.0,816.4
2017-09-11 09:00:00,15.7,68,4.1,27.0,817.2
2017-09-11 10:00:00,15.9,69,4.0,78.0,817.5
2017-09-11 11:00:00,16.6,61,5.5,123.0,818.1
2017-09-11 12:00:00,17.5,52,6.8,206.0,818.0
2017-09-11 13:00:00,18.7,48,8.4,330.0,818.2
2017-09-11 14:00:00,20.0,44,8.9,475.0,817.7
2017-09-11 15:00:00,20.8,42,8.6,478.0,817.3
2017-09-11 16:00:00,21.5,41,9.4,534.0,816.9
2017-09-11 17:00:00,21.3,45,8.3,401.0,816.4
2017-09-11 18:00:00,20.7,56,4.6,246.0,816.1
2017-09-11 19:00:00,18.2,73,6.1,81.0,814.6
2017-09-11 20:00:00,18.3,63,5.2,2.0,815.4
2017-09-11 21:00:00,19.5,52,2.2,0.0,816.9
2017-09-11 22:00:00,17.5,62,1.8,0.0,816.3
2017-09-11 23:00:00,16.1,69,4.0,0.0,815.8
2017-09-12 00:00:00,13.8,79,5.8,0.0,814.7
2017-09-12 01:00:00,14.2,76,5.5,0.0,815.4
2017-09-12 02:00:00,14.3,77,5.3,0.0,815.7
2017-09-12 03:00:00,14.2,80,5.3,0.0,815.6
2017-09-12 04:00:00,13.5,86,5.7,0.0,815.0
2017-09-12 05:00:00,13.4,89,5.2,0.0,815.1
2017-09-12 06:00:00,13.6,90,4.4,0.0,815.4
2017-09-12 07:00:00,13.5,91,4.0,0.0,815.6
2017-09-12 08:00:00,15.7,85,4.5,54.0,817.6
2017-09-12 09:00:00,17.5,76,6.2,216.0,819.2
2017-09-12 10:00:00,19.1,70,7.7,428.0,819.8
2017-09-12 11:00:00,20.3,64,7.1,590.0,820.4
2017-09-12 12:00:00,21.4,61,7.4,738.0,820.2
2017-09-12 13:00:00,22.5,56,8.1,830.0,819.5
2017-09-12 14:00:00,23.3,52,8.9,860.0,818.7
2017-09-12 15:00:00,23.2,52,10.2,615.0,817.4
2017-09-12 16:00:00,22.4,57,11.0,293.0,816.6
2017-09-12 17:00:00,22.5,57,10.9,304.0,816.3
2017-09-12 18:00:00,21.9,61,9.4,271.0,816.0
2017-09-12 19:00:00,20.1,67,10.0,88.0,815.8
2017-09-12 20:00:00,19.3,75,6.6,2.0,815.7
2017-09-12 21:00:00,19.3,76,8.0,0.0,816.6
2017-09-12 22:00:00,18.5,85,10.7,0.0,817.9
2017-09-12 23:00:00,17.5,91,5.2,0.0,817.5
2017-09-13 00:00:00,16.8,91,5.0,0.0,817.8
2017-09-13 01:00:00,16.4,94,4.2,0.0,817.5
2017-09-13 02:00:00,15.8,96,4.7,0.0,816.8
2017-09-13 03:00:00,15.3,97,4.7,0.0,816.3
2017-09-13 04:00:00,14.9,97,4.8,0.0,815.9
2017-09-13 05:00:00,14.6,98,5.3,0.0,815.7
2017-09-13 06:00:00,14.9,98,5.1,0.0,815.8
2017-09-13 07:00:00,15.7,96,3.6,0.0,816.5
2017-09-13 08:00:00,16.2,96,4.0,37.0,817.4
2017-09-13 09:00:00,17.2,94,4.4,106.0,818.1
2017-09-13 10:00:00,18.5,93,4.8,253.0,818.9
2017-09-13 11:00:00,19.2,91,4.9,252.0,819.3
2017-09-13 12:00:00,20.5,85,6.2,500.0,819.1
2017-09-13 13:00:00,21.7,76,6.8,740.0,818.8
2017-09-13 14:00:00,22.4,67,7.2,758.0,817.8
2017-09-13 15:00:00,22.8,63,5.4,731.0,816.6
2017-09-13 16:00:00,23.0,61,4.8,590.0,815.9
2017-09-13 17:00:00,21.5,68,14.3,401.0,815.7
2017-09-13 18:00:00,20.5,78,9.8,179.0,815.6
2017-09-13 19:00:00,19.3,87,7.5,50.0,815.7
2017-09-13 20:00:00,18.2,91,4.5,1.0,815.5
2017-09-13 21:00:00,16.7,96,5.5,0.0,815.3
2017-09-13 22:00:00,17.0,93,4.7,0.0,816.3
2017-09-13 23:00:00,16.9,94,3.3,0.0,816.9
2017-09-14 00:00:00,16.8,94,5.4,0.0,817.3
2017-09-14 01:00:00,16.9,94,6.4,0.0,817.5
2017-09-14 02:00:00,16.7,96,5.8,0.0,817.1
2017-09-14 03:00:00,16.6,98,2.7,0.0,816.8
2017-09-14 04:00:00,16.5,99,4.3,0.0,816.4
2017-09-14 05:00:00,16.1,99,3.4,0.0,816.0
2017-09-14 06:00:00,16.0,99,2.3,0.0,815.8
2017-09-14 07:00:00,16.3,98,3.2,0.0,816.0
2017-09-14 08:00:00,16.5,96,3.7,5.0,816.6
2017-09-14 09:00:00,17.5,90,3.9,126.0,817.3
2017-09-14 10:00:00,18.5,85,4.8,235.0,818.0
2017-09-14 11:00:00,19.9,84,3.6,472.0,818.5
2017-09-14 12:00:00,21.1,81,4.1,562.0,818.6
2017-09-14 13:00:00,21.5,81,4.8,573.0,817.7
2017-09-14 14:00:00,22.6,76,7.9,775.0,816.9
2017-09-14 15:00:00,22.8,70,10.0,754.0,816.0
2017-09-14 16:00:00,22.7,65,9.6,536.0,814.9
2017-09-14 17:00:00,22.1,67,10.5,394.0,814.8
2017-09-14 18:00:00,20.7,73,9.2,225.0,814.7
2017-09-14 19:00:00,19.0,85,3.8,52.0,814.5
2017-09-14 20:00:00,17.9,92,6.8,1.0,814.4
2017-09-14 21:00:00,18.4,88,5.4,0.0,815.6
2017-09-14 22:00:00,17.6,89,5.8,0.0,815.9
2017-09-14 23:00:00,17.7,88,7.5,0.0,816.7
2017-09-15 00:00:00,17.0,91,5.2,0.0,816.6
2017-09-15 01:00:00,16.5,93,5.2,0.0,816.5
2017-09-15 02:00:00,15.5,95,4.8,0.0,815.4
2017-09-15 03:00:00,15.1,97,4.5,0.0,814.9
2017-09-15 04:00:00,14.8,98,4.3,0.0,815.0
2017-09-15 05:00:00,14.8,98,6.6,0.0,815.3
2017-09-15 06:00:00,14.9,96,6.7,0.0,815.3
2017-09-15 07:00:00,14.9,96,7.4,0.0,815.6
2017-09-15 08:00:00,15.8,91,7.4,39.0,816.8
2017-09-15 09:00:00,17.5,81,11.5,225.0,817.8
2017-09-15 10:00:00,19.2,72,13.2,425.0,818.4
2017-09-15 11:00:00,20.2,66,13.3,489.0,818.6
2017-09-15 12:00:00,21.2,62,14.0,652.0,818.5
2017-09-15 13:00:00,22.0,59,14.6,710.0,818.0
2017-09-15 14:00:00,22.4,56,15.0,611.0,817.2
2017-09-15 15:00:00,22.7,56,15.2,572.0,816.2
2017-09-15 16:00:00,23.1,54,14.1,595.0,815.6
2017-09-15 17:00:00,22.6,57,14.0,468.0,815.2
2017-09-15 18:00:00,21.7,62,12.1,283.0,814.8
2017-09-15 19:00:00,19.6,70,10.1,86.0,814.9
2017-09-15 20:00:00,18.5,73,10.5,1.0,815.2
2017-09-15 21:00:00,17.6,78,12.2,0.0,815.5
2017-09-15 22:00:00,16.2,88,9.4,0.0,816.1
2017-09-15 23:00:00,14.9,92,5.4,0.0,815.9
2017-09-16 00:00:00,14.3,93,5.7,0.0,815.8
2017-09-16 01:00:00,14.9,93,6.5,0.0,816.0
2017-09-16 02:00:00,14.6,94,6.0,0.0,815.7
2017-09-16 03:00:00,14.6,94,6.4,0.0,815.4
2017-09-16 04:00:00,14.7,94,8.6,0.0,815.4
2017-09-16 05:00:00,14.8,93,9.0,0.0,815.4
2017-09-16 06:00:00,14.6,94,9.9,0.0,815.3
2017-09-16 07:00:00,14.6,94,11.7,0.0,815.5
2017-09-16 08:00:00,15.9,90,13.2,58.0,817.4
2017-09-16 09:00:00,17.5,80,18.3,140.0,818.3
2017-09-16 10:00:00,18.7,74,18.4,248.0,818.8
2017-09-16 11:00:00,19.2,74,15.1,212.0,819.0
2017-09-16 12:00:00,20.1,71,15.5,319.0,818.8
2017-09-16 13:00:00,20.9,68,14.8,450.0,818.4
2017-09-16 14:00:00,20.8,70,14.7,268.0,817.7
2017-09-16 15:00:00,20.7,70,16.9,282.0,817.0
2017-09-16 16:00:00,21.2,70,18.5,522.0,816.4
2017-09-16 17:00:00,20.5,73,16.9,334.0,816.1
2017-09-16 18:00:00,19.8,76,12.7,178.0,815.9
2017-09-16 19:00:00,18.9,80,10.3,60.0,816.0
2017-09-16 20:00:00,17.2,88,7.5,1.0,816.2
2017-09-16 21:00:00,17.0,90,6.3,0.0,816.7
2017-09-16 22:00:00,17.1,90,7.3,0.0,817.5
2017-09-16 23:00:00,16.7,92,4.7,0.0,817.5
2017-09-17 00:00:00,16.6,93,4.0,0.0,817.5
2017-09-17 01:00:00,15.5,96,5.1,0.0,817.1
2017-09-17 02:00:00,15.9,96,3.6,0.0,817.0
2017-09-17 03:00:00,16.2,95,2.9,0.0,817.1
2017-09-17 04:00:00,15.9,97,3.4,0.0,816.8
2017-09-17 05:00:00,15.2,98,4.2,0.0,816.2
2017-09-17 06:00:00,14.4,99,4.7,0.0,815.7
2017-09-17 07:00:00,14.5,100,3.3,0.0,816.2
2017-09-17 08:00:00,16.4,94,3.4,33.0,817.8
2017-09-17 09:00:00,17.9,84,3.1,194.0,818.9
2017-09-17 10:00:00,19.2,77,7.2,341.0,819.8
2017-09-17 11:00:00,19.9,76,9.5,413.0,820.1
2017-09-17 12:00:00,20.8,71,9.4,471.0,820.0
2017-09-17 13:00:00,21.9,66,10.6,630.0,819.6
2017-09-17 14:00:00,22.6,65,9.8,675.0,818.9
2017-09-17 15:00:00,23.3,65,9.8,790.0,818.1
2017-09-17 16:00:00,23.2,65,9.5,645.0,817.2
2017-09-17 17:00:00,22.9,63,9.9,509.0,816.4
2017-09-17 18:00:00,22.1,68,7.9,286.0,816.0
2017-09-17 19:00:00,19.6,80,5.4,89.0,814.8
2017-09-17 20:00:00,17.8,88,7.6,1.0,815.0
2017-09-17 21:00:00,16.9,91,5.1,0.0,815.1
2017-09-17 22:00:00,15.9,93,5.4,0.0,815.1
2017-09-17 23:00:00,15.5,94,6.0,0.0,815.4
2017-09-18 00:00:00,15.1,94,6.9,0.0,815.3
2017-09-18 01:00:00,15.1,94,6.5,0.0,815.2
2017-09-18 02:00:00,14.8,95,6.6,0.0,814.9
2017-09-18 03:00:00,14.5,97,6.0,0.0,814.5
2017-09-18 04:00:00,14.0,98,5.4,0.0,814.1
2017-09-18 05:00:00,14.2,98,3.4,0.0,813.9
2017-09-18 06:00:00,14.6,98,2.4,0.0,814.2
2017-09-18 07:00:00,14.6,99,3.6,0.0,814.7
2017-09-18 08:00:00,16.0,97,4.2,42.0,816.0
2017-09-18 09:00:00,18.0,89,6.5,128.0,817.4
2017-09-18 10:00:00,20.3,77,12.0,299.0,818.5
2017-09-18 11:00:00,21.8,68,13.5,452.0,818.6
2017-09-18 12:00:00,22.4,66,13.2,413.0,818.2
2017-09-18 13:00:00,22.8,64,12.2,429.0,817.6
2017-09-18 14:00:00,23.8,60,13.1,655.0,817.0
2017-09-18 15:00:00,24.1,59,14.6,681.0,815.9
2017-09-18 16:00:00,24.1,59,13.5,564.0,814.9
2017-09-18 17:00:00,23.8,60,13.0,423.0,814.4
2017-09-18 18:00:00,22.8,67,11.1,262.0,813.9
2017-09-18 19:00:00,20.8,76,7.4,76.0,813.3
2017-09-18 20:00:00,19.1,83,8.1,1.0,813.1
2017-09-18 21:00:00,18.8,83,6.2,0.0,814.1
2017-09-18 22:00:00,17.8,88,6.5,0.0,814.1
2017-09-18 23:00:00,16.9,89,7.7,0.0,813.6
2017-09-19 00:00:00,16.8,89,7.0,0.0,813.6
2017-09-19 01:00:00,16.0,91,8.7,0.0,813.2
2017-09-19 02:00:00,15.7,92,8.1,0.0,813.2
2017-09-19 03:00:00,15.3,93,8.3,0.0,812.5
2017-09-19 04:00:00,15.5,93,7.0,0.0,812.8
2017-09-19 05:00:00,15.2,94,7.3,0.0,812.5
2017-09-19 06:00:00,15.1,96,7.6,0.0,812.7
2017-09-19 07:00:00,17.0,93,5.8,0.0,814.2
2017-09-19 08:00:00,17.4,94,5.8,59.0,814.5
2017-09-19 09:00:00,19.6,83,11.3,219.0,816.1
2017-09-19 10:00:00,20.9,76,14.1,326.0,817.0
2017-09-19 11:00:00,22.5,68,13.2,514.0,817.5
2017-09-19 12:00:00,23.3,65,12.6,533.0,817.2
2017-09-19 13:00:00,24.2,62,12.7,777.0,816.8
2017-09-19 14:00:00,24.7,60,13.0,730.0,815.9
2017-09-19 15:00:00,24.9,58,13.0,681.0,815.0
2017-09-19 16:00:00,24.1,60,15.0,542.0,814.0
2017-09-19 17:00:00,23.5,67,12.4,383.0,813.9
2017-09-19 18:00:00,22.5,72,8.8,235.0,813.9
2017-09-19 19:00:00,20.3,82,5.1,69.0,813.6
2017-09-19 20:00:00,19.1,87,8.8,0.0,813.0
2017-09-19 21:00:00,19.1,86,6.9,0.0,813.8
2017-09-19 22:00:00,17.9,91,7.9,0.0,813.9
2017-09-19 23:00:00,17.4,93,8.0,0.0,813.9
2017-09-20 00:00:00,19.3,87,4.7,0.0,815.5
2017-09-20 01:00:00,17.9,91,6.3,0.0,815.0
2017-09-20 02:00:00,16.5,95,4.0,0.0,814.0
2017-09-20 03:00:00,16.2,95,5.1,0.0,813.9
2017-09-20 04:00:00,15.5,97,5.0,0.0,813.6
2017-09-20 05:00:00,15.7,95,8.8,0.0,814.0
2017-09-20 06:00:00,15.8,95,4.2,0.0,814.5
2017-09-20 07:00:00,15.9,93,4.0,0.0,815.0
2017-09-20 08:00:00,16.8,95,4.4,47.0,815.4
2017-09-20 09:00:00,17.9,91,9.4,116.0,816.5
2017-09-20 10:00:00,17.9,94,10.4,199.0,817.2
2017-09-20 11:00:00,18.7,86,10.4,281.0,817.7
2017-09-20 12:00:00,19.2,81,9.3,261.0,817.4
2017-09-20 13:00:00,20.2,77,7.0,374.0,817.1
2017-09-20 14:00:00,21.8,73,7.2,557.0,816.6
2017-09-20 15:00:00,22.3,73,9.7,517.0,815.5
2017-09-20 16:00:00,21.0,78,13.4,502.0,814.8
2017-09-20 17:00:00,19.8,81,10.9,293.0,814.2
2017-09-20 18:00:00,18.9,91,3.9,119.0,814.3
2017-09-20 19:00:00,18.5,91,3.1,17.0,814.4
2017-09-20 20:00:00,17.7,96,4.7,0.0,814.3
2017-09-20 21:00:00,17.3,97,4.0,0.0,814.8
2017-09-20 22:00:00,17.4,97,3.7,0.0,815.4
2017-09-20 23:00:00,17.5,97,5.4,0.0,815.5
2017-09-21 00:00:00,17.4,97,5.6,0.0,815.8
2017-09-21 01:00:00,17.2,98,4.2,0.0,815.9
2017-09-21 02:00:00,16.9,98,6.1,0.0,815.4
2017-09-21 03:00:00,16.4,100,7.9,0.0,814.9
2017-09-21 04:00:00,16.6,99,5.2,0.0,814.5
2017-09-21 05:00:00,16.6,100,7.1,0.0,814.2
2017-09-21 06:00:00,16.6,100,7.9,0.0,814.4
2017-09-21 07:00:00,16.5,99,8.4,0.0,814.6
2017-09-21 08:00:00,16.4,99,6.2,16.0,814.9
2017-09-21 09:00:00,16.8,98,7.8,53.0,815.3
2017-09-21 10:00:00,16.8,98,9.8,70.0,815.8
2017-09-21 11:00:00,17.6,95,8.6,178.0,816.3
2017-09-21 12:00:00,18.7,94,7.9,207.0,816.5
2017-09-21 13:00:00,19.5,95,8.8,280.0,816.1
2017-09-21 14:00:00,19.9,84,9.9,271.0,815.1
2017-09-21 15:00:00,20.5,77,12.0,596.0,814.5
2017-09-21 16:00:00,20.7,75,9.5,417.0,813.7
2017-09-21 17:00:00,20.0,78,11.9,296.0,813.5
2017-09-21 18:00:00,19.7,80,9.1,126.0,813.4
2017-09-21 19:00:00,18.7,86,6.8,53.0,813.3
2017-09-21 20:00:00,17.4,94,6.1,0.0,813.3
2017-09-21 21:00:00,16.6,95,5.8,0.0,813.5
2017-09-21 22:00:00,16.0,96,5.8,0.0,813.7
2017-09-21 23:00:00,15.4,97,6.8,0.0,814.0
2017-09-22 00:00:00,16.0,96,5.2,0.0,814.7
2017-09-22 01:00:00,15.8,97,5.4,0.0,814.8
2017-09-22 02:00:00,16.2,98,5.0,0.0,814.7
2017-09-22 03:00:00,16.2,98,6.4,0.0,814.3
2017-09-22 04:00:00,16.2,96,7.3,0.0,814.4
2017-09-22 05:00:00,16.0,98,4.6,0.0,814.1
2017-09-22 06:00:00,16.2,94,5.2,0.0,814.3
2017-09-22 07:00:00,15.7,98,4.8,0.0,814.6
2017-09-22 08:00:00,16.5,97,7.1,21.0,815.6
2017-09-22 09:00:00,17.4,96,8.0,101.0,816.5
2017-09-22 10:00:00,18.2,94,7.4,147.0,817.4
2017-09-22 11:00:00,19.3,90,9.4,313.0,817.7
2017-09-22 12:00:00,20.6,79,11.2,507.0,817.5
2017-09-22 13:00:00,21.6,70,11.9,636.0,817.1
2017-09-22 14:00:00,21.8,67,13.8,542.0,815.9
2017-09-22 15:00:00,21.4,69,10.6,286.0,814.8
2017-09-22 16:00:00,22.5,63,8.3,464.0,814.5
2017-09-22 17:00:00,22.0,66,10.4,316.0,814.0
2017-09-22 18:00:00,21.2,73,11.3,202.0,814.0
2017-09-22 19:00:00,19.4,82,8.7,51.0,813.7
2017-09-22 20:00:00,18.3,89,8.4,0.0,813.3
2017-09-22 21:00:00,18.6,89,8.4,0.0,814.6
2017-09-22 22:00:00,17.8,93,6.3,0.0,815.0
2017-09-22 23:00:00,17.1,94,5.5,0.0,815.1
2017-09-23 00:00:00,16.7,95,5.0,0.0,815.2
2017-09-23 01:00:00,16.5,96,5.2,0.0,815.3
2017-09-23 02:00:00,16.9,94,6.9,0.0,815.4
2017-09-23 03:00:00,16.6,96,7.2,0.0,815.1
2017-09-23 04:00:00,16.6,99,7.2,0.0,815.1
2017-09-23 05:00:00,16.7,97,8.4,0.0,815.1
2017-09-23 06:00:00,16.6,98,9.1,0.0,815.1
2017-09-23 07:00:00,16.6,97,8.2,0.0,815.6
2017-09-23 08:00:00,17.2,96,6.1,44.0,816.5
2017-09-23 09:00:00,18.6,88,11.5,202.0,817.5
2017-09-23 10:00:00,19.5,84,12.1,336.0,818.1
2017-09-23 11:00:00,20.7,77,13.1,461.0,818.7
2017-09-23 12:00:00,22.1,72,13.2,666.0,819.0
2017-09-23 13:00:00,22.8,66,14.5,696.0,818.3
2017-09-23 14:00:00,23.0,65,13.6,649.0,817.3
2017-09-23 15:00:00,23.5,62,13.0,565.0,816.3
2017-09-23 16:00:00,23.4,63,13.5,484.0,815.3
2017-09-23 17:00:00,22.9,66,13.0,367.0,815.0
2017-09-23 18:00:00,22.1,72,10.0,207.0,814.5
2017-09-23 19:00:00,20.5,77,7.8,63.0,813.7
2017-09-23 20:00:00,18.6,87,9.9,0.0,813.0
2017-09-23 21:00:00,18.8,87,5.6,0.0,813.9
2017-09-23 22:00:00,18.0,90,6.4,0.0,814.2
2017-09-23 23:00:00,18.2,90,6.4,0.0,815.0
2017-09-24 00:00:00,17.8,90,6.2,0.0,815.2
2017-09-24 01:00:00,17.5,90,6.2,0.0,815.2
2017-09-24 02:00:00,17.2,92,5.7,0.0,814.9
2017-09-24 03:00:00,16.6,94,5.7,0.0,814.2
2017-09-24 04:00:00,16.0,96,6.3,0.0,813.7
2017-09-24 05:00:00,15.9,97,5.9,0.0,813.5
2017-09-24 06:00:00,15.3,97,7.3,0.0,813.2
2017-09-24 07:00:00,17.1,93,5.2,0.0,814.3
2017-09-24 08:00:00,18.0,91,3.9,42.0,815.2
2017-09-24 09:00:00,18.8,89,9.6,104.0,815.7
2017-09-24 10:00:00,20.5,79,13.6,303.0,816.6
2017-09-24 11:00:00,21.9,71,13.6,461.0,816.8
2017-09-24 12:00:00,23.1,65,13.4,625.0,816.8
2017-09-24 13:00:00,24.0,61,14.3,697.0,816.3
2017-09-24 14:00:00,24.4,59,14.5,709.0,815.6
2017-09-24 15:00:00,24.6,59,14.3,622.0,814.8
2017-09-24 16:00:00,24.6,59,12.8,557.0,813.9
2017-09-24 17:00:00,24.1,62,11.0,375.0,813.2
2017-09-24 18:00:00,23.1,71,7.5,221.0,812.7
2017-09-24 19:00:00,20.4,82,5.4,61.0,811.4
2017-09-24 20:00:00,19.2,87,8.4,0.0,811.2
2017-09-24 21:00:00,18.8,87,6.3,0.0,811.6
2017-09-24 22:00:00,18.0,90,7.0,0.0,811.6
2017-09-24 23:00:00,17.0,94,8.4,0.0,811.7
2017-09-25 00:00:00,16.7,94,8.4,0.0,812.0
2017-09-25 01:00:00,16.1,95,8.6,0.0,812.0
2017-09-25 02:00:00,16.2,96,8.3,0.0,811.9
2017-09-25 03:00:00,16.2,96,7.6,0.0,811.7
2017-09-25 04:00:00,16.0,97,7.2,0.0,811.6
2017-09-25 05:00:00,15.8,96,7.6,0.0,811.7
2017-09-25 06:00:00,15.9,97,6.5,0.0,811.8
2017-09-25 07:00:00,16.2,97,5.9,0.0,812.1
2017-09-25 08:00:00,18.2,94,3.9,50.0,814.0
2017-09-25 09:00:00,19.5,89,7.1,168.0,815.0
2017-09-25 10:00:00,20.5,84,7.1,353.0,815.4
2017-09-25 11:00:00,22.0,75,5.9,482.0,815.6
2017-09-25 12:00:00,23.3,68,5.6,634.0,815.6
2017-09-25 13:00:00,24.3,64,5.9,732.0,815.1
2017-09-25 14:00:00,24.6,62,6.9,718.0,814.4
2017-09-25 15:00:00,24.6,63,7.6,639.0,813.7
2017-09-25 16:00:00,24.4,63,9.5,457.0,813.2
2017-09-25 17:00:00,23.8,65,10.7,366.0,812.7
2017-09-25 18:00:00,22.9,72,7.2,211.0,812.3
2017-09-25 19:00:00,20.0,85,7.2,59.0,810.9
2017-09-25 20:00:00,19.4,85,9.2,0.0,811.3
2017-09-25 21:00:00,18.5,89,7.6,0.0,811.6
2017-09-25 22:00:00,19.3,88,5.5,0.0,813.1
2017-09-25 23:00:00,18.9,91,5.5,0.0,813.6
2017-09-26 00:00:00,17.4,95,6.3,0.0,813.5
2017-09-26 01:00:00,17.4,96,4.6,0.0,813.9
2017-09-26 02:00:00,17.3,97,4.7,0.0,813.8
2017-09-26 03:00:00,17.6,99,4.0,0.0,813.8
2017-09-26 04:00:00,17.5,98,6.0,0.0,813.7
2017-09-26 05:00:00,17.4,99,4.3,0.0,814.0
2017-09-26 06:00:00,17.1,98,4.8,0.0,813.8
2017-09-26 07:00:00,17.2,94,5.9,0.0,813.9
2017-09-26 08:00:00,17.5,96,7.1,36.0,814.7
2017-09-26 09:00:00,18.8,88,9.7,200.0,816.4
2017-09-26 10:00:00,20.0,86,7.3,327.0,817.3
2017-09-26 11:00:00,21.2,81,9.4,427.0,817.4
2017-09-26 12:00:00,22.0,75,10.5,493.0,816.9
2017-09-26 13:00:00,21.8,75,15.5,613.0,817.1
2017-09-26 14:00:00,21.2,78,12.8,453.0,816.3
2017-09-26 15:00:00,22.0,74,10.5,451.0,815.6
2017-09-26 16:00:00,22.5,73,12.0,470.0,814.9
2017-09-26 17:00:00,21.4,76,13.2,319.0,814.5
2017-09-26 18:00:00,20.9,84,10.0,159.0,814.5
2017-09-26 19:00:00,19.5,85,9.4,44.0,814.4
2017-09-26 20:00:00,18.2,94,6.3,0.0,814.3
2017-09-26 21:00:00,18.8,88,7.6,0.0,815.5
2017-09-26 22:00:00,17.9,96,7.9,0.0,815.6
2017-09-26 23:00:00,17.4,97,9.3,0.0,815.8
2017-09-27 00:00:00,17.4,98,8.3,0.0,815.9
2017-09-27 01:00:00,17.4,98,9.6,0.0,816.2
2017-09-27 02:00:00,17.0,97,7.5,0.0,815.8
2017-09-27 03:00:00,16.8,97,5.9,0.0,815.5
2017-09-27 04:00:00,16.6,98,5.5,0.0,815.4
2017-09-27 05:00:00,16.5,98,5.4,0.0,815.3
2017-09-27 06:00:00,17.2,97,5.9,0.0,815.7
2017-09-27 07:00:00,16.6,98,5.6,0.0,815.7
2017-09-27 08:00:00,17.7,96,6.3,43.0,816.8
2017-09-27 09:00:00,18.9,88,10.3,206.0,817.9
2017-09-27 10:00:00,20.0,81,11.9,373.0,818.8
2017-09-27 11:00:00,21.1,75,11.3,465.0,819.0
2017-09-27 12:00:00,22.4,70,10.5,608.0,818.7
2017-09-27 13:00:00,23.3,65,11.2,673.0,818.2
2017-09-27 14:00:00,23.9,62,12.7,690.0,817.5
2017-09-27 15:00:00,24.1,61,12.5,644.0,816.4
2017-09-27 16:00:00,24.1,60,11.9,550.0,815.5
2017-09-27 17:00:00,23.8,61,10.8,402.0,815.0
2017-09-27 18:00:00,23.0,67,7.4,222.0,814.6
2017-09-27 19:00:00,20.7,76,6.3,54.0,814.2
2017-09-27 20:00:00,19.2,83,6.9,0.0,814.3
2017-09-27 21:00:00,18.5,88,6.6,0.0,814.9
2017-09-27 22:00:00,17.7,90,7.9,0.0,815.3
2017-09-27 23:00:00,17.2,91,8.1,0.0,815.3
2017-09-28 00:00:00,19.4,84,6.1,0.0,816.6
2017-09-28 01:00:00,19.1,85,4.6,0.0,816.8
2017-09-28 02:00:00,18.6,87,2.8,0.0,816.4
2017-09-28 03:00:00,18.1,89,0.7,0.0,815.9
2017-09-28 04:00:00,17.5,92,0.7,0.0,815.5
2017-09-28 05:00:00,15.9,95,4.6,0.0,814.9
2017-09-28 06:00:00,15.5,97,6.3,0.0,815.5
2017-09-28 07:00:00,15.5,96,3.9,0.0,815.8
2017-09-28 08:00:00,16.1,98,5.9,38.0,816.5
2017-09-28 09:00:00,17.1,95,4.1,94.0,817.9
2017-09-28 10:00:00,18.1,92,6.3,202.0,818.9
2017-09-28 11:00:00,18.3,92,8.6,184.0,818.9
2017-09-28 12:00:00,17.7,92,10.0,222.0,818.2
2017-09-28 13:00:00,19.7,88,7.2,454.0,818.0
2017-09-28 14:00:00,20.3,84,6.5,406.0,817.0
2017-09-28 15:00:00,21.3,74,6.2,558.0,816.0
2017-09-28 16:00:00,21.4,72,6.9,507.0,815.5
2017-09-28 17:00:00,21.6,73,7.0,358.0,814.9
2017-09-28 18:00:00,19.7,81,7.3,196.0,814.8
2017-09-28 19:00:00,17.9,89,6.2,50.0,814.8
2017-09-28 20:00:00,17.3,97,7.9,0.0,814.0
2017-09-28 21:00:00,16.7,97,7.0,0.0,814.6
2017-09-28 22:00:00,16.4,97,6.0,0.0,815.1
2017-09-28 23:00:00,17.1,97,4.8,0.0,816.0
2017-09-29 00:00:00,17.2,98,5.4,0.0,816.4
2017-09-29 01:00:00,16.9,98,3.1,0.0,816.2
2017-09-29 02:00:00,16.9,98,6.5,0.0,816.3
2017-09-29 03:00:00,16.8,100,5.4,0.0,815.7
2017-09-29 04:00:00,17.0,99,4.7,0.0,815.6
2017-09-29 05:00:00,16.9,99,6.2,0.0,815.1
2017-09-29 06:00:00,16.3,98,7.4,0.0,815.0
2017-09-29 07:00:00,16.2,99,6.4,0.0,815.2
2017-09-29 08:00:00,17.2,95,8.7,26.0,816.2
2017-09-29 09:00:00,18.0,92,11.1,144.0,817.3
2017-09-29 10:00:00,19.1,87,11.8,310.0,818.1
2017-09-29 11:00:00,20.6,78,12.4,472.0,818.8
2017-09-29 12:00:00,21.8,71,12.7,548.0,818.8
2017-09-29 13:00:00,22.9,65,11.6,664.0,818.3
2017-09-29 14:00:00,23.3,63,12.7,698.0,817.3
2017-09-29 15:00:00,23.0,66,10.7,626.0,816.2
2017-09-29 16:00:00,22.4,68,13.4,498.0,815.3
2017-09-29 17:00:00,20.4,81,14.7,349.0,815.2
2017-09-29 18:00:00,20.5,81,11.0,166.0,815.1
2017-09-29 19:00:00,19.4,85,8.1,34.0,815.6
2017-09-29 20:00:00,17.1,97,8.1,0.0,815.3
2017-09-29 21:00:00,17.0,97,6.8,0.0,815.6
2017-09-29 22:00:00,16.3,97,7.8,0.0,815.3
2017-09-29 23:00:00,15.5,98,8.9,0.0,815.5
2017-09-30 00:00:00,15.0,98,8.9,0.0,815.2
2017-09-30 01:00:00,15.7,97,7.6,0.0,815.6
2017-09-30 02:00:00,15.4,94,7.6,0.0,815.5
2017-09-30 03:00:00,14.6,97,8.9,0.0,814.6
2017-09-30 04:00:00,14.3,98,9.5,0.0,814.2
2017-09-30 05:00:00,14.1,99,8.8,0.0,813.9
2017-09-30 06:00:00,14.9,99,6.5,0.0,814.7
2017-09-30 07:00:00,15.4,99,6.5,0.0,815.5
2017-09-30 08:00:00,16.8,96,8.3,50.0,817.3
2017-09-30 09:00:00,18.0,98,10.1,195.0,818.5
2017-09-30 10:00:00,19.3,92,9.7,357.0,819.2
2017-09-30 11:00:00,20.9,80,10.2,541.0,819.9
2017-09-30 12:00:00,22.0,70,11.9,606.0,819.5
2017-09-30 13:00:00,23.1,63,13.1,678.0,818.9
2017-09-30 14:00:00,23.7,60,13.4,739.0,818.0
2017-09-30 15:00:00,23.9,58,13.1,628.0,816.8
2017-09-30 16:00:00,23.8,58,12.9,509.0,815.8
2017-09-30 17:00:00,23.5,60,13.7,407.0,815.5
2017-09-30 18:00:00,22.1,69,10.3,196.0,815.2
2017-09-30 19:00:00,20.1,77,7.5,53.0,814.5
2017-09-30 20:00:00,19.2,81,6.6,0.0,814.5
2017-09-30 21:00:00,18.0,87,5.9,0.0,814.2
2017-09-30 22:00:00,16.6,91,7.6,0.0,814.0
2017-09-30 23:00:00,16.5,92,7.2,0.0,814.5
2017-10-01 00:00:00,16.8,93,6.0,0.0,815.0
2017-10-01 01:00:00,17.0,93,6.2,0.0,815.2
2017-10-01 02:00:00,16.9,94,6.3,0.0,815.0
2017-10-01 03:00:00,16.4,94,6.0,0.0,814.4
2017-10-01 04:00:00,16.8,94,6.6,0.0,814.6
2017-10-01 05:00:00,16.8,94,8.2,0.0,814.6
2017-10-01 06:00:00,17.0,94,9.3,0.0,814.8
2017-10-01 07:00:00,17.4,94,9.0,0.0,815.2
2017-10-01 08:00:00,17.7,92,9.4,20.0,816.0
2017-10-01 09:00:00,18.6,87,13.0,139.0,816.8
2017-10-01 10:00:00,20.4,76,14.6,358.0,817.7
2017-10-01 11:00:00,21.7,68,15.9,443.0,817.9
2017-10-01 12:00:00,22.6,63,15.6,528.0,817.6
2017-10-01 13:00:00,23.4,58,15.5,585.0,817.1
2017-10-01 14:00:00,24.0,56,15.9,549.0,816.3
2017-10-01 15:00:00,23.7,58,15.9,487.0,815.3
2017-10-01 16:00:00,23.7,58,14.0,447.0,814.3
2017-10-01 17:00:00,23.5,59,11.8,384.0,813.8
2017-10-01 18:00:00,22.3,70,8.4,188.0,813.7
2017-10-01 19:00:00,18.9,85,7.6,47.0,812.5
2017-10-01 20:00:00,18.7,85,9.1,0.0,812.8
2017-10-01 21:00:00,19.1,81,6.6,0.0,813.9
2017-10-01 22:00:00,18.2,85,6.4,0.0,814.0
2017-10-01 23:00:00,18.1,85,6.8,0.0,814.5
2017-10-02 00:00:00,16.8,91,7.9,0.0,814.2
2017-10-02 01:00:00,16.2,95,8.3,0.0,813.8
2017-10-02 02:00:00,16.1,96,8.1,0.0,813.5
2017-10-02 03:00:00,16.5,95,7.3,0.0,813.6
2017-10-02 04:00:00,17.9,94,5.4,0.0,814.4
2017-10-02 05:00:00,17.6,95,5.1,0.0,814.3
2017-10-02 06:00:00,15.1,97,7.9,0.0,813.1
2017-10-02 07:00:00,15.0,100,6.8,0.0,813.9
2017-10-02 08:00:00,17.6,92,6.5,17.0,816.0
2017-10-02 09:00:00,18.1,93,4.5,87.0,817.0
2017-10-02 10:00:00,18.7,92,6.2,139.0,817.6
2017-10-02 11:00:00,19.8,89,6.9,281.0,818.1
2017-10-02 12:00:00,20.5,85,8.0,370.0,817.9
2017-10-02 13:00:00,21.2,77,7.2,487.0,817.2
2017-10-02 14:00:00,20.5,75,6.6,446.0,815.8
2017-10-02 15:00:00,21.4,68,4.4,436.0,814.7
2017-10-02 16:00:00,21.4,71,7.2,352.0,814.6
2017-10-02 17:00:00,20.3,84,9.4,213.0,814.1
2017-10-02 18:00:00,18.5,94,9.2,53.0,814.0
2017-10-02 19:00:00,18.7,91,3.9,20.0,814.7
2017-10-02 20:00:00,18.0,91,7.3,0.0,814.4
2017-10-02 21:00:00,18.1,92,4.1,0.0,815.2
2017-10-02 22:00:00,17.1,94,5.6,0.0,815.3
2017-10-02 23:00:00,15.4,98,9.0,0.0,814.9
2017-10-03 00:00:00,16.2,94,3.1,0.0,816.1
2017-10-03 01:00:00,15.7,99,2.8,0.0,816.4
2017-10-03 02:00:00,16.0,98,3.1,0.0,816.1
2017-10-03 03:00:00,16.2,98,2.7,0.0,816.2
2017-10-03 04:00:00,16.2,98,2.5,0.0,816.2
2017-10-03 05:00:00,16.0,98,2.5,0.0,816.1
2017-10-03 06:00:00,15.9,98,3.1,0.0,816.3
2017-10-03 07:00:00,15.8,99,4.1,0.0,816.5
2017-10-03 08:00:00,16.4,98,4.4,18.0,817.0
2017-10-03 09:00:00,17.6,96,3.9,140.0,818.3
2017-10-03 10:00:00,18.7,95,5.2,229.0,819.1
2017-10-03 11:00:00,19.7,92,7.2,354.0,820.0
2017-10-03 12:00:00,20.7,84,10.5,566.0,819.7
2017-10-03 13:00:00,21.4,74,10.9,699.0,818.9
2017-10-03 14:00:00,22.1,67,10.5,679.0,817.9
2017-10-03 15:00:00,22.4,65,9.8,660.0,816.7
2017-10-03 16:00:00,22.3,65,10.6,511.0,816.3
2017-10-03 17:00:00,21.3,73,9.7,326.0,816.0
2017-10-03 18:00:00,19.8,84,10.2,153.0,815.8
2017-10-03 19:00:00,18.5,88,5.0,27.0,816.2
2017-10-03 20:00:00,18.2,90,5.8,0.0,816.2
2017-10-03 21:00:00,18.2,88,5.5,0.0,817.0
2017-10-03 22:00:00,16.5,93,6.1,0.0,816.8
2017-10-03 23:00:00,16.0,94,6.3,0.0,817.1
2017-10-04 00:00:00,15.7,94,5.6,0.0,817.5
2017-10-04 01:00:00,15.4,94,6.9,0.0,817.2
2017-10-04 02:00:00,14.9,97,7.4,0.0,816.8
2017-10-04 03:00:00,14.8,97,7.4,0.0,816.5
2017-10-04 04:00:00,15.7,98,5.4,0.0,816.7
2017-10-04 05:00:00,15.3,98,4.8,0.0,816.3
2017-10-04 06:00:00,15.9,95,4.0,0.0,817.1
2017-10-04 07:00:00,16.0,95,5.8,0.0,817.8
2017-10-04 08:00:00,16.5,95,6.2,22.0,818.8
2017-10-04 09:00:00,17.2,94,6.6,100.0,819.9
2017-10-04 10:00:00,18.6,91,5.7,302.0,821.0
2017-10-04 11:00:00,20.0,86,6.2,517.0,821.1
2017-10-04 12:00:00,21.3,77,8.3,692.0,821.0
2017-10-04 13:00:00,22.1,67,11.2,792.0,820.3
2017-10-04 14:00:00,22.1,65,11.9,685.0,819.1
2017-10-04 15:00:00,22.3,63,14.4,626.0,818.1
2017-10-04 16:00:00,22.3,62,14.8,547.0,817.6
2017-10-04 17:00:00,20.5,75,9.1,322.0,817.4
2017-10-04 18:00:00,20.0,81,5.6,151.0,817.2
2017-10-04 19:00:00,18.3,89,4.4,27.0,816.5
2017-10-04 20:00:00,18.8,81,1.1,0.0,817.3
2017-10-04 21:00:00,16.5,91,7.4,0.0,816.5
2017-10-04 22:00:00,17.9,87,5.2,0.0,818.2
2017-10-04 23:00:00,18.0,86,1.5,0.0,818.7
2017-10-05 00:00:00,17.7,88,1.6,0.0,818.9
2017-10-05 01:00:00,17.6,88,5.2,0.0,818.7
2017-10-05 02:00:00,15.4,96,7.3,0.0,817.5
2017-10-05 03:00:00,16.0,95,5.7,0.0,817.8
2017-10-05 04:00:00,15.5,95,4.8,0.0,817.4
2017-10-05 05:00:00,16.2,93,4.5,0.0,817.7
2017-10-05 06:00:00,14.9,97,5.2,0.0,817.1
2017-10-05 07:00:00,15.6,99,3.0,0.0,817.6
2017-10-05 08:00:00,16.3,95,2.5,26.0,818.3
2017-10-05 09:00:00,17.9,87,8.4,238.0,819.4
2017-10-05 10:00:00,19.1,78,8.9,437.0,820.2
2017-10-05 11:00:00,20.3,71,8.7,570.0,820.5
2017-10-05 12:00:00,21.8,62,9.1,717.0,820.4
2017-10-05 13:00:00,22.6,59,9.0,798.0,819.6
2017-10-05 14:00:00,23.0,57,8.7,770.0,818.5
2017-10-05 15:00:00,23.2,56,7.5,685.0,817.5
2017-10-05 16:00:00,23.3,56,8.0,511.0,816.6
2017-10-05 17:00:00,22.5,61,9.7,340.0,816.0
2017-10-05 18:00:00,21.4,70,5.9,167.0,815.6
2017-10-05 19:00:00,20.0,71,8.3,32.0,815.1
2017-10-05 20:00:00,17.8,83,10.0,0.0,814.1
2017-10-05 21:00:00,18.1,81,6.5,0.0,815.4
2017-10-05 22:00:00,17.3,86,6.6,0.0,815.8
2017-10-05 23:00:00,16.5,89,7.6,0.0,815.7
2017-10-06 00:00:00,16.7,90,6.2,0.0,816.5
2017-10-06 01:00:00,16.6,92,6.9,0.0,816.8
2017-10-06 02:00:00,15.6,94,6.2,0.0,816.3
2017-10-06 03:00:00,14.8,95,7.6,0.0,815.6
2017-10-06 04:00:00,14.2,96,8.3,0.0,815.2
2017-10-06 05:00:00,14.0,97,8.4,0.0,814.8
2017-10-06 06:00:00,14.5,97,7.3,0.0,815.3
2017-10-06 07:00:00,15.4,96,6.3,0.0,816.4
2017-10-06 08:00:00,16.5,92,4.2,51.0,817.6
2017-10-06 09:00:00,18.3,83,7.2,227.0,819.0
2017-10-06 10:00:00,19.2,82,7.8,419.0,819.5
2017-10-06 11:00:00,20.2,78,7.9,558.0,820.0
2017-10-06 12:00:00,21.3,70,7.8,642.0,819.7
2017-10-06 13:00:00,22.2,65,8.4,699.0,819.4
2017-10-06 14:00:00,22.6,63,9.4,711.0,818.3
2017-10-06 15:00:00,22.7,62,9.4,636.0,817.3
2017-10-06 16:00:00,22.7,61,8.7,536.0,816.6
2017-10-06 17:00:00,22.3,61,8.7,361.0,816.0
2017-10-06 18:00:00,21.3,69,7.7,190.0,815.5
2017-10-06 19:00:00,19.6,75,8.3,34.0,814.9
2017-10-06 20:00:00,18.3,82,7.0,0.0,814.7
2017-10-06 21:00:00,18.4,81,6.7,0.0,815.6
2017-10-06 22:00:00,17.9,84,6.3,0.0,816.2
2017-10-06 23:00:00,17.4,86,6.3,0.0,816.7
2017-10-07 00:00:00,16.8,89,6.0,0.0,816.7
2017-10-07 01:00:00,16.4,90,5.8,0.0,816.9
2017-10-07 02:00:00,15.4,93,5.4,0.0,816.5
2017-10-07 03:00:00,14.8,95,6.0,0.0,815.9
2017-10-07 04:00:00,15.2,96,4.3,0.0,815.9
2017-10-07 05:00:00,14.3,97,5.8,0.0,815.3
2017-10-07 06:00:00,15.7,95,4.3,0.0,816.1
2017-10-07 07:00:00,15.6,95,4.1,0.0,816.3
2017-10-07 08:00:00,15.8,96,4.1,24.0,816.9
2017-10-07 09:00:00,17.0,90,4.9,158.0,817.9
2017-10-07 10:00:00,18.2,84,7.2,344.0,818.8
2017-10-07 11:00:00,19.2,80,8.1,513.0,819.6
2017-10-07 12:00:00,20.8,70,8.8,602.0,819.4
2017-10-07 13:00:00,21.8,65,9.0,633.0,818.8
2017-10-07 14:00:00,22.3,62,11.3,670.0,817.9
2017-10-07 15:00:00,22.6,59,10.0,654.0,817.0
2017-10-07 16:00:00,22.7,58,9.5,527.0,816.3
2017-10-07 17:00:00,22.4,60,11.4,396.0,815.9
2017-10-07 18:00:00,21.0,69,11.2,208.0,815.6
2017-10-07 19:00:00,18.7,80,9.2,38.0,815.3
2017-10-07 20:00:00,18.3,82,9.7,0.0,815.8
2017-10-07 21:00:00,17.5,88,9.4,0.0,816.4
2017-10-07 22:00:00,16.6,93,6.5,0.0,816.8
2017-10-07 23:00:00,15.2,96,6.4,0.0,816.4
2017-10-08 00:00:00,15.2,97,5.7,0.0,816.6
2017-10-08 01:00:00,15.5,97,4.3,0.0,817.1
2017-10-08 02:00:00,15.6,97,4.0,0.0,816.7
2017-10-08 03:00:00,15.8,93,5.4,0.0,816.6
2017-10-08 04:00:00,15.5,95,4.7,0.0,816.2
2017-10-08 05:00:00,15.2,97,4.2,0.0,816.3
2017-10-08 06:00:00,14.7,98,4.0,0.0,816.2
2017-10-08 07:00:00,15.3,98,3.0,0.0,817.0
2017-10-08 08:00:00,16.0,95,5.4,19.0,817.7
2017-10-08 09:00:00,16.8,92,6.0,100.0,818.6
2017-10-08 10:00:00,17.7,91,5.0,190.0,819.4
2017-10-08 11:00:00,18.9,86,5.7,337.0,820.1
2017-10-08 12:00:00,20.3,80,5.8,539.0,820.1
2017-10-08 13:00:00,21.3,77,7.3,672.0,819.4
2017-10-08 14:00:00,21.4,77,11.8,653.0,818.4
2017-10-08 15:00:00,20.3,79,9.8,462.0,817.3
2017-10-08 16:00:00,19.4,79,10.2,236.0,816.5
2017-10-08 17:00:00,20.1,73,9.0,268.0,816.5
2017-10-08 18:00:00,19.4,80,5.6,117.0,816.1
2017-10-08 19:00:00,18.0,84,6.4,27.0,815.9
2017-10-08 20:00:00,17.1,90,5.4,0.0,815.7
2017-10-08 21:00:00,16.8,91,5.2,0.0,816.3
2017-10-08 22:00:00,16.6,93,4.9,0.0,816.8
2017-10-08 23:00:00,16.4,94,5.3,0.0,817.3
2017-10-09 00:00:00,16.0,95,5.0,0.0,817.6
2017-10-09 01:00:00,15.9,94,5.2,0.0,817.9
2017-10-09 02:00:00,16.1,97,5.3,0.0,817.9
2017-10-09 03:00:00,16.1,98,5.1,0.0,817.6
2017-10-09 04:00:00,15.8,98,4.7,0.0,817.2
2017-10-09 05:00:00,15.4,98,3.8,0.0,816.7
2017-10-09 06:00:00,15.7,98,3.6,0.0,817.0
2017-10-09 07:00:00,15.4,99,3.7,0.0,817.1
2017-10-09 08:00:00,16.2,97,2.9,37.0,818.3
2017-10-09 09:00:00,17.5,91,5.2,214.0,819.3
2017-10-09 10:00:00,18.1,89,8.0,323.0,819.8
2017-10-09 11:00:00,19.5,79,9.0,532.0,820.3
2017-10-09 12:00:00,21.0,69,9.7,689.0,820.1
2017-10-09 13:00:00,21.8,64,10.1,670.0,819.4
2017-10-09 14:00:00,22.3,62,10.4,674.0,818.6
2017-10-09 15:00:00,22.5,60,10.4,620.0,817.6
2017-10-09 16:00:00,22.5,60,9.4,486.0,816.8
2017-10-09 17:00:00,22.3,62,5.9,363.0,816.1
2017-10-09 18:00:00,21.6,68,3.4,215.0,815.6
2017-10-09 19:00:00,20.8,69,2.9,36.0,815.8
2017-10-09 20:00:00,17.0,84,6.0,0.0,813.9
2017-10-09 21:00:00,17.0,81,5.5,0.0,814.4
2017-10-09 22:00:00,16.8,79,7.1,0.0,815.1
2017-10-09 23:00:00,18.5,72,6.5,0.0,816.9
2017-10-10 00:00:00,18.2,73,3.0,0.0,816.9
2017-10-10 01:00:00,15.8,81,5.4,0.0,815.6
2017-10-10 02:00:00,14.0,87,7.0,0.0,814.3
2017-10-10 03:00:00,12.8,91,8.0,0.0,813.6
2017-10-10 04:00:00,13.1,92,6.0,0.0,813.8
2017-10-10 05:00:00,13.6,93,5.1,0.0,814.2
2017-10-10 06:00:00,14.0,94,7.6,0.0,814.9
2017-10-10 07:00:00,13.9,95,7.6,0.0,815.3
2017-10-10 08:00:00,15.9,91,10.7,36.0,817.4
2017-10-10 09:00:00,16.9,84,13.5,119.0,818.1
2017-10-10 10:00:00,17.6,82,11.3,152.0,818.9
2017-10-10 11:00:00,17.4,94,9.5,167.0,818.7
2017-10-10 12:00:00,17.2,95,9.3,120.0,818.3
2017-10-10 13:00:00,17.6,90,11.8,163.0,818.1
2017-10-10 14:00:00,18.2,86,11.1,206.0,817.6
2017-10-10 15:00:00,18.5,84,10.9,175.0,816.8
2017-10-10 16:00:00,19.7,74,13.4,384.0,816.4
2017-10-10 17:00:00,19.9,72,14.6,313.0,816.2
2017-10-10 18:00:00,18.9,79,13.2,125.0,816.3
2017-10-10 19:00:00,16.4,95,10.8,10.0,815.8
2017-10-10 20:00:00,16.7,92,11.9,0.0,816.5
2017-10-10 21:00:00,17.1,90,11.6,0.0,817.2
2017-10-10 22:00:00,16.9,91,12.1,0.0,817.6
2017-10-10 23:00:00,16.6,92,10.9,0.0,817.6
2017-10-11 00:00:00,16.5,93,10.6,0.0,817.6
2017-10-11 01:00:00,16.3,94,11.3,0.0,817.5
2017-10-11 02:00:00,16.3,93,11.5,0.0,817.3
2017-10-11 03:00:00,15.9,96,10.2,0.0,816.6
2017-10-11 04:00:00,16.0,95,8.9,0.0,816.3
2017-10-11 05:00:00,15.9,97,9.2,0.0,816.0
2017-10-11 06:00:00,15.5,97,12.8,0.0,815.7
2017-10-11 07:00:00,15.4,98,12.6,0.0,815.9
2017-10-11 08:00:00,15.8,98,10.5,7.0,817.2
2017-10-11 09:00:00,15.5,99,12.7,23.0,817.5
2017-10-11 10:00:00,15.5,99,12.8,57.0,818.1
2017-10-11 11:00:00,15.8,98,13.6,135.0,818.4
2017-10-11 12:00:00,16.4,92,15.0,130.0,818.3
2017-10-11 13:00:00,17.0,92,11.9,236.0,817.7
2017-10-11 14:00:00,17.3,91,12.6,155.0,816.8
2017-10-11 15:00:00,17.8,88,10.1,193.0,816.2
2017-10-11 16:00:00,18.0,88,9.7,181.0,815.8
2017-10-11 17:00:00,17.6,89,11.0,91.0,815.6
2017-10-11 18:00:00,17.2,89,9.3,33.0,815.7
2017-10-11 19:00:00,16.8,91,8.4,7.0,815.8
2017-10-11 20:00:00,16.5,96,5.2,0.0,816.0
2017-10-11 21:00:00,16.5,97,5.6,0.0,816.4
2017-10-11 22:00:00,16.3,98,5.6,0.0,817.4
2017-10-11 23:00:00,16.2,98,5.1,0.0,817.6
2017-10-12 00:00:00,16.0,98,4.8,0.0,817.6
2017-10-12 01:00:00,15.9,98,4.4,0.0,817.7
2017-10-12 02:00:00,16.0,99,5.2,0.0,817.3
2017-10-12 03:00:00,15.9,99,5.6,0.0,816.6
2017-10-12 04:00:00,15.8,99,5.8,0.0,815.9
2017-10-12 05:00:00,15.6,99,5.4,0.0,815.6
2017-10-12 06:00:00,15.6,99,6.5,0.0,815.8
2017-10-12 07:00:00,15.7,97,4.7,0.0,816.1
2017-10-12 08:00:00,15.9,97,5.2,20.0,816.7
2017-10-12 09:00:00,16.6,95,6.4,107.0,817.8
2017-10-12 10:00:00,17.9,94,6.4,249.0,818.5
2017-10-12 11:00:00,18.6,92,7.3,277.0,818.7
2017-10-12 12:00:00,17.8,92,8.7,184.0,817.8
2017-10-12 13:00:00,18.2,84,12.3,341.0,816.7
2017-10-12 14:00:00,17.8,92,10.6,235.0,815.9
2017-10-12 15:00:00,17.3,90,13.8,134.0,815.0
2017-10-12 16:00:00,17.7,88,12.7,172.0,814.8
2017-10-12 17:00:00,16.9,89,14.1,118.0,814.7
2017-10-12 18:00:00,13.7,92,18.7,55.0,814.4
2017-10-12 19:00:00,13.3,91,16.9,5.0,814.5
2017-10-12 20:00:00,13.5,96,14.0,0.0,814.4
2017-10-12 21:00:00,13.3,96,13.1,0.0,815.0
2017-10-12 22:00:00,13.4,91,13.6,0.0,815.7
2017-10-12 23:00:00,13.4,91,10.5,0.0,816.0
2017-10-13 00:00:00,13.1,96,6.4,0.0,816.0
2017-10-13 01:00:00,13.4,93,8.7,0.0,816.1
2017-10-13 02:00:00,13.2,94,7.4,0.0,815.6
2017-10-13 03:00:00,13.0,96,7.1,0.0,815.1
2017-10-13 04:00:00,12.9,96,7.3,0.0,814.7
2017-10-13 05:00:00,12.8,96,7.6,0.0,814.3
2017-10-13 06:00:00,12.8,96,7.2,0.0,814.0
2017-10-13 07:00:00,12.9,97,6.9,0.0,814.2
2017-10-13 08:00:00,12.8,97,6.1,9.0,814.5
2017-10-13 09:00:00,13.6,94,7.4,56.0,815.2
2017-10-13 10:00:00,15.1,88,8.0,177.0,816.0
2017-10-13 11:00:00,16.0,86,8.1,178.0,816.2
2017-10-13 12:00:00,16.6,85,10.6,203.0,816.1
2017-10-13 13:00:00,17.1,83,11.8,246.0,815.4
2017-10-13 14:00:00,17.9,79,11.2,208.0,814.5
2017-10-13 15:00:00,18.7,76,10.5,221.0,813.9
2017-10-13 16:00:00,18.8,77,10.0,193.0,813.5
2017-10-13 17:00:00,18.2,80,8.3,117.0,813.1
2017-10-13 18:00:00,17.7,84,6.9,85.0,813.1
2017-10-13 19:00:00,17.0,88,6.1,8.0,813.1
2017-10-13 20:00:00,16.7,92,5.9,0.0,812.6
2017-10-13 21:00:00,16.9,93,6.5,0.0,813.4
2017-10-13 22:00:00,16.5,94,6.9,0.0,813.7
2017-10-13 23:00:00,16.1,95,7.6,0.0,814.0
2017-10-14 00:00:00,15.6,97,6.8,0.0,813.9
2017-10-14 01:00:00,15.6,99,7.6,0.0,814.0
2017-10-14 02:00:00,15.7,99,8.3,0.0,813.6
2017-10-14 03:00:00,15.5,99,7.2,0.0,813.1
2017-10-14 04:00:00,15.7,99,7.6,0.0,813.1
2017-10-14 05:00:00,15.5,99,7.8,0.0,812.9
2017-10-14 06:00:00,15.5,99,8.2,0.0,812.9
2017-10-14 07:00:00,15.7,99,8.2,0.0,813.2
2017-10-14 08:00:00,16.0,99,8.7,8.0,813.6
2017-10-14 09:00:00,16.2,99,10.0,42.0,814.3
2017-10-14 10:00:00,16.5,97,11.6,78.0,815.1
2017-10-14 11:00:00,17.3,96,9.4,156.0,815.4
2017-10-14 12:00:00,17.4,93,9.8,141.0,815.2
2017-10-14 13:00:00,17.4,87,11.7,155.0,814.5
2017-10-14 14:00:00,17.6,87,11.9,156.0,814.0
2017-10-14 15:00:00,17.5,89,11.1,228.0,813.3
2017-10-14 16:00:00,18.7,88,10.5,346.0,813.1
2017-10-14 17:00:00,18.2,85,9.2,179.0,812.9
2017-10-14 18:00:00,16.1,98,10.7,93.0,812.6
2017-10-14 19:00:00,13.5,95,17.7,8.0,812.6
2017-10-14 20:00:00,13.7,96,17.7,0.0,812.8
2017-10-14 21:00:00,13.9,95,15.5,0.0,813.6
2017-10-14 22:00:00,13.8,93,12.7,0.0,814.3
2017-10-14 23:00:00,13.6,92,11.1,0.0,814.5
2017-10-15 00:00:00,13.4,92,10.3,0.0,814.7
2017-10-15 01:00:00,13.3,91,10.2,0.0,814.5
2017-10-15 02:00:00,13.2,91,10.2,0.0,814.3
2017-10-15 03:00:00,12.9,91,10.9,0.0,813.9
2017-10-15 04:00:00,12.6,91,10.8,0.0,813.7
2017-10-15 05:00:00,12.4,91,10.9,0.0,813.4
2017-10-15 06:00:00,12.3,91,10.4,0.0,813.7
2017-10-15 07:00:00,12.1,90,10.0,0.0,814.1
2017-10-15 08:00:00,12.0,90,12.5,12.0,814.4
2017-10-15 09:00:00,12.4,87,14.8,34.0,815.2
2017-10-15 10:00:00,13.1,84,15.2,89.0,815.9
2017-10-15 11:00:00,13.6,82,14.8,137.0,816.3
2017-10-15 12:00:00,14.4,80,14.5,253.0,816.4
2017-10-15 13:00:00,14.7,79,13.4,243.0,815.8
2017-10-15 14:00:00,14.6,79,12.2,148.0,815.3
2017-10-15 15:00:00,15.2,77,12.4,211.0,814.4
2017-10-15 16:00:00,15.1,78,13.4,129.0,813.9
2017-10-15 17:00:00,14.6,78,13.4,88.0,813.9
2017-10-15 18:00:00,14.5,77,12.8,53.0,813.8
2017-10-15 19:00:00,14.1,78,11.6,9.0,814.2
2017-10-15 20:00:00,13.8,78,11.8,0.0,814.8
2017-10-15 21:00:00,13.7,77,13.7,0.0,815.3
2017-10-15 22:00:00,13.6,78,14.3,0.0,815.9
2017-10-15 23:00:00,13.5,78,14.0,0.0,816.2
2017-10-16 00:00:00,13.1,79,12.4,0.0,816.2
2017-10-16 01:00:00,12.7,80,12.7,0.0,816.2
2017-10-16 02:00:00,12.2,81,12.6,0.0,816.0
2017-10-16 03:00:00,12.0,80,13.6,0.0,815.8
2017-10-16 04:00:00,11.6,80,14.0,0.0,815.5
2017-10-16 05:00:00,11.2,81,13.3,0.0,814.9
2017-10-16 06:00:00,11.2,81,10.6,0.0,814.9
2017-10-16 07:00:00,10.9,83,9.5,0.0,815.4
2017-10-16 08:00:00,11.3,83,11.3,36.0,815.7
2017-10-16 09:00:00,12.6,78,14.0,141.0,816.4
2017-10-16 10:00:00,14.2,73,16.0,308.0,817.6
2017-10-16 11:00:00,15.8,70,15.6,553.0,818.3
2017-10-16 12:00:00,17.6,65,16.8,696.0,818.4
2017-10-16 13:00:00,18.1,64,16.9,540.0,817.7
2017-10-16 14:00:00,18.0,65,16.4,462.0,817.2
2017-10-16 15:00:00,17.7,66,15.5,404.0,816.1
2017-10-16 16:00:00,17.5,67,15.6,334.0,815.7
2017-10-16 17:00:00,17.4,66,17.7,346.0,815.4
2017-10-16 18:00:00,15.8,71,14.3,115.0,815.2
2017-10-16 19:00:00,14.5,74,10.8,20.0,815.0
2017-10-16 20:00:00,14.5,74,13.2,0.0,815.4
2017-10-16 21:00:00,13.1,79,11.6,0.0,815.6
2017-10-16 22:00:00,12.3,82,10.9,0.0,815.6
2017-10-16 23:00:00,11.8,84,9.9,0.0,815.5
2017-10-17 00:00:00,11.9,83,8.0,0.0,815.8
2017-10-17 01:00:00,12.1,82,8.3,0.0,816.2
2017-10-17 02:00:00,12.0,82,7.2,0.0,815.9
2017-10-17 03:00:00,12.3,80,8.5,0.0,815.8
2017-10-17 04:00:00,12.0,83,9.7,0.0,815.5
2017-10-17 05:00:00,11.1,95,7.9,0.0,814.8
2017-10-17 06:00:00,10.9,96,8.1,0.0,814.9
2017-10-17 07:00:00,10.9,96,9.3,0.0,815.4
2017-10-17 08:00:00,11.1,93,9.9,5.0,815.9
2017-10-17 09:00:00,11.1,97,9.7,25.0,816.5
2017-10-17 10:00:00,12.0,88,13.8,94.0,817.6
2017-10-17 11:00:00,12.7,85,14.1,127.0,817.7
2017-10-17 12:00:00,13.2,83,13.9,143.0,817.4
2017-10-17 13:00:00,13.4,83,12.5,137.0,816.8
2017-10-17 14:00:00,13.9,81,10.9,145.0,816.4
2017-10-17 15:00:00,14.8,78,10.2,217.0,816.0
2017-10-17 16:00:00,14.5,80,10.8,130.0,815.6
2017-10-17 17:00:00,14.4,81,10.2,91.0,815.3
2017-10-17 18:00:00,14.1,82,9.2,52.0,815.2
2017-10-17 19:00:00,13.6,85,7.7,7.0,815.1
2017-10-17 20:00:00,13.2,88,4.9,0.0,815.0
2017-10-17 21:00:00,13.0,88,4.1,0.0,815.4
2017-10-17 22:00:00,12.6,90,4.0,0.0,815.7
2017-10-17 23:00:00,12.1,93,4.7,0.0,815.8
2017-10-18 00:00:00,13.0,90,4.0,0.0,816.3
2017-10-18 01:00:00,13.2,90,5.6,0.0,816.6
2017-10-18 02:00:00,13.1,90,5.1,0.0,816.5
2017-10-18 03:00:00,12.9,91,4.0,0.0,815.9
2017-10-18 04:00:00,12.8,92,4.7,0.0,816.0
2017-10-18 05:00:00,12.8,92,4.7,0.0,816.0
2017-10-18 06:00:00,12.7,92,5.1,0.0,816.3
2017-10-18 07:00:00,12.7,92,5.4,0.0,816.6
2017-10-18 08:00:00,12.9,91,5.4,4.0,817.5
2017-10-18 09:00:00,13.4,89,8.7,32.0,818.2
2017-10-18 10:00:00,13.9,87,9.0,54.0,819.0
2017-10-18 11:00:00,14.6,84,8.0,129.0,819.4
2017-10-18 12:00:00,15.4,81,6.9,187.0,819.1
2017-10-18 13:00:00,15.7,80,7.0,168.0,818.7
2017-10-18 14:00:00,16.1,79,7.9,242.0,818.4
2017-10-18 15:00:00,16.1,80,8.7,190.0,817.6
2017-10-18 16:00:00,16.3,79,11.2,288.0,817.4
2017-10-18 17:00:00,15.8,82,9.8,155.0,817.0
2017-10-18 18:00:00,15.4,83,9.1,85.0,816.8
2017-10-18 19:00:00,14.6,87,8.8,6.0,816.7
2017-10-18 20:00:00,14.8,88,7.1,0.0,816.8
2017-10-18 21:00:00,13.7,93,5.1,0.0,816.7
2017-10-18 22:00:00,13.2,95,4.8,0.0,816.9
2017-10-18 23:00:00,12.1,96,5.6,0.0,816.5
2017-10-19 00:00:00,11.8,98,6.1,0.0,816.8
2017-10-19 01:00:00,12.6,98,4.0,0.0,817.4
2017-10-19 02:00:00,13.1,97,3.4,0.0,817.6
2017-10-19 03:00:00,13.0,98,3.7,0.0,816.9
2017-10-19 04:00:00,13.1,97,3.6,0.0,816.9
2017-10-19 05:00:00,13.1,96,3.6,0.0,816.7
2017-10-19 06:00:00,13.1,96,4.0,0.0,816.8
2017-10-19 07:00:00,13.0,96,4.7,0.0,817.0
2017-10-19 08:00:00,13.5,95,5.2,10.0,817.9
2017-10-19 09:00:00,14.6,87,4.9,109.0,818.5
2017-10-19 10:00:00,16.3,79,4.0,307.0,819.3
2017-10-19 11:00:00,17.5,72,5.0,388.0,819.8
2017-10-19 12:00:00,18.1,68,7.6,398.0,819.3
2017-10-19 13:00:00,18.6,66,9.8,488.0,818.4
2017-10-19 14:00:00,18.6,64,10.1,412.0,817.7
2017-10-19 15:00:00,19.0,64,7.9,449.0,816.9
2017-10-19 16:00:00,19.2,63,8.0,495.0,816.5
2017-10-19 17:00:00,18.8,64,9.0,309.0,816.0
2017-10-19 18:00:00,17.5,74,8.9,100.0,815.2
2017-10-19 19:00:00,16.2,83,8.8,14.0,815.0
2017-10-19 20:00:00,16.2,84,8.8,0.0,815.0
2017-10-19 21:00:00,15.5,87,8.0,0.0,815.1
2017-10-19 22:00:00,14.7,91,5.6,0.0,815.3
2017-10-19 23:00:00,13.1,94,7.4,0.0,814.9
2017-10-20 00:00:00,12.8,95,7.3,0.0,815.3
2017-10-20 01:00:00,12.1,97,7.6,0.0,814.9
2017-10-20 02:00:00,12.2,98,7.2,0.0,815.0
2017-10-20 03:00:00,12.3,98,6.9,0.0,814.7
2017-10-20 04:00:00,13.5,97,4.3,0.0,815.3
2017-10-20 05:00:00,14.1,97,5.1,0.0,815.5
2017-10-20 06:00:00,13.7,97,5.0,0.0,815.3
2017-10-20 07:00:00,13.8,97,5.1,0.0,815.6
2017-10-20 08:00:00,14.4,96,5.4,21.0,816.5
2017-10-20 09:00:00,16.0,85,7.6,126.0,817.6
2017-10-20 10:00:00,17.3,80,10.5,254.0,818.5
2017-10-20 11:00:00,18.7,74,12.0,382.0,818.7
2017-10-20 12:00:00,20.3,66,12.1,483.0,818.5
2017-10-20 13:00:00,21.3,62,13.6,546.0,817.6
2017-10-20 14:00:00,21.4,61,12.9,439.0,816.8
2017-10-20 15:00:00,21.4,61,13.0,447.0,816.0
2017-10-20 16:00:00,21.0,62,12.3,315.0,815.4
2017-10-20 17:00:00,20.9,64,10.1,258.0,815.3
2017-10-20 18:00:00,19.6,73,8.1,148.0,814.8
2017-10-20 19:00:00,16.6,87,6.0,18.0,813.4
2017-10-20 20:00:00,15.9,89,9.7,0.0,813.1
2017-10-20 21:00:00,15.8,88,6.6,0.0,813.9
2017-10-20 22:00:00,15.6,90,6.0,0.0,814.6
2017-10-20 23:00:00,15.2,94,6.1,0.0,815.1
2017-10-21 00:00:00,15.7,94,5.2,0.0,815.7
2017-10-21 01:00:00,15.7,94,5.8,0.0,815.7
2017-10-21 02:00:00,15.6,94,6.2,0.0,815.5
2017-10-21 03:00:00,15.3,95,4.7,0.0,815.1
2017-10-21 04:00:00,15.2,95,5.5,0.0,815.2
2017-10-21 05:00:00,15.5,96,6.2,0.0,815.2
2017-10-21 06:00:00,15.6,96,7.9,0.0,815.3
2017-10-21 07:00:00,15.3,99,7.3,0.0,815.5
2017-10-21 08:00:00,15.4,97,7.3,11.0,816.0
2017-10-21 09:00:00,16.3,97,7.9,98.0,816.9
2017-10-21 10:00:00,17.4,95,6.5,249.0,817.7
2017-10-21 11:00:00,17.8,94,7.2,233.0,818.0
2017-10-21 12:00:00,18.3,89,9.6,333.0,817.8
2017-10-21 13:00:00,17.5,92,9.2,293.0,816.1
2017-10-21 14:00:00,18.6,89,12.8,484.0,815.9
2017-10-21 15:00:00,18.5,86,13.5,380.0,814.8
2017-10-21 16:00:00,16.7,92,8.7,78.0,813.8
2017-10-21 17:00:00,17.4,88,10.4,196.0,814.2
2017-10-21 18:00:00,17.4,92,7.2,71.0,814.2
2017-10-21 19:00:00,15.9,98,7.5,7.0,814.5
2017-10-21 20:00:00,15.7,98,4.4,0.0,814.7
2017-10-21 21:00:00,15.6,98,5.2,0.0,815.0
2017-10-21 22:00:00,15.2,99,5.1,0.0,815.2
2017-10-21 23:00:00,15.3,97,2.6,0.0,815.9
2017-10-22 00:00:00,15.1,100,5.9,0.0,815.8
2017-10-22 01:00:00,15.0,100,7.1,0.0,815.8
2017-10-22 02:00:00,14.5,100,12.6,0.0,815.5
2017-10-22 03:00:00,13.6,100,14.4,0.0,815.3
2017-10-22 04:00:00,13.1,98,14.7,0.0,814.9
2017-10-22 05:00:00,12.9,95,12.6,0.0,814.7
2017-10-22 06:00:00,12.5,96,11.7,0.0,814.6
2017-10-22 07:00:00,12.1,97,12.2,0.0,814.5
2017-10-22 08:00:00,12.0,97,12.6,5.0,815.1
2017-10-22 09:00:00,12.3,95,12.6,32.0,815.7
2017-10-22 10:00:00,12.7,91,15.2,103.0,816.1
2017-10-22 11:00:00,13.0,90,13.1,113.0,816.5
2017-10-22 12:00:00,13.1,93,12.0,127.0,816.1
2017-10-22 13:00:00,13.1,93,14.1,158.0,815.5
2017-10-22 14:00:00,13.0,93,15.6,146.0,814.5
2017-10-22 15:00:00,13.4,89,15.6,166.0,813.8
2017-10-22 16:00:00,13.5,90,15.8,122.0,813.6
2017-10-22 17:00:00,13.0,92,13.6,63.0,813.2
2017-10-22 18:00:00,12.7,93,13.6,11.0,813.4
2017-10-22 19:00:00,12.4,94,12.5,3.0,813.6
2017-10-22 20:00:00,12.4,95,12.5,0.0,814.0
2017-10-22 21:00:00,12.4,95,13.6,0.0,814.4
2017-10-22 22:00:00,12.2,95,13.7,0.0,814.9
2017-10-22 23:00:00,12.1,95,13.1,0.0,815.1
2017-10-23 00:00:00,11.9,95,12.4,0.0,815.2
2017-10-23 01:00:00,11.6,97,12.8,0.0,815.1
2017-10-23 02:00:00,11.4,98,12.4,0.0,814.9
2017-10-23 03:00:00,11.1,97,13.1,0.0,814.6
2017-10-23 04:00:00,10.8,97,12.6,0.0,814.4
2017-10-23 05:00:00,10.6,97,12.6,0.0,814.2
2017-10-23 06:00:00,10.2,99,12.6,0.0,814.2
2017-10-23 07:00:00,10.0,98,13.4,0.0,814.4
2017-10-23 08:00:00,9.5,97,12.7,3.0,815.5
2017-10-23 09:00:00,9.4,97,14.3,16.0,816.1
2017-10-23 10:00:00,9.1,97,16.0,20.0,816.5
2017-10-23 11:00:00,9.1,96,15.8,48.0,816.5
2017-10-23 12:00:00,9.2,96,15.8,62.0,816.5
2017-10-23 13:00:00,9.4,96,14.8,95.0,816.3
2017-10-23 14:00:00,9.3,96,12.8,59.0,815.7
2017-10-23 15:00:00,9.3,97,10.7,34.0,815.4
2017-10-23 16:00:00,9.5,97,11.6,47.0,815.3
2017-10-23 17:00:00,9.3,97,11.2,27.0,815.0
2017-10-23 18:00:00,9.2,97,10.1,12.0,815.0
2017-10-23 19:00:00,9.2,97,7.6,1.0,815.4
2017-10-23 20:00:00,9.9,92,7.2,0.0,815.5
2017-10-23 21:00:00,10.2,91,7.7,0.0,816.2
2017-10-23 22:00:00,10.3,90,6.9,0.0,816.7
2017-10-23 23:00:00,10.3,90,7.4,0.0,817.0
2017-10-24 00:00:00,10.2,90,8.2,0.0,817.1
2017-10-24 01:00:00,10.1,90,8.5,0.0,816.9
2017-10-24 02:00:00,9.9,90,8.2,0.0,816.7
2017-10-24 03:00:00,9.7,91,8.0,0.0,816.4
2017-10-24 04:00:00,9.3,97,6.5,0.0,815.9
2017-10-24 05:00:00,9.4,97,4.8,0.0,816.2
2017-10-24 06:00:00,9.3,98,7.2,0.0,816.1
2017-10-24 07:00:00,9.3,96,8.8,0.0,816.2
2017-10-24 08:00:00,9.0,96,8.3,5.0,816.7
2017-10-24 09:00:00,9.5,93,10.2,32.0,817.1
2017-10-24 10:00:00,9.8,92,10.6,41.0,818.1
2017-10-24 11:00:00,10.0,92,9.8,52.0,818.2
2017-10-24 12:00:00,10.4,90,10.0,77.0,818.0
2017-10-24 13:00:00,10.3,92,9.4,45.0,817.3
2017-10-24 14:00:00,10.9,89,8.7,82.0,816.9
2017-10-24 15:00:00,11.4,88,7.4,90.0,816.1
2017-10-24 16:00:00,11.6,89,7.1,61.0,815.9
2017-10-24 17:00:00,11.8,90,6.1,46.0,816.0
2017-10-24 18:00:00,11.6,94,6.9,13.0,815.9
2017-10-24 19:00:00,11.4,95,6.6,1.0,815.8
2017-10-24 20:00:00,12.1,95,6.8,0.0,816.5
2017-10-24 21:00:00,11.9,97,7.7,0.0,816.7
2017-10-24 22:00:00,12.1,97,7.6,0.0,817.1
2017-10-24 23:00:00,12.1,98,8.8,0.0,817.3
2017-10-25 00:00:00,12.2,97,8.8,0.0,817.5
2017-10-25 01:00:00,12.2,97,7.7,0.0,817.4
2017-10-25 02:00:00,12.4,97,6.4,0.0,817.3
2017-10-25 03:00:00,12.4,97,4.6,0.0,816.8
2017-10-25 04:00:00,12.5,97,2.6,0.0,816.9
2017-10-25 05:00:00,12.5,97,2.3,0.0,816.7
2017-10-25 06:00:00,12.5,97,2.3,0.0,816.7
2017-10-25 07:00:00,12.6,97,1.8,0.0,817.1
2017-10-25 08:00:00,12.9,95,3.6,11.0,818.1
2017-10-25 09:00:00,14.0,90,7.0,70.0,819.2
2017-10-25 10:00:00,15.2,83,10.7,154.0,819.9
2017-10-25 11:00:00,16.9,74,12.2,354.0,820.6
2017-10-25 12:00:00,18.6,65,13.5,514.0,820.6
2017-10-25 13:00:00,19.2,61,13.1,482.0,820.2
2017-10-25 14:00:00,18.6,66,9.8,250.0,819.1
2017-10-25 15:00:00,18.9,65,11.0,286.0,818.4
2017-10-25 16:00:00,18.8,67,11.2,293.0,818.4
2017-10-25 17:00:00,17.9,72,8.9,168.0,817.9
2017-10-25 18:00:00,16.9,80,5.4,125.0,817.3
2017-10-25 19:00:00,15.0,85,6.6,12.0,816.6
2017-10-25 20:00:00,14.2,94,8.3,0.0,817.4
2017-10-25 21:00:00,13.4,96,6.2,0.0,817.5
2017-10-25 22:00:00,12.4,97,5.8,0.0,817.3
2017-10-25 23:00:00,12.1,98,5.8,0.0,817.5
2017-10-26 00:00:00,11.7,98,6.1,0.0,817.4
2017-10-26 01:00:00,10.4,100,8.3,0.0,816.7
2017-10-26 02:00:00,12.7,100,5.0,0.0,817.9
2017-10-26 03:00:00,12.4,100,1.6,0.0,817.8
2017-10-26 04:00:00,11.7,100,1.1,0.0,817.2
2017-10-26 05:00:00,11.8,100,1.5,0.0,817.3
2017-10-26 06:00:00,12.3,100,0.8,0.0,817.6
2017-10-26 07:00:00,12.3,100,2.3,0.0,818.0
2017-10-26 08:00:00,13.1,98,6.5,9.0,819.0
2017-10-26 09:00:00,14.3,89,7.5,115.0,820.1
2017-10-26 10:00:00,15.7,77,6.6,310.0,820.9
2017-10-26 11:00:00,17.2,69,5.9,457.0,821.1
2017-10-26 12:00:00,18.3,62,7.5,588.0,820.8
2017-10-26 13:00:00,18.7,62,11.5,594.0,820.0
2017-10-26 14:00:00,18.3,65,11.9,492.0,819.0
2017-10-26 15:00:00,19.1,62,9.6,610.0,818.4
2017-10-26 16:00:00,19.4,58,8.9,523.0,817.9
2017-10-26 17:00:00,18.9,61,7.0,339.0,817.3
2017-10-26 18:00:00,16.8,78,4.1,155.0,816.2
2017-10-26 19:00:00,13.5,83,8.3,14.0,814.5
2017-10-26 20:00:00,13.5,77,9.1,0.0,815.2
2017-10-26 21:00:00,12.4,77,9.1,0.0,815.2
2017-10-26 22:00:00,12.1,84,7.1,0.0,816.2
2017-10-26 23:00:00,11.6,99,6.3,0.0,816.7
2017-10-27 00:00:00,11.8,100,5.7,0.0,816.9
2017-10-27 01:00:00,13.1,100,6.4,0.0,817.9
2017-10-27 02:00:00,12.9,100,6.5,0.0,817.7
2017-10-27 03:00:00,12.9,100,5.7,0.0,817.5
2017-10-27 04:00:00,13.0,99,5.0,0.0,817.3
2017-10-27 05:00:00,13.1,99,4.2,0.0,817.1
2017-10-27 06:00:00,12.6,99,2.8,0.0,816.7
2017-10-27 07:00:00,13.0,97,3.9,0.0,817.2
2017-10-27 08:00:00,12.9,99,2.6,11.0,818.2
2017-10-27 09:00:00,13.5,98,1.9,120.0,819.0
2017-10-27 10:00:00,14.2,94,2.3,250.0,819.3
2017-10-27 11:00:00,15.8,83,0.8,472.0,820.0
2017-10-27 12:00:00,17.2,70,2.9,550.0,819.5
2017-10-27 13:00:00,18.0,65,5.2,596.0,819.0
2017-10-27 14:00:00,18.6,62,6.1,560.0,818.0
2017-10-27 15:00:00,19.1,60,6.9,565.0,817.3
2017-10-27 16:00:00,18.7,65,8.3,407.0,816.8
2017-10-27 17:00:00,18.2,71,7.7,286.0,816.4
2017-10-27 18:00:00,16.5,83,3.9,141.0,815.6
2017-10-27 19:00:00,13.2,87,7.2,13.0,813.9
2017-10-27 20:00:00,12.6,85,8.5,0.0,813.8
2017-10-27 21:00:00,11.6,85,6.8,0.0,813.5
2017-10-27 22:00:00,13.9,75,1.5,0.0,815.3
2017-10-27 23:00:00,13.5,77,3.1,0.0,815.8
2017-10-28 00:00:00,13.4,78,1.5,0.0,816.1
2017-10-28 01:00:00,13.2,85,5.4,0.0,816.3
2017-10-28 02:00:00,12.8,92,5.6,0.0,816.2
2017-10-28 03:00:00,12.5,96,5.4,0.0,816.1
2017-10-28 04:00:00,10.5,100,6.5,0.0,815.0
2017-10-28 05:00:00,11.3,99,4.1,0.0,815.7
2017-10-28 06:00:00,12.3,99,6.3,0.0,816.8
2017-10-28 07:00:00,12.3,99,6.3,0.0,817.3
2017-10-28 08:00:00,12.1,99,5.0,14.0,818.4
2017-10-28 09:00:00,12.6,97,7.1,71.0,819.0
2017-10-28 10:00:00,13.6,90,6.1,194.0,819.9
2017-10-28 11:00:00,15.6,79,5.9,376.0,820.7
2017-10-28 12:00:00,17.0,67,4.7,545.0,820.5
2017-10-28 13:00:00,17.9,62,6.6,608.0,820.1
2017-10-28 14:00:00,18.3,62,8.3,579.0,819.4
2017-10-28 15:00:00,18.1,62,9.4,447.0,818.6
2017-10-28 16:00:00,18.3,58,9.0,438.0,818.5
2017-10-28 17:00:00,17.7,61,8.1,302.0,818.4
2017-10-28 18:00:00,15.7,80,4.0,130.0,817.5
2017-10-28 19:00:00,13.2,83,7.4,11.0,816.3
2017-10-28 20:00:00,13.4,74,7.7,0.0,816.3
2017-10-28 21:00:00,15.9,63,2.3,0.0,818.7
2017-10-28 22:00:00,12.6,77,6.4,0.0,817.6
2017-10-28 23:00:00,13.7,71,3.0,0.0,819.0
2017-10-29 00:00:00,12.1,79,0.8,0.0,818.1
2017-10-29 01:00:00,12.5,80,0.8,0.0,818.7
2017-10-29 02:00:00,12.1,83,4.7,0.0,818.6
2017-10-29 03:00:00,9.8,91,6.0,0.0,817.1
2017-10-29 04:00:00,9.9,91,6.4,0.0,817.5
2017-10-29 05:00:00,9.8,93,5.9,0.0,817.8
2017-10-29 06:00:00,10.7,94,6.1,0.0,818.8
2017-10-29 07:00:00,11.4,95,5.6,0.0,819.7
2017-10-29 08:00:00,12.3,94,9.2,16.0,821.3
2017-10-29 09:00:00,12.9,93,9.8,83.0,822.2
2017-10-29 10:00:00,14.2,84,8.6,220.0,823.0
2017-10-29 11:00:00,15.8,76,10.1,413.0,823.6
2017-10-29 12:00:00,16.7,67,9.5,438.0,823.2
2017-10-29 13:00:00,17.3,63,8.9,434.0,822.7
2017-10-29 14:00:00,17.5,63,10.6,512.0,822.0
2017-10-29 15:00:00,17.0,68,14.7,493.0,821.3
2017-10-29 16:00:00,16.4,71,13.8,317.0,820.9
2017-10-29 17:00:00,15.8,74,13.1,306.0,820.7
2017-10-29 18:00:00,14.7,78,9.7,139.0,820.4
2017-10-29 19:00:00,12.4,89,6.0,11.0,819.6
2017-10-29 20:00:00,12.6,85,8.9,0.0,819.2
2017-10-29 21:00:00,12.9,84,8.7,0.0,820.3
2017-10-29 22:00:00,12.1,86,9.4,0.0,820.9
2017-10-29 23:00:00,11.0,90,6.5,0.0,820.8
2017-10-30 00:00:00,10.0,93,5.8,0.0,820.7
2017-10-30 01:00:00,9.2,95,6.2,0.0,820.3
2017-10-30 02:00:00,8.5,97,6.8,0.0,819.8
2017-10-30 03:00:00,7.9,98,6.9,0.0,819.5
2017-10-30 04:00:00,7.1,98,8.0,0.0,818.8
2017-10-30 05:00:00,7.1,98,7.2,0.0,819.0
2017-10-30 06:00:00,8.0,95,6.1,0.0,819.8
2017-10-30 07:00:00,7.3,95,6.1,0.0,819.8
2017-10-30 08:00:00,7.6,100,5.2,30.0,821.0
2017-10-30 09:00:00,9.4,86,9.0,160.0,822.4
2017-10-30 10:00:00,11.6,72,11.2,369.0,823.5
2017-10-30 11:00:00,13.1,68,11.0,573.0,823.7
2017-10-30 12:00:00,14.2,63,10.8,691.0,823.1
2017-10-30 13:00:00,15.4,58,9.7,789.0,822.2
2017-10-30 14:00:00,16.1,56,10.0,784.0,821.2
2017-10-30 15:00:00,16.3,56,11.5,710.0,820.4
2017-10-30 16:00:00,16.2,54,11.6,569.0,819.9
2017-10-30 17:00:00,15.8,55,11.0,355.0,819.4
2017-10-30 18:00:00,14.2,67,4.8,146.0,818.6
2017-10-30 19:00:00,12.2,71,6.3,10.0,817.8
2017-10-30 20:00:00,10.6,79,7.8,0.0,817.4
2017-10-30 21:00:00,9.4,84,6.6,0.0,817.4
2017-10-30 22:00:00,8.3,86,7.9,0.0,817.3
2017-10-30 23:00:00,7.3,87,8.5,0.0,817.4
2017-10-31 00:00:00,6.8,86,7.4,0.0,816.9
2017-10-31 01:00:00,6.0,88,6.8,0.0,816.1
2017-10-31 02:00:00,5.4,88,6.8,0.0,815.6
2017-10-31 03:00:00,4.9,90,6.8,0.0,815.1
2017-10-31 04:00:00,5.1,88,6.0,0.0,815.0
2017-10-31 05:00:00,4.9,88,6.1,0.0,814.9
2017-10-31 06:00:00,4.7,87,6.2,0.0,814.9
2017-10-31 07:00:00,4.4,88,6.1,0.0,814.9
2017-10-31 08:00:00,5.4,88,4.2,33.0,816.5
2017-10-31 09:00:00,8.4,78,4.4,230.0,818.8
2017-10-31 10:00:00,10.3,69,4.1,457.0,819.7
2017-10-31 11:00:00,12.0,61,4.7,642.0,820.0
2017-10-31 12:00:00,13.4,55,6.7,775.0,819.6
2017-10-31 13:00:00,14.3,49,8.6,842.0,819.0
2017-10-31 14:00:00,14.8,40,9.4,830.0,818.1
2017-10-31 15:00:00,15.1,33,9.3,744.0,817.2
2017-10-31 16:00:00,15.0,41,8.4,593.0,816.7
2017-10-31 17:00:00,14.4,53,7.9,388.0,816.3
2017-10-31 18:00:00,12.4,71,4.9,164.0,815.4
2017-10-31 19:00:00,9.5,79,9.1,11.0,814.1
2017-10-31 20:00:00,9.7,78,10.9,0.0,814.5
2017-10-31 21:00:00,8.8,84,9.1,0.0,814.5
2017-10-31 22:00:00,9.9,78,7.7,0.0,815.5
2017-10-31 23:00:00,11.5,68,6.0,0.0,816.9
2017-11-01 00:00:00,11.1,68,4.1,0.0,816.7
2017-11-01 01:00:00,10.7,69,4.3,0.0,816.3
2017-11-01 02:00:00,10.4,69,4.0,0.0,816.1
2017-11-01 03:00:00,10.2,70,3.1,0.0,815.6
2017-11-01 04:00:00,9.9,71,2.6,0.0,815.2
2017-11-01 05:00:00,9.6,72,2.9,0.0,814.9
2017-11-01 06:00:00,7.0,82,3.4,0.0,813.4
2017-11-01 07:00:00,5.8,87,3.3,0.0,813.1
2017-11-01 08:00:00,7.4,86,2.9,28.0,815.4
2017-11-01 09:00:00,10.9,75,2.0,192.0,817.9
2017-11-01 10:00:00,13.4,69,4.2,399.0,819.3
2017-11-01 11:00:00,15.4,65,7.3,579.0,819.6
2017-11-01 12:00:00,17.1,63,9.2,705.0,819.4
2017-11-01 13:00:00,18.6,58,12.1,794.0,818.8
2017-11-01 14:00:00,19.4,52,13.4,755.0,817.8
2017-11-01 15:00:00,19.3,51,14.7,614.0,816.9
2017-11-01 16:00:00,18.9,52,13.7,464.0,816.3
2017-11-01 17:00:00,18.1,59,11.2,271.0,816.0
2017-11-01 18:00:00,16.0,71,6.8,139.0,815.1
2017-11-01 19:00:00,13.6,75,7.6,10.0,813.9
2017-11-01 20:00:00,12.7,79,9.0,0.0,814.1
2017-11-01 21:00:00,11.2,83,8.3,0.0,813.9
2017-11-01 22:00:00,14.1,72,3.9,0.0,816.3
2017-11-01 23:00:00,13.4,75,5.7,0.0,816.6
2017-11-02 00:00:00,13.2,79,4.1,0.0,816.5
2017-11-02 01:00:00,12.9,83,3.3,0.0,816.3
2017-11-02 02:00:00,12.5,87,1.5,0.0,816.1
2017-11-02 03:00:00,10.4,93,4.6,0.0,814.8
2017-11-02 04:00:00,8.0,98,7.0,0.0,813.1
2017-11-02 05:00:00,7.7,98,6.1,0.0,813.0
2017-11-02 06:00:00,8.1,99,5.7,0.0,813.8
2017-11-02 07:00:00,8.5,99,5.5,0.0,814.5
2017-11-02 08:00:00,10.1,94,6.8,17.0,817.1
2017-11-02 09:00:00,12.3,85,8.9,122.0,818.7
2017-11-02 10:00:00,14.0,78,8.7,256.0,819.7
2017-11-02 11:00:00,14.7,74,8.3,288.0,820.0
2017-11-02 12:00:00,15.5,75,7.6,484.0,819.9
2017-11-02 13:00:00,15.8,72,8.8,424.0,819.1
2017-11-02 14:00:00,15.0,74,10.1,367.0,817.8
2017-11-02 15:00:00,15.2,76,12.3,468.0,817.0
2017-11-02 16:00:00,14.4,81,9.0,222.0,816.6
2017-11-02 17:00:00,13.2,95,7.0,96.0,816.0
2017-11-02 18:00:00,12.4,95,6.7,64.0,816.1
2017-11-02 19:00:00,11.5,95,7.4,4.0,816.1
2017-11-02 20:00:00,10.9,94,6.6,0.0,816.6
2017-11-02 21:00:00,10.7,94,9.2,0.0,817.1
2017-11-02 22:00:00,10.8,83,12.8,0.0,817.9
2017-11-02 23:00:00,9.4,92,9.1,0.0,817.5
2017-11-03 00:00:00,9.0,92,9.7,0.0,817.7
2017-11-03 01:00:00,9.4,82,11.3,0.0,817.8
2017-11-03 02:00:00,9.6,85,11.4,0.0,818.0
2017-11-03 03:00:00,9.6,85,10.1,0.0,817.7
2017-11-03 04:00:00,8.9,94,8.4,0.0,817.1
2017-11-03 05:00:00,8.8,95,9.2,0.0,817.2
2017-11-03 06:00:00,8.9,88,13.4,0.0,817.8
2017-11-03 07:00:00,8.6,85,12.5,0.0,818.3
2017-11-03 08:00:00,9.0,82,5.3,7.0,819.3
2017-11-03 09:00:00,9.9,79,8.5,70.0,820.3
2017-11-03 10:00:00,11.2,66,14.3,254.0,821.7
2017-11-03 11:00:00,11.3,59,16.0,228.0,821.5
2017-11-03 12:00:00,12.2,50,17.1,309.0,821.3
2017-11-03 13:00:00,13.3,47,16.2,529.0,821.2
2017-11-03 14:00:00,13.2,49,16.7,398.0,820.5
2017-11-03 15:00:00,12.6,55,16.9,284.0,819.9
2017-11-03 16:00:00,13.2,56,18.1,360.0,820.0
2017-11-03 17:00:00,13.2,54,19.3,245.0,819.8
2017-11-03 18:00:00,12.2,58,13.6,103.0,819.6
2017-11-03 19:00:00,11.0,60,13.4,7.0,819.6
2017-11-03 20:00:00,11.4,61,13.9,0.0,820.7
2017-11-03 21:00:00,10.8,69,10.6,0.0,821.3
2017-11-03 22:00:00,10.2,73,9.5,0.0,821.8
2017-11-03 23:00:00,9.8,77,11.7,0.0,822.0
2017-11-04 00:00:00,9.5,77,14.8,0.0,821.9
2017-11-04 01:00:00,8.9,80,16.6,0.0,821.6
2017-11-04 02:00:00,8.6,78,16.6,0.0,821.4
2017-11-04 03:00:00,8.1,77,15.3,0.0,820.8
2017-11-04 04:00:00,7.8,76,14.6,0.0,820.2
2017-11-04 05:00:00,7.9,73,16.0,0.0,819.9
2017-11-04 06:00:00,7.8,72,15.3,0.0,819.8
2017-11-04 07:00:00,7.5,70,13.5,0.0,820.5
2017-11-04 08:00:00,7.0,74,14.7,21.0,821.6
2017-11-04 09:00:00,8.0,70,14.1,77.0,822.5
2017-11-04 10:00:00,8.6,67,14.9,110.0,823.1
2017-11-04 11:00:00,9.7,60,16.8,216.0,823.4
2017-11-04 12:00:00,10.3,56,16.4,234.0,822.8
2017-11-04 13:00:00,10.6,55,14.6,203.0,822.2
2017-11-04 14:00:00,10.9,56,13.9,246.0,821.6
2017-11-04 15:00:00,11.5,57,12.6,276.0,820.8
2017-11-04 16:00:00,11.7,58,13.3,322.0,820.3
2017-11-04 17:00:00,11.4,59,14.0,273.0,819.7
2017-11-04 18:00:00,10.0,62,12.7,127.0,819.1
2017-11-04 19:00:00,8.9,63,10.7,8.0,818.6
2017-11-04 20:00:00,9.3,66,10.9,0.0,818.0
2017-11-04 21:00:00,9.5,61,7.6,0.0,819.3
2017-11-04 22:00:00,7.9,69,7.6,0.0,819.0
2017-11-04 23:00:00,6.9,75,8.6,0.0,818.8
2017-11-05 00:00:00,6.8,74,6.6,0.0,818.7
2017-11-05 01:00:00,6.0,76,6.2,0.0,818.0
2017-11-05 02:00:00,5.2,78,6.1,0.0,817.1
2017-11-05 03:00:00,4.9,79,6.2,0.0,816.7
2017-11-05 04:00:00,4.8,80,5.4,0.0,815.9
2017-11-05 05:00:00,4.5,83,5.8,0.0,815.5
2017-11-05 06:00:00,3.9,85,5.4,0.0,815.2
2017-11-05 07:00:00,3.7,85,5.4,0.0,815.4
2017-11-05 08:00:00,5.2,83,7.1,26.0,817.3
2017-11-05 09:00:00,9.2,72,5.4,205.0,819.9
2017-11-05 10:00:00,11.5,59,4.2,424.0,821.1
2017-11-05 11:00:00,13.2,53,2.0,611.0,821.6
2017-11-05 12:00:00,14.8,51,0.4,742.0,821.3
2017-11-05 13:00:00,15.9,49,1.5,805.0,820.7
2017-11-05 14:00:00,16.7,49,2.8,796.0,819.8
2017-11-05 15:00:00,17.0,49,3.5,714.0,818.9
2017-11-05 16:00:00,16.5,50,8.0,566.0,818.2
2017-11-05 17:00:00,15.1,53,11.0,368.0,817.4
2017-11-05 18:00:00,12.0,77,6.8,149.0,815.7
2017-11-05 19:00:00,12.5,56,3.2,8.0,816.1
2017-11-05 20:00:00,13.1,55,5.4,0.0,817.1
2017-11-05 21:00:00,12.7,58,2.5,0.0,817.4
2017-11-05 22:00:00,11.8,61,2.6,0.0,817.7
2017-11-05 23:00:00,11.3,63,3.6,0.0,818.1
2017-11-06 00:00:00,10.9,66,3.1,0.0,817.7
2017-11-06 01:00:00,9.4,74,0.7,0.0,816.3
2017-11-06 02:00:00,6.7,86,3.3,0.0,814.2
2017-11-06 03:00:00,6.0,90,3.8,0.0,813.1
2017-11-06 04:00:00,5.9,91,3.9,0.0,812.6
2017-11-06 05:00:00,5.4,92,4.2,0.0,812.3
2017-11-06 06:00:00,5.3,92,4.2,0.0,812.3
2017-11-06 07:00:00,5.2,92,4.2,0.0,812.7
2017-11-06 08:00:00,6.2,93,7.0,24.0,813.9
2017-11-06 09:00:00,10.7,83,4.3,194.0,816.9
2017-11-06 10:00:00,14.0,72,1.3,407.0,819.4
2017-11-06 11:00:00,15.8,66,1.8,578.0,819.9
2017-11-06 12:00:00,17.0,62,3.3,699.0,819.6
2017-11-06 13:00:00,18.0,56,5.1,732.0,819.1
2017-11-06 14:00:00,17.9,58,10.1,590.0,818.0
2017-11-06 15:00:00,17.2,57,13.0,520.0,817.4
2017-11-06 16:00:00,16.5,58,9.4,323.0,816.7
2017-11-06 17:00:00,16.5,62,6.5,282.0,816.6
2017-11-06 18:00:00,14.3,75,5.4,117.0,815.4
2017-11-06 19:00:00,12.6,77,6.5,6.0,814.8
2017-11-06 20:00:00,11.9,86,9.1,0.0,815.3
2017-11-06 21:00:00,12.3,85,5.7,0.0,816.3
2017-11-06 22:00:00,10.3,92,8.0,0.0,815.8
2017-11-06 23:00:00,9.8,95,8.4,0.0,816.2
2017-11-07 00:00:00,12.1,92,5.4,0.0,817.9
2017-11-07 01:00:00,11.9,93,1.4,0.0,817.6
2017-11-07 02:00:00,9.2,98,4.0,0.0,815.8
2017-11-07 03:00:00,9.9,97,3.7,0.0,815.8
2017-11-07 04:00:00,9.3,98,4.0,0.0,815.1
2017-11-07 05:00:00,9.6,97,4.7,0.0,815.0
2017-11-07 06:00:00,9.3,97,4.7,0.0,815.1
2017-11-07 07:00:00,8.8,98,3.5,0.0,815.5
2017-11-07 08:00:00,9.8,98,5.8,21.0,817.5
2017-11-07 09:00:00,11.0,97,3.7,84.0,819.0
2017-11-07 10:00:00,12.7,91,3.1,147.0,820.5
2017-11-07 11:00:00,14.5,80,7.8,297.0,821.3
2017-11-07 12:00:00,14.8,76,10.6,326.0,821.0
2017-11-07 13:00:00,15.0,75,10.4,299.0,820.1
2017-11-07 14:00:00,15.1,75,10.5,344.0,819.7
2017-11-07 15:00:00,15.5,72,10.6,398.0,819.1
2017-11-07 16:00:00,15.5,72,11.6,371.0,818.6
2017-11-07 17:00:00,15.1,72,9.5,187.0,818.1
2017-11-07 18:00:00,14.0,79,6.6,55.0,818.0
2017-11-07 19:00:00,11.4,89,6.5,5.0,817.1
2017-11-07 20:00:00,10.9,89,10.0,0.0,817.5
2017-11-07 21:00:00,11.1,89,6.0,0.0,818.1
2017-11-07 22:00:00,9.7,93,7.1,0.0,817.9
2017-11-07 23:00:00,9.0,95,7.1,0.0,818.1
2017-11-08 00:00:00,8.5,97,7.4,0.0,817.9
2017-11-08 01:00:00,9.7,96,5.8,0.0,818.6
2017-11-08 02:00:00,10.0,97,3.6,0.0,818.8
2017-11-08 03:00:00,9.2,100,2.9,0.0,818.0
2017-11-08 04:00:00,9.5,100,1.3,0.0,818.0
2017-11-08 05:00:00,9.6,99,3.0,0.0,818.0
2017-11-08 06:00:00,9.6,99,4.3,0.0,817.9
2017-11-08 07:00:00,9.7,98,3.6,0.0,818.3
2017-11-08 08:00:00,9.7,97,4.5,14.0,819.3
2017-11-08 09:00:00,11.0,88,7.4,126.0,819.9
2017-11-08 10:00:00,12.9,79,4.1,327.0,821.3
2017-11-08 11:00:00,14.6,71,3.6,501.0,821.5
2017-11-08 12:00:00,15.6,66,4.1,512.0,821.0
2017-11-08 13:00:00,16.8,61,6.0,651.0,820.5
2017-11-08 14:00:00,17.0,63,9.1,601.0,819.6
2017-11-08 15:00:00,17.0,62,10.8,516.0,818.5
2017-11-08 16:00:00,16.8,57,10.7,390.0,817.9
2017-11-08 17:00:00,16.5,58,6.9,281.0,817.3
2017-11-08 18:00:00,14.1,77,5.6,130.0,815.7
2017-11-08 19:00:00,11.0,81,9.9,7.0,814.3
2017-11-08 20:00:00,13.7,77,6.4,0.0,816.4
2017-11-08 21:00:00,12.0,88,7.3,0.0,815.6
2017-11-08 22:00:00,14.0,79,5.6,0.0,817.0
2017-11-08 23:00:00,13.6,82,5.4,0.0,817.0
2017-11-09 00:00:00,12.4,89,7.5,0.0,816.2
2017-11-09 01:00:00,10.9,93,8.1,0.0,815.2
2017-11-09 02:00:00,12.5,88,5.2,0.0,816.0
2017-11-09 03:00:00,11.8,89,3.1,0.0,815.5
2017-11-09 04:00:00,11.1,91,1.6,0.0,814.7
2017-11-09 05:00:00,10.5,94,1.6,0.0,814.2
2017-11-09 06:00:00,10.1,95,2.1,0.0,813.9
2017-11-09 07:00:00,9.9,96,1.1,0.0,814.2
2017-11-09 08:00:00,9.2,98,2.3,19.0,814.6
2017-11-09 09:00:00,11.3,94,1.5,110.0,816.4
2017-11-09 10:00:00,14.0,84,4.3,261.0,818.3
2017-11-09 11:00:00,16.9,70,11.5,497.0,819.1
2017-11-09 12:00:00,18.1,63,12.6,549.0,818.6
2017-11-09 13:00:00,19.0,57,12.3,604.0,818.2
2017-11-09 14:00:00,19.3,53,12.8,534.0,817.4
2017-11-09 15:00:00,19.2,54,13.6,501.0,816.4
2017-11-09 16:00:00,19.0,56,10.9,424.0,816.0
2017-11-09 17:00:00,18.2,63,8.2,275.0,815.5
2017-11-09 18:00:00,16.0,77,6.0,107.0,814.8
2017-11-09 19:00:00,13.9,86,6.2,4.0,814.0
2017-11-09 20:00:00,12.8,84,9.2,0.0,813.7
2017-11-09 21:00:00,11.3,88,9.2,0.0,813.4
2017-11-09 22:00:00,11.1,89,8.4,0.0,813.7
2017-11-09 23:00:00,11.4,89,7.9,0.0,814.3
2017-11-10 00:00:00,12.7,87,7.0,0.0,815.2
2017-11-10 01:00:00,12.4,89,6.6,0.0,815.3
2017-11-10 02:00:00,12.3,90,5.3,0.0,815.2
2017-11-10 03:00:00,8.3,98,5.2,0.0,812.4
2017-11-10 04:00:00,8.4,100,3.0,0.0,812.6
2017-11-10 05:00:00,8.9,99,3.5,0.0,813.0
2017-11-10 06:00:00,8.7,98,4.2,0.0,813.5
2017-11-10 07:00:00,9.1,98,4.8,0.0,814.3
2017-11-10 08:00:00,9.8,98,3.3,8.0,815.4
2017-11-10 09:00:00,11.7,94,2.3,75.0,817.3
2017-11-10 10:00:00,14.2,82,6.3,274.0,818.9
2017-11-10 11:00:00,16.3,67,7.9,395.0,819.4
2017-11-10 12:00:00,17.8,62,8.9,605.0,819.3
2017-11-10 13:00:00,18.7,59,9.6,716.0,818.7
2017-11-10 14:00:00,19.2,55,10.7,721.0,818.0
2017-11-10 15:00:00,19.4,53,10.0,649.0,817.4
2017-11-10 16:00:00,19.4,53,7.2,524.0,817.0
2017-11-10 17:00:00,18.7,56,6.0,353.0,816.5
2017-11-10 18:00:00,15.5,73,6.5,140.0,815.0
2017-11-10 19:00:00,14.0,70,6.6,6.0,814.5
2017-11-10 20:00:00,12.0,81,6.4,0.0,813.0
2017-11-10 21:00:00,10.6,84,4.7,0.0,812.8
2017-11-10 22:00:00,9.6,85,3.4,0.0,812.7
2017-11-10 23:00:00,9.4,84,2.6,0.0,813.1
2017-11-11 00:00:00,9.5,84,1.5,0.0,813.3
2017-11-11 01:00:00,9.0,86,1.1,0.0,813.1
2017-11-11 02:00:00,8.2,88,1.5,0.0,812.7
2017-11-11 03:00:00,7.9,90,1.8,0.0,812.4
2017-11-11 04:00:00,7.8,90,1.8,0.0,812.4
2017-11-11 05:00:00,7.6,91,2.2,0.0,812.1
2017-11-11 06:00:00,7.5,92,1.8,0.0,812.1
2017-11-11 07:00:00,7.8,93,2.2,0.0,812.6
2017-11-11 08:00:00,8.7,96,3.3,17.0,814.2
2017-11-11 09:00:00,11.7,91,2.5,107.0,816.5
2017-11-11 10:00:00,14.2,84,3.8,166.0,818.4
2017-11-11 11:00:00,17.1,70,12.7,437.0,819.0
2017-11-11 12:00:00,18.5,58,14.3,556.0,818.5
2017-11-11 13:00:00,19.4,54,14.3,691.0,818.0
2017-11-11 14:00:00,19.8,53,14.2,721.0,817.1
2017-11-11 15:00:00,19.9,50,13.8,642.0,816.2
2017-11-11 16:00:00,19.5,51,13.2,522.0,815.6
2017-11-11 17:00:00,18.6,58,10.0,350.0,815.1
2017-11-11 18:00:00,15.2,75,6.6,138.0,813.2
2017-11-11 19:00:00,14.9,69,7.2,6.0,813.1
2017-11-11 20:00:00,13.4,71,9.4,0.0,812.8
2017-11-11 21:00:00,10.8,85,10.2,0.0,811.8
2017-11-11 22:00:00,11.9,81,8.2,0.0,813.0
2017-11-11 23:00:00,12.4,80,7.4,0.0,813.5
2017-11-12 00:00:00,12.8,77,6.8,0.0,813.9
2017-11-12 01:00:00,11.6,79,7.1,0.0,813.1
2017-11-12 02:00:00,11.4,80,6.6,0.0,813.1
2017-11-12 03:00:00,10.3,84,6.4,0.0,812.2
2017-11-12 04:00:00,8.5,91,6.4,0.0,810.8
2017-11-12 05:00:00,7.5,95,6.6,0.0,810.0
2017-11-12 06:00:00,7.1,100,3.7,0.0,810.0
2017-11-12 07:00:00,8.0,99,3.5,0.0,811.1
2017-11-12 08:00:00,9.8,99,3.3,11.0,813.0
2017-11-12 09:00:00,11.7,97,5.6,79.0,814.7
2017-11-12 10:00:00,13.2,87,10.9,135.0,816.0
2017-11-12 11:00:00,15.1,71,11.3,408.0,816.8
2017-11-12 12:00:00,17.0,60,12.4,655.0,816.7
2017-11-12 13:00:00,18.3,52,13.5,747.0,816.1
2017-11-12 14:00:00,18.9,46,14.2,758.0,815.2
2017-11-12 15:00:00,19.1,45,14.2,693.0,814.4
2017-11-12 16:00:00,19.0,45,13.2,555.0,813.7
2017-11-12 17:00:00,18.1,52,10.1,359.0,813.3
2017-11-12 18:00:00,14.4,69,6.5,140.0,811.5
2017-11-12 19:00:00,11.2,78,9.7,6.0,810.2
2017-11-12 20:00:00,12.0,76,10.6,0.0,810.7
2017-11-12 21:00:00,10.3,81,10.1,0.0,810.0
2017-11-12 22:00:00,10.5,81,9.2,0.0,810.7
2017-11-12 23:00:00,11.3,80,8.3,0.0,811.4
2017-11-13 00:00:00,11.4,82,7.7,0.0,811.8
2017-11-13 01:00:00,10.7,84,8.3,0.0,811.4
2017-11-13 02:00:00,9.6,86,8.7,0.0,810.7
2017-11-13 03:00:00,9.1,86,8.3,0.0,810.2
2017-11-13 04:00:00,8.9,87,8.0,0.0,810.1
2017-11-13 05:00:00,8.2,89,7.9,0.0,809.5
2017-11-13 06:00:00,8.3,90,6.5,0.0,809.8
2017-11-13 07:00:00,8.7,90,4.8,0.0,810.6
2017-11-13 08:00:00,7.3,99,2.4,18.0,810.5
2017-11-13 09:00:00,10.3,94,2.7,144.0,813.0
2017-11-13 10:00:00,13.2,87,3.8,320.0,815.4
2017-11-13 11:00:00,16.1,69,10.1,578.0,816.3
2017-11-13 12:00:00,17.8,53,13.7,700.0,816.0
2017-11-13 13:00:00,18.7,47,14.6,733.0,815.3
2017-11-13 14:00:00,19.4,41,15.7,768.0,814.5
2017-11-13 15:00:00,19.3,46,14.6,693.0,813.5
2017-11-13 16:00:00,19.1,48,13.4,547.0,813.2
2017-11-13 17:00:00,18.2,53,10.4,347.0,813.0
2017-11-13 18:00:00,14.7,71,6.6,136.0,811.2
2017-11-13 19:00:00,11.4,80,10.0,5.0,809.8
2017-11-13 20:00:00,12.2,72,9.7,0.0,810.8
2017-11-13 21:00:00,11.3,75,8.7,0.0,810.7
2017-11-13 22:00:00,11.4,73,8.4,0.0,811.3
2017-11-13 23:00:00,13.6,70,7.4,0.0,813.1
2017-11-14 00:00:00,13.1,78,5.9,0.0,813.2
2017-11-14 01:00:00,12.8,80,4.3,0.0,813.3
2017-11-14 02:00:00,12.3,81,2.9,0.0,813.2
2017-11-14 03:00:00,11.7,82,1.1,0.0,812.8
2017-11-14 04:00:00,10.6,85,0.4,0.0,812.1
2017-11-14 05:00:00,10.2,86,0.0,0.0,811.8
2017-11-14 06:00:00,9.0,89,0.4,0.0,811.2
2017-11-14 07:00:00,9.6,87,0.4,0.0,812.1
2017-11-14 08:00:00,7.2,97,1.1,17.0,812.1
2017-11-14 09:00:00,11.7,87,1.1,184.0,815.4
2017-11-14 10:00:00,14.5,77,4.3,401.0,817.3
2017-11-14 11:00:00,16.2,65,8.4,583.0,817.8
2017-11-14 12:00:00,17.4,58,10.9,709.0,817.8
2017-11-14 13:00:00,18.4,53,11.7,761.0,817.1
2017-11-14 14:00:00,19.2,49,12.0,760.0,816.4
2017-11-14 15:00:00,19.5,48,12.5,683.0,815.7
2017-11-14 16:00:00,19.2,51,12.7,544.0,815.0
2017-11-14 17:00:00,18.4,56,11.2,350.0,814.6
2017-11-14 18:00:00,15.4,68,6.8,135.0,813.2
2017-11-14 19:00:00,12.3,76,8.2,5.0,812.1
2017-11-14 20:00:00,11.4,76,11.7,0.0,811.7
2017-11-14 21:00:00,12.3,69,8.0,0.0,812.8
2017-11-14 22:00:00,14.4,62,5.6,0.0,815.0
2017-11-14 23:00:00,13.8,66,4.0,0.0,815.3
2017-11-15 00:00:00,13.3,70,2.5,0.0,815.2
2017-11-15 01:00:00,12.8,74,2.2,0.0,814.9
2017-11-15 02:00:00,12.2,78,2.3,0.0,814.8
2017-11-15 03:00:00,11.9,83,3.1,0.0,814.5
2017-11-15 04:00:00,11.7,88,3.3,0.0,814.2
2017-11-15 05:00:00,11.7,93,3.2,0.0,814.2
2017-11-15 06:00:00,11.6,96,3.4,0.0,814.3
2017-11-15 07:00:00,11.5,98,4.6,0.0,814.8
2017-11-15 08:00:00,10.6,100,6.4,16.0,815.3
2017-11-15 09:00:00,12.7,91,8.3,175.0,817.1
2017-11-15 10:00:00,14.8,76,10.5,367.0,818.3
2017-11-15 11:00:00,16.4,67,12.5,537.0,818.6
2017-11-15 12:00:00,17.7,62,12.2,683.0,818.2
2017-11-15 13:00:00,18.7,56,13.3,726.0,817.5
2017-11-15 14:00:00,19.5,52,15.0,737.0,816.8
2017-11-15 15:00:00,19.5,54,15.1,627.0,816.2
2017-11-15 16:00:00,19.5,50,14.8,536.0,815.6
2017-11-15 17:00:00,18.6,54,11.8,345.0,814.9
2017-11-15 18:00:00,15.4,67,7.1,133.0,813.1
2017-11-15 19:00:00,12.6,78,7.6,5.0,812.0
2017-11-15 20:00:00,11.0,83,13.2,0.0,811.4
2017-11-15 21:00:00,10.7,83,8.3,0.0,811.6
2017-11-15 22:00:00,9.6,86,9.8,0.0,811.6
2017-11-15 23:00:00,9.6,87,9.2,0.0,811.5
2017-11-16 00:00:00,9.9,86,8.7,0.0,811.6
2017-11-16 01:00:00,10.0,84,8.0,0.0,811.7
2017-11-16 02:00:00,9.9,83,8.0,0.0,811.4
2017-11-16 03:00:00,9.8,84,8.1,0.0,811.1
2017-11-16 04:00:00,9.8,84,8.1,0.0,810.8
2017-11-16 05:00:00,10.1,84,7.5,0.0,810.7
2017-11-16 06:00:00,9.5,86,8.2,0.0,810.4
2017-11-16 07:00:00,9.8,86,7.9,0.0,810.6
2017-11-16 08:00:00,9.8,87,10.9,15.0,811.6
2017-11-16 09:00:00,14.3,73,8.7,166.0,814.6
2017-11-16 10:00:00,17.0,61,12.8,377.0,816.3
2017-11-16 11:00:00,18.8,55,17.4,558.0,817.0
2017-11-16 12:00:00,20.1,53,18.5,687.0,816.8
2017-11-16 13:00:00,21.1,52,19.4,748.0,816.3
2017-11-16 14:00:00,21.5,51,20.6,739.0,815.2
2017-11-16 15:00:00,21.4,52,19.9,661.0,814.5
2017-11-16 16:00:00,21.1,53,18.0,519.0,813.9
2017-11-16 17:00:00,20.1,58,18.4,337.0,813.9
2017-11-16 18:00:00,18.3,66,14.3,107.0,813.1
2017-11-16 19:00:00,16.1,76,10.2,4.0,812.2
2017-11-16 20:00:00,15.7,75,11.2,0.0,812.7
2017-11-16 21:00:00,14.6,81,8.7,0.0,812.4
2017-11-16 22:00:00,14.4,83,9.5,0.0,812.9
2017-11-16 23:00:00,14.7,81,11.4,0.0,813.2
2017-11-17 00:00:00,14.8,80,13.2,0.0,813.1
2017-11-17 01:00:00,14.6,81,13.8,0.0,813.1
2017-11-17 02:00:00,14.4,82,13.4,0.0,812.9
2017-11-17 03:00:00,14.3,84,13.2,0.0,812.4
2017-11-17 04:00:00,14.0,85,12.0,0.0,811.9
2017-11-17 05:00:00,13.6,86,10.3,0.0,811.2
2017-11-17 06:00:00,13.3,86,10.2,0.0,811.1
2017-11-17 07:00:00,13.1,87,10.2,0.0,811.5
2017-11-17 08:00:00,13.3,88,10.9,14.0,812.0
2017-11-17 09:00:00,15.7,82,12.3,160.0,813.7
2017-11-17 10:00:00,17.7,73,18.1,364.0,815.1
2017-11-17 11:00:00,19.3,66,21.1,540.0,815.4
2017-11-17 12:00:00,20.7,60,22.3,668.0,815.3
2017-11-17 13:00:00,21.4,58,22.6,731.0,814.6
2017-11-17 14:00:00,21.8,58,22.9,719.0,813.7
2017-11-17 15:00:00,21.8,56,24.5,647.0,813.0
2017-11-17 16:00:00,21.7,56,21.2,495.0,812.6
2017-11-17 17:00:00,20.9,59,16.4,314.0,812.6
2017-11-17 18:00:00,18.8,66,12.3,102.0,812.0
2017-11-17 19:00:00,16.5,76,6.9,4.0,811.4
2017-11-17 20:00:00,14.6,82,11.3,0.0,810.6
2017-11-17 21:00:00,14.9,77,7.3,0.0,811.6
2017-11-17 22:00:00,14.6,77,7.3,0.0,811.9
2017-11-17 23:00:00,13.4,81,8.3,0.0,811.6
2017-11-18 00:00:00,14.2,75,8.8,0.0,812.2
2017-11-18 01:00:00,15.9,69,2.3,0.0,813.7
2017-11-18 02:00:00,11.8,85,4.8,0.0,811.7
2017-11-18 03:00:00,11.2,89,5.7,0.0,811.5
2017-11-18 04:00:00,11.4,94,12.8,0.0,813.1
2017-11-18 05:00:00,11.1,97,9.9,0.0,813.3
2017-11-18 06:00:00,11.0,94,9.2,0.0,813.5
2017-11-18 07:00:00,10.6,93,8.7,0.0,813.7
2017-11-18 08:00:00,11.2,89,9.9,9.0,814.6
2017-11-18 09:00:00,12.1,84,11.1,63.0,815.6
2017-11-18 10:00:00,12.6,81,11.1,94.0,816.6
2017-11-18 11:00:00,13.0,80,12.2,135.0,817.2
2017-11-18 12:00:00,13.6,78,13.9,205.0,817.1
2017-11-18 13:00:00,14.3,76,14.8,280.0,816.9
2017-11-18 14:00:00,14.9,75,13.7,340.0,816.3
2017-11-18 15:00:00,15.0,75,11.3,301.0,815.5
2017-11-18 16:00:00,14.8,76,11.1,172.0,815.2
2017-11-18 17:00:00,14.1,80,10.8,77.0,815.0
2017-11-18 18:00:00,13.4,82,11.2,33.0,814.9
2017-11-18 19:00:00,12.6,84,12.0,1.0,814.9
2017-11-18 20:00:00,12.9,86,10.8,0.0,814.6
2017-11-18 21:00:00,12.5,88,9.6,0.0,814.8
2017-11-18 22:00:00,12.1,90,8.0,0.0,815.1
2017-11-18 23:00:00,12.0,90,8.1,0.0,815.5
2017-11-19 00:00:00,12.0,91,7.7,0.0,815.7
2017-11-19 01:00:00,12.0,92,7.2,0.0,815.5
2017-11-19 02:00:00,11.9,93,7.4,0.0,815.1
2017-11-19 03:00:00,11.9,93,6.4,0.0,814.7
2017-11-19 04:00:00,12.0,93,5.9,0.0,813.9
2017-11-19 05:00:00,12.3,94,6.6,0.0,813.5
2017-11-19 06:00:00,12.6,95,8.1,0.0,813.3
2017-11-19 07:00:00,13.0,96,10.2,0.0,813.7
2017-11-19 08:00:00,13.0,97,10.8,3.0,814.2
2017-11-19 09:00:00,14.3,90,14.5,57.0,815.2
2017-11-19 10:00:00,15.2,88,15.8,113.0,815.8
2017-11-19 11:00:00,17.1,78,15.9,281.0,816.4
2017-11-19 12:00:00,18.8,65,19.7,478.0,816.6
2017-11-19 13:00:00,19.5,58,19.7,510.0,816.1
2017-11-19 14:00:00,20.2,52,20.8,542.0,815.4
2017-11-19 15:00:00,20.4,49,20.6,500.0,814.7
2017-11-19 16:00:00,20.4,49,18.9,432.0,814.1
2017-11-19 17:00:00,19.6,56,14.0,301.0,813.7
2017-11-19 18:00:00,17.2,67,7.9,112.0,812.8
2017-11-19 19:00:00,14.8,80,8.2,4.0,812.2
2017-11-19 20:00:00,13.3,84,11.4,0.0,811.7
2017-11-19 21:00:00,14.4,86,9.5,0.0,813.7
2017-11-19 22:00:00,13.8,92,8.0,0.0,814.3
2017-11-19 23:00:00,12.8,95,6.3,0.0,814.2
2017-11-20 00:00:00,12.5,97,6.1,0.0,814.6
2017-11-20 01:00:00,12.8,98,6.8,0.0,815.1
2017-11-20 02:00:00,12.7,100,6.5,0.0,815.3
2017-11-20 03:00:00,12.9,100,7.2,0.0,815.3
2017-11-20 04:00:00,13.5,100,7.4,0.0,815.2
2017-11-20 05:00:00,13.4,100,6.6,0.0,815.2
2017-11-20 06:00:00,13.4,100,7.2,0.0,815.4
2017-11-20 07:00:00,9.5,97,14.8,0.0,814.8
2017-11-20 08:00:00,7.9,99,15.3,3.0,815.1
2017-11-20 09:00:00,8.4,95,11.8,34.0,816.1
2017-11-20 10:00:00,9.7,90,12.4,117.0,817.3
2017-11-20 11:00:00,9.7,90,12.0,106.0,817.4
2017-11-20 12:00:00,10.5,87,13.0,205.0,817.2
2017-11-20 13:00:00,11.1,86,11.8,201.0,816.4
2017-11-20 14:00:00,11.9,85,12.7,254.0,815.8
2017-11-20 15:00:00,11.8,86,11.5,176.0,814.9
2017-11-20 16:00:00,11.6,87,10.0,108.0,814.1
2017-11-20 17:00:00,11.5,87,8.8,60.0,813.9
2017-11-20 18:00:00,11.2,88,8.6,16.0,813.8
2017-11-20 19:00:00,11.0,89,8.9,1.0,813.9
2017-11-20 20:00:00,12.2,89,11.2,0.0,814.2
2017-11-20 21:00:00,12.6,91,11.8,0.0,814.6
2017-11-20 22:00:00,13.0,95,12.7,0.0,815.0
2017-11-20 23:00:00,13.1,97,14.4,0.0,814.9
2017-11-21 00:00:00,13.1,97,13.9,0.0,814.9
2017-11-21 01:00:00,13.1,98,12.9,0.0,814.6
2017-11-21 02:00:00,13.1,98,12.5,0.0,814.4
2017-11-21 03:00:00,13.0,100,11.7,0.0,814.1
2017-11-21 04:00:00,13.0,100,11.1,0.0,813.6
2017-11-21 05:00:00,13.1,100,9.8,0.0,813.2
2017-11-21 06:00:00,13.3,100,9.7,0.0,813.1
2017-11-21 07:00:00,13.5,99,10.4,0.0,813.6
2017-11-21 08:00:00,13.5,100,11.3,3.0,814.2
2017-11-21 09:00:00,14.1,96,12.6,37.0,815.0
2017-11-21 10:00:00,15.0,91,15.0,150.0,816.2
2017-11-21 11:00:00,16.3,84,16.6,406.0,816.7
2017-11-21 12:00:00,17.5,76,17.2,482.0,816.3
2017-11-21 13:00:00,18.6,68,19.0,531.0,815.6
2017-11-21 14:00:00,19.0,65,19.0,469.0,814.6
2017-11-21 15:00:00,18.8,68,17.6,483.0,813.7
2017-11-21 16:00:00,18.5,71,15.5,370.0,813.5
2017-11-21 17:00:00,18.1,73,12.0,237.0,813.0
2017-11-21 18:00:00,16.3,79,8.4,90.0,812.6
2017-11-21 19:00:00,14.6,87,7.7,3.0,812.1
2017-11-21 20:00:00,13.7,89,7.6,0.0,811.8
2017-11-21 21:00:00,13.7,91,8.4,0.0,812.7
2017-11-21 22:00:00,13.3,95,8.3,0.0,813.4
2017-11-21 23:00:00,12.6,96,6.8,0.0,813.7
2017-11-22 00:00:00,11.8,99,6.0,0.0,813.4
2017-11-22 01:00:00,13.6,96,5.7,0.0,814.6
2017-11-22 02:00:00,13.9,96,6.1,0.0,814.5
2017-11-22 03:00:00,13.7,97,6.6,0.0,814.2
2017-11-22 04:00:00,13.8,96,8.9,0.0,813.9
2017-11-22 05:00:00,13.4,100,9.8,0.0,813.7
2017-11-22 06:00:00,12.9,100,8.6,0.0,813.7
2017-11-22 07:00:00,12.6,100,9.4,0.0,813.8
2017-11-22 08:00:00,13.1,95,7.7,3.0,814.8
2017-11-22 09:00:00,13.4,96,7.7,54.0,815.9
2017-11-22 10:00:00,10.0,97,15.5,165.0,816.0
2017-11-22 11:00:00,9.7,94,13.6,174.0,816.2
2017-11-22 12:00:00,10.1,90,11.2,173.0,815.7
2017-11-22 13:00:00,10.3,90,13.0,160.0,815.0
2017-11-22 14:00:00,10.3,90,13.4,169.0,814.3
2017-11-22 15:00:00,10.3,90,13.3,212.0,813.7
2017-11-22 16:00:00,9.8,91,11.3,152.0,813.1
2017-11-22 17:00:00,9.2,91,11.6,43.0,812.8
2017-11-22 18:00:00,8.6,92,10.9,13.0,813.0
2017-11-22 19:00:00,8.3,91,12.1,0.0,813.3
2017-11-22 20:00:00,8.0,92,11.2,0.0,813.6
2017-11-22 21:00:00,8.0,91,11.0,0.0,814.1
2017-11-22 22:00:00,7.8,91,11.3,0.0,814.4
2017-11-22 23:00:00,7.8,90,11.3,0.0,814.8
2017-11-23 00:00:00,7.5,91,11.7,0.0,814.9
2017-11-23 01:00:00,7.2,91,11.6,0.0,814.6
2017-11-23 02:00:00,6.8,92,12.0,0.0,814.3
2017-11-23 03:00:00,6.4,93,12.3,0.0,813.8
2017-11-23 04:00:00,6.0,94,12.3,0.0,813.5
2017-11-23 05:00:00,5.6,96,11.9,0.0,813.5
2017-11-23 06:00:00,5.2,96,13.3,0.0,813.9
2017-11-23 07:00:00,5.1,96,12.6,0.0,814.2
2017-11-23 08:00:00,4.3,93,13.0,1.0,815.2
2017-11-23 09:00:00,4.3,91,15.6,16.0,815.7
2017-11-23 10:00:00,4.4,88,15.5,37.0,816.4
2017-11-23 11:00:00,4.7,86,16.6,80.0,816.6
2017-11-23 12:00:00,4.8,85,16.2,99.0,815.8
2017-11-23 13:00:00,5.0,84,15.5,117.0,814.9
2017-11-23 14:00:00,5.3,83,15.1,142.0,814.2
2017-11-23 15:00:00,5.2,86,14.4,93.0,813.2
2017-11-23 16:00:00,5.1,87,11.9,80.0,813.3
2017-11-23 17:00:00,4.9,87,12.7,54.0,813.2
2017-11-23 18:00:00,4.7,87,13.5,19.0,813.4
2017-11-23 19:00:00,4.6,88,11.8,1.0,814.3
2017-11-23 20:00:00,4.3,88,12.3,0.0,814.4
2017-11-23 21:00:00,4.4,87,11.8,0.0,815.2
2017-11-23 22:00:00,4.4,87,11.6,0.0,815.6
2017-11-23 23:00:00,4.4,87,11.2,0.0,816.0
2017-11-24 00:00:00,4.4,88,11.5,0.0,816.1
2017-11-24 01:00:00,4.3,89,11.5,0.0,816.0
2017-11-24 02:00:00,4.3,89,12.0,0.0,815.7
2017-11-24 03:00:00,4.3,88,11.4,0.0,815.5
2017-11-24 04:00:00,4.0,90,12.0,0.0,815.1
2017-11-24 05:00:00,3.7,92,13.0,0.0,814.8
2017-11-24 06:00:00,3.2,97,12.5,0.0,814.7
2017-11-24 07:00:00,3.0,97,13.4,0.0,815.0
2017-11-24 08:00:00,2.7,97,11.6,1.0,816.6
2017-11-24 09:00:00,2.8,97,12.9,15.0,816.9
2017-11-24 10:00:00,3.0,97,13.6,40.0,817.5
2017-11-24 11:00:00,3.5,95,13.0,83.0,817.3
2017-11-24 12:00:00,3.8,96,11.2,79.0,816.7
2017-11-24 13:00:00,3.9,96,10.2,58.0,815.8
2017-11-24 14:00:00,4.4,95,9.7,112.0,814.7
2017-11-24 15:00:00,4.8,95,9.5,108.0,813.8
2017-11-24 16:00:00,4.9,97,9.5,72.0,813.5
2017-11-24 17:00:00,4.8,98,7.4,26.0,813.4
2017-11-24 18:00:00,4.9,97,4.7,16.0,814.0
2017-11-24 19:00:00,4.9,98,8.0,0.0,814.1
2017-11-24 20:00:00,5.1,96,6.8,0.0,814.6
2017-11-24 21:00:00,5.0,96,7.7,0.0,814.8
2017-11-24 22:00:00,5.2,94,5.8,0.0,815.1
2017-11-24 23:00:00,5.3,94,4.7,0.0,815.4
2017-11-25 00:00:00,5.2,95,4.7,0.0,815.5
2017-11-25 01:00:00,5.3,95,4.4,0.0,815.2
2017-11-25 02:00:00,5.3,95,5.1,0.0,814.8
2017-11-25 03:00:00,5.4,95,3.9,0.0,814.6
2017-11-25 04:00:00,5.6,95,4.1,0.0,814.2
2017-11-25 05:00:00,5.6,96,4.9,0.0,813.8
2017-11-25 06:00:00,5.7,96,3.9,0.0,813.7
2017-11-25 07:00:00,5.8,96,5.4,0.0,813.9
2017-11-25 08:00:00,5.9,95,4.0,3.0,815.5
2017-11-25 09:00:00,6.9,91,4.0,32.0,816.8
2017-11-25 10:00:00,7.9,89,3.6,88.0,817.4
2017-11-25 11:00:00,8.8,87,3.3,159.0,817.8
2017-11-25 12:00:00,10.0,84,3.9,229.0,817.6
2017-11-25 13:00:00,10.8,81,6.3,245.0,817.3
2017-11-25 14:00:00,11.6,79,7.3,243.0,816.6
2017-11-25 15:00:00,12.1,76,8.1,217.0,816.0
2017-11-25 16:00:00,12.2,77,7.3,155.0,815.6
2017-11-25 17:00:00,11.8,81,9.5,88.0,815.8
2017-11-25 18:00:00,10.9,88,9.1,42.0,815.9
2017-11-25 19:00:00,9.3,95,6.7,2.0,815.4
2017-11-25 20:00:00,8.9,94,5.4,0.0,815.4
2017-11-25 21:00:00,8.2,96,5.2,0.0,816.0
2017-11-25 22:00:00,8.0,97,5.3,0.0,816.6
2017-11-25 23:00:00,8.7,97,6.8,0.0,817.4
2017-11-26 00:00:00,8.7,98,5.2,0.0,817.4
2017-11-26 01:00:00,8.8,98,3.9,0.0,817.6
2017-11-26 02:00:00,8.8,96,4.8,0.0,817.5
2017-11-26 03:00:00,8.8,95,5.4,0.0,817.2
2017-11-26 04:00:00,8.8,95,5.6,0.0,816.9
2017-11-26 05:00:00,8.8,95,5.9,0.0,816.9
2017-11-26 06:00:00,8.6,95,5.6,0.0,816.8
2017-11-26 07:00:00,8.6,96,5.5,0.0,817.1
2017-11-26 08:00:00,8.2,96,7.1,2.0,818.2
2017-11-26 09:00:00,8.9,92,9.3,35.0,818.9
2017-11-26 10:00:00,10.0,88,11.9,101.0,819.5
2017-11-26 11:00:00,11.6,77,10.5,256.0,820.1
2017-11-26 12:00:00,13.2,67,10.5,417.0,819.7
2017-11-26 13:00:00,13.7,64,10.6,387.0,818.8
2017-11-26 14:00:00,13.9,66,10.7,350.0,817.7
2017-11-26 15:00:00,14.8,60,10.2,480.0,816.8
2017-11-26 16:00:00,14.9,54,9.7,381.0,816.3
2017-11-26 17:00:00,14.2,57,8.4,233.0,815.6
2017-11-26 18:00:00,12.4,66,7.2,100.0,814.9
2017-11-26 19:00:00,10.5,78,9.4,3.0,814.5
2017-11-26 20:00:00,10.1,81,7.9,0.0,814.2
2017-11-26 21:00:00,9.4,88,7.6,0.0,814.4
2017-11-26 22:00:00,8.7,93,6.8,0.0,814.3
2017-11-26 23:00:00,8.3,95,6.6,0.0,814.3
2017-11-27 00:00:00,8.2,96,6.8,0.0,814.2
2017-11-27 01:00:00,7.8,96,6.2,0.0,813.7
2017-11-27 02:00:00,8.2,96,6.1,0.0,813.8
2017-11-27 03:00:00,9.0,95,6.9,0.0,814.1
2017-11-27 04:00:00,9.0,95,5.7,0.0,813.6
2017-11-27 05:00:00,9.0,96,5.0,0.0,813.2
2017-11-27 06:00:00,9.2,95,5.2,0.0,813.1
2017-11-27 07:00:00,9.2,95,5.2,0.0,813.4
2017-11-27 08:00:00,9.0,97,5.2,3.0,813.8
2017-11-27 09:00:00,9.9,93,7.8,28.0,814.5
2017-11-27 10:00:00,10.9,89,11.0,96.0,815.2
2017-11-27 11:00:00,12.4,82,14.2,204.0,815.6
2017-11-27 12:00:00,13.6,75,16.1,312.0,815.0
2017-11-27 13:00:00,14.2,72,18.5,455.0,814.6
2017-11-27 14:00:00,14.9,67,18.1,446.0,813.7
2017-11-27 15:00:00,15.1,64,17.7,371.0,813.1
2017-11-27 16:00:00,15.1,64,15.6,309.0,812.6
2017-11-27 17:00:00,14.6,66,13.6,220.0,812.2
2017-11-27 18:00:00,13.0,72,9.3,94.0,811.8
2017-11-27 19:00:00,10.5,83,7.1,3.0,810.8
2017-11-27 20:00:00,9.2,88,8.8,0.0,810.3
2017-11-27 21:00:00,9.5,89,7.7,0.0,810.9
2017-11-27 22:00:00,8.9,93,7.2,0.0,811.4
2017-11-27 23:00:00,8.3,95,6.4,0.0,811.8
2017-11-28 00:00:00,7.4,97,6.4,0.0,811.3
2017-11-28 01:00:00,7.4,97,6.1,0.0,811.4
2017-11-28 02:00:00,8.3,96,4.9,0.0,812.2
2017-11-28 03:00:00,9.3,95,5.2,0.0,812.7
2017-11-28 04:00:00,9.5,95,5.1,0.0,812.5
2017-11-28 05:00:00,9.6,96,3.6,0.0,812.5
2017-11-28 06:00:00,9.7,97,4.0,0.0,812.7
2017-11-28 07:00:00,9.5,98,5.4,0.0,813.3
2017-11-28 08:00:00,9.4,96,8.2,3.0,814.1
2017-11-28 09:00:00,10.2,90,7.2,63.0,815.1
2017-11-28 10:00:00,11.2,82,10.8,217.0,816.3
2017-11-28 11:00:00,12.8,69,12.4,398.0,817.1
2017-11-28 12:00:00,14.2,57,13.2,527.0,817.0
2017-11-28 13:00:00,15.3,49,15.7,578.0,816.6
2017-11-28 14:00:00,15.9,45,18.1,558.0,815.8
2017-11-28 15:00:00,16.0,44,15.9,451.0,815.2
2017-11-28 16:00:00,16.1,45,17.3,427.0,814.9
2017-11-28 17:00:00,14.6,59,12.7,259.0,814.5
2017-11-28 18:00:00,12.5,70,6.8,101.0,813.6
2017-11-28 19:00:00,10.9,78,6.4,3.0,812.9
2017-11-28 20:00:00,8.8,86,11.4,0.0,812.5
2017-11-28 21:00:00,9.2,86,6.4,0.0,813.4
2017-11-28 22:00:00,8.9,88,6.5,0.0,814.0
2017-11-28 23:00:00,8.3,90,7.1,0.0,813.9
2017-11-29 00:00:00,8.2,90,7.1,0.0,814.2
2017-11-29 01:00:00,8.8,89,6.6,0.0,814.7
2017-11-29 02:00:00,8.3,91,6.2,0.0,814.4
2017-11-29 03:00:00,7.5,92,5.8,0.0,813.6
2017-11-29 04:00:00,6.8,94,6.6,0.0,812.9
2017-11-29 05:00:00,6.9,94,6.5,0.0,813.0
2017-11-29 06:00:00,6.6,95,6.9,0.0,813.1
2017-11-29 07:00:00,6.4,96,6.1,0.0,813.3
2017-11-29 08:00:00,8.9,95,2.9,5.0,815.6
2017-11-29 09:00:00,10.0,91,6.6,40.0,816.5
2017-11-29 10:00:00,10.9,87,11.1,110.0,817.2
2017-11-29 11:00:00,13.0,72,14.8,350.0,818.2
2017-11-29 12:00:00,14.5,60,15.1,454.0,817.9
2017-11-29 13:00:00,15.3,54,17.4,512.0,817.3
2017-11-29 14:00:00,15.5,52,17.9,563.0,816.3
2017-11-29 15:00:00,15.5,51,17.2,466.0,815.6
2017-11-29 16:00:00,15.2,51,16.2,326.0,815.3
2017-11-29 17:00:00,14.9,54,11.9,225.0,815.2
2017-11-29 18:00:00,12.6,67,6.1,100.0,814.2
2017-11-29 19:00:00,9.3,82,8.1,3.0,812.7
2017-11-29 20:00:00,9.3,81,10.2,0.0,813.1
2017-11-29 21:00:00,7.9,87,9.0,0.0,812.9
2017-11-29 22:00:00,8.2,88,8.0,0.0,813.7
2017-11-29 23:00:00,7.8,91,8.5,0.0,813.9
2017-11-30 00:00:00,8.0,90,8.0,0.0,814.1
2017-11-30 01:00:00,8.4,88,6.5,0.0,814.4
2017-11-30 02:00:00,10.1,82,4.8,0.0,815.3
2017-11-30 03:00:00,9.7,84,3.8,0.0,814.7
2017-11-30 04:00:00,9.1,86,3.1,0.0,814.1
2017-11-30 05:00:00,6.1,93,2.3,0.0,812.1
2017-11-30 06:00:00,4.7,97,2.2,0.0,811.4
2017-11-30 07:00:00,4.3,98,2.2,0.0,811.6
2017-11-30 08:00:00,4.4,100,2.2,6.0,812.6
2017-11-30 09:00:00,7.7,95,2.6,117.0,815.3
2017-11-30 10:00:00,10.7,89,0.8,273.0,817.7
2017-11-30 11:00:00,13.1,73,4.9,418.0,818.7
2017-11-30 12:00:00,14.3,66,8.3,491.0,818.2
2017-11-30 13:00:00,14.9,61,10.9,555.0,817.7
2017-11-30 14:00:00,15.2,58,10.4,531.0,816.5
2017-11-30 15:00:00,15.5,55,8.6,471.0,815.4
2017-11-30 16:00:00,15.6,56,10.4,400.0,815.0
2017-11-30 17:00:00,14.8,63,10.1,207.0,814.5
2017-11-30 18:00:00,13.0,73,9.8,99.0,814.2
2017-11-30 19:00:00,10.7,88,11.2,3.0,814.1
2017-11-30 20:00:00,10.9,88,9.4,0.0,813.6
2017-11-30 21:00:00,10.2,91,6.8,0.0,814.0
2017-11-30 22:00:00,7.5,97,8.0,0.0,813.3
2017-11-30 23:00:00,6.6,99,8.6,0.0,813.4
2017-12-01 00:00:00,7.3,97,6.5,0.0,814.3
2017-12-01 01:00:00,7.8,97,4.5,0.0,814.8
2017-12-01 02:00:00,9.1,94,4.8,0.0,815.7
2017-12-01 03:00:00,8.9,96,5.5,0.0,815.2
2017-12-01 04:00:00,8.8,98,7.1,0.0,814.7
2017-12-01 05:00:00,8.8,99,8.0,0.0,814.7
2017-12-01 06:00:00,8.8,100,7.4,0.0,815.0
2017-12-01 07:00:00,8.8,99,8.0,0.0,815.4
2017-12-01 08:00:00,8.6,99,8.2,2.0,816.0
2017-12-01 09:00:00,9.4,94,10.5,55.0,816.8
2017-12-01 10:00:00,10.3,84,11.6,167.0,817.6
2017-12-01 11:00:00,11.9,73,10.8,266.0,818.3
2017-12-01 12:00:00,13.6,61,12.7,359.0,818.1
2017-12-01 13:00:00,14.6,55,13.8,440.0,817.2
2017-12-01 14:00:00,15.4,49,15.5,457.0,816.5
2017-12-01 15:00:00,15.2,49,15.9,397.0,815.5
2017-12-01 16:00:00,15.3,49,15.6,400.0,815.3
2017-12-01 17:00:00,14.7,54,13.0,232.0,815.0
2017-12-01 18:00:00,12.8,63,7.4,92.0,814.1
2017-12-01 19:00:00,10.4,73,6.6,3.0,813.2
2017-12-01 20:00:00,8.6,84,11.2,0.0,812.7
2017-12-01 21:00:00,8.0,89,8.6,0.0,812.9
2017-12-01 22:00:00,7.9,89,7.6,0.0,813.3
2017-12-01 23:00:00,7.7,89,7.4,0.0,813.8
2017-12-02 00:00:00,6.8,92,8.5,0.0,813.6
2017-12-02 01:00:00,6.2,94,9.3,0.0,813.4
2017-12-02 02:00:00,6.0,96,9.3,0.0,813.1
2017-12-02 03:00:00,6.0,97,9.1,0.0,813.0
2017-12-02 04:00:00,6.6,98,7.4,0.0,813.2
2017-12-02 05:00:00,7.8,98,5.7,0.0,813.9
2017-12-02 06:00:00,8.4,98,6.5,0.0,814.3
2017-12-02 07:00:00,8.2,99,7.1,0.0,814.5
2017-12-02 08:00:00,9.3,97,9.0,2.0,815.9
2017-12-02 09:00:00,10.2,90,12.9,32.0,816.7
2017-12-02 10:00:00,11.7,78,15.1,216.0,818.0
2017-12-02 11:00:00,13.0,68,16.0,346.0,818.6
2017-12-02 12:00:00,13.9,63,15.8,463.0,818.2
2017-12-02 13:00:00,15.0,54,16.6,554.0,817.7
2017-12-02 14:00:00,15.5,49,17.9,595.0,816.5
2017-12-02 15:00:00,15.7,50,16.0,612.0,815.7
2017-12-02 16:00:00,15.4,49,15.0,472.0,815.2
2017-12-02 17:00:00,14.6,55,13.1,304.0,814.5
2017-12-02 18:00:00,12.2,67,7.9,118.0,813.3
2017-12-02 19:00:00,9.6,79,6.9,3.0,812.3
2017-12-02 20:00:00,8.3,86,10.6,0.0,811.6
2017-12-02 21:00:00,8.4,85,6.6,0.0,812.2
2017-12-02 22:00:00,7.8,88,6.9,0.0,812.4
2017-12-02 23:00:00,6.8,91,8.5,0.0,812.1
2017-12-03 00:00:00,5.8,92,10.3,0.0,811.6
2017-12-03 01:00:00,5.7,92,9.6,0.0,811.3
2017-12-03 02:00:00,7.5,87,8.0,0.0,812.3
2017-12-03 03:00:00,8.8,85,6.7,0.0,813.0
2017-12-03 04:00:00,8.3,88,5.8,0.0,812.3
2017-12-03 05:00:00,8.1,88,5.2,0.0,812.3
2017-12-03 06:00:00,7.8,90,4.6,0.0,812.3
2017-12-03 07:00:00,4.4,99,4.4,0.0,810.6
2017-12-03 08:00:00,6.9,98,4.3,4.0,813.3
2017-12-03 09:00:00,7.7,94,5.8,48.0,814.4
2017-12-03 10:00:00,9.0,86,10.0,146.0,815.9
2017-12-03 11:00:00,11.3,70,12.7,350.0,816.8
2017-12-03 12:00:00,13.2,59,11.6,540.0,816.8
2017-12-03 13:00:00,14.5,54,11.8,679.0,816.4
2017-12-03 14:00:00,15.3,50,11.9,717.0,815.7
2017-12-03 15:00:00,15.5,48,11.0,654.0,815.0
2017-12-03 16:00:00,15.4,49,10.6,520.0,814.7
2017-12-03 17:00:00,14.8,55,7.0,330.0,814.5
2017-12-03 18:00:00,10.7,79,7.6,123.0,812.5
2017-12-03 19:00:00,8.3,83,9.5,3.0,811.6
2017-12-03 20:00:00,9.6,74,9.3,0.0,812.2
2017-12-03 21:00:00,11.7,63,4.4,0.0,814.4
2017-12-03 22:00:00,10.7,67,3.2,0.0,814.8
2017-12-03 23:00:00,10.4,68,2.8,0.0,815.5
2017-12-04 00:00:00,6.3,84,7.6,0.0,813.4
2017-12-04 01:00:00,7.1,92,9.9,0.0,815.2
2017-12-04 02:00:00,7.8,98,11.8,0.0,815.7
2017-12-04 03:00:00,7.8,94,14.4,0.0,815.6
2017-12-04 04:00:00,7.3,92,14.3,0.0,815.5
2017-12-04 05:00:00,7.2,91,13.8,0.0,815.3
2017-12-04 06:00:00,7.0,91,13.0,0.0,815.4
2017-12-04 07:00:00,7.0,90,12.6,0.0,815.8
2017-12-04 08:00:00,6.5,91,12.1,1.0,816.5
2017-12-04 09:00:00,6.9,89,13.0,25.0,816.8
2017-12-04 10:00:00,7.8,84,13.1,99.0,817.4
2017-12-04 11:00:00,8.9,77,9.1,174.0,817.7
2017-12-04 12:00:00,9.6,73,8.7,223.0,817.6
2017-12-04 13:00:00,10.6,69,10.0,311.0,817.1
2017-12-04 14:00:00,10.9,69,9.4,260.0,815.8
2017-12-04 15:00:00,10.8,72,9.7,186.0,814.9
2017-12-04 16:00:00,10.5,75,7.4,103.0,814.4
2017-12-04 17:00:00,10.3,78,7.3,49.0,814.2
2017-12-04 18:00:00,10.1,81,4.3,19.0,814.2
2017-12-04 19:00:00,7.9,91,6.0,2.0,813.0
2017-12-04 20:00:00,6.8,90,7.7,0.0,812.5
2017-12-04 21:00:00,5.5,94,7.2,0.0,812.2
2017-12-04 22:00:00,5.3,94,6.1,0.0,812.8
2017-12-04 23:00:00,5.1,95,6.2,0.0,813.1
2017-12-05 00:00:00,4.6,96,7.4,0.0,813.1
2017-12-05 01:00:00,4.1,98,7.4,0.0,813.0
2017-12-05 02:00:00,3.5,98,7.5,0.0,813.1
2017-12-05 03:00:00,3.8,98,6.6,0.0,813.2
2017-12-05 04:00:00,4.1,98,6.4,0.0,813.6
2017-12-05 05:00:00,6.2,95,4.7,0.0,815.2
2017-12-05 06:00:00,6.6,94,6.5,0.0,815.8
2017-12-05 07:00:00,6.6,95,6.9,0.0,816.0
2017-12-05 08:00:00,6.5,95,6.5,1.0,816.7
2017-12-05 09:00:00,7.1,91,9.7,33.0,817.3
2017-12-05 10:00:00,8.2,85,13.2,105.0,817.8
2017-12-05 11:00:00,9.7,76,10.9,204.0,818.2
2017-12-05 12:00:00,11.4,66,12.7,368.0,818.0
2017-12-05 13:00:00,11.3,70,13.1,295.0,816.5
2017-12-05 14:00:00,11.8,66,12.0,316.0,815.6
2017-12-05 15:00:00,12.6,60,13.8,284.0,814.3
2017-12-05 16:00:00,12.7,57,15.5,252.0,813.6
2017-12-05 17:00:00,11.8,65,14.8,150.0,812.6
2017-12-05 18:00:00,10.5,69,9.7,79.0,811.4
2017-12-05 19:00:00,9.3,76,9.3,3.0,810.6
2017-12-05 20:00:00,7.4,86,7.6,0.0,809.4
2017-12-05 21:00:00,7.2,88,6.7,0.0,809.6
2017-12-05 22:00:00,6.2,93,6.4,0.0,809.1
2017-12-05 23:00:00,5.3,96,7.5,0.0,808.7
2017-12-06 00:00:00,4.6,97,8.9,0.0,807.9
2017-12-06 01:00:00,4.4,97,8.9,0.0,807.8
2017-12-06 02:00:00,5.1,95,6.9,0.0,808.1
2017-12-06 03:00:00,6.1,94,6.9,0.0,808.1
2017-12-06 04:00:00,5.6,96,6.1,0.0,807.5
2017-12-06 05:00:00,5.3,96,6.7,0.0,807.0
2017-12-06 06:00:00,6.0,96,5.4,0.0,807.4
2017-12-06 07:00:00,6.7,95,5.4,0.0,808.7
2017-12-06 08:00:00,6.6,95,9.2,2.0,809.2
2017-12-06 09:00:00,7.4,92,12.1,70.0,810.2
2017-12-06 10:00:00,9.5,78,13.3,229.0,812.1
2017-12-06 11:00:00,11.8,67,14.1,399.0,813.1
2017-12-06 12:00:00,13.1,64,12.6,569.0,813.1
2017-12-06 13:00:00,14.5,59,14.0,709.0,813.2
2017-12-06 14:00:00,15.3,55,14.8,701.0,812.2
2017-12-06 15:00:00,15.7,52,14.3,637.0,811.8
2017-12-06 16:00:00,15.6,53,13.9,510.0,811.7
2017-12-06 17:00:00,14.8,57,14.0,326.0,811.3
2017-12-06 18:00:00,12.4,67,9.2,122.0,810.5
2017-12-06 19:00:00,10.0,76,7.9,3.0,809.7
2017-12-06 20:00:00,9.3,79,8.2,0.0,808.9
2017-12-06 21:00:00,8.7,82,6.9,0.0,809.0
2017-12-06 22:00:00,7.1,87,8.2,0.0,808.5
2017-12-06 23:00:00,6.2,91,9.5,0.0,808.3
2017-12-07 00:00:00,7.7,88,8.0,0.0,809.4
2017-12-07 01:00:00,9.6,84,7.2,0.0,810.6
2017-12-07 02:00:00,9.2,87,6.9,0.0,810.4
2017-12-07 03:00:00,8.8,90,5.5,0.0,810.2
2017-12-07 04:00:00,8.5,94,4.0,0.0,810.1
2017-12-07 05:00:00,8.0,97,3.6,0.0,809.7
2017-12-07 06:00:00,7.7,98,4.3,0.0,809.6
2017-12-07 07:00:00,7.6,99,5.6,0.0,809.9
2017-12-07 08:00:00,6.9,99,2.0,3.0,810.1
2017-12-07 09:00:00,8.4,99,1.6,120.0,811.9
2017-12-07 10:00:00,10.9,80,6.2,312.0,813.8
2017-12-07 11:00:00,12.7,70,7.4,497.0,814.6
2017-12-07 12:00:00,14.1,65,8.7,654.0,814.9
2017-12-07 13:00:00,15.4,60,9.3,730.0,814.6
2017-12-07 14:00:00,16.5,56,9.2,723.0,814.3
2017-12-07 15:00:00,16.7,57,9.3,623.0,814.0
2017-12-07 16:00:00,16.5,61,9.1,486.0,813.6
2017-12-07 17:00:00,15.9,63,8.9,311.0,813.5
2017-12-07 18:00:00,11.8,83,7.6,120.0,811.9
2017-12-07 19:00:00,13.6,66,6.4,3.0,813.7
2017-12-07 20:00:00,13.8,61,4.6,0.0,814.2
2017-12-07 21:00:00,9.4,80,8.2,0.0,813.2
2017-12-07 22:00:00,8.6,92,14.2,0.0,815.6
2017-12-07 23:00:00,9.2,89,17.4,0.0,817.0
2017-12-08 00:00:00,8.5,85,19.2,0.0,817.8
2017-12-08 01:00:00,6.8,84,17.9,0.0,817.7
2017-12-08 02:00:00,6.1,80,17.1,0.0,817.7
2017-12-08 03:00:00,5.5,80,15.1,0.0,817.5
2017-12-08 04:00:00,5.3,79,13.9,0.0,817.1
2017-12-08 05:00:00,5.2,79,13.6,0.0,816.9
2017-12-08 06:00:00,4.9,80,13.5,0.0,816.8
2017-12-08 07:00:00,4.8,81,14.1,0.0,817.0
2017-12-08 08:00:00,4.9,83,16.6,1.0,817.6
2017-12-08 09:00:00,5.5,81,17.1,27.0,817.8
2017-12-08 10:00:00,5.9,80,15.1,76.0,818.3
2017-12-08 11:00:00,6.5,79,13.1,142.0,818.5
2017-12-08 12:00:00,7.1,78,11.0,174.0,817.7
2017-12-08 13:00:00,7.9,77,9.7,211.0,817.0
2017-12-08 14:00:00,8.6,77,9.5,206.0,815.9
2017-12-08 15:00:00,9.4,76,10.6,222.0,814.7
2017-12-08 16:00:00,9.5,78,11.5,172.0,814.4
2017-12-08 17:00:00,9.3,80,9.7,89.0,814.3
2017-12-08 18:00:00,9.3,83,9.6,31.0,814.2
2017-12-08 19:00:00,8.8,88,11.6,1.0,813.9
2017-12-08 20:00:00,8.8,92,9.9,0.0,813.8
2017-12-08 21:00:00,8.8,93,9.5,0.0,813.9
2017-12-08 22:00:00,9.0,93,9.2,0.0,814.7
2017-12-08 23:00:00,8.7,95,6.2,0.0,814.7
2017-12-09 00:00:00,9.1,94,7.3,0.0,814.9
2017-12-09 01:00:00,9.0,94,7.2,0.0,814.9
2017-12-09 02:00:00,9.1,95,6.1,0.0,814.5
2017-12-09 03:00:00,9.1,95,5.9,0.0,814.1
2017-12-09 04:00:00,8.9,96,6.2,0.0,813.7
2017-12-09 05:00:00,8.8,95,6.9,0.0,813.7
2017-12-09 06:00:00,8.3,96,7.6,0.0,813.9
2017-12-09 07:00:00,7.8,97,8.2,0.0,814.0
2017-12-09 08:00:00,7.6,99,7.2,1.0,814.7
2017-12-09 09:00:00,8.2,94,6.4,26.0,815.4
2017-12-09 10:00:00,8.6,92,5.0,40.0,816.0
2017-12-09 11:00:00,9.8,87,2.1,117.0,816.5
2017-12-09 12:00:00,11.2,85,3.1,194.0,816.2
2017-12-09 13:00:00,12.6,82,5.7,269.0,815.7
2017-12-09 14:00:00,14.8,70,11.0,341.0,815.0
2017-12-09 15:00:00,15.5,66,12.7,320.0,814.3
2017-12-09 16:00:00,15.8,62,14.8,299.0,814.0
2017-12-09 17:00:00,14.7,70,12.7,199.0,813.5
2017-12-09 18:00:00,12.9,79,6.6,84.0,812.6
2017-12-09 19:00:00,10.2,88,5.9,3.0,811.1
2017-12-09 20:00:00,9.6,92,10.9,0.0,810.8
2017-12-09 21:00:00,10.0,91,6.2,0.0,811.1
2017-12-09 22:00:00,9.5,93,6.6,0.0,811.6
2017-12-09 23:00:00,8.0,95,9.3,0.0,810.8
2017-12-10 00:00:00,7.4,97,8.7,0.0,810.4
2017-12-10 01:00:00,8.1,96,6.9,0.0,810.8
2017-12-10 02:00:00,7.0,98,5.9,0.0,809.9
2017-12-10 03:00:00,7.7,98,4.1,0.0,810.4
2017-12-10 04:00:00,7.4,99,3.8,0.0,810.1
2017-12-10 05:00:00,7.8,99,2.6,0.0,810.6
2017-12-10 06:00:00,7.6,99,2.9,0.0,810.9
2017-12-10 07:00:00,7.9,99,3.4,0.0,812.0
2017-12-10 08:00:00,7.4,100,3.5,1.0,812.3
2017-12-10 09:00:00,8.2,98,1.8,52.0,813.8
2017-12-10 10:00:00,9.1,97,1.6,139.0,814.8
2017-12-10 11:00:00,10.9,88,3.3,293.0,816.1
2017-12-10 12:00:00,12.7,81,6.6,364.0,816.4
2017-12-10 13:00:00,14.1,75,7.6,398.0,816.2
2017-12-10 14:00:00,15.3,70,5.5,376.0,815.3
2017-12-10 15:00:00,16.8,63,5.2,469.0,814.7
2017-12-10 16:00:00,16.9,65,8.9,357.0,814.3
2017-12-10 17:00:00,16.4,69,9.3,267.0,814.1
2017-12-10 18:00:00,14.7,76,6.8,94.0,813.2
2017-12-10 19:00:00,11.6,82,6.9,4.0,812.0
2017-12-10 20:00:00,9.9,90,9.5,0.0,812.1
2017-12-10 21:00:00,9.5,96,4.9,0.0,812.7
2017-12-10 22:00:00,8.2,100,6.2,0.0,812.4
2017-12-10 23:00:00,8.3,100,6.5,0.0,812.5
2017-12-11 00:00:00,9.6,100,4.6,0.0,813.3
2017-12-11 01:00:00,10.2,100,4.8,0.0,813.4
2017-12-11 02:00:00,10.8,100,5.2,0.0,813.4
2017-12-11 03:00:00,11.2,99,7.3,0.0,813.3
2017-12-11 04:00:00,11.2,99,8.2,0.0,812.9
2017-12-11 05:00:00,11.0,99,8.6,0.0,812.7
2017-12-11 06:00:00,11.0,99,9.5,0.0,812.3
2017-12-11 07:00:00,11.0,99,9.9,0.0,812.4
2017-12-11 08:00:00,10.9,100,7.8,1.0,812.5
2017-12-11 09:00:00,11.5,99,11.4,32.0,813.4
2017-12-11 10:00:00,12.8,88,13.1,138.0,814.4
2017-12-11 11:00:00,14.7,79,14.8,294.0,814.9
2017-12-11 12:00:00,15.8,72,13.8,320.0,814.7
2017-12-11 13:00:00,16.8,66,14.6,366.0,814.1
2017-12-11 14:00:00,17.3,63,16.6,372.0,813.2
2017-12-11 15:00:00,17.3,64,15.7,346.0,812.6
2017-12-11 16:00:00,17.0,68,13.3,270.0,812.3
2017-12-11 17:00:00,16.4,72,12.6,247.0,811.9
2017-12-11 18:00:00,14.4,84,10.7,105.0,811.4
2017-12-11 19:00:00,12.5,91,7.3,4.0,810.8
2017-12-11 20:00:00,10.7,94,8.6,0.0,809.5
2017-12-11 21:00:00,9.7,96,7.1,0.0,809.4
2017-12-11 22:00:00,8.9,99,8.1,0.0,809.5
2017-12-11 23:00:00,8.4,100,8.3,0.0,809.7
2017-12-12 00:00:00,8.3,100,8.0,0.0,809.6
2017-12-12 01:00:00,9.4,100,6.0,0.0,810.5
2017-12-12 02:00:00,10.3,99,5.3,0.0,811.0
2017-12-12 03:00:00,11.5,99,6.7,0.0,811.4
2017-12-12 04:00:00,11.8,99,7.0,0.0,811.3
2017-12-12 05:00:00,12.0,99,7.4,0.0,811.2
2017-12-12 06:00:00,12.1,100,7.6,0.0,811.1
2017-12-12 07:00:00,12.2,100,8.2,0.0,811.5
2017-12-12 08:00:00,12.1,99,10.2,1.0,811.8
2017-12-12 09:00:00,12.6,96,12.3,26.0,812.6
2017-12-12 10:00:00,13.4,89,15.2,127.0,813.6
2017-12-12 11:00:00,15.5,76,15.3,333.0,814.4
2017-12-12 12:00:00,16.4,69,16.9,310.0,814.0
2017-12-12 13:00:00,17.2,66,18.6,381.0,813.4
2017-12-12 14:00:00,17.2,66,17.7,328.0,812.5
2017-12-12 15:00:00,17.1,69,17.1,279.0,811.6
2017-12-12 16:00:00,16.9,70,17.1,245.0,811.2
2017-12-12 17:00:00,16.9,67,14.1,172.0,811.0
2017-12-12 18:00:00,15.6,75,12.9,62.0,810.6
2017-12-12 19:00:00,13.4,84,8.5,3.0,809.6
2017-12-12 20:00:00,12.4,88,7.2,0.0,808.7
2017-12-12 21:00:00,11.4,89,6.3,0.0,808.8
2017-12-12 22:00:00,10.6,92,6.3,0.0,808.8
2017-12-12 23:00:00,10.3,93,6.5,0.0,808.8
2017-12-13 00:00:00,9.6,94,7.4,0.0,808.5
2017-12-13 01:00:00,10.0,94,6.9,0.0,808.6
2017-12-13 02:00:00,10.5,94,7.3,0.0,808.9
2017-12-13 03:00:00,11.1,94,8.9,0.0,809.2
2017-12-13 04:00:00,11.2,95,10.0,0.0,809.1
2017-12-13 05:00:00,11.0,94,9.8,0.0,809.0
2017-12-13 06:00:00,10.9,94,10.0,0.0,809.2
2017-12-13 07:00:00,10.7,95,9.5,0.0,809.7
2017-12-13 08:00:00,11.1,94,12.4,1.0,810.2
2017-12-13 09:00:00,11.6,91,13.4,54.0,811.1
2017-12-13 10:00:00,13.0,81,19.1,219.0,812.2
2017-12-13 11:00:00,14.5,68,21.1,360.0,813.0
2017-12-13 12:00:00,15.9,59,22.1,517.0,813.3
2017-12-13 13:00:00,16.8,53,23.7,636.0,812.9
2017-12-13 14:00:00,17.2,51,22.3,608.0,812.3
2017-12-13 15:00:00,17.4,49,21.5,509.0,811.7
2017-12-13 16:00:00,16.9,53,19.7,382.0,811.6
2017-12-13 17:00:00,16.8,53,17.7,267.0,811.3
2017-12-13 18:00:00,14.7,62,9.3,122.0,810.6
2017-12-13 19:00:00,11.5,80,6.7,4.0,809.8
2017-12-13 20:00:00,9.8,88,11.5,0.0,808.3
2017-12-13 21:00:00,9.6,86,7.1,0.0,808.8
2017-12-13 22:00:00,8.8,88,8.4,0.0,808.8
2017-12-13 23:00:00,9.2,89,7.9,0.0,809.4
2017-12-14 00:00:00,11.3,88,7.2,0.0,811.2
2017-12-14 01:00:00,11.0,92,6.4,0.0,811.1
2017-12-14 02:00:00,10.7,95,6.2,0.0,811.1
2017-12-14 03:00:00,10.4,98,5.8,0.0,810.9
2017-12-14 04:00:00,10.2,99,6.6,0.0,810.9
2017-12-14 05:00:00,10.1,99,6.9,0.0,810.9
2017-12-14 06:00:00,6.3,100,9.4,0.0,808.9
2017-12-14 07:00:00,7.3,100,6.8,0.0,810.2
2017-12-14 08:00:00,7.0,100,7.2,1.0,810.8
2017-12-14 09:00:00,9.4,98,13.7,89.0,813.1
2017-12-14 10:00:00,10.4,94,14.9,224.0,814.5
2017-12-14 11:00:00,12.0,81,14.6,371.0,815.5
2017-12-14 12:00:00,14.1,66,12.6,580.0,815.6
2017-12-14 13:00:00,15.9,61,12.5,693.0,815.3
2017-12-14 14:00:00,17.2,56,14.0,681.0,814.4
2017-12-14 15:00:00,17.6,52,14.3,632.0,813.7
2017-12-14 16:00:00,17.5,52,14.5,513.0,813.3
2017-12-14 17:00:00,16.7,58,13.3,333.0,812.8
2017-12-14 18:00:00,14.2,70,9.1,129.0,811.8
2017-12-14 19:00:00,11.8,80,8.1,5.0,810.8
2017-12-14 20:00:00,9.7,85,10.7,0.0,809.7
2017-12-14 21:00:00,9.5,87,6.8,0.0,810.2
2017-12-14 22:00:00,8.4,90,8.0,0.0,809.8
2017-12-14 23:00:00,7.1,91,10.0,0.0,808.8
2017-12-15 00:00:00,7.4,90,9.2,0.0,809.3
2017-12-15 01:00:00,7.6,88,8.7,0.0,809.8
2017-12-15 02:00:00,9.9,83,7.4,0.0,811.2
2017-12-15 03:00:00,9.6,84,6.4,0.0,811.1
2017-12-15 04:00:00,9.3,86,5.7,0.0,810.9
2017-12-15 05:00:00,9.0,89,2.4,0.0,811.1
2017-12-15 06:00:00,8.6,93,2.1,0.0,811.3
2017-12-15 07:00:00,8.2,94,3.6,0.0,812.0
2017-12-15 08:00:00,6.6,99,5.5,1.0,812.1
2017-12-15 09:00:00,8.6,97,6.4,83.0,814.4
2017-12-15 10:00:00,9.9,89,9.8,156.0,816.2
2017-12-15 11:00:00,10.7,84,8.1,185.0,816.9
2017-12-15 12:00:00,11.7,78,8.6,265.0,816.9
2017-12-15 13:00:00,13.0,70,11.0,286.0,816.4
2017-12-15 14:00:00,14.7,62,12.6,429.0,815.5
2017-12-15 15:00:00,16.4,53,15.0,491.0,814.8
2017-12-15 16:00:00,16.2,57,16.6,494.0,814.8
2017-12-15 17:00:00,15.6,60,13.1,327.0,814.4
2017-12-15 18:00:00,12.6,77,6.1,126.0,813.0
2017-12-15 19:00:00,9.4,89,7.6,4.0,812.3
2017-12-15 20:00:00,9.0,91,9.5,0.0,812.1
2017-12-15 21:00:00,7.5,95,8.8,0.0,812.0
2017-12-15 22:00:00,7.4,97,7.7,0.0,812.6
2017-12-15 23:00:00,6.8,98,7.7,0.0,813.5
2017-12-16 00:00:00,5.6,100,7.9,0.0,813.5
2017-12-16 01:00:00,5.9,100,6.6,0.0,814.4
2017-12-16 02:00:00,7.6,100,8.5,0.0,816.2
2017-12-16 03:00:00,7.6,99,10.0,0.0,816.5
2017-12-16 04:00:00,7.6,97,13.1,0.0,816.9
2017-12-16 05:00:00,6.4,96,16.1,0.0,817.3
2017-12-16 06:00:00,5.2,90,18.1,0.0,817.6
2017-12-16 07:00:00,4.4,86,19.5,0.0,818.3
2017-12-16 08:00:00,3.3,89,18.5,0.0,819.4
2017-12-16 09:00:00,3.3,83,19.4,31.0,820.6
2017-12-16 10:00:00,3.6,77,20.1,110.0,821.7
2017-12-16 11:00:00,4.8,71,21.3,209.0,822.0
2017-12-16 12:00:00,6.2,66,19.5,367.0,821.8
2017-12-16 13:00:00,7.1,65,17.3,396.0,820.9
2017-12-16 14:00:00,7.0,66,14.7,281.0,819.7
2017-12-16 15:00:00,7.3,67,12.8,274.0,818.9
2017-12-16 16:00:00,7.4,67,9.8,204.0,818.5
2017-12-16 17:00:00,7.3,68,8.1,120.0,818.2
2017-12-16 18:00:00,6.9,69,6.9,56.0,818.1
2017-12-16 19:00:00,6.3,72,6.5,2.0,818.0
2017-12-16 20:00:00,6.2,71,7.4,0.0,818.0
2017-12-16 21:00:00,5.7,76,7.6,0.0,817.9
2017-12-16 22:00:00,5.3,79,7.1,0.0,818.2
2017-12-16 23:00:00,4.8,84,6.6,0.0,818.1
2017-12-17 00:00:00,4.0,89,4.9,0.0,818.1
2017-12-17 01:00:00,4.1,88,4.3,0.0,818.6
2017-12-17 02:00:00,3.8,89,4.6,0.0,818.2
2017-12-17 03:00:00,3.9,89,6.3,0.0,818.1
2017-12-17 04:00:00,3.8,89,7.3,0.0,817.7
2017-12-17 05:00:00,3.6,89,7.2,0.0,817.3
2017-12-17 06:00:00,3.5,89,7.1,0.0,817.3
2017-12-17 07:00:00,3.3,89,7.6,0.0,817.6
2017-12-17 08:00:00,3.4,89,8.0,0.0,817.9
2017-12-17 09:00:00,4.0,86,8.7,37.0,818.7
2017-12-17 10:00:00,4.7,83,7.5,78.0,819.4
2017-12-17 11:00:00,5.7,81,7.0,128.0,819.4
2017-12-17 12:00:00,7.2,78,8.3,236.0,819.3
2017-12-17 13:00:00,8.3,75,10.2,283.0,819.0
2017-12-17 14:00:00,9.6,71,11.6,284.0,817.9
2017-12-17 15:00:00,9.5,73,14.1,234.0,816.9
2017-12-17 16:00:00,9.6,75,13.8,197.0,816.5
2017-12-17 17:00:00,9.5,76,12.3,123.0,816.3
2017-12-17 18:00:00,9.4,79,8.1,62.0,816.2
2017-12-17 19:00:00,7.9,85,6.0,3.0,815.6
2017-12-17 20:00:00,5.8,89,10.2,0.0,813.9
2017-12-17 21:00:00,5.8,93,6.7,0.0,814.9
2017-12-17 22:00:00,5.0,97,6.0,0.0,815.2
2017-12-17 23:00:00,5.1,97,5.6,0.0,815.8
2017-12-18 00:00:00,5.2,97,5.4,0.0,816.0
2017-12-18 01:00:00,5.4,96,5.6,0.0,816.4
2017-12-18 02:00:00,5.9,92,7.9,0.0,816.8
2017-12-18 03:00:00,5.8,89,8.7,0.0,816.7
2017-12-18 04:00:00,5.4,88,9.0,0.0,816.5
2017-12-18 05:00:00,5.0,90,8.9,0.0,816.4
2017-12-18 06:00:00,4.7,90,9.5,0.0,816.6
2017-12-18 07:00:00,4.1,91,10.4,0.0,816.9
2017-12-18 08:00:00,3.6,89,11.2,0.0,817.9
2017-12-18 09:00:00,3.6,85,11.5,20.0,818.8
2017-12-18 10:00:00,4.1,81,11.5,93.0,819.8
2017-12-18 11:00:00,4.8,78,11.5,168.0,820.3
2017-12-18 12:00:00,5.6,76,11.4,223.0,819.8
2017-12-18 13:00:00,6.3,74,11.1,276.0,819.3
2017-12-18 14:00:00,7.0,73,10.2,312.0,818.3
2017-12-18 15:00:00,7.5,71,8.3,285.0,817.7
2017-12-18 16:00:00,7.6,70,6.9,194.0,817.6
2017-12-18 17:00:00,7.4,72,8.3,99.0,817.6
2017-12-18 18:00:00,6.8,73,9.7,42.0,817.6
2017-12-18 19:00:00,6.3,75,8.3,2.0,818.0
2017-12-18 20:00:00,5.4,74,9.4,0.0,818.3
2017-12-18 21:00:00,4.8,77,7.9,0.0,818.7
2017-12-18 22:00:00,4.4,79,6.6,0.0,819.1
2017-12-18 23:00:00,4.2,79,8.3,0.0,819.7
2017-12-19 00:00:00,3.6,81,10.4,0.0,820.3
2017-12-19 01:00:00,2.9,83,8.0,0.0,820.7
2017-12-19 02:00:00,2.6,83,8.5,0.0,820.9
2017-12-19 03:00:00,2.4,84,9.3,0.0,820.9
2017-12-19 04:00:00,2.0,83,9.6,0.0,820.6
2017-12-19 05:00:00,1.6,82,7.0,0.0,820.3
2017-12-19 06:00:00,1.4,82,5.5,0.0,820.4
2017-12-19 07:00:00,1.1,81,6.4,0.0,820.5
2017-12-19 08:00:00,0.6,78,8.2,1.0,821.6
2017-12-19 09:00:00,1.1,71,9.8,72.0,822.6
2017-12-19 10:00:00,2.5,60,11.8,228.0,823.4
2017-12-19 11:00:00,4.5,50,13.5,429.0,823.8
2017-12-19 12:00:00,6.3,45,14.2,591.0,823.1
2017-12-19 13:00:00,7.9,42,14.3,676.0,822.4
2017-12-19 14:00:00,8.7,42,14.8,688.0,821.2
2017-12-19 15:00:00,9.2,42,12.9,637.0,820.7
2017-12-19 16:00:00,9.2,42,12.6,513.0,820.3
2017-12-19 17:00:00,8.8,44,12.6,344.0,819.8
2017-12-19 18:00:00,7.1,52,8.7,139.0,818.9
2017-12-19 19:00:00,4.7,58,7.2,6.0,818.0
2017-12-19 20:00:00,4.5,63,6.3,0.0,817.9
2017-12-19 21:00:00,4.2,63,7.6,0.0,818.6
2017-12-19 22:00:00,3.2,69,7.3,0.0,818.8
2017-12-19 23:00:00,2.4,74,6.8,0.0,819.3
2017-12-20 00:00:00,2.0,74,7.7,0.0,820.2
2017-12-20 01:00:00,1.6,72,8.9,0.0,820.4
2017-12-20 02:00:00,1.1,69,9.2,0.0,820.7
2017-12-20 03:00:00,0.7,67,9.2,0.0,820.7
2017-12-20 04:00:00,0.3,67,8.7,0.0,820.5
2017-12-20 05:00:00,-0.2,65,8.6,0.0,820.3
2017-12-20 06:00:00,-0.5,63,8.5,0.0,820.4
2017-12-20 07:00:00,-1.1,64,7.9,0.0,820.8
2017-12-20 08:00:00,-1.5,74,8.2,1.0,822.6
2017-12-20 09:00:00,0.5,65,10.2,88.0,824.1
2017-12-20 10:00:00,3.0,51,13.2,274.0,825.1
2017-12-20 11:00:00,5.5,40,15.0,481.0,825.2
2017-12-20 12:00:00,7.3,33,16.2,630.0,824.8
2017-12-20 13:00:00,8.7,30,16.4,714.0,824.0
2017-12-20 14:00:00,9.4,30,16.3,725.0,822.7
2017-12-20 15:00:00,9.7,33,14.2,661.0,822.1
2017-12-20 16:00:00,9.7,35,13.4,530.0,821.4
2017-12-20 17:00:00,9.3,35,11.5,348.0,820.8
2017-12-20 18:00:00,6.7,47,6.2,140.0,819.5
2017-12-20 19:00:00,3.1,57,9.7,6.0,817.8
2017-12-20 20:00:00,3.4,53,10.5,0.0,818.1
2017-12-20 21:00:00,2.1,58,8.7,0.0,817.8
2017-12-20 22:00:00,3.1,52,7.7,0.0,819.0
2017-12-20 23:00:00,3.2,52,7.2,0.0,819.5
2017-12-21 00:00:00,2.6,54,6.6,0.0,819.5
2017-12-21 01:00:00,0.4,64,6.3,0.0,818.1
2017-12-21 02:00:00,-0.7,70,5.9,0.0,817.1
2017-12-21 03:00:00,-0.2,67,5.6,0.0,817.0
2017-12-21 04:00:00,-0.9,69,4.8,0.0,816.4
2017-12-21 05:00:00,-2.1,73,5.4,0.0,815.4
2017-12-21 06:00:00,-1.5,69,5.6,0.0,815.6
2017-12-21 07:00:00,-1.6,68,6.0,0.0,815.6
2017-12-21 08:00:00,-1.3,69,5.2,1.0,817.1
2017-12-21 09:00:00,1.2,64,3.7,95.0,818.9
2017-12-21 10:00:00,3.8,52,2.6,299.0,820.5
2017-12-21 11:00:00,5.5,49,4.0,489.0,820.3
2017-12-21 12:00:00,7.2,49,6.3,631.0,819.9
2017-12-21 13:00:00,8.6,47,8.4,709.0,819.2
2017-12-21 14:00:00,9.6,47,9.4,715.0,818.1
2017-12-21 15:00:00,10.5,48,9.6,652.0,817.0
2017-12-21 16:00:00,10.9,46,9.3,524.0,816.3
2017-12-21 17:00:00,10.6,47,8.7,344.0,815.7
2017-12-21 18:00:00,7.5,66,6.0,139.0,813.8
2017-12-21 19:00:00,4.9,66,8.1,7.0,812.5
2017-12-21 20:00:00,3.9,65,10.9,0.0,811.9
2017-12-21 21:00:00,2.9,68,8.6,0.0,811.5
2017-12-21 22:00:00,4.7,58,6.9,0.0,812.9
2017-12-21 23:00:00,6.2,52,5.7,0.0,813.9
2017-12-22 00:00:00,5.8,56,6.1,0.0,813.8
2017-12-22 01:00:00,5.6,61,6.3,0.0,813.6
2017-12-22 02:00:00,5.4,65,4.8,0.0,813.3
2017-12-22 03:00:00,5.1,68,3.9,0.0,812.7
2017-12-22 04:00:00,4.6,69,3.1,0.0,812.0
2017-12-22 05:00:00,4.1,67,3.6,0.0,811.3
2017-12-22 06:00:00,3.0,69,4.1,0.0,810.3
2017-12-22 07:00:00,2.0,71,4.4,0.0,809.8
2017-12-22 08:00:00,1.3,76,5.9,0.0,810.1
2017-12-22 09:00:00,3.9,73,4.6,92.0,812.2
2017-12-22 10:00:00,7.5,63,5.4,294.0,814.7
2017-12-22 11:00:00,10.1,56,10.8,483.0,815.3
2017-12-22 12:00:00,12.0,52,13.3,625.0,815.3
2017-12-22 13:00:00,13.7,49,14.4,704.0,815.0
2017-12-22 14:00:00,14.9,48,15.2,713.0,814.0
2017-12-22 15:00:00,15.5,47,15.6,651.0,813.3
2017-12-22 16:00:00,15.4,48,15.6,524.0,812.7
2017-12-22 17:00:00,14.6,52,13.0,345.0,812.2
2017-12-22 18:00:00,11.7,63,7.7,141.0,810.7
2017-12-22 19:00:00,7.9,76,8.2,7.0,808.9
2017-12-22 20:00:00,7.1,76,11.8,0.0,808.6
2017-12-22 21:00:00,5.7,80,9.7,0.0,808.1
2017-12-22 22:00:00,4.8,84,9.8,0.0,808.0
2017-12-22 23:00:00,4.3,89,9.6,0.0,807.9
2017-12-23 00:00:00,3.9,90,10.0,0.0,807.9
2017-12-23 01:00:00,4.0,88,9.2,0.0,808.1
2017-12-23 02:00:00,4.1,88,8.7,0.0,808.0
2017-12-23 03:00:00,4.0,89,8.4,0.0,807.8
2017-12-23 04:00:00,6.4,84,7.0,0.0,809.3
2017-12-23 05:00:00,6.8,84,5.8,0.0,809.2
2017-12-23 06:00:00,6.5,85,3.1,0.0,809.3
2017-12-23 07:00:00,6.0,85,0.4,0.0,809.4
2017-12-23 08:00:00,4.2,91,1.1,0.0,809.1
2017-12-23 09:00:00,5.7,90,1.5,91.0,810.8
2017-12-23 10:00:00,9.1,83,1.5,293.0,813.4
2017-12-23 11:00:00,11.5,73,4.7,482.0,814.4
2017-12-23 12:00:00,13.3,62,7.2,624.0,814.3
2017-12-23 13:00:00,14.6,56,9.1,703.0,814.2
2017-12-23 14:00:00,15.7,55,8.2,712.0,813.5
2017-12-23 15:00:00,16.6,52,9.7,650.0,812.9
2017-12-23 16:00:00,16.6,52,10.9,524.0,812.7
2017-12-23 17:00:00,16.1,54,9.4,346.0,812.6
2017-12-23 18:00:00,12.3,71,6.5,142.0,810.7
2017-12-23 19:00:00,9.2,73,10.0,7.0,809.5
2017-12-23 20:00:00,11.1,59,8.9,0.0,811.0
2017-12-23 21:00:00,11.8,58,6.8,0.0,812.9
2017-12-23 22:00:00,11.3,64,4.7,0.0,813.8
2017-12-23 23:00:00,6.1,82,8.7,0.0,811.2
2017-12-24 00:00:00,6.1,89,13.6,0.0,813.9
2017-12-24 01:00:00,5.2,92,11.3,0.0,814.4
2017-12-24 02:00:00,5.2,93,11.6,0.0,815.2
2017-12-24 03:00:00,5.9,91,12.9,0.0,815.9
2017-12-24 04:00:00,6.1,88,12.4,0.0,816.0
2017-12-24 05:00:00,6.3,85,13.4,0.0,816.0
2017-12-24 06:00:00,6.2,84,13.8,0.0,816.3
2017-12-24 07:00:00,6.1,83,14.1,0.0,816.6
2017-12-24 08:00:00,5.5,83,12.7,0.0,818.0
2017-12-24 09:00:00,5.5,78,12.4,22.0,818.9
2017-12-24 10:00:00,5.7,64,13.8,88.0,819.7
2017-12-24 11:00:00,7.2,57,14.6,262.0,820.6
2017-12-24 12:00:00,8.2,58,13.7,396.0,820.3
2017-12-24 13:00:00,9.9,55,12.2,530.0,820.1
2017-12-24 14:00:00,10.8,54,9.0,579.0,818.8
2017-12-24 15:00:00,11.6,53,4.1,551.0,818.0
2017-12-24 16:00:00,11.1,54,6.5,359.0,817.2
2017-12-24 17:00:00,10.2,62,11.3,288.0,816.7
2017-12-24 18:00:00,8.5,68,7.8,126.0,815.7
2017-12-24 19:00:00,5.7,81,6.7,7.0,813.8
2017-12-24 20:00:00,8.7,62,6.0,0.0,815.5
2017-12-24 21:00:00,8.1,64,3.4,0.0,815.2
2017-12-24 22:00:00,7.3,68,2.9,0.0,815.3
2017-12-24 23:00:00,6.8,70,1.9,0.0,815.1
2017-12-25 00:00:00,6.6,73,3.6,0.0,815.2
2017-12-25 01:00:00,6.4,77,5.9,0.0,815.2
2017-12-25 02:00:00,3.7,89,7.9,0.0,813.2
2017-12-25 03:00:00,2.5,94,8.7,0.0,812.2
2017-12-25 04:00:00,2.6,95,8.7,0.0,812.0
2017-12-25 05:00:00,4.2,93,7.6,0.0,812.9
2017-12-25 06:00:00,5.1,89,6.9,0.0,813.4
2017-12-25 07:00:00,2.4,91,4.4,0.0,811.4
2017-12-25 08:00:00,0.3,98,5.6,0.0,810.7
2017-12-25 09:00:00,4.1,91,5.5,89.0,813.1
2017-12-25 10:00:00,7.8,77,2.3,292.0,816.1
2017-12-25 11:00:00,11.0,64,5.2,483.0,817.1
2017-12-25 12:00:00,13.8,55,8.1,627.0,817.3
2017-12-25 13:00:00,15.6,50,10.7,708.0,816.6
2017-12-25 14:00:00,16.8,46,12.3,718.0,815.7
2017-12-25 15:00:00,16.9,47,13.3,658.0,815.1
2017-12-25 16:00:00,16.6,47,13.2,531.0,814.8
2017-12-25 17:00:00,15.9,51,10.9,353.0,814.5
2017-12-25 18:00:00,12.6,67,6.5,147.0,812.9
2017-12-25 19:00:00,10.0,74,7.6,8.0,812.0
2017-12-25 20:00:00,8.0,79,12.6,0.0,811.1
2017-12-25 21:00:00,7.0,78,10.0,0.0,811.0
2017-12-25 22:00:00,10.7,64,7.1,0.0,814.1
2017-12-25 23:00:00,10.1,69,5.8,0.0,813.9
2017-12-26 00:00:00,9.6,74,2.0,0.0,813.8
2017-12-26 01:00:00,9.0,76,1.8,0.0,813.4
2017-12-26 02:00:00,6.1,83,2.5,0.0,811.6
2017-12-26 03:00:00,4.5,87,2.2,0.0,810.4
2017-12-26 04:00:00,3.3,91,1.9,0.0,809.6
2017-12-26 05:00:00,2.6,92,2.6,0.0,808.9
2017-12-26 06:00:00,2.5,93,2.3,0.0,809.0
2017-12-26 07:00:00,2.3,93,1.9,0.0,809.4
2017-12-26 08:00:00,1.7,94,2.6,0.0,810.5
2017-12-26 09:00:00,4.8,90,3.7,79.0,813.0
2017-12-26 10:00:00,9.7,76,0.4,274.0,816.7
2017-12-26 11:00:00,12.5,68,4.1,472.0,818.1
2017-12-26 12:00:00,14.6,62,6.2,623.0,818.2
2017-12-26 13:00:00,16.0,58,6.9,702.0,817.8
2017-12-26 14:00:00,16.9,56,9.4,708.0,817.1
2017-12-26 15:00:00,17.3,55,9.1,638.0,816.5
2017-12-26 16:00:00,17.4,56,9.0,524.0,816.3
2017-12-26 17:00:00,16.4,58,8.7,324.0,815.8
2017-12-26 18:00:00,13.2,73,6.6,136.0,814.1
2017-12-26 19:00:00,9.6,79,10.7,8.0,812.3
2017-12-26 20:00:00,9.9,79,11.5,0.0,812.8
2017-12-26 21:00:00,7.9,86,10.2,0.0,812.6
2017-12-26 22:00:00,7.3,89,9.9,0.0,813.1
2017-12-26 23:00:00,6.8,92,9.5,0.0,813.3
2017-12-27 00:00:00,5.8,95,9.8,0.0,812.9
2017-12-27 01:00:00,6.0,94,9.2,0.0,813.2
2017-12-27 02:00:00,6.0,95,8.2,0.0,813.1
2017-12-27 03:00:00,5.3,96,8.1,0.0,812.6
2017-12-27 04:00:00,5.9,96,7.1,0.0,812.9
2017-12-27 05:00:00,5.8,96,6.6,0.0,812.7
2017-12-27 06:00:00,6.1,96,4.2,0.0,812.8
2017-12-27 07:00:00,5.9,97,3.6,0.0,813.0
2017-12-27 08:00:00,6.2,96,4.5,0.0,814.5
2017-12-27 09:00:00,7.3,92,4.1,47.0,816.1
2017-12-27 10:00:00,9.2,84,7.6,167.0,817.6
2017-12-27 11:00:00,10.5,75,10.1,248.0,817.9
2017-12-27 12:00:00,11.2,72,9.0,309.0,817.3
2017-12-27 13:00:00,11.2,71,8.7,255.0,816.4
2017-12-27 14:00:00,11.9,67,8.8,285.0,815.7
2017-12-27 15:00:00,13.1,60,11.4,312.0,815.1
2017-12-27 16:00:00,11.9,72,11.2,125.0,814.2
2017-12-27 17:00:00,11.2,79,4.3,50.0,813.5
2017-12-27 18:00:00,10.6,77,4.4,33.0,813.4
2017-12-27 19:00:00,9.9,78,5.2,3.0,813.4
2017-12-27 20:00:00,8.2,94,6.9,0.0,813.4
2017-12-27 21:00:00,7.9,94,7.2,0.0,813.8
2017-12-27 22:00:00,7.7,94,7.3,0.0,813.9
2017-12-27 23:00:00,6.7,94,6.4,0.0,813.7
2017-12-28 00:00:00,6.0,95,6.1,0.0,813.3
2017-12-28 01:00:00,6.3,94,6.9,0.0,813.6
2017-12-28 02:00:00,4.2,97,9.1,0.0,812.5
2017-12-28 03:00:00,4.5,96,7.3,0.0,812.3
2017-12-28 04:00:00,3.3,99,8.4,0.0,811.4
2017-12-28 05:00:00,4.1,99,3.8,0.0,811.9
2017-12-28 06:00:00,4.5,99,4.6,0.0,812.5
2017-12-28 07:00:00,4.6,100,4.6,0.0,813.5
2017-12-28 08:00:00,4.1,99,3.6,0.0,813.9
2017-12-28 09:00:00,5.8,96,2.2,29.0,815.8
2017-12-28 10:00:00,7.6,90,5.9,113.0,817.2
2017-12-28 11:00:00,9.9,78,6.8,302.0,818.2
2017-12-28 12:00:00,12.2,66,6.8,526.0,818.5
2017-12-28 13:00:00,14.3,57,7.9,700.0,818.1
2017-12-28 14:00:00,15.7,48,9.6,728.0,817.3
2017-12-28 15:00:00,16.2,42,11.3,669.0,816.4
2017-12-28 16:00:00,15.9,40,12.4,543.0,815.8
2017-12-28 17:00:00,15.1,45,10.1,364.0,815.3
2017-12-28 18:00:00,11.3,70,7.1,156.0,813.2
2017-12-28 19:00:00,8.1,76,8.6,10.0,811.7
2017-12-28 20:00:00,7.7,81,11.1,0.0,812.2
2017-12-28 21:00:00,6.2,83,9.7,0.0,811.8
2017-12-28 22:00:00,7.6,76,8.2,0.0,813.3
2017-12-28 23:00:00,9.7,69,6.8,0.0,815.2
2017-12-29 00:00:00,9.2,70,6.2,0.0,814.9
2017-12-29 01:00:00,8.7,72,5.9,0.0,814.6
2017-12-29 02:00:00,8.1,75,4.6,0.0,814.1
2017-12-29 03:00:00,6.5,81,3.4,0.0,812.8
2017-12-29 04:00:00,5.2,86,1.8,0.0,811.9
2017-12-29 05:00:00,4.4,89,1.1,0.0,811.7
2017-12-29 06:00:00,2.9,94,0.7,0.0,810.8
2017-12-29 07:00:00,2.0,97,2.2,0.0,810.7
2017-12-29 08:00:00,3.8,99,4.6,0.0,813.4
2017-12-29 09:00:00,4.9,95,3.9,38.0,815.3
2017-12-29 10:00:00,6.6,97,2.2,108.0,817.3
2017-12-29 11:00:00,8.0,90,4.5,217.0,818.1
2017-12-29 12:00:00,10.6,78,8.0,387.0,818.7
2017-12-29 13:00:00,13.1,64,11.8,575.0,818.5
2017-12-29 14:00:00,14.7,58,10.1,648.0,817.7
2017-12-29 15:00:00,15.6,57,11.3,644.0,817.2
2017-12-29 16:00:00,15.5,59,11.4,512.0,816.6
2017-12-29 17:00:00,15.1,60,10.0,353.0,816.3
2017-12-29 18:00:00,12.3,74,5.5,153.0,814.7
2017-12-29 19:00:00,9.3,77,8.2,10.0,813.3
2017-12-29 20:00:00,8.4,78,12.3,0.0,812.9
2017-12-29 21:00:00,8.1,78,9.2,0.0,813.5
2017-12-29 22:00:00,7.9,84,8.9,0.0,814.4
2017-12-29 23:00:00,10.5,81,7.6,0.0,816.7
2017-12-30 00:00:00,10.0,85,6.6,0.0,816.7
2017-12-30 01:00:00,9.4,89,5.8,0.0,816.8
2017-12-30 02:00:00,8.9,90,5.1,0.0,816.7
2017-12-30 03:00:00,8.5,91,5.2,0.0,816.3
2017-12-30 04:00:00,8.4,91,5.1,0.0,816.0
2017-12-30 05:00:00,6.0,95,6.6,0.0,814.1
2017-12-30 06:00:00,6.1,95,5.6,0.0,814.7
2017-12-30 07:00:00,6.7,94,9.4,0.0,816.3
2017-12-30 08:00:00,5.5,97,12.7,0.0,817.1
2017-12-30 09:00:00,5.4,96,12.0,19.0,817.8
2017-12-30 10:00:00,5.8,87,15.3,74.0,818.7
2017-12-30 11:00:00,6.1,83,13.2,132.0,819.4
2017-12-30 12:00:00,6.8,76,11.1,191.0,819.4
2017-12-30 13:00:00,7.4,74,12.3,207.0,819.0
2017-12-30 14:00:00,8.6,71,13.4,346.0,818.4
2017-12-30 15:00:00,8.3,73,13.4,260.0,817.3
2017-12-30 16:00:00,8.9,71,12.6,316.0,817.2
2017-12-30 17:00:00,8.8,70,12.3,208.0,816.8
2017-12-30 18:00:00,7.6,72,12.2,51.0,816.7
2017-12-30 19:00:00,6.9,73,11.5,3.0,816.9
2017-12-30 20:00:00,7.3,76,10.5,0.0,817.0
2017-12-30 21:00:00,7.0,80,9.4,0.0,817.2
2017-12-30 22:00:00,6.9,83,9.8,0.0,817.4
2017-12-30 23:00:00,6.7,86,8.8,0.0,817.4
2017-12-31 00:00:00,6.5,85,8.4,0.0,817.5
2017-12-31 01:00:00,6.4,86,7.6,0.0,817.2
2017-12-31 02:00:00,6.2,88,7.6,0.0,816.7
2017-12-31 03:00:00,6.2,89,8.7,0.0,816.2
2017-12-31 04:00:00,6.0,90,8.2,0.0,815.5
2017-12-31 05:00:00,5.9,90,6.6,0.0,815.0
2017-12-31 06:00:00,6.0,90,5.4,0.0,814.8
2017-12-31 07:00:00,6.0,90,5.5,0.0,814.9
2017-12-31 08:00:00,5.8,92,3.0,0.0,815.6
2017-12-31 09:00:00,6.2,90,3.9,9.0,816.0
2017-12-31 10:00:00,7.2,87,6.4,65.0,816.7
2017-12-31 11:00:00,8.1,86,7.3,110.0,817.1
2017-12-31 12:00:00,9.3,84,9.4,215.0,817.0
2017-12-31 13:00:00,10.2,82,10.8,243.0,816.0
2017-12-31 14:00:00,11.0,81,11.3,220.0,815.1
2017-12-31 15:00:00,11.9,80,13.0,180.0,814.2
2017-12-31 16:00:00,12.1,84,15.5,210.0,813.8
2017-12-31 17:00:00,11.6,87,13.4,172.0,813.3
2017-12-31 18:00:00,10.9,89,11.1,53.0,812.8
2017-12-31 19:00:00,10.1,93,9.4,6.0,812.6
2017-12-31 20:00:00,8.9,97,9.0,0.0,811.9
2017-12-31 21:00:00,8.6,98,9.3,0.0,812.3
2017-12-31 22:00:00,8.9,99,10.4,0.0,812.8
2017-12-31 23:00:00,9.1,99,10.8,0.0,813.1
2018-01-01 00:00:00,9.4,98,10.2,0.0,813.1
2018-01-01 01:00:00,9.4,97,8.9,0.0,813.0
2018-01-01 02:00:00,9.5,98,7.0,0.0,812.6
2018-01-01 03:00:00,9.7,98,7.6,0.0,812.2
2018-01-01 04:00:00,9.8,99,8.7,0.0,812.1
2018-01-01 05:00:00,9.8,99,9.3,0.0,811.6
2018-01-01 06:00:00,9.8,99,9.5,0.0,811.5
2018-01-01 07:00:00,9.7,99,6.8,0.0,811.5
2018-01-01 08:00:00,9.4,98,6.1,0.0,812.2
2018-01-01 09:00:00,9.8,97,6.6,16.0,812.9
2018-01-01 10:00:00,10.7,91,8.5,52.0,814.1
2018-01-01 11:00:00,12.0,86,11.4,127.0,814.7
2018-01-01 12:00:00,13.2,80,14.6,187.0,814.9
2018-01-01 13:00:00,13.9,75,15.5,188.0,814.2
2018-01-01 14:00:00,14.2,75,17.2,241.0,813.4
2018-01-01 15:00:00,14.1,74,16.6,231.0,812.7
2018-01-01 16:00:00,13.9,77,15.7,244.0,812.3
2018-01-01 17:00:00,14.1,74,14.5,189.0,812.0
2018-01-01 18:00:00,13.0,82,8.0,85.0,811.6
2018-01-01 19:00:00,11.5,88,7.6,9.0,811.2
2018-01-01 20:00:00,11.4,85,6.4,0.0,811.4
2018-01-01 21:00:00,11.2,87,6.6,0.0,811.9
2018-01-01 22:00:00,10.3,91,5.0,0.0,812.0
2018-01-01 23:00:00,9.5,94,6.0,0.0,811.5
2018-01-02 00:00:00,9.6,95,5.5,0.0,811.7
2018-01-02 01:00:00,8.7,97,6.8,0.0,811.2
2018-01-02 02:00:00,8.1,98,7.7,0.0,811.0
2018-01-02 03:00:00,10.0,96,3.4,0.0,811.7
2018-01-02 04:00:00,10.2,97,4.2,0.0,811.5
2018-01-02 05:00:00,10.3,98,4.2,0.0,811.3
2018-01-02 06:00:00,10.3,99,3.8,0.0,811.4
2018-01-02 07:00:00,10.3,99,4.3,0.0,811.5
2018-01-02 08:00:00,10.2,98,3.4,0.0,811.8
2018-01-02 09:00:00,10.8,96,7.5,17.0,812.6
2018-01-02 10:00:00,12.3,84,11.9,85.0,814.0
2018-01-02 11:00:00,13.8,76,15.0,246.0,815.1
2018-01-02 12:00:00,14.2,73,15.3,231.0,814.5
2018-01-02 13:00:00,15.3,66,14.8,294.0,813.8
2018-01-02 14:00:00,16.2,62,17.2,334.0,813.1
2018-01-02 15:00:00,15.8,65,16.1,250.0,812.1
2018-01-02 16:00:00,16.3,63,14.9,342.0,811.8
2018-01-02 17:00:00,15.6,66,13.6,207.0,811.5
2018-01-02 18:00:00,13.8,77,6.3,43.0,810.8
2018-01-02 19:00:00,12.7,84,6.2,3.0,810.7
2018-01-02 20:00:00,11.2,89,6.1,0.0,811.7
2018-01-02 21:00:00,10.9,95,7.6,0.0,812.1
2018-01-02 22:00:00,10.7,96,5.6,0.0,812.5
2018-01-02 23:00:00,10.4,95,5.0,0.0,812.5
2018-01-03 00:00:00,10.0,95,5.6,0.0,812.3
2018-01-03 01:00:00,9.9,95,6.1,0.0,812.5
2018-01-03 02:00:00,9.6,95,5.0,0.0,812.1
2018-01-03 03:00:00,9.4,95,4.9,0.0,811.4
2018-01-03 04:00:00,9.4,95,5.4,0.0,811.0
2018-01-03 05:00:00,10.0,87,3.7,0.0,810.9
2018-01-03 06:00:00,9.7,90,3.6,0.0,810.7
2018-01-03 07:00:00,9.1,96,4.9,0.0,810.6
2018-01-03 08:00:00,8.1,94,5.7,0.0,812.0
2018-01-03 09:00:00,8.6,94,5.6,12.0,812.7
2018-01-03 10:00:00,8.9,94,4.8,39.0,813.4
2018-01-03 11:00:00,9.3,93,0.8,81.0,813.5
2018-01-03 12:00:00,9.3,91,0.4,82.0,812.8
2018-01-03 13:00:00,9.3,94,4.7,94.0,812.2
2018-01-03 14:00:00,9.3,95,5.4,83.0,810.8
2018-01-03 15:00:00,9.4,96,3.5,76.0,810.0
2018-01-03 16:00:00,9.2,97,3.1,38.0,809.3
2018-01-03 17:00:00,9.2,98,4.1,27.0,808.9
2018-01-03 18:00:00,9.0,98,6.2,11.0,808.2
2018-01-03 19:00:00,9.1,95,3.8,1.0,808.3
2018-01-03 20:00:00,8.8,95,9.4,0.0,810.6
2018-01-03 21:00:00,8.1,95,10.6,0.0,810.8
2018-01-03 22:00:00,8.1,97,8.6,0.0,810.9
2018-01-03 23:00:00,7.9,98,4.7,0.0,811.2
2018-01-04 00:00:00,8.1,95,5.2,0.0,811.1
2018-01-04 01:00:00,8.1,93,14.0,0.0,811.0
2018-01-04 02:00:00,7.8,93,12.1,0.0,810.2
2018-01-04 03:00:00,8.4,85,7.7,0.0,810.2
2018-01-04 04:00:00,7.1,88,4.9,0.0,809.3
2018-01-04 05:00:00,6.6,88,5.8,0.0,808.7
2018-01-04 06:00:00,6.9,86,5.1,0.0,808.9
2018-01-04 07:00:00,6.2,88,6.1,0.0,808.9
2018-01-04 08:00:00,5.0,96,10.2,0.0,809.3
2018-01-04 09:00:00,8.1,91,8.7,67.0,812.1
2018-01-04 10:00:00,10.0,84,11.4,251.0,813.8
2018-01-04 11:00:00,11.5,69,17.5,405.0,814.5
2018-01-04 12:00:00,12.8,57,19.0,463.0,814.4
2018-01-04 13:00:00,13.9,52,20.5,578.0,814.1
2018-01-04 14:00:00,14.2,51,20.5,505.0,812.8
2018-01-04 15:00:00,14.1,52,19.8,441.0,812.0
2018-01-04 16:00:00,13.9,53,16.6,370.0,811.5
2018-01-04 17:00:00,13.7,53,13.3,277.0,811.2
2018-01-04 18:00:00,11.9,64,6.1,152.0,810.3
2018-01-04 19:00:00,8.7,74,7.1,14.0,808.8
2018-01-04 20:00:00,7.3,84,11.9,0.0,808.3
2018-01-04 21:00:00,7.5,85,7.2,0.0,809.2
2018-01-04 22:00:00,6.4,86,7.8,0.0,809.0
2018-01-04 23:00:00,5.5,85,8.8,0.0,808.8
2018-01-05 00:00:00,5.0,85,9.7,0.0,808.6
2018-01-05 01:00:00,5.7,84,8.6,0.0,809.5
2018-01-05 02:00:00,7.5,81,7.3,0.0,810.4
2018-01-05 03:00:00,8.1,80,5.9,0.0,810.4
2018-01-05 04:00:00,7.7,82,4.8,0.0,809.9
2018-01-05 05:00:00,7.2,84,4.5,0.0,809.5
2018-01-05 06:00:00,6.8,86,4.7,0.0,809.1
2018-01-05 07:00:00,7.0,87,5.2,0.0,809.5
2018-01-05 08:00:00,6.4,90,5.5,0.0,810.0
2018-01-05 09:00:00,7.6,91,6.1,33.0,811.4
2018-01-05 10:00:00,9.1,82,13.0,101.0,812.6
2018-01-05 11:00:00,10.7,69,16.3,331.0,813.3
2018-01-05 12:00:00,12.5,60,15.3,545.0,813.4
2018-01-05 13:00:00,13.8,55,16.4,676.0,812.9
2018-01-05 14:00:00,14.5,52,16.6,716.0,811.7
2018-01-05 15:00:00,14.8,52,17.5,674.0,810.9
2018-01-05 16:00:00,14.7,53,16.8,552.0,810.4
2018-01-05 17:00:00,14.0,55,15.5,371.0,809.9
2018-01-05 18:00:00,12.1,64,10.7,171.0,809.0
2018-01-05 19:00:00,9.0,77,7.9,16.0,807.4
2018-01-05 20:00:00,8.3,78,8.7,0.0,807.0
2018-01-05 21:00:00,7.8,80,7.4,0.0,807.4
2018-01-05 22:00:00,7.1,85,7.3,0.0,807.5
2018-01-05 23:00:00,6.4,85,6.9,0.0,807.3
2018-01-06 00:00:00,5.5,85,7.9,0.0,806.9
2018-01-06 01:00:00,4.3,88,9.9,0.0,805.9
2018-01-06 02:00:00,3.8,89,10.2,0.0,805.6
2018-01-06 03:00:00,3.7,89,10.2,0.0,805.3
2018-01-06 04:00:00,3.6,90,10.2,0.0,804.9
2018-01-06 05:00:00,4.2,89,9.4,0.0,805.0
2018-01-06 06:00:00,4.6,89,9.0,0.0,805.4
2018-01-06 07:00:00,5.4,88,8.2,0.0,806.2
2018-01-06 08:00:00,6.4,89,6.5,0.0,808.2
2018-01-06 09:00:00,6.9,90,4.6,63.0,809.1
2018-01-06 10:00:00,9.5,80,8.9,244.0,810.8
2018-01-06 11:00:00,11.5,69,15.5,428.0,811.8
2018-01-06 12:00:00,12.9,62,16.6,550.0,811.9
2018-01-06 13:00:00,14.4,51,22.3,643.0,811.1
2018-01-06 14:00:00,15.0,48,23.0,649.0,810.1
2018-01-06 15:00:00,15.2,49,21.0,615.0,809.2
2018-01-06 16:00:00,15.0,49,20.4,538.0,808.9
2018-01-06 17:00:00,14.3,52,17.1,354.0,808.4
2018-01-06 18:00:00,12.6,60,12.3,173.0,807.6
2018-01-06 19:00:00,10.0,73,9.4,16.0,806.5
2018-01-06 20:00:00,8.4,78,8.1,0.0,805.8
2018-01-06 21:00:00,7.8,79,7.4,0.0,806.1
2018-01-06 22:00:00,6.7,83,7.1,0.0,806.0
2018-01-06 23:00:00,6.0,85,7.9,0.0,805.9
2018-01-07 00:00:00,5.7,85,8.3,0.0,805.9
2018-01-07 01:00:00,5.1,87,9.2,0.0,805.6
2018-01-07 02:00:00,4.8,88,9.3,0.0,805.6
2018-01-07 03:00:00,4.4,89,9.5,0.0,805.4
2018-01-07 04:00:00,3.8,92,10.4,0.0,804.8
2018-01-07 05:00:00,4.0,93,9.5,0.0,804.7
2018-01-07 06:00:00,4.0,94,9.2,0.0,804.6
2018-01-07 07:00:00,4.2,95,8.5,0.0,805.2
2018-01-07 08:00:00,4.4,97,9.1,0.0,806.6
2018-01-07 09:00:00,6.6,96,6.6,66.0,808.4
2018-01-07 10:00:00,8.7,88,9.0,225.0,810.3
2018-01-07 11:00:00,10.9,77,11.8,435.0,811.1
2018-01-07 12:00:00,13.0,61,17.1,606.0,811.1
2018-01-07 13:00:00,14.3,57,17.9,673.0,810.5
2018-01-07 14:00:00,14.9,53,19.6,659.0,809.6
2018-01-07 15:00:00,15.2,52,20.2,595.0,808.7
2018-01-07 16:00:00,15.4,47,20.9,508.0,808.1
2018-01-07 17:00:00,14.6,56,17.7,366.0,807.6
2018-01-07 18:00:00,13.0,64,12.5,169.0,806.9
2018-01-07 19:00:00,10.7,72,9.9,16.0,805.9
2018-01-07 20:00:00,8.2,82,10.9,0.0,805.2
2018-01-07 21:00:00,7.8,81,7.4,0.0,806.0
2018-01-07 22:00:00,6.6,84,8.9,0.0,806.2
2018-01-07 23:00:00,6.6,82,8.6,0.0,806.8
2018-01-08 00:00:00,6.7,81,7.9,0.0,807.1
2018-01-08 01:00:00,5.8,85,8.3,0.0,806.7
2018-01-08 02:00:00,6.7,81,6.5,0.0,807.4
2018-01-08 03:00:00,7.5,77,4.6,0.0,808.0
2018-01-08 04:00:00,4.7,87,2.7,0.0,806.3
2018-01-08 05:00:00,3.2,92,2.9,0.0,805.3
2018-01-08 06:00:00,2.9,93,2.9,0.0,805.3
2018-01-08 07:00:00,2.6,95,3.1,0.0,805.5
2018-01-08 08:00:00,1.5,93,4.0,0.0,806.0
2018-01-08 09:00:00,5.3,88,3.4,79.0,809.2
2018-01-08 10:00:00,9.8,73,0.7,281.0,812.5
2018-01-08 11:00:00,12.0,61,3.7,481.0,814.0
2018-01-08 12:00:00,13.4,58,8.1,640.0,814.2
2018-01-08 13:00:00,14.4,54,11.0,701.0,813.5
2018-01-08 14:00:00,15.5,48,13.3,738.0,812.8
2018-01-08 15:00:00,16.1,44,13.7,677.0,812.0
2018-01-08 16:00:00,15.7,46,15.1,560.0,811.5
2018-01-08 17:00:00,15.3,48,14.0,372.0,811.2
2018-01-08 18:00:00,13.3,55,9.5,180.0,810.3
2018-01-08 19:00:00,9.6,68,7.7,18.0,808.7
2018-01-08 20:00:00,11.7,52,6.3,0.0,811.0
2018-01-08 21:00:00,8.6,71,8.6,0.0,810.1
2018-01-08 22:00:00,7.9,80,9.1,0.0,810.1
2018-01-08 23:00:00,6.1,93,6.6,0.0,810.3
2018-01-09 00:00:00,5.9,97,8.7,0.0,811.1
2018-01-09 01:00:00,5.5,99,9.0,0.0,811.4
2018-01-09 02:00:00,5.9,97,9.5,0.0,811.9
2018-01-09 03:00:00,5.8,94,9.0,0.0,811.9
2018-01-09 04:00:00,5.4,92,9.2,0.0,811.5
2018-01-09 05:00:00,4.7,93,9.4,0.0,811.5
2018-01-09 06:00:00,4.4,92,9.3,0.0,811.7
2018-01-09 07:00:00,4.0,92,9.0,0.0,812.0
2018-01-09 08:00:00,2.7,93,8.6,0.0,813.2
2018-01-09 09:00:00,3.3,91,9.3,27.0,813.8
2018-01-09 10:00:00,4.0,88,9.4,97.0,814.3
2018-01-09 11:00:00,5.3,85,8.8,191.0,814.9
2018-01-09 12:00:00,7.0,80,9.4,283.0,814.4
2018-01-09 13:00:00,7.6,78,9.7,232.0,813.8
2018-01-09 14:00:00,8.8,75,10.0,358.0,813.4
2018-01-09 15:00:00,9.6,75,10.6,323.0,812.8
2018-01-09 16:00:00,10.2,76,12.2,385.0,812.3
2018-01-09 17:00:00,10.0,79,12.2,287.0,811.9
2018-01-09 18:00:00,8.2,81,10.5,128.0,811.6
2018-01-09 19:00:00,6.6,81,8.8,12.0,811.5
2018-01-09 20:00:00,6.5,79,10.5,0.0,812.1
2018-01-09 21:00:00,5.7,85,10.4,0.0,812.5
2018-01-09 22:00:00,5.4,86,11.2,0.0,813.2
2018-01-09 23:00:00,4.9,86,12.2,0.0,813.8
2018-01-10 00:00:00,4.4,85,14.1,0.0,814.1
2018-01-10 01:00:00,3.7,84,15.1,0.0,814.3
2018-01-10 02:00:00,3.1,86,15.5,0.0,814.7
2018-01-10 03:00:00,2.7,86,15.8,0.0,814.7
2018-01-10 04:00:00,2.4,86,15.1,0.0,814.7
2018-01-10 05:00:00,2.2,85,15.1,0.0,814.7
2018-01-10 06:00:00,2.1,82,15.8,0.0,815.0
2018-01-10 07:00:00,1.7,82,15.9,0.0,815.5
2018-01-10 08:00:00,0.7,80,17.3,0.0,816.4
2018-01-10 09:00:00,0.7,78,17.8,18.0,817.0
2018-01-10 10:00:00,1.3,74,18.5,96.0,818.0
2018-01-10 11:00:00,2.0,72,18.4,168.0,818.6
2018-01-10 12:00:00,3.1,69,16.9,258.0,818.2
2018-01-10 13:00:00,3.3,70,15.2,210.0,817.1
2018-01-10 14:00:00,4.1,67,13.5,261.0,815.9
2018-01-10 15:00:00,4.5,68,12.8,209.0,815.1
2018-01-10 16:00:00,4.9,67,10.5,185.0,814.5
2018-01-10 17:00:00,4.8,69,11.8,132.0,814.3
2018-01-10 18:00:00,4.0,71,12.6,58.0,814.1
2018-01-10 19:00:00,3.5,72,12.1,7.0,814.2
2018-01-10 20:00:00,3.0,72,10.5,0.0,814.6
2018-01-10 21:00:00,2.8,74,10.8,0.0,815.1
2018-01-10 22:00:00,2.5,76,10.5,0.0,815.9
2018-01-10 23:00:00,2.1,78,10.2,0.0,816.0
2018-01-11 00:00:00,1.9,80,9.0,0.0,816.3
2018-01-11 01:00:00,1.6,82,9.1,0.0,816.1
2018-01-11 02:00:00,1.4,83,9.6,0.0,815.8
2018-01-11 03:00:00,1.3,84,9.8,0.0,815.5
2018-01-11 04:00:00,1.2,83,9.8,0.0,815.1
2018-01-11 05:00:00,1.3,84,10.6,0.0,814.9
2018-01-11 06:00:00,1.2,84,10.2,0.0,815.0
2018-01-11 07:00:00,1.3,84,10.5,0.0,815.3
2018-01-11 08:00:00,0.6,82,10.8,0.0,816.1
2018-01-11 09:00:00,0.9,81,13.0,22.0,816.6
2018-01-11 10:00:00,1.6,78,14.0,105.0,817.3
2018-01-11 11:00:00,2.5,75,14.5,164.0,817.9
2018-01-11 12:00:00,2.7,76,14.2,175.0,817.5
2018-01-11 13:00:00,2.9,75,12.9,194.0,817.2
2018-01-11 14:00:00,3.5,73,12.0,228.0,816.3
2018-01-11 15:00:00,3.7,72,12.0,216.0,815.5
2018-01-11 16:00:00,3.7,73,11.2,139.0,815.1
2018-01-11 17:00:00,3.8,72,11.2,140.0,815.3
2018-01-11 18:00:00,3.2,76,10.2,45.0,815.2
2018-01-11 19:00:00,2.7,79,9.1,7.0,815.3
2018-01-11 20:00:00,3.0,80,6.5,0.0,815.3
2018-01-11 21:00:00,2.9,81,7.5,0.0,815.9
2018-01-11 22:00:00,2.6,84,8.5,0.0,816.6
2018-01-11 23:00:00,2.2,87,8.8,0.0,817.3
2018-01-12 00:00:00,1.8,88,9.3,0.0,817.4
2018-01-12 01:00:00,1.5,88,10.1,0.0,817.3
2018-01-12 02:00:00,1.3,88,11.0,0.0,816.9
2018-01-12 03:00:00,1.1,88,10.0,0.0,816.4
2018-01-12 04:00:00,1.0,88,8.7,0.0,816.4
2018-01-12 05:00:00,0.9,87,8.9,0.0,816.2
2018-01-12 06:00:00,0.7,88,9.1,0.0,815.9
2018-01-12 07:00:00,0.5,88,8.4,0.0,816.0
2018-01-12 08:00:00,0.0,87,8.5,0.0,816.3
2018-01-12 09:00:00,0.5,81,9.8,25.0,816.8
2018-01-12 10:00:00,1.5,77,10.7,106.0,817.5
2018-01-12 11:00:00,2.7,73,10.2,230.0,817.8
2018-01-12 12:00:00,3.7,70,9.6,260.0,817.1
2018-01-12 13:00:00,4.6,70,10.8,323.0,816.4
2018-01-12 14:00:00,5.2,70,11.4,271.0,814.7
2018-01-12 15:00:00,5.1,72,14.1,207.0,813.6
2018-01-12 16:00:00,5.2,73,15.6,158.0,812.9
2018-01-12 17:00:00,5.2,73,14.5,97.0,812.5
2018-01-12 18:00:00,5.3,76,11.2,51.0,812.0
2018-01-12 19:00:00,4.9,80,9.7,6.0,811.7
2018-01-12 20:00:00,4.7,83,8.2,0.0,811.4
2018-01-12 21:00:00,4.5,86,8.2,0.0,811.9
2018-01-12 22:00:00,4.5,88,10.1,0.0,812.4
2018-01-12 23:00:00,4.4,90,11.9,0.0,812.6
2018-01-13 00:00:00,4.3,92,11.6,0.0,813.2
2018-01-13 01:00:00,4.1,93,9.8,0.0,813.0
2018-01-13 02:00:00,4.1,93,9.9,0.0,812.7
2018-01-13 03:00:00,3.9,95,10.2,0.0,812.5
2018-01-13 04:00:00,3.8,98,10.7,0.0,812.1
2018-01-13 05:00:00,3.8,98,11.8,0.0,811.5
2018-01-13 06:00:00,3.8,96,13.2,0.0,811.1
2018-01-13 07:00:00,3.7,97,12.6,0.0,811.2
2018-01-13 08:00:00,3.5,97,10.1,0.0,811.0
2018-01-13 09:00:00,4.3,93,12.2,21.0,811.7
2018-01-13 10:00:00,4.9,88,14.5,76.0,812.5
2018-01-13 11:00:00,5.8,84,17.1,130.0,812.9
2018-01-13 12:00:00,6.9,79,18.2,159.0,812.6
2018-01-13 13:00:00,8.1,72,20.0,248.0,812.3
2018-01-13 14:00:00,8.4,71,20.2,248.0,811.2
2018-01-13 15:00:00,8.5,72,19.4,219.0,810.2
2018-01-13 16:00:00,8.1,75,16.6,134.0,809.9
2018-01-13 17:00:00,8.1,75,14.7,109.0,810.2
2018-01-13 18:00:00,7.5,78,13.0,55.0,810.0
2018-01-13 19:00:00,7.2,80,10.3,7.0,810.0
2018-01-13 20:00:00,6.5,81,6.9,0.0,810.0
2018-01-13 21:00:00,5.9,85,5.7,0.0,810.4
2018-01-13 22:00:00,6.1,86,6.7,0.0,811.4
2018-01-13 23:00:00,6.0,91,9.4,0.0,812.3
2018-01-14 00:00:00,5.8,93,10.5,0.0,812.6
2018-01-14 01:00:00,5.6,93,9.6,0.0,812.7
2018-01-14 02:00:00,5.5,93,7.9,0.0,812.7
2018-01-14 03:00:00,5.2,94,6.8,0.0,812.2
2018-01-14 04:00:00,5.1,93,6.6,0.0,812.0
2018-01-14 05:00:00,5.2,91,6.9,0.0,811.9
2018-01-14 06:00:00,5.0,93,7.2,0.0,811.8
2018-01-14 07:00:00,5.0,94,7.5,0.0,811.9
2018-01-14 08:00:00,4.3,98,7.3,0.0,812.5
2018-01-14 09:00:00,5.3,89,10.0,22.0,813.7
2018-01-14 10:00:00,6.1,85,12.1,73.0,814.2
2018-01-14 11:00:00,7.1,80,13.7,135.0,814.7
2018-01-14 12:00:00,8.9,70,15.3,253.0,814.4
2018-01-14 13:00:00,10.3,65,16.7,363.0,813.8
2018-01-14 14:00:00,10.9,62,17.3,384.0,813.0
2018-01-14 15:00:00,11.0,60,17.5,253.0,812.3
2018-01-14 16:00:00,11.2,59,16.9,253.0,811.8
2018-01-14 17:00:00,11.0,60,15.0,171.0,811.8
2018-01-14 18:00:00,10.1,67,12.0,80.0,811.8
2018-01-14 19:00:00,8.4,74,10.2,18.0,811.1
2018-01-14 20:00:00,7.1,83,10.5,0.0,810.3
2018-01-14 21:00:00,5.6,88,7.2,0.0,809.6
2018-01-14 22:00:00,4.1,91,6.7,0.0,809.2
2018-01-14 23:00:00,3.0,92,8.3,0.0,808.3
2018-01-15 00:00:00,2.6,92,8.9,0.0,808.1
2018-01-15 01:00:00,2.3,93,8.7,0.0,807.8
2018-01-15 02:00:00,2.5,94,8.1,0.0,808.0
2018-01-15 03:00:00,3.0,95,6.7,0.0,808.2
2018-01-15 04:00:00,4.6,96,6.2,0.0,809.0
2018-01-15 05:00:00,5.5,96,8.5,0.0,809.4
2018-01-15 06:00:00,5.7,97,8.3,0.0,809.4
2018-01-15 07:00:00,5.8,97,8.2,0.0,809.6
2018-01-15 08:00:00,5.9,98,9.1,0.0,810.1
2018-01-15 09:00:00,6.7,93,10.3,19.0,810.7
2018-01-15 10:00:00,8.0,84,17.2,87.0,811.7
2018-01-15 11:00:00,10.3,69,21.8,285.0,812.4
2018-01-15 12:00:00,11.4,60,24.0,331.0,811.9
2018-01-15 13:00:00,13.0,52,25.9,573.0,811.7
2018-01-15 14:00:00,13.6,50,25.8,625.0,810.9
2018-01-15 15:00:00,13.6,50,24.4,587.0,810.0
2018-01-15 16:00:00,13.7,48,22.2,467.0,809.4
2018-01-15 17:00:00,13.4,50,20.3,348.0,808.8
2018-01-15 18:00:00,11.7,59,13.6,197.0,808.1
2018-01-15 19:00:00,9.0,73,10.2,26.0,807.0
2018-01-15 20:00:00,8.3,81,10.2,0.0,806.5
2018-01-15 21:00:00,7.9,85,10.0,0.0,806.8
2018-01-15 22:00:00,6.9,89,8.2,0.0,807.1
2018-01-15 23:00:00,6.1,93,6.9,0.0,807.2
2018-01-16 00:00:00,5.4,95,6.9,0.0,806.8
2018-01-16 01:00:00,4.6,97,8.1,0.0,806.5
2018-01-16 02:00:00,3.9,99,9.2,0.0,806.4
2018-01-16 03:00:00,3.9,100,9.0,0.0,806.2
2018-01-16 04:00:00,4.5,100,8.3,0.0,806.5
2018-01-16 05:00:00,6.3,98,4.4,0.0,807.7
2018-01-16 06:00:00,7.0,98,4.6,0.0,808.2
2018-01-16 07:00:00,6.9,98,4.6,0.0,808.7
2018-01-16 08:00:00,7.3,99,8.5,0.0,809.8
2018-01-16 09:00:00,8.0,92,10.2,21.0,811.0
2018-01-16 10:00:00,9.4,81,13.2,170.0,812.3
2018-01-16 11:00:00,10.7,67,16.1,347.0,813.5
2018-01-16 12:00:00,12.3,56,13.1,525.0,813.5
2018-01-16 13:00:00,13.8,47,15.0,657.0,813.7
2018-01-16 14:00:00,14.0,46,15.0,576.0,812.6
2018-01-16 15:00:00,13.7,48,15.1,403.0,811.8
2018-01-16 16:00:00,13.5,50,15.3,316.0,811.6
2018-01-16 17:00:00,13.4,50,10.5,193.0,811.2
2018-01-16 18:00:00,11.9,58,7.9,183.0,810.4
2018-01-16 19:00:00,7.5,74,7.9,27.0,808.1
2018-01-16 20:00:00,8.4,68,5.8,0.0,808.3
2018-01-16 21:00:00,5.9,77,8.2,0.0,807.4
2018-01-16 22:00:00,9.4,61,6.8,0.0,810.1
2018-01-16 23:00:00,8.9,63,4.1,0.0,810.4
2018-01-17 00:00:00,8.4,65,3.4,0.0,810.3
2018-01-17 01:00:00,8.2,67,3.9,0.0,810.4
2018-01-17 02:00:00,8.0,67,5.4,0.0,810.2
2018-01-17 03:00:00,7.7,69,6.8,0.0,809.8
2018-01-17 04:00:00,5.5,77,7.8,0.0,808.2
2018-01-17 05:00:00,4.8,81,8.0,0.0,807.5
2018-01-17 06:00:00,4.4,85,8.0,0.0,807.3
2018-01-17 07:00:00,3.0,90,8.6,0.0,806.7
2018-01-17 08:00:00,2.9,93,8.9,0.0,807.3
2018-01-17 09:00:00,6.1,90,6.5,68.0,809.8
2018-01-17 10:00:00,9.9,80,10.4,258.0,812.8
2018-01-17 11:00:00,11.6,67,15.4,413.0,813.7
2018-01-17 12:00:00,13.2,60,14.9,578.0,813.9
2018-01-17 13:00:00,14.7,53,15.7,705.0,813.7
2018-01-17 14:00:00,15.5,49,16.5,760.0,812.5
2018-01-17 15:00:00,15.8,50,15.6,715.0,811.7
2018-01-17 16:00:00,15.8,51,15.3,598.0,811.2
2018-01-17 17:00:00,15.3,52,14.4,420.0,810.7
2018-01-17 18:00:00,13.4,62,9.5,209.0,809.9
2018-01-17 19:00:00,9.2,78,7.1,29.0,807.9
2018-01-17 20:00:00,7.1,84,12.3,0.0,806.4
2018-01-17 21:00:00,6.7,85,8.2,0.0,806.6
2018-01-17 22:00:00,5.5,88,9.0,0.0,806.6
2018-01-17 23:00:00,5.6,88,9.0,0.0,807.1
2018-01-18 00:00:00,6.9,84,8.3,0.0,808.1
2018-01-18 01:00:00,7.2,83,8.2,0.0,808.6
2018-01-18 02:00:00,6.8,84,8.1,0.0,808.4
2018-01-18 03:00:00,6.1,86,8.3,0.0,807.7
2018-01-18 04:00:00,7.0,84,7.6,0.0,808.3
2018-01-18 05:00:00,7.0,85,6.6,0.0,807.9
2018-01-18 06:00:00,6.7,87,6.3,0.0,807.8
2018-01-18 07:00:00,6.5,89,5.8,0.0,808.2
2018-01-18 08:00:00,6.1,92,5.2,0.0,809.0
2018-01-18 09:00:00,6.3,94,4.0,66.0,809.7
2018-01-18 10:00:00,9.0,84,7.7,227.0,811.9
2018-01-18 11:00:00,11.6,67,15.4,424.0,813.1
2018-01-18 12:00:00,13.3,55,17.4,518.0,813.3
2018-01-18 13:00:00,14.7,52,16.3,686.0,813.0
2018-01-18 14:00:00,15.5,52,15.8,738.0,812.6
2018-01-18 15:00:00,15.9,52,15.6,693.0,812.0
2018-01-18 16:00:00,15.8,53,15.5,572.0,811.9
2018-01-18 17:00:00,15.1,55,14.8,403.0,811.8
2018-01-18 18:00:00,13.6,63,10.5,198.0,811.1
2018-01-18 19:00:00,10.2,76,7.7,29.0,809.7
2018-01-18 20:00:00,8.5,81,10.8,0.0,808.8
2018-01-18 21:00:00,7.3,81,8.4,0.0,808.8
2018-01-18 22:00:00,9.1,74,6.8,0.0,810.4
2018-01-18 23:00:00,9.3,75,6.0,0.0,811.5
2018-01-19 00:00:00,8.8,80,2.9,0.0,811.7
2018-01-19 01:00:00,8.2,84,2.5,0.0,811.6
2018-01-19 02:00:00,7.8,87,2.1,0.0,811.8
2018-01-19 03:00:00,7.4,89,1.8,0.0,811.4
2018-01-19 04:00:00,6.6,92,1.8,0.0,810.8
2018-01-19 05:00:00,6.7,93,2.6,0.0,810.8
2018-01-19 06:00:00,6.8,93,3.6,0.0,811.1
2018-01-19 07:00:00,6.8,92,4.1,0.0,811.5
2018-01-19 08:00:00,4.7,100,2.3,0.0,811.4
2018-01-19 09:00:00,7.2,96,2.1,45.0,813.7
2018-01-19 10:00:00,9.5,89,6.9,133.0,815.4
2018-01-19 11:00:00,11.2,75,15.1,254.0,816.3
2018-01-19 12:00:00,12.5,65,14.5,446.0,816.4
2018-01-19 13:00:00,13.7,59,14.8,473.0,815.7
2018-01-19 14:00:00,14.9,52,15.4,548.0,815.0
2018-01-19 15:00:00,15.5,48,14.6,534.0,814.2
2018-01-19 16:00:00,15.8,47,16.3,480.0,813.6
2018-01-19 17:00:00,15.2,53,15.4,398.0,813.2
2018-01-19 18:00:00,13.5,63,8.9,201.0,812.4
2018-01-19 19:00:00,9.9,77,7.6,30.0,810.6
2018-01-19 20:00:00,8.7,84,9.8,0.0,809.3
2018-01-19 21:00:00,8.9,85,7.9,0.0,810.0
2018-01-19 22:00:00,7.9,88,7.2,0.0,810.1
2018-01-19 23:00:00,6.7,91,7.6,0.0,809.9
2018-01-20 00:00:00,5.6,93,8.9,0.0,809.6
2018-01-20 01:00:00,4.7,95,10.0,0.0,809.0
2018-01-20 02:00:00,4.8,96,9.3,0.0,808.9
2018-01-20 03:00:00,4.8,97,8.8,0.0,808.6
2018-01-20 04:00:00,5.3,96,8.7,0.0,808.3
2018-01-20 05:00:00,5.5,96,8.4,0.0,808.0
2018-01-20 06:00:00,4.9,98,8.3,0.0,807.8
2018-01-20 07:00:00,4.1,100,8.7,0.0,807.5
2018-01-20 08:00:00,5.4,100,8.1,0.0,809.6
2018-01-20 09:00:00,7.5,98,7.1,32.0,811.4
2018-01-20 10:00:00,9.4,85,12.7,136.0,812.7
2018-01-20 11:00:00,11.3,71,15.5,308.0,813.8
2018-01-20 12:00:00,13.4,56,17.4,465.0,813.9
2018-01-20 13:00:00,14.5,56,17.4,631.0,813.3
2018-01-20 14:00:00,15.1,52,18.6,673.0,812.4
2018-01-20 15:00:00,15.7,51,19.4,674.0,811.6
2018-01-20 16:00:00,15.8,50,18.9,575.0,811.1
2018-01-20 17:00:00,15.4,52,16.9,416.0,810.8
2018-01-20 18:00:00,13.9,60,10.9,214.0,810.3
2018-01-20 19:00:00,9.9,75,7.4,32.0,808.2
2018-01-20 20:00:00,7.9,82,13.0,0.0,806.7
2018-01-20 21:00:00,7.9,84,7.4,0.0,807.5
2018-01-20 22:00:00,6.9,90,7.7,0.0,807.3
2018-01-20 23:00:00,5.9,93,9.7,0.0,807.4
2018-01-21 00:00:00,7.0,90,8.5,0.0,808.5
2018-01-21 01:00:00,6.5,91,8.7,0.0,808.2
2018-01-21 02:00:00,4.9,94,9.6,0.0,807.5
2018-01-21 03:00:00,4.2,96,10.2,0.0,806.8
2018-01-21 04:00:00,4.3,96,9.7,0.0,806.7
2018-01-21 05:00:00,4.7,96,8.6,0.0,806.7
2018-01-21 06:00:00,4.9,96,8.2,0.0,807.0
2018-01-21 07:00:00,5.9,95,6.5,0.0,808.2
2018-01-21 08:00:00,6.4,96,4.6,0.0,809.9
2018-01-21 09:00:00,7.9,94,3.5,35.0,811.5
2018-01-21 10:00:00,9.3,86,9.1,124.0,813.2
2018-01-21 11:00:00,11.5,70,11.8,338.0,814.5
2018-01-21 12:00:00,13.1,57,12.7,485.0,814.5
2018-01-21 13:00:00,14.3,51,11.5,619.0,813.7
2018-01-21 14:00:00,15.3,45,13.6,685.0,813.1
2018-01-21 15:00:00,15.5,45,12.8,602.0,812.3
2018-01-21 16:00:00,15.3,44,9.9,425.0,812.0
2018-01-21 17:00:00,14.8,48,6.6,228.0,811.8
2018-01-21 18:00:00,13.9,57,4.3,152.0,811.4
2018-01-21 19:00:00,8.9,72,9.4,32.0,808.6
2018-01-21 20:00:00,11.0,62,7.9,0.0,810.1
2018-01-21 21:00:00,9.4,67,7.7,0.0,809.5
2018-01-21 22:00:00,9.6,66,7.4,0.0,810.5
2018-01-21 23:00:00,10.2,67,5.3,0.0,811.3
2018-01-22 00:00:00,9.8,71,4.0,0.0,811.5
2018-01-22 01:00:00,9.4,74,2.8,0.0,811.1
2018-01-22 02:00:00,9.0,78,3.5,0.0,811.0
2018-01-22 03:00:00,8.7,82,3.2,0.0,810.6
2018-01-22 04:00:00,8.2,85,3.1,0.0,810.0
2018-01-22 05:00:00,7.7,86,2.9,0.0,809.5
2018-01-22 06:00:00,7.4,88,3.6,0.0,809.5
2018-01-22 07:00:00,7.3,89,3.6,0.0,809.8
2018-01-22 08:00:00,3.9,93,3.1,0.0,808.2
2018-01-22 09:00:00,6.5,89,2.7,80.0,810.1
2018-01-22 10:00:00,10.1,76,3.2,287.0,812.8
2018-01-22 11:00:00,12.7,63,14.2,488.0,813.9
2018-01-22 12:00:00,13.8,55,14.7,543.0,813.6
2018-01-22 13:00:00,15.0,49,14.6,637.0,813.0
2018-01-22 14:00:00,15.6,48,14.8,721.0,812.3
2018-01-22 15:00:00,15.9,47,13.4,680.0,811.5
2018-01-22 16:00:00,16.1,47,13.2,602.0,811.3
2018-01-22 17:00:00,15.4,50,13.1,430.0,810.9
2018-01-22 18:00:00,13.8,59,8.3,220.0,810.1
2018-01-22 19:00:00,9.0,77,8.3,35.0,807.6
2018-01-22 20:00:00,7.6,80,12.4,0.0,806.6
2018-01-22 21:00:00,7.4,78,8.5,0.0,807.2
2018-01-22 22:00:00,6.5,79,9.4,0.0,807.2
2018-01-22 23:00:00,9.1,72,7.4,0.0,809.5
2018-01-23 00:00:00,9.5,73,6.6,0.0,810.1
2018-01-23 01:00:00,9.1,76,6.0,0.0,809.7
2018-01-23 02:00:00,8.7,78,5.0,0.0,809.4
2018-01-23 03:00:00,8.3,78,4.5,0.0,809.1
2018-01-23 04:00:00,8.0,79,3.8,0.0,808.6
2018-01-23 05:00:00,7.6,79,3.6,0.0,808.1
2018-01-23 06:00:00,7.2,79,3.7,0.0,808.0
2018-01-23 07:00:00,5.6,83,3.2,0.0,807.2
2018-01-23 08:00:00,4.0,87,4.0,0.0,807.1
2018-01-23 09:00:00,5.9,85,3.6,83.0,808.6
2018-01-23 10:00:00,9.8,73,4.1,296.0,811.5
2018-01-23 11:00:00,12.2,59,9.5,502.0,812.5
2018-01-23 12:00:00,13.9,49,12.2,663.0,812.4
2018-01-23 13:00:00,15.2,45,13.4,761.0,811.9
2018-01-23 14:00:00,16.0,42,14.5,785.0,811.3
2018-01-23 15:00:00,16.4,42,15.0,737.0,810.3
2018-01-23 16:00:00,16.4,43,15.0,618.0,809.7
2018-01-23 17:00:00,15.9,43,14.8,441.0,809.5
2018-01-23 18:00:00,14.1,51,10.2,228.0,808.6
2018-01-23 19:00:00,10.5,60,8.4,37.0,806.9
2018-01-23 20:00:00,8.1,73,12.7,0.0,805.2
2018-01-23 21:00:00,8.0,77,7.5,0.0,805.8
2018-01-23 22:00:00,7.5,82,7.2,0.0,806.1
2018-01-23 23:00:00,6.5,83,7.7,0.0,805.8
2018-01-24 00:00:00,5.3,86,9.4,0.0,805.0
2018-01-24 01:00:00,4.8,87,10.0,0.0,804.3
2018-01-24 02:00:00,4.5,87,9.8,0.0,804.3
2018-01-24 03:00:00,4.7,87,9.0,0.0,804.0
2018-01-24 04:00:00,4.5,88,8.7,0.0,803.8
2018-01-24 05:00:00,4.1,90,9.0,0.0,803.5
2018-01-24 06:00:00,3.4,91,10.1,0.0,803.1
2018-01-24 07:00:00,3.0,92,10.0,0.0,803.2
2018-01-24 08:00:00,3.7,90,10.2,0.0,804.4
2018-01-24 09:00:00,7.1,84,7.4,84.0,806.6
2018-01-24 10:00:00,9.9,72,10.0,299.0,808.4
2018-01-24 11:00:00,12.2,59,14.2,507.0,809.6
2018-01-24 12:00:00,14.3,50,16.5,670.0,809.7
2018-01-24 13:00:00,16.0,44,18.3,765.0,809.5
2018-01-24 14:00:00,16.9,43,20.4,789.0,808.4
2018-01-24 15:00:00,17.4,40,21.4,739.0,808.1
2018-01-24 16:00:00,17.4,38,20.9,621.0,807.5
2018-01-24 17:00:00,16.6,41,19.2,445.0,807.2
2018-01-24 18:00:00,14.8,49,14.8,230.0,806.6
2018-01-24 19:00:00,12.0,58,11.5,38.0,805.5
2018-01-24 20:00:00,11.1,58,12.3,0.0,804.8
2018-01-24 21:00:00,10.1,65,10.9,0.0,804.8
2018-01-24 22:00:00,9.1,74,9.7,0.0,804.8
2018-01-24 23:00:00,8.3,80,8.9,0.0,804.9
2018-01-25 00:00:00,7.8,82,8.2,0.0,805.0
2018-01-25 01:00:00,7.1,84,7.6,0.0,804.5
2018-01-25 02:00:00,6.1,85,7.7,0.0,804.2
2018-01-25 03:00:00,5.5,86,8.6,0.0,803.7
2018-01-25 04:00:00,5.1,87,8.6,0.0,803.3
2018-01-25 05:00:00,4.6,88,9.0,0.0,803.0
2018-01-25 06:00:00,4.0,89,10.0,0.0,802.7
2018-01-25 07:00:00,3.5,89,10.6,0.0,803.0
2018-01-25 08:00:00,4.0,88,11.6,0.0,804.2
2018-01-25 09:00:00,8.1,80,7.9,84.0,807.6
2018-01-25 10:00:00,11.0,70,9.9,296.0,810.0
2018-01-25 11:00:00,13.1,57,13.8,502.0,811.1
2018-01-25 12:00:00,14.7,48,17.1,662.0,811.5
2018-01-25 13:00:00,15.8,44,17.9,758.0,811.1
2018-01-25 14:00:00,16.6,39,19.7,783.0,810.2
2018-01-25 15:00:00,16.8,40,20.5,737.0,809.4
2018-01-25 16:00:00,16.6,39,23.2,624.0,809.2
2018-01-25 17:00:00,15.8,41,21.8,346.0,808.9
2018-01-25 18:00:00,14.7,45,11.8,207.0,808.5
2018-01-25 19:00:00,11.6,54,8.4,38.0,807.3
2018-01-25 20:00:00,9.4,68,10.6,0.0,806.1
2018-01-25 21:00:00,9.3,75,7.7,0.0,806.7
2018-01-25 22:00:00,8.1,83,7.7,0.0,806.7
2018-01-25 23:00:00,8.2,82,7.1,0.0,807.1
2018-01-26 00:00:00,8.1,85,7.3,0.0,807.8
2018-01-26 01:00:00,7.6,89,7.1,0.0,807.9
2018-01-26 02:00:00,6.9,91,7.3,0.0,807.6
2018-01-26 03:00:00,6.7,93,7.0,0.0,807.4
2018-01-26 04:00:00,5.7,94,8.5,0.0,806.6
2018-01-26 05:00:00,5.3,94,9.0,0.0,806.2
2018-01-26 06:00:00,4.8,95,9.7,0.0,806.1
2018-01-26 07:00:00,4.5,96,10.1,0.0,806.4
2018-01-26 08:00:00,5.1,95,11.3,0.0,807.6
2018-01-26 09:00:00,8.8,90,8.5,83.0,810.2
2018-01-26 10:00:00,11.3,79,10.6,295.0,811.7
2018-01-26 11:00:00,13.1,64,15.1,502.0,812.6
2018-01-26 12:00:00,14.8,48,19.6,654.0,812.6
2018-01-26 13:00:00,15.7,41,21.4,679.0,812.0
2018-01-26 14:00:00,16.2,44,21.4,752.0,811.0
2018-01-26 15:00:00,16.9,39,25.4,686.0,810.1
2018-01-26 16:00:00,16.6,38,24.4,540.0,809.4
2018-01-26 17:00:00,16.5,39,20.6,410.0,808.9
2018-01-26 18:00:00,15.1,45,16.4,225.0,808.2
2018-01-26 19:00:00,12.7,56,15.0,39.0,807.5
2018-01-26 20:00:00,11.9,57,13.4,0.0,807.1
2018-01-26 21:00:00,10.3,66,9.4,0.0,806.7
2018-01-26 22:00:00,9.4,75,8.4,0.0,806.5
2018-01-26 23:00:00,8.9,79,8.3,0.0,806.9
2018-01-27 00:00:00,8.7,81,8.5,0.0,806.9
2018-01-27 01:00:00,8.3,83,7.9,0.0,806.8
2018-01-27 02:00:00,7.5,84,7.2,0.0,806.1
2018-01-27 03:00:00,6.7,86,7.7,0.0,805.4
2018-01-27 04:00:00,5.8,89,8.9,0.0,804.8
2018-01-27 05:00:00,4.7,91,10.9,0.0,804.1
2018-01-27 06:00:00,5.0,90,10.3,0.0,804.5
2018-01-27 07:00:00,6.7,86,8.9,0.0,806.0
2018-01-27 08:00:00,8.0,75,6.6,0.0,807.7
2018-01-27 09:00:00,8.6,76,4.9,81.0,808.5
2018-01-27 10:00:00,11.4,70,6.4,290.0,810.4
2018-01-27 11:00:00,13.5,56,19.0,499.0,811.6
2018-01-27 12:00:00,14.8,47,23.5,608.0,811.5
2018-01-27 13:00:00,15.3,41,22.1,660.0,810.8
2018-01-27 14:00:00,15.6,38,24.3,648.0,809.7
2018-01-27 15:00:00,16.0,35,26.1,667.0,808.9
2018-01-27 16:00:00,15.9,35,25.9,522.0,808.0
2018-01-27 17:00:00,15.7,33,25.1,387.0,807.6
2018-01-27 18:00:00,14.5,39,14.3,215.0,807.1
2018-01-27 19:00:00,11.3,49,8.4,41.0,805.7
2018-01-27 20:00:00,8.6,58,11.0,0.0,805.1
2018-01-27 21:00:00,6.8,67,9.5,0.0,804.7
2018-01-27 22:00:00,7.2,67,8.4,0.0,805.7
2018-01-27 23:00:00,5.7,77,10.0,0.0,805.4
2018-01-28 00:00:00,5.5,80,10.7,0.0,805.5
2018-01-28 01:00:00,5.6,81,10.1,0.0,805.8
2018-01-28 02:00:00,5.7,81,9.7,0.0,805.7
2018-01-28 03:00:00,5.6,81,9.5,0.0,805.3
2018-01-28 04:00:00,5.6,80,9.2,0.0,805.2
2018-01-28 05:00:00,5.6,80,8.5,0.0,805.2
2018-01-28 06:00:00,6.1,78,8.0,0.0,805.7
2018-01-28 07:00:00,6.3,78,7.9,0.0,806.2
2018-01-28 08:00:00,4.8,82,9.4,0.0,806.0
2018-01-28 09:00:00,7.9,76,6.1,88.0,808.3
2018-01-28 10:00:00,10.6,65,8.6,305.0,810.4
2018-01-28 11:00:00,12.3,51,13.4,513.0,811.6
2018-01-28 12:00:00,13.9,42,16.3,676.0,812.0
2018-01-28 13:00:00,15.0,34,17.9,756.0,811.3
2018-01-28 14:00:00,15.4,35,17.6,788.0,810.3
2018-01-28 15:00:00,15.9,32,19.3,742.0,809.7
2018-01-28 16:00:00,15.8,32,19.9,630.0,809.0
2018-01-28 17:00:00,15.1,36,19.5,451.0,809.0
2018-01-28 18:00:00,14.1,43,12.5,221.0,808.4
2018-01-28 19:00:00,10.3,56,7.4,43.0,806.5
2018-01-28 20:00:00,8.0,66,12.6,0.0,805.8
2018-01-28 21:00:00,7.4,74,9.5,0.0,806.5
2018-01-28 22:00:00,6.8,83,9.8,0.0,807.2
2018-01-28 23:00:00,6.7,82,9.4,0.0,807.5
2018-01-29 00:00:00,7.0,80,8.0,0.0,808.4
2018-01-29 01:00:00,5.9,84,13.0,0.0,809.9
2018-01-29 02:00:00,0.8,92,12.1,0.0,810.4
2018-01-29 03:00:00,2.6,80,13.4,0.0,810.4
2018-01-29 04:00:00,3.1,81,11.8,0.0,810.3
2018-01-29 05:00:00,3.0,82,12.9,0.0,810.3
2018-01-29 06:00:00,3.0,83,12.0,0.0,810.0
2018-01-29 07:00:00,2.9,84,11.9,0.0,810.4
2018-01-29 08:00:00,2.3,85,10.4,0.0,810.7
2018-01-29 09:00:00,2.9,84,9.7,25.0,811.5
2018-01-29 10:00:00,4.6,79,10.0,110.0,812.3
2018-01-29 11:00:00,5.9,77,9.6,198.0,812.6
2018-01-29 12:00:00,8.0,72,9.5,352.0,812.7
2018-01-29 13:00:00,8.7,75,10.1,347.0,811.6
2018-01-29 14:00:00,9.9,73,12.0,386.0,810.4
2018-01-29 15:00:00,11.3,73,16.8,535.0,809.8
2018-01-29 16:00:00,13.7,62,15.3,496.0,809.0
2018-01-29 17:00:00,12.6,73,16.4,364.0,808.5
2018-01-29 18:00:00,11.2,80,14.7,228.0,808.2
2018-01-29 19:00:00,7.7,91,10.1,46.0,807.4
2018-01-29 20:00:00,4.3,90,9.0,0.0,806.4
2018-01-29 21:00:00,5.6,82,5.1,0.0,808.1
2018-01-29 22:00:00,4.7,87,6.9,0.0,808.4
2018-01-29 23:00:00,4.1,92,6.1,0.0,808.4
2018-01-30 00:00:00,4.6,89,6.1,0.0,809.7
2018-01-30 01:00:00,4.7,88,7.7,0.0,809.9
2018-01-30 02:00:00,4.9,88,8.0,0.0,809.5
2018-01-30 03:00:00,5.2,88,6.8,0.0,808.9
2018-01-30 04:00:00,5.6,88,8.2,0.0,808.3
2018-01-30 05:00:00,5.8,89,7.9,0.0,808.1
2018-01-30 06:00:00,6.0,92,11.4,0.0,807.8
2018-01-30 07:00:00,6.0,94,11.5,0.0,808.0
2018-01-30 08:00:00,5.5,91,11.5,0.0,807.6
2018-01-30 09:00:00,6.3,85,14.1,40.0,808.4
2018-01-30 10:00:00,8.0,75,15.8,233.0,809.6
2018-01-30 11:00:00,9.9,63,16.6,409.0,810.3
2018-01-30 12:00:00,12.6,50,19.7,637.0,810.4
2018-01-30 13:00:00,14.0,42,20.6,768.0,809.8
2018-01-30 14:00:00,14.8,41,20.4,784.0,808.4
2018-01-30 15:00:00,15.6,37,21.2,744.0,807.4
2018-01-30 16:00:00,15.6,34,20.2,636.0,806.6
2018-01-30 17:00:00,14.9,39,18.6,461.0,806.3
2018-01-30 18:00:00,13.6,47,13.8,245.0,806.1
2018-01-30 19:00:00,10.7,57,8.6,47.0,804.9
2018-01-30 20:00:00,8.2,74,9.8,0.0,803.8
2018-01-30 21:00:00,8.5,83,7.8,0.0,805.5
2018-01-30 22:00:00,7.9,85,7.7,0.0,806.3
2018-01-30 23:00:00,7.2,87,7.9,0.0,807.5
2018-01-31 00:00:00,5.2,93,8.4,0.0,807.7
2018-01-31 01:00:00,4.1,91,17.9,0.0,809.4
2018-01-31 02:00:00,3.0,82,16.6,0.0,810.7
2018-01-31 03:00:00,2.9,78,18.1,0.0,810.9
2018-01-31 04:00:00,1.9,78,19.0,0.0,811.3
2018-01-31 05:00:00,1.5,75,18.9,0.0,811.8
2018-01-31 06:00:00,0.8,76,19.3,0.0,812.2
2018-01-31 07:00:00,0.2,74,19.2,0.0,813.1
2018-01-31 08:00:00,-1.1,69,19.6,0.0,814.6
2018-01-31 09:00:00,-1.3,66,18.6,25.0,815.6
2018-01-31 10:00:00,-0.4,62,17.2,118.0,816.5
2018-01-31 11:00:00,0.3,60,17.7,161.0,817.0
2018-01-31 12:00:00,1.4,58,15.9,240.0,816.9
2018-01-31 13:00:00,2.7,56,14.0,311.0,815.8
2018-01-31 14:00:00,3.5,57,12.3,287.0,814.6
2018-01-31 15:00:00,4.0,59,10.4,237.0,813.6
2018-01-31 16:00:00,4.6,59,9.3,207.0,812.8
2018-01-31 17:00:00,4.6,61,7.9,126.0,812.4
2018-01-31 18:00:00,4.4,64,7.9,60.0,812.4
2018-01-31 19:00:00,4.2,66,10.5,11.0,812.5
2018-01-31 20:00:00,3.3,66,5.8,0.0,813.4
2018-01-31 21:00:00,2.9,68,6.5,0.0,813.8
2018-01-31 22:00:00,2.2,72,5.1,0.0,814.4
2018-01-31 23:00:00,1.7,76,3.4,0.0,814.4
2018-02-01 00:00:00,1.9,74,3.3,0.0,814.6
2018-02-01 01:00:00,1.8,75,2.5,0.0,813.9
2018-02-01 02:00:00,1.5,80,2.3,0.0,813.4
2018-02-01 03:00:00,1.8,74,1.6,0.0,813.0
2018-02-01 04:00:00,1.4,80,1.8,0.0,811.9
2018-02-01 05:00:00,1.2,87,4.2,0.0,810.5
2018-02-01 06:00:00,2.2,83,5.0,0.0,810.0
2018-02-01 07:00:00,3.4,84,5.2,0.0,810.4
2018-02-01 08:00:00,3.3,84,5.8,0.0,810.9
2018-02-01 09:00:00,4.6,81,8.9,34.0,811.4
2018-02-01 10:00:00,6.3,75,13.8,135.0,811.8
2018-02-01 11:00:00,7.7,71,16.9,250.0,812.3
2018-02-01 12:00:00,9.2,65,19.9,330.0,812.5
2018-02-01 13:00:00,10.3,60,21.7,403.0,811.7
2018-02-01 14:00:00,11.1,58,22.0,467.0,810.6
2018-02-01 15:00:00,12.0,53,22.2,532.0,809.7
2018-02-01 16:00:00,12.1,51,23.4,378.0,808.9
2018-02-01 17:00:00,11.9,51,22.9,303.0,808.7
2018-02-01 18:00:00,10.9,57,17.9,119.0,808.5
2018-02-01 19:00:00,9.7,65,11.0,20.0,808.0
2018-02-01 20:00:00,7.3,77,8.4,0.0,807.0
2018-02-01 21:00:00,6.4,84,6.5,0.0,807.6
2018-02-01 22:00:00,5.4,89,6.5,0.0,808.1
2018-02-01 23:00:00,5.8,94,6.3,0.0,809.4
2018-02-02 00:00:00,5.1,95,5.6,0.0,809.9
2018-02-02 01:00:00,5.5,94,6.2,0.0,810.4
2018-02-02 02:00:00,6.6,90,8.2,0.0,811.7
2018-02-02 03:00:00,3.1,83,20.8,0.0,811.8
2018-02-02 04:00:00,1.1,88,17.0,0.0,812.3
2018-02-02 05:00:00,0.8,80,18.7,0.0,812.6
2018-02-02 06:00:00,-0.2,78,18.4,0.0,813.1
2018-02-02 07:00:00,-1.1,76,17.2,0.0,814.0
2018-02-02 08:00:00,-2.0,75,16.5,0.0,815.3
2018-02-02 09:00:00,-2.1,73,18.5,18.0,816.4
2018-02-02 10:00:00,-1.6,70,19.5,93.0,817.3
2018-02-02 11:00:00,-1.4,69,18.0,142.0,817.8
2018-02-02 12:00:00,-0.0,66,22.0,165.0,817.7
2018-02-02 13:00:00,0.4,64,20.0,216.0,816.6
2018-02-02 14:00:00,0.8,65,19.8,141.0,815.4
2018-02-02 15:00:00,1.2,65,18.7,181.0,814.9
2018-02-02 16:00:00,1.2,66,17.3,170.0,814.4
2018-02-02 17:00:00,1.3,66,15.9,108.0,814.3
2018-02-02 18:00:00,0.5,71,14.2,49.0,814.6
2018-02-02 19:00:00,-0.1,74,12.8,12.0,814.7
2018-02-02 20:00:00,-1.3,74,11.3,0.0,815.3
2018-02-02 21:00:00,-1.3,74,9.6,0.0,815.6
2018-02-02 22:00:00,-1.2,74,8.4,0.0,816.0
2018-02-02 23:00:00,-1.1,74,8.4,0.0,816.0
2018-02-03 00:00:00,-1.1,74,7.6,0.0,815.8
2018-02-03 01:00:00,-1.1,73,6.9,0.0,816.0
2018-02-03 02:00:00,-1.0,74,6.9,0.0,815.8
2018-02-03 03:00:00,-1.1,76,7.6,0.0,815.1
2018-02-03 04:00:00,-1.2,78,7.6,0.0,814.8
2018-02-03 05:00:00,-1.3,79,6.8,0.0,814.3
2018-02-03 06:00:00,-1.2,79,7.2,0.0,814.0
2018-02-03 07:00:00,-1.0,80,7.3,0.0,814.5
2018-02-03 08:00:00,-1.7,82,6.5,0.0,814.9
2018-02-03 09:00:00,-1.2,81,6.3,18.0,815.2
2018-02-03 10:00:00,0.1,79,7.0,72.0,815.7
2018-02-03 11:00:00,1.6,77,8.0,174.0,815.9
2018-02-03 12:00:00,2.9,75,10.3,222.0,815.3
2018-02-03 13:00:00,3.6,75,11.9,212.0,814.5
2018-02-03 14:00:00,4.7,75,12.7,251.0,813.0
2018-02-03 15:00:00,5.8,73,14.9,293.0,811.7
2018-02-03 16:00:00,6.1,76,14.9,168.0,810.7
2018-02-03 17:00:00,6.5,76,15.0,158.0,810.5
2018-02-03 18:00:00,5.9,82,13.0,72.0,810.3
2018-02-03 19:00:00,5.2,85,11.6,14.0,810.4
2018-02-03 20:00:00,3.7,91,9.9,0.0,810.6
2018-02-03 21:00:00,3.8,92,10.9,0.0,811.1
2018-02-03 22:00:00,3.8,93,9.4,0.0,811.3
2018-02-03 23:00:00,4.1,94,8.6,0.0,811.4
2018-02-04 00:00:00,4.2,95,8.6,0.0,811.5
2018-02-04 01:00:00,4.3,96,8.0,0.0,811.7
2018-02-04 02:00:00,4.4,97,8.0,0.0,811.6
2018-02-04 03:00:00,4.4,98,7.2,0.0,811.2
2018-02-04 04:00:00,4.2,99,6.5,0.0,810.5
2018-02-04 05:00:00,3.9,100,8.3,0.0,810.1
2018-02-04 06:00:00,3.6,100,9.5,0.0,809.8
2018-02-04 07:00:00,3.3,100,9.2,0.0,810.4
2018-02-04 08:00:00,3.2,99,8.9,0.0,810.8
2018-02-04 09:00:00,3.5,100,10.3,14.0,811.2
2018-02-04 10:00:00,4.0,96,11.4,41.0,812.3
2018-02-04 11:00:00,4.6,92,13.8,90.0,813.0
2018-02-04 12:00:00,5.0,91,14.8,133.0,812.7
2018-02-04 13:00:00,5.4,89,15.0,179.0,812.0
2018-02-04 14:00:00,5.0,92,13.4,101.0,810.7
2018-02-04 15:00:00,5.2,89,14.8,128.0,810.0
2018-02-04 16:00:00,5.8,87,16.4,112.0,809.4
2018-02-04 17:00:00,5.4,92,14.2,65.0,809.1
2018-02-04 18:00:00,5.1,93,12.2,38.0,809.3
2018-02-04 19:00:00,4.7,94,11.6,10.0,809.9
2018-02-04 20:00:00,2.9,94,10.5,0.0,811.4
2018-02-04 21:00:00,2.3,93,13.4,0.0,812.5
2018-02-04 22:00:00,1.9,92,13.3,0.0,813.1
2018-02-04 23:00:00,1.5,91,13.0,0.0,814.3
2018-02-05 00:00:00,0.9,88,13.9,0.0,814.8
2018-02-05 01:00:00,-0.1,85,14.7,0.0,815.2
2018-02-05 02:00:00,-1.3,82,14.6,0.0,815.6
2018-02-05 03:00:00,-2.0,80,13.7,0.0,815.4
2018-02-05 04:00:00,-2.4,79,13.1,0.0,815.1
2018-02-05 05:00:00,-2.6,79,12.4,0.0,815.0
2018-02-05 06:00:00,-2.8,78,11.9,0.0,815.1
2018-02-05 07:00:00,-2.9,77,11.4,0.0,815.9
2018-02-05 08:00:00,-3.6,78,10.9,0.0,816.9
2018-02-05 09:00:00,-3.0,75,10.2,30.0,817.4
2018-02-05 10:00:00,-2.1,73,10.4,87.0,818.4
2018-02-05 11:00:00,-1.1,71,10.0,153.0,818.5
2018-02-05 12:00:00,-0.1,71,10.1,192.0,818.2
2018-02-05 13:00:00,0.7,70,9.5,188.0,817.2
2018-02-05 14:00:00,3.0,66,8.2,334.0,815.9
2018-02-05 15:00:00,2.8,71,8.2,235.0,814.4
2018-02-05 16:00:00,3.6,70,8.1,267.0,813.8
2018-02-05 17:00:00,3.8,72,8.6,112.0,812.8
2018-02-05 18:00:00,3.7,75,9.0,66.0,812.6
2018-02-05 19:00:00,3.5,77,9.2,18.0,812.6
2018-02-05 20:00:00,1.8,82,6.9,0.0,813.6
2018-02-05 21:00:00,1.8,84,6.9,0.0,814.2
2018-02-05 22:00:00,1.7,84,6.6,0.0,814.6
2018-02-05 23:00:00,1.6,85,5.4,0.0,814.6
2018-02-06 00:00:00,1.6,85,5.2,0.0,814.3
2018-02-06 01:00:00,1.7,84,6.3,0.0,814.3
2018-02-06 02:00:00,1.7,84,6.9,0.0,813.9
2018-02-06 03:00:00,1.6,85,7.1,0.0,813.1
2018-02-06 04:00:00,1.5,86,6.5,0.0,812.7
2018-02-06 05:00:00,1.5,86,5.4,0.0,812.1
2018-02-06 06:00:00,1.6,87,5.0,0.0,812.0
2018-02-06 07:00:00,1.7,87,5.1,0.0,812.0
2018-02-06 08:00:00,1.5,92,6.0,0.0,812.1
2018-02-06 09:00:00,2.5,89,8.5,30.0,812.7
2018-02-06 10:00:00,3.8,84,11.7,103.0,812.9
2018-02-06 11:00:00,4.7,83,12.8,140.0,812.9
2018-02-06 12:00:00,6.1,79,11.9,261.0,812.4
2018-02-06 13:00:00,7.9,75,13.0,309.0,811.6
2018-02-06 14:00:00,10.1,65,18.2,335.0,810.4
2018-02-06 15:00:00,11.0,60,19.0,271.0,809.6
2018-02-06 16:00:00,11.2,61,18.9,264.0,809.2
2018-02-06 17:00:00,10.6,65,14.1,173.0,808.5
2018-02-06 18:00:00,10.9,66,9.8,166.0,808.3
2018-02-06 19:00:00,6.5,85,6.8,58.0,806.1
2018-02-06 20:00:00,6.6,86,6.2,0.0,806.9
2018-02-06 21:00:00,5.3,92,8.0,0.0,807.5
2018-02-06 22:00:00,4.8,95,10.2,0.0,807.9
2018-02-06 23:00:00,4.5,96,8.5,0.0,808.9
2018-02-07 00:00:00,4.7,93,8.2,0.0,809.6
2018-02-07 01:00:00,4.6,93,8.0,0.0,809.7
2018-02-07 02:00:00,4.4,96,8.9,0.0,809.4
2018-02-07 03:00:00,4.5,96,9.9,0.0,809.1
2018-02-07 04:00:00,4.3,96,10.8,0.0,808.5
2018-02-07 05:00:00,4.1,95,10.5,0.0,808.1
2018-02-07 06:00:00,4.0,95,10.2,0.0,808.0
2018-02-07 07:00:00,4.1,95,9.7,0.0,808.3
2018-02-07 08:00:00,4.1,94,8.9,0.0,808.8
2018-02-07 09:00:00,4.7,90,11.9,19.0,809.5
2018-02-07 10:00:00,5.6,85,14.1,87.0,810.2
2018-02-07 11:00:00,6.6,81,14.4,188.0,811.1
2018-02-07 12:00:00,7.6,78,13.6,265.0,811.0
2018-02-07 13:00:00,8.6,76,11.7,193.0,810.0
2018-02-07 14:00:00,10.0,72,10.8,197.0,809.1
2018-02-07 15:00:00,11.2,71,8.7,274.0,808.9
2018-02-07 16:00:00,12.5,58,14.4,214.0,808.8
2018-02-07 17:00:00,12.5,59,13.8,183.0,809.0
2018-02-07 18:00:00,12.9,59,10.7,205.0,808.9
2018-02-07 19:00:00,8.6,79,10.2,48.0,808.7
2018-02-07 20:00:00,3.1,90,11.9,0.0,809.6
2018-02-07 21:00:00,2.6,82,14.4,0.0,810.8
2018-02-07 22:00:00,2.0,82,13.3,0.0,811.4
2018-02-07 23:00:00,2.0,83,12.4,0.0,811.8
2018-02-08 00:00:00,1.9,83,11.9,0.0,812.1
2018-02-08 01:00:00,1.7,86,12.0,0.0,811.9
2018-02-08 02:00:00,1.6,86,11.0,0.0,811.7
2018-02-08 03:00:00,1.6,86,9.6,0.0,810.9
2018-02-08 04:00:00,1.9,85,8.5,0.0,810.3
2018-02-08 05:00:00,2.3,86,7.7,0.0,809.7
2018-02-08 06:00:00,2.5,89,7.5,0.0,809.0
2018-02-08 07:00:00,3.0,91,7.9,0.0,808.6
2018-02-08 08:00:00,3.5,92,6.5,0.0,808.4
2018-02-08 09:00:00,5.2,90,7.6,25.0,808.5
2018-02-08 10:00:00,6.8,89,14.6,68.0,809.2
2018-02-08 11:00:00,9.4,78,21.0,240.0,810.1
2018-02-08 12:00:00,11.5,65,24.9,304.0,809.6
2018-02-08 13:00:00,13.4,56,28.3,439.0,809.2
2018-02-08 14:00:00,13.6,57,29.4,396.0,808.0
2018-02-08 15:00:00,13.9,55,28.6,382.0,807.0
2018-02-08 16:00:00,13.9,56,28.7,308.0,806.7
2018-02-08 17:00:00,13.7,58,26.1,248.0,806.3
2018-02-08 18:00:00,12.7,65,21.0,105.0,806.2
2018-02-08 19:00:00,11.5,70,16.5,45.0,805.7
2018-02-08 20:00:00,12.1,65,17.2,0.0,805.3
2018-02-08 21:00:00,11.7,64,18.5,0.0,805.4
2018-02-08 22:00:00,9.6,76,12.1,0.0,805.3
2018-02-08 23:00:00,8.5,84,10.4,0.0,805.3
2018-02-09 00:00:00,8.0,87,9.1,0.0,805.5
2018-02-09 01:00:00,7.2,89,7.8,0.0,805.4
2018-02-09 02:00:00,6.6,91,7.4,0.0,805.0
2018-02-09 03:00:00,6.4,91,7.6,0.0,804.9
2018-02-09 04:00:00,6.6,89,8.6,0.0,804.8
2018-02-09 05:00:00,6.5,88,9.2,0.0,804.7
2018-02-09 06:00:00,6.1,89,8.9,0.0,804.5
2018-02-09 07:00:00,5.7,89,8.2,0.0,804.6
2018-02-09 08:00:00,5.5,89,9.4,1.0,805.4
2018-02-09 09:00:00,7.9,86,12.9,103.0,807.6
2018-02-09 10:00:00,10.4,77,13.0,320.0,809.5
2018-02-09 11:00:00,13.0,59,24.1,532.0,810.8
2018-02-09 12:00:00,14.7,46,27.9,606.0,810.8
2018-02-09 13:00:00,15.8,43,27.5,776.0,810.3
2018-02-09 14:00:00,15.9,42,28.3,610.0,809.6
2018-02-09 15:00:00,15.2,45,26.7,397.0,808.8
2018-02-09 16:00:00,15.7,46,26.0,512.0,808.5
2018-02-09 17:00:00,16.5,39,23.3,470.0,808.6
2018-02-09 18:00:00,15.6,42,21.5,265.0,808.2
2018-02-09 19:00:00,12.8,53,17.1,63.0,807.8
2018-02-09 20:00:00,11.2,45,13.4,0.0,807.1
2018-02-09 21:00:00,9.2,51,8.5,0.0,806.8
2018-02-09 22:00:00,7.3,62,7.4,0.0,806.3
2018-02-09 23:00:00,7.1,67,7.9,0.0,807.2
2018-02-10 00:00:00,7.2,74,7.8,0.0,807.6
2018-02-10 01:00:00,7.1,79,7.7,0.0,807.7
2018-02-10 02:00:00,6.8,80,7.9,0.0,808.1
2018-02-10 03:00:00,6.5,81,8.2,0.0,808.1
2018-02-10 04:00:00,6.3,80,8.0,0.0,807.8
2018-02-10 05:00:00,6.0,80,8.0,0.0,807.3
2018-02-10 06:00:00,5.8,80,8.3,0.0,807.3
2018-02-10 07:00:00,5.7,80,8.0,0.0,808.0
2018-02-10 08:00:00,4.6,85,10.7,1.0,808.6
2018-02-10 09:00:00,8.4,73,9.6,87.0,811.6
2018-02-10 10:00:00,11.1,62,11.3,265.0,813.8
2018-02-10 11:00:00,13.1,52,17.6,443.0,814.6
2018-02-10 12:00:00,14.5,45,19.9,579.0,815.0
2018-02-10 13:00:00,15.6,41,19.5,652.0,814.5
2018-02-10 14:00:00,17.0,37,22.8,809.0,813.8
2018-02-10 15:00:00,16.6,39,24.3,667.0,812.9
2018-02-10 16:00:00,15.9,41,22.4,437.0,812.3
2018-02-10 17:00:00,15.6,41,19.8,363.0,812.3
2018-02-10 18:00:00,14.9,46,14.3,194.0,812.2
2018-02-10 19:00:00,12.7,51,10.2,57.0,811.2
2018-02-10 20:00:00,10.8,56,10.0,0.0,810.5
2018-02-10 21:00:00,9.9,58,8.4,0.0,811.2
2018-02-10 22:00:00,7.2,72,8.4,0.0,810.4
2018-02-10 23:00:00,6.0,77,10.2,0.0,810.1
2018-02-11 00:00:00,6.0,78,9.2,0.0,810.4
2018-02-11 01:00:00,5.7,81,9.1,0.0,810.3
2018-02-11 02:00:00,5.0,84,9.9,0.0,810.4
2018-02-11 03:00:00,6.3,78,8.3,0.0,811.1
2018-02-11 04:00:00,8.3,70,7.2,0.0,812.2
2018-02-11 05:00:00,8.4,69,6.8,0.0,812.1
2018-02-11 06:00:00,8.0,70,6.8,0.0,812.3
2018-02-11 07:00:00,7.8,71,6.8,0.0,812.7
2018-02-11 08:00:00,5.2,81,8.5,1.0,812.1
2018-02-11 09:00:00,8.2,77,6.9,112.0,814.6
2018-02-11 10:00:00,11.3,67,8.7,341.0,816.9
2018-02-11 11:00:00,13.4,54,13.2,559.0,817.7
2018-02-11 12:00:00,15.1,44,15.6,693.0,818.1
2018-02-11 13:00:00,16.1,41,16.8,783.0,817.5
2018-02-11 14:00:00,17.0,40,17.1,827.0,816.4
2018-02-11 15:00:00,17.5,37,17.6,773.0,815.6
2018-02-11 16:00:00,17.8,34,17.2,651.0,815.3
2018-02-11 17:00:00,17.3,35,15.8,476.0,815.1
2018-02-11 18:00:00,15.6,43,11.4,248.0,814.5
2018-02-11 19:00:00,12.4,52,9.0,62.0,813.2
2018-02-11 20:00:00,11.1,55,9.4,0.0,812.8
2018-02-11 21:00:00,10.1,64,9.1,0.0,813.4
2018-02-11 22:00:00,8.6,76,7.2,0.0,813.4
2018-02-11 23:00:00,7.3,82,7.9,0.0,813.1
2018-02-12 00:00:00,6.5,86,8.2,0.0,813.0
2018-02-12 01:00:00,5.6,89,9.2,0.0,813.1
2018-02-12 02:00:00,5.3,91,9.3,0.0,813.4
2018-02-12 03:00:00,4.4,97,9.4,0.0,813.0
2018-02-12 04:00:00,4.1,100,7.9,0.0,812.9
2018-02-12 05:00:00,4.9,100,5.4,0.0,814.0
2018-02-12 06:00:00,6.2,100,5.8,0.0,815.2
2018-02-12 07:00:00,6.2,100,6.6,0.0,816.0
2018-02-12 08:00:00,6.0,99,7.3,1.0,816.4
2018-02-12 09:00:00,6.5,97,9.2,29.0,817.2
2018-02-12 10:00:00,7.8,87,9.8,126.0,818.6
2018-02-12 11:00:00,9.4,80,10.6,277.0,819.7
2018-02-12 12:00:00,11.3,72,13.0,349.0,819.6
2018-02-12 13:00:00,14.0,59,15.5,586.0,819.3
2018-02-12 14:00:00,14.9,59,16.7,664.0,818.5
2018-02-12 15:00:00,16.2,53,12.7,658.0,817.7
2018-02-12 16:00:00,17.5,42,15.9,603.0,817.1
2018-02-12 17:00:00,17.2,40,16.4,423.0,816.8
2018-02-12 18:00:00,13.3,76,14.6,264.0,816.2
2018-02-12 19:00:00,10.1,88,7.3,71.0,814.6
2018-02-12 20:00:00,8.7,76,11.9,0.0,813.2
2018-02-12 21:00:00,9.2,82,8.6,0.0,814.5
2018-02-12 22:00:00,8.7,88,10.0,0.0,815.1
2018-02-12 23:00:00,8.0,91,7.8,0.0,814.9
2018-02-13 00:00:00,6.2,94,8.0,0.0,813.9
2018-02-13 01:00:00,5.2,96,9.5,0.0,813.3
2018-02-13 02:00:00,5.0,96,9.7,0.0,813.0
2018-02-13 03:00:00,7.5,90,8.1,0.0,814.1
2018-02-13 04:00:00,4.9,95,8.7,0.0,812.1
2018-02-13 05:00:00,4.1,96,9.4,0.0,811.4
2018-02-13 06:00:00,3.7,97,9.6,0.0,810.8
2018-02-13 07:00:00,4.2,96,9.0,0.0,811.4
2018-02-13 08:00:00,4.2,99,7.2,2.0,812.0
2018-02-13 09:00:00,7.2,94,6.2,92.0,814.3
2018-02-13 10:00:00,9.0,90,7.9,175.0,816.0
2018-02-13 11:00:00,13.0,70,11.3,500.0,817.8
2018-02-13 12:00:00,16.1,50,16.3,720.0,817.9
2018-02-13 13:00:00,18.0,38,19.3,823.0,817.1
2018-02-13 14:00:00,19.2,34,20.7,856.0,816.4
2018-02-13 15:00:00,19.6,36,17.9,811.0,815.6
2018-02-13 16:00:00,19.6,36,18.7,689.0,814.7
2018-02-13 17:00:00,19.0,38,19.1,509.0,814.2
2018-02-13 18:00:00,17.4,47,14.3,288.0,813.5
2018-02-13 19:00:00,14.3,58,11.1,72.0,812.0
2018-02-13 20:00:00,12.9,62,11.1,0.0,811.4
2018-02-13 21:00:00,11.7,68,8.9,0.0,811.5
2018-02-13 22:00:00,10.0,78,7.7,0.0,811.3
2018-02-13 23:00:00,9.3,82,7.4,0.0,811.5
2018-02-14 00:00:00,9.0,83,7.7,0.0,811.4
2018-02-14 01:00:00,8.9,84,8.0,0.0,811.2
2018-02-14 02:00:00,9.4,83,8.9,0.0,811.6
2018-02-14 03:00:00,9.3,82,9.2,0.0,811.0
2018-02-14 04:00:00,8.9,82,8.7,0.0,810.6
2018-02-14 05:00:00,8.5,82,8.9,0.0,810.2
2018-02-14 06:00:00,8.2,82,8.7,0.0,810.0
2018-02-14 07:00:00,8.3,79,9.2,0.0,810.4
2018-02-14 08:00:00,8.0,76,9.9,2.0,810.9
2018-02-14 09:00:00,11.4,63,15.6,115.0,813.1
2018-02-14 10:00:00,14.2,54,17.5,329.0,815.0
2018-02-14 11:00:00,16.3,43,25.1,542.0,815.9
2018-02-14 12:00:00,18.1,37,26.8,720.0,815.9
2018-02-14 13:00:00,19.1,38,26.1,825.0,815.3
2018-02-14 14:00:00,19.9,35,25.4,853.0,814.6
2018-02-14 15:00:00,20.3,34,25.3,805.0,813.5
2018-02-14 16:00:00,20.5,32,27.9,685.0,813.4
2018-02-14 17:00:00,20.6,28,25.6,504.0,813.2
2018-02-14 18:00:00,19.3,30,20.5,284.0,812.5
2018-02-14 19:00:00,16.9,34,14.8,71.0,812.0
2018-02-14 20:00:00,15.6,33,16.9,0.0,812.4
2018-02-14 21:00:00,13.2,42,9.8,0.0,811.7
2018-02-14 22:00:00,13.6,42,15.4,0.0,812.5
2018-02-14 23:00:00,12.9,43,13.1,0.0,812.9
2018-02-15 00:00:00,11.8,49,10.8,0.0,812.5
2018-02-15 01:00:00,11.9,50,13.6,0.0,812.8
2018-02-15 02:00:00,11.5,51,13.0,0.0,812.7
2018-02-15 03:00:00,10.4,55,10.0,0.0,811.6
2018-02-15 04:00:00,9.3,58,8.4,0.0,810.8
2018-02-15 05:00:00,8.2,63,7.3,0.0,809.9
2018-02-15 06:00:00,7.2,67,8.2,0.0,809.4
2018-02-15 07:00:00,6.6,71,8.9,0.0,809.4
2018-02-15 08:00:00,7.2,73,10.1,2.0,810.8
2018-02-15 09:00:00,11.0,65,8.1,116.0,813.4
2018-02-15 10:00:00,14.0,56,11.2,342.0,815.3
2018-02-15 11:00:00,16.2,41,20.9,557.0,816.2
2018-02-15 12:00:00,17.6,31,24.6,724.0,816.0
2018-02-15 13:00:00,18.4,30,29.5,812.0,815.5
2018-02-15 14:00:00,18.4,30,29.3,674.0,814.7
2018-02-15 15:00:00,18.4,28,32.7,607.0,813.8
2018-02-15 16:00:00,18.1,27,31.5,464.0,813.6
2018-02-15 17:00:00,17.4,30,25.2,315.0,813.4
2018-02-15 18:00:00,16.5,33,21.6,228.0,813.1
2018-02-15 19:00:00,14.4,39,14.8,72.0,812.6
2018-02-15 20:00:00,12.8,39,13.0,0.0,811.8
2018-02-15 21:00:00,12.3,36,13.8,0.0,812.6
2018-02-15 22:00:00,11.1,38,9.4,0.0,812.6
2018-02-15 23:00:00,7.9,52,8.4,0.0,811.5
2018-02-16 00:00:00,7.0,55,8.9,0.0,811.4
2018-02-16 01:00:00,7.5,51,8.8,0.0,811.6
2018-02-16 02:00:00,7.7,48,8.0,0.0,811.6
2018-02-16 03:00:00,6.7,52,8.7,0.0,810.8
2018-02-16 04:00:00,5.3,58,10.0,0.0,809.7
2018-02-16 05:00:00,5.2,58,9.7,0.0,809.5
2018-02-16 06:00:00,8.7,43,5.8,0.0,812.1
2018-02-16 07:00:00,6.7,50,3.6,0.0,811.4
2018-02-16 08:00:00,3.0,71,8.7,3.0,810.1
2018-02-16 09:00:00,7.6,60,6.6,126.0,813.8
2018-02-16 10:00:00,12.0,46,4.8,361.0,817.1
2018-02-16 11:00:00,14.7,36,7.7,584.0,818.4
2018-02-16 12:00:00,16.9,30,7.6,756.0,818.6
2018-02-16 13:00:00,18.5,25,6.0,861.0,818.1
2018-02-16 14:00:00,19.5,22,3.2,889.0,817.2
2018-02-16 15:00:00,20.1,20,3.4,839.0,816.5
2018-02-16 16:00:00,20.0,21,8.6,716.0,815.7
2018-02-16 17:00:00,19.1,17,13.2,531.0,815.0
2018-02-16 18:00:00,16.9,22,9.0,305.0,813.9
2018-02-16 19:00:00,16.3,15,6.2,83.0,813.5
2018-02-16 20:00:00,12.6,35,9.9,0.0,811.2
2018-02-16 21:00:00,14.9,27,8.0,0.0,813.0
2018-02-16 22:00:00,13.9,36,7.4,0.0,812.8
2018-02-16 23:00:00,8.7,64,10.4,0.0,810.3
2018-02-17 00:00:00,7.5,72,11.5,0.0,810.0
2018-02-17 01:00:00,7.2,65,11.6,0.0,809.6
2018-02-17 02:00:00,6.6,61,11.7,0.0,809.1
2018-02-17 03:00:00,7.2,57,10.3,0.0,809.2
2018-02-17 04:00:00,7.5,59,9.7,0.0,809.0
2018-02-17 05:00:00,6.3,68,10.2,0.0,807.6
2018-02-17 06:00:00,5.9,70,10.3,0.0,807.1
2018-02-17 07:00:00,5.6,71,10.6,0.0,807.3
2018-02-17 08:00:00,6.1,69,11.8,3.0,808.8
2018-02-17 09:00:00,10.4,59,7.7,125.0,811.6
2018-02-17 10:00:00,13.5,49,10.2,356.0,813.8
2018-02-17 11:00:00,15.9,39,15.0,573.0,814.9
2018-02-17 12:00:00,17.8,31,17.3,743.0,814.7
2018-02-17 13:00:00,19.3,26,19.0,847.0,814.2
2018-02-17 14:00:00,20.1,25,20.0,877.0,813.3
2018-02-17 15:00:00,20.5,23,20.6,830.0,812.3
2018-02-17 16:00:00,20.5,22,20.1,710.0,811.7
2018-02-17 17:00:00,19.6,25,19.6,528.0,811.2
2018-02-17 18:00:00,18.0,32,14.1,302.0,810.6
2018-02-17 19:00:00,14.7,38,10.3,80.0,809.3
2018-02-17 20:00:00,13.7,42,12.4,0.0,809.4
2018-02-17 21:00:00,12.5,49,10.9,0.0,809.7
2018-02-17 22:00:00,10.7,59,8.5,0.0,809.2
2018-02-17 23:00:00,9.4,64,7.9,0.0,808.9
2018-02-18 00:00:00,7.8,68,10.6,0.0,808.1
2018-02-18 01:00:00,8.2,66,9.9,0.0,808.4
2018-02-18 02:00:00,8.7,65,9.2,0.0,809.1
2018-02-18 03:00:00,9.7,62,8.7,0.0,809.6
2018-02-18 04:00:00,11.3,57,7.9,0.0,810.6
2018-02-18 05:00:00,11.1,58,7.4,0.0,810.6
2018-02-18 06:00:00,10.8,59,6.6,0.0,810.4
2018-02-18 07:00:00,10.4,58,5.4,0.0,810.5
2018-02-18 08:00:00,9.7,59,5.9,3.0,811.5
2018-02-18 09:00:00,10.5,61,4.4,126.0,812.5
2018-02-18 10:00:00,13.7,50,6.4,354.0,814.6
2018-02-18 11:00:00,16.0,43,12.5,570.0,815.5
2018-02-18 12:00:00,18.0,33,18.4,735.0,815.8
2018-02-18 13:00:00,19.2,29,20.3,835.0,815.2
2018-02-18 14:00:00,20.0,29,21.8,859.0,814.3
2018-02-18 15:00:00,20.6,25,22.8,787.0,813.3
2018-02-18 16:00:00,20.1,27,23.2,676.0,812.6
2018-02-18 17:00:00,19.1,32,20.0,453.0,812.3
2018-02-18 18:00:00,18.0,37,13.5,236.0,811.9
2018-02-18 19:00:00,15.9,41,13.7,63.0,811.1
2018-02-18 20:00:00,14.4,46,11.6,0.0,810.6
2018-02-18 21:00:00,13.6,51,9.8,0.0,811.2
2018-02-18 22:00:00,12.1,56,8.1,0.0,810.9
2018-02-18 23:00:00,11.3,61,7.6,0.0,811.0
2018-02-19 00:00:00,10.1,66,8.3,0.0,810.5
2018-02-19 01:00:00,8.7,73,10.5,0.0,809.8
2018-02-19 02:00:00,8.8,72,10.3,0.0,810.2
2018-02-19 03:00:00,11.7,59,8.1,0.0,811.8
2018-02-19 04:00:00,12.0,58,6.7,0.0,811.7
2018-02-19 05:00:00,11.5,60,5.7,0.0,811.1
2018-02-19 06:00:00,11.2,61,5.2,0.0,811.2
2018-02-19 07:00:00,10.9,62,4.7,0.0,811.3
2018-02-19 08:00:00,10.4,59,6.5,3.0,812.4
2018-02-19 09:00:00,11.4,62,4.7,122.0,813.4
2018-02-19 10:00:00,14.5,54,7.4,339.0,815.4
2018-02-19 11:00:00,16.4,43,14.3,530.0,815.9
2018-02-19 12:00:00,17.9,36,18.0,676.0,815.9
2018-02-19 13:00:00,19.1,32,19.8,770.0,815.3
2018-02-19 14:00:00,19.8,31,21.2,823.0,814.5
2018-02-19 15:00:00,20.5,26,21.5,762.0,813.6
2018-02-19 16:00:00,20.3,28,22.0,670.0,812.7
2018-02-19 17:00:00,19.6,32,20.0,498.0,812.3
2018-02-19 18:00:00,18.4,37,16.1,283.0,811.7
2018-02-19 19:00:00,15.7,43,11.1,80.0,810.7
2018-02-19 20:00:00,13.9,49,12.6,0.0,811.0
2018-02-19 21:00:00,12.9,56,11.1,0.0,811.5
2018-02-19 22:00:00,11.8,65,9.8,0.0,811.2
2018-02-19 23:00:00,11.1,67,8.9,0.0,811.0
2018-02-20 00:00:00,10.0,70,7.7,0.0,810.3
2018-02-20 01:00:00,8.6,75,9.2,0.0,809.4
2018-02-20 02:00:00,8.6,72,9.5,0.0,809.2
2018-02-20 03:00:00,10.6,62,8.4,0.0,810.4
2018-02-20 04:00:00,11.2,58,7.9,0.0,810.7
2018-02-20 05:00:00,9.2,64,8.7,0.0,809.4
2018-02-20 06:00:00,7.9,69,9.0,0.0,808.7
2018-02-20 07:00:00,7.3,71,8.7,0.0,808.8
2018-02-20 08:00:00,7.1,75,11.2,4.0,810.3
2018-02-20 09:00:00,11.4,62,8.7,127.0,813.3
2018-02-20 10:00:00,14.4,51,12.5,353.0,814.8
2018-02-20 11:00:00,16.8,36,20.9,568.0,815.7
2018-02-20 12:00:00,18.5,27,22.9,736.0,815.6
2018-02-20 13:00:00,19.4,28,21.9,844.0,815.1
2018-02-20 14:00:00,20.2,26,21.0,871.0,814.3
2018-02-20 15:00:00,20.5,26,19.6,823.0,813.6
2018-02-20 16:00:00,20.4,27,18.7,702.0,812.9
2018-02-20 17:00:00,20.1,27,16.4,520.0,812.3
2018-02-20 18:00:00,19.0,32,12.2,300.0,811.4
2018-02-20 19:00:00,13.6,48,8.9,83.0,808.6
2018-02-20 20:00:00,11.6,51,13.6,0.0,808.3
2018-02-20 21:00:00,12.1,48,8.2,0.0,809.5
2018-02-20 22:00:00,10.4,59,8.2,0.0,809.0
2018-02-20 23:00:00,8.9,67,9.4,0.0,808.1
2018-02-21 00:00:00,8.3,71,10.3,0.0,807.9
2018-02-21 01:00:00,8.6,70,9.8,0.0,808.2
2018-02-21 02:00:00,11.1,58,8.3,0.0,809.7
2018-02-21 03:00:00,11.3,56,7.9,0.0,809.4
2018-02-21 04:00:00,10.0,59,8.0,0.0,808.1
2018-02-21 05:00:00,10.3,56,8.0,0.0,808.2
2018-02-21 06:00:00,10.2,56,7.6,0.0,808.4
2018-02-21 07:00:00,10.3,55,7.7,0.0,808.8
2018-02-21 08:00:00,10.4,53,7.6,4.0,810.2
2018-02-21 09:00:00,11.7,57,6.4,121.0,811.8
2018-02-21 10:00:00,14.5,48,9.5,342.0,813.8
2018-02-21 11:00:00,16.6,35,15.5,558.0,814.3
2018-02-21 12:00:00,18.2,29,18.3,728.0,814.3
2018-02-21 13:00:00,19.4,26,19.7,838.0,813.7
2018-02-21 14:00:00,20.2,24,21.7,875.0,812.8
2018-02-21 15:00:00,20.6,20,22.8,830.0,811.6
2018-02-21 16:00:00,20.1,24,23.2,712.0,811.0
2018-02-21 17:00:00,19.7,24,21.4,526.0,810.3
2018-02-21 18:00:00,18.6,27,17.1,303.0,809.6
2018-02-21 19:00:00,15.7,34,12.1,84.0,808.7
2018-02-21 20:00:00,13.4,39,9.7,0.0,807.8
2018-02-21 21:00:00,12.6,41,8.9,0.0,808.0
2018-02-21 22:00:00,11.0,52,7.7,0.0,807.7
2018-02-21 23:00:00,9.6,63,8.7,0.0,807.4
2018-02-22 00:00:00,9.6,60,8.4,0.0,807.9
2018-02-22 01:00:00,8.5,62,10.0,0.0,807.5
2018-02-22 02:00:00,7.7,63,10.7,0.0,807.3
2018-02-22 03:00:00,7.3,64,10.9,0.0,806.6
2018-02-22 04:00:00,7.7,61,10.1,0.0,807.2
2018-02-22 05:00:00,11.9,45,7.7,0.0,809.7
2018-02-22 06:00:00,11.5,47,5.2,0.0,810.0
2018-02-22 07:00:00,11.1,48,3.6,0.0,810.3
2018-02-22 08:00:00,10.3,56,5.5,5.0,811.0
2018-02-22 09:00:00,11.3,58,3.4,136.0,812.4
2018-02-22 10:00:00,14.2,48,7.3,371.0,814.2
2018-02-22 11:00:00,16.3,34,12.6,592.0,815.3
2018-02-22 12:00:00,17.7,28,12.8,755.0,815.4
2018-02-22 13:00:00,19.3,24,14.2,855.0,814.9
2018-02-22 14:00:00,20.0,21,18.1,885.0,813.7
2018-02-22 15:00:00,20.2,21,18.6,834.0,812.8
2018-02-22 16:00:00,20.6,19,17.2,716.0,812.0
2018-02-22 17:00:00,20.1,19,16.1,535.0,811.4
2018-02-22 18:00:00,18.1,26,10.7,306.0,811.1
2018-02-22 19:00:00,14.2,35,8.2,86.0,809.3
2018-02-22 20:00:00,13.6,40,10.3,0.0,810.1
2018-02-22 21:00:00,11.1,62,14.0,0.0,811.7
2018-02-22 22:00:00,7.6,89,6.4,0.0,811.5
2018-02-22 23:00:00,7.0,89,9.4,0.0,812.2
2018-02-23 00:00:00,7.0,88,10.1,0.0,812.4
2018-02-23 01:00:00,7.9,85,9.9,0.0,812.9
2018-02-23 02:00:00,8.0,84,10.8,0.0,812.8
2018-02-23 03:00:00,7.8,84,10.5,0.0,812.5
2018-02-23 04:00:00,7.7,85,9.4,0.0,811.8
2018-02-23 05:00:00,7.8,85,8.5,0.0,811.6
2018-02-23 06:00:00,7.9,87,7.9,0.0,811.5
2018-02-23 07:00:00,8.2,88,7.4,0.0,811.6
2018-02-23 08:00:00,8.9,91,8.0,2.0,812.1
2018-02-23 09:00:00,10.3,83,13.4,54.0,813.1
2018-02-23 10:00:00,11.6,75,15.2,186.0,814.4
2018-02-23 11:00:00,13.9,61,15.1,362.0,814.9
2018-02-23 12:00:00,16.1,46,22.4,514.0,814.9
2018-02-23 13:00:00,16.8,45,23.6,649.0,814.1
2018-02-23 14:00:00,18.4,37,24.2,761.0,813.2
2018-02-23 15:00:00,18.8,33,26.7,724.0,812.3
2018-02-23 16:00:00,18.3,35,23.4,557.0,811.4
2018-02-23 17:00:00,17.9,37,20.6,454.0,810.9
2018-02-23 18:00:00,17.0,41,18.0,270.0,810.5
2018-02-23 19:00:00,15.0,48,15.8,74.0,809.9
2018-02-23 20:00:00,14.0,48,12.9,0.0,810.0
2018-02-23 21:00:00,12.6,62,11.5,0.0,810.6
2018-02-23 22:00:00,11.5,77,10.8,0.0,810.8
2018-02-23 23:00:00,10.5,84,7.7,0.0,810.9
2018-02-24 00:00:00,8.8,89,8.4,0.0,810.4
2018-02-24 01:00:00,8.0,92,9.2,0.0,810.2
2018-02-24 02:00:00,8.3,93,8.5,0.0,810.4
2018-02-24 03:00:00,8.7,94,7.7,0.0,811.2
2018-02-24 04:00:00,9.4,94,6.8,0.0,811.5
2018-02-24 05:00:00,9.7,95,6.0,0.0,811.8
2018-02-24 06:00:00,10.5,94,4.8,0.0,812.6
2018-02-24 07:00:00,10.0,95,4.0,0.0,812.9
2018-02-24 08:00:00,9.3,98,5.0,3.0,812.9
2018-02-24 09:00:00,10.9,90,7.1,77.0,815.0
2018-02-24 10:00:00,12.3,77,11.2,255.0,816.5
2018-02-24 11:00:00,14.5,60,14.1,443.0,817.3
2018-02-24 12:00:00,16.5,44,19.0,591.0,817.3
2018-02-24 13:00:00,18.2,35,20.8,727.0,816.7
2018-02-24 14:00:00,19.2,31,24.6,769.0,815.6
2018-02-24 15:00:00,19.4,27,22.8,592.0,814.7
2018-02-24 16:00:00,18.0,32,20.6,252.0,813.5
2018-02-24 17:00:00,18.0,37,22.3,382.0,813.4
2018-02-24 18:00:00,17.9,35,12.7,196.0,813.1
2018-02-24 19:00:00,16.3,37,7.2,52.0,812.8
2018-02-24 20:00:00,12.1,46,10.9,0.0,811.5
2018-02-24 21:00:00,11.3,48,8.0,0.0,812.1
2018-02-24 22:00:00,12.4,42,6.5,0.0,813.6
2018-02-24 23:00:00,13.0,43,6.1,0.0,814.8
2018-02-25 00:00:00,12.5,48,4.5,0.0,814.9
2018-02-25 01:00:00,12.2,47,3.4,0.0,814.8
2018-02-25 02:00:00,11.6,48,1.8,0.0,814.5
2018-02-25 03:00:00,10.7,51,0.4,0.0,813.8
2018-02-25 04:00:00,9.8,53,1.6,0.0,813.5
2018-02-25 05:00:00,9.7,53,2.9,0.0,813.3
2018-02-25 06:00:00,5.5,74,4.1,0.0,811.2
2018-02-25 07:00:00,4.9,87,6.4,0.0,811.7
2018-02-25 08:00:00,4.5,87,5.2,6.0,812.4
2018-02-25 09:00:00,7.9,79,5.9,141.0,815.6
2018-02-25 10:00:00,11.4,68,5.4,365.0,817.9
2018-02-25 11:00:00,14.1,57,5.0,592.0,818.8
2018-02-25 12:00:00,16.2,46,7.2,755.0,818.7
2018-02-25 13:00:00,17.8,39,10.3,859.0,818.0
2018-02-25 14:00:00,18.8,36,12.4,893.0,816.7
2018-02-25 15:00:00,19.6,33,12.4,833.0,815.9
2018-02-25 16:00:00,20.1,27,13.0,713.0,815.1
2018-02-25 17:00:00,19.9,23,15.1,530.0,814.4
2018-02-25 18:00:00,18.8,26,11.9,307.0,813.9
2018-02-25 19:00:00,14.4,35,7.4,89.0,811.5
2018-02-25 20:00:00,13.9,42,9.5,0.0,811.7
2018-02-25 21:00:00,14.1,55,14.6,0.0,813.1
2018-02-25 22:00:00,13.8,53,15.2,0.0,813.3
2018-02-25 23:00:00,12.1,66,9.9,0.0,813.2
2018-02-26 00:00:00,10.1,86,7.8,0.0,812.9
2018-02-26 01:00:00,9.6,91,6.7,0.0,812.5
2018-02-26 02:00:00,9.2,93,7.0,0.0,812.3
2018-02-26 03:00:00,8.8,94,7.3,0.0,811.9
2018-02-26 04:00:00,9.2,94,9.1,0.0,811.8
2018-02-26 05:00:00,9.3,96,10.1,0.0,811.6
2018-02-26 06:00:00,9.3,97,9.7,0.0,812.0
2018-02-26 07:00:00,9.5,96,9.8,0.0,812.2
2018-02-26 08:00:00,9.4,96,9.4,5.0,812.8
2018-02-26 09:00:00,11.4,88,12.2,103.0,814.7
2018-02-26 10:00:00,13.6,72,16.4,283.0,815.5
2018-02-26 11:00:00,15.8,58,17.3,514.0,816.5
2018-02-26 12:00:00,18.0,38,21.0,704.0,816.6
2018-02-26 13:00:00,19.0,37,21.6,788.0,815.8
2018-02-26 14:00:00,20.3,30,21.7,854.0,814.9
2018-02-26 15:00:00,20.8,26,24.8,769.0,813.6
2018-02-26 16:00:00,20.9,28,21.2,657.0,812.7
2018-02-26 17:00:00,19.9,31,18.8,446.0,812.1
2018-02-26 18:00:00,19.3,33,15.0,296.0,811.9
2018-02-26 19:00:00,17.0,42,13.9,71.0,811.5
2018-02-26 20:00:00,14.5,50,11.9,0.0,811.1
2018-02-26 21:00:00,13.5,56,10.2,0.0,811.2
2018-02-26 22:00:00,12.2,71,9.2,0.0,811.2
2018-02-26 23:00:00,11.1,71,7.6,0.0,811.1
2018-02-27 00:00:00,9.8,77,7.6,0.0,810.4
2018-02-27 01:00:00,9.6,80,7.4,0.0,810.2
2018-02-27 02:00:00,9.3,83,7.4,0.0,810.0
2018-02-27 03:00:00,8.9,86,7.1,0.0,809.3
2018-02-27 04:00:00,8.4,88,7.7,0.0,808.7
2018-02-27 05:00:00,7.6,91,9.3,0.0,808.1
2018-02-27 06:00:00,7.1,92,9.4,0.0,807.9
2018-02-27 07:00:00,7.4,91,9.1,0.0,808.5
2018-02-27 08:00:00,8.1,90,8.8,7.0,809.1
2018-02-27 09:00:00,11.9,78,6.2,123.0,811.9
2018-02-27 10:00:00,14.6,62,13.0,349.0,813.5
2018-02-27 11:00:00,16.3,47,20.7,524.0,813.9
2018-02-27 12:00:00,16.5,40,23.3,625.0,813.4
2018-02-27 13:00:00,18.3,33,27.4,810.0,812.6
2018-02-27 14:00:00,18.7,27,27.0,816.0,811.7
2018-02-27 15:00:00,18.9,27,24.4,803.0,810.5
2018-02-27 16:00:00,19.7,22,27.0,712.0,810.1
2018-02-27 17:00:00,19.8,19,24.1,471.0,809.7
2018-02-27 18:00:00,19.4,20,19.4,314.0,809.5
2018-02-27 19:00:00,16.6,24,9.4,80.0,808.9
2018-02-27 20:00:00,14.1,29,12.9,1.0,809.0
2018-02-27 21:00:00,11.9,35,8.5,0.0,808.8
2018-02-27 22:00:00,10.3,41,7.5,0.0,808.6
2018-02-27 23:00:00,11.2,39,9.8,0.0,809.8
2018-02-28 00:00:00,9.7,46,7.7,0.0,809.2
2018-02-28 01:00:00,7.8,55,10.1,0.0,808.2
2018-02-28 02:00:00,8.1,54,9.7,0.0,808.5
2018-02-28 03:00:00,11.2,42,7.9,0.0,810.1
2018-02-28 04:00:00,11.2,42,7.4,0.0,810.1
2018-02-28 05:00:00,9.4,48,7.0,0.0,809.0
2018-02-28 06:00:00,8.8,50,6.7,0.0,809.1
2018-02-28 07:00:00,7.8,54,5.9,0.0,808.9
2018-02-28 08:00:00,6.7,64,4.6,8.0,809.3
2018-02-28 09:00:00,10.0,58,2.9,149.0,812.0
2018-02-28 10:00:00,14.0,44,4.8,380.0,814.8
2018-02-28 11:00:00,16.5,37,9.4,597.0,815.9
2018-02-28 12:00:00,18.4,32,11.5,767.0,816.2
2018-02-28 13:00:00,19.9,28,12.6,870.0,815.9
2018-02-28 14:00:00,21.3,24,13.5,898.0,815.3
2018-02-28 15:00:00,22.3,20,15.0,848.0,814.2
2018-02-28 16:00:00,22.6,20,15.8,725.0,813.3
2018-02-28 17:00:00,22.1,19,16.1,539.0,812.6
2018-02-28 18:00:00,20.8,23,13.0,316.0,811.9
2018-02-28 19:00:00,16.9,30,9.2,94.0,810.2
2018-02-28 20:00:00,13.4,41,13.0,1.0,808.4
2018-02-28 21:00:00,13.8,55,9.2,0.0,809.8
2018-02-28 22:00:00,12.6,63,8.3,0.0,809.6
2018-02-28 23:00:00,11.3,67,7.6,0.0,809.2
2018-03-01 00:00:00,10.2,71,8.4,0.0,808.8
2018-03-01 01:00:00,9.1,74,9.3,0.0,807.9
2018-03-01 02:00:00,8.2,75,10.4,0.0,807.4
2018-03-01 03:00:00,8.7,71,9.4,0.0,807.0
2018-03-01 04:00:00,9.7,67,8.9,0.0,807.4
2018-03-01 05:00:00,8.4,73,9.5,0.0,806.3
2018-03-01 06:00:00,6.6,80,10.3,0.0,805.2
2018-03-01 07:00:00,6.9,78,9.7,0.0,806.1
2018-03-01 08:00:00,8.2,75,10.4,9.0,807.8
2018-03-01 09:00:00,12.6,60,8.5,149.0,810.8
2018-03-01 10:00:00,15.4,50,13.8,378.0,812.4
2018-03-01 11:00:00,17.6,37,20.5,595.0,813.3
2018-03-01 12:00:00,19.6,28,20.7,763.0,813.2
2018-03-01 13:00:00,20.7,26,21.5,868.0,812.8
2018-03-01 14:00:00,21.5,25,21.1,894.0,811.8
2018-03-01 15:00:00,21.8,24,21.6,842.0,810.9
2018-03-01 16:00:00,21.7,25,21.5,718.0,810.0
2018-03-01 17:00:00,21.6,24,20.7,533.0,809.9
2018-03-01 18:00:00,20.6,26,17.9,309.0,809.7
2018-03-01 19:00:00,18.0,29,11.1,93.0,808.5
2018-03-01 20:00:00,15.4,35,9.9,1.0,807.3
2018-03-01 21:00:00,14.5,40,9.2,0.0,807.8
2018-03-01 22:00:00,12.5,47,7.7,0.0,807.5
2018-03-01 23:00:00,10.4,56,9.3,0.0,806.9
2018-03-02 00:00:00,10.8,57,8.3,0.0,807.8
2018-03-02 01:00:00,11.4,56,8.2,0.0,808.0
2018-03-02 02:00:00,9.5,63,9.4,0.0,806.6
2018-03-02 03:00:00,9.5,59,8.8,0.0,806.5
2018-03-02 04:00:00,8.7,60,9.4,0.0,805.8
2018-03-02 05:00:00,7.5,64,10.3,0.0,804.8
2018-03-02 06:00:00,7.3,65,10.1,0.0,804.9
2018-03-02 07:00:00,6.8,68,10.7,0.0,805.2
2018-03-02 08:00:00,7.6,69,12.2,9.0,806.7
2018-03-02 09:00:00,12.7,49,9.3,151.0,810.5
2018-03-02 10:00:00,15.6,41,15.9,378.0,812.0
2018-03-02 11:00:00,17.6,35,21.8,590.0,812.9
2018-03-02 12:00:00,19.4,30,23.1,755.0,813.1
2018-03-02 13:00:00,20.5,29,23.0,856.0,812.5
2018-03-02 14:00:00,21.3,28,23.7,882.0,811.6
2018-03-02 15:00:00,21.8,26,24.5,834.0,810.7
2018-03-02 16:00:00,21.6,27,25.0,611.0,810.0
2018-03-02 17:00:00,22.2,24,29.1,529.0,809.2
2018-03-02 18:00:00,20.7,27,20.6,287.0,809.0
2018-03-02 19:00:00,19.4,25,15.9,92.0,808.0
2018-03-02 20:00:00,16.6,33,14.2,1.0,808.0
2018-03-02 21:00:00,15.2,36,10.5,0.0,807.9
2018-03-02 22:00:00,12.8,45,7.5,0.0,807.1
2018-03-02 23:00:00,11.8,48,7.8,0.0,807.0
2018-03-03 00:00:00,10.8,51,8.6,0.0,807.0
2018-03-03 01:00:00,10.0,53,9.4,0.0,806.4
2018-03-03 02:00:00,9.6,55,9.4,0.0,806.2
2018-03-03 03:00:00,9.8,55,8.4,0.0,806.0
2018-03-03 04:00:00,8.8,60,9.5,0.0,805.3
2018-03-03 05:00:00,9.0,60,9.8,0.0,805.2
2018-03-03 06:00:00,12.6,47,7.6,0.0,807.5
2018-03-03 07:00:00,12.3,49,7.2,0.0,807.8
2018-03-03 08:00:00,9.1,68,9.8,10.0,806.7
2018-03-03 09:00:00,13.4,54,7.8,149.0,809.8
2018-03-03 10:00:00,16.3,46,12.2,373.0,811.6
2018-03-03 11:00:00,18.4,35,20.9,585.0,812.3
2018-03-03 12:00:00,19.8,29,21.9,747.0,812.2
2018-03-03 13:00:00,20.7,29,24.1,850.0,811.5
2018-03-03 14:00:00,21.5,23,27.0,874.0,810.6
2018-03-03 15:00:00,20.7,25,27.5,647.0,809.0
2018-03-03 16:00:00,20.7,27,26.4,649.0,808.3
2018-03-03 17:00:00,20.9,23,24.0,465.0,807.9
2018-03-03 18:00:00,19.4,27,23.2,265.0,807.9
2018-03-03 19:00:00,18.0,28,19.3,79.0,807.5
2018-03-03 20:00:00,15.3,33,10.9,1.0,807.4
2018-03-03 21:00:00,13.8,37,10.7,0.0,807.4
2018-03-03 22:00:00,13.4,39,14.8,0.0,808.1
2018-03-03 23:00:00,13.0,40,14.4,0.0,808.1
2018-03-04 00:00:00,12.8,42,17.3,0.0,808.4
2018-03-04 01:00:00,12.7,44,18.2,0.0,808.3
2018-03-04 02:00:00,12.3,46,16.2,0.0,807.5
2018-03-04 03:00:00,12.0,47,15.3,0.0,806.9
2018-03-04 04:00:00,12.0,47,16.1,0.0,806.6
2018-03-04 05:00:00,11.9,48,16.1,0.0,806.3
2018-03-04 06:00:00,11.9,49,16.5,0.0,806.6
2018-03-04 07:00:00,11.6,50,14.9,0.0,807.0
2018-03-04 08:00:00,11.4,56,18.0,10.0,807.5
2018-03-04 09:00:00,13.4,52,15.8,144.0,809.1
2018-03-04 10:00:00,15.3,47,26.6,369.0,810.6
2018-03-04 11:00:00,17.1,41,28.3,587.0,811.5
2018-03-04 12:00:00,18.3,38,28.5,752.0,811.7
2018-03-04 13:00:00,20.6,31,30.0,864.0,811.8
2018-03-04 14:00:00,20.8,29,28.0,657.0,811.1
2018-03-04 15:00:00,21.1,27,27.8,491.0,810.4
2018-03-04 16:00:00,21.0,28,26.0,520.0,810.2
2018-03-04 17:00:00,20.6,29,26.0,353.0,810.0
2018-03-04 18:00:00,19.9,30,21.7,231.0,810.4
2018-03-04 19:00:00,18.9,30,15.4,66.0,810.4
2018-03-04 20:00:00,13.2,50,12.1,1.0,808.1
2018-03-04 21:00:00,14.1,45,8.1,0.0,809.5
2018-03-04 22:00:00,12.4,50,7.6,0.0,809.3
2018-03-04 23:00:00,12.0,51,7.6,0.0,809.6
2018-03-05 00:00:00,13.9,44,13.0,0.0,811.3
2018-03-05 01:00:00,14.2,43,16.9,0.0,811.7
2018-03-05 02:00:00,13.7,46,14.1,0.0,811.3
2018-03-05 03:00:00,11.8,53,8.0,0.0,810.0
2018-03-05 04:00:00,9.1,65,9.1,0.0,808.3
2018-03-05 05:00:00,12.3,50,4.8,0.0,810.4
2018-03-05 06:00:00,11.2,55,3.4,0.0,810.1
2018-03-05 07:00:00,9.4,62,2.7,0.0,809.5
2018-03-05 08:00:00,8.6,71,7.0,11.0,810.1
2018-03-05 09:00:00,13.0,56,5.1,156.0,813.3
2018-03-05 10:00:00,15.6,45,9.7,381.0,815.0
2018-03-05 11:00:00,17.5,39,15.1,595.0,815.6
2018-03-05 12:00:00,19.7,31,17.2,761.0,815.9
2018-03-05 13:00:00,21.4,27,18.2,864.0,815.6
2018-03-05 14:00:00,22.5,24,18.0,894.0,814.8
2018-03-05 15:00:00,23.1,21,19.6,844.0,814.1
2018-03-05 16:00:00,23.2,21,20.0,722.0,813.5
2018-03-05 17:00:00,22.7,22,20.5,539.0,812.9
2018-03-05 18:00:00,21.8,23,17.7,315.0,812.4
2018-03-05 19:00:00,18.8,28,10.2,98.0,811.4
2018-03-05 20:00:00,16.4,30,9.0,1.0,810.3
2018-03-05 21:00:00,14.8,34,7.9,0.0,810.2
2018-03-05 22:00:00,12.9,37,8.4,0.0,810.1
2018-03-05 23:00:00,11.6,41,9.3,0.0,810.0
2018-03-06 00:00:00,10.3,46,10.7,0.0,809.7
2018-03-06 01:00:00,11.5,43,9.6,0.0,810.8
2018-03-06 02:00:00,12.5,41,8.8,0.0,811.5
2018-03-06 03:00:00,13.6,40,8.4,0.0,812.0
2018-03-06 04:00:00,12.7,45,8.6,0.0,811.2
2018-03-06 05:00:00,11.7,52,8.9,0.0,810.4
2018-03-06 06:00:00,13.4,47,7.2,0.0,811.7
2018-03-06 07:00:00,13.1,49,5.9,0.0,812.0
2018-03-06 08:00:00,10.4,56,9.1,12.0,811.5
2018-03-06 09:00:00,13.9,48,6.2,161.0,814.4
2018-03-06 10:00:00,16.6,42,9.4,388.0,816.0
2018-03-06 11:00:00,19.2,30,17.1,600.0,816.6
2018-03-06 12:00:00,20.8,25,21.5,765.0,816.5
2018-03-06 13:00:00,21.8,23,24.1,864.0,816.1
2018-03-06 14:00:00,22.5,22,26.1,888.0,814.7
2018-03-06 15:00:00,22.6,22,26.7,828.0,813.5
2018-03-06 16:00:00,22.0,24,27.5,606.0,812.4
2018-03-06 17:00:00,21.9,23,27.4,434.0,812.0
2018-03-06 18:00:00,20.5,28,21.6,241.0,811.8
2018-03-06 19:00:00,19.1,28,17.7,90.0,811.3
2018-03-06 20:00:00,17.4,32,12.1,1.0,811.9
2018-03-06 21:00:00,15.5,37,8.0,0.0,811.6
2018-03-06 22:00:00,15.7,39,10.8,0.0,813.1
2018-03-06 23:00:00,14.1,46,8.0,0.0,812.9
2018-03-07 00:00:00,13.1,51,7.4,0.0,812.9
2018-03-07 01:00:00,12.6,57,7.1,0.0,812.6
2018-03-07 02:00:00,10.9,69,8.1,0.0,811.7
2018-03-07 03:00:00,12.1,62,6.6,0.0,812.2
2018-03-07 04:00:00,10.8,68,7.9,0.0,810.7
2018-03-07 05:00:00,9.7,72,7.9,0.0,809.6
2018-03-07 06:00:00,10.8,65,5.8,0.0,810.6
2018-03-07 07:00:00,11.8,59,4.7,0.0,811.7
2018-03-07 08:00:00,11.3,60,4.9,13.0,812.5
2018-03-07 09:00:00,13.4,54,3.6,152.0,814.2
2018-03-07 10:00:00,16.5,44,8.2,380.0,816.1
2018-03-07 11:00:00,18.7,34,22.2,567.0,816.7
2018-03-07 12:00:00,19.6,31,23.6,609.0,816.7
2018-03-07 13:00:00,19.9,29,23.7,540.0,815.9
2018-03-07 14:00:00,20.3,28,21.8,535.0,815.1
2018-03-07 15:00:00,20.8,27,22.5,641.0,814.4
2018-03-07 16:00:00,20.4,27,21.4,507.0,813.9
2018-03-07 17:00:00,20.3,27,20.2,337.0,813.3
2018-03-07 18:00:00,19.8,28,15.6,253.0,813.3
2018-03-07 19:00:00,17.9,30,10.2,79.0,812.8
2018-03-07 20:00:00,17.2,30,5.9,1.0,813.3
2018-03-07 21:00:00,15.8,35,3.0,0.0,813.3
2018-03-07 22:00:00,8.6,83,25.3,0.0,814.1
2018-03-07 23:00:00,9.0,80,17.9,0.0,814.9
2018-03-08 00:00:00,8.3,75,16.8,0.0,815.4
2018-03-08 01:00:00,7.2,66,18.3,0.0,815.6
2018-03-08 02:00:00,6.5,61,18.8,0.0,815.3
2018-03-08 03:00:00,6.1,59,18.0,0.0,815.1
2018-03-08 04:00:00,5.9,59,15.8,0.0,814.9
2018-03-08 05:00:00,5.7,61,15.0,0.0,814.8
2018-03-08 06:00:00,5.7,61,14.7,0.0,815.2
2018-03-08 07:00:00,5.5,62,12.1,0.0,815.6
2018-03-08 08:00:00,5.5,62,11.6,8.0,817.0
2018-03-08 09:00:00,6.5,57,15.5,97.0,818.1
2018-03-08 10:00:00,8.3,48,16.4,253.0,819.3
2018-03-08 11:00:00,10.4,41,15.7,451.0,820.0
2018-03-08 12:00:00,12.4,37,13.6,620.0,820.4
2018-03-08 13:00:00,13.9,35,10.5,697.0,819.7
2018-03-08 14:00:00,15.1,34,5.4,765.0,819.1
2018-03-08 15:00:00,16.8,27,1.9,706.0,818.2
2018-03-08 16:00:00,16.9,28,10.8,697.0,817.3
2018-03-08 17:00:00,16.3,30,12.8,534.0,816.5
2018-03-08 18:00:00,15.5,30,8.7,315.0,816.1
2018-03-08 19:00:00,12.0,47,8.0,99.0,814.3
2018-03-08 20:00:00,10.4,57,10.0,1.0,813.8
2018-03-08 21:00:00,9.7,64,7.1,0.0,814.2
2018-03-08 22:00:00,7.7,70,10.4,0.0,813.5
2018-03-08 23:00:00,9.3,57,13.8,0.0,816.5
2018-03-09 00:00:00,7.3,67,8.6,0.0,816.3
2018-03-09 01:00:00,6.4,70,7.8,0.0,816.2
2018-03-09 02:00:00,5.8,71,7.4,0.0,816.2
2018-03-09 03:00:00,5.0,75,6.7,0.0,815.9
2018-03-09 04:00:00,4.6,78,7.0,0.0,815.5
2018-03-09 05:00:00,3.8,81,6.2,0.0,814.9
2018-03-09 06:00:00,3.2,82,5.7,0.0,814.7
2018-03-09 07:00:00,2.6,83,6.3,0.0,815.1
2018-03-09 08:00:00,4.1,79,5.8,15.0,816.7
2018-03-09 09:00:00,6.0,69,7.6,148.0,817.9
2018-03-09 10:00:00,8.4,60,8.1,354.0,819.0
2018-03-09 11:00:00,10.8,53,9.0,523.0,819.8
2018-03-09 12:00:00,12.8,48,9.1,670.0,819.6
2018-03-09 13:00:00,14.4,45,9.2,720.0,819.2
2018-03-09 14:00:00,15.4,44,11.7,796.0,818.5
2018-03-09 15:00:00,15.4,46,9.2,693.0,817.2
2018-03-09 16:00:00,15.7,43,11.0,485.0,816.2
2018-03-09 17:00:00,16.2,42,11.9,378.0,815.6
2018-03-09 18:00:00,15.7,43,13.7,248.0,815.1
2018-03-09 19:00:00,13.9,48,8.8,83.0,814.3
2018-03-09 20:00:00,12.1,53,12.4,1.0,814.2
2018-03-09 21:00:00,11.2,57,11.0,0.0,814.0
2018-03-09 22:00:00,10.9,60,10.7,0.0,814.5
2018-03-09 23:00:00,10.5,67,9.9,0.0,814.8
2018-03-10 00:00:00,9.6,76,8.0,0.0,814.4
2018-03-10 01:00:00,9.5,86,9.0,0.0,814.7
2018-03-10 02:00:00,9.4,89,7.6,0.0,814.4
2018-03-10 03:00:00,9.1,90,7.3,0.0,814.1
2018-03-10 04:00:00,8.9,91,7.3,0.0,813.7
2018-03-10 05:00:00,8.6,92,7.1,0.0,813.4
2018-03-10 06:00:00,8.3,93,6.8,0.0,813.2
2018-03-10 07:00:00,8.2,93,6.8,0.0,813.4
2018-03-10 08:00:00,9.2,92,6.2,13.0,814.2
2018-03-10 09:00:00,11.0,79,12.1,98.0,815.7
2018-03-10 10:00:00,12.7,69,15.3,267.0,816.5
2018-03-10 11:00:00,14.7,58,16.5,343.0,816.9
2018-03-10 12:00:00,16.6,52,16.3,522.0,817.0
2018-03-10 13:00:00,18.5,46,16.7,764.0,816.5
2018-03-10 14:00:00,19.4,40,20.0,793.0,815.7
2018-03-10 15:00:00,19.2,37,21.9,729.0,814.5
2018-03-10 16:00:00,19.2,34,21.6,628.0,813.5
2018-03-10 17:00:00,19.1,36,19.5,476.0,813.2
2018-03-10 18:00:00,17.9,39,16.9,260.0,812.8
2018-03-10 19:00:00,16.5,44,14.9,74.0,812.7
2018-03-10 20:00:00,13.8,52,10.3,1.0,811.6
2018-03-10 21:00:00,13.2,56,11.3,0.0,812.0
2018-03-10 22:00:00,12.4,60,10.7,0.0,812.6
2018-03-10 23:00:00,11.5,66,8.9,0.0,812.8
2018-03-11 00:00:00,10.6,72,8.2,0.0,812.6
2018-03-11 01:00:00,9.5,77,6.9,0.0,811.9
2018-03-11 02:00:00,8.4,82,7.5,0.0,810.9
2018-03-11 03:00:00,7.3,85,9.2,0.0,810.2
2018-03-11 04:00:00,7.9,82,8.1,0.0,810.4
2018-03-11 05:00:00,10.3,75,6.6,0.0,812.1
2018-03-11 06:00:00,10.1,77,5.6,0.0,812.5
2018-03-11 07:00:00,9.8,78,5.8,0.0,812.9
2018-03-11 08:00:00,9.5,80,4.4,16.0,813.3
2018-03-11 09:00:00,11.4,75,3.4,152.0,815.0
2018-03-11 10:00:00,13.6,68,7.9,334.0,816.4
2018-03-11 11:00:00,16.3,54,15.5,560.0,817.0
2018-03-11 12:00:00,17.5,45,18.1,602.0,817.1
2018-03-11 13:00:00,18.8,37,18.2,765.0,816.6
2018-03-11 14:00:00,19.9,31,18.1,811.0,815.9
2018-03-11 15:00:00,20.3,31,17.7,759.0,815.0
2018-03-11 16:00:00,20.3,30,16.4,702.0,814.3
2018-03-11 17:00:00,20.0,30,15.8,438.0,813.7
2018-03-11 18:00:00,19.2,32,13.8,278.0,813.4
2018-03-11 19:00:00,16.9,40,11.5,87.0,812.6
2018-03-11 20:00:00,14.6,49,11.2,2.0,811.9
2018-03-11 21:00:00,14.4,52,12.6,0.0,812.6
2018-03-11 22:00:00,13.3,64,11.3,0.0,813.3
2018-03-11 23:00:00,12.1,74,9.3,0.0,813.3
2018-03-12 00:00:00,11.0,84,7.1,0.0,813.0
2018-03-12 01:00:00,10.1,88,6.7,0.0,812.3
2018-03-12 02:00:00,9.9,89,6.4,0.0,812.0
2018-03-12 03:00:00,9.6,92,6.4,0.0,811.5
2018-03-12 04:00:00,8.3,94,8.2,0.0,810.5
2018-03-12 05:00:00,8.0,95,7.8,0.0,810.3
2018-03-12 06:00:00,9.0,94,6.3,0.0,811.2
2018-03-12 07:00:00,9.1,94,6.8,0.0,811.9
2018-03-12 08:00:00,10.5,95,7.9,12.0,813.5
2018-03-12 09:00:00,12.0,84,13.0,77.0,814.7
2018-03-12 10:00:00,13.4,76,11.2,247.0,815.7
2018-03-12 11:00:00,15.7,62,12.0,532.0,816.4
2018-03-12 12:00:00,17.6,53,13.1,714.0,816.6
2018-03-12 13:00:00,18.5,44,16.1,753.0,815.8
2018-03-12 14:00:00,18.9,38,18.6,744.0,814.4
2018-03-12 15:00:00,19.0,36,19.2,708.0,813.4
2018-03-12 16:00:00,19.0,33,22.3,668.0,812.6
2018-03-12 17:00:00,18.3,32,17.7,411.0,811.9
2018-03-12 18:00:00,17.7,38,16.2,258.0,811.5
2018-03-12 19:00:00,15.7,43,7.6,94.0,810.8
2018-03-12 20:00:00,12.7,47,8.6,2.0,809.2
2018-03-12 21:00:00,13.0,50,9.7,0.0,810.4
2018-03-12 22:00:00,11.5,61,7.5,0.0,810.2
2018-03-12 23:00:00,11.3,68,9.2,0.0,811.2
2018-03-13 00:00:00,10.8,71,8.2,0.0,811.3
2018-03-13 01:00:00,10.1,78,7.7,0.0,810.7
2018-03-13 02:00:00,9.2,84,6.6,0.0,810.2
2018-03-13 03:00:00,8.1,88,7.3,0.0,809.3
2018-03-13 04:00:00,7.1,91,9.0,0.0,808.5
2018-03-13 05:00:00,6.8,93,9.2,0.0,808.2
2018-03-13 06:00:00,6.3,94,9.3,0.0,808.0
2018-03-13 07:00:00,6.6,94,7.6,0.0,808.5
2018-03-13 08:00:00,8.6,92,7.2,18.0,810.1
2018-03-13 09:00:00,11.5,83,10.9,164.0,812.2
2018-03-13 10:00:00,14.2,61,16.4,384.0,813.5
2018-03-13 11:00:00,16.2,41,20.3,588.0,814.2
2018-03-13 12:00:00,17.6,35,19.1,689.0,814.0
2018-03-13 13:00:00,18.9,33,19.6,832.0,813.6
2018-03-13 14:00:00,19.2,34,17.7,735.0,812.6
2018-03-13 15:00:00,19.0,31,19.9,712.0,811.4
2018-03-13 16:00:00,18.3,34,20.2,523.0,810.7
2018-03-13 17:00:00,16.4,45,20.3,415.0,809.8
2018-03-13 18:00:00,17.1,37,15.8,238.0,809.8
2018-03-13 19:00:00,15.4,40,12.8,88.0,809.6
2018-03-13 20:00:00,13.8,47,9.1,2.0,809.0
2018-03-13 21:00:00,13.2,49,8.5,0.0,809.2
2018-03-13 22:00:00,11.9,55,7.1,0.0,809.4
2018-03-13 23:00:00,10.2,69,6.9,0.0,809.4
2018-03-14 00:00:00,9.2,74,7.9,0.0,808.7
2018-03-14 01:00:00,8.3,73,9.2,0.0,808.2
2018-03-14 02:00:00,9.4,64,7.9,0.0,808.9
2018-03-14 03:00:00,7.9,70,8.5,0.0,807.5
2018-03-14 04:00:00,6.8,76,9.4,0.0,806.8
2018-03-14 05:00:00,6.9,76,8.3,0.0,806.8
2018-03-14 06:00:00,7.4,73,7.3,0.0,807.4
2018-03-14 07:00:00,7.0,74,5.9,0.0,807.7
2018-03-14 08:00:00,7.3,77,6.4,20.0,808.9
2018-03-14 09:00:00,11.4,60,4.7,177.0,811.9
2018-03-14 10:00:00,14.3,47,10.9,401.0,813.6
2018-03-14 11:00:00,16.3,39,13.4,610.0,814.0
2018-03-14 12:00:00,18.0,33,13.0,773.0,814.1
2018-03-14 13:00:00,19.5,29,12.7,872.0,813.8
2018-03-14 14:00:00,20.5,25,12.4,893.0,812.8
2018-03-14 15:00:00,20.9,23,12.6,829.0,811.7
2018-03-14 16:00:00,20.9,23,13.6,689.0,811.0
2018-03-14 17:00:00,20.6,18,13.7,491.0,810.4
2018-03-14 18:00:00,19.4,23,11.5,268.0,810.1
2018-03-14 19:00:00,16.2,32,6.4,62.0,809.2
2018-03-14 20:00:00,13.0,44,11.5,2.0,807.9
2018-03-14 21:00:00,12.0,49,8.7,0.0,808.1
2018-03-14 22:00:00,12.2,48,7.1,0.0,809.3
2018-03-14 23:00:00,10.2,59,9.4,0.0,808.9
2018-03-15 00:00:00,9.5,65,9.7,0.0,809.2
2018-03-15 01:00:00,9.1,68,9.0,0.0,808.9
2018-03-15 02:00:00,8.6,64,8.5,0.0,808.5
2018-03-15 03:00:00,12.4,46,4.7,0.0,810.8
2018-03-15 04:00:00,8.2,65,5.0,0.0,808.4
2018-03-15 05:00:00,9.9,62,4.6,0.0,809.3
2018-03-15 06:00:00,9.6,63,2.6,0.0,809.3
2018-03-15 07:00:00,8.9,66,0.7,0.0,809.4
2018-03-15 08:00:00,7.0,78,4.9,21.0,809.3
2018-03-15 09:00:00,11.7,61,3.1,179.0,812.6
2018-03-15 10:00:00,15.4,45,7.0,400.0,814.7
2018-03-15 11:00:00,17.8,37,10.6,610.0,815.3
2018-03-15 12:00:00,19.4,32,12.2,775.0,815.6
2018-03-15 13:00:00,20.7,28,13.6,872.0,815.1
2018-03-15 14:00:00,21.5,24,14.1,879.0,814.0
2018-03-15 15:00:00,21.9,22,13.5,832.0,813.1
2018-03-15 16:00:00,22.0,21,13.1,714.0,812.3
2018-03-15 17:00:00,21.6,22,12.4,530.0,811.6
2018-03-15 18:00:00,20.7,23,11.4,278.0,811.3
2018-03-15 19:00:00,17.0,33,6.9,100.0,809.6
2018-03-15 20:00:00,15.5,40,8.0,2.0,809.5
2018-03-15 21:00:00,14.7,40,8.4,0.0,809.7
2018-03-15 22:00:00,12.6,50,8.5,0.0,809.6
2018-03-15 23:00:00,11.3,70,9.2,0.0,809.7
2018-03-16 00:00:00,11.6,71,9.0,0.0,810.3
2018-03-16 01:00:00,12.9,64,8.0,0.0,811.0
2018-03-16 02:00:00,9.5,79,10.2,0.0,808.9
2018-03-16 03:00:00,9.1,80,10.6,0.0,808.3
2018-03-16 04:00:00,8.9,78,10.2,0.0,807.8
2018-03-16 05:00:00,9.3,74,9.3,0.0,808.0
2018-03-16 06:00:00,11.4,66,8.1,0.0,809.6
2018-03-16 07:00:00,12.0,64,6.7,0.0,810.5
2018-03-16 08:00:00,11.1,68,2.5,22.0,810.6
2018-03-16 09:00:00,13.4,64,2.3,178.0,812.9
2018-03-16 10:00:00,16.1,55,9.2,398.0,814.4
2018-03-16 11:00:00,18.5,39,17.0,581.0,815.0
2018-03-16 12:00:00,19.8,35,17.8,707.0,815.0
2018-03-16 13:00:00,21.1,33,18.5,787.0,814.4
2018-03-16 14:00:00,19.7,48,18.0,837.0,813.3
2018-03-16 15:00:00,21.1,32,21.7,596.0,812.3
2018-03-16 16:00:00,21.4,31,21.3,590.0,811.6
2018-03-16 17:00:00,20.9,31,22.4,440.0,811.0
2018-03-16 18:00:00,19.9,34,21.9,217.0,810.8
2018-03-16 19:00:00,17.7,43,11.4,68.0,811.1
2018-03-16 20:00:00,15.4,49,8.4,2.0,810.5
2018-03-16 21:00:00,14.1,58,16.5,0.0,811.3
2018-03-16 22:00:00,13.4,63,10.9,0.0,811.4
2018-03-16 23:00:00,13.4,63,10.5,0.0,811.8
2018-03-17 00:00:00,12.5,67,7.2,0.0,811.5
2018-03-17 01:00:00,11.5,72,6.7,0.0,811.0
2018-03-17 02:00:00,11.2,73,7.2,0.0,810.6
2018-03-17 03:00:00,10.5,76,5.9,0.0,809.8
2018-03-17 04:00:00,9.3,82,7.6,0.0,808.6
2018-03-17 05:00:00,9.0,84,8.0,0.0,808.3
2018-03-17 06:00:00,9.1,83,7.7,0.0,808.4
2018-03-17 07:00:00,9.1,83,7.3,0.0,808.8
2018-03-17 08:00:00,10.7,78,6.3,22.0,810.2
2018-03-17 09:00:00,14.2,64,10.3,173.0,813.0
2018-03-17 10:00:00,16.7,56,16.9,387.0,814.3
2018-03-17 11:00:00,18.1,49,25.9,540.0,814.8
2018-03-17 12:00:00,19.0,45,25.9,586.0,814.9
2018-03-17 13:00:00,19.9,40,27.3,677.0,814.5
2018-03-17 14:00:00,20.1,39,25.2,632.0,813.3
2018-03-17 15:00:00,21.4,37,25.5,788.0,812.7
2018-03-17 16:00:00,21.3,36,27.8,676.0,811.7
2018-03-17 17:00:00,21.1,34,26.6,459.0,811.3
2018-03-17 18:00:00,19.3,40,21.7,213.0,811.2
2018-03-17 19:00:00,18.1,43,17.6,91.0,811.2
2018-03-17 20:00:00,14.9,49,14.5,3.0,811.6
2018-03-17 21:00:00,14.5,51,15.3,0.0,811.9
2018-03-17 22:00:00,14.2,54,14.7,0.0,812.2
2018-03-17 23:00:00,13.3,59,12.5,0.0,812.2
2018-03-18 00:00:00,12.4,65,8.9,0.0,811.8
2018-03-18 01:00:00,12.0,67,7.9,0.0,811.6
2018-03-18 02:00:00,11.9,69,8.8,0.0,811.3
2018-03-18 03:00:00,11.3,73,9.5,0.0,810.8
2018-03-18 04:00:00,10.2,81,7.9,0.0,809.9
2018-03-18 05:00:00,9.6,84,6.8,0.0,809.6
2018-03-18 06:00:00,9.1,86,6.6,0.0,809.5
2018-03-18 07:00:00,8.0,88,8.4,0.0,809.4
2018-03-18 08:00:00,9.6,87,7.2,25.0,811.3
2018-03-18 09:00:00,13.1,71,8.9,187.0,813.6
2018-03-18 10:00:00,15.6,58,17.4,410.0,814.8
2018-03-18 11:00:00,17.6,46,21.1,614.0,815.7
2018-03-18 12:00:00,19.2,36,22.8,731.0,815.7
2018-03-18 13:00:00,20.3,33,24.0,847.0,815.3
2018-03-18 14:00:00,21.1,31,24.1,876.0,814.2
2018-03-18 15:00:00,21.7,28,23.5,828.0,813.2
2018-03-18 16:00:00,21.5,29,22.9,696.0,812.0
2018-03-18 17:00:00,21.2,27,22.1,492.0,811.4
2018-03-18 18:00:00,20.3,25,21.6,274.0,811.2
2018-03-18 19:00:00,18.3,31,16.8,95.0,810.9
2018-03-18 20:00:00,16.1,35,14.8,3.0,811.3
2018-03-18 21:00:00,15.2,37,12.3,0.0,811.5
2018-03-18 22:00:00,14.7,39,15.2,0.0,812.0
2018-03-18 23:00:00,14.0,41,16.3,0.0,812.5
2018-03-19 00:00:00,13.1,45,13.0,0.0,812.0
2018-03-19 01:00:00,12.1,49,9.5,0.0,811.5
2018-03-19 02:00:00,10.1,57,6.4,0.0,810.2
2018-03-19 03:00:00,8.8,65,7.9,0.0,809.1
2018-03-19 04:00:00,8.3,69,8.4,0.0,808.2
2018-03-19 05:00:00,9.2,66,7.6,0.0,808.8
2018-03-19 06:00:00,9.1,67,8.8,0.0,808.6
2018-03-19 07:00:00,8.7,69,8.0,0.0,808.8
2018-03-19 08:00:00,10.0,65,11.9,27.0,810.1
2018-03-19 09:00:00,12.7,56,13.7,194.0,812.3
2018-03-19 10:00:00,14.6,45,19.2,419.0,813.9
2018-03-19 11:00:00,16.4,37,15.8,608.0,814.4
2018-03-19 12:00:00,17.8,32,12.8,744.0,814.7
2018-03-19 13:00:00,19.2,30,10.9,825.0,814.5
2018-03-19 14:00:00,19.9,29,9.7,827.0,813.8
2018-03-19 15:00:00,20.9,27,9.4,810.0,813.4
2018-03-19 16:00:00,21.0,26,10.0,656.0,812.5
2018-03-19 17:00:00,20.5,24,8.2,467.0,812.2
2018-03-19 18:00:00,19.4,24,9.7,252.0,812.6
2018-03-19 19:00:00,16.2,38,19.8,85.0,812.8
2018-03-19 20:00:00,13.1,45,15.9,3.0,812.6
2018-03-19 21:00:00,12.5,45,8.0,0.0,812.5
2018-03-19 22:00:00,10.4,53,7.4,0.0,811.9
2018-03-19 23:00:00,11.1,52,7.6,0.0,813.0
2018-03-20 00:00:00,12.0,49,4.1,0.0,814.2
2018-03-20 01:00:00,11.5,50,3.7,0.0,813.8
2018-03-20 02:00:00,8.3,64,7.7,0.0,811.7
2018-03-20 03:00:00,8.4,64,5.9,0.0,811.4
2018-03-20 04:00:00,7.4,69,5.1,0.0,810.7
2018-03-20 05:00:00,7.2,70,4.3,0.0,810.3
2018-03-20 06:00:00,7.8,67,2.9,0.0,810.7
2018-03-20 07:00:00,8.5,65,3.0,0.0,811.6
2018-03-20 08:00:00,7.6,74,2.9,29.0,811.9
2018-03-20 09:00:00,11.5,63,1.8,201.0,814.8
2018-03-20 10:00:00,14.7,56,3.6,429.0,816.3
2018-03-20 11:00:00,17.6,45,6.3,639.0,817.4
2018-03-20 12:00:00,19.8,36,9.2,801.0,817.9
2018-03-20 13:00:00,21.2,30,11.5,897.0,817.5
2018-03-20 14:00:00,21.9,28,12.8,910.0,816.7
2018-03-20 15:00:00,21.9,27,11.2,816.0,815.6
2018-03-20 16:00:00,21.9,26,10.1,663.0,814.5
2018-03-20 17:00:00,21.8,24,12.3,476.0,813.9
2018-03-20 18:00:00,21.0,27,14.1,293.0,813.5
2018-03-20 19:00:00,18.5,38,14.3,105.0,812.8
2018-03-20 20:00:00,18.3,32,14.8,3.0,812.5
2018-03-20 21:00:00,17.6,38,14.5,0.0,812.9
2018-03-20 22:00:00,16.3,48,10.5,0.0,813.3
2018-03-20 23:00:00,13.7,64,6.9,0.0,812.9
2018-03-21 00:00:00,11.4,71,6.9,0.0,812.4
2018-03-21 01:00:00,10.3,77,6.9,0.0,811.9
2018-03-21 02:00:00,9.6,82,6.3,0.0,811.9
2018-03-21 03:00:00,8.9,89,6.4,0.0,811.5
2018-03-21 04:00:00,9.3,93,6.3,0.0,812.1
2018-03-21 05:00:00,9.6,94,5.4,0.0,812.0
2018-03-21 06:00:00,11.2,90,8.4,0.0,813.2
2018-03-21 07:00:00,11.4,90,7.7,0.0,813.5
2018-03-21 08:00:00,11.6,90,8.9,11.0,814.1
2018-03-21 09:00:00,13.1,80,12.7,123.0,815.3
2018-03-21 10:00:00,14.9,71,12.7,283.0,816.5
2018-03-21 11:00:00,16.7,62,14.7,498.0,817.0
2018-03-21 12:00:00,18.6,46,14.8,681.0,816.8
2018-03-21 13:00:00,20.1,36,16.0,695.0,816.4
2018-03-21 14:00:00,21.0,25,16.6,719.0,815.3
2018-03-21 15:00:00,21.8,24,17.8,824.0,814.5
2018-03-21 16:00:00,19.8,44,22.5,723.0,813.2
2018-03-21 17:00:00,19.5,43,20.2,389.0,812.3
2018-03-21 18:00:00,19.1,39,22.4,260.0,812.0
2018-03-21 19:00:00,17.3,48,19.5,102.0,811.8
2018-03-21 20:00:00,12.7,83,15.8,3.0,811.6
2018-03-21 21:00:00,11.7,85,7.9,0.0,812.0
2018-03-21 22:00:00,11.7,82,9.5,0.0,813.6
2018-03-21 23:00:00,11.4,82,11.8,0.0,814.2
2018-03-22 00:00:00,10.9,83,12.6,0.0,814.3
2018-03-22 01:00:00,10.4,84,11.5,0.0,814.3
2018-03-22 02:00:00,10.0,85,11.3,0.0,813.9
2018-03-22 03:00:00,9.6,86,10.8,0.0,813.6
2018-03-22 04:00:00,9.5,87,10.1,0.0,813.2
2018-03-22 05:00:00,9.6,86,9.0,0.0,812.8
2018-03-22 06:00:00,9.6,86,8.5,0.0,812.6
2018-03-22 07:00:00,9.5,87,8.2,0.0,812.9
2018-03-22 08:00:00,9.8,86,7.5,11.0,813.1
2018-03-22 09:00:00,10.8,81,7.4,71.0,814.0
2018-03-22 10:00:00,12.4,74,7.1,192.0,814.9
2018-03-22 11:00:00,13.8,68,8.6,248.0,815.2
2018-03-22 12:00:00,15.7,60,9.5,428.0,815.3
2018-03-22 13:00:00,17.0,55,12.3,516.0,814.8
2018-03-22 14:00:00,18.7,48,14.5,730.0,814.3
2018-03-22 15:00:00,18.7,47,16.8,620.0,813.2
2018-03-22 16:00:00,18.3,47,19.1,522.0,812.6
2018-03-22 17:00:00,16.7,55,15.5,365.0,812.2
2018-03-22 18:00:00,16.0,62,20.7,244.0,811.8
2018-03-22 19:00:00,15.0,66,17.5,84.0,811.4
2018-03-22 20:00:00,14.8,64,16.1,4.0,810.9
2018-03-22 21:00:00,13.8,70,13.9,0.0,811.0
2018-03-22 22:00:00,12.7,79,9.6,0.0,811.5
2018-03-22 23:00:00,11.3,86,6.5,0.0,811.5
2018-03-23 00:00:00,10.6,89,6.2,0.0,811.5
2018-03-23 01:00:00,10.8,90,5.8,0.0,811.8
2018-03-23 02:00:00,11.1,93,8.3,0.0,812.0
2018-03-23 03:00:00,10.9,95,9.4,0.0,811.7
2018-03-23 04:00:00,11.4,94,7.5,0.0,812.2
2018-03-23 05:00:00,11.1,95,8.8,0.0,811.7
2018-03-23 06:00:00,10.9,98,8.1,0.0,811.6
2018-03-23 07:00:00,10.8,99,9.6,0.0,811.9
2018-03-23 08:00:00,10.9,94,9.1,9.0,812.2
2018-03-23 09:00:00,12.5,90,11.9,77.0,813.1
2018-03-23 10:00:00,14.0,82,12.8,214.0,814.3
2018-03-23 11:00:00,15.8,70,13.5,331.0,814.8
2018-03-23 12:00:00,17.8,61,15.2,574.0,815.2
2018-03-23 13:00:00,19.7,50,16.8,677.0,814.7
2018-03-23 14:00:00,20.6,42,19.2,752.0,814.0
2018-03-23 15:00:00,20.5,40,20.5,693.0,813.1
2018-03-23 16:00:00,18.0,50,18.4,629.0,812.4
2018-03-23 17:00:00,16.8,60,18.3,296.0,811.8
2018-03-23 18:00:00,17.3,59,14.0,199.0,812.0
2018-03-23 19:00:00,15.5,66,9.5,83.0,811.7
2018-03-23 20:00:00,14.9,67,14.7,4.0,811.4
2018-03-23 21:00:00,13.9,72,14.4,0.0,811.8
2018-03-23 22:00:00,13.0,80,12.4,0.0,812.2
2018-03-23 23:00:00,12.2,86,9.7,0.0,812.7
2018-03-24 00:00:00,11.5,89,8.4,0.0,812.8
2018-03-24 01:00:00,10.7,91,6.5,0.0,812.3
2018-03-24 02:00:00,10.0,94,5.8,0.0,811.9
2018-03-24 03:00:00,9.7,95,5.6,0.0,811.5
2018-03-24 04:00:00,9.8,96,5.0,0.0,811.3
2018-03-24 05:00:00,10.4,96,5.2,0.0,811.7
2018-03-24 06:00:00,11.1,95,7.4,0.0,812.4
2018-03-24 07:00:00,11.1,96,9.0,0.0,812.7
2018-03-24 08:00:00,11.4,93,11.9,16.0,813.7
2018-03-24 09:00:00,12.4,85,15.3,115.0,814.7
2018-03-24 10:00:00,14.9,68,18.1,286.0,815.9
2018-03-24 11:00:00,17.7,51,19.4,531.0,816.7
2018-03-24 12:00:00,19.9,39,20.9,729.0,816.7
2018-03-24 13:00:00,20.9,34,20.5,779.0,816.1
2018-03-24 14:00:00,21.5,34,19.2,833.0,815.5
2018-03-24 15:00:00,22.4,32,20.0,782.0,814.5
2018-03-24 16:00:00,21.2,32,20.7,646.0,813.6
2018-03-24 17:00:00,21.3,32,15.0,410.0,813.2
2018-03-24 18:00:00,20.4,34,19.7,305.0,813.0
2018-03-24 19:00:00,18.6,40,11.2,103.0,812.6
2018-03-24 20:00:00,16.2,47,10.7,4.0,812.0
2018-03-24 21:00:00,15.4,53,10.1,0.0,812.5
2018-03-24 22:00:00,14.3,62,9.2,0.0,813.2
2018-03-24 23:00:00,12.8,75,6.9,0.0,813.2
2018-03-25 00:00:00,10.7,86,9.4,0.0,812.5
2018-03-25 01:00:00,11.7,80,2.1,0.0,813.4
2018-03-25 02:00:00,9.5,90,5.4,0.0,812.2
2018-03-25 03:00:00,9.1,93,6.8,0.0,812.3
2018-03-25 04:00:00,8.6,97,7.0,0.0,812.0
2018-03-25 05:00:00,8.2,99,5.2,0.0,811.9
2018-03-25 06:00:00,7.4,100,6.3,0.0,811.9
2018-03-25 07:00:00,7.5,100,4.7,0.0,812.5
2018-03-25 08:00:00,9.3,97,6.8,27.0,814.4
2018-03-25 09:00:00,12.8,83,6.9,204.0,817.1
2018-03-25 10:00:00,15.2,68,4.4,400.0,818.5
2018-03-25 11:00:00,17.3,52,6.1,590.0,819.3
2018-03-25 12:00:00,18.9,43,6.9,691.0,819.3
2018-03-25 13:00:00,20.3,37,7.4,705.0,818.8
2018-03-25 14:00:00,21.5,33,7.6,701.0,817.9
2018-03-25 15:00:00,22.6,30,8.7,731.0,817.1
2018-03-25 16:00:00,22.9,28,8.9,601.0,816.5
2018-03-25 17:00:00,22.5,27,6.9,473.0,816.0
2018-03-25 18:00:00,21.6,28,11.2,269.0,815.6
2018-03-25 19:00:00,19.0,38,9.7,107.0,815.1
2018-03-25 20:00:00,16.4,55,12.7,4.0,814.7
2018-03-25 21:00:00,15.5,58,11.0,0.0,815.3
2018-03-25 22:00:00,14.4,63,11.5,0.0,816.4
2018-03-25 23:00:00,12.4,84,10.1,0.0,816.9
2018-03-26 00:00:00,11.7,90,7.6,0.0,817.3
2018-03-26 01:00:00,11.2,93,7.6,0.0,817.1
2018-03-26 02:00:00,11.2,92,8.2,0.0,817.0
2018-03-26 03:00:00,11.9,88,11.6,0.0,816.8
2018-03-26 04:00:00,11.9,90,5.6,0.0,816.5
2018-03-26 05:00:00,11.5,95,6.8,0.0,816.0
2018-03-26 06:00:00,11.2,98,7.0,0.0,816.0
2018-03-26 07:00:00,10.9,99,7.0,0.0,816.1
2018-03-26 08:00:00,11.7,92,9.2,20.0,816.9
2018-03-26 09:00:00,12.7,88,11.0,93.0,817.7
2018-03-26 10:00:00,14.5,84,12.3,353.0,819.0
2018-03-26 11:00:00,16.4,70,13.4,518.0,819.4
2018-03-26 12:00:00,18.0,55,12.6,634.0,819.8
2018-03-26 13:00:00,19.4,40,13.5,657.0,819.1
2018-03-26 14:00:00,20.7,34,13.3,723.0,817.9
2018-03-26 15:00:00,22.0,29,16.1,791.0,817.2
2018-03-26 16:00:00,20.9,34,17.8,561.0,816.0
2018-03-26 17:00:00,19.9,41,19.1,338.0,814.9
2018-03-26 18:00:00,17.3,65,20.0,287.0,814.0
2018-03-26 19:00:00,16.3,64,12.2,102.0,813.7
2018-03-26 20:00:00,15.4,74,10.4,5.0,813.5
2018-03-26 21:00:00,14.6,73,9.7,0.0,814.0
2018-03-26 22:00:00,12.5,82,6.4,0.0,813.7
2018-03-26 23:00:00,11.1,87,7.2,0.0,814.2
2018-03-27 00:00:00,10.5,93,9.3,0.0,815.3
2018-03-27 01:00:00,11.2,95,8.3,0.0,815.7
2018-03-27 02:00:00,11.1,96,7.3,0.0,815.1
2018-03-27 03:00:00,11.0,96,5.6,0.0,814.5
2018-03-27 04:00:00,10.9,98,5.4,0.0,814.1
2018-03-27 05:00:00,10.5,99,5.0,0.0,813.9
2018-03-27 06:00:00,10.8,96,4.8,0.0,813.6
2018-03-27 07:00:00,10.8,97,6.4,0.0,814.0
2018-03-27 08:00:00,11.4,93,4.7,12.0,814.8
2018-03-27 09:00:00,12.4,89,8.5,83.0,815.9
2018-03-27 10:00:00,13.9,86,7.8,197.0,816.7
2018-03-27 11:00:00,15.2,81,7.8,284.0,817.2
2018-03-27 12:00:00,16.6,73,11.6,405.0,817.1
2018-03-27 13:00:00,17.1,68,13.0,423.0,816.1
2018-03-27 14:00:00,16.4,74,18.4,365.0,814.4
2018-03-27 15:00:00,14.8,82,8.8,335.0,813.3
2018-03-27 16:00:00,16.2,75,8.7,388.0,813.5
2018-03-27 17:00:00,13.2,95,7.1,170.0,812.4
2018-03-27 18:00:00,14.0,93,2.3,126.0,812.7
2018-03-27 19:00:00,12.5,98,2.7,33.0,812.4
2018-03-27 20:00:00,11.5,93,5.0,3.0,812.6
2018-03-27 21:00:00,11.2,93,5.5,0.0,812.5
2018-03-27 22:00:00,11.0,93,4.0,0.0,813.1
2018-03-27 23:00:00,11.1,98,3.2,0.0,813.7
2018-03-28 00:00:00,11.3,96,1.9,0.0,813.6
2018-03-28 01:00:00,9.6,97,4.1,0.0,812.5
2018-03-28 02:00:00,10.3,98,2.2,0.0,812.2
2018-03-28 03:00:00,9.2,98,6.1,0.0,810.5
2018-03-28 04:00:00,8.5,99,7.8,0.0,809.6
2018-03-28 05:00:00,9.3,97,5.4,0.0,809.6
2018-03-28 06:00:00,7.4,99,7.0,0.0,808.7
2018-03-28 07:00:00,7.7,100,6.8,0.0,809.5
2018-03-28 08:00:00,9.3,97,5.3,25.0,810.7
2018-03-28 09:00:00,11.1,95,2.5,144.0,812.6
2018-03-28 10:00:00,12.9,86,2.5,307.0,813.7
2018-03-28 11:00:00,14.6,84,1.8,394.0,814.3
2018-03-28 12:00:00,15.0,82,9.2,428.0,814.1
2018-03-28 13:00:00,15.0,70,6.1,626.0,813.6
2018-03-28 14:00:00,15.6,71,13.2,484.0,812.4
2018-03-28 15:00:00,17.5,47,12.0,677.0,812.2
2018-03-28 16:00:00,18.2,40,11.8,594.0,811.7
2018-03-28 17:00:00,17.8,42,10.9,438.0,811.6
2018-03-28 18:00:00,16.4,57,9.1,272.0,811.3
2018-03-28 19:00:00,14.2,69,5.9,101.0,810.6
2018-03-28 20:00:00,12.1,69,7.6,5.0,810.1
2018-03-28 21:00:00,10.3,76,6.7,0.0,809.7
2018-03-28 22:00:00,9.7,78,4.6,0.0,810.0
2018-03-28 23:00:00,8.9,80,3.6,0.0,809.9
2018-03-29 00:00:00,11.0,70,2.0,0.0,811.7
2018-03-29 01:00:00,7.7,85,2.9,0.0,809.4
2018-03-29 02:00:00,7.6,87,3.2,0.0,808.9
2018-03-29 03:00:00,6.9,90,3.2,0.0,808.3
2018-03-29 04:00:00,6.5,91,2.9,0.0,807.8
2018-03-29 05:00:00,6.1,92,2.2,0.0,807.4
2018-03-29 06:00:00,5.8,92,1.8,0.0,807.6
2018-03-29 07:00:00,5.6,91,2.2,0.0,808.1
2018-03-29 08:00:00,8.1,88,2.9,45.0,810.5
2018-03-29 09:00:00,12.2,75,0.0,230.0,813.9
2018-03-29 10:00:00,15.5,64,5.6,457.0,815.7
2018-03-29 11:00:00,17.6,54,9.0,663.0,816.2
2018-03-29 12:00:00,18.8,46,9.7,729.0,816.2
2018-03-29 13:00:00,19.5,42,10.8,734.0,815.8
2018-03-29 14:00:00,20.1,40,10.9,726.0,815.1
2018-03-29 15:00:00,20.9,37,11.0,759.0,814.3
2018-03-29 16:00:00,20.9,37,12.5,729.0,813.5
2018-03-29 17:00:00,20.4,39,10.5,533.0,812.9
2018-03-29 18:00:00,19.6,42,9.4,322.0,812.5
2018-03-29 19:00:00,16.1,59,6.9,119.0,810.9
2018-03-29 20:00:00,15.1,55,8.4,5.0,809.8
2018-03-29 21:00:00,14.0,57,7.2,0.0,810.3
2018-03-29 22:00:00,11.9,73,10.0,0.0,810.1
2018-03-29 23:00:00,12.1,76,9.4,0.0,811.0
2018-03-30 00:00:00,11.9,79,8.5,0.0,811.6
2018-03-30 01:00:00,14.0,73,6.9,0.0,813.1
2018-03-30 02:00:00,14.2,73,5.5,0.0,813.0
2018-03-30 03:00:00,13.7,77,6.4,0.0,812.3
2018-03-30 04:00:00,13.2,81,5.4,0.0,811.9
2018-03-30 05:00:00,12.6,84,4.9,0.0,811.4
2018-03-30 06:00:00,12.0,88,5.4,0.0,811.4
2018-03-30 07:00:00,11.5,91,4.3,0.0,811.9
2018-03-30 08:00:00,10.9,94,3.5,47.0,812.7
2018-03-30 09:00:00,14.2,83,4.4,242.0,815.2
2018-03-30 10:00:00,16.6,70,10.0,472.0,816.5
2018-03-30 11:00:00,18.5,54,12.2,654.0,817.0
2018-03-30 12:00:00,20.4,39,14.5,779.0,817.1
2018-03-30 13:00:00,21.3,34,17.8,838.0,816.8
2018-03-30 14:00:00,21.5,33,17.3,837.0,815.9
2018-03-30 15:00:00,22.0,33,15.9,824.0,814.8
2018-03-30 16:00:00,22.2,31,17.1,749.0,813.9
2018-03-30 17:00:00,21.5,34,16.9,485.0,813.2
2018-03-30 18:00:00,20.3,41,14.7,330.0,812.7
2018-03-30 19:00:00,17.4,53,8.4,122.0,811.5
2018-03-30 20:00:00,15.6,57,9.0,6.0,810.5
2018-03-30 21:00:00,15.7,62,11.5,0.0,811.9
2018-03-30 22:00:00,14.3,70,7.4,0.0,812.6
2018-03-30 23:00:00,11.8,79,9.4,0.0,811.9
2018-03-31 00:00:00,15.5,60,6.2,0.0,814.5
2018-03-31 01:00:00,15.0,59,4.9,0.0,814.2
2018-03-31 02:00:00,14.6,58,5.3,0.0,813.8
2018-03-31 03:00:00,14.2,60,6.1,0.0,813.1
2018-03-31 04:00:00,13.7,59,5.4,0.0,812.7
2018-03-31 05:00:00,13.2,59,5.1,0.0,812.4
2018-03-31 06:00:00,12.8,60,4.3,0.0,812.8
2018-03-31 07:00:00,12.4,63,2.9,0.0,813.2
2018-03-31 08:00:00,11.1,82,2.2,51.0,812.6
2018-03-31 09:00:00,14.9,63,0.5,247.0,815.7
2018-03-31 10:00:00,17.8,57,5.4,482.0,817.5
2018-03-31 11:00:00,20.1,43,10.7,686.0,817.9
2018-03-31 12:00:00,21.7,34,13.3,833.0,818.1
2018-03-31 13:00:00,22.7,30,14.5,921.0,817.5
2018-03-31 14:00:00,23.3,28,14.4,924.0,816.6
2018-03-31 15:00:00,23.6,27,15.3,882.0,815.7
2018-03-31 16:00:00,23.5,28,14.0,748.0,814.6
2018-03-31 17:00:00,23.4,28,12.9,550.0,813.8
2018-03-31 18:00:00,22.0,35,11.3,296.0,813.2
2018-03-31 19:00:00,19.3,44,13.3,98.0,813.0
2018-03-31 20:00:00,17.0,47,9.7,6.0,812.1
2018-03-31 21:00:00,16.2,51,9.4,0.0,812.3
2018-03-31 22:00:00,15.5,65,10.5,0.0,813.4
2018-03-31 23:00:00,13.5,77,6.9,0.0,812.8
2018-04-01 00:00:00,12.2,82,7.8,0.0,812.6
2018-04-01 01:00:00,11.9,80,8.4,0.0,812.7
2018-04-01 02:00:00,14.5,69,7.0,0.0,814.1
2018-04-01 03:00:00,11.9,78,8.0,0.0,812.3
2018-04-01 04:00:00,9.9,85,9.4,0.0,810.5
2018-04-01 05:00:00,10.7,83,8.7,0.0,811.3
2018-04-01 06:00:00,12.7,80,6.8,0.0,812.7
2018-04-01 07:00:00,12.2,82,5.3,0.0,813.1
2018-04-01 08:00:00,12.1,92,4.0,53.0,813.7
2018-04-01 09:00:00,14.8,83,3.6,247.0,815.9
2018-04-01 10:00:00,17.4,68,9.7,445.0,817.2
2018-04-01 11:00:00,19.8,48,12.1,659.0,818.0
2018-04-01 12:00:00,21.5,38,12.4,796.0,818.2
2018-04-01 13:00:00,22.8,32,13.7,918.0,817.7
2018-04-01 14:00:00,23.5,29,14.0,903.0,817.1
2018-04-01 15:00:00,23.6,28,14.7,867.0,815.8
2018-04-01 16:00:00,23.2,29,13.4,720.0,814.8
2018-04-01 17:00:00,23.0,28,14.2,541.0,813.9
2018-04-01 18:00:00,22.0,33,14.9,344.0,813.3
2018-04-01 19:00:00,19.3,44,13.0,119.0,812.7
2018-04-01 20:00:00,16.0,59,13.1,6.0,811.0
2018-04-01 21:00:00,15.5,66,10.1,0.0,811.2
2018-04-01 22:00:00,13.6,74,10.6,0.0,811.6
2018-04-01 23:00:00,13.0,74,9.3,0.0,812.0
2018-04-02 00:00:00,11.7,80,8.3,0.0,812.2
2018-04-02 01:00:00,11.4,85,7.4,0.0,812.9
2018-04-02 02:00:00,9.3,95,5.8,0.0,811.3
2018-04-02 03:00:00,9.1,96,5.4,0.0,811.1
2018-04-02 04:00:00,9.1,97,3.5,0.0,810.8
2018-04-02 05:00:00,9.5,96,2.5,0.0,811.0
2018-04-02 06:00:00,9.9,94,3.6,0.0,811.1
2018-04-02 07:00:00,9.2,96,4.0,0.0,811.0
2018-04-02 08:00:00,9.5,96,4.7,49.0,811.7
2018-04-02 09:00:00,13.8,81,1.8,243.0,814.8
2018-04-02 10:00:00,18.0,60,6.6,482.0,817.1
2018-04-02 11:00:00,21.1,39,14.6,674.0,817.7
2018-04-02 12:00:00,22.6,30,18.8,797.0,817.8
2018-04-02 13:00:00,23.9,24,19.9,921.0,817.2
2018-04-02 14:00:00,23.9,26,19.1,919.0,816.4
2018-04-02 15:00:00,24.2,26,13.7,839.0,815.1
2018-04-02 16:00:00,24.7,22,14.3,710.0,813.8
2018-04-02 17:00:00,23.7,26,17.6,529.0,812.9
2018-04-02 18:00:00,22.4,31,14.8,307.0,812.9
2018-04-02 19:00:00,20.0,42,14.5,115.0,812.3
2018-04-02 20:00:00,15.9,54,11.0,6.0,810.4
2018-04-02 21:00:00,16.9,55,10.7,0.0,812.2
2018-04-02 22:00:00,16.0,57,11.3,0.0,813.0
2018-04-02 23:00:00,15.0,62,9.4,0.0,813.3
2018-04-03 00:00:00,13.8,69,7.2,0.0,812.9
2018-04-03 01:00:00,11.6,82,9.9,0.0,811.5
2018-04-03 02:00:00,12.8,75,8.3,0.0,812.1
2018-04-03 03:00:00,14.8,67,7.3,0.0,812.7
2018-04-03 04:00:00,14.6,68,7.3,0.0,812.1
2018-04-03 05:00:00,14.3,70,7.2,0.0,811.8
2018-04-03 06:00:00,13.9,72,6.5,0.0,811.9
2018-04-03 07:00:00,13.6,73,6.8,0.0,812.3
2018-04-03 08:00:00,12.9,87,3.6,54.0,813.1
2018-04-03 09:00:00,16.2,69,3.9,249.0,815.5
2018-04-03 10:00:00,18.8,58,10.3,470.0,816.7
2018-04-03 11:00:00,21.2,41,15.0,677.0,817.3
2018-04-03 12:00:00,22.9,29,17.4,839.0,817.2
2018-04-03 13:00:00,24.2,22,17.7,930.0,816.6
2018-04-03 14:00:00,24.8,23,18.5,951.0,816.0
2018-04-03 15:00:00,25.1,24,17.6,861.0,814.9
2018-04-03 16:00:00,24.7,24,16.8,669.0,813.7
2018-04-03 17:00:00,24.3,24,18.0,531.0,813.1
2018-04-03 18:00:00,22.2,35,18.3,252.0,812.5
2018-04-03 19:00:00,20.2,42,11.2,119.0,812.0
2018-04-03 20:00:00,17.9,49,9.1,6.0,810.4
2018-04-03 21:00:00,18.9,49,14.0,0.0,812.0
2018-04-03 22:00:00,17.8,58,11.8,0.0,812.7
2018-04-03 23:00:00,16.7,64,8.4,0.0,813.1
2018-04-04 00:00:00,15.9,68,6.6,0.0,812.9
2018-04-04 01:00:00,15.4,72,6.4,0.0,812.5
2018-04-04 02:00:00,13.7,79,7.9,0.0,811.3
2018-04-04 03:00:00,12.3,82,9.6,0.0,810.2
2018-04-04 04:00:00,13.1,75,8.4,0.0,810.6
2018-04-04 05:00:00,14.0,70,7.8,0.0,811.0
2018-04-04 06:00:00,12.7,75,7.9,0.0,810.4
2018-04-04 07:00:00,14.2,69,6.8,0.0,811.8
2018-04-04 08:00:00,14.6,80,4.5,58.0,813.2
2018-04-04 09:00:00,17.1,73,8.4,245.0,814.7
2018-04-04 10:00:00,19.6,58,14.0,459.0,815.6
2018-04-04 11:00:00,21.4,45,18.7,655.0,815.8
2018-04-04 12:00:00,22.6,39,21.1,788.0,815.6
2018-04-04 13:00:00,23.0,36,22.1,805.0,814.7
2018-04-04 14:00:00,23.8,32,21.9,870.0,813.8
2018-04-04 15:00:00,24.4,29,23.0,851.0,812.6
2018-04-04 16:00:00,23.8,27,22.9,639.0,811.0
2018-04-04 17:00:00,23.9,26,20.4,550.0,810.3
2018-04-04 18:00:00,22.8,30,19.8,343.0,809.9
2018-04-04 19:00:00,20.6,41,18.1,129.0,810.0
2018-04-04 20:00:00,19.2,43,17.7,7.0,809.4
2018-04-04 21:00:00,17.7,56,20.3,0.0,809.9
2018-04-04 22:00:00,16.4,66,14.5,0.0,810.7
2018-04-04 23:00:00,15.6,70,12.0,0.0,811.1
2018-04-05 00:00:00,15.2,75,11.5,0.0,811.1
2018-04-05 01:00:00,14.8,82,10.5,0.0,811.0
2018-04-05 02:00:00,14.0,88,8.1,0.0,810.6
2018-04-05 03:00:00,12.9,91,6.1,0.0,809.7
2018-04-05 04:00:00,12.1,93,6.6,0.0,809.0
2018-04-05 05:00:00,11.6,94,6.6,0.0,808.5
2018-04-05 06:00:00,11.6,93,6.0,0.0,808.7
2018-04-05 07:00:00,11.5,93,6.1,0.0,809.2
2018-04-05 08:00:00,13.7,79,9.4,59.0,811.0
2018-04-05 09:00:00,16.5,63,13.0,256.0,812.8
2018-04-05 10:00:00,18.6,45,22.7,485.0,813.8
2018-04-05 11:00:00,20.3,37,23.9,680.0,814.1
2018-04-05 12:00:00,21.7,34,23.1,811.0,814.3
2018-04-05 13:00:00,23.1,30,21.4,921.0,813.9
2018-04-05 14:00:00,24.1,27,20.1,919.0,813.1
2018-04-05 15:00:00,23.4,27,22.2,840.0,811.9
2018-04-05 16:00:00,23.7,28,17.0,624.0,811.4
2018-04-05 17:00:00,21.6,34,19.3,510.0,810.5
2018-04-05 18:00:00,22.3,29,12.8,310.0,810.5
2018-04-05 19:00:00,20.2,38,11.3,123.0,810.0
2018-04-05 20:00:00,19.3,40,13.2,6.0,810.5
2018-04-05 21:00:00,17.5,48,8.5,0.0,810.6
2018-04-05 22:00:00,15.6,60,7.8,0.0,810.8
2018-04-05 23:00:00,15.0,64,10.2,0.0,812.2
2018-04-06 00:00:00,12.1,74,16.3,0.0,812.6
2018-04-06 01:00:00,11.8,72,15.5,0.0,813.1
2018-04-06 02:00:00,11.0,72,12.4,0.0,813.1
2018-04-06 03:00:00,10.4,73,11.4,0.0,813.1
2018-04-06 04:00:00,9.6,78,12.4,0.0,813.1
2018-04-06 05:00:00,9.2,80,14.3,0.0,813.1
2018-04-06 06:00:00,8.7,82,16.9,0.0,813.6
2018-04-06 07:00:00,8.5,80,20.0,0.0,814.8
2018-04-06 08:00:00,8.4,76,21.4,19.0,815.8
2018-04-06 09:00:00,8.2,71,23.5,67.0,816.8
2018-04-06 10:00:00,8.3,65,23.4,130.0,817.6
2018-04-06 11:00:00,9.6,58,23.3,296.0,818.4
2018-04-06 12:00:00,11.3,52,24.9,478.0,818.8
2018-04-06 13:00:00,11.7,50,25.0,436.0,818.3
2018-04-06 14:00:00,12.9,47,24.0,517.0,818.2
2018-04-06 15:00:00,13.5,45,24.6,467.0,817.6
2018-04-06 16:00:00,13.0,46,25.2,323.0,817.0
2018-04-06 17:00:00,11.8,48,25.3,247.0,816.8
2018-04-06 18:00:00,10.7,52,25.3,166.0,817.0
2018-04-06 19:00:00,9.8,54,23.5,68.0,817.5
2018-04-06 20:00:00,8.8,61,20.0,4.0,818.7
2018-04-06 21:00:00,8.1,66,17.0,0.0,819.6
2018-04-06 22:00:00,7.7,66,16.9,0.0,820.3
2018-04-06 23:00:00,7.3,69,16.3,0.0,820.9
2018-04-07 00:00:00,6.9,71,17.7,0.0,820.9
2018-04-07 01:00:00,6.5,74,15.6,0.0,820.6
2018-04-07 02:00:00,6.1,77,15.3,0.0,820.4
2018-04-07 03:00:00,5.7,79,14.0,0.0,819.6
2018-04-07 04:00:00,5.4,80,13.2,0.0,819.1
2018-04-07 05:00:00,5.2,80,11.9,0.0,819.3
2018-04-07 06:00:00,5.3,79,11.9,0.0,819.5
2018-04-07 07:00:00,5.2,80,12.3,0.0,820.2
2018-04-07 08:00:00,3.7,92,13.9,14.0,821.6
2018-04-07 09:00:00,4.4,87,14.2,46.0,822.1
2018-04-07 10:00:00,5.6,77,16.1,162.0,822.5
2018-04-07 11:00:00,8.0,60,17.0,392.0,823.2
2018-04-07 12:00:00,9.7,53,14.8,491.0,823.5
2018-04-07 13:00:00,10.6,50,13.4,488.0,822.9
2018-04-07 14:00:00,11.7,48,10.8,513.0,822.0
2018-04-07 15:00:00,12.9,45,8.7,515.0,820.7
2018-04-07 16:00:00,13.5,43,9.2,431.0,819.9
2018-04-07 17:00:00,12.7,47,11.4,255.0,818.8
2018-04-07 18:00:00,11.8,51,13.7,148.0,818.3
2018-04-07 19:00:00,11.3,52,9.7,73.0,817.8
2018-04-07 20:00:00,9.5,60,5.2,6.0,817.1
2018-04-07 21:00:00,9.0,66,5.7,0.0,816.6
2018-04-07 22:00:00,7.4,77,8.0,0.0,815.7
2018-04-07 23:00:00,8.0,76,7.1,0.0,816.5
2018-04-08 00:00:00,7.0,85,8.0,0.0,815.7
2018-04-08 01:00:00,7.2,83,6.6,0.0,815.9
2018-04-08 02:00:00,6.4,83,7.3,0.0,815.1
2018-04-08 03:00:00,7.5,77,6.2,0.0,815.6
2018-04-08 04:00:00,8.4,72,3.8,0.0,815.8
2018-04-08 05:00:00,8.3,74,5.0,0.0,815.6
2018-04-08 06:00:00,5.5,87,6.9,0.0,813.5
2018-04-08 07:00:00,5.2,85,6.9,0.0,813.5
2018-04-08 08:00:00,8.3,71,4.9,67.0,816.3
2018-04-08 09:00:00,10.7,58,4.0,264.0,818.0
2018-04-08 10:00:00,13.2,52,6.2,489.0,819.3
2018-04-08 11:00:00,15.6,48,9.0,674.0,819.8
2018-04-08 12:00:00,18.6,41,15.1,793.0,819.9
2018-04-08 13:00:00,19.9,37,16.6,744.0,819.1
2018-04-08 14:00:00,20.5,34,14.7,598.0,818.1
2018-04-08 15:00:00,20.6,33,14.8,449.0,817.1
2018-04-08 16:00:00,21.1,32,11.2,414.0,816.3
2018-04-08 17:00:00,21.3,31,12.3,414.0,815.8
2018-04-08 18:00:00,20.4,34,9.0,160.0,815.2
2018-04-08 19:00:00,18.8,40,9.9,59.0,814.7
2018-04-08 20:00:00,15.0,50,7.6,7.0,813.3
2018-04-08 21:00:00,14.1,54,7.4,0.0,813.4
2018-04-08 22:00:00,13.9,58,8.7,0.0,814.3
2018-04-08 23:00:00,12.4,65,6.8,0.0,813.9
2018-04-09 00:00:00,10.9,73,9.3,0.0,813.4
2018-04-09 01:00:00,10.7,75,9.0,0.0,813.3
2018-04-09 02:00:00,12.5,67,7.3,0.0,814.1
2018-04-09 03:00:00,12.9,66,6.9,0.0,814.2
2018-04-09 04:00:00,12.4,69,6.6,0.0,813.6
2018-04-09 05:00:00,11.9,71,7.0,0.0,813.0
2018-04-09 06:00:00,11.7,72,6.6,0.0,812.8
2018-04-09 07:00:00,10.0,79,7.6,0.0,812.0
2018-04-09 08:00:00,11.8,76,6.1,66.0,813.6
2018-04-09 09:00:00,14.8,66,8.9,264.0,815.3
2018-04-09 10:00:00,17.6,55,15.3,485.0,816.4
2018-04-09 11:00:00,20.0,46,18.4,687.0,816.8
2018-04-09 12:00:00,21.8,40,20.4,835.0,816.7
2018-04-09 13:00:00,23.6,34,20.9,905.0,816.5
2018-04-09 14:00:00,23.2,34,24.0,736.0,815.1
2018-04-09 15:00:00,22.6,35,23.4,437.0,814.0
2018-04-09 16:00:00,22.8,35,21.3,403.0,813.1
2018-04-09 17:00:00,22.9,33,18.3,272.0,812.5
2018-04-09 18:00:00,21.3,41,17.8,140.0,812.1
2018-04-09 19:00:00,20.3,44,12.6,101.0,811.8
2018-04-09 20:00:00,18.3,52,13.2,6.0,811.2
2018-04-09 21:00:00,17.4,59,12.4,0.0,811.7
2018-04-09 22:00:00,16.3,65,10.5,0.0,812.1
2018-04-09 23:00:00,15.1,72,8.4,0.0,812.2
2018-04-10 00:00:00,14.1,78,7.2,0.0,812.1
2018-04-10 01:00:00,13.5,79,7.1,0.0,811.5
2018-04-10 02:00:00,13.1,81,7.7,0.0,811.0
2018-04-10 03:00:00,12.5,83,7.1,0.0,810.4
2018-04-10 04:00:00,12.1,84,7.2,0.0,809.8
2018-04-10 05:00:00,11.7,85,7.2,0.0,809.4
2018-04-10 06:00:00,11.5,85,7.4,0.0,809.4
2018-04-10 07:00:00,11.5,86,8.0,0.0,809.8
2018-04-10 08:00:00,13.7,79,11.7,73.0,811.8
2018-04-10 09:00:00,16.5,67,14.9,274.0,813.2
2018-04-10 10:00:00,18.9,52,20.8,502.0,814.3
2018-04-10 11:00:00,21.0,42,21.4,701.0,814.7
2018-04-10 12:00:00,22.6,36,22.4,847.0,814.7
2018-04-10 13:00:00,24.3,30,25.3,926.0,814.5
2018-04-10 14:00:00,24.8,27,25.4,751.0,813.5
2018-04-10 15:00:00,24.2,30,25.2,497.0,812.4
2018-04-10 16:00:00,23.9,30,23.2,344.0,811.7
2018-04-10 17:00:00,24.6,26,21.4,340.0,811.3
2018-04-10 18:00:00,24.7,23,18.4,249.0,811.0
2018-04-10 19:00:00,22.6,29,15.8,75.0,810.9
2018-04-10 20:00:00,19.9,33,16.0,7.0,810.6
2018-04-10 21:00:00,18.0,39,10.5,0.0,810.4
2018-04-10 22:00:00,16.9,45,9.4,0.0,810.6
2018-04-10 23:00:00,15.5,52,7.9,0.0,810.8
2018-04-11 00:00:00,14.3,59,6.9,0.0,810.4
2018-04-11 01:00:00,13.7,61,6.9,0.0,809.8
2018-04-11 02:00:00,12.9,64,7.3,0.0,809.0
2018-04-11 03:00:00,12.3,65,7.6,0.0,808.5
2018-04-11 04:00:00,11.5,68,8.7,0.0,808.1
2018-04-11 05:00:00,11.2,67,8.1,0.0,807.9
2018-04-11 06:00:00,11.4,68,6.8,0.0,808.4
2018-04-11 07:00:00,11.3,71,6.8,0.0,808.9
2018-04-11 08:00:00,14.5,59,9.1,75.0,811.7
2018-04-11 09:00:00,17.5,51,12.2,276.0,813.6
2018-04-11 10:00:00,20.1,42,20.1,501.0,814.6
2018-04-11 11:00:00,22.3,35,24.0,703.0,814.7
2018-04-11 12:00:00,23.7,32,25.0,853.0,814.8
2018-04-11 13:00:00,24.8,31,26.4,938.0,814.3
2018-04-11 14:00:00,25.7,27,28.5,953.0,813.3
2018-04-11 15:00:00,25.2,29,26.9,726.0,812.3
2018-04-11 16:00:00,24.8,29,26.7,608.0,811.4
2018-04-11 17:00:00,24.6,29,27.0,426.0,810.5
2018-04-11 18:00:00,23.4,34,24.9,244.0,810.2
2018-04-11 19:00:00,21.6,39,18.6,132.0,810.1
2018-04-11 20:00:00,19.5,40,13.7,9.0,809.7
2018-04-11 21:00:00,18.1,46,12.5,0.0,809.9
2018-04-11 22:00:00,17.7,49,13.3,0.0,810.2
2018-04-11 23:00:00,16.6,54,11.0,0.0,810.0
2018-04-12 00:00:00,16.1,57,10.8,0.0,809.8
2018-04-12 01:00:00,15.7,59,10.7,0.0,809.4
2018-04-12 02:00:00,15.5,60,11.4,0.0,809.2
2018-04-12 03:00:00,15.1,61,11.7,0.0,808.7
2018-04-12 04:00:00,14.6,64,10.7,0.0,808.3
2018-04-12 05:00:00,14.1,66,10.2,0.0,808.2
2018-04-12 06:00:00,13.8,68,10.9,0.0,808.4
2018-04-12 07:00:00,13.5,69,10.7,0.0,808.6
2018-04-12 08:00:00,15.6,62,15.3,78.0,810.4
2018-04-12 09:00:00,18.1,53,19.2,282.0,812.0
2018-04-12 10:00:00,20.2,44,24.4,509.0,813.2
2018-04-12 11:00:00,22.2,36,26.4,711.0,813.6
2018-04-12 12:00:00,23.7,33,28.0,862.0,813.5
2018-04-12 13:00:00,25.4,26,29.7,903.0,813.3
2018-04-12 14:00:00,25.7,25,28.6,798.0,812.3
2018-04-12 15:00:00,25.8,24,27.6,633.0,811.5
2018-04-12 16:00:00,24.2,29,29.5,444.0,810.6
2018-04-12 17:00:00,26.0,20,26.6,515.0,810.3
2018-04-12 18:00:00,25.0,24,19.7,316.0,809.9
2018-04-12 19:00:00,22.7,30,21.9,108.0,809.8
2018-04-12 20:00:00,20.8,31,21.1,9.0,810.1
2018-04-12 21:00:00,20.0,30,18.5,0.0,810.5
2018-04-12 22:00:00,18.9,35,12.9,0.0,810.5
2018-04-12 23:00:00,17.2,43,9.2,0.0,810.2
2018-04-13 00:00:00,15.9,50,7.7,0.0,810.1
2018-04-13 01:00:00,14.6,53,7.1,0.0,809.5
2018-04-13 02:00:00,13.8,54,7.7,0.0,809.0
2018-04-13 03:00:00,13.6,56,7.2,0.0,808.7
2018-04-13 04:00:00,13.7,58,7.6,0.0,808.7
2018-04-13 05:00:00,13.5,63,7.6,0.0,808.7
2018-04-13 06:00:00,13.1,67,7.8,0.0,808.9
2018-04-13 07:00:00,12.7,70,7.3,1.0,809.3
2018-04-13 08:00:00,15.9,59,12.0,82.0,811.6
2018-04-13 09:00:00,18.5,50,15.9,289.0,813.6
2018-04-13 10:00:00,20.5,41,21.1,519.0,814.8
2018-04-13 11:00:00,22.4,32,23.3,722.0,815.4
2018-04-13 12:00:00,23.9,29,22.7,875.0,815.5
2018-04-13 13:00:00,25.4,25,22.4,956.0,815.4
2018-04-13 14:00:00,26.3,22,23.1,971.0,814.7
2018-04-13 15:00:00,26.7,22,24.3,912.0,813.7
2018-04-13 16:00:00,27.0,21,23.2,776.0,813.0
2018-04-13 17:00:00,27.1,18,23.2,564.0,812.1
2018-04-13 18:00:00,25.3,22,25.0,341.0,811.6
2018-04-13 19:00:00,23.7,24,18.2,142.0,811.4
2018-04-13 20:00:00,21.4,27,12.0,10.0,812.0
2018-04-13 21:00:00,19.6,34,9.6,0.0,811.9
2018-04-13 22:00:00,19.1,35,8.6,0.0,812.6
2018-04-13 23:00:00,16.6,43,7.7,0.0,811.9
2018-04-14 00:00:00,16.3,45,7.2,0.0,812.3
2018-04-14 01:00:00,16.2,50,8.4,0.0,812.7
2018-04-14 02:00:00,15.4,54,7.0,0.0,811.9
2018-04-14 03:00:00,14.8,57,6.5,0.0,811.4
2018-04-14 04:00:00,13.3,64,8.2,0.0,810.2
2018-04-14 05:00:00,12.6,68,8.8,0.0,809.9
2018-04-14 06:00:00,13.4,65,8.4,0.0,810.6
2018-04-14 07:00:00,13.5,65,7.6,1.0,811.2
2018-04-14 08:00:00,15.9,59,6.8,80.0,813.2
2018-04-14 09:00:00,18.7,49,9.9,258.0,815.2
2018-04-14 10:00:00,21.0,40,14.8,498.0,816.4
2018-04-14 11:00:00,22.7,34,17.9,711.0,817.0
2018-04-14 12:00:00,24.3,28,19.0,800.0,816.7
2018-04-14 13:00:00,24.9,26,19.8,835.0,816.4
2018-04-14 14:00:00,25.4,25,20.5,833.0,815.3
2018-04-14 15:00:00,25.2,26,21.5,797.0,814.2
2018-04-14 16:00:00,23.9,32,20.0,661.0,813.6
2018-04-14 17:00:00,23.7,34,16.8,503.0,812.7
2018-04-14 18:00:00,22.3,38,14.9,271.0,812.5
2018-04-14 19:00:00,20.9,42,10.6,95.0,812.1
2018-04-14 20:00:00,19.7,43,11.5,8.0,812.3
2018-04-14 21:00:00,17.8,58,6.1,0.0,812.1
2018-04-14 22:00:00,16.4,68,5.5,0.0,812.9
2018-04-14 23:00:00,12.5,90,17.0,0.0,813.3
2018-04-15 00:00:00,12.4,87,7.1,0.0,813.7
2018-04-15 01:00:00,11.6,88,11.8,0.0,813.8
2018-04-15 02:00:00,10.8,86,8.1,0.0,813.2
2018-04-15 03:00:00,10.1,86,5.8,0.0,813.0
2018-04-15 04:00:00,9.5,88,5.0,0.0,812.4
2018-04-15 05:00:00,9.3,89,4.9,0.0,812.1
2018-04-15 06:00:00,9.6,89,5.4,0.0,812.5
2018-04-15 07:00:00,10.0,89,6.9,1.0,813.4
2018-04-15 08:00:00,11.1,87,9.7,57.0,814.2
2018-04-15 09:00:00,12.8,79,9.4,158.0,815.6
2018-04-15 10:00:00,14.9,70,10.2,314.0,816.5
2018-04-15 11:00:00,18.1,56,12.1,557.0,817.6
2018-04-15 12:00:00,21.1,40,11.2,770.0,817.4
2018-04-15 13:00:00,23.4,27,13.9,682.0,816.7
2018-04-15 14:00:00,23.2,26,16.9,635.0,815.3
2018-04-15 15:00:00,24.0,27,15.9,643.0,814.3
2018-04-15 16:00:00,23.1,37,17.9,608.0,813.0
2018-04-15 17:00:00,23.5,26,20.4,366.0,812.8
2018-04-15 18:00:00,17.6,57,16.7,114.0,812.2
2018-04-15 19:00:00,17.0,77,1.1,101.0,812.2
2018-04-15 20:00:00,17.7,60,0.7,6.0,812.8
2018-04-15 21:00:00,15.4,74,5.1,0.0,812.2
2018-04-15 22:00:00,14.2,92,8.2,0.0,813.7
2018-04-15 23:00:00,13.4,94,12.3,0.0,814.2
2018-04-16 00:00:00,11.7,93,11.8,0.0,814.5
2018-04-16 01:00:00,11.0,94,12.5,0.0,814.4
2018-04-16 02:00:00,10.5,95,11.9,0.0,814.0
2018-04-16 03:00:00,10.1,96,11.5,0.0,813.7
2018-04-16 04:00:00,10.1,95,10.7,0.0,813.4
2018-04-16 05:00:00,9.9,97,12.1,0.0,813.4
2018-04-16 06:00:00,9.7,97,11.9,0.0,813.7
2018-04-16 07:00:00,9.4,99,11.1,0.0,814.4
2018-04-16 08:00:00,9.0,92,11.9,16.0,815.3
2018-04-16 09:00:00,9.4,90,8.6,41.0,816.4
2018-04-16 10:00:00,10.3,88,9.7,113.0,817.2
2018-04-16 11:00:00,12.7,74,6.0,324.0,817.9
2018-04-16 12:00:00,15.7,61,1.8,565.0,818.3
2018-04-16 13:00:00,18.1,51,3.6,692.0,818.1
2018-04-16 14:00:00,19.5,45,3.1,746.0,817.3
2018-04-16 15:00:00,20.2,44,3.0,718.0,816.4
2018-04-16 16:00:00,20.4,43,6.7,573.0,815.5
2018-04-16 17:00:00,17.6,55,14.9,243.0,814.5
2018-04-16 18:00:00,17.1,59,11.6,225.0,814.5
2018-04-16 19:00:00,16.1,63,7.4,103.0,815.0
2018-04-16 20:00:00,13.6,82,8.2,9.0,813.6
2018-04-16 21:00:00,12.5,85,7.9,0.0,813.5
2018-04-16 22:00:00,11.8,84,8.0,0.0,814.0
2018-04-16 23:00:00,12.2,78,7.3,0.0,814.9
2018-04-17 00:00:00,12.0,78,7.1,0.0,815.1
2018-04-17 01:00:00,10.1,88,8.7,0.0,814.3
2018-04-17 02:00:00,9.6,90,8.3,0.0,813.9
2018-04-17 03:00:00,9.3,91,7.2,0.0,813.7
2018-04-17 04:00:00,9.2,93,6.4,0.0,813.2
2018-04-17 05:00:00,9.1,92,5.9,0.0,813.1
2018-04-17 06:00:00,9.2,92,5.7,0.0,813.6
2018-04-17 07:00:00,8.9,94,5.6,1.0,814.0
2018-04-17 08:00:00,11.8,85,4.2,75.0,816.7
2018-04-17 09:00:00,13.9,77,7.1,180.0,818.0
2018-04-17 10:00:00,15.6,70,8.3,271.0,818.9
2018-04-17 11:00:00,17.0,66,10.5,436.0,819.6
2018-04-17 12:00:00,17.6,62,12.9,528.0,819.3
2018-04-17 13:00:00,16.4,68,10.3,371.0,818.1
2018-04-17 14:00:00,19.3,53,11.7,733.0,817.8
2018-04-17 15:00:00,19.8,51,8.9,699.0,816.5
2018-04-17 16:00:00,17.9,68,17.2,556.0,815.4
2018-04-17 17:00:00,14.5,91,5.2,374.0,814.6
2018-04-17 18:00:00,15.5,84,7.8,198.0,814.5
2018-04-17 19:00:00,14.9,87,4.4,99.0,814.4
2018-04-17 20:00:00,13.4,74,5.6,9.0,813.2
2018-04-17 21:00:00,12.4,79,6.8,0.0,813.3
2018-04-17 22:00:00,12.5,78,6.5,0.0,814.2
2018-04-17 23:00:00,11.7,84,7.8,0.0,814.2
2018-04-18 00:00:00,13.4,76,4.5,0.0,815.6
2018-04-18 01:00:00,13.4,77,3.0,0.0,815.5
2018-04-18 02:00:00,13.6,78,5.5,0.0,815.2
2018-04-18 03:00:00,11.3,89,7.9,0.0,813.4
2018-04-18 04:00:00,11.6,91,7.0,0.0,813.5
2018-04-18 05:00:00,12.6,91,2.2,0.0,813.9
2018-04-18 06:00:00,10.6,94,4.0,0.0,812.9
2018-04-18 07:00:00,10.3,94,1.6,1.0,812.9
2018-04-18 08:00:00,11.6,96,1.6,75.0,814.9
2018-04-18 09:00:00,13.4,87,3.3,172.0,815.7
2018-04-18 10:00:00,15.5,77,5.8,320.0,816.8
2018-04-18 11:00:00,17.3,69,7.8,447.0,817.3
2018-04-18 12:00:00,18.9,59,9.5,596.0,817.2
2018-04-18 13:00:00,20.0,55,11.6,692.0,816.7
2018-04-18 14:00:00,20.2,56,13.9,562.0,815.6
2018-04-18 15:00:00,20.5,50,12.8,530.0,814.7
2018-04-18 16:00:00,20.5,51,12.7,449.0,813.6
2018-04-18 17:00:00,18.6,65,12.2,464.0,812.9
2018-04-18 18:00:00,18.7,58,15.0,233.0,812.7
2018-04-18 19:00:00,17.7,61,13.0,98.0,812.2
2018-04-18 20:00:00,15.2,84,9.0,7.0,811.5
2018-04-18 21:00:00,14.0,95,8.1,0.0,811.5
2018-04-18 22:00:00,13.4,96,5.9,0.0,811.5
2018-04-18 23:00:00,13.2,95,6.6,0.0,811.9
2018-04-19 00:00:00,12.7,95,6.8,0.0,811.9
2018-04-19 01:00:00,12.7,96,5.6,0.0,811.7
2018-04-19 02:00:00,11.4,97,7.2,0.0,810.6
2018-04-19 03:00:00,11.9,98,6.8,0.0,810.7
2018-04-19 04:00:00,12.4,98,5.4,0.0,810.6
2018-04-19 05:00:00,11.8,98,5.5,0.0,810.3
2018-04-19 06:00:00,12.2,97,4.3,0.0,810.5
2018-04-19 07:00:00,12.2,98,5.0,1.0,810.6
2018-04-19 08:00:00,12.5,93,6.1,29.0,811.9
2018-04-19 09:00:00,14.0,89,9.4,160.0,812.9
2018-04-19 10:00:00,15.6,85,10.8,316.0,813.6
2018-04-19 11:00:00,17.7,72,13.4,540.0,814.3
2018-04-19 12:00:00,19.4,55,16.8,714.0,814.3
2018-04-19 13:00:00,20.5,48,19.3,749.0,813.7
2018-04-19 14:00:00,20.9,50,19.8,733.0,812.8
2018-04-19 15:00:00,21.6,48,20.9,775.0,811.4
2018-04-19 16:00:00,19.6,57,21.3,714.0,810.5
2018-04-19 17:00:00,19.8,53,20.9,393.0,809.7
2018-04-19 18:00:00,19.9,49,19.1,274.0,809.5
2018-04-19 19:00:00,18.7,54,16.4,102.0,809.2
2018-04-19 20:00:00,16.7,61,15.1,10.0,809.0
2018-04-19 21:00:00,15.5,69,13.5,0.0,809.0
2018-04-19 22:00:00,14.6,77,11.7,0.0,809.7
2018-04-19 23:00:00,13.7,83,10.8,0.0,809.9
2018-04-20 00:00:00,13.1,89,9.6,0.0,810.2
2018-04-20 01:00:00,12.7,91,7.9,0.0,809.9
2018-04-20 02:00:00,12.2,92,6.6,0.0,809.4
2018-04-20 03:00:00,12.1,93,7.2,0.0,808.9
2018-04-20 04:00:00,12.3,94,8.3,0.0,809.0
2018-04-20 05:00:00,12.8,95,9.9,0.0,809.0
2018-04-20 06:00:00,13.1,94,11.3,0.0,809.3
2018-04-20 07:00:00,12.7,96,10.7,1.0,809.5
2018-04-20 08:00:00,13.4,89,16.9,50.0,810.4
2018-04-20 09:00:00,15.6,71,18.9,238.0,811.3
2018-04-20 10:00:00,17.4,59,20.2,361.0,812.4
2018-04-20 11:00:00,19.0,51,20.7,465.0,812.8
2018-04-20 12:00:00,20.3,46,21.1,494.0,812.8
2018-04-20 13:00:00,20.7,48,21.3,545.0,813.0
2018-04-20 14:00:00,20.8,48,19.0,442.0,812.5
2018-04-20 15:00:00,21.3,47,19.1,504.0,811.8
2018-04-20 16:00:00,21.7,45,19.4,531.0,811.3
2018-04-20 17:00:00,22.5,41,21.9,512.0,810.8
2018-04-20 18:00:00,21.7,42,18.6,262.0,810.4
2018-04-20 19:00:00,19.8,54,16.3,106.0,810.3
2018-04-20 20:00:00,17.5,62,15.3,10.0,810.2
2018-04-20 21:00:00,15.8,72,10.5,0.0,810.4
2018-04-20 22:00:00,14.8,77,8.7,0.0,810.5
2018-04-20 23:00:00,13.5,85,6.2,0.0,810.4
2018-04-21 00:00:00,12.6,88,7.7,0.0,810.2
2018-04-21 01:00:00,12.2,89,7.4,0.0,809.8
2018-04-21 02:00:00,11.7,90,8.0,0.0,809.1
2018-04-21 03:00:00,11.1,91,8.8,0.0,808.5
2018-04-21 04:00:00,10.7,92,9.3,0.0,807.8
2018-04-21 05:00:00,10.6,92,8.3,0.0,807.7
2018-04-21 06:00:00,10.4,93,8.7,0.0,807.6
2018-04-21 07:00:00,10.7,93,7.7,2.0,808.3
2018-04-21 08:00:00,14.2,86,7.4,100.0,811.5
2018-04-21 09:00:00,16.5,74,11.2,306.0,812.4
2018-04-21 10:00:00,19.6,53,18.8,524.0,813.5
2018-04-21 11:00:00,21.8,42,21.7,722.0,813.9
2018-04-21 12:00:00,23.2,37,22.5,874.0,813.9
2018-04-21 13:00:00,24.3,34,23.2,963.0,813.7
2018-04-21 14:00:00,24.7,33,27.7,911.0,813.0
2018-04-21 15:00:00,23.8,35,21.8,499.0,812.0
2018-04-21 16:00:00,24.3,34,25.8,626.0,811.4
2018-04-21 17:00:00,23.9,33,24.6,326.0,810.5
2018-04-21 18:00:00,23.1,36,21.7,289.0,810.2
2018-04-21 19:00:00,21.6,41,14.5,115.0,809.8
2018-04-21 20:00:00,19.4,46,11.4,13.0,809.4
2018-04-21 21:00:00,17.7,54,7.4,0.0,809.4
2018-04-21 22:00:00,16.3,61,6.9,0.0,809.7
2018-04-21 23:00:00,15.5,66,6.8,0.0,809.8
2018-04-22 00:00:00,15.0,65,6.8,0.0,809.9
2018-04-22 01:00:00,14.5,66,7.2,0.0,809.5
2018-04-22 02:00:00,14.3,67,7.1,0.0,809.2
2018-04-22 03:00:00,15.1,64,9.0,0.0,809.3
2018-04-22 04:00:00,15.6,62,12.9,0.0,809.5
2018-04-22 05:00:00,15.3,64,12.4,0.0,809.1
2018-04-22 06:00:00,14.6,70,9.5,0.0,809.0
2018-04-22 07:00:00,13.8,76,7.1,3.0,809.3
2018-04-22 08:00:00,16.6,63,12.4,104.0,811.9
2018-04-22 09:00:00,18.8,54,18.3,318.0,813.4
2018-04-22 10:00:00,20.5,47,22.0,547.0,814.3
2018-04-22 11:00:00,22.6,36,22.8,748.0,814.7
2018-04-22 12:00:00,24.0,34,23.8,897.0,814.7
2018-04-22 13:00:00,25.3,32,23.6,977.0,814.3
2018-04-22 14:00:00,27.0,25,25.7,981.0,813.5
2018-04-22 15:00:00,27.7,23,25.6,855.0,812.8
2018-04-22 16:00:00,26.7,24,26.3,531.0,811.7
2018-04-22 17:00:00,26.1,23,22.4,323.0,811.2
2018-04-22 18:00:00,26.3,22,18.7,326.0,810.8
2018-04-22 19:00:00,23.9,29,16.3,127.0,810.2
2018-04-22 20:00:00,20.9,38,15.3,13.0,810.0
2018-04-22 21:00:00,19.6,41,10.9,0.0,809.8
2018-04-22 22:00:00,18.5,44,9.8,0.0,810.1
2018-04-22 23:00:00,17.7,46,8.4,0.0,810.2
2018-04-23 00:00:00,16.6,51,7.4,0.0,809.7
2018-04-23 01:00:00,16.7,51,8.8,0.0,810.1
2018-04-23 02:00:00,16.8,51,10.9,0.0,810.0
2018-04-23 03:00:00,16.1,55,9.4,0.0,809.5
2018-04-23 04:00:00,14.4,63,6.8,0.0,808.4
2018-04-23 05:00:00,12.7,72,10.1,0.0,807.6
2018-04-23 06:00:00,13.5,68,9.0,0.0,808.4
2018-04-23 07:00:00,14.0,67,8.1,3.0,809.4
2018-04-23 08:00:00,16.3,61,6.6,112.0,811.8
2018-04-23 09:00:00,19.4,49,10.7,329.0,813.8
2018-04-23 10:00:00,21.9,38,14.8,557.0,814.8
2018-04-23 11:00:00,23.7,31,14.8,755.0,815.4
2018-04-23 12:00:00,25.5,25,14.5,902.0,815.6
2018-04-23 13:00:00,26.7,24,14.8,986.0,815.2
2018-04-23 14:00:00,27.5,25,14.9,993.0,814.6
2018-04-23 15:00:00,28.1,23,16.3,919.0,813.7
2018-04-23 16:00:00,27.9,23,17.0,720.0,813.0
2018-04-23 17:00:00,28.5,19,12.7,445.0,812.0
2018-04-23 18:00:00,26.7,30,20.7,259.0,811.5
2018-04-23 19:00:00,24.6,34,14.0,109.0,811.3
2018-04-23 20:00:00,20.1,49,9.5,11.0,809.4
2018-04-23 21:00:00,21.5,42,10.3,0.0,811.5
2018-04-23 22:00:00,17.9,53,8.3,0.0,810.4
2018-04-23 23:00:00,17.2,56,7.6,0.0,810.7
2018-04-24 00:00:00,19.1,47,6.5,0.0,812.4
2018-04-24 01:00:00,15.9,57,3.4,0.0,810.6
2018-04-24 02:00:00,15.6,64,8.8,0.0,811.6
2018-04-24 03:00:00,14.1,87,6.4,0.0,811.2
2018-04-24 04:00:00,13.2,92,6.6,0.0,810.6
2018-04-24 05:00:00,12.9,95,5.8,0.0,810.6
2018-04-24 06:00:00,12.2,95,6.8,0.0,810.5
2018-04-24 07:00:00,11.8,97,6.6,3.0,810.7
2018-04-24 08:00:00,15.3,89,2.7,110.0,812.8
2018-04-24 09:00:00,19.1,67,3.8,330.0,815.4
2018-04-24 10:00:00,21.9,49,8.4,553.0,816.5
2018-04-24 11:00:00,23.9,38,11.2,749.0,817.0
2018-04-24 12:00:00,25.5,32,11.6,860.0,817.2
2018-04-24 13:00:00,26.9,25,11.8,909.0,816.7
2018-04-24 14:00:00,28.0,21,13.2,964.0,815.9
2018-04-24 15:00:00,28.7,18,16.1,910.0,814.9
2018-04-24 16:00:00,28.6,18,18.1,776.0,813.9
2018-04-24 17:00:00,28.7,17,15.8,536.0,812.9
2018-04-24 18:00:00,27.2,21,16.5,259.0,812.5
2018-04-24 19:00:00,25.3,28,11.9,128.0,812.0
2018-04-24 20:00:00,20.9,34,8.3,13.0,810.6
2018-04-24 21:00:00,21.2,47,15.1,0.0,812.2
2018-04-24 22:00:00,20.0,54,10.5,0.0,812.3
2018-04-24 23:00:00,18.6,60,8.3,0.0,812.4
2018-04-25 00:00:00,17.9,66,7.5,0.0,812.8
2018-04-25 01:00:00,16.3,76,6.6,0.0,812.0
2018-04-25 02:00:00,15.1,79,6.1,0.0,811.3
2018-04-25 03:00:00,14.1,87,6.9,0.0,810.8
2018-04-25 04:00:00,13.7,92,7.0,0.0,810.8
2018-04-25 05:00:00,13.4,95,6.1,0.0,810.8
2018-04-25 06:00:00,13.5,96,5.1,0.0,811.1
2018-04-25 07:00:00,13.8,98,4.3,3.0,811.8
2018-04-25 08:00:00,16.2,89,4.0,90.0,813.4
2018-04-25 09:00:00,19.3,76,9.2,312.0,815.5
2018-04-25 10:00:00,21.4,65,13.0,540.0,816.4
2018-04-25 11:00:00,23.1,56,13.5,702.0,816.5
2018-04-25 12:00:00,24.9,40,14.5,731.0,816.4
2018-04-25 13:00:00,26.1,32,16.1,782.0,815.4
2018-04-25 14:00:00,27.1,30,16.6,898.0,814.9
2018-04-25 15:00:00,26.4,27,18.8,770.0,813.8
2018-04-25 16:00:00,25.5,29,18.9,630.0,812.5
2018-04-25 17:00:00,25.2,32,13.4,538.0,811.8
2018-04-25 18:00:00,25.0,31,20.1,335.0,811.6
2018-04-25 19:00:00,22.8,37,22.5,146.0,811.5
2018-04-25 20:00:00,22.1,36,16.9,13.0,810.8
2018-04-25 21:00:00,21.0,49,16.6,0.0,811.6
2018-04-25 22:00:00,18.5,71,15.9,0.0,812.4
2018-04-25 23:00:00,17.7,84,14.8,0.0,813.2
2018-04-26 00:00:00,17.2,87,13.3,0.0,813.2
2018-04-26 01:00:00,16.5,93,11.2,0.0,812.7
2018-04-26 02:00:00,16.0,95,10.8,0.0,812.1
2018-04-26 03:00:00,15.3,96,10.9,0.0,811.9
2018-04-26 04:00:00,14.8,96,8.7,0.0,811.7
2018-04-26 05:00:00,14.2,92,6.5,0.0,811.8
2018-04-26 06:00:00,13.7,94,2.1,0.0,811.9
2018-04-26 07:00:00,13.4,96,10.9,3.0,812.9
2018-04-26 08:00:00,12.9,99,12.8,37.0,813.9
2018-04-26 09:00:00,13.8,93,8.2,124.0,815.1
2018-04-26 10:00:00,15.4,85,6.5,238.0,816.1
2018-04-26 11:00:00,16.7,77,10.9,315.0,816.6
2018-04-26 12:00:00,17.9,71,8.0,380.0,816.9
2018-04-26 13:00:00,19.9,61,6.9,567.0,816.5
2018-04-26 14:00:00,20.9,55,8.2,795.0,815.7
2018-04-26 15:00:00,20.4,55,12.7,607.0,814.8
2018-04-26 16:00:00,19.6,60,9.0,449.0,814.3
2018-04-26 17:00:00,17.8,71,11.0,323.0,813.1
2018-04-26 18:00:00,17.7,70,15.2,263.0,812.9
2018-04-26 19:00:00,17.0,74,17.0,138.0,813.2
2018-04-26 20:00:00,15.6,82,12.6,14.0,813.1
2018-04-26 21:00:00,14.7,87,13.8,0.0,813.8
2018-04-26 22:00:00,14.0,89,14.5,0.0,815.1
2018-04-26 23:00:00,14.2,87,16.3,0.0,816.4
2018-04-27 00:00:00,13.8,89,13.8,0.0,816.7
2018-04-27 01:00:00,13.2,91,11.9,0.0,816.5
2018-04-27 02:00:00,12.5,97,8.7,0.0,815.8
2018-04-27 03:00:00,12.5,99,7.8,0.0,815.5
2018-04-27 04:00:00,12.3,100,8.6,0.0,815.4
2018-04-27 05:00:00,12.3,100,8.4,0.0,815.5
2018-04-27 06:00:00,12.2,100,6.9,0.0,815.8
2018-04-27 07:00:00,12.1,98,9.1,1.0,816.3
2018-04-27 08:00:00,12.4,99,9.1,38.0,817.1
2018-04-27 09:00:00,12.7,96,9.5,48.0,817.8
2018-04-27 10:00:00,13.2,97,10.4,115.0,818.6
2018-04-27 11:00:00,13.0,97,11.4,95.0,818.5
2018-04-27 12:00:00,14.3,87,13.7,241.0,819.0
2018-04-27 13:00:00,14.7,81,13.7,225.0,818.1
2018-04-27 14:00:00,17.5,69,12.8,582.0,818.2
2018-04-27 15:00:00,18.5,62,13.8,504.0,817.0
2018-04-27 16:00:00,19.2,64,13.0,595.0,816.5
2018-04-27 17:00:00,18.7,66,11.2,495.0,815.8
2018-04-27 18:00:00,18.3,61,13.1,301.0,815.6
2018-04-27 19:00:00,16.6,76,8.7,110.0,815.8
2018-04-27 20:00:00,13.5,91,7.4,11.0,814.8
2018-04-27 21:00:00,13.3,96,5.9,0.0,815.5
2018-04-27 22:00:00,12.8,96,5.4,0.0,816.3
2018-04-27 23:00:00,13.5,93,7.3,0.0,817.4
2018-04-28 00:00:00,13.2,94,5.1,0.0,817.5
2018-04-28 01:00:00,13.0,98,4.1,0.0,817.2
2018-04-28 02:00:00,12.9,98,4.1,0.0,816.7
2018-04-28 03:00:00,12.9,99,4.6,0.0,815.9
2018-04-28 04:00:00,13.0,97,3.4,0.0,815.4
2018-04-28 05:00:00,13.2,100,8.0,0.0,815.1
2018-04-28 06:00:00,13.4,99,10.8,0.0,815.1
2018-04-28 07:00:00,13.5,100,10.1,2.0,815.2
2018-04-28 08:00:00,13.9,98,6.4,63.0,816.0
2018-04-28 09:00:00,14.9,95,10.9,92.0,816.7
2018-04-28 10:00:00,17.1,84,13.1,460.0,817.9
2018-04-28 11:00:00,18.2,75,13.7,477.0,818.1
2018-04-28 12:00:00,19.5,65,13.0,546.0,817.8
2018-04-28 13:00:00,20.4,55,17.7,701.0,816.7
2018-04-28 14:00:00,18.8,63,19.2,563.0,815.7
2018-04-28 15:00:00,20.5,54,15.1,611.0,815.0
2018-04-28 16:00:00,21.1,49,16.9,578.0,814.3
2018-04-28 17:00:00,21.2,48,15.5,466.0,813.7
2018-04-28 18:00:00,20.5,50,16.3,335.0,813.7
2018-04-28 19:00:00,18.9,59,11.1,136.0,813.7
2018-04-28 20:00:00,16.0,68,8.7,13.0,812.1
2018-04-28 21:00:00,16.1,70,7.4,0.0,813.3
2018-04-28 22:00:00,15.7,80,9.0,0.0,813.9
2018-04-28 23:00:00,15.1,88,8.2,0.0,814.2
2018-04-29 00:00:00,14.7,89,7.1,0.0,814.5
2018-04-29 01:00:00,14.0,89,6.4,0.0,814.1
2018-04-29 02:00:00,13.8,90,7.1,0.0,813.7
2018-04-29 03:00:00,13.7,91,10.4,0.0,813.5
2018-04-29 04:00:00,13.4,93,8.7,0.0,813.4
2018-04-29 05:00:00,12.6,96,4.8,0.0,812.8
2018-04-29 06:00:00,12.3,96,4.6,0.0,812.8
2018-04-29 07:00:00,12.6,96,4.7,4.0,813.1
2018-04-29 08:00:00,14.4,87,8.4,63.0,814.4
2018-04-29 09:00:00,15.8,78,10.1,188.0,815.4
2018-04-29 10:00:00,17.7,65,9.7,411.0,816.3
2018-04-29 11:00:00,19.6,55,10.5,589.0,816.6
2018-04-29 12:00:00,20.7,49,10.3,670.0,816.1
2018-04-29 13:00:00,21.5,45,10.9,737.0,815.8
2018-04-29 14:00:00,21.7,46,12.4,626.0,814.8
2018-04-29 15:00:00,22.2,44,12.7,651.0,813.8
2018-04-29 16:00:00,22.0,42,14.0,570.0,812.9
2018-04-29 17:00:00,21.8,42,14.0,372.0,812.2
2018-04-29 18:00:00,20.5,51,15.5,250.0,811.8
2018-04-29 19:00:00,18.6,65,12.9,119.0,811.7
2018-04-29 20:00:00,17.3,66,8.2,15.0,811.1
2018-04-29 21:00:00,17.1,69,8.7,0.0,812.0
2018-04-29 22:00:00,16.0,75,7.2,0.0,812.4
2018-04-29 23:00:00,15.4,79,6.5,0.0,812.6
2018-04-30 00:00:00,14.2,86,5.8,0.0,812.4
2018-04-30 01:00:00,13.7,88,5.8,0.0,811.9
2018-04-30 02:00:00,12.3,91,8.2,0.0,811.0
2018-04-30 03:00:00,12.1,91,7.9,0.0,810.8
2018-04-30 04:00:00,12.2,90,7.7,0.0,810.8
2018-04-30 05:00:00,12.0,91,7.4,0.0,810.7
2018-04-30 06:00:00,11.3,93,7.8,0.0,810.7
2018-04-30 07:00:00,12.6,92,5.2,5.0,812.0
2018-04-30 08:00:00,14.4,87,6.2,95.0,813.7
2018-04-30 09:00:00,16.7,74,12.0,261.0,815.3
2018-04-30 10:00:00,18.7,62,12.0,464.0,816.2
2018-04-30 11:00:00,20.6,53,13.2,660.0,817.0
2018-04-30 12:00:00,21.9,48,14.5,785.0,817.1
2018-04-30 13:00:00,23.2,42,15.0,884.0,816.4
2018-04-30 14:00:00,24.0,38,16.5,936.0,815.8
2018-04-30 15:00:00,23.6,39,16.9,764.0,814.7
2018-04-30 16:00:00,22.6,41,15.5,585.0,813.7
2018-04-30 17:00:00,22.2,43,17.4,430.0,812.7
2018-04-30 18:00:00,21.6,47,14.8,294.0,812.5
2018-04-30 19:00:00,20.3,52,8.8,142.0,812.4
2018-04-30 20:00:00,17.2,62,8.7,15.0,811.0
2018-04-30 21:00:00,15.9,69,7.8,0.0,811.0
2018-04-30 22:00:00,15.4,73,7.6,0.0,811.6
2018-04-30 23:00:00,14.9,76,7.1,0.0,812.5
2018-05-01 00:00:00,14.8,83,6.4,0.0,813.1
2018-05-01 01:00:00,14.5,86,6.4,0.0,813.1
2018-05-01 02:00:00,13.6,87,6.9,0.0,812.2
2018-05-01 03:00:00,13.3,87,6.7,0.0,811.7
2018-05-01 04:00:00,13.1,87,6.6,0.0,811.6
2018-05-01 05:00:00,12.7,89,6.9,0.0,811.6
2018-05-01 06:00:00,12.1,90,8.0,0.0,811.6
2018-05-01 07:00:00,12.3,92,8.0,6.0,812.2
2018-05-01 08:00:00,15.7,81,5.1,121.0,815.0
2018-05-01 09:00:00,18.4,69,8.8,349.0,816.5
2018-05-01 10:00:00,21.0,51,14.0,578.0,817.6
2018-05-01 11:00:00,22.8,40,14.8,766.0,818.3
2018-05-01 12:00:00,24.2,35,14.5,908.0,818.3
2018-05-01 13:00:00,25.1,33,15.5,966.0,818.0
2018-05-01 14:00:00,25.6,33,15.0,966.0,817.4
2018-05-01 15:00:00,25.7,33,14.3,900.0,816.1
2018-05-01 16:00:00,25.2,35,13.4,667.0,815.0
2018-05-01 17:00:00,24.7,35,13.7,464.0,814.2
2018-05-01 18:00:00,23.2,41,11.9,287.0,814.0
2018-05-01 19:00:00,21.3,56,3.9,114.0,813.6
2018-05-01 20:00:00,19.7,58,6.4,15.0,813.4
2018-05-01 21:00:00,17.0,68,7.9,0.0,812.7
2018-05-01 22:00:00,16.8,70,6.6,0.0,813.7
2018-05-01 23:00:00,16.6,75,6.6,0.0,814.3
2018-05-02 00:00:00,15.4,80,7.7,0.0,814.2
2018-05-02 01:00:00,14.9,80,8.2,0.0,814.2
2018-05-02 02:00:00,15.8,73,6.6,0.0,814.7
2018-05-02 03:00:00,17.0,66,4.7,0.0,815.0
2018-05-02 04:00:00,16.5,68,3.9,0.0,814.7
2018-05-02 05:00:00,13.7,81,4.1,0.0,813.1
2018-05-02 06:00:00,12.1,88,3.4,0.0,812.9
2018-05-02 07:00:00,13.0,89,3.5,7.0,813.8
2018-05-02 08:00:00,15.2,81,9.2,123.0,816.8
2018-05-02 09:00:00,17.6,72,11.4,340.0,818.5
2018-05-02 10:00:00,20.0,61,8.6,547.0,819.8
2018-05-02 11:00:00,21.1,57,9.7,648.0,820.1
2018-05-02 12:00:00,21.8,54,10.8,652.0,819.5
2018-05-02 13:00:00,21.0,55,12.2,464.0,818.9
2018-05-02 14:00:00,19.1,68,13.4,373.0,818.0
2018-05-02 15:00:00,18.2,72,11.8,314.0,817.2
2018-05-02 16:00:00,18.6,72,11.4,317.0,816.7
2018-05-02 17:00:00,18.0,73,10.6,171.0,816.3
2018-05-02 18:00:00,16.3,94,2.9,97.0,815.7
2018-05-02 19:00:00,15.5,95,5.2,40.0,815.7
2018-05-02 20:00:00,15.3,91,3.8,7.0,816.2
2018-05-02 21:00:00,14.3,98,6.3,0.0,816.4
2018-05-02 22:00:00,14.5,97,6.6,0.0,817.3
2018-05-02 23:00:00,14.4,97,7.2,0.0,817.9
2018-05-03 00:00:00,14.3,97,7.2,0.0,817.9
2018-05-03 01:00:00,14.1,97,7.9,0.0,817.6
2018-05-03 02:00:00,14.1,98,8.4,0.0,817.3
2018-05-03 03:00:00,14.0,97,9.9,0.0,816.6
2018-05-03 04:00:00,14.0,96,9.7,0.0,816.2
2018-05-03 05:00:00,13.6,97,7.8,0.0,815.8
2018-05-03 06:00:00,13.6,98,8.7,0.0,815.9
2018-05-03 07:00:00,13.7,98,7.6,1.0,816.4
2018-05-03 08:00:00,14.0,95,7.6,12.0,817.9
2018-05-03 09:00:00,14.2,96,7.9,60.0,818.2
2018-05-03 10:00:00,14.8,96,7.4,126.0,819.0
2018-05-03 11:00:00,15.1,96,7.0,128.0,819.2
2018-05-03 12:00:00,15.2,96,5.6,121.0,819.1
2018-05-03 13:00:00,15.6,95,6.9,197.0,818.8
2018-05-03 14:00:00,15.9,93,8.7,202.0,817.7
2018-05-03 15:00:00,16.9,84,9.6,229.0,817.0
2018-05-03 16:00:00,16.3,92,10.1,238.0,816.0
2018-05-03 17:00:00,15.7,96,7.1,83.0,815.2
2018-05-03 18:00:00,15.9,92,10.5,88.0,815.1
2018-05-03 19:00:00,15.5,92,7.6,65.0,815.3
2018-05-03 20:00:00,14.2,94,7.5,11.0,815.0
2018-05-03 21:00:00,14.3,97,6.0,0.0,815.3
2018-05-03 22:00:00,14.3,99,3.4,0.0,816.1
2018-05-03 23:00:00,14.6,98,2.1,0.0,816.6
2018-05-04 00:00:00,14.4,97,4.0,0.0,816.4
2018-05-04 01:00:00,14.3,98,6.4,0.0,816.1
2018-05-04 02:00:00,14.3,100,6.0,0.0,815.3
2018-05-04 03:00:00,14.2,100,7.2,0.0,814.6
2018-05-04 04:00:00,14.3,100,9.7,0.0,814.0
2018-05-04 05:00:00,14.1,99,9.2,0.0,813.7
2018-05-04 06:00:00,14.2,99,5.9,0.0,813.9
2018-05-04 07:00:00,14.4,97,5.7,2.0,814.3
2018-05-04 08:00:00,14.8,94,3.9,24.0,814.9
2018-05-04 09:00:00,16.0,86,5.6,151.0,815.8
2018-05-04 10:00:00,16.1,91,9.6,233.0,815.9
2018-05-04 11:00:00,17.7,88,12.6,396.0,816.6
2018-05-04 12:00:00,19.8,81,12.9,642.0,817.0
2018-05-04 13:00:00,20.6,76,14.5,748.0,816.6
2018-05-04 14:00:00,21.5,66,16.8,777.0,815.6
2018-05-04 15:00:00,22.6,52,16.3,770.0,814.6
2018-05-04 16:00:00,22.7,49,17.3,628.0,813.6
2018-05-04 17:00:00,22.2,53,18.1,497.0,812.9
2018-05-04 18:00:00,21.6,55,16.8,312.0,812.7
2018-05-04 19:00:00,20.1,65,11.7,131.0,812.5
2018-05-04 20:00:00,18.5,69,7.7,16.0,811.7
2018-05-04 21:00:00,18.1,73,9.8,0.0,812.4
2018-05-04 22:00:00,17.3,81,10.0,0.0,813.1
2018-05-04 23:00:00,16.6,85,10.0,0.0,813.6
2018-05-05 00:00:00,16.4,87,11.1,0.0,814.2
2018-05-05 01:00:00,16.0,89,10.8,0.0,814.1
2018-05-05 02:00:00,15.7,92,10.1,0.0,813.4
2018-05-05 03:00:00,15.2,94,9.8,0.0,812.9
2018-05-05 04:00:00,15.0,95,9.4,0.0,812.7
2018-05-05 05:00:00,15.0,95,10.2,0.0,812.9
2018-05-05 06:00:00,15.1,93,9.2,0.0,813.0
2018-05-05 07:00:00,14.9,95,9.4,5.0,813.2
2018-05-05 08:00:00,14.8,97,8.7,56.0,814.0
2018-05-05 09:00:00,15.4,95,8.4,85.0,814.6
2018-05-05 10:00:00,17.0,89,10.5,218.0,815.6
2018-05-05 11:00:00,17.9,83,13.8,320.0,815.7
2018-05-05 12:00:00,19.9,76,17.4,670.0,816.0
2018-05-05 13:00:00,20.7,71,15.9,738.0,815.1
2018-05-05 14:00:00,20.8,65,22.3,814.0,814.3
2018-05-05 15:00:00,21.3,52,20.0,665.0,813.7
2018-05-05 16:00:00,21.6,51,21.2,634.0,812.9
2018-05-05 17:00:00,21.6,50,20.9,518.0,812.1
2018-05-05 18:00:00,20.7,55,18.8,306.0,811.9
2018-05-05 19:00:00,19.3,62,14.6,139.0,811.6
2018-05-05 20:00:00,17.7,71,12.1,19.0,811.3
2018-05-05 21:00:00,16.5,79,10.3,0.0,811.5
2018-05-05 22:00:00,15.5,86,9.0,0.0,811.9
2018-05-05 23:00:00,15.1,89,10.0,0.0,812.6
2018-05-06 00:00:00,15.0,90,9.5,0.0,812.7
2018-05-06 01:00:00,14.7,91,8.3,0.0,812.6
2018-05-06 02:00:00,14.5,92,7.9,0.0,812.4
2018-05-06 03:00:00,14.3,93,7.9,0.0,812.0
2018-05-06 04:00:00,14.4,95,8.3,0.0,812.0
2018-05-06 05:00:00,14.7,94,9.7,0.0,811.8
2018-05-06 06:00:00,14.5,95,10.7,0.0,811.6
2018-05-06 07:00:00,14.6,94,11.4,6.0,811.9
2018-05-06 08:00:00,15.6,86,15.1,87.0,813.2
2018-05-06 09:00:00,17.6,73,18.2,303.0,814.1
2018-05-06 10:00:00,19.2,62,20.6,465.0,814.6
2018-05-06 11:00:00,20.3,57,24.0,611.0,814.6
2018-05-06 12:00:00,21.6,52,25.2,755.0,814.5
2018-05-06 13:00:00,22.1,50,24.6,775.0,814.1
2018-05-06 14:00:00,22.8,47,22.4,775.0,813.9
2018-05-06 15:00:00,22.8,47,22.2,676.0,812.9
2018-05-06 16:00:00,22.8,46,22.4,494.0,811.8
2018-05-06 17:00:00,22.5,46,20.0,376.0,811.0
2018-05-06 18:00:00,21.9,49,16.2,292.0,811.2
2018-05-06 19:00:00,20.5,57,11.8,116.0,810.8
2018-05-06 20:00:00,17.7,73,9.4,16.0,809.6
2018-05-06 21:00:00,17.3,68,10.6,0.0,810.2
2018-05-06 22:00:00,14.9,79,6.1,0.0,809.7
2018-05-06 23:00:00,13.5,87,8.2,0.0,809.4
2018-05-07 00:00:00,13.2,88,7.8,0.0,809.9
2018-05-07 01:00:00,13.0,88,7.6,0.0,810.1
2018-05-07 02:00:00,12.4,90,8.4,0.0,809.2
2018-05-07 03:00:00,11.9,91,8.7,0.0,808.6
2018-05-07 04:00:00,11.7,91,8.3,0.0,808.4
2018-05-07 05:00:00,13.3,87,8.4,0.0,809.2
2018-05-07 06:00:00,13.4,88,9.1,0.0,809.5
2018-05-07 07:00:00,14.1,85,5.6,10.0,810.6
2018-05-07 08:00:00,15.0,81,4.4,137.0,811.9
2018-05-07 09:00:00,17.1,69,15.9,300.0,812.8
2018-05-07 10:00:00,19.0,58,15.5,479.0,813.9
2018-05-07 11:00:00,20.8,50,15.1,686.0,814.2
2018-05-07 12:00:00,21.4,48,14.8,734.0,814.4
2018-05-07 13:00:00,21.9,47,14.8,680.0,813.9
2018-05-07 14:00:00,23.2,41,12.0,660.0,813.4
2018-05-07 15:00:00,23.3,40,13.2,537.0,812.4
2018-05-07 16:00:00,24.0,37,13.0,611.0,811.9
2018-05-07 17:00:00,24.1,34,12.3,433.0,811.1
2018-05-07 18:00:00,22.6,43,14.0,279.0,810.7
2018-05-07 19:00:00,20.8,54,6.8,107.0,810.2
2018-05-07 20:00:00,18.9,62,8.9,18.0,809.6
2018-05-07 21:00:00,17.1,73,6.5,0.0,809.3
2018-05-07 22:00:00,16.7,74,6.8,0.0,809.8
2018-05-07 23:00:00,15.8,78,6.6,0.0,809.8
2018-05-08 00:00:00,14.8,84,8.0,0.0,809.6
2018-05-08 01:00:00,14.5,85,7.4,0.0,809.3
2018-05-08 02:00:00,13.9,86,7.8,0.0,808.9
2018-05-08 03:00:00,13.2,87,8.3,0.0,808.4
2018-05-08 04:00:00,13.9,82,6.8,0.0,808.6
2018-05-08 05:00:00,15.3,78,5.8,0.0,809.6
2018-05-08 06:00:00,14.8,80,5.4,0.0,809.5
2018-05-08 07:00:00,13.2,88,5.4,10.0,809.2
2018-05-08 08:00:00,16.0,78,4.9,144.0,811.6
2018-05-08 09:00:00,18.3,64,12.2,367.0,812.9
2018-05-08 10:00:00,20.0,55,13.1,579.0,813.6
2018-05-08 11:00:00,21.7,48,13.2,738.0,814.0
2018-05-08 12:00:00,23.1,42,15.9,902.0,814.0
2018-05-08 13:00:00,23.2,43,16.1,854.0,813.8
2018-05-08 14:00:00,23.6,44,15.1,755.0,813.2
2018-05-08 15:00:00,24.0,42,17.6,747.0,812.4
2018-05-08 16:00:00,23.5,43,19.2,626.0,811.6
2018-05-08 17:00:00,23.3,44,16.7,468.0,811.1
2018-05-08 18:00:00,22.6,47,15.9,316.0,810.5
2018-05-08 19:00:00,21.4,54,12.7,133.0,810.6
2018-05-08 20:00:00,18.7,69,6.8,16.0,809.6
2018-05-08 21:00:00,18.6,77,10.8,0.0,810.8
2018-05-08 22:00:00,18.0,77,10.3,0.0,811.5
2018-05-08 23:00:00,16.4,83,6.4,0.0,811.1
2018-05-09 00:00:00,14.4,88,8.6,0.0,810.4
2018-05-09 01:00:00,16.3,78,7.1,0.0,811.5
2018-05-09 02:00:00,16.7,75,6.1,0.0,811.5
2018-05-09 03:00:00,16.3,75,5.9,0.0,811.0
2018-05-09 04:00:00,15.0,79,7.4,0.0,810.2
2018-05-09 05:00:00,14.6,81,6.2,0.0,810.2
2018-05-09 06:00:00,15.1,80,5.4,0.0,810.9
2018-05-09 07:00:00,12.9,91,2.3,11.0,810.3
2018-05-09 08:00:00,16.7,75,5.2,148.0,813.2
2018-05-09 09:00:00,19.0,62,10.7,371.0,814.4
2018-05-09 10:00:00,20.8,52,13.6,596.0,815.4
2018-05-09 11:00:00,22.4,45,12.1,743.0,816.1
2018-05-09 12:00:00,23.9,39,12.6,887.0,816.1
2018-05-09 13:00:00,24.3,38,14.7,720.0,816.2
2018-05-09 14:00:00,24.0,40,15.5,540.0,815.6
2018-05-09 15:00:00,24.2,41,12.9,587.0,814.8
2018-05-09 16:00:00,24.3,40,12.6,542.0,814.3
2018-05-09 17:00:00,24.3,39,11.1,419.0,813.6
2018-05-09 18:00:00,24.3,39,10.8,336.0,813.5
2018-05-09 19:00:00,22.0,56,4.5,150.0,812.9
2018-05-09 20:00:00,18.6,64,10.7,19.0,811.7
2018-05-09 21:00:00,19.2,61,8.1,0.0,813.2
2018-05-09 22:00:00,18.6,72,9.1,0.0,814.0
2018-05-09 23:00:00,18.1,75,8.6,0.0,814.8
2018-05-10 00:00:00,17.3,78,6.6,0.0,814.5
2018-05-10 01:00:00,15.6,86,8.0,0.0,813.6
2018-05-10 02:00:00,15.0,88,7.9,0.0,813.0
2018-05-10 03:00:00,14.4,91,7.7,0.0,812.5
2018-05-10 04:00:00,14.7,91,6.7,0.0,812.4
2018-05-10 05:00:00,14.4,93,6.8,0.0,812.4
2018-05-10 06:00:00,14.1,95,6.9,0.0,812.4
2018-05-10 07:00:00,14.8,94,5.8,11.0,813.3
2018-05-10 08:00:00,17.7,84,6.7,151.0,815.1
2018-05-10 09:00:00,19.8,69,10.6,378.0,816.4
2018-05-10 10:00:00,21.9,53,14.5,599.0,817.1
2018-05-10 11:00:00,23.9,43,17.9,789.0,817.3
2018-05-10 12:00:00,25.3,37,22.4,913.0,817.4
2018-05-10 13:00:00,25.9,35,20.2,918.0,816.9
2018-05-10 14:00:00,26.8,31,22.1,952.0,816.3
2018-05-10 15:00:00,26.8,29,22.9,860.0,815.3
2018-05-10 16:00:00,26.8,29,23.3,779.0,814.5
2018-05-10 17:00:00,26.8,28,22.9,620.0,813.5
2018-05-10 18:00:00,25.9,30,20.2,421.0,812.8
2018-05-10 19:00:00,24.1,34,13.5,194.0,812.3
2018-05-10 20:00:00,20.7,42,10.3,26.0,810.8
2018-05-10 21:00:00,20.2,40,11.5,0.0,811.4
2018-05-10 22:00:00,18.9,53,9.2,0.0,811.9
2018-05-10 23:00:00,17.9,63,8.9,0.0,812.4
2018-05-11 00:00:00,17.4,62,8.4,0.0,812.5
2018-05-11 01:00:00,16.5,63,7.5,0.0,811.9
2018-05-11 02:00:00,15.2,71,8.0,0.0,810.8
2018-05-11 03:00:00,14.0,81,9.3,0.0,810.0
2018-05-11 04:00:00,13.5,83,9.7,0.0,809.7
2018-05-11 05:00:00,13.9,80,8.8,0.0,810.0
2018-05-11 06:00:00,15.3,73,7.6,0.0,811.3
2018-05-11 07:00:00,15.0,75,6.5,12.0,811.7
2018-05-11 08:00:00,17.9,62,4.1,157.0,814.0
2018-05-11 09:00:00,20.6,53,10.2,381.0,815.7
2018-05-11 10:00:00,22.5,40,15.2,596.0,816.7
2018-05-11 11:00:00,24.2,34,16.7,790.0,817.1
2018-05-11 12:00:00,25.5,32,16.3,908.0,817.1
2018-05-11 13:00:00,26.4,29,17.2,950.0,816.6
2018-05-11 14:00:00,27.1,28,17.9,986.0,816.1
2018-05-11 15:00:00,27.8,25,19.9,950.0,815.0
2018-05-11 16:00:00,26.6,27,19.5,491.0,813.3
2018-05-11 17:00:00,26.5,27,15.1,435.0,812.7
2018-05-11 18:00:00,25.2,34,19.5,299.0,812.2
2018-05-11 19:00:00,23.5,38,16.2,140.0,812.0
2018-05-11 20:00:00,19.7,45,8.1,22.0,810.6
2018-05-11 21:00:00,19.8,57,15.7,0.0,812.1
2018-05-11 22:00:00,18.8,62,11.6,0.0,812.4
2018-05-11 23:00:00,18.2,64,10.3,0.0,813.3
2018-05-12 00:00:00,17.4,70,9.0,0.0,813.4
2018-05-12 01:00:00,17.3,71,10.2,0.0,813.4
2018-05-12 02:00:00,16.2,73,7.1,0.0,812.6
2018-05-12 03:00:00,15.4,74,6.9,0.0,811.9
2018-05-12 04:00:00,14.5,81,7.3,0.0,811.2
2018-05-12 05:00:00,14.2,82,8.3,0.0,811.1
2018-05-12 06:00:00,16.4,74,6.7,0.0,812.9
2018-05-12 07:00:00,15.4,80,5.9,13.0,812.8
2018-05-12 08:00:00,17.3,68,1.1,153.0,814.5
2018-05-12 09:00:00,19.8,58,4.5,360.0,816.3
2018-05-12 10:00:00,21.9,49,7.9,611.0,817.4
2018-05-12 11:00:00,23.8,39,11.4,801.0,818.0
2018-05-12 12:00:00,24.6,34,12.7,775.0,817.8
2018-05-12 13:00:00,25.4,32,11.8,863.0,817.1
2018-05-12 14:00:00,26.2,29,11.5,851.0,815.9
2018-05-12 15:00:00,25.7,30,8.2,713.0,814.7
2018-05-12 16:00:00,25.4,31,10.0,624.0,814.2
2018-05-12 17:00:00,23.6,38,13.4,398.0,813.5
2018-05-12 18:00:00,22.8,41,11.4,200.0,813.6
2018-05-12 19:00:00,21.5,48,10.7,130.0,814.1
2018-05-12 20:00:00,19.1,55,10.5,16.0,812.8
2018-05-12 21:00:00,18.5,60,8.7,0.0,814.5
2018-05-12 22:00:00,16.2,81,9.8,0.0,814.8
2018-05-12 23:00:00,15.9,84,4.7,0.0,815.4
2018-05-13 00:00:00,16.1,90,10.1,0.0,815.9
2018-05-13 01:00:00,15.3,94,6.5,0.0,815.0
2018-05-13 02:00:00,14.8,95,4.7,0.0,814.3
2018-05-13 03:00:00,14.1,96,4.8,0.0,813.6
2018-05-13 04:00:00,14.7,93,6.1,0.0,813.8
2018-05-13 05:00:00,14.1,98,2.7,0.0,813.8
2018-05-13 06:00:00,13.9,99,5.2,0.0,814.1
2018-05-13 07:00:00,13.9,100,4.7,2.0,814.0
2018-05-13 08:00:00,15.1,94,3.6,29.0,815.0
2018-05-13 09:00:00,15.8,97,5.0,153.0,815.8
2018-05-13 10:00:00,16.2,92,6.6,164.0,816.4
2018-05-13 11:00:00,17.9,88,7.3,436.0,817.2
2018-05-13 12:00:00,17.8,74,9.1,446.0,816.5
2018-05-13 13:00:00,18.7,69,9.0,499.0,816.2
2018-05-13 14:00:00,20.0,60,7.2,522.0,815.1
2018-05-13 15:00:00,17.4,80,11.8,334.0,814.2
2018-05-13 16:00:00,19.5,66,6.7,448.0,813.9
2018-05-13 17:00:00,20.6,59,8.1,531.0,813.2
2018-05-13 18:00:00,20.1,60,9.8,352.0,812.7
2018-05-13 19:00:00,19.5,62,7.4,151.0,812.7
2018-05-13 20:00:00,16.9,76,5.5,22.0,812.0
2018-05-13 21:00:00,16.3,79,6.6,0.0,811.9
2018-05-13 22:00:00,15.4,83,5.9,0.0,812.8
2018-05-13 23:00:00,15.5,84,6.8,0.0,813.4
2018-05-14 00:00:00,15.1,86,6.9,0.0,813.7
2018-05-14 01:00:00,14.5,88,6.4,0.0,813.2
2018-05-14 02:00:00,14.2,87,6.3,0.0,812.7
2018-05-14 03:00:00,13.9,88,7.0,0.0,812.3
2018-05-14 04:00:00,14.1,89,8.2,0.0,812.3
2018-05-14 05:00:00,13.8,90,7.9,0.0,811.9
2018-05-14 06:00:00,13.3,91,8.0,0.0,811.9
2018-05-14 07:00:00,13.6,91,8.8,13.0,812.4
2018-05-14 08:00:00,15.4,84,12.4,146.0,814.0
2018-05-14 09:00:00,17.5,70,17.0,324.0,814.8
2018-05-14 10:00:00,19.3,55,19.7,518.0,815.6
2018-05-14 11:00:00,20.4,50,21.7,654.0,815.5
2018-05-14 12:00:00,21.8,44,24.0,881.0,815.5
2018-05-14 13:00:00,22.1,43,24.4,843.0,814.9
2018-05-14 14:00:00,21.9,45,24.3,794.0,813.9
2018-05-14 15:00:00,22.5,43,21.5,722.0,813.0
2018-05-14 16:00:00,22.8,41,21.2,668.0,811.9
2018-05-14 17:00:00,23.0,40,21.7,604.0,811.0
2018-05-14 18:00:00,22.9,37,21.6,418.0,810.4
2018-05-14 19:00:00,21.3,46,14.7,194.0,809.9
2018-05-14 20:00:00,18.7,51,12.5,19.0,809.1
2018-05-14 21:00:00,17.8,58,13.5,0.0,809.3
2018-05-14 22:00:00,17.0,62,11.8,0.0,809.7
2018-05-14 23:00:00,16.3,69,10.8,0.0,810.1
2018-05-15 00:00:00,15.8,73,11.0,0.0,810.4
2018-05-15 01:00:00,15.2,78,9.2,0.0,809.9
2018-05-15 02:00:00,15.1,81,10.9,0.0,809.5
2018-05-15 03:00:00,14.8,85,11.2,0.0,808.8
2018-05-15 04:00:00,14.1,88,8.2,0.0,808.3
2018-05-15 05:00:00,13.3,90,6.5,0.0,807.8
2018-05-15 06:00:00,12.9,91,6.3,0.0,807.9
2018-05-15 07:00:00,13.6,89,7.1,14.0,808.6
2018-05-15 08:00:00,16.1,79,13.1,163.0,810.1
2018-05-15 09:00:00,18.4,63,20.3,388.0,811.5
2018-05-15 10:00:00,20.1,52,25.6,584.0,812.2
2018-05-15 11:00:00,21.6,45,27.1,716.0,812.7
2018-05-15 12:00:00,22.6,41,25.3,716.0,812.8
2018-05-15 13:00:00,22.2,43,23.6,509.0,812.5
2018-05-15 14:00:00,22.9,43,24.0,639.0,812.2
2018-05-15 15:00:00,23.1,39,22.5,430.0,811.4
2018-05-15 16:00:00,23.6,39,24.3,599.0,810.8
2018-05-15 17:00:00,23.9,36,23.9,591.0,810.0
2018-05-15 18:00:00,23.1,38,22.1,376.0,809.2
2018-05-15 19:00:00,22.5,37,18.5,202.0,808.9
2018-05-15 20:00:00,19.9,46,10.7,29.0,808.3
2018-05-15 21:00:00,18.6,51,8.7,0.0,808.2
2018-05-15 22:00:00,17.0,72,7.7,0.0,808.6
2018-05-15 23:00:00,16.4,77,8.4,0.0,809.2
2018-05-16 00:00:00,16.1,76,8.2,0.0,809.2
2018-05-16 01:00:00,15.6,76,7.6,0.0,808.8
2018-05-16 02:00:00,14.9,78,7.1,0.0,808.2
2018-05-16 03:00:00,14.4,81,6.9,0.0,807.5
2018-05-16 04:00:00,13.9,84,6.4,0.0,807.3
2018-05-16 05:00:00,13.1,86,7.4,0.0,806.8
2018-05-16 06:00:00,12.7,87,7.6,0.0,806.9
2018-05-16 07:00:00,14.1,83,5.6,15.0,808.3
2018-05-16 08:00:00,17.1,71,8.1,164.0,810.6
2018-05-16 09:00:00,19.4,62,15.2,391.0,811.8
2018-05-16 10:00:00,21.3,52,18.7,615.0,812.7
2018-05-16 11:00:00,23.0,46,18.5,801.0,813.2
2018-05-16 12:00:00,24.4,42,18.7,943.0,813.5
2018-05-16 13:00:00,25.4,39,19.1,1025.0,813.2
2018-05-16 14:00:00,26.2,35,20.5,991.0,812.6
2018-05-16 15:00:00,25.7,38,19.3,821.0,811.7
2018-05-16 16:00:00,25.7,37,18.7,734.0,810.9
2018-05-16 17:00:00,25.0,39,19.6,559.0,810.3
2018-05-16 18:00:00,24.1,41,17.3,385.0,809.9
2018-05-16 19:00:00,22.7,46,12.9,185.0,809.6
2018-05-16 20:00:00,20.4,55,13.0,28.0,808.9
2018-05-16 21:00:00,19.3,62,9.7,0.0,809.1
2018-05-16 22:00:00,18.3,65,8.3,0.0,809.4
2018-05-16 23:00:00,17.2,72,7.3,0.0,809.5
2018-05-17 00:00:00,16.7,76,7.8,0.0,809.9
2018-05-17 01:00:00,16.4,76,7.9,0.0,809.9
2018-05-17 02:00:00,16.1,78,7.9,0.0,809.5
2018-05-17 03:00:00,15.7,80,7.9,0.0,809.0
2018-05-17 04:00:00,15.0,84,7.3,0.0,808.6
2018-05-17 05:00:00,14.3,87,6.3,0.0,808.4
2018-05-17 06:00:00,13.5,88,6.8,0.0,808.1
2018-05-17 07:00:00,14.4,86,5.2,15.0,809.1
2018-05-17 08:00:00,17.1,77,9.8,166.0,811.5
2018-05-17 09:00:00,19.4,63,15.3,391.0,812.8
2018-05-17 10:00:00,21.4,51,17.4,609.0,813.5
2018-05-17 11:00:00,23.3,42,18.0,799.0,814.2
2018-05-17 12:00:00,24.8,38,17.6,945.0,814.4
2018-05-17 13:00:00,26.0,35,17.4,1022.0,814.2
2018-05-17 14:00:00,26.6,33,19.0,1020.0,813.6
2018-05-17 15:00:00,26.5,32,18.8,887.0,812.8
2018-05-17 16:00:00,26.2,33,18.4,718.0,811.7
2018-05-17 17:00:00,25.8,34,18.4,569.0,811.2
2018-05-17 18:00:00,24.8,37,13.6,333.0,810.6
2018-05-17 19:00:00,23.5,41,13.0,186.0,810.6
2018-05-17 20:00:00,21.0,47,9.5,28.0,809.1
2018-05-17 21:00:00,20.1,52,13.0,0.0,810.1
2018-05-17 22:00:00,18.6,61,8.7,0.0,810.1
2018-05-17 23:00:00,16.9,72,6.4,0.0,810.1
2018-05-18 00:00:00,16.0,80,7.1,0.0,810.1
2018-05-18 01:00:00,16.1,83,6.2,0.0,810.4
2018-05-18 02:00:00,15.9,83,6.3,0.0,810.3
2018-05-18 03:00:00,15.3,86,6.2,0.0,809.8
2018-05-18 04:00:00,14.5,89,7.4,0.0,809.2
2018-05-18 05:00:00,13.8,91,8.2,0.0,808.9
2018-05-18 06:00:00,13.4,92,8.1,0.0,808.9
2018-05-18 07:00:00,15.0,90,4.8,16.0,810.1
2018-05-18 08:00:00,17.6,77,6.3,164.0,812.1
2018-05-18 09:00:00,20.0,64,10.5,388.0,813.0
2018-05-18 10:00:00,22.0,51,13.9,604.0,813.8
2018-05-18 11:00:00,23.6,44,15.6,780.0,814.3
2018-05-18 12:00:00,25.0,39,16.1,880.0,814.4
2018-05-18 13:00:00,26.1,38,17.1,951.0,814.1
2018-05-18 14:00:00,26.2,38,17.3,918.0,813.3
2018-05-18 15:00:00,26.0,38,16.9,783.0,812.4
2018-05-18 16:00:00,25.9,38,16.4,743.0,811.4
2018-05-18 17:00:00,24.9,39,18.0,533.0,810.5
2018-05-18 18:00:00,23.9,44,16.9,264.0,810.1
2018-05-18 19:00:00,22.9,48,14.5,144.0,810.2
2018-05-18 20:00:00,21.7,47,11.5,22.0,809.6
2018-05-18 21:00:00,20.5,52,12.9,0.0,810.3
2018-05-18 22:00:00,19.0,65,10.3,0.0,810.9
2018-05-18 23:00:00,17.8,74,7.6,0.0,811.2
2018-05-19 00:00:00,17.0,80,6.6,0.0,811.4
2018-05-19 01:00:00,16.1,85,5.4,0.0,811.1
2018-05-19 02:00:00,15.7,87,5.9,0.0,810.7
2018-05-19 03:00:00,15.5,87,5.7,0.0,810.4
2018-05-19 04:00:00,15.0,89,5.6,0.0,810.2
2018-05-19 05:00:00,14.3,91,6.6,0.0,809.8
2018-05-19 06:00:00,13.6,93,7.4,0.0,809.4
2018-05-19 07:00:00,14.9,92,4.2,16.0,810.6
2018-05-19 08:00:00,17.4,80,10.0,164.0,812.3
2018-05-19 09:00:00,19.8,67,13.2,353.0,813.6
2018-05-19 10:00:00,21.4,59,14.3,507.0,814.3
2018-05-19 11:00:00,23.0,49,14.5,668.0,814.5
2018-05-19 12:00:00,24.5,43,14.4,829.0,814.8
2018-05-19 13:00:00,25.6,39,15.5,845.0,814.4
2018-05-19 14:00:00,26.6,36,15.7,879.0,813.7
2018-05-19 15:00:00,27.1,35,16.4,854.0,812.7
2018-05-19 16:00:00,27.0,35,17.7,763.0,811.7
2018-05-19 17:00:00,25.9,37,17.4,597.0,811.0
2018-05-19 18:00:00,25.2,38,18.8,359.0,810.5
2018-05-19 19:00:00,23.4,46,15.6,163.0,810.5
2018-05-19 20:00:00,22.2,46,12.2,28.0,809.7
2018-05-19 21:00:00,21.0,55,10.3,0.0,810.2
2018-05-19 22:00:00,20.0,63,11.2,0.0,810.9
2018-05-19 23:00:00,18.6,73,8.1,0.0,811.1
2018-05-20 00:00:00,18.0,79,8.4,0.0,811.7
2018-05-20 01:00:00,17.4,83,8.5,0.0,811.5
2018-05-20 02:00:00,16.6,87,6.6,0.0,811.1
2018-05-20 03:00:00,16.0,88,5.9,0.0,810.9
2018-05-20 04:00:00,15.3,90,5.6,0.0,810.5
2018-05-20 05:00:00,14.7,93,6.2,0.0,810.2
2018-05-20 06:00:00,13.9,94,7.6,0.0,809.8
2018-05-20 07:00:00,15.3,93,4.2,16.0,811.0
2018-05-20 08:00:00,17.9,81,10.8,165.0,812.8
2018-05-20 09:00:00,20.1,69,13.2,323.0,813.9
2018-05-20 10:00:00,22.1,57,14.8,537.0,814.9
2018-05-20 11:00:00,23.8,47,15.8,706.0,815.3
2018-05-20 12:00:00,25.4,40,15.9,822.0,815.4
2018-05-20 13:00:00,26.5,37,17.1,880.0,815.4
2018-05-20 14:00:00,27.2,35,16.8,868.0,814.7
2018-05-20 15:00:00,27.6,34,17.7,832.0,813.6
2018-05-20 16:00:00,27.5,34,18.0,733.0,812.5
2018-05-20 17:00:00,25.5,43,17.3,569.0,811.5
2018-05-20 18:00:00,26.0,35,15.7,358.0,811.4
2018-05-20 19:00:00,24.5,41,13.7,194.0,811.2
2018-05-20 20:00:00,22.6,45,11.1,28.0,810.5
2018-05-20 21:00:00,21.8,49,13.0,0.0,811.3
2018-05-20 22:00:00,20.5,60,11.4,0.0,811.9
2018-05-20 23:00:00,19.1,72,8.9,0.0,812.3
2018-05-21 00:00:00,18.4,77,8.7,0.0,812.5
2018-05-21 01:00:00,17.9,78,8.4,0.0,812.5
2018-05-21 02:00:00,17.1,83,6.2,0.0,811.9
2018-05-21 03:00:00,16.2,87,5.6,0.0,811.1
2018-05-21 04:00:00,15.6,89,6.4,0.0,810.9
2018-05-21 05:00:00,15.0,90,7.4,0.0,810.7
2018-05-21 06:00:00,14.5,92,7.7,0.0,810.5
2018-05-21 07:00:00,16.2,89,4.3,16.0,811.8
2018-05-21 08:00:00,18.6,79,10.2,164.0,813.8
2018-05-21 09:00:00,20.6,68,13.0,348.0,814.8
2018-05-21 10:00:00,22.4,58,13.5,530.0,815.7
2018-05-21 11:00:00,24.2,49,14.3,719.0,816.1
2018-05-21 12:00:00,25.7,44,14.4,832.0,816.0
2018-05-21 13:00:00,26.7,41,14.4,917.0,815.7
2018-05-21 14:00:00,27.2,39,14.7,878.0,815.0
2018-05-21 15:00:00,27.8,36,15.7,850.0,814.1
2018-05-21 16:00:00,27.8,35,16.0,735.0,813.1
2018-05-21 17:00:00,24.9,44,19.3,580.0,812.5
2018-05-21 18:00:00,25.9,39,16.9,364.0,812.6
2018-05-21 19:00:00,24.2,45,15.3,166.0,812.7
2018-05-21 20:00:00,22.9,50,10.5,26.0,811.7
2018-05-21 21:00:00,21.8,55,12.6,0.0,812.5
2018-05-21 22:00:00,21.1,60,11.1,0.0,813.0
2018-05-21 23:00:00,20.2,69,10.5,0.0,813.7
2018-05-22 00:00:00,19.5,74,10.0,0.0,813.9
2018-05-22 01:00:00,18.8,77,8.0,0.0,813.7
2018-05-22 02:00:00,18.1,81,6.1,0.0,813.2
2018-05-22 03:00:00,17.6,84,5.8,0.0,813.0
2018-05-22 04:00:00,16.8,89,5.0,0.0,812.6
2018-05-22 05:00:00,16.2,91,5.7,0.0,812.5
2018-05-22 06:00:00,15.7,93,6.1,0.0,812.6
2018-05-22 07:00:00,17.0,90,3.5,16.0,813.7
2018-05-22 08:00:00,18.7,80,5.9,148.0,815.4
2018-05-22 09:00:00,20.8,67,8.9,334.0,816.8
2018-05-22 10:00:00,22.1,60,8.9,515.0,817.5
2018-05-22 11:00:00,23.2,55,9.3,647.0,817.9
2018-05-22 12:00:00,24.5,50,10.3,706.0,817.7
2018-05-22 13:00:00,25.5,45,11.9,776.0,817.3
2018-05-22 14:00:00,25.4,44,11.6,696.0,816.2
2018-05-22 15:00:00,25.9,40,15.5,761.0,815.8
2018-05-22 16:00:00,23.9,52,12.9,604.0,815.1
2018-05-22 17:00:00,24.9,48,12.9,418.0,814.8
2018-05-22 18:00:00,22.2,63,11.7,303.0,814.5
2018-05-22 19:00:00,19.8,77,12.2,127.0,814.8
2018-05-22 20:00:00,19.8,71,20.4,15.0,814.6
2018-05-22 21:00:00,19.7,73,14.6,0.0,815.6
2018-05-22 22:00:00,18.6,82,13.5,0.0,816.4
2018-05-22 23:00:00,17.9,89,12.7,0.0,816.8
2018-05-23 00:00:00,17.1,94,11.9,0.0,816.9
2018-05-23 01:00:00,16.4,92,13.2,0.0,816.4
2018-05-23 02:00:00,15.1,89,7.9,0.0,815.3
2018-05-23 03:00:00,14.9,88,8.9,0.0,815.1
2018-05-23 04:00:00,14.0,96,9.4,0.0,814.4
2018-05-23 05:00:00,14.3,96,7.2,0.0,814.5
2018-05-23 06:00:00,14.5,97,6.2,0.0,814.6
2018-05-23 07:00:00,14.9,91,5.6,7.0,815.1
2018-05-23 08:00:00,16.1,89,2.3,50.0,815.7
2018-05-23 09:00:00,17.5,89,3.1,145.0,816.6
2018-05-23 10:00:00,18.4,94,7.2,221.0,817.1
2018-05-23 11:00:00,19.8,83,9.6,379.0,817.4
2018-05-23 12:00:00,21.4,71,9.1,564.0,817.4
2018-05-23 13:00:00,22.5,68,12.4,656.0,816.6
2018-05-23 14:00:00,19.9,76,11.3,560.0,815.0
2018-05-23 15:00:00,23.1,55,12.5,594.0,814.5
2018-05-23 16:00:00,22.8,54,14.2,326.0,814.0
2018-05-23 17:00:00,23.2,52,18.7,400.0,813.5
2018-05-23 18:00:00,21.5,63,12.0,262.0,812.7
2018-05-23 19:00:00,20.9,66,5.8,141.0,812.5
2018-05-23 20:00:00,20.6,63,9.4,28.0,811.6
2018-05-23 21:00:00,20.6,64,14.6,0.0,812.2
2018-05-23 22:00:00,19.7,68,13.2,0.0,812.4
2018-05-23 23:00:00,19.0,71,12.9,0.0,812.9
2018-05-24 00:00:00,18.2,76,9.9,0.0,812.9
2018-05-24 01:00:00,17.5,82,8.9,0.0,812.4
2018-05-24 02:00:00,17.2,85,8.7,0.0,812.1
2018-05-24 03:00:00,16.9,88,8.7,0.0,811.6
2018-05-24 04:00:00,17.0,87,10.0,0.0,811.4
2018-05-24 05:00:00,17.1,87,10.5,0.0,811.3
2018-05-24 06:00:00,16.8,88,9.9,0.0,811.3
2018-05-24 07:00:00,17.1,87,12.2,10.0,811.8
2018-05-24 08:00:00,17.2,88,12.8,89.0,812.5
2018-05-24 09:00:00,19.1,77,17.1,218.0,813.2
2018-05-24 10:00:00,21.0,65,19.2,422.0,814.0
2018-05-24 11:00:00,22.1,59,20.9,450.0,814.3
2018-05-24 12:00:00,23.8,53,20.6,702.0,814.5
2018-05-24 13:00:00,25.3,47,21.7,872.0,814.2
2018-05-24 14:00:00,25.7,44,21.7,833.0,813.3
2018-05-24 15:00:00,25.5,44,21.3,723.0,812.2
2018-05-24 16:00:00,25.2,46,20.3,582.0,811.1
2018-05-24 17:00:00,25.2,45,20.3,443.0,810.7
2018-05-24 18:00:00,23.9,51,17.4,202.0,810.2
2018-05-24 19:00:00,22.9,56,14.5,138.0,810.2
2018-05-24 20:00:00,21.6,61,16.4,26.0,809.5
2018-05-24 21:00:00,20.8,65,16.3,0.0,809.9
2018-05-24 22:00:00,19.9,71,15.9,0.0,810.2
2018-05-24 23:00:00,19.0,77,14.4,0.0,810.6
2018-05-25 00:00:00,18.4,82,14.3,0.0,810.6
2018-05-25 01:00:00,17.7,86,13.3,0.0,810.3
2018-05-25 02:00:00,17.2,89,12.2,0.0,809.9
2018-05-25 03:00:00,16.8,93,11.7,0.0,809.4
2018-05-25 04:00:00,16.7,94,12.3,0.0,809.1
2018-05-25 05:00:00,16.9,93,13.3,0.0,809.2
2018-05-25 06:00:00,16.8,93,12.3,0.0,809.6
2018-05-25 07:00:00,17.0,91,11.0,11.0,809.9
2018-05-25 08:00:00,18.1,85,14.1,119.0,811.0
2018-05-25 09:00:00,20.3,69,21.3,324.0,812.2
2018-05-25 10:00:00,22.3,57,23.8,489.0,812.8
2018-05-25 11:00:00,24.0,49,24.6,567.0,813.1
2018-05-25 12:00:00,25.4,44,24.2,669.0,813.3
2018-05-25 13:00:00,25.2,45,21.7,502.0,812.7
2018-05-25 14:00:00,25.0,48,21.6,450.0,811.9
2018-05-25 15:00:00,25.5,46,18.4,441.0,811.2
2018-05-25 16:00:00,27.3,39,18.7,645.0,810.8
2018-05-25 17:00:00,26.7,39,17.2,413.0,810.2
2018-05-25 18:00:00,26.0,42,15.5,214.0,809.9
2018-05-25 19:00:00,24.5,50,14.3,137.0,810.0
2018-05-25 20:00:00,22.5,57,13.6,27.0,809.3
2018-05-25 21:00:00,21.4,63,12.1,0.0,809.6
2018-05-25 22:00:00,20.5,68,11.2,0.0,810.1
2018-05-25 23:00:00,19.4,76,7.6,0.0,810.4
2018-05-26 00:00:00,18.6,84,6.5,0.0,810.5
2018-05-26 01:00:00,17.9,88,5.8,0.0,810.2
2018-05-26 02:00:00,17.4,90,5.5,0.0,809.9
2018-05-26 03:00:00,17.1,92,5.3,0.0,809.8
2018-05-26 04:00:00,16.7,93,5.1,0.0,809.6
2018-05-26 05:00:00,16.2,94,5.6,0.0,809.7
2018-05-26 06:00:00,15.6,95,6.6,0.0,809.7
2018-05-26 07:00:00,17.0,93,3.4,16.0,811.1
2018-05-26 08:00:00,18.3,84,8.3,134.0,812.6
2018-05-26 09:00:00,20.3,71,8.9,285.0,814.0
2018-05-26 10:00:00,22.0,60,8.2,429.0,814.6
2018-05-26 11:00:00,22.9,57,8.7,489.0,815.0
2018-05-26 12:00:00,24.7,52,8.8,709.0,815.5
2018-05-26 13:00:00,26.1,47,8.7,854.0,815.4
2018-05-26 14:00:00,26.9,44,8.3,920.0,814.9
2018-05-26 15:00:00,26.5,45,11.2,808.0,813.7
2018-05-26 16:00:00,24.6,51,5.7,481.0,812.6
2018-05-26 17:00:00,25.0,48,4.7,349.0,812.6
2018-05-26 18:00:00,21.8,65,11.2,223.0,812.5
2018-05-26 19:00:00,21.2,70,11.6,120.0,813.2
2018-05-26 20:00:00,20.5,77,5.4,18.0,811.8
2018-05-26 21:00:00,18.7,90,14.0,0.0,813.4
2018-05-26 22:00:00,17.8,97,6.9,0.0,813.9
2018-05-26 23:00:00,17.6,97,9.7,0.0,814.5
2018-05-27 00:00:00,16.5,97,18.1,0.0,814.4
2018-05-27 01:00:00,14.5,94,15.8,0.0,813.8
2018-05-27 02:00:00,14.6,95,7.6,0.0,813.6
2018-05-27 03:00:00,14.4,94,13.1,0.0,813.5
2018-05-27 04:00:00,14.4,95,6.4,0.0,813.7
2018-05-27 05:00:00,13.8,94,7.8,0.0,813.6
2018-05-27 06:00:00,13.4,94,7.2,0.0,813.8
2018-05-27 07:00:00,13.2,94,7.9,6.0,814.3
2018-05-27 08:00:00,13.4,89,14.3,48.0,814.8
2018-05-27 09:00:00,14.6,82,12.3,175.0,816.3
2018-05-27 10:00:00,14.8,77,10.4,208.0,817.0
2018-05-27 11:00:00,15.5,74,15.7,286.0,817.3
2018-05-27 12:00:00,17.3,65,19.0,497.0,817.6
2018-05-27 13:00:00,18.0,62,17.8,511.0,817.8
2018-05-27 14:00:00,17.0,64,15.7,252.0,816.6
2018-05-27 15:00:00,17.7,62,17.7,363.0,815.8
2018-05-27 16:00:00,18.6,59,17.5,458.0,815.4
2018-05-27 17:00:00,17.9,62,14.8,273.0,814.6
2018-05-27 18:00:00,17.4,63,12.6,186.0,814.6
2018-05-27 19:00:00,16.8,64,13.0,97.0,814.7
2018-05-27 20:00:00,16.4,66,11.5,17.0,814.8
2018-05-27 21:00:00,15.9,66,11.4,0.0,815.3
2018-05-27 22:00:00,15.2,68,9.6,0.0,815.8
2018-05-27 23:00:00,14.7,69,9.4,0.0,816.0
2018-05-28 00:00:00,14.5,69,9.1,0.0,815.9
2018-05-28 01:00:00,14.3,69,8.2,0.0,815.4
2018-05-28 02:00:00,13.8,70,6.5,0.0,814.7
2018-05-28 03:00:00,13.8,71,5.5,0.0,814.2
2018-05-28 04:00:00,14.0,69,6.0,0.0,813.9
2018-05-28 05:00:00,13.9,70,6.0,0.0,813.6
2018-05-28 06:00:00,13.9,70,5.8,0.0,813.7
2018-05-28 07:00:00,14.0,71,5.2,7.0,813.9
2018-05-28 08:00:00,13.6,73,7.0,36.0,814.5
2018-05-28 09:00:00,14.4,75,7.2,104.0,815.0
2018-05-28 10:00:00,15.4,76,5.8,140.0,815.7
2018-05-28 11:00:00,16.2,77,4.2,155.0,815.9
2018-05-28 12:00:00,17.3,75,6.5,174.0,816.0
2018-05-28 13:00:00,17.9,74,7.9,189.0,815.6
2018-05-28 14:00:00,18.6,72,8.6,259.0,814.8
2018-05-28 15:00:00,19.4,70,7.3,308.0,814.4
2018-05-28 16:00:00,20.4,67,6.9,428.0,813.6
2018-05-28 17:00:00,20.9,65,10.8,452.0,813.1
2018-05-28 18:00:00,20.5,66,11.5,271.0,812.8
2018-05-28 19:00:00,19.7,72,9.7,132.0,812.8
2018-05-28 20:00:00,17.6,86,10.6,28.0,812.7
2018-05-28 21:00:00,17.2,91,8.3,0.0,813.4
2018-05-28 22:00:00,16.9,93,8.4,0.0,814.0
2018-05-28 23:00:00,16.7,95,8.1,0.0,814.1
2018-05-29 00:00:00,15.5,98,5.5,0.0,813.8
2018-05-29 01:00:00,15.6,98,6.6,0.0,813.3
2018-05-29 02:00:00,15.5,98,6.3,0.0,812.9
2018-05-29 03:00:00,14.7,99,5.8,0.0,812.0
2018-05-29 04:00:00,15.2,100,6.4,0.0,812.3
2018-05-29 05:00:00,15.9,98,7.1,0.0,812.5
2018-05-29 06:00:00,16.1,98,8.1,0.0,812.8
2018-05-29 07:00:00,16.2,97,6.9,7.0,813.1
2018-05-29 08:00:00,16.7,95,7.2,38.0,813.8
2018-05-29 09:00:00,17.3,96,9.0,114.0,814.3
2018-05-29 10:00:00,17.8,93,12.2,222.0,814.7
2018-05-29 11:00:00,18.9,87,13.3,376.0,815.4
2018-05-29 12:00:00,20.1,79,14.2,451.0,815.5
2018-05-29 13:00:00,18.6,79,16.1,425.0,814.6
2018-05-29 14:00:00,18.4,85,9.4,148.0,813.7
2018-05-29 15:00:00,21.1,77,7.7,606.0,813.8
2018-05-29 16:00:00,21.7,74,7.2,627.0,813.2
2018-05-29 17:00:00,18.9,77,16.1,342.0,812.4
2018-05-29 18:00:00,17.2,96,7.4,21.0,811.6
2018-05-29 19:00:00,18.5,90,9.8,149.0,813.0
2018-05-29 20:00:00,17.5,89,5.1,17.0,812.9
2018-05-29 21:00:00,16.6,96,5.4,0.0,812.9
2018-05-29 22:00:00,16.5,96,4.9,0.0,813.5
2018-05-29 23:00:00,16.4,97,5.4,0.0,814.1
2018-05-30 00:00:00,15.9,97,6.0,0.0,813.9
2018-05-30 01:00:00,16.1,98,5.6,0.0,813.8
2018-05-30 02:00:00,15.9,98,4.7,0.0,813.3
2018-05-30 03:00:00,15.9,98,5.0,0.0,813.0
2018-05-30 04:00:00,15.9,98,5.6,0.0,812.7
2018-05-30 05:00:00,16.1,97,7.9,0.0,812.8
2018-05-30 06:00:00,16.3,95,9.8,0.0,812.9
2018-05-30 07:00:00,16.2,94,11.4,9.0,813.2
2018-05-30 08:00:00,16.6,98,10.5,81.0,814.2
2018-05-30 09:00:00,17.9,93,14.1,245.0,815.1
2018-05-30 10:00:00,19.0,82,15.7,380.0,815.9
2018-05-30 11:00:00,19.6,75,16.1,333.0,816.1
2018-05-30 12:00:00,20.4,70,16.7,451.0,815.9
2018-05-30 13:00:00,21.0,67,17.2,500.0,815.5
2018-05-30 14:00:00,21.5,66,17.4,557.0,815.0
2018-05-30 15:00:00,22.7,59,16.1,691.0,814.2
2018-05-30 16:00:00,22.6,58,16.9,474.0,813.5
2018-05-30 17:00:00,22.3,60,14.7,268.0,813.1
2018-05-30 18:00:00,20.7,73,8.6,162.0,812.9
2018-05-30 19:00:00,19.8,79,4.3,81.0,813.4
2018-05-30 20:00:00,17.9,85,6.1,22.0,813.4
2018-05-30 21:00:00,17.6,89,5.2,0.0,813.3
2018-05-30 22:00:00,18.0,89,10.4,0.0,814.4
2018-05-30 23:00:00,17.7,90,9.4,0.0,814.8
2018-05-31 00:00:00,16.8,97,6.7,0.0,814.4
2018-05-31 01:00:00,16.5,97,6.1,0.0,813.7
2018-05-31 02:00:00,16.3,97,8.0,0.0,813.4
2018-05-31 03:00:00,16.1,97,10.1,0.0,813.1
2018-05-31 04:00:00,16.1,96,10.5,0.0,812.9
2018-05-31 05:00:00,16.0,97,10.4,0.0,812.8
2018-05-31 06:00:00,15.8,97,9.4,0.0,812.6
2018-05-31 07:00:00,15.9,99,10.9,3.0,813.0
2018-05-31 08:00:00,16.4,97,13.6,25.0,813.9
2018-05-31 09:00:00,16.3,98,13.6,42.0,814.2
2018-05-31 10:00:00,16.7,98,14.2,83.0,815.2
2018-05-31 11:00:00,17.1,97,13.9,134.0,815.5
2018-05-31 12:00:00,17.5,95,12.6,170.0,815.7
2018-05-31 13:00:00,19.5,83,13.0,303.0,816.2
2018-05-31 14:00:00,21.4,71,13.3,595.0,816.0
2018-05-31 15:00:00,22.7,65,14.0,732.0,815.6
2018-05-31 16:00:00,22.1,67,9.7,569.0,814.8
2018-05-31 17:00:00,21.8,68,8.6,338.0,814.2
2018-05-31 18:00:00,20.1,78,9.6,270.0,814.0
2018-05-31 19:00:00,19.6,87,4.8,120.0,813.9
2018-05-31 20:00:00,20.7,67,2.6,25.0,814.3
2018-05-31 21:00:00,20.3,69,3.0,0.0,814.7
2018-05-31 22:00:00,19.6,74,3.4,0.0,815.3
2018-05-31 23:00:00,17.3,88,3.1,0.0,814.6
2018-06-01 00:00:00,16.4,96,4.4,0.0,814.6
2018-06-01 01:00:00,15.6,97,3.1,0.0,814.8
2018-06-01 02:00:00,15.4,99,2.7,0.0,814.3
2018-06-01 03:00:00,15.2,99,3.9,0.0,813.7
2018-06-01 04:00:00,15.2,98,3.2,0.0,813.3
2018-06-01 05:00:00,15.6,99,1.4,0.0,813.6
2018-06-01 06:00:00,15.8,98,2.4,0.0,813.5
2018-06-01 07:00:00,16.4,94,3.0,7.0,814.3
2018-06-01 08:00:00,17.3,94,2.6,95.0,815.2
2018-06-01 09:00:00,18.6,91,4.1,231.0,816.2
2018-06-01 10:00:00,19.8,85,6.1,398.0,817.0
2018-06-01 11:00:00,21.4,78,7.2,588.0,817.3
2018-06-01 12:00:00,22.5,71,9.4,666.0,817.1
2018-06-01 13:00:00,23.5,66,10.5,678.0,816.6
2018-06-01 14:00:00,24.1,64,11.9,583.0,816.0
2018-06-01 15:00:00,23.9,58,14.0,751.0,815.3
2018-06-01 16:00:00,23.5,64,11.2,574.0,814.3
2018-06-01 17:00:00,22.6,72,11.3,442.0,813.7
2018-06-01 18:00:00,23.0,66,11.1,299.0,813.5
2018-06-01 19:00:00,20.7,80,6.9,162.0,813.9
2018-06-01 20:00:00,20.3,77,8.8,25.0,813.1
2018-06-01 21:00:00,19.7,83,10.9,0.0,814.1
2018-06-01 22:00:00,18.9,87,7.7,0.0,814.2
2018-06-01 23:00:00,18.3,91,7.9,0.0,814.7
2018-06-02 00:00:00,16.2,97,5.9,0.0,814.5
2018-06-02 01:00:00,16.1,95,5.2,0.0,814.2
2018-06-02 02:00:00,15.2,97,6.1,0.0,813.7
2018-06-02 03:00:00,16.0,98,4.6,0.0,814.2
2018-06-02 04:00:00,16.0,98,2.2,0.0,814.1
2018-06-02 05:00:00,16.3,99,4.0,0.0,814.1
2018-06-02 06:00:00,16.1,99,3.6,0.0,814.1
2018-06-02 07:00:00,16.1,100,5.2,5.0,814.7
2018-06-02 08:00:00,16.8,96,1.8,69.0,815.2
2018-06-02 09:00:00,17.6,95,0.5,113.0,816.0
2018-06-02 10:00:00,18.4,92,1.6,190.0,816.4
2018-06-02 11:00:00,19.4,87,4.3,371.0,816.9
2018-06-02 12:00:00,20.6,77,5.0,425.0,816.6
2018-06-02 13:00:00,21.3,73,4.0,602.0,816.3
2018-06-02 14:00:00,22.1,69,10.1,754.0,815.7
2018-06-02 15:00:00,23.2,64,9.9,810.0,815.1
2018-06-02 16:00:00,22.7,59,12.2,527.0,814.6
2018-06-02 17:00:00,20.4,76,15.6,324.0,813.9
2018-06-02 18:00:00,19.6,79,10.8,180.0,813.8
2018-06-02 19:00:00,19.3,80,8.4,60.0,813.9
2018-06-02 20:00:00,17.8,89,7.3,19.0,813.9
2018-06-02 21:00:00,17.3,91,6.8,0.0,814.2
2018-06-02 22:00:00,16.5,94,4.6,0.0,814.1
2018-06-02 23:00:00,17.0,91,5.7,0.0,815.2
2018-06-03 00:00:00,16.9,92,8.1,0.0,815.3
2018-06-03 01:00:00,16.4,97,6.9,0.0,814.4
2018-06-03 02:00:00,16.4,98,5.9,0.0,814.1
2018-06-03 03:00:00,16.4,97,4.8,0.0,813.6
2018-06-03 04:00:00,16.3,99,4.9,0.0,813.1
2018-06-03 05:00:00,16.4,100,5.6,0.0,812.9
2018-06-03 06:00:00,16.4,100,8.7,0.0,812.5
2018-06-03 07:00:00,16.6,100,10.5,4.0,812.7
2018-06-03 08:00:00,17.0,98,7.7,35.0,813.4
2018-06-03 09:00:00,18.3,96,6.9,195.0,814.1
2018-06-03 10:00:00,19.0,93,8.3,268.0,814.5
2018-06-03 11:00:00,19.6,88,8.8,323.0,814.6
2018-06-03 12:00:00,20.8,81,10.5,436.0,814.5
2018-06-03 13:00:00,21.6,77,11.0,554.0,814.1
2018-06-03 14:00:00,21.7,76,9.4,625.0,813.3
2018-06-03 15:00:00,22.9,67,10.6,681.0,812.8
2018-06-03 16:00:00,22.8,70,9.4,579.0,812.1
2018-06-03 17:00:00,21.0,77,9.8,456.0,811.6
2018-06-03 18:00:00,19.6,90,7.5,134.0,811.4
2018-06-03 19:00:00,19.1,91,8.0,82.0,811.9
2018-06-03 20:00:00,17.9,97,5.9,18.0,811.2
2018-06-03 21:00:00,16.9,98,5.4,0.0,811.4
2018-06-03 22:00:00,16.4,98,5.4,0.0,811.9
2018-06-03 23:00:00,16.0,98,6.5,0.0,812.2
2018-06-04 00:00:00,16.9,97,5.0,0.0,813.2
2018-06-04 01:00:00,16.7,98,4.7,0.0,813.0
2018-06-04 02:00:00,16.6,98,5.2,0.0,812.6
2018-06-04 03:00:00,16.4,98,3.1,0.0,812.6
2018-06-04 04:00:00,16.9,92,1.4,0.0,812.4
2018-06-04 05:00:00,15.7,98,3.7,0.0,812.4
2018-06-04 06:00:00,15.7,99,10.5,0.0,812.4
2018-06-04 07:00:00,15.4,99,16.3,5.0,813.1
2018-06-04 08:00:00,13.8,94,13.4,24.0,813.5
2018-06-04 09:00:00,14.0,96,14.0,53.0,814.1
2018-06-04 10:00:00,15.1,89,15.9,119.0,814.6
2018-06-04 11:00:00,16.2,79,18.1,274.0,815.4
2018-06-04 12:00:00,16.5,74,17.4,208.0,815.2
2018-06-04 13:00:00,18.5,66,18.9,496.0,815.6
2018-06-04 14:00:00,19.8,62,18.5,527.0,815.1
2018-06-04 15:00:00,20.1,60,21.4,505.0,814.5
2018-06-04 16:00:00,19.0,63,20.3,325.0,814.1
2018-06-04 17:00:00,18.6,63,18.6,310.0,813.9
2018-06-04 18:00:00,18.1,64,16.2,199.0,813.9
2018-06-04 19:00:00,17.6,65,11.0,75.0,814.1
2018-06-04 20:00:00,16.2,66,13.0,13.0,814.7
2018-06-04 21:00:00,15.7,69,13.0,0.0,814.9
2018-06-04 22:00:00,15.2,74,11.9,0.0,815.4
2018-06-04 23:00:00,14.8,76,9.9,0.0,815.6
2018-06-05 00:00:00,14.5,78,9.4,0.0,815.5
2018-06-05 01:00:00,14.2,80,9.2,0.0,815.0
2018-06-05 02:00:00,13.9,82,8.2,0.0,814.3
2018-06-05 03:00:00,13.9,82,7.7,0.0,814.3
2018-06-05 04:00:00,13.7,82,7.9,0.0,814.0
2018-06-05 05:00:00,13.7,82,8.0,0.0,813.8
2018-06-05 06:00:00,14.0,82,4.8,0.0,814.1
2018-06-05 07:00:00,13.9,95,2.5,2.0,814.5
2018-06-05 08:00:00,14.1,90,4.3,22.0,815.5
2018-06-05 09:00:00,14.6,86,4.2,65.0,815.9
2018-06-05 10:00:00,15.4,77,6.4,146.0,816.3
2018-06-05 11:00:00,17.9,66,7.1,619.0,817.1
2018-06-05 12:00:00,20.2,57,6.5,928.0,817.3
2018-06-05 13:00:00,21.7,52,6.1,998.0,817.0
2018-06-05 14:00:00,23.0,49,7.0,965.0,816.6
2018-06-05 15:00:00,23.1,49,5.3,707.0,815.6
2018-06-05 16:00:00,23.4,48,3.4,708.0,815.0
2018-06-05 17:00:00,22.6,51,1.5,322.0,814.4
2018-06-05 18:00:00,22.4,53,4.1,287.0,814.1
2018-06-05 19:00:00,21.2,63,5.0,183.0,813.8
2018-06-05 20:00:00,19.4,63,5.0,31.0,813.3
2018-06-05 21:00:00,17.9,71,3.4,0.0,813.0
2018-06-05 22:00:00,17.4,71,2.6,0.0,813.1
2018-06-05 23:00:00,15.9,78,3.3,0.0,812.9
2018-06-06 00:00:00,14.2,84,6.8,0.0,812.5
2018-06-06 01:00:00,14.4,81,5.6,0.0,812.9
2018-06-06 02:00:00,14.2,82,3.6,0.0,812.7
2018-06-06 03:00:00,12.9,86,4.3,0.0,811.7
2018-06-06 04:00:00,12.9,86,4.4,0.0,811.7
2018-06-06 05:00:00,12.1,89,4.5,0.0,810.9
2018-06-06 06:00:00,11.5,91,4.2,0.0,810.7
2018-06-06 07:00:00,13.0,87,4.2,21.0,811.9
2018-06-06 08:00:00,16.7,77,3.6,180.0,814.5
2018-06-06 09:00:00,19.5,68,1.5,399.0,816.0
2018-06-06 10:00:00,21.5,61,2.4,618.0,816.5
2018-06-06 11:00:00,23.2,54,3.1,807.0,816.7
2018-06-06 12:00:00,24.4,47,1.6,938.0,816.8
2018-06-06 13:00:00,25.3,44,1.6,1012.0,816.4
2018-06-06 14:00:00,25.8,41,2.6,946.0,815.4
2018-06-06 15:00:00,26.3,39,1.4,911.0,814.7
2018-06-06 16:00:00,26.3,38,4.7,662.0,814.1
2018-06-06 17:00:00,25.7,41,11.3,591.0,813.5
2018-06-06 18:00:00,24.1,49,13.2,366.0,813.0
2018-06-06 19:00:00,22.7,57,5.9,194.0,812.5
2018-06-06 20:00:00,20.0,64,11.1,43.0,810.5
2018-06-06 21:00:00,18.5,69,9.5,0.0,810.5
2018-06-06 22:00:00,21.2,56,4.7,0.0,812.2
2018-06-06 23:00:00,20.4,58,2.8,0.0,812.9
2018-06-07 00:00:00,15.8,77,8.5,0.0,811.2
2018-06-07 01:00:00,15.4,77,7.6,0.0,811.1
2018-06-07 02:00:00,14.9,81,6.8,0.0,811.0
2018-06-07 03:00:00,14.0,86,6.7,0.0,810.6
2018-06-07 04:00:00,14.0,87,5.6,0.0,810.7
2018-06-07 05:00:00,13.8,88,5.8,0.0,810.7
2018-06-07 06:00:00,13.8,89,5.5,0.0,811.0
2018-06-07 07:00:00,14.8,86,6.0,19.0,812.1
2018-06-07 08:00:00,17.2,78,6.1,153.0,814.4
2018-06-07 09:00:00,19.2,69,7.6,337.0,815.5
2018-06-07 10:00:00,20.6,65,8.6,521.0,816.2
2018-06-07 11:00:00,22.0,59,6.6,712.0,816.1
2018-06-07 12:00:00,22.7,56,7.0,685.0,815.8
2018-06-07 13:00:00,23.8,51,7.5,841.0,815.2
2018-06-07 14:00:00,24.7,47,9.4,930.0,814.4
2018-06-07 15:00:00,25.0,45,11.1,840.0,813.6
2018-06-07 16:00:00,25.1,44,11.0,732.0,812.8
2018-06-07 17:00:00,24.8,44,11.2,546.0,812.0
2018-06-07 18:00:00,24.2,44,10.2,373.0,811.8
2018-06-07 19:00:00,22.4,60,4.6,195.0,811.2
2018-06-07 20:00:00,19.6,67,11.5,40.0,809.9
2018-06-07 21:00:00,19.1,63,8.5,0.0,809.9
2018-06-07 22:00:00,19.4,55,8.4,0.0,811.0
2018-06-07 23:00:00,18.3,63,8.2,0.0,811.9
2018-06-08 00:00:00,17.3,72,6.3,0.0,812.1
2018-06-08 01:00:00,16.3,79,6.2,0.0,811.8
2018-06-08 02:00:00,15.9,81,5.9,0.0,811.2
2018-06-08 03:00:00,14.9,83,6.4,0.0,809.9
2018-06-08 04:00:00,14.5,83,6.6,0.0,809.4
2018-06-08 05:00:00,14.1,83,6.6,0.0,809.0
2018-06-08 06:00:00,13.6,85,5.9,0.0,808.6
2018-06-08 07:00:00,14.9,79,4.2,20.0,809.9
2018-06-08 08:00:00,17.3,73,4.2,171.0,811.5
2018-06-08 09:00:00,19.3,65,4.1,354.0,812.7
2018-06-08 10:00:00,21.1,63,6.5,583.0,813.4
2018-06-08 11:00:00,22.1,62,9.4,666.0,813.3
2018-06-08 12:00:00,22.8,60,8.3,765.0,812.9
2018-06-08 13:00:00,23.3,59,9.0,818.0,812.2
2018-06-08 14:00:00,23.9,58,7.3,802.0,811.5
2018-06-08 15:00:00,24.6,55,8.8,789.0,810.9
2018-06-08 16:00:00,25.3,52,11.3,709.0,810.4
2018-06-08 17:00:00,23.6,60,12.4,541.0,809.6
2018-06-08 18:00:00,21.8,77,8.4,284.0,809.6
2018-06-08 19:00:00,20.8,83,8.4,93.0,809.9
2018-06-08 20:00:00,19.3,92,4.9,18.0,809.8
2018-06-08 21:00:00,18.4,96,4.1,0.0,810.6
2018-06-08 22:00:00,18.0,98,6.6,0.0,810.8
2018-06-08 23:00:00,17.9,98,7.6,0.0,811.5
2018-06-09 00:00:00,16.9,97,12.8,0.0,811.0
2018-06-09 01:00:00,15.6,96,15.8,0.0,810.1
2018-06-09 02:00:00,14.9,95,13.2,0.0,809.8
2018-06-09 03:00:00,14.9,96,6.8,0.0,809.1
2018-06-09 04:00:00,14.8,95,5.1,0.0,809.1
2018-06-09 05:00:00,14.3,95,10.2,0.0,808.9
2018-06-09 06:00:00,14.1,96,12.0,0.0,809.1
2018-06-09 07:00:00,14.2,96,10.5,6.0,809.6
2018-06-09 08:00:00,14.3,91,12.0,55.0,811.0
2018-06-09 09:00:00,15.1,88,12.0,56.0,811.5
2018-06-09 10:00:00,16.6,82,11.8,237.0,812.3
2018-06-09 11:00:00,19.5,69,15.5,606.0,813.1
2018-06-09 12:00:00,19.8,68,16.5,443.0,812.8
2018-06-09 13:00:00,19.4,71,14.8,273.0,811.8
2018-06-09 14:00:00,20.7,67,15.1,484.0,811.0
2018-06-09 15:00:00,21.1,66,12.6,459.0,810.4
2018-06-09 16:00:00,20.9,69,12.0,364.0,809.9
2018-06-09 17:00:00,21.0,67,12.1,426.0,809.8
2018-06-09 18:00:00,20.6,70,10.2,265.0,809.4
2018-06-09 19:00:00,19.9,76,9.2,124.0,809.7
2018-06-09 20:00:00,18.6,85,6.1,18.0,809.2
2018-06-09 21:00:00,18.2,86,7.2,0.0,810.4
2018-06-09 22:00:00,16.8,97,5.9,0.0,810.4
2018-06-09 23:00:00,17.2,97,3.8,0.0,811.2
2018-06-10 00:00:00,17.1,98,3.2,0.0,811.2
2018-06-10 01:00:00,16.8,98,4.4,0.0,810.5
2018-06-10 02:00:00,16.9,98,2.8,0.0,810.2
2018-06-10 03:00:00,16.7,99,2.9,0.0,809.8
2018-06-10 04:00:00,16.6,98,3.6,0.0,809.3
2018-06-10 05:00:00,16.6,97,3.2,0.0,809.3
2018-06-10 06:00:00,16.2,98,2.9,0.0,809.2
2018-06-10 07:00:00,16.7,98,2.3,9.0,809.7
2018-06-10 08:00:00,17.0,96,4.3,101.0,810.3
2018-06-10 09:00:00,17.6,96,6.4,125.0,811.1
2018-06-10 10:00:00,18.8,87,7.9,245.0,811.5
2018-06-10 11:00:00,18.3,96,6.9,184.0,811.4
2018-06-10 12:00:00,18.5,99,5.4,192.0,811.5
2018-06-10 13:00:00,19.3,96,6.9,319.0,811.6
2018-06-10 14:00:00,19.5,92,7.6,323.0,810.8
2018-06-10 15:00:00,19.8,88,8.4,322.0,810.3
2018-06-10 16:00:00,20.2,83,7.7,368.0,809.8
2018-06-10 17:00:00,20.0,84,10.0,245.0,809.5
2018-06-10 18:00:00,19.4,89,9.4,99.0,809.2
2018-06-10 19:00:00,18.8,97,5.5,71.0,809.4
2018-06-10 20:00:00,17.9,96,4.5,14.0,809.7
2018-06-10 21:00:00,17.2,98,4.7,0.0,809.7
2018-06-10 22:00:00,16.7,98,5.4,0.0,810.0
2018-06-10 23:00:00,17.0,98,4.7,0.0,810.7
2018-06-11 00:00:00,17.3,99,6.3,0.0,810.7
2018-06-11 01:00:00,17.2,98,4.7,0.0,810.0
2018-06-11 02:00:00,16.7,98,4.8,0.0,809.1
2018-06-11 03:00:00,16.8,97,4.6,0.0,808.7
2018-06-11 04:00:00,16.9,97,5.1,0.0,808.6
2018-06-11 05:00:00,16.5,97,4.8,0.0,808.3
2018-06-11 06:00:00,16.7,97,4.7,0.0,808.2
2018-06-11 07:00:00,17.1,97,4.1,8.0,808.5
2018-06-11 08:00:00,17.5,95,7.7,58.0,809.2
2018-06-11 09:00:00,18.8,93,8.6,213.0,810.2
2018-06-11 10:00:00,19.4,95,8.0,246.0,810.5
2018-06-11 11:00:00,19.5,96,11.8,339.0,810.5
2018-06-11 12:00:00,18.6,95,8.5,211.0,810.2
2018-06-11 13:00:00,19.2,97,8.0,227.0,810.0
2018-06-11 14:00:00,19.1,99,10.5,234.0,809.2
2018-06-11 15:00:00,18.6,95,8.4,144.0,808.3
2018-06-11 16:00:00,20.1,86,9.6,270.0,808.2
2018-06-11 17:00:00,20.8,81,10.2,257.0,808.2
2018-06-11 18:00:00,21.4,74,11.2,296.0,808.2
2018-06-11 19:00:00,20.6,79,10.2,135.0,808.4
2018-06-11 20:00:00,18.7,88,5.8,11.0,808.0
2018-06-11 21:00:00,18.0,97,5.6,0.0,808.2
2018-06-11 22:00:00,17.9,98,7.6,0.0,808.8
2018-06-11 23:00:00,17.9,98,8.6,0.0,809.3
2018-06-12 00:00:00,17.5,97,9.7,0.0,809.1
2018-06-12 01:00:00,17.4,98,10.5,0.0,808.7
2018-06-12 02:00:00,17.4,99,9.8,0.0,808.2
2018-06-12 03:00:00,17.4,99,7.6,0.0,807.7
2018-06-12 04:00:00,17.3,99,8.0,0.0,807.3
2018-06-12 05:00:00,17.2,99,5.6,0.0,807.3
2018-06-12 06:00:00,17.1,99,5.0,0.0,807.1
2018-06-12 07:00:00,17.3,98,5.2,4.0,807.5
2018-06-12 08:00:00,18.0,95,9.4,21.0,808.7
2018-06-12 09:00:00,18.1,97,9.9,87.0,809.0
2018-06-12 10:00:00,18.7,97,8.2,166.0,809.6
2018-06-12 11:00:00,19.4,93,7.4,176.0,810.1
2018-06-12 12:00:00,20.1,93,7.4,265.0,810.1
2018-06-12 13:00:00,21.3,87,9.2,399.0,810.2
2018-06-12 14:00:00,19.9,89,10.5,281.0,809.1
2018-06-12 15:00:00,21.9,85,8.7,473.0,809.0
2018-06-12 16:00:00,20.1,89,12.7,365.0,808.0
2018-06-12 17:00:00,19.5,91,14.2,151.0,807.7
2018-06-12 18:00:00,18.4,96,7.4,72.0,807.0
2018-06-12 19:00:00,18.4,97,6.0,58.0,807.5
2018-06-12 20:00:00,18.5,95,7.7,10.0,807.7
2018-06-12 21:00:00,17.9,97,7.1,0.0,807.8
2018-06-12 22:00:00,17.5,98,6.7,0.0,807.9
2018-06-12 23:00:00,17.5,98,5.9,0.0,808.6
2018-06-13 00:00:00,17.4,98,5.2,0.0,808.5
2018-06-13 01:00:00,17.2,98,5.1,0.0,808.2
2018-06-13 02:00:00,17.3,98,7.0,0.0,807.7
2018-06-13 03:00:00,17.1,98,7.5,0.0,807.1
2018-06-13 04:00:00,17.0,98,8.8,0.0,806.8
2018-06-13 05:00:00,16.9,98,9.5,0.0,806.7
2018-06-13 06:00:00,16.9,97,7.4,0.0,806.8
2018-06-13 07:00:00,17.0,96,9.7,10.0,807.4
2018-06-13 08:00:00,17.2,95,10.7,90.0,808.2
2018-06-13 09:00:00,18.3,89,12.1,122.0,808.7
2018-06-13 10:00:00,19.7,82,14.2,329.0,809.4
2018-06-13 11:00:00,20.3,79,15.0,349.0,809.5
2018-06-13 12:00:00,20.3,80,11.2,245.0,809.5
2018-06-13 13:00:00,22.0,72,12.4,582.0,809.7
2018-06-13 14:00:00,22.0,74,12.9,417.0,809.1
2018-06-13 15:00:00,22.0,77,12.0,305.0,808.3
2018-06-13 16:00:00,21.1,79,11.4,466.0,807.7
2018-06-13 17:00:00,21.2,77,11.4,194.0,807.1
2018-06-13 18:00:00,21.6,73,13.0,250.0,807.3
2018-06-13 19:00:00,21.0,77,8.7,152.0,807.6
2018-06-13 20:00:00,19.4,85,5.6,23.0,807.8
2018-06-13 21:00:00,18.9,88,3.8,0.0,808.2
2018-06-13 22:00:00,18.6,90,8.2,0.0,808.7
2018-06-13 23:00:00,17.5,98,5.6,0.0,808.5
2018-06-14 00:00:00,17.1,98,5.1,0.0,808.5
2018-06-14 01:00:00,17.3,98,5.0,0.0,808.3
2018-06-14 02:00:00,17.6,95,4.4,0.0,808.0
2018-06-14 03:00:00,17.9,94,2.1,0.0,807.8
2018-06-14 04:00:00,16.9,99,4.3,0.0,807.1
2018-06-14 05:00:00,17.1,98,5.6,0.0,807.0
2018-06-14 06:00:00,16.9,99,4.0,0.0,806.9
2018-06-14 07:00:00,17.0,98,3.3,3.0,807.3
2018-06-14 08:00:00,15.9,96,11.1,37.0,808.5
2018-06-14 09:00:00,16.2,98,10.9,105.0,808.9
2018-06-14 10:00:00,16.7,97,11.9,154.0,809.3
2018-06-14 11:00:00,17.2,96,15.4,211.0,809.3
2018-06-14 12:00:00,17.4,91,14.7,243.0,809.3
2018-06-14 13:00:00,18.4,85,14.8,373.0,809.4
2018-06-14 14:00:00,18.6,84,15.2,326.0,809.0
2018-06-14 15:00:00,19.6,79,18.5,555.0,808.7
2018-06-14 16:00:00,17.9,93,15.3,310.0,807.6
2018-06-14 17:00:00,17.7,94,11.2,237.0,807.9
2018-06-14 18:00:00,17.2,95,8.0,92.0,807.9
2018-06-14 19:00:00,17.0,90,11.9,56.0,808.5
2018-06-14 20:00:00,16.0,85,11.5,28.0,809.1
2018-06-14 21:00:00,15.5,86,10.0,0.0,809.3
2018-06-14 22:00:00,15.1,87,9.5,0.0,809.6
2018-06-14 23:00:00,15.2,87,9.5,0.0,810.1
2018-06-15 00:00:00,15.1,88,8.8,0.0,810.2
2018-06-15 01:00:00,14.6,96,5.4,0.0,809.5
2018-06-15 02:00:00,14.6,96,5.2,0.0,809.0
2018-06-15 03:00:00,14.5,97,4.0,0.0,808.7
2018-06-15 04:00:00,14.7,97,3.8,0.0,808.5
2018-06-15 05:00:00,14.7,97,3.6,0.0,808.5
2018-06-15 06:00:00,14.6,97,5.3,0.0,808.3
2018-06-15 07:00:00,14.8,97,4.7,4.0,808.8
2018-06-15 08:00:00,15.2,94,5.6,33.0,809.7
2018-06-15 09:00:00,15.4,97,7.3,44.0,809.9
2018-06-15 10:00:00,16.5,89,10.9,139.0,810.7
2018-06-15 11:00:00,18.0,83,10.9,330.0,811.2
2018-06-15 12:00:00,19.0,78,9.7,330.0,811.3
2018-06-15 13:00:00,20.0,73,9.0,379.0,811.1
2018-06-15 14:00:00,20.8,72,5.9,455.0,810.6
2018-06-15 15:00:00,21.6,69,5.1,498.0,810.0
2018-06-15 16:00:00,22.5,64,6.4,565.0,809.6
2018-06-15 17:00:00,22.2,66,9.8,422.0,809.1
2018-06-15 18:00:00,21.6,69,10.3,311.0,808.9
2018-06-15 19:00:00,20.3,77,9.7,148.0,809.1
2018-06-15 20:00:00,18.6,83,7.0,26.0,808.9
2018-06-15 21:00:00,17.9,89,6.5,0.0,809.2
2018-06-15 22:00:00,17.4,92,5.0,0.0,809.8
2018-06-15 23:00:00,17.6,92,4.9,0.0,810.7
2018-06-16 00:00:00,17.1,94,6.7,0.0,810.5
2018-06-16 01:00:00,17.1,96,8.2,0.0,810.5
2018-06-16 02:00:00,16.7,99,7.1,0.0,810.2
2018-06-16 03:00:00,16.6,99,7.4,0.0,809.7
2018-06-16 04:00:00,16.3,99,4.9,0.0,809.3
2018-06-16 05:00:00,16.2,99,4.8,0.0,809.1
2018-06-16 06:00:00,16.1,99,4.6,0.0,809.0
2018-06-16 07:00:00,16.4,99,6.4,7.0,809.5
2018-06-16 08:00:00,16.7,97,6.9,50.0,809.7
2018-06-16 09:00:00,17.6,92,7.9,134.0,810.5
2018-06-16 10:00:00,19.2,88,7.9,273.0,811.2
2018-06-16 11:00:00,20.5,86,9.9,404.0,811.8
2018-06-16 12:00:00,22.2,76,12.3,668.0,812.1
2018-06-16 13:00:00,22.8,70,15.3,835.0,811.8
2018-06-16 14:00:00,22.0,74,16.5,697.0,810.8
2018-06-16 15:00:00,22.3,73,15.9,677.0,810.3
2018-06-16 16:00:00,23.2,66,15.8,673.0,809.4
2018-06-16 17:00:00,22.7,70,16.6,582.0,808.9
2018-06-16 18:00:00,22.0,80,15.6,386.0,808.6
2018-06-16 19:00:00,20.5,87,9.2,117.0,808.4
2018-06-16 20:00:00,19.5,88,7.1,38.0,808.2
2018-06-16 21:00:00,19.2,88,7.4,0.0,808.4
2018-06-16 22:00:00,18.6,91,6.9,0.0,809.1
2018-06-16 23:00:00,17.8,97,6.6,0.0,809.6
2018-06-17 00:00:00,17.4,98,7.1,0.0,809.4
2018-06-17 01:00:00,17.7,98,8.1,0.0,809.8
2018-06-17 02:00:00,17.6,98,10.8,0.0,809.5
2018-06-17 03:00:00,17.4,98,9.0,0.0,809.2
2018-06-17 04:00:00,17.3,97,8.8,0.0,808.9
2018-06-17 05:00:00,17.0,99,7.8,0.0,808.6
2018-06-17 06:00:00,17.2,99,8.2,0.0,808.9
2018-06-17 07:00:00,17.4,99,8.8,7.0,809.5
2018-06-17 08:00:00,18.2,96,7.3,68.0,810.2
2018-06-17 09:00:00,19.0,92,10.6,151.0,810.8
2018-06-17 10:00:00,19.5,95,8.6,274.0,811.1
2018-06-17 11:00:00,21.2,88,5.5,475.0,811.4
2018-06-17 12:00:00,22.0,84,6.1,488.0,811.0
2018-06-17 13:00:00,23.2,79,6.6,722.0,810.8
2018-06-17 14:00:00,24.0,76,8.9,781.0,810.4
2018-06-17 15:00:00,22.5,79,8.1,590.0,809.2
2018-06-17 16:00:00,21.7,81,14.1,514.0,808.7
2018-06-17 17:00:00,20.6,84,8.4,266.0,807.5
2018-06-17 18:00:00,21.3,81,5.2,252.0,807.3
2018-06-17 19:00:00,21.2,82,11.3,154.0,807.6
2018-06-17 20:00:00,20.6,87,7.0,35.0,806.6
2018-06-17 21:00:00,20.3,87,9.4,0.0,807.1
2018-06-17 22:00:00,19.7,91,10.4,0.0,807.8
2018-06-17 23:00:00,19.2,92,8.0,0.0,808.2
2018-06-18 00:00:00,19.0,92,8.0,0.0,808.3
2018-06-18 01:00:00,18.5,93,8.3,0.0,808.1
2018-06-18 02:00:00,18.2,94,7.1,0.0,807.6
2018-06-18 03:00:00,18.1,95,7.2,0.0,807.3
2018-06-18 04:00:00,17.6,96,4.8,0.0,807.1
2018-06-18 05:00:00,17.9,95,4.9,0.0,807.4
2018-06-18 06:00:00,18.0,95,5.8,0.0,807.4
2018-06-18 07:00:00,18.5,94,10.0,8.0,808.4
2018-06-18 08:00:00,18.7,95,10.4,67.0,808.7
2018-06-18 09:00:00,20.2,86,12.4,260.0,809.6
2018-06-18 10:00:00,21.9,77,14.0,409.0,809.9
2018-06-18 11:00:00,23.2,69,14.6,525.0,810.0
2018-06-18 12:00:00,24.6,62,14.3,672.0,810.0
2018-06-18 13:00:00,25.5,58,13.5,791.0,809.8
2018-06-18 14:00:00,26.2,56,14.3,869.0,809.4
2018-06-18 15:00:00,26.5,55,14.6,829.0,808.8
2018-06-18 16:00:00,26.4,55,14.1,700.0,808.2
2018-06-18 17:00:00,26.0,57,13.6,569.0,807.6
2018-06-18 18:00:00,25.4,60,12.5,383.0,807.1
2018-06-18 19:00:00,23.9,70,8.9,188.0,806.9
2018-06-18 20:00:00,21.4,78,8.0,46.0,805.8
2018-06-18 21:00:00,21.1,78,7.1,0.0,806.6
2018-06-18 22:00:00,20.6,85,7.8,0.0,807.2
2018-06-18 23:00:00,20.2,88,8.3,0.0,808.1
2018-06-19 00:00:00,19.4,89,7.0,0.0,808.4
2018-06-19 01:00:00,18.4,92,5.6,0.0,807.9
2018-06-19 02:00:00,17.8,94,5.9,0.0,807.7
2018-06-19 03:00:00,17.6,95,6.0,0.0,807.7
2018-06-19 04:00:00,17.7,95,5.5,0.0,807.7
2018-06-19 05:00:00,16.9,96,6.9,0.0,807.3
2018-06-19 06:00:00,16.8,96,6.0,0.0,807.7
2018-06-19 07:00:00,18.7,92,6.4,13.0,809.5
2018-06-19 08:00:00,19.6,90,3.7,84.0,809.9
2018-06-19 09:00:00,21.2,86,9.6,337.0,810.8
2018-06-19 10:00:00,22.1,82,9.8,445.0,811.5
2018-06-19 11:00:00,23.0,77,8.7,549.0,811.6
2018-06-19 12:00:00,24.7,66,9.0,854.0,811.7
2018-06-19 13:00:00,25.4,63,10.3,851.0,811.3
2018-06-19 14:00:00,25.5,64,9.9,822.0,810.7
2018-06-19 15:00:00,25.7,68,9.2,791.0,810.3
2018-06-19 16:00:00,25.1,70,13.0,621.0,809.6
2018-06-19 17:00:00,22.2,82,13.4,429.0,809.1
2018-06-19 18:00:00,22.7,79,9.2,269.0,809.2
2018-06-19 19:00:00,22.0,80,9.4,153.0,809.3
2018-06-19 20:00:00,21.2,84,9.4,39.0,809.3
2018-06-19 21:00:00,20.1,91,9.7,0.0,809.3
2018-06-19 22:00:00,19.4,92,5.5,0.0,809.5
2018-06-19 23:00:00,19.5,92,6.9,0.0,810.5
2018-06-20 00:00:00,19.4,92,6.8,0.0,810.6
2018-06-20 01:00:00,18.2,96,4.6,0.0,810.5
2018-06-20 02:00:00,17.4,98,4.9,0.0,810.0
2018-06-20 03:00:00,18.3,95,4.7,0.0,810.3
2018-06-20 04:00:00,17.8,98,5.0,0.0,809.8
2018-06-20 05:00:00,18.0,98,3.6,0.0,810.3
2018-06-20 06:00:00,17.7,98,3.4,0.0,810.4
2018-06-20 07:00:00,18.2,98,2.4,9.0,811.1
2018-06-20 08:00:00,19.1,92,5.0,79.0,811.7
2018-06-20 09:00:00,20.3,91,6.4,264.0,812.5
2018-06-20 10:00:00,21.5,88,6.3,420.0,813.3
2018-06-20 11:00:00,22.2,85,8.7,462.0,813.4
2018-06-20 12:00:00,22.3,81,11.6,529.0,813.0
2018-06-20 13:00:00,22.3,80,8.6,552.0,812.4
2018-06-20 14:00:00,21.7,80,12.8,454.0,811.8
2018-06-20 15:00:00,21.6,85,7.6,401.0,810.9
2018-06-20 16:00:00,23.4,74,13.7,656.0,811.0
2018-06-20 17:00:00,22.5,77,12.7,488.0,810.8
2018-06-20 18:00:00,22.7,72,12.3,334.0,810.5
2018-06-20 19:00:00,21.4,80,12.2,171.0,810.4
2018-06-20 20:00:00,19.7,92,5.9,36.0,810.7
2018-06-20 21:00:00,19.1,97,4.1,0.0,810.7
2018-06-20 22:00:00,18.3,97,6.4,0.0,810.5
2018-06-20 23:00:00,17.0,97,8.8,0.0,810.5
2018-06-21 00:00:00,16.8,97,7.9,0.0,810.6
2018-06-21 01:00:00,16.2,98,8.6,0.0,810.2
2018-06-21 02:00:00,16.1,98,7.9,0.0,810.0
2018-06-21 03:00:00,16.9,98,5.2,0.0,810.4
2018-06-21 04:00:00,17.5,98,6.6,0.0,810.6
2018-06-21 05:00:00,17.6,98,5.5,0.0,810.7
2018-06-21 06:00:00,17.6,98,4.8,0.0,810.7
2018-06-21 07:00:00,17.9,96,6.6,8.0,811.3
2018-06-21 08:00:00,18.3,94,7.9,87.0,811.5
2018-06-21 09:00:00,19.4,92,8.9,208.0,812.3
2018-06-21 10:00:00,20.5,83,11.9,325.0,812.8
2018-06-21 11:00:00,22.2,71,13.4,538.0,813.2
2018-06-21 12:00:00,23.4,66,13.0,641.0,813.0
2018-06-21 13:00:00,24.0,66,11.8,669.0,812.6
2018-06-21 14:00:00,24.8,65,12.0,803.0,812.1
2018-06-21 15:00:00,24.5,66,14.1,760.0,810.7
2018-06-21 16:00:00,24.1,68,14.8,688.0,810.1
2018-06-21 17:00:00,24.0,70,12.8,515.0,809.7
2018-06-21 18:00:00,22.1,83,12.6,303.0,809.1
2018-06-21 19:00:00,21.3,86,8.7,139.0,809.5
2018-06-21 20:00:00,19.3,97,5.9,37.0,809.0
2018-06-21 21:00:00,18.4,98,6.5,0.0,809.1
2018-06-21 22:00:00,18.3,97,6.1,0.0,809.3
2018-06-21 23:00:00,18.3,97,6.0,0.0,809.9
2018-06-22 00:00:00,17.7,98,7.1,0.0,810.0
2018-06-22 01:00:00,17.3,97,6.4,0.0,810.0
2018-06-22 02:00:00,18.1,98,9.8,0.0,810.1
2018-06-22 03:00:00,18.3,95,7.9,0.0,809.6
2018-06-22 04:00:00,17.7,96,4.3,0.0,809.1
2018-06-22 05:00:00,17.5,98,3.8,0.0,809.3
2018-06-22 06:00:00,18.1,96,7.4,0.0,809.9
2018-06-22 07:00:00,18.2,96,6.6,5.0,810.6
2018-06-22 08:00:00,18.7,96,7.0,57.0,811.0
2018-06-22 09:00:00,19.8,93,7.7,201.0,812.0
2018-06-22 10:00:00,19.8,88,9.7,183.0,811.9
2018-06-22 11:00:00,20.1,87,9.5,207.0,812.1
2018-06-22 12:00:00,20.5,87,9.7,200.0,811.9
2018-06-22 13:00:00,22.2,81,10.9,537.0,812.0
2018-06-22 14:00:00,22.9,81,8.0,521.0,811.4
2018-06-22 15:00:00,22.7,84,7.2,432.0,810.4
2018-06-22 16:00:00,22.8,84,8.0,507.0,809.7
2018-06-22 17:00:00,21.1,84,8.1,346.0,809.0
2018-06-22 18:00:00,20.9,87,5.5,157.0,809.0
2018-06-22 19:00:00,19.6,93,8.7,70.0,809.3
2018-06-22 20:00:00,19.4,89,4.3,6.0,809.2
2018-06-22 21:00:00,18.1,97,5.0,0.0,809.4
2018-06-22 22:00:00,18.1,98,2.7,0.0,809.9
2018-06-22 23:00:00,18.3,94,0.8,0.0,810.5
2018-06-23 00:00:00,18.1,98,3.1,0.0,810.5
2018-06-23 01:00:00,17.6,98,4.9,0.0,809.6
2018-06-23 02:00:00,17.8,96,4.5,0.0,809.2
2018-06-23 03:00:00,17.3,96,5.2,0.0,808.7
2018-06-23 04:00:00,17.4,97,4.2,0.0,808.2
2018-06-23 05:00:00,17.4,98,6.5,0.0,808.1
2018-06-23 06:00:00,17.5,97,7.3,0.0,808.3
2018-06-23 07:00:00,17.7,97,7.3,6.0,808.6
2018-06-23 08:00:00,18.3,94,1.8,95.0,809.9
2018-06-23 09:00:00,19.0,90,4.0,92.0,810.3
2018-06-23 10:00:00,19.5,90,4.8,131.0,810.8
2018-06-23 11:00:00,20.3,86,5.9,220.0,810.9
2018-06-23 12:00:00,21.7,84,4.5,484.0,811.1
2018-06-23 13:00:00,22.9,82,3.6,645.0,811.0
2018-06-23 14:00:00,23.4,83,6.4,573.0,809.9
2018-06-23 15:00:00,23.2,81,8.0,578.0,809.0
2018-06-23 16:00:00,23.5,75,10.5,587.0,808.3
2018-06-23 17:00:00,22.1,75,11.5,302.0,807.7
2018-06-23 18:00:00,22.1,78,8.5,220.0,807.8
2018-06-23 19:00:00,20.9,86,5.2,121.0,808.1
2018-06-23 20:00:00,19.6,91,2.6,23.0,808.4
2018-06-23 21:00:00,18.0,98,1.4,0.0,808.2
2018-06-23 22:00:00,17.4,99,2.2,0.0,808.6
2018-06-23 23:00:00,17.5,99,3.2,0.0,809.0
2018-06-24 00:00:00,17.7,97,2.3,0.0,809.3
2018-06-24 01:00:00,17.3,99,2.9,0.0,809.0
2018-06-24 02:00:00,17.5,98,3.0,0.0,808.3
2018-06-24 03:00:00,17.9,93,0.7,0.0,808.3
2018-06-24 04:00:00,18.0,91,1.6,0.0,808.3
2018-06-24 05:00:00,17.4,98,3.1,0.0,807.6
2018-06-24 06:00:00,17.8,93,2.7,0.0,807.7
2018-06-24 07:00:00,18.1,91,1.5,9.0,808.2
2018-06-24 08:00:00,18.3,94,1.9,43.0,808.8
2018-06-24 09:00:00,18.9,90,1.9,99.0,809.6
2018-06-24 10:00:00,19.6,92,2.9,191.0,810.2
2018-06-24 11:00:00,20.8,90,4.7,364.0,810.6
2018-06-24 12:00:00,21.1,84,7.2,369.0,810.3
2018-06-24 13:00:00,21.1,85,2.1,379.0,810.1
2018-06-24 14:00:00,22.4,75,3.6,447.0,809.1
2018-06-24 15:00:00,23.6,70,6.5,592.0,808.5
2018-06-24 16:00:00,23.3,69,5.4,483.0,807.9
2018-06-24 17:00:00,21.4,81,9.7,444.0,807.2
2018-06-24 18:00:00,20.5,88,9.3,194.0,807.0
2018-06-24 19:00:00,20.0,88,6.6,121.0,807.5
2018-06-24 20:00:00,19.7,91,2.3,29.0,808.0
2018-06-24 21:00:00,18.8,95,3.8,0.0,808.3
2018-06-24 22:00:00,18.2,98,3.1,0.0,808.4
2018-06-24 23:00:00,18.5,98,2.1,0.0,809.3
2018-06-25 00:00:00,18.6,95,1.1,0.0,809.4
2018-06-25 01:00:00,18.5,97,2.3,0.0,808.9
2018-06-25 02:00:00,18.0,98,4.4,0.0,808.4
2018-06-25 03:00:00,17.6,98,5.4,0.0,807.9
2018-06-25 04:00:00,17.2,97,6.0,0.0,807.6
2018-06-25 05:00:00,17.1,98,6.0,0.0,807.3
2018-06-25 06:00:00,17.0,98,5.5,0.0,807.3
2018-06-25 07:00:00,17.2,97,6.3,9.0,807.6
2018-06-25 08:00:00,18.0,95,6.1,71.0,808.3
2018-06-25 09:00:00,18.4,97,5.4,64.0,808.8
2018-06-25 10:00:00,18.8,96,5.5,109.0,809.1
2018-06-25 11:00:00,19.1,96,5.0,113.0,809.3
2018-06-25 12:00:00,20.8,89,9.1,474.0,809.6
2018-06-25 13:00:00,21.0,88,9.1,418.0,809.3
2018-06-25 14:00:00,22.5,84,8.6,676.0,809.3
2018-06-25 15:00:00,22.1,88,9.8,560.0,808.3
2018-06-25 16:00:00,22.5,89,5.4,526.0,808.2
2018-06-25 17:00:00,21.1,84,5.8,441.0,807.4
2018-06-25 18:00:00,19.4,95,7.5,237.0,807.0
2018-06-25 19:00:00,19.2,95,6.0,99.0,807.4
2018-06-25 20:00:00,18.4,92,5.1,16.0,807.9
2018-06-25 21:00:00,18.0,98,7.4,0.0,808.6
2018-06-25 22:00:00,17.6,98,10.8,0.0,809.2
2018-06-25 23:00:00,17.8,98,10.0,0.0,810.1
2018-06-26 00:00:00,17.5,99,7.7,0.0,810.1
2018-06-26 01:00:00,17.3,99,8.5,0.0,810.1
2018-06-26 02:00:00,17.2,99,9.9,0.0,809.9
2018-06-26 03:00:00,17.1,100,9.9,0.0,809.6
2018-06-26 04:00:00,17.0,100,9.7,0.0,809.2
2018-06-26 05:00:00,17.0,99,8.9,0.0,809.3
2018-06-26 06:00:00,16.8,100,8.4,0.0,809.2
2018-06-26 07:00:00,17.1,98,9.7,6.0,810.0
2018-06-26 08:00:00,17.4,99,9.4,66.0,810.3
2018-06-26 09:00:00,18.7,96,8.4,188.0,811.3
2018-06-26 10:00:00,19.9,89,10.4,360.0,812.4
2018-06-26 11:00:00,20.9,82,11.1,494.0,812.9
2018-06-26 12:00:00,21.6,78,12.8,604.0,813.0
2018-06-26 13:00:00,22.0,76,13.8,548.0,812.8
2018-06-26 14:00:00,22.5,75,13.9,743.0,812.6
2018-06-26 15:00:00,22.0,74,15.5,582.0,811.8
2018-06-26 16:00:00,20.9,77,17.4,425.0,811.1
2018-06-26 17:00:00,20.5,80,17.9,347.0,810.8
2018-06-26 18:00:00,20.8,77,17.3,299.0,811.2
2018-06-26 19:00:00,19.6,83,14.4,150.0,811.3
2018-06-26 20:00:00,18.5,93,6.4,37.0,811.5
2018-06-26 21:00:00,17.9,97,10.9,0.0,812.0
2018-06-26 22:00:00,17.4,98,8.3,0.0,812.4
2018-06-26 23:00:00,16.9,98,7.0,0.0,812.8
2018-06-27 00:00:00,16.9,98,6.3,0.0,813.2
2018-06-27 01:00:00,17.1,98,6.5,0.0,813.2
2018-06-27 02:00:00,17.0,98,8.3,0.0,813.1
2018-06-27 03:00:00,17.0,98,9.4,0.0,813.0
2018-06-27 04:00:00,16.8,98,6.8,0.0,812.3
2018-06-27 05:00:00,16.6,99,6.7,0.0,812.3
2018-06-27 06:00:00,16.3,99,8.8,0.0,812.2
2018-06-27 07:00:00,16.8,99,9.1,6.0,812.9
2018-06-27 08:00:00,17.4,96,9.7,59.0,813.0
2018-06-27 09:00:00,18.2,96,10.7,204.0,813.7
2018-06-27 10:00:00,19.7,90,10.5,376.0,814.7
2018-06-27 11:00:00,20.7,83,11.9,541.0,815.1
2018-06-27 12:00:00,21.4,78,9.0,573.0,814.9
2018-06-27 13:00:00,22.4,74,11.4,679.0,814.6
2018-06-27 14:00:00,21.9,73,13.5,669.0,813.8
2018-06-27 15:00:00,22.7,66,11.6,546.0,812.9
2018-06-27 16:00:00,21.4,76,13.0,353.0,812.1
2018-06-27 17:00:00,21.2,82,14.6,379.0,812.1
2018-06-27 18:00:00,19.4,92,14.0,236.0,811.6
2018-06-27 19:00:00,19.7,93,11.6,136.0,812.1
2018-06-27 20:00:00,18.7,94,10.1,26.0,812.1
2018-06-27 21:00:00,17.4,97,6.1,0.0,811.9
2018-06-27 22:00:00,17.4,97,6.9,0.0,812.5
2018-06-27 23:00:00,16.6,97,6.5,0.0,812.8
2018-06-28 00:00:00,16.0,97,7.6,0.0,812.4
2018-06-28 01:00:00,15.6,97,8.0,0.0,812.1
2018-06-28 02:00:00,15.2,97,8.7,0.0,811.5
2018-06-28 03:00:00,14.8,98,8.0,0.0,811.1
2018-06-28 04:00:00,15.2,98,6.9,0.0,811.0
2018-06-28 05:00:00,16.9,95,5.5,0.0,812.2
2018-06-28 06:00:00,17.0,97,6.8,0.0,812.1
2018-06-28 07:00:00,17.0,97,8.7,5.0,812.3
2018-06-28 08:00:00,17.7,96,8.8,42.0,812.8
2018-06-28 09:00:00,18.9,89,9.4,207.0,813.5
2018-06-28 10:00:00,19.9,86,11.1,342.0,813.9
2018-06-28 11:00:00,21.2,80,11.8,508.0,814.4
2018-06-28 12:00:00,22.4,79,11.4,590.0,814.4
2018-06-28 13:00:00,23.3,77,11.8,720.0,814.0
2018-06-28 14:00:00,23.8,75,12.3,664.0,813.1
2018-06-28 15:00:00,23.1,75,13.6,673.0,812.0
2018-06-28 16:00:00,23.7,72,12.1,645.0,811.6
2018-06-28 17:00:00,22.2,74,10.3,443.0,811.0
2018-06-28 18:00:00,22.2,72,11.8,312.0,810.6
2018-06-28 19:00:00,21.3,77,11.4,166.0,810.6
2018-06-28 20:00:00,18.7,93,7.1,44.0,809.9
2018-06-28 21:00:00,18.5,93,5.9,0.0,810.0
2018-06-28 22:00:00,17.8,96,6.4,0.0,810.2
2018-06-28 23:00:00,17.9,96,5.4,0.0,810.8
2018-06-29 00:00:00,17.5,97,5.4,0.0,811.0
2018-06-29 01:00:00,17.8,97,5.0,0.0,811.4
2018-06-29 02:00:00,17.5,97,4.9,0.0,811.1
2018-06-29 03:00:00,18.0,95,6.1,0.0,810.8
2018-06-29 04:00:00,17.0,99,4.9,0.0,810.0
2018-06-29 05:00:00,17.8,97,6.4,0.0,810.3
2018-06-29 06:00:00,17.7,97,6.9,0.0,810.3
2018-06-29 07:00:00,17.5,98,6.9,6.0,810.4
2018-06-29 08:00:00,18.2,95,10.0,59.0,810.9
2018-06-29 09:00:00,19.5,85,13.9,248.0,811.7
2018-06-29 10:00:00,20.7,77,15.6,356.0,811.9
2018-06-29 11:00:00,22.2,69,14.8,487.0,812.2
2018-06-29 12:00:00,23.8,61,13.7,773.0,812.2
2018-06-29 13:00:00,24.6,58,13.5,818.0,811.6
2018-06-29 14:00:00,24.9,58,14.2,791.0,811.0
2018-06-29 15:00:00,25.0,61,14.6,810.0,810.5
2018-06-29 16:00:00,24.9,64,14.5,698.0,809.5
2018-06-29 17:00:00,24.4,64,14.2,553.0,808.4
2018-06-29 18:00:00,23.7,67,13.0,388.0,808.0
2018-06-29 19:00:00,22.2,76,7.7,158.0,808.1
2018-06-29 20:00:00,20.0,87,7.0,29.0,807.5
2018-06-29 21:00:00,19.9,88,5.5,0.0,808.3
2018-06-29 22:00:00,19.7,89,6.9,0.0,808.8
2018-06-29 23:00:00,19.0,91,5.2,0.0,809.1
2018-06-30 00:00:00,18.4,92,5.4,0.0,809.2
2018-06-30 01:00:00,18.5,92,5.8,0.0,809.5
2018-06-30 02:00:00,18.0,94,4.6,0.0,809.1
2018-06-30 03:00:00,18.1,94,4.7,0.0,808.9
2018-06-30 04:00:00,18.4,94,5.7,0.0,809.2
2018-06-30 05:00:00,18.2,95,6.6,0.0,808.6
2018-06-30 06:00:00,18.1,95,5.7,0.0,808.5
2018-06-30 07:00:00,18.2,95,6.4,5.0,809.0
2018-06-30 08:00:00,18.6,93,10.9,69.0,809.3
2018-06-30 09:00:00,19.8,84,13.0,193.0,809.9
2018-06-30 10:00:00,21.7,74,14.8,408.0,810.7
2018-06-30 11:00:00,22.6,68,14.3,430.0,811.0
2018-06-30 12:00:00,23.1,67,13.6,487.0,811.2
2018-06-30 13:00:00,24.3,63,11.8,713.0,811.3
2018-06-30 14:00:00,24.7,64,10.9,720.0,810.8
2018-06-30 15:00:00,24.8,65,10.6,658.0,810.0
2018-06-30 16:00:00,23.3,70,12.7,470.0,809.0
2018-06-30 17:00:00,22.4,75,9.5,247.0,808.4
2018-06-30 18:00:00,22.2,76,7.6,212.0,808.5
2018-06-30 19:00:00,20.9,84,9.2,94.0,808.6
2018-06-30 20:00:00,20.3,85,5.4,34.0,809.1
2018-06-30 21:00:00,19.2,91,4.7,0.0,809.1
2018-06-30 22:00:00,18.4,93,4.8,0.0,809.4
2018-06-30 23:00:00,18.1,94,4.7,0.0,809.7
