date,temperature_2m,relative_humidity_2m,wind_speed_10m,shortwave_radiation,surface_pressure
2016-07-01 00:00:00,24.9,23,6.6,0.0,846.2
2016-07-01 01:00:00,23.3,26,7.9,0.0,845.3
2016-07-01 02:00:00,22.0,30,8.4,0.0,844.6
2016-07-01 03:00:00,20.5,32,8.0,0.0,844.1
2016-07-01 04:00:00,19.8,36,7.3,0.0,843.6
2016-07-01 05:00:00,19.3,38,6.1,0.0,843.7
2016-07-01 06:00:00,18.8,41,6.5,0.0,845.2
2016-07-01 07:00:00,19.4,42,3.8,58.0,845.5
2016-07-01 08:00:00,22.0,32,5.4,202.0,847.2
2016-07-01 09:00:00,25.0,22,10.1,374.0,848.7
2016-07-01 10:00:00,26.3,20,12.7,518.0,849.1
2016-07-01 11:00:00,27.1,18,10.1,619.0,849.2
2016-07-01 12:00:00,28.1,17,7.2,749.0,848.9
2016-07-01 13:00:00,29.5,15,4.3,857.0,848.8
2016-07-01 14:00:00,30.5,14,2.8,900.0,847.8
2016-07-01 15:00:00,30.4,15,0.4,914.0,847.0
2016-07-01 16:00:00,30.6,15,2.6,793.0,846.5
2016-07-01 17:00:00,30.7,15,0.7,629.0,845.9
2016-07-01 18:00:00,30.6,15,7.5,428.0,846.9
2016-07-01 19:00:00,30.2,15,8.3,251.0,847.8
2016-07-01 20:00:00,29.5,16,7.3,76.0,847.4
2016-07-01 21:00:00,28.7,18,6.9,3.0,847.6
2016-07-01 22:00:00,27.5,20,7.9,0.0,847.6
2016-07-01 23:00:00,25.4,28,7.8,0.0,846.6
2016-07-02 00:00:00,23.3,32,7.6,0.0,845.5
2016-07-02 01:00:00,21.8,37,8.0,0.0,844.4
2016-07-02 02:00:00,20.6,42,7.9,0.0,843.6
2016-07-02 03:00:00,18.8,44,7.1,0.0,842.6
2016-07-02 04:00:00,18.2,47,6.3,0.0,842.2
2016-07-02 05:00:00,17.7,50,6.3,0.0,842.3
2016-07-02 06:00:00,17.4,53,5.9,0.0,842.7
2016-07-02 07:00:00,18.5,52,5.4,60.0,843.7
2016-07-02 08:00:00,21.4,45,3.2,232.0,845.4
2016-07-02 09:00:00,24.5,31,2.2,436.0,846.2
2016-07-02 10:00:00,26.7,27,2.2,634.0,846.7
2016-07-02 11:00:00,28.8,23,0.8,803.0,846.7
2016-07-02 12:00:00,30.5,21,2.3,927.0,846.2
2016-07-02 13:00:00,32.0,18,2.6,1002.0,845.5
2016-07-02 14:00:00,33.2,15,2.7,1007.0,844.7
2016-07-02 15:00:00,33.9,13,2.8,929.0,843.9
2016-07-02 16:00:00,34.5,12,3.2,829.0,843.0
2016-07-02 17:00:00,34.7,12,3.0,675.0,842.4
2016-07-02 18:00:00,34.5,12,4.7,477.0,842.5
2016-07-02 19:00:00,33.8,12,6.4,244.0,843.3
2016-07-02 20:00:00,32.5,14,7.3,83.0,843.2
2016-07-02 21:00:00,30.5,18,8.4,4.0,842.9
2016-07-02 22:00:00,28.6,23,9.4,0.0,843.2
2016-07-02 23:00:00,27.2,29,9.4,0.0,843.1
2016-07-03 00:00:00,25.6,35,7.7,0.0,842.4
2016-07-03 01:00:00,24.2,41,7.3,0.0,841.7
2016-07-03 02:00:00,22.9,48,7.7,0.0,841.1
2016-07-03 03:00:00,21.5,52,7.8,0.0,840.6
2016-07-03 04:00:00,20.4,58,7.8,0.0,839.8
2016-07-03 05:00:00,19.5,63,7.8,0.0,839.7
2016-07-03 06:00:00,18.7,68,6.9,0.0,841.2
2016-07-03 07:00:00,19.7,65,6.8,59.0,841.8
2016-07-03 08:00:00,23.0,53,5.0,230.0,843.9
2016-07-03 09:00:00,25.6,43,3.3,437.0,844.4
2016-07-03 10:00:00,28.0,35,2.9,630.0,844.8
2016-07-03 11:00:00,30.3,28,3.4,795.0,844.8
2016-07-03 12:00:00,32.4,21,4.3,919.0,844.7
2016-07-03 13:00:00,33.8,17,4.0,970.0,844.1
2016-07-03 14:00:00,34.9,14,2.6,984.0,843.6
2016-07-03 15:00:00,35.1,13,2.0,931.0,842.5
2016-07-03 16:00:00,35.5,12,3.1,811.0,842.0
2016-07-03 17:00:00,35.5,12,3.6,665.0,841.3
2016-07-03 18:00:00,35.1,12,3.6,460.0,840.7
2016-07-03 19:00:00,34.4,13,7.3,254.0,840.7
2016-07-03 20:00:00,32.8,15,12.8,90.0,840.6
2016-07-03 21:00:00,30.3,20,17.1,4.0,840.3
2016-07-03 22:00:00,28.4,25,17.7,0.0,840.7
2016-07-03 23:00:00,26.8,31,13.3,0.0,840.6
2016-07-04 00:00:00,25.5,37,10.3,0.0,840.6
2016-07-04 01:00:00,24.2,44,10.5,0.0,840.2
2016-07-04 02:00:00,23.0,50,10.7,0.0,840.1
2016-07-04 03:00:00,22.0,58,10.5,0.0,840.0
2016-07-04 04:00:00,20.7,65,7.8,0.0,839.7
2016-07-04 05:00:00,20.6,66,5.4,0.0,840.0
2016-07-04 06:00:00,20.2,69,5.3,0.0,841.4
2016-07-04 07:00:00,20.4,68,4.4,57.0,841.8
2016-07-04 08:00:00,22.5,60,0.8,222.0,842.6
2016-07-04 09:00:00,24.6,52,2.3,428.0,843.3
2016-07-04 10:00:00,26.9,43,3.3,623.0,843.2
2016-07-04 11:00:00,29.5,35,3.6,790.0,843.7
2016-07-04 12:00:00,31.9,28,4.4,914.0,843.6
2016-07-04 13:00:00,34.0,22,5.6,984.0,843.6
2016-07-04 14:00:00,35.1,17,5.8,922.0,842.8
2016-07-04 15:00:00,35.3,15,6.4,832.0,842.5
2016-07-04 16:00:00,35.7,15,8.3,758.0,842.2
2016-07-04 17:00:00,35.7,14,12.4,592.0,841.8
2016-07-04 18:00:00,34.9,15,14.6,463.0,841.0
2016-07-04 19:00:00,33.6,18,19.0,260.0,841.1
2016-07-04 20:00:00,31.7,22,20.3,86.0,841.0
2016-07-04 21:00:00,29.6,28,20.4,4.0,841.0
2016-07-04 22:00:00,28.0,34,18.1,0.0,841.8
2016-07-04 23:00:00,26.5,40,16.1,0.0,841.9
2016-07-05 00:00:00,25.3,45,14.5,0.0,841.9
2016-07-05 01:00:00,24.2,49,12.5,0.0,841.9
2016-07-05 02:00:00,23.1,54,10.7,0.0,841.5
2016-07-05 03:00:00,22.5,57,10.5,0.0,841.4
2016-07-05 04:00:00,21.4,63,9.2,0.0,840.9
2016-07-05 05:00:00,20.4,68,8.2,0.0,840.8
2016-07-05 06:00:00,19.6,73,5.8,0.0,842.5
2016-07-05 07:00:00,20.0,72,7.4,50.0,843.0
2016-07-05 08:00:00,21.8,66,8.4,187.0,844.0
2016-07-05 09:00:00,23.8,56,7.6,384.0,844.7
2016-07-05 10:00:00,26.2,46,7.0,590.0,844.8
2016-07-05 11:00:00,28.6,38,7.9,754.0,845.4
2016-07-05 12:00:00,30.7,31,10.2,851.0,845.4
2016-07-05 13:00:00,32.3,27,12.2,889.0,844.8
2016-07-05 14:00:00,33.4,24,14.5,834.0,843.9
2016-07-05 15:00:00,34.2,21,16.8,853.0,843.4
2016-07-05 16:00:00,34.4,22,19.6,784.0,842.9
2016-07-05 17:00:00,33.6,24,22.1,630.0,842.4
2016-07-05 18:00:00,32.2,28,21.9,465.0,841.7
2016-07-05 19:00:00,30.2,34,24.2,222.0,841.6
2016-07-05 20:00:00,27.9,43,23.0,93.0,841.6
2016-07-05 21:00:00,25.9,49,21.8,4.0,842.1
2016-07-05 22:00:00,24.7,53,19.9,0.0,842.6
2016-07-05 23:00:00,23.6,57,18.3,0.0,843.0
2016-07-06 00:00:00,22.6,61,16.8,0.0,842.8
2016-07-06 01:00:00,21.9,64,14.3,0.0,842.7
2016-07-06 02:00:00,21.3,67,11.5,0.0,842.6
2016-07-06 03:00:00,20.9,69,8.9,0.0,842.6
2016-07-06 04:00:00,20.2,73,7.7,0.0,842.4
2016-07-06 05:00:00,19.6,76,7.4,0.0,842.2
2016-07-06 06:00:00,19.4,77,4.4,0.0,843.5
2016-07-06 07:00:00,19.9,75,4.8,51.0,843.3
2016-07-06 08:00:00,21.9,65,3.9,201.0,844.3
2016-07-06 09:00:00,23.9,58,3.2,371.0,844.7
2016-07-06 10:00:00,25.9,51,3.7,550.0,844.8
2016-07-06 11:00:00,28.2,44,4.3,771.0,845.0
2016-07-06 12:00:00,30.4,38,3.9,870.0,845.2
2016-07-06 13:00:00,32.4,33,6.0,916.0,845.1
2016-07-06 14:00:00,33.8,29,10.6,919.0,844.5
2016-07-06 15:00:00,34.2,28,13.3,849.0,844.0
2016-07-06 16:00:00,33.9,28,15.3,577.0,843.4
2016-07-06 17:00:00,33.6,29,15.8,526.0,842.7
2016-07-06 18:00:00,32.7,31,18.4,377.0,842.4
2016-07-06 19:00:00,31.1,35,18.3,195.0,842.4
2016-07-06 20:00:00,28.8,41,18.3,67.0,841.8
2016-07-06 21:00:00,26.7,47,18.8,3.0,842.0
2016-07-06 22:00:00,25.3,53,17.1,0.0,842.4
2016-07-06 23:00:00,24.2,57,16.0,0.0,842.5
2016-07-07 00:00:00,23.3,62,15.6,0.0,842.3
2016-07-07 01:00:00,22.7,65,13.3,0.0,842.0
2016-07-07 02:00:00,22.3,68,9.5,0.0,841.7
2016-07-07 03:00:00,22.4,69,6.6,0.0,841.7
2016-07-07 04:00:00,22.0,71,5.6,0.0,841.4
2016-07-07 05:00:00,21.5,74,5.1,0.0,841.1
2016-07-07 06:00:00,21.4,74,4.1,0.0,841.7
2016-07-07 07:00:00,21.6,74,5.6,43.0,841.9
2016-07-07 08:00:00,23.3,65,3.7,187.0,842.4
2016-07-07 09:00:00,25.1,57,1.1,374.0,843.5
2016-07-07 10:00:00,27.1,51,2.2,553.0,844.2
2016-07-07 11:00:00,29.0,45,1.8,656.0,845.0
2016-07-07 12:00:00,31.1,39,3.2,862.0,845.3
2016-07-07 13:00:00,32.8,34,3.7,932.0,844.9
2016-07-07 14:00:00,34.4,31,6.0,930.0,844.2
2016-07-07 15:00:00,32.4,38,5.5,742.0,842.7
2016-07-07 16:00:00,33.5,35,8.4,696.0,841.9
2016-07-07 17:00:00,33.6,34,10.8,619.0,842.2
2016-07-07 18:00:00,30.6,44,12.8,324.0,839.6
2016-07-07 19:00:00,29.0,50,9.0,166.0,841.4
2016-07-07 20:00:00,28.3,53,6.5,53.0,841.7
2016-07-07 21:00:00,27.2,57,8.7,2.0,841.7
2016-07-07 22:00:00,25.9,61,9.9,0.0,842.0
2016-07-07 23:00:00,24.9,65,11.0,0.0,842.3
2016-07-08 00:00:00,24.1,68,9.0,0.0,841.8
2016-07-08 01:00:00,23.6,70,6.2,0.0,841.9
2016-07-08 02:00:00,23.1,72,4.1,0.0,841.6
2016-07-08 03:00:00,23.1,75,3.7,0.0,841.6
2016-07-08 04:00:00,22.4,80,4.1,0.0,841.5
2016-07-08 05:00:00,22.1,84,3.6,0.0,841.7
2016-07-08 06:00:00,21.9,84,3.1,0.0,842.8
2016-07-08 07:00:00,22.5,79,5.7,38.0,842.8
2016-07-08 08:00:00,23.7,71,4.5,150.0,843.3
2016-07-08 09:00:00,25.3,65,3.0,289.0,843.7
2016-07-08 10:00:00,26.7,59,3.3,417.0,844.0
2016-07-08 11:00:00,28.0,54,4.8,529.0,844.2
2016-07-08 12:00:00,29.4,49,5.4,700.0,844.2
2016-07-08 13:00:00,30.7,44,5.7,742.0,843.7
2016-07-08 14:00:00,32.3,39,8.0,852.0,843.1
2016-07-08 15:00:00,33.4,35,7.6,818.0,842.7
2016-07-08 16:00:00,33.5,34,7.9,512.0,842.0
2016-07-08 17:00:00,33.6,33,7.9,456.0,841.5
2016-07-08 18:00:00,31.9,38,13.0,325.0,841.9
2016-07-08 19:00:00,29.4,49,9.6,168.0,842.3
2016-07-08 20:00:00,28.2,56,8.5,46.0,842.1
2016-07-08 21:00:00,27.7,59,5.0,3.0,842.6
2016-07-08 22:00:00,27.3,61,3.4,0.0,842.9
2016-07-08 23:00:00,26.7,63,4.0,0.0,843.1
2016-07-09 00:00:00,25.7,68,4.2,0.0,842.8
2016-07-09 01:00:00,24.5,74,3.9,0.0,841.8
2016-07-09 02:00:00,24.0,79,3.4,0.0,842.0
2016-07-09 03:00:00,24.1,80,3.7,0.0,842.0
2016-07-09 04:00:00,23.5,84,3.3,0.0,841.9
2016-07-09 05:00:00,24.1,79,1.3,0.0,842.9
2016-07-09 06:00:00,22.7,85,2.3,0.0,843.6
2016-07-09 07:00:00,22.2,86,5.9,30.0,843.8
2016-07-09 08:00:00,23.1,78,6.2,91.0,845.2
2016-07-09 09:00:00,24.1,71,8.0,239.0,845.4
2016-07-09 10:00:00,25.1,66,11.0,296.0,846.1
2016-07-09 11:00:00,26.5,59,11.4,410.0,846.2
2016-07-09 12:00:00,27.7,55,12.1,574.0,846.4
2016-07-09 13:00:00,28.6,52,13.8,621.0,845.5
2016-07-09 14:00:00,29.7,49,13.4,633.0,845.3
2016-07-09 15:00:00,30.6,45,13.8,656.0,845.0
2016-07-09 16:00:00,30.6,45,14.6,468.0,844.9
2016-07-09 17:00:00,29.6,47,15.3,260.0,844.0
2016-07-09 18:00:00,27.4,57,8.9,223.0,841.9
2016-07-09 19:00:00,27.2,57,7.9,127.0,844.0
2016-07-09 20:00:00,25.9,64,8.4,50.0,843.9
2016-07-09 21:00:00,24.2,77,9.5,2.0,844.4
2016-07-09 22:00:00,23.4,84,7.3,0.0,845.2
2016-07-09 23:00:00,22.9,87,5.7,0.0,844.9
2016-07-10 00:00:00,22.7,87,5.1,0.0,845.1
2016-07-10 01:00:00,22.6,88,5.1,0.0,845.1
2016-07-10 02:00:00,22.3,89,4.5,0.0,844.6
2016-07-10 03:00:00,22.1,88,5.2,0.0,844.0
2016-07-10 04:00:00,22.1,86,5.7,0.0,843.8
2016-07-10 05:00:00,22.0,85,5.6,0.0,843.9
2016-07-10 06:00:00,21.8,85,5.9,0.0,844.0
2016-07-10 07:00:00,21.6,83,6.4,9.0,844.1
2016-07-10 08:00:00,21.5,84,7.4,33.0,844.4
2016-07-10 09:00:00,21.7,81,8.4,112.0,844.2
2016-07-10 10:00:00,22.4,78,8.9,167.0,844.6
2016-07-10 11:00:00,23.1,75,11.8,261.0,844.9
2016-07-10 12:00:00,24.1,71,12.7,367.0,844.9
2016-07-10 13:00:00,25.1,66,12.7,398.0,844.7
2016-07-10 14:00:00,26.5,61,12.5,642.0,844.6
2016-07-10 15:00:00,26.9,58,13.8,544.0,844.0
2016-07-10 16:00:00,26.0,58,16.6,273.0,843.3
2016-07-10 17:00:00,25.6,58,17.4,351.0,843.7
2016-07-10 18:00:00,25.0,60,15.3,264.0,845.3
2016-07-10 19:00:00,24.5,61,15.1,145.0,844.9
2016-07-10 20:00:00,23.2,65,14.6,20.0,845.5
2016-07-10 21:00:00,22.3,69,12.0,1.0,845.9
2016-07-10 22:00:00,21.5,73,8.3,0.0,846.3
2016-07-10 23:00:00,20.9,76,7.4,0.0,846.2
2016-07-11 00:00:00,20.4,80,5.8,0.0,846.1
2016-07-11 01:00:00,20.1,82,4.7,0.0,846.1
2016-07-11 02:00:00,19.9,83,4.3,0.0,845.6
2016-07-11 03:00:00,19.4,84,3.8,0.0,845.2
2016-07-11 04:00:00,19.3,84,3.3,0.0,845.2
2016-07-11 05:00:00,19.2,83,3.3,0.0,845.3
2016-07-11 06:00:00,19.1,84,2.9,0.0,846.2
2016-07-11 07:00:00,19.2,83,2.1,9.0,846.3
2016-07-11 08:00:00,19.3,80,2.5,32.0,846.5
2016-07-11 09:00:00,19.5,78,4.0,66.0,846.9
2016-07-11 10:00:00,19.7,77,5.4,109.0,847.3
2016-07-11 11:00:00,19.8,77,6.1,117.0,847.9
2016-07-11 12:00:00,19.7,81,5.2,106.0,848.0
2016-07-11 13:00:00,20.1,80,5.6,214.0,848.1
2016-07-11 14:00:00,19.9,81,6.4,210.0,847.9
2016-07-11 15:00:00,19.5,78,7.9,118.0,847.7
2016-07-11 16:00:00,19.4,76,8.2,81.0,847.6
2016-07-11 17:00:00,19.4,74,7.0,91.0,847.7
2016-07-11 18:00:00,19.4,73,5.6,107.0,847.9
2016-07-11 19:00:00,19.1,73,3.8,58.0,848.2
2016-07-11 20:00:00,18.8,75,2.0,20.0,848.5
2016-07-11 21:00:00,18.6,78,0.8,1.0,848.6
2016-07-11 22:00:00,18.4,81,0.5,0.0,849.0
2016-07-11 23:00:00,17.9,88,1.8,0.0,848.7
2016-07-12 00:00:00,17.5,89,2.6,0.0,848.4
2016-07-12 01:00:00,17.2,91,3.2,0.0,847.7
2016-07-12 02:00:00,17.3,91,3.4,0.0,847.6
2016-07-12 03:00:00,17.1,92,3.6,0.0,847.1
2016-07-12 04:00:00,17.0,92,3.7,0.0,846.9
2016-07-12 05:00:00,16.8,91,3.5,0.0,846.8
2016-07-12 06:00:00,16.6,91,3.8,0.0,847.2
2016-07-12 07:00:00,16.8,92,2.5,42.0,847.6
2016-07-12 08:00:00,18.5,81,2.5,175.0,848.6
2016-07-12 09:00:00,20.5,72,3.2,361.0,849.5
2016-07-12 10:00:00,22.2,64,4.5,511.0,849.6
2016-07-12 11:00:00,23.8,56,3.5,674.0,849.6
2016-07-12 12:00:00,25.3,49,1.8,859.0,849.4
2016-07-12 13:00:00,26.5,45,3.3,925.0,848.8
2016-07-12 14:00:00,27.5,41,4.7,910.0,848.2
2016-07-12 15:00:00,28.2,37,5.8,699.0,847.8
2016-07-12 16:00:00,28.4,35,7.1,560.0,847.4
2016-07-12 17:00:00,28.5,35,8.0,492.0,846.9
2016-07-12 18:00:00,28.1,36,5.1,330.0,846.9
2016-07-12 19:00:00,27.4,40,6.4,241.0,846.4
2016-07-12 20:00:00,25.9,47,4.7,92.0,846.0
2016-07-12 21:00:00,23.6,62,6.9,3.0,844.9
2016-07-12 22:00:00,22.2,68,7.2,0.0,844.7
2016-07-12 23:00:00,21.2,71,6.9,0.0,844.8
2016-07-13 00:00:00,20.5,74,5.7,0.0,844.8
2016-07-13 01:00:00,20.2,75,5.0,0.0,844.7
2016-07-13 02:00:00,19.9,75,5.0,0.0,844.4
2016-07-13 03:00:00,20.1,75,4.7,0.0,844.3
2016-07-13 04:00:00,19.8,77,4.8,0.0,844.1
2016-07-13 05:00:00,20.6,70,4.3,0.0,845.1
2016-07-13 06:00:00,19.2,80,5.1,0.0,845.4
2016-07-13 07:00:00,19.3,75,7.4,22.0,846.3
2016-07-13 08:00:00,19.1,70,9.2,72.0,847.5
2016-07-13 09:00:00,19.1,68,9.9,175.0,847.9
2016-07-13 10:00:00,19.7,67,10.7,272.0,848.5
2016-07-13 11:00:00,20.5,65,10.9,345.0,849.2
2016-07-13 12:00:00,21.7,60,11.7,443.0,849.8
2016-07-13 13:00:00,22.3,57,12.0,431.0,849.9
2016-07-13 14:00:00,22.3,57,10.0,373.0,849.8
2016-07-13 15:00:00,19.9,70,7.7,220.0,848.2
2016-07-13 16:00:00,20.4,65,4.3,213.0,848.6
2016-07-13 17:00:00,20.8,60,2.2,152.0,847.9
2016-07-13 18:00:00,21.1,57,4.0,109.0,849.6
2016-07-13 19:00:00,21.3,55,5.2,100.0,848.6
2016-07-13 20:00:00,21.1,58,3.6,54.0,849.0
2016-07-13 21:00:00,19.8,74,4.3,2.0,848.5
2016-07-13 22:00:00,19.1,74,4.1,0.0,848.7
2016-07-13 23:00:00,18.4,76,4.7,0.0,848.6
2016-07-14 00:00:00,17.5,80,4.9,0.0,848.0
2016-07-14 01:00:00,16.8,83,4.4,0.0,847.4
2016-07-14 02:00:00,16.2,87,4.7,0.0,846.6
2016-07-14 03:00:00,15.6,89,5.4,0.0,845.8
2016-07-14 04:00:00,15.2,91,4.0,0.0,845.5
2016-07-14 05:00:00,14.7,94,3.6,0.0,845.4
2016-07-14 06:00:00,13.8,97,2.9,0.0,846.4
2016-07-14 07:00:00,14.5,97,5.5,42.0,846.4
2016-07-14 08:00:00,18.2,81,5.7,177.0,848.8
2016-07-14 09:00:00,20.8,65,7.4,344.0,849.9
2016-07-14 10:00:00,22.5,55,11.9,522.0,850.4
2016-07-14 11:00:00,24.1,47,14.2,715.0,850.9
2016-07-14 12:00:00,25.5,40,12.3,811.0,851.5
2016-07-14 13:00:00,26.7,35,7.2,893.0,850.8
2016-07-14 14:00:00,27.2,33,6.9,868.0,849.6
2016-07-14 15:00:00,26.6,32,7.2,942.0,848.6
2016-07-14 16:00:00,26.9,30,5.5,830.0,848.0
2016-07-14 17:00:00,27.0,29,3.4,663.0,847.0
2016-07-14 18:00:00,27.0,28,4.4,492.0,847.7
2016-07-14 19:00:00,26.6,28,2.9,267.0,847.3
2016-07-14 20:00:00,25.9,32,2.4,95.0,847.3
2016-07-14 21:00:00,25.1,32,0.4,3.0,847.3
2016-07-14 22:00:00,22.0,55,4.0,0.0,845.9
2016-07-14 23:00:00,20.2,61,5.1,0.0,844.9
2016-07-15 00:00:00,18.7,67,6.0,0.0,844.0
2016-07-15 01:00:00,17.2,74,5.7,0.0,843.3
2016-07-15 02:00:00,16.3,80,5.5,0.0,842.6
2016-07-15 03:00:00,16.2,74,5.2,0.0,842.3
2016-07-15 04:00:00,15.9,75,5.2,0.0,841.7
2016-07-15 05:00:00,15.5,78,5.9,0.0,841.6
2016-07-15 06:00:00,15.1,80,5.0,0.0,842.2
2016-07-15 07:00:00,15.9,80,4.3,46.0,842.7
2016-07-15 08:00:00,19.0,72,3.6,213.0,844.5
2016-07-15 09:00:00,22.0,52,3.3,417.0,845.6
2016-07-15 10:00:00,24.1,45,4.7,617.0,845.9
2016-07-15 11:00:00,26.0,40,4.3,786.0,845.8
2016-07-15 12:00:00,27.7,36,3.6,912.0,845.7
2016-07-15 13:00:00,29.0,33,1.9,985.0,845.1
2016-07-15 14:00:00,30.2,28,2.2,991.0,844.7
2016-07-15 15:00:00,30.9,23,3.1,937.0,844.1
2016-07-15 16:00:00,31.3,21,3.3,815.0,843.8
2016-07-15 17:00:00,31.3,19,1.9,609.0,843.4
2016-07-15 18:00:00,31.0,19,7.4,425.0,845.1
2016-07-15 19:00:00,30.6,20,11.9,220.0,845.4
2016-07-15 20:00:00,28.8,23,12.1,78.0,845.6
2016-07-15 21:00:00,26.2,27,12.2,2.0,845.8
2016-07-15 22:00:00,23.9,33,9.8,0.0,845.4
2016-07-15 23:00:00,21.9,43,10.5,0.0,845.2
2016-07-16 00:00:00,21.6,46,4.9,0.0,845.3
2016-07-16 01:00:00,20.1,53,1.9,0.0,844.7
2016-07-16 02:00:00,19.6,53,1.1,0.0,844.6
2016-07-16 03:00:00,21.3,38,2.3,0.0,845.5
2016-07-16 04:00:00,20.6,41,3.6,0.0,845.3
2016-07-16 05:00:00,19.7,45,2.5,0.0,845.3
2016-07-16 06:00:00,18.9,49,2.6,0.0,846.2
2016-07-16 07:00:00,18.5,52,1.3,45.0,846.5
2016-07-16 08:00:00,19.4,64,2.0,208.0,847.4
2016-07-16 09:00:00,22.1,43,3.6,415.0,848.3
2016-07-16 10:00:00,23.7,39,4.6,614.0,848.9
2016-07-16 11:00:00,25.2,35,4.9,785.0,849.2
2016-07-16 12:00:00,26.4,33,5.3,913.0,849.3
2016-07-16 13:00:00,27.6,31,5.6,982.0,849.0
2016-07-16 14:00:00,28.6,29,6.5,995.0,848.6
2016-07-16 15:00:00,29.1,27,7.3,941.0,848.3
2016-07-16 16:00:00,29.5,26,7.3,774.0,847.9
2016-07-16 17:00:00,29.7,24,7.4,668.0,847.1
2016-07-16 18:00:00,29.6,24,5.2,474.0,846.9
2016-07-16 19:00:00,29.1,24,6.8,271.0,847.0
2016-07-16 20:00:00,27.9,27,6.2,89.0,846.5
2016-07-16 21:00:00,26.2,31,7.2,3.0,846.4
2016-07-16 22:00:00,24.5,38,7.7,0.0,846.3
2016-07-16 23:00:00,23.0,44,8.9,0.0,845.6
2016-07-17 00:00:00,21.8,50,9.3,0.0,845.5
2016-07-17 01:00:00,20.9,53,8.9,0.0,844.7
2016-07-17 02:00:00,20.3,56,8.7,0.0,844.6
2016-07-17 03:00:00,19.7,60,8.7,0.0,843.8
2016-07-17 04:00:00,19.3,60,7.9,0.0,843.7
2016-07-17 05:00:00,19.4,59,7.2,0.0,843.6
2016-07-17 06:00:00,19.5,58,7.0,0.0,844.1
2016-07-17 07:00:00,20.2,56,6.6,27.0,844.3
2016-07-17 08:00:00,21.8,54,6.9,119.0,845.5
2016-07-17 09:00:00,23.9,43,6.6,234.0,845.6
2016-07-17 10:00:00,25.7,40,5.6,384.0,846.5
2016-07-17 11:00:00,26.9,38,6.6,404.0,846.1
2016-07-17 12:00:00,27.7,36,6.4,400.0,846.0
2016-07-17 13:00:00,27.6,37,7.8,347.0,845.2
2016-07-17 14:00:00,27.4,39,9.5,295.0,844.9
2016-07-17 15:00:00,28.0,38,11.4,314.0,844.4
2016-07-17 16:00:00,28.5,37,12.6,391.0,844.3
2016-07-17 17:00:00,28.2,38,12.8,229.0,843.3
2016-07-17 18:00:00,28.3,38,13.8,215.0,843.1
2016-07-17 19:00:00,27.7,41,14.6,84.0,842.6
2016-07-17 20:00:00,26.1,47,8.9,25.0,842.9
2016-07-17 21:00:00,24.4,56,6.2,1.0,842.5
2016-07-17 22:00:00,21.8,74,2.3,0.0,842.0
2016-07-17 23:00:00,20.9,82,2.1,0.0,842.4
2016-07-18 00:00:00,20.6,85,3.3,0.0,842.6
2016-07-18 01:00:00,20.3,88,3.2,0.0,842.3
2016-07-18 02:00:00,20.1,88,3.8,0.0,841.6
2016-07-18 03:00:00,19.9,83,4.1,0.0,841.3
2016-07-18 04:00:00,19.7,85,5.0,0.0,841.2
2016-07-18 05:00:00,19.2,87,5.9,0.0,841.3
2016-07-18 06:00:00,18.8,88,6.3,0.0,841.9
2016-07-18 07:00:00,18.7,89,6.0,15.0,842.7
2016-07-18 08:00:00,18.7,88,6.6,28.0,843.5
2016-07-18 09:00:00,18.7,87,7.8,41.0,844.0
2016-07-18 10:00:00,18.9,84,7.3,111.0,844.5
2016-07-18 11:00:00,19.5,81,6.4,255.0,844.7
2016-07-18 12:00:00,20.0,78,7.1,252.0,844.4
2016-07-18 13:00:00,21.4,70,7.9,482.0,844.3
2016-07-18 14:00:00,22.6,63,8.8,574.0,844.1
2016-07-18 15:00:00,24.9,51,9.2,674.0,844.5
2016-07-18 16:00:00,25.6,48,10.6,621.0,844.4
2016-07-18 17:00:00,25.2,48,11.7,397.0,844.0
2016-07-18 18:00:00,24.9,49,16.2,310.0,844.9
2016-07-18 19:00:00,24.2,50,12.5,169.0,844.4
2016-07-18 20:00:00,23.3,54,5.6,61.0,844.8
2016-07-18 21:00:00,21.6,70,4.7,2.0,844.4
2016-07-18 22:00:00,20.6,69,3.3,0.0,844.4
2016-07-18 23:00:00,20.0,68,3.4,0.0,844.3
2016-07-19 00:00:00,19.9,66,2.9,0.0,844.5
2016-07-19 01:00:00,20.0,64,2.6,0.0,844.4
2016-07-19 02:00:00,19.7,65,2.3,0.0,844.1
2016-07-19 03:00:00,18.2,74,1.9,0.0,843.2
2016-07-19 04:00:00,17.0,80,3.1,0.0,842.2
2016-07-19 05:00:00,16.2,83,4.2,0.0,841.9
2016-07-19 06:00:00,15.7,85,5.4,0.0,842.4
2016-07-19 07:00:00,15.9,86,5.2,41.0,842.3
2016-07-19 08:00:00,19.0,78,4.1,206.0,844.5
2016-07-19 09:00:00,21.5,64,4.4,417.0,845.4
2016-07-19 10:00:00,23.5,56,5.6,617.0,845.9
2016-07-19 11:00:00,25.1,47,6.6,788.0,846.4
2016-07-19 12:00:00,26.5,39,7.7,914.0,846.6
2016-07-19 13:00:00,27.5,34,9.4,974.0,846.6
2016-07-19 14:00:00,28.2,31,10.5,1002.0,846.2
2016-07-19 15:00:00,28.9,29,10.8,944.0,845.7
2016-07-19 16:00:00,29.1,28,10.7,841.0,845.4
2016-07-19 17:00:00,29.0,28,10.3,691.0,845.0
2016-07-19 18:00:00,28.5,29,9.3,497.0,845.1
2016-07-19 19:00:00,27.7,32,8.6,287.0,844.8
2016-07-19 20:00:00,26.1,38,6.9,96.0,844.0
2016-07-19 21:00:00,23.5,56,8.4,2.0,842.9
2016-07-19 22:00:00,21.5,64,8.3,0.0,842.6
2016-07-19 23:00:00,20.1,67,7.6,0.0,842.2
2016-07-20 00:00:00,19.1,70,7.4,0.0,842.2
2016-07-20 01:00:00,18.6,70,6.6,0.0,842.1
2016-07-20 02:00:00,18.7,68,6.0,0.0,842.2
2016-07-20 03:00:00,17.2,71,5.3,0.0,841.1
2016-07-20 04:00:00,16.5,74,4.4,0.0,840.9
2016-07-20 05:00:00,15.7,77,4.5,0.0,840.2
2016-07-20 06:00:00,15.2,79,3.8,0.0,840.6
2016-07-20 07:00:00,16.2,75,3.6,41.0,840.9
2016-07-20 08:00:00,18.6,76,2.7,206.0,842.7
2016-07-20 09:00:00,21.8,54,2.3,413.0,844.1
2016-07-20 10:00:00,24.0,48,3.2,616.0,844.3
2016-07-20 11:00:00,26.1,41,3.7,791.0,844.0
2016-07-20 12:00:00,27.9,36,3.0,919.0,844.2
2016-07-20 13:00:00,29.4,32,4.0,992.0,843.9
2016-07-20 14:00:00,30.7,29,5.6,1003.0,843.8
2016-07-20 15:00:00,31.6,27,6.8,951.0,843.3
2016-07-20 16:00:00,32.3,25,7.6,842.0,843.2
2016-07-20 17:00:00,32.5,24,8.9,685.0,842.7
2016-07-20 18:00:00,32.3,24,10.3,491.0,843.1
2016-07-20 19:00:00,31.3,24,10.0,283.0,842.3
2016-07-20 20:00:00,29.2,29,8.9,93.0,841.7
2016-07-20 21:00:00,26.7,36,8.4,2.0,841.3
2016-07-20 22:00:00,24.3,49,9.0,0.0,841.4
2016-07-20 23:00:00,22.2,59,9.4,0.0,841.0
2016-07-21 00:00:00,20.7,65,8.9,0.0,840.7
2016-07-21 01:00:00,20.1,65,8.0,0.0,840.6
2016-07-21 02:00:00,20.5,59,6.5,0.0,841.2
2016-07-21 03:00:00,20.5,61,5.4,0.0,841.6
2016-07-21 04:00:00,19.9,63,4.6,0.0,841.7
2016-07-21 05:00:00,19.5,65,2.8,0.0,841.7
2016-07-21 06:00:00,19.1,67,0.5,0.0,842.6
2016-07-21 07:00:00,19.1,68,1.1,38.0,843.1
2016-07-21 08:00:00,20.8,74,0.5,201.0,844.3
2016-07-21 09:00:00,23.6,54,3.9,383.0,845.5
2016-07-21 10:00:00,25.5,48,10.6,571.0,846.2
2016-07-21 11:00:00,26.5,43,16.7,722.0,846.7
2016-07-21 12:00:00,26.9,40,18.4,783.0,846.9
2016-07-21 13:00:00,27.1,38,18.6,718.0,846.8
2016-07-21 14:00:00,27.7,36,19.1,727.0,847.0
2016-07-21 15:00:00,28.4,31,19.9,572.0,846.8
2016-07-21 16:00:00,28.2,31,20.9,484.0,847.0
2016-07-21 17:00:00,27.8,32,20.2,344.0,846.8
2016-07-21 18:00:00,26.3,36,18.5,163.0,847.4
2016-07-21 19:00:00,24.9,40,19.8,99.0,847.4
2016-07-21 20:00:00,23.3,45,16.6,25.0,848.7
2016-07-21 21:00:00,22.1,49,11.4,1.0,849.1
2016-07-21 22:00:00,20.9,55,5.9,0.0,849.5
2016-07-21 23:00:00,19.9,62,4.7,0.0,849.3
2016-07-22 00:00:00,18.8,72,4.3,0.0,848.9
2016-07-22 01:00:00,18.2,78,3.2,0.0,848.0
2016-07-22 02:00:00,18.0,81,1.8,0.0,847.8
2016-07-22 03:00:00,17.8,81,1.5,0.0,846.9
2016-07-22 04:00:00,17.7,84,1.8,0.0,846.7
2016-07-22 05:00:00,17.6,86,1.6,0.0,846.5
2016-07-22 06:00:00,17.5,89,2.9,0.0,846.9
2016-07-22 07:00:00,17.7,89,5.4,15.0,846.8
2016-07-22 08:00:00,18.8,79,5.0,87.0,847.8
2016-07-22 09:00:00,19.5,74,4.4,140.0,847.9
2016-07-22 10:00:00,20.3,70,4.7,205.0,848.2
2016-07-22 11:00:00,21.4,65,5.8,303.0,848.2
2016-07-22 12:00:00,22.9,59,7.2,434.0,848.1
2016-07-22 13:00:00,24.7,52,9.6,613.0,847.6
2016-07-22 14:00:00,26.1,46,12.4,680.0,847.3
2016-07-22 15:00:00,28.9,32,14.4,919.0,847.7
2016-07-22 16:00:00,29.0,31,14.7,792.0,847.3
2016-07-22 17:00:00,28.9,31,15.1,671.0,846.9
2016-07-22 18:00:00,28.0,32,12.0,408.0,846.1
2016-07-22 19:00:00,26.8,36,13.2,272.0,845.3
2016-07-22 20:00:00,25.0,42,9.0,82.0,844.7
2016-07-22 21:00:00,23.1,50,9.4,2.0,844.6
2016-07-22 22:00:00,21.5,58,8.7,0.0,844.6
2016-07-22 23:00:00,20.1,67,8.5,0.0,844.2
2016-07-23 00:00:00,18.6,77,7.4,0.0,843.7
2016-07-23 01:00:00,17.6,81,7.2,0.0,842.7
2016-07-23 02:00:00,17.0,83,6.5,0.0,842.1
2016-07-23 03:00:00,17.0,84,6.3,0.0,841.7
2016-07-23 04:00:00,16.9,84,6.1,0.0,841.6
2016-07-23 05:00:00,16.2,87,5.6,0.0,841.6
2016-07-23 06:00:00,15.0,93,5.2,0.0,841.4
2016-07-23 07:00:00,15.8,91,6.0,35.0,842.3
2016-07-23 08:00:00,18.8,84,3.6,184.0,844.2
2016-07-23 09:00:00,21.9,62,1.4,388.0,845.6
2016-07-23 10:00:00,23.9,55,2.0,576.0,845.4
2016-07-23 11:00:00,26.0,48,4.0,755.0,845.6
2016-07-23 12:00:00,27.9,42,5.2,874.0,845.5
2016-07-23 13:00:00,29.6,37,8.3,939.0,844.7
2016-07-23 14:00:00,30.9,34,10.4,941.0,844.3
2016-07-23 15:00:00,31.4,33,11.8,804.0,843.6
2016-07-23 16:00:00,31.4,33,12.8,525.0,843.4
2016-07-23 17:00:00,31.2,33,12.7,379.0,842.4
2016-07-23 18:00:00,31.1,33,10.9,228.0,843.4
2016-07-23 19:00:00,29.5,41,8.9,75.0,842.7
2016-07-23 20:00:00,27.1,53,7.6,27.0,842.2
2016-07-23 21:00:00,24.5,69,8.4,1.0,842.2
2016-07-23 22:00:00,23.0,81,0.5,0.0,843.4
2016-07-23 23:00:00,22.5,87,4.1,0.0,843.5
2016-07-24 00:00:00,22.0,86,4.7,0.0,844.1
2016-07-24 01:00:00,21.7,91,6.9,0.0,843.8
2016-07-24 02:00:00,21.7,91,10.1,0.0,843.9
2016-07-24 03:00:00,20.3,87,10.1,0.0,843.4
2016-07-24 04:00:00,19.8,86,9.8,0.0,843.8
2016-07-24 05:00:00,19.3,86,10.1,0.0,843.8
2016-07-24 06:00:00,18.9,86,11.4,0.0,845.3
2016-07-24 07:00:00,18.7,86,9.9,4.0,845.7
2016-07-24 08:00:00,18.8,86,7.0,15.0,846.8
2016-07-24 09:00:00,19.1,81,5.4,63.0,847.2
2016-07-24 10:00:00,19.8,76,4.6,155.0,848.1
2016-07-24 11:00:00,20.5,68,5.6,218.0,848.3
2016-07-24 12:00:00,21.4,63,13.1,341.0,848.3
2016-07-24 13:00:00,22.9,59,14.8,599.0,848.1
2016-07-24 14:00:00,23.9,56,15.2,638.0,848.1
2016-07-24 15:00:00,24.4,51,15.2,599.0,848.1
2016-07-24 16:00:00,24.4,51,14.8,517.0,848.2
2016-07-24 17:00:00,24.4,51,14.8,537.0,848.1
2016-07-24 18:00:00,24.0,52,14.5,385.0,848.4
2016-07-24 19:00:00,23.1,55,15.1,232.0,848.0
2016-07-24 20:00:00,21.9,60,7.4,78.0,848.5
2016-07-24 21:00:00,20.6,70,5.9,1.0,849.1
2016-07-24 22:00:00,19.6,75,5.0,0.0,849.4
2016-07-24 23:00:00,19.3,72,3.9,0.0,849.8
2016-07-25 00:00:00,19.1,72,4.0,0.0,849.8
2016-07-25 01:00:00,18.7,74,3.1,0.0,849.8
2016-07-25 02:00:00,18.3,76,2.2,0.0,849.2
2016-07-25 03:00:00,18.3,81,2.5,0.0,849.1
2016-07-25 04:00:00,18.0,82,2.2,0.0,848.9
2016-07-25 05:00:00,17.8,83,1.1,0.0,848.8
2016-07-25 06:00:00,17.7,83,2.9,0.0,849.5
2016-07-25 07:00:00,18.0,83,2.4,23.0,849.6
2016-07-25 08:00:00,19.2,78,1.8,120.0,850.4
2016-07-25 09:00:00,20.3,69,3.2,212.0,851.2
2016-07-25 10:00:00,21.5,64,6.9,349.0,852.0
2016-07-25 11:00:00,22.0,60,9.3,311.0,852.5
2016-07-25 12:00:00,22.5,58,10.2,332.0,852.9
2016-07-25 13:00:00,24.2,54,8.0,695.0,853.9
2016-07-25 14:00:00,25.0,51,6.2,624.0,854.5
2016-07-25 15:00:00,20.5,72,5.4,191.0,852.1
2016-07-25 16:00:00,20.6,68,4.0,183.0,852.5
2016-07-25 17:00:00,20.1,71,2.9,129.0,852.0
2016-07-25 18:00:00,20.1,69,5.1,118.0,851.9
2016-07-25 19:00:00,20.0,69,4.0,78.0,852.3
2016-07-25 20:00:00,19.7,72,3.1,26.0,852.5
2016-07-25 21:00:00,19.3,77,3.3,1.0,852.3
2016-07-25 22:00:00,18.9,83,4.2,0.0,852.3
2016-07-25 23:00:00,18.5,86,4.5,0.0,851.8
2016-07-26 00:00:00,18.2,89,4.5,0.0,851.6
2016-07-26 01:00:00,17.9,91,4.8,0.0,850.9
2016-07-26 02:00:00,17.8,92,4.9,0.0,850.6
2016-07-26 03:00:00,17.6,95,4.4,0.0,849.9
2016-07-26 04:00:00,17.4,95,4.0,0.0,849.8
2016-07-26 05:00:00,17.0,95,4.4,0.0,849.1
2016-07-26 06:00:00,16.6,96,4.3,0.0,850.1
2016-07-26 07:00:00,16.5,96,5.8,19.0,849.8
2016-07-26 08:00:00,18.8,86,4.9,128.0,850.8
2016-07-26 09:00:00,20.8,73,4.9,298.0,851.9
2016-07-26 10:00:00,23.0,61,5.4,552.0,852.1
2016-07-26 11:00:00,24.9,53,5.8,738.0,852.3
2016-07-26 12:00:00,26.5,46,5.8,884.0,852.1
2016-07-26 13:00:00,27.8,38,4.1,1000.0,851.7
2016-07-26 14:00:00,28.4,33,1.6,927.0,851.1
2016-07-26 15:00:00,28.8,30,2.6,907.0,850.4
2016-07-26 16:00:00,29.3,28,4.5,822.0,850.4
2016-07-26 17:00:00,29.3,28,6.0,660.0,849.7
2016-07-26 18:00:00,28.9,28,4.3,449.0,850.6
2016-07-26 19:00:00,28.2,32,4.7,269.0,850.7
2016-07-26 20:00:00,26.0,42,7.1,72.0,849.7
2016-07-26 21:00:00,23.2,60,7.6,1.0,849.3
2016-07-26 22:00:00,23.6,48,5.5,0.0,850.0
2016-07-26 23:00:00,21.7,57,1.1,0.0,849.6
2016-07-27 00:00:00,20.6,60,2.8,0.0,849.1
2016-07-27 01:00:00,19.7,64,4.1,0.0,848.5
2016-07-27 02:00:00,19.1,66,4.7,0.0,848.1
2016-07-27 03:00:00,18.0,69,4.8,0.0,847.4
2016-07-27 04:00:00,17.5,71,4.7,0.0,846.9
2016-07-27 05:00:00,17.0,73,5.0,0.0,846.8
2016-07-27 06:00:00,16.6,75,4.8,0.0,847.7
2016-07-27 07:00:00,16.6,78,3.6,32.0,847.8
2016-07-27 08:00:00,19.4,76,4.9,189.0,849.4
2016-07-27 09:00:00,22.9,55,5.2,393.0,850.8
2016-07-27 10:00:00,24.8,49,5.4,594.0,851.4
2016-07-27 11:00:00,26.6,43,5.0,766.0,851.5
2016-07-27 12:00:00,28.1,38,4.7,895.0,851.5
2016-07-27 13:00:00,29.2,35,3.3,969.0,850.8
2016-07-27 14:00:00,30.1,33,1.8,978.0,850.5
2016-07-27 15:00:00,30.9,25,0.4,910.0,849.7
2016-07-27 16:00:00,31.2,23,3.1,808.0,849.4
2016-07-27 17:00:00,31.3,22,4.7,645.0,848.9
2016-07-27 18:00:00,30.7,22,6.1,440.0,849.6
2016-07-27 19:00:00,29.9,25,5.1,199.0,849.8
2016-07-27 20:00:00,28.0,40,6.0,65.0,849.4
2016-07-27 21:00:00,27.2,29,3.2,1.0,849.6
2016-07-27 22:00:00,25.5,34,2.9,0.0,849.4
2016-07-27 23:00:00,23.2,46,4.9,0.0,848.1
2016-07-28 00:00:00,21.6,53,5.6,0.0,847.4
2016-07-28 01:00:00,20.5,58,5.4,0.0,847.0
2016-07-28 02:00:00,19.5,63,5.8,0.0,846.5
2016-07-28 03:00:00,17.8,73,5.8,0.0,845.4
2016-07-28 04:00:00,17.2,76,6.5,0.0,845.0
2016-07-28 05:00:00,16.8,78,6.5,0.0,844.9
2016-07-28 06:00:00,16.6,80,6.5,0.0,846.0
2016-07-28 07:00:00,17.2,79,5.0,31.0,845.9
2016-07-28 08:00:00,20.0,76,5.8,190.0,847.3
2016-07-28 09:00:00,23.8,54,5.5,400.0,849.0
2016-07-28 10:00:00,26.0,47,5.1,604.0,849.4
2016-07-28 11:00:00,28.0,40,5.3,771.0,849.7
2016-07-28 12:00:00,29.4,35,5.4,899.0,849.5
2016-07-28 13:00:00,30.5,32,3.3,954.0,849.1
2016-07-28 14:00:00,31.3,29,1.1,960.0,848.4
2016-07-28 15:00:00,32.2,22,0.7,919.0,848.1
2016-07-28 16:00:00,32.6,20,2.3,801.0,847.5
2016-07-28 17:00:00,32.6,20,3.3,667.0,846.8
2016-07-28 18:00:00,32.4,20,1.1,481.0,847.0
2016-07-28 19:00:00,31.6,23,1.3,262.0,846.1
2016-07-28 20:00:00,29.5,32,3.6,80.0,845.5
2016-07-28 21:00:00,27.0,42,3.9,1.0,844.8
2016-07-28 22:00:00,24.1,53,5.6,0.0,843.9
2016-07-28 23:00:00,22.5,54,7.6,0.0,843.3
2016-07-29 00:00:00,21.2,58,8.3,0.0,843.0
2016-07-29 01:00:00,20.0,62,7.9,0.0,842.7
2016-07-29 02:00:00,19.2,65,7.5,0.0,841.8
2016-07-29 03:00:00,18.2,67,7.5,0.0,841.5
2016-07-29 04:00:00,17.6,69,7.1,0.0,841.3
2016-07-29 05:00:00,17.4,70,6.7,0.0,841.4
2016-07-29 06:00:00,17.5,69,7.6,0.0,842.7
2016-07-29 07:00:00,18.1,68,5.1,31.0,842.8
2016-07-29 08:00:00,21.0,64,5.0,190.0,845.0
2016-07-29 09:00:00,24.6,47,3.0,397.0,846.9
2016-07-29 10:00:00,26.8,40,1.8,598.0,847.2
2016-07-29 11:00:00,28.7,36,0.8,770.0,847.6
2016-07-29 12:00:00,30.4,32,0.4,899.0,847.5
2016-07-29 13:00:00,31.9,28,1.5,971.0,847.3
2016-07-29 14:00:00,33.1,24,3.1,984.0,846.8
2016-07-29 15:00:00,33.5,23,3.4,934.0,846.1
2016-07-29 16:00:00,34.0,21,3.6,818.0,845.8
2016-07-29 17:00:00,34.2,20,3.4,670.0,845.1
2016-07-29 18:00:00,33.7,19,3.0,476.0,845.2
2016-07-29 19:00:00,31.7,24,4.7,172.0,844.7
2016-07-29 20:00:00,30.1,29,9.2,59.0,844.4
2016-07-29 21:00:00,27.9,36,12.5,1.0,844.0
2016-07-29 22:00:00,25.9,43,12.0,0.0,844.2
2016-07-29 23:00:00,24.2,53,11.1,0.0,844.1
2016-07-30 00:00:00,22.7,62,9.9,0.0,843.9
2016-07-30 01:00:00,21.3,72,9.5,0.0,843.6
2016-07-30 02:00:00,20.1,79,9.0,0.0,842.8
2016-07-30 03:00:00,19.8,77,7.6,0.0,842.8
2016-07-30 04:00:00,19.9,75,6.8,0.0,843.0
2016-07-30 05:00:00,19.6,76,6.0,0.0,843.1
2016-07-30 06:00:00,18.9,80,5.7,0.0,844.0
2016-07-30 07:00:00,18.8,81,5.3,29.0,844.1
2016-07-30 08:00:00,20.4,81,4.6,184.0,845.6
2016-07-30 09:00:00,23.6,61,2.9,389.0,847.0
2016-07-30 10:00:00,25.7,53,0.4,591.0,847.6
2016-07-30 11:00:00,27.8,47,1.3,763.0,848.0
2016-07-30 12:00:00,29.8,40,2.3,892.0,848.3
2016-07-30 13:00:00,31.4,33,3.1,968.0,847.9
2016-07-30 14:00:00,32.8,26,3.9,971.0,847.3
2016-07-30 15:00:00,33.5,23,4.7,921.0,846.7
2016-07-30 16:00:00,34.0,20,5.2,799.0,846.1
2016-07-30 17:00:00,34.2,19,6.3,660.0,845.5
2016-07-30 18:00:00,34.2,18,5.3,455.0,846.3
2016-07-30 19:00:00,33.0,19,2.1,209.0,846.0
2016-07-30 20:00:00,31.3,23,4.4,71.0,845.4
2016-07-30 21:00:00,28.5,30,9.8,0.0,845.1
2016-07-30 22:00:00,26.4,41,12.5,0.0,845.4
2016-07-30 23:00:00,24.7,51,12.2,0.0,845.9
2016-07-31 00:00:00,23.3,60,10.7,0.0,845.9
2016-07-31 01:00:00,22.0,69,9.4,0.0,845.6
2016-07-31 02:00:00,20.6,79,9.4,0.0,845.0
2016-07-31 03:00:00,19.8,80,7.4,0.0,844.8
2016-07-31 04:00:00,19.9,78,5.4,0.0,845.1
2016-07-31 05:00:00,19.6,80,4.2,0.0,845.0
2016-07-31 06:00:00,19.0,83,3.4,0.0,846.1
2016-07-31 07:00:00,18.7,85,3.7,27.0,845.8
2016-07-31 08:00:00,20.6,80,3.0,173.0,847.4
2016-07-31 09:00:00,23.1,65,2.5,366.0,848.4
2016-07-31 10:00:00,25.3,55,3.0,585.0,848.7
2016-07-31 11:00:00,27.6,46,4.0,759.0,849.2
2016-07-31 12:00:00,29.5,38,4.0,888.0,849.2
2016-07-31 13:00:00,31.0,32,3.6,918.0,848.7
2016-07-31 14:00:00,32.0,27,3.1,865.0,848.3
2016-07-31 15:00:00,32.4,25,4.1,900.0,847.4
2016-07-31 16:00:00,32.9,23,5.4,790.0,847.0
2016-07-31 17:00:00,33.1,23,6.1,647.0,846.3
2016-07-31 18:00:00,32.9,23,5.6,425.0,846.1
2016-07-31 19:00:00,32.2,24,7.0,246.0,846.2
2016-07-31 20:00:00,30.4,28,8.0,61.0,845.3
2016-07-31 21:00:00,28.9,32,10.9,0.0,845.5
2016-07-31 22:00:00,27.3,38,11.1,0.0,846.3
2016-07-31 23:00:00,25.8,47,12.5,0.0,846.7
2016-08-01 00:00:00,24.4,55,11.0,0.0,846.2
2016-08-01 01:00:00,23.3,62,9.2,0.0,846.2
2016-08-01 02:00:00,22.3,69,9.4,0.0,845.5
2016-08-01 03:00:00,21.4,75,7.7,0.0,845.4
2016-08-01 04:00:00,20.3,82,6.1,0.0,844.5
2016-08-01 05:00:00,19.9,84,5.6,0.0,845.0
2016-08-01 06:00:00,19.2,88,4.5,0.0,845.2
2016-08-01 07:00:00,19.4,87,6.1,23.0,845.6
2016-08-01 08:00:00,21.4,77,6.2,150.0,846.9
2016-08-01 09:00:00,23.2,68,4.0,348.0,847.2
2016-08-01 10:00:00,25.2,59,1.5,543.0,847.7
2016-08-01 11:00:00,27.1,52,1.8,725.0,848.0
2016-08-01 12:00:00,28.8,45,2.9,852.0,848.1
2016-08-01 13:00:00,30.1,39,3.4,819.0,847.9
2016-08-01 14:00:00,31.0,36,3.3,820.0,847.5
2016-08-01 15:00:00,31.6,32,4.0,806.0,846.6
2016-08-01 16:00:00,32.3,31,5.1,743.0,846.5
2016-08-01 17:00:00,32.5,29,5.2,611.0,845.6
2016-08-01 18:00:00,32.0,30,6.4,388.0,845.4
2016-08-01 19:00:00,31.0,32,7.9,210.0,845.3
2016-08-01 20:00:00,29.9,35,7.8,49.0,845.3
2016-08-01 21:00:00,28.8,38,8.2,0.0,845.4
2016-08-01 22:00:00,27.5,43,10.6,0.0,846.1
2016-08-01 23:00:00,26.2,48,13.0,0.0,846.1
2016-08-02 00:00:00,24.8,56,13.2,0.0,846.3
2016-08-02 01:00:00,23.8,63,11.2,0.0,846.2
2016-08-02 02:00:00,22.8,70,9.7,0.0,845.6
2016-08-02 03:00:00,22.1,74,8.2,0.0,845.3
2016-08-02 04:00:00,21.5,78,7.4,0.0,845.1
2016-08-02 05:00:00,20.8,83,5.8,0.0,845.1
2016-08-02 06:00:00,20.2,86,4.6,0.0,846.3
2016-08-02 07:00:00,20.3,86,5.7,20.0,846.2
2016-08-02 08:00:00,21.8,75,7.3,129.0,846.9
2016-08-02 09:00:00,23.5,66,5.5,329.0,847.2
2016-08-02 10:00:00,25.2,59,2.2,482.0,847.5
2016-08-02 11:00:00,27.3,50,2.6,662.0,847.9
2016-08-02 12:00:00,29.4,42,4.0,794.0,847.9
2016-08-02 13:00:00,31.0,38,5.0,896.0,847.9
2016-08-02 14:00:00,32.2,34,7.0,904.0,847.3
2016-08-02 15:00:00,32.5,33,9.6,804.0,846.8
2016-08-02 16:00:00,32.8,32,10.7,624.0,846.4
2016-08-02 17:00:00,32.4,33,14.3,430.0,846.0
2016-08-02 18:00:00,31.9,33,12.1,354.0,845.3
2016-08-02 19:00:00,30.2,37,13.5,189.0,845.4
2016-08-02 20:00:00,28.9,42,11.1,43.0,845.1
2016-08-02 21:00:00,27.8,46,12.5,0.0,846.1
2016-08-02 22:00:00,26.6,51,15.1,0.0,846.5
2016-08-02 23:00:00,25.3,57,14.8,0.0,846.6
2016-08-03 00:00:00,24.4,62,13.5,0.0,846.4
2016-08-03 01:00:00,23.7,66,11.7,0.0,846.3
2016-08-03 02:00:00,23.0,69,10.2,0.0,845.9
2016-08-03 03:00:00,22.5,71,8.8,0.0,845.8
2016-08-03 04:00:00,21.9,75,8.3,0.0,845.7
2016-08-03 05:00:00,21.1,81,6.4,0.0,845.7
2016-08-03 06:00:00,20.7,82,3.4,0.0,846.5
2016-08-03 07:00:00,20.6,84,5.5,21.0,847.0
2016-08-03 08:00:00,22.4,72,7.9,127.0,847.8
2016-08-03 09:00:00,24.0,65,7.8,291.0,848.6
2016-08-03 10:00:00,25.6,58,6.4,426.0,848.7
2016-08-03 11:00:00,27.5,50,4.6,582.0,849.2
2016-08-03 12:00:00,29.1,44,3.7,672.0,849.1
2016-08-03 13:00:00,30.9,39,4.1,835.0,848.9
2016-08-03 14:00:00,32.0,36,5.2,790.0,848.2
2016-08-03 15:00:00,32.5,33,9.3,780.0,847.2
2016-08-03 16:00:00,33.2,32,10.7,697.0,847.1
2016-08-03 17:00:00,33.0,31,14.0,544.0,846.7
2016-08-03 18:00:00,31.5,34,15.8,326.0,846.4
2016-08-03 19:00:00,30.1,38,13.7,131.0,846.1
2016-08-03 20:00:00,29.0,42,11.9,35.0,845.9
2016-08-03 21:00:00,27.9,46,13.7,0.0,846.5
2016-08-03 22:00:00,26.7,51,16.6,0.0,846.8
2016-08-03 23:00:00,25.6,55,15.0,0.0,847.2
2016-08-04 00:00:00,24.6,59,13.8,0.0,847.0
2016-08-04 01:00:00,23.8,63,12.0,0.0,846.8
2016-08-04 02:00:00,23.2,66,10.0,0.0,846.6
2016-08-04 03:00:00,22.7,67,8.3,0.0,846.6
2016-08-04 04:00:00,21.7,73,6.9,0.0,846.4
2016-08-04 05:00:00,20.8,79,6.4,0.0,846.1
2016-08-04 06:00:00,20.2,82,4.8,0.0,847.0
2016-08-04 07:00:00,20.2,83,5.0,20.0,846.9
2016-08-04 08:00:00,22.1,71,6.4,132.0,847.9
2016-08-04 09:00:00,23.7,65,4.6,279.0,848.5
2016-08-04 10:00:00,25.8,56,0.7,486.0,849.0
2016-08-04 11:00:00,27.0,50,3.1,503.0,849.4
2016-08-04 12:00:00,28.9,43,4.0,693.0,849.6
2016-08-04 13:00:00,30.2,38,4.3,696.0,849.2
2016-08-04 14:00:00,31.1,35,5.5,619.0,848.9
2016-08-04 15:00:00,32.1,31,6.6,696.0,848.4
2016-08-04 16:00:00,33.0,29,8.4,687.0,848.3
2016-08-04 17:00:00,33.0,28,9.3,529.0,847.7
2016-08-04 18:00:00,32.7,28,7.6,343.0,848.0
2016-08-04 19:00:00,31.9,29,9.1,213.0,847.8
2016-08-04 20:00:00,30.5,33,7.3,51.0,847.8
2016-08-04 21:00:00,28.9,39,8.2,0.0,848.1
2016-08-04 22:00:00,27.5,46,9.7,0.0,848.5
2016-08-04 23:00:00,26.2,52,10.6,0.0,848.9
2016-08-05 00:00:00,24.9,58,9.2,0.0,848.4
2016-08-05 01:00:00,23.9,63,7.9,0.0,848.2
2016-08-05 02:00:00,22.6,72,7.7,0.0,847.9
2016-08-05 03:00:00,21.9,73,7.1,0.0,847.4
2016-08-05 04:00:00,20.9,79,6.4,0.0,847.4
2016-08-05 05:00:00,20.4,82,6.0,0.0,847.1
2016-08-05 06:00:00,20.1,83,4.5,0.0,848.2
2016-08-05 07:00:00,20.1,83,4.8,22.0,848.0
2016-08-05 08:00:00,22.5,77,3.3,167.0,849.4
2016-08-05 09:00:00,25.1,60,2.5,368.0,850.3
2016-08-05 10:00:00,27.1,52,4.3,573.0,850.6
2016-08-05 11:00:00,29.2,43,5.8,726.0,851.1
2016-08-05 12:00:00,30.4,37,7.2,680.0,851.0
2016-08-05 13:00:00,31.8,32,9.1,821.0,850.7
2016-08-05 14:00:00,33.0,28,10.6,874.0,850.7
2016-08-05 15:00:00,33.6,26,12.4,756.0,849.9
2016-08-05 16:00:00,33.9,24,14.1,686.0,849.5
2016-08-05 17:00:00,33.9,22,15.3,543.0,848.7
2016-08-05 18:00:00,33.6,21,14.3,352.0,849.6
2016-08-05 19:00:00,32.9,21,14.3,214.0,849.1
2016-08-05 20:00:00,31.4,23,6.9,55.0,849.2
2016-08-05 21:00:00,29.8,26,8.7,0.0,849.2
2016-08-05 22:00:00,28.1,34,9.3,0.0,849.3
2016-08-05 23:00:00,26.3,44,9.7,0.0,849.4
2016-08-06 00:00:00,24.9,54,7.9,0.0,849.4
2016-08-06 01:00:00,23.7,62,7.1,0.0,849.0
2016-08-06 02:00:00,22.5,72,6.0,0.0,848.3
2016-08-06 03:00:00,22.4,68,6.1,0.0,848.1
2016-08-06 04:00:00,22.3,68,3.8,0.0,848.1
2016-08-06 05:00:00,21.5,71,2.1,0.0,847.9
2016-08-06 06:00:00,20.9,74,1.5,0.0,848.2
2016-08-06 07:00:00,20.7,74,1.1,21.0,848.2
2016-08-06 08:00:00,22.3,74,1.1,161.0,849.6
2016-08-06 09:00:00,25.3,54,3.6,367.0,850.6
2016-08-06 10:00:00,27.6,42,5.8,543.0,851.1
2016-08-06 11:00:00,29.7,33,8.3,727.0,851.6
2016-08-06 12:00:00,31.1,28,12.1,798.0,851.4
2016-08-06 13:00:00,32.3,24,14.8,919.0,851.3
2016-08-06 14:00:00,33.1,22,16.3,908.0,850.6
2016-08-06 15:00:00,33.7,21,17.9,860.0,850.1
2016-08-06 16:00:00,33.7,20,18.6,729.0,849.8
2016-08-06 17:00:00,33.5,20,20.3,635.0,849.3
2016-08-06 18:00:00,32.4,23,17.5,419.0,849.0
2016-08-06 19:00:00,31.3,25,18.3,223.0,848.4
2016-08-06 20:00:00,30.0,27,14.5,50.0,848.7
2016-08-06 21:00:00,28.9,30,9.7,0.0,849.1
2016-08-06 22:00:00,28.0,33,6.4,0.0,849.3
2016-08-06 23:00:00,26.8,38,8.0,0.0,848.8
2016-08-07 00:00:00,25.6,44,7.9,0.0,848.3
2016-08-07 01:00:00,25.2,43,5.7,0.0,848.2
2016-08-07 02:00:00,25.1,40,4.7,0.0,848.2
2016-08-07 03:00:00,23.4,47,4.3,0.0,847.3
2016-08-07 04:00:00,22.2,51,4.7,0.0,846.6
2016-08-07 05:00:00,21.4,54,4.4,0.0,846.3
2016-08-07 06:00:00,20.8,57,3.2,0.0,846.8
2016-08-07 07:00:00,20.7,58,2.2,20.0,846.7
2016-08-07 08:00:00,23.7,49,1.8,160.0,848.6
2016-08-07 09:00:00,26.4,38,1.9,366.0,849.5
2016-08-07 10:00:00,28.4,33,4.7,569.0,850.1
2016-08-07 11:00:00,30.1,29,5.4,735.0,850.3
2016-08-07 12:00:00,31.5,25,5.6,853.0,849.9
2016-08-07 13:00:00,32.7,22,6.8,936.0,849.6
2016-08-07 14:00:00,33.8,20,8.4,944.0,849.2
2016-08-07 15:00:00,34.0,20,8.9,859.0,848.2
2016-08-07 16:00:00,34.6,19,9.8,785.0,847.9
2016-08-07 17:00:00,34.6,19,10.1,622.0,847.0
2016-08-07 18:00:00,34.2,20,8.4,442.0,847.4
2016-08-07 19:00:00,33.3,21,9.5,230.0,846.6
2016-08-07 20:00:00,31.8,24,7.6,56.0,846.8
2016-08-07 21:00:00,30.2,27,9.4,0.0,846.3
2016-08-07 22:00:00,28.8,31,10.5,0.0,847.0
2016-08-07 23:00:00,27.3,37,13.5,0.0,847.2
2016-08-08 00:00:00,26.0,43,13.0,0.0,847.4
2016-08-08 01:00:00,25.0,47,10.5,0.0,847.0
2016-08-08 02:00:00,23.8,52,9.1,0.0,846.3
2016-08-08 03:00:00,22.6,56,8.2,0.0,845.7
2016-08-08 04:00:00,21.5,61,7.9,0.0,845.2
2016-08-08 05:00:00,20.6,66,7.0,0.0,844.8
2016-08-08 06:00:00,19.9,69,6.3,0.0,845.8
2016-08-08 07:00:00,19.7,71,7.1,20.0,845.5
2016-08-08 08:00:00,22.7,59,6.8,164.0,847.1
2016-08-08 09:00:00,25.5,47,4.3,369.0,847.8
2016-08-08 10:00:00,27.9,39,2.8,574.0,848.1
2016-08-08 11:00:00,30.0,32,2.9,750.0,848.3
2016-08-08 12:00:00,31.9,26,1.5,882.0,848.0
2016-08-08 13:00:00,33.6,22,1.0,958.0,847.2
2016-08-08 14:00:00,34.9,19,3.1,977.0,846.8
2016-08-08 15:00:00,35.5,18,4.1,920.0,845.7
2016-08-08 16:00:00,36.1,17,5.9,810.0,845.3
2016-08-08 17:00:00,36.2,16,8.2,649.0,844.5
2016-08-08 18:00:00,35.8,17,8.0,448.0,844.9
2016-08-08 19:00:00,34.4,20,12.1,237.0,843.9
2016-08-08 20:00:00,31.6,28,15.2,56.0,843.3
2016-08-08 21:00:00,29.0,36,20.1,0.0,843.7
2016-08-08 22:00:00,27.3,42,20.0,0.0,844.0
2016-08-08 23:00:00,25.9,47,17.1,0.0,843.9
2016-08-09 00:00:00,24.8,52,13.2,0.0,843.8
2016-08-09 01:00:00,23.8,57,10.7,0.0,843.4
2016-08-09 02:00:00,22.9,61,10.7,0.0,843.1
2016-08-09 03:00:00,22.1,64,8.4,0.0,842.8
2016-08-09 04:00:00,21.2,69,6.2,0.0,842.2
2016-08-09 05:00:00,20.9,69,4.0,0.0,842.3
2016-08-09 06:00:00,20.2,73,3.1,0.0,843.4
2016-08-09 07:00:00,19.3,78,6.0,19.0,843.2
2016-08-09 08:00:00,22.1,64,7.1,163.0,844.5
2016-08-09 09:00:00,24.7,53,5.2,370.0,845.1
2016-08-09 10:00:00,27.1,45,2.9,573.0,845.4
2016-08-09 11:00:00,29.4,37,1.3,747.0,845.8
2016-08-09 12:00:00,31.5,31,0.8,878.0,845.7
2016-08-09 13:00:00,33.5,25,2.7,952.0,845.6
2016-08-09 14:00:00,35.0,22,6.3,965.0,845.2
2016-08-09 15:00:00,35.2,22,10.3,909.0,844.4
2016-08-09 16:00:00,35.7,20,14.2,798.0,844.1
2016-08-09 17:00:00,35.8,19,16.9,630.0,843.6
2016-08-09 18:00:00,34.8,20,16.6,352.0,844.7
2016-08-09 19:00:00,33.1,22,14.8,174.0,843.7
2016-08-09 20:00:00,32.0,24,10.0,35.0,843.8
2016-08-09 21:00:00,30.5,29,10.5,0.0,844.5
2016-08-09 22:00:00,28.3,38,14.5,0.0,845.2
2016-08-09 23:00:00,26.6,47,12.4,0.0,845.2
2016-08-10 00:00:00,25.6,52,8.4,0.0,845.8
2016-08-10 01:00:00,25.0,55,5.9,0.0,845.9
2016-08-10 02:00:00,24.1,59,5.4,0.0,845.7
2016-08-10 03:00:00,23.8,61,4.0,0.0,846.2
2016-08-10 04:00:00,23.2,64,4.1,0.0,846.6
2016-08-10 05:00:00,22.8,65,4.1,0.0,847.2
2016-08-10 06:00:00,22.5,65,5.8,0.0,849.3
2016-08-10 07:00:00,22.6,63,6.1,12.0,849.0
2016-08-10 08:00:00,23.4,52,10.0,96.0,850.1
2016-08-10 09:00:00,24.3,46,12.1,261.0,850.5
2016-08-10 10:00:00,25.3,42,12.6,426.0,851.1
2016-08-10 11:00:00,26.7,38,12.9,637.0,851.1
2016-08-10 12:00:00,27.5,36,13.4,604.0,851.4
2016-08-10 13:00:00,28.5,33,13.7,747.0,850.9
2016-08-10 14:00:00,28.9,32,14.5,648.0,850.0
2016-08-10 15:00:00,30.2,32,14.4,869.0,849.6
2016-08-10 16:00:00,30.5,31,14.1,681.0,849.3
2016-08-10 17:00:00,30.8,29,13.9,553.0,848.5
2016-08-10 18:00:00,30.7,28,11.9,333.0,848.7
2016-08-10 19:00:00,30.6,28,10.9,176.0,848.1
2016-08-10 20:00:00,29.9,29,9.8,28.0,848.3
2016-08-10 21:00:00,28.8,34,9.2,0.0,848.7
2016-08-10 22:00:00,27.3,43,8.4,0.0,849.3
2016-08-10 23:00:00,26.2,52,6.9,0.0,849.3
2016-08-11 00:00:00,25.1,58,5.5,0.0,848.8
2016-08-11 01:00:00,24.7,60,3.6,0.0,848.8
2016-08-11 02:00:00,24.5,60,3.3,0.0,848.2
2016-08-11 03:00:00,23.1,67,4.3,0.0,847.3
2016-08-11 04:00:00,22.1,70,5.1,0.0,846.6
2016-08-11 05:00:00,21.6,72,5.2,0.0,846.6
2016-08-11 06:00:00,21.0,75,5.0,0.0,847.3
2016-08-11 07:00:00,20.6,77,4.7,15.0,847.6
2016-08-11 08:00:00,22.8,67,4.7,143.0,849.1
2016-08-11 09:00:00,24.5,60,2.9,340.0,849.4
2016-08-11 10:00:00,26.2,53,3.4,516.0,849.9
2016-08-11 11:00:00,28.3,45,4.1,711.0,850.2
2016-08-11 12:00:00,29.8,40,4.9,781.0,849.9
2016-08-11 13:00:00,31.2,36,5.6,856.0,849.6
2016-08-11 14:00:00,32.2,33,5.6,789.0,848.8
2016-08-11 15:00:00,32.3,32,5.5,727.0,847.8
2016-08-11 16:00:00,33.1,30,7.4,689.0,847.3
2016-08-11 17:00:00,33.1,29,8.6,501.0,847.0
2016-08-11 18:00:00,32.8,29,10.8,323.0,847.5
2016-08-11 19:00:00,32.1,31,9.7,185.0,846.3
2016-08-11 20:00:00,31.1,33,8.9,41.0,846.5
2016-08-11 21:00:00,29.9,37,10.1,0.0,846.8
2016-08-11 22:00:00,28.7,42,13.0,0.0,847.5
2016-08-11 23:00:00,27.3,49,13.7,0.0,847.4
2016-08-12 00:00:00,26.1,55,12.3,0.0,847.3
2016-08-12 01:00:00,25.2,59,8.8,0.0,847.1
2016-08-12 02:00:00,24.4,64,5.8,0.0,846.6
2016-08-12 03:00:00,24.1,65,4.7,0.0,846.9
2016-08-12 04:00:00,23.1,71,3.7,0.0,846.2
2016-08-12 05:00:00,22.3,74,4.7,0.0,846.2
2016-08-12 06:00:00,21.6,77,5.9,0.0,847.1
2016-08-12 07:00:00,21.1,78,7.4,15.0,847.0
2016-08-12 08:00:00,22.8,68,10.2,118.0,848.5
2016-08-12 09:00:00,24.2,64,10.2,290.0,848.8
2016-08-12 10:00:00,25.8,57,8.4,419.0,849.2
2016-08-12 11:00:00,27.4,51,7.4,505.0,849.4
2016-08-12 12:00:00,29.0,45,9.4,539.0,849.6
2016-08-12 13:00:00,30.1,40,10.2,492.0,849.5
2016-08-12 14:00:00,31.0,37,8.7,475.0,848.8
2016-08-12 15:00:00,31.2,38,9.3,616.0,847.8
2016-08-12 16:00:00,32.2,35,9.8,615.0,847.4
2016-08-12 17:00:00,32.6,34,10.4,521.0,847.0
2016-08-12 18:00:00,32.4,35,11.7,378.0,847.5
2016-08-12 19:00:00,31.8,36,11.4,189.0,847.1
2016-08-12 20:00:00,30.8,38,10.6,40.0,847.3
2016-08-12 21:00:00,29.9,40,8.9,0.0,847.6
2016-08-12 22:00:00,29.3,42,6.7,0.0,848.1
2016-08-12 23:00:00,28.3,46,4.6,0.0,847.8
2016-08-13 00:00:00,27.6,50,4.5,0.0,847.8
2016-08-13 01:00:00,26.6,55,3.1,0.0,847.0
2016-08-13 02:00:00,25.8,60,3.4,0.0,846.7
2016-08-13 03:00:00,25.1,59,4.4,0.0,846.3
2016-08-13 04:00:00,24.3,64,3.6,0.0,846.2
2016-08-13 05:00:00,23.5,71,2.9,0.0,846.0
2016-08-13 06:00:00,23.1,73,3.8,0.0,846.4
2016-08-13 07:00:00,22.9,73,1.5,12.0,846.3
2016-08-13 08:00:00,24.1,67,2.1,111.0,847.3
2016-08-13 09:00:00,25.6,62,3.7,303.0,847.9
2016-08-13 10:00:00,27.2,55,5.1,465.0,848.4
2016-08-13 11:00:00,28.7,50,4.8,621.0,848.6
2016-08-13 12:00:00,30.4,45,5.2,712.0,848.9
2016-08-13 13:00:00,31.6,41,5.8,737.0,848.3
2016-08-13 14:00:00,32.9,38,7.0,798.0,847.8
2016-08-13 15:00:00,33.0,37,8.2,732.0,846.5
2016-08-13 16:00:00,33.5,35,7.2,589.0,846.4
2016-08-13 17:00:00,33.4,34,6.4,381.0,846.0
2016-08-13 18:00:00,32.9,35,10.5,295.0,845.7
2016-08-13 19:00:00,32.3,36,7.6,144.0,846.3
2016-08-13 20:00:00,31.3,38,7.7,32.0,846.5
2016-08-13 21:00:00,30.6,41,10.7,0.0,847.0
2016-08-13 22:00:00,29.0,47,10.0,0.0,847.3
2016-08-13 23:00:00,27.1,56,5.6,0.0,846.7
2016-08-14 00:00:00,26.5,59,4.6,0.0,846.7
2016-08-14 01:00:00,25.9,62,3.7,0.0,846.2
2016-08-14 02:00:00,25.2,64,3.6,0.0,845.6
2016-08-14 03:00:00,24.5,67,3.0,0.0,845.3
2016-08-14 04:00:00,24.0,72,2.3,0.0,845.0
2016-08-14 05:00:00,23.3,77,2.4,0.0,844.8
2016-08-14 06:00:00,23.2,77,3.6,0.0,845.2
2016-08-14 07:00:00,23.4,72,3.5,12.0,845.0
2016-08-14 08:00:00,24.3,69,3.1,125.0,846.1
2016-08-14 09:00:00,25.5,62,3.7,330.0,846.5
2016-08-14 10:00:00,27.2,55,3.6,471.0,847.2
2016-08-14 11:00:00,28.4,51,5.4,470.0,847.4
2016-08-14 12:00:00,29.5,47,5.8,499.0,847.3
2016-08-14 13:00:00,30.7,44,8.6,585.0,847.4
2016-08-14 14:00:00,31.8,41,11.1,689.0,847.2
2016-08-14 15:00:00,29.7,48,11.5,400.0,846.3
2016-08-14 16:00:00,29.4,50,11.1,320.0,845.6
2016-08-14 17:00:00,29.2,50,12.0,179.0,845.3
2016-08-14 18:00:00,27.5,58,13.8,172.0,844.9
2016-08-14 19:00:00,25.2,72,17.9,55.0,844.0
2016-08-14 20:00:00,24.1,77,14.4,17.0,845.3
2016-08-14 21:00:00,23.3,81,11.2,0.0,846.0
2016-08-14 22:00:00,22.9,84,9.3,0.0,847.0
2016-08-14 23:00:00,22.5,86,7.9,0.0,847.3
2016-08-15 00:00:00,22.3,87,8.1,0.0,847.1
2016-08-15 01:00:00,22.3,86,6.4,0.0,847.0
2016-08-15 02:00:00,22.2,87,6.5,0.0,846.5
2016-08-15 03:00:00,21.8,87,6.3,0.0,845.8
2016-08-15 04:00:00,21.7,87,6.3,0.0,845.5
2016-08-15 05:00:00,21.5,88,5.8,0.0,845.6
2016-08-15 06:00:00,21.4,88,6.0,0.0,846.1
2016-08-15 07:00:00,21.4,87,5.9,3.0,846.7
2016-08-15 08:00:00,21.7,85,5.9,26.0,847.2
2016-08-15 09:00:00,22.2,82,5.4,100.0,847.2
2016-08-15 10:00:00,23.6,74,4.8,183.0,847.9
2016-08-15 11:00:00,24.8,68,5.6,247.0,848.2
2016-08-15 12:00:00,25.9,63,7.2,357.0,848.5
2016-08-15 13:00:00,27.0,59,7.9,519.0,848.4
2016-08-15 14:00:00,28.5,53,8.0,644.0,848.3
2016-08-15 15:00:00,24.8,67,7.3,366.0,845.7
2016-08-15 16:00:00,25.9,62,7.7,492.0,845.5
2016-08-15 17:00:00,25.9,62,6.7,313.0,845.3
2016-08-15 18:00:00,25.5,63,7.2,195.0,845.2
2016-08-15 19:00:00,24.8,66,6.2,96.0,844.8
2016-08-15 20:00:00,24.1,70,5.1,26.0,844.6
2016-08-15 21:00:00,23.5,73,4.7,0.0,844.9
2016-08-15 22:00:00,23.0,77,4.4,0.0,845.0
2016-08-15 23:00:00,22.5,81,4.1,0.0,844.5
2016-08-16 00:00:00,21.8,86,3.4,0.0,844.1
2016-08-16 01:00:00,21.6,87,3.6,0.0,843.3
2016-08-16 02:00:00,21.1,90,3.9,0.0,842.8
2016-08-16 03:00:00,20.7,91,3.4,0.0,842.4
2016-08-16 04:00:00,20.6,90,2.6,0.0,842.0
2016-08-16 05:00:00,20.3,91,2.9,0.0,842.2
2016-08-16 06:00:00,19.7,94,1.9,0.0,842.4
2016-08-16 07:00:00,19.8,94,3.1,10.0,841.8
2016-08-16 08:00:00,21.6,83,2.6,108.0,843.0
2016-08-16 09:00:00,23.6,72,2.9,269.0,843.3
2016-08-16 10:00:00,25.5,64,2.4,429.0,843.8
2016-08-16 11:00:00,27.4,56,2.8,550.0,843.7
2016-08-16 12:00:00,29.4,48,5.1,715.0,843.2
2016-08-16 13:00:00,31.2,43,3.7,899.0,842.7
2016-08-16 14:00:00,32.7,39,1.5,913.0,842.0
2016-08-16 15:00:00,33.4,36,2.7,725.0,841.1
2016-08-16 16:00:00,34.6,32,3.8,709.0,840.6
2016-08-16 17:00:00,34.9,31,4.0,557.0,840.1
2016-08-16 18:00:00,34.5,32,9.9,330.0,841.1
2016-08-16 19:00:00,33.3,34,6.6,149.0,840.8
2016-08-16 20:00:00,31.1,41,5.5,36.0,839.9
2016-08-16 21:00:00,29.1,49,7.1,0.0,839.8
2016-08-16 22:00:00,27.5,52,8.6,0.0,839.8
2016-08-16 23:00:00,26.2,56,10.3,0.0,839.5
2016-08-17 00:00:00,25.0,61,9.8,0.0,839.4
2016-08-17 01:00:00,24.0,67,9.7,0.0,839.0
2016-08-17 02:00:00,23.0,75,8.4,0.0,838.6
2016-08-17 03:00:00,23.8,66,5.7,0.0,839.3
2016-08-17 04:00:00,23.1,69,5.3,0.0,839.1
2016-08-17 05:00:00,22.6,73,3.6,0.0,839.3
2016-08-17 06:00:00,22.1,76,2.3,0.0,839.8
2016-08-17 07:00:00,21.7,79,1.3,12.0,840.0
2016-08-17 08:00:00,23.0,79,0.4,135.0,840.7
2016-08-17 09:00:00,25.2,63,1.3,334.0,841.6
2016-08-17 10:00:00,27.0,57,3.3,533.0,841.6
2016-08-17 11:00:00,28.9,51,4.9,710.0,841.8
2016-08-17 12:00:00,30.7,46,4.2,835.0,841.3
2016-08-17 13:00:00,32.3,42,3.6,903.0,841.1
2016-08-17 14:00:00,33.8,38,4.0,908.0,840.6
2016-08-17 15:00:00,33.8,38,3.4,452.0,839.8
2016-08-17 16:00:00,34.5,36,4.5,504.0,839.4
2016-08-17 17:00:00,34.4,36,7.0,382.0,838.9
2016-08-17 18:00:00,34.2,37,13.4,280.0,840.4
2016-08-17 19:00:00,33.5,38,13.4,158.0,840.5
2016-08-17 20:00:00,32.0,42,11.1,29.0,840.7
2016-08-17 21:00:00,30.6,47,8.9,0.0,841.1
2016-08-17 22:00:00,28.9,52,8.9,0.0,841.6
2016-08-17 23:00:00,27.7,56,11.6,0.0,842.3
2016-08-18 00:00:00,26.7,60,14.3,0.0,843.4
2016-08-18 01:00:00,25.6,65,14.6,0.0,843.6
2016-08-18 02:00:00,24.6,70,14.3,0.0,843.2
2016-08-18 03:00:00,23.1,77,11.6,0.0,843.2
2016-08-18 04:00:00,22.7,77,11.4,0.0,843.4
2016-08-18 05:00:00,22.2,77,11.3,0.0,843.9
2016-08-18 06:00:00,21.8,76,11.4,0.0,844.9
2016-08-18 07:00:00,21.5,74,11.3,3.0,845.3
2016-08-18 08:00:00,21.4,72,11.8,32.0,846.1
2016-08-18 09:00:00,21.5,68,12.1,103.0,846.9
2016-08-18 10:00:00,21.7,65,11.9,126.0,847.3
2016-08-18 11:00:00,22.7,61,14.1,266.0,848.3
2016-08-18 12:00:00,23.8,57,14.0,329.0,848.6
2016-08-18 13:00:00,25.2,53,15.3,445.0,848.8
2016-08-18 14:00:00,26.5,49,15.3,554.0,848.7
2016-08-18 15:00:00,25.0,52,14.8,429.0,847.5
2016-08-18 16:00:00,25.6,50,15.9,390.0,847.5
2016-08-18 17:00:00,25.4,51,17.6,275.0,847.0
2016-08-18 18:00:00,23.9,56,16.5,108.0,845.8
2016-08-18 19:00:00,22.6,62,18.0,62.0,845.9
2016-08-18 20:00:00,21.5,67,15.6,12.0,846.4
2016-08-18 21:00:00,20.9,71,13.9,0.0,847.1
2016-08-18 22:00:00,20.5,73,11.7,0.0,847.5
2016-08-18 23:00:00,20.2,75,9.4,0.0,848.3
2016-08-19 00:00:00,20.1,76,8.7,0.0,848.2
2016-08-19 01:00:00,20.1,76,7.9,0.0,848.1
2016-08-19 02:00:00,20.0,76,7.4,0.0,847.8
2016-08-19 03:00:00,20.2,77,6.8,0.0,847.6
2016-08-19 04:00:00,20.0,78,6.1,0.0,847.5
2016-08-19 05:00:00,19.9,79,5.6,0.0,847.4
2016-08-19 06:00:00,19.8,79,5.8,0.0,847.9
2016-08-19 07:00:00,19.8,79,5.0,3.0,847.8
2016-08-19 08:00:00,20.3,77,5.4,55.0,848.3
2016-08-19 09:00:00,21.5,72,5.6,121.0,848.8
2016-08-19 10:00:00,22.4,68,5.4,158.0,849.3
2016-08-19 11:00:00,23.8,63,5.5,254.0,849.6
2016-08-19 12:00:00,24.9,59,6.3,337.0,849.6
2016-08-19 13:00:00,26.3,55,6.8,425.0,849.4
2016-08-19 14:00:00,27.6,51,6.9,469.0,848.8
2016-08-19 15:00:00,28.4,48,8.0,499.0,848.1
2016-08-19 16:00:00,29.0,46,9.3,346.0,847.9
2016-08-19 17:00:00,29.4,45,11.0,280.0,847.5
2016-08-19 18:00:00,29.4,44,12.5,184.0,847.5
2016-08-19 19:00:00,28.6,47,14.0,85.0,847.3
2016-08-19 20:00:00,26.9,54,12.8,11.0,847.4
2016-08-19 21:00:00,25.2,62,10.4,0.0,848.0
2016-08-19 22:00:00,23.8,71,9.0,0.0,848.8
2016-08-19 23:00:00,22.8,78,7.0,0.0,849.0
2016-08-20 00:00:00,22.3,81,7.4,0.0,848.9
2016-08-20 01:00:00,21.9,83,7.0,0.0,848.6
2016-08-20 02:00:00,21.5,84,6.3,0.0,848.1
2016-08-20 03:00:00,20.9,81,4.7,0.0,848.0
2016-08-20 04:00:00,20.5,83,4.5,0.0,847.8
2016-08-20 05:00:00,20.2,85,4.1,0.0,848.0
2016-08-20 06:00:00,19.8,88,3.0,0.0,848.0
2016-08-20 07:00:00,19.8,89,4.7,7.0,848.1
2016-08-20 08:00:00,20.6,82,5.1,61.0,848.6
2016-08-20 09:00:00,21.9,77,5.1,161.0,849.2
2016-08-20 10:00:00,23.4,70,5.2,266.0,849.8
2016-08-20 11:00:00,24.8,63,4.6,332.0,849.6
2016-08-20 12:00:00,26.1,57,7.3,383.0,849.9
2016-08-20 13:00:00,27.7,50,9.4,490.0,849.8
2016-08-20 14:00:00,28.6,47,10.5,458.0,849.6
2016-08-20 15:00:00,29.5,44,11.3,510.0,849.2
2016-08-20 16:00:00,30.1,41,13.7,400.0,848.7
2016-08-20 17:00:00,30.5,39,13.8,400.0,848.2
2016-08-20 18:00:00,29.8,42,14.6,300.0,847.4
2016-08-20 19:00:00,27.8,50,16.3,153.0,846.9
2016-08-20 20:00:00,25.5,61,15.8,25.0,846.9
2016-08-20 21:00:00,24.2,69,10.0,0.0,847.7
2016-08-20 22:00:00,23.2,74,8.7,0.0,847.7
2016-08-20 23:00:00,22.5,78,6.4,0.0,847.9
2016-08-21 00:00:00,21.7,83,4.2,0.0,847.5
2016-08-21 01:00:00,21.1,87,3.2,0.0,847.2
2016-08-21 02:00:00,20.6,91,3.3,0.0,846.6
2016-08-21 03:00:00,20.1,93,3.3,0.0,846.3
2016-08-21 04:00:00,20.2,91,2.7,0.0,846.2
2016-08-21 05:00:00,20.1,91,3.3,0.0,846.2
2016-08-21 06:00:00,20.0,91,2.3,0.0,846.3
2016-08-21 07:00:00,19.9,91,2.5,8.0,846.0
2016-08-21 08:00:00,20.9,88,1.8,111.0,846.9
2016-08-21 09:00:00,23.3,72,0.7,311.0,847.8
2016-08-21 10:00:00,25.6,60,3.4,458.0,848.3
2016-08-21 11:00:00,27.6,52,5.4,544.0,847.9
2016-08-21 12:00:00,29.7,44,4.0,664.0,847.4
2016-08-21 13:00:00,31.7,37,2.6,750.0,846.9
2016-08-21 14:00:00,33.6,32,1.8,813.0,846.1
2016-08-21 15:00:00,35.0,29,0.8,759.0,846.0
2016-08-21 16:00:00,35.6,28,2.2,716.0,845.0
2016-08-21 17:00:00,35.5,28,4.0,542.0,844.8
2016-08-21 18:00:00,35.0,28,4.7,334.0,845.2
2016-08-21 19:00:00,33.6,32,5.9,142.0,844.6
2016-08-21 20:00:00,31.9,37,3.2,24.0,844.9
2016-08-21 21:00:00,30.3,41,4.7,0.0,844.9
2016-08-21 22:00:00,29.1,44,12.5,0.0,845.3
2016-08-21 23:00:00,27.7,48,11.5,0.0,845.4
2016-08-22 00:00:00,26.5,54,12.2,0.0,845.6
2016-08-22 01:00:00,25.5,60,12.2,0.0,845.3
2016-08-22 02:00:00,24.7,66,9.7,0.0,845.5
2016-08-22 03:00:00,24.3,69,7.8,0.0,845.7
2016-08-22 04:00:00,23.5,76,5.6,0.0,845.6
2016-08-22 05:00:00,23.3,76,4.0,0.0,845.6
2016-08-22 06:00:00,23.1,77,4.3,0.0,846.9
2016-08-22 07:00:00,22.9,78,4.0,8.0,846.5
2016-08-22 08:00:00,23.8,77,2.6,104.0,847.8
2016-08-22 09:00:00,25.4,66,4.6,271.0,848.5
2016-08-22 10:00:00,26.9,59,4.7,414.0,848.9
2016-08-22 11:00:00,28.5,52,4.8,485.0,849.1
2016-08-22 12:00:00,29.3,49,7.3,392.0,848.7
2016-08-22 13:00:00,30.2,46,7.4,404.0,848.6
2016-08-22 14:00:00,31.3,42,7.8,437.0,848.5
2016-08-22 15:00:00,31.8,43,8.5,660.0,848.6
2016-08-22 16:00:00,32.3,41,12.5,515.0,847.7
2016-08-22 17:00:00,32.1,42,12.6,356.0,848.7
2016-08-22 18:00:00,30.4,47,11.3,194.0,847.6
2016-08-22 19:00:00,25.8,71,8.1,31.0,847.4
2016-08-22 20:00:00,24.8,77,6.7,6.0,847.5
2016-08-22 21:00:00,24.3,79,8.0,0.0,848.3
2016-08-22 22:00:00,23.8,80,7.6,0.0,849.0
2016-08-22 23:00:00,23.3,82,8.7,0.0,848.8
2016-08-23 00:00:00,22.9,85,9.7,0.0,848.4
2016-08-23 01:00:00,22.6,86,10.2,0.0,848.3
2016-08-23 02:00:00,22.1,88,9.7,0.0,848.1
2016-08-23 03:00:00,22.3,83,8.9,0.0,848.3
2016-08-23 04:00:00,21.9,85,7.4,0.0,848.4
2016-08-23 05:00:00,21.4,87,7.2,0.0,847.9
2016-08-23 06:00:00,21.2,86,8.3,0.0,849.3
2016-08-23 07:00:00,21.1,86,7.5,2.0,848.8
2016-08-23 08:00:00,21.2,85,7.2,32.0,849.5
2016-08-23 09:00:00,21.2,83,7.7,66.0,849.6
2016-08-23 10:00:00,21.7,81,8.2,134.0,850.0
2016-08-23 11:00:00,22.0,81,8.2,176.0,850.0
2016-08-23 12:00:00,22.8,76,9.2,222.0,850.2
2016-08-23 13:00:00,23.9,71,10.2,325.0,850.6
2016-08-23 14:00:00,25.1,67,11.3,370.0,850.4
2016-08-23 15:00:00,22.1,78,10.2,129.0,848.9
2016-08-23 16:00:00,22.7,74,10.2,271.0,848.6
2016-08-23 17:00:00,22.9,73,9.0,180.0,848.4
2016-08-23 18:00:00,23.3,70,9.8,132.0,847.5
2016-08-23 19:00:00,23.1,70,7.9,58.0,847.9
2016-08-23 20:00:00,22.7,72,4.9,8.0,848.5
2016-08-23 21:00:00,22.4,74,4.3,0.0,848.8
2016-08-23 22:00:00,21.9,76,4.3,0.0,848.9
2016-08-23 23:00:00,21.6,78,4.6,0.0,849.0
2016-08-24 00:00:00,21.3,79,4.5,0.0,848.8
2016-08-24 01:00:00,21.1,79,4.1,0.0,848.4
2016-08-24 02:00:00,20.9,80,4.6,0.0,848.2
2016-08-24 03:00:00,20.8,81,4.3,0.0,848.0
2016-08-24 04:00:00,20.7,81,3.9,0.0,847.9
2016-08-24 05:00:00,20.6,81,3.5,0.0,847.8
2016-08-24 06:00:00,20.5,81,4.5,0.0,847.8
2016-08-24 07:00:00,20.5,81,4.2,2.0,847.8
2016-08-24 08:00:00,20.8,80,3.9,35.0,848.3
2016-08-24 09:00:00,21.4,77,4.0,86.0,849.0
2016-08-24 10:00:00,22.5,72,5.4,184.0,849.9
2016-08-24 11:00:00,24.0,67,6.2,313.0,850.8
2016-08-24 12:00:00,25.1,63,7.2,346.0,851.4
2016-08-24 13:00:00,26.6,58,8.3,586.0,851.7
2016-08-24 14:00:00,27.5,54,9.4,554.0,851.8
2016-08-24 15:00:00,22.2,69,11.4,119.0,848.9
2016-08-24 16:00:00,22.2,67,12.2,151.0,849.1
2016-08-24 17:00:00,21.7,70,11.3,105.0,849.2
2016-08-24 18:00:00,21.1,75,13.2,38.0,848.6
2016-08-24 19:00:00,20.7,79,11.8,14.0,849.4
2016-08-24 20:00:00,20.2,82,12.9,3.0,850.6
2016-08-24 21:00:00,19.5,82,11.8,0.0,851.6
2016-08-24 22:00:00,18.8,81,9.2,0.0,852.6
2016-08-24 23:00:00,18.2,81,7.4,0.0,852.7
2016-08-25 00:00:00,17.9,81,5.8,0.0,853.3
2016-08-25 01:00:00,17.6,82,6.5,0.0,853.1
2016-08-25 02:00:00,17.2,85,7.2,0.0,853.2
2016-08-25 03:00:00,16.3,86,7.6,0.0,852.9
2016-08-25 04:00:00,15.8,87,8.2,0.0,853.3
2016-08-25 05:00:00,15.3,86,8.0,0.0,853.2
2016-08-25 06:00:00,15.1,87,8.9,0.0,855.6
2016-08-25 07:00:00,14.8,89,7.4,1.0,855.5
2016-08-25 08:00:00,14.8,89,6.8,10.0,855.9
2016-08-25 09:00:00,14.8,87,6.4,18.0,855.9
2016-08-25 10:00:00,14.8,88,6.4,28.0,856.0
2016-08-25 11:00:00,15.0,85,7.4,58.0,856.6
2016-08-25 12:00:00,15.3,85,7.1,77.0,856.4
2016-08-25 13:00:00,15.7,84,6.7,148.0,856.4
2016-08-25 14:00:00,15.6,85,6.6,88.0,855.7
2016-08-25 15:00:00,15.1,83,6.4,90.0,854.9
2016-08-25 16:00:00,15.3,79,6.1,87.0,854.8
2016-08-25 17:00:00,15.7,76,5.1,127.0,854.3
2016-08-25 18:00:00,16.2,73,5.2,121.0,854.7
2016-08-25 19:00:00,16.1,72,5.5,52.0,854.0
2016-08-25 20:00:00,16.0,72,3.7,9.0,854.3
2016-08-25 21:00:00,15.7,74,3.4,0.0,854.4
2016-08-25 22:00:00,15.4,76,3.9,0.0,854.8
2016-08-25 23:00:00,15.1,79,2.7,0.0,854.7
2016-08-26 00:00:00,14.8,80,3.1,0.0,854.5
2016-08-26 01:00:00,14.8,80,2.0,0.0,854.0
2016-08-26 02:00:00,14.6,82,2.3,0.0,853.6
2016-08-26 03:00:00,14.0,89,2.9,0.0,852.8
2016-08-26 04:00:00,14.0,84,1.5,0.0,852.6
2016-08-26 05:00:00,13.8,86,1.9,0.0,852.3
2016-08-26 06:00:00,13.6,88,2.4,0.0,853.7
2016-08-26 07:00:00,13.3,91,2.7,5.0,853.3
2016-08-26 08:00:00,14.5,83,3.3,91.0,854.5
2016-08-26 09:00:00,16.5,74,3.3,263.0,855.5
2016-08-26 10:00:00,18.1,69,3.8,445.0,855.8
2016-08-26 11:00:00,20.1,62,5.2,600.0,856.4
2016-08-26 12:00:00,21.4,58,5.4,628.0,856.5
2016-08-26 13:00:00,22.2,55,6.2,554.0,855.9
2016-08-26 14:00:00,22.6,54,7.4,448.0,855.2
2016-08-26 15:00:00,22.2,53,7.7,376.0,854.1
2016-08-26 16:00:00,22.5,52,9.2,395.0,854.2
2016-08-26 17:00:00,22.5,52,7.9,268.0,853.7
2016-08-26 18:00:00,22.4,52,6.8,212.0,854.5
2016-08-26 19:00:00,21.9,54,5.8,100.0,853.8
2016-08-26 20:00:00,20.6,63,5.8,13.0,853.6
2016-08-26 21:00:00,19.2,74,6.0,0.0,853.7
2016-08-26 22:00:00,18.7,71,4.8,0.0,854.1
2016-08-26 23:00:00,18.7,68,4.4,0.0,854.4
2016-08-27 00:00:00,18.0,72,3.9,0.0,853.9
2016-08-27 01:00:00,17.4,75,2.6,0.0,853.4
2016-08-27 02:00:00,17.0,77,2.3,0.0,852.9
2016-08-27 03:00:00,16.6,76,1.9,0.0,852.5
2016-08-27 04:00:00,16.2,79,1.5,0.0,852.3
2016-08-27 05:00:00,15.9,82,1.5,0.0,852.3
2016-08-27 06:00:00,15.6,84,1.5,0.0,853.2
2016-08-27 07:00:00,15.3,85,1.1,6.0,853.9
2016-08-27 08:00:00,16.9,78,0.8,110.0,854.8
2016-08-27 09:00:00,19.2,66,1.9,320.0,856.0
2016-08-27 10:00:00,20.9,59,2.7,518.0,856.6
2016-08-27 11:00:00,22.5,54,4.7,696.0,856.8
2016-08-27 12:00:00,23.9,51,5.7,818.0,856.4
2016-08-27 13:00:00,24.9,46,6.8,776.0,856.0
2016-08-27 14:00:00,25.9,43,9.4,796.0,856.1
2016-08-27 15:00:00,24.4,46,11.4,374.0,854.6
2016-08-27 16:00:00,24.5,46,11.8,374.0,854.3
2016-08-27 17:00:00,24.8,45,11.7,432.0,853.7
2016-08-27 18:00:00,24.8,45,9.1,287.0,854.2
2016-08-27 19:00:00,24.0,47,8.1,120.0,853.5
2016-08-27 20:00:00,22.4,58,6.8,15.0,852.8
2016-08-27 21:00:00,20.5,70,4.7,0.0,852.3
2016-08-27 22:00:00,20.1,67,4.4,0.0,852.3
2016-08-27 23:00:00,19.9,62,3.9,0.0,852.3
2016-08-28 00:00:00,19.0,66,4.1,0.0,851.9
2016-08-28 01:00:00,17.5,73,5.4,0.0,850.5
2016-08-28 02:00:00,16.6,76,6.7,0.0,850.1
2016-08-28 03:00:00,16.4,77,7.2,0.0,849.6
2016-08-28 04:00:00,16.1,77,7.5,0.0,849.7
2016-08-28 05:00:00,15.8,77,6.7,0.0,849.4
2016-08-28 06:00:00,16.0,75,5.9,0.0,849.9
2016-08-28 07:00:00,15.5,76,6.8,6.0,849.7
2016-08-28 08:00:00,16.8,73,6.3,116.0,850.6
2016-08-28 09:00:00,19.3,59,7.0,317.0,851.1
2016-08-28 10:00:00,21.4,52,6.6,525.0,851.2
2016-08-28 11:00:00,23.2,48,5.7,698.0,851.2
2016-08-28 12:00:00,24.8,44,6.0,820.0,851.0
2016-08-28 13:00:00,26.2,41,6.7,885.0,850.1
2016-08-28 14:00:00,27.4,39,6.5,888.0,849.4
2016-08-28 15:00:00,28.3,36,6.6,670.0,848.2
2016-08-28 16:00:00,28.6,35,7.6,504.0,847.7
2016-08-28 17:00:00,28.0,36,9.1,251.0,847.1
2016-08-28 18:00:00,27.3,38,8.7,146.0,847.1
2016-08-28 19:00:00,26.1,43,7.0,86.0,846.5
2016-08-28 20:00:00,24.2,48,8.2,6.0,846.4
2016-08-28 21:00:00,23.0,52,10.6,0.0,847.2
2016-08-28 22:00:00,22.0,56,13.2,0.0,847.4
2016-08-28 23:00:00,21.0,61,12.0,0.0,847.2
2016-08-29 00:00:00,20.1,66,9.7,0.0,846.7
2016-08-29 01:00:00,19.3,72,7.8,0.0,846.5
2016-08-29 02:00:00,18.2,79,6.8,0.0,846.0
2016-08-29 03:00:00,17.9,82,5.6,0.0,845.6
2016-08-29 04:00:00,17.7,82,5.0,0.0,845.8
2016-08-29 05:00:00,17.2,86,3.7,0.0,845.5
2016-08-29 06:00:00,16.9,89,3.1,0.0,847.1
2016-08-29 07:00:00,17.2,90,3.8,2.0,847.2
2016-08-29 08:00:00,17.9,82,2.9,32.0,847.5
2016-08-29 09:00:00,18.2,78,2.5,68.0,848.0
2016-08-29 10:00:00,18.8,75,6.5,141.0,848.0
2016-08-29 11:00:00,19.3,71,11.5,174.0,848.5
2016-08-29 12:00:00,19.1,72,13.8,142.0,848.6
2016-08-29 13:00:00,19.4,71,15.0,249.0,848.9
2016-08-29 14:00:00,19.0,72,15.6,158.0,848.6
2016-08-29 15:00:00,18.4,76,16.2,101.0,848.5
2016-08-29 16:00:00,18.0,77,14.6,67.0,848.6
2016-08-29 17:00:00,17.8,76,12.0,66.0,848.9
2016-08-29 18:00:00,17.5,76,11.0,51.0,850.7
2016-08-29 19:00:00,17.3,77,8.4,33.0,850.5
2016-08-29 20:00:00,16.8,80,6.4,6.0,850.7
2016-08-29 21:00:00,16.5,83,5.5,0.0,851.4
2016-08-29 22:00:00,16.1,87,3.7,0.0,851.3
2016-08-29 23:00:00,15.9,89,2.3,0.0,851.2
2016-08-30 00:00:00,16.1,82,1.5,0.0,851.4
2016-08-30 01:00:00,16.0,82,1.8,0.0,850.9
2016-08-30 02:00:00,15.8,86,3.2,0.0,850.5
2016-08-30 03:00:00,14.7,92,2.5,0.0,849.4
2016-08-30 04:00:00,14.8,90,2.1,0.0,849.3
2016-08-30 05:00:00,14.1,93,3.3,0.0,848.8
2016-08-30 06:00:00,13.9,94,3.6,0.0,849.1
2016-08-30 07:00:00,13.7,95,3.7,4.0,848.6
2016-08-30 08:00:00,14.8,93,3.6,87.0,849.4
2016-08-30 09:00:00,17.0,78,2.4,181.0,850.3
2016-08-30 10:00:00,18.5,69,2.5,334.0,850.7
2016-08-30 11:00:00,20.2,60,3.7,536.0,851.3
2016-08-30 12:00:00,21.6,53,4.7,647.0,851.1
2016-08-30 13:00:00,22.9,47,6.5,752.0,850.7
2016-08-30 14:00:00,23.9,44,7.9,790.0,849.8
2016-08-30 15:00:00,25.1,38,9.2,802.0,849.4
2016-08-30 16:00:00,25.3,37,10.4,691.0,849.0
2016-08-30 17:00:00,24.9,37,10.5,412.0,848.3
2016-08-30 18:00:00,24.5,38,9.7,251.0,848.0
2016-08-30 19:00:00,23.6,41,7.2,104.0,848.0
2016-08-30 20:00:00,21.9,51,7.1,12.0,847.1
2016-08-30 21:00:00,20.2,62,7.3,0.0,847.0
2016-08-30 22:00:00,20.1,55,6.7,0.0,847.3
2016-08-30 23:00:00,20.2,52,6.1,0.0,847.4
2016-08-31 00:00:00,19.2,56,6.0,0.0,847.1
2016-08-31 01:00:00,18.3,61,5.3,0.0,846.7
2016-08-31 02:00:00,18.1,62,4.7,0.0,846.3
2016-08-31 03:00:00,18.2,63,3.8,0.0,846.1
2016-08-31 04:00:00,17.9,66,3.2,0.0,845.7
2016-08-31 05:00:00,17.6,67,2.9,0.0,845.8
2016-08-31 06:00:00,17.1,72,2.2,0.0,846.9
2016-08-31 07:00:00,16.6,77,3.9,3.0,846.8
2016-08-31 08:00:00,17.8,75,3.8,70.0,847.8
2016-08-31 09:00:00,19.7,61,4.3,151.0,849.1
2016-08-31 10:00:00,20.3,57,5.6,173.0,849.5
2016-08-31 11:00:00,20.9,53,7.1,225.0,849.9
2016-08-31 12:00:00,21.6,49,7.4,338.0,849.8
2016-08-31 13:00:00,22.5,45,6.8,448.0,849.5
2016-08-31 14:00:00,23.5,42,5.5,603.0,849.2
2016-08-31 15:00:00,24.3,34,5.5,567.0,848.8
2016-08-31 16:00:00,24.4,33,5.4,441.0,848.0
2016-08-31 17:00:00,24.5,33,5.7,401.0,847.3
2016-08-31 18:00:00,24.4,33,6.1,281.0,847.8
2016-08-31 19:00:00,23.6,35,4.2,140.0,847.4
2016-08-31 20:00:00,21.5,55,4.3,12.0,846.4
2016-08-31 21:00:00,21.7,38,2.0,0.0,847.2
2016-08-31 22:00:00,21.1,39,3.3,0.0,847.4
2016-08-31 23:00:00,20.4,42,3.3,0.0,847.6
2016-09-01 00:00:00,19.7,45,3.7,0.0,847.6
2016-09-01 01:00:00,18.8,48,3.6,0.0,847.1
2016-09-01 02:00:00,17.7,54,3.6,0.0,846.6
2016-09-01 03:00:00,16.1,65,4.0,0.0,845.3
2016-09-01 04:00:00,15.7,67,4.3,0.0,845.4
2016-09-01 05:00:00,15.3,69,4.7,0.0,844.8
2016-09-01 06:00:00,14.7,72,5.1,0.0,846.3
2016-09-01 07:00:00,14.4,74,5.8,5.0,845.7
2016-09-01 08:00:00,16.5,69,4.7,115.0,847.0
2016-09-01 09:00:00,19.6,58,3.4,319.0,848.8
2016-09-01 10:00:00,21.8,48,2.3,524.0,849.1
2016-09-01 11:00:00,23.7,38,0.7,702.0,849.6
2016-09-01 12:00:00,25.1,32,2.7,805.0,849.3
2016-09-01 13:00:00,26.1,29,4.9,847.0,848.7
2016-09-01 14:00:00,27.0,26,5.5,890.0,847.9
2016-09-01 15:00:00,27.1,22,7.0,831.0,847.0
2016-09-01 16:00:00,27.5,21,8.1,716.0,846.2
2016-09-01 17:00:00,27.3,20,8.2,499.0,845.7
2016-09-01 18:00:00,26.9,20,8.2,322.0,845.9
2016-09-01 19:00:00,25.8,22,7.8,129.0,845.9
2016-09-01 20:00:00,23.8,34,7.1,10.0,845.1
2016-09-01 21:00:00,22.2,44,4.5,0.0,845.4
2016-09-01 22:00:00,21.9,37,3.0,0.0,845.5
2016-09-01 23:00:00,20.7,40,3.4,0.0,845.1
2016-09-02 00:00:00,20.0,38,3.7,0.0,845.0
2016-09-02 01:00:00,19.4,40,2.5,0.0,844.7
2016-09-02 02:00:00,18.2,52,2.1,0.0,844.6
2016-09-02 03:00:00,16.1,67,1.3,0.0,844.0
2016-09-02 04:00:00,16.8,56,2.7,0.0,844.3
2016-09-02 05:00:00,16.3,63,1.4,0.0,844.7
2016-09-02 06:00:00,16.2,65,1.5,0.0,845.0
2016-09-02 07:00:00,16.1,67,2.1,2.0,845.2
2016-09-02 08:00:00,15.9,76,0.8,63.0,845.8
2016-09-02 09:00:00,16.8,64,4.4,175.0,846.7
2016-09-02 10:00:00,17.9,56,5.0,210.0,847.2
2016-09-02 11:00:00,19.5,49,5.1,350.0,847.9
2016-09-02 12:00:00,21.0,44,6.3,465.0,848.0
2016-09-02 13:00:00,21.9,42,9.0,514.0,847.6
2016-09-02 14:00:00,22.5,40,10.7,541.0,847.3
2016-09-02 15:00:00,21.6,46,12.7,346.0,847.0
2016-09-02 16:00:00,20.7,49,13.5,248.0,846.4
2016-09-02 17:00:00,20.3,50,14.8,237.0,846.2
2016-09-02 18:00:00,19.6,52,11.8,127.0,848.1
2016-09-02 19:00:00,19.0,53,9.2,49.0,848.6
2016-09-02 20:00:00,18.4,55,6.1,5.0,848.6
2016-09-02 21:00:00,17.8,60,2.5,0.0,848.7
2016-09-02 22:00:00,17.8,57,1.1,0.0,849.2
2016-09-02 23:00:00,17.6,58,1.8,0.0,848.7
2016-09-03 00:00:00,17.2,61,2.9,0.0,848.4
2016-09-03 01:00:00,17.0,62,2.9,0.0,848.0
2016-09-03 02:00:00,16.7,64,1.5,0.0,847.2
2016-09-03 03:00:00,15.2,78,0.8,0.0,846.6
2016-09-03 04:00:00,15.1,80,1.1,0.0,846.0
2016-09-03 05:00:00,15.0,81,0.5,0.0,846.2
2016-09-03 06:00:00,14.8,83,2.2,0.0,847.0
2016-09-03 07:00:00,14.7,84,1.3,3.0,846.6
2016-09-03 08:00:00,14.9,87,1.1,64.0,847.4
2016-09-03 09:00:00,16.6,73,0.8,225.0,848.1
2016-09-03 10:00:00,17.9,67,1.1,351.0,848.5
2016-09-03 11:00:00,19.3,61,2.4,451.0,849.1
2016-09-03 12:00:00,20.8,55,4.7,574.0,849.1
2016-09-03 13:00:00,21.7,51,5.1,489.0,849.1
2016-09-03 14:00:00,22.1,50,5.8,412.0,848.3
2016-09-03 15:00:00,23.7,44,7.2,626.0,848.9
2016-09-03 16:00:00,24.0,42,8.9,484.0,848.5
2016-09-03 17:00:00,23.6,43,9.8,285.0,848.2
2016-09-03 18:00:00,22.5,47,9.4,257.0,849.3
2016-09-03 19:00:00,21.0,56,7.3,96.0,848.2
2016-09-03 20:00:00,19.6,64,6.9,6.0,848.4
2016-09-03 21:00:00,18.8,70,8.2,0.0,848.8
2016-09-03 22:00:00,17.9,79,7.4,0.0,849.4
2016-09-03 23:00:00,16.9,85,6.6,0.0,848.7
2016-09-04 00:00:00,16.3,86,5.9,0.0,848.9
2016-09-04 01:00:00,16.1,86,4.8,0.0,848.8
2016-09-04 02:00:00,15.6,87,4.1,0.0,848.4
2016-09-04 03:00:00,14.5,88,4.1,0.0,848.0
2016-09-04 04:00:00,14.2,89,4.1,0.0,847.7
2016-09-04 05:00:00,13.9,90,4.0,0.0,848.3
2016-09-04 06:00:00,13.8,90,3.3,0.0,848.8
2016-09-04 07:00:00,14.4,89,2.5,3.0,849.5
2016-09-04 08:00:00,16.0,83,1.5,106.0,851.2
2016-09-04 09:00:00,18.2,72,0.4,300.0,852.1
2016-09-04 10:00:00,20.2,62,2.9,493.0,852.9
2016-09-04 11:00:00,21.9,53,4.5,662.0,853.1
2016-09-04 12:00:00,23.0,48,4.9,681.0,852.6
2016-09-04 13:00:00,24.3,43,5.4,785.0,852.5
2016-09-04 14:00:00,24.9,40,7.2,685.0,851.7
2016-09-04 15:00:00,25.7,37,8.7,710.0,851.2
2016-09-04 16:00:00,25.9,34,10.1,562.0,850.4
2016-09-04 17:00:00,26.1,32,10.5,392.0,850.2
2016-09-04 18:00:00,26.0,30,8.0,216.0,850.2
2016-09-04 19:00:00,25.2,32,5.6,77.0,849.8
2016-09-04 20:00:00,23.8,38,6.4,5.0,849.6
2016-09-04 21:00:00,22.2,50,6.1,0.0,849.5
2016-09-04 22:00:00,21.1,52,6.9,0.0,849.6
2016-09-04 23:00:00,20.1,60,7.2,0.0,849.5
2016-09-05 00:00:00,19.3,66,7.0,0.0,849.1
2016-09-05 01:00:00,18.9,67,6.9,0.0,848.9
2016-09-05 02:00:00,18.3,69,6.4,0.0,848.5
2016-09-05 03:00:00,18.0,66,6.7,0.0,848.1
2016-09-05 04:00:00,17.3,70,6.9,0.0,847.7
2016-09-05 05:00:00,16.6,73,7.4,0.0,847.3
2016-09-05 06:00:00,16.8,72,6.3,0.0,848.3
2016-09-05 07:00:00,17.0,72,6.4,2.0,848.1
2016-09-05 08:00:00,18.0,67,4.9,67.0,849.5
2016-09-05 09:00:00,19.1,61,4.0,135.0,850.1
2016-09-05 10:00:00,19.2,63,4.0,182.0,850.1
2016-09-05 11:00:00,18.3,72,2.9,236.0,849.4
2016-09-05 12:00:00,17.6,78,0.4,149.0,848.7
2016-09-05 13:00:00,17.6,79,3.2,204.0,848.7
2016-09-05 14:00:00,18.1,79,4.2,318.0,850.0
2016-09-05 15:00:00,18.2,75,8.2,206.0,850.1
2016-09-05 16:00:00,17.5,80,9.4,235.0,850.1
2016-09-05 17:00:00,17.5,79,9.4,194.0,849.7
2016-09-05 18:00:00,17.0,82,9.8,147.0,852.4
2016-09-05 19:00:00,16.4,86,9.3,50.0,852.2
2016-09-05 20:00:00,15.9,86,9.3,3.0,852.3
2016-09-05 21:00:00,15.6,87,8.9,0.0,853.1
2016-09-05 22:00:00,15.2,89,8.0,0.0,853.4
2016-09-05 23:00:00,15.1,89,8.4,0.0,853.7
2016-09-06 00:00:00,14.8,88,8.9,0.0,853.5
2016-09-06 01:00:00,14.4,88,7.0,0.0,853.1
2016-09-06 02:00:00,14.0,86,5.2,0.0,852.7
2016-09-06 03:00:00,13.2,77,3.3,0.0,851.9
2016-09-06 04:00:00,13.2,77,2.4,0.0,851.8
2016-09-06 05:00:00,12.9,79,4.2,0.0,851.1
2016-09-06 06:00:00,11.6,88,5.6,0.0,851.0
2016-09-06 07:00:00,11.0,90,5.5,3.0,850.8
2016-09-06 08:00:00,12.4,89,5.2,101.0,851.4
2016-09-06 09:00:00,15.3,71,4.6,299.0,852.7
2016-09-06 10:00:00,17.1,64,6.2,508.0,853.1
2016-09-06 11:00:00,19.0,56,7.9,699.0,853.1
2016-09-06 12:00:00,20.7,47,7.7,832.0,852.9
2016-09-06 13:00:00,21.8,38,6.7,899.0,852.6
2016-09-06 14:00:00,22.6,35,7.2,904.0,852.1
2016-09-06 15:00:00,23.0,33,8.6,845.0,851.5
2016-09-06 16:00:00,23.2,33,8.7,709.0,851.4
2016-09-06 17:00:00,23.0,34,8.9,539.0,850.5
2016-09-06 18:00:00,22.5,34,6.1,334.0,850.2
2016-09-06 19:00:00,21.2,39,6.4,128.0,850.0
2016-09-06 20:00:00,19.0,51,7.9,6.0,848.8
2016-09-06 21:00:00,16.8,63,8.7,0.0,848.3
2016-09-06 22:00:00,15.8,61,8.8,0.0,848.2
2016-09-06 23:00:00,14.8,64,7.9,0.0,848.0
2016-09-07 00:00:00,14.0,66,7.6,0.0,847.8
2016-09-07 01:00:00,14.3,60,6.5,0.0,847.7
2016-09-07 02:00:00,14.1,60,5.7,0.0,847.7
2016-09-07 03:00:00,13.3,63,5.2,0.0,846.8
2016-09-07 04:00:00,12.8,65,4.7,0.0,846.7
2016-09-07 05:00:00,12.3,67,4.8,0.0,846.5
2016-09-07 06:00:00,11.8,70,5.2,0.0,846.9
2016-09-07 07:00:00,11.8,70,4.8,2.0,847.3
2016-09-07 08:00:00,14.1,62,3.2,100.0,848.6
2016-09-07 09:00:00,16.7,53,1.9,267.0,850.1
2016-09-07 10:00:00,18.7,47,2.5,446.0,850.8
2016-09-07 11:00:00,20.0,44,3.0,519.0,850.6
2016-09-07 12:00:00,21.4,41,2.3,641.0,850.5
2016-09-07 13:00:00,22.9,38,2.2,757.0,850.2
2016-09-07 14:00:00,24.3,35,3.8,812.0,850.0
2016-09-07 15:00:00,24.8,32,5.6,727.0,849.1
2016-09-07 16:00:00,25.3,30,7.2,636.0,848.9
2016-09-07 17:00:00,25.2,29,8.5,472.0,848.4
2016-09-07 18:00:00,24.5,29,9.7,269.0,849.6
2016-09-07 19:00:00,23.2,35,5.4,97.0,849.2
2016-09-07 20:00:00,20.5,53,5.2,5.0,848.2
2016-09-07 21:00:00,21.2,36,1.9,0.0,849.3
2016-09-07 22:00:00,20.3,39,4.0,0.0,849.3
2016-09-07 23:00:00,17.6,54,6.2,0.0,848.0
2016-09-08 00:00:00,16.0,61,6.6,0.0,847.3
2016-09-08 01:00:00,14.9,65,6.2,0.0,846.6
2016-09-08 02:00:00,14.4,67,6.1,0.0,846.6
2016-09-08 03:00:00,13.8,69,6.5,0.0,846.1
2016-09-08 04:00:00,13.5,71,6.2,0.0,845.8
2016-09-08 05:00:00,13.3,72,6.2,0.0,845.9
2016-09-08 06:00:00,13.4,71,5.8,0.0,847.5
2016-09-08 07:00:00,13.5,72,6.4,2.0,847.1
2016-09-08 08:00:00,15.5,67,6.2,102.0,848.5
2016-09-08 09:00:00,18.5,57,4.3,305.0,850.1
2016-09-08 10:00:00,20.6,50,2.2,517.0,850.5
2016-09-08 11:00:00,22.5,44,2.2,693.0,850.3
2016-09-08 12:00:00,24.1,39,4.7,810.0,850.0
2016-09-08 13:00:00,25.4,34,6.9,876.0,849.4
2016-09-08 14:00:00,26.5,31,8.4,856.0,848.9
2016-09-08 15:00:00,27.0,28,9.6,724.0,848.0
2016-09-08 16:00:00,27.1,26,10.9,534.0,847.5
2016-09-08 17:00:00,26.8,25,11.8,338.0,846.9
2016-09-08 18:00:00,26.1,28,6.4,158.0,847.4
2016-09-08 19:00:00,24.4,36,5.6,65.0,846.9
2016-09-08 20:00:00,22.6,44,5.1,2.0,846.8
2016-09-08 21:00:00,21.4,50,4.7,0.0,847.3
2016-09-08 22:00:00,21.9,40,6.0,0.0,849.6
2016-09-08 23:00:00,20.7,48,8.9,0.0,850.9
2016-09-09 00:00:00,18.7,66,8.2,0.0,851.3
2016-09-09 01:00:00,17.9,64,7.9,0.0,851.3
2016-09-09 02:00:00,16.7,71,9.2,0.0,851.2
2016-09-09 03:00:00,15.1,84,11.7,0.0,850.7
2016-09-09 04:00:00,14.6,83,13.1,0.0,851.0
2016-09-09 05:00:00,14.0,84,11.7,0.0,851.3
2016-09-09 06:00:00,13.7,84,9.5,0.0,852.4
2016-09-09 07:00:00,13.5,83,6.9,0.0,852.5
2016-09-09 08:00:00,13.6,82,7.0,18.0,853.2
2016-09-09 09:00:00,14.0,77,6.8,51.0,853.8
2016-09-09 10:00:00,14.5,73,7.2,107.0,853.8
2016-09-09 11:00:00,15.6,66,7.8,282.0,854.0
2016-09-09 12:00:00,17.8,56,9.2,661.0,854.2
2016-09-09 13:00:00,19.3,51,10.2,776.0,854.4
2016-09-09 14:00:00,20.0,47,10.2,549.0,854.1
2016-09-09 15:00:00,20.9,43,9.8,550.0,853.4
2016-09-09 16:00:00,21.2,42,10.5,542.0,853.2
2016-09-09 17:00:00,21.2,41,9.5,443.0,852.9
2016-09-09 18:00:00,20.7,42,7.4,254.0,853.5
2016-09-09 19:00:00,19.9,45,4.1,97.0,853.0
2016-09-09 20:00:00,18.2,61,4.1,3.0,852.8
2016-09-09 21:00:00,16.8,65,2.7,0.0,852.8
2016-09-09 22:00:00,15.6,68,2.7,0.0,852.6
2016-09-09 23:00:00,14.8,69,2.9,0.0,852.3
2016-09-10 00:00:00,14.2,71,4.1,0.0,852.0
2016-09-10 01:00:00,13.4,75,5.1,0.0,851.3
2016-09-10 02:00:00,12.8,78,5.4,0.0,850.9
2016-09-10 03:00:00,12.4,78,5.8,0.0,850.7
2016-09-10 04:00:00,11.9,80,5.8,0.0,850.6
2016-09-10 05:00:00,11.6,81,5.8,0.0,850.4
2016-09-10 06:00:00,11.6,81,6.5,0.0,850.2
2016-09-10 07:00:00,11.5,81,6.5,2.0,850.6
2016-09-10 08:00:00,13.8,75,5.1,97.0,851.9
2016-09-10 09:00:00,17.0,61,3.8,298.0,853.8
2016-09-10 10:00:00,19.3,53,5.4,503.0,854.3
2016-09-10 11:00:00,21.1,47,7.2,682.0,854.7
2016-09-10 12:00:00,22.5,43,8.4,801.0,854.8
2016-09-10 13:00:00,23.5,37,10.9,877.0,854.3
2016-09-10 14:00:00,24.0,33,13.7,813.0,854.1
2016-09-10 15:00:00,22.1,34,17.8,649.0,854.2
2016-09-10 16:00:00,21.8,32,11.1,382.0,853.7
2016-09-10 17:00:00,22.3,31,8.5,440.0,853.2
2016-09-10 18:00:00,22.1,31,6.6,231.0,853.1
2016-09-10 19:00:00,21.3,37,5.7,84.0,853.6
2016-09-10 20:00:00,18.8,55,6.3,3.0,852.5
2016-09-10 21:00:00,17.2,59,5.4,0.0,852.4
2016-09-10 22:00:00,16.4,58,6.7,0.0,852.4
2016-09-10 23:00:00,15.3,61,5.9,0.0,851.8
2016-09-11 00:00:00,14.3,65,5.4,0.0,851.3
2016-09-11 01:00:00,13.6,68,5.4,0.0,850.7
2016-09-11 02:00:00,13.1,70,5.4,0.0,850.5
2016-09-11 03:00:00,12.9,70,5.8,0.0,850.0
2016-09-11 04:00:00,12.6,72,5.5,0.0,850.1
2016-09-11 05:00:00,12.3,74,6.0,0.0,849.7
2016-09-11 06:00:00,12.1,75,6.5,0.0,850.3
2016-09-11 07:00:00,12.1,76,6.4,1.0,850.3
2016-09-11 08:00:00,14.0,71,4.7,96.0,851.4
2016-09-11 09:00:00,16.6,60,3.2,298.0,852.6
2016-09-11 10:00:00,18.7,53,1.8,504.0,852.8
2016-09-11 11:00:00,20.5,47,0.0,676.0,853.1
2016-09-11 12:00:00,22.0,43,2.1,805.0,852.5
2016-09-11 13:00:00,23.3,40,4.7,873.0,851.6
2016-09-11 14:00:00,24.4,36,6.8,873.0,851.0
2016-09-11 15:00:00,25.2,33,8.6,780.0,849.7
2016-09-11 16:00:00,25.6,31,8.6,638.0,849.6
2016-09-11 17:00:00,25.6,29,8.6,436.0,849.5
2016-09-11 18:00:00,24.5,31,8.9,248.0,849.7
2016-09-11 19:00:00,23.2,37,6.8,77.0,850.3
2016-09-11 20:00:00,20.9,51,7.6,2.0,850.1
2016-09-11 21:00:00,19.1,55,6.5,0.0,850.2
2016-09-11 22:00:00,17.9,62,4.0,0.0,849.8
2016-09-11 23:00:00,17.4,60,2.1,0.0,850.0
2016-09-12 00:00:00,16.5,62,2.5,0.0,849.8
2016-09-12 01:00:00,16.3,60,2.7,0.0,850.1
2016-09-12 02:00:00,16.1,59,1.8,0.0,850.0
2016-09-12 03:00:00,15.7,71,1.3,0.0,849.9
2016-09-12 04:00:00,14.9,76,1.6,0.0,849.4
2016-09-12 05:00:00,14.5,78,2.3,0.0,849.6
2016-09-12 06:00:00,14.1,79,1.3,0.0,851.0
2016-09-12 07:00:00,13.7,81,2.2,1.0,850.9
2016-09-12 08:00:00,14.4,82,2.9,75.0,852.0
2016-09-12 09:00:00,15.8,73,2.5,220.0,852.8
2016-09-12 10:00:00,17.5,64,1.1,443.0,853.2
2016-09-12 11:00:00,19.2,58,4.7,610.0,853.7
2016-09-12 12:00:00,20.7,52,7.4,740.0,853.7
2016-09-12 13:00:00,21.8,48,8.4,802.0,853.4
2016-09-12 14:00:00,22.6,45,8.7,801.0,853.2
2016-09-12 15:00:00,22.9,42,9.0,782.0,852.5
2016-09-12 16:00:00,22.9,42,10.2,608.0,852.3
2016-09-12 17:00:00,22.6,40,10.9,420.0,852.0
2016-09-12 18:00:00,21.8,43,8.2,196.0,852.9
2016-09-12 19:00:00,21.0,48,5.0,68.0,852.8
2016-09-12 20:00:00,19.8,56,7.3,1.0,852.5
2016-09-12 21:00:00,18.1,71,7.7,0.0,852.5
2016-09-12 22:00:00,17.8,65,7.7,0.0,853.0
2016-09-12 23:00:00,16.5,71,7.2,0.0,852.4
2016-09-13 00:00:00,15.4,76,7.2,0.0,851.8
2016-09-13 01:00:00,15.0,78,6.3,0.0,851.7
2016-09-13 02:00:00,14.5,80,5.5,0.0,851.0
2016-09-13 03:00:00,12.9,87,5.8,0.0,850.1
2016-09-13 04:00:00,12.0,91,5.0,0.0,849.4
2016-09-13 05:00:00,11.5,93,5.2,0.0,849.2
2016-09-13 06:00:00,11.2,95,5.6,0.0,850.1
2016-09-13 07:00:00,10.6,99,6.8,1.0,850.4
2016-09-13 08:00:00,12.3,94,7.0,80.0,851.6
2016-09-13 09:00:00,15.8,74,5.8,274.0,853.4
2016-09-13 10:00:00,18.1,64,3.8,494.0,853.6
2016-09-13 11:00:00,20.0,57,3.3,679.0,853.6
2016-09-13 12:00:00,21.7,51,4.7,804.0,853.2
2016-09-13 13:00:00,23.3,46,5.8,870.0,852.7
2016-09-13 14:00:00,24.5,42,6.2,861.0,851.9
2016-09-13 15:00:00,25.5,38,7.6,775.0,851.2
2016-09-13 16:00:00,26.1,36,8.1,645.0,850.5
2016-09-13 17:00:00,26.0,35,10.4,478.0,850.3
2016-09-13 18:00:00,25.1,37,10.2,241.0,850.4
2016-09-13 19:00:00,23.7,41,7.6,82.0,849.9
2016-09-13 20:00:00,21.8,49,9.4,1.0,849.3
2016-09-13 21:00:00,20.4,56,10.2,0.0,850.2
2016-09-13 22:00:00,19.3,62,10.5,0.0,850.6
2016-09-13 23:00:00,18.3,68,9.4,0.0,850.1
2016-09-14 00:00:00,17.3,74,9.1,0.0,849.9
2016-09-14 01:00:00,16.2,80,7.7,0.0,849.2
2016-09-14 02:00:00,15.7,81,6.8,0.0,848.9
2016-09-14 03:00:00,15.7,79,5.2,0.0,848.8
2016-09-14 04:00:00,15.6,78,5.1,0.0,848.8
2016-09-14 05:00:00,15.4,80,4.7,0.0,849.0
2016-09-14 06:00:00,15.0,82,3.8,0.0,850.2
2016-09-14 07:00:00,14.9,83,2.9,0.0,849.7
2016-09-14 08:00:00,15.2,83,3.2,31.0,850.4
2016-09-14 09:00:00,16.1,82,2.5,105.0,851.3
2016-09-14 10:00:00,18.3,67,2.2,305.0,852.3
2016-09-14 11:00:00,19.7,61,3.6,379.0,852.9
2016-09-14 12:00:00,21.0,56,3.4,402.0,852.9
2016-09-14 13:00:00,21.8,52,2.7,363.0,852.9
2016-09-14 14:00:00,22.5,49,3.2,471.0,852.2
2016-09-14 15:00:00,23.2,45,3.4,533.0,852.0
2016-09-14 16:00:00,23.6,43,5.0,496.0,851.7
2016-09-14 17:00:00,23.7,42,6.5,392.0,851.8
2016-09-14 18:00:00,23.2,43,6.9,248.0,852.4
2016-09-14 19:00:00,21.9,49,5.8,69.0,852.2
2016-09-14 20:00:00,20.2,57,7.8,1.0,852.0
2016-09-14 21:00:00,19.0,64,7.7,0.0,852.5
2016-09-14 22:00:00,17.8,71,7.6,0.0,852.5
2016-09-14 23:00:00,16.6,79,7.5,0.0,852.4
2016-09-15 00:00:00,15.6,84,7.1,0.0,851.8
2016-09-15 01:00:00,15.1,85,6.3,0.0,851.3
2016-09-15 02:00:00,14.8,85,6.0,0.0,851.2
2016-09-15 03:00:00,13.2,91,5.6,0.0,850.0
2016-09-15 04:00:00,12.5,92,5.0,0.0,849.7
2016-09-15 05:00:00,11.7,95,6.2,0.0,848.7
2016-09-15 06:00:00,11.2,96,5.7,0.0,850.0
2016-09-15 07:00:00,10.8,97,6.6,1.0,849.6
2016-09-15 08:00:00,12.4,92,6.8,82.0,850.8
2016-09-15 09:00:00,16.5,73,5.7,282.0,853.1
2016-09-15 10:00:00,18.9,62,3.1,492.0,853.2
2016-09-15 11:00:00,21.0,54,2.1,670.0,853.1
2016-09-15 12:00:00,22.7,48,2.5,785.0,852.8
2016-09-15 13:00:00,24.2,42,1.9,851.0,852.0
2016-09-15 14:00:00,25.5,38,2.2,852.0,851.6
2016-09-15 15:00:00,25.7,38,2.9,779.0,850.5
2016-09-15 16:00:00,26.1,35,4.3,655.0,849.8
2016-09-15 17:00:00,26.4,34,5.1,485.0,849.8
2016-09-15 18:00:00,26.0,34,6.6,268.0,850.3
2016-09-15 19:00:00,24.7,38,7.7,68.0,849.5
2016-09-15 20:00:00,23.3,42,7.3,1.0,849.1
2016-09-15 21:00:00,21.4,51,7.6,0.0,849.1
2016-09-15 22:00:00,19.9,54,10.0,0.0,849.0
2016-09-15 23:00:00,18.7,60,9.7,0.0,848.9
2016-09-16 00:00:00,17.6,66,9.2,0.0,849.0
2016-09-16 01:00:00,16.5,73,8.5,0.0,848.7
2016-09-16 02:00:00,15.4,80,6.8,0.0,848.0
2016-09-16 03:00:00,15.0,81,6.1,0.0,847.4
2016-09-16 04:00:00,14.7,81,5.9,0.0,846.8
2016-09-16 05:00:00,14.7,81,4.7,0.0,847.0
2016-09-16 06:00:00,14.4,84,3.4,0.0,847.4
2016-09-16 07:00:00,14.0,86,3.1,1.0,847.3
2016-09-16 08:00:00,15.2,81,3.3,79.0,848.2
2016-09-16 09:00:00,17.4,70,1.8,255.0,849.5
2016-09-16 10:00:00,19.4,62,1.8,451.0,849.8
2016-09-16 11:00:00,21.3,55,3.1,592.0,850.1
2016-09-16 12:00:00,23.1,49,5.4,727.0,850.1
2016-09-16 13:00:00,24.7,44,7.9,761.0,849.5
2016-09-16 14:00:00,25.9,40,9.7,778.0,849.1
2016-09-16 15:00:00,26.8,37,11.5,709.0,848.4
2016-09-16 16:00:00,27.5,34,13.0,607.0,847.6
2016-09-16 17:00:00,27.0,32,14.9,329.0,847.2
2016-09-16 18:00:00,26.2,33,13.7,173.0,848.0
2016-09-16 19:00:00,24.9,36,9.8,33.0,848.0
2016-09-16 20:00:00,22.7,45,7.4,0.0,848.7
2016-09-16 21:00:00,20.6,57,7.9,0.0,849.8
2016-09-16 22:00:00,19.2,66,9.4,0.0,850.0
2016-09-16 23:00:00,18.5,68,10.1,0.0,850.5
2016-09-17 00:00:00,18.0,69,6.8,0.0,850.7
2016-09-17 01:00:00,17.5,71,5.2,0.0,850.5
2016-09-17 02:00:00,17.0,74,4.4,0.0,850.6
2016-09-17 03:00:00,15.5,86,4.3,0.0,849.5
2016-09-17 04:00:00,15.2,89,3.5,0.0,849.5
2016-09-17 05:00:00,15.1,90,3.7,0.0,849.5
2016-09-17 06:00:00,15.1,90,4.0,0.0,850.9
2016-09-17 07:00:00,15.3,88,5.0,0.0,851.0
2016-09-17 08:00:00,15.5,86,4.7,19.0,851.5
2016-09-17 09:00:00,16.0,83,4.6,70.0,852.0
2016-09-17 10:00:00,17.2,75,4.4,183.0,852.2
2016-09-17 11:00:00,18.6,69,4.2,339.0,852.2
2016-09-17 12:00:00,19.9,62,4.6,445.0,852.4
2016-09-17 13:00:00,21.0,56,6.8,518.0,852.2
2016-09-17 14:00:00,22.2,50,8.2,572.0,851.9
2016-09-17 15:00:00,22.7,47,9.4,497.0,851.3
2016-09-17 16:00:00,22.9,46,10.5,422.0,851.3
2016-09-17 17:00:00,22.3,49,12.0,262.0,850.5
2016-09-17 18:00:00,20.9,57,11.6,169.0,851.2
2016-09-17 19:00:00,19.6,66,8.9,48.0,851.3
2016-09-17 20:00:00,18.9,70,8.7,0.0,851.4
2016-09-17 21:00:00,18.2,75,7.9,0.0,852.4
2016-09-17 22:00:00,17.2,80,6.4,0.0,852.9
2016-09-17 23:00:00,16.7,85,5.2,0.0,853.3
2016-09-18 00:00:00,16.5,87,5.4,0.0,853.5
2016-09-18 01:00:00,16.2,89,6.8,0.0,853.2
2016-09-18 02:00:00,16.0,88,7.2,0.0,853.3
2016-09-18 03:00:00,15.7,89,7.2,0.0,853.1
2016-09-18 04:00:00,15.5,89,6.9,0.0,853.1
2016-09-18 05:00:00,15.4,88,5.9,0.0,852.9
2016-09-18 06:00:00,15.2,90,4.3,0.0,853.7
2016-09-18 07:00:00,15.1,91,2.1,0.0,853.9
2016-09-18 08:00:00,15.4,84,1.8,15.0,854.2
2016-09-18 09:00:00,15.6,84,3.3,39.0,855.2
2016-09-18 10:00:00,15.9,79,4.4,72.0,855.4
2016-09-18 11:00:00,16.5,74,4.6,154.0,855.8
2016-09-18 12:00:00,17.0,67,3.6,228.0,855.6
2016-09-18 13:00:00,17.6,60,3.2,285.0,855.2
2016-09-18 14:00:00,18.1,56,2.3,307.0,855.0
2016-09-18 15:00:00,19.9,51,2.2,342.0,855.2
2016-09-18 16:00:00,20.3,48,2.8,304.0,854.7
2016-09-18 17:00:00,20.3,47,4.1,213.0,854.7
2016-09-18 18:00:00,19.7,49,5.9,96.0,855.3
2016-09-18 19:00:00,18.9,53,3.5,47.0,855.3
2016-09-18 20:00:00,17.4,67,3.5,0.0,854.8
2016-09-18 21:00:00,16.9,66,3.6,0.0,855.1
2016-09-18 22:00:00,17.0,60,2.3,0.0,855.8
2016-09-18 23:00:00,16.4,62,1.4,0.0,855.6
2016-09-19 00:00:00,16.0,64,2.2,0.0,855.6
2016-09-19 01:00:00,15.6,66,1.6,0.0,855.2
2016-09-19 02:00:00,15.3,68,1.1,0.0,854.9
2016-09-19 03:00:00,14.3,72,1.5,0.0,854.0
2016-09-19 04:00:00,13.6,76,2.2,0.0,853.6
2016-09-19 05:00:00,13.0,79,2.9,0.0,853.2
2016-09-19 06:00:00,12.6,81,4.4,0.0,854.1
2016-09-19 07:00:00,12.0,83,5.5,0.0,853.7
2016-09-19 08:00:00,13.2,80,5.0,66.0,854.6
2016-09-19 09:00:00,15.7,67,2.7,245.0,855.9
2016-09-19 10:00:00,17.2,65,1.0,400.0,856.1
2016-09-19 11:00:00,18.7,58,0.5,608.0,856.1
2016-09-19 12:00:00,19.8,52,1.5,696.0,855.8
2016-09-19 13:00:00,20.4,48,2.7,628.0,855.1
2016-09-19 14:00:00,20.9,45,3.5,618.0,854.5
2016-09-19 15:00:00,21.5,40,5.0,570.0,854.1
2016-09-19 16:00:00,21.7,39,6.1,519.0,853.9
2016-09-19 17:00:00,21.3,39,7.4,311.0,853.6
2016-09-19 18:00:00,20.7,40,4.7,161.0,854.4
2016-09-19 19:00:00,19.8,44,5.4,41.0,854.0
2016-09-19 20:00:00,18.6,54,5.2,0.0,853.6
2016-09-19 21:00:00,17.3,64,2.6,0.0,853.8
2016-09-19 22:00:00,15.9,70,1.8,0.0,853.6
2016-09-19 23:00:00,15.1,74,4.7,0.0,853.3
2016-09-20 00:00:00,14.6,78,6.1,0.0,853.2
2016-09-20 01:00:00,14.0,82,6.5,0.0,852.9
2016-09-20 02:00:00,13.2,86,6.1,0.0,852.3
2016-09-20 03:00:00,12.5,82,6.1,0.0,852.1
2016-09-20 04:00:00,11.8,84,5.8,0.0,851.9
2016-09-20 05:00:00,11.5,85,5.8,0.0,851.7
2016-09-20 06:00:00,11.0,88,6.2,0.0,851.9
2016-09-20 07:00:00,10.9,88,6.8,0.0,852.0
2016-09-20 08:00:00,12.7,83,6.2,72.0,853.0
2016-09-20 09:00:00,16.2,65,4.7,251.0,855.3
2016-09-20 10:00:00,18.3,53,4.0,457.0,856.1
2016-09-20 11:00:00,19.9,47,5.4,623.0,856.3
2016-09-20 12:00:00,20.9,43,6.2,684.0,856.1
2016-09-20 13:00:00,21.9,40,5.2,762.0,855.4
2016-09-20 14:00:00,22.6,39,4.8,760.0,855.2
2016-09-20 15:00:00,23.0,34,4.4,689.0,854.3
2016-09-20 16:00:00,23.2,32,4.2,559.0,854.3
2016-09-20 17:00:00,23.1,28,4.4,365.0,854.0
2016-09-20 18:00:00,22.7,28,4.1,198.0,854.3
2016-09-20 19:00:00,21.9,31,3.1,53.0,854.4
2016-09-20 20:00:00,19.6,54,5.8,0.0,854.2
2016-09-20 21:00:00,18.0,56,7.6,0.0,853.8
2016-09-20 22:00:00,16.0,68,8.0,0.0,853.4
2016-09-20 23:00:00,14.6,74,7.2,0.0,853.0
2016-09-21 00:00:00,13.5,79,7.2,0.0,852.3
2016-09-21 01:00:00,12.6,83,7.2,0.0,851.8
2016-09-21 02:00:00,11.9,86,7.2,0.0,851.4
2016-09-21 03:00:00,11.4,87,6.8,0.0,851.0
2016-09-21 04:00:00,11.0,88,6.5,0.0,850.8
2016-09-21 05:00:00,10.7,89,6.9,0.0,850.6
2016-09-21 06:00:00,10.5,89,5.4,0.0,851.8
2016-09-21 07:00:00,10.4,88,6.2,0.0,851.3
2016-09-21 08:00:00,12.5,82,6.5,77.0,853.0
2016-09-21 09:00:00,16.2,68,5.2,278.0,855.2
2016-09-21 10:00:00,18.7,54,4.2,492.0,856.0
2016-09-21 11:00:00,20.8,46,3.8,658.0,856.1
2016-09-21 12:00:00,22.5,39,4.6,778.0,855.6
2016-09-21 13:00:00,23.8,34,4.4,843.0,854.8
2016-09-21 14:00:00,24.7,31,4.2,841.0,854.3
2016-09-21 15:00:00,25.3,28,2.9,777.0,853.6
2016-09-21 16:00:00,25.6,25,1.1,637.0,852.9
2016-09-21 17:00:00,25.7,24,2.3,458.0,852.4
2016-09-21 18:00:00,25.2,25,0.8,240.0,852.7
2016-09-21 19:00:00,23.8,31,2.8,58.0,851.8
2016-09-21 20:00:00,21.4,46,6.5,0.0,850.9
2016-09-21 21:00:00,19.3,53,7.5,0.0,850.6
2016-09-21 22:00:00,17.7,59,7.4,0.0,850.5
2016-09-21 23:00:00,16.2,65,7.3,0.0,850.4
2016-09-22 00:00:00,15.1,70,7.6,0.0,850.0
2016-09-22 01:00:00,14.7,72,6.8,0.0,849.4
2016-09-22 02:00:00,14.5,72,6.3,0.0,849.4
2016-09-22 03:00:00,13.3,78,5.8,0.0,848.9
2016-09-22 04:00:00,13.4,77,5.3,0.0,849.0
2016-09-22 05:00:00,13.3,78,4.8,0.0,848.7
2016-09-22 06:00:00,13.9,76,4.0,0.0,850.2
2016-09-22 07:00:00,14.0,76,3.3,0.0,850.5
2016-09-22 08:00:00,14.8,74,3.6,45.0,851.3
2016-09-22 09:00:00,16.1,77,1.5,146.0,852.2
2016-09-22 10:00:00,18.0,56,2.5,234.0,853.3
2016-09-22 11:00:00,19.1,52,3.8,296.0,853.1
2016-09-22 12:00:00,19.8,49,5.9,291.0,853.0
2016-09-22 13:00:00,20.6,45,8.3,300.0,852.4
2016-09-22 14:00:00,21.2,42,9.5,240.0,852.0
2016-09-22 15:00:00,23.2,30,8.7,407.0,852.8
2016-09-22 16:00:00,23.1,31,9.2,350.0,852.2
2016-09-22 17:00:00,22.8,31,10.9,298.0,852.3
2016-09-22 18:00:00,22.0,34,11.5,195.0,852.8
2016-09-22 19:00:00,20.5,39,6.1,50.0,852.7
2016-09-22 20:00:00,18.5,52,7.3,0.0,851.9
2016-09-22 21:00:00,16.3,61,7.2,0.0,851.3
2016-09-22 22:00:00,14.7,69,6.9,0.0,851.0
2016-09-22 23:00:00,13.4,74,6.8,0.0,850.3
2016-09-23 00:00:00,12.4,79,7.2,0.0,849.8
2016-09-23 01:00:00,11.5,83,6.6,0.0,848.7
2016-09-23 02:00:00,10.8,86,6.6,0.0,848.1
2016-09-23 03:00:00,10.4,85,6.5,0.0,847.9
2016-09-23 04:00:00,10.0,86,6.2,0.0,847.6
2016-09-23 05:00:00,9.7,87,6.5,0.0,847.2
2016-09-23 06:00:00,9.5,87,5.1,0.0,847.9
2016-09-23 07:00:00,9.4,86,5.1,0.0,847.5
2016-09-23 08:00:00,11.6,79,7.0,72.0,848.7
2016-09-23 09:00:00,15.1,71,4.7,243.0,851.0
2016-09-23 10:00:00,18.2,50,3.6,433.0,852.2
2016-09-23 11:00:00,20.0,44,3.7,561.0,852.4
2016-09-23 12:00:00,21.7,39,4.2,709.0,852.2
2016-09-23 13:00:00,22.9,36,2.9,792.0,851.1
2016-09-23 14:00:00,23.6,33,0.4,777.0,850.4
2016-09-23 15:00:00,24.0,31,1.8,715.0,849.7
2016-09-23 16:00:00,24.2,30,5.5,506.0,849.3
2016-09-23 17:00:00,24.1,29,7.9,342.0,848.9
2016-09-23 18:00:00,23.4,30,5.2,149.0,849.1
2016-09-23 19:00:00,22.3,33,6.5,30.0,848.2
2016-09-23 20:00:00,21.5,36,4.4,0.0,848.5
2016-09-23 21:00:00,20.0,49,2.2,0.0,848.3
2016-09-23 22:00:00,18.8,52,4.6,0.0,848.2
2016-09-23 23:00:00,18.0,54,7.0,0.0,848.0
2016-09-24 00:00:00,17.1,62,7.1,0.0,847.7
2016-09-24 01:00:00,16.2,69,6.5,0.0,847.1
2016-09-24 02:00:00,15.7,72,6.5,0.0,846.9
2016-09-24 03:00:00,15.2,72,6.2,0.0,846.4
2016-09-24 04:00:00,14.8,74,5.8,0.0,846.1
2016-09-24 05:00:00,14.4,75,5.2,0.0,846.0
2016-09-24 06:00:00,14.1,76,4.7,0.0,846.7
2016-09-24 07:00:00,13.7,77,4.3,0.0,846.4
2016-09-24 08:00:00,15.1,72,3.6,63.0,847.6
2016-09-24 09:00:00,17.7,62,3.1,220.0,849.2
2016-09-24 10:00:00,20.2,40,4.5,401.0,849.9
2016-09-24 11:00:00,21.9,34,5.8,575.0,850.0
2016-09-24 12:00:00,23.1,31,3.2,720.0,849.9
2016-09-24 13:00:00,23.8,29,2.2,702.0,849.3
2016-09-24 14:00:00,24.4,27,5.7,697.0,848.4
2016-09-24 15:00:00,24.5,27,6.8,589.0,847.5
2016-09-24 16:00:00,24.6,27,7.1,413.0,847.2
2016-09-24 17:00:00,24.5,27,8.4,299.0,846.9
2016-09-24 18:00:00,23.9,29,10.3,130.0,846.7
2016-09-24 19:00:00,22.1,35,8.7,44.0,846.0
2016-09-24 20:00:00,20.3,43,10.1,0.0,845.7
2016-09-24 21:00:00,19.0,51,9.5,0.0,845.7
2016-09-24 22:00:00,17.8,56,9.2,0.0,845.9
2016-09-24 23:00:00,16.8,61,9.4,0.0,845.6
2016-09-25 00:00:00,15.7,67,9.7,0.0,845.1
2016-09-25 01:00:00,14.5,75,8.2,0.0,844.0
2016-09-25 02:00:00,13.8,77,6.6,0.0,843.5
2016-09-25 03:00:00,14.4,72,5.2,0.0,843.9
2016-09-25 04:00:00,13.9,75,5.0,0.0,843.6
2016-09-25 05:00:00,12.7,81,5.5,0.0,843.2
2016-09-25 06:00:00,12.3,84,5.8,0.0,844.4
2016-09-25 07:00:00,11.6,87,6.2,0.0,843.5
2016-09-25 08:00:00,12.6,84,6.3,66.0,844.5
2016-09-25 09:00:00,16.3,69,4.7,258.0,846.9
2016-09-25 10:00:00,18.8,55,3.1,467.0,847.4
2016-09-25 11:00:00,20.8,48,2.4,637.0,847.8
2016-09-25 12:00:00,22.5,43,3.3,750.0,847.5
2016-09-25 13:00:00,23.9,38,6.4,800.0,846.9
2016-09-25 14:00:00,24.5,35,8.2,720.0,846.4
2016-09-25 15:00:00,25.7,30,7.4,721.0,846.3
2016-09-25 16:00:00,25.7,30,5.4,568.0,845.9
2016-09-25 17:00:00,25.7,30,6.6,425.0,846.0
2016-09-25 18:00:00,25.1,31,6.3,231.0,845.9
2016-09-25 19:00:00,23.2,35,6.9,50.0,844.7
2016-09-25 20:00:00,21.7,40,7.8,0.0,844.8
2016-09-25 21:00:00,20.3,46,8.6,0.0,845.5
2016-09-25 22:00:00,18.8,56,10.2,0.0,846.2
2016-09-25 23:00:00,17.3,65,9.4,0.0,846.1
2016-09-26 00:00:00,16.0,74,8.2,0.0,845.9
2016-09-26 01:00:00,15.3,77,7.4,0.0,845.8
2016-09-26 02:00:00,15.7,73,6.5,0.0,846.0
2016-09-26 03:00:00,15.1,76,5.8,0.0,846.0
2016-09-26 04:00:00,14.8,78,4.3,0.0,846.3
2016-09-26 05:00:00,14.6,79,3.9,0.0,846.7
2016-09-26 06:00:00,14.2,81,2.2,0.0,848.1
2016-09-26 07:00:00,14.0,82,2.3,0.0,847.7
2016-09-26 08:00:00,14.8,80,2.2,50.0,849.2
2016-09-26 09:00:00,16.6,79,2.2,174.0,850.8
2016-09-26 10:00:00,18.9,63,2.1,311.0,852.3
2016-09-26 11:00:00,20.6,56,2.5,430.0,852.6
2016-09-26 12:00:00,22.2,47,3.9,518.0,853.0
2016-09-26 13:00:00,23.1,40,4.9,512.0,852.5
2016-09-26 14:00:00,23.7,36,5.7,479.0,852.0
2016-09-26 15:00:00,24.3,30,6.8,540.0,851.9
2016-09-26 16:00:00,24.4,29,7.1,413.0,851.6
2016-09-26 17:00:00,24.4,28,7.1,252.0,851.8
2016-09-26 18:00:00,23.7,28,3.1,109.0,852.4
2016-09-26 19:00:00,22.7,31,3.1,21.0,852.3
2016-09-26 20:00:00,21.5,37,3.3,0.0,852.2
2016-09-26 21:00:00,20.6,41,6.7,0.0,852.7
2016-09-26 22:00:00,19.7,41,6.4,0.0,853.3
2016-09-26 23:00:00,18.8,42,8.3,0.0,853.9
2016-09-27 00:00:00,17.7,44,7.8,0.0,853.7
2016-09-27 01:00:00,16.7,49,6.8,0.0,853.7
2016-09-27 02:00:00,15.5,55,6.4,0.0,853.2
2016-09-27 03:00:00,15.0,57,6.3,0.0,853.2
2016-09-27 04:00:00,14.5,59,5.6,0.0,853.4
2016-09-27 05:00:00,13.9,62,5.7,0.0,853.7
2016-09-27 06:00:00,13.6,66,5.5,0.0,855.5
2016-09-27 07:00:00,13.0,72,5.1,0.0,855.7
2016-09-27 08:00:00,12.8,74,5.2,25.0,856.2
2016-09-27 09:00:00,12.6,76,5.4,95.0,856.8
2016-09-27 10:00:00,12.8,75,6.3,143.0,857.3
2016-09-27 11:00:00,13.1,74,7.1,192.0,857.3
2016-09-27 12:00:00,13.7,71,7.2,346.0,857.5
2016-09-27 13:00:00,14.6,66,7.7,384.0,856.9
2016-09-27 14:00:00,16.2,58,8.2,515.0,857.0
2016-09-27 15:00:00,15.1,59,7.8,306.0,855.6
2016-09-27 16:00:00,15.5,56,6.9,326.0,855.1
2016-09-27 17:00:00,15.8,54,5.2,261.0,855.2
2016-09-27 18:00:00,15.5,55,5.5,131.0,856.1
2016-09-27 19:00:00,14.7,58,6.3,28.0,855.2
2016-09-27 20:00:00,14.0,62,4.3,0.0,855.9
2016-09-27 21:00:00,13.3,67,5.2,0.0,855.9
2016-09-27 22:00:00,12.6,76,4.4,0.0,856.1
2016-09-27 23:00:00,12.4,70,3.3,0.0,855.9
2016-09-28 00:00:00,11.9,73,2.3,0.0,855.3
2016-09-28 01:00:00,11.5,76,1.0,0.0,854.6
2016-09-28 02:00:00,11.2,79,1.5,0.0,854.2
2016-09-28 03:00:00,10.7,80,3.3,0.0,853.1
2016-09-28 04:00:00,10.3,83,4.0,0.0,852.7
2016-09-28 05:00:00,10.2,83,4.0,0.0,852.0
2016-09-28 06:00:00,9.8,85,4.3,0.0,852.7
2016-09-28 07:00:00,9.6,86,4.0,0.0,852.3
2016-09-28 08:00:00,10.5,83,4.3,59.0,852.9
2016-09-28 09:00:00,12.7,72,2.9,247.0,854.2
2016-09-28 10:00:00,14.9,64,2.5,451.0,854.3
2016-09-28 11:00:00,17.0,56,2.8,621.0,854.3
2016-09-28 12:00:00,19.1,50,3.1,744.0,854.0
2016-09-28 13:00:00,20.9,45,2.4,806.0,853.0
2016-09-28 14:00:00,22.5,41,1.5,801.0,852.4
2016-09-28 15:00:00,23.7,36,2.5,729.0,851.5
2016-09-28 16:00:00,24.4,33,4.3,596.0,851.0
2016-09-28 17:00:00,24.6,32,5.0,409.0,850.8
2016-09-28 18:00:00,24.2,32,5.4,205.0,850.7
2016-09-28 19:00:00,22.6,37,8.9,40.0,849.7
2016-09-28 20:00:00,20.8,43,8.4,0.0,849.3
2016-09-28 21:00:00,19.0,52,9.8,0.0,849.5
2016-09-28 22:00:00,17.8,58,11.7,0.0,849.6
2016-09-28 23:00:00,16.8,63,11.0,0.0,849.8
2016-09-29 00:00:00,16.0,68,9.7,0.0,849.3
2016-09-29 01:00:00,15.4,73,7.9,0.0,849.3
2016-09-29 02:00:00,15.0,76,6.3,0.0,849.0
2016-09-29 03:00:00,14.7,73,4.5,0.0,848.9
2016-09-29 04:00:00,14.6,74,3.2,0.0,848.9
2016-09-29 05:00:00,14.6,75,1.5,0.0,849.3
2016-09-29 06:00:00,14.5,77,0.7,0.0,850.6
2016-09-29 07:00:00,14.2,79,2.6,0.0,850.8
2016-09-29 08:00:00,14.1,83,5.2,13.0,851.3
2016-09-29 09:00:00,14.5,88,5.6,57.0,852.3
2016-09-29 10:00:00,15.3,80,5.6,100.0,853.1
2016-09-29 11:00:00,16.1,77,5.2,231.0,853.5
2016-09-29 12:00:00,17.6,69,4.4,393.0,853.5
2016-09-29 13:00:00,19.2,61,3.3,501.0,853.3
2016-09-29 14:00:00,21.1,47,2.7,746.0,853.1
2016-09-29 15:00:00,20.9,42,4.6,616.0,851.9
2016-09-29 16:00:00,21.3,40,4.7,513.0,851.5
2016-09-29 17:00:00,21.4,38,5.4,363.0,851.3
2016-09-29 18:00:00,21.1,39,3.7,194.0,851.0
2016-09-29 19:00:00,19.9,43,5.1,34.0,850.7
2016-09-29 20:00:00,18.5,49,4.8,0.0,850.2
2016-09-29 21:00:00,16.7,65,4.7,0.0,850.2
2016-09-29 22:00:00,15.5,65,5.9,0.0,850.0
2016-09-29 23:00:00,13.9,73,5.8,0.0,849.4
2016-09-30 00:00:00,12.9,77,6.8,0.0,848.9
2016-09-30 01:00:00,12.1,81,7.6,0.0,847.9
2016-09-30 02:00:00,11.5,83,7.2,0.0,847.5
2016-09-30 03:00:00,11.2,83,6.7,0.0,847.1
2016-09-30 04:00:00,10.8,85,6.4,0.0,846.8
2016-09-30 05:00:00,10.3,87,6.6,0.0,846.4
2016-09-30 06:00:00,9.9,88,6.2,0.0,847.0
2016-09-30 07:00:00,9.6,89,5.8,0.0,846.8
2016-09-30 08:00:00,11.3,85,6.6,59.0,847.8
2016-09-30 09:00:00,14.8,77,4.7,252.0,849.6
2016-09-30 10:00:00,18.1,54,2.6,456.0,850.3
2016-09-30 11:00:00,20.2,47,1.8,620.0,850.4
2016-09-30 12:00:00,22.1,41,2.1,742.0,850.2
2016-09-30 13:00:00,23.6,36,2.2,803.0,849.6
2016-09-30 14:00:00,24.9,33,2.3,790.0,849.2
2016-09-30 15:00:00,25.4,28,4.7,674.0,848.3
2016-09-30 16:00:00,25.9,26,7.6,542.0,848.6
2016-09-30 17:00:00,25.5,26,12.2,280.0,848.7
2016-09-30 18:00:00,24.4,28,10.3,106.0,849.3
2016-09-30 19:00:00,22.8,31,8.6,12.0,849.8
2016-09-30 20:00:00,21.6,35,8.9,0.0,850.4
2016-09-30 21:00:00,20.8,40,8.2,0.0,851.1
2016-09-30 22:00:00,19.7,52,5.9,0.0,851.6
2016-09-30 23:00:00,20.1,43,2.2,0.0,852.1
2016-10-01 00:00:00,17.5,61,2.0,0.0,851.2
2016-10-01 01:00:00,16.6,62,2.9,0.0,850.8
2016-10-01 02:00:00,15.9,65,3.7,0.0,850.6
2016-10-01 03:00:00,14.9,65,4.5,0.0,850.3
2016-10-01 04:00:00,13.8,69,5.8,0.0,849.6
2016-10-01 05:00:00,12.8,75,6.4,0.0,848.9
2016-10-01 06:00:00,12.2,78,6.8,0.0,849.1
2016-10-01 07:00:00,11.7,81,6.5,0.0,849.2
2016-10-01 08:00:00,12.9,78,5.1,54.0,849.7
2016-10-01 09:00:00,16.6,69,4.3,235.0,852.1
2016-10-01 10:00:00,19.9,48,4.6,439.0,853.2
2016-10-01 11:00:00,22.1,39,5.8,613.0,853.6
2016-10-01 12:00:00,24.0,32,8.7,735.0,853.6
2016-10-01 13:00:00,25.4,27,10.0,782.0,853.1
2016-10-01 14:00:00,26.4,23,10.8,784.0,852.7
2016-10-01 15:00:00,26.4,21,10.7,710.0,851.8
2016-10-01 16:00:00,26.5,19,9.9,586.0,851.6
2016-10-01 17:00:00,26.2,19,7.9,411.0,851.0
2016-10-01 18:00:00,25.6,20,3.9,191.0,850.8
2016-10-01 19:00:00,24.1,23,5.7,33.0,850.6
2016-10-01 20:00:00,22.0,28,7.1,0.0,850.5
2016-10-01 21:00:00,20.3,40,6.4,0.0,851.0
2016-10-01 22:00:00,19.8,36,3.9,0.0,851.6
2016-10-01 23:00:00,17.9,44,0.4,0.0,851.0
2016-10-02 00:00:00,16.5,48,1.8,0.0,850.9
2016-10-02 01:00:00,15.8,49,1.8,0.0,850.8
2016-10-02 02:00:00,15.1,51,3.3,0.0,850.4
2016-10-02 03:00:00,13.6,54,4.7,0.0,849.5
2016-10-02 04:00:00,12.8,57,5.8,0.0,849.2
2016-10-02 05:00:00,12.4,59,6.1,0.0,848.8
2016-10-02 06:00:00,12.2,60,7.2,0.0,849.1
2016-10-02 07:00:00,11.9,62,7.6,0.0,849.1
2016-10-02 08:00:00,12.6,61,5.1,55.0,849.3
2016-10-02 09:00:00,15.8,59,3.8,242.0,851.4
2016-10-02 10:00:00,19.9,36,3.8,446.0,853.1
2016-10-02 11:00:00,22.4,30,4.7,621.0,853.4
2016-10-02 12:00:00,24.5,25,6.3,745.0,853.3
2016-10-02 13:00:00,26.2,21,6.8,808.0,852.6
2016-10-02 14:00:00,27.4,18,7.6,801.0,852.3
2016-10-02 15:00:00,28.3,16,7.2,728.0,851.4
2016-10-02 16:00:00,28.5,15,5.8,595.0,851.0
2016-10-02 17:00:00,28.2,14,3.2,410.0,850.3
2016-10-02 18:00:00,27.5,16,0.4,205.0,849.5
2016-10-02 19:00:00,25.8,19,5.4,32.0,848.7
2016-10-02 20:00:00,23.5,22,8.3,0.0,847.6
2016-10-02 21:00:00,20.9,26,10.8,0.0,846.5
2016-10-02 22:00:00,19.1,30,11.2,0.0,845.8
2016-10-02 23:00:00,17.8,37,11.4,0.0,845.3
2016-10-03 00:00:00,16.5,48,11.0,0.0,844.6
2016-10-03 01:00:00,15.4,57,10.3,0.0,843.7
2016-10-03 02:00:00,14.6,64,9.2,0.0,843.1
2016-10-03 03:00:00,14.0,69,8.6,0.0,842.2
2016-10-03 04:00:00,13.5,73,8.2,0.0,841.6
2016-10-03 05:00:00,13.2,76,7.9,0.0,841.1
2016-10-03 06:00:00,12.9,78,6.8,0.0,841.4
2016-10-03 07:00:00,12.5,80,6.5,0.0,841.6
2016-10-03 08:00:00,13.4,78,6.6,52.0,842.2
2016-10-03 09:00:00,15.8,71,5.2,224.0,843.3
2016-10-03 10:00:00,19.4,52,2.9,433.0,844.3
2016-10-03 11:00:00,21.8,43,0.4,584.0,844.4
2016-10-03 12:00:00,23.8,36,2.2,659.0,844.1
2016-10-03 13:00:00,25.2,31,1.8,697.0,843.2
2016-10-03 14:00:00,26.9,26,1.8,745.0,842.6
2016-10-03 15:00:00,28.8,23,6.9,703.0,842.7
2016-10-03 16:00:00,29.5,22,16.3,569.0,842.7
2016-10-03 17:00:00,28.5,22,24.5,391.0,842.9
2016-10-03 18:00:00,24.0,19,23.9,193.0,842.7
2016-10-03 19:00:00,20.3,21,23.5,28.0,843.0
2016-10-03 20:00:00,18.2,23,20.2,0.0,844.5
2016-10-03 21:00:00,17.3,24,16.3,0.0,846.8
2016-10-03 22:00:00,16.8,26,17.2,0.0,848.0
2016-10-03 23:00:00,16.0,30,17.0,0.0,848.9
2016-10-04 00:00:00,14.9,37,15.7,0.0,850.0
2016-10-04 01:00:00,13.8,43,15.5,0.0,851.1
2016-10-04 02:00:00,12.9,49,14.5,0.0,851.9
2016-10-04 03:00:00,10.9,58,12.9,0.0,852.4
2016-10-04 04:00:00,9.9,67,9.5,0.0,852.9
2016-10-04 05:00:00,9.3,77,5.6,0.0,853.6
2016-10-04 06:00:00,9.1,79,5.4,0.0,854.1
2016-10-04 07:00:00,8.6,79,7.3,0.0,854.8
2016-10-04 08:00:00,8.2,82,9.0,5.0,855.2
2016-10-04 09:00:00,8.5,82,8.8,26.0,856.1
2016-10-04 10:00:00,8.7,80,7.6,53.0,856.4
2016-10-04 11:00:00,9.4,77,6.6,125.0,856.3
2016-10-04 12:00:00,10.5,70,6.6,255.0,856.3
2016-10-04 13:00:00,11.4,63,7.1,225.0,855.5
2016-10-04 14:00:00,12.6,57,7.6,275.0,855.0
2016-10-04 15:00:00,14.5,50,7.6,398.0,854.7
2016-10-04 16:00:00,15.2,47,6.7,331.0,854.7
2016-10-04 17:00:00,15.6,46,5.5,245.0,854.5
2016-10-04 18:00:00,15.5,45,7.3,112.0,853.8
2016-10-04 19:00:00,14.9,48,5.4,19.0,853.6
2016-10-04 20:00:00,14.2,54,5.8,0.0,854.1
2016-10-04 21:00:00,13.2,62,5.4,0.0,853.8
2016-10-04 22:00:00,12.1,68,5.2,0.0,853.7
2016-10-04 23:00:00,11.0,74,3.9,0.0,852.8
2016-10-05 00:00:00,10.1,74,3.7,0.0,852.7
2016-10-05 01:00:00,9.9,74,3.3,0.0,852.0
2016-10-05 02:00:00,9.8,72,2.8,0.0,851.7
2016-10-05 03:00:00,9.9,76,2.1,0.0,851.3
2016-10-05 04:00:00,9.6,78,1.5,0.0,851.0
2016-10-05 05:00:00,9.5,79,1.3,0.0,850.7
2016-10-05 06:00:00,9.5,79,2.3,0.0,851.6
2016-10-05 07:00:00,9.6,79,2.9,0.0,850.5
2016-10-05 08:00:00,10.0,77,1.4,24.0,851.6
2016-10-05 09:00:00,10.9,71,4.0,119.0,852.0
2016-10-05 10:00:00,12.0,65,4.4,229.0,852.6
2016-10-05 11:00:00,13.2,61,4.3,361.0,852.2
2016-10-05 12:00:00,15.2,54,2.5,575.0,852.0
2016-10-05 13:00:00,17.1,49,0.7,731.0,851.5
2016-10-05 14:00:00,18.4,45,1.0,625.0,850.7
2016-10-05 15:00:00,19.1,42,2.0,497.0,850.0
2016-10-05 16:00:00,19.6,41,4.2,339.0,849.5
2016-10-05 17:00:00,19.5,41,6.9,218.0,849.1
2016-10-05 18:00:00,18.9,43,7.7,112.0,849.2
2016-10-05 19:00:00,17.4,49,5.1,16.0,848.6
2016-10-05 20:00:00,16.0,56,6.6,0.0,849.6
2016-10-05 21:00:00,14.6,63,7.2,0.0,849.4
2016-10-05 22:00:00,13.4,68,7.9,0.0,849.4
2016-10-05 23:00:00,12.6,72,8.9,0.0,849.3
2016-10-06 00:00:00,12.0,76,7.1,0.0,849.2
2016-10-06 01:00:00,11.6,80,5.4,0.0,848.6
2016-10-06 02:00:00,11.3,83,3.6,0.0,848.3
2016-10-06 03:00:00,11.2,87,3.7,0.0,847.9
2016-10-06 04:00:00,11.3,83,2.6,0.0,847.9
2016-10-06 05:00:00,11.1,84,2.6,0.0,847.5
2016-10-06 06:00:00,10.8,86,1.6,0.0,847.9
2016-10-06 07:00:00,10.2,90,3.6,0.0,847.4
2016-10-06 08:00:00,10.0,93,6.9,27.0,847.1
2016-10-06 09:00:00,12.0,81,6.1,178.0,848.5
2016-10-06 10:00:00,14.0,70,4.1,407.0,848.5
2016-10-06 11:00:00,16.1,60,3.6,566.0,848.5
2016-10-06 12:00:00,17.6,55,4.3,612.0,848.4
2016-10-06 13:00:00,18.6,51,7.3,543.0,848.3
2016-10-06 14:00:00,19.2,49,9.6,403.0,848.2
2016-10-06 15:00:00,18.5,52,11.8,203.0,847.9
2016-10-06 16:00:00,17.8,54,14.5,121.0,848.3
2016-10-06 17:00:00,16.0,66,13.3,70.0,849.0
2016-10-06 18:00:00,14.5,78,8.5,21.0,850.0
2016-10-06 19:00:00,13.7,79,7.8,4.0,850.3
2016-10-06 20:00:00,13.0,76,7.4,0.0,850.7
2016-10-06 21:00:00,12.5,72,7.0,0.0,851.8
2016-10-06 22:00:00,12.3,67,7.4,0.0,852.8
2016-10-06 23:00:00,11.9,63,8.9,0.0,853.1
2016-10-07 00:00:00,11.5,60,9.2,0.0,853.5
2016-10-07 01:00:00,11.3,56,10.3,0.0,853.4
2016-10-07 02:00:00,11.1,50,10.8,0.0,853.8
2016-10-07 03:00:00,10.4,54,10.3,0.0,853.5
2016-10-07 04:00:00,10.1,52,9.0,0.0,853.6
2016-10-07 05:00:00,10.0,51,8.1,0.0,853.3
2016-10-07 06:00:00,10.0,50,6.4,0.0,854.1
2016-10-07 07:00:00,10.0,49,5.9,0.0,854.1
2016-10-07 08:00:00,10.0,48,7.9,9.0,854.4
2016-10-07 09:00:00,10.3,45,9.5,53.0,855.1
2016-10-07 10:00:00,10.5,45,9.3,120.0,855.7
2016-10-07 11:00:00,11.2,44,9.5,236.0,855.7
2016-10-07 12:00:00,11.7,43,9.5,309.0,855.8
2016-10-07 13:00:00,12.2,43,9.7,379.0,855.2
2016-10-07 14:00:00,12.6,43,9.8,444.0,854.5
2016-10-07 15:00:00,14.3,38,10.7,539.0,854.7
2016-10-07 16:00:00,14.2,39,12.2,408.0,854.0
2016-10-07 17:00:00,13.6,40,13.8,300.0,853.9
2016-10-07 18:00:00,12.7,43,12.1,146.0,853.5
2016-10-07 19:00:00,11.3,48,6.6,19.0,853.2
2016-10-07 20:00:00,10.2,56,7.9,0.0,853.3
2016-10-07 21:00:00,9.2,69,6.7,0.0,853.3
2016-10-07 22:00:00,9.3,61,5.5,0.0,853.6
2016-10-07 23:00:00,9.0,61,4.2,0.0,853.7
2016-10-08 00:00:00,8.6,64,3.5,0.0,853.1
2016-10-08 01:00:00,8.4,66,2.1,0.0,852.7
2016-10-08 02:00:00,8.1,68,1.1,0.0,852.5
2016-10-08 03:00:00,8.1,69,0.7,0.0,852.2
2016-10-08 04:00:00,8.0,71,0.5,0.0,852.2
2016-10-08 05:00:00,7.7,73,0.8,0.0,851.4
2016-10-08 06:00:00,7.7,73,0.4,0.0,851.4
2016-10-08 07:00:00,7.6,75,0.4,0.0,851.3
2016-10-08 08:00:00,7.8,75,0.7,37.0,851.6
2016-10-08 09:00:00,10.2,61,0.4,204.0,853.1
2016-10-08 10:00:00,12.1,53,0.8,389.0,853.3
2016-10-08 11:00:00,13.9,49,1.3,545.0,852.9
2016-10-08 12:00:00,16.0,44,2.9,683.0,852.4
2016-10-08 13:00:00,17.7,41,1.8,727.0,851.2
2016-10-08 14:00:00,18.6,39,1.5,600.0,850.0
2016-10-08 15:00:00,20.1,36,4.7,560.0,849.5
2016-10-08 16:00:00,20.3,35,7.6,427.0,849.0
2016-10-08 17:00:00,19.9,36,9.8,243.0,848.6
2016-10-08 18:00:00,19.2,39,8.2,111.0,849.0
2016-10-08 19:00:00,17.9,44,5.9,12.0,848.1
2016-10-08 20:00:00,16.5,50,6.6,0.0,848.4
2016-10-08 21:00:00,15.3,55,8.6,0.0,849.5
2016-10-08 22:00:00,14.6,59,9.0,0.0,849.6
2016-10-08 23:00:00,13.5,69,4.4,0.0,850.1
2016-10-09 00:00:00,12.4,80,5.4,0.0,850.4
2016-10-09 01:00:00,11.9,84,8.6,0.0,850.9
2016-10-09 02:00:00,11.3,86,9.1,0.0,851.3
2016-10-09 03:00:00,10.3,84,8.5,0.0,851.0
2016-10-09 04:00:00,9.8,83,8.1,0.0,851.7
2016-10-09 05:00:00,9.4,81,6.6,0.0,851.3
2016-10-09 06:00:00,9.3,82,5.8,0.0,852.4
2016-10-09 07:00:00,9.1,82,5.7,0.0,852.4
2016-10-09 08:00:00,9.1,82,5.2,9.0,852.7
2016-10-09 09:00:00,9.5,78,4.5,55.0,853.6
2016-10-09 10:00:00,10.2,74,2.9,130.0,853.4
2016-10-09 11:00:00,11.5,70,3.4,287.0,853.2
2016-10-09 12:00:00,13.8,60,2.8,580.0,853.5
2016-10-09 13:00:00,14.8,55,2.0,477.0,852.9
2016-10-09 14:00:00,15.4,52,2.5,363.0,852.1
2016-10-09 15:00:00,15.0,54,2.3,236.0,851.2
2016-10-09 16:00:00,15.3,53,1.9,234.0,850.8
2016-10-09 17:00:00,15.3,53,1.9,147.0,850.4
2016-10-09 18:00:00,15.2,53,1.5,65.0,851.7
2016-10-09 19:00:00,14.9,56,2.7,10.0,851.5
2016-10-09 20:00:00,13.6,68,4.1,0.0,851.1
2016-10-09 21:00:00,12.6,75,4.4,0.0,851.1
2016-10-09 22:00:00,12.2,72,3.3,0.0,850.9
2016-10-09 23:00:00,12.1,69,2.2,0.0,851.4
2016-10-10 00:00:00,10.8,77,2.5,0.0,850.3
2016-10-10 01:00:00,10.4,79,2.8,0.0,849.9
2016-10-10 02:00:00,9.5,84,3.4,0.0,849.5
2016-10-10 03:00:00,8.7,86,3.4,0.0,848.8
2016-10-10 04:00:00,8.5,88,3.0,0.0,848.7
2016-10-10 05:00:00,7.7,91,2.9,0.0,848.1
2016-10-10 06:00:00,7.3,93,2.9,0.0,848.4
2016-10-10 07:00:00,7.2,94,2.5,0.0,848.7
2016-10-10 08:00:00,8.0,92,3.9,32.0,849.2
2016-10-10 09:00:00,10.3,79,2.0,157.0,850.8
2016-10-10 10:00:00,11.9,70,0.8,290.0,850.9
2016-10-10 11:00:00,13.4,64,1.8,422.0,851.1
2016-10-10 12:00:00,15.1,55,2.5,518.0,850.9
2016-10-10 13:00:00,16.3,50,2.4,557.0,850.5
2016-10-10 14:00:00,17.4,46,3.7,517.0,849.8
2016-10-10 15:00:00,17.9,43,4.4,408.0,848.7
2016-10-10 16:00:00,18.1,42,6.1,291.0,848.7
2016-10-10 17:00:00,17.8,43,8.1,156.0,848.7
2016-10-10 18:00:00,17.1,46,6.5,41.0,849.8
2016-10-10 19:00:00,16.2,51,3.1,5.0,849.6
2016-10-10 20:00:00,15.1,60,2.2,0.0,850.3
2016-10-10 21:00:00,14.2,67,2.3,0.0,850.5
2016-10-10 22:00:00,13.4,75,3.8,0.0,850.7
2016-10-10 23:00:00,12.9,80,3.7,0.0,850.4
2016-10-11 00:00:00,12.7,78,3.2,0.0,850.7
2016-10-11 01:00:00,12.4,81,2.5,0.0,850.6
2016-10-11 02:00:00,12.3,82,2.5,0.0,850.3
2016-10-11 03:00:00,11.0,80,2.2,0.0,849.8
2016-10-11 04:00:00,10.7,81,1.8,0.0,849.5
2016-10-11 05:00:00,10.7,80,1.9,0.0,849.8
2016-10-11 06:00:00,10.5,82,3.2,0.0,851.0
2016-10-11 07:00:00,10.6,82,2.1,0.0,851.3
2016-10-11 08:00:00,11.1,80,1.1,18.0,851.9
2016-10-11 09:00:00,11.6,79,1.1,57.0,852.9
2016-10-11 10:00:00,13.0,70,3.2,180.0,853.3
2016-10-11 11:00:00,13.8,66,4.5,241.0,853.7
2016-10-11 12:00:00,14.4,63,5.1,254.0,853.6
2016-10-11 13:00:00,14.6,62,5.4,277.0,853.3
2016-10-11 14:00:00,14.5,64,4.8,213.0,852.8
2016-10-11 15:00:00,15.6,54,5.8,207.0,852.9
2016-10-11 16:00:00,15.9,51,6.4,224.0,853.0
2016-10-11 17:00:00,15.7,49,5.4,141.0,853.1
2016-10-11 18:00:00,15.4,49,3.3,61.0,853.9
2016-10-11 19:00:00,14.7,57,3.3,6.0,853.4
2016-10-11 20:00:00,14.3,58,2.7,0.0,853.9
2016-10-11 21:00:00,14.5,50,3.0,0.0,854.6
2016-10-11 22:00:00,13.5,59,5.1,0.0,854.6
2016-10-11 23:00:00,12.5,69,5.1,0.0,854.0
2016-10-12 00:00:00,11.6,74,5.7,0.0,853.3
2016-10-12 01:00:00,10.5,81,5.5,0.0,852.6
2016-10-12 02:00:00,9.8,85,5.0,0.0,852.4
2016-10-12 03:00:00,8.9,88,4.7,0.0,852.0
2016-10-12 04:00:00,9.5,87,2.7,0.0,852.3
2016-10-12 05:00:00,9.7,87,2.9,0.0,852.4
2016-10-12 06:00:00,9.4,89,3.4,0.0,852.8
2016-10-12 07:00:00,9.3,90,3.6,0.0,852.8
2016-10-12 08:00:00,9.8,89,3.7,17.0,853.5
2016-10-12 09:00:00,10.8,83,3.1,70.0,854.8
2016-10-12 10:00:00,12.3,73,3.1,193.0,855.3
2016-10-12 11:00:00,13.7,64,3.4,298.0,855.8
2016-10-12 12:00:00,15.1,57,3.3,426.0,855.7
2016-10-12 13:00:00,16.3,52,2.9,539.0,855.3
2016-10-12 14:00:00,17.4,47,3.3,593.0,855.4
2016-10-12 15:00:00,17.2,45,3.6,440.0,854.1
2016-10-12 16:00:00,17.2,43,3.5,325.0,853.6
2016-10-12 17:00:00,17.2,42,2.7,213.0,853.5
2016-10-12 18:00:00,16.7,44,1.1,96.0,853.5
2016-10-12 19:00:00,15.6,51,3.2,8.0,852.6
2016-10-12 20:00:00,14.2,65,3.8,0.0,852.8
2016-10-12 21:00:00,13.7,62,4.7,0.0,852.6
2016-10-12 22:00:00,12.9,66,5.4,0.0,852.5
2016-10-12 23:00:00,12.1,71,6.1,0.0,851.9
2016-10-13 00:00:00,11.6,73,5.9,0.0,851.4
2016-10-13 01:00:00,11.2,76,5.2,0.0,851.1
2016-10-13 02:00:00,10.8,78,4.8,0.0,850.7
2016-10-13 03:00:00,10.4,78,4.5,0.0,850.0
2016-10-13 04:00:00,10.0,81,5.2,0.0,849.6
2016-10-13 05:00:00,9.9,82,5.2,0.0,849.4
2016-10-13 06:00:00,9.9,82,5.4,0.0,849.7
2016-10-13 07:00:00,9.7,83,5.2,0.0,849.7
2016-10-13 08:00:00,10.0,83,5.6,23.0,849.7
2016-10-13 09:00:00,12.0,80,4.6,166.0,851.2
2016-10-13 10:00:00,14.8,57,3.8,364.0,852.0
2016-10-13 11:00:00,16.7,50,3.3,561.0,852.1
2016-10-13 12:00:00,18.2,44,3.2,679.0,851.8
2016-10-13 13:00:00,19.5,41,2.5,735.0,850.8
2016-10-13 14:00:00,20.5,38,2.9,720.0,850.0
2016-10-13 15:00:00,21.2,34,3.8,645.0,849.1
2016-10-13 16:00:00,21.5,33,5.0,515.0,848.6
2016-10-13 17:00:00,21.4,33,6.6,333.0,848.2
2016-10-13 18:00:00,20.4,38,7.6,140.0,847.5
2016-10-13 19:00:00,18.3,47,11.7,10.0,847.1
2016-10-13 20:00:00,16.4,54,11.0,0.0,847.4
2016-10-13 21:00:00,14.6,62,11.2,0.0,847.7
2016-10-13 22:00:00,13.2,70,10.2,0.0,847.9
2016-10-13 23:00:00,12.0,76,10.0,0.0,847.9
2016-10-14 00:00:00,11.0,83,8.7,0.0,847.3
2016-10-14 01:00:00,10.1,87,7.0,0.0,847.0
2016-10-14 02:00:00,9.8,88,4.9,0.0,847.0
2016-10-14 03:00:00,9.8,87,3.9,0.0,847.2
2016-10-14 04:00:00,9.6,88,3.7,0.0,847.0
2016-10-14 05:00:00,9.7,88,2.6,0.0,846.7
2016-10-14 06:00:00,9.7,89,2.7,0.0,847.6
2016-10-14 07:00:00,9.7,89,2.2,0.0,847.5
2016-10-14 08:00:00,9.9,88,2.4,19.0,847.8
2016-10-14 09:00:00,10.9,80,2.5,99.0,848.4
2016-10-14 10:00:00,12.2,72,1.8,199.0,849.0
2016-10-14 11:00:00,13.4,67,1.3,245.0,849.1
2016-10-14 12:00:00,14.1,64,1.1,245.0,848.8
2016-10-14 13:00:00,14.5,63,1.5,222.0,848.1
2016-10-14 14:00:00,14.7,62,2.6,256.0,847.5
2016-10-14 15:00:00,14.4,62,3.0,175.0,846.7
2016-10-14 16:00:00,14.7,61,2.4,174.0,846.8
2016-10-14 17:00:00,15.1,59,2.8,179.0,847.1
2016-10-14 18:00:00,14.9,60,2.8,57.0,847.5
2016-10-14 19:00:00,14.4,64,2.6,4.0,847.1
2016-10-14 20:00:00,13.5,78,1.1,0.0,847.5
2016-10-14 21:00:00,13.3,69,0.5,0.0,848.1
2016-10-14 22:00:00,13.0,72,3.0,0.0,848.1
2016-10-14 23:00:00,12.7,74,4.7,0.0,847.8
2016-10-15 00:00:00,11.6,83,5.4,0.0,847.2
2016-10-15 01:00:00,10.5,87,5.4,0.0,846.7
2016-10-15 02:00:00,9.6,90,6.1,0.0,846.2
2016-10-15 03:00:00,8.8,93,5.4,0.0,845.9
2016-10-15 04:00:00,8.8,93,6.3,0.0,845.5
2016-10-15 05:00:00,8.5,94,6.2,0.0,845.3
2016-10-15 06:00:00,8.5,94,5.1,0.0,845.0
2016-10-15 07:00:00,8.1,95,4.9,0.0,845.0
2016-10-15 08:00:00,8.2,95,5.6,28.0,845.8
2016-10-15 09:00:00,11.6,85,4.7,180.0,848.4
2016-10-15 10:00:00,14.5,69,4.5,374.0,849.7
2016-10-15 11:00:00,16.6,61,4.9,549.0,850.2
2016-10-15 12:00:00,18.5,53,5.8,667.0,850.7
2016-10-15 13:00:00,20.1,46,6.0,723.0,850.3
2016-10-15 14:00:00,21.1,40,6.4,690.0,850.1
2016-10-15 15:00:00,21.6,38,5.8,622.0,849.8
2016-10-15 16:00:00,21.7,33,6.2,475.0,850.1
2016-10-15 17:00:00,21.2,34,7.7,308.0,850.2
2016-10-15 18:00:00,20.2,38,7.4,133.0,850.2
2016-10-15 19:00:00,18.8,44,9.7,7.0,850.1
2016-10-15 20:00:00,17.7,50,7.8,0.0,851.4
2016-10-15 21:00:00,17.0,48,5.6,0.0,852.1
2016-10-15 22:00:00,15.8,53,4.5,0.0,852.8
2016-10-15 23:00:00,14.8,58,4.7,0.0,853.1
2016-10-16 00:00:00,14.0,61,5.8,0.0,853.3
2016-10-16 01:00:00,12.8,67,8.2,0.0,853.4
2016-10-16 02:00:00,10.6,73,10.0,0.0,853.3
2016-10-16 03:00:00,10.0,62,8.5,0.0,853.9
2016-10-16 04:00:00,9.8,59,6.9,0.0,854.3
2016-10-16 05:00:00,9.0,62,5.9,0.0,854.0
2016-10-16 06:00:00,8.9,61,5.7,0.0,854.5
2016-10-16 07:00:00,9.6,56,4.7,0.0,855.4
2016-10-16 08:00:00,11.0,44,4.3,15.0,856.3
2016-10-16 09:00:00,11.9,41,3.0,80.0,857.5
2016-10-16 10:00:00,12.6,34,5.1,156.0,858.1
2016-10-16 11:00:00,12.2,39,7.0,202.0,858.5
2016-10-16 12:00:00,11.7,43,6.1,255.0,858.6
2016-10-16 13:00:00,10.5,53,5.3,154.0,858.1
2016-10-16 14:00:00,8.8,68,6.4,141.0,857.0
2016-10-16 15:00:00,9.9,59,6.1,207.0,857.8
2016-10-16 16:00:00,9.5,64,4.4,203.0,857.3
2016-10-16 17:00:00,9.7,63,6.8,154.0,856.7
2016-10-16 18:00:00,10.0,62,7.7,71.0,856.7
2016-10-16 19:00:00,9.6,65,3.9,6.0,856.0
2016-10-16 20:00:00,8.7,78,3.9,0.0,855.5
2016-10-16 21:00:00,8.5,73,5.1,0.0,855.3
2016-10-16 22:00:00,6.8,83,5.8,0.0,854.4
2016-10-16 23:00:00,5.9,86,6.1,0.0,853.2
2016-10-17 00:00:00,5.2,89,6.1,0.0,852.2
2016-10-17 01:00:00,4.6,91,6.5,0.0,851.0
2016-10-17 02:00:00,4.1,92,7.2,0.0,850.2
2016-10-17 03:00:00,3.9,91,7.2,0.0,849.6
2016-10-17 04:00:00,3.7,91,7.2,0.0,849.1
2016-10-17 05:00:00,3.6,90,7.2,0.0,848.3
2016-10-17 06:00:00,3.6,89,7.2,0.0,848.7
2016-10-17 07:00:00,3.6,87,5.0,0.0,848.8
2016-10-17 08:00:00,4.2,87,7.2,30.0,849.1
2016-10-17 09:00:00,7.6,81,6.2,199.0,851.4
2016-10-17 10:00:00,11.7,59,5.6,401.0,852.8
2016-10-17 11:00:00,14.3,50,5.4,570.0,853.2
2016-10-17 12:00:00,16.6,42,5.4,686.0,852.4
2016-10-17 13:00:00,18.6,36,5.4,742.0,851.8
2016-10-17 14:00:00,20.3,30,6.4,731.0,850.9
2016-10-17 15:00:00,21.1,25,6.3,655.0,850.3
2016-10-17 16:00:00,21.5,23,6.0,517.0,849.9
2016-10-17 17:00:00,21.4,22,3.9,334.0,849.7
2016-10-17 18:00:00,20.6,24,0.4,134.0,849.0
2016-10-17 19:00:00,17.8,39,4.2,7.0,848.0
2016-10-17 20:00:00,14.8,48,8.6,0.0,847.3
2016-10-17 21:00:00,12.4,53,10.2,0.0,846.8
2016-10-17 22:00:00,10.9,59,11.7,0.0,847.0
2016-10-17 23:00:00,9.7,66,11.1,0.0,846.8
2016-10-18 00:00:00,8.7,73,10.1,0.0,846.4
2016-10-18 01:00:00,8.2,76,9.2,0.0,845.8
2016-10-18 02:00:00,7.9,77,8.6,0.0,845.8
2016-10-18 03:00:00,7.4,80,8.1,0.0,845.4
2016-10-18 04:00:00,7.4,81,7.5,0.0,845.7
2016-10-18 05:00:00,7.0,83,7.1,0.0,845.5
2016-10-18 06:00:00,6.7,85,6.6,0.0,845.8
2016-10-18 07:00:00,6.5,86,6.3,0.0,846.4
2016-10-18 08:00:00,6.4,88,4.8,29.0,846.4
2016-10-18 09:00:00,10.5,73,4.3,194.0,849.0
2016-10-18 10:00:00,13.4,59,3.1,395.0,850.4
2016-10-18 11:00:00,15.7,49,2.6,564.0,850.7
2016-10-18 12:00:00,17.9,40,2.9,680.0,850.6
2016-10-18 13:00:00,19.6,33,3.3,735.0,850.6
2016-10-18 14:00:00,20.8,28,4.3,724.0,850.2
2016-10-18 15:00:00,21.5,25,5.4,647.0,850.4
2016-10-18 16:00:00,21.6,23,6.6,509.0,850.0
2016-10-18 17:00:00,21.2,23,8.0,327.0,850.0
2016-10-18 18:00:00,19.8,27,8.9,129.0,849.7
2016-10-18 19:00:00,17.8,37,10.8,6.0,849.2
2016-10-18 20:00:00,15.3,50,10.7,0.0,848.7
2016-10-18 21:00:00,13.8,57,10.3,0.0,848.9
2016-10-18 22:00:00,13.1,60,9.4,0.0,849.1
2016-10-18 23:00:00,12.7,62,8.1,0.0,849.6
2016-10-19 00:00:00,11.7,69,7.4,0.0,849.5
2016-10-19 01:00:00,11.0,73,7.0,0.0,848.5
2016-10-19 02:00:00,10.6,76,5.4,0.0,848.2
2016-10-19 03:00:00,10.1,81,5.7,0.0,847.7
2016-10-19 04:00:00,9.6,83,4.5,0.0,847.3
2016-10-19 05:00:00,9.3,84,4.0,0.0,846.9
2016-10-19 06:00:00,9.2,85,3.7,0.0,847.6
2016-10-19 07:00:00,9.0,86,3.3,0.0,847.4
2016-10-19 08:00:00,9.3,87,5.5,17.0,847.1
2016-10-19 09:00:00,11.3,81,4.8,109.0,848.7
2016-10-19 10:00:00,14.0,63,3.7,212.0,849.7
2016-10-19 11:00:00,15.4,56,3.1,268.0,849.3
2016-10-19 12:00:00,16.6,52,2.6,365.0,848.5
2016-10-19 13:00:00,17.8,49,3.0,483.0,847.3
2016-10-19 14:00:00,19.2,44,4.7,614.0,846.5
2016-10-19 15:00:00,19.7,42,6.2,548.0,845.5
2016-10-19 16:00:00,20.2,39,7.6,470.0,844.8
2016-10-19 17:00:00,20.2,38,8.0,311.0,844.3
2016-10-19 18:00:00,19.1,41,5.7,117.0,844.2
2016-10-19 19:00:00,17.3,49,6.5,5.0,843.4
2016-10-19 20:00:00,15.2,63,8.7,0.0,843.0
2016-10-19 21:00:00,13.7,68,10.5,0.0,843.3
2016-10-19 22:00:00,12.5,75,10.0,0.0,842.7
2016-10-19 23:00:00,11.3,83,8.2,0.0,842.2
2016-10-20 00:00:00,10.3,87,7.0,0.0,841.1
2016-10-20 01:00:00,9.4,89,6.7,0.0,840.5
2016-10-20 02:00:00,8.8,91,6.6,0.0,839.7
2016-10-20 03:00:00,8.3,91,6.6,0.0,839.7
2016-10-20 04:00:00,7.8,92,6.6,0.0,839.2
2016-10-20 05:00:00,7.1,94,5.8,0.0,838.9
2016-10-20 06:00:00,6.4,96,6.5,0.0,839.1
2016-10-20 07:00:00,5.6,98,5.1,0.0,839.0
2016-10-20 08:00:00,5.8,98,6.2,24.0,839.6
2016-10-20 09:00:00,9.9,86,5.2,170.0,842.3
2016-10-20 10:00:00,13.9,67,3.3,365.0,844.4
2016-10-20 11:00:00,16.4,57,3.6,544.0,844.6
2016-10-20 12:00:00,18.4,50,6.1,656.0,844.7
2016-10-20 13:00:00,20.1,45,13.0,706.0,844.8
2016-10-20 14:00:00,20.7,41,17.9,686.0,844.5
2016-10-20 15:00:00,20.6,38,20.1,607.0,844.2
2016-10-20 16:00:00,19.5,37,23.5,417.0,844.3
2016-10-20 17:00:00,17.2,33,23.7,208.0,844.1
2016-10-20 18:00:00,15.3,31,21.1,80.0,843.6
2016-10-20 19:00:00,13.7,33,16.3,3.0,844.4
2016-10-20 20:00:00,12.9,34,14.6,0.0,845.4
2016-10-20 21:00:00,12.3,35,15.3,0.0,846.0
2016-10-20 22:00:00,11.9,36,15.3,0.0,846.6
2016-10-20 23:00:00,10.8,41,15.4,0.0,846.6
2016-10-21 00:00:00,10.3,42,16.3,0.0,847.0
2016-10-21 01:00:00,9.4,44,12.0,0.0,847.5
2016-10-21 02:00:00,8.1,52,10.0,0.0,847.9
2016-10-21 03:00:00,8.2,44,9.3,0.0,849.1
2016-10-21 04:00:00,7.5,48,5.9,0.0,849.1
2016-10-21 05:00:00,7.0,52,3.8,0.0,849.2
2016-10-21 06:00:00,6.9,52,2.9,0.0,849.2
2016-10-21 07:00:00,6.5,67,3.9,0.0,849.3
2016-10-21 08:00:00,6.4,64,3.1,19.0,849.3
2016-10-21 09:00:00,7.4,52,2.2,153.0,850.3
2016-10-21 10:00:00,8.8,49,2.5,316.0,850.8
2016-10-21 11:00:00,10.4,46,3.1,497.0,850.8
2016-10-21 12:00:00,11.9,43,3.9,584.0,850.6
2016-10-21 13:00:00,13.3,41,5.1,647.0,850.2
2016-10-21 14:00:00,14.5,40,7.4,633.0,849.1
2016-10-21 15:00:00,15.3,39,9.8,567.0,848.7
2016-10-21 16:00:00,15.5,39,11.5,448.0,848.6
2016-10-21 17:00:00,15.0,40,13.5,284.0,848.6
2016-10-21 18:00:00,14.0,42,9.9,97.0,848.8
2016-10-21 19:00:00,12.7,45,11.2,3.0,848.2
2016-10-21 20:00:00,12.1,47,13.6,0.0,848.3
2016-10-21 21:00:00,11.5,50,11.7,0.0,848.6
2016-10-21 22:00:00,11.0,53,10.8,0.0,849.3
2016-10-21 23:00:00,10.4,56,9.7,0.0,849.6
2016-10-22 00:00:00,9.7,61,10.2,0.0,850.5
2016-10-22 01:00:00,8.9,68,10.8,0.0,851.0
2016-10-22 02:00:00,8.0,77,8.6,0.0,851.4
2016-10-22 03:00:00,5.7,86,6.9,0.0,851.3
2016-10-22 04:00:00,5.1,90,5.2,0.0,851.3
2016-10-22 05:00:00,5.0,90,3.6,0.0,850.6
2016-10-22 06:00:00,5.2,89,1.8,0.0,851.3
2016-10-22 07:00:00,5.3,89,4.1,0.0,850.8
2016-10-22 08:00:00,5.6,89,4.3,5.0,850.7
2016-10-22 09:00:00,5.8,87,4.8,34.0,851.2
2016-10-22 10:00:00,6.3,85,4.0,82.0,851.1
2016-10-22 11:00:00,7.0,81,2.5,157.0,850.5
2016-10-22 12:00:00,8.4,72,2.2,275.0,850.6
2016-10-22 13:00:00,9.1,69,3.3,253.0,850.2
2016-10-22 14:00:00,9.9,66,1.8,343.0,849.7
2016-10-22 15:00:00,9.7,67,1.1,279.0,849.3
2016-10-22 16:00:00,9.8,66,1.5,169.0,848.9
2016-10-22 17:00:00,10.0,64,1.6,114.0,848.8
2016-10-22 18:00:00,9.9,65,1.0,49.0,849.5
2016-10-22 19:00:00,9.7,66,2.6,2.0,849.2
2016-10-22 20:00:00,9.5,69,3.2,0.0,849.4
2016-10-22 21:00:00,9.1,73,5.4,0.0,849.8
2016-10-22 22:00:00,8.6,78,3.8,0.0,849.5
2016-10-22 23:00:00,8.4,74,3.2,0.0,849.6
2016-10-23 00:00:00,7.8,79,2.9,0.0,848.6
2016-10-23 01:00:00,7.1,83,3.6,0.0,848.1
2016-10-23 02:00:00,5.5,90,4.4,0.0,846.6
2016-10-23 03:00:00,4.8,92,4.9,0.0,845.9
2016-10-23 04:00:00,3.2,99,4.7,0.0,844.5
2016-10-23 05:00:00,2.5,100,4.3,0.0,843.5
2016-10-23 06:00:00,2.6,98,7.4,0.0,844.9
2016-10-23 07:00:00,2.3,100,5.6,0.0,844.5
2016-10-23 08:00:00,2.2,98,4.3,17.0,845.0
2016-10-23 09:00:00,3.8,96,3.0,121.0,846.6
2016-10-23 10:00:00,6.9,84,1.6,287.0,847.3
2016-10-23 11:00:00,9.9,69,1.6,503.0,847.0
2016-10-23 12:00:00,12.2,61,3.4,640.0,846.5
2016-10-23 13:00:00,14.2,55,5.2,686.0,845.7
2016-10-23 14:00:00,15.7,51,4.4,679.0,844.7
2016-10-23 15:00:00,16.0,48,6.1,579.0,843.7
2016-10-23 16:00:00,16.2,48,9.0,410.0,843.6
2016-10-23 17:00:00,15.7,50,10.1,222.0,843.1
2016-10-23 18:00:00,14.9,54,6.3,79.0,844.0
2016-10-23 19:00:00,13.1,62,6.5,2.0,844.3
2016-10-23 20:00:00,12.0,69,6.4,0.0,844.9
2016-10-23 21:00:00,11.4,72,6.2,0.0,845.3
2016-10-23 22:00:00,11.3,71,9.6,0.0,846.0
2016-10-23 23:00:00,10.3,78,11.6,0.0,846.5
2016-10-24 00:00:00,9.6,79,11.3,0.0,846.8
2016-10-24 01:00:00,9.1,79,10.9,0.0,847.1
2016-10-24 02:00:00,8.5,79,10.4,0.0,848.1
2016-10-24 03:00:00,7.9,83,10.1,0.0,848.5
2016-10-24 04:00:00,7.2,86,5.4,0.0,848.8
2016-10-24 05:00:00,7.0,89,1.8,0.0,848.5
2016-10-24 06:00:00,7.1,84,0.7,0.0,849.0
2016-10-24 07:00:00,7.1,83,1.0,0.0,848.8
2016-10-24 08:00:00,7.2,83,0.5,9.0,848.9
2016-10-24 09:00:00,8.1,77,1.3,120.0,849.7
2016-10-24 10:00:00,9.2,69,2.5,268.0,850.1
2016-10-24 11:00:00,10.2,64,4.2,320.0,849.5
2016-10-24 12:00:00,11.2,59,4.8,394.0,849.2
2016-10-24 13:00:00,12.4,55,5.7,506.0,848.7
2016-10-24 14:00:00,13.1,52,5.1,428.0,847.8
2016-10-24 15:00:00,12.6,54,4.1,342.0,846.5
2016-10-24 16:00:00,12.8,52,5.2,254.0,846.3
2016-10-24 17:00:00,12.7,52,8.1,175.0,845.8
2016-10-24 18:00:00,11.9,56,5.9,84.0,845.2
2016-10-24 19:00:00,10.6,63,7.3,2.0,845.0
2016-10-24 20:00:00,9.1,73,7.8,0.0,845.1
2016-10-24 21:00:00,7.8,81,6.4,0.0,844.6
2016-10-24 22:00:00,8.7,72,2.7,0.0,846.4
2016-10-24 23:00:00,7.7,80,4.6,0.0,845.8
2016-10-25 00:00:00,7.8,79,4.0,0.0,845.8
2016-10-25 01:00:00,7.5,79,4.3,0.0,844.9
2016-10-25 02:00:00,7.4,81,2.9,0.0,844.4
2016-10-25 03:00:00,7.5,80,1.8,0.0,844.3
2016-10-25 04:00:00,7.2,82,3.6,0.0,843.6
2016-10-25 05:00:00,6.7,84,4.0,0.0,843.7
2016-10-25 06:00:00,6.2,87,4.3,0.0,842.9
2016-10-25 07:00:00,6.1,88,1.8,0.0,842.6
2016-10-25 08:00:00,6.1,88,2.2,14.0,843.6
2016-10-25 09:00:00,7.2,92,1.5,122.0,844.8
2016-10-25 10:00:00,9.2,76,3.2,254.0,845.7
2016-10-25 11:00:00,10.6,67,5.5,356.0,846.0
2016-10-25 12:00:00,11.6,64,7.1,362.0,845.7
2016-10-25 13:00:00,12.2,61,8.6,332.0,845.3
2016-10-25 14:00:00,12.3,61,8.9,215.0,844.9
2016-10-25 15:00:00,12.1,64,10.8,123.0,844.8
2016-10-25 16:00:00,11.3,71,11.3,98.0,844.9
2016-10-25 17:00:00,10.6,77,11.8,65.0,845.0
2016-10-25 18:00:00,9.7,81,9.5,19.0,845.6
2016-10-25 19:00:00,9.1,83,7.9,1.0,846.5
2016-10-25 20:00:00,8.8,83,5.8,0.0,847.7
2016-10-25 21:00:00,8.7,82,4.7,0.0,848.3
2016-10-25 22:00:00,8.5,83,4.2,0.0,849.0
2016-10-25 23:00:00,8.2,88,3.8,0.0,849.3
2016-10-26 00:00:00,8.1,91,3.1,0.0,849.2
2016-10-26 01:00:00,8.3,83,2.7,0.0,849.1
2016-10-26 02:00:00,8.2,86,1.8,0.0,848.8
2016-10-26 03:00:00,8.4,88,1.3,0.0,849.2
2016-10-26 04:00:00,8.5,85,1.6,0.0,848.9
2016-10-26 05:00:00,8.1,89,2.2,0.0,848.3
2016-10-26 06:00:00,8.0,92,1.5,0.0,848.6
2016-10-26 07:00:00,8.0,92,3.3,0.0,848.4
2016-10-26 08:00:00,8.1,92,5.4,9.0,848.9
2016-10-26 09:00:00,8.9,85,4.3,81.0,849.1
2016-10-26 10:00:00,10.0,76,4.2,192.0,849.6
2016-10-26 11:00:00,11.0,70,5.5,263.0,849.5
2016-10-26 12:00:00,12.4,62,4.8,343.0,849.2
2016-10-26 13:00:00,13.5,57,1.9,386.0,848.3
2016-10-26 14:00:00,14.5,53,0.7,408.0,847.6
2016-10-26 15:00:00,15.1,50,2.5,279.0,847.2
2016-10-26 16:00:00,15.3,50,5.8,224.0,847.1
2016-10-26 17:00:00,14.9,51,8.7,160.0,847.0
2016-10-26 18:00:00,14.0,56,7.6,61.0,847.3
2016-10-26 19:00:00,12.5,67,6.2,1.0,846.9
2016-10-26 20:00:00,11.3,77,5.7,0.0,847.0
2016-10-26 21:00:00,10.7,79,6.4,0.0,847.5
2016-10-26 22:00:00,10.4,79,5.8,0.0,847.7
2016-10-26 23:00:00,10.3,78,4.7,0.0,848.0
2016-10-27 00:00:00,9.5,82,5.5,0.0,848.1
2016-10-27 01:00:00,8.6,87,6.6,0.0,848.1
2016-10-27 02:00:00,8.2,89,11.1,0.0,848.4
2016-10-27 03:00:00,7.0,82,15.5,0.0,848.5
2016-10-27 04:00:00,5.1,82,13.0,0.0,848.9
2016-10-27 05:00:00,4.0,86,9.2,0.0,849.5
2016-10-27 06:00:00,3.6,88,9.2,0.0,851.8
2016-10-27 07:00:00,3.3,87,9.8,0.0,852.5
2016-10-27 08:00:00,2.9,86,10.1,4.0,853.3
2016-10-27 09:00:00,2.4,84,10.5,40.0,854.4
2016-10-27 10:00:00,2.2,83,9.7,61.0,855.6
2016-10-27 11:00:00,1.9,82,10.0,86.0,856.6
2016-10-27 12:00:00,1.8,81,10.3,118.0,857.0
2016-10-27 13:00:00,2.1,78,11.0,190.0,857.0
2016-10-27 14:00:00,2.3,76,11.3,192.0,856.8
2016-10-27 15:00:00,2.6,70,12.0,269.0,856.8
2016-10-27 16:00:00,2.7,69,12.0,203.0,857.5
2016-10-27 17:00:00,2.5,68,12.3,141.0,858.0
2016-10-27 18:00:00,1.9,70,10.5,46.0,858.5
2016-10-27 19:00:00,1.3,73,9.0,1.0,859.1
2016-10-27 20:00:00,0.9,74,8.9,0.0,860.7
2016-10-27 21:00:00,0.7,73,7.8,0.0,861.5
2016-10-27 22:00:00,0.5,73,6.6,0.0,862.3
2016-10-27 23:00:00,0.3,71,4.0,0.0,862.4
2016-10-28 00:00:00,-0.2,77,3.5,0.0,862.1
2016-10-28 01:00:00,-0.4,76,2.3,0.0,862.1
2016-10-28 02:00:00,-0.7,75,2.9,0.0,861.3
2016-10-28 03:00:00,-1.1,79,1.5,0.0,860.6
2016-10-28 04:00:00,-1.7,83,1.9,0.0,860.0
2016-10-28 05:00:00,-2.5,88,3.4,0.0,858.7
2016-10-28 06:00:00,-2.3,88,1.9,0.0,859.0
2016-10-28 07:00:00,-2.2,89,3.6,0.0,858.8
2016-10-28 08:00:00,-1.9,87,4.1,8.0,859.3
2016-10-28 09:00:00,-0.6,74,3.8,79.0,860.2
2016-10-28 10:00:00,0.3,66,5.8,179.0,860.5
2016-10-28 11:00:00,1.2,62,6.3,277.0,860.3
2016-10-28 12:00:00,2.1,60,7.5,402.0,859.6
2016-10-28 13:00:00,3.0,58,7.7,492.0,858.7
2016-10-28 14:00:00,3.8,55,7.2,440.0,858.0
2016-10-28 15:00:00,3.9,60,6.5,373.0,857.2
2016-10-28 16:00:00,4.0,61,6.5,249.0,856.9
2016-10-28 17:00:00,3.8,62,6.5,141.0,856.5
2016-10-28 18:00:00,3.3,65,3.2,51.0,856.5
2016-10-28 19:00:00,2.7,70,5.0,1.0,857.0
2016-10-28 20:00:00,1.8,76,5.6,0.0,857.4
2016-10-28 21:00:00,0.7,87,4.9,0.0,857.7
2016-10-28 22:00:00,0.5,88,4.2,0.0,858.4
2016-10-28 23:00:00,0.4,86,2.4,0.0,858.7
2016-10-29 00:00:00,-0.1,90,3.3,0.0,858.0
2016-10-29 01:00:00,-0.7,93,2.4,0.0,857.1
2016-10-29 02:00:00,-1.7,95,1.8,0.0,856.2
2016-10-29 03:00:00,-1.2,94,3.8,0.0,855.7
2016-10-29 04:00:00,-2.1,95,6.2,0.0,854.9
2016-10-29 05:00:00,-2.1,93,4.6,0.0,855.1
2016-10-29 06:00:00,-2.0,93,5.1,0.0,855.6
2016-10-29 07:00:00,-2.1,93,1.6,0.0,855.6
2016-10-29 08:00:00,-2.7,93,5.0,13.0,855.3
2016-10-29 09:00:00,-0.9,85,2.3,140.0,856.8
2016-10-29 10:00:00,1.1,75,3.8,315.0,857.5
2016-10-29 11:00:00,3.0,68,4.5,505.0,856.7
2016-10-29 12:00:00,4.5,62,4.4,633.0,855.9
2016-10-29 13:00:00,5.9,58,4.0,694.0,854.6
2016-10-29 14:00:00,7.2,54,4.3,689.0,853.8
2016-10-29 15:00:00,8.8,50,5.1,607.0,853.2
2016-10-29 16:00:00,9.6,46,5.9,467.0,852.6
2016-10-29 17:00:00,9.9,44,6.6,284.0,852.1
2016-10-29 18:00:00,8.6,49,5.8,91.0,850.6
2016-10-29 19:00:00,6.2,64,8.7,1.0,849.0
2016-10-29 20:00:00,4.1,72,9.9,0.0,848.2
2016-10-29 21:00:00,2.5,76,10.2,0.0,847.8
2016-10-29 22:00:00,1.2,79,9.5,0.0,847.0
2016-10-29 23:00:00,0.2,82,9.0,0.0,846.6
2016-10-30 00:00:00,-0.7,83,9.8,0.0,846.0
2016-10-30 01:00:00,-1.4,85,10.1,0.0,845.2
2016-10-30 02:00:00,-2.0,86,10.5,0.0,844.7
2016-10-30 03:00:00,-2.3,87,9.6,0.0,844.1
2016-10-30 04:00:00,-2.9,89,8.5,0.0,843.7
2016-10-30 05:00:00,-3.5,93,6.0,0.0,843.7
2016-10-30 06:00:00,-3.7,91,5.5,0.0,845.0
2016-10-30 07:00:00,-3.2,89,3.5,0.0,846.1
2016-10-30 08:00:00,-2.5,87,3.7,12.0,847.4
2016-10-30 09:00:00,-0.9,81,2.0,123.0,850.4
2016-10-30 10:00:00,2.0,69,1.5,278.0,853.2
2016-10-30 11:00:00,4.8,60,4.7,450.0,854.6
2016-10-30 12:00:00,6.5,53,7.5,568.0,854.8
2016-10-30 13:00:00,7.2,49,10.5,649.0,854.7
2016-10-30 14:00:00,7.6,46,11.4,650.0,853.9
2016-10-30 15:00:00,7.0,48,12.0,558.0,853.3
2016-10-30 16:00:00,6.7,47,12.6,440.0,853.6
2016-10-30 17:00:00,5.8,50,11.7,261.0,854.0
2016-10-30 18:00:00,4.2,56,9.4,84.0,854.7
2016-10-30 19:00:00,2.5,63,9.8,1.0,855.6
2016-10-30 20:00:00,1.4,69,9.8,0.0,856.3
2016-10-30 21:00:00,0.0,79,6.4,0.0,856.8
2016-10-30 22:00:00,0.1,73,5.6,0.0,857.6
2016-10-30 23:00:00,-0.3,74,4.3,0.0,858.1
2016-10-31 00:00:00,-1.0,78,3.1,0.0,858.1
2016-10-31 01:00:00,-2.1,85,4.0,0.0,857.2
2016-10-31 02:00:00,-2.6,87,5.1,0.0,856.8
2016-10-31 03:00:00,-2.3,88,5.8,0.0,856.7
2016-10-31 04:00:00,-2.4,87,5.8,0.0,856.3
2016-10-31 05:00:00,-2.5,88,5.4,0.0,855.9
2016-10-31 06:00:00,-3.0,89,5.9,0.0,856.2
2016-10-31 07:00:00,-3.6,90,6.2,0.0,855.5
2016-10-31 08:00:00,-3.7,91,6.5,12.0,855.9
2016-10-31 09:00:00,-1.4,82,3.7,135.0,857.2
2016-10-31 10:00:00,1.0,72,3.9,336.0,858.0
2016-10-31 11:00:00,2.9,64,3.6,512.0,856.8
2016-10-31 12:00:00,4.8,58,3.1,633.0,855.9
2016-10-31 13:00:00,6.6,52,2.6,687.0,854.4
2016-10-31 14:00:00,8.2,48,2.6,675.0,853.3
2016-10-31 15:00:00,9.9,42,2.2,594.0,852.7
2016-10-31 16:00:00,10.5,40,1.1,454.0,852.3
2016-10-31 17:00:00,10.4,40,1.5,272.0,852.1
2016-10-31 18:00:00,8.9,48,4.6,83.0,851.2
2016-10-31 19:00:00,6.3,70,4.2,0.0,850.1
2016-10-31 20:00:00,5.3,60,6.6,0.0,850.3
2016-10-31 21:00:00,3.6,70,6.8,0.0,850.1
2016-10-31 22:00:00,3.3,69,6.3,0.0,850.6
2016-10-31 23:00:00,2.9,71,4.0,0.0,850.8
2016-11-01 00:00:00,2.8,73,3.3,0.0,851.4
2016-11-01 01:00:00,2.4,75,2.3,0.0,851.8
2016-11-01 02:00:00,2.1,76,1.1,0.0,852.6
2016-11-01 03:00:00,1.8,78,0.8,0.0,853.1
2016-11-01 04:00:00,0.2,85,3.0,0.0,852.7
2016-11-01 05:00:00,-0.8,88,5.1,0.0,852.3
2016-11-01 06:00:00,-1.3,91,6.8,0.0,852.6
2016-11-01 07:00:00,-1.8,92,6.9,0.0,852.1
2016-11-01 08:00:00,-1.7,93,5.4,10.0,853.0
2016-11-01 09:00:00,1.6,89,4.5,121.0,855.0
2016-11-01 10:00:00,5.1,71,2.5,272.0,857.5
2016-11-01 11:00:00,6.8,64,0.7,407.0,857.3
2016-11-01 12:00:00,8.5,57,1.1,547.0,857.5
2016-11-01 13:00:00,9.7,49,3.3,596.0,856.9
2016-11-01 14:00:00,10.6,43,4.7,615.0,856.2
2016-11-01 15:00:00,12.1,39,4.7,567.0,856.3
2016-11-01 16:00:00,12.3,38,4.7,402.0,856.1
2016-11-01 17:00:00,11.9,38,4.0,211.0,856.1
2016-11-01 18:00:00,10.4,47,7.0,63.0,854.9
2016-11-01 19:00:00,8.0,67,7.6,0.0,854.3
2016-11-01 20:00:00,7.2,60,6.8,0.0,854.5
2016-11-01 21:00:00,6.2,63,6.8,0.0,855.0
2016-11-01 22:00:00,4.7,71,6.4,0.0,854.4
2016-11-01 23:00:00,3.9,74,6.2,0.0,854.1
2016-11-02 00:00:00,3.4,76,6.3,0.0,853.7
2016-11-02 01:00:00,2.5,79,6.3,0.0,853.4
2016-11-02 02:00:00,1.9,81,6.2,0.0,853.1
2016-11-02 03:00:00,1.6,81,6.2,0.0,853.0
2016-11-02 04:00:00,1.3,83,5.8,0.0,852.7
2016-11-02 05:00:00,1.2,83,5.8,0.0,852.5
2016-11-02 06:00:00,1.2,83,5.8,0.0,853.0
2016-11-02 07:00:00,1.0,83,5.8,0.0,852.9
2016-11-02 08:00:00,0.9,84,5.1,10.0,853.1
2016-11-02 09:00:00,3.9,75,3.6,135.0,855.3
2016-11-02 10:00:00,6.8,64,2.1,321.0,857.2
2016-11-02 11:00:00,8.9,57,2.3,485.0,857.2
2016-11-02 12:00:00,10.6,51,2.5,595.0,857.1
2016-11-02 13:00:00,11.9,47,2.5,650.0,856.7
2016-11-02 14:00:00,12.9,44,2.5,632.0,855.9
2016-11-02 15:00:00,14.0,40,2.5,567.0,855.7
2016-11-02 16:00:00,14.2,38,1.8,431.0,855.4
2016-11-02 17:00:00,14.1,38,1.1,255.0,855.3
2016-11-02 18:00:00,12.9,44,1.8,74.0,854.4
2016-11-02 19:00:00,11.3,46,4.8,0.0,854.0
2016-11-02 20:00:00,8.3,63,5.9,0.0,852.9
2016-11-02 21:00:00,6.1,72,6.5,0.0,852.4
2016-11-02 22:00:00,4.7,77,6.8,0.0,851.5
2016-11-02 23:00:00,4.0,78,6.3,0.0,851.7
2016-11-03 00:00:00,3.3,80,6.5,0.0,850.8
2016-11-03 01:00:00,2.7,81,7.1,0.0,850.5
2016-11-03 02:00:00,2.4,81,6.6,0.0,850.4
2016-11-03 03:00:00,2.6,79,6.3,0.0,850.6
2016-11-03 04:00:00,2.6,79,6.2,0.0,850.4
2016-11-03 05:00:00,3.1,77,5.8,0.0,850.7
2016-11-03 06:00:00,3.3,76,5.4,0.0,851.2
2016-11-03 07:00:00,3.0,77,6.2,0.0,850.9
2016-11-03 08:00:00,2.5,78,5.4,10.0,850.7
2016-11-03 09:00:00,5.0,72,4.3,137.0,852.3
2016-11-03 10:00:00,7.9,62,3.1,325.0,854.0
2016-11-03 11:00:00,10.2,54,2.3,487.0,854.0
2016-11-03 12:00:00,12.2,47,3.0,604.0,854.1
2016-11-03 13:00:00,13.7,42,3.6,656.0,853.0
2016-11-03 14:00:00,15.0,37,4.0,643.0,852.2
2016-11-03 15:00:00,15.7,35,4.4,556.0,851.5
2016-11-03 16:00:00,16.1,32,4.6,422.0,851.0
2016-11-03 17:00:00,15.9,32,2.7,249.0,850.6
2016-11-03 18:00:00,14.8,33,3.0,71.0,850.4
2016-11-03 19:00:00,12.6,43,5.5,0.0,849.2
2016-11-03 20:00:00,8.5,63,8.1,0.0,847.4
2016-11-03 21:00:00,6.8,68,8.1,0.0,847.0
2016-11-03 22:00:00,5.7,71,8.7,0.0,846.3
2016-11-03 23:00:00,5.1,72,7.5,0.0,846.0
2016-11-04 00:00:00,4.5,73,6.4,0.0,845.7
2016-11-04 01:00:00,3.9,74,6.2,0.0,845.3
2016-11-04 02:00:00,3.9,73,6.5,0.0,845.2
2016-11-04 03:00:00,3.4,74,6.2,0.0,844.9
2016-11-04 04:00:00,4.1,70,5.8,0.0,845.1
2016-11-04 05:00:00,5.1,65,5.4,0.0,845.0
2016-11-04 06:00:00,5.3,63,5.1,0.0,844.6
2016-11-04 07:00:00,4.8,64,5.4,0.0,844.3
2016-11-04 08:00:00,3.9,67,5.8,9.0,843.8
2016-11-04 09:00:00,5.9,63,5.1,137.0,845.0
2016-11-04 10:00:00,8.7,60,3.7,323.0,846.4
2016-11-04 11:00:00,11.2,49,3.6,482.0,846.7
2016-11-04 12:00:00,13.1,44,3.4,591.0,846.5
2016-11-04 13:00:00,14.7,39,3.3,650.0,846.0
2016-11-04 14:00:00,15.8,35,3.3,637.0,845.1
2016-11-04 15:00:00,16.9,32,3.4,561.0,844.7
2016-11-04 16:00:00,17.2,31,3.1,425.0,844.4
2016-11-04 17:00:00,16.9,30,1.5,249.0,844.2
2016-11-04 18:00:00,14.8,53,6.1,69.0,843.2
2016-11-04 19:00:00,11.9,55,8.4,0.0,842.0
2016-11-04 20:00:00,9.0,65,9.4,0.0,841.5
2016-11-04 21:00:00,7.3,69,10.0,0.0,840.8
2016-11-04 22:00:00,6.6,69,9.0,0.0,840.9
2016-11-04 23:00:00,6.1,68,7.5,0.0,840.8
2016-11-05 00:00:00,5.6,69,5.9,0.0,840.8
2016-11-05 01:00:00,5.0,70,5.5,0.0,840.6
2016-11-05 02:00:00,5.1,69,4.7,0.0,840.8
2016-11-05 03:00:00,5.5,69,4.4,0.0,841.2
2016-11-05 04:00:00,5.4,68,4.3,0.0,841.0
2016-11-05 05:00:00,5.1,69,4.7,0.0,841.0
2016-11-05 06:00:00,4.8,69,4.7,0.0,841.0
2016-11-05 07:00:00,4.7,70,5.1,0.0,841.0
2016-11-05 08:00:00,4.4,70,4.0,8.0,841.6
2016-11-05 09:00:00,6.7,65,3.6,132.0,843.1
2016-11-05 10:00:00,9.4,62,2.5,318.0,844.9
2016-11-05 11:00:00,11.9,48,2.5,481.0,845.4
2016-11-05 12:00:00,13.7,45,3.1,589.0,845.7
2016-11-05 13:00:00,15.0,43,3.6,639.0,845.2
2016-11-05 14:00:00,15.9,41,3.2,625.0,844.6
2016-11-05 15:00:00,16.4,40,4.0,546.0,844.1
2016-11-05 16:00:00,16.4,40,5.4,412.0,844.3
2016-11-05 17:00:00,15.8,44,5.0,238.0,844.7
2016-11-05 18:00:00,14.2,53,8.5,64.0,843.8
2016-11-05 19:00:00,11.6,73,8.0,0.0,843.1
2016-11-05 20:00:00,10.5,72,7.7,0.0,844.3
2016-11-05 21:00:00,9.7,75,8.7,0.0,844.3
2016-11-05 22:00:00,9.4,75,8.4,0.0,844.9
2016-11-05 23:00:00,8.5,77,8.7,0.0,845.2
2016-11-06 00:00:00,7.0,77,10.0,0.0,845.0
2016-11-06 01:00:00,6.4,72,6.9,0.0,845.0
2016-11-06 02:00:00,5.9,69,6.4,0.0,845.6
2016-11-06 03:00:00,6.3,61,6.3,0.0,846.7
2016-11-06 04:00:00,6.2,56,6.8,0.0,847.5
2016-11-06 05:00:00,6.1,54,7.0,0.0,847.9
2016-11-06 06:00:00,5.7,56,6.5,0.0,848.4
2016-11-06 07:00:00,5.1,60,7.0,0.0,849.2
2016-11-06 08:00:00,4.7,64,7.0,2.0,850.0
2016-11-06 09:00:00,5.2,62,6.5,33.0,851.6
2016-11-06 10:00:00,5.6,59,6.7,106.0,852.4
2016-11-06 11:00:00,5.9,58,8.6,132.0,852.7
2016-11-06 12:00:00,6.4,57,8.9,219.0,852.9
2016-11-06 13:00:00,6.8,57,9.1,243.0,852.7
2016-11-06 14:00:00,7.2,57,9.2,247.0,852.0
2016-11-06 15:00:00,8.3,49,10.9,248.0,852.4
2016-11-06 16:00:00,8.6,49,12.5,190.0,852.7
2016-11-06 17:00:00,8.5,49,11.5,95.0,853.4
2016-11-06 18:00:00,8.1,51,9.7,19.0,854.2
2016-11-06 19:00:00,7.6,53,8.5,0.0,855.4
2016-11-06 20:00:00,7.1,48,11.3,0.0,856.4
2016-11-06 21:00:00,6.4,46,13.6,0.0,857.2
2016-11-06 22:00:00,5.7,47,13.0,0.0,858.3
2016-11-06 23:00:00,4.7,52,9.7,0.0,858.9
2016-11-07 00:00:00,3.2,62,7.3,0.0,859.0
2016-11-07 01:00:00,2.0,69,7.1,0.0,859.2
2016-11-07 02:00:00,1.5,71,5.8,0.0,859.6
2016-11-07 03:00:00,0.7,73,6.4,0.0,859.9
2016-11-07 04:00:00,0.2,72,6.5,0.0,860.0
2016-11-07 05:00:00,-0.3,72,6.0,0.0,860.2
2016-11-07 06:00:00,-0.6,74,6.5,0.0,859.9
2016-11-07 07:00:00,-0.6,74,6.2,0.0,860.8
2016-11-07 08:00:00,-0.9,75,5.4,6.0,861.1
2016-11-07 09:00:00,0.6,75,4.9,118.0,862.4
2016-11-07 10:00:00,3.1,51,4.7,295.0,863.0
2016-11-07 11:00:00,4.3,46,3.2,445.0,862.9
2016-11-07 12:00:00,5.3,42,2.3,545.0,862.2
2016-11-07 13:00:00,6.2,40,1.8,574.0,860.8
2016-11-07 14:00:00,6.7,39,3.6,494.0,859.0
2016-11-07 15:00:00,7.7,38,5.1,454.0,858.7
2016-11-07 16:00:00,7.7,38,5.7,301.0,858.5
2016-11-07 17:00:00,7.3,39,5.5,165.0,858.4
2016-11-07 18:00:00,6.5,43,3.6,39.0,858.2
2016-11-07 19:00:00,5.7,50,4.7,0.0,857.9
2016-11-07 20:00:00,4.9,61,5.1,0.0,858.4
2016-11-07 21:00:00,4.2,64,5.9,0.0,858.0
2016-11-07 22:00:00,3.7,67,6.8,0.0,857.9
2016-11-07 23:00:00,3.4,68,6.2,0.0,857.6
2016-11-08 00:00:00,3.6,62,5.9,0.0,857.6
2016-11-08 01:00:00,4.0,55,5.3,0.0,857.8
2016-11-08 02:00:00,3.6,57,5.3,0.0,857.2
2016-11-08 03:00:00,2.8,61,4.8,0.0,856.7
2016-11-08 04:00:00,2.3,64,6.0,0.0,856.2
2016-11-08 05:00:00,1.8,66,5.8,0.0,855.5
2016-11-08 06:00:00,1.3,68,5.6,0.0,856.2
2016-11-08 07:00:00,0.6,71,5.0,0.0,855.6
2016-11-08 08:00:00,0.2,73,4.5,6.0,855.7
2016-11-08 09:00:00,2.5,64,3.6,106.0,857.6
2016-11-08 10:00:00,4.6,53,0.7,230.0,858.6
2016-11-08 11:00:00,6.0,48,0.4,341.0,858.2
2016-11-08 12:00:00,7.3,43,0.8,447.0,857.3
2016-11-08 13:00:00,8.6,38,1.9,527.0,856.1
2016-11-08 14:00:00,9.3,35,2.9,485.0,854.7
2016-11-08 15:00:00,9.6,34,3.3,425.0,854.1
2016-11-08 16:00:00,9.8,32,3.0,297.0,854.0
2016-11-08 17:00:00,9.6,33,2.9,143.0,854.2
2016-11-08 18:00:00,8.7,40,5.2,33.0,854.2
2016-11-08 19:00:00,7.5,58,2.5,0.0,854.3
2016-11-08 20:00:00,7.2,55,2.4,0.0,854.6
2016-11-08 21:00:00,7.2,47,1.6,0.0,855.3
2016-11-08 22:00:00,6.6,51,2.4,0.0,855.1
2016-11-08 23:00:00,5.2,63,5.5,0.0,854.6
2016-11-09 00:00:00,4.5,69,6.6,0.0,854.1
2016-11-09 01:00:00,3.9,71,5.4,0.0,853.6
2016-11-09 02:00:00,3.6,73,5.0,0.0,853.1
2016-11-09 03:00:00,2.5,73,4.4,0.0,852.9
2016-11-09 04:00:00,3.1,67,3.1,0.0,852.8
2016-11-09 05:00:00,3.2,66,2.6,0.0,853.0
2016-11-09 06:00:00,2.9,67,2.7,0.0,853.4
2016-11-09 07:00:00,2.4,69,3.4,0.0,853.1
2016-11-09 08:00:00,2.1,71,3.3,5.0,853.5
2016-11-09 09:00:00,2.9,68,2.7,114.0,854.6
2016-11-09 10:00:00,5.2,54,2.2,293.0,855.1
2016-11-09 11:00:00,7.0,45,3.4,453.0,854.6
2016-11-09 12:00:00,8.6,43,4.3,571.0,854.0
2016-11-09 13:00:00,9.9,41,5.6,626.0,852.8
2016-11-09 14:00:00,11.1,38,7.4,614.0,851.8
2016-11-09 15:00:00,12.0,34,8.5,538.0,851.0
2016-11-09 16:00:00,12.3,33,8.2,404.0,850.7
2016-11-09 17:00:00,12.0,33,4.9,230.0,850.2
2016-11-09 18:00:00,10.8,47,6.1,58.0,849.5
2016-11-09 19:00:00,8.0,53,10.6,0.0,847.8
2016-11-09 20:00:00,5.7,60,10.8,0.0,846.8
2016-11-09 21:00:00,4.3,65,8.3,0.0,846.7
2016-11-09 22:00:00,3.6,69,9.6,0.0,848.8
2016-11-09 23:00:00,4.1,62,16.0,0.0,853.1
2016-11-10 00:00:00,2.3,62,8.0,0.0,853.7
2016-11-10 01:00:00,0.8,67,8.7,0.0,853.1
2016-11-10 02:00:00,-0.3,67,8.8,0.0,852.4
2016-11-10 03:00:00,-0.3,60,8.3,0.0,852.5
2016-11-10 04:00:00,-0.4,58,7.2,0.0,852.3
2016-11-10 05:00:00,-0.0,55,4.7,0.0,852.4
2016-11-10 06:00:00,-0.2,56,4.8,0.0,852.5
2016-11-10 07:00:00,-1.3,63,5.9,0.0,851.7
2016-11-10 08:00:00,-2.3,70,4.7,5.0,850.9
2016-11-10 09:00:00,-0.5,69,5.1,116.0,851.8
2016-11-10 10:00:00,2.9,51,3.2,300.0,852.8
2016-11-10 11:00:00,5.3,45,3.3,465.0,851.6
2016-11-10 12:00:00,7.7,39,3.9,581.0,850.6
2016-11-10 13:00:00,9.9,33,4.6,636.0,849.5
2016-11-10 14:00:00,11.8,29,5.4,624.0,848.7
2016-11-10 15:00:00,12.9,26,4.8,546.0,847.6
2016-11-10 16:00:00,13.6,23,4.7,409.0,847.3
2016-11-10 17:00:00,13.5,23,3.3,232.0,846.6
2016-11-10 18:00:00,11.2,49,4.5,57.0,844.4
2016-11-10 19:00:00,7.9,52,9.8,0.0,843.0
2016-11-10 20:00:00,5.7,54,11.5,0.0,842.2
2016-11-10 21:00:00,4.2,56,11.2,0.0,841.5
2016-11-10 22:00:00,3.2,56,10.0,0.0,841.1
2016-11-10 23:00:00,2.4,57,9.2,0.0,841.1
2016-11-11 00:00:00,1.6,60,8.0,0.0,840.7
2016-11-11 01:00:00,1.2,60,6.9,0.0,840.8
2016-11-11 02:00:00,1.7,56,5.8,0.0,841.2
2016-11-11 03:00:00,2.4,53,4.7,0.0,841.8
2016-11-11 04:00:00,3.0,51,3.6,0.0,842.1
2016-11-11 05:00:00,2.7,52,2.5,0.0,842.2
2016-11-11 06:00:00,2.3,54,1.9,0.0,842.7
2016-11-11 07:00:00,1.9,55,3.8,0.0,843.8
2016-11-11 08:00:00,1.7,56,3.6,4.0,844.9
2016-11-11 09:00:00,2.8,54,3.3,116.0,846.3
2016-11-11 10:00:00,5.0,53,2.1,298.0,847.9
2016-11-11 11:00:00,7.3,47,1.4,461.0,847.6
2016-11-11 12:00:00,9.0,44,1.1,548.0,848.1
2016-11-11 13:00:00,10.6,36,3.4,624.0,847.4
2016-11-11 14:00:00,11.4,32,4.2,613.0,846.9
2016-11-11 15:00:00,12.3,30,4.6,536.0,846.5
2016-11-11 16:00:00,12.4,29,5.5,401.0,846.5
2016-11-11 17:00:00,11.7,31,4.7,227.0,846.4
2016-11-11 18:00:00,9.9,39,7.5,54.0,845.4
2016-11-11 19:00:00,7.0,60,8.0,0.0,844.8
2016-11-11 20:00:00,5.5,58,8.0,0.0,844.4
2016-11-11 21:00:00,5.2,54,7.1,0.0,845.1
2016-11-11 22:00:00,4.8,54,6.4,0.0,845.5
2016-11-11 23:00:00,4.1,57,6.4,0.0,845.8
2016-11-12 00:00:00,3.5,60,5.4,0.0,845.4
2016-11-12 01:00:00,2.8,63,4.3,0.0,845.1
2016-11-12 02:00:00,1.7,68,4.7,0.0,844.9
2016-11-12 03:00:00,2.9,63,4.7,0.0,845.4
2016-11-12 04:00:00,2.5,65,4.7,0.0,845.2
2016-11-12 05:00:00,2.3,67,4.3,0.0,845.0
2016-11-12 06:00:00,2.1,67,4.0,0.0,846.7
2016-11-12 07:00:00,2.2,67,4.0,0.0,846.7
2016-11-12 08:00:00,2.1,68,3.2,3.0,847.1
2016-11-12 09:00:00,2.5,66,2.2,88.0,847.8
2016-11-12 10:00:00,4.5,61,1.8,230.0,848.9
2016-11-12 11:00:00,6.3,48,2.9,328.0,848.7
2016-11-12 12:00:00,8.1,43,3.2,480.0,848.4
2016-11-12 13:00:00,9.5,41,3.4,540.0,847.4
2016-11-12 14:00:00,10.4,39,3.2,501.0,846.9
2016-11-12 15:00:00,10.7,37,2.5,350.0,846.3
2016-11-12 16:00:00,10.8,37,2.2,252.0,846.3
2016-11-12 17:00:00,10.6,38,1.8,123.0,846.4
2016-11-12 18:00:00,9.4,58,4.5,31.0,845.9
2016-11-12 19:00:00,9.1,42,1.8,0.0,846.1
2016-11-12 20:00:00,8.5,45,2.3,0.0,846.7
2016-11-12 21:00:00,7.1,55,5.3,0.0,846.3
2016-11-12 22:00:00,6.9,53,6.4,0.0,846.5
2016-11-12 23:00:00,5.8,61,6.3,0.0,846.1
2016-11-13 00:00:00,4.9,65,6.6,0.0,845.2
2016-11-13 01:00:00,4.4,66,7.0,0.0,844.8
2016-11-13 02:00:00,4.1,66,7.3,0.0,844.6
2016-11-13 03:00:00,2.1,75,6.9,0.0,843.3
2016-11-13 04:00:00,2.1,73,6.9,0.0,843.3
2016-11-13 05:00:00,1.9,75,6.5,0.0,842.6
2016-11-13 06:00:00,1.5,75,8.0,0.0,842.8
2016-11-13 07:00:00,1.8,73,8.4,0.0,842.9
2016-11-13 08:00:00,3.1,68,7.3,3.0,844.3
2016-11-13 09:00:00,4.7,65,5.4,106.0,845.7
2016-11-13 10:00:00,6.7,70,3.3,283.0,847.1
2016-11-13 11:00:00,9.8,48,2.5,435.0,848.2
2016-11-13 12:00:00,11.7,43,2.3,529.0,848.0
2016-11-13 13:00:00,13.0,39,1.6,545.0,847.4
2016-11-13 14:00:00,13.9,37,2.5,518.0,846.5
2016-11-13 15:00:00,15.2,30,4.5,473.0,846.6
2016-11-13 16:00:00,15.2,29,6.4,357.0,846.9
2016-11-13 17:00:00,13.9,34,6.3,193.0,846.9
2016-11-13 18:00:00,11.5,42,11.4,43.0,846.5
2016-11-13 19:00:00,9.3,54,10.9,0.0,846.5
2016-11-13 20:00:00,7.5,62,10.7,0.0,846.8
2016-11-13 21:00:00,6.4,62,11.6,0.0,848.0
2016-11-13 22:00:00,5.6,60,11.7,0.0,849.0
2016-11-13 23:00:00,5.5,53,11.6,0.0,850.2
2016-11-14 00:00:00,5.8,45,10.3,0.0,851.0
2016-11-14 01:00:00,5.9,39,8.1,0.0,851.5
2016-11-14 02:00:00,5.2,40,6.3,0.0,851.6
2016-11-14 03:00:00,5.2,33,4.5,0.0,851.9
2016-11-14 04:00:00,4.9,34,1.1,0.0,852.4
2016-11-14 05:00:00,4.4,36,0.4,0.0,852.1
2016-11-14 06:00:00,3.7,38,2.3,0.0,851.3
2016-11-14 07:00:00,3.0,41,1.0,0.0,850.9
2016-11-14 08:00:00,1.5,50,2.9,3.0,850.6
2016-11-14 09:00:00,3.5,49,4.4,99.0,852.0
2016-11-14 10:00:00,6.0,50,3.1,277.0,853.6
2016-11-14 11:00:00,8.3,28,3.2,435.0,854.0
2016-11-14 12:00:00,9.9,27,2.1,550.0,853.7
2016-11-14 13:00:00,11.2,27,2.6,604.0,852.8
2016-11-14 14:00:00,12.3,27,2.3,593.0,852.2
2016-11-14 15:00:00,13.5,25,1.8,520.0,851.6
2016-11-14 16:00:00,13.8,25,1.1,387.0,851.2
2016-11-14 17:00:00,13.6,26,1.5,216.0,850.9
2016-11-14 18:00:00,11.9,42,4.2,49.0,850.1
2016-11-14 19:00:00,10.0,40,6.4,0.0,848.7
2016-11-14 20:00:00,7.6,48,7.6,0.0,848.2
2016-11-14 21:00:00,5.7,56,7.5,0.0,847.3
2016-11-14 22:00:00,5.1,55,7.6,0.0,847.6
2016-11-14 23:00:00,4.4,58,7.7,0.0,846.9
2016-11-15 00:00:00,4.0,59,7.2,0.0,846.9
2016-11-15 01:00:00,3.8,60,7.2,0.0,846.5
2016-11-15 02:00:00,3.3,62,6.6,0.0,845.7
2016-11-15 03:00:00,1.9,68,6.8,0.0,844.7
2016-11-15 04:00:00,1.8,69,6.7,0.0,843.9
2016-11-15 05:00:00,1.8,71,6.8,0.0,843.3
2016-11-15 06:00:00,2.2,71,5.1,0.0,845.3
2016-11-15 07:00:00,2.5,71,5.8,0.0,845.6
2016-11-15 08:00:00,2.4,73,4.0,2.0,846.1
2016-11-15 09:00:00,3.3,71,4.3,96.0,846.6
2016-11-15 10:00:00,5.9,72,3.8,267.0,847.8
2016-11-15 11:00:00,8.8,47,2.4,415.0,847.1
2016-11-15 12:00:00,10.7,42,1.1,480.0,846.6
2016-11-15 13:00:00,12.1,39,1.5,517.0,845.7
2016-11-15 14:00:00,13.2,37,1.3,487.0,845.2
2016-11-15 15:00:00,12.8,38,1.3,395.0,844.1
2016-11-15 16:00:00,13.2,38,3.1,273.0,844.4
2016-11-15 17:00:00,12.7,40,4.7,147.0,844.6
2016-11-15 18:00:00,11.4,45,8.7,30.0,844.3
2016-11-15 19:00:00,9.2,62,7.3,0.0,844.5
2016-11-15 20:00:00,9.7,45,6.3,0.0,846.4
2016-11-15 21:00:00,9.3,45,5.9,0.0,847.1
2016-11-15 22:00:00,8.9,45,4.6,0.0,847.8
2016-11-15 23:00:00,8.4,46,4.4,0.0,848.4
2016-11-16 00:00:00,7.7,46,2.3,0.0,848.4
2016-11-16 01:00:00,6.8,48,1.9,0.0,848.3
2016-11-16 02:00:00,5.7,52,2.1,0.0,848.1
2016-11-16 03:00:00,4.1,59,2.3,0.0,847.7
2016-11-16 04:00:00,3.5,62,2.7,0.0,847.5
2016-11-16 05:00:00,2.5,66,3.9,0.0,846.6
2016-11-16 06:00:00,1.7,68,3.7,0.0,846.0
2016-11-16 07:00:00,1.5,68,4.0,0.0,845.6
2016-11-16 08:00:00,1.5,68,3.7,2.0,846.3
2016-11-16 09:00:00,3.2,63,3.4,93.0,847.9
2016-11-16 10:00:00,5.5,68,2.5,265.0,849.3
2016-11-16 11:00:00,8.6,41,1.1,421.0,850.3
2016-11-16 12:00:00,10.5,34,1.8,532.0,850.3
2016-11-16 13:00:00,11.8,29,2.4,592.0,850.0
2016-11-16 14:00:00,12.8,26,2.5,582.0,849.4
2016-11-16 15:00:00,13.6,25,2.5,508.0,848.8
2016-11-16 16:00:00,13.8,25,2.7,379.0,848.6
2016-11-16 17:00:00,13.4,26,3.2,208.0,848.7
2016-11-16 18:00:00,11.7,40,5.5,45.0,847.4
2016-11-16 19:00:00,10.9,30,5.0,0.0,847.3
2016-11-16 20:00:00,9.9,33,5.2,0.0,847.7
2016-11-16 21:00:00,6.7,50,6.4,0.0,846.2
2016-11-16 22:00:00,5.3,57,7.1,0.0,845.8
2016-11-16 23:00:00,4.4,61,7.6,0.0,845.6
2016-11-17 00:00:00,3.8,66,6.5,0.0,845.8
2016-11-17 01:00:00,3.6,69,5.3,0.0,845.5
2016-11-17 02:00:00,3.6,71,4.9,0.0,845.4
2016-11-17 03:00:00,3.7,72,5.8,0.0,845.5
2016-11-17 04:00:00,3.4,75,6.1,0.0,845.1
2016-11-17 05:00:00,3.2,78,6.5,0.0,844.4
2016-11-17 06:00:00,3.4,78,6.5,0.0,845.3
2016-11-17 07:00:00,2.8,80,5.9,0.0,845.6
2016-11-17 08:00:00,2.0,84,5.4,2.0,844.9
2016-11-17 09:00:00,4.2,79,6.1,89.0,846.2
2016-11-17 10:00:00,7.0,78,5.2,261.0,847.5
2016-11-17 11:00:00,10.5,53,5.3,412.0,848.2
2016-11-17 12:00:00,12.5,45,4.9,505.0,848.0
2016-11-17 13:00:00,14.1,39,4.8,551.0,846.9
2016-11-17 14:00:00,15.3,34,4.9,538.0,846.1
2016-11-17 15:00:00,15.7,31,5.7,466.0,845.6
2016-11-17 16:00:00,16.0,29,5.8,309.0,845.8
2016-11-17 17:00:00,15.4,31,3.7,134.0,845.8
2016-11-17 18:00:00,14.3,35,3.9,31.0,844.9
2016-11-17 19:00:00,11.2,54,6.6,0.0,843.9
2016-11-17 20:00:00,9.5,56,10.4,0.0,842.9
2016-11-17 21:00:00,7.6,64,9.0,0.0,842.2
2016-11-17 22:00:00,5.9,70,7.2,0.0,841.5
2016-11-17 23:00:00,4.6,74,7.4,0.0,840.7
2016-11-18 00:00:00,3.6,78,7.8,0.0,840.2
2016-11-18 01:00:00,2.8,81,7.6,0.0,839.5
2016-11-18 02:00:00,2.4,81,7.6,0.0,839.3
2016-11-18 03:00:00,2.2,81,7.2,0.0,839.2
2016-11-18 04:00:00,1.6,82,7.6,0.0,838.6
2016-11-18 05:00:00,1.2,82,8.4,0.0,837.9
2016-11-18 06:00:00,0.9,82,8.8,0.0,836.9
2016-11-18 07:00:00,0.7,82,9.0,0.0,837.0
2016-11-18 08:00:00,0.5,82,9.0,1.0,837.3
2016-11-18 09:00:00,2.5,78,7.6,94.0,838.8
2016-11-18 10:00:00,6.6,72,5.8,273.0,840.7
2016-11-18 11:00:00,11.2,46,4.4,430.0,842.8
2016-11-18 12:00:00,13.9,36,5.0,544.0,843.2
2016-11-18 13:00:00,16.1,28,6.4,596.0,842.9
2016-11-18 14:00:00,17.6,23,7.1,586.0,842.2
2016-11-18 15:00:00,18.2,21,1.8,511.0,842.2
2016-11-18 16:00:00,16.9,23,14.3,380.0,842.7
2016-11-18 17:00:00,10.6,26,24.5,207.0,843.1
2016-11-18 18:00:00,7.8,26,16.6,41.0,845.2
2016-11-18 19:00:00,6.6,28,14.6,0.0,846.8
2016-11-18 20:00:00,5.5,32,12.2,0.0,847.7
2016-11-18 21:00:00,4.7,37,8.6,0.0,849.1
2016-11-18 22:00:00,4.1,41,7.4,0.0,849.4
2016-11-18 23:00:00,3.4,48,5.2,0.0,849.6
2016-11-19 00:00:00,2.4,59,5.0,0.0,849.3
2016-11-19 01:00:00,2.4,54,7.2,0.0,848.7
2016-11-19 02:00:00,2.3,50,6.8,0.0,848.3
2016-11-19 03:00:00,2.6,45,6.6,0.0,848.3
2016-11-19 04:00:00,1.9,48,6.5,0.0,847.3
2016-11-19 05:00:00,1.4,51,3.1,0.0,847.0
2016-11-19 06:00:00,0.8,54,2.3,0.0,846.4
2016-11-19 07:00:00,0.3,56,1.4,0.0,846.7
2016-11-19 08:00:00,0.0,58,2.6,1.0,846.8
2016-11-19 09:00:00,0.7,56,1.3,85.0,847.6
2016-11-19 10:00:00,3.0,46,2.9,237.0,849.7
2016-11-19 11:00:00,4.6,39,4.3,374.0,849.8
2016-11-19 12:00:00,6.1,35,4.0,508.0,849.8
2016-11-19 13:00:00,7.4,33,3.6,573.0,848.5
2016-11-19 14:00:00,8.8,31,4.3,574.0,847.9
2016-11-19 15:00:00,9.3,30,3.8,504.0,847.5
2016-11-19 16:00:00,9.8,29,3.8,372.0,847.4
2016-11-19 17:00:00,9.6,30,4.6,203.0,847.1
2016-11-19 18:00:00,8.2,35,6.9,42.0,847.2
2016-11-19 19:00:00,6.0,58,4.3,0.0,846.4
2016-11-19 20:00:00,5.8,41,3.1,0.0,846.7
2016-11-19 21:00:00,5.2,43,2.6,0.0,847.1
2016-11-19 22:00:00,4.5,46,2.1,0.0,846.5
2016-11-19 23:00:00,3.8,49,4.3,0.0,846.6
2016-11-20 00:00:00,2.2,57,6.1,0.0,845.1
2016-11-20 01:00:00,1.3,61,6.8,0.0,844.5
2016-11-20 02:00:00,0.4,66,7.2,0.0,843.6
2016-11-20 03:00:00,-0.6,73,8.0,0.0,842.6
2016-11-20 04:00:00,-0.9,75,7.4,0.0,841.5
2016-11-20 05:00:00,-0.9,75,7.4,0.0,841.1
2016-11-20 06:00:00,-0.8,75,7.0,0.0,842.2
2016-11-20 07:00:00,-0.4,74,6.6,0.0,842.0
2016-11-20 08:00:00,0.1,72,6.2,1.0,842.1
2016-11-20 09:00:00,2.3,67,6.1,84.0,843.4
2016-11-20 10:00:00,5.2,66,4.7,256.0,844.8
2016-11-20 11:00:00,8.6,45,4.2,415.0,846.0
2016-11-20 12:00:00,11.0,39,4.0,528.0,845.4
2016-11-20 13:00:00,13.0,34,4.1,583.0,844.7
2016-11-20 14:00:00,14.5,31,4.1,573.0,843.6
2016-11-20 15:00:00,15.9,25,5.4,500.0,843.2
2016-11-20 16:00:00,16.5,22,6.9,370.0,842.9
2016-11-20 17:00:00,16.2,23,5.1,202.0,842.3
2016-11-20 18:00:00,14.9,23,1.1,41.0,841.6
2016-11-20 19:00:00,13.3,26,3.9,0.0,841.4
2016-11-20 20:00:00,9.5,41,6.4,0.0,840.7
2016-11-20 21:00:00,6.0,51,8.2,0.0,840.0
2016-11-20 22:00:00,3.5,52,10.0,0.0,840.5
2016-11-20 23:00:00,1.5,52,10.8,0.0,841.3
2016-11-21 00:00:00,-0.1,55,8.9,0.0,841.8
2016-11-21 01:00:00,-1.2,59,9.7,0.0,842.6
2016-11-21 02:00:00,-1.4,56,8.5,0.0,843.6
2016-11-21 03:00:00,-1.2,55,6.9,0.0,844.4
2016-11-21 04:00:00,-2.3,58,7.7,0.0,844.6
2016-11-21 05:00:00,-2.9,57,7.7,0.0,844.8
2016-11-21 06:00:00,-3.3,55,6.5,0.0,845.6
2016-11-21 07:00:00,-3.7,52,5.6,0.0,846.3
2016-11-21 08:00:00,-4.1,50,5.2,1.0,847.0
2016-11-21 09:00:00,-2.4,36,8.4,67.0,850.1
2016-11-21 10:00:00,-1.4,32,9.8,197.0,850.9
2016-11-21 11:00:00,-0.8,32,16.9,351.0,852.6
2016-11-21 12:00:00,-1.1,34,19.1,362.0,853.2
2016-11-21 13:00:00,-1.2,35,19.2,416.0,853.6
2016-11-21 14:00:00,-1.7,36,17.2,376.0,853.5
2016-11-21 15:00:00,-3.3,39,17.3,299.0,853.2
2016-11-21 16:00:00,-3.8,40,16.7,183.0,854.1
2016-11-21 17:00:00,-4.6,41,15.9,84.0,854.9
2016-11-21 18:00:00,-5.5,41,17.2,15.0,855.9
2016-11-21 19:00:00,-6.3,40,16.4,0.0,858.1
2016-11-21 20:00:00,-6.9,39,14.6,0.0,859.0
2016-11-21 21:00:00,-7.1,39,10.3,0.0,859.3
2016-11-21 22:00:00,-7.3,40,7.0,0.0,859.7
2016-11-21 23:00:00,-7.5,41,6.5,0.0,860.3
2016-11-22 00:00:00,-7.7,40,4.7,0.0,859.6
2016-11-22 01:00:00,-7.8,40,3.0,0.0,858.9
2016-11-22 02:00:00,-8.0,39,4.4,0.0,858.4
2016-11-22 03:00:00,-8.1,39,4.9,0.0,857.9
2016-11-22 04:00:00,-8.1,39,5.0,0.0,857.1
2016-11-22 05:00:00,-8.3,39,5.5,0.0,857.1
2016-11-22 06:00:00,-8.3,38,4.1,0.0,855.9
2016-11-22 07:00:00,-8.1,38,5.0,0.0,856.2
2016-11-22 08:00:00,-8.2,38,4.7,0.0,856.1
2016-11-22 09:00:00,-7.6,37,5.5,57.0,856.7
2016-11-22 10:00:00,-6.7,35,6.2,172.0,856.9
2016-11-22 11:00:00,-5.5,34,6.6,299.0,856.5
2016-11-22 12:00:00,-3.9,33,7.1,463.0,856.1
2016-11-22 13:00:00,-2.6,32,7.9,562.0,854.9
2016-11-22 14:00:00,-1.6,31,7.4,549.0,853.9
2016-11-22 15:00:00,-0.8,32,7.4,475.0,853.3
2016-11-22 16:00:00,-0.6,33,9.2,351.0,853.1
2016-11-22 17:00:00,-1.2,35,10.4,186.0,853.3
2016-11-22 18:00:00,-2.4,38,5.2,34.0,854.0
2016-11-22 19:00:00,-3.2,40,6.8,0.0,855.0
2016-11-22 20:00:00,-3.6,39,6.2,0.0,855.6
2016-11-22 21:00:00,-4.1,40,5.7,0.0,855.9
2016-11-22 22:00:00,-4.6,40,5.4,0.0,856.9
2016-11-22 23:00:00,-5.2,42,5.9,0.0,857.7
2016-11-23 00:00:00,-5.2,41,3.5,0.0,857.5
2016-11-23 01:00:00,-5.4,40,4.0,0.0,857.5
2016-11-23 02:00:00,-5.9,41,4.5,0.0,857.2
2016-11-23 03:00:00,-5.9,42,3.7,0.0,857.9
2016-11-23 04:00:00,-5.7,40,2.8,0.0,857.7
2016-11-23 05:00:00,-5.8,41,2.9,0.0,858.1
2016-11-23 06:00:00,-5.7,41,1.1,0.0,858.3
2016-11-23 07:00:00,-5.8,42,2.3,0.0,858.2
2016-11-23 08:00:00,-5.8,44,1.4,0.0,858.3
2016-11-23 09:00:00,-4.7,38,1.5,75.0,859.1
2016-11-23 10:00:00,-3.1,32,0.8,244.0,859.2
2016-11-23 11:00:00,-1.5,30,1.5,402.0,858.4
2016-11-23 12:00:00,-0.1,28,2.5,515.0,857.5
2016-11-23 13:00:00,1.2,27,4.0,569.0,855.5
2016-11-23 14:00:00,2.4,27,5.8,561.0,854.0
2016-11-23 15:00:00,3.4,28,7.2,488.0,852.7
2016-11-23 16:00:00,3.8,28,8.5,359.0,852.0
2016-11-23 17:00:00,3.4,30,6.8,193.0,851.6
2016-11-23 18:00:00,1.6,36,7.7,37.0,851.7
2016-11-23 19:00:00,0.0,43,7.4,0.0,851.8
2016-11-23 20:00:00,-1.3,60,6.0,0.0,851.4
2016-11-23 21:00:00,-1.6,50,5.0,0.0,851.9
2016-11-23 22:00:00,-1.7,49,2.7,0.0,851.9
2016-11-23 23:00:00,-1.8,49,1.5,0.0,852.0
2016-11-24 00:00:00,-2.0,51,1.0,0.0,851.6
2016-11-24 01:00:00,-2.0,51,0.8,0.0,851.1
2016-11-24 02:00:00,-2.1,52,0.7,0.0,850.6
2016-11-24 03:00:00,-2.0,53,0.7,0.0,850.4
2016-11-24 04:00:00,-2.1,53,1.6,0.0,849.6
2016-11-24 05:00:00,-2.3,55,1.3,0.0,848.7
2016-11-24 06:00:00,-2.4,56,1.6,0.0,849.7
2016-11-24 07:00:00,-2.5,58,1.1,0.0,849.7
2016-11-24 08:00:00,-2.5,59,0.5,0.0,849.7
2016-11-24 09:00:00,-1.9,55,0.8,60.0,850.2
2016-11-24 10:00:00,-0.5,45,1.8,215.0,851.0
2016-11-24 11:00:00,0.9,41,2.8,365.0,850.8
2016-11-24 12:00:00,2.1,37,4.0,482.0,849.9
2016-11-24 13:00:00,3.1,35,5.0,544.0,848.7
2016-11-24 14:00:00,3.8,34,5.8,540.0,847.9
2016-11-24 15:00:00,3.8,35,7.9,483.0,847.1
2016-11-24 16:00:00,3.8,35,9.9,353.0,847.3
2016-11-24 17:00:00,3.0,37,10.0,187.0,847.3
2016-11-24 18:00:00,1.5,42,9.2,36.0,848.2
2016-11-24 19:00:00,0.2,48,8.2,0.0,848.4
2016-11-24 20:00:00,-0.9,60,7.1,0.0,849.1
2016-11-24 21:00:00,-1.7,64,5.9,0.0,849.2
2016-11-24 22:00:00,-2.0,62,5.7,0.0,849.6
2016-11-24 23:00:00,-1.9,58,4.4,0.0,850.3
2016-11-25 00:00:00,-1.4,52,2.8,0.0,850.2
2016-11-25 01:00:00,-1.4,52,3.5,0.0,850.7
2016-11-25 02:00:00,-1.5,53,2.8,0.0,850.7
2016-11-25 03:00:00,-2.1,58,1.5,0.0,850.1
2016-11-25 04:00:00,-2.1,58,3.1,0.0,848.9
2016-11-25 05:00:00,-2.4,60,1.1,0.0,848.7
2016-11-25 06:00:00,-2.9,62,1.5,0.0,850.4
2016-11-25 07:00:00,-3.3,62,3.9,0.0,850.5
2016-11-25 08:00:00,-3.3,62,2.4,0.0,850.8
2016-11-25 09:00:00,-2.3,59,1.5,65.0,852.8
2016-11-25 10:00:00,-0.4,44,3.9,181.0,853.9
2016-11-25 11:00:00,0.9,32,7.3,263.0,855.0
2016-11-25 12:00:00,1.3,27,10.2,311.0,855.7
2016-11-25 13:00:00,1.4,27,12.2,341.0,855.0
2016-11-25 14:00:00,1.2,29,13.6,316.0,854.4
2016-11-25 15:00:00,0.7,32,13.4,279.0,854.0
2016-11-25 16:00:00,0.6,34,11.1,252.0,854.9
2016-11-25 17:00:00,0.3,37,10.1,151.0,855.2
2016-11-25 18:00:00,-0.7,43,5.8,33.0,856.0
2016-11-25 19:00:00,-1.4,48,5.5,0.0,857.2
2016-11-25 20:00:00,-2.1,53,5.2,0.0,857.6
2016-11-25 21:00:00,-2.8,54,4.7,0.0,857.7
2016-11-25 22:00:00,-2.8,55,5.7,0.0,857.7
2016-11-25 23:00:00,-2.5,55,5.9,0.0,857.8
2016-11-26 00:00:00,-2.7,57,5.8,0.0,857.1
2016-11-26 01:00:00,-3.4,61,5.4,0.0,856.1
2016-11-26 02:00:00,-4.0,66,5.4,0.0,855.2
2016-11-26 03:00:00,-4.5,68,5.4,0.0,854.4
2016-11-26 04:00:00,-4.8,70,5.4,0.0,853.4
2016-11-26 05:00:00,-5.2,72,5.1,0.0,852.2
2016-11-26 06:00:00,-5.3,71,5.4,0.0,853.1
2016-11-26 07:00:00,-5.2,71,4.7,0.0,852.6
2016-11-26 08:00:00,-5.1,70,4.7,0.0,852.0
2016-11-26 09:00:00,-2.9,60,6.5,70.0,853.3
2016-11-26 10:00:00,-0.2,48,5.4,241.0,853.8
2016-11-26 11:00:00,2.9,38,5.2,403.0,853.5
2016-11-26 12:00:00,5.2,31,5.2,520.0,852.2
2016-11-26 13:00:00,7.2,26,5.1,578.0,850.6
2016-11-26 14:00:00,8.6,23,5.9,571.0,849.4
2016-11-26 15:00:00,9.3,19,6.9,498.0,848.6
2016-11-26 16:00:00,9.7,17,6.1,368.0,848.5
2016-11-26 17:00:00,9.0,19,2.5,198.0,847.6
2016-11-26 18:00:00,6.9,27,6.4,38.0,846.2
2016-11-26 19:00:00,3.5,35,9.5,0.0,844.8
2016-11-26 20:00:00,1.1,39,10.6,0.0,843.4
2016-11-26 21:00:00,-0.6,41,10.6,0.0,842.3
2016-11-26 22:00:00,-1.8,43,9.3,0.0,841.9
2016-11-26 23:00:00,-2.0,42,7.8,0.0,842.0
2016-11-27 00:00:00,-1.1,41,6.1,0.0,843.1
2016-11-27 01:00:00,-0.1,40,5.2,0.0,844.4
2016-11-27 02:00:00,0.1,42,4.1,0.0,845.1
2016-11-27 03:00:00,-0.2,44,3.4,0.0,846.4
2016-11-27 04:00:00,-0.5,47,2.7,0.0,847.0
2016-11-27 05:00:00,-0.9,49,2.3,0.0,847.6
2016-11-27 06:00:00,-1.1,51,3.3,0.0,848.9
2016-11-27 07:00:00,-1.5,52,3.9,0.0,849.6
2016-11-27 08:00:00,-1.8,54,2.6,0.0,850.0
2016-11-27 09:00:00,-1.3,52,2.2,67.0,851.3
2016-11-27 10:00:00,1.5,39,2.0,236.0,853.2
2016-11-27 11:00:00,3.4,35,2.6,395.0,853.1
2016-11-27 12:00:00,4.9,33,3.1,510.0,852.7
2016-11-27 13:00:00,6.1,31,3.6,566.0,851.1
2016-11-27 14:00:00,6.9,31,4.3,558.0,849.9
2016-11-27 15:00:00,7.0,30,5.0,487.0,849.1
2016-11-27 16:00:00,7.3,31,5.2,358.0,848.8
2016-11-27 17:00:00,6.8,34,6.2,191.0,848.6
2016-11-27 18:00:00,5.1,41,5.9,36.0,847.7
2016-11-27 19:00:00,3.7,52,3.4,0.0,848.0
2016-11-27 20:00:00,2.6,48,3.7,0.0,848.3
2016-11-27 21:00:00,1.0,57,4.6,0.0,848.2
2016-11-27 22:00:00,-0.5,64,5.1,0.0,848.2
2016-11-27 23:00:00,-1.2,68,5.1,0.0,848.2
2016-11-28 00:00:00,-1.5,71,5.3,0.0,848.6
2016-11-28 01:00:00,-1.9,73,5.2,0.0,848.4
2016-11-28 02:00:00,-2.2,75,5.2,0.0,848.3
2016-11-28 03:00:00,-2.2,75,4.9,0.0,848.6
2016-11-28 04:00:00,-2.1,76,4.6,0.0,848.5
2016-11-28 05:00:00,-2.0,77,3.8,0.0,848.8
2016-11-28 06:00:00,-1.9,77,2.9,0.0,849.9
2016-11-28 07:00:00,-1.8,77,1.8,0.0,850.3
2016-11-28 08:00:00,-1.6,76,2.3,0.0,851.0
2016-11-28 09:00:00,-0.6,72,1.9,52.0,852.2
2016-11-28 10:00:00,0.6,65,1.4,184.0,853.4
2016-11-28 11:00:00,2.3,59,4.7,302.0,853.6
2016-11-28 12:00:00,3.4,57,6.3,387.0,853.4
2016-11-28 13:00:00,4.2,55,7.8,438.0,852.6
2016-11-28 14:00:00,4.8,53,9.9,447.0,851.8
2016-11-28 15:00:00,4.9,51,10.5,393.0,851.8
2016-11-28 16:00:00,4.6,50,11.5,294.0,852.2
2016-11-28 17:00:00,3.8,49,9.4,172.0,852.6
2016-11-28 18:00:00,2.2,52,8.9,34.0,854.0
2016-11-28 19:00:00,0.9,56,8.4,0.0,854.0
2016-11-28 20:00:00,-0.1,63,7.7,0.0,855.1
2016-11-28 21:00:00,-1.2,63,7.1,0.0,855.5
2016-11-28 22:00:00,-2.0,61,7.6,0.0,856.1
2016-11-28 23:00:00,-2.5,55,8.0,0.0,856.5
2016-11-29 00:00:00,-2.9,52,6.9,0.0,857.2
2016-11-29 01:00:00,-3.4,52,6.1,0.0,857.4
2016-11-29 02:00:00,-3.7,53,5.6,0.0,856.5
2016-11-29 03:00:00,-2.9,52,5.1,0.0,857.3
2016-11-29 04:00:00,-3.0,53,4.9,0.0,856.8
2016-11-29 05:00:00,-2.8,53,5.4,0.0,856.5
2016-11-29 06:00:00,-2.2,51,4.1,0.0,857.0
2016-11-29 07:00:00,-2.2,51,4.0,0.0,856.9
2016-11-29 08:00:00,-2.3,53,3.0,0.0,857.5
2016-11-29 09:00:00,-1.8,52,1.5,58.0,858.0
2016-11-29 10:00:00,-0.7,46,2.1,215.0,858.8
2016-11-29 11:00:00,1.3,37,3.2,353.0,859.3
2016-11-29 12:00:00,2.4,33,3.6,478.0,858.6
2016-11-29 13:00:00,3.3,32,3.6,521.0,857.4
2016-11-29 14:00:00,4.1,31,4.8,539.0,856.6
2016-11-29 15:00:00,4.2,32,6.4,414.0,855.7
2016-11-29 16:00:00,4.1,31,6.9,305.0,856.0
2016-11-29 17:00:00,3.6,33,3.6,149.0,856.3
2016-11-29 18:00:00,2.5,38,4.7,28.0,857.3
2016-11-29 19:00:00,1.4,52,3.9,0.0,857.7
2016-11-29 20:00:00,1.1,41,3.5,0.0,857.6
2016-11-29 21:00:00,0.5,44,2.9,0.0,857.6
2016-11-29 22:00:00,-0.0,47,2.1,0.0,857.7
2016-11-29 23:00:00,-0.6,49,2.4,0.0,857.9
2016-11-30 00:00:00,-1.6,54,3.3,0.0,857.4
2016-11-30 01:00:00,-2.1,56,4.0,0.0,857.0
2016-11-30 02:00:00,-2.4,59,4.7,0.0,856.4
2016-11-30 03:00:00,-3.4,65,5.4,0.0,855.7
2016-11-30 04:00:00,-3.7,67,5.8,0.0,854.9
2016-11-30 05:00:00,-3.8,68,5.8,0.0,854.4
2016-11-30 06:00:00,-3.7,68,5.4,0.0,855.1
2016-11-30 07:00:00,-3.5,68,5.8,0.0,854.8
2016-11-30 08:00:00,-3.2,68,6.2,0.0,854.8
2016-11-30 09:00:00,-1.9,63,5.8,61.0,855.8
2016-11-30 10:00:00,1.2,50,4.3,228.0,857.3
2016-11-30 11:00:00,3.5,42,3.5,389.0,857.3
2016-11-30 12:00:00,5.5,35,3.6,507.0,856.5
2016-11-30 13:00:00,7.0,31,3.4,565.0,855.3
2016-11-30 14:00:00,8.2,27,3.2,559.0,854.1
2016-11-30 15:00:00,8.9,22,2.3,490.0,853.6
2016-11-30 16:00:00,9.0,20,1.5,362.0,853.3
2016-11-30 17:00:00,8.4,24,3.5,194.0,852.9
2016-11-30 18:00:00,6.7,26,5.9,36.0,852.3
2016-11-30 19:00:00,3.7,44,8.4,0.0,850.9
2016-11-30 20:00:00,1.3,48,9.4,0.0,849.7
2016-11-30 21:00:00,-0.2,47,8.9,0.0,849.6
2016-11-30 22:00:00,-0.6,41,8.0,0.0,849.5
2016-11-30 23:00:00,-0.6,41,6.5,0.0,850.0
2016-12-01 00:00:00,-0.7,42,5.9,0.0,850.2
2016-12-01 01:00:00,-0.8,44,5.6,0.0,850.8
2016-12-01 02:00:00,-1.1,48,5.2,0.0,850.8
2016-12-01 03:00:00,-1.7,54,4.5,0.0,851.1
2016-12-01 04:00:00,-1.9,56,3.7,0.0,850.9
2016-12-01 05:00:00,-2.1,58,3.2,0.0,851.0
2016-12-01 06:00:00,-2.1,59,4.3,0.0,853.0
2016-12-01 07:00:00,-2.1,59,4.3,0.0,853.8
2016-12-01 08:00:00,-2.3,59,3.3,0.0,854.2
2016-12-01 09:00:00,-1.7,56,2.9,58.0,855.5
2016-12-01 10:00:00,1.0,44,1.3,219.0,857.0
2016-12-01 11:00:00,3.1,39,1.6,382.0,856.9
2016-12-01 12:00:00,4.6,37,2.8,497.0,856.1
2016-12-01 13:00:00,5.8,35,2.5,555.0,854.8
2016-12-01 14:00:00,6.6,35,2.7,548.0,853.3
2016-12-01 15:00:00,6.5,31,3.3,482.0,852.5
2016-12-01 16:00:00,6.7,32,3.9,354.0,851.9
2016-12-01 17:00:00,6.2,36,5.8,189.0,851.7
2016-12-01 18:00:00,4.5,42,6.0,34.0,850.7
2016-12-01 19:00:00,3.2,57,4.4,0.0,850.3
2016-12-01 20:00:00,2.6,48,3.0,0.0,851.0
2016-12-01 21:00:00,1.3,53,5.1,0.0,851.1
2016-12-01 22:00:00,-0.3,61,5.1,0.0,851.0
2016-12-01 23:00:00,-1.5,67,5.5,0.0,850.3
2016-12-02 00:00:00,-2.2,72,6.0,0.0,850.2
2016-12-02 01:00:00,-2.6,75,6.2,0.0,850.0
2016-12-02 02:00:00,-2.8,77,5.5,0.0,849.8
2016-12-02 03:00:00,-3.3,81,4.8,0.0,849.9
2016-12-02 04:00:00,-3.5,82,4.5,0.0,849.6
2016-12-02 05:00:00,-3.6,83,5.2,0.0,849.5
2016-12-02 06:00:00,-3.4,84,4.4,0.0,851.0
2016-12-02 07:00:00,-2.9,83,3.6,0.0,851.5
2016-12-02 08:00:00,-2.7,83,3.6,0.0,851.7
2016-12-02 09:00:00,-1.6,80,4.1,46.0,853.1
2016-12-02 10:00:00,1.0,64,2.6,167.0,854.3
2016-12-02 11:00:00,2.8,54,0.7,300.0,854.5
2016-12-02 12:00:00,4.2,48,0.8,389.0,853.6
2016-12-02 13:00:00,5.2,44,1.5,409.0,852.9
2016-12-02 14:00:00,5.8,42,0.8,366.0,851.9
2016-12-02 15:00:00,5.4,40,0.8,274.0,851.3
2016-12-02 16:00:00,5.4,40,2.6,181.0,851.1
2016-12-02 17:00:00,4.7,44,5.9,76.0,851.1
2016-12-02 18:00:00,3.5,49,5.5,15.0,851.5
2016-12-02 19:00:00,2.2,64,7.0,0.0,851.1
2016-12-02 20:00:00,1.3,63,7.3,0.0,851.4
2016-12-02 21:00:00,0.6,63,7.6,0.0,851.8
2016-12-02 22:00:00,-0.7,68,7.3,0.0,851.7
2016-12-02 23:00:00,-1.1,69,6.2,0.0,852.1
2016-12-03 00:00:00,-1.6,69,5.2,0.0,852.2
2016-12-03 01:00:00,-1.7,69,5.6,0.0,852.4
2016-12-03 02:00:00,-1.4,66,3.7,0.0,852.3
2016-12-03 03:00:00,-2.3,71,3.3,0.0,852.4
2016-12-03 04:00:00,-2.9,73,5.0,0.0,852.2
2016-12-03 05:00:00,-2.8,72,4.7,0.0,851.7
2016-12-03 06:00:00,-1.9,66,4.1,0.0,852.8
2016-12-03 07:00:00,-1.6,63,5.0,0.0,852.8
2016-12-03 08:00:00,-1.8,62,3.1,0.0,853.1
2016-12-03 09:00:00,-1.5,61,3.4,53.0,853.5
2016-12-03 10:00:00,1.2,47,3.6,215.0,855.2
2016-12-03 11:00:00,3.9,37,4.2,375.0,855.6
2016-12-03 12:00:00,5.9,31,4.6,492.0,854.9
2016-12-03 13:00:00,7.6,27,5.4,551.0,853.4
2016-12-03 14:00:00,8.9,25,6.6,549.0,852.5
2016-12-03 15:00:00,9.2,26,6.4,480.0,851.7
2016-12-03 16:00:00,9.4,25,4.9,354.0,851.2
2016-12-03 17:00:00,8.7,30,6.7,189.0,850.5
2016-12-03 18:00:00,6.3,34,8.4,34.0,849.0
2016-12-03 19:00:00,3.5,43,10.8,0.0,847.3
2016-12-03 20:00:00,1.2,50,9.7,0.0,845.7
2016-12-03 21:00:00,-0.5,55,8.8,0.0,844.7
2016-12-03 22:00:00,-1.5,59,8.2,0.0,844.1
2016-12-03 23:00:00,-2.1,60,7.8,0.0,843.4
2016-12-04 00:00:00,-2.6,61,8.1,0.0,843.2
2016-12-04 01:00:00,-2.4,60,8.0,0.0,843.6
2016-12-04 02:00:00,-1.2,55,6.2,0.0,844.6
2016-12-04 03:00:00,0.8,47,3.8,0.0,846.7
2016-12-04 04:00:00,1.0,46,3.2,0.0,847.3
2016-12-04 05:00:00,0.8,47,3.8,0.0,847.5
2016-12-04 06:00:00,-0.0,49,4.3,0.0,846.7
2016-12-04 07:00:00,-1.5,54,8.3,0.0,845.5
2016-12-04 08:00:00,-2.5,57,9.4,0.0,845.4
2016-12-04 09:00:00,-1.5,53,4.7,53.0,846.4
2016-12-04 10:00:00,2.2,40,5.8,217.0,848.0
2016-12-04 11:00:00,5.8,32,4.7,378.0,849.4
2016-12-04 12:00:00,8.0,26,4.7,497.0,848.4
2016-12-04 13:00:00,10.0,21,5.2,557.0,847.4
2016-12-04 14:00:00,11.5,18,5.8,552.0,846.2
2016-12-04 15:00:00,12.8,16,5.4,481.0,845.6
2016-12-04 16:00:00,13.0,16,2.0,354.0,845.4
2016-12-04 17:00:00,11.8,21,3.5,188.0,845.1
2016-12-04 18:00:00,9.9,39,4.4,29.0,845.2
2016-12-04 19:00:00,7.9,36,6.6,0.0,844.6
2016-12-04 20:00:00,6.0,36,7.8,0.0,844.4
2016-12-04 21:00:00,4.7,36,9.7,0.0,845.4
2016-12-04 22:00:00,5.5,28,10.4,0.0,846.7
2016-12-04 23:00:00,5.3,26,9.0,0.0,847.9
2016-12-05 00:00:00,4.4,27,8.5,0.0,848.0
2016-12-05 01:00:00,3.3,29,10.0,0.0,848.6
2016-12-05 02:00:00,-0.6,36,12.4,0.0,848.0
2016-12-05 03:00:00,-0.2,31,11.1,0.0,851.1
2016-12-05 04:00:00,-1.4,38,10.1,0.0,853.9
2016-12-05 05:00:00,-2.2,49,9.7,0.0,855.7
2016-12-05 06:00:00,-2.7,57,8.0,0.0,856.8
2016-12-05 07:00:00,-3.3,63,6.5,0.0,858.5
2016-12-05 08:00:00,-3.9,68,5.9,0.0,859.1
2016-12-05 09:00:00,-3.7,66,7.2,49.0,859.9
2016-12-05 10:00:00,-0.6,50,5.0,208.0,861.7
2016-12-05 11:00:00,1.0,44,4.4,366.0,862.3
2016-12-05 12:00:00,2.0,41,3.7,483.0,861.7
2016-12-05 13:00:00,3.0,38,3.7,544.0,860.3
2016-12-05 14:00:00,4.0,35,4.6,540.0,858.9
2016-12-05 15:00:00,5.3,32,6.4,472.0,858.2
2016-12-05 16:00:00,5.9,30,7.4,348.0,857.3
2016-12-05 17:00:00,5.7,30,5.7,185.0,856.5
2016-12-05 18:00:00,4.2,36,7.3,33.0,855.8
2016-12-05 19:00:00,3.0,40,7.3,0.0,854.8
2016-12-05 20:00:00,2.0,41,6.9,0.0,855.0
2016-12-05 21:00:00,0.1,52,7.4,0.0,854.1
2016-12-05 22:00:00,-0.9,56,6.5,0.0,853.2
2016-12-05 23:00:00,-1.6,57,6.2,0.0,852.2
2016-12-06 00:00:00,-2.1,60,6.0,0.0,851.5
2016-12-06 01:00:00,-2.3,62,5.5,0.0,850.9
2016-12-06 02:00:00,-2.4,64,4.7,0.0,850.8
2016-12-06 03:00:00,-3.1,68,4.8,0.0,850.1
2016-12-06 04:00:00,-3.1,68,5.2,0.0,849.3
2016-12-06 05:00:00,-2.8,66,4.8,0.0,849.1
2016-12-06 06:00:00,-1.9,62,4.6,0.0,850.6
2016-12-06 07:00:00,-0.9,58,4.7,0.0,851.3
2016-12-06 08:00:00,-0.6,57,4.2,0.0,851.5
2016-12-06 09:00:00,0.4,54,2.7,46.0,852.3
2016-12-06 10:00:00,2.6,46,1.1,203.0,853.9
2016-12-06 11:00:00,4.6,39,1.4,359.0,854.6
2016-12-06 12:00:00,6.3,35,3.2,475.0,853.7
2016-12-06 13:00:00,7.8,31,4.0,534.0,852.7
2016-12-06 14:00:00,8.9,29,3.0,530.0,851.7
2016-12-06 15:00:00,9.7,27,1.0,463.0,851.6
2016-12-06 16:00:00,9.9,27,1.8,341.0,851.4
2016-12-06 17:00:00,9.3,32,4.6,181.0,851.2
2016-12-06 18:00:00,8.1,35,6.5,33.0,850.5
2016-12-06 19:00:00,5.4,51,9.0,0.0,849.8
2016-12-06 20:00:00,4.0,49,9.3,0.0,849.7
2016-12-06 21:00:00,4.2,42,7.6,0.0,851.3
2016-12-06 22:00:00,3.7,42,7.6,0.0,851.7
2016-12-06 23:00:00,3.5,42,7.6,0.0,852.5
2016-12-07 00:00:00,3.1,42,6.8,0.0,852.6
2016-12-07 01:00:00,2.5,44,5.9,0.0,852.6
2016-12-07 02:00:00,1.9,46,4.5,0.0,852.2
2016-12-07 03:00:00,1.5,47,3.8,0.0,852.2
2016-12-07 04:00:00,1.0,49,3.2,0.0,852.1
2016-12-07 05:00:00,0.6,50,3.3,0.0,851.8
2016-12-07 06:00:00,0.1,52,4.0,0.0,852.3
2016-12-07 07:00:00,-0.8,55,6.1,0.0,851.3
2016-12-07 08:00:00,-1.1,57,6.1,0.0,851.4
2016-12-07 09:00:00,-0.3,55,4.0,45.0,852.5
2016-12-07 10:00:00,2.7,44,3.0,201.0,854.1
2016-12-07 11:00:00,5.1,36,2.3,358.0,854.8
2016-12-07 12:00:00,6.8,32,3.4,475.0,853.7
2016-12-07 13:00:00,8.3,30,3.9,534.0,852.5
2016-12-07 14:00:00,9.6,28,4.2,531.0,851.6
2016-12-07 15:00:00,10.7,26,4.8,467.0,851.4
2016-12-07 16:00:00,11.1,26,3.1,343.0,851.1
2016-12-07 17:00:00,10.8,28,4.3,183.0,850.8
2016-12-07 18:00:00,8.5,37,10.6,33.0,849.2
2016-12-07 19:00:00,5.4,46,11.2,0.0,846.9
2016-12-07 20:00:00,2.9,53,10.3,0.0,845.5
2016-12-07 21:00:00,1.2,60,8.8,0.0,844.4
2016-12-07 22:00:00,0.2,65,8.5,0.0,843.2
2016-12-07 23:00:00,-0.6,69,8.4,0.0,842.6
2016-12-08 00:00:00,-1.1,73,8.0,0.0,842.0
2016-12-08 01:00:00,-0.8,71,7.6,0.0,842.1
2016-12-08 02:00:00,1.6,59,7.3,0.0,843.3
2016-12-08 03:00:00,2.1,58,4.2,0.0,844.1
2016-12-08 04:00:00,2.6,55,4.1,0.0,844.7
2016-12-08 05:00:00,2.7,54,4.9,0.0,844.9
2016-12-08 06:00:00,2.4,54,4.5,0.0,844.6
2016-12-08 07:00:00,1.9,55,7.5,0.0,844.1
2016-12-08 08:00:00,1.4,56,7.2,0.0,844.0
2016-12-08 09:00:00,1.1,56,3.9,45.0,844.2
2016-12-08 10:00:00,2.9,50,3.1,203.0,845.2
2016-12-08 11:00:00,5.2,43,0.8,361.0,846.5
2016-12-08 12:00:00,6.8,38,0.8,479.0,845.6
2016-12-08 13:00:00,8.2,35,0.4,540.0,844.6
2016-12-08 14:00:00,9.5,32,1.9,537.0,844.0
2016-12-08 15:00:00,12.5,25,3.7,471.0,844.4
2016-12-08 16:00:00,13.2,23,3.9,345.0,844.3
2016-12-08 17:00:00,12.4,27,4.0,185.0,843.4
2016-12-08 18:00:00,9.8,46,6.1,34.0,842.1
2016-12-08 19:00:00,7.2,45,9.2,0.0,840.9
2016-12-08 20:00:00,5.8,44,8.7,0.0,840.3
2016-12-08 21:00:00,5.2,42,6.8,0.0,841.1
2016-12-08 22:00:00,4.9,42,5.9,0.0,840.9
2016-12-08 23:00:00,4.5,44,5.5,0.0,840.9
2016-12-09 00:00:00,4.0,46,4.3,0.0,840.9
2016-12-09 01:00:00,3.3,50,3.3,0.0,840.9
2016-12-09 02:00:00,2.8,52,3.6,0.0,840.7
2016-12-09 03:00:00,2.1,53,4.0,0.0,840.5
2016-12-09 04:00:00,2.6,50,2.2,0.0,841.4
2016-12-09 05:00:00,2.2,52,2.7,0.0,841.6
2016-12-09 06:00:00,2.0,54,3.6,0.0,841.9
2016-12-09 07:00:00,1.8,55,3.3,0.0,843.0
2016-12-09 08:00:00,1.6,56,3.6,0.0,844.2
2016-12-09 09:00:00,1.9,56,2.4,35.0,845.1
2016-12-09 10:00:00,3.7,51,1.3,165.0,846.9
2016-12-09 11:00:00,5.4,45,5.2,285.0,848.2
2016-12-09 12:00:00,6.6,40,7.2,353.0,848.6
2016-12-09 13:00:00,7.2,36,8.4,363.0,847.8
2016-12-09 14:00:00,7.3,33,9.5,312.0,847.4
2016-12-09 15:00:00,7.8,29,10.3,378.0,847.9
2016-12-09 16:00:00,7.6,29,9.7,287.0,848.6
2016-12-09 17:00:00,6.8,31,5.4,146.0,848.5
2016-12-09 18:00:00,5.6,35,6.6,25.0,848.0
2016-12-09 19:00:00,4.5,50,3.7,0.0,847.8
2016-12-09 20:00:00,4.0,39,4.7,0.0,848.7
2016-12-09 21:00:00,2.2,47,5.7,0.0,848.1
2016-12-09 22:00:00,1.1,50,5.9,0.0,847.5
2016-12-09 23:00:00,0.8,50,4.8,0.0,847.9
2016-12-10 00:00:00,0.2,52,4.3,0.0,847.6
2016-12-10 01:00:00,-0.8,57,4.3,0.0,846.4
2016-12-10 02:00:00,-1.5,61,4.9,0.0,845.6
2016-12-10 03:00:00,-1.4,61,5.1,0.0,845.7
2016-12-10 04:00:00,-1.5,62,4.7,0.0,845.6
2016-12-10 05:00:00,-1.6,63,5.2,0.0,844.9
2016-12-10 06:00:00,-1.4,63,5.5,0.0,844.9
2016-12-10 07:00:00,-1.3,64,4.8,0.0,844.8
2016-12-10 08:00:00,-1.1,64,4.6,0.0,844.7
2016-12-10 09:00:00,-0.9,63,4.7,40.0,844.6
2016-12-10 10:00:00,1.9,52,2.8,182.0,845.7
2016-12-10 11:00:00,4.1,44,1.1,308.0,845.9
2016-12-10 12:00:00,5.3,40,0.8,361.0,845.1
2016-12-10 13:00:00,6.3,38,2.5,388.0,843.4
2016-12-10 14:00:00,7.0,38,3.1,391.0,842.1
2016-12-10 15:00:00,7.3,39,3.4,340.0,841.4
2016-12-10 16:00:00,7.4,40,2.9,253.0,841.0
2016-12-10 17:00:00,6.8,43,3.8,137.0,840.9
2016-12-10 18:00:00,5.7,44,4.2,26.0,841.2
2016-12-10 19:00:00,4.7,49,2.5,0.0,840.9
2016-12-10 20:00:00,2.2,68,7.8,0.0,839.7
2016-12-10 21:00:00,0.7,74,8.0,0.0,839.3
2016-12-10 22:00:00,-0.3,78,7.5,0.0,838.4
2016-12-10 23:00:00,-1.1,82,6.8,0.0,837.7
2016-12-11 00:00:00,-1.5,84,6.2,0.0,836.9
2016-12-11 01:00:00,-2.0,86,6.3,0.0,836.6
2016-12-11 02:00:00,-2.4,86,7.2,0.0,836.1
2016-12-11 03:00:00,-2.7,88,6.5,0.0,835.7
2016-12-11 04:00:00,-2.6,87,5.7,0.0,835.6
2016-12-11 05:00:00,-2.8,87,5.2,0.0,834.9
2016-12-11 06:00:00,-2.8,86,4.5,0.0,835.7
2016-12-11 07:00:00,-2.5,84,3.4,0.0,835.5
2016-12-11 08:00:00,-2.1,82,3.9,0.0,836.2
2016-12-11 09:00:00,-1.3,81,6.6,41.0,836.6
2016-12-11 10:00:00,2.1,69,5.2,199.0,838.6
2016-12-11 11:00:00,4.9,57,2.3,356.0,839.9
2016-12-11 12:00:00,6.8,49,3.2,460.0,839.6
2016-12-11 13:00:00,8.2,44,3.8,505.0,838.5
2016-12-11 14:00:00,9.5,40,4.1,529.0,838.5
2016-12-11 15:00:00,10.0,37,6.6,460.0,838.2
2016-12-11 16:00:00,9.9,37,7.9,327.0,838.2
2016-12-11 17:00:00,8.7,42,8.7,166.0,838.2
2016-12-11 18:00:00,6.7,49,10.8,29.0,838.5
2016-12-11 19:00:00,4.9,58,11.2,0.0,838.5
2016-12-11 20:00:00,3.6,68,9.2,0.0,839.7
2016-12-11 21:00:00,2.6,74,7.4,0.0,840.9
2016-12-11 22:00:00,3.0,67,6.2,0.0,842.4
2016-12-11 23:00:00,2.6,68,6.1,0.0,843.1
2016-12-12 00:00:00,2.0,71,6.2,0.0,843.0
2016-12-12 01:00:00,1.4,74,5.0,0.0,843.4
2016-12-12 02:00:00,0.8,76,5.8,0.0,844.1
2016-12-12 03:00:00,-0.3,82,6.4,0.0,844.4
2016-12-12 04:00:00,-0.6,83,5.4,0.0,845.0
2016-12-12 05:00:00,-0.9,85,4.2,0.0,845.3
2016-12-12 06:00:00,-1.2,88,2.5,0.0,847.0
2016-12-12 07:00:00,-1.5,90,1.4,0.0,847.5
2016-12-12 08:00:00,-1.8,92,1.8,0.0,847.9
2016-12-12 09:00:00,-1.4,92,1.1,36.0,849.3
2016-12-12 10:00:00,0.6,79,0.7,180.0,850.7
2016-12-12 11:00:00,2.5,62,1.0,337.0,850.9
2016-12-12 12:00:00,4.1,49,2.3,452.0,851.0
2016-12-12 13:00:00,5.4,41,3.1,509.0,849.9
2016-12-12 14:00:00,6.3,36,4.3,513.0,848.7
2016-12-12 15:00:00,5.6,36,5.7,454.0,847.5
2016-12-12 16:00:00,5.7,35,6.5,336.0,846.9
2016-12-12 17:00:00,5.0,36,4.6,182.0,847.0
2016-12-12 18:00:00,3.4,40,8.7,34.0,847.4
2016-12-12 19:00:00,1.7,46,7.7,0.0,847.5
2016-12-12 20:00:00,0.4,61,6.9,0.0,847.7
2016-12-12 21:00:00,0.7,47,5.4,0.0,848.6
2016-12-12 22:00:00,0.3,49,4.0,0.0,848.9
2016-12-12 23:00:00,-0.2,51,2.5,0.0,848.4
2016-12-13 00:00:00,-0.5,53,3.1,0.0,848.3
2016-12-13 01:00:00,-0.8,54,2.9,0.0,847.9
2016-12-13 02:00:00,-0.9,54,3.2,0.0,848.1
2016-12-13 03:00:00,-1.7,59,3.3,0.0,847.4
2016-12-13 04:00:00,-1.9,60,3.7,0.0,847.3
2016-12-13 05:00:00,-2.1,61,3.3,0.0,846.9
2016-12-13 06:00:00,-2.3,62,2.9,0.0,847.4
2016-12-13 07:00:00,-2.4,63,2.5,0.0,848.0
2016-12-13 08:00:00,-2.5,64,3.3,0.0,848.7
2016-12-13 09:00:00,-2.0,64,2.9,36.0,849.5
2016-12-13 10:00:00,0.4,53,0.7,174.0,850.9
2016-12-13 11:00:00,2.5,44,2.3,331.0,851.4
2016-12-13 12:00:00,4.0,39,3.8,436.0,851.4
2016-12-13 13:00:00,5.0,36,5.4,438.0,850.6
2016-12-13 14:00:00,5.6,35,6.0,405.0,849.3
2016-12-13 15:00:00,5.4,34,5.8,340.0,849.4
2016-12-13 16:00:00,5.4,34,6.5,266.0,849.9
2016-12-13 17:00:00,4.7,35,6.0,152.0,850.7
2016-12-13 18:00:00,3.4,39,9.2,29.0,851.7
2016-12-13 19:00:00,2.2,45,8.7,0.0,852.5
2016-12-13 20:00:00,0.9,56,8.0,0.0,853.4
2016-12-13 21:00:00,0.9,46,6.2,0.0,854.9
2016-12-13 22:00:00,0.7,44,4.7,0.0,855.5
2016-12-13 23:00:00,0.3,46,4.3,0.0,855.4
2016-12-14 00:00:00,-0.2,48,3.8,0.0,855.2
2016-12-14 01:00:00,-0.7,51,2.9,0.0,855.0
2016-12-14 02:00:00,-1.2,53,2.7,0.0,854.9
2016-12-14 03:00:00,-1.7,56,2.9,0.0,854.7
2016-12-14 04:00:00,-2.1,59,3.4,0.0,854.3
2016-12-14 05:00:00,-2.5,61,4.0,0.0,853.7
2016-12-14 06:00:00,-2.7,62,4.9,0.0,854.3
2016-12-14 07:00:00,-2.9,64,4.8,0.0,854.4
2016-12-14 08:00:00,-3.0,65,4.3,0.0,854.2
2016-12-14 09:00:00,-2.6,63,4.3,36.0,854.7
2016-12-14 10:00:00,0.4,49,3.3,189.0,856.5
2016-12-14 11:00:00,2.5,41,2.3,336.0,856.6
2016-12-14 12:00:00,4.1,37,1.6,446.0,856.4
2016-12-14 13:00:00,5.3,34,0.7,506.0,854.8
2016-12-14 14:00:00,6.1,32,3.1,496.0,853.7
2016-12-14 15:00:00,6.2,32,4.9,430.0,853.0
2016-12-14 16:00:00,6.3,31,5.7,325.0,852.5
2016-12-14 17:00:00,5.5,33,6.7,178.0,852.4
2016-12-14 18:00:00,3.8,38,6.4,34.0,852.4
2016-12-14 19:00:00,2.5,55,6.1,0.0,852.4
2016-12-14 20:00:00,2.2,41,5.5,0.0,853.3
2016-12-14 21:00:00,1.5,43,4.9,0.0,854.2
2016-12-14 22:00:00,0.8,45,5.4,0.0,854.2
2016-12-14 23:00:00,0.1,48,6.1,0.0,854.7
2016-12-15 00:00:00,-0.4,49,6.9,0.0,854.7
2016-12-15 01:00:00,-1.0,51,7.2,0.0,855.2
2016-12-15 02:00:00,-1.2,52,6.7,0.0,855.5
2016-12-15 03:00:00,-1.6,52,5.8,0.0,856.0
2016-12-15 04:00:00,-1.8,53,4.7,0.0,856.2
2016-12-15 05:00:00,-2.2,55,4.0,0.0,856.2
2016-12-15 06:00:00,-2.5,57,1.8,0.0,858.4
2016-12-15 07:00:00,-2.9,59,1.4,0.0,858.4
2016-12-15 08:00:00,-3.2,61,2.3,0.0,858.9
2016-12-15 09:00:00,-3.2,62,3.0,35.0,859.4
2016-12-15 10:00:00,-1.1,51,1.5,185.0,861.2
2016-12-15 11:00:00,0.6,44,1.4,343.0,860.9
2016-12-15 12:00:00,2.2,38,1.5,461.0,860.5
2016-12-15 13:00:00,3.4,34,1.1,524.0,859.1
2016-12-15 14:00:00,4.2,32,0.4,524.0,857.9
2016-12-15 15:00:00,4.5,32,1.8,462.0,857.0
2016-12-15 16:00:00,4.8,31,3.7,344.0,856.5
2016-12-15 17:00:00,4.4,32,5.4,186.0,856.0
2016-12-15 18:00:00,2.9,36,4.5,36.0,855.7
2016-12-15 19:00:00,1.4,54,5.6,0.0,854.8
2016-12-15 20:00:00,-0.2,53,6.1,0.0,854.4
2016-12-15 21:00:00,-0.8,49,5.9,0.0,854.2
2016-12-15 22:00:00,-1.4,49,6.2,0.0,853.7
2016-12-15 23:00:00,-2.3,53,6.8,0.0,852.8
2016-12-16 00:00:00,-2.7,55,7.0,0.0,851.8
2016-12-16 01:00:00,-3.1,58,7.2,0.0,850.9
2016-12-16 02:00:00,-3.2,61,7.1,0.0,850.2
2016-12-16 03:00:00,-3.7,64,7.1,0.0,849.5
2016-12-16 04:00:00,-3.9,67,7.0,0.0,848.6
2016-12-16 05:00:00,-4.3,70,6.9,0.0,847.6
2016-12-16 06:00:00,-4.6,72,5.8,0.0,847.4
2016-12-16 07:00:00,-4.7,73,5.8,0.0,846.6
2016-12-16 08:00:00,-4.3,73,5.8,0.0,846.2
2016-12-16 09:00:00,-3.2,69,5.8,35.0,846.8
2016-12-16 10:00:00,0.1,54,4.3,188.0,848.6
2016-12-16 11:00:00,2.8,46,2.2,349.0,849.4
2016-12-16 12:00:00,4.9,37,1.3,470.0,848.5
2016-12-16 13:00:00,6.5,32,1.1,535.0,847.1
2016-12-16 14:00:00,7.7,30,0.4,536.0,846.3
2016-12-16 15:00:00,8.5,26,2.6,473.0,845.8
2016-12-16 16:00:00,8.5,26,4.6,344.0,845.9
2016-12-16 17:00:00,7.4,28,7.6,175.0,845.8
2016-12-16 18:00:00,5.4,34,9.0,28.0,845.2
2016-12-16 19:00:00,4.2,42,8.6,0.0,845.5
2016-12-16 20:00:00,3.0,51,7.2,0.0,846.2
2016-12-16 21:00:00,2.6,45,6.8,0.0,847.4
2016-12-16 22:00:00,2.5,42,5.6,0.0,848.0
2016-12-16 23:00:00,2.0,44,4.3,0.0,848.2
2016-12-17 00:00:00,1.5,46,3.6,0.0,848.1
2016-12-17 01:00:00,0.9,48,2.7,0.0,847.7
2016-12-17 02:00:00,0.4,50,2.2,0.0,848.0
2016-12-17 03:00:00,-0.8,55,2.6,0.0,847.3
2016-12-17 04:00:00,-1.5,59,3.5,0.0,847.0
2016-12-17 05:00:00,-1.5,59,3.4,0.0,846.5
2016-12-17 06:00:00,-1.8,61,3.8,0.0,846.8
2016-12-17 07:00:00,-1.8,61,2.5,0.0,847.0
2016-12-17 08:00:00,-1.8,61,3.8,0.0,846.7
2016-12-17 09:00:00,-1.6,60,2.6,32.0,847.1
2016-12-17 10:00:00,0.8,49,2.2,172.0,848.8
2016-12-17 11:00:00,3.0,41,1.0,323.0,849.0
2016-12-17 12:00:00,4.7,35,0.8,454.0,848.4
2016-12-17 13:00:00,6.0,31,1.3,526.0,846.8
2016-12-17 14:00:00,7.0,28,1.8,529.0,845.8
2016-12-17 15:00:00,7.3,27,2.1,469.0,844.9
2016-12-17 16:00:00,7.5,26,3.3,350.0,845.0
2016-12-17 17:00:00,6.7,28,5.8,191.0,844.8
2016-12-17 18:00:00,5.0,32,6.3,37.0,844.6
2016-12-17 19:00:00,3.5,48,5.5,0.0,844.2
2016-12-17 20:00:00,2.6,40,5.1,0.0,844.9
2016-12-17 21:00:00,2.1,39,4.6,0.0,845.4
2016-12-17 22:00:00,1.2,42,4.7,0.0,845.3
2016-12-17 23:00:00,-0.2,48,4.3,0.0,844.7
2016-12-18 00:00:00,-1.5,54,4.2,0.0,844.2
2016-12-18 01:00:00,-2.2,58,4.0,0.0,843.9
2016-12-18 02:00:00,-2.4,60,4.0,0.0,843.7
2016-12-18 03:00:00,-2.9,66,3.8,0.0,843.1
2016-12-18 04:00:00,-2.7,65,3.4,0.0,843.3
2016-12-18 05:00:00,-2.0,63,3.3,0.0,843.2
2016-12-18 06:00:00,-1.4,60,4.7,0.0,845.6
2016-12-18 07:00:00,-1.4,60,4.7,0.0,845.5
2016-12-18 08:00:00,-1.4,61,3.6,0.0,845.6
2016-12-18 09:00:00,-1.3,60,2.5,32.0,846.2
2016-12-18 10:00:00,1.1,49,1.8,181.0,847.8
2016-12-18 11:00:00,3.5,39,0.4,340.0,848.5
2016-12-18 12:00:00,5.3,33,1.3,460.0,847.6
2016-12-18 13:00:00,6.7,30,2.1,525.0,846.3
2016-12-18 14:00:00,7.8,28,1.8,527.0,845.1
2016-12-18 15:00:00,7.6,27,3.1,465.0,844.1
2016-12-18 16:00:00,7.7,28,3.8,346.0,844.3
2016-12-18 17:00:00,7.0,30,6.0,186.0,844.2
2016-12-18 18:00:00,5.3,34,6.5,35.0,844.5
2016-12-18 19:00:00,4.0,51,4.2,0.0,844.8
2016-12-18 20:00:00,3.6,40,5.1,0.0,845.5
2016-12-18 21:00:00,2.6,44,3.8,0.0,846.2
2016-12-18 22:00:00,1.5,49,3.6,0.0,846.2
2016-12-18 23:00:00,0.4,54,3.7,0.0,845.9
2016-12-19 00:00:00,-0.9,60,3.3,0.0,845.4
2016-12-19 01:00:00,-1.8,64,3.3,0.0,845.0
2016-12-19 02:00:00,-2.2,66,3.3,0.0,845.1
2016-12-19 03:00:00,-2.6,70,3.6,0.0,844.6
2016-12-19 04:00:00,-2.7,71,3.7,0.0,844.4
2016-12-19 05:00:00,-2.9,73,3.7,0.0,843.7
2016-12-19 06:00:00,-3.0,73,4.0,0.0,844.6
2016-12-19 07:00:00,-3.0,72,3.6,0.0,844.5
2016-12-19 08:00:00,-2.7,71,3.4,0.0,844.9
2016-12-19 09:00:00,-1.8,69,3.2,31.0,845.6
2016-12-19 10:00:00,1.2,56,3.2,181.0,847.5
2016-12-19 11:00:00,3.6,44,1.0,342.0,848.2
2016-12-19 12:00:00,5.4,38,0.0,451.0,847.4
2016-12-19 13:00:00,7.0,33,1.3,526.0,846.0
2016-12-19 14:00:00,8.0,31,3.1,526.0,844.9
2016-12-19 15:00:00,8.3,30,4.4,467.0,844.3
2016-12-19 16:00:00,8.5,30,6.0,348.0,844.4
2016-12-19 17:00:00,7.4,34,7.9,181.0,843.9
2016-12-19 18:00:00,5.4,42,8.5,33.0,843.9
2016-12-19 19:00:00,3.9,49,8.2,0.0,843.7
2016-12-19 20:00:00,2.6,67,6.6,0.0,844.3
2016-12-19 21:00:00,2.5,59,4.3,0.0,845.3
2016-12-19 22:00:00,1.9,63,2.9,0.0,845.7
2016-12-19 23:00:00,1.3,68,3.3,0.0,845.5
2016-12-20 00:00:00,0.7,71,3.6,0.0,845.1
2016-12-20 01:00:00,-0.5,77,5.8,0.0,844.5
2016-12-20 02:00:00,-1.1,79,5.4,0.0,844.3
2016-12-20 03:00:00,-2.3,83,5.4,0.0,843.3
2016-12-20 04:00:00,-2.6,84,4.9,0.0,842.8
2016-12-20 05:00:00,-2.7,85,4.3,0.0,842.6
2016-12-20 06:00:00,-2.6,85,5.1,0.0,842.9
2016-12-20 07:00:00,-2.4,85,5.4,0.0,843.6
2016-12-20 08:00:00,-2.4,85,6.6,0.0,843.6
2016-12-20 09:00:00,-2.0,86,6.3,25.0,844.4
2016-12-20 10:00:00,0.4,76,5.6,147.0,846.7
2016-12-20 11:00:00,3.0,61,4.0,302.0,847.2
2016-12-20 12:00:00,4.7,53,1.6,455.0,846.6
2016-12-20 13:00:00,6.2,47,4.0,530.0,846.1
2016-12-20 14:00:00,7.1,43,6.8,533.0,845.4
2016-12-20 15:00:00,6.7,43,8.0,469.0,845.6
2016-12-20 16:00:00,6.6,44,9.4,344.0,846.3
2016-12-20 17:00:00,5.7,48,8.2,184.0,847.6
2016-12-20 18:00:00,3.5,55,10.1,37.0,849.5
2016-12-20 19:00:00,1.7,59,10.6,0.0,850.9
2016-12-20 20:00:00,0.2,59,10.2,0.0,852.5
2016-12-20 21:00:00,-1.1,59,10.0,0.0,853.8
2016-12-20 22:00:00,-2.0,59,7.6,0.0,854.6
2016-12-20 23:00:00,-2.6,59,5.9,0.0,854.9
2016-12-21 00:00:00,-3.0,59,5.4,0.0,854.8
2016-12-21 01:00:00,-3.6,61,6.2,0.0,854.7
2016-12-21 02:00:00,-3.0,58,4.9,0.0,855.2
2016-12-21 03:00:00,-3.2,59,4.3,0.0,855.2
2016-12-21 04:00:00,-2.9,56,3.3,0.0,855.6
2016-12-21 05:00:00,-2.8,55,3.1,0.0,855.6
2016-12-21 06:00:00,-3.2,57,0.4,0.0,856.9
2016-12-21 07:00:00,-3.3,58,2.2,0.0,857.7
2016-12-21 08:00:00,-3.7,60,2.9,0.0,857.7
2016-12-21 09:00:00,-3.3,60,1.9,28.0,858.6
2016-12-21 10:00:00,-1.8,50,1.3,174.0,859.5
2016-12-21 11:00:00,0.2,42,1.1,331.0,859.7
2016-12-21 12:00:00,1.5,39,1.8,444.0,859.4
2016-12-21 13:00:00,2.6,36,3.3,502.0,858.0
2016-12-21 14:00:00,3.5,34,5.0,531.0,856.7
2016-12-21 15:00:00,3.3,35,6.7,466.0,855.7
2016-12-21 16:00:00,3.3,35,8.5,337.0,855.2
2016-12-21 17:00:00,2.7,37,7.5,195.0,855.1
2016-12-21 18:00:00,1.3,41,9.3,40.0,854.8
2016-12-21 19:00:00,0.0,46,5.5,0.0,854.9
2016-12-21 20:00:00,-0.9,53,6.4,0.0,855.2
2016-12-21 21:00:00,-1.3,49,7.1,0.0,855.0
2016-12-21 22:00:00,-1.5,50,5.6,0.0,855.0
2016-12-21 23:00:00,-1.6,51,4.8,0.0,854.8
2016-12-22 00:00:00,-2.0,53,4.0,0.0,854.1
2016-12-22 01:00:00,-2.3,54,4.5,0.0,853.9
2016-12-22 02:00:00,-2.8,56,5.1,0.0,852.7
2016-12-22 03:00:00,-4.3,64,5.4,0.0,851.5
2016-12-22 04:00:00,-4.7,66,5.4,0.0,850.5
2016-12-22 05:00:00,-5.0,68,5.1,0.0,849.4
2016-12-22 06:00:00,-5.2,68,5.1,0.0,850.7
2016-12-22 07:00:00,-5.0,68,4.0,0.0,850.4
2016-12-22 08:00:00,-4.6,68,4.0,0.0,850.0
2016-12-22 09:00:00,-4.4,66,4.5,30.0,850.2
2016-12-22 10:00:00,-1.3,52,1.5,179.0,852.0
2016-12-22 11:00:00,0.8,43,1.9,342.0,852.7
2016-12-22 12:00:00,2.8,37,1.1,466.0,851.9
2016-12-22 13:00:00,4.5,32,1.9,535.0,850.5
2016-12-22 14:00:00,5.8,29,2.8,524.0,848.9
2016-12-22 15:00:00,5.9,28,4.0,432.0,848.0
2016-12-22 16:00:00,6.2,26,5.0,312.0,847.7
2016-12-22 17:00:00,5.6,28,6.4,159.0,847.4
2016-12-22 18:00:00,3.9,33,6.4,34.0,847.5
2016-12-22 19:00:00,2.5,49,5.9,0.0,847.6
2016-12-22 20:00:00,1.9,37,5.9,0.0,847.9
2016-12-22 21:00:00,1.0,40,3.6,0.0,848.3
2016-12-22 22:00:00,0.5,42,3.1,0.0,848.6
2016-12-22 23:00:00,-0.0,44,3.1,0.0,848.5
2016-12-23 00:00:00,-0.6,47,3.6,0.0,848.6
2016-12-23 01:00:00,-1.2,50,4.1,0.0,848.2
2016-12-23 02:00:00,-2.1,55,3.9,0.0,847.4
2016-12-23 03:00:00,-2.2,56,4.0,0.0,847.3
2016-12-23 04:00:00,-3.6,64,4.8,0.0,846.5
2016-12-23 05:00:00,-3.8,67,4.6,0.0,845.9
2016-12-23 06:00:00,-3.9,70,4.0,0.0,847.1
2016-12-23 07:00:00,-4.0,72,3.6,0.0,846.5
2016-12-23 08:00:00,-4.1,73,3.7,0.0,846.5
2016-12-23 09:00:00,-3.1,72,3.7,28.0,846.9
2016-12-23 10:00:00,-0.1,57,1.8,171.0,848.9
2016-12-23 11:00:00,2.1,46,1.8,318.0,848.8
2016-12-23 12:00:00,3.6,41,3.2,407.0,847.5
2016-12-23 13:00:00,4.8,37,2.9,455.0,845.4
2016-12-23 14:00:00,5.7,34,2.4,431.0,844.5
2016-12-23 15:00:00,5.4,36,1.8,328.0,843.2
2016-12-23 16:00:00,5.3,36,1.9,219.0,843.2
2016-12-23 17:00:00,4.6,37,5.1,121.0,843.3
2016-12-23 18:00:00,3.6,39,3.7,31.0,843.7
2016-12-23 19:00:00,2.8,57,1.1,0.0,844.4
2016-12-23 20:00:00,2.5,42,2.3,0.0,844.7
2016-12-23 21:00:00,1.9,46,3.1,0.0,844.9
2016-12-23 22:00:00,-0.1,55,4.2,0.0,844.2
2016-12-23 23:00:00,-1.2,60,5.2,0.0,843.5
2016-12-24 00:00:00,-1.8,64,5.9,0.0,843.4
2016-12-24 01:00:00,-2.6,69,5.8,0.0,842.3
2016-12-24 02:00:00,-3.3,74,5.6,0.0,840.8
2016-12-24 03:00:00,-4.3,78,5.3,0.0,839.6
2016-12-24 04:00:00,-4.0,77,4.0,0.0,839.6
2016-12-24 05:00:00,-3.7,74,3.8,0.0,839.3
2016-12-24 06:00:00,-3.9,75,5.1,0.0,839.7
2016-12-24 07:00:00,-3.4,73,4.3,0.0,839.6
2016-12-24 08:00:00,-3.5,74,3.9,0.0,839.8
2016-12-24 09:00:00,-3.1,74,4.1,25.0,840.5
2016-12-24 10:00:00,-0.4,61,4.8,149.0,841.9
2016-12-24 11:00:00,1.8,53,4.0,284.0,842.4
2016-12-24 12:00:00,3.8,47,4.3,394.0,841.5
2016-12-24 13:00:00,5.2,43,4.8,467.0,840.4
2016-12-24 14:00:00,5.9,41,6.3,456.0,839.4
2016-12-24 15:00:00,5.9,42,7.6,388.0,839.1
2016-12-24 16:00:00,5.7,44,6.8,291.0,839.4
2016-12-24 17:00:00,4.7,48,7.2,142.0,839.9
2016-12-24 18:00:00,3.3,54,9.0,34.0,840.1
2016-12-24 19:00:00,1.9,62,10.1,0.0,841.1
2016-12-24 20:00:00,0.9,72,6.5,0.0,841.9
2016-12-24 21:00:00,1.1,66,2.4,0.0,843.2
2016-12-24 22:00:00,0.6,69,2.9,0.0,843.8
2016-12-24 23:00:00,-0.7,75,3.6,0.0,843.4
2016-12-25 00:00:00,-1.1,77,3.3,0.0,843.7
2016-12-25 01:00:00,-1.0,75,1.8,0.0,844.4
2016-12-25 02:00:00,-1.2,76,1.8,0.0,844.7
2016-12-25 03:00:00,-0.5,71,1.3,0.0,846.4
2016-12-25 04:00:00,-2.6,81,8.1,0.0,846.0
2016-12-25 05:00:00,-2.8,73,9.6,0.0,847.4
2016-12-25 06:00:00,-3.8,66,7.0,0.0,849.9
2016-12-25 07:00:00,-4.4,62,7.2,0.0,851.5
2016-12-25 08:00:00,-4.7,58,7.6,0.0,852.2
2016-12-25 09:00:00,-4.3,55,8.6,21.0,853.8
2016-12-25 10:00:00,-2.7,45,7.6,115.0,855.8
2016-12-25 11:00:00,-1.7,42,8.8,202.0,856.1
2016-12-25 12:00:00,-1.1,40,8.7,258.0,856.0
2016-12-25 13:00:00,-0.7,39,9.2,300.0,855.0
2016-12-25 14:00:00,-0.2,39,9.2,318.0,854.6
2016-12-25 15:00:00,-0.7,41,9.7,230.0,854.3
2016-12-25 16:00:00,-0.9,44,10.7,139.0,855.2
2016-12-25 17:00:00,-1.4,50,10.2,70.0,856.0
2016-12-25 18:00:00,-2.1,58,7.0,20.0,856.5
2016-12-25 19:00:00,-2.7,63,5.4,0.0,857.9
2016-12-25 20:00:00,-3.1,66,5.1,0.0,858.4
2016-12-25 21:00:00,-3.4,67,6.2,0.0,859.2
2016-12-25 22:00:00,-4.2,70,5.7,0.0,859.4
2016-12-25 23:00:00,-4.5,70,4.2,0.0,859.3
2016-12-26 00:00:00,-4.6,69,4.2,0.0,859.1
2016-12-26 01:00:00,-4.6,68,4.2,0.0,858.8
2016-12-26 02:00:00,-4.9,69,3.6,0.0,858.7
2016-12-26 03:00:00,-5.0,67,3.5,0.0,858.4
2016-12-26 04:00:00,-5.1,66,3.4,0.0,858.3
2016-12-26 05:00:00,-5.0,64,3.9,0.0,858.1
2016-12-26 06:00:00,-4.6,61,3.6,0.0,857.8
2016-12-26 07:00:00,-4.5,60,3.0,0.0,858.3
2016-12-26 08:00:00,-4.7,61,3.4,0.0,858.3
2016-12-26 09:00:00,-4.6,60,4.3,20.0,859.0
2016-12-26 10:00:00,-4.0,55,5.2,127.0,859.3
2016-12-26 11:00:00,-2.6,47,7.1,282.0,860.2
2016-12-26 12:00:00,-1.5,42,8.7,449.0,860.0
2016-12-26 13:00:00,-0.7,39,9.0,534.0,859.3
2016-12-26 14:00:00,-0.2,37,7.7,535.0,858.4
2016-12-26 15:00:00,-0.1,36,8.2,472.0,858.3
2016-12-26 16:00:00,-0.1,36,8.5,354.0,858.0
2016-12-26 17:00:00,-0.3,36,8.0,204.0,858.3
2016-12-26 18:00:00,-1.6,39,8.6,47.0,858.2
2016-12-26 19:00:00,-2.6,42,7.3,0.0,858.9
2016-12-26 20:00:00,-3.9,46,8.0,0.0,859.0
2016-12-26 21:00:00,-4.7,49,6.6,0.0,859.0
2016-12-26 22:00:00,-4.6,49,5.5,0.0,859.4
2016-12-26 23:00:00,-4.6,49,4.3,0.0,859.3
2016-12-27 00:00:00,-4.7,50,5.0,0.0,859.2
2016-12-27 01:00:00,-5.2,53,5.4,0.0,858.2
2016-12-27 02:00:00,-5.9,57,6.5,0.0,857.5
2016-12-27 03:00:00,-6.8,64,6.1,0.0,856.4
2016-12-27 04:00:00,-6.9,66,6.2,0.0,855.7
2016-12-27 05:00:00,-7.0,68,6.2,0.0,854.3
2016-12-27 06:00:00,-7.1,69,5.8,0.0,854.1
2016-12-27 07:00:00,-7.2,71,6.1,0.0,852.9
2016-12-27 08:00:00,-7.3,73,6.2,0.0,852.8
2016-12-27 09:00:00,-7.0,70,4.8,28.0,852.3
2016-12-27 10:00:00,-3.9,54,4.7,179.0,853.8
2016-12-27 11:00:00,-1.5,43,3.5,348.0,853.6
2016-12-27 12:00:00,0.5,35,3.8,477.0,852.2
2016-12-27 13:00:00,2.2,29,3.6,549.0,850.6
2016-12-27 14:00:00,3.6,24,4.4,556.0,848.9
2016-12-27 15:00:00,5.3,17,5.0,500.0,848.0
2016-12-27 16:00:00,6.0,14,5.9,382.0,847.6
2016-12-27 17:00:00,5.5,14,2.8,218.0,847.1
2016-12-27 18:00:00,4.0,17,3.8,51.0,846.6
2016-12-27 19:00:00,1.0,25,7.0,0.0,845.0
2016-12-27 20:00:00,-1.3,22,7.2,0.0,843.9
2016-12-27 21:00:00,-2.6,25,7.0,0.0,843.7
2016-12-27 22:00:00,-2.1,23,7.8,0.0,844.6
2016-12-27 23:00:00,-2.6,25,8.5,0.0,845.0
2016-12-28 00:00:00,-2.0,25,7.6,0.0,845.8
2016-12-28 01:00:00,-2.5,28,6.5,0.0,845.9
2016-12-28 02:00:00,-3.2,31,3.6,0.0,845.9
2016-12-28 03:00:00,-3.8,32,3.3,0.0,846.6
2016-12-28 04:00:00,-4.5,34,3.0,0.0,846.9
2016-12-28 05:00:00,-5.0,37,2.3,0.0,847.1
2016-12-28 06:00:00,-5.4,39,2.3,0.0,848.2
2016-12-28 07:00:00,-5.8,41,4.2,0.0,849.6
2016-12-28 08:00:00,-5.9,43,4.4,0.0,850.9
2016-12-28 09:00:00,-5.7,44,2.7,27.0,852.7
2016-12-28 10:00:00,-3.7,37,1.8,177.0,855.2
2016-12-28 11:00:00,-1.7,28,3.4,337.0,856.0
2016-12-28 12:00:00,-0.0,22,6.0,462.0,856.8
2016-12-28 13:00:00,1.1,17,7.5,538.0,856.5
2016-12-28 14:00:00,1.8,15,8.7,546.0,856.4
2016-12-28 15:00:00,1.3,15,8.8,496.0,855.9
2016-12-28 16:00:00,1.2,15,7.7,380.0,856.0
2016-12-28 17:00:00,0.6,16,4.7,218.0,856.3
2016-12-28 18:00:00,-0.6,18,6.7,51.0,855.9
2016-12-28 19:00:00,-2.2,21,6.8,0.0,855.8
2016-12-28 20:00:00,-3.8,25,7.5,0.0,855.5
2016-12-28 21:00:00,-4.3,26,7.1,0.0,855.4
2016-12-28 22:00:00,-4.9,28,6.3,0.0,854.9
2016-12-28 23:00:00,-5.0,29,6.4,0.0,855.1
2016-12-29 00:00:00,-5.0,29,5.7,0.0,854.8
2016-12-29 01:00:00,-5.4,31,5.5,0.0,854.3
2016-12-29 02:00:00,-5.7,33,5.2,0.0,853.5
2016-12-29 03:00:00,-5.9,34,4.7,0.0,852.8
2016-12-29 04:00:00,-6.0,35,4.1,0.0,852.2
2016-12-29 05:00:00,-6.0,36,3.4,0.0,851.7
2016-12-29 06:00:00,-6.0,37,2.9,0.0,851.6
2016-12-29 07:00:00,-5.9,38,3.3,0.0,851.5
2016-12-29 08:00:00,-5.7,38,5.1,0.0,851.5
2016-12-29 09:00:00,-5.6,38,2.5,19.0,851.8
2016-12-29 10:00:00,-3.6,31,2.5,130.0,852.8
2016-12-29 11:00:00,-2.0,25,2.3,255.0,853.1
2016-12-29 12:00:00,-0.2,21,2.9,401.0,851.9
2016-12-29 13:00:00,1.5,18,2.7,490.0,851.0
2016-12-29 14:00:00,2.6,17,2.4,491.0,849.5
2016-12-29 15:00:00,2.9,17,1.8,364.0,848.7
2016-12-29 16:00:00,3.2,17,1.0,269.0,848.0
2016-12-29 17:00:00,2.8,18,3.6,158.0,848.0
2016-12-29 18:00:00,1.3,21,7.2,43.0,847.6
2016-12-29 19:00:00,-0.3,26,9.0,0.0,847.0
2016-12-29 20:00:00,-2.0,34,7.6,0.0,846.6
2016-12-29 21:00:00,-2.3,28,4.3,0.0,846.7
2016-12-29 22:00:00,-2.1,29,3.6,0.0,847.2
2016-12-29 23:00:00,-2.5,30,4.1,0.0,847.0
2016-12-30 00:00:00,-2.8,32,3.6,0.0,847.1
2016-12-30 01:00:00,-3.0,33,1.9,0.0,847.1
2016-12-30 02:00:00,-3.4,33,0.4,0.0,847.4
2016-12-30 03:00:00,-3.7,36,2.4,0.0,847.5
2016-12-30 04:00:00,-4.9,41,4.4,0.0,846.9
2016-12-30 05:00:00,-5.6,44,5.4,0.0,846.0
2016-12-30 06:00:00,-6.2,46,6.1,0.0,846.7
2016-12-30 07:00:00,-6.5,48,5.8,0.0,846.5
2016-12-30 08:00:00,-6.6,49,5.2,0.0,846.8
2016-12-30 09:00:00,-5.9,47,4.2,27.0,847.5
2016-12-30 10:00:00,-2.4,36,2.9,180.0,849.8
2016-12-30 11:00:00,0.3,27,0.8,350.0,851.4
2016-12-30 12:00:00,2.2,23,0.8,476.0,851.0
2016-12-30 13:00:00,3.9,20,0.7,545.0,849.9
2016-12-30 14:00:00,5.2,19,1.3,550.0,848.8
2016-12-30 15:00:00,6.0,20,2.6,498.0,848.3
2016-12-30 16:00:00,6.4,19,4.0,380.0,848.2
2016-12-30 17:00:00,6.0,20,6.0,219.0,848.2
2016-12-30 18:00:00,4.0,23,7.1,54.0,848.4
2016-12-30 19:00:00,1.8,45,5.7,0.0,848.2
2016-12-30 20:00:00,1.0,30,6.3,0.0,849.1
2016-12-30 21:00:00,0.2,34,6.1,0.0,849.6
2016-12-30 22:00:00,-0.6,38,5.1,0.0,850.0
2016-12-30 23:00:00,-1.3,42,4.9,0.0,849.9
2016-12-31 00:00:00,-1.9,46,4.7,0.0,850.0
2016-12-31 01:00:00,-2.3,48,4.5,0.0,849.9
2016-12-31 02:00:00,-2.8,49,4.5,0.0,849.6
2016-12-31 03:00:00,-4.2,59,4.1,0.0,848.9
2016-12-31 04:00:00,-4.4,61,4.0,0.0,848.8
2016-12-31 05:00:00,-4.7,63,4.0,0.0,848.3
2016-12-31 06:00:00,-5.1,66,4.4,0.0,850.5
2016-12-31 07:00:00,-5.3,68,4.3,0.0,850.0
2016-12-31 08:00:00,-5.4,70,4.7,0.0,849.7
2016-12-31 09:00:00,-4.9,68,3.6,24.0,850.5
2016-12-31 10:00:00,-1.6,52,3.3,162.0,852.8
2016-12-31 11:00:00,0.7,38,1.1,312.0,853.7
2016-12-31 12:00:00,2.5,30,4.6,440.0,853.4
2016-12-31 13:00:00,3.5,29,6.9,495.0,852.5
2016-12-31 14:00:00,3.9,30,7.2,516.0,851.1
2016-12-31 15:00:00,3.9,29,9.2,471.0,850.4
2016-12-31 16:00:00,3.6,31,9.4,370.0,850.0
2016-12-31 17:00:00,2.7,35,5.1,210.0,849.8
2016-12-31 18:00:00,1.2,40,8.4,52.0,848.0
2016-12-31 19:00:00,-0.3,48,6.4,0.0,847.9
2016-12-31 20:00:00,-1.0,50,4.8,0.0,848.1
2016-12-31 21:00:00,-1.4,50,3.5,0.0,848.4
2016-12-31 22:00:00,-2.0,53,2.1,0.0,848.1
2016-12-31 23:00:00,-2.6,57,1.5,0.0,847.7
2017-01-01 00:00:00,-3.4,61,2.2,0.0,847.1
2017-01-01 01:00:00,-3.5,61,2.1,0.0,846.9
2017-01-01 02:00:00,-3.5,61,2.3,0.0,846.6
2017-01-01 03:00:00,-2.3,59,2.8,0.0,847.4
2017-01-01 04:00:00,-2.6,61,1.0,0.0,847.3
2017-01-01 05:00:00,-2.6,63,1.4,0.0,847.1
2017-01-01 06:00:00,-2.4,64,1.6,0.0,848.6
2017-01-01 07:00:00,-2.4,65,1.3,0.0,849.6
2017-01-01 08:00:00,-5.5,68,6.5,0.0,849.9
2017-01-01 09:00:00,-3.4,57,8.1,7.0,852.6
2017-01-01 10:00:00,-1.9,53,6.8,82.0,854.2
2017-01-01 11:00:00,-0.7,49,5.4,191.0,855.1
2017-01-01 12:00:00,0.1,47,2.7,273.0,855.1
2017-01-01 13:00:00,1.0,45,1.1,409.0,854.0
2017-01-01 14:00:00,1.5,43,0.0,407.0,853.3
2017-01-01 15:00:00,2.0,42,1.8,385.0,852.5
2017-01-01 16:00:00,2.0,42,1.8,274.0,852.0
2017-01-01 17:00:00,1.5,44,2.4,179.0,852.0
2017-01-01 18:00:00,0.6,48,3.1,52.0,851.6
2017-01-01 19:00:00,-0.3,53,4.0,0.0,851.7
2017-01-01 20:00:00,-0.3,51,3.9,0.0,852.5
2017-01-01 21:00:00,-0.6,53,1.0,0.0,852.9
2017-01-01 22:00:00,-0.8,54,4.7,0.0,853.1
2017-01-01 23:00:00,-1.2,55,3.3,0.0,852.9
2017-01-02 00:00:00,-2.8,61,5.5,0.0,851.6
2017-01-02 01:00:00,-4.3,67,7.3,0.0,850.8
2017-01-02 02:00:00,-3.1,60,5.2,0.0,851.7
2017-01-02 03:00:00,-3.6,63,3.1,0.0,851.5
2017-01-02 04:00:00,-4.1,68,2.1,0.0,851.1
2017-01-02 05:00:00,-4.5,72,1.9,0.0,850.8
2017-01-02 06:00:00,-4.7,77,4.0,0.0,850.5
2017-01-02 07:00:00,-4.8,80,3.7,0.0,850.8
2017-01-02 08:00:00,-8.2,86,8.1,0.0,851.3
2017-01-02 09:00:00,-7.1,82,4.0,24.0,852.6
2017-01-02 10:00:00,-4.6,63,2.4,162.0,854.7
2017-01-02 11:00:00,-2.3,53,2.4,331.0,855.6
2017-01-02 12:00:00,-0.1,46,2.5,459.0,855.1
2017-01-02 13:00:00,1.9,40,0.8,532.0,853.9
2017-01-02 14:00:00,3.8,35,0.0,519.0,852.6
2017-01-02 15:00:00,4.7,33,1.5,361.0,851.8
2017-01-02 16:00:00,5.7,30,1.5,364.0,851.6
2017-01-02 17:00:00,5.2,31,2.3,145.0,851.5
2017-01-02 18:00:00,0.1,44,10.4,37.0,849.3
2017-01-02 19:00:00,0.9,39,7.5,0.0,850.8
2017-01-02 20:00:00,1.6,40,6.4,0.0,851.2
2017-01-02 21:00:00,-0.8,49,6.2,0.0,850.7
2017-01-02 22:00:00,-1.2,52,6.2,0.0,851.3
2017-01-02 23:00:00,-2.4,58,7.6,0.0,851.2
2017-01-03 00:00:00,-2.0,58,6.6,0.0,851.2
2017-01-03 01:00:00,-1.2,56,1.8,0.0,851.5
2017-01-03 02:00:00,-1.4,58,1.9,0.0,851.0
2017-01-03 03:00:00,-1.6,59,2.3,0.0,850.9
2017-01-03 04:00:00,-1.9,60,1.5,0.0,850.5
2017-01-03 05:00:00,-2.1,61,0.4,0.0,850.2
2017-01-03 06:00:00,-2.4,62,1.8,0.0,849.6
2017-01-03 07:00:00,-2.7,61,3.4,0.0,849.3
2017-01-03 08:00:00,-4.3,62,4.4,0.0,849.8
2017-01-03 09:00:00,-4.3,62,1.6,24.0,849.9
2017-01-03 10:00:00,-2.3,53,1.4,166.0,851.0
2017-01-03 11:00:00,0.0,42,4.2,328.0,851.8
2017-01-03 12:00:00,1.6,37,3.8,455.0,850.6
2017-01-03 13:00:00,3.5,33,5.1,528.0,848.9
2017-01-03 14:00:00,4.9,31,7.4,538.0,847.4
2017-01-03 15:00:00,5.7,30,7.6,484.0,846.4
2017-01-03 16:00:00,6.0,30,7.3,373.0,845.9
2017-01-03 17:00:00,3.8,36,6.5,218.0,844.3
2017-01-03 18:00:00,3.9,35,1.0,57.0,844.2
2017-01-03 19:00:00,-0.2,49,8.2,0.0,843.0
2017-01-03 20:00:00,-1.7,56,10.5,0.0,842.6
2017-01-03 21:00:00,-2.2,59,7.1,0.0,843.5
2017-01-03 22:00:00,-2.6,61,6.8,0.0,843.9
2017-01-03 23:00:00,-1.2,58,5.8,0.0,845.2
2017-01-04 00:00:00,-1.8,61,4.5,0.0,845.6
2017-01-04 01:00:00,-1.0,56,2.9,0.0,845.8
2017-01-04 02:00:00,-1.1,58,3.3,0.0,845.3
2017-01-04 03:00:00,-2.2,66,6.1,0.0,844.0
2017-01-04 04:00:00,-4.7,77,7.1,0.0,842.9
2017-01-04 05:00:00,-2.9,69,4.9,0.0,843.8
2017-01-04 06:00:00,-3.1,71,1.5,0.0,843.3
2017-01-04 07:00:00,-4.6,77,4.6,0.0,842.7
2017-01-04 08:00:00,-4.2,70,5.1,0.0,844.0
2017-01-04 09:00:00,-4.9,74,4.0,25.0,844.0
2017-01-04 10:00:00,-0.9,51,6.9,168.0,846.4
2017-01-04 11:00:00,1.8,42,6.1,333.0,847.8
2017-01-04 12:00:00,3.9,38,6.6,459.0,847.1
2017-01-04 13:00:00,5.8,34,7.2,533.0,845.8
2017-01-04 14:00:00,7.4,30,8.2,544.0,844.4
2017-01-04 15:00:00,8.5,26,7.3,491.0,843.9
2017-01-04 16:00:00,9.0,25,4.6,380.0,844.0
2017-01-04 17:00:00,8.8,25,4.1,225.0,843.8
2017-01-04 18:00:00,7.2,28,5.2,61.0,843.3
2017-01-04 19:00:00,0.2,50,10.8,0.0,840.1
2017-01-04 20:00:00,-1.9,59,14.8,0.0,839.3
2017-01-04 21:00:00,-2.4,67,10.3,0.0,841.8
2017-01-04 22:00:00,-3.2,71,8.7,0.0,842.6
2017-01-04 23:00:00,-0.4,61,4.1,0.0,844.8
2017-01-05 00:00:00,-0.4,62,3.1,0.0,845.2
2017-01-05 01:00:00,-1.2,66,5.5,0.0,845.1
2017-01-05 02:00:00,-2.0,71,2.8,0.0,845.1
2017-01-05 03:00:00,-2.0,71,2.5,0.0,845.2
2017-01-05 04:00:00,-2.2,73,2.9,0.0,845.4
2017-01-05 05:00:00,-2.1,72,1.9,0.0,845.3
2017-01-05 06:00:00,-2.0,71,1.8,0.0,845.5
2017-01-05 07:00:00,-2.4,74,2.3,0.0,845.7
2017-01-05 08:00:00,-4.6,82,4.5,0.0,845.9
2017-01-05 09:00:00,-4.9,83,4.3,25.0,846.0
2017-01-05 10:00:00,-2.7,69,3.3,173.0,847.4
2017-01-05 11:00:00,0.2,56,2.9,340.0,848.2
2017-01-05 12:00:00,2.4,48,3.5,470.0,847.2
2017-01-05 13:00:00,4.1,42,2.6,545.0,845.9
2017-01-05 14:00:00,5.5,35,4.0,556.0,844.4
2017-01-05 15:00:00,6.4,29,5.5,501.0,843.6
2017-01-05 16:00:00,6.9,25,4.7,389.0,842.9
2017-01-05 17:00:00,5.7,29,6.1,231.0,842.3
2017-01-05 18:00:00,5.0,33,8.4,63.0,842.9
2017-01-05 19:00:00,0.0,48,8.4,0.0,841.4
2017-01-05 20:00:00,1.8,43,7.1,0.0,843.3
2017-01-05 21:00:00,-2.3,56,9.0,0.0,843.9
2017-01-05 22:00:00,-3.5,52,9.1,0.0,845.6
2017-01-05 23:00:00,-3.3,47,9.4,0.0,847.1
2017-01-06 00:00:00,-1.7,42,4.4,0.0,848.8
2017-01-06 01:00:00,-1.9,42,1.8,0.0,849.0
2017-01-06 02:00:00,-1.9,41,1.0,0.0,848.9
2017-01-06 03:00:00,-2.8,45,1.0,0.0,848.8
2017-01-06 04:00:00,-2.6,45,2.8,0.0,849.1
2017-01-06 05:00:00,-2.7,50,3.7,0.0,849.0
2017-01-06 06:00:00,-2.7,54,2.7,0.0,848.9
2017-01-06 07:00:00,-3.0,54,1.8,0.0,849.1
2017-01-06 08:00:00,-2.9,54,3.1,0.0,849.8
2017-01-06 09:00:00,-2.9,47,5.2,9.0,850.6
2017-01-06 10:00:00,-2.6,45,4.1,66.0,851.3
2017-01-06 11:00:00,-2.2,44,2.7,116.0,851.5
2017-01-06 12:00:00,-1.6,41,2.5,180.0,851.4
2017-01-06 13:00:00,-0.7,37,1.3,280.0,850.6
2017-01-06 14:00:00,0.1,33,2.1,340.0,849.5
2017-01-06 15:00:00,0.5,31,2.1,275.0,848.7
2017-01-06 16:00:00,0.9,29,2.7,279.0,848.5
2017-01-06 17:00:00,0.5,31,2.5,188.0,848.4
2017-01-06 18:00:00,-2.2,39,7.3,61.0,847.4
2017-01-06 19:00:00,-2.8,45,7.9,0.0,848.0
2017-01-06 20:00:00,-1.8,44,5.4,0.0,849.8
2017-01-06 21:00:00,-3.4,51,5.9,0.0,849.8
2017-01-06 22:00:00,-3.9,52,6.5,0.0,850.5
2017-01-06 23:00:00,-3.0,48,2.5,0.0,851.8
2017-01-07 00:00:00,-3.2,51,2.4,0.0,852.1
2017-01-07 01:00:00,-4.2,58,4.0,0.0,851.4
2017-01-07 02:00:00,-6.5,68,6.7,0.0,849.7
2017-01-07 03:00:00,-5.8,62,4.8,0.0,850.6
2017-01-07 04:00:00,-5.5,61,2.0,0.0,850.7
2017-01-07 05:00:00,-5.8,62,1.8,0.0,850.2
2017-01-07 06:00:00,-7.2,67,4.7,0.0,849.3
2017-01-07 07:00:00,-8.0,68,5.7,0.0,849.0
2017-01-07 08:00:00,-8.0,65,4.2,0.0,849.9
2017-01-07 09:00:00,-8.2,67,0.8,24.0,850.4
2017-01-07 10:00:00,-6.6,55,0.8,163.0,851.7
2017-01-07 11:00:00,-4.7,46,1.1,335.0,851.9
2017-01-07 12:00:00,-2.7,40,3.0,466.0,851.1
2017-01-07 13:00:00,-0.9,34,2.0,537.0,849.7
2017-01-07 14:00:00,0.4,31,2.8,539.0,848.3
2017-01-07 15:00:00,1.3,28,3.1,491.0,847.4
2017-01-07 16:00:00,1.9,27,3.4,386.0,847.3
2017-01-07 17:00:00,1.6,28,6.0,232.0,847.5
2017-01-07 18:00:00,-3.4,41,10.9,66.0,845.6
2017-01-07 19:00:00,-4.5,46,9.4,0.0,846.7
2017-01-07 20:00:00,-4.2,47,8.5,0.0,847.6
2017-01-07 21:00:00,-2.6,43,4.2,0.0,849.2
2017-01-07 22:00:00,-4.9,53,7.0,0.0,848.3
2017-01-07 23:00:00,-3.7,48,4.9,0.0,849.6
2017-01-08 00:00:00,-4.0,50,3.7,0.0,849.6
2017-01-08 01:00:00,-5.4,55,5.2,0.0,849.1
2017-01-08 02:00:00,-5.7,57,4.1,0.0,849.0
2017-01-08 03:00:00,-6.8,66,5.1,0.0,848.6
2017-01-08 04:00:00,-6.8,69,5.2,0.0,848.4
2017-01-08 05:00:00,-7.5,74,5.1,0.0,848.0
2017-01-08 06:00:00,-7.6,75,5.6,0.0,848.2
2017-01-08 07:00:00,-7.9,77,5.4,0.0,848.8
2017-01-08 08:00:00,-8.0,78,5.0,0.0,850.9
2017-01-08 09:00:00,-8.3,81,3.0,25.0,851.5
2017-01-08 10:00:00,-6.1,53,3.2,173.0,853.3
2017-01-08 11:00:00,-3.9,41,0.8,340.0,853.5
2017-01-08 12:00:00,-2.0,31,7.1,472.0,852.7
2017-01-08 13:00:00,-1.0,28,9.2,547.0,851.0
2017-01-08 14:00:00,-0.4,28,10.3,560.0,849.8
2017-01-08 15:00:00,0.2,28,12.0,496.0,848.9
2017-01-08 16:00:00,0.2,28,14.0,384.0,848.7
2017-01-08 17:00:00,-0.6,29,15.9,235.0,848.9
2017-01-08 18:00:00,-3.2,36,9.4,67.0,848.6
2017-01-08 19:00:00,-4.9,42,7.8,0.0,849.1
2017-01-08 20:00:00,-6.1,46,12.1,0.0,849.4
2017-01-08 21:00:00,-6.6,47,9.2,0.0,850.5
2017-01-08 22:00:00,-6.6,46,8.2,0.0,851.4
2017-01-08 23:00:00,-6.7,46,7.7,0.0,852.1
2017-01-09 00:00:00,-6.8,47,5.7,0.0,851.8
2017-01-09 01:00:00,-7.2,48,5.6,0.0,851.5
2017-01-09 02:00:00,-7.6,50,5.4,0.0,851.0
2017-01-09 03:00:00,-8.1,53,5.0,0.0,850.9
2017-01-09 04:00:00,-8.6,56,5.2,0.0,850.3
2017-01-09 05:00:00,-8.8,57,5.5,0.0,850.0
2017-01-09 06:00:00,-9.2,59,5.6,0.0,849.7
2017-01-09 07:00:00,-9.7,63,5.6,0.0,849.7
2017-01-09 08:00:00,-9.8,71,3.3,0.0,850.4
2017-01-09 09:00:00,-9.6,73,3.1,24.0,850.9
2017-01-09 10:00:00,-7.5,52,4.1,149.0,852.6
2017-01-09 11:00:00,-5.8,43,4.3,310.0,852.9
2017-01-09 12:00:00,-4.1,38,4.1,451.0,852.3
2017-01-09 13:00:00,-2.9,35,4.3,507.0,851.0
2017-01-09 14:00:00,-2.0,34,4.3,512.0,849.8
2017-01-09 15:00:00,-1.4,33,5.6,481.0,849.2
2017-01-09 16:00:00,-1.2,32,8.6,372.0,849.1
2017-01-09 17:00:00,-1.6,33,11.3,228.0,849.3
2017-01-09 18:00:00,-4.4,42,7.9,66.0,848.6
2017-01-09 19:00:00,-5.0,45,8.4,0.0,849.5
2017-01-09 20:00:00,-4.2,42,8.5,0.0,850.8
2017-01-09 21:00:00,-3.7,40,6.6,0.0,852.0
2017-01-09 22:00:00,-4.3,41,7.3,0.0,852.4
2017-01-09 23:00:00,-4.8,42,5.7,0.0,853.0
2017-01-10 00:00:00,-5.5,45,6.3,0.0,853.0
2017-01-10 01:00:00,-5.9,46,5.8,0.0,853.2
2017-01-10 02:00:00,-6.4,48,5.6,0.0,852.9
2017-01-10 03:00:00,-6.8,50,5.7,0.0,853.1
2017-01-10 04:00:00,-7.5,55,5.2,0.0,853.0
2017-01-10 05:00:00,-7.1,54,4.6,0.0,853.3
2017-01-10 06:00:00,-6.8,55,2.5,0.0,853.6
2017-01-10 07:00:00,-8.2,64,4.8,0.0,853.4
2017-01-10 08:00:00,-8.4,66,6.5,0.0,854.4
2017-01-10 09:00:00,-7.6,58,4.0,24.0,855.7
2017-01-10 10:00:00,-6.6,52,3.9,142.0,856.7
2017-01-10 11:00:00,-5.9,50,4.7,209.0,856.8
2017-01-10 12:00:00,-4.7,46,5.8,367.0,856.5
2017-01-10 13:00:00,-3.7,42,7.1,384.0,855.3
2017-01-10 14:00:00,-3.2,40,7.9,350.0,854.3
2017-01-10 15:00:00,-3.1,41,8.0,258.0,854.0
2017-01-10 16:00:00,-3.2,43,8.4,162.0,853.8
2017-01-10 17:00:00,-3.5,45,7.1,90.0,854.2
2017-01-10 18:00:00,-3.9,49,5.1,40.0,854.3
2017-01-10 19:00:00,-4.7,54,5.0,0.0,854.7
2017-01-10 20:00:00,-4.0,53,3.1,0.0,855.5
2017-01-10 21:00:00,-4.6,56,4.2,0.0,855.4
2017-01-10 22:00:00,-4.6,56,3.7,0.0,855.5
2017-01-10 23:00:00,-5.4,61,2.9,0.0,855.7
2017-01-11 00:00:00,-6.0,65,4.1,0.0,855.5
2017-01-11 01:00:00,-6.5,69,0.5,0.0,855.5
2017-01-11 02:00:00,-7.5,77,2.7,0.0,855.1
2017-01-11 03:00:00,-8.1,80,4.3,0.0,854.1
2017-01-11 04:00:00,-7.7,77,1.9,0.0,854.5
2017-01-11 05:00:00,-8.2,79,4.0,0.0,853.6
2017-01-11 06:00:00,-8.8,81,3.1,0.0,853.4
2017-01-11 07:00:00,-9.3,87,3.7,0.0,853.9
2017-01-11 08:00:00,-9.7,89,1.3,0.0,854.6
2017-01-11 09:00:00,-9.8,87,1.5,23.0,855.2
2017-01-11 10:00:00,-8.0,72,3.6,153.0,856.9
2017-01-11 11:00:00,-6.2,54,4.7,281.0,857.1
2017-01-11 12:00:00,-4.7,47,1.8,402.0,856.7
2017-01-11 13:00:00,-3.2,44,1.3,508.0,855.4
2017-01-11 14:00:00,-2.1,40,0.7,506.0,854.2
2017-01-11 15:00:00,-1.4,35,2.8,449.0,853.7
2017-01-11 16:00:00,-0.9,31,4.6,344.0,853.1
2017-01-11 17:00:00,-1.0,30,4.1,206.0,853.1
2017-01-11 18:00:00,-1.7,32,4.4,66.0,853.2
2017-01-11 19:00:00,-2.2,33,3.0,0.0,853.6
2017-01-11 20:00:00,-2.8,36,3.4,0.0,853.5
2017-01-11 21:00:00,-3.3,38,0.8,0.0,853.9
2017-01-11 22:00:00,-3.8,39,4.2,0.0,854.1
2017-01-11 23:00:00,-4.5,41,0.7,0.0,854.0
2017-01-12 00:00:00,-4.9,44,3.4,0.0,854.0
2017-01-12 01:00:00,-5.1,46,1.1,0.0,853.9
2017-01-12 02:00:00,-5.3,49,2.4,0.0,853.6
2017-01-12 03:00:00,-5.7,52,2.8,0.0,853.6
2017-01-12 04:00:00,-6.3,56,4.4,0.0,853.2
2017-01-12 05:00:00,-7.0,59,3.8,0.0,852.5
2017-01-12 06:00:00,-7.8,63,4.0,0.0,852.0
2017-01-12 07:00:00,-8.5,67,2.9,0.0,851.5
2017-01-12 08:00:00,-9.0,68,3.3,0.0,852.2
2017-01-12 09:00:00,-9.3,69,3.6,26.0,852.6
2017-01-12 10:00:00,-7.6,58,3.9,168.0,854.0
2017-01-12 11:00:00,-4.9,48,4.0,333.0,854.4
2017-01-12 12:00:00,-2.5,40,5.2,438.0,853.5
2017-01-12 13:00:00,-0.4,34,3.9,536.0,851.9
2017-01-12 14:00:00,1.2,29,2.6,554.0,850.5
2017-01-12 15:00:00,2.1,28,3.8,513.0,849.4
2017-01-12 16:00:00,2.4,27,4.3,414.0,848.9
2017-01-12 17:00:00,1.6,27,3.5,255.0,848.2
2017-01-12 18:00:00,1.3,27,1.9,76.0,848.1
2017-01-12 19:00:00,0.6,30,1.6,0.0,848.1
2017-01-12 20:00:00,-0.5,32,2.9,0.0,848.1
2017-01-12 21:00:00,-2.1,36,4.1,0.0,848.1
2017-01-12 22:00:00,-4.4,42,5.6,0.0,847.4
2017-01-12 23:00:00,-5.0,46,6.3,0.0,847.7
2017-01-13 00:00:00,-6.5,55,5.8,0.0,847.0
2017-01-13 01:00:00,-5.8,56,5.1,0.0,847.8
2017-01-13 02:00:00,-5.8,55,4.7,0.0,847.8
2017-01-13 03:00:00,-6.4,57,4.4,0.0,847.4
2017-01-13 04:00:00,-6.1,57,3.8,0.0,847.4
2017-01-13 05:00:00,-6.5,58,3.3,0.0,846.7
2017-01-13 06:00:00,-7.0,59,3.9,0.0,846.5
2017-01-13 07:00:00,-7.1,60,1.8,0.0,846.1
2017-01-13 08:00:00,-8.0,60,3.7,0.0,847.1
2017-01-13 09:00:00,-8.0,59,1.5,27.0,847.8
2017-01-13 10:00:00,-6.1,48,1.5,170.0,849.0
2017-01-13 11:00:00,-3.9,38,2.2,309.0,849.5
2017-01-13 12:00:00,-1.9,32,2.3,432.0,848.6
2017-01-13 13:00:00,0.1,26,3.1,529.0,847.3
2017-01-13 14:00:00,1.5,22,2.5,562.0,846.0
2017-01-13 15:00:00,2.5,21,2.4,521.0,845.1
2017-01-13 16:00:00,3.3,20,1.6,412.0,844.6
2017-01-13 17:00:00,2.7,21,3.9,255.0,844.0
2017-01-13 18:00:00,-2.4,33,11.6,83.0,842.0
2017-01-13 19:00:00,-2.8,37,8.6,1.0,842.9
2017-01-13 20:00:00,-3.3,38,8.2,0.0,843.4
2017-01-13 21:00:00,-5.0,43,7.6,0.0,843.8
2017-01-13 22:00:00,-2.8,37,4.7,0.0,845.5
2017-01-13 23:00:00,-3.1,38,2.9,0.0,846.1
2017-01-14 00:00:00,-3.7,40,5.6,0.0,846.0
2017-01-14 01:00:00,-4.9,43,5.4,0.0,845.6
2017-01-14 02:00:00,-5.3,45,5.8,0.0,845.7
2017-01-14 03:00:00,-6.7,46,5.8,0.0,845.1
2017-01-14 04:00:00,-7.7,44,5.9,0.0,844.6
2017-01-14 05:00:00,-8.8,46,6.1,0.0,843.8
2017-01-14 06:00:00,-7.3,42,3.5,0.0,844.9
2017-01-14 07:00:00,-7.4,43,1.4,0.0,845.1
2017-01-14 08:00:00,-8.7,46,5.3,0.0,845.7
2017-01-14 09:00:00,-8.6,49,2.3,28.0,846.3
2017-01-14 10:00:00,-6.1,43,2.6,180.0,848.0
2017-01-14 11:00:00,-3.8,33,3.8,351.0,848.9
2017-01-14 12:00:00,-1.7,30,2.6,486.0,848.3
2017-01-14 13:00:00,0.3,26,4.1,564.0,847.1
2017-01-14 14:00:00,1.9,25,5.1,578.0,846.0
2017-01-14 15:00:00,2.8,25,6.4,528.0,845.6
2017-01-14 16:00:00,3.1,27,10.0,417.0,845.6
2017-01-14 17:00:00,1.9,32,13.9,260.0,845.9
2017-01-14 18:00:00,-1.1,39,11.5,86.0,845.8
2017-01-14 19:00:00,-3.8,40,10.2,1.0,845.7
2017-01-14 20:00:00,-4.7,36,12.3,0.0,845.8
2017-01-14 21:00:00,-5.1,32,10.6,0.0,847.6
2017-01-14 22:00:00,-2.5,26,4.3,0.0,850.6
2017-01-14 23:00:00,-3.6,28,0.5,0.0,851.1
2017-01-15 00:00:00,-4.2,31,3.3,0.0,851.4
2017-01-15 01:00:00,-4.8,34,5.6,0.0,851.4
2017-01-15 02:00:00,-5.7,38,6.6,0.0,850.5
2017-01-15 03:00:00,-5.9,39,6.0,0.0,850.8
2017-01-15 04:00:00,-6.5,39,8.2,0.0,850.6
2017-01-15 05:00:00,-5.2,35,4.3,0.0,851.1
2017-01-15 06:00:00,-5.6,35,2.3,0.0,850.8
2017-01-15 07:00:00,-6.0,36,2.3,0.0,850.8
2017-01-15 08:00:00,-8.2,41,7.8,0.0,849.4
2017-01-15 09:00:00,-7.2,37,1.6,29.0,850.2
2017-01-15 10:00:00,-6.0,34,4.9,183.0,851.3
2017-01-15 11:00:00,-4.0,30,3.8,357.0,851.2
2017-01-15 12:00:00,-2.0,30,5.6,467.0,850.8
2017-01-15 13:00:00,0.4,28,4.2,567.0,849.5
2017-01-15 14:00:00,1.9,27,3.3,587.0,848.5
2017-01-15 15:00:00,3.0,26,3.3,536.0,847.7
2017-01-15 16:00:00,3.8,24,8.1,427.0,847.1
2017-01-15 17:00:00,2.6,27,14.3,269.0,847.4
2017-01-15 18:00:00,-0.4,27,12.8,91.0,847.6
2017-01-15 19:00:00,-3.3,35,9.4,1.0,847.7
2017-01-15 20:00:00,-4.9,34,12.0,0.0,849.2
2017-01-15 21:00:00,-4.9,32,9.9,0.0,850.8
2017-01-15 22:00:00,-3.0,28,3.7,0.0,852.5
2017-01-15 23:00:00,-5.8,36,5.2,0.0,850.9
2017-01-16 00:00:00,-6.3,39,6.8,0.0,850.4
2017-01-16 01:00:00,-6.9,40,5.4,0.0,850.0
2017-01-16 02:00:00,-7.4,43,4.2,0.0,849.5
2017-01-16 03:00:00,-6.0,40,2.4,0.0,850.6
2017-01-16 04:00:00,-5.9,38,3.9,0.0,850.6
2017-01-16 05:00:00,-7.0,44,5.2,0.0,850.1
2017-01-16 06:00:00,-6.8,42,4.7,0.0,850.0
2017-01-16 07:00:00,-7.7,45,5.4,0.0,850.0
2017-01-16 08:00:00,-8.2,48,5.4,0.0,850.9
2017-01-16 09:00:00,-7.5,47,3.1,23.0,852.1
2017-01-16 10:00:00,-6.1,37,4.0,154.0,853.7
2017-01-16 11:00:00,-4.3,30,5.8,276.0,854.2
2017-01-16 12:00:00,-2.9,26,4.0,380.0,853.9
2017-01-16 13:00:00,-1.6,23,1.5,472.0,852.6
2017-01-16 14:00:00,-0.4,21,2.6,498.0,851.7
2017-01-16 15:00:00,0.5,20,6.1,469.0,851.0
2017-01-16 16:00:00,0.8,20,10.0,326.0,851.1
2017-01-16 17:00:00,0.2,20,13.3,193.0,851.4
2017-01-16 18:00:00,-2.3,24,8.9,81.0,851.0
2017-01-16 19:00:00,-4.8,29,9.2,1.0,850.4
2017-01-16 20:00:00,-4.7,29,10.5,0.0,851.7
2017-01-16 21:00:00,-4.2,27,7.9,0.0,852.4
2017-01-16 22:00:00,-6.0,30,9.0,0.0,851.4
2017-01-16 23:00:00,-5.7,29,7.5,0.0,851.7
2017-01-17 00:00:00,-5.2,29,6.7,0.0,851.9
2017-01-17 01:00:00,-6.1,32,8.0,0.0,851.2
2017-01-17 02:00:00,-6.7,35,8.4,0.0,850.4
2017-01-17 03:00:00,-5.6,33,5.2,0.0,850.8
2017-01-17 04:00:00,-6.0,33,1.9,0.0,850.2
2017-01-17 05:00:00,-7.3,36,2.4,0.0,849.2
2017-01-17 06:00:00,-8.5,41,5.7,0.0,848.3
2017-01-17 07:00:00,-8.5,41,5.2,0.0,848.9
2017-01-17 08:00:00,-8.8,41,5.9,0.0,850.0
2017-01-17 09:00:00,-8.1,39,5.8,30.0,851.1
2017-01-17 10:00:00,-6.5,32,3.9,186.0,852.0
2017-01-17 11:00:00,-4.9,30,5.4,360.0,852.2
2017-01-17 12:00:00,-3.5,27,6.2,496.0,852.0
2017-01-17 13:00:00,-2.3,26,4.6,577.0,850.2
2017-01-17 14:00:00,-1.5,27,2.9,590.0,848.9
2017-01-17 15:00:00,-0.9,30,1.5,538.0,848.3
2017-01-17 16:00:00,-0.3,32,2.9,422.0,848.2
2017-01-17 17:00:00,-0.1,31,3.6,263.0,848.3
2017-01-17 18:00:00,-0.5,32,5.2,87.0,848.7
2017-01-17 19:00:00,-4.8,42,9.4,1.0,847.4
2017-01-17 20:00:00,-2.2,33,2.9,0.0,850.0
2017-01-17 21:00:00,-3.5,39,4.4,0.0,850.2
2017-01-17 22:00:00,-5.2,46,6.9,0.0,849.7
2017-01-17 23:00:00,-4.6,43,5.3,0.0,850.4
2017-01-18 00:00:00,-4.9,46,5.5,0.0,850.4
2017-01-18 01:00:00,-4.8,42,5.0,0.0,850.6
2017-01-18 02:00:00,-5.5,42,4.3,0.0,850.4
2017-01-18 03:00:00,-5.3,40,5.2,0.0,850.1
2017-01-18 04:00:00,-5.3,37,4.1,0.0,850.1
2017-01-18 05:00:00,-5.9,38,5.1,0.0,849.4
2017-01-18 06:00:00,-7.1,41,6.0,0.0,848.3
2017-01-18 07:00:00,-7.7,42,6.9,0.0,848.2
2017-01-18 08:00:00,-7.9,45,4.8,0.0,849.6
2017-01-18 09:00:00,-8.4,46,1.8,31.0,850.3
2017-01-18 10:00:00,-6.5,38,1.6,187.0,852.0
2017-01-18 11:00:00,-4.3,33,2.8,356.0,852.8
2017-01-18 12:00:00,-2.5,32,2.3,495.0,852.6
2017-01-18 13:00:00,-1.1,34,1.9,580.0,851.2
2017-01-18 14:00:00,0.1,34,1.4,595.0,850.1
2017-01-18 15:00:00,0.8,32,1.9,547.0,849.4
2017-01-18 16:00:00,1.3,29,3.4,437.0,849.0
2017-01-18 17:00:00,1.3,26,7.4,279.0,849.0
2017-01-18 18:00:00,-2.2,35,8.7,99.0,848.4
2017-01-18 19:00:00,-3.1,36,8.4,2.0,850.4
2017-01-18 20:00:00,-1.7,32,8.7,0.0,853.8
2017-01-18 21:00:00,-3.6,27,10.2,0.0,855.5
2017-01-18 22:00:00,-4.9,26,9.2,0.0,856.9
2017-01-18 23:00:00,-5.8,27,9.9,0.0,858.0
2017-01-19 00:00:00,-6.8,34,11.7,0.0,859.0
2017-01-19 01:00:00,-7.8,40,8.4,0.0,859.3
2017-01-19 02:00:00,-8.7,43,6.4,0.0,859.3
2017-01-19 03:00:00,-9.5,46,5.4,0.0,859.0
2017-01-19 04:00:00,-9.5,46,5.0,0.0,859.1
2017-01-19 05:00:00,-10.1,48,5.5,0.0,859.1
2017-01-19 06:00:00,-10.2,48,3.8,0.0,858.8
2017-01-19 07:00:00,-11.4,53,6.0,0.0,858.7
2017-01-19 08:00:00,-11.9,56,5.1,0.0,859.7
2017-01-19 09:00:00,-11.4,53,5.6,32.0,860.6
2017-01-19 10:00:00,-10.5,48,4.3,192.0,861.0
2017-01-19 11:00:00,-8.8,41,5.3,369.0,861.2
2017-01-19 12:00:00,-7.1,36,5.0,508.0,860.6
2017-01-19 13:00:00,-5.6,33,4.4,588.0,858.8
2017-01-19 14:00:00,-4.3,31,3.6,604.0,857.3
2017-01-19 15:00:00,-3.4,30,1.0,552.0,856.2
2017-01-19 16:00:00,-2.7,29,1.4,438.0,855.6
2017-01-19 17:00:00,-2.6,28,2.5,276.0,855.5
2017-01-19 18:00:00,-5.0,36,6.8,92.0,854.1
2017-01-19 19:00:00,-5.5,36,7.2,2.0,854.7
2017-01-19 20:00:00,-6.8,39,8.9,0.0,855.3
2017-01-19 21:00:00,-7.4,39,6.6,0.0,855.9
2017-01-19 22:00:00,-7.8,41,6.9,0.0,855.5
2017-01-19 23:00:00,-7.8,40,6.6,0.0,855.3
2017-01-20 00:00:00,-6.8,37,3.1,0.0,855.7
2017-01-20 01:00:00,-6.7,36,3.6,0.0,855.3
2017-01-20 02:00:00,-7.8,40,4.6,0.0,854.2
2017-01-20 03:00:00,-7.5,39,2.8,0.0,853.7
2017-01-20 04:00:00,-8.4,44,2.9,0.0,852.7
2017-01-20 05:00:00,-7.7,44,1.3,0.0,852.4
2017-01-20 06:00:00,-7.9,43,1.3,0.0,852.1
2017-01-20 07:00:00,-8.0,46,1.3,0.0,851.9
2017-01-20 08:00:00,-9.3,52,2.3,0.0,852.7
2017-01-20 09:00:00,-9.2,52,1.1,28.0,853.3
2017-01-20 10:00:00,-7.2,42,2.9,189.0,854.2
2017-01-20 11:00:00,-5.3,36,1.8,331.0,854.2
2017-01-20 12:00:00,-3.3,32,2.9,463.0,854.2
2017-01-20 13:00:00,-1.6,29,2.2,546.0,852.8
2017-01-20 14:00:00,-0.5,27,1.1,510.0,852.1
2017-01-20 15:00:00,0.5,25,1.0,370.0,851.7
2017-01-20 16:00:00,1.0,24,2.3,276.0,852.4
2017-01-20 17:00:00,0.5,24,3.4,136.0,853.0
2017-01-20 18:00:00,0.0,26,3.0,57.0,853.6
2017-01-20 19:00:00,-2.7,33,6.2,2.0,853.0
2017-01-20 20:00:00,-1.4,28,7.3,0.0,855.4
2017-01-20 21:00:00,-2.5,30,4.6,0.0,855.7
2017-01-20 22:00:00,-3.8,33,2.5,0.0,855.5
2017-01-20 23:00:00,-4.9,34,4.6,0.0,855.6
2017-01-21 00:00:00,-5.8,34,5.9,0.0,856.2
2017-01-21 01:00:00,-6.7,36,1.8,0.0,855.9
2017-01-21 02:00:00,-9.1,43,6.1,0.0,854.7
2017-01-21 03:00:00,-7.8,38,1.9,0.0,855.7
2017-01-21 04:00:00,-9.6,41,7.1,0.0,854.5
2017-01-21 05:00:00,-7.7,32,3.8,0.0,856.1
2017-01-21 06:00:00,-8.0,31,2.2,0.0,855.9
2017-01-21 07:00:00,-8.1,31,1.8,0.0,855.7
2017-01-21 08:00:00,-9.1,33,4.0,0.0,856.6
2017-01-21 09:00:00,-9.6,34,1.8,33.0,856.7
2017-01-21 10:00:00,-8.0,30,4.1,197.0,857.6
2017-01-21 11:00:00,-5.2,26,5.0,376.0,858.2
2017-01-21 12:00:00,-2.4,22,5.2,515.0,857.5
2017-01-21 13:00:00,-0.1,19,4.3,598.0,855.9
2017-01-21 14:00:00,1.9,17,3.9,617.0,854.3
2017-01-21 15:00:00,3.3,16,3.6,567.0,853.3
2017-01-21 16:00:00,4.4,15,3.6,456.0,853.0
2017-01-21 17:00:00,4.2,16,4.8,294.0,852.7
2017-01-21 18:00:00,-1.6,26,12.0,111.0,850.2
2017-01-21 19:00:00,-1.7,28,9.5,3.0,851.3
2017-01-21 20:00:00,-0.4,25,5.6,0.0,853.8
2017-01-21 21:00:00,0.0,24,1.3,0.0,855.3
2017-01-21 22:00:00,-0.6,26,3.0,0.0,856.1
2017-01-21 23:00:00,-1.5,27,5.2,0.0,856.4
2017-01-22 00:00:00,-3.9,32,7.9,0.0,855.4
2017-01-22 01:00:00,-3.2,29,7.2,0.0,855.7
2017-01-22 02:00:00,-2.4,27,2.5,0.0,856.7
2017-01-22 03:00:00,-3.4,29,2.2,0.0,856.8
2017-01-22 04:00:00,-4.4,31,4.3,0.0,856.2
2017-01-22 05:00:00,-4.9,31,5.2,0.0,856.1
2017-01-22 06:00:00,-6.0,32,6.0,0.0,855.6
2017-01-22 07:00:00,-6.0,31,3.9,0.0,856.2
2017-01-22 08:00:00,-7.0,33,3.8,0.0,857.3
2017-01-22 09:00:00,-7.0,33,0.8,34.0,858.0
2017-01-22 10:00:00,-5.7,30,2.2,199.0,859.0
2017-01-22 11:00:00,-3.2,25,2.7,379.0,859.7
2017-01-22 12:00:00,-1.1,23,2.3,520.0,859.3
2017-01-22 13:00:00,0.6,20,1.3,604.0,857.6
2017-01-22 14:00:00,2.0,19,1.1,623.0,855.9
2017-01-22 15:00:00,3.3,17,2.5,573.0,854.7
2017-01-22 16:00:00,3.8,15,3.4,460.0,854.0
2017-01-22 17:00:00,3.2,17,1.6,293.0,853.5
2017-01-22 18:00:00,1.5,20,5.0,110.0,852.6
2017-01-22 19:00:00,1.0,22,3.5,3.0,852.7
2017-01-22 20:00:00,0.8,23,4.1,0.0,852.7
2017-01-22 21:00:00,-0.5,25,3.6,0.0,853.0
2017-01-22 22:00:00,-1.3,26,2.5,0.0,852.9
2017-01-22 23:00:00,-2.0,27,4.5,0.0,852.9
2017-01-23 00:00:00,-3.0,29,3.8,0.0,852.7
2017-01-23 01:00:00,-2.9,29,3.9,0.0,852.9
2017-01-23 02:00:00,-3.2,29,2.5,0.0,852.6
2017-01-23 03:00:00,-3.6,31,2.6,0.0,852.3
2017-01-23 04:00:00,-4.1,32,1.1,0.0,851.7
2017-01-23 05:00:00,-4.7,32,2.3,0.0,850.9
2017-01-23 06:00:00,-5.1,32,2.3,0.0,850.8
2017-01-23 07:00:00,-5.3,29,0.8,0.0,850.8
2017-01-23 08:00:00,-6.7,35,3.2,0.0,852.1
2017-01-23 09:00:00,-7.1,35,1.0,35.0,852.4
2017-01-23 10:00:00,-5.0,30,0.8,201.0,853.5
2017-01-23 11:00:00,-2.4,26,2.0,379.0,854.2
2017-01-23 12:00:00,0.1,22,5.4,519.0,853.7
2017-01-23 13:00:00,2.1,19,4.6,601.0,852.1
2017-01-23 14:00:00,3.9,16,3.6,612.0,851.0
2017-01-23 15:00:00,5.3,15,2.7,567.0,850.0
2017-01-23 16:00:00,6.0,14,2.2,462.0,849.3
2017-01-23 17:00:00,5.9,15,1.1,302.0,849.3
2017-01-23 18:00:00,5.2,16,3.6,116.0,849.2
2017-01-23 19:00:00,2.7,20,7.6,4.0,848.8
2017-01-23 20:00:00,-2.0,30,9.2,0.0,848.6
2017-01-23 21:00:00,-2.1,31,6.7,0.0,849.8
2017-01-23 22:00:00,-0.4,29,4.2,0.0,851.4
2017-01-23 23:00:00,-0.9,30,4.5,0.0,851.5
2017-01-24 00:00:00,-2.9,35,6.9,0.0,850.8
2017-01-24 01:00:00,-2.9,34,5.3,0.0,850.8
2017-01-24 02:00:00,-2.7,32,2.1,0.0,850.9
2017-01-24 03:00:00,-2.8,33,2.9,0.0,851.2
2017-01-24 04:00:00,-3.0,34,2.6,0.0,851.0
2017-01-24 05:00:00,-3.4,35,4.0,0.0,850.3
2017-01-24 06:00:00,-4.5,37,4.8,0.0,850.2
2017-01-24 07:00:00,-4.3,35,5.9,0.0,850.7
2017-01-24 08:00:00,-5.4,36,2.2,0.0,851.4
2017-01-24 09:00:00,-6.1,39,5.5,35.0,851.5
2017-01-24 10:00:00,-3.0,32,4.7,190.0,853.6
2017-01-24 11:00:00,-0.4,25,5.8,347.0,854.9
2017-01-24 12:00:00,1.9,22,6.4,458.0,854.7
2017-01-24 13:00:00,4.0,20,6.8,561.0,853.5
2017-01-24 14:00:00,5.9,16,4.3,626.0,852.5
2017-01-24 15:00:00,7.2,14,4.2,576.0,851.7
2017-01-24 16:00:00,7.8,13,4.6,466.0,851.3
2017-01-24 17:00:00,6.9,14,5.4,305.0,850.8
2017-01-24 18:00:00,7.0,14,7.3,120.0,850.9
2017-01-24 19:00:00,5.8,15,7.7,5.0,850.6
2017-01-24 20:00:00,2.1,22,8.1,0.0,849.2
2017-01-24 21:00:00,0.8,27,7.6,0.0,849.9
2017-01-24 22:00:00,-1.3,32,7.3,0.0,849.6
2017-01-24 23:00:00,-1.0,32,5.9,0.0,850.4
2017-01-25 00:00:00,-0.7,31,5.4,0.0,851.0
2017-01-25 01:00:00,-1.3,32,6.1,0.0,850.9
2017-01-25 02:00:00,-1.3,32,6.0,0.0,850.7
2017-01-25 03:00:00,-2.2,34,5.2,0.0,850.3
2017-01-25 04:00:00,-2.6,35,0.5,0.0,849.9
2017-01-25 05:00:00,-2.8,33,1.6,0.0,849.5
2017-01-25 06:00:00,-2.9,34,3.5,0.0,849.5
2017-01-25 07:00:00,-4.5,38,6.4,0.0,849.1
2017-01-25 08:00:00,-5.4,43,6.9,0.0,850.0
2017-01-25 09:00:00,-4.3,38,4.3,37.0,851.1
2017-01-25 10:00:00,-2.2,39,6.0,204.0,851.9
2017-01-25 11:00:00,0.6,32,6.8,384.0,852.4
2017-01-25 12:00:00,3.3,24,6.9,524.0,851.5
2017-01-25 13:00:00,5.6,21,7.9,609.0,849.6
2017-01-25 14:00:00,7.1,21,7.9,626.0,847.9
2017-01-25 15:00:00,7.9,21,5.4,577.0,846.5
2017-01-25 16:00:00,8.9,19,3.8,459.0,846.1
2017-01-25 17:00:00,7.3,21,5.4,284.0,845.0
2017-01-25 18:00:00,4.3,25,10.9,121.0,843.9
2017-01-25 19:00:00,1.0,42,13.5,5.0,844.0
2017-01-25 20:00:00,-2.1,28,14.0,0.0,848.5
2017-01-25 21:00:00,-1.2,24,10.6,0.0,851.7
2017-01-25 22:00:00,-3.2,27,10.5,0.0,852.7
2017-01-25 23:00:00,-2.5,26,8.3,0.0,854.2
2017-01-26 00:00:00,-3.6,29,5.8,0.0,854.4
2017-01-26 01:00:00,-3.6,30,7.9,0.0,854.1
2017-01-26 02:00:00,-5.0,35,9.6,0.0,852.5
2017-01-26 03:00:00,-2.5,29,2.8,0.0,853.6
2017-01-26 04:00:00,-3.3,30,2.2,0.0,853.9
2017-01-26 05:00:00,-3.7,31,0.5,0.0,854.3
2017-01-26 06:00:00,-4.0,33,1.8,0.0,855.1
2017-01-26 07:00:00,-5.4,37,3.1,0.0,854.9
2017-01-26 08:00:00,-4.3,38,2.9,0.0,856.9
2017-01-26 09:00:00,-4.1,36,4.7,38.0,857.8
2017-01-26 10:00:00,-1.2,28,6.6,203.0,860.0
2017-01-26 11:00:00,-0.1,26,8.2,380.0,860.3
2017-01-26 12:00:00,1.0,24,8.7,506.0,860.5
2017-01-26 13:00:00,1.7,23,8.6,557.0,859.6
2017-01-26 14:00:00,2.2,22,5.9,616.0,858.5
2017-01-26 15:00:00,2.3,22,4.5,556.0,857.8
2017-01-26 16:00:00,2.5,21,6.2,459.0,857.2
2017-01-26 17:00:00,2.3,22,4.8,299.0,856.9
2017-01-26 18:00:00,1.7,23,3.1,114.0,856.4
2017-01-26 19:00:00,0.9,24,5.8,5.0,856.5
2017-01-26 20:00:00,-1.3,29,8.0,0.0,855.9
2017-01-26 21:00:00,-1.1,30,6.6,0.0,856.2
2017-01-26 22:00:00,-1.7,32,5.1,0.0,855.7
2017-01-26 23:00:00,-2.0,33,3.8,0.0,855.4
2017-01-27 00:00:00,-2.0,33,3.6,0.0,854.9
2017-01-27 01:00:00,-2.2,34,2.4,0.0,853.9
2017-01-27 02:00:00,-3.6,38,5.4,0.0,852.3
2017-01-27 03:00:00,-4.4,40,6.0,0.0,851.2
2017-01-27 04:00:00,-3.4,37,5.1,0.0,850.4
2017-01-27 05:00:00,-4.9,41,6.0,0.0,848.9
2017-01-27 06:00:00,-4.6,40,4.9,0.0,848.8
2017-01-27 07:00:00,-5.0,41,2.4,0.0,848.7
2017-01-27 08:00:00,-7.3,50,5.4,0.0,847.6
2017-01-27 09:00:00,-6.2,46,8.3,39.0,848.1
2017-01-27 10:00:00,-5.0,41,7.8,206.0,848.0
2017-01-27 11:00:00,-3.3,36,7.1,385.0,847.2
2017-01-27 12:00:00,-0.9,31,6.9,526.0,846.3
2017-01-27 13:00:00,1.2,28,7.1,609.0,844.8
2017-01-27 14:00:00,2.8,25,6.8,630.0,842.5
2017-01-27 15:00:00,4.5,23,4.5,583.0,841.0
2017-01-27 16:00:00,5.5,21,6.6,472.0,839.7
2017-01-27 17:00:00,5.3,22,8.2,310.0,839.0
2017-01-27 18:00:00,-0.2,33,11.2,128.0,836.0
2017-01-27 19:00:00,-0.9,36,10.0,6.0,836.0
2017-01-27 20:00:00,1.3,32,8.1,0.0,837.9
2017-01-27 21:00:00,-0.3,38,8.3,0.0,838.1
2017-01-27 22:00:00,0.8,36,5.4,0.0,839.8
2017-01-27 23:00:00,-0.3,39,7.7,0.0,840.7
2017-01-28 00:00:00,-0.0,33,5.2,0.0,842.4
2017-01-28 01:00:00,-1.9,37,2.6,0.0,842.2
2017-01-28 02:00:00,-3.8,45,3.8,0.0,841.7
2017-01-28 03:00:00,-4.4,53,6.0,0.0,842.1
2017-01-28 04:00:00,-3.7,62,8.2,0.0,842.6
2017-01-28 05:00:00,-4.5,77,7.4,0.0,842.2
2017-01-28 06:00:00,-5.2,74,9.2,0.0,841.7
2017-01-28 07:00:00,-3.4,59,5.9,0.0,843.9
2017-01-28 08:00:00,-3.0,46,6.5,0.0,845.0
2017-01-28 09:00:00,-3.2,44,2.7,40.0,846.0
2017-01-28 10:00:00,-0.5,35,6.8,204.0,848.6
2017-01-28 11:00:00,0.5,26,11.5,345.0,849.2
2017-01-28 12:00:00,1.1,22,12.1,461.0,848.8
2017-01-28 13:00:00,1.7,19,9.5,504.0,847.9
2017-01-28 14:00:00,2.2,18,10.3,440.0,847.2
2017-01-28 15:00:00,2.1,18,12.5,331.0,846.9
2017-01-28 16:00:00,2.1,18,12.9,223.0,847.2
2017-01-28 17:00:00,1.2,20,12.4,133.0,847.9
2017-01-28 18:00:00,-0.3,24,5.6,60.0,848.8
2017-01-28 19:00:00,-1.9,32,6.6,3.0,849.6
2017-01-28 20:00:00,-2.1,34,7.6,0.0,850.2
2017-01-28 21:00:00,-2.1,37,4.2,0.0,850.8
2017-01-28 22:00:00,-2.7,41,4.8,0.0,850.9
2017-01-28 23:00:00,-2.4,42,4.5,0.0,851.2
2017-01-29 00:00:00,-2.6,45,2.4,0.0,852.3
2017-01-29 01:00:00,-2.8,47,4.1,0.0,852.0
2017-01-29 02:00:00,-4.7,54,7.1,0.0,851.0
2017-01-29 03:00:00,-6.0,57,9.2,0.0,850.3
2017-01-29 04:00:00,-4.2,49,5.7,0.0,851.3
2017-01-29 05:00:00,-6.4,57,6.5,0.0,850.2
2017-01-29 06:00:00,-6.8,57,6.0,0.0,850.3
2017-01-29 07:00:00,-7.6,56,5.7,0.0,850.6
2017-01-29 08:00:00,-7.8,52,5.2,0.0,851.2
2017-01-29 09:00:00,-6.7,45,5.5,42.0,852.5
2017-01-29 10:00:00,-5.4,44,4.7,212.0,853.5
2017-01-29 11:00:00,-3.9,44,4.7,392.0,853.4
2017-01-29 12:00:00,-2.3,40,2.6,534.0,853.1
2017-01-29 13:00:00,-1.0,36,3.0,618.0,852.4
2017-01-29 14:00:00,0.1,33,3.2,637.0,851.1
2017-01-29 15:00:00,1.1,31,4.2,589.0,850.2
2017-01-29 16:00:00,1.8,30,4.1,479.0,849.8
2017-01-29 17:00:00,1.7,30,5.4,318.0,849.9
2017-01-29 18:00:00,-1.4,38,7.6,134.0,848.7
2017-01-29 19:00:00,-3.4,40,7.9,8.0,849.3
2017-01-29 20:00:00,-4.4,43,11.9,0.0,849.0
2017-01-29 21:00:00,-4.9,45,9.2,0.0,849.2
2017-01-29 22:00:00,-5.1,41,6.8,0.0,849.7
2017-01-29 23:00:00,-5.8,38,6.5,0.0,849.5
2017-01-30 00:00:00,-5.6,35,5.0,0.0,849.6
2017-01-30 01:00:00,-6.6,37,6.3,0.0,848.8
2017-01-30 02:00:00,-5.9,34,3.8,0.0,848.8
2017-01-30 03:00:00,-5.4,33,3.3,0.0,848.7
2017-01-30 04:00:00,-6.4,36,3.6,0.0,848.0
2017-01-30 05:00:00,-7.0,38,6.6,0.0,847.9
2017-01-30 06:00:00,-6.0,37,2.2,0.0,847.9
2017-01-30 07:00:00,-6.0,38,3.3,0.0,848.0
2017-01-30 08:00:00,-8.2,46,4.2,0.0,848.5
2017-01-30 09:00:00,-7.4,53,4.8,40.0,848.8
2017-01-30 10:00:00,-5.2,55,6.6,212.0,850.3
2017-01-30 11:00:00,-3.4,52,8.0,393.0,850.2
2017-01-30 12:00:00,-1.6,47,8.3,535.0,849.8
2017-01-30 13:00:00,0.1,41,6.7,618.0,848.8
2017-01-30 14:00:00,1.5,36,7.2,637.0,847.6
2017-01-30 15:00:00,2.5,31,6.6,592.0,847.3
2017-01-30 16:00:00,2.9,29,5.0,430.0,847.0
2017-01-30 17:00:00,2.8,31,7.1,305.0,847.2
2017-01-30 18:00:00,-0.4,41,8.3,136.0,845.8
2017-01-30 19:00:00,-1.8,32,11.9,9.0,848.6
2017-01-30 20:00:00,-2.5,28,8.0,0.0,849.8
2017-01-30 21:00:00,-3.1,28,3.7,0.0,850.2
2017-01-30 22:00:00,-6.0,32,7.4,0.0,849.0
2017-01-30 23:00:00,-6.3,31,6.9,0.0,848.9
2017-01-31 00:00:00,-6.7,31,5.4,0.0,849.4
2017-01-31 01:00:00,-6.6,32,5.6,0.0,849.3
2017-01-31 02:00:00,-6.6,32,5.4,0.0,849.2
2017-01-31 03:00:00,-6.5,31,0.8,0.0,849.6
2017-01-31 04:00:00,-6.9,32,3.7,0.0,848.7
2017-01-31 05:00:00,-7.1,35,5.1,0.0,848.2
2017-01-31 06:00:00,-5.9,33,1.9,0.0,848.8
2017-01-31 07:00:00,-7.0,37,2.6,0.0,848.2
2017-01-31 08:00:00,-6.6,36,4.5,0.0,849.9
2017-01-31 09:00:00,-6.1,35,4.6,33.0,850.6
2017-01-31 10:00:00,-4.6,31,3.6,132.0,851.7
2017-01-31 11:00:00,-3.3,28,2.2,232.0,851.6
2017-01-31 12:00:00,-0.5,26,3.7,514.0,851.3
2017-01-31 13:00:00,1.4,24,4.5,610.0,850.3
2017-01-31 14:00:00,2.7,23,4.0,648.0,849.0
2017-01-31 15:00:00,3.6,23,6.2,602.0,848.0
2017-01-31 16:00:00,4.1,23,6.5,493.0,847.4
2017-01-31 17:00:00,4.3,24,3.6,331.0,847.6
2017-01-31 18:00:00,4.0,24,5.5,143.0,847.6
2017-01-31 19:00:00,0.0,32,8.7,10.0,846.6
2017-01-31 20:00:00,-2.0,40,10.7,0.0,846.4
2017-01-31 21:00:00,-3.5,47,9.7,0.0,847.0
2017-01-31 22:00:00,-3.6,46,9.2,0.0,848.1
2017-01-31 23:00:00,-4.3,45,9.8,0.0,849.0
2017-02-01 00:00:00,-4.3,42,7.8,0.0,850.2
2017-02-01 01:00:00,-5.2,44,7.9,0.0,850.1
2017-02-01 02:00:00,-4.6,42,6.1,0.0,850.8
2017-02-01 03:00:00,-4.7,42,5.5,0.0,851.2
2017-02-01 04:00:00,-5.9,46,7.1,0.0,850.3
2017-02-01 05:00:00,-5.0,43,4.8,0.0,850.8
2017-02-01 06:00:00,-6.1,47,5.2,0.0,850.1
2017-02-01 07:00:00,-6.2,48,5.1,0.0,850.4
2017-02-01 08:00:00,-6.5,50,5.2,0.0,851.8
2017-02-01 09:00:00,-5.2,45,2.6,40.0,853.1
2017-02-01 10:00:00,-3.4,44,2.9,170.0,853.9
2017-02-01 11:00:00,-1.2,41,4.3,375.0,853.9
2017-02-01 12:00:00,0.5,36,5.6,531.0,853.4
2017-02-01 13:00:00,1.7,35,7.1,619.0,852.0
2017-02-01 14:00:00,3.0,35,6.7,648.0,850.9
2017-02-01 15:00:00,4.0,37,4.6,586.0,849.6
2017-02-01 16:00:00,4.6,38,3.9,486.0,849.1
2017-02-01 17:00:00,4.8,39,1.8,330.0,848.6
2017-02-01 18:00:00,1.5,48,7.8,143.0,846.4
2017-02-01 19:00:00,-1.9,61,11.8,11.0,845.1
2017-02-01 20:00:00,-1.5,74,11.5,0.0,846.9
2017-02-01 21:00:00,-1.7,76,8.2,0.0,847.6
2017-02-01 22:00:00,-1.5,77,9.2,0.0,847.9
2017-02-01 23:00:00,-1.9,79,8.1,0.0,848.1
2017-02-02 00:00:00,-2.5,82,8.6,0.0,847.9
2017-02-02 01:00:00,-3.4,82,9.7,0.0,847.5
2017-02-02 02:00:00,-1.9,76,7.0,0.0,848.1
2017-02-02 03:00:00,-1.6,76,5.1,0.0,848.1
2017-02-02 04:00:00,-2.2,79,4.0,0.0,847.7
2017-02-02 05:00:00,-3.0,84,4.5,0.0,847.8
2017-02-02 06:00:00,-3.3,86,5.4,0.0,847.7
2017-02-02 07:00:00,-4.2,87,7.6,0.0,846.8
2017-02-02 08:00:00,-4.9,89,7.6,0.0,847.0
2017-02-02 09:00:00,-4.2,90,5.8,45.0,848.2
2017-02-02 10:00:00,-2.2,78,6.3,219.0,849.4
2017-02-02 11:00:00,0.1,65,7.1,393.0,849.5
2017-02-02 12:00:00,2.3,53,7.3,542.0,849.0
2017-02-02 13:00:00,4.0,46,5.9,626.0,847.4
2017-02-02 14:00:00,5.7,39,5.6,654.0,846.2
2017-02-02 15:00:00,7.0,34,5.2,608.0,845.2
2017-02-02 16:00:00,7.8,31,4.0,500.0,844.6
2017-02-02 17:00:00,7.8,30,2.8,339.0,844.4
2017-02-02 18:00:00,7.2,31,5.2,150.0,844.2
2017-02-02 19:00:00,4.2,39,8.7,12.0,843.4
2017-02-02 20:00:00,0.7,55,8.3,0.0,843.3
2017-02-02 21:00:00,-0.9,63,7.7,0.0,844.0
2017-02-02 22:00:00,0.8,57,1.4,0.0,845.8
2017-02-02 23:00:00,0.3,58,4.1,0.0,846.6
2017-02-03 00:00:00,-0.3,61,0.7,0.0,847.3
2017-02-03 01:00:00,-1.0,63,2.5,0.0,847.0
2017-02-03 02:00:00,-1.4,64,0.4,0.0,846.5
2017-02-03 03:00:00,-3.3,72,5.8,0.0,845.9
2017-02-03 04:00:00,-2.4,67,2.7,0.0,846.2
2017-02-03 05:00:00,-2.9,69,4.2,0.0,845.9
2017-02-03 06:00:00,-3.3,71,4.7,0.0,845.1
2017-02-03 07:00:00,-5.2,78,6.8,0.0,844.2
2017-02-03 08:00:00,-4.7,79,3.6,0.0,846.7
2017-02-03 09:00:00,-4.4,77,2.9,49.0,847.1
2017-02-03 10:00:00,-2.1,68,4.0,222.0,848.2
2017-02-03 11:00:00,0.1,58,7.7,384.0,848.1
2017-02-03 12:00:00,2.2,49,5.9,536.0,847.9
2017-02-03 13:00:00,4.3,42,6.6,593.0,846.6
2017-02-03 14:00:00,5.6,38,9.7,620.0,845.9
2017-02-03 15:00:00,6.6,36,9.8,607.0,845.3
2017-02-03 16:00:00,6.6,36,15.0,502.0,845.0
2017-02-03 17:00:00,5.7,37,17.4,341.0,845.7
2017-02-03 18:00:00,1.5,44,10.0,152.0,844.5
2017-02-03 19:00:00,2.8,39,7.3,13.0,846.5
2017-02-03 20:00:00,1.5,46,5.1,0.0,847.2
2017-02-03 21:00:00,1.0,47,5.4,0.0,847.6
2017-02-03 22:00:00,0.4,49,2.5,0.0,847.4
2017-02-03 23:00:00,-0.9,54,5.4,0.0,846.6
2017-02-04 00:00:00,-3.6,66,7.6,0.0,846.0
2017-02-04 01:00:00,-1.7,56,2.4,0.0,846.9
2017-02-04 02:00:00,-1.9,57,1.1,0.0,846.0
2017-02-04 03:00:00,-4.0,63,6.5,0.0,844.8
2017-02-04 04:00:00,-2.4,53,2.3,0.0,845.8
2017-02-04 05:00:00,-2.7,53,4.0,0.0,845.3
2017-02-04 06:00:00,-2.5,51,3.4,0.0,845.0
2017-02-04 07:00:00,-5.2,61,8.1,0.0,843.7
2017-02-04 08:00:00,-3.8,53,4.0,0.0,845.8
2017-02-04 09:00:00,-3.1,50,2.9,43.0,846.6
2017-02-04 10:00:00,-1.3,44,8.0,231.0,846.8
2017-02-04 11:00:00,0.7,40,8.9,415.0,846.1
2017-02-04 12:00:00,3.0,34,8.5,559.0,845.8
2017-02-04 13:00:00,5.2,29,5.9,635.0,844.4
2017-02-04 14:00:00,6.8,26,5.9,611.0,842.5
2017-02-04 15:00:00,8.3,23,6.8,558.0,841.7
2017-02-04 16:00:00,9.8,19,4.3,488.0,841.2
2017-02-04 17:00:00,10.1,19,0.5,346.0,841.0
2017-02-04 18:00:00,9.2,20,4.3,134.0,840.8
2017-02-04 19:00:00,2.5,33,10.6,14.0,838.6
2017-02-04 20:00:00,0.7,42,10.4,0.0,839.6
2017-02-04 21:00:00,3.6,35,5.4,0.0,842.8
2017-02-04 22:00:00,3.3,36,6.2,0.0,843.5
2017-02-04 23:00:00,2.5,37,2.1,0.0,843.9
2017-02-05 00:00:00,1.8,39,4.1,0.0,844.0
2017-02-05 01:00:00,0.7,41,3.1,0.0,843.8
2017-02-05 02:00:00,0.3,42,2.9,0.0,843.9
2017-02-05 03:00:00,-0.1,42,2.2,0.0,843.8
2017-02-05 04:00:00,-0.5,43,3.3,0.0,843.7
2017-02-05 05:00:00,-1.0,46,4.0,0.0,843.0
2017-02-05 06:00:00,-1.4,49,3.7,0.0,843.0
2017-02-05 07:00:00,-1.4,53,4.3,0.0,843.0
2017-02-05 08:00:00,-1.9,54,0.8,0.0,842.6
2017-02-05 09:00:00,-1.8,56,4.0,50.0,843.7
2017-02-05 10:00:00,0.2,67,6.9,222.0,844.2
2017-02-05 11:00:00,2.3,58,6.8,415.0,843.6
2017-02-05 12:00:00,4.4,47,5.1,543.0,843.2
2017-02-05 13:00:00,6.3,40,5.6,636.0,841.7
2017-02-05 14:00:00,8.0,36,4.7,632.0,840.4
2017-02-05 15:00:00,9.5,32,3.4,525.0,839.4
2017-02-05 16:00:00,9.3,33,2.7,285.0,838.7
2017-02-05 17:00:00,7.3,36,6.1,180.0,837.7
2017-02-05 18:00:00,3.2,46,10.5,161.0,835.8
2017-02-05 19:00:00,6.2,38,5.7,15.0,838.2
2017-02-05 20:00:00,4.8,42,4.4,0.0,838.8
2017-02-05 21:00:00,4.2,45,3.9,0.0,839.9
2017-02-05 22:00:00,0.5,62,9.4,0.0,839.2
2017-02-05 23:00:00,2.0,60,1.5,0.0,840.9
2017-02-06 00:00:00,1.6,60,6.3,0.0,840.5
2017-02-06 01:00:00,1.0,61,2.6,0.0,840.4
2017-02-06 02:00:00,0.7,61,3.3,0.0,840.6
2017-02-06 03:00:00,0.3,63,5.9,0.0,840.8
2017-02-06 04:00:00,0.0,65,4.9,0.0,840.9
2017-02-06 05:00:00,-1.3,70,4.0,0.0,840.7
2017-02-06 06:00:00,-1.7,73,5.6,0.0,840.9
2017-02-06 07:00:00,-2.3,73,4.0,0.0,840.9
2017-02-06 08:00:00,-3.0,80,6.4,0.0,841.6
2017-02-06 09:00:00,-1.8,82,5.0,19.0,843.5
2017-02-06 10:00:00,-0.9,81,5.6,102.0,845.0
2017-02-06 11:00:00,0.2,75,1.8,134.0,845.3
2017-02-06 12:00:00,1.4,67,4.3,161.0,845.0
2017-02-06 13:00:00,2.1,58,8.9,189.0,844.7
2017-02-06 14:00:00,1.8,47,15.0,197.0,844.3
2017-02-06 15:00:00,2.4,43,10.9,220.0,843.9
2017-02-06 16:00:00,2.2,43,10.4,118.0,843.7
2017-02-06 17:00:00,2.1,43,11.8,114.0,844.5
2017-02-06 18:00:00,1.3,41,12.7,56.0,845.1
2017-02-06 19:00:00,0.1,40,6.9,6.0,845.9
2017-02-06 20:00:00,-1.2,41,7.1,0.0,848.4
2017-02-06 21:00:00,-1.7,39,4.7,0.0,849.7
2017-02-06 22:00:00,-1.7,39,5.6,0.0,850.1
2017-02-06 23:00:00,-1.9,39,6.2,0.0,850.5
2017-02-07 00:00:00,-2.1,37,7.4,0.0,850.7
2017-02-07 01:00:00,-2.2,35,8.8,0.0,850.9
2017-02-07 02:00:00,-2.4,34,7.0,0.0,850.7
2017-02-07 03:00:00,-2.6,34,5.0,0.0,850.8
2017-02-07 04:00:00,-2.8,34,5.6,0.0,851.3
2017-02-07 05:00:00,-3.3,36,5.4,0.0,850.9
2017-02-07 06:00:00,-3.8,38,4.7,0.0,851.2
2017-02-07 07:00:00,-4.1,39,4.6,0.0,851.7
2017-02-07 08:00:00,-3.6,40,6.2,0.0,852.9
2017-02-07 09:00:00,-3.3,38,7.6,23.0,853.9
2017-02-07 10:00:00,-2.9,36,7.6,101.0,854.7
2017-02-07 11:00:00,-2.3,34,9.0,193.0,855.4
2017-02-07 12:00:00,-1.9,33,10.1,241.0,855.6
2017-02-07 13:00:00,-1.8,34,9.7,271.0,854.9
2017-02-07 14:00:00,-1.3,35,12.0,276.0,854.3
2017-02-07 15:00:00,-1.2,37,8.3,253.0,853.7
2017-02-07 16:00:00,-0.9,38,12.3,254.0,853.4
2017-02-07 17:00:00,-1.4,42,13.9,149.0,854.1
2017-02-07 18:00:00,-1.8,46,10.9,76.0,854.7
2017-02-07 19:00:00,-2.9,54,8.4,9.0,855.6
2017-02-07 20:00:00,-3.4,55,7.0,0.0,856.3
2017-02-07 21:00:00,-3.2,54,7.1,0.0,857.1
2017-02-07 22:00:00,-3.9,57,5.5,0.0,857.4
2017-02-07 23:00:00,-4.2,57,4.6,0.0,858.1
2017-02-08 00:00:00,-4.4,57,4.1,0.0,858.1
2017-02-08 01:00:00,-4.2,56,4.6,0.0,858.4
2017-02-08 02:00:00,-4.6,57,3.5,0.0,858.2
2017-02-08 03:00:00,-5.4,60,4.0,0.0,857.7
2017-02-08 04:00:00,-4.9,57,3.2,0.0,857.6
2017-02-08 05:00:00,-6.1,62,5.4,0.0,856.7
2017-02-08 06:00:00,-7.0,63,5.5,0.0,856.4
2017-02-08 07:00:00,-7.7,63,5.2,0.0,856.6
2017-02-08 08:00:00,-7.7,64,3.5,0.0,858.0
2017-02-08 09:00:00,-7.5,62,2.1,57.0,858.6
2017-02-08 10:00:00,-6.4,56,2.2,211.0,859.4
2017-02-08 11:00:00,-4.8,49,2.2,425.0,859.6
2017-02-08 12:00:00,-3.1,44,3.0,567.0,859.3
2017-02-08 13:00:00,-1.8,41,4.2,661.0,858.1
2017-02-08 14:00:00,-0.1,36,3.8,685.0,856.7
2017-02-08 15:00:00,1.1,33,4.0,583.0,855.4
2017-02-08 16:00:00,1.3,32,4.9,520.0,854.4
2017-02-08 17:00:00,1.4,32,5.1,357.0,853.8
2017-02-08 18:00:00,0.5,34,5.2,161.0,853.2
2017-02-08 19:00:00,-2.2,41,8.1,16.0,853.0
2017-02-08 20:00:00,-4.3,49,11.2,0.0,853.6
2017-02-08 21:00:00,-2.7,43,4.3,0.0,855.5
2017-02-08 22:00:00,-5.3,52,6.9,0.0,854.2
2017-02-08 23:00:00,-4.6,49,5.3,0.0,854.9
2017-02-09 00:00:00,-4.0,46,3.7,0.0,854.9
2017-02-09 01:00:00,-5.4,51,4.3,0.0,854.1
2017-02-09 02:00:00,-6.0,53,4.3,0.0,853.7
2017-02-09 03:00:00,-6.1,53,4.3,0.0,853.2
2017-02-09 04:00:00,-7.1,57,5.9,0.0,852.3
2017-02-09 05:00:00,-7.2,58,5.9,0.0,851.8
2017-02-09 06:00:00,-6.8,57,4.1,0.0,852.2
2017-02-09 07:00:00,-6.2,54,2.2,0.0,852.7
2017-02-09 08:00:00,-8.0,64,3.2,0.0,853.0
2017-02-09 09:00:00,-7.0,60,4.4,64.0,854.4
2017-02-09 10:00:00,-4.8,50,1.8,249.0,855.5
2017-02-09 11:00:00,-3.0,44,2.3,435.0,855.5
2017-02-09 12:00:00,-1.1,38,1.0,581.0,855.1
2017-02-09 13:00:00,0.5,34,0.5,670.0,854.0
2017-02-09 14:00:00,1.9,31,2.3,682.0,852.5
2017-02-09 15:00:00,2.9,29,4.1,601.0,851.5
2017-02-09 16:00:00,3.5,28,8.5,436.0,851.0
2017-02-09 17:00:00,3.3,29,11.7,312.0,850.7
2017-02-09 18:00:00,1.6,34,10.5,154.0,850.5
2017-02-09 19:00:00,-1.2,41,9.6,18.0,850.4
2017-02-09 20:00:00,-2.9,48,11.5,0.0,850.5
2017-02-09 21:00:00,-3.8,50,10.2,0.0,851.2
2017-02-09 22:00:00,-4.2,49,9.3,0.0,851.6
2017-02-09 23:00:00,-5.0,47,9.5,0.0,852.2
2017-02-10 00:00:00,-5.2,45,7.7,0.0,852.9
2017-02-10 01:00:00,-5.1,44,6.3,0.0,852.9
2017-02-10 02:00:00,-5.9,46,7.9,0.0,852.6
2017-02-10 03:00:00,-5.2,43,5.8,0.0,853.1
2017-02-10 04:00:00,-5.7,45,5.2,0.0,852.7
2017-02-10 05:00:00,-5.6,44,4.2,0.0,852.8
2017-02-10 06:00:00,-6.4,47,4.5,0.0,852.4
2017-02-10 07:00:00,-6.5,48,5.4,0.0,852.8
2017-02-10 08:00:00,-6.1,48,3.8,0.0,854.6
2017-02-10 09:00:00,-5.2,43,2.0,53.0,855.9
2017-02-10 10:00:00,-3.9,39,3.4,211.0,856.4
2017-02-10 11:00:00,-2.4,36,2.5,359.0,856.5
2017-02-10 12:00:00,-0.9,35,1.1,473.0,856.2
2017-02-10 13:00:00,0.6,33,1.1,582.0,855.2
2017-02-10 14:00:00,1.7,32,1.6,576.0,853.9
2017-02-10 15:00:00,2.5,30,2.6,518.0,853.2
2017-02-10 16:00:00,2.6,30,3.6,370.0,853.0
2017-02-10 17:00:00,2.5,30,6.1,244.0,853.0
2017-02-10 18:00:00,0.6,35,6.6,110.0,852.2
2017-02-10 19:00:00,-0.3,37,7.4,15.0,852.6
2017-02-10 20:00:00,-0.8,38,6.9,0.0,854.1
2017-02-10 21:00:00,-0.7,37,2.5,0.0,854.9
2017-02-10 22:00:00,-3.1,43,7.4,0.0,853.8
2017-02-10 23:00:00,-3.4,41,6.6,0.0,854.1
2017-02-11 00:00:00,-4.5,43,6.3,0.0,854.1
2017-02-11 01:00:00,-4.6,44,5.9,0.0,854.2
2017-02-11 02:00:00,-5.5,46,6.1,0.0,853.7
2017-02-11 03:00:00,-6.1,48,6.5,0.0,853.2
2017-02-11 04:00:00,-4.4,41,3.7,0.0,854.0
2017-02-11 05:00:00,-4.4,40,2.4,0.0,853.8
2017-02-11 06:00:00,-4.8,42,4.5,0.0,853.5
2017-02-11 07:00:00,-4.8,41,3.8,0.0,853.7
2017-02-11 08:00:00,-5.7,45,2.5,0.0,854.5
2017-02-11 09:00:00,-5.4,44,3.4,69.0,855.0
2017-02-11 10:00:00,-3.4,39,4.8,257.0,856.0
2017-02-11 11:00:00,-1.1,35,4.5,444.0,855.7
2017-02-11 12:00:00,1.3,33,5.0,590.0,855.2
2017-02-11 13:00:00,3.4,31,4.4,678.0,853.6
2017-02-11 14:00:00,5.3,29,4.4,702.0,852.2
2017-02-11 15:00:00,6.5,27,4.3,656.0,851.0
2017-02-11 16:00:00,7.2,26,5.0,546.0,850.4
2017-02-11 17:00:00,6.9,26,6.6,382.0,850.2
2017-02-11 18:00:00,2.9,34,9.0,186.0,848.2
2017-02-11 19:00:00,4.6,30,8.3,24.0,849.4
2017-02-11 20:00:00,3.7,32,5.2,0.0,849.3
2017-02-11 21:00:00,2.9,33,5.9,0.0,850.0
2017-02-11 22:00:00,2.4,33,6.2,0.0,850.4
2017-02-11 23:00:00,2.0,34,3.4,0.0,850.7
2017-02-12 00:00:00,1.3,37,4.7,0.0,850.9
2017-02-12 01:00:00,0.5,39,4.3,0.0,850.9
2017-02-12 02:00:00,-0.2,41,4.3,0.0,850.6
2017-02-12 03:00:00,-0.5,42,2.9,0.0,851.1
2017-02-12 04:00:00,-0.8,42,1.5,0.0,850.8
2017-02-12 05:00:00,-1.1,41,2.0,0.0,850.6
2017-02-12 06:00:00,-1.6,41,2.7,0.0,850.5
2017-02-12 07:00:00,-2.0,42,2.8,0.0,850.6
2017-02-12 08:00:00,-3.5,49,1.3,0.0,851.0
2017-02-12 09:00:00,-3.1,45,3.1,73.0,852.1
2017-02-12 10:00:00,-0.7,41,2.2,265.0,853.3
2017-02-12 11:00:00,1.6,36,4.0,455.0,853.4
2017-02-12 12:00:00,4.0,29,5.0,604.0,852.7
2017-02-12 13:00:00,6.2,24,6.1,695.0,851.4
2017-02-12 14:00:00,7.9,20,5.4,718.0,850.2
2017-02-12 15:00:00,9.1,18,5.2,671.0,849.1
2017-02-12 16:00:00,9.8,16,3.3,559.0,848.8
2017-02-12 17:00:00,9.6,15,2.1,392.0,848.5
2017-02-12 18:00:00,8.6,17,4.4,192.0,848.1
2017-02-12 19:00:00,6.9,21,1.9,26.0,847.7
2017-02-12 20:00:00,5.3,25,5.9,0.0,846.8
2017-02-12 21:00:00,2.2,38,7.6,0.0,847.2
2017-02-12 22:00:00,3.0,41,4.2,0.0,848.8
2017-02-12 23:00:00,2.4,43,4.3,0.0,849.7
2017-02-13 00:00:00,1.6,41,0.4,0.0,850.1
2017-02-13 01:00:00,0.8,46,2.2,0.0,850.4
2017-02-13 02:00:00,0.1,51,3.4,0.0,850.7
2017-02-13 03:00:00,-0.5,52,0.5,0.0,850.8
2017-02-13 04:00:00,-1.2,55,2.9,0.0,851.2
2017-02-13 05:00:00,-1.9,59,1.8,0.0,850.9
2017-02-13 06:00:00,-2.4,61,2.5,0.0,851.2
2017-02-13 07:00:00,-2.7,64,1.9,0.0,851.5
2017-02-13 08:00:00,-3.0,65,0.5,0.0,852.0
2017-02-13 09:00:00,-2.1,62,2.3,60.0,853.3
2017-02-13 10:00:00,0.1,53,1.6,220.0,855.0
2017-02-13 11:00:00,1.9,48,0.4,409.0,855.5
2017-02-13 12:00:00,3.3,46,2.8,512.0,855.4
2017-02-13 13:00:00,4.7,43,3.3,587.0,854.4
2017-02-13 14:00:00,5.3,42,3.6,509.0,853.9
2017-02-13 15:00:00,5.7,42,3.3,456.0,853.0
2017-02-13 16:00:00,6.1,41,4.3,432.0,852.6
2017-02-13 17:00:00,6.4,39,7.7,381.0,852.4
2017-02-13 18:00:00,5.7,41,1.3,163.0,852.5
2017-02-13 19:00:00,4.2,46,3.3,25.0,852.7
2017-02-13 20:00:00,2.3,54,10.0,0.0,852.0
2017-02-13 21:00:00,3.2,51,1.1,0.0,854.0
2017-02-13 22:00:00,2.8,53,4.8,0.0,854.5
2017-02-13 23:00:00,1.6,58,5.8,0.0,855.0
2017-02-14 00:00:00,1.2,60,5.9,0.0,855.5
2017-02-14 01:00:00,-2.4,77,9.7,0.0,853.8
2017-02-14 02:00:00,0.4,65,5.2,0.0,855.4
2017-02-14 03:00:00,-0.1,63,5.9,0.0,855.4
2017-02-14 04:00:00,-0.6,60,5.9,0.0,855.2
2017-02-14 05:00:00,-1.1,59,5.0,0.0,854.9
2017-02-14 06:00:00,-1.6,60,4.2,0.0,854.7
2017-02-14 07:00:00,-1.9,61,1.1,0.0,854.9
2017-02-14 08:00:00,-2.3,62,1.8,0.0,855.6
2017-02-14 09:00:00,-1.8,58,1.6,77.0,856.2
2017-02-14 10:00:00,0.6,49,3.3,268.0,857.6
2017-02-14 11:00:00,3.3,42,4.2,457.0,857.5
2017-02-14 12:00:00,5.7,38,4.3,604.0,856.8
2017-02-14 13:00:00,7.5,34,3.2,694.0,855.7
2017-02-14 14:00:00,8.8,29,3.1,716.0,854.2
2017-02-14 15:00:00,9.8,24,5.4,670.0,853.1
2017-02-14 16:00:00,10.3,23,6.5,554.0,852.3
2017-02-14 17:00:00,9.9,24,5.8,349.0,851.9
2017-02-14 18:00:00,8.8,26,5.4,147.0,850.9
2017-02-14 19:00:00,7.9,27,3.1,20.0,850.7
2017-02-14 20:00:00,6.7,31,7.7,0.0,850.1
2017-02-14 21:00:00,6.2,34,5.5,0.0,850.9
2017-02-14 22:00:00,5.4,38,5.4,0.0,851.1
2017-02-14 23:00:00,3.2,47,8.2,0.0,849.9
2017-02-15 00:00:00,4.3,44,4.8,0.0,850.6
2017-02-15 01:00:00,3.4,54,7.3,0.0,850.5
2017-02-15 02:00:00,0.6,68,4.3,0.0,849.3
2017-02-15 03:00:00,1.9,58,1.3,0.0,850.0
2017-02-15 04:00:00,1.4,59,2.2,0.0,849.2
2017-02-15 05:00:00,1.0,61,2.3,0.0,849.1
2017-02-15 06:00:00,0.6,62,1.8,0.0,848.7
2017-02-15 07:00:00,0.2,62,4.0,0.0,848.4
2017-02-15 08:00:00,-3.1,73,6.6,0.0,847.4
2017-02-15 09:00:00,-0.9,63,6.6,82.0,848.1
2017-02-15 10:00:00,3.0,48,6.8,280.0,848.8
2017-02-15 11:00:00,8.1,33,3.3,474.0,849.1
2017-02-15 12:00:00,13.0,12,13.8,624.0,849.2
2017-02-15 13:00:00,14.8,9,20.6,715.0,848.0
2017-02-15 14:00:00,15.9,7,20.0,739.0,846.7
2017-02-15 15:00:00,16.5,6,19.1,690.0,845.7
2017-02-15 16:00:00,16.6,7,16.3,576.0,844.9
2017-02-15 17:00:00,14.7,11,7.0,409.0,843.1
2017-02-15 18:00:00,12.3,13,10.7,208.0,841.8
2017-02-15 19:00:00,11.6,12,7.1,31.0,841.8
2017-02-15 20:00:00,6.9,18,5.4,0.0,839.4
2017-02-15 21:00:00,5.0,22,3.3,0.0,839.3
2017-02-15 22:00:00,3.3,24,8.5,0.0,839.5
2017-02-15 23:00:00,5.5,20,2.3,0.0,841.8
2017-02-16 00:00:00,-1.0,32,8.7,0.0,838.9
2017-02-16 01:00:00,1.0,26,9.7,0.0,840.3
2017-02-16 02:00:00,2.1,23,8.4,0.0,841.6
2017-02-16 03:00:00,1.7,22,9.6,0.0,842.1
2017-02-16 04:00:00,0.4,24,10.2,0.0,842.0
2017-02-16 05:00:00,0.0,28,10.7,0.0,842.4
2017-02-16 06:00:00,-0.8,33,11.5,0.0,843.1
2017-02-16 07:00:00,-1.3,34,12.1,0.0,842.9
2017-02-16 08:00:00,2.8,25,1.9,0.0,845.9
2017-02-16 09:00:00,1.9,29,2.6,81.0,846.9
2017-02-16 10:00:00,4.2,24,4.0,280.0,849.5
2017-02-16 11:00:00,6.2,25,5.8,468.0,849.9
2017-02-16 12:00:00,7.3,21,14.5,576.0,851.0
2017-02-16 13:00:00,7.8,20,13.4,584.0,850.9
2017-02-16 14:00:00,8.2,20,11.4,593.0,850.5
2017-02-16 15:00:00,9.0,19,11.0,643.0,850.0
2017-02-16 16:00:00,9.2,19,12.9,547.0,850.2
2017-02-16 17:00:00,8.7,20,14.3,318.0,850.3
2017-02-16 18:00:00,6.6,25,8.2,131.0,850.1
2017-02-16 19:00:00,2.3,33,11.1,30.0,848.8
2017-02-16 20:00:00,2.7,31,12.6,0.0,849.9
2017-02-16 21:00:00,0.5,37,12.2,0.0,850.4
2017-02-16 22:00:00,1.3,37,9.7,0.0,851.4
2017-02-16 23:00:00,1.8,36,7.3,0.0,852.5
2017-02-17 00:00:00,2.0,37,7.2,0.0,853.1
2017-02-17 01:00:00,2.1,38,2.3,0.0,853.4
2017-02-17 02:00:00,1.6,39,0.7,0.0,853.1
2017-02-17 03:00:00,1.1,41,4.5,0.0,852.5
2017-02-17 04:00:00,0.2,45,5.0,0.0,852.0
2017-02-17 05:00:00,-1.2,50,3.7,0.0,851.5
2017-02-17 06:00:00,-1.3,51,0.8,0.0,851.5
2017-02-17 07:00:00,-3.0,57,5.6,0.0,851.3
2017-02-17 08:00:00,-3.8,60,5.1,1.0,851.9
2017-02-17 09:00:00,-1.3,50,4.1,87.0,854.6
2017-02-17 10:00:00,1.3,41,3.3,280.0,856.2
2017-02-17 11:00:00,3.1,36,3.9,468.0,856.6
2017-02-17 12:00:00,4.6,32,2.8,613.0,856.2
2017-02-17 13:00:00,6.1,29,1.0,701.0,855.5
2017-02-17 14:00:00,7.3,27,3.6,723.0,854.5
2017-02-17 15:00:00,8.2,25,5.9,677.0,853.1
2017-02-17 16:00:00,8.8,24,5.9,567.0,852.6
2017-02-17 17:00:00,8.8,24,6.7,402.0,852.3
2017-02-17 18:00:00,7.3,32,4.2,205.0,851.4
2017-02-17 19:00:00,6.5,30,6.4,34.0,851.2
2017-02-17 20:00:00,6.1,32,2.9,0.0,850.8
2017-02-17 21:00:00,5.0,34,7.3,0.0,851.4
2017-02-17 22:00:00,2.3,43,7.7,0.0,850.3
2017-02-17 23:00:00,3.8,39,5.8,0.0,851.5
2017-02-18 00:00:00,3.5,39,3.1,0.0,852.1
2017-02-18 01:00:00,3.1,40,2.8,0.0,852.2
2017-02-18 02:00:00,2.6,41,3.6,0.0,852.0
2017-02-18 03:00:00,2.0,42,1.1,0.0,851.3
2017-02-18 04:00:00,1.3,45,5.2,0.0,851.0
2017-02-18 05:00:00,0.5,49,3.1,0.0,850.2
2017-02-18 06:00:00,-0.2,51,1.8,0.0,849.9
2017-02-18 07:00:00,-2.0,56,5.0,0.0,849.3
2017-02-18 08:00:00,-2.1,55,5.9,1.0,850.5
2017-02-18 09:00:00,-0.8,49,2.3,89.0,851.9
2017-02-18 10:00:00,1.7,40,4.0,278.0,853.3
2017-02-18 11:00:00,4.4,35,5.9,462.0,853.0
2017-02-18 12:00:00,6.6,31,1.1,613.0,852.6
2017-02-18 13:00:00,8.7,27,2.1,708.0,851.2
2017-02-18 14:00:00,10.6,25,3.8,732.0,849.9
2017-02-18 15:00:00,11.8,23,5.6,690.0,848.6
2017-02-18 16:00:00,12.6,22,7.4,579.0,847.7
2017-02-18 17:00:00,12.8,22,9.1,413.0,847.5
2017-02-18 18:00:00,8.7,33,9.5,213.0,844.7
2017-02-18 19:00:00,10.7,25,5.5,36.0,845.3
2017-02-18 20:00:00,7.8,33,1.5,0.0,843.1
2017-02-18 21:00:00,5.4,36,2.2,0.0,842.0
2017-02-18 22:00:00,5.4,38,4.5,0.0,842.0
2017-02-18 23:00:00,3.8,44,8.8,0.0,840.5
2017-02-19 00:00:00,3.2,46,8.7,0.0,840.2
2017-02-19 01:00:00,4.5,41,5.3,0.0,840.3
2017-02-19 02:00:00,4.2,42,5.4,0.0,839.4
2017-02-19 03:00:00,-0.5,57,8.5,0.0,836.0
2017-02-19 04:00:00,-0.6,57,7.4,0.0,835.2
2017-02-19 05:00:00,-2.4,64,8.8,0.0,832.8
2017-02-19 06:00:00,-2.3,62,9.0,0.0,832.3
2017-02-19 07:00:00,-2.9,64,10.3,0.0,831.1
2017-02-19 08:00:00,-1.1,51,7.6,1.0,833.0
2017-02-19 09:00:00,1.3,42,6.4,90.0,835.3
2017-02-19 10:00:00,5.7,27,5.8,247.0,836.8
2017-02-19 11:00:00,8.1,23,12.9,365.0,838.9
2017-02-19 12:00:00,11.0,18,5.2,627.0,839.8
2017-02-19 13:00:00,12.7,16,1.5,731.0,839.4
2017-02-19 14:00:00,15.0,13,6.0,742.0,839.3
2017-02-19 15:00:00,17.1,10,16.6,698.0,840.0
2017-02-19 16:00:00,15.4,14,17.9,586.0,840.0
2017-02-19 17:00:00,15.0,15,11.6,417.0,839.6
2017-02-19 18:00:00,11.8,22,8.4,191.0,838.8
2017-02-19 19:00:00,6.8,30,11.0,36.0,836.9
2017-02-19 20:00:00,5.5,37,15.7,0.0,836.7
2017-02-19 21:00:00,4.8,37,11.0,0.0,837.6
2017-02-19 22:00:00,3.2,46,11.5,0.0,838.3
2017-02-19 23:00:00,1.6,52,12.7,0.0,838.6
2017-02-20 00:00:00,1.0,54,11.0,0.0,838.5
2017-02-20 01:00:00,1.0,49,9.2,0.0,839.2
2017-02-20 02:00:00,0.9,47,8.4,0.0,840.0
2017-02-20 03:00:00,0.4,46,8.9,0.0,840.4
2017-02-20 04:00:00,-0.0,49,8.5,0.0,840.0
2017-02-20 05:00:00,0.4,47,9.6,0.0,840.3
2017-02-20 06:00:00,-0.8,48,8.2,0.0,840.2
2017-02-20 07:00:00,0.7,43,6.6,0.0,841.1
2017-02-20 08:00:00,0.6,46,2.3,1.0,840.2
2017-02-20 09:00:00,1.5,44,0.7,58.0,841.0
2017-02-20 10:00:00,3.4,45,1.8,142.0,841.3
2017-02-20 11:00:00,4.9,46,4.2,261.0,841.3
2017-02-20 12:00:00,5.8,49,7.6,274.0,840.9
2017-02-20 13:00:00,6.4,53,17.3,341.0,840.2
2017-02-20 14:00:00,7.3,50,22.1,419.0,839.3
2017-02-20 15:00:00,8.6,48,20.7,563.0,838.3
2017-02-20 16:00:00,7.5,53,28.3,371.0,837.7
2017-02-20 17:00:00,6.6,57,25.1,211.0,837.7
2017-02-20 18:00:00,5.9,60,15.2,91.0,838.1
2017-02-20 19:00:00,4.7,66,8.5,13.0,839.1
2017-02-20 20:00:00,2.6,80,19.9,0.0,841.2
2017-02-20 21:00:00,1.5,74,20.1,0.0,843.2
2017-02-20 22:00:00,1.1,65,12.7,0.0,844.8
2017-02-20 23:00:00,0.6,62,10.2,0.0,846.1
2017-02-21 00:00:00,-0.6,63,10.7,0.0,847.6
2017-02-21 01:00:00,-1.8,65,8.2,0.0,848.9
2017-02-21 02:00:00,-2.7,70,9.9,0.0,849.9
2017-02-21 03:00:00,-3.4,67,11.8,0.0,850.5
2017-02-21 04:00:00,-4.1,65,11.5,0.0,851.0
2017-02-21 05:00:00,-4.5,65,12.1,0.0,850.9
2017-02-21 06:00:00,-4.6,62,11.3,0.0,851.2
2017-02-21 07:00:00,-4.4,57,9.4,0.0,851.9
2017-02-21 08:00:00,-4.5,62,8.2,1.0,852.4
2017-02-21 09:00:00,-5.0,59,5.8,67.0,853.3
2017-02-21 10:00:00,-4.4,56,5.8,221.0,854.0
2017-02-21 11:00:00,-3.9,57,4.6,432.0,854.0
2017-02-21 12:00:00,-2.7,57,2.5,547.0,854.0
2017-02-21 13:00:00,-1.9,45,1.6,658.0,853.7
2017-02-21 14:00:00,-1.3,51,5.1,746.0,852.2
2017-02-21 15:00:00,-0.4,50,5.8,712.0,850.8
2017-02-21 16:00:00,2.6,28,10.5,599.0,850.7
2017-02-21 17:00:00,2.9,27,12.7,431.0,850.6
2017-02-21 18:00:00,2.0,28,13.4,227.0,850.6
2017-02-21 19:00:00,-0.6,35,10.3,42.0,850.2
2017-02-21 20:00:00,-4.2,48,11.3,0.0,849.7
2017-02-21 21:00:00,-3.2,42,7.2,0.0,850.8
2017-02-21 22:00:00,-3.6,43,8.1,0.0,851.2
2017-02-21 23:00:00,-2.6,38,4.2,0.0,852.4
2017-02-22 00:00:00,-3.5,41,4.7,0.0,852.4
2017-02-22 01:00:00,-3.4,40,3.7,0.0,852.6
2017-02-22 02:00:00,-3.2,39,3.6,0.0,852.8
2017-02-22 03:00:00,-3.3,41,4.1,0.0,852.4
2017-02-22 04:00:00,-3.4,43,3.3,0.0,852.3
2017-02-22 05:00:00,-3.3,45,5.9,0.0,852.3
2017-02-22 06:00:00,-3.6,47,4.8,0.0,852.5
2017-02-22 07:00:00,-3.7,48,5.7,0.0,852.6
2017-02-22 08:00:00,-4.5,57,2.6,2.0,853.5
2017-02-22 09:00:00,-3.5,53,2.5,85.0,854.9
2017-02-22 10:00:00,-3.5,59,5.0,267.0,854.4
2017-02-22 11:00:00,-1.9,54,4.5,500.0,854.6
2017-02-22 12:00:00,-1.3,69,3.8,639.0,853.8
2017-02-22 13:00:00,0.3,57,2.9,706.0,853.3
2017-02-22 14:00:00,1.0,50,5.4,703.0,852.3
2017-02-22 15:00:00,1.0,46,7.9,640.0,851.7
2017-02-22 16:00:00,0.7,46,7.1,472.0,851.2
2017-02-22 17:00:00,-0.1,46,6.5,319.0,851.2
2017-02-22 18:00:00,-1.9,52,8.0,149.0,850.9
2017-02-22 19:00:00,-2.6,51,9.5,27.0,851.0
2017-02-22 20:00:00,-1.8,61,9.2,0.0,852.9
2017-02-22 21:00:00,-0.5,43,6.3,0.0,854.6
2017-02-22 22:00:00,-1.2,48,5.8,0.0,854.4
2017-02-22 23:00:00,-2.3,52,5.6,0.0,853.9
2017-02-23 00:00:00,-3.6,57,2.3,0.0,853.4
2017-02-23 01:00:00,-4.6,59,0.5,0.0,853.2
2017-02-23 02:00:00,-5.2,60,1.0,0.0,852.9
2017-02-23 03:00:00,-5.1,59,0.8,0.0,852.9
2017-02-23 04:00:00,-5.4,60,1.5,0.0,852.8
2017-02-23 05:00:00,-5.7,60,2.0,0.0,852.4
2017-02-23 06:00:00,-5.9,63,2.9,0.0,852.3
2017-02-23 07:00:00,-6.3,64,0.5,0.0,852.1
2017-02-23 08:00:00,-7.3,74,3.3,2.0,852.7
2017-02-23 09:00:00,-6.0,67,3.0,104.0,854.2
2017-02-23 10:00:00,-4.2,58,2.7,294.0,855.4
2017-02-23 11:00:00,-2.4,50,2.5,466.0,855.4
2017-02-23 12:00:00,-0.8,45,0.8,632.0,854.9
2017-02-23 13:00:00,0.1,58,1.5,708.0,853.8
2017-02-23 14:00:00,0.9,58,2.2,745.0,852.3
2017-02-23 15:00:00,1.5,59,3.3,718.0,851.3
2017-02-23 16:00:00,1.6,59,4.8,607.0,850.4
2017-02-23 17:00:00,0.6,57,6.8,433.0,849.6
2017-02-23 18:00:00,-1.3,54,9.4,232.0,848.7
2017-02-23 19:00:00,-2.3,50,11.0,47.0,849.0
2017-02-23 20:00:00,-3.1,56,12.8,0.0,849.4
2017-02-23 21:00:00,-1.6,43,8.7,0.0,851.2
2017-02-23 22:00:00,-2.4,45,5.8,0.0,851.7
2017-02-23 23:00:00,-3.0,47,3.3,0.0,852.5
2017-02-24 00:00:00,-3.3,45,3.9,0.0,852.8
2017-02-24 01:00:00,-3.7,45,1.1,0.0,852.6
2017-02-24 02:00:00,-4.1,45,1.1,0.0,852.4
2017-02-24 03:00:00,-4.4,46,1.8,0.0,852.3
2017-02-24 04:00:00,-4.8,49,2.8,0.0,851.9
2017-02-24 05:00:00,-5.3,52,2.6,0.0,851.4
2017-02-24 06:00:00,-5.6,53,3.0,0.0,851.1
2017-02-24 07:00:00,-5.7,51,1.8,0.0,851.6
2017-02-24 08:00:00,-6.2,55,1.8,3.0,852.2
2017-02-24 09:00:00,-5.3,53,3.5,117.0,853.1
2017-02-24 10:00:00,-3.3,46,2.1,325.0,854.3
2017-02-24 11:00:00,-1.6,42,1.9,521.0,854.5
2017-02-24 12:00:00,-0.3,58,1.8,672.0,854.0
2017-02-24 13:00:00,0.9,54,3.1,762.0,853.3
2017-02-24 14:00:00,3.9,28,7.8,784.0,853.2
2017-02-24 15:00:00,5.0,25,9.0,734.0,852.5
2017-02-24 16:00:00,5.5,25,11.3,612.0,852.3
2017-02-24 17:00:00,5.1,28,13.9,426.0,852.3
2017-02-24 18:00:00,4.0,31,12.5,216.0,852.3
2017-02-24 19:00:00,0.5,41,9.3,39.0,851.7
2017-02-24 20:00:00,0.5,41,9.4,0.0,852.0
2017-02-24 21:00:00,-0.3,44,6.9,0.0,852.6
2017-02-24 22:00:00,-1.5,46,7.2,0.0,852.1
2017-02-24 23:00:00,-0.3,40,2.4,0.0,853.9
2017-02-25 00:00:00,-1.3,43,3.0,0.0,854.0
2017-02-25 01:00:00,-2.0,45,3.1,0.0,853.6
2017-02-25 02:00:00,-3.1,49,4.0,0.0,853.4
2017-02-25 03:00:00,-3.1,48,2.7,0.0,853.5
2017-02-25 04:00:00,-3.9,51,2.1,0.0,852.9
2017-02-25 05:00:00,-4.4,54,2.1,0.0,852.4
2017-02-25 06:00:00,-5.9,61,4.9,0.0,851.5
2017-02-25 07:00:00,-5.2,58,2.2,0.0,852.2
2017-02-25 08:00:00,-5.6,56,3.6,3.0,852.7
2017-02-25 09:00:00,-4.2,50,3.6,121.0,853.9
2017-02-25 10:00:00,-2.5,44,1.6,330.0,854.7
2017-02-25 11:00:00,-0.5,33,1.3,527.0,854.5
2017-02-25 12:00:00,1.5,27,3.7,681.0,853.9
2017-02-25 13:00:00,3.3,23,6.3,772.0,852.5
2017-02-25 14:00:00,4.5,21,8.4,794.0,851.1
2017-02-25 15:00:00,5.1,21,9.4,745.0,849.9
2017-02-25 16:00:00,5.4,22,9.3,627.0,849.2
2017-02-25 17:00:00,5.4,23,9.8,453.0,848.8
2017-02-25 18:00:00,4.3,25,11.2,244.0,848.9
2017-02-25 19:00:00,0.4,33,7.8,52.0,847.9
2017-02-25 20:00:00,-2.0,40,12.2,0.0,846.6
2017-02-25 21:00:00,0.4,33,1.5,0.0,850.2
2017-02-25 22:00:00,-0.4,34,3.1,0.0,850.9
2017-02-25 23:00:00,-2.4,42,5.2,0.0,850.9
2017-02-26 00:00:00,-2.3,44,4.9,0.0,851.4
2017-02-26 01:00:00,-2.3,43,3.3,0.0,851.1
2017-02-26 02:00:00,-2.6,43,2.3,0.0,851.1
2017-02-26 03:00:00,-3.0,44,3.7,0.0,851.2
2017-02-26 04:00:00,-3.4,43,3.3,0.0,851.0
2017-02-26 05:00:00,-5.3,47,4.8,0.0,850.0
2017-02-26 06:00:00,-4.0,42,1.8,0.0,850.9
2017-02-26 07:00:00,-4.3,43,2.4,0.0,851.5
2017-02-26 08:00:00,-5.0,48,0.5,4.0,851.8
2017-02-26 09:00:00,-3.5,44,3.6,126.0,853.7
2017-02-26 10:00:00,-1.6,38,2.5,337.0,854.8
2017-02-26 11:00:00,0.4,33,1.5,535.0,854.7
2017-02-26 12:00:00,2.3,31,1.6,687.0,854.5
2017-02-26 13:00:00,3.9,30,2.5,779.0,853.4
2017-02-26 14:00:00,5.3,30,4.8,800.0,852.2
2017-02-26 15:00:00,6.4,28,7.4,749.0,851.2
2017-02-26 16:00:00,7.1,26,10.5,631.0,850.8
2017-02-26 17:00:00,6.9,28,12.0,457.0,850.3
2017-02-26 18:00:00,6.0,31,11.9,248.0,849.9
2017-02-26 19:00:00,2.1,41,9.2,54.0,848.2
2017-02-26 20:00:00,-0.4,48,13.6,0.0,846.5
2017-02-26 21:00:00,-1.8,55,11.4,0.0,847.7
2017-02-26 22:00:00,-1.5,52,9.7,0.0,848.8
2017-02-26 23:00:00,-0.1,43,5.4,0.0,850.6
2017-02-27 00:00:00,-0.4,42,1.9,0.0,851.2
2017-02-27 01:00:00,-0.8,42,2.9,0.0,851.2
2017-02-27 02:00:00,-1.6,43,1.9,0.0,850.6
2017-02-27 03:00:00,-2.2,43,1.9,0.0,850.6
2017-02-27 04:00:00,-2.7,44,3.6,0.0,850.6
2017-02-27 05:00:00,-3.2,46,4.7,0.0,850.3
2017-02-27 06:00:00,-3.5,48,3.2,0.0,850.0
2017-02-27 07:00:00,-3.7,49,1.1,0.0,850.2
2017-02-27 08:00:00,-3.8,47,1.1,5.0,850.8
2017-02-27 09:00:00,-2.5,44,2.1,130.0,851.9
2017-02-27 10:00:00,-0.4,39,1.8,340.0,852.7
2017-02-27 11:00:00,1.4,36,1.0,535.0,852.3
2017-02-27 12:00:00,3.2,31,0.0,685.0,852.0
2017-02-27 13:00:00,4.9,27,1.6,774.0,851.0
2017-02-27 14:00:00,6.3,27,3.5,794.0,850.0
2017-02-27 15:00:00,7.4,28,5.2,740.0,849.2
2017-02-27 16:00:00,8.3,27,7.6,625.0,848.7
2017-02-27 17:00:00,8.3,26,11.4,453.0,848.2
2017-02-27 18:00:00,7.4,29,11.9,245.0,847.5
2017-02-27 19:00:00,3.4,42,8.1,54.0,846.1
2017-02-27 20:00:00,1.9,51,13.3,0.0,845.1
2017-02-27 21:00:00,3.4,49,7.6,0.0,847.1
2017-02-27 22:00:00,4.4,46,2.9,0.0,848.8
2017-02-27 23:00:00,2.1,53,3.9,0.0,848.5
2017-02-28 00:00:00,3.0,50,2.2,0.0,849.0
2017-02-28 01:00:00,1.4,57,5.8,0.0,848.6
2017-02-28 02:00:00,-0.2,64,7.9,0.0,847.8
2017-02-28 03:00:00,-0.4,62,6.2,0.0,848.3
2017-02-28 04:00:00,-1.4,60,6.6,0.0,848.2
2017-02-28 05:00:00,-1.5,57,4.3,0.0,848.2
2017-02-28 06:00:00,-1.7,56,5.4,0.0,848.7
2017-02-28 07:00:00,-0.1,54,4.1,0.0,850.2
2017-02-28 08:00:00,-1.0,67,6.6,3.0,850.1
2017-02-28 09:00:00,0.5,66,4.2,128.0,851.6
2017-02-28 10:00:00,2.5,51,3.3,285.0,853.1
2017-02-28 11:00:00,3.8,43,3.2,458.0,853.5
2017-02-28 12:00:00,5.0,38,3.5,616.0,853.8
2017-02-28 13:00:00,6.1,34,3.0,730.0,853.3
2017-02-28 14:00:00,7.1,28,4.9,731.0,852.5
2017-02-28 15:00:00,8.3,22,7.1,667.0,851.9
2017-02-28 16:00:00,7.2,27,20.3,399.0,852.2
2017-02-28 17:00:00,6.3,30,12.2,243.0,852.9
2017-02-28 18:00:00,6.1,30,6.0,94.0,852.9
2017-02-28 19:00:00,4.3,32,5.6,25.0,852.9
2017-02-28 20:00:00,2.4,51,9.7,0.0,853.0
2017-02-28 21:00:00,4.1,28,7.6,0.0,855.6
2017-02-28 22:00:00,2.7,31,7.9,0.0,855.9
2017-02-28 23:00:00,1.9,32,7.9,0.0,856.5
2017-03-01 00:00:00,2.0,28,7.0,0.0,857.4
2017-03-01 01:00:00,1.1,26,8.3,0.0,857.5
2017-03-01 02:00:00,1.7,22,4.6,0.0,858.6
2017-03-01 03:00:00,-2.4,34,6.2,0.0,857.3
2017-03-01 04:00:00,-2.9,35,5.8,0.0,857.4
2017-03-01 05:00:00,-3.9,38,4.6,0.0,857.0
2017-03-01 06:00:00,-3.4,34,2.8,0.0,857.6
2017-03-01 07:00:00,-3.7,34,2.7,0.0,857.5
2017-03-01 08:00:00,-2.6,32,4.6,7.0,858.5
2017-03-01 09:00:00,-0.9,32,2.0,139.0,860.0
2017-03-01 10:00:00,1.0,27,3.0,352.0,860.9
2017-03-01 11:00:00,2.4,25,5.4,549.0,860.6
2017-03-01 12:00:00,4.0,24,6.9,701.0,859.8
2017-03-01 13:00:00,5.4,24,7.2,790.0,858.3
2017-03-01 14:00:00,6.6,23,7.8,811.0,856.8
2017-03-01 15:00:00,7.2,22,9.0,760.0,855.3
2017-03-01 16:00:00,7.4,21,10.2,643.0,854.1
2017-03-01 17:00:00,7.1,22,14.4,470.0,853.2
2017-03-01 18:00:00,5.9,27,16.6,260.0,852.5
2017-03-01 19:00:00,2.9,35,13.8,61.0,851.7
2017-03-01 20:00:00,1.2,39,13.9,0.0,850.7
2017-03-01 21:00:00,-0.3,41,9.6,0.0,850.5
2017-03-01 22:00:00,-2.0,45,7.4,0.0,849.9
2017-03-01 23:00:00,-3.6,50,9.8,0.0,849.1
2017-03-02 00:00:00,-0.7,37,5.8,0.0,850.7
2017-03-02 01:00:00,-0.6,36,3.8,0.0,850.2
2017-03-02 02:00:00,-0.8,37,1.1,0.0,849.6
2017-03-02 03:00:00,-3.0,48,4.0,0.0,848.3
2017-03-02 04:00:00,-2.0,46,1.9,0.0,848.1
2017-03-02 05:00:00,-2.3,45,4.3,0.0,847.4
2017-03-02 06:00:00,-2.3,43,3.0,0.0,847.0
2017-03-02 07:00:00,-2.4,43,2.8,0.0,847.0
2017-03-02 08:00:00,-3.0,49,5.4,7.0,846.8
2017-03-02 09:00:00,-1.1,43,5.2,125.0,848.2
2017-03-02 10:00:00,0.9,37,5.9,319.0,848.4
2017-03-02 11:00:00,2.9,34,4.2,517.0,847.9
2017-03-02 12:00:00,4.7,32,5.7,651.0,847.4
2017-03-02 13:00:00,6.3,30,6.6,758.0,846.4
2017-03-02 14:00:00,7.8,27,5.8,796.0,845.6
2017-03-02 15:00:00,9.1,24,8.6,747.0,844.8
2017-03-02 16:00:00,9.2,20,14.5,617.0,844.3
2017-03-02 17:00:00,8.7,19,14.7,433.0,844.5
2017-03-02 18:00:00,7.7,21,11.6,230.0,844.5
2017-03-02 19:00:00,4.3,29,8.4,53.0,843.7
2017-03-02 20:00:00,2.1,38,11.1,0.0,842.1
2017-03-02 21:00:00,1.5,42,7.9,0.0,842.7
2017-03-02 22:00:00,3.0,36,5.8,0.0,844.1
2017-03-02 23:00:00,2.7,35,5.6,0.0,844.9
2017-03-03 00:00:00,2.1,36,2.9,0.0,845.4
2017-03-03 01:00:00,1.4,38,2.3,0.0,845.6
2017-03-03 02:00:00,0.6,39,3.8,0.0,845.3
2017-03-03 03:00:00,-0.1,41,3.2,0.0,845.3
2017-03-03 04:00:00,-0.7,42,1.5,0.0,844.8
2017-03-03 05:00:00,-1.3,41,2.6,0.0,845.0
2017-03-03 06:00:00,-1.8,40,2.4,0.0,845.0
2017-03-03 07:00:00,-2.0,39,2.6,0.0,845.2
2017-03-03 08:00:00,-2.7,41,4.1,9.0,845.0
2017-03-03 09:00:00,-0.7,38,2.9,145.0,846.8
2017-03-03 10:00:00,1.7,29,1.8,356.0,847.5
2017-03-03 11:00:00,3.6,23,1.3,551.0,847.0
2017-03-03 12:00:00,5.5,23,0.8,701.0,846.3
2017-03-03 13:00:00,7.4,23,3.4,789.0,844.9
2017-03-03 14:00:00,8.9,21,4.7,808.0,844.0
2017-03-03 15:00:00,10.0,17,6.2,757.0,843.2
2017-03-03 16:00:00,10.7,15,10.2,640.0,842.5
2017-03-03 17:00:00,10.4,17,14.9,467.0,842.4
2017-03-03 18:00:00,9.0,19,16.1,261.0,842.1
2017-03-03 19:00:00,5.4,25,9.0,64.0,841.2
2017-03-03 20:00:00,4.4,28,10.4,0.0,840.8
2017-03-03 21:00:00,5.2,26,3.8,0.0,842.6
2017-03-03 22:00:00,4.9,28,2.9,0.0,843.3
2017-03-03 23:00:00,4.6,29,3.8,0.0,843.5
2017-03-04 00:00:00,4.2,31,1.8,0.0,843.5
2017-03-04 01:00:00,3.6,32,2.9,0.0,843.4
2017-03-04 02:00:00,1.4,38,5.7,0.0,842.5
2017-03-04 03:00:00,1.4,36,4.8,0.0,843.1
2017-03-04 04:00:00,1.1,41,5.1,0.0,843.1
2017-03-04 05:00:00,1.3,41,4.8,0.0,843.1
2017-03-04 06:00:00,1.1,43,5.2,0.0,843.9
2017-03-04 07:00:00,0.6,47,3.8,0.0,844.5
2017-03-04 08:00:00,0.4,49,3.4,6.0,845.2
2017-03-04 09:00:00,1.3,43,6.3,58.0,846.2
2017-03-04 10:00:00,2.2,40,5.8,167.0,846.8
2017-03-04 11:00:00,2.7,36,6.3,181.0,846.9
2017-03-04 12:00:00,2.8,38,4.3,192.0,846.9
2017-03-04 13:00:00,4.7,37,1.1,587.0,847.0
2017-03-04 14:00:00,5.1,38,1.1,459.0,846.3
2017-03-04 15:00:00,5.8,39,1.1,442.0,845.5
2017-03-04 16:00:00,6.5,40,3.3,297.0,844.9
2017-03-04 17:00:00,6.3,45,9.7,129.0,845.0
2017-03-04 18:00:00,5.7,52,10.4,78.0,845.3
2017-03-04 19:00:00,5.1,55,6.3,27.0,845.9
2017-03-04 20:00:00,4.1,57,3.9,0.0,846.9
2017-03-04 21:00:00,3.8,61,4.8,0.0,847.7
2017-03-04 22:00:00,3.4,66,4.8,0.0,848.3
2017-03-04 23:00:00,3.1,67,4.3,0.0,848.9
2017-03-05 00:00:00,2.6,68,6.5,0.0,849.1
2017-03-05 01:00:00,3.0,64,3.1,0.0,849.2
2017-03-05 02:00:00,0.1,75,6.3,0.0,848.0
2017-03-05 03:00:00,1.3,57,4.4,0.0,849.3
2017-03-05 04:00:00,0.3,62,3.3,0.0,849.0
2017-03-05 05:00:00,0.0,66,4.3,0.0,848.9
2017-03-05 06:00:00,0.1,65,5.1,0.0,849.5
2017-03-05 07:00:00,0.1,65,3.5,0.0,849.9
2017-03-05 08:00:00,-0.5,73,4.0,7.0,850.6
2017-03-05 09:00:00,1.6,56,3.6,107.0,852.7
2017-03-05 10:00:00,3.6,37,3.6,280.0,853.8
2017-03-05 11:00:00,4.9,27,3.3,378.0,854.0
2017-03-05 12:00:00,5.9,23,7.0,509.0,854.3
2017-03-05 13:00:00,6.8,22,12.0,558.0,853.8
2017-03-05 14:00:00,7.3,21,11.7,601.0,852.8
2017-03-05 15:00:00,7.4,21,11.8,480.0,851.8
2017-03-05 16:00:00,7.2,23,12.6,364.0,851.4
2017-03-05 17:00:00,6.7,24,13.0,264.0,851.2
2017-03-05 18:00:00,6.0,28,16.7,161.0,851.2
2017-03-05 19:00:00,4.4,35,13.6,50.0,851.5
2017-03-05 20:00:00,2.6,41,7.4,0.0,850.8
2017-03-05 21:00:00,2.2,45,6.1,0.0,851.1
2017-03-05 22:00:00,0.6,53,7.4,0.0,850.7
2017-03-05 23:00:00,-1.6,62,9.0,0.0,849.9
2017-03-06 00:00:00,-2.2,62,6.9,0.0,849.8
2017-03-06 01:00:00,-1.4,56,4.1,0.0,850.5
2017-03-06 02:00:00,-1.5,55,2.2,0.0,850.8
2017-03-06 03:00:00,-1.4,55,1.8,0.0,850.7
2017-03-06 04:00:00,-1.3,53,2.0,0.0,850.1
2017-03-06 05:00:00,-1.3,52,1.1,0.0,850.2
2017-03-06 06:00:00,-1.4,54,2.1,0.0,850.1
2017-03-06 07:00:00,-2.4,58,2.5,0.0,849.6
2017-03-06 08:00:00,-2.4,62,3.6,12.0,850.0
2017-03-06 09:00:00,-0.5,53,2.2,141.0,851.7
2017-03-06 10:00:00,1.1,47,2.8,313.0,851.6
2017-03-06 11:00:00,2.9,43,3.2,506.0,851.4
2017-03-06 12:00:00,4.6,38,1.8,662.0,850.8
2017-03-06 13:00:00,5.7,34,3.6,746.0,849.9
2017-03-06 14:00:00,6.9,32,2.8,717.0,848.5
2017-03-06 15:00:00,7.5,30,1.6,642.0,847.5
2017-03-06 16:00:00,8.2,28,4.2,516.0,846.9
2017-03-06 17:00:00,7.8,28,10.8,335.0,847.0
2017-03-06 18:00:00,6.8,35,16.4,162.0,847.2
2017-03-06 19:00:00,5.7,36,5.5,41.0,847.0
2017-03-06 20:00:00,4.9,42,9.8,0.0,847.3
2017-03-06 21:00:00,3.3,52,6.5,0.0,847.6
2017-03-06 22:00:00,3.0,56,6.2,0.0,848.5
2017-03-06 23:00:00,0.9,64,8.0,0.0,848.4
2017-03-07 00:00:00,1.3,45,7.0,0.0,849.7
2017-03-07 01:00:00,-0.3,41,8.4,0.0,849.6
2017-03-07 02:00:00,1.2,30,5.0,0.0,851.4
2017-03-07 03:00:00,0.6,29,2.6,0.0,851.2
2017-03-07 04:00:00,-0.8,35,4.4,0.0,850.7
2017-03-07 05:00:00,-2.4,45,6.6,0.0,849.9
2017-03-07 06:00:00,-2.1,45,5.7,0.0,850.0
2017-03-07 07:00:00,-2.1,45,4.7,0.0,850.2
2017-03-07 08:00:00,-2.0,53,4.1,9.0,850.5
2017-03-07 09:00:00,-0.1,33,4.4,118.0,852.2
2017-03-07 10:00:00,0.9,30,3.1,188.0,852.7
2017-03-07 11:00:00,1.6,28,1.8,228.0,852.4
2017-03-07 12:00:00,3.3,31,2.3,471.0,852.4
2017-03-07 13:00:00,4.6,32,2.7,620.0,852.0
2017-03-07 14:00:00,5.3,33,3.5,576.0,850.9
2017-03-07 15:00:00,6.1,31,2.9,598.0,850.1
2017-03-07 16:00:00,6.4,31,1.3,417.0,849.6
2017-03-07 17:00:00,6.7,31,1.8,277.0,849.4
2017-03-07 18:00:00,6.7,31,4.7,201.0,849.5
2017-03-07 19:00:00,5.1,34,6.5,44.0,849.4
2017-03-07 20:00:00,3.0,38,9.5,0.0,848.8
2017-03-07 21:00:00,2.2,42,7.6,0.0,849.5
2017-03-07 22:00:00,0.9,49,8.2,0.0,849.3
2017-03-07 23:00:00,1.0,48,2.7,0.0,850.1
2017-03-08 00:00:00,0.0,51,4.4,0.0,850.2
2017-03-08 01:00:00,-0.6,51,3.9,0.0,850.3
2017-03-08 02:00:00,-0.8,51,1.4,0.0,850.0
2017-03-08 03:00:00,-2.5,54,4.8,0.0,849.1
2017-03-08 04:00:00,-0.9,45,1.5,0.0,849.6
2017-03-08 05:00:00,-0.7,46,1.6,0.0,849.0
2017-03-08 06:00:00,-2.7,51,5.2,0.0,847.5
2017-03-08 07:00:00,-2.9,49,4.7,0.0,847.6
2017-03-08 08:00:00,-2.2,47,2.3,12.0,848.2
2017-03-08 09:00:00,-0.3,35,3.1,163.0,849.6
2017-03-08 10:00:00,1.5,32,5.1,378.0,849.9
2017-03-08 11:00:00,3.1,33,2.2,556.0,849.7
2017-03-08 12:00:00,4.9,32,2.3,717.0,849.3
2017-03-08 13:00:00,6.5,30,1.8,810.0,848.3
2017-03-08 14:00:00,7.8,30,3.9,827.0,846.7
2017-03-08 15:00:00,8.7,29,4.3,774.0,845.5
2017-03-08 16:00:00,9.1,28,4.9,656.0,844.6
2017-03-08 17:00:00,9.2,29,5.9,484.0,844.3
2017-03-08 18:00:00,8.7,30,7.6,276.0,844.2
2017-03-08 19:00:00,4.5,43,9.4,75.0,842.5
2017-03-08 20:00:00,4.4,42,11.8,0.0,841.5
2017-03-08 21:00:00,5.1,41,6.8,0.0,842.6
2017-03-08 22:00:00,2.1,50,8.4,0.0,842.0
2017-03-08 23:00:00,3.2,46,3.7,0.0,843.4
2017-03-09 00:00:00,-0.7,57,9.4,0.0,842.0
2017-03-09 01:00:00,1.8,44,3.3,0.0,843.8
2017-03-09 02:00:00,1.2,45,2.5,0.0,843.9
2017-03-09 03:00:00,0.6,47,4.0,0.0,843.9
2017-03-09 04:00:00,-0.1,49,3.1,0.0,843.2
2017-03-09 05:00:00,-0.5,49,2.1,0.0,842.7
2017-03-09 06:00:00,-1.2,52,2.5,0.0,842.7
2017-03-09 07:00:00,-1.5,53,1.8,0.0,842.7
2017-03-09 08:00:00,-1.6,65,2.4,12.0,842.5
2017-03-09 09:00:00,0.1,47,2.8,110.0,844.5
2017-03-09 10:00:00,1.6,45,3.7,212.0,845.3
2017-03-09 11:00:00,2.8,47,2.9,301.0,844.8
2017-03-09 12:00:00,3.9,51,6.2,346.0,844.2
2017-03-09 13:00:00,5.2,52,2.9,487.0,844.1
2017-03-09 14:00:00,4.4,56,2.2,297.0,842.7
2017-03-09 15:00:00,6.7,50,1.6,620.0,842.4
2017-03-09 16:00:00,7.0,49,5.1,436.0,841.4
2017-03-09 17:00:00,6.8,49,7.4,251.0,841.3
2017-03-09 18:00:00,6.5,50,9.2,125.0,841.2
2017-03-09 19:00:00,5.7,55,5.6,31.0,841.0
2017-03-09 20:00:00,5.6,61,6.0,0.0,840.7
2017-03-09 21:00:00,5.0,65,6.0,0.0,841.2
2017-03-09 22:00:00,3.3,71,7.6,0.0,841.1
2017-03-09 23:00:00,2.9,73,7.2,0.0,841.7
2017-03-10 00:00:00,3.6,70,4.6,0.0,842.1
2017-03-10 01:00:00,3.2,74,4.1,0.0,842.1
2017-03-10 02:00:00,2.9,74,2.4,0.0,841.9
2017-03-10 03:00:00,2.4,75,2.1,0.0,841.9
2017-03-10 04:00:00,2.3,74,0.8,0.0,842.1
2017-03-10 05:00:00,2.1,73,1.3,0.0,842.0
2017-03-10 06:00:00,1.8,75,0.8,0.0,842.1
2017-03-10 07:00:00,0.7,85,2.5,0.0,842.1
2017-03-10 08:00:00,0.7,85,3.1,10.0,842.6
2017-03-10 09:00:00,2.6,67,3.2,96.0,844.3
2017-03-10 10:00:00,4.0,60,0.5,228.0,845.3
2017-03-10 11:00:00,4.8,62,2.9,251.0,845.5
2017-03-10 12:00:00,5.7,62,8.4,344.0,845.4
2017-03-10 13:00:00,5.7,65,12.6,270.0,845.1
2017-03-10 14:00:00,7.3,54,12.1,447.0,844.4
2017-03-10 15:00:00,8.3,46,11.2,451.0,843.7
2017-03-10 16:00:00,8.8,41,13.5,401.0,843.5
2017-03-10 17:00:00,8.1,43,16.6,216.0,843.7
2017-03-10 18:00:00,6.3,47,19.1,97.0,844.2
2017-03-10 19:00:00,4.9,52,12.0,34.0,845.2
2017-03-10 20:00:00,5.2,50,6.1,0.0,844.8
2017-03-10 21:00:00,4.8,52,7.2,0.0,845.9
2017-03-10 22:00:00,4.3,54,8.0,0.0,846.8
2017-03-10 23:00:00,3.6,57,3.7,0.0,847.0
2017-03-11 00:00:00,2.7,61,4.3,0.0,847.3
2017-03-11 01:00:00,2.6,63,2.6,0.0,848.0
2017-03-11 02:00:00,2.1,69,4.0,0.0,848.3
2017-03-11 03:00:00,1.7,71,4.2,0.0,848.5
2017-03-11 04:00:00,1.5,71,4.0,0.0,847.7
2017-03-11 05:00:00,0.6,72,4.0,0.0,847.3
2017-03-11 06:00:00,1.2,66,2.3,0.0,847.8
2017-03-11 07:00:00,0.6,72,2.5,0.0,847.7
2017-03-11 08:00:00,0.4,66,2.8,10.0,848.9
2017-03-11 09:00:00,0.8,64,5.1,55.0,850.2
2017-03-11 10:00:00,1.1,58,1.9,98.0,850.4
2017-03-11 11:00:00,1.8,55,5.6,185.0,850.3
2017-03-11 12:00:00,3.2,53,7.0,310.0,850.5
2017-03-11 13:00:00,4.1,52,8.5,345.0,850.0
2017-03-11 14:00:00,4.6,52,8.7,276.0,849.1
2017-03-11 15:00:00,5.0,52,11.8,367.0,848.9
2017-03-11 16:00:00,4.6,53,13.2,221.0,848.3
2017-03-11 17:00:00,4.5,56,12.3,180.0,848.4
2017-03-11 18:00:00,4.0,59,10.3,77.0,848.5
2017-03-11 19:00:00,3.3,69,6.7,30.0,849.0
2017-03-11 20:00:00,2.6,75,4.8,0.0,849.8
2017-03-11 21:00:00,2.2,77,8.4,0.0,849.7
2017-03-11 22:00:00,1.8,76,6.5,0.0,850.3
2017-03-11 23:00:00,1.6,78,8.7,0.0,850.7
2017-03-12 00:00:00,1.2,80,7.3,0.0,850.1
2017-03-12 01:00:00,0.9,82,8.0,0.0,849.5
2017-03-12 02:00:00,0.8,82,7.2,0.0,849.0
2017-03-12 03:00:00,0.7,82,7.6,0.0,848.3
2017-03-12 04:00:00,0.5,82,7.6,0.0,847.9
2017-03-12 05:00:00,0.4,82,8.9,0.0,847.6
2017-03-12 06:00:00,0.3,83,9.7,0.0,847.7
2017-03-12 07:00:00,0.3,83,9.3,0.0,847.9
2017-03-12 08:00:00,-0.4,84,8.5,6.0,849.0
2017-03-12 09:00:00,-0.3,85,6.9,51.0,849.9
2017-03-12 10:00:00,0.1,81,11.6,135.0,850.2
2017-03-12 11:00:00,0.3,77,14.8,240.0,850.2
2017-03-12 12:00:00,0.3,76,13.5,208.0,850.2
2017-03-12 13:00:00,1.2,71,13.4,306.0,849.7
2017-03-12 14:00:00,1.3,70,13.3,305.0,848.9
2017-03-12 15:00:00,1.1,72,10.5,281.0,848.6
2017-03-12 16:00:00,1.1,74,9.7,254.0,848.3
2017-03-12 17:00:00,0.9,75,8.0,192.0,848.2
2017-03-12 18:00:00,0.5,79,7.1,119.0,848.6
2017-03-12 19:00:00,-0.2,84,6.2,42.0,849.0
2017-03-12 20:00:00,-0.8,81,11.1,0.0,848.9
2017-03-12 21:00:00,-1.2,82,8.7,0.0,849.8
2017-03-12 22:00:00,-1.4,82,8.7,0.0,850.4
2017-03-12 23:00:00,-1.8,82,6.4,0.0,850.3
2017-03-13 00:00:00,-2.5,83,4.9,0.0,850.4
2017-03-13 01:00:00,-2.7,85,4.8,0.0,850.4
2017-03-13 02:00:00,-2.9,86,4.1,0.0,850.5
2017-03-13 03:00:00,-3.2,88,5.2,0.0,850.1
2017-03-13 04:00:00,-3.7,88,4.7,0.0,849.5
2017-03-13 05:00:00,-3.6,88,4.3,0.0,849.6
2017-03-13 06:00:00,-3.3,88,4.9,0.0,849.8
2017-03-13 07:00:00,-4.5,90,5.6,0.0,849.7
2017-03-13 08:00:00,-3.9,90,3.4,16.0,850.2
2017-03-13 09:00:00,-3.1,89,1.8,139.0,851.1
2017-03-13 10:00:00,-2.5,85,3.4,308.0,851.7
2017-03-13 11:00:00,-1.7,81,1.9,451.0,852.0
2017-03-13 12:00:00,-1.3,78,1.1,490.0,851.6
2017-03-13 13:00:00,-0.8,77,5.9,745.0,850.9
2017-03-13 14:00:00,-0.4,75,5.6,805.0,850.0
2017-03-13 15:00:00,-0.2,71,3.5,711.0,849.2
2017-03-13 16:00:00,0.0,70,3.2,529.0,848.8
2017-03-13 17:00:00,0.3,73,4.6,368.0,848.7
2017-03-13 18:00:00,-0.3,83,4.4,206.0,848.3
2017-03-13 19:00:00,0.6,71,4.7,68.0,849.1
2017-03-13 20:00:00,-1.4,80,9.2,0.0,847.9
2017-03-13 21:00:00,-2.6,81,9.3,0.0,847.4
2017-03-13 22:00:00,-0.2,68,5.0,0.0,849.5
2017-03-13 23:00:00,-0.6,69,3.0,0.0,849.2
2017-03-14 00:00:00,-1.0,70,1.1,0.0,849.5
2017-03-14 01:00:00,-2.1,72,1.6,0.0,849.0
2017-03-14 02:00:00,-3.4,74,3.6,0.0,848.3
2017-03-14 03:00:00,-4.2,75,1.3,0.0,847.9
2017-03-14 04:00:00,-4.5,79,3.6,0.0,847.9
2017-03-14 05:00:00,-4.9,79,1.3,0.0,848.0
2017-03-14 06:00:00,-5.5,83,1.0,0.0,848.0
2017-03-14 07:00:00,-5.6,83,4.2,0.0,848.6
2017-03-14 08:00:00,-5.9,87,5.1,24.0,848.6
2017-03-14 09:00:00,-7.2,88,5.2,164.0,848.4
2017-03-14 10:00:00,-4.5,85,1.5,375.0,849.7
2017-03-14 11:00:00,-3.3,83,3.5,517.0,849.7
2017-03-14 12:00:00,-2.2,78,3.6,682.0,849.1
2017-03-14 13:00:00,-1.3,75,3.6,685.0,848.3
2017-03-14 14:00:00,0.0,70,3.1,738.0,847.2
2017-03-14 15:00:00,0.7,70,4.3,627.0,846.2
2017-03-14 16:00:00,1.2,71,5.5,546.0,845.5
2017-03-14 17:00:00,1.3,73,5.7,410.0,845.0
2017-03-14 18:00:00,0.8,76,5.7,210.0,844.6
2017-03-14 19:00:00,-0.2,79,6.6,53.0,844.6
2017-03-14 20:00:00,0.2,79,6.7,0.0,845.0
2017-03-14 21:00:00,-1.4,82,9.4,0.0,845.0
2017-03-14 22:00:00,1.0,72,5.8,0.0,847.2
2017-03-14 23:00:00,0.6,73,1.5,0.0,847.3
2017-03-15 00:00:00,0.1,76,4.1,0.0,847.3
2017-03-15 01:00:00,-3.0,86,8.6,0.0,845.9
2017-03-15 02:00:00,-4.2,87,9.4,0.0,845.3
2017-03-15 03:00:00,-4.6,88,9.4,0.0,844.7
2017-03-15 04:00:00,-5.2,87,8.4,0.0,844.5
2017-03-15 05:00:00,-3.5,81,5.2,0.0,845.9
2017-03-15 06:00:00,-3.9,79,2.4,0.0,845.9
2017-03-15 07:00:00,-3.9,76,2.6,0.0,846.4
2017-03-15 08:00:00,-3.5,74,3.8,23.0,846.5
2017-03-15 09:00:00,-3.4,75,3.1,160.0,847.2
2017-03-15 10:00:00,-1.4,71,4.4,393.0,848.3
2017-03-15 11:00:00,0.1,69,5.2,583.0,848.5
2017-03-15 12:00:00,1.8,65,4.7,750.0,848.4
2017-03-15 13:00:00,3.1,65,3.1,843.0,847.8
2017-03-15 14:00:00,3.8,72,3.5,860.0,846.6
2017-03-15 15:00:00,4.2,68,3.7,797.0,845.6
2017-03-15 16:00:00,4.0,68,5.2,675.0,844.8
2017-03-15 17:00:00,6.8,42,3.4,505.0,845.9
2017-03-15 18:00:00,6.9,41,3.1,295.0,845.6
2017-03-15 19:00:00,4.3,53,5.2,89.0,844.4
2017-03-15 20:00:00,2.2,60,8.9,1.0,843.1
2017-03-15 21:00:00,1.0,65,7.1,0.0,843.8
2017-03-15 22:00:00,2.0,57,1.9,0.0,845.5
2017-03-15 23:00:00,1.5,60,1.5,0.0,845.9
2017-03-16 00:00:00,0.8,63,2.6,0.0,845.9
2017-03-16 01:00:00,0.1,67,1.8,0.0,845.8
2017-03-16 02:00:00,-1.7,73,1.8,0.0,844.8
2017-03-16 03:00:00,-2.0,71,2.6,0.0,844.4
2017-03-16 04:00:00,-3.4,75,3.5,0.0,843.8
2017-03-16 05:00:00,-4.4,78,5.0,0.0,843.0
2017-03-16 06:00:00,-4.1,75,3.5,0.0,842.9
2017-03-16 07:00:00,-3.9,75,2.0,0.0,843.2
2017-03-16 08:00:00,-3.9,80,2.9,31.0,844.2
2017-03-16 09:00:00,-1.5,72,3.3,209.0,845.8
2017-03-16 10:00:00,-0.4,73,4.0,418.0,845.8
2017-03-16 11:00:00,1.6,65,5.1,623.0,845.6
2017-03-16 12:00:00,3.6,57,4.0,777.0,845.2
2017-03-16 13:00:00,5.7,50,1.6,860.0,844.6
2017-03-16 14:00:00,7.5,43,2.6,873.0,843.9
2017-03-16 15:00:00,9.0,39,1.3,814.0,843.3
2017-03-16 16:00:00,9.3,39,6.8,689.0,842.6
2017-03-16 17:00:00,9.8,39,8.0,513.0,843.0
2017-03-16 18:00:00,9.0,42,13.9,298.0,843.0
2017-03-16 19:00:00,5.9,51,11.8,90.0,842.8
2017-03-16 20:00:00,2.8,68,9.7,1.0,843.6
2017-03-16 21:00:00,2.0,71,6.6,0.0,844.4
2017-03-16 22:00:00,0.8,76,8.4,0.0,845.0
2017-03-16 23:00:00,1.6,72,5.2,0.0,846.6
2017-03-17 00:00:00,1.5,72,4.1,0.0,846.9
2017-03-17 01:00:00,2.1,69,3.4,0.0,847.1
2017-03-17 02:00:00,2.1,68,0.5,0.0,847.5
2017-03-17 03:00:00,2.1,70,3.7,0.0,847.6
2017-03-17 04:00:00,2.0,73,3.3,0.0,847.4
2017-03-17 05:00:00,2.0,75,3.5,0.0,847.6
2017-03-17 06:00:00,1.6,81,2.3,0.0,847.8
2017-03-17 07:00:00,1.6,82,2.7,0.0,848.4
2017-03-17 08:00:00,2.0,80,2.4,13.0,848.7
2017-03-17 09:00:00,2.7,76,4.3,84.0,849.6
2017-03-17 10:00:00,4.4,69,3.1,311.0,850.3
2017-03-17 11:00:00,5.8,60,0.8,473.0,850.3
2017-03-17 12:00:00,7.4,52,4.2,564.0,850.0
2017-03-17 13:00:00,7.9,48,7.7,492.0,849.1
2017-03-17 14:00:00,8.5,46,10.8,477.0,848.4
2017-03-17 15:00:00,8.8,44,9.3,444.0,847.7
2017-03-17 16:00:00,9.0,43,7.7,376.0,847.4
2017-03-17 17:00:00,8.8,43,9.4,307.0,847.5
2017-03-17 18:00:00,7.7,51,14.5,164.0,847.5
2017-03-17 19:00:00,6.1,63,11.5,65.0,847.6
2017-03-17 20:00:00,3.2,73,8.7,1.0,845.6
2017-03-17 21:00:00,2.9,70,8.9,0.0,846.4
2017-03-17 22:00:00,1.7,72,7.5,0.0,846.4
2017-03-17 23:00:00,0.9,72,7.4,0.0,846.5
2017-03-18 00:00:00,2.4,61,3.0,0.0,847.4
2017-03-18 01:00:00,1.9,63,2.1,0.0,847.1
2017-03-18 02:00:00,1.1,69,5.2,0.0,847.0
2017-03-18 03:00:00,-0.3,76,5.2,0.0,846.4
2017-03-18 04:00:00,0.8,69,4.9,0.0,846.6
2017-03-18 05:00:00,0.9,67,3.1,0.0,846.3
2017-03-18 06:00:00,1.1,65,4.0,0.0,846.4
2017-03-18 07:00:00,0.9,66,3.3,0.0,846.7
2017-03-18 08:00:00,1.2,74,4.4,27.0,846.4
2017-03-18 09:00:00,3.0,64,3.4,101.0,847.9
2017-03-18 10:00:00,4.3,61,1.8,246.0,848.2
2017-03-18 11:00:00,5.5,58,3.0,401.0,848.2
2017-03-18 12:00:00,6.8,54,3.6,572.0,847.7
2017-03-18 13:00:00,8.2,51,6.5,617.0,846.9
2017-03-18 14:00:00,9.9,45,11.8,736.0,846.0
2017-03-18 15:00:00,9.8,48,16.8,609.0,845.2
2017-03-18 16:00:00,9.8,48,20.1,580.0,844.5
2017-03-18 17:00:00,8.8,52,25.0,423.0,844.0
2017-03-18 18:00:00,7.4,58,25.3,235.0,844.0
2017-03-18 19:00:00,5.5,67,22.2,76.0,843.9
2017-03-18 20:00:00,4.8,72,18.3,1.0,843.5
2017-03-18 21:00:00,4.6,73,13.8,0.0,844.1
2017-03-18 22:00:00,4.3,73,12.4,0.0,844.2
2017-03-18 23:00:00,4.2,74,10.6,0.0,844.3
2017-03-19 00:00:00,3.4,78,9.1,0.0,844.1
2017-03-19 01:00:00,2.7,80,6.4,0.0,843.7
2017-03-19 02:00:00,1.4,86,7.4,0.0,842.9
2017-03-19 03:00:00,0.9,87,7.5,0.0,842.8
2017-03-19 04:00:00,0.5,87,9.0,0.0,842.5
2017-03-19 05:00:00,2.3,77,3.9,0.0,843.8
2017-03-19 06:00:00,0.9,86,4.2,0.0,843.3
2017-03-19 07:00:00,1.1,87,3.8,0.0,843.7
2017-03-19 08:00:00,1.8,84,2.7,20.0,844.4
2017-03-19 09:00:00,3.4,76,3.3,152.0,845.8
2017-03-19 10:00:00,5.1,68,2.9,328.0,846.3
2017-03-19 11:00:00,7.4,55,3.6,527.0,846.3
2017-03-19 12:00:00,10.4,42,4.7,711.0,846.1
2017-03-19 13:00:00,11.4,39,8.4,627.0,845.8
2017-03-19 14:00:00,12.8,36,9.9,745.0,845.6
2017-03-19 15:00:00,13.7,33,11.5,620.0,845.3
2017-03-19 16:00:00,14.0,32,10.9,503.0,845.2
2017-03-19 17:00:00,14.1,29,7.7,421.0,845.1
2017-03-19 18:00:00,13.3,32,3.6,273.0,845.2
2017-03-19 19:00:00,12.6,32,1.5,97.0,845.5
2017-03-19 20:00:00,11.0,40,4.5,2.0,846.0
2017-03-19 21:00:00,9.4,44,2.1,0.0,846.3
2017-03-19 22:00:00,7.6,50,1.3,0.0,846.1
2017-03-19 23:00:00,5.9,57,2.9,0.0,846.2
2017-03-20 00:00:00,4.8,62,6.0,0.0,846.6
2017-03-20 01:00:00,4.1,67,5.3,0.0,847.3
2017-03-20 02:00:00,3.2,73,4.6,0.0,846.9
2017-03-20 03:00:00,2.3,77,5.6,0.0,846.4
2017-03-20 04:00:00,1.8,77,3.8,0.0,845.9
2017-03-20 05:00:00,1.4,79,2.8,0.0,845.7
2017-03-20 06:00:00,0.3,85,2.9,0.0,845.7
2017-03-20 07:00:00,0.0,84,4.3,0.0,846.1
2017-03-20 08:00:00,0.8,76,2.6,41.0,847.0
2017-03-20 09:00:00,3.0,68,5.9,222.0,849.2
2017-03-20 10:00:00,5.6,56,4.5,437.0,850.1
2017-03-20 11:00:00,8.1,46,0.4,627.0,849.7
2017-03-20 12:00:00,10.1,41,2.4,771.0,849.5
2017-03-20 13:00:00,12.1,33,6.4,854.0,849.1
2017-03-20 14:00:00,14.3,25,12.5,866.0,848.4
2017-03-20 15:00:00,14.8,22,20.7,810.0,847.6
2017-03-20 16:00:00,14.3,22,21.0,694.0,847.1
2017-03-20 17:00:00,13.4,24,21.1,522.0,846.7
2017-03-20 18:00:00,11.9,27,17.7,311.0,846.3
2017-03-20 19:00:00,9.2,35,10.5,97.0,845.7
2017-03-20 20:00:00,6.7,55,9.1,2.0,844.4
2017-03-20 21:00:00,5.3,62,7.8,0.0,844.8
2017-03-20 22:00:00,5.0,63,7.3,0.0,845.3
2017-03-20 23:00:00,3.5,68,8.7,0.0,845.0
2017-03-21 00:00:00,3.2,67,8.6,0.0,845.1
2017-03-21 01:00:00,2.3,71,10.3,0.0,844.9
2017-03-21 02:00:00,1.6,74,10.3,0.0,844.8
2017-03-21 03:00:00,4.5,59,7.0,0.0,846.4
2017-03-21 04:00:00,3.4,63,7.6,0.0,845.1
2017-03-21 05:00:00,4.4,59,5.6,0.0,845.5
2017-03-21 06:00:00,3.9,63,3.6,0.0,845.1
2017-03-21 07:00:00,3.3,66,1.8,0.0,845.0
2017-03-21 08:00:00,3.1,70,2.0,35.0,844.6
2017-03-21 09:00:00,4.9,68,1.5,181.0,845.8
2017-03-21 10:00:00,6.8,66,1.1,365.0,845.9
2017-03-21 11:00:00,9.1,55,4.8,500.0,844.9
2017-03-21 12:00:00,10.2,52,3.3,580.0,844.4
2017-03-21 13:00:00,11.6,46,3.0,680.0,843.8
2017-03-21 14:00:00,13.2,40,4.1,717.0,842.7
2017-03-21 15:00:00,13.9,35,8.2,547.0,841.8
2017-03-21 16:00:00,13.8,38,14.3,419.0,841.1
2017-03-21 17:00:00,12.1,49,16.9,293.0,840.9
2017-03-21 18:00:00,11.0,52,17.5,184.0,840.9
2017-03-21 19:00:00,9.4,61,18.0,48.0,840.7
2017-03-21 20:00:00,8.6,67,9.2,2.0,840.5
2017-03-21 21:00:00,6.0,79,7.1,0.0,839.8
2017-03-21 22:00:00,4.9,82,5.1,0.0,839.6
2017-03-21 23:00:00,4.4,81,6.3,0.0,839.4
2017-03-22 00:00:00,4.6,81,4.4,0.0,840.2
2017-03-22 01:00:00,3.7,85,3.6,0.0,839.7
2017-03-22 02:00:00,2.3,86,2.9,0.0,838.8
2017-03-22 03:00:00,3.5,75,2.6,0.0,839.2
2017-03-22 04:00:00,1.6,83,6.7,0.0,838.1
2017-03-22 05:00:00,2.6,83,5.9,0.0,839.2
2017-03-22 06:00:00,2.4,87,2.5,0.0,839.0
2017-03-22 07:00:00,2.2,87,3.5,0.0,838.9
2017-03-22 08:00:00,1.1,94,4.3,46.0,839.2
2017-03-22 09:00:00,3.3,88,4.0,227.0,840.9
2017-03-22 10:00:00,5.9,75,4.3,444.0,840.7
2017-03-22 11:00:00,8.2,63,4.3,630.0,840.5
2017-03-22 12:00:00,10.6,51,3.3,781.0,840.2
2017-03-22 13:00:00,13.1,44,4.5,861.0,839.6
2017-03-22 14:00:00,15.2,35,3.6,875.0,838.9
2017-03-22 15:00:00,17.2,22,3.4,819.0,838.3
2017-03-22 16:00:00,18.4,17,8.2,700.0,837.5
2017-03-22 17:00:00,18.6,17,10.2,527.0,837.2
2017-03-22 18:00:00,17.7,20,8.0,317.0,837.0
2017-03-22 19:00:00,12.1,37,8.9,107.0,834.7
2017-03-22 20:00:00,9.6,46,9.2,2.0,834.6
2017-03-22 21:00:00,7.0,53,7.9,0.0,834.5
2017-03-22 22:00:00,5.9,60,9.9,0.0,835.0
2017-03-22 23:00:00,7.7,50,5.6,0.0,837.1
2017-03-23 00:00:00,6.9,56,7.3,0.0,837.8
2017-03-23 01:00:00,6.7,60,6.0,0.0,839.0
2017-03-23 02:00:00,6.0,60,5.1,0.0,839.0
2017-03-23 03:00:00,4.9,69,8.2,0.0,839.8
2017-03-23 04:00:00,4.9,80,3.0,0.0,841.9
2017-03-23 05:00:00,2.8,83,6.1,0.0,841.3
2017-03-23 06:00:00,4.8,75,8.0,0.0,843.0
2017-03-23 07:00:00,4.3,79,7.0,0.0,844.3
2017-03-23 08:00:00,4.3,70,16.8,22.0,845.8
2017-03-23 09:00:00,3.6,57,16.3,127.0,847.7
2017-03-23 10:00:00,2.9,50,14.1,85.0,848.9
2017-03-23 11:00:00,3.6,44,18.7,260.0,849.8
2017-03-23 12:00:00,3.5,41,21.9,343.0,851.0
2017-03-23 13:00:00,2.8,42,21.2,317.0,850.5
2017-03-23 14:00:00,3.3,40,21.0,328.0,850.3
2017-03-23 15:00:00,3.8,38,21.3,291.0,850.1
2017-03-23 16:00:00,3.7,38,19.7,244.0,850.2
2017-03-23 17:00:00,3.6,38,15.9,165.0,850.4
2017-03-23 18:00:00,3.4,40,14.0,136.0,850.4
2017-03-23 19:00:00,3.1,42,10.0,38.0,850.7
2017-03-23 20:00:00,3.0,46,5.8,1.0,850.9
2017-03-23 21:00:00,2.9,45,6.3,0.0,851.3
2017-03-23 22:00:00,2.0,49,5.9,0.0,851.2
2017-03-23 23:00:00,1.2,53,6.1,0.0,851.6
2017-03-24 00:00:00,-0.2,57,8.1,0.0,850.4
2017-03-24 01:00:00,0.5,52,5.2,0.0,850.8
2017-03-24 02:00:00,0.3,54,4.3,0.0,850.9
2017-03-24 03:00:00,0.1,56,4.4,0.0,851.0
2017-03-24 04:00:00,-1.0,62,6.8,0.0,850.5
2017-03-24 05:00:00,0.8,53,5.8,0.0,852.0
2017-03-24 06:00:00,0.7,54,3.3,0.0,852.4
2017-03-24 07:00:00,0.5,56,3.7,0.0,852.6
2017-03-24 08:00:00,0.8,58,1.3,36.0,854.1
2017-03-24 09:00:00,1.9,52,2.4,138.0,855.5
2017-03-24 10:00:00,3.7,45,1.8,324.0,856.3
2017-03-24 11:00:00,5.2,39,4.7,426.0,856.2
2017-03-24 12:00:00,6.9,27,8.9,692.0,856.5
2017-03-24 13:00:00,7.3,22,12.5,675.0,855.9
2017-03-24 14:00:00,8.5,20,8.9,791.0,855.3
2017-03-24 15:00:00,9.9,16,16.3,741.0,854.2
2017-03-24 16:00:00,9.3,16,18.0,674.0,853.9
2017-03-24 17:00:00,8.7,17,20.2,506.0,853.9
2017-03-24 18:00:00,7.2,21,18.8,315.0,854.0
2017-03-24 19:00:00,5.2,25,11.7,111.0,854.2
2017-03-24 20:00:00,2.5,35,10.4,3.0,852.7
2017-03-24 21:00:00,2.3,37,6.4,0.0,853.9
2017-03-24 22:00:00,0.2,46,9.2,0.0,853.6
2017-03-24 23:00:00,0.4,45,8.2,0.0,853.9
2017-03-25 00:00:00,1.6,41,5.6,0.0,854.6
2017-03-25 01:00:00,2.2,37,4.3,0.0,855.0
2017-03-25 02:00:00,0.7,46,4.8,0.0,853.8
2017-03-25 03:00:00,0.2,50,5.2,0.0,853.3
2017-03-25 04:00:00,-0.1,51,5.5,0.0,853.2
2017-03-25 05:00:00,0.4,49,3.7,0.0,853.5
2017-03-25 06:00:00,0.0,52,3.1,0.0,853.8
2017-03-25 07:00:00,-0.5,55,2.6,0.0,854.2
2017-03-25 08:00:00,-0.3,61,4.3,52.0,855.1
2017-03-25 09:00:00,1.8,48,4.1,242.0,856.9
2017-03-25 10:00:00,3.8,36,2.8,446.0,857.3
2017-03-25 11:00:00,5.5,31,1.0,593.0,857.5
2017-03-25 12:00:00,6.7,29,2.9,632.0,857.3
2017-03-25 13:00:00,8.1,25,1.5,841.0,856.3
2017-03-25 14:00:00,9.1,24,2.4,770.0,855.5
2017-03-25 15:00:00,9.5,23,9.8,725.0,854.6
2017-03-25 16:00:00,9.1,22,7.3,566.0,854.1
2017-03-25 17:00:00,9.5,18,4.7,381.0,853.8
2017-03-25 18:00:00,9.4,16,13.6,273.0,853.8
2017-03-25 19:00:00,7.2,22,16.3,82.0,854.1
2017-03-25 20:00:00,3.3,33,9.6,4.0,853.1
2017-03-25 21:00:00,2.0,36,7.9,0.0,853.9
2017-03-25 22:00:00,0.8,41,9.3,0.0,853.9
2017-03-25 23:00:00,1.1,40,7.2,0.0,854.4
2017-03-26 00:00:00,0.4,44,7.0,0.0,854.6
2017-03-26 01:00:00,1.2,40,4.6,0.0,855.1
2017-03-26 02:00:00,0.4,43,1.4,0.0,854.7
2017-03-26 03:00:00,-1.0,49,3.3,0.0,853.7
2017-03-26 04:00:00,-3.4,62,4.7,0.0,852.0
2017-03-26 05:00:00,-4.1,67,5.4,0.0,851.6
2017-03-26 06:00:00,-3.1,63,4.0,0.0,852.5
2017-03-26 07:00:00,-2.7,59,3.4,0.0,853.0
2017-03-26 08:00:00,-2.0,53,2.5,59.0,854.0
2017-03-26 09:00:00,0.2,41,2.6,252.0,855.5
2017-03-26 10:00:00,2.7,35,4.1,475.0,855.6
2017-03-26 11:00:00,5.5,32,3.5,669.0,855.2
2017-03-26 12:00:00,8.7,29,4.2,815.0,854.4
2017-03-26 13:00:00,11.3,23,6.9,896.0,853.6
2017-03-26 14:00:00,13.0,19,6.4,905.0,853.2
2017-03-26 15:00:00,14.2,17,5.3,844.0,852.4
2017-03-26 16:00:00,14.9,17,8.1,719.0,851.7
2017-03-26 17:00:00,14.7,17,8.2,540.0,851.2
2017-03-26 18:00:00,14.2,18,3.1,327.0,850.6
2017-03-26 19:00:00,11.1,26,6.9,117.0,849.1
2017-03-26 20:00:00,8.7,32,10.3,4.0,847.5
2017-03-26 21:00:00,5.0,46,10.3,0.0,846.4
2017-03-26 22:00:00,3.8,49,8.4,0.0,846.7
2017-03-26 23:00:00,3.3,49,3.6,0.0,846.9
2017-03-27 00:00:00,4.8,44,1.5,0.0,847.9
2017-03-27 01:00:00,3.4,50,4.6,0.0,847.6
2017-03-27 02:00:00,5.5,43,4.9,0.0,848.8
2017-03-27 03:00:00,4.8,45,3.0,0.0,848.1
2017-03-27 04:00:00,4.4,46,1.6,0.0,847.1
2017-03-27 05:00:00,4.0,46,4.0,0.0,846.6
2017-03-27 06:00:00,3.2,49,3.9,0.0,846.2
2017-03-27 07:00:00,2.3,52,4.9,0.0,845.9
2017-03-27 08:00:00,1.6,55,3.3,61.0,846.7
2017-03-27 09:00:00,4.0,48,3.7,258.0,848.3
2017-03-27 10:00:00,7.2,38,5.7,469.0,848.7
2017-03-27 11:00:00,9.9,31,3.8,628.0,848.9
2017-03-27 12:00:00,12.3,27,0.8,745.0,848.9
2017-03-27 13:00:00,14.9,23,2.1,884.0,848.3
2017-03-27 14:00:00,16.7,18,3.5,895.0,847.9
2017-03-27 15:00:00,17.6,16,5.3,838.0,846.9
2017-03-27 16:00:00,17.9,16,9.2,715.0,846.3
2017-03-27 17:00:00,17.5,17,13.3,540.0,846.0
2017-03-27 18:00:00,16.7,18,14.6,328.0,845.9
2017-03-27 19:00:00,13.7,23,10.8,117.0,845.2
2017-03-27 20:00:00,10.5,29,13.1,4.0,843.9
2017-03-27 21:00:00,13.4,21,9.7,0.0,847.3
2017-03-27 22:00:00,11.0,19,10.0,0.0,847.7
2017-03-27 23:00:00,8.9,20,9.7,0.0,848.0
2017-03-28 00:00:00,7.3,23,8.5,0.0,848.2
2017-03-28 01:00:00,5.4,29,9.8,0.0,847.8
2017-03-28 02:00:00,7.9,24,2.1,0.0,849.3
2017-03-28 03:00:00,6.8,27,5.1,0.0,848.1
2017-03-28 04:00:00,5.9,30,3.6,0.0,847.9
2017-03-28 05:00:00,5.0,34,2.3,0.0,847.7
2017-03-28 06:00:00,4.0,39,3.3,0.0,847.6
2017-03-28 07:00:00,3.2,43,3.7,0.0,847.7
2017-03-28 08:00:00,3.3,45,0.8,63.0,848.6
2017-03-28 09:00:00,5.5,38,3.4,250.0,850.5
2017-03-28 10:00:00,7.5,33,2.5,414.0,850.8
2017-03-28 11:00:00,9.7,27,2.0,559.0,851.1
2017-03-28 12:00:00,11.8,24,3.6,721.0,851.5
2017-03-28 13:00:00,13.4,23,2.6,848.0,851.2
2017-03-28 14:00:00,14.6,22,4.0,881.0,850.8
2017-03-28 15:00:00,15.4,22,7.0,832.0,849.9
2017-03-28 16:00:00,15.8,23,8.4,707.0,848.9
2017-03-28 17:00:00,15.9,24,9.5,534.0,848.1
2017-03-28 18:00:00,15.4,27,11.9,325.0,847.6
2017-03-28 19:00:00,12.9,36,7.6,118.0,847.1
2017-03-28 20:00:00,12.0,36,10.0,5.0,846.1
2017-03-28 21:00:00,9.7,41,8.8,0.0,845.9
2017-03-28 22:00:00,7.7,50,10.4,0.0,845.7
2017-03-28 23:00:00,9.1,46,7.9,0.0,846.8
2017-03-29 00:00:00,9.4,47,4.0,0.0,847.2
2017-03-29 01:00:00,6.4,54,9.0,0.0,846.2
2017-03-29 02:00:00,8.4,44,2.1,0.0,847.3
2017-03-29 03:00:00,7.5,43,3.4,0.0,846.7
2017-03-29 04:00:00,6.7,41,3.6,0.0,846.3
2017-03-29 05:00:00,6.1,41,3.4,0.0,846.1
2017-03-29 06:00:00,5.6,41,3.2,0.0,846.3
2017-03-29 07:00:00,5.2,44,0.5,0.0,846.1
2017-03-29 08:00:00,5.5,42,3.1,64.0,847.0
2017-03-29 09:00:00,7.7,36,3.8,249.0,848.5
2017-03-29 10:00:00,10.0,38,3.3,460.0,849.4
2017-03-29 11:00:00,12.4,37,4.4,623.0,850.0
2017-03-29 12:00:00,14.4,34,6.4,741.0,849.9
2017-03-29 13:00:00,16.5,32,8.7,774.0,849.3
2017-03-29 14:00:00,16.1,36,19.2,485.0,848.8
2017-03-29 15:00:00,13.8,32,28.6,290.0,848.7
2017-03-29 16:00:00,13.1,28,20.6,197.0,848.7
2017-03-29 17:00:00,12.7,26,17.1,117.0,849.4
2017-03-29 18:00:00,10.2,30,25.0,88.0,849.8
2017-03-29 19:00:00,8.5,39,23.4,68.0,850.9
2017-03-29 20:00:00,6.7,54,16.8,2.0,852.5
2017-03-29 21:00:00,6.0,61,12.3,0.0,854.5
2017-03-29 22:00:00,5.4,68,3.3,0.0,855.3
2017-03-29 23:00:00,4.9,73,4.2,0.0,856.0
2017-03-30 00:00:00,4.4,81,6.4,0.0,856.0
2017-03-30 01:00:00,4.1,80,7.9,0.0,856.4
2017-03-30 02:00:00,4.1,79,5.9,0.0,855.9
2017-03-30 03:00:00,4.2,71,5.6,0.0,855.7
2017-03-30 04:00:00,4.0,69,3.6,0.0,855.0
2017-03-30 05:00:00,2.7,74,6.8,0.0,854.3
2017-03-30 06:00:00,1.8,79,7.6,0.0,854.0
2017-03-30 07:00:00,2.7,75,4.7,0.0,855.0
2017-03-30 08:00:00,3.8,74,2.2,64.0,855.9
2017-03-30 09:00:00,5.8,66,3.0,249.0,857.0
2017-03-30 10:00:00,8.0,49,5.8,444.0,857.4
2017-03-30 11:00:00,10.3,35,6.5,645.0,857.6
2017-03-30 12:00:00,11.9,27,3.5,802.0,857.1
2017-03-30 13:00:00,13.0,24,1.5,888.0,856.3
2017-03-30 14:00:00,14.0,23,2.7,901.0,855.5
2017-03-30 15:00:00,14.4,23,2.9,809.0,854.6
2017-03-30 16:00:00,14.7,22,3.5,682.0,853.7
2017-03-30 17:00:00,14.3,23,6.7,501.0,853.2
2017-03-30 18:00:00,14.1,22,7.3,309.0,853.5
2017-03-30 19:00:00,12.7,23,14.9,93.0,853.5
2017-03-30 20:00:00,9.4,41,14.8,3.0,854.1
2017-03-30 21:00:00,8.6,45,6.2,0.0,855.0
2017-03-30 22:00:00,6.4,55,5.2,0.0,854.5
2017-03-30 23:00:00,6.1,56,5.0,0.0,854.6
2017-03-31 00:00:00,5.7,57,5.8,0.0,854.2
2017-03-31 01:00:00,4.2,63,7.4,0.0,853.2
2017-03-31 02:00:00,3.3,66,7.4,0.0,853.0
2017-03-31 03:00:00,3.5,62,6.6,0.0,852.8
2017-03-31 04:00:00,4.2,55,4.3,0.0,852.9
2017-03-31 05:00:00,4.0,56,1.9,0.0,852.9
2017-03-31 06:00:00,3.4,59,2.5,0.0,853.1
2017-03-31 07:00:00,2.9,63,0.5,0.0,853.5
2017-03-31 08:00:00,4.1,60,0.8,73.0,854.9
2017-03-31 09:00:00,6.1,53,2.9,258.0,856.2
2017-03-31 10:00:00,8.2,46,4.1,480.0,856.4
2017-03-31 11:00:00,10.1,41,4.3,672.0,856.7
2017-03-31 12:00:00,12.0,35,4.1,792.0,856.7
2017-03-31 13:00:00,13.4,30,7.4,896.0,856.1
2017-03-31 14:00:00,14.3,26,10.5,837.0,855.5
2017-03-31 15:00:00,15.0,21,9.2,771.0,854.7
2017-03-31 16:00:00,16.2,13,13.6,597.0,854.0
2017-03-31 17:00:00,14.7,16,17.9,340.0,853.6
2017-03-31 18:00:00,14.2,16,21.8,253.0,854.0
2017-03-31 19:00:00,12.2,18,14.0,115.0,854.2
2017-03-31 20:00:00,10.0,25,9.2,6.0,853.5
2017-03-31 21:00:00,8.2,30,8.7,0.0,854.0
2017-03-31 22:00:00,6.6,37,7.9,0.0,854.2
2017-03-31 23:00:00,5.1,45,8.0,0.0,854.3
2017-04-01 00:00:00,3.4,53,10.0,0.0,853.6
2017-04-01 01:00:00,2.4,57,9.6,0.0,852.7
2017-04-01 02:00:00,2.8,55,7.3,0.0,853.0
2017-04-01 03:00:00,4.0,48,2.2,0.0,853.1
2017-04-01 04:00:00,3.6,49,1.3,0.0,852.2
2017-04-01 05:00:00,3.3,50,1.5,0.0,851.9
2017-04-01 06:00:00,3.2,51,4.5,0.0,851.9
2017-04-01 07:00:00,2.8,53,4.6,0.0,851.7
2017-04-01 08:00:00,2.7,54,2.0,79.0,852.0
2017-04-01 09:00:00,4.6,48,2.5,279.0,852.5
2017-04-01 10:00:00,7.1,39,3.4,495.0,852.3
2017-04-01 11:00:00,9.6,33,4.1,683.0,851.8
2017-04-01 12:00:00,12.0,29,5.2,824.0,851.4
2017-04-01 13:00:00,14.2,27,5.9,901.0,850.5
2017-04-01 14:00:00,16.1,26,7.0,909.0,849.4
2017-04-01 15:00:00,17.7,24,8.3,848.0,848.3
2017-04-01 16:00:00,18.4,23,9.0,723.0,847.3
2017-04-01 17:00:00,18.6,22,8.7,547.0,846.4
2017-04-01 18:00:00,18.2,23,10.0,337.0,845.9
2017-04-01 19:00:00,15.5,34,9.0,127.0,844.9
2017-04-01 20:00:00,14.0,38,18.1,7.0,844.2
2017-04-01 21:00:00,12.2,44,14.2,0.0,844.8
2017-04-01 22:00:00,10.7,49,13.8,0.0,845.3
2017-04-01 23:00:00,9.7,53,12.8,0.0,845.8
2017-04-02 00:00:00,8.5,58,9.0,0.0,845.9
2017-04-02 01:00:00,7.1,62,8.7,0.0,845.0
2017-04-02 02:00:00,8.9,55,6.6,0.0,846.4
2017-04-02 03:00:00,8.0,57,3.9,0.0,846.0
2017-04-02 04:00:00,7.4,58,3.1,0.0,845.7
2017-04-02 05:00:00,7.0,59,3.3,0.0,845.9
2017-04-02 06:00:00,6.4,63,3.9,0.0,846.3
2017-04-02 07:00:00,5.7,64,6.1,0.0,846.4
2017-04-02 08:00:00,6.6,59,3.8,77.0,847.1
2017-04-02 09:00:00,8.8,51,5.9,243.0,848.6
2017-04-02 10:00:00,11.0,46,5.9,428.0,849.0
2017-04-02 11:00:00,12.9,43,6.4,572.0,849.5
2017-04-02 12:00:00,15.1,40,7.4,732.0,849.7
2017-04-02 13:00:00,16.6,38,8.7,769.0,849.3
2017-04-02 14:00:00,17.7,35,10.9,713.0,848.2
2017-04-02 15:00:00,18.7,31,14.6,651.0,847.3
2017-04-02 16:00:00,18.8,29,20.8,564.0,846.2
2017-04-02 17:00:00,18.1,30,22.4,406.0,845.5
2017-04-02 18:00:00,16.7,35,20.9,206.0,845.0
2017-04-02 19:00:00,15.2,41,15.6,79.0,845.0
2017-04-02 20:00:00,13.9,48,14.2,5.0,844.0
2017-04-02 21:00:00,12.4,57,18.0,0.0,844.8
2017-04-02 22:00:00,11.1,63,16.2,0.0,844.4
2017-04-02 23:00:00,9.3,71,9.5,0.0,843.8
2017-04-03 00:00:00,8.0,78,7.6,0.0,843.6
2017-04-03 01:00:00,6.2,84,9.8,0.0,842.6
2017-04-03 02:00:00,7.8,76,5.4,0.0,843.6
2017-04-03 03:00:00,6.1,82,4.3,0.0,842.3
2017-04-03 04:00:00,4.8,85,2.9,0.0,841.6
2017-04-03 05:00:00,4.9,82,2.6,0.0,841.9
2017-04-03 06:00:00,5.5,76,2.6,0.0,842.6
2017-04-03 07:00:00,4.7,79,2.3,1.0,842.6
2017-04-03 08:00:00,6.7,71,2.5,76.0,844.3
2017-04-03 09:00:00,8.9,64,0.8,266.0,845.0
2017-04-03 10:00:00,10.9,58,1.8,453.0,845.5
2017-04-03 11:00:00,12.7,53,3.1,607.0,846.2
2017-04-03 12:00:00,14.7,46,2.6,671.0,846.3
2017-04-03 13:00:00,15.5,43,1.8,532.0,845.0
2017-04-03 14:00:00,16.0,41,3.3,383.0,844.3
2017-04-03 15:00:00,16.4,40,5.6,279.0,843.5
2017-04-03 16:00:00,16.4,40,5.4,249.0,843.3
2017-04-03 17:00:00,15.6,44,5.6,157.0,843.6
2017-04-03 18:00:00,14.8,49,2.9,136.0,843.8
2017-04-03 19:00:00,13.3,60,5.8,46.0,843.8
2017-04-03 20:00:00,11.6,71,7.3,3.0,844.6
2017-04-03 21:00:00,10.9,72,7.0,0.0,844.5
2017-04-03 22:00:00,9.0,78,7.7,0.0,843.8
2017-04-03 23:00:00,9.1,75,6.6,0.0,844.2
2017-04-04 00:00:00,8.2,75,7.2,0.0,843.7
2017-04-04 01:00:00,9.2,67,1.8,0.0,843.6
2017-04-04 02:00:00,7.2,74,1.6,0.0,842.7
2017-04-04 03:00:00,6.4,73,2.5,0.0,842.1
2017-04-04 04:00:00,7.2,68,2.9,0.0,842.4
2017-04-04 05:00:00,7.0,69,3.3,0.0,842.5
2017-04-04 06:00:00,6.6,71,2.8,0.0,842.8
2017-04-04 07:00:00,6.2,75,2.6,1.0,842.7
2017-04-04 08:00:00,6.6,78,2.6,85.0,843.7
2017-04-04 09:00:00,8.6,74,3.7,281.0,844.8
2017-04-04 10:00:00,11.5,59,2.9,492.0,845.4
2017-04-04 11:00:00,14.4,47,3.0,677.0,845.8
2017-04-04 12:00:00,16.8,38,4.2,814.0,845.9
2017-04-04 13:00:00,18.5,33,3.7,879.0,845.4
2017-04-04 14:00:00,19.8,29,5.1,873.0,844.9
2017-04-04 15:00:00,20.5,25,5.2,841.0,844.3
2017-04-04 16:00:00,20.6,21,4.0,659.0,843.3
2017-04-04 17:00:00,20.6,20,4.7,460.0,842.8
2017-04-04 18:00:00,20.3,19,7.0,329.0,842.7
2017-04-04 19:00:00,16.9,30,7.1,133.0,841.6
2017-04-04 20:00:00,14.4,31,12.5,8.0,840.7
2017-04-04 21:00:00,12.9,39,7.9,0.0,841.5
2017-04-04 22:00:00,10.6,49,10.1,0.0,841.1
2017-04-04 23:00:00,10.1,51,9.4,0.0,841.3
2017-04-05 00:00:00,9.8,54,7.9,0.0,841.3
2017-04-05 01:00:00,11.4,50,1.9,0.0,842.3
2017-04-05 02:00:00,11.2,51,0.8,0.0,842.5
2017-04-05 03:00:00,10.5,51,3.8,0.0,842.0
2017-04-05 04:00:00,10.7,51,3.6,0.0,842.3
2017-04-05 05:00:00,10.2,54,2.3,0.0,841.8
2017-04-05 06:00:00,9.6,58,4.5,0.0,841.4
2017-04-05 07:00:00,9.2,63,2.2,1.0,841.8
2017-04-05 08:00:00,9.7,61,1.8,87.0,841.3
2017-04-05 09:00:00,12.2,52,2.6,285.0,842.6
2017-04-05 10:00:00,15.1,44,2.4,497.0,843.5
2017-04-05 11:00:00,18.2,37,0.8,684.0,844.1
2017-04-05 12:00:00,21.3,27,5.9,824.0,844.4
2017-04-05 13:00:00,23.6,16,6.9,901.0,843.7
2017-04-05 14:00:00,24.7,13,7.3,913.0,843.0
2017-04-05 15:00:00,25.2,12,5.2,857.0,842.2
2017-04-05 16:00:00,25.3,11,2.6,735.0,841.4
2017-04-05 17:00:00,25.1,11,8.4,558.0,841.0
2017-04-05 18:00:00,24.4,11,10.2,348.0,840.9
2017-04-05 19:00:00,20.7,23,10.5,137.0,839.8
2017-04-05 20:00:00,18.2,30,10.7,9.0,837.9
2017-04-05 21:00:00,16.5,53,14.4,0.0,838.8
2017-04-05 22:00:00,15.0,58,19.0,0.0,838.9
2017-04-05 23:00:00,13.6,64,14.4,0.0,838.9
2017-04-06 00:00:00,11.3,74,8.9,0.0,838.7
2017-04-06 01:00:00,13.0,66,5.8,0.0,840.0
2017-04-06 02:00:00,10.9,72,5.6,0.0,838.9
2017-04-06 03:00:00,8.6,81,7.3,0.0,837.3
2017-04-06 04:00:00,7.9,85,7.3,0.0,836.7
2017-04-06 05:00:00,7.6,84,7.2,0.0,836.3
2017-04-06 06:00:00,7.3,86,6.7,0.0,836.7
2017-04-06 07:00:00,7.0,88,6.4,2.0,837.0
2017-04-06 08:00:00,8.5,83,8.0,90.0,837.7
2017-04-06 09:00:00,10.6,73,6.8,279.0,838.5
2017-04-06 10:00:00,12.7,63,6.9,472.0,839.1
2017-04-06 11:00:00,14.8,54,6.9,638.0,839.7
2017-04-06 12:00:00,17.5,46,8.4,819.0,839.7
2017-04-06 13:00:00,19.6,38,7.8,894.0,839.5
2017-04-06 14:00:00,21.7,30,8.4,901.0,839.0
2017-04-06 15:00:00,23.3,25,5.4,843.0,838.8
2017-04-06 16:00:00,24.4,24,14.5,690.0,838.8
2017-04-06 17:00:00,22.7,28,26.0,360.0,838.5
2017-04-06 18:00:00,21.8,29,28.5,219.0,838.8
2017-04-06 19:00:00,20.0,26,21.8,93.0,840.1
2017-04-06 20:00:00,17.1,28,13.7,6.0,841.4
2017-04-06 21:00:00,16.6,29,11.1,0.0,842.6
2017-04-06 22:00:00,15.9,32,6.8,0.0,842.7
2017-04-06 23:00:00,13.5,40,7.9,0.0,842.0
2017-04-07 00:00:00,12.6,44,7.9,0.0,841.8
2017-04-07 01:00:00,11.0,49,10.0,0.0,841.0
2017-04-07 02:00:00,12.8,42,5.4,0.0,842.0
2017-04-07 03:00:00,12.2,44,1.5,0.0,841.5
2017-04-07 04:00:00,10.6,48,3.5,0.0,840.6
2017-04-07 05:00:00,9.1,52,5.2,0.0,839.9
2017-04-07 06:00:00,8.9,54,4.6,0.0,840.1
2017-04-07 07:00:00,7.8,58,4.8,2.0,840.3
2017-04-07 08:00:00,11.5,43,2.4,79.0,842.8
2017-04-07 09:00:00,13.0,48,7.2,191.0,844.1
2017-04-07 10:00:00,14.2,53,12.2,247.0,844.8
2017-04-07 11:00:00,14.6,50,15.0,243.0,844.8
2017-04-07 12:00:00,13.9,50,17.8,196.0,844.6
2017-04-07 13:00:00,14.2,49,16.0,155.0,844.2
2017-04-07 14:00:00,15.4,43,15.3,206.0,844.0
2017-04-07 15:00:00,16.0,43,13.0,189.0,843.7
2017-04-07 16:00:00,15.4,47,8.7,111.0,842.9
2017-04-07 17:00:00,14.0,47,16.9,117.0,843.4
2017-04-07 18:00:00,13.8,47,17.1,71.0,843.9
2017-04-07 19:00:00,12.5,52,17.4,24.0,844.7
2017-04-07 20:00:00,8.0,75,14.5,2.0,846.0
2017-04-07 21:00:00,7.6,69,8.4,0.0,848.3
2017-04-07 22:00:00,7.4,65,7.0,0.0,849.3
2017-04-07 23:00:00,7.0,66,6.7,0.0,850.0
2017-04-08 00:00:00,6.4,69,6.5,0.0,850.3
2017-04-08 01:00:00,5.9,71,5.6,0.0,850.1
2017-04-08 02:00:00,5.6,72,5.1,0.0,849.9
2017-04-08 03:00:00,5.3,74,4.8,0.0,849.1
2017-04-08 04:00:00,5.3,73,6.1,0.0,848.6
2017-04-08 05:00:00,5.3,74,5.5,0.0,848.6
2017-04-08 06:00:00,5.4,71,6.3,0.0,848.3
2017-04-08 07:00:00,5.4,70,5.6,1.0,848.5
2017-04-08 08:00:00,5.7,70,8.1,16.0,848.8
2017-04-08 09:00:00,6.3,66,5.9,81.0,849.2
2017-04-08 10:00:00,7.0,63,6.2,145.0,850.0
2017-04-08 11:00:00,7.7,60,6.1,188.0,849.7
2017-04-08 12:00:00,8.7,57,3.8,222.0,848.9
2017-04-08 13:00:00,9.9,52,3.7,313.0,847.8
2017-04-08 14:00:00,10.4,51,3.6,271.0,846.7
2017-04-08 15:00:00,11.1,49,3.1,216.0,845.8
2017-04-08 16:00:00,11.6,48,2.1,192.0,845.2
2017-04-08 17:00:00,12.2,46,3.6,132.0,844.9
2017-04-08 18:00:00,12.1,48,7.0,68.0,845.0
2017-04-08 19:00:00,11.2,55,9.2,17.0,845.1
2017-04-08 20:00:00,9.7,61,5.2,3.0,845.8
2017-04-08 21:00:00,8.9,70,9.3,0.0,846.9
2017-04-08 22:00:00,7.7,82,8.7,0.0,847.5
2017-04-08 23:00:00,7.9,78,7.5,0.0,847.8
2017-04-09 00:00:00,7.6,83,6.6,0.0,847.7
2017-04-09 01:00:00,7.3,80,4.7,0.0,847.4
2017-04-09 02:00:00,7.4,80,6.1,0.0,847.5
2017-04-09 03:00:00,7.2,84,4.3,0.0,847.0
2017-04-09 04:00:00,7.0,86,3.2,0.0,846.5
2017-04-09 05:00:00,6.8,87,2.5,0.0,846.1
2017-04-09 06:00:00,7.0,81,2.2,0.0,846.3
2017-04-09 07:00:00,7.0,81,3.3,1.0,846.5
2017-04-09 08:00:00,7.1,80,7.2,24.0,847.6
2017-04-09 09:00:00,7.9,73,8.2,87.0,848.1
2017-04-09 10:00:00,8.7,67,10.4,157.0,848.5
2017-04-09 11:00:00,9.1,64,9.7,168.0,848.4
2017-04-09 12:00:00,10.0,58,7.0,268.0,848.3
2017-04-09 13:00:00,10.7,54,5.7,266.0,847.6
2017-04-09 14:00:00,11.2,51,6.8,247.0,846.6
2017-04-09 15:00:00,12.0,48,8.2,272.0,845.7
2017-04-09 16:00:00,12.3,47,10.2,177.0,844.8
2017-04-09 17:00:00,12.0,49,10.7,123.0,844.1
2017-04-09 18:00:00,11.3,55,11.5,69.0,843.8
2017-04-09 19:00:00,10.8,61,6.6,39.0,844.0
2017-04-09 20:00:00,8.7,65,5.1,3.0,844.5
2017-04-09 21:00:00,8.5,67,5.2,0.0,845.5
2017-04-09 22:00:00,7.9,71,4.6,0.0,846.1
2017-04-09 23:00:00,7.9,73,0.5,0.0,846.9
2017-04-10 00:00:00,7.4,85,3.7,0.0,847.1
2017-04-10 01:00:00,7.2,84,3.6,0.0,847.3
2017-04-10 02:00:00,6.7,85,4.2,0.0,847.3
2017-04-10 03:00:00,6.5,83,4.1,0.0,847.3
2017-04-10 04:00:00,6.1,83,4.1,0.0,847.1
2017-04-10 05:00:00,5.9,82,2.9,0.0,846.9
2017-04-10 06:00:00,5.7,81,2.9,0.0,847.7
2017-04-10 07:00:00,5.5,81,3.4,1.0,847.9
2017-04-10 08:00:00,5.8,77,2.6,20.0,848.2
2017-04-10 09:00:00,6.1,76,3.1,62.0,849.1
2017-04-10 10:00:00,6.9,71,10.0,150.0,849.7
2017-04-10 11:00:00,7.5,67,7.8,166.0,849.6
2017-04-10 12:00:00,9.7,53,10.2,436.0,849.7
2017-04-10 13:00:00,11.3,45,10.7,526.0,849.0
2017-04-10 14:00:00,11.7,44,13.5,414.0,848.1
2017-04-10 15:00:00,11.7,43,12.0,303.0,847.3
2017-04-10 16:00:00,11.8,42,17.3,277.0,846.5
2017-04-10 17:00:00,11.7,43,12.9,236.0,846.1
2017-04-10 18:00:00,11.7,41,17.1,193.0,846.6
2017-04-10 19:00:00,10.6,43,13.3,36.0,847.1
2017-04-10 20:00:00,9.3,49,9.9,4.0,848.5
2017-04-10 21:00:00,8.6,53,6.8,0.0,849.6
2017-04-10 22:00:00,7.8,57,5.4,0.0,850.4
2017-04-10 23:00:00,7.8,56,4.7,0.0,850.6
2017-04-11 00:00:00,7.9,54,1.8,0.0,851.1
2017-04-11 01:00:00,6.4,62,2.8,0.0,849.6
2017-04-11 02:00:00,4.3,73,6.2,0.0,848.8
2017-04-11 03:00:00,5.5,69,5.0,0.0,849.6
2017-04-11 04:00:00,5.3,71,4.7,0.0,849.0
2017-04-11 05:00:00,5.4,72,3.7,0.0,849.2
2017-04-11 06:00:00,4.7,78,3.2,0.0,849.3
2017-04-11 07:00:00,4.9,77,3.6,3.0,849.8
2017-04-11 08:00:00,6.4,70,1.4,58.0,851.5
2017-04-11 09:00:00,7.2,65,3.2,161.0,852.3
2017-04-11 10:00:00,8.3,59,4.7,305.0,852.7
2017-04-11 11:00:00,9.2,55,4.0,422.0,852.8
2017-04-11 12:00:00,10.3,49,2.9,499.0,852.4
2017-04-11 13:00:00,11.4,41,3.7,498.0,851.8
2017-04-11 14:00:00,12.2,38,3.4,498.0,851.2
2017-04-11 15:00:00,12.8,36,4.4,481.0,850.6
2017-04-11 16:00:00,13.0,34,5.6,383.0,849.8
2017-04-11 17:00:00,13.2,33,6.9,336.0,849.5
2017-04-11 18:00:00,12.8,34,10.0,239.0,849.2
2017-04-11 19:00:00,11.3,42,7.2,117.0,848.8
2017-04-11 20:00:00,7.9,53,11.5,13.0,847.8
2017-04-11 21:00:00,6.2,63,6.7,0.0,847.6
2017-04-11 22:00:00,4.8,68,5.6,0.0,847.4
2017-04-11 23:00:00,3.8,70,5.2,0.0,847.4
2017-04-12 00:00:00,3.2,70,5.1,0.0,847.4
2017-04-12 01:00:00,5.6,56,1.3,0.0,848.8
2017-04-12 02:00:00,5.8,56,0.5,0.0,848.8
2017-04-12 03:00:00,5.7,60,3.1,0.0,848.4
2017-04-12 04:00:00,4.1,71,6.6,0.0,847.5
2017-04-12 05:00:00,4.0,74,4.1,0.0,847.8
2017-04-12 06:00:00,4.4,72,2.3,0.0,848.2
2017-04-12 07:00:00,4.3,70,1.3,5.0,848.5
2017-04-12 08:00:00,5.4,67,2.7,114.0,850.4
2017-04-12 09:00:00,7.4,60,0.8,317.0,850.8
2017-04-12 10:00:00,9.8,51,2.6,525.0,851.3
2017-04-12 11:00:00,11.9,44,0.7,707.0,851.7
2017-04-12 12:00:00,13.9,40,0.7,843.0,851.3
2017-04-12 13:00:00,15.4,35,3.4,915.0,850.7
2017-04-12 14:00:00,16.5,32,3.7,889.0,849.6
2017-04-12 15:00:00,17.7,29,7.9,792.0,849.0
2017-04-12 16:00:00,13.8,31,15.6,310.0,848.1
2017-04-12 17:00:00,14.8,32,16.8,415.0,848.0
2017-04-12 18:00:00,12.4,45,16.0,327.0,848.3
2017-04-12 19:00:00,11.6,50,10.9,144.0,848.8
2017-04-12 20:00:00,7.5,66,6.5,12.0,848.8
2017-04-12 21:00:00,8.7,61,1.3,0.0,850.1
2017-04-12 22:00:00,8.6,61,2.6,0.0,850.9
2017-04-12 23:00:00,8.5,62,2.5,0.0,851.0
2017-04-13 00:00:00,8.1,63,2.9,0.0,851.0
2017-04-13 01:00:00,7.5,65,1.5,0.0,850.4
2017-04-13 02:00:00,6.7,69,1.9,0.0,849.6
2017-04-13 03:00:00,6.1,71,3.2,0.0,848.6
2017-04-13 04:00:00,4.8,79,3.3,0.0,848.2
2017-04-13 05:00:00,3.5,86,1.9,0.0,847.6
2017-04-13 06:00:00,2.6,90,2.6,0.0,847.0
2017-04-13 07:00:00,1.1,95,4.7,6.0,846.4
2017-04-13 08:00:00,5.3,73,6.0,117.0,848.6
2017-04-13 09:00:00,7.8,64,6.0,322.0,849.9
2017-04-13 10:00:00,9.8,55,4.8,535.0,849.9
2017-04-13 11:00:00,11.7,49,4.0,714.0,849.7
2017-04-13 12:00:00,13.8,42,5.2,847.0,849.3
2017-04-13 13:00:00,15.9,35,5.6,919.0,848.4
2017-04-13 14:00:00,17.7,31,5.4,927.0,847.3
2017-04-13 15:00:00,19.2,21,14.2,829.0,846.6
2017-04-13 16:00:00,18.9,18,8.2,462.0,844.5
2017-04-13 17:00:00,19.4,16,2.9,448.0,843.5
2017-04-13 18:00:00,19.1,17,13.3,301.0,842.5
2017-04-13 19:00:00,16.4,24,11.8,144.0,841.1
2017-04-13 20:00:00,12.8,29,11.0,14.0,839.3
2017-04-13 21:00:00,11.5,29,10.0,0.0,839.4
2017-04-13 22:00:00,11.1,31,8.9,0.0,840.6
2017-04-13 23:00:00,8.4,47,10.9,0.0,840.2
2017-04-14 00:00:00,8.4,50,8.8,0.0,840.8
2017-04-14 01:00:00,8.8,48,3.5,0.0,841.1
2017-04-14 02:00:00,6.5,56,8.5,0.0,839.6
2017-04-14 03:00:00,5.6,59,8.4,0.0,839.4
2017-04-14 04:00:00,5.1,61,8.4,0.0,839.3
2017-04-14 05:00:00,7.0,54,5.2,0.0,840.4
2017-04-14 06:00:00,3.8,68,8.0,0.0,839.2
2017-04-14 07:00:00,6.3,58,3.6,7.0,841.4
2017-04-14 08:00:00,7.3,59,1.8,121.0,843.0
2017-04-14 09:00:00,10.4,44,5.5,314.0,844.7
2017-04-14 10:00:00,12.7,38,2.9,468.0,845.7
2017-04-14 11:00:00,14.7,34,1.8,623.0,846.5
2017-04-14 12:00:00,16.9,30,2.1,780.0,847.2
2017-04-14 13:00:00,18.9,26,5.6,893.0,846.8
2017-04-14 14:00:00,20.0,22,10.2,797.0,846.5
2017-04-14 15:00:00,20.4,21,14.5,687.0,846.1
2017-04-14 16:00:00,20.7,21,15.1,673.0,845.4
2017-04-14 17:00:00,20.6,21,16.1,561.0,845.2
2017-04-14 18:00:00,19.8,22,16.3,296.0,845.1
2017-04-14 19:00:00,18.1,27,9.1,98.0,845.0
2017-04-14 20:00:00,16.4,32,10.5,11.0,844.0
2017-04-14 21:00:00,15.4,30,11.3,0.0,845.2
2017-04-14 22:00:00,14.4,32,8.1,0.0,845.9
2017-04-14 23:00:00,13.5,34,8.7,0.0,846.3
2017-04-15 00:00:00,13.6,33,6.4,0.0,846.9
2017-04-15 01:00:00,12.4,37,6.1,0.0,846.3
2017-04-15 02:00:00,13.7,34,1.1,0.0,847.3
2017-04-15 03:00:00,11.2,41,6.4,0.0,845.9
2017-04-15 04:00:00,11.0,40,5.3,0.0,846.2
2017-04-15 05:00:00,10.6,40,5.2,0.0,846.1
2017-04-15 06:00:00,9.8,40,6.6,0.0,846.5
2017-04-15 07:00:00,9.6,49,12.4,3.0,847.7
2017-04-15 08:00:00,9.3,62,11.6,39.0,849.6
2017-04-15 09:00:00,9.5,65,8.1,186.0,850.3
2017-04-15 10:00:00,9.9,62,5.1,323.0,851.3
2017-04-15 11:00:00,9.7,63,6.9,227.0,851.2
2017-04-15 12:00:00,11.3,51,5.2,446.0,851.5
2017-04-15 13:00:00,12.3,45,1.5,407.0,850.8
2017-04-15 14:00:00,14.6,37,1.8,816.0,850.4
2017-04-15 15:00:00,14.9,36,2.6,510.0,849.5
2017-04-15 16:00:00,15.4,34,5.1,446.0,848.8
2017-04-15 17:00:00,14.9,36,12.8,262.0,848.4
2017-04-15 18:00:00,13.4,43,13.0,98.0,848.4
2017-04-15 19:00:00,13.3,42,0.8,87.0,848.8
2017-04-15 20:00:00,12.8,45,3.2,11.0,849.6
2017-04-15 21:00:00,11.5,52,4.7,0.0,850.0
2017-04-15 22:00:00,11.5,53,3.3,0.0,850.6
2017-04-15 23:00:00,9.5,58,5.3,0.0,850.0
2017-04-16 00:00:00,9.1,58,4.5,0.0,850.2
2017-04-16 01:00:00,8.9,58,3.9,0.0,850.0
2017-04-16 02:00:00,8.7,60,5.8,0.0,850.0
2017-04-16 03:00:00,8.2,61,6.5,0.0,849.8
2017-04-16 04:00:00,9.5,54,4.0,0.0,851.3
2017-04-16 05:00:00,9.5,55,1.1,0.0,851.7
2017-04-16 06:00:00,8.2,63,2.9,0.0,852.1
2017-04-16 07:00:00,8.2,69,7.1,2.0,852.8
2017-04-16 08:00:00,9.8,60,3.3,49.0,854.1
2017-04-16 09:00:00,10.7,53,1.8,217.0,854.8
2017-04-16 10:00:00,11.5,48,6.1,355.0,855.4
2017-04-16 11:00:00,12.7,43,7.9,516.0,855.8
2017-04-16 12:00:00,12.3,43,3.3,313.0,855.9
2017-04-16 13:00:00,12.2,45,5.4,281.0,855.5
2017-04-16 14:00:00,12.3,45,5.4,348.0,855.0
2017-04-16 15:00:00,12.7,41,4.4,394.0,854.2
2017-04-16 16:00:00,13.9,37,6.7,563.0,853.9
2017-04-16 17:00:00,14.2,36,9.9,445.0,853.0
2017-04-16 18:00:00,13.8,36,10.0,264.0,852.4
2017-04-16 19:00:00,13.0,39,3.8,128.0,851.9
2017-04-16 20:00:00,10.4,45,10.7,16.0,850.4
2017-04-16 21:00:00,12.3,36,3.6,0.0,851.7
2017-04-16 22:00:00,11.1,41,4.0,0.0,851.4
2017-04-16 23:00:00,10.3,45,3.6,0.0,851.3
2017-04-17 00:00:00,9.7,47,3.1,0.0,850.6
2017-04-17 01:00:00,8.4,52,2.5,0.0,850.0
2017-04-17 02:00:00,7.2,57,1.1,0.0,849.0
2017-04-17 03:00:00,4.7,70,5.4,0.0,847.1
2017-04-17 04:00:00,3.7,77,7.2,0.0,846.3
2017-04-17 05:00:00,3.3,80,7.2,0.0,846.0
2017-04-17 06:00:00,4.1,75,4.3,0.0,846.1
2017-04-17 07:00:00,3.2,83,4.7,9.0,846.0
2017-04-17 08:00:00,7.1,65,4.4,134.0,847.6
2017-04-17 09:00:00,10.9,52,7.0,342.0,848.9
2017-04-17 10:00:00,15.4,32,7.2,553.0,849.7
2017-04-17 11:00:00,19.3,12,15.7,728.0,850.4
2017-04-17 12:00:00,21.3,10,21.6,868.0,849.8
2017-04-17 13:00:00,22.3,11,23.6,942.0,849.0
2017-04-17 14:00:00,23.3,11,21.6,942.0,848.2
2017-04-17 15:00:00,24.1,10,24.8,875.0,847.6
2017-04-17 16:00:00,23.9,11,23.2,751.0,846.4
2017-04-17 17:00:00,23.9,11,19.6,575.0,845.8
2017-04-17 18:00:00,23.3,11,14.5,367.0,845.4
2017-04-17 19:00:00,19.7,17,11.0,158.0,844.7
2017-04-17 20:00:00,15.4,21,13.9,17.0,843.0
2017-04-17 21:00:00,13.8,32,10.7,0.0,844.8
2017-04-17 22:00:00,17.0,27,7.2,0.0,847.6
2017-04-17 23:00:00,16.5,29,3.8,0.0,848.1
2017-04-18 00:00:00,12.5,39,6.3,0.0,846.3
2017-04-18 01:00:00,11.9,42,6.2,0.0,846.1
2017-04-18 02:00:00,10.2,49,8.3,0.0,845.0
2017-04-18 03:00:00,9.8,51,7.9,0.0,844.5
2017-04-18 04:00:00,8.1,58,9.0,0.0,843.1
2017-04-18 05:00:00,11.2,47,1.5,0.0,844.6
2017-04-18 06:00:00,10.1,50,3.1,0.0,843.6
2017-04-18 07:00:00,9.4,53,3.8,10.0,843.1
2017-04-18 08:00:00,10.5,53,2.4,132.0,844.1
2017-04-18 09:00:00,12.8,46,6.2,335.0,845.2
2017-04-18 10:00:00,15.5,38,7.8,543.0,845.8
2017-04-18 11:00:00,17.8,30,5.9,722.0,846.0
2017-04-18 12:00:00,19.5,26,5.6,829.0,845.6
2017-04-18 13:00:00,20.9,23,4.4,908.0,845.0
2017-04-18 14:00:00,22.1,21,2.4,920.0,844.5
2017-04-18 15:00:00,23.2,19,1.1,859.0,843.5
2017-04-18 16:00:00,23.8,18,1.8,740.0,842.5
2017-04-18 17:00:00,24.0,18,6.1,563.0,841.7
2017-04-18 18:00:00,23.7,19,8.3,337.0,841.4
2017-04-18 19:00:00,21.8,27,12.3,147.0,840.9
2017-04-18 20:00:00,19.8,23,13.6,16.0,840.5
2017-04-18 21:00:00,19.2,26,13.6,0.0,842.0
2017-04-18 22:00:00,18.0,31,20.6,0.0,843.3
2017-04-18 23:00:00,16.3,36,16.5,0.0,843.8
2017-04-19 00:00:00,15.0,41,16.7,0.0,844.1
2017-04-19 01:00:00,13.5,50,18.1,0.0,844.4
2017-04-19 02:00:00,12.0,55,18.2,0.0,844.4
2017-04-19 03:00:00,10.7,57,18.4,0.0,844.5
2017-04-19 04:00:00,8.8,58,16.2,0.0,845.0
2017-04-19 05:00:00,7.4,61,9.4,0.0,846.1
2017-04-19 06:00:00,6.8,60,11.5,0.0,847.2
2017-04-19 07:00:00,5.6,72,10.2,2.0,848.2
2017-04-19 08:00:00,4.7,76,12.1,31.0,849.6
2017-04-19 09:00:00,4.9,82,12.3,69.0,850.6
2017-04-19 10:00:00,5.9,73,8.8,244.0,851.7
2017-04-19 11:00:00,6.3,61,9.7,191.0,851.6
2017-04-19 12:00:00,7.8,47,11.3,311.0,851.3
2017-04-19 13:00:00,8.9,38,10.0,426.0,850.8
2017-04-19 14:00:00,9.8,33,8.8,501.0,850.4
2017-04-19 15:00:00,10.2,32,5.5,448.0,849.9
2017-04-19 16:00:00,10.6,28,3.6,304.0,849.2
2017-04-19 17:00:00,11.4,26,4.9,324.0,849.3
2017-04-19 18:00:00,11.2,26,7.0,201.0,848.9
2017-04-19 19:00:00,10.5,28,7.8,134.0,848.9
2017-04-19 20:00:00,8.6,37,3.9,16.0,850.2
2017-04-19 21:00:00,8.4,40,4.6,0.0,850.5
2017-04-19 22:00:00,5.1,54,6.8,0.0,848.8
2017-04-19 23:00:00,4.4,59,5.6,0.0,848.2
2017-04-20 00:00:00,3.5,65,5.6,0.0,847.9
2017-04-20 01:00:00,2.6,70,5.9,0.0,848.0
2017-04-20 02:00:00,2.1,73,3.6,0.0,847.7
2017-04-20 03:00:00,1.8,74,2.3,0.0,847.4
2017-04-20 04:00:00,1.5,74,2.4,0.0,847.6
2017-04-20 05:00:00,1.3,69,5.5,0.0,847.1
2017-04-20 06:00:00,1.4,73,6.3,0.0,847.9
2017-04-20 07:00:00,1.6,77,2.9,12.0,849.1
2017-04-20 08:00:00,4.1,65,10.5,141.0,851.2
2017-04-20 09:00:00,7.1,51,6.9,315.0,852.2
2017-04-20 10:00:00,9.3,40,5.2,538.0,852.6
2017-04-20 11:00:00,11.2,32,7.8,742.0,853.1
2017-04-20 12:00:00,12.5,28,8.9,853.0,853.4
2017-04-20 13:00:00,13.8,25,10.5,869.0,853.0
2017-04-20 14:00:00,14.4,24,15.6,830.0,852.6
2017-04-20 15:00:00,14.8,24,9.9,706.0,852.0
2017-04-20 16:00:00,14.3,22,17.8,487.0,851.6
2017-04-20 17:00:00,14.4,21,19.2,363.0,851.3
2017-04-20 18:00:00,13.7,19,19.9,297.0,851.6
2017-04-20 19:00:00,11.9,20,14.6,167.0,851.5
2017-04-20 20:00:00,10.1,26,9.3,21.0,850.0
2017-04-20 21:00:00,7.9,27,8.0,0.0,850.2
2017-04-20 22:00:00,5.8,30,9.0,0.0,850.2
2017-04-20 23:00:00,6.2,33,6.3,0.0,850.7
2017-04-21 00:00:00,7.5,32,2.9,0.0,850.9
2017-04-21 01:00:00,6.7,35,1.1,0.0,850.9
2017-04-21 02:00:00,5.5,39,3.3,0.0,850.3
2017-04-21 03:00:00,3.2,44,6.6,0.0,849.0
2017-04-21 04:00:00,3.7,41,4.0,0.0,849.2
2017-04-21 05:00:00,2.0,48,3.7,0.0,848.4
2017-04-21 06:00:00,2.7,48,1.9,0.0,848.9
2017-04-21 07:00:00,2.6,52,2.9,8.0,849.4
2017-04-21 08:00:00,4.1,45,0.7,79.0,850.7
2017-04-21 09:00:00,6.2,34,3.6,205.0,851.7
2017-04-21 10:00:00,8.0,27,1.5,358.0,851.9
2017-04-21 11:00:00,10.2,23,5.0,573.0,852.0
2017-04-21 12:00:00,13.0,21,3.2,826.0,851.8
2017-04-21 13:00:00,15.0,21,2.6,884.0,851.0
2017-04-21 14:00:00,16.5,20,5.4,912.0,850.2
2017-04-21 15:00:00,17.4,19,6.2,871.0,849.6
2017-04-21 16:00:00,17.9,18,7.4,761.0,848.9
2017-04-21 17:00:00,17.9,17,7.9,591.0,848.3
2017-04-21 18:00:00,17.4,16,6.6,384.0,848.2
2017-04-21 19:00:00,15.3,25,5.2,171.0,847.3
2017-04-21 20:00:00,14.3,18,8.4,21.0,847.2
2017-04-21 21:00:00,10.6,24,10.7,0.0,846.1
2017-04-21 22:00:00,10.9,27,8.8,0.0,846.9
2017-04-21 23:00:00,8.9,33,8.7,0.0,845.8
2017-04-22 00:00:00,8.4,35,5.5,0.0,845.5
2017-04-22 01:00:00,8.0,37,1.8,0.0,845.5
2017-04-22 02:00:00,7.7,39,2.5,0.0,845.5
2017-04-22 03:00:00,7.7,41,2.6,0.0,844.8
2017-04-22 04:00:00,7.6,43,5.5,0.0,844.3
2017-04-22 05:00:00,7.3,46,2.6,0.0,844.0
2017-04-22 06:00:00,6.8,49,4.0,0.0,843.8
2017-04-22 07:00:00,6.3,52,4.3,15.0,844.0
2017-04-22 08:00:00,7.9,46,4.4,149.0,846.1
2017-04-22 09:00:00,10.5,36,3.6,357.0,847.3
2017-04-22 10:00:00,12.9,28,2.6,566.0,847.9
2017-04-22 11:00:00,15.5,23,3.9,745.0,848.3
2017-04-22 12:00:00,18.1,19,6.3,876.0,848.8
2017-04-22 13:00:00,19.8,14,7.4,949.0,848.1
2017-04-22 14:00:00,20.8,12,6.4,956.0,847.7
2017-04-22 15:00:00,21.3,11,7.6,878.0,846.9
2017-04-22 16:00:00,21.4,10,8.4,765.0,846.3
2017-04-22 17:00:00,21.4,10,8.4,591.0,845.9
2017-04-22 18:00:00,20.9,10,14.6,368.0,845.7
2017-04-22 19:00:00,19.5,12,12.8,138.0,845.9
2017-04-22 20:00:00,14.5,15,13.8,22.0,843.8
2017-04-22 21:00:00,12.9,16,10.6,0.0,844.6
2017-04-22 22:00:00,13.6,14,7.6,0.0,846.0
2017-04-22 23:00:00,9.6,23,9.2,0.0,844.0
2017-04-23 00:00:00,9.4,24,7.5,0.0,843.9
2017-04-23 01:00:00,8.7,26,8.4,0.0,844.1
2017-04-23 02:00:00,8.4,24,7.3,0.0,844.4
2017-04-23 03:00:00,10.4,20,2.1,0.0,845.3
2017-04-23 04:00:00,9.9,20,2.3,0.0,844.9
2017-04-23 05:00:00,9.4,22,1.8,0.0,844.6
2017-04-23 06:00:00,9.2,24,1.0,0.0,844.6
2017-04-23 07:00:00,6.7,31,6.3,16.0,843.6
2017-04-23 08:00:00,9.4,23,3.4,156.0,846.0
2017-04-23 09:00:00,11.9,19,4.7,364.0,847.5
2017-04-23 10:00:00,14.9,15,4.6,574.0,848.1
2017-04-23 11:00:00,17.5,12,4.4,754.0,848.5
2017-04-23 12:00:00,19.6,11,2.4,885.0,848.4
2017-04-23 13:00:00,21.2,12,0.7,968.0,847.6
2017-04-23 14:00:00,22.2,12,2.1,947.0,847.4
2017-04-23 15:00:00,22.9,11,1.9,877.0,846.6
2017-04-23 16:00:00,23.2,10,4.2,753.0,845.7
2017-04-23 17:00:00,23.2,9,6.1,597.0,845.3
2017-04-23 18:00:00,22.4,9,5.8,387.0,844.6
2017-04-23 19:00:00,20.8,11,7.0,175.0,843.7
2017-04-23 20:00:00,17.0,16,11.5,23.0,842.2
2017-04-23 21:00:00,15.6,18,9.0,0.0,842.9
2017-04-23 22:00:00,14.6,27,8.7,0.0,843.7
2017-04-23 23:00:00,13.0,34,8.5,0.0,842.9
2017-04-24 00:00:00,11.1,42,10.5,0.0,843.0
2017-04-24 01:00:00,12.4,35,7.9,0.0,844.2
2017-04-24 02:00:00,14.1,27,3.3,0.0,845.0
2017-04-24 03:00:00,12.0,33,7.1,0.0,843.9
2017-04-24 04:00:00,12.1,35,7.1,0.0,844.2
2017-04-24 05:00:00,10.6,39,8.2,0.0,843.7
2017-04-24 06:00:00,9.4,42,8.3,0.0,843.4
2017-04-24 07:00:00,9.6,41,7.6,15.0,844.3
2017-04-24 08:00:00,13.0,32,6.2,132.0,846.7
2017-04-24 09:00:00,15.4,21,3.1,302.0,848.5
2017-04-24 10:00:00,17.6,23,2.6,478.0,848.9
2017-04-24 11:00:00,20.2,25,8.2,686.0,849.4
2017-04-24 12:00:00,22.0,19,12.9,738.0,849.3
2017-04-24 13:00:00,23.2,17,14.9,822.0,848.4
2017-04-24 14:00:00,22.2,23,22.9,555.0,847.5
2017-04-24 15:00:00,21.0,28,24.7,402.0,846.9
2017-04-24 16:00:00,20.8,31,20.7,464.0,846.5
2017-04-24 17:00:00,19.2,34,20.1,277.0,846.1
2017-04-24 18:00:00,19.5,32,16.8,187.0,846.0
2017-04-24 19:00:00,18.7,36,12.7,65.0,846.3
2017-04-24 20:00:00,19.1,28,12.1,6.0,845.8
2017-04-24 21:00:00,17.1,36,6.3,0.0,846.8
2017-04-24 22:00:00,16.2,30,5.9,0.0,848.1
2017-04-24 23:00:00,16.5,20,17.3,0.0,848.9
2017-04-25 00:00:00,15.0,25,16.0,0.0,849.5
2017-04-25 01:00:00,14.4,28,14.6,0.0,850.1
2017-04-25 02:00:00,13.1,42,18.0,0.0,850.7
2017-04-25 03:00:00,12.3,47,13.5,0.0,851.0
2017-04-25 04:00:00,11.4,54,9.4,0.0,851.3
2017-04-25 05:00:00,10.6,64,6.9,0.0,851.4
2017-04-25 06:00:00,10.1,71,5.4,0.0,851.4
2017-04-25 07:00:00,9.6,82,6.8,4.0,851.7
2017-04-25 08:00:00,10.1,76,7.9,32.0,852.6
2017-04-25 09:00:00,11.2,60,10.3,134.0,853.6
2017-04-25 10:00:00,13.3,45,8.2,396.0,854.1
2017-04-25 11:00:00,15.5,36,8.4,620.0,854.6
2017-04-25 12:00:00,16.3,33,11.2,568.0,854.4
2017-04-25 13:00:00,16.7,31,7.0,553.0,853.5
2017-04-25 14:00:00,18.1,25,4.5,607.0,852.8
2017-04-25 15:00:00,18.1,26,14.2,546.0,852.0
2017-04-25 16:00:00,18.3,24,5.8,496.0,850.9
2017-04-25 17:00:00,18.6,22,2.9,305.0,850.2
2017-04-25 18:00:00,18.3,21,5.8,208.0,850.0
2017-04-25 19:00:00,18.0,22,2.3,149.0,849.8
2017-04-25 20:00:00,16.2,23,12.3,16.0,849.8
2017-04-25 21:00:00,14.5,28,9.7,0.0,850.1
2017-04-25 22:00:00,12.3,32,9.8,0.0,849.6
2017-04-25 23:00:00,12.3,34,6.9,0.0,850.1
2017-04-26 00:00:00,11.0,39,7.7,0.0,850.0
2017-04-26 01:00:00,10.1,41,7.7,0.0,849.9
2017-04-26 02:00:00,10.4,40,5.9,0.0,850.0
2017-04-26 03:00:00,10.5,40,5.9,0.0,849.8
2017-04-26 04:00:00,11.2,38,7.7,0.0,850.5
2017-04-26 05:00:00,10.6,40,5.4,0.0,850.3
2017-04-26 06:00:00,9.8,42,6.9,0.0,850.2
2017-04-26 07:00:00,10.5,41,4.9,9.0,851.0
2017-04-26 08:00:00,11.8,37,3.1,72.0,852.9
2017-04-26 09:00:00,12.3,38,3.4,115.0,853.9
2017-04-26 10:00:00,12.8,39,3.1,210.0,854.6
2017-04-26 11:00:00,12.9,41,2.3,238.0,855.0
2017-04-26 12:00:00,14.4,38,4.0,495.0,855.3
2017-04-26 13:00:00,15.2,35,6.6,411.0,855.1
2017-04-26 14:00:00,15.3,34,9.2,368.0,854.6
2017-04-26 15:00:00,15.3,34,6.9,340.0,854.8
2017-04-26 16:00:00,15.0,37,10.4,314.0,854.5
2017-04-26 17:00:00,14.3,39,11.9,242.0,854.0
2017-04-26 18:00:00,14.6,36,7.6,188.0,853.9
2017-04-26 19:00:00,14.5,36,5.6,88.0,854.1
2017-04-26 20:00:00,13.0,46,10.1,16.0,853.8
2017-04-26 21:00:00,11.2,60,8.8,0.0,854.1
2017-04-26 22:00:00,9.1,70,6.0,0.0,853.8
2017-04-26 23:00:00,7.7,77,5.3,0.0,853.2
2017-04-27 00:00:00,6.5,83,5.2,0.0,853.0
2017-04-27 01:00:00,5.9,81,3.1,0.0,852.8
2017-04-27 02:00:00,5.4,78,3.6,0.0,852.2
2017-04-27 03:00:00,6.2,70,3.1,0.0,852.5
2017-04-27 04:00:00,6.8,67,1.8,0.0,852.4
2017-04-27 05:00:00,6.7,69,1.5,0.0,852.7
2017-04-27 06:00:00,6.7,70,2.3,0.0,852.7
2017-04-27 07:00:00,5.8,78,4.2,21.0,852.5
2017-04-27 08:00:00,8.3,71,3.6,169.0,854.4
2017-04-27 09:00:00,10.7,59,2.3,374.0,855.6
2017-04-27 10:00:00,13.2,46,2.8,570.0,855.6
2017-04-27 11:00:00,15.6,33,2.9,728.0,855.8
2017-04-27 12:00:00,17.0,27,4.2,852.0,855.7
2017-04-27 13:00:00,18.0,25,6.0,904.0,854.8
2017-04-27 14:00:00,18.6,24,6.8,840.0,853.9
2017-04-27 15:00:00,19.2,23,7.6,818.0,852.9
2017-04-27 16:00:00,19.5,22,9.0,622.0,851.6
2017-04-27 17:00:00,20.0,20,9.0,590.0,850.8
2017-04-27 18:00:00,19.0,22,16.3,387.0,850.1
2017-04-27 19:00:00,18.1,24,12.2,180.0,849.7
2017-04-27 20:00:00,16.2,25,12.3,26.0,848.9
2017-04-27 21:00:00,14.8,29,9.4,0.0,849.0
2017-04-27 22:00:00,13.3,32,8.7,0.0,849.2
2017-04-27 23:00:00,11.0,39,7.2,0.0,848.5
2017-04-28 00:00:00,9.1,47,7.3,0.0,847.9
2017-04-28 01:00:00,10.2,45,3.1,0.0,848.6
2017-04-28 02:00:00,9.7,47,2.5,0.0,848.2
2017-04-28 03:00:00,9.9,46,4.0,0.0,848.5
2017-04-28 04:00:00,10.0,47,4.1,0.0,848.9
2017-04-28 05:00:00,9.5,48,4.6,0.0,848.8
2017-04-28 06:00:00,9.1,49,2.2,0.0,848.7
2017-04-28 07:00:00,8.3,53,2.9,22.0,848.8
2017-04-28 08:00:00,10.5,46,2.7,168.0,850.9
2017-04-28 09:00:00,13.0,38,5.4,375.0,852.0
2017-04-28 10:00:00,15.6,31,5.5,580.0,852.5
2017-04-28 11:00:00,18.0,25,4.1,755.0,852.6
2017-04-28 12:00:00,20.0,20,1.5,888.0,852.7
2017-04-28 13:00:00,21.4,17,2.3,957.0,851.9
2017-04-28 14:00:00,22.3,16,5.1,962.0,851.4
2017-04-28 15:00:00,22.8,15,6.6,896.0,850.4
2017-04-28 16:00:00,22.9,15,8.8,769.0,849.4
2017-04-28 17:00:00,22.9,14,11.0,581.0,848.7
2017-04-28 18:00:00,22.4,15,12.0,372.0,848.1
2017-04-28 19:00:00,20.4,21,16.0,158.0,847.8
2017-04-28 20:00:00,17.2,34,7.6,27.0,845.8
2017-04-28 21:00:00,15.2,36,7.1,0.0,845.4
2017-04-28 22:00:00,13.3,41,7.1,0.0,845.3
2017-04-28 23:00:00,13.5,41,2.2,0.0,846.0
2017-04-29 00:00:00,11.1,48,2.1,0.0,845.1
2017-04-29 01:00:00,12.0,45,2.6,0.0,846.0
2017-04-29 02:00:00,12.0,44,4.5,0.0,845.9
2017-04-29 03:00:00,11.3,46,6.0,0.0,845.3
2017-04-29 04:00:00,11.7,44,4.8,0.0,845.6
2017-04-29 05:00:00,11.4,46,3.2,0.0,845.4
2017-04-29 06:00:00,11.1,47,2.8,0.0,845.2
2017-04-29 07:00:00,10.5,49,2.4,23.0,845.4
2017-04-29 08:00:00,11.9,45,1.8,171.0,846.4
2017-04-29 09:00:00,14.6,37,3.4,377.0,847.6
2017-04-29 10:00:00,17.2,30,5.4,575.0,848.1
2017-04-29 11:00:00,19.9,24,3.3,756.0,848.3
2017-04-29 12:00:00,22.0,19,2.4,884.0,848.2
2017-04-29 13:00:00,23.5,18,3.0,936.0,847.4
2017-04-29 14:00:00,24.5,16,4.9,876.0,846.9
2017-04-29 15:00:00,25.1,15,7.4,755.0,845.9
2017-04-29 16:00:00,24.8,16,15.0,694.0,845.2
2017-04-29 17:00:00,24.6,14,11.8,461.0,844.4
2017-04-29 18:00:00,24.2,12,9.8,321.0,844.2
2017-04-29 19:00:00,23.1,13,9.6,154.0,843.7
2017-04-29 20:00:00,23.4,15,7.2,28.0,843.3
2017-04-29 21:00:00,21.0,23,21.3,0.0,843.9
2017-04-29 22:00:00,18.3,34,15.8,0.0,843.9
2017-04-29 23:00:00,16.5,40,11.9,0.0,843.9
2017-04-30 00:00:00,14.7,48,8.7,0.0,843.7
2017-04-30 01:00:00,14.6,49,6.4,0.0,844.0
2017-04-30 02:00:00,14.4,50,3.9,0.0,844.0
2017-04-30 03:00:00,14.6,53,0.5,0.0,844.1
2017-04-30 04:00:00,12.1,61,5.2,0.0,843.2
2017-04-30 05:00:00,11.4,62,7.5,0.0,842.8
2017-04-30 06:00:00,13.2,52,2.3,0.0,844.1
2017-04-30 07:00:00,12.1,61,5.7,22.0,844.3
2017-04-30 08:00:00,15.0,48,9.3,136.0,846.7
2017-04-30 09:00:00,15.7,38,12.2,82.0,847.9
2017-04-30 10:00:00,17.4,23,15.5,224.0,848.8
2017-04-30 11:00:00,18.6,22,22.8,482.0,849.3
2017-04-30 12:00:00,17.8,26,21.1,563.0,849.9
2017-04-30 13:00:00,19.4,23,14.8,680.0,849.6
2017-04-30 14:00:00,18.7,25,16.0,487.0,849.2
2017-04-30 15:00:00,18.9,26,13.6,466.0,848.7
2017-04-30 16:00:00,17.1,30,17.7,326.0,847.7
2017-04-30 17:00:00,17.2,31,12.3,456.0,847.4
2017-04-30 18:00:00,17.0,31,6.4,281.0,847.2
2017-04-30 19:00:00,16.6,31,6.9,172.0,847.0
2017-04-30 20:00:00,16.8,32,5.4,29.0,846.7
2017-04-30 21:00:00,13.1,41,9.1,0.0,845.4
2017-04-30 22:00:00,12.2,43,8.9,0.0,845.3
2017-04-30 23:00:00,13.0,41,5.5,0.0,846.1
2017-05-01 00:00:00,13.0,43,3.1,0.0,845.9
2017-05-01 01:00:00,12.2,45,1.9,0.0,845.5
2017-05-01 02:00:00,11.4,49,3.0,0.0,844.9
2017-05-01 03:00:00,11.1,51,1.8,0.0,844.5
2017-05-01 04:00:00,10.7,52,0.7,0.0,844.3
2017-05-01 05:00:00,10.3,53,1.8,0.0,844.0
2017-05-01 06:00:00,10.1,53,1.4,0.0,844.1
2017-05-01 07:00:00,9.8,55,3.0,26.0,844.1
2017-05-01 08:00:00,11.7,48,2.5,176.0,845.2
2017-05-01 09:00:00,14.1,40,2.1,383.0,846.1
2017-05-01 10:00:00,16.2,35,1.1,587.0,846.5
2017-05-01 11:00:00,18.5,29,0.8,761.0,846.7
2017-05-01 12:00:00,20.4,25,4.7,887.0,846.6
2017-05-01 13:00:00,22.0,25,7.1,953.0,845.7
2017-05-01 14:00:00,23.3,25,8.0,954.0,845.0
2017-05-01 15:00:00,24.8,24,8.4,889.0,843.6
2017-05-01 16:00:00,26.0,24,10.1,766.0,842.3
2017-05-01 17:00:00,26.4,23,14.5,594.0,841.4
2017-05-01 18:00:00,25.9,25,21.6,392.0,840.6
2017-05-01 19:00:00,24.1,30,24.5,184.0,840.0
2017-05-01 20:00:00,22.4,35,23.2,31.0,839.5
2017-05-01 21:00:00,20.6,41,24.3,0.0,839.7
2017-05-01 22:00:00,19.0,46,24.2,0.0,839.8
2017-05-01 23:00:00,17.6,53,21.7,0.0,839.6
2017-05-02 00:00:00,16.6,58,21.3,0.0,839.4
2017-05-02 01:00:00,15.9,63,21.8,0.0,839.0
2017-05-02 02:00:00,14.9,69,16.9,0.0,838.8
2017-05-02 03:00:00,13.6,76,7.7,0.0,838.6
2017-05-02 04:00:00,13.0,77,7.2,0.0,838.4
2017-05-02 05:00:00,12.2,79,7.8,0.0,838.8
2017-05-02 06:00:00,11.8,81,3.9,0.0,839.8
2017-05-02 07:00:00,13.6,76,5.9,18.0,841.5
2017-05-02 08:00:00,15.6,72,15.8,37.0,843.2
2017-05-02 09:00:00,13.5,65,13.9,42.0,844.3
2017-05-02 10:00:00,13.9,63,0.8,106.0,845.4
2017-05-02 11:00:00,14.5,62,5.6,97.0,845.7
2017-05-02 12:00:00,15.4,49,8.2,170.0,846.6
2017-05-02 13:00:00,15.5,45,15.3,208.0,846.6
2017-05-02 14:00:00,14.7,46,17.6,136.0,846.6
2017-05-02 15:00:00,15.0,45,18.3,251.0,847.0
2017-05-02 16:00:00,14.2,52,14.5,174.0,846.8
2017-05-02 17:00:00,14.1,48,11.5,171.0,847.2
2017-05-02 18:00:00,13.5,46,5.2,140.0,848.1
2017-05-02 19:00:00,12.2,67,5.8,57.0,848.8
2017-05-02 20:00:00,10.4,66,10.3,10.0,850.0
2017-05-02 21:00:00,9.0,77,7.6,0.0,850.9
2017-05-02 22:00:00,8.2,77,5.6,0.0,852.1
2017-05-02 23:00:00,7.8,79,8.2,0.0,852.3
2017-05-03 00:00:00,7.8,78,8.9,0.0,852.0
2017-05-03 01:00:00,7.2,80,4.6,0.0,850.9
2017-05-03 02:00:00,7.4,82,2.9,0.0,850.6
2017-05-03 03:00:00,7.5,83,2.3,0.0,850.2
2017-05-03 04:00:00,7.1,86,3.3,0.0,849.9
2017-05-03 05:00:00,7.0,87,4.1,0.0,850.2
2017-05-03 06:00:00,6.7,89,5.1,0.0,850.2
2017-05-03 07:00:00,7.6,85,3.9,22.0,851.5
2017-05-03 08:00:00,8.5,81,3.8,151.0,852.1
2017-05-03 09:00:00,10.3,71,4.7,350.0,853.1
2017-05-03 10:00:00,12.3,55,3.7,556.0,853.7
2017-05-03 11:00:00,14.9,39,6.9,688.0,854.5
2017-05-03 12:00:00,17.1,30,13.2,798.0,855.2
2017-05-03 13:00:00,16.7,29,22.9,619.0,854.8
2017-05-03 14:00:00,13.7,37,30.1,746.0,854.9
2017-05-03 15:00:00,14.4,27,22.7,712.0,854.8
2017-05-03 16:00:00,14.5,25,19.6,665.0,854.5
2017-05-03 17:00:00,13.9,24,19.3,548.0,854.1
2017-05-03 18:00:00,13.6,25,16.9,398.0,853.5
2017-05-03 19:00:00,12.0,29,16.3,196.0,853.3
2017-05-03 20:00:00,10.2,33,11.7,32.0,853.5
2017-05-03 21:00:00,8.8,38,6.4,0.0,853.6
2017-05-03 22:00:00,8.2,42,5.3,0.0,853.6
2017-05-03 23:00:00,9.2,40,2.1,0.0,854.0
2017-05-04 00:00:00,8.9,41,1.5,0.0,853.3
2017-05-04 01:00:00,8.3,44,0.7,0.0,852.6
2017-05-04 02:00:00,7.9,47,4.3,0.0,851.6
2017-05-04 03:00:00,5.8,59,6.6,0.0,849.6
2017-05-04 04:00:00,7.1,52,4.2,0.0,849.5
2017-05-04 05:00:00,4.8,62,4.0,0.0,848.4
2017-05-04 06:00:00,5.7,60,4.0,0.0,849.0
2017-05-04 07:00:00,5.7,63,2.1,31.0,849.2
2017-05-04 08:00:00,7.2,49,1.1,189.0,850.5
2017-05-04 09:00:00,9.7,42,4.9,399.0,851.1
2017-05-04 10:00:00,12.0,39,4.3,605.0,851.3
2017-05-04 11:00:00,14.5,36,6.6,781.0,851.2
2017-05-04 12:00:00,16.8,33,9.3,910.0,851.1
2017-05-04 13:00:00,18.5,31,8.7,977.0,850.4
2017-05-04 14:00:00,20.1,26,3.7,976.0,850.0
2017-05-04 15:00:00,21.3,20,6.5,894.0,849.5
2017-05-04 16:00:00,21.1,16,9.8,612.0,848.7
2017-05-04 17:00:00,20.7,19,16.5,565.0,848.1
2017-05-04 18:00:00,19.3,24,21.5,398.0,848.1
2017-05-04 19:00:00,17.6,28,17.1,195.0,848.2
2017-05-04 20:00:00,15.9,32,10.2,36.0,847.1
2017-05-04 21:00:00,14.6,35,11.9,0.0,849.0
2017-05-04 22:00:00,14.2,31,12.9,0.0,851.2
2017-05-04 23:00:00,12.9,31,6.9,0.0,851.7
2017-05-05 00:00:00,13.7,26,11.2,0.0,853.4
2017-05-05 01:00:00,11.1,30,24.3,0.0,855.3
2017-05-05 02:00:00,8.8,30,12.5,0.0,856.2
2017-05-05 03:00:00,8.2,27,10.0,0.0,856.8
2017-05-05 04:00:00,7.4,27,8.8,0.0,856.9
2017-05-05 05:00:00,7.1,24,11.7,0.0,857.5
2017-05-05 06:00:00,6.7,22,10.8,0.0,857.5
2017-05-05 07:00:00,6.5,19,9.4,14.0,858.0
2017-05-05 08:00:00,7.3,17,8.4,85.0,858.1
2017-05-05 09:00:00,8.2,14,7.7,262.0,858.5
2017-05-05 10:00:00,9.6,12,5.2,580.0,858.6
2017-05-05 11:00:00,11.0,12,4.7,719.0,858.5
2017-05-05 12:00:00,12.4,12,3.2,789.0,858.0
2017-05-05 13:00:00,13.7,13,2.0,804.0,857.0
2017-05-05 14:00:00,14.7,12,2.3,688.0,856.2
2017-05-05 15:00:00,15.3,11,3.8,553.0,855.6
2017-05-05 16:00:00,15.9,10,4.7,469.0,854.8
2017-05-05 17:00:00,16.0,9,4.8,349.0,854.1
2017-05-05 18:00:00,16.2,9,5.1,251.0,853.9
2017-05-05 19:00:00,15.9,11,5.6,116.0,854.0
2017-05-05 20:00:00,13.1,21,7.8,23.0,853.9
2017-05-05 21:00:00,12.5,34,7.7,0.0,854.9
2017-05-05 22:00:00,11.5,36,7.3,0.0,855.0
2017-05-05 23:00:00,9.9,39,7.7,0.0,854.4
2017-05-06 00:00:00,9.9,38,4.7,0.0,854.2
2017-05-06 01:00:00,7.7,45,5.2,0.0,852.8
2017-05-06 02:00:00,5.6,51,7.1,0.0,851.2
2017-05-06 03:00:00,7.3,42,3.9,0.0,852.1
2017-05-06 04:00:00,7.1,42,2.3,0.0,852.1
2017-05-06 05:00:00,6.9,44,1.1,0.0,852.1
2017-05-06 06:00:00,6.3,50,3.3,0.0,851.8
2017-05-06 07:00:00,5.9,54,1.9,36.0,851.8
2017-05-06 08:00:00,7.1,42,1.8,199.0,853.5
2017-05-06 09:00:00,10.1,30,1.1,414.0,854.5
2017-05-06 10:00:00,12.7,24,2.5,619.0,854.7
2017-05-06 11:00:00,15.0,16,3.8,786.0,854.6
2017-05-06 12:00:00,17.0,14,4.1,909.0,854.3
2017-05-06 13:00:00,18.5,14,5.7,977.0,853.4
2017-05-06 14:00:00,19.9,15,6.3,986.0,852.5
2017-05-06 15:00:00,20.9,15,5.7,921.0,851.6
2017-05-06 16:00:00,21.7,14,7.2,795.0,850.3
2017-05-06 17:00:00,22.1,14,11.2,615.0,849.3
2017-05-06 18:00:00,21.4,17,18.8,413.0,848.8
2017-05-06 19:00:00,19.4,20,24.8,202.0,848.2
2017-05-06 20:00:00,17.1,26,22.7,38.0,847.7
2017-05-06 21:00:00,15.5,29,20.7,0.0,848.4
2017-05-06 22:00:00,14.2,32,21.7,0.0,848.5
2017-05-06 23:00:00,13.1,35,16.3,0.0,849.1
2017-05-07 00:00:00,12.1,38,15.3,0.0,848.8
2017-05-07 01:00:00,11.5,41,14.7,0.0,848.1
2017-05-07 02:00:00,10.6,44,11.1,0.0,847.6
2017-05-07 03:00:00,10.6,44,8.4,0.0,847.4
2017-05-07 04:00:00,9.6,47,6.7,0.0,847.5
2017-05-07 05:00:00,9.9,45,5.8,0.0,847.7
2017-05-07 06:00:00,9.6,47,6.5,0.0,847.8
2017-05-07 07:00:00,10.5,47,3.6,21.0,848.9
2017-05-07 08:00:00,11.7,48,5.5,78.0,850.4
2017-05-07 09:00:00,12.7,46,4.9,205.0,851.4
2017-05-07 10:00:00,14.3,40,1.1,388.0,851.8
2017-05-07 11:00:00,15.6,36,1.9,503.0,852.0
2017-05-07 12:00:00,17.4,31,5.2,714.0,852.0
2017-05-07 13:00:00,18.3,25,7.6,768.0,851.5
2017-05-07 14:00:00,18.8,21,7.9,736.0,851.0
2017-05-07 15:00:00,18.9,21,5.9,548.0,850.2
2017-05-07 16:00:00,19.5,19,3.8,546.0,849.7
2017-05-07 17:00:00,19.6,19,7.6,420.0,849.3
2017-05-07 18:00:00,19.4,18,7.3,305.0,849.0
2017-05-07 19:00:00,18.7,18,8.8,112.0,848.9
2017-05-07 20:00:00,15.6,28,14.8,21.0,849.0
2017-05-07 21:00:00,14.9,31,15.0,0.0,849.7
2017-05-07 22:00:00,13.3,38,6.4,0.0,849.3
2017-05-07 23:00:00,11.2,43,7.7,0.0,848.2
2017-05-08 00:00:00,10.3,46,4.5,0.0,847.5
2017-05-08 01:00:00,10.3,48,2.0,0.0,847.4
2017-05-08 02:00:00,9.6,53,3.0,0.0,847.3
2017-05-08 03:00:00,7.2,65,3.1,0.0,845.8
2017-05-08 04:00:00,7.3,66,2.6,0.0,846.1
2017-05-08 05:00:00,6.8,69,3.3,0.0,845.9
2017-05-08 06:00:00,6.5,72,4.2,0.0,846.0
2017-05-08 07:00:00,8.0,66,2.3,38.0,847.2
2017-05-08 08:00:00,9.8,61,3.8,200.0,848.9
2017-05-08 09:00:00,13.3,46,3.7,411.0,850.1
2017-05-08 10:00:00,17.2,33,9.3,617.0,851.1
2017-05-08 11:00:00,20.4,20,11.2,793.0,851.3
2017-05-08 12:00:00,21.8,11,6.2,924.0,851.1
2017-05-08 13:00:00,23.0,9,5.1,997.0,850.5
2017-05-08 14:00:00,24.0,7,5.6,998.0,849.7
2017-05-08 15:00:00,24.4,7,6.0,934.0,848.6
2017-05-08 16:00:00,24.3,7,4.8,803.0,847.6
2017-05-08 17:00:00,24.0,7,2.5,621.0,847.0
2017-05-08 18:00:00,23.6,8,5.8,380.0,846.2
2017-05-08 19:00:00,22.5,9,5.9,214.0,845.3
2017-05-08 20:00:00,19.2,11,9.5,42.0,844.1
2017-05-08 21:00:00,18.0,14,10.7,0.0,844.7
2017-05-08 22:00:00,16.4,16,10.4,0.0,845.2
2017-05-08 23:00:00,15.4,17,8.5,0.0,845.1
2017-05-09 00:00:00,13.8,19,9.2,0.0,845.0
2017-05-09 01:00:00,13.9,19,6.9,0.0,845.0
2017-05-09 02:00:00,14.6,20,2.2,0.0,845.4
2017-05-09 03:00:00,12.7,24,5.5,0.0,844.8
2017-05-09 04:00:00,13.8,24,1.3,0.0,845.3
2017-05-09 05:00:00,13.1,26,6.9,0.0,845.4
2017-05-09 06:00:00,10.1,33,3.8,0.0,844.5
2017-05-09 07:00:00,11.3,35,5.2,39.0,845.7
2017-05-09 08:00:00,15.0,23,7.8,202.0,847.8
2017-05-09 09:00:00,18.6,17,4.8,411.0,849.9
2017-05-09 10:00:00,20.6,15,2.7,610.0,850.4
2017-05-09 11:00:00,22.1,14,2.3,782.0,850.7
2017-05-09 12:00:00,23.2,14,3.8,868.0,850.5
2017-05-09 13:00:00,23.6,14,7.1,811.0,849.8
2017-05-09 14:00:00,24.4,14,7.3,805.0,849.1
2017-05-09 15:00:00,25.4,13,12.8,868.0,848.8
2017-05-09 16:00:00,25.6,12,12.2,785.0,848.2
2017-05-09 17:00:00,23.6,17,27.7,577.0,848.0
2017-05-09 18:00:00,23.0,18,22.7,385.0,848.3
2017-05-09 19:00:00,21.4,21,17.1,200.0,848.4
2017-05-09 20:00:00,19.0,25,8.1,41.0,847.8
2017-05-09 21:00:00,16.9,29,7.8,0.0,847.8
2017-05-09 22:00:00,15.2,34,8.6,0.0,847.9
2017-05-09 23:00:00,13.9,38,8.7,0.0,847.9
2017-05-10 00:00:00,13.0,41,8.9,0.0,847.7
2017-05-10 01:00:00,13.4,40,7.9,0.0,848.3
2017-05-10 02:00:00,13.6,39,5.5,0.0,848.4
2017-05-10 03:00:00,12.3,43,6.6,0.0,848.0
2017-05-10 04:00:00,13.6,39,2.5,0.0,848.7
2017-05-10 05:00:00,12.4,42,5.4,0.0,848.2
2017-05-10 06:00:00,13.5,39,2.6,0.0,848.7
2017-05-10 07:00:00,12.9,42,2.0,34.0,848.6
2017-05-10 08:00:00,13.8,41,3.7,153.0,850.4
2017-05-10 09:00:00,15.7,37,3.7,217.0,851.6
2017-05-10 10:00:00,17.6,32,3.1,333.0,852.2
2017-05-10 11:00:00,18.2,29,5.5,223.0,852.4
2017-05-10 12:00:00,19.1,24,14.7,180.0,852.6
2017-05-10 13:00:00,20.9,24,17.2,527.0,852.5
2017-05-10 14:00:00,21.6,22,14.3,599.0,852.1
2017-05-10 15:00:00,21.9,21,11.4,619.0,851.6
2017-05-10 16:00:00,21.8,21,7.9,530.0,851.0
2017-05-10 17:00:00,21.7,21,8.6,351.0,850.7
2017-05-10 18:00:00,20.9,22,7.7,219.0,850.8
2017-05-10 19:00:00,20.6,23,3.3,109.0,851.0
2017-05-10 20:00:00,18.8,23,4.7,17.0,850.9
2017-05-10 21:00:00,19.3,22,1.8,0.0,851.8
2017-05-10 22:00:00,14.5,32,8.3,0.0,850.4
2017-05-10 23:00:00,14.8,49,13.4,0.0,852.0
2017-05-11 00:00:00,13.4,53,7.4,0.0,851.5
2017-05-11 01:00:00,12.7,53,8.2,0.0,851.2
2017-05-11 02:00:00,12.5,43,10.1,0.0,851.3
2017-05-11 03:00:00,13.9,37,6.9,0.0,852.0
2017-05-11 04:00:00,12.0,44,8.4,0.0,851.2
2017-05-11 05:00:00,12.3,45,7.5,0.0,851.7
2017-05-11 06:00:00,9.9,55,9.9,0.0,850.6
2017-05-11 07:00:00,12.0,51,5.9,37.0,852.3
2017-05-11 08:00:00,16.1,33,11.3,171.0,854.8
2017-05-11 09:00:00,17.1,35,19.5,295.0,856.4
2017-05-11 10:00:00,19.0,26,20.3,435.0,857.0
2017-05-11 11:00:00,21.3,19,17.7,727.0,857.3
2017-05-11 12:00:00,22.5,16,14.2,856.0,857.4
2017-05-11 13:00:00,23.2,15,12.6,917.0,856.6
2017-05-11 14:00:00,24.0,13,12.9,910.0,856.1
2017-05-11 15:00:00,24.5,12,15.1,865.0,855.2
2017-05-11 16:00:00,24.4,12,14.1,743.0,854.1
2017-05-11 17:00:00,24.7,10,10.2,579.0,853.2
2017-05-11 18:00:00,24.5,10,10.9,408.0,852.9
2017-05-11 19:00:00,22.5,15,19.4,209.0,852.5
2017-05-11 20:00:00,19.8,18,9.2,45.0,851.1
2017-05-11 21:00:00,18.2,22,8.7,0.0,850.8
2017-05-11 22:00:00,16.0,26,9.3,0.0,850.3
2017-05-11 23:00:00,15.1,28,9.2,0.0,850.1
2017-05-12 00:00:00,14.4,29,8.3,0.0,849.6
2017-05-12 01:00:00,15.9,26,3.9,0.0,850.2
2017-05-12 02:00:00,14.6,29,4.3,0.0,849.3
2017-05-12 03:00:00,13.7,31,2.2,0.0,848.5
2017-05-12 04:00:00,13.2,32,2.3,0.0,848.3
2017-05-12 05:00:00,12.5,35,3.6,0.0,848.1
2017-05-12 06:00:00,10.1,44,6.5,0.0,847.0
2017-05-12 07:00:00,10.8,46,3.5,44.0,847.7
2017-05-12 08:00:00,13.7,41,4.8,213.0,850.1
2017-05-12 09:00:00,17.3,31,3.7,421.0,851.3
2017-05-12 10:00:00,21.3,22,5.6,625.0,851.9
2017-05-12 11:00:00,24.7,14,11.6,798.0,852.1
2017-05-12 12:00:00,26.6,10,12.6,923.0,852.0
2017-05-12 13:00:00,27.6,9,9.7,990.0,851.4
2017-05-12 14:00:00,28.3,8,9.5,992.0,850.6
2017-05-12 15:00:00,28.7,7,10.3,927.0,849.8
2017-05-12 16:00:00,28.7,7,10.6,802.0,848.6
2017-05-12 17:00:00,28.9,7,9.7,622.0,847.7
2017-05-12 18:00:00,29.0,6,5.1,406.0,846.9
2017-05-12 19:00:00,27.5,7,5.8,196.0,845.9
2017-05-12 20:00:00,22.6,8,13.0,47.0,844.1
2017-05-12 21:00:00,23.4,9,4.3,0.0,845.5
2017-05-12 22:00:00,18.0,16,8.8,0.0,844.1
2017-05-12 23:00:00,16.1,24,7.4,0.0,843.9
2017-05-13 00:00:00,14.6,28,11.4,0.0,844.0
2017-05-13 01:00:00,16.3,22,6.6,0.0,845.3
2017-05-13 02:00:00,15.9,16,5.8,0.0,845.2
2017-05-13 03:00:00,16.4,16,4.8,0.0,845.6
2017-05-13 04:00:00,12.7,22,7.9,0.0,844.0
2017-05-13 05:00:00,12.0,25,8.9,0.0,844.5
2017-05-13 06:00:00,12.2,27,9.1,0.0,844.8
2017-05-13 07:00:00,14.1,26,4.9,36.0,846.0
2017-05-13 08:00:00,16.3,21,4.7,161.0,847.8
2017-05-13 09:00:00,18.7,14,3.1,258.0,849.1
2017-05-13 10:00:00,20.7,11,4.8,375.0,849.5
2017-05-13 11:00:00,22.6,9,3.6,493.0,849.6
2017-05-13 12:00:00,24.8,6,7.4,528.0,849.9
2017-05-13 13:00:00,26.5,6,19.5,757.0,849.7
2017-05-13 14:00:00,26.5,7,19.7,743.0,849.4
2017-05-13 15:00:00,26.2,9,18.9,563.0,849.1
2017-05-13 16:00:00,25.3,15,27.1,560.0,848.6
2017-05-13 17:00:00,24.1,16,25.5,310.0,848.0
2017-05-13 18:00:00,22.6,18,25.9,224.0,848.4
2017-05-13 19:00:00,22.1,18,17.8,155.0,848.7
2017-05-13 20:00:00,19.8,22,8.7,40.0,848.3
2017-05-13 21:00:00,18.1,23,8.4,0.0,848.6
2017-05-13 22:00:00,19.0,22,16.1,0.0,850.5
2017-05-13 23:00:00,15.4,52,18.7,0.0,850.9
2017-05-14 00:00:00,13.2,62,7.4,0.0,851.4
2017-05-14 01:00:00,12.4,65,6.2,0.0,852.0
2017-05-14 02:00:00,13.4,59,1.0,0.0,852.5
2017-05-14 03:00:00,13.4,58,1.1,0.0,852.6
2017-05-14 04:00:00,13.2,57,3.7,0.0,852.3
2017-05-14 05:00:00,12.9,57,4.4,0.0,852.1
2017-05-14 06:00:00,12.2,52,11.6,0.0,852.2
2017-05-14 07:00:00,11.6,53,11.3,40.0,852.4
2017-05-14 08:00:00,11.1,57,8.7,90.0,852.7
2017-05-14 09:00:00,12.8,48,5.4,229.0,853.1
2017-05-14 10:00:00,15.7,38,7.7,614.0,853.6
2017-05-14 11:00:00,18.1,30,8.7,787.0,853.3
2017-05-14 12:00:00,19.7,26,8.0,900.0,853.2
2017-05-14 13:00:00,20.4,24,7.9,869.0,852.0
2017-05-14 14:00:00,21.5,22,15.2,870.0,851.8
2017-05-14 15:00:00,19.4,29,18.2,758.0,851.7
2017-05-14 16:00:00,19.2,26,19.4,545.0,850.8
2017-05-14 17:00:00,19.5,25,11.2,344.0,850.9
2017-05-14 18:00:00,18.9,25,15.5,256.0,850.8
2017-05-14 19:00:00,18.0,29,12.2,130.0,851.0
2017-05-14 20:00:00,15.4,40,9.4,31.0,852.2
2017-05-14 21:00:00,14.1,44,5.6,0.0,852.3
2017-05-14 22:00:00,13.3,48,5.5,0.0,852.6
2017-05-14 23:00:00,12.7,50,5.9,0.0,852.8
2017-05-15 00:00:00,13.1,49,5.6,0.0,852.9
2017-05-15 01:00:00,12.8,50,4.8,0.0,852.6
2017-05-15 02:00:00,12.2,52,3.6,0.0,852.2
2017-05-15 03:00:00,11.2,56,5.5,0.0,851.7
2017-05-15 04:00:00,10.1,62,6.1,0.0,851.1
2017-05-15 05:00:00,10.6,62,3.3,0.0,851.9
2017-05-15 06:00:00,10.3,63,1.5,0.0,852.1
2017-05-15 07:00:00,10.1,65,0.5,42.0,852.6
2017-05-15 08:00:00,11.5,62,5.8,170.0,854.1
2017-05-15 09:00:00,13.3,54,2.3,378.0,854.9
2017-05-15 10:00:00,15.3,46,4.5,565.0,855.2
2017-05-15 11:00:00,16.7,40,11.0,721.0,855.7
2017-05-15 12:00:00,17.6,38,12.4,755.0,855.8
2017-05-15 13:00:00,18.1,38,8.0,693.0,855.2
2017-05-15 14:00:00,16.6,46,18.0,785.0,854.8
2017-05-15 15:00:00,17.8,40,4.9,542.0,853.6
2017-05-15 16:00:00,19.5,34,10.1,624.0,853.3
2017-05-15 17:00:00,20.2,32,12.8,614.0,852.9
2017-05-15 18:00:00,19.4,31,14.1,354.0,852.5
2017-05-15 19:00:00,18.9,33,11.0,144.0,852.4
2017-05-15 20:00:00,16.8,39,6.5,43.0,852.5
2017-05-15 21:00:00,15.4,45,7.0,0.0,852.7
2017-05-15 22:00:00,14.2,50,6.7,0.0,852.8
2017-05-15 23:00:00,12.9,56,8.1,0.0,852.9
2017-05-16 00:00:00,12.4,58,7.2,0.0,852.8
2017-05-16 01:00:00,12.3,57,6.8,0.0,852.4
2017-05-16 02:00:00,12.4,56,4.9,0.0,852.1
2017-05-16 03:00:00,11.2,60,2.7,0.0,851.4
2017-05-16 04:00:00,9.0,69,2.6,0.0,849.9
2017-05-16 05:00:00,9.2,69,1.8,0.0,849.6
2017-05-16 06:00:00,9.3,70,1.9,0.0,849.5
2017-05-16 07:00:00,9.7,70,3.6,48.0,850.0
2017-05-16 08:00:00,12.2,59,3.7,215.0,851.4
2017-05-16 09:00:00,14.9,48,4.6,421.0,852.3
2017-05-16 10:00:00,17.6,38,1.6,622.0,852.9
2017-05-16 11:00:00,19.9,32,2.1,794.0,852.7
2017-05-16 12:00:00,22.0,27,1.1,917.0,852.4
2017-05-16 13:00:00,23.5,22,2.7,982.0,851.5
2017-05-16 14:00:00,24.6,19,6.1,981.0,850.6
2017-05-16 15:00:00,25.5,18,9.4,912.0,849.6
2017-05-16 16:00:00,25.8,17,12.3,783.0,848.3
2017-05-16 17:00:00,25.7,16,11.3,591.0,847.5
2017-05-16 18:00:00,25.1,16,11.3,314.0,846.9
2017-05-16 19:00:00,24.3,17,13.0,186.0,846.5
2017-05-16 20:00:00,22.4,20,12.8,48.0,846.0
2017-05-16 21:00:00,20.1,27,10.2,0.0,845.7
2017-05-16 22:00:00,18.5,32,9.5,0.0,845.6
2017-05-16 23:00:00,16.4,39,7.0,0.0,845.6
2017-05-17 00:00:00,14.7,44,8.1,0.0,845.0
2017-05-17 01:00:00,13.6,48,8.0,0.0,844.2
2017-05-17 02:00:00,15.1,45,2.3,0.0,845.0
2017-05-17 03:00:00,14.9,47,3.3,0.0,844.9
2017-05-17 04:00:00,14.5,48,5.5,0.0,844.7
2017-05-17 05:00:00,12.6,53,6.9,0.0,844.0
2017-05-17 06:00:00,13.3,50,5.8,0.0,844.3
2017-05-17 07:00:00,13.2,53,1.8,49.0,844.8
2017-05-17 08:00:00,15.2,44,3.6,215.0,846.3
2017-05-17 09:00:00,17.2,38,1.5,420.0,846.8
2017-05-17 10:00:00,19.5,33,3.7,620.0,847.2
2017-05-17 11:00:00,21.6,29,2.6,767.0,847.2
2017-05-17 12:00:00,23.1,25,3.2,846.0,847.0
2017-05-17 13:00:00,24.3,24,3.2,874.0,846.3
2017-05-17 14:00:00,25.2,24,5.8,749.0,845.8
2017-05-17 15:00:00,26.4,20,16.5,662.0,845.4
2017-05-17 16:00:00,22.7,36,17.7,520.0,845.1
2017-05-17 17:00:00,21.8,38,20.5,226.0,844.9
2017-05-17 18:00:00,21.8,37,11.9,284.0,844.7
2017-05-17 19:00:00,21.5,37,9.2,102.0,844.9
2017-05-17 20:00:00,16.7,63,8.0,37.0,845.0
2017-05-17 21:00:00,17.2,60,3.3,0.0,845.7
2017-05-17 22:00:00,16.2,69,4.2,0.0,845.6
2017-05-17 23:00:00,15.2,73,4.8,0.0,845.6
2017-05-18 00:00:00,14.2,73,5.5,0.0,845.3
2017-05-18 01:00:00,13.4,76,4.2,0.0,844.4
2017-05-18 02:00:00,13.3,77,5.5,0.0,844.5
2017-05-18 03:00:00,12.9,76,5.1,0.0,844.5
2017-05-18 04:00:00,12.5,76,4.4,0.0,844.0
2017-05-18 05:00:00,13.8,69,2.5,0.0,844.6
2017-05-18 06:00:00,13.3,71,0.0,0.0,844.5
2017-05-18 07:00:00,13.1,77,3.8,48.0,844.6
2017-05-18 08:00:00,14.7,74,5.6,206.0,846.1
2017-05-18 09:00:00,17.3,57,5.8,410.0,847.5
2017-05-18 10:00:00,19.8,45,6.8,618.0,848.1
2017-05-18 11:00:00,22.1,36,9.0,797.0,848.1
2017-05-18 12:00:00,23.7,28,10.5,892.0,847.9
2017-05-18 13:00:00,24.8,24,13.5,853.0,847.4
2017-05-18 14:00:00,25.6,22,12.3,876.0,847.0
2017-05-18 15:00:00,26.9,17,11.3,909.0,846.4
2017-05-18 16:00:00,27.7,14,22.9,778.0,846.0
2017-05-18 17:00:00,26.8,16,18.1,508.0,845.4
2017-05-18 18:00:00,26.4,15,16.2,398.0,844.9
2017-05-18 19:00:00,25.2,18,21.4,214.0,844.8
2017-05-18 20:00:00,21.5,23,8.7,54.0,845.0
2017-05-18 21:00:00,19.7,29,7.6,0.0,845.0
2017-05-18 22:00:00,18.4,35,8.9,0.0,845.2
2017-05-18 23:00:00,16.7,42,6.1,0.0,844.9
2017-05-19 00:00:00,15.1,50,7.5,0.0,844.6
2017-05-19 01:00:00,16.4,47,3.3,0.0,845.0
2017-05-19 02:00:00,16.0,48,2.1,0.0,844.5
2017-05-19 03:00:00,15.1,52,2.9,0.0,844.4
2017-05-19 04:00:00,14.0,58,3.7,0.0,843.7
2017-05-19 05:00:00,13.2,62,2.1,0.0,843.3
2017-05-19 06:00:00,11.5,69,6.0,0.0,842.4
2017-05-19 07:00:00,13.2,61,4.2,53.0,843.7
2017-05-19 08:00:00,15.3,54,2.6,222.0,844.7
2017-05-19 09:00:00,18.1,44,3.1,429.0,845.7
2017-05-19 10:00:00,20.8,34,4.0,630.0,845.9
2017-05-19 11:00:00,23.4,28,4.2,799.0,845.9
2017-05-19 12:00:00,25.6,23,5.0,922.0,845.8
2017-05-19 13:00:00,27.4,20,7.3,986.0,845.0
2017-05-19 14:00:00,28.8,17,9.7,988.0,844.5
2017-05-19 15:00:00,29.7,16,11.9,926.0,843.8
2017-05-19 16:00:00,30.1,16,13.8,805.0,842.9
2017-05-19 17:00:00,30.0,18,16.3,636.0,842.0
2017-05-19 18:00:00,29.1,20,22.9,435.0,841.2
2017-05-19 19:00:00,26.0,31,27.9,228.0,840.6
2017-05-19 20:00:00,24.4,35,23.6,56.0,840.6
2017-05-19 21:00:00,22.3,45,26.5,0.0,840.7
2017-05-19 22:00:00,20.7,52,23.8,0.0,841.3
2017-05-19 23:00:00,19.8,55,20.0,0.0,841.9
2017-05-20 00:00:00,18.7,58,15.9,0.0,842.0
2017-05-20 01:00:00,17.6,62,14.3,0.0,841.5
2017-05-20 02:00:00,16.7,66,7.9,0.0,841.3
2017-05-20 03:00:00,15.5,70,6.6,0.0,841.5
2017-05-20 04:00:00,15.1,72,6.4,0.0,841.5
2017-05-20 05:00:00,14.2,77,6.0,0.0,841.5
2017-05-20 06:00:00,13.1,83,7.6,0.0,841.3
2017-05-20 07:00:00,15.2,73,5.2,53.0,842.8
2017-05-20 08:00:00,17.2,65,3.7,221.0,844.3
2017-05-20 09:00:00,19.5,55,4.3,405.0,845.6
2017-05-20 10:00:00,21.5,48,1.0,611.0,845.9
2017-05-20 11:00:00,23.7,41,1.0,772.0,846.0
2017-05-20 12:00:00,25.9,33,3.3,857.0,846.2
2017-05-20 13:00:00,27.8,28,8.0,870.0,845.9
2017-05-20 14:00:00,28.6,23,11.2,726.0,845.4
2017-05-20 15:00:00,29.4,19,14.1,660.0,845.1
2017-05-20 16:00:00,29.2,20,13.3,587.0,844.4
2017-05-20 17:00:00,29.1,20,13.4,477.0,843.8
2017-05-20 18:00:00,28.6,20,11.3,283.0,843.6
2017-05-20 19:00:00,28.0,21,11.3,130.0,843.6
2017-05-20 20:00:00,26.7,20,11.1,33.0,843.0
2017-05-20 21:00:00,24.5,33,16.5,0.0,843.9
2017-05-20 22:00:00,22.4,42,9.2,0.0,844.1
2017-05-20 23:00:00,21.5,47,9.8,0.0,844.9
2017-05-21 00:00:00,19.9,51,7.8,0.0,844.8
2017-05-21 01:00:00,21.2,45,3.8,0.0,845.3
2017-05-21 02:00:00,20.4,48,4.7,0.0,845.1
2017-05-21 03:00:00,20.1,49,1.3,0.0,845.4
2017-05-21 04:00:00,17.2,64,6.0,0.0,844.2
2017-05-21 05:00:00,17.1,65,4.3,0.0,844.3
2017-05-21 06:00:00,16.8,64,5.4,0.0,844.9
2017-05-21 07:00:00,18.1,56,6.0,28.0,846.4
2017-05-21 08:00:00,20.3,39,6.1,72.0,848.4
2017-05-21 09:00:00,21.8,27,12.8,357.0,849.5
2017-05-21 10:00:00,22.7,26,17.3,524.0,849.8
2017-05-21 11:00:00,23.9,25,15.3,737.0,849.5
2017-05-21 12:00:00,25.2,23,15.4,822.0,849.1
2017-05-21 13:00:00,26.5,23,19.2,837.0,848.3
2017-05-21 14:00:00,26.8,24,16.4,735.0,847.5
2017-05-21 15:00:00,26.7,26,19.2,700.0,846.5
2017-05-21 16:00:00,25.1,29,22.9,409.0,845.5
2017-05-21 17:00:00,27.0,23,16.6,340.0,844.9
2017-05-21 18:00:00,23.0,33,29.5,254.0,844.5
2017-05-21 19:00:00,22.4,36,27.1,139.0,844.8
2017-05-21 20:00:00,20.3,43,21.3,41.0,846.2
2017-05-21 21:00:00,18.9,47,19.5,0.0,847.3
2017-05-21 22:00:00,18.6,48,17.9,0.0,848.6
2017-05-21 23:00:00,17.5,52,18.2,0.0,849.1
2017-05-22 00:00:00,16.1,57,12.0,0.0,849.4
2017-05-22 01:00:00,15.4,64,8.9,0.0,849.6
2017-05-22 02:00:00,13.5,65,8.7,0.0,849.4
2017-05-22 03:00:00,13.0,68,3.3,0.0,849.9
2017-05-22 04:00:00,12.0,82,10.8,0.0,850.1
2017-05-22 05:00:00,11.4,79,2.3,0.0,850.8
2017-05-22 06:00:00,11.2,78,2.6,0.0,851.5
2017-05-22 07:00:00,10.7,79,6.4,7.0,852.2
2017-05-22 08:00:00,10.9,75,6.4,24.0,853.1
2017-05-22 09:00:00,10.8,79,7.3,48.0,853.8
2017-05-22 10:00:00,10.8,78,7.9,72.0,854.2
2017-05-22 11:00:00,10.8,78,5.6,89.0,854.4
2017-05-22 12:00:00,11.8,70,8.1,225.0,854.7
2017-05-22 13:00:00,12.6,64,7.0,317.0,854.8
2017-05-22 14:00:00,13.5,56,3.1,322.0,854.5
2017-05-22 15:00:00,14.0,53,2.2,297.0,853.9
2017-05-22 16:00:00,15.3,48,2.3,420.0,853.6
2017-05-22 17:00:00,16.0,45,1.8,390.0,853.1
2017-05-22 18:00:00,16.3,44,2.8,345.0,852.7
2017-05-22 19:00:00,16.1,44,1.8,192.0,852.3
2017-05-22 20:00:00,15.2,50,10.5,58.0,851.2
2017-05-22 21:00:00,13.0,60,6.5,0.0,850.7
2017-05-22 22:00:00,12.8,61,8.3,0.0,851.4
2017-05-22 23:00:00,11.8,65,7.6,0.0,851.6
2017-05-23 00:00:00,11.0,68,7.1,0.0,851.2
2017-05-23 01:00:00,9.8,74,8.4,0.0,850.6
2017-05-23 02:00:00,9.9,73,7.2,0.0,850.5
2017-05-23 03:00:00,11.3,66,4.7,0.0,850.7
2017-05-23 04:00:00,11.1,68,3.3,0.0,850.2
2017-05-23 05:00:00,10.9,70,0.8,0.0,850.0
2017-05-23 06:00:00,9.3,81,3.5,0.0,849.5
2017-05-23 07:00:00,10.2,78,2.6,56.0,850.4
2017-05-23 08:00:00,11.5,70,2.2,223.0,852.2
2017-05-23 09:00:00,13.7,59,2.1,429.0,853.4
2017-05-23 10:00:00,16.1,50,2.8,624.0,854.1
2017-05-23 11:00:00,18.5,42,4.6,793.0,854.0
2017-05-23 12:00:00,20.5,36,6.3,911.0,854.1
2017-05-23 13:00:00,22.1,31,7.1,975.0,853.5
2017-05-23 14:00:00,23.5,27,10.0,977.0,853.1
2017-05-23 15:00:00,24.0,25,11.6,824.0,852.2
2017-05-23 16:00:00,23.2,25,12.3,526.0,851.2
2017-05-23 17:00:00,23.2,26,13.8,344.0,850.6
2017-05-23 18:00:00,22.6,28,20.0,401.0,850.4
2017-05-23 19:00:00,21.6,31,17.8,210.0,850.7
2017-05-23 20:00:00,20.7,33,9.8,35.0,850.5
2017-05-23 21:00:00,19.7,37,13.5,0.0,851.0
2017-05-23 22:00:00,18.9,38,15.7,0.0,851.8
2017-05-23 23:00:00,17.4,42,11.4,0.0,852.3
2017-05-24 00:00:00,16.5,41,7.8,0.0,852.4
2017-05-24 01:00:00,15.7,43,5.1,0.0,852.1
2017-05-24 02:00:00,15.1,46,5.8,0.0,851.9
2017-05-24 03:00:00,14.3,49,6.8,0.0,851.6
2017-05-24 04:00:00,13.9,49,5.5,0.0,851.4
2017-05-24 05:00:00,13.0,53,4.7,0.0,851.2
2017-05-24 06:00:00,13.0,54,3.4,0.0,851.6
2017-05-24 07:00:00,13.7,52,5.0,30.0,852.5
2017-05-24 08:00:00,14.5,49,3.4,152.0,853.8
2017-05-24 09:00:00,15.9,46,3.3,327.0,854.4
2017-05-24 10:00:00,17.4,43,3.6,533.0,854.7
2017-05-24 11:00:00,19.0,36,1.0,732.0,854.8
2017-05-24 12:00:00,20.0,30,2.2,758.0,854.8
2017-05-24 13:00:00,21.1,26,5.4,883.0,854.3
2017-05-24 14:00:00,21.6,24,5.1,713.0,853.7
2017-05-24 15:00:00,21.8,23,4.9,527.0,852.9
2017-05-24 16:00:00,21.1,24,15.3,222.0,852.0
2017-05-24 17:00:00,21.0,24,12.1,250.0,851.7
2017-05-24 18:00:00,21.5,23,4.3,229.0,851.5
2017-05-24 19:00:00,20.7,22,10.8,64.0,851.7
2017-05-24 20:00:00,18.0,36,6.5,21.0,852.3
2017-05-24 21:00:00,17.7,38,4.9,0.0,852.3
2017-05-24 22:00:00,16.5,47,5.1,0.0,852.5
2017-05-24 23:00:00,16.2,50,8.8,0.0,853.1
2017-05-25 00:00:00,15.3,53,9.5,0.0,853.3
2017-05-25 01:00:00,14.3,57,6.9,0.0,852.6
2017-05-25 02:00:00,15.1,55,5.8,0.0,853.4
2017-05-25 03:00:00,14.6,59,1.4,0.0,853.2
2017-05-25 04:00:00,13.9,62,1.0,0.0,852.6
2017-05-25 05:00:00,12.6,68,3.6,0.0,852.0
2017-05-25 06:00:00,10.5,77,6.0,0.0,851.0
2017-05-25 07:00:00,12.8,68,7.1,56.0,852.6
2017-05-25 08:00:00,14.4,62,2.3,204.0,854.6
2017-05-25 09:00:00,16.0,52,9.7,208.0,855.6
2017-05-25 10:00:00,17.9,40,14.2,399.0,856.2
2017-05-25 11:00:00,17.9,38,14.5,347.0,856.1
2017-05-25 12:00:00,19.3,29,9.4,514.0,856.5
2017-05-25 13:00:00,19.3,25,5.4,401.0,855.7
2017-05-25 14:00:00,20.9,16,7.7,700.0,855.6
2017-05-25 15:00:00,21.8,13,12.1,706.0,854.8
2017-05-25 16:00:00,22.2,17,17.1,756.0,854.1
2017-05-25 17:00:00,21.4,20,16.8,546.0,853.3
2017-05-25 18:00:00,21.2,21,12.0,345.0,852.6
2017-05-25 19:00:00,20.7,24,8.7,226.0,852.3
2017-05-25 20:00:00,18.5,37,13.4,65.0,851.9
2017-05-25 21:00:00,16.6,45,5.9,0.0,850.8
2017-05-25 22:00:00,15.9,52,4.2,0.0,851.2
2017-05-25 23:00:00,14.8,60,4.9,0.0,851.3
2017-05-26 00:00:00,15.0,59,2.9,0.0,851.2
2017-05-26 01:00:00,13.9,62,2.9,0.0,850.6
2017-05-26 02:00:00,11.7,71,4.0,0.0,849.3
2017-05-26 03:00:00,11.7,69,2.8,0.0,849.1
2017-05-26 04:00:00,12.5,64,2.2,0.0,849.2
2017-05-26 05:00:00,12.8,60,1.3,0.0,849.4
2017-05-26 06:00:00,10.6,73,5.8,0.0,848.2
2017-05-26 07:00:00,12.3,68,2.2,58.0,849.1
2017-05-26 08:00:00,14.4,53,3.3,208.0,851.1
2017-05-26 09:00:00,17.1,43,2.8,401.0,852.0
2017-05-26 10:00:00,19.3,36,3.8,602.0,852.3
2017-05-26 11:00:00,21.0,32,3.0,730.0,852.5
2017-05-26 12:00:00,21.7,31,14.8,856.0,853.0
2017-05-26 13:00:00,21.4,31,3.8,808.0,852.3
2017-05-26 14:00:00,22.1,25,9.0,542.0,851.5
2017-05-26 15:00:00,22.6,24,10.7,699.0,850.9
2017-05-26 16:00:00,23.2,21,6.8,579.0,850.1
2017-05-26 17:00:00,23.6,23,12.3,585.0,849.8
2017-05-26 18:00:00,22.9,25,6.5,311.0,849.2
2017-05-26 19:00:00,22.7,23,6.8,224.0,849.1
2017-05-26 20:00:00,19.7,30,8.0,64.0,848.5
2017-05-26 21:00:00,17.0,41,6.3,1.0,847.7
2017-05-26 22:00:00,14.5,55,5.1,0.0,847.1
2017-05-26 23:00:00,12.9,63,3.8,0.0,847.3
2017-05-27 00:00:00,12.5,65,2.3,0.0,847.4
2017-05-27 01:00:00,13.3,60,2.2,0.0,847.7
2017-05-27 02:00:00,13.1,62,2.2,0.0,847.7
2017-05-27 03:00:00,12.9,61,2.5,0.0,848.0
2017-05-27 04:00:00,13.0,61,3.0,0.0,848.0
2017-05-27 05:00:00,12.9,63,3.2,0.0,847.9
2017-05-27 06:00:00,12.8,63,2.6,0.0,848.2
2017-05-27 07:00:00,13.2,58,1.8,63.0,848.6
2017-05-27 08:00:00,15.5,45,2.6,239.0,850.1
2017-05-27 09:00:00,18.1,39,2.6,448.0,851.1
2017-05-27 10:00:00,20.9,31,3.8,648.0,851.6
2017-05-27 11:00:00,23.6,25,2.8,816.0,851.7
2017-05-27 12:00:00,25.7,20,2.1,937.0,851.7
2017-05-27 13:00:00,27.3,17,3.8,1000.0,851.2
2017-05-27 14:00:00,28.4,15,4.5,999.0,850.4
2017-05-27 15:00:00,29.2,14,3.6,937.0,849.5
2017-05-27 16:00:00,29.6,13,4.8,818.0,848.7
2017-05-27 17:00:00,29.7,11,6.8,653.0,848.0
2017-05-27 18:00:00,29.3,11,6.9,456.0,847.4
2017-05-27 19:00:00,28.3,12,8.7,249.0,846.7
2017-05-27 20:00:00,25.4,20,19.8,71.0,846.1
2017-05-27 21:00:00,23.0,28,19.0,1.0,846.2
2017-05-27 22:00:00,21.0,32,13.1,0.0,846.0
2017-05-27 23:00:00,19.4,35,10.5,0.0,846.0
2017-05-28 00:00:00,18.1,39,7.8,0.0,845.8
2017-05-28 01:00:00,16.5,44,7.6,0.0,845.0
2017-05-28 02:00:00,15.6,46,9.0,0.0,844.7
2017-05-28 03:00:00,15.9,45,7.4,0.0,845.2
2017-05-28 04:00:00,17.3,41,4.8,0.0,846.0
2017-05-28 05:00:00,14.7,46,7.9,0.0,845.0
2017-05-28 06:00:00,14.8,44,7.5,0.0,844.9
2017-05-28 07:00:00,16.1,40,3.9,60.0,845.6
2017-05-28 08:00:00,17.8,35,3.7,197.0,847.3
2017-05-28 09:00:00,19.8,32,2.1,341.0,848.1
2017-05-28 10:00:00,21.7,29,2.3,493.0,848.1
2017-05-28 11:00:00,23.7,25,3.2,700.0,848.1
2017-05-28 12:00:00,25.0,22,2.4,698.0,848.0
2017-05-28 13:00:00,26.0,20,3.5,661.0,847.0
2017-05-28 14:00:00,27.5,20,5.5,678.0,846.4
2017-05-28 15:00:00,29.3,15,11.6,771.0,845.9
2017-05-28 16:00:00,30.2,13,17.4,784.0,845.0
2017-05-28 17:00:00,29.6,16,23.0,588.0,844.2
2017-05-28 18:00:00,27.9,20,26.3,302.0,843.4
2017-05-28 19:00:00,26.2,26,24.0,129.0,843.1
2017-05-28 20:00:00,25.1,30,20.8,31.0,843.1
2017-05-28 21:00:00,23.7,36,24.4,0.0,843.6
2017-05-28 22:00:00,22.4,40,20.8,0.0,843.9
2017-05-28 23:00:00,21.4,42,16.4,0.0,844.0
2017-05-29 00:00:00,20.6,45,13.4,0.0,844.4
2017-05-29 01:00:00,19.6,48,10.6,0.0,843.9
2017-05-29 02:00:00,19.0,51,8.2,0.0,843.4
2017-05-29 03:00:00,18.0,56,5.5,0.0,843.2
2017-05-29 04:00:00,17.7,58,5.6,0.0,843.1
2017-05-29 05:00:00,17.2,61,5.2,0.0,843.2
2017-05-29 06:00:00,16.4,65,6.1,0.0,843.1
2017-05-29 07:00:00,17.6,60,4.0,40.0,844.2
2017-05-29 08:00:00,19.1,52,0.4,157.0,845.8
2017-05-29 09:00:00,21.1,46,3.9,307.0,847.0
2017-05-29 10:00:00,22.8,40,5.3,452.0,847.4
2017-05-29 11:00:00,24.9,31,2.1,719.0,847.7
2017-05-29 12:00:00,26.7,26,1.9,811.0,847.8
2017-05-29 13:00:00,28.9,19,10.2,925.0,847.5
2017-05-29 14:00:00,30.4,14,12.9,918.0,847.1
2017-05-29 15:00:00,31.2,11,16.6,795.0,846.7
2017-05-29 16:00:00,31.7,8,17.5,742.0,846.3
2017-05-29 17:00:00,31.5,8,22.1,632.0,845.8
2017-05-29 18:00:00,29.8,10,22.7,293.0,845.4
2017-05-29 19:00:00,28.9,12,21.3,220.0,845.4
2017-05-29 20:00:00,25.8,17,9.0,72.0,845.1
2017-05-29 21:00:00,22.4,21,10.7,1.0,844.2
2017-05-29 22:00:00,21.6,22,8.6,0.0,845.3
2017-05-29 23:00:00,19.8,45,7.1,0.0,846.4
2017-05-30 00:00:00,18.2,56,7.9,0.0,846.0
2017-05-30 01:00:00,19.6,56,4.3,0.0,847.2
2017-05-30 02:00:00,18.5,59,4.3,0.0,846.8
2017-05-30 03:00:00,18.3,56,2.8,0.0,846.3
2017-05-30 04:00:00,18.8,44,5.5,0.0,846.8
2017-05-30 05:00:00,18.4,45,4.3,0.0,846.8
2017-05-30 06:00:00,17.8,46,3.4,0.0,846.8
2017-05-30 07:00:00,17.0,43,7.1,64.0,847.1
2017-05-30 08:00:00,19.6,28,7.0,234.0,849.2
2017-05-30 09:00:00,22.3,21,4.3,439.0,850.3
2017-05-30 10:00:00,24.3,21,6.4,622.0,850.6
2017-05-30 11:00:00,26.3,17,7.4,778.0,850.3
2017-05-30 12:00:00,27.9,15,7.2,915.0,849.9
2017-05-30 13:00:00,29.0,15,5.9,984.0,849.6
2017-05-30 14:00:00,29.7,15,4.7,988.0,848.6
2017-05-30 15:00:00,30.4,14,6.3,929.0,847.6
2017-05-30 16:00:00,30.8,14,8.8,816.0,846.7
2017-05-30 17:00:00,30.6,15,11.9,650.0,846.0
2017-05-30 18:00:00,29.9,17,12.8,459.0,845.6
2017-05-30 19:00:00,29.0,18,13.2,218.0,845.1
2017-05-30 20:00:00,26.6,18,7.3,64.0,844.3
2017-05-30 21:00:00,24.8,21,7.3,1.0,844.1
2017-05-30 22:00:00,24.4,22,10.9,0.0,844.7
2017-05-30 23:00:00,22.3,33,8.6,0.0,844.1
2017-05-31 00:00:00,20.6,41,9.7,0.0,843.3
2017-05-31 01:00:00,19.7,46,7.4,0.0,842.7
2017-05-31 02:00:00,18.2,51,6.1,0.0,842.0
2017-05-31 03:00:00,18.0,52,4.9,0.0,841.8
2017-05-31 04:00:00,19.4,47,3.6,0.0,842.6
2017-05-31 05:00:00,19.8,47,2.1,0.0,843.1
2017-05-31 06:00:00,18.6,50,3.8,0.0,842.6
2017-05-31 07:00:00,19.4,48,2.0,28.0,843.1
2017-05-31 08:00:00,20.6,43,1.9,118.0,843.8
2017-05-31 09:00:00,21.8,41,1.5,237.0,844.4
2017-05-31 10:00:00,23.1,37,6.8,335.0,844.8
2017-05-31 11:00:00,24.3,34,6.8,411.0,845.0
2017-05-31 12:00:00,24.8,33,10.1,358.0,845.3
2017-05-31 13:00:00,24.7,31,8.9,294.0,845.3
2017-05-31 14:00:00,24.4,33,14.6,306.0,844.9
2017-05-31 15:00:00,25.2,31,13.4,433.0,844.9
2017-05-31 16:00:00,23.3,37,17.0,263.0,844.9
2017-05-31 17:00:00,19.9,56,9.8,144.0,844.9
2017-05-31 18:00:00,19.3,54,4.7,84.0,844.7
2017-05-31 19:00:00,18.6,57,6.6,52.0,844.9
2017-05-31 20:00:00,19.0,51,6.6,17.0,845.1
2017-05-31 21:00:00,19.2,50,8.1,0.0,846.0
2017-05-31 22:00:00,19.3,53,8.0,0.0,846.1
2017-05-31 23:00:00,18.8,56,8.0,0.0,846.1
2017-06-01 00:00:00,18.2,57,8.2,0.0,845.8
2017-06-01 01:00:00,17.7,62,6.7,0.0,845.5
2017-06-01 02:00:00,16.9,65,5.2,0.0,845.1
2017-06-01 03:00:00,16.2,66,5.9,0.0,844.6
2017-06-01 04:00:00,15.3,69,6.4,0.0,843.9
2017-06-01 05:00:00,15.5,67,5.4,0.0,844.0
2017-06-01 06:00:00,15.2,69,4.7,0.0,843.6
2017-06-01 07:00:00,16.9,62,3.1,60.0,844.2
2017-06-01 08:00:00,18.4,52,1.9,196.0,845.8
2017-06-01 09:00:00,21.4,36,9.4,355.0,847.0
2017-06-01 10:00:00,23.1,29,11.6,399.0,847.1
2017-06-01 11:00:00,23.9,27,10.1,350.0,846.9
2017-06-01 12:00:00,25.0,24,7.4,437.0,846.7
2017-06-01 13:00:00,27.2,20,4.1,805.0,846.6
2017-06-01 14:00:00,28.4,16,2.1,974.0,845.9
2017-06-01 15:00:00,29.0,15,4.4,906.0,845.1
2017-06-01 16:00:00,29.9,15,7.9,754.0,844.2
2017-06-01 17:00:00,29.9,16,11.9,554.0,843.1
2017-06-01 18:00:00,29.5,17,11.3,415.0,842.6
2017-06-01 19:00:00,28.5,19,9.0,215.0,842.0
2017-06-01 20:00:00,26.5,23,5.5,68.0,841.6
2017-06-01 21:00:00,24.9,29,6.5,1.0,841.2
2017-06-01 22:00:00,22.6,36,9.7,0.0,840.5
2017-06-01 23:00:00,21.9,35,10.2,0.0,841.1
2017-06-02 00:00:00,19.6,42,7.9,0.0,840.4
2017-06-02 01:00:00,18.1,46,7.7,0.0,840.0
2017-06-02 02:00:00,17.0,49,9.4,0.0,839.7
2017-06-02 03:00:00,17.9,48,6.4,0.0,840.0
2017-06-02 04:00:00,18.3,47,2.2,0.0,840.2
2017-06-02 05:00:00,18.4,47,4.4,0.0,840.5
2017-06-02 06:00:00,17.9,48,5.1,0.0,840.7
2017-06-02 07:00:00,18.1,48,3.9,52.0,841.0
2017-06-02 08:00:00,19.1,47,4.7,169.0,841.9
2017-06-02 09:00:00,21.1,41,6.4,329.0,842.9
2017-06-02 10:00:00,22.5,36,6.8,429.0,843.1
2017-06-02 11:00:00,24.1,33,7.1,552.0,843.3
2017-06-02 12:00:00,25.0,33,6.1,469.0,843.2
2017-06-02 13:00:00,25.1,32,6.9,327.0,843.2
2017-06-02 14:00:00,24.7,33,7.6,236.0,843.1
2017-06-02 15:00:00,24.2,35,6.7,215.0,843.1
2017-06-02 16:00:00,24.0,35,9.1,261.0,843.2
2017-06-02 17:00:00,23.4,39,12.8,229.0,843.6
2017-06-02 18:00:00,22.9,38,10.5,108.0,843.9
2017-06-02 19:00:00,22.5,36,11.2,37.0,844.6
2017-06-02 20:00:00,20.7,47,10.2,12.0,844.9
2017-06-02 21:00:00,20.0,50,8.7,0.0,845.6
2017-06-02 22:00:00,19.3,55,7.1,0.0,846.1
2017-06-02 23:00:00,18.3,62,7.6,0.0,846.4
2017-06-03 00:00:00,17.6,67,2.8,0.0,846.4
2017-06-03 01:00:00,16.9,76,1.9,0.0,845.7
2017-06-03 02:00:00,16.3,81,2.2,0.0,845.4
2017-06-03 03:00:00,16.1,81,2.2,0.0,845.3
2017-06-03 04:00:00,15.7,82,4.3,0.0,845.1
2017-06-03 05:00:00,15.5,83,5.4,0.0,845.0
2017-06-03 06:00:00,15.5,84,4.0,0.0,845.2
2017-06-03 07:00:00,15.7,82,3.2,5.0,845.6
2017-06-03 08:00:00,15.9,77,6.2,42.0,846.3
2017-06-03 09:00:00,16.8,73,7.7,114.0,847.3
2017-06-03 10:00:00,17.7,65,4.7,168.0,847.1
2017-06-03 11:00:00,18.2,60,3.3,187.0,847.1
2017-06-03 12:00:00,18.7,56,2.1,189.0,847.2
2017-06-03 13:00:00,19.5,51,1.5,262.0,846.9
2017-06-03 14:00:00,21.1,41,4.7,452.0,847.1
2017-06-03 15:00:00,21.9,33,7.9,425.0,846.7
2017-06-03 16:00:00,21.4,35,11.4,314.0,846.3
2017-06-03 17:00:00,20.6,42,12.4,268.0,846.0
2017-06-03 18:00:00,18.9,52,7.4,107.0,845.5
2017-06-03 19:00:00,17.7,60,3.1,68.0,845.5
2017-06-03 20:00:00,16.1,67,0.5,20.0,845.9
2017-06-03 21:00:00,15.3,79,3.6,0.0,846.3
2017-06-03 22:00:00,15.3,82,4.8,0.0,846.7
2017-06-03 23:00:00,15.2,83,3.1,0.0,846.8
2017-06-04 00:00:00,14.9,85,4.5,0.0,846.2
2017-06-04 01:00:00,14.5,88,5.8,0.0,845.6
2017-06-04 02:00:00,14.4,86,4.8,0.0,845.0
2017-06-04 03:00:00,14.2,84,7.0,0.0,844.8
2017-06-04 04:00:00,14.4,77,4.7,0.0,844.1
2017-06-04 05:00:00,14.4,74,4.6,0.0,844.1
2017-06-04 06:00:00,14.5,67,4.6,0.0,844.4
2017-06-04 07:00:00,14.2,69,4.4,12.0,844.3
2017-06-04 08:00:00,13.9,71,6.0,40.0,844.5
2017-06-04 09:00:00,14.1,71,4.0,69.0,844.9
2017-06-04 10:00:00,14.2,78,5.4,123.0,844.5
2017-06-04 11:00:00,14.8,76,5.4,211.0,844.7
2017-06-04 12:00:00,14.9,75,5.5,159.0,844.6
2017-06-04 13:00:00,15.1,76,5.8,172.0,844.3
2017-06-04 14:00:00,15.3,76,4.1,205.0,844.0
2017-06-04 15:00:00,15.5,76,6.9,228.0,843.8
2017-06-04 16:00:00,15.1,80,7.9,179.0,843.7
2017-06-04 17:00:00,15.4,80,8.4,179.0,844.0
2017-06-04 18:00:00,14.6,83,10.1,65.0,843.9
2017-06-04 19:00:00,14.3,83,8.9,44.0,844.7
2017-06-04 20:00:00,13.3,76,1.5,16.0,845.5
2017-06-04 21:00:00,12.8,84,7.6,0.0,845.9
2017-06-04 22:00:00,12.8,77,10.2,0.0,846.2
2017-06-04 23:00:00,13.1,72,7.4,0.0,846.1
2017-06-05 00:00:00,13.0,69,4.6,0.0,845.6
2017-06-05 01:00:00,12.4,70,6.5,0.0,844.7
2017-06-05 02:00:00,14.1,62,1.8,0.0,845.0
2017-06-05 03:00:00,11.9,75,4.3,0.0,843.9
2017-06-05 04:00:00,12.1,77,3.7,0.0,843.9
2017-06-05 05:00:00,10.9,85,4.9,0.0,843.5
2017-06-05 06:00:00,9.5,93,5.8,1.0,843.0
2017-06-05 07:00:00,10.9,90,2.8,66.0,843.9
2017-06-05 08:00:00,12.3,81,3.5,231.0,844.8
2017-06-05 09:00:00,14.6,65,3.1,419.0,845.7
2017-06-05 10:00:00,17.0,53,1.1,613.0,846.0
2017-06-05 11:00:00,18.8,46,2.3,790.0,845.9
2017-06-05 12:00:00,20.2,41,5.4,910.0,845.8
2017-06-05 13:00:00,21.4,38,5.5,971.0,845.6
2017-06-05 14:00:00,21.4,38,6.5,894.0,845.3
2017-06-05 15:00:00,20.8,40,9.4,710.0,845.3
2017-06-05 16:00:00,17.0,61,11.0,380.0,845.5
2017-06-05 17:00:00,18.3,47,7.0,226.0,845.9
2017-06-05 18:00:00,18.7,45,5.9,206.0,846.0
2017-06-05 19:00:00,18.7,42,1.8,163.0,846.5
2017-06-05 20:00:00,15.9,61,4.3,57.0,847.2
2017-06-05 21:00:00,14.4,63,7.5,2.0,847.4
2017-06-05 22:00:00,14.7,61,6.9,0.0,848.3
2017-06-05 23:00:00,14.2,64,6.0,0.0,848.3
2017-06-06 00:00:00,12.3,73,5.9,0.0,847.2
2017-06-06 01:00:00,12.8,70,2.1,0.0,846.9
2017-06-06 02:00:00,12.4,73,2.2,0.0,846.7
2017-06-06 03:00:00,10.6,84,6.1,0.0,846.3
2017-06-06 04:00:00,10.4,85,2.7,0.0,846.1
2017-06-06 05:00:00,11.1,83,3.0,0.0,846.8
2017-06-06 06:00:00,10.8,85,3.1,1.0,846.7
2017-06-06 07:00:00,11.3,85,2.3,68.0,847.2
2017-06-06 08:00:00,13.5,72,3.5,241.0,848.9
2017-06-06 09:00:00,16.9,56,6.5,444.0,850.2
2017-06-06 10:00:00,20.1,41,10.0,641.0,850.8
2017-06-06 11:00:00,22.8,28,9.1,811.0,851.1
2017-06-06 12:00:00,24.0,26,7.6,899.0,851.2
2017-06-06 13:00:00,24.5,25,8.0,975.0,850.5
2017-06-06 14:00:00,24.7,25,6.7,927.0,850.1
2017-06-06 15:00:00,23.5,27,9.3,821.0,849.4
2017-06-06 16:00:00,23.8,26,8.3,543.0,848.6
2017-06-06 17:00:00,24.0,26,5.8,526.0,848.1
2017-06-06 18:00:00,24.1,26,7.6,452.0,848.0
2017-06-06 19:00:00,23.4,28,11.3,235.0,848.2
2017-06-06 20:00:00,21.1,34,10.2,69.0,847.3
2017-06-06 21:00:00,18.6,42,7.6,2.0,847.5
2017-06-06 22:00:00,18.0,44,8.7,0.0,848.5
2017-06-06 23:00:00,18.5,44,4.9,0.0,849.5
2017-06-07 00:00:00,15.0,58,6.6,0.0,847.5
2017-06-07 01:00:00,14.3,65,6.4,0.0,847.0
2017-06-07 02:00:00,14.7,64,5.4,0.0,847.1
2017-06-07 03:00:00,15.1,61,3.1,0.0,847.1
2017-06-07 04:00:00,12.4,77,6.4,0.0,845.6
2017-06-07 05:00:00,11.9,82,5.9,0.0,845.5
2017-06-07 06:00:00,12.7,80,3.2,1.0,846.2
2017-06-07 07:00:00,13.3,78,1.1,68.0,846.7
2017-06-07 08:00:00,15.5,66,2.2,238.0,848.0
2017-06-07 09:00:00,17.6,55,1.8,435.0,849.1
2017-06-07 10:00:00,19.7,47,1.5,632.0,849.1
2017-06-07 11:00:00,21.6,40,1.6,796.0,849.1
2017-06-07 12:00:00,23.2,36,1.4,920.0,849.1
2017-06-07 13:00:00,24.4,35,2.6,975.0,848.5
2017-06-07 14:00:00,25.4,34,9.2,933.0,847.6
2017-06-07 15:00:00,23.4,38,10.0,800.0,847.0
2017-06-07 16:00:00,24.0,34,5.1,681.0,846.4
2017-06-07 17:00:00,24.3,33,9.2,437.0,846.4
2017-06-07 18:00:00,23.7,36,4.0,310.0,846.2
2017-06-07 19:00:00,21.9,42,15.5,204.0,846.6
2017-06-07 20:00:00,21.0,49,7.4,67.0,846.3
2017-06-07 21:00:00,19.2,58,6.5,2.0,846.6
2017-06-07 22:00:00,19.4,57,4.7,0.0,846.9
2017-06-07 23:00:00,17.2,69,5.0,0.0,846.6
2017-06-08 00:00:00,17.3,70,3.3,0.0,847.2
2017-06-08 01:00:00,16.0,77,5.4,0.0,846.6
2017-06-08 02:00:00,13.7,86,3.6,0.0,845.4
2017-06-08 03:00:00,14.2,79,1.9,0.0,845.6
2017-06-08 04:00:00,15.3,73,1.4,0.0,846.1
2017-06-08 05:00:00,15.0,74,2.1,0.0,846.0
2017-06-08 06:00:00,14.6,77,3.7,1.0,846.0
2017-06-08 07:00:00,15.0,79,2.2,66.0,846.4
2017-06-08 08:00:00,17.1,70,2.1,238.0,848.0
2017-06-08 09:00:00,19.2,61,1.0,439.0,848.9
2017-06-08 10:00:00,21.3,52,0.4,632.0,849.1
2017-06-08 11:00:00,23.1,43,1.3,765.0,849.2
2017-06-08 12:00:00,24.7,36,3.4,859.0,849.0
2017-06-08 13:00:00,25.9,30,4.7,872.0,848.5
2017-06-08 14:00:00,27.2,25,6.3,945.0,847.6
2017-06-08 15:00:00,28.0,23,9.6,886.0,846.9
2017-06-08 16:00:00,28.2,23,13.2,745.0,846.0
2017-06-08 17:00:00,27.5,24,17.3,429.0,845.5
2017-06-08 18:00:00,26.5,28,17.0,222.0,844.9
2017-06-08 19:00:00,25.5,29,16.3,152.0,845.0
2017-06-08 20:00:00,24.4,31,11.2,51.0,844.5
2017-06-08 21:00:00,23.1,35,9.7,1.0,845.0
2017-06-08 22:00:00,22.1,40,9.9,0.0,845.3
2017-06-08 23:00:00,21.1,47,7.1,0.0,845.3
2017-06-09 00:00:00,20.1,55,6.2,0.0,845.4
2017-06-09 01:00:00,19.2,62,7.1,0.0,845.1
2017-06-09 02:00:00,18.9,64,5.6,0.0,844.9
2017-06-09 03:00:00,18.6,66,3.8,0.0,844.7
2017-06-09 04:00:00,18.0,70,4.0,0.0,844.3
2017-06-09 05:00:00,17.8,71,4.3,0.0,844.4
2017-06-09 06:00:00,17.4,73,5.0,0.0,844.4
2017-06-09 07:00:00,17.9,71,8.0,16.0,845.3
2017-06-09 08:00:00,16.4,78,8.2,76.0,846.7
2017-06-09 09:00:00,16.5,82,8.8,126.0,847.9
2017-06-09 10:00:00,15.9,85,10.9,64.0,848.0
2017-06-09 11:00:00,15.4,84,13.0,92.0,848.2
2017-06-09 12:00:00,15.9,78,7.2,152.0,848.7
2017-06-09 13:00:00,16.4,67,4.7,177.0,848.8
2017-06-09 14:00:00,17.3,61,3.6,402.0,848.8
2017-06-09 15:00:00,17.6,60,4.9,261.0,848.3
2017-06-09 16:00:00,20.1,49,2.2,833.0,848.5
2017-06-09 17:00:00,20.5,45,2.5,542.0,847.9
2017-06-09 18:00:00,20.6,44,4.3,300.0,847.7
2017-06-09 19:00:00,20.1,45,8.7,160.0,847.8
2017-06-09 20:00:00,18.2,53,9.7,71.0,847.8
2017-06-09 21:00:00,16.5,65,4.6,2.0,847.6
2017-06-09 22:00:00,17.1,61,3.7,0.0,848.3
2017-06-09 23:00:00,16.3,65,1.4,0.0,848.4
2017-06-10 00:00:00,15.4,71,3.3,0.0,848.2
2017-06-10 01:00:00,14.6,76,2.9,0.0,847.9
2017-06-10 02:00:00,14.0,81,4.5,0.0,847.6
2017-06-10 03:00:00,13.2,86,5.1,0.0,847.3
2017-06-10 04:00:00,12.0,92,4.8,0.0,846.8
2017-06-10 05:00:00,12.1,95,2.2,0.0,846.9
2017-06-10 06:00:00,10.6,98,5.1,1.0,846.4
2017-06-10 07:00:00,12.1,93,2.3,68.0,847.5
2017-06-10 08:00:00,13.9,86,3.4,226.0,848.6
2017-06-10 09:00:00,16.6,70,2.8,443.0,849.6
2017-06-10 10:00:00,18.9,58,1.8,639.0,849.7
2017-06-10 11:00:00,21.2,46,1.9,801.0,849.7
2017-06-10 12:00:00,23.5,31,1.3,895.0,849.8
2017-06-10 13:00:00,24.6,26,4.3,844.0,849.6
2017-06-10 14:00:00,25.5,23,5.2,816.0,849.0
2017-06-10 15:00:00,26.6,20,6.5,907.0,848.4
2017-06-10 16:00:00,26.3,20,8.5,560.0,847.8
2017-06-10 17:00:00,26.0,21,15.9,425.0,847.2
2017-06-10 18:00:00,25.1,22,21.6,326.0,846.6
2017-06-10 19:00:00,24.1,24,19.4,212.0,846.4
2017-06-10 20:00:00,22.1,27,12.0,71.0,845.9
2017-06-10 21:00:00,20.3,32,7.1,2.0,845.5
2017-06-10 22:00:00,18.7,38,7.3,0.0,845.3
2017-06-10 23:00:00,17.6,42,5.9,0.0,845.3
2017-06-11 00:00:00,16.5,48,5.5,0.0,844.8
2017-06-11 01:00:00,16.4,49,3.7,0.0,844.7
2017-06-11 02:00:00,15.8,51,4.6,0.0,844.5
2017-06-11 03:00:00,16.4,50,3.6,0.0,844.7
2017-06-11 04:00:00,17.3,46,2.2,0.0,844.9
2017-06-11 05:00:00,17.3,47,1.0,0.0,844.9
2017-06-11 06:00:00,17.2,48,1.1,1.0,844.8
2017-06-11 07:00:00,16.8,54,1.8,70.0,844.9
2017-06-11 08:00:00,17.7,50,5.5,240.0,845.9
2017-06-11 09:00:00,20.0,43,4.7,396.0,847.0
2017-06-11 10:00:00,21.2,38,4.8,406.0,847.1
2017-06-11 11:00:00,21.4,34,5.6,268.0,847.4
2017-06-11 12:00:00,23.0,28,4.6,470.0,847.6
2017-06-11 13:00:00,23.7,26,1.1,446.0,847.5
2017-06-11 14:00:00,24.8,23,5.4,470.0,847.2
2017-06-11 15:00:00,26.3,20,9.6,611.0,847.1
2017-06-11 16:00:00,27.3,19,14.3,818.0,846.7
2017-06-11 17:00:00,26.8,20,15.8,578.0,846.4
2017-06-11 18:00:00,26.2,21,14.7,443.0,845.9
2017-06-11 19:00:00,25.0,24,12.0,219.0,845.9
2017-06-11 20:00:00,23.3,29,10.2,86.0,845.4
2017-06-11 21:00:00,21.3,34,10.3,3.0,845.5
2017-06-11 22:00:00,19.1,43,8.1,0.0,845.3
2017-06-11 23:00:00,16.2,57,7.6,0.0,844.6
2017-06-12 00:00:00,15.1,63,4.7,0.0,844.6
2017-06-12 01:00:00,15.5,62,2.2,0.0,845.1
2017-06-12 02:00:00,15.3,63,1.9,0.0,845.3
2017-06-12 03:00:00,14.7,67,1.5,0.0,845.3
2017-06-12 04:00:00,14.4,72,2.5,0.0,845.5
2017-06-12 05:00:00,14.1,74,1.5,0.0,845.5
2017-06-12 06:00:00,13.9,74,1.8,1.0,845.4
2017-06-12 07:00:00,14.8,71,4.0,67.0,846.2
2017-06-12 08:00:00,16.4,66,1.5,242.0,847.7
2017-06-12 09:00:00,18.8,57,2.9,391.0,848.9
2017-06-12 10:00:00,21.5,47,4.4,626.0,849.4
2017-06-12 11:00:00,23.8,37,1.8,793.0,849.6
2017-06-12 12:00:00,26.0,28,4.9,915.0,849.4
2017-06-12 13:00:00,27.7,21,7.4,991.0,849.3
2017-06-12 14:00:00,28.7,18,8.3,987.0,848.6
2017-06-12 15:00:00,29.1,16,11.6,862.0,848.1
2017-06-12 16:00:00,29.1,16,11.4,669.0,847.2
2017-06-12 17:00:00,28.5,17,15.0,456.0,846.4
2017-06-12 18:00:00,27.8,18,17.2,322.0,845.9
2017-06-12 19:00:00,26.4,27,15.1,168.0,845.4
2017-06-12 20:00:00,24.6,33,9.2,55.0,845.6
2017-06-12 21:00:00,22.8,38,10.4,2.0,845.7
2017-06-12 22:00:00,21.4,44,9.3,0.0,846.1
2017-06-12 23:00:00,20.2,50,8.6,0.0,846.4
2017-06-13 00:00:00,19.0,53,7.0,0.0,846.0
2017-06-13 01:00:00,17.8,58,5.9,0.0,845.9
2017-06-13 02:00:00,17.4,60,6.1,0.0,845.8
2017-06-13 03:00:00,17.6,59,5.7,0.0,846.2
2017-06-13 04:00:00,17.8,58,1.8,0.0,846.3
2017-06-13 05:00:00,17.5,60,2.5,0.0,846.6
2017-06-13 06:00:00,17.1,62,4.2,1.0,846.4
2017-06-13 07:00:00,17.5,60,2.5,65.0,846.7
2017-06-13 08:00:00,19.1,53,2.9,210.0,848.3
2017-06-13 09:00:00,20.9,48,4.1,427.0,849.3
2017-06-13 10:00:00,22.6,42,6.2,616.0,849.4
2017-06-13 11:00:00,24.3,38,7.6,769.0,849.5
2017-06-13 12:00:00,25.9,36,8.8,855.0,849.4
2017-06-13 13:00:00,26.7,33,11.3,674.0,848.9
2017-06-13 14:00:00,27.9,28,12.3,645.0,848.6
2017-06-13 15:00:00,27.6,28,15.5,449.0,848.1
2017-06-13 16:00:00,28.1,26,15.0,551.0,847.8
2017-06-13 17:00:00,28.2,24,15.1,447.0,847.2
2017-06-13 18:00:00,27.8,24,15.3,326.0,846.8
2017-06-13 19:00:00,26.7,29,13.0,193.0,846.6
2017-06-13 20:00:00,23.3,43,3.0,58.0,847.7
2017-06-13 21:00:00,21.9,49,5.4,2.0,847.4
2017-06-13 22:00:00,22.9,46,0.4,0.0,848.1
2017-06-13 23:00:00,21.4,51,4.1,0.0,848.1
2017-06-14 00:00:00,20.5,56,3.9,0.0,847.7
2017-06-14 01:00:00,20.1,59,4.4,0.0,847.5
2017-06-14 02:00:00,19.3,63,4.3,0.0,847.1
2017-06-14 03:00:00,19.0,64,4.0,0.0,847.0
2017-06-14 04:00:00,18.5,66,4.6,0.0,846.7
2017-06-14 05:00:00,18.1,68,4.9,0.0,846.9
2017-06-14 06:00:00,17.9,69,6.0,1.0,846.5
2017-06-14 07:00:00,18.5,67,7.0,39.0,847.2
2017-06-14 08:00:00,20.0,59,4.8,142.0,848.4
2017-06-14 09:00:00,20.9,55,5.2,187.0,849.1
2017-06-14 10:00:00,20.8,55,4.5,156.0,849.0
2017-06-14 11:00:00,20.6,57,4.6,157.0,849.2
2017-06-14 12:00:00,21.0,57,6.8,243.0,849.3
2017-06-14 13:00:00,21.3,56,8.7,239.0,849.3
2017-06-14 14:00:00,21.6,55,11.6,254.0,849.1
2017-06-14 15:00:00,22.2,53,14.7,352.0,848.9
2017-06-14 16:00:00,23.7,47,16.1,627.0,848.8
2017-06-14 17:00:00,23.1,49,17.9,427.0,848.2
2017-06-14 18:00:00,23.0,49,18.3,342.0,847.8
2017-06-14 19:00:00,22.6,51,18.8,226.0,847.6
2017-06-14 20:00:00,21.9,53,12.7,72.0,848.3
2017-06-14 21:00:00,21.1,57,11.3,2.0,848.4
2017-06-14 22:00:00,20.6,59,8.9,0.0,848.7
2017-06-14 23:00:00,19.9,62,10.3,0.0,849.0
2017-06-15 00:00:00,18.7,67,8.2,0.0,848.6
2017-06-15 01:00:00,17.7,72,7.1,0.0,847.8
2017-06-15 02:00:00,16.8,76,6.3,0.0,847.5
2017-06-15 03:00:00,16.6,77,4.7,0.0,847.5
2017-06-15 04:00:00,16.1,79,3.5,0.0,847.2
2017-06-15 05:00:00,15.5,81,5.3,0.0,847.0
2017-06-15 06:00:00,15.4,81,4.7,1.0,847.2
2017-06-15 07:00:00,16.7,74,3.1,58.0,848.2
2017-06-15 08:00:00,17.7,72,1.6,211.0,849.8
2017-06-15 09:00:00,19.1,65,2.9,270.0,850.6
2017-06-15 10:00:00,20.6,57,2.8,438.0,851.0
2017-06-15 11:00:00,22.8,46,5.4,700.0,850.8
2017-06-15 12:00:00,23.7,40,9.3,569.0,851.1
2017-06-15 13:00:00,25.7,33,9.4,887.0,850.9
2017-06-15 14:00:00,26.4,29,7.3,799.0,850.4
2017-06-15 15:00:00,26.5,27,6.4,571.0,849.7
2017-06-15 16:00:00,27.3,26,11.2,641.0,849.1
2017-06-15 17:00:00,26.0,33,19.9,503.0,848.3
2017-06-15 18:00:00,25.6,31,19.0,357.0,847.8
2017-06-15 19:00:00,25.4,33,14.0,191.0,847.6
2017-06-15 20:00:00,22.8,42,14.2,52.0,848.3
2017-06-15 21:00:00,20.6,53,3.7,3.0,848.2
2017-06-15 22:00:00,20.2,55,3.6,0.0,848.3
2017-06-15 23:00:00,20.9,53,2.6,0.0,849.0
2017-06-16 00:00:00,19.6,58,4.2,0.0,848.3
2017-06-16 01:00:00,18.2,61,4.8,0.0,847.3
2017-06-16 02:00:00,18.9,58,1.5,0.0,847.2
2017-06-16 03:00:00,17.9,62,1.3,0.0,846.8
2017-06-16 04:00:00,17.2,68,2.7,0.0,846.3
2017-06-16 05:00:00,16.8,72,2.7,0.0,846.3
2017-06-16 06:00:00,16.4,75,1.3,1.0,846.2
2017-06-16 07:00:00,16.9,73,1.0,70.0,846.6
2017-06-16 08:00:00,18.8,63,2.3,241.0,847.9
2017-06-16 09:00:00,21.4,52,3.5,444.0,848.8
2017-06-16 10:00:00,23.7,44,2.6,636.0,849.1
2017-06-16 11:00:00,25.8,36,0.8,798.0,849.0
2017-06-16 12:00:00,27.3,30,1.0,923.0,848.9
2017-06-16 13:00:00,28.3,26,4.6,899.0,848.2
2017-06-16 14:00:00,29.6,22,7.9,962.0,847.7
2017-06-16 15:00:00,30.3,20,10.0,942.0,846.9
2017-06-16 16:00:00,30.7,19,11.2,842.0,845.9
2017-06-16 17:00:00,30.6,17,11.7,689.0,845.1
2017-06-16 18:00:00,30.1,19,12.1,497.0,844.5
2017-06-16 19:00:00,29.4,21,12.0,275.0,844.1
2017-06-16 20:00:00,27.2,17,7.6,93.0,843.4
2017-06-16 21:00:00,25.3,26,9.9,4.0,843.2
2017-06-16 22:00:00,23.4,37,7.4,0.0,843.1
2017-06-16 23:00:00,22.2,43,8.3,0.0,843.3
2017-06-17 00:00:00,20.2,53,6.0,0.0,842.7
2017-06-17 01:00:00,20.7,53,5.4,0.0,843.4
2017-06-17 02:00:00,19.6,58,5.4,0.0,843.4
2017-06-17 03:00:00,20.6,55,2.1,0.0,843.8
2017-06-17 04:00:00,18.9,61,5.8,0.0,842.9
2017-06-17 05:00:00,19.7,58,3.7,0.0,843.8
2017-06-17 06:00:00,19.0,61,4.4,1.0,843.6
2017-06-17 07:00:00,19.7,56,3.1,62.0,844.0
2017-06-17 08:00:00,20.9,52,3.1,204.0,845.2
2017-06-17 09:00:00,22.3,48,1.1,295.0,845.8
2017-06-17 10:00:00,24.2,42,3.4,475.0,846.2
2017-06-17 11:00:00,26.4,36,3.3,718.0,846.4
2017-06-17 12:00:00,28.7,28,5.4,838.0,846.5
2017-06-17 13:00:00,29.7,22,9.0,811.0,846.2
2017-06-17 14:00:00,29.8,21,8.6,632.0,845.6
2017-06-17 15:00:00,30.6,18,5.4,745.0,845.0
2017-06-17 16:00:00,31.3,16,4.5,693.0,844.4
2017-06-17 17:00:00,31.0,15,2.6,415.0,843.8
2017-06-17 18:00:00,30.5,16,9.4,209.0,843.4
2017-06-17 19:00:00,28.6,23,17.8,144.0,843.5
2017-06-17 20:00:00,28.1,23,7.1,59.0,844.1
2017-06-17 21:00:00,26.4,29,6.0,2.0,844.3
2017-06-17 22:00:00,24.9,33,5.2,0.0,844.6
2017-06-17 23:00:00,22.6,39,5.6,0.0,844.3
2017-06-18 00:00:00,21.1,44,6.4,0.0,843.7
2017-06-18 01:00:00,21.8,44,1.1,0.0,844.4
2017-06-18 02:00:00,21.1,47,2.2,0.0,844.1
2017-06-18 03:00:00,20.2,51,2.5,0.0,843.9
2017-06-18 04:00:00,17.8,60,4.0,0.0,842.6
2017-06-18 05:00:00,18.4,59,3.3,0.0,842.7
2017-06-18 06:00:00,18.4,59,4.3,0.0,842.8
2017-06-18 07:00:00,20.0,53,3.9,68.0,843.9
2017-06-18 08:00:00,23.0,37,13.7,220.0,846.4
2017-06-18 09:00:00,25.1,30,12.1,430.0,847.1
2017-06-18 10:00:00,26.9,26,14.5,576.0,847.5
2017-06-18 11:00:00,28.6,22,13.5,793.0,847.7
2017-06-18 12:00:00,28.9,21,7.2,659.0,847.4
2017-06-18 13:00:00,30.1,18,3.0,843.0,847.0
2017-06-18 14:00:00,30.7,17,9.5,802.0,847.0
2017-06-18 15:00:00,29.8,19,16.8,605.0,846.5
2017-06-18 16:00:00,29.2,20,13.9,479.0,845.9
2017-06-18 17:00:00,29.6,19,5.1,479.0,845.3
2017-06-18 18:00:00,29.7,18,4.5,348.0,844.6
2017-06-18 19:00:00,29.4,18,7.2,180.0,844.6
2017-06-18 20:00:00,26.7,27,6.4,34.0,845.0
2017-06-18 21:00:00,24.6,32,9.7,4.0,844.7
2017-06-18 22:00:00,22.8,39,6.6,0.0,844.9
2017-06-18 23:00:00,21.3,44,6.4,0.0,844.9
2017-06-19 00:00:00,20.6,47,5.4,0.0,844.6
2017-06-19 01:00:00,19.8,51,4.7,0.0,843.8
2017-06-19 02:00:00,19.0,54,4.1,0.0,843.4
2017-06-19 03:00:00,18.3,58,4.0,0.0,843.0
2017-06-19 04:00:00,19.2,55,2.0,0.0,843.6
2017-06-19 05:00:00,18.0,59,2.6,0.0,843.3
2017-06-19 06:00:00,17.0,62,3.7,1.0,843.2
2017-06-19 07:00:00,19.3,53,2.4,66.0,844.7
2017-06-19 08:00:00,21.9,41,5.9,224.0,846.8
2017-06-19 09:00:00,23.9,31,7.0,360.0,847.7
2017-06-19 10:00:00,26.0,26,4.2,616.0,848.2
2017-06-19 11:00:00,27.6,23,5.8,771.0,848.2
2017-06-19 12:00:00,29.2,21,5.5,871.0,847.8
2017-06-19 13:00:00,30.4,17,7.6,866.0,847.3
2017-06-19 14:00:00,31.5,15,13.7,907.0,846.9
2017-06-19 15:00:00,30.4,17,22.9,783.0,846.6
2017-06-19 16:00:00,27.1,26,27.3,509.0,846.9
2017-06-19 17:00:00,27.3,24,13.5,462.0,846.9
2017-06-19 18:00:00,26.3,28,17.7,227.0,846.1
2017-06-19 19:00:00,24.7,32,21.4,159.0,846.4
2017-06-19 20:00:00,21.2,44,4.6,63.0,847.9
2017-06-19 21:00:00,19.9,52,7.6,3.0,847.9
2017-06-19 22:00:00,18.8,60,7.2,0.0,847.7
2017-06-19 23:00:00,18.2,65,4.3,0.0,847.1
2017-06-20 00:00:00,18.2,65,3.3,0.0,847.0
2017-06-20 01:00:00,17.1,69,4.4,0.0,846.0
2017-06-20 02:00:00,18.0,65,2.7,0.0,846.2
2017-06-20 03:00:00,17.6,66,3.4,0.0,845.8
2017-06-20 04:00:00,16.4,69,5.4,0.0,844.9
2017-06-20 05:00:00,17.2,64,1.3,0.0,845.2
2017-06-20 06:00:00,15.7,72,4.8,1.0,844.5
2017-06-20 07:00:00,17.1,66,3.4,68.0,845.3
2017-06-20 08:00:00,17.6,65,0.7,236.0,845.6
2017-06-20 09:00:00,20.4,51,1.8,438.0,846.5
2017-06-20 10:00:00,22.9,41,1.3,629.0,846.6
2017-06-20 11:00:00,24.8,36,2.0,795.0,846.2
2017-06-20 12:00:00,26.8,31,5.9,931.0,845.9
2017-06-20 13:00:00,28.2,28,9.4,1003.0,845.0
2017-06-20 14:00:00,29.1,27,12.6,936.0,844.3
2017-06-20 15:00:00,28.2,24,18.3,808.0,843.8
2017-06-20 16:00:00,27.5,26,8.3,376.0,842.7
2017-06-20 17:00:00,27.2,27,8.4,329.0,842.4
2017-06-20 18:00:00,26.4,30,9.2,326.0,842.3
2017-06-20 19:00:00,25.8,32,14.2,130.0,842.5
2017-06-20 20:00:00,24.2,40,5.8,57.0,841.1
2017-06-20 21:00:00,23.1,44,6.2,2.0,841.4
2017-06-20 22:00:00,21.8,50,5.7,0.0,841.5
2017-06-20 23:00:00,20.7,58,5.7,0.0,841.7
2017-06-21 00:00:00,20.3,60,4.6,0.0,841.8
2017-06-21 01:00:00,19.5,65,7.3,0.0,841.8
2017-06-21 02:00:00,18.6,69,6.0,0.0,841.7
2017-06-21 03:00:00,17.9,72,8.4,0.0,841.9
2017-06-21 04:00:00,17.1,77,4.2,0.0,841.6
2017-06-21 05:00:00,16.6,78,3.1,0.0,841.7
2017-06-21 06:00:00,16.1,83,2.9,0.0,841.6
2017-06-21 07:00:00,16.5,82,2.8,48.0,842.1
2017-06-21 08:00:00,17.4,75,5.7,224.0,842.6
2017-06-21 09:00:00,20.1,58,8.2,438.0,843.9
2017-06-21 10:00:00,22.7,45,7.9,630.0,844.5
2017-06-21 11:00:00,24.6,38,4.2,783.0,844.4
2017-06-21 12:00:00,26.2,33,0.8,913.0,844.4
2017-06-21 13:00:00,27.5,31,3.0,969.0,844.1
2017-06-21 14:00:00,27.7,31,5.7,891.0,843.5
2017-06-21 15:00:00,24.3,44,18.8,730.0,843.4
2017-06-21 16:00:00,26.0,31,11.0,540.0,843.3
2017-06-21 17:00:00,25.6,33,15.0,452.0,843.4
2017-06-21 18:00:00,26.0,30,16.8,373.0,843.6
2017-06-21 19:00:00,25.2,30,13.8,208.0,843.8
2017-06-21 20:00:00,23.6,37,13.6,79.0,844.5
2017-06-21 21:00:00,22.2,41,7.4,3.0,844.7
2017-06-21 22:00:00,22.3,41,3.0,0.0,845.8
2017-06-21 23:00:00,20.1,50,4.7,0.0,845.1
2017-06-22 00:00:00,19.3,56,4.7,0.0,844.7
2017-06-22 01:00:00,18.4,62,4.4,0.0,844.1
2017-06-22 02:00:00,18.0,66,2.9,0.0,843.8
2017-06-22 03:00:00,18.2,66,0.8,0.0,843.7
2017-06-22 04:00:00,17.7,69,1.5,0.0,843.5
2017-06-22 05:00:00,16.3,78,3.4,0.0,843.2
2017-06-22 06:00:00,14.9,88,4.4,1.0,842.9
2017-06-22 07:00:00,16.6,78,3.8,68.0,844.4
2017-06-22 08:00:00,18.2,66,2.9,233.0,845.6
2017-06-22 09:00:00,20.7,51,2.0,431.0,846.9
2017-06-22 10:00:00,22.6,43,2.5,607.0,847.0
2017-06-22 11:00:00,24.6,36,1.1,787.0,847.2
2017-06-22 12:00:00,26.2,31,3.6,919.0,846.9
2017-06-22 13:00:00,27.5,28,3.0,943.0,846.6
2017-06-22 14:00:00,28.4,26,4.3,981.0,846.1
2017-06-22 15:00:00,29.0,24,4.7,916.0,845.3
2017-06-22 16:00:00,29.0,24,12.4,804.0,845.0
2017-06-22 17:00:00,28.2,26,14.2,588.0,844.7
2017-06-22 18:00:00,28.0,26,10.2,409.0,844.3
2017-06-22 19:00:00,27.6,27,9.6,239.0,844.1
2017-06-22 20:00:00,26.2,28,8.2,75.0,842.8
2017-06-22 21:00:00,25.4,27,10.0,4.0,843.6
2017-06-22 22:00:00,24.7,28,8.7,0.0,844.1
2017-06-22 23:00:00,24.2,28,7.0,0.0,844.8
2017-06-23 00:00:00,24.4,23,19.8,0.0,846.2
2017-06-23 01:00:00,22.5,27,12.9,0.0,846.5
2017-06-23 02:00:00,21.7,29,6.6,0.0,846.7
2017-06-23 03:00:00,18.5,38,8.9,0.0,845.4
2017-06-23 04:00:00,17.7,41,8.9,0.0,845.1
2017-06-23 05:00:00,17.8,42,7.7,0.0,845.6
2017-06-23 06:00:00,16.5,47,8.5,0.0,845.6
2017-06-23 07:00:00,18.2,41,4.9,60.0,846.9
2017-06-23 08:00:00,18.4,46,5.1,176.0,848.1
2017-06-23 09:00:00,20.0,38,10.8,322.0,849.1
2017-06-23 10:00:00,20.0,37,15.4,345.0,849.3
2017-06-23 11:00:00,21.0,36,14.2,517.0,849.9
2017-06-23 12:00:00,22.4,34,13.7,704.0,850.2
2017-06-23 13:00:00,24.5,27,12.4,803.0,849.7
2017-06-23 14:00:00,26.0,24,18.3,860.0,849.1
2017-06-23 15:00:00,27.0,21,14.7,704.0,848.2
2017-06-23 16:00:00,26.8,21,20.3,706.0,847.5
2017-06-23 17:00:00,26.1,21,23.5,626.0,847.3
2017-06-23 18:00:00,25.7,20,18.3,437.0,847.1
2017-06-23 19:00:00,25.2,19,13.1,234.0,847.0
2017-06-23 20:00:00,23.2,26,5.1,86.0,847.3
2017-06-23 21:00:00,22.9,24,4.0,4.0,847.6
2017-06-23 22:00:00,23.0,23,1.6,0.0,848.2
2017-06-23 23:00:00,18.9,30,5.0,0.0,846.6
2017-06-24 00:00:00,17.8,36,8.8,0.0,846.5
2017-06-24 01:00:00,16.2,42,9.2,0.0,846.6
2017-06-24 02:00:00,18.7,36,1.9,0.0,848.2
2017-06-24 03:00:00,16.0,45,6.2,0.0,847.0
2017-06-24 04:00:00,15.2,50,6.0,0.0,846.6
2017-06-24 05:00:00,14.5,58,6.7,0.0,846.6
2017-06-24 06:00:00,15.3,57,1.8,0.0,847.4
2017-06-24 07:00:00,16.0,56,2.1,58.0,848.0
2017-06-24 08:00:00,17.8,47,5.9,228.0,849.1
2017-06-24 09:00:00,19.8,41,5.8,346.0,850.1
2017-06-24 10:00:00,21.5,36,6.5,479.0,850.2
2017-06-24 11:00:00,23.3,29,3.5,744.0,850.4
2017-06-24 12:00:00,24.8,25,5.8,884.0,850.7
2017-06-24 13:00:00,25.9,21,6.3,837.0,850.3
2017-06-24 14:00:00,26.8,17,11.1,845.0,849.8
2017-06-24 15:00:00,26.7,15,13.0,661.0,849.0
2017-06-24 16:00:00,26.7,15,10.9,548.0,848.4
2017-06-24 17:00:00,26.7,14,10.0,456.0,847.8
2017-06-24 18:00:00,26.6,14,12.0,371.0,847.3
2017-06-24 19:00:00,25.9,16,11.2,201.0,847.0
2017-06-24 20:00:00,23.6,19,6.9,87.0,846.8
2017-06-24 21:00:00,20.7,24,9.3,5.0,846.1
2017-06-24 22:00:00,22.6,21,4.5,0.0,847.9
2017-06-24 23:00:00,21.6,23,2.5,0.0,848.1
2017-06-25 00:00:00,20.7,26,4.3,0.0,848.4
2017-06-25 01:00:00,20.1,28,2.7,0.0,848.1
2017-06-25 02:00:00,19.6,30,2.1,0.0,847.9
2017-06-25 03:00:00,18.7,34,1.6,0.0,847.7
2017-06-25 04:00:00,17.9,38,1.1,0.0,847.3
2017-06-25 05:00:00,16.0,47,3.2,0.0,846.6
2017-06-25 06:00:00,15.8,50,0.5,0.0,847.0
2017-06-25 07:00:00,16.1,51,1.9,67.0,847.4
2017-06-25 08:00:00,17.9,42,3.1,215.0,848.9
2017-06-25 09:00:00,20.6,32,3.6,427.0,849.7
2017-06-25 10:00:00,22.8,27,3.6,636.0,849.9
2017-06-25 11:00:00,24.6,24,1.8,813.0,850.0
2017-06-25 12:00:00,26.1,20,1.1,935.0,849.9
2017-06-25 13:00:00,27.4,18,0.7,1000.0,849.6
2017-06-25 14:00:00,28.3,16,2.9,1007.0,849.0
2017-06-25 15:00:00,28.9,15,5.9,895.0,848.1
2017-06-25 16:00:00,29.0,15,9.2,768.0,847.0
2017-06-25 17:00:00,29.1,14,11.5,635.0,846.4
2017-06-25 18:00:00,28.5,16,13.5,424.0,845.9
2017-06-25 19:00:00,27.5,19,16.0,268.0,845.7
2017-06-25 20:00:00,25.7,22,16.0,101.0,845.6
2017-06-25 21:00:00,23.8,24,12.3,5.0,845.5
2017-06-25 22:00:00,21.3,30,6.6,0.0,845.3
2017-06-25 23:00:00,19.0,40,6.9,0.0,845.3
2017-06-26 00:00:00,18.0,45,6.4,0.0,845.5
2017-06-26 01:00:00,16.8,50,6.3,0.0,844.9
2017-06-26 02:00:00,16.5,53,2.5,0.0,845.0
2017-06-26 03:00:00,16.0,56,0.0,0.0,845.2
2017-06-26 04:00:00,16.0,56,1.8,0.0,845.3
2017-06-26 05:00:00,15.9,58,4.7,0.0,845.7
2017-06-26 06:00:00,17.2,54,4.1,0.0,846.6
2017-06-26 07:00:00,17.2,54,1.5,69.0,846.7
2017-06-26 08:00:00,18.7,47,1.5,246.0,848.0
2017-06-26 09:00:00,21.5,37,4.3,452.0,848.7
2017-06-26 10:00:00,24.1,30,4.9,650.0,848.8
2017-06-26 11:00:00,26.1,25,1.8,818.0,848.8
2017-06-26 12:00:00,27.9,20,3.1,941.0,848.9
2017-06-26 13:00:00,29.4,16,5.1,1012.0,848.4
2017-06-26 14:00:00,30.5,13,6.8,1020.0,847.7
2017-06-26 15:00:00,31.3,12,9.5,968.0,847.0
2017-06-26 16:00:00,31.5,13,12.9,857.0,846.0
2017-06-26 17:00:00,31.3,15,17.3,696.0,845.4
2017-06-26 18:00:00,30.5,17,21.2,499.0,844.8
2017-06-26 19:00:00,29.1,20,24.6,287.0,844.5
2017-06-26 20:00:00,27.4,25,20.7,97.0,844.6
2017-06-26 21:00:00,25.7,28,19.5,5.0,844.6
2017-06-26 22:00:00,24.3,32,16.9,0.0,845.0
2017-06-26 23:00:00,23.0,37,15.5,0.0,845.1
2017-06-27 00:00:00,21.7,44,12.2,0.0,845.2
2017-06-27 01:00:00,20.8,47,12.2,0.0,844.9
2017-06-27 02:00:00,19.8,52,10.0,0.0,844.6
2017-06-27 03:00:00,18.9,56,9.4,0.0,844.2
2017-06-27 04:00:00,18.2,60,9.5,0.0,843.9
2017-06-27 05:00:00,16.8,65,7.4,0.0,843.6
2017-06-27 06:00:00,18.1,59,3.3,0.0,844.6
2017-06-27 07:00:00,18.3,58,5.0,57.0,844.9
2017-06-27 08:00:00,19.9,52,3.9,201.0,846.1
2017-06-27 09:00:00,21.8,47,2.1,380.0,846.7
2017-06-27 10:00:00,23.7,41,1.8,547.0,846.7
2017-06-27 11:00:00,25.5,36,2.8,638.0,846.8
2017-06-27 12:00:00,27.4,31,5.4,768.0,847.1
2017-06-27 13:00:00,29.2,25,9.7,804.0,846.7
2017-06-27 14:00:00,30.7,20,13.2,870.0,846.3
2017-06-27 15:00:00,31.5,18,14.7,901.0,845.9
2017-06-27 16:00:00,30.7,21,23.7,790.0,845.7
2017-06-27 17:00:00,29.9,24,15.1,574.0,845.3
2017-06-27 18:00:00,29.6,23,12.6,327.0,844.8
2017-06-27 19:00:00,28.8,26,12.9,210.0,844.7
2017-06-27 20:00:00,27.1,28,15.0,83.0,845.0
2017-06-27 21:00:00,25.5,30,18.6,4.0,845.0
2017-06-27 22:00:00,24.0,36,16.6,0.0,845.1
2017-06-27 23:00:00,22.5,42,12.9,0.0,845.2
2017-06-28 00:00:00,21.1,48,8.0,0.0,845.2
2017-06-28 01:00:00,20.3,53,8.4,0.0,845.3
2017-06-28 02:00:00,19.5,57,8.4,0.0,845.0
2017-06-28 03:00:00,19.1,58,9.6,0.0,845.1
2017-06-28 04:00:00,18.2,62,5.6,0.0,844.8
2017-06-28 05:00:00,17.9,64,6.0,0.0,845.0
2017-06-28 06:00:00,17.0,68,6.2,0.0,844.7
2017-06-28 07:00:00,18.9,60,4.3,58.0,845.8
2017-06-28 08:00:00,20.3,54,2.8,217.0,846.7
2017-06-28 09:00:00,22.5,48,2.5,413.0,847.3
2017-06-28 10:00:00,24.6,43,1.8,604.0,847.5
2017-06-28 11:00:00,26.8,37,2.4,780.0,847.6
2017-06-28 12:00:00,28.7,32,0.5,899.0,847.8
2017-06-28 13:00:00,29.0,30,0.7,751.0,847.3
2017-06-28 14:00:00,30.2,26,1.0,832.0,846.8
2017-06-28 15:00:00,30.5,25,4.3,810.0,846.2
2017-06-28 16:00:00,30.1,25,9.8,716.0,846.3
2017-06-28 17:00:00,26.1,41,13.1,382.0,845.9
2017-06-28 18:00:00,27.5,32,8.5,299.0,845.7
2017-06-28 19:00:00,26.7,38,11.7,216.0,845.9
2017-06-28 20:00:00,23.5,46,4.1,64.0,846.3
2017-06-28 21:00:00,22.0,51,6.0,4.0,846.6
2017-06-28 22:00:00,20.8,57,3.8,0.0,846.3
2017-06-28 23:00:00,20.2,62,4.0,0.0,845.9
2017-06-29 00:00:00,20.6,61,2.3,0.0,846.2
2017-06-29 01:00:00,19.8,65,1.9,0.0,845.8
2017-06-29 02:00:00,19.0,70,2.2,0.0,845.3
2017-06-29 03:00:00,18.2,76,2.4,0.0,844.9
2017-06-29 04:00:00,17.2,81,2.6,0.0,844.6
2017-06-29 05:00:00,16.0,87,4.7,0.0,844.3
2017-06-29 06:00:00,16.1,83,2.8,0.0,844.4
2017-06-29 07:00:00,17.9,73,1.6,62.0,845.4
2017-06-29 08:00:00,19.0,68,3.4,224.0,846.6
2017-06-29 09:00:00,21.2,56,2.2,426.0,847.2
2017-06-29 10:00:00,23.5,46,1.6,615.0,847.3
2017-06-29 11:00:00,25.6,39,1.9,751.0,847.7
2017-06-29 12:00:00,27.6,32,5.5,920.0,847.7
2017-06-29 13:00:00,28.8,27,8.3,940.0,847.1
2017-06-29 14:00:00,29.8,24,9.8,850.0,846.3
2017-06-29 15:00:00,30.6,22,6.5,908.0,845.6
2017-06-29 16:00:00,29.4,21,10.3,630.0,844.8
2017-06-29 17:00:00,29.3,22,13.6,595.0,844.8
2017-06-29 18:00:00,28.8,23,12.6,410.0,844.2
2017-06-29 19:00:00,27.7,30,16.9,254.0,843.9
2017-06-29 20:00:00,26.4,30,8.4,86.0,843.6
2017-06-29 21:00:00,24.4,43,14.0,4.0,843.9
2017-06-29 22:00:00,23.1,46,10.2,0.0,843.9
2017-06-29 23:00:00,21.8,50,10.6,0.0,844.0
2017-06-30 00:00:00,20.7,54,7.9,0.0,843.9
2017-06-30 01:00:00,19.8,58,5.1,0.0,843.4
2017-06-30 02:00:00,18.2,65,7.7,0.0,842.9
2017-06-30 03:00:00,19.5,60,5.0,0.0,843.4
2017-06-30 04:00:00,19.1,61,1.3,0.0,843.4
2017-06-30 05:00:00,18.7,64,1.3,0.0,843.4
2017-06-30 06:00:00,18.6,64,1.4,0.0,843.5
2017-06-30 07:00:00,18.8,61,3.1,63.0,843.5
2017-06-30 08:00:00,20.2,58,1.8,233.0,844.8
2017-06-30 09:00:00,22.6,49,3.6,433.0,845.8
2017-06-30 10:00:00,24.8,42,1.5,626.0,846.1
2017-06-30 11:00:00,26.8,36,2.5,790.0,846.4
2017-06-30 12:00:00,28.6,29,5.2,903.0,846.5
2017-06-30 13:00:00,29.2,26,5.4,796.0,845.9
2017-06-30 14:00:00,30.3,23,7.4,877.0,845.7
2017-06-30 15:00:00,31.0,22,8.8,895.0,845.1
2017-06-30 16:00:00,31.4,21,10.2,830.0,844.4
2017-06-30 17:00:00,31.4,21,12.0,666.0,843.7
2017-06-30 18:00:00,30.6,20,14.1,462.0,843.1
2017-06-30 19:00:00,29.7,23,17.2,223.0,843.0
2017-06-30 20:00:00,28.2,24,11.9,92.0,842.7
2017-06-30 21:00:00,25.9,30,12.5,4.0,842.5
2017-06-30 22:00:00,23.6,38,6.4,0.0,842.3
2017-06-30 23:00:00,22.1,44,6.0,0.0,842.3
2017-07-01 00:00:00,20.9,50,5.8,0.0,842.3
2017-07-01 01:00:00,20.1,53,6.6,0.0,842.2
2017-07-01 02:00:00,18.9,59,6.4,0.0,841.9
2017-07-01 03:00:00,18.3,60,6.3,0.0,841.8
2017-07-01 04:00:00,19.4,55,3.3,0.0,842.5
2017-07-01 05:00:00,19.1,57,1.8,0.0,842.7
2017-07-01 06:00:00,18.9,57,4.1,0.0,842.8
2017-07-01 07:00:00,19.2,54,4.7,63.0,843.1
2017-07-01 08:00:00,21.2,48,4.1,234.0,843.4
2017-07-01 09:00:00,23.4,42,2.1,435.0,844.2
2017-07-01 10:00:00,25.6,37,2.8,629.0,844.5
2017-07-01 11:00:00,27.8,30,2.9,795.0,844.8
2017-07-01 12:00:00,30.0,23,4.3,913.0,844.6
2017-07-01 13:00:00,31.6,20,6.8,989.0,844.2
2017-07-01 14:00:00,32.8,17,10.4,994.0,843.5
2017-07-01 15:00:00,33.3,17,14.3,920.0,843.0
2017-07-01 16:00:00,33.2,17,15.7,775.0,842.2
2017-07-01 17:00:00,33.1,18,16.9,682.0,841.7
2017-07-01 18:00:00,32.2,20,20.9,459.0,840.9
2017-07-01 19:00:00,30.5,23,26.6,291.0,840.6
2017-07-01 20:00:00,29.8,24,20.7,103.0,840.5
2017-07-01 21:00:00,27.6,29,20.4,5.0,840.4
2017-07-01 22:00:00,26.0,34,15.9,0.0,841.0
2017-07-01 23:00:00,24.7,40,16.3,0.0,841.4
2017-07-02 00:00:00,23.4,46,12.9,0.0,841.6
2017-07-02 01:00:00,22.2,51,10.0,0.0,841.3
2017-07-02 02:00:00,21.0,55,8.2,0.0,841.5
2017-07-02 03:00:00,20.4,56,8.4,0.0,841.5
2017-07-02 04:00:00,19.0,59,8.2,0.0,841.0
2017-07-02 05:00:00,18.8,61,6.5,0.0,841.5
2017-07-02 06:00:00,19.6,58,4.2,0.0,842.2
2017-07-02 07:00:00,20.5,57,7.4,62.0,843.4
2017-07-02 08:00:00,22.6,49,5.9,232.0,844.9
2017-07-02 09:00:00,24.7,42,12.6,433.0,845.9
2017-07-02 10:00:00,26.3,40,17.2,615.0,846.4
2017-07-02 11:00:00,27.9,34,17.4,761.0,846.7
2017-07-02 12:00:00,29.6,28,17.3,885.0,846.8
2017-07-02 13:00:00,31.1,24,15.0,887.0,846.3
2017-07-02 14:00:00,32.4,19,13.0,839.0,845.8
2017-07-02 15:00:00,32.0,20,16.6,534.0,845.2
2017-07-02 16:00:00,32.3,18,18.0,552.0,845.3
2017-07-02 17:00:00,32.4,16,17.7,526.0,845.4
2017-07-02 18:00:00,29.2,29,31.7,328.0,844.8
2017-07-02 19:00:00,28.2,31,27.2,217.0,845.2
2017-07-02 20:00:00,24.8,45,23.7,80.0,846.8
2017-07-02 21:00:00,23.1,50,14.1,2.0,847.8
2017-07-02 22:00:00,22.6,51,6.8,0.0,848.2
2017-07-02 23:00:00,22.3,52,5.0,0.0,848.4
2017-07-03 00:00:00,21.8,53,4.9,0.0,848.6
2017-07-03 01:00:00,21.0,56,2.7,0.0,848.4
2017-07-03 02:00:00,20.8,58,1.3,0.0,848.6
2017-07-03 03:00:00,20.4,60,4.4,0.0,848.6
2017-07-03 04:00:00,20.0,62,5.7,0.0,848.2
2017-07-03 05:00:00,19.6,64,6.0,0.0,848.3
2017-07-03 06:00:00,19.0,67,6.8,0.0,848.3
2017-07-03 07:00:00,18.8,69,4.3,23.0,848.5
2017-07-03 08:00:00,18.4,77,2.1,71.0,849.0
2017-07-03 09:00:00,18.8,74,2.9,102.0,849.6
2017-07-03 10:00:00,19.3,71,2.3,184.0,849.8
2017-07-03 11:00:00,19.1,74,1.8,211.0,849.8
2017-07-03 12:00:00,19.6,70,4.1,177.0,850.1
2017-07-03 13:00:00,21.2,54,5.4,407.0,850.2
2017-07-03 14:00:00,22.6,45,2.7,581.0,849.7
2017-07-03 15:00:00,22.3,46,3.1,447.0,848.9
2017-07-03 16:00:00,20.8,55,4.5,148.0,847.8
2017-07-03 17:00:00,21.9,53,6.7,333.0,847.3
2017-07-03 18:00:00,23.3,49,9.0,440.0,847.0
2017-07-03 19:00:00,23.3,49,9.0,283.0,846.8
2017-07-03 20:00:00,22.3,51,7.5,98.0,846.8
2017-07-03 21:00:00,19.8,64,6.2,5.0,845.9
2017-07-03 22:00:00,19.2,69,7.0,0.0,846.2
2017-07-03 23:00:00,19.9,68,4.0,0.0,846.6
2017-07-04 00:00:00,19.1,72,2.9,0.0,846.3
2017-07-04 01:00:00,18.9,74,1.5,0.0,846.1
2017-07-04 02:00:00,18.4,79,0.8,0.0,845.8
2017-07-04 03:00:00,17.8,83,2.6,0.0,845.3
2017-07-04 04:00:00,17.8,81,4.2,0.0,845.4
2017-07-04 05:00:00,17.6,81,3.7,0.0,845.4
2017-07-04 06:00:00,17.4,81,2.7,0.0,845.2
2017-07-04 07:00:00,17.7,79,2.3,46.0,845.6
2017-07-04 08:00:00,19.2,75,1.0,168.0,846.9
2017-07-04 09:00:00,21.4,62,2.5,344.0,847.8
2017-07-04 10:00:00,23.3,52,2.7,484.0,848.2
2017-07-04 11:00:00,25.4,44,2.3,694.0,848.3
2017-07-04 12:00:00,26.9,38,0.8,750.0,847.8
2017-07-04 13:00:00,28.4,33,5.5,817.0,847.1
2017-07-04 14:00:00,29.1,29,8.1,691.0,846.1
2017-07-04 15:00:00,29.5,28,10.1,607.0,845.4
2017-07-04 16:00:00,29.5,29,14.3,531.0,844.7
2017-07-04 17:00:00,28.8,32,19.9,352.0,844.2
2017-07-04 18:00:00,27.7,37,21.4,244.0,843.9
2017-07-04 19:00:00,26.9,42,17.6,123.0,844.0
2017-07-04 20:00:00,26.2,44,9.4,34.0,843.8
2017-07-04 21:00:00,24.6,52,19.7,2.0,844.7
2017-07-04 22:00:00,22.9,59,9.2,0.0,845.1
2017-07-04 23:00:00,21.8,66,2.2,0.0,845.0
2017-07-05 00:00:00,21.5,72,1.1,0.0,845.3
2017-07-05 01:00:00,21.2,75,1.1,0.0,844.8
2017-07-05 02:00:00,20.5,83,1.1,0.0,844.4
2017-07-05 03:00:00,20.1,87,1.4,0.0,844.2
2017-07-05 04:00:00,20.0,86,2.0,0.0,843.9
2017-07-05 05:00:00,19.5,88,4.8,0.0,843.8
2017-07-05 06:00:00,19.1,88,5.5,0.0,843.8
2017-07-05 07:00:00,19.1,86,4.8,6.0,844.1
2017-07-05 08:00:00,19.8,84,2.1,16.0,845.7
2017-07-05 09:00:00,19.0,85,12.3,214.0,846.4
2017-07-05 10:00:00,20.1,72,8.0,175.0,846.9
2017-07-05 11:00:00,21.3,59,8.7,301.0,847.5
2017-07-05 12:00:00,23.1,51,8.2,636.0,848.0
2017-07-05 13:00:00,23.4,52,10.8,533.0,847.9
2017-07-05 14:00:00,25.1,44,14.8,753.0,847.9
2017-07-05 15:00:00,25.5,40,16.8,574.0,847.6
2017-07-05 16:00:00,25.5,39,18.2,610.0,847.3
2017-07-05 17:00:00,25.0,37,15.3,302.0,846.9
2017-07-05 18:00:00,25.1,36,15.4,289.0,846.7
2017-07-05 19:00:00,24.8,37,10.4,211.0,846.8
2017-07-05 20:00:00,21.1,56,7.2,98.0,845.9
2017-07-05 21:00:00,19.1,61,7.8,4.0,845.4
2017-07-05 22:00:00,20.7,52,2.6,0.0,846.9
2017-07-05 23:00:00,19.9,56,3.6,0.0,847.1
2017-07-06 00:00:00,16.5,74,7.2,0.0,845.7
2017-07-06 01:00:00,16.6,75,5.2,0.0,845.9
2017-07-06 02:00:00,15.3,83,4.9,0.0,845.4
2017-07-06 03:00:00,15.0,86,4.6,0.0,845.0
2017-07-06 04:00:00,15.0,88,4.0,0.0,845.2
2017-07-06 05:00:00,14.4,92,4.3,0.0,844.7
2017-07-06 06:00:00,14.7,89,2.2,0.0,845.0
2017-07-06 07:00:00,15.4,86,2.4,59.0,845.2
2017-07-06 08:00:00,17.1,73,1.4,229.0,846.8
2017-07-06 09:00:00,19.6,60,5.5,415.0,847.7
2017-07-06 10:00:00,21.6,53,6.5,628.0,848.0
2017-07-06 11:00:00,23.4,48,4.3,796.0,848.3
2017-07-06 12:00:00,24.9,46,2.9,919.0,848.2
2017-07-06 13:00:00,26.4,41,2.6,985.0,847.7
2017-07-06 14:00:00,27.8,35,3.4,996.0,847.3
2017-07-06 15:00:00,28.7,31,6.5,936.0,846.7
2017-07-06 16:00:00,29.0,29,7.3,836.0,846.2
2017-07-06 17:00:00,29.0,29,7.5,674.0,845.6
2017-07-06 18:00:00,28.7,29,9.9,464.0,845.0
2017-07-06 19:00:00,27.8,32,11.2,286.0,844.7
2017-07-06 20:00:00,25.6,41,10.3,101.0,844.2
2017-07-06 21:00:00,23.4,51,8.7,4.0,844.4
2017-07-06 22:00:00,21.9,60,8.7,0.0,844.9
2017-07-06 23:00:00,21.2,59,7.3,0.0,845.3
2017-07-07 00:00:00,19.8,61,7.3,0.0,844.8
2017-07-07 01:00:00,20.5,56,4.7,0.0,845.0
2017-07-07 02:00:00,19.9,59,2.4,0.0,844.8
2017-07-07 03:00:00,17.8,72,4.9,0.0,844.1
2017-07-07 04:00:00,16.4,81,5.2,0.0,843.8
2017-07-07 05:00:00,17.6,75,2.3,0.0,844.6
2017-07-07 06:00:00,17.1,79,1.9,0.0,845.0
2017-07-07 07:00:00,17.5,78,3.3,58.0,845.8
2017-07-07 08:00:00,19.4,63,1.8,226.0,847.8
2017-07-07 09:00:00,21.9,54,1.6,430.0,848.6
2017-07-07 10:00:00,24.5,45,4.3,626.0,849.0
2017-07-07 11:00:00,26.8,39,5.1,792.0,849.3
2017-07-07 12:00:00,28.5,35,2.5,887.0,849.2
2017-07-07 13:00:00,29.7,30,2.5,884.0,848.9
2017-07-07 14:00:00,30.4,25,1.0,796.0,848.4
2017-07-07 15:00:00,30.7,21,7.3,616.0,847.8
2017-07-07 16:00:00,31.0,20,9.1,563.0,847.1
2017-07-07 17:00:00,31.0,21,11.9,493.0,846.3
2017-07-07 18:00:00,30.7,21,11.6,383.0,845.8
2017-07-07 19:00:00,29.5,25,8.9,199.0,845.7
2017-07-07 20:00:00,27.3,32,9.0,73.0,844.1
2017-07-07 21:00:00,25.8,30,8.2,4.0,843.9
2017-07-07 22:00:00,22.8,40,6.5,0.0,843.5
2017-07-07 23:00:00,20.8,54,4.5,0.0,842.7
2017-07-08 00:00:00,21.5,51,4.1,0.0,843.8
2017-07-08 01:00:00,21.5,51,5.4,0.0,844.3
2017-07-08 02:00:00,22.3,49,2.3,0.0,845.2
2017-07-08 03:00:00,22.0,51,4.0,0.0,845.0
2017-07-08 04:00:00,22.1,50,4.4,0.0,844.9
2017-07-08 05:00:00,20.9,55,2.2,0.0,844.6
2017-07-08 06:00:00,20.9,56,2.5,0.0,844.9
2017-07-08 07:00:00,20.5,63,2.9,23.0,845.2
2017-07-08 08:00:00,22.6,47,4.8,98.0,846.6
2017-07-08 09:00:00,25.2,34,5.3,310.0,848.0
2017-07-08 10:00:00,27.0,28,3.1,446.0,847.9
2017-07-08 11:00:00,28.2,27,2.5,464.0,848.5
2017-07-08 12:00:00,30.3,22,10.6,616.0,849.2
2017-07-08 13:00:00,30.4,21,10.6,532.0,849.0
2017-07-08 14:00:00,31.0,18,6.8,494.0,848.8
2017-07-08 15:00:00,31.1,16,5.2,598.0,848.7
2017-07-08 16:00:00,30.5,17,10.9,335.0,848.4
2017-07-08 17:00:00,26.9,35,21.5,222.0,848.5
2017-07-08 18:00:00,25.1,36,21.4,124.0,848.8
2017-07-08 19:00:00,24.6,38,17.7,89.0,848.8
2017-07-08 20:00:00,25.2,38,11.7,41.0,848.4
2017-07-08 21:00:00,24.7,36,14.3,1.0,849.0
2017-07-08 22:00:00,24.2,36,15.1,0.0,849.3
2017-07-08 23:00:00,23.0,39,10.2,0.0,849.0
2017-07-09 00:00:00,22.1,41,9.4,0.0,848.6
2017-07-09 01:00:00,20.3,47,8.6,0.0,847.9
2017-07-09 02:00:00,19.4,51,8.0,0.0,847.3
2017-07-09 03:00:00,18.1,58,8.3,0.0,846.5
2017-07-09 04:00:00,17.3,62,7.9,0.0,845.9
2017-07-09 05:00:00,16.5,66,7.3,0.0,845.6
2017-07-09 06:00:00,16.1,66,6.0,0.0,845.4
2017-07-09 07:00:00,18.6,56,6.4,55.0,846.8
2017-07-09 08:00:00,22.1,47,5.3,222.0,849.0
2017-07-09 09:00:00,25.5,34,14.2,433.0,850.2
2017-07-09 10:00:00,28.0,27,19.0,631.0,850.2
2017-07-09 11:00:00,30.1,22,18.8,800.0,850.3
2017-07-09 12:00:00,31.9,18,19.4,925.0,850.4
2017-07-09 13:00:00,31.7,15,4.6,807.0,849.5
2017-07-09 14:00:00,33.2,13,11.7,783.0,848.9
2017-07-09 15:00:00,34.2,12,12.4,793.0,848.3
2017-07-09 16:00:00,34.8,11,13.9,808.0,847.7
2017-07-09 17:00:00,34.1,11,18.6,546.0,847.1
2017-07-09 18:00:00,32.9,13,22.0,380.0,846.7
2017-07-09 19:00:00,31.4,15,23.5,168.0,846.3
2017-07-09 20:00:00,28.1,23,16.8,89.0,846.2
2017-07-09 21:00:00,26.6,25,15.1,4.0,846.5
2017-07-09 22:00:00,24.7,29,10.2,0.0,846.2
2017-07-09 23:00:00,23.2,33,8.4,0.0,845.7
2017-07-10 00:00:00,22.2,34,9.2,0.0,845.2
2017-07-10 01:00:00,20.7,38,11.0,0.0,844.6
2017-07-10 02:00:00,20.2,39,9.8,0.0,844.4
2017-07-10 03:00:00,19.8,40,8.2,0.0,844.5
2017-07-10 04:00:00,20.7,38,4.7,0.0,845.3
2017-07-10 05:00:00,18.1,45,4.0,0.0,844.4
2017-07-10 06:00:00,17.2,50,3.5,0.0,844.3
2017-07-10 07:00:00,19.1,45,1.5,56.0,845.7
2017-07-10 08:00:00,22.4,39,2.1,227.0,848.0
2017-07-10 09:00:00,26.7,29,5.2,432.0,849.8
2017-07-10 10:00:00,29.8,20,15.5,630.0,850.0
2017-07-10 11:00:00,31.7,17,17.3,799.0,850.2
2017-07-10 12:00:00,32.9,16,14.8,924.0,850.1
2017-07-10 13:00:00,34.1,15,13.5,982.0,849.5
2017-07-10 14:00:00,34.6,13,8.0,988.0,848.7
2017-07-10 15:00:00,34.7,11,3.6,817.0,847.9
2017-07-10 16:00:00,34.9,10,3.9,742.0,847.0
2017-07-10 17:00:00,35.1,9,9.8,560.0,846.4
2017-07-10 18:00:00,32.8,15,23.5,491.0,846.1
2017-07-10 19:00:00,32.8,13,13.8,261.0,846.2
2017-07-10 20:00:00,29.6,17,12.5,100.0,845.4
2017-07-10 21:00:00,27.4,20,11.6,4.0,845.2
2017-07-10 22:00:00,26.4,20,10.6,0.0,845.5
2017-07-10 23:00:00,24.0,25,10.4,0.0,844.8
2017-07-11 00:00:00,23.1,29,11.0,0.0,844.8
2017-07-11 01:00:00,21.7,33,10.4,0.0,844.1
2017-07-11 02:00:00,22.0,34,9.2,0.0,844.2
2017-07-11 03:00:00,22.6,32,6.9,0.0,844.5
2017-07-11 04:00:00,22.0,34,3.4,0.0,844.5
2017-07-11 05:00:00,21.2,37,1.6,0.0,844.9
2017-07-11 06:00:00,20.6,39,1.5,0.0,845.0
2017-07-11 07:00:00,20.6,44,1.1,55.0,845.2
2017-07-11 08:00:00,22.1,38,2.5,227.0,846.8
2017-07-11 09:00:00,26.0,30,0.5,432.0,848.1
2017-07-11 10:00:00,29.6,22,5.9,631.0,848.5
2017-07-11 11:00:00,32.0,17,10.6,800.0,848.9
2017-07-11 12:00:00,33.4,16,10.2,925.0,848.9
2017-07-11 13:00:00,34.5,14,7.9,989.0,848.2
2017-07-11 14:00:00,35.1,12,6.5,990.0,847.9
2017-07-11 15:00:00,35.5,11,12.1,929.0,847.2
2017-07-11 16:00:00,35.3,11,15.5,795.0,846.4
2017-07-11 17:00:00,34.7,11,15.9,630.0,845.7
2017-07-11 18:00:00,34.4,11,14.3,495.0,845.2
2017-07-11 19:00:00,33.5,12,13.6,295.0,844.9
2017-07-11 20:00:00,31.2,15,18.5,103.0,844.0
2017-07-11 21:00:00,28.9,20,13.0,3.0,843.8
2017-07-11 22:00:00,26.3,26,7.7,0.0,843.9
2017-07-11 23:00:00,27.0,27,4.8,0.0,844.5
2017-07-12 00:00:00,25.4,32,4.1,0.0,844.4
2017-07-12 01:00:00,21.8,44,8.1,0.0,842.8
2017-07-12 02:00:00,21.0,45,8.3,0.0,842.1
2017-07-12 03:00:00,23.1,37,5.5,0.0,843.0
2017-07-12 04:00:00,20.4,46,7.9,0.0,842.6
2017-07-12 05:00:00,21.7,42,6.1,0.0,843.5
2017-07-12 06:00:00,21.4,43,2.8,0.0,843.5
2017-07-12 07:00:00,21.3,45,2.9,45.0,843.6
2017-07-12 08:00:00,22.9,37,2.5,197.0,845.2
2017-07-12 09:00:00,25.3,31,2.9,393.0,845.7
2017-07-12 10:00:00,28.0,25,2.3,589.0,846.1
2017-07-12 11:00:00,30.2,22,1.8,759.0,846.2
2017-07-12 12:00:00,32.4,18,4.7,886.0,846.2
2017-07-12 13:00:00,34.4,15,8.2,961.0,845.9
2017-07-12 14:00:00,35.5,12,9.5,940.0,845.1
2017-07-12 15:00:00,36.3,11,12.2,921.0,844.3
2017-07-12 16:00:00,36.2,12,17.4,748.0,843.5
2017-07-12 17:00:00,35.6,13,16.5,613.0,842.8
2017-07-12 18:00:00,34.7,13,20.6,448.0,842.3
2017-07-12 19:00:00,32.5,18,24.9,258.0,841.9
2017-07-12 20:00:00,30.3,23,20.7,86.0,842.2
2017-07-12 21:00:00,27.9,33,15.5,3.0,842.0
2017-07-12 22:00:00,26.6,37,13.0,0.0,842.1
2017-07-12 23:00:00,25.0,42,9.5,0.0,842.0
2017-07-13 00:00:00,23.7,50,8.7,0.0,842.0
2017-07-13 01:00:00,22.7,55,9.1,0.0,841.7
2017-07-13 02:00:00,21.8,60,7.5,0.0,841.5
2017-07-13 03:00:00,20.6,68,6.1,0.0,841.3
2017-07-13 04:00:00,19.8,70,7.0,0.0,840.9
2017-07-13 05:00:00,19.3,72,7.2,0.0,840.8
2017-07-13 06:00:00,18.8,76,7.6,0.0,840.8
2017-07-13 07:00:00,20.6,67,5.0,44.0,842.1
2017-07-13 08:00:00,22.0,59,3.3,197.0,842.6
2017-07-13 09:00:00,24.3,49,1.4,387.0,843.5
2017-07-13 10:00:00,26.6,42,2.5,580.0,843.7
2017-07-13 11:00:00,29.1,35,4.3,747.0,844.0
2017-07-13 12:00:00,31.6,28,5.8,872.0,844.0
2017-07-13 13:00:00,33.7,21,6.6,945.0,843.8
2017-07-13 14:00:00,35.0,17,6.6,957.0,843.2
2017-07-13 15:00:00,35.9,14,7.3,912.0,842.6
2017-07-13 16:00:00,36.2,13,6.9,784.0,841.8
2017-07-13 17:00:00,36.4,13,10.2,630.0,841.7
2017-07-13 18:00:00,34.9,17,18.7,380.0,841.1
2017-07-13 19:00:00,33.2,19,21.6,216.0,840.8
2017-07-13 20:00:00,32.2,20,20.8,74.0,841.1
2017-07-13 21:00:00,29.3,29,21.1,3.0,841.5
2017-07-13 22:00:00,27.6,34,20.8,0.0,842.0
2017-07-13 23:00:00,25.7,39,8.4,0.0,841.6
2017-07-14 00:00:00,24.3,46,7.8,0.0,841.6
2017-07-14 01:00:00,23.2,54,6.5,0.0,841.3
2017-07-14 02:00:00,22.4,57,7.6,0.0,841.2
2017-07-14 03:00:00,22.4,60,5.1,0.0,841.7
2017-07-14 04:00:00,21.5,65,6.1,0.0,841.7
2017-07-14 05:00:00,20.6,66,7.0,0.0,841.6
2017-07-14 06:00:00,21.1,60,5.4,0.0,842.2
2017-07-14 07:00:00,21.9,56,6.5,42.0,843.2
2017-07-14 08:00:00,23.4,49,4.7,189.0,844.2
2017-07-14 09:00:00,25.5,41,0.0,379.0,844.7
2017-07-14 10:00:00,27.8,35,2.3,572.0,845.0
2017-07-14 11:00:00,30.2,30,1.5,741.0,845.3
2017-07-14 12:00:00,32.3,26,2.1,868.0,845.6
2017-07-14 13:00:00,34.1,22,6.8,939.0,845.4
2017-07-14 14:00:00,35.3,18,10.5,898.0,845.0
2017-07-14 15:00:00,34.1,18,14.9,662.0,844.8
2017-07-14 16:00:00,33.1,23,10.8,491.0,844.5
2017-07-14 17:00:00,33.4,20,10.5,527.0,844.0
2017-07-14 18:00:00,33.6,18,16.4,357.0,844.2
2017-07-14 19:00:00,31.9,21,15.5,221.0,844.2
2017-07-14 20:00:00,29.9,27,8.8,76.0,844.0
2017-07-14 21:00:00,28.3,33,12.6,3.0,844.5
2017-07-14 22:00:00,26.6,39,9.3,0.0,844.9
2017-07-14 23:00:00,25.2,44,6.1,0.0,844.6
2017-07-15 00:00:00,24.4,47,6.9,0.0,844.3
2017-07-15 01:00:00,25.2,44,3.1,0.0,844.7
2017-07-15 02:00:00,24.8,47,1.9,0.0,844.6
2017-07-15 03:00:00,24.3,49,3.9,0.0,844.3
2017-07-15 04:00:00,22.1,57,4.8,0.0,843.7
2017-07-15 05:00:00,22.3,57,2.9,0.0,844.2
2017-07-15 06:00:00,20.8,66,3.2,0.0,843.9
2017-07-15 07:00:00,21.6,64,2.9,41.0,844.8
2017-07-15 08:00:00,22.5,59,2.5,185.0,846.3
2017-07-15 09:00:00,24.9,49,3.5,381.0,847.3
2017-07-15 10:00:00,27.4,38,5.6,574.0,847.6
2017-07-15 11:00:00,29.6,31,4.8,743.0,847.9
2017-07-15 12:00:00,31.2,27,4.1,871.0,847.8
2017-07-15 13:00:00,32.2,24,4.1,876.0,847.5
2017-07-15 14:00:00,33.4,21,7.4,941.0,846.8
2017-07-15 15:00:00,34.1,19,10.3,895.0,846.1
2017-07-15 16:00:00,34.3,19,13.2,782.0,845.5
2017-07-15 17:00:00,34.1,18,15.3,620.0,844.9
2017-07-15 18:00:00,34.0,17,19.5,434.0,844.9
2017-07-15 19:00:00,28.6,36,29.3,238.0,844.7
2017-07-15 20:00:00,29.2,33,23.2,78.0,844.9
2017-07-15 21:00:00,28.1,37,17.7,3.0,845.5
2017-07-15 22:00:00,26.9,40,9.8,0.0,845.8
2017-07-15 23:00:00,25.6,44,7.6,0.0,845.8
2017-07-16 00:00:00,24.1,50,5.9,0.0,845.7
2017-07-16 01:00:00,23.1,55,6.0,0.0,845.7
2017-07-16 02:00:00,22.1,59,6.5,0.0,845.4
2017-07-16 03:00:00,21.4,62,6.8,0.0,845.1
2017-07-16 04:00:00,21.2,66,6.2,0.0,845.3
2017-07-16 05:00:00,20.5,70,5.7,0.0,845.1
2017-07-16 06:00:00,19.6,74,6.5,0.0,844.8
2017-07-16 07:00:00,21.5,66,5.8,40.0,846.3
2017-07-16 08:00:00,22.8,60,7.6,189.0,847.2
2017-07-16 09:00:00,24.9,47,11.0,378.0,848.1
2017-07-16 10:00:00,27.0,39,9.9,570.0,848.3
2017-07-16 11:00:00,29.1,36,12.2,735.0,848.4
2017-07-16 12:00:00,30.4,32,13.0,724.0,848.5
2017-07-16 13:00:00,31.0,29,12.1,665.0,848.1
2017-07-16 14:00:00,32.3,26,11.0,813.0,847.8
2017-07-16 15:00:00,33.0,24,11.0,818.0,847.0
2017-07-16 16:00:00,33.4,23,12.4,735.0,846.2
2017-07-16 17:00:00,32.2,24,19.9,565.0,845.7
2017-07-16 18:00:00,31.6,26,22.1,346.0,845.6
2017-07-16 19:00:00,30.4,30,24.0,219.0,845.5
2017-07-16 20:00:00,29.3,33,25.1,68.0,845.0
2017-07-16 21:00:00,27.3,40,21.7,3.0,845.4
2017-07-16 22:00:00,26.1,46,20.2,0.0,845.6
2017-07-16 23:00:00,24.9,50,19.3,0.0,845.5
2017-07-17 00:00:00,23.9,54,17.4,0.0,845.5
2017-07-17 01:00:00,23.0,60,14.7,0.0,845.3
2017-07-17 02:00:00,22.1,66,12.8,0.0,845.0
2017-07-17 03:00:00,21.4,70,7.4,0.0,844.9
2017-07-17 04:00:00,20.8,72,6.2,0.0,844.6
2017-07-17 05:00:00,20.1,75,4.7,0.0,844.6
2017-07-17 06:00:00,19.6,77,4.6,0.0,844.5
2017-07-17 07:00:00,21.0,68,7.5,39.0,845.2
2017-07-17 08:00:00,22.3,59,8.2,185.0,846.0
2017-07-17 09:00:00,24.5,50,7.9,374.0,846.7
2017-07-17 10:00:00,26.6,44,6.7,568.0,846.9
2017-07-17 11:00:00,28.7,38,7.6,733.0,846.9
2017-07-17 12:00:00,30.8,33,9.4,857.0,846.8
2017-07-17 13:00:00,32.7,28,10.2,930.0,846.6
2017-07-17 14:00:00,34.0,25,9.9,940.0,846.1
2017-07-17 15:00:00,34.7,23,10.2,891.0,845.5
2017-07-17 16:00:00,34.8,22,9.9,782.0,844.7
2017-07-17 17:00:00,35.1,22,10.4,633.0,844.4
2017-07-17 18:00:00,33.2,26,23.9,440.0,844.4
2017-07-17 19:00:00,31.9,31,20.3,178.0,844.3
2017-07-17 20:00:00,30.5,33,14.5,66.0,844.6
2017-07-17 21:00:00,28.8,38,8.2,2.0,844.7
2017-07-17 22:00:00,28.0,41,11.6,0.0,845.1
2017-07-17 23:00:00,26.3,49,17.1,0.0,845.1
2017-07-18 00:00:00,24.8,57,16.1,0.0,845.4
2017-07-18 01:00:00,23.7,64,15.5,0.0,845.3
2017-07-18 02:00:00,23.0,67,10.8,0.0,845.2
2017-07-18 03:00:00,22.4,68,8.2,0.0,845.0
2017-07-18 04:00:00,21.8,71,6.6,0.0,844.8
2017-07-18 05:00:00,21.0,74,5.1,0.0,844.7
2017-07-18 06:00:00,20.5,76,5.0,0.0,844.9
2017-07-18 07:00:00,21.9,68,5.5,38.0,845.5
2017-07-18 08:00:00,23.7,59,5.5,179.0,845.9
2017-07-18 09:00:00,25.9,50,2.2,371.0,846.7
2017-07-18 10:00:00,28.2,43,2.2,566.0,847.1
2017-07-18 11:00:00,30.6,36,2.2,735.0,847.3
2017-07-18 12:00:00,33.1,28,3.6,868.0,847.5
2017-07-18 13:00:00,34.5,22,4.9,844.0,847.1
2017-07-18 14:00:00,35.5,20,8.7,880.0,846.5
2017-07-18 15:00:00,35.9,19,11.8,827.0,845.9
2017-07-18 16:00:00,35.8,19,11.7,702.0,845.2
2017-07-18 17:00:00,35.8,20,11.2,595.0,844.7
2017-07-18 18:00:00,35.3,19,14.7,419.0,844.2
2017-07-18 19:00:00,34.2,21,18.0,238.0,844.2
2017-07-18 20:00:00,33.1,21,13.2,78.0,844.2
2017-07-18 21:00:00,31.5,24,11.5,2.0,844.5
2017-07-18 22:00:00,29.9,29,9.8,0.0,845.0
2017-07-18 23:00:00,28.2,39,9.7,0.0,845.3
2017-07-19 00:00:00,26.9,46,7.6,0.0,844.8
2017-07-19 01:00:00,25.3,51,6.5,0.0,844.3
2017-07-19 02:00:00,25.9,49,3.3,0.0,844.5
2017-07-19 03:00:00,25.5,49,1.8,0.0,844.3
2017-07-19 04:00:00,25.1,51,0.4,0.0,844.2
2017-07-19 05:00:00,24.8,53,2.8,0.0,844.3
2017-07-19 06:00:00,24.5,54,1.1,0.0,844.8
2017-07-19 07:00:00,24.5,55,2.5,36.0,845.1
2017-07-19 08:00:00,25.7,50,3.1,166.0,845.2
2017-07-19 09:00:00,27.8,45,3.3,365.0,845.9
2017-07-19 10:00:00,29.9,38,4.4,552.0,846.2
2017-07-19 11:00:00,32.1,32,3.0,715.0,846.1
2017-07-19 12:00:00,34.1,26,2.5,850.0,846.1
2017-07-19 13:00:00,35.4,23,4.0,897.0,845.5
2017-07-19 14:00:00,36.4,20,6.7,871.0,844.8
2017-07-19 15:00:00,37.0,18,9.4,831.0,844.0
2017-07-19 16:00:00,37.1,17,8.3,739.0,843.3
2017-07-19 17:00:00,37.1,16,9.1,586.0,842.6
2017-07-19 18:00:00,37.4,14,15.3,373.0,842.4
2017-07-19 19:00:00,36.2,20,17.1,195.0,842.2
2017-07-19 20:00:00,35.4,21,10.0,71.0,842.7
2017-07-19 21:00:00,34.0,24,11.5,1.0,843.3
2017-07-19 22:00:00,32.1,31,16.1,0.0,843.8
2017-07-19 23:00:00,29.9,39,26.3,0.0,845.3
2017-07-20 00:00:00,28.9,41,12.0,0.0,846.3
2017-07-20 01:00:00,28.1,43,13.4,0.0,846.6
2017-07-20 02:00:00,27.3,46,10.8,0.0,846.7
2017-07-20 03:00:00,26.7,47,9.4,0.0,846.6
2017-07-20 04:00:00,26.1,49,8.7,0.0,846.5
2017-07-20 05:00:00,25.5,50,7.6,0.0,846.6
2017-07-20 06:00:00,25.1,51,5.9,0.0,846.9
2017-07-20 07:00:00,24.9,51,8.2,27.0,847.5
2017-07-20 08:00:00,25.1,51,10.7,142.0,847.4
2017-07-20 09:00:00,26.1,49,9.8,290.0,848.1
2017-07-20 10:00:00,26.8,46,9.1,356.0,848.1
2017-07-20 11:00:00,28.4,42,8.1,568.0,848.2
2017-07-20 12:00:00,30.8,37,5.4,763.0,848.2
2017-07-20 13:00:00,32.2,33,6.4,716.0,847.5
2017-07-20 14:00:00,33.5,31,7.1,668.0,846.9
2017-07-20 15:00:00,34.1,29,12.3,733.0,846.3
2017-07-20 16:00:00,34.3,29,13.7,644.0,845.6
2017-07-20 17:00:00,34.4,28,14.7,526.0,845.0
2017-07-20 18:00:00,34.3,27,15.3,378.0,844.7
2017-07-20 19:00:00,33.4,28,16.8,175.0,844.7
2017-07-20 20:00:00,31.3,34,14.8,42.0,845.3
2017-07-20 21:00:00,29.9,43,17.0,1.0,846.1
2017-07-20 22:00:00,29.0,47,15.0,0.0,846.8
2017-07-20 23:00:00,28.2,51,15.0,0.0,847.2
2017-07-21 00:00:00,27.5,54,12.6,0.0,847.1
2017-07-21 01:00:00,27.0,57,10.6,0.0,846.6
2017-07-21 02:00:00,26.3,59,10.2,0.0,846.2
2017-07-21 03:00:00,25.8,61,7.9,0.0,845.8
2017-07-21 04:00:00,25.1,63,4.5,0.0,845.5
2017-07-21 05:00:00,24.3,66,4.9,0.0,845.5
2017-07-21 06:00:00,23.8,68,5.2,0.0,845.4
2017-07-21 07:00:00,24.8,63,5.2,33.0,846.3
2017-07-21 08:00:00,25.7,60,6.6,154.0,846.8
2017-07-21 09:00:00,27.2,53,6.4,358.0,847.5
2017-07-21 10:00:00,29.1,45,6.5,549.0,847.9
2017-07-21 11:00:00,30.7,39,8.2,688.0,848.1
2017-07-21 12:00:00,31.8,36,9.5,759.0,847.9
2017-07-21 13:00:00,33.1,31,9.9,791.0,847.4
2017-07-21 14:00:00,34.8,26,11.9,834.0,846.6
2017-07-21 15:00:00,35.7,24,15.8,767.0,845.8
2017-07-21 16:00:00,36.2,23,19.0,720.0,845.2
2017-07-21 17:00:00,35.9,23,22.6,583.0,844.9
2017-07-21 18:00:00,35.2,24,23.5,404.0,844.7
2017-07-21 19:00:00,33.9,27,26.1,187.0,844.6
2017-07-21 20:00:00,32.4,31,23.3,68.0,844.5
2017-07-21 21:00:00,30.9,35,22.4,1.0,845.4
2017-07-21 22:00:00,29.8,39,14.5,0.0,846.8
2017-07-21 23:00:00,27.6,44,22.0,0.0,847.9
2017-07-22 00:00:00,25.7,45,22.2,0.0,848.2
2017-07-22 01:00:00,25.0,45,18.9,0.0,848.0
2017-07-22 02:00:00,24.0,47,18.7,0.0,847.8
2017-07-22 03:00:00,23.5,48,14.6,0.0,847.6
2017-07-22 04:00:00,23.0,49,12.7,0.0,847.6
2017-07-22 05:00:00,22.8,49,12.1,0.0,847.8
2017-07-22 06:00:00,22.5,48,10.5,0.0,848.2
2017-07-22 07:00:00,22.5,47,10.5,13.0,848.5
2017-07-22 08:00:00,23.2,46,11.0,60.0,849.0
2017-07-22 09:00:00,24.1,46,10.9,141.0,849.8
2017-07-22 10:00:00,25.3,46,9.7,291.0,849.8
2017-07-22 11:00:00,26.2,44,11.5,366.0,849.9
2017-07-22 12:00:00,28.0,42,10.2,499.0,849.7
2017-07-22 13:00:00,30.6,37,7.2,628.0,849.3
2017-07-22 14:00:00,31.0,37,9.0,528.0,848.3
2017-07-22 15:00:00,30.9,39,12.6,368.0,847.6
2017-07-22 16:00:00,31.2,38,12.9,365.0,847.1
2017-07-22 17:00:00,31.4,38,13.2,208.0,846.7
2017-07-22 18:00:00,31.3,38,17.5,153.0,846.6
2017-07-22 19:00:00,30.5,41,16.1,95.0,846.6
2017-07-22 20:00:00,29.7,43,17.6,41.0,846.8
2017-07-22 21:00:00,29.4,44,15.8,1.0,847.9
2017-07-22 22:00:00,28.8,45,16.9,0.0,848.4
2017-07-22 23:00:00,27.7,48,16.9,0.0,848.8
2017-07-23 00:00:00,26.1,54,18.9,0.0,848.6
2017-07-23 01:00:00,24.2,63,19.5,0.0,847.8
2017-07-23 02:00:00,23.5,66,15.3,0.0,847.3
2017-07-23 03:00:00,22.9,72,10.5,0.0,846.8
2017-07-23 04:00:00,22.7,72,9.3,0.0,846.5
2017-07-23 05:00:00,23.0,69,7.8,0.0,846.6
2017-07-23 06:00:00,23.1,69,5.4,0.0,846.6
2017-07-23 07:00:00,23.3,70,4.2,9.0,846.8
2017-07-23 08:00:00,23.2,72,5.9,50.0,846.7
2017-07-23 09:00:00,24.1,69,6.8,147.0,847.3
2017-07-23 10:00:00,25.2,64,7.3,258.0,847.4
2017-07-23 11:00:00,26.7,58,6.1,425.0,847.7
2017-07-23 12:00:00,28.4,51,5.4,598.0,847.7
2017-07-23 13:00:00,29.7,45,7.1,671.0,847.4
2017-07-23 14:00:00,31.3,40,9.8,727.0,847.0
2017-07-23 15:00:00,32.5,37,9.9,716.0,846.4
2017-07-23 16:00:00,33.2,33,11.2,617.0,845.6
2017-07-23 17:00:00,33.6,30,11.0,536.0,845.1
2017-07-23 18:00:00,33.2,30,16.3,358.0,844.9
2017-07-23 19:00:00,29.7,39,27.9,166.0,844.7
2017-07-23 20:00:00,26.0,49,22.4,32.0,846.2
2017-07-23 21:00:00,24.1,54,15.8,1.0,847.3
2017-07-23 22:00:00,22.8,60,12.6,0.0,847.9
2017-07-23 23:00:00,22.3,62,8.7,0.0,848.5
2017-07-24 00:00:00,21.7,64,7.6,0.0,848.6
2017-07-24 01:00:00,21.3,65,9.5,0.0,848.3
2017-07-24 02:00:00,21.0,66,11.4,0.0,847.9
2017-07-24 03:00:00,20.9,66,9.8,0.0,847.3
2017-07-24 04:00:00,20.8,66,7.6,0.0,847.0
2017-07-24 05:00:00,20.7,66,6.9,0.0,846.9
2017-07-24 06:00:00,20.6,67,7.7,0.0,846.7
2017-07-24 07:00:00,20.7,67,8.6,14.0,846.9
2017-07-24 08:00:00,20.5,68,11.7,47.0,847.5
2017-07-24 09:00:00,21.0,67,11.2,76.0,847.8
2017-07-24 10:00:00,21.7,64,12.0,144.0,848.2
2017-07-24 11:00:00,21.9,63,10.9,125.0,848.2
2017-07-24 12:00:00,22.9,59,9.2,188.0,848.1
2017-07-24 13:00:00,24.4,54,6.9,312.0,847.7
2017-07-24 14:00:00,25.2,52,6.9,284.0,847.1
2017-07-24 15:00:00,27.6,43,11.0,425.0,846.6
2017-07-24 16:00:00,28.9,40,12.1,574.0,845.9
2017-07-24 17:00:00,28.7,40,13.0,466.0,845.3
2017-07-24 18:00:00,28.6,40,10.4,291.0,844.9
2017-07-24 19:00:00,28.5,40,13.0,157.0,844.6
2017-07-24 20:00:00,27.0,47,5.2,53.0,844.6
2017-07-24 21:00:00,26.5,46,5.7,1.0,844.5
2017-07-24 22:00:00,26.5,46,11.2,0.0,845.0
2017-07-24 23:00:00,25.9,48,12.4,0.0,845.0
2017-07-25 00:00:00,24.8,54,9.3,0.0,844.6
2017-07-25 01:00:00,23.8,59,8.1,0.0,844.0
2017-07-25 02:00:00,22.7,63,6.1,0.0,843.4
2017-07-25 03:00:00,21.8,66,5.9,0.0,842.9
2017-07-25 04:00:00,21.3,67,5.9,0.0,842.5
2017-07-25 05:00:00,20.6,70,4.6,0.0,842.2
2017-07-25 06:00:00,20.1,72,4.9,0.0,841.9
2017-07-25 07:00:00,21.0,67,4.4,28.0,842.7
2017-07-25 08:00:00,22.1,64,5.6,150.0,843.9
2017-07-25 09:00:00,24.0,57,3.4,290.0,844.6
2017-07-25 10:00:00,25.7,52,5.5,407.0,844.7
2017-07-25 11:00:00,27.7,45,1.8,553.0,844.8
2017-07-25 12:00:00,29.7,40,2.4,705.0,844.8
2017-07-25 13:00:00,31.0,37,4.3,815.0,844.7
2017-07-25 14:00:00,31.9,34,4.4,899.0,843.7
2017-07-25 15:00:00,32.9,31,6.8,826.0,843.2
2017-07-25 16:00:00,33.5,30,9.0,743.0,842.5
2017-07-25 17:00:00,33.2,29,10.5,580.0,842.5
2017-07-25 18:00:00,32.7,29,10.3,331.0,842.3
2017-07-25 19:00:00,31.6,31,18.1,173.0,842.5
2017-07-25 20:00:00,28.9,42,18.3,43.0,843.4
2017-07-25 21:00:00,27.5,48,14.6,1.0,843.9
2017-07-25 22:00:00,26.6,51,8.7,0.0,844.6
2017-07-25 23:00:00,26.0,54,8.4,0.0,845.0
2017-07-26 00:00:00,25.4,57,8.4,0.0,845.2
2017-07-26 01:00:00,24.7,60,8.9,0.0,845.1
2017-07-26 02:00:00,24.0,63,7.9,0.0,844.8
2017-07-26 03:00:00,23.6,63,6.5,0.0,844.7
2017-07-26 04:00:00,23.0,66,6.7,0.0,844.4
2017-07-26 05:00:00,22.5,68,5.2,0.0,844.4
2017-07-26 06:00:00,22.1,70,5.2,0.0,844.6
2017-07-26 07:00:00,22.0,70,6.3,15.0,844.8
2017-07-26 08:00:00,21.6,77,7.0,63.0,845.3
2017-07-26 09:00:00,22.2,76,7.1,119.0,845.8
2017-07-26 10:00:00,22.9,73,6.9,209.0,846.0
2017-07-26 11:00:00,23.9,67,8.7,235.0,846.3
2017-07-26 12:00:00,25.0,60,11.5,264.0,846.0
2017-07-26 13:00:00,25.6,58,15.0,285.0,845.9
2017-07-26 14:00:00,26.5,54,16.6,369.0,845.5
2017-07-26 15:00:00,27.0,52,16.4,409.0,845.1
2017-07-26 16:00:00,27.2,51,18.8,363.0,844.8
2017-07-26 17:00:00,26.3,54,21.8,237.0,844.6
2017-07-26 18:00:00,25.4,57,20.1,128.0,844.4
2017-07-26 19:00:00,24.5,60,17.9,43.0,844.7
2017-07-26 20:00:00,21.9,65,14.7,20.0,846.3
2017-07-26 21:00:00,21.4,69,12.2,0.0,847.1
2017-07-26 22:00:00,20.9,72,8.2,0.0,847.4
2017-07-26 23:00:00,20.7,73,4.8,0.0,847.5
2017-07-27 00:00:00,20.4,78,1.8,0.0,847.3
2017-07-27 01:00:00,20.4,78,1.3,0.0,847.1
2017-07-27 02:00:00,20.2,82,3.1,0.0,846.9
2017-07-27 03:00:00,20.2,81,2.5,0.0,846.9
2017-07-27 04:00:00,20.0,83,5.2,0.0,846.8
2017-07-27 05:00:00,19.8,78,7.0,0.0,846.8
2017-07-27 06:00:00,19.6,76,4.7,0.0,847.0
2017-07-27 07:00:00,19.5,75,4.7,3.0,847.6
2017-07-27 08:00:00,18.5,78,2.8,21.0,848.2
2017-07-27 09:00:00,18.5,78,2.9,32.0,848.8
2017-07-27 10:00:00,18.3,78,3.6,37.0,849.1
2017-07-27 11:00:00,18.2,80,8.4,63.0,849.6
2017-07-27 12:00:00,18.2,81,8.1,95.0,849.8
2017-07-27 13:00:00,18.3,80,9.8,75.0,849.9
2017-07-27 14:00:00,18.2,80,9.0,94.0,850.2
2017-07-27 15:00:00,18.6,75,7.6,73.0,850.2
2017-07-27 16:00:00,18.8,71,10.1,71.0,850.4
2017-07-27 17:00:00,19.0,65,13.0,82.0,850.7
2017-07-27 18:00:00,18.8,64,12.6,47.0,850.7
2017-07-27 19:00:00,18.5,64,10.0,34.0,850.9
2017-07-27 20:00:00,17.1,76,3.9,12.0,851.2
2017-07-27 21:00:00,17.0,81,4.1,0.0,851.7
2017-07-27 22:00:00,17.0,78,3.9,0.0,851.5
2017-07-27 23:00:00,16.9,79,3.3,0.0,851.4
2017-07-28 00:00:00,16.7,80,2.9,0.0,851.4
2017-07-28 01:00:00,16.6,82,2.8,0.0,850.8
2017-07-28 02:00:00,16.6,81,1.6,0.0,850.3
2017-07-28 03:00:00,16.5,81,0.5,0.0,850.1
2017-07-28 04:00:00,16.4,82,2.7,0.0,849.8
2017-07-28 05:00:00,16.3,84,4.3,0.0,849.7
2017-07-28 06:00:00,16.0,90,5.5,0.0,849.3
2017-07-28 07:00:00,16.0,89,6.0,9.0,849.3
2017-07-28 08:00:00,16.3,86,5.6,36.0,849.8
2017-07-28 09:00:00,17.5,80,8.0,139.0,850.5
2017-07-28 10:00:00,18.7,72,6.9,217.0,850.7
2017-07-28 11:00:00,19.6,66,7.7,287.0,851.0
2017-07-28 12:00:00,21.2,59,6.0,487.0,851.5
2017-07-28 13:00:00,22.5,54,5.4,640.0,851.3
2017-07-28 14:00:00,24.5,48,5.8,863.0,851.1
2017-07-28 15:00:00,25.9,43,5.8,821.0,850.7
2017-07-28 16:00:00,26.5,43,10.2,761.0,850.2
2017-07-28 17:00:00,26.8,42,10.6,610.0,849.4
2017-07-28 18:00:00,26.8,41,9.7,425.0,849.1
2017-07-28 19:00:00,26.0,43,9.0,230.0,849.0
2017-07-28 20:00:00,23.7,50,9.2,66.0,848.3
2017-07-28 21:00:00,21.7,61,6.6,1.0,848.5
2017-07-28 22:00:00,20.2,70,6.2,0.0,848.7
2017-07-28 23:00:00,19.1,75,6.0,0.0,848.7
2017-07-29 00:00:00,18.1,81,6.4,0.0,848.7
2017-07-29 01:00:00,17.4,85,6.7,0.0,848.2
2017-07-29 02:00:00,16.8,89,6.7,0.0,848.0
2017-07-29 03:00:00,16.3,91,6.3,0.0,847.7
2017-07-29 04:00:00,16.2,91,4.5,0.0,847.7
2017-07-29 05:00:00,15.7,94,4.2,0.0,847.8
2017-07-29 06:00:00,16.3,92,1.8,0.0,848.2
2017-07-29 07:00:00,16.6,90,3.4,27.0,848.4
2017-07-29 08:00:00,18.2,81,2.4,163.0,849.2
2017-07-29 09:00:00,20.4,72,3.3,353.0,850.0
2017-07-29 10:00:00,22.4,65,3.9,547.0,850.0
2017-07-29 11:00:00,24.4,58,3.4,716.0,850.2
2017-07-29 12:00:00,26.3,51,2.1,845.0,849.9
2017-07-29 13:00:00,28.2,43,1.1,917.0,849.5
2017-07-29 14:00:00,29.5,38,4.6,879.0,849.0
2017-07-29 15:00:00,30.5,33,8.8,812.0,848.6
2017-07-29 16:00:00,30.0,34,11.7,684.0,848.2
2017-07-29 17:00:00,28.7,36,9.9,467.0,847.8
2017-07-29 18:00:00,28.4,40,9.2,338.0,847.3
2017-07-29 19:00:00,27.9,41,7.1,191.0,847.3
2017-07-29 20:00:00,26.2,46,5.7,58.0,846.9
2017-07-29 21:00:00,25.4,49,9.2,0.0,847.6
2017-07-29 22:00:00,23.1,57,6.4,0.0,847.2
2017-07-29 23:00:00,22.3,61,5.1,0.0,847.3
2017-07-30 00:00:00,20.5,71,5.6,0.0,846.5
2017-07-30 01:00:00,19.6,74,4.8,0.0,846.1
2017-07-30 02:00:00,18.8,77,4.4,0.0,845.8
2017-07-30 03:00:00,18.3,80,3.8,0.0,845.6
2017-07-30 04:00:00,17.9,83,4.1,0.0,845.6
2017-07-30 05:00:00,17.6,86,3.8,0.0,845.3
2017-07-30 06:00:00,17.6,88,3.7,0.0,845.2
2017-07-30 07:00:00,18.1,86,3.3,25.0,845.7
2017-07-30 08:00:00,19.5,74,1.8,161.0,846.8
2017-07-30 09:00:00,21.4,66,1.1,349.0,847.4
2017-07-30 10:00:00,23.3,59,2.2,547.0,847.5
2017-07-30 11:00:00,25.5,51,3.3,719.0,847.6
2017-07-30 12:00:00,27.6,43,5.0,853.0,847.5
2017-07-30 13:00:00,29.3,37,5.1,926.0,846.8
2017-07-30 14:00:00,30.4,32,5.4,862.0,846.0
2017-07-30 15:00:00,30.8,30,5.9,813.0,845.2
2017-07-30 16:00:00,30.8,29,8.4,658.0,844.7
2017-07-30 17:00:00,30.8,28,7.6,557.0,844.3
2017-07-30 18:00:00,30.7,28,9.4,390.0,843.9
2017-07-30 19:00:00,29.0,35,17.6,210.0,843.5
2017-07-30 20:00:00,27.1,40,13.2,60.0,843.0
2017-07-30 21:00:00,25.2,45,8.3,0.0,842.7
2017-07-30 22:00:00,23.2,51,6.6,0.0,842.6
2017-07-30 23:00:00,22.4,52,6.9,0.0,842.6
2017-07-31 00:00:00,21.3,56,7.1,0.0,842.4
2017-07-31 01:00:00,20.8,59,9.2,0.0,842.3
2017-07-31 02:00:00,20.3,64,9.5,0.0,842.4
2017-07-31 03:00:00,19.6,69,8.4,0.0,841.8
2017-07-31 04:00:00,19.0,70,6.9,0.0,841.7
2017-07-31 05:00:00,18.2,72,7.9,0.0,841.5
2017-07-31 06:00:00,19.4,65,5.5,0.0,842.4
2017-07-31 07:00:00,19.3,69,3.1,25.0,842.4
2017-07-31 08:00:00,20.9,60,7.1,162.0,843.9
2017-07-31 09:00:00,22.4,55,3.1,357.0,844.6
2017-07-31 10:00:00,23.9,51,1.3,553.0,844.8
2017-07-31 11:00:00,25.6,46,1.0,724.0,844.9
2017-07-31 12:00:00,27.4,40,1.1,851.0,844.8
2017-07-31 13:00:00,29.3,35,1.1,924.0,844.3
2017-07-31 14:00:00,30.9,34,2.6,936.0,844.1
2017-07-31 15:00:00,32.3,30,6.8,882.0,843.7
2017-07-31 16:00:00,33.0,27,11.6,738.0,843.4
2017-07-31 17:00:00,32.7,27,15.6,530.0,842.8
2017-07-31 18:00:00,31.7,29,16.1,259.0,842.5
2017-07-31 19:00:00,30.6,31,15.7,156.0,842.7
2017-07-31 20:00:00,29.9,32,14.9,39.0,842.5
2017-07-31 21:00:00,28.8,34,11.4,0.0,843.7
2017-07-31 22:00:00,27.3,37,15.5,0.0,844.2
2017-07-31 23:00:00,26.2,38,19.1,0.0,845.0
2017-08-01 00:00:00,25.0,42,21.4,0.0,844.9
2017-08-01 01:00:00,24.2,46,22.4,0.0,845.0
2017-08-01 02:00:00,23.7,47,17.2,0.0,844.8
2017-08-01 03:00:00,22.9,50,13.8,0.0,844.6
2017-08-01 04:00:00,22.0,55,7.9,0.0,844.6
2017-08-01 05:00:00,21.3,58,8.4,0.0,844.4
2017-08-01 06:00:00,20.9,59,12.0,0.0,844.7
2017-08-01 07:00:00,20.6,61,15.2,16.0,845.3
2017-08-01 08:00:00,20.1,62,13.7,52.0,846.4
2017-08-01 09:00:00,19.7,66,9.8,55.0,846.5
2017-08-01 10:00:00,19.9,65,8.9,83.0,847.1
2017-08-01 11:00:00,20.5,60,13.1,149.0,848.0
2017-08-01 12:00:00,20.1,64,12.6,119.0,848.0
2017-08-01 13:00:00,19.1,76,5.6,115.0,847.9
2017-08-01 14:00:00,18.9,79,1.5,94.0,847.8
2017-08-01 15:00:00,18.8,81,6.7,52.0,847.5
2017-08-01 16:00:00,19.1,79,4.1,60.0,847.3
2017-08-01 17:00:00,19.3,77,1.4,126.0,847.2
2017-08-01 18:00:00,19.6,74,1.8,122.0,847.3
2017-08-01 19:00:00,19.5,73,7.2,96.0,847.5
2017-08-01 20:00:00,19.2,72,5.2,40.0,847.6
2017-08-01 21:00:00,18.2,76,5.3,0.0,847.3
2017-08-01 22:00:00,17.8,79,3.8,0.0,847.3
2017-08-01 23:00:00,17.5,83,4.2,0.0,847.7
2017-08-02 00:00:00,17.8,82,1.1,0.0,847.9
2017-08-02 01:00:00,17.6,84,1.9,0.0,847.4
2017-08-02 02:00:00,16.2,92,3.3,0.0,846.3
2017-08-02 03:00:00,16.3,92,2.2,0.0,846.1
2017-08-02 04:00:00,16.0,93,1.8,0.0,845.9
2017-08-02 05:00:00,15.4,96,2.2,0.0,845.5
2017-08-02 06:00:00,14.9,97,2.1,0.0,845.2
2017-08-02 07:00:00,15.7,95,3.3,23.0,845.7
2017-08-02 08:00:00,17.3,87,1.9,155.0,846.4
2017-08-02 09:00:00,19.7,72,3.1,345.0,847.1
2017-08-02 10:00:00,21.8,61,4.2,540.0,847.2
2017-08-02 11:00:00,23.8,55,4.5,711.0,847.5
2017-08-02 12:00:00,25.6,50,3.3,841.0,846.8
2017-08-02 13:00:00,27.3,44,1.9,912.0,846.4
2017-08-02 14:00:00,28.6,39,1.6,929.0,845.6
2017-08-02 15:00:00,29.4,36,0.8,871.0,845.0
2017-08-02 16:00:00,29.8,34,2.0,713.0,844.3
2017-08-02 17:00:00,29.9,34,7.1,542.0,843.9
2017-08-02 18:00:00,29.5,35,9.9,350.0,843.5
2017-08-02 19:00:00,28.7,37,11.7,196.0,843.6
2017-08-02 20:00:00,27.2,39,11.2,52.0,842.9
2017-08-02 21:00:00,25.4,47,8.5,0.0,843.0
2017-08-02 22:00:00,23.1,59,7.1,0.0,843.1
2017-08-02 23:00:00,21.9,66,8.2,0.0,842.9
2017-08-03 00:00:00,21.4,66,8.0,0.0,842.9
2017-08-03 01:00:00,21.4,63,7.1,0.0,843.0
2017-08-03 02:00:00,21.8,61,5.4,0.0,843.5
2017-08-03 03:00:00,21.3,64,1.1,0.0,843.2
2017-08-03 04:00:00,21.1,68,0.5,0.0,843.2
2017-08-03 05:00:00,20.4,73,3.1,0.0,843.1
2017-08-03 06:00:00,18.5,83,4.0,0.0,842.5
2017-08-03 07:00:00,19.1,81,2.3,22.0,843.2
2017-08-03 08:00:00,21.0,71,1.8,155.0,844.5
2017-08-03 09:00:00,23.3,60,1.3,348.0,845.5
2017-08-03 10:00:00,25.4,50,4.9,544.0,845.8
2017-08-03 11:00:00,27.3,45,5.5,715.0,846.0
2017-08-03 12:00:00,29.2,40,7.1,841.0,845.6
2017-08-03 13:00:00,30.8,34,9.0,909.0,845.0
2017-08-03 14:00:00,31.8,30,9.5,867.0,844.2
2017-08-03 15:00:00,32.6,26,12.9,832.0,843.6
2017-08-03 16:00:00,30.7,32,17.3,677.0,843.3
2017-08-03 17:00:00,31.4,28,12.7,444.0,843.3
2017-08-03 18:00:00,30.0,33,17.3,263.0,843.0
2017-08-03 19:00:00,29.7,33,11.5,154.0,843.3
2017-08-03 20:00:00,25.2,50,7.1,44.0,841.9
2017-08-03 21:00:00,25.1,50,6.5,0.0,843.0
2017-08-03 22:00:00,24.3,52,3.6,0.0,843.6
2017-08-03 23:00:00,23.2,56,5.9,0.0,844.0
2017-08-04 00:00:00,22.4,54,8.6,0.0,844.6
2017-08-04 01:00:00,21.2,58,4.7,0.0,844.9
2017-08-04 02:00:00,20.2,62,4.7,0.0,845.2
2017-08-04 03:00:00,19.6,68,3.9,0.0,844.6
2017-08-04 04:00:00,19.0,69,6.6,0.0,844.7
2017-08-04 05:00:00,18.1,75,4.3,0.0,844.5
2017-08-04 06:00:00,17.6,78,3.1,0.0,844.4
2017-08-04 07:00:00,18.1,76,4.6,19.0,845.3
2017-08-04 08:00:00,18.0,75,2.3,134.0,846.8
2017-08-04 09:00:00,19.3,69,1.5,209.0,847.6
2017-08-04 10:00:00,21.1,62,3.0,341.0,848.0
2017-08-04 11:00:00,22.4,58,5.4,496.0,848.3
2017-08-04 12:00:00,24.2,52,4.4,711.0,847.9
2017-08-04 13:00:00,25.8,47,1.8,792.0,847.7
2017-08-04 14:00:00,26.8,44,1.3,797.0,847.1
2017-08-04 15:00:00,28.4,40,2.5,864.0,846.3
2017-08-04 16:00:00,29.1,38,4.9,736.0,845.5
2017-08-04 17:00:00,30.2,35,10.1,555.0,845.2
2017-08-04 18:00:00,29.4,38,12.8,316.0,844.9
2017-08-04 19:00:00,28.6,43,10.3,175.0,845.1
2017-08-04 20:00:00,26.6,51,6.9,43.0,843.3
2017-08-04 21:00:00,25.4,52,6.8,0.0,843.5
2017-08-04 22:00:00,25.4,53,8.0,0.0,844.6
2017-08-04 23:00:00,24.3,58,6.0,0.0,844.9
2017-08-05 00:00:00,23.1,65,6.9,0.0,844.7
2017-08-05 01:00:00,23.3,64,4.7,0.0,844.8
2017-08-05 02:00:00,23.0,66,1.8,0.0,844.2
2017-08-05 03:00:00,21.1,76,5.7,0.0,843.4
2017-08-05 04:00:00,21.0,77,5.5,0.0,843.8
2017-08-05 05:00:00,20.7,80,3.6,0.0,844.1
2017-08-05 06:00:00,20.8,80,3.1,0.0,844.5
2017-08-05 07:00:00,20.8,80,5.3,6.0,844.9
2017-08-05 08:00:00,21.3,84,2.2,97.0,845.2
2017-08-05 09:00:00,21.7,80,0.8,101.0,845.9
2017-08-05 10:00:00,22.8,74,3.7,240.0,846.3
2017-08-05 11:00:00,25.0,63,3.5,495.0,847.3
2017-08-05 12:00:00,27.2,53,3.6,695.0,847.4
2017-08-05 13:00:00,29.3,46,6.9,649.0,847.6
2017-08-05 14:00:00,29.3,46,9.7,605.0,847.3
2017-08-05 15:00:00,28.1,52,15.3,736.0,846.8
2017-08-05 16:00:00,28.4,52,10.0,560.0,846.4
2017-08-05 17:00:00,28.6,51,7.6,378.0,846.0
2017-08-05 18:00:00,27.2,57,11.6,269.0,846.1
2017-08-05 19:00:00,27.3,55,6.7,138.0,846.4
2017-08-05 20:00:00,25.0,69,6.1,34.0,846.9
2017-08-05 21:00:00,24.3,76,3.7,0.0,847.3
2017-08-05 22:00:00,23.9,79,2.8,0.0,847.9
2017-08-05 23:00:00,23.6,82,1.4,0.0,848.1
2017-08-06 00:00:00,23.2,77,2.9,0.0,848.4
2017-08-06 01:00:00,22.7,79,3.3,0.0,848.2
2017-08-06 02:00:00,22.2,82,2.1,0.0,847.7
2017-08-06 03:00:00,21.1,89,4.1,0.0,847.7
2017-08-06 04:00:00,20.7,90,5.2,0.0,847.0
2017-08-06 05:00:00,20.5,91,2.2,0.0,846.8
2017-08-06 06:00:00,20.3,93,1.9,0.0,846.9
2017-08-06 07:00:00,20.7,86,2.3,15.0,847.5
2017-08-06 08:00:00,21.6,83,4.8,93.0,848.0
2017-08-06 09:00:00,22.0,81,2.8,102.0,848.7
2017-08-06 10:00:00,22.7,77,1.5,183.0,848.7
2017-08-06 11:00:00,23.1,75,2.3,201.0,848.6
2017-08-06 12:00:00,24.2,69,3.3,277.0,848.3
2017-08-06 13:00:00,25.8,62,7.4,514.0,848.3
2017-08-06 14:00:00,25.6,60,9.6,536.0,847.5
2017-08-06 15:00:00,25.2,64,10.0,352.0,846.6
2017-08-06 16:00:00,23.6,78,4.3,182.0,845.8
2017-08-06 17:00:00,24.0,75,2.7,135.0,846.3
2017-08-06 18:00:00,22.9,85,8.6,60.0,846.1
2017-08-06 19:00:00,22.2,85,5.2,27.0,846.4
2017-08-06 20:00:00,22.8,75,2.5,7.0,847.3
2017-08-06 21:00:00,22.0,80,5.1,0.0,848.0
2017-08-06 22:00:00,21.1,81,6.7,0.0,848.5
2017-08-06 23:00:00,21.4,71,8.4,0.0,848.5
2017-08-07 00:00:00,21.3,69,4.6,0.0,848.5
2017-08-07 01:00:00,21.0,63,6.6,0.0,848.4
2017-08-07 02:00:00,20.0,67,7.4,0.0,848.0
2017-08-07 03:00:00,18.9,75,10.5,0.0,847.6
2017-08-07 04:00:00,18.0,77,7.8,0.0,847.3
2017-08-07 05:00:00,18.3,75,9.3,0.0,847.6
2017-08-07 06:00:00,18.0,83,6.6,0.0,847.8
2017-08-07 07:00:00,17.6,84,7.0,9.0,848.0
2017-08-07 08:00:00,17.9,79,3.3,25.0,849.2
2017-08-07 09:00:00,17.7,82,5.6,37.0,849.8
2017-08-07 10:00:00,17.5,83,7.3,49.0,849.8
2017-08-07 11:00:00,17.6,81,7.8,90.0,850.3
2017-08-07 12:00:00,18.2,73,4.8,136.0,850.5
2017-08-07 13:00:00,19.8,66,1.8,397.0,850.5
2017-08-07 14:00:00,21.7,57,3.9,689.0,850.2
2017-08-07 15:00:00,22.2,53,4.7,517.0,849.5
2017-08-07 16:00:00,23.3,47,3.8,594.0,848.8
2017-08-07 17:00:00,24.0,44,5.4,578.0,848.6
2017-08-07 18:00:00,23.9,44,6.9,400.0,848.3
2017-08-07 19:00:00,23.2,46,5.4,202.0,848.0
2017-08-07 20:00:00,23.2,49,2.9,45.0,848.3
2017-08-07 21:00:00,22.3,54,2.5,0.0,848.4
2017-08-07 22:00:00,21.3,59,4.3,0.0,848.4
2017-08-07 23:00:00,20.7,63,2.5,0.0,848.6
2017-08-08 00:00:00,20.0,67,1.1,0.0,848.6
2017-08-08 01:00:00,19.3,72,3.4,0.0,848.5
2017-08-08 02:00:00,18.2,80,5.8,0.0,847.7
2017-08-08 03:00:00,18.2,77,6.8,0.0,847.5
2017-08-08 04:00:00,18.8,71,6.5,0.0,847.8
2017-08-08 05:00:00,18.5,71,6.3,0.0,847.5
2017-08-08 06:00:00,18.6,71,4.3,0.0,847.9
2017-08-08 07:00:00,17.9,82,5.2,17.0,848.0
2017-08-08 08:00:00,19.7,67,8.7,130.0,849.5
2017-08-08 09:00:00,20.6,63,12.9,266.0,850.2
2017-08-08 10:00:00,21.9,57,16.1,368.0,850.6
2017-08-08 11:00:00,23.2,49,15.8,539.0,850.9
2017-08-08 12:00:00,24.2,45,11.7,650.0,850.4
2017-08-08 13:00:00,25.0,42,10.9,790.0,849.6
2017-08-08 14:00:00,25.9,37,3.7,868.0,849.2
2017-08-08 15:00:00,24.8,42,12.6,744.0,848.6
2017-08-08 16:00:00,25.9,36,1.8,604.0,847.7
2017-08-08 17:00:00,26.4,32,4.7,489.0,847.5
2017-08-08 18:00:00,26.2,32,5.9,347.0,847.2
2017-08-08 19:00:00,25.7,36,4.3,181.0,847.2
2017-08-08 20:00:00,23.1,42,8.9,42.0,847.1
2017-08-08 21:00:00,21.6,43,7.2,0.0,847.2
2017-08-08 22:00:00,20.3,51,6.1,0.0,847.3
2017-08-08 23:00:00,20.0,56,5.5,0.0,847.9
2017-08-09 00:00:00,19.5,59,5.5,0.0,847.7
2017-08-09 01:00:00,18.3,65,6.8,0.0,847.0
2017-08-09 02:00:00,17.1,71,7.6,0.0,846.4
2017-08-09 03:00:00,16.1,74,7.7,0.0,845.6
2017-08-09 04:00:00,15.5,76,7.7,0.0,845.4
2017-08-09 05:00:00,15.5,76,7.4,0.0,845.5
2017-08-09 06:00:00,17.1,68,3.3,0.0,846.5
2017-08-09 07:00:00,16.2,77,2.0,18.0,846.5
2017-08-09 08:00:00,18.3,66,1.8,147.0,847.8
2017-08-09 09:00:00,21.6,55,7.1,341.0,848.6
2017-08-09 10:00:00,24.5,41,16.7,541.0,848.9
2017-08-09 11:00:00,26.1,35,19.0,714.0,849.3
2017-08-09 12:00:00,26.2,29,15.9,751.0,849.3
2017-08-09 13:00:00,27.8,27,12.9,736.0,848.4
2017-08-09 14:00:00,28.3,25,13.3,847.0,848.1
2017-08-09 15:00:00,28.6,24,8.7,787.0,847.4
2017-08-09 16:00:00,29.0,22,8.4,555.0,846.6
2017-08-09 17:00:00,28.9,22,6.8,477.0,845.6
2017-08-09 18:00:00,29.2,22,7.2,395.0,845.2
2017-08-09 19:00:00,27.2,31,7.7,186.0,844.3
2017-08-09 20:00:00,26.5,30,5.8,43.0,844.0
2017-08-09 21:00:00,22.3,42,4.4,0.0,843.0
2017-08-09 22:00:00,19.7,52,4.7,0.0,842.3
2017-08-09 23:00:00,18.0,61,4.0,0.0,841.6
2017-08-10 00:00:00,19.1,53,2.5,0.0,842.2
2017-08-10 01:00:00,19.4,54,4.0,0.0,842.7
2017-08-10 02:00:00,18.9,56,2.7,0.0,842.7
2017-08-10 03:00:00,16.8,60,5.0,0.0,841.4
2017-08-10 04:00:00,19.2,47,4.5,0.0,842.8
2017-08-10 05:00:00,19.1,46,5.5,0.0,842.7
2017-08-10 06:00:00,18.7,47,4.6,0.0,843.0
2017-08-10 07:00:00,18.1,52,3.6,18.0,843.1
2017-08-10 08:00:00,18.3,54,2.7,150.0,844.1
2017-08-10 09:00:00,20.8,47,4.4,349.0,845.3
2017-08-10 10:00:00,23.3,42,5.2,551.0,845.8
2017-08-10 11:00:00,25.5,38,3.7,726.0,845.9
2017-08-10 12:00:00,27.4,33,3.2,857.0,845.8
2017-08-10 13:00:00,29.1,29,3.2,934.0,845.3
2017-08-10 14:00:00,30.6,24,7.3,930.0,844.8
2017-08-10 15:00:00,31.6,18,11.1,880.0,844.2
2017-08-10 16:00:00,31.8,15,14.0,691.0,843.6
2017-08-10 17:00:00,31.2,16,16.4,545.0,843.3
2017-08-10 18:00:00,30.3,18,17.8,368.0,842.9
2017-08-10 19:00:00,28.8,23,13.5,174.0,842.5
2017-08-10 20:00:00,24.6,31,10.8,43.0,841.3
2017-08-10 21:00:00,23.0,37,9.5,0.0,841.4
2017-08-10 22:00:00,23.0,38,7.7,0.0,842.3
2017-08-10 23:00:00,21.6,44,7.6,0.0,842.4
2017-08-11 00:00:00,20.3,51,8.6,0.0,842.5
2017-08-11 01:00:00,21.8,45,3.1,0.0,843.6
2017-08-11 02:00:00,21.3,47,2.0,0.0,843.7
2017-08-11 03:00:00,20.6,51,3.4,0.0,843.5
2017-08-11 04:00:00,19.8,51,4.8,0.0,843.1
2017-08-11 05:00:00,19.5,53,1.8,0.0,843.3
2017-08-11 06:00:00,18.4,59,5.2,0.0,843.0
2017-08-11 07:00:00,18.5,58,4.0,16.0,843.4
2017-08-11 08:00:00,20.1,51,4.2,137.0,844.7
2017-08-11 09:00:00,21.9,47,4.3,320.0,845.8
2017-08-11 10:00:00,23.7,43,5.8,519.0,846.2
2017-08-11 11:00:00,25.4,39,5.2,694.0,846.6
2017-08-11 12:00:00,27.2,35,3.7,842.0,846.5
2017-08-11 13:00:00,28.6,31,4.6,880.0,846.1
2017-08-11 14:00:00,28.3,28,5.9,660.0,845.4
2017-08-11 15:00:00,28.6,27,6.7,613.0,844.7
2017-08-11 16:00:00,29.7,23,4.4,670.0,844.7
2017-08-11 17:00:00,25.7,45,18.6,371.0,844.3
2017-08-11 18:00:00,25.4,45,13.6,159.0,843.8
2017-08-11 19:00:00,25.0,44,7.9,75.0,843.7
2017-08-11 20:00:00,25.0,43,10.7,22.0,844.3
2017-08-11 21:00:00,23.9,49,8.3,0.0,844.5
2017-08-11 22:00:00,23.0,52,6.0,0.0,844.4
2017-08-11 23:00:00,21.2,60,5.4,0.0,843.7
2017-08-12 00:00:00,22.0,58,3.1,0.0,844.5
2017-08-12 01:00:00,20.8,66,3.6,0.0,844.3
2017-08-12 02:00:00,20.7,67,3.5,0.0,844.5
2017-08-12 03:00:00,20.3,72,1.8,0.0,844.7
2017-08-12 04:00:00,20.0,70,1.8,0.0,844.3
2017-08-12 05:00:00,19.6,74,2.9,0.0,844.4
2017-08-12 06:00:00,19.1,84,2.3,0.0,844.8
2017-08-12 07:00:00,18.8,83,1.0,3.0,845.0
2017-08-12 08:00:00,19.8,79,3.3,39.0,845.6
2017-08-12 09:00:00,21.5,67,2.9,256.0,846.5
2017-08-12 10:00:00,23.0,56,3.1,377.0,846.9
2017-08-12 11:00:00,24.7,47,3.2,562.0,847.2
2017-08-12 12:00:00,26.2,41,2.7,823.0,847.0
2017-08-12 13:00:00,27.4,37,5.6,885.0,846.6
2017-08-12 14:00:00,27.9,35,10.9,862.0,846.2
2017-08-12 15:00:00,27.9,34,8.8,699.0,845.2
2017-08-12 16:00:00,27.0,39,11.5,640.0,844.8
2017-08-12 17:00:00,27.5,36,6.5,485.0,844.7
2017-08-12 18:00:00,26.9,35,3.8,279.0,844.9
2017-08-12 19:00:00,24.6,45,10.2,147.0,845.1
2017-08-12 20:00:00,22.2,62,6.9,22.0,845.5
2017-08-12 21:00:00,21.6,66,1.8,0.0,846.3
2017-08-12 22:00:00,20.5,73,6.3,0.0,846.9
2017-08-12 23:00:00,19.9,76,4.3,0.0,846.7
2017-08-13 00:00:00,19.8,79,1.0,0.0,846.9
2017-08-13 01:00:00,19.7,76,6.5,0.0,846.7
2017-08-13 02:00:00,18.2,86,4.9,0.0,845.8
2017-08-13 03:00:00,18.3,87,4.0,0.0,846.0
2017-08-13 04:00:00,18.0,89,2.2,0.0,846.0
2017-08-13 05:00:00,17.1,91,3.3,0.0,845.3
2017-08-13 06:00:00,16.8,89,3.6,0.0,845.2
2017-08-13 07:00:00,17.6,83,1.1,14.0,846.0
2017-08-13 08:00:00,18.3,85,3.1,136.0,847.2
2017-08-13 09:00:00,20.2,73,3.7,325.0,848.2
2017-08-13 10:00:00,22.1,62,3.3,526.0,848.5
2017-08-13 11:00:00,23.9,53,2.2,683.0,848.8
2017-08-13 12:00:00,25.4,47,1.8,838.0,848.8
2017-08-13 13:00:00,26.6,42,3.6,865.0,848.7
2017-08-13 14:00:00,26.8,40,5.8,777.0,848.2
2017-08-13 15:00:00,27.3,39,6.5,680.0,847.6
2017-08-13 16:00:00,28.1,36,8.0,663.0,847.6
2017-08-13 17:00:00,28.3,35,8.2,550.0,847.3
2017-08-13 18:00:00,28.2,35,10.3,383.0,847.2
2017-08-13 19:00:00,27.1,39,14.4,183.0,847.0
2017-08-13 20:00:00,24.5,50,9.2,37.0,846.6
2017-08-13 21:00:00,23.3,52,8.3,0.0,846.9
2017-08-13 22:00:00,22.5,54,9.4,0.0,847.2
2017-08-13 23:00:00,21.3,57,7.9,0.0,847.2
2017-08-14 00:00:00,20.1,62,7.2,0.0,846.9
2017-08-14 01:00:00,18.7,69,5.9,0.0,846.6
2017-08-14 02:00:00,17.5,76,6.2,0.0,845.9
2017-08-14 03:00:00,17.7,75,2.6,0.0,846.1
2017-08-14 04:00:00,17.9,76,1.6,0.0,846.3
2017-08-14 05:00:00,17.9,78,1.8,0.0,846.6
2017-08-14 06:00:00,17.9,78,3.5,0.0,846.6
2017-08-14 07:00:00,17.6,76,1.8,14.0,846.7
2017-08-14 08:00:00,18.4,72,0.7,139.0,847.6
2017-08-14 09:00:00,20.5,62,0.7,334.0,848.4
2017-08-14 10:00:00,22.7,51,0.7,521.0,848.5
2017-08-14 11:00:00,24.9,41,2.6,659.0,849.0
2017-08-14 12:00:00,27.0,32,6.1,752.0,848.8
2017-08-14 13:00:00,29.1,27,10.8,871.0,848.4
2017-08-14 14:00:00,30.2,24,16.7,829.0,847.7
2017-08-14 15:00:00,30.5,24,20.4,750.0,846.9
2017-08-14 16:00:00,30.8,24,23.4,752.0,846.2
2017-08-14 17:00:00,30.2,25,24.3,592.0,845.5
2017-08-14 18:00:00,29.1,27,24.5,396.0,845.1
2017-08-14 19:00:00,27.3,32,19.8,194.0,845.1
2017-08-14 20:00:00,25.4,36,15.1,37.0,844.8
2017-08-14 21:00:00,24.1,40,12.9,0.0,845.1
2017-08-14 22:00:00,22.7,45,10.1,0.0,845.6
2017-08-14 23:00:00,21.2,51,7.1,0.0,845.3
2017-08-15 00:00:00,20.8,54,7.6,0.0,845.0
2017-08-15 01:00:00,19.8,58,5.8,0.0,845.3
2017-08-15 02:00:00,19.4,62,5.2,0.0,845.3
2017-08-15 03:00:00,19.8,61,5.8,0.0,845.5
2017-08-15 04:00:00,19.9,61,5.2,0.0,846.0
2017-08-15 05:00:00,19.6,62,4.4,0.0,846.3
2017-08-15 06:00:00,18.7,66,4.7,0.0,846.1
2017-08-15 07:00:00,18.0,76,4.5,13.0,845.9
2017-08-15 08:00:00,19.6,64,2.5,134.0,847.7
2017-08-15 09:00:00,21.5,56,1.1,327.0,848.4
2017-08-15 10:00:00,23.5,49,0.0,525.0,848.6
2017-08-15 11:00:00,25.6,43,1.4,698.0,848.8
2017-08-15 12:00:00,27.4,38,4.7,830.0,848.8
2017-08-15 13:00:00,29.0,33,8.0,904.0,848.5
2017-08-15 14:00:00,30.2,27,9.8,909.0,847.7
2017-08-15 15:00:00,31.0,25,10.9,859.0,847.2
2017-08-15 16:00:00,31.2,25,12.7,745.0,846.6
2017-08-15 17:00:00,30.9,25,14.8,582.0,846.2
2017-08-15 18:00:00,30.2,26,17.5,389.0,845.7
2017-08-15 19:00:00,28.8,31,16.1,189.0,845.2
2017-08-15 20:00:00,27.1,36,11.6,35.0,844.3
2017-08-15 21:00:00,26.0,40,15.8,0.0,845.1
2017-08-15 22:00:00,24.5,45,15.2,0.0,845.3
2017-08-15 23:00:00,23.1,50,11.2,0.0,845.1
2017-08-16 00:00:00,21.4,59,7.0,0.0,845.0
2017-08-16 01:00:00,19.9,68,6.9,0.0,844.7
2017-08-16 02:00:00,18.8,74,7.7,0.0,844.3
2017-08-16 03:00:00,18.4,77,7.4,0.0,844.3
2017-08-16 04:00:00,18.8,73,7.1,0.0,844.5
2017-08-16 05:00:00,19.5,71,4.3,0.0,844.9
2017-08-16 06:00:00,18.2,79,5.6,0.0,844.8
2017-08-16 07:00:00,18.8,76,3.9,11.0,845.3
2017-08-16 08:00:00,20.8,64,7.7,123.0,846.2
2017-08-16 09:00:00,22.5,54,6.3,315.0,847.2
2017-08-16 10:00:00,24.1,51,7.6,530.0,847.3
2017-08-16 11:00:00,26.2,45,8.6,706.0,847.5
2017-08-16 12:00:00,28.4,35,8.9,834.0,847.2
2017-08-16 13:00:00,30.2,32,10.6,910.0,846.5
2017-08-16 14:00:00,31.6,32,13.4,919.0,845.9
2017-08-16 15:00:00,32.3,31,17.4,863.0,845.2
2017-08-16 16:00:00,32.6,29,20.9,745.0,844.4
2017-08-16 17:00:00,32.4,27,24.5,577.0,843.7
2017-08-16 18:00:00,31.0,31,26.7,384.0,843.0
2017-08-16 19:00:00,29.3,36,24.6,185.0,843.0
2017-08-16 20:00:00,27.3,39,21.2,33.0,842.8
2017-08-16 21:00:00,26.0,46,18.9,0.0,843.4
2017-08-16 22:00:00,24.7,52,16.7,0.0,843.8
2017-08-16 23:00:00,23.7,57,13.7,0.0,843.6
2017-08-17 00:00:00,23.0,62,11.9,0.0,843.3
2017-08-17 01:00:00,22.4,66,8.5,0.0,843.2
2017-08-17 02:00:00,21.6,70,6.4,0.0,842.6
2017-08-17 03:00:00,20.3,76,6.3,0.0,842.2
2017-08-17 04:00:00,19.7,78,5.9,0.0,842.1
2017-08-17 05:00:00,19.2,81,6.2,0.0,842.1
2017-08-17 06:00:00,19.3,81,5.0,0.0,842.2
2017-08-17 07:00:00,19.9,80,4.3,12.0,842.8
2017-08-17 08:00:00,21.8,71,7.0,126.0,844.2
2017-08-17 09:00:00,23.6,62,7.1,291.0,844.9
2017-08-17 10:00:00,25.2,56,4.0,502.0,845.3
2017-08-17 11:00:00,27.1,48,3.7,576.0,845.7
2017-08-17 12:00:00,28.6,41,6.1,590.0,845.3
2017-08-17 13:00:00,30.2,35,7.6,674.0,845.0
2017-08-17 14:00:00,30.9,32,7.6,727.0,844.5
2017-08-17 15:00:00,30.8,33,11.7,550.0,844.1
2017-08-17 16:00:00,31.4,31,13.4,565.0,843.8
2017-08-17 17:00:00,30.3,34,14.8,364.0,843.5
2017-08-17 18:00:00,29.5,38,17.8,207.0,843.3
2017-08-17 19:00:00,27.2,49,14.9,96.0,843.6
2017-08-17 20:00:00,27.5,41,7.7,9.0,843.3
2017-08-17 21:00:00,26.4,45,6.6,0.0,844.0
2017-08-17 22:00:00,25.9,48,7.1,0.0,844.1
2017-08-17 23:00:00,24.9,57,9.4,0.0,844.1
2017-08-18 00:00:00,24.1,64,9.9,0.0,843.8
2017-08-18 01:00:00,23.4,66,11.5,0.0,843.6
2017-08-18 02:00:00,22.8,69,10.5,0.0,843.6
2017-08-18 03:00:00,22.5,71,7.9,0.0,843.5
2017-08-18 04:00:00,22.0,75,7.3,0.0,843.4
2017-08-18 05:00:00,21.6,77,8.0,0.0,843.6
2017-08-18 06:00:00,21.4,77,6.4,0.0,843.8
2017-08-18 07:00:00,21.3,77,5.2,8.0,844.2
2017-08-18 08:00:00,22.1,76,4.4,83.0,844.9
2017-08-18 09:00:00,22.3,75,3.9,118.0,845.4
2017-08-18 10:00:00,23.6,69,0.8,273.0,845.8
2017-08-18 11:00:00,25.8,60,1.6,481.0,846.2
2017-08-18 12:00:00,27.2,55,1.5,602.0,846.1
2017-08-18 13:00:00,29.1,48,3.5,830.0,845.8
2017-08-18 14:00:00,30.6,43,6.9,834.0,845.4
2017-08-18 15:00:00,31.2,41,8.0,796.0,845.0
2017-08-18 16:00:00,31.2,38,9.6,663.0,844.5
2017-08-18 17:00:00,28.2,52,19.1,413.0,844.0
2017-08-18 18:00:00,27.5,55,17.5,284.0,844.3
2017-08-18 19:00:00,25.0,68,16.8,125.0,844.3
2017-08-18 20:00:00,25.1,70,9.7,18.0,844.2
2017-08-18 21:00:00,24.9,67,10.0,0.0,845.0
2017-08-18 22:00:00,24.2,70,4.7,0.0,845.1
2017-08-18 23:00:00,23.6,72,4.7,0.0,845.3
2017-08-19 00:00:00,22.8,75,5.1,0.0,845.2
2017-08-19 01:00:00,22.5,76,4.5,0.0,845.1
2017-08-19 02:00:00,22.2,77,4.1,0.0,844.9
2017-08-19 03:00:00,21.8,78,4.1,0.0,844.8
2017-08-19 04:00:00,21.6,78,3.8,0.0,844.8
2017-08-19 05:00:00,21.1,80,4.4,0.0,845.0
2017-08-19 06:00:00,20.8,81,4.0,0.0,845.3
2017-08-19 07:00:00,21.3,78,5.9,9.0,846.2
2017-08-19 08:00:00,22.3,74,5.8,102.0,846.8
2017-08-19 09:00:00,23.3,70,0.8,230.0,847.8
2017-08-19 10:00:00,23.7,71,2.4,307.0,848.0
2017-08-19 11:00:00,25.5,64,3.4,536.0,848.4
2017-08-19 12:00:00,25.7,63,4.0,392.0,848.2
2017-08-19 13:00:00,27.1,58,5.9,473.0,847.9
2017-08-19 14:00:00,29.1,52,8.9,687.0,847.9
2017-08-19 15:00:00,27.0,55,17.5,678.0,846.9
2017-08-19 16:00:00,27.9,49,15.3,390.0,846.9
2017-08-19 17:00:00,26.5,53,14.9,86.0,846.6
2017-08-19 18:00:00,25.7,56,15.8,115.0,846.9
2017-08-19 19:00:00,24.9,60,9.1,39.0,847.3
2017-08-19 20:00:00,24.4,71,2.2,11.0,847.4
2017-08-19 21:00:00,23.6,59,15.6,0.0,848.7
2017-08-19 22:00:00,22.5,57,15.0,0.0,849.5
2017-08-19 23:00:00,21.4,59,11.5,0.0,849.8
2017-08-20 00:00:00,20.6,60,9.4,0.0,850.1
2017-08-20 01:00:00,19.9,61,10.0,0.0,849.8
2017-08-20 02:00:00,19.5,63,10.7,0.0,849.5
2017-08-20 03:00:00,19.0,64,10.2,0.0,849.3
2017-08-20 04:00:00,18.7,65,10.3,0.0,849.2
2017-08-20 05:00:00,18.4,66,8.9,0.0,849.4
2017-08-20 06:00:00,18.0,70,8.5,0.0,849.4
2017-08-20 07:00:00,17.3,81,8.0,1.0,849.6
2017-08-20 08:00:00,17.5,80,7.6,12.0,850.2
2017-08-20 09:00:00,17.6,79,6.6,32.0,850.6
2017-08-20 10:00:00,17.7,79,6.1,80.0,851.0
2017-08-20 11:00:00,17.8,76,1.8,104.0,851.3
2017-08-20 12:00:00,17.6,79,3.4,98.0,851.4
2017-08-20 13:00:00,18.0,72,2.1,112.0,851.2
2017-08-20 14:00:00,18.0,72,3.6,119.0,850.8
2017-08-20 15:00:00,17.9,75,2.9,153.0,850.2
2017-08-20 16:00:00,17.8,77,5.9,102.0,849.8
2017-08-20 17:00:00,17.6,79,6.6,104.0,849.6
2017-08-20 18:00:00,17.4,80,5.8,63.0,849.4
2017-08-20 19:00:00,17.6,74,5.8,54.0,849.4
2017-08-20 20:00:00,17.2,75,3.3,9.0,849.1
2017-08-20 21:00:00,17.1,74,2.9,0.0,849.5
2017-08-20 22:00:00,17.1,74,2.4,0.0,850.0
2017-08-20 23:00:00,17.0,74,1.8,0.0,849.5
2017-08-21 00:00:00,16.9,76,1.5,0.0,849.3
2017-08-21 01:00:00,15.9,84,2.3,0.0,848.3
2017-08-21 02:00:00,15.9,85,3.4,0.0,847.8
2017-08-21 03:00:00,15.9,87,1.9,0.0,847.2
2017-08-21 04:00:00,15.5,90,1.8,0.0,846.7
2017-08-21 05:00:00,15.4,91,3.1,0.0,846.2
2017-08-21 06:00:00,15.7,88,2.5,0.0,846.2
2017-08-21 07:00:00,16.1,84,4.3,4.0,846.3
2017-08-21 08:00:00,16.4,77,0.0,38.0,846.8
2017-08-21 09:00:00,16.5,79,1.5,33.0,847.0
2017-08-21 10:00:00,16.8,79,1.9,63.0,847.0
2017-08-21 11:00:00,16.9,80,0.7,48.0,847.1
2017-08-21 12:00:00,17.0,81,3.5,46.0,847.0
2017-08-21 13:00:00,17.2,80,3.1,67.0,846.6
2017-08-21 14:00:00,17.4,77,4.1,61.0,846.3
2017-08-21 15:00:00,17.9,74,2.1,109.0,845.9
2017-08-21 16:00:00,18.3,74,2.5,113.0,845.8
2017-08-21 17:00:00,18.4,73,4.7,94.0,845.9
2017-08-21 18:00:00,18.3,72,6.6,86.0,845.8
2017-08-21 19:00:00,18.2,73,6.9,54.0,846.0
2017-08-21 20:00:00,18.1,83,1.6,7.0,845.4
2017-08-21 21:00:00,18.2,79,3.3,0.0,846.3
2017-08-21 22:00:00,17.9,82,5.5,0.0,846.6
2017-08-21 23:00:00,17.8,81,4.0,0.0,846.5
2017-08-22 00:00:00,17.4,87,4.8,0.0,846.4
2017-08-22 01:00:00,17.3,88,5.0,0.0,846.1
2017-08-22 02:00:00,16.9,89,7.0,0.0,845.6
2017-08-22 03:00:00,16.6,88,6.4,0.0,845.5
2017-08-22 04:00:00,16.4,86,4.9,0.0,845.6
2017-08-22 05:00:00,16.4,85,3.6,0.0,845.7
2017-08-22 06:00:00,16.3,85,3.9,0.0,845.9
2017-08-22 07:00:00,16.2,83,4.3,0.0,846.4
2017-08-22 08:00:00,15.9,87,7.2,7.0,846.8
2017-08-22 09:00:00,16.0,85,3.4,16.0,848.0
2017-08-22 10:00:00,16.1,85,4.0,24.0,848.8
2017-08-22 11:00:00,16.4,81,2.9,38.0,849.5
2017-08-22 12:00:00,16.5,80,2.7,47.0,850.1
2017-08-22 13:00:00,16.6,81,4.3,95.0,850.4
2017-08-22 14:00:00,16.5,82,6.2,69.0,850.6
2017-08-22 15:00:00,16.6,77,5.9,66.0,850.9
2017-08-22 16:00:00,16.7,73,6.3,101.0,851.0
2017-08-22 17:00:00,16.7,74,3.4,91.0,851.1
2017-08-22 18:00:00,16.9,72,3.1,129.0,851.3
2017-08-22 19:00:00,16.8,71,7.2,78.0,851.6
2017-08-22 20:00:00,16.6,78,6.4,10.0,850.5
2017-08-22 21:00:00,16.5,76,4.1,0.0,851.3
2017-08-22 22:00:00,16.7,75,3.3,0.0,852.1
2017-08-22 23:00:00,16.3,79,2.2,0.0,852.2
2017-08-23 00:00:00,15.5,85,2.5,0.0,852.5
2017-08-23 01:00:00,14.9,88,3.8,0.0,852.2
2017-08-23 02:00:00,15.4,85,2.3,0.0,852.4
2017-08-23 03:00:00,14.8,90,2.9,0.0,852.3
2017-08-23 04:00:00,15.0,88,1.0,0.0,852.1
2017-08-23 05:00:00,14.9,91,0.7,0.0,852.1
2017-08-23 06:00:00,14.8,92,1.4,0.0,851.8
2017-08-23 07:00:00,14.6,93,2.6,2.0,851.9
2017-08-23 08:00:00,15.3,93,2.4,17.0,852.5
2017-08-23 09:00:00,15.5,92,4.7,40.0,853.2
2017-08-23 10:00:00,15.7,90,3.2,57.0,853.1
2017-08-23 11:00:00,16.4,87,1.1,116.0,853.5
2017-08-23 12:00:00,16.6,85,3.8,91.0,853.4
2017-08-23 13:00:00,17.2,81,4.7,148.0,853.1
2017-08-23 14:00:00,17.4,78,2.9,132.0,852.6
2017-08-23 15:00:00,17.7,77,3.5,149.0,852.2
2017-08-23 16:00:00,17.9,74,6.6,175.0,851.8
2017-08-23 17:00:00,18.3,68,4.7,152.0,851.9
2017-08-23 18:00:00,18.7,67,5.4,186.0,851.9
2017-08-23 19:00:00,18.3,70,5.6,93.0,852.1
2017-08-23 20:00:00,15.7,85,7.4,10.0,851.7
2017-08-23 21:00:00,15.6,85,4.6,0.0,852.6
2017-08-23 22:00:00,15.1,88,3.3,0.0,852.8
2017-08-23 23:00:00,13.8,94,4.6,0.0,852.7
2017-08-24 00:00:00,13.3,96,4.7,0.0,852.9
2017-08-24 01:00:00,13.2,96,4.0,0.0,852.9
2017-08-24 02:00:00,12.7,96,3.9,0.0,852.5
2017-08-24 03:00:00,12.5,96,3.3,0.0,852.2
2017-08-24 04:00:00,12.3,97,4.4,0.0,852.2
2017-08-24 05:00:00,12.7,97,2.7,0.0,852.5
2017-08-24 06:00:00,12.9,96,1.1,0.0,852.4
2017-08-24 07:00:00,13.2,94,1.1,4.0,852.8
2017-08-24 08:00:00,14.3,92,0.5,31.0,853.7
2017-08-24 09:00:00,14.8,91,0.7,61.0,854.0
2017-08-24 10:00:00,15.2,89,1.4,94.0,854.2
2017-08-24 11:00:00,15.4,88,0.0,67.0,854.2
2017-08-24 12:00:00,15.7,87,3.3,116.0,854.0
2017-08-24 13:00:00,16.1,83,4.8,127.0,853.4
2017-08-24 14:00:00,16.5,81,4.7,115.0,852.9
2017-08-24 15:00:00,17.1,77,5.8,148.0,852.5
2017-08-24 16:00:00,17.3,76,6.3,124.0,851.9
2017-08-24 17:00:00,17.4,74,6.4,99.0,851.7
2017-08-24 18:00:00,17.3,74,5.4,78.0,851.7
2017-08-24 19:00:00,17.1,76,2.6,39.0,851.8
2017-08-24 20:00:00,16.6,78,1.1,6.0,852.2
2017-08-24 21:00:00,16.2,82,2.4,0.0,852.6
2017-08-24 22:00:00,16.0,84,3.3,0.0,852.4
2017-08-24 23:00:00,15.2,90,3.1,0.0,852.0
2017-08-25 00:00:00,15.0,90,3.6,0.0,851.7
2017-08-25 01:00:00,14.7,91,3.3,0.0,851.6
2017-08-25 02:00:00,14.8,90,4.0,0.0,851.4
2017-08-25 03:00:00,14.8,89,2.9,0.0,851.2
2017-08-25 04:00:00,14.6,92,2.6,0.0,851.0
2017-08-25 05:00:00,14.6,94,3.1,0.0,850.9
2017-08-25 06:00:00,14.5,95,3.6,0.0,851.0
2017-08-25 07:00:00,14.5,95,2.3,1.0,851.4
2017-08-25 08:00:00,14.9,94,1.6,14.0,852.7
2017-08-25 09:00:00,15.1,93,3.4,29.0,852.8
2017-08-25 10:00:00,15.5,90,2.2,69.0,853.5
2017-08-25 11:00:00,15.6,89,5.4,45.0,853.5
2017-08-25 12:00:00,16.0,87,8.2,83.0,853.3
2017-08-25 13:00:00,16.3,85,8.6,77.0,853.0
2017-08-25 14:00:00,16.5,84,7.7,71.0,852.4
2017-08-25 15:00:00,17.2,80,8.9,81.0,852.1
2017-08-25 16:00:00,17.2,78,8.9,69.0,851.1
2017-08-25 17:00:00,17.1,76,8.7,60.0,851.0
2017-08-25 18:00:00,16.7,79,8.5,32.0,850.6
2017-08-25 19:00:00,16.4,81,8.0,13.0,850.7
2017-08-25 20:00:00,16.2,84,7.8,2.0,850.6
2017-08-25 21:00:00,15.9,87,8.7,0.0,850.8
2017-08-25 22:00:00,15.9,88,8.3,0.0,850.7
2017-08-25 23:00:00,15.8,86,9.4,0.0,850.6
2017-08-26 00:00:00,16.0,82,11.2,0.0,850.1
2017-08-26 01:00:00,15.9,82,13.9,0.0,849.6
2017-08-26 02:00:00,15.5,84,11.8,0.0,848.5
2017-08-26 03:00:00,15.0,87,7.8,0.0,847.8
2017-08-26 04:00:00,14.4,88,8.2,0.0,847.1
2017-08-26 05:00:00,14.1,90,8.4,0.0,846.8
2017-08-26 06:00:00,13.9,91,7.4,0.0,846.4
2017-08-26 07:00:00,14.1,90,7.7,3.0,846.5
2017-08-26 08:00:00,14.2,89,9.1,31.0,846.8
2017-08-26 09:00:00,15.2,83,7.6,119.0,847.4
2017-08-26 10:00:00,15.8,79,4.4,211.0,847.4
2017-08-26 11:00:00,16.4,77,3.0,274.0,847.4
2017-08-26 12:00:00,16.6,76,1.1,239.0,846.9
2017-08-26 13:00:00,17.7,72,1.1,326.0,846.7
2017-08-26 14:00:00,19.0,68,0.4,329.0,846.3
2017-08-26 15:00:00,20.1,65,1.3,379.0,845.6
2017-08-26 16:00:00,21.1,62,1.6,511.0,845.3
2017-08-26 17:00:00,21.3,61,5.9,274.0,845.5
2017-08-26 18:00:00,20.2,68,11.1,79.0,845.2
2017-08-26 19:00:00,19.9,70,7.6,50.0,845.1
2017-08-26 20:00:00,18.5,78,6.1,6.0,844.8
2017-08-26 21:00:00,17.7,83,5.5,0.0,845.5
2017-08-26 22:00:00,17.8,82,3.9,0.0,846.0
2017-08-26 23:00:00,17.2,88,3.9,0.0,845.9
2017-08-27 00:00:00,17.1,89,3.8,0.0,846.2
2017-08-27 01:00:00,17.0,92,3.5,0.0,846.1
2017-08-27 02:00:00,16.6,93,3.3,0.0,846.0
2017-08-27 03:00:00,16.3,96,1.9,0.0,845.7
2017-08-27 04:00:00,16.1,97,2.3,0.0,845.7
2017-08-27 05:00:00,16.5,96,1.3,0.0,845.9
2017-08-27 06:00:00,16.5,97,1.3,0.0,846.2
2017-08-27 07:00:00,16.7,95,2.5,1.0,846.6
2017-08-27 08:00:00,16.7,87,3.1,12.0,848.1
2017-08-27 09:00:00,16.6,85,2.9,38.0,848.9
2017-08-27 10:00:00,16.7,79,3.9,82.0,849.3
2017-08-27 11:00:00,16.8,76,3.6,138.0,849.8
2017-08-27 12:00:00,17.4,69,9.3,229.0,850.1
2017-08-27 13:00:00,17.4,67,9.4,180.0,850.1
2017-08-27 14:00:00,17.7,66,9.4,242.0,850.3
2017-08-27 15:00:00,17.6,65,6.8,167.0,850.3
2017-08-27 16:00:00,17.4,66,6.8,151.0,850.3
2017-08-27 17:00:00,16.9,68,8.0,82.0,850.5
2017-08-27 18:00:00,16.7,70,7.0,78.0,850.6
2017-08-27 19:00:00,16.2,74,7.6,31.0,851.1
2017-08-27 20:00:00,16.1,86,3.3,3.0,851.2
2017-08-27 21:00:00,15.9,85,3.8,0.0,851.9
2017-08-27 22:00:00,15.6,85,4.0,0.0,852.0
2017-08-27 23:00:00,15.4,85,3.8,0.0,852.2
2017-08-28 00:00:00,15.2,85,4.2,0.0,852.2
2017-08-28 01:00:00,15.0,85,4.8,0.0,852.0
2017-08-28 02:00:00,14.8,86,3.9,0.0,851.8
2017-08-28 03:00:00,14.8,84,3.1,0.0,851.7
2017-08-28 04:00:00,14.5,82,3.6,0.0,851.7
2017-08-28 05:00:00,14.1,83,4.1,0.0,851.4
2017-08-28 06:00:00,13.9,84,2.8,0.0,851.3
2017-08-28 07:00:00,13.8,84,2.3,1.0,851.6
2017-08-28 08:00:00,14.0,81,1.6,17.0,852.8
2017-08-28 09:00:00,14.2,81,1.8,36.0,853.4
2017-08-28 10:00:00,14.6,80,0.0,90.0,853.5
2017-08-28 11:00:00,14.8,81,2.9,69.0,853.8
2017-08-28 12:00:00,15.2,83,4.6,86.0,853.9
2017-08-28 13:00:00,15.7,83,6.5,106.0,853.8
2017-08-28 14:00:00,15.5,81,10.8,119.0,853.5
2017-08-28 15:00:00,14.8,83,9.4,64.0,853.0
2017-08-28 16:00:00,14.8,79,9.2,61.0,852.6
2017-08-28 17:00:00,14.8,79,8.9,46.0,852.7
2017-08-28 18:00:00,14.6,80,9.6,21.0,852.8
2017-08-28 19:00:00,14.3,77,10.1,13.0,853.1
2017-08-28 20:00:00,13.6,88,5.1,1.0,853.9
2017-08-28 21:00:00,13.3,85,8.4,0.0,854.6
2017-08-28 22:00:00,12.6,81,12.3,0.0,854.3
2017-08-28 23:00:00,12.4,82,10.7,0.0,854.2
2017-08-29 00:00:00,12.3,84,8.0,0.0,853.8
2017-08-29 01:00:00,12.3,85,4.4,0.0,853.3
2017-08-29 02:00:00,12.3,84,2.6,0.0,852.7
2017-08-29 03:00:00,12.2,85,1.8,0.0,852.3
2017-08-29 04:00:00,12.2,83,1.0,0.0,851.9
2017-08-29 05:00:00,12.1,85,1.3,0.0,851.6
2017-08-29 06:00:00,12.0,85,0.0,0.0,851.5
2017-08-29 07:00:00,12.0,88,3.8,1.0,851.5
2017-08-29 08:00:00,11.8,91,6.3,22.0,851.9
2017-08-29 09:00:00,11.9,90,5.9,24.0,852.2
2017-08-29 10:00:00,12.3,88,4.6,62.0,852.3
2017-08-29 11:00:00,13.4,80,5.1,161.0,852.7
2017-08-29 12:00:00,16.0,71,3.8,523.0,852.9
2017-08-29 13:00:00,17.8,66,5.2,648.0,852.5
2017-08-29 14:00:00,18.8,61,7.6,647.0,852.1
2017-08-29 15:00:00,19.8,57,6.5,656.0,851.4
2017-08-29 16:00:00,21.0,53,7.3,615.0,850.9
2017-08-29 17:00:00,21.0,52,10.7,356.0,850.7
2017-08-29 18:00:00,20.0,59,15.2,263.0,850.4
2017-08-29 19:00:00,18.5,65,13.1,137.0,850.1
2017-08-29 20:00:00,16.5,72,8.9,13.0,849.7
2017-08-29 21:00:00,15.6,74,8.6,0.0,850.6
2017-08-29 22:00:00,14.8,77,7.2,0.0,850.8
2017-08-29 23:00:00,14.0,80,6.5,0.0,850.9
2017-08-30 00:00:00,13.5,83,6.2,0.0,850.9
2017-08-30 01:00:00,12.7,88,6.3,0.0,850.3
2017-08-30 02:00:00,13.0,86,2.5,0.0,850.6
2017-08-30 03:00:00,12.2,92,4.0,0.0,849.9
2017-08-30 04:00:00,11.1,96,6.1,0.0,849.4
2017-08-30 05:00:00,12.2,94,2.5,0.0,850.0
2017-08-30 06:00:00,12.2,95,1.5,0.0,850.0
2017-08-30 07:00:00,11.6,96,2.2,5.0,850.1
2017-08-30 08:00:00,13.4,87,1.4,97.0,851.5
2017-08-30 09:00:00,15.3,80,1.5,267.0,852.4
2017-08-30 10:00:00,16.9,74,2.8,406.0,852.6
2017-08-30 11:00:00,18.6,69,2.4,593.0,852.7
2017-08-30 12:00:00,20.3,65,3.3,766.0,852.4
2017-08-30 13:00:00,21.6,61,3.7,766.0,852.1
2017-08-30 14:00:00,22.4,57,3.7,578.0,851.7
2017-08-30 15:00:00,23.1,55,4.7,588.0,851.2
2017-08-30 16:00:00,23.3,53,3.9,520.0,850.7
2017-08-30 17:00:00,23.7,50,5.8,452.0,850.5
2017-08-30 18:00:00,23.4,50,8.1,253.0,850.5
2017-08-30 19:00:00,21.7,60,6.5,111.0,850.0
2017-08-30 20:00:00,19.6,66,7.9,12.0,849.8
2017-08-30 21:00:00,18.4,74,7.1,0.0,850.2
2017-08-30 22:00:00,19.4,67,1.8,0.0,850.8
2017-08-30 23:00:00,17.5,78,4.6,0.0,850.2
2017-08-31 00:00:00,16.1,86,5.5,0.0,849.6
2017-08-31 01:00:00,16.3,87,2.8,0.0,849.7
2017-08-31 02:00:00,14.1,95,5.6,0.0,848.7
2017-08-31 03:00:00,13.5,96,6.1,0.0,848.4
2017-08-31 04:00:00,14.3,96,3.2,0.0,848.9
2017-08-31 05:00:00,14.1,98,2.2,0.0,848.8
2017-08-31 06:00:00,13.9,98,1.6,0.0,849.0
2017-08-31 07:00:00,13.9,98,0.7,5.0,849.3
2017-08-31 08:00:00,15.2,91,3.3,102.0,850.5
2017-08-31 09:00:00,17.1,84,4.0,295.0,851.1
2017-08-31 10:00:00,19.1,75,2.2,494.0,851.6
2017-08-31 11:00:00,21.1,66,0.5,667.0,851.9
2017-08-31 12:00:00,22.9,57,2.4,790.0,851.4
2017-08-31 13:00:00,24.3,51,4.2,830.0,850.7
2017-08-31 14:00:00,25.3,45,6.2,830.0,850.1
2017-08-31 15:00:00,26.1,41,7.3,791.0,849.4
2017-08-31 16:00:00,26.4,39,9.0,647.0,848.4
2017-08-31 17:00:00,26.3,40,10.5,493.0,848.1
2017-08-31 18:00:00,25.8,43,9.3,309.0,847.7
2017-08-31 19:00:00,23.0,57,6.2,123.0,846.5
2017-08-31 20:00:00,20.8,62,10.9,10.0,845.5
2017-08-31 21:00:00,19.9,69,8.4,0.0,846.1
2017-08-31 22:00:00,19.1,72,7.7,0.0,846.7
2017-08-31 23:00:00,18.9,72,6.7,0.0,846.9
2017-09-01 00:00:00,18.9,71,4.8,0.0,846.9
2017-09-01 01:00:00,18.0,76,4.7,0.0,846.6
2017-09-01 02:00:00,17.5,78,4.6,0.0,846.0
2017-09-01 03:00:00,18.0,74,3.8,0.0,846.4
2017-09-01 04:00:00,17.7,75,3.6,0.0,846.1
2017-09-01 05:00:00,16.8,81,4.3,0.0,845.9
2017-09-01 06:00:00,16.7,81,4.1,0.0,846.3
2017-09-01 07:00:00,17.0,82,4.3,2.0,847.0
2017-09-01 08:00:00,16.7,74,14.9,33.0,848.3
2017-09-01 09:00:00,16.9,64,7.5,120.0,849.5
2017-09-01 10:00:00,15.7,70,1.8,43.0,849.9
2017-09-01 11:00:00,15.2,77,4.7,80.0,850.1
2017-09-01 12:00:00,15.9,71,6.1,199.0,849.8
2017-09-01 13:00:00,16.7,67,4.7,273.0,849.5
2017-09-01 14:00:00,17.5,65,1.6,339.0,849.1
2017-09-01 15:00:00,19.5,62,4.0,706.0,849.0
2017-09-01 16:00:00,20.4,59,0.5,656.0,848.2
2017-09-01 17:00:00,20.9,56,2.1,480.0,848.2
2017-09-01 18:00:00,21.0,55,4.3,307.0,847.5
2017-09-01 19:00:00,19.6,67,4.3,125.0,846.9
2017-09-01 20:00:00,17.5,71,8.3,10.0,846.1
2017-09-01 21:00:00,18.7,63,3.8,0.0,848.0
2017-09-01 22:00:00,18.1,66,2.3,0.0,847.9
2017-09-01 23:00:00,17.7,69,1.1,0.0,847.9
2017-09-02 00:00:00,17.0,73,2.6,0.0,847.8
2017-09-02 01:00:00,16.3,77,0.8,0.0,847.5
2017-09-02 02:00:00,15.7,81,1.1,0.0,846.8
2017-09-02 03:00:00,15.2,85,1.6,0.0,846.6
2017-09-02 04:00:00,14.8,87,4.0,0.0,846.5
2017-09-02 05:00:00,14.5,88,4.5,0.0,846.4
2017-09-02 06:00:00,14.3,88,4.3,0.0,846.7
2017-09-02 07:00:00,14.0,89,3.3,4.0,846.7
2017-09-02 08:00:00,14.6,86,2.9,104.0,847.9
2017-09-02 09:00:00,16.1,78,3.5,263.0,848.4
2017-09-02 10:00:00,17.9,70,2.1,425.0,848.9
2017-09-02 11:00:00,20.0,62,1.1,632.0,849.2
2017-09-02 12:00:00,21.9,54,2.2,785.0,849.0
2017-09-02 13:00:00,23.4,47,1.1,816.0,848.5
2017-09-02 14:00:00,24.5,41,3.8,791.0,848.0
2017-09-02 15:00:00,24.9,39,6.4,672.0,847.5
2017-09-02 16:00:00,24.9,38,7.7,440.0,846.7
2017-09-02 17:00:00,24.6,39,8.7,303.0,846.1
2017-09-02 18:00:00,23.8,45,7.7,187.0,845.6
2017-09-02 19:00:00,21.9,58,5.2,89.0,845.0
2017-09-02 20:00:00,19.9,63,9.3,7.0,844.7
2017-09-02 21:00:00,19.1,65,7.6,0.0,845.2
2017-09-02 22:00:00,20.0,57,4.8,0.0,846.5
2017-09-02 23:00:00,18.0,70,5.6,0.0,845.7
2017-09-03 00:00:00,18.0,69,5.2,0.0,846.2
2017-09-03 01:00:00,18.8,63,2.6,0.0,846.6
2017-09-03 02:00:00,17.6,73,4.0,0.0,846.0
2017-09-03 03:00:00,16.5,80,4.7,0.0,845.5
2017-09-03 04:00:00,17.8,71,3.2,0.0,846.1
2017-09-03 05:00:00,17.8,70,2.8,0.0,846.9
2017-09-03 06:00:00,17.6,70,3.7,0.0,847.2
2017-09-03 07:00:00,17.4,71,1.1,2.0,847.6
2017-09-03 08:00:00,17.7,71,4.4,59.0,848.0
2017-09-03 09:00:00,19.5,59,2.4,245.0,849.1
2017-09-03 10:00:00,21.0,52,2.3,467.0,849.6
2017-09-03 11:00:00,22.3,50,4.4,584.0,849.8
2017-09-03 12:00:00,23.7,42,5.2,726.0,849.8
2017-09-03 13:00:00,24.0,37,7.2,655.0,849.1
2017-09-03 14:00:00,24.8,35,8.2,689.0,848.7
2017-09-03 15:00:00,24.4,37,7.3,356.0,847.7
2017-09-03 16:00:00,24.4,37,7.4,327.0,847.4
2017-09-03 17:00:00,24.5,36,5.6,336.0,847.0
2017-09-03 18:00:00,23.7,41,5.2,171.0,846.5
2017-09-03 19:00:00,21.6,52,6.3,46.0,845.9
2017-09-03 20:00:00,21.3,52,6.4,4.0,846.0
2017-09-03 21:00:00,20.2,57,6.1,0.0,846.5
2017-09-03 22:00:00,19.2,59,5.9,0.0,846.3
2017-09-03 23:00:00,18.6,61,6.0,0.0,846.5
2017-09-04 00:00:00,18.3,60,6.2,0.0,846.4
2017-09-04 01:00:00,17.6,62,6.8,0.0,846.2
2017-09-04 02:00:00,17.9,60,5.5,0.0,846.2
2017-09-04 03:00:00,17.0,65,6.0,0.0,845.8
2017-09-04 04:00:00,16.1,72,7.6,0.0,845.5
2017-09-04 05:00:00,16.8,67,6.3,0.0,846.0
2017-09-04 06:00:00,17.2,65,3.0,0.0,846.4
2017-09-04 07:00:00,16.6,72,1.8,2.0,846.6
2017-09-04 08:00:00,17.6,68,4.1,52.0,847.4
2017-09-04 09:00:00,19.1,61,3.9,203.0,848.6
2017-09-04 10:00:00,20.2,59,1.4,365.0,849.4
2017-09-04 11:00:00,21.0,56,11.5,418.0,850.0
2017-09-04 12:00:00,20.9,50,17.4,284.0,850.0
2017-09-04 13:00:00,20.9,47,18.1,189.0,849.8
2017-09-04 14:00:00,19.6,49,24.7,214.0,849.9
2017-09-04 15:00:00,18.8,48,20.6,189.0,850.1
2017-09-04 16:00:00,17.9,51,19.5,157.0,849.9
2017-09-04 17:00:00,17.8,52,14.0,214.0,850.4
2017-09-04 18:00:00,17.7,52,10.2,118.0,850.9
2017-09-04 19:00:00,17.3,53,5.1,33.0,851.5
2017-09-04 20:00:00,16.6,61,6.1,3.0,852.3
2017-09-04 21:00:00,16.4,63,5.8,0.0,852.9
2017-09-04 22:00:00,16.1,66,5.5,0.0,853.2
2017-09-04 23:00:00,15.6,69,5.2,0.0,853.3
2017-09-05 00:00:00,15.7,62,5.6,0.0,853.4
2017-09-05 01:00:00,15.1,61,4.3,0.0,853.0
2017-09-05 02:00:00,14.4,67,3.6,0.0,852.3
2017-09-05 03:00:00,13.6,72,4.1,0.0,851.8
2017-09-05 04:00:00,12.7,80,5.1,0.0,851.3
2017-09-05 05:00:00,13.5,73,1.6,0.0,851.6
2017-09-05 06:00:00,13.1,76,2.1,0.0,851.2
2017-09-05 07:00:00,13.0,77,2.3,3.0,851.4
2017-09-05 08:00:00,13.7,71,3.9,73.0,852.6
2017-09-05 09:00:00,14.5,67,1.6,156.0,853.5
2017-09-05 10:00:00,15.2,64,1.4,250.0,853.7
2017-09-05 11:00:00,16.2,60,0.0,355.0,853.8
2017-09-05 12:00:00,17.6,54,0.5,549.0,854.0
2017-09-05 13:00:00,18.8,50,2.3,723.0,853.3
2017-09-05 14:00:00,19.8,47,3.3,721.0,853.0
2017-09-05 15:00:00,20.5,46,3.3,692.0,852.2
2017-09-05 16:00:00,21.1,43,3.1,628.0,851.5
2017-09-05 17:00:00,21.4,41,3.8,492.0,851.1
2017-09-05 18:00:00,20.8,42,3.3,284.0,850.9
2017-09-05 19:00:00,19.0,62,4.6,102.0,850.3
2017-09-05 20:00:00,18.9,53,2.6,5.0,851.4
2017-09-05 21:00:00,18.0,58,2.9,0.0,851.9
2017-09-05 22:00:00,17.0,63,3.4,0.0,851.9
2017-09-05 23:00:00,14.9,77,4.8,0.0,851.4
2017-09-06 00:00:00,14.4,82,5.0,0.0,851.2
2017-09-06 01:00:00,14.8,80,3.1,0.0,851.5
2017-09-06 02:00:00,14.6,82,3.3,0.0,851.2
2017-09-06 03:00:00,13.1,89,3.3,0.0,850.4
2017-09-06 04:00:00,11.7,96,4.2,0.0,849.7
2017-09-06 05:00:00,12.6,96,1.5,0.0,850.1
2017-09-06 06:00:00,12.5,94,1.6,0.0,850.2
2017-09-06 07:00:00,12.2,95,3.1,3.0,850.2
2017-09-06 08:00:00,12.9,92,3.2,98.0,851.5
2017-09-06 09:00:00,14.9,81,3.3,290.0,852.4
2017-09-06 10:00:00,17.2,69,2.2,492.0,852.8
2017-09-06 11:00:00,19.4,59,1.5,669.0,853.1
2017-09-06 12:00:00,21.1,54,1.1,782.0,852.6
2017-09-06 13:00:00,22.5,47,0.8,864.0,851.8
2017-09-06 14:00:00,23.6,43,1.0,859.0,851.3
2017-09-06 15:00:00,24.3,39,3.1,815.0,850.6
2017-09-06 16:00:00,24.7,37,4.7,693.0,849.8
2017-09-06 17:00:00,24.6,36,5.4,519.0,849.2
2017-09-06 18:00:00,24.0,38,8.5,313.0,848.8
2017-09-06 19:00:00,21.2,48,7.6,115.0,847.6
2017-09-06 20:00:00,18.8,53,9.4,6.0,846.5
2017-09-06 21:00:00,17.0,62,10.0,0.0,846.2
2017-09-06 22:00:00,16.2,65,9.4,0.0,846.4
2017-09-06 23:00:00,15.3,67,7.1,0.0,846.4
2017-09-07 00:00:00,15.4,63,4.1,0.0,846.7
2017-09-07 01:00:00,16.5,56,5.5,0.0,847.2
2017-09-07 02:00:00,16.1,57,2.7,0.0,847.2
2017-09-07 03:00:00,15.7,62,2.2,0.0,847.3
2017-09-07 04:00:00,15.4,66,2.9,0.0,847.5
2017-09-07 05:00:00,14.0,72,3.1,0.0,846.7
2017-09-07 06:00:00,14.7,68,2.4,0.0,847.0
2017-09-07 07:00:00,14.2,72,2.7,3.0,847.0
2017-09-07 08:00:00,14.1,74,3.1,97.0,848.2
2017-09-07 09:00:00,15.7,68,1.6,290.0,848.8
2017-09-07 10:00:00,17.6,61,1.9,493.0,848.7
2017-09-07 11:00:00,19.7,54,1.5,668.0,849.0
2017-09-07 12:00:00,21.6,48,2.3,794.0,848.6
2017-09-07 13:00:00,22.9,43,3.4,768.0,848.0
2017-09-07 14:00:00,24.1,42,3.6,760.0,847.5
2017-09-07 15:00:00,25.2,42,3.3,625.0,846.7
2017-09-07 16:00:00,26.3,40,6.0,450.0,846.0
2017-09-07 17:00:00,26.0,39,7.2,199.0,845.5
2017-09-07 18:00:00,24.5,51,4.3,92.0,844.9
2017-09-07 19:00:00,22.7,54,5.4,35.0,845.0
2017-09-07 20:00:00,20.4,68,6.4,2.0,845.9
2017-09-07 21:00:00,20.1,67,6.9,0.0,847.1
2017-09-07 22:00:00,19.4,67,6.3,0.0,847.7
2017-09-07 23:00:00,18.6,65,5.1,0.0,848.3
2017-09-08 00:00:00,18.3,66,5.4,0.0,848.0
2017-09-08 01:00:00,18.2,67,5.5,0.0,847.6
2017-09-08 02:00:00,19.3,56,2.3,0.0,848.1
2017-09-08 03:00:00,19.0,58,0.5,0.0,848.0
2017-09-08 04:00:00,18.6,60,0.8,0.0,847.7
2017-09-08 05:00:00,17.9,65,1.8,0.0,847.3
2017-09-08 06:00:00,17.2,68,1.9,0.0,847.0
2017-09-08 07:00:00,16.7,70,1.4,2.0,847.0
2017-09-08 08:00:00,17.0,69,2.8,75.0,847.7
2017-09-08 09:00:00,18.5,64,1.3,235.0,848.4
2017-09-08 10:00:00,20.2,55,1.1,434.0,848.7
2017-09-08 11:00:00,22.2,47,1.8,641.0,849.0
2017-09-08 12:00:00,23.9,42,2.1,779.0,848.6
2017-09-08 13:00:00,25.1,38,2.5,850.0,848.1
2017-09-08 14:00:00,25.9,36,3.7,850.0,847.6
2017-09-08 15:00:00,26.4,32,3.8,787.0,846.9
2017-09-08 16:00:00,26.7,31,4.6,656.0,846.2
2017-09-08 17:00:00,26.7,31,8.9,501.0,845.6
2017-09-08 18:00:00,25.9,33,8.9,297.0,845.4
2017-09-08 19:00:00,23.4,42,7.9,98.0,844.9
2017-09-08 20:00:00,21.2,51,8.9,3.0,844.5
2017-09-08 21:00:00,20.0,62,7.2,0.0,845.3
2017-09-08 22:00:00,18.9,72,8.3,0.0,845.6
2017-09-08 23:00:00,18.1,76,8.7,0.0,845.7
2017-09-09 00:00:00,17.4,78,8.4,0.0,846.1
2017-09-09 01:00:00,18.0,74,6.2,0.0,846.6
2017-09-09 02:00:00,17.4,79,5.4,0.0,846.5
2017-09-09 03:00:00,17.6,78,4.1,0.0,846.8
2017-09-09 04:00:00,17.7,77,2.3,0.0,846.6
2017-09-09 05:00:00,17.4,76,3.7,0.0,846.4
2017-09-09 06:00:00,17.3,76,2.8,0.0,846.4
2017-09-09 07:00:00,16.3,84,4.3,1.0,846.5
2017-09-09 08:00:00,17.7,78,1.8,34.0,847.7
2017-09-09 09:00:00,18.5,74,4.0,97.0,848.8
2017-09-09 10:00:00,19.2,68,6.3,160.0,849.4
2017-09-09 11:00:00,20.5,62,3.2,320.0,850.3
2017-09-09 12:00:00,21.1,60,3.9,316.0,850.8
2017-09-09 13:00:00,22.7,37,22.2,517.0,851.2
2017-09-09 14:00:00,23.1,37,23.4,501.0,851.3
2017-09-09 15:00:00,20.4,44,17.7,181.0,851.4
2017-09-09 16:00:00,19.2,50,12.1,158.0,852.1
2017-09-09 17:00:00,16.9,64,5.5,83.0,852.2
2017-09-09 18:00:00,16.6,62,4.6,92.0,853.0
2017-09-09 19:00:00,16.0,65,2.9,35.0,853.4
2017-09-09 20:00:00,15.4,68,3.7,1.0,853.6
2017-09-09 21:00:00,15.7,67,10.1,0.0,854.4
2017-09-09 22:00:00,15.1,73,4.0,0.0,853.9
2017-09-09 23:00:00,14.9,70,2.3,0.0,853.8
2017-09-10 00:00:00,12.2,86,6.0,0.0,852.5
2017-09-10 01:00:00,11.3,90,7.4,0.0,852.4
2017-09-10 02:00:00,11.7,88,4.0,0.0,852.4
2017-09-10 03:00:00,12.6,81,1.0,0.0,852.7
2017-09-10 04:00:00,12.3,81,0.7,0.0,852.6
2017-09-10 05:00:00,12.1,81,1.4,0.0,852.4
2017-09-10 06:00:00,11.8,82,2.1,0.0,852.2
2017-09-10 07:00:00,11.5,84,2.3,2.0,852.2
2017-09-10 08:00:00,11.8,86,4.1,92.0,853.5
2017-09-10 09:00:00,13.9,79,3.3,285.0,854.2
2017-09-10 10:00:00,16.5,69,3.4,485.0,854.6
2017-09-10 11:00:00,19.1,58,2.3,660.0,854.9
2017-09-10 12:00:00,21.3,53,2.5,789.0,854.6
2017-09-10 13:00:00,22.9,48,1.8,856.0,853.9
2017-09-10 14:00:00,24.1,42,0.8,856.0,853.3
2017-09-10 15:00:00,25.0,37,1.1,800.0,852.5
2017-09-10 16:00:00,25.4,35,2.8,675.0,851.6
2017-09-10 17:00:00,25.5,33,4.2,498.0,851.3
2017-09-10 18:00:00,24.9,35,7.7,296.0,850.9
2017-09-10 19:00:00,21.7,45,8.0,100.0,849.6
2017-09-10 20:00:00,19.1,54,9.2,3.0,848.4
2017-09-10 21:00:00,18.3,55,9.5,0.0,849.1
2017-09-10 22:00:00,17.2,56,9.4,0.0,848.9
2017-09-10 23:00:00,15.9,59,7.4,0.0,848.6
2017-09-11 00:00:00,14.1,67,7.7,0.0,847.7
2017-09-11 01:00:00,14.8,63,5.4,0.0,848.4
2017-09-11 02:00:00,15.8,60,1.8,0.0,848.9
2017-09-11 03:00:00,14.3,70,2.6,0.0,848.2
2017-09-11 04:00:00,14.8,71,2.2,0.0,848.5
2017-09-11 05:00:00,14.4,73,1.6,0.0,848.3
2017-09-11 06:00:00,14.2,72,2.6,0.0,848.4
2017-09-11 07:00:00,14.0,70,2.5,2.0,848.3
2017-09-11 08:00:00,14.5,68,0.5,91.0,849.2
2017-09-11 09:00:00,16.2,62,1.8,283.0,850.2
2017-09-11 10:00:00,18.3,57,0.7,485.0,850.7
2017-09-11 11:00:00,20.4,51,0.7,660.0,851.1
2017-09-11 12:00:00,22.2,45,4.5,787.0,850.9
2017-09-11 13:00:00,23.9,39,6.2,854.0,850.3
2017-09-11 14:00:00,25.5,36,6.2,856.0,849.9
2017-09-11 15:00:00,26.6,34,6.6,790.0,849.4
2017-09-11 16:00:00,27.2,33,6.6,665.0,849.0
2017-09-11 17:00:00,27.2,34,6.4,491.0,848.7
2017-09-11 18:00:00,26.6,40,6.2,289.0,848.4
2017-09-11 19:00:00,22.4,60,9.7,95.0,846.7
2017-09-11 20:00:00,21.7,56,9.1,2.0,847.0
2017-09-11 21:00:00,20.4,62,9.2,0.0,847.7
2017-09-11 22:00:00,19.1,68,9.0,0.0,848.1
2017-09-11 23:00:00,18.3,70,8.9,0.0,848.4
2017-09-12 00:00:00,17.1,75,7.8,0.0,848.3
2017-09-12 01:00:00,16.0,80,9.6,0.0,848.2
2017-09-12 02:00:00,16.5,78,7.6,0.0,849.0
2017-09-12 03:00:00,16.4,78,7.2,0.0,849.2
2017-09-12 04:00:00,17.0,75,3.5,0.0,849.4
2017-09-12 05:00:00,14.8,86,5.6,0.0,848.4
2017-09-12 06:00:00,13.6,91,7.4,0.0,848.2
2017-09-12 07:00:00,13.2,91,7.9,1.0,848.3
2017-09-12 08:00:00,15.7,76,8.0,85.0,850.7
2017-09-12 09:00:00,17.1,70,8.3,266.0,851.2
2017-09-12 10:00:00,18.6,66,8.5,469.0,851.5
2017-09-12 11:00:00,20.2,61,8.7,639.0,851.4
2017-09-12 12:00:00,22.2,55,9.0,768.0,851.1
2017-09-12 13:00:00,24.3,50,12.2,838.0,850.4
2017-09-12 14:00:00,26.1,44,17.9,841.0,849.4
2017-09-12 15:00:00,27.2,40,24.6,776.0,848.7
2017-09-12 16:00:00,27.0,40,30.1,651.0,847.5
2017-09-12 17:00:00,25.5,45,33.7,480.0,847.1
2017-09-12 18:00:00,23.5,50,31.8,276.0,846.5
2017-09-12 19:00:00,21.3,56,29.8,88.0,846.2
2017-09-12 20:00:00,21.2,58,25.1,2.0,845.6
2017-09-12 21:00:00,19.8,64,23.5,0.0,846.5
2017-09-12 22:00:00,18.6,68,22.4,0.0,846.8
2017-09-12 23:00:00,17.8,71,19.5,0.0,846.9
2017-09-13 00:00:00,17.3,74,14.8,0.0,846.7
2017-09-13 01:00:00,16.7,77,9.2,0.0,846.9
2017-09-13 02:00:00,15.9,80,6.6,0.0,846.6
2017-09-13 03:00:00,15.2,83,7.4,0.0,846.6
2017-09-13 04:00:00,15.4,82,7.1,0.0,846.9
2017-09-13 05:00:00,15.8,80,2.7,0.0,847.8
2017-09-13 06:00:00,15.2,86,4.6,0.0,847.9
2017-09-13 07:00:00,15.5,85,3.2,1.0,848.5
2017-09-13 08:00:00,16.8,78,2.4,38.0,850.1
2017-09-13 09:00:00,17.8,74,2.5,114.0,851.1
2017-09-13 10:00:00,19.3,68,2.0,255.0,851.9
2017-09-13 11:00:00,20.4,63,4.7,284.0,852.1
2017-09-13 12:00:00,20.8,58,11.6,219.0,852.1
2017-09-13 13:00:00,21.6,54,9.2,229.0,851.9
2017-09-13 14:00:00,22.2,52,12.5,302.0,852.1
2017-09-13 15:00:00,21.9,51,11.2,166.0,851.7
2017-09-13 16:00:00,22.7,46,12.1,272.0,851.7
2017-09-13 17:00:00,22.2,45,13.4,163.0,851.7
2017-09-13 18:00:00,21.4,45,7.1,56.0,851.6
2017-09-13 19:00:00,20.8,47,6.1,19.0,851.6
2017-09-13 20:00:00,20.6,51,6.3,0.0,851.6
2017-09-13 21:00:00,20.5,56,6.9,0.0,852.6
2017-09-13 22:00:00,19.9,61,6.4,0.0,852.5
2017-09-13 23:00:00,18.5,71,6.4,0.0,852.3
2017-09-14 00:00:00,18.1,71,4.0,0.0,852.7
2017-09-14 01:00:00,17.1,77,5.2,0.0,852.1
2017-09-14 02:00:00,17.0,77,4.2,0.0,852.2
2017-09-14 03:00:00,17.4,73,0.5,0.0,852.4
2017-09-14 04:00:00,17.1,78,1.9,0.0,852.2
2017-09-14 05:00:00,17.2,72,2.7,0.0,852.3
2017-09-14 06:00:00,17.0,67,3.1,0.0,852.4
2017-09-14 07:00:00,16.4,66,3.8,0.0,852.8
2017-09-14 08:00:00,15.1,82,6.2,11.0,853.3
2017-09-14 09:00:00,15.2,81,7.4,32.0,853.6
2017-09-14 10:00:00,15.3,79,5.6,45.0,853.8
2017-09-14 11:00:00,15.6,74,4.7,77.0,854.1
2017-09-14 12:00:00,15.8,73,4.6,121.0,853.7
2017-09-14 13:00:00,16.1,72,5.8,147.0,853.3
2017-09-14 14:00:00,16.6,70,6.3,204.0,853.3
2017-09-14 15:00:00,17.0,69,5.6,248.0,853.0
2017-09-14 16:00:00,16.9,70,5.5,180.0,852.4
2017-09-14 17:00:00,16.5,75,4.8,163.0,851.6
2017-09-14 18:00:00,16.1,77,2.5,93.0,851.4
2017-09-14 19:00:00,15.5,88,1.3,36.0,851.5
2017-09-14 20:00:00,15.1,84,2.7,1.0,851.2
2017-09-14 21:00:00,14.4,88,3.8,0.0,851.6
2017-09-14 22:00:00,15.5,84,2.8,0.0,852.5
2017-09-14 23:00:00,15.2,84,1.5,0.0,852.5
2017-09-15 00:00:00,15.0,86,1.8,0.0,852.3
2017-09-15 01:00:00,14.7,88,1.0,0.0,851.7
2017-09-15 02:00:00,14.4,89,2.8,0.0,851.3
2017-09-15 03:00:00,14.1,89,1.6,0.0,850.8
2017-09-15 04:00:00,13.9,90,1.6,0.0,850.7
2017-09-15 05:00:00,13.6,91,0.7,0.0,850.6
2017-09-15 06:00:00,13.4,92,2.6,0.0,850.6
2017-09-15 07:00:00,13.4,91,1.8,1.0,850.8
2017-09-15 08:00:00,14.4,87,1.5,69.0,851.6
2017-09-15 09:00:00,15.8,83,3.6,211.0,852.4
2017-09-15 10:00:00,17.4,75,5.0,406.0,852.7
2017-09-15 11:00:00,19.1,68,4.1,542.0,852.9
2017-09-15 12:00:00,20.9,62,2.7,626.0,852.4
2017-09-15 13:00:00,23.1,53,4.4,783.0,851.9
2017-09-15 14:00:00,24.5,48,5.8,750.0,851.2
2017-09-15 15:00:00,25.0,47,7.9,663.0,850.6
2017-09-15 16:00:00,25.0,48,10.0,566.0,849.9
2017-09-15 17:00:00,24.9,47,6.1,367.0,849.8
2017-09-15 18:00:00,23.3,53,12.7,188.0,849.8
2017-09-15 19:00:00,21.9,59,7.9,53.0,849.8
2017-09-15 20:00:00,19.4,76,5.7,0.0,850.3
2017-09-15 21:00:00,19.3,84,3.4,0.0,851.3
2017-09-15 22:00:00,18.5,88,2.9,0.0,851.5
2017-09-15 23:00:00,18.1,90,2.5,0.0,851.6
2017-09-16 00:00:00,17.0,92,11.3,0.0,851.9
2017-09-16 01:00:00,17.0,89,8.6,0.0,852.1
2017-09-16 02:00:00,16.6,88,11.0,0.0,851.9
2017-09-16 03:00:00,16.5,87,5.5,0.0,851.8
2017-09-16 04:00:00,16.4,87,4.3,0.0,852.0
2017-09-16 05:00:00,15.9,88,7.6,0.0,851.9
2017-09-16 06:00:00,16.0,87,5.4,0.0,852.2
2017-09-16 07:00:00,15.7,88,5.1,0.0,852.3
2017-09-16 08:00:00,16.1,82,5.6,22.0,853.7
2017-09-16 09:00:00,17.2,71,6.4,172.0,854.7
2017-09-16 10:00:00,18.1,63,6.2,240.0,854.9
2017-09-16 11:00:00,19.2,59,3.6,416.0,855.1
2017-09-16 12:00:00,20.8,56,1.6,692.0,854.8
2017-09-16 13:00:00,21.6,55,2.2,647.0,854.1
2017-09-16 14:00:00,22.5,51,2.4,662.0,853.6
2017-09-16 15:00:00,22.5,50,1.6,422.0,852.9
2017-09-16 16:00:00,22.8,49,3.5,407.0,852.3
2017-09-16 17:00:00,22.6,50,3.7,276.0,851.9
2017-09-16 18:00:00,22.1,53,6.2,166.0,851.6
2017-09-16 19:00:00,19.9,64,5.9,65.0,851.2
2017-09-16 20:00:00,19.1,63,9.7,0.0,850.4
2017-09-16 21:00:00,18.4,67,7.6,0.0,850.6
2017-09-16 22:00:00,18.0,70,6.6,0.0,850.9
2017-09-16 23:00:00,17.2,73,8.1,0.0,850.6
2017-09-17 00:00:00,17.3,72,7.1,0.0,850.7
2017-09-17 01:00:00,18.3,66,3.0,0.0,851.2
2017-09-17 02:00:00,17.7,70,3.0,0.0,850.9
2017-09-17 03:00:00,16.7,76,2.5,0.0,850.3
2017-09-17 04:00:00,16.9,76,1.3,0.0,850.3
2017-09-17 05:00:00,16.6,78,1.1,0.0,850.1
2017-09-17 06:00:00,16.2,81,2.2,0.0,850.1
2017-09-17 07:00:00,16.1,82,1.1,0.0,850.3
2017-09-17 08:00:00,15.9,85,2.1,48.0,851.1
2017-09-17 09:00:00,17.4,77,2.3,214.0,851.8
2017-09-17 10:00:00,19.1,71,0.8,425.0,852.3
2017-09-17 11:00:00,20.3,66,0.0,552.0,852.3
2017-09-17 12:00:00,21.3,62,0.8,603.0,852.0
2017-09-17 13:00:00,23.0,55,2.3,736.0,851.6
2017-09-17 14:00:00,23.1,54,4.6,585.0,850.9
2017-09-17 15:00:00,23.1,54,4.8,436.0,850.5
2017-09-17 16:00:00,21.8,61,13.4,351.0,850.0
2017-09-17 17:00:00,20.7,69,7.9,300.0,850.2
2017-09-17 18:00:00,20.5,69,3.4,78.0,850.3
2017-09-17 19:00:00,20.1,71,2.9,31.0,850.4
2017-09-17 20:00:00,19.2,79,2.6,0.0,850.3
2017-09-17 21:00:00,17.6,82,6.5,0.0,850.5
2017-09-17 22:00:00,17.1,80,4.8,0.0,850.7
2017-09-17 23:00:00,17.1,82,3.2,0.0,850.9
2017-09-18 00:00:00,17.0,83,3.1,0.0,851.0
2017-09-18 01:00:00,16.4,85,3.3,0.0,850.3
2017-09-18 02:00:00,16.0,86,2.9,0.0,850.0
2017-09-18 03:00:00,16.3,84,2.3,0.0,850.0
2017-09-18 04:00:00,15.1,91,3.2,0.0,849.3
2017-09-18 05:00:00,15.3,89,1.3,0.0,849.3
2017-09-18 06:00:00,15.4,89,2.4,0.0,849.5
2017-09-18 07:00:00,15.7,89,2.5,0.0,849.6
2017-09-18 08:00:00,16.0,87,1.6,20.0,850.5
2017-09-18 09:00:00,16.6,84,1.5,57.0,850.9
2017-09-18 10:00:00,17.2,80,2.0,102.0,851.2
2017-09-18 11:00:00,17.6,77,1.5,121.0,851.5
2017-09-18 12:00:00,18.1,75,2.1,147.0,851.5
2017-09-18 13:00:00,18.6,71,5.1,149.0,851.1
2017-09-18 14:00:00,19.7,63,9.5,207.0,851.3
2017-09-18 15:00:00,20.0,57,17.3,164.0,851.4
2017-09-18 16:00:00,18.3,64,14.9,60.0,851.6
2017-09-18 17:00:00,16.7,78,7.5,43.0,852.0
2017-09-18 18:00:00,15.9,78,4.3,25.0,852.4
2017-09-18 19:00:00,15.1,81,3.1,18.0,852.5
2017-09-18 20:00:00,14.0,83,4.5,0.0,852.2
2017-09-18 21:00:00,13.7,86,4.8,0.0,852.9
2017-09-18 22:00:00,13.6,85,5.4,0.0,853.1
2017-09-18 23:00:00,13.5,86,5.0,0.0,853.3
2017-09-19 00:00:00,13.4,85,5.3,0.0,853.2
2017-09-19 01:00:00,13.4,87,3.2,0.0,852.8
2017-09-19 02:00:00,13.4,87,1.8,0.0,852.4
2017-09-19 03:00:00,13.4,87,1.8,0.0,852.2
2017-09-19 04:00:00,13.4,86,2.1,0.0,851.7
2017-09-19 05:00:00,13.3,86,3.1,0.0,851.6
2017-09-19 06:00:00,13.3,85,2.8,0.0,851.5
2017-09-19 07:00:00,13.3,87,2.3,0.0,851.7
2017-09-19 08:00:00,13.1,87,4.0,28.0,852.3
2017-09-19 09:00:00,13.5,86,2.1,62.0,852.9
2017-09-19 10:00:00,13.9,85,1.1,97.0,853.5
2017-09-19 11:00:00,14.2,85,2.7,94.0,853.8
2017-09-19 12:00:00,14.7,83,4.0,127.0,853.5
2017-09-19 13:00:00,15.1,79,4.0,184.0,853.3
2017-09-19 14:00:00,15.8,72,2.3,259.0,852.9
2017-09-19 15:00:00,15.9,71,1.8,213.0,852.7
2017-09-19 16:00:00,16.5,67,4.0,270.0,852.4
2017-09-19 17:00:00,16.9,63,6.4,207.0,852.4
2017-09-19 18:00:00,16.6,64,5.9,121.0,852.1
2017-09-19 19:00:00,15.5,72,4.3,36.0,851.7
2017-09-19 20:00:00,15.1,79,6.1,0.0,851.6
2017-09-19 21:00:00,15.8,74,4.7,0.0,852.5
2017-09-19 22:00:00,15.5,75,3.4,0.0,852.6
2017-09-19 23:00:00,15.0,79,2.8,0.0,852.7
2017-09-20 00:00:00,14.4,82,4.8,0.0,852.5
2017-09-20 01:00:00,13.9,85,1.9,0.0,852.2
2017-09-20 02:00:00,13.5,87,3.3,0.0,851.9
2017-09-20 03:00:00,13.2,89,3.3,0.0,851.6
2017-09-20 04:00:00,12.9,89,1.1,0.0,851.1
2017-09-20 05:00:00,12.7,89,1.1,0.0,850.8
2017-09-20 06:00:00,12.4,91,4.3,0.0,850.7
2017-09-20 07:00:00,12.3,92,3.4,0.0,851.0
2017-09-20 08:00:00,12.6,91,3.3,70.0,851.7
2017-09-20 09:00:00,14.3,84,1.1,241.0,852.4
2017-09-20 10:00:00,16.8,71,1.1,448.0,852.7
2017-09-20 11:00:00,19.0,60,2.3,628.0,853.0
2017-09-20 12:00:00,20.5,54,3.9,753.0,852.7
2017-09-20 13:00:00,21.8,49,2.5,818.0,851.9
2017-09-20 14:00:00,22.7,45,3.3,817.0,851.1
2017-09-20 15:00:00,23.2,44,4.8,693.0,850.1
2017-09-20 16:00:00,23.6,42,4.6,612.0,849.5
2017-09-20 17:00:00,23.4,40,5.8,358.0,849.1
2017-09-20 18:00:00,22.5,46,3.6,153.0,848.8
2017-09-20 19:00:00,19.7,56,8.1,30.0,847.5
2017-09-20 20:00:00,20.3,50,7.4,0.0,847.8
2017-09-20 21:00:00,19.6,53,6.2,0.0,848.8
2017-09-20 22:00:00,18.6,58,6.6,0.0,849.0
2017-09-20 23:00:00,18.1,61,4.2,0.0,849.1
2017-09-21 00:00:00,17.4,65,3.1,0.0,849.0
2017-09-21 01:00:00,16.5,69,2.8,0.0,848.4
2017-09-21 02:00:00,16.0,70,2.2,0.0,848.2
2017-09-21 03:00:00,15.7,71,2.9,0.0,848.1
2017-09-21 04:00:00,15.1,74,3.8,0.0,848.0
2017-09-21 05:00:00,14.7,76,3.8,0.0,848.1
2017-09-21 06:00:00,14.4,77,3.3,0.0,848.2
2017-09-21 07:00:00,14.2,79,3.3,0.0,848.4
2017-09-21 08:00:00,13.9,80,3.1,70.0,849.2
2017-09-21 09:00:00,15.8,71,5.3,248.0,850.8
2017-09-21 10:00:00,17.5,62,9.2,382.0,851.9
2017-09-21 11:00:00,18.9,53,3.1,523.0,852.3
2017-09-21 12:00:00,20.2,46,1.9,701.0,852.1
2017-09-21 13:00:00,21.8,40,5.5,746.0,851.6
2017-09-21 14:00:00,22.7,34,10.2,768.0,851.2
2017-09-21 15:00:00,22.9,34,12.2,649.0,850.7
2017-09-21 16:00:00,22.6,31,14.5,545.0,850.3
2017-09-21 17:00:00,21.9,28,14.8,364.0,850.3
2017-09-21 18:00:00,20.9,33,8.4,200.0,850.1
2017-09-21 19:00:00,17.6,43,8.2,50.0,848.7
2017-09-21 20:00:00,18.2,38,7.9,0.0,849.0
2017-09-21 21:00:00,17.6,42,5.6,0.0,849.8
2017-09-21 22:00:00,14.9,58,7.7,0.0,848.8
2017-09-21 23:00:00,15.8,53,5.8,0.0,849.8
2017-09-22 00:00:00,15.3,54,3.8,0.0,850.0
2017-09-22 01:00:00,13.2,66,4.5,0.0,848.9
2017-09-22 02:00:00,12.5,69,5.0,0.0,848.4
2017-09-22 03:00:00,12.7,68,3.6,0.0,848.6
2017-09-22 04:00:00,12.0,72,4.2,0.0,848.2
2017-09-22 05:00:00,11.8,74,4.1,0.0,848.0
2017-09-22 06:00:00,10.5,73,5.1,0.0,847.0
2017-09-22 07:00:00,10.7,72,3.6,0.0,847.4
2017-09-22 08:00:00,12.0,64,8.1,40.0,848.8
2017-09-22 09:00:00,13.6,59,2.5,136.0,850.0
2017-09-22 10:00:00,14.8,53,3.9,320.0,850.7
2017-09-22 11:00:00,14.2,62,9.5,349.0,850.6
2017-09-22 12:00:00,14.3,66,8.7,286.0,849.8
2017-09-22 13:00:00,15.7,67,7.3,396.0,849.0
2017-09-22 14:00:00,18.0,63,9.8,527.0,848.6
2017-09-22 15:00:00,19.8,58,9.1,515.0,847.8
2017-09-22 16:00:00,21.1,54,9.4,510.0,847.1
2017-09-22 17:00:00,21.7,51,10.5,378.0,846.8
2017-09-22 18:00:00,20.9,53,12.9,186.0,846.3
2017-09-22 19:00:00,18.7,62,12.1,51.0,846.0
2017-09-22 20:00:00,17.1,68,15.6,0.0,845.8
2017-09-22 21:00:00,16.2,72,13.0,0.0,846.3
2017-09-22 22:00:00,15.4,77,10.8,0.0,846.5
2017-09-22 23:00:00,14.3,82,6.8,0.0,846.6
2017-09-23 00:00:00,13.1,88,8.1,0.0,845.9
2017-09-23 01:00:00,14.2,82,6.2,0.0,846.5
2017-09-23 02:00:00,14.4,81,3.8,0.0,846.6
2017-09-23 03:00:00,14.2,82,4.1,0.0,846.6
2017-09-23 04:00:00,14.1,83,4.0,0.0,846.5
2017-09-23 05:00:00,14.2,83,0.4,0.0,846.8
2017-09-23 06:00:00,14.0,84,1.3,0.0,846.8
2017-09-23 07:00:00,14.0,84,0.5,0.0,847.2
2017-09-23 08:00:00,13.8,86,4.0,22.0,848.1
2017-09-23 09:00:00,14.1,84,3.6,64.0,848.8
2017-09-23 10:00:00,15.0,79,4.0,104.0,849.3
2017-09-23 11:00:00,16.0,75,3.3,198.0,850.0
2017-09-23 12:00:00,17.2,71,1.1,351.0,849.7
2017-09-23 13:00:00,20.0,61,1.8,758.0,849.5
2017-09-23 14:00:00,21.2,55,4.1,756.0,848.9
2017-09-23 15:00:00,21.9,51,7.4,698.0,848.0
2017-09-23 16:00:00,22.5,48,5.1,590.0,847.6
2017-09-23 17:00:00,22.5,49,6.5,392.0,847.4
2017-09-23 18:00:00,21.7,52,7.5,180.0,847.0
2017-09-23 19:00:00,19.0,64,6.8,44.0,845.9
2017-09-23 20:00:00,17.8,69,9.1,0.0,845.1
2017-09-23 21:00:00,17.4,68,7.7,0.0,846.0
2017-09-23 22:00:00,16.5,69,8.9,0.0,846.2
2017-09-23 23:00:00,15.3,74,7.7,0.0,846.1
2017-09-24 00:00:00,14.4,79,8.4,0.0,845.5
2017-09-24 01:00:00,13.5,83,9.5,0.0,844.9
2017-09-24 02:00:00,15.6,72,6.2,0.0,845.6
2017-09-24 03:00:00,15.7,72,3.6,0.0,845.5
2017-09-24 04:00:00,15.3,75,2.6,0.0,845.0
2017-09-24 05:00:00,15.2,78,1.9,0.0,845.1
2017-09-24 06:00:00,14.3,85,3.6,0.0,844.8
2017-09-24 07:00:00,14.1,88,2.6,0.0,845.0
2017-09-24 08:00:00,14.5,85,3.4,44.0,845.9
2017-09-24 09:00:00,16.1,77,2.6,216.0,847.2
2017-09-24 10:00:00,17.6,71,1.6,444.0,847.6
2017-09-24 11:00:00,19.1,65,1.8,589.0,847.9
2017-09-24 12:00:00,20.7,58,3.4,728.0,847.8
2017-09-24 13:00:00,21.7,54,3.9,735.0,847.3
2017-09-24 14:00:00,22.1,51,6.1,484.0,846.5
2017-09-24 15:00:00,22.4,50,6.5,346.0,845.8
2017-09-24 16:00:00,22.4,50,3.6,274.0,845.6
2017-09-24 17:00:00,22.1,52,1.8,127.0,845.5
2017-09-24 18:00:00,20.9,63,1.1,37.0,845.9
2017-09-24 19:00:00,19.1,75,2.5,7.0,846.2
2017-09-24 20:00:00,19.8,65,1.9,0.0,845.9
2017-09-24 21:00:00,19.0,70,2.2,0.0,846.5
2017-09-24 22:00:00,17.7,87,1.6,0.0,846.9
2017-09-24 23:00:00,17.3,88,2.9,0.0,847.1
2017-09-25 00:00:00,17.0,89,3.2,0.0,847.3
2017-09-25 01:00:00,16.5,91,4.5,0.0,846.8
2017-09-25 02:00:00,16.9,83,4.0,0.0,846.7
2017-09-25 03:00:00,16.8,83,3.5,0.0,846.7
2017-09-25 04:00:00,16.3,85,2.3,0.0,846.4
2017-09-25 05:00:00,16.0,87,2.4,0.0,846.5
2017-09-25 06:00:00,15.5,89,2.4,0.0,846.6
2017-09-25 07:00:00,15.1,91,2.5,0.0,846.6
2017-09-25 08:00:00,16.0,87,0.4,58.0,847.3
2017-09-25 09:00:00,17.6,79,2.5,216.0,848.9
2017-09-25 10:00:00,19.4,68,4.1,360.0,849.3
2017-09-25 11:00:00,20.8,61,0.4,520.0,849.4
2017-09-25 12:00:00,22.0,57,1.1,676.0,849.0
2017-09-25 13:00:00,23.4,51,2.3,778.0,848.6
2017-09-25 14:00:00,24.3,47,1.4,776.0,847.8
2017-09-25 15:00:00,24.8,43,1.8,615.0,846.8
2017-09-25 16:00:00,25.1,41,4.0,421.0,846.4
2017-09-25 17:00:00,24.3,44,14.7,223.0,846.3
2017-09-25 18:00:00,23.0,51,15.3,118.0,846.3
2017-09-25 19:00:00,21.3,57,11.5,28.0,846.7
2017-09-25 20:00:00,20.1,51,9.7,0.0,847.2
2017-09-25 21:00:00,18.3,33,16.5,0.0,849.0
2017-09-25 22:00:00,16.8,36,9.4,0.0,850.4
2017-09-25 23:00:00,14.5,48,11.0,0.0,851.0
2017-09-26 00:00:00,14.5,51,9.2,0.0,851.4
2017-09-26 01:00:00,14.1,53,9.1,0.0,851.5
2017-09-26 02:00:00,12.7,65,8.7,0.0,851.4
2017-09-26 03:00:00,12.3,72,7.9,0.0,851.3
2017-09-26 04:00:00,12.3,72,7.0,0.0,851.4
2017-09-26 05:00:00,12.3,71,5.5,0.0,851.6
2017-09-26 06:00:00,12.1,75,5.1,0.0,851.7
2017-09-26 07:00:00,11.8,82,5.5,0.0,851.8
2017-09-26 08:00:00,12.0,79,5.2,14.0,852.9
2017-09-26 09:00:00,12.5,77,4.0,51.0,853.3
2017-09-26 10:00:00,13.5,71,2.3,195.0,853.7
2017-09-26 11:00:00,14.9,64,3.2,345.0,853.8
2017-09-26 12:00:00,15.8,60,4.0,386.0,853.7
2017-09-26 13:00:00,16.5,55,4.8,403.0,853.1
2017-09-26 14:00:00,17.5,51,5.0,443.0,852.7
2017-09-26 15:00:00,17.9,51,6.7,357.0,852.1
2017-09-26 16:00:00,18.0,51,8.9,286.0,851.6
2017-09-26 17:00:00,17.6,52,11.1,209.0,851.1
2017-09-26 18:00:00,17.0,55,12.6,124.0,851.2
2017-09-26 19:00:00,16.3,58,10.8,23.0,851.4
2017-09-26 20:00:00,15.0,65,8.9,0.0,852.6
2017-09-26 21:00:00,15.0,65,6.9,0.0,853.2
2017-09-26 22:00:00,14.8,66,4.6,0.0,853.7
2017-09-26 23:00:00,14.5,68,3.3,0.0,853.5
2017-09-27 00:00:00,14.6,67,1.6,0.0,853.5
2017-09-27 01:00:00,14.2,72,2.3,0.0,853.2
2017-09-27 02:00:00,14.2,72,3.9,0.0,853.4
2017-09-27 03:00:00,13.8,76,4.3,0.0,853.2
2017-09-27 04:00:00,13.9,75,5.6,0.0,853.5
2017-09-27 05:00:00,13.8,72,6.3,0.0,853.6
2017-09-27 06:00:00,13.9,69,5.3,0.0,853.7
2017-09-27 07:00:00,13.6,71,4.2,0.0,853.8
2017-09-27 08:00:00,14.2,70,1.1,21.0,854.5
2017-09-27 09:00:00,14.9,68,1.3,117.0,855.4
2017-09-27 10:00:00,16.7,61,2.1,396.0,855.8
2017-09-27 11:00:00,18.3,53,3.6,593.0,856.3
2017-09-27 12:00:00,19.6,44,2.9,732.0,855.8
2017-09-27 13:00:00,20.5,39,2.1,802.0,855.4
2017-09-27 14:00:00,21.2,34,4.7,803.0,854.6
2017-09-27 15:00:00,22.0,30,5.8,733.0,854.0
2017-09-27 16:00:00,22.3,28,8.4,602.0,853.5
2017-09-27 17:00:00,21.8,30,10.5,417.0,853.1
2017-09-27 18:00:00,20.7,36,6.8,211.0,852.7
2017-09-27 19:00:00,17.3,45,7.6,40.0,851.6
2017-09-27 20:00:00,16.7,52,8.7,0.0,852.1
2017-09-27 21:00:00,15.6,59,6.6,0.0,852.5
2017-09-27 22:00:00,14.7,63,6.4,0.0,852.4
2017-09-27 23:00:00,14.7,60,8.1,0.0,852.8
2017-09-28 00:00:00,13.0,67,7.2,0.0,852.1
2017-09-28 01:00:00,13.6,64,5.4,0.0,852.3
2017-09-28 02:00:00,12.1,72,4.7,0.0,851.3
2017-09-28 03:00:00,11.2,79,4.5,0.0,850.6
2017-09-28 04:00:00,11.7,77,3.7,0.0,850.6
2017-09-28 05:00:00,9.7,88,5.7,0.0,849.2
2017-09-28 06:00:00,9.2,86,5.1,0.0,848.8
2017-09-28 07:00:00,9.4,83,3.6,0.0,848.9
2017-09-28 08:00:00,10.7,73,2.6,58.0,850.4
2017-09-28 09:00:00,12.6,63,3.1,238.0,851.0
2017-09-28 10:00:00,14.5,57,3.3,436.0,851.3
2017-09-28 11:00:00,16.3,52,4.1,607.0,851.3
2017-09-28 12:00:00,17.8,49,7.1,728.0,850.4
2017-09-28 13:00:00,19.0,48,7.4,788.0,849.7
2017-09-28 14:00:00,20.0,47,6.3,781.0,848.9
2017-09-28 15:00:00,20.7,47,4.0,709.0,848.2
2017-09-28 16:00:00,21.5,46,1.8,571.0,847.6
2017-09-28 17:00:00,21.8,45,1.1,399.0,847.2
2017-09-28 18:00:00,21.5,47,1.8,201.0,847.0
2017-09-28 19:00:00,18.5,60,6.3,37.0,846.1
2017-09-28 20:00:00,18.7,52,9.9,0.0,846.5
2017-09-28 21:00:00,17.7,58,7.8,0.0,846.5
2017-09-28 22:00:00,17.1,63,6.8,0.0,846.9
2017-09-28 23:00:00,16.3,64,7.6,0.0,847.7
2017-09-29 00:00:00,14.7,70,7.4,0.0,847.5
2017-09-29 01:00:00,13.8,75,7.5,0.0,847.6
2017-09-29 02:00:00,14.5,70,4.5,0.0,848.0
2017-09-29 03:00:00,14.1,73,1.3,0.0,848.5
2017-09-29 04:00:00,13.8,76,1.4,0.0,848.2
2017-09-29 05:00:00,13.5,80,1.4,0.0,848.5
2017-09-29 06:00:00,13.0,83,3.4,0.0,848.5
2017-09-29 07:00:00,12.1,88,4.4,0.0,848.7
2017-09-29 08:00:00,12.8,86,3.2,56.0,849.6
2017-09-29 09:00:00,14.6,74,3.3,234.0,850.8
2017-09-29 10:00:00,16.3,65,1.8,434.0,851.3
2017-09-29 11:00:00,18.0,57,0.4,606.0,851.6
2017-09-29 12:00:00,19.8,49,3.1,728.0,851.7
2017-09-29 13:00:00,21.5,44,6.8,787.0,851.1
2017-09-29 14:00:00,22.5,40,11.6,775.0,850.4
2017-09-29 15:00:00,23.2,38,11.0,700.0,849.5
2017-09-29 16:00:00,23.7,37,11.0,578.0,848.6
2017-09-29 17:00:00,23.4,38,16.0,400.0,847.7
2017-09-29 18:00:00,22.0,44,17.7,199.0,846.9
2017-09-29 19:00:00,19.8,50,18.2,35.0,846.1
2017-09-29 20:00:00,18.9,58,16.9,0.0,845.3
2017-09-29 21:00:00,17.8,61,13.5,0.0,845.4
2017-09-29 22:00:00,16.6,65,11.0,0.0,845.6
2017-09-29 23:00:00,15.3,73,8.6,0.0,845.4
2017-09-30 00:00:00,14.3,78,6.4,0.0,845.2
2017-09-30 01:00:00,13.3,82,7.6,0.0,844.4
2017-09-30 02:00:00,13.8,80,6.9,0.0,844.7
2017-09-30 03:00:00,14.4,76,6.8,0.0,845.1
2017-09-30 04:00:00,13.8,81,4.6,0.0,844.3
2017-09-30 05:00:00,13.5,84,5.2,0.0,844.0
2017-09-30 06:00:00,13.5,87,5.0,0.0,843.9
2017-09-30 07:00:00,13.9,82,1.4,0.0,844.3
2017-09-30 08:00:00,14.0,86,4.1,15.0,844.8
2017-09-30 09:00:00,14.3,86,2.9,51.0,845.7
2017-09-30 10:00:00,14.8,85,2.3,82.0,846.3
2017-09-30 11:00:00,16.5,79,3.4,293.0,846.9
2017-09-30 12:00:00,18.9,67,4.6,486.0,847.3
2017-09-30 13:00:00,21.0,59,1.1,613.0,846.9
2017-09-30 14:00:00,22.6,53,5.4,754.0,847.0
2017-09-30 15:00:00,23.0,49,9.7,652.0,846.9
2017-09-30 16:00:00,22.9,47,8.0,338.0,846.3
2017-09-30 17:00:00,22.8,45,10.8,284.0,846.6
2017-09-30 18:00:00,22.0,45,7.9,174.0,846.6
2017-09-30 19:00:00,18.9,51,8.5,32.0,846.2
2017-09-30 20:00:00,17.4,55,12.0,0.0,846.0
2017-09-30 21:00:00,16.8,43,9.4,0.0,846.4
2017-09-30 22:00:00,17.9,38,4.7,0.0,847.6
2017-09-30 23:00:00,17.0,41,2.3,0.0,847.9
2017-10-01 00:00:00,15.4,46,5.1,0.0,847.1
2017-10-01 01:00:00,13.4,54,7.1,0.0,846.2
2017-10-01 02:00:00,14.2,48,7.3,0.0,846.8
2017-10-01 03:00:00,12.4,60,7.9,0.0,846.4
2017-10-01 04:00:00,12.3,65,9.0,0.0,846.8
2017-10-01 05:00:00,12.0,72,11.7,0.0,848.0
2017-10-01 06:00:00,11.6,81,7.2,0.0,848.1
2017-10-01 07:00:00,11.6,89,1.1,0.0,848.2
2017-10-01 08:00:00,12.1,82,4.7,9.0,849.4
2017-10-01 09:00:00,13.7,76,4.1,195.0,850.5
2017-10-01 10:00:00,16.0,68,2.6,395.0,850.8
2017-10-01 11:00:00,18.2,61,4.3,574.0,851.1
2017-10-01 12:00:00,20.1,56,3.3,711.0,850.4
2017-10-01 13:00:00,21.8,51,1.6,773.0,849.7
2017-10-01 14:00:00,23.2,45,2.2,768.0,848.8
2017-10-01 15:00:00,23.7,44,5.5,698.0,848.5
2017-10-01 16:00:00,23.7,45,8.7,567.0,848.1
2017-10-01 17:00:00,23.4,47,10.1,390.0,847.9
2017-10-01 18:00:00,22.0,56,4.9,191.0,847.8
2017-10-01 19:00:00,19.4,64,7.8,31.0,847.4
2017-10-01 20:00:00,17.4,71,11.9,0.0,846.4
2017-10-01 21:00:00,17.3,70,8.0,0.0,848.5
2017-10-01 22:00:00,16.6,73,6.7,0.0,850.1
2017-10-01 23:00:00,18.0,32,11.1,0.0,852.1
2017-10-02 00:00:00,16.1,33,6.3,0.0,852.3
2017-10-02 01:00:00,15.6,28,9.2,0.0,852.3
2017-10-02 02:00:00,13.0,36,7.6,0.0,851.5
2017-10-02 03:00:00,13.0,29,6.3,0.0,851.9
2017-10-02 04:00:00,12.3,31,6.8,0.0,852.0
2017-10-02 05:00:00,12.6,31,8.6,0.0,853.0
2017-10-02 06:00:00,12.2,32,9.1,0.0,853.6
2017-10-02 07:00:00,11.9,33,7.9,0.0,854.4
2017-10-02 08:00:00,11.2,32,10.0,16.0,855.5
2017-10-02 09:00:00,11.1,35,9.4,77.0,856.4
2017-10-02 10:00:00,10.6,38,11.5,101.0,856.7
2017-10-02 11:00:00,10.4,41,12.8,153.0,857.1
2017-10-02 12:00:00,9.9,46,11.1,123.0,856.8
2017-10-02 13:00:00,9.2,56,11.7,122.0,856.5
2017-10-02 14:00:00,8.5,65,10.6,225.0,855.9
2017-10-02 15:00:00,8.5,66,9.0,179.0,855.1
2017-10-02 16:00:00,8.2,70,7.4,80.0,854.6
2017-10-02 17:00:00,7.9,76,5.2,52.0,854.5
2017-10-02 18:00:00,7.8,77,3.6,23.0,854.8
2017-10-02 19:00:00,7.9,78,1.6,3.0,855.2
2017-10-02 20:00:00,7.8,79,3.9,0.0,855.8
2017-10-02 21:00:00,7.7,81,5.9,0.0,856.7
2017-10-02 22:00:00,7.7,81,5.1,0.0,856.7
2017-10-02 23:00:00,7.9,77,5.2,0.0,856.8
2017-10-03 00:00:00,7.9,80,4.5,0.0,856.5
2017-10-03 01:00:00,7.9,81,4.5,0.0,856.1
2017-10-03 02:00:00,8.0,82,4.3,0.0,856.0
2017-10-03 03:00:00,8.0,82,4.0,0.0,855.6
2017-10-03 04:00:00,8.0,82,3.0,0.0,855.4
2017-10-03 05:00:00,7.8,84,2.6,0.0,855.1
2017-10-03 06:00:00,7.7,86,2.4,0.0,854.8
2017-10-03 07:00:00,7.7,86,2.2,0.0,855.1
2017-10-03 08:00:00,8.0,79,2.8,10.0,856.4
2017-10-03 09:00:00,8.5,77,2.4,62.0,856.9
2017-10-03 10:00:00,9.3,72,1.8,152.0,857.3
2017-10-03 11:00:00,10.3,67,1.9,252.0,857.6
2017-10-03 12:00:00,11.2,63,2.6,267.0,857.7
2017-10-03 13:00:00,12.2,60,3.3,386.0,857.0
2017-10-03 14:00:00,12.6,58,3.6,288.0,856.2
2017-10-03 15:00:00,13.6,55,5.4,341.0,855.7
2017-10-03 16:00:00,13.7,55,6.5,238.0,855.0
2017-10-03 17:00:00,13.5,55,8.0,126.0,854.5
2017-10-03 18:00:00,13.1,57,9.4,88.0,854.4
2017-10-03 19:00:00,12.1,61,8.5,14.0,854.2
2017-10-03 20:00:00,11.8,64,9.5,0.0,854.5
2017-10-03 21:00:00,11.5,66,9.0,0.0,854.9
2017-10-03 22:00:00,11.3,67,8.4,0.0,855.1
2017-10-03 23:00:00,10.8,69,7.0,0.0,854.8
2017-10-04 00:00:00,9.9,75,5.8,0.0,854.0
2017-10-04 01:00:00,9.3,80,6.6,0.0,853.4
2017-10-04 02:00:00,10.1,75,4.1,0.0,853.7
2017-10-04 03:00:00,9.5,78,3.4,0.0,853.3
2017-10-04 04:00:00,9.1,79,3.7,0.0,852.8
2017-10-04 05:00:00,8.8,79,3.7,0.0,852.1
2017-10-04 06:00:00,8.7,78,3.3,0.0,852.1
2017-10-04 07:00:00,8.5,78,4.2,0.0,851.9
2017-10-04 08:00:00,8.4,83,4.3,48.0,852.6
2017-10-04 09:00:00,10.0,74,5.5,196.0,853.3
2017-10-04 10:00:00,11.9,66,5.9,341.0,853.5
2017-10-04 11:00:00,14.3,57,5.4,521.0,853.8
2017-10-04 12:00:00,16.4,52,5.5,586.0,853.3
2017-10-04 13:00:00,18.7,48,6.3,720.0,852.6
2017-10-04 14:00:00,20.4,44,8.3,752.0,851.6
2017-10-04 15:00:00,21.6,41,10.9,667.0,850.6
2017-10-04 16:00:00,22.0,40,12.2,544.0,849.7
2017-10-04 17:00:00,21.6,41,13.3,372.0,849.4
2017-10-04 18:00:00,19.5,49,12.3,174.0,848.3
2017-10-04 19:00:00,16.6,57,11.0,24.0,847.4
2017-10-04 20:00:00,14.7,66,9.1,0.0,846.9
2017-10-04 21:00:00,13.4,70,8.7,0.0,847.2
2017-10-04 22:00:00,11.4,79,8.9,0.0,847.1
2017-10-04 23:00:00,12.5,71,6.9,0.0,848.3
2017-10-05 00:00:00,13.0,67,5.6,0.0,848.6
2017-10-05 01:00:00,12.4,67,5.6,0.0,848.3
2017-10-05 02:00:00,11.9,66,5.4,0.0,848.0
2017-10-05 03:00:00,10.3,70,6.7,0.0,847.0
2017-10-05 04:00:00,11.2,63,5.6,0.0,846.9
2017-10-05 05:00:00,11.2,62,4.9,0.0,846.7
2017-10-05 06:00:00,11.1,62,1.6,0.0,846.9
2017-10-05 07:00:00,10.3,67,4.7,0.0,846.5
2017-10-05 08:00:00,10.1,71,4.3,43.0,846.9
2017-10-05 09:00:00,11.7,62,4.4,216.0,847.5
2017-10-05 10:00:00,13.2,60,3.2,408.0,847.9
2017-10-05 11:00:00,15.2,57,2.5,573.0,848.5
2017-10-05 12:00:00,17.1,53,5.0,688.0,848.3
2017-10-05 13:00:00,18.7,49,7.2,762.0,847.8
2017-10-05 14:00:00,20.0,45,7.8,753.0,847.1
2017-10-05 15:00:00,21.2,44,8.1,679.0,846.9
2017-10-05 16:00:00,21.9,45,3.6,541.0,846.7
2017-10-05 17:00:00,22.4,49,10.3,349.0,846.1
2017-10-05 18:00:00,20.8,59,6.8,173.0,845.3
2017-10-05 19:00:00,17.1,69,9.1,23.0,844.2
2017-10-05 20:00:00,16.9,68,10.0,0.0,845.5
2017-10-05 21:00:00,15.5,70,9.9,0.0,846.0
2017-10-05 22:00:00,13.6,76,7.9,0.0,845.9
2017-10-05 23:00:00,12.3,81,9.6,0.0,846.1
2017-10-06 00:00:00,12.9,76,7.5,0.0,846.5
2017-10-06 01:00:00,11.3,83,7.6,0.0,846.1
2017-10-06 02:00:00,10.4,85,7.6,0.0,845.8
2017-10-06 03:00:00,10.8,82,5.8,0.0,846.2
2017-10-06 04:00:00,9.9,86,6.0,0.0,845.6
2017-10-06 05:00:00,9.6,90,6.1,0.0,845.4
2017-10-06 06:00:00,10.3,88,4.7,0.0,846.2
2017-10-06 07:00:00,9.8,92,4.1,0.0,846.5
2017-10-06 08:00:00,10.4,87,3.3,23.0,847.4
2017-10-06 09:00:00,11.2,80,4.8,102.0,848.1
2017-10-06 10:00:00,12.5,77,3.9,297.0,848.8
2017-10-06 11:00:00,13.8,70,4.9,409.0,848.2
2017-10-06 12:00:00,15.4,65,4.6,676.0,848.3
2017-10-06 13:00:00,17.0,59,1.8,743.0,847.4
2017-10-06 14:00:00,18.2,56,2.0,723.0,847.0
2017-10-06 15:00:00,19.5,53,2.9,660.0,846.5
2017-10-06 16:00:00,20.1,53,4.6,517.0,846.1
2017-10-06 17:00:00,20.0,55,6.7,339.0,845.7
2017-10-06 18:00:00,18.9,75,1.9,155.0,845.3
2017-10-06 19:00:00,17.9,64,1.0,18.0,845.4
2017-10-06 20:00:00,16.8,61,7.1,0.0,846.9
2017-10-06 21:00:00,16.2,67,5.2,0.0,847.1
2017-10-06 22:00:00,14.7,77,6.3,0.0,847.2
2017-10-06 23:00:00,14.7,77,5.1,0.0,848.1
2017-10-07 00:00:00,13.3,82,5.8,0.0,848.2
2017-10-07 01:00:00,13.8,76,2.4,0.0,848.8
2017-10-07 02:00:00,12.5,84,4.3,0.0,848.3
2017-10-07 03:00:00,12.7,83,2.2,0.0,848.2
2017-10-07 04:00:00,12.2,85,3.4,0.0,847.8
2017-10-07 05:00:00,10.9,90,5.0,0.0,847.1
2017-10-07 06:00:00,10.5,90,6.5,0.0,846.8
2017-10-07 07:00:00,11.6,83,4.2,0.0,847.9
2017-10-07 08:00:00,11.8,84,1.9,41.0,848.7
2017-10-07 09:00:00,13.4,77,4.3,206.0,849.2
2017-10-07 10:00:00,15.4,68,5.6,401.0,849.9
2017-10-07 11:00:00,17.3,61,4.3,566.0,850.4
2017-10-07 12:00:00,18.7,58,3.7,686.0,849.7
2017-10-07 13:00:00,19.9,54,4.6,707.0,849.1
2017-10-07 14:00:00,21.2,49,1.8,744.0,848.6
2017-10-07 15:00:00,22.4,45,2.3,641.0,848.2
2017-10-07 16:00:00,22.0,48,15.6,468.0,848.0
2017-10-07 17:00:00,21.8,49,18.3,272.0,848.3
2017-10-07 18:00:00,20.7,51,16.9,87.0,848.5
2017-10-07 19:00:00,19.6,51,12.3,7.0,848.9
2017-10-07 20:00:00,18.5,55,7.4,0.0,849.1
2017-10-07 21:00:00,17.7,58,6.4,0.0,849.8
2017-10-07 22:00:00,16.9,65,7.2,0.0,850.6
2017-10-07 23:00:00,15.1,79,8.7,0.0,851.1
2017-10-08 00:00:00,12.9,49,12.5,0.0,851.6
2017-10-08 01:00:00,11.7,63,6.6,0.0,851.5
2017-10-08 02:00:00,11.4,63,3.3,0.0,851.4
2017-10-08 03:00:00,10.6,62,1.0,0.0,851.5
2017-10-08 04:00:00,9.6,66,1.8,0.0,851.3
2017-10-08 05:00:00,9.2,70,3.7,0.0,851.3
2017-10-08 06:00:00,8.9,69,3.8,0.0,851.9
2017-10-08 07:00:00,8.1,77,5.4,0.0,852.4
2017-10-08 08:00:00,8.5,79,7.7,4.0,853.3
2017-10-08 09:00:00,8.4,79,7.4,19.0,854.1
2017-10-08 10:00:00,8.2,76,6.4,55.0,854.7
2017-10-08 11:00:00,8.3,69,6.8,113.0,854.9
2017-10-08 12:00:00,8.8,62,6.0,133.0,854.9
2017-10-08 13:00:00,9.2,54,6.9,112.0,854.3
2017-10-08 14:00:00,9.4,52,7.3,109.0,853.7
2017-10-08 15:00:00,9.4,53,7.6,89.0,853.3
2017-10-08 16:00:00,9.4,57,9.9,128.0,853.0
2017-10-08 17:00:00,9.0,60,12.5,94.0,852.8
2017-10-08 18:00:00,8.2,66,9.9,23.0,852.7
2017-10-08 19:00:00,8.1,61,10.4,2.0,853.0
2017-10-08 20:00:00,6.2,56,13.0,0.0,853.7
2017-10-08 21:00:00,5.7,60,13.6,0.0,854.6
2017-10-08 22:00:00,4.5,70,13.3,0.0,854.9
2017-10-08 23:00:00,3.6,83,9.1,0.0,856.3
2017-10-09 00:00:00,3.2,86,8.5,0.0,856.8
2017-10-09 01:00:00,3.2,84,8.0,0.0,856.9
2017-10-09 02:00:00,3.1,80,7.9,0.0,856.9
2017-10-09 03:00:00,3.0,79,8.3,0.0,857.1
2017-10-09 04:00:00,2.7,79,9.7,0.0,856.8
2017-10-09 05:00:00,2.5,78,9.0,0.0,856.7
2017-10-09 06:00:00,2.3,76,7.0,0.0,857.1
2017-10-09 07:00:00,2.2,74,5.1,0.0,857.3
2017-10-09 08:00:00,1.6,81,6.7,9.0,857.7
2017-10-09 09:00:00,2.5,71,5.9,130.0,858.8
2017-10-09 10:00:00,3.3,66,7.9,207.0,859.1
2017-10-09 11:00:00,3.8,62,8.4,202.0,858.8
2017-10-09 12:00:00,4.2,61,8.5,243.0,858.3
2017-10-09 13:00:00,4.3,62,8.9,234.0,857.7
2017-10-09 14:00:00,4.5,62,7.9,225.0,857.3
2017-10-09 15:00:00,4.6,62,9.2,189.0,857.2
2017-10-09 16:00:00,4.5,63,12.0,144.0,857.1
2017-10-09 17:00:00,4.0,68,12.8,144.0,857.6
2017-10-09 18:00:00,3.3,70,12.5,47.0,858.1
2017-10-09 19:00:00,2.9,71,7.1,7.0,858.8
2017-10-09 20:00:00,1.9,75,5.4,0.0,860.0
2017-10-09 21:00:00,1.3,83,4.8,0.0,860.9
2017-10-09 22:00:00,0.4,91,3.3,0.0,860.7
2017-10-09 23:00:00,0.1,88,4.9,0.0,861.0
2017-10-10 00:00:00,1.6,76,2.9,0.0,861.6
2017-10-10 01:00:00,-0.2,88,5.4,0.0,859.7
2017-10-10 02:00:00,0.3,88,5.4,0.0,859.4
2017-10-10 03:00:00,-0.3,90,5.0,0.0,859.1
2017-10-10 04:00:00,-1.3,90,6.2,0.0,857.7
2017-10-10 05:00:00,-0.2,85,4.4,0.0,857.8
2017-10-10 06:00:00,-1.1,87,5.5,0.0,857.2
2017-10-10 07:00:00,-0.9,87,2.6,0.0,857.3
2017-10-10 08:00:00,-0.5,88,0.7,28.0,857.6
2017-10-10 09:00:00,0.9,84,3.1,157.0,858.6
2017-10-10 10:00:00,2.4,79,3.6,293.0,858.7
2017-10-10 11:00:00,3.9,73,3.6,457.0,858.5
2017-10-10 12:00:00,5.4,68,4.6,589.0,857.8
2017-10-10 13:00:00,7.2,62,5.1,681.0,856.8
2017-10-10 14:00:00,9.2,57,5.4,692.0,855.4
2017-10-10 15:00:00,11.0,52,6.5,670.0,854.9
2017-10-10 16:00:00,12.1,49,7.4,529.0,854.4
2017-10-10 17:00:00,12.0,51,10.6,359.0,854.0
2017-10-10 18:00:00,9.5,67,12.7,151.0,853.1
2017-10-10 19:00:00,6.7,77,7.1,15.0,852.2
2017-10-10 20:00:00,4.4,90,6.4,0.0,853.1
2017-10-10 21:00:00,4.3,90,4.3,0.0,853.9
2017-10-10 22:00:00,3.5,94,5.5,0.0,853.8
2017-10-10 23:00:00,2.7,96,7.0,0.0,853.5
2017-10-11 00:00:00,2.4,98,5.5,0.0,853.1
2017-10-11 01:00:00,2.2,98,5.4,0.0,852.8
2017-10-11 02:00:00,3.0,97,2.9,0.0,853.3
2017-10-11 03:00:00,2.7,98,1.3,0.0,852.8
2017-10-11 04:00:00,2.7,96,1.9,0.0,852.7
2017-10-11 05:00:00,2.5,95,0.7,0.0,852.6
2017-10-11 06:00:00,2.8,93,0.5,0.0,852.6
2017-10-11 07:00:00,2.7,93,2.3,0.0,852.6
2017-10-11 08:00:00,3.0,92,3.1,17.0,852.9
2017-10-11 09:00:00,3.3,91,2.2,63.0,853.6
2017-10-11 10:00:00,4.3,83,5.2,153.0,854.1
2017-10-11 11:00:00,5.9,74,3.7,296.0,854.2
2017-10-11 12:00:00,6.1,78,3.6,340.0,854.3
2017-10-11 13:00:00,6.7,76,3.7,338.0,853.9
2017-10-11 14:00:00,8.4,68,3.6,468.0,853.3
2017-10-11 15:00:00,8.8,65,7.4,236.0,853.0
2017-10-11 16:00:00,8.9,63,10.6,175.0,853.4
2017-10-11 17:00:00,8.8,61,11.2,134.0,854.1
2017-10-11 18:00:00,8.4,61,10.2,93.0,854.6
2017-10-11 19:00:00,6.4,71,6.1,11.0,854.7
2017-10-11 20:00:00,7.2,68,2.8,0.0,855.7
2017-10-11 21:00:00,5.1,82,4.5,0.0,855.7
2017-10-11 22:00:00,5.2,85,5.2,0.0,856.3
2017-10-11 23:00:00,4.9,88,3.6,0.0,856.9
2017-10-12 00:00:00,4.5,90,3.0,0.0,857.1
2017-10-12 01:00:00,4.5,91,3.2,0.0,857.3
2017-10-12 02:00:00,4.3,94,3.6,0.0,857.0
2017-10-12 03:00:00,3.0,98,4.8,0.0,855.9
2017-10-12 04:00:00,2.0,99,5.7,0.0,855.5
2017-10-12 05:00:00,2.9,99,1.8,0.0,855.8
2017-10-12 06:00:00,2.2,99,3.3,0.0,855.4
2017-10-12 07:00:00,2.1,98,4.3,0.0,855.1
2017-10-12 08:00:00,2.1,98,4.6,37.0,855.5
2017-10-12 09:00:00,3.7,87,4.6,210.0,856.4
2017-10-12 10:00:00,6.0,74,5.8,412.0,856.5
2017-10-12 11:00:00,7.9,64,5.0,582.0,855.4
2017-10-12 12:00:00,9.5,56,5.1,703.0,854.6
2017-10-12 13:00:00,11.1,53,6.9,760.0,853.4
2017-10-12 14:00:00,12.5,51,6.4,748.0,852.3
2017-10-12 15:00:00,13.9,47,5.7,669.0,851.5
2017-10-12 16:00:00,14.8,44,5.5,531.0,850.9
2017-10-12 17:00:00,15.2,43,6.1,347.0,850.7
2017-10-12 18:00:00,13.0,58,7.6,142.0,849.5
2017-10-12 19:00:00,10.1,70,6.5,11.0,848.3
2017-10-12 20:00:00,9.4,75,7.2,0.0,848.2
2017-10-12 21:00:00,9.0,74,5.2,0.0,848.3
2017-10-12 22:00:00,8.6,74,4.8,0.0,848.7
2017-10-12 23:00:00,9.5,67,3.2,0.0,849.7
2017-10-13 00:00:00,9.2,68,3.6,0.0,849.6
2017-10-13 01:00:00,7.4,76,2.9,0.0,848.3
2017-10-13 02:00:00,5.5,87,4.7,0.0,847.6
2017-10-13 03:00:00,5.1,90,5.4,0.0,847.5
2017-10-13 04:00:00,4.8,91,5.5,0.0,847.3
2017-10-13 05:00:00,4.6,91,4.8,0.0,847.3
2017-10-13 06:00:00,5.1,89,2.5,0.0,848.3
2017-10-13 07:00:00,4.1,95,5.1,0.0,848.1
2017-10-13 08:00:00,5.0,93,2.5,27.0,849.7
2017-10-13 09:00:00,7.3,77,4.1,192.0,851.5
2017-10-13 10:00:00,9.1,68,3.8,367.0,851.9
2017-10-13 11:00:00,10.4,64,3.4,493.0,851.9
2017-10-13 12:00:00,11.7,60,2.0,537.0,851.8
2017-10-13 13:00:00,12.9,58,4.1,468.0,851.1
2017-10-13 14:00:00,13.0,59,9.3,286.0,850.6
2017-10-13 15:00:00,12.3,63,11.5,160.0,850.5
2017-10-13 16:00:00,11.3,72,7.6,64.0,850.3
2017-10-13 17:00:00,10.7,82,6.4,40.0,850.6
2017-10-13 18:00:00,10.3,85,4.5,19.0,850.6
2017-10-13 19:00:00,10.0,86,1.9,2.0,850.8
2017-10-13 20:00:00,10.1,78,1.9,0.0,851.1
2017-10-13 21:00:00,8.5,87,4.0,0.0,851.0
2017-10-13 22:00:00,7.6,91,5.4,0.0,851.0
2017-10-13 23:00:00,7.7,92,4.7,0.0,851.4
2017-10-14 00:00:00,7.1,93,3.8,0.0,851.0
2017-10-14 01:00:00,6.1,94,3.8,0.0,850.3
2017-10-14 02:00:00,5.4,95,4.3,0.0,849.8
2017-10-14 03:00:00,5.4,94,3.1,0.0,849.8
2017-10-14 04:00:00,4.4,96,3.5,0.0,849.4
2017-10-14 05:00:00,4.3,96,2.9,0.0,849.5
2017-10-14 06:00:00,4.4,93,2.4,0.0,850.0
2017-10-14 07:00:00,4.7,92,1.8,0.0,850.6
2017-10-14 08:00:00,5.3,91,1.3,25.0,851.7
2017-10-14 09:00:00,6.5,87,2.1,133.0,853.2
2017-10-14 10:00:00,8.2,81,1.1,322.0,853.5
2017-10-14 11:00:00,10.1,72,2.4,494.0,853.4
2017-10-14 12:00:00,11.4,67,2.8,541.0,853.4
2017-10-14 13:00:00,12.9,60,2.6,667.0,852.9
2017-10-14 14:00:00,14.4,52,1.6,672.0,852.6
2017-10-14 15:00:00,14.9,49,2.2,470.0,851.8
2017-10-14 16:00:00,15.2,50,8.2,395.0,851.6
2017-10-14 17:00:00,14.4,55,13.8,238.0,851.4
2017-10-14 18:00:00,13.6,59,12.9,71.0,851.1
2017-10-14 19:00:00,12.7,62,10.6,4.0,851.3
2017-10-14 20:00:00,12.7,62,9.2,0.0,851.6
2017-10-14 21:00:00,12.4,65,5.4,0.0,852.4
2017-10-14 22:00:00,11.6,69,4.7,0.0,852.7
2017-10-14 23:00:00,10.5,74,5.5,0.0,852.4
2017-10-15 00:00:00,10.3,73,4.3,0.0,852.7
2017-10-15 01:00:00,9.4,77,5.5,0.0,852.3
2017-10-15 02:00:00,9.2,76,5.0,0.0,852.2
2017-10-15 03:00:00,8.7,79,5.6,0.0,851.9
2017-10-15 04:00:00,8.9,80,4.5,0.0,851.8
2017-10-15 05:00:00,9.0,78,3.7,0.0,851.9
2017-10-15 06:00:00,8.5,82,4.7,0.0,851.9
2017-10-15 07:00:00,8.7,79,2.8,0.0,852.6
2017-10-15 08:00:00,9.1,79,6.5,10.0,854.0
2017-10-15 09:00:00,9.5,77,3.1,55.0,854.5
2017-10-15 10:00:00,10.4,74,4.3,186.0,855.3
2017-10-15 11:00:00,11.8,71,3.9,372.0,855.6
2017-10-15 12:00:00,13.0,66,1.4,467.0,855.6
2017-10-15 13:00:00,13.5,65,2.6,353.0,855.0
2017-10-15 14:00:00,13.2,67,5.8,257.0,854.5
2017-10-15 15:00:00,13.0,69,7.1,186.0,853.9
2017-10-15 16:00:00,12.9,70,5.0,149.0,854.0
2017-10-15 17:00:00,12.7,73,4.6,114.0,854.2
2017-10-15 18:00:00,12.1,79,4.3,43.0,854.3
2017-10-15 19:00:00,11.4,86,3.9,3.0,854.2
2017-10-15 20:00:00,12.4,73,6.8,0.0,854.4
2017-10-15 21:00:00,12.0,73,6.2,0.0,854.8
2017-10-15 22:00:00,11.6,74,6.6,0.0,855.1
2017-10-15 23:00:00,11.2,76,6.5,0.0,855.1
2017-10-16 00:00:00,10.5,78,5.4,0.0,855.0
2017-10-16 01:00:00,9.7,81,5.8,0.0,854.7
2017-10-16 02:00:00,9.5,82,5.9,0.0,854.6
2017-10-16 03:00:00,9.0,83,6.4,0.0,854.0
2017-10-16 04:00:00,8.1,86,7.2,0.0,853.4
2017-10-16 05:00:00,8.5,83,5.2,0.0,853.3
2017-10-16 06:00:00,8.2,83,5.6,0.0,853.1
2017-10-16 07:00:00,8.3,80,6.8,0.0,853.4
2017-10-16 08:00:00,8.7,78,10.3,18.0,853.9
2017-10-16 09:00:00,9.3,74,12.2,83.0,854.4
2017-10-16 10:00:00,10.6,69,10.7,213.0,855.0
2017-10-16 11:00:00,11.8,64,8.5,305.0,854.7
2017-10-16 12:00:00,12.8,59,10.0,370.0,854.4
2017-10-16 13:00:00,13.6,57,9.5,326.0,853.8
2017-10-16 14:00:00,13.7,56,12.2,222.0,852.7
2017-10-16 15:00:00,13.0,58,16.6,170.0,851.7
2017-10-16 16:00:00,12.6,60,16.6,132.0,851.4
2017-10-16 17:00:00,11.7,64,18.1,65.0,851.2
2017-10-16 18:00:00,11.3,66,18.8,31.0,850.6
2017-10-16 19:00:00,10.6,69,20.8,3.0,850.7
2017-10-16 20:00:00,10.4,71,23.7,0.0,850.5
2017-10-16 21:00:00,9.7,74,22.1,0.0,850.8
2017-10-16 22:00:00,9.3,77,21.6,0.0,850.7
2017-10-16 23:00:00,8.6,84,18.2,0.0,850.5
2017-10-17 00:00:00,8.3,81,17.7,0.0,850.4
2017-10-17 01:00:00,8.0,82,17.6,0.0,849.8
2017-10-17 02:00:00,8.1,80,15.0,0.0,849.8
2017-10-17 03:00:00,8.0,80,8.2,0.0,849.7
2017-10-17 04:00:00,8.0,85,5.1,0.0,849.4
2017-10-17 05:00:00,8.0,87,6.2,0.0,849.5
2017-10-17 06:00:00,7.9,87,8.0,0.0,849.4
2017-10-17 07:00:00,7.8,86,8.9,0.0,849.9
2017-10-17 08:00:00,7.6,87,6.5,6.0,850.0
2017-10-17 09:00:00,8.7,81,4.0,119.0,851.3
2017-10-17 10:00:00,10.1,73,1.1,242.0,851.9
2017-10-17 11:00:00,12.1,63,2.7,461.0,852.5
2017-10-17 12:00:00,14.0,55,5.3,550.0,852.6
2017-10-17 13:00:00,15.1,51,6.6,521.0,852.2
2017-10-17 14:00:00,15.8,50,11.7,482.0,851.5
2017-10-17 15:00:00,15.8,51,13.5,417.0,851.1
2017-10-17 16:00:00,16.3,49,10.7,449.0,850.8
2017-10-17 17:00:00,15.2,52,13.2,297.0,850.8
2017-10-17 18:00:00,13.2,61,10.7,117.0,850.8
2017-10-17 19:00:00,11.5,67,8.6,6.0,851.0
2017-10-17 20:00:00,11.6,66,11.0,0.0,852.8
2017-10-17 21:00:00,11.1,68,7.9,0.0,854.2
2017-10-17 22:00:00,11.0,72,4.0,0.0,854.7
2017-10-17 23:00:00,10.9,77,4.1,0.0,855.3
2017-10-18 00:00:00,11.0,68,2.9,0.0,854.9
2017-10-18 01:00:00,10.6,72,3.3,0.0,854.3
2017-10-18 02:00:00,9.8,77,3.7,0.0,853.5
2017-10-18 03:00:00,9.8,75,3.7,0.0,853.2
2017-10-18 04:00:00,9.3,77,3.2,0.0,852.9
2017-10-18 05:00:00,8.8,79,3.6,0.0,852.5
2017-10-18 06:00:00,8.3,82,4.1,0.0,852.6
2017-10-18 07:00:00,7.3,85,5.4,0.0,852.5
2017-10-18 08:00:00,8.8,79,3.5,24.0,853.3
2017-10-18 09:00:00,10.1,73,4.8,142.0,854.3
2017-10-18 10:00:00,11.2,66,5.2,240.0,855.2
2017-10-18 11:00:00,12.4,62,2.3,358.0,855.0
2017-10-18 12:00:00,13.8,59,4.7,495.0,854.9
2017-10-18 13:00:00,14.6,58,6.5,489.0,854.4
2017-10-18 14:00:00,14.5,59,4.0,345.0,853.6
2017-10-18 15:00:00,14.6,61,3.1,299.0,853.0
2017-10-18 16:00:00,14.9,60,3.3,328.0,852.8
2017-10-18 17:00:00,15.0,60,6.1,290.0,852.6
2017-10-18 18:00:00,13.7,68,4.7,101.0,851.9
2017-10-18 19:00:00,12.1,72,6.4,5.0,851.3
2017-10-18 20:00:00,12.6,68,6.2,0.0,852.1
2017-10-18 21:00:00,12.3,69,3.2,0.0,852.6
2017-10-18 22:00:00,11.7,72,3.3,0.0,853.2
2017-10-18 23:00:00,10.6,78,3.2,0.0,853.3
2017-10-19 00:00:00,10.0,81,1.9,0.0,852.8
2017-10-19 01:00:00,9.6,83,1.8,0.0,852.1
2017-10-19 02:00:00,8.9,86,4.7,0.0,851.4
2017-10-19 03:00:00,7.2,92,6.5,0.0,850.6
2017-10-19 04:00:00,8.2,91,3.7,0.0,850.6
2017-10-19 05:00:00,8.0,92,1.9,0.0,850.1
2017-10-19 06:00:00,7.6,91,3.1,0.0,849.9
2017-10-19 07:00:00,7.4,87,1.8,0.0,849.6
2017-10-19 08:00:00,7.2,93,1.5,27.0,849.8
2017-10-19 09:00:00,8.9,85,1.0,183.0,851.2
2017-10-19 10:00:00,10.9,77,2.9,374.0,851.8
2017-10-19 11:00:00,12.6,71,2.4,532.0,851.8
2017-10-19 12:00:00,14.1,66,3.8,649.0,851.2
2017-10-19 13:00:00,15.5,61,4.0,700.0,850.5
2017-10-19 14:00:00,16.6,57,3.7,693.0,849.5
2017-10-19 15:00:00,17.6,53,4.7,618.0,848.9
2017-10-19 16:00:00,18.4,48,6.6,483.0,848.5
2017-10-19 17:00:00,18.4,46,8.0,307.0,848.2
2017-10-19 18:00:00,15.1,64,8.4,117.0,846.5
2017-10-19 19:00:00,14.4,61,8.7,5.0,846.5
2017-10-19 20:00:00,11.6,75,12.2,0.0,846.0
2017-10-19 21:00:00,10.4,81,9.8,0.0,846.2
2017-10-19 22:00:00,10.3,79,8.9,0.0,847.1
2017-10-19 23:00:00,12.1,72,4.9,0.0,849.2
2017-10-20 00:00:00,11.6,74,3.9,0.0,849.4
2017-10-20 01:00:00,11.0,76,3.5,0.0,849.4
2017-10-20 02:00:00,10.3,80,3.6,0.0,849.3
2017-10-20 03:00:00,9.5,84,1.1,0.0,849.1
2017-10-20 04:00:00,8.8,88,1.8,0.0,849.0
2017-10-20 05:00:00,8.0,92,2.5,0.0,848.8
2017-10-20 06:00:00,6.8,96,4.3,0.0,848.2
2017-10-20 07:00:00,5.2,99,6.5,0.0,847.8
2017-10-20 08:00:00,6.4,96,6.2,23.0,850.0
2017-10-20 09:00:00,8.0,88,4.1,166.0,851.5
2017-10-20 10:00:00,10.3,74,2.8,354.0,852.7
2017-10-20 11:00:00,12.8,60,3.0,521.0,853.1
2017-10-20 12:00:00,14.9,51,3.5,646.0,853.0
2017-10-20 13:00:00,16.5,48,3.3,702.0,852.6
2017-10-20 14:00:00,17.7,46,3.1,691.0,852.2
2017-10-20 15:00:00,18.6,43,5.7,614.0,852.0
2017-10-20 16:00:00,18.9,40,7.9,476.0,852.0
2017-10-20 17:00:00,18.1,49,12.3,267.0,851.7
2017-10-20 18:00:00,15.4,61,12.8,99.0,851.3
2017-10-20 19:00:00,14.1,66,12.0,4.0,852.1
2017-10-20 20:00:00,13.2,70,7.6,0.0,852.8
2017-10-20 21:00:00,13.8,66,6.0,0.0,854.4
2017-10-20 22:00:00,13.3,67,1.5,0.0,854.9
2017-10-20 23:00:00,11.3,79,6.5,0.0,854.1
2017-10-21 00:00:00,10.8,81,5.8,0.0,854.5
2017-10-21 01:00:00,10.5,84,5.6,0.0,854.4
2017-10-21 02:00:00,11.0,81,1.6,0.0,855.1
2017-10-21 03:00:00,10.6,83,2.6,0.0,855.1
2017-10-21 04:00:00,10.2,85,4.1,0.0,854.6
2017-10-21 05:00:00,9.4,88,5.4,0.0,854.2
2017-10-21 06:00:00,8.7,88,6.5,0.0,853.8
2017-10-21 07:00:00,8.9,87,5.5,0.0,854.3
2017-10-21 08:00:00,9.7,87,3.3,15.0,855.5
2017-10-21 09:00:00,11.6,70,3.8,114.0,857.0
2017-10-21 10:00:00,13.3,53,9.7,304.0,858.2
2017-10-21 11:00:00,13.8,43,11.8,438.0,858.6
2017-10-21 12:00:00,14.0,41,12.8,450.0,858.2
2017-10-21 13:00:00,14.3,39,12.2,427.0,857.7
2017-10-21 14:00:00,14.6,37,11.3,460.0,857.0
2017-10-21 15:00:00,15.2,36,6.9,469.0,856.2
2017-10-21 16:00:00,15.3,36,6.9,301.0,855.7
2017-10-21 17:00:00,14.3,43,13.8,155.0,855.3
2017-10-21 18:00:00,13.1,47,8.2,75.0,855.1
2017-10-21 19:00:00,11.5,56,6.9,3.0,854.2
2017-10-21 20:00:00,10.5,61,7.7,0.0,854.2
2017-10-21 21:00:00,9.3,65,7.4,0.0,853.6
2017-10-21 22:00:00,9.7,63,5.4,0.0,854.1
2017-10-21 23:00:00,8.7,68,4.1,0.0,854.2
2017-10-22 00:00:00,6.7,80,5.8,0.0,853.4
2017-10-22 01:00:00,6.5,81,3.5,0.0,853.1
2017-10-22 02:00:00,5.7,87,4.8,0.0,852.8
2017-10-22 03:00:00,5.2,89,4.1,0.0,852.3
2017-10-22 04:00:00,5.0,91,4.1,0.0,851.9
2017-10-22 05:00:00,5.0,91,3.7,0.0,851.8
2017-10-22 06:00:00,4.8,92,3.7,0.0,851.6
2017-10-22 07:00:00,4.5,93,4.6,0.0,851.6
2017-10-22 08:00:00,5.8,88,2.3,18.0,853.0
2017-10-22 09:00:00,7.3,78,3.4,115.0,854.1
2017-10-22 10:00:00,9.3,68,2.6,265.0,854.7
2017-10-22 11:00:00,10.9,62,2.9,384.0,855.1
2017-10-22 12:00:00,12.3,55,1.6,466.0,854.7
2017-10-22 13:00:00,13.6,50,1.5,552.0,854.1
2017-10-22 14:00:00,14.3,48,3.7,529.0,853.0
2017-10-22 15:00:00,14.7,47,3.6,431.0,852.2
2017-10-22 16:00:00,15.2,46,3.3,312.0,851.8
2017-10-22 17:00:00,15.1,46,3.3,178.0,851.7
2017-10-22 18:00:00,13.5,63,5.6,56.0,850.9
2017-10-22 19:00:00,12.1,58,6.7,2.0,850.3
2017-10-22 20:00:00,11.4,63,8.4,0.0,850.6
2017-10-22 21:00:00,10.8,65,6.6,0.0,850.8
2017-10-22 22:00:00,8.5,77,9.8,0.0,849.9
2017-10-22 23:00:00,9.3,71,6.9,0.0,850.7
2017-10-23 00:00:00,9.6,69,6.4,0.0,851.1
2017-10-23 01:00:00,9.1,70,6.0,0.0,850.8
2017-10-23 02:00:00,8.7,71,5.0,0.0,850.6
2017-10-23 03:00:00,8.4,71,2.9,0.0,850.3
2017-10-23 04:00:00,7.8,75,1.1,0.0,849.9
2017-10-23 05:00:00,7.4,79,2.6,0.0,849.6
2017-10-23 06:00:00,7.2,80,1.0,0.0,849.3
2017-10-23 07:00:00,7.0,80,1.0,0.0,849.3
2017-10-23 08:00:00,6.6,85,1.4,21.0,850.2
2017-10-23 09:00:00,7.8,80,2.3,169.0,851.1
2017-10-23 10:00:00,9.6,72,3.6,358.0,851.4
2017-10-23 11:00:00,11.5,64,4.3,521.0,851.6
2017-10-23 12:00:00,13.4,56,4.8,635.0,851.5
2017-10-23 13:00:00,15.0,50,6.6,689.0,851.0
2017-10-23 14:00:00,16.3,46,8.4,683.0,850.2
2017-10-23 15:00:00,17.3,43,9.7,607.0,849.4
2017-10-23 16:00:00,17.9,41,12.1,466.0,848.9
2017-10-23 17:00:00,17.2,45,18.5,290.0,848.2
2017-10-23 18:00:00,14.9,51,18.2,101.0,847.3
2017-10-23 19:00:00,13.5,54,19.8,3.0,847.2
2017-10-23 20:00:00,12.2,59,20.9,0.0,847.1
2017-10-23 21:00:00,10.8,64,20.6,0.0,847.1
2017-10-23 22:00:00,9.9,69,18.7,0.0,847.3
2017-10-23 23:00:00,9.0,74,16.3,0.0,847.3
2017-10-24 00:00:00,8.2,80,12.5,0.0,847.4
2017-10-24 01:00:00,7.1,85,7.4,0.0,846.8
2017-10-24 02:00:00,5.8,89,9.9,0.0,846.1
2017-10-24 03:00:00,6.0,87,7.9,0.0,846.0
2017-10-24 04:00:00,6.3,86,6.8,0.0,846.2
2017-10-24 05:00:00,6.8,83,5.7,0.0,846.0
2017-10-24 06:00:00,6.6,83,6.4,0.0,845.9
2017-10-24 07:00:00,6.6,82,5.8,0.0,845.9
2017-10-24 08:00:00,8.4,78,3.8,14.0,847.3
2017-10-24 09:00:00,9.3,72,3.7,77.0,848.3
2017-10-24 10:00:00,9.8,70,4.4,124.0,848.3
2017-10-24 11:00:00,10.1,70,4.7,171.0,848.1
2017-10-24 12:00:00,10.8,68,7.2,278.0,847.7
2017-10-24 13:00:00,11.4,64,7.2,310.0,847.2
2017-10-24 14:00:00,11.5,63,4.1,227.0,846.3
2017-10-24 15:00:00,11.7,62,4.0,184.0,846.0
2017-10-24 16:00:00,11.1,68,8.1,99.0,846.1
2017-10-24 17:00:00,10.3,82,7.9,38.0,846.2
2017-10-24 18:00:00,10.5,85,8.3,11.0,847.1
2017-10-24 19:00:00,10.4,85,9.8,0.0,848.0
2017-10-24 20:00:00,9.9,84,7.8,0.0,848.9
2017-10-24 21:00:00,9.9,81,8.8,0.0,849.9
2017-10-24 22:00:00,9.7,82,6.5,0.0,850.4
2017-10-24 23:00:00,9.2,85,4.0,0.0,850.8
2017-10-25 00:00:00,8.5,87,4.0,0.0,851.4
2017-10-25 01:00:00,9.0,84,5.9,0.0,852.1
2017-10-25 02:00:00,9.1,83,6.0,0.0,852.3
2017-10-25 03:00:00,8.2,88,5.0,0.0,852.2
2017-10-25 04:00:00,8.5,83,4.2,0.0,852.4
2017-10-25 05:00:00,7.9,88,3.7,0.0,852.0
2017-10-25 06:00:00,6.9,92,6.1,0.0,852.1
2017-10-25 07:00:00,6.9,91,6.2,0.0,852.8
2017-10-25 08:00:00,7.9,87,3.6,14.0,854.6
2017-10-25 09:00:00,9.4,78,4.3,82.0,855.8
2017-10-25 10:00:00,10.7,66,4.6,245.0,856.5
2017-10-25 11:00:00,11.8,59,3.6,349.0,857.1
2017-10-25 12:00:00,12.1,56,7.8,252.0,857.2
2017-10-25 13:00:00,12.8,53,9.4,358.0,857.3
2017-10-25 14:00:00,12.6,53,11.0,217.0,856.6
2017-10-25 15:00:00,11.6,59,13.0,146.0,856.2
2017-10-25 16:00:00,11.8,55,8.1,133.0,856.1
2017-10-25 17:00:00,12.0,52,6.4,103.0,856.2
2017-10-25 18:00:00,11.4,60,4.0,53.0,856.0
2017-10-25 19:00:00,10.3,63,5.6,1.0,856.0
2017-10-25 20:00:00,9.9,61,6.1,0.0,856.0
2017-10-25 21:00:00,8.7,66,6.6,0.0,855.8
2017-10-25 22:00:00,8.5,68,6.8,0.0,856.0
2017-10-25 23:00:00,9.8,59,4.4,0.0,857.0
2017-10-26 00:00:00,9.3,62,0.8,0.0,856.3
2017-10-26 01:00:00,9.0,65,1.8,0.0,855.6
2017-10-26 02:00:00,8.4,69,2.1,0.0,855.1
2017-10-26 03:00:00,8.0,71,1.9,0.0,855.2
2017-10-26 04:00:00,6.6,79,5.2,0.0,853.9
2017-10-26 05:00:00,7.0,76,3.6,0.0,854.2
2017-10-26 06:00:00,6.8,78,3.5,0.0,853.8
2017-10-26 07:00:00,6.3,81,2.4,0.0,853.8
2017-10-26 08:00:00,5.3,88,1.8,16.0,854.0
2017-10-26 09:00:00,6.7,82,2.8,154.0,855.0
2017-10-26 10:00:00,9.1,71,4.4,344.0,855.7
2017-10-26 11:00:00,11.3,62,4.4,509.0,855.5
2017-10-26 12:00:00,13.2,58,4.6,623.0,855.1
2017-10-26 13:00:00,14.9,53,3.0,674.0,854.3
2017-10-26 14:00:00,16.1,48,1.9,659.0,853.3
2017-10-26 15:00:00,16.8,42,0.8,586.0,852.5
2017-10-26 16:00:00,17.2,36,1.5,451.0,852.0
2017-10-26 17:00:00,16.8,37,4.7,276.0,851.6
2017-10-26 18:00:00,12.7,58,8.5,92.0,849.5
2017-10-26 19:00:00,11.9,59,8.8,1.0,849.5
2017-10-26 20:00:00,13.1,50,2.3,0.0,850.2
2017-10-26 21:00:00,11.9,56,2.1,0.0,850.1
2017-10-26 22:00:00,11.3,59,3.6,0.0,850.5
2017-10-26 23:00:00,10.5,63,5.5,0.0,850.7
2017-10-27 00:00:00,10.1,61,3.9,0.0,850.7
2017-10-27 01:00:00,9.8,62,5.1,0.0,850.6
2017-10-27 02:00:00,9.2,65,4.0,0.0,850.3
2017-10-27 03:00:00,7.0,76,6.1,0.0,849.5
2017-10-27 04:00:00,7.6,75,4.8,0.0,849.6
2017-10-27 05:00:00,7.3,77,3.3,0.0,849.3
2017-10-27 06:00:00,7.1,78,3.1,0.0,849.5
2017-10-27 07:00:00,6.7,81,2.5,0.0,849.5
2017-10-27 08:00:00,5.6,88,3.4,17.0,849.2
2017-10-27 09:00:00,7.3,80,1.8,158.0,850.5
2017-10-27 10:00:00,9.4,70,4.1,346.0,851.3
2017-10-27 11:00:00,11.3,62,5.2,509.0,851.5
2017-10-27 12:00:00,13.3,54,4.8,621.0,851.3
2017-10-27 13:00:00,15.2,47,4.7,673.0,850.9
2017-10-27 14:00:00,16.8,43,6.3,660.0,850.4
2017-10-27 15:00:00,17.5,40,13.8,584.0,850.0
2017-10-27 16:00:00,16.1,51,23.1,446.0,849.9
2017-10-27 17:00:00,14.4,38,24.1,270.0,850.2
2017-10-27 18:00:00,11.5,39,18.5,76.0,850.6
2017-10-27 19:00:00,10.9,38,13.0,1.0,852.3
2017-10-27 20:00:00,10.6,37,11.7,0.0,853.2
2017-10-27 21:00:00,9.8,39,8.6,0.0,853.9
2017-10-27 22:00:00,9.0,42,6.3,0.0,854.8
2017-10-27 23:00:00,7.7,50,4.9,0.0,855.3
2017-10-28 00:00:00,6.6,57,3.1,0.0,855.7
2017-10-28 01:00:00,6.5,56,4.2,0.0,856.3
2017-10-28 02:00:00,6.1,51,5.5,0.0,856.9
2017-10-28 03:00:00,5.6,52,3.9,0.0,856.9
2017-10-28 04:00:00,5.3,52,3.6,0.0,856.8
2017-10-28 05:00:00,5.0,51,3.2,0.0,856.6
2017-10-28 06:00:00,4.8,51,3.1,0.0,856.7
2017-10-28 07:00:00,4.6,51,2.6,0.0,857.0
2017-10-28 08:00:00,4.7,50,4.3,7.0,858.1
2017-10-28 09:00:00,5.2,44,7.0,58.0,859.1
2017-10-28 10:00:00,5.9,43,4.7,167.0,859.6
2017-10-28 11:00:00,7.0,42,4.7,344.0,859.5
2017-10-28 12:00:00,8.2,40,6.4,488.0,858.9
2017-10-28 13:00:00,9.4,39,6.5,607.0,858.1
2017-10-28 14:00:00,10.4,38,6.6,638.0,857.4
2017-10-28 15:00:00,11.2,37,7.2,561.0,856.8
2017-10-28 16:00:00,11.8,36,8.7,440.0,857.0
2017-10-28 17:00:00,11.2,37,12.0,267.0,856.9
2017-10-28 18:00:00,8.8,43,10.7,85.0,856.4
2017-10-28 19:00:00,7.0,46,7.8,1.0,856.5
2017-10-28 20:00:00,5.9,54,8.3,0.0,856.8
2017-10-28 21:00:00,5.8,53,7.2,0.0,857.8
2017-10-28 22:00:00,5.0,59,6.9,0.0,858.6
2017-10-28 23:00:00,4.6,62,5.8,0.0,859.5
2017-10-29 00:00:00,3.8,67,4.6,0.0,859.6
2017-10-29 01:00:00,3.3,68,4.6,0.0,859.2
2017-10-29 02:00:00,3.5,66,4.2,0.0,859.5
2017-10-29 03:00:00,2.5,72,4.4,0.0,859.0
2017-10-29 04:00:00,1.9,76,4.9,0.0,858.5
2017-10-29 05:00:00,2.7,71,3.1,0.0,859.0
2017-10-29 06:00:00,2.8,71,4.1,0.0,859.4
2017-10-29 07:00:00,2.7,79,2.7,0.0,859.1
2017-10-29 08:00:00,3.2,74,2.9,10.0,860.0
2017-10-29 09:00:00,4.2,67,3.4,121.0,861.0
2017-10-29 10:00:00,5.7,61,4.3,289.0,861.1
2017-10-29 11:00:00,7.4,54,5.2,408.0,861.1
2017-10-29 12:00:00,9.3,50,4.7,582.0,860.7
2017-10-29 13:00:00,10.8,48,4.2,641.0,859.8
2017-10-29 14:00:00,11.7,48,4.2,597.0,858.9
2017-10-29 15:00:00,12.5,47,4.7,509.0,858.1
2017-10-29 16:00:00,13.0,46,4.1,373.0,857.7
2017-10-29 17:00:00,12.9,48,7.0,216.0,857.5
2017-10-29 18:00:00,10.7,60,7.8,66.0,856.8
2017-10-29 19:00:00,9.1,70,5.7,0.0,856.9
2017-10-29 20:00:00,9.5,71,5.7,0.0,857.8
2017-10-29 21:00:00,8.6,73,6.6,0.0,858.0
2017-10-29 22:00:00,7.2,80,7.6,0.0,857.7
2017-10-29 23:00:00,7.2,78,5.8,0.0,858.1
2017-10-30 00:00:00,8.0,73,2.5,0.0,858.5
2017-10-30 01:00:00,7.7,77,2.5,0.0,858.1
2017-10-30 02:00:00,7.3,80,3.6,0.0,857.9
2017-10-30 03:00:00,6.9,82,3.4,0.0,857.4
2017-10-30 04:00:00,6.7,83,3.6,0.0,857.2
2017-10-30 05:00:00,6.3,86,2.6,0.0,856.7
2017-10-30 06:00:00,6.0,87,1.8,0.0,856.7
2017-10-30 07:00:00,5.5,90,2.6,0.0,856.5
2017-10-30 08:00:00,5.4,92,2.3,14.0,857.3
2017-10-30 09:00:00,6.7,83,1.1,147.0,858.6
2017-10-30 10:00:00,8.9,70,1.6,332.0,859.1
2017-10-30 11:00:00,10.7,62,2.3,490.0,858.6
2017-10-30 12:00:00,12.2,55,2.7,604.0,858.4
2017-10-30 13:00:00,13.6,48,3.0,649.0,857.3
2017-10-30 14:00:00,14.4,43,2.9,638.0,856.0
2017-10-30 15:00:00,14.8,42,2.9,558.0,855.1
2017-10-30 16:00:00,15.0,42,0.8,424.0,854.5
2017-10-30 17:00:00,14.6,44,2.1,192.0,853.9
2017-10-30 18:00:00,13.9,47,2.3,53.0,853.3
2017-10-30 19:00:00,12.8,51,3.1,0.0,853.4
2017-10-30 20:00:00,11.3,62,6.6,0.0,852.5
2017-10-30 21:00:00,10.2,69,6.2,0.0,852.2
2017-10-30 22:00:00,10.2,72,6.1,0.0,852.6
2017-10-30 23:00:00,9.4,75,6.7,0.0,852.5
2017-10-31 00:00:00,8.3,80,6.5,0.0,852.4
2017-10-31 01:00:00,9.5,72,3.3,0.0,853.0
2017-10-31 02:00:00,9.2,75,1.8,0.0,852.8
2017-10-31 03:00:00,8.7,78,2.2,0.0,852.3
2017-10-31 04:00:00,8.4,79,3.6,0.0,851.8
2017-10-31 05:00:00,6.5,88,5.7,0.0,850.8
2017-10-31 06:00:00,7.0,85,5.0,0.0,851.6
2017-10-31 07:00:00,7.0,86,1.9,0.0,852.0
2017-10-31 08:00:00,6.2,93,1.5,8.0,852.4
2017-10-31 09:00:00,7.8,82,0.8,99.0,854.2
2017-10-31 10:00:00,9.4,74,1.9,189.0,855.3
2017-10-31 11:00:00,11.2,65,1.8,293.0,855.7
2017-10-31 12:00:00,13.1,53,1.8,440.0,855.7
2017-10-31 13:00:00,14.3,40,3.7,512.0,855.1
2017-10-31 14:00:00,15.1,32,6.0,562.0,854.3
2017-10-31 15:00:00,15.4,29,6.3,486.0,853.7
2017-10-31 16:00:00,15.3,28,7.1,365.0,853.3
2017-10-31 17:00:00,14.7,32,6.4,197.0,853.0
2017-10-31 18:00:00,10.9,47,9.3,62.0,851.2
2017-10-31 19:00:00,9.5,53,9.2,0.0,851.5
2017-10-31 20:00:00,9.3,56,9.1,0.0,851.5
2017-10-31 21:00:00,10.2,51,6.1,0.0,852.6
2017-10-31 22:00:00,9.6,53,3.8,0.0,852.5
2017-10-31 23:00:00,9.3,55,2.5,0.0,852.7
2017-11-01 00:00:00,9.0,57,2.7,0.0,852.4
2017-11-01 01:00:00,8.5,60,4.0,0.0,851.9
2017-11-01 02:00:00,8.1,63,2.5,0.0,851.5
2017-11-01 03:00:00,7.1,68,3.9,0.0,850.8
2017-11-01 04:00:00,4.2,81,7.7,0.0,849.0
2017-11-01 05:00:00,6.0,70,5.4,0.0,849.9
2017-11-01 06:00:00,5.7,71,2.6,0.0,850.2
2017-11-01 07:00:00,5.3,72,0.4,0.0,850.4
2017-11-01 08:00:00,4.7,80,0.8,12.0,850.8
2017-11-01 09:00:00,6.1,74,4.3,141.0,852.1
2017-11-01 10:00:00,8.4,60,5.4,326.0,852.7
2017-11-01 11:00:00,11.1,53,5.4,489.0,853.2
2017-11-01 12:00:00,13.7,48,4.9,603.0,853.1
2017-11-01 13:00:00,16.2,41,5.0,656.0,852.5
2017-11-01 14:00:00,18.3,24,13.0,643.0,851.9
2017-11-01 15:00:00,18.4,24,16.7,565.0,851.5
2017-11-01 16:00:00,18.5,23,11.3,431.0,851.2
2017-11-01 17:00:00,17.1,47,4.9,254.0,850.6
2017-11-01 18:00:00,17.1,24,4.4,75.0,850.8
2017-11-01 19:00:00,15.3,28,5.8,0.0,850.8
2017-11-01 20:00:00,12.6,38,8.0,0.0,850.3
2017-11-01 21:00:00,11.0,45,2.7,0.0,851.1
2017-11-01 22:00:00,10.4,50,4.7,0.0,852.0
2017-11-01 23:00:00,9.8,54,0.5,0.0,852.8
2017-11-02 00:00:00,6.0,66,7.9,0.0,851.1
2017-11-02 01:00:00,5.9,63,8.7,0.0,851.0
2017-11-02 02:00:00,8.1,51,6.5,0.0,852.5
2017-11-02 03:00:00,8.8,46,4.0,0.0,852.9
2017-11-02 04:00:00,8.4,47,3.6,0.0,852.7
2017-11-02 05:00:00,7.7,49,5.4,0.0,852.5
2017-11-02 06:00:00,7.3,49,0.4,0.0,852.6
2017-11-02 07:00:00,6.4,54,3.1,0.0,852.7
2017-11-02 08:00:00,3.6,74,8.0,11.0,852.4
2017-11-02 09:00:00,6.0,60,6.5,138.0,854.6
2017-11-02 10:00:00,8.6,49,5.4,322.0,856.1
2017-11-02 11:00:00,11.1,40,5.4,483.0,856.6
2017-11-02 12:00:00,13.0,34,3.3,596.0,856.3
2017-11-02 13:00:00,14.5,29,1.6,648.0,855.8
2017-11-02 14:00:00,15.5,24,2.0,635.0,854.9
2017-11-02 15:00:00,16.0,23,4.7,557.0,854.6
2017-11-02 16:00:00,16.0,25,5.2,422.0,854.5
2017-11-02 17:00:00,15.4,38,2.3,247.0,854.4
2017-11-02 18:00:00,15.1,27,2.5,68.0,854.5
2017-11-02 19:00:00,13.8,30,7.2,0.0,854.8
2017-11-02 20:00:00,10.8,40,8.7,0.0,854.3
2017-11-02 21:00:00,10.8,43,6.5,0.0,855.7
2017-11-02 22:00:00,9.9,48,3.4,0.0,856.1
2017-11-02 23:00:00,9.3,51,2.8,0.0,856.7
2017-11-03 00:00:00,6.3,64,6.9,0.0,855.7
2017-11-03 01:00:00,5.8,66,8.6,0.0,855.6
2017-11-03 02:00:00,7.7,59,5.1,0.0,856.8
2017-11-03 03:00:00,7.3,60,4.4,0.0,856.9
2017-11-03 04:00:00,7.1,60,4.6,0.0,856.8
2017-11-03 05:00:00,6.7,61,3.1,0.0,856.9
2017-11-03 06:00:00,6.0,65,0.8,0.0,856.9
2017-11-03 07:00:00,5.3,69,2.4,0.0,857.2
2017-11-03 08:00:00,3.9,74,3.9,10.0,857.6
2017-11-03 09:00:00,5.7,66,3.3,133.0,859.4
2017-11-03 10:00:00,7.7,54,3.3,314.0,860.2
2017-11-03 11:00:00,9.6,46,3.3,474.0,860.2
2017-11-03 12:00:00,11.4,41,4.4,587.0,860.0
2017-11-03 13:00:00,12.9,38,6.6,639.0,859.0
2017-11-03 14:00:00,13.8,39,6.9,625.0,857.8
2017-11-03 15:00:00,14.2,40,6.2,548.0,857.1
2017-11-03 16:00:00,14.4,40,4.5,415.0,856.6
2017-11-03 17:00:00,14.1,42,3.1,242.0,856.4
2017-11-03 18:00:00,13.2,44,1.4,68.0,856.0
2017-11-03 19:00:00,12.1,48,1.9,0.0,855.9
2017-11-03 20:00:00,11.6,51,2.6,0.0,855.8
2017-11-03 21:00:00,11.0,54,3.6,0.0,856.4
2017-11-03 22:00:00,10.1,58,4.5,0.0,856.8
2017-11-03 23:00:00,9.1,63,4.7,0.0,856.9
2017-11-04 00:00:00,8.2,68,4.7,0.0,856.6
2017-11-04 01:00:00,7.6,72,4.3,0.0,856.0
2017-11-04 02:00:00,7.0,75,2.9,0.0,855.7
2017-11-04 03:00:00,6.5,78,2.8,0.0,855.2
2017-11-04 04:00:00,6.1,80,3.3,0.0,854.7
2017-11-04 05:00:00,5.7,81,4.6,0.0,854.1
2017-11-04 06:00:00,5.5,82,4.1,0.0,854.3
2017-11-04 07:00:00,5.2,84,3.3,0.0,854.4
2017-11-04 08:00:00,4.0,91,4.3,9.0,854.7
2017-11-04 09:00:00,5.7,83,1.8,132.0,856.0
2017-11-04 10:00:00,8.0,70,3.2,315.0,856.7
2017-11-04 11:00:00,10.1,62,4.0,472.0,856.7
2017-11-04 12:00:00,12.2,53,5.4,585.0,856.5
2017-11-04 13:00:00,13.9,46,6.1,639.0,855.5
2017-11-04 14:00:00,15.1,42,6.9,626.0,854.2
2017-11-04 15:00:00,15.9,39,8.0,548.0,853.6
2017-11-04 16:00:00,16.1,37,9.3,414.0,852.8
2017-11-04 17:00:00,15.4,41,6.0,240.0,852.0
2017-11-04 18:00:00,13.3,44,7.4,65.0,850.6
2017-11-04 19:00:00,14.0,40,3.0,0.0,851.3
2017-11-04 20:00:00,13.0,45,8.0,0.0,851.1
2017-11-04 21:00:00,8.1,69,11.6,0.0,849.1
2017-11-04 22:00:00,9.4,66,9.2,0.0,850.2
2017-11-04 23:00:00,9.5,66,8.4,0.0,850.5
2017-11-05 00:00:00,9.4,64,6.6,0.0,850.8
2017-11-05 01:00:00,8.7,68,4.7,0.0,850.8
2017-11-05 02:00:00,8.2,71,2.9,0.0,850.5
2017-11-05 03:00:00,8.0,72,4.1,0.0,850.3
2017-11-05 04:00:00,7.8,73,1.0,0.0,850.0
2017-11-05 05:00:00,7.3,75,2.5,0.0,849.6
2017-11-05 06:00:00,5.0,85,5.1,0.0,848.5
2017-11-05 07:00:00,3.7,92,7.2,0.0,848.3
2017-11-05 08:00:00,4.3,95,5.6,7.0,849.3
2017-11-05 09:00:00,6.4,83,4.1,120.0,851.0
2017-11-05 10:00:00,8.4,75,5.6,293.0,851.8
2017-11-05 11:00:00,10.6,66,3.6,460.0,852.1
2017-11-05 12:00:00,13.1,56,4.3,580.0,852.2
2017-11-05 13:00:00,15.0,49,4.5,635.0,851.6
2017-11-05 14:00:00,16.7,39,4.9,623.0,851.1
2017-11-05 15:00:00,17.7,30,4.2,545.0,851.0
2017-11-05 16:00:00,18.0,25,3.1,412.0,850.7
2017-11-05 17:00:00,16.5,37,4.8,239.0,849.9
2017-11-05 18:00:00,11.3,45,10.8,64.0,847.5
2017-11-05 19:00:00,9.4,53,11.8,0.0,847.3
2017-11-05 20:00:00,11.4,46,8.6,0.0,848.9
2017-11-05 21:00:00,11.3,48,5.4,0.0,849.7
2017-11-05 22:00:00,10.1,55,5.1,0.0,849.8
2017-11-05 23:00:00,6.5,73,5.9,0.0,848.6
2017-11-06 00:00:00,6.1,77,5.2,0.0,849.0
2017-11-06 01:00:00,6.8,74,4.9,0.0,849.4
2017-11-06 02:00:00,6.7,75,3.8,0.0,849.2
2017-11-06 03:00:00,5.9,80,5.0,0.0,849.2
2017-11-06 04:00:00,4.4,85,6.1,0.0,848.4
2017-11-06 05:00:00,5.7,75,4.8,0.0,849.2
2017-11-06 06:00:00,5.6,77,1.6,0.0,849.3
2017-11-06 07:00:00,5.3,79,2.1,0.0,849.8
2017-11-06 08:00:00,4.7,90,2.5,7.0,850.9
2017-11-06 09:00:00,6.4,81,2.7,95.0,852.5
2017-11-06 10:00:00,7.9,70,2.2,220.0,853.6
2017-11-06 11:00:00,9.7,66,0.7,363.0,854.6
2017-11-06 12:00:00,11.4,48,9.8,456.0,854.9
2017-11-06 13:00:00,12.4,39,12.1,488.0,854.4
2017-11-06 14:00:00,12.7,35,14.0,408.0,854.0
2017-11-06 15:00:00,12.7,36,14.8,401.0,853.8
2017-11-06 16:00:00,12.3,37,16.9,276.0,853.6
2017-11-06 17:00:00,11.0,39,17.6,134.0,853.9
2017-11-06 18:00:00,9.6,44,12.7,36.0,854.0
2017-11-06 19:00:00,8.2,50,6.9,0.0,854.3
2017-11-06 20:00:00,8.3,53,6.9,0.0,855.3
2017-11-06 21:00:00,8.7,50,3.9,0.0,856.5
2017-11-06 22:00:00,6.8,61,4.1,0.0,855.9
2017-11-06 23:00:00,6.1,66,4.1,0.0,855.7
2017-11-07 00:00:00,6.0,65,3.4,0.0,855.8
2017-11-07 01:00:00,6.8,60,1.6,0.0,856.0
2017-11-07 02:00:00,6.3,63,5.0,0.0,855.5
2017-11-07 03:00:00,6.0,65,3.7,0.0,855.2
2017-11-07 04:00:00,5.5,68,4.1,0.0,854.4
2017-11-07 05:00:00,4.9,70,3.9,0.0,853.8
2017-11-07 06:00:00,4.3,74,4.2,0.0,853.9
2017-11-07 07:00:00,3.8,78,2.6,0.0,853.8
2017-11-07 08:00:00,3.2,83,3.1,7.0,854.7
2017-11-07 09:00:00,4.3,80,2.8,123.0,855.7
2017-11-07 10:00:00,6.4,70,5.2,303.0,856.4
2017-11-07 11:00:00,8.2,62,5.4,464.0,856.1
2017-11-07 12:00:00,9.9,56,5.0,577.0,855.4
2017-11-07 13:00:00,11.3,52,5.6,629.0,854.6
2017-11-07 14:00:00,12.6,48,7.3,616.0,853.5
2017-11-07 15:00:00,13.5,44,8.2,539.0,853.0
2017-11-07 16:00:00,13.9,40,8.2,404.0,852.4
2017-11-07 17:00:00,13.7,42,4.3,230.0,851.8
2017-11-07 18:00:00,13.0,41,4.4,59.0,851.3
2017-11-07 19:00:00,12.1,44,2.9,0.0,851.1
2017-11-07 20:00:00,10.7,45,7.4,0.0,851.0
2017-11-07 21:00:00,9.9,49,4.3,0.0,850.9
2017-11-07 22:00:00,8.8,57,2.4,0.0,850.9
2017-11-07 23:00:00,8.0,64,2.3,0.0,850.6
2017-11-08 00:00:00,7.7,66,1.8,0.0,850.3
2017-11-08 01:00:00,7.5,67,2.3,0.0,850.0
2017-11-08 02:00:00,5.4,76,4.3,0.0,848.5
2017-11-08 03:00:00,6.0,75,4.3,0.0,848.7
2017-11-08 04:00:00,5.4,79,5.8,0.0,848.2
2017-11-08 05:00:00,4.9,82,4.6,0.0,847.8
2017-11-08 06:00:00,4.8,81,2.1,0.0,847.8
2017-11-08 07:00:00,4.6,81,2.2,0.0,847.9
2017-11-08 08:00:00,4.1,85,3.7,6.0,848.7
2017-11-08 09:00:00,5.2,79,2.5,112.0,849.5
2017-11-08 10:00:00,7.4,68,5.1,269.0,850.0
2017-11-08 11:00:00,9.6,60,4.9,443.0,850.0
2017-11-08 12:00:00,11.8,51,4.2,567.0,849.8
2017-11-08 13:00:00,13.8,46,4.2,620.0,849.3
2017-11-08 14:00:00,15.4,42,4.3,607.0,848.2
2017-11-08 15:00:00,16.5,38,6.2,533.0,847.9
2017-11-08 16:00:00,17.1,35,8.5,400.0,847.4
2017-11-08 17:00:00,16.0,42,5.9,227.0,846.8
2017-11-08 18:00:00,11.1,56,11.3,57.0,844.3
2017-11-08 19:00:00,11.0,57,8.7,0.0,844.5
2017-11-08 20:00:00,9.9,55,7.6,0.0,844.5
2017-11-08 21:00:00,10.0,46,2.9,0.0,845.4
2017-11-08 22:00:00,9.6,47,4.0,0.0,846.0
2017-11-08 23:00:00,9.7,51,3.2,0.0,847.0
2017-11-09 00:00:00,9.6,58,3.4,0.0,847.4
2017-11-09 01:00:00,5.9,78,8.6,0.0,846.1
2017-11-09 02:00:00,5.8,73,10.8,0.0,848.4
2017-11-09 03:00:00,5.1,42,8.0,0.0,849.6
2017-11-09 04:00:00,3.9,45,6.9,0.0,849.9
2017-11-09 05:00:00,3.6,49,6.4,0.0,850.4
2017-11-09 06:00:00,3.5,52,7.4,0.0,851.4
2017-11-09 07:00:00,3.2,56,7.6,0.0,852.3
2017-11-09 08:00:00,3.5,59,7.4,5.0,853.3
2017-11-09 09:00:00,4.8,54,7.4,90.0,854.8
2017-11-09 10:00:00,5.6,53,7.2,228.0,855.6
2017-11-09 11:00:00,6.5,51,8.8,310.0,855.5
2017-11-09 12:00:00,7.8,46,10.5,436.0,855.6
2017-11-09 13:00:00,8.8,44,12.5,464.0,854.9
2017-11-09 14:00:00,9.7,39,12.0,386.0,854.1
2017-11-09 15:00:00,9.4,39,15.0,292.0,854.2
2017-11-09 16:00:00,9.2,38,12.7,193.0,853.8
2017-11-09 17:00:00,8.1,42,17.1,112.0,854.1
2017-11-09 18:00:00,6.9,45,9.3,29.0,854.3
2017-11-09 19:00:00,6.1,49,5.3,0.0,854.6
2017-11-09 20:00:00,6.6,49,5.7,0.0,855.8
2017-11-09 21:00:00,5.8,53,5.0,0.0,856.0
2017-11-09 22:00:00,4.9,59,6.6,0.0,856.0
2017-11-09 23:00:00,5.1,57,4.7,0.0,856.4
2017-11-10 00:00:00,4.1,61,5.8,0.0,856.3
2017-11-10 01:00:00,3.4,63,5.8,0.0,855.9
2017-11-10 02:00:00,2.9,65,5.5,0.0,855.8
2017-11-10 03:00:00,2.2,69,6.5,0.0,855.4
2017-11-10 04:00:00,2.4,66,6.0,0.0,855.1
2017-11-10 05:00:00,1.7,70,5.8,0.0,854.7
2017-11-10 06:00:00,2.4,61,4.9,0.0,855.6
2017-11-10 07:00:00,2.0,60,3.7,0.0,855.7
2017-11-10 08:00:00,0.7,71,3.6,3.0,856.0
2017-11-10 09:00:00,1.2,72,4.0,60.0,856.7
2017-11-10 10:00:00,2.2,72,4.8,179.0,856.4
2017-11-10 11:00:00,4.1,68,5.1,360.0,856.1
2017-11-10 12:00:00,6.0,62,6.1,490.0,855.2
2017-11-10 13:00:00,7.5,57,6.5,599.0,854.1
2017-11-10 14:00:00,8.5,53,7.5,600.0,852.6
2017-11-10 15:00:00,9.6,49,8.2,515.0,851.6
2017-11-10 16:00:00,10.1,47,11.5,389.0,850.9
2017-11-10 17:00:00,9.6,44,11.5,219.0,850.1
2017-11-10 18:00:00,6.0,56,9.7,52.0,847.9
2017-11-10 19:00:00,5.8,52,8.7,0.0,848.3
2017-11-10 20:00:00,5.3,54,9.9,0.0,848.3
2017-11-10 21:00:00,3.5,62,9.8,0.0,847.4
2017-11-10 22:00:00,2.7,65,10.0,0.0,847.8
2017-11-10 23:00:00,4.9,54,6.6,0.0,849.4
2017-11-11 00:00:00,4.6,54,6.1,0.0,849.5
2017-11-11 01:00:00,3.4,56,6.9,0.0,848.8
2017-11-11 02:00:00,3.6,53,5.6,0.0,849.0
2017-11-11 03:00:00,3.2,54,1.8,0.0,849.1
2017-11-11 04:00:00,2.8,58,2.3,0.0,848.1
2017-11-11 05:00:00,2.5,59,4.6,0.0,847.8
2017-11-11 06:00:00,2.4,61,1.6,0.0,848.4
2017-11-11 07:00:00,2.3,62,3.5,0.0,848.2
2017-11-11 08:00:00,1.8,69,2.1,4.0,848.7
2017-11-11 09:00:00,2.6,68,5.5,111.0,849.4
2017-11-11 10:00:00,4.5,60,6.9,289.0,849.9
2017-11-11 11:00:00,6.6,54,6.9,447.0,850.0
2017-11-11 12:00:00,8.6,48,5.5,551.0,849.3
2017-11-11 13:00:00,10.4,44,5.6,576.0,848.5
2017-11-11 14:00:00,12.1,41,4.6,600.0,847.6
2017-11-11 15:00:00,13.2,38,4.5,519.0,847.3
2017-11-11 16:00:00,13.7,36,5.9,371.0,846.8
2017-11-11 17:00:00,12.7,45,4.0,200.0,846.0
2017-11-11 18:00:00,10.3,43,17.1,49.0,846.8
2017-11-11 19:00:00,7.9,53,8.4,0.0,846.9
2017-11-11 20:00:00,8.5,45,8.4,0.0,848.1
2017-11-11 21:00:00,4.6,47,9.1,0.0,846.9
2017-11-11 22:00:00,4.1,41,7.6,0.0,847.4
2017-11-11 23:00:00,5.6,34,4.2,0.0,849.3
2017-11-12 00:00:00,2.8,47,5.7,0.0,848.3
2017-11-12 01:00:00,3.5,46,6.0,0.0,849.1
2017-11-12 02:00:00,3.3,49,5.0,0.0,849.2
2017-11-12 03:00:00,1.8,56,6.4,0.0,848.6
2017-11-12 04:00:00,1.5,59,5.8,0.0,848.3
2017-11-12 05:00:00,0.3,69,6.2,0.0,848.0
2017-11-12 06:00:00,1.8,63,4.3,0.0,849.2
2017-11-12 07:00:00,-0.3,73,6.4,0.0,848.4
2017-11-12 08:00:00,1.0,68,4.7,3.0,849.2
2017-11-12 09:00:00,2.5,50,3.2,76.0,850.7
2017-11-12 10:00:00,3.9,46,3.9,224.0,851.6
2017-11-12 11:00:00,5.5,45,1.4,339.0,851.1
2017-11-12 12:00:00,7.5,42,3.6,501.0,850.4
2017-11-12 13:00:00,9.5,41,5.9,589.0,849.2
2017-11-12 14:00:00,10.4,40,4.3,592.0,847.9
2017-11-12 15:00:00,10.9,40,5.2,517.0,847.1
2017-11-12 16:00:00,11.2,39,7.3,384.0,846.6
2017-11-12 17:00:00,10.8,41,6.0,213.0,846.0
2017-11-12 18:00:00,6.5,55,10.5,49.0,844.1
2017-11-12 19:00:00,6.4,50,8.4,0.0,845.6
2017-11-12 20:00:00,7.5,44,11.5,0.0,847.9
2017-11-12 21:00:00,5.6,38,18.7,0.0,849.7
2017-11-12 22:00:00,4.2,40,6.6,0.0,850.5
2017-11-12 23:00:00,4.4,39,4.2,0.0,851.1
2017-11-13 00:00:00,2.5,48,4.5,0.0,850.5
2017-11-13 01:00:00,3.1,45,3.6,0.0,851.3
2017-11-13 02:00:00,2.6,48,2.2,0.0,851.0
2017-11-13 03:00:00,0.9,60,2.9,0.0,849.7
2017-11-13 04:00:00,0.3,68,3.0,0.0,849.2
2017-11-13 05:00:00,0.3,70,3.2,0.0,848.9
2017-11-13 06:00:00,0.1,72,4.1,0.0,849.0
2017-11-13 07:00:00,0.4,71,3.3,0.0,849.8
2017-11-13 08:00:00,-0.8,83,5.2,3.0,850.0
2017-11-13 09:00:00,1.3,63,4.8,93.0,851.9
2017-11-13 10:00:00,2.8,52,1.9,246.0,852.9
2017-11-13 11:00:00,4.1,47,1.8,404.0,852.5
2017-11-13 12:00:00,5.4,45,3.0,519.0,852.2
2017-11-13 13:00:00,6.5,44,3.3,579.0,850.8
2017-11-13 14:00:00,7.5,42,3.5,579.0,849.6
2017-11-13 15:00:00,8.0,42,4.1,509.0,848.7
2017-11-13 16:00:00,8.2,41,3.6,383.0,848.1
2017-11-13 17:00:00,8.1,40,3.2,213.0,847.9
2017-11-13 18:00:00,4.4,56,9.6,48.0,846.3
2017-11-13 19:00:00,4.4,51,8.0,0.0,847.7
2017-11-13 20:00:00,3.2,57,11.3,0.0,847.5
2017-11-13 21:00:00,2.8,59,8.2,0.0,848.0
2017-11-13 22:00:00,1.9,59,7.7,0.0,848.4
2017-11-13 23:00:00,1.0,59,7.0,0.0,849.1
2017-11-14 00:00:00,-0.0,63,7.4,0.0,849.1
2017-11-14 01:00:00,-0.6,64,6.8,0.0,849.3
2017-11-14 02:00:00,-1.0,65,6.8,0.0,849.5
2017-11-14 03:00:00,-1.4,67,6.4,0.0,849.5
2017-11-14 04:00:00,-0.3,64,3.3,0.0,850.1
2017-11-14 05:00:00,-0.9,71,1.1,0.0,849.6
2017-11-14 06:00:00,-1.3,76,1.6,0.0,849.6
2017-11-14 07:00:00,-2.1,80,4.0,0.0,849.5
2017-11-14 08:00:00,-1.5,86,0.5,3.0,850.9
2017-11-14 09:00:00,-0.5,76,3.3,100.0,852.1
2017-11-14 10:00:00,1.5,63,2.2,276.0,853.1
2017-11-14 11:00:00,3.5,56,3.0,434.0,853.0
2017-11-14 12:00:00,5.3,51,1.5,546.0,852.2
2017-11-14 13:00:00,7.0,50,2.3,599.0,851.0
2017-11-14 14:00:00,8.4,47,3.6,592.0,849.7
2017-11-14 15:00:00,9.3,44,3.7,513.0,849.1
2017-11-14 16:00:00,9.7,42,1.1,381.0,848.9
2017-11-14 17:00:00,9.5,44,0.7,210.0,848.6
2017-11-14 18:00:00,8.7,46,3.4,46.0,848.5
2017-11-14 19:00:00,7.6,48,7.8,0.0,848.7
2017-11-14 20:00:00,7.0,48,4.6,0.0,849.1
2017-11-14 21:00:00,5.7,55,6.0,0.0,848.9
2017-11-14 22:00:00,4.4,62,5.4,0.0,848.6
2017-11-14 23:00:00,3.1,68,6.4,0.0,848.4
2017-11-15 00:00:00,0.5,75,8.4,0.0,847.4
2017-11-15 01:00:00,1.7,61,4.3,0.0,848.3
2017-11-15 02:00:00,-0.0,67,6.9,0.0,847.2
2017-11-15 03:00:00,0.2,63,5.7,0.0,847.2
2017-11-15 04:00:00,0.7,60,3.2,0.0,847.3
2017-11-15 05:00:00,0.5,62,2.2,0.0,847.0
2017-11-15 06:00:00,-0.9,69,5.2,0.0,846.3
2017-11-15 07:00:00,-0.9,70,5.5,0.0,846.6
2017-11-15 08:00:00,-2.0,80,6.3,3.0,847.6
2017-11-15 09:00:00,-0.5,69,4.2,91.0,848.5
2017-11-15 10:00:00,1.0,57,4.6,248.0,849.2
2017-11-15 11:00:00,2.9,54,2.4,387.0,848.7
2017-11-15 12:00:00,4.7,52,1.8,459.0,847.9
2017-11-15 13:00:00,6.4,50,1.6,450.0,846.6
2017-11-15 14:00:00,7.9,49,3.2,401.0,845.4
2017-11-15 15:00:00,8.5,49,2.6,269.0,844.5
2017-11-15 16:00:00,8.9,50,2.0,184.0,844.3
2017-11-15 17:00:00,8.9,51,3.9,200.0,844.2
2017-11-15 18:00:00,5.5,63,7.0,44.0,842.6
2017-11-15 19:00:00,5.8,66,6.0,0.0,843.6
2017-11-15 20:00:00,7.1,62,6.8,0.0,845.4
2017-11-15 21:00:00,6.6,62,3.6,0.0,845.8
2017-11-15 22:00:00,6.0,63,4.5,0.0,846.3
2017-11-15 23:00:00,5.3,65,3.3,0.0,846.5
2017-11-16 00:00:00,4.7,68,0.4,0.0,846.6
2017-11-16 01:00:00,4.2,72,1.8,0.0,846.3
2017-11-16 02:00:00,3.7,76,2.3,0.0,846.1
2017-11-16 03:00:00,3.3,77,2.2,0.0,846.4
2017-11-16 04:00:00,2.8,79,0.5,0.0,846.0
2017-11-16 05:00:00,2.4,83,2.7,0.0,845.0
2017-11-16 06:00:00,0.5,89,5.8,0.0,844.0
2017-11-16 07:00:00,0.6,84,6.3,0.0,844.4
2017-11-16 08:00:00,1.5,79,2.2,2.0,845.5
2017-11-16 09:00:00,2.4,73,4.2,75.0,846.7
2017-11-16 10:00:00,3.8,67,4.8,183.0,847.1
2017-11-16 11:00:00,5.2,66,4.7,319.0,847.0
2017-11-16 12:00:00,6.9,60,3.9,490.0,846.7
2017-11-16 13:00:00,8.0,53,3.3,530.0,845.4
2017-11-16 14:00:00,9.1,48,2.1,519.0,844.4
2017-11-16 15:00:00,9.9,47,1.8,474.0,844.1
2017-11-16 16:00:00,10.6,47,3.8,367.0,844.1
2017-11-16 17:00:00,10.4,52,3.0,199.0,844.1
2017-11-16 18:00:00,9.8,50,3.9,42.0,844.2
2017-11-16 19:00:00,7.7,57,5.9,0.0,843.9
2017-11-16 20:00:00,8.0,57,6.6,0.0,845.2
2017-11-16 21:00:00,7.0,63,5.2,0.0,845.6
2017-11-16 22:00:00,4.5,74,6.6,0.0,845.1
2017-11-16 23:00:00,3.5,76,6.3,0.0,845.7
2017-11-17 00:00:00,2.4,77,7.0,0.0,846.2
2017-11-17 01:00:00,2.2,75,6.6,0.0,846.6
2017-11-17 02:00:00,2.0,76,6.1,0.0,846.8
2017-11-17 03:00:00,1.9,80,5.4,0.0,847.1
2017-11-17 04:00:00,1.5,83,5.4,0.0,847.1
2017-11-17 05:00:00,1.8,79,5.4,0.0,847.4
2017-11-17 06:00:00,2.9,58,3.4,0.0,848.7
2017-11-17 07:00:00,2.9,46,3.5,0.0,849.5
2017-11-17 08:00:00,3.1,40,4.4,1.0,850.9
2017-11-17 09:00:00,3.6,24,3.3,29.0,852.8
2017-11-17 10:00:00,3.8,25,3.3,87.0,853.7
2017-11-17 11:00:00,4.2,27,5.8,132.0,854.4
2017-11-17 12:00:00,4.7,27,6.1,188.0,854.5
2017-11-17 13:00:00,5.1,26,5.1,199.0,854.2
2017-11-17 14:00:00,5.4,27,7.7,144.0,853.6
2017-11-17 15:00:00,5.9,27,9.4,208.0,853.3
2017-11-17 16:00:00,6.1,27,10.2,187.0,853.6
2017-11-17 17:00:00,5.7,27,10.3,90.0,853.7
2017-11-17 18:00:00,5.0,30,7.8,19.0,853.8
2017-11-17 19:00:00,4.3,33,7.9,0.0,854.4
2017-11-17 20:00:00,4.2,32,9.7,0.0,855.0
2017-11-17 21:00:00,3.2,34,9.0,0.0,855.6
2017-11-17 22:00:00,2.5,36,8.1,0.0,856.5
2017-11-17 23:00:00,2.0,37,7.6,0.0,857.0
2017-11-18 00:00:00,1.5,38,6.5,0.0,857.0
2017-11-18 01:00:00,0.4,43,4.7,0.0,856.4
2017-11-18 02:00:00,-0.7,48,5.9,0.0,855.8
2017-11-18 03:00:00,-1.0,49,5.1,0.0,855.1
2017-11-18 04:00:00,-1.5,51,5.0,0.0,855.1
2017-11-18 05:00:00,-1.1,48,4.0,0.0,854.7
2017-11-18 06:00:00,-1.9,52,4.3,0.0,854.4
2017-11-18 07:00:00,-2.0,54,3.9,0.0,854.3
2017-11-18 08:00:00,-1.6,53,3.2,1.0,854.0
2017-11-18 09:00:00,-0.4,45,5.5,75.0,855.4
2017-11-18 10:00:00,1.4,41,3.6,218.0,856.0
2017-11-18 11:00:00,2.7,41,1.8,369.0,855.3
2017-11-18 12:00:00,4.0,43,2.5,496.0,854.3
2017-11-18 13:00:00,5.0,45,1.8,545.0,853.0
2017-11-18 14:00:00,6.0,45,2.4,489.0,851.7
2017-11-18 15:00:00,6.7,44,6.5,358.0,850.5
2017-11-18 16:00:00,7.0,45,5.4,245.0,849.5
2017-11-18 17:00:00,6.7,47,1.6,142.0,849.2
2017-11-18 18:00:00,4.6,52,6.2,30.0,848.5
2017-11-18 19:00:00,4.4,51,5.9,0.0,849.1
2017-11-18 20:00:00,4.6,54,6.8,0.0,850.6
2017-11-18 21:00:00,4.7,56,11.3,0.0,851.9
2017-11-18 22:00:00,3.9,37,16.1,0.0,852.9
2017-11-18 23:00:00,3.3,32,7.1,0.0,853.3
2017-11-19 00:00:00,2.7,33,1.6,0.0,853.5
2017-11-19 01:00:00,2.2,40,2.9,0.0,853.3
2017-11-19 02:00:00,1.1,49,4.2,0.0,852.4
2017-11-19 03:00:00,1.5,48,2.7,0.0,852.5
2017-11-19 04:00:00,-0.8,62,5.2,0.0,851.6
2017-11-19 05:00:00,0.4,56,1.1,0.0,852.0
2017-11-19 06:00:00,-0.0,61,1.8,0.0,852.2
2017-11-19 07:00:00,-1.1,70,6.1,0.0,851.9
2017-11-19 08:00:00,-0.4,68,5.6,1.0,853.6
2017-11-19 09:00:00,0.8,59,7.0,76.0,855.6
2017-11-19 10:00:00,2.5,31,8.3,241.0,856.9
2017-11-19 11:00:00,3.2,28,11.0,402.0,857.8
2017-11-19 12:00:00,4.2,29,11.0,515.0,858.1
2017-11-19 13:00:00,4.9,30,11.5,573.0,857.5
2017-11-19 14:00:00,5.4,30,13.8,554.0,856.7
2017-11-19 15:00:00,5.3,30,15.3,462.0,856.3
2017-11-19 16:00:00,4.6,31,14.8,330.0,856.1
2017-11-19 17:00:00,3.8,32,11.6,175.0,856.3
2017-11-19 18:00:00,1.8,40,5.5,36.0,855.6
2017-11-19 19:00:00,1.1,43,6.2,0.0,856.1
2017-11-19 20:00:00,0.2,48,9.3,0.0,856.4
2017-11-19 21:00:00,-0.3,48,7.1,0.0,856.4
2017-11-19 22:00:00,-1.4,54,8.2,0.0,856.4
2017-11-19 23:00:00,-2.2,58,8.1,0.0,856.2
2017-11-20 00:00:00,-1.9,54,6.7,0.0,856.8
2017-11-20 01:00:00,-1.6,51,6.5,0.0,856.6
2017-11-20 02:00:00,-2.0,50,6.6,0.0,856.2
2017-11-20 03:00:00,-1.9,50,3.1,0.0,856.1
2017-11-20 04:00:00,-4.3,67,7.7,0.0,854.6
2017-11-20 05:00:00,-3.8,66,5.5,0.0,854.8
2017-11-20 06:00:00,-3.6,65,4.5,0.0,854.5
2017-11-20 07:00:00,-2.9,62,2.5,0.0,854.3
2017-11-20 08:00:00,-4.7,75,5.6,1.0,853.5
2017-11-20 09:00:00,-2.7,55,3.7,85.0,855.2
2017-11-20 10:00:00,-0.6,43,2.6,256.0,856.0
2017-11-20 11:00:00,1.1,34,2.9,414.0,855.8
2017-11-20 12:00:00,2.3,28,2.1,528.0,855.1
2017-11-20 13:00:00,3.5,26,2.1,578.0,853.6
2017-11-20 14:00:00,4.8,25,2.1,569.0,852.3
2017-11-20 15:00:00,5.7,25,0.4,495.0,851.4
2017-11-20 16:00:00,6.0,24,0.0,365.0,850.5
2017-11-20 17:00:00,5.6,54,2.5,195.0,850.2
2017-11-20 18:00:00,2.3,34,9.3,38.0,849.1
2017-11-20 19:00:00,0.6,41,9.5,0.0,849.4
2017-11-20 20:00:00,2.3,39,7.4,0.0,851.2
2017-11-20 21:00:00,2.5,41,6.6,0.0,852.5
2017-11-20 22:00:00,-0.5,52,9.8,0.0,851.7
2017-11-20 23:00:00,1.6,33,6.2,0.0,854.0
2017-11-21 00:00:00,1.1,33,1.4,0.0,854.0
2017-11-21 01:00:00,0.6,40,1.3,0.0,854.0
2017-11-21 02:00:00,0.5,42,1.0,0.0,854.1
2017-11-21 03:00:00,0.4,41,0.8,0.0,854.4
2017-11-21 04:00:00,-0.1,44,1.1,0.0,854.1
2017-11-21 05:00:00,-0.3,44,0.5,0.0,853.9
2017-11-21 06:00:00,-1.0,45,3.1,0.0,853.7
2017-11-21 07:00:00,-0.3,37,0.5,0.0,854.6
2017-11-21 08:00:00,-0.2,29,1.4,1.0,856.0
2017-11-21 09:00:00,-0.3,32,2.2,59.0,856.6
2017-11-21 10:00:00,0.2,31,2.0,186.0,857.1
2017-11-21 11:00:00,1.4,30,2.2,326.0,857.3
2017-11-21 12:00:00,2.5,28,3.9,366.0,856.9
2017-11-21 13:00:00,3.3,24,7.1,427.0,855.9
2017-11-21 14:00:00,3.7,24,8.6,491.0,855.1
2017-11-21 15:00:00,4.0,24,9.0,468.0,854.5
2017-11-21 16:00:00,3.9,24,11.3,298.0,854.1
2017-11-21 17:00:00,3.2,27,12.1,176.0,853.9
2017-11-21 18:00:00,0.4,37,7.8,38.0,853.2
2017-11-21 19:00:00,-0.9,43,7.2,0.0,853.6
2017-11-21 20:00:00,-1.1,48,10.5,0.0,854.7
2017-11-21 21:00:00,-1.8,49,8.7,0.0,855.6
2017-11-21 22:00:00,-1.8,50,7.4,0.0,856.6
2017-11-21 23:00:00,-2.1,52,6.5,0.0,856.7
2017-11-22 00:00:00,-2.0,51,5.3,0.0,856.5
2017-11-22 01:00:00,-1.8,51,5.2,0.0,856.4
2017-11-22 02:00:00,-1.0,49,2.9,0.0,856.8
2017-11-22 03:00:00,-1.3,53,3.0,0.0,856.3
2017-11-22 04:00:00,-1.8,55,3.9,0.0,856.0
2017-11-22 05:00:00,-2.2,56,4.9,0.0,855.3
2017-11-22 06:00:00,-2.4,58,3.3,0.0,855.4
2017-11-22 07:00:00,-4.8,69,7.6,0.0,854.4
2017-11-22 08:00:00,-4.2,64,5.5,1.0,855.8
2017-11-22 09:00:00,-2.7,49,7.7,73.0,857.7
2017-11-22 10:00:00,-0.9,39,6.4,223.0,858.4
2017-11-22 11:00:00,0.6,34,4.0,377.0,858.0
2017-11-22 12:00:00,1.7,35,1.8,506.0,857.3
2017-11-22 13:00:00,2.7,34,1.8,546.0,856.2
2017-11-22 14:00:00,3.6,32,3.4,535.0,855.2
2017-11-22 15:00:00,4.2,29,6.1,464.0,854.6
2017-11-22 16:00:00,4.2,28,10.2,336.0,854.4
2017-11-22 17:00:00,3.5,31,11.2,179.0,854.1
2017-11-22 18:00:00,1.0,40,8.7,35.0,853.3
2017-11-22 19:00:00,-0.1,47,8.3,0.0,854.2
2017-11-22 20:00:00,-0.9,51,10.1,0.0,854.4
2017-11-22 21:00:00,-2.4,53,10.2,0.0,854.9
2017-11-22 22:00:00,-2.9,47,9.8,0.0,856.1
2017-11-22 23:00:00,-0.3,33,4.1,0.0,858.2
2017-11-23 00:00:00,-1.8,38,5.1,0.0,857.1
2017-11-23 01:00:00,-2.6,44,6.6,0.0,856.6
2017-11-23 02:00:00,-1.1,41,2.6,0.0,856.9
2017-11-23 03:00:00,-1.8,48,3.8,0.0,856.6
2017-11-23 04:00:00,-2.0,51,4.5,0.0,856.1
2017-11-23 05:00:00,-2.7,56,5.9,0.0,855.3
2017-11-23 06:00:00,-3.8,56,6.8,0.0,854.9
2017-11-23 07:00:00,-3.7,49,6.5,0.0,855.1
2017-11-23 08:00:00,-4.1,46,7.8,1.0,855.7
2017-11-23 09:00:00,-2.8,41,5.0,68.0,856.6
2017-11-23 10:00:00,-1.3,34,4.3,213.0,857.7
2017-11-23 11:00:00,0.7,30,3.4,375.0,857.8
2017-11-23 12:00:00,2.5,30,1.8,501.0,857.1
2017-11-23 13:00:00,4.0,30,3.3,566.0,855.7
2017-11-23 14:00:00,5.0,29,4.0,571.0,854.6
2017-11-23 15:00:00,5.3,29,3.3,499.0,853.9
2017-11-23 16:00:00,5.2,29,6.6,369.0,853.4
2017-11-23 17:00:00,3.7,36,5.5,198.0,852.7
2017-11-23 18:00:00,1.0,40,7.4,38.0,851.1
2017-11-23 19:00:00,2.2,37,4.2,0.0,852.4
2017-11-23 20:00:00,-0.4,47,8.6,0.0,851.9
2017-11-23 21:00:00,-0.2,39,6.0,0.0,852.5
2017-11-23 22:00:00,-0.4,38,4.3,0.0,853.0
2017-11-23 23:00:00,-1.0,44,5.6,0.0,853.5
2017-11-24 00:00:00,-1.0,46,3.4,0.0,853.5
2017-11-24 01:00:00,-1.0,49,2.9,0.0,853.4
2017-11-24 02:00:00,-2.2,56,3.6,0.0,852.4
2017-11-24 03:00:00,-4.4,68,6.1,0.0,851.1
2017-11-24 04:00:00,-4.4,67,5.9,0.0,851.0
2017-11-24 05:00:00,-4.3,70,6.4,0.0,850.6
2017-11-24 06:00:00,-3.2,68,2.2,0.0,851.2
2017-11-24 07:00:00,-3.4,71,2.9,0.0,851.4
2017-11-24 08:00:00,-4.1,71,4.8,0.0,852.2
2017-11-24 09:00:00,-3.8,59,3.6,76.0,853.0
2017-11-24 10:00:00,-1.9,41,2.2,247.0,853.8
2017-11-24 11:00:00,0.4,32,2.6,406.0,854.4
2017-11-24 12:00:00,2.5,27,2.6,521.0,853.5
2017-11-24 13:00:00,4.3,24,2.1,578.0,852.5
2017-11-24 14:00:00,5.7,21,1.6,570.0,851.7
2017-11-24 15:00:00,6.6,19,1.8,496.0,851.2
2017-11-24 16:00:00,6.6,19,4.2,367.0,851.1
2017-11-24 17:00:00,4.6,23,6.1,197.0,850.3
2017-11-24 18:00:00,1.2,30,9.9,37.0,848.7
2017-11-24 19:00:00,0.1,31,10.4,0.0,849.0
2017-11-24 20:00:00,0.5,32,10.1,0.0,850.1
2017-11-24 21:00:00,1.6,28,7.7,0.0,851.9
2017-11-24 22:00:00,1.1,29,6.9,0.0,852.3
2017-11-24 23:00:00,0.7,30,5.1,0.0,852.6
2017-11-25 00:00:00,0.2,32,4.3,0.0,852.7
2017-11-25 01:00:00,-0.5,35,5.4,0.0,852.9
2017-11-25 02:00:00,-1.3,40,1.8,0.0,852.8
2017-11-25 03:00:00,-1.6,45,0.4,0.0,852.8
2017-11-25 04:00:00,-2.0,48,1.8,0.0,852.9
2017-11-25 05:00:00,-2.3,51,3.0,0.0,852.8
2017-11-25 06:00:00,-3.3,53,6.6,0.0,852.4
2017-11-25 07:00:00,-3.0,47,5.9,0.0,852.9
2017-11-25 08:00:00,-3.5,45,2.1,0.0,854.0
2017-11-25 09:00:00,-3.1,42,3.6,75.0,855.0
2017-11-25 10:00:00,-1.1,31,4.4,247.0,856.1
2017-11-25 11:00:00,1.5,24,4.2,408.0,856.4
2017-11-25 12:00:00,3.8,20,4.1,523.0,856.0
2017-11-25 13:00:00,5.4,17,3.7,579.0,854.8
2017-11-25 14:00:00,6.7,16,3.3,570.0,853.6
2017-11-25 15:00:00,7.3,16,2.9,496.0,853.1
2017-11-25 16:00:00,7.3,16,3.3,366.0,852.6
2017-11-25 17:00:00,5.9,23,6.4,195.0,852.0
2017-11-25 18:00:00,5.4,21,6.5,37.0,851.6
2017-11-25 19:00:00,4.1,24,4.9,0.0,851.4
2017-11-25 20:00:00,3.1,31,6.1,0.0,851.7
2017-11-25 21:00:00,2.0,35,5.4,0.0,852.0
2017-11-25 22:00:00,1.4,37,4.3,0.0,852.6
2017-11-25 23:00:00,1.3,39,5.2,0.0,852.9
2017-11-26 00:00:00,1.1,37,4.9,0.0,853.3
2017-11-26 01:00:00,0.8,40,5.1,0.0,852.7
2017-11-26 02:00:00,0.3,41,5.0,0.0,852.3
2017-11-26 03:00:00,-0.4,43,5.5,0.0,852.1
2017-11-26 04:00:00,-1.1,44,6.3,0.0,851.4
2017-11-26 05:00:00,-1.5,43,5.6,0.0,850.8
2017-11-26 06:00:00,-1.9,43,5.4,0.0,850.5
2017-11-26 07:00:00,-2.2,43,3.7,0.0,850.2
2017-11-26 08:00:00,-3.1,45,3.7,0.0,850.2
2017-11-26 09:00:00,-2.8,43,2.3,72.0,850.5
2017-11-26 10:00:00,-0.5,31,4.3,243.0,851.4
2017-11-26 11:00:00,2.1,25,6.2,404.0,851.2
2017-11-26 12:00:00,4.2,22,6.5,520.0,849.9
2017-11-26 13:00:00,6.0,20,7.1,576.0,848.3
2017-11-26 14:00:00,7.3,18,8.1,568.0,846.6
2017-11-26 15:00:00,7.8,17,7.1,494.0,845.4
2017-11-26 16:00:00,7.6,17,5.0,364.0,844.7
2017-11-26 17:00:00,6.9,19,5.4,194.0,844.1
2017-11-26 18:00:00,5.7,22,3.8,36.0,843.5
2017-11-26 19:00:00,4.9,26,4.4,0.0,843.6
2017-11-26 20:00:00,4.9,33,6.4,0.0,844.1
2017-11-26 21:00:00,3.3,39,6.8,0.0,844.9
2017-11-26 22:00:00,2.2,47,6.4,0.0,845.2
2017-11-26 23:00:00,1.6,53,1.1,0.0,845.1
2017-11-27 00:00:00,1.1,53,3.8,0.0,845.3
2017-11-27 01:00:00,0.3,55,3.8,0.0,845.1
2017-11-27 02:00:00,-0.3,55,3.2,0.0,845.1
2017-11-27 03:00:00,-1.0,58,3.8,0.0,845.3
2017-11-27 04:00:00,-3.3,68,6.4,0.0,844.5
2017-11-27 05:00:00,-3.2,72,5.4,0.0,845.2
2017-11-27 06:00:00,-3.1,82,5.0,0.0,845.7
2017-11-27 07:00:00,-3.0,86,4.3,0.0,846.3
2017-11-27 08:00:00,-4.3,93,6.9,0.0,846.0
2017-11-27 09:00:00,-3.0,90,3.6,58.0,847.6
2017-11-27 10:00:00,-1.2,75,3.1,206.0,848.8
2017-11-27 11:00:00,0.2,64,3.2,375.0,848.9
2017-11-27 12:00:00,1.8,55,3.6,485.0,848.5
2017-11-27 13:00:00,3.4,48,3.2,543.0,847.4
2017-11-27 14:00:00,4.6,42,2.7,535.0,846.4
2017-11-27 15:00:00,5.3,38,2.0,469.0,845.6
2017-11-27 16:00:00,5.4,40,2.1,346.0,845.4
2017-11-27 17:00:00,4.2,48,5.5,184.0,845.2
2017-11-27 18:00:00,3.9,48,5.5,33.0,846.0
2017-11-27 19:00:00,2.6,55,3.2,0.0,846.7
2017-11-27 20:00:00,2.4,58,3.6,0.0,847.5
2017-11-27 21:00:00,1.9,62,0.7,0.0,848.5
2017-11-27 22:00:00,-1.2,77,6.5,0.0,847.9
2017-11-27 23:00:00,0.3,72,3.8,0.0,849.7
2017-11-28 00:00:00,1.3,65,2.6,0.0,851.2
2017-11-28 01:00:00,2.0,60,3.6,0.0,851.9
2017-11-28 02:00:00,2.2,55,5.7,0.0,852.2
2017-11-28 03:00:00,-2.0,58,9.7,0.0,850.4
2017-11-28 04:00:00,-2.2,42,10.2,0.0,850.6
2017-11-28 05:00:00,-1.8,33,9.2,0.0,851.2
2017-11-28 06:00:00,-0.5,29,8.0,0.0,852.6
2017-11-28 07:00:00,-1.0,30,7.3,0.0,853.1
2017-11-28 08:00:00,-1.0,34,6.4,0.0,854.2
2017-11-28 09:00:00,-1.2,37,4.0,60.0,855.1
2017-11-28 10:00:00,-0.1,29,5.1,176.0,856.1
2017-11-28 11:00:00,1.0,26,5.8,348.0,856.2
2017-11-28 12:00:00,1.9,24,4.1,406.0,855.2
2017-11-28 13:00:00,2.7,23,2.4,472.0,853.7
2017-11-28 14:00:00,3.8,24,3.5,529.0,852.4
2017-11-28 15:00:00,4.8,24,4.1,458.0,851.2
2017-11-28 16:00:00,5.1,25,6.9,298.0,850.6
2017-11-28 17:00:00,2.9,36,5.6,116.0,849.6
2017-11-28 18:00:00,0.2,39,8.0,23.0,848.5
2017-11-28 19:00:00,-0.2,41,7.0,0.0,849.2
2017-11-28 20:00:00,-0.7,46,7.7,0.0,849.7
2017-11-28 21:00:00,-0.3,49,5.1,0.0,850.4
2017-11-28 22:00:00,-0.6,54,4.0,0.0,850.2
2017-11-28 23:00:00,0.1,52,1.3,0.0,850.5
2017-11-29 00:00:00,-1.2,62,3.7,0.0,849.5
2017-11-29 01:00:00,-2.1,66,5.5,0.0,849.3
2017-11-29 02:00:00,-0.8,60,2.3,0.0,849.6
2017-11-29 03:00:00,-1.0,62,2.2,0.0,849.7
2017-11-29 04:00:00,-1.3,66,2.1,0.0,849.6
2017-11-29 05:00:00,-1.5,68,3.5,0.0,849.4
2017-11-29 06:00:00,-1.6,67,2.6,0.0,850.0
2017-11-29 07:00:00,-1.8,67,1.4,0.0,850.7
2017-11-29 08:00:00,-3.1,71,1.1,0.0,851.5
2017-11-29 09:00:00,-2.9,66,3.6,61.0,852.8
2017-11-29 10:00:00,-0.2,45,11.1,222.0,854.6
2017-11-29 11:00:00,2.2,32,5.2,379.0,855.0
2017-11-29 12:00:00,3.3,29,1.6,494.0,854.9
2017-11-29 13:00:00,4.2,24,5.2,552.0,854.5
2017-11-29 14:00:00,4.9,20,7.4,545.0,853.9
2017-11-29 15:00:00,5.5,19,8.9,474.0,853.3
2017-11-29 16:00:00,5.4,18,10.2,348.0,853.2
2017-11-29 17:00:00,2.3,36,8.1,184.0,852.3
2017-11-29 18:00:00,3.7,24,8.1,33.0,854.2
2017-11-29 19:00:00,2.8,26,6.6,0.0,854.8
2017-11-29 20:00:00,-1.0,41,9.5,0.0,854.0
2017-11-29 21:00:00,-1.8,44,9.8,0.0,855.9
2017-11-29 22:00:00,-1.8,40,9.0,0.0,856.7
2017-11-29 23:00:00,-0.3,33,7.1,0.0,858.2
2017-11-30 00:00:00,-0.9,36,4.7,0.0,858.1
2017-11-30 01:00:00,-1.2,40,2.2,0.0,857.8
2017-11-30 02:00:00,-1.6,44,1.8,0.0,857.1
2017-11-30 03:00:00,-2.3,47,3.8,0.0,856.7
2017-11-30 04:00:00,-3.1,50,3.3,0.0,856.0
2017-11-30 05:00:00,-4.4,56,4.7,0.0,855.2
2017-11-30 06:00:00,-5.2,60,4.7,0.0,854.5
2017-11-30 07:00:00,-5.1,61,1.8,0.0,854.8
2017-11-30 08:00:00,-5.8,66,2.6,0.0,855.2
2017-11-30 09:00:00,-5.0,62,2.6,61.0,856.1
2017-11-30 10:00:00,-3.1,40,2.0,224.0,857.3
2017-11-30 11:00:00,-1.5,33,3.1,383.0,857.0
2017-11-30 12:00:00,0.1,28,3.9,498.0,856.5
2017-11-30 13:00:00,1.3,26,3.2,554.0,854.9
2017-11-30 14:00:00,2.2,25,2.3,547.0,853.8
2017-11-30 15:00:00,2.8,24,1.1,476.0,852.9
2017-11-30 16:00:00,3.3,24,1.5,349.0,852.4
2017-11-30 17:00:00,3.3,25,2.2,184.0,852.2
2017-11-30 18:00:00,2.4,29,1.3,33.0,851.8
2017-11-30 19:00:00,0.9,36,5.4,0.0,852.2
2017-11-30 20:00:00,0.1,44,5.4,0.0,852.7
2017-11-30 21:00:00,-0.5,47,5.1,0.0,853.2
2017-11-30 22:00:00,-1.5,52,4.6,0.0,853.3
2017-11-30 23:00:00,-2.9,59,4.6,0.0,852.9
2017-12-01 00:00:00,-2.3,58,3.1,0.0,853.3
2017-12-01 01:00:00,-3.6,65,3.8,0.0,852.6
2017-12-01 02:00:00,-3.3,65,2.4,0.0,852.9
2017-12-01 03:00:00,-3.3,69,3.0,0.0,852.5
2017-12-01 04:00:00,-3.2,72,2.6,0.0,852.4
2017-12-01 05:00:00,-3.3,73,2.1,0.0,852.2
2017-12-01 06:00:00,-3.6,75,1.3,0.0,852.1
2017-12-01 07:00:00,-3.7,77,1.9,0.0,852.4
2017-12-01 08:00:00,-4.2,75,3.5,0.0,852.9
2017-12-01 09:00:00,-3.9,71,0.4,57.0,853.3
2017-12-01 10:00:00,-1.9,53,1.0,219.0,854.7
2017-12-01 11:00:00,0.1,40,1.4,376.0,854.6
2017-12-01 12:00:00,2.0,31,2.3,491.0,853.8
2017-12-01 13:00:00,3.5,26,1.9,548.0,852.5
2017-12-01 14:00:00,4.4,25,1.3,541.0,851.1
2017-12-01 15:00:00,5.0,25,3.0,471.0,850.2
2017-12-01 16:00:00,5.0,25,5.4,346.0,849.5
2017-12-01 17:00:00,4.3,27,5.6,182.0,849.0
2017-12-01 18:00:00,3.2,31,2.6,32.0,848.8
2017-12-01 19:00:00,2.5,35,2.3,0.0,848.9
2017-12-01 20:00:00,1.9,40,5.8,0.0,849.2
2017-12-01 21:00:00,-2.6,57,9.0,0.0,847.6
2017-12-01 22:00:00,-1.8,56,7.3,0.0,848.7
2017-12-01 23:00:00,-1.4,57,3.9,0.0,849.8
2017-12-02 00:00:00,-3.4,65,4.2,0.0,849.1
2017-12-02 01:00:00,-2.5,63,2.3,0.0,849.7
2017-12-02 02:00:00,-2.7,67,3.7,0.0,849.1
2017-12-02 03:00:00,-2.4,69,3.2,0.0,849.2
2017-12-02 04:00:00,-2.4,73,1.8,0.0,848.9
2017-12-02 05:00:00,-2.6,76,1.5,0.0,848.7
2017-12-02 06:00:00,-3.0,78,4.6,0.0,848.9
2017-12-02 07:00:00,-3.9,80,5.4,0.0,849.0
2017-12-02 08:00:00,-3.7,80,4.4,0.0,850.1
2017-12-02 09:00:00,-3.5,79,4.0,56.0,851.2
2017-12-02 10:00:00,-2.2,67,2.5,215.0,852.4
2017-12-02 11:00:00,-0.7,56,1.0,372.0,852.6
2017-12-02 12:00:00,1.1,48,1.3,483.0,852.1
2017-12-02 13:00:00,2.9,41,0.4,544.0,850.9
2017-12-02 14:00:00,4.0,37,1.1,492.0,849.9
2017-12-02 15:00:00,4.8,34,1.6,415.0,849.3
2017-12-02 16:00:00,4.9,35,2.9,291.0,848.6
2017-12-02 17:00:00,4.1,39,3.1,161.0,848.3
2017-12-02 18:00:00,2.4,47,7.6,31.0,847.9
2017-12-02 19:00:00,1.2,54,4.8,0.0,848.5
2017-12-02 20:00:00,0.7,58,4.3,0.0,849.7
2017-12-02 21:00:00,0.3,61,2.9,0.0,850.5
2017-12-02 22:00:00,-0.4,66,4.6,0.0,851.1
2017-12-02 23:00:00,-2.8,78,8.4,0.0,850.8
2017-12-03 00:00:00,-1.8,74,6.9,0.0,852.4
2017-12-03 01:00:00,-3.8,83,8.3,0.0,851.7
2017-12-03 02:00:00,-4.0,82,7.2,0.0,851.9
2017-12-03 03:00:00,-4.1,80,7.2,0.0,852.0
2017-12-03 04:00:00,-3.3,71,5.1,0.0,852.9
2017-12-03 05:00:00,-3.2,69,5.4,0.0,852.8
2017-12-03 06:00:00,-3.5,62,5.8,0.0,852.9
2017-12-03 07:00:00,-3.1,58,1.3,0.0,853.8
2017-12-03 08:00:00,-3.3,59,1.8,0.0,854.2
2017-12-03 09:00:00,-3.1,58,1.8,53.0,855.1
2017-12-03 10:00:00,-1.6,41,3.6,213.0,856.6
2017-12-03 11:00:00,0.4,33,1.6,370.0,856.8
2017-12-03 12:00:00,2.3,34,3.6,483.0,856.4
2017-12-03 13:00:00,4.1,30,4.5,534.0,855.7
2017-12-03 14:00:00,5.1,27,8.0,531.0,854.7
2017-12-03 15:00:00,5.3,26,11.3,457.0,854.1
2017-12-03 16:00:00,5.0,27,11.5,331.0,853.8
2017-12-03 17:00:00,2.6,32,7.6,171.0,853.0
2017-12-03 18:00:00,-1.8,42,11.7,31.0,851.8
2017-12-03 19:00:00,-1.6,43,9.4,0.0,853.3
2017-12-03 20:00:00,-2.3,45,10.4,0.0,853.9
2017-12-03 21:00:00,-2.0,42,7.9,0.0,855.4
2017-12-03 22:00:00,-0.7,38,3.6,0.0,857.0
2017-12-03 23:00:00,-1.6,44,3.8,0.0,856.8
2017-12-04 00:00:00,-4.2,56,7.3,0.0,855.7
2017-12-04 01:00:00,-4.6,51,7.1,0.0,855.6
2017-12-04 02:00:00,-3.8,50,4.6,0.0,856.0
2017-12-04 03:00:00,-4.9,59,5.2,0.0,855.2
2017-12-04 04:00:00,-5.8,65,6.0,0.0,854.5
2017-12-04 05:00:00,-6.0,68,5.8,0.0,854.0
2017-12-04 06:00:00,-5.7,69,4.8,0.0,854.0
2017-12-04 07:00:00,-6.4,73,5.4,0.0,854.0
2017-12-04 08:00:00,-6.2,69,3.6,0.0,855.4
2017-12-04 09:00:00,-5.4,62,4.1,50.0,856.7
2017-12-04 10:00:00,-3.6,43,4.8,210.0,857.7
2017-12-04 11:00:00,-1.7,35,4.0,366.0,857.8
2017-12-04 12:00:00,-0.1,31,4.0,482.0,857.6
2017-12-04 13:00:00,1.5,28,3.2,540.0,857.0
2017-12-04 14:00:00,2.5,27,1.3,532.0,855.9
2017-12-04 15:00:00,3.2,25,3.9,452.0,855.2
2017-12-04 16:00:00,3.5,26,8.4,341.0,855.3
2017-12-04 17:00:00,2.0,27,9.9,180.0,855.3
2017-12-04 18:00:00,-2.4,36,10.0,31.0,854.4
2017-12-04 19:00:00,-2.0,34,9.3,0.0,856.4
2017-12-04 20:00:00,-2.0,37,7.9,0.0,857.1
2017-12-04 21:00:00,-4.1,42,8.3,0.0,856.6
2017-12-04 22:00:00,-4.9,47,8.4,0.0,856.4
2017-12-04 23:00:00,-4.2,47,6.4,0.0,857.5
2017-12-05 00:00:00,-4.9,51,5.9,0.0,857.6
2017-12-05 01:00:00,-5.1,52,5.2,0.0,857.4
2017-12-05 02:00:00,-6.6,58,6.6,0.0,855.9
2017-12-05 03:00:00,-6.9,58,6.0,0.0,855.5
2017-12-05 04:00:00,-7.3,62,5.4,0.0,854.2
2017-12-05 05:00:00,-7.2,65,4.5,0.0,853.5
2017-12-05 06:00:00,-7.4,72,4.0,0.0,852.5
2017-12-05 07:00:00,-6.5,72,2.5,0.0,852.2
2017-12-05 08:00:00,-6.8,73,2.9,0.0,851.9
2017-12-05 09:00:00,-6.3,70,2.3,50.0,851.6
2017-12-05 10:00:00,-4.4,34,4.3,209.0,852.2
2017-12-05 11:00:00,-3.0,28,4.4,367.0,851.6
2017-12-05 12:00:00,-1.8,27,4.0,483.0,850.7
2017-12-05 13:00:00,-0.7,25,2.3,542.0,849.1
2017-12-05 14:00:00,0.5,22,1.8,537.0,847.4
2017-12-05 15:00:00,1.5,20,3.8,468.0,846.4
2017-12-05 16:00:00,1.6,20,2.2,343.0,845.5
2017-12-05 17:00:00,-0.3,25,4.3,178.0,844.4
2017-12-05 18:00:00,-3.9,40,9.2,31.0,841.8
2017-12-05 19:00:00,-0.2,36,6.5,0.0,844.5
2017-12-05 20:00:00,-2.1,49,7.3,0.0,844.3
2017-12-05 21:00:00,-4.2,59,8.6,0.0,844.2
2017-12-05 22:00:00,-4.8,62,8.3,0.0,845.0
2017-12-05 23:00:00,-4.7,61,7.4,0.0,846.0
2017-12-06 00:00:00,-5.3,62,8.3,0.0,846.6
2017-12-06 01:00:00,-5.3,60,7.6,0.0,846.9
2017-12-06 02:00:00,-5.7,60,7.0,0.0,847.2
2017-12-06 03:00:00,-5.2,62,6.1,0.0,847.8
2017-12-06 04:00:00,-6.2,69,7.2,0.0,847.2
2017-12-06 05:00:00,-6.5,63,6.3,0.0,847.4
2017-12-06 06:00:00,-6.8,59,5.9,0.0,847.7
2017-12-06 07:00:00,-6.5,60,3.3,0.0,848.1
2017-12-06 08:00:00,-7.5,63,4.7,0.0,849.3
2017-12-06 09:00:00,-6.1,58,4.0,48.0,850.8
2017-12-06 10:00:00,-4.0,32,2.4,197.0,851.5
2017-12-06 11:00:00,-2.4,24,2.4,353.0,851.8
2017-12-06 12:00:00,-0.4,20,2.0,439.0,851.5
2017-12-06 13:00:00,1.5,18,0.5,483.0,850.4
2017-12-06 14:00:00,2.9,15,0.8,511.0,849.5
2017-12-06 15:00:00,3.9,13,4.6,437.0,848.8
2017-12-06 16:00:00,3.9,13,9.4,316.0,848.5
2017-12-06 17:00:00,1.3,18,6.8,173.0,847.8
2017-12-06 18:00:00,-3.1,26,11.9,31.0,846.3
2017-12-06 19:00:00,-3.9,28,10.5,0.0,847.9
2017-12-06 20:00:00,-2.6,24,7.2,0.0,849.8
2017-12-06 21:00:00,-5.1,27,9.1,0.0,849.7
2017-12-06 22:00:00,-3.8,23,5.6,0.0,851.1
2017-12-06 23:00:00,-5.4,29,7.0,0.0,850.6
2017-12-07 00:00:00,-5.8,31,8.0,0.0,851.4
2017-12-07 01:00:00,-6.0,32,7.8,0.0,851.6
2017-12-07 02:00:00,-6.3,31,7.4,0.0,852.0
2017-12-07 03:00:00,-6.4,31,7.1,0.0,852.3
2017-12-07 04:00:00,-6.6,30,6.1,0.0,852.7
2017-12-07 05:00:00,-6.7,32,5.9,0.0,853.1
2017-12-07 06:00:00,-7.1,31,5.8,0.0,853.5
2017-12-07 07:00:00,-7.3,35,6.5,0.0,854.1
2017-12-07 08:00:00,-6.3,37,4.7,0.0,856.8
2017-12-07 09:00:00,-6.0,37,4.1,47.0,858.0
2017-12-07 10:00:00,-4.2,23,3.1,205.0,859.6
2017-12-07 11:00:00,-2.3,17,2.4,365.0,860.2
2017-12-07 12:00:00,-0.9,14,3.2,480.0,860.1
2017-12-07 13:00:00,0.2,12,3.5,518.0,859.4
2017-12-07 14:00:00,1.0,11,3.6,507.0,858.8
2017-12-07 15:00:00,1.6,10,4.3,444.0,858.4
2017-12-07 16:00:00,1.7,11,5.9,321.0,858.1
2017-12-07 17:00:00,-0.3,14,5.6,162.0,857.4
2017-12-07 18:00:00,-3.9,21,10.4,29.0,856.2
2017-12-07 19:00:00,-4.7,25,9.9,0.0,856.6
2017-12-07 20:00:00,-2.8,25,5.5,0.0,859.0
2017-12-07 21:00:00,-5.1,33,8.2,0.0,858.3
2017-12-07 22:00:00,-4.7,33,6.6,0.0,858.8
2017-12-07 23:00:00,-4.7,35,5.6,0.0,858.8
2017-12-08 00:00:00,-6.2,43,6.1,0.0,857.8
2017-12-08 01:00:00,-6.9,47,6.7,0.0,856.8
2017-12-08 02:00:00,-6.7,47,4.7,0.0,856.3
2017-12-08 03:00:00,-5.3,44,3.1,0.0,856.4
2017-12-08 04:00:00,-6.4,49,5.4,0.0,854.9
2017-12-08 05:00:00,-6.9,46,6.7,0.0,853.7
2017-12-08 06:00:00,-5.5,39,2.9,0.0,854.1
2017-12-08 07:00:00,-5.1,31,3.3,0.0,854.1
2017-12-08 08:00:00,-5.5,32,3.3,0.0,854.3
2017-12-08 09:00:00,-5.2,27,4.0,34.0,854.5
2017-12-08 10:00:00,-4.2,24,5.2,151.0,855.0
2017-12-08 11:00:00,-2.6,21,3.9,283.0,855.1
2017-12-08 12:00:00,-0.6,19,4.9,418.0,854.9
2017-12-08 13:00:00,1.3,17,5.0,497.0,853.8
2017-12-08 14:00:00,2.6,15,7.8,494.0,853.1
2017-12-08 15:00:00,2.9,15,10.7,389.0,852.4
2017-12-08 16:00:00,2.5,16,9.4,239.0,852.5
2017-12-08 17:00:00,0.8,19,5.3,128.0,852.4
2017-12-08 18:00:00,0.5,21,2.8,30.0,853.0
2017-12-08 19:00:00,-1.3,27,6.8,0.0,852.7
2017-12-08 20:00:00,-1.5,30,3.1,0.0,853.1
2017-12-08 21:00:00,-2.0,34,2.5,0.0,852.6
2017-12-08 22:00:00,-2.7,38,3.2,0.0,852.1
2017-12-08 23:00:00,-3.0,39,4.0,0.0,851.4
2017-12-09 00:00:00,-4.8,45,6.5,0.0,849.6
2017-12-09 01:00:00,-6.4,48,6.6,0.0,847.9
2017-12-09 02:00:00,-7.3,50,6.1,0.0,846.3
2017-12-09 03:00:00,-7.7,51,6.4,0.0,845.4
2017-12-09 04:00:00,-8.1,51,6.2,0.0,844.9
2017-12-09 05:00:00,-6.6,48,2.9,0.0,845.1
2017-12-09 06:00:00,-6.3,52,3.6,0.0,845.3
2017-12-09 07:00:00,-6.5,53,6.4,0.0,845.4
2017-12-09 08:00:00,-5.9,56,1.8,0.0,847.1
2017-12-09 09:00:00,-6.0,55,3.6,43.0,847.4
2017-12-09 10:00:00,-3.7,33,7.3,199.0,849.7
2017-12-09 11:00:00,-1.3,24,6.9,356.0,850.0
2017-12-09 12:00:00,0.5,21,5.2,473.0,849.9
2017-12-09 13:00:00,2.3,19,7.2,532.0,849.3
2017-12-09 14:00:00,3.7,17,10.3,528.0,848.6
2017-12-09 15:00:00,3.6,19,13.3,461.0,848.8
2017-12-09 16:00:00,2.8,22,13.9,335.0,849.4
2017-12-09 17:00:00,0.5,28,6.6,178.0,849.5
2017-12-09 18:00:00,-3.6,39,11.2,31.0,848.4
2017-12-09 19:00:00,-3.2,38,8.4,0.0,850.4
2017-12-09 20:00:00,-3.6,38,10.6,0.0,850.8
2017-12-09 21:00:00,-3.9,37,8.8,0.0,850.9
2017-12-09 22:00:00,-4.8,39,10.5,0.0,850.7
2017-12-09 23:00:00,-1.7,31,6.9,0.0,852.9
2017-12-10 00:00:00,-4.4,40,7.2,0.0,851.4
2017-12-10 01:00:00,-5.8,48,8.6,0.0,851.0
2017-12-10 02:00:00,-6.6,52,7.8,0.0,851.1
2017-12-10 03:00:00,-6.5,53,3.9,0.0,851.4
2017-12-10 04:00:00,-7.2,58,4.7,0.0,851.4
2017-12-10 05:00:00,-6.1,53,1.8,0.0,852.0
2017-12-10 06:00:00,-6.3,55,3.3,0.0,852.1
2017-12-10 07:00:00,-6.9,58,3.4,0.0,851.9
2017-12-10 08:00:00,-8.0,66,5.2,0.0,852.8
2017-12-10 09:00:00,-7.1,61,5.5,42.0,854.0
2017-12-10 10:00:00,-5.3,46,4.0,195.0,855.3
2017-12-10 11:00:00,-3.2,35,3.1,353.0,855.3
2017-12-10 12:00:00,-1.4,28,2.9,469.0,854.6
2017-12-10 13:00:00,0.2,24,2.8,529.0,853.2
2017-12-10 14:00:00,1.3,22,2.1,525.0,851.8
2017-12-10 15:00:00,2.0,20,1.1,461.0,850.6
2017-12-10 16:00:00,2.2,20,2.8,339.0,849.9
2017-12-10 17:00:00,-0.1,26,5.9,179.0,848.2
2017-12-10 18:00:00,-2.3,38,7.6,32.0,846.8
2017-12-10 19:00:00,0.1,37,4.7,0.0,848.5
2017-12-10 20:00:00,-1.1,43,4.2,0.0,848.5
2017-12-10 21:00:00,-2.9,50,6.2,0.0,848.1
2017-12-10 22:00:00,-3.8,52,4.9,0.0,848.3
2017-12-10 23:00:00,-3.2,52,1.8,0.0,849.3
2017-12-11 00:00:00,-3.4,56,1.8,0.0,849.3
2017-12-11 01:00:00,-3.3,56,2.4,0.0,849.0
2017-12-11 02:00:00,-3.7,55,2.8,0.0,848.7
2017-12-11 03:00:00,-4.1,56,3.1,0.0,848.3
2017-12-11 04:00:00,-4.1,58,2.3,0.0,848.5
2017-12-11 05:00:00,-4.6,61,5.1,0.0,847.8
2017-12-11 06:00:00,-4.1,59,0.8,0.0,847.9
2017-12-11 07:00:00,-4.7,64,1.9,0.0,848.0
2017-12-11 08:00:00,-5.8,72,1.5,0.0,849.1
2017-12-11 09:00:00,-5.8,72,2.1,40.0,849.8
2017-12-11 10:00:00,-3.5,51,3.1,192.0,851.1
2017-12-11 11:00:00,-1.8,38,1.8,348.0,851.1
2017-12-11 12:00:00,-0.2,32,1.6,432.0,850.4
2017-12-11 13:00:00,1.2,28,1.9,451.0,849.6
2017-12-11 14:00:00,2.0,25,1.3,466.0,848.3
2017-12-11 15:00:00,2.2,25,1.8,382.0,847.6
2017-12-11 16:00:00,2.4,24,2.3,289.0,847.4
2017-12-11 17:00:00,2.0,26,5.4,165.0,847.5
2017-12-11 18:00:00,1.1,29,7.2,31.0,847.9
2017-12-11 19:00:00,-0.1,35,4.7,0.0,848.3
2017-12-11 20:00:00,-2.4,46,7.5,0.0,847.1
2017-12-11 21:00:00,-4.1,54,6.6,0.0,847.3
2017-12-11 22:00:00,-4.6,57,7.6,0.0,847.6
2017-12-11 23:00:00,-3.9,54,6.1,0.0,847.9
2017-12-12 00:00:00,-5.4,59,7.6,0.0,848.0
2017-12-12 01:00:00,-3.6,53,0.5,0.0,848.7
2017-12-12 02:00:00,-3.8,56,2.9,0.0,848.3
2017-12-12 03:00:00,-4.0,57,3.6,0.0,848.2
2017-12-12 04:00:00,-4.1,57,2.3,0.0,848.1
2017-12-12 05:00:00,-4.3,56,0.7,0.0,847.6
2017-12-12 06:00:00,-4.5,57,2.6,0.0,847.1
2017-12-12 07:00:00,-4.7,59,1.9,0.0,847.3
2017-12-12 08:00:00,-5.6,64,1.5,0.0,848.2
2017-12-12 09:00:00,-5.8,65,1.8,36.0,848.5
2017-12-12 10:00:00,-3.9,52,2.6,174.0,849.6
2017-12-12 11:00:00,-2.0,42,1.1,302.0,849.8
2017-12-12 12:00:00,-0.3,35,1.1,433.0,848.9
2017-12-12 13:00:00,1.5,29,0.4,522.0,847.6
2017-12-12 14:00:00,3.0,26,0.4,521.0,846.6
2017-12-12 15:00:00,3.9,24,2.9,455.0,845.5
2017-12-12 16:00:00,4.1,25,3.1,335.0,844.7
2017-12-12 17:00:00,2.2,31,6.9,177.0,844.3
2017-12-12 18:00:00,1.0,38,8.2,31.0,844.6
2017-12-12 19:00:00,0.2,44,4.6,0.0,844.9
2017-12-12 20:00:00,-2.5,63,7.9,0.0,844.0
2017-12-12 21:00:00,-3.8,76,6.9,0.0,843.9
2017-12-12 22:00:00,-3.6,76,6.0,0.0,844.6
2017-12-12 23:00:00,-2.4,68,4.2,0.0,845.8
2017-12-13 00:00:00,-2.0,66,1.0,0.0,846.3
2017-12-13 01:00:00,-1.8,66,1.6,0.0,846.2
2017-12-13 02:00:00,-1.5,67,3.1,0.0,845.8
2017-12-13 03:00:00,-2.4,73,2.9,0.0,845.0
2017-12-13 04:00:00,-4.3,83,6.3,0.0,844.1
2017-12-13 05:00:00,-4.0,86,5.7,0.0,844.2
2017-12-13 06:00:00,-3.9,85,4.9,0.0,844.0
2017-12-13 07:00:00,-3.8,84,4.9,0.0,844.1
2017-12-13 08:00:00,-3.5,81,2.9,0.0,845.6
2017-12-13 09:00:00,-3.4,81,1.8,21.0,846.2
2017-12-13 10:00:00,-1.9,70,3.1,143.0,847.4
2017-12-13 11:00:00,-0.7,64,2.6,251.0,847.6
2017-12-13 12:00:00,0.5,56,2.5,349.0,847.3
2017-12-13 13:00:00,1.7,50,5.2,395.0,846.1
2017-12-13 14:00:00,2.0,50,4.0,328.0,845.3
2017-12-13 15:00:00,2.7,49,3.8,330.0,845.0
2017-12-13 16:00:00,2.5,53,4.0,220.0,845.4
2017-12-13 17:00:00,1.8,63,3.1,107.0,846.2
2017-12-13 18:00:00,-0.1,78,9.1,21.0,846.5
2017-12-13 19:00:00,-0.6,58,12.9,0.0,848.7
2017-12-13 20:00:00,-1.5,46,6.0,0.0,850.5
2017-12-13 21:00:00,-2.0,45,2.2,0.0,851.9
2017-12-13 22:00:00,-2.6,46,3.8,0.0,852.2
2017-12-13 23:00:00,-3.0,47,2.9,0.0,852.1
2017-12-14 00:00:00,-3.4,47,3.6,0.0,852.4
2017-12-14 01:00:00,-3.7,49,2.7,0.0,852.1
2017-12-14 02:00:00,-4.2,52,1.1,0.0,851.6
2017-12-14 03:00:00,-4.3,54,2.5,0.0,851.6
2017-12-14 04:00:00,-4.5,55,2.3,0.0,851.3
2017-12-14 05:00:00,-4.6,56,1.3,0.0,851.1
2017-12-14 06:00:00,-4.8,58,2.5,0.0,850.4
2017-12-14 07:00:00,-5.0,57,3.1,0.0,850.1
2017-12-14 08:00:00,-5.4,55,4.6,0.0,851.3
2017-12-14 09:00:00,-5.1,49,5.1,24.0,851.9
2017-12-14 10:00:00,-3.9,43,5.4,119.0,852.4
2017-12-14 11:00:00,-2.5,41,5.5,286.0,852.7
2017-12-14 12:00:00,-1.0,40,5.4,403.0,852.1
2017-12-14 13:00:00,0.4,38,5.2,454.0,850.9
2017-12-14 14:00:00,1.3,36,7.3,427.0,850.1
2017-12-14 15:00:00,2.0,37,9.5,394.0,849.9
2017-12-14 16:00:00,1.7,38,12.3,283.0,850.2
2017-12-14 17:00:00,0.7,37,10.9,142.0,850.8
2017-12-14 18:00:00,-1.4,38,9.0,26.0,851.1
2017-12-14 19:00:00,-2.6,39,6.7,0.0,852.5
2017-12-14 20:00:00,-2.1,37,7.2,0.0,854.6
2017-12-14 21:00:00,-1.7,36,6.0,0.0,856.5
2017-12-14 22:00:00,-3.6,40,7.8,0.0,855.9
2017-12-14 23:00:00,-3.6,41,6.8,0.0,856.1
2017-12-15 00:00:00,-3.5,41,5.9,0.0,857.1
2017-12-15 01:00:00,-3.9,42,6.0,0.0,856.6
2017-12-15 02:00:00,-5.3,47,7.6,0.0,856.1
2017-12-15 03:00:00,-5.8,50,7.9,0.0,856.2
2017-12-15 04:00:00,-5.2,47,6.9,0.0,856.7
2017-12-15 05:00:00,-5.5,48,7.2,0.0,856.2
2017-12-15 06:00:00,-5.3,48,6.4,0.0,856.1
2017-12-15 07:00:00,-6.1,53,6.8,0.0,855.8
2017-12-15 08:00:00,-5.6,54,4.1,0.0,857.9
2017-12-15 09:00:00,-5.5,53,3.6,34.0,858.6
2017-12-15 10:00:00,-4.6,45,1.5,181.0,859.7
2017-12-15 11:00:00,-3.3,41,3.8,336.0,860.1
2017-12-15 12:00:00,-1.9,39,9.2,454.0,860.0
2017-12-15 13:00:00,-1.1,37,10.7,508.0,858.8
2017-12-15 14:00:00,-0.6,35,12.2,500.0,857.8
2017-12-15 15:00:00,-0.4,35,13.5,437.0,857.3
2017-12-15 16:00:00,-0.7,35,14.3,313.0,858.2
2017-12-15 17:00:00,-1.6,37,12.5,169.0,858.8
2017-12-15 18:00:00,-3.8,42,7.9,30.0,859.4
2017-12-15 19:00:00,-4.1,39,8.0,0.0,861.1
2017-12-15 20:00:00,-4.2,39,6.5,0.0,863.1
2017-12-15 21:00:00,-4.6,40,5.4,0.0,863.9
2017-12-15 22:00:00,-4.5,41,5.0,0.0,864.7
2017-12-15 23:00:00,-5.3,43,5.0,0.0,865.0
2017-12-16 00:00:00,-6.1,45,5.6,0.0,865.1
2017-12-16 01:00:00,-6.1,44,5.4,0.0,865.0
2017-12-16 02:00:00,-6.4,44,5.4,0.0,864.4
2017-12-16 03:00:00,-6.7,45,5.7,0.0,864.4
2017-12-16 04:00:00,-6.9,44,5.6,0.0,864.1
2017-12-16 05:00:00,-7.3,44,6.6,0.0,863.4
2017-12-16 06:00:00,-7.7,45,5.0,0.0,862.7
2017-12-16 07:00:00,-8.2,47,5.4,0.0,862.7
2017-12-16 08:00:00,-8.3,51,4.6,0.0,862.4
2017-12-16 09:00:00,-8.1,49,8.3,33.0,863.2
2017-12-16 10:00:00,-6.7,44,4.0,179.0,863.9
2017-12-16 11:00:00,-5.1,39,3.8,323.0,864.1
2017-12-16 12:00:00,-3.7,35,1.4,451.0,863.3
2017-12-16 13:00:00,-2.6,33,3.0,515.0,861.7
2017-12-16 14:00:00,-1.7,31,4.3,517.0,860.2
2017-12-16 15:00:00,-0.9,29,5.4,454.0,859.0
2017-12-16 16:00:00,-0.6,29,6.5,333.0,858.5
2017-12-16 17:00:00,-1.3,32,3.8,177.0,858.1
2017-12-16 18:00:00,-5.0,44,10.0,32.0,856.9
2017-12-16 19:00:00,-5.5,45,8.8,0.0,857.6
2017-12-16 20:00:00,-5.2,44,8.7,0.0,858.4
2017-12-16 21:00:00,-5.5,47,7.4,0.0,858.8
2017-12-16 22:00:00,-3.9,43,5.5,0.0,860.0
2017-12-16 23:00:00,-4.5,43,5.6,0.0,859.8
2017-12-17 00:00:00,-6.0,47,5.6,0.0,859.3
2017-12-17 01:00:00,-6.9,50,6.2,0.0,858.8
2017-12-17 02:00:00,-7.0,53,5.2,0.0,858.6
2017-12-17 03:00:00,-7.0,54,4.1,0.0,858.6
2017-12-17 04:00:00,-6.2,51,2.6,0.0,859.0
2017-12-17 05:00:00,-6.2,50,0.7,0.0,858.7
2017-12-17 06:00:00,-6.3,51,1.8,0.0,858.3
2017-12-17 07:00:00,-6.3,51,3.0,0.0,858.5
2017-12-17 08:00:00,-7.5,57,2.0,0.0,858.7
2017-12-17 09:00:00,-7.6,62,1.3,33.0,858.8
2017-12-17 10:00:00,-5.8,47,2.2,180.0,859.9
2017-12-17 11:00:00,-3.6,35,2.5,337.0,860.2
2017-12-17 12:00:00,-1.6,30,1.5,456.0,859.8
2017-12-17 13:00:00,0.1,26,1.6,520.0,858.4
2017-12-17 14:00:00,1.6,24,1.0,521.0,857.4
2017-12-17 15:00:00,2.6,22,2.3,458.0,856.7
2017-12-17 16:00:00,2.8,22,3.4,340.0,856.4
2017-12-17 17:00:00,0.1,28,7.6,182.0,855.3
2017-12-17 18:00:00,-3.5,39,10.5,34.0,854.6
2017-12-17 19:00:00,-3.8,41,7.8,0.0,855.9
2017-12-17 20:00:00,-3.5,43,6.5,0.0,857.3
2017-12-17 21:00:00,-3.9,47,6.0,0.0,858.1
2017-12-17 22:00:00,-5.4,55,7.4,0.0,857.8
2017-12-17 23:00:00,-5.8,57,7.4,0.0,858.5
2017-12-18 00:00:00,-6.2,55,7.3,0.0,858.8
2017-12-18 01:00:00,-6.5,54,6.0,0.0,858.8
2017-12-18 02:00:00,-6.4,54,5.2,0.0,858.9
2017-12-18 03:00:00,-6.2,51,4.4,0.0,859.2
2017-12-18 04:00:00,-6.9,52,5.3,0.0,858.5
2017-12-18 05:00:00,-7.3,58,5.7,0.0,858.5
2017-12-18 06:00:00,-7.2,58,5.2,0.0,858.9
2017-12-18 07:00:00,-6.4,50,4.0,0.0,860.1
2017-12-18 08:00:00,-7.9,59,4.5,0.0,861.2
2017-12-18 09:00:00,-7.9,59,5.0,32.0,862.1
2017-12-18 10:00:00,-6.3,43,2.9,177.0,863.6
2017-12-18 11:00:00,-4.1,34,2.3,334.0,864.0
2017-12-18 12:00:00,-2.2,26,0.4,454.0,863.8
2017-12-18 13:00:00,-0.9,21,1.8,518.0,862.6
2017-12-18 14:00:00,0.1,19,0.8,520.0,861.8
2017-12-18 15:00:00,0.9,17,2.3,457.0,861.0
2017-12-18 16:00:00,1.3,17,4.1,340.0,860.5
2017-12-18 17:00:00,-0.7,20,6.7,184.0,859.5
2017-12-18 18:00:00,-3.9,28,10.5,35.0,858.1
2017-12-18 19:00:00,-3.5,29,8.7,0.0,859.8
2017-12-18 20:00:00,-3.5,31,8.6,0.0,860.6
2017-12-18 21:00:00,-2.5,31,4.6,0.0,862.3
2017-12-18 22:00:00,-2.6,34,3.9,0.0,862.4
2017-12-18 23:00:00,-3.0,38,4.0,0.0,862.5
2017-12-19 00:00:00,-4.6,45,6.2,0.0,861.8
2017-12-19 01:00:00,-3.9,44,3.8,0.0,862.8
2017-12-19 02:00:00,-5.2,50,4.7,0.0,862.3
2017-12-19 03:00:00,-6.7,57,7.2,0.0,861.6
2017-12-19 04:00:00,-7.2,60,6.8,0.0,861.4
2017-12-19 05:00:00,-7.0,59,6.3,0.0,861.2
2017-12-19 06:00:00,-5.7,51,4.0,0.0,861.7
2017-12-19 07:00:00,-5.8,51,1.3,0.0,862.0
2017-12-19 08:00:00,-6.5,57,2.5,0.0,862.9
2017-12-19 09:00:00,-6.8,59,0.4,31.0,863.0
2017-12-19 10:00:00,-5.5,49,1.5,178.0,864.1
2017-12-19 11:00:00,-3.1,36,2.6,338.0,864.9
2017-12-19 12:00:00,-0.8,29,2.4,459.0,864.1
2017-12-19 13:00:00,1.1,24,1.1,525.0,862.5
2017-12-19 14:00:00,2.7,22,1.8,527.0,861.2
2017-12-19 15:00:00,3.8,21,1.5,466.0,860.4
2017-12-19 16:00:00,4.0,21,2.2,348.0,860.1
2017-12-19 17:00:00,0.9,26,7.2,189.0,858.7
2017-12-19 18:00:00,-1.3,29,9.7,36.0,857.9
2017-12-19 19:00:00,0.8,27,6.4,0.0,859.9
2017-12-19 20:00:00,0.0,30,3.6,0.0,860.4
2017-12-19 21:00:00,-0.5,33,1.1,0.0,861.6
2017-12-19 22:00:00,-0.9,36,2.4,0.0,861.8
2017-12-19 23:00:00,-1.4,41,2.3,0.0,862.3
2017-12-20 00:00:00,-2.0,45,3.6,0.0,862.3
2017-12-20 01:00:00,-2.4,48,4.2,0.0,862.2
2017-12-20 02:00:00,-4.4,58,7.1,0.0,861.0
2017-12-20 03:00:00,-4.8,59,7.2,0.0,861.0
2017-12-20 04:00:00,-6.0,61,6.9,0.0,860.2
2017-12-20 05:00:00,-5.2,55,5.5,0.0,860.5
2017-12-20 06:00:00,-5.4,56,3.6,0.0,860.6
2017-12-20 07:00:00,-5.6,56,2.7,0.0,860.8
2017-12-20 08:00:00,-6.4,60,5.9,0.0,861.1
2017-12-20 09:00:00,-6.2,55,4.1,31.0,861.5
2017-12-20 10:00:00,-4.9,44,2.4,177.0,862.1
2017-12-20 11:00:00,-2.7,35,3.5,337.0,862.8
2017-12-20 12:00:00,-0.5,27,4.0,459.0,861.8
2017-12-20 13:00:00,1.3,23,4.1,524.0,859.9
2017-12-20 14:00:00,2.8,20,4.8,526.0,858.1
2017-12-20 15:00:00,3.8,18,5.2,465.0,856.8
2017-12-20 16:00:00,4.0,17,3.8,347.0,855.8
2017-12-20 17:00:00,2.9,18,1.8,188.0,854.5
2017-12-20 18:00:00,-1.0,31,5.4,37.0,851.7
2017-12-20 19:00:00,0.4,31,7.4,0.0,852.8
2017-12-20 20:00:00,-2.8,39,10.1,0.0,851.5
2017-12-20 21:00:00,-5.0,49,9.3,0.0,851.3
2017-12-20 22:00:00,-4.8,49,7.0,0.0,851.8
2017-12-20 23:00:00,-2.9,43,3.6,0.0,853.3
2017-12-21 00:00:00,-2.9,43,3.7,0.0,853.6
2017-12-21 01:00:00,-3.0,45,3.5,0.0,853.2
2017-12-21 02:00:00,-3.6,47,4.6,0.0,852.4
2017-12-21 03:00:00,-3.5,48,4.8,0.0,852.4
2017-12-21 04:00:00,-3.6,49,4.3,0.0,852.2
2017-12-21 05:00:00,-3.8,50,2.6,0.0,852.0
2017-12-21 06:00:00,-3.8,51,1.5,0.0,851.7
2017-12-21 07:00:00,-3.7,51,2.9,0.0,851.6
2017-12-21 08:00:00,-5.1,55,4.7,0.0,852.3
2017-12-21 09:00:00,-5.9,57,4.9,29.0,852.1
2017-12-21 10:00:00,-3.4,39,4.8,174.0,853.6
2017-12-21 11:00:00,-1.1,30,4.4,333.0,854.2
2017-12-21 12:00:00,0.9,24,4.0,455.0,853.4
2017-12-21 13:00:00,2.7,21,1.5,521.0,851.7
2017-12-21 14:00:00,4.4,18,1.8,523.0,850.3
2017-12-21 15:00:00,5.6,17,3.5,463.0,849.2
2017-12-21 16:00:00,6.0,16,4.2,345.0,848.4
2017-12-21 17:00:00,5.5,16,3.5,186.0,848.0
2017-12-21 18:00:00,-1.1,31,11.5,36.0,844.9
2017-12-21 19:00:00,-3.0,44,9.2,0.0,845.3
2017-12-21 20:00:00,-2.0,41,7.7,0.0,847.9
2017-12-21 21:00:00,-0.8,38,5.4,0.0,849.5
2017-12-21 22:00:00,-2.6,46,7.8,0.0,848.9
2017-12-21 23:00:00,-2.9,47,7.9,0.0,850.0
2017-12-22 00:00:00,-3.0,44,6.9,0.0,850.4
2017-12-22 01:00:00,-3.2,43,6.5,0.0,850.6
2017-12-22 02:00:00,-4.6,50,8.2,0.0,849.9
2017-12-22 03:00:00,-4.8,52,8.2,0.0,849.9
2017-12-22 04:00:00,-2.7,47,4.3,0.0,850.5
2017-12-22 05:00:00,-5.8,56,8.4,0.0,849.1
2017-12-22 06:00:00,-4.5,48,4.0,0.0,850.1
2017-12-22 07:00:00,-5.5,55,4.4,0.0,849.7
2017-12-22 08:00:00,-4.7,58,5.1,0.0,851.4
2017-12-22 09:00:00,-5.1,60,2.5,28.0,851.7
2017-12-22 10:00:00,-3.5,46,1.1,168.0,853.0
2017-12-22 11:00:00,-1.1,36,5.4,329.0,854.1
2017-12-22 12:00:00,0.8,30,4.0,446.0,853.6
2017-12-22 13:00:00,2.3,26,1.5,517.0,852.5
2017-12-22 14:00:00,3.4,23,1.1,516.0,851.9
2017-12-22 15:00:00,3.9,20,8.0,398.0,851.3
2017-12-22 16:00:00,4.1,21,9.0,244.0,850.8
2017-12-22 17:00:00,1.6,26,7.4,126.0,850.0
2017-12-22 18:00:00,0.2,29,8.9,24.0,850.1
2017-12-22 19:00:00,1.9,26,2.5,0.0,852.4
2017-12-22 20:00:00,1.1,30,7.6,0.0,853.2
2017-12-22 21:00:00,-0.5,34,6.8,0.0,853.9
2017-12-22 22:00:00,-0.1,34,1.8,0.0,854.5
2017-12-22 23:00:00,-2.1,42,3.6,0.0,853.5
2017-12-23 00:00:00,-2.7,47,4.8,0.0,853.4
2017-12-23 01:00:00,-3.8,51,6.7,0.0,852.9
2017-12-23 02:00:00,-3.5,48,5.8,0.0,853.9
2017-12-23 03:00:00,-3.1,45,4.1,0.0,855.0
2017-12-23 04:00:00,-2.8,47,0.0,0.0,854.7
2017-12-23 05:00:00,-3.5,49,4.7,0.0,854.1
2017-12-23 06:00:00,-4.1,50,3.9,0.0,853.5
2017-12-23 07:00:00,-6.1,60,5.9,0.0,852.4
2017-12-23 08:00:00,-5.5,55,3.4,0.0,853.2
2017-12-23 09:00:00,-4.8,54,0.8,27.0,853.7
2017-12-23 10:00:00,-3.5,44,1.8,168.0,854.8
2017-12-23 11:00:00,-1.5,36,2.1,326.0,855.2
2017-12-23 12:00:00,0.2,32,1.5,447.0,854.7
2017-12-23 13:00:00,1.7,29,2.3,512.0,853.5
2017-12-23 14:00:00,3.6,24,9.9,519.0,852.9
2017-12-23 15:00:00,3.2,27,26.0,457.0,853.0
2017-12-23 16:00:00,1.7,31,25.4,342.0,854.1
2017-12-23 17:00:00,0.3,35,13.1,186.0,854.9
2017-12-23 18:00:00,-3.9,47,8.9,38.0,853.9
2017-12-23 19:00:00,-3.4,45,7.1,0.0,855.4
2017-12-23 20:00:00,-3.5,47,8.0,0.0,856.4
2017-12-23 21:00:00,-4.8,51,9.8,0.0,856.2
2017-12-23 22:00:00,-4.9,51,9.8,0.0,856.6
2017-12-23 23:00:00,-4.1,47,8.1,0.0,857.2
2017-12-24 00:00:00,-2.8,43,4.6,0.0,857.9
2017-12-24 01:00:00,-3.5,46,4.5,0.0,857.5
2017-12-24 02:00:00,-4.0,48,4.2,0.0,856.9
2017-12-24 03:00:00,-4.1,49,4.1,0.0,856.8
2017-12-24 04:00:00,-4.9,51,5.5,0.0,855.8
2017-12-24 05:00:00,-4.9,51,5.6,0.0,855.5
2017-12-24 06:00:00,-5.4,53,4.5,0.0,854.9
2017-12-24 07:00:00,-5.7,54,3.8,0.0,854.8
2017-12-24 08:00:00,-6.2,59,4.7,0.0,855.2
2017-12-24 09:00:00,-6.4,61,4.5,28.0,854.9
2017-12-24 10:00:00,-5.3,55,5.1,172.0,855.6
2017-12-24 11:00:00,-3.4,45,6.6,333.0,855.3
2017-12-24 12:00:00,-1.5,37,5.6,456.0,854.4
2017-12-24 13:00:00,0.3,31,5.0,524.0,852.7
2017-12-24 14:00:00,1.7,28,4.9,529.0,851.0
2017-12-24 15:00:00,2.8,25,4.7,469.0,849.6
2017-12-24 16:00:00,3.3,22,3.9,352.0,848.9
2017-12-24 17:00:00,1.3,26,5.6,194.0,847.0
2017-12-24 18:00:00,1.6,30,7.1,40.0,847.9
2017-12-24 19:00:00,-3.9,51,9.2,0.0,846.2
2017-12-24 20:00:00,-4.2,56,9.2,0.0,846.7
2017-12-24 21:00:00,-5.2,61,8.4,0.0,847.2
2017-12-24 22:00:00,-4.1,59,7.1,0.0,848.2
2017-12-24 23:00:00,-2.7,55,4.6,0.0,849.5
2017-12-25 00:00:00,-3.0,59,3.5,0.0,849.5
2017-12-25 01:00:00,-3.3,61,2.4,0.0,849.6
2017-12-25 02:00:00,-3.6,63,1.1,0.0,849.5
2017-12-25 03:00:00,-3.9,66,2.3,0.0,849.2
2017-12-25 04:00:00,-4.0,67,1.1,0.0,848.9
2017-12-25 05:00:00,-4.2,68,3.3,0.0,848.9
2017-12-25 06:00:00,-4.3,70,0.0,0.0,848.6
2017-12-25 07:00:00,-4.5,72,0.5,0.0,848.8
2017-12-25 08:00:00,-5.6,77,1.1,0.0,850.2
2017-12-25 09:00:00,-6.3,81,3.3,26.0,850.1
2017-12-25 10:00:00,-3.8,61,3.3,168.0,852.4
2017-12-25 11:00:00,-1.3,43,2.9,327.0,853.8
2017-12-25 12:00:00,0.4,34,3.3,435.0,853.6
2017-12-25 13:00:00,2.0,30,1.8,511.0,852.4
2017-12-25 14:00:00,3.3,25,6.9,520.0,851.5
2017-12-25 15:00:00,3.9,22,6.9,462.0,850.7
2017-12-25 16:00:00,3.9,24,8.7,348.0,850.7
2017-12-25 17:00:00,1.5,30,6.8,192.0,849.8
2017-12-25 18:00:00,1.5,31,8.7,40.0,851.3
2017-12-25 19:00:00,0.6,34,4.0,0.0,852.1
2017-12-25 20:00:00,0.2,35,2.7,0.0,852.1
2017-12-25 21:00:00,-0.7,38,2.1,0.0,852.6
2017-12-25 22:00:00,-1.3,41,3.0,0.0,852.6
2017-12-25 23:00:00,-1.7,44,3.9,0.0,852.6
2017-12-26 00:00:00,-2.5,46,6.9,0.0,852.6
2017-12-26 01:00:00,-4.7,50,8.5,0.0,851.5
2017-12-26 02:00:00,-5.3,49,7.8,0.0,851.2
2017-12-26 03:00:00,-3.7,42,5.1,0.0,852.4
2017-12-26 04:00:00,-4.6,45,4.8,0.0,852.3
2017-12-26 05:00:00,-4.1,43,3.6,0.0,852.5
2017-12-26 06:00:00,-4.3,44,0.8,0.0,852.3
2017-12-26 07:00:00,-4.3,45,1.1,0.0,852.5
2017-12-26 08:00:00,-5.2,50,1.4,0.0,853.7
2017-12-26 09:00:00,-5.8,53,3.3,24.0,853.6
2017-12-26 10:00:00,-3.8,41,3.1,153.0,855.1
2017-12-26 11:00:00,-1.5,32,3.5,308.0,856.0
2017-12-26 12:00:00,0.6,28,3.9,414.0,855.2
2017-12-26 13:00:00,2.4,25,5.9,487.0,853.6
2017-12-26 14:00:00,3.8,23,6.6,509.0,852.1
2017-12-26 15:00:00,4.7,21,5.4,457.0,851.1
2017-12-26 16:00:00,4.6,21,3.3,352.0,850.4
2017-12-26 17:00:00,3.4,23,1.6,196.0,849.1
2017-12-26 18:00:00,2.5,26,3.4,42.0,848.2
2017-12-26 19:00:00,-2.2,39,9.1,0.0,846.0
2017-12-26 20:00:00,-1.2,36,8.6,0.0,847.5
2017-12-26 21:00:00,-0.8,35,7.2,0.0,848.2
2017-12-26 22:00:00,-2.2,41,7.1,0.0,847.7
2017-12-26 23:00:00,-0.5,38,5.4,0.0,848.9
2017-12-27 00:00:00,-0.7,40,4.0,0.0,849.1
2017-12-27 01:00:00,-1.1,43,5.1,0.0,848.7
2017-12-27 02:00:00,-1.6,45,6.0,0.0,848.1
2017-12-27 03:00:00,-1.1,44,6.0,0.0,848.1
2017-12-27 04:00:00,-1.3,45,5.8,0.0,847.9
2017-12-27 05:00:00,-1.5,46,6.2,0.0,847.4
2017-12-27 06:00:00,-2.1,48,6.9,0.0,847.0
2017-12-27 07:00:00,-2.1,48,5.8,0.0,847.0
2017-12-27 08:00:00,-3.9,56,5.8,0.0,846.9
2017-12-27 09:00:00,-5.9,65,7.4,26.0,845.9
2017-12-27 10:00:00,-2.1,49,5.5,169.0,847.8
2017-12-27 11:00:00,0.5,40,5.8,331.0,848.5
2017-12-27 12:00:00,3.5,30,5.5,455.0,847.5
2017-12-27 13:00:00,6.3,23,6.9,524.0,845.7
2017-12-27 14:00:00,8.4,18,7.2,530.0,844.3
2017-12-27 15:00:00,9.7,14,7.7,473.0,843.5
2017-12-27 16:00:00,9.6,13,6.2,357.0,842.4
2017-12-27 17:00:00,8.5,14,8.8,200.0,841.4
2017-12-27 18:00:00,8.1,14,4.7,44.0,841.1
2017-12-27 19:00:00,7.1,17,5.1,0.0,841.7
2017-12-27 20:00:00,6.2,18,8.8,0.0,841.9
2017-12-27 21:00:00,4.8,22,7.9,0.0,842.2
2017-12-27 22:00:00,3.9,27,5.2,0.0,842.4
2017-12-27 23:00:00,0.3,37,7.2,0.0,841.5
2017-12-28 00:00:00,-1.1,41,8.1,0.0,841.9
2017-12-28 01:00:00,0.3,38,4.7,0.0,842.7
2017-12-28 02:00:00,0.0,39,5.3,0.0,842.7
2017-12-28 03:00:00,-0.5,39,6.8,0.0,842.8
2017-12-28 04:00:00,0.1,38,6.2,0.0,843.7
2017-12-28 05:00:00,-1.6,43,5.6,0.0,843.1
2017-12-28 06:00:00,-2.9,49,6.5,0.0,842.6
2017-12-28 07:00:00,-4.5,57,7.2,0.0,842.6
2017-12-28 08:00:00,-4.9,61,6.5,0.0,844.0
2017-12-28 09:00:00,-5.0,62,5.4,25.0,844.9
2017-12-28 10:00:00,-1.3,47,6.2,167.0,848.4
2017-12-28 11:00:00,1.8,35,4.7,328.0,851.4
2017-12-28 12:00:00,4.3,33,9.5,451.0,852.2
2017-12-28 13:00:00,4.9,32,13.0,515.0,852.9
2017-12-28 14:00:00,4.7,24,14.0,519.0,852.8
2017-12-28 15:00:00,4.0,19,14.0,468.0,852.7
2017-12-28 16:00:00,3.2,22,13.3,356.0,853.3
2017-12-28 17:00:00,1.8,27,10.8,201.0,853.7
2017-12-28 18:00:00,-1.0,35,8.4,42.0,854.0
2017-12-28 19:00:00,-1.3,39,9.8,0.0,855.3
2017-12-28 20:00:00,-2.3,46,7.9,0.0,857.0
2017-12-28 21:00:00,-1.7,45,9.4,0.0,858.7
2017-12-28 22:00:00,-1.3,44,11.4,0.0,859.6
2017-12-28 23:00:00,-1.4,44,11.2,0.0,859.6
2017-12-29 00:00:00,-1.6,44,8.2,0.0,859.3
2017-12-29 01:00:00,-2.9,47,8.5,0.0,858.1
2017-12-29 02:00:00,-4.2,50,9.7,0.0,857.4
2017-12-29 03:00:00,-4.4,50,8.0,0.0,858.0
2017-12-29 04:00:00,-3.5,45,7.4,0.0,858.4
2017-12-29 05:00:00,-3.1,45,7.1,0.0,859.2
2017-12-29 06:00:00,-3.5,47,7.3,0.0,858.9
2017-12-29 07:00:00,-3.5,48,5.6,0.0,859.6
2017-12-29 08:00:00,-3.7,53,6.2,0.0,860.9
2017-12-29 09:00:00,-2.9,50,5.6,13.0,862.4
2017-12-29 10:00:00,-2.3,48,6.5,91.0,863.6
2017-12-29 11:00:00,-2.2,50,6.4,105.0,864.4
2017-12-29 12:00:00,-2.0,53,5.0,171.0,863.9
2017-12-29 13:00:00,-1.4,53,4.5,276.0,863.1
2017-12-29 14:00:00,-0.9,52,2.5,312.0,862.4
2017-12-29 15:00:00,-0.6,50,1.5,241.0,861.7
2017-12-29 16:00:00,-0.8,51,0.8,139.0,861.3
2017-12-29 17:00:00,-0.8,50,1.6,146.0,860.9
2017-12-29 18:00:00,-2.5,60,4.1,41.0,860.0
2017-12-29 19:00:00,-3.0,65,3.2,0.0,860.2
2017-12-29 20:00:00,-3.0,66,2.5,0.0,860.7
2017-12-29 21:00:00,-3.6,72,2.3,0.0,861.2
2017-12-29 22:00:00,-4.0,75,1.4,0.0,861.6
2017-12-29 23:00:00,-4.7,80,2.2,0.0,861.4
2017-12-30 00:00:00,-4.7,80,1.4,0.0,861.7
2017-12-30 01:00:00,-5.3,85,2.2,0.0,861.4
2017-12-30 02:00:00,-6.4,84,3.6,0.0,860.5
2017-12-30 03:00:00,-5.0,76,2.2,0.0,861.3
2017-12-30 04:00:00,-6.7,85,4.0,0.0,860.1
2017-12-30 05:00:00,-7.2,86,5.6,0.0,859.4
2017-12-30 06:00:00,-7.4,84,5.6,0.0,859.2
2017-12-30 07:00:00,-7.6,81,5.6,0.0,859.4
2017-12-30 08:00:00,-8.0,80,4.3,0.0,860.1
2017-12-30 09:00:00,-7.9,77,3.7,25.0,860.6
2017-12-30 10:00:00,-6.3,62,3.0,167.0,861.7
2017-12-30 11:00:00,-4.5,51,3.4,329.0,861.7
2017-12-30 12:00:00,-2.7,44,3.8,455.0,860.6
2017-12-30 13:00:00,-1.1,40,5.1,527.0,858.8
2017-12-30 14:00:00,0.2,36,4.6,536.0,857.0
2017-12-30 15:00:00,1.2,33,4.9,480.0,855.6
2017-12-30 16:00:00,1.7,30,5.2,365.0,854.6
2017-12-30 17:00:00,1.0,31,2.8,208.0,853.6
2017-12-30 18:00:00,0.2,35,2.4,49.0,852.8
2017-12-30 19:00:00,-0.2,38,1.6,0.0,853.0
2017-12-30 20:00:00,-0.9,38,6.1,0.0,853.4
2017-12-30 21:00:00,-5.1,52,8.6,0.0,851.4
2017-12-30 22:00:00,-6.2,58,9.2,0.0,851.3
2017-12-30 23:00:00,-6.8,62,8.3,0.0,851.2
2017-12-31 00:00:00,-7.6,67,8.0,0.0,850.9
2017-12-31 01:00:00,-7.9,72,7.1,0.0,850.8
2017-12-31 02:00:00,-8.1,75,5.8,0.0,850.4
2017-12-31 03:00:00,-7.0,70,3.9,0.0,850.8
2017-12-31 04:00:00,-7.0,70,3.9,0.0,850.7
2017-12-31 05:00:00,-7.2,70,3.7,0.0,850.0
2017-12-31 06:00:00,-8.4,76,5.6,0.0,848.8
2017-12-31 07:00:00,-8.7,76,6.3,0.0,848.9
2017-12-31 08:00:00,-8.8,72,2.5,0.0,850.0
2017-12-31 09:00:00,-8.8,70,2.2,25.0,850.2
2017-12-31 10:00:00,-6.9,59,2.7,170.0,851.2
2017-12-31 11:00:00,-4.4,44,3.4,335.0,851.6
2017-12-31 12:00:00,-2.4,34,2.3,463.0,850.7
2017-12-31 13:00:00,-0.3,28,1.9,535.0,849.2
2017-12-31 14:00:00,1.5,24,1.1,542.0,847.8
2017-12-31 15:00:00,2.9,21,2.3,483.0,846.8
2017-12-31 16:00:00,3.6,19,1.3,368.0,846.2
2017-12-31 17:00:00,3.5,19,5.1,209.0,846.0
2017-12-31 18:00:00,-3.6,39,12.8,50.0,843.6
2017-12-31 19:00:00,-4.3,43,9.0,0.0,845.1
2017-12-31 20:00:00,-4.7,44,9.0,0.0,846.2
2017-12-31 21:00:00,-5.2,46,7.9,0.0,846.8
2017-12-31 22:00:00,-5.4,49,7.9,0.0,847.5
2017-12-31 23:00:00,-5.0,49,7.3,0.0,847.7
2018-01-01 00:00:00,-5.1,50,6.7,0.0,847.8
2018-01-01 01:00:00,-5.4,48,5.2,0.0,847.8
2018-01-01 02:00:00,-5.9,49,5.4,0.0,847.7
2018-01-01 03:00:00,-4.7,45,3.6,0.0,848.5
2018-01-01 04:00:00,-7.3,58,5.4,0.0,847.0
2018-01-01 05:00:00,-7.8,61,5.4,0.0,846.5
2018-01-01 06:00:00,-8.4,65,5.7,0.0,845.9
2018-01-01 07:00:00,-6.8,59,4.0,0.0,847.0
2018-01-01 08:00:00,-7.9,60,3.1,0.0,847.8
2018-01-01 09:00:00,-8.5,65,3.9,24.0,848.0
2018-01-01 10:00:00,-6.0,47,2.7,165.0,849.9
2018-01-01 11:00:00,-4.0,30,3.7,328.0,850.6
2018-01-01 12:00:00,-2.0,29,5.2,454.0,850.0
2018-01-01 13:00:00,-0.4,30,3.6,524.0,848.7
2018-01-01 14:00:00,0.6,30,1.9,532.0,847.4
2018-01-01 15:00:00,1.3,30,2.2,476.0,846.8
2018-01-01 16:00:00,1.6,30,1.9,363.0,846.7
2018-01-01 17:00:00,0.8,35,4.2,207.0,846.3
2018-01-01 18:00:00,-1.3,48,9.0,50.0,845.8
2018-01-01 19:00:00,-4.0,68,10.4,0.0,845.5
2018-01-01 20:00:00,-3.6,61,9.7,0.0,846.5
2018-01-01 21:00:00,-4.5,42,9.0,0.0,847.9
2018-01-01 22:00:00,-4.0,29,8.0,0.0,849.4
2018-01-01 23:00:00,-3.5,29,5.1,0.0,850.2
2018-01-02 00:00:00,-3.8,31,4.8,0.0,850.6
2018-01-02 01:00:00,-3.9,32,4.9,0.0,851.2
2018-01-02 02:00:00,-5.0,35,5.8,0.0,851.1
2018-01-02 03:00:00,-5.4,36,5.5,0.0,850.8
2018-01-02 04:00:00,-4.7,35,5.4,0.0,851.4
2018-01-02 05:00:00,-4.8,36,4.0,0.0,851.0
2018-01-02 06:00:00,-5.0,38,4.7,0.0,851.0
2018-01-02 07:00:00,-5.2,41,5.9,0.0,851.7
2018-01-02 08:00:00,-5.4,45,5.8,0.0,852.6
2018-01-02 09:00:00,-5.4,46,8.0,12.0,853.2
2018-01-02 10:00:00,-5.1,48,8.1,73.0,854.2
2018-01-02 11:00:00,-4.4,48,7.1,154.0,854.3
2018-01-02 12:00:00,-3.3,46,9.5,288.0,854.3
2018-01-02 13:00:00,-2.8,45,11.1,276.0,853.2
2018-01-02 14:00:00,-2.2,44,11.3,355.0,852.2
2018-01-02 15:00:00,-1.7,43,12.7,380.0,852.0
2018-01-02 16:00:00,-1.8,45,14.3,282.0,852.1
2018-01-02 17:00:00,-2.4,48,15.0,155.0,852.2
2018-01-02 18:00:00,-4.1,56,12.0,45.0,852.3
2018-01-02 19:00:00,-4.3,58,9.8,0.0,853.2
2018-01-02 20:00:00,-4.4,60,11.6,0.0,853.0
2018-01-02 21:00:00,-4.9,63,11.3,0.0,853.7
2018-01-02 22:00:00,-5.1,65,10.1,0.0,854.5
2018-01-02 23:00:00,-5.6,67,12.0,0.0,854.2
2018-01-03 00:00:00,-5.5,67,10.5,0.0,854.5
2018-01-03 01:00:00,-5.6,68,9.8,0.0,854.4
2018-01-03 02:00:00,-5.7,68,10.0,0.0,854.2
2018-01-03 03:00:00,-5.8,69,9.1,0.0,853.9
2018-01-03 04:00:00,-5.8,69,8.7,0.0,853.6
2018-01-03 05:00:00,-5.9,69,9.4,0.0,853.3
2018-01-03 06:00:00,-6.1,70,8.2,0.0,852.9
2018-01-03 07:00:00,-6.1,70,8.4,0.0,852.9
2018-01-03 08:00:00,-6.2,71,9.4,0.0,852.9
2018-01-03 09:00:00,-6.2,70,8.4,15.0,852.6
2018-01-03 10:00:00,-5.3,66,8.9,103.0,853.0
2018-01-03 11:00:00,-4.6,63,9.3,157.0,852.8
2018-01-03 12:00:00,-3.7,61,9.7,224.0,852.4
2018-01-03 13:00:00,-3.2,59,8.0,238.0,850.7
2018-01-03 14:00:00,-2.5,55,7.2,260.0,849.3
2018-01-03 15:00:00,-2.0,53,5.6,213.0,848.4
2018-01-03 16:00:00,-1.4,52,4.7,159.0,847.9
2018-01-03 17:00:00,-1.2,52,1.8,109.0,847.7
2018-01-03 18:00:00,-1.2,53,0.8,29.0,847.5
2018-01-03 19:00:00,-3.2,62,7.2,0.0,846.5
2018-01-03 20:00:00,-3.6,63,8.7,0.0,846.5
2018-01-03 21:00:00,-3.2,59,7.5,0.0,847.6
2018-01-03 22:00:00,-3.6,60,10.0,0.0,847.8
2018-01-03 23:00:00,-4.1,61,9.6,0.0,847.9
2018-01-04 00:00:00,-5.0,65,6.8,0.0,847.8
2018-01-04 01:00:00,-4.8,64,4.9,0.0,847.8
2018-01-04 02:00:00,-5.7,68,7.1,0.0,846.7
2018-01-04 03:00:00,-6.1,69,7.3,0.0,846.4
2018-01-04 04:00:00,-5.8,67,6.4,0.0,846.3
2018-01-04 05:00:00,-5.5,65,2.6,0.0,846.3
2018-01-04 06:00:00,-6.0,68,3.0,0.0,846.0
2018-01-04 07:00:00,-6.5,72,1.1,0.0,846.2
2018-01-04 08:00:00,-7.4,82,2.1,0.0,846.0
2018-01-04 09:00:00,-7.4,82,4.2,22.0,846.4
2018-01-04 10:00:00,-6.4,74,4.7,154.0,847.0
2018-01-04 11:00:00,-5.4,69,6.6,301.0,847.1
2018-01-04 12:00:00,-4.3,63,6.1,447.0,846.9
2018-01-04 13:00:00,-3.2,58,4.8,512.0,845.9
2018-01-04 14:00:00,-1.9,52,5.2,527.0,844.6
2018-01-04 15:00:00,-0.6,47,5.6,477.0,843.6
2018-01-04 16:00:00,-0.0,45,5.1,368.0,843.3
2018-01-04 17:00:00,-0.3,46,3.7,215.0,843.1
2018-01-04 18:00:00,-1.4,51,4.5,56.0,842.6
2018-01-04 19:00:00,-4.2,63,8.5,0.0,841.7
2018-01-04 20:00:00,-6.0,72,8.7,0.0,842.1
2018-01-04 21:00:00,-4.7,65,0.8,0.0,843.9
2018-01-04 22:00:00,-5.0,67,2.2,0.0,844.3
2018-01-04 23:00:00,-5.4,69,2.2,0.0,844.8
2018-01-05 00:00:00,-5.9,70,2.6,0.0,844.6
2018-01-05 01:00:00,-6.1,70,1.8,0.0,844.4
2018-01-05 02:00:00,-6.5,72,1.8,0.0,843.8
2018-01-05 03:00:00,-6.9,74,1.9,0.0,843.4
2018-01-05 04:00:00,-7.2,75,2.3,0.0,843.3
2018-01-05 05:00:00,-8.4,79,5.8,0.0,842.3
2018-01-05 06:00:00,-8.4,80,6.3,0.0,842.2
2018-01-05 07:00:00,-9.0,84,6.9,0.0,842.1
2018-01-05 08:00:00,-8.4,88,5.4,0.0,843.4
2018-01-05 09:00:00,-8.5,83,7.6,15.0,844.2
2018-01-05 10:00:00,-7.9,77,7.3,115.0,844.9
2018-01-05 11:00:00,-6.9,72,4.6,289.0,844.9
2018-01-05 12:00:00,-5.8,65,4.1,432.0,844.6
2018-01-05 13:00:00,-4.5,59,2.5,517.0,843.2
2018-01-05 14:00:00,-2.9,52,3.8,524.0,841.6
2018-01-05 15:00:00,-1.6,46,2.6,476.0,840.7
2018-01-05 16:00:00,-0.7,42,3.3,371.0,840.4
2018-01-05 17:00:00,-1.1,47,6.1,217.0,840.2
2018-01-05 18:00:00,-4.9,65,9.1,57.0,838.9
2018-01-05 19:00:00,-4.9,66,7.4,0.0,839.7
2018-01-05 20:00:00,-4.6,66,9.0,0.0,840.9
2018-01-05 21:00:00,-4.5,67,12.6,0.0,843.1
2018-01-05 22:00:00,-4.2,65,13.2,0.0,844.9
2018-01-05 23:00:00,-4.4,66,14.3,0.0,845.5
2018-01-06 00:00:00,-4.9,65,12.2,0.0,846.4
2018-01-06 01:00:00,-5.3,62,9.8,0.0,846.5
2018-01-06 02:00:00,-5.7,58,6.4,0.0,846.7
2018-01-06 03:00:00,-6.2,59,4.9,0.0,846.7
2018-01-06 04:00:00,-6.6,58,1.4,0.0,846.7
2018-01-06 05:00:00,-7.0,58,2.5,0.0,846.7
2018-01-06 06:00:00,-7.6,63,1.1,0.0,846.7
2018-01-06 07:00:00,-7.6,63,2.2,0.0,847.3
2018-01-06 08:00:00,-8.2,68,2.5,0.0,847.6
2018-01-06 09:00:00,-7.9,67,3.6,16.0,848.6
2018-01-06 10:00:00,-7.1,58,1.8,130.0,849.3
2018-01-06 11:00:00,-6.1,50,3.8,274.0,849.8
2018-01-06 12:00:00,-4.7,43,6.7,415.0,849.9
2018-01-06 13:00:00,-3.9,40,8.9,468.0,848.5
2018-01-06 14:00:00,-3.0,37,11.3,473.0,847.7
2018-01-06 15:00:00,-2.7,37,13.4,440.0,847.3
2018-01-06 16:00:00,-3.5,39,13.5,317.0,847.0
2018-01-06 17:00:00,-4.3,41,13.0,203.0,847.2
2018-01-06 18:00:00,-6.2,47,8.9,56.0,846.9
2018-01-06 19:00:00,-7.0,50,7.3,0.0,847.6
2018-01-06 20:00:00,-6.7,49,12.6,0.0,848.9
2018-01-06 21:00:00,-7.4,49,15.3,0.0,850.1
2018-01-06 22:00:00,-7.9,48,14.5,0.0,850.9
2018-01-06 23:00:00,-8.2,47,10.0,0.0,851.0
2018-01-07 00:00:00,-8.7,47,5.9,0.0,851.2
2018-01-07 01:00:00,-9.0,49,5.1,0.0,851.0
2018-01-07 02:00:00,-9.3,52,3.0,0.0,851.2
2018-01-07 03:00:00,-9.4,54,4.5,0.0,850.9
2018-01-07 04:00:00,-9.6,57,2.9,0.0,850.6
2018-01-07 05:00:00,-10.0,60,3.5,0.0,849.9
2018-01-07 06:00:00,-10.1,60,4.2,0.0,849.9
2018-01-07 07:00:00,-10.4,61,4.1,0.0,850.0
2018-01-07 08:00:00,-11.7,67,3.6,0.0,850.3
2018-01-07 09:00:00,-10.9,62,3.6,17.0,851.3
2018-01-07 10:00:00,-10.0,55,5.3,126.0,851.9
2018-01-07 11:00:00,-8.7,48,8.0,307.0,852.8
2018-01-07 12:00:00,-7.8,41,12.0,371.0,852.5
2018-01-07 13:00:00,-6.7,32,13.8,486.0,851.8
2018-01-07 14:00:00,-5.9,30,17.5,509.0,851.0
2018-01-07 15:00:00,-6.0,31,17.1,448.0,851.1
2018-01-07 16:00:00,-6.4,31,18.8,298.0,851.1
2018-01-07 17:00:00,-7.3,32,15.8,205.0,852.2
2018-01-07 18:00:00,-8.4,38,9.9,49.0,852.9
2018-01-07 19:00:00,-9.1,40,4.7,0.0,853.9
2018-01-07 20:00:00,-9.8,46,5.4,0.0,855.1
2018-01-07 21:00:00,-9.1,44,7.2,0.0,856.3
2018-01-07 22:00:00,-9.4,44,13.0,0.0,856.5
2018-01-07 23:00:00,-9.2,41,9.4,0.0,856.7
2018-01-08 00:00:00,-9.6,41,4.7,0.0,856.4
2018-01-08 01:00:00,-9.8,40,3.3,0.0,856.2
2018-01-08 02:00:00,-9.8,42,3.2,0.0,856.3
2018-01-08 03:00:00,-10.9,50,5.8,0.0,856.3
2018-01-08 04:00:00,-12.5,60,7.3,0.0,855.3
2018-01-08 05:00:00,-11.3,56,5.0,0.0,855.6
2018-01-08 06:00:00,-11.5,56,2.8,0.0,855.6
2018-01-08 07:00:00,-11.7,58,1.9,0.0,855.6
2018-01-08 08:00:00,-12.5,67,2.9,0.0,855.6
2018-01-08 09:00:00,-12.8,69,2.6,24.0,855.8
2018-01-08 10:00:00,-11.3,61,4.6,170.0,856.9
2018-01-08 11:00:00,-9.4,51,4.3,340.0,857.2
2018-01-08 12:00:00,-7.1,41,3.3,475.0,856.5
2018-01-08 13:00:00,-4.9,33,3.2,552.0,855.0
2018-01-08 14:00:00,-3.3,28,3.8,565.0,853.4
2018-01-08 15:00:00,-2.2,23,5.2,513.0,852.5
2018-01-08 16:00:00,-1.8,20,5.6,399.0,852.3
2018-01-08 17:00:00,-2.2,20,1.1,238.0,852.0
2018-01-08 18:00:00,-5.2,26,6.6,68.0,850.6
2018-01-08 19:00:00,-7.5,33,9.2,0.0,850.2
2018-01-08 20:00:00,-5.9,30,5.9,0.0,852.2
2018-01-08 21:00:00,-7.1,29,5.4,0.0,852.4
2018-01-08 22:00:00,-7.7,27,4.0,0.0,852.7
2018-01-08 23:00:00,-8.8,30,4.0,0.0,852.5
2018-01-09 00:00:00,-9.4,33,4.0,0.0,852.9
2018-01-09 01:00:00,-11.0,42,2.3,0.0,852.4
2018-01-09 02:00:00,-12.6,57,4.7,0.0,851.8
2018-01-09 03:00:00,-12.5,60,5.2,0.0,852.0
2018-01-09 04:00:00,-11.9,56,3.5,0.0,852.9
2018-01-09 05:00:00,-12.1,57,3.9,0.0,853.3
2018-01-09 06:00:00,-12.3,56,4.0,0.0,853.5
2018-01-09 07:00:00,-12.3,54,3.1,0.0,854.5
2018-01-09 08:00:00,-13.0,56,2.8,0.0,855.5
2018-01-09 09:00:00,-13.3,56,3.4,24.0,856.0
2018-01-09 10:00:00,-11.5,41,3.6,171.0,857.6
2018-01-09 11:00:00,-8.8,28,5.2,342.0,858.7
2018-01-09 12:00:00,-6.5,24,3.3,476.0,858.4
2018-01-09 13:00:00,-4.6,21,0.4,554.0,857.2
2018-01-09 14:00:00,-2.6,19,1.0,567.0,856.1
2018-01-09 15:00:00,-1.3,18,0.7,515.0,855.4
2018-01-09 16:00:00,-0.9,17,0.8,401.0,854.5
2018-01-09 17:00:00,-1.4,18,4.1,240.0,854.2
2018-01-09 18:00:00,-6.2,26,10.0,70.0,852.0
2018-01-09 19:00:00,-7.2,27,10.2,0.0,852.1
2018-01-09 20:00:00,-4.6,21,4.4,0.0,855.0
2018-01-09 21:00:00,-5.2,21,6.3,0.0,855.8
2018-01-09 22:00:00,-5.7,21,2.8,0.0,856.5
2018-01-09 23:00:00,-6.4,24,1.8,0.0,856.9
2018-01-10 00:00:00,-7.3,27,3.6,0.0,856.8
2018-01-10 01:00:00,-9.0,33,5.2,0.0,856.0
2018-01-10 02:00:00,-10.3,39,6.2,0.0,855.6
2018-01-10 03:00:00,-11.0,43,6.4,0.0,855.5
2018-01-10 04:00:00,-11.5,46,5.9,0.0,855.3
2018-01-10 05:00:00,-10.7,42,4.3,0.0,855.8
2018-01-10 06:00:00,-11.0,43,2.7,0.0,855.9
2018-01-10 07:00:00,-11.2,44,2.6,0.0,856.1
2018-01-10 08:00:00,-11.9,46,4.0,0.0,856.5
2018-01-10 09:00:00,-12.0,47,2.4,25.0,856.9
2018-01-10 10:00:00,-10.0,38,3.7,172.0,858.4
2018-01-10 11:00:00,-7.7,30,5.2,342.0,859.3
2018-01-10 12:00:00,-5.4,25,4.4,476.0,858.6
2018-01-10 13:00:00,-3.4,22,3.0,555.0,857.2
2018-01-10 14:00:00,-1.8,19,1.5,569.0,856.2
2018-01-10 15:00:00,-0.7,19,0.8,516.0,855.2
2018-01-10 16:00:00,-0.2,19,0.8,403.0,854.7
2018-01-10 17:00:00,-0.8,20,3.3,243.0,854.2
2018-01-10 18:00:00,-4.9,27,8.2,72.0,851.7
2018-01-10 19:00:00,-2.6,23,5.4,0.0,853.7
2018-01-10 20:00:00,-3.0,22,7.2,0.0,854.0
2018-01-10 21:00:00,-3.7,23,7.0,0.0,854.9
2018-01-10 22:00:00,-3.7,21,5.1,0.0,855.6
2018-01-10 23:00:00,-4.1,21,5.9,0.0,855.8
2018-01-11 00:00:00,-7.4,27,7.9,0.0,854.2
2018-01-11 01:00:00,-6.5,26,3.3,0.0,855.0
2018-01-11 02:00:00,-7.9,30,5.5,0.0,854.5
2018-01-11 03:00:00,-8.3,32,4.0,0.0,855.0
2018-01-11 04:00:00,-9.3,36,4.3,0.0,854.8
2018-01-11 05:00:00,-9.9,38,4.5,0.0,854.6
2018-01-11 06:00:00,-9.9,38,0.4,0.0,855.1
2018-01-11 07:00:00,-10.0,37,1.3,0.0,855.4
2018-01-11 08:00:00,-11.0,42,1.1,0.0,856.6
2018-01-11 09:00:00,-11.2,42,1.8,25.0,857.1
2018-01-11 10:00:00,-9.5,36,2.9,172.0,858.2
2018-01-11 11:00:00,-6.9,29,3.7,342.0,859.4
2018-01-11 12:00:00,-4.2,23,3.9,477.0,858.9
2018-01-11 13:00:00,-2.1,19,4.9,555.0,857.3
2018-01-11 14:00:00,-0.5,17,4.3,569.0,855.9
2018-01-11 15:00:00,0.5,16,4.6,517.0,855.0
2018-01-11 16:00:00,0.8,16,5.1,403.0,854.4
2018-01-11 17:00:00,0.1,17,2.3,243.0,853.8
2018-01-11 18:00:00,-0.8,18,3.6,73.0,853.1
2018-01-11 19:00:00,-1.5,20,0.8,0.0,852.7
2018-01-11 20:00:00,-3.2,24,6.0,0.0,853.0
2018-01-11 21:00:00,-4.4,27,4.8,0.0,853.4
2018-01-11 22:00:00,-6.5,33,7.2,0.0,852.8
2018-01-11 23:00:00,-5.7,31,3.6,0.0,853.6
2018-01-12 00:00:00,-6.9,34,3.1,0.0,852.8
2018-01-12 01:00:00,-8.5,38,5.1,0.0,851.7
2018-01-12 02:00:00,-9.0,41,6.0,0.0,851.1
2018-01-12 03:00:00,-9.1,41,4.8,0.0,850.9
2018-01-12 04:00:00,-9.1,40,5.0,0.0,850.8
2018-01-12 05:00:00,-8.8,39,1.8,0.0,850.7
2018-01-12 06:00:00,-9.1,40,1.3,0.0,850.4
2018-01-12 07:00:00,-9.3,40,2.3,0.0,850.1
2018-01-12 08:00:00,-10.6,44,5.2,0.0,850.4
2018-01-12 09:00:00,-10.6,44,2.7,25.0,850.9
2018-01-12 10:00:00,-8.3,36,2.9,166.0,852.4
2018-01-12 11:00:00,-6.3,30,3.2,340.0,852.4
2018-01-12 12:00:00,-4.1,25,3.4,462.0,851.7
2018-01-12 13:00:00,-2.5,22,2.5,500.0,850.0
2018-01-12 14:00:00,-1.4,20,3.4,474.0,848.4
2018-01-12 15:00:00,-0.3,18,3.5,425.0,847.7
2018-01-12 16:00:00,0.4,17,3.6,322.0,846.8
2018-01-12 17:00:00,0.3,17,3.2,205.0,846.6
2018-01-12 18:00:00,-0.7,20,1.0,72.0,845.7
2018-01-12 19:00:00,-1.2,21,6.5,0.0,846.0
2018-01-12 20:00:00,-4.0,27,8.0,0.0,845.6
2018-01-12 21:00:00,-3.9,29,5.9,0.0,846.5
2018-01-12 22:00:00,-4.3,30,5.8,0.0,847.0
2018-01-12 23:00:00,-3.3,31,1.3,0.0,847.9
2018-01-13 00:00:00,-4.5,33,6.5,0.0,847.9
2018-01-13 01:00:00,-4.1,38,4.7,0.0,848.5
2018-01-13 02:00:00,-7.9,49,7.6,0.0,845.8
2018-01-13 03:00:00,-8.0,54,7.4,0.0,845.4
2018-01-13 04:00:00,-6.5,49,2.9,0.0,846.8
2018-01-13 05:00:00,-8.5,60,5.2,0.0,845.3
2018-01-13 06:00:00,-8.2,59,4.9,0.0,845.1
2018-01-13 07:00:00,-8.8,60,6.5,0.0,844.9
2018-01-13 08:00:00,-8.1,55,5.5,0.0,845.8
2018-01-13 09:00:00,-8.4,57,5.6,23.0,845.6
2018-01-13 10:00:00,-5.9,46,5.1,149.0,847.8
2018-01-13 11:00:00,-3.6,42,6.6,292.0,848.9
2018-01-13 12:00:00,-1.2,35,3.2,431.0,848.3
2018-01-13 13:00:00,1.2,27,8.8,525.0,847.3
2018-01-13 14:00:00,3.1,23,12.4,563.0,847.0
2018-01-13 15:00:00,2.7,27,20.9,519.0,847.4
2018-01-13 16:00:00,2.0,24,15.0,407.0,848.1
2018-01-13 17:00:00,1.3,25,3.8,250.0,848.0
2018-01-13 18:00:00,-0.0,29,6.5,78.0,847.1
2018-01-13 19:00:00,-0.7,32,3.4,0.0,847.1
2018-01-13 20:00:00,-2.0,38,0.4,0.0,847.1
2018-01-13 21:00:00,-6.0,48,7.4,0.0,846.2
2018-01-13 22:00:00,-4.1,40,2.9,0.0,848.3
2018-01-13 23:00:00,-5.3,44,2.6,0.0,848.4
2018-01-14 00:00:00,-7.2,51,4.0,0.0,847.5
2018-01-14 01:00:00,-7.5,50,4.4,0.0,847.2
2018-01-14 02:00:00,-7.7,50,4.7,0.0,847.0
2018-01-14 03:00:00,-7.2,46,4.8,0.0,847.1
2018-01-14 04:00:00,-7.2,42,4.8,0.0,847.1
2018-01-14 05:00:00,-8.0,43,2.2,0.0,846.5
2018-01-14 06:00:00,-8.4,45,0.8,0.0,846.2
2018-01-14 07:00:00,-8.5,45,2.3,0.0,846.4
2018-01-14 08:00:00,-9.5,52,4.1,0.0,846.7
2018-01-14 09:00:00,-9.9,54,3.7,25.0,846.8
2018-01-14 10:00:00,-7.6,46,3.9,172.0,848.7
2018-01-14 11:00:00,-5.6,37,3.4,341.0,849.9
2018-01-14 12:00:00,-3.6,32,4.1,476.0,849.3
2018-01-14 13:00:00,-2.1,30,3.7,554.0,847.7
2018-01-14 14:00:00,-0.8,27,4.7,569.0,846.0
2018-01-14 15:00:00,0.3,25,5.8,519.0,844.7
2018-01-14 16:00:00,1.2,28,5.6,407.0,843.5
2018-01-14 17:00:00,0.6,31,5.8,249.0,842.1
2018-01-14 18:00:00,-3.7,44,6.2,79.0,838.9
2018-01-14 19:00:00,-3.8,43,6.1,1.0,838.8
2018-01-14 20:00:00,-4.3,41,5.2,0.0,839.2
2018-01-14 21:00:00,-2.1,40,6.2,0.0,841.5
2018-01-14 22:00:00,-2.1,54,4.3,0.0,842.1
2018-01-14 23:00:00,-3.1,56,1.8,0.0,842.0
2018-01-15 00:00:00,-5.0,55,3.6,0.0,841.7
2018-01-15 01:00:00,-4.7,55,2.8,0.0,842.9
2018-01-15 02:00:00,-4.7,62,5.1,0.0,843.7
2018-01-15 03:00:00,-4.7,74,6.2,0.0,844.4
2018-01-15 04:00:00,-5.7,83,4.0,0.0,844.5
2018-01-15 05:00:00,-6.0,82,3.9,0.0,844.6
2018-01-15 06:00:00,-7.7,85,10.5,0.0,843.9
2018-01-15 07:00:00,-7.3,72,11.4,0.0,845.0
2018-01-15 08:00:00,-5.5,64,5.4,0.0,847.1
2018-01-15 09:00:00,-7.2,75,4.4,25.0,846.8
2018-01-15 10:00:00,-4.0,58,4.8,171.0,849.2
2018-01-15 11:00:00,-1.4,38,2.8,341.0,851.5
2018-01-15 12:00:00,0.6,25,6.1,454.0,851.6
2018-01-15 13:00:00,1.8,21,9.5,519.0,850.1
2018-01-15 14:00:00,1.7,22,7.9,487.0,849.8
2018-01-15 15:00:00,1.7,23,4.7,447.0,849.5
2018-01-15 16:00:00,1.8,22,5.1,353.0,849.3
2018-01-15 17:00:00,1.1,22,5.6,175.0,849.6
2018-01-15 18:00:00,-1.4,28,7.3,44.0,848.9
2018-01-15 19:00:00,-2.2,30,7.4,1.0,849.1
2018-01-15 20:00:00,-1.2,28,5.0,0.0,850.3
2018-01-15 21:00:00,-3.4,34,7.3,0.0,849.0
2018-01-15 22:00:00,-3.7,35,6.6,0.0,849.3
2018-01-15 23:00:00,-4.2,36,5.9,0.0,848.9
2018-01-16 00:00:00,-4.0,36,4.8,0.0,848.3
2018-01-16 01:00:00,-4.6,37,7.1,0.0,847.6
2018-01-16 02:00:00,-4.1,35,5.6,0.0,847.4
2018-01-16 03:00:00,-4.2,35,5.8,0.0,846.7
2018-01-16 04:00:00,-4.3,35,5.8,0.0,845.0
2018-01-16 05:00:00,-5.3,39,7.5,0.0,843.4
2018-01-16 06:00:00,-6.4,45,6.2,0.0,842.1
2018-01-16 07:00:00,-7.0,48,7.3,0.0,841.0
2018-01-16 08:00:00,-6.4,49,7.3,0.0,842.4
2018-01-16 09:00:00,-6.3,49,4.1,26.0,842.0
2018-01-16 10:00:00,-3.5,42,7.6,175.0,843.2
2018-01-16 11:00:00,-0.4,36,9.4,347.0,843.0
2018-01-16 12:00:00,2.9,28,9.0,483.0,842.4
2018-01-16 13:00:00,5.6,24,8.0,563.0,840.5
2018-01-16 14:00:00,7.1,22,9.0,580.0,839.0
2018-01-16 15:00:00,7.6,21,9.3,529.0,837.9
2018-01-16 16:00:00,7.1,22,10.4,419.0,837.3
2018-01-16 17:00:00,4.6,25,6.1,260.0,836.4
2018-01-16 18:00:00,4.1,25,7.6,86.0,836.0
2018-01-16 19:00:00,3.2,26,7.7,1.0,836.1
2018-01-16 20:00:00,2.3,29,5.9,0.0,836.1
2018-01-16 21:00:00,-0.7,36,11.8,0.0,835.9
2018-01-16 22:00:00,-2.1,37,13.8,0.0,841.6
2018-01-16 23:00:00,-5.0,38,11.0,0.0,842.0
2018-01-17 00:00:00,-5.1,40,9.8,0.0,843.2
2018-01-17 01:00:00,-5.4,43,8.0,0.0,844.7
2018-01-17 02:00:00,-5.4,43,6.0,0.0,845.5
2018-01-17 03:00:00,-5.7,44,5.1,0.0,846.4
2018-01-17 04:00:00,-6.6,47,3.8,0.0,846.3
2018-01-17 05:00:00,-7.7,52,3.0,0.0,846.4
2018-01-17 06:00:00,-8.0,53,4.1,0.0,846.8
2018-01-17 07:00:00,-8.3,54,4.0,0.0,847.5
2018-01-17 08:00:00,-9.6,61,7.4,0.0,847.8
2018-01-17 09:00:00,-7.6,52,5.1,25.0,850.3
2018-01-17 10:00:00,-6.5,46,3.4,172.0,851.4
2018-01-17 11:00:00,-5.5,43,3.7,337.0,851.8
2018-01-17 12:00:00,-4.1,38,5.8,470.0,851.8
2018-01-17 13:00:00,-2.5,34,4.9,535.0,850.7
2018-01-17 14:00:00,-1.5,31,2.8,529.0,849.2
2018-01-17 15:00:00,-0.8,30,2.3,478.0,848.0
2018-01-17 16:00:00,-0.4,29,1.1,404.0,847.1
2018-01-17 17:00:00,-0.4,30,5.2,218.0,846.7
2018-01-17 18:00:00,-3.6,42,8.4,81.0,845.0
2018-01-17 19:00:00,-4.8,45,9.7,1.0,844.9
2018-01-17 20:00:00,-3.5,41,7.6,0.0,846.5
2018-01-17 21:00:00,-3.5,41,4.8,0.0,847.8
2018-01-17 22:00:00,-5.6,47,7.8,0.0,846.9
2018-01-17 23:00:00,-4.5,42,4.1,0.0,848.3
2018-01-18 00:00:00,-5.5,44,5.5,0.0,848.3
2018-01-18 01:00:00,-5.2,43,4.0,0.0,848.6
2018-01-18 02:00:00,-5.2,43,4.0,0.0,848.9
2018-01-18 03:00:00,-4.9,42,2.9,0.0,849.6
2018-01-18 04:00:00,-5.1,43,2.8,0.0,848.9
2018-01-18 05:00:00,-5.4,44,3.6,0.0,848.8
2018-01-18 06:00:00,-5.5,44,3.1,0.0,849.1
2018-01-18 07:00:00,-5.8,45,4.1,0.0,849.7
2018-01-18 08:00:00,-5.6,45,4.6,0.0,849.9
2018-01-18 09:00:00,-5.6,45,3.6,24.0,850.4
2018-01-18 10:00:00,-3.7,39,1.9,160.0,851.9
2018-01-18 11:00:00,-1.7,34,3.8,310.0,852.6
2018-01-18 12:00:00,0.0,31,6.5,405.0,852.6
2018-01-18 13:00:00,1.3,29,7.2,435.0,851.7
2018-01-18 14:00:00,1.5,30,5.2,338.0,850.6
2018-01-18 15:00:00,1.8,30,3.6,318.0,850.5
2018-01-18 16:00:00,2.1,29,1.8,330.0,850.5
2018-01-18 17:00:00,1.3,30,3.2,172.0,850.5
2018-01-18 18:00:00,-2.0,40,6.9,71.0,849.0
2018-01-18 19:00:00,-2.9,45,7.4,1.0,849.2
2018-01-18 20:00:00,-0.4,38,5.0,0.0,851.1
2018-01-18 21:00:00,-0.7,38,2.5,0.0,851.5
2018-01-18 22:00:00,-2.6,44,7.4,0.0,851.3
2018-01-18 23:00:00,-4.5,47,7.9,0.0,851.4
2018-01-19 00:00:00,-5.3,45,5.4,0.0,851.9
2018-01-19 01:00:00,-5.5,44,6.3,0.0,851.9
2018-01-19 02:00:00,-5.7,44,4.9,0.0,851.8
2018-01-19 03:00:00,-5.3,41,2.1,0.0,852.2
2018-01-19 04:00:00,-5.5,42,1.1,0.0,851.6
2018-01-19 05:00:00,-7.2,48,4.3,0.0,850.1
2018-01-19 06:00:00,-7.1,47,4.2,0.0,849.9
2018-01-19 07:00:00,-6.7,45,3.3,0.0,850.0
2018-01-19 08:00:00,-7.2,47,2.1,0.0,850.8
2018-01-19 09:00:00,-6.9,45,4.5,27.0,851.2
2018-01-19 10:00:00,-5.6,42,1.9,177.0,852.4
2018-01-19 11:00:00,-3.5,39,2.3,348.0,852.7
2018-01-19 12:00:00,-1.3,35,2.5,484.0,852.1
2018-01-19 13:00:00,0.5,32,2.9,565.0,850.8
2018-01-19 14:00:00,2.0,29,3.4,582.0,849.3
2018-01-19 15:00:00,3.6,26,4.0,533.0,848.3
2018-01-19 16:00:00,4.2,25,7.1,424.0,847.8
2018-01-19 17:00:00,3.5,29,6.6,266.0,847.3
2018-01-19 18:00:00,-1.6,42,11.2,93.0,845.1
2018-01-19 19:00:00,-3.6,50,11.3,2.0,845.5
2018-01-19 20:00:00,-1.5,41,7.1,0.0,848.1
2018-01-19 21:00:00,-3.8,46,7.3,0.0,848.0
2018-01-19 22:00:00,-4.9,47,7.1,0.0,848.1
2018-01-19 23:00:00,-5.1,46,6.2,0.0,848.6
2018-01-20 00:00:00,-5.4,46,5.8,0.0,848.8
2018-01-20 01:00:00,-6.0,46,5.9,0.0,848.5
2018-01-20 02:00:00,-6.4,46,6.1,0.0,848.1
2018-01-20 03:00:00,-6.4,46,4.7,0.0,848.2
2018-01-20 04:00:00,-6.8,48,5.9,0.0,847.8
2018-01-20 05:00:00,-6.9,48,5.8,0.0,847.5
2018-01-20 06:00:00,-7.5,50,6.0,0.0,847.4
2018-01-20 07:00:00,-7.3,50,5.1,0.0,848.0
2018-01-20 08:00:00,-6.8,49,5.0,0.0,849.6
2018-01-20 09:00:00,-7.1,49,1.6,28.0,850.1
2018-01-20 10:00:00,-5.5,43,1.9,178.0,851.6
2018-01-20 11:00:00,-3.2,36,3.1,339.0,852.5
2018-01-20 12:00:00,-1.0,31,4.1,470.0,852.2
2018-01-20 13:00:00,0.4,29,4.1,534.0,850.7
2018-01-20 14:00:00,1.1,29,4.1,495.0,849.3
2018-01-20 15:00:00,1.7,29,3.2,466.0,848.2
2018-01-20 16:00:00,2.1,29,4.4,364.0,847.7
2018-01-20 17:00:00,1.9,31,5.2,223.0,847.2
2018-01-20 18:00:00,1.2,34,6.6,77.0,846.8
2018-01-20 19:00:00,-0.7,39,8.6,2.0,846.5
2018-01-20 20:00:00,-1.5,41,8.8,0.0,846.8
2018-01-20 21:00:00,-2.8,46,7.6,0.0,846.6
2018-01-20 22:00:00,-0.7,39,3.0,0.0,848.2
2018-01-20 23:00:00,-2.4,44,4.0,0.0,847.5
2018-01-21 00:00:00,-3.0,46,5.3,0.0,847.3
2018-01-21 01:00:00,-2.5,44,4.3,0.0,847.8
2018-01-21 02:00:00,-2.9,45,4.5,0.0,847.2
2018-01-21 03:00:00,-3.0,43,4.6,0.0,847.1
2018-01-21 04:00:00,-3.9,44,6.2,0.0,846.1
2018-01-21 05:00:00,-4.7,44,7.1,0.0,845.6
2018-01-21 06:00:00,-5.2,42,6.6,0.0,846.1
2018-01-21 07:00:00,-4.3,44,6.2,0.0,848.0
2018-01-21 08:00:00,-6.3,51,8.4,0.0,847.4
2018-01-21 09:00:00,-4.1,42,4.4,28.0,848.9
2018-01-21 10:00:00,-2.0,40,5.7,167.0,850.4
2018-01-21 11:00:00,-0.4,38,7.4,344.0,850.4
2018-01-21 12:00:00,1.3,33,6.4,474.0,849.6
2018-01-21 13:00:00,2.6,28,6.6,572.0,847.9
2018-01-21 14:00:00,3.6,26,7.6,590.0,846.0
2018-01-21 15:00:00,4.6,24,8.3,543.0,844.3
2018-01-21 16:00:00,5.3,23,10.7,434.0,843.4
2018-01-21 17:00:00,4.7,26,7.5,275.0,842.7
2018-01-21 18:00:00,4.2,27,7.9,99.0,842.9
2018-01-21 19:00:00,-1.6,46,10.5,3.0,840.9
2018-01-21 20:00:00,-1.7,49,10.0,0.0,843.1
2018-01-21 21:00:00,-3.0,50,10.0,0.0,843.7
2018-01-21 22:00:00,-0.6,40,5.0,0.0,845.8
2018-01-21 23:00:00,-1.2,42,1.8,0.0,846.0
2018-01-22 00:00:00,-3.5,51,3.2,0.0,844.9
2018-01-22 01:00:00,-3.0,49,2.2,0.0,845.4
2018-01-22 02:00:00,-3.7,51,1.8,0.0,845.0
2018-01-22 03:00:00,-4.4,54,1.8,0.0,844.7
2018-01-22 04:00:00,-6.3,61,4.2,0.0,843.6
2018-01-22 05:00:00,-6.7,61,5.4,0.0,843.5
2018-01-22 06:00:00,-6.9,61,5.8,0.0,843.5
2018-01-22 07:00:00,-7.1,61,4.8,0.0,844.0
2018-01-22 08:00:00,-8.6,68,6.4,0.0,845.0
2018-01-22 09:00:00,-7.1,59,6.6,29.0,846.8
2018-01-22 10:00:00,-5.1,51,4.7,181.0,848.4
2018-01-22 11:00:00,-2.9,44,3.9,353.0,849.1
2018-01-22 12:00:00,-1.0,39,4.4,494.0,848.6
2018-01-22 13:00:00,0.5,36,4.0,576.0,847.3
2018-01-22 14:00:00,1.6,33,3.4,595.0,845.9
2018-01-22 15:00:00,2.2,31,1.0,549.0,845.2
2018-01-22 16:00:00,2.5,30,1.8,439.0,844.3
2018-01-22 17:00:00,1.9,32,3.1,281.0,843.6
2018-01-22 18:00:00,0.6,36,4.6,104.0,842.6
2018-01-22 19:00:00,-0.1,40,3.7,3.0,842.7
2018-01-22 20:00:00,0.1,41,6.5,0.0,844.0
2018-01-22 21:00:00,-2.3,54,8.0,0.0,844.6
2018-01-22 22:00:00,-3.0,44,7.2,0.0,846.0
2018-01-22 23:00:00,-3.1,40,5.9,0.0,847.2
2018-01-23 00:00:00,-4.3,43,5.2,0.0,846.7
2018-01-23 01:00:00,-5.0,46,5.3,0.0,846.5
2018-01-23 02:00:00,-5.3,47,5.6,0.0,846.2
2018-01-23 03:00:00,-5.5,48,5.0,0.0,846.2
2018-01-23 04:00:00,-6.7,52,5.2,0.0,845.1
2018-01-23 05:00:00,-6.7,52,3.9,0.0,844.8
2018-01-23 06:00:00,-7.1,54,3.9,0.0,844.4
2018-01-23 07:00:00,-7.1,54,3.8,0.0,844.2
2018-01-23 08:00:00,-8.1,58,5.4,0.0,844.4
2018-01-23 09:00:00,-7.3,55,4.4,29.0,845.2
2018-01-23 10:00:00,-5.4,50,4.0,183.0,846.8
2018-01-23 11:00:00,-3.3,47,5.8,355.0,847.2
2018-01-23 12:00:00,-2.0,46,2.5,489.0,846.7
2018-01-23 13:00:00,-0.7,47,0.7,569.0,845.6
2018-01-23 14:00:00,0.6,45,0.8,589.0,844.2
2018-01-23 15:00:00,2.1,40,3.2,543.0,843.5
2018-01-23 16:00:00,3.3,34,7.5,435.0,843.6
2018-01-23 17:00:00,3.1,37,10.2,280.0,844.1
2018-01-23 18:00:00,-0.9,49,9.4,104.0,842.8
2018-01-23 19:00:00,-2.2,53,8.7,3.0,844.0
2018-01-23 20:00:00,-4.5,54,11.6,0.0,843.6
2018-01-23 21:00:00,-4.5,47,7.0,0.0,844.8
2018-01-23 22:00:00,-5.1,46,6.3,0.0,845.2
2018-01-23 23:00:00,-5.6,47,5.2,0.0,845.3
2018-01-24 00:00:00,-5.7,47,5.2,0.0,845.5
2018-01-24 01:00:00,-5.9,47,5.0,0.0,845.2
2018-01-24 02:00:00,-6.2,48,5.4,0.0,844.7
2018-01-24 03:00:00,-6.4,48,6.7,0.0,844.2
2018-01-24 04:00:00,-6.3,47,6.2,0.0,844.0
2018-01-24 05:00:00,-6.5,47,5.9,0.0,843.1
2018-01-24 06:00:00,-6.1,47,4.1,0.0,843.2
2018-01-24 07:00:00,-5.4,45,6.2,0.0,843.7
2018-01-24 08:00:00,-6.0,50,4.9,0.0,843.9
2018-01-24 09:00:00,-5.6,50,4.7,14.0,844.0
2018-01-24 10:00:00,-4.9,50,4.2,80.0,844.0
2018-01-24 11:00:00,-4.0,51,5.0,146.0,844.1
2018-01-24 12:00:00,-3.4,55,5.1,159.0,843.7
2018-01-24 13:00:00,-2.4,58,5.6,247.0,842.1
2018-01-24 14:00:00,-1.7,58,6.7,219.0,841.4
2018-01-24 15:00:00,-0.8,57,5.9,185.0,840.9
2018-01-24 16:00:00,0.1,58,5.5,140.0,840.9
2018-01-24 17:00:00,-0.8,64,16.7,87.0,841.2
2018-01-24 18:00:00,-2.8,66,19.5,28.0,842.1
2018-01-24 19:00:00,-4.1,68,18.8,1.0,843.6
2018-01-24 20:00:00,-4.5,67,13.5,0.0,844.5
2018-01-24 21:00:00,-4.6,65,8.5,0.0,845.6
2018-01-24 22:00:00,-4.8,66,9.0,0.0,846.4
2018-01-24 23:00:00,-5.2,67,10.6,0.0,846.9
2018-01-25 00:00:00,-5.8,65,11.2,0.0,847.3
2018-01-25 01:00:00,-6.3,62,9.4,0.0,847.8
2018-01-25 02:00:00,-6.8,61,7.0,0.0,848.1
2018-01-25 03:00:00,-7.2,61,7.2,0.0,848.2
2018-01-25 04:00:00,-7.5,62,6.9,0.0,848.1
2018-01-25 05:00:00,-7.8,62,7.2,0.0,847.3
2018-01-25 06:00:00,-8.5,64,8.6,0.0,847.1
2018-01-25 07:00:00,-8.7,63,6.8,0.0,847.5
2018-01-25 08:00:00,-9.9,69,4.7,0.0,847.3
2018-01-25 09:00:00,-9.3,66,4.4,28.0,848.4
2018-01-25 10:00:00,-8.5,63,3.6,144.0,849.2
2018-01-25 11:00:00,-7.0,63,2.9,325.0,849.5
2018-01-25 12:00:00,-5.5,59,5.0,433.0,849.1
2018-01-25 13:00:00,-3.7,51,7.1,580.0,847.6
2018-01-25 14:00:00,-2.4,47,6.3,605.0,846.6
2018-01-25 15:00:00,-1.4,45,4.8,557.0,845.7
2018-01-25 16:00:00,-0.5,43,4.0,448.0,845.1
2018-01-25 17:00:00,-0.1,41,4.7,289.0,845.0
2018-01-25 18:00:00,-3.2,53,8.2,112.0,843.7
2018-01-25 19:00:00,-4.3,58,7.8,5.0,844.6
2018-01-25 20:00:00,-5.2,60,7.4,0.0,845.7
2018-01-25 21:00:00,-5.7,62,6.6,0.0,846.5
2018-01-25 22:00:00,-5.6,61,5.9,0.0,847.1
2018-01-25 23:00:00,-5.3,59,2.1,0.0,847.5
2018-01-26 00:00:00,-5.8,61,0.7,0.0,847.2
2018-01-26 01:00:00,-7.0,66,5.4,0.0,847.3
2018-01-26 02:00:00,-6.6,63,3.2,0.0,846.9
2018-01-26 03:00:00,-7.8,69,4.6,0.0,845.8
2018-01-26 04:00:00,-8.1,68,4.3,0.0,845.4
2018-01-26 05:00:00,-7.7,65,3.3,0.0,845.0
2018-01-26 06:00:00,-9.0,69,3.7,0.0,843.9
2018-01-26 07:00:00,-8.8,67,0.8,0.0,844.0
2018-01-26 08:00:00,-9.6,73,0.5,0.0,844.2
2018-01-26 09:00:00,-9.2,70,1.8,28.0,844.8
2018-01-26 10:00:00,-7.5,64,4.2,93.0,845.6
2018-01-26 11:00:00,-6.1,63,2.8,251.0,845.8
2018-01-26 12:00:00,-4.6,58,0.0,379.0,845.4
2018-01-26 13:00:00,-3.4,52,1.5,554.0,844.3
2018-01-26 14:00:00,-2.5,48,0.8,588.0,843.3
2018-01-26 15:00:00,-1.6,44,2.6,553.0,842.2
2018-01-26 16:00:00,-0.9,43,2.3,430.0,841.6
2018-01-26 17:00:00,-0.3,42,2.7,256.0,841.5
2018-01-26 18:00:00,-0.7,44,5.4,100.0,841.4
2018-01-26 19:00:00,-3.9,58,7.9,4.0,840.8
2018-01-26 20:00:00,-4.4,58,6.8,0.0,841.4
2018-01-26 21:00:00,-4.6,59,6.0,0.0,842.4
2018-01-26 22:00:00,-4.7,60,5.2,0.0,843.3
2018-01-26 23:00:00,-4.6,60,3.6,0.0,844.0
2018-01-27 00:00:00,-4.5,60,3.3,0.0,844.5
2018-01-27 01:00:00,-4.5,61,4.1,0.0,845.1
2018-01-27 02:00:00,-4.6,64,7.4,0.0,845.7
2018-01-27 03:00:00,-4.6,67,11.5,0.0,846.4
2018-01-27 04:00:00,-5.0,65,11.5,0.0,846.5
2018-01-27 05:00:00,-5.4,63,4.7,0.0,846.7
2018-01-27 06:00:00,-5.8,64,2.3,0.0,846.7
2018-01-27 07:00:00,-6.0,65,1.1,0.0,847.3
2018-01-27 08:00:00,-6.5,67,1.8,0.0,847.2
2018-01-27 09:00:00,-6.4,66,5.4,17.0,848.4
2018-01-27 10:00:00,-6.2,65,6.5,71.0,849.1
2018-01-27 11:00:00,-5.2,62,7.1,191.0,849.6
2018-01-27 12:00:00,-4.0,56,11.0,355.0,849.7
2018-01-27 13:00:00,-3.3,50,11.1,432.0,848.9
2018-01-27 14:00:00,-2.1,42,10.6,555.0,847.6
2018-01-27 15:00:00,-2.3,40,14.4,508.0,847.2
2018-01-27 16:00:00,-2.4,39,16.0,456.0,847.6
2018-01-27 17:00:00,-3.4,42,15.0,292.0,847.8
2018-01-27 18:00:00,-5.1,46,10.5,118.0,848.3
2018-01-27 19:00:00,-6.9,49,8.1,6.0,849.2
2018-01-27 20:00:00,-8.3,54,8.2,0.0,849.3
2018-01-27 21:00:00,-7.8,51,11.4,0.0,851.0
2018-01-27 22:00:00,-8.5,52,15.0,0.0,852.1
2018-01-27 23:00:00,-9.0,53,12.6,0.0,852.7
2018-01-28 00:00:00,-9.7,55,10.6,0.0,853.7
2018-01-28 01:00:00,-10.1,57,11.0,0.0,854.1
2018-01-28 02:00:00,-10.8,56,10.5,0.0,853.9
2018-01-28 03:00:00,-11.0,57,8.6,0.0,854.3
2018-01-28 04:00:00,-11.3,58,7.6,0.0,854.1
2018-01-28 05:00:00,-11.7,61,10.5,0.0,853.9
2018-01-28 06:00:00,-12.0,61,11.4,0.0,854.1
2018-01-28 07:00:00,-12.5,60,11.4,0.0,854.7
2018-01-28 08:00:00,-13.1,62,11.1,0.0,855.3
2018-01-28 09:00:00,-13.2,59,10.7,18.0,856.2
2018-01-28 10:00:00,-12.7,56,9.0,114.0,857.3
2018-01-28 11:00:00,-11.4,52,5.7,280.0,857.7
2018-01-28 12:00:00,-9.9,48,1.5,447.0,857.3
2018-01-28 13:00:00,-8.4,44,1.5,568.0,856.4
2018-01-28 14:00:00,-7.6,42,2.5,569.0,855.2
2018-01-28 15:00:00,-7.2,41,2.2,509.0,853.7
2018-01-28 16:00:00,-6.7,41,0.7,425.0,853.5
2018-01-28 17:00:00,-6.6,41,1.3,223.0,853.1
2018-01-28 18:00:00,-6.5,40,6.5,76.0,853.5
2018-01-28 19:00:00,-7.9,43,13.6,6.0,854.1
2018-01-28 20:00:00,-9.1,49,11.4,0.0,855.5
2018-01-28 21:00:00,-9.6,48,11.9,0.0,856.0
2018-01-28 22:00:00,-10.5,49,10.3,0.0,856.5
2018-01-28 23:00:00,-11.0,50,7.3,0.0,856.3
2018-01-29 00:00:00,-11.6,51,5.8,0.0,856.1
2018-01-29 01:00:00,-12.5,54,6.9,0.0,855.8
2018-01-29 02:00:00,-12.9,54,6.4,0.0,855.5
2018-01-29 03:00:00,-13.5,56,3.7,0.0,855.4
2018-01-29 04:00:00,-14.0,59,2.1,0.0,853.4
2018-01-29 05:00:00,-14.1,60,6.9,0.0,853.1
2018-01-29 06:00:00,-14.1,62,2.3,0.0,852.7
2018-01-29 07:00:00,-14.3,63,1.0,0.0,852.5
2018-01-29 08:00:00,-15.9,74,3.6,0.0,852.7
2018-01-29 09:00:00,-14.5,67,3.4,37.0,853.5
2018-01-29 10:00:00,-13.1,63,7.4,193.0,854.2
2018-01-29 11:00:00,-11.3,57,1.1,381.0,854.3
2018-01-29 12:00:00,-9.4,50,1.8,495.0,853.6
2018-01-29 13:00:00,-7.6,46,2.8,584.0,852.5
2018-01-29 14:00:00,-5.9,42,3.0,615.0,851.2
2018-01-29 15:00:00,-4.7,39,5.5,584.0,850.1
2018-01-29 16:00:00,-4.0,39,9.2,474.0,849.6
2018-01-29 17:00:00,-4.1,41,11.4,312.0,849.2
2018-01-29 18:00:00,-5.7,45,14.2,126.0,849.0
2018-01-29 19:00:00,-6.8,49,11.2,7.0,849.5
2018-01-29 20:00:00,-8.2,52,21.6,0.0,851.9
2018-01-29 21:00:00,-9.3,54,16.9,0.0,853.2
2018-01-29 22:00:00,-9.3,52,10.5,0.0,854.0
2018-01-29 23:00:00,-9.7,51,8.2,0.0,854.3
2018-01-30 00:00:00,-10.1,51,8.4,0.0,854.1
2018-01-30 01:00:00,-10.4,51,5.4,0.0,853.8
2018-01-30 02:00:00,-10.9,49,8.4,0.0,853.9
2018-01-30 03:00:00,-11.2,47,4.0,0.0,853.2
2018-01-30 04:00:00,-11.5,46,4.8,0.0,852.9
2018-01-30 05:00:00,-11.9,44,9.8,0.0,852.4
2018-01-30 06:00:00,-12.1,42,2.9,0.0,852.5
2018-01-30 07:00:00,-12.3,41,6.3,0.0,853.0
2018-01-30 08:00:00,-12.8,48,3.7,0.0,853.9
2018-01-30 09:00:00,-12.8,48,2.4,27.0,854.1
2018-01-30 10:00:00,-11.8,44,0.4,174.0,855.0
2018-01-30 11:00:00,-10.3,40,2.3,279.0,856.3
2018-01-30 12:00:00,-9.0,40,5.8,362.0,856.9
2018-01-30 13:00:00,-7.1,38,12.6,453.0,856.5
2018-01-30 14:00:00,-7.1,40,15.3,431.0,855.8
2018-01-30 15:00:00,-6.9,42,13.5,405.0,855.6
2018-01-30 16:00:00,-7.2,44,17.3,301.0,855.7
2018-01-30 17:00:00,-7.4,45,13.6,211.0,856.7
2018-01-30 18:00:00,-8.6,49,13.0,76.0,857.6
2018-01-30 19:00:00,-9.6,52,12.4,6.0,858.6
2018-01-30 20:00:00,-10.4,56,7.4,0.0,859.7
2018-01-30 21:00:00,-10.6,56,13.0,0.0,860.7
2018-01-30 22:00:00,-11.4,55,13.0,0.0,860.7
2018-01-30 23:00:00,-10.8,49,7.6,0.0,860.9
2018-01-31 00:00:00,-11.4,52,0.8,0.0,860.5
2018-01-31 01:00:00,-11.8,54,2.6,0.0,859.9
2018-01-31 02:00:00,-12.2,56,1.5,0.0,859.4
2018-01-31 03:00:00,-12.5,57,1.9,0.0,858.5
2018-01-31 04:00:00,-12.6,58,4.3,0.0,858.0
2018-01-31 05:00:00,-13.0,59,4.0,0.0,857.1
2018-01-31 06:00:00,-13.4,62,4.6,0.0,856.7
2018-01-31 07:00:00,-13.7,66,4.8,0.0,856.4
2018-01-31 08:00:00,-14.4,73,4.8,0.0,856.6
2018-01-31 09:00:00,-14.3,73,4.8,42.0,856.8
2018-01-31 10:00:00,-12.7,65,5.1,215.0,857.7
2018-01-31 11:00:00,-10.8,56,4.5,401.0,857.6
2018-01-31 12:00:00,-8.5,47,4.2,549.0,856.8
2018-01-31 13:00:00,-6.2,39,4.3,638.0,855.5
2018-01-31 14:00:00,-4.5,34,3.9,659.0,853.8
2018-01-31 15:00:00,-3.3,32,4.0,611.0,852.8
2018-01-31 16:00:00,-2.7,30,4.3,498.0,851.9
2018-01-31 17:00:00,-2.5,28,2.2,333.0,851.6
2018-01-31 18:00:00,-3.1,29,1.0,140.0,851.1
2018-01-31 19:00:00,-4.0,31,2.5,9.0,850.6
2018-01-31 20:00:00,-5.0,31,5.7,0.0,850.3
2018-01-31 21:00:00,-7.4,37,7.4,0.0,849.9
2018-01-31 22:00:00,-7.0,37,5.6,0.0,850.3
2018-01-31 23:00:00,-7.2,38,3.6,0.0,850.1
2018-02-01 00:00:00,-8.2,40,3.3,0.0,849.7
2018-02-01 01:00:00,-9.4,43,4.1,0.0,849.3
2018-02-01 02:00:00,-9.7,43,4.4,0.0,849.2
2018-02-01 03:00:00,-9.8,42,4.1,0.0,850.4
2018-02-01 04:00:00,-9.7,42,6.1,0.0,850.8
2018-02-01 05:00:00,-10.7,45,5.3,0.0,850.1
2018-02-01 06:00:00,-11.9,49,5.4,0.0,849.1
2018-02-01 07:00:00,-12.5,48,4.0,0.0,849.8
2018-02-01 08:00:00,-15.7,61,8.0,0.0,849.2
2018-02-01 09:00:00,-13.0,49,6.6,44.0,851.8
2018-02-01 10:00:00,-10.5,38,5.8,217.0,854.2
2018-02-01 11:00:00,-8.5,31,3.8,398.0,855.0
2018-02-01 12:00:00,-6.6,28,2.5,547.0,855.2
2018-02-01 13:00:00,-4.9,26,1.1,635.0,854.6
2018-02-01 14:00:00,-3.7,23,2.9,643.0,854.1
2018-02-01 15:00:00,-2.8,22,7.1,604.0,853.8
2018-02-01 16:00:00,-2.7,23,12.3,495.0,854.3
2018-02-01 17:00:00,-3.4,25,15.0,331.0,854.9
2018-02-01 18:00:00,-5.0,31,12.3,141.0,855.8
2018-02-01 19:00:00,-7.0,36,9.2,10.0,856.9
2018-02-01 20:00:00,-9.2,44,12.1,0.0,857.2
2018-02-01 21:00:00,-7.7,38,5.6,0.0,859.6
2018-02-01 22:00:00,-8.2,38,5.2,0.0,860.9
2018-02-01 23:00:00,-8.4,36,6.5,0.0,861.3
2018-02-02 00:00:00,-8.9,36,5.4,0.0,861.9
2018-02-02 01:00:00,-9.3,36,5.8,0.0,862.6
2018-02-02 02:00:00,-9.9,35,7.5,0.0,862.2
2018-02-02 03:00:00,-10.6,37,6.9,0.0,862.1
2018-02-02 04:00:00,-11.2,38,7.3,0.0,861.7
2018-02-02 05:00:00,-11.7,38,5.8,0.0,861.3
2018-02-02 06:00:00,-12.3,40,2.4,0.0,861.2
2018-02-02 07:00:00,-13.1,42,1.8,0.0,861.2
2018-02-02 08:00:00,-15.4,55,6.6,0.0,860.4
2018-02-02 09:00:00,-14.8,51,4.6,45.0,861.3
2018-02-02 10:00:00,-13.2,44,4.5,217.0,862.7
2018-02-02 11:00:00,-11.5,39,3.0,394.0,862.6
2018-02-02 12:00:00,-9.8,36,2.1,516.0,861.9
2018-02-02 13:00:00,-8.2,34,2.1,594.0,860.6
2018-02-02 14:00:00,-6.8,33,3.3,639.0,858.8
2018-02-02 15:00:00,-5.7,32,3.3,603.0,857.6
2018-02-02 16:00:00,-5.0,31,2.6,495.0,856.7
2018-02-02 17:00:00,-4.6,30,1.8,331.0,856.3
2018-02-02 18:00:00,-4.8,31,0.8,142.0,855.8
2018-02-02 19:00:00,-7.8,38,8.3,11.0,854.9
2018-02-02 20:00:00,-8.5,41,11.2,0.0,854.3
2018-02-02 21:00:00,-7.9,39,7.3,0.0,855.5
2018-02-02 22:00:00,-7.7,38,5.2,0.0,856.4
2018-02-02 23:00:00,-8.1,39,4.5,0.0,856.8
2018-02-03 00:00:00,-8.9,41,4.9,0.0,856.5
2018-02-03 01:00:00,-9.6,43,3.8,0.0,856.3
2018-02-03 02:00:00,-10.0,43,3.4,0.0,856.5
2018-02-03 03:00:00,-10.4,44,3.6,0.0,856.4
2018-02-03 04:00:00,-10.9,45,3.7,0.0,856.2
2018-02-03 05:00:00,-11.7,47,3.9,0.0,855.4
2018-02-03 06:00:00,-12.5,50,1.9,0.0,854.9
2018-02-03 07:00:00,-13.3,53,2.6,0.0,854.6
2018-02-03 08:00:00,-14.2,62,4.3,0.0,854.9
2018-02-03 09:00:00,-13.9,61,3.1,46.0,855.7
2018-02-03 10:00:00,-11.7,52,1.8,218.0,857.4
2018-02-03 11:00:00,-9.6,44,2.9,402.0,857.9
2018-02-03 12:00:00,-7.6,40,1.8,547.0,857.8
2018-02-03 13:00:00,-5.9,37,0.7,635.0,856.6
2018-02-03 14:00:00,-4.8,36,2.3,657.0,855.2
2018-02-03 15:00:00,-3.8,34,3.2,609.0,854.3
2018-02-03 16:00:00,-3.0,33,3.2,498.0,853.5
2018-02-03 17:00:00,-2.7,32,5.6,335.0,853.3
2018-02-03 18:00:00,-4.0,36,6.5,146.0,853.0
2018-02-03 19:00:00,-6.5,44,7.3,12.0,853.0
2018-02-03 20:00:00,-7.3,46,11.2,0.0,852.4
2018-02-03 21:00:00,-7.4,45,8.2,0.0,853.7
2018-02-03 22:00:00,-7.6,42,6.1,0.0,854.8
2018-02-03 23:00:00,-8.6,43,5.0,0.0,855.2
2018-02-04 00:00:00,-9.0,42,3.8,0.0,855.6
2018-02-04 01:00:00,-9.4,42,3.7,0.0,856.0
2018-02-04 02:00:00,-9.8,40,3.1,0.0,855.7
2018-02-04 03:00:00,-10.2,40,2.9,0.0,855.8
2018-02-04 04:00:00,-10.6,41,2.5,0.0,855.3
2018-02-04 05:00:00,-11.5,43,3.1,0.0,854.3
2018-02-04 06:00:00,-12.4,47,3.2,0.0,853.9
2018-02-04 07:00:00,-13.0,50,4.0,0.0,854.1
2018-02-04 08:00:00,-14.1,60,1.9,0.0,854.4
2018-02-04 09:00:00,-13.7,58,0.8,48.0,855.3
2018-02-04 10:00:00,-11.6,46,1.6,224.0,857.1
2018-02-04 11:00:00,-9.4,41,2.9,408.0,857.8
2018-02-04 12:00:00,-7.4,38,2.2,554.0,857.7
2018-02-04 13:00:00,-5.4,36,1.1,641.0,857.0
2018-02-04 14:00:00,-3.9,36,0.5,663.0,855.8
2018-02-04 15:00:00,-2.9,34,1.5,615.0,855.1
2018-02-04 16:00:00,-2.4,31,1.8,504.0,854.6
2018-02-04 17:00:00,-2.0,29,1.8,340.0,854.6
2018-02-04 18:00:00,-2.9,32,4.8,150.0,854.5
2018-02-04 19:00:00,-6.5,45,9.7,13.0,853.7
2018-02-04 20:00:00,-5.9,48,10.5,0.0,855.0
2018-02-04 21:00:00,-5.0,45,4.2,0.0,856.5
2018-02-04 22:00:00,-7.1,51,6.2,0.0,856.4
2018-02-04 23:00:00,-7.7,49,5.8,0.0,856.5
2018-02-05 00:00:00,-8.3,50,5.5,0.0,856.6
2018-02-05 01:00:00,-8.4,48,5.1,0.0,856.7
2018-02-05 02:00:00,-8.0,45,2.6,0.0,857.0
2018-02-05 03:00:00,-8.5,46,2.4,0.0,856.9
2018-02-05 04:00:00,-9.0,47,2.3,0.0,856.4
2018-02-05 05:00:00,-9.5,49,3.0,0.0,855.8
2018-02-05 06:00:00,-9.9,51,0.8,0.0,855.1
2018-02-05 07:00:00,-10.3,52,1.1,0.0,854.8
2018-02-05 08:00:00,-11.9,58,1.3,0.0,855.4
2018-02-05 09:00:00,-11.6,58,0.5,50.0,855.7
2018-02-05 10:00:00,-10.1,52,3.0,226.0,856.7
2018-02-05 11:00:00,-8.2,49,2.2,412.0,857.0
2018-02-05 12:00:00,-5.8,43,2.3,558.0,856.6
2018-02-05 13:00:00,-3.5,38,4.2,647.0,855.4
2018-02-05 14:00:00,-1.7,35,5.2,669.0,853.8
2018-02-05 15:00:00,-0.3,32,5.5,623.0,852.6
2018-02-05 16:00:00,0.6,30,4.9,512.0,852.0
2018-02-05 17:00:00,0.9,29,4.2,348.0,851.5
2018-02-05 18:00:00,-0.6,32,6.4,156.0,850.4
2018-02-05 19:00:00,-3.7,41,9.4,14.0,849.9
2018-02-05 20:00:00,-4.8,46,9.6,0.0,850.3
2018-02-05 21:00:00,-3.8,43,4.6,0.0,852.1
2018-02-05 22:00:00,-5.5,49,5.1,0.0,852.0
2018-02-05 23:00:00,-5.5,49,4.2,0.0,852.4
2018-02-06 00:00:00,-6.0,50,2.9,0.0,852.3
2018-02-06 01:00:00,-6.5,51,2.5,0.0,851.8
2018-02-06 02:00:00,-7.6,54,3.9,0.0,850.8
2018-02-06 03:00:00,-9.0,60,5.4,0.0,850.1
2018-02-06 04:00:00,-9.4,60,4.6,0.0,849.6
2018-02-06 05:00:00,-9.2,57,2.7,0.0,849.6
2018-02-06 06:00:00,-9.2,53,3.0,0.0,849.7
2018-02-06 07:00:00,-9.2,50,2.6,0.0,850.3
2018-02-06 08:00:00,-10.9,59,2.3,0.0,850.8
2018-02-06 09:00:00,-10.7,55,2.0,53.0,851.2
2018-02-06 10:00:00,-8.9,53,0.5,233.0,852.7
2018-02-06 11:00:00,-6.7,49,0.7,421.0,853.2
2018-02-06 12:00:00,-4.2,41,1.6,568.0,852.9
2018-02-06 13:00:00,-2.0,32,2.4,656.0,851.7
2018-02-06 14:00:00,-0.3,25,3.5,678.0,850.5
2018-02-06 15:00:00,0.9,22,4.7,630.0,849.4
2018-02-06 16:00:00,1.5,21,4.7,518.0,848.9
2018-02-06 17:00:00,1.7,22,6.9,353.0,848.8
2018-02-06 18:00:00,-1.5,30,8.5,158.0,847.5
2018-02-06 19:00:00,-4.0,35,10.0,15.0,848.0
2018-02-06 20:00:00,-4.8,39,11.2,0.0,848.7
2018-02-06 21:00:00,-5.4,40,9.7,0.0,849.7
2018-02-06 22:00:00,-6.1,41,8.2,0.0,849.7
2018-02-06 23:00:00,-6.4,40,7.4,0.0,850.6
2018-02-07 00:00:00,-6.3,37,5.0,0.0,851.4
2018-02-07 01:00:00,-6.7,37,5.5,0.0,851.3
2018-02-07 02:00:00,-7.1,37,5.1,0.0,851.6
2018-02-07 03:00:00,-7.9,39,4.2,0.0,851.0
2018-02-07 04:00:00,-8.0,40,4.0,0.0,850.6
2018-02-07 05:00:00,-8.7,42,3.6,0.0,850.1
2018-02-07 06:00:00,-8.6,42,2.9,0.0,850.7
2018-02-07 07:00:00,-8.6,42,2.9,0.0,850.9
2018-02-07 08:00:00,-10.7,51,4.0,0.0,850.8
2018-02-07 09:00:00,-9.3,46,3.6,50.0,852.4
2018-02-07 10:00:00,-7.5,39,2.9,218.0,853.7
2018-02-07 11:00:00,-5.9,34,3.2,386.0,853.9
2018-02-07 12:00:00,-3.7,29,3.3,553.0,853.5
2018-02-07 13:00:00,-1.9,26,4.0,644.0,852.3
2018-02-07 14:00:00,-0.5,24,6.8,666.0,850.6
2018-02-07 15:00:00,0.7,23,7.4,626.0,849.2
2018-02-07 16:00:00,1.4,23,6.6,515.0,848.5
2018-02-07 17:00:00,1.5,24,3.3,321.0,847.6
2018-02-07 18:00:00,-1.2,29,4.4,138.0,845.4
2018-02-07 19:00:00,-0.5,29,4.3,15.0,846.2
2018-02-07 20:00:00,-0.6,28,4.4,0.0,846.2
2018-02-07 21:00:00,-2.0,34,6.3,0.0,846.2
2018-02-07 22:00:00,-2.8,38,6.0,0.0,845.6
2018-02-07 23:00:00,-4.3,45,6.6,0.0,844.6
2018-02-08 00:00:00,-5.1,47,5.2,0.0,843.5
2018-02-08 01:00:00,-6.3,51,6.7,0.0,842.3
2018-02-08 02:00:00,-5.6,49,6.3,0.0,841.9
2018-02-08 03:00:00,-7.2,58,7.9,0.0,840.5
2018-02-08 04:00:00,-6.0,52,4.8,0.0,840.3
2018-02-08 05:00:00,-7.3,56,8.0,0.0,839.3
2018-02-08 06:00:00,-7.9,57,7.6,0.0,839.4
2018-02-08 07:00:00,-6.9,51,5.0,0.0,840.7
2018-02-08 08:00:00,-10.4,65,3.1,0.0,840.1
2018-02-08 09:00:00,-7.0,54,8.0,55.0,843.0
2018-02-08 10:00:00,-4.6,41,10.7,209.0,844.7
2018-02-08 11:00:00,-2.9,32,6.5,343.0,845.2
2018-02-08 12:00:00,-1.2,29,3.6,442.0,845.1
2018-02-08 13:00:00,0.4,25,4.2,486.0,843.7
2018-02-08 14:00:00,1.7,21,6.9,584.0,843.1
2018-02-08 15:00:00,1.9,22,8.9,539.0,842.8
2018-02-08 16:00:00,1.9,23,11.9,450.0,842.7
2018-02-08 17:00:00,1.3,23,12.0,255.0,842.9
2018-02-08 18:00:00,-0.5,25,7.7,102.0,842.8
2018-02-08 19:00:00,-2.6,28,6.8,13.0,843.0
2018-02-08 20:00:00,-3.3,29,10.7,0.0,842.6
2018-02-08 21:00:00,-4.2,33,8.3,0.0,843.3
2018-02-08 22:00:00,-3.8,34,6.5,0.0,844.6
2018-02-08 23:00:00,-5.4,40,7.0,0.0,844.4
2018-02-09 00:00:00,-6.2,41,6.7,0.0,844.7
2018-02-09 01:00:00,-6.2,35,7.3,0.0,845.4
2018-02-09 02:00:00,-6.5,32,6.8,0.0,845.7
2018-02-09 03:00:00,-6.7,31,6.1,0.0,846.0
2018-02-09 04:00:00,-6.5,30,6.0,0.0,846.6
2018-02-09 05:00:00,-7.0,31,7.2,0.0,846.9
2018-02-09 06:00:00,-7.4,33,7.1,0.0,847.1
2018-02-09 07:00:00,-8.1,35,7.9,0.0,847.6
2018-02-09 08:00:00,-7.6,35,4.7,0.0,848.9
2018-02-09 09:00:00,-7.4,35,2.5,57.0,849.8
2018-02-09 10:00:00,-6.4,33,2.9,228.0,850.5
2018-02-09 11:00:00,-4.7,32,5.4,408.0,850.8
2018-02-09 12:00:00,-3.1,29,9.7,536.0,850.7
2018-02-09 13:00:00,-2.1,28,14.3,633.0,850.0
2018-02-09 14:00:00,-1.9,28,17.3,591.0,849.3
2018-02-09 15:00:00,-1.9,29,19.4,550.0,849.1
2018-02-09 16:00:00,-2.3,30,18.9,424.0,849.2
2018-02-09 17:00:00,-3.0,33,19.4,221.0,849.5
2018-02-09 18:00:00,-4.1,37,17.8,96.0,850.4
2018-02-09 19:00:00,-5.3,41,17.7,11.0,851.9
2018-02-09 20:00:00,-6.0,42,15.5,0.0,853.0
2018-02-09 21:00:00,-6.2,42,13.7,0.0,854.1
2018-02-09 22:00:00,-6.7,44,12.7,0.0,854.9
2018-02-09 23:00:00,-7.0,44,12.7,0.0,855.9
2018-02-10 00:00:00,-7.4,46,11.0,0.0,856.4
2018-02-10 01:00:00,-7.7,47,12.4,0.0,856.7
2018-02-10 02:00:00,-8.1,48,9.0,0.0,856.8
2018-02-10 03:00:00,-8.4,48,9.2,0.0,857.3
2018-02-10 04:00:00,-8.9,48,7.4,0.0,857.3
2018-02-10 05:00:00,-9.4,50,6.0,0.0,856.9
2018-02-10 06:00:00,-9.6,50,4.8,0.0,856.5
2018-02-10 07:00:00,-9.9,51,4.0,0.0,856.3
2018-02-10 08:00:00,-10.3,54,1.3,0.0,856.4
2018-02-10 09:00:00,-10.0,52,3.3,53.0,857.1
2018-02-10 10:00:00,-8.9,46,6.5,220.0,857.7
2018-02-10 11:00:00,-7.6,40,4.1,423.0,857.7
2018-02-10 12:00:00,-6.1,34,0.8,575.0,857.3
2018-02-10 13:00:00,-5.2,32,2.2,576.0,856.3
2018-02-10 14:00:00,-4.0,29,1.4,651.0,854.9
2018-02-10 15:00:00,-3.5,28,4.4,641.0,853.9
2018-02-10 16:00:00,-3.1,27,5.2,537.0,853.3
2018-02-10 17:00:00,-3.0,28,7.3,372.0,853.0
2018-02-10 18:00:00,-3.7,31,5.6,176.0,852.6
2018-02-10 19:00:00,-7.1,42,8.6,21.0,851.3
2018-02-10 20:00:00,-6.7,40,8.4,0.0,851.7
2018-02-10 21:00:00,-7.6,41,5.4,0.0,852.8
2018-02-10 22:00:00,-8.7,44,3.6,0.0,853.1
2018-02-10 23:00:00,-9.1,44,3.3,0.0,854.0
2018-02-11 00:00:00,-8.9,43,1.0,0.0,854.8
2018-02-11 01:00:00,-9.5,45,3.3,0.0,854.8
2018-02-11 02:00:00,-9.7,44,4.1,0.0,854.9
2018-02-11 03:00:00,-9.9,41,4.1,0.0,854.8
2018-02-11 04:00:00,-10.1,40,4.3,0.0,854.5
2018-02-11 05:00:00,-10.2,40,2.9,0.0,854.8
2018-02-11 06:00:00,-10.5,41,4.0,0.0,854.9
2018-02-11 07:00:00,-11.3,44,4.1,0.0,855.0
2018-02-11 08:00:00,-12.0,49,4.0,0.0,855.9
2018-02-11 09:00:00,-11.5,49,4.3,66.0,857.0
2018-02-11 10:00:00,-9.6,44,3.0,254.0,858.3
2018-02-11 11:00:00,-7.5,42,1.1,443.0,858.4
2018-02-11 12:00:00,-5.6,37,1.1,592.0,858.2
2018-02-11 13:00:00,-3.8,33,2.2,682.0,857.0
2018-02-11 14:00:00,-2.4,29,2.9,705.0,855.8
2018-02-11 15:00:00,-1.2,27,2.9,657.0,854.8
2018-02-11 16:00:00,-0.3,25,3.3,545.0,854.4
2018-02-11 17:00:00,-0.1,24,3.6,379.0,854.2
2018-02-11 18:00:00,-0.6,25,1.8,182.0,853.9
2018-02-11 19:00:00,-1.7,27,3.4,23.0,854.3
2018-02-11 20:00:00,-5.5,34,12.4,0.0,853.8
2018-02-11 21:00:00,-5.0,29,8.1,0.0,855.7
2018-02-11 22:00:00,-4.3,26,4.1,0.0,857.4
2018-02-11 23:00:00,-5.2,27,3.6,0.0,857.7
2018-02-12 00:00:00,-6.9,29,5.4,0.0,857.3
2018-02-12 01:00:00,-8.1,30,5.9,0.0,857.0
2018-02-12 02:00:00,-8.3,30,5.1,0.0,857.2
2018-02-12 03:00:00,-8.7,31,4.8,0.0,856.9
2018-02-12 04:00:00,-8.7,31,4.0,0.0,856.6
2018-02-12 05:00:00,-9.1,33,4.5,0.0,855.9
2018-02-12 06:00:00,-8.5,32,2.3,0.0,856.4
2018-02-12 07:00:00,-8.7,32,2.6,0.0,856.6
2018-02-12 08:00:00,-9.6,35,1.4,0.0,856.8
2018-02-12 09:00:00,-9.5,35,2.1,69.0,856.8
2018-02-12 10:00:00,-7.6,32,4.3,259.0,857.6
2018-02-12 11:00:00,-5.4,30,3.8,449.0,857.5
2018-02-12 12:00:00,-3.3,28,2.7,599.0,856.7
2018-02-12 13:00:00,-1.3,25,3.6,690.0,855.2
2018-02-12 14:00:00,0.4,23,5.2,713.0,853.7
2018-02-12 15:00:00,1.8,21,5.8,664.0,852.1
2018-02-12 16:00:00,2.7,21,7.1,547.0,850.8
2018-02-12 17:00:00,2.7,21,6.8,358.0,849.9
2018-02-12 18:00:00,-0.2,27,5.3,181.0,847.8
2018-02-12 19:00:00,-4.0,38,7.8,23.0,845.4
2018-02-12 20:00:00,1.4,23,7.2,0.0,847.9
2018-02-12 21:00:00,0.2,27,7.1,0.0,848.4
2018-02-12 22:00:00,-1.0,33,6.0,0.0,849.0
2018-02-12 23:00:00,-1.8,39,3.4,0.0,849.2
2018-02-13 00:00:00,-2.7,43,5.4,0.0,848.3
2018-02-13 01:00:00,-3.1,45,5.1,0.0,847.2
2018-02-13 02:00:00,-3.4,47,3.1,0.0,846.9
2018-02-13 03:00:00,-4.5,50,5.2,0.0,846.4
2018-02-13 04:00:00,-3.9,48,4.8,0.0,846.7
2018-02-13 05:00:00,-4.5,50,3.8,0.0,846.8
2018-02-13 06:00:00,-4.9,51,3.6,0.0,846.4
2018-02-13 07:00:00,-6.9,59,6.2,0.0,845.0
2018-02-13 08:00:00,-10.1,71,8.9,0.0,844.6
2018-02-13 09:00:00,-7.2,57,5.4,72.0,847.0
2018-02-13 10:00:00,-4.5,47,4.8,267.0,848.4
2018-02-13 11:00:00,-1.5,38,5.5,459.0,848.8
2018-02-13 12:00:00,0.8,31,4.8,610.0,848.3
2018-02-13 13:00:00,3.0,25,3.4,700.0,847.0
2018-02-13 14:00:00,5.2,19,3.2,722.0,845.4
2018-02-13 15:00:00,7.0,14,3.9,636.0,843.9
2018-02-13 16:00:00,8.0,12,4.5,482.0,842.3
2018-02-13 17:00:00,7.5,12,4.5,322.0,841.2
2018-02-13 18:00:00,3.2,20,6.1,117.0,838.6
2018-02-13 19:00:00,0.3,29,9.8,20.0,837.1
2018-02-13 20:00:00,1.6,28,6.4,0.0,837.3
2018-02-13 21:00:00,2.7,26,2.3,0.0,838.4
2018-02-13 22:00:00,-1.2,37,6.5,0.0,837.5
2018-02-13 23:00:00,0.9,33,0.8,0.0,838.9
2018-02-14 00:00:00,-1.1,37,5.4,0.0,838.4
2018-02-14 01:00:00,0.2,34,2.5,0.0,839.2
2018-02-14 02:00:00,-1.9,42,5.9,0.0,838.3
2018-02-14 03:00:00,-2.8,51,7.1,0.0,839.0
2018-02-14 04:00:00,-2.7,54,6.3,0.0,840.2
2018-02-14 05:00:00,-3.4,61,5.6,0.0,840.6
2018-02-14 06:00:00,-3.8,55,8.1,0.0,841.0
2018-02-14 07:00:00,-4.2,55,7.7,0.0,841.1
2018-02-14 08:00:00,-4.4,52,8.4,0.0,841.1
2018-02-14 09:00:00,-1.2,42,5.9,73.0,844.1
2018-02-14 10:00:00,0.9,30,2.7,262.0,846.1
2018-02-14 11:00:00,2.3,21,4.2,451.0,846.8
2018-02-14 12:00:00,4.1,16,8.3,596.0,847.0
2018-02-14 13:00:00,5.1,15,11.5,684.0,846.5
2018-02-14 14:00:00,5.6,14,12.2,677.0,845.9
2018-02-14 15:00:00,5.9,15,10.7,662.0,845.1
2018-02-14 16:00:00,6.1,15,8.9,551.0,844.7
2018-02-14 17:00:00,5.7,16,9.4,377.0,844.8
2018-02-14 18:00:00,2.5,22,7.5,173.0,843.8
2018-02-14 19:00:00,0.2,27,9.4,24.0,843.8
2018-02-14 20:00:00,1.8,24,5.4,0.0,846.5
2018-02-14 21:00:00,-0.7,31,5.5,0.0,846.4
2018-02-14 22:00:00,-2.3,37,6.3,0.0,846.6
2018-02-14 23:00:00,-2.9,37,6.6,0.0,846.6
2018-02-15 00:00:00,-3.3,38,7.7,0.0,847.2
2018-02-15 01:00:00,-3.5,38,7.1,0.0,847.4
2018-02-15 02:00:00,-3.6,38,5.0,0.0,847.5
2018-02-15 03:00:00,-4.7,41,6.0,0.0,846.4
2018-02-15 04:00:00,-3.9,39,4.8,0.0,846.4
2018-02-15 05:00:00,-3.3,37,3.4,0.0,846.5
2018-02-15 06:00:00,-3.4,36,5.1,0.0,846.7
2018-02-15 07:00:00,-3.6,35,1.1,0.0,847.0
2018-02-15 08:00:00,-3.4,32,2.4,0.0,846.9
2018-02-15 09:00:00,-3.3,31,5.1,65.0,847.3
2018-02-15 10:00:00,-1.7,28,4.6,236.0,848.1
2018-02-15 11:00:00,0.3,25,4.1,434.0,847.9
2018-02-15 12:00:00,2.7,22,5.3,606.0,847.0
2018-02-15 13:00:00,4.8,19,7.6,695.0,845.4
2018-02-15 14:00:00,6.9,16,6.6,717.0,843.8
2018-02-15 15:00:00,8.4,15,6.9,665.0,842.6
2018-02-15 16:00:00,8.5,16,6.5,479.0,842.0
2018-02-15 17:00:00,7.8,19,4.0,270.0,842.2
2018-02-15 18:00:00,7.4,22,7.2,126.0,843.3
2018-02-15 19:00:00,5.6,22,9.2,21.0,843.9
2018-02-15 20:00:00,5.1,24,8.6,0.0,844.9
2018-02-15 21:00:00,4.5,24,2.6,0.0,845.7
2018-02-15 22:00:00,2.0,29,4.3,0.0,845.5
2018-02-15 23:00:00,0.0,34,8.7,0.0,845.0
2018-02-16 00:00:00,1.3,31,4.4,0.0,846.2
2018-02-16 01:00:00,0.2,33,2.4,0.0,846.0
2018-02-16 02:00:00,-0.5,35,1.8,0.0,845.8
2018-02-16 03:00:00,-1.2,36,3.5,0.0,846.0
2018-02-16 04:00:00,-1.8,37,2.5,0.0,845.7
2018-02-16 05:00:00,-3.1,40,6.8,0.0,845.6
2018-02-16 06:00:00,-1.8,36,1.8,0.0,846.4
2018-02-16 07:00:00,-2.0,37,2.4,0.0,846.6
2018-02-16 08:00:00,-2.9,40,2.6,0.0,846.7
2018-02-16 09:00:00,-2.4,37,3.7,79.0,847.8
2018-02-16 10:00:00,-0.3,31,3.1,270.0,848.9
2018-02-16 11:00:00,1.7,27,3.6,459.0,848.4
2018-02-16 12:00:00,3.7,25,3.4,607.0,847.7
2018-02-16 13:00:00,5.6,23,2.6,692.0,846.4
2018-02-16 14:00:00,7.3,20,1.3,674.0,844.7
2018-02-16 15:00:00,8.7,19,1.4,596.0,843.5
2018-02-16 16:00:00,9.4,19,1.1,459.0,842.9
2018-02-16 17:00:00,8.5,21,4.2,272.0,842.3
2018-02-16 18:00:00,6.5,24,6.8,182.0,841.1
2018-02-16 19:00:00,6.1,26,5.2,29.0,841.8
2018-02-16 20:00:00,6.3,29,2.7,0.0,841.6
2018-02-16 21:00:00,1.4,52,9.4,0.0,839.8
2018-02-16 22:00:00,-0.7,73,11.0,0.0,839.9
2018-02-16 23:00:00,0.0,73,9.2,0.0,841.4
2018-02-17 00:00:00,1.7,68,5.0,0.0,843.0
2018-02-17 01:00:00,1.4,68,5.2,0.0,843.5
2018-02-17 02:00:00,1.0,64,8.8,0.0,844.0
2018-02-17 03:00:00,1.1,40,7.6,0.0,844.6
2018-02-17 04:00:00,1.1,31,7.4,0.0,844.9
2018-02-17 05:00:00,1.5,28,8.4,0.0,845.9
2018-02-17 06:00:00,0.6,34,7.4,0.0,846.9
2018-02-17 07:00:00,-0.3,36,4.6,0.0,847.8
2018-02-17 08:00:00,-0.4,37,6.1,0.0,848.8
2018-02-17 09:00:00,0.1,38,8.4,23.0,850.5
2018-02-17 10:00:00,0.2,42,10.0,103.0,851.8
2018-02-17 11:00:00,0.6,46,10.9,232.0,851.8
2018-02-17 12:00:00,2.2,43,13.1,481.0,852.2
2018-02-17 13:00:00,3.3,40,15.3,530.0,851.1
2018-02-17 14:00:00,3.8,39,16.3,544.0,850.2
2018-02-17 15:00:00,3.7,40,15.0,461.0,849.6
2018-02-17 16:00:00,3.8,38,13.1,402.0,848.6
2018-02-17 17:00:00,3.7,38,14.7,226.0,848.3
2018-02-17 18:00:00,2.8,43,14.1,82.0,848.6
2018-02-17 19:00:00,0.1,53,6.5,19.0,848.5
2018-02-17 20:00:00,-0.9,57,10.0,0.0,849.3
2018-02-17 21:00:00,-0.9,59,7.6,0.0,850.0
2018-02-17 22:00:00,0.5,53,2.6,0.0,851.8
2018-02-17 23:00:00,-0.7,62,2.1,0.0,851.6
2018-02-18 00:00:00,-1.2,65,3.8,0.0,851.5
2018-02-18 01:00:00,-1.9,70,5.8,0.0,851.2
2018-02-18 02:00:00,-1.9,70,5.0,0.0,850.8
2018-02-18 03:00:00,-2.3,69,5.3,0.0,850.3
2018-02-18 04:00:00,-1.5,62,3.1,0.0,850.2
2018-02-18 05:00:00,-1.9,63,2.6,0.0,850.1
2018-02-18 06:00:00,-2.7,66,2.9,0.0,849.3
2018-02-18 07:00:00,-3.3,67,4.4,0.0,849.0
2018-02-18 08:00:00,-3.6,61,5.0,0.0,849.1
2018-02-18 09:00:00,-2.0,50,3.0,65.0,851.0
2018-02-18 10:00:00,-0.3,40,3.3,182.0,851.5
2018-02-18 11:00:00,0.6,36,4.0,262.0,851.1
2018-02-18 12:00:00,1.8,34,4.9,438.0,850.8
2018-02-18 13:00:00,2.5,36,6.9,479.0,850.0
2018-02-18 14:00:00,3.4,36,7.2,487.0,848.6
2018-02-18 15:00:00,3.6,36,8.0,413.0,847.6
2018-02-18 16:00:00,3.5,38,11.5,302.0,847.3
2018-02-18 17:00:00,2.6,42,11.4,169.0,847.4
2018-02-18 18:00:00,1.9,45,6.5,94.0,847.7
2018-02-18 19:00:00,-0.3,54,6.3,20.0,847.5
2018-02-18 20:00:00,0.8,54,5.4,0.0,849.0
2018-02-18 21:00:00,-0.3,63,5.5,0.0,849.4
2018-02-18 22:00:00,-0.9,67,4.9,0.0,850.0
2018-02-18 23:00:00,-0.9,69,4.0,0.0,850.7
2018-02-19 00:00:00,-1.9,74,4.8,0.0,850.5
2018-02-19 01:00:00,-1.7,72,4.0,0.0,849.9
2018-02-19 02:00:00,-1.1,69,3.2,0.0,849.5
2018-02-19 03:00:00,-1.6,71,3.0,0.0,848.7
2018-02-19 04:00:00,-2.2,73,3.3,0.0,847.9
2018-02-19 05:00:00,-2.6,75,2.5,0.0,847.7
2018-02-19 06:00:00,-2.8,74,4.3,0.0,847.0
2018-02-19 07:00:00,-4.7,82,5.1,0.0,846.3
2018-02-19 08:00:00,-3.7,78,4.7,1.0,847.3
2018-02-19 09:00:00,-2.5,72,7.2,84.0,848.7
2018-02-19 10:00:00,-0.7,63,6.1,269.0,849.1
2018-02-19 11:00:00,0.9,54,6.1,459.0,849.3
2018-02-19 12:00:00,2.3,48,7.1,609.0,848.4
2018-02-19 13:00:00,3.8,44,8.7,700.0,847.4
2018-02-19 14:00:00,5.0,42,6.9,704.0,845.7
2018-02-19 15:00:00,6.0,39,7.9,587.0,844.7
2018-02-19 16:00:00,6.6,35,13.6,405.0,844.5
2018-02-19 17:00:00,6.3,37,17.0,233.0,845.0
2018-02-19 18:00:00,3.2,35,22.7,118.0,846.2
2018-02-19 19:00:00,0.8,36,14.0,20.0,847.5
2018-02-19 20:00:00,-0.1,39,8.7,0.0,848.8
2018-02-19 21:00:00,-1.5,44,8.1,0.0,848.6
2018-02-19 22:00:00,0.1,38,5.2,0.0,850.7
2018-02-19 23:00:00,-0.7,40,4.7,0.0,850.1
2018-02-20 00:00:00,-2.3,46,4.2,0.0,849.4
2018-02-20 01:00:00,-3.1,48,6.6,0.0,848.7
2018-02-20 02:00:00,-1.8,43,5.8,0.0,849.2
2018-02-20 03:00:00,-3.5,47,5.8,0.0,848.6
2018-02-20 04:00:00,-3.5,48,5.5,0.0,848.6
2018-02-20 05:00:00,-2.9,47,5.8,0.0,848.5
2018-02-20 06:00:00,-3.0,50,7.4,0.0,848.9
2018-02-20 07:00:00,-3.4,55,5.3,0.0,849.5
2018-02-20 08:00:00,-3.8,66,3.1,0.0,849.8
2018-02-20 09:00:00,-3.6,66,7.0,29.0,851.1
2018-02-20 10:00:00,-3.6,67,8.1,45.0,851.8
2018-02-20 11:00:00,-2.3,62,7.9,213.0,852.4
2018-02-20 12:00:00,-1.8,57,8.2,202.0,852.3
2018-02-20 13:00:00,-0.4,51,10.0,378.0,851.8
2018-02-20 14:00:00,0.6,45,10.5,425.0,850.6
2018-02-20 15:00:00,0.5,48,13.6,304.0,850.6
2018-02-20 16:00:00,0.3,49,16.1,216.0,850.4
2018-02-20 17:00:00,0.4,48,17.6,234.0,850.8
2018-02-20 18:00:00,-0.7,53,16.5,64.0,851.1
2018-02-20 19:00:00,-1.5,57,12.5,17.0,851.6
2018-02-20 20:00:00,-2.2,62,6.3,0.0,853.7
2018-02-20 21:00:00,-2.2,64,6.2,0.0,855.1
2018-02-20 22:00:00,-2.8,67,3.3,0.0,855.5
2018-02-20 23:00:00,-3.3,71,2.2,0.0,855.3
2018-02-21 00:00:00,-3.7,73,2.6,0.0,854.9
2018-02-21 01:00:00,-4.4,70,4.1,0.0,854.3
2018-02-21 02:00:00,-4.9,64,3.8,0.0,853.2
2018-02-21 03:00:00,-5.6,59,3.2,0.0,852.6
2018-02-21 04:00:00,-6.2,57,2.4,0.0,851.6
2018-02-21 05:00:00,-7.1,55,2.6,0.0,850.8
2018-02-21 06:00:00,-7.6,52,3.3,0.0,850.3
2018-02-21 07:00:00,-7.4,48,2.5,0.0,851.1
2018-02-21 08:00:00,-7.5,60,2.2,1.0,851.9
2018-02-21 09:00:00,-6.3,66,3.8,96.0,853.7
2018-02-21 10:00:00,-4.7,64,3.1,285.0,854.3
2018-02-21 11:00:00,-2.9,55,3.1,466.0,854.1
2018-02-21 12:00:00,-1.1,42,2.1,622.0,853.5
2018-02-21 13:00:00,0.2,31,0.0,720.0,852.7
2018-02-21 14:00:00,1.1,28,1.4,742.0,851.4
2018-02-21 15:00:00,2.2,26,1.9,694.0,850.5
2018-02-21 16:00:00,2.8,23,5.6,576.0,849.8
2018-02-21 17:00:00,2.4,23,10.8,409.0,849.7
2018-02-21 18:00:00,1.1,28,10.9,208.0,849.4
2018-02-21 19:00:00,-3.2,41,9.8,37.0,847.9
2018-02-21 20:00:00,-4.0,46,10.5,0.0,849.5
2018-02-21 21:00:00,-4.0,50,7.9,0.0,850.9
2018-02-21 22:00:00,-4.3,52,6.8,0.0,851.4
2018-02-21 23:00:00,-3.1,47,2.0,0.0,852.5
2018-02-22 00:00:00,-4.1,50,1.4,0.0,852.2
2018-02-22 01:00:00,-5.9,56,2.9,0.0,850.8
2018-02-22 02:00:00,-5.6,55,5.0,0.0,850.7
2018-02-22 03:00:00,-5.6,54,4.3,0.0,850.3
2018-02-22 04:00:00,-5.7,54,4.0,0.0,850.1
2018-02-22 05:00:00,-5.7,53,1.3,0.0,849.7
2018-02-22 06:00:00,-6.0,53,2.3,0.0,849.5
2018-02-22 07:00:00,-6.4,54,1.6,0.0,849.2
2018-02-22 08:00:00,-7.0,60,3.6,2.0,849.5
2018-02-22 09:00:00,-5.4,54,3.6,100.0,851.1
2018-02-22 10:00:00,-2.9,48,5.2,299.0,852.0
2018-02-22 11:00:00,0.3,38,5.0,492.0,851.5
2018-02-22 12:00:00,3.6,30,3.6,642.0,850.7
2018-02-22 13:00:00,6.5,22,3.6,733.0,849.2
2018-02-22 14:00:00,8.7,16,8.0,754.0,847.7
2018-02-22 15:00:00,9.9,11,10.8,706.0,846.7
2018-02-22 16:00:00,10.0,13,9.5,592.0,845.7
2018-02-22 17:00:00,9.6,15,6.4,423.0,844.6
2018-02-22 18:00:00,8.7,18,5.1,220.0,843.8
2018-02-22 19:00:00,4.0,25,6.5,41.0,841.5
2018-02-22 20:00:00,0.3,30,7.7,0.0,839.5
2018-02-22 21:00:00,0.6,27,6.0,0.0,840.6
2018-02-22 22:00:00,2.3,22,6.4,0.0,842.6
2018-02-22 23:00:00,2.0,21,6.1,0.0,843.3
2018-02-23 00:00:00,1.8,23,3.5,0.0,843.4
2018-02-23 01:00:00,1.6,24,2.1,0.0,842.9
2018-02-23 02:00:00,1.4,25,1.1,0.0,842.6
2018-02-23 03:00:00,0.5,27,2.5,0.0,842.0
2018-02-23 04:00:00,-0.8,32,3.6,0.0,841.3
2018-02-23 05:00:00,-2.0,37,4.3,0.0,841.2
2018-02-23 06:00:00,-5.3,46,6.6,0.0,840.9
2018-02-23 07:00:00,-5.3,46,6.4,0.0,842.7
2018-02-23 08:00:00,-5.1,49,6.9,2.0,843.6
2018-02-23 09:00:00,-1.9,49,9.5,97.0,847.1
2018-02-23 10:00:00,0.5,47,12.3,289.0,848.9
2018-02-23 11:00:00,2.4,35,11.7,472.0,849.0
2018-02-23 12:00:00,3.8,22,10.0,631.0,849.2
2018-02-23 13:00:00,4.6,17,6.3,688.0,849.2
2018-02-23 14:00:00,5.3,18,4.4,741.0,848.8
2018-02-23 15:00:00,6.1,19,7.2,695.0,848.0
2018-02-23 16:00:00,6.0,22,9.5,420.0,847.6
2018-02-23 17:00:00,5.8,23,11.9,302.0,848.0
2018-02-23 18:00:00,4.1,29,9.9,155.0,848.2
2018-02-23 19:00:00,-0.2,38,9.6,34.0,847.4
2018-02-23 20:00:00,2.3,32,8.3,0.0,849.4
2018-02-23 21:00:00,-0.6,40,8.5,0.0,849.4
2018-02-23 22:00:00,-1.0,42,7.0,0.0,850.6
2018-02-23 23:00:00,-2.0,45,8.4,0.0,850.5
2018-02-24 00:00:00,-0.4,39,6.8,0.0,851.9
2018-02-24 01:00:00,-2.4,44,8.3,0.0,850.8
2018-02-24 02:00:00,-2.8,45,8.0,0.0,850.5
2018-02-24 03:00:00,-2.6,45,7.1,0.0,850.5
2018-02-24 04:00:00,-2.4,43,5.9,0.0,851.0
2018-02-24 05:00:00,-3.1,45,3.2,0.0,850.6
2018-02-24 06:00:00,-3.2,46,1.6,0.0,851.3
2018-02-24 07:00:00,-3.2,46,3.9,0.0,851.9
2018-02-24 08:00:00,-4.9,56,6.3,2.0,852.0
2018-02-24 09:00:00,-2.7,47,2.9,104.0,854.2
2018-02-24 10:00:00,-0.9,41,4.0,300.0,855.2
2018-02-24 11:00:00,1.0,36,3.7,491.0,855.2
2018-02-24 12:00:00,2.6,32,3.3,638.0,854.9
2018-02-24 13:00:00,3.9,31,1.5,726.0,854.2
2018-02-24 14:00:00,4.9,30,0.5,747.0,853.1
2018-02-24 15:00:00,5.7,28,0.7,697.0,852.3
2018-02-24 16:00:00,6.2,27,2.3,580.0,851.8
2018-02-24 17:00:00,6.2,26,2.2,410.0,851.6
2018-02-24 18:00:00,4.9,44,4.7,216.0,850.8
2018-02-24 19:00:00,2.1,38,7.9,43.0,849.8
2018-02-24 20:00:00,3.4,33,8.6,0.0,850.1
2018-02-24 21:00:00,-1.7,52,10.5,0.0,848.6
2018-02-24 22:00:00,-2.1,53,8.5,0.0,849.1
2018-02-24 23:00:00,-2.4,54,6.2,0.0,849.5
2018-02-25 00:00:00,-1.1,47,3.1,0.0,850.5
2018-02-25 01:00:00,-0.5,44,1.9,0.0,850.9
2018-02-25 02:00:00,-0.2,44,4.3,0.0,851.4
2018-02-25 03:00:00,-0.3,45,2.2,0.0,851.6
2018-02-25 04:00:00,-0.6,46,2.6,0.0,851.1
2018-02-25 05:00:00,-1.0,47,2.8,0.0,850.5
2018-02-25 06:00:00,-1.4,47,2.2,0.0,850.1
2018-02-25 07:00:00,-2.0,48,2.2,0.0,849.5
2018-02-25 08:00:00,-2.7,51,4.4,3.0,849.6
2018-02-25 09:00:00,-1.6,47,2.8,110.0,850.3
2018-02-25 10:00:00,1.0,39,3.0,310.0,850.9
2018-02-25 11:00:00,4.2,32,2.9,503.0,850.4
2018-02-25 12:00:00,7.4,25,2.3,653.0,849.7
2018-02-25 13:00:00,9.9,21,3.3,742.0,848.7
2018-02-25 14:00:00,11.4,20,3.3,762.0,847.7
2018-02-25 15:00:00,12.1,19,1.1,712.0,846.7
2018-02-25 16:00:00,12.3,20,5.6,598.0,846.4
2018-02-25 17:00:00,11.8,22,9.4,424.0,846.0
2018-02-25 18:00:00,8.2,41,9.2,216.0,844.2
2018-02-25 19:00:00,6.2,32,10.2,41.0,843.9
2018-02-25 20:00:00,4.5,35,13.9,0.0,843.3
2018-02-25 21:00:00,2.6,44,11.6,0.0,843.7
2018-02-25 22:00:00,4.0,39,10.1,0.0,845.5
2018-02-25 23:00:00,5.2,34,5.2,0.0,846.8
2018-02-26 00:00:00,2.8,41,5.5,0.0,846.3
2018-02-26 01:00:00,2.3,41,1.8,0.0,846.6
2018-02-26 02:00:00,0.4,47,7.2,0.0,846.7
2018-02-26 03:00:00,-0.4,49,7.6,0.0,846.8
2018-02-26 04:00:00,-1.6,53,7.6,0.0,845.9
2018-02-26 05:00:00,-0.9,48,6.5,0.0,846.5
2018-02-26 06:00:00,-0.5,43,3.9,0.0,847.3
2018-02-26 07:00:00,-0.7,43,2.3,0.0,847.7
2018-02-26 08:00:00,-0.6,43,2.5,4.0,847.7
2018-02-26 09:00:00,0.2,42,0.8,97.0,848.9
2018-02-26 10:00:00,2.4,33,4.1,260.0,850.0
2018-02-26 11:00:00,4.0,28,1.8,412.0,849.7
2018-02-26 12:00:00,5.8,33,1.3,562.0,849.2
2018-02-26 13:00:00,7.2,39,1.1,577.0,847.8
2018-02-26 14:00:00,9.1,44,8.2,634.0,846.5
2018-02-26 15:00:00,10.4,41,7.7,601.0,845.5
2018-02-26 16:00:00,11.0,37,4.8,529.0,844.7
2018-02-26 17:00:00,10.7,37,8.6,328.0,844.5
2018-02-26 18:00:00,7.9,52,14.8,99.0,843.7
2018-02-26 19:00:00,5.2,62,7.3,21.0,842.8
2018-02-26 20:00:00,4.7,68,6.3,0.0,843.6
2018-02-26 21:00:00,2.9,75,5.9,0.0,843.4
2018-02-26 22:00:00,2.7,73,3.7,0.0,843.8
2018-02-26 23:00:00,2.6,71,2.9,0.0,844.6
2018-02-27 00:00:00,2.5,74,3.2,0.0,845.3
2018-02-27 01:00:00,1.9,77,2.5,0.0,844.6
2018-02-27 02:00:00,1.7,76,3.3,0.0,844.3
2018-02-27 03:00:00,-0.2,82,6.2,0.0,842.7
2018-02-27 04:00:00,-1.1,89,6.7,0.0,842.4
2018-02-27 05:00:00,0.6,83,2.5,0.0,843.3
2018-02-27 06:00:00,0.4,82,4.6,0.0,843.4
2018-02-27 07:00:00,0.0,84,2.3,0.0,843.8
2018-02-27 08:00:00,-1.2,86,4.0,4.0,843.7
2018-02-27 09:00:00,0.1,76,3.6,112.0,845.0
2018-02-27 10:00:00,2.6,63,3.7,305.0,846.2
2018-02-27 11:00:00,5.0,51,5.0,464.0,846.2
2018-02-27 12:00:00,7.1,40,1.8,600.0,846.0
2018-02-27 13:00:00,8.3,35,3.7,730.0,845.6
2018-02-27 14:00:00,9.8,29,6.4,748.0,844.7
2018-02-27 15:00:00,10.5,26,12.5,702.0,844.5
2018-02-27 16:00:00,10.4,27,12.3,589.0,844.5
2018-02-27 17:00:00,10.0,27,9.2,423.0,844.4
2018-02-27 18:00:00,8.3,37,4.8,226.0,843.5
2018-02-27 19:00:00,3.1,46,11.1,48.0,841.4
2018-02-27 20:00:00,4.8,38,10.7,0.0,841.6
2018-02-27 21:00:00,4.2,41,8.6,0.0,842.5
2018-02-27 22:00:00,4.1,43,4.3,0.0,843.6
2018-02-27 23:00:00,4.0,42,5.2,0.0,844.2
2018-02-28 00:00:00,4.1,40,0.4,0.0,844.5
2018-02-28 01:00:00,3.7,42,4.6,0.0,844.3
2018-02-28 02:00:00,3.3,43,3.4,0.0,844.9
2018-02-28 03:00:00,2.8,45,2.2,0.0,844.9
2018-02-28 04:00:00,2.3,46,1.5,0.0,844.4
2018-02-28 05:00:00,1.9,47,1.6,0.0,844.1
2018-02-28 06:00:00,1.4,49,3.9,0.0,843.9
2018-02-28 07:00:00,0.4,53,3.6,0.0,843.9
2018-02-28 08:00:00,-0.3,58,2.8,5.0,844.8
2018-02-28 09:00:00,0.4,55,3.6,119.0,845.4
2018-02-28 10:00:00,2.3,46,1.6,320.0,846.5
2018-02-28 11:00:00,4.7,38,0.5,510.0,846.1
2018-02-28 12:00:00,7.1,34,2.4,657.0,845.4
2018-02-28 13:00:00,8.8,33,3.1,743.0,844.4
2018-02-28 14:00:00,10.5,30,2.4,747.0,843.5
2018-02-28 15:00:00,11.9,28,3.5,662.0,842.7
2018-02-28 16:00:00,12.9,25,4.3,518.0,842.1
2018-02-28 17:00:00,13.0,26,8.4,295.0,841.3
2018-02-28 18:00:00,11.4,35,11.5,202.0,840.8
2018-02-28 19:00:00,8.5,38,10.7,34.0,840.8
2018-02-28 20:00:00,8.2,31,10.4,0.0,841.9
2018-02-28 21:00:00,9.7,25,6.3,0.0,844.0
2018-02-28 22:00:00,8.8,27,4.6,0.0,844.3
2018-02-28 23:00:00,7.8,31,2.3,0.0,844.6
2018-03-01 00:00:00,6.2,36,0.8,0.0,843.9
2018-03-01 01:00:00,5.5,36,0.5,0.0,843.1
2018-03-01 02:00:00,4.5,38,5.7,0.0,843.5
2018-03-01 03:00:00,3.8,37,2.2,0.0,843.5
2018-03-01 04:00:00,3.0,39,4.2,0.0,842.7
2018-03-01 05:00:00,2.2,41,2.1,0.0,842.2
2018-03-01 06:00:00,-0.8,52,6.0,0.0,841.3
2018-03-01 07:00:00,0.5,47,2.7,0.0,842.7
2018-03-01 08:00:00,-0.7,50,4.3,5.0,842.7
2018-03-01 09:00:00,1.5,41,5.5,118.0,845.0
2018-03-01 10:00:00,4.2,31,6.6,316.0,847.0
2018-03-01 11:00:00,6.2,26,1.9,506.0,846.4
2018-03-01 12:00:00,7.9,24,1.0,653.0,846.2
2018-03-01 13:00:00,9.5,23,0.7,736.0,845.3
2018-03-01 14:00:00,10.8,21,2.6,763.0,844.7
2018-03-01 15:00:00,11.8,21,4.6,692.0,843.9
2018-03-01 16:00:00,12.3,20,8.4,484.0,843.4
2018-03-01 17:00:00,11.9,22,12.3,283.0,843.1
2018-03-01 18:00:00,10.7,27,9.9,135.0,842.4
2018-03-01 19:00:00,7.0,37,8.7,30.0,841.0
2018-03-01 20:00:00,5.8,38,10.8,0.0,839.9
2018-03-01 21:00:00,2.8,50,10.7,0.0,839.0
2018-03-01 22:00:00,3.5,46,8.9,0.0,840.3
2018-03-01 23:00:00,5.4,38,6.6,0.0,841.9
2018-03-02 00:00:00,5.0,38,4.8,0.0,841.2
2018-03-02 01:00:00,3.9,40,5.1,0.0,840.7
2018-03-02 02:00:00,3.9,39,2.3,0.0,840.6
2018-03-02 03:00:00,3.2,41,4.3,0.0,839.4
2018-03-02 04:00:00,1.4,45,5.9,0.0,838.2
2018-03-02 05:00:00,-1.0,53,9.2,0.0,836.6
2018-03-02 06:00:00,1.3,43,5.8,0.0,838.1
2018-03-02 07:00:00,1.4,43,3.1,0.0,838.4
2018-03-02 08:00:00,0.7,46,5.8,7.0,838.4
2018-03-02 09:00:00,1.4,43,4.7,128.0,839.5
2018-03-02 10:00:00,4.3,35,5.8,323.0,840.9
2018-03-02 11:00:00,7.2,30,7.9,510.0,840.7
2018-03-02 12:00:00,9.6,30,8.5,671.0,839.9
2018-03-02 13:00:00,11.6,28,9.5,761.0,839.3
2018-03-02 14:00:00,13.3,26,8.0,780.0,838.4
2018-03-02 15:00:00,14.8,25,8.2,729.0,837.5
2018-03-02 16:00:00,15.9,23,8.2,612.0,836.9
2018-03-02 17:00:00,16.6,22,8.3,439.0,836.3
2018-03-02 18:00:00,13.7,31,7.6,239.0,833.9
2018-03-02 19:00:00,9.4,35,11.8,56.0,831.9
2018-03-02 20:00:00,12.2,27,7.1,0.0,832.7
2018-03-02 21:00:00,10.2,30,6.6,0.0,833.1
2018-03-02 22:00:00,8.4,30,4.6,0.0,833.0
2018-03-02 23:00:00,7.5,32,2.6,0.0,833.2
2018-03-03 00:00:00,7.9,44,7.3,0.0,834.1
2018-03-03 01:00:00,5.0,62,7.2,0.0,832.4
2018-03-03 02:00:00,0.6,74,8.6,0.0,830.1
2018-03-03 03:00:00,2.6,64,6.1,0.0,831.6
2018-03-03 04:00:00,2.4,67,1.5,0.0,831.9
2018-03-03 05:00:00,2.0,72,4.9,0.0,831.5
2018-03-03 06:00:00,1.3,80,1.4,0.0,831.8
2018-03-03 07:00:00,1.1,83,5.5,0.0,832.1
2018-03-03 08:00:00,-0.1,77,8.0,7.0,831.7
2018-03-03 09:00:00,1.9,66,3.4,120.0,834.1
2018-03-03 10:00:00,5.3,53,3.3,261.0,836.7
2018-03-03 11:00:00,7.9,51,1.5,333.0,838.1
2018-03-03 12:00:00,9.2,42,10.9,494.0,839.2
2018-03-03 13:00:00,10.7,24,15.9,572.0,839.4
2018-03-03 14:00:00,11.4,23,21.6,760.0,839.7
2018-03-03 15:00:00,11.5,22,21.9,710.0,839.5
2018-03-03 16:00:00,11.5,22,20.5,574.0,839.5
2018-03-03 17:00:00,10.8,22,18.9,362.0,839.9
2018-03-03 18:00:00,9.6,24,14.8,173.0,840.4
2018-03-03 19:00:00,7.5,27,10.9,33.0,840.6
2018-03-03 20:00:00,6.6,30,10.8,0.0,841.2
2018-03-03 21:00:00,5.5,33,7.9,0.0,842.4
2018-03-03 22:00:00,6.6,31,5.8,0.0,843.5
2018-03-03 23:00:00,4.5,38,7.4,0.0,843.3
2018-03-04 00:00:00,4.1,43,7.6,0.0,843.8
2018-03-04 01:00:00,3.7,48,6.0,0.0,844.4
2018-03-04 02:00:00,2.9,53,6.2,0.0,844.4
2018-03-04 03:00:00,2.4,58,6.4,0.0,844.8
2018-03-04 04:00:00,1.9,62,6.6,0.0,844.6
2018-03-04 05:00:00,1.6,65,6.5,0.0,844.8
2018-03-04 06:00:00,2.5,59,2.5,0.0,845.6
2018-03-04 07:00:00,1.8,63,2.9,0.0,846.1
2018-03-04 08:00:00,0.7,77,1.8,4.0,846.5
2018-03-04 09:00:00,1.5,74,6.5,55.0,848.0
2018-03-04 10:00:00,2.9,63,3.6,212.0,848.6
2018-03-04 11:00:00,4.2,56,1.0,378.0,848.7
2018-03-04 12:00:00,5.5,50,5.9,554.0,848.4
2018-03-04 13:00:00,6.8,46,7.2,673.0,848.3
2018-03-04 14:00:00,7.5,45,5.2,602.0,847.2
2018-03-04 15:00:00,8.4,42,3.4,574.0,846.6
2018-03-04 16:00:00,8.8,38,4.4,393.0,845.9
2018-03-04 17:00:00,9.5,35,3.9,346.0,846.1
2018-03-04 18:00:00,9.2,36,7.0,177.0,846.2
2018-03-04 19:00:00,6.1,49,6.8,52.0,845.1
2018-03-04 20:00:00,4.7,55,11.8,0.0,844.6
2018-03-04 21:00:00,4.0,58,8.4,0.0,845.8
2018-03-04 22:00:00,2.2,66,8.4,0.0,845.3
2018-03-04 23:00:00,1.2,69,8.9,0.0,845.1
2018-03-05 00:00:00,3.0,59,6.5,0.0,846.8
2018-03-05 01:00:00,3.0,59,2.7,0.0,847.5
2018-03-05 02:00:00,2.9,59,2.9,0.0,846.9
2018-03-05 03:00:00,2.7,60,4.1,0.0,846.6
2018-03-05 04:00:00,2.2,62,1.6,0.0,847.0
2018-03-05 05:00:00,1.8,64,2.1,0.0,846.7
2018-03-05 06:00:00,1.5,64,1.0,0.0,846.7
2018-03-05 07:00:00,1.1,66,4.7,0.0,847.1
2018-03-05 08:00:00,0.7,69,2.5,9.0,847.4
2018-03-05 09:00:00,2.0,66,2.3,129.0,848.9
2018-03-05 10:00:00,3.7,58,1.5,296.0,849.9
2018-03-05 11:00:00,5.2,53,3.6,435.0,849.7
2018-03-05 12:00:00,7.5,46,8.5,651.0,849.4
2018-03-05 13:00:00,9.2,40,13.0,742.0,848.6
2018-03-05 14:00:00,10.1,36,12.4,753.0,848.0
2018-03-05 15:00:00,10.6,34,12.4,588.0,847.1
2018-03-05 16:00:00,10.7,34,11.9,329.0,846.6
2018-03-05 17:00:00,9.5,41,15.3,182.0,846.6
2018-03-05 18:00:00,8.4,47,12.6,85.0,846.6
2018-03-05 19:00:00,7.0,54,7.1,24.0,846.6
2018-03-05 20:00:00,6.9,57,10.9,0.0,846.9
2018-03-05 21:00:00,5.6,64,10.1,0.0,847.3
2018-03-05 22:00:00,3.8,73,7.0,0.0,847.1
2018-03-05 23:00:00,4.0,71,6.3,0.0,847.9
2018-03-06 00:00:00,2.5,79,7.8,0.0,847.3
2018-03-06 01:00:00,3.2,74,7.0,0.0,847.9
2018-03-06 02:00:00,3.4,73,4.2,0.0,848.5
2018-03-06 03:00:00,3.1,74,1.1,0.0,848.3
2018-03-06 04:00:00,2.7,77,2.6,0.0,848.1
2018-03-06 05:00:00,2.2,79,0.8,0.0,847.6
2018-03-06 06:00:00,1.9,79,0.5,0.0,847.2
2018-03-06 07:00:00,1.1,83,4.2,0.0,847.2
2018-03-06 08:00:00,0.4,90,5.0,9.0,847.1
2018-03-06 09:00:00,2.4,81,6.1,120.0,849.1
2018-03-06 10:00:00,4.3,74,4.2,278.0,849.9
2018-03-06 11:00:00,6.5,64,5.2,446.0,849.8
2018-03-06 12:00:00,8.8,54,5.4,638.0,849.7
2018-03-06 13:00:00,10.4,46,1.1,710.0,849.1
2018-03-06 14:00:00,11.6,39,6.1,673.0,848.6
2018-03-06 15:00:00,12.3,35,7.9,565.0,847.9
2018-03-06 16:00:00,12.4,29,9.2,367.0,847.3
2018-03-06 17:00:00,12.4,26,12.1,290.0,847.3
2018-03-06 18:00:00,11.3,29,9.4,140.0,847.2
2018-03-06 19:00:00,8.6,38,7.3,42.0,846.7
2018-03-06 20:00:00,6.0,43,11.2,0.0,846.3
2018-03-06 21:00:00,5.1,48,9.1,0.0,846.8
2018-03-06 22:00:00,7.6,39,3.8,0.0,849.3
2018-03-06 23:00:00,7.2,39,4.9,0.0,849.7
2018-03-07 00:00:00,6.5,41,5.7,0.0,849.9
2018-03-07 01:00:00,6.0,42,2.7,0.0,850.1
2018-03-07 02:00:00,2.4,55,5.1,0.0,849.0
2018-03-07 03:00:00,4.0,46,5.4,0.0,850.7
2018-03-07 04:00:00,2.7,52,3.1,0.0,850.7
2018-03-07 05:00:00,2.3,52,2.8,0.0,850.8
2018-03-07 06:00:00,4.7,41,5.3,0.0,853.4
2018-03-07 07:00:00,0.1,56,10.2,0.0,852.2
2018-03-07 08:00:00,2.5,48,5.1,11.0,854.7
2018-03-07 09:00:00,2.7,49,3.8,133.0,855.7
2018-03-07 10:00:00,3.9,46,6.4,315.0,856.8
2018-03-07 11:00:00,5.2,42,8.4,426.0,856.7
2018-03-07 12:00:00,6.4,39,10.0,556.0,856.6
2018-03-07 13:00:00,7.9,36,8.7,764.0,856.1
2018-03-07 14:00:00,9.0,33,8.9,768.0,854.8
2018-03-07 15:00:00,10.1,30,10.3,694.0,854.2
2018-03-07 16:00:00,9.5,30,14.2,540.0,853.8
2018-03-07 17:00:00,9.1,31,13.4,398.0,853.5
2018-03-07 18:00:00,8.7,31,9.3,248.0,853.3
2018-03-07 19:00:00,4.4,44,9.7,64.0,851.4
2018-03-07 20:00:00,3.4,46,12.2,0.0,850.9
2018-03-07 21:00:00,2.5,50,9.7,0.0,850.9
2018-03-07 22:00:00,1.2,56,9.8,0.0,851.2
2018-03-07 23:00:00,3.2,47,6.9,0.0,853.6
2018-03-08 00:00:00,2.7,46,3.8,0.0,853.5
2018-03-08 01:00:00,2.0,43,2.9,0.0,853.4
2018-03-08 02:00:00,0.2,44,3.4,0.0,852.6
2018-03-08 03:00:00,0.9,37,1.8,0.0,852.7
2018-03-08 04:00:00,-1.6,44,5.6,0.0,851.0
2018-03-08 05:00:00,-1.8,43,3.3,0.0,851.2
2018-03-08 06:00:00,-2.0,43,5.7,0.0,850.9
2018-03-08 07:00:00,-0.4,36,0.8,0.0,852.1
2018-03-08 08:00:00,-0.0,40,1.1,11.0,852.5
2018-03-08 09:00:00,1.5,35,3.2,129.0,854.0
2018-03-08 10:00:00,3.4,30,2.5,335.0,854.9
2018-03-08 11:00:00,5.8,35,1.8,546.0,854.6
2018-03-08 12:00:00,8.2,36,2.3,692.0,854.0
2018-03-08 13:00:00,10.5,32,3.8,780.0,853.3
2018-03-08 14:00:00,12.6,25,6.4,801.0,852.8
2018-03-08 15:00:00,14.0,18,7.1,748.0,852.3
2018-03-08 16:00:00,14.2,15,9.6,591.0,851.9
2018-03-08 17:00:00,13.7,15,7.9,425.0,851.4
2018-03-08 18:00:00,12.4,22,5.4,261.0,850.4
2018-03-08 19:00:00,8.5,24,9.0,68.0,848.5
2018-03-08 20:00:00,5.4,33,11.2,0.0,846.6
2018-03-08 21:00:00,5.8,32,3.9,0.0,848.2
2018-03-08 22:00:00,5.7,32,4.4,0.0,849.4
2018-03-08 23:00:00,5.4,32,4.0,0.0,849.4
2018-03-09 00:00:00,5.5,31,3.7,0.0,849.8
2018-03-09 01:00:00,4.9,32,4.0,0.0,849.4
2018-03-09 02:00:00,3.9,34,1.8,0.0,849.1
2018-03-09 03:00:00,3.5,36,2.4,0.0,849.5
2018-03-09 04:00:00,3.3,35,1.3,0.0,849.4
2018-03-09 05:00:00,2.9,35,1.1,0.0,849.5
2018-03-09 06:00:00,2.6,36,1.3,0.0,849.4
2018-03-09 07:00:00,1.8,38,3.8,0.0,849.1
2018-03-09 08:00:00,-0.0,43,4.5,15.0,848.5
2018-03-09 09:00:00,1.6,38,1.0,160.0,850.0
2018-03-09 10:00:00,4.5,31,1.4,371.0,851.1
2018-03-09 11:00:00,7.2,27,4.3,565.0,851.1
2018-03-09 12:00:00,9.3,25,4.0,713.0,850.8
2018-03-09 13:00:00,11.3,22,2.3,800.0,850.3
2018-03-09 14:00:00,13.2,18,1.5,818.0,849.9
2018-03-09 15:00:00,14.6,14,4.9,766.0,848.8
2018-03-09 16:00:00,15.4,12,7.6,648.0,847.9
2018-03-09 17:00:00,15.2,12,8.9,445.0,847.1
2018-03-09 18:00:00,12.6,40,7.0,190.0,845.7
2018-03-09 19:00:00,13.4,18,3.9,59.0,846.8
2018-03-09 20:00:00,8.1,40,13.4,0.0,844.2
2018-03-09 21:00:00,6.5,51,10.3,0.0,844.9
2018-03-09 22:00:00,5.9,57,9.4,0.0,845.1
2018-03-09 23:00:00,5.2,65,9.7,0.0,845.2
2018-03-10 00:00:00,4.6,73,10.1,0.0,845.1
2018-03-10 01:00:00,7.3,63,6.7,0.0,846.7
2018-03-10 02:00:00,6.8,66,1.1,0.0,846.9
2018-03-10 03:00:00,6.3,64,4.9,0.0,846.6
2018-03-10 04:00:00,5.5,68,3.0,0.0,846.6
2018-03-10 05:00:00,4.5,72,2.3,0.0,846.5
2018-03-10 06:00:00,3.8,73,1.3,0.0,846.4
2018-03-10 07:00:00,3.3,73,0.5,0.0,846.3
2018-03-10 08:00:00,2.7,74,4.5,16.0,846.3
2018-03-10 09:00:00,4.4,65,3.7,156.0,847.9
2018-03-10 10:00:00,6.5,59,3.6,358.0,849.1
2018-03-10 11:00:00,8.5,54,1.5,548.0,848.7
2018-03-10 12:00:00,10.9,46,1.3,693.0,848.7
2018-03-10 13:00:00,12.9,41,2.2,777.0,848.4
2018-03-10 14:00:00,14.3,35,2.9,797.0,847.7
2018-03-10 15:00:00,15.3,30,3.6,749.0,847.3
2018-03-10 16:00:00,16.0,25,4.7,634.0,846.8
2018-03-10 17:00:00,16.1,24,6.5,464.0,846.6
2018-03-10 18:00:00,15.1,30,7.3,262.0,846.2
2018-03-10 19:00:00,9.7,47,11.4,71.0,844.0
2018-03-10 20:00:00,8.1,54,14.6,0.0,842.8
2018-03-10 21:00:00,7.2,56,8.9,0.0,843.3
2018-03-10 22:00:00,5.3,62,9.7,0.0,843.1
2018-03-10 23:00:00,4.2,65,10.7,0.0,843.9
2018-03-11 00:00:00,5.5,60,9.1,0.0,845.5
2018-03-11 01:00:00,7.0,57,6.6,0.0,846.6
2018-03-11 02:00:00,6.7,57,1.5,0.0,846.9
2018-03-11 03:00:00,6.1,58,0.8,0.0,847.0
2018-03-11 04:00:00,5.6,57,1.1,0.0,846.8
2018-03-11 05:00:00,3.8,65,5.4,0.0,846.0
2018-03-11 06:00:00,4.2,66,5.5,0.0,846.7
2018-03-11 07:00:00,3.7,69,2.9,0.0,846.7
2018-03-11 08:00:00,3.4,69,2.5,17.0,847.1
2018-03-11 09:00:00,4.8,66,1.3,162.0,848.3
2018-03-11 10:00:00,7.5,57,2.6,367.0,849.2
2018-03-11 11:00:00,9.9,49,3.4,557.0,849.3
2018-03-11 12:00:00,12.6,41,3.4,702.0,849.4
2018-03-11 13:00:00,15.0,34,3.8,790.0,849.0
2018-03-11 14:00:00,16.8,31,4.6,808.0,848.2
2018-03-11 15:00:00,18.2,28,6.3,754.0,847.6
2018-03-11 16:00:00,19.1,25,7.2,637.0,846.9
2018-03-11 17:00:00,19.3,22,7.4,466.0,846.5
2018-03-11 18:00:00,17.9,26,6.2,265.0,845.6
2018-03-11 19:00:00,11.9,37,12.1,74.0,843.1
2018-03-11 20:00:00,10.9,35,15.4,0.0,842.3
2018-03-11 21:00:00,8.0,51,12.6,0.0,842.0
2018-03-11 22:00:00,7.9,51,8.2,0.0,842.6
2018-03-11 23:00:00,9.3,38,1.1,0.0,844.0
2018-03-12 00:00:00,8.7,35,2.9,0.0,844.3
2018-03-12 01:00:00,8.8,34,4.5,0.0,844.8
2018-03-12 02:00:00,7.7,48,4.6,0.0,844.8
2018-03-12 03:00:00,6.8,55,1.8,0.0,844.5
2018-03-12 04:00:00,6.4,52,4.7,0.0,844.1
2018-03-12 05:00:00,5.9,47,4.2,0.0,843.8
2018-03-12 06:00:00,5.4,49,1.1,0.0,843.8
2018-03-12 07:00:00,4.9,55,1.8,0.0,844.3
2018-03-12 08:00:00,4.3,56,1.3,19.0,844.9
2018-03-12 09:00:00,5.7,52,1.1,169.0,846.1
2018-03-12 10:00:00,8.2,46,2.6,376.0,846.9
2018-03-12 11:00:00,10.5,40,1.9,567.0,847.2
2018-03-12 12:00:00,12.8,35,1.0,711.0,847.3
2018-03-12 13:00:00,14.9,29,1.5,797.0,846.9
2018-03-12 14:00:00,16.7,23,2.4,814.0,846.1
2018-03-12 15:00:00,17.9,19,4.0,760.0,845.5
2018-03-12 16:00:00,18.6,19,4.3,641.0,844.8
2018-03-12 17:00:00,18.7,22,5.6,469.0,844.4
2018-03-12 18:00:00,17.4,29,4.9,265.0,843.8
2018-03-12 19:00:00,16.6,30,6.4,74.0,843.8
2018-03-12 20:00:00,15.6,38,9.4,0.0,843.2
2018-03-12 21:00:00,9.5,60,10.4,0.0,841.1
2018-03-12 22:00:00,10.2,57,8.3,0.0,842.6
2018-03-12 23:00:00,10.6,52,8.2,0.0,843.5
2018-03-13 00:00:00,10.5,52,8.4,0.0,844.2
2018-03-13 01:00:00,10.1,53,6.4,0.0,844.3
2018-03-13 02:00:00,9.5,54,6.6,0.0,844.1
2018-03-13 03:00:00,8.8,56,2.3,0.0,844.0
2018-03-13 04:00:00,8.4,60,4.6,0.0,844.0
2018-03-13 05:00:00,7.7,67,3.3,0.0,843.7
2018-03-13 06:00:00,7.0,71,2.1,0.0,843.7
2018-03-13 07:00:00,6.1,75,4.8,0.0,843.7
2018-03-13 08:00:00,4.7,82,5.5,20.0,843.1
2018-03-13 09:00:00,7.1,71,1.1,165.0,844.8
2018-03-13 10:00:00,9.5,62,2.9,364.0,846.2
2018-03-13 11:00:00,12.0,52,1.5,556.0,846.3
2018-03-13 12:00:00,14.8,42,2.2,703.0,846.7
2018-03-13 13:00:00,17.0,35,3.6,783.0,846.2
2018-03-13 14:00:00,18.6,30,2.9,803.0,845.4
2018-03-13 15:00:00,19.7,28,4.0,745.0,844.6
2018-03-13 16:00:00,20.4,27,6.9,625.0,843.9
2018-03-13 17:00:00,20.1,30,13.1,464.0,843.9
2018-03-13 18:00:00,18.8,23,11.4,244.0,843.8
2018-03-13 19:00:00,15.8,30,14.6,39.0,842.3
2018-03-13 20:00:00,11.8,43,10.8,0.0,839.8
2018-03-13 21:00:00,8.7,51,9.8,0.0,838.7
2018-03-13 22:00:00,10.8,42,6.3,0.0,841.1
2018-03-13 23:00:00,10.2,44,5.4,0.0,841.5
2018-03-14 00:00:00,9.8,46,3.7,0.0,841.7
2018-03-14 01:00:00,9.3,48,5.9,0.0,841.6
2018-03-14 02:00:00,9.2,47,4.3,0.0,841.9
2018-03-14 03:00:00,8.8,46,7.0,0.0,842.0
2018-03-14 04:00:00,8.1,47,5.5,0.0,841.5
2018-03-14 05:00:00,5.7,55,6.4,0.0,840.5
2018-03-14 06:00:00,4.4,56,8.4,0.0,840.3
2018-03-14 07:00:00,5.9,46,0.7,0.0,841.6
2018-03-14 08:00:00,5.5,49,0.0,23.0,841.6
2018-03-14 09:00:00,7.3,45,1.6,178.0,843.0
2018-03-14 10:00:00,10.2,40,6.6,387.0,844.5
2018-03-14 11:00:00,13.5,32,5.5,579.0,845.0
2018-03-14 12:00:00,16.8,25,5.0,725.0,845.2
2018-03-14 13:00:00,19.1,22,3.4,811.0,844.9
2018-03-14 14:00:00,20.9,18,3.0,830.0,844.4
2018-03-14 15:00:00,22.1,15,2.2,778.0,843.9
2018-03-14 16:00:00,22.7,12,3.6,658.0,843.6
2018-03-14 17:00:00,22.5,12,8.0,485.0,843.3
2018-03-14 18:00:00,20.9,15,9.0,278.0,842.8
2018-03-14 19:00:00,14.1,28,11.8,81.0,840.1
2018-03-14 20:00:00,13.8,32,10.8,1.0,839.4
2018-03-14 21:00:00,15.0,30,6.8,0.0,841.1
2018-03-14 22:00:00,13.6,30,8.7,0.0,842.1
2018-03-14 23:00:00,11.3,37,7.6,0.0,842.4
2018-03-15 00:00:00,9.3,40,6.7,0.0,841.8
2018-03-15 01:00:00,11.2,32,2.9,0.0,843.3
2018-03-15 02:00:00,10.6,31,4.9,0.0,843.5
2018-03-15 03:00:00,9.8,29,5.4,0.0,843.5
2018-03-15 04:00:00,5.8,34,6.5,0.0,842.0
2018-03-15 05:00:00,4.2,37,9.8,0.0,841.9
2018-03-15 06:00:00,7.2,32,5.2,0.0,844.8
2018-03-15 07:00:00,4.6,41,6.3,0.0,844.3
2018-03-15 08:00:00,3.4,52,5.8,24.0,845.0
2018-03-15 09:00:00,6.0,38,3.4,178.0,847.0
2018-03-15 10:00:00,7.9,34,6.3,382.0,847.2
2018-03-15 11:00:00,9.9,31,6.9,567.0,847.2
2018-03-15 12:00:00,11.7,29,7.1,715.0,847.2
2018-03-15 13:00:00,13.4,27,7.0,798.0,846.7
2018-03-15 14:00:00,15.0,28,5.9,816.0,845.8
2018-03-15 15:00:00,17.4,32,9.4,748.0,844.5
2018-03-15 16:00:00,20.1,29,21.1,600.0,843.4
2018-03-15 17:00:00,19.7,31,26.0,409.0,842.7
2018-03-15 18:00:00,18.3,38,24.9,244.0,842.2
2018-03-15 19:00:00,15.8,44,12.3,62.0,841.6
2018-03-15 20:00:00,13.8,43,10.0,1.0,840.1
2018-03-15 21:00:00,13.4,44,12.6,0.0,841.0
2018-03-15 22:00:00,12.8,51,10.8,0.0,841.4
2018-03-15 23:00:00,11.3,61,8.6,0.0,840.8
2018-03-16 00:00:00,10.6,66,8.2,0.0,840.7
2018-03-16 01:00:00,10.1,68,9.2,0.0,840.5
2018-03-16 02:00:00,9.2,73,7.5,0.0,840.0
2018-03-16 03:00:00,7.7,82,7.7,0.0,839.1
2018-03-16 04:00:00,7.0,87,8.2,0.0,838.2
2018-03-16 05:00:00,7.6,85,7.4,0.0,838.0
2018-03-16 06:00:00,8.9,80,4.9,0.0,838.6
2018-03-16 07:00:00,6.4,89,4.4,0.0,837.3
2018-03-16 08:00:00,6.9,80,8.3,18.0,837.8
2018-03-16 09:00:00,8.6,68,5.8,110.0,839.2
2018-03-16 10:00:00,9.3,68,4.0,205.0,839.8
2018-03-16 11:00:00,10.0,69,7.9,270.0,839.7
2018-03-16 12:00:00,10.4,69,11.8,304.0,839.0
2018-03-16 13:00:00,13.2,59,10.3,542.0,838.8
2018-03-16 14:00:00,15.8,49,7.9,641.0,838.0
2018-03-16 15:00:00,18.0,43,10.2,698.0,837.3
2018-03-16 16:00:00,18.9,41,15.9,630.0,836.7
2018-03-16 17:00:00,17.0,49,25.3,461.0,836.5
2018-03-16 18:00:00,14.2,57,26.4,244.0,836.3
2018-03-16 19:00:00,12.1,64,19.5,57.0,836.6
2018-03-16 20:00:00,10.4,70,20.3,1.0,836.8
2018-03-16 21:00:00,9.9,71,11.5,0.0,838.4
2018-03-16 22:00:00,8.9,77,7.3,0.0,839.6
2018-03-16 23:00:00,10.6,68,7.9,0.0,841.6
2018-03-17 00:00:00,10.2,64,14.6,0.0,842.7
2018-03-17 01:00:00,9.0,52,15.8,0.0,842.8
2018-03-17 02:00:00,8.3,44,10.3,0.0,843.2
2018-03-17 03:00:00,8.0,39,7.2,0.0,843.7
2018-03-17 04:00:00,7.5,37,8.8,0.0,843.9
2018-03-17 05:00:00,6.8,38,8.3,0.0,844.2
2018-03-17 06:00:00,6.3,40,7.9,0.0,844.5
2018-03-17 07:00:00,6.0,42,6.4,0.0,844.8
2018-03-17 08:00:00,6.2,40,7.2,9.0,844.7
2018-03-17 09:00:00,7.1,28,5.4,86.0,845.6
2018-03-17 10:00:00,8.1,23,6.2,259.0,846.7
2018-03-17 11:00:00,9.7,18,6.8,483.0,847.0
2018-03-17 12:00:00,11.4,16,7.0,651.0,847.3
2018-03-17 13:00:00,13.0,16,7.1,777.0,846.8
2018-03-17 14:00:00,14.1,15,8.2,779.0,846.0
2018-03-17 15:00:00,14.7,15,7.1,733.0,845.3
2018-03-17 16:00:00,14.9,14,11.5,589.0,845.0
2018-03-17 17:00:00,14.7,14,16.2,452.0,844.8
2018-03-17 18:00:00,13.7,14,17.1,230.0,844.7
2018-03-17 19:00:00,12.1,15,11.4,62.0,845.0
2018-03-17 20:00:00,10.6,13,10.4,1.0,845.7
2018-03-17 21:00:00,10.5,18,10.6,0.0,847.1
2018-03-17 22:00:00,9.2,23,5.4,0.0,847.3
2018-03-17 23:00:00,9.5,23,6.0,0.0,848.1
2018-03-18 00:00:00,9.1,25,5.5,0.0,848.1
2018-03-18 01:00:00,9.0,26,1.1,0.0,848.2
2018-03-18 02:00:00,5.3,37,7.1,0.0,846.2
2018-03-18 03:00:00,4.4,48,7.9,0.0,845.9
2018-03-18 04:00:00,3.8,59,6.8,0.0,845.9
2018-03-18 05:00:00,3.8,65,5.6,0.0,846.2
2018-03-18 06:00:00,4.5,63,4.0,0.0,847.3
2018-03-18 07:00:00,3.4,69,5.1,0.0,847.2
2018-03-18 08:00:00,4.5,66,2.3,26.0,848.0
2018-03-18 09:00:00,6.1,59,0.8,143.0,849.5
2018-03-18 10:00:00,7.7,53,2.5,241.0,849.8
2018-03-18 11:00:00,9.4,43,2.0,427.0,850.2
2018-03-18 12:00:00,10.9,34,1.8,599.0,850.3
2018-03-18 13:00:00,12.0,29,1.8,632.0,849.9
2018-03-18 14:00:00,12.9,27,4.8,620.0,849.5
2018-03-18 15:00:00,14.0,23,5.1,557.0,848.8
2018-03-18 16:00:00,14.6,22,5.0,438.0,848.3
2018-03-18 17:00:00,14.0,23,7.1,228.0,848.3
2018-03-18 18:00:00,12.8,28,10.9,114.0,848.4
2018-03-18 19:00:00,11.1,34,12.7,67.0,848.5
2018-03-18 20:00:00,9.1,39,7.8,1.0,847.9
2018-03-18 21:00:00,8.8,40,6.2,0.0,848.7
2018-03-18 22:00:00,7.7,41,7.8,0.0,848.9
2018-03-18 23:00:00,5.8,38,8.7,0.0,848.6
2018-03-19 00:00:00,5.6,35,7.0,0.0,848.6
2018-03-19 01:00:00,4.6,38,7.6,0.0,848.4
2018-03-19 02:00:00,6.6,34,4.8,0.0,849.4
2018-03-19 03:00:00,5.0,40,4.2,0.0,848.4
2018-03-19 04:00:00,3.4,44,5.4,0.0,847.3
2018-03-19 05:00:00,1.9,50,5.2,0.0,846.7
2018-03-19 06:00:00,1.8,53,7.1,0.0,846.7
2018-03-19 07:00:00,4.1,43,3.3,0.0,847.9
2018-03-19 08:00:00,3.0,57,4.7,31.0,847.9
2018-03-19 09:00:00,5.8,39,4.0,190.0,849.4
2018-03-19 10:00:00,8.9,33,3.4,396.0,849.8
2018-03-19 11:00:00,11.6,33,3.0,590.0,849.8
2018-03-19 12:00:00,14.1,31,4.2,735.0,849.1
2018-03-19 13:00:00,15.8,27,4.0,819.0,847.9
2018-03-19 14:00:00,17.1,23,5.8,829.0,846.8
2018-03-19 15:00:00,17.8,20,2.2,751.0,845.8
2018-03-19 16:00:00,16.7,17,9.8,373.0,844.3
2018-03-19 17:00:00,16.5,19,16.2,344.0,843.8
2018-03-19 18:00:00,14.5,28,22.4,185.0,843.1
2018-03-19 19:00:00,13.4,30,17.2,60.0,842.6
2018-03-19 20:00:00,11.6,35,10.8,1.0,843.5
2018-03-19 21:00:00,10.5,44,11.7,0.0,845.8
2018-03-19 22:00:00,7.3,52,26.4,0.0,848.5
2018-03-19 23:00:00,5.9,59,5.9,0.0,850.4
2018-03-20 00:00:00,4.8,74,12.5,0.0,851.7
2018-03-20 01:00:00,3.4,82,10.8,0.0,851.8
2018-03-20 02:00:00,3.0,84,6.4,0.0,851.5
2018-03-20 03:00:00,2.2,91,3.2,0.0,851.1
2018-03-20 04:00:00,1.3,91,6.0,0.0,850.0
2018-03-20 05:00:00,0.7,89,6.2,0.0,849.2
2018-03-20 06:00:00,0.7,86,6.5,0.0,849.1
2018-03-20 07:00:00,1.2,82,3.1,0.0,850.0
2018-03-20 08:00:00,0.8,84,1.8,35.0,850.2
2018-03-20 09:00:00,2.9,77,4.1,204.0,852.0
2018-03-20 10:00:00,5.3,59,4.3,414.0,852.5
2018-03-20 11:00:00,7.6,48,5.1,606.0,852.1
2018-03-20 12:00:00,9.7,41,4.8,750.0,851.5
2018-03-20 13:00:00,11.8,34,3.9,831.0,851.1
2018-03-20 14:00:00,13.7,28,3.2,846.0,850.4
2018-03-20 15:00:00,15.0,21,5.5,794.0,849.6
2018-03-20 16:00:00,15.4,17,10.5,674.0,849.1
2018-03-20 17:00:00,15.2,16,14.7,498.0,849.1
2018-03-20 18:00:00,14.0,18,16.8,288.0,848.9
2018-03-20 19:00:00,11.8,21,10.8,91.0,848.8
2018-03-20 20:00:00,8.2,29,12.6,2.0,848.2
2018-03-20 21:00:00,7.8,32,9.0,0.0,849.6
2018-03-20 22:00:00,8.6,31,5.9,0.0,851.3
2018-03-20 23:00:00,7.2,33,7.6,0.0,851.0
2018-03-21 00:00:00,7.9,31,6.5,0.0,851.4
2018-03-21 01:00:00,7.1,33,7.6,0.0,850.8
2018-03-21 02:00:00,8.4,29,1.3,0.0,851.6
2018-03-21 03:00:00,3.8,39,9.2,0.0,849.4
2018-03-21 04:00:00,5.1,34,7.9,0.0,850.2
2018-03-21 05:00:00,5.2,33,2.6,0.0,850.6
2018-03-21 06:00:00,2.7,41,4.7,0.0,849.5
2018-03-21 07:00:00,2.8,41,3.6,0.0,850.0
2018-03-21 08:00:00,2.4,52,3.6,37.0,849.7
2018-03-21 09:00:00,4.9,39,3.1,204.0,851.6
2018-03-21 10:00:00,7.4,32,1.6,412.0,852.1
2018-03-21 11:00:00,9.9,28,1.8,600.0,852.1
2018-03-21 12:00:00,11.9,26,1.8,735.0,851.9
2018-03-21 13:00:00,13.5,24,0.8,789.0,851.4
2018-03-21 14:00:00,14.8,21,2.5,824.0,850.8
2018-03-21 15:00:00,15.5,20,1.4,776.0,849.9
2018-03-21 16:00:00,15.6,20,1.8,599.0,849.2
2018-03-21 17:00:00,15.5,20,0.5,452.0,849.0
2018-03-21 18:00:00,15.3,19,4.0,231.0,848.6
2018-03-21 19:00:00,13.8,20,7.7,74.0,848.4
2018-03-21 20:00:00,9.5,30,11.5,2.0,846.7
2018-03-21 21:00:00,8.2,39,8.2,0.0,847.0
2018-03-21 22:00:00,7.3,44,7.8,0.0,847.5
2018-03-21 23:00:00,6.3,47,8.6,0.0,848.0
2018-03-22 00:00:00,8.1,42,4.2,0.0,849.4
2018-03-22 01:00:00,7.9,42,5.0,0.0,849.3
2018-03-22 02:00:00,7.3,44,2.7,0.0,849.0
2018-03-22 03:00:00,6.2,47,1.3,0.0,848.1
2018-03-22 04:00:00,4.9,49,2.2,0.0,847.1
2018-03-22 05:00:00,3.9,49,2.2,0.0,846.7
2018-03-22 06:00:00,3.7,48,4.1,0.0,846.8
2018-03-22 07:00:00,3.8,47,6.1,0.0,847.0
2018-03-22 08:00:00,4.0,46,4.7,40.0,847.9
2018-03-22 09:00:00,5.5,40,3.1,211.0,848.7
2018-03-22 10:00:00,8.2,34,3.2,421.0,849.2
2018-03-22 11:00:00,10.9,30,3.7,612.0,849.0
2018-03-22 12:00:00,13.6,27,3.6,758.0,848.8
2018-03-22 13:00:00,15.9,23,3.6,842.0,848.1
2018-03-22 14:00:00,17.7,20,5.2,857.0,847.2
2018-03-22 15:00:00,19.0,18,7.8,800.0,845.9
2018-03-22 16:00:00,19.6,17,10.8,676.0,845.0
2018-03-22 17:00:00,19.6,19,12.8,483.0,844.3
2018-03-22 18:00:00,18.9,20,12.5,285.0,843.5
2018-03-22 19:00:00,15.7,25,9.0,90.0,842.0
2018-03-22 20:00:00,11.7,35,13.2,2.0,839.9
2018-03-22 21:00:00,9.4,44,11.2,0.0,839.9
2018-03-22 22:00:00,11.3,40,8.0,0.0,842.3
2018-03-22 23:00:00,8.5,53,5.8,0.0,841.9
2018-03-23 00:00:00,8.9,53,5.0,0.0,842.8
2018-03-23 01:00:00,9.6,49,3.8,0.0,843.5
2018-03-23 02:00:00,7.1,56,6.7,0.0,842.9
2018-03-23 03:00:00,6.8,58,6.1,0.0,843.3
2018-03-23 04:00:00,4.6,66,7.8,0.0,842.7
2018-03-23 05:00:00,4.1,67,9.2,0.0,843.0
2018-03-23 06:00:00,5.4,63,8.4,0.0,844.2
2018-03-23 07:00:00,6.5,61,6.6,0.0,845.4
2018-03-23 08:00:00,5.7,69,7.2,41.0,846.0
2018-03-23 09:00:00,8.8,51,3.3,209.0,848.8
2018-03-23 10:00:00,11.8,35,5.8,413.0,850.2
2018-03-23 11:00:00,14.2,28,5.6,588.0,850.9
2018-03-23 12:00:00,16.0,22,4.0,741.0,851.2
2018-03-23 13:00:00,17.1,17,7.6,817.0,850.8
2018-03-23 14:00:00,17.9,15,7.8,837.0,850.4
2018-03-23 15:00:00,18.4,14,9.3,783.0,849.8
2018-03-23 16:00:00,18.6,13,12.6,658.0,849.4
2018-03-23 17:00:00,18.2,14,15.8,483.0,849.1
2018-03-23 18:00:00,17.1,16,17.9,281.0,849.0
2018-03-23 19:00:00,14.7,18,11.2,95.0,848.7
2018-03-23 20:00:00,11.8,21,10.2,2.0,847.4
2018-03-23 21:00:00,11.7,22,10.1,0.0,848.7
2018-03-23 22:00:00,9.3,26,9.4,0.0,848.6
2018-03-23 23:00:00,9.7,26,7.3,0.0,849.7
2018-03-24 00:00:00,10.7,26,4.6,0.0,850.6
2018-03-24 01:00:00,8.4,32,6.6,0.0,849.6
2018-03-24 02:00:00,5.8,38,8.8,0.0,848.3
2018-03-24 03:00:00,4.8,39,9.9,0.0,847.8
2018-03-24 04:00:00,6.7,32,6.2,0.0,848.7
2018-03-24 05:00:00,6.0,32,2.7,0.0,848.5
2018-03-24 06:00:00,5.6,33,1.9,0.0,848.9
2018-03-24 07:00:00,5.4,32,2.3,0.0,849.3
2018-03-24 08:00:00,5.0,43,1.3,44.0,850.2
2018-03-24 09:00:00,7.4,29,0.4,215.0,851.6
2018-03-24 10:00:00,9.6,27,2.2,424.0,852.0
2018-03-24 11:00:00,11.9,23,0.4,610.0,852.8
2018-03-24 12:00:00,13.9,20,1.0,749.0,852.4
2018-03-24 13:00:00,15.5,19,2.7,830.0,851.7
2018-03-24 14:00:00,16.9,20,6.8,841.0,850.8
2018-03-24 15:00:00,17.8,22,9.1,782.0,849.7
2018-03-24 16:00:00,18.7,21,12.0,649.0,849.2
2018-03-24 17:00:00,18.6,20,18.1,445.0,848.6
2018-03-24 18:00:00,17.1,21,22.9,187.0,848.3
2018-03-24 19:00:00,15.3,25,20.8,63.0,848.1
2018-03-24 20:00:00,13.5,29,14.9,2.0,847.8
2018-03-24 21:00:00,11.8,35,9.7,0.0,847.4
2018-03-24 22:00:00,9.6,42,7.3,0.0,847.2
2018-03-24 23:00:00,8.0,47,9.5,0.0,846.9
2018-03-25 00:00:00,7.7,49,8.7,0.0,846.8
2018-03-25 01:00:00,6.7,52,8.7,0.0,846.2
2018-03-25 02:00:00,8.1,47,6.4,0.0,846.9
2018-03-25 03:00:00,8.3,47,3.4,0.0,847.7
2018-03-25 04:00:00,7.9,49,1.5,0.0,847.4
2018-03-25 05:00:00,7.8,49,2.5,0.0,847.8
2018-03-25 06:00:00,5.7,56,6.1,0.0,847.2
2018-03-25 07:00:00,7.0,51,2.2,0.0,848.7
2018-03-25 08:00:00,7.2,50,0.5,45.0,849.5
2018-03-25 09:00:00,8.8,48,2.5,215.0,851.3
2018-03-25 10:00:00,10.9,42,2.1,422.0,852.3
2018-03-25 11:00:00,13.5,34,4.3,611.0,853.2
2018-03-25 12:00:00,16.1,27,4.0,754.0,853.4
2018-03-25 13:00:00,18.0,23,1.8,838.0,853.1
2018-03-25 14:00:00,19.2,20,3.5,851.0,852.8
2018-03-25 15:00:00,20.0,19,1.8,792.0,852.0
2018-03-25 16:00:00,20.3,18,5.8,652.0,851.6
2018-03-25 17:00:00,19.9,18,12.5,463.0,851.4
2018-03-25 18:00:00,19.0,19,11.3,274.0,851.4
2018-03-25 19:00:00,16.0,24,7.8,96.0,850.0
2018-03-25 20:00:00,14.6,23,10.2,3.0,849.5
2018-03-25 21:00:00,13.1,24,9.7,0.0,849.4
2018-03-25 22:00:00,11.4,21,11.2,0.0,850.0
2018-03-25 23:00:00,14.2,17,6.2,0.0,852.2
2018-03-26 00:00:00,13.1,21,4.1,0.0,852.0
2018-03-26 01:00:00,11.4,24,4.3,0.0,852.0
2018-03-26 02:00:00,10.6,26,2.8,0.0,851.8
2018-03-26 03:00:00,10.0,24,2.5,0.0,851.7
2018-03-26 04:00:00,9.7,23,5.1,0.0,851.8
2018-03-26 05:00:00,8.2,23,5.4,0.0,851.6
2018-03-26 06:00:00,8.3,23,3.1,0.0,852.3
2018-03-26 07:00:00,7.3,25,8.4,0.0,852.3
2018-03-26 08:00:00,8.4,29,5.4,39.0,853.7
2018-03-26 09:00:00,10.5,19,2.5,149.0,855.1
2018-03-26 10:00:00,13.0,17,2.4,265.0,856.2
2018-03-26 11:00:00,15.0,16,0.4,357.0,857.1
2018-03-26 12:00:00,16.8,16,1.6,504.0,857.2
2018-03-26 13:00:00,18.2,15,1.8,673.0,856.6
2018-03-26 14:00:00,18.9,14,2.3,690.0,855.8
2018-03-26 15:00:00,19.3,15,2.8,643.0,854.6
2018-03-26 16:00:00,19.7,15,5.5,560.0,854.0
2018-03-26 17:00:00,19.4,17,12.9,388.0,853.3
2018-03-26 18:00:00,18.3,21,16.2,248.0,852.6
2018-03-26 19:00:00,16.3,24,12.7,92.0,851.9
2018-03-26 20:00:00,12.9,32,9.8,3.0,850.0
2018-03-26 21:00:00,10.3,40,7.8,0.0,849.0
2018-03-26 22:00:00,8.3,45,4.8,0.0,848.2
2018-03-26 23:00:00,6.9,48,5.5,0.0,847.8
2018-03-27 00:00:00,9.0,38,3.4,0.0,849.1
2018-03-27 01:00:00,8.9,37,4.5,0.0,849.4
2018-03-27 02:00:00,9.0,37,3.5,0.0,849.8
2018-03-27 03:00:00,9.1,37,4.0,0.0,849.8
2018-03-27 04:00:00,8.9,37,1.1,0.0,849.4
2018-03-27 05:00:00,8.7,38,1.8,0.0,849.0
2018-03-27 06:00:00,8.2,40,3.0,0.0,849.0
2018-03-27 07:00:00,7.6,42,4.3,0.0,849.0
2018-03-27 08:00:00,7.2,47,3.0,52.0,849.2
2018-03-27 09:00:00,9.5,42,5.7,228.0,851.0
2018-03-27 10:00:00,12.2,36,5.4,438.0,851.9
2018-03-27 11:00:00,15.5,28,2.7,625.0,852.4
2018-03-27 12:00:00,18.5,23,1.1,766.0,852.2
2018-03-27 13:00:00,20.9,18,3.0,848.0,851.3
2018-03-27 14:00:00,22.1,12,1.8,862.0,850.5
2018-03-27 15:00:00,22.6,10,1.1,806.0,849.6
2018-03-27 16:00:00,22.9,9,4.1,683.0,848.9
2018-03-27 17:00:00,22.6,10,9.2,507.0,848.3
2018-03-27 18:00:00,21.3,14,14.8,299.0,847.6
2018-03-27 19:00:00,18.2,21,9.4,103.0,846.5
2018-03-27 20:00:00,15.2,26,9.2,4.0,844.5
2018-03-27 21:00:00,14.3,22,8.4,0.0,844.5
2018-03-27 22:00:00,11.9,23,8.9,0.0,843.6
2018-03-27 23:00:00,9.6,29,8.1,0.0,842.9
2018-03-28 00:00:00,8.1,33,7.1,0.0,842.5
2018-03-28 01:00:00,10.3,28,2.9,0.0,844.0
2018-03-28 02:00:00,9.7,29,2.7,0.0,843.7
2018-03-28 03:00:00,9.4,30,4.8,0.0,843.4
2018-03-28 04:00:00,9.7,31,5.2,0.0,843.9
2018-03-28 05:00:00,9.9,32,3.3,0.0,844.3
2018-03-28 06:00:00,9.7,33,1.9,0.0,844.5
2018-03-28 07:00:00,9.6,34,2.3,0.0,845.0
2018-03-28 08:00:00,8.9,38,3.6,54.0,845.1
2018-03-28 09:00:00,11.1,30,3.1,230.0,846.6
2018-03-28 10:00:00,14.1,24,2.9,438.0,847.7
2018-03-28 11:00:00,17.3,20,2.9,625.0,848.0
2018-03-28 12:00:00,20.1,17,4.3,768.0,848.0
2018-03-28 13:00:00,22.1,14,4.1,851.0,847.5
2018-03-28 14:00:00,23.6,12,4.8,865.0,846.8
2018-03-28 15:00:00,24.6,12,9.2,805.0,846.2
2018-03-28 16:00:00,24.8,11,14.3,680.0,845.4
2018-03-28 17:00:00,24.5,7,19.5,508.0,844.9
2018-03-28 18:00:00,23.2,10,21.7,301.0,844.2
2018-03-28 19:00:00,20.5,15,17.1,104.0,843.5
2018-03-28 20:00:00,18.3,25,18.0,4.0,842.3
2018-03-28 21:00:00,16.7,34,16.5,0.0,842.4
2018-03-28 22:00:00,14.9,42,10.1,0.0,842.3
2018-03-28 23:00:00,12.7,53,8.0,0.0,841.9
2018-03-29 00:00:00,10.9,59,8.2,0.0,841.4
2018-03-29 01:00:00,9.9,59,8.7,0.0,841.1
2018-03-29 02:00:00,10.1,57,7.3,0.0,841.5
2018-03-29 03:00:00,11.6,49,2.9,0.0,842.8
2018-03-29 04:00:00,11.1,49,5.1,0.0,842.6
2018-03-29 05:00:00,9.7,54,6.8,0.0,841.8
2018-03-29 06:00:00,9.7,52,6.2,0.0,842.0
2018-03-29 07:00:00,7.7,57,7.3,0.0,841.4
2018-03-29 08:00:00,9.6,50,4.3,57.0,842.9
2018-03-29 09:00:00,11.9,49,6.8,231.0,844.5
2018-03-29 10:00:00,13.7,47,3.4,436.0,845.1
2018-03-29 11:00:00,15.6,41,1.1,621.0,845.3
2018-03-29 12:00:00,17.8,36,4.2,758.0,845.1
2018-03-29 13:00:00,20.6,33,7.2,834.0,844.4
2018-03-29 14:00:00,23.1,26,5.5,846.0,843.4
2018-03-29 15:00:00,25.2,21,10.8,789.0,842.6
2018-03-29 16:00:00,25.8,22,19.9,666.0,841.8
2018-03-29 17:00:00,24.9,25,28.8,491.0,841.3
2018-03-29 18:00:00,22.2,32,32.6,291.0,840.8
2018-03-29 19:00:00,19.6,36,28.0,103.0,840.9
2018-03-29 20:00:00,18.2,40,26.9,4.0,839.8
2018-03-29 21:00:00,16.3,47,26.6,0.0,840.6
2018-03-29 22:00:00,14.6,55,17.9,0.0,841.9
2018-03-29 23:00:00,14.2,58,17.4,0.0,843.9
2018-03-30 00:00:00,14.5,56,15.4,0.0,845.2
2018-03-30 01:00:00,13.8,58,10.5,0.0,845.6
2018-03-30 02:00:00,13.9,59,9.4,0.0,846.5
2018-03-30 03:00:00,12.3,78,4.0,0.0,846.6
2018-03-30 04:00:00,11.5,85,5.9,0.0,846.8
2018-03-30 05:00:00,11.5,84,5.9,0.0,847.4
2018-03-30 06:00:00,12.1,71,4.0,0.0,848.2
2018-03-30 07:00:00,12.0,59,5.2,0.0,848.9
2018-03-30 08:00:00,12.3,27,7.0,20.0,849.9
2018-03-30 09:00:00,13.6,23,8.3,55.0,851.1
2018-03-30 10:00:00,14.1,22,10.5,134.0,852.0
2018-03-30 11:00:00,14.7,22,7.7,193.0,852.7
2018-03-30 12:00:00,16.0,21,7.2,366.0,853.1
2018-03-30 13:00:00,16.8,21,9.7,438.0,852.7
2018-03-30 14:00:00,17.2,21,10.7,465.0,852.5
2018-03-30 15:00:00,17.4,21,10.0,426.0,851.9
2018-03-30 16:00:00,18.1,20,9.7,457.0,851.8
2018-03-30 17:00:00,18.6,21,10.9,280.0,851.4
2018-03-30 18:00:00,18.3,21,13.5,241.0,851.6
2018-03-30 19:00:00,17.0,22,8.6,64.0,851.4
2018-03-30 20:00:00,14.7,33,14.4,2.0,852.7
2018-03-30 21:00:00,14.0,37,6.6,0.0,853.0
2018-03-30 22:00:00,12.7,42,5.9,0.0,852.5
2018-03-30 23:00:00,12.0,48,10.8,0.0,853.2
2018-03-31 00:00:00,10.1,58,6.6,0.0,852.8
2018-03-31 01:00:00,8.1,67,7.0,0.0,851.8
2018-03-31 02:00:00,7.6,69,6.0,0.0,851.5
2018-03-31 03:00:00,7.1,71,3.9,0.0,851.4
2018-03-31 04:00:00,6.9,70,2.9,0.0,851.0
2018-03-31 05:00:00,8.3,61,1.8,0.0,852.0
2018-03-31 06:00:00,8.4,61,1.3,0.0,852.3
2018-03-31 07:00:00,8.8,60,3.3,0.0,853.3
2018-03-31 08:00:00,9.2,58,4.4,57.0,854.7
2018-03-31 09:00:00,11.4,50,6.1,184.0,855.9
2018-03-31 10:00:00,12.9,35,3.3,352.0,856.3
2018-03-31 11:00:00,14.0,29,4.2,447.0,857.0
2018-03-31 12:00:00,14.8,26,4.5,483.0,857.0
2018-03-31 13:00:00,15.7,24,4.7,478.0,856.1
2018-03-31 14:00:00,15.9,23,6.2,398.0,855.7
2018-03-31 15:00:00,16.1,23,9.1,394.0,854.9
2018-03-31 16:00:00,16.4,23,10.8,402.0,854.2
2018-03-31 17:00:00,16.5,22,11.0,311.0,853.6
2018-03-31 18:00:00,16.0,23,10.8,176.0,853.1
2018-03-31 19:00:00,13.7,28,6.4,106.0,852.0
2018-03-31 20:00:00,11.4,40,8.9,5.0,851.2
2018-03-31 21:00:00,9.9,50,7.3,0.0,850.9
2018-03-31 22:00:00,8.8,55,5.4,0.0,850.4
2018-03-31 23:00:00,8.8,54,3.8,0.0,850.7
2018-04-01 00:00:00,8.3,56,1.0,0.0,850.4
2018-04-01 01:00:00,8.2,55,2.7,0.0,850.4
2018-04-01 02:00:00,5.8,65,4.4,0.0,849.2
2018-04-01 03:00:00,5.0,65,4.5,0.0,848.3
2018-04-01 04:00:00,4.8,62,3.4,0.0,847.7
2018-04-01 05:00:00,4.8,61,2.9,0.0,847.3
2018-04-01 06:00:00,5.5,59,1.9,0.0,847.6
2018-04-01 07:00:00,3.7,68,4.3,0.0,846.8
2018-04-01 08:00:00,5.7,62,3.7,67.0,848.4
2018-04-01 09:00:00,8.6,53,5.1,248.0,849.6
2018-04-01 10:00:00,12.2,42,3.6,457.0,850.5
2018-04-01 11:00:00,16.7,29,5.0,646.0,851.2
2018-04-01 12:00:00,21.1,11,14.2,789.0,851.2
2018-04-01 13:00:00,22.7,10,15.1,868.0,850.5
2018-04-01 14:00:00,23.8,9,11.6,880.0,849.6
2018-04-01 15:00:00,24.6,7,9.5,819.0,848.5
2018-04-01 16:00:00,25.0,7,8.4,693.0,847.7
2018-04-01 17:00:00,24.9,7,9.4,516.0,847.1
2018-04-01 18:00:00,24.1,8,11.2,308.0,846.4
2018-04-01 19:00:00,20.3,10,8.1,112.0,844.7
2018-04-01 20:00:00,15.9,20,8.9,6.0,842.3
2018-04-01 21:00:00,12.8,26,6.4,0.0,841.1
2018-04-01 22:00:00,12.5,24,7.4,0.0,841.7
2018-04-01 23:00:00,13.1,23,6.4,0.0,842.9
2018-04-02 00:00:00,11.9,26,8.7,0.0,842.6
2018-04-02 01:00:00,13.7,23,7.4,0.0,843.5
2018-04-02 02:00:00,13.1,24,4.7,0.0,843.3
2018-04-02 03:00:00,12.8,24,2.5,0.0,843.4
2018-04-02 04:00:00,12.0,25,3.2,0.0,843.4
2018-04-02 05:00:00,11.0,27,4.3,0.0,843.1
2018-04-02 06:00:00,7.3,35,5.9,0.0,841.5
2018-04-02 07:00:00,7.7,34,4.1,0.0,842.3
2018-04-02 08:00:00,9.2,34,1.9,69.0,843.8
2018-04-02 09:00:00,12.8,24,4.7,251.0,846.1
2018-04-02 10:00:00,16.1,19,5.8,459.0,847.5
2018-04-02 11:00:00,19.3,15,5.6,646.0,848.4
2018-04-02 12:00:00,22.1,12,4.6,786.0,848.5
2018-04-02 13:00:00,24.6,10,5.3,866.0,848.0
2018-04-02 14:00:00,26.2,7,7.9,877.0,847.4
2018-04-02 15:00:00,26.9,6,8.3,817.0,846.8
2018-04-02 16:00:00,27.1,6,9.7,690.0,846.0
2018-04-02 17:00:00,26.6,8,11.5,512.0,845.4
2018-04-02 18:00:00,25.8,12,10.1,306.0,844.7
2018-04-02 19:00:00,20.8,18,10.1,111.0,842.7
2018-04-02 20:00:00,18.3,16,13.9,6.0,841.7
2018-04-02 21:00:00,18.4,15,9.8,0.0,843.1
2018-04-02 22:00:00,18.3,15,15.5,0.0,844.3
2018-04-02 23:00:00,17.5,16,13.0,0.0,845.0
2018-04-03 00:00:00,15.0,22,9.8,0.0,845.0
2018-04-03 01:00:00,15.3,26,9.8,0.0,845.9
2018-04-03 02:00:00,12.8,32,8.7,0.0,845.5
2018-04-03 03:00:00,11.5,32,9.4,0.0,845.6
2018-04-03 04:00:00,14.0,25,4.6,0.0,847.1
2018-04-03 05:00:00,13.4,25,5.4,0.0,847.0
2018-04-03 06:00:00,12.8,24,4.4,0.0,847.3
2018-04-03 07:00:00,12.2,24,3.9,1.0,847.8
2018-04-03 08:00:00,10.9,31,5.4,71.0,849.0
2018-04-03 09:00:00,12.2,23,4.3,249.0,850.3
2018-04-03 10:00:00,13.8,21,10.4,454.0,851.6
2018-04-03 11:00:00,15.4,19,13.2,638.0,852.2
2018-04-03 12:00:00,16.7,18,14.6,776.0,852.1
2018-04-03 13:00:00,17.7,18,13.9,851.0,851.4
2018-04-03 14:00:00,18.7,17,12.8,859.0,850.6
2018-04-03 15:00:00,19.3,17,12.7,786.0,849.8
2018-04-03 16:00:00,19.4,17,14.3,633.0,849.0
2018-04-03 17:00:00,19.1,18,16.9,431.0,848.4
2018-04-03 18:00:00,18.4,19,18.5,287.0,847.9
2018-04-03 19:00:00,16.8,20,14.6,111.0,847.4
2018-04-03 20:00:00,15.2,23,12.0,7.0,845.8
2018-04-03 21:00:00,14.0,25,9.3,0.0,846.0
2018-04-03 22:00:00,13.1,27,9.0,0.0,845.5
2018-04-03 23:00:00,12.5,28,8.0,0.0,844.9
2018-04-04 00:00:00,12.2,31,9.7,0.0,844.2
2018-04-04 01:00:00,10.7,34,7.4,0.0,842.9
2018-04-04 02:00:00,8.8,40,7.2,0.0,841.0
2018-04-04 03:00:00,8.2,42,4.3,0.0,839.9
2018-04-04 04:00:00,7.8,42,3.9,0.0,839.0
2018-04-04 05:00:00,7.9,41,4.5,0.0,838.1
2018-04-04 06:00:00,9.2,37,4.1,0.0,838.4
2018-04-04 07:00:00,8.1,41,5.1,1.0,837.6
2018-04-04 08:00:00,9.1,39,2.1,71.0,838.4
2018-04-04 09:00:00,11.1,32,3.9,234.0,840.3
2018-04-04 10:00:00,13.9,25,4.0,396.0,842.9
2018-04-04 11:00:00,15.5,24,5.8,473.0,843.6
2018-04-04 12:00:00,18.4,19,13.5,641.0,845.2
2018-04-04 13:00:00,19.7,16,24.5,843.0,846.2
2018-04-04 14:00:00,18.9,20,33.2,845.0,846.5
2018-04-04 15:00:00,17.0,21,33.2,728.0,847.4
2018-04-04 16:00:00,14.8,21,30.0,585.0,847.4
2018-04-04 17:00:00,12.6,23,28.1,416.0,847.5
2018-04-04 18:00:00,9.9,31,25.4,265.0,848.1
2018-04-04 19:00:00,9.1,32,14.1,104.0,848.6
2018-04-04 20:00:00,9.5,29,15.3,6.0,849.9
2018-04-04 21:00:00,8.7,29,13.0,0.0,851.4
2018-04-04 22:00:00,8.4,29,10.6,0.0,852.4
2018-04-04 23:00:00,7.5,34,11.9,0.0,852.8
2018-04-05 00:00:00,6.7,40,11.2,0.0,853.3
2018-04-05 01:00:00,6.2,44,10.4,0.0,853.2
2018-04-05 02:00:00,5.8,45,8.2,0.0,853.0
2018-04-05 03:00:00,5.6,47,5.5,0.0,852.7
2018-04-05 04:00:00,5.5,46,6.0,0.0,852.3
2018-04-05 05:00:00,5.7,45,8.4,0.0,852.1
2018-04-05 06:00:00,5.6,45,10.5,0.0,852.1
2018-04-05 07:00:00,5.4,46,9.8,0.0,852.5
2018-04-05 08:00:00,5.1,54,10.5,32.0,853.0
2018-04-05 09:00:00,5.2,55,12.3,92.0,853.5
2018-04-05 10:00:00,5.7,54,11.8,194.0,853.5
2018-04-05 11:00:00,6.9,46,10.9,276.0,853.3
2018-04-05 12:00:00,6.8,47,15.8,198.0,852.8
2018-04-05 13:00:00,7.0,45,18.9,341.0,852.3
2018-04-05 14:00:00,8.8,37,16.6,388.0,851.1
2018-04-05 15:00:00,8.3,33,30.0,514.0,850.4
2018-04-05 16:00:00,5.8,32,33.0,407.0,851.5
2018-04-05 17:00:00,4.4,34,30.1,290.0,853.4
2018-04-05 18:00:00,2.8,36,26.4,114.0,854.6
2018-04-05 19:00:00,1.2,39,22.0,44.0,856.4
2018-04-05 20:00:00,1.0,47,13.8,2.0,858.7
2018-04-05 21:00:00,0.4,49,9.7,0.0,860.9
2018-04-05 22:00:00,0.6,48,6.4,0.0,862.0
2018-04-05 23:00:00,0.4,40,11.3,0.0,863.1
2018-04-06 00:00:00,0.0,27,8.3,0.0,863.3
2018-04-06 01:00:00,-0.2,19,12.7,0.0,863.5
2018-04-06 02:00:00,-0.9,16,11.6,0.0,863.1
2018-04-06 03:00:00,-1.3,16,9.0,0.0,863.2
2018-04-06 04:00:00,-1.9,16,7.7,0.0,862.9
2018-04-06 05:00:00,-2.6,18,7.7,0.0,862.4
2018-04-06 06:00:00,-3.1,18,6.3,0.0,862.2
2018-04-06 07:00:00,-3.6,20,5.1,1.0,862.0
2018-04-06 08:00:00,-2.6,17,6.5,83.0,863.9
2018-04-06 09:00:00,-1.5,16,6.9,275.0,864.5
2018-04-06 10:00:00,-0.1,16,5.4,488.0,864.6
2018-04-06 11:00:00,1.7,17,3.3,679.0,864.5
2018-04-06 12:00:00,3.5,18,2.5,820.0,863.6
2018-04-06 13:00:00,5.3,17,4.3,899.0,862.3
2018-04-06 14:00:00,6.8,14,9.3,910.0,861.5
2018-04-06 15:00:00,7.6,12,9.7,848.0,860.6
2018-04-06 16:00:00,8.4,12,12.3,719.0,859.7
2018-04-06 17:00:00,8.2,10,16.9,537.0,859.1
2018-04-06 18:00:00,7.3,7,15.4,327.0,858.8
2018-04-06 19:00:00,6.1,7,8.0,126.0,858.6
2018-04-06 20:00:00,3.7,10,7.8,9.0,857.8
2018-04-06 21:00:00,2.7,11,7.2,0.0,858.5
2018-04-06 22:00:00,2.3,12,7.7,0.0,859.2
2018-04-06 23:00:00,3.7,11,4.7,0.0,859.9
2018-04-07 00:00:00,2.7,14,1.0,0.0,858.7
2018-04-07 01:00:00,1.7,16,2.9,0.0,858.0
2018-04-07 02:00:00,1.1,18,2.9,0.0,857.7
2018-04-07 03:00:00,0.9,18,1.3,0.0,857.3
2018-04-07 04:00:00,0.5,19,3.6,0.0,856.5
2018-04-07 05:00:00,-0.0,19,3.0,0.0,856.0
2018-04-07 06:00:00,-0.4,18,3.1,0.0,855.4
2018-04-07 07:00:00,-0.5,20,2.4,2.0,855.3
2018-04-07 08:00:00,-0.2,21,4.6,88.0,855.6
2018-04-07 09:00:00,1.7,11,5.8,279.0,856.4
2018-04-07 10:00:00,4.4,11,4.8,491.0,855.9
2018-04-07 11:00:00,7.5,12,5.1,679.0,855.1
2018-04-07 12:00:00,10.5,13,4.3,820.0,854.2
2018-04-07 13:00:00,13.0,12,4.1,899.0,853.1
2018-04-07 14:00:00,15.1,11,4.7,908.0,852.1
2018-04-07 15:00:00,16.6,10,4.3,847.0,851.2
2018-04-07 16:00:00,17.5,9,1.6,720.0,850.4
2018-04-07 17:00:00,17.9,7,2.9,540.0,849.6
2018-04-07 18:00:00,17.7,7,6.9,328.0,849.0
2018-04-07 19:00:00,14.3,9,7.9,126.0,847.6
2018-04-07 20:00:00,11.4,10,12.4,9.0,846.6
2018-04-07 21:00:00,8.8,14,11.1,0.0,846.6
2018-04-07 22:00:00,12.0,12,7.4,0.0,849.2
2018-04-07 23:00:00,10.9,15,8.1,0.0,849.2
2018-04-08 00:00:00,9.9,16,6.2,0.0,848.8
2018-04-08 01:00:00,9.0,16,2.9,0.0,848.7
2018-04-08 02:00:00,8.2,17,3.3,0.0,848.0
2018-04-08 03:00:00,7.6,16,4.6,0.0,847.3
2018-04-08 04:00:00,7.2,15,5.9,0.0,847.1
2018-04-08 05:00:00,6.1,16,6.5,0.0,846.6
2018-04-08 06:00:00,5.0,17,2.2,0.0,845.9
2018-04-08 07:00:00,4.1,18,2.7,2.0,845.8
2018-04-08 08:00:00,4.3,19,2.6,89.0,846.5
2018-04-08 09:00:00,7.3,12,3.0,278.0,848.1
2018-04-08 10:00:00,10.7,10,3.9,487.0,848.6
2018-04-08 11:00:00,14.0,11,4.4,675.0,849.1
2018-04-08 12:00:00,16.9,13,3.5,816.0,848.8
2018-04-08 13:00:00,19.2,13,3.1,895.0,848.2
2018-04-08 14:00:00,20.9,11,3.8,903.0,847.5
2018-04-08 15:00:00,22.0,9,5.8,842.0,846.6
2018-04-08 16:00:00,22.4,8,8.6,715.0,845.8
2018-04-08 17:00:00,22.2,7,9.3,536.0,845.0
2018-04-08 18:00:00,21.6,7,7.6,326.0,844.3
2018-04-08 19:00:00,17.4,10,8.5,126.0,842.6
2018-04-08 20:00:00,16.9,11,8.4,10.0,842.1
2018-04-08 21:00:00,12.1,21,10.2,0.0,840.4
2018-04-08 22:00:00,10.7,25,11.0,0.0,840.6
2018-04-08 23:00:00,9.2,31,11.6,0.0,840.5
2018-04-09 00:00:00,12.2,27,3.6,0.0,842.7
2018-04-09 01:00:00,11.2,26,3.2,0.0,842.6
2018-04-09 02:00:00,11.0,26,1.1,0.0,842.4
2018-04-09 03:00:00,10.7,28,1.1,0.0,842.5
2018-04-09 04:00:00,10.1,31,0.4,0.0,842.5
2018-04-09 05:00:00,9.5,34,5.0,0.0,842.3
2018-04-09 06:00:00,9.1,35,0.4,0.0,842.3
2018-04-09 07:00:00,8.4,42,4.1,3.0,842.1
2018-04-09 08:00:00,8.7,44,3.1,90.0,842.2
2018-04-09 09:00:00,10.7,48,5.1,274.0,843.8
2018-04-09 10:00:00,13.5,35,4.0,480.0,844.6
2018-04-09 11:00:00,16.3,23,2.2,663.0,845.1
2018-04-09 12:00:00,19.1,15,1.8,801.0,845.5
2018-04-09 13:00:00,21.5,13,3.6,878.0,845.4
2018-04-09 14:00:00,23.6,13,12.0,886.0,845.1
2018-04-09 15:00:00,23.5,14,20.4,822.0,844.5
2018-04-09 16:00:00,23.2,11,18.8,695.0,843.8
2018-04-09 17:00:00,22.7,10,21.0,521.0,843.1
2018-04-09 18:00:00,21.4,10,21.4,316.0,843.1
2018-04-09 19:00:00,18.8,7,16.9,121.0,843.1
2018-04-09 20:00:00,16.1,9,11.0,10.0,842.7
2018-04-09 21:00:00,14.2,12,9.0,0.0,843.0
2018-04-09 22:00:00,12.1,17,10.8,0.0,843.3
2018-04-09 23:00:00,14.4,16,7.1,0.0,845.3
2018-04-10 00:00:00,13.3,19,6.6,0.0,845.5
2018-04-10 01:00:00,12.3,21,6.6,0.0,845.1
2018-04-10 02:00:00,13.1,19,5.4,0.0,845.4
2018-04-10 03:00:00,12.9,19,3.1,0.0,845.5
2018-04-10 04:00:00,12.2,21,3.6,0.0,845.3
2018-04-10 05:00:00,9.7,25,5.4,0.0,844.7
2018-04-10 06:00:00,8.9,27,6.6,0.0,844.6
2018-04-10 07:00:00,9.8,25,4.4,3.0,845.9
2018-04-10 08:00:00,10.4,26,1.8,70.0,847.2
2018-04-10 09:00:00,12.5,22,2.6,174.0,849.3
2018-04-10 10:00:00,13.6,21,9.3,264.0,850.2
2018-04-10 11:00:00,14.3,20,8.8,354.0,850.1
2018-04-10 12:00:00,15.5,18,8.2,502.0,850.1
2018-04-10 13:00:00,16.5,17,7.7,577.0,849.5
2018-04-10 14:00:00,17.5,16,10.5,634.0,848.9
2018-04-10 15:00:00,18.7,14,8.7,714.0,848.0
2018-04-10 16:00:00,19.2,14,6.8,666.0,847.3
2018-04-10 17:00:00,19.1,15,11.0,494.0,846.8
2018-04-10 18:00:00,18.4,17,15.8,291.0,846.3
2018-04-10 19:00:00,16.9,17,16.9,95.0,846.1
2018-04-10 20:00:00,14.8,22,11.3,10.0,845.3
2018-04-10 21:00:00,14.1,23,9.1,0.0,845.4
2018-04-10 22:00:00,12.2,25,8.1,0.0,844.8
2018-04-10 23:00:00,10.1,30,9.3,0.0,843.9
2018-04-11 00:00:00,9.3,34,8.4,0.0,843.6
2018-04-11 01:00:00,9.7,35,5.3,0.0,843.5
2018-04-11 02:00:00,10.8,33,3.2,0.0,843.9
2018-04-11 03:00:00,10.7,34,2.5,0.0,843.5
2018-04-11 04:00:00,10.4,35,3.7,0.0,842.9
2018-04-11 05:00:00,9.7,36,2.5,0.0,842.4
2018-04-11 06:00:00,9.1,38,3.4,0.0,841.7
2018-04-11 07:00:00,8.5,38,2.3,4.0,841.7
2018-04-11 08:00:00,9.1,36,2.9,91.0,842.2
2018-04-11 09:00:00,11.2,31,0.8,265.0,843.6
2018-04-11 10:00:00,13.3,26,0.7,460.0,843.9
2018-04-11 11:00:00,15.4,23,0.8,639.0,843.9
2018-04-11 12:00:00,17.5,21,3.0,776.0,843.9
2018-04-11 13:00:00,19.5,19,3.4,854.0,843.6
2018-04-11 14:00:00,20.9,18,4.2,820.0,842.9
2018-04-11 15:00:00,21.5,19,7.8,598.0,842.5
2018-04-11 16:00:00,21.0,20,11.3,281.0,841.6
2018-04-11 17:00:00,19.7,23,10.0,89.0,841.4
2018-04-11 18:00:00,18.8,27,13.6,120.0,841.7
2018-04-11 19:00:00,18.0,29,4.7,94.0,841.6
2018-04-11 20:00:00,14.9,52,6.9,7.0,839.6
2018-04-11 21:00:00,13.2,55,5.9,0.0,839.3
2018-04-11 22:00:00,14.0,51,1.8,0.0,840.6
2018-04-11 23:00:00,13.5,55,6.2,0.0,841.0
2018-04-12 00:00:00,12.2,65,7.1,0.0,840.9
2018-04-12 01:00:00,11.9,67,7.1,0.0,840.7
2018-04-12 02:00:00,10.6,72,9.2,0.0,840.0
2018-04-12 03:00:00,13.0,58,4.4,0.0,841.2
2018-04-12 04:00:00,11.8,65,3.0,0.0,840.8
2018-04-12 05:00:00,10.3,83,3.9,0.0,840.7
2018-04-12 06:00:00,10.1,85,4.6,0.0,841.1
2018-04-12 07:00:00,10.1,86,4.8,2.0,842.0
2018-04-12 08:00:00,11.9,74,4.9,40.0,843.6
2018-04-12 09:00:00,12.0,73,8.8,82.0,844.5
2018-04-12 10:00:00,11.2,80,10.1,100.0,845.1
2018-04-12 11:00:00,11.2,78,5.2,85.0,845.4
2018-04-12 12:00:00,11.8,70,8.7,131.0,845.9
2018-04-12 13:00:00,12.5,44,8.8,143.0,846.6
2018-04-12 14:00:00,12.8,45,17.7,255.0,846.7
2018-04-12 15:00:00,10.6,61,15.9,131.0,846.2
2018-04-12 16:00:00,9.5,65,8.8,136.0,846.4
2018-04-12 17:00:00,9.4,59,10.6,130.0,846.8
2018-04-12 18:00:00,8.3,61,11.7,78.0,847.8
2018-04-12 19:00:00,7.0,72,9.0,42.0,848.7
2018-04-12 20:00:00,6.8,77,8.0,2.0,849.3
2018-04-12 21:00:00,6.4,80,8.2,0.0,850.8
2018-04-12 22:00:00,6.0,80,6.5,0.0,851.8
2018-04-12 23:00:00,5.5,81,6.3,0.0,852.5
2018-04-13 00:00:00,5.2,76,8.9,0.0,853.2
2018-04-13 01:00:00,4.8,76,9.9,0.0,853.4
2018-04-13 02:00:00,4.5,76,9.7,0.0,853.3
2018-04-13 03:00:00,4.4,73,8.9,0.0,853.3
2018-04-13 04:00:00,4.3,70,9.5,0.0,853.5
2018-04-13 05:00:00,4.1,70,9.3,0.0,853.5
2018-04-13 06:00:00,3.9,71,8.0,0.0,853.8
2018-04-13 07:00:00,3.7,72,6.8,1.0,854.4
2018-04-13 08:00:00,3.5,79,7.4,29.0,855.5
2018-04-13 09:00:00,4.0,76,9.0,127.0,856.2
2018-04-13 10:00:00,4.4,64,10.1,224.0,857.1
2018-04-13 11:00:00,5.1,55,11.0,336.0,857.2
2018-04-13 12:00:00,5.6,44,11.7,416.0,857.5
2018-04-13 13:00:00,6.3,38,13.0,399.0,857.1
2018-04-13 14:00:00,7.9,36,13.7,578.0,856.4
2018-04-13 15:00:00,7.6,38,13.3,366.0,855.5
2018-04-13 16:00:00,8.4,34,11.8,365.0,854.2
2018-04-13 17:00:00,7.9,32,9.8,204.0,853.9
2018-04-13 18:00:00,7.5,32,7.9,91.0,854.1
2018-04-13 19:00:00,6.9,32,6.9,43.0,854.8
2018-04-13 20:00:00,5.6,50,6.2,7.0,854.8
2018-04-13 21:00:00,5.1,58,8.2,0.0,855.2
2018-04-13 22:00:00,4.9,57,4.7,0.0,855.2
2018-04-13 23:00:00,4.6,63,6.4,0.0,855.4
2018-04-14 00:00:00,4.4,67,7.1,0.0,855.4
2018-04-14 01:00:00,4.2,69,6.4,0.0,855.9
2018-04-14 02:00:00,4.0,71,5.4,0.0,855.7
2018-04-14 03:00:00,3.8,74,4.5,0.0,855.5
2018-04-14 04:00:00,3.4,74,4.4,0.0,854.9
2018-04-14 05:00:00,3.0,75,5.8,0.0,854.4
2018-04-14 06:00:00,3.7,71,2.6,0.0,854.7
2018-04-14 07:00:00,3.4,75,0.5,4.0,854.9
2018-04-14 08:00:00,4.0,74,2.6,76.0,855.5
2018-04-14 09:00:00,5.3,66,1.1,240.0,856.1
2018-04-14 10:00:00,7.1,48,1.3,451.0,856.2
2018-04-14 11:00:00,8.6,32,1.4,634.0,856.2
2018-04-14 12:00:00,9.9,29,1.1,788.0,855.6
2018-04-14 13:00:00,10.9,27,1.6,866.0,854.9
2018-04-14 14:00:00,11.8,25,1.0,850.0,854.2
2018-04-14 15:00:00,12.4,23,2.6,775.0,853.0
2018-04-14 16:00:00,12.7,22,4.0,667.0,851.9
2018-04-14 17:00:00,12.7,20,4.7,486.0,851.3
2018-04-14 18:00:00,12.4,19,5.8,304.0,850.7
2018-04-14 19:00:00,11.4,21,6.1,124.0,850.5
2018-04-14 20:00:00,9.1,27,9.2,13.0,849.2
2018-04-14 21:00:00,7.4,34,5.7,0.0,848.8
2018-04-14 22:00:00,5.2,45,4.4,0.0,848.3
2018-04-14 23:00:00,3.8,51,4.7,0.0,848.1
2018-04-15 00:00:00,2.8,56,4.8,0.0,847.6
2018-04-15 01:00:00,4.4,48,3.6,0.0,848.4
2018-04-15 02:00:00,4.6,46,1.9,0.0,848.6
2018-04-15 03:00:00,4.4,48,2.2,0.0,848.7
2018-04-15 04:00:00,4.0,51,3.2,0.0,848.8
2018-04-15 05:00:00,3.7,53,3.1,0.0,848.6
2018-04-15 06:00:00,3.6,52,1.6,0.0,848.6
2018-04-15 07:00:00,3.6,51,0.8,6.0,849.1
2018-04-15 08:00:00,4.2,52,2.3,101.0,850.1
2018-04-15 09:00:00,6.3,44,2.9,291.0,850.9
2018-04-15 10:00:00,8.6,38,3.1,495.0,851.2
2018-04-15 11:00:00,10.9,32,2.1,675.0,851.2
2018-04-15 12:00:00,12.9,29,1.8,807.0,851.4
2018-04-15 13:00:00,14.7,28,4.8,877.0,850.9
2018-04-15 14:00:00,16.2,25,7.7,877.0,850.4
2018-04-15 15:00:00,17.0,22,8.2,802.0,849.8
2018-04-15 16:00:00,17.2,16,12.0,674.0,849.3
2018-04-15 17:00:00,16.8,17,14.8,446.0,848.8
2018-04-15 18:00:00,15.9,18,15.1,220.0,848.1
2018-04-15 19:00:00,13.7,27,6.5,129.0,847.1
2018-04-15 20:00:00,10.7,35,9.0,14.0,845.6
2018-04-15 21:00:00,7.6,49,5.2,0.0,844.7
2018-04-15 22:00:00,6.3,55,4.0,0.0,844.7
2018-04-15 23:00:00,6.6,51,1.9,0.0,845.6
2018-04-16 00:00:00,7.1,48,2.5,0.0,846.2
2018-04-16 01:00:00,7.0,47,2.1,0.0,846.3
2018-04-16 02:00:00,7.0,48,3.3,0.0,846.2
2018-04-16 03:00:00,5.4,56,6.6,0.0,845.4
2018-04-16 04:00:00,6.5,51,3.7,0.0,846.0
2018-04-16 05:00:00,6.2,50,2.6,0.0,845.9
2018-04-16 06:00:00,5.5,52,3.3,0.0,845.6
2018-04-16 07:00:00,3.3,64,4.3,7.0,844.9
2018-04-16 08:00:00,5.9,57,4.0,111.0,846.8
2018-04-16 09:00:00,8.9,46,4.6,299.0,847.9
2018-04-16 10:00:00,11.9,38,4.5,505.0,848.8
2018-04-16 11:00:00,15.1,31,3.4,686.0,849.1
2018-04-16 12:00:00,18.5,22,5.8,821.0,849.4
2018-04-16 13:00:00,21.0,15,8.9,895.0,848.8
2018-04-16 14:00:00,22.4,12,10.1,900.0,848.2
2018-04-16 15:00:00,23.1,11,10.1,837.0,847.6
2018-04-16 16:00:00,23.4,10,9.1,710.0,847.1
2018-04-16 17:00:00,23.2,10,7.9,534.0,846.3
2018-04-16 18:00:00,22.6,11,4.8,330.0,845.9
2018-04-16 19:00:00,21.9,12,2.9,135.0,845.9
2018-04-16 20:00:00,17.1,16,10.2,15.0,843.2
2018-04-16 21:00:00,12.0,28,9.8,0.0,841.9
2018-04-16 22:00:00,14.6,23,2.9,0.0,844.7
2018-04-16 23:00:00,14.7,22,2.1,0.0,845.9
2018-04-17 00:00:00,14.4,21,4.0,0.0,846.3
2018-04-17 01:00:00,14.1,22,2.4,0.0,846.6
2018-04-17 02:00:00,13.2,27,4.0,0.0,846.2
2018-04-17 03:00:00,12.1,32,4.7,0.0,845.8
2018-04-17 04:00:00,7.3,45,7.7,0.0,844.0
2018-04-17 05:00:00,6.6,46,8.6,0.0,844.2
2018-04-17 06:00:00,8.7,38,5.1,0.0,845.5
2018-04-17 07:00:00,8.3,39,5.2,8.0,846.1
2018-04-17 08:00:00,9.0,40,4.7,112.0,847.1
2018-04-17 09:00:00,11.6,31,3.9,300.0,848.9
2018-04-17 10:00:00,14.3,27,0.8,504.0,849.6
2018-04-17 11:00:00,17.1,24,2.2,684.0,850.1
2018-04-17 12:00:00,19.7,22,2.6,816.0,850.1
2018-04-17 13:00:00,21.9,22,2.5,888.0,849.8
2018-04-17 14:00:00,23.5,20,2.2,891.0,849.2
2018-04-17 15:00:00,24.6,18,1.9,826.0,848.4
2018-04-17 16:00:00,25.2,16,1.1,701.0,847.6
2018-04-17 17:00:00,25.5,14,2.3,528.0,846.9
2018-04-17 18:00:00,25.2,14,4.7,327.0,846.3
2018-04-17 19:00:00,20.8,25,8.8,135.0,844.1
2018-04-17 20:00:00,17.6,30,11.3,15.0,842.0
2018-04-17 21:00:00,15.8,35,7.9,0.0,841.9
2018-04-17 22:00:00,13.1,41,7.2,0.0,841.7
2018-04-17 23:00:00,10.9,43,6.5,0.0,841.0
2018-04-18 00:00:00,12.8,35,4.0,0.0,842.4
2018-04-18 01:00:00,12.3,38,2.6,0.0,842.5
2018-04-18 02:00:00,12.2,41,4.4,0.0,842.6
2018-04-18 03:00:00,11.3,55,8.2,0.0,842.4
2018-04-18 04:00:00,12.2,60,6.8,0.0,843.0
2018-04-18 05:00:00,11.4,64,2.8,0.0,842.6
2018-04-18 06:00:00,10.5,67,2.8,0.0,842.2
2018-04-18 07:00:00,9.9,68,1.8,9.0,842.4
2018-04-18 08:00:00,10.6,65,1.8,115.0,842.7
2018-04-18 09:00:00,13.6,53,1.8,301.0,844.0
2018-04-18 10:00:00,16.2,43,3.5,504.0,844.6
2018-04-18 11:00:00,19.0,33,4.9,683.0,844.9
2018-04-18 12:00:00,21.9,26,6.5,815.0,844.8
2018-04-18 13:00:00,24.4,22,8.7,888.0,844.0
2018-04-18 14:00:00,26.5,19,10.8,891.0,843.2
2018-04-18 15:00:00,28.1,17,9.7,826.0,842.3
2018-04-18 16:00:00,28.8,13,6.1,699.0,840.9
2018-04-18 17:00:00,29.1,11,8.2,527.0,840.1
2018-04-18 18:00:00,27.9,15,15.2,326.0,839.2
2018-04-18 19:00:00,24.3,30,19.2,135.0,838.2
2018-04-18 20:00:00,21.1,44,23.0,16.0,836.0
2018-04-18 21:00:00,19.3,51,17.7,0.0,835.6
2018-04-18 22:00:00,18.1,53,13.6,0.0,835.9
2018-04-18 23:00:00,17.2,56,13.3,0.0,836.2
2018-04-19 00:00:00,16.2,62,13.8,0.0,836.2
2018-04-19 01:00:00,15.0,68,15.9,0.0,836.0
2018-04-19 02:00:00,13.6,74,9.9,0.0,835.6
2018-04-19 03:00:00,11.7,84,9.4,0.0,835.0
2018-04-19 04:00:00,12.9,77,4.9,0.0,835.9
2018-04-19 05:00:00,9.9,90,8.1,0.0,834.8
2018-04-19 06:00:00,9.8,89,7.5,0.0,835.1
2018-04-19 07:00:00,10.4,90,5.2,9.0,836.0
2018-04-19 08:00:00,12.5,77,5.4,101.0,837.1
2018-04-19 09:00:00,14.3,71,3.6,269.0,838.1
2018-04-19 10:00:00,16.4,62,0.7,476.0,838.7
2018-04-19 11:00:00,18.9,51,2.9,641.0,838.9
2018-04-19 12:00:00,21.3,42,5.0,771.0,839.2
2018-04-19 13:00:00,23.3,35,6.4,842.0,838.7
2018-04-19 14:00:00,25.3,29,7.7,850.0,838.2
2018-04-19 15:00:00,26.3,27,9.0,792.0,837.5
2018-04-19 16:00:00,23.9,36,9.0,635.0,837.5
2018-04-19 17:00:00,23.5,33,7.1,288.0,836.8
2018-04-19 18:00:00,24.3,30,5.6,147.0,836.9
2018-04-19 19:00:00,19.4,58,18.7,64.0,837.0
2018-04-19 20:00:00,16.1,85,6.8,10.0,837.1
2018-04-19 21:00:00,15.7,83,16.5,0.0,838.1
2018-04-19 22:00:00,14.8,67,5.4,0.0,839.8
2018-04-19 23:00:00,13.6,78,3.1,0.0,840.6
2018-04-20 00:00:00,12.9,80,7.4,0.0,841.4
2018-04-20 01:00:00,12.3,76,4.3,0.0,841.5
2018-04-20 02:00:00,11.9,68,4.4,0.0,841.1
2018-04-20 03:00:00,11.7,67,5.4,0.0,840.4
2018-04-20 04:00:00,11.8,64,4.2,0.0,840.4
2018-04-20 05:00:00,12.2,60,3.8,0.0,840.7
2018-04-20 06:00:00,10.5,69,5.2,0.0,840.3
2018-04-20 07:00:00,11.2,66,3.1,10.0,841.2
2018-04-20 08:00:00,11.5,65,2.0,110.0,842.4
2018-04-20 09:00:00,13.7,54,3.8,273.0,843.8
2018-04-20 10:00:00,15.8,45,3.3,477.0,844.7
2018-04-20 11:00:00,18.0,37,2.3,663.0,845.3
2018-04-20 12:00:00,20.1,29,1.6,797.0,845.8
2018-04-20 13:00:00,21.7,24,1.0,868.0,845.4
2018-04-20 14:00:00,22.8,23,3.8,874.0,845.0
2018-04-20 15:00:00,23.6,21,6.0,812.0,844.6
2018-04-20 16:00:00,24.0,19,8.1,677.0,844.2
2018-04-20 17:00:00,24.1,17,10.4,508.0,843.9
2018-04-20 18:00:00,23.6,18,14.1,318.0,843.8
2018-04-20 19:00:00,22.0,23,12.0,131.0,843.7
2018-04-20 20:00:00,17.9,35,8.2,17.0,842.5
2018-04-20 21:00:00,16.4,43,7.5,0.0,843.1
2018-04-20 22:00:00,14.6,48,7.3,0.0,842.8
2018-04-20 23:00:00,13.0,56,9.2,0.0,842.7
2018-04-21 00:00:00,12.5,56,9.4,0.0,843.2
2018-04-21 01:00:00,13.3,50,7.4,0.0,843.7
2018-04-21 02:00:00,14.2,47,8.5,0.0,843.6
2018-04-21 03:00:00,13.5,50,7.3,0.0,842.9
2018-04-21 04:00:00,11.9,56,8.4,0.0,842.0
2018-04-21 05:00:00,13.1,52,5.8,0.0,842.5
2018-04-21 06:00:00,12.6,54,3.7,0.0,842.4
2018-04-21 07:00:00,11.5,60,2.7,11.0,842.5
2018-04-21 08:00:00,12.9,57,2.1,110.0,843.4
2018-04-21 09:00:00,14.2,54,1.8,199.0,844.1
2018-04-21 10:00:00,14.8,52,1.9,200.0,844.2
2018-04-21 11:00:00,15.4,54,3.7,286.0,844.8
2018-04-21 12:00:00,15.2,55,4.0,188.0,844.9
2018-04-21 13:00:00,16.2,54,7.9,262.0,844.9
2018-04-21 14:00:00,18.6,38,14.0,410.0,844.8
2018-04-21 15:00:00,19.1,31,16.1,479.0,844.6
2018-04-21 16:00:00,19.7,30,15.8,552.0,844.0
2018-04-21 17:00:00,19.6,32,16.1,443.0,843.7
2018-04-21 18:00:00,18.9,33,18.2,267.0,843.5
2018-04-21 19:00:00,17.9,35,14.2,97.0,843.4
2018-04-21 20:00:00,16.6,47,14.1,16.0,841.9
2018-04-21 21:00:00,15.4,49,10.5,0.0,842.7
2018-04-21 22:00:00,13.5,54,7.2,0.0,843.0
2018-04-21 23:00:00,11.6,63,7.7,0.0,842.7
2018-04-22 00:00:00,12.6,59,5.5,0.0,843.6
2018-04-22 01:00:00,13.0,57,1.0,0.0,844.0
2018-04-22 02:00:00,12.9,57,4.8,0.0,844.3
2018-04-22 03:00:00,12.4,58,4.0,0.0,844.0
2018-04-22 04:00:00,11.3,62,3.2,0.0,843.8
2018-04-22 05:00:00,10.7,65,2.3,0.0,843.9
2018-04-22 06:00:00,10.3,67,2.6,0.0,844.2
2018-04-22 07:00:00,9.0,72,3.7,12.0,844.6
2018-04-22 08:00:00,11.1,64,3.2,105.0,846.6
2018-04-22 09:00:00,14.1,51,2.9,247.0,848.4
2018-04-22 10:00:00,16.3,42,2.9,397.0,849.3
2018-04-22 11:00:00,18.8,34,7.4,600.0,849.9
2018-04-22 12:00:00,20.7,29,8.7,767.0,849.8
2018-04-22 13:00:00,22.2,26,11.3,834.0,849.5
2018-04-22 14:00:00,23.5,23,13.6,869.0,848.8
2018-04-22 15:00:00,23.6,23,15.7,636.0,847.9
2018-04-22 16:00:00,22.8,25,14.4,353.0,846.9
2018-04-22 17:00:00,22.4,26,15.3,211.0,846.5
2018-04-22 18:00:00,21.1,29,17.1,64.0,846.2
2018-04-22 19:00:00,20.8,28,12.1,47.0,846.9
2018-04-22 20:00:00,19.6,31,18.8,6.0,846.7
2018-04-22 21:00:00,19.3,32,14.7,0.0,847.6
2018-04-22 22:00:00,18.9,32,13.4,0.0,848.6
2018-04-22 23:00:00,16.5,42,15.3,0.0,849.5
2018-04-23 00:00:00,15.3,46,5.2,0.0,849.5
2018-04-23 01:00:00,14.6,49,7.9,0.0,849.4
2018-04-23 02:00:00,14.0,52,6.3,0.0,849.5
2018-04-23 03:00:00,13.6,51,7.9,0.0,849.7
2018-04-23 04:00:00,12.9,53,6.4,0.0,849.8
2018-04-23 05:00:00,12.5,55,6.4,0.0,849.9
2018-04-23 06:00:00,11.9,58,6.0,0.0,850.2
2018-04-23 07:00:00,11.2,62,5.1,3.0,850.7
2018-04-23 08:00:00,10.8,65,7.3,24.0,851.7
2018-04-23 09:00:00,10.6,66,8.0,58.0,852.5
2018-04-23 10:00:00,10.3,68,5.6,72.0,853.1
2018-04-23 11:00:00,10.2,72,7.7,74.0,853.4
2018-04-23 12:00:00,9.9,78,9.7,95.0,853.6
2018-04-23 13:00:00,9.7,77,10.6,135.0,853.6
2018-04-23 14:00:00,9.4,78,9.4,111.0,853.1
2018-04-23 15:00:00,9.1,77,9.0,105.0,853.0
2018-04-23 16:00:00,9.0,78,6.3,111.0,852.8
2018-04-23 17:00:00,9.0,78,6.1,121.0,852.9
2018-04-23 18:00:00,8.7,78,7.5,60.0,853.0
2018-04-23 19:00:00,8.4,82,5.9,19.0,853.4
2018-04-23 20:00:00,7.7,79,6.3,4.0,853.9
2018-04-23 21:00:00,7.5,82,6.8,0.0,854.8
2018-04-23 22:00:00,7.3,84,6.4,0.0,855.4
2018-04-23 23:00:00,7.2,83,3.6,0.0,855.9
2018-04-24 00:00:00,7.1,80,1.8,0.0,856.0
2018-04-24 01:00:00,6.9,80,2.6,0.0,855.9
2018-04-24 02:00:00,6.6,83,3.7,0.0,855.4
2018-04-24 03:00:00,6.4,83,2.2,0.0,855.1
2018-04-24 04:00:00,6.2,83,1.3,0.0,854.9
2018-04-24 05:00:00,6.1,83,1.6,0.0,854.7
2018-04-24 06:00:00,6.1,84,2.2,0.0,854.6
2018-04-24 07:00:00,6.3,83,2.3,4.0,854.8
2018-04-24 08:00:00,6.6,83,3.1,46.0,855.5
2018-04-24 09:00:00,7.7,76,1.9,170.0,855.9
2018-04-24 10:00:00,8.7,71,1.8,257.0,855.9
2018-04-24 11:00:00,10.8,60,2.1,423.0,855.9
2018-04-24 12:00:00,12.9,52,4.0,593.0,855.8
2018-04-24 13:00:00,14.5,46,4.3,667.0,855.2
2018-04-24 14:00:00,15.5,41,2.7,598.0,854.1
2018-04-24 15:00:00,16.3,39,3.8,525.0,853.4
2018-04-24 16:00:00,16.5,37,4.3,345.0,852.5
2018-04-24 17:00:00,16.5,38,9.4,245.0,852.1
2018-04-24 18:00:00,16.1,40,9.3,112.0,851.7
2018-04-24 19:00:00,15.1,44,8.0,76.0,851.6
2018-04-24 20:00:00,14.7,49,4.8,12.0,851.5
2018-04-24 21:00:00,13.1,57,6.1,0.0,851.2
2018-04-24 22:00:00,11.6,63,7.3,0.0,851.5
2018-04-24 23:00:00,12.3,60,4.6,0.0,852.0
2018-04-25 00:00:00,11.9,62,3.1,0.0,851.8
2018-04-25 01:00:00,10.9,65,3.9,0.0,851.2
2018-04-25 02:00:00,8.9,74,6.6,0.0,850.1
2018-04-25 03:00:00,8.5,73,6.4,0.0,849.6
2018-04-25 04:00:00,8.1,74,5.5,0.0,849.2
2018-04-25 05:00:00,7.0,78,5.1,0.0,848.8
2018-04-25 06:00:00,7.5,76,3.3,0.0,849.3
2018-04-25 07:00:00,6.9,84,2.3,15.0,848.9
2018-04-25 08:00:00,9.1,68,3.6,130.0,850.8
2018-04-25 09:00:00,11.2,60,3.5,297.0,851.8
2018-04-25 10:00:00,13.7,53,5.3,480.0,852.5
2018-04-25 11:00:00,16.2,47,9.8,644.0,852.6
2018-04-25 12:00:00,17.9,38,12.1,757.0,852.8
2018-04-25 13:00:00,18.2,34,12.0,685.0,851.9
2018-04-25 14:00:00,17.3,38,12.5,450.0,851.3
2018-04-25 15:00:00,18.3,33,6.2,671.0,850.9
2018-04-25 16:00:00,18.8,31,4.4,656.0,849.9
2018-04-25 17:00:00,18.5,31,1.8,468.0,849.2
2018-04-25 18:00:00,18.0,32,2.7,247.0,848.9
2018-04-25 19:00:00,17.4,37,2.9,113.0,849.0
2018-04-25 20:00:00,14.3,42,8.6,16.0,848.8
2018-04-25 21:00:00,13.3,46,6.9,0.0,849.1
2018-04-25 22:00:00,11.7,55,7.6,0.0,849.0
2018-04-25 23:00:00,11.9,54,4.6,0.0,849.3
2018-04-26 00:00:00,10.7,61,4.6,0.0,849.1
2018-04-26 01:00:00,9.6,67,4.8,0.0,848.9
2018-04-26 02:00:00,8.3,74,5.5,0.0,848.0
2018-04-26 03:00:00,8.5,75,4.1,0.0,848.0
2018-04-26 04:00:00,10.0,67,0.0,0.0,849.0
2018-04-26 05:00:00,9.9,66,0.8,0.0,849.4
2018-04-26 06:00:00,9.6,67,2.3,0.0,849.5
2018-04-26 07:00:00,8.9,71,2.3,16.0,849.7
2018-04-26 08:00:00,11.1,62,2.6,123.0,851.6
2018-04-26 09:00:00,13.3,53,7.1,273.0,853.2
2018-04-26 10:00:00,16.2,41,13.5,452.0,854.1
2018-04-26 11:00:00,18.9,30,13.8,652.0,854.6
2018-04-26 12:00:00,19.9,25,9.3,781.0,854.5
2018-04-26 13:00:00,21.3,23,8.7,791.0,854.2
2018-04-26 14:00:00,17.9,38,17.7,658.0,853.7
2018-04-26 15:00:00,18.6,32,18.3,566.0,853.2
2018-04-26 16:00:00,20.1,23,8.8,564.0,852.9
2018-04-26 17:00:00,18.6,27,12.3,343.0,852.6
2018-04-26 18:00:00,18.1,28,6.6,222.0,852.3
2018-04-26 19:00:00,17.0,33,6.2,119.0,852.1
2018-04-26 20:00:00,14.8,40,7.3,20.0,851.6
2018-04-26 21:00:00,13.5,44,8.0,0.0,851.7
2018-04-26 22:00:00,13.4,45,3.8,0.0,852.5
2018-04-26 23:00:00,10.1,60,4.1,0.0,851.6
2018-04-27 00:00:00,10.2,62,4.2,0.0,852.1
2018-04-27 01:00:00,10.9,60,2.9,0.0,852.6
2018-04-27 02:00:00,10.3,63,2.5,0.0,852.2
2018-04-27 03:00:00,9.8,65,1.3,0.0,851.8
2018-04-27 04:00:00,9.6,66,0.8,0.0,851.5
2018-04-27 05:00:00,9.6,66,1.1,0.0,851.8
2018-04-27 06:00:00,9.1,68,4.2,0.0,851.8
2018-04-27 07:00:00,7.8,78,5.0,18.0,851.5
2018-04-27 08:00:00,10.0,65,1.5,135.0,852.9
2018-04-27 09:00:00,12.5,55,1.1,325.0,853.9
2018-04-27 10:00:00,14.8,45,1.3,523.0,854.2
2018-04-27 11:00:00,17.1,37,0.7,696.0,854.2
2018-04-27 12:00:00,18.9,30,1.9,796.0,853.9
2018-04-27 13:00:00,20.6,27,5.2,877.0,853.1
2018-04-27 14:00:00,21.7,24,9.5,821.0,852.3
2018-04-27 15:00:00,21.6,24,8.0,582.0,851.1
2018-04-27 16:00:00,20.0,34,20.6,615.0,850.3
2018-04-27 17:00:00,20.2,30,10.8,334.0,849.5
2018-04-27 18:00:00,19.7,33,12.1,252.0,849.1
2018-04-27 19:00:00,18.7,36,8.0,118.0,848.5
2018-04-27 20:00:00,17.1,37,11.6,22.0,847.3
2018-04-27 21:00:00,15.5,41,8.1,0.0,847.1
2018-04-27 22:00:00,13.6,48,7.2,0.0,847.0
2018-04-27 23:00:00,13.0,52,7.2,0.0,847.0
2018-04-28 00:00:00,11.5,58,7.7,0.0,846.2
2018-04-28 01:00:00,12.0,57,6.7,0.0,846.2
2018-04-28 02:00:00,12.6,56,5.8,0.0,846.2
2018-04-28 03:00:00,12.0,58,4.9,0.0,845.6
2018-04-28 04:00:00,11.5,61,3.8,0.0,844.8
2018-04-28 05:00:00,11.0,63,1.6,0.0,844.8
2018-04-28 06:00:00,10.6,65,2.2,0.0,844.5
2018-04-28 07:00:00,9.9,72,2.9,17.0,844.3
2018-04-28 08:00:00,12.1,60,3.4,129.0,845.4
2018-04-28 09:00:00,14.7,51,1.6,315.0,846.5
2018-04-28 10:00:00,17.2,43,2.3,522.0,847.1
2018-04-28 11:00:00,19.7,36,5.8,695.0,847.3
2018-04-28 12:00:00,21.6,29,7.6,821.0,847.3
2018-04-28 13:00:00,23.1,23,8.0,881.0,846.7
2018-04-28 14:00:00,24.4,20,8.7,867.0,846.3
2018-04-28 15:00:00,24.5,16,15.8,690.0,846.2
2018-04-28 16:00:00,24.2,18,11.9,547.0,845.5
2018-04-28 17:00:00,24.7,14,23.9,475.0,845.8
2018-04-28 18:00:00,23.2,18,26.6,329.0,846.1
2018-04-28 19:00:00,21.3,21,20.6,139.0,846.7
2018-04-28 20:00:00,18.6,27,11.0,22.0,846.6
2018-04-28 21:00:00,16.7,31,7.2,0.0,846.6
2018-04-28 22:00:00,15.5,35,8.4,0.0,846.9
2018-04-28 23:00:00,14.2,39,7.6,0.0,846.8
2018-04-29 00:00:00,12.5,45,10.1,0.0,846.6
2018-04-29 01:00:00,15.0,37,4.4,0.0,848.4
2018-04-29 02:00:00,11.2,48,7.6,0.0,846.6
2018-04-29 03:00:00,11.3,48,7.8,0.0,846.9
2018-04-29 04:00:00,10.9,48,6.8,0.0,846.6
2018-04-29 05:00:00,9.4,55,8.6,0.0,846.0
2018-04-29 06:00:00,9.1,57,7.6,0.0,846.6
2018-04-29 07:00:00,10.1,56,5.9,20.0,847.8
2018-04-29 08:00:00,13.5,41,4.4,141.0,850.3
2018-04-29 09:00:00,16.1,32,4.4,327.0,851.8
2018-04-29 10:00:00,18.1,24,4.9,532.0,852.6
2018-04-29 11:00:00,19.5,20,11.0,697.0,852.5
2018-04-29 12:00:00,20.8,21,12.5,799.0,852.2
2018-04-29 13:00:00,21.9,20,12.0,888.0,851.6
2018-04-29 14:00:00,22.4,18,11.5,705.0,850.6
2018-04-29 15:00:00,22.5,19,16.9,740.0,849.7
2018-04-29 16:00:00,22.8,18,13.1,694.0,848.4
2018-04-29 17:00:00,23.3,16,7.4,517.0,847.7
2018-04-29 18:00:00,22.2,18,12.2,275.0,847.3
2018-04-29 19:00:00,20.5,21,15.3,77.0,847.5
2018-04-29 20:00:00,19.0,23,13.4,11.0,847.7
2018-04-29 21:00:00,17.9,26,12.6,0.0,848.0
2018-04-29 22:00:00,16.9,29,9.5,0.0,849.0
2018-04-29 23:00:00,15.7,35,8.1,0.0,849.8
2018-04-30 00:00:00,14.2,43,5.9,0.0,849.3
2018-04-30 01:00:00,13.1,47,4.1,0.0,849.1
2018-04-30 02:00:00,13.6,47,6.0,0.0,849.1
2018-04-30 03:00:00,13.3,49,6.7,0.0,849.2
2018-04-30 04:00:00,12.6,54,6.5,0.0,848.9
2018-04-30 05:00:00,12.0,59,8.0,0.0,849.2
2018-04-30 06:00:00,11.8,62,8.2,0.0,849.4
2018-04-30 07:00:00,11.9,64,8.3,7.0,849.7
2018-04-30 08:00:00,10.7,76,6.6,62.0,850.2
2018-04-30 09:00:00,11.1,76,7.6,107.0,850.9
2018-04-30 10:00:00,11.7,72,7.8,158.0,851.5
2018-04-30 11:00:00,12.4,70,7.7,220.0,852.0
2018-04-30 12:00:00,12.9,68,7.9,228.0,852.1
2018-04-30 13:00:00,12.6,77,7.0,227.0,851.5
2018-04-30 14:00:00,13.7,68,4.9,421.0,850.9
2018-04-30 15:00:00,16.2,53,4.6,750.0,850.8
2018-04-30 16:00:00,16.6,48,5.3,471.0,849.4
2018-04-30 17:00:00,16.6,46,5.7,341.0,848.7
2018-04-30 18:00:00,16.5,46,6.5,263.0,848.3
2018-04-30 19:00:00,16.1,46,7.7,133.0,848.4
2018-04-30 20:00:00,15.7,43,3.8,23.0,848.6
2018-04-30 21:00:00,15.0,46,2.0,0.0,848.8
2018-04-30 22:00:00,13.8,50,2.6,0.0,848.9
2018-04-30 23:00:00,13.0,53,2.9,0.0,849.2
2018-05-01 00:00:00,12.3,57,0.8,0.0,849.4
2018-05-01 01:00:00,9.5,70,4.3,0.0,848.5
2018-05-01 02:00:00,10.3,67,2.7,0.0,848.8
2018-05-01 03:00:00,10.2,68,2.6,0.0,848.8
2018-05-01 04:00:00,8.2,78,7.7,0.0,847.8
2018-05-01 05:00:00,9.9,68,3.8,0.0,848.7
2018-05-01 06:00:00,7.7,82,5.7,0.0,848.0
2018-05-01 07:00:00,8.6,78,3.3,22.0,849.2
2018-05-01 08:00:00,10.7,66,3.6,143.0,851.7
2018-05-01 09:00:00,13.0,55,4.4,317.0,853.0
2018-05-01 10:00:00,14.9,48,7.4,475.0,854.2
2018-05-01 11:00:00,16.9,35,10.2,652.0,854.9
2018-05-01 12:00:00,18.5,30,13.0,788.0,855.3
2018-05-01 13:00:00,20.1,26,13.0,867.0,854.9
2018-05-01 14:00:00,21.0,22,13.3,829.0,854.3
2018-05-01 15:00:00,20.3,27,21.6,768.0,853.8
2018-05-01 16:00:00,20.2,26,17.7,678.0,853.3
2018-05-01 17:00:00,19.5,27,15.8,507.0,852.7
2018-05-01 18:00:00,19.1,26,12.1,301.0,852.4
2018-05-01 19:00:00,17.9,28,13.2,137.0,852.7
2018-05-01 20:00:00,17.5,31,5.9,24.0,852.3
2018-05-01 21:00:00,15.0,35,8.6,0.0,852.0
2018-05-01 22:00:00,14.1,28,7.7,0.0,852.9
2018-05-01 23:00:00,13.0,25,8.9,0.0,852.9
2018-05-02 00:00:00,14.2,21,3.3,0.0,854.0
2018-05-02 01:00:00,11.5,24,5.4,0.0,852.8
2018-05-02 02:00:00,11.7,24,5.5,0.0,853.1
2018-05-02 03:00:00,10.6,26,4.0,0.0,852.7
2018-05-02 04:00:00,9.7,28,1.8,0.0,852.2
2018-05-02 05:00:00,9.0,31,3.4,0.0,852.0
2018-05-02 06:00:00,8.1,35,3.1,0.0,851.6
2018-05-02 07:00:00,7.2,45,2.1,24.0,851.5
2018-05-02 08:00:00,9.4,33,3.6,153.0,852.5
2018-05-02 09:00:00,11.5,28,2.3,338.0,853.2
2018-05-02 10:00:00,13.8,25,2.5,536.0,853.6
2018-05-02 11:00:00,16.2,23,5.0,713.0,853.6
2018-05-02 12:00:00,18.3,23,5.4,841.0,853.3
2018-05-02 13:00:00,20.1,23,5.6,907.0,852.6
2018-05-02 14:00:00,21.7,23,5.4,907.0,851.9
2018-05-02 15:00:00,23.0,23,4.8,843.0,851.0
2018-05-02 16:00:00,24.0,22,4.7,720.0,850.2
2018-05-02 17:00:00,24.4,21,4.3,548.0,849.7
2018-05-02 18:00:00,24.4,20,6.1,349.0,849.5
2018-05-02 19:00:00,23.0,21,7.0,158.0,849.3
2018-05-02 20:00:00,20.2,30,10.9,27.0,848.5
2018-05-02 21:00:00,18.3,46,14.6,0.0,849.1
2018-05-02 22:00:00,16.8,49,10.5,0.0,848.9
2018-05-02 23:00:00,14.4,57,7.5,0.0,848.7
2018-05-03 00:00:00,13.7,59,8.6,0.0,849.0
2018-05-03 01:00:00,13.7,58,7.9,0.0,849.5
2018-05-03 02:00:00,13.4,60,7.6,0.0,849.5
2018-05-03 03:00:00,12.2,65,8.0,0.0,849.2
2018-05-03 04:00:00,10.9,68,9.2,0.0,848.3
2018-05-03 05:00:00,10.9,66,7.7,0.0,848.3
2018-05-03 06:00:00,11.3,66,6.4,0.0,848.7
2018-05-03 07:00:00,11.4,68,5.2,24.0,849.0
2018-05-03 08:00:00,13.7,58,6.4,152.0,850.6
2018-05-03 09:00:00,15.6,50,4.4,341.0,851.2
2018-05-03 10:00:00,17.5,45,3.3,537.0,851.4
2018-05-03 11:00:00,19.8,39,4.9,683.0,851.5
2018-05-03 12:00:00,22.2,34,7.3,822.0,850.9
2018-05-03 13:00:00,24.3,31,8.9,880.0,849.8
2018-05-03 14:00:00,25.7,31,9.4,797.0,848.8
2018-05-03 15:00:00,27.0,28,8.3,660.0,847.6
2018-05-03 16:00:00,28.1,23,8.3,648.0,846.6
2018-05-03 17:00:00,28.3,20,12.6,483.0,845.6
2018-05-03 18:00:00,26.6,25,22.9,330.0,844.8
2018-05-03 19:00:00,23.8,37,24.9,153.0,844.4
2018-05-03 20:00:00,22.4,38,16.5,28.0,843.2
2018-05-03 21:00:00,20.2,44,9.9,0.0,842.8
2018-05-03 22:00:00,17.8,51,7.7,0.0,842.3
2018-05-03 23:00:00,15.8,57,8.2,0.0,841.8
2018-05-04 00:00:00,15.0,60,8.4,0.0,842.1
2018-05-04 01:00:00,15.1,60,8.4,0.0,842.6
2018-05-04 02:00:00,13.8,69,6.6,0.0,842.2
2018-05-04 03:00:00,15.4,63,6.0,0.0,843.1
2018-05-04 04:00:00,13.4,70,6.5,0.0,841.8
2018-05-04 05:00:00,11.9,77,8.3,0.0,841.3
2018-05-04 06:00:00,11.4,78,7.9,0.0,841.6
2018-05-04 07:00:00,12.5,73,4.3,24.0,843.0
2018-05-04 08:00:00,15.2,62,5.4,141.0,844.9
2018-05-04 09:00:00,17.2,54,6.4,292.0,846.0
2018-05-04 10:00:00,18.8,50,5.0,439.0,846.5
2018-05-04 11:00:00,21.2,41,7.6,642.0,846.8
2018-05-04 12:00:00,23.1,28,15.1,798.0,847.1
2018-05-04 13:00:00,25.3,13,16.5,872.0,846.9
2018-05-04 14:00:00,25.8,12,22.7,884.0,846.7
2018-05-04 15:00:00,25.7,11,23.9,799.0,846.4
2018-05-04 16:00:00,24.8,12,24.8,626.0,845.6
2018-05-04 17:00:00,23.8,12,24.3,435.0,845.5
2018-05-04 18:00:00,23.0,12,22.3,263.0,845.1
2018-05-04 19:00:00,22.3,13,12.4,152.0,845.2
2018-05-04 20:00:00,20.3,14,8.3,28.0,845.7
2018-05-04 21:00:00,19.8,14,9.6,0.0,846.3
2018-05-04 22:00:00,18.8,15,5.8,0.0,846.6
2018-05-04 23:00:00,17.8,17,6.1,0.0,846.5
2018-05-05 00:00:00,17.0,18,6.4,0.0,846.9
2018-05-05 01:00:00,16.8,18,6.9,0.0,847.4
2018-05-05 02:00:00,16.0,15,6.9,0.0,847.2
2018-05-05 03:00:00,15.7,13,6.0,0.0,847.0
2018-05-05 04:00:00,15.5,12,8.2,0.0,847.1
2018-05-05 05:00:00,14.3,13,6.6,0.0,847.2
2018-05-05 06:00:00,12.6,15,7.9,0.0,847.2
2018-05-05 07:00:00,13.8,15,4.7,21.0,848.6
2018-05-05 08:00:00,14.8,12,8.2,110.0,849.5
2018-05-05 09:00:00,15.4,14,14.3,190.0,850.4
2018-05-05 10:00:00,16.0,16,16.4,293.0,850.6
2018-05-05 11:00:00,16.6,15,17.1,336.0,851.0
2018-05-05 12:00:00,16.0,16,18.2,202.0,851.1
2018-05-05 13:00:00,15.7,17,18.4,264.0,851.3
2018-05-05 14:00:00,16.6,20,16.6,404.0,851.3
2018-05-05 15:00:00,15.0,25,19.7,220.0,850.7
2018-05-05 16:00:00,14.9,26,15.5,162.0,850.1
2018-05-05 17:00:00,14.1,31,16.6,144.0,850.2
2018-05-05 18:00:00,12.1,44,19.3,78.0,850.2
2018-05-05 19:00:00,11.4,47,12.7,62.0,850.5
2018-05-05 20:00:00,11.0,54,6.5,20.0,850.6
2018-05-05 21:00:00,10.8,57,1.6,0.0,850.9
2018-05-05 22:00:00,10.6,57,3.2,0.0,851.1
2018-05-05 23:00:00,10.4,59,2.5,0.0,851.1
2018-05-06 00:00:00,10.5,58,1.5,0.0,850.6
2018-05-06 01:00:00,10.0,60,5.5,0.0,849.9
2018-05-06 02:00:00,9.4,62,7.4,0.0,849.0
2018-05-06 03:00:00,8.6,64,5.2,0.0,848.4
2018-05-06 04:00:00,7.7,68,5.0,0.0,847.5
2018-05-06 05:00:00,8.0,68,3.4,0.0,847.4
2018-05-06 06:00:00,7.9,69,1.8,0.0,847.3
2018-05-06 07:00:00,7.8,70,1.8,27.0,847.3
2018-05-06 08:00:00,8.7,70,2.2,153.0,847.7
2018-05-06 09:00:00,11.0,59,1.5,353.0,848.1
2018-05-06 10:00:00,13.9,45,1.8,551.0,848.2
2018-05-06 11:00:00,16.7,33,1.0,723.0,848.3
2018-05-06 12:00:00,18.6,26,4.2,849.0,847.9
2018-05-06 13:00:00,20.0,22,6.1,915.0,847.1
2018-05-06 14:00:00,21.2,20,8.0,912.0,846.4
2018-05-06 15:00:00,22.0,19,9.8,841.0,845.6
2018-05-06 16:00:00,22.2,19,12.0,704.0,844.3
2018-05-06 17:00:00,22.1,19,13.6,562.0,843.7
2018-05-06 18:00:00,21.6,19,15.4,367.0,843.3
2018-05-06 19:00:00,20.3,20,17.1,165.0,843.4
2018-05-06 20:00:00,18.1,24,17.2,29.0,842.7
2018-05-06 21:00:00,17.1,29,16.3,0.0,842.8
2018-05-06 22:00:00,15.9,33,9.2,0.0,842.8
2018-05-06 23:00:00,14.3,37,6.4,0.0,842.4
2018-05-07 00:00:00,13.6,39,7.4,0.0,842.6
2018-05-07 01:00:00,12.8,45,12.3,0.0,843.1
2018-05-07 02:00:00,11.5,50,7.5,0.0,842.0
2018-05-07 03:00:00,12.2,46,5.2,0.0,842.6
2018-05-07 04:00:00,12.0,48,3.6,0.0,842.4
2018-05-07 05:00:00,10.6,53,6.7,0.0,841.8
2018-05-07 06:00:00,10.4,53,6.4,0.0,842.3
2018-05-07 07:00:00,10.6,53,4.2,29.0,842.9
2018-05-07 08:00:00,12.2,47,4.7,163.0,843.6
2018-05-07 09:00:00,14.0,43,2.1,353.0,844.2
2018-05-07 10:00:00,16.5,36,1.8,550.0,844.7
2018-05-07 11:00:00,19.0,31,4.6,723.0,844.8
2018-05-07 12:00:00,21.5,26,5.9,849.0,844.7
2018-05-07 13:00:00,23.6,23,5.2,917.0,844.3
2018-05-07 14:00:00,25.0,19,4.8,909.0,844.0
2018-05-07 15:00:00,25.8,14,3.1,826.0,843.4
2018-05-07 16:00:00,26.2,13,6.3,707.0,842.7
2018-05-07 17:00:00,26.2,13,8.2,560.0,842.5
2018-05-07 18:00:00,26.2,12,14.1,337.0,841.8
2018-05-07 19:00:00,25.0,13,12.3,171.0,841.3
2018-05-07 20:00:00,21.7,29,20.3,33.0,840.9
2018-05-07 21:00:00,20.0,38,19.2,0.0,841.2
2018-05-07 22:00:00,19.1,44,17.6,0.0,841.6
2018-05-07 23:00:00,17.8,51,17.9,0.0,842.2
2018-05-08 00:00:00,16.8,56,16.3,0.0,842.4
2018-05-08 01:00:00,16.2,58,11.8,0.0,842.6
2018-05-08 02:00:00,15.7,60,12.8,0.0,842.3
2018-05-08 03:00:00,15.1,62,12.1,0.0,842.3
2018-05-08 04:00:00,14.7,63,10.2,0.0,842.3
2018-05-08 05:00:00,14.2,64,5.6,0.0,842.4
2018-05-08 06:00:00,14.0,63,6.2,0.0,842.8
2018-05-08 07:00:00,14.3,60,7.4,16.0,843.5
2018-05-08 08:00:00,14.7,59,11.3,72.0,844.3
2018-05-08 09:00:00,15.7,56,13.6,181.0,845.4
2018-05-08 10:00:00,16.8,53,11.4,230.0,846.0
2018-05-08 11:00:00,18.2,47,12.9,362.0,846.7
2018-05-08 12:00:00,19.1,44,16.3,320.0,847.2
2018-05-08 13:00:00,19.9,36,21.1,356.0,847.2
2018-05-08 14:00:00,19.7,32,27.0,301.0,847.1
2018-05-08 15:00:00,19.4,31,24.2,283.0,846.8
2018-05-08 16:00:00,19.6,32,21.4,320.0,846.5
2018-05-08 17:00:00,19.5,32,17.1,235.0,846.4
2018-05-08 18:00:00,18.9,34,13.0,122.0,846.4
2018-05-08 19:00:00,17.3,47,19.2,82.0,846.6
2018-05-08 20:00:00,16.1,57,23.5,21.0,847.4
2018-05-08 21:00:00,14.5,64,19.0,0.0,847.6
2018-05-08 22:00:00,14.0,66,18.5,0.0,848.4
2018-05-08 23:00:00,13.3,69,15.0,0.0,848.9
2018-05-09 00:00:00,13.0,70,12.2,0.0,849.2
2018-05-09 01:00:00,12.9,69,10.5,0.0,849.0
2018-05-09 02:00:00,12.4,72,10.1,0.0,848.2
2018-05-09 03:00:00,12.3,72,9.6,0.0,848.6
2018-05-09 04:00:00,12.4,72,6.8,0.0,848.8
2018-05-09 05:00:00,12.7,72,7.4,0.0,849.1
2018-05-09 06:00:00,12.6,74,6.8,0.0,849.1
2018-05-09 07:00:00,12.1,76,11.9,8.0,849.4
2018-05-09 08:00:00,10.8,35,17.3,33.0,850.4
2018-05-09 09:00:00,11.2,39,14.4,80.0,850.8
2018-05-09 10:00:00,11.8,41,9.3,132.0,851.2
2018-05-09 11:00:00,12.9,46,4.3,231.0,851.2
2018-05-09 12:00:00,14.9,48,3.2,456.0,851.6
2018-05-09 13:00:00,16.7,42,5.9,533.0,851.9
2018-05-09 14:00:00,17.1,36,9.2,354.0,851.2
2018-05-09 15:00:00,18.1,36,9.7,417.0,850.7
2018-05-09 16:00:00,18.7,37,6.4,423.0,849.9
2018-05-09 17:00:00,18.5,39,9.4,195.0,849.2
2018-05-09 18:00:00,17.7,48,16.1,132.0,849.2
2018-05-09 19:00:00,17.0,53,15.8,36.0,849.2
2018-05-09 20:00:00,16.0,57,7.3,7.0,849.3
2018-05-09 21:00:00,15.2,64,8.3,0.0,850.0
2018-05-09 22:00:00,14.5,67,14.1,0.0,850.0
2018-05-09 23:00:00,13.6,72,16.3,0.0,849.9
2018-05-10 00:00:00,12.5,84,16.7,0.0,849.3
2018-05-10 01:00:00,11.9,87,18.6,0.0,848.0
2018-05-10 02:00:00,11.5,88,15.8,0.0,847.4
2018-05-10 03:00:00,11.3,88,16.2,0.0,846.6
2018-05-10 04:00:00,11.3,88,14.6,0.0,846.1
2018-05-10 05:00:00,11.2,88,12.8,0.0,845.7
2018-05-10 06:00:00,11.2,88,9.4,0.0,845.6
2018-05-10 07:00:00,11.4,89,6.9,7.0,846.0
2018-05-10 08:00:00,11.5,87,7.8,27.0,846.3
2018-05-10 09:00:00,11.4,90,10.2,28.0,846.7
2018-05-10 10:00:00,10.1,83,22.3,39.0,847.4
2018-05-10 11:00:00,9.3,79,9.7,73.0,848.6
2018-05-10 12:00:00,9.4,78,7.6,149.0,849.4
2018-05-10 13:00:00,9.3,78,5.3,80.0,849.8
2018-05-10 14:00:00,10.1,76,8.3,202.0,850.0
2018-05-10 15:00:00,10.9,71,8.3,227.0,850.0
2018-05-10 16:00:00,11.2,68,7.6,203.0,849.9
2018-05-10 17:00:00,11.5,64,10.4,240.0,849.9
2018-05-10 18:00:00,12.1,57,8.6,195.0,849.9
2018-05-10 19:00:00,12.0,58,8.1,127.0,850.2
2018-05-10 20:00:00,10.5,66,5.9,35.0,850.6
2018-05-10 21:00:00,9.8,70,4.9,0.0,850.8
2018-05-10 22:00:00,9.3,72,5.7,0.0,850.6
2018-05-10 23:00:00,7.7,81,4.3,0.0,849.5
2018-05-11 00:00:00,8.2,80,4.5,0.0,849.9
2018-05-11 01:00:00,8.7,78,1.5,0.0,849.9
2018-05-11 02:00:00,8.1,79,1.5,0.0,849.4
2018-05-11 03:00:00,8.7,75,3.0,0.0,849.3
2018-05-11 04:00:00,8.3,78,0.5,0.0,848.7
2018-05-11 05:00:00,8.3,78,2.6,0.0,848.3
2018-05-11 06:00:00,8.1,78,1.1,0.0,848.3
2018-05-11 07:00:00,7.8,80,1.5,34.0,848.6
2018-05-11 08:00:00,9.6,76,2.2,173.0,850.3
2018-05-11 09:00:00,12.0,66,2.6,340.0,851.0
2018-05-11 10:00:00,14.7,54,4.1,559.0,851.7
2018-05-11 11:00:00,17.6,43,6.0,729.0,851.8
2018-05-11 12:00:00,19.8,26,5.6,827.0,851.8
2018-05-11 13:00:00,20.7,20,2.0,921.0,851.1
2018-05-11 14:00:00,21.3,19,2.5,907.0,850.3
2018-05-11 15:00:00,21.8,18,3.6,829.0,849.9
2018-05-11 16:00:00,21.7,18,2.3,646.0,849.1
2018-05-11 17:00:00,21.7,18,5.2,502.0,848.4
2018-05-11 18:00:00,21.5,17,5.7,334.0,848.1
2018-05-11 19:00:00,20.1,22,5.6,165.0,847.6
2018-05-11 20:00:00,15.9,33,12.3,37.0,846.1
2018-05-11 21:00:00,15.3,34,8.8,0.0,846.4
2018-05-11 22:00:00,13.8,42,7.9,0.0,846.3
2018-05-11 23:00:00,14.4,39,4.8,0.0,847.2
2018-05-12 00:00:00,13.3,42,0.4,0.0,846.9
2018-05-12 01:00:00,12.4,46,2.4,0.0,846.6
2018-05-12 02:00:00,12.2,48,3.7,0.0,846.6
2018-05-12 03:00:00,12.3,48,2.4,0.0,846.7
2018-05-12 04:00:00,12.4,48,2.6,0.0,846.8
2018-05-12 05:00:00,11.7,51,2.9,0.0,847.1
2018-05-12 06:00:00,10.6,55,4.7,0.0,846.8
2018-05-12 07:00:00,9.6,66,3.9,36.0,846.7
2018-05-12 08:00:00,11.3,61,3.3,177.0,848.5
2018-05-12 09:00:00,14.5,49,5.5,368.0,849.9
2018-05-12 10:00:00,17.4,40,5.4,566.0,850.5
2018-05-12 11:00:00,20.1,34,5.6,738.0,850.5
2018-05-12 12:00:00,22.2,30,5.1,862.0,850.3
2018-05-12 13:00:00,24.1,22,7.5,929.0,849.4
2018-05-12 14:00:00,25.6,13,14.2,933.0,848.6
2018-05-12 15:00:00,26.1,14,15.0,868.0,848.2
2018-05-12 16:00:00,26.4,14,11.8,745.0,847.1
2018-05-12 17:00:00,26.3,13,13.4,570.0,846.4
2018-05-12 18:00:00,26.2,12,11.4,361.0,845.5
2018-05-12 19:00:00,23.3,22,6.1,181.0,844.2
2018-05-12 20:00:00,19.6,24,11.8,39.0,842.6
2018-05-12 21:00:00,17.2,32,7.6,0.0,841.7
2018-05-12 22:00:00,14.9,38,7.0,0.0,841.0
2018-05-12 23:00:00,17.0,31,3.2,0.0,842.7
2018-05-13 00:00:00,14.9,38,7.0,0.0,842.5
2018-05-13 01:00:00,15.9,38,2.6,0.0,843.1
2018-05-13 02:00:00,15.4,39,2.6,0.0,842.8
2018-05-13 03:00:00,15.0,40,3.4,0.0,842.9
2018-05-13 04:00:00,14.4,42,5.3,0.0,842.8
2018-05-13 05:00:00,13.6,44,4.9,0.0,842.7
2018-05-13 06:00:00,11.8,50,5.9,0.0,842.0
2018-05-13 07:00:00,11.7,59,4.4,37.0,842.0
2018-05-13 08:00:00,14.8,46,5.6,179.0,843.4
2018-05-13 09:00:00,18.0,38,5.4,373.0,844.8
2018-05-13 10:00:00,22.0,30,2.6,571.0,845.6
2018-05-13 11:00:00,25.9,21,5.2,742.0,845.7
2018-05-13 12:00:00,28.8,13,11.3,865.0,845.5
2018-05-13 13:00:00,30.4,12,12.9,931.0,845.0
2018-05-13 14:00:00,31.5,10,12.7,934.0,844.0
2018-05-13 15:00:00,32.1,9,11.6,870.0,843.0
2018-05-13 16:00:00,32.2,9,10.7,744.0,842.0
2018-05-13 17:00:00,31.9,9,10.0,572.0,841.1
2018-05-13 18:00:00,31.2,11,8.4,376.0,840.2
2018-05-13 19:00:00,27.5,27,8.4,184.0,838.4
2018-05-13 20:00:00,25.1,34,11.9,40.0,837.3
2018-05-13 21:00:00,22.2,42,10.0,0.0,836.7
2018-05-13 22:00:00,19.1,49,7.4,0.0,836.3
2018-05-13 23:00:00,17.0,56,7.8,0.0,835.8
2018-05-14 00:00:00,15.7,60,9.7,0.0,835.1
2018-05-14 01:00:00,18.1,52,5.4,0.0,836.4
2018-05-14 02:00:00,15.5,74,7.7,0.0,835.7
2018-05-14 03:00:00,17.4,66,1.9,0.0,836.7
2018-05-14 04:00:00,15.3,74,7.6,0.0,835.7
2018-05-14 05:00:00,15.0,74,6.5,0.0,836.1
2018-05-14 06:00:00,15.3,73,4.6,0.0,836.6
2018-05-14 07:00:00,15.3,73,3.3,38.0,837.0
2018-05-14 08:00:00,16.5,68,4.0,176.0,838.3
2018-05-14 09:00:00,18.4,57,4.1,363.0,839.0
2018-05-14 10:00:00,21.0,47,3.9,556.0,839.2
2018-05-14 11:00:00,23.6,40,3.9,723.0,839.2
2018-05-14 12:00:00,26.0,35,3.7,846.0,838.8
2018-05-14 13:00:00,28.3,30,4.3,912.0,838.3
2018-05-14 14:00:00,30.2,24,4.9,914.0,837.7
2018-05-14 15:00:00,31.4,20,4.6,854.0,837.0
2018-05-14 16:00:00,32.2,16,5.4,737.0,836.2
2018-05-14 17:00:00,32.3,16,6.8,575.0,835.8
2018-05-14 18:00:00,31.5,19,9.1,385.0,835.6
2018-05-14 19:00:00,28.8,33,14.3,158.0,835.2
2018-05-14 20:00:00,24.9,33,11.1,38.0,833.5
2018-05-14 21:00:00,23.8,39,14.1,0.0,834.6
2018-05-14 22:00:00,20.3,51,7.4,0.0,833.8
2018-05-14 23:00:00,19.7,52,7.6,0.0,834.8
2018-05-15 00:00:00,17.3,65,8.9,0.0,834.4
2018-05-15 01:00:00,19.4,53,6.5,0.0,835.5
2018-05-15 02:00:00,19.1,55,4.2,0.0,835.8
2018-05-15 03:00:00,18.3,56,5.4,0.0,835.5
2018-05-15 04:00:00,15.4,69,4.9,0.0,834.4
2018-05-15 05:00:00,16.2,72,0.5,0.0,835.4
2018-05-15 06:00:00,15.6,73,5.2,0.0,835.3
2018-05-15 07:00:00,15.6,78,3.3,38.0,836.1
2018-05-15 08:00:00,17.9,70,2.5,177.0,837.6
2018-05-15 09:00:00,20.6,58,0.4,366.0,838.7
2018-05-15 10:00:00,23.2,44,0.4,559.0,839.5
2018-05-15 11:00:00,25.7,33,3.2,726.0,839.9
2018-05-15 12:00:00,27.9,27,8.6,847.0,840.3
2018-05-15 13:00:00,29.7,20,13.4,913.0,840.4
2018-05-15 14:00:00,29.9,21,13.7,915.0,840.0
2018-05-15 15:00:00,30.6,19,12.1,851.0,839.5
2018-05-15 16:00:00,31.1,17,12.6,730.0,838.8
2018-05-15 17:00:00,31.0,17,12.6,562.0,838.4
2018-05-15 18:00:00,30.4,18,12.9,370.0,837.8
2018-05-15 19:00:00,29.2,20,10.3,180.0,837.4
2018-05-15 20:00:00,24.7,31,12.0,41.0,834.9
2018-05-15 21:00:00,22.9,38,9.7,0.0,835.4
2018-05-15 22:00:00,22.0,42,8.6,0.0,835.9
2018-05-15 23:00:00,20.9,44,10.4,0.0,836.3
2018-05-16 00:00:00,19.8,48,7.2,0.0,836.6
2018-05-16 01:00:00,19.9,37,8.6,0.0,837.5
2018-05-16 02:00:00,18.6,27,9.4,0.0,837.9
2018-05-16 03:00:00,17.2,31,7.6,0.0,837.9
2018-05-16 04:00:00,16.4,31,9.7,0.0,837.6
2018-05-16 05:00:00,16.6,28,7.9,0.0,838.6
2018-05-16 06:00:00,16.3,30,7.4,0.0,838.7
2018-05-16 07:00:00,17.8,28,8.5,39.0,840.5
2018-05-16 08:00:00,19.4,29,10.5,180.0,842.3
2018-05-16 09:00:00,20.4,29,11.1,350.0,843.0
2018-05-16 10:00:00,22.1,26,12.5,513.0,843.6
2018-05-16 11:00:00,23.4,24,14.4,699.0,844.0
2018-05-16 12:00:00,24.7,23,14.1,834.0,844.4
2018-05-16 13:00:00,25.5,22,16.1,843.0,844.3
2018-05-16 14:00:00,25.2,24,20.7,810.0,844.0
2018-05-16 15:00:00,25.3,24,19.5,747.0,844.1
2018-05-16 16:00:00,23.9,28,18.7,607.0,844.1
2018-05-16 17:00:00,23.1,30,17.6,334.0,843.7
2018-05-16 18:00:00,22.8,30,14.0,189.0,844.0
2018-05-16 19:00:00,22.5,30,14.7,92.0,844.7
2018-05-16 20:00:00,22.4,33,19.2,18.0,844.8
2018-05-16 21:00:00,21.4,36,5.2,0.0,845.6
2018-05-16 22:00:00,19.7,41,6.6,0.0,845.9
2018-05-16 23:00:00,20.6,38,2.1,0.0,847.0
2018-05-17 00:00:00,18.7,44,4.0,0.0,846.1
2018-05-17 01:00:00,17.6,49,8.1,0.0,846.2
2018-05-17 02:00:00,16.2,57,6.2,0.0,846.0
2018-05-17 03:00:00,14.7,64,6.2,0.0,845.4
2018-05-17 04:00:00,14.5,65,4.6,0.0,845.6
2018-05-17 05:00:00,13.7,69,3.8,0.0,845.3
2018-05-17 06:00:00,13.2,71,3.4,0.0,845.1
2018-05-17 07:00:00,13.9,68,3.5,40.0,846.1
2018-05-17 08:00:00,15.6,61,2.2,178.0,847.1
2018-05-17 09:00:00,18.2,51,2.2,367.0,848.0
2018-05-17 10:00:00,20.5,43,2.4,558.0,848.6
2018-05-17 11:00:00,22.5,36,1.5,724.0,848.9
2018-05-17 12:00:00,24.5,28,4.7,845.0,849.0
2018-05-17 13:00:00,26.0,23,6.6,905.0,848.7
2018-05-17 14:00:00,27.1,22,9.1,910.0,848.2
2018-05-17 15:00:00,28.0,20,11.6,849.0,847.4
2018-05-17 16:00:00,28.3,19,17.8,714.0,846.6
2018-05-17 17:00:00,27.6,18,24.0,537.0,845.7
2018-05-17 18:00:00,27.1,20,24.0,376.0,845.2
2018-05-17 19:00:00,25.8,23,21.1,185.0,844.9
2018-05-17 20:00:00,24.3,27,12.5,44.0,843.9
2018-05-17 21:00:00,23.0,31,12.7,0.0,844.0
2018-05-17 22:00:00,21.3,41,13.0,0.0,844.7
2018-05-17 23:00:00,19.8,49,10.8,0.0,844.6
2018-05-18 00:00:00,19.0,51,10.5,0.0,844.6
2018-05-18 01:00:00,18.0,53,9.5,0.0,844.4
2018-05-18 02:00:00,16.6,55,6.6,0.0,843.7
2018-05-18 03:00:00,15.1,60,7.7,0.0,843.0
2018-05-18 04:00:00,16.1,56,3.0,0.0,843.6
2018-05-18 05:00:00,15.4,58,1.3,0.0,843.2
2018-05-18 06:00:00,15.3,59,2.6,0.0,843.3
2018-05-18 07:00:00,15.5,59,1.5,42.0,843.7
2018-05-18 08:00:00,17.9,47,3.7,181.0,844.4
2018-05-18 09:00:00,20.4,40,6.5,361.0,845.1
2018-05-18 10:00:00,22.7,36,8.0,528.0,845.0
2018-05-18 11:00:00,24.6,34,7.6,640.0,844.7
2018-05-18 12:00:00,27.0,30,8.8,785.0,844.0
2018-05-18 13:00:00,27.7,28,16.1,557.0,843.2
2018-05-18 14:00:00,27.6,30,24.5,496.0,842.6
2018-05-18 15:00:00,28.0,30,24.1,588.0,842.1
2018-05-18 16:00:00,27.4,32,27.2,501.0,841.4
2018-05-18 17:00:00,26.2,36,30.3,334.0,840.5
2018-05-18 18:00:00,25.1,40,30.8,277.0,840.3
2018-05-18 19:00:00,24.5,41,25.4,160.0,840.6
2018-05-18 20:00:00,22.4,52,19.5,33.0,841.2
2018-05-18 21:00:00,18.5,74,28.2,0.0,842.9
2018-05-18 22:00:00,14.0,67,16.3,0.0,843.8
2018-05-18 23:00:00,15.0,61,5.6,0.0,845.6
2018-05-19 00:00:00,13.7,60,10.0,0.0,845.9
2018-05-19 01:00:00,12.7,72,9.2,0.0,845.8
2018-05-19 02:00:00,12.5,74,8.7,0.0,845.7
2018-05-19 03:00:00,12.2,79,8.0,0.0,845.8
2018-05-19 04:00:00,12.1,81,7.9,0.0,845.6
2018-05-19 05:00:00,11.9,80,7.6,0.0,845.7
2018-05-19 06:00:00,11.9,82,8.4,0.0,845.1
2018-05-19 07:00:00,12.2,79,1.8,6.0,845.6
2018-05-19 08:00:00,13.2,73,1.5,63.0,846.4
2018-05-19 09:00:00,14.7,64,1.5,342.0,847.4
2018-05-19 10:00:00,16.3,58,2.9,526.0,847.5
2018-05-19 11:00:00,18.2,51,4.0,698.0,847.5
2018-05-19 12:00:00,20.3,45,4.3,843.0,847.5
2018-05-19 13:00:00,22.0,41,2.7,913.0,847.1
2018-05-19 14:00:00,23.6,36,3.3,910.0,846.6
2018-05-19 15:00:00,24.7,33,5.8,855.0,846.0
2018-05-19 16:00:00,25.2,31,9.4,731.0,845.3
2018-05-19 17:00:00,25.2,30,12.5,563.0,844.7
2018-05-19 18:00:00,24.9,28,11.4,377.0,844.5
2018-05-19 19:00:00,24.1,29,13.0,190.0,844.2
2018-05-19 20:00:00,21.0,40,9.1,47.0,843.4
2018-05-19 21:00:00,19.3,49,9.0,0.0,843.7
2018-05-19 22:00:00,17.8,55,7.9,0.0,844.1
2018-05-19 23:00:00,16.7,57,7.6,0.0,844.1
2018-05-20 00:00:00,15.4,59,7.2,0.0,843.5
2018-05-20 01:00:00,14.8,60,7.2,0.0,843.2
2018-05-20 02:00:00,14.0,62,6.9,0.0,842.6
2018-05-20 03:00:00,13.6,64,4.0,0.0,842.3
2018-05-20 04:00:00,14.3,63,3.9,0.0,842.5
2018-05-20 05:00:00,13.2,68,4.3,0.0,842.0
2018-05-20 06:00:00,11.8,77,3.6,0.0,841.1
2018-05-20 07:00:00,13.3,73,2.6,44.0,842.5
2018-05-20 08:00:00,15.7,60,2.3,185.0,843.2
2018-05-20 09:00:00,18.0,53,6.0,371.0,844.0
2018-05-20 10:00:00,20.3,48,7.4,554.0,844.4
2018-05-20 11:00:00,22.3,44,9.0,678.0,844.5
2018-05-20 12:00:00,24.8,40,9.8,801.0,844.4
2018-05-20 13:00:00,26.2,37,7.3,740.0,843.8
2018-05-20 14:00:00,25.6,39,7.2,474.0,843.1
2018-05-20 15:00:00,25.0,40,11.6,234.0,842.5
2018-05-20 16:00:00,24.5,43,18.8,245.0,842.1
2018-05-20 17:00:00,24.9,44,18.9,221.0,842.1
2018-05-20 18:00:00,23.6,49,20.3,100.0,842.3
2018-05-20 19:00:00,22.6,50,18.6,78.0,842.8
2018-05-20 20:00:00,20.6,69,9.5,11.0,843.1
2018-05-20 21:00:00,20.4,67,6.7,0.0,844.5
2018-05-20 22:00:00,20.0,57,11.8,0.0,845.1
2018-05-20 23:00:00,18.5,54,9.0,0.0,845.1
2018-05-21 00:00:00,17.4,58,2.3,0.0,845.8
2018-05-21 01:00:00,16.5,69,8.2,0.0,845.7
2018-05-21 02:00:00,16.1,67,8.2,0.0,845.4
2018-05-21 03:00:00,15.9,68,5.9,0.0,845.4
2018-05-21 04:00:00,15.9,67,7.0,0.0,845.7
2018-05-21 05:00:00,15.0,78,4.7,0.0,845.8
2018-05-21 06:00:00,14.6,80,5.6,0.0,845.9
2018-05-21 07:00:00,14.6,81,5.7,5.0,846.6
2018-05-21 08:00:00,15.6,72,6.5,25.0,847.8
2018-05-21 09:00:00,15.6,77,4.5,46.0,849.3
2018-05-21 10:00:00,15.4,80,9.8,65.0,850.6
2018-05-21 11:00:00,12.2,77,8.6,119.0,852.0
2018-05-21 12:00:00,10.8,81,1.8,117.0,852.9
2018-05-21 13:00:00,9.0,77,13.8,93.0,853.2
2018-05-21 14:00:00,7.2,77,14.0,149.0,854.0
2018-05-21 15:00:00,5.9,82,16.1,119.0,854.2
2018-05-21 16:00:00,8.7,64,10.8,360.0,854.2
2018-05-21 17:00:00,9.5,59,12.3,204.0,854.4
2018-05-21 18:00:00,9.8,57,11.6,171.0,854.4
2018-05-21 19:00:00,9.7,56,11.6,102.0,854.9
2018-05-21 20:00:00,9.8,54,12.6,16.0,855.8
2018-05-21 21:00:00,10.0,51,9.6,0.0,856.6
2018-05-21 22:00:00,10.0,49,8.0,0.0,857.5
2018-05-21 23:00:00,10.1,46,6.5,0.0,858.1
2018-05-22 00:00:00,10.1,44,7.1,0.0,858.1
2018-05-22 01:00:00,10.1,44,5.5,0.0,858.1
2018-05-22 02:00:00,9.9,47,4.2,0.0,857.8
2018-05-22 03:00:00,10.0,51,4.0,0.0,857.8
2018-05-22 04:00:00,9.8,56,3.2,0.0,857.2
2018-05-22 05:00:00,9.7,63,3.1,0.0,856.9
2018-05-22 06:00:00,10.0,58,2.0,0.0,856.8
2018-05-22 07:00:00,9.8,61,2.3,39.0,856.9
2018-05-22 08:00:00,11.1,50,4.2,187.0,857.1
2018-05-22 09:00:00,13.0,41,4.4,389.0,857.7
2018-05-22 10:00:00,14.7,34,2.9,584.0,857.6
2018-05-22 11:00:00,16.3,26,2.5,761.0,856.8
2018-05-22 12:00:00,17.9,21,3.0,885.0,856.6
2018-05-22 13:00:00,19.2,18,6.8,950.0,855.5
2018-05-22 14:00:00,20.3,15,9.0,950.0,854.8
2018-05-22 15:00:00,21.1,14,11.5,886.0,854.0
2018-05-22 16:00:00,21.5,13,13.3,764.0,852.6
2018-05-22 17:00:00,21.6,14,14.8,596.0,851.3
2018-05-22 18:00:00,20.9,18,18.6,398.0,850.1
2018-05-22 19:00:00,19.7,18,18.5,201.0,849.5
2018-05-22 20:00:00,17.8,23,16.4,51.0,848.8
2018-05-22 21:00:00,16.3,28,13.9,0.0,848.5
2018-05-22 22:00:00,15.0,33,10.0,0.0,848.5
2018-05-22 23:00:00,13.5,40,7.6,0.0,848.1
2018-05-23 00:00:00,12.7,44,7.9,0.0,847.7
2018-05-23 01:00:00,14.5,38,5.8,0.0,847.9
2018-05-23 02:00:00,14.1,39,2.5,0.0,847.6
2018-05-23 03:00:00,13.7,42,2.1,0.0,847.4
2018-05-23 04:00:00,13.2,45,2.9,0.0,846.8
2018-05-23 05:00:00,12.3,49,5.6,0.0,846.3
2018-05-23 06:00:00,11.2,53,5.8,0.0,845.6
2018-05-23 07:00:00,12.2,47,5.8,38.0,846.0
2018-05-23 08:00:00,13.1,51,5.4,161.0,846.7
2018-05-23 09:00:00,15.2,40,5.9,293.0,847.2
2018-05-23 10:00:00,17.4,34,5.6,544.0,847.6
2018-05-23 11:00:00,19.5,30,7.1,716.0,847.2
2018-05-23 12:00:00,21.3,28,6.3,849.0,846.8
2018-05-23 13:00:00,22.7,27,5.4,915.0,846.4
2018-05-23 14:00:00,23.9,27,5.4,917.0,845.4
2018-05-23 15:00:00,24.5,27,7.5,780.0,844.3
2018-05-23 16:00:00,24.8,28,11.8,644.0,843.2
2018-05-23 17:00:00,25.0,29,13.5,574.0,842.7
2018-05-23 18:00:00,24.2,33,17.2,373.0,842.2
2018-05-23 19:00:00,22.7,38,16.6,174.0,842.0
2018-05-23 20:00:00,21.5,41,14.7,45.0,841.3
2018-05-23 21:00:00,20.0,46,20.6,0.0,841.6
2018-05-23 22:00:00,18.5,51,18.5,0.0,842.2
2018-05-23 23:00:00,17.2,55,14.4,0.0,842.4
2018-05-24 00:00:00,15.8,60,7.5,0.0,841.9
2018-05-24 01:00:00,13.8,69,7.2,0.0,841.0
2018-05-24 02:00:00,13.1,73,7.3,0.0,840.7
2018-05-24 03:00:00,13.9,69,4.7,0.0,841.3
2018-05-24 04:00:00,13.8,69,1.9,0.0,840.7
2018-05-24 05:00:00,13.3,73,2.1,0.0,840.4
2018-05-24 06:00:00,12.5,78,4.8,0.0,840.1
2018-05-24 07:00:00,13.8,71,4.5,31.0,840.7
2018-05-24 08:00:00,15.1,64,6.1,187.0,840.6
2018-05-24 09:00:00,17.3,52,2.3,374.0,841.8
2018-05-24 10:00:00,19.3,45,3.0,546.0,842.2
2018-05-24 11:00:00,21.4,39,2.2,698.0,842.3
2018-05-24 12:00:00,23.0,35,3.9,730.0,842.5
2018-05-24 13:00:00,24.5,32,4.6,777.0,842.1
2018-05-24 14:00:00,25.9,27,6.9,850.0,841.6
2018-05-24 15:00:00,26.7,24,8.7,804.0,840.7
2018-05-24 16:00:00,27.2,23,10.9,690.0,839.9
2018-05-24 17:00:00,27.0,24,13.2,513.0,839.9
2018-05-24 18:00:00,25.6,29,19.3,168.0,839.9
2018-05-24 19:00:00,24.0,34,17.3,65.0,840.8
2018-05-24 20:00:00,24.2,34,9.1,22.0,840.7
2018-05-24 21:00:00,22.2,49,9.4,0.0,841.5
2018-05-24 22:00:00,20.6,54,9.6,0.0,841.4
2018-05-24 23:00:00,19.1,58,8.2,0.0,841.4
2018-05-25 00:00:00,19.2,58,3.9,0.0,842.1
2018-05-25 01:00:00,18.4,65,7.3,0.0,842.6
2018-05-25 02:00:00,17.7,72,5.1,0.0,842.8
2018-05-25 03:00:00,17.8,67,4.8,0.0,843.2
2018-05-25 04:00:00,17.5,56,5.7,0.0,842.9
2018-05-25 05:00:00,16.9,49,7.6,0.0,843.0
2018-05-25 06:00:00,16.3,45,7.2,0.0,843.1
2018-05-25 07:00:00,17.5,33,5.8,44.0,844.8
2018-05-25 08:00:00,19.2,28,8.1,173.0,846.0
2018-05-25 09:00:00,21.6,23,5.2,344.0,847.0
2018-05-25 10:00:00,23.2,21,2.2,562.0,847.7
2018-05-25 11:00:00,24.9,21,6.8,734.0,848.2
2018-05-25 12:00:00,26.6,19,13.0,824.0,848.6
2018-05-25 13:00:00,27.1,17,20.4,865.0,848.5
2018-05-25 14:00:00,26.9,17,21.8,835.0,848.4
2018-05-25 15:00:00,26.6,16,26.2,826.0,848.1
2018-05-25 16:00:00,24.5,17,31.1,667.0,847.7
2018-05-25 17:00:00,22.1,19,32.4,407.0,847.5
2018-05-25 18:00:00,19.8,21,31.2,247.0,848.0
2018-05-25 19:00:00,17.6,25,24.3,130.0,849.2
2018-05-25 20:00:00,14.9,33,19.2,27.0,850.7
2018-05-25 21:00:00,13.3,40,14.3,0.0,852.1
2018-05-25 22:00:00,12.4,48,9.7,0.0,853.2
2018-05-25 23:00:00,11.3,65,5.1,0.0,854.1
2018-05-26 00:00:00,10.5,74,6.8,0.0,854.8
2018-05-26 01:00:00,9.9,78,7.9,0.0,855.3
2018-05-26 02:00:00,9.6,77,8.4,0.0,855.6
2018-05-26 03:00:00,8.9,78,11.3,0.0,855.8
2018-05-26 04:00:00,8.4,79,13.1,0.0,855.6
2018-05-26 05:00:00,8.3,73,15.1,0.0,855.5
2018-05-26 06:00:00,8.5,67,11.8,0.0,855.5
2018-05-26 07:00:00,9.6,56,7.9,22.0,856.1
2018-05-26 08:00:00,10.4,51,6.6,114.0,857.2
2018-05-26 09:00:00,11.8,46,4.2,267.0,857.8
2018-05-26 10:00:00,12.8,40,2.6,376.0,858.0
2018-05-26 11:00:00,13.6,37,1.5,468.0,858.0
2018-05-26 12:00:00,14.0,37,0.8,412.0,857.9
2018-05-26 13:00:00,15.6,35,2.7,684.0,857.4
2018-05-26 14:00:00,16.5,33,2.5,685.0,857.1
2018-05-26 15:00:00,17.1,32,2.7,580.0,856.5
2018-05-26 16:00:00,17.6,32,2.4,507.0,855.6
2018-05-26 17:00:00,17.9,32,1.1,416.0,855.2
2018-05-26 18:00:00,17.9,32,1.8,275.0,854.7
2018-05-26 19:00:00,17.8,32,1.8,142.0,854.7
2018-05-26 20:00:00,17.0,34,4.3,42.0,854.9
2018-05-26 21:00:00,17.4,30,1.8,0.0,856.0
2018-05-26 22:00:00,17.0,31,0.8,0.0,856.2
2018-05-26 23:00:00,16.0,38,1.1,0.0,856.1
2018-05-27 00:00:00,13.0,55,2.5,0.0,854.3
2018-05-27 01:00:00,11.6,67,2.7,0.0,853.4
2018-05-27 02:00:00,10.4,76,1.8,0.0,852.7
2018-05-27 03:00:00,11.2,74,0.8,0.0,853.1
2018-05-27 04:00:00,11.3,73,0.5,0.0,853.0
2018-05-27 05:00:00,11.4,71,1.3,0.0,853.2
2018-05-27 06:00:00,11.5,69,0.4,0.0,853.0
2018-05-27 07:00:00,11.7,69,1.8,46.0,853.3
2018-05-27 08:00:00,13.1,63,2.5,170.0,854.8
2018-05-27 09:00:00,15.2,54,2.8,365.0,855.2
2018-05-27 10:00:00,17.3,42,2.0,525.0,855.2
2018-05-27 11:00:00,19.4,35,1.6,695.0,855.1
2018-05-27 12:00:00,21.2,30,1.1,774.0,854.7
2018-05-27 13:00:00,22.7,24,2.0,812.0,853.8
2018-05-27 14:00:00,24.0,17,3.8,824.0,853.0
2018-05-27 15:00:00,24.9,14,5.0,789.0,852.0
2018-05-27 16:00:00,25.2,13,5.8,682.0,851.0
2018-05-27 17:00:00,25.0,14,6.9,532.0,850.1
2018-05-27 18:00:00,24.5,16,9.0,339.0,849.4
2018-05-27 19:00:00,23.4,18,11.4,166.0,849.0
2018-05-27 20:00:00,21.1,22,11.2,46.0,848.6
2018-05-27 21:00:00,19.1,29,8.3,0.0,848.2
2018-05-27 22:00:00,16.9,39,5.9,0.0,847.6
2018-05-27 23:00:00,14.7,48,4.3,0.0,846.9
2018-05-28 00:00:00,14.0,51,1.5,0.0,847.0
2018-05-28 01:00:00,13.5,53,3.1,0.0,846.8
2018-05-28 02:00:00,13.4,51,4.1,0.0,846.4
2018-05-28 03:00:00,13.8,48,4.2,0.0,846.7
2018-05-28 04:00:00,13.9,42,4.9,0.0,847.4
2018-05-28 05:00:00,13.2,39,4.5,0.0,847.1
2018-05-28 06:00:00,11.3,48,5.1,0.0,846.3
2018-05-28 07:00:00,13.1,45,2.5,44.0,847.4
2018-05-28 08:00:00,14.5,39,1.8,162.0,848.8
2018-05-28 09:00:00,16.7,32,1.3,293.0,850.0
2018-05-28 10:00:00,19.1,27,2.5,480.0,850.4
2018-05-28 11:00:00,21.5,22,1.8,661.0,850.7
2018-05-28 12:00:00,23.6,18,2.3,782.0,850.8
2018-05-28 13:00:00,25.3,14,5.9,846.0,850.3
2018-05-28 14:00:00,26.1,14,7.4,839.0,849.6
2018-05-28 15:00:00,26.4,14,8.4,761.0,848.9
2018-05-28 16:00:00,26.5,13,12.7,672.0,848.4
2018-05-28 17:00:00,26.2,13,17.3,563.0,847.7
2018-05-28 18:00:00,25.1,15,21.3,284.0,847.2
2018-05-28 19:00:00,23.9,17,17.7,152.0,846.7
2018-05-28 20:00:00,22.1,21,12.5,48.0,846.5
2018-05-28 21:00:00,20.0,26,6.6,1.0,846.2
2018-05-28 22:00:00,18.3,34,7.4,0.0,846.1
2018-05-28 23:00:00,16.5,40,8.4,0.0,846.2
2018-05-29 00:00:00,15.3,46,7.8,0.0,846.0
2018-05-29 01:00:00,15.9,44,3.8,0.0,846.5
2018-05-29 02:00:00,15.1,47,2.5,0.0,846.3
2018-05-29 03:00:00,15.2,46,0.8,0.0,846.5
2018-05-29 04:00:00,15.4,44,2.1,0.0,846.8
2018-05-29 05:00:00,14.9,45,2.6,0.0,846.8
2018-05-29 06:00:00,14.1,50,5.1,0.0,846.6
2018-05-29 07:00:00,14.3,56,2.4,50.0,847.0
2018-05-29 08:00:00,15.8,41,1.0,191.0,848.5
2018-05-29 09:00:00,18.3,30,1.8,396.0,849.4
2018-05-29 10:00:00,20.9,24,2.4,541.0,850.3
2018-05-29 11:00:00,22.9,20,6.5,593.0,850.5
2018-05-29 12:00:00,24.4,19,11.2,643.0,850.6
2018-05-29 13:00:00,25.5,18,15.3,721.0,850.4
2018-05-29 14:00:00,26.0,15,17.1,693.0,849.7
2018-05-29 15:00:00,26.5,13,18.6,708.0,849.4
2018-05-29 16:00:00,26.3,14,18.3,587.0,848.4
2018-05-29 17:00:00,26.1,14,16.4,455.0,848.0
2018-05-29 18:00:00,25.5,14,16.8,286.0,847.9
2018-05-29 19:00:00,24.1,17,16.9,131.0,847.6
2018-05-29 20:00:00,22.6,19,13.7,45.0,847.9
2018-05-29 21:00:00,21.1,23,12.8,1.0,848.0
2018-05-29 22:00:00,18.7,31,7.9,0.0,847.6
2018-05-29 23:00:00,16.6,39,6.5,0.0,847.1
2018-05-30 00:00:00,17.1,40,1.8,0.0,847.6
2018-05-30 01:00:00,15.9,44,1.5,0.0,847.3
2018-05-30 02:00:00,15.0,48,3.1,0.0,846.9
2018-05-30 03:00:00,14.8,49,3.1,0.0,847.1
2018-05-30 04:00:00,15.0,48,4.0,0.0,847.4
2018-05-30 05:00:00,14.8,49,2.8,0.0,847.6
2018-05-30 06:00:00,14.5,51,0.4,0.0,847.6
2018-05-30 07:00:00,14.3,59,2.1,54.0,847.6
2018-05-30 08:00:00,16.0,43,2.9,204.0,848.9
2018-05-30 09:00:00,18.9,33,1.8,398.0,850.0
2018-05-30 10:00:00,21.9,25,5.5,587.0,850.8
2018-05-30 11:00:00,24.3,19,8.5,732.0,850.9
2018-05-30 12:00:00,25.7,16,9.4,862.0,851.0
2018-05-30 13:00:00,26.8,14,13.3,944.0,850.7
2018-05-30 14:00:00,27.5,13,19.6,943.0,850.0
2018-05-30 15:00:00,27.4,13,23.0,802.0,849.3
2018-05-30 16:00:00,26.9,15,23.7,643.0,848.5
2018-05-30 17:00:00,26.3,15,26.1,514.0,847.8
2018-05-30 18:00:00,25.3,18,26.6,354.0,847.4
2018-05-30 19:00:00,24.1,20,24.1,200.0,847.4
2018-05-30 20:00:00,22.5,25,20.4,57.0,846.8
2018-05-30 21:00:00,20.8,30,13.8,1.0,846.9
2018-05-30 22:00:00,19.5,33,11.5,0.0,847.4
2018-05-30 23:00:00,18.2,39,9.5,0.0,847.4
2018-05-31 00:00:00,16.4,46,7.3,0.0,846.8
2018-05-31 01:00:00,15.5,50,7.6,0.0,846.4
2018-05-31 02:00:00,14.7,53,8.0,0.0,846.3
2018-05-31 03:00:00,13.8,55,9.2,0.0,846.1
2018-05-31 04:00:00,13.6,55,8.4,0.0,846.3
2018-05-31 05:00:00,13.1,55,8.2,0.0,846.0
2018-05-31 06:00:00,13.0,54,8.2,0.0,846.3
2018-05-31 07:00:00,14.6,51,1.8,55.0,847.5
2018-05-31 08:00:00,15.9,45,6.9,205.0,848.8
2018-05-31 09:00:00,18.4,39,8.2,397.0,849.7
2018-05-31 10:00:00,20.5,34,6.3,590.0,850.2
2018-05-31 11:00:00,22.7,30,6.4,755.0,850.4
2018-05-31 12:00:00,24.8,29,10.2,873.0,850.4
2018-05-31 13:00:00,26.7,26,14.0,936.0,849.8
2018-05-31 14:00:00,28.2,22,18.8,938.0,848.9
2018-05-31 15:00:00,28.6,22,25.8,876.0,847.9
2018-05-31 16:00:00,28.0,22,31.5,754.0,847.0
2018-05-31 17:00:00,26.9,24,32.7,594.0,846.4
2018-05-31 18:00:00,25.4,27,31.0,405.0,846.0
2018-05-31 19:00:00,23.4,32,28.9,208.0,845.9
2018-05-31 20:00:00,22.1,35,28.2,55.0,845.1
2018-05-31 21:00:00,20.3,40,24.7,1.0,845.6
2018-05-31 22:00:00,19.2,44,20.1,0.0,846.1
2018-05-31 23:00:00,18.3,48,16.6,0.0,846.4
2018-06-01 00:00:00,17.5,51,17.8,0.0,846.4
2018-06-01 01:00:00,16.8,54,15.2,0.0,846.6
2018-06-01 02:00:00,16.2,58,13.0,0.0,846.6
2018-06-01 03:00:00,15.7,62,14.8,0.0,846.7
2018-06-01 04:00:00,15.3,66,15.4,0.0,846.7
2018-06-01 05:00:00,15.3,67,12.3,0.0,847.0
2018-06-01 06:00:00,15.1,68,9.0,0.0,847.3
2018-06-01 07:00:00,15.3,68,8.0,19.0,847.8
2018-06-01 08:00:00,16.1,64,7.3,82.0,848.4
2018-06-01 09:00:00,17.2,61,2.7,163.0,849.2
2018-06-01 10:00:00,17.6,59,1.8,116.0,849.8
2018-06-01 11:00:00,19.0,53,3.8,235.0,849.9
2018-06-01 12:00:00,20.5,47,6.2,328.0,849.8
2018-06-01 13:00:00,23.6,37,4.9,671.0,849.9
2018-06-01 14:00:00,26.1,30,6.9,803.0,849.4
2018-06-01 15:00:00,27.5,25,5.4,832.0,849.2
2018-06-01 16:00:00,27.2,25,6.2,650.0,848.8
2018-06-01 17:00:00,26.4,25,8.7,252.0,848.3
2018-06-01 18:00:00,26.9,24,2.7,296.0,848.3
2018-06-01 19:00:00,27.0,22,6.8,160.0,848.4
2018-06-01 20:00:00,23.5,27,9.1,49.0,847.9
2018-06-01 21:00:00,22.4,29,7.0,1.0,848.3
2018-06-01 22:00:00,21.1,37,10.9,0.0,849.8
2018-06-01 23:00:00,18.4,57,9.4,0.0,849.8
2018-06-02 00:00:00,17.3,63,6.6,0.0,849.7
2018-06-02 01:00:00,16.1,65,7.2,0.0,849.4
2018-06-02 02:00:00,17.3,58,1.5,0.0,850.1
2018-06-02 03:00:00,16.7,62,2.9,0.0,849.8
2018-06-02 04:00:00,16.2,64,3.1,0.0,849.4
2018-06-02 05:00:00,15.7,67,1.1,0.0,849.3
2018-06-02 06:00:00,15.1,71,1.5,0.0,849.5
2018-06-02 07:00:00,15.3,72,1.4,54.0,849.9
2018-06-02 08:00:00,17.0,64,1.0,201.0,851.5
2018-06-02 09:00:00,19.6,46,2.5,391.0,852.6
2018-06-02 10:00:00,22.3,36,5.0,581.0,853.0
2018-06-02 11:00:00,24.6,24,9.4,745.0,853.0
2018-06-02 12:00:00,26.3,19,10.4,869.0,852.6
2018-06-02 13:00:00,27.7,18,10.0,935.0,851.8
2018-06-02 14:00:00,28.7,17,7.2,944.0,851.0
2018-06-02 15:00:00,29.8,15,6.6,871.0,850.2
2018-06-02 16:00:00,28.6,18,18.1,510.0,849.1
2018-06-02 17:00:00,27.9,19,18.6,342.0,848.3
2018-06-02 18:00:00,28.2,19,15.1,324.0,848.1
2018-06-02 19:00:00,27.3,17,17.1,119.0,847.9
2018-06-02 20:00:00,26.2,17,16.4,35.0,848.1
2018-06-02 21:00:00,22.4,16,28.6,1.0,849.2
2018-06-02 22:00:00,20.3,23,26.6,0.0,851.1
2018-06-02 23:00:00,19.4,26,12.7,0.0,851.8
2018-06-03 00:00:00,18.8,28,6.2,0.0,852.2
2018-06-03 01:00:00,18.5,29,6.5,0.0,852.1
2018-06-03 02:00:00,18.2,29,9.8,0.0,852.0
2018-06-03 03:00:00,17.3,31,6.9,0.0,851.6
2018-06-03 04:00:00,17.5,30,4.3,0.0,851.7
2018-06-03 05:00:00,17.3,31,3.9,0.0,851.7
2018-06-03 06:00:00,17.1,32,4.5,0.0,851.7
2018-06-03 07:00:00,16.8,34,1.1,10.0,852.2
2018-06-03 08:00:00,14.8,50,1.9,41.0,853.2
2018-06-03 09:00:00,14.0,60,1.0,78.0,854.0
2018-06-03 10:00:00,13.0,75,3.9,76.0,854.1
2018-06-03 11:00:00,13.2,75,5.2,123.0,854.6
2018-06-03 12:00:00,15.0,54,11.0,291.0,855.0
2018-06-03 13:00:00,16.3,39,10.9,354.0,854.9
2018-06-03 14:00:00,16.9,34,9.1,349.0,854.5
2018-06-03 15:00:00,17.5,30,8.4,391.0,854.3
2018-06-03 16:00:00,17.9,26,6.6,331.0,853.7
2018-06-03 17:00:00,18.7,22,5.5,315.0,853.3
2018-06-03 18:00:00,19.2,20,5.6,256.0,852.8
2018-06-03 19:00:00,18.5,27,8.6,132.0,852.6
2018-06-03 20:00:00,17.5,32,5.1,51.0,852.5
2018-06-03 21:00:00,15.4,47,5.6,1.0,852.3
2018-06-03 22:00:00,14.3,53,6.2,0.0,852.3
2018-06-03 23:00:00,13.0,59,5.8,0.0,851.8
2018-06-04 00:00:00,11.7,64,5.6,0.0,851.1
2018-06-04 01:00:00,10.8,65,5.4,0.0,850.5
2018-06-04 02:00:00,11.5,60,2.2,0.0,850.8
2018-06-04 03:00:00,11.5,61,2.6,0.0,850.9
2018-06-04 04:00:00,11.4,63,2.9,0.0,850.5
2018-06-04 05:00:00,11.3,64,1.8,0.0,850.0
2018-06-04 06:00:00,11.2,63,0.4,1.0,849.7
2018-06-04 07:00:00,11.6,60,0.8,57.0,850.1
2018-06-04 08:00:00,13.6,54,3.6,210.0,851.5
2018-06-04 09:00:00,16.4,44,2.3,402.0,851.9
2018-06-04 10:00:00,19.7,31,0.7,596.0,852.3
2018-06-04 11:00:00,22.6,25,4.3,763.0,852.3
2018-06-04 12:00:00,24.8,22,5.8,884.0,852.0
2018-06-04 13:00:00,26.6,17,6.2,942.0,851.4
2018-06-04 14:00:00,27.3,13,9.8,897.0,850.8
2018-06-04 15:00:00,27.5,12,9.1,732.0,850.0
2018-06-04 16:00:00,27.4,12,11.5,610.0,849.3
2018-06-04 17:00:00,25.2,20,18.7,376.0,848.6
2018-06-04 18:00:00,26.2,15,15.1,391.0,848.2
2018-06-04 19:00:00,25.3,18,12.2,220.0,847.7
2018-06-04 20:00:00,21.7,26,8.3,68.0,846.9
2018-06-04 21:00:00,19.7,32,8.0,2.0,846.4
2018-06-04 22:00:00,17.3,39,7.9,0.0,845.9
2018-06-04 23:00:00,18.1,38,3.2,0.0,846.8
2018-06-05 00:00:00,16.1,45,4.7,0.0,845.9
2018-06-05 01:00:00,16.3,44,3.8,0.0,845.9
2018-06-05 02:00:00,16.0,45,2.9,0.0,845.8
2018-06-05 03:00:00,15.6,47,1.5,0.0,845.6
2018-06-05 04:00:00,15.2,50,3.3,0.0,845.4
2018-06-05 05:00:00,14.4,53,4.3,0.0,845.5
2018-06-05 06:00:00,14.9,50,0.5,1.0,845.7
2018-06-05 07:00:00,14.7,50,1.8,59.0,845.9
2018-06-05 08:00:00,17.2,44,5.9,211.0,847.5
2018-06-05 09:00:00,20.2,36,4.7,404.0,848.5
2018-06-05 10:00:00,23.3,27,2.4,596.0,848.7
2018-06-05 11:00:00,26.4,20,4.7,762.0,848.6
2018-06-05 12:00:00,28.8,17,6.8,882.0,848.9
2018-06-05 13:00:00,30.6,14,7.3,946.0,848.5
2018-06-05 14:00:00,32.0,11,6.8,949.0,847.9
2018-06-05 15:00:00,32.6,11,5.2,882.0,847.2
2018-06-05 16:00:00,32.6,10,4.2,762.0,846.6
2018-06-05 17:00:00,32.7,9,6.9,549.0,846.4
2018-06-05 18:00:00,32.4,9,9.4,373.0,846.2
2018-06-05 19:00:00,30.7,12,13.8,130.0,845.9
2018-06-05 20:00:00,27.8,14,10.5,47.0,845.7
2018-06-05 21:00:00,25.0,13,7.6,2.0,845.9
2018-06-05 22:00:00,23.5,17,8.7,0.0,846.5
2018-06-05 23:00:00,21.9,25,8.8,0.0,846.1
2018-06-06 00:00:00,20.0,35,8.9,0.0,845.9
2018-06-06 01:00:00,21.9,35,3.9,0.0,847.1
2018-06-06 02:00:00,18.3,47,8.0,0.0,846.2
2018-06-06 03:00:00,19.1,43,3.4,0.0,846.2
2018-06-06 04:00:00,16.4,53,6.3,0.0,845.7
2018-06-06 05:00:00,16.2,54,7.0,0.0,846.0
2018-06-06 06:00:00,15.1,55,10.2,1.0,845.9
2018-06-06 07:00:00,18.1,43,4.2,57.0,847.8
2018-06-06 08:00:00,21.0,30,4.3,207.0,850.1
2018-06-06 09:00:00,23.3,22,5.9,389.0,851.4
2018-06-06 10:00:00,24.9,21,10.7,559.0,851.7
2018-06-06 11:00:00,26.4,18,16.6,741.0,852.2
2018-06-06 12:00:00,27.2,15,20.9,837.0,852.2
2018-06-06 13:00:00,27.8,15,21.0,908.0,852.3
2018-06-06 14:00:00,27.8,17,24.4,912.0,851.8
2018-06-06 15:00:00,27.1,17,26.5,854.0,852.0
2018-06-06 16:00:00,26.3,18,22.8,605.0,851.5
2018-06-06 17:00:00,24.5,23,26.9,418.0,851.5
2018-06-06 18:00:00,23.0,27,25.5,318.0,851.8
2018-06-06 19:00:00,21.4,30,21.8,99.0,851.8
2018-06-06 20:00:00,20.3,32,10.2,31.0,853.0
2018-06-06 21:00:00,19.8,34,6.7,1.0,853.8
2018-06-06 22:00:00,19.2,36,3.8,0.0,854.2
2018-06-06 23:00:00,18.3,39,4.9,0.0,853.9
2018-06-07 00:00:00,18.8,38,4.5,0.0,854.2
2018-06-07 01:00:00,18.4,40,4.2,0.0,854.0
2018-06-07 02:00:00,17.8,42,4.7,0.0,853.3
2018-06-07 03:00:00,17.6,44,3.0,0.0,853.0
2018-06-07 04:00:00,17.3,44,3.7,0.0,852.6
2018-06-07 05:00:00,16.6,47,3.2,0.0,852.3
2018-06-07 06:00:00,16.1,51,3.2,0.0,852.4
2018-06-07 07:00:00,16.6,53,4.7,17.0,853.0
2018-06-07 08:00:00,15.9,50,3.8,50.0,852.8
2018-06-07 09:00:00,16.8,45,2.6,118.0,853.5
2018-06-07 10:00:00,18.0,40,4.5,198.0,854.2
2018-06-07 11:00:00,19.0,35,4.0,285.0,854.2
2018-06-07 12:00:00,19.3,34,3.7,298.0,853.9
2018-06-07 13:00:00,19.4,34,6.5,281.0,853.7
2018-06-07 14:00:00,19.1,35,6.5,240.0,852.8
2018-06-07 15:00:00,18.6,39,5.5,207.0,852.3
2018-06-07 16:00:00,17.3,45,8.9,94.0,852.0
2018-06-07 17:00:00,15.6,64,8.1,84.0,851.4
2018-06-07 18:00:00,15.2,65,5.4,61.0,851.6
2018-06-07 19:00:00,14.8,70,3.9,38.0,852.0
2018-06-07 20:00:00,13.6,69,7.6,8.0,853.7
2018-06-07 21:00:00,13.1,79,8.3,0.0,853.8
2018-06-07 22:00:00,12.7,80,5.9,0.0,854.3
2018-06-07 23:00:00,12.9,72,5.9,0.0,853.8
2018-06-08 00:00:00,12.3,73,5.0,0.0,853.2
2018-06-08 01:00:00,12.0,74,5.0,0.0,852.6
2018-06-08 02:00:00,10.6,82,6.2,0.0,851.3
2018-06-08 03:00:00,10.0,86,6.4,0.0,850.9
2018-06-08 04:00:00,10.4,84,4.4,0.0,850.5
2018-06-08 05:00:00,9.8,88,3.6,0.0,850.1
2018-06-08 06:00:00,9.3,91,3.6,0.0,850.1
2018-06-08 07:00:00,10.6,85,2.4,47.0,850.4
2018-06-08 08:00:00,12.2,75,2.2,142.0,851.2
2018-06-08 09:00:00,14.3,63,3.3,263.0,851.8
2018-06-08 10:00:00,16.9,49,5.0,492.0,852.1
2018-06-08 11:00:00,19.2,38,6.0,698.0,851.8
2018-06-08 12:00:00,21.0,28,5.9,868.0,851.5
2018-06-08 13:00:00,21.8,22,2.7,943.0,851.0
2018-06-08 14:00:00,22.5,21,1.5,950.0,849.9
2018-06-08 15:00:00,23.1,20,6.1,844.0,849.1
2018-06-08 16:00:00,23.4,19,9.8,717.0,848.5
2018-06-08 17:00:00,23.4,19,7.9,581.0,847.8
2018-06-08 18:00:00,23.1,19,3.7,427.0,847.1
2018-06-08 19:00:00,22.9,20,3.9,225.0,846.8
2018-06-08 20:00:00,19.9,25,8.7,70.0,846.2
2018-06-08 21:00:00,18.7,33,7.9,2.0,846.4
2018-06-08 22:00:00,15.7,48,7.2,0.0,845.6
2018-06-08 23:00:00,14.6,50,6.5,0.0,845.3
2018-06-09 00:00:00,14.0,52,5.4,0.0,844.9
2018-06-09 01:00:00,13.6,56,1.8,0.0,844.5
2018-06-09 02:00:00,14.4,55,1.8,0.0,844.9
2018-06-09 03:00:00,14.4,55,1.3,0.0,844.9
2018-06-09 04:00:00,14.2,58,3.1,0.0,844.7
2018-06-09 05:00:00,13.8,59,3.7,0.0,844.9
2018-06-09 06:00:00,13.4,58,0.8,1.0,844.9
2018-06-09 07:00:00,13.2,62,1.9,58.0,845.1
2018-06-09 08:00:00,14.8,58,4.6,209.0,846.5
2018-06-09 09:00:00,16.8,53,4.3,398.0,847.3
2018-06-09 10:00:00,18.9,45,3.0,587.0,847.5
2018-06-09 11:00:00,21.1,38,2.6,750.0,847.3
2018-06-09 12:00:00,22.9,32,2.2,870.0,847.1
2018-06-09 13:00:00,24.1,28,2.0,936.0,846.7
2018-06-09 14:00:00,24.9,25,2.4,944.0,846.1
2018-06-09 15:00:00,25.4,23,2.6,837.0,845.4
2018-06-09 16:00:00,26.5,19,2.8,715.0,844.9
2018-06-09 17:00:00,23.5,36,13.2,512.0,844.6
2018-06-09 18:00:00,23.5,31,9.8,299.0,844.5
2018-06-09 19:00:00,22.8,32,9.4,157.0,844.6
2018-06-09 20:00:00,23.1,28,2.6,62.0,844.6
2018-06-09 21:00:00,22.2,31,2.2,2.0,844.7
2018-06-09 22:00:00,18.0,47,5.2,0.0,843.3
2018-06-09 23:00:00,16.5,57,5.6,0.0,842.8
2018-06-10 00:00:00,17.1,55,2.6,0.0,843.5
2018-06-10 01:00:00,15.9,61,4.3,0.0,842.9
2018-06-10 02:00:00,14.5,66,4.4,0.0,842.2
2018-06-10 03:00:00,15.9,59,4.0,0.0,842.9
2018-06-10 04:00:00,15.6,59,3.6,0.0,843.0
2018-06-10 05:00:00,15.3,62,0.8,0.0,843.0
2018-06-10 06:00:00,14.5,70,3.0,1.0,843.1
2018-06-10 07:00:00,14.4,71,2.0,58.0,843.2
2018-06-10 08:00:00,16.4,63,1.5,209.0,844.7
2018-06-10 09:00:00,18.9,52,2.3,397.0,845.6
2018-06-10 10:00:00,21.4,42,2.6,586.0,845.7
2018-06-10 11:00:00,23.7,34,2.7,750.0,845.7
2018-06-10 12:00:00,25.5,29,2.9,868.0,845.6
2018-06-10 13:00:00,26.9,24,1.9,914.0,844.9
2018-06-10 14:00:00,27.7,22,2.5,888.0,843.9
2018-06-10 15:00:00,28.6,20,4.0,837.0,843.1
2018-06-10 16:00:00,28.7,20,13.1,682.0,843.0
2018-06-10 17:00:00,27.0,23,8.7,493.0,842.7
2018-06-10 18:00:00,26.4,22,5.5,212.0,842.2
2018-06-10 19:00:00,26.1,24,13.5,202.0,842.4
2018-06-10 20:00:00,22.3,37,10.4,64.0,842.0
2018-06-10 21:00:00,20.2,47,8.2,2.0,841.3
2018-06-10 22:00:00,18.5,56,7.7,0.0,841.1
2018-06-10 23:00:00,17.2,63,6.9,0.0,841.0
2018-06-11 00:00:00,16.5,64,5.0,0.0,840.7
2018-06-11 01:00:00,16.3,60,4.7,0.0,840.4
2018-06-11 02:00:00,16.5,57,4.2,0.0,840.7
2018-06-11 03:00:00,17.2,55,3.5,0.0,841.0
2018-06-11 04:00:00,17.0,57,3.1,0.0,841.5
2018-06-11 05:00:00,16.3,63,3.2,0.0,841.3
2018-06-11 06:00:00,15.6,69,3.5,1.0,841.1
2018-06-11 07:00:00,15.6,72,2.9,58.0,841.1
2018-06-11 08:00:00,17.2,63,2.7,208.0,842.5
2018-06-11 09:00:00,19.8,53,3.7,399.0,843.6
2018-06-11 10:00:00,22.5,42,4.6,589.0,844.1
2018-06-11 11:00:00,25.4,33,5.4,753.0,844.4
2018-06-11 12:00:00,27.7,23,3.9,874.0,844.3
2018-06-11 13:00:00,29.4,16,4.7,927.0,844.0
2018-06-11 14:00:00,30.0,13,5.4,900.0,843.5
2018-06-11 15:00:00,30.2,13,3.8,825.0,843.1
2018-06-11 16:00:00,29.6,13,5.1,622.0,842.5
2018-06-11 17:00:00,29.8,12,9.0,505.0,841.8
2018-06-11 18:00:00,29.9,12,15.5,403.0,841.5
2018-06-11 19:00:00,27.7,19,21.7,212.0,841.3
2018-06-11 20:00:00,26.2,21,14.7,70.0,841.1
2018-06-11 21:00:00,24.2,25,6.1,2.0,840.5
2018-06-11 22:00:00,21.8,37,8.3,0.0,840.2
2018-06-11 23:00:00,21.4,39,6.9,0.0,840.9
2018-06-12 00:00:00,19.0,47,8.2,0.0,840.7
2018-06-12 01:00:00,18.9,48,6.2,0.0,840.6
2018-06-12 02:00:00,19.1,48,3.7,0.0,840.8
2018-06-12 03:00:00,18.3,51,3.2,0.0,840.5
2018-06-12 04:00:00,18.1,53,3.8,0.0,840.7
2018-06-12 05:00:00,17.8,54,3.6,0.0,841.0
2018-06-12 06:00:00,17.2,55,1.3,1.0,840.9
2018-06-12 07:00:00,17.3,53,3.2,58.0,841.3
2018-06-12 08:00:00,19.4,46,3.0,209.0,842.8
2018-06-12 09:00:00,21.8,36,1.8,399.0,843.8
2018-06-12 10:00:00,24.1,30,0.7,589.0,844.0
2018-06-12 11:00:00,26.6,25,1.9,754.0,844.2
2018-06-12 12:00:00,29.0,19,5.1,879.0,844.1
2018-06-12 13:00:00,30.2,17,8.4,902.0,843.4
2018-06-12 14:00:00,31.0,15,9.0,916.0,842.7
2018-06-12 15:00:00,31.5,14,7.1,889.0,842.0
2018-06-12 16:00:00,31.7,13,6.7,697.0,841.0
2018-06-12 17:00:00,31.6,14,10.4,597.0,840.5
2018-06-12 18:00:00,31.2,14,14.0,427.0,840.1
2018-06-12 19:00:00,29.5,21,18.9,228.0,839.8
2018-06-12 20:00:00,27.3,26,10.2,73.0,839.8
2018-06-12 21:00:00,25.4,31,9.5,2.0,839.6
2018-06-12 22:00:00,23.7,35,6.5,0.0,840.0
2018-06-12 23:00:00,22.7,39,5.8,0.0,840.3
2018-06-13 00:00:00,22.7,39,2.9,0.0,840.9
2018-06-13 01:00:00,20.3,45,7.6,0.0,839.8
2018-06-13 02:00:00,19.3,49,7.9,0.0,839.4
2018-06-13 03:00:00,21.2,43,2.8,0.0,841.0
2018-06-13 04:00:00,20.6,45,1.8,0.0,841.1
2018-06-13 05:00:00,20.3,45,3.1,0.0,841.0
2018-06-13 06:00:00,20.0,45,2.1,0.0,841.3
2018-06-13 07:00:00,19.7,45,2.2,42.0,841.9
2018-06-13 08:00:00,21.1,41,2.2,174.0,843.4
2018-06-13 09:00:00,23.4,35,4.8,386.0,844.6
2018-06-13 10:00:00,25.7,31,3.0,570.0,845.1
2018-06-13 11:00:00,28.0,27,4.8,734.0,845.4
2018-06-13 12:00:00,30.2,21,7.0,873.0,845.6
2018-06-13 13:00:00,30.8,16,10.1,742.0,845.4
2018-06-13 14:00:00,31.2,15,10.7,742.0,844.8
2018-06-13 15:00:00,31.6,14,12.5,700.0,844.2
2018-06-13 16:00:00,31.9,14,16.4,651.0,843.8
2018-06-13 17:00:00,31.3,14,17.3,490.0,843.3
2018-06-13 18:00:00,30.6,14,18.1,243.0,842.8
2018-06-13 19:00:00,29.3,18,17.7,110.0,842.8
2018-06-13 20:00:00,27.7,19,12.5,72.0,842.4
2018-06-13 21:00:00,26.6,23,7.2,2.0,842.4
2018-06-13 22:00:00,23.5,31,6.8,0.0,842.1
2018-06-13 23:00:00,21.3,37,8.0,0.0,841.5
2018-06-14 00:00:00,20.1,40,8.0,0.0,841.5
2018-06-14 01:00:00,19.9,41,7.2,0.0,841.7
2018-06-14 02:00:00,20.7,39,4.6,0.0,842.4
2018-06-14 03:00:00,20.6,39,1.8,0.0,842.5
2018-06-14 04:00:00,20.3,39,3.4,0.0,842.5
2018-06-14 05:00:00,19.9,39,3.6,0.0,842.3
2018-06-14 06:00:00,19.5,39,3.6,1.0,842.2
2018-06-14 07:00:00,18.7,43,4.0,57.0,842.4
2018-06-14 08:00:00,20.4,37,3.2,208.0,843.9
2018-06-14 09:00:00,22.7,31,1.4,373.0,844.8
2018-06-14 10:00:00,25.0,26,4.1,561.0,845.0
2018-06-14 11:00:00,27.4,21,2.0,739.0,845.1
2018-06-14 12:00:00,29.8,17,4.7,845.0,845.2
2018-06-14 13:00:00,32.0,11,20.3,909.0,844.8
2018-06-14 14:00:00,32.1,10,27.1,814.0,843.9
2018-06-14 15:00:00,31.6,11,28.7,713.0,843.0
2018-06-14 16:00:00,31.6,12,28.3,692.0,842.4
2018-06-14 17:00:00,30.4,18,27.7,526.0,841.7
2018-06-14 18:00:00,29.4,20,27.6,396.0,841.1
2018-06-14 19:00:00,27.7,28,26.9,211.0,840.8
2018-06-14 20:00:00,26.2,32,25.6,51.0,840.8
2018-06-14 21:00:00,25.0,35,19.7,2.0,841.2
2018-06-14 22:00:00,23.7,40,15.3,0.0,841.1
2018-06-14 23:00:00,22.5,45,13.1,0.0,841.0
2018-06-15 00:00:00,21.7,48,12.7,0.0,841.1
2018-06-15 01:00:00,21.0,52,12.2,0.0,840.5
2018-06-15 02:00:00,20.1,57,10.1,0.0,840.2
2018-06-15 03:00:00,19.4,62,12.3,0.0,840.1
2018-06-15 04:00:00,18.6,67,11.5,0.0,839.9
2018-06-15 05:00:00,18.5,69,10.7,0.0,840.0
2018-06-15 06:00:00,18.0,71,9.2,0.0,839.9
2018-06-15 07:00:00,18.4,69,9.7,24.0,840.6
2018-06-15 08:00:00,19.2,67,13.1,92.0,841.0
2018-06-15 09:00:00,20.3,61,13.4,175.0,841.8
2018-06-15 10:00:00,22.0,52,11.1,303.0,842.2
2018-06-15 11:00:00,24.5,40,10.0,555.0,842.6
2018-06-15 12:00:00,26.5,32,9.4,747.0,842.6
2018-06-15 13:00:00,27.6,28,9.8,759.0,842.0
2018-06-15 14:00:00,27.5,27,7.7,524.0,841.3
2018-06-15 15:00:00,28.6,25,1.3,643.0,841.0
2018-06-15 16:00:00,28.2,24,6.6,353.0,840.5
2018-06-15 17:00:00,26.1,39,18.8,236.0,840.1
2018-06-15 18:00:00,25.3,43,18.3,217.0,840.0
2018-06-15 19:00:00,24.0,47,18.4,115.0,840.0
2018-06-15 20:00:00,21.1,59,11.7,50.0,841.5
2018-06-15 21:00:00,20.9,60,7.9,1.0,841.9
2018-06-15 22:00:00,20.4,62,5.6,0.0,842.2
2018-06-15 23:00:00,19.6,67,6.6,0.0,841.9
2018-06-16 00:00:00,18.9,70,5.6,0.0,841.5
2018-06-16 01:00:00,17.8,74,6.4,0.0,840.8
2018-06-16 02:00:00,16.7,78,5.9,0.0,840.2
2018-06-16 03:00:00,16.5,77,4.8,0.0,840.4
2018-06-16 04:00:00,15.6,79,5.5,0.0,840.1
2018-06-16 05:00:00,15.5,79,4.6,0.0,840.1
2018-06-16 06:00:00,15.9,76,4.4,1.0,840.4
2018-06-16 07:00:00,16.3,73,4.3,56.0,841.1
2018-06-16 08:00:00,18.3,62,3.6,194.0,842.2
2018-06-16 09:00:00,20.8,52,2.4,367.0,843.5
2018-06-16 10:00:00,23.2,42,0.4,557.0,843.9
2018-06-16 11:00:00,25.7,33,1.8,728.0,844.2
2018-06-16 12:00:00,27.2,27,3.6,781.0,844.5
2018-06-16 13:00:00,28.2,25,5.2,800.0,844.2
2018-06-16 14:00:00,28.4,23,2.6,713.0,843.5
2018-06-16 15:00:00,29.5,21,2.5,801.0,843.1
2018-06-16 16:00:00,30.1,19,0.7,620.0,842.3
2018-06-16 17:00:00,29.4,20,12.1,225.0,841.9
2018-06-16 18:00:00,29.0,20,16.1,144.0,841.6
2018-06-16 19:00:00,28.5,20,17.3,69.0,841.9
2018-06-16 20:00:00,25.8,30,16.1,38.0,842.9
2018-06-16 21:00:00,24.2,33,9.4,3.0,842.6
2018-06-16 22:00:00,23.5,35,7.7,0.0,843.0
2018-06-16 23:00:00,22.1,39,7.9,0.0,843.1
2018-06-17 00:00:00,22.6,39,3.3,0.0,843.8
2018-06-17 01:00:00,22.8,40,2.9,0.0,843.6
2018-06-17 02:00:00,20.3,48,5.4,0.0,842.2
2018-06-17 03:00:00,18.9,54,5.6,0.0,841.6
2018-06-17 04:00:00,20.0,50,3.2,0.0,842.4
2018-06-17 05:00:00,19.5,52,1.1,0.0,842.3
2018-06-17 06:00:00,19.0,55,1.5,0.0,842.4
2018-06-17 07:00:00,18.9,57,0.8,20.0,842.6
2018-06-17 08:00:00,19.7,52,1.8,83.0,843.2
2018-06-17 09:00:00,21.2,47,2.3,178.0,844.0
2018-06-17 10:00:00,22.5,43,1.8,287.0,844.0
2018-06-17 11:00:00,23.2,40,2.5,254.0,843.9
2018-06-17 12:00:00,24.4,35,2.2,376.0,844.1
2018-06-17 13:00:00,24.0,36,0.8,275.0,843.6
2018-06-17 14:00:00,24.5,36,1.5,408.0,843.5
2018-06-17 15:00:00,24.7,36,6.3,383.0,843.4
2018-06-17 16:00:00,24.8,37,9.7,330.0,842.9
2018-06-17 17:00:00,24.6,39,9.7,274.0,842.5
2018-06-17 18:00:00,24.6,41,9.8,226.0,842.0
2018-06-17 19:00:00,24.1,43,9.8,124.0,841.8
2018-06-17 20:00:00,23.6,43,8.4,67.0,841.6
2018-06-17 21:00:00,21.7,49,5.8,3.0,841.4
2018-06-17 22:00:00,22.0,50,4.6,0.0,841.9
2018-06-17 23:00:00,21.6,53,2.4,0.0,842.1
2018-06-18 00:00:00,20.5,58,4.1,0.0,841.6
2018-06-18 01:00:00,18.7,67,5.4,0.0,840.6
2018-06-18 02:00:00,19.3,64,4.9,0.0,840.9
2018-06-18 03:00:00,18.9,66,4.0,0.0,841.1
2018-06-18 04:00:00,18.5,67,3.4,0.0,841.2
2018-06-18 05:00:00,18.0,69,3.7,0.0,841.0
2018-06-18 06:00:00,17.9,69,1.9,0.0,841.3
2018-06-18 07:00:00,18.0,71,2.2,48.0,841.9
2018-06-18 08:00:00,19.2,64,1.3,126.0,842.4
2018-06-18 09:00:00,20.6,59,3.2,175.0,843.2
2018-06-18 10:00:00,22.3,51,4.0,305.0,843.9
2018-06-18 11:00:00,22.6,50,3.5,282.0,844.0
2018-06-18 12:00:00,23.2,48,3.6,328.0,844.3
2018-06-18 13:00:00,23.3,47,2.0,276.0,844.2
2018-06-18 14:00:00,24.0,44,1.0,376.0,844.3
2018-06-18 15:00:00,24.6,42,3.5,409.0,844.3
2018-06-18 16:00:00,25.3,39,6.1,452.0,844.1
2018-06-18 17:00:00,25.9,38,6.0,531.0,844.1
2018-06-18 18:00:00,25.5,38,8.7,336.0,843.5
2018-06-18 19:00:00,24.8,40,10.1,203.0,843.1
2018-06-18 20:00:00,24.1,43,6.4,70.0,844.0
2018-06-18 21:00:00,22.0,50,5.7,3.0,843.4
2018-06-18 22:00:00,21.4,52,4.1,0.0,844.0
2018-06-18 23:00:00,21.5,53,1.5,0.0,844.7
2018-06-19 00:00:00,20.8,57,2.3,0.0,844.6
2018-06-19 01:00:00,19.9,60,3.4,0.0,844.1
2018-06-19 02:00:00,19.0,63,4.3,0.0,843.4
2018-06-19 03:00:00,19.6,61,3.1,0.0,843.8
2018-06-19 04:00:00,19.4,63,3.1,0.0,843.8
2018-06-19 05:00:00,18.9,67,1.8,0.0,843.8
2018-06-19 06:00:00,18.4,69,2.7,1.0,843.7
2018-06-19 07:00:00,18.6,71,3.1,37.0,844.2
2018-06-19 08:00:00,19.8,63,1.3,147.0,845.2
2018-06-19 09:00:00,21.6,55,2.6,304.0,846.2
2018-06-19 10:00:00,23.2,50,2.6,457.0,846.3
2018-06-19 11:00:00,23.9,46,1.8,445.0,846.3
2018-06-19 12:00:00,24.7,42,3.7,472.0,846.5
2018-06-19 13:00:00,25.8,38,5.8,571.0,846.2
2018-06-19 14:00:00,26.6,35,6.2,641.0,845.9
2018-06-19 15:00:00,27.1,33,6.3,637.0,845.6
2018-06-19 16:00:00,27.3,32,6.3,594.0,845.4
2018-06-19 17:00:00,26.9,34,12.4,452.0,845.2
2018-06-19 18:00:00,25.0,42,22.1,311.0,844.8
2018-06-19 19:00:00,24.6,39,15.5,153.0,844.7
2018-06-19 20:00:00,24.0,46,6.4,44.0,844.8
2018-06-19 21:00:00,23.4,48,1.1,1.0,845.2
2018-06-19 22:00:00,22.6,52,2.5,0.0,845.3
2018-06-19 23:00:00,21.7,56,3.8,0.0,845.2
2018-06-20 00:00:00,21.6,58,1.8,0.0,845.2
2018-06-20 01:00:00,20.1,65,4.6,0.0,844.2
2018-06-20 02:00:00,20.6,63,2.9,0.0,844.7
2018-06-20 03:00:00,19.9,64,1.9,0.0,844.6
2018-06-20 04:00:00,19.3,66,1.4,0.0,844.3
2018-06-20 05:00:00,18.6,66,2.7,0.0,844.2
2018-06-20 06:00:00,17.9,66,1.8,1.0,843.9
2018-06-20 07:00:00,18.1,63,1.5,55.0,844.2
2018-06-20 08:00:00,20.4,52,2.5,203.0,845.6
2018-06-20 09:00:00,22.7,45,1.8,388.0,846.4
2018-06-20 10:00:00,24.7,41,4.0,564.0,846.7
2018-06-20 11:00:00,26.7,35,2.6,730.0,846.7
2018-06-20 12:00:00,28.4,30,4.0,856.0,846.6
2018-06-20 13:00:00,29.9,26,8.0,885.0,846.1
2018-06-20 14:00:00,30.9,25,11.7,905.0,845.4
2018-06-20 15:00:00,31.3,25,14.4,817.0,844.6
2018-06-20 16:00:00,31.4,25,15.0,742.0,844.0
2018-06-20 17:00:00,30.6,28,16.8,523.0,843.4
2018-06-20 18:00:00,29.7,30,18.7,361.0,842.9
2018-06-20 19:00:00,28.8,33,19.0,191.0,843.0
2018-06-20 20:00:00,27.9,36,14.9,64.0,843.3
2018-06-20 21:00:00,26.7,41,14.2,3.0,843.7
2018-06-20 22:00:00,25.8,45,12.2,0.0,844.5
2018-06-20 23:00:00,24.3,54,14.8,0.0,844.9
2018-06-21 00:00:00,23.4,60,10.2,0.0,845.4
2018-06-21 01:00:00,21.2,74,15.5,0.0,844.9
2018-06-21 02:00:00,20.7,72,6.4,0.0,844.8
2018-06-21 03:00:00,20.6,70,8.1,0.0,844.9
2018-06-21 04:00:00,20.4,69,8.4,0.0,844.8
2018-06-21 05:00:00,20.2,69,6.9,0.0,845.1
2018-06-21 06:00:00,19.9,70,4.1,0.0,845.0
2018-06-21 07:00:00,20.3,68,6.2,32.0,845.5
2018-06-21 08:00:00,21.6,57,6.6,86.0,845.9
2018-06-21 09:00:00,22.5,53,6.1,213.0,846.4
2018-06-21 10:00:00,24.0,47,6.2,383.0,847.0
2018-06-21 11:00:00,25.6,41,5.1,530.0,847.1
2018-06-21 12:00:00,27.9,34,3.0,806.0,847.3
2018-06-21 13:00:00,29.2,30,4.5,860.0,847.1
2018-06-21 14:00:00,30.2,27,3.7,857.0,846.4
2018-06-21 15:00:00,31.0,24,3.3,796.0,845.7
2018-06-21 16:00:00,31.7,22,8.0,704.0,844.9
2018-06-21 17:00:00,31.6,23,13.1,555.0,844.6
2018-06-21 18:00:00,31.1,23,14.5,402.0,844.0
2018-06-21 19:00:00,30.3,24,12.8,238.0,843.9
2018-06-21 20:00:00,29.4,23,11.9,81.0,843.4
2018-06-21 21:00:00,27.4,29,8.6,4.0,843.1
2018-06-21 22:00:00,26.0,37,9.0,0.0,843.8
2018-06-21 23:00:00,23.5,47,5.8,0.0,843.5
2018-06-22 00:00:00,22.3,55,6.4,0.0,843.9
2018-06-22 01:00:00,20.9,62,6.9,0.0,843.5
2018-06-22 02:00:00,20.0,66,5.7,0.0,843.3
2018-06-22 03:00:00,19.6,66,6.2,0.0,843.2
2018-06-22 04:00:00,20.4,61,5.7,0.0,843.7
2018-06-22 05:00:00,20.7,61,4.8,0.0,844.1
2018-06-22 06:00:00,20.3,62,1.9,1.0,844.2
2018-06-22 07:00:00,20.2,63,1.5,57.0,844.5
2018-06-22 08:00:00,21.6,57,1.4,206.0,845.2
2018-06-22 09:00:00,23.8,49,0.4,394.0,845.8
2018-06-22 10:00:00,26.2,42,0.8,583.0,846.1
2018-06-22 11:00:00,28.9,33,1.5,747.0,846.1
2018-06-22 12:00:00,31.4,23,5.1,870.0,846.3
2018-06-22 13:00:00,32.9,19,8.0,930.0,845.7
2018-06-22 14:00:00,33.9,16,9.7,932.0,844.8
2018-06-22 15:00:00,34.3,15,12.5,858.0,843.9
2018-06-22 16:00:00,34.2,15,15.5,720.0,843.0
2018-06-22 17:00:00,33.8,16,20.1,599.0,842.4
2018-06-22 18:00:00,32.6,18,20.4,392.0,841.9
2018-06-22 19:00:00,31.5,22,20.4,244.0,841.8
2018-06-22 20:00:00,30.6,26,12.2,79.0,842.3
2018-06-22 21:00:00,28.5,32,11.8,4.0,842.6
2018-06-22 22:00:00,27.2,35,8.4,0.0,843.0
2018-06-22 23:00:00,25.0,41,6.4,0.0,842.3
2018-06-23 00:00:00,23.6,47,7.2,0.0,842.6
2018-06-23 01:00:00,22.5,53,7.3,0.0,842.2
2018-06-23 02:00:00,21.8,56,7.4,0.0,842.0
2018-06-23 03:00:00,21.2,57,5.6,0.0,842.0
2018-06-23 04:00:00,20.1,61,6.8,0.0,841.5
2018-06-23 05:00:00,20.1,61,5.8,0.0,842.1
2018-06-23 06:00:00,19.6,63,5.4,0.0,842.3
2018-06-23 07:00:00,20.8,57,4.5,54.0,843.2
2018-06-23 08:00:00,22.5,52,5.1,190.0,844.2
2018-06-23 09:00:00,24.0,48,5.6,335.0,844.8
2018-06-23 10:00:00,25.9,42,5.4,568.0,845.1
2018-06-23 11:00:00,27.8,37,6.8,729.0,845.0
2018-06-23 12:00:00,29.9,30,9.5,856.0,845.4
2018-06-23 13:00:00,31.4,23,12.3,852.0,844.7
2018-06-23 14:00:00,32.5,21,14.8,863.0,844.1
2018-06-23 15:00:00,32.9,22,17.6,785.0,843.3
2018-06-23 16:00:00,32.6,24,18.9,652.0,842.6
2018-06-23 17:00:00,31.8,26,19.8,442.0,842.2
2018-06-23 18:00:00,31.4,26,20.6,309.0,841.9
2018-06-23 19:00:00,30.7,27,19.6,156.0,841.9
2018-06-23 20:00:00,29.3,34,15.0,51.0,842.1
2018-06-23 21:00:00,28.1,42,16.6,3.0,842.7
2018-06-23 22:00:00,26.8,49,17.7,0.0,843.3
2018-06-23 23:00:00,25.2,55,18.3,0.0,843.8
2018-06-24 00:00:00,22.7,58,24.4,0.0,844.0
2018-06-24 01:00:00,21.6,61,16.4,0.0,843.7
2018-06-24 02:00:00,21.9,58,9.9,0.0,843.9
2018-06-24 03:00:00,22.0,55,3.0,0.0,843.9
2018-06-24 04:00:00,22.0,53,4.7,0.0,843.9
2018-06-24 05:00:00,21.7,53,7.9,0.0,843.9
2018-06-24 06:00:00,21.3,55,6.5,0.0,844.1
2018-06-24 07:00:00,21.1,57,5.7,25.0,844.5
2018-06-24 08:00:00,20.7,58,7.6,86.0,844.9
2018-06-24 09:00:00,21.2,57,8.0,158.0,845.8
2018-06-24 10:00:00,21.9,56,8.7,350.0,846.1
2018-06-24 11:00:00,22.3,56,8.9,427.0,846.1
2018-06-24 12:00:00,23.4,54,10.4,529.0,846.6
2018-06-24 13:00:00,23.6,55,12.9,465.0,845.9
2018-06-24 14:00:00,23.8,54,13.5,386.0,845.2
2018-06-24 15:00:00,23.9,53,13.8,278.0,844.6
2018-06-24 16:00:00,23.8,59,9.9,262.0,843.9
2018-06-24 17:00:00,22.6,70,6.6,120.0,843.3
2018-06-24 18:00:00,22.7,69,5.9,199.0,843.2
2018-06-24 19:00:00,22.5,70,5.4,132.0,843.5
2018-06-24 20:00:00,21.4,66,7.0,37.0,843.8
2018-06-24 21:00:00,21.1,68,4.0,2.0,843.8
2018-06-24 22:00:00,20.8,70,3.2,0.0,844.1
2018-06-24 23:00:00,20.5,72,4.2,0.0,844.1
2018-06-25 00:00:00,20.3,73,3.6,0.0,844.1
2018-06-25 01:00:00,20.0,75,2.5,0.0,843.5
2018-06-25 02:00:00,19.8,77,2.1,0.0,843.1
2018-06-25 03:00:00,19.4,80,3.1,0.0,842.5
2018-06-25 04:00:00,18.4,84,3.4,0.0,842.0
2018-06-25 05:00:00,18.2,85,3.0,0.0,842.1
2018-06-25 06:00:00,18.2,86,3.6,0.0,842.3
2018-06-25 07:00:00,19.1,80,4.1,40.0,843.2
2018-06-25 08:00:00,20.0,78,4.0,119.0,843.4
2018-06-25 09:00:00,21.6,69,6.5,260.0,844.3
2018-06-25 10:00:00,23.1,61,4.4,379.0,844.9
2018-06-25 11:00:00,24.9,52,6.9,455.0,845.2
2018-06-25 12:00:00,25.8,47,7.9,433.0,845.1
2018-06-25 13:00:00,25.7,47,9.1,268.0,844.5
2018-06-25 14:00:00,27.2,43,11.7,476.0,844.4
2018-06-25 15:00:00,27.7,42,13.2,533.0,844.0
2018-06-25 16:00:00,27.6,42,14.3,461.0,843.6
2018-06-25 17:00:00,25.2,54,13.0,204.0,843.6
2018-06-25 18:00:00,25.1,52,5.2,117.0,843.6
2018-06-25 19:00:00,25.3,51,1.8,52.0,843.9
2018-06-25 20:00:00,24.7,51,6.0,35.0,845.0
2018-06-25 21:00:00,23.7,51,5.2,3.0,845.1
2018-06-25 22:00:00,23.6,51,10.9,0.0,846.2
2018-06-25 23:00:00,23.2,54,7.5,0.0,846.4
2018-06-26 00:00:00,22.5,57,5.5,0.0,846.3
2018-06-26 01:00:00,20.7,65,4.8,0.0,845.5
2018-06-26 02:00:00,20.4,68,3.6,0.0,845.6
2018-06-26 03:00:00,20.4,68,1.1,0.0,845.6
2018-06-26 04:00:00,19.4,74,3.3,0.0,845.3
2018-06-26 05:00:00,19.2,76,2.6,0.0,845.4
2018-06-26 06:00:00,18.9,78,1.9,0.0,845.6
2018-06-26 07:00:00,19.2,76,1.1,48.0,846.0
2018-06-26 08:00:00,20.7,68,1.6,175.0,846.9
2018-06-26 09:00:00,22.4,61,3.7,284.0,847.7
2018-06-26 10:00:00,24.0,54,3.7,445.0,848.2
2018-06-26 11:00:00,25.9,47,4.7,654.0,848.4
2018-06-26 12:00:00,27.2,41,6.6,703.0,848.3
2018-06-26 13:00:00,28.6,37,8.9,807.0,847.8
2018-06-26 14:00:00,29.6,35,10.8,725.0,847.3
2018-06-26 15:00:00,29.6,35,13.4,599.0,846.7
2018-06-26 16:00:00,29.6,34,12.8,524.0,846.0
2018-06-26 17:00:00,30.0,33,12.2,476.0,845.5
2018-06-26 18:00:00,29.4,36,15.0,275.0,845.2
2018-06-26 19:00:00,28.6,39,16.7,222.0,845.3
2018-06-26 20:00:00,28.4,38,12.0,75.0,845.2
2018-06-26 21:00:00,26.3,47,16.8,4.0,845.5
2018-06-26 22:00:00,25.3,53,17.3,0.0,845.8
2018-06-26 23:00:00,24.2,57,12.2,0.0,845.7
2018-06-27 00:00:00,23.0,62,8.9,0.0,845.4
2018-06-27 01:00:00,22.1,67,7.9,0.0,845.1
2018-06-27 02:00:00,21.2,71,5.9,0.0,844.8
2018-06-27 03:00:00,20.2,74,6.4,0.0,844.4
2018-06-27 04:00:00,21.2,69,3.3,0.0,844.8
2018-06-27 05:00:00,21.0,70,1.9,0.0,844.9
2018-06-27 06:00:00,20.6,72,1.6,0.0,845.2
2018-06-27 07:00:00,20.9,72,2.4,50.0,845.7
2018-06-27 08:00:00,22.4,64,3.9,185.0,846.5
2018-06-27 09:00:00,23.9,57,6.4,326.0,847.2
2018-06-27 10:00:00,25.9,51,8.5,531.0,847.5
2018-06-27 11:00:00,27.8,46,10.6,667.0,847.6
2018-06-27 12:00:00,29.6,42,11.4,787.0,847.9
2018-06-27 13:00:00,30.5,42,11.2,785.0,847.6
2018-06-27 14:00:00,30.9,42,11.9,767.0,846.9
2018-06-27 15:00:00,31.2,41,11.6,753.0,846.3
2018-06-27 16:00:00,31.7,39,13.7,697.0,845.5
2018-06-27 17:00:00,30.6,42,17.7,508.0,845.3
2018-06-27 18:00:00,29.8,44,17.4,359.0,845.8
2018-06-27 19:00:00,26.0,60,13.1,169.0,846.1
2018-06-27 20:00:00,26.7,57,11.8,57.0,846.2
2018-06-27 21:00:00,24.1,75,15.2,3.0,846.8
2018-06-27 22:00:00,23.7,74,12.4,0.0,847.3
2018-06-27 23:00:00,23.1,75,9.7,0.0,847.5
2018-06-28 00:00:00,22.8,75,7.8,0.0,847.5
2018-06-28 01:00:00,22.0,77,4.3,0.0,846.9
2018-06-28 02:00:00,22.2,76,2.5,0.0,846.9
2018-06-28 03:00:00,21.8,77,2.1,0.0,846.6
2018-06-28 04:00:00,21.4,79,2.2,0.0,846.3
2018-06-28 05:00:00,20.5,83,3.8,0.0,846.0
2018-06-28 06:00:00,19.8,85,4.6,0.0,845.7
2018-06-28 07:00:00,21.0,78,5.0,48.0,846.6
2018-06-28 08:00:00,22.2,74,4.1,170.0,847.2
2018-06-28 09:00:00,23.9,67,2.5,330.0,847.8
2018-06-28 10:00:00,25.4,57,4.7,454.0,848.1
2018-06-28 11:00:00,27.8,45,7.1,647.0,848.3
2018-06-28 12:00:00,29.7,36,11.2,699.0,848.3
2018-06-28 13:00:00,31.0,32,16.8,792.0,847.7
2018-06-28 14:00:00,31.3,32,20.5,739.0,846.8
2018-06-28 15:00:00,31.5,32,19.7,712.0,845.9
2018-06-28 16:00:00,31.5,33,20.1,635.0,845.0
2018-06-28 17:00:00,31.3,34,17.7,499.0,844.1
2018-06-28 18:00:00,30.9,34,17.7,364.0,843.4
2018-06-28 19:00:00,29.8,37,20.5,186.0,843.3
2018-06-28 20:00:00,29.0,38,19.4,73.0,843.1
2018-06-28 21:00:00,27.9,40,17.8,3.0,842.9
2018-06-28 22:00:00,26.5,43,13.7,0.0,843.0
2018-06-28 23:00:00,25.1,47,11.3,0.0,842.8
2018-06-29 00:00:00,24.1,51,8.7,0.0,842.6
2018-06-29 01:00:00,23.0,56,7.0,0.0,842.0
2018-06-29 02:00:00,22.1,60,4.8,0.0,841.6
2018-06-29 03:00:00,21.2,64,6.9,0.0,841.1
2018-06-29 04:00:00,20.8,66,6.4,0.0,840.9
2018-06-29 05:00:00,20.9,66,5.1,0.0,841.0
2018-06-29 06:00:00,21.5,64,3.6,0.0,841.5
2018-06-29 07:00:00,21.9,63,3.1,49.0,841.8
2018-06-29 08:00:00,23.4,58,2.4,190.0,842.0
2018-06-29 09:00:00,25.3,52,1.3,370.0,843.0
2018-06-29 10:00:00,27.0,46,2.3,498.0,843.1
2018-06-29 11:00:00,28.9,41,4.5,647.0,843.3
2018-06-29 12:00:00,30.9,36,8.1,802.0,843.6
2018-06-29 13:00:00,32.1,32,15.3,827.0,843.1
2018-06-29 14:00:00,31.7,31,23.4,534.0,842.9
2018-06-29 15:00:00,28.7,39,29.2,616.0,843.0
2018-06-29 16:00:00,28.6,40,21.5,614.0,843.3
2018-06-29 17:00:00,28.2,40,17.2,470.0,843.1
2018-06-29 18:00:00,28.3,41,16.2,396.0,842.9
2018-06-29 19:00:00,26.9,46,17.3,184.0,842.9
2018-06-29 20:00:00,27.7,43,11.6,49.0,843.3
2018-06-29 21:00:00,26.4,47,5.1,3.0,843.8
2018-06-29 22:00:00,25.0,57,4.6,0.0,843.9
2018-06-29 23:00:00,24.1,61,7.1,0.0,844.1
2018-06-30 00:00:00,23.1,63,5.1,0.0,843.5
2018-06-30 01:00:00,23.0,65,2.7,0.0,843.4
2018-06-30 02:00:00,22.6,67,1.6,0.0,843.3
2018-06-30 03:00:00,21.8,70,1.1,0.0,842.7
2018-06-30 04:00:00,20.7,77,2.7,0.0,842.2
2018-06-30 05:00:00,20.6,78,1.5,0.0,842.5
2018-06-30 06:00:00,19.8,83,3.7,0.0,842.3
2018-06-30 07:00:00,21.1,76,1.8,48.0,843.0
2018-06-30 08:00:00,22.7,69,1.1,191.0,844.3
2018-06-30 09:00:00,24.9,58,1.8,363.0,845.0
2018-06-30 10:00:00,26.7,49,3.4,508.0,845.4
2018-06-30 11:00:00,28.8,38,5.0,671.0,845.6
2018-06-30 12:00:00,30.0,33,5.9,655.0,845.3
2018-06-30 13:00:00,31.3,30,7.2,741.0,844.9
2018-06-30 14:00:00,32.1,28,7.6,758.0,844.3
2018-06-30 15:00:00,33.0,26,8.3,816.0,843.8
2018-06-30 16:00:00,33.2,26,8.8,685.0,843.3
2018-06-30 17:00:00,32.9,26,10.6,507.0,842.9
2018-06-30 18:00:00,30.9,33,21.5,295.0,842.5
2018-06-30 19:00:00,30.2,34,19.4,186.0,842.5
2018-06-30 20:00:00,29.9,34,14.7,68.0,842.9
2018-06-30 21:00:00,28.6,39,14.5,3.0,842.5
2018-06-30 22:00:00,27.3,44,13.7,0.0,842.8
2018-06-30 23:00:00,26.3,49,14.8,0.0,843.1
