date,temperature_2m,relative_humidity_2m,wind_speed_10m,shortwave_radiation,surface_pressure
2016-07-01 00:00:00,19.6,99,8.6,0.0,997.3
2016-07-01 01:00:00,19.9,98,6.5,0.0,996.7
2016-07-01 02:00:00,19.8,98,6.6,0.0,997.5
2016-07-01 03:00:00,19.3,98,5.3,0.0,997.6
2016-07-01 04:00:00,19.1,98,4.1,0.0,997.8
2016-07-01 05:00:00,18.9,98,5.0,6.0,997.7
2016-07-01 06:00:00,19.2,97,7.7,58.0,998.2
2016-07-01 07:00:00,19.8,92,8.3,158.0,998.3
2016-07-01 08:00:00,21.0,83,6.6,335.0,998.7
2016-07-01 09:00:00,22.1,76,8.0,426.0,998.2
2016-07-01 10:00:00,23.1,70,8.1,486.0,998.0
2016-07-01 11:00:00,23.7,67,7.2,421.0,997.7
2016-07-01 12:00:00,24.3,64,7.2,459.0,997.2
2016-07-01 13:00:00,24.6,61,8.4,383.0,996.7
2016-07-01 14:00:00,24.8,60,10.2,378.0,996.2
2016-07-01 15:00:00,25.6,57,12.7,431.0,995.6
2016-07-01 16:00:00,25.5,58,13.4,427.0,995.1
2016-07-01 17:00:00,25.2,60,11.7,318.0,995.1
2016-07-01 18:00:00,24.5,66,9.8,171.0,995.1
2016-07-01 19:00:00,23.0,72,8.6,61.0,995.2
2016-07-01 20:00:00,21.6,75,9.1,3.0,995.1
2016-07-01 21:00:00,20.8,76,8.8,0.0,995.5
2016-07-01 22:00:00,20.0,77,9.2,0.0,995.1
2016-07-01 23:00:00,19.4,78,9.5,0.0,995.1
2016-07-02 00:00:00,18.7,80,9.1,0.0,995.0
2016-07-02 01:00:00,18.4,82,8.2,0.0,994.7
2016-07-02 02:00:00,17.6,87,6.6,0.0,994.9
2016-07-02 03:00:00,17.5,89,5.8,0.0,994.7
2016-07-02 04:00:00,17.0,92,4.7,0.0,995.3
2016-07-02 05:00:00,17.2,93,3.8,11.0,995.8
2016-07-02 06:00:00,18.6,87,6.3,80.0,996.0
2016-07-02 07:00:00,20.0,82,5.4,198.0,996.6
2016-07-02 08:00:00,21.5,78,4.5,356.0,997.1
2016-07-02 09:00:00,23.4,71,5.1,541.0,997.1
2016-07-02 10:00:00,24.7,62,7.6,628.0,997.4
2016-07-02 11:00:00,26.0,52,9.1,823.0,997.4
2016-07-02 12:00:00,26.9,47,9.6,855.0,997.3
2016-07-02 13:00:00,27.5,44,9.5,872.0,997.1
2016-07-02 14:00:00,27.8,42,9.1,762.0,997.0
2016-07-02 15:00:00,28.0,40,7.8,708.0,996.9
2016-07-02 16:00:00,28.0,40,5.8,571.0,996.7
2016-07-02 17:00:00,27.7,43,5.2,396.0,997.1
2016-07-02 18:00:00,27.0,52,2.5,218.0,997.9
2016-07-02 19:00:00,25.4,68,5.4,72.0,997.8
2016-07-02 20:00:00,23.1,71,8.0,3.0,997.9
2016-07-02 21:00:00,21.4,73,7.3,0.0,998.8
2016-07-02 22:00:00,20.0,77,7.9,0.0,998.8
2016-07-02 23:00:00,19.3,77,7.9,0.0,999.0
2016-07-03 00:00:00,18.7,78,7.8,0.0,999.3
2016-07-03 01:00:00,18.2,80,8.2,0.0,999.5
2016-07-03 02:00:00,17.8,83,8.6,0.0,1000.1
2016-07-03 03:00:00,17.5,87,8.0,0.0,1000.2
2016-07-03 04:00:00,17.2,89,8.5,0.0,1000.2
2016-07-03 05:00:00,17.4,88,11.0,14.0,1000.4
2016-07-03 06:00:00,19.2,82,13.7,112.0,1000.7
2016-07-03 07:00:00,21.9,74,12.6,273.0,1001.0
2016-07-03 08:00:00,24.4,64,13.0,450.0,1000.9
2016-07-03 09:00:00,26.4,56,13.3,612.0,1001.2
2016-07-03 10:00:00,27.9,51,13.7,747.0,1001.3
2016-07-03 11:00:00,29.0,47,14.2,840.0,1001.1
2016-07-03 12:00:00,29.8,45,13.0,875.0,1000.8
2016-07-03 13:00:00,30.4,42,12.3,881.0,1000.2
2016-07-03 14:00:00,30.8,40,11.6,827.0,999.9
2016-07-03 15:00:00,30.8,40,10.4,713.0,999.6
2016-07-03 16:00:00,30.6,41,9.3,562.0,999.0
2016-07-03 17:00:00,30.0,49,6.6,389.0,999.1
2016-07-03 18:00:00,28.9,57,5.0,215.0,1000.1
2016-07-03 19:00:00,27.1,66,9.4,68.0,999.8
2016-07-03 20:00:00,25.0,72,8.0,3.0,1000.2
2016-07-03 21:00:00,23.3,77,8.2,0.0,1001.1
2016-07-03 22:00:00,22.1,80,8.1,0.0,1001.3
2016-07-03 23:00:00,21.2,83,8.7,0.0,1001.7
2016-07-04 00:00:00,20.5,86,8.3,0.0,1001.7
2016-07-04 01:00:00,20.0,88,8.0,0.0,1001.6
2016-07-04 02:00:00,19.5,90,7.5,0.0,1001.6
2016-07-04 03:00:00,19.3,91,6.6,0.0,1001.5
2016-07-04 04:00:00,18.9,92,6.7,0.0,1001.6
2016-07-04 05:00:00,18.7,93,6.9,13.0,1002.1
2016-07-04 06:00:00,20.2,91,5.8,95.0,1002.5
2016-07-04 07:00:00,23.2,80,3.1,240.0,1002.9
2016-07-04 08:00:00,25.4,69,2.0,427.0,1003.3
2016-07-04 09:00:00,27.0,60,1.5,600.0,1003.4
2016-07-04 10:00:00,28.1,56,1.8,736.0,1003.3
2016-07-04 11:00:00,29.0,53,5.6,820.0,1003.0
2016-07-04 12:00:00,29.3,51,6.6,748.0,1002.6
2016-07-04 13:00:00,29.7,50,7.3,718.0,1002.2
2016-07-04 14:00:00,30.0,49,6.6,714.0,1001.9
2016-07-04 15:00:00,30.3,48,5.6,596.0,1001.5
2016-07-04 16:00:00,30.3,47,4.3,477.0,1000.9
2016-07-04 17:00:00,30.1,50,4.1,262.0,1001.1
2016-07-04 18:00:00,29.4,56,3.7,173.0,1000.8
2016-07-04 19:00:00,28.3,62,4.0,59.0,1001.2
2016-07-04 20:00:00,26.3,78,2.9,2.0,1001.6
2016-07-04 21:00:00,25.2,73,7.0,0.0,1002.3
2016-07-04 22:00:00,24.2,73,7.4,0.0,1002.6
2016-07-04 23:00:00,23.3,74,10.8,0.0,1002.9
2016-07-05 00:00:00,22.4,77,10.4,0.0,1003.0
2016-07-05 01:00:00,21.6,80,9.8,0.0,1003.0
2016-07-05 02:00:00,20.8,83,9.3,0.0,1003.1
2016-07-05 03:00:00,21.0,80,8.5,0.0,1003.0
2016-07-05 04:00:00,20.7,79,8.2,0.0,1003.0
2016-07-05 05:00:00,20.6,78,8.7,9.0,1003.3
2016-07-05 06:00:00,21.4,76,8.9,75.0,1003.4
2016-07-05 07:00:00,22.8,69,8.2,203.0,1003.9
2016-07-05 08:00:00,24.1,64,10.5,382.0,1004.2
2016-07-05 09:00:00,25.5,60,9.9,574.0,1003.9
2016-07-05 10:00:00,26.7,56,9.1,716.0,1004.0
2016-07-05 11:00:00,27.7,53,7.2,824.0,1003.6
2016-07-05 12:00:00,28.5,53,4.8,844.0,1003.2
2016-07-05 13:00:00,29.1,53,2.4,862.0,1002.7
2016-07-05 14:00:00,29.4,52,1.5,740.0,1001.8
2016-07-05 15:00:00,29.8,53,1.5,625.0,1001.6
2016-07-05 16:00:00,29.8,53,1.8,487.0,1001.3
2016-07-05 17:00:00,29.6,53,1.9,316.0,1001.3
2016-07-05 18:00:00,29.2,57,3.3,195.0,1000.8
2016-07-05 19:00:00,28.1,64,6.1,63.0,1001.3
2016-07-05 20:00:00,26.8,69,7.2,3.0,1001.0
2016-07-05 21:00:00,24.6,78,9.7,0.0,1002.2
2016-07-05 22:00:00,23.2,79,13.7,0.0,1002.8
2016-07-05 23:00:00,22.0,78,14.8,0.0,1003.3
2016-07-06 00:00:00,21.1,78,14.5,0.0,1003.8
2016-07-06 01:00:00,20.4,78,13.4,0.0,1004.0
2016-07-06 02:00:00,20.0,79,13.0,0.0,1004.4
2016-07-06 03:00:00,19.8,78,13.0,0.0,1004.7
2016-07-06 04:00:00,19.4,80,12.2,0.0,1005.0
2016-07-06 05:00:00,19.3,82,11.9,12.0,1005.2
2016-07-06 06:00:00,20.2,81,11.9,103.0,1005.4
2016-07-06 07:00:00,21.8,75,13.0,254.0,1006.2
2016-07-06 08:00:00,23.2,71,12.7,425.0,1005.6
2016-07-06 09:00:00,24.6,68,12.1,585.0,1006.0
2016-07-06 10:00:00,25.9,64,11.7,731.0,1006.0
2016-07-06 11:00:00,27.2,62,10.8,827.0,1005.8
2016-07-06 12:00:00,28.2,60,10.5,878.0,1005.4
2016-07-06 13:00:00,29.0,58,10.7,852.0,1005.0
2016-07-06 14:00:00,29.5,57,10.9,782.0,1004.6
2016-07-06 15:00:00,29.6,57,11.2,675.0,1004.3
2016-07-06 16:00:00,29.6,56,11.2,541.0,1003.9
2016-07-06 17:00:00,29.3,58,10.9,375.0,1004.1
2016-07-06 18:00:00,28.4,63,8.9,206.0,1003.8
2016-07-06 19:00:00,26.8,69,9.2,67.0,1004.3
2016-07-06 20:00:00,25.1,73,10.7,3.0,1004.6
2016-07-06 21:00:00,23.9,76,11.3,0.0,1005.4
2016-07-06 22:00:00,22.9,79,11.5,0.0,1005.8
2016-07-06 23:00:00,22.1,82,11.1,0.0,1005.6
2016-07-07 00:00:00,21.5,85,11.2,0.0,1005.7
2016-07-07 01:00:00,20.8,87,10.8,0.0,1005.8
2016-07-07 02:00:00,20.2,87,10.1,0.0,1005.8
2016-07-07 03:00:00,19.9,89,9.8,0.0,1006.0
2016-07-07 04:00:00,19.5,89,9.8,0.0,1005.9
2016-07-07 05:00:00,19.4,87,10.8,12.0,1006.1
2016-07-07 06:00:00,20.6,83,11.2,104.0,1006.6
2016-07-07 07:00:00,22.4,74,12.8,258.0,1006.9
2016-07-07 08:00:00,24.0,68,13.8,431.0,1006.7
2016-07-07 09:00:00,25.5,63,14.2,597.0,1006.7
2016-07-07 10:00:00,26.9,59,13.7,737.0,1006.5
2016-07-07 11:00:00,28.1,56,13.9,836.0,1006.1
2016-07-07 12:00:00,29.1,53,14.8,887.0,1005.6
2016-07-07 13:00:00,29.8,51,15.3,879.0,1005.0
2016-07-07 14:00:00,30.3,49,16.0,810.0,1004.3
2016-07-07 15:00:00,30.0,50,16.0,602.0,1004.3
2016-07-07 16:00:00,29.9,49,15.5,517.0,1003.7
2016-07-07 17:00:00,29.6,52,12.6,381.0,1003.6
2016-07-07 18:00:00,28.5,58,8.8,209.0,1003.4
2016-07-07 19:00:00,26.7,65,8.8,67.0,1003.8
2016-07-07 20:00:00,25.0,70,10.5,2.0,1003.7
2016-07-07 21:00:00,24.0,74,12.6,0.0,1004.6
2016-07-07 22:00:00,23.3,77,13.9,0.0,1005.0
2016-07-07 23:00:00,22.6,80,12.9,0.0,1004.8
2016-07-08 00:00:00,22.1,82,11.7,0.0,1004.5
2016-07-08 01:00:00,21.5,83,10.8,0.0,1004.3
2016-07-08 02:00:00,20.9,85,10.5,0.0,1004.0
2016-07-08 03:00:00,20.7,86,10.2,0.0,1004.1
2016-07-08 04:00:00,20.2,87,10.1,0.0,1004.2
2016-07-08 05:00:00,20.0,87,10.1,11.0,1004.5
2016-07-08 06:00:00,21.0,83,10.2,94.0,1004.6
2016-07-08 07:00:00,22.7,75,10.8,255.0,1004.7
2016-07-08 08:00:00,24.3,69,12.3,431.0,1004.3
2016-07-08 09:00:00,25.6,66,12.8,597.0,1003.9
2016-07-08 10:00:00,26.9,64,12.7,734.0,1003.6
2016-07-08 11:00:00,27.9,59,12.5,786.0,1003.1
2016-07-08 12:00:00,28.8,55,12.4,853.0,1002.5
2016-07-08 13:00:00,29.5,51,12.3,839.0,1001.6
2016-07-08 14:00:00,30.0,49,12.4,806.0,1001.3
2016-07-08 15:00:00,30.0,49,12.6,698.0,1000.4
2016-07-08 16:00:00,30.0,48,12.5,548.0,1000.1
2016-07-08 17:00:00,29.7,51,10.9,381.0,999.8
2016-07-08 18:00:00,28.8,57,6.9,209.0,999.6
2016-07-08 19:00:00,27.4,63,7.4,67.0,999.6
2016-07-08 20:00:00,25.7,69,8.0,2.0,999.6
2016-07-08 21:00:00,24.4,73,6.9,0.0,1000.3
2016-07-08 22:00:00,23.3,78,8.4,0.0,1000.6
2016-07-08 23:00:00,22.5,83,9.7,0.0,1000.6
2016-07-09 00:00:00,22.0,88,9.8,0.0,1000.6
2016-07-09 01:00:00,21.7,91,9.7,0.0,1000.2
2016-07-09 02:00:00,21.3,94,9.2,0.0,1000.1
2016-07-09 03:00:00,21.0,95,8.3,0.0,999.9
2016-07-09 04:00:00,20.8,96,8.7,0.0,1000.3
2016-07-09 05:00:00,20.7,96,10.1,10.0,1000.2
2016-07-09 06:00:00,21.7,93,10.1,91.0,1000.4
2016-07-09 07:00:00,23.3,86,11.4,238.0,1000.4
2016-07-09 08:00:00,25.0,78,12.4,404.0,1000.4
2016-07-09 09:00:00,26.5,71,13.7,571.0,999.7
2016-07-09 10:00:00,28.0,65,14.1,714.0,999.7
2016-07-09 11:00:00,29.2,61,13.1,815.0,999.2
2016-07-09 12:00:00,30.2,58,12.0,862.0,998.7
2016-07-09 13:00:00,31.0,55,10.2,840.0,998.0
2016-07-09 14:00:00,31.5,52,9.4,740.0,997.5
2016-07-09 15:00:00,30.8,53,9.7,472.0,997.2
2016-07-09 16:00:00,30.9,53,10.2,449.0,996.7
2016-07-09 17:00:00,30.4,57,9.2,271.0,996.7
2016-07-09 18:00:00,29.7,63,7.1,172.0,996.7
2016-07-09 19:00:00,28.4,69,7.2,53.0,997.3
2016-07-09 20:00:00,26.8,75,8.1,2.0,997.5
2016-07-09 21:00:00,25.6,81,9.3,0.0,997.9
2016-07-09 22:00:00,24.8,85,10.8,0.0,997.8
2016-07-09 23:00:00,24.1,89,11.1,0.0,998.1
2016-07-10 00:00:00,23.5,91,9.4,0.0,997.8
2016-07-10 01:00:00,23.0,93,7.2,0.0,997.9
2016-07-10 02:00:00,22.6,94,7.0,0.0,997.6
2016-07-10 03:00:00,22.2,94,7.5,0.0,998.1
2016-07-10 04:00:00,22.0,94,7.8,0.0,997.8
2016-07-10 05:00:00,21.9,94,8.0,10.0,997.7
2016-07-10 06:00:00,23.2,90,7.3,93.0,998.1
2016-07-10 07:00:00,25.2,81,7.6,239.0,997.8
2016-07-10 08:00:00,26.7,74,10.8,407.0,997.9
2016-07-10 09:00:00,28.1,68,11.9,571.0,997.9
2016-07-10 10:00:00,29.4,63,11.9,708.0,997.5
2016-07-10 11:00:00,30.6,59,11.9,799.0,997.2
2016-07-10 12:00:00,31.6,55,10.8,851.0,996.5
2016-07-10 13:00:00,32.3,53,9.9,793.0,995.7
2016-07-10 14:00:00,32.8,51,10.2,735.0,995.1
2016-07-10 15:00:00,32.8,48,12.3,576.0,994.5
2016-07-10 16:00:00,32.8,49,13.3,525.0,994.0
2016-07-10 17:00:00,32.3,53,11.8,372.0,993.9
2016-07-10 18:00:00,31.2,60,9.2,202.0,994.9
2016-07-10 19:00:00,29.7,66,7.1,64.0,994.9
2016-07-10 20:00:00,28.2,72,8.9,2.0,995.5
2016-07-10 21:00:00,27.2,76,11.1,0.0,995.9
2016-07-10 22:00:00,26.3,79,11.3,0.0,995.7
2016-07-10 23:00:00,25.6,82,11.2,0.0,995.8
2016-07-11 00:00:00,24.9,84,11.4,0.0,995.6
2016-07-11 01:00:00,24.4,86,12.4,0.0,995.7
2016-07-11 02:00:00,24.0,88,12.3,0.0,995.6
2016-07-11 03:00:00,23.8,89,11.5,0.0,995.5
2016-07-11 04:00:00,23.5,89,12.7,0.0,995.5
2016-07-11 05:00:00,23.5,88,15.1,10.0,995.0
2016-07-11 06:00:00,24.5,84,16.1,96.0,995.3
2016-07-11 07:00:00,26.0,77,17.3,243.0,995.1
2016-07-11 08:00:00,27.5,68,19.0,417.0,995.1
2016-07-11 09:00:00,29.1,60,21.1,581.0,994.9
2016-07-11 10:00:00,30.4,55,22.0,718.0,994.7
2016-07-11 11:00:00,31.6,51,22.5,812.0,994.1
2016-07-11 12:00:00,32.5,48,23.2,860.0,993.4
2016-07-11 13:00:00,33.2,46,24.2,860.0,992.8
2016-07-11 14:00:00,33.6,44,24.6,780.0,992.4
2016-07-11 15:00:00,33.6,44,24.9,657.0,992.2
2016-07-11 16:00:00,33.3,45,24.3,524.0,991.8
2016-07-11 17:00:00,32.4,49,21.2,322.0,992.0
2016-07-11 18:00:00,31.1,54,16.3,178.0,992.0
2016-07-11 19:00:00,29.4,60,18.0,57.0,992.5
2016-07-11 20:00:00,28.0,65,18.4,2.0,993.0
2016-07-11 21:00:00,26.9,68,18.9,0.0,993.5
2016-07-11 22:00:00,26.0,70,17.4,0.0,993.5
2016-07-11 23:00:00,25.3,71,16.3,0.0,993.4
2016-07-12 00:00:00,24.8,70,17.0,0.0,993.0
2016-07-12 01:00:00,24.4,68,18.1,0.0,992.5
2016-07-12 02:00:00,24.1,66,17.7,0.0,992.4
2016-07-12 03:00:00,23.8,67,17.3,0.0,992.3
2016-07-12 04:00:00,23.3,68,17.9,0.0,992.2
2016-07-12 05:00:00,23.4,67,18.4,8.0,992.5
2016-07-12 06:00:00,23.8,66,16.7,83.0,993.2
2016-07-12 07:00:00,25.2,63,17.6,194.0,993.3
2016-07-12 08:00:00,26.6,59,18.1,314.0,993.1
2016-07-12 09:00:00,28.7,55,18.1,546.0,992.9
2016-07-12 10:00:00,30.3,53,17.3,669.0,992.6
2016-07-12 11:00:00,31.4,52,19.5,743.0,992.4
2016-07-12 12:00:00,32.2,51,20.5,811.0,992.0
2016-07-12 13:00:00,32.1,52,19.7,554.0,991.5
2016-07-12 14:00:00,32.1,53,22.7,713.0,991.7
2016-07-12 15:00:00,27.9,73,19.1,353.0,992.0
2016-07-12 16:00:00,27.6,74,14.2,283.0,992.1
2016-07-12 17:00:00,26.6,79,12.5,157.0,991.9
2016-07-12 18:00:00,25.7,84,10.3,87.0,993.3
2016-07-12 19:00:00,24.8,85,13.0,23.0,993.3
2016-07-12 20:00:00,24.1,86,15.1,0.0,993.8
2016-07-12 21:00:00,23.4,85,14.7,0.0,994.2
2016-07-12 22:00:00,22.8,84,13.7,0.0,994.4
2016-07-12 23:00:00,22.4,82,13.4,0.0,994.5
2016-07-13 00:00:00,22.0,81,12.3,0.0,994.3
2016-07-13 01:00:00,21.7,81,10.8,0.0,994.3
2016-07-13 02:00:00,21.4,80,10.0,0.0,994.5
2016-07-13 03:00:00,20.7,83,9.3,0.0,994.6
2016-07-13 04:00:00,20.5,83,8.8,0.0,995.1
2016-07-13 05:00:00,20.4,83,8.3,2.0,995.5
2016-07-13 06:00:00,20.6,82,7.6,22.0,996.4
2016-07-13 07:00:00,21.0,79,8.7,52.0,996.4
2016-07-13 08:00:00,21.8,75,9.8,178.0,996.7
2016-07-13 09:00:00,22.9,70,10.4,262.0,996.9
2016-07-13 10:00:00,24.8,62,10.4,541.0,996.8
2016-07-13 11:00:00,26.2,58,11.9,605.0,996.6
2016-07-13 12:00:00,27.5,54,12.7,734.0,996.3
2016-07-13 13:00:00,28.8,51,13.6,864.0,996.0
2016-07-13 14:00:00,29.6,48,14.3,802.0,995.7
2016-07-13 15:00:00,29.5,47,15.1,679.0,995.5
2016-07-13 16:00:00,29.7,46,15.7,542.0,995.3
2016-07-13 17:00:00,29.3,48,14.6,325.0,995.6
2016-07-13 18:00:00,28.5,52,10.1,191.0,996.1
2016-07-13 19:00:00,27.0,58,9.0,59.0,996.7
2016-07-13 20:00:00,25.7,61,10.0,2.0,997.3
2016-07-13 21:00:00,24.8,65,11.0,0.0,997.5
2016-07-13 22:00:00,24.1,68,10.2,0.0,997.7
2016-07-13 23:00:00,23.3,71,8.5,0.0,998.0
2016-07-14 00:00:00,22.6,75,9.5,0.0,998.3
2016-07-14 01:00:00,22.1,78,9.1,0.0,998.2
2016-07-14 02:00:00,21.5,82,6.6,0.0,998.6
2016-07-14 03:00:00,20.9,86,8.8,0.0,998.9
2016-07-14 04:00:00,20.7,88,12.2,0.0,999.3
2016-07-14 05:00:00,20.8,89,14.3,8.0,999.6
2016-07-14 06:00:00,21.7,86,16.0,91.0,999.5
2016-07-14 07:00:00,23.1,80,17.4,239.0,999.9
2016-07-14 08:00:00,24.6,74,17.9,411.0,1000.2
2016-07-14 09:00:00,26.1,66,20.3,575.0,1000.1
2016-07-14 10:00:00,27.2,59,20.6,675.0,1000.4
2016-07-14 11:00:00,28.2,50,22.0,790.0,1000.3
2016-07-14 12:00:00,28.9,43,23.2,859.0,999.8
2016-07-14 13:00:00,29.3,37,23.8,859.0,999.0
2016-07-14 14:00:00,29.6,33,24.6,828.0,998.9
2016-07-14 15:00:00,29.3,32,24.0,709.0,998.0
2016-07-14 16:00:00,28.9,31,22.4,526.0,998.4
2016-07-14 17:00:00,27.9,35,19.0,311.0,998.0
2016-07-14 18:00:00,26.7,38,16.2,167.0,998.5
2016-07-14 19:00:00,25.3,40,16.8,44.0,998.1
2016-07-14 20:00:00,24.2,41,17.1,1.0,998.3
2016-07-14 21:00:00,23.4,44,16.5,0.0,998.8
2016-07-14 22:00:00,22.7,46,16.5,0.0,998.8
2016-07-14 23:00:00,21.9,48,15.5,0.0,998.7
2016-07-15 00:00:00,20.7,53,14.2,0.0,998.5
2016-07-15 01:00:00,20.0,56,13.6,0.0,998.1
2016-07-15 02:00:00,19.6,58,12.2,0.0,997.6
2016-07-15 03:00:00,19.5,61,10.7,0.0,997.5
2016-07-15 04:00:00,18.9,64,11.3,0.0,997.3
2016-07-15 05:00:00,18.8,65,12.9,7.0,997.2
2016-07-15 06:00:00,19.4,66,12.2,65.0,997.3
2016-07-15 07:00:00,20.4,64,12.1,136.0,997.8
2016-07-15 08:00:00,21.4,62,11.3,206.0,997.2
2016-07-15 09:00:00,22.6,59,9.3,321.0,997.4
2016-07-15 10:00:00,23.6,58,7.9,375.0,996.8
2016-07-15 11:00:00,24.8,55,4.8,459.0,996.6
2016-07-15 12:00:00,25.4,54,2.3,408.0,996.5
2016-07-15 13:00:00,25.8,54,2.5,386.0,996.4
2016-07-15 14:00:00,26.3,53,2.3,359.0,995.9
2016-07-15 15:00:00,26.9,52,1.5,280.0,995.7
2016-07-15 16:00:00,26.8,52,2.0,218.0,995.3
2016-07-15 17:00:00,26.4,56,3.4,130.0,995.2
2016-07-15 18:00:00,25.7,62,5.2,55.0,995.6
2016-07-15 19:00:00,25.1,66,4.6,23.0,995.8
2016-07-15 20:00:00,24.3,71,5.2,0.0,996.3
2016-07-15 21:00:00,23.4,75,5.6,0.0,996.2
2016-07-15 22:00:00,22.7,80,4.9,0.0,996.1
2016-07-15 23:00:00,22.2,82,5.4,0.0,995.8
2016-07-16 00:00:00,22.0,80,7.7,0.0,995.8
2016-07-16 01:00:00,21.7,81,7.2,0.0,995.7
2016-07-16 02:00:00,21.3,84,5.1,0.0,995.4
2016-07-16 03:00:00,21.0,87,5.3,0.0,994.9
2016-07-16 04:00:00,20.8,89,4.8,0.0,994.6
2016-07-16 05:00:00,20.6,91,3.3,2.0,994.5
2016-07-16 06:00:00,21.1,87,2.5,30.0,995.4
2016-07-16 07:00:00,21.9,79,1.1,107.0,995.4
2016-07-16 08:00:00,22.5,76,1.5,121.0,995.5
2016-07-16 09:00:00,22.9,74,3.5,125.0,995.6
2016-07-16 10:00:00,23.3,73,4.6,157.0,995.8
2016-07-16 11:00:00,23.5,71,5.1,195.0,995.6
2016-07-16 12:00:00,23.6,70,5.1,155.0,995.6
2016-07-16 13:00:00,23.8,68,5.2,161.0,995.4
2016-07-16 14:00:00,24.0,66,4.7,175.0,995.3
2016-07-16 15:00:00,24.7,65,5.2,297.0,995.1
2016-07-16 16:00:00,24.9,63,5.5,227.0,995.0
2016-07-16 17:00:00,25.0,62,4.7,222.0,995.1
2016-07-16 18:00:00,24.9,64,0.7,159.0,995.6
2016-07-16 19:00:00,24.0,70,3.3,52.0,995.8
2016-07-16 20:00:00,22.4,77,5.7,1.0,996.0
2016-07-16 21:00:00,21.4,81,5.8,0.0,996.6
2016-07-16 22:00:00,20.7,84,6.7,0.0,996.8
2016-07-16 23:00:00,20.2,87,7.6,0.0,997.0
2016-07-17 00:00:00,19.7,90,7.5,0.0,996.8
2016-07-17 01:00:00,19.3,92,7.2,0.0,997.0
2016-07-17 02:00:00,18.9,94,6.2,0.0,996.9
2016-07-17 03:00:00,18.7,95,6.8,0.0,997.1
2016-07-17 04:00:00,18.4,95,7.8,0.0,997.2
2016-07-17 05:00:00,18.3,96,8.3,7.0,998.0
2016-07-17 06:00:00,19.5,92,10.5,84.0,998.8
2016-07-17 07:00:00,21.3,84,9.4,218.0,999.1
2016-07-17 08:00:00,22.8,76,9.8,321.0,999.2
2016-07-17 09:00:00,24.1,70,10.4,426.0,999.5
2016-07-17 10:00:00,24.9,65,8.0,390.0,999.3
2016-07-17 11:00:00,25.3,63,7.1,310.0,999.2
2016-07-17 12:00:00,26.8,58,6.8,608.0,998.9
2016-07-17 13:00:00,27.7,55,6.1,666.0,998.6
2016-07-17 14:00:00,28.1,53,6.5,621.0,998.4
2016-07-17 15:00:00,27.2,57,7.2,303.0,998.7
2016-07-17 16:00:00,26.8,60,6.9,238.0,998.4
2016-07-17 17:00:00,26.9,60,7.2,301.0,998.6
2016-07-17 18:00:00,26.4,63,4.6,178.0,999.5
2016-07-17 19:00:00,25.2,70,5.2,50.0,999.6
2016-07-17 20:00:00,23.8,76,5.5,1.0,1000.2
2016-07-17 21:00:00,22.6,81,5.5,0.0,1000.5
2016-07-17 22:00:00,21.7,84,7.0,0.0,1000.5
2016-07-17 23:00:00,21.2,86,7.2,0.0,1000.5
2016-07-18 00:00:00,20.6,87,7.6,0.0,1000.6
2016-07-18 01:00:00,20.0,89,7.2,0.0,1000.8
2016-07-18 02:00:00,19.8,88,8.3,0.0,1000.8
2016-07-18 03:00:00,18.9,92,8.7,0.0,1001.0
2016-07-18 04:00:00,18.5,94,8.7,0.0,1000.7
2016-07-18 05:00:00,18.3,94,9.5,6.0,1001.5
2016-07-18 06:00:00,19.6,89,9.9,80.0,1001.7
2016-07-18 07:00:00,21.9,80,9.7,223.0,1002.2
2016-07-18 08:00:00,24.2,70,9.7,408.0,1002.4
2016-07-18 09:00:00,26.1,61,8.6,583.0,1001.9
2016-07-18 10:00:00,27.7,54,7.4,721.0,1002.0
2016-07-18 11:00:00,28.9,48,6.9,786.0,1001.6
2016-07-18 12:00:00,29.6,45,7.1,758.0,1001.2
2016-07-18 13:00:00,30.1,42,8.6,778.0,1001.0
2016-07-18 14:00:00,30.3,42,9.7,582.0,1000.6
2016-07-18 15:00:00,30.2,42,10.2,548.0,1000.5
2016-07-18 16:00:00,30.1,43,10.8,475.0,1000.2
2016-07-18 17:00:00,29.9,44,9.9,330.0,1000.4
2016-07-18 18:00:00,28.9,51,7.7,189.0,1001.2
2016-07-18 19:00:00,27.4,56,7.1,53.0,1001.3
2016-07-18 20:00:00,26.0,61,7.2,1.0,1001.8
2016-07-18 21:00:00,24.7,66,8.3,0.0,1001.9
2016-07-18 22:00:00,23.7,70,10.4,0.0,1002.3
2016-07-18 23:00:00,23.1,73,10.8,0.0,1002.2
2016-07-19 00:00:00,22.4,78,10.1,0.0,1002.7
2016-07-19 01:00:00,21.9,82,8.4,0.0,1002.5
2016-07-19 02:00:00,21.5,85,7.8,0.0,1002.5
2016-07-19 03:00:00,21.3,87,8.0,0.0,1002.8
2016-07-19 04:00:00,21.0,88,8.1,0.0,1002.9
2016-07-19 05:00:00,20.6,90,10.0,6.0,1003.1
2016-07-19 06:00:00,21.7,84,12.0,75.0,1003.5
2016-07-19 07:00:00,23.1,77,13.5,157.0,1003.6
2016-07-19 08:00:00,24.5,71,13.2,271.0,1003.7
2016-07-19 09:00:00,26.0,65,12.3,438.0,1003.9
2016-07-19 10:00:00,27.6,59,11.9,585.0,1003.7
2016-07-19 11:00:00,28.8,55,11.4,719.0,1003.6
2016-07-19 12:00:00,29.8,51,10.9,781.0,1003.3
2016-07-19 13:00:00,30.5,48,11.2,821.0,1002.3
2016-07-19 14:00:00,30.7,47,11.5,614.0,1002.2
2016-07-19 15:00:00,31.0,45,12.1,659.0,1001.9
2016-07-19 16:00:00,31.1,44,11.4,517.0,1001.7
2016-07-19 17:00:00,30.6,46,9.3,331.0,1001.9
2016-07-19 18:00:00,29.3,55,6.3,145.0,1001.9
2016-07-19 19:00:00,27.7,63,7.4,44.0,1002.3
2016-07-19 20:00:00,26.4,69,4.8,1.0,1002.6
2016-07-19 21:00:00,25.5,74,6.1,0.0,1003.2
2016-07-19 22:00:00,24.4,77,7.6,0.0,1003.6
2016-07-19 23:00:00,24.0,77,8.4,0.0,1003.7
2016-07-20 00:00:00,23.6,77,8.5,0.0,1003.4
2016-07-20 01:00:00,23.0,77,7.3,0.0,1003.3
2016-07-20 02:00:00,22.5,79,5.9,0.0,1003.7
2016-07-20 03:00:00,22.0,82,5.5,0.0,1003.6
2016-07-20 04:00:00,21.6,84,5.9,0.0,1003.6
2016-07-20 05:00:00,21.4,84,8.8,5.0,1003.3
2016-07-20 06:00:00,22.4,81,8.4,62.0,1003.4
2016-07-20 07:00:00,24.4,72,7.6,179.0,1003.9
2016-07-20 08:00:00,26.5,64,8.3,346.0,1004.1
2016-07-20 09:00:00,28.0,60,10.2,504.0,1004.6
2016-07-20 10:00:00,28.9,57,11.4,510.0,1004.6
2016-07-20 11:00:00,29.6,55,9.4,486.0,1003.9
2016-07-20 12:00:00,30.0,53,9.0,425.0,1003.7
2016-07-20 13:00:00,30.3,51,10.5,392.0,1003.7
2016-07-20 14:00:00,30.3,51,10.8,328.0,1003.8
2016-07-20 15:00:00,29.5,54,9.6,230.0,1003.4
2016-07-20 16:00:00,29.1,57,9.4,137.0,1003.0
2016-07-20 17:00:00,28.3,62,5.9,69.0,1002.9
2016-07-20 18:00:00,27.7,65,4.2,44.0,1003.4
2016-07-20 19:00:00,26.9,68,5.7,15.0,1002.9
2016-07-20 20:00:00,26.1,70,6.9,0.0,1002.8
2016-07-20 21:00:00,25.6,73,6.0,0.0,1003.4
2016-07-20 22:00:00,25.1,75,6.5,0.0,1003.1
2016-07-20 23:00:00,24.6,78,5.6,0.0,1002.7
2016-07-21 00:00:00,24.1,82,6.1,0.0,1002.6
2016-07-21 01:00:00,23.7,85,9.8,0.0,1002.3
2016-07-21 02:00:00,23.4,89,14.4,0.0,1001.8
2016-07-21 03:00:00,23.3,87,16.2,0.0,1001.6
2016-07-21 04:00:00,23.2,87,14.8,0.0,1001.5
2016-07-21 05:00:00,23.1,87,17.7,0.0,1001.9
2016-07-21 06:00:00,23.0,87,22.4,4.0,1002.1
2016-07-21 07:00:00,22.8,87,23.3,8.0,1001.5
2016-07-21 08:00:00,22.8,86,23.4,16.0,1001.4
2016-07-21 09:00:00,22.9,86,23.4,36.0,1000.9
2016-07-21 10:00:00,23.0,87,22.9,48.0,1000.6
2016-07-21 11:00:00,23.0,87,20.2,44.0,1000.4
2016-07-21 12:00:00,23.0,87,20.6,44.0,1000.3
2016-07-21 13:00:00,23.2,87,22.2,54.0,999.9
2016-07-21 14:00:00,23.3,87,20.8,67.0,999.5
2016-07-21 15:00:00,23.9,86,20.4,70.0,999.3
2016-07-21 16:00:00,24.0,87,21.9,52.0,999.0
2016-07-21 17:00:00,24.4,87,22.9,110.0,998.8
2016-07-21 18:00:00,24.1,88,18.8,31.0,999.1
2016-07-21 19:00:00,23.7,89,17.9,10.0,998.9
2016-07-21 20:00:00,23.5,89,17.7,0.0,998.8
2016-07-21 21:00:00,23.3,90,16.9,0.0,999.3
2016-07-21 22:00:00,23.1,91,17.1,0.0,999.1
2016-07-21 23:00:00,22.9,92,17.7,0.0,999.2
2016-07-22 00:00:00,22.8,92,18.2,0.0,998.8
2016-07-22 01:00:00,22.9,92,17.4,0.0,998.5
2016-07-22 02:00:00,22.6,94,15.3,0.0,998.3
2016-07-22 03:00:00,22.9,93,14.2,0.0,998.3
2016-07-22 04:00:00,22.9,93,14.7,0.0,998.3
2016-07-22 05:00:00,22.9,93,14.7,1.0,997.8
2016-07-22 06:00:00,23.0,94,14.9,12.0,998.3
2016-07-22 07:00:00,23.1,93,16.4,16.0,998.3
2016-07-22 08:00:00,23.3,93,15.1,24.0,998.1
2016-07-22 09:00:00,23.3,94,15.6,15.0,997.8
2016-07-22 10:00:00,23.5,94,17.3,35.0,997.5
2016-07-22 11:00:00,23.6,94,18.9,29.0,997.2
2016-07-22 12:00:00,23.8,92,17.3,47.0,996.8
2016-07-22 13:00:00,24.3,91,17.1,97.0,996.3
2016-07-22 14:00:00,24.4,91,16.4,82.0,995.9
2016-07-22 15:00:00,24.7,91,17.3,131.0,995.7
2016-07-22 16:00:00,24.5,91,19.9,83.0,995.1
2016-07-22 17:00:00,24.5,92,18.8,64.0,995.2
2016-07-22 18:00:00,24.5,92,17.4,41.0,994.9
2016-07-22 19:00:00,24.4,92,18.3,17.0,995.2
2016-07-22 20:00:00,24.1,93,18.8,0.0,995.1
2016-07-22 21:00:00,24.0,93,18.0,0.0,995.1
2016-07-22 22:00:00,23.8,93,17.8,0.0,995.5
2016-07-22 23:00:00,23.7,93,17.7,0.0,995.2
2016-07-23 00:00:00,23.6,94,18.8,0.0,995.1
2016-07-23 01:00:00,23.6,94,18.0,0.0,994.5
2016-07-23 02:00:00,23.5,94,17.3,0.0,994.4
2016-07-23 03:00:00,23.9,94,17.3,0.0,994.4
2016-07-23 04:00:00,23.9,95,17.3,0.0,994.3
2016-07-23 05:00:00,24.1,94,17.3,1.0,994.7
2016-07-23 06:00:00,24.4,94,17.3,25.0,994.7
2016-07-23 07:00:00,24.7,93,16.9,37.0,994.7
2016-07-23 08:00:00,25.3,92,17.3,99.0,995.0
2016-07-23 09:00:00,26.2,90,18.4,179.0,995.3
2016-07-23 10:00:00,27.0,87,20.9,223.0,995.0
2016-07-23 11:00:00,28.6,81,23.4,371.0,994.9
2016-07-23 12:00:00,29.7,76,24.5,431.0,994.5
2016-07-23 13:00:00,30.7,71,24.1,561.0,994.2
2016-07-23 14:00:00,30.9,72,22.6,498.0,993.9
2016-07-23 15:00:00,30.6,73,19.7,412.0,994.0
2016-07-23 16:00:00,29.4,77,15.6,328.0,994.0
2016-07-23 17:00:00,27.9,84,16.9,96.0,994.3
2016-07-23 18:00:00,27.5,86,17.0,69.0,994.4
2016-07-23 19:00:00,26.8,89,18.9,14.0,995.2
2016-07-23 20:00:00,26.3,90,17.8,0.0,995.5
2016-07-23 21:00:00,25.9,91,18.6,0.0,996.2
2016-07-23 22:00:00,25.6,91,19.0,0.0,996.3
2016-07-23 23:00:00,25.4,92,18.6,0.0,996.3
2016-07-24 00:00:00,25.2,92,19.4,0.0,996.1
2016-07-24 01:00:00,25.1,92,19.7,0.0,995.8
2016-07-24 02:00:00,24.9,91,19.2,0.0,995.8
2016-07-24 03:00:00,24.6,93,18.8,0.0,995.9
2016-07-24 04:00:00,24.7,92,18.4,0.0,996.2
2016-07-24 05:00:00,24.8,92,18.4,2.0,996.4
2016-07-24 06:00:00,25.1,92,19.1,25.0,996.4
2016-07-24 07:00:00,25.7,90,19.4,81.0,996.9
2016-07-24 08:00:00,26.4,89,18.0,118.0,997.4
2016-07-24 09:00:00,27.5,86,19.1,219.0,997.8
2016-07-24 10:00:00,28.9,82,18.9,348.0,997.7
2016-07-24 11:00:00,30.2,79,19.7,499.0,997.9
2016-07-24 12:00:00,30.5,79,17.6,405.0,997.8
2016-07-24 13:00:00,30.8,80,17.2,414.0,997.7
2016-07-24 14:00:00,31.4,78,14.2,494.0,997.9
2016-07-24 15:00:00,31.6,71,12.1,509.0,998.0
2016-07-24 16:00:00,31.4,71,8.9,386.0,997.9
2016-07-24 17:00:00,30.9,75,11.7,211.0,998.9
2016-07-24 18:00:00,29.1,81,11.6,153.0,999.4
2016-07-24 19:00:00,28.1,86,9.2,35.0,999.9
2016-07-24 20:00:00,27.2,89,7.2,0.0,1000.0
2016-07-24 21:00:00,26.8,90,7.2,0.0,1000.5
2016-07-24 22:00:00,26.0,93,6.2,0.0,1001.0
2016-07-24 23:00:00,25.4,94,5.8,0.0,1000.9
2016-07-25 00:00:00,25.1,96,5.6,0.0,1000.9
2016-07-25 01:00:00,25.1,95,6.0,0.0,1000.5
2016-07-25 02:00:00,25.0,95,7.2,0.0,1000.6
2016-07-25 03:00:00,24.9,96,6.1,0.0,1000.3
2016-07-25 04:00:00,24.7,96,5.8,0.0,1000.3
2016-07-25 05:00:00,24.4,97,7.9,0.0,1000.3
2016-07-25 06:00:00,24.4,96,8.4,11.0,1000.2
2016-07-25 07:00:00,24.4,96,10.2,17.0,1000.2
2016-07-25 08:00:00,24.3,95,12.9,29.0,1000.0
2016-07-25 09:00:00,24.1,95,15.3,33.0,999.9
2016-07-25 10:00:00,24.0,94,17.3,45.0,999.7
2016-07-25 11:00:00,24.3,93,15.1,85.0,998.9
2016-07-25 12:00:00,24.8,91,19.6,113.0,997.9
2016-07-25 13:00:00,25.9,88,21.6,294.0,997.1
2016-07-25 14:00:00,27.7,83,21.6,405.0,996.2
2016-07-25 15:00:00,29.2,80,21.7,305.0,995.5
2016-07-25 16:00:00,28.5,85,16.0,211.0,995.2
2016-07-25 17:00:00,27.6,87,14.2,104.0,995.0
2016-07-25 18:00:00,27.0,90,13.7,28.0,994.9
2016-07-25 19:00:00,26.5,92,16.3,8.0,994.8
2016-07-25 20:00:00,26.2,91,17.8,0.0,995.0
2016-07-25 21:00:00,25.6,91,23.0,0.0,995.3
2016-07-25 22:00:00,24.9,93,27.5,0.0,995.6
2016-07-25 23:00:00,24.2,96,20.2,0.0,996.0
2016-07-26 00:00:00,23.3,98,9.9,0.0,996.4
2016-07-26 01:00:00,22.1,98,8.7,0.0,996.2
2016-07-26 02:00:00,20.9,96,12.7,0.0,996.2
2016-07-26 03:00:00,19.9,91,15.2,0.0,996.1
2016-07-26 04:00:00,19.5,91,15.5,0.0,996.3
2016-07-26 05:00:00,19.3,92,15.0,0.0,996.7
2016-07-26 06:00:00,19.3,92,14.1,7.0,997.0
2016-07-26 07:00:00,19.5,91,14.5,18.0,997.0
2016-07-26 08:00:00,19.8,91,13.8,26.0,997.0
2016-07-26 09:00:00,20.5,87,12.3,61.0,996.8
2016-07-26 10:00:00,21.3,85,10.1,65.0,996.8
2016-07-26 11:00:00,22.9,80,10.8,253.0,996.9
2016-07-26 12:00:00,23.7,77,10.0,203.0,996.8
2016-07-26 13:00:00,25.0,73,8.1,330.0,996.5
2016-07-26 14:00:00,26.0,69,7.1,327.0,996.0
2016-07-26 15:00:00,24.9,71,7.4,317.0,995.8
2016-07-26 16:00:00,25.3,70,7.5,230.0,995.3
2016-07-26 17:00:00,25.2,72,7.0,165.0,995.4
2016-07-26 18:00:00,24.8,77,5.1,117.0,995.9
2016-07-26 19:00:00,23.9,82,4.8,36.0,996.3
2016-07-26 20:00:00,22.8,87,4.5,0.0,995.9
2016-07-26 21:00:00,22.0,91,7.1,0.0,995.9
2016-07-26 22:00:00,21.5,93,5.1,0.0,995.7
2016-07-26 23:00:00,21.6,91,4.0,0.0,995.7
2016-07-27 00:00:00,20.5,96,2.9,0.0,995.4
2016-07-27 01:00:00,20.0,98,3.3,0.0,995.2
2016-07-27 02:00:00,19.8,98,4.3,0.0,994.8
2016-07-27 03:00:00,19.3,98,2.8,0.0,994.9
2016-07-27 04:00:00,18.8,99,4.4,0.0,994.6
2016-07-27 05:00:00,18.6,99,5.0,2.0,994.6
2016-07-27 06:00:00,19.1,99,4.2,42.0,995.0
2016-07-27 07:00:00,20.2,99,4.3,111.0,994.8
2016-07-27 08:00:00,21.7,93,4.9,210.0,995.2
2016-07-27 09:00:00,24.1,83,4.7,414.0,995.1
2016-07-27 10:00:00,25.8,76,4.4,580.0,994.8
2016-07-27 11:00:00,26.9,72,3.3,595.0,994.7
2016-07-27 12:00:00,28.0,69,2.5,772.0,994.3
2016-07-27 13:00:00,28.8,66,3.0,798.0,993.5
2016-07-27 14:00:00,29.5,64,3.1,793.0,993.4
2016-07-27 15:00:00,29.4,65,2.8,655.0,993.2
2016-07-27 16:00:00,29.5,64,3.3,522.0,993.1
2016-07-27 17:00:00,29.3,65,4.0,353.0,993.2
2016-07-27 18:00:00,28.6,71,4.0,183.0,993.4
2016-07-27 19:00:00,27.5,77,7.0,47.0,994.1
2016-07-27 20:00:00,25.7,87,7.1,0.0,993.9
2016-07-27 21:00:00,24.6,89,7.9,0.0,994.7
2016-07-27 22:00:00,24.8,85,5.1,0.0,994.7
2016-07-27 23:00:00,24.2,88,1.5,0.0,994.5
2016-07-28 00:00:00,22.3,94,4.8,0.0,994.9
2016-07-28 01:00:00,21.6,96,5.8,0.0,994.8
2016-07-28 02:00:00,21.1,98,5.8,0.0,994.9
2016-07-28 03:00:00,21.0,98,5.4,0.0,995.0
2016-07-28 04:00:00,20.6,99,4.1,0.0,994.8
2016-07-28 05:00:00,20.3,100,5.2,3.0,994.9
2016-07-28 06:00:00,21.7,98,4.5,61.0,995.6
2016-07-28 07:00:00,23.3,95,4.5,187.0,995.2
2016-07-28 08:00:00,25.3,88,5.1,345.0,995.6
2016-07-28 09:00:00,27.1,80,10.4,513.0,995.7
2016-07-28 10:00:00,28.8,72,12.0,616.0,995.6
2016-07-28 11:00:00,30.0,67,12.9,698.0,995.4
2016-07-28 12:00:00,30.7,63,12.2,655.0,995.2
2016-07-28 13:00:00,31.4,60,12.0,786.0,994.8
2016-07-28 14:00:00,31.8,58,11.8,762.0,994.7
2016-07-28 15:00:00,31.4,58,11.6,638.0,994.7
2016-07-28 16:00:00,31.2,59,10.9,475.0,994.3
2016-07-28 17:00:00,30.8,64,8.1,328.0,994.3
2016-07-28 18:00:00,29.6,71,6.0,141.0,994.5
2016-07-28 19:00:00,28.2,76,10.4,44.0,994.7
2016-07-28 20:00:00,27.0,81,13.3,0.0,995.6
2016-07-28 21:00:00,26.1,84,15.3,0.0,996.3
2016-07-28 22:00:00,25.4,85,16.7,0.0,996.4
2016-07-28 23:00:00,24.9,87,16.9,0.0,996.7
2016-07-29 00:00:00,24.4,89,15.5,0.0,996.8
2016-07-29 01:00:00,23.9,91,12.1,0.0,996.8
2016-07-29 02:00:00,23.6,92,9.3,0.0,997.2
2016-07-29 03:00:00,23.4,92,10.1,0.0,997.2
2016-07-29 04:00:00,23.2,91,10.5,0.0,997.5
2016-07-29 05:00:00,23.0,91,9.7,2.0,998.0
2016-07-29 06:00:00,23.2,90,7.7,41.0,998.6
2016-07-29 07:00:00,23.8,88,8.1,73.0,999.0
2016-07-29 08:00:00,24.2,86,9.1,121.0,998.7
2016-07-29 09:00:00,25.3,82,10.3,303.0,998.8
2016-07-29 10:00:00,25.9,80,13.6,278.0,999.4
2016-07-29 11:00:00,26.5,79,12.2,348.0,999.4
2016-07-29 12:00:00,26.3,81,11.2,253.0,999.5
2016-07-29 13:00:00,26.9,79,11.4,392.0,999.2
2016-07-29 14:00:00,27.6,78,10.6,464.0,999.2
2016-07-29 15:00:00,29.1,72,8.6,399.0,999.1
2016-07-29 16:00:00,29.2,73,6.9,351.0,998.7
2016-07-29 17:00:00,27.8,77,6.8,234.0,998.8
2016-07-29 18:00:00,26.9,82,3.8,115.0,999.9
2016-07-29 19:00:00,26.1,86,5.4,35.0,999.9
2016-07-29 20:00:00,25.1,90,4.9,0.0,1000.2
2016-07-29 21:00:00,24.6,92,4.3,0.0,1000.7
2016-07-29 22:00:00,24.1,92,5.2,0.0,1000.5
2016-07-29 23:00:00,23.8,93,6.6,0.0,1000.8
2016-07-30 00:00:00,23.6,93,7.4,0.0,1000.8
2016-07-30 01:00:00,23.4,94,7.6,0.0,1000.7
2016-07-30 02:00:00,23.2,94,7.2,0.0,1001.1
2016-07-30 03:00:00,23.2,95,6.9,0.0,1001.2
2016-07-30 04:00:00,23.1,95,6.6,0.0,1001.6
2016-07-30 05:00:00,23.0,95,6.9,2.0,1001.9
2016-07-30 06:00:00,23.6,94,5.6,51.0,1002.7
2016-07-30 07:00:00,24.9,90,5.9,157.0,1003.0
2016-07-30 08:00:00,26.0,87,4.3,288.0,1003.2
2016-07-30 09:00:00,27.1,82,5.2,354.0,1003.4
2016-07-30 10:00:00,28.4,76,5.6,512.0,1003.1
2016-07-30 11:00:00,29.4,72,6.5,585.0,1003.0
2016-07-30 12:00:00,30.0,70,7.4,622.0,1002.7
2016-07-30 13:00:00,30.5,68,5.7,660.0,1002.3
2016-07-30 14:00:00,30.5,69,4.7,567.0,1002.1
2016-07-30 15:00:00,30.6,66,4.0,513.0,1001.4
2016-07-30 16:00:00,30.3,67,2.9,339.0,1001.1
2016-07-30 17:00:00,30.3,67,1.5,291.0,1000.7
2016-07-30 18:00:00,29.8,73,2.0,138.0,1000.8
2016-07-30 19:00:00,29.0,79,5.6,32.0,1001.6
2016-07-30 20:00:00,27.6,84,5.1,0.0,1001.7
2016-07-30 21:00:00,26.7,87,6.6,0.0,1002.0
2016-07-30 22:00:00,26.0,89,6.4,0.0,1002.2
2016-07-30 23:00:00,25.4,91,6.6,0.0,1002.3
2016-07-31 00:00:00,25.1,92,6.1,0.0,1002.3
2016-07-31 01:00:00,24.9,93,5.8,0.0,1002.4
2016-07-31 02:00:00,24.6,93,5.8,0.0,1002.1
2016-07-31 03:00:00,24.2,96,6.2,0.0,1002.3
2016-07-31 04:00:00,24.1,96,5.9,0.0,1002.2
2016-07-31 05:00:00,23.8,97,4.0,2.0,1002.7
2016-07-31 06:00:00,23.9,97,8.3,52.0,1003.1
2016-07-31 07:00:00,24.0,95,5.4,123.0,1003.3
2016-07-31 08:00:00,24.5,92,6.6,155.0,1003.1
2016-07-31 09:00:00,24.9,91,8.7,151.0,1003.3
2016-07-31 10:00:00,25.9,87,9.2,222.0,1003.1
2016-07-31 11:00:00,27.2,80,9.5,403.0,1003.0
2016-07-31 12:00:00,28.4,75,8.6,477.0,1002.7
2016-07-31 13:00:00,29.0,72,7.1,524.0,1002.1
2016-07-31 14:00:00,29.1,72,5.5,453.0,1001.6
2016-07-31 15:00:00,28.4,72,5.1,390.0,1001.0
2016-07-31 16:00:00,28.2,73,6.8,315.0,1000.6
2016-07-31 17:00:00,27.3,78,6.7,201.0,1000.8
2016-07-31 18:00:00,25.4,90,6.0,82.0,1001.0
2016-07-31 19:00:00,24.0,95,4.2,21.0,1001.2
2016-07-31 20:00:00,23.2,97,4.6,0.0,1001.4
2016-07-31 21:00:00,23.1,96,4.9,0.0,1001.7
2016-07-31 22:00:00,22.9,96,4.0,0.0,1002.0
2016-07-31 23:00:00,22.8,96,5.9,0.0,1002.1
2016-08-01 00:00:00,22.8,97,8.5,0.0,1002.1
2016-08-01 01:00:00,22.7,97,10.6,0.0,1001.6
2016-08-01 02:00:00,22.8,97,10.5,0.0,1001.9
2016-08-01 03:00:00,22.2,96,8.6,0.0,1002.0
2016-08-01 04:00:00,22.1,97,8.0,0.0,1002.2
2016-08-01 05:00:00,22.1,97,9.0,1.0,1002.0
2016-08-01 06:00:00,22.5,95,7.8,40.0,1002.1
2016-08-01 07:00:00,23.3,90,6.8,110.0,1002.1
2016-08-01 08:00:00,24.2,85,7.1,165.0,1002.6
2016-08-01 09:00:00,25.1,81,5.6,269.0,1002.5
2016-08-01 10:00:00,25.8,77,4.5,353.0,1002.3
2016-08-01 11:00:00,26.6,76,3.8,443.0,1002.2
2016-08-01 12:00:00,27.4,76,1.6,576.0,1002.0
2016-08-01 13:00:00,27.9,75,1.1,574.0,1001.4
2016-08-01 14:00:00,28.5,69,2.9,454.0,1001.3
2016-08-01 15:00:00,27.4,74,3.1,211.0,1000.9
2016-08-01 16:00:00,26.3,78,7.6,302.0,1000.5
2016-08-01 17:00:00,25.8,81,5.8,210.0,1000.9
2016-08-01 18:00:00,25.3,84,1.8,82.0,1001.5
2016-08-01 19:00:00,25.0,87,4.7,29.0,1001.5
2016-08-01 20:00:00,24.1,91,4.6,0.0,1001.7
2016-08-01 21:00:00,23.6,94,5.4,0.0,1002.1
2016-08-01 22:00:00,23.2,96,4.4,0.0,1002.2
2016-08-01 23:00:00,22.7,97,5.1,0.0,1002.2
2016-08-02 00:00:00,22.3,98,3.6,0.0,1001.9
2016-08-02 01:00:00,22.2,98,2.2,0.0,1001.9
2016-08-02 02:00:00,22.0,98,3.2,0.0,1002.0
2016-08-02 03:00:00,21.7,99,5.9,0.0,1002.2
2016-08-02 04:00:00,21.5,100,6.2,0.0,1002.0
2016-08-02 05:00:00,21.5,99,6.0,1.0,1002.4
2016-08-02 06:00:00,21.7,99,6.1,34.0,1002.8
2016-08-02 07:00:00,22.0,98,5.0,106.0,1003.3
2016-08-02 08:00:00,23.6,90,4.1,258.0,1003.5
2016-08-02 09:00:00,25.1,85,3.5,384.0,1003.2
2016-08-02 10:00:00,26.8,77,4.0,522.0,1003.4
2016-08-02 11:00:00,28.0,71,4.1,553.0,1002.8
2016-08-02 12:00:00,28.9,67,4.2,663.0,1002.2
2016-08-02 13:00:00,29.5,64,4.1,599.0,1001.6
2016-08-02 14:00:00,29.8,62,5.8,435.0,1001.3
2016-08-02 15:00:00,30.1,61,5.6,476.0,1001.1
2016-08-02 16:00:00,30.2,61,4.5,401.0,1000.4
2016-08-02 17:00:00,29.9,65,4.7,242.0,1000.6
2016-08-02 18:00:00,29.3,71,3.8,129.0,1000.3
2016-08-02 19:00:00,28.3,76,6.7,32.0,1000.5
2016-08-02 20:00:00,26.8,86,7.0,0.0,1001.1
2016-08-02 21:00:00,25.8,88,8.3,0.0,1001.4
2016-08-02 22:00:00,25.1,90,7.1,0.0,1001.7
2016-08-02 23:00:00,25.5,86,5.1,0.0,1001.8
2016-08-03 00:00:00,24.3,91,4.1,0.0,1001.8
2016-08-03 01:00:00,23.2,96,4.4,0.0,1001.7
2016-08-03 02:00:00,22.9,96,5.4,0.0,1001.9
2016-08-03 03:00:00,23.5,95,4.8,0.0,1002.2
2016-08-03 04:00:00,23.5,95,2.5,0.0,1002.1
2016-08-03 05:00:00,23.3,96,0.4,1.0,1002.3
2016-08-03 06:00:00,23.5,96,4.2,60.0,1002.7
2016-08-03 07:00:00,25.6,89,3.2,197.0,1002.9
2016-08-03 08:00:00,27.1,83,2.9,355.0,1003.2
2016-08-03 09:00:00,28.5,77,3.4,520.0,1003.3
2016-08-03 10:00:00,29.7,70,4.6,654.0,1003.4
2016-08-03 11:00:00,30.6,66,4.6,721.0,1003.1
2016-08-03 12:00:00,31.1,63,3.6,716.0,1002.5
2016-08-03 13:00:00,31.6,62,1.3,728.0,1002.2
2016-08-03 14:00:00,31.9,61,1.1,683.0,1001.7
2016-08-03 15:00:00,32.2,61,2.9,612.0,1001.6
2016-08-03 16:00:00,32.1,61,3.6,482.0,1001.1
2016-08-03 17:00:00,31.9,63,4.4,323.0,1001.4
2016-08-03 18:00:00,31.1,71,3.5,150.0,1001.2
2016-08-03 19:00:00,30.0,76,7.6,34.0,1001.5
2016-08-03 20:00:00,28.3,87,7.4,0.0,1001.9
2016-08-03 21:00:00,27.5,87,6.4,0.0,1002.0
2016-08-03 22:00:00,27.3,86,4.2,0.0,1002.4
2016-08-03 23:00:00,27.1,86,1.3,0.0,1002.5
2016-08-04 00:00:00,26.5,88,1.5,0.0,1002.5
2016-08-04 01:00:00,25.3,93,3.1,0.0,1002.5
2016-08-04 02:00:00,24.2,96,4.0,0.0,1002.4
2016-08-04 03:00:00,24.0,96,4.8,0.0,1002.6
2016-08-04 04:00:00,23.8,96,5.1,0.0,1002.7
2016-08-04 05:00:00,23.7,97,5.2,1.0,1003.1
2016-08-04 06:00:00,24.5,96,6.5,53.0,1003.6
2016-08-04 07:00:00,26.3,90,5.2,186.0,1003.7
2016-08-04 08:00:00,27.9,84,5.1,357.0,1003.6
2016-08-04 09:00:00,29.2,78,4.9,521.0,1003.7
2016-08-04 10:00:00,30.3,74,5.8,661.0,1003.4
2016-08-04 11:00:00,31.2,70,6.4,762.0,1003.2
2016-08-04 12:00:00,32.0,66,6.1,801.0,1002.8
2016-08-04 13:00:00,32.2,64,5.6,588.0,1002.2
2016-08-04 14:00:00,32.6,62,5.6,647.0,1002.3
2016-08-04 15:00:00,32.7,61,6.1,481.0,1001.8
2016-08-04 16:00:00,32.7,61,6.6,479.0,1001.6
2016-08-04 17:00:00,32.2,66,7.1,302.0,1001.5
2016-08-04 18:00:00,31.3,73,4.4,156.0,1001.9
2016-08-04 19:00:00,30.1,78,8.0,33.0,1001.5
2016-08-04 20:00:00,28.8,83,8.1,0.0,1002.3
2016-08-04 21:00:00,27.8,87,7.3,0.0,1002.7
2016-08-04 22:00:00,27.0,89,6.5,0.0,1003.1
2016-08-04 23:00:00,26.3,91,5.4,0.0,1003.3
2016-08-05 00:00:00,25.7,92,6.1,0.0,1003.3
2016-08-05 01:00:00,25.2,93,6.4,0.0,1003.3
2016-08-05 02:00:00,24.6,94,6.1,0.0,1003.4
2016-08-05 03:00:00,24.5,94,5.7,0.0,1003.5
2016-08-05 04:00:00,24.1,94,5.6,0.0,1003.7
2016-08-05 05:00:00,23.8,95,5.5,1.0,1003.9
2016-08-05 06:00:00,24.4,93,5.1,54.0,1004.0
2016-08-05 07:00:00,26.0,85,4.3,184.0,1003.8
2016-08-05 08:00:00,27.5,77,4.2,355.0,1003.7
2016-08-05 09:00:00,28.7,73,4.3,520.0,1003.7
2016-08-05 10:00:00,29.8,70,3.4,660.0,1003.3
2016-08-05 11:00:00,30.7,69,2.6,755.0,1002.8
2016-08-05 12:00:00,31.5,69,3.0,808.0,1002.3
2016-08-05 13:00:00,32.0,68,4.5,779.0,1001.6
2016-08-05 14:00:00,32.5,66,6.4,704.0,1001.7
2016-08-05 15:00:00,32.6,66,8.6,545.0,1001.0
2016-08-05 16:00:00,32.4,67,9.4,430.0,1001.0
2016-08-05 17:00:00,31.9,70,8.3,242.0,1000.6
2016-08-05 18:00:00,31.1,74,5.8,139.0,1000.4
2016-08-05 19:00:00,30.0,78,6.6,31.0,1001.0
2016-08-05 20:00:00,28.6,83,6.2,0.0,1001.5
2016-08-05 21:00:00,27.5,86,7.4,0.0,1001.6
2016-08-05 22:00:00,26.6,86,8.2,0.0,1001.6
2016-08-05 23:00:00,25.8,86,8.4,0.0,1001.6
2016-08-06 00:00:00,25.2,86,8.0,0.0,1001.6
2016-08-06 01:00:00,24.6,87,8.2,0.0,1001.1
2016-08-06 02:00:00,24.3,86,8.9,0.0,1001.0
2016-08-06 03:00:00,24.1,87,9.1,0.0,1001.0
2016-08-06 04:00:00,23.8,88,9.1,0.0,1000.8
2016-08-06 05:00:00,23.5,89,9.1,1.0,1001.0
2016-08-06 06:00:00,24.1,89,10.6,57.0,1001.2
2016-08-06 07:00:00,25.6,85,10.9,191.0,1000.7
2016-08-06 08:00:00,27.1,80,13.2,366.0,1000.8
2016-08-06 09:00:00,28.3,75,14.2,514.0,1000.4
2016-08-06 10:00:00,29.4,69,14.5,659.0,1000.0
2016-08-06 11:00:00,30.3,65,15.0,740.0,999.7
2016-08-06 12:00:00,31.1,62,16.6,799.0,999.2
2016-08-06 13:00:00,31.6,60,18.0,783.0,998.5
2016-08-06 14:00:00,31.8,59,18.9,722.0,998.1
2016-08-06 15:00:00,31.8,59,18.8,617.0,997.9
2016-08-06 16:00:00,31.3,61,16.5,460.0,997.4
2016-08-06 17:00:00,30.6,67,14.0,289.0,997.3
2016-08-06 18:00:00,29.6,71,13.0,146.0,996.6
2016-08-06 19:00:00,28.4,75,11.9,28.0,997.3
2016-08-06 20:00:00,27.5,78,12.7,0.0,997.6
2016-08-06 21:00:00,26.9,80,12.2,0.0,998.1
2016-08-06 22:00:00,26.4,83,10.4,0.0,998.4
2016-08-06 23:00:00,26.2,84,10.5,0.0,998.7
2016-08-07 00:00:00,25.9,85,11.0,0.0,998.3
2016-08-07 01:00:00,25.7,87,11.2,0.0,998.3
2016-08-07 02:00:00,25.3,89,9.2,0.0,998.4
2016-08-07 03:00:00,24.2,93,8.6,0.0,998.8
2016-08-07 04:00:00,24.1,95,9.2,0.0,998.6
2016-08-07 05:00:00,24.1,96,9.0,0.0,998.8
2016-08-07 06:00:00,23.9,96,6.3,2.0,999.6
2016-08-07 07:00:00,23.4,99,11.5,7.0,999.9
2016-08-07 08:00:00,22.9,98,17.3,12.0,1000.3
2016-08-07 09:00:00,22.3,96,16.3,29.0,1000.5
2016-08-07 10:00:00,22.5,91,15.7,112.0,1001.2
2016-08-07 11:00:00,23.0,86,15.6,168.0,1001.6
2016-08-07 12:00:00,23.9,80,15.4,276.0,1001.6
2016-08-07 13:00:00,24.5,74,14.0,301.0,1001.5
2016-08-07 14:00:00,24.7,72,12.9,206.0,1001.5
2016-08-07 15:00:00,24.8,70,12.2,209.0,1001.2
2016-08-07 16:00:00,25.0,70,11.2,210.0,1001.4
2016-08-07 17:00:00,24.7,73,10.1,120.0,1001.7
2016-08-07 18:00:00,24.3,75,9.3,66.0,1002.1
2016-08-07 19:00:00,23.3,78,8.1,27.0,1002.6
2016-08-07 20:00:00,22.1,82,8.6,0.0,1002.9
2016-08-07 21:00:00,21.3,84,9.1,0.0,1003.5
2016-08-07 22:00:00,20.7,85,9.4,0.0,1003.5
2016-08-07 23:00:00,20.2,86,9.4,0.0,1003.7
2016-08-08 00:00:00,19.7,87,10.2,0.0,1003.6
2016-08-08 01:00:00,19.3,88,10.8,0.0,1003.3
2016-08-08 02:00:00,18.9,88,10.5,0.0,1003.3
2016-08-08 03:00:00,18.7,88,10.3,0.0,1003.3
2016-08-08 04:00:00,18.4,88,10.3,0.0,1003.4
2016-08-08 05:00:00,18.1,88,10.8,1.0,1003.6
2016-08-08 06:00:00,18.9,86,10.2,63.0,1003.7
2016-08-08 07:00:00,21.2,79,10.1,220.0,1004.4
2016-08-08 08:00:00,23.3,70,11.0,408.0,1004.1
2016-08-08 09:00:00,25.0,60,12.4,588.0,1004.1
2016-08-08 10:00:00,26.4,52,13.8,735.0,1003.8
2016-08-08 11:00:00,27.5,48,15.0,836.0,1003.6
2016-08-08 12:00:00,28.2,46,15.8,882.0,1003.5
2016-08-08 13:00:00,28.6,45,16.3,870.0,1003.0
2016-08-08 14:00:00,28.7,45,16.3,801.0,1002.9
2016-08-08 15:00:00,28.7,45,15.6,683.0,1002.3
2016-08-08 16:00:00,28.3,50,13.2,526.0,1002.0
2016-08-08 17:00:00,27.4,56,10.9,346.0,1001.7
2016-08-08 18:00:00,25.8,62,9.2,167.0,1001.5
2016-08-08 19:00:00,23.8,67,10.0,31.0,1002.4
2016-08-08 20:00:00,22.3,69,11.0,0.0,1001.9
2016-08-08 21:00:00,21.2,71,11.0,0.0,1001.9
2016-08-08 22:00:00,20.3,73,10.5,0.0,1002.1
2016-08-08 23:00:00,19.4,77,9.2,0.0,1002.3
2016-08-09 00:00:00,18.6,80,8.4,0.0,1002.0
2016-08-09 01:00:00,17.9,84,8.0,0.0,1001.3
2016-08-09 02:00:00,17.2,87,7.0,0.0,1001.3
2016-08-09 03:00:00,16.9,90,7.0,0.0,1001.0
2016-08-09 04:00:00,16.4,92,6.6,0.0,1001.1
2016-08-09 05:00:00,16.0,93,6.5,0.0,1001.4
2016-08-09 06:00:00,16.7,94,7.3,61.0,1001.1
2016-08-09 07:00:00,20.0,84,4.0,215.0,1001.7
2016-08-09 08:00:00,22.8,76,2.3,385.0,1001.7
2016-08-09 09:00:00,25.3,66,3.3,560.0,1001.7
2016-08-09 10:00:00,27.1,59,3.6,707.0,1001.6
2016-08-09 11:00:00,28.4,55,5.0,805.0,1001.4
2016-08-09 12:00:00,29.4,54,7.4,851.0,1001.0
2016-08-09 13:00:00,29.9,56,11.0,836.0,1000.3
2016-08-09 14:00:00,30.3,58,12.1,766.0,999.7
2016-08-09 15:00:00,30.0,58,11.2,664.0,999.4
2016-08-09 16:00:00,29.9,60,10.9,506.0,999.1
2016-08-09 17:00:00,29.3,66,9.2,327.0,999.0
2016-08-09 18:00:00,28.1,72,7.7,153.0,999.0
2016-08-09 19:00:00,26.4,78,8.0,28.0,999.6
2016-08-09 20:00:00,25.1,82,9.8,0.0,999.7
2016-08-09 21:00:00,24.2,83,10.0,0.0,1000.5
2016-08-09 22:00:00,23.5,83,11.6,0.0,1000.3
2016-08-09 23:00:00,23.2,83,12.9,0.0,1000.0
2016-08-10 00:00:00,23.0,84,12.7,0.0,999.8
2016-08-10 01:00:00,23.0,86,13.0,0.0,999.7
2016-08-10 02:00:00,23.2,88,14.1,0.0,999.5
2016-08-10 03:00:00,23.7,89,16.0,0.0,999.5
2016-08-10 04:00:00,23.9,89,17.4,0.0,999.7
2016-08-10 05:00:00,24.1,89,18.5,0.0,999.9
2016-08-10 06:00:00,24.5,88,19.6,43.0,1000.3
2016-08-10 07:00:00,25.5,86,18.8,152.0,1000.5
2016-08-10 08:00:00,26.9,81,23.2,308.0,1000.3
2016-08-10 09:00:00,28.3,76,26.6,474.0,1000.3
2016-08-10 10:00:00,29.6,71,24.8,586.0,1000.0
2016-08-10 11:00:00,29.9,70,25.3,417.0,999.7
2016-08-10 12:00:00,30.5,69,27.1,446.0,999.5
2016-08-10 13:00:00,31.0,66,26.4,521.0,998.8
2016-08-10 14:00:00,31.4,65,26.5,579.0,998.4
2016-08-10 15:00:00,31.3,66,26.7,484.0,998.0
2016-08-10 16:00:00,31.1,69,24.1,432.0,998.1
2016-08-10 17:00:00,30.6,72,22.6,292.0,997.9
2016-08-10 18:00:00,29.6,74,20.2,140.0,997.9
2016-08-10 19:00:00,28.6,76,19.3,23.0,998.4
2016-08-10 20:00:00,27.9,78,19.7,0.0,999.0
2016-08-10 21:00:00,27.3,80,19.1,0.0,999.1
2016-08-10 22:00:00,26.9,81,19.5,0.0,999.5
2016-08-10 23:00:00,26.5,82,19.2,0.0,999.5
2016-08-11 00:00:00,26.1,82,19.0,0.0,999.5
2016-08-11 01:00:00,25.8,82,19.2,0.0,999.1
2016-08-11 02:00:00,25.5,82,19.8,0.0,999.1
2016-08-11 03:00:00,25.7,80,20.2,0.0,999.3
2016-08-11 04:00:00,25.6,80,20.9,0.0,999.3
2016-08-11 05:00:00,25.5,80,21.2,0.0,999.5
2016-08-11 06:00:00,25.8,80,22.0,47.0,999.8
2016-08-11 07:00:00,26.8,79,21.3,174.0,999.9
2016-08-11 08:00:00,28.1,76,23.5,333.0,999.8
2016-08-11 09:00:00,29.5,73,26.4,501.0,999.6
2016-08-11 10:00:00,30.7,71,27.9,645.0,999.5
2016-08-11 11:00:00,31.7,67,30.9,721.0,999.1
2016-08-11 12:00:00,32.3,65,29.6,748.0,998.9
2016-08-11 13:00:00,32.5,64,29.9,711.0,998.2
2016-08-11 14:00:00,32.7,63,29.0,717.0,998.1
2016-08-11 15:00:00,32.1,65,26.5,502.0,997.6
2016-08-11 16:00:00,31.9,67,24.3,453.0,997.8
2016-08-11 17:00:00,31.2,70,22.9,284.0,997.4
2016-08-11 18:00:00,30.2,72,20.2,136.0,998.0
2016-08-11 19:00:00,29.3,73,19.7,22.0,998.8
2016-08-11 20:00:00,28.7,75,19.3,0.0,998.8
2016-08-11 21:00:00,28.2,76,18.9,0.0,998.8
2016-08-11 22:00:00,27.8,77,19.4,0.0,998.9
2016-08-11 23:00:00,27.5,78,19.4,0.0,998.8
2016-08-12 00:00:00,27.2,79,19.5,0.0,998.5
2016-08-12 01:00:00,26.8,79,19.4,0.0,998.1
2016-08-12 02:00:00,26.6,79,18.6,0.0,997.9
2016-08-12 03:00:00,26.3,81,18.8,0.0,997.9
2016-08-12 04:00:00,26.1,81,19.1,0.0,998.0
2016-08-12 05:00:00,26.0,82,19.2,0.0,997.9
2016-08-12 06:00:00,26.2,83,18.8,44.0,998.3
2016-08-12 07:00:00,27.1,83,18.1,145.0,998.6
2016-08-12 08:00:00,28.2,81,20.7,243.0,998.1
2016-08-12 09:00:00,29.4,79,24.9,394.0,997.8
2016-08-12 10:00:00,30.5,75,24.9,416.0,997.7
2016-08-12 11:00:00,31.2,74,22.7,446.0,997.5
2016-08-12 12:00:00,31.2,72,24.5,589.0,997.3
2016-08-12 13:00:00,31.4,74,21.5,512.0,996.9
2016-08-12 14:00:00,31.7,73,20.2,448.0,996.1
2016-08-12 15:00:00,30.3,76,17.6,356.0,996.0
2016-08-12 16:00:00,30.0,79,9.7,207.0,995.9
2016-08-12 17:00:00,29.1,81,7.6,151.0,996.1
2016-08-12 18:00:00,27.6,87,9.8,64.0,995.9
2016-08-12 19:00:00,26.1,92,10.3,10.0,996.8
2016-08-12 20:00:00,25.5,94,10.5,0.0,996.9
2016-08-12 21:00:00,25.4,95,12.5,0.0,996.9
2016-08-12 22:00:00,25.4,96,14.7,0.0,997.3
2016-08-12 23:00:00,25.2,97,13.9,0.0,997.1
2016-08-13 00:00:00,25.2,97,13.7,0.0,996.8
2016-08-13 01:00:00,25.2,97,11.9,0.0,996.5
2016-08-13 02:00:00,25.2,98,11.3,0.0,996.2
2016-08-13 03:00:00,25.0,97,10.7,0.0,995.9
2016-08-13 04:00:00,25.1,97,10.1,0.0,995.9
2016-08-13 05:00:00,25.0,99,9.6,0.0,996.4
2016-08-13 06:00:00,25.2,99,10.2,9.0,996.0
2016-08-13 07:00:00,25.8,96,10.2,39.0,997.1
2016-08-13 08:00:00,26.3,97,9.5,84.0,997.0
2016-08-13 09:00:00,27.0,93,9.2,147.0,997.2
2016-08-13 10:00:00,28.3,88,10.8,375.0,997.0
2016-08-13 11:00:00,29.3,82,11.9,460.0,996.6
2016-08-13 12:00:00,30.4,73,11.5,607.0,996.5
2016-08-13 13:00:00,31.4,68,10.9,709.0,995.8
2016-08-13 14:00:00,32.1,61,11.0,714.0,995.4
2016-08-13 15:00:00,31.9,59,11.5,614.0,995.4
2016-08-13 16:00:00,31.7,60,10.8,479.0,995.3
2016-08-13 17:00:00,30.9,67,8.1,256.0,995.5
2016-08-13 18:00:00,29.7,73,6.2,93.0,995.5
2016-08-13 19:00:00,28.4,79,6.9,20.0,996.5
2016-08-13 20:00:00,27.2,83,7.8,0.0,996.6
2016-08-13 21:00:00,26.2,87,9.0,0.0,996.7
2016-08-13 22:00:00,25.7,90,10.1,0.0,997.1
2016-08-13 23:00:00,25.3,93,10.1,0.0,996.9
2016-08-14 00:00:00,24.7,95,8.2,0.0,997.0
2016-08-14 01:00:00,24.2,97,6.2,0.0,997.1
2016-08-14 02:00:00,23.6,99,6.1,0.0,997.1
2016-08-14 03:00:00,23.1,100,6.4,0.0,997.4
2016-08-14 04:00:00,23.1,100,6.0,0.0,997.6
2016-08-14 05:00:00,23.1,99,5.4,0.0,998.4
2016-08-14 06:00:00,23.0,95,5.6,29.0,998.4
2016-08-14 07:00:00,23.5,86,7.4,154.0,999.3
2016-08-14 08:00:00,24.4,74,8.9,303.0,999.4
2016-08-14 09:00:00,25.7,66,10.1,510.0,999.8
2016-08-14 10:00:00,27.1,60,11.2,670.0,999.8
2016-08-14 11:00:00,28.2,57,10.4,784.0,999.5
2016-08-14 12:00:00,29.1,54,10.5,839.0,999.6
2016-08-14 13:00:00,29.6,51,11.3,832.0,999.2
2016-08-14 14:00:00,29.8,50,12.4,767.0,998.7
2016-08-14 15:00:00,29.9,47,13.0,654.0,998.5
2016-08-14 16:00:00,29.5,50,12.4,498.0,998.4
2016-08-14 17:00:00,28.7,56,9.0,319.0,998.1
2016-08-14 18:00:00,27.5,63,6.3,144.0,998.7
2016-08-14 19:00:00,25.9,70,9.4,21.0,999.0
2016-08-14 20:00:00,24.1,81,9.1,0.0,999.2
2016-08-14 21:00:00,23.8,77,7.3,0.0,999.1
2016-08-14 22:00:00,23.5,76,6.5,0.0,999.1
2016-08-14 23:00:00,22.3,82,6.8,0.0,999.1
2016-08-15 00:00:00,21.5,85,6.4,0.0,998.8
2016-08-15 01:00:00,20.7,89,5.5,0.0,998.8
2016-08-15 02:00:00,20.1,91,5.9,0.0,998.7
2016-08-15 03:00:00,19.8,91,6.3,0.0,998.4
2016-08-15 04:00:00,19.5,92,6.7,0.0,998.4
2016-08-15 05:00:00,19.3,91,6.4,0.0,998.5
2016-08-15 06:00:00,20.3,88,5.5,45.0,998.9
2016-08-15 07:00:00,22.0,85,2.9,149.0,999.1
2016-08-15 08:00:00,23.7,78,2.0,252.0,999.2
2016-08-15 09:00:00,25.9,67,2.6,474.0,998.8
2016-08-15 10:00:00,27.5,60,4.1,666.0,998.9
2016-08-15 11:00:00,28.5,56,5.8,772.0,998.6
2016-08-15 12:00:00,29.2,54,7.2,825.0,997.9
2016-08-15 13:00:00,29.6,51,7.6,805.0,997.4
2016-08-15 14:00:00,29.7,49,8.1,678.0,997.0
2016-08-15 15:00:00,29.4,48,8.9,514.0,996.7
2016-08-15 16:00:00,29.2,49,9.2,429.0,996.6
2016-08-15 17:00:00,28.5,57,7.3,273.0,996.4
2016-08-15 18:00:00,27.2,64,5.8,109.0,996.6
2016-08-15 19:00:00,25.4,70,6.8,17.0,997.2
2016-08-15 20:00:00,24.1,75,6.8,0.0,997.5
2016-08-15 21:00:00,23.1,77,6.5,0.0,997.4
2016-08-15 22:00:00,22.2,80,7.0,0.0,997.5
2016-08-15 23:00:00,21.5,83,7.1,0.0,997.4
2016-08-16 00:00:00,20.8,86,8.0,0.0,997.2
2016-08-16 01:00:00,20.1,88,7.7,0.0,997.2
2016-08-16 02:00:00,19.5,90,7.7,0.0,997.7
2016-08-16 03:00:00,19.3,92,6.8,0.0,997.6
2016-08-16 04:00:00,18.9,93,6.6,0.0,997.8
2016-08-16 05:00:00,18.7,94,5.7,0.0,998.0
2016-08-16 06:00:00,19.2,94,7.3,46.0,997.8
2016-08-16 07:00:00,22.3,83,4.0,189.0,998.3
2016-08-16 08:00:00,24.6,74,1.8,367.0,998.2
2016-08-16 09:00:00,26.5,64,1.1,538.0,998.3
2016-08-16 10:00:00,27.8,57,3.8,683.0,998.5
2016-08-16 11:00:00,28.8,51,3.7,783.0,998.2
2016-08-16 12:00:00,29.3,48,2.5,836.0,997.6
2016-08-16 13:00:00,29.8,47,1.5,825.0,997.1
2016-08-16 14:00:00,30.0,46,1.8,747.0,996.6
2016-08-16 15:00:00,30.1,46,4.0,617.0,996.5
2016-08-16 16:00:00,30.0,46,7.7,456.0,996.5
2016-08-16 17:00:00,29.4,52,3.8,269.0,996.4
2016-08-16 18:00:00,28.1,63,6.3,126.0,995.8
2016-08-16 19:00:00,26.7,71,7.7,17.0,996.6
2016-08-16 20:00:00,25.1,78,7.2,0.0,996.3
2016-08-16 21:00:00,23.9,82,6.8,0.0,996.8
2016-08-16 22:00:00,23.1,85,7.0,0.0,996.6
2016-08-16 23:00:00,22.5,87,5.9,0.0,996.9
2016-08-17 00:00:00,22.8,82,3.9,0.0,997.0
2016-08-17 01:00:00,21.9,86,7.8,0.0,997.0
2016-08-17 02:00:00,21.5,88,8.6,0.0,997.2
2016-08-17 03:00:00,21.1,86,7.5,0.0,997.1
2016-08-17 04:00:00,20.8,88,6.4,0.0,997.6
2016-08-17 05:00:00,20.4,89,7.2,0.0,997.4
2016-08-17 06:00:00,20.9,89,6.6,41.0,997.9
2016-08-17 07:00:00,22.8,82,2.3,152.0,998.1
2016-08-17 08:00:00,24.2,78,1.3,297.0,998.1
2016-08-17 09:00:00,25.6,74,4.3,454.0,998.1
2016-08-17 10:00:00,26.8,70,5.4,557.0,998.2
2016-08-17 11:00:00,28.0,65,4.3,715.0,998.2
2016-08-17 12:00:00,29.0,61,3.3,797.0,997.8
2016-08-17 13:00:00,29.7,55,2.3,781.0,997.2
2016-08-17 14:00:00,30.2,51,1.8,745.0,996.6
2016-08-17 15:00:00,29.9,51,1.5,620.0,996.3
2016-08-17 16:00:00,29.9,50,1.1,458.0,996.2
2016-08-17 17:00:00,29.6,51,0.8,263.0,996.3
2016-08-17 18:00:00,28.5,61,2.5,112.0,996.0
2016-08-17 19:00:00,27.4,69,3.9,14.0,996.3
2016-08-17 20:00:00,25.9,77,5.4,0.0,997.0
2016-08-17 21:00:00,24.9,80,5.2,0.0,996.7
2016-08-17 22:00:00,23.8,84,5.7,0.0,997.4
2016-08-17 23:00:00,23.2,85,6.4,0.0,997.1
2016-08-18 00:00:00,22.7,86,6.5,0.0,997.1
2016-08-18 01:00:00,22.4,87,6.7,0.0,996.9
2016-08-18 02:00:00,22.1,88,7.2,0.0,996.9
2016-08-18 03:00:00,22.0,89,7.2,0.0,997.2
2016-08-18 04:00:00,21.9,90,6.3,0.0,997.0
2016-08-18 05:00:00,21.8,90,6.6,0.0,997.1
2016-08-18 06:00:00,22.1,89,7.6,30.0,997.8
2016-08-18 07:00:00,23.7,84,6.8,122.0,998.1
2016-08-18 08:00:00,25.1,78,6.2,173.0,998.3
2016-08-18 09:00:00,26.2,74,5.6,228.0,998.1
2016-08-18 10:00:00,27.1,70,7.1,278.0,998.5
2016-08-18 11:00:00,27.0,70,9.8,239.0,998.6
2016-08-18 12:00:00,26.1,70,8.4,177.0,998.5
2016-08-18 13:00:00,24.9,76,6.1,148.0,998.5
2016-08-18 14:00:00,24.5,76,8.2,155.0,998.4
2016-08-18 15:00:00,23.8,82,9.4,78.0,998.5
2016-08-18 16:00:00,23.2,85,10.2,55.0,998.6
2016-08-18 17:00:00,22.7,85,10.1,37.0,998.9
2016-08-18 18:00:00,22.2,86,8.8,20.0,999.0
2016-08-18 19:00:00,21.8,85,10.1,2.0,999.3
2016-08-18 20:00:00,21.5,86,11.4,0.0,999.3
2016-08-18 21:00:00,21.4,86,12.0,0.0,999.3
2016-08-18 22:00:00,21.2,86,10.7,0.0,999.0
2016-08-18 23:00:00,21.3,86,9.8,0.0,998.9
2016-08-19 00:00:00,21.1,88,8.9,0.0,998.9
2016-08-19 01:00:00,21.0,89,7.9,0.0,998.7
2016-08-19 02:00:00,21.1,89,7.5,0.0,998.4
2016-08-19 03:00:00,20.9,89,6.6,0.0,998.2
2016-08-19 04:00:00,20.7,90,7.4,0.0,998.5
2016-08-19 05:00:00,20.6,91,9.0,0.0,998.3
2016-08-19 06:00:00,20.8,90,9.4,15.0,998.9
2016-08-19 07:00:00,21.6,89,11.0,71.0,998.9
2016-08-19 08:00:00,22.7,84,10.0,177.0,999.4
2016-08-19 09:00:00,24.0,78,10.4,302.0,999.4
2016-08-19 10:00:00,25.4,72,10.7,491.0,1000.2
2016-08-19 11:00:00,26.4,69,12.0,555.0,999.9
2016-08-19 12:00:00,26.9,67,12.3,531.0,999.9
2016-08-19 13:00:00,26.8,67,12.7,384.0,999.7
2016-08-19 14:00:00,26.6,68,13.0,235.0,999.3
2016-08-19 15:00:00,25.2,72,12.4,185.0,999.8
2016-08-19 16:00:00,24.7,76,10.4,86.0,999.7
2016-08-19 17:00:00,24.3,79,9.2,63.0,1000.1
2016-08-19 18:00:00,23.8,82,9.2,23.0,1000.2
2016-08-19 19:00:00,23.3,84,8.6,2.0,1000.8
2016-08-19 20:00:00,23.1,85,7.6,0.0,1001.2
2016-08-19 21:00:00,22.9,86,6.0,0.0,1001.4
2016-08-19 22:00:00,22.7,87,6.1,0.0,1001.5
2016-08-19 23:00:00,22.6,88,7.2,0.0,1001.4
2016-08-20 00:00:00,22.5,88,8.3,0.0,1001.5
2016-08-20 01:00:00,22.2,88,8.8,0.0,1001.4
2016-08-20 02:00:00,22.0,89,8.7,0.0,1001.3
2016-08-20 03:00:00,20.5,93,8.7,0.0,1001.1
2016-08-20 04:00:00,20.4,93,9.1,0.0,1001.7
2016-08-20 05:00:00,20.3,93,9.7,0.0,1001.6
2016-08-20 06:00:00,20.5,92,11.9,25.0,1001.9
2016-08-20 07:00:00,21.6,88,11.5,115.0,1001.8
2016-08-20 08:00:00,23.0,84,10.8,239.0,1001.7
2016-08-20 09:00:00,24.4,79,11.1,373.0,1001.7
2016-08-20 10:00:00,25.8,73,11.3,499.0,1001.6
2016-08-20 11:00:00,27.1,67,13.2,641.0,1001.6
2016-08-20 12:00:00,28.2,62,13.0,741.0,1000.8
2016-08-20 13:00:00,28.6,60,11.7,589.0,1000.3
2016-08-20 14:00:00,28.7,60,9.7,348.0,1000.0
2016-08-20 15:00:00,28.7,58,9.9,362.0,999.7
2016-08-20 16:00:00,28.8,58,8.7,405.0,999.4
2016-08-20 17:00:00,28.5,61,5.4,269.0,999.2
2016-08-20 18:00:00,27.5,68,5.4,112.0,999.1
2016-08-20 19:00:00,25.8,75,6.5,12.0,999.6
2016-08-20 20:00:00,24.2,81,6.5,0.0,999.8
2016-08-20 21:00:00,23.1,84,7.1,0.0,1000.0
2016-08-20 22:00:00,22.4,86,7.8,0.0,999.9
2016-08-20 23:00:00,21.7,88,7.1,0.0,999.9
2016-08-21 00:00:00,21.2,89,6.4,0.0,1000.0
2016-08-21 01:00:00,20.8,91,6.2,0.0,999.7
2016-08-21 02:00:00,20.3,93,5.9,0.0,999.8
2016-08-21 03:00:00,19.9,95,6.0,0.0,1000.3
2016-08-21 04:00:00,19.6,96,6.6,0.0,1000.6
2016-08-21 05:00:00,19.4,97,7.2,0.0,1001.3
2016-08-21 06:00:00,19.8,96,8.1,33.0,1001.7
2016-08-21 07:00:00,21.5,89,7.6,157.0,1002.1
2016-08-21 08:00:00,23.7,81,9.1,329.0,1002.4
2016-08-21 09:00:00,25.6,73,11.3,511.0,1002.5
2016-08-21 10:00:00,27.2,63,13.6,667.0,1002.8
2016-08-21 11:00:00,28.1,57,13.7,767.0,1002.4
2016-08-21 12:00:00,28.7,52,13.6,811.0,1002.0
2016-08-21 13:00:00,29.1,50,13.1,805.0,1001.7
2016-08-21 14:00:00,29.4,49,13.7,738.0,1001.5
2016-08-21 15:00:00,29.7,48,13.3,631.0,1001.6
2016-08-21 16:00:00,29.3,50,11.5,469.0,1001.4
2016-08-21 17:00:00,28.6,58,8.3,292.0,1001.8
2016-08-21 18:00:00,27.2,64,6.6,122.0,1001.8
2016-08-21 19:00:00,25.3,71,7.6,12.0,1002.0
2016-08-21 20:00:00,23.8,75,7.7,0.0,1002.8
2016-08-21 21:00:00,22.7,78,7.3,0.0,1002.9
2016-08-21 22:00:00,21.9,81,7.1,0.0,1003.4
2016-08-21 23:00:00,21.0,84,6.9,0.0,1003.4
2016-08-22 00:00:00,20.3,87,6.6,0.0,1003.0
2016-08-22 01:00:00,19.6,89,7.5,0.0,1003.0
2016-08-22 02:00:00,19.0,91,8.2,0.0,1003.1
2016-08-22 03:00:00,18.6,92,7.6,0.0,1003.4
2016-08-22 04:00:00,18.2,93,5.9,0.0,1003.5
2016-08-22 05:00:00,17.9,93,6.8,0.0,1003.9
2016-08-22 06:00:00,18.3,91,9.2,37.0,1004.2
2016-08-22 07:00:00,20.8,81,7.6,179.0,1004.4
2016-08-22 08:00:00,23.0,73,7.6,358.0,1005.0
2016-08-22 09:00:00,24.9,65,9.1,532.0,1005.1
2016-08-22 10:00:00,26.4,59,10.9,677.0,1004.8
2016-08-22 11:00:00,27.5,54,13.2,778.0,1004.5
2016-08-22 12:00:00,28.1,50,14.5,826.0,1004.1
2016-08-22 13:00:00,28.6,49,15.2,819.0,1003.5
2016-08-22 14:00:00,28.7,48,15.5,749.0,1003.1
2016-08-22 15:00:00,28.9,48,15.5,621.0,1002.6
2016-08-22 16:00:00,28.5,50,14.4,469.0,1002.5
2016-08-22 17:00:00,27.7,56,10.4,291.0,1002.7
2016-08-22 18:00:00,26.2,63,7.6,117.0,1002.4
2016-08-22 19:00:00,24.4,69,7.5,10.0,1002.7
2016-08-22 20:00:00,23.0,74,7.9,0.0,1002.7
2016-08-22 21:00:00,21.9,79,7.7,0.0,1002.7
2016-08-22 22:00:00,21.1,82,7.9,0.0,1002.9
2016-08-22 23:00:00,20.6,84,7.4,0.0,1002.8
2016-08-23 00:00:00,20.3,86,6.8,0.0,1002.6
2016-08-23 01:00:00,19.9,87,5.9,0.0,1002.4
2016-08-23 02:00:00,19.6,89,5.1,0.0,1002.3
2016-08-23 03:00:00,19.4,91,5.2,0.0,1002.0
2016-08-23 04:00:00,19.2,92,5.0,0.0,1002.0
2016-08-23 05:00:00,19.0,93,5.0,0.0,1002.0
2016-08-23 06:00:00,19.4,93,4.8,26.0,1001.8
2016-08-23 07:00:00,21.7,84,2.2,154.0,1002.2
2016-08-23 08:00:00,24.0,75,3.6,326.0,1002.2
2016-08-23 09:00:00,25.9,65,3.0,501.0,1002.0
2016-08-23 10:00:00,26.9,58,3.8,575.0,1001.8
2016-08-23 11:00:00,27.5,54,3.6,610.0,1001.5
2016-08-23 12:00:00,27.8,52,3.4,565.0,1000.8
2016-08-23 13:00:00,28.0,50,2.3,530.0,1000.1
2016-08-23 14:00:00,28.2,49,1.8,516.0,999.7
2016-08-23 15:00:00,28.2,50,0.7,428.0,999.0
2016-08-23 16:00:00,27.8,52,0.5,227.0,998.6
2016-08-23 17:00:00,27.4,57,2.1,191.0,998.5
2016-08-23 18:00:00,26.5,66,4.2,70.0,998.5
2016-08-23 19:00:00,25.5,73,3.6,5.0,999.2
2016-08-23 20:00:00,24.4,80,5.0,0.0,998.8
2016-08-23 21:00:00,23.6,81,6.8,0.0,998.6
2016-08-23 22:00:00,22.6,84,8.0,0.0,998.6
2016-08-23 23:00:00,22.2,84,8.6,0.0,997.9
2016-08-24 00:00:00,21.7,86,9.5,0.0,997.9
2016-08-24 01:00:00,21.4,87,10.0,0.0,997.6
2016-08-24 02:00:00,21.4,86,8.8,0.0,997.8
2016-08-24 03:00:00,22.2,78,9.4,0.0,997.5
2016-08-24 04:00:00,22.5,76,10.4,0.0,997.8
2016-08-24 05:00:00,22.7,75,11.9,0.0,997.8
2016-08-24 06:00:00,23.0,73,11.3,4.0,998.4
2016-08-24 07:00:00,23.3,72,12.7,17.0,998.3
2016-08-24 08:00:00,23.9,69,12.8,38.0,998.7
2016-08-24 09:00:00,24.6,66,13.3,103.0,998.6
2016-08-24 10:00:00,25.6,60,14.0,259.0,998.5
2016-08-24 11:00:00,26.6,56,15.8,451.0,998.5
2016-08-24 12:00:00,27.3,56,16.8,555.0,998.2
2016-08-24 13:00:00,27.7,57,16.8,570.0,998.0
2016-08-24 14:00:00,27.9,58,17.8,550.0,997.6
2016-08-24 15:00:00,27.5,60,16.3,331.0,997.3
2016-08-24 16:00:00,27.3,62,13.0,279.0,997.2
2016-08-24 17:00:00,26.7,67,11.0,162.0,997.4
2016-08-24 18:00:00,25.8,71,9.3,73.0,997.7
2016-08-24 19:00:00,24.7,74,8.7,6.0,998.4
2016-08-24 20:00:00,24.1,76,8.7,0.0,998.4
2016-08-24 21:00:00,23.5,79,8.3,0.0,998.6
2016-08-24 22:00:00,22.9,81,8.3,0.0,997.9
2016-08-24 23:00:00,22.4,84,7.2,0.0,997.5
2016-08-25 00:00:00,22.2,85,6.9,0.0,997.4
2016-08-25 01:00:00,22.3,85,6.0,0.0,997.1
2016-08-25 02:00:00,22.3,85,6.8,0.0,997.1
2016-08-25 03:00:00,21.6,89,5.5,0.0,996.8
2016-08-25 04:00:00,21.4,89,9.2,0.0,997.5
2016-08-25 05:00:00,20.1,89,21.9,0.0,998.2
2016-08-25 06:00:00,18.5,88,29.3,3.0,1000.4
2016-08-25 07:00:00,18.3,87,28.6,22.0,1001.0
2016-08-25 08:00:00,18.3,85,25.1,17.0,1002.1
2016-08-25 09:00:00,18.1,85,22.1,35.0,1002.9
2016-08-25 10:00:00,18.3,82,19.5,66.0,1003.6
2016-08-25 11:00:00,18.3,81,16.9,96.0,1004.3
2016-08-25 12:00:00,18.3,80,13.9,92.0,1004.3
2016-08-25 13:00:00,18.6,79,12.5,93.0,1003.9
2016-08-25 14:00:00,19.7,70,11.5,240.0,1003.9
2016-08-25 15:00:00,21.3,62,13.4,478.0,1003.5
2016-08-25 16:00:00,22.4,52,16.0,445.0,1003.2
2016-08-25 17:00:00,22.1,51,12.3,234.0,1003.7
2016-08-25 18:00:00,20.8,52,11.6,98.0,1004.2
2016-08-25 19:00:00,18.9,53,12.3,7.0,1004.3
2016-08-25 20:00:00,17.5,56,12.2,0.0,1005.3
2016-08-25 21:00:00,16.4,60,10.8,0.0,1005.7
2016-08-25 22:00:00,15.4,64,8.9,0.0,1006.0
2016-08-25 23:00:00,14.6,68,7.8,0.0,1006.4
2016-08-26 00:00:00,13.8,72,7.2,0.0,1006.5
2016-08-26 01:00:00,13.0,76,8.1,0.0,1006.6
2016-08-26 02:00:00,12.4,79,8.6,0.0,1006.4
2016-08-26 03:00:00,11.8,86,8.4,0.0,1006.4
2016-08-26 04:00:00,11.6,86,7.3,0.0,1006.6
2016-08-26 05:00:00,11.7,85,6.5,0.0,1007.0
2016-08-26 06:00:00,12.3,84,4.0,34.0,1007.4
2016-08-26 07:00:00,15.2,77,2.7,183.0,1007.9
2016-08-26 08:00:00,18.0,64,0.5,372.0,1008.0
2016-08-26 09:00:00,20.1,57,1.1,553.0,1007.7
2016-08-26 10:00:00,21.8,51,2.1,702.0,1008.1
2016-08-26 11:00:00,23.1,48,4.1,803.0,1007.5
2016-08-26 12:00:00,24.2,46,6.3,849.0,1007.2
2016-08-26 13:00:00,25.0,44,8.6,834.0,1006.9
2016-08-26 14:00:00,25.4,41,10.4,761.0,1006.5
2016-08-26 15:00:00,25.4,41,12.0,636.0,1006.0
2016-08-26 16:00:00,25.2,41,12.0,473.0,1006.0
2016-08-26 17:00:00,24.3,49,8.3,288.0,1006.3
2016-08-26 18:00:00,22.7,57,7.2,110.0,1006.0
2016-08-26 19:00:00,20.7,64,9.3,7.0,1006.5
2016-08-26 20:00:00,19.1,70,9.5,0.0,1006.7
2016-08-26 21:00:00,17.8,74,8.9,0.0,1006.9
2016-08-26 22:00:00,16.8,77,8.2,0.0,1006.7
2016-08-26 23:00:00,15.9,79,7.6,0.0,1006.2
2016-08-27 00:00:00,15.2,81,7.0,0.0,1006.2
2016-08-27 01:00:00,14.5,84,6.5,0.0,1006.1
2016-08-27 02:00:00,14.0,86,6.5,0.0,1005.9
2016-08-27 03:00:00,13.5,90,6.6,0.0,1006.1
2016-08-27 04:00:00,13.0,92,6.2,0.0,1005.9
2016-08-27 05:00:00,12.5,93,5.9,0.0,1006.2
2016-08-27 06:00:00,12.8,93,7.1,32.0,1006.5
2016-08-27 07:00:00,16.1,84,3.9,175.0,1006.5
2016-08-27 08:00:00,19.4,73,2.1,360.0,1006.3
2016-08-27 09:00:00,22.0,61,0.5,538.0,1005.7
2016-08-27 10:00:00,23.7,49,1.5,685.0,1005.6
2016-08-27 11:00:00,24.6,44,3.2,787.0,1005.1
2016-08-27 12:00:00,25.2,43,4.7,831.0,1004.6
2016-08-27 13:00:00,25.6,42,5.4,818.0,1003.7
2016-08-27 14:00:00,25.8,42,5.7,751.0,1003.3
2016-08-27 15:00:00,25.9,42,5.5,620.0,1002.9
2016-08-27 16:00:00,25.8,42,5.2,460.0,1002.6
2016-08-27 17:00:00,25.3,46,3.8,276.0,1002.7
2016-08-27 18:00:00,24.2,55,8.9,102.0,1001.9
2016-08-27 19:00:00,22.0,72,7.2,6.0,1002.9
2016-08-27 20:00:00,20.3,76,9.0,0.0,1003.5
2016-08-27 21:00:00,19.1,78,11.5,0.0,1003.1
2016-08-27 22:00:00,18.1,80,12.0,0.0,1003.3
2016-08-27 23:00:00,17.6,81,8.5,0.0,1003.1
2016-08-28 00:00:00,17.1,83,7.9,0.0,1002.9
2016-08-28 01:00:00,16.5,84,7.2,0.0,1003.0
2016-08-28 02:00:00,16.0,85,6.4,0.0,1002.8
2016-08-28 03:00:00,15.2,88,6.0,0.0,1003.0
2016-08-28 04:00:00,14.7,91,6.0,0.0,1003.1
2016-08-28 05:00:00,14.3,92,6.1,0.0,1003.2
2016-08-28 06:00:00,14.4,93,8.9,29.0,1003.5
2016-08-28 07:00:00,17.0,84,6.1,168.0,1003.7
2016-08-28 08:00:00,19.5,74,5.6,350.0,1003.7
2016-08-28 09:00:00,21.8,66,6.5,529.0,1003.5
2016-08-28 10:00:00,23.8,58,8.8,675.0,1003.4
2016-08-28 11:00:00,25.2,46,12.1,760.0,1002.9
2016-08-28 12:00:00,25.6,43,13.9,686.0,1002.4
2016-08-28 13:00:00,25.9,42,14.9,688.0,1001.7
2016-08-28 14:00:00,25.9,42,15.5,536.0,1001.2
2016-08-28 15:00:00,26.3,41,16.2,524.0,1000.9
2016-08-28 16:00:00,25.9,43,15.2,404.0,1000.9
2016-08-28 17:00:00,25.1,49,12.0,241.0,1001.4
2016-08-28 18:00:00,23.3,56,10.5,92.0,1001.2
2016-08-28 19:00:00,21.5,61,11.2,5.0,1002.1
2016-08-28 20:00:00,20.5,63,12.0,0.0,1002.4
2016-08-28 21:00:00,19.6,64,12.2,0.0,1002.5
2016-08-28 22:00:00,18.8,66,12.2,0.0,1002.7
2016-08-28 23:00:00,18.2,69,11.8,0.0,1002.5
2016-08-29 00:00:00,17.5,71,11.8,0.0,1002.5
2016-08-29 01:00:00,17.0,73,11.3,0.0,1002.3
2016-08-29 02:00:00,16.6,74,11.4,0.0,1002.4
2016-08-29 03:00:00,16.1,76,11.3,0.0,1002.6
2016-08-29 04:00:00,15.8,77,11.9,0.0,1003.1
2016-08-29 05:00:00,15.6,78,12.9,0.0,1003.4
2016-08-29 06:00:00,16.0,78,15.4,28.0,1003.5
2016-08-29 07:00:00,17.8,74,16.5,164.0,1003.3
2016-08-29 08:00:00,19.9,67,18.9,345.0,1003.9
2016-08-29 09:00:00,21.6,63,20.5,521.0,1003.4
2016-08-29 10:00:00,23.3,59,22.1,669.0,1003.2
2016-08-29 11:00:00,24.5,55,26.8,721.0,1002.8
2016-08-29 12:00:00,24.9,49,30.5,622.0,1002.2
2016-08-29 13:00:00,25.1,47,30.8,617.0,1001.7
2016-08-29 14:00:00,25.3,46,30.1,564.0,1001.1
2016-08-29 15:00:00,25.3,46,28.7,545.0,1000.8
2016-08-29 16:00:00,24.7,50,25.4,321.0,1000.7
2016-08-29 17:00:00,24.0,54,23.0,215.0,1000.9
2016-08-29 18:00:00,23.0,56,21.5,77.0,1000.6
2016-08-29 19:00:00,22.2,57,21.7,3.0,1001.1
2016-08-29 20:00:00,21.4,58,22.0,0.0,1001.1
2016-08-29 21:00:00,20.6,58,22.3,0.0,1000.7
2016-08-29 22:00:00,19.9,58,23.1,0.0,1000.4
2016-08-29 23:00:00,19.2,58,23.0,0.0,1000.0
2016-08-30 00:00:00,18.6,58,23.1,0.0,999.8
2016-08-30 01:00:00,18.0,58,22.5,0.0,998.9
2016-08-30 02:00:00,17.5,58,21.6,0.0,998.6
2016-08-30 03:00:00,16.8,60,20.2,0.0,998.5
2016-08-30 04:00:00,16.3,61,20.0,0.0,998.3
2016-08-30 05:00:00,16.0,61,20.8,0.0,998.4
2016-08-30 06:00:00,15.9,61,21.0,21.0,998.3
2016-08-30 07:00:00,16.6,61,20.8,133.0,997.4
2016-08-30 08:00:00,17.5,59,24.9,247.0,997.4
2016-08-30 09:00:00,18.5,58,26.1,361.0,997.1
2016-08-30 10:00:00,19.2,58,27.1,411.0,996.1
2016-08-30 11:00:00,19.9,57,28.9,439.0,995.3
2016-08-30 12:00:00,20.4,56,31.7,414.0,994.7
2016-08-30 13:00:00,20.9,55,31.0,435.0,994.3
2016-08-30 14:00:00,20.4,57,26.3,315.0,993.5
2016-08-30 15:00:00,19.3,65,22.3,136.0,992.9
2016-08-30 16:00:00,18.6,71,19.9,117.0,992.6
2016-08-30 17:00:00,17.5,77,23.2,39.0,992.2
2016-08-30 18:00:00,16.6,81,21.5,6.0,992.1
2016-08-30 19:00:00,16.1,84,23.6,0.0,991.9
2016-08-30 20:00:00,15.8,85,24.5,0.0,991.5
2016-08-30 21:00:00,15.6,85,25.2,0.0,990.4
2016-08-30 22:00:00,15.2,89,25.7,0.0,990.1
2016-08-30 23:00:00,15.0,90,27.2,0.0,988.4
2016-08-31 00:00:00,14.7,91,28.4,0.0,987.5
2016-08-31 01:00:00,14.5,91,28.6,0.0,986.6
2016-08-31 02:00:00,14.3,91,27.6,0.0,985.6
2016-08-31 03:00:00,14.0,91,27.9,0.0,984.7
2016-08-31 04:00:00,13.9,92,27.7,0.0,983.6
2016-08-31 05:00:00,13.8,93,27.7,0.0,983.2
2016-08-31 06:00:00,13.8,93,25.6,1.0,983.3
2016-08-31 07:00:00,13.8,93,25.4,4.0,983.2
2016-08-31 08:00:00,13.9,93,24.1,9.0,982.8
2016-08-31 09:00:00,14.0,94,22.5,18.0,982.1
2016-08-31 10:00:00,14.1,94,20.6,23.0,981.7
2016-08-31 11:00:00,14.2,94,21.1,30.0,981.3
2016-08-31 12:00:00,14.3,94,21.5,32.0,980.7
2016-08-31 13:00:00,14.5,94,20.8,27.0,980.2
2016-08-31 14:00:00,14.7,94,20.9,35.0,980.0
2016-08-31 15:00:00,14.3,95,20.8,23.0,980.2
2016-08-31 16:00:00,14.5,94,20.3,27.0,980.2
2016-08-31 17:00:00,14.8,93,19.9,24.0,980.6
2016-08-31 18:00:00,14.9,93,18.6,5.0,981.3
2016-08-31 19:00:00,15.0,93,17.3,0.0,981.6
2016-08-31 20:00:00,15.2,92,15.4,0.0,981.9
2016-08-31 21:00:00,15.4,92,13.5,0.0,981.6
2016-08-31 22:00:00,15.5,92,11.9,0.0,981.8
2016-08-31 23:00:00,15.5,93,11.4,0.0,981.8
2016-09-01 00:00:00,15.5,94,11.3,0.0,982.0
2016-09-01 01:00:00,15.5,94,12.0,0.0,982.3
2016-09-01 02:00:00,15.5,94,12.5,0.0,982.8
2016-09-01 03:00:00,15.4,96,13.9,0.0,982.9
2016-09-01 04:00:00,15.3,95,15.1,0.0,983.4
2016-09-01 05:00:00,15.3,95,15.3,0.0,983.8
2016-09-01 06:00:00,15.2,94,14.7,1.0,985.0
2016-09-01 07:00:00,15.2,94,15.8,6.0,984.9
2016-09-01 08:00:00,15.4,93,15.9,25.0,986.0
2016-09-01 09:00:00,15.7,92,14.9,35.0,986.2
2016-09-01 10:00:00,15.9,92,14.9,48.0,987.0
2016-09-01 11:00:00,16.3,90,16.9,62.0,987.1
2016-09-01 12:00:00,16.7,88,15.4,75.0,987.3
2016-09-01 13:00:00,17.2,84,19.0,109.0,987.5
2016-09-01 14:00:00,17.5,83,16.2,96.0,988.0
2016-09-01 15:00:00,17.4,84,17.9,87.0,988.1
2016-09-01 16:00:00,17.6,84,14.3,86.0,988.9
2016-09-01 17:00:00,17.5,85,14.2,47.0,989.3
2016-09-01 18:00:00,17.4,86,12.5,18.0,989.9
2016-09-01 19:00:00,17.2,87,14.0,1.0,991.3
2016-09-01 20:00:00,16.8,89,14.9,0.0,991.5
2016-09-01 21:00:00,16.9,88,16.2,0.0,992.3
2016-09-01 22:00:00,16.9,88,15.5,0.0,992.7
2016-09-01 23:00:00,16.9,87,15.9,0.0,993.2
2016-09-02 00:00:00,16.9,87,16.2,0.0,993.5
2016-09-02 01:00:00,16.5,88,15.9,0.0,993.6
2016-09-02 02:00:00,16.2,89,15.1,0.0,994.1
2016-09-02 03:00:00,16.9,86,13.0,0.0,994.2
2016-09-02 04:00:00,16.3,88,11.4,0.0,994.8
2016-09-02 05:00:00,16.0,89,11.8,0.0,995.4
2016-09-02 06:00:00,16.2,88,11.5,19.0,996.0
2016-09-02 07:00:00,17.7,84,10.5,130.0,996.2
2016-09-02 08:00:00,19.8,77,10.0,301.0,996.6
2016-09-02 09:00:00,21.7,72,10.7,480.0,996.8
2016-09-02 10:00:00,23.2,67,14.2,576.0,997.2
2016-09-02 11:00:00,24.4,60,17.5,687.0,997.0
2016-09-02 12:00:00,24.7,60,19.7,613.0,996.9
2016-09-02 13:00:00,24.2,66,19.4,471.0,997.2
2016-09-02 14:00:00,23.9,71,16.6,481.0,997.1
2016-09-02 15:00:00,22.5,77,16.8,216.0,997.2
2016-09-02 16:00:00,22.4,77,16.0,161.0,997.5
2016-09-02 17:00:00,22.2,79,13.0,140.0,997.9
2016-09-02 18:00:00,21.5,82,7.4,50.0,997.8
2016-09-02 19:00:00,20.5,86,9.0,1.0,998.7
2016-09-02 20:00:00,19.8,89,11.4,0.0,999.1
2016-09-02 21:00:00,19.5,90,12.2,0.0,999.5
2016-09-02 22:00:00,19.5,90,12.5,0.0,999.7
2016-09-02 23:00:00,19.8,89,13.5,0.0,999.6
2016-09-03 00:00:00,19.7,89,14.8,0.0,1000.1
2016-09-03 01:00:00,19.7,87,15.2,0.0,1000.0
2016-09-03 02:00:00,19.6,87,14.2,0.0,1000.0
2016-09-03 03:00:00,20.0,85,13.0,0.0,1000.2
2016-09-03 04:00:00,20.0,85,12.2,0.0,1000.7
2016-09-03 05:00:00,19.8,85,12.2,0.0,1001.0
2016-09-03 06:00:00,20.0,84,10.4,6.0,1001.7
2016-09-03 07:00:00,20.5,83,11.8,48.0,1001.9
2016-09-03 08:00:00,21.0,82,13.0,86.0,1002.3
2016-09-03 09:00:00,21.5,81,13.0,165.0,1002.1
2016-09-03 10:00:00,21.5,82,12.6,163.0,1002.4
2016-09-03 11:00:00,21.8,82,13.6,247.0,1002.2
2016-09-03 12:00:00,21.8,83,12.0,259.0,1002.3
2016-09-03 13:00:00,22.3,81,11.4,313.0,1002.2
2016-09-03 14:00:00,23.0,79,8.7,328.0,1001.6
2016-09-03 15:00:00,24.6,73,7.6,445.0,1001.5
2016-09-03 16:00:00,24.6,74,11.4,288.0,1002.1
2016-09-03 17:00:00,22.7,83,7.1,129.0,1002.2
2016-09-03 18:00:00,21.3,90,2.1,19.0,1002.3
2016-09-03 19:00:00,20.3,94,4.8,0.0,1002.7
2016-09-03 20:00:00,20.0,95,5.0,0.0,1002.9
2016-09-03 21:00:00,19.7,95,5.7,0.0,1003.0
2016-09-03 22:00:00,19.6,95,5.6,0.0,1003.2
2016-09-03 23:00:00,19.5,95,5.8,0.0,1003.4
2016-09-04 00:00:00,19.2,95,7.2,0.0,1003.7
2016-09-04 01:00:00,18.9,95,7.2,0.0,1003.7
2016-09-04 02:00:00,18.6,95,6.4,0.0,1003.9
2016-09-04 03:00:00,18.5,95,6.5,0.0,1003.8
2016-09-04 04:00:00,18.2,95,6.3,0.0,1004.3
2016-09-04 05:00:00,18.3,95,7.7,0.0,1004.2
2016-09-04 06:00:00,18.5,95,7.4,8.0,1004.5
2016-09-04 07:00:00,19.3,93,7.3,74.0,1004.7
2016-09-04 08:00:00,20.3,89,6.6,152.0,1005.1
2016-09-04 09:00:00,21.5,84,7.2,286.0,1004.9
2016-09-04 10:00:00,22.7,81,6.5,454.0,1004.8
2016-09-04 11:00:00,23.5,77,6.1,457.0,1004.7
2016-09-04 12:00:00,24.7,74,7.2,698.0,1004.3
2016-09-04 13:00:00,25.1,71,8.0,568.0,1004.2
2016-09-04 14:00:00,25.2,68,8.2,450.0,1003.6
2016-09-04 15:00:00,25.1,65,8.7,381.0,1003.6
2016-09-04 16:00:00,24.9,65,7.5,279.0,1002.9
2016-09-04 17:00:00,24.5,69,2.3,152.0,1003.0
2016-09-04 18:00:00,23.8,74,2.4,61.0,1003.3
2016-09-04 19:00:00,22.2,84,5.4,1.0,1003.1
2016-09-04 20:00:00,21.1,88,6.1,0.0,1003.9
2016-09-04 21:00:00,20.3,91,5.1,0.0,1003.8
2016-09-04 22:00:00,19.5,93,5.1,0.0,1003.9
2016-09-04 23:00:00,19.0,94,6.0,0.0,1003.8
2016-09-05 00:00:00,18.8,94,6.2,0.0,1004.0
2016-09-05 01:00:00,18.7,94,6.1,0.0,1003.7
2016-09-05 02:00:00,18.3,95,6.2,0.0,1003.5
2016-09-05 03:00:00,18.2,95,5.7,0.0,1003.3
2016-09-05 04:00:00,17.7,96,6.2,0.0,1003.3
2016-09-05 05:00:00,17.5,97,4.4,0.0,1003.5
2016-09-05 06:00:00,17.6,97,6.8,18.0,1002.9
2016-09-05 07:00:00,19.8,92,7.8,138.0,1003.3
2016-09-05 08:00:00,21.7,85,7.8,304.0,1003.3
2016-09-05 09:00:00,23.1,78,7.5,472.0,1002.7
2016-09-05 10:00:00,24.5,71,9.5,613.0,1002.6
2016-09-05 11:00:00,25.2,68,10.9,664.0,1002.0
2016-09-05 12:00:00,25.4,69,11.6,609.0,1001.6
2016-09-05 13:00:00,25.4,71,12.8,602.0,1001.6
2016-09-05 14:00:00,25.2,73,12.3,575.0,1000.7
2016-09-05 15:00:00,24.0,78,9.9,312.0,1000.8
2016-09-05 16:00:00,24.1,77,13.0,273.0,1000.6
2016-09-05 17:00:00,22.0,82,13.0,170.0,1001.6
2016-09-05 18:00:00,20.3,91,7.1,30.0,1001.7
2016-09-05 19:00:00,19.9,92,8.6,0.0,1000.5
2016-09-05 20:00:00,19.3,94,8.6,0.0,1001.1
2016-09-05 21:00:00,19.1,94,7.2,0.0,1001.0
2016-09-05 22:00:00,18.5,96,8.0,0.0,1000.5
2016-09-05 23:00:00,18.2,96,8.7,0.0,1000.5
2016-09-06 00:00:00,18.0,97,8.1,0.0,1000.7
2016-09-06 01:00:00,17.5,97,6.9,0.0,1000.5
2016-09-06 02:00:00,17.6,97,8.6,0.0,1000.7
2016-09-06 03:00:00,17.4,97,9.4,0.0,1000.8
2016-09-06 04:00:00,17.6,98,8.7,0.0,1000.9
2016-09-06 05:00:00,17.4,99,8.2,0.0,1000.9
2016-09-06 06:00:00,17.7,99,7.9,10.0,1000.9
2016-09-06 07:00:00,18.3,95,8.4,81.0,1001.1
2016-09-06 08:00:00,19.5,90,8.6,212.0,1001.4
2016-09-06 09:00:00,20.9,83,8.9,300.0,1001.3
2016-09-06 10:00:00,22.6,75,8.9,521.0,1001.4
2016-09-06 11:00:00,23.8,68,10.2,541.0,1000.7
2016-09-06 12:00:00,24.7,63,10.5,613.0,1000.0
2016-09-06 13:00:00,25.4,61,10.4,697.0,999.7
2016-09-06 14:00:00,25.6,60,10.1,572.0,999.7
2016-09-06 15:00:00,25.5,62,8.7,366.0,999.6
2016-09-06 16:00:00,25.3,63,7.4,254.0,999.2
2016-09-06 17:00:00,25.0,67,4.6,188.0,999.0
2016-09-06 18:00:00,23.9,74,6.2,54.0,999.2
2016-09-06 19:00:00,22.2,81,6.8,0.0,999.1
2016-09-06 20:00:00,21.3,84,7.7,0.0,999.8
2016-09-06 21:00:00,20.5,86,8.5,0.0,999.3
2016-09-06 22:00:00,20.0,87,8.0,0.0,999.6
2016-09-06 23:00:00,19.4,89,7.6,0.0,999.6
2016-09-07 00:00:00,19.0,90,7.2,0.0,999.2
2016-09-07 01:00:00,18.6,91,7.2,0.0,999.0
2016-09-07 02:00:00,18.3,92,7.0,0.0,998.9
2016-09-07 03:00:00,18.6,91,7.0,0.0,998.7
2016-09-07 04:00:00,18.4,92,7.6,0.0,998.6
2016-09-07 05:00:00,18.3,92,7.7,0.0,998.7
2016-09-07 06:00:00,18.3,92,8.9,11.0,998.9
2016-09-07 07:00:00,19.6,89,8.9,64.0,998.8
2016-09-07 08:00:00,21.5,82,7.7,179.0,999.2
2016-09-07 09:00:00,22.9,78,7.8,275.0,998.8
2016-09-07 10:00:00,24.2,73,9.0,349.0,999.3
2016-09-07 11:00:00,25.3,67,11.3,461.0,999.0
2016-09-07 12:00:00,25.1,65,12.8,574.0,998.6
2016-09-07 13:00:00,25.4,62,10.9,507.0,998.3
2016-09-07 14:00:00,25.3,62,10.3,484.0,997.6
2016-09-07 15:00:00,25.9,60,8.2,442.0,997.6
2016-09-07 16:00:00,25.4,63,8.0,277.0,997.4
2016-09-07 17:00:00,24.4,70,6.5,167.0,998.1
2016-09-07 18:00:00,23.3,75,5.5,40.0,998.6
2016-09-07 19:00:00,22.3,80,4.7,0.0,998.6
2016-09-07 20:00:00,21.4,85,5.8,0.0,998.6
2016-09-07 21:00:00,20.9,88,7.0,0.0,999.0
2016-09-07 22:00:00,20.6,90,6.3,0.0,999.0
2016-09-07 23:00:00,20.3,92,5.7,0.0,999.2
2016-09-08 00:00:00,20.1,91,6.3,0.0,999.1
2016-09-08 01:00:00,19.6,90,7.6,0.0,999.3
2016-09-08 02:00:00,19.2,90,8.7,0.0,999.0
2016-09-08 03:00:00,18.7,88,7.0,0.0,999.2
2016-09-08 04:00:00,18.1,90,4.7,0.0,999.0
2016-09-08 05:00:00,17.8,91,0.4,0.0,999.1
2016-09-08 06:00:00,17.7,94,7.5,7.0,999.9
2016-09-08 07:00:00,18.6,92,8.5,42.0,1000.1
2016-09-08 08:00:00,19.6,89,5.0,102.0,1000.1
2016-09-08 09:00:00,20.2,87,3.1,133.0,1000.6
2016-09-08 10:00:00,21.2,81,0.8,286.0,1000.6
2016-09-08 11:00:00,21.7,78,0.8,264.0,1000.3
2016-09-08 12:00:00,22.3,76,1.5,329.0,999.7
2016-09-08 13:00:00,23.2,74,2.5,516.0,999.4
2016-09-08 14:00:00,23.7,68,1.5,500.0,999.0
2016-09-08 15:00:00,23.9,71,1.5,434.0,998.8
2016-09-08 16:00:00,23.6,72,1.6,309.0,998.6
2016-09-08 17:00:00,22.8,74,2.7,168.0,999.2
2016-09-08 18:00:00,21.0,85,3.4,41.0,1000.2
2016-09-08 19:00:00,19.7,90,2.8,0.0,1000.7
2016-09-08 20:00:00,19.1,92,4.0,0.0,1000.8
2016-09-08 21:00:00,18.5,95,4.0,0.0,1000.7
2016-09-08 22:00:00,17.5,98,5.2,0.0,1000.9
2016-09-08 23:00:00,17.0,99,4.3,0.0,1001.1
2016-09-09 00:00:00,16.7,99,5.8,0.0,1001.2
2016-09-09 01:00:00,16.2,100,4.7,0.0,1001.1
2016-09-09 02:00:00,16.4,99,5.8,0.0,1001.3
2016-09-09 03:00:00,15.8,99,4.3,0.0,1001.5
2016-09-09 04:00:00,15.9,99,6.1,0.0,1001.4
2016-09-09 05:00:00,15.6,99,7.1,0.0,1001.8
2016-09-09 06:00:00,15.6,99,7.9,12.0,1001.8
2016-09-09 07:00:00,16.9,97,5.4,95.0,1002.3
2016-09-09 08:00:00,18.1,98,3.7,203.0,1002.6
2016-09-09 09:00:00,20.3,87,4.9,358.0,1002.8
2016-09-09 10:00:00,21.7,83,6.6,487.0,1002.7
2016-09-09 11:00:00,22.7,82,5.8,579.0,1002.4
2016-09-09 12:00:00,23.1,83,6.3,566.0,1001.9
2016-09-09 13:00:00,23.6,82,7.3,577.0,1001.9
2016-09-09 14:00:00,23.6,82,7.2,469.0,1001.8
2016-09-09 15:00:00,24.7,74,5.8,476.0,1001.7
2016-09-09 16:00:00,23.4,77,5.1,293.0,1001.3
2016-09-09 17:00:00,21.7,81,7.8,156.0,1002.0
2016-09-09 18:00:00,19.5,89,6.1,23.0,1003.0
2016-09-09 19:00:00,18.9,91,2.8,0.0,1003.5
2016-09-09 20:00:00,18.3,94,3.2,0.0,1003.6
2016-09-09 21:00:00,17.8,95,4.8,0.0,1003.9
2016-09-09 22:00:00,17.8,94,7.2,0.0,1004.3
2016-09-09 23:00:00,17.4,96,3.9,0.0,1004.1
2016-09-10 00:00:00,17.2,97,1.3,0.0,1003.9
2016-09-10 01:00:00,16.2,99,1.8,0.0,1003.4
2016-09-10 02:00:00,16.2,99,3.4,0.0,1003.5
2016-09-10 03:00:00,16.3,100,2.6,0.0,1003.2
2016-09-10 04:00:00,16.4,99,5.8,0.0,1003.4
2016-09-10 05:00:00,16.5,99,8.6,0.0,1004.1
2016-09-10 06:00:00,16.8,99,7.2,5.0,1005.3
2016-09-10 07:00:00,17.3,98,8.8,36.0,1004.8
2016-09-10 08:00:00,17.8,94,10.5,78.0,1004.7
2016-09-10 09:00:00,18.8,87,12.2,186.0,1004.6
2016-09-10 10:00:00,20.3,82,12.6,412.0,1004.5
2016-09-10 11:00:00,21.6,77,11.5,419.0,1004.2
2016-09-10 12:00:00,22.2,76,10.8,407.0,1004.0
2016-09-10 13:00:00,22.6,75,10.2,383.0,1003.9
2016-09-10 14:00:00,22.8,76,8.7,480.0,1003.4
2016-09-10 15:00:00,22.6,71,9.7,327.0,1002.4
2016-09-10 16:00:00,21.0,81,12.3,198.0,1003.9
2016-09-10 17:00:00,20.2,83,10.3,89.0,1004.7
2016-09-10 18:00:00,19.2,89,4.3,14.0,1004.3
2016-09-10 19:00:00,18.6,92,4.1,0.0,1005.0
2016-09-10 20:00:00,18.4,93,4.1,0.0,1005.1
2016-09-10 21:00:00,18.1,94,7.4,0.0,1005.3
2016-09-10 22:00:00,18.2,94,6.3,0.0,1005.8
2016-09-10 23:00:00,18.3,93,6.6,0.0,1005.9
2016-09-11 00:00:00,18.3,93,6.4,0.0,1006.1
2016-09-11 01:00:00,18.1,95,6.9,0.0,1006.3
2016-09-11 02:00:00,17.9,96,7.2,0.0,1006.4
2016-09-11 03:00:00,17.4,96,7.6,0.0,1006.9
2016-09-11 04:00:00,16.8,98,6.8,0.0,1006.9
2016-09-11 05:00:00,16.2,99,4.8,0.0,1007.1
2016-09-11 06:00:00,16.2,99,4.3,9.0,1007.9
2016-09-11 07:00:00,17.0,96,3.8,65.0,1008.0
2016-09-11 08:00:00,17.9,92,4.7,149.0,1008.5
2016-09-11 09:00:00,19.0,86,5.9,218.0,1008.8
2016-09-11 10:00:00,20.1,80,5.6,301.0,1008.7
2016-09-11 11:00:00,21.3,76,5.1,518.0,1008.4
2016-09-11 12:00:00,22.0,72,5.2,568.0,1008.3
2016-09-11 13:00:00,22.6,67,6.2,618.0,1008.2
2016-09-11 14:00:00,22.9,64,8.7,564.0,1007.8
2016-09-11 15:00:00,23.1,61,10.6,468.0,1007.2
2016-09-11 16:00:00,22.8,61,7.9,350.0,1007.7
2016-09-11 17:00:00,22.1,66,4.0,176.0,1008.0
2016-09-11 18:00:00,21.0,71,6.9,42.0,1008.2
2016-09-11 19:00:00,19.9,76,6.2,0.0,1009.0
2016-09-11 20:00:00,19.1,79,6.4,0.0,1009.2
2016-09-11 21:00:00,18.6,80,5.9,0.0,1009.9
2016-09-11 22:00:00,18.1,82,6.0,0.0,1009.9
2016-09-11 23:00:00,17.9,84,6.3,0.0,1009.9
2016-09-12 00:00:00,17.3,87,5.7,0.0,1009.9
2016-09-12 01:00:00,17.1,89,5.9,0.0,1009.7
2016-09-12 02:00:00,16.7,92,6.5,0.0,1009.7
2016-09-12 03:00:00,16.7,92,6.1,0.0,1010.1
2016-09-12 04:00:00,16.7,93,8.1,0.0,1010.1
2016-09-12 05:00:00,16.2,96,6.6,0.0,1010.1
2016-09-12 06:00:00,16.2,97,7.1,7.0,1010.8
2016-09-12 07:00:00,16.8,96,6.4,68.0,1010.8
2016-09-12 08:00:00,18.0,95,6.9,194.0,1011.3
2016-09-12 09:00:00,18.9,94,6.3,266.0,1011.4
2016-09-12 10:00:00,19.9,86,8.8,349.0,1011.2
2016-09-12 11:00:00,21.0,81,9.6,459.0,1011.0
2016-09-12 12:00:00,21.7,78,9.3,491.0,1010.4
2016-09-12 13:00:00,22.4,75,10.8,563.0,1010.1
2016-09-12 14:00:00,22.6,72,11.2,444.0,1009.6
2016-09-12 15:00:00,22.1,69,10.4,344.0,1009.5
2016-09-12 16:00:00,21.9,67,10.8,229.0,1009.4
2016-09-12 17:00:00,21.4,70,8.1,105.0,1009.8
2016-09-12 18:00:00,20.4,74,6.1,29.0,1009.8
2016-09-12 19:00:00,19.2,81,6.6,0.0,1010.1
2016-09-12 20:00:00,18.2,85,5.8,0.0,1010.7
2016-09-12 21:00:00,17.3,89,5.5,0.0,1011.1
2016-09-12 22:00:00,16.5,91,5.1,0.0,1011.1
2016-09-12 23:00:00,15.8,93,4.4,0.0,1011.0
2016-09-13 00:00:00,15.4,93,3.6,0.0,1011.2
2016-09-13 01:00:00,15.1,93,4.3,0.0,1010.9
2016-09-13 02:00:00,14.7,95,5.2,0.0,1011.1
2016-09-13 03:00:00,14.4,99,6.0,0.0,1011.1
2016-09-13 04:00:00,14.3,98,6.1,0.0,1011.3
2016-09-13 05:00:00,14.4,98,5.7,0.0,1011.8
2016-09-13 06:00:00,14.4,99,5.0,8.0,1012.2
2016-09-13 07:00:00,15.1,98,5.9,70.0,1012.4
2016-09-13 08:00:00,16.5,95,6.9,175.0,1012.5
2016-09-13 09:00:00,19.0,86,5.4,387.0,1012.6
2016-09-13 10:00:00,21.2,74,3.7,578.0,1012.2
2016-09-13 11:00:00,22.5,63,3.4,692.0,1012.1
2016-09-13 12:00:00,23.1,60,3.6,694.0,1011.5
2016-09-13 13:00:00,23.7,58,4.1,696.0,1011.0
2016-09-13 14:00:00,24.1,56,5.1,623.0,1010.1
2016-09-13 15:00:00,24.0,56,5.6,496.0,1009.6
2016-09-13 16:00:00,23.7,57,5.8,332.0,1009.4
2016-09-13 17:00:00,23.2,62,2.9,187.0,1009.4
2016-09-13 18:00:00,22.3,68,1.3,39.0,1009.2
2016-09-13 19:00:00,21.1,72,4.9,0.0,1009.8
2016-09-13 20:00:00,19.5,81,7.1,0.0,1010.3
2016-09-13 21:00:00,18.2,88,5.8,0.0,1010.3
2016-09-13 22:00:00,17.2,92,5.9,0.0,1010.7
2016-09-13 23:00:00,16.5,94,5.9,0.0,1010.8
2016-09-14 00:00:00,16.1,96,5.9,0.0,1010.6
2016-09-14 01:00:00,16.0,96,6.3,0.0,1010.7
2016-09-14 02:00:00,15.7,97,6.3,0.0,1010.5
2016-09-14 03:00:00,15.8,98,7.4,0.0,1010.5
2016-09-14 04:00:00,15.6,98,8.0,0.0,1010.5
2016-09-14 05:00:00,15.5,99,8.4,0.0,1010.6
2016-09-14 06:00:00,15.6,99,10.2,9.0,1010.6
2016-09-14 07:00:00,17.0,95,8.8,99.0,1010.8
2016-09-14 08:00:00,19.0,89,8.4,233.0,1010.6
2016-09-14 09:00:00,21.0,83,9.4,398.0,1010.6
2016-09-14 10:00:00,22.5,75,10.7,526.0,1010.4
2016-09-14 11:00:00,23.7,68,11.4,653.0,1010.0
2016-09-14 12:00:00,24.4,65,12.2,637.0,1009.2
2016-09-14 13:00:00,25.0,63,13.2,666.0,1008.7
2016-09-14 14:00:00,25.2,63,13.9,520.0,1008.1
2016-09-14 15:00:00,25.7,62,14.5,490.0,1007.9
2016-09-14 16:00:00,24.4,68,12.2,302.0,1007.4
2016-09-14 17:00:00,23.3,74,9.7,134.0,1006.9
2016-09-14 18:00:00,22.0,79,11.3,32.0,1007.6
2016-09-14 19:00:00,21.3,82,11.1,0.0,1008.2
2016-09-14 20:00:00,20.6,85,12.0,0.0,1008.1
2016-09-14 21:00:00,20.1,87,13.1,0.0,1008.2
2016-09-14 22:00:00,19.7,89,14.2,0.0,1007.8
2016-09-14 23:00:00,19.5,90,14.6,0.0,1007.9
2016-09-15 00:00:00,19.3,90,15.4,0.0,1007.6
2016-09-15 01:00:00,19.2,90,14.9,0.0,1007.6
2016-09-15 02:00:00,19.1,89,15.7,0.0,1007.1
2016-09-15 03:00:00,18.7,91,13.9,0.0,1006.6
2016-09-15 04:00:00,18.7,91,11.5,0.0,1007.0
2016-09-15 05:00:00,18.5,92,11.6,0.0,1007.3
2016-09-15 06:00:00,18.3,93,13.9,3.0,1007.4
2016-09-15 07:00:00,18.5,95,15.3,20.0,1008.3
2016-09-15 08:00:00,18.8,94,15.8,46.0,1008.3
2016-09-15 09:00:00,19.2,92,16.8,84.0,1008.0
2016-09-15 10:00:00,20.3,85,16.9,237.0,1007.7
2016-09-15 11:00:00,21.9,79,18.0,481.0,1007.5
2016-09-15 12:00:00,23.1,76,15.3,486.0,1007.0
2016-09-15 13:00:00,24.2,72,13.8,497.0,1006.7
2016-09-15 14:00:00,24.9,72,12.6,490.0,1006.2
2016-09-15 15:00:00,23.9,77,11.0,423.0,1005.8
2016-09-15 16:00:00,23.2,79,14.6,232.0,1006.0
2016-09-15 17:00:00,22.5,82,13.7,103.0,1006.4
2016-09-15 18:00:00,21.3,86,11.2,30.0,1006.1
2016-09-15 19:00:00,20.5,89,13.0,0.0,1006.5
2016-09-15 20:00:00,20.1,90,14.4,0.0,1006.5
2016-09-15 21:00:00,20.0,90,15.9,0.0,1006.8
2016-09-15 22:00:00,19.7,91,17.0,0.0,1006.3
2016-09-15 23:00:00,19.5,92,18.1,0.0,1006.1
2016-09-16 00:00:00,19.2,92,17.4,0.0,1005.7
2016-09-16 01:00:00,19.1,93,16.6,0.0,1005.4
2016-09-16 02:00:00,19.0,94,13.8,0.0,1005.6
2016-09-16 03:00:00,19.0,94,13.0,0.0,1005.4
2016-09-16 04:00:00,19.0,94,12.0,0.0,1005.6
2016-09-16 05:00:00,18.8,94,11.6,0.0,1005.6
2016-09-16 06:00:00,19.1,94,10.6,8.0,1005.7
2016-09-16 07:00:00,20.1,92,9.9,56.0,1006.0
2016-09-16 08:00:00,21.0,89,7.2,106.0,1006.8
2016-09-16 09:00:00,21.8,83,6.1,286.0,1006.7
2016-09-16 10:00:00,22.6,70,8.6,401.0,1007.0
2016-09-16 11:00:00,23.4,60,9.3,593.0,1006.5
2016-09-16 12:00:00,23.8,53,8.4,629.0,1006.6
2016-09-16 13:00:00,24.0,50,7.9,611.0,1006.2
2016-09-16 14:00:00,24.2,48,8.4,596.0,1006.1
2016-09-16 15:00:00,24.6,49,11.7,480.0,1006.1
2016-09-16 16:00:00,24.1,51,12.2,339.0,1006.1
2016-09-16 17:00:00,22.7,58,10.5,179.0,1006.5
2016-09-16 18:00:00,20.8,63,12.2,33.0,1007.3
2016-09-16 19:00:00,19.4,68,12.4,0.0,1007.4
2016-09-16 20:00:00,18.4,71,12.2,0.0,1008.3
2016-09-16 21:00:00,17.7,73,12.4,0.0,1008.5
2016-09-16 22:00:00,17.0,75,11.6,0.0,1009.2
2016-09-16 23:00:00,16.3,78,10.6,0.0,1008.9
2016-09-17 00:00:00,15.7,80,8.9,0.0,1009.6
2016-09-17 01:00:00,15.3,82,8.8,0.0,1009.6
2016-09-17 02:00:00,14.9,83,10.7,0.0,1009.8
2016-09-17 03:00:00,14.9,83,12.4,0.0,1009.7
2016-09-17 04:00:00,14.5,85,13.2,0.0,1009.8
2016-09-17 05:00:00,14.1,85,13.3,0.0,1010.3
2016-09-17 06:00:00,13.9,86,14.9,9.0,1010.5
2016-09-17 07:00:00,15.1,83,15.5,119.0,1011.6
2016-09-17 08:00:00,16.8,77,17.2,295.0,1011.3
2016-09-17 09:00:00,18.4,72,18.0,471.0,1011.3
2016-09-17 10:00:00,19.7,68,19.7,616.0,1011.3
2016-09-17 11:00:00,20.6,64,21.3,706.0,1010.9
2016-09-17 12:00:00,21.4,59,22.6,700.0,1010.4
2016-09-17 13:00:00,21.8,56,22.7,646.0,1010.1
2016-09-17 14:00:00,21.8,55,22.2,498.0,1009.8
2016-09-17 15:00:00,21.9,55,21.7,432.0,1009.5
2016-09-17 16:00:00,21.4,57,20.5,297.0,1009.8
2016-09-17 17:00:00,20.4,61,18.1,160.0,1009.8
2016-09-17 18:00:00,19.1,64,18.1,27.0,1010.1
2016-09-17 19:00:00,18.2,67,18.1,0.0,1010.5
2016-09-17 20:00:00,17.5,69,17.2,0.0,1010.9
2016-09-17 21:00:00,17.0,71,16.1,0.0,1011.1
2016-09-17 22:00:00,16.5,72,15.8,0.0,1011.0
2016-09-17 23:00:00,16.0,72,15.8,0.0,1011.0
2016-09-18 00:00:00,15.6,72,15.8,0.0,1011.3
2016-09-18 01:00:00,15.0,73,16.3,0.0,1011.2
2016-09-18 02:00:00,14.4,74,16.4,0.0,1011.4
2016-09-18 03:00:00,14.1,76,15.9,0.0,1011.4
2016-09-18 04:00:00,13.6,77,15.5,0.0,1011.7
2016-09-18 05:00:00,13.2,78,15.3,0.0,1011.5
2016-09-18 06:00:00,13.0,79,15.3,7.0,1011.6
2016-09-18 07:00:00,13.8,78,16.1,102.0,1011.7
2016-09-18 08:00:00,15.4,72,18.3,285.0,1012.2
2016-09-18 09:00:00,17.1,68,19.5,473.0,1012.1
2016-09-18 10:00:00,18.5,59,22.2,611.0,1012.2
2016-09-18 11:00:00,19.5,51,24.0,713.0,1011.7
2016-09-18 12:00:00,20.1,48,24.5,746.0,1011.1
2016-09-18 13:00:00,20.5,46,23.9,735.0,1010.7
2016-09-18 14:00:00,20.6,44,23.2,657.0,1010.5
2016-09-18 15:00:00,20.7,43,22.7,527.0,1010.5
2016-09-18 16:00:00,20.2,45,20.2,361.0,1010.6
2016-09-18 17:00:00,19.0,50,17.7,178.0,1010.8
2016-09-18 18:00:00,17.4,54,13.0,30.0,1010.6
2016-09-18 19:00:00,16.0,58,12.5,0.0,1011.4
2016-09-18 20:00:00,14.9,62,11.4,0.0,1011.7
2016-09-18 21:00:00,14.0,66,10.1,0.0,1011.9
2016-09-18 22:00:00,13.2,69,10.0,0.0,1012.1
2016-09-18 23:00:00,12.6,72,9.3,0.0,1012.3
2016-09-19 00:00:00,12.0,74,8.5,0.0,1012.6
2016-09-19 01:00:00,11.4,77,8.2,0.0,1012.6
2016-09-19 02:00:00,10.8,80,7.9,0.0,1012.2
2016-09-19 03:00:00,10.3,84,7.4,0.0,1012.2
2016-09-19 04:00:00,9.8,86,7.1,0.0,1012.1
2016-09-19 05:00:00,9.4,88,7.0,0.0,1012.5
2016-09-19 06:00:00,9.2,89,7.8,8.0,1012.6
2016-09-19 07:00:00,11.3,83,7.4,120.0,1012.9
2016-09-19 08:00:00,14.1,73,7.6,301.0,1013.2
2016-09-19 09:00:00,16.7,64,8.7,479.0,1013.0
2016-09-19 10:00:00,18.8,55,10.1,626.0,1013.3
2016-09-19 11:00:00,20.2,45,13.0,724.0,1012.7
2016-09-19 12:00:00,21.0,41,15.0,764.0,1012.4
2016-09-19 13:00:00,21.4,40,15.8,744.0,1011.7
2016-09-19 14:00:00,21.6,39,15.7,663.0,1011.2
2016-09-19 15:00:00,21.5,39,15.1,532.0,1011.0
2016-09-19 16:00:00,21.1,43,11.6,361.0,1011.0
2016-09-19 17:00:00,20.0,52,6.3,176.0,1011.2
2016-09-19 18:00:00,18.2,61,9.3,28.0,1011.1
2016-09-19 19:00:00,16.3,69,8.5,0.0,1011.3
2016-09-19 20:00:00,14.8,75,8.3,0.0,1011.6
2016-09-19 21:00:00,13.6,79,8.1,0.0,1011.6
2016-09-19 22:00:00,12.7,82,8.0,0.0,1011.6
2016-09-19 23:00:00,12.2,83,7.6,0.0,1011.9
2016-09-20 00:00:00,11.6,85,7.6,0.0,1012.0
2016-09-20 01:00:00,11.0,87,7.1,0.0,1012.2
2016-09-20 02:00:00,10.3,90,6.0,0.0,1012.4
2016-09-20 03:00:00,9.8,92,5.0,0.0,1012.5
2016-09-20 04:00:00,9.5,93,4.6,0.0,1012.4
2016-09-20 05:00:00,9.2,93,3.8,0.0,1012.7
2016-09-20 06:00:00,9.1,93,3.0,7.0,1012.5
2016-09-20 07:00:00,11.6,92,4.0,117.0,1012.8
2016-09-20 08:00:00,16.0,70,2.2,297.0,1013.6
2016-09-20 09:00:00,18.7,60,1.8,475.0,1013.7
2016-09-20 10:00:00,20.5,54,2.3,619.0,1013.6
2016-09-20 11:00:00,21.7,49,3.2,716.0,1013.2
2016-09-20 12:00:00,22.6,44,4.8,755.0,1012.6
2016-09-20 13:00:00,23.0,42,5.9,733.0,1011.8
2016-09-20 14:00:00,23.2,41,6.3,653.0,1011.5
2016-09-20 15:00:00,23.2,40,6.3,522.0,1011.4
2016-09-20 16:00:00,22.9,41,5.6,352.0,1011.4
2016-09-20 17:00:00,22.1,50,5.2,169.0,1011.8
2016-09-20 18:00:00,20.3,64,3.3,26.0,1011.4
2016-09-20 19:00:00,19.5,56,3.3,0.0,1012.2
2016-09-20 20:00:00,18.2,61,4.3,0.0,1012.2
2016-09-20 21:00:00,16.3,70,4.7,0.0,1012.2
2016-09-20 22:00:00,14.2,81,5.7,0.0,1012.5
2016-09-20 23:00:00,13.2,85,5.6,0.0,1012.8
2016-09-21 00:00:00,12.4,88,6.0,0.0,1012.8
2016-09-21 01:00:00,11.8,90,6.0,0.0,1012.9
2016-09-21 02:00:00,11.3,91,6.2,0.0,1012.6
2016-09-21 03:00:00,11.2,91,6.4,0.0,1012.7
2016-09-21 04:00:00,10.9,91,6.9,0.0,1013.1
2016-09-21 05:00:00,10.8,91,7.3,0.0,1013.3
2016-09-21 06:00:00,10.8,90,9.2,6.0,1013.8
2016-09-21 07:00:00,13.2,83,11.9,112.0,1013.9
2016-09-21 08:00:00,17.0,69,10.9,289.0,1014.5
2016-09-21 09:00:00,19.8,60,11.5,464.0,1014.6
2016-09-21 10:00:00,21.6,53,13.6,608.0,1014.5
2016-09-21 11:00:00,22.8,47,14.7,703.0,1014.0
2016-09-21 12:00:00,23.4,44,15.0,744.0,1013.4
2016-09-21 13:00:00,23.8,42,15.0,723.0,1012.7
2016-09-21 14:00:00,23.9,41,15.4,639.0,1012.0
2016-09-21 15:00:00,23.8,41,14.8,511.0,1011.8
2016-09-21 16:00:00,23.2,47,11.0,343.0,1011.4
2016-09-21 17:00:00,21.7,55,7.4,161.0,1011.5
2016-09-21 18:00:00,19.4,63,8.8,23.0,1011.4
2016-09-21 19:00:00,17.7,69,10.4,0.0,1011.6
2016-09-21 20:00:00,16.7,73,12.6,0.0,1012.2
2016-09-21 21:00:00,16.0,75,13.7,0.0,1012.2
2016-09-21 22:00:00,15.5,78,13.3,0.0,1012.3
2016-09-21 23:00:00,15.0,79,12.6,0.0,1012.0
2016-09-22 00:00:00,14.4,81,11.5,0.0,1011.7
2016-09-22 01:00:00,14.0,82,11.3,0.0,1011.6
2016-09-22 02:00:00,13.5,83,11.1,0.0,1011.2
2016-09-22 03:00:00,13.4,82,11.2,0.0,1011.3
2016-09-22 04:00:00,13.1,81,11.4,0.0,1011.1
2016-09-22 05:00:00,12.9,81,11.8,0.0,1011.3
2016-09-22 06:00:00,12.8,81,13.1,6.0,1011.0
2016-09-22 07:00:00,14.4,79,15.3,108.0,1011.3
2016-09-22 08:00:00,17.3,72,15.1,283.0,1011.4
2016-09-22 09:00:00,19.2,68,16.6,439.0,1011.0
2016-09-22 10:00:00,20.5,64,17.6,535.0,1010.7
2016-09-22 11:00:00,21.6,58,18.1,665.0,1010.3
2016-09-22 12:00:00,22.3,54,18.1,661.0,1009.4
2016-09-22 13:00:00,22.9,51,18.1,701.0,1008.8
2016-09-22 14:00:00,23.1,49,18.3,600.0,1008.2
2016-09-22 15:00:00,23.3,49,18.2,477.0,1007.8
2016-09-22 16:00:00,22.8,52,14.1,309.0,1007.4
2016-09-22 17:00:00,21.6,58,10.5,146.0,1007.7
2016-09-22 18:00:00,19.6,65,11.6,20.0,1007.4
2016-09-22 19:00:00,18.4,69,14.3,0.0,1007.9
2016-09-22 20:00:00,17.9,71,16.9,0.0,1008.1
2016-09-22 21:00:00,17.3,74,17.3,0.0,1008.1
2016-09-22 22:00:00,16.7,77,17.3,0.0,1008.1
2016-09-22 23:00:00,16.4,79,16.5,0.0,1008.1
2016-09-23 00:00:00,16.2,81,16.5,0.0,1008.0
2016-09-23 01:00:00,16.0,82,16.0,0.0,1007.7
2016-09-23 02:00:00,16.0,83,15.9,0.0,1008.1
2016-09-23 03:00:00,16.2,85,15.9,0.0,1007.7
2016-09-23 04:00:00,16.3,85,16.1,0.0,1007.7
2016-09-23 05:00:00,16.1,87,14.8,0.0,1007.9
2016-09-23 06:00:00,16.1,87,15.5,4.0,1008.0
2016-09-23 07:00:00,17.0,85,16.6,72.0,1008.1
2016-09-23 08:00:00,17.7,85,15.6,111.0,1008.5
2016-09-23 09:00:00,18.6,84,16.1,209.0,1008.3
2016-09-23 10:00:00,20.2,77,18.8,318.0,1008.0
2016-09-23 11:00:00,22.1,67,22.4,536.0,1006.9
2016-09-23 12:00:00,22.4,67,23.1,338.0,1006.5
2016-09-23 13:00:00,23.0,67,22.3,407.0,1005.8
2016-09-23 14:00:00,21.2,74,21.1,319.0,1005.5
2016-09-23 15:00:00,21.7,72,18.7,129.0,1005.1
2016-09-23 16:00:00,21.1,75,22.3,143.0,1005.4
2016-09-23 17:00:00,20.3,78,20.4,91.0,1005.0
2016-09-23 18:00:00,19.5,82,19.8,11.0,1005.0
2016-09-23 19:00:00,18.9,86,18.8,0.0,1005.7
2016-09-23 20:00:00,18.7,86,18.5,0.0,1005.2
2016-09-23 21:00:00,18.7,87,18.2,0.0,1006.1
2016-09-23 22:00:00,18.3,88,19.2,0.0,1005.7
2016-09-23 23:00:00,18.2,89,19.5,0.0,1005.8
2016-09-24 00:00:00,18.2,88,19.1,0.0,1005.9
2016-09-24 01:00:00,18.1,87,18.4,0.0,1006.0
2016-09-24 02:00:00,17.7,87,18.4,0.0,1005.7
2016-09-24 03:00:00,17.7,88,17.8,0.0,1005.6
2016-09-24 04:00:00,17.6,88,17.9,0.0,1005.0
2016-09-24 05:00:00,17.6,88,18.3,0.0,1005.0
2016-09-24 06:00:00,17.8,88,21.1,4.0,1004.6
2016-09-24 07:00:00,18.9,85,22.1,90.0,1004.7
2016-09-24 08:00:00,20.5,79,24.5,241.0,1004.4
2016-09-24 09:00:00,22.1,74,26.6,398.0,1004.3
2016-09-24 10:00:00,23.8,67,30.5,506.0,1004.1
2016-09-24 11:00:00,24.1,67,31.9,443.0,1003.6
2016-09-24 12:00:00,24.2,69,31.3,388.0,1003.1
2016-09-24 13:00:00,24.8,67,30.5,524.0,1002.3
2016-09-24 14:00:00,24.9,66,30.9,446.0,1001.7
2016-09-24 15:00:00,24.5,68,31.2,435.0,1001.4
2016-09-24 16:00:00,24.1,68,29.5,275.0,1001.3
2016-09-24 17:00:00,23.4,68,29.3,130.0,1000.9
2016-09-24 18:00:00,22.5,69,28.2,15.0,1000.9
2016-09-24 19:00:00,21.8,71,27.6,0.0,1001.1
2016-09-24 20:00:00,21.2,74,26.1,0.0,1001.8
2016-09-24 21:00:00,20.7,76,26.1,0.0,1002.5
2016-09-24 22:00:00,20.2,78,25.1,0.0,1003.0
2016-09-24 23:00:00,19.8,78,22.2,0.0,1003.8
2016-09-25 00:00:00,19.1,82,19.7,0.0,1003.8
2016-09-25 01:00:00,18.8,86,13.5,0.0,1004.7
2016-09-25 02:00:00,18.5,90,8.2,0.0,1005.4
2016-09-25 03:00:00,17.8,90,5.4,0.0,1006.0
2016-09-25 04:00:00,16.7,89,6.4,0.0,1006.9
2016-09-25 05:00:00,15.6,86,7.8,0.0,1007.4
2016-09-25 06:00:00,14.7,85,8.6,3.0,1008.3
2016-09-25 07:00:00,15.7,81,9.4,84.0,1008.7
2016-09-25 08:00:00,17.7,71,8.7,250.0,1009.7
2016-09-25 09:00:00,19.3,60,9.8,410.0,1010.1
2016-09-25 10:00:00,20.4,53,10.0,562.0,1010.3
2016-09-25 11:00:00,21.1,50,9.0,662.0,1010.3
2016-09-25 12:00:00,21.8,49,7.8,709.0,1010.0
2016-09-25 13:00:00,22.2,48,7.0,697.0,1009.4
2016-09-25 14:00:00,22.5,48,6.6,619.0,1009.0
2016-09-25 15:00:00,22.6,47,7.0,487.0,1008.5
2016-09-25 16:00:00,22.3,48,6.5,317.0,1008.9
2016-09-25 17:00:00,21.4,57,5.6,140.0,1008.7
2016-09-25 18:00:00,19.6,65,8.0,15.0,1008.8
2016-09-25 19:00:00,17.7,72,7.2,0.0,1009.4
2016-09-25 20:00:00,16.5,77,6.8,0.0,1009.1
2016-09-25 21:00:00,15.7,79,7.0,0.0,1009.0
2016-09-25 22:00:00,15.3,80,6.8,0.0,1008.8
2016-09-25 23:00:00,15.5,80,7.1,0.0,1008.8
2016-09-26 00:00:00,15.7,81,8.8,0.0,1008.6
2016-09-26 01:00:00,16.7,82,9.9,0.0,1008.4
2016-09-26 02:00:00,17.6,86,11.3,0.0,1008.4
2016-09-26 03:00:00,18.4,93,11.2,0.0,1008.3
2016-09-26 04:00:00,18.7,94,10.1,0.0,1008.5
2016-09-26 05:00:00,18.8,94,9.7,0.0,1008.8
2016-09-26 06:00:00,18.8,94,10.6,2.0,1009.1
2016-09-26 07:00:00,19.1,92,12.3,46.0,1009.1
2016-09-26 08:00:00,20.1,86,12.8,168.0,1009.0
2016-09-26 09:00:00,21.3,80,12.6,275.0,1009.2
2016-09-26 10:00:00,22.5,72,10.8,421.0,1008.9
2016-09-26 11:00:00,23.5,66,10.1,480.0,1008.3
2016-09-26 12:00:00,24.7,61,12.9,611.0,1007.7
2016-09-26 13:00:00,25.4,57,14.6,584.0,1007.5
2016-09-26 14:00:00,25.7,55,12.8,532.0,1006.5
2016-09-26 15:00:00,25.7,55,12.6,420.0,1006.1
2016-09-26 16:00:00,25.4,58,10.4,289.0,1006.1
2016-09-26 17:00:00,24.2,64,7.3,123.0,1005.8
2016-09-26 18:00:00,22.7,70,6.4,8.0,1005.8
2016-09-26 19:00:00,21.7,74,8.4,0.0,1006.3
2016-09-26 20:00:00,20.5,79,10.5,0.0,1006.1
2016-09-26 21:00:00,19.5,83,10.7,0.0,1005.9
2016-09-26 22:00:00,18.9,85,11.9,0.0,1006.1
2016-09-26 23:00:00,18.4,87,11.9,0.0,1006.1
2016-09-27 00:00:00,18.2,86,11.2,0.0,1005.8
2016-09-27 01:00:00,18.0,85,11.9,0.0,1006.0
2016-09-27 02:00:00,17.9,83,13.0,0.0,1006.0
2016-09-27 03:00:00,17.8,85,14.6,0.0,1005.9
2016-09-27 04:00:00,18.2,83,15.5,0.0,1005.7
2016-09-27 05:00:00,18.3,83,15.1,0.0,1005.3
2016-09-27 06:00:00,18.3,83,13.5,2.0,1005.6
2016-09-27 07:00:00,19.1,83,14.5,58.0,1006.0
2016-09-27 08:00:00,19.6,87,15.5,89.0,1006.8
2016-09-27 09:00:00,18.3,90,30.1,90.0,1008.5
2016-09-27 10:00:00,15.2,85,25.8,217.0,1010.6
2016-09-27 11:00:00,14.7,77,24.3,292.0,1011.4
2016-09-27 12:00:00,13.8,74,23.1,137.0,1012.3
2016-09-27 13:00:00,13.3,72,22.8,142.0,1013.0
2016-09-27 14:00:00,12.9,70,24.0,94.0,1013.5
2016-09-27 15:00:00,12.2,65,25.0,181.0,1014.2
2016-09-27 16:00:00,11.3,65,24.9,81.0,1015.2
2016-09-27 17:00:00,10.7,64,24.8,36.0,1015.9
2016-09-27 18:00:00,10.3,64,24.1,4.0,1016.9
2016-09-27 19:00:00,10.1,64,25.7,0.0,1017.9
2016-09-27 20:00:00,10.0,63,25.5,0.0,1018.6
2016-09-27 21:00:00,10.0,62,24.8,0.0,1018.6
2016-09-27 22:00:00,10.0,60,24.2,0.0,1019.0
2016-09-27 23:00:00,9.9,60,22.1,0.0,1018.8
2016-09-28 00:00:00,9.7,61,18.8,0.0,1019.0
2016-09-28 01:00:00,9.4,62,16.9,0.0,1018.9
2016-09-28 02:00:00,8.9,65,16.5,0.0,1018.6
2016-09-28 03:00:00,8.1,68,16.3,0.0,1018.4
2016-09-28 04:00:00,7.6,71,17.0,0.0,1018.4
2016-09-28 05:00:00,7.1,73,17.8,0.0,1018.4
2016-09-28 06:00:00,6.5,75,17.4,3.0,1019.0
2016-09-28 07:00:00,7.3,74,17.4,95.0,1018.5
2016-09-28 08:00:00,8.9,65,19.5,275.0,1019.2
2016-09-28 09:00:00,10.4,54,20.8,455.0,1019.1
2016-09-28 10:00:00,11.7,48,20.8,601.0,1019.0
2016-09-28 11:00:00,12.8,44,20.7,699.0,1018.4
2016-09-28 12:00:00,13.6,41,20.0,737.0,1017.9
2016-09-28 13:00:00,14.2,39,19.8,714.0,1017.1
2016-09-28 14:00:00,14.6,38,19.6,630.0,1016.2
2016-09-28 15:00:00,14.8,38,19.6,493.0,1015.7
2016-09-28 16:00:00,14.4,39,17.8,319.0,1015.5
2016-09-28 17:00:00,13.3,45,11.6,135.0,1015.2
2016-09-28 18:00:00,11.4,52,8.6,11.0,1015.2
2016-09-28 19:00:00,10.1,59,9.1,0.0,1015.9
2016-09-28 20:00:00,9.1,64,9.0,0.0,1015.9
2016-09-28 21:00:00,8.3,67,8.9,0.0,1016.0
2016-09-28 22:00:00,7.6,70,8.8,0.0,1015.8
2016-09-28 23:00:00,6.9,74,8.2,0.0,1015.2
2016-09-29 00:00:00,6.3,77,7.1,0.0,1015.1
2016-09-29 01:00:00,5.8,79,6.9,0.0,1014.6
2016-09-29 02:00:00,5.3,81,6.5,0.0,1014.7
2016-09-29 03:00:00,4.9,84,6.7,0.0,1014.4
2016-09-29 04:00:00,4.5,86,7.0,0.0,1014.2
2016-09-29 05:00:00,4.1,87,7.0,0.0,1014.1
2016-09-29 06:00:00,3.9,87,8.2,3.0,1013.8
2016-09-29 07:00:00,5.8,85,9.3,98.0,1013.8
2016-09-29 08:00:00,9.8,65,6.9,281.0,1014.3
2016-09-29 09:00:00,12.3,51,8.0,462.0,1013.7
2016-09-29 10:00:00,13.9,44,7.7,610.0,1013.1
2016-09-29 11:00:00,15.1,39,5.4,708.0,1012.2
2016-09-29 12:00:00,16.0,37,2.1,745.0,1010.8
2016-09-29 13:00:00,16.8,36,2.4,718.0,1009.8
2016-09-29 14:00:00,17.3,36,5.5,631.0,1009.1
2016-09-29 15:00:00,17.8,37,8.4,491.0,1008.5
2016-09-29 16:00:00,17.4,40,8.2,315.0,1008.2
2016-09-29 17:00:00,16.0,49,8.1,130.0,1007.8
2016-09-29 18:00:00,14.1,57,9.1,9.0,1007.9
2016-09-29 19:00:00,12.4,62,8.5,0.0,1008.4
2016-09-29 20:00:00,11.3,64,8.5,0.0,1009.1
2016-09-29 21:00:00,10.6,65,8.8,0.0,1009.6
2016-09-29 22:00:00,10.0,67,8.8,0.0,1009.5
2016-09-29 23:00:00,9.6,70,9.0,0.0,1009.1
2016-09-30 00:00:00,9.3,72,9.8,0.0,1008.9
2016-09-30 01:00:00,9.3,74,10.2,0.0,1008.5
2016-09-30 02:00:00,9.4,76,10.4,0.0,1008.5
2016-09-30 03:00:00,9.5,74,9.7,0.0,1008.5
2016-09-30 04:00:00,9.3,75,9.0,0.0,1008.4
2016-09-30 05:00:00,9.0,77,8.7,0.0,1008.7
2016-09-30 06:00:00,8.7,78,9.9,2.0,1008.1
2016-09-30 07:00:00,10.3,78,12.4,88.0,1008.4
2016-09-30 08:00:00,14.1,65,10.8,258.0,1008.6
2016-09-30 09:00:00,16.7,62,11.4,431.0,1008.3
2016-09-30 10:00:00,18.6,59,11.3,574.0,1008.4
2016-09-30 11:00:00,20.2,56,10.4,668.0,1008.0
2016-09-30 12:00:00,21.4,53,9.5,705.0,1007.1
2016-09-30 13:00:00,22.3,51,9.5,680.0,1006.6
2016-09-30 14:00:00,22.8,49,9.1,597.0,1006.3
2016-09-30 15:00:00,23.5,48,8.7,464.0,1006.1
2016-09-30 16:00:00,23.0,53,6.4,295.0,1006.0
2016-09-30 17:00:00,21.4,62,8.6,119.0,1006.5
2016-09-30 18:00:00,19.0,70,8.4,8.0,1006.3
2016-09-30 19:00:00,17.2,76,8.5,0.0,1007.2
2016-09-30 20:00:00,16.0,80,8.8,0.0,1007.1
2016-09-30 21:00:00,15.0,82,9.7,0.0,1007.5
2016-09-30 22:00:00,14.3,84,10.8,0.0,1007.5
2016-09-30 23:00:00,13.8,85,10.9,0.0,1007.8
2016-10-01 00:00:00,13.3,87,11.2,0.0,1007.5
2016-10-01 01:00:00,13.0,88,11.9,0.0,1008.0
2016-10-01 02:00:00,12.8,89,13.1,0.0,1007.6
2016-10-01 03:00:00,13.6,87,14.3,0.0,1007.4
2016-10-01 04:00:00,13.9,86,16.8,0.0,1007.0
2016-10-01 05:00:00,14.3,83,18.8,0.0,1006.8
2016-10-01 06:00:00,14.7,81,19.1,2.0,1006.7
2016-10-01 07:00:00,16.2,75,23.1,83.0,1006.4
2016-10-01 08:00:00,18.3,68,22.7,249.0,1006.0
2016-10-01 09:00:00,20.4,61,24.7,418.0,1006.1
2016-10-01 10:00:00,21.9,54,28.0,526.0,1006.2
2016-10-01 11:00:00,23.0,50,30.1,645.0,1006.1
2016-10-01 12:00:00,23.8,47,31.5,683.0,1005.6
2016-10-01 13:00:00,24.3,45,31.5,660.0,1005.3
2016-10-01 14:00:00,24.4,45,30.6,577.0,1005.1
2016-10-01 15:00:00,24.4,45,27.7,447.0,1005.2
2016-10-01 16:00:00,23.4,50,23.1,280.0,1005.4
2016-10-01 17:00:00,21.9,54,20.2,110.0,1006.0
2016-10-01 18:00:00,20.3,59,17.9,6.0,1006.4
2016-10-01 19:00:00,19.1,64,16.1,0.0,1007.0
2016-10-01 20:00:00,18.1,70,15.4,0.0,1007.5
2016-10-01 21:00:00,17.5,74,16.3,0.0,1007.9
2016-10-01 22:00:00,17.0,77,17.3,0.0,1008.3
2016-10-01 23:00:00,16.5,79,15.9,0.0,1008.5
2016-10-02 00:00:00,16.0,80,14.1,0.0,1008.3
2016-10-02 01:00:00,15.5,80,14.0,0.0,1008.5
2016-10-02 02:00:00,15.4,79,14.8,0.0,1008.6
2016-10-02 03:00:00,15.5,77,14.5,0.0,1008.3
2016-10-02 04:00:00,15.1,79,12.4,0.0,1008.0
2016-10-02 05:00:00,14.5,82,10.0,0.0,1008.2
2016-10-02 06:00:00,14.0,85,7.7,1.0,1008.4
2016-10-02 07:00:00,15.1,84,11.3,70.0,1008.8
2016-10-02 08:00:00,17.8,75,11.1,215.0,1009.2
2016-10-02 09:00:00,19.6,69,11.8,344.0,1008.8
2016-10-02 10:00:00,20.9,66,11.4,408.0,1008.7
2016-10-02 11:00:00,22.0,63,11.2,462.0,1008.0
2016-10-02 12:00:00,22.9,61,11.5,507.0,1007.1
2016-10-02 13:00:00,23.5,59,12.1,453.0,1006.4
2016-10-02 14:00:00,23.6,60,12.2,344.0,1005.5
2016-10-02 15:00:00,23.3,61,12.5,245.0,1005.0
2016-10-02 16:00:00,22.6,67,12.3,130.0,1004.8
2016-10-02 17:00:00,21.6,72,13.7,57.0,1004.5
2016-10-02 18:00:00,20.5,76,15.5,3.0,1003.8
2016-10-02 19:00:00,19.5,79,16.2,0.0,1003.6
2016-10-02 20:00:00,18.5,82,16.9,0.0,1003.1
2016-10-02 21:00:00,17.7,85,17.7,0.0,1002.9
2016-10-02 22:00:00,17.0,87,17.1,0.0,1002.3
2016-10-02 23:00:00,16.6,87,16.9,0.0,1001.9
2016-10-03 00:00:00,16.3,87,17.5,0.0,1001.8
2016-10-03 01:00:00,16.1,87,18.7,0.0,1001.2
2016-10-03 02:00:00,15.9,88,19.9,0.0,1001.0
2016-10-03 03:00:00,16.6,85,20.0,0.0,1001.0
2016-10-03 04:00:00,16.6,85,21.6,0.0,1000.2
2016-10-03 05:00:00,16.7,85,23.2,0.0,1000.4
2016-10-03 06:00:00,16.8,84,24.8,1.0,1000.1
2016-10-03 07:00:00,17.6,82,24.7,67.0,1000.2
2016-10-03 08:00:00,18.7,81,23.6,207.0,1000.9
2016-10-03 09:00:00,19.4,80,29.8,214.0,1001.1
2016-10-03 10:00:00,20.0,79,26.8,308.0,1002.0
2016-10-03 11:00:00,19.3,72,27.6,355.0,1003.3
2016-10-03 12:00:00,18.6,59,30.1,475.0,1004.5
2016-10-03 13:00:00,18.0,58,26.9,545.0,1005.9
2016-10-03 14:00:00,17.6,57,24.2,548.0,1006.9
2016-10-03 15:00:00,16.0,55,22.8,433.0,1008.1
2016-10-03 16:00:00,15.0,56,21.3,254.0,1008.8
2016-10-03 17:00:00,13.8,58,18.2,99.0,1009.4
2016-10-03 18:00:00,12.4,61,15.8,4.0,1010.1
2016-10-03 19:00:00,11.4,64,14.9,0.0,1010.8
2016-10-03 20:00:00,10.6,67,12.2,0.0,1011.9
2016-10-03 21:00:00,9.9,70,10.4,0.0,1012.6
2016-10-03 22:00:00,9.4,72,10.0,0.0,1012.8
2016-10-03 23:00:00,9.0,73,10.3,0.0,1013.0
2016-10-04 00:00:00,8.5,75,10.2,0.0,1012.8
2016-10-04 01:00:00,8.3,76,11.7,0.0,1013.5
2016-10-04 02:00:00,8.0,76,13.0,0.0,1013.4
2016-10-04 03:00:00,7.8,77,12.1,0.0,1013.3
2016-10-04 04:00:00,7.6,78,11.5,0.0,1013.5
2016-10-04 05:00:00,7.3,79,11.5,0.0,1013.7
2016-10-04 06:00:00,7.1,80,10.4,1.0,1014.1
2016-10-04 07:00:00,8.4,76,13.1,76.0,1014.5
2016-10-04 08:00:00,10.6,66,16.0,239.0,1014.1
2016-10-04 09:00:00,12.3,59,16.7,350.0,1013.0
2016-10-04 10:00:00,13.2,54,14.3,284.0,1012.1
2016-10-04 11:00:00,13.9,51,13.9,258.0,1011.7
2016-10-04 12:00:00,14.7,48,17.9,370.0,1010.9
2016-10-04 13:00:00,14.6,47,20.0,240.0,1010.0
2016-10-04 14:00:00,15.0,48,19.3,254.0,1009.1
2016-10-04 15:00:00,14.4,50,18.8,209.0,1008.9
2016-10-04 16:00:00,13.7,53,17.7,93.0,1008.3
2016-10-04 17:00:00,13.0,57,18.1,36.0,1008.5
2016-10-04 18:00:00,12.5,60,16.4,2.0,1008.1
2016-10-04 19:00:00,11.8,64,18.1,0.0,1009.3
2016-10-04 20:00:00,11.1,68,20.7,0.0,1009.7
2016-10-04 21:00:00,10.4,72,22.0,0.0,1009.9
2016-10-04 22:00:00,9.7,76,20.4,0.0,1010.1
2016-10-04 23:00:00,9.6,77,17.3,0.0,1010.3
2016-10-05 00:00:00,9.6,78,14.8,0.0,1009.5
2016-10-05 01:00:00,9.2,83,13.8,0.0,1009.5
2016-10-05 02:00:00,9.1,86,15.1,0.0,1009.8
2016-10-05 03:00:00,8.8,89,16.2,0.0,1009.6
2016-10-05 04:00:00,8.6,91,16.6,0.0,1009.8
2016-10-05 05:00:00,8.2,92,17.6,0.0,1010.0
2016-10-05 06:00:00,7.6,93,18.4,0.0,1010.5
2016-10-05 07:00:00,7.8,89,19.1,49.0,1010.3
2016-10-05 08:00:00,8.2,86,20.8,142.0,1010.4
2016-10-05 09:00:00,9.0,80,19.7,229.0,1010.1
2016-10-05 10:00:00,9.9,74,18.6,304.0,1010.1
2016-10-05 11:00:00,11.0,68,17.8,404.0,1010.5
2016-10-05 12:00:00,11.7,64,16.6,454.0,1010.2
2016-10-05 13:00:00,12.1,62,16.6,371.0,1010.2
2016-10-05 14:00:00,12.3,60,17.3,325.0,1010.2
2016-10-05 15:00:00,12.4,58,17.3,186.0,1010.9
2016-10-05 16:00:00,12.2,56,16.3,121.0,1011.4
2016-10-05 17:00:00,12.0,56,13.5,49.0,1012.2
2016-10-05 18:00:00,11.3,58,10.8,2.0,1012.9
2016-10-05 19:00:00,9.9,64,12.1,0.0,1013.7
2016-10-05 20:00:00,8.9,66,12.9,0.0,1014.3
2016-10-05 21:00:00,8.5,65,13.5,0.0,1015.0
2016-10-05 22:00:00,7.8,67,13.4,0.0,1016.0
2016-10-05 23:00:00,7.2,69,11.2,0.0,1016.9
2016-10-06 00:00:00,6.5,73,9.0,0.0,1017.1
2016-10-06 01:00:00,5.8,78,7.2,0.0,1017.7
2016-10-06 02:00:00,5.2,81,6.2,0.0,1018.0
2016-10-06 03:00:00,4.5,84,6.6,0.0,1018.6
2016-10-06 04:00:00,4.0,87,6.5,0.0,1018.7
2016-10-06 05:00:00,3.4,91,6.1,0.0,1019.2
2016-10-06 06:00:00,3.5,89,7.4,1.0,1019.3
2016-10-06 07:00:00,5.0,83,2.4,74.0,1020.5
2016-10-06 08:00:00,7.2,72,1.8,242.0,1021.1
2016-10-06 09:00:00,9.3,64,3.1,415.0,1021.7
2016-10-06 10:00:00,11.0,57,4.4,556.0,1021.8
2016-10-06 11:00:00,12.5,52,5.9,649.0,1021.4
2016-10-06 12:00:00,13.6,47,6.6,684.0,1021.0
2016-10-06 13:00:00,14.4,42,8.4,657.0,1020.2
2016-10-06 14:00:00,14.8,40,10.1,569.0,1019.6
2016-10-06 15:00:00,14.8,40,9.4,419.0,1020.1
2016-10-06 16:00:00,14.4,41,8.1,257.0,1019.7
2016-10-06 17:00:00,13.3,49,7.9,93.0,1019.4
2016-10-06 18:00:00,11.6,60,7.1,2.0,1018.9
2016-10-06 19:00:00,9.8,68,8.4,0.0,1019.9
2016-10-06 20:00:00,8.6,71,6.8,0.0,1019.9
2016-10-06 21:00:00,7.6,74,7.0,0.0,1019.3
2016-10-06 22:00:00,6.9,76,6.8,0.0,1019.2
2016-10-06 23:00:00,6.4,77,7.3,0.0,1019.1
2016-10-07 00:00:00,6.6,75,9.2,0.0,1018.8
2016-10-07 01:00:00,7.4,70,10.6,0.0,1018.4
2016-10-07 02:00:00,8.1,67,9.7,0.0,1018.3
2016-10-07 03:00:00,8.4,68,9.1,0.0,1017.8
2016-10-07 04:00:00,8.6,66,10.9,0.0,1017.5
2016-10-07 05:00:00,8.9,64,12.3,0.0,1016.7
2016-10-07 06:00:00,9.0,64,10.2,0.0,1016.0
2016-10-07 07:00:00,9.3,67,8.9,22.0,1016.2
2016-10-07 08:00:00,10.3,66,8.7,70.0,1015.4
2016-10-07 09:00:00,11.9,58,8.4,155.0,1014.7
2016-10-07 10:00:00,13.0,56,7.6,196.0,1014.0
2016-10-07 11:00:00,13.6,54,7.4,187.0,1013.4
2016-10-07 12:00:00,14.0,53,10.3,196.0,1012.3
2016-10-07 13:00:00,14.7,51,13.2,240.0,1011.2
2016-10-07 14:00:00,15.3,50,18.4,203.0,1010.3
2016-10-07 15:00:00,15.2,53,21.7,113.0,1009.8
2016-10-07 16:00:00,14.1,62,21.6,63.0,1009.9
2016-10-07 17:00:00,12.6,75,19.8,15.0,1009.5
2016-10-07 18:00:00,11.8,84,20.4,0.0,1009.0
2016-10-07 19:00:00,11.8,84,20.7,0.0,1009.2
2016-10-07 20:00:00,11.7,85,19.9,0.0,1008.4
2016-10-07 21:00:00,11.5,86,19.9,0.0,1007.4
2016-10-07 22:00:00,11.4,86,20.6,0.0,1006.7
2016-10-07 23:00:00,11.4,86,20.6,0.0,1006.2
2016-10-08 00:00:00,11.4,85,19.0,0.0,1005.1
2016-10-08 01:00:00,11.4,84,19.0,0.0,1004.6
2016-10-08 02:00:00,11.2,87,19.3,0.0,1004.2
2016-10-08 03:00:00,10.5,92,17.5,0.0,1003.6
2016-10-08 04:00:00,10.2,95,15.3,0.0,1003.4
2016-10-08 05:00:00,9.8,92,15.5,0.0,1003.6
2016-10-08 06:00:00,9.0,85,16.8,0.0,1004.6
2016-10-08 07:00:00,8.1,72,19.7,50.0,1005.6
2016-10-08 08:00:00,7.7,56,23.5,200.0,1006.9
2016-10-08 09:00:00,8.8,54,26.6,391.0,1007.3
2016-10-08 10:00:00,9.9,53,29.3,469.0,1007.8
2016-10-08 11:00:00,9.3,59,27.5,326.0,1008.1
2016-10-08 12:00:00,9.4,58,26.1,279.0,1008.7
2016-10-08 13:00:00,9.9,52,28.1,296.0,1008.8
2016-10-08 14:00:00,9.7,53,28.2,237.0,1009.5
2016-10-08 15:00:00,8.5,53,26.3,144.0,1010.2
2016-10-08 16:00:00,8.3,53,23.2,71.0,1010.8
2016-10-08 17:00:00,8.2,52,19.7,26.0,1011.3
2016-10-08 18:00:00,7.9,52,13.7,1.0,1012.6
2016-10-08 19:00:00,7.3,55,12.1,0.0,1012.9
2016-10-08 20:00:00,6.0,62,8.9,0.0,1013.8
2016-10-08 21:00:00,4.9,68,7.9,0.0,1014.2
2016-10-08 22:00:00,4.1,72,7.6,0.0,1014.7
2016-10-08 23:00:00,3.4,75,7.9,0.0,1014.8
2016-10-09 00:00:00,2.9,76,8.5,0.0,1015.0
2016-10-09 01:00:00,2.7,74,9.4,0.0,1015.0
2016-10-09 02:00:00,2.5,72,9.5,0.0,1015.4
2016-10-09 03:00:00,2.3,70,8.9,0.0,1015.5
2016-10-09 04:00:00,1.8,72,7.6,0.0,1015.4
2016-10-09 05:00:00,1.4,73,7.0,0.0,1015.8
2016-10-09 06:00:00,0.9,74,6.5,0.0,1016.3
2016-10-09 07:00:00,1.9,75,7.1,68.0,1016.8
2016-10-09 08:00:00,4.8,53,6.5,237.0,1017.6
2016-10-09 09:00:00,6.6,48,7.0,413.0,1017.3
2016-10-09 10:00:00,8.2,43,7.3,555.0,1017.4
2016-10-09 11:00:00,9.4,39,9.5,648.0,1016.8
2016-10-09 12:00:00,10.3,36,10.5,682.0,1016.2
2016-10-09 13:00:00,10.9,35,10.4,653.0,1015.2
2016-10-09 14:00:00,11.3,34,10.3,563.0,1015.0
2016-10-09 15:00:00,11.8,34,12.6,415.0,1015.0
2016-10-09 16:00:00,11.7,34,10.4,211.0,1015.1
2016-10-09 17:00:00,10.9,42,4.5,43.0,1014.7
2016-10-09 18:00:00,9.1,50,10.6,1.0,1014.2
2016-10-09 19:00:00,7.6,54,10.9,0.0,1014.6
2016-10-09 20:00:00,6.4,59,10.4,0.0,1015.2
2016-10-09 21:00:00,5.7,62,9.4,0.0,1015.1
2016-10-09 22:00:00,5.0,65,8.6,0.0,1015.6
2016-10-09 23:00:00,4.5,67,8.8,0.0,1014.5
2016-10-10 00:00:00,4.2,67,9.2,0.0,1014.3
2016-10-10 01:00:00,4.1,67,9.2,0.0,1014.1
2016-10-10 02:00:00,3.9,67,9.2,0.0,1014.0
2016-10-10 03:00:00,3.6,70,9.7,0.0,1013.9
2016-10-10 04:00:00,3.6,70,10.3,0.0,1013.8
2016-10-10 05:00:00,3.6,70,10.9,0.0,1013.9
2016-10-10 06:00:00,3.7,69,11.9,0.0,1013.6
2016-10-10 07:00:00,5.1,68,14.5,61.0,1013.4
2016-10-10 08:00:00,8.6,59,14.5,221.0,1013.9
2016-10-10 09:00:00,11.5,55,15.5,388.0,1013.2
2016-10-10 10:00:00,13.8,55,17.2,521.0,1012.9
2016-10-10 11:00:00,15.6,55,19.1,610.0,1012.2
2016-10-10 12:00:00,17.1,51,23.5,639.0,1011.0
2016-10-10 13:00:00,16.9,54,21.0,312.0,1009.7
2016-10-10 14:00:00,16.4,59,22.7,122.0,1009.0
2016-10-10 15:00:00,16.0,63,20.9,124.0,1007.9
2016-10-10 16:00:00,15.8,64,22.7,105.0,1007.2
2016-10-10 17:00:00,15.4,67,20.4,55.0,1007.0
2016-10-10 18:00:00,14.4,72,20.0,0.0,1007.5
2016-10-10 19:00:00,12.7,85,16.1,0.0,1008.2
2016-10-10 20:00:00,11.8,93,9.0,0.0,1008.9
2016-10-10 21:00:00,10.8,95,6.6,0.0,1009.3
2016-10-10 22:00:00,9.6,94,10.5,0.0,1010.3
2016-10-10 23:00:00,8.1,92,18.4,0.0,1011.3
2016-10-11 00:00:00,6.8,87,20.0,0.0,1012.2
2016-10-11 01:00:00,6.3,86,16.5,0.0,1012.8
2016-10-11 02:00:00,6.2,85,13.9,0.0,1013.3
2016-10-11 03:00:00,6.0,81,13.0,0.0,1013.7
2016-10-11 04:00:00,5.1,83,14.8,0.0,1014.2
2016-10-11 05:00:00,4.1,84,14.8,0.0,1015.0
2016-10-11 06:00:00,3.4,85,12.3,0.0,1015.5
2016-10-11 07:00:00,3.7,82,12.8,58.0,1015.6
2016-10-11 08:00:00,5.3,72,12.5,215.0,1016.7
2016-10-11 09:00:00,7.1,62,12.1,394.0,1016.9
2016-10-11 10:00:00,8.8,51,10.9,539.0,1017.3
2016-10-11 11:00:00,10.0,41,10.9,632.0,1017.2
2016-10-11 12:00:00,10.7,38,11.9,666.0,1016.5
2016-10-11 13:00:00,11.2,37,12.6,638.0,1016.1
2016-10-11 14:00:00,11.4,36,11.9,550.0,1015.6
2016-10-11 15:00:00,11.5,37,10.4,412.0,1015.7
2016-10-11 16:00:00,11.1,38,8.3,241.0,1015.7
2016-10-11 17:00:00,10.2,45,8.5,73.0,1016.2
2016-10-11 18:00:00,8.3,66,5.2,0.0,1016.5
2016-10-11 19:00:00,8.5,47,3.2,0.0,1017.2
2016-10-11 20:00:00,6.1,67,4.3,0.0,1017.3
2016-10-11 21:00:00,4.8,74,6.7,0.0,1017.5
2016-10-11 22:00:00,3.9,79,6.2,0.0,1017.9
2016-10-11 23:00:00,3.3,81,4.6,0.0,1018.2
2016-10-12 00:00:00,2.9,82,4.3,0.0,1018.4
2016-10-12 01:00:00,2.5,83,5.4,0.0,1018.6
2016-10-12 02:00:00,2.1,84,6.2,0.0,1018.7
2016-10-12 03:00:00,3.3,75,5.9,0.0,1018.8
2016-10-12 04:00:00,2.9,76,5.9,0.0,1018.8
2016-10-12 05:00:00,2.5,78,5.8,0.0,1019.3
2016-10-12 06:00:00,2.0,81,5.6,0.0,1019.5
2016-10-12 07:00:00,2.9,80,6.9,59.0,1019.6
2016-10-12 08:00:00,6.3,66,4.8,221.0,1019.9
2016-10-12 09:00:00,9.1,54,5.1,391.0,1019.9
2016-10-12 10:00:00,11.0,45,5.2,529.0,1019.6
2016-10-12 11:00:00,12.3,42,6.8,619.0,1019.4
2016-10-12 12:00:00,13.3,40,7.4,651.0,1018.4
2016-10-12 13:00:00,13.9,40,8.4,622.0,1017.6
2016-10-12 14:00:00,14.3,40,8.8,535.0,1016.5
2016-10-12 15:00:00,14.6,41,9.2,398.0,1015.9
2016-10-12 16:00:00,14.2,45,6.6,230.0,1015.4
2016-10-12 17:00:00,12.8,53,9.4,68.0,1015.1
2016-10-12 18:00:00,10.8,61,8.3,0.0,1014.6
2016-10-12 19:00:00,9.4,65,8.7,0.0,1014.9
2016-10-12 20:00:00,8.6,67,10.2,0.0,1015.0
2016-10-12 21:00:00,8.1,69,10.4,0.0,1014.9
2016-10-12 22:00:00,7.8,70,11.2,0.0,1014.7
2016-10-12 23:00:00,7.9,69,13.0,0.0,1014.7
2016-10-13 00:00:00,8.2,69,14.4,0.0,1014.3
2016-10-13 01:00:00,8.3,75,16.2,0.0,1014.0
2016-10-13 02:00:00,8.6,80,15.9,0.0,1013.6
2016-10-13 03:00:00,8.5,84,15.1,0.0,1013.3
2016-10-13 04:00:00,8.5,86,15.5,0.0,1012.8
2016-10-13 05:00:00,8.5,86,15.6,0.0,1013.1
2016-10-13 06:00:00,8.4,85,16.0,0.0,1012.9
2016-10-13 07:00:00,9.4,83,18.4,48.0,1013.0
2016-10-13 08:00:00,11.6,78,18.5,163.0,1013.2
2016-10-13 09:00:00,13.3,75,18.5,241.0,1013.2
2016-10-13 10:00:00,15.3,72,19.1,328.0,1013.1
2016-10-13 11:00:00,17.0,70,19.2,388.0,1012.7
2016-10-13 12:00:00,17.2,71,19.4,151.0,1012.0
2016-10-13 13:00:00,17.5,72,17.1,157.0,1011.6
2016-10-13 14:00:00,18.7,66,16.6,388.0,1010.9
2016-10-13 15:00:00,18.2,67,15.5,272.0,1010.9
2016-10-13 16:00:00,17.5,72,13.2,175.0,1010.8
2016-10-13 17:00:00,15.8,78,14.2,44.0,1011.0
2016-10-13 18:00:00,14.0,84,16.3,0.0,1011.5
2016-10-13 19:00:00,13.4,86,15.5,0.0,1012.0
2016-10-13 20:00:00,12.8,88,14.8,0.0,1012.6
2016-10-13 21:00:00,12.4,90,14.0,0.0,1012.9
2016-10-13 22:00:00,12.1,91,13.1,0.0,1013.3
2016-10-13 23:00:00,12.0,93,12.4,0.0,1013.1
2016-10-14 00:00:00,11.9,93,12.1,0.0,1013.1
2016-10-14 01:00:00,11.7,94,11.9,0.0,1013.2
2016-10-14 02:00:00,12.0,94,11.9,0.0,1013.2
2016-10-14 03:00:00,12.7,93,12.7,0.0,1013.1
2016-10-14 04:00:00,13.1,93,13.7,0.0,1013.0
2016-10-14 05:00:00,13.0,93,14.0,0.0,1012.8
2016-10-14 06:00:00,13.2,92,13.9,0.0,1012.5
2016-10-14 07:00:00,13.4,92,14.8,35.0,1012.9
2016-10-14 08:00:00,15.0,85,15.3,158.0,1013.3
2016-10-14 09:00:00,16.5,79,16.6,246.0,1013.2
2016-10-14 10:00:00,18.6,72,17.7,443.0,1013.4
2016-10-14 11:00:00,20.1,66,18.8,472.0,1012.9
2016-10-14 12:00:00,21.7,60,20.3,560.0,1012.3
2016-10-14 13:00:00,22.4,57,19.7,445.0,1011.5
2016-10-14 14:00:00,22.8,56,20.1,449.0,1011.1
2016-10-14 15:00:00,22.5,57,19.5,302.0,1011.1
2016-10-14 16:00:00,21.6,61,15.6,186.0,1011.2
2016-10-14 17:00:00,19.7,65,14.7,55.0,1011.7
2016-10-14 18:00:00,17.8,68,16.3,0.0,1012.4
2016-10-14 19:00:00,16.4,71,15.6,0.0,1013.1
2016-10-14 20:00:00,15.4,75,14.8,0.0,1013.5
2016-10-14 21:00:00,14.8,77,14.5,0.0,1013.9
2016-10-14 22:00:00,14.5,77,15.2,0.0,1014.0
2016-10-14 23:00:00,14.4,77,16.4,0.0,1014.4
2016-10-15 00:00:00,14.5,76,17.1,0.0,1014.4
2016-10-15 01:00:00,14.4,78,17.2,0.0,1014.9
2016-10-15 02:00:00,14.3,79,18.1,0.0,1014.9
2016-10-15 03:00:00,14.4,79,18.3,0.0,1015.2
2016-10-15 04:00:00,14.3,80,17.9,0.0,1015.2
2016-10-15 05:00:00,14.1,81,17.6,0.0,1015.2
2016-10-15 06:00:00,13.9,81,17.7,0.0,1015.3
2016-10-15 07:00:00,14.4,78,18.7,48.0,1016.0
2016-10-15 08:00:00,16.4,72,18.6,200.0,1015.9
2016-10-15 09:00:00,18.6,64,20.9,364.0,1016.0
2016-10-15 10:00:00,20.5,58,22.9,497.0,1016.1
2016-10-15 11:00:00,22.0,53,24.2,584.0,1015.6
2016-10-15 12:00:00,23.1,48,24.7,615.0,1015.3
2016-10-15 13:00:00,23.6,46,24.5,577.0,1014.5
2016-10-15 14:00:00,23.6,45,23.2,501.0,1014.0
2016-10-15 15:00:00,23.3,46,19.2,369.0,1014.0
2016-10-15 16:00:00,22.0,51,15.4,206.0,1013.8
2016-10-15 17:00:00,19.9,58,12.1,51.0,1014.1
2016-10-15 18:00:00,18.1,65,12.9,0.0,1014.2
2016-10-15 19:00:00,16.8,71,13.5,0.0,1014.5
2016-10-15 20:00:00,15.9,77,14.3,0.0,1014.6
2016-10-15 21:00:00,15.3,82,14.7,0.0,1015.2
2016-10-15 22:00:00,14.9,84,14.8,0.0,1015.2
2016-10-15 23:00:00,14.7,85,15.1,0.0,1015.1
2016-10-16 00:00:00,14.6,84,15.0,0.0,1014.6
2016-10-16 01:00:00,14.5,84,15.0,0.0,1014.6
2016-10-16 02:00:00,14.4,85,14.6,0.0,1014.3
2016-10-16 03:00:00,14.4,84,13.4,0.0,1014.0
2016-10-16 04:00:00,14.2,85,12.6,0.0,1013.3
2016-10-16 05:00:00,14.3,85,12.2,0.0,1013.1
2016-10-16 06:00:00,14.2,85,12.7,0.0,1012.3
2016-10-16 07:00:00,14.4,84,12.8,12.0,1012.6
2016-10-16 08:00:00,15.0,81,11.6,52.0,1012.2
2016-10-16 09:00:00,15.4,79,11.3,87.0,1011.9
2016-10-16 10:00:00,15.6,77,10.3,115.0,1011.6
2016-10-16 11:00:00,15.8,77,9.1,153.0,1010.9
2016-10-16 12:00:00,16.1,78,11.9,157.0,1009.6
2016-10-16 13:00:00,16.9,75,16.7,147.0,1008.8
2016-10-16 14:00:00,17.7,70,19.5,162.0,1007.8
2016-10-16 15:00:00,17.9,70,21.4,201.0,1007.3
2016-10-16 16:00:00,17.6,71,21.1,115.0,1006.8
2016-10-16 17:00:00,16.9,74,19.7,41.0,1006.4
2016-10-16 18:00:00,16.1,78,18.1,0.0,1006.2
2016-10-16 19:00:00,15.5,81,18.4,0.0,1006.3
2016-10-16 20:00:00,15.0,84,19.6,0.0,1006.3
2016-10-16 21:00:00,14.8,86,21.1,0.0,1006.5
2016-10-16 22:00:00,14.4,88,22.2,0.0,1006.6
2016-10-16 23:00:00,14.4,89,22.3,0.0,1006.9
2016-10-17 00:00:00,14.2,90,21.2,0.0,1007.4
2016-10-17 01:00:00,14.2,90,19.6,0.0,1008.5
2016-10-17 02:00:00,13.7,80,17.8,0.0,1009.5
2016-10-17 03:00:00,11.8,60,18.8,0.0,1010.5
2016-10-17 04:00:00,10.1,59,15.5,0.0,1011.7
2016-10-17 05:00:00,8.8,63,11.8,0.0,1012.7
2016-10-17 06:00:00,7.8,67,7.4,0.0,1013.3
2016-10-17 07:00:00,7.7,70,9.5,46.0,1014.0
2016-10-17 08:00:00,9.6,56,10.5,196.0,1015.1
2016-10-17 09:00:00,10.6,49,14.2,365.0,1015.6
2016-10-17 10:00:00,11.4,46,14.6,502.0,1015.7
2016-10-17 11:00:00,12.1,44,13.5,592.0,1015.3
2016-10-17 12:00:00,12.7,42,12.2,623.0,1014.7
2016-10-17 13:00:00,13.0,41,12.3,594.0,1014.2
2016-10-17 14:00:00,13.2,40,12.2,507.0,1013.9
2016-10-17 15:00:00,13.1,39,11.5,372.0,1013.8
2016-10-17 16:00:00,12.7,40,9.8,206.0,1013.8
2016-10-17 17:00:00,11.2,47,7.2,50.0,1014.0
2016-10-17 18:00:00,9.6,57,7.1,0.0,1013.5
2016-10-17 19:00:00,8.3,65,7.2,0.0,1014.4
2016-10-17 20:00:00,7.3,71,7.1,0.0,1014.9
2016-10-17 21:00:00,6.4,75,6.9,0.0,1014.9
2016-10-17 22:00:00,5.7,78,7.0,0.0,1015.5
2016-10-17 23:00:00,5.1,81,6.8,0.0,1015.6
2016-10-18 00:00:00,4.6,83,6.7,0.0,1015.7
2016-10-18 01:00:00,4.2,84,6.6,0.0,1015.6
2016-10-18 02:00:00,3.8,86,6.4,0.0,1015.3
2016-10-18 03:00:00,3.8,85,6.4,0.0,1015.2
2016-10-18 04:00:00,3.6,86,7.1,0.0,1014.3
2016-10-18 05:00:00,3.6,84,8.4,0.0,1013.7
2016-10-18 06:00:00,3.6,83,9.0,0.0,1012.8
2016-10-18 07:00:00,4.4,82,11.0,44.0,1013.0
2016-10-18 08:00:00,8.6,67,9.7,198.0,1013.4
2016-10-18 09:00:00,12.3,51,10.8,364.0,1013.6
2016-10-18 10:00:00,15.0,40,13.6,500.0,1013.4
2016-10-18 11:00:00,16.8,35,16.1,586.0,1012.7
2016-10-18 12:00:00,18.0,35,18.9,615.0,1012.2
2016-10-18 13:00:00,18.8,36,19.6,584.0,1011.4
2016-10-18 14:00:00,19.1,37,18.8,496.0,1011.1
2016-10-18 15:00:00,19.3,41,15.5,359.0,1011.1
2016-10-18 16:00:00,18.2,48,8.5,196.0,1011.2
2016-10-18 17:00:00,15.9,57,9.2,45.0,1011.0
2016-10-18 18:00:00,13.8,63,10.0,0.0,1010.7
2016-10-18 19:00:00,12.6,65,10.0,0.0,1010.9
2016-10-18 20:00:00,11.5,68,9.8,0.0,1011.0
2016-10-18 21:00:00,10.7,71,10.8,0.0,1010.9
2016-10-18 22:00:00,10.1,72,11.6,0.0,1010.8
2016-10-18 23:00:00,9.8,73,13.1,0.0,1010.4
2016-10-19 00:00:00,9.6,72,14.1,0.0,1010.2
2016-10-19 01:00:00,9.7,70,14.8,0.0,1009.6
2016-10-19 02:00:00,10.0,69,15.5,0.0,1009.2
2016-10-19 03:00:00,10.5,69,16.2,0.0,1008.8
2016-10-19 04:00:00,10.8,69,17.7,0.0,1008.1
2016-10-19 05:00:00,11.2,70,19.2,0.0,1008.0
2016-10-19 06:00:00,11.5,74,20.0,0.0,1007.7
2016-10-19 07:00:00,12.6,76,20.6,38.0,1007.5
2016-10-19 08:00:00,14.5,76,18.9,142.0,1008.0
2016-10-19 09:00:00,16.8,73,20.3,272.0,1007.9
2016-10-19 10:00:00,18.6,72,28.0,342.0,1007.8
2016-10-19 11:00:00,19.7,69,24.7,289.0,1007.4
2016-10-19 12:00:00,20.1,68,18.5,209.0,1007.2
2016-10-19 13:00:00,20.5,66,16.6,200.0,1007.0
2016-10-19 14:00:00,20.3,67,13.9,115.0,1007.0
2016-10-19 15:00:00,18.6,68,15.0,119.0,1007.8
2016-10-19 16:00:00,16.6,66,19.3,85.0,1008.9
2016-10-19 17:00:00,14.2,63,20.5,29.0,1010.4
2016-10-19 18:00:00,12.2,64,20.0,0.0,1011.6
2016-10-19 19:00:00,10.7,66,21.7,0.0,1013.2
2016-10-19 20:00:00,9.5,67,20.5,0.0,1014.1
2016-10-19 21:00:00,8.5,69,18.8,0.0,1015.4
2016-10-19 22:00:00,7.7,71,16.6,0.0,1016.4
2016-10-19 23:00:00,6.9,72,16.5,0.0,1017.5
2016-10-20 00:00:00,6.2,73,15.8,0.0,1018.0
2016-10-20 01:00:00,5.8,74,17.1,0.0,1018.8
2016-10-20 02:00:00,5.2,75,17.9,0.0,1019.3
2016-10-20 03:00:00,4.7,73,17.7,0.0,1019.5
2016-10-20 04:00:00,4.3,74,18.6,0.0,1019.9
2016-10-20 05:00:00,3.9,74,18.7,0.0,1020.3
2016-10-20 06:00:00,3.5,73,17.9,0.0,1020.7
2016-10-20 07:00:00,3.8,72,16.9,37.0,1021.2
2016-10-20 08:00:00,4.9,64,20.8,185.0,1021.7
2016-10-20 09:00:00,6.1,59,21.8,347.0,1021.7
2016-10-20 10:00:00,7.3,54,22.0,497.0,1021.3
2016-10-20 11:00:00,8.4,50,21.3,559.0,1020.7
2016-10-20 12:00:00,9.1,46,21.0,481.0,1020.1
2016-10-20 13:00:00,9.6,44,21.0,449.0,1019.1
2016-10-20 14:00:00,9.9,41,20.7,396.0,1018.3
2016-10-20 15:00:00,10.3,40,19.9,327.0,1017.8
2016-10-20 16:00:00,9.7,42,16.9,158.0,1017.6
2016-10-20 17:00:00,8.4,45,16.3,32.0,1017.4
2016-10-20 18:00:00,7.1,47,16.5,0.0,1017.3
2016-10-20 19:00:00,6.2,49,16.6,0.0,1016.7
2016-10-20 20:00:00,5.6,49,16.7,0.0,1017.1
2016-10-20 21:00:00,5.2,50,16.8,0.0,1017.0
2016-10-20 22:00:00,4.7,51,16.1,0.0,1016.6
2016-10-20 23:00:00,4.3,52,15.0,0.0,1016.2
2016-10-21 00:00:00,4.4,52,14.8,0.0,1015.7
2016-10-21 01:00:00,4.6,52,14.0,0.0,1015.3
2016-10-21 02:00:00,4.8,53,13.0,0.0,1015.2
2016-10-21 03:00:00,5.2,52,11.6,0.0,1014.4
2016-10-21 04:00:00,4.7,59,7.5,0.0,1014.1
2016-10-21 05:00:00,4.3,63,5.5,0.0,1013.8
2016-10-21 06:00:00,4.4,67,5.3,0.0,1013.7
2016-10-21 07:00:00,5.2,68,5.2,21.0,1013.6
2016-10-21 08:00:00,7.1,54,3.9,102.0,1013.8
2016-10-21 09:00:00,9.8,51,3.3,277.0,1013.3
2016-10-21 10:00:00,11.7,51,3.1,343.0,1012.8
2016-10-21 11:00:00,12.7,52,5.2,318.0,1011.9
2016-10-21 12:00:00,13.2,52,7.1,317.0,1011.2
2016-10-21 13:00:00,12.9,52,7.9,169.0,1010.7
2016-10-21 14:00:00,12.5,52,9.2,106.0,1010.6
2016-10-21 15:00:00,11.7,52,11.2,58.0,1010.5
2016-10-21 16:00:00,10.8,53,10.5,27.0,1010.4
2016-10-21 17:00:00,10.1,56,10.2,3.0,1010.9
2016-10-21 18:00:00,9.3,61,13.0,0.0,1011.9
2016-10-21 19:00:00,8.6,66,14.2,0.0,1012.3
2016-10-21 20:00:00,8.0,69,15.0,0.0,1012.1
2016-10-21 21:00:00,7.1,76,17.3,0.0,1012.4
2016-10-21 22:00:00,6.1,85,19.1,0.0,1012.7
2016-10-21 23:00:00,5.9,86,19.8,0.0,1013.2
2016-10-22 00:00:00,5.6,89,19.1,0.0,1013.4
2016-10-22 01:00:00,5.3,89,19.5,0.0,1014.3
2016-10-22 02:00:00,4.5,89,23.1,0.0,1015.4
2016-10-22 03:00:00,2.9,87,25.7,0.0,1015.9
2016-10-22 04:00:00,2.1,88,22.9,0.0,1016.1
2016-10-22 05:00:00,1.8,88,22.6,0.0,1016.6
2016-10-22 06:00:00,1.6,86,25.2,0.0,1017.7
2016-10-22 07:00:00,1.6,83,26.6,13.0,1018.4
2016-10-22 08:00:00,2.0,75,28.6,97.0,1019.2
2016-10-22 09:00:00,3.0,66,28.3,237.0,1019.4
2016-10-22 10:00:00,4.2,59,28.7,361.0,1019.0
2016-10-22 11:00:00,4.8,55,28.4,382.0,1018.8
2016-10-22 12:00:00,6.0,50,28.4,540.0,1018.6
2016-10-22 13:00:00,6.4,48,28.4,440.0,1018.0
2016-10-22 14:00:00,6.7,47,28.2,412.0,1017.4
2016-10-22 15:00:00,6.0,49,26.3,322.0,1017.9
2016-10-22 16:00:00,5.5,50,23.3,148.0,1018.1
2016-10-22 17:00:00,4.7,52,20.7,29.0,1018.5
2016-10-22 18:00:00,4.2,53,20.9,0.0,1018.9
2016-10-22 19:00:00,3.6,55,21.0,0.0,1018.5
2016-10-22 20:00:00,2.9,57,20.4,0.0,1018.7
2016-10-22 21:00:00,2.3,59,20.0,0.0,1018.7
2016-10-22 22:00:00,1.8,60,19.5,0.0,1018.6
2016-10-22 23:00:00,1.4,61,19.5,0.0,1018.3
2016-10-23 00:00:00,1.0,63,18.6,0.0,1018.2
2016-10-23 01:00:00,0.7,64,17.8,0.0,1018.4
2016-10-23 02:00:00,0.5,65,17.5,0.0,1018.2
2016-10-23 03:00:00,0.4,65,17.1,0.0,1017.8
2016-10-23 04:00:00,0.2,65,16.5,0.0,1017.5
2016-10-23 05:00:00,0.0,65,16.4,0.0,1017.4
2016-10-23 06:00:00,-0.1,66,15.0,0.0,1017.2
2016-10-23 07:00:00,0.1,67,15.2,29.0,1016.9
2016-10-23 08:00:00,1.8,60,14.6,149.0,1017.8
2016-10-23 09:00:00,3.9,53,13.7,336.0,1017.6
2016-10-23 10:00:00,6.0,48,14.3,484.0,1017.3
2016-10-23 11:00:00,8.0,43,15.6,575.0,1016.8
2016-10-23 12:00:00,9.4,38,16.3,604.0,1015.8
2016-10-23 13:00:00,10.3,36,16.3,573.0,1014.8
2016-10-23 14:00:00,10.6,35,15.3,484.0,1014.2
2016-10-23 15:00:00,10.7,36,14.0,346.0,1013.9
2016-10-23 16:00:00,9.9,42,10.0,180.0,1013.7
2016-10-23 17:00:00,7.7,50,9.7,34.0,1013.8
2016-10-23 18:00:00,5.9,56,10.7,0.0,1013.3
2016-10-23 19:00:00,4.7,62,9.7,0.0,1013.5
2016-10-23 20:00:00,3.6,66,8.7,0.0,1013.5
2016-10-23 21:00:00,2.8,70,8.1,0.0,1013.7
2016-10-23 22:00:00,1.9,75,6.9,0.0,1013.7
2016-10-23 23:00:00,1.2,79,6.4,0.0,1013.5
2016-10-24 00:00:00,0.5,83,6.8,0.0,1013.1
2016-10-24 01:00:00,-0.1,86,5.9,0.0,1013.1
2016-10-24 02:00:00,-0.5,88,5.6,0.0,1012.9
2016-10-24 03:00:00,-0.9,89,4.7,0.0,1013.2
2016-10-24 04:00:00,-1.2,90,5.1,0.0,1013.1
2016-10-24 05:00:00,-1.4,90,5.4,0.0,1013.0
2016-10-24 06:00:00,-1.5,90,5.7,0.0,1012.6
2016-10-24 07:00:00,-0.9,89,9.0,31.0,1013.4
2016-10-24 08:00:00,3.3,79,6.5,174.0,1013.5
2016-10-24 09:00:00,7.9,58,4.7,338.0,1013.3
2016-10-24 10:00:00,10.7,45,5.5,473.0,1012.7
2016-10-24 11:00:00,12.6,39,6.5,562.0,1011.5
2016-10-24 12:00:00,13.7,36,6.3,579.0,1010.0
2016-10-24 13:00:00,14.4,36,6.9,550.0,1008.7
2016-10-24 14:00:00,14.7,36,8.0,431.0,1008.3
2016-10-24 15:00:00,14.4,39,7.8,249.0,1007.6
2016-10-24 16:00:00,13.5,48,6.3,121.0,1007.5
2016-10-24 17:00:00,12.0,62,8.1,16.0,1007.1
2016-10-24 18:00:00,10.7,66,6.6,0.0,1006.1
2016-10-24 19:00:00,9.7,72,5.9,0.0,1006.3
2016-10-24 20:00:00,9.3,70,9.1,0.0,1006.0
2016-10-24 21:00:00,9.3,72,11.2,0.0,1005.5
2016-10-24 22:00:00,9.6,75,12.1,0.0,1005.2
2016-10-24 23:00:00,9.6,80,11.3,0.0,1005.0
2016-10-25 00:00:00,9.4,84,10.6,0.0,1004.8
2016-10-25 01:00:00,9.0,87,10.7,0.0,1004.4
2016-10-25 02:00:00,8.6,89,9.8,0.0,1003.8
2016-10-25 03:00:00,8.3,89,9.4,0.0,1003.7
2016-10-25 04:00:00,7.7,92,9.1,0.0,1003.7
2016-10-25 05:00:00,7.3,93,8.2,0.0,1003.5
2016-10-25 06:00:00,6.4,95,6.0,0.0,1003.2
2016-10-25 07:00:00,6.1,96,6.8,26.0,1003.7
2016-10-25 08:00:00,8.4,89,8.2,148.0,1004.9
2016-10-25 09:00:00,9.8,72,10.5,302.0,1005.6
2016-10-25 10:00:00,10.9,58,8.5,434.0,1005.8
2016-10-25 11:00:00,11.9,51,6.6,508.0,1006.1
2016-10-25 12:00:00,12.8,48,6.0,560.0,1005.9
2016-10-25 13:00:00,13.4,47,6.2,551.0,1005.2
2016-10-25 14:00:00,13.8,46,4.7,461.0,1004.6
2016-10-25 15:00:00,14.4,45,6.3,327.0,1004.0
2016-10-25 16:00:00,13.8,51,5.4,167.0,1003.8
2016-10-25 17:00:00,11.7,60,8.3,29.0,1004.4
2016-10-25 18:00:00,10.2,66,9.4,0.0,1004.6
2016-10-25 19:00:00,9.3,68,10.2,0.0,1005.2
2016-10-25 20:00:00,9.0,69,13.7,0.0,1005.9
2016-10-25 21:00:00,8.8,70,15.6,0.0,1006.6
2016-10-25 22:00:00,8.7,71,15.3,0.0,1007.6
2016-10-25 23:00:00,8.5,75,13.5,0.0,1008.4
2016-10-26 00:00:00,8.0,80,13.1,0.0,1010.1
2016-10-26 01:00:00,7.7,71,18.4,0.0,1012.2
2016-10-26 02:00:00,6.8,46,21.6,0.0,1013.8
2016-10-26 03:00:00,5.6,39,17.6,0.0,1015.0
2016-10-26 04:00:00,5.1,38,18.0,0.0,1016.0
2016-10-26 05:00:00,4.1,39,18.7,0.0,1017.1
2016-10-26 06:00:00,3.1,40,17.7,0.0,1017.6
2016-10-26 07:00:00,2.4,43,19.1,15.0,1019.1
2016-10-26 08:00:00,2.3,43,19.7,106.0,1019.8
2016-10-26 09:00:00,3.0,43,19.6,281.0,1020.0
2016-10-26 10:00:00,4.0,42,18.4,449.0,1020.4
2016-10-26 11:00:00,4.9,40,16.7,526.0,1020.9
2016-10-26 12:00:00,5.6,38,15.6,555.0,1020.5
2016-10-26 13:00:00,6.0,37,14.8,516.0,1020.0
2016-10-26 14:00:00,6.2,36,13.7,459.0,1019.9
2016-10-26 15:00:00,5.9,37,13.4,334.0,1019.9
2016-10-26 16:00:00,5.3,38,11.6,169.0,1019.7
2016-10-26 17:00:00,3.8,45,7.6,28.0,1020.1
2016-10-26 18:00:00,2.5,52,8.2,0.0,1020.8
2016-10-26 19:00:00,1.5,57,8.1,0.0,1021.1
2016-10-26 20:00:00,0.7,61,8.4,0.0,1021.6
2016-10-26 21:00:00,0.1,65,8.2,0.0,1022.1
2016-10-26 22:00:00,-0.5,67,7.6,0.0,1022.3
2016-10-26 23:00:00,-1.0,68,7.6,0.0,1022.0
2016-10-27 00:00:00,-1.3,69,8.0,0.0,1022.1
2016-10-27 01:00:00,-1.6,71,7.9,0.0,1021.8
2016-10-27 02:00:00,-1.9,73,7.1,0.0,1021.9
2016-10-27 03:00:00,-2.0,72,6.3,0.0,1021.3
2016-10-27 04:00:00,-2.2,75,5.8,0.0,1021.2
2016-10-27 05:00:00,-2.4,77,5.6,0.0,1021.3
2016-10-27 06:00:00,-2.5,79,5.8,0.0,1021.0
2016-10-27 07:00:00,-2.1,81,8.3,25.0,1021.4
2016-10-27 08:00:00,1.4,69,6.2,159.0,1021.6
2016-10-27 09:00:00,4.5,53,5.6,318.0,1020.9
2016-10-27 10:00:00,6.8,45,4.0,449.0,1020.8
2016-10-27 11:00:00,8.7,39,5.2,530.0,1020.2
2016-10-27 12:00:00,10.1,35,6.9,522.0,1018.6
2016-10-27 13:00:00,11.2,33,7.7,495.0,1017.4
2016-10-27 14:00:00,11.7,33,7.1,365.0,1017.0
2016-10-27 15:00:00,11.9,32,6.7,275.0,1016.6
2016-10-27 16:00:00,11.3,38,5.8,118.0,1016.8
2016-10-27 17:00:00,10.1,47,6.5,15.0,1016.7
2016-10-27 18:00:00,8.9,50,9.0,0.0,1016.9
2016-10-27 19:00:00,7.7,57,9.4,0.0,1017.5
2016-10-27 20:00:00,6.1,77,7.2,0.0,1017.9
2016-10-27 21:00:00,5.5,84,5.1,0.0,1018.1
2016-10-27 22:00:00,5.3,85,2.9,0.0,1018.0
2016-10-27 23:00:00,5.2,90,2.4,0.0,1017.6
2016-10-28 00:00:00,5.4,89,2.5,0.0,1017.4
2016-10-28 01:00:00,5.3,86,5.4,0.0,1017.4
2016-10-28 02:00:00,5.0,87,8.6,0.0,1017.3
2016-10-28 03:00:00,5.6,85,9.0,0.0,1017.0
2016-10-28 04:00:00,5.4,83,7.9,0.0,1016.5
2016-10-28 05:00:00,5.2,82,5.6,0.0,1016.6
2016-10-28 06:00:00,5.0,80,5.4,0.0,1016.1
2016-10-28 07:00:00,4.5,75,9.4,7.0,1017.1
2016-10-28 08:00:00,4.4,56,15.2,118.0,1017.8
2016-10-28 09:00:00,4.8,47,16.9,281.0,1017.7
2016-10-28 10:00:00,5.8,45,16.6,421.0,1018.0
2016-10-28 11:00:00,6.8,44,16.2,541.0,1018.3
2016-10-28 12:00:00,7.7,42,17.6,577.0,1017.6
2016-10-28 13:00:00,8.1,38,19.1,544.0,1017.7
2016-10-28 14:00:00,8.1,36,20.3,455.0,1017.8
2016-10-28 15:00:00,8.0,34,20.2,318.0,1018.1
2016-10-28 16:00:00,7.1,37,15.5,158.0,1018.2
2016-10-28 17:00:00,5.3,42,12.5,24.0,1018.9
2016-10-28 18:00:00,3.9,47,12.9,0.0,1019.8
2016-10-28 19:00:00,2.6,54,10.9,0.0,1020.4
2016-10-28 20:00:00,1.5,60,8.3,0.0,1021.3
2016-10-28 21:00:00,0.6,65,8.0,0.0,1021.9
2016-10-28 22:00:00,-0.2,70,7.1,0.0,1022.3
2016-10-28 23:00:00,-0.6,70,9.2,0.0,1022.6
2016-10-29 00:00:00,0.0,60,4.0,0.0,1022.9
2016-10-29 01:00:00,-1.8,74,4.7,0.0,1023.2
2016-10-29 02:00:00,-2.4,76,6.6,0.0,1023.1
2016-10-29 03:00:00,-2.6,71,7.8,0.0,1023.5
2016-10-29 04:00:00,-2.6,63,9.8,0.0,1023.6
2016-10-29 05:00:00,-2.7,58,10.7,0.0,1024.0
2016-10-29 06:00:00,-3.1,59,7.2,0.0,1024.3
2016-10-29 07:00:00,-3.2,65,6.6,23.0,1025.1
2016-10-29 08:00:00,-0.5,52,5.8,159.0,1026.1
2016-10-29 09:00:00,1.2,45,7.9,322.0,1025.8
2016-10-29 10:00:00,2.4,41,8.3,458.0,1026.2
2016-10-29 11:00:00,3.3,37,8.0,545.0,1025.6
2016-10-29 12:00:00,4.0,34,7.1,575.0,1024.9
2016-10-29 13:00:00,4.4,31,6.2,544.0,1024.4
2016-10-29 14:00:00,4.5,30,5.2,453.0,1023.6
2016-10-29 15:00:00,4.6,31,2.9,317.0,1023.4
2016-10-29 16:00:00,4.2,32,0.0,154.0,1023.2
2016-10-29 17:00:00,3.4,41,4.1,22.0,1023.0
2016-10-29 18:00:00,1.6,55,7.9,0.0,1022.6
2016-10-29 19:00:00,0.2,56,7.4,0.0,1022.3
2016-10-29 20:00:00,-0.5,56,9.9,0.0,1022.3
2016-10-29 21:00:00,-0.6,52,12.5,0.0,1022.0
2016-10-29 22:00:00,-0.8,51,13.3,0.0,1021.9
2016-10-29 23:00:00,-1.0,51,14.3,0.0,1021.5
2016-10-30 00:00:00,-1.0,50,15.9,0.0,1021.0
2016-10-30 01:00:00,-0.5,47,17.8,0.0,1020.1
2016-10-30 02:00:00,0.5,43,21.0,0.0,1019.4
2016-10-30 03:00:00,1.3,42,21.4,0.0,1018.7
2016-10-30 04:00:00,1.4,44,21.2,0.0,1018.0
2016-10-30 05:00:00,1.5,46,21.2,0.0,1017.7
2016-10-30 06:00:00,1.7,48,20.2,0.0,1017.4
2016-10-30 07:00:00,2.1,51,20.9,19.0,1017.5
2016-10-30 08:00:00,4.1,54,20.9,132.0,1017.3
2016-10-30 09:00:00,4.6,68,19.4,148.0,1016.9
2016-10-30 10:00:00,4.8,77,18.1,84.0,1016.8
2016-10-30 11:00:00,6.6,78,16.6,239.0,1016.1
2016-10-30 12:00:00,6.9,83,13.6,114.0,1015.5
2016-10-30 13:00:00,6.6,87,12.3,54.0,1014.9
2016-10-30 14:00:00,6.3,83,13.8,57.0,1014.9
2016-10-30 15:00:00,5.1,78,19.6,38.0,1016.0
2016-10-30 16:00:00,3.9,76,19.3,32.0,1017.0
2016-10-30 17:00:00,2.6,74,17.5,4.0,1018.5
2016-10-30 18:00:00,1.6,74,15.3,0.0,1020.8
2016-10-30 19:00:00,1.0,71,15.5,0.0,1021.8
2016-10-30 20:00:00,0.6,66,14.9,0.0,1023.3
2016-10-30 21:00:00,0.3,60,14.8,0.0,1024.2
2016-10-30 22:00:00,-0.4,56,14.9,0.0,1025.0
2016-10-30 23:00:00,-1.3,52,19.3,0.0,1025.6
2016-10-31 00:00:00,-2.1,44,20.3,0.0,1026.3
2016-10-31 01:00:00,-3.2,38,17.8,0.0,1026.9
2016-10-31 02:00:00,-4.0,36,14.9,0.0,1027.6
2016-10-31 03:00:00,-4.9,34,12.6,0.0,1027.5
2016-10-31 04:00:00,-5.6,37,10.0,0.0,1027.3
2016-10-31 05:00:00,-6.2,40,7.9,0.0,1027.7
2016-10-31 06:00:00,-6.5,42,5.8,0.0,1028.1
2016-10-31 07:00:00,-6.3,47,8.2,21.0,1028.5
2016-10-31 08:00:00,-4.2,35,8.8,155.0,1029.2
2016-10-31 09:00:00,-3.0,31,13.5,319.0,1029.3
2016-10-31 10:00:00,-2.2,31,14.4,455.0,1028.7
2016-10-31 11:00:00,-1.5,32,13.7,542.0,1028.0
2016-10-31 12:00:00,-0.9,32,13.8,571.0,1027.0
2016-10-31 13:00:00,-0.5,32,14.0,539.0,1026.2
2016-10-31 14:00:00,-0.3,32,14.5,449.0,1025.6
2016-10-31 15:00:00,-0.6,31,15.0,311.0,1025.4
2016-10-31 16:00:00,-1.0,31,13.2,148.0,1025.5
2016-10-31 17:00:00,-2.4,37,7.1,19.0,1025.8
2016-10-31 18:00:00,-3.5,45,6.4,0.0,1026.5
2016-10-31 19:00:00,-4.4,52,8.7,0.0,1026.8
2016-10-31 20:00:00,-5.1,58,7.8,0.0,1027.0
2016-10-31 21:00:00,-5.6,63,5.9,0.0,1026.6
2016-10-31 22:00:00,-5.8,63,7.2,0.0,1026.6
2016-10-31 23:00:00,-6.0,59,6.2,0.0,1026.9
2016-11-01 00:00:00,-6.1,56,6.7,0.0,1026.9
2016-11-01 01:00:00,-6.2,52,6.2,0.0,1027.1
2016-11-01 02:00:00,-6.2,48,6.7,0.0,1027.2
2016-11-01 03:00:00,-6.7,48,6.4,0.0,1026.7
2016-11-01 04:00:00,-7.0,48,6.1,0.0,1026.6
2016-11-01 05:00:00,-7.3,48,5.9,0.0,1026.7
2016-11-01 06:00:00,-7.6,50,6.3,0.0,1026.8
2016-11-01 07:00:00,-7.5,51,7.0,19.0,1027.1
2016-11-01 08:00:00,-4.5,43,6.0,149.0,1027.2
2016-11-01 09:00:00,-2.3,36,6.3,312.0,1027.2
2016-11-01 10:00:00,-0.4,33,7.1,448.0,1027.2
2016-11-01 11:00:00,1.0,29,8.7,536.0,1026.7
2016-11-01 12:00:00,1.9,27,10.1,566.0,1025.7
2016-11-01 13:00:00,2.5,27,11.1,534.0,1024.7
2016-11-01 14:00:00,2.8,26,11.2,444.0,1024.1
2016-11-01 15:00:00,2.6,28,10.7,307.0,1023.3
2016-11-01 16:00:00,1.5,35,7.9,144.0,1023.0
2016-11-01 17:00:00,-0.8,43,8.4,17.0,1022.7
2016-11-01 18:00:00,-2.2,47,10.6,0.0,1023.0
2016-11-01 19:00:00,-2.8,48,12.0,0.0,1022.7
2016-11-01 20:00:00,-3.1,49,13.0,0.0,1023.0
2016-11-01 21:00:00,-3.3,51,13.0,0.0,1022.9
2016-11-01 22:00:00,-3.4,54,13.0,0.0,1022.5
2016-11-01 23:00:00,-3.4,57,12.6,0.0,1022.1
2016-11-02 00:00:00,-3.4,60,13.0,0.0,1021.6
2016-11-02 01:00:00,-3.4,61,13.1,0.0,1021.2
2016-11-02 02:00:00,-3.3,62,13.6,0.0,1020.5
2016-11-02 03:00:00,-3.1,63,14.0,0.0,1019.9
2016-11-02 04:00:00,-3.1,63,14.7,0.0,1019.3
2016-11-02 05:00:00,-3.0,63,15.1,0.0,1018.8
2016-11-02 06:00:00,-3.0,62,15.5,0.0,1018.8
2016-11-02 07:00:00,-2.6,60,16.6,16.0,1018.0
2016-11-02 08:00:00,-0.2,57,18.0,128.0,1018.4
2016-11-02 09:00:00,2.4,51,18.4,240.0,1017.9
2016-11-02 10:00:00,4.5,50,19.8,335.0,1017.4
2016-11-02 11:00:00,5.8,50,21.4,370.0,1016.4
2016-11-02 12:00:00,6.9,49,21.8,424.0,1015.1
2016-11-02 13:00:00,7.9,48,22.1,466.0,1014.4
2016-11-02 14:00:00,8.2,49,21.2,384.0,1013.5
2016-11-02 15:00:00,7.9,53,14.5,285.0,1013.2
2016-11-02 16:00:00,6.0,61,9.3,126.0,1012.9
2016-11-02 17:00:00,3.4,71,9.5,15.0,1013.2
2016-11-02 18:00:00,1.8,77,10.6,0.0,1013.7
2016-11-02 19:00:00,0.8,80,9.9,0.0,1013.7
2016-11-02 20:00:00,-0.2,83,9.5,0.0,1013.8
2016-11-02 21:00:00,-0.9,85,8.5,0.0,1014.3
2016-11-02 22:00:00,-1.7,86,8.5,0.0,1014.9
2016-11-02 23:00:00,-2.4,86,10.5,0.0,1014.6
2016-11-03 00:00:00,-3.1,85,7.7,0.0,1014.7
2016-11-03 01:00:00,-3.5,81,7.1,0.0,1014.8
2016-11-03 02:00:00,-3.4,68,8.0,0.0,1015.7
2016-11-03 03:00:00,-3.6,66,7.6,0.0,1015.5
2016-11-03 04:00:00,-3.9,63,7.5,0.0,1015.6
2016-11-03 05:00:00,-3.6,64,7.4,0.0,1015.5
2016-11-03 06:00:00,-3.8,66,8.3,0.0,1015.3
2016-11-03 07:00:00,-3.2,68,9.7,12.0,1015.0
2016-11-03 08:00:00,-0.9,64,9.4,81.0,1015.2
2016-11-03 09:00:00,1.3,55,9.8,170.0,1014.6
2016-11-03 10:00:00,3.2,48,11.5,243.0,1013.9
2016-11-03 11:00:00,4.5,43,12.6,271.0,1012.7
2016-11-03 12:00:00,5.9,39,12.1,353.0,1011.7
2016-11-03 13:00:00,6.8,39,12.3,337.0,1010.4
2016-11-03 14:00:00,7.7,39,12.0,372.0,1009.4
2016-11-03 15:00:00,8.4,41,10.2,272.0,1009.1
2016-11-03 16:00:00,7.1,52,7.4,117.0,1008.7
2016-11-03 17:00:00,4.7,61,9.3,10.0,1008.3
2016-11-03 18:00:00,3.2,68,9.7,0.0,1008.1
2016-11-03 19:00:00,2.2,77,9.4,0.0,1008.0
2016-11-03 20:00:00,1.6,84,8.9,0.0,1008.0
2016-11-03 21:00:00,1.6,84,7.6,0.0,1007.5
2016-11-03 22:00:00,2.4,81,10.5,0.0,1008.0
2016-11-03 23:00:00,1.8,85,8.6,0.0,1008.0
2016-11-04 00:00:00,0.7,89,7.7,0.0,1007.4
2016-11-04 01:00:00,-1.0,94,6.6,0.0,1006.9
2016-11-04 02:00:00,-1.2,95,6.2,0.0,1006.3
2016-11-04 03:00:00,1.3,96,5.9,0.0,1006.2
2016-11-04 04:00:00,1.2,97,8.0,0.0,1005.4
2016-11-04 05:00:00,1.9,97,9.9,0.0,1004.6
2016-11-04 06:00:00,2.3,96,11.2,0.0,1003.9
2016-11-04 07:00:00,2.7,95,12.1,10.0,1004.0
2016-11-04 08:00:00,5.1,91,15.6,100.0,1003.3
2016-11-04 09:00:00,8.0,83,16.2,212.0,1002.6
2016-11-04 10:00:00,10.3,76,16.3,286.0,1002.3
2016-11-04 11:00:00,12.1,72,23.3,372.0,1001.9
2016-11-04 12:00:00,13.5,67,27.0,391.0,1000.8
2016-11-04 13:00:00,14.1,64,27.2,236.0,999.2
2016-11-04 14:00:00,14.4,65,25.5,180.0,998.8
2016-11-04 15:00:00,14.8,61,17.5,152.0,998.5
2016-11-04 16:00:00,13.3,69,14.0,56.0,998.3
2016-11-04 17:00:00,11.7,79,10.9,7.0,998.4
2016-11-04 18:00:00,10.3,87,9.3,0.0,998.8
2016-11-04 19:00:00,9.5,91,10.9,0.0,998.9
2016-11-04 20:00:00,9.1,93,10.9,0.0,998.6
2016-11-04 21:00:00,9.0,94,11.6,0.0,998.7
2016-11-04 22:00:00,9.3,95,13.7,0.0,998.5
2016-11-04 23:00:00,9.7,95,14.4,0.0,998.3
2016-11-05 00:00:00,9.9,94,14.3,0.0,998.3
2016-11-05 01:00:00,10.1,94,14.7,0.0,998.3
2016-11-05 02:00:00,10.1,94,13.2,0.0,998.6
2016-11-05 03:00:00,9.9,96,11.4,0.0,998.6
2016-11-05 04:00:00,9.7,97,10.7,0.0,999.1
2016-11-05 05:00:00,9.1,99,9.7,0.0,1000.1
2016-11-05 06:00:00,7.1,97,19.8,0.0,1002.3
2016-11-05 07:00:00,4.5,87,23.3,3.0,1004.7
2016-11-05 08:00:00,3.3,82,23.1,57.0,1006.8
2016-11-05 09:00:00,3.5,77,24.9,170.0,1008.3
2016-11-05 10:00:00,4.7,70,26.6,322.0,1010.2
2016-11-05 11:00:00,5.4,65,25.3,415.0,1011.0
2016-11-05 12:00:00,5.9,59,25.2,463.0,1011.9
2016-11-05 13:00:00,6.1,55,24.6,445.0,1012.4
2016-11-05 14:00:00,6.0,52,24.5,367.0,1013.0
2016-11-05 15:00:00,4.8,52,24.3,256.0,1013.9
2016-11-05 16:00:00,4.1,52,21.8,114.0,1015.2
2016-11-05 17:00:00,3.0,54,20.7,11.0,1016.6
2016-11-05 18:00:00,2.1,55,20.4,0.0,1017.3
2016-11-05 19:00:00,1.3,56,20.0,0.0,1018.9
2016-11-05 20:00:00,0.5,57,20.0,0.0,1019.6
2016-11-05 21:00:00,-0.2,58,20.3,0.0,1020.7
2016-11-05 22:00:00,-0.8,59,20.2,0.0,1020.3
2016-11-05 23:00:00,-1.2,59,19.4,0.0,1020.5
2016-11-06 00:00:00,-1.6,59,18.1,0.0,1020.9
2016-11-06 01:00:00,-1.9,59,17.1,0.0,1021.3
2016-11-06 02:00:00,-2.2,59,15.8,0.0,1021.5
2016-11-06 03:00:00,-2.2,57,15.6,0.0,1022.4
2016-11-06 04:00:00,-2.3,56,16.2,0.0,1022.6
2016-11-06 05:00:00,-2.4,55,17.6,0.0,1022.9
2016-11-06 06:00:00,-2.4,53,19.8,0.0,1023.0
2016-11-06 07:00:00,-2.1,51,20.7,11.0,1022.6
2016-11-06 08:00:00,-0.8,49,20.4,115.0,1023.5
2016-11-06 09:00:00,0.7,43,23.5,274.0,1022.9
2016-11-06 10:00:00,2.1,40,23.3,406.0,1022.6
2016-11-06 11:00:00,3.4,38,21.8,492.0,1021.6
2016-11-06 12:00:00,4.4,37,20.2,519.0,1020.7
2016-11-06 13:00:00,4.9,37,19.4,472.0,1020.5
2016-11-06 14:00:00,5.1,37,19.6,378.0,1020.0
2016-11-06 15:00:00,5.0,37,18.6,251.0,1019.5
2016-11-06 16:00:00,4.1,41,15.8,83.0,1019.1
2016-11-06 17:00:00,3.2,43,14.8,7.0,1019.0
2016-11-06 18:00:00,2.5,46,12.6,0.0,1019.0
2016-11-06 19:00:00,1.8,48,12.3,0.0,1018.9
2016-11-06 20:00:00,0.9,51,11.4,0.0,1018.7
2016-11-06 21:00:00,1.1,52,10.6,0.0,1018.8
2016-11-06 22:00:00,1.2,54,9.5,0.0,1018.5
2016-11-06 23:00:00,1.1,55,8.3,0.0,1018.2
2016-11-07 00:00:00,1.1,55,8.6,0.0,1018.3
2016-11-07 01:00:00,1.0,53,9.3,0.0,1018.4
2016-11-07 02:00:00,0.8,52,10.5,0.0,1018.7
2016-11-07 03:00:00,-1.4,54,11.7,0.0,1018.9
2016-11-07 04:00:00,-1.6,54,12.7,0.0,1019.0
2016-11-07 05:00:00,-2.0,56,13.7,0.0,1019.5
2016-11-07 06:00:00,-2.4,61,14.8,0.0,1020.3
2016-11-07 07:00:00,-2.8,68,14.8,4.0,1020.6
2016-11-07 08:00:00,-3.0,75,16.7,32.0,1021.8
2016-11-07 09:00:00,-2.9,79,17.2,66.0,1022.1
2016-11-07 10:00:00,-2.7,78,18.9,77.0,1022.4
2016-11-07 11:00:00,-1.9,73,20.3,206.0,1022.4
2016-11-07 12:00:00,-1.2,68,21.6,236.0,1021.9
2016-11-07 13:00:00,-0.5,61,22.0,283.0,1021.9
2016-11-07 14:00:00,-0.3,56,22.3,223.0,1021.7
2016-11-07 15:00:00,-1.2,54,23.0,193.0,1021.9
2016-11-07 16:00:00,-1.7,55,20.2,93.0,1022.4
2016-11-07 17:00:00,-2.4,58,18.4,8.0,1023.5
2016-11-07 18:00:00,-2.5,57,19.8,0.0,1024.3
2016-11-07 19:00:00,-2.7,56,22.0,0.0,1024.7
2016-11-07 20:00:00,-3.0,56,20.5,0.0,1025.3
2016-11-07 21:00:00,-3.8,59,15.6,0.0,1025.3
2016-11-07 22:00:00,-4.1,61,12.0,0.0,1025.4
2016-11-07 23:00:00,-4.8,64,10.1,0.0,1025.2
2016-11-08 00:00:00,-5.4,67,8.0,0.0,1025.4
2016-11-08 01:00:00,-5.8,69,7.3,0.0,1025.3
2016-11-08 02:00:00,-6.2,70,6.6,0.0,1025.7
2016-11-08 03:00:00,-6.6,71,6.3,0.0,1025.5
2016-11-08 04:00:00,-6.8,73,6.0,0.0,1025.5
2016-11-08 05:00:00,-7.0,75,6.3,0.0,1025.7
2016-11-08 06:00:00,-7.2,76,5.9,0.0,1026.3
2016-11-08 07:00:00,-7.2,76,4.1,10.0,1026.7
2016-11-08 08:00:00,-5.1,63,6.6,118.0,1027.2
2016-11-08 09:00:00,-3.6,57,8.9,272.0,1027.3
2016-11-08 10:00:00,-2.4,53,10.8,404.0,1027.2
2016-11-08 11:00:00,-1.3,48,14.0,488.0,1026.9
2016-11-08 12:00:00,-0.6,45,15.0,495.0,1026.5
2016-11-08 13:00:00,-0.2,43,15.5,455.0,1025.8
2016-11-08 14:00:00,0.1,40,15.8,369.0,1025.8
2016-11-08 15:00:00,-0.8,42,15.9,234.0,1026.0
2016-11-08 16:00:00,-1.4,43,13.0,99.0,1026.5
2016-11-08 17:00:00,-2.6,47,7.7,8.0,1027.2
2016-11-08 18:00:00,-3.5,53,6.4,0.0,1028.2
2016-11-08 19:00:00,-4.2,55,6.8,0.0,1028.5
2016-11-08 20:00:00,-4.9,58,6.4,0.0,1028.8
2016-11-08 21:00:00,-5.4,61,6.0,0.0,1029.0
2016-11-08 22:00:00,-6.0,60,7.7,0.0,1029.1
2016-11-08 23:00:00,-6.5,63,6.3,0.0,1029.0
2016-11-09 00:00:00,-6.7,64,5.6,0.0,1029.1
2016-11-09 01:00:00,-6.7,65,4.8,0.0,1028.9
2016-11-09 02:00:00,-6.4,64,4.0,0.0,1028.8
2016-11-09 03:00:00,-7.9,72,5.2,0.0,1028.2
2016-11-09 04:00:00,-8.2,71,4.8,0.0,1028.3
2016-11-09 05:00:00,-8.5,70,4.4,0.0,1028.1
2016-11-09 06:00:00,-7.7,65,4.8,0.0,1027.8
2016-11-09 07:00:00,-7.6,64,1.8,9.0,1028.1
2016-11-09 08:00:00,-6.2,57,3.2,114.0,1028.3
2016-11-09 09:00:00,-4.2,48,4.0,267.0,1027.7
2016-11-09 10:00:00,-2.4,43,4.7,397.0,1027.5
2016-11-09 11:00:00,-1.0,39,5.6,483.0,1026.7
2016-11-09 12:00:00,-0.0,36,5.4,512.0,1025.8
2016-11-09 13:00:00,0.6,35,5.0,481.0,1024.5
2016-11-09 14:00:00,1.0,35,5.7,394.0,1023.0
2016-11-09 15:00:00,1.1,38,7.9,260.0,1022.2
2016-11-09 16:00:00,0.2,44,9.2,109.0,1021.6
2016-11-09 17:00:00,-0.9,49,9.5,8.0,1021.2
2016-11-09 18:00:00,-1.8,54,7.4,0.0,1020.1
2016-11-09 19:00:00,-1.3,53,9.8,0.0,1020.2
2016-11-09 20:00:00,-0.5,48,13.2,0.0,1019.6
2016-11-09 21:00:00,0.3,46,15.6,0.0,1018.4
2016-11-09 22:00:00,0.7,48,17.3,0.0,1018.0
2016-11-09 23:00:00,1.0,52,19.3,0.0,1017.1
2016-11-10 00:00:00,1.2,55,20.5,0.0,1016.5
2016-11-10 01:00:00,1.5,57,22.2,0.0,1016.1
2016-11-10 02:00:00,1.5,62,23.9,0.0,1015.1
2016-11-10 03:00:00,2.5,70,24.7,0.0,1014.0
2016-11-10 04:00:00,2.9,71,25.7,0.0,1013.0
2016-11-10 05:00:00,3.2,72,26.1,0.0,1012.1
2016-11-10 06:00:00,3.4,72,26.4,0.0,1011.0
2016-11-10 07:00:00,3.5,72,26.7,5.0,1010.9
2016-11-10 08:00:00,4.3,70,27.8,56.0,1010.4
2016-11-10 09:00:00,5.2,69,28.8,111.0,1010.1
2016-11-10 10:00:00,5.8,69,25.3,181.0,1009.6
2016-11-10 11:00:00,6.6,68,26.8,224.0,1008.4
2016-11-10 12:00:00,7.2,68,26.7,237.0,1007.4
2016-11-10 13:00:00,7.5,68,26.4,231.0,1005.9
2016-11-10 14:00:00,7.1,73,21.2,154.0,1005.1
2016-11-10 15:00:00,6.5,78,24.6,70.0,1004.8
2016-11-10 16:00:00,5.6,84,24.2,30.0,1004.3
2016-11-10 17:00:00,5.0,86,25.0,2.0,1004.3
2016-11-10 18:00:00,4.4,87,26.0,0.0,1003.7
2016-11-10 19:00:00,3.9,87,27.2,0.0,1003.1
2016-11-10 20:00:00,3.5,86,27.3,0.0,1002.9
2016-11-10 21:00:00,3.0,86,26.4,0.0,1002.6
2016-11-10 22:00:00,2.6,88,24.6,0.0,1002.9
2016-11-10 23:00:00,2.5,90,22.7,0.0,1002.7
2016-11-11 00:00:00,2.8,91,20.3,0.0,1002.8
2016-11-11 01:00:00,3.1,92,17.6,0.0,1002.9
2016-11-11 02:00:00,3.2,94,16.1,0.0,1003.4
2016-11-11 03:00:00,2.7,88,18.0,0.0,1003.8
2016-11-11 04:00:00,0.9,84,19.0,0.0,1005.1
2016-11-11 05:00:00,-0.8,84,16.2,0.0,1006.5
2016-11-11 06:00:00,-2.0,85,9.8,0.0,1008.2
2016-11-11 07:00:00,-2.8,87,6.7,6.0,1009.0
2016-11-11 08:00:00,-1.9,81,7.3,89.0,1010.4
2016-11-11 09:00:00,-0.7,60,7.4,232.0,1010.9
2016-11-11 10:00:00,0.1,52,4.5,350.0,1011.2
2016-11-11 11:00:00,1.0,47,2.3,440.0,1011.1
2016-11-11 12:00:00,1.8,43,1.1,483.0,1010.7
2016-11-11 13:00:00,2.5,41,2.8,465.0,1010.3
2016-11-11 14:00:00,2.9,40,5.6,382.0,1010.1
2016-11-11 15:00:00,3.5,46,7.1,248.0,1010.2
2016-11-11 16:00:00,3.3,49,5.1,96.0,1010.4
2016-11-11 17:00:00,2.9,54,6.1,3.0,1010.5
2016-11-11 18:00:00,2.6,58,7.3,0.0,1010.6
2016-11-11 19:00:00,2.4,59,9.4,0.0,1010.6
2016-11-11 20:00:00,2.2,63,10.0,0.0,1011.0
2016-11-11 21:00:00,1.6,66,9.0,0.0,1010.8
2016-11-11 22:00:00,1.3,69,8.8,0.0,1010.7
2016-11-11 23:00:00,1.4,74,8.7,0.0,1010.5
2016-11-12 00:00:00,0.9,76,9.7,0.0,1010.6
2016-11-12 01:00:00,0.9,77,8.4,0.0,1010.5
2016-11-12 02:00:00,1.0,77,8.2,0.0,1010.7
2016-11-12 03:00:00,0.6,74,9.4,0.0,1010.6
2016-11-12 04:00:00,0.7,72,6.9,0.0,1010.7
2016-11-12 05:00:00,-0.7,80,7.0,0.0,1011.3
2016-11-12 06:00:00,-1.4,82,6.2,0.0,1012.1
2016-11-12 07:00:00,-1.7,83,5.9,5.0,1013.2
2016-11-12 08:00:00,-0.5,79,8.2,69.0,1014.0
2016-11-12 09:00:00,1.0,73,9.5,208.0,1014.6
2016-11-12 10:00:00,2.7,68,9.4,355.0,1014.8
2016-11-12 11:00:00,4.0,64,9.0,453.0,1015.0
2016-11-12 12:00:00,4.8,61,9.4,479.0,1014.6
2016-11-12 13:00:00,5.4,56,9.4,450.0,1014.2
2016-11-12 14:00:00,5.3,56,9.5,364.0,1014.4
2016-11-12 15:00:00,5.0,56,8.8,242.0,1014.4
2016-11-12 16:00:00,4.1,61,5.5,99.0,1014.8
2016-11-12 17:00:00,2.3,70,7.3,6.0,1014.8
2016-11-12 18:00:00,0.9,77,8.4,0.0,1014.7
2016-11-12 19:00:00,-0.1,81,8.5,0.0,1015.1
2016-11-12 20:00:00,-0.9,83,8.2,0.0,1015.4
2016-11-12 21:00:00,-1.5,85,8.4,0.0,1015.5
2016-11-12 22:00:00,-1.9,86,8.4,0.0,1015.0
2016-11-12 23:00:00,-2.3,87,7.6,0.0,1015.0
2016-11-13 00:00:00,-2.6,88,7.2,0.0,1014.8
2016-11-13 01:00:00,-2.8,88,7.5,0.0,1014.6
2016-11-13 02:00:00,-2.9,89,7.6,0.0,1014.4
2016-11-13 03:00:00,-2.8,88,8.0,0.0,1013.8
2016-11-13 04:00:00,-2.5,86,8.9,0.0,1013.5
2016-11-13 05:00:00,-2.1,81,9.6,0.0,1013.1
2016-11-13 06:00:00,-1.8,74,9.7,0.0,1013.0
2016-11-13 07:00:00,-1.4,69,10.8,5.0,1012.9
2016-11-13 08:00:00,0.9,64,14.2,95.0,1013.1
2016-11-13 09:00:00,4.9,52,14.4,236.0,1012.7
2016-11-13 10:00:00,8.2,44,15.9,360.0,1011.9
2016-11-13 11:00:00,10.3,41,18.5,402.0,1011.1
2016-11-13 12:00:00,12.0,44,20.4,472.0,1009.4
2016-11-13 13:00:00,13.0,47,22.3,444.0,1007.9
2016-11-13 14:00:00,13.3,51,22.1,365.0,1007.0
2016-11-13 15:00:00,13.1,57,22.0,231.0,1006.8
2016-11-13 16:00:00,11.9,63,22.2,88.0,1006.3
2016-11-13 17:00:00,10.4,70,22.9,5.0,1006.6
2016-11-13 18:00:00,9.5,76,23.7,0.0,1006.7
2016-11-13 19:00:00,8.8,82,24.6,0.0,1006.4
2016-11-13 20:00:00,8.4,86,25.0,0.0,1006.2
2016-11-13 21:00:00,8.7,87,24.1,0.0,1005.9
2016-11-13 22:00:00,9.2,87,24.7,0.0,1006.2
2016-11-13 23:00:00,9.5,86,26.2,0.0,1006.2
2016-11-14 00:00:00,9.8,86,26.9,0.0,1006.2
2016-11-14 01:00:00,10.0,87,24.3,0.0,1006.3
2016-11-14 02:00:00,9.9,90,22.0,0.0,1006.8
2016-11-14 03:00:00,9.6,93,20.9,0.0,1006.9
2016-11-14 04:00:00,9.5,95,19.3,0.0,1006.9
2016-11-14 05:00:00,9.0,96,17.0,0.0,1006.9
2016-11-14 06:00:00,8.2,97,14.5,0.0,1007.4
2016-11-14 07:00:00,7.0,97,13.4,4.0,1007.9
2016-11-14 08:00:00,6.9,86,16.4,83.0,1009.3
2016-11-14 09:00:00,7.3,55,19.8,212.0,1010.4
2016-11-14 10:00:00,7.4,30,27.8,357.0,1011.3
2016-11-14 11:00:00,7.0,32,26.2,429.0,1012.1
2016-11-14 12:00:00,6.4,34,24.2,470.0,1012.3
2016-11-14 13:00:00,5.5,36,23.6,438.0,1012.7
2016-11-14 14:00:00,4.4,37,23.0,364.0,1013.5
2016-11-14 15:00:00,3.2,38,21.9,242.0,1014.5
2016-11-14 16:00:00,1.9,40,18.9,96.0,1015.2
2016-11-14 17:00:00,0.5,44,16.3,5.0,1016.0
2016-11-14 18:00:00,-0.4,46,14.0,0.0,1016.2
2016-11-14 19:00:00,-1.3,50,12.4,0.0,1017.4
2016-11-14 20:00:00,-2.0,53,10.1,0.0,1018.0
2016-11-14 21:00:00,-2.8,58,8.5,0.0,1018.7
2016-11-14 22:00:00,-3.5,61,8.7,0.0,1019.3
2016-11-14 23:00:00,-4.0,62,8.8,0.0,1019.5
2016-11-15 00:00:00,-4.4,62,8.4,0.0,1020.0
2016-11-15 01:00:00,-4.7,61,8.9,0.0,1020.4
2016-11-15 02:00:00,-5.0,60,9.6,0.0,1020.7
2016-11-15 03:00:00,-5.3,60,10.0,0.0,1020.7
2016-11-15 04:00:00,-5.6,58,10.4,0.0,1020.8
2016-11-15 05:00:00,-5.9,57,9.7,0.0,1021.1
2016-11-15 06:00:00,-6.2,57,7.9,0.0,1021.4
2016-11-15 07:00:00,-6.4,58,7.3,4.0,1021.6
2016-11-15 08:00:00,-5.2,50,8.8,93.0,1022.1
2016-11-15 09:00:00,-4.1,46,8.6,240.0,1022.4
2016-11-15 10:00:00,-3.1,45,7.2,369.0,1022.1
2016-11-15 11:00:00,-2.1,44,6.1,455.0,1021.7
2016-11-15 12:00:00,-1.2,41,5.1,485.0,1021.1
2016-11-15 13:00:00,-0.5,40,4.1,455.0,1020.4
2016-11-15 14:00:00,-0.1,38,2.3,370.0,1019.9
2016-11-15 15:00:00,-0.1,37,1.0,241.0,1019.4
2016-11-15 16:00:00,-0.4,38,1.0,95.0,1019.0
2016-11-15 17:00:00,-1.1,44,1.5,5.0,1018.8
2016-11-15 18:00:00,-2.1,48,1.1,0.0,1018.2
2016-11-15 19:00:00,-3.6,61,1.9,0.0,1018.3
2016-11-15 20:00:00,-4.5,68,3.1,0.0,1018.0
2016-11-15 21:00:00,-4.8,69,5.2,0.0,1017.7
2016-11-15 22:00:00,-4.7,67,5.6,0.0,1017.3
2016-11-15 23:00:00,-4.5,64,7.4,0.0,1016.9
2016-11-16 00:00:00,-4.2,61,8.5,0.0,1016.6
2016-11-16 01:00:00,-3.6,57,10.6,0.0,1015.9
2016-11-16 02:00:00,-2.2,51,13.1,0.0,1015.3
2016-11-16 03:00:00,-0.9,41,14.5,0.0,1014.7
2016-11-16 04:00:00,-0.1,39,15.4,0.0,1013.7
2016-11-16 05:00:00,0.5,42,15.2,0.0,1013.2
2016-11-16 06:00:00,0.6,49,14.1,0.0,1013.0
2016-11-16 07:00:00,1.0,53,14.4,2.0,1013.4
2016-11-16 08:00:00,1.9,57,12.8,44.0,1013.8
2016-11-16 09:00:00,3.1,60,11.8,116.0,1014.1
2016-11-16 10:00:00,4.9,57,11.0,192.0,1014.5
2016-11-16 11:00:00,6.1,60,11.0,273.0,1014.5
2016-11-16 12:00:00,6.5,63,10.6,309.0,1014.3
2016-11-16 13:00:00,6.2,63,10.5,324.0,1014.3
2016-11-16 14:00:00,5.8,61,11.6,303.0,1014.7
2016-11-16 15:00:00,4.8,61,11.5,214.0,1015.1
2016-11-16 16:00:00,2.6,68,10.6,85.0,1015.8
2016-11-16 17:00:00,0.2,74,12.2,4.0,1016.7
2016-11-16 18:00:00,-1.0,76,12.3,0.0,1017.5
2016-11-16 19:00:00,-1.9,76,12.1,0.0,1017.5
2016-11-16 20:00:00,-2.6,74,11.5,0.0,1018.6
2016-11-16 21:00:00,-3.2,74,10.5,0.0,1018.4
2016-11-16 22:00:00,-3.6,75,9.1,0.0,1019.1
2016-11-16 23:00:00,-4.0,75,8.7,0.0,1019.4
2016-11-17 00:00:00,-4.4,77,8.6,0.0,1019.9
2016-11-17 01:00:00,-4.7,77,7.9,0.0,1019.6
2016-11-17 02:00:00,-4.9,79,7.1,0.0,1019.7
2016-11-17 03:00:00,-5.1,79,7.4,0.0,1019.2
2016-11-17 04:00:00,-5.2,79,6.9,0.0,1019.0
2016-11-17 05:00:00,-5.3,81,6.6,0.0,1019.0
2016-11-17 06:00:00,-5.4,82,6.4,0.0,1019.2
2016-11-17 07:00:00,-5.5,84,6.0,3.0,1018.9
2016-11-17 08:00:00,-3.6,79,6.3,84.0,1019.5
2016-11-17 09:00:00,-0.7,73,4.0,225.0,1018.8
2016-11-17 10:00:00,1.8,68,4.3,350.0,1018.4
2016-11-17 11:00:00,4.0,62,6.8,433.0,1017.2
2016-11-17 12:00:00,5.9,57,9.8,460.0,1015.6
2016-11-17 13:00:00,7.2,58,13.0,427.0,1014.7
2016-11-17 14:00:00,7.8,62,14.5,341.0,1013.7
2016-11-17 15:00:00,7.9,69,13.4,211.0,1013.2
2016-11-17 16:00:00,6.5,78,14.1,77.0,1012.6
2016-11-17 17:00:00,5.3,85,17.0,3.0,1012.5
2016-11-17 18:00:00,5.0,88,19.5,0.0,1012.2
2016-11-17 19:00:00,5.0,90,20.6,0.0,1011.3
2016-11-17 20:00:00,5.3,91,21.3,0.0,1011.7
2016-11-17 21:00:00,5.7,91,21.1,0.0,1011.5
2016-11-17 22:00:00,6.2,93,22.0,0.0,1011.6
2016-11-17 23:00:00,6.7,93,23.1,0.0,1011.3
2016-11-18 00:00:00,7.1,93,23.1,0.0,1011.1
2016-11-18 01:00:00,7.4,92,22.8,0.0,1010.8
2016-11-18 02:00:00,7.6,91,22.4,0.0,1010.7
2016-11-18 03:00:00,7.4,92,20.5,0.0,1010.0
2016-11-18 04:00:00,7.5,92,18.6,0.0,1009.6
2016-11-18 05:00:00,7.9,91,19.1,0.0,1009.0
2016-11-18 06:00:00,8.0,91,19.3,0.0,1008.8
2016-11-18 07:00:00,8.1,91,19.1,1.0,1009.1
2016-11-18 08:00:00,8.4,91,19.0,25.0,1009.5
2016-11-18 09:00:00,9.0,90,19.0,53.0,1009.1
2016-11-18 10:00:00,9.7,88,18.2,75.0,1008.7
2016-11-18 11:00:00,10.4,86,20.6,108.0,1008.4
2016-11-18 12:00:00,11.4,82,21.9,177.0,1007.3
2016-11-18 13:00:00,11.6,82,14.6,199.0,1006.8
2016-11-18 14:00:00,10.7,87,11.2,96.0,1006.4
2016-11-18 15:00:00,10.0,89,5.5,79.0,1006.7
2016-11-18 16:00:00,7.5,96,11.3,21.0,1007.3
2016-11-18 17:00:00,5.1,96,16.2,1.0,1007.7
2016-11-18 18:00:00,3.9,95,13.5,0.0,1007.7
2016-11-18 19:00:00,3.5,96,10.0,0.0,1007.8
2016-11-18 20:00:00,2.9,93,12.4,0.0,1007.8
2016-11-18 21:00:00,1.7,89,17.0,0.0,1008.1
2016-11-18 22:00:00,0.8,88,15.2,0.0,1007.4
2016-11-18 23:00:00,0.5,89,13.4,0.0,1007.1
2016-11-19 00:00:00,0.1,91,13.8,0.0,1007.0
2016-11-19 01:00:00,-0.1,91,13.1,0.0,1007.1
2016-11-19 02:00:00,-0.2,91,11.9,0.0,1006.9
2016-11-19 03:00:00,-1.4,92,14.5,0.0,1007.3
2016-11-19 04:00:00,-2.2,91,16.2,0.0,1007.2
2016-11-19 05:00:00,-2.8,90,17.4,0.0,1007.6
2016-11-19 06:00:00,-3.4,88,19.6,0.0,1008.7
2016-11-19 07:00:00,-3.9,86,19.3,0.0,1010.2
2016-11-19 08:00:00,-4.2,85,17.0,6.0,1011.5
2016-11-19 09:00:00,-4.1,83,15.0,11.0,1012.5
2016-11-19 10:00:00,-3.6,77,17.3,66.0,1013.5
2016-11-19 11:00:00,-3.1,71,18.7,89.0,1014.1
2016-11-19 12:00:00,-2.6,65,18.8,150.0,1014.3
2016-11-19 13:00:00,-2.1,61,18.4,198.0,1013.8
2016-11-19 14:00:00,-1.5,59,18.4,302.0,1014.3
2016-11-19 15:00:00,-2.6,57,18.0,165.0,1014.9
2016-11-19 16:00:00,-3.1,57,16.6,61.0,1015.9
2016-11-19 17:00:00,-3.8,59,14.4,3.0,1016.5
2016-11-19 18:00:00,-4.4,60,13.7,0.0,1017.5
2016-11-19 19:00:00,-5.0,61,13.8,0.0,1018.5
2016-11-19 20:00:00,-5.4,61,12.2,0.0,1019.1
2016-11-19 21:00:00,-5.8,61,11.7,0.0,1019.2
2016-11-19 22:00:00,-6.2,61,10.6,0.0,1019.0
2016-11-19 23:00:00,-6.6,61,10.2,0.0,1019.1
2016-11-20 00:00:00,-6.8,61,8.3,0.0,1019.8
2016-11-20 01:00:00,-7.0,61,7.2,0.0,1020.5
2016-11-20 02:00:00,-7.2,61,6.1,0.0,1020.7
2016-11-20 03:00:00,-7.6,64,5.5,0.0,1021.1
2016-11-20 04:00:00,-7.8,65,5.0,0.0,1021.2
2016-11-20 05:00:00,-8.0,67,4.7,0.0,1021.3
2016-11-20 06:00:00,-8.2,68,4.6,0.0,1021.3
2016-11-20 07:00:00,-8.3,68,4.9,2.0,1022.0
2016-11-20 08:00:00,-6.9,56,7.9,78.0,1023.0
2016-11-20 09:00:00,-5.8,47,8.1,205.0,1023.1
2016-11-20 10:00:00,-4.6,43,7.3,341.0,1023.3
2016-11-20 11:00:00,-3.6,39,7.4,426.0,1023.0
2016-11-20 12:00:00,-2.7,37,7.5,457.0,1022.5
2016-11-20 13:00:00,-2.2,36,7.6,433.0,1021.5
2016-11-20 14:00:00,-2.2,35,7.6,328.0,1021.0
2016-11-20 15:00:00,-2.5,38,7.0,212.0,1020.8
2016-11-20 16:00:00,-2.9,39,6.4,56.0,1021.2
2016-11-20 17:00:00,-3.5,44,5.2,2.0,1021.7
2016-11-20 18:00:00,-3.8,46,6.4,0.0,1021.6
2016-11-20 19:00:00,-3.8,47,6.0,0.0,1022.1
2016-11-20 20:00:00,-3.9,48,5.7,0.0,1022.4
2016-11-20 21:00:00,-3.9,49,5.1,0.0,1022.6
2016-11-20 22:00:00,-4.0,49,5.9,0.0,1022.7
2016-11-20 23:00:00,-4.1,50,4.6,0.0,1022.9
2016-11-21 00:00:00,-4.1,50,5.9,0.0,1022.7
2016-11-21 01:00:00,-4.3,50,5.3,0.0,1022.5
2016-11-21 02:00:00,-4.3,50,7.5,0.0,1022.3
2016-11-21 03:00:00,-4.8,53,11.3,0.0,1022.3
2016-11-21 04:00:00,-5.0,53,13.8,0.0,1022.0
2016-11-21 05:00:00,-5.5,55,16.6,0.0,1021.9
2016-11-21 06:00:00,-6.1,55,17.0,0.0,1022.1
2016-11-21 07:00:00,-6.8,53,18.2,1.0,1022.7
2016-11-21 08:00:00,-7.2,49,18.2,29.0,1023.6
2016-11-21 09:00:00,-7.4,47,17.9,72.0,1023.8
2016-11-21 10:00:00,-7.4,45,17.4,109.0,1024.4
2016-11-21 11:00:00,-7.2,46,15.8,135.0,1024.5
2016-11-21 12:00:00,-7.0,47,14.4,158.0,1024.3
2016-11-21 13:00:00,-6.6,46,14.1,251.0,1023.5
2016-11-21 14:00:00,-6.4,46,15.1,242.0,1023.3
2016-11-21 15:00:00,-6.6,43,15.9,190.0,1023.2
2016-11-21 16:00:00,-7.0,41,12.0,64.0,1023.7
2016-11-21 17:00:00,-7.3,39,10.5,2.0,1024.1
2016-11-21 18:00:00,-7.3,37,11.9,0.0,1024.5
2016-11-21 19:00:00,-7.5,36,13.0,0.0,1024.9
2016-11-21 20:00:00,-7.7,35,14.9,0.0,1025.2
2016-11-21 21:00:00,-8.2,35,15.7,0.0,1025.3
2016-11-21 22:00:00,-8.5,34,17.2,0.0,1025.5
2016-11-21 23:00:00,-8.8,34,17.8,0.0,1026.2
2016-11-22 00:00:00,-9.4,34,17.0,0.0,1026.4
2016-11-22 01:00:00,-10.0,35,17.0,0.0,1026.5
2016-11-22 02:00:00,-10.5,36,16.5,0.0,1026.5
2016-11-22 03:00:00,-11.1,37,15.4,0.0,1026.3
2016-11-22 04:00:00,-11.4,37,14.6,0.0,1026.1
2016-11-22 05:00:00,-11.6,37,12.9,0.0,1026.6
2016-11-22 06:00:00,-11.7,37,11.0,0.0,1027.3
2016-11-22 07:00:00,-11.8,37,10.0,1.0,1027.6
2016-11-22 08:00:00,-11.1,35,12.9,76.0,1028.6
2016-11-22 09:00:00,-10.2,33,14.8,221.0,1028.7
2016-11-22 10:00:00,-9.2,31,14.3,353.0,1028.6
2016-11-22 11:00:00,-8.3,32,13.9,441.0,1028.0
2016-11-22 12:00:00,-7.5,33,14.0,473.0,1027.0
2016-11-22 13:00:00,-6.9,33,14.0,445.0,1026.3
2016-11-22 14:00:00,-6.6,32,13.2,361.0,1026.2
2016-11-22 15:00:00,-6.7,33,12.1,231.0,1025.9
2016-11-22 16:00:00,-7.0,33,6.0,85.0,1026.3
2016-11-22 17:00:00,-7.6,34,7.4,2.0,1026.7
2016-11-22 18:00:00,-7.9,36,3.7,0.0,1026.8
2016-11-22 19:00:00,-8.5,40,5.7,0.0,1026.9
2016-11-22 20:00:00,-8.9,42,7.0,0.0,1027.8
2016-11-22 21:00:00,-9.4,44,7.1,0.0,1028.0
2016-11-22 22:00:00,-9.6,44,7.0,0.0,1027.8
2016-11-22 23:00:00,-9.8,44,6.8,0.0,1027.8
2016-11-23 00:00:00,-9.9,44,6.9,0.0,1027.7
2016-11-23 01:00:00,-9.9,43,8.0,0.0,1027.8
2016-11-23 02:00:00,-9.9,42,8.5,0.0,1027.1
2016-11-23 03:00:00,-10.5,42,7.9,0.0,1027.2
2016-11-23 04:00:00,-10.8,43,8.2,0.0,1026.5
2016-11-23 05:00:00,-11.0,45,6.9,0.0,1026.4
2016-11-23 06:00:00,-11.2,46,6.1,0.0,1026.0
2016-11-23 07:00:00,-11.2,46,4.1,1.0,1026.1
2016-11-23 08:00:00,-10.1,48,0.8,72.0,1026.8
2016-11-23 09:00:00,-8.1,37,2.3,215.0,1027.1
2016-11-23 10:00:00,-6.8,35,4.3,344.0,1026.9
2016-11-23 11:00:00,-5.9,35,6.6,431.0,1025.7
2016-11-23 12:00:00,-5.1,34,9.0,462.0,1024.6
2016-11-23 13:00:00,-4.7,33,10.5,435.0,1024.1
2016-11-23 14:00:00,-4.4,33,10.8,352.0,1023.2
2016-11-23 15:00:00,-4.5,32,10.1,223.0,1022.9
2016-11-23 16:00:00,-5.1,34,8.0,80.0,1022.7
2016-11-23 17:00:00,-5.7,36,6.0,2.0,1022.8
2016-11-23 18:00:00,-6.5,36,6.2,0.0,1022.7
2016-11-23 19:00:00,-7.2,39,6.3,0.0,1023.0
2016-11-23 20:00:00,-7.7,40,6.1,0.0,1022.9
2016-11-23 21:00:00,-8.3,43,6.6,0.0,1023.1
2016-11-23 22:00:00,-8.8,45,6.2,0.0,1023.0
2016-11-23 23:00:00,-9.1,46,5.6,0.0,1022.9
2016-11-24 00:00:00,-9.4,48,6.2,0.0,1022.8
2016-11-24 01:00:00,-9.6,48,6.1,0.0,1022.8
2016-11-24 02:00:00,-9.8,49,5.9,0.0,1022.5
2016-11-24 03:00:00,-10.1,48,5.6,0.0,1022.3
2016-11-24 04:00:00,-10.3,49,5.6,0.0,1021.7
2016-11-24 05:00:00,-10.5,49,5.8,0.0,1021.7
2016-11-24 06:00:00,-10.6,49,5.4,0.0,1022.0
2016-11-24 07:00:00,-10.7,49,6.2,1.0,1021.6
2016-11-24 08:00:00,-9.1,46,9.1,69.0,1022.0
2016-11-24 09:00:00,-5.6,35,9.1,210.0,1021.9
2016-11-24 10:00:00,-3.4,27,11.3,339.0,1021.6
2016-11-24 11:00:00,-2.1,26,13.5,425.0,1021.2
2016-11-24 12:00:00,-1.4,26,14.7,457.0,1020.3
2016-11-24 13:00:00,-0.9,26,14.7,430.0,1019.6
2016-11-24 14:00:00,-0.7,26,13.9,347.0,1018.9
2016-11-24 15:00:00,-1.1,27,11.5,221.0,1018.8
2016-11-24 16:00:00,-2.2,32,10.0,79.0,1018.7
2016-11-24 17:00:00,-3.6,39,10.2,2.0,1018.9
2016-11-24 18:00:00,-4.9,35,8.9,0.0,1018.8
2016-11-24 19:00:00,-5.6,38,6.8,0.0,1018.9
2016-11-24 20:00:00,-6.1,39,6.9,0.0,1019.1
2016-11-24 21:00:00,-6.4,41,7.7,0.0,1019.1
2016-11-24 22:00:00,-6.7,43,8.0,0.0,1019.1
2016-11-24 23:00:00,-6.9,45,8.3,0.0,1019.2
2016-11-25 00:00:00,-7.2,49,7.7,0.0,1019.2
2016-11-25 01:00:00,-7.3,52,7.6,0.0,1019.1
2016-11-25 02:00:00,-7.3,54,7.9,0.0,1018.7
2016-11-25 03:00:00,-7.4,52,8.9,0.0,1018.5
2016-11-25 04:00:00,-7.4,53,10.0,0.0,1018.2
2016-11-25 05:00:00,-7.4,54,9.8,0.0,1017.9
2016-11-25 06:00:00,-7.5,55,11.3,0.0,1017.8
2016-11-25 07:00:00,-7.4,54,12.2,1.0,1018.2
2016-11-25 08:00:00,-5.7,49,15.0,66.0,1018.5
2016-11-25 09:00:00,-2.4,40,14.5,204.0,1018.5
2016-11-25 10:00:00,0.3,39,15.3,332.0,1018.3
2016-11-25 11:00:00,2.2,38,16.3,417.0,1018.0
2016-11-25 12:00:00,3.4,40,17.9,448.0,1017.1
2016-11-25 13:00:00,4.1,41,18.7,421.0,1016.5
2016-11-25 14:00:00,4.4,42,18.2,340.0,1016.1
2016-11-25 15:00:00,3.7,48,14.2,215.0,1015.8
2016-11-25 16:00:00,1.8,56,11.3,76.0,1015.9
2016-11-25 17:00:00,-0.3,64,12.3,2.0,1015.7
2016-11-25 18:00:00,-1.2,68,13.8,0.0,1015.7
2016-11-25 19:00:00,-1.8,70,16.5,0.0,1016.0
2016-11-25 20:00:00,-1.9,72,18.1,0.0,1016.0
2016-11-25 21:00:00,-1.7,74,19.1,0.0,1015.8
2016-11-25 22:00:00,-1.1,75,19.1,0.0,1016.0
2016-11-25 23:00:00,-0.9,77,19.8,0.0,1015.7
2016-11-26 00:00:00,-0.6,79,20.6,0.0,1015.2
2016-11-26 01:00:00,0.0,78,22.3,0.0,1014.7
2016-11-26 02:00:00,0.4,77,21.7,0.0,1014.0
2016-11-26 03:00:00,0.9,78,20.6,0.0,1013.2
2016-11-26 04:00:00,1.0,77,20.9,0.0,1012.6
2016-11-26 05:00:00,1.1,76,20.5,0.0,1011.7
2016-11-26 06:00:00,1.3,75,21.1,0.0,1011.2
2016-11-26 07:00:00,1.5,74,22.3,0.0,1011.0
2016-11-26 08:00:00,1.9,73,24.4,21.0,1011.2
2016-11-26 09:00:00,2.7,73,26.2,65.0,1010.9
2016-11-26 10:00:00,3.4,76,24.8,112.0,1010.9
2016-11-26 11:00:00,4.1,76,25.8,178.0,1009.9
2016-11-26 12:00:00,4.7,72,29.8,229.0,1009.0
2016-11-26 13:00:00,5.3,68,27.3,264.0,1008.3
2016-11-26 14:00:00,5.6,61,23.3,256.0,1007.8
2016-11-26 15:00:00,5.2,49,17.7,193.0,1008.0
2016-11-26 16:00:00,3.3,55,12.2,66.0,1008.3
2016-11-26 17:00:00,0.9,63,10.2,2.0,1008.8
2016-11-26 18:00:00,-0.5,69,11.5,0.0,1009.4
2016-11-26 19:00:00,-1.3,73,12.4,0.0,1010.3
2016-11-26 20:00:00,-1.9,78,11.9,0.0,1010.4
2016-11-26 21:00:00,-2.6,82,11.0,0.0,1010.9
2016-11-26 22:00:00,-3.3,86,10.0,0.0,1010.9
2016-11-26 23:00:00,-4.0,88,8.9,0.0,1010.7
2016-11-27 00:00:00,-4.4,88,7.3,0.0,1011.5
2016-11-27 01:00:00,-4.6,89,7.1,0.0,1011.6
2016-11-27 02:00:00,-4.8,89,6.5,0.0,1011.8
2016-11-27 03:00:00,-5.1,89,6.0,0.0,1012.2
2016-11-27 04:00:00,-3.9,87,7.9,0.0,1012.5
2016-11-27 05:00:00,-4.3,87,4.7,0.0,1012.8
2016-11-27 06:00:00,-6.6,87,7.0,0.0,1013.3
2016-11-27 07:00:00,-6.1,78,13.7,0.0,1014.3
2016-11-27 08:00:00,-5.1,62,17.6,59.0,1015.6
2016-11-27 09:00:00,-3.6,45,18.2,185.0,1016.9
2016-11-27 10:00:00,-2.7,42,17.3,259.0,1017.9
2016-11-27 11:00:00,-2.2,42,15.9,345.0,1018.1
2016-11-27 12:00:00,-1.8,42,16.4,415.0,1018.1
2016-11-27 13:00:00,-1.8,42,17.9,402.0,1018.4
2016-11-27 14:00:00,-2.2,41,17.7,333.0,1018.8
2016-11-27 15:00:00,-3.0,42,17.2,213.0,1019.2
2016-11-27 16:00:00,-3.9,44,12.4,75.0,1020.2
2016-11-27 17:00:00,-5.0,47,10.4,2.0,1021.5
2016-11-27 18:00:00,-5.7,48,8.1,0.0,1022.1
2016-11-27 19:00:00,-6.2,49,6.9,0.0,1022.7
2016-11-27 20:00:00,-6.6,50,6.2,0.0,1023.3
2016-11-27 21:00:00,-7.1,52,6.2,0.0,1023.3
2016-11-27 22:00:00,-7.5,55,7.6,0.0,1023.5
2016-11-27 23:00:00,-6.6,51,4.3,0.0,1023.8
2016-11-28 00:00:00,-6.7,51,1.8,0.0,1024.0
2016-11-28 01:00:00,-7.0,54,1.5,0.0,1023.6
2016-11-28 02:00:00,-8.1,61,4.7,0.0,1023.6
2016-11-28 03:00:00,-8.8,65,6.5,0.0,1023.2
2016-11-28 04:00:00,-8.9,63,5.2,0.0,1022.9
2016-11-28 05:00:00,-8.8,61,6.0,0.0,1023.0
2016-11-28 06:00:00,-8.7,59,8.2,0.0,1023.0
2016-11-28 07:00:00,-8.6,57,9.3,0.0,1022.6
2016-11-28 08:00:00,-7.1,52,12.0,58.0,1023.2
2016-11-28 09:00:00,-4.3,42,13.4,194.0,1023.4
2016-11-28 10:00:00,-2.1,39,15.5,319.0,1023.1
2016-11-28 11:00:00,-0.3,37,17.3,404.0,1022.5
2016-11-28 12:00:00,1.1,36,17.7,436.0,1021.6
2016-11-28 13:00:00,2.1,36,16.8,410.0,1021.0
2016-11-28 14:00:00,2.7,37,15.0,331.0,1021.0
2016-11-28 15:00:00,2.5,41,10.2,209.0,1021.1
2016-11-28 16:00:00,1.0,49,11.0,73.0,1021.5
2016-11-28 17:00:00,-0.8,58,11.9,1.0,1022.3
2016-11-28 18:00:00,-2.2,62,10.7,0.0,1022.3
2016-11-28 19:00:00,-3.1,62,10.2,0.0,1023.2
2016-11-28 20:00:00,-3.4,54,9.3,0.0,1024.0
2016-11-28 21:00:00,-3.5,51,9.1,0.0,1024.5
2016-11-28 22:00:00,-4.0,52,10.9,0.0,1025.3
2016-11-28 23:00:00,-4.6,55,9.7,0.0,1026.0
2016-11-29 00:00:00,-5.2,59,9.2,0.0,1026.7
2016-11-29 01:00:00,-5.8,62,8.9,0.0,1027.5
2016-11-29 02:00:00,-6.3,64,8.8,0.0,1028.1
2016-11-29 03:00:00,-6.7,67,8.4,0.0,1028.4
2016-11-29 04:00:00,-7.0,68,8.6,0.0,1028.6
2016-11-29 05:00:00,-7.3,69,8.5,0.0,1028.8
2016-11-29 06:00:00,-7.6,70,8.4,0.0,1028.9
2016-11-29 07:00:00,-7.8,70,7.9,0.0,1029.1
2016-11-29 08:00:00,-6.8,65,9.3,57.0,1030.0
2016-11-29 09:00:00,-3.6,50,6.6,194.0,1030.5
2016-11-29 10:00:00,-1.6,44,5.6,322.0,1030.3
2016-11-29 11:00:00,-0.2,39,5.0,408.0,1029.9
2016-11-29 12:00:00,0.7,37,5.8,441.0,1029.2
2016-11-29 13:00:00,1.3,36,7.1,416.0,1028.3
2016-11-29 14:00:00,1.4,35,6.4,337.0,1027.7
2016-11-29 15:00:00,1.5,35,4.3,213.0,1027.9
2016-11-29 16:00:00,0.7,42,7.9,63.0,1027.5
2016-11-29 17:00:00,-1.3,50,8.0,1.0,1026.7
2016-11-29 18:00:00,-2.6,53,6.6,0.0,1025.6
2016-11-29 19:00:00,-3.2,52,7.4,0.0,1024.9
2016-11-29 20:00:00,-3.2,48,8.4,0.0,1024.5
2016-11-29 21:00:00,-2.7,44,9.1,0.0,1024.1
2016-11-29 22:00:00,-2.1,40,10.8,0.0,1023.7
2016-11-29 23:00:00,-1.5,39,12.3,0.0,1023.0
2016-11-30 00:00:00,-1.0,39,13.7,0.0,1022.7
2016-11-30 01:00:00,-0.6,39,14.8,0.0,1022.1
2016-11-30 02:00:00,-0.4,40,15.5,0.0,1021.8
2016-11-30 03:00:00,-0.2,41,17.3,0.0,1020.6
2016-11-30 04:00:00,-0.2,43,19.0,0.0,1019.4
2016-11-30 05:00:00,-0.3,48,20.0,0.0,1018.0
2016-11-30 06:00:00,-0.3,57,18.9,0.0,1017.7
2016-11-30 07:00:00,-0.3,68,18.7,0.0,1016.8
2016-11-30 08:00:00,0.2,77,20.5,11.0,1016.5
2016-11-30 09:00:00,1.0,82,22.0,43.0,1015.5
2016-11-30 10:00:00,1.5,86,19.5,78.0,1014.6
2016-11-30 11:00:00,1.5,91,19.2,91.0,1013.5
2016-11-30 12:00:00,1.5,95,19.7,92.0,1012.2
2016-11-30 13:00:00,1.8,94,19.0,105.0,1011.1
2016-11-30 14:00:00,2.3,95,19.6,92.0,1010.4
2016-11-30 15:00:00,2.6,93,17.9,60.0,1009.6
2016-11-30 16:00:00,2.5,93,16.3,15.0,1009.6
2016-11-30 17:00:00,1.5,93,15.0,1.0,1009.3
2016-11-30 18:00:00,1.0,91,14.5,0.0,1009.4
2016-11-30 19:00:00,0.5,93,15.1,0.0,1009.9
2016-11-30 20:00:00,0.1,93,15.1,0.0,1010.6
2016-11-30 21:00:00,-0.3,90,18.6,0.0,1011.4
2016-11-30 22:00:00,-0.9,79,19.2,0.0,1012.9
2016-11-30 23:00:00,-1.8,73,15.5,0.0,1013.6
2016-12-01 00:00:00,-3.0,72,13.1,0.0,1014.4
2016-12-01 01:00:00,-4.2,71,9.8,0.0,1014.8
2016-12-01 02:00:00,-5.2,71,8.7,0.0,1015.1
2016-12-01 03:00:00,-5.7,69,11.4,0.0,1015.4
2016-12-01 04:00:00,-5.5,65,13.7,0.0,1015.6
2016-12-01 05:00:00,-4.9,57,15.5,0.0,1016.3
2016-12-01 06:00:00,-3.6,46,19.4,0.0,1017.3
2016-12-01 07:00:00,-3.4,39,20.8,0.0,1018.2
2016-12-01 08:00:00,-2.7,35,22.7,53.0,1019.3
2016-12-01 09:00:00,-1.5,32,24.9,187.0,1020.4
2016-12-01 10:00:00,-0.6,33,24.7,311.0,1021.3
2016-12-01 11:00:00,-0.1,35,21.1,405.0,1021.7
2016-12-01 12:00:00,0.4,36,19.5,439.0,1021.6
2016-12-01 13:00:00,0.6,36,19.1,413.0,1022.0
2016-12-01 14:00:00,0.7,36,16.8,327.0,1022.0
2016-12-01 15:00:00,-0.3,37,13.5,212.0,1022.2
2016-12-01 16:00:00,-1.4,42,7.3,73.0,1023.0
2016-12-01 17:00:00,-3.0,49,8.4,1.0,1023.3
2016-12-01 18:00:00,-4.0,53,7.2,0.0,1023.3
2016-12-01 19:00:00,-4.7,51,8.4,0.0,1023.6
2016-12-01 20:00:00,-4.9,51,10.1,0.0,1023.3
2016-12-01 21:00:00,-4.9,50,11.6,0.0,1022.6
2016-12-01 22:00:00,-4.8,48,13.2,0.0,1022.2
2016-12-01 23:00:00,-4.7,46,14.5,0.0,1021.7
2016-12-02 00:00:00,-4.5,44,15.9,0.0,1021.2
2016-12-02 01:00:00,-4.2,41,17.2,0.0,1020.9
2016-12-02 02:00:00,-3.8,38,18.5,0.0,1020.8
2016-12-02 03:00:00,-3.0,43,19.3,0.0,1020.4
2016-12-02 04:00:00,-2.6,51,19.1,0.0,1019.9
2016-12-02 05:00:00,-2.6,60,17.6,0.0,1020.0
2016-12-02 06:00:00,-2.7,66,16.1,0.0,1019.6
2016-12-02 07:00:00,-3.0,72,14.8,0.0,1020.1
2016-12-02 08:00:00,-2.3,72,14.7,50.0,1020.6
2016-12-02 09:00:00,0.2,64,15.1,180.0,1020.3
2016-12-02 10:00:00,2.4,56,16.1,305.0,1020.7
2016-12-02 11:00:00,4.0,51,14.6,390.0,1020.1
2016-12-02 12:00:00,5.3,46,13.5,423.0,1019.1
2016-12-02 13:00:00,6.0,44,13.0,399.0,1018.5
2016-12-02 14:00:00,6.3,44,11.8,323.0,1018.1
2016-12-02 15:00:00,5.5,52,7.1,204.0,1018.3
2016-12-02 16:00:00,3.3,62,9.5,70.0,1018.2
2016-12-02 17:00:00,1.1,71,10.1,1.0,1018.1
2016-12-02 18:00:00,0.0,76,12.3,0.0,1018.4
2016-12-02 19:00:00,-0.6,80,13.0,0.0,1018.0
2016-12-02 20:00:00,-1.0,83,13.7,0.0,1018.3
2016-12-02 21:00:00,-1.2,83,14.1,0.0,1017.8
2016-12-02 22:00:00,-1.2,83,15.2,0.0,1017.2
2016-12-02 23:00:00,-1.1,83,15.9,0.0,1017.0
2016-12-03 00:00:00,-1.0,83,17.0,0.0,1016.9
2016-12-03 01:00:00,-0.8,83,18.0,0.0,1016.4
2016-12-03 02:00:00,-0.5,84,18.8,0.0,1016.2
2016-12-03 03:00:00,-0.1,82,19.5,0.0,1015.5
2016-12-03 04:00:00,0.1,82,20.2,0.0,1014.9
2016-12-03 05:00:00,0.3,81,21.3,0.0,1014.5
2016-12-03 06:00:00,0.6,82,22.1,0.0,1014.5
2016-12-03 07:00:00,0.7,85,22.5,0.0,1014.4
2016-12-03 08:00:00,1.8,85,23.6,48.0,1014.6
2016-12-03 09:00:00,4.2,79,24.6,176.0,1014.3
2016-12-03 10:00:00,6.4,73,24.4,297.0,1013.9
2016-12-03 11:00:00,8.1,69,26.9,381.0,1012.9
2016-12-03 12:00:00,9.1,67,30.0,416.0,1011.7
2016-12-03 13:00:00,9.7,65,30.5,393.0,1010.8
2016-12-03 14:00:00,9.6,66,28.4,314.0,1010.2
2016-12-03 15:00:00,8.7,70,27.6,195.0,1009.9
2016-12-03 16:00:00,7.1,76,26.5,62.0,1010.0
2016-12-03 17:00:00,5.9,81,25.2,1.0,1009.8
2016-12-03 18:00:00,5.0,85,25.4,0.0,1009.3
2016-12-03 19:00:00,4.3,88,24.2,0.0,1009.2
2016-12-03 20:00:00,3.8,88,22.6,0.0,1009.6
2016-12-03 21:00:00,3.3,89,20.4,0.0,1009.4
2016-12-03 22:00:00,3.0,89,18.6,0.0,1009.4
2016-12-03 23:00:00,2.6,90,18.6,0.0,1009.3
2016-12-04 00:00:00,2.2,90,18.3,0.0,1009.6
2016-12-04 01:00:00,1.7,90,16.6,0.0,1008.9
2016-12-04 02:00:00,1.3,91,14.8,0.0,1009.0
2016-12-04 03:00:00,1.3,91,13.1,0.0,1008.6
2016-12-04 04:00:00,0.7,92,11.6,0.0,1008.7
2016-12-04 05:00:00,0.4,94,8.9,0.0,1008.2
2016-12-04 06:00:00,-0.3,95,7.7,0.0,1008.4
2016-12-04 07:00:00,-0.4,96,7.6,0.0,1008.7
2016-12-04 08:00:00,-0.3,96,4.8,25.0,1009.2
2016-12-04 09:00:00,1.2,89,6.2,81.0,1009.6
2016-12-04 10:00:00,1.7,80,9.7,161.0,1009.6
2016-12-04 11:00:00,2.3,73,10.5,245.0,1009.5
2016-12-04 12:00:00,2.9,66,11.9,304.0,1008.8
2016-12-04 13:00:00,3.1,61,14.0,309.0,1008.9
2016-12-04 14:00:00,2.9,58,16.2,226.0,1009.0
2016-12-04 15:00:00,3.1,58,16.6,122.0,1009.4
2016-12-04 16:00:00,2.0,59,16.2,47.0,1010.0
2016-12-04 17:00:00,0.6,60,17.3,1.0,1010.7
2016-12-04 18:00:00,-0.2,59,17.6,0.0,1011.2
2016-12-04 19:00:00,-0.7,58,17.7,0.0,1011.4
2016-12-04 20:00:00,-1.1,58,18.4,0.0,1012.1
2016-12-04 21:00:00,-1.5,57,19.1,0.0,1012.0
2016-12-04 22:00:00,-1.9,56,20.2,0.0,1011.7
2016-12-04 23:00:00,-2.4,56,20.2,0.0,1012.3
2016-12-05 00:00:00,-2.7,56,19.8,0.0,1012.8
2016-12-05 01:00:00,-3.1,56,19.1,0.0,1012.8
2016-12-05 02:00:00,-3.8,57,18.7,0.0,1013.1
2016-12-05 03:00:00,-4.2,55,18.7,0.0,1013.1
2016-12-05 04:00:00,-4.9,54,17.0,0.0,1013.1
2016-12-05 05:00:00,-5.3,51,16.0,0.0,1013.7
2016-12-05 06:00:00,-5.5,47,17.9,0.0,1014.8
2016-12-05 07:00:00,-5.7,44,18.9,0.0,1014.7
2016-12-05 08:00:00,-5.2,39,20.4,39.0,1016.0
2016-12-05 09:00:00,-4.3,35,21.1,132.0,1016.9
2016-12-05 10:00:00,-3.5,34,20.5,216.0,1017.4
2016-12-05 11:00:00,-2.8,35,20.3,274.0,1017.8
2016-12-05 12:00:00,-2.5,38,19.4,283.0,1017.3
2016-12-05 13:00:00,-2.5,40,18.7,278.0,1016.8
2016-12-05 14:00:00,-2.6,39,18.4,256.0,1016.7
2016-12-05 15:00:00,-3.6,37,18.5,206.0,1017.4
2016-12-05 16:00:00,-4.4,38,15.2,72.0,1018.5
2016-12-05 17:00:00,-5.2,39,13.4,1.0,1019.5
2016-12-05 18:00:00,-5.7,40,8.4,0.0,1020.0
2016-12-05 19:00:00,-6.4,41,6.6,0.0,1020.5
2016-12-05 20:00:00,-6.8,44,7.4,0.0,1020.8
2016-12-05 21:00:00,-7.3,46,6.2,0.0,1020.8
2016-12-05 22:00:00,-7.8,49,6.1,0.0,1021.0
2016-12-05 23:00:00,-8.2,52,5.4,0.0,1020.8
2016-12-06 00:00:00,-8.5,53,6.8,0.0,1021.0
2016-12-06 01:00:00,-8.7,53,5.8,0.0,1021.0
2016-12-06 02:00:00,-8.7,54,5.4,0.0,1020.7
2016-12-06 03:00:00,-9.0,54,5.5,0.0,1021.2
2016-12-06 04:00:00,-9.2,55,5.4,0.0,1019.7
2016-12-06 05:00:00,-8.7,52,5.5,0.0,1019.1
2016-12-06 06:00:00,-8.4,49,9.2,0.0,1018.0
2016-12-06 07:00:00,-8.5,48,11.8,0.0,1017.9
2016-12-06 08:00:00,-7.0,42,15.2,37.0,1017.8
2016-12-06 09:00:00,-4.5,35,15.7,145.0,1016.9
2016-12-06 10:00:00,-1.9,31,17.3,255.0,1016.4
2016-12-06 11:00:00,-0.2,32,20.0,276.0,1015.1
2016-12-06 12:00:00,1.4,36,22.8,304.0,1013.1
2016-12-06 13:00:00,2.7,41,24.9,285.0,1012.0
2016-12-06 14:00:00,3.8,45,26.1,231.0,1011.0
2016-12-06 15:00:00,3.2,52,17.6,119.0,1010.1
2016-12-06 16:00:00,1.6,62,11.6,56.0,1010.0
2016-12-06 17:00:00,-0.3,71,8.7,1.0,1010.5
2016-12-06 18:00:00,-1.5,78,6.9,0.0,1010.8
2016-12-06 19:00:00,-2.9,82,8.3,0.0,1011.9
2016-12-06 20:00:00,-3.9,83,7.8,0.0,1012.4
2016-12-06 21:00:00,-4.5,76,10.1,0.0,1012.8
2016-12-06 22:00:00,-5.3,65,11.0,0.0,1013.8
2016-12-06 23:00:00,-6.3,51,14.8,0.0,1014.5
2016-12-07 00:00:00,-7.1,45,15.5,0.0,1015.3
2016-12-07 01:00:00,-7.7,48,14.0,0.0,1015.7
2016-12-07 02:00:00,-8.2,50,12.6,0.0,1016.4
2016-12-07 03:00:00,-8.8,53,11.5,0.0,1016.6
2016-12-07 04:00:00,-9.2,55,11.6,0.0,1016.8
2016-12-07 05:00:00,-9.6,58,11.2,0.0,1017.0
2016-12-07 06:00:00,-10.0,60,10.4,0.0,1017.8
2016-12-07 07:00:00,-10.4,61,8.6,0.0,1017.7
2016-12-07 08:00:00,-10.0,60,10.2,43.0,1018.6
2016-12-07 09:00:00,-8.8,55,9.8,174.0,1019.2
2016-12-07 10:00:00,-7.4,50,8.0,302.0,1019.2
2016-12-07 11:00:00,-6.0,49,6.7,391.0,1018.7
2016-12-07 12:00:00,-5.0,46,6.4,427.0,1017.9
2016-12-07 13:00:00,-4.4,44,5.7,407.0,1017.2
2016-12-07 14:00:00,-4.1,43,4.6,330.0,1017.0
2016-12-07 15:00:00,-4.7,45,3.9,209.0,1016.6
2016-12-07 16:00:00,-5.2,47,6.0,72.0,1017.0
2016-12-07 17:00:00,-5.9,50,5.7,1.0,1017.0
2016-12-07 18:00:00,-6.8,52,3.1,0.0,1016.8
2016-12-07 19:00:00,-7.4,55,5.4,0.0,1015.9
2016-12-07 20:00:00,-7.7,56,7.6,0.0,1015.9
2016-12-07 21:00:00,-7.8,56,6.5,0.0,1015.7
2016-12-07 22:00:00,-7.8,56,7.6,0.0,1015.0
2016-12-07 23:00:00,-7.9,57,7.9,0.0,1014.7
2016-12-08 00:00:00,-8.0,59,8.3,0.0,1013.8
2016-12-08 01:00:00,-8.0,59,9.4,0.0,1012.8
2016-12-08 02:00:00,-7.8,57,10.5,0.0,1012.1
2016-12-08 03:00:00,-6.8,51,11.2,0.0,1011.4
2016-12-08 04:00:00,-6.2,47,11.9,0.0,1010.7
2016-12-08 05:00:00,-5.5,43,13.1,0.0,1009.9
2016-12-08 06:00:00,-4.5,41,14.3,0.0,1009.5
2016-12-08 07:00:00,-4.0,43,15.4,0.0,1008.6
2016-12-08 08:00:00,-2.9,45,17.5,30.0,1008.7
2016-12-08 09:00:00,-1.0,45,18.9,90.0,1008.2
2016-12-08 10:00:00,0.3,47,19.8,139.0,1007.6
2016-12-08 11:00:00,0.2,53,20.3,104.0,1006.0
2016-12-08 12:00:00,0.5,59,20.9,117.0,1004.9
2016-12-08 13:00:00,0.4,67,19.1,91.0,1003.7
2016-12-08 14:00:00,0.6,71,10.8,75.0,1004.1
2016-12-08 15:00:00,0.3,78,5.5,118.0,1004.4
2016-12-08 16:00:00,-0.8,88,4.8,33.0,1005.6
2016-12-08 17:00:00,-2.4,91,18.9,0.0,1006.7
2016-12-08 18:00:00,-3.9,81,24.8,0.0,1008.7
2016-12-08 19:00:00,-5.1,72,24.3,0.0,1009.9
2016-12-08 20:00:00,-6.1,66,22.3,0.0,1011.4
2016-12-08 21:00:00,-7.0,62,19.8,0.0,1012.5
2016-12-08 22:00:00,-7.9,62,15.3,0.0,1013.3
2016-12-08 23:00:00,-8.8,62,12.1,0.0,1013.8
2016-12-09 00:00:00,-9.6,63,10.6,0.0,1014.5
2016-12-09 01:00:00,-10.2,63,8.2,0.0,1014.9
2016-12-09 02:00:00,-10.6,63,6.4,0.0,1015.5
2016-12-09 03:00:00,-11.0,64,7.6,0.0,1016.3
2016-12-09 04:00:00,-11.4,65,9.1,0.0,1016.3
2016-12-09 05:00:00,-11.6,66,8.0,0.0,1017.0
2016-12-09 06:00:00,-11.7,66,7.3,0.0,1017.7
2016-12-09 07:00:00,-11.9,66,6.6,0.0,1018.1
2016-12-09 08:00:00,-11.2,65,4.5,40.0,1019.1
2016-12-09 09:00:00,-9.0,56,4.8,173.0,1020.0
2016-12-09 10:00:00,-7.2,50,7.9,303.0,1020.4
2016-12-09 11:00:00,-5.8,46,10.2,393.0,1020.3
2016-12-09 12:00:00,-4.9,44,11.3,430.0,1019.4
2016-12-09 13:00:00,-4.4,43,11.3,409.0,1019.4
2016-12-09 14:00:00,-4.2,42,10.6,332.0,1019.3
2016-12-09 15:00:00,-4.5,43,8.6,209.0,1019.8
2016-12-09 16:00:00,-5.2,45,8.0,72.0,1020.3
2016-12-09 17:00:00,-5.9,47,5.4,1.0,1021.0
2016-12-09 18:00:00,-6.1,48,0.8,0.0,1021.6
2016-12-09 19:00:00,-7.5,54,2.9,0.0,1021.8
2016-12-09 20:00:00,-8.2,57,6.2,0.0,1022.5
2016-12-09 21:00:00,-8.6,59,6.9,0.0,1022.3
2016-12-09 22:00:00,-8.9,60,6.6,0.0,1022.8
2016-12-09 23:00:00,-9.1,61,6.1,0.0,1022.2
2016-12-10 00:00:00,-9.3,62,6.1,0.0,1022.0
2016-12-10 01:00:00,-9.5,63,5.8,0.0,1021.9
2016-12-10 02:00:00,-9.7,64,5.9,0.0,1021.9
2016-12-10 03:00:00,-10.0,67,6.3,0.0,1022.0
2016-12-10 04:00:00,-10.3,68,6.2,0.0,1021.4
2016-12-10 05:00:00,-10.4,68,6.6,0.0,1021.2
2016-12-10 06:00:00,-10.5,68,7.2,0.0,1021.1
2016-12-10 07:00:00,-10.5,68,6.8,0.0,1021.1
2016-12-10 08:00:00,-9.7,64,9.4,38.0,1021.7
2016-12-10 09:00:00,-6.1,49,8.9,168.0,1021.8
2016-12-10 10:00:00,-3.3,40,10.5,296.0,1022.2
2016-12-10 11:00:00,-1.5,38,12.2,386.0,1021.6
2016-12-10 12:00:00,-0.4,38,12.1,424.0,1020.8
2016-12-10 13:00:00,0.2,36,11.2,404.0,1020.4
2016-12-10 14:00:00,0.3,35,10.0,329.0,1020.2
2016-12-10 15:00:00,-1.0,36,7.4,210.0,1020.4
2016-12-10 16:00:00,-2.1,41,9.0,72.0,1020.7
2016-12-10 17:00:00,-3.9,43,8.7,1.0,1021.3
2016-12-10 18:00:00,-4.7,45,7.6,0.0,1021.6
2016-12-10 19:00:00,-4.5,43,6.0,0.0,1022.5
2016-12-10 20:00:00,-4.8,44,5.2,0.0,1022.9
2016-12-10 21:00:00,-6.0,48,5.1,0.0,1022.5
2016-12-10 22:00:00,-7.5,55,6.4,0.0,1023.1
2016-12-10 23:00:00,-8.5,59,5.8,0.0,1022.5
2016-12-11 00:00:00,-9.3,64,5.5,0.0,1022.2
2016-12-11 01:00:00,-9.8,67,6.0,0.0,1022.5
2016-12-11 02:00:00,-10.1,68,5.2,0.0,1022.8
2016-12-11 03:00:00,-10.5,73,6.6,0.0,1022.8
2016-12-11 04:00:00,-10.7,73,6.3,0.0,1022.5
2016-12-11 05:00:00,-10.8,73,7.2,0.0,1022.0
2016-12-11 06:00:00,-10.6,71,8.8,0.0,1021.3
2016-12-11 07:00:00,-10.2,67,10.9,0.0,1020.2
2016-12-11 08:00:00,-9.0,61,10.2,32.0,1020.7
2016-12-11 09:00:00,-5.7,48,10.5,115.0,1020.9
2016-12-11 10:00:00,-2.8,39,13.4,184.0,1020.3
2016-12-11 11:00:00,-0.4,33,16.6,272.0,1019.5
2016-12-11 12:00:00,1.4,32,21.3,382.0,1017.8
2016-12-11 13:00:00,2.4,35,24.4,405.0,1016.3
2016-12-11 14:00:00,2.7,38,24.9,323.0,1015.5
2016-12-11 15:00:00,2.4,47,21.9,187.0,1015.2
2016-12-11 16:00:00,1.4,56,20.3,62.0,1014.8
2016-12-11 17:00:00,0.7,62,19.6,1.0,1014.9
2016-12-11 18:00:00,0.0,67,20.7,0.0,1014.3
2016-12-11 19:00:00,-0.5,72,20.5,0.0,1014.3
2016-12-11 20:00:00,-0.5,76,20.5,0.0,1014.5
2016-12-11 21:00:00,-0.5,78,19.9,0.0,1014.3
2016-12-11 22:00:00,-0.4,79,19.6,0.0,1014.2
2016-12-11 23:00:00,-0.7,81,18.6,0.0,1014.2
2016-12-12 00:00:00,-1.0,82,18.8,0.0,1014.2
2016-12-12 01:00:00,-0.8,81,18.9,0.0,1013.9
2016-12-12 02:00:00,-0.8,82,17.9,0.0,1014.0
2016-12-12 03:00:00,-0.7,82,16.1,0.0,1014.1
2016-12-12 04:00:00,-1.0,85,15.0,0.0,1013.7
2016-12-12 05:00:00,-0.6,85,14.7,0.0,1013.8
2016-12-12 06:00:00,-0.3,86,14.0,0.0,1014.4
2016-12-12 07:00:00,-0.2,88,11.6,0.0,1014.5
2016-12-12 08:00:00,-0.4,91,9.9,13.0,1015.3
2016-12-12 09:00:00,0.2,89,8.6,61.0,1015.9
2016-12-12 10:00:00,-0.4,86,12.0,60.0,1016.0
2016-12-12 11:00:00,-1.0,77,15.8,122.0,1017.1
2016-12-12 12:00:00,-2.0,71,17.1,91.0,1016.7
2016-12-12 13:00:00,-2.5,67,17.7,121.0,1017.4
2016-12-12 14:00:00,-2.7,65,16.7,120.0,1017.6
2016-12-12 15:00:00,-2.7,58,15.5,112.0,1018.0
2016-12-12 16:00:00,-3.4,59,12.6,57.0,1018.8
2016-12-12 17:00:00,-4.8,61,10.1,1.0,1019.3
2016-12-12 18:00:00,-5.6,62,7.6,0.0,1020.1
2016-12-12 19:00:00,-6.3,63,7.1,0.0,1020.0
2016-12-12 20:00:00,-6.9,64,8.1,0.0,1020.8
2016-12-12 21:00:00,-7.7,67,9.4,0.0,1020.8
2016-12-12 22:00:00,-7.8,66,7.3,0.0,1021.0
2016-12-12 23:00:00,-8.0,65,4.3,0.0,1021.1
2016-12-13 00:00:00,-9.0,70,7.8,0.0,1021.4
2016-12-13 01:00:00,-8.9,65,6.8,0.0,1021.7
2016-12-13 02:00:00,-8.6,59,9.0,0.0,1022.1
2016-12-13 03:00:00,-8.9,56,10.6,0.0,1022.5
2016-12-13 04:00:00,-9.2,54,11.7,0.0,1022.5
2016-12-13 05:00:00,-9.5,54,14.4,0.0,1022.4
2016-12-13 06:00:00,-9.7,56,14.0,0.0,1022.2
2016-12-13 07:00:00,-9.9,57,14.0,0.0,1022.6
2016-12-13 08:00:00,-9.8,57,14.1,33.0,1023.3
2016-12-13 09:00:00,-8.7,52,15.4,161.0,1023.8
2016-12-13 10:00:00,-7.6,47,15.5,295.0,1023.8
2016-12-13 11:00:00,-6.6,42,16.1,387.0,1023.4
2016-12-13 12:00:00,-5.9,39,17.5,427.0,1022.9
2016-12-13 13:00:00,-5.6,39,19.3,408.0,1022.4
2016-12-13 14:00:00,-5.6,39,19.4,334.0,1022.2
2016-12-13 15:00:00,-6.0,41,18.6,213.0,1022.4
2016-12-13 16:00:00,-6.8,44,13.9,74.0,1023.4
2016-12-13 17:00:00,-7.7,46,12.3,1.0,1024.2
2016-12-13 18:00:00,-8.2,47,11.6,0.0,1024.4
2016-12-13 19:00:00,-8.7,46,13.2,0.0,1025.0
2016-12-13 20:00:00,-9.3,46,15.4,0.0,1025.3
2016-12-13 21:00:00,-9.9,45,16.2,0.0,1025.6
2016-12-13 22:00:00,-10.5,44,16.1,0.0,1025.8
2016-12-13 23:00:00,-11.1,44,15.7,0.0,1026.0
2016-12-14 00:00:00,-11.6,45,14.8,0.0,1026.1
2016-12-14 01:00:00,-12.1,45,14.3,0.0,1026.0
2016-12-14 02:00:00,-12.5,46,13.8,0.0,1026.3
2016-12-14 03:00:00,-13.0,48,12.9,0.0,1026.4
2016-12-14 04:00:00,-13.4,49,12.1,0.0,1026.3
2016-12-14 05:00:00,-13.8,50,11.2,0.0,1026.1
2016-12-14 06:00:00,-14.0,51,9.3,0.0,1026.0
2016-12-14 07:00:00,-14.3,53,8.4,0.0,1026.2
2016-12-14 08:00:00,-13.9,52,9.5,35.0,1026.7
2016-12-14 09:00:00,-12.6,47,9.6,166.0,1026.8
2016-12-14 10:00:00,-11.1,44,8.9,297.0,1026.9
2016-12-14 11:00:00,-9.9,41,9.0,390.0,1026.1
2016-12-14 12:00:00,-9.0,39,9.4,429.0,1024.9
2016-12-14 13:00:00,-8.3,38,10.5,411.0,1024.2
2016-12-14 14:00:00,-8.1,36,10.5,336.0,1023.3
2016-12-14 15:00:00,-8.0,37,9.4,216.0,1022.9
2016-12-14 16:00:00,-8.5,38,5.4,76.0,1022.5
2016-12-14 17:00:00,-9.2,40,7.9,1.0,1022.3
2016-12-14 18:00:00,-10.1,45,7.2,0.0,1021.9
2016-12-14 19:00:00,-9.8,43,6.6,0.0,1021.7
2016-12-14 20:00:00,-10.0,43,5.1,0.0,1022.0
2016-12-14 21:00:00,-10.6,46,4.3,0.0,1021.8
2016-12-14 22:00:00,-11.1,48,5.2,0.0,1021.7
2016-12-14 23:00:00,-11.3,49,5.6,0.0,1021.7
2016-12-15 00:00:00,-11.3,49,5.9,0.0,1021.7
2016-12-15 01:00:00,-11.4,49,4.2,0.0,1022.1
2016-12-15 02:00:00,-11.7,51,1.8,0.0,1022.2
2016-12-15 03:00:00,-12.5,54,2.1,0.0,1022.4
2016-12-15 04:00:00,-14.1,61,5.7,0.0,1022.0
2016-12-15 05:00:00,-14.7,64,7.5,0.0,1022.3
2016-12-15 06:00:00,-14.8,63,6.2,0.0,1022.9
2016-12-15 07:00:00,-14.9,62,6.5,0.0,1023.6
2016-12-15 08:00:00,-14.2,57,8.8,34.0,1024.3
2016-12-15 09:00:00,-11.8,46,10.0,166.0,1024.8
2016-12-15 10:00:00,-10.2,39,10.6,298.0,1025.4
2016-12-15 11:00:00,-9.2,36,11.6,391.0,1025.4
2016-12-15 12:00:00,-8.6,35,13.0,431.0,1025.3
2016-12-15 13:00:00,-8.2,34,13.7,412.0,1024.8
2016-12-15 14:00:00,-8.2,33,13.5,338.0,1024.6
2016-12-15 15:00:00,-8.8,35,12.2,218.0,1024.6
2016-12-15 16:00:00,-9.3,36,7.8,77.0,1024.8
2016-12-15 17:00:00,-10.0,39,8.0,1.0,1024.8
2016-12-15 18:00:00,-10.2,39,4.4,0.0,1025.2
2016-12-15 19:00:00,-10.4,40,1.4,0.0,1025.0
2016-12-15 20:00:00,-11.9,46,4.7,0.0,1024.5
2016-12-15 21:00:00,-12.5,48,5.4,0.0,1024.7
2016-12-15 22:00:00,-13.1,51,7.6,0.0,1024.1
2016-12-15 23:00:00,-13.3,51,8.5,0.0,1023.4
2016-12-16 00:00:00,-13.4,51,9.3,0.0,1023.2
2016-12-16 01:00:00,-13.5,51,9.3,0.0,1022.9
2016-12-16 02:00:00,-13.5,51,10.0,0.0,1022.3
2016-12-16 03:00:00,-13.5,50,10.4,0.0,1021.9
2016-12-16 04:00:00,-13.3,48,10.8,0.0,1020.9
2016-12-16 05:00:00,-13.1,46,11.8,0.0,1020.6
2016-12-16 06:00:00,-12.8,45,13.1,0.0,1020.4
2016-12-16 07:00:00,-12.4,44,13.8,0.0,1020.3
2016-12-16 08:00:00,-11.4,43,15.2,32.0,1020.3
2016-12-16 09:00:00,-8.2,39,14.9,160.0,1019.8
2016-12-16 10:00:00,-4.9,39,16.6,288.0,1019.3
2016-12-16 11:00:00,-2.3,40,18.1,376.0,1017.8
2016-12-16 12:00:00,-0.4,41,18.5,393.0,1016.5
2016-12-16 13:00:00,0.8,41,19.3,341.0,1015.4
2016-12-16 14:00:00,1.4,42,18.9,249.0,1014.2
2016-12-16 15:00:00,0.4,50,16.0,124.0,1013.9
2016-12-16 16:00:00,-0.5,54,14.9,45.0,1013.5
2016-12-16 17:00:00,-1.7,58,14.4,1.0,1013.4
2016-12-16 18:00:00,-2.4,61,15.6,0.0,1013.2
2016-12-16 19:00:00,-3.1,64,16.1,0.0,1013.7
2016-12-16 20:00:00,-3.5,67,16.5,0.0,1013.2
2016-12-16 21:00:00,-3.7,72,15.9,0.0,1013.4
2016-12-16 22:00:00,-4.5,79,14.6,0.0,1013.6
2016-12-16 23:00:00,-4.9,82,13.4,0.0,1014.1
2016-12-17 00:00:00,-5.4,85,12.1,0.0,1014.0
2016-12-17 01:00:00,-5.9,86,10.9,0.0,1014.5
2016-12-17 02:00:00,-6.5,87,10.2,0.0,1015.0
2016-12-17 03:00:00,-6.8,87,9.9,0.0,1015.4
2016-12-17 04:00:00,-7.1,88,9.9,0.0,1015.2
2016-12-17 05:00:00,-7.5,88,9.3,0.0,1015.2
2016-12-17 06:00:00,-7.8,88,9.9,0.0,1016.0
2016-12-17 07:00:00,-8.1,88,9.5,0.0,1016.0
2016-12-17 08:00:00,-7.9,89,10.0,30.0,1016.8
2016-12-17 09:00:00,-4.7,83,9.4,154.0,1017.2
2016-12-17 10:00:00,-1.2,70,8.8,282.0,1017.0
2016-12-17 11:00:00,1.2,66,9.7,372.0,1017.2
2016-12-17 12:00:00,2.7,63,10.7,405.0,1016.3
2016-12-17 13:00:00,3.7,61,11.6,392.0,1016.0
2016-12-17 14:00:00,4.1,59,11.9,323.0,1016.0
2016-12-17 15:00:00,4.0,62,8.0,207.0,1016.0
2016-12-17 16:00:00,2.0,71,9.1,73.0,1016.2
2016-12-17 17:00:00,-0.3,79,12.3,1.0,1016.8
2016-12-17 18:00:00,-0.8,84,15.3,0.0,1017.3
2016-12-17 19:00:00,-0.9,88,15.8,0.0,1017.5
2016-12-17 20:00:00,-0.9,90,15.2,0.0,1017.7
2016-12-17 21:00:00,-0.7,91,14.6,0.0,1017.7
2016-12-17 22:00:00,-0.5,91,13.3,0.0,1017.9
2016-12-17 23:00:00,-0.4,91,12.5,0.0,1017.8
2016-12-18 00:00:00,-0.6,91,12.1,0.0,1017.9
2016-12-18 01:00:00,-0.9,92,11.7,0.0,1017.8
2016-12-18 02:00:00,-1.0,92,11.3,0.0,1018.0
2016-12-18 03:00:00,-1.5,92,10.9,0.0,1017.9
2016-12-18 04:00:00,-1.9,92,10.6,0.0,1017.4
2016-12-18 05:00:00,-2.3,92,9.3,0.0,1017.5
2016-12-18 06:00:00,-2.6,92,9.8,0.0,1016.9
2016-12-18 07:00:00,-2.8,93,10.3,0.0,1017.5
2016-12-18 08:00:00,-2.4,94,11.6,23.0,1017.7
2016-12-18 09:00:00,0.2,94,13.0,126.0,1017.8
2016-12-18 10:00:00,3.5,88,11.9,220.0,1018.0
2016-12-18 11:00:00,4.9,82,12.6,289.0,1018.0
2016-12-18 12:00:00,6.0,73,12.9,314.0,1017.1
2016-12-18 13:00:00,6.6,70,13.2,319.0,1016.7
2016-12-18 14:00:00,6.5,70,11.8,183.0,1016.6
2016-12-18 15:00:00,6.2,72,6.5,147.0,1016.7
2016-12-18 16:00:00,4.6,79,7.9,52.0,1016.8
2016-12-18 17:00:00,2.8,85,9.9,1.0,1017.1
2016-12-18 18:00:00,2.0,89,10.7,0.0,1017.1
2016-12-18 19:00:00,1.7,91,12.1,0.0,1017.3
2016-12-18 20:00:00,1.3,93,11.8,0.0,1017.3
2016-12-18 21:00:00,1.1,94,10.5,0.0,1017.6
2016-12-18 22:00:00,0.9,94,9.7,0.0,1017.5
2016-12-18 23:00:00,1.1,95,9.2,0.0,1017.8
2016-12-19 00:00:00,1.4,95,9.1,0.0,1017.2
2016-12-19 01:00:00,1.2,95,8.7,0.0,1017.0
2016-12-19 02:00:00,1.2,95,8.9,0.0,1017.4
2016-12-19 03:00:00,0.6,95,9.2,0.0,1016.9
2016-12-19 04:00:00,0.5,96,9.1,0.0,1016.9
2016-12-19 05:00:00,0.2,96,8.3,0.0,1016.7
2016-12-19 06:00:00,0.4,97,7.9,0.0,1016.7
2016-12-19 07:00:00,0.0,97,7.0,0.0,1016.8
2016-12-19 08:00:00,-0.0,98,7.5,14.0,1017.0
2016-12-19 09:00:00,1.0,98,8.0,62.0,1017.4
2016-12-19 10:00:00,1.6,97,8.6,93.0,1017.7
2016-12-19 11:00:00,2.3,96,9.4,186.0,1017.2
2016-12-19 12:00:00,2.4,95,9.4,154.0,1016.5
2016-12-19 13:00:00,2.5,93,10.0,166.0,1016.0
2016-12-19 14:00:00,2.4,92,9.0,118.0,1016.1
2016-12-19 15:00:00,1.4,93,7.0,74.0,1016.4
2016-12-19 16:00:00,0.7,95,4.3,27.0,1017.2
2016-12-19 17:00:00,0.2,96,5.0,1.0,1017.7
2016-12-19 18:00:00,-0.3,97,4.7,0.0,1017.8
2016-12-19 19:00:00,-0.7,97,4.4,0.0,1018.1
2016-12-19 20:00:00,-1.0,98,4.6,0.0,1018.7
2016-12-19 21:00:00,-1.2,98,6.3,0.0,1019.3
2016-12-19 22:00:00,-1.5,98,5.2,0.0,1019.6
2016-12-19 23:00:00,-1.6,98,5.1,0.0,1020.3
2016-12-20 00:00:00,-1.7,98,2.5,0.0,1020.5
2016-12-20 01:00:00,-2.0,99,4.2,0.0,1020.7
2016-12-20 02:00:00,-2.2,99,3.1,0.0,1020.9
2016-12-20 03:00:00,-1.9,99,1.8,0.0,1020.8
2016-12-20 04:00:00,-1.9,99,0.8,0.0,1020.6
2016-12-20 05:00:00,-1.9,99,2.9,0.0,1020.8
2016-12-20 06:00:00,-2.2,99,3.3,0.0,1020.9
2016-12-20 07:00:00,-2.4,99,2.6,0.0,1021.0
2016-12-20 08:00:00,-2.5,98,6.5,15.0,1021.7
2016-12-20 09:00:00,-2.3,96,6.3,76.0,1021.5
2016-12-20 10:00:00,-1.7,92,6.0,152.0,1022.2
2016-12-20 11:00:00,-0.7,87,5.4,225.0,1023.1
2016-12-20 12:00:00,0.6,81,5.8,323.0,1021.9
2016-12-20 13:00:00,1.9,74,6.3,353.0,1021.2
2016-12-20 14:00:00,2.5,71,6.1,296.0,1021.0
2016-12-20 15:00:00,2.9,69,3.6,206.0,1021.2
2016-12-20 16:00:00,1.9,73,4.0,77.0,1021.2
2016-12-20 17:00:00,-0.4,82,6.1,2.0,1021.7
2016-12-20 18:00:00,-2.4,87,6.3,0.0,1022.0
2016-12-20 19:00:00,-3.3,89,7.6,0.0,1022.6
2016-12-20 20:00:00,-4.0,91,7.4,0.0,1023.2
2016-12-20 21:00:00,-4.3,91,5.4,0.0,1023.7
2016-12-20 22:00:00,-4.5,91,5.4,0.0,1023.6
2016-12-20 23:00:00,-4.4,92,6.1,0.0,1023.9
2016-12-21 00:00:00,-4.4,92,5.4,0.0,1023.9
2016-12-21 01:00:00,-4.4,92,7.3,0.0,1023.3
2016-12-21 02:00:00,-4.0,92,7.5,0.0,1022.6
2016-12-21 03:00:00,-3.5,92,7.4,0.0,1022.2
2016-12-21 04:00:00,-3.3,92,8.4,0.0,1021.0
2016-12-21 05:00:00,-3.0,91,10.0,0.0,1020.4
2016-12-21 06:00:00,-2.7,90,10.2,0.0,1020.5
2016-12-21 07:00:00,-2.5,88,10.7,0.0,1020.4
2016-12-21 08:00:00,-2.1,86,11.4,16.0,1020.7
2016-12-21 09:00:00,-1.1,79,10.0,85.0,1020.9
2016-12-21 10:00:00,-0.0,74,9.0,160.0,1020.4
2016-12-21 11:00:00,0.7,70,9.1,198.0,1020.1
2016-12-21 12:00:00,0.9,68,10.8,184.0,1019.2
2016-12-21 13:00:00,0.9,67,12.3,174.0,1018.3
2016-12-21 14:00:00,0.7,65,14.8,148.0,1018.0
2016-12-21 15:00:00,-0.4,66,16.6,122.0,1017.8
2016-12-21 16:00:00,-1.7,67,17.6,45.0,1018.2
2016-12-21 17:00:00,-2.9,68,18.0,1.0,1018.5
2016-12-21 18:00:00,-3.5,67,20.6,0.0,1017.5
2016-12-21 19:00:00,-4.0,68,20.7,0.0,1017.7
2016-12-21 20:00:00,-4.8,69,21.0,0.0,1016.8
2016-12-21 21:00:00,-5.7,70,21.3,0.0,1016.0
2016-12-21 22:00:00,-6.5,70,20.9,0.0,1015.9
2016-12-21 23:00:00,-7.3,69,20.3,0.0,1016.3
2016-12-22 00:00:00,-8.1,69,22.8,0.0,1015.7
2016-12-22 01:00:00,-8.8,69,24.1,0.0,1014.9
2016-12-22 02:00:00,-9.4,70,23.0,0.0,1014.9
2016-12-22 03:00:00,-10.0,69,23.0,0.0,1014.7
2016-12-22 04:00:00,-10.3,70,22.7,0.0,1013.8
2016-12-22 05:00:00,-10.3,69,22.0,0.0,1013.1
2016-12-22 06:00:00,-10.2,69,21.0,0.0,1013.0
2016-12-22 07:00:00,-10.1,69,20.5,0.0,1013.4
2016-12-22 08:00:00,-9.8,68,19.7,10.0,1013.0
2016-12-22 09:00:00,-9.4,66,20.5,47.0,1012.8
2016-12-22 10:00:00,-8.9,64,21.4,100.0,1012.5
2016-12-22 11:00:00,-8.2,61,21.6,159.0,1012.4
2016-12-22 12:00:00,-7.7,59,22.2,160.0,1011.9
2016-12-22 13:00:00,-7.5,58,21.8,124.0,1011.3
2016-12-22 14:00:00,-7.2,58,21.3,126.0,1011.1
2016-12-22 15:00:00,-8.1,57,20.6,111.0,1011.2
2016-12-22 16:00:00,-8.2,59,19.8,37.0,1011.4
2016-12-22 17:00:00,-8.4,60,18.4,1.0,1011.9
2016-12-22 18:00:00,-8.5,62,18.3,0.0,1012.6
2016-12-22 19:00:00,-8.8,64,19.3,0.0,1013.3
2016-12-22 20:00:00,-9.1,66,19.2,0.0,1013.1
2016-12-22 21:00:00,-9.3,68,20.3,0.0,1013.2
2016-12-22 22:00:00,-9.4,70,19.9,0.0,1013.1
2016-12-22 23:00:00,-9.4,71,20.1,0.0,1013.3
2016-12-23 00:00:00,-9.4,72,19.7,0.0,1013.6
2016-12-23 01:00:00,-9.4,71,18.8,0.0,1013.7
2016-12-23 02:00:00,-9.4,71,19.5,0.0,1014.5
2016-12-23 03:00:00,-10.5,70,19.5,0.0,1014.8
2016-12-23 04:00:00,-10.6,70,19.7,0.0,1015.2
2016-12-23 05:00:00,-10.6,70,20.3,0.0,1015.4
2016-12-23 06:00:00,-10.6,69,18.5,0.0,1016.4
2016-12-23 07:00:00,-10.6,67,20.4,0.0,1017.2
2016-12-23 08:00:00,-10.8,65,18.6,20.0,1018.4
2016-12-23 09:00:00,-10.3,58,21.2,123.0,1019.0
2016-12-23 10:00:00,-9.5,53,22.1,243.0,1019.8
2016-12-23 11:00:00,-8.6,49,21.3,338.0,1019.8
2016-12-23 12:00:00,-7.9,47,19.8,378.0,1019.5
2016-12-23 13:00:00,-7.5,45,18.1,369.0,1019.4
2016-12-23 14:00:00,-7.2,44,17.5,313.0,1020.2
2016-12-23 15:00:00,-7.5,43,16.0,207.0,1021.0
2016-12-23 16:00:00,-8.1,45,11.5,77.0,1021.9
2016-12-23 17:00:00,-9.1,48,8.3,2.0,1022.7
2016-12-23 18:00:00,-9.7,50,6.5,0.0,1023.8
2016-12-23 19:00:00,-10.4,52,6.5,0.0,1024.0
2016-12-23 20:00:00,-11.0,55,7.5,0.0,1024.3
2016-12-23 21:00:00,-11.6,57,8.5,0.0,1024.2
2016-12-23 22:00:00,-12.1,59,8.8,0.0,1024.4
2016-12-23 23:00:00,-12.5,61,6.9,0.0,1024.7
2016-12-24 00:00:00,-12.9,62,5.4,0.0,1024.8
2016-12-24 01:00:00,-13.5,65,5.5,0.0,1024.9
2016-12-24 02:00:00,-13.8,66,5.2,0.0,1025.2
2016-12-24 03:00:00,-14.2,68,5.8,0.0,1025.2
2016-12-24 04:00:00,-14.5,69,7.6,0.0,1024.8
2016-12-24 05:00:00,-14.6,71,8.3,0.0,1024.5
2016-12-24 06:00:00,-14.8,72,6.6,0.0,1025.0
2016-12-24 07:00:00,-15.0,73,6.1,0.0,1025.3
2016-12-24 08:00:00,-14.5,72,4.7,26.0,1025.5
2016-12-24 09:00:00,-11.5,60,5.2,152.0,1025.5
2016-12-24 10:00:00,-9.1,50,5.8,284.0,1025.4
2016-12-24 11:00:00,-7.2,42,4.9,378.0,1024.9
2016-12-24 12:00:00,-5.5,36,3.2,421.0,1024.0
2016-12-24 13:00:00,-4.2,32,3.1,407.0,1023.6
2016-12-24 14:00:00,-3.5,31,3.6,337.0,1023.4
2016-12-24 15:00:00,-3.5,30,3.6,221.0,1023.1
2016-12-24 16:00:00,-4.0,32,3.1,83.0,1023.3
2016-12-24 17:00:00,-4.9,35,2.3,2.0,1023.7
2016-12-24 18:00:00,-5.4,36,4.0,0.0,1023.7
2016-12-24 19:00:00,-6.2,38,5.1,0.0,1024.0
2016-12-24 20:00:00,-8.1,44,7.9,0.0,1023.6
2016-12-24 21:00:00,-9.0,48,7.8,0.0,1023.7
2016-12-24 22:00:00,-9.2,48,8.6,0.0,1023.7
2016-12-24 23:00:00,-9.2,48,9.0,0.0,1024.1
2016-12-25 00:00:00,-9.1,46,9.7,0.0,1023.5
2016-12-25 01:00:00,-8.9,44,11.1,0.0,1023.2
2016-12-25 02:00:00,-8.7,43,13.3,0.0,1023.1
2016-12-25 03:00:00,-7.7,51,13.7,0.0,1022.8
2016-12-25 04:00:00,-7.2,58,14.5,0.0,1022.6
2016-12-25 05:00:00,-6.4,64,16.0,0.0,1021.9
2016-12-25 06:00:00,-5.8,69,17.9,0.0,1020.9
2016-12-25 07:00:00,-5.4,72,18.4,0.0,1021.3
2016-12-25 08:00:00,-4.5,72,20.2,23.0,1021.4
2016-12-25 09:00:00,-2.4,64,21.2,138.0,1021.7
2016-12-25 10:00:00,0.0,55,23.1,259.0,1021.2
2016-12-25 11:00:00,1.8,52,24.5,317.0,1020.5
2016-12-25 12:00:00,3.1,52,26.4,357.0,1019.4
2016-12-25 13:00:00,3.9,52,28.5,383.0,1018.8
2016-12-25 14:00:00,4.1,55,27.9,312.0,1018.4
2016-12-25 15:00:00,3.5,62,24.1,196.0,1018.6
2016-12-25 16:00:00,2.1,68,19.6,78.0,1018.6
2016-12-25 17:00:00,0.8,75,16.6,2.0,1018.8
2016-12-25 18:00:00,-0.3,81,13.9,0.0,1018.9
2016-12-25 19:00:00,-1.0,84,12.0,0.0,1019.7
2016-12-25 20:00:00,-1.7,87,11.0,0.0,1019.9
2016-12-25 21:00:00,-1.9,88,9.2,0.0,1020.5
2016-12-25 22:00:00,-2.0,91,8.7,0.0,1020.9
2016-12-25 23:00:00,-1.8,93,7.2,0.0,1021.3
2016-12-26 00:00:00,-2.4,89,13.7,0.0,1021.7
2016-12-26 01:00:00,-3.4,83,20.5,0.0,1021.8
2016-12-26 02:00:00,-4.1,81,19.8,0.0,1022.7
2016-12-26 03:00:00,-4.3,78,19.5,0.0,1023.1
2016-12-26 04:00:00,-4.7,75,20.5,0.0,1022.9
2016-12-26 05:00:00,-5.5,69,22.3,0.0,1023.1
2016-12-26 06:00:00,-6.5,62,20.7,0.0,1023.6
2016-12-26 07:00:00,-7.3,58,19.6,0.0,1023.7
2016-12-26 08:00:00,-7.8,53,21.5,13.0,1024.9
2016-12-26 09:00:00,-8.0,49,22.7,65.0,1025.3
2016-12-26 10:00:00,-8.0,48,23.4,127.0,1024.7
2016-12-26 11:00:00,-7.7,45,22.3,215.0,1025.2
2016-12-26 12:00:00,-7.6,43,21.7,265.0,1024.4
2016-12-26 13:00:00,-7.6,41,21.7,254.0,1024.2
2016-12-26 14:00:00,-7.7,40,21.7,214.0,1024.0
2016-12-26 15:00:00,-8.2,40,20.7,166.0,1024.1
2016-12-26 16:00:00,-8.9,43,18.8,66.0,1024.0
2016-12-26 17:00:00,-9.7,45,17.8,3.0,1024.2
2016-12-26 18:00:00,-10.2,45,16.6,0.0,1024.8
2016-12-26 19:00:00,-10.8,45,16.6,0.0,1025.5
2016-12-26 20:00:00,-11.4,45,15.9,0.0,1025.4
2016-12-26 21:00:00,-12.1,46,14.9,0.0,1025.2
2016-12-26 22:00:00,-12.8,46,13.9,0.0,1025.3
2016-12-26 23:00:00,-13.4,46,12.8,0.0,1025.0
2016-12-27 00:00:00,-14.0,47,10.9,0.0,1025.2
2016-12-27 01:00:00,-14.5,46,8.4,0.0,1025.2
2016-12-27 02:00:00,-14.9,46,7.3,0.0,1025.2
2016-12-27 03:00:00,-15.3,47,8.3,0.0,1025.3
2016-12-27 04:00:00,-15.6,48,8.4,0.0,1025.1
2016-12-27 05:00:00,-16.0,48,8.0,0.0,1025.1
2016-12-27 06:00:00,-16.3,48,8.3,0.0,1025.6
2016-12-27 07:00:00,-16.6,48,8.7,0.0,1025.6
2016-12-27 08:00:00,-16.4,46,6.5,26.0,1026.6
2016-12-27 09:00:00,-15.0,40,9.0,154.0,1027.4
2016-12-27 10:00:00,-13.7,37,9.1,292.0,1027.5
2016-12-27 11:00:00,-12.5,35,9.2,391.0,1027.8
2016-12-27 12:00:00,-11.5,34,10.6,437.0,1027.4
2016-12-27 13:00:00,-10.7,33,11.5,424.0,1026.8
2016-12-27 14:00:00,-10.4,32,10.9,354.0,1026.7
2016-12-27 15:00:00,-10.4,33,9.9,235.0,1026.8
2016-12-27 16:00:00,-10.9,33,5.4,92.0,1026.9
2016-12-27 17:00:00,-11.8,36,8.6,3.0,1026.9
2016-12-27 18:00:00,-12.7,39,7.4,0.0,1026.9
2016-12-27 19:00:00,-13.7,42,7.6,0.0,1026.7
2016-12-27 20:00:00,-14.5,46,9.2,0.0,1026.7
2016-12-27 21:00:00,-14.9,47,10.5,0.0,1026.4
2016-12-27 22:00:00,-15.2,49,10.5,0.0,1026.0
2016-12-27 23:00:00,-15.5,50,10.2,0.0,1025.8
2016-12-28 00:00:00,-15.9,52,9.2,0.0,1025.1
2016-12-28 01:00:00,-16.2,53,7.8,0.0,1024.8
2016-12-28 02:00:00,-16.3,54,9.2,0.0,1024.4
2016-12-28 03:00:00,-15.9,50,10.3,0.0,1023.7
2016-12-28 04:00:00,-15.6,46,11.9,0.0,1022.3
2016-12-28 05:00:00,-15.0,41,13.9,0.0,1021.2
2016-12-28 06:00:00,-14.0,37,17.1,0.0,1020.1
2016-12-28 07:00:00,-12.5,40,19.4,0.0,1019.9
2016-12-28 08:00:00,-10.7,51,21.2,24.0,1020.2
2016-12-28 09:00:00,-7.5,59,21.4,146.0,1020.1
2016-12-28 10:00:00,-4.5,60,21.2,277.0,1020.7
2016-12-28 11:00:00,-2.8,51,24.6,374.0,1020.6
2016-12-28 12:00:00,-3.0,37,21.8,413.0,1020.4
2016-12-28 13:00:00,-3.2,33,19.9,383.0,1020.5
2016-12-28 14:00:00,-3.4,32,18.1,329.0,1020.5
2016-12-28 15:00:00,-4.3,31,14.7,231.0,1021.3
2016-12-28 16:00:00,-5.4,34,7.7,91.0,1021.4
2016-12-28 17:00:00,-7.0,37,10.1,3.0,1021.9
2016-12-28 18:00:00,-8.2,40,8.9,0.0,1022.3
2016-12-28 19:00:00,-9.0,42,9.2,0.0,1022.8
2016-12-28 20:00:00,-9.6,43,10.1,0.0,1023.2
2016-12-28 21:00:00,-10.2,44,10.8,0.0,1023.7
2016-12-28 22:00:00,-10.9,46,10.1,0.0,1024.2
2016-12-28 23:00:00,-11.5,47,8.7,0.0,1024.3
2016-12-29 00:00:00,-12.1,48,8.6,0.0,1024.5
2016-12-29 01:00:00,-12.6,49,9.2,0.0,1024.7
2016-12-29 02:00:00,-13.2,51,9.9,0.0,1025.3
2016-12-29 03:00:00,-13.5,53,10.4,0.0,1025.3
2016-12-29 04:00:00,-14.0,54,10.5,0.0,1025.4
2016-12-29 05:00:00,-14.5,56,10.9,0.0,1025.3
2016-12-29 06:00:00,-15.0,57,11.0,0.0,1025.8
2016-12-29 07:00:00,-15.5,59,9.4,0.0,1026.2
2016-12-29 08:00:00,-15.4,59,6.6,25.0,1026.6
2016-12-29 09:00:00,-13.0,49,2.7,151.0,1027.5
2016-12-29 10:00:00,-11.3,42,2.3,287.0,1027.2
2016-12-29 11:00:00,-10.1,37,3.7,386.0,1027.6
2016-12-29 12:00:00,-9.1,35,5.4,433.0,1026.6
2016-12-29 13:00:00,-8.3,34,6.2,421.0,1026.2
2016-12-29 14:00:00,-7.8,33,6.5,352.0,1025.7
2016-12-29 15:00:00,-7.8,33,6.2,235.0,1025.4
2016-12-29 16:00:00,-8.2,35,6.3,94.0,1025.2
2016-12-29 17:00:00,-9.2,38,9.4,4.0,1025.1
2016-12-29 18:00:00,-10.3,42,7.7,0.0,1024.9
2016-12-29 19:00:00,-10.7,43,10.1,0.0,1024.8
2016-12-29 20:00:00,-11.0,44,11.7,0.0,1024.9
2016-12-29 21:00:00,-11.2,45,12.2,0.0,1024.9
2016-12-29 22:00:00,-11.3,46,12.1,0.0,1024.8
2016-12-29 23:00:00,-11.3,46,13.3,0.0,1024.4
2016-12-30 00:00:00,-11.2,46,13.7,0.0,1023.7
2016-12-30 01:00:00,-11.1,47,13.5,0.0,1023.3
2016-12-30 02:00:00,-11.0,52,13.1,0.0,1022.8
2016-12-30 03:00:00,-10.7,57,14.1,0.0,1022.8
2016-12-30 04:00:00,-10.5,62,14.7,0.0,1021.9
2016-12-30 05:00:00,-10.3,65,15.0,0.0,1021.5
2016-12-30 06:00:00,-10.1,66,16.0,0.0,1021.3
2016-12-30 07:00:00,-9.8,66,16.3,0.0,1021.7
2016-12-30 08:00:00,-9.1,64,17.3,24.0,1021.6
2016-12-30 09:00:00,-6.4,57,18.0,148.0,1022.2
2016-12-30 10:00:00,-3.4,54,18.4,281.0,1021.8
2016-12-30 11:00:00,-1.1,55,20.2,377.0,1021.0
2016-12-30 12:00:00,0.4,53,22.2,422.0,1020.1
2016-12-30 13:00:00,1.5,52,23.6,411.0,1019.3
2016-12-30 14:00:00,2.0,50,22.3,344.0,1018.7
2016-12-30 15:00:00,1.8,50,17.4,221.0,1018.7
2016-12-30 16:00:00,0.2,56,14.5,88.0,1018.6
2016-12-30 17:00:00,-1.9,66,13.2,4.0,1018.9
2016-12-30 18:00:00,-3.1,75,13.2,0.0,1018.6
2016-12-30 19:00:00,-4.0,82,12.3,0.0,1019.6
2016-12-30 20:00:00,-4.7,85,12.4,0.0,1019.6
2016-12-30 21:00:00,-5.2,87,12.6,0.0,1019.5
2016-12-30 22:00:00,-5.6,87,12.6,0.0,1019.6
2016-12-30 23:00:00,-6.0,87,12.2,0.0,1019.4
2016-12-31 00:00:00,-6.3,88,11.9,0.0,1019.2
2016-12-31 01:00:00,-6.5,88,11.5,0.0,1019.4
2016-12-31 02:00:00,-6.6,88,11.2,0.0,1019.5
2016-12-31 03:00:00,-6.5,89,10.9,0.0,1019.6
2016-12-31 04:00:00,-6.7,89,10.7,0.0,1019.0
2016-12-31 05:00:00,-6.7,89,10.7,0.0,1019.3
2016-12-31 06:00:00,-6.7,89,11.8,0.0,1019.2
2016-12-31 07:00:00,-6.8,89,11.9,0.0,1019.3
2016-12-31 08:00:00,-6.1,89,13.2,21.0,1019.7
2016-12-31 09:00:00,-3.6,87,14.8,117.0,1020.2
2016-12-31 10:00:00,-1.1,79,16.0,218.0,1020.1
2016-12-31 11:00:00,0.9,71,18.5,341.0,1019.6
2016-12-31 12:00:00,1.8,65,17.5,363.0,1018.7
2016-12-31 13:00:00,2.4,62,16.4,344.0,1018.2
2016-12-31 14:00:00,2.9,58,16.3,321.0,1017.9
2016-12-31 15:00:00,2.8,59,12.6,201.0,1017.7
2016-12-31 16:00:00,1.2,66,7.7,83.0,1018.0
2016-12-31 17:00:00,-1.0,74,8.3,4.0,1018.0
2016-12-31 18:00:00,-2.3,79,9.9,0.0,1018.2
2016-12-31 19:00:00,-3.1,83,10.4,0.0,1018.5
2016-12-31 20:00:00,-3.7,86,10.7,0.0,1018.5
2016-12-31 21:00:00,-4.3,88,10.4,0.0,1018.4
2016-12-31 22:00:00,-4.6,88,11.5,0.0,1018.2
2016-12-31 23:00:00,-4.7,88,12.2,0.0,1018.4
2017-01-01 00:00:00,-4.5,88,12.6,0.0,1018.4
2017-01-01 01:00:00,-4.1,88,13.3,0.0,1018.0
2017-01-01 02:00:00,-4.0,88,13.3,0.0,1017.9
2017-01-01 03:00:00,-3.8,88,14.4,0.0,1017.6
2017-01-01 04:00:00,-3.6,89,15.1,0.0,1016.9
2017-01-01 05:00:00,-3.4,89,14.8,0.0,1016.6
2017-01-01 06:00:00,-3.3,89,15.5,0.0,1016.7
2017-01-01 07:00:00,-3.2,89,15.9,0.0,1017.0
2017-01-01 08:00:00,-1.9,86,15.5,20.0,1016.2
2017-01-01 09:00:00,0.2,84,16.9,116.0,1017.8
2017-01-01 10:00:00,2.2,82,24.4,240.0,1017.9
2017-01-01 11:00:00,2.7,79,22.9,198.0,1017.2
2017-01-01 12:00:00,3.7,74,21.0,269.0,1016.3
2017-01-01 13:00:00,4.6,69,19.7,335.0,1014.9
2017-01-01 14:00:00,5.2,66,20.3,331.0,1014.2
2017-01-01 15:00:00,4.9,68,17.7,227.0,1013.8
2017-01-01 16:00:00,2.9,75,17.1,93.0,1013.7
2017-01-01 17:00:00,1.5,81,18.9,5.0,1013.6
2017-01-01 18:00:00,0.8,85,17.0,0.0,1013.5
2017-01-01 19:00:00,-0.5,90,13.0,0.0,1013.5
2017-01-01 20:00:00,-1.3,93,12.1,0.0,1013.8
2017-01-01 21:00:00,-0.9,93,13.2,0.0,1013.8
2017-01-01 22:00:00,-1.8,95,9.8,0.0,1014.3
2017-01-01 23:00:00,-0.9,95,10.7,0.0,1014.2
2017-01-02 00:00:00,-1.4,97,10.4,0.0,1014.1
2017-01-02 01:00:00,-2.8,99,9.4,0.0,1013.9
2017-01-02 02:00:00,-3.9,99,8.9,0.0,1014.2
2017-01-02 03:00:00,-5.9,93,8.7,0.0,1014.4
2017-01-02 04:00:00,-6.5,84,8.8,0.0,1014.4
2017-01-02 05:00:00,-5.9,77,12.1,0.0,1014.9
2017-01-02 06:00:00,-6.1,78,12.8,0.0,1015.6
2017-01-02 07:00:00,-6.8,78,11.4,0.0,1016.1
2017-01-02 08:00:00,-4.8,73,9.4,22.0,1016.4
2017-01-02 09:00:00,-3.2,59,12.9,140.0,1017.3
2017-01-02 10:00:00,-2.9,45,17.1,272.0,1017.9
2017-01-02 11:00:00,-2.7,44,15.7,371.0,1017.8
2017-01-02 12:00:00,-2.5,44,13.6,419.0,1017.3
2017-01-02 13:00:00,-2.3,44,11.2,410.0,1016.6
2017-01-02 14:00:00,-2.2,44,10.6,346.0,1016.6
2017-01-02 15:00:00,-2.4,45,8.8,234.0,1017.0
2017-01-02 16:00:00,-3.5,57,6.8,98.0,1017.1
2017-01-02 17:00:00,-5.0,64,5.2,5.0,1017.1
2017-01-02 18:00:00,-4.1,48,2.9,0.0,1017.1
2017-01-02 19:00:00,-4.3,48,0.8,0.0,1017.4
2017-01-02 20:00:00,-5.7,60,4.1,0.0,1017.8
2017-01-02 21:00:00,-6.5,60,7.4,0.0,1017.5
2017-01-02 22:00:00,-6.7,60,8.7,0.0,1017.2
2017-01-02 23:00:00,-6.9,60,9.4,0.0,1017.1
2017-01-03 00:00:00,-7.3,62,9.1,0.0,1016.9
2017-01-03 01:00:00,-7.4,62,9.7,0.0,1016.3
2017-01-03 02:00:00,-7.1,60,10.7,0.0,1016.0
2017-01-03 03:00:00,-6.8,58,11.7,0.0,1015.3
2017-01-03 04:00:00,-6.3,55,12.7,0.0,1014.3
2017-01-03 05:00:00,-5.8,51,13.4,0.0,1013.4
2017-01-03 06:00:00,-5.4,50,13.7,0.0,1012.9
2017-01-03 07:00:00,-4.8,48,14.8,0.0,1012.1
2017-01-03 08:00:00,-2.7,49,19.2,22.0,1012.0
2017-01-03 09:00:00,-0.1,53,18.4,138.0,1012.3
2017-01-03 10:00:00,2.1,61,23.1,267.0,1012.1
2017-01-03 11:00:00,3.9,57,24.0,364.0,1011.7
2017-01-03 12:00:00,5.2,48,23.0,412.0,1010.9
2017-01-03 13:00:00,5.9,44,21.6,405.0,1010.5
2017-01-03 14:00:00,5.9,42,18.1,341.0,1010.6
2017-01-03 15:00:00,5.1,49,12.4,232.0,1010.8
2017-01-03 16:00:00,1.5,60,11.4,98.0,1011.3
2017-01-03 17:00:00,-0.9,64,11.8,6.0,1012.0
2017-01-03 18:00:00,-2.0,68,11.4,0.0,1012.9
2017-01-03 19:00:00,-2.8,65,10.7,0.0,1013.9
2017-01-03 20:00:00,-3.7,60,10.6,0.0,1015.3
2017-01-03 21:00:00,-4.3,61,9.3,0.0,1015.7
2017-01-03 22:00:00,-5.0,57,8.6,0.0,1016.4
2017-01-03 23:00:00,-5.8,57,7.6,0.0,1017.1
2017-01-04 00:00:00,-5.9,54,6.4,0.0,1017.6
2017-01-04 01:00:00,-6.1,52,5.9,0.0,1018.2
2017-01-04 02:00:00,-6.7,52,6.4,0.0,1018.5
2017-01-04 03:00:00,-7.5,52,7.2,0.0,1019.0
2017-01-04 04:00:00,-8.2,53,7.5,0.0,1018.9
2017-01-04 05:00:00,-8.6,53,7.7,0.0,1019.1
2017-01-04 06:00:00,-8.9,53,7.4,0.0,1019.4
2017-01-04 07:00:00,-9.2,53,6.8,0.0,1019.9
2017-01-04 08:00:00,-9.8,63,5.7,22.0,1020.6
2017-01-04 09:00:00,-6.8,49,4.9,141.0,1021.2
2017-01-04 10:00:00,-3.5,37,5.9,273.0,1021.7
2017-01-04 11:00:00,-1.3,30,5.9,372.0,1021.4
2017-01-04 12:00:00,-0.1,32,5.6,420.0,1021.0
2017-01-04 13:00:00,0.6,34,7.9,411.0,1020.2
2017-01-04 14:00:00,0.7,35,8.9,347.0,1020.0
2017-01-04 15:00:00,0.3,37,10.5,236.0,1020.3
2017-01-04 16:00:00,-1.9,51,10.0,101.0,1020.8
2017-01-04 17:00:00,-3.9,51,11.8,6.0,1021.4
2017-01-04 18:00:00,-4.9,51,10.6,0.0,1021.9
2017-01-04 19:00:00,-5.7,49,10.5,0.0,1022.3
2017-01-04 20:00:00,-5.8,51,11.3,0.0,1022.9
2017-01-04 21:00:00,-5.6,48,11.6,0.0,1023.2
2017-01-04 22:00:00,-6.1,49,12.3,0.0,1023.8
2017-01-04 23:00:00,-6.6,52,12.8,0.0,1023.8
2017-01-05 00:00:00,-6.9,54,12.1,0.0,1023.7
2017-01-05 01:00:00,-7.3,56,11.3,0.0,1024.3
2017-01-05 02:00:00,-7.7,57,10.6,0.0,1024.3
2017-01-05 03:00:00,-8.2,58,10.3,0.0,1024.5
2017-01-05 04:00:00,-8.3,57,10.8,0.0,1024.4
2017-01-05 05:00:00,-8.5,57,11.1,0.0,1024.7
2017-01-05 06:00:00,-8.6,56,11.8,0.0,1024.7
2017-01-05 07:00:00,-8.6,55,13.3,0.0,1024.8
2017-01-05 08:00:00,-8.4,55,13.0,22.0,1025.8
2017-01-05 09:00:00,-6.5,46,13.6,144.0,1026.0
2017-01-05 10:00:00,-4.3,39,12.5,280.0,1026.1
2017-01-05 11:00:00,-2.1,33,12.5,381.0,1025.2
2017-01-05 12:00:00,-0.5,32,12.5,431.0,1024.4
2017-01-05 13:00:00,0.3,34,12.2,423.0,1023.6
2017-01-05 14:00:00,0.1,38,12.3,358.0,1023.4
2017-01-05 15:00:00,-0.8,44,13.4,244.0,1023.3
2017-01-05 16:00:00,-2.7,53,11.5,105.0,1023.6
2017-01-05 17:00:00,-4.5,55,12.0,7.0,1023.6
2017-01-05 18:00:00,-5.2,53,11.6,0.0,1023.3
2017-01-05 19:00:00,-6.1,56,9.7,0.0,1022.9
2017-01-05 20:00:00,-6.4,61,8.7,0.0,1022.2
2017-01-05 21:00:00,-5.9,55,7.3,0.0,1021.9
2017-01-05 22:00:00,-6.6,58,6.9,0.0,1022.0
2017-01-05 23:00:00,-7.2,58,5.4,0.0,1022.1
2017-01-06 00:00:00,-7.1,57,5.0,0.0,1021.7
2017-01-06 01:00:00,-7.7,61,7.2,0.0,1021.6
2017-01-06 02:00:00,-7.6,63,7.0,0.0,1021.4
2017-01-06 03:00:00,-7.9,61,8.2,0.0,1021.0
2017-01-06 04:00:00,-7.7,53,9.1,0.0,1020.5
2017-01-06 05:00:00,-7.8,52,8.6,0.0,1020.4
2017-01-06 06:00:00,-7.7,53,8.6,0.0,1020.2
2017-01-06 07:00:00,-7.6,58,9.8,0.0,1019.8
2017-01-06 08:00:00,-5.5,67,9.4,22.0,1020.3
2017-01-06 09:00:00,-2.1,62,9.4,138.0,1020.5
2017-01-06 10:00:00,0.9,55,11.8,268.0,1020.7
2017-01-06 11:00:00,3.0,44,14.5,365.0,1020.1
2017-01-06 12:00:00,4.3,41,15.7,413.0,1018.5
2017-01-06 13:00:00,5.2,40,16.9,405.0,1017.7
2017-01-06 14:00:00,5.5,40,17.1,340.0,1016.8
2017-01-06 15:00:00,4.9,46,14.4,231.0,1016.7
2017-01-06 16:00:00,2.1,57,12.2,89.0,1016.6
2017-01-06 17:00:00,0.2,63,11.8,6.0,1017.0
2017-01-06 18:00:00,-0.4,67,11.2,0.0,1017.3
2017-01-06 19:00:00,-1.4,72,10.4,0.0,1017.6
2017-01-06 20:00:00,-3.6,81,10.0,0.0,1017.8
2017-01-06 21:00:00,-3.8,84,9.0,0.0,1017.6
2017-01-06 22:00:00,-4.2,86,8.8,0.0,1017.5
2017-01-06 23:00:00,-4.8,88,7.0,0.0,1018.0
2017-01-07 00:00:00,-5.2,89,7.2,0.0,1017.6
2017-01-07 01:00:00,-5.3,90,6.2,0.0,1017.6
2017-01-07 02:00:00,-5.0,89,5.5,0.0,1017.3
2017-01-07 03:00:00,-4.0,88,3.3,0.0,1017.5
2017-01-07 04:00:00,-4.3,89,3.2,0.0,1017.6
2017-01-07 05:00:00,-6.8,92,5.9,0.0,1017.4
2017-01-07 06:00:00,-7.7,93,6.2,0.0,1017.4
2017-01-07 07:00:00,-7.9,92,8.4,0.0,1017.5
2017-01-07 08:00:00,-6.9,88,8.0,21.0,1018.4
2017-01-07 09:00:00,-4.8,75,9.4,135.0,1018.4
2017-01-07 10:00:00,-2.5,64,8.5,264.0,1018.5
2017-01-07 11:00:00,-0.8,59,9.4,361.0,1018.3
2017-01-07 12:00:00,-0.2,56,12.4,364.0,1017.5
2017-01-07 13:00:00,-0.1,55,14.4,348.0,1016.5
2017-01-07 14:00:00,0.1,54,14.6,299.0,1016.1
2017-01-07 15:00:00,-0.2,53,14.1,211.0,1016.0
2017-01-07 16:00:00,-1.6,58,11.9,89.0,1016.0
2017-01-07 17:00:00,-2.6,58,11.9,6.0,1016.1
2017-01-07 18:00:00,-2.9,56,11.5,0.0,1016.1
2017-01-07 19:00:00,-4.0,57,13.0,0.0,1015.9
2017-01-07 20:00:00,-4.3,59,11.9,0.0,1015.4
2017-01-07 21:00:00,-4.4,61,12.0,0.0,1014.9
2017-01-07 22:00:00,-4.1,60,9.4,0.0,1014.9
2017-01-07 23:00:00,-4.1,61,9.9,0.0,1014.8
2017-01-08 00:00:00,-4.2,62,9.5,0.0,1014.6
2017-01-08 01:00:00,-4.3,63,9.1,0.0,1014.4
2017-01-08 02:00:00,-4.3,66,9.7,0.0,1013.9
2017-01-08 03:00:00,-4.5,69,9.0,0.0,1013.5
2017-01-08 04:00:00,-4.7,72,7.7,0.0,1013.0
2017-01-08 05:00:00,-4.9,76,7.9,0.0,1012.7
2017-01-08 06:00:00,-5.1,78,7.9,0.0,1012.6
2017-01-08 07:00:00,-5.1,79,8.6,0.0,1012.7
2017-01-08 08:00:00,-5.1,79,9.1,5.0,1013.2
2017-01-08 09:00:00,-4.9,77,8.7,31.0,1013.2
2017-01-08 10:00:00,-4.5,74,8.6,79.0,1012.7
2017-01-08 11:00:00,-3.8,69,7.9,163.0,1011.8
2017-01-08 12:00:00,-3.5,69,8.4,149.0,1010.8
2017-01-08 13:00:00,-2.9,66,9.3,201.0,1010.1
2017-01-08 14:00:00,-2.6,64,9.0,187.0,1009.5
2017-01-08 15:00:00,-2.3,61,8.0,151.0,1009.3
2017-01-08 16:00:00,-2.4,62,5.8,85.0,1009.5
2017-01-08 17:00:00,-3.7,70,4.2,8.0,1009.6
2017-01-08 18:00:00,-4.3,67,4.0,0.0,1009.6
2017-01-08 19:00:00,-4.5,68,5.0,0.0,1009.9
2017-01-08 20:00:00,-5.3,76,5.2,0.0,1010.2
2017-01-08 21:00:00,-4.1,69,5.2,0.0,1010.4
2017-01-08 22:00:00,-5.4,75,9.1,0.0,1010.7
2017-01-08 23:00:00,-5.1,67,12.4,0.0,1011.5
2017-01-09 00:00:00,-4.9,59,15.8,0.0,1012.3
2017-01-09 01:00:00,-5.6,61,15.8,0.0,1012.9
2017-01-09 02:00:00,-6.2,63,15.0,0.0,1013.9
2017-01-09 03:00:00,-6.4,59,17.3,0.0,1014.6
2017-01-09 04:00:00,-6.5,46,20.1,0.0,1014.9
2017-01-09 05:00:00,-7.2,37,21.4,0.0,1015.5
2017-01-09 06:00:00,-8.0,35,20.6,0.0,1016.5
2017-01-09 07:00:00,-8.7,37,17.9,0.0,1017.4
2017-01-09 08:00:00,-8.4,38,14.5,24.0,1018.3
2017-01-09 09:00:00,-7.1,32,15.8,152.0,1018.5
2017-01-09 10:00:00,-5.9,25,17.8,292.0,1018.6
2017-01-09 11:00:00,-5.2,23,16.5,396.0,1018.0
2017-01-09 12:00:00,-4.6,23,13.6,447.0,1016.7
2017-01-09 13:00:00,-4.2,25,11.0,439.0,1015.8
2017-01-09 14:00:00,-4.0,26,8.8,374.0,1015.2
2017-01-09 15:00:00,-4.0,26,7.1,260.0,1014.5
2017-01-09 16:00:00,-4.8,51,3.1,118.0,1014.0
2017-01-09 17:00:00,-6.2,28,10.5,10.0,1013.5
2017-01-09 18:00:00,-7.0,26,10.8,0.0,1013.2
2017-01-09 19:00:00,-7.5,27,11.3,0.0,1013.1
2017-01-09 20:00:00,-7.8,29,12.7,0.0,1012.9
2017-01-09 21:00:00,-7.7,30,15.0,0.0,1012.7
2017-01-09 22:00:00,-7.7,30,15.6,0.0,1012.4
2017-01-09 23:00:00,-6.8,33,17.1,0.0,1012.1
2017-01-10 00:00:00,-7.0,52,17.8,0.0,1012.6
2017-01-10 01:00:00,-6.8,47,28.7,0.0,1014.5
2017-01-10 02:00:00,-8.1,45,21.3,0.0,1016.0
2017-01-10 03:00:00,-9.0,40,20.5,0.0,1017.1
2017-01-10 04:00:00,-10.2,38,18.4,0.0,1017.9
2017-01-10 05:00:00,-11.4,37,14.0,0.0,1018.8
2017-01-10 06:00:00,-12.4,37,9.9,0.0,1019.7
2017-01-10 07:00:00,-13.6,39,6.8,0.0,1019.9
2017-01-10 08:00:00,-12.7,34,9.2,25.0,1020.8
2017-01-10 09:00:00,-11.3,26,12.5,155.0,1021.3
2017-01-10 10:00:00,-10.1,23,15.8,298.0,1021.4
2017-01-10 11:00:00,-9.0,21,16.9,404.0,1021.2
2017-01-10 12:00:00,-8.1,20,15.9,457.0,1019.9
2017-01-10 13:00:00,-7.4,19,15.5,450.0,1019.1
2017-01-10 14:00:00,-6.8,20,13.9,385.0,1018.5
2017-01-10 15:00:00,-6.4,20,13.0,269.0,1018.3
2017-01-10 16:00:00,-6.6,20,9.9,123.0,1017.9
2017-01-10 17:00:00,-8.9,24,9.2,12.0,1017.9
2017-01-10 18:00:00,-9.5,24,10.2,0.0,1017.9
2017-01-10 19:00:00,-10.0,23,10.8,0.0,1018.0
2017-01-10 20:00:00,-11.6,28,9.4,0.0,1018.8
2017-01-10 21:00:00,-11.8,26,9.6,0.0,1018.5
2017-01-10 22:00:00,-12.1,26,9.7,0.0,1018.9
2017-01-10 23:00:00,-12.8,27,8.3,0.0,1019.2
2017-01-11 00:00:00,-13.2,28,7.0,0.0,1019.2
2017-01-11 01:00:00,-13.0,27,5.6,0.0,1019.4
2017-01-11 02:00:00,-13.1,27,4.8,0.0,1019.9
2017-01-11 03:00:00,-14.2,29,5.5,0.0,1019.7
2017-01-11 04:00:00,-14.7,31,5.1,0.0,1019.5
2017-01-11 05:00:00,-15.3,33,5.4,0.0,1019.2
2017-01-11 06:00:00,-15.7,35,6.0,0.0,1018.9
2017-01-11 07:00:00,-15.6,37,6.1,0.0,1018.9
2017-01-11 08:00:00,-14.7,38,5.7,25.0,1019.6
2017-01-11 09:00:00,-12.2,32,5.6,153.0,1019.2
2017-01-11 10:00:00,-9.4,25,8.0,294.0,1019.2
2017-01-11 11:00:00,-7.7,23,7.9,401.0,1018.2
2017-01-11 12:00:00,-6.5,21,5.2,454.0,1016.9
2017-01-11 13:00:00,-5.6,20,5.1,448.0,1015.8
2017-01-11 14:00:00,-5.0,20,7.2,383.0,1015.4
2017-01-11 15:00:00,-4.8,21,6.1,268.0,1015.0
2017-01-11 16:00:00,-5.9,25,3.7,124.0,1014.7
2017-01-11 17:00:00,-8.4,29,7.8,12.0,1014.5
2017-01-11 18:00:00,-9.1,30,6.9,0.0,1014.2
2017-01-11 19:00:00,-9.2,30,4.8,0.0,1014.2
2017-01-11 20:00:00,-13.5,41,6.9,0.0,1014.9
2017-01-11 21:00:00,-13.1,40,6.5,0.0,1014.5
2017-01-11 22:00:00,-12.6,39,4.7,0.0,1014.6
2017-01-11 23:00:00,-13.2,41,8.2,0.0,1015.1
2017-01-12 00:00:00,-11.6,35,13.4,0.0,1015.4
2017-01-12 01:00:00,-12.3,38,11.4,0.0,1015.5
2017-01-12 02:00:00,-13.0,41,10.8,0.0,1015.7
2017-01-12 03:00:00,-13.6,44,10.2,0.0,1015.9
2017-01-12 04:00:00,-14.5,47,8.8,0.0,1015.4
2017-01-12 05:00:00,-15.2,50,7.1,0.0,1015.3
2017-01-12 06:00:00,-15.5,51,7.2,0.0,1015.2
2017-01-12 07:00:00,-15.9,52,7.4,0.0,1015.3
2017-01-12 08:00:00,-15.2,52,5.6,25.0,1015.7
2017-01-12 09:00:00,-12.7,40,7.7,155.0,1015.7
2017-01-12 10:00:00,-11.5,35,10.4,298.0,1015.8
2017-01-12 11:00:00,-10.5,31,13.0,405.0,1015.3
2017-01-12 12:00:00,-9.6,27,15.0,460.0,1014.1
2017-01-12 13:00:00,-9.0,25,16.5,455.0,1013.2
2017-01-12 14:00:00,-8.5,24,15.5,390.0,1012.6
2017-01-12 15:00:00,-8.2,23,15.8,275.0,1012.0
2017-01-12 16:00:00,-8.6,23,12.7,130.0,1011.6
2017-01-12 17:00:00,-10.7,28,9.7,14.0,1011.6
2017-01-12 18:00:00,-12.1,31,8.4,0.0,1011.2
2017-01-12 19:00:00,-12.9,33,7.3,0.0,1011.1
2017-01-12 20:00:00,-12.5,32,5.2,0.0,1010.8
2017-01-12 21:00:00,-13.9,36,9.7,0.0,1010.9
2017-01-12 22:00:00,-14.2,37,9.4,0.0,1011.0
2017-01-12 23:00:00,-14.3,37,9.9,0.0,1011.3
2017-01-13 00:00:00,-14.7,38,9.7,0.0,1011.1
2017-01-13 01:00:00,-14.4,38,11.3,0.0,1011.1
2017-01-13 02:00:00,-14.2,37,12.3,0.0,1011.2
2017-01-13 03:00:00,-14.6,39,12.2,0.0,1011.1
2017-01-13 04:00:00,-14.9,41,12.3,0.0,1010.7
2017-01-13 05:00:00,-14.9,38,13.1,0.0,1010.9
2017-01-13 06:00:00,-15.2,36,13.1,0.0,1011.1
2017-01-13 07:00:00,-15.5,35,12.5,0.0,1011.7
2017-01-13 08:00:00,-15.0,34,11.8,26.0,1012.4
2017-01-13 09:00:00,-13.0,29,14.5,157.0,1012.8
2017-01-13 10:00:00,-11.7,28,18.6,299.0,1013.2
2017-01-13 11:00:00,-10.9,28,21.1,404.0,1013.3
2017-01-13 12:00:00,-10.2,27,20.7,461.0,1012.9
2017-01-13 13:00:00,-9.7,27,20.5,457.0,1012.9
2017-01-13 14:00:00,-9.4,27,18.5,392.0,1013.1
2017-01-13 15:00:00,-9.4,26,16.9,278.0,1013.6
2017-01-13 16:00:00,-9.7,27,13.3,131.0,1014.1
2017-01-13 17:00:00,-11.4,32,9.7,15.0,1014.4
2017-01-13 18:00:00,-12.5,35,9.2,0.0,1014.9
2017-01-13 19:00:00,-13.0,36,9.4,0.0,1015.5
2017-01-13 20:00:00,-14.8,41,7.7,0.0,1016.3
2017-01-13 21:00:00,-13.3,36,9.9,0.0,1016.8
2017-01-13 22:00:00,-13.5,36,10.7,0.0,1017.1
2017-01-13 23:00:00,-13.6,37,13.7,0.0,1018.5
2017-01-14 00:00:00,-13.9,40,14.4,0.0,1019.2
2017-01-14 01:00:00,-14.4,44,12.8,0.0,1019.9
2017-01-14 02:00:00,-15.0,47,11.2,0.0,1020.7
2017-01-14 03:00:00,-15.4,49,10.9,0.0,1021.4
2017-01-14 04:00:00,-15.9,51,10.0,0.0,1021.5
2017-01-14 05:00:00,-16.1,52,10.4,0.0,1022.0
2017-01-14 06:00:00,-16.2,52,11.1,0.0,1022.3
2017-01-14 07:00:00,-16.4,53,11.0,0.0,1022.9
2017-01-14 08:00:00,-15.6,51,10.6,27.0,1024.4
2017-01-14 09:00:00,-13.4,43,14.2,159.0,1025.4
2017-01-14 10:00:00,-12.0,38,15.9,303.0,1026.2
2017-01-14 11:00:00,-10.7,36,16.3,410.0,1026.4
2017-01-14 12:00:00,-9.5,36,15.6,465.0,1025.4
2017-01-14 13:00:00,-8.4,34,17.2,461.0,1025.0
2017-01-14 14:00:00,-7.7,33,17.7,398.0,1025.2
2017-01-14 15:00:00,-7.6,32,17.5,283.0,1025.5
2017-01-14 16:00:00,-8.1,34,13.7,136.0,1025.9
2017-01-14 17:00:00,-10.2,40,11.0,16.0,1026.4
2017-01-14 18:00:00,-11.1,42,10.6,0.0,1026.5
2017-01-14 19:00:00,-11.8,43,11.0,0.0,1026.8
2017-01-14 20:00:00,-13.3,47,10.8,0.0,1027.8
2017-01-14 21:00:00,-12.7,44,10.2,0.0,1027.5
2017-01-14 22:00:00,-13.4,46,9.3,0.0,1027.8
2017-01-14 23:00:00,-14.2,49,8.4,0.0,1027.9
2017-01-15 00:00:00,-14.7,50,8.7,0.0,1028.0
2017-01-15 01:00:00,-15.1,51,8.4,0.0,1028.2
2017-01-15 02:00:00,-15.5,52,8.6,0.0,1028.6
2017-01-15 03:00:00,-16.1,54,7.6,0.0,1028.5
2017-01-15 04:00:00,-15.9,53,5.1,0.0,1028.1
2017-01-15 05:00:00,-15.1,49,3.1,0.0,1028.0
2017-01-15 06:00:00,-16.3,54,4.0,0.0,1027.3
2017-01-15 07:00:00,-17.4,59,4.5,0.0,1026.8
2017-01-15 08:00:00,-18.0,65,3.3,28.0,1027.5
2017-01-15 09:00:00,-14.7,49,3.5,162.0,1027.5
2017-01-15 10:00:00,-12.0,39,4.4,307.0,1027.4
2017-01-15 11:00:00,-9.8,32,5.2,416.0,1027.0
2017-01-15 12:00:00,-8.1,27,4.8,471.0,1025.7
2017-01-15 13:00:00,-6.8,24,4.3,466.0,1024.7
2017-01-15 14:00:00,-6.0,23,4.7,402.0,1024.1
2017-01-15 15:00:00,-5.8,23,3.4,287.0,1023.9
2017-01-15 16:00:00,-6.5,26,2.8,140.0,1023.8
2017-01-15 17:00:00,-8.3,29,5.0,17.0,1023.8
2017-01-15 18:00:00,-10.3,35,5.5,0.0,1023.9
2017-01-15 19:00:00,-12.5,42,7.5,0.0,1024.1
2017-01-15 20:00:00,-14.4,49,6.8,0.0,1024.9
2017-01-15 21:00:00,-14.2,48,6.0,0.0,1024.9
2017-01-15 22:00:00,-14.8,50,6.9,0.0,1024.9
2017-01-15 23:00:00,-15.3,52,7.2,0.0,1025.2
2017-01-16 00:00:00,-15.3,52,8.3,0.0,1025.2
2017-01-16 01:00:00,-15.9,55,6.5,0.0,1025.7
2017-01-16 02:00:00,-15.9,54,8.0,0.0,1025.8
2017-01-16 03:00:00,-16.1,56,9.0,0.0,1025.7
2017-01-16 04:00:00,-16.1,56,9.0,0.0,1025.4
2017-01-16 05:00:00,-16.1,57,7.6,0.0,1025.2
2017-01-16 06:00:00,-16.3,58,8.2,0.0,1025.2
2017-01-16 07:00:00,-16.6,58,8.2,0.0,1025.2
2017-01-16 08:00:00,-16.3,59,5.4,28.0,1026.3
2017-01-16 09:00:00,-13.8,48,5.4,161.0,1026.5
2017-01-16 10:00:00,-10.6,37,7.7,302.0,1026.7
2017-01-16 11:00:00,-8.0,31,6.4,404.0,1026.5
2017-01-16 12:00:00,-6.4,27,8.0,468.0,1025.7
2017-01-16 13:00:00,-5.6,25,9.7,404.0,1025.2
2017-01-16 14:00:00,-5.3,25,10.1,279.0,1025.1
2017-01-16 15:00:00,-5.3,26,10.0,183.0,1025.1
2017-01-16 16:00:00,-5.8,28,8.7,112.0,1024.7
2017-01-16 17:00:00,-7.8,34,9.0,14.0,1024.7
2017-01-16 18:00:00,-8.4,36,9.8,0.0,1024.5
2017-01-16 19:00:00,-8.8,39,9.2,0.0,1024.6
2017-01-16 20:00:00,-9.8,45,8.2,0.0,1024.6
2017-01-16 21:00:00,-9.4,44,6.9,0.0,1024.3
2017-01-16 22:00:00,-10.3,49,7.5,0.0,1024.3
2017-01-16 23:00:00,-11.2,51,8.3,0.0,1024.6
2017-01-17 00:00:00,-12.0,54,8.1,0.0,1024.4
2017-01-17 01:00:00,-12.7,58,7.5,0.0,1024.1
2017-01-17 02:00:00,-13.6,64,5.5,0.0,1024.3
2017-01-17 03:00:00,-13.0,62,2.6,0.0,1024.4
2017-01-17 04:00:00,-14.5,71,5.9,0.0,1023.7
2017-01-17 05:00:00,-14.9,74,6.9,0.0,1023.0
2017-01-17 06:00:00,-15.4,79,5.4,0.0,1022.5
2017-01-17 07:00:00,-15.4,78,3.4,0.0,1022.8
2017-01-17 08:00:00,-14.8,74,3.1,28.0,1023.9
2017-01-17 09:00:00,-12.3,61,3.3,157.0,1023.9
2017-01-17 10:00:00,-9.7,51,4.2,283.0,1024.2
2017-01-17 11:00:00,-7.5,44,5.1,404.0,1023.9
2017-01-17 12:00:00,-5.6,37,6.3,465.0,1023.0
2017-01-17 13:00:00,-4.4,34,6.1,457.0,1022.4
2017-01-17 14:00:00,-3.8,32,6.1,399.0,1022.0
2017-01-17 15:00:00,-3.6,29,5.5,286.0,1021.9
2017-01-17 16:00:00,-4.0,30,5.8,140.0,1021.7
2017-01-17 17:00:00,-6.5,37,6.1,17.0,1021.7
2017-01-17 18:00:00,-6.0,36,4.2,0.0,1021.9
2017-01-17 19:00:00,-5.6,34,0.5,0.0,1022.0
2017-01-17 20:00:00,-6.5,36,3.7,0.0,1022.6
2017-01-17 21:00:00,-7.1,39,4.8,0.0,1022.9
2017-01-17 22:00:00,-7.8,43,4.5,0.0,1023.0
2017-01-17 23:00:00,-8.0,44,4.7,0.0,1023.4
2017-01-18 00:00:00,-7.9,43,4.0,0.0,1023.4
2017-01-18 01:00:00,-7.9,42,3.8,0.0,1023.6
2017-01-18 02:00:00,-10.4,50,5.9,0.0,1024.1
2017-01-18 03:00:00,-11.2,56,9.6,0.0,1024.3
2017-01-18 04:00:00,-11.5,66,11.2,0.0,1024.3
2017-01-18 05:00:00,-11.9,76,11.2,0.0,1024.3
2017-01-18 06:00:00,-12.3,77,11.7,0.0,1024.7
2017-01-18 07:00:00,-12.6,76,11.3,0.0,1025.2
2017-01-18 08:00:00,-12.0,72,9.4,29.0,1026.2
2017-01-18 09:00:00,-9.8,64,11.9,161.0,1026.7
2017-01-18 10:00:00,-8.3,59,11.8,304.0,1027.2
2017-01-18 11:00:00,-6.9,53,11.4,412.0,1026.8
2017-01-18 12:00:00,-6.0,47,10.9,467.0,1025.8
2017-01-18 13:00:00,-5.4,41,10.0,462.0,1024.9
2017-01-18 14:00:00,-5.2,33,9.2,408.0,1025.1
2017-01-18 15:00:00,-5.3,27,8.9,295.0,1025.4
2017-01-18 16:00:00,-6.0,25,8.9,150.0,1025.2
2017-01-18 17:00:00,-8.2,30,9.2,21.0,1025.0
2017-01-18 18:00:00,-9.5,33,7.9,0.0,1025.1
2017-01-18 19:00:00,-10.6,37,7.2,0.0,1025.1
2017-01-18 20:00:00,-12.6,44,7.2,0.0,1025.3
2017-01-18 21:00:00,-12.5,43,6.3,0.0,1025.6
2017-01-18 22:00:00,-12.9,44,6.9,0.0,1025.8
2017-01-18 23:00:00,-13.5,47,7.0,0.0,1025.8
2017-01-19 00:00:00,-14.2,50,5.9,0.0,1025.8
2017-01-19 01:00:00,-14.2,50,6.4,0.0,1025.3
2017-01-19 02:00:00,-14.1,49,7.6,0.0,1024.5
2017-01-19 03:00:00,-14.9,51,6.3,0.0,1024.2
2017-01-19 04:00:00,-14.9,52,8.7,0.0,1023.2
2017-01-19 05:00:00,-14.5,53,7.2,0.0,1022.8
2017-01-19 06:00:00,-14.4,57,7.3,0.0,1022.5
2017-01-19 07:00:00,-14.6,63,8.0,0.0,1022.1
2017-01-19 08:00:00,-13.9,62,6.7,19.0,1021.9
2017-01-19 09:00:00,-12.2,55,5.2,107.0,1021.9
2017-01-19 10:00:00,-9.8,46,6.3,236.0,1022.1
2017-01-19 11:00:00,-8.3,38,9.8,279.0,1021.8
2017-01-19 12:00:00,-7.7,33,11.4,296.0,1020.5
2017-01-19 13:00:00,-7.1,32,11.8,286.0,1019.8
2017-01-19 14:00:00,-7.0,33,13.4,214.0,1019.0
2017-01-19 15:00:00,-7.0,36,14.8,178.0,1019.0
2017-01-19 16:00:00,-7.5,40,13.3,78.0,1019.0
2017-01-19 17:00:00,-8.2,46,11.2,12.0,1019.2
2017-01-19 18:00:00,-8.7,47,12.6,0.0,1019.2
2017-01-19 19:00:00,-9.1,48,14.1,0.0,1019.3
2017-01-19 20:00:00,-9.6,45,15.4,0.0,1020.3
2017-01-19 21:00:00,-9.9,43,17.7,0.0,1020.4
2017-01-19 22:00:00,-10.3,42,18.6,0.0,1020.8
2017-01-19 23:00:00,-10.8,42,17.4,0.0,1021.0
2017-01-20 00:00:00,-11.3,42,15.9,0.0,1021.1
2017-01-20 01:00:00,-12.0,42,16.4,0.0,1021.1
2017-01-20 02:00:00,-13.1,43,17.0,0.0,1021.5
2017-01-20 03:00:00,-14.1,44,16.2,0.0,1021.8
2017-01-20 04:00:00,-14.7,45,15.3,0.0,1021.7
2017-01-20 05:00:00,-15.2,46,13.6,0.0,1022.0
2017-01-20 06:00:00,-15.6,46,12.9,0.0,1022.4
2017-01-20 07:00:00,-16.0,46,12.5,0.0,1022.9
2017-01-20 08:00:00,-16.0,46,11.3,32.0,1023.7
2017-01-20 09:00:00,-14.5,40,15.1,171.0,1024.2
2017-01-20 10:00:00,-13.2,37,13.5,317.0,1024.9
2017-01-20 11:00:00,-12.0,35,11.0,428.0,1024.8
2017-01-20 12:00:00,-10.9,33,9.4,486.0,1024.2
2017-01-20 13:00:00,-10.1,31,9.2,483.0,1023.7
2017-01-20 14:00:00,-9.6,30,8.0,420.0,1023.1
2017-01-20 15:00:00,-9.3,29,7.1,305.0,1023.4
2017-01-20 16:00:00,-9.5,29,5.5,157.0,1023.3
2017-01-20 17:00:00,-10.2,31,2.5,25.0,1023.3
2017-01-20 18:00:00,-10.8,33,3.0,0.0,1023.2
2017-01-20 19:00:00,-13.1,40,7.7,0.0,1023.0
2017-01-20 20:00:00,-14.9,49,8.4,0.0,1023.1
2017-01-20 21:00:00,-14.3,48,8.7,0.0,1022.8
2017-01-20 22:00:00,-14.7,50,9.5,0.0,1022.7
2017-01-20 23:00:00,-15.0,51,9.7,0.0,1022.3
2017-01-21 00:00:00,-15.0,51,9.8,0.0,1021.6
2017-01-21 01:00:00,-15.1,51,10.2,0.0,1021.3
2017-01-21 02:00:00,-15.2,51,11.6,0.0,1020.4
2017-01-21 03:00:00,-15.1,50,13.4,0.0,1019.3
2017-01-21 04:00:00,-14.8,48,13.8,0.0,1018.0
2017-01-21 05:00:00,-14.6,46,13.7,0.0,1017.3
2017-01-21 06:00:00,-14.1,46,14.7,0.0,1016.8
2017-01-21 07:00:00,-13.4,51,15.1,0.0,1016.3
2017-01-21 08:00:00,-11.7,63,15.1,30.0,1015.6
2017-01-21 09:00:00,-8.9,58,14.0,163.0,1015.5
2017-01-21 10:00:00,-7.0,58,18.9,300.0,1015.5
2017-01-21 11:00:00,-6.2,31,19.4,420.0,1015.4
2017-01-21 12:00:00,-5.8,26,17.8,479.0,1014.9
2017-01-21 13:00:00,-5.4,25,18.9,490.0,1014.2
2017-01-21 14:00:00,-5.9,24,21.8,426.0,1014.7
2017-01-21 15:00:00,-6.6,23,21.5,312.0,1015.5
2017-01-21 16:00:00,-7.6,24,19.3,163.0,1016.3
2017-01-21 17:00:00,-9.5,27,13.7,27.0,1016.7
2017-01-21 18:00:00,-10.7,28,12.0,0.0,1017.1
2017-01-21 19:00:00,-11.6,30,12.5,0.0,1017.5
2017-01-21 20:00:00,-12.9,33,14.2,0.0,1019.7
2017-01-21 21:00:00,-12.5,34,13.0,0.0,1020.0
2017-01-21 22:00:00,-12.3,38,16.0,0.0,1020.3
2017-01-21 23:00:00,-12.6,43,17.1,0.0,1020.9
2017-01-22 00:00:00,-12.9,51,17.4,0.0,1021.6
2017-01-22 01:00:00,-13.4,58,16.8,0.0,1021.9
2017-01-22 02:00:00,-13.6,62,16.3,0.0,1022.6
2017-01-22 03:00:00,-14.2,65,15.5,0.0,1023.1
2017-01-22 04:00:00,-14.7,68,14.7,0.0,1023.4
2017-01-22 05:00:00,-15.2,70,14.1,0.0,1023.5
2017-01-22 06:00:00,-15.6,71,13.9,0.0,1024.0
2017-01-22 07:00:00,-16.0,73,12.1,0.0,1024.5
2017-01-22 08:00:00,-15.9,71,8.9,34.0,1025.8
2017-01-22 09:00:00,-14.2,57,13.1,170.0,1026.5
2017-01-22 10:00:00,-13.3,52,13.4,274.0,1026.8
2017-01-22 11:00:00,-12.2,47,11.9,406.0,1026.6
2017-01-22 12:00:00,-11.2,42,10.6,468.0,1026.0
2017-01-22 13:00:00,-10.5,40,9.8,460.0,1025.3
2017-01-22 14:00:00,-10.0,38,9.4,385.0,1025.1
2017-01-22 15:00:00,-9.9,36,10.0,290.0,1025.2
2017-01-22 16:00:00,-10.1,36,9.8,156.0,1025.5
2017-01-22 17:00:00,-11.7,40,7.2,28.0,1025.5
2017-01-22 18:00:00,-12.9,44,6.5,0.0,1025.9
2017-01-22 19:00:00,-13.7,46,7.7,0.0,1026.1
2017-01-22 20:00:00,-15.4,52,8.7,0.0,1027.0
2017-01-22 21:00:00,-14.7,45,9.3,0.0,1027.0
2017-01-22 22:00:00,-15.3,45,9.0,0.0,1027.1
2017-01-22 23:00:00,-16.1,47,7.7,0.0,1027.5
2017-01-23 00:00:00,-16.7,49,6.6,0.0,1027.9
2017-01-23 01:00:00,-17.3,50,5.2,0.0,1027.9
2017-01-23 02:00:00,-16.9,48,3.1,0.0,1028.1
2017-01-23 03:00:00,-16.9,47,2.6,0.0,1028.1
2017-01-23 04:00:00,-17.2,48,1.4,0.0,1027.5
2017-01-23 05:00:00,-17.6,49,1.5,0.0,1027.6
2017-01-23 06:00:00,-18.2,52,3.1,0.0,1027.6
2017-01-23 07:00:00,-18.7,54,3.4,0.0,1027.9
2017-01-23 08:00:00,-19.2,61,3.4,36.0,1028.4
2017-01-23 09:00:00,-16.4,46,4.8,179.0,1028.8
2017-01-23 10:00:00,-14.1,40,5.8,329.0,1028.8
2017-01-23 11:00:00,-12.3,37,6.2,441.0,1028.7
2017-01-23 12:00:00,-10.7,34,7.6,500.0,1028.3
2017-01-23 13:00:00,-9.6,31,8.8,498.0,1027.6
2017-01-23 14:00:00,-8.9,30,9.0,435.0,1026.9
2017-01-23 15:00:00,-8.6,28,10.0,320.0,1027.0
2017-01-23 16:00:00,-8.9,29,8.4,170.0,1026.9
2017-01-23 17:00:00,-10.8,34,4.7,31.0,1027.1
2017-01-23 18:00:00,-11.7,36,4.6,0.0,1027.2
2017-01-23 19:00:00,-13.8,43,7.1,0.0,1027.3
2017-01-23 20:00:00,-16.4,54,7.2,0.0,1027.7
2017-01-23 21:00:00,-16.1,53,6.9,0.0,1028.0
2017-01-23 22:00:00,-16.7,55,6.4,0.0,1028.1
2017-01-23 23:00:00,-17.1,57,6.2,0.0,1028.5
2017-01-24 00:00:00,-17.4,57,5.4,0.0,1028.6
2017-01-24 01:00:00,-17.7,59,5.9,0.0,1028.7
2017-01-24 02:00:00,-18.0,60,6.8,0.0,1029.0
2017-01-24 03:00:00,-18.4,62,6.5,0.0,1028.8
2017-01-24 04:00:00,-18.8,63,6.1,0.0,1028.8
2017-01-24 05:00:00,-19.1,64,5.7,0.0,1028.9
2017-01-24 06:00:00,-19.4,64,5.8,0.0,1029.2
2017-01-24 07:00:00,-19.6,63,5.4,0.0,1029.3
2017-01-24 08:00:00,-18.6,63,3.2,38.0,1030.3
2017-01-24 09:00:00,-15.2,49,3.3,182.0,1030.5
2017-01-24 10:00:00,-12.6,40,3.4,333.0,1030.8
2017-01-24 11:00:00,-10.3,33,3.8,447.0,1030.6
2017-01-24 12:00:00,-8.5,27,4.0,507.0,1030.0
2017-01-24 13:00:00,-7.3,24,4.7,506.0,1028.9
2017-01-24 14:00:00,-6.6,22,4.7,444.0,1028.5
2017-01-24 15:00:00,-6.3,21,5.2,329.0,1028.3
2017-01-24 16:00:00,-6.7,22,5.5,176.0,1028.4
2017-01-24 17:00:00,-9.8,29,7.0,33.0,1028.3
2017-01-24 18:00:00,-11.1,32,6.9,0.0,1028.1
2017-01-24 19:00:00,-11.8,34,7.1,0.0,1028.2
2017-01-24 20:00:00,-13.9,41,9.0,0.0,1028.7
2017-01-24 21:00:00,-13.8,40,9.5,0.0,1028.5
2017-01-24 22:00:00,-14.5,42,9.3,0.0,1028.2
2017-01-24 23:00:00,-15.1,44,9.6,0.0,1028.2
2017-01-25 00:00:00,-15.6,46,9.2,0.0,1028.3
2017-01-25 01:00:00,-16.0,47,9.1,0.0,1028.2
2017-01-25 02:00:00,-16.2,48,9.7,0.0,1028.1
2017-01-25 03:00:00,-16.2,49,10.1,0.0,1027.7
2017-01-25 04:00:00,-16.4,49,9.6,0.0,1027.2
2017-01-25 05:00:00,-16.9,51,8.5,0.0,1027.2
2017-01-25 06:00:00,-16.9,50,9.7,0.0,1027.0
2017-01-25 07:00:00,-16.7,48,10.7,0.0,1026.6
2017-01-25 08:00:00,-15.2,46,9.2,39.0,1027.2
2017-01-25 09:00:00,-11.2,33,8.6,183.0,1026.8
2017-01-25 10:00:00,-7.3,25,8.2,333.0,1027.5
2017-01-25 11:00:00,-4.4,26,10.1,446.0,1027.0
2017-01-25 12:00:00,-2.6,37,11.8,506.0,1026.0
2017-01-25 13:00:00,-1.5,38,12.9,501.0,1024.5
2017-01-25 14:00:00,-0.6,37,13.6,439.0,1023.6
2017-01-25 15:00:00,0.1,42,15.0,324.0,1022.7
2017-01-25 16:00:00,-0.8,46,13.6,174.0,1021.8
2017-01-25 17:00:00,-3.5,63,14.7,34.0,1021.8
2017-01-25 18:00:00,-3.8,75,16.8,0.0,1021.5
2017-01-25 19:00:00,-4.6,80,15.6,0.0,1020.9
2017-01-25 20:00:00,-5.4,78,17.0,0.0,1020.7
2017-01-25 21:00:00,-5.7,47,17.6,0.0,1020.1
2017-01-25 22:00:00,-5.5,57,20.2,0.0,1019.3
2017-01-25 23:00:00,-5.3,69,20.5,0.0,1018.3
2017-01-26 00:00:00,-5.1,75,22.3,0.0,1017.6
2017-01-26 01:00:00,-4.7,78,24.9,0.0,1016.7
2017-01-26 02:00:00,-4.0,79,26.9,0.0,1015.9
2017-01-26 03:00:00,-2.9,78,29.2,0.0,1014.0
2017-01-26 04:00:00,-2.5,77,28.7,0.0,1012.7
2017-01-26 05:00:00,-1.9,76,28.0,0.0,1012.1
2017-01-26 06:00:00,-1.5,75,27.6,0.0,1011.6
2017-01-26 07:00:00,-1.0,74,31.1,0.0,1010.7
2017-01-26 08:00:00,0.6,69,34.4,30.0,1009.7
2017-01-26 09:00:00,2.4,63,35.8,134.0,1009.3
2017-01-26 10:00:00,3.6,60,34.0,187.0,1008.4
2017-01-26 11:00:00,4.4,60,34.6,255.0,1007.8
2017-01-26 12:00:00,3.0,76,34.4,121.0,1007.3
2017-01-26 13:00:00,1.8,91,27.9,75.0,1007.6
2017-01-26 14:00:00,1.2,93,25.0,46.0,1007.5
2017-01-26 15:00:00,-0.2,84,26.2,49.0,1008.6
2017-01-26 16:00:00,-2.7,64,24.1,33.0,1010.2
2017-01-26 17:00:00,-3.3,59,14.8,10.0,1011.4
2017-01-26 18:00:00,-3.0,49,13.5,0.0,1012.1
2017-01-26 19:00:00,-3.7,43,18.9,0.0,1013.0
2017-01-26 20:00:00,-5.3,37,22.5,0.0,1015.5
2017-01-26 21:00:00,-5.9,36,23.1,0.0,1016.8
2017-01-26 22:00:00,-6.6,35,23.1,0.0,1017.8
2017-01-26 23:00:00,-7.2,35,21.3,0.0,1018.3
2017-01-27 00:00:00,-7.7,36,20.0,0.0,1018.7
2017-01-27 01:00:00,-8.0,37,19.6,0.0,1019.2
2017-01-27 02:00:00,-8.3,37,18.8,0.0,1019.6
2017-01-27 03:00:00,-8.7,38,16.6,0.0,1019.7
2017-01-27 04:00:00,-9.3,39,14.8,0.0,1019.5
2017-01-27 05:00:00,-9.9,39,13.3,0.0,1019.9
2017-01-27 06:00:00,-10.6,41,11.8,0.0,1020.5
2017-01-27 07:00:00,-11.2,42,11.5,0.0,1021.4
2017-01-27 08:00:00,-11.7,44,9.4,42.0,1022.6
2017-01-27 09:00:00,-7.4,31,9.5,192.0,1022.5
2017-01-27 10:00:00,-5.1,26,11.7,344.0,1022.3
2017-01-27 11:00:00,-3.6,22,13.0,459.0,1021.9
2017-01-27 12:00:00,-2.5,19,12.7,518.0,1020.9
2017-01-27 13:00:00,-1.6,19,13.0,516.0,1020.0
2017-01-27 14:00:00,-1.0,20,16.0,455.0,1019.6
2017-01-27 15:00:00,-0.9,21,17.8,340.0,1019.0
2017-01-27 16:00:00,-1.7,24,14.5,187.0,1018.4
2017-01-27 17:00:00,-4.0,23,16.0,40.0,1018.3
2017-01-27 18:00:00,-4.6,31,19.3,0.0,1018.8
2017-01-27 19:00:00,-5.4,38,18.9,0.0,1019.1
2017-01-27 20:00:00,-6.4,40,18.7,0.0,1018.8
2017-01-27 21:00:00,-6.5,39,18.2,0.0,1019.0
2017-01-27 22:00:00,-6.5,41,18.1,0.0,1018.8
2017-01-27 23:00:00,-6.5,46,17.9,0.0,1018.9
2017-01-28 00:00:00,-6.8,54,17.0,0.0,1018.5
2017-01-28 01:00:00,-7.1,60,16.6,0.0,1017.9
2017-01-28 02:00:00,-7.2,65,16.6,0.0,1017.9
2017-01-28 03:00:00,-7.2,69,16.6,0.0,1017.7
2017-01-28 04:00:00,-7.2,70,16.9,0.0,1017.4
2017-01-28 05:00:00,-7.3,69,16.3,0.0,1017.1
2017-01-28 06:00:00,-7.1,65,15.7,0.0,1016.7
2017-01-28 07:00:00,-6.9,60,15.5,0.0,1016.8
2017-01-28 08:00:00,-6.1,56,15.1,36.0,1017.1
2017-01-28 09:00:00,-4.0,50,14.6,157.0,1016.9
2017-01-28 10:00:00,-1.6,46,19.1,264.0,1016.8
2017-01-28 11:00:00,0.4,46,21.3,325.0,1016.5
2017-01-28 12:00:00,2.1,44,23.1,342.0,1015.4
2017-01-28 13:00:00,3.2,45,24.5,269.0,1014.7
2017-01-28 14:00:00,3.0,52,24.5,193.0,1014.4
2017-01-28 15:00:00,2.0,61,19.5,108.0,1014.6
2017-01-28 16:00:00,1.1,68,17.4,42.0,1014.6
2017-01-28 17:00:00,0.3,72,15.6,11.0,1014.6
2017-01-28 18:00:00,-0.3,75,13.1,0.0,1014.5
2017-01-28 19:00:00,-0.8,77,14.1,0.0,1014.7
2017-01-28 20:00:00,-1.4,80,13.4,0.0,1014.8
2017-01-28 21:00:00,-2.0,83,11.9,0.0,1014.7
2017-01-28 22:00:00,-2.2,84,11.5,0.0,1014.4
2017-01-28 23:00:00,-2.2,85,12.3,0.0,1014.1
2017-01-29 00:00:00,-2.0,86,13.0,0.0,1013.7
2017-01-29 01:00:00,-1.9,86,13.4,0.0,1013.7
2017-01-29 02:00:00,-2.0,88,10.7,0.0,1013.8
2017-01-29 03:00:00,-2.2,90,8.8,0.0,1013.4
2017-01-29 04:00:00,-2.3,93,8.4,0.0,1013.0
2017-01-29 05:00:00,-2.3,95,8.2,0.0,1013.2
2017-01-29 06:00:00,-3.1,91,18.7,0.0,1013.3
2017-01-29 07:00:00,-5.8,83,19.3,0.0,1014.3
2017-01-29 08:00:00,-8.8,72,21.8,8.0,1017.2
2017-01-29 09:00:00,-9.0,66,22.3,73.0,1018.2
2017-01-29 10:00:00,-8.5,59,23.5,168.0,1018.5
2017-01-29 11:00:00,-8.1,55,23.1,208.0,1019.5
2017-01-29 12:00:00,-7.5,51,24.1,238.0,1019.0
2017-01-29 13:00:00,-7.0,45,24.9,268.0,1018.6
2017-01-29 14:00:00,-6.5,40,25.7,294.0,1018.4
2017-01-29 15:00:00,-6.3,36,24.5,277.0,1019.1
2017-01-29 16:00:00,-6.7,35,22.0,173.0,1019.4
2017-01-29 17:00:00,-8.0,38,20.2,40.0,1020.0
2017-01-29 18:00:00,-8.6,38,21.2,0.0,1020.7
2017-01-29 19:00:00,-9.4,40,21.6,0.0,1021.3
2017-01-29 20:00:00,-11.1,45,18.7,0.0,1022.7
2017-01-29 21:00:00,-11.4,45,18.1,0.0,1022.7
2017-01-29 22:00:00,-12.1,47,16.5,0.0,1023.0
2017-01-29 23:00:00,-12.9,49,13.6,0.0,1023.4
2017-01-30 00:00:00,-13.6,51,12.3,0.0,1023.6
2017-01-30 01:00:00,-14.0,52,10.9,0.0,1024.0
2017-01-30 02:00:00,-14.3,53,10.5,0.0,1024.3
2017-01-30 03:00:00,-14.6,54,10.5,0.0,1024.5
2017-01-30 04:00:00,-14.8,53,11.2,0.0,1024.5
2017-01-30 05:00:00,-14.8,49,12.6,0.0,1024.8
2017-01-30 06:00:00,-15.1,47,12.2,0.0,1025.2
2017-01-30 07:00:00,-15.5,48,12.0,0.0,1025.8
2017-01-30 08:00:00,-16.2,49,10.3,49.0,1027.1
2017-01-30 09:00:00,-12.9,38,12.2,207.0,1027.3
2017-01-30 10:00:00,-11.7,35,10.6,365.0,1027.6
2017-01-30 11:00:00,-10.5,32,8.6,484.0,1027.6
2017-01-30 12:00:00,-9.4,30,7.4,547.0,1027.2
2017-01-30 13:00:00,-8.4,27,6.4,547.0,1026.2
2017-01-30 14:00:00,-7.7,25,5.2,484.0,1026.0
2017-01-30 15:00:00,-7.3,24,3.3,366.0,1025.6
2017-01-30 16:00:00,-7.3,23,3.4,208.0,1025.3
2017-01-30 17:00:00,-9.3,27,9.3,49.0,1025.1
2017-01-30 18:00:00,-11.0,32,11.5,0.0,1024.9
2017-01-30 19:00:00,-12.2,36,13.1,0.0,1024.7
2017-01-30 20:00:00,-15.2,48,12.4,0.0,1025.2
2017-01-30 21:00:00,-13.6,43,12.6,0.0,1025.0
2017-01-30 22:00:00,-13.9,44,13.0,0.0,1024.4
2017-01-30 23:00:00,-14.3,45,12.6,0.0,1024.1
2017-01-31 00:00:00,-14.6,46,13.8,0.0,1023.4
2017-01-31 01:00:00,-14.6,45,13.8,0.0,1023.0
2017-01-31 02:00:00,-14.4,45,14.0,0.0,1022.8
2017-01-31 03:00:00,-14.0,48,15.1,0.0,1022.2
2017-01-31 04:00:00,-13.6,54,15.1,0.0,1020.9
2017-01-31 05:00:00,-13.3,60,14.4,0.0,1020.2
2017-01-31 06:00:00,-12.8,65,15.7,0.0,1019.6
2017-01-31 07:00:00,-12.1,69,15.5,0.0,1019.1
2017-01-31 08:00:00,-10.6,74,14.5,44.0,1019.3
2017-01-31 09:00:00,-9.1,73,13.5,198.0,1019.0
2017-01-31 10:00:00,-5.7,68,15.8,363.0,1018.8
2017-01-31 11:00:00,-3.7,58,18.4,472.0,1018.4
2017-01-31 12:00:00,-2.6,43,19.4,541.0,1017.4
2017-01-31 13:00:00,-2.0,34,17.6,542.0,1016.6
2017-01-31 14:00:00,-1.9,32,14.8,483.0,1016.1
2017-01-31 15:00:00,-2.7,34,13.4,367.0,1016.2
2017-01-31 16:00:00,-5.8,35,9.7,211.0,1016.3
2017-01-31 17:00:00,-7.9,28,10.6,52.0,1016.7
2017-01-31 18:00:00,-4.2,16,7.2,0.0,1017.2
2017-01-31 19:00:00,-13.0,37,13.8,0.0,1017.9
2017-01-31 20:00:00,-11.3,40,13.4,0.0,1019.6
2017-01-31 21:00:00,-14.1,40,13.7,0.0,1020.1
2017-01-31 22:00:00,-12.1,39,16.4,0.0,1020.9
2017-01-31 23:00:00,-10.5,44,17.7,0.0,1022.2
2017-02-01 00:00:00,-10.0,47,19.5,0.0,1023.1
2017-02-01 01:00:00,-10.5,49,19.8,0.0,1024.2
2017-02-01 02:00:00,-11.8,51,17.7,0.0,1025.0
2017-02-01 03:00:00,-12.9,53,16.6,0.0,1025.4
2017-02-01 04:00:00,-13.7,54,16.7,0.0,1025.8
2017-02-01 05:00:00,-14.4,55,16.3,0.0,1026.3
2017-02-01 06:00:00,-16.0,57,14.7,0.0,1026.9
2017-02-01 07:00:00,-18.1,59,13.5,0.0,1027.4
2017-02-01 08:00:00,-14.4,49,11.7,54.0,1028.7
2017-02-01 09:00:00,-10.6,35,13.9,214.0,1028.9
2017-02-01 10:00:00,-9.3,28,15.3,372.0,1028.9
2017-02-01 11:00:00,-8.3,24,13.8,490.0,1029.0
2017-02-01 12:00:00,-7.4,21,11.6,551.0,1028.2
2017-02-01 13:00:00,-6.5,18,9.9,550.0,1027.5
2017-02-01 14:00:00,-5.7,16,8.9,488.0,1026.8
2017-02-01 15:00:00,-5.1,14,8.8,369.0,1026.5
2017-02-01 16:00:00,-4.9,14,9.6,213.0,1026.1
2017-02-01 17:00:00,-7.0,16,11.6,54.0,1025.7
2017-02-01 18:00:00,-8.6,20,13.3,0.0,1025.2
2017-02-01 19:00:00,-9.6,23,14.9,0.0,1024.7
2017-02-01 20:00:00,-9.9,26,16.3,0.0,1024.9
2017-02-01 21:00:00,-9.2,26,17.4,0.0,1023.8
2017-02-01 22:00:00,-9.0,29,18.4,0.0,1023.5
2017-02-01 23:00:00,-8.8,37,19.0,0.0,1023.2
2017-02-02 00:00:00,-8.4,51,18.5,0.0,1022.9
2017-02-02 01:00:00,-8.2,62,17.0,0.0,1022.3
2017-02-02 02:00:00,-8.0,71,16.0,0.0,1021.9
2017-02-02 03:00:00,-7.9,74,14.8,0.0,1021.4
2017-02-02 04:00:00,-8.3,75,13.8,0.0,1021.0
2017-02-02 05:00:00,-9.2,73,12.2,0.0,1020.7
2017-02-02 06:00:00,-10.2,72,11.0,0.0,1020.6
2017-02-02 07:00:00,-10.9,71,10.9,0.0,1020.7
2017-02-02 08:00:00,-10.8,75,9.9,55.0,1021.8
2017-02-02 09:00:00,-6.3,55,10.3,212.0,1021.9
2017-02-02 10:00:00,-3.4,37,11.5,367.0,1022.0
2017-02-02 11:00:00,-0.9,24,12.4,483.0,1021.4
2017-02-02 12:00:00,0.8,18,12.2,545.0,1020.1
2017-02-02 13:00:00,1.8,18,12.6,546.0,1019.0
2017-02-02 14:00:00,2.5,19,12.4,486.0,1018.0
2017-02-02 15:00:00,2.7,19,11.9,370.0,1017.6
2017-02-02 16:00:00,1.3,37,8.0,215.0,1017.6
2017-02-02 17:00:00,-2.6,36,8.9,56.0,1017.5
2017-02-02 18:00:00,-4.0,20,9.4,0.0,1017.6
2017-02-02 19:00:00,-4.5,20,13.5,0.0,1017.8
2017-02-02 20:00:00,-7.5,65,12.9,0.0,1018.6
2017-02-02 21:00:00,-6.9,71,11.7,0.0,1018.2
2017-02-02 22:00:00,-7.7,80,11.3,0.0,1018.1
2017-02-02 23:00:00,-8.4,83,10.9,0.0,1018.2
2017-02-03 00:00:00,-8.9,82,10.8,0.0,1018.0
2017-02-03 01:00:00,-9.7,81,10.1,0.0,1017.9
2017-02-03 02:00:00,-10.4,79,10.0,0.0,1017.3
2017-02-03 03:00:00,-10.8,77,9.8,0.0,1017.1
2017-02-03 04:00:00,-11.0,74,10.1,0.0,1016.9
2017-02-03 05:00:00,-11.2,73,10.1,0.0,1016.6
2017-02-03 06:00:00,-11.5,71,9.7,0.0,1016.5
2017-02-03 07:00:00,-12.0,69,9.3,0.0,1016.4
2017-02-03 08:00:00,-10.1,64,7.6,56.0,1017.5
2017-02-03 09:00:00,-5.2,44,8.4,214.0,1017.4
2017-02-03 10:00:00,-1.8,34,9.7,368.0,1017.5
2017-02-03 11:00:00,1.0,28,12.1,483.0,1017.0
2017-02-03 12:00:00,2.8,29,13.9,544.0,1015.7
2017-02-03 13:00:00,4.4,32,14.0,544.0,1014.5
2017-02-03 14:00:00,5.4,35,16.6,481.0,1014.0
2017-02-03 15:00:00,5.5,42,16.8,365.0,1013.5
2017-02-03 16:00:00,4.1,49,14.5,211.0,1013.4
2017-02-03 17:00:00,0.8,58,14.7,56.0,1013.5
2017-02-03 18:00:00,-0.4,59,15.9,0.0,1013.7
2017-02-03 19:00:00,-1.7,62,14.5,0.0,1014.0
2017-02-03 20:00:00,-3.4,71,13.7,0.0,1014.2
2017-02-03 21:00:00,-3.0,71,13.5,0.0,1014.1
2017-02-03 22:00:00,-3.0,74,13.0,0.0,1013.8
2017-02-03 23:00:00,-2.7,80,12.6,0.0,1013.9
2017-02-04 00:00:00,-2.3,81,13.0,0.0,1013.5
2017-02-04 01:00:00,-1.9,80,14.4,0.0,1013.1
2017-02-04 02:00:00,-1.7,77,15.5,0.0,1012.8
2017-02-04 03:00:00,-1.8,75,15.1,0.0,1012.1
2017-02-04 04:00:00,-1.7,74,15.5,0.0,1011.6
2017-02-04 05:00:00,-1.1,71,16.3,0.0,1011.4
2017-02-04 06:00:00,-0.7,71,15.9,0.0,1011.1
2017-02-04 07:00:00,-0.9,75,14.8,0.0,1011.2
2017-02-04 08:00:00,0.3,70,16.7,24.0,1011.9
2017-02-04 09:00:00,1.5,66,15.2,81.0,1011.6
2017-02-04 10:00:00,2.8,62,18.4,187.0,1011.4
2017-02-04 11:00:00,4.0,59,18.7,279.0,1010.8
2017-02-04 12:00:00,4.6,58,18.0,224.0,1010.1
2017-02-04 13:00:00,5.2,59,19.5,225.0,1009.2
2017-02-04 14:00:00,4.7,65,16.6,161.0,1008.6
2017-02-04 15:00:00,3.7,74,12.3,78.0,1008.6
2017-02-04 16:00:00,2.6,84,9.1,44.0,1008.6
2017-02-04 17:00:00,1.5,89,7.7,10.0,1008.9
2017-02-04 18:00:00,0.9,92,6.5,0.0,1009.2
2017-02-04 19:00:00,0.5,96,4.4,0.0,1009.4
2017-02-04 20:00:00,-0.4,95,8.4,0.0,1010.0
2017-02-04 21:00:00,-0.1,95,7.6,0.0,1010.2
2017-02-04 22:00:00,-0.4,97,6.3,0.0,1009.8
2017-02-04 23:00:00,-1.6,91,11.5,0.0,1009.9
2017-02-05 00:00:00,-2.0,76,12.0,0.0,1010.0
2017-02-05 01:00:00,-2.4,69,12.6,0.0,1010.3
2017-02-05 02:00:00,-2.9,60,13.3,0.0,1010.6
2017-02-05 03:00:00,-3.5,52,14.0,0.0,1010.7
2017-02-05 04:00:00,-4.6,53,13.8,0.0,1010.9
2017-02-05 05:00:00,-5.6,56,13.8,0.0,1011.2
2017-02-05 06:00:00,-6.2,57,13.8,0.0,1011.6
2017-02-05 07:00:00,-6.9,60,12.7,0.0,1012.2
2017-02-05 08:00:00,-5.9,57,12.3,60.0,1012.2
2017-02-05 09:00:00,-4.7,52,14.8,217.0,1012.0
2017-02-05 10:00:00,-3.5,48,14.0,371.0,1011.9
2017-02-05 11:00:00,-2.2,46,14.5,486.0,1011.7
2017-02-05 12:00:00,-1.2,41,16.1,548.0,1011.6
2017-02-05 13:00:00,-0.5,39,16.9,551.0,1011.1
2017-02-05 14:00:00,-0.3,38,17.0,490.0,1010.5
2017-02-05 15:00:00,-0.4,38,17.8,376.0,1010.7
2017-02-05 16:00:00,-1.1,42,18.4,218.0,1011.2
2017-02-05 17:00:00,-2.8,46,15.2,58.0,1011.8
2017-02-05 18:00:00,-3.8,47,14.5,0.0,1012.8
2017-02-05 19:00:00,-4.6,49,11.5,0.0,1013.2
2017-02-05 20:00:00,-5.9,56,10.4,0.0,1014.2
2017-02-05 21:00:00,-4.8,50,14.5,0.0,1014.9
2017-02-05 22:00:00,-4.9,43,17.2,0.0,1015.2
2017-02-05 23:00:00,-5.4,42,14.9,0.0,1015.9
2017-02-06 00:00:00,-5.8,42,17.9,0.0,1016.7
2017-02-06 01:00:00,-6.1,47,17.5,0.0,1017.5
2017-02-06 02:00:00,-6.4,48,17.6,0.0,1018.5
2017-02-06 03:00:00,-6.9,47,18.1,0.0,1019.4
2017-02-06 04:00:00,-7.2,46,16.7,0.0,1020.3
2017-02-06 05:00:00,-7.5,44,16.1,0.0,1021.2
2017-02-06 06:00:00,-7.8,43,16.2,0.0,1021.5
2017-02-06 07:00:00,-8.0,45,15.6,0.0,1022.1
2017-02-06 08:00:00,-7.0,43,16.5,64.0,1023.5
2017-02-06 09:00:00,-5.8,40,19.1,226.0,1023.8
2017-02-06 10:00:00,-4.7,33,19.8,382.0,1024.5
2017-02-06 11:00:00,-3.7,26,19.8,500.0,1024.6
2017-02-06 12:00:00,-2.9,26,20.5,562.0,1024.2
2017-02-06 13:00:00,-2.3,27,20.9,564.0,1023.9
2017-02-06 14:00:00,-2.0,26,20.9,503.0,1023.6
2017-02-06 15:00:00,-1.9,26,18.7,388.0,1023.6
2017-02-06 16:00:00,-2.4,28,16.7,231.0,1023.7
2017-02-06 17:00:00,-4.3,37,10.9,68.0,1023.9
2017-02-06 18:00:00,-5.7,36,9.0,0.0,1024.4
2017-02-06 19:00:00,-6.4,31,8.7,0.0,1024.7
2017-02-06 20:00:00,-7.7,36,6.3,0.0,1025.4
2017-02-06 21:00:00,-6.0,32,2.9,0.0,1025.7
2017-02-06 22:00:00,-6.3,33,1.8,0.0,1025.5
2017-02-06 23:00:00,-6.6,35,2.5,0.0,1025.4
2017-02-07 00:00:00,-8.2,42,5.0,0.0,1025.4
2017-02-07 01:00:00,-9.1,47,5.8,0.0,1025.1
2017-02-07 02:00:00,-9.4,48,5.5,0.0,1025.1
2017-02-07 03:00:00,-9.6,49,5.2,0.0,1024.9
2017-02-07 04:00:00,-8.9,46,3.2,0.0,1025.1
2017-02-07 05:00:00,-9.4,47,3.8,0.0,1024.9
2017-02-07 06:00:00,-11.6,54,6.5,0.0,1024.2
2017-02-07 07:00:00,-11.3,50,5.5,0.0,1024.7
2017-02-07 08:00:00,-8.9,43,4.7,64.0,1025.3
2017-02-07 09:00:00,-6.2,31,5.2,222.0,1025.1
2017-02-07 10:00:00,-4.1,24,4.0,374.0,1025.2
2017-02-07 11:00:00,-2.6,21,3.6,448.0,1024.6
2017-02-07 12:00:00,-1.9,23,4.1,397.0,1024.0
2017-02-07 13:00:00,-1.5,25,3.6,322.0,1023.2
2017-02-07 14:00:00,-1.0,26,5.1,321.0,1022.1
2017-02-07 15:00:00,-0.8,26,7.6,225.0,1021.6
2017-02-07 16:00:00,-1.1,29,9.6,146.0,1021.7
2017-02-07 17:00:00,-2.6,42,9.6,50.0,1021.7
2017-02-07 18:00:00,-3.2,39,9.6,0.0,1021.8
2017-02-07 19:00:00,-3.4,31,9.5,0.0,1022.0
2017-02-07 20:00:00,-5.0,32,9.8,0.0,1022.1
2017-02-07 21:00:00,-4.8,31,9.0,0.0,1022.0
2017-02-07 22:00:00,-6.1,34,7.2,0.0,1021.3
2017-02-07 23:00:00,-7.5,38,8.3,0.0,1021.4
2017-02-08 00:00:00,-7.9,38,9.0,0.0,1020.9
2017-02-08 01:00:00,-8.6,40,8.3,0.0,1020.6
2017-02-08 02:00:00,-9.0,41,6.9,0.0,1020.5
2017-02-08 03:00:00,-9.2,42,6.9,0.0,1020.0
2017-02-08 04:00:00,-9.0,41,6.0,0.0,1019.7
2017-02-08 05:00:00,-9.8,44,6.7,0.0,1019.4
2017-02-08 06:00:00,-10.1,43,10.4,0.0,1019.3
2017-02-08 07:00:00,-9.4,40,13.1,0.0,1019.3
2017-02-08 08:00:00,-8.4,47,14.8,67.0,1019.8
2017-02-08 09:00:00,-7.2,50,17.6,230.0,1019.5
2017-02-08 10:00:00,-6.1,45,18.1,387.0,1019.3
2017-02-08 11:00:00,-5.2,41,17.7,506.0,1019.0
2017-02-08 12:00:00,-4.5,40,17.7,571.0,1018.2
2017-02-08 13:00:00,-3.7,40,19.0,572.0,1017.1
2017-02-08 14:00:00,-3.7,42,19.3,508.0,1016.6
2017-02-08 15:00:00,-3.5,41,20.0,383.0,1016.3
2017-02-08 16:00:00,-4.1,41,19.2,185.0,1016.4
2017-02-08 17:00:00,-5.0,43,14.5,56.0,1016.3
2017-02-08 18:00:00,-6.0,45,9.6,0.0,1016.6
2017-02-08 19:00:00,-6.6,45,9.2,0.0,1016.6
2017-02-08 20:00:00,-7.9,45,14.4,0.0,1016.5
2017-02-08 21:00:00,-7.1,43,18.4,0.0,1016.5
2017-02-08 22:00:00,-7.7,46,19.6,0.0,1016.2
2017-02-08 23:00:00,-8.3,47,19.7,0.0,1016.0
2017-02-09 00:00:00,-8.8,48,18.7,0.0,1015.7
2017-02-09 01:00:00,-9.5,48,16.9,0.0,1015.4
2017-02-09 02:00:00,-10.0,49,16.3,0.0,1015.1
2017-02-09 03:00:00,-10.4,49,15.9,0.0,1014.5
2017-02-09 04:00:00,-10.9,50,15.0,0.0,1014.1
2017-02-09 05:00:00,-11.0,50,15.1,0.0,1014.0
2017-02-09 06:00:00,-11.2,51,15.4,0.0,1013.8
2017-02-09 07:00:00,-11.6,51,14.9,0.0,1013.9
2017-02-09 08:00:00,-11.2,47,16.1,73.0,1015.1
2017-02-09 09:00:00,-9.6,41,17.0,229.0,1015.2
2017-02-09 10:00:00,-8.3,36,15.5,365.0,1014.9
2017-02-09 11:00:00,-6.9,31,16.4,478.0,1014.7
2017-02-09 12:00:00,-6.2,29,17.1,425.0,1013.7
2017-02-09 13:00:00,-5.4,28,19.4,534.0,1012.9
2017-02-09 14:00:00,-5.3,28,19.0,461.0,1012.3
2017-02-09 15:00:00,-5.4,28,19.3,299.0,1012.2
2017-02-09 16:00:00,-5.7,27,19.5,125.0,1012.2
2017-02-09 17:00:00,-6.1,29,18.0,42.0,1012.5
2017-02-09 18:00:00,-6.6,33,16.7,0.0,1013.0
2017-02-09 19:00:00,-7.5,35,13.7,0.0,1013.4
2017-02-09 20:00:00,-7.8,41,10.9,0.0,1013.7
2017-02-09 21:00:00,-7.7,41,13.8,0.0,1014.0
2017-02-09 22:00:00,-8.0,41,16.5,0.0,1014.1
2017-02-09 23:00:00,-8.3,41,16.5,0.0,1014.7
2017-02-10 00:00:00,-9.1,42,15.5,0.0,1015.1
2017-02-10 01:00:00,-9.2,42,15.1,0.0,1015.1
2017-02-10 02:00:00,-9.8,42,15.2,0.0,1015.2
2017-02-10 03:00:00,-10.1,43,15.3,0.0,1015.2
2017-02-10 04:00:00,-10.4,44,15.0,0.0,1015.1
2017-02-10 05:00:00,-10.8,45,14.2,0.0,1015.0
2017-02-10 06:00:00,-11.1,42,14.8,0.0,1014.9
2017-02-10 07:00:00,-11.4,41,14.1,1.0,1015.5
2017-02-10 08:00:00,-11.1,41,15.1,77.0,1016.7
2017-02-10 09:00:00,-9.5,37,17.2,233.0,1016.7
2017-02-10 10:00:00,-8.0,35,17.9,384.0,1016.6
2017-02-10 11:00:00,-6.5,34,20.0,498.0,1016.8
2017-02-10 12:00:00,-5.6,32,20.9,554.0,1016.3
2017-02-10 13:00:00,-5.1,31,20.5,523.0,1015.8
2017-02-10 14:00:00,-4.7,31,19.5,494.0,1015.3
2017-02-10 15:00:00,-4.6,31,19.3,374.0,1015.4
2017-02-10 16:00:00,-4.8,30,17.9,234.0,1015.6
2017-02-10 17:00:00,-5.7,32,13.4,77.0,1015.8
2017-02-10 18:00:00,-6.9,35,10.3,1.0,1016.2
2017-02-10 19:00:00,-8.4,39,8.3,0.0,1016.2
2017-02-10 20:00:00,-9.6,44,7.2,0.0,1017.2
2017-02-10 21:00:00,-9.1,42,6.9,0.0,1017.3
2017-02-10 22:00:00,-9.2,43,6.4,0.0,1017.1
2017-02-10 23:00:00,-9.7,45,7.3,0.0,1017.3
2017-02-11 00:00:00,-9.7,44,9.7,0.0,1017.8
2017-02-11 01:00:00,-9.7,43,10.8,0.0,1017.8
2017-02-11 02:00:00,-9.7,42,11.5,0.0,1017.9
2017-02-11 03:00:00,-9.7,44,12.0,0.0,1018.0
2017-02-11 04:00:00,-9.8,45,12.2,0.0,1018.1
2017-02-11 05:00:00,-10.4,48,11.5,0.0,1018.2
2017-02-11 06:00:00,-10.9,50,10.7,0.0,1018.3
2017-02-11 07:00:00,-11.1,51,10.5,1.0,1018.6
2017-02-11 08:00:00,-9.6,45,9.9,78.0,1019.8
2017-02-11 09:00:00,-8.0,39,10.4,243.0,1020.1
2017-02-11 10:00:00,-6.5,35,9.1,400.0,1020.4
2017-02-11 11:00:00,-5.0,32,8.4,517.0,1020.4
2017-02-11 12:00:00,-3.8,30,8.9,579.0,1019.8
2017-02-11 13:00:00,-3.1,33,8.9,580.0,1018.9
2017-02-11 14:00:00,-2.5,33,9.2,520.0,1018.4
2017-02-11 15:00:00,-2.3,32,9.3,405.0,1018.5
2017-02-11 16:00:00,-2.5,32,9.2,249.0,1018.6
2017-02-11 17:00:00,-4.5,52,7.3,83.0,1018.5
2017-02-11 18:00:00,-5.6,38,8.0,1.0,1018.8
2017-02-11 19:00:00,-6.6,37,8.3,0.0,1019.2
2017-02-11 20:00:00,-7.8,40,7.2,0.0,1019.7
2017-02-11 21:00:00,-8.1,41,6.9,0.0,1019.8
2017-02-11 22:00:00,-8.8,45,7.7,0.0,1020.0
2017-02-11 23:00:00,-9.0,46,7.7,0.0,1020.2
2017-02-12 00:00:00,-9.2,46,7.7,0.0,1020.3
2017-02-12 01:00:00,-9.7,47,8.2,0.0,1020.5
2017-02-12 02:00:00,-10.1,49,8.5,0.0,1020.5
2017-02-12 03:00:00,-10.4,51,8.1,0.0,1020.3
2017-02-12 04:00:00,-10.5,53,7.3,0.0,1020.1
2017-02-12 05:00:00,-10.8,56,7.1,0.0,1020.0
2017-02-12 06:00:00,-11.1,56,6.3,0.0,1020.2
2017-02-12 07:00:00,-10.6,50,5.3,1.0,1020.6
2017-02-12 08:00:00,-9.4,47,4.0,83.0,1021.7
2017-02-12 09:00:00,-7.3,35,3.2,251.0,1021.8
2017-02-12 10:00:00,-5.2,30,4.3,410.0,1022.0
2017-02-12 11:00:00,-3.3,25,7.0,528.0,1021.8
2017-02-12 12:00:00,-1.8,25,9.2,591.0,1021.5
2017-02-12 13:00:00,-0.9,27,10.1,591.0,1020.6
2017-02-12 14:00:00,-0.4,26,9.7,531.0,1020.1
2017-02-12 15:00:00,-0.3,25,9.1,415.0,1019.9
2017-02-12 16:00:00,-0.6,26,8.1,258.0,1020.0
2017-02-12 17:00:00,-3.6,51,7.6,88.0,1020.1
2017-02-12 18:00:00,-4.7,37,7.0,1.0,1020.4
2017-02-12 19:00:00,-5.3,28,6.5,0.0,1021.0
2017-02-12 20:00:00,-6.5,30,7.2,0.0,1020.9
2017-02-12 21:00:00,-6.9,31,6.3,0.0,1020.9
2017-02-12 22:00:00,-7.8,34,6.0,0.0,1021.0
2017-02-12 23:00:00,-9.2,37,6.8,0.0,1021.2
2017-02-13 00:00:00,-10.3,40,6.9,0.0,1021.6
2017-02-13 01:00:00,-8.6,34,3.9,0.0,1021.8
2017-02-13 02:00:00,-9.7,37,5.1,0.0,1022.2
2017-02-13 03:00:00,-10.0,39,5.2,0.0,1022.4
2017-02-13 04:00:00,-10.7,41,5.8,0.0,1022.5
2017-02-13 05:00:00,-11.8,47,6.7,0.0,1022.9
2017-02-13 06:00:00,-12.6,52,7.5,0.0,1023.2
2017-02-13 07:00:00,-12.6,53,7.7,1.0,1023.9
2017-02-13 08:00:00,-10.0,43,5.5,84.0,1024.8
2017-02-13 09:00:00,-6.6,33,4.8,231.0,1025.3
2017-02-13 10:00:00,-3.5,28,6.0,395.0,1025.6
2017-02-13 11:00:00,-1.5,25,8.8,525.0,1026.0
2017-02-13 12:00:00,-0.4,28,10.6,590.0,1025.4
2017-02-13 13:00:00,0.2,31,11.3,592.0,1025.0
2017-02-13 14:00:00,0.4,30,11.5,532.0,1025.0
2017-02-13 15:00:00,0.5,29,11.9,416.0,1025.1
2017-02-13 16:00:00,0.1,31,12.2,258.0,1025.4
2017-02-13 17:00:00,-2.6,45,10.2,90.0,1025.7
2017-02-13 18:00:00,-4.5,42,10.1,2.0,1026.1
2017-02-13 19:00:00,-5.3,35,10.2,0.0,1026.7
2017-02-13 20:00:00,-7.2,42,10.0,0.0,1026.7
2017-02-13 21:00:00,-6.9,45,8.9,0.0,1026.9
2017-02-13 22:00:00,-7.8,51,7.6,0.0,1026.9
2017-02-13 23:00:00,-8.3,55,7.2,0.0,1027.2
2017-02-14 00:00:00,-8.8,60,6.5,0.0,1027.8
2017-02-14 01:00:00,-9.3,65,6.5,0.0,1028.1
2017-02-14 02:00:00,-9.8,71,6.6,0.0,1028.0
2017-02-14 03:00:00,-9.4,69,5.5,0.0,1028.2
2017-02-14 04:00:00,-9.5,69,4.9,0.0,1028.2
2017-02-14 05:00:00,-10.5,73,5.5,0.0,1028.5
2017-02-14 06:00:00,-10.9,74,6.0,0.0,1028.3
2017-02-14 07:00:00,-11.2,75,6.6,1.0,1028.5
2017-02-14 08:00:00,-8.0,62,6.3,89.0,1029.3
2017-02-14 09:00:00,-4.7,48,6.9,257.0,1029.0
2017-02-14 10:00:00,-1.9,39,6.6,415.0,1028.6
2017-02-14 11:00:00,0.0,31,6.2,533.0,1028.1
2017-02-14 12:00:00,1.2,33,6.5,595.0,1027.2
2017-02-14 13:00:00,2.1,32,7.2,595.0,1026.1
2017-02-14 14:00:00,2.8,31,7.7,533.0,1025.4
2017-02-14 15:00:00,3.0,30,9.7,413.0,1024.4
2017-02-14 16:00:00,2.7,34,10.5,257.0,1023.8
2017-02-14 17:00:00,0.0,46,11.5,82.0,1023.2
2017-02-14 18:00:00,-1.1,45,11.3,2.0,1022.7
2017-02-14 19:00:00,-1.4,41,12.6,0.0,1022.3
2017-02-14 20:00:00,-2.0,41,13.6,0.0,1022.1
2017-02-14 21:00:00,-2.1,39,14.3,0.0,1021.6
2017-02-14 22:00:00,-2.3,38,15.5,0.0,1020.8
2017-02-14 23:00:00,-2.3,39,15.7,0.0,1020.1
2017-02-15 00:00:00,-2.5,40,15.5,0.0,1019.7
2017-02-15 01:00:00,-2.4,41,16.7,0.0,1018.9
2017-02-15 02:00:00,-2.3,42,17.2,0.0,1018.2
2017-02-15 03:00:00,-2.5,43,16.1,0.0,1017.7
2017-02-15 04:00:00,-2.7,45,15.6,0.0,1017.4
2017-02-15 05:00:00,-2.8,49,15.9,0.0,1016.9
2017-02-15 06:00:00,-3.0,54,15.3,0.0,1016.7
2017-02-15 07:00:00,-2.9,60,15.4,2.0,1016.6
2017-02-15 08:00:00,-0.3,59,15.4,89.0,1017.3
2017-02-15 09:00:00,2.3,57,17.5,255.0,1017.0
2017-02-15 10:00:00,4.5,56,19.9,411.0,1016.5
2017-02-15 11:00:00,6.4,53,21.3,526.0,1015.7
2017-02-15 12:00:00,8.2,48,24.3,587.0,1014.3
2017-02-15 13:00:00,9.4,45,26.0,587.0,1012.2
2017-02-15 14:00:00,10.3,45,26.4,486.0,1010.8
2017-02-15 15:00:00,10.3,48,25.6,321.0,1009.8
2017-02-15 16:00:00,9.6,54,22.7,247.0,1008.5
2017-02-15 17:00:00,7.1,66,21.6,85.0,1008.1
2017-02-15 18:00:00,5.5,73,24.9,2.0,1008.1
2017-02-15 19:00:00,4.2,77,29.2,0.0,1007.6
2017-02-15 20:00:00,4.1,76,28.4,0.0,1007.7
2017-02-15 21:00:00,3.9,73,27.8,0.0,1008.0
2017-02-15 22:00:00,3.7,71,28.1,0.0,1007.2
2017-02-15 23:00:00,3.4,75,25.3,0.0,1006.5
2017-02-16 00:00:00,3.6,76,24.9,0.0,1006.1
2017-02-16 01:00:00,4.4,70,25.5,0.0,1006.0
2017-02-16 02:00:00,4.7,64,25.8,0.0,1005.7
2017-02-16 03:00:00,4.5,61,24.0,0.0,1005.9
2017-02-16 04:00:00,3.7,62,18.4,0.0,1006.7
2017-02-16 05:00:00,2.7,68,14.0,0.0,1008.0
2017-02-16 06:00:00,1.7,78,12.0,0.0,1008.7
2017-02-16 07:00:00,0.7,63,23.1,1.0,1009.7
2017-02-16 08:00:00,-0.5,52,24.1,21.0,1011.3
2017-02-16 09:00:00,-1.5,53,21.9,45.0,1012.6
2017-02-16 10:00:00,-1.8,54,19.0,64.0,1013.0
2017-02-16 11:00:00,-1.9,57,16.7,89.0,1013.6
2017-02-16 12:00:00,-1.4,55,15.3,169.0,1013.6
2017-02-16 13:00:00,-1.0,52,13.4,192.0,1012.8
2017-02-16 14:00:00,-0.1,46,12.8,228.0,1012.3
2017-02-16 15:00:00,1.0,38,14.1,298.0,1012.4
2017-02-16 16:00:00,1.3,36,13.5,182.0,1012.4
2017-02-16 17:00:00,0.2,40,13.0,78.0,1013.2
2017-02-16 18:00:00,-1.5,34,17.4,3.0,1014.1
2017-02-16 19:00:00,-2.9,32,17.8,0.0,1015.1
2017-02-16 20:00:00,-4.4,34,15.5,0.0,1017.1
2017-02-16 21:00:00,-4.8,33,14.2,0.0,1017.3
2017-02-16 22:00:00,-5.2,29,13.9,0.0,1017.9
2017-02-16 23:00:00,-5.5,28,18.4,0.0,1018.5
2017-02-17 00:00:00,-6.2,30,18.9,0.0,1019.0
2017-02-17 01:00:00,-6.8,31,17.8,0.0,1019.4
2017-02-17 02:00:00,-7.2,32,17.7,0.0,1019.7
2017-02-17 03:00:00,-7.5,32,17.7,0.0,1019.7
2017-02-17 04:00:00,-7.7,32,17.2,0.0,1020.0
2017-02-17 05:00:00,-8.0,33,17.6,0.0,1020.8
2017-02-17 06:00:00,-8.4,34,18.2,0.0,1021.2
2017-02-17 07:00:00,-8.8,34,17.1,3.0,1021.7
2017-02-17 08:00:00,-8.6,29,20.9,103.0,1023.3
2017-02-17 09:00:00,-7.6,25,20.2,280.0,1023.3
2017-02-17 10:00:00,-6.4,22,18.1,444.0,1023.0
2017-02-17 11:00:00,-5.2,20,17.0,564.0,1023.0
2017-02-17 12:00:00,-4.4,24,16.6,627.0,1022.5
2017-02-17 13:00:00,-3.7,26,15.2,627.0,1021.6
2017-02-17 14:00:00,-3.2,27,14.0,564.0,1020.7
2017-02-17 15:00:00,-2.7,27,13.5,444.0,1020.0
2017-02-17 16:00:00,-2.6,27,12.2,281.0,1019.7
2017-02-17 17:00:00,-4.0,52,5.9,105.0,1019.3
2017-02-17 18:00:00,-4.1,30,3.6,4.0,1019.2
2017-02-17 19:00:00,-6.1,36,8.5,0.0,1019.3
2017-02-17 20:00:00,-7.7,31,9.7,0.0,1019.7
2017-02-17 21:00:00,-7.2,30,11.7,0.0,1019.8
2017-02-17 22:00:00,-7.4,31,14.2,0.0,1019.9
2017-02-17 23:00:00,-7.9,35,12.3,0.0,1019.9
2017-02-18 00:00:00,-8.5,47,10.7,0.0,1019.9
2017-02-18 01:00:00,-9.4,57,8.4,0.0,1019.8
2017-02-18 02:00:00,-10.0,63,6.7,0.0,1019.0
2017-02-18 03:00:00,-9.8,62,5.7,0.0,1018.6
2017-02-18 04:00:00,-10.1,64,5.5,0.0,1018.4
2017-02-18 05:00:00,-10.5,66,5.6,0.0,1018.1
2017-02-18 06:00:00,-9.8,62,4.9,0.0,1018.1
2017-02-18 07:00:00,-9.4,60,9.9,4.0,1018.7
2017-02-18 08:00:00,-8.4,43,13.4,89.0,1020.1
2017-02-18 09:00:00,-7.2,28,13.5,276.0,1020.1
2017-02-18 10:00:00,-5.8,23,11.6,447.0,1020.0
2017-02-18 11:00:00,-4.5,21,10.0,563.0,1020.2
2017-02-18 12:00:00,-3.6,25,9.1,626.0,1019.9
2017-02-18 13:00:00,-3.0,27,8.3,627.0,1018.9
2017-02-18 14:00:00,-2.6,27,6.6,566.0,1017.7
2017-02-18 15:00:00,-2.4,26,5.5,448.0,1017.3
2017-02-18 16:00:00,-2.6,25,3.5,286.0,1017.2
2017-02-18 17:00:00,-4.0,54,4.6,109.0,1016.8
2017-02-18 18:00:00,-5.7,49,6.9,4.0,1016.8
2017-02-18 19:00:00,-6.4,31,9.7,0.0,1015.7
2017-02-18 20:00:00,-7.6,24,10.9,0.0,1015.1
2017-02-18 21:00:00,-6.9,24,12.9,0.0,1013.7
2017-02-18 22:00:00,-6.4,27,10.5,0.0,1012.8
2017-02-18 23:00:00,-5.7,30,10.7,0.0,1011.8
2017-02-19 00:00:00,-4.8,30,12.8,0.0,1011.0
2017-02-19 01:00:00,-3.7,32,15.6,0.0,1009.4
2017-02-19 02:00:00,-3.1,35,18.1,0.0,1007.5
2017-02-19 03:00:00,-2.4,39,20.9,0.0,1006.3
2017-02-19 04:00:00,-1.9,54,23.5,0.0,1004.3
2017-02-19 05:00:00,-1.3,65,23.0,0.0,1002.5
2017-02-19 06:00:00,-0.4,71,25.1,0.0,1001.1
2017-02-19 07:00:00,0.0,73,25.6,2.0,1000.2
2017-02-19 08:00:00,1.4,73,27.3,27.0,999.5
2017-02-19 09:00:00,2.6,74,23.7,92.0,999.4
2017-02-19 10:00:00,2.1,86,20.5,75.0,998.9
2017-02-19 11:00:00,3.4,83,20.0,136.0,998.6
2017-02-19 12:00:00,4.3,82,17.9,161.0,998.2
2017-02-19 13:00:00,4.9,76,22.8,140.0,997.9
2017-02-19 14:00:00,4.2,44,25.7,112.0,998.3
2017-02-19 15:00:00,2.8,31,30.7,311.0,999.3
2017-02-19 16:00:00,0.6,32,28.2,281.0,1001.3
2017-02-19 17:00:00,-1.7,34,22.4,112.0,1003.3
2017-02-19 18:00:00,-4.0,35,21.6,5.0,1005.0
2017-02-19 19:00:00,-5.3,37,22.7,0.0,1006.5
2017-02-19 20:00:00,-7.2,39,17.6,0.0,1008.7
2017-02-19 21:00:00,-7.8,40,19.6,0.0,1010.0
2017-02-19 22:00:00,-8.8,43,21.3,0.0,1010.9
2017-02-19 23:00:00,-9.5,47,21.0,0.0,1011.4
2017-02-20 00:00:00,-10.0,49,20.0,0.0,1012.1
2017-02-20 01:00:00,-10.4,51,20.1,0.0,1012.8
2017-02-20 02:00:00,-10.8,52,20.1,0.0,1013.6
2017-02-20 03:00:00,-11.2,53,19.7,0.0,1013.9
2017-02-20 04:00:00,-11.4,53,19.2,0.0,1014.9
2017-02-20 05:00:00,-11.6,53,18.6,0.0,1015.8
2017-02-20 06:00:00,-11.7,53,19.3,0.0,1016.8
2017-02-20 07:00:00,-11.6,51,17.3,5.0,1017.9
2017-02-20 08:00:00,-11.0,46,21.8,113.0,1020.1
2017-02-20 09:00:00,-9.5,40,24.4,291.0,1020.7
2017-02-20 10:00:00,-8.0,33,26.7,454.0,1021.4
2017-02-20 11:00:00,-6.5,25,25.5,576.0,1022.0
2017-02-20 12:00:00,-5.3,20,25.1,641.0,1022.4
2017-02-20 13:00:00,-4.4,21,24.3,644.0,1022.2
2017-02-20 14:00:00,-4.0,25,23.6,583.0,1022.1
2017-02-20 15:00:00,-3.6,26,21.4,462.0,1022.3
2017-02-20 16:00:00,-3.9,27,18.8,298.0,1022.6
2017-02-20 17:00:00,-4.8,28,13.4,118.0,1023.4
2017-02-20 18:00:00,-6.4,26,10.9,6.0,1024.3
2017-02-20 19:00:00,-7.6,27,9.0,0.0,1025.1
2017-02-20 20:00:00,-8.0,28,4.9,0.0,1026.2
2017-02-20 21:00:00,-9.2,31,5.6,0.0,1026.0
2017-02-20 22:00:00,-10.3,35,6.6,0.0,1025.9
2017-02-20 23:00:00,-10.2,36,5.5,0.0,1026.3
2017-02-21 00:00:00,-10.6,39,5.6,0.0,1027.1
2017-02-21 01:00:00,-11.0,42,6.5,0.0,1027.4
2017-02-21 02:00:00,-11.2,44,6.8,0.0,1027.2
2017-02-21 03:00:00,-11.3,45,6.3,0.0,1026.7
2017-02-21 04:00:00,-10.9,42,5.9,0.0,1026.1
2017-02-21 05:00:00,-11.3,41,6.2,0.0,1026.3
2017-02-21 06:00:00,-11.4,40,6.4,0.0,1025.9
2017-02-21 07:00:00,-11.5,37,7.7,6.0,1026.1
2017-02-21 08:00:00,-9.4,30,7.9,103.0,1027.1
2017-02-21 09:00:00,-6.3,25,9.2,272.0,1027.2
2017-02-21 10:00:00,-3.3,20,11.5,418.0,1026.5
2017-02-21 11:00:00,-1.5,18,12.0,492.0,1025.7
2017-02-21 12:00:00,-0.4,19,10.2,460.0,1024.7
2017-02-21 13:00:00,0.4,22,10.6,431.0,1023.2
2017-02-21 14:00:00,1.1,22,13.3,388.0,1022.3
2017-02-21 15:00:00,1.3,23,12.3,309.0,1020.9
2017-02-21 16:00:00,1.0,26,11.9,191.0,1020.2
2017-02-21 17:00:00,-0.3,33,11.7,59.0,1019.9
2017-02-21 18:00:00,-1.3,32,11.6,4.0,1019.3
2017-02-21 19:00:00,-1.4,27,11.9,0.0,1018.8
2017-02-21 20:00:00,-2.1,23,11.7,0.0,1017.8
2017-02-21 21:00:00,-2.2,28,13.2,0.0,1017.6
2017-02-21 22:00:00,-2.9,39,14.4,0.0,1016.9
2017-02-21 23:00:00,-3.5,53,14.7,0.0,1016.4
2017-02-22 00:00:00,-3.9,65,14.7,0.0,1015.8
2017-02-22 01:00:00,-4.1,73,15.0,0.0,1015.3
2017-02-22 02:00:00,-4.2,78,15.5,0.0,1014.7
2017-02-22 03:00:00,-4.3,83,17.8,0.0,1013.6
2017-02-22 04:00:00,-4.3,87,19.4,0.0,1012.8
2017-02-22 05:00:00,-4.0,87,20.8,0.0,1012.1
2017-02-22 06:00:00,-4.0,88,21.3,0.0,1011.3
2017-02-22 07:00:00,-3.9,87,21.2,3.0,1010.8
2017-02-22 08:00:00,-3.1,83,22.4,78.0,1011.2
2017-02-22 09:00:00,-2.5,76,25.0,71.0,1010.4
2017-02-22 10:00:00,-1.5,71,24.4,162.0,1010.5
2017-02-22 11:00:00,-0.6,68,23.4,171.0,1010.2
2017-02-22 12:00:00,0.9,60,21.3,246.0,1009.5
2017-02-22 13:00:00,0.9,61,19.1,213.0,1009.2
2017-02-22 14:00:00,2.2,51,13.7,246.0,1008.8
2017-02-22 15:00:00,3.7,39,15.0,262.0,1008.1
2017-02-22 16:00:00,3.1,42,19.3,153.0,1008.1
2017-02-22 17:00:00,1.4,45,17.3,101.0,1008.5
2017-02-22 18:00:00,-0.9,52,13.0,6.0,1009.9
2017-02-22 19:00:00,-2.8,58,10.6,0.0,1010.6
2017-02-22 20:00:00,-5.5,71,8.7,0.0,1011.7
2017-02-22 21:00:00,-4.3,44,13.5,0.0,1012.6
2017-02-22 22:00:00,-3.6,30,21.9,0.0,1013.2
2017-02-22 23:00:00,-4.2,32,20.7,0.0,1013.5
2017-02-23 00:00:00,-4.8,34,19.6,0.0,1014.2
2017-02-23 01:00:00,-5.4,36,18.8,0.0,1014.6
2017-02-23 02:00:00,-5.9,39,18.0,0.0,1014.9
2017-02-23 03:00:00,-6.4,41,17.6,0.0,1014.8
2017-02-23 04:00:00,-6.7,43,18.0,0.0,1015.0
2017-02-23 05:00:00,-7.1,44,17.2,0.0,1015.3
2017-02-23 06:00:00,-7.6,45,16.9,0.0,1015.3
2017-02-23 07:00:00,-7.5,44,16.3,8.0,1016.2
2017-02-23 08:00:00,-6.3,40,18.2,128.0,1017.7
2017-02-23 09:00:00,-5.3,37,20.3,312.0,1018.1
2017-02-23 10:00:00,-4.3,34,19.7,479.0,1018.5
2017-02-23 11:00:00,-3.4,33,18.7,602.0,1018.5
2017-02-23 12:00:00,-3.0,36,18.4,667.0,1017.9
2017-02-23 13:00:00,-2.4,36,18.1,667.0,1017.4
2017-02-23 14:00:00,-2.2,36,16.4,603.0,1016.7
2017-02-23 15:00:00,-2.1,35,15.1,480.0,1016.6
2017-02-23 16:00:00,-2.4,35,12.7,314.0,1016.6
2017-02-23 17:00:00,-3.4,43,9.2,130.0,1017.0
2017-02-23 18:00:00,-5.6,59,5.8,8.0,1017.4
2017-02-23 19:00:00,-5.9,42,9.6,0.0,1017.2
2017-02-23 20:00:00,-8.2,50,11.4,0.0,1016.8
2017-02-23 21:00:00,-6.0,38,11.2,0.0,1016.5
2017-02-23 22:00:00,-6.3,37,11.7,0.0,1016.6
2017-02-23 23:00:00,-6.5,38,13.0,0.0,1016.6
2017-02-24 00:00:00,-6.7,38,14.1,0.0,1016.5
2017-02-24 01:00:00,-6.8,42,14.1,0.0,1016.0
2017-02-24 02:00:00,-7.2,51,14.3,0.0,1015.6
2017-02-24 03:00:00,-7.4,62,13.8,0.0,1015.3
2017-02-24 04:00:00,-7.7,70,12.5,0.0,1014.7
2017-02-24 05:00:00,-8.0,74,11.5,0.0,1014.4
2017-02-24 06:00:00,-8.4,75,10.6,0.0,1014.2
2017-02-24 07:00:00,-7.8,72,10.3,9.0,1014.2
2017-02-24 08:00:00,-6.3,65,9.9,131.0,1015.0
2017-02-24 09:00:00,-3.1,41,11.1,311.0,1014.8
2017-02-24 10:00:00,-0.8,28,12.2,474.0,1014.5
2017-02-24 11:00:00,0.8,30,11.2,595.0,1014.6
2017-02-24 12:00:00,2.0,35,11.8,658.0,1013.8
2017-02-24 13:00:00,3.0,36,13.4,658.0,1013.3
2017-02-24 14:00:00,3.8,35,14.2,595.0,1012.8
2017-02-24 15:00:00,4.3,33,15.0,474.0,1012.4
2017-02-24 16:00:00,4.1,36,13.8,311.0,1012.2
2017-02-24 17:00:00,1.4,53,9.7,130.0,1012.4
2017-02-24 18:00:00,-1.0,52,11.5,9.0,1012.7
2017-02-24 19:00:00,-2.0,52,10.9,0.0,1012.7
2017-02-24 20:00:00,-4.6,58,12.3,0.0,1012.9
2017-02-24 21:00:00,-3.2,53,15.1,0.0,1012.9
2017-02-24 22:00:00,-3.4,53,16.7,0.0,1013.1
2017-02-24 23:00:00,-3.8,56,16.0,0.0,1013.1
2017-02-25 00:00:00,-4.0,59,15.4,0.0,1013.1
2017-02-25 01:00:00,-4.3,63,14.0,0.0,1012.9
2017-02-25 02:00:00,-4.7,68,13.2,0.0,1012.5
2017-02-25 03:00:00,-5.3,73,11.5,0.0,1012.1
2017-02-25 04:00:00,-6.5,79,8.9,0.0,1011.9
2017-02-25 05:00:00,-6.9,81,8.6,0.0,1011.7
2017-02-25 06:00:00,-7.3,82,7.9,0.0,1011.9
2017-02-25 07:00:00,-7.0,83,6.1,10.0,1012.2
2017-02-25 08:00:00,-3.8,65,3.6,131.0,1013.2
2017-02-25 09:00:00,-1.3,44,6.3,311.0,1013.4
2017-02-25 10:00:00,0.5,40,9.4,471.0,1013.5
2017-02-25 11:00:00,1.7,43,9.0,592.0,1013.5
2017-02-25 12:00:00,2.7,44,9.3,657.0,1013.1
2017-02-25 13:00:00,3.5,42,12.2,657.0,1012.5
2017-02-25 14:00:00,3.9,40,12.3,594.0,1012.4
2017-02-25 15:00:00,4.1,37,10.4,478.0,1012.2
2017-02-25 16:00:00,3.8,36,8.9,313.0,1012.3
2017-02-25 17:00:00,1.5,59,7.4,133.0,1012.9
2017-02-25 18:00:00,1.5,39,3.1,10.0,1013.3
2017-02-25 19:00:00,-2.3,62,8.6,0.0,1013.2
2017-02-25 20:00:00,-4.0,64,11.3,0.0,1013.6
2017-02-25 21:00:00,-2.8,60,11.2,0.0,1013.9
2017-02-25 22:00:00,-3.2,60,11.3,0.0,1014.2
2017-02-25 23:00:00,-3.6,62,11.3,0.0,1014.8
2017-02-26 00:00:00,-3.6,60,12.0,0.0,1015.4
2017-02-26 01:00:00,-3.5,55,12.5,0.0,1015.7
2017-02-26 02:00:00,-3.0,54,10.3,0.0,1015.9
2017-02-26 03:00:00,-3.4,57,10.9,0.0,1015.9
2017-02-26 04:00:00,-4.9,66,9.8,0.0,1015.9
2017-02-26 05:00:00,-6.2,73,7.5,0.0,1016.1
2017-02-26 06:00:00,-6.5,75,6.1,0.0,1016.6
2017-02-26 07:00:00,-6.4,76,5.8,12.0,1017.0
2017-02-26 08:00:00,-3.3,56,2.6,137.0,1018.3
2017-02-26 09:00:00,-1.0,43,1.4,317.0,1018.3
2017-02-26 10:00:00,0.9,46,1.1,480.0,1018.2
2017-02-26 11:00:00,2.5,46,2.6,599.0,1018.6
2017-02-26 12:00:00,3.9,42,4.3,661.0,1018.4
2017-02-26 13:00:00,5.0,39,5.5,660.0,1017.6
2017-02-26 14:00:00,5.7,37,5.6,596.0,1017.0
2017-02-26 15:00:00,5.9,36,6.0,476.0,1017.0
2017-02-26 16:00:00,5.7,37,5.6,313.0,1017.0
2017-02-26 17:00:00,4.8,41,1.5,134.0,1017.3
2017-02-26 18:00:00,0.8,62,7.4,11.0,1017.4
2017-02-26 19:00:00,-0.9,65,10.7,0.0,1017.7
2017-02-26 20:00:00,-2.2,70,10.6,0.0,1018.2
2017-02-26 21:00:00,-1.3,67,11.2,0.0,1018.2
2017-02-26 22:00:00,-1.9,68,11.1,0.0,1018.2
2017-02-26 23:00:00,-2.6,70,10.9,0.0,1018.6
2017-02-27 00:00:00,-3.3,72,10.5,0.0,1018.4
2017-02-27 01:00:00,-3.8,75,9.4,0.0,1018.6
2017-02-27 02:00:00,-4.3,77,9.4,0.0,1018.2
2017-02-27 03:00:00,-4.3,76,10.1,0.0,1017.7
2017-02-27 04:00:00,-4.2,73,10.7,0.0,1017.4
2017-02-27 05:00:00,-4.0,70,11.7,0.0,1016.9
2017-02-27 06:00:00,-3.8,66,12.2,0.0,1016.8
2017-02-27 07:00:00,-2.8,62,12.4,13.0,1016.9
2017-02-27 08:00:00,1.0,53,13.3,141.0,1016.9
2017-02-27 09:00:00,3.9,44,16.8,319.0,1016.5
2017-02-27 10:00:00,6.3,39,19.7,480.0,1016.0
2017-02-27 11:00:00,8.4,35,23.5,596.0,1015.2
2017-02-27 12:00:00,10.0,33,27.7,657.0,1014.0
2017-02-27 13:00:00,10.9,33,29.4,656.0,1012.7
2017-02-27 14:00:00,10.9,35,30.1,592.0,1012.1
2017-02-27 15:00:00,10.3,36,29.7,473.0,1012.0
2017-02-27 16:00:00,9.5,40,27.4,313.0,1012.1
2017-02-27 17:00:00,7.4,46,24.3,136.0,1012.0
2017-02-27 18:00:00,4.2,60,18.7,12.0,1012.1
2017-02-27 19:00:00,3.2,67,24.8,0.0,1012.5
2017-02-27 20:00:00,3.2,72,25.2,0.0,1012.2
2017-02-27 21:00:00,3.1,72,25.9,0.0,1011.8
2017-02-27 22:00:00,2.3,74,23.5,0.0,1011.7
2017-02-27 23:00:00,1.8,74,21.4,0.0,1012.0
2017-02-28 00:00:00,1.7,74,20.3,0.0,1012.1
2017-02-28 01:00:00,1.3,77,17.3,0.0,1012.8
2017-02-28 02:00:00,0.6,80,17.2,0.0,1012.7
2017-02-28 03:00:00,0.1,83,14.1,0.0,1012.3
2017-02-28 04:00:00,-0.6,85,12.5,0.0,1012.3
2017-02-28 05:00:00,-1.1,87,10.2,0.0,1012.2
2017-02-28 06:00:00,-1.6,89,9.8,0.0,1012.3
2017-02-28 07:00:00,-1.2,89,9.7,14.0,1012.5
2017-02-28 08:00:00,2.0,86,10.8,134.0,1012.9
2017-02-28 09:00:00,4.4,79,14.5,309.0,1012.6
2017-02-28 10:00:00,6.2,70,15.4,466.0,1012.2
2017-02-28 11:00:00,7.6,63,14.4,579.0,1011.7
2017-02-28 12:00:00,8.8,57,12.2,622.0,1011.0
2017-02-28 13:00:00,9.7,51,10.2,625.0,1010.4
2017-02-28 14:00:00,10.2,44,8.7,567.0,1009.7
2017-02-28 15:00:00,10.4,40,9.6,432.0,1009.3
2017-02-28 16:00:00,10.0,40,10.5,292.0,1009.4
2017-02-28 17:00:00,7.1,64,6.2,136.0,1009.2
2017-02-28 18:00:00,4.1,65,8.8,12.0,1009.2
2017-02-28 19:00:00,1.8,73,8.9,0.0,1009.5
2017-02-28 20:00:00,0.1,80,7.9,0.0,1011.2
2017-02-28 21:00:00,1.3,62,18.6,0.0,1012.5
2017-02-28 22:00:00,0.1,70,15.4,0.0,1013.0
2017-02-28 23:00:00,-1.0,73,13.6,0.0,1013.5
2017-03-01 00:00:00,-1.5,66,15.3,0.0,1014.5
2017-03-01 01:00:00,-2.1,54,15.8,0.0,1014.7
2017-03-01 02:00:00,-3.1,47,13.9,0.0,1014.7
2017-03-01 03:00:00,-4.0,46,12.9,0.0,1014.5
2017-03-01 04:00:00,-4.9,48,11.4,0.0,1014.7
2017-03-01 05:00:00,-5.3,46,12.7,0.0,1015.3
2017-03-01 06:00:00,-5.5,44,14.9,0.0,1015.0
2017-03-01 07:00:00,-5.1,41,16.2,16.0,1015.7
2017-03-01 08:00:00,-4.0,38,20.2,140.0,1016.5
2017-03-01 09:00:00,-2.7,34,20.2,270.0,1017.0
2017-03-01 10:00:00,-1.7,31,22.1,439.0,1017.1
2017-03-01 11:00:00,-1.0,29,21.2,515.0,1017.2
2017-03-01 12:00:00,-0.4,29,19.8,558.0,1016.3
2017-03-01 13:00:00,0.3,28,20.4,602.0,1015.4
2017-03-01 14:00:00,0.3,25,22.4,559.0,1014.7
2017-03-01 15:00:00,0.0,24,23.5,485.0,1014.5
2017-03-01 16:00:00,-0.6,24,23.1,336.0,1014.7
2017-03-01 17:00:00,-1.9,29,20.8,152.0,1015.1
2017-03-01 18:00:00,-3.7,33,16.3,15.0,1015.6
2017-03-01 19:00:00,-4.5,35,13.8,0.0,1015.8
2017-03-01 20:00:00,-5.6,38,11.5,0.0,1016.7
2017-03-01 21:00:00,-5.7,39,10.8,0.0,1016.2
2017-03-01 22:00:00,-6.2,40,9.5,0.0,1015.6
2017-03-01 23:00:00,-6.6,41,8.4,0.0,1015.4
2017-03-02 00:00:00,-7.1,42,7.2,0.0,1015.3
2017-03-02 01:00:00,-7.5,35,6.5,0.0,1014.8
2017-03-02 02:00:00,-8.2,37,6.0,0.0,1014.5
2017-03-02 03:00:00,-8.7,39,6.1,0.0,1013.8
2017-03-02 04:00:00,-9.0,40,5.4,0.0,1013.5
2017-03-02 05:00:00,-8.7,37,4.4,0.0,1013.3
2017-03-02 06:00:00,-8.7,37,4.5,0.0,1013.0
2017-03-02 07:00:00,-7.9,36,4.9,18.0,1012.9
2017-03-02 08:00:00,-5.3,28,9.4,159.0,1013.1
2017-03-02 09:00:00,-2.7,20,12.1,342.0,1012.5
2017-03-02 10:00:00,-0.5,21,13.6,506.0,1011.9
2017-03-02 11:00:00,1.4,23,15.3,625.0,1011.3
2017-03-02 12:00:00,2.8,23,16.9,685.0,1010.2
2017-03-02 13:00:00,4.0,22,17.7,683.0,1008.4
2017-03-02 14:00:00,5.0,23,18.4,618.0,1007.5
2017-03-02 15:00:00,5.7,25,19.0,496.0,1007.1
2017-03-02 16:00:00,5.6,31,19.4,331.0,1006.7
2017-03-02 17:00:00,3.7,41,15.5,148.0,1006.4
2017-03-02 18:00:00,1.0,45,16.9,16.0,1006.8
2017-03-02 19:00:00,-0.2,49,16.9,0.0,1007.2
2017-03-02 20:00:00,0.2,50,15.4,0.0,1006.5
2017-03-02 21:00:00,-1.0,58,11.4,0.0,1006.8
2017-03-02 22:00:00,-1.5,57,11.9,0.0,1006.5
2017-03-02 23:00:00,-1.9,58,11.5,0.0,1006.7
2017-03-03 00:00:00,-2.7,63,9.5,0.0,1006.9
2017-03-03 01:00:00,-3.2,66,8.5,0.0,1007.4
2017-03-03 02:00:00,-3.2,65,9.8,0.0,1007.2
2017-03-03 03:00:00,-4.0,70,7.8,0.0,1007.3
2017-03-03 04:00:00,-3.7,68,5.4,0.0,1008.0
2017-03-03 05:00:00,-4.9,76,7.4,0.0,1008.7
2017-03-03 06:00:00,-4.7,74,10.8,0.0,1009.0
2017-03-03 07:00:00,-3.6,65,11.7,20.0,1009.3
2017-03-03 08:00:00,-1.3,51,12.2,160.0,1010.3
2017-03-03 09:00:00,0.6,43,10.4,341.0,1010.3
2017-03-03 10:00:00,2.2,40,9.0,501.0,1010.1
2017-03-03 11:00:00,3.7,38,10.9,620.0,1010.2
2017-03-03 12:00:00,5.0,33,11.4,682.0,1009.7
2017-03-03 13:00:00,5.7,29,12.3,681.0,1009.2
2017-03-03 14:00:00,6.1,28,13.7,618.0,1008.8
2017-03-03 15:00:00,6.1,27,14.1,497.0,1009.1
2017-03-03 16:00:00,5.6,28,12.6,334.0,1009.1
2017-03-03 17:00:00,3.6,42,10.8,153.0,1009.4
2017-03-03 18:00:00,0.3,49,11.9,17.0,1009.9
2017-03-03 19:00:00,-1.0,48,12.6,0.0,1010.8
2017-03-03 20:00:00,-2.1,56,10.6,0.0,1010.8
2017-03-03 21:00:00,-2.2,57,10.2,0.0,1011.0
2017-03-03 22:00:00,-2.8,58,10.2,0.0,1011.4
2017-03-03 23:00:00,-3.3,58,9.9,0.0,1012.1
2017-03-04 00:00:00,-3.6,57,9.8,0.0,1012.4
2017-03-04 01:00:00,-3.9,58,10.2,0.0,1012.6
2017-03-04 02:00:00,-4.1,58,9.9,0.0,1012.4
2017-03-04 03:00:00,-4.2,54,10.5,0.0,1012.4
2017-03-04 04:00:00,-4.2,53,11.3,0.0,1012.3
2017-03-04 05:00:00,-4.5,56,10.8,0.0,1012.5
2017-03-04 06:00:00,-4.8,58,10.5,0.0,1012.4
2017-03-04 07:00:00,-3.8,53,9.9,22.0,1012.5
2017-03-04 08:00:00,-1.2,48,9.5,165.0,1012.1
2017-03-04 09:00:00,2.1,41,8.8,348.0,1011.8
2017-03-04 10:00:00,5.2,38,7.5,509.0,1011.1
2017-03-04 11:00:00,7.5,32,5.7,625.0,1010.9
2017-03-04 12:00:00,8.5,30,3.5,685.0,1010.2
2017-03-04 13:00:00,9.1,31,4.2,682.0,1008.9
2017-03-04 14:00:00,9.5,30,5.4,606.0,1008.3
2017-03-04 15:00:00,9.7,30,6.0,479.0,1008.3
2017-03-04 16:00:00,9.2,34,8.1,229.0,1007.9
2017-03-04 17:00:00,6.4,48,13.5,99.0,1008.2
2017-03-04 18:00:00,4.5,46,16.0,12.0,1008.8
2017-03-04 19:00:00,2.6,41,22.6,0.0,1010.0
2017-03-04 20:00:00,-0.5,50,26.3,0.0,1010.7
2017-03-04 21:00:00,-1.4,52,27.7,0.0,1011.9
2017-03-04 22:00:00,-2.1,58,24.6,0.0,1013.4
2017-03-04 23:00:00,-2.8,60,22.7,0.0,1014.3
2017-03-05 00:00:00,-3.8,62,21.6,0.0,1015.2
2017-03-05 01:00:00,-4.5,64,21.3,0.0,1015.8
2017-03-05 02:00:00,-5.2,65,20.9,0.0,1016.2
2017-03-05 03:00:00,-5.8,62,19.1,0.0,1016.5
2017-03-05 04:00:00,-6.2,60,17.3,0.0,1016.9
2017-03-05 05:00:00,-6.6,58,17.0,0.0,1016.9
2017-03-05 06:00:00,-6.9,57,16.4,0.0,1016.5
2017-03-05 07:00:00,-6.6,54,15.3,25.0,1016.6
2017-03-05 08:00:00,-6.0,51,17.3,176.0,1016.7
2017-03-05 09:00:00,-4.6,43,16.5,362.0,1016.6
2017-03-05 10:00:00,-3.2,38,16.6,529.0,1016.2
2017-03-05 11:00:00,-1.9,34,16.6,649.0,1015.6
2017-03-05 12:00:00,-0.9,30,17.0,712.0,1014.9
2017-03-05 13:00:00,-0.2,27,16.8,710.0,1014.0
2017-03-05 14:00:00,0.3,25,16.0,644.0,1012.9
2017-03-05 15:00:00,0.4,24,16.2,521.0,1012.9
2017-03-05 16:00:00,0.1,24,16.5,354.0,1013.1
2017-03-05 17:00:00,-1.0,32,13.2,166.0,1013.4
2017-03-05 18:00:00,-3.5,46,10.0,20.0,1013.8
2017-03-05 19:00:00,-4.1,41,13.3,0.0,1014.2
2017-03-05 20:00:00,-5.0,46,11.9,0.0,1013.7
2017-03-05 21:00:00,-5.2,49,8.8,0.0,1013.7
2017-03-05 22:00:00,-5.8,49,9.4,0.0,1013.7
2017-03-05 23:00:00,-6.2,52,7.4,0.0,1013.4
2017-03-06 00:00:00,-6.5,53,6.6,0.0,1013.5
2017-03-06 01:00:00,-7.0,51,6.2,0.0,1013.5
2017-03-06 02:00:00,-7.4,50,6.1,0.0,1013.0
2017-03-06 03:00:00,-7.9,49,7.0,0.0,1012.8
2017-03-06 04:00:00,-8.3,46,7.3,0.0,1012.6
2017-03-06 05:00:00,-8.1,39,9.5,0.0,1012.5
2017-03-06 06:00:00,-8.5,41,8.7,0.0,1012.6
2017-03-06 07:00:00,-6.7,36,7.9,28.0,1012.8
2017-03-06 08:00:00,-5.5,35,14.5,183.0,1013.1
2017-03-06 09:00:00,-4.4,31,15.9,371.0,1013.0
2017-03-06 10:00:00,-3.4,32,17.0,536.0,1012.9
2017-03-06 11:00:00,-2.5,33,17.1,656.0,1012.7
2017-03-06 12:00:00,-1.7,32,17.9,718.0,1012.4
2017-03-06 13:00:00,-0.7,29,22.9,716.0,1011.6
2017-03-06 14:00:00,-0.8,28,23.2,499.0,1011.1
2017-03-06 15:00:00,-1.1,27,22.7,361.0,1011.2
2017-03-06 16:00:00,-1.5,28,22.3,264.0,1011.2
2017-03-06 17:00:00,-2.3,28,20.5,124.0,1011.3
2017-03-06 18:00:00,-3.3,31,17.4,15.0,1011.7
2017-03-06 19:00:00,-4.3,33,15.1,0.0,1012.3
2017-03-06 20:00:00,-5.3,37,13.9,0.0,1012.6
2017-03-06 21:00:00,-5.7,40,11.7,0.0,1012.8
2017-03-06 22:00:00,-6.2,39,11.1,0.0,1012.9
2017-03-06 23:00:00,-6.6,36,10.8,0.0,1013.2
2017-03-07 00:00:00,-7.0,32,10.5,0.0,1013.3
2017-03-07 01:00:00,-7.1,31,15.5,0.0,1013.4
2017-03-07 02:00:00,-7.6,32,12.3,0.0,1013.2
2017-03-07 03:00:00,-8.0,34,12.7,0.0,1012.8
2017-03-07 04:00:00,-8.4,36,12.1,0.0,1012.8
2017-03-07 05:00:00,-8.4,38,10.9,0.0,1012.4
2017-03-07 06:00:00,-8.4,41,10.2,0.0,1012.3
2017-03-07 07:00:00,-7.1,39,9.8,28.0,1012.2
2017-03-07 08:00:00,-6.4,39,11.4,184.0,1012.9
2017-03-07 09:00:00,-4.7,35,12.0,369.0,1012.6
2017-03-07 10:00:00,-3.1,36,13.2,534.0,1012.4
2017-03-07 11:00:00,-1.7,37,14.7,654.0,1012.0
2017-03-07 12:00:00,-0.7,38,14.3,715.0,1011.4
2017-03-07 13:00:00,0.2,36,13.9,713.0,1010.2
2017-03-07 14:00:00,1.6,34,16.0,648.0,1009.4
2017-03-07 15:00:00,1.7,32,16.1,373.0,1008.7
2017-03-07 16:00:00,1.7,31,17.7,264.0,1008.1
2017-03-07 17:00:00,0.6,38,13.3,160.0,1008.2
2017-03-07 18:00:00,-2.3,53,9.0,22.0,1007.8
2017-03-07 19:00:00,-2.7,52,9.7,0.0,1007.7
2017-03-07 20:00:00,-3.8,55,9.2,0.0,1008.8
2017-03-07 21:00:00,-3.4,53,9.0,0.0,1008.6
2017-03-07 22:00:00,-3.9,52,10.2,0.0,1008.0
2017-03-07 23:00:00,-4.7,52,10.7,0.0,1008.3
2017-03-08 00:00:00,-5.1,51,10.2,0.0,1007.9
2017-03-08 01:00:00,-5.5,50,9.0,0.0,1007.9
2017-03-08 02:00:00,-6.0,49,8.1,0.0,1007.4
2017-03-08 03:00:00,-6.3,49,7.9,0.0,1007.0
2017-03-08 04:00:00,-6.7,51,7.8,0.0,1006.8
2017-03-08 05:00:00,-7.1,54,8.0,0.0,1006.7
2017-03-08 06:00:00,-7.3,57,8.0,0.0,1006.4
2017-03-08 07:00:00,-5.2,49,6.6,32.0,1006.6
2017-03-08 08:00:00,-3.6,44,8.0,187.0,1007.4
2017-03-08 09:00:00,-1.6,39,9.1,373.0,1007.4
2017-03-08 10:00:00,0.2,39,10.5,535.0,1006.6
2017-03-08 11:00:00,1.8,38,12.2,655.0,1006.2
2017-03-08 12:00:00,3.0,36,13.7,718.0,1005.3
2017-03-08 13:00:00,4.1,33,14.1,715.0,1004.4
2017-03-08 14:00:00,4.8,31,15.3,649.0,1003.5
2017-03-08 15:00:00,5.1,30,15.7,523.0,1003.0
2017-03-08 16:00:00,5.0,30,16.0,358.0,1002.8
2017-03-08 17:00:00,3.3,42,10.8,173.0,1002.7
2017-03-08 18:00:00,0.0,56,9.9,24.0,1002.8
2017-03-08 19:00:00,-1.2,56,11.1,0.0,1003.0
2017-03-08 20:00:00,-1.4,54,13.7,0.0,1003.4
2017-03-08 21:00:00,-1.5,58,17.4,0.0,1003.5
2017-03-08 22:00:00,-2.3,62,14.8,0.0,1003.3
2017-03-08 23:00:00,-2.9,62,11.8,0.0,1003.2
2017-03-09 00:00:00,-3.3,57,9.7,0.0,1003.1
2017-03-09 01:00:00,-3.2,52,10.4,0.0,1003.1
2017-03-09 02:00:00,-3.2,49,11.4,0.0,1003.0
2017-03-09 03:00:00,-3.5,48,12.1,0.0,1002.8
2017-03-09 04:00:00,-4.0,53,11.3,0.0,1002.9
2017-03-09 05:00:00,-4.6,57,10.7,0.0,1003.1
2017-03-09 06:00:00,-5.1,61,10.6,0.0,1003.2
2017-03-09 07:00:00,-3.3,54,9.4,35.0,1003.8
2017-03-09 08:00:00,-1.2,48,11.2,194.0,1004.6
2017-03-09 09:00:00,0.6,45,12.6,382.0,1004.8
2017-03-09 10:00:00,2.2,43,12.4,544.0,1004.8
2017-03-09 11:00:00,3.5,42,12.9,661.0,1004.8
2017-03-09 12:00:00,4.6,39,13.6,721.0,1004.5
2017-03-09 13:00:00,5.9,32,17.9,725.0,1003.6
2017-03-09 14:00:00,5.9,31,18.8,406.0,1003.2
2017-03-09 15:00:00,5.7,30,17.4,315.0,1003.4
2017-03-09 16:00:00,5.5,31,14.6,186.0,1003.5
2017-03-09 17:00:00,4.4,50,6.9,104.0,1003.7
2017-03-09 18:00:00,4.3,32,3.4,25.0,1003.9
2017-03-09 19:00:00,-0.6,58,9.8,0.0,1004.6
2017-03-09 20:00:00,-1.0,55,10.9,0.0,1005.1
2017-03-09 21:00:00,-1.3,59,9.5,0.0,1005.4
2017-03-09 22:00:00,-2.3,62,8.4,0.0,1005.4
2017-03-09 23:00:00,-2.7,62,8.4,0.0,1006.1
2017-03-10 00:00:00,-2.9,63,7.9,0.0,1006.3
2017-03-10 01:00:00,-2.3,54,11.2,0.0,1007.1
2017-03-10 02:00:00,-3.0,57,11.7,0.0,1007.1
2017-03-10 03:00:00,-3.4,63,11.7,0.0,1007.1
2017-03-10 04:00:00,-3.6,67,11.3,0.0,1007.6
2017-03-10 05:00:00,-4.3,73,8.9,0.0,1007.8
2017-03-10 06:00:00,-4.9,78,7.9,0.0,1008.1
2017-03-10 07:00:00,-2.6,68,6.2,37.0,1008.7
2017-03-10 08:00:00,-0.1,62,8.0,197.0,1009.7
2017-03-10 09:00:00,2.4,54,6.5,384.0,1009.9
2017-03-10 10:00:00,4.6,47,3.8,547.0,1010.1
2017-03-10 11:00:00,6.5,42,1.5,664.0,1010.1
2017-03-10 12:00:00,8.0,39,2.6,724.0,1009.5
2017-03-10 13:00:00,8.7,35,4.6,721.0,1009.1
2017-03-10 14:00:00,9.2,33,4.8,654.0,1008.5
2017-03-10 15:00:00,9.4,32,5.1,532.0,1008.5
2017-03-10 16:00:00,9.2,32,4.6,367.0,1008.7
2017-03-10 17:00:00,7.6,60,4.8,180.0,1008.9
2017-03-10 18:00:00,6.2,45,5.2,28.0,1009.4
2017-03-10 19:00:00,3.4,56,6.2,0.0,1009.7
2017-03-10 20:00:00,0.9,69,10.5,0.0,1010.0
2017-03-10 21:00:00,0.5,72,10.2,0.0,1010.1
2017-03-10 22:00:00,-0.2,72,10.5,0.0,1010.2
2017-03-10 23:00:00,-0.9,73,10.6,0.0,1010.5
2017-03-11 00:00:00,-1.6,76,9.9,0.0,1010.6
2017-03-11 01:00:00,-2.0,77,9.7,0.0,1010.8
2017-03-11 02:00:00,-1.8,75,10.7,0.0,1010.4
2017-03-11 03:00:00,-1.9,75,10.1,0.0,1010.1
2017-03-11 04:00:00,-1.8,73,10.8,0.0,1010.4
2017-03-11 05:00:00,-1.3,70,10.4,0.0,1010.5
2017-03-11 06:00:00,-0.6,69,12.1,0.0,1010.5
2017-03-11 07:00:00,1.2,67,12.6,32.0,1010.5
2017-03-11 08:00:00,4.3,59,12.7,163.0,1011.0
2017-03-11 09:00:00,7.6,45,17.5,343.0,1011.0
2017-03-11 10:00:00,10.0,37,22.6,447.0,1010.4
2017-03-11 11:00:00,12.0,34,25.3,569.0,1009.9
2017-03-11 12:00:00,13.1,34,26.3,668.0,1009.7
2017-03-11 13:00:00,13.3,36,25.0,633.0,1009.3
2017-03-11 14:00:00,13.4,37,23.2,561.0,1008.7
2017-03-11 15:00:00,13.8,37,21.6,504.0,1008.7
2017-03-11 16:00:00,13.1,41,18.1,356.0,1008.8
2017-03-11 17:00:00,10.8,50,14.5,169.0,1008.9
2017-03-11 18:00:00,7.4,57,14.3,29.0,1009.3
2017-03-11 19:00:00,5.3,62,13.0,0.0,1010.4
2017-03-11 20:00:00,5.7,60,13.2,0.0,1011.0
2017-03-11 21:00:00,6.0,58,13.3,0.0,1011.2
2017-03-11 22:00:00,4.7,64,12.7,0.0,1011.6
2017-03-11 23:00:00,5.3,56,23.7,0.0,1012.4
2017-03-12 00:00:00,4.2,54,17.7,0.0,1013.5
2017-03-12 01:00:00,3.0,55,16.2,0.0,1014.1
2017-03-12 02:00:00,0.9,61,13.7,0.0,1014.7
2017-03-12 03:00:00,-0.7,65,12.2,0.0,1014.8
2017-03-12 04:00:00,-1.5,65,12.0,0.0,1015.4
2017-03-12 05:00:00,-2.3,66,10.9,0.0,1015.7
2017-03-12 06:00:00,-2.9,66,10.0,0.0,1016.1
2017-03-12 07:00:00,-1.5,58,9.2,43.0,1016.3
2017-03-12 08:00:00,0.1,45,14.8,199.0,1017.0
2017-03-12 09:00:00,1.1,40,16.8,332.0,1017.4
2017-03-12 10:00:00,2.6,36,15.8,562.0,1017.3
2017-03-12 11:00:00,3.9,34,14.5,684.0,1017.0
2017-03-12 12:00:00,5.0,32,16.1,742.0,1016.5
2017-03-12 13:00:00,5.8,30,18.5,738.0,1015.9
2017-03-12 14:00:00,6.2,29,19.6,670.0,1015.2
2017-03-12 15:00:00,6.4,29,20.1,545.0,1015.5
2017-03-12 16:00:00,6.0,32,19.2,376.0,1015.3
2017-03-12 17:00:00,6.1,37,17.4,190.0,1015.2
2017-03-12 18:00:00,3.3,49,13.4,31.0,1016.0
2017-03-12 19:00:00,2.0,57,11.9,0.0,1016.7
2017-03-12 20:00:00,-0.1,70,8.4,0.0,1017.4
2017-03-12 21:00:00,-0.1,73,7.2,0.0,1017.6
2017-03-12 22:00:00,-0.8,74,7.9,0.0,1017.9
2017-03-12 23:00:00,-1.4,71,10.3,0.0,1018.4
2017-03-13 00:00:00,-1.6,59,14.0,0.0,1018.6
2017-03-13 01:00:00,-1.6,46,14.8,0.0,1018.6
2017-03-13 02:00:00,-2.2,45,13.2,0.0,1018.6
2017-03-13 03:00:00,-3.1,48,11.4,0.0,1018.5
2017-03-13 04:00:00,-3.8,51,11.0,0.0,1018.7
2017-03-13 05:00:00,-4.2,52,10.9,0.0,1018.8
2017-03-13 06:00:00,-4.5,54,10.1,0.0,1018.8
2017-03-13 07:00:00,-3.2,50,8.6,48.0,1018.9
2017-03-13 08:00:00,-1.3,47,12.3,218.0,1019.2
2017-03-13 09:00:00,0.5,44,11.9,408.0,1019.4
2017-03-13 10:00:00,2.3,42,11.2,571.0,1019.3
2017-03-13 11:00:00,4.0,40,10.6,688.0,1018.8
2017-03-13 12:00:00,5.4,37,12.4,747.0,1018.2
2017-03-13 13:00:00,6.2,32,14.2,742.0,1017.0
2017-03-13 14:00:00,6.5,29,15.5,676.0,1016.2
2017-03-13 15:00:00,6.6,28,15.8,552.0,1016.1
2017-03-13 16:00:00,6.1,29,16.3,383.0,1015.8
2017-03-13 17:00:00,5.1,36,14.8,193.0,1016.0
2017-03-13 18:00:00,2.5,45,14.0,34.0,1016.2
2017-03-13 19:00:00,1.3,47,14.1,0.0,1016.7
2017-03-13 20:00:00,0.1,53,11.5,0.0,1016.2
2017-03-13 21:00:00,0.3,52,11.2,0.0,1016.2
2017-03-13 22:00:00,-1.1,58,9.3,0.0,1016.2
2017-03-13 23:00:00,-2.1,61,9.4,0.0,1016.5
2017-03-14 00:00:00,-2.8,62,9.7,0.0,1017.1
2017-03-14 01:00:00,-3.4,64,9.0,0.0,1017.3
2017-03-14 02:00:00,-3.9,66,8.7,0.0,1017.2
2017-03-14 03:00:00,-4.3,66,8.5,0.0,1017.2
2017-03-14 04:00:00,-4.6,67,8.0,0.0,1017.5
2017-03-14 05:00:00,-4.9,68,7.5,0.0,1017.5
2017-03-14 06:00:00,-5.1,66,7.6,0.0,1017.7
2017-03-14 07:00:00,-3.0,52,5.4,51.0,1018.3
2017-03-14 08:00:00,-0.5,49,5.9,223.0,1019.0
2017-03-14 09:00:00,2.4,40,8.0,413.0,1018.9
2017-03-14 10:00:00,4.5,33,10.8,577.0,1019.2
2017-03-14 11:00:00,5.9,29,13.4,694.0,1019.1
2017-03-14 12:00:00,6.6,29,14.1,753.0,1018.6
2017-03-14 13:00:00,7.2,28,15.2,750.0,1017.8
2017-03-14 14:00:00,7.5,26,16.2,682.0,1017.3
2017-03-14 15:00:00,7.9,24,18.1,549.0,1017.4
2017-03-14 16:00:00,6.8,27,18.8,371.0,1017.4
2017-03-14 17:00:00,5.8,35,10.9,197.0,1017.5
2017-03-14 18:00:00,2.8,47,11.9,36.0,1017.9
2017-03-14 19:00:00,1.5,48,12.2,0.0,1018.7
2017-03-14 20:00:00,0.0,55,10.3,0.0,1018.8
2017-03-14 21:00:00,0.1,56,9.7,0.0,1018.6
2017-03-14 22:00:00,-0.9,58,9.7,0.0,1018.8
2017-03-14 23:00:00,-1.8,59,9.8,0.0,1019.2
2017-03-15 00:00:00,-2.8,65,7.6,0.0,1019.4
2017-03-15 01:00:00,-2.9,62,5.4,0.0,1019.6
2017-03-15 02:00:00,-3.5,65,5.5,0.0,1019.4
2017-03-15 03:00:00,-3.3,61,4.0,0.0,1019.5
2017-03-15 04:00:00,-3.9,65,4.0,0.0,1019.5
2017-03-15 05:00:00,-4.8,71,7.3,0.0,1019.5
2017-03-15 06:00:00,-5.3,74,7.2,0.0,1019.3
2017-03-15 07:00:00,-3.5,63,4.9,55.0,1019.5
2017-03-15 08:00:00,-0.3,56,5.1,227.0,1020.1
2017-03-15 09:00:00,2.9,43,4.3,416.0,1020.0
2017-03-15 10:00:00,5.5,36,3.1,561.0,1019.8
2017-03-15 11:00:00,6.9,30,1.1,654.0,1019.3
2017-03-15 12:00:00,7.7,30,0.8,727.0,1018.4
2017-03-15 13:00:00,8.3,30,1.1,718.0,1017.5
2017-03-15 14:00:00,8.8,30,1.6,662.0,1016.8
2017-03-15 15:00:00,9.1,29,2.6,548.0,1016.2
2017-03-15 16:00:00,9.1,28,4.5,389.0,1015.7
2017-03-15 17:00:00,8.2,39,6.0,199.0,1015.7
2017-03-15 18:00:00,6.7,39,4.7,38.0,1015.5
2017-03-15 19:00:00,6.7,32,4.0,0.0,1015.5
2017-03-15 20:00:00,2.2,60,11.0,0.0,1015.0
2017-03-15 21:00:00,1.8,63,10.2,0.0,1014.9
2017-03-15 22:00:00,0.7,65,10.1,0.0,1014.7
2017-03-15 23:00:00,-0.4,65,11.1,0.0,1015.1
2017-03-16 00:00:00,-1.4,70,9.2,0.0,1015.6
2017-03-16 01:00:00,-2.0,71,9.0,0.0,1015.2
2017-03-16 02:00:00,-2.5,72,9.2,0.0,1014.8
2017-03-16 03:00:00,-2.8,73,8.9,0.0,1014.5
2017-03-16 04:00:00,-3.1,74,8.4,0.0,1014.3
2017-03-16 05:00:00,-3.5,76,7.7,0.0,1014.4
2017-03-16 06:00:00,-3.6,75,7.9,0.0,1014.1
2017-03-16 07:00:00,-1.3,64,5.7,58.0,1014.3
2017-03-16 08:00:00,2.1,53,5.6,232.0,1015.1
2017-03-16 09:00:00,5.7,41,5.8,422.0,1014.8
2017-03-16 10:00:00,8.4,33,7.8,585.0,1014.6
2017-03-16 11:00:00,10.4,28,8.2,702.0,1014.2
2017-03-16 12:00:00,11.7,25,7.8,760.0,1013.5
2017-03-16 13:00:00,12.5,25,7.9,755.0,1012.8
2017-03-16 14:00:00,12.9,24,7.3,687.0,1012.3
2017-03-16 15:00:00,13.0,24,7.3,562.0,1012.0
2017-03-16 16:00:00,12.8,25,7.8,393.0,1011.8
2017-03-16 17:00:00,11.1,51,6.0,203.0,1011.9
2017-03-16 18:00:00,7.8,52,6.4,40.0,1011.9
2017-03-16 19:00:00,5.9,56,6.6,0.0,1012.2
2017-03-16 20:00:00,5.0,58,8.1,0.0,1012.5
2017-03-16 21:00:00,4.1,63,11.1,0.0,1012.8
2017-03-16 22:00:00,2.6,70,11.3,0.0,1013.4
2017-03-16 23:00:00,1.5,71,11.1,0.0,1013.6
2017-03-17 00:00:00,0.5,73,10.2,0.0,1013.7
2017-03-17 01:00:00,-0.2,73,10.1,0.0,1013.9
2017-03-17 02:00:00,-0.9,76,9.0,0.0,1013.5
2017-03-17 03:00:00,-1.3,78,8.6,0.0,1013.3
2017-03-17 04:00:00,-1.6,79,9.2,0.0,1013.2
2017-03-17 05:00:00,-1.5,78,9.5,0.0,1013.2
2017-03-17 06:00:00,-1.1,77,10.1,0.0,1012.9
2017-03-17 07:00:00,1.4,68,9.0,59.0,1013.2
2017-03-17 08:00:00,4.7,53,11.8,223.0,1013.6
2017-03-17 09:00:00,7.2,44,15.9,323.0,1013.7
2017-03-17 10:00:00,9.4,42,17.6,511.0,1013.3
2017-03-17 11:00:00,11.0,39,18.3,570.0,1013.1
2017-03-17 12:00:00,12.6,37,17.9,587.0,1012.2
2017-03-17 13:00:00,14.2,34,20.5,639.0,1011.2
2017-03-17 14:00:00,15.0,31,25.0,573.0,1010.7
2017-03-17 15:00:00,14.5,32,25.7,379.0,1010.5
2017-03-17 16:00:00,13.5,37,21.0,200.0,1010.6
2017-03-17 17:00:00,11.9,44,16.0,76.0,1010.7
2017-03-17 18:00:00,9.7,50,15.0,25.0,1011.0
2017-03-17 19:00:00,9.1,50,17.6,0.0,1011.1
2017-03-17 20:00:00,8.6,49,19.4,0.0,1011.5
2017-03-17 21:00:00,7.5,58,16.5,0.0,1012.0
2017-03-17 22:00:00,6.5,66,16.2,0.0,1012.1
2017-03-17 23:00:00,5.7,72,13.7,0.0,1012.5
2017-03-18 00:00:00,4.7,75,15.1,0.0,1012.6
2017-03-18 01:00:00,3.9,77,15.3,0.0,1012.8
2017-03-18 02:00:00,2.6,84,13.4,0.0,1013.0
2017-03-18 03:00:00,1.3,91,11.1,0.0,1013.3
2017-03-18 04:00:00,0.5,90,10.6,0.0,1013.6
2017-03-18 05:00:00,-0.2,90,10.6,0.0,1013.8
2017-03-18 06:00:00,-0.7,90,10.2,0.0,1014.3
2017-03-18 07:00:00,0.8,86,8.4,59.0,1015.1
2017-03-18 08:00:00,3.8,77,9.4,190.0,1016.3
2017-03-18 09:00:00,5.8,68,8.7,377.0,1016.8
2017-03-18 10:00:00,7.7,61,9.1,547.0,1017.1
2017-03-18 11:00:00,9.6,55,7.9,692.0,1017.1
2017-03-18 12:00:00,11.2,49,6.6,752.0,1016.9
2017-03-18 13:00:00,12.3,43,7.7,748.0,1016.2
2017-03-18 14:00:00,13.1,39,8.7,676.0,1015.9
2017-03-18 15:00:00,13.5,36,9.2,522.0,1015.8
2017-03-18 16:00:00,13.6,33,9.2,390.0,1015.9
2017-03-18 17:00:00,12.7,46,5.1,202.0,1015.9
2017-03-18 18:00:00,8.8,61,8.8,42.0,1015.8
2017-03-18 19:00:00,7.3,61,10.7,0.0,1016.2
2017-03-18 20:00:00,5.6,69,10.3,0.0,1016.3
2017-03-18 21:00:00,5.3,69,10.7,0.0,1017.0
2017-03-18 22:00:00,4.7,70,11.3,0.0,1018.1
2017-03-18 23:00:00,3.8,72,10.5,0.0,1018.9
2017-03-19 00:00:00,3.0,75,9.6,0.0,1019.0
2017-03-19 01:00:00,2.2,77,9.8,0.0,1019.3
2017-03-19 02:00:00,0.7,83,6.5,0.0,1019.8
2017-03-19 03:00:00,1.1,71,12.4,0.0,1019.7
2017-03-19 04:00:00,0.8,62,13.8,0.0,1019.5
2017-03-19 05:00:00,-0.6,67,8.6,0.0,1019.8
2017-03-19 06:00:00,-1.1,67,9.2,0.0,1020.0
2017-03-19 07:00:00,1.2,55,8.4,68.0,1020.6
2017-03-19 08:00:00,4.2,64,6.9,242.0,1020.6
2017-03-19 09:00:00,6.8,56,6.4,428.0,1020.6
2017-03-19 10:00:00,9.0,49,5.3,577.0,1020.1
2017-03-19 11:00:00,10.7,46,3.1,671.0,1019.8
2017-03-19 12:00:00,11.8,44,2.2,754.0,1018.8
2017-03-19 13:00:00,12.7,41,3.9,747.0,1017.9
2017-03-19 14:00:00,13.2,40,6.1,678.0,1017.5
2017-03-19 15:00:00,13.5,39,7.7,555.0,1017.0
2017-03-19 16:00:00,13.4,37,9.1,391.0,1016.7
2017-03-19 17:00:00,12.5,45,7.3,205.0,1016.5
2017-03-19 18:00:00,8.6,66,8.0,44.0,1016.3
2017-03-19 19:00:00,6.5,60,11.8,0.0,1016.5
2017-03-19 20:00:00,5.1,69,5.1,0.0,1015.8
2017-03-19 21:00:00,5.6,66,7.9,0.0,1016.0
2017-03-19 22:00:00,5.9,50,11.8,0.0,1015.9
2017-03-19 23:00:00,5.3,60,8.2,0.0,1015.7
2017-03-20 00:00:00,4.7,66,6.4,0.0,1015.9
2017-03-20 01:00:00,3.8,60,10.3,0.0,1015.4
2017-03-20 02:00:00,4.0,69,5.5,0.0,1015.4
2017-03-20 03:00:00,3.8,72,4.5,0.0,1015.1
2017-03-20 04:00:00,3.4,72,6.1,0.0,1015.4
2017-03-20 05:00:00,2.6,79,8.0,0.0,1015.8
2017-03-20 06:00:00,1.8,85,14.5,0.0,1016.3
2017-03-20 07:00:00,2.1,76,15.9,52.0,1017.0
2017-03-20 08:00:00,2.4,55,20.9,144.0,1018.2
2017-03-20 09:00:00,3.2,40,21.4,171.0,1018.4
2017-03-20 10:00:00,3.8,36,19.5,225.0,1018.3
2017-03-20 11:00:00,4.6,30,17.3,259.0,1018.2
2017-03-20 12:00:00,5.6,25,17.7,356.0,1017.9
2017-03-20 13:00:00,6.7,24,18.8,586.0,1017.0
2017-03-20 14:00:00,7.0,23,20.7,567.0,1016.0
2017-03-20 15:00:00,6.5,25,18.4,394.0,1015.9
2017-03-20 16:00:00,6.5,26,18.4,320.0,1015.6
2017-03-20 17:00:00,5.9,30,14.1,162.0,1015.7
2017-03-20 18:00:00,3.1,49,9.8,43.0,1015.7
2017-03-20 19:00:00,1.7,50,10.9,0.0,1015.9
2017-03-20 20:00:00,0.0,60,8.7,0.0,1016.0
2017-03-20 21:00:00,-0.2,63,7.2,0.0,1015.7
2017-03-20 22:00:00,0.0,52,3.3,0.0,1015.1
2017-03-20 23:00:00,-1.9,70,6.5,0.0,1015.0
2017-03-21 00:00:00,-2.4,66,8.9,0.0,1015.0
2017-03-21 01:00:00,-2.6,64,10.5,0.0,1015.1
2017-03-21 02:00:00,-2.5,54,12.7,0.0,1014.9
2017-03-21 03:00:00,-2.5,51,12.4,0.0,1014.7
2017-03-21 04:00:00,-2.7,53,11.9,0.0,1015.0
2017-03-21 05:00:00,-3.0,56,11.3,0.0,1015.1
2017-03-21 06:00:00,-3.2,58,10.5,1.0,1015.2
2017-03-21 07:00:00,-1.2,53,7.8,77.0,1015.6
2017-03-21 08:00:00,0.6,50,7.0,256.0,1016.3
2017-03-21 09:00:00,2.4,47,8.1,446.0,1016.2
2017-03-21 10:00:00,4.3,45,9.0,607.0,1016.5
2017-03-21 11:00:00,6.1,43,10.6,721.0,1016.1
2017-03-21 12:00:00,7.7,40,11.7,777.0,1015.5
2017-03-21 13:00:00,8.9,34,14.4,769.0,1014.8
2017-03-21 14:00:00,9.8,29,16.5,651.0,1013.6
2017-03-21 15:00:00,9.9,25,13.1,454.0,1013.2
2017-03-21 16:00:00,9.6,25,16.6,351.0,1012.7
2017-03-21 17:00:00,8.2,34,16.0,215.0,1012.7
2017-03-21 18:00:00,5.1,49,11.3,49.0,1013.0
2017-03-21 19:00:00,3.4,56,10.2,0.0,1013.3
2017-03-21 20:00:00,4.9,38,4.6,0.0,1013.7
2017-03-21 21:00:00,2.2,62,7.4,0.0,1013.4
2017-03-21 22:00:00,1.6,57,10.9,0.0,1013.3
2017-03-21 23:00:00,1.2,54,12.8,0.0,1013.1
2017-03-22 00:00:00,0.5,56,16.0,0.0,1013.3
2017-03-22 01:00:00,-0.7,64,15.3,0.0,1013.5
2017-03-22 02:00:00,-1.0,66,15.1,0.0,1013.0
2017-03-22 03:00:00,-1.1,70,14.3,0.0,1012.7
2017-03-22 04:00:00,-1.5,76,12.9,0.0,1012.5
2017-03-22 05:00:00,-1.6,77,12.3,0.0,1012.0
2017-03-22 06:00:00,-2.0,76,11.3,1.0,1012.1
2017-03-22 07:00:00,-0.5,75,10.2,80.0,1013.6
2017-03-22 08:00:00,2.0,71,7.7,255.0,1013.6
2017-03-22 09:00:00,4.5,58,6.9,446.0,1014.2
2017-03-22 10:00:00,6.4,45,6.4,608.0,1014.3
2017-03-22 11:00:00,8.0,38,8.6,723.0,1014.2
2017-03-22 12:00:00,9.2,32,11.6,778.0,1013.8
2017-03-22 13:00:00,9.8,30,13.8,767.0,1013.1
2017-03-22 14:00:00,10.1,29,15.7,701.0,1012.7
2017-03-22 15:00:00,10.1,26,16.9,576.0,1012.6
2017-03-22 16:00:00,9.6,26,17.7,409.0,1013.0
2017-03-22 17:00:00,8.5,29,15.9,219.0,1013.5
2017-03-22 18:00:00,5.8,38,14.5,51.0,1014.3
2017-03-22 19:00:00,3.2,57,7.3,0.0,1014.9
2017-03-22 20:00:00,2.5,51,10.1,0.0,1015.1
2017-03-22 21:00:00,2.8,46,11.7,0.0,1015.5
2017-03-22 22:00:00,2.0,46,12.3,0.0,1015.6
2017-03-22 23:00:00,0.7,50,11.5,0.0,1015.8
2017-03-23 00:00:00,-0.8,60,8.7,0.0,1016.1
2017-03-23 01:00:00,-1.8,67,7.3,0.0,1016.4
2017-03-23 02:00:00,-2.4,66,8.7,0.0,1016.6
2017-03-23 03:00:00,-3.2,68,8.5,0.0,1016.7
2017-03-23 04:00:00,-3.7,68,8.4,0.0,1017.0
2017-03-23 05:00:00,-4.0,67,7.7,0.0,1017.5
2017-03-23 06:00:00,-4.1,68,7.5,1.0,1017.8
2017-03-23 07:00:00,-1.4,54,5.6,85.0,1018.5
2017-03-23 08:00:00,1.1,55,3.8,269.0,1019.2
2017-03-23 09:00:00,4.3,43,5.1,460.0,1019.2
2017-03-23 10:00:00,6.8,32,6.8,623.0,1019.2
2017-03-23 11:00:00,8.2,26,8.7,737.0,1019.2
2017-03-23 12:00:00,9.1,24,11.4,793.0,1018.3
2017-03-23 13:00:00,9.5,23,13.4,786.0,1017.6
2017-03-23 14:00:00,9.6,23,14.8,715.0,1017.0
2017-03-23 15:00:00,9.3,23,14.8,588.0,1016.9
2017-03-23 16:00:00,9.0,23,12.4,416.0,1016.7
2017-03-23 17:00:00,8.3,26,7.2,223.0,1016.8
2017-03-23 18:00:00,7.5,29,3.2,53.0,1016.7
2017-03-23 19:00:00,4.0,49,10.1,0.0,1017.2
2017-03-23 20:00:00,3.4,52,6.2,0.0,1017.2
2017-03-23 21:00:00,2.4,55,8.9,0.0,1017.5
2017-03-23 22:00:00,1.0,58,9.4,0.0,1017.8
2017-03-23 23:00:00,0.1,64,8.3,0.0,1018.1
2017-03-24 00:00:00,-0.8,67,7.8,0.0,1018.4
2017-03-24 01:00:00,-1.1,64,9.6,0.0,1018.3
2017-03-24 02:00:00,-2.1,67,9.0,0.0,1017.5
2017-03-24 03:00:00,-2.6,67,9.4,0.0,1016.9
2017-03-24 04:00:00,-3.1,68,8.3,0.0,1017.1
2017-03-24 05:00:00,-3.6,69,8.6,0.0,1017.2
2017-03-24 06:00:00,-3.8,70,8.5,2.0,1017.3
2017-03-24 07:00:00,-1.4,61,5.6,88.0,1017.7
2017-03-24 08:00:00,1.7,53,5.4,267.0,1018.3
2017-03-24 09:00:00,5.1,41,5.4,441.0,1017.9
2017-03-24 10:00:00,7.9,31,5.0,606.0,1017.3
2017-03-24 11:00:00,9.1,25,4.3,713.0,1016.8
2017-03-24 12:00:00,9.6,25,1.4,773.0,1016.1
2017-03-24 13:00:00,10.0,25,1.1,773.0,1015.1
2017-03-24 14:00:00,10.3,24,2.4,708.0,1014.4
2017-03-24 15:00:00,10.4,24,3.2,583.0,1013.9
2017-03-24 16:00:00,10.3,23,4.1,412.0,1013.4
2017-03-24 17:00:00,9.7,25,5.0,220.0,1012.9
2017-03-24 18:00:00,6.7,56,7.4,54.0,1013.2
2017-03-24 19:00:00,5.0,53,10.0,0.0,1013.7
2017-03-24 20:00:00,3.6,61,8.8,0.0,1013.7
2017-03-24 21:00:00,3.1,60,9.2,0.0,1013.8
2017-03-24 22:00:00,2.4,59,9.5,0.0,1013.6
2017-03-24 23:00:00,1.4,62,9.4,0.0,1013.6
2017-03-25 00:00:00,0.6,66,9.2,0.0,1013.4
2017-03-25 01:00:00,-0.3,68,9.8,0.0,1013.2
2017-03-25 02:00:00,-0.6,68,10.1,0.0,1012.7
2017-03-25 03:00:00,-1.8,77,6.4,0.0,1012.3
2017-03-25 04:00:00,-2.5,79,7.3,0.0,1012.3
2017-03-25 05:00:00,-3.1,81,8.4,0.0,1012.3
2017-03-25 06:00:00,-3.3,80,7.7,2.0,1012.3
2017-03-25 07:00:00,-1.0,69,5.8,91.0,1012.6
2017-03-25 08:00:00,2.5,57,4.3,273.0,1013.3
2017-03-25 09:00:00,5.1,51,1.1,463.0,1013.0
2017-03-25 10:00:00,7.5,44,1.9,623.0,1012.9
2017-03-25 11:00:00,9.5,37,4.0,737.0,1012.8
2017-03-25 12:00:00,10.6,30,4.2,790.0,1012.3
2017-03-25 13:00:00,11.2,27,5.6,778.0,1011.7
2017-03-25 14:00:00,11.6,26,7.7,693.0,1011.1
2017-03-25 15:00:00,12.1,22,9.7,581.0,1010.7
2017-03-25 16:00:00,11.9,23,9.7,395.0,1010.6
2017-03-25 17:00:00,11.0,29,10.7,151.0,1010.4
2017-03-25 18:00:00,8.4,47,10.1,43.0,1010.5
2017-03-25 19:00:00,7.0,58,8.3,0.0,1010.7
2017-03-25 20:00:00,5.9,59,8.9,0.0,1011.2
2017-03-25 21:00:00,6.3,60,7.7,0.0,1011.1
2017-03-25 22:00:00,4.9,64,7.9,0.0,1011.0
2017-03-25 23:00:00,3.2,72,8.4,0.0,1011.3
2017-03-26 00:00:00,2.6,75,7.1,0.0,1011.1
2017-03-26 01:00:00,2.4,75,7.9,0.0,1010.7
2017-03-26 02:00:00,1.6,71,11.9,0.0,1010.3
2017-03-26 03:00:00,0.9,72,10.0,0.0,1010.3
2017-03-26 04:00:00,-0.1,78,6.8,0.0,1010.5
2017-03-26 05:00:00,-0.4,79,8.6,0.0,1010.1
2017-03-26 06:00:00,-0.6,82,8.5,3.0,1010.0
2017-03-26 07:00:00,1.1,76,5.6,81.0,1010.4
2017-03-26 08:00:00,3.3,69,5.6,258.0,1011.0
2017-03-26 09:00:00,5.5,62,4.4,452.0,1010.9
2017-03-26 10:00:00,7.3,55,2.5,590.0,1011.0
2017-03-26 11:00:00,9.0,49,1.5,701.0,1010.8
2017-03-26 12:00:00,10.3,44,2.8,723.0,1010.3
2017-03-26 13:00:00,11.1,37,3.7,679.0,1009.4
2017-03-26 14:00:00,11.6,35,8.0,585.0,1008.7
2017-03-26 15:00:00,11.0,34,9.8,431.0,1008.7
2017-03-26 16:00:00,10.9,31,10.1,276.0,1008.6
2017-03-26 17:00:00,10.3,31,6.5,142.0,1008.8
2017-03-26 18:00:00,8.7,40,1.5,43.0,1009.3
2017-03-26 19:00:00,7.4,45,2.3,0.0,1009.5
2017-03-26 20:00:00,4.9,75,5.8,0.0,1010.4
2017-03-26 21:00:00,4.8,80,3.3,0.0,1010.4
2017-03-26 22:00:00,4.6,72,2.8,0.0,1010.3
2017-03-26 23:00:00,4.0,73,8.0,0.0,1010.9
2017-03-27 00:00:00,3.4,76,5.7,0.0,1011.2
2017-03-27 01:00:00,3.1,76,6.4,0.0,1011.3
2017-03-27 02:00:00,2.1,80,6.3,0.0,1010.7
2017-03-27 03:00:00,1.8,76,8.5,0.0,1010.7
2017-03-27 04:00:00,1.5,78,7.9,0.0,1010.8
2017-03-27 05:00:00,1.0,82,7.2,0.0,1011.1
2017-03-27 06:00:00,0.7,86,5.4,3.0,1011.5
2017-03-27 07:00:00,1.7,81,2.5,69.0,1012.3
2017-03-27 08:00:00,4.7,67,7.1,217.0,1012.9
2017-03-27 09:00:00,6.9,54,7.9,419.0,1013.2
2017-03-27 10:00:00,9.1,44,9.2,591.0,1013.3
2017-03-27 11:00:00,10.5,39,11.4,686.0,1013.4
2017-03-27 12:00:00,11.0,39,12.1,748.0,1012.9
2017-03-27 13:00:00,11.5,38,13.1,765.0,1012.1
2017-03-27 14:00:00,11.5,36,13.0,657.0,1011.4
2017-03-27 15:00:00,11.6,31,15.1,549.0,1011.1
2017-03-27 16:00:00,10.8,28,14.4,411.0,1011.3
2017-03-27 17:00:00,10.4,28,11.7,213.0,1011.8
2017-03-27 18:00:00,7.9,44,8.8,60.0,1012.1
2017-03-27 19:00:00,6.2,53,8.7,0.0,1012.6
2017-03-27 20:00:00,4.7,71,6.8,0.0,1013.4
2017-03-27 21:00:00,4.3,72,6.8,0.0,1013.3
2017-03-27 22:00:00,3.3,74,7.1,0.0,1013.4
2017-03-27 23:00:00,2.5,74,7.6,0.0,1013.6
2017-03-28 00:00:00,1.6,74,9.2,0.0,1013.8
2017-03-28 01:00:00,0.7,77,9.8,0.0,1013.9
2017-03-28 02:00:00,0.2,78,10.4,0.0,1013.9
2017-03-28 03:00:00,-0.1,78,10.9,0.0,1013.8
2017-03-28 04:00:00,-0.4,78,11.2,0.0,1013.7
2017-03-28 05:00:00,-0.8,80,11.3,0.0,1013.6
2017-03-28 06:00:00,-0.9,83,11.2,4.0,1013.5
2017-03-28 07:00:00,1.6,75,10.0,102.0,1013.7
2017-03-28 08:00:00,5.2,61,14.4,285.0,1013.6
2017-03-28 09:00:00,8.0,49,15.8,472.0,1013.2
2017-03-28 10:00:00,10.5,40,18.1,631.0,1013.0
2017-03-28 11:00:00,12.4,34,20.5,742.0,1012.6
2017-03-28 12:00:00,13.6,27,22.1,786.0,1011.6
2017-03-28 13:00:00,14.2,24,24.7,743.0,1010.8
2017-03-28 14:00:00,14.2,22,25.3,577.0,1010.1
2017-03-28 15:00:00,14.5,19,22.6,459.0,1009.5
2017-03-28 16:00:00,14.5,17,21.5,356.0,1008.9
2017-03-28 17:00:00,12.7,26,25.2,208.0,1009.2
2017-03-28 18:00:00,9.8,31,21.9,61.0,1009.8
2017-03-28 19:00:00,7.8,33,19.9,0.0,1010.6
2017-03-28 20:00:00,6.9,35,23.8,0.0,1010.6
2017-03-28 21:00:00,6.4,35,23.8,0.0,1010.4
2017-03-28 22:00:00,5.5,38,23.5,0.0,1010.3
2017-03-28 23:00:00,5.0,42,25.0,0.0,1010.5
2017-03-29 00:00:00,4.6,45,25.1,0.0,1010.3
2017-03-29 01:00:00,4.3,44,24.8,0.0,1010.0
2017-03-29 02:00:00,4.0,46,25.0,0.0,1009.5
2017-03-29 03:00:00,3.7,48,23.7,0.0,1009.3
2017-03-29 04:00:00,3.4,52,23.3,0.0,1009.3
2017-03-29 05:00:00,3.0,60,21.7,0.0,1009.4
2017-03-29 06:00:00,3.0,69,21.1,5.0,1009.4
2017-03-29 07:00:00,4.7,70,18.3,105.0,1009.8
2017-03-29 08:00:00,7.1,67,24.2,286.0,1010.3
2017-03-29 09:00:00,9.3,58,25.2,471.0,1010.1
2017-03-29 10:00:00,11.5,48,24.3,628.0,1010.3
2017-03-29 11:00:00,13.4,41,23.4,739.0,1010.1
2017-03-29 12:00:00,14.9,35,21.5,791.0,1009.4
2017-03-29 13:00:00,15.7,33,20.4,781.0,1008.7
2017-03-29 14:00:00,16.3,32,21.1,710.0,1008.1
2017-03-29 15:00:00,16.4,33,21.5,583.0,1008.1
2017-03-29 16:00:00,15.5,37,20.6,409.0,1008.2
2017-03-29 17:00:00,14.0,43,18.3,224.0,1009.2
2017-03-29 18:00:00,11.3,55,13.1,52.0,1010.1
2017-03-29 19:00:00,9.0,65,12.5,0.0,1010.7
2017-03-29 20:00:00,7.1,75,10.9,0.0,1012.2
2017-03-29 21:00:00,6.6,79,6.9,0.0,1013.2
2017-03-29 22:00:00,5.0,88,10.6,0.0,1013.2
2017-03-29 23:00:00,3.6,94,7.2,0.0,1013.9
2017-03-30 00:00:00,2.9,95,6.1,0.0,1014.4
2017-03-30 01:00:00,2.7,95,9.5,0.0,1014.9
2017-03-30 02:00:00,3.5,56,15.5,0.0,1015.0
2017-03-30 03:00:00,2.8,51,16.1,0.0,1015.2
2017-03-30 04:00:00,2.1,59,15.9,0.0,1015.9
2017-03-30 05:00:00,1.4,65,14.6,0.0,1016.5
2017-03-30 06:00:00,0.9,70,13.3,6.0,1017.2
2017-03-30 07:00:00,2.6,65,14.6,108.0,1017.8
2017-03-30 08:00:00,5.6,56,15.7,291.0,1018.2
2017-03-30 09:00:00,7.7,51,19.3,475.0,1018.3
2017-03-30 10:00:00,9.8,42,20.8,634.0,1018.5
2017-03-30 11:00:00,11.1,36,21.8,746.0,1017.8
2017-03-30 12:00:00,12.1,32,19.8,798.0,1017.6
2017-03-30 13:00:00,12.7,28,18.5,759.0,1016.9
2017-03-30 14:00:00,12.9,26,18.1,623.0,1016.3
2017-03-30 15:00:00,13.0,23,16.1,451.0,1016.0
2017-03-30 16:00:00,12.4,26,20.4,317.0,1016.0
2017-03-30 17:00:00,11.8,25,15.6,127.0,1016.3
2017-03-30 18:00:00,10.2,33,12.2,54.0,1016.4
2017-03-30 19:00:00,7.4,43,11.1,0.0,1016.7
2017-03-30 20:00:00,6.3,45,12.4,0.0,1017.1
2017-03-30 21:00:00,5.8,45,15.3,0.0,1017.5
2017-03-30 22:00:00,5.9,39,17.6,0.0,1017.9
2017-03-30 23:00:00,4.7,41,14.8,0.0,1018.4
2017-03-31 00:00:00,3.6,44,13.3,0.0,1018.4
2017-03-31 01:00:00,2.5,48,12.4,0.0,1018.3
2017-03-31 02:00:00,1.6,51,13.0,0.0,1017.7
2017-03-31 03:00:00,1.0,53,12.1,0.0,1017.5
2017-03-31 04:00:00,0.2,56,10.9,0.0,1017.2
2017-03-31 05:00:00,-0.6,60,10.1,0.0,1017.3
2017-03-31 06:00:00,-0.8,61,8.9,7.0,1017.3
2017-03-31 07:00:00,1.3,53,7.9,116.0,1017.5
2017-03-31 08:00:00,4.6,45,8.6,302.0,1017.6
2017-03-31 09:00:00,7.7,38,7.5,491.0,1017.3
2017-03-31 10:00:00,10.3,27,10.4,650.0,1017.0
2017-03-31 11:00:00,11.5,23,11.9,760.0,1016.4
2017-03-31 12:00:00,12.3,22,13.4,811.0,1015.4
2017-03-31 13:00:00,13.0,20,13.8,803.0,1014.4
2017-03-31 14:00:00,12.9,20,14.1,498.0,1013.5
2017-03-31 15:00:00,12.3,24,20.0,345.0,1013.0
2017-03-31 16:00:00,12.0,25,15.6,254.0,1012.8
2017-03-31 17:00:00,11.6,26,9.6,150.0,1012.6
2017-03-31 18:00:00,10.5,36,6.4,41.0,1012.3
2017-03-31 19:00:00,8.3,54,6.1,0.0,1012.6
2017-03-31 20:00:00,6.6,47,10.4,0.0,1012.8
2017-03-31 21:00:00,5.7,46,8.7,0.0,1012.5
2017-03-31 22:00:00,4.3,60,6.1,0.0,1012.3
2017-03-31 23:00:00,4.1,56,4.3,0.0,1012.2
2017-04-01 00:00:00,4.1,52,2.7,0.0,1011.9
2017-04-01 01:00:00,1.7,66,5.5,0.0,1011.5
2017-04-01 02:00:00,0.2,73,5.9,0.0,1011.2
2017-04-01 03:00:00,-0.3,72,9.7,0.0,1011.0
2017-04-01 04:00:00,-1.2,76,8.7,0.0,1010.9
2017-04-01 05:00:00,-1.9,79,9.1,0.0,1010.4
2017-04-01 06:00:00,-1.8,79,7.8,8.0,1010.5
2017-04-01 07:00:00,0.9,67,5.9,119.0,1010.6
2017-04-01 08:00:00,4.6,52,6.6,306.0,1010.6
2017-04-01 09:00:00,7.3,39,7.3,495.0,1010.7
2017-04-01 10:00:00,9.5,29,7.2,654.0,1010.1
2017-04-01 11:00:00,11.3,26,9.5,766.0,1009.5
2017-04-01 12:00:00,12.5,25,9.4,818.0,1009.1
2017-04-01 13:00:00,13.4,23,9.4,806.0,1008.6
2017-04-01 14:00:00,13.9,21,11.8,733.0,1008.0
2017-04-01 15:00:00,13.8,21,12.5,605.0,1007.6
2017-04-01 16:00:00,13.5,21,13.0,435.0,1007.6
2017-04-01 17:00:00,12.9,21,12.2,243.0,1007.7
2017-04-01 18:00:00,10.5,30,11.3,71.0,1008.0
2017-04-01 19:00:00,8.1,37,10.9,1.0,1008.8
2017-04-01 20:00:00,6.8,41,9.2,0.0,1008.8
2017-04-01 21:00:00,6.6,37,10.0,0.0,1008.9
2017-04-01 22:00:00,5.5,39,9.4,0.0,1009.0
2017-04-01 23:00:00,4.2,44,8.2,0.0,1009.8
2017-04-02 00:00:00,3.4,48,8.2,0.0,1009.8
2017-04-02 01:00:00,2.3,53,7.7,0.0,1010.0
2017-04-02 02:00:00,1.3,55,9.1,0.0,1009.9
2017-04-02 03:00:00,0.8,60,7.9,0.0,1009.7
2017-04-02 04:00:00,0.4,63,9.4,0.0,1009.5
2017-04-02 05:00:00,0.1,66,10.1,0.0,1009.9
2017-04-02 06:00:00,0.5,62,10.2,9.0,1010.2
2017-04-02 07:00:00,3.2,50,10.1,117.0,1010.6
2017-04-02 08:00:00,7.0,41,13.1,303.0,1010.9
2017-04-02 09:00:00,10.2,35,12.9,473.0,1010.6
2017-04-02 10:00:00,13.3,29,14.1,619.0,1010.6
2017-04-02 11:00:00,15.8,22,16.6,722.0,1010.1
2017-04-02 12:00:00,17.7,19,19.4,812.0,1009.4
2017-04-02 13:00:00,18.9,17,19.8,801.0,1008.5
2017-04-02 14:00:00,19.7,16,18.8,728.0,1007.8
2017-04-02 15:00:00,20.1,16,17.3,601.0,1006.9
2017-04-02 16:00:00,20.0,16,15.8,432.0,1006.7
2017-04-02 17:00:00,18.9,20,11.9,242.0,1006.5
2017-04-02 18:00:00,15.5,30,16.8,72.0,1007.2
2017-04-02 19:00:00,12.3,29,19.1,1.0,1007.9
2017-04-02 20:00:00,10.6,31,16.8,0.0,1008.5
2017-04-02 21:00:00,9.7,38,14.6,0.0,1008.7
2017-04-02 22:00:00,8.0,47,13.2,0.0,1009.3
2017-04-02 23:00:00,6.9,52,13.2,0.0,1009.7
2017-04-03 00:00:00,5.9,57,13.8,0.0,1009.6
2017-04-03 01:00:00,5.2,61,12.7,0.0,1009.6
2017-04-03 02:00:00,4.5,64,12.3,0.0,1009.7
2017-04-03 03:00:00,4.0,64,11.3,0.0,1009.7
2017-04-03 04:00:00,3.4,66,9.9,0.0,1010.1
2017-04-03 05:00:00,2.5,70,8.2,0.0,1010.7
2017-04-03 06:00:00,3.3,66,9.5,10.0,1011.3
2017-04-03 07:00:00,6.2,55,9.7,126.0,1011.7
2017-04-03 08:00:00,9.6,46,11.9,312.0,1012.1
2017-04-03 09:00:00,12.5,40,11.5,500.0,1012.5
2017-04-03 10:00:00,15.2,34,10.5,658.0,1012.6
2017-04-03 11:00:00,17.6,28,10.0,768.0,1012.1
2017-04-03 12:00:00,19.7,24,10.0,820.0,1011.4
2017-04-03 13:00:00,21.2,20,10.6,809.0,1010.7
2017-04-03 14:00:00,22.3,17,12.3,737.0,1010.1
2017-04-03 15:00:00,22.7,15,15.3,609.0,1009.1
2017-04-03 16:00:00,22.5,15,17.6,438.0,1008.8
2017-04-03 17:00:00,20.9,21,18.2,246.0,1008.7
2017-04-03 18:00:00,17.6,30,17.2,74.0,1009.2
2017-04-03 19:00:00,15.0,33,15.8,1.0,1009.9
2017-04-03 20:00:00,13.6,32,17.0,0.0,1010.2
2017-04-03 21:00:00,13.3,34,19.4,0.0,1010.1
2017-04-03 22:00:00,12.7,33,19.1,0.0,1009.9
2017-04-03 23:00:00,12.6,34,19.4,0.0,1009.9
2017-04-04 00:00:00,12.3,34,18.9,0.0,1010.1
2017-04-04 01:00:00,11.9,35,18.6,0.0,1010.2
2017-04-04 02:00:00,10.8,39,18.6,0.0,1009.8
2017-04-04 03:00:00,10.2,42,18.4,0.0,1009.7
2017-04-04 04:00:00,10.3,41,19.6,0.0,1009.9
2017-04-04 05:00:00,9.9,43,19.5,0.0,1009.9
2017-04-04 06:00:00,10.0,45,19.5,8.0,1010.0
2017-04-04 07:00:00,11.4,42,18.8,85.0,1010.1
2017-04-04 08:00:00,13.7,37,21.7,235.0,1010.4
2017-04-04 09:00:00,16.0,35,23.6,408.0,1010.3
2017-04-04 10:00:00,18.6,32,24.9,601.0,1010.2
2017-04-04 11:00:00,20.6,29,28.6,704.0,1009.6
2017-04-04 12:00:00,22.1,25,31.2,779.0,1009.0
2017-04-04 13:00:00,22.6,24,31.2,745.0,1008.4
2017-04-04 14:00:00,22.5,24,30.5,676.0,1007.9
2017-04-04 15:00:00,22.1,27,30.9,559.0,1007.5
2017-04-04 16:00:00,21.3,31,29.3,411.0,1007.1
2017-04-04 17:00:00,19.6,35,26.6,207.0,1007.1
2017-04-04 18:00:00,17.3,42,27.4,58.0,1007.5
2017-04-04 19:00:00,15.7,49,25.3,1.0,1008.1
2017-04-04 20:00:00,14.7,52,22.4,0.0,1008.1
2017-04-04 21:00:00,14.1,52,23.0,0.0,1008.4
2017-04-04 22:00:00,13.5,51,20.8,0.0,1008.5
2017-04-04 23:00:00,13.1,51,21.1,0.0,1009.0
2017-04-05 00:00:00,12.7,48,21.4,0.0,1008.9
2017-04-05 01:00:00,12.4,46,19.7,0.0,1008.9
2017-04-05 02:00:00,12.1,43,19.2,0.0,1008.5
2017-04-05 03:00:00,11.7,44,19.6,0.0,1008.4
2017-04-05 04:00:00,11.4,44,19.0,0.0,1008.3
2017-04-05 05:00:00,11.3,42,18.6,0.0,1008.5
2017-04-05 06:00:00,11.3,37,17.9,7.0,1009.0
2017-04-05 07:00:00,12.0,35,17.5,81.0,1009.3
2017-04-05 08:00:00,12.8,38,19.3,179.0,1009.2
2017-04-05 09:00:00,13.5,38,20.7,238.0,1009.6
2017-04-05 10:00:00,15.0,34,23.7,418.0,1009.5
2017-04-05 11:00:00,15.3,38,23.7,484.0,1009.3
2017-04-05 12:00:00,15.6,38,25.2,572.0,1009.0
2017-04-05 13:00:00,15.0,46,30.1,566.0,1008.2
2017-04-05 14:00:00,13.8,50,26.6,272.0,1007.8
2017-04-05 15:00:00,12.6,58,24.6,262.0,1007.2
2017-04-05 16:00:00,13.2,54,24.5,318.0,1006.5
2017-04-05 17:00:00,12.1,62,20.6,132.0,1005.9
2017-04-05 18:00:00,11.3,66,14.5,58.0,1005.7
2017-04-05 19:00:00,9.9,75,11.4,1.0,1005.7
2017-04-05 20:00:00,9.8,70,9.4,0.0,1004.5
2017-04-05 21:00:00,9.3,73,8.9,0.0,1004.7
2017-04-05 22:00:00,8.8,78,9.2,0.0,1004.5
2017-04-05 23:00:00,8.1,83,10.3,0.0,1004.2
2017-04-06 00:00:00,7.8,85,10.0,0.0,1003.7
2017-04-06 01:00:00,8.1,83,10.1,0.0,1003.2
2017-04-06 02:00:00,7.0,90,11.2,0.0,1002.2
2017-04-06 03:00:00,6.5,91,10.3,0.0,1002.2
2017-04-06 04:00:00,7.1,89,9.7,0.0,1002.0
2017-04-06 05:00:00,6.4,92,10.2,0.0,1001.7
2017-04-06 06:00:00,6.3,92,11.7,14.0,1002.1
2017-04-06 07:00:00,8.1,81,14.9,123.0,1002.3
2017-04-06 08:00:00,9.2,76,16.1,253.0,1003.2
2017-04-06 09:00:00,10.3,71,15.5,276.0,1003.1
2017-04-06 10:00:00,12.4,62,15.6,487.0,1003.7
2017-04-06 11:00:00,14.7,53,17.9,650.0,1003.4
2017-04-06 12:00:00,14.6,55,16.4,300.0,1003.4
2017-04-06 13:00:00,14.5,56,16.3,282.0,1003.6
2017-04-06 14:00:00,14.2,58,12.8,210.0,1003.6
2017-04-06 15:00:00,13.0,70,14.5,132.0,1004.1
2017-04-06 16:00:00,12.9,68,15.2,162.0,1004.2
2017-04-06 17:00:00,12.1,71,19.8,131.0,1004.9
2017-04-06 18:00:00,10.2,77,20.0,51.0,1006.1
2017-04-06 19:00:00,9.7,76,17.3,1.0,1006.6
2017-04-06 20:00:00,9.4,74,15.8,0.0,1008.1
2017-04-06 21:00:00,8.6,75,17.4,0.0,1008.5
2017-04-06 22:00:00,7.8,76,15.6,0.0,1008.2
2017-04-06 23:00:00,6.7,81,14.8,0.0,1008.3
2017-04-07 00:00:00,6.0,85,12.2,0.0,1009.2
2017-04-07 01:00:00,5.2,88,10.1,0.0,1009.9
2017-04-07 02:00:00,4.8,90,9.8,0.0,1009.9
2017-04-07 03:00:00,4.6,91,7.3,0.0,1009.4
2017-04-07 04:00:00,4.3,94,6.1,0.0,1008.6
2017-04-07 05:00:00,3.7,97,6.2,0.0,1008.1
2017-04-07 06:00:00,3.8,97,6.9,15.0,1008.4
2017-04-07 07:00:00,6.6,86,5.5,137.0,1007.6
2017-04-07 08:00:00,10.8,75,4.1,304.0,1006.8
2017-04-07 09:00:00,12.9,67,4.9,502.0,1007.2
2017-04-07 10:00:00,14.5,61,11.3,652.0,1007.2
2017-04-07 11:00:00,16.6,50,20.9,727.0,1006.3
2017-04-07 12:00:00,17.3,46,23.4,584.0,1005.4
2017-04-07 13:00:00,19.4,37,25.9,648.0,1004.3
2017-04-07 14:00:00,19.7,38,25.0,671.0,1003.5
2017-04-07 15:00:00,19.8,38,25.1,554.0,1002.9
2017-04-07 16:00:00,19.4,40,19.9,399.0,1002.7
2017-04-07 17:00:00,18.5,44,20.3,221.0,1001.9
2017-04-07 18:00:00,16.3,52,14.8,74.0,1002.5
2017-04-07 19:00:00,14.5,58,10.0,2.0,1003.0
2017-04-07 20:00:00,14.3,58,15.0,0.0,1003.2
2017-04-07 21:00:00,13.4,61,20.4,0.0,1004.0
2017-04-07 22:00:00,12.1,65,17.4,0.0,1004.4
2017-04-07 23:00:00,11.0,70,16.4,0.0,1004.6
2017-04-08 00:00:00,10.3,74,13.3,0.0,1005.3
2017-04-08 01:00:00,10.0,78,9.0,0.0,1005.9
2017-04-08 02:00:00,9.7,79,8.2,0.0,1006.1
2017-04-08 03:00:00,8.6,85,8.4,0.0,1006.8
2017-04-08 04:00:00,9.0,63,24.9,0.0,1007.7
2017-04-08 05:00:00,8.0,54,22.1,0.0,1008.9
2017-04-08 06:00:00,7.7,51,20.1,16.0,1010.3
2017-04-08 07:00:00,8.5,47,17.5,114.0,1011.1
2017-04-08 08:00:00,9.8,41,18.7,296.0,1012.3
2017-04-08 09:00:00,11.2,31,21.4,439.0,1012.7
2017-04-08 10:00:00,12.4,24,22.3,506.0,1012.6
2017-04-08 11:00:00,13.9,17,22.8,642.0,1012.2
2017-04-08 12:00:00,14.8,15,22.7,744.0,1011.6
2017-04-08 13:00:00,15.5,13,24.4,804.0,1010.7
2017-04-08 14:00:00,15.6,12,25.7,757.0,1010.0
2017-04-08 15:00:00,15.4,11,25.2,628.0,1009.5
2017-04-08 16:00:00,14.7,10,23.2,455.0,1009.5
2017-04-08 17:00:00,13.8,10,20.3,261.0,1009.7
2017-04-08 18:00:00,11.9,14,15.0,84.0,1010.1
2017-04-08 19:00:00,9.7,18,11.9,2.0,1010.9
2017-04-08 20:00:00,8.4,22,10.9,0.0,1011.4
2017-04-08 21:00:00,8.7,20,10.4,0.0,1011.6
2017-04-08 22:00:00,7.4,22,10.1,0.0,1012.2
2017-04-08 23:00:00,6.3,25,11.0,0.0,1012.7
2017-04-09 00:00:00,5.7,26,13.2,0.0,1013.0
2017-04-09 01:00:00,6.1,22,15.9,0.0,1013.0
2017-04-09 02:00:00,5.8,22,15.8,0.0,1013.1
2017-04-09 03:00:00,4.8,24,14.2,0.0,1013.4
2017-04-09 04:00:00,4.1,26,14.1,0.0,1013.8
2017-04-09 05:00:00,3.0,28,12.8,0.0,1014.1
2017-04-09 06:00:00,2.9,30,10.6,20.0,1014.7
2017-04-09 07:00:00,4.7,27,12.0,153.0,1015.3
2017-04-09 08:00:00,7.6,25,11.3,346.0,1015.6
2017-04-09 09:00:00,10.1,22,11.8,536.0,1015.3
2017-04-09 10:00:00,12.0,15,15.8,695.0,1014.9
2017-04-09 11:00:00,13.0,13,18.5,805.0,1014.3
2017-04-09 12:00:00,13.8,13,17.3,854.0,1013.4
2017-04-09 13:00:00,14.5,13,15.4,841.0,1012.9
2017-04-09 14:00:00,14.9,13,12.9,765.0,1012.1
2017-04-09 15:00:00,14.9,13,10.4,633.0,1011.3
2017-04-09 16:00:00,14.7,14,9.2,460.0,1011.1
2017-04-09 17:00:00,14.2,15,8.1,265.0,1010.7
2017-04-09 18:00:00,12.7,21,8.2,88.0,1010.1
2017-04-09 19:00:00,10.5,30,8.7,3.0,1010.2
2017-04-09 20:00:00,9.8,28,9.2,0.0,1009.6
2017-04-09 21:00:00,9.8,26,7.4,0.0,1009.1
2017-04-09 22:00:00,8.6,30,7.2,0.0,1009.1
2017-04-09 23:00:00,7.2,35,9.7,0.0,1008.9
2017-04-10 00:00:00,6.6,37,9.2,0.0,1008.6
2017-04-10 01:00:00,6.4,38,9.3,0.0,1008.2
2017-04-10 02:00:00,6.1,39,8.9,0.0,1007.6
2017-04-10 03:00:00,5.8,41,8.7,0.0,1007.0
2017-04-10 04:00:00,5.5,43,8.5,0.0,1006.5
2017-04-10 05:00:00,5.3,43,7.3,0.0,1006.1
2017-04-10 06:00:00,5.8,43,7.4,17.0,1006.2
2017-04-10 07:00:00,7.9,38,10.4,118.0,1006.1
2017-04-10 08:00:00,11.4,28,11.6,254.0,1006.2
2017-04-10 09:00:00,14.2,21,15.7,502.0,1005.4
2017-04-10 10:00:00,16.6,17,20.1,689.0,1005.2
2017-04-10 11:00:00,18.4,15,25.5,796.0,1004.4
2017-04-10 12:00:00,19.6,15,28.5,840.0,1003.6
2017-04-10 13:00:00,20.2,17,28.9,798.0,1002.7
2017-04-10 14:00:00,20.3,18,27.5,701.0,1001.5
2017-04-10 15:00:00,20.0,20,26.0,534.0,1000.6
2017-04-10 16:00:00,19.4,21,25.0,365.0,1000.0
2017-04-10 17:00:00,18.4,23,21.8,198.0,999.8
2017-04-10 18:00:00,16.6,28,19.1,67.0,999.6
2017-04-10 19:00:00,14.9,29,21.9,2.0,1000.2
2017-04-10 20:00:00,13.7,30,20.1,0.0,999.7
2017-04-10 21:00:00,13.3,29,18.7,0.0,999.7
2017-04-10 22:00:00,12.3,29,16.4,0.0,1000.2
2017-04-10 23:00:00,11.2,28,13.7,0.0,1001.9
2017-04-11 00:00:00,10.0,32,11.7,0.0,1002.0
2017-04-11 01:00:00,9.2,40,11.2,0.0,1001.9
2017-04-11 02:00:00,8.7,45,11.4,0.0,1002.2
2017-04-11 03:00:00,9.9,38,23.4,0.0,1002.4
2017-04-11 04:00:00,8.9,31,25.0,0.0,1003.5
2017-04-11 05:00:00,7.8,26,23.1,0.0,1004.3
2017-04-11 06:00:00,7.3,23,21.3,22.0,1005.3
2017-04-11 07:00:00,8.1,16,22.3,157.0,1006.1
2017-04-11 08:00:00,9.0,14,25.6,351.0,1007.1
2017-04-11 09:00:00,10.4,13,27.0,538.0,1007.1
2017-04-11 10:00:00,11.5,11,27.4,697.0,1007.3
2017-04-11 11:00:00,12.2,10,26.5,810.0,1007.2
2017-04-11 12:00:00,12.7,10,26.8,862.0,1006.4
2017-04-11 13:00:00,12.7,10,27.2,850.0,1006.2
2017-04-11 14:00:00,12.8,9,26.1,774.0,1006.1
2017-04-11 15:00:00,12.4,9,26.4,642.0,1005.5
2017-04-11 16:00:00,11.8,9,25.8,468.0,1005.5
2017-04-11 17:00:00,11.2,9,26.5,274.0,1005.0
2017-04-11 18:00:00,9.8,11,19.2,94.0,1005.1
2017-04-11 19:00:00,7.8,14,14.2,4.0,1006.1
2017-04-11 20:00:00,6.3,16,11.9,0.0,1007.8
2017-04-11 21:00:00,6.0,17,7.9,0.0,1008.0
2017-04-11 22:00:00,5.0,20,7.7,0.0,1007.4
2017-04-11 23:00:00,5.2,21,1.0,0.0,1007.5
2017-04-12 00:00:00,3.5,27,9.7,0.0,1007.9
2017-04-12 01:00:00,3.0,29,10.4,0.0,1008.0
2017-04-12 02:00:00,3.8,23,10.1,0.0,1007.9
2017-04-12 03:00:00,3.9,20,9.7,0.0,1007.8
2017-04-12 04:00:00,4.0,18,8.9,0.0,1008.0
2017-04-12 05:00:00,3.8,18,9.5,0.0,1007.8
2017-04-12 06:00:00,4.6,17,7.2,16.0,1007.9
2017-04-12 07:00:00,5.7,17,5.6,89.0,1008.4
2017-04-12 08:00:00,7.2,17,11.5,175.0,1009.4
2017-04-12 09:00:00,8.7,11,19.5,411.0,1009.6
2017-04-12 10:00:00,9.9,9,19.8,708.0,1009.7
2017-04-12 11:00:00,10.7,8,17.8,816.0,1009.3
2017-04-12 12:00:00,11.3,8,17.6,867.0,1008.5
2017-04-12 13:00:00,11.6,8,18.1,854.0,1008.1
2017-04-12 14:00:00,11.8,8,17.7,778.0,1007.5
2017-04-12 15:00:00,12.1,8,17.8,646.0,1006.9
2017-04-12 16:00:00,12.0,8,17.8,472.0,1006.6
2017-04-12 17:00:00,11.7,8,15.3,277.0,1006.5
2017-04-12 18:00:00,10.3,11,8.2,96.0,1006.4
2017-04-12 19:00:00,9.5,12,1.8,4.0,1006.5
2017-04-12 20:00:00,7.6,16,10.5,0.0,1006.9
2017-04-12 21:00:00,7.2,17,10.5,0.0,1007.0
2017-04-12 22:00:00,6.0,20,10.7,0.0,1007.0
2017-04-12 23:00:00,4.9,23,11.0,0.0,1007.5
2017-04-13 00:00:00,4.4,24,9.8,0.0,1007.7
2017-04-13 01:00:00,3.9,25,10.9,0.0,1007.6
2017-04-13 02:00:00,3.6,26,12.3,0.0,1006.8
2017-04-13 03:00:00,3.4,31,13.4,0.0,1006.6
2017-04-13 04:00:00,3.0,34,13.1,0.0,1006.3
2017-04-13 05:00:00,2.7,32,13.4,0.0,1006.0
2017-04-13 06:00:00,3.8,28,14.2,26.0,1005.9
2017-04-13 07:00:00,6.7,26,14.8,164.0,1005.5
2017-04-13 08:00:00,10.1,26,20.9,352.0,1005.4
2017-04-13 09:00:00,13.2,21,24.0,536.0,1005.0
2017-04-13 10:00:00,16.1,19,28.9,689.0,1004.0
2017-04-13 11:00:00,18.1,18,30.8,794.0,1003.2
2017-04-13 12:00:00,19.5,16,31.3,840.0,1002.2
2017-04-13 13:00:00,20.5,14,29.3,827.0,1001.1
2017-04-13 14:00:00,21.0,13,28.3,754.0,999.6
2017-04-13 15:00:00,21.0,13,27.6,626.0,998.4
2017-04-13 16:00:00,20.8,12,26.7,458.0,997.8
2017-04-13 17:00:00,19.9,15,23.0,269.0,997.2
2017-04-13 18:00:00,17.5,18,21.3,94.0,996.7
2017-04-13 19:00:00,14.5,34,25.5,4.0,997.2
2017-04-13 20:00:00,13.8,47,26.7,0.0,997.0
2017-04-13 21:00:00,13.2,49,27.7,0.0,996.9
2017-04-13 22:00:00,12.5,51,25.6,0.0,997.0
2017-04-13 23:00:00,12.0,54,25.4,0.0,997.4
2017-04-14 00:00:00,11.7,61,23.5,0.0,996.9
2017-04-14 01:00:00,11.9,64,20.9,0.0,996.5
2017-04-14 02:00:00,11.8,64,23.5,0.0,995.9
2017-04-14 03:00:00,11.6,66,25.4,0.0,995.8
2017-04-14 04:00:00,11.3,68,23.9,0.0,996.0
2017-04-14 05:00:00,11.1,70,23.8,0.0,995.6
2017-04-14 06:00:00,10.9,72,20.5,26.0,995.9
2017-04-14 07:00:00,11.5,67,16.6,157.0,996.3
2017-04-14 08:00:00,15.0,54,20.9,326.0,996.5
2017-04-14 09:00:00,16.9,50,25.4,482.0,995.9
2017-04-14 10:00:00,18.6,46,28.1,631.0,995.7
2017-04-14 11:00:00,19.6,42,25.3,754.0,995.9
2017-04-14 12:00:00,20.2,40,23.2,769.0,995.5
2017-04-14 13:00:00,20.2,39,21.3,639.0,995.3
2017-04-14 14:00:00,20.9,38,22.9,562.0,994.5
2017-04-14 15:00:00,21.6,36,19.2,590.0,994.2
2017-04-14 16:00:00,22.3,28,20.3,423.0,994.2
2017-04-14 17:00:00,20.3,40,19.0,250.0,994.8
2017-04-14 18:00:00,18.6,45,16.3,77.0,995.7
2017-04-14 19:00:00,16.3,47,17.6,5.0,996.4
2017-04-14 20:00:00,15.9,43,23.8,0.0,997.4
2017-04-14 21:00:00,14.2,63,24.3,0.0,997.8
2017-04-14 22:00:00,12.6,74,20.1,0.0,998.2
2017-04-14 23:00:00,12.1,73,18.8,0.0,998.3
2017-04-15 00:00:00,11.4,71,17.1,0.0,998.6
2017-04-15 01:00:00,10.8,71,15.0,0.0,998.8
2017-04-15 02:00:00,10.2,73,15.3,0.0,998.8
2017-04-15 03:00:00,9.8,74,16.3,0.0,998.8
2017-04-15 04:00:00,9.5,75,15.6,0.0,999.0
2017-04-15 05:00:00,8.9,76,12.7,0.0,999.0
2017-04-15 06:00:00,9.9,70,12.6,29.0,999.7
2017-04-15 07:00:00,12.6,57,14.5,166.0,999.8
2017-04-15 08:00:00,16.2,45,22.0,350.0,1000.3
2017-04-15 09:00:00,18.7,39,24.8,527.0,1000.1
2017-04-15 10:00:00,21.3,32,27.1,680.0,1000.3
2017-04-15 11:00:00,23.0,28,29.0,784.0,1000.1
2017-04-15 12:00:00,24.6,24,30.0,831.0,999.5
2017-04-15 13:00:00,25.6,22,30.4,818.0,998.9
2017-04-15 14:00:00,25.8,21,30.0,742.0,998.3
2017-04-15 15:00:00,25.2,22,28.2,508.0,997.9
2017-04-15 16:00:00,25.0,21,24.5,418.0,997.7
2017-04-15 17:00:00,24.1,25,21.9,238.0,998.1
2017-04-15 18:00:00,21.7,30,22.4,93.0,998.5
2017-04-15 19:00:00,19.1,31,17.7,5.0,999.2
2017-04-15 20:00:00,17.3,34,16.3,0.0,1000.9
2017-04-15 21:00:00,16.5,39,14.7,0.0,1001.5
2017-04-15 22:00:00,15.5,40,11.3,0.0,1002.8
2017-04-15 23:00:00,14.7,44,10.5,0.0,1002.9
2017-04-16 00:00:00,13.5,49,4.2,0.0,1003.6
2017-04-16 01:00:00,11.5,55,7.3,0.0,1003.8
2017-04-16 02:00:00,11.2,56,10.3,0.0,1003.6
2017-04-16 03:00:00,10.6,54,10.0,0.0,1004.5
2017-04-16 04:00:00,9.8,55,10.4,0.0,1005.0
2017-04-16 05:00:00,9.9,42,14.8,0.0,1005.6
2017-04-16 06:00:00,10.3,31,14.4,25.0,1005.9
2017-04-16 07:00:00,12.2,31,13.2,140.0,1006.5
2017-04-16 08:00:00,14.7,31,13.6,297.0,1007.3
2017-04-16 09:00:00,17.3,30,15.6,487.0,1007.3
2017-04-16 10:00:00,19.3,21,17.3,579.0,1007.5
2017-04-16 11:00:00,21.1,15,18.2,669.0,1007.2
2017-04-16 12:00:00,22.2,12,18.3,758.0,1006.4
2017-04-16 13:00:00,22.7,11,17.6,705.0,1005.6
2017-04-16 14:00:00,22.8,12,16.9,552.0,1004.3
2017-04-16 15:00:00,22.8,13,17.2,402.0,1003.0
2017-04-16 16:00:00,22.5,15,17.0,288.0,1002.2
2017-04-16 17:00:00,21.5,17,10.8,126.0,1001.9
2017-04-16 18:00:00,19.5,22,13.0,82.0,1001.7
2017-04-16 19:00:00,17.0,26,16.0,6.0,1001.3
2017-04-16 20:00:00,16.9,25,19.6,0.0,1001.0
2017-04-16 21:00:00,16.5,40,12.9,0.0,1000.6
2017-04-16 22:00:00,16.0,66,15.2,0.0,999.9
2017-04-16 23:00:00,14.9,69,14.5,0.0,999.6
2017-04-17 00:00:00,13.8,70,13.8,0.0,999.5
2017-04-17 01:00:00,13.2,69,13.3,0.0,998.9
2017-04-17 02:00:00,12.7,69,14.8,0.0,997.6
2017-04-17 03:00:00,12.6,67,16.9,0.0,996.8
2017-04-17 04:00:00,12.5,67,19.3,0.0,996.1
2017-04-17 05:00:00,12.7,68,20.7,0.0,995.5
2017-04-17 06:00:00,13.8,70,25.8,19.0,995.3
2017-04-17 07:00:00,14.7,73,24.8,91.0,994.8
2017-04-17 08:00:00,14.6,74,21.6,161.0,995.2
2017-04-17 09:00:00,14.7,76,24.7,110.0,994.2
2017-04-17 10:00:00,17.7,58,29.1,415.0,993.1
2017-04-17 11:00:00,18.6,58,26.8,710.0,992.3
2017-04-17 12:00:00,18.2,58,29.9,505.0,991.1
2017-04-17 13:00:00,18.4,56,19.2,417.0,990.3
2017-04-17 14:00:00,20.7,37,20.8,590.0,989.0
2017-04-17 15:00:00,20.2,35,18.7,493.0,988.5
2017-04-17 16:00:00,19.2,43,22.4,369.0,987.7
2017-04-17 17:00:00,18.6,53,11.3,250.0,988.2
2017-04-17 18:00:00,14.1,78,5.8,83.0,988.8
2017-04-17 19:00:00,12.5,88,15.1,4.0,988.2
2017-04-17 20:00:00,13.8,78,19.1,0.0,989.7
2017-04-17 21:00:00,13.3,80,20.5,0.0,989.7
2017-04-17 22:00:00,12.7,83,13.7,0.0,989.2
2017-04-17 23:00:00,11.9,86,13.6,0.0,989.2
2017-04-18 00:00:00,10.6,91,9.9,0.0,988.9
2017-04-18 01:00:00,9.6,94,7.8,0.0,988.6
2017-04-18 02:00:00,10.2,92,8.5,0.0,988.4
2017-04-18 03:00:00,9.8,93,9.5,0.0,988.1
2017-04-18 04:00:00,9.8,79,10.9,0.0,987.7
2017-04-18 05:00:00,10.1,55,8.0,0.0,987.3
2017-04-18 06:00:00,10.5,53,6.8,10.0,986.8
2017-04-18 07:00:00,11.1,51,6.0,64.0,986.5
2017-04-18 08:00:00,11.8,26,27.0,276.0,987.5
2017-04-18 09:00:00,12.8,27,25.8,559.0,987.7
2017-04-18 10:00:00,13.8,28,22.0,712.0,987.7
2017-04-18 11:00:00,14.4,28,19.6,812.0,987.9
2017-04-18 12:00:00,14.2,30,20.6,762.0,987.9
2017-04-18 13:00:00,14.7,29,19.9,713.0,988.2
2017-04-18 14:00:00,14.9,30,22.3,692.0,988.5
2017-04-18 15:00:00,14.7,27,24.4,538.0,988.7
2017-04-18 16:00:00,14.8,26,27.2,366.0,989.3
2017-04-18 17:00:00,14.1,28,25.2,146.0,990.5
2017-04-18 18:00:00,13.0,32,25.8,60.0,991.6
2017-04-18 19:00:00,11.0,40,15.7,7.0,992.6
2017-04-18 20:00:00,9.3,51,10.0,0.0,995.3
2017-04-18 21:00:00,8.9,48,12.7,0.0,995.8
2017-04-18 22:00:00,8.3,46,14.0,0.0,996.4
2017-04-18 23:00:00,7.4,50,11.8,0.0,997.0
2017-04-19 00:00:00,6.5,53,10.8,0.0,997.6
2017-04-19 01:00:00,5.7,56,9.7,0.0,997.8
2017-04-19 02:00:00,5.0,59,9.2,0.0,997.7
2017-04-19 03:00:00,4.5,59,9.4,0.0,998.3
2017-04-19 04:00:00,3.7,66,7.0,0.0,998.5
2017-04-19 05:00:00,5.4,44,1.0,0.0,998.8
2017-04-19 06:00:00,5.1,57,5.7,39.0,1000.0
2017-04-19 07:00:00,7.4,45,5.2,186.0,1000.3
2017-04-19 08:00:00,9.9,39,8.7,376.0,1001.2
2017-04-19 09:00:00,11.9,35,10.8,537.0,1001.9
2017-04-19 10:00:00,13.2,32,11.1,555.0,1001.4
2017-04-19 11:00:00,14.9,29,14.2,689.0,1001.9
2017-04-19 12:00:00,15.5,27,14.1,608.0,1001.1
2017-04-19 13:00:00,16.2,26,16.7,590.0,1000.8
2017-04-19 14:00:00,16.4,25,17.3,386.0,1000.4
2017-04-19 15:00:00,15.8,28,21.4,254.0,1000.0
2017-04-19 16:00:00,14.5,33,23.6,127.0,1000.3
2017-04-19 17:00:00,13.6,34,20.1,88.0,1000.5
2017-04-19 18:00:00,12.9,39,15.1,67.0,1000.6
2017-04-19 19:00:00,11.7,45,14.0,5.0,1000.6
2017-04-19 20:00:00,11.6,48,13.8,0.0,1001.2
2017-04-19 21:00:00,10.4,56,10.9,0.0,1001.3
2017-04-19 22:00:00,10.3,56,14.9,0.0,1001.5
2017-04-19 23:00:00,10.9,48,21.3,0.0,1001.6
2017-04-20 00:00:00,10.7,41,25.3,0.0,1001.5
2017-04-20 01:00:00,10.3,44,24.5,0.0,1001.0
2017-04-20 02:00:00,9.9,52,23.8,0.0,1000.6
2017-04-20 03:00:00,9.6,68,24.2,0.0,1000.4
2017-04-20 04:00:00,9.1,77,22.5,0.0,1000.2
2017-04-20 05:00:00,8.6,83,20.9,0.0,1000.0
2017-04-20 06:00:00,9.1,79,20.0,40.0,999.7
2017-04-20 07:00:00,10.4,71,19.1,186.0,1000.0
2017-04-20 08:00:00,12.9,62,23.0,364.0,1000.3
2017-04-20 09:00:00,14.4,53,18.6,484.0,1000.0
2017-04-20 10:00:00,15.5,42,14.1,629.0,1000.0
2017-04-20 11:00:00,16.6,31,13.1,734.0,1000.1
2017-04-20 12:00:00,17.3,27,14.3,796.0,999.6
2017-04-20 13:00:00,18.6,24,19.4,826.0,999.4
2017-04-20 14:00:00,18.7,25,21.0,718.0,999.1
2017-04-20 15:00:00,17.7,25,19.0,555.0,999.1
2017-04-20 16:00:00,17.3,27,21.2,275.0,999.2
2017-04-20 17:00:00,16.8,24,16.4,202.0,999.9
2017-04-20 18:00:00,12.9,55,17.8,81.0,1001.3
2017-04-20 19:00:00,11.2,63,12.2,8.0,1002.2
2017-04-20 20:00:00,11.3,56,16.3,0.0,1003.8
2017-04-20 21:00:00,10.9,54,16.8,0.0,1004.5
2017-04-20 22:00:00,9.7,65,13.5,0.0,1004.6
2017-04-20 23:00:00,8.6,74,11.2,0.0,1005.1
2017-04-21 00:00:00,7.6,78,9.2,0.0,1005.4
2017-04-21 01:00:00,6.6,84,8.2,0.0,1005.5
2017-04-21 02:00:00,5.6,90,6.1,0.0,1005.5
2017-04-21 03:00:00,5.0,93,5.5,0.0,1005.5
2017-04-21 04:00:00,4.3,95,6.3,0.0,1005.3
2017-04-21 05:00:00,4.2,87,10.6,0.0,1005.5
2017-04-21 06:00:00,5.4,67,8.0,43.0,1005.9
2017-04-21 07:00:00,7.8,55,7.8,193.0,1006.1
2017-04-21 08:00:00,10.8,44,5.4,382.0,1007.2
2017-04-21 09:00:00,13.2,36,5.4,564.0,1007.2
2017-04-21 10:00:00,15.0,29,4.8,714.0,1007.0
2017-04-21 11:00:00,16.2,26,4.4,816.0,1006.5
2017-04-21 12:00:00,17.2,24,3.8,863.0,1005.7
2017-04-21 13:00:00,18.0,22,4.3,846.0,1005.1
2017-04-21 14:00:00,19.0,19,7.0,769.0,1004.1
2017-04-21 15:00:00,19.1,19,13.1,422.0,1003.4
2017-04-21 16:00:00,19.0,20,12.2,383.0,1003.0
2017-04-21 17:00:00,18.9,20,2.1,218.0,1002.6
2017-04-21 18:00:00,16.8,40,7.2,110.0,1002.2
2017-04-21 19:00:00,13.2,48,9.7,9.0,1002.6
2017-04-21 20:00:00,11.9,59,6.3,0.0,1003.7
2017-04-21 21:00:00,11.7,45,10.0,0.0,1003.6
2017-04-21 22:00:00,10.9,42,12.8,0.0,1003.4
2017-04-21 23:00:00,9.8,44,12.4,0.0,1003.6
2017-04-22 00:00:00,9.3,40,14.3,0.0,1004.1
2017-04-22 01:00:00,8.6,44,15.6,0.0,1003.7
2017-04-22 02:00:00,8.3,48,16.3,0.0,1003.3
2017-04-22 03:00:00,8.0,51,16.3,0.0,1002.9
2017-04-22 04:00:00,7.6,56,16.1,0.0,1002.8
2017-04-22 05:00:00,7.4,60,15.8,0.0,1002.5
2017-04-22 06:00:00,8.6,57,15.8,46.0,1002.4
2017-04-22 07:00:00,11.0,50,18.2,198.0,1002.3
2017-04-22 08:00:00,14.6,39,22.4,388.0,1001.9
2017-04-22 09:00:00,17.3,32,23.0,569.0,1001.8
2017-04-22 10:00:00,19.4,29,23.9,719.0,1001.5
2017-04-22 11:00:00,21.6,26,26.4,821.0,1000.8
2017-04-22 12:00:00,22.9,19,31.6,865.0,1000.1
2017-04-22 13:00:00,23.6,15,33.7,848.0,999.2
2017-04-22 14:00:00,23.6,14,37.2,773.0,998.8
2017-04-22 15:00:00,22.9,15,40.2,646.0,998.1
2017-04-22 16:00:00,22.1,17,41.1,479.0,997.8
2017-04-22 17:00:00,20.2,26,36.5,279.0,997.9
2017-04-22 18:00:00,17.8,31,36.6,102.0,998.0
2017-04-22 19:00:00,16.2,35,34.5,8.0,998.5
2017-04-22 20:00:00,15.5,37,33.2,0.0,999.2
2017-04-22 21:00:00,15.6,35,31.7,0.0,999.4
2017-04-22 22:00:00,15.5,32,30.6,0.0,999.4
2017-04-22 23:00:00,15.1,31,24.2,0.0,1000.3
2017-04-23 00:00:00,13.5,40,21.6,0.0,1000.9
2017-04-23 01:00:00,12.7,47,20.9,0.0,1000.9
2017-04-23 02:00:00,11.0,43,14.2,0.0,1001.4
2017-04-23 03:00:00,10.5,26,19.5,0.0,1002.2
2017-04-23 04:00:00,9.4,31,13.0,0.0,1002.5
2017-04-23 05:00:00,8.9,35,11.2,0.0,1002.9
2017-04-23 06:00:00,8.9,38,12.6,23.0,1003.6
2017-04-23 07:00:00,9.1,42,13.5,83.0,1004.1
2017-04-23 08:00:00,10.1,41,15.0,175.0,1004.7
2017-04-23 09:00:00,9.5,45,11.8,190.0,1005.2
2017-04-23 10:00:00,8.4,50,4.6,174.0,1005.8
2017-04-23 11:00:00,8.0,53,10.5,84.0,1005.8
2017-04-23 12:00:00,8.4,56,12.0,152.0,1005.5
2017-04-23 13:00:00,10.1,46,6.8,334.0,1005.2
2017-04-23 14:00:00,12.4,33,9.3,687.0,1004.7
2017-04-23 15:00:00,13.5,28,12.5,661.0,1003.9
2017-04-23 16:00:00,13.8,28,15.0,490.0,1003.5
2017-04-23 17:00:00,13.5,28,14.7,284.0,1003.5
2017-04-23 18:00:00,12.2,37,16.6,113.0,1003.2
2017-04-23 19:00:00,9.2,60,18.6,10.0,1002.9
2017-04-23 20:00:00,8.0,62,13.1,0.0,1004.8
2017-04-23 21:00:00,7.8,53,10.9,0.0,1004.9
2017-04-23 22:00:00,7.0,55,10.8,0.0,1004.8
2017-04-23 23:00:00,6.5,56,12.0,0.0,1004.9
2017-04-24 00:00:00,6.7,62,12.3,0.0,1004.6
2017-04-24 01:00:00,6.7,75,11.4,0.0,1004.3
2017-04-24 02:00:00,6.1,82,9.5,0.0,1004.0
2017-04-24 03:00:00,5.9,83,10.0,0.0,1003.9
2017-04-24 04:00:00,6.1,84,10.1,0.0,1003.9
2017-04-24 05:00:00,7.1,80,11.9,0.0,1003.9
2017-04-24 06:00:00,8.1,77,7.9,25.0,1004.7
2017-04-24 07:00:00,9.4,73,7.0,130.0,1005.4
2017-04-24 08:00:00,10.6,71,2.4,202.0,1005.9
2017-04-24 09:00:00,11.1,72,3.3,199.0,1006.0
2017-04-24 10:00:00,11.8,68,2.9,195.0,1006.1
2017-04-24 11:00:00,12.1,42,6.8,143.0,1005.9
2017-04-24 12:00:00,11.7,52,13.0,254.0,1005.6
2017-04-24 13:00:00,12.5,47,11.3,405.0,1005.5
2017-04-24 14:00:00,12.1,46,13.2,296.0,1005.4
2017-04-24 15:00:00,12.4,46,14.2,396.0,1005.5
2017-04-24 16:00:00,12.7,45,15.9,443.0,1005.1
2017-04-24 17:00:00,12.7,43,15.4,294.0,1004.9
2017-04-24 18:00:00,10.9,53,10.8,121.0,1005.0
2017-04-24 19:00:00,8.3,67,14.8,11.0,1005.1
2017-04-24 20:00:00,7.4,68,12.9,0.0,1007.4
2017-04-24 21:00:00,7.0,67,9.1,0.0,1008.4
2017-04-24 22:00:00,6.6,65,9.8,0.0,1008.7
2017-04-24 23:00:00,6.9,65,14.8,0.0,1009.3
2017-04-25 00:00:00,6.8,67,14.1,0.0,1009.1
2017-04-25 01:00:00,6.6,66,13.3,0.0,1008.5
2017-04-25 02:00:00,6.1,66,13.4,0.0,1008.3
2017-04-25 03:00:00,5.7,68,12.3,0.0,1009.0
2017-04-25 04:00:00,4.8,67,10.8,0.0,1009.1
2017-04-25 05:00:00,3.8,63,9.8,0.0,1009.4
2017-04-25 06:00:00,6.2,42,9.4,54.0,1010.1
2017-04-25 07:00:00,8.9,32,13.1,210.0,1010.6
2017-04-25 08:00:00,10.7,29,20.7,400.0,1011.5
2017-04-25 09:00:00,12.0,27,21.1,584.0,1011.6
2017-04-25 10:00:00,13.0,26,20.5,733.0,1012.0
2017-04-25 11:00:00,13.8,27,19.0,830.0,1012.2
2017-04-25 12:00:00,14.3,27,18.9,811.0,1012.0
2017-04-25 13:00:00,14.6,27,17.6,759.0,1011.9
2017-04-25 14:00:00,14.8,27,15.5,655.0,1012.1
2017-04-25 15:00:00,15.2,25,15.3,620.0,1011.5
2017-04-25 16:00:00,15.3,23,12.0,485.0,1010.9
2017-04-25 17:00:00,15.3,20,10.4,300.0,1011.0
2017-04-25 18:00:00,14.4,24,6.3,123.0,1010.8
2017-04-25 19:00:00,13.1,31,3.4,12.0,1011.0
2017-04-25 20:00:00,10.6,40,9.0,0.0,1011.8
2017-04-25 21:00:00,9.8,38,9.7,0.0,1011.7
2017-04-25 22:00:00,8.4,41,10.6,0.0,1011.4
2017-04-25 23:00:00,7.8,41,13.6,0.0,1011.6
2017-04-26 00:00:00,7.7,38,14.8,0.0,1011.8
2017-04-26 01:00:00,7.5,35,14.5,0.0,1011.4
2017-04-26 02:00:00,6.7,37,12.6,0.0,1011.0
2017-04-26 03:00:00,6.2,35,11.9,0.0,1010.6
2017-04-26 04:00:00,5.9,35,12.5,0.0,1010.5
2017-04-26 05:00:00,5.7,36,13.2,0.0,1010.5
2017-04-26 06:00:00,7.2,36,11.5,55.0,1010.9
2017-04-26 07:00:00,9.5,32,13.8,209.0,1011.4
2017-04-26 08:00:00,11.0,32,13.7,321.0,1011.9
2017-04-26 09:00:00,11.7,34,14.2,393.0,1011.7
2017-04-26 10:00:00,13.3,31,19.5,702.0,1011.7
2017-04-26 11:00:00,14.3,27,23.8,747.0,1011.7
2017-04-26 12:00:00,15.3,25,23.1,702.0,1011.0
2017-04-26 13:00:00,16.1,21,24.2,727.0,1010.2
2017-04-26 14:00:00,16.6,20,24.2,651.0,1009.4
2017-04-26 15:00:00,16.8,19,23.5,556.0,1008.8
2017-04-26 16:00:00,16.5,20,22.9,388.0,1008.6
2017-04-26 17:00:00,16.3,18,19.8,231.0,1008.2
2017-04-26 18:00:00,15.4,21,13.8,68.0,1008.0
2017-04-26 19:00:00,13.9,25,11.7,8.0,1008.1
2017-04-26 20:00:00,13.0,24,13.8,0.0,1008.5
2017-04-26 21:00:00,12.0,27,9.4,0.0,1008.1
2017-04-26 22:00:00,10.1,43,5.9,0.0,1007.7
2017-04-26 23:00:00,9.4,37,9.5,0.0,1007.8
2017-04-27 00:00:00,8.3,41,9.9,0.0,1007.2
2017-04-27 01:00:00,7.3,42,10.4,0.0,1006.5
2017-04-27 02:00:00,6.4,44,10.7,0.0,1005.8
2017-04-27 03:00:00,5.7,44,10.5,0.0,1005.3
2017-04-27 04:00:00,5.5,46,10.7,0.0,1004.5
2017-04-27 05:00:00,4.6,59,10.7,0.0,1004.0
2017-04-27 06:00:00,6.4,57,8.9,59.0,1003.8
2017-04-27 07:00:00,9.5,41,9.2,215.0,1003.7
2017-04-27 08:00:00,12.8,30,11.7,404.0,1002.9
2017-04-27 09:00:00,15.0,22,11.9,583.0,1002.4
2017-04-27 10:00:00,16.9,20,11.2,731.0,1002.2
2017-04-27 11:00:00,18.7,19,11.9,830.0,1001.6
2017-04-27 12:00:00,20.1,18,14.8,873.0,1000.6
2017-04-27 13:00:00,21.1,17,16.1,854.0,999.2
2017-04-27 14:00:00,21.7,16,17.6,752.0,998.2
2017-04-27 15:00:00,21.7,15,17.7,548.0,997.5
2017-04-27 16:00:00,22.4,13,14.5,472.0,996.2
2017-04-27 17:00:00,21.8,14,6.6,225.0,995.6
2017-04-27 18:00:00,20.8,21,2.8,93.0,995.0
2017-04-27 19:00:00,17.9,31,9.3,11.0,995.7
2017-04-27 20:00:00,15.9,29,6.5,0.0,995.9
2017-04-27 21:00:00,15.6,29,3.3,0.0,996.1
2017-04-27 22:00:00,13.8,31,5.8,0.0,995.8
2017-04-27 23:00:00,12.3,34,4.2,0.0,995.7
2017-04-28 00:00:00,10.9,38,10.1,0.0,995.3
2017-04-28 01:00:00,10.0,40,9.9,0.0,995.1
2017-04-28 02:00:00,9.6,40,9.9,0.0,994.9
2017-04-28 03:00:00,8.5,44,9.2,0.0,994.7
2017-04-28 04:00:00,7.6,45,7.2,0.0,994.6
2017-04-28 05:00:00,8.4,43,12.8,1.0,995.0
2017-04-28 06:00:00,10.2,36,15.3,62.0,995.7
2017-04-28 07:00:00,12.7,27,17.1,220.0,996.2
2017-04-28 08:00:00,16.3,19,14.7,386.0,996.0
2017-04-28 09:00:00,18.1,17,16.9,548.0,996.2
2017-04-28 10:00:00,19.6,16,16.6,648.0,996.1
2017-04-28 11:00:00,21.0,14,19.9,809.0,995.9
2017-04-28 12:00:00,21.7,13,19.5,848.0,995.3
2017-04-28 13:00:00,22.1,13,21.1,832.0,995.0
2017-04-28 14:00:00,20.1,17,21.2,372.0,995.0
2017-04-28 15:00:00,19.7,18,18.2,460.0,994.5
2017-04-28 16:00:00,18.4,23,11.0,214.0,994.6
2017-04-28 17:00:00,17.6,26,6.1,109.0,993.8
2017-04-28 18:00:00,16.9,31,9.7,112.0,993.6
2017-04-28 19:00:00,14.4,42,6.5,14.0,994.2
2017-04-28 20:00:00,15.5,28,5.0,0.0,995.0
2017-04-28 21:00:00,14.3,36,11.7,0.0,995.3
2017-04-28 22:00:00,13.4,39,12.5,0.0,995.7
2017-04-28 23:00:00,12.4,40,11.0,0.0,996.1
2017-04-29 00:00:00,11.5,42,12.2,0.0,996.1
2017-04-29 01:00:00,10.7,45,10.8,0.0,996.0
2017-04-29 02:00:00,9.9,48,10.5,0.0,995.7
2017-04-29 03:00:00,9.3,49,10.9,0.0,995.5
2017-04-29 04:00:00,9.1,47,12.0,0.0,995.2
2017-04-29 05:00:00,9.5,42,14.6,1.0,994.8
2017-04-29 06:00:00,11.1,37,15.3,63.0,994.4
2017-04-29 07:00:00,13.7,34,16.7,219.0,994.4
2017-04-29 08:00:00,17.6,29,19.9,407.0,993.9
2017-04-29 09:00:00,21.0,24,22.1,585.0,993.1
2017-04-29 10:00:00,24.1,20,25.8,729.0,992.6
2017-04-29 11:00:00,26.4,18,30.3,824.0,991.6
2017-04-29 12:00:00,28.1,15,34.7,867.0,990.1
2017-04-29 13:00:00,29.0,14,37.9,851.0,989.3
2017-04-29 14:00:00,29.2,13,37.8,776.0,988.7
2017-04-29 15:00:00,29.2,13,35.9,621.0,987.8
2017-04-29 16:00:00,28.5,15,32.7,484.0,987.7
2017-04-29 17:00:00,26.9,18,28.3,288.0,987.9
2017-04-29 18:00:00,24.1,23,24.5,127.0,988.4
2017-04-29 19:00:00,21.2,29,17.8,15.0,989.1
2017-04-29 20:00:00,19.3,33,17.3,0.0,990.4
2017-04-29 21:00:00,18.7,35,15.1,0.0,991.5
2017-04-29 22:00:00,16.8,41,9.9,0.0,993.0
2017-04-29 23:00:00,15.9,44,4.5,0.0,994.6
2017-04-30 00:00:00,16.3,24,13.5,0.0,995.7
2017-04-30 01:00:00,15.3,15,16.5,0.0,996.9
2017-04-30 02:00:00,13.4,24,13.5,0.0,997.7
2017-04-30 03:00:00,11.7,31,11.3,0.0,998.7
2017-04-30 04:00:00,10.6,35,11.6,0.0,999.5
2017-04-30 05:00:00,10.0,35,12.1,1.0,999.9
2017-04-30 06:00:00,11.5,31,11.2,68.0,1000.9
2017-04-30 07:00:00,13.9,27,12.5,228.0,1001.9
2017-04-30 08:00:00,16.8,23,18.1,420.0,1002.1
2017-04-30 09:00:00,18.5,21,20.4,600.0,1002.9
2017-04-30 10:00:00,19.7,20,21.1,742.0,1003.4
2017-04-30 11:00:00,20.6,17,23.3,844.0,1004.0
2017-04-30 12:00:00,20.9,17,22.2,889.0,1004.1
2017-04-30 13:00:00,21.2,16,21.7,869.0,1004.2
2017-04-30 14:00:00,21.2,16,21.1,770.0,1004.1
2017-04-30 15:00:00,20.8,16,19.6,593.0,1004.0
2017-04-30 16:00:00,20.6,16,17.5,454.0,1004.0
2017-04-30 17:00:00,20.0,16,17.1,279.0,1004.5
2017-04-30 18:00:00,18.6,18,14.1,133.0,1005.0
2017-04-30 19:00:00,16.1,22,11.6,17.0,1006.0
2017-04-30 20:00:00,15.1,25,10.7,0.0,1006.7
2017-04-30 21:00:00,14.8,27,10.9,0.0,1007.6
2017-04-30 22:00:00,13.7,30,10.4,0.0,1007.8
2017-04-30 23:00:00,12.8,33,10.0,0.0,1008.4
2017-05-01 00:00:00,11.7,37,9.8,0.0,1008.8
2017-05-01 01:00:00,10.5,44,9.8,0.0,1009.2
2017-05-01 02:00:00,9.5,51,9.9,0.0,1009.6
2017-05-01 03:00:00,8.8,54,9.6,0.0,1010.1
2017-05-01 04:00:00,8.1,56,8.7,0.0,1010.6
2017-05-01 05:00:00,7.5,59,8.3,1.0,1011.0
2017-05-01 06:00:00,9.1,52,7.2,70.0,1011.0
2017-05-01 07:00:00,12.3,40,8.5,231.0,1011.3
2017-05-01 08:00:00,16.1,32,6.6,422.0,1011.7
2017-05-01 09:00:00,18.9,23,8.0,602.0,1011.3
2017-05-01 10:00:00,21.0,18,11.3,748.0,1011.1
2017-05-01 11:00:00,22.6,16,11.0,848.0,1011.0
2017-05-01 12:00:00,23.8,14,9.0,891.0,1010.3
2017-05-01 13:00:00,24.6,13,7.8,873.0,1009.5
2017-05-01 14:00:00,25.1,13,6.1,797.0,1008.7
2017-05-01 15:00:00,25.6,12,5.9,668.0,1008.1
2017-05-01 16:00:00,25.7,12,6.5,500.0,1007.7
2017-05-01 17:00:00,25.4,13,6.8,313.0,1007.5
2017-05-01 18:00:00,24.7,15,6.5,134.0,1007.5
2017-05-01 19:00:00,21.7,21,8.4,17.0,1007.9
2017-05-01 20:00:00,20.0,23,8.2,0.0,1007.7
2017-05-01 21:00:00,19.5,22,15.6,0.0,1008.1
2017-05-01 22:00:00,18.0,19,17.8,0.0,1008.5
2017-05-01 23:00:00,16.5,20,15.8,0.0,1009.1
2017-05-02 00:00:00,15.4,24,13.2,0.0,1009.3
2017-05-02 01:00:00,14.2,27,11.6,0.0,1009.2
2017-05-02 02:00:00,13.1,31,10.8,0.0,1009.2
2017-05-02 03:00:00,12.2,35,10.4,0.0,1009.7
2017-05-02 04:00:00,11.6,41,10.9,0.0,1009.9
2017-05-02 05:00:00,11.1,48,10.8,2.0,1010.2
2017-05-02 06:00:00,12.9,46,10.4,71.0,1010.5
2017-05-02 07:00:00,16.4,36,13.0,230.0,1010.7
2017-05-02 08:00:00,20.1,24,18.2,416.0,1011.1
2017-05-02 09:00:00,23.1,16,22.7,591.0,1010.9
2017-05-02 10:00:00,25.8,13,25.6,735.0,1011.0
2017-05-02 11:00:00,27.5,11,26.1,833.0,1010.8
2017-05-02 12:00:00,29.0,10,26.9,880.0,1010.0
2017-05-02 13:00:00,30.1,10,28.1,863.0,1009.2
2017-05-02 14:00:00,30.6,10,27.8,787.0,1008.4
2017-05-02 15:00:00,30.5,11,28.6,660.0,1007.8
2017-05-02 16:00:00,29.4,13,26.9,496.0,1007.9
2017-05-02 17:00:00,27.2,18,26.3,310.0,1008.4
2017-05-02 18:00:00,24.7,19,24.9,133.0,1009.1
2017-05-02 19:00:00,22.0,20,26.7,18.0,1009.9
2017-05-02 20:00:00,20.7,22,24.5,0.0,1010.2
2017-05-02 21:00:00,19.3,25,21.4,0.0,1010.9
2017-05-02 22:00:00,17.9,29,19.3,0.0,1011.3
2017-05-02 23:00:00,16.9,30,18.4,0.0,1011.0
2017-05-03 00:00:00,16.1,32,17.8,0.0,1011.2
2017-05-03 01:00:00,15.3,41,15.9,0.0,1011.2
2017-05-03 02:00:00,14.5,52,15.4,0.0,1011.1
2017-05-03 03:00:00,14.1,59,15.0,0.0,1011.3
2017-05-03 04:00:00,13.7,63,16.3,0.0,1011.3
2017-05-03 05:00:00,13.5,64,18.0,2.0,1011.1
2017-05-03 06:00:00,14.6,62,16.2,70.0,1011.6
2017-05-03 07:00:00,16.2,56,21.3,213.0,1011.7
2017-05-03 08:00:00,19.0,44,23.0,398.0,1011.4
2017-05-03 09:00:00,21.6,35,24.5,595.0,1010.9
2017-05-03 10:00:00,23.9,27,26.3,741.0,1010.4
2017-05-03 11:00:00,25.6,22,29.2,842.0,1010.1
2017-05-03 12:00:00,26.3,21,30.6,887.0,1009.6
2017-05-03 13:00:00,26.7,23,30.6,868.0,1009.0
2017-05-03 14:00:00,27.0,24,30.5,789.0,1008.3
2017-05-03 15:00:00,27.1,24,29.8,661.0,1007.5
2017-05-03 16:00:00,26.6,27,29.8,494.0,1007.5
2017-05-03 17:00:00,25.4,32,28.9,307.0,1007.5
2017-05-03 18:00:00,24.2,36,21.6,133.0,1007.5
2017-05-03 19:00:00,21.6,45,21.8,18.0,1008.2
2017-05-03 20:00:00,20.5,47,18.6,0.0,1008.7
2017-05-03 21:00:00,19.7,42,22.3,0.0,1009.1
2017-05-03 22:00:00,18.6,41,22.4,0.0,1008.9
2017-05-03 23:00:00,17.7,44,21.3,0.0,1008.8
2017-05-04 00:00:00,17.2,45,19.2,0.0,1008.7
2017-05-04 01:00:00,16.3,47,17.8,0.0,1008.4
2017-05-04 02:00:00,16.0,47,17.8,0.0,1007.7
2017-05-04 03:00:00,15.5,48,18.6,0.0,1007.4
2017-05-04 04:00:00,15.2,49,17.0,0.0,1007.6
2017-05-04 05:00:00,15.0,50,15.0,2.0,1007.4
2017-05-04 06:00:00,15.4,50,12.7,36.0,1007.3
2017-05-04 07:00:00,16.3,48,15.2,83.0,1007.6
2017-05-04 08:00:00,17.6,50,21.1,156.0,1008.3
2017-05-04 09:00:00,15.8,68,17.9,122.0,1008.5
2017-05-04 10:00:00,15.3,77,15.5,93.0,1008.3
2017-05-04 11:00:00,15.4,78,17.7,129.0,1008.4
2017-05-04 12:00:00,15.4,80,17.2,115.0,1008.2
2017-05-04 13:00:00,15.5,79,19.2,124.0,1007.7
2017-05-04 14:00:00,15.8,78,16.6,123.0,1007.2
2017-05-04 15:00:00,16.5,71,18.2,92.0,1006.5
2017-05-04 16:00:00,17.8,62,19.3,120.0,1006.0
2017-05-04 17:00:00,18.5,59,15.1,99.0,1005.8
2017-05-04 18:00:00,17.5,68,16.9,40.0,1005.7
2017-05-04 19:00:00,16.9,70,17.6,9.0,1005.7
2017-05-04 20:00:00,14.0,86,10.8,0.0,1006.8
2017-05-04 21:00:00,13.7,86,11.6,0.0,1007.2
2017-05-04 22:00:00,12.8,86,10.8,0.0,1007.0
2017-05-04 23:00:00,12.2,89,11.3,0.0,1007.5
2017-05-05 00:00:00,11.9,91,11.6,0.0,1007.2
2017-05-05 01:00:00,11.7,93,12.2,0.0,1006.6
2017-05-05 02:00:00,11.4,95,12.6,0.0,1005.8
2017-05-05 03:00:00,11.3,95,13.4,0.0,1004.9
2017-05-05 04:00:00,11.5,95,15.3,0.0,1004.1
2017-05-05 05:00:00,11.5,94,15.6,3.0,1003.6
2017-05-05 06:00:00,12.8,90,15.1,78.0,1003.6
2017-05-05 07:00:00,14.9,81,20.5,239.0,1002.6
2017-05-05 08:00:00,17.1,70,25.2,419.0,1002.3
2017-05-05 09:00:00,19.3,56,25.7,581.0,1001.5
2017-05-05 10:00:00,20.7,46,30.1,619.0,1000.2
2017-05-05 11:00:00,20.9,43,35.9,619.0,1000.2
2017-05-05 12:00:00,21.3,29,36.9,524.0,999.0
2017-05-05 13:00:00,20.8,32,38.0,362.0,997.1
2017-05-05 14:00:00,11.0,68,30.9,280.0,999.8
2017-05-05 15:00:00,8.1,74,20.2,67.0,1000.9
2017-05-05 16:00:00,8.3,69,9.8,34.0,1001.8
2017-05-05 17:00:00,9.8,64,15.6,180.0,1001.5
2017-05-05 18:00:00,11.4,46,19.2,129.0,1001.9
2017-05-05 19:00:00,10.5,24,15.9,22.0,1002.3
2017-05-05 20:00:00,10.5,19,24.5,0.0,1005.0
2017-05-05 21:00:00,9.8,22,17.2,0.0,1005.3
2017-05-05 22:00:00,7.7,32,13.2,0.0,1004.8
2017-05-05 23:00:00,6.6,32,14.5,0.0,1004.1
2017-05-06 00:00:00,5.9,34,14.5,0.0,1003.0
2017-05-06 01:00:00,5.3,44,11.6,0.0,1002.2
2017-05-06 02:00:00,8.3,26,21.9,0.0,1001.8
2017-05-06 03:00:00,9.6,25,22.4,0.0,1001.5
2017-05-06 04:00:00,9.4,24,20.6,0.0,1001.9
2017-05-06 05:00:00,7.2,30,16.5,3.0,1002.5
2017-05-06 06:00:00,8.3,30,19.6,85.0,1003.2
2017-05-06 07:00:00,10.1,26,23.9,256.0,1003.7
2017-05-06 08:00:00,11.9,19,31.9,452.0,1004.1
2017-05-06 09:00:00,12.8,17,34.0,633.0,1003.9
2017-05-06 10:00:00,13.8,15,39.3,779.0,1003.6
2017-05-06 11:00:00,14.3,15,39.4,748.0,1003.3
2017-05-06 12:00:00,15.6,13,43.8,911.0,1002.6
2017-05-06 13:00:00,16.3,12,40.8,896.0,1001.9
2017-05-06 14:00:00,16.7,12,38.9,833.0,1001.4
2017-05-06 15:00:00,16.8,12,38.0,705.0,1001.0
2017-05-06 16:00:00,16.5,12,36.6,531.0,1001.0
2017-05-06 17:00:00,16.0,13,32.0,339.0,1001.5
2017-05-06 18:00:00,14.8,15,25.4,153.0,1001.8
2017-05-06 19:00:00,13.0,18,22.0,24.0,1002.4
2017-05-06 20:00:00,13.1,17,24.8,0.0,1004.2
2017-05-06 21:00:00,12.4,19,21.3,0.0,1004.6
2017-05-06 22:00:00,10.7,25,16.1,0.0,1004.8
2017-05-06 23:00:00,9.7,27,15.5,0.0,1005.3
2017-05-07 00:00:00,9.0,29,15.2,0.0,1005.1
2017-05-07 01:00:00,8.2,30,14.8,0.0,1005.0
2017-05-07 02:00:00,7.5,32,14.8,0.0,1004.8
2017-05-07 03:00:00,6.8,33,14.4,0.0,1005.0
2017-05-07 04:00:00,6.3,34,14.8,0.0,1005.4
2017-05-07 05:00:00,6.0,35,13.4,4.0,1005.5
2017-05-07 06:00:00,8.1,31,11.5,87.0,1005.7
2017-05-07 07:00:00,11.2,25,11.9,256.0,1006.0
2017-05-07 08:00:00,14.3,22,15.9,446.0,1005.5
2017-05-07 09:00:00,16.5,20,18.0,620.0,1005.2
2017-05-07 10:00:00,18.5,17,19.5,764.0,1004.3
2017-05-07 11:00:00,20.0,17,19.8,860.0,1003.7
2017-05-07 12:00:00,21.3,18,19.1,899.0,1002.6
2017-05-07 13:00:00,22.4,18,20.8,881.0,1001.3
2017-05-07 14:00:00,23.4,18,23.6,806.0,1000.3
2017-05-07 15:00:00,24.4,18,25.8,679.0,998.9
2017-05-07 16:00:00,25.6,17,26.6,513.0,997.7
2017-05-07 17:00:00,22.9,22,31.3,325.0,997.7
2017-05-07 18:00:00,20.2,26,25.0,146.0,997.9
2017-05-07 19:00:00,18.1,30,22.7,24.0,998.2
2017-05-07 20:00:00,17.6,30,26.1,0.0,998.6
2017-05-07 21:00:00,17.1,34,26.0,0.0,998.8
2017-05-07 22:00:00,16.0,41,22.7,0.0,999.1
2017-05-07 23:00:00,15.2,47,21.2,0.0,999.4
2017-05-08 00:00:00,14.6,52,17.3,0.0,999.6
2017-05-08 01:00:00,12.6,64,4.9,0.0,1000.4
2017-05-08 02:00:00,11.2,72,8.0,0.0,1000.3
2017-05-08 03:00:00,10.6,73,9.2,0.0,1000.5
2017-05-08 04:00:00,10.0,75,9.2,0.0,1000.7
2017-05-08 05:00:00,10.0,74,9.2,4.0,1001.0
2017-05-08 06:00:00,12.3,64,7.5,83.0,1001.8
2017-05-08 07:00:00,15.5,51,8.1,243.0,1002.3
2017-05-08 08:00:00,18.3,42,8.3,427.0,1002.0
2017-05-08 09:00:00,20.5,37,6.8,600.0,1002.1
2017-05-08 10:00:00,22.6,33,8.6,743.0,1002.2
2017-05-08 11:00:00,24.6,30,10.2,839.0,1002.1
2017-05-08 12:00:00,26.2,28,10.2,880.0,1001.6
2017-05-08 13:00:00,27.4,25,10.1,859.0,1000.9
2017-05-08 14:00:00,28.2,23,11.2,786.0,1000.2
2017-05-08 15:00:00,28.6,21,12.2,668.0,999.6
2017-05-08 16:00:00,28.4,20,12.8,475.0,999.3
2017-05-08 17:00:00,27.3,22,11.5,278.0,999.1
2017-05-08 18:00:00,25.1,31,12.8,120.0,999.0
2017-05-08 19:00:00,23.1,41,18.4,22.0,999.4
2017-05-08 20:00:00,22.3,34,18.9,0.0,1000.1
2017-05-08 21:00:00,21.4,39,19.2,0.0,1000.5
2017-05-08 22:00:00,19.7,51,14.5,0.0,1000.8
2017-05-08 23:00:00,18.1,56,14.1,0.0,1001.2
2017-05-09 00:00:00,17.0,57,15.8,0.0,1001.2
2017-05-09 01:00:00,16.3,59,17.3,0.0,1001.1
2017-05-09 02:00:00,15.8,61,17.3,0.0,1000.9
2017-05-09 03:00:00,15.2,63,15.1,0.0,1000.8
2017-05-09 04:00:00,15.0,64,18.2,0.0,1001.3
2017-05-09 05:00:00,15.8,61,23.1,4.0,1001.8
2017-05-09 06:00:00,16.8,56,22.8,72.0,1002.3
2017-05-09 07:00:00,17.6,55,21.8,200.0,1002.7
2017-05-09 08:00:00,20.0,42,26.0,370.0,1003.1
2017-05-09 09:00:00,21.8,34,29.1,581.0,1002.8
2017-05-09 10:00:00,23.3,30,31.2,733.0,1002.7
2017-05-09 11:00:00,24.4,29,33.1,832.0,1002.5
2017-05-09 12:00:00,24.8,28,34.1,842.0,1002.0
2017-05-09 13:00:00,24.8,28,34.0,782.0,1001.6
2017-05-09 14:00:00,24.1,29,32.7,601.0,1000.9
2017-05-09 15:00:00,23.5,32,30.6,464.0,1000.3
2017-05-09 16:00:00,22.8,34,28.0,356.0,999.8
2017-05-09 17:00:00,21.9,37,24.7,278.0,999.6
2017-05-09 18:00:00,20.8,41,21.7,147.0,999.8
2017-05-09 19:00:00,19.0,46,20.3,25.0,1000.2
2017-05-09 20:00:00,17.1,53,17.3,0.0,1000.3
2017-05-09 21:00:00,16.1,57,19.7,0.0,1000.9
2017-05-09 22:00:00,14.8,63,20.1,0.0,1001.1
2017-05-09 23:00:00,14.0,68,19.5,0.0,1001.3
2017-05-10 00:00:00,13.2,73,19.1,0.0,1001.1
2017-05-10 01:00:00,12.7,76,18.6,0.0,1000.6
2017-05-10 02:00:00,12.2,79,18.9,0.0,1000.1
2017-05-10 03:00:00,11.7,81,18.4,0.0,999.7
2017-05-10 04:00:00,11.4,82,17.7,0.0,999.4
2017-05-10 05:00:00,11.4,79,16.9,5.0,999.1
2017-05-10 06:00:00,12.8,70,16.9,85.0,999.1
2017-05-10 07:00:00,15.0,61,22.2,242.0,999.2
2017-05-10 08:00:00,17.4,53,24.3,423.0,999.1
2017-05-10 09:00:00,19.8,44,25.6,594.0,998.7
2017-05-10 10:00:00,21.5,40,27.4,734.0,998.3
2017-05-10 11:00:00,22.9,39,28.3,828.0,998.2
2017-05-10 12:00:00,24.1,37,28.3,868.0,997.3
2017-05-10 13:00:00,24.8,35,27.9,850.0,996.8
2017-05-10 14:00:00,25.2,34,30.1,782.0,996.2
2017-05-10 15:00:00,25.1,34,31.7,656.0,995.8
2017-05-10 16:00:00,24.1,37,31.6,479.0,996.0
2017-05-10 17:00:00,22.6,43,27.0,286.0,996.0
2017-05-10 18:00:00,22.3,43,23.0,121.0,996.1
2017-05-10 19:00:00,20.8,48,22.5,19.0,996.8
2017-05-10 20:00:00,19.8,53,19.1,0.0,998.4
2017-05-10 21:00:00,19.3,55,19.1,0.0,998.7
2017-05-10 22:00:00,17.9,57,17.3,0.0,998.6
2017-05-10 23:00:00,16.5,59,18.8,0.0,998.9
2017-05-11 00:00:00,15.8,62,19.5,0.0,998.6
2017-05-11 01:00:00,15.1,67,16.3,0.0,998.8
2017-05-11 02:00:00,14.4,73,12.6,0.0,998.9
2017-05-11 03:00:00,13.7,78,13.6,0.0,998.4
2017-05-11 04:00:00,13.6,80,15.0,0.0,998.1
2017-05-11 05:00:00,13.6,81,15.2,5.0,997.9
2017-05-11 06:00:00,15.2,75,15.5,89.0,998.2
2017-05-11 07:00:00,17.2,66,19.7,252.0,998.5
2017-05-11 08:00:00,19.5,57,22.7,434.0,998.5
2017-05-11 09:00:00,21.8,48,23.4,613.0,997.8
2017-05-11 10:00:00,24.1,40,24.2,757.0,997.8
2017-05-11 11:00:00,26.2,34,25.5,851.0,997.5
2017-05-11 12:00:00,27.4,30,27.9,890.0,996.7
2017-05-11 13:00:00,28.0,29,26.0,856.0,996.1
2017-05-11 14:00:00,27.8,30,28.7,720.0,995.2
2017-05-11 15:00:00,26.6,37,30.8,562.0,994.7
2017-05-11 16:00:00,25.1,43,30.6,281.0,993.9
2017-05-11 17:00:00,23.9,47,31.0,171.0,993.0
2017-05-11 18:00:00,21.9,51,21.0,99.0,994.0
2017-05-11 19:00:00,16.8,77,19.9,16.0,995.9
2017-05-11 20:00:00,16.8,31,14.8,0.0,1001.3
2017-05-11 21:00:00,15.8,24,13.3,0.0,1002.0
2017-05-11 22:00:00,14.3,51,4.0,0.0,1001.8
2017-05-11 23:00:00,14.4,41,5.9,0.0,1001.8
2017-05-12 00:00:00,12.4,42,9.5,0.0,1002.1
2017-05-12 01:00:00,11.0,41,10.4,0.0,1001.7
2017-05-12 02:00:00,10.0,39,10.9,0.0,1001.2
2017-05-12 03:00:00,9.2,39,11.1,0.0,1000.8
2017-05-12 04:00:00,8.6,41,10.8,0.0,1000.3
2017-05-12 05:00:00,8.7,40,11.3,6.0,999.8
2017-05-12 06:00:00,11.1,34,10.5,97.0,999.9
2017-05-12 07:00:00,14.3,26,15.1,268.0,999.5
2017-05-12 08:00:00,17.2,23,19.4,460.0,998.6
2017-05-12 09:00:00,19.4,15,27.1,634.0,998.0
2017-05-12 10:00:00,21.0,13,31.1,781.0,997.7
2017-05-12 11:00:00,22.4,12,32.4,880.0,997.4
2017-05-12 12:00:00,23.4,9,33.7,922.0,996.7
2017-05-12 13:00:00,22.0,9,33.1,612.0,996.9
2017-05-12 14:00:00,21.3,10,30.9,467.0,996.9
2017-05-12 15:00:00,20.7,17,28.9,385.0,997.1
2017-05-12 16:00:00,20.6,17,22.2,326.0,996.6
2017-05-12 17:00:00,20.4,16,15.2,336.0,996.7
2017-05-12 18:00:00,19.1,23,7.9,160.0,996.3
2017-05-12 19:00:00,16.1,31,11.8,30.0,996.6
2017-05-12 20:00:00,15.4,48,7.1,0.0,997.7
2017-05-12 21:00:00,15.5,41,6.4,0.0,997.9
2017-05-12 22:00:00,14.6,41,14.8,0.0,999.0
2017-05-12 23:00:00,13.0,52,5.1,0.0,999.3
2017-05-13 00:00:00,12.2,58,11.5,0.0,999.3
2017-05-13 01:00:00,12.2,54,17.1,0.0,997.7
2017-05-13 02:00:00,12.0,55,14.1,0.0,996.4
2017-05-13 03:00:00,11.1,66,10.3,0.0,996.3
2017-05-13 04:00:00,10.5,71,8.9,0.0,995.8
2017-05-13 05:00:00,10.8,64,10.1,6.0,995.4
2017-05-13 06:00:00,12.5,55,7.1,91.0,995.5
2017-05-13 07:00:00,14.0,47,3.9,237.0,995.7
2017-05-13 08:00:00,15.2,44,5.5,418.0,996.6
2017-05-13 09:00:00,16.2,42,2.6,494.0,996.0
2017-05-13 10:00:00,17.4,39,2.6,698.0,996.2
2017-05-13 11:00:00,18.6,38,7.2,832.0,996.0
2017-05-13 12:00:00,19.7,37,13.3,808.0,995.5
2017-05-13 13:00:00,20.4,36,16.6,808.0,994.7
2017-05-13 14:00:00,19.4,35,27.2,691.0,994.6
2017-05-13 15:00:00,18.8,31,20.9,497.0,994.8
2017-05-13 16:00:00,19.4,27,19.2,431.0,994.8
2017-05-13 17:00:00,17.6,37,14.7,285.0,996.1
2017-05-13 18:00:00,16.4,40,12.3,115.0,997.3
2017-05-13 19:00:00,15.3,48,10.4,20.0,998.2
2017-05-13 20:00:00,14.9,50,15.5,0.0,998.8
2017-05-13 21:00:00,14.4,45,19.2,0.0,999.2
2017-05-13 22:00:00,13.4,50,19.2,0.0,1000.0
2017-05-13 23:00:00,13.2,46,22.4,0.0,1000.8
2017-05-14 00:00:00,12.3,47,20.6,0.0,1001.4
2017-05-14 01:00:00,12.1,47,19.5,0.0,1001.4
2017-05-14 02:00:00,11.2,49,17.9,0.0,1001.5
2017-05-14 03:00:00,11.0,49,19.4,0.0,1001.7
2017-05-14 04:00:00,10.9,47,19.4,0.0,1001.7
2017-05-14 05:00:00,11.2,45,20.4,7.0,1001.7
2017-05-14 06:00:00,12.4,43,17.8,82.0,1001.9
2017-05-14 07:00:00,14.1,37,26.0,221.0,1001.8
2017-05-14 08:00:00,15.1,38,28.7,421.0,1002.8
2017-05-14 09:00:00,16.3,38,29.6,625.0,1002.4
2017-05-14 10:00:00,17.9,34,34.8,736.0,1001.8
2017-05-14 11:00:00,17.7,35,35.3,472.0,1001.8
2017-05-14 12:00:00,16.7,41,32.0,323.0,1002.1
2017-05-14 13:00:00,15.0,52,30.8,290.0,1002.5
2017-05-14 14:00:00,14.1,60,30.3,292.0,1002.7
2017-05-14 15:00:00,13.2,64,28.0,152.0,1003.0
2017-05-14 16:00:00,13.2,68,23.4,147.0,1003.0
2017-05-14 17:00:00,12.8,75,21.6,86.0,1002.9
2017-05-14 18:00:00,12.4,81,21.8,35.0,1003.2
2017-05-14 19:00:00,12.1,82,22.4,4.0,1003.4
2017-05-14 20:00:00,12.3,82,18.6,0.0,1004.5
2017-05-14 21:00:00,12.5,78,19.0,0.0,1004.5
2017-05-14 22:00:00,12.5,77,17.4,0.0,1004.5
2017-05-14 23:00:00,12.6,76,16.1,0.0,1004.8
2017-05-15 00:00:00,12.6,75,15.9,0.0,1005.0
2017-05-15 01:00:00,12.5,75,15.8,0.0,1005.0
2017-05-15 02:00:00,12.6,71,15.0,0.0,1004.9
2017-05-15 03:00:00,12.3,70,15.3,0.0,1005.1
2017-05-15 04:00:00,12.5,65,15.6,0.0,1005.0
2017-05-15 05:00:00,11.9,67,14.2,4.0,1005.2
2017-05-15 06:00:00,12.5,63,13.0,31.0,1005.3
2017-05-15 07:00:00,13.7,56,15.2,142.0,1005.7
2017-05-15 08:00:00,15.7,55,14.8,271.0,1006.1
2017-05-15 09:00:00,17.5,53,15.5,587.0,1006.1
2017-05-15 10:00:00,19.0,46,19.4,584.0,1005.9
2017-05-15 11:00:00,19.9,43,17.3,597.0,1005.8
2017-05-15 12:00:00,20.4,41,22.5,531.0,1005.4
2017-05-15 13:00:00,21.1,39,21.3,454.0,1004.7
2017-05-15 14:00:00,21.5,38,16.9,487.0,1004.1
2017-05-15 15:00:00,20.9,43,16.0,363.0,1003.6
2017-05-15 16:00:00,20.9,44,9.9,450.0,1003.5
2017-05-15 17:00:00,20.1,49,14.8,300.0,1003.2
2017-05-15 18:00:00,19.1,53,11.3,149.0,1002.8
2017-05-15 19:00:00,16.9,65,8.4,33.0,1003.3
2017-05-15 20:00:00,15.7,70,9.4,0.0,1004.3
2017-05-15 21:00:00,15.6,70,8.8,0.0,1004.3
2017-05-15 22:00:00,14.4,74,9.5,0.0,1004.2
2017-05-15 23:00:00,13.6,77,9.1,0.0,1004.5
2017-05-16 00:00:00,12.9,79,10.2,0.0,1004.0
2017-05-16 01:00:00,12.5,79,11.8,0.0,1003.8
2017-05-16 02:00:00,12.1,78,11.6,0.0,1003.4
2017-05-16 03:00:00,11.6,78,12.1,0.0,1003.0
2017-05-16 04:00:00,11.2,79,12.1,0.0,1002.5
2017-05-16 05:00:00,11.4,77,10.8,8.0,1002.2
2017-05-16 06:00:00,13.6,67,9.0,99.0,1002.2
2017-05-16 07:00:00,16.3,54,11.5,261.0,1002.2
2017-05-16 08:00:00,18.5,48,13.3,444.0,1002.0
2017-05-16 09:00:00,20.7,41,12.3,619.0,1001.6
2017-05-16 10:00:00,22.8,35,12.2,749.0,1001.2
2017-05-16 11:00:00,24.3,30,11.2,755.0,1000.9
2017-05-16 12:00:00,25.2,26,9.0,731.0,1000.2
2017-05-16 13:00:00,25.9,23,7.7,783.0,999.5
2017-05-16 14:00:00,26.1,22,7.8,615.0,998.8
2017-05-16 15:00:00,26.3,21,8.6,528.0,998.0
2017-05-16 16:00:00,26.3,20,10.1,437.0,997.6
2017-05-16 17:00:00,25.6,21,9.5,221.0,997.3
2017-05-16 18:00:00,23.9,30,11.9,113.0,997.2
2017-05-16 19:00:00,20.9,41,11.6,25.0,997.7
2017-05-16 20:00:00,18.9,45,14.9,0.0,998.7
2017-05-16 21:00:00,18.3,44,15.9,0.0,998.7
2017-05-16 22:00:00,17.2,47,13.3,0.0,998.8
2017-05-16 23:00:00,15.6,60,11.4,0.0,999.1
2017-05-17 00:00:00,15.3,67,13.7,0.0,999.0
2017-05-17 01:00:00,15.0,63,14.6,0.0,999.0
2017-05-17 02:00:00,14.6,62,14.3,0.0,999.1
2017-05-17 03:00:00,14.1,62,13.8,0.0,999.1
2017-05-17 04:00:00,13.5,62,12.1,0.0,999.4
2017-05-17 05:00:00,13.5,61,12.4,9.0,999.5
2017-05-17 06:00:00,15.5,55,11.7,100.0,999.7
2017-05-17 07:00:00,17.9,48,15.7,230.0,999.6
2017-05-17 08:00:00,20.8,42,18.4,444.0,1000.1
2017-05-17 09:00:00,23.5,35,18.0,612.0,999.8
2017-05-17 10:00:00,25.8,30,21.7,750.0,999.8
2017-05-17 11:00:00,27.2,28,23.1,843.0,999.6
2017-05-17 12:00:00,28.3,27,24.2,883.0,999.1
2017-05-17 13:00:00,28.9,27,25.8,817.0,998.5
2017-05-17 14:00:00,29.4,28,26.1,746.0,998.1
2017-05-17 15:00:00,29.6,28,27.0,659.0,997.6
2017-05-17 16:00:00,29.0,30,27.2,470.0,997.6
2017-05-17 17:00:00,27.6,33,24.9,292.0,997.7
2017-05-17 18:00:00,24.9,39,25.3,131.0,997.7
2017-05-17 19:00:00,22.7,43,24.1,31.0,998.2
2017-05-17 20:00:00,22.2,47,21.6,0.0,998.7
2017-05-17 21:00:00,21.2,47,23.0,0.0,998.9
2017-05-17 22:00:00,20.3,50,22.0,0.0,999.0
2017-05-17 23:00:00,19.6,52,23.4,0.0,999.3
2017-05-18 00:00:00,19.1,52,25.2,0.0,999.1
2017-05-18 01:00:00,18.3,54,23.9,0.0,999.4
2017-05-18 02:00:00,17.8,55,23.5,0.0,999.3
2017-05-18 03:00:00,17.5,56,23.8,0.0,999.4
2017-05-18 04:00:00,17.2,58,23.5,0.0,999.5
2017-05-18 05:00:00,17.6,57,26.0,9.0,999.3
2017-05-18 06:00:00,19.1,53,25.6,99.0,998.8
2017-05-18 07:00:00,21.0,49,29.4,257.0,998.6
2017-05-18 08:00:00,23.9,44,33.4,420.0,998.4
2017-05-18 09:00:00,26.8,38,34.2,576.0,997.8
2017-05-18 10:00:00,29.2,35,37.0,744.0,997.8
2017-05-18 11:00:00,30.8,34,39.8,815.0,997.4
2017-05-18 12:00:00,31.9,32,42.0,831.0,996.8
2017-05-18 13:00:00,32.5,30,43.6,800.0,996.2
2017-05-18 14:00:00,32.3,30,44.1,688.0,996.3
2017-05-18 15:00:00,31.5,32,42.7,550.0,996.3
2017-05-18 16:00:00,31.0,30,43.7,511.0,996.3
2017-05-18 17:00:00,29.3,36,39.3,336.0,996.4
2017-05-18 18:00:00,27.9,41,38.3,163.0,996.7
2017-05-18 19:00:00,26.4,43,35.3,36.0,997.1
2017-05-18 20:00:00,25.8,46,32.8,0.0,997.8
2017-05-18 21:00:00,24.9,48,29.9,0.0,998.2
2017-05-18 22:00:00,24.0,49,27.1,0.0,998.4
2017-05-18 23:00:00,23.5,49,23.4,0.0,999.3
2017-05-19 00:00:00,23.1,50,26.0,0.0,999.3
2017-05-19 01:00:00,22.7,52,25.2,0.0,999.8
2017-05-19 02:00:00,22.4,53,25.1,0.0,1000.1
2017-05-19 03:00:00,21.7,53,24.7,0.0,1000.0
2017-05-19 04:00:00,20.9,54,23.9,0.0,1000.1
2017-05-19 05:00:00,20.6,54,24.1,10.0,1000.1
2017-05-19 06:00:00,21.8,50,21.3,102.0,1000.4
2017-05-19 07:00:00,23.7,46,24.4,263.0,1000.8
2017-05-19 08:00:00,26.2,40,30.1,444.0,1000.8
2017-05-19 09:00:00,29.1,36,30.5,611.0,1000.8
2017-05-19 10:00:00,30.9,36,30.4,749.0,1001.3
2017-05-19 11:00:00,32.1,38,34.6,837.0,1001.2
2017-05-19 12:00:00,33.0,34,35.3,877.0,1000.8
2017-05-19 13:00:00,33.6,32,34.5,861.0,1000.5
2017-05-19 14:00:00,34.0,29,34.0,790.0,1000.4
2017-05-19 15:00:00,34.1,28,31.8,671.0,1000.3
2017-05-19 16:00:00,33.6,29,30.1,514.0,1000.5
2017-05-19 17:00:00,32.0,31,25.7,323.0,1000.6
2017-05-19 18:00:00,30.1,34,23.1,153.0,1000.9
2017-05-19 19:00:00,27.7,40,20.0,36.0,1001.9
2017-05-19 20:00:00,26.5,44,16.4,0.0,1003.0
2017-05-19 21:00:00,24.8,54,19.1,0.0,1003.6
2017-05-19 22:00:00,23.2,57,17.0,0.0,1004.0
2017-05-19 23:00:00,22.0,58,16.4,0.0,1004.3
2017-05-20 00:00:00,21.1,59,16.7,0.0,1004.1
2017-05-20 01:00:00,20.7,60,16.6,0.0,1004.1
2017-05-20 02:00:00,20.4,60,16.2,0.0,1004.1
2017-05-20 03:00:00,20.0,60,15.1,0.0,1004.0
2017-05-20 04:00:00,19.6,60,14.5,0.0,1004.4
2017-05-20 05:00:00,19.5,59,14.1,10.0,1004.6
2017-05-20 06:00:00,20.9,53,14.8,102.0,1004.9
2017-05-20 07:00:00,23.3,46,17.9,262.0,1005.0
2017-05-20 08:00:00,25.7,39,22.6,439.0,1005.3
2017-05-20 09:00:00,28.0,33,24.0,607.0,1005.0
2017-05-20 10:00:00,30.1,28,25.6,744.0,1005.0
2017-05-20 11:00:00,31.4,26,26.6,836.0,1004.7
2017-05-20 12:00:00,32.6,23,26.6,878.0,1003.9
2017-05-20 13:00:00,33.5,21,26.4,863.0,1003.3
2017-05-20 14:00:00,33.7,20,26.5,793.0,1002.6
2017-05-20 15:00:00,33.5,20,26.9,671.0,1002.1
2017-05-20 16:00:00,32.7,19,25.4,520.0,1002.2
2017-05-20 17:00:00,31.7,20,23.4,342.0,1002.0
2017-05-20 18:00:00,30.2,22,16.6,170.0,1002.7
2017-05-20 19:00:00,27.5,26,14.6,39.0,1003.5
2017-05-20 20:00:00,25.4,28,15.1,0.0,1003.8
2017-05-20 21:00:00,24.2,32,14.7,0.0,1004.1
2017-05-20 22:00:00,22.4,39,12.4,0.0,1004.4
2017-05-20 23:00:00,20.9,43,10.9,0.0,1004.9
2017-05-21 00:00:00,19.6,44,10.6,0.0,1004.7
2017-05-21 01:00:00,18.4,45,8.4,0.0,1005.1
2017-05-21 02:00:00,17.4,47,8.7,0.0,1005.3
2017-05-21 03:00:00,16.6,49,9.8,0.0,1005.5
2017-05-21 04:00:00,16.0,48,10.3,0.0,1005.8
2017-05-21 05:00:00,16.2,44,9.6,11.0,1006.3
2017-05-21 06:00:00,17.9,38,8.4,92.0,1006.6
2017-05-21 07:00:00,19.5,33,8.2,195.0,1006.8
2017-05-21 08:00:00,20.8,35,12.8,349.0,1007.2
2017-05-21 09:00:00,22.2,36,11.7,547.0,1007.3
2017-05-21 10:00:00,23.7,37,9.8,727.0,1006.9
2017-05-21 11:00:00,25.3,36,10.0,810.0,1006.4
2017-05-21 12:00:00,26.6,34,10.2,863.0,1005.5
2017-05-21 13:00:00,27.5,32,10.7,819.0,1004.4
2017-05-21 14:00:00,28.3,30,11.2,776.0,1003.8
2017-05-21 15:00:00,28.7,29,11.0,679.0,1003.2
2017-05-21 16:00:00,28.7,28,11.2,522.0,1002.9
2017-05-21 17:00:00,28.3,27,10.1,344.0,1002.7
2017-05-21 18:00:00,27.6,27,11.3,170.0,1002.8
2017-05-21 19:00:00,25.4,31,11.2,40.0,1003.5
2017-05-21 20:00:00,20.7,45,28.2,0.0,1004.9
2017-05-21 21:00:00,19.2,50,25.2,0.0,1005.6
2017-05-21 22:00:00,18.2,51,22.0,0.0,1006.0
2017-05-21 23:00:00,17.4,53,19.6,0.0,1006.4
2017-05-22 00:00:00,16.6,55,15.8,0.0,1006.6
2017-05-22 01:00:00,15.9,57,14.5,0.0,1006.4
2017-05-22 02:00:00,15.1,59,13.2,0.0,1006.6
2017-05-22 03:00:00,14.5,62,13.3,0.0,1006.9
2017-05-22 04:00:00,14.0,63,14.2,0.0,1006.8
2017-05-22 05:00:00,13.9,63,12.1,11.0,1007.2
2017-05-22 06:00:00,14.9,60,12.6,101.0,1007.3
2017-05-22 07:00:00,16.4,57,9.6,262.0,1007.2
2017-05-22 08:00:00,17.8,57,3.6,439.0,1007.1
2017-05-22 09:00:00,19.5,52,3.1,574.0,1006.1
2017-05-22 10:00:00,21.3,46,4.3,703.0,1005.9
2017-05-22 11:00:00,22.9,42,6.8,818.0,1005.4
2017-05-22 12:00:00,24.4,38,10.2,883.0,1004.7
2017-05-22 13:00:00,25.1,35,15.4,824.0,1004.1
2017-05-22 14:00:00,24.1,36,20.4,458.0,1003.9
2017-05-22 15:00:00,17.7,60,25.6,123.0,1004.4
2017-05-22 16:00:00,15.2,76,24.0,132.0,1005.0
2017-05-22 17:00:00,14.0,85,20.2,61.0,1005.6
2017-05-22 18:00:00,13.3,86,17.3,23.0,1005.9
2017-05-22 19:00:00,12.8,87,13.8,4.0,1006.8
2017-05-22 20:00:00,12.5,83,13.4,0.0,1007.3
2017-05-22 21:00:00,12.5,81,13.3,0.0,1008.0
2017-05-22 22:00:00,12.3,82,12.6,0.0,1008.0
2017-05-22 23:00:00,12.3,82,11.5,0.0,1008.1
2017-05-23 00:00:00,12.3,81,11.9,0.0,1007.8
2017-05-23 01:00:00,12.1,81,10.9,0.0,1007.5
2017-05-23 02:00:00,11.8,82,9.8,0.0,1007.2
2017-05-23 03:00:00,11.5,82,9.4,0.0,1007.1
2017-05-23 04:00:00,11.4,82,10.1,0.0,1006.9
2017-05-23 05:00:00,11.2,82,9.6,6.0,1006.7
2017-05-23 06:00:00,11.6,78,11.2,57.0,1006.5
2017-05-23 07:00:00,12.4,71,12.8,146.0,1006.6
2017-05-23 08:00:00,13.7,67,13.0,294.0,1007.0
2017-05-23 09:00:00,15.6,56,14.2,572.0,1006.8
2017-05-23 10:00:00,17.0,51,14.0,771.0,1006.6
2017-05-23 11:00:00,18.5,45,13.8,881.0,1006.5
2017-05-23 12:00:00,19.9,39,13.6,916.0,1005.8
2017-05-23 13:00:00,21.0,33,11.7,906.0,1005.1
2017-05-23 14:00:00,21.8,29,9.3,836.0,1004.2
2017-05-23 15:00:00,22.3,26,6.6,713.0,1003.6
2017-05-23 16:00:00,22.4,25,3.6,551.0,1003.1
2017-05-23 17:00:00,22.3,24,2.6,366.0,1002.7
2017-05-23 18:00:00,21.9,26,3.2,184.0,1002.6
2017-05-23 19:00:00,19.3,54,5.2,45.0,1002.7
2017-05-23 20:00:00,17.0,49,11.4,0.0,1002.8
2017-05-23 21:00:00,16.6,49,10.2,0.0,1002.8
2017-05-23 22:00:00,15.7,51,11.9,0.0,1002.7
2017-05-23 23:00:00,14.9,54,11.7,0.0,1002.9
2017-05-24 00:00:00,14.3,55,12.6,0.0,1002.8
2017-05-24 01:00:00,14.0,55,13.8,0.0,1002.6
2017-05-24 02:00:00,13.5,55,14.2,0.0,1002.2
2017-05-24 03:00:00,13.1,61,13.8,0.0,1001.9
2017-05-24 04:00:00,12.6,68,13.9,0.0,1001.6
2017-05-24 05:00:00,12.8,73,13.7,13.0,1001.4
2017-05-24 06:00:00,14.7,71,9.4,112.0,1001.8
2017-05-24 07:00:00,16.6,63,10.6,275.0,1002.3
2017-05-24 08:00:00,18.0,61,5.1,456.0,1003.0
2017-05-24 09:00:00,19.8,51,5.4,622.0,1002.7
2017-05-24 10:00:00,21.8,41,9.2,753.0,1002.5
2017-05-24 11:00:00,23.3,35,9.2,858.0,1002.2
2017-05-24 12:00:00,24.3,32,7.6,898.0,1001.6
2017-05-24 13:00:00,25.1,29,11.2,881.0,1000.9
2017-05-24 14:00:00,25.3,28,8.7,810.0,999.8
2017-05-24 15:00:00,25.5,26,9.6,689.0,999.1
2017-05-24 16:00:00,25.3,26,9.0,534.0,998.4
2017-05-24 17:00:00,25.0,26,9.3,356.0,998.1
2017-05-24 18:00:00,24.0,30,8.0,180.0,997.8
2017-05-24 19:00:00,21.4,42,10.2,43.0,997.6
2017-05-24 20:00:00,19.5,53,9.7,0.0,997.0
2017-05-24 21:00:00,19.2,54,7.6,0.0,996.5
2017-05-24 22:00:00,17.1,61,11.8,0.0,996.4
2017-05-24 23:00:00,16.7,69,6.0,0.0,997.0
2017-05-25 00:00:00,15.7,62,26.1,0.0,998.5
2017-05-25 01:00:00,12.5,78,25.4,0.0,1000.3
2017-05-25 02:00:00,11.9,75,22.0,0.0,1001.3
2017-05-25 03:00:00,10.8,75,23.3,0.0,1001.9
2017-05-25 04:00:00,10.2,77,25.8,0.0,1002.4
2017-05-25 05:00:00,9.8,71,28.1,12.0,1003.6
2017-05-25 06:00:00,9.6,68,30.2,112.0,1004.5
2017-05-25 07:00:00,10.9,57,36.8,271.0,1005.0
2017-05-25 08:00:00,12.1,53,28.8,270.0,1005.8
2017-05-25 09:00:00,14.4,43,33.2,492.0,1006.0
2017-05-25 10:00:00,15.1,39,31.5,342.0,1006.3
2017-05-25 11:00:00,16.9,34,32.6,596.0,1006.2
2017-05-25 12:00:00,18.2,30,31.7,688.0,1005.6
2017-05-25 13:00:00,19.9,25,30.1,872.0,1004.9
2017-05-25 14:00:00,20.5,23,30.5,837.0,1004.6
2017-05-25 15:00:00,20.2,24,26.7,707.0,1004.6
2017-05-25 16:00:00,19.7,22,27.8,540.0,1004.4
2017-05-25 17:00:00,19.2,21,25.7,371.0,1004.0
2017-05-25 18:00:00,18.3,24,19.5,190.0,1003.9
2017-05-25 19:00:00,16.4,31,15.0,49.0,1004.1
2017-05-25 20:00:00,14.6,36,12.3,0.0,1005.5
2017-05-25 21:00:00,14.3,37,11.4,0.0,1005.5
2017-05-25 22:00:00,13.6,39,12.3,0.0,1005.5
2017-05-25 23:00:00,12.8,42,11.9,0.0,1005.3
2017-05-26 00:00:00,12.1,45,11.6,0.0,1005.2
2017-05-26 01:00:00,11.2,49,11.0,0.0,1004.7
2017-05-26 02:00:00,10.5,52,10.6,0.0,1004.6
2017-05-26 03:00:00,9.6,57,9.4,0.0,1004.6
2017-05-26 04:00:00,8.8,62,8.5,0.0,1004.6
2017-05-26 05:00:00,9.3,61,6.8,14.0,1004.7
2017-05-26 06:00:00,11.5,50,3.9,120.0,1004.7
2017-05-26 07:00:00,13.9,42,3.7,290.0,1004.8
2017-05-26 08:00:00,16.1,38,5.0,475.0,1005.3
2017-05-26 09:00:00,18.6,31,7.8,648.0,1004.9
2017-05-26 10:00:00,20.6,27,11.5,788.0,1004.5
2017-05-26 11:00:00,21.8,25,14.1,883.0,1004.3
2017-05-26 12:00:00,22.6,24,13.9,920.0,1004.0
2017-05-26 13:00:00,23.2,23,13.4,901.0,1003.1
2017-05-26 14:00:00,23.7,23,12.8,830.0,1002.3
2017-05-26 15:00:00,24.0,22,12.9,711.0,1001.7
2017-05-26 16:00:00,23.9,22,12.3,551.0,1001.5
2017-05-26 17:00:00,23.4,23,11.7,368.0,1001.2
2017-05-26 18:00:00,22.6,25,8.9,189.0,1001.1
2017-05-26 19:00:00,20.6,39,7.0,48.0,1001.5
2017-05-26 20:00:00,19.4,47,5.1,0.0,1001.8
2017-05-26 21:00:00,18.7,48,6.1,0.0,1002.4
2017-05-26 22:00:00,17.9,50,4.0,0.0,1002.4
2017-05-26 23:00:00,16.1,52,8.4,0.0,1002.6
2017-05-27 00:00:00,14.3,60,8.3,0.0,1002.4
2017-05-27 01:00:00,13.4,64,9.9,0.0,1002.2
2017-05-27 02:00:00,12.4,67,8.4,0.0,1002.5
2017-05-27 03:00:00,11.9,67,8.7,0.0,1002.6
2017-05-27 04:00:00,11.8,65,7.8,0.0,1002.8
2017-05-27 05:00:00,11.9,64,8.1,14.0,1002.9
2017-05-27 06:00:00,14.3,55,6.9,116.0,1003.0
2017-05-27 07:00:00,17.4,45,7.4,283.0,1002.8
2017-05-27 08:00:00,20.1,38,8.9,465.0,1003.4
2017-05-27 09:00:00,22.7,32,9.5,635.0,1002.9
2017-05-27 10:00:00,24.7,27,10.8,774.0,1002.9
2017-05-27 11:00:00,26.0,23,10.8,868.0,1002.4
2017-05-27 12:00:00,27.1,21,12.0,910.0,1002.0
2017-05-27 13:00:00,28.0,19,13.3,895.0,1001.3
2017-05-27 14:00:00,28.6,18,14.0,824.0,1000.5
2017-05-27 15:00:00,28.9,18,14.8,705.0,999.8
2017-05-27 16:00:00,28.9,18,16.4,547.0,999.3
2017-05-27 17:00:00,28.3,20,18.6,367.0,998.9
2017-05-27 18:00:00,26.4,26,21.0,188.0,998.7
2017-05-27 19:00:00,23.8,30,21.4,49.0,999.3
2017-05-27 20:00:00,22.2,30,22.3,0.0,999.4
2017-05-27 21:00:00,20.9,33,21.0,0.0,999.6
2017-05-27 22:00:00,19.3,37,19.1,0.0,999.6
2017-05-27 23:00:00,18.3,38,17.0,0.0,999.7
2017-05-28 00:00:00,17.7,38,16.6,0.0,999.7
2017-05-28 01:00:00,17.3,39,16.5,0.0,999.3
2017-05-28 02:00:00,17.1,40,17.0,0.0,998.6
2017-05-28 03:00:00,17.2,41,16.7,0.0,998.0
2017-05-28 04:00:00,17.0,44,18.2,0.0,997.7
2017-05-28 05:00:00,17.2,46,17.7,14.0,997.8
2017-05-28 06:00:00,18.3,48,17.3,114.0,998.1
2017-05-28 07:00:00,19.7,49,21.3,257.0,998.0
2017-05-28 08:00:00,21.0,52,20.6,422.0,998.6
2017-05-28 09:00:00,23.1,47,21.3,585.0,998.8
2017-05-28 10:00:00,25.2,45,22.7,735.0,999.3
2017-05-28 11:00:00,26.5,45,18.3,770.0,999.7
2017-05-28 12:00:00,27.3,43,19.2,593.0,999.5
2017-05-28 13:00:00,27.9,40,14.9,695.0,999.6
2017-05-28 14:00:00,28.7,36,12.6,761.0,999.3
2017-05-28 15:00:00,30.4,26,18.0,687.0,999.1
2017-05-28 16:00:00,30.0,27,19.7,532.0,999.5
2017-05-28 17:00:00,30.0,23,18.5,358.0,999.6
2017-05-28 18:00:00,28.7,14,24.2,187.0,1000.3
2017-05-28 19:00:00,25.7,15,19.4,51.0,1001.5
2017-05-28 20:00:00,23.3,18,15.8,0.0,1002.6
2017-05-28 21:00:00,22.4,18,15.3,0.0,1003.4
2017-05-28 22:00:00,21.1,19,16.6,0.0,1003.9
2017-05-28 23:00:00,19.5,21,13.0,0.0,1004.7
2017-05-29 00:00:00,18.9,21,12.2,0.0,1005.3
2017-05-29 01:00:00,18.8,20,10.5,0.0,1005.8
2017-05-29 02:00:00,18.2,20,12.1,0.0,1005.9
2017-05-29 03:00:00,17.3,23,9.1,0.0,1006.3
2017-05-29 04:00:00,16.7,30,10.2,0.0,1006.7
2017-05-29 05:00:00,15.6,39,8.4,9.0,1007.3
2017-05-29 06:00:00,16.1,40,0.5,58.0,1007.4
2017-05-29 07:00:00,15.9,45,7.4,69.0,1008.1
2017-05-29 08:00:00,19.0,28,7.3,63.0,1008.0
2017-05-29 09:00:00,19.5,29,9.4,233.0,1007.3
2017-05-29 10:00:00,20.4,27,12.0,508.0,1006.6
2017-05-29 11:00:00,22.0,24,8.9,738.0,1006.1
2017-05-29 12:00:00,22.9,21,7.6,579.0,1005.0
2017-05-29 13:00:00,24.3,20,13.3,757.0,1004.2
2017-05-29 14:00:00,24.0,21,12.8,382.0,1003.2
2017-05-29 15:00:00,24.0,21,13.8,275.0,1002.7
2017-05-29 16:00:00,23.8,23,17.9,246.0,1002.0
2017-05-29 17:00:00,23.5,25,19.1,190.0,1001.2
2017-05-29 18:00:00,21.3,40,24.0,128.0,1001.0
2017-05-29 19:00:00,19.3,50,21.5,34.0,1001.4
2017-05-29 20:00:00,16.8,67,16.8,0.0,1001.9
2017-05-29 21:00:00,16.0,74,18.1,0.0,1001.4
2017-05-29 22:00:00,15.4,80,18.9,0.0,1000.5
2017-05-29 23:00:00,15.1,83,18.9,0.0,1000.6
2017-05-30 00:00:00,15.1,83,18.0,0.0,1000.4
2017-05-30 01:00:00,14.7,84,17.0,0.0,1000.2
2017-05-30 02:00:00,14.8,82,19.6,0.0,1000.0
2017-05-30 03:00:00,15.4,79,23.2,0.0,999.8
2017-05-30 04:00:00,15.5,79,21.5,0.0,999.7
2017-05-30 05:00:00,15.6,80,14.3,15.0,1000.9
2017-05-30 06:00:00,17.3,73,13.2,119.0,1001.1
2017-05-30 07:00:00,18.8,67,14.9,282.0,1001.2
2017-05-30 08:00:00,19.6,59,7.7,460.0,1001.0
2017-05-30 09:00:00,21.0,55,6.5,633.0,1000.4
2017-05-30 10:00:00,22.3,48,3.7,726.0,1000.4
2017-05-30 11:00:00,23.7,40,0.7,809.0,1000.2
2017-05-30 12:00:00,24.8,33,2.5,846.0,999.6
2017-05-30 13:00:00,25.7,29,4.4,840.0,999.3
2017-05-30 14:00:00,26.3,25,5.2,750.0,998.8
2017-05-30 15:00:00,26.6,23,6.0,672.0,998.2
2017-05-30 16:00:00,26.5,23,4.9,504.0,997.7
2017-05-30 17:00:00,26.4,22,5.4,351.0,997.2
2017-05-30 18:00:00,25.8,22,6.6,182.0,996.8
2017-05-30 19:00:00,24.1,29,2.5,53.0,997.1
2017-05-30 20:00:00,21.7,53,14.9,0.0,996.9
2017-05-30 21:00:00,21.0,62,16.4,0.0,996.6
2017-05-30 22:00:00,19.9,69,15.8,0.0,996.5
2017-05-30 23:00:00,18.9,74,16.6,0.0,996.4
2017-05-31 00:00:00,18.1,76,16.8,0.0,996.1
2017-05-31 01:00:00,17.7,76,17.4,0.0,995.9
2017-05-31 02:00:00,17.3,77,18.3,0.0,995.3
2017-05-31 03:00:00,16.7,80,16.5,0.0,994.8
2017-05-31 04:00:00,16.1,82,17.7,0.0,994.3
2017-05-31 05:00:00,16.5,79,20.2,16.0,993.5
2017-05-31 06:00:00,18.1,71,21.3,114.0,993.2
2017-05-31 07:00:00,20.2,62,24.7,242.0,993.0
2017-05-31 08:00:00,22.3,57,24.7,413.0,993.5
2017-05-31 09:00:00,24.6,49,30.9,582.0,992.7
2017-05-31 10:00:00,25.3,48,29.6,568.0,992.6
2017-05-31 11:00:00,26.1,44,26.6,467.0,992.3
2017-05-31 12:00:00,27.4,40,22.3,512.0,991.6
2017-05-31 13:00:00,26.8,41,17.5,488.0,991.4
2017-05-31 14:00:00,26.3,42,11.0,363.0,991.7
2017-05-31 15:00:00,26.4,37,8.4,307.0,991.6
2017-05-31 16:00:00,26.2,24,22.7,364.0,992.0
2017-05-31 17:00:00,24.3,22,17.8,148.0,992.6
2017-05-31 18:00:00,23.2,24,7.2,55.0,993.0
2017-05-31 19:00:00,21.5,39,5.8,24.0,993.4
2017-05-31 20:00:00,20.1,48,7.9,1.0,994.8
2017-05-31 21:00:00,18.9,60,7.1,0.0,994.7
2017-05-31 22:00:00,17.1,68,4.0,0.0,994.7
2017-05-31 23:00:00,16.3,59,6.0,0.0,994.7
2017-06-01 00:00:00,16.6,48,10.4,0.0,994.6
2017-06-01 01:00:00,15.1,66,7.6,0.0,994.8
2017-06-01 02:00:00,14.2,70,10.2,0.0,995.4
2017-06-01 03:00:00,13.3,73,8.8,0.0,995.8
2017-06-01 04:00:00,12.4,82,7.6,0.0,995.5
2017-06-01 05:00:00,12.2,89,6.9,17.0,995.6
2017-06-01 06:00:00,13.8,85,4.5,122.0,995.8
2017-06-01 07:00:00,16.1,75,1.1,262.0,996.2
2017-06-01 08:00:00,19.1,28,13.4,482.0,996.0
2017-06-01 09:00:00,19.8,24,17.9,654.0,995.6
2017-06-01 10:00:00,21.5,29,20.2,800.0,995.7
2017-06-01 11:00:00,22.9,31,24.9,894.0,996.2
2017-06-01 12:00:00,23.2,23,33.5,844.0,996.5
2017-06-01 13:00:00,23.5,22,29.1,913.0,996.5
2017-06-01 14:00:00,23.5,18,30.3,829.0,996.3
2017-06-01 15:00:00,22.7,20,32.4,725.0,996.9
2017-06-01 16:00:00,23.0,19,22.3,566.0,996.6
2017-06-01 17:00:00,22.5,18,28.2,369.0,996.5
2017-06-01 18:00:00,20.5,23,23.9,181.0,997.2
2017-06-01 19:00:00,18.5,31,18.0,55.0,997.7
2017-06-01 20:00:00,17.5,31,14.0,1.0,998.3
2017-06-01 21:00:00,17.0,31,13.9,0.0,998.6
2017-06-01 22:00:00,16.4,33,15.7,0.0,999.3
2017-06-01 23:00:00,15.6,36,10.9,0.0,999.5
2017-06-02 00:00:00,14.0,43,8.0,0.0,999.6
2017-06-02 01:00:00,13.1,48,8.6,0.0,999.9
2017-06-02 02:00:00,12.2,51,9.0,0.0,999.7
2017-06-02 03:00:00,11.5,53,8.6,0.0,999.7
2017-06-02 04:00:00,11.1,55,9.2,0.0,1000.7
2017-06-02 05:00:00,11.6,54,9.4,17.0,1000.9
2017-06-02 06:00:00,13.3,50,10.1,95.0,1000.8
2017-06-02 07:00:00,14.3,48,11.5,141.0,1000.8
2017-06-02 08:00:00,15.8,46,12.3,229.0,1001.5
2017-06-02 09:00:00,17.1,42,13.4,378.0,1001.9
2017-06-02 10:00:00,18.3,39,12.4,525.0,1002.0
2017-06-02 11:00:00,19.3,35,12.0,573.0,1002.0
2017-06-02 12:00:00,20.6,29,14.8,656.0,1001.2
2017-06-02 13:00:00,21.0,27,14.4,475.0,1000.3
2017-06-02 14:00:00,21.7,25,15.5,523.0,999.6
2017-06-02 15:00:00,21.7,25,16.0,370.0,999.1
2017-06-02 16:00:00,21.6,26,19.6,350.0,998.9
2017-06-02 17:00:00,21.2,27,17.7,224.0,998.9
2017-06-02 18:00:00,20.7,28,16.4,104.0,999.3
2017-06-02 19:00:00,19.4,31,8.4,30.0,999.7
2017-06-02 20:00:00,18.8,36,6.2,1.0,1000.0
2017-06-02 21:00:00,18.2,39,7.8,0.0,1000.4
2017-06-02 22:00:00,16.7,44,8.6,0.0,1000.8
2017-06-02 23:00:00,15.5,46,10.4,0.0,1001.1
2017-06-03 00:00:00,14.4,51,11.3,0.0,1001.4
2017-06-03 01:00:00,13.3,57,9.8,0.0,1001.7
2017-06-03 02:00:00,12.4,62,9.5,0.0,1002.1
2017-06-03 03:00:00,12.0,63,9.8,0.0,1002.3
2017-06-03 04:00:00,11.6,65,8.6,0.0,1002.6
2017-06-03 05:00:00,12.1,61,8.8,17.0,1002.8
2017-06-03 06:00:00,14.2,53,9.4,125.0,1003.0
2017-06-03 07:00:00,16.3,46,9.4,292.0,1003.1
2017-06-03 08:00:00,17.8,43,6.4,474.0,1003.0
2017-06-03 09:00:00,19.9,38,8.4,639.0,1002.9
2017-06-03 10:00:00,21.4,33,9.2,687.0,1002.5
2017-06-03 11:00:00,22.3,30,14.4,657.0,1002.2
2017-06-03 12:00:00,22.7,30,20.6,841.0,1002.2
2017-06-03 13:00:00,22.0,32,12.0,703.0,1002.1
2017-06-03 14:00:00,23.3,28,14.8,649.0,1001.5
2017-06-03 15:00:00,24.3,26,17.8,705.0,1001.0
2017-06-03 16:00:00,24.1,25,17.9,549.0,1000.8
2017-06-03 17:00:00,23.8,24,13.7,323.0,1000.4
2017-06-03 18:00:00,23.4,25,12.7,204.0,1000.5
2017-06-03 19:00:00,21.3,34,8.3,59.0,1000.8
2017-06-03 20:00:00,19.3,41,11.7,1.0,1001.6
2017-06-03 21:00:00,18.2,43,10.8,0.0,1001.7
2017-06-03 22:00:00,17.1,48,14.1,0.0,1001.4
2017-06-03 23:00:00,15.9,55,13.4,0.0,1001.8
2017-06-04 00:00:00,15.0,61,12.1,0.0,1002.1
2017-06-04 01:00:00,14.2,68,11.6,0.0,1001.9
2017-06-04 02:00:00,13.7,73,12.0,0.0,1002.1
2017-06-04 03:00:00,13.5,72,13.0,0.0,1002.2
2017-06-04 04:00:00,13.2,68,12.8,0.0,1002.1
2017-06-04 05:00:00,13.8,65,14.1,16.0,1001.7
2017-06-04 06:00:00,15.7,60,11.8,118.0,1001.5
2017-06-04 07:00:00,17.7,55,10.2,269.0,1001.9
2017-06-04 08:00:00,20.1,49,11.2,476.0,1002.0
2017-06-04 09:00:00,22.1,40,8.4,645.0,1001.6
2017-06-04 10:00:00,24.0,32,7.8,784.0,1001.8
2017-06-04 11:00:00,25.9,27,10.2,878.0,1001.9
2017-06-04 12:00:00,26.8,21,17.3,921.0,1001.5
2017-06-04 13:00:00,27.6,18,20.7,903.0,1001.6
2017-06-04 14:00:00,27.5,20,20.5,722.0,1001.6
2017-06-04 15:00:00,27.8,17,15.7,629.0,1001.6
2017-06-04 16:00:00,28.0,15,20.6,458.0,1001.2
2017-06-04 17:00:00,24.5,29,22.4,308.0,1002.5
2017-06-04 18:00:00,23.7,34,16.1,199.0,1003.2
2017-06-04 19:00:00,21.6,42,13.4,60.0,1003.5
2017-06-04 20:00:00,20.9,46,12.3,1.0,1004.4
2017-06-04 21:00:00,19.7,51,10.4,0.0,1005.0
2017-06-04 22:00:00,18.3,57,9.9,0.0,1006.0
2017-06-04 23:00:00,17.2,62,10.9,0.0,1006.0
2017-06-05 00:00:00,16.1,66,8.9,0.0,1006.0
2017-06-05 01:00:00,15.3,69,9.7,0.0,1005.9
2017-06-05 02:00:00,14.7,72,10.9,0.0,1005.8
2017-06-05 03:00:00,14.0,74,9.2,0.0,1006.4
2017-06-05 04:00:00,13.3,76,8.9,0.0,1006.4
2017-06-05 05:00:00,13.7,74,7.8,18.0,1006.9
2017-06-05 06:00:00,15.9,64,6.0,126.0,1007.4
2017-06-05 07:00:00,19.0,53,6.6,292.0,1007.7
2017-06-05 08:00:00,22.0,47,7.8,474.0,1008.0
2017-06-05 09:00:00,24.5,38,7.7,642.0,1007.9
2017-06-05 10:00:00,26.4,30,8.3,780.0,1008.0
2017-06-05 11:00:00,27.6,26,8.7,873.0,1007.5
2017-06-05 12:00:00,28.5,25,8.7,915.0,1006.7
2017-06-05 13:00:00,29.2,23,8.9,902.0,1006.1
2017-06-05 14:00:00,29.6,22,8.3,823.0,1005.9
2017-06-05 15:00:00,29.8,22,9.2,703.0,1005.7
2017-06-05 16:00:00,29.7,22,9.4,557.0,1005.5
2017-06-05 17:00:00,29.4,22,9.3,362.0,1005.3
2017-06-05 18:00:00,28.3,24,13.9,176.0,1005.1
2017-06-05 19:00:00,26.1,31,13.6,48.0,1005.3
2017-06-05 20:00:00,25.0,33,12.1,1.0,1005.1
2017-06-05 21:00:00,24.0,34,14.1,0.0,1005.5
2017-06-05 22:00:00,23.0,38,17.7,0.0,1005.9
2017-06-05 23:00:00,22.2,36,17.7,0.0,1005.9
2017-06-06 00:00:00,21.5,35,14.3,0.0,1005.7
2017-06-06 01:00:00,20.7,47,12.7,0.0,1005.2
2017-06-06 02:00:00,20.6,47,13.4,0.0,1004.8
2017-06-06 03:00:00,20.5,42,13.7,0.0,1004.4
2017-06-06 04:00:00,20.2,43,13.9,0.0,1004.3
2017-06-06 05:00:00,20.2,43,14.4,9.0,1004.0
2017-06-06 06:00:00,21.0,42,16.0,55.0,1003.5
2017-06-06 07:00:00,21.5,41,14.4,86.0,1003.3
2017-06-06 08:00:00,21.8,41,16.7,129.0,1003.4
2017-06-06 09:00:00,22.2,40,18.8,155.0,1003.4
2017-06-06 10:00:00,23.0,38,23.4,285.0,1003.7
2017-06-06 11:00:00,22.5,39,25.1,250.0,1004.4
2017-06-06 12:00:00,20.9,49,22.9,290.0,1004.5
2017-06-06 13:00:00,20.3,53,16.4,267.0,1004.4
2017-06-06 14:00:00,19.8,57,15.2,254.0,1004.0
2017-06-06 15:00:00,18.2,68,12.9,145.0,1003.8
2017-06-06 16:00:00,17.6,72,8.4,72.0,1003.2
2017-06-06 17:00:00,17.3,74,9.4,46.0,1002.6
2017-06-06 18:00:00,17.0,77,10.3,23.0,1002.4
2017-06-06 19:00:00,16.7,81,11.6,7.0,1002.5
2017-06-06 20:00:00,16.7,82,9.2,0.0,1002.2
2017-06-06 21:00:00,16.6,84,9.6,0.0,1002.0
2017-06-06 22:00:00,16.4,84,10.5,0.0,1001.8
2017-06-06 23:00:00,16.3,84,11.9,0.0,1001.2
2017-06-07 00:00:00,15.9,83,11.5,0.0,1000.7
2017-06-07 01:00:00,15.6,81,10.8,0.0,1000.1
2017-06-07 02:00:00,15.6,77,10.0,0.0,999.7
2017-06-07 03:00:00,15.4,77,9.4,0.0,999.3
2017-06-07 04:00:00,15.2,77,9.7,0.0,999.0
2017-06-07 05:00:00,15.0,78,10.5,15.0,998.8
2017-06-07 06:00:00,16.1,73,11.8,112.0,998.7
2017-06-07 07:00:00,17.6,67,14.3,267.0,998.5
2017-06-07 08:00:00,18.4,63,13.3,456.0,999.0
2017-06-07 09:00:00,19.7,55,11.8,462.0,998.5
2017-06-07 10:00:00,20.6,51,11.9,383.0,998.2
2017-06-07 11:00:00,21.1,50,13.3,303.0,998.2
2017-06-07 12:00:00,20.9,53,16.7,356.0,997.9
2017-06-07 13:00:00,21.2,51,12.6,327.0,997.7
2017-06-07 14:00:00,21.9,50,13.4,424.0,997.3
2017-06-07 15:00:00,21.6,51,12.9,272.0,996.9
2017-06-07 16:00:00,22.6,47,10.5,502.0,996.7
2017-06-07 17:00:00,23.2,43,9.5,362.0,996.1
2017-06-07 18:00:00,22.9,44,11.5,206.0,996.2
2017-06-07 19:00:00,20.9,52,12.6,63.0,996.2
2017-06-07 20:00:00,20.0,55,23.6,1.0,997.3
2017-06-07 21:00:00,19.0,66,18.4,0.0,997.7
2017-06-07 22:00:00,18.1,66,19.3,0.0,998.0
2017-06-07 23:00:00,17.5,68,19.2,0.0,998.0
2017-06-08 00:00:00,16.9,72,19.0,0.0,997.8
2017-06-08 01:00:00,16.7,74,18.8,0.0,997.4
2017-06-08 02:00:00,16.6,77,18.5,0.0,997.0
2017-06-08 03:00:00,16.4,81,18.4,0.0,996.7
2017-06-08 04:00:00,16.3,84,18.1,0.0,996.8
2017-06-08 05:00:00,16.6,82,15.8,18.0,996.9
2017-06-08 06:00:00,18.2,74,14.8,127.0,997.4
2017-06-08 07:00:00,20.6,52,14.4,295.0,997.7
2017-06-08 08:00:00,22.6,38,9.1,476.0,998.3
2017-06-08 09:00:00,24.5,31,7.6,639.0,998.0
2017-06-08 10:00:00,26.2,26,7.8,782.0,997.8
2017-06-08 11:00:00,27.5,22,7.0,879.0,997.6
2017-06-08 12:00:00,28.3,20,6.3,900.0,996.7
2017-06-08 13:00:00,29.4,19,9.0,887.0,995.8
2017-06-08 14:00:00,30.0,16,14.6,842.0,995.1
2017-06-08 15:00:00,30.0,17,14.5,578.0,994.3
2017-06-08 16:00:00,30.4,18,20.4,507.0,993.4
2017-06-08 17:00:00,30.5,16,15.8,369.0,992.7
2017-06-08 18:00:00,29.8,16,21.3,199.0,992.2
2017-06-08 19:00:00,27.0,24,17.3,62.0,992.4
2017-06-08 20:00:00,24.4,34,10.5,1.0,993.3
2017-06-08 21:00:00,23.2,48,12.5,0.0,993.2
2017-06-08 22:00:00,21.7,56,16.5,0.0,993.4
2017-06-08 23:00:00,20.8,64,16.8,0.0,993.4
2017-06-09 00:00:00,20.1,67,16.9,0.0,993.4
2017-06-09 01:00:00,20.1,65,10.4,0.0,993.1
2017-06-09 02:00:00,19.1,68,11.2,0.0,993.2
2017-06-09 03:00:00,19.4,60,10.8,0.0,993.5
2017-06-09 04:00:00,18.9,45,12.6,0.0,993.9
2017-06-09 05:00:00,18.9,38,12.8,18.0,994.2
2017-06-09 06:00:00,20.3,30,15.8,119.0,994.9
2017-06-09 07:00:00,21.2,27,18.8,277.0,995.9
2017-06-09 08:00:00,22.7,22,29.2,479.0,996.8
2017-06-09 09:00:00,22.6,20,26.2,597.0,997.3
2017-06-09 10:00:00,22.5,18,23.1,644.0,997.9
2017-06-09 11:00:00,22.8,15,21.4,659.0,998.3
2017-06-09 12:00:00,23.3,11,21.7,682.0,998.0
2017-06-09 13:00:00,23.5,11,21.5,623.0,997.6
2017-06-09 14:00:00,23.7,10,23.5,604.0,997.3
2017-06-09 15:00:00,23.6,10,23.8,578.0,997.5
2017-06-09 16:00:00,23.2,11,23.9,482.0,997.7
2017-06-09 17:00:00,22.9,13,24.6,406.0,998.3
2017-06-09 18:00:00,22.0,15,22.4,221.0,998.7
2017-06-09 19:00:00,20.3,20,8.2,69.0,998.7
2017-06-09 20:00:00,18.7,22,5.7,2.0,999.2
2017-06-09 21:00:00,18.7,22,7.6,0.0,999.7
2017-06-09 22:00:00,17.4,23,12.0,0.0,1000.0
2017-06-09 23:00:00,16.1,29,11.4,0.0,1000.4
2017-06-10 00:00:00,14.8,33,10.9,0.0,1000.6
2017-06-10 01:00:00,13.8,39,8.4,0.0,1000.8
2017-06-10 02:00:00,13.1,44,8.4,0.0,1001.2
2017-06-10 03:00:00,12.1,47,6.4,0.0,1001.4
2017-06-10 04:00:00,11.8,48,5.2,0.0,1001.7
2017-06-10 05:00:00,12.2,48,5.0,20.0,1001.9
2017-06-10 06:00:00,14.7,42,1.5,136.0,1001.9
2017-06-10 07:00:00,17.8,29,2.2,310.0,1002.2
2017-06-10 08:00:00,19.3,25,4.6,497.0,1002.6
2017-06-10 09:00:00,21.6,22,7.3,669.0,1002.3
2017-06-10 10:00:00,23.3,17,11.0,810.0,1002.3
2017-06-10 11:00:00,24.4,14,14.4,906.0,1002.3
2017-06-10 12:00:00,24.9,14,16.9,947.0,1002.1
2017-06-10 13:00:00,25.2,15,17.1,932.0,1001.5
2017-06-10 14:00:00,25.3,17,17.7,859.0,1001.2
2017-06-10 15:00:00,25.1,19,16.6,737.0,1001.1
2017-06-10 16:00:00,24.9,20,16.9,577.0,1001.0
2017-06-10 17:00:00,24.3,22,18.0,397.0,1001.2
2017-06-10 18:00:00,22.8,25,1.1,217.0,1001.1
2017-06-10 19:00:00,22.4,26,4.0,68.0,1001.9
2017-06-10 20:00:00,21.6,31,11.6,2.0,1002.0
2017-06-10 21:00:00,20.5,33,9.3,0.0,1001.7
2017-06-10 22:00:00,19.3,37,9.4,0.0,1001.9
2017-06-10 23:00:00,18.3,40,8.4,0.0,1001.9
2017-06-11 00:00:00,17.3,43,6.1,0.0,1002.0
2017-06-11 01:00:00,16.5,47,6.7,0.0,1001.9
2017-06-11 02:00:00,15.3,52,8.8,0.0,1002.2
2017-06-11 03:00:00,14.6,53,11.5,0.0,1002.8
2017-06-11 04:00:00,13.9,56,9.2,0.0,1003.2
2017-06-11 05:00:00,13.8,58,8.4,19.0,1003.7
2017-06-11 06:00:00,15.7,55,9.5,129.0,1004.4
2017-06-11 07:00:00,18.4,45,11.0,295.0,1004.4
2017-06-11 08:00:00,20.9,37,12.1,476.0,1005.1
2017-06-11 09:00:00,22.5,33,15.1,645.0,1004.8
2017-06-11 10:00:00,23.5,32,15.0,782.0,1004.8
2017-06-11 11:00:00,24.5,30,16.8,875.0,1005.0
2017-06-11 12:00:00,25.4,29,17.9,917.0,1004.7
2017-06-11 13:00:00,25.8,28,16.9,911.0,1004.5
2017-06-11 14:00:00,27.3,23,15.5,823.0,1003.6
2017-06-11 15:00:00,26.3,26,23.8,680.0,1003.6
2017-06-11 16:00:00,26.0,27,22.6,548.0,1003.5
2017-06-11 17:00:00,24.8,29,22.6,367.0,1003.9
2017-06-11 18:00:00,23.6,33,22.3,184.0,1004.4
2017-06-11 19:00:00,22.4,35,13.6,63.0,1005.0
2017-06-11 20:00:00,22.0,36,16.5,2.0,1005.0
2017-06-11 21:00:00,21.2,38,17.7,0.0,1005.2
2017-06-11 22:00:00,20.3,41,16.0,0.0,1005.6
2017-06-11 23:00:00,19.4,43,11.3,0.0,1006.2
2017-06-12 00:00:00,18.6,45,9.7,0.0,1006.5
2017-06-12 01:00:00,17.9,48,9.8,0.0,1006.4
2017-06-12 02:00:00,17.3,53,9.5,0.0,1006.3
2017-06-12 03:00:00,16.1,60,9.8,0.0,1006.4
2017-06-12 04:00:00,15.2,65,9.0,0.0,1006.6
2017-06-12 05:00:00,15.2,66,8.0,19.0,1006.8
2017-06-12 06:00:00,16.7,60,8.4,126.0,1007.0
2017-06-12 07:00:00,19.3,50,8.1,292.0,1007.2
2017-06-12 08:00:00,21.7,40,10.1,461.0,1007.7
2017-06-12 09:00:00,23.7,32,13.9,646.0,1007.3
2017-06-12 10:00:00,24.9,27,13.5,782.0,1007.2
2017-06-12 11:00:00,25.7,25,12.5,800.0,1007.1
2017-06-12 12:00:00,25.5,24,14.2,633.0,1006.6
2017-06-12 13:00:00,25.7,24,15.2,549.0,1006.5
2017-06-12 14:00:00,25.9,23,13.4,496.0,1006.1
2017-06-12 15:00:00,25.4,26,19.2,448.0,1006.0
2017-06-12 16:00:00,25.1,26,15.1,208.0,1005.8
2017-06-12 17:00:00,24.8,27,14.1,221.0,1005.6
2017-06-12 18:00:00,24.3,29,12.9,111.0,1005.8
2017-06-12 19:00:00,23.1,32,10.5,50.0,1005.8
2017-06-12 20:00:00,23.0,33,8.0,2.0,1005.8
2017-06-12 21:00:00,22.3,35,5.5,0.0,1006.2
2017-06-12 22:00:00,21.3,38,4.7,0.0,1006.5
2017-06-12 23:00:00,20.3,42,6.3,0.0,1006.8
2017-06-13 00:00:00,19.4,45,6.6,0.0,1006.9
2017-06-13 01:00:00,18.8,47,5.1,0.0,1006.9
2017-06-13 02:00:00,18.5,48,1.5,0.0,1007.1
2017-06-13 03:00:00,17.3,54,4.3,0.0,1007.1
2017-06-13 04:00:00,16.5,57,6.3,0.0,1007.0
2017-06-13 05:00:00,16.7,56,3.8,19.0,1007.1
2017-06-13 06:00:00,18.2,49,1.9,126.0,1007.2
2017-06-13 07:00:00,20.7,40,2.5,294.0,1007.2
2017-06-13 08:00:00,21.9,38,1.5,475.0,1007.8
2017-06-13 09:00:00,24.5,32,3.9,642.0,1007.1
2017-06-13 10:00:00,26.3,27,8.1,783.0,1007.0
2017-06-13 11:00:00,27.2,24,10.4,798.0,1006.8
2017-06-13 12:00:00,27.9,22,9.7,807.0,1006.1
2017-06-13 13:00:00,28.0,21,8.8,536.0,1005.6
2017-06-13 14:00:00,28.5,20,8.4,474.0,1005.0
2017-06-13 15:00:00,29.2,18,7.1,631.0,1004.5
2017-06-13 16:00:00,29.0,18,7.4,378.0,1003.8
2017-06-13 17:00:00,28.6,19,4.9,187.0,1003.4
2017-06-13 18:00:00,28.3,19,4.7,182.0,1003.1
2017-06-13 19:00:00,26.9,22,6.8,65.0,1003.0
2017-06-13 20:00:00,24.2,27,11.0,2.0,1003.5
2017-06-13 21:00:00,23.8,27,12.5,0.0,1003.5
2017-06-13 22:00:00,22.7,32,16.8,0.0,1003.4
2017-06-13 23:00:00,21.5,38,14.8,0.0,1003.6
2017-06-14 00:00:00,20.1,44,15.1,0.0,1003.7
2017-06-14 01:00:00,19.1,52,15.2,0.0,1003.6
2017-06-14 02:00:00,18.3,61,15.7,0.0,1003.2
2017-06-14 03:00:00,17.9,65,16.3,0.0,1002.9
2017-06-14 04:00:00,17.5,64,15.7,0.0,1002.5
2017-06-14 05:00:00,17.9,58,15.4,19.0,1002.2
2017-06-14 06:00:00,19.9,48,16.0,128.0,1002.1
2017-06-14 07:00:00,22.3,41,19.0,293.0,1001.7
2017-06-14 08:00:00,24.4,40,22.3,472.0,1001.2
2017-06-14 09:00:00,26.7,36,22.4,636.0,1000.5
2017-06-14 10:00:00,29.1,32,21.6,771.0,1000.2
2017-06-14 11:00:00,31.2,27,20.7,851.0,999.7
2017-06-14 12:00:00,32.7,24,20.9,865.0,999.0
2017-06-14 13:00:00,33.7,22,20.3,810.0,998.1
2017-06-14 14:00:00,34.6,21,18.9,788.0,997.6
2017-06-14 15:00:00,35.2,20,17.3,715.0,997.3
2017-06-14 16:00:00,35.6,19,16.6,566.0,996.4
2017-06-14 17:00:00,34.1,24,18.6,380.0,996.4
2017-06-14 18:00:00,32.1,26,18.1,213.0,997.1
2017-06-14 19:00:00,29.8,30,9.3,63.0,998.2
2017-06-14 20:00:00,27.2,37,14.8,2.0,997.5
2017-06-14 21:00:00,25.5,44,13.4,0.0,997.6
2017-06-14 22:00:00,23.7,50,12.1,0.0,997.5
2017-06-14 23:00:00,22.5,55,11.2,0.0,997.5
2017-06-15 00:00:00,21.7,58,10.5,0.0,997.3
2017-06-15 01:00:00,21.1,61,10.0,0.0,997.4
2017-06-15 02:00:00,20.3,65,6.8,0.0,997.7
2017-06-15 03:00:00,19.8,67,9.4,0.0,997.6
2017-06-15 04:00:00,19.2,68,7.6,0.0,997.8
2017-06-15 05:00:00,19.6,64,7.9,19.0,997.7
2017-06-15 06:00:00,21.8,54,6.0,127.0,997.8
2017-06-15 07:00:00,24.7,44,7.4,293.0,997.8
2017-06-15 08:00:00,26.9,40,4.2,473.0,998.3
2017-06-15 09:00:00,28.7,36,0.4,527.0,998.0
2017-06-15 10:00:00,31.0,31,3.6,731.0,997.7
2017-06-15 11:00:00,33.1,27,6.1,843.0,997.4
2017-06-15 12:00:00,34.7,24,7.1,905.0,997.2
2017-06-15 13:00:00,35.9,22,7.4,895.0,996.9
2017-06-15 14:00:00,36.8,20,10.6,831.0,996.5
2017-06-15 15:00:00,37.0,19,14.6,711.0,996.1
2017-06-15 16:00:00,36.2,20,11.3,417.0,996.5
2017-06-15 17:00:00,33.4,22,10.5,163.0,996.9
2017-06-15 18:00:00,32.5,24,9.1,83.0,996.8
2017-06-15 19:00:00,31.6,26,7.3,47.0,997.1
2017-06-15 20:00:00,28.9,39,11.3,2.0,995.9
2017-06-15 21:00:00,28.8,36,12.6,0.0,996.4
2017-06-15 22:00:00,27.4,39,12.2,0.0,996.6
2017-06-15 23:00:00,25.8,42,10.9,0.0,996.9
2017-06-16 00:00:00,24.9,45,9.9,0.0,997.1
2017-06-16 01:00:00,23.8,54,7.2,0.0,997.2
2017-06-16 02:00:00,22.7,56,8.3,0.0,997.1
2017-06-16 03:00:00,22.1,53,10.8,0.0,997.2
2017-06-16 04:00:00,22.0,52,11.8,0.0,997.8
2017-06-16 05:00:00,21.7,64,13.8,18.0,997.7
2017-06-16 06:00:00,23.0,60,15.3,120.0,998.2
2017-06-16 07:00:00,24.9,52,17.0,272.0,998.2
2017-06-16 08:00:00,28.0,44,17.3,463.0,998.2
2017-06-16 09:00:00,30.4,37,16.9,629.0,998.1
2017-06-16 10:00:00,32.5,31,16.2,766.0,998.0
2017-06-16 11:00:00,34.3,27,16.7,867.0,997.7
2017-06-16 12:00:00,35.8,24,19.1,899.0,997.3
2017-06-16 13:00:00,36.6,22,21.9,880.0,996.5
2017-06-16 14:00:00,37.5,19,24.7,829.0,995.6
2017-06-16 15:00:00,35.6,23,12.1,707.0,996.0
2017-06-16 16:00:00,33.2,31,18.8,197.0,995.3
2017-06-16 17:00:00,30.8,35,14.1,233.0,996.4
2017-06-16 18:00:00,24.3,58,9.3,108.0,997.7
2017-06-16 19:00:00,21.1,82,15.5,23.0,998.1
2017-06-16 20:00:00,28.4,45,21.7,1.0,996.6
2017-06-16 21:00:00,27.2,48,23.4,0.0,996.6
2017-06-16 22:00:00,26.1,49,20.4,0.0,997.0
2017-06-16 23:00:00,25.2,50,20.2,0.0,997.3
2017-06-17 00:00:00,24.3,53,18.6,0.0,997.3
2017-06-17 01:00:00,23.8,54,16.6,0.0,997.6
2017-06-17 02:00:00,23.1,56,14.4,0.0,997.7
2017-06-17 03:00:00,22.7,56,17.7,0.0,997.7
2017-06-17 04:00:00,22.3,58,19.8,0.0,997.6
2017-06-17 05:00:00,22.5,58,20.2,17.0,997.8
2017-06-17 06:00:00,23.4,57,16.6,78.0,998.1
2017-06-17 07:00:00,25.2,51,17.3,210.0,998.3
2017-06-17 08:00:00,28.4,44,25.5,395.0,997.7
2017-06-17 09:00:00,30.7,39,27.6,635.0,997.5
2017-06-17 10:00:00,32.8,34,29.3,764.0,997.0
2017-06-17 11:00:00,34.3,30,32.1,853.0,996.4
2017-06-17 12:00:00,32.4,26,31.0,507.0,997.5
2017-06-17 13:00:00,33.0,27,21.9,339.0,996.5
2017-06-17 14:00:00,33.9,21,30.0,525.0,996.0
2017-06-17 15:00:00,33.1,24,21.9,385.0,996.1
2017-06-17 16:00:00,33.7,22,27.1,316.0,995.5
2017-06-17 17:00:00,33.5,26,23.8,235.0,995.1
2017-06-17 18:00:00,32.6,26,28.0,161.0,995.4
2017-06-17 19:00:00,30.8,30,26.4,67.0,995.9
2017-06-17 20:00:00,29.7,33,27.6,3.0,995.8
2017-06-17 21:00:00,27.9,47,26.8,0.0,996.4
2017-06-17 22:00:00,26.7,53,26.9,0.0,996.4
2017-06-17 23:00:00,25.9,52,26.0,0.0,996.6
2017-06-18 00:00:00,25.2,52,21.6,0.0,997.5
2017-06-18 01:00:00,24.7,53,19.7,0.0,998.0
2017-06-18 02:00:00,22.7,61,23.7,0.0,998.6
2017-06-18 03:00:00,20.8,73,18.2,0.0,997.9
2017-06-18 04:00:00,20.3,75,17.1,0.0,998.5
2017-06-18 05:00:00,20.5,74,17.9,10.0,998.3
2017-06-18 06:00:00,21.0,74,20.2,58.0,998.4
2017-06-18 07:00:00,21.4,74,10.8,102.0,998.7
2017-06-18 08:00:00,26.0,50,24.7,215.0,997.8
2017-06-18 09:00:00,28.5,41,28.9,473.0,997.4
2017-06-18 10:00:00,30.0,38,28.3,626.0,997.4
2017-06-18 11:00:00,30.1,39,22.9,569.0,997.8
2017-06-18 12:00:00,30.6,39,20.7,587.0,997.5
2017-06-18 13:00:00,31.5,37,19.2,583.0,996.9
2017-06-18 14:00:00,33.1,28,26.9,643.0,996.5
2017-06-18 15:00:00,32.7,28,28.3,466.0,996.3
2017-06-18 16:00:00,31.7,31,23.3,337.0,996.4
2017-06-18 17:00:00,31.4,31,25.7,363.0,996.2
2017-06-18 18:00:00,30.0,33,20.4,161.0,996.2
2017-06-18 19:00:00,28.2,37,17.1,56.0,996.6
2017-06-18 20:00:00,23.1,71,10.4,2.0,997.9
2017-06-18 21:00:00,22.4,73,9.2,0.0,997.9
2017-06-18 22:00:00,22.2,75,7.1,0.0,997.8
2017-06-18 23:00:00,22.9,59,13.4,0.0,997.6
2017-06-19 00:00:00,22.6,64,12.7,0.0,997.1
2017-06-19 01:00:00,22.0,68,10.8,0.0,997.5
2017-06-19 02:00:00,21.6,70,8.9,0.0,997.4
2017-06-19 03:00:00,21.3,70,10.4,0.0,997.5
2017-06-19 04:00:00,20.8,73,8.1,0.0,998.0
2017-06-19 05:00:00,20.4,77,7.5,5.0,998.3
2017-06-19 06:00:00,20.3,79,11.0,24.0,998.2
2017-06-19 07:00:00,20.8,80,16.0,94.0,997.8
2017-06-19 08:00:00,21.4,74,16.2,159.0,997.9
2017-06-19 09:00:00,23.4,59,23.6,271.0,997.7
2017-06-19 10:00:00,25.1,52,24.5,512.0,997.5
2017-06-19 11:00:00,26.6,49,27.4,714.0,997.5
2017-06-19 12:00:00,26.0,52,24.7,543.0,997.3
2017-06-19 13:00:00,25.3,58,25.2,467.0,996.5
2017-06-19 14:00:00,24.3,65,20.1,418.0,996.2
2017-06-19 15:00:00,25.1,63,19.1,416.0,996.0
2017-06-19 16:00:00,23.8,74,13.4,358.0,996.2
2017-06-19 17:00:00,22.0,84,12.2,186.0,997.0
2017-06-19 18:00:00,22.0,86,16.3,77.0,997.0
2017-06-19 19:00:00,21.2,88,10.2,19.0,997.3
2017-06-19 20:00:00,20.3,91,8.8,1.0,997.3
2017-06-19 21:00:00,20.1,91,9.9,0.0,997.6
2017-06-19 22:00:00,19.6,91,13.0,0.0,997.0
2017-06-19 23:00:00,19.4,93,14.9,0.0,997.0
2017-06-20 00:00:00,19.9,89,17.4,0.0,996.7
2017-06-20 01:00:00,19.7,91,15.6,0.0,997.0
2017-06-20 02:00:00,19.3,90,17.7,0.0,996.7
2017-06-20 03:00:00,19.2,91,17.7,0.0,996.7
2017-06-20 04:00:00,19.2,90,21.6,0.0,996.8
2017-06-20 05:00:00,19.6,90,19.7,16.0,997.0
2017-06-20 06:00:00,20.4,88,17.1,82.0,996.9
2017-06-20 07:00:00,21.4,82,24.7,241.0,997.1
2017-06-20 08:00:00,22.6,72,21.7,348.0,996.8
2017-06-20 09:00:00,24.7,62,20.6,575.0,996.3
2017-06-20 10:00:00,25.2,61,17.6,548.0,996.3
2017-06-20 11:00:00,23.7,70,13.7,607.0,996.2
2017-06-20 12:00:00,25.4,66,13.6,670.0,995.7
2017-06-20 13:00:00,22.8,78,17.8,624.0,996.4
2017-06-20 14:00:00,23.7,74,19.2,542.0,995.6
2017-06-20 15:00:00,22.8,78,21.0,432.0,996.0
2017-06-20 16:00:00,22.3,79,16.6,276.0,996.0
2017-06-20 17:00:00,22.7,78,15.0,242.0,995.6
2017-06-20 18:00:00,22.4,80,12.3,123.0,995.9
2017-06-20 19:00:00,21.9,83,9.1,52.0,996.1
2017-06-20 20:00:00,20.6,82,9.7,3.0,996.4
2017-06-20 21:00:00,20.6,84,9.8,0.0,996.4
2017-06-20 22:00:00,20.0,86,10.9,0.0,996.1
2017-06-20 23:00:00,19.7,87,12.1,0.0,996.1
2017-06-21 00:00:00,19.2,90,11.9,0.0,995.8
2017-06-21 01:00:00,19.0,91,11.5,0.0,996.1
2017-06-21 02:00:00,18.6,93,8.7,0.0,996.4
2017-06-21 03:00:00,17.8,96,8.9,0.0,996.6
2017-06-21 04:00:00,17.9,96,9.5,0.0,996.9
2017-06-21 05:00:00,18.5,96,8.8,18.0,997.1
2017-06-21 06:00:00,19.6,92,10.1,120.0,997.3
2017-06-21 07:00:00,20.7,87,6.3,267.0,997.9
2017-06-21 08:00:00,21.7,77,4.6,440.0,998.3
2017-06-21 09:00:00,23.0,69,5.4,601.0,998.1
2017-06-21 10:00:00,24.1,62,7.1,738.0,998.1
2017-06-21 11:00:00,25.0,56,9.2,805.0,998.1
2017-06-21 12:00:00,25.5,54,10.8,836.0,997.7
2017-06-21 13:00:00,26.0,53,12.0,861.0,997.2
2017-06-21 14:00:00,26.2,52,14.4,800.0,997.1
2017-06-21 15:00:00,26.1,52,14.8,630.0,997.2
2017-06-21 16:00:00,26.3,54,14.9,462.0,997.0
2017-06-21 17:00:00,25.9,53,16.1,332.0,997.2
2017-06-21 18:00:00,23.1,68,15.1,168.0,997.8
2017-06-21 19:00:00,22.0,77,4.0,63.0,998.5
2017-06-21 20:00:00,23.0,70,2.9,3.0,998.6
2017-06-21 21:00:00,21.5,82,4.0,0.0,999.1
2017-06-21 22:00:00,21.4,78,2.8,0.0,999.5
2017-06-21 23:00:00,21.3,78,2.5,0.0,1000.1
2017-06-22 00:00:00,19.5,88,7.7,0.0,1000.7
2017-06-22 01:00:00,18.9,88,7.7,0.0,1000.8
2017-06-22 02:00:00,18.4,88,9.2,0.0,1000.7
2017-06-22 03:00:00,17.9,88,10.8,0.0,1000.7
2017-06-22 04:00:00,17.4,87,10.2,0.0,1001.0
2017-06-22 05:00:00,17.7,85,7.9,18.0,1001.3
2017-06-22 06:00:00,19.2,79,7.1,122.0,1002.1
2017-06-22 07:00:00,20.8,73,8.7,258.0,1002.2
2017-06-22 08:00:00,22.2,68,9.2,421.0,1002.3
2017-06-22 09:00:00,23.2,63,9.4,565.0,1002.0
2017-06-22 10:00:00,23.9,61,6.5,656.0,1002.2
2017-06-22 11:00:00,24.7,59,8.0,738.0,1002.0
2017-06-22 12:00:00,25.4,57,10.0,768.0,1001.6
2017-06-22 13:00:00,26.2,53,9.4,782.0,1001.3
2017-06-22 14:00:00,26.9,49,8.3,817.0,1000.8
2017-06-22 15:00:00,27.3,46,5.5,650.0,1000.6
2017-06-22 16:00:00,27.6,44,6.2,524.0,1000.4
2017-06-22 17:00:00,27.3,45,8.2,391.0,1000.2
2017-06-22 18:00:00,25.6,57,11.2,188.0,1000.3
2017-06-22 19:00:00,23.7,66,8.9,57.0,1000.8
2017-06-22 20:00:00,23.9,66,2.9,2.0,1001.3
2017-06-22 21:00:00,22.7,76,6.1,0.0,1001.0
2017-06-22 22:00:00,21.5,81,5.3,0.0,1001.1
2017-06-22 23:00:00,20.9,82,5.7,0.0,1001.8
2017-06-23 00:00:00,20.2,83,7.3,0.0,1001.8
2017-06-23 01:00:00,19.8,83,7.9,0.0,1001.6
2017-06-23 02:00:00,19.0,86,6.6,0.0,1001.4
2017-06-23 03:00:00,19.1,86,5.1,0.0,1001.4
2017-06-23 04:00:00,19.1,86,5.4,0.0,1001.7
2017-06-23 05:00:00,19.5,84,3.3,8.0,1001.7
2017-06-23 06:00:00,20.5,79,3.6,73.0,1001.6
2017-06-23 07:00:00,22.2,72,6.3,199.0,1001.5
2017-06-23 08:00:00,22.8,70,7.3,226.0,1001.1
2017-06-23 09:00:00,24.5,62,6.2,382.0,1000.6
2017-06-23 10:00:00,25.1,59,3.1,342.0,1000.7
2017-06-23 11:00:00,25.9,56,3.9,452.0,1000.7
2017-06-23 12:00:00,26.5,53,4.4,531.0,1000.1
2017-06-23 13:00:00,26.7,53,4.8,564.0,999.7
2017-06-23 14:00:00,27.4,50,11.4,569.0,999.8
2017-06-23 15:00:00,25.2,56,14.8,234.0,999.9
2017-06-23 16:00:00,24.1,66,12.6,190.0,1000.0
2017-06-23 17:00:00,23.6,72,15.7,114.0,1000.1
2017-06-23 18:00:00,22.4,76,10.9,73.0,1000.2
2017-06-23 19:00:00,22.1,77,7.7,29.0,1000.0
2017-06-23 20:00:00,21.5,83,6.2,1.0,1000.0
2017-06-23 21:00:00,21.1,83,9.5,0.0,999.4
2017-06-23 22:00:00,20.8,83,8.4,0.0,999.3
2017-06-23 23:00:00,20.4,84,7.3,0.0,999.3
2017-06-24 00:00:00,20.3,83,11.2,0.0,998.9
2017-06-24 01:00:00,20.6,80,15.7,0.0,998.5
2017-06-24 02:00:00,20.5,81,15.5,0.0,998.1
2017-06-24 03:00:00,20.2,83,11.2,0.0,997.8
2017-06-24 04:00:00,19.9,88,6.6,0.0,998.4
2017-06-24 05:00:00,20.1,87,4.1,11.0,998.3
2017-06-24 06:00:00,20.7,85,5.2,72.0,998.3
2017-06-24 07:00:00,22.0,78,7.9,219.0,998.2
2017-06-24 08:00:00,22.7,75,7.4,437.0,997.9
2017-06-24 09:00:00,24.2,70,9.1,476.0,997.5
2017-06-24 10:00:00,25.5,66,11.4,588.0,997.3
2017-06-24 11:00:00,26.6,59,11.4,690.0,997.1
2017-06-24 12:00:00,27.1,54,11.8,582.0,996.4
2017-06-24 13:00:00,27.1,53,12.8,759.0,996.2
2017-06-24 14:00:00,25.4,55,9.3,421.0,996.2
2017-06-24 15:00:00,25.8,52,8.1,276.0,996.0
2017-06-24 16:00:00,25.4,56,3.1,199.0,995.6
2017-06-24 17:00:00,24.6,65,8.4,162.0,994.9
2017-06-24 18:00:00,23.8,73,6.2,102.0,994.8
2017-06-24 19:00:00,22.7,83,6.9,46.0,995.2
2017-06-24 20:00:00,20.8,90,4.7,2.0,995.9
2017-06-24 21:00:00,20.4,93,3.8,0.0,995.8
2017-06-24 22:00:00,20.0,95,3.5,0.0,996.0
2017-06-24 23:00:00,20.0,95,1.1,0.0,996.2
2017-06-25 00:00:00,19.6,98,2.4,0.0,995.9
2017-06-25 01:00:00,19.2,98,5.5,0.0,996.0
2017-06-25 02:00:00,19.2,97,5.2,0.0,996.2
2017-06-25 03:00:00,19.1,96,5.2,0.0,996.3
2017-06-25 04:00:00,18.8,97,4.7,0.0,996.2
2017-06-25 05:00:00,18.9,96,3.6,6.0,996.0
2017-06-25 06:00:00,19.7,92,6.2,69.0,996.1
2017-06-25 07:00:00,20.8,87,8.6,169.0,996.2
2017-06-25 08:00:00,21.0,86,7.0,375.0,996.6
2017-06-25 09:00:00,22.1,81,6.6,283.0,996.6
2017-06-25 10:00:00,24.7,71,9.6,595.0,996.8
2017-06-25 11:00:00,26.1,67,9.5,699.0,996.6
2017-06-25 12:00:00,26.2,66,7.6,536.0,996.2
2017-06-25 13:00:00,27.0,64,7.9,702.0,995.6
2017-06-25 14:00:00,27.6,61,9.1,661.0,995.3
2017-06-25 15:00:00,28.0,58,9.1,528.0,994.9
2017-06-25 16:00:00,24.3,76,10.1,252.0,995.7
2017-06-25 17:00:00,23.7,80,2.5,65.0,995.4
2017-06-25 18:00:00,23.8,80,4.8,80.0,995.9
2017-06-25 19:00:00,23.2,85,5.2,50.0,995.7
2017-06-25 20:00:00,24.6,77,3.7,3.0,996.2
2017-06-25 21:00:00,23.2,87,4.6,0.0,996.6
2017-06-25 22:00:00,22.3,91,4.8,0.0,996.8
2017-06-25 23:00:00,21.8,92,5.9,0.0,997.2
2017-06-26 00:00:00,21.5,93,6.3,0.0,997.5
2017-06-26 01:00:00,20.7,96,5.6,0.0,997.7
2017-06-26 02:00:00,20.4,97,4.4,0.0,998.1
2017-06-26 03:00:00,20.4,97,4.5,0.0,998.4
2017-06-26 04:00:00,19.8,97,7.7,0.0,998.5
2017-06-26 05:00:00,20.3,95,8.4,14.0,998.7
2017-06-26 06:00:00,21.5,88,9.8,111.0,999.0
2017-06-26 07:00:00,23.1,78,11.9,263.0,999.5
2017-06-26 08:00:00,24.8,69,13.6,446.0,999.9
2017-06-26 09:00:00,26.0,66,11.7,613.0,999.6
2017-06-26 10:00:00,27.0,63,8.2,746.0,999.8
2017-06-26 11:00:00,27.7,63,6.1,784.0,999.7
2017-06-26 12:00:00,28.2,62,5.4,794.0,999.4
2017-06-26 13:00:00,28.7,60,5.7,770.0,999.2
2017-06-26 14:00:00,28.9,59,6.1,681.0,998.8
2017-06-26 15:00:00,29.1,55,7.6,601.0,998.4
2017-06-26 16:00:00,29.0,55,9.7,483.0,998.0
2017-06-26 17:00:00,28.7,56,9.1,298.0,997.9
2017-06-26 18:00:00,27.6,60,7.9,179.0,998.2
2017-06-26 19:00:00,25.8,73,8.1,52.0,998.5
2017-06-26 20:00:00,25.6,68,13.2,2.0,998.9
2017-06-26 21:00:00,24.8,73,11.2,0.0,999.3
2017-06-26 22:00:00,24.2,74,12.5,0.0,999.8
2017-06-26 23:00:00,23.4,72,13.0,0.0,1000.2
2017-06-27 00:00:00,22.5,76,12.1,0.0,1000.1
2017-06-27 01:00:00,21.7,81,12.4,0.0,1000.5
2017-06-27 02:00:00,21.3,84,12.8,0.0,1000.5
2017-06-27 03:00:00,21.0,85,12.3,0.0,1000.7
2017-06-27 04:00:00,20.6,86,11.4,0.0,1000.9
2017-06-27 05:00:00,21.0,84,11.5,17.0,1001.0
2017-06-27 06:00:00,22.4,75,12.2,113.0,1000.9
2017-06-27 07:00:00,24.3,65,14.8,282.0,1001.5
2017-06-27 08:00:00,25.7,63,17.7,455.0,1001.4
2017-06-27 09:00:00,27.0,58,17.3,614.0,1000.9
2017-06-27 10:00:00,28.3,53,17.7,760.0,1000.8
2017-06-27 11:00:00,29.4,49,18.2,863.0,1000.5
2017-06-27 12:00:00,30.2,46,17.9,890.0,1000.0
2017-06-27 13:00:00,30.6,44,18.1,859.0,999.9
2017-06-27 14:00:00,30.7,44,17.6,673.0,999.4
2017-06-27 15:00:00,30.7,44,17.1,556.0,999.1
2017-06-27 16:00:00,30.9,43,18.0,524.0,998.6
2017-06-27 17:00:00,30.5,43,17.7,381.0,998.3
2017-06-27 18:00:00,29.4,50,13.2,217.0,999.2
2017-06-27 19:00:00,27.5,59,13.0,75.0,999.7
2017-06-27 20:00:00,25.9,66,12.3,3.0,999.8
2017-06-27 21:00:00,24.8,68,10.4,0.0,1000.5
2017-06-27 22:00:00,24.1,69,13.4,0.0,1000.9
2017-06-27 23:00:00,23.6,70,14.6,0.0,1001.5
2017-06-28 00:00:00,23.0,75,13.8,0.0,1001.6
2017-06-28 01:00:00,22.4,78,13.0,0.0,1001.7
2017-06-28 02:00:00,21.7,79,13.0,0.0,1001.8
2017-06-28 03:00:00,21.0,82,13.7,0.0,1001.9
2017-06-28 04:00:00,20.5,83,13.7,0.0,1002.1
2017-06-28 05:00:00,20.7,83,14.1,16.0,1002.4
2017-06-28 06:00:00,21.9,79,15.9,121.0,1002.6
2017-06-28 07:00:00,23.3,74,18.8,284.0,1002.4
2017-06-28 08:00:00,25.0,66,18.7,449.0,1002.5
2017-06-28 09:00:00,26.7,60,20.1,613.0,1002.0
2017-06-28 10:00:00,28.4,52,21.6,759.0,1001.9
2017-06-28 11:00:00,29.8,48,22.7,855.0,1001.8
2017-06-28 12:00:00,30.9,44,23.1,900.0,1001.5
2017-06-28 13:00:00,31.7,42,23.5,891.0,1001.0
2017-06-28 14:00:00,32.1,41,24.1,827.0,1000.5
2017-06-28 15:00:00,32.1,40,23.3,686.0,1000.1
2017-06-28 16:00:00,32.0,39,24.1,551.0,999.4
2017-06-28 17:00:00,31.1,42,23.0,358.0,999.3
2017-06-28 18:00:00,29.5,48,21.0,223.0,1000.0
2017-06-28 19:00:00,27.7,55,19.9,74.0,1000.7
2017-06-28 20:00:00,27.1,57,20.8,3.0,1000.8
2017-06-28 21:00:00,25.9,63,20.0,0.0,1001.3
2017-06-28 22:00:00,24.7,68,19.2,0.0,1001.4
2017-06-28 23:00:00,23.6,73,19.5,0.0,1001.8
2017-06-29 00:00:00,22.9,75,18.8,0.0,1002.0
2017-06-29 01:00:00,22.3,76,17.8,0.0,1002.0
2017-06-29 02:00:00,21.9,78,16.6,0.0,1001.7
2017-06-29 03:00:00,21.5,80,15.5,0.0,1001.5
2017-06-29 04:00:00,21.5,81,14.8,0.0,1001.6
2017-06-29 05:00:00,21.8,81,14.8,14.0,1001.8
2017-06-29 06:00:00,22.9,77,17.0,103.0,1001.9
2017-06-29 07:00:00,24.6,71,20.7,260.0,1001.8
2017-06-29 08:00:00,26.3,63,24.4,433.0,1001.5
2017-06-29 09:00:00,28.2,57,27.4,611.0,1001.3
2017-06-29 10:00:00,29.4,53,26.9,699.0,1001.4
2017-06-29 11:00:00,30.6,49,28.8,841.0,1000.9
2017-06-29 12:00:00,31.5,45,29.2,895.0,1000.3
2017-06-29 13:00:00,32.5,42,29.0,887.0,999.8
2017-06-29 14:00:00,33.1,40,29.4,816.0,999.1
2017-06-29 15:00:00,33.2,39,29.5,712.0,998.4
2017-06-29 16:00:00,31.5,45,28.8,530.0,998.3
2017-06-29 17:00:00,31.6,43,25.4,334.0,997.9
2017-06-29 18:00:00,30.4,47,26.6,211.0,998.1
2017-06-29 19:00:00,27.7,58,23.5,69.0,998.6
2017-06-29 20:00:00,26.4,61,23.8,3.0,998.2
2017-06-29 21:00:00,25.5,63,23.6,0.0,998.7
2017-06-29 22:00:00,24.4,67,22.9,0.0,998.7
2017-06-29 23:00:00,23.5,72,20.5,0.0,999.0
2017-06-30 00:00:00,22.9,75,20.4,0.0,999.2
2017-06-30 01:00:00,22.4,77,19.4,0.0,999.0
2017-06-30 02:00:00,22.1,78,18.8,0.0,998.5
2017-06-30 03:00:00,21.8,80,18.8,0.0,998.2
2017-06-30 04:00:00,21.7,81,18.6,0.0,998.1
2017-06-30 05:00:00,22.1,79,18.1,16.0,998.1
2017-06-30 06:00:00,23.5,73,19.5,118.0,997.9
2017-06-30 07:00:00,25.6,66,23.7,277.0,997.7
2017-06-30 08:00:00,27.3,61,27.0,454.0,997.5
2017-06-30 09:00:00,29.3,56,28.6,617.0,996.7
2017-06-30 10:00:00,30.8,53,28.0,753.0,996.8
2017-06-30 11:00:00,31.9,50,29.8,800.0,996.3
2017-06-30 12:00:00,32.9,46,31.8,816.0,995.7
2017-06-30 13:00:00,33.8,41,31.2,860.0,995.1
2017-06-30 14:00:00,34.0,40,30.6,811.0,994.6
2017-06-30 15:00:00,33.4,41,28.0,511.0,994.4
2017-06-30 16:00:00,32.8,44,28.4,457.0,994.4
2017-06-30 17:00:00,31.6,46,24.7,255.0,994.7
2017-06-30 18:00:00,29.9,52,23.6,159.0,994.9
2017-06-30 19:00:00,28.9,54,21.8,42.0,994.9
2017-06-30 20:00:00,25.5,71,18.7,2.0,996.3
2017-06-30 21:00:00,25.8,73,17.4,0.0,996.5
2017-06-30 22:00:00,25.3,77,17.8,0.0,996.2
2017-06-30 23:00:00,24.6,78,16.4,0.0,996.1
2017-07-01 00:00:00,24.2,77,17.1,0.0,995.7
2017-07-01 01:00:00,23.9,76,15.8,0.0,995.7
2017-07-01 02:00:00,23.8,74,18.3,0.0,995.0
2017-07-01 03:00:00,23.7,72,18.7,0.0,995.0
2017-07-01 04:00:00,23.3,73,15.5,0.0,995.6
2017-07-01 05:00:00,23.1,75,17.3,15.0,995.9
2017-07-01 06:00:00,23.5,77,18.6,112.0,996.5
2017-07-01 07:00:00,24.8,73,20.1,269.0,996.6
2017-07-01 08:00:00,26.8,66,25.0,433.0,995.9
2017-07-01 09:00:00,28.6,62,22.1,615.0,995.8
2017-07-01 10:00:00,31.3,53,23.7,726.0,996.0
2017-07-01 11:00:00,31.3,55,24.0,688.0,995.8
2017-07-01 12:00:00,31.3,56,24.0,663.0,995.4
2017-07-01 13:00:00,32.2,53,24.5,730.0,994.8
2017-07-01 14:00:00,32.3,51,22.9,732.0,994.2
2017-07-01 15:00:00,30.0,57,27.1,576.0,994.7
2017-07-01 16:00:00,30.0,61,21.7,337.0,993.9
2017-07-01 17:00:00,29.7,64,25.2,298.0,994.1
2017-07-01 18:00:00,29.8,60,22.0,192.0,994.4
2017-07-01 19:00:00,29.0,57,21.1,69.0,994.9
2017-07-01 20:00:00,27.2,70,15.1,3.0,996.4
2017-07-01 21:00:00,26.1,74,16.2,0.0,996.5
2017-07-01 22:00:00,25.6,74,18.4,0.0,996.3
2017-07-01 23:00:00,25.0,72,20.0,0.0,996.6
2017-07-02 00:00:00,24.4,70,18.6,0.0,996.6
2017-07-02 01:00:00,23.7,70,16.8,0.0,996.7
2017-07-02 02:00:00,23.3,70,16.8,0.0,996.7
2017-07-02 03:00:00,22.8,72,13.3,0.0,996.9
2017-07-02 04:00:00,21.9,79,10.2,0.0,998.2
2017-07-02 05:00:00,21.7,83,14.8,7.0,998.5
2017-07-02 06:00:00,21.9,83,18.4,26.0,998.2
2017-07-02 07:00:00,22.3,81,16.6,65.0,997.6
2017-07-02 08:00:00,22.2,85,10.5,114.0,998.9
2017-07-02 09:00:00,22.9,84,13.0,97.0,998.8
2017-07-02 10:00:00,24.0,74,11.9,237.0,998.6
2017-07-02 11:00:00,25.1,70,9.7,416.0,998.5
2017-07-02 12:00:00,26.8,64,8.4,660.0,998.0
2017-07-02 13:00:00,27.5,62,9.5,586.0,997.5
2017-07-02 14:00:00,27.9,59,7.8,490.0,996.7
2017-07-02 15:00:00,28.2,58,6.1,423.0,996.3
2017-07-02 16:00:00,28.5,56,4.6,333.0,995.9
2017-07-02 17:00:00,28.2,58,5.6,240.0,996.3
2017-07-02 18:00:00,27.5,64,6.6,186.0,996.5
2017-07-02 19:00:00,25.9,79,6.5,59.0,996.7
2017-07-02 20:00:00,25.3,80,5.4,2.0,996.9
2017-07-02 21:00:00,25.2,77,1.5,0.0,997.3
2017-07-02 22:00:00,24.2,82,6.9,0.0,997.0
2017-07-02 23:00:00,23.6,85,7.2,0.0,996.9
2017-07-03 00:00:00,22.8,90,5.5,0.0,996.6
2017-07-03 01:00:00,22.4,92,5.8,0.0,996.5
2017-07-03 02:00:00,22.4,92,6.1,0.0,996.4
2017-07-03 03:00:00,22.0,91,5.6,0.0,996.8
2017-07-03 04:00:00,21.6,91,3.1,0.0,997.3
2017-07-03 05:00:00,21.5,89,1.8,11.0,997.7
2017-07-03 06:00:00,22.3,85,4.0,88.0,997.7
2017-07-03 07:00:00,23.6,81,1.8,231.0,997.9
2017-07-03 08:00:00,24.9,78,6.9,442.0,998.2
2017-07-03 09:00:00,26.2,72,5.4,571.0,997.7
2017-07-03 10:00:00,27.2,69,5.9,702.0,997.7
2017-07-03 11:00:00,27.9,64,7.2,738.0,997.9
2017-07-03 12:00:00,28.7,59,5.7,750.0,997.6
2017-07-03 13:00:00,29.4,55,7.2,778.0,997.3
2017-07-03 14:00:00,29.9,51,9.0,774.0,996.9
2017-07-03 15:00:00,30.3,47,10.2,668.0,996.5
2017-07-03 16:00:00,30.2,46,10.4,568.0,996.1
2017-07-03 17:00:00,29.8,47,11.6,406.0,996.3
2017-07-03 18:00:00,28.7,55,10.5,217.0,996.6
2017-07-03 19:00:00,26.8,68,9.0,75.0,997.0
2017-07-03 20:00:00,25.1,70,10.8,3.0,997.5
2017-07-03 21:00:00,24.3,73,9.2,0.0,998.0
2017-07-03 22:00:00,23.1,77,7.9,0.0,998.3
2017-07-03 23:00:00,22.2,77,8.4,0.0,998.6
2017-07-04 00:00:00,21.5,76,9.3,0.0,998.7
2017-07-04 01:00:00,21.1,77,10.5,0.0,998.8
2017-07-04 02:00:00,21.0,75,12.0,0.0,998.5
2017-07-04 03:00:00,20.6,77,12.3,0.0,998.4
2017-07-04 04:00:00,20.1,80,10.5,0.0,998.7
2017-07-04 05:00:00,20.0,82,7.1,14.0,999.3
2017-07-04 06:00:00,21.4,74,6.2,118.0,999.6
2017-07-04 07:00:00,23.4,66,5.5,282.0,1000.1
2017-07-04 08:00:00,25.2,59,4.4,462.0,1000.8
2017-07-04 09:00:00,27.1,50,6.3,633.0,1000.6
2017-07-04 10:00:00,28.4,46,8.4,775.0,1000.7
2017-07-04 11:00:00,29.4,46,9.5,872.0,1000.4
2017-07-04 12:00:00,30.1,45,8.9,919.0,999.9
2017-07-04 13:00:00,30.8,42,7.9,904.0,999.4
2017-07-04 14:00:00,31.5,39,7.7,842.0,998.8
2017-07-04 15:00:00,31.7,37,6.1,729.0,998.3
2017-07-04 16:00:00,31.7,37,7.2,581.0,998.1
2017-07-04 17:00:00,31.5,38,9.3,408.0,997.9
2017-07-04 18:00:00,30.1,47,11.5,210.0,998.2
2017-07-04 19:00:00,28.3,57,12.6,66.0,998.9
2017-07-04 20:00:00,26.9,62,15.0,3.0,999.1
2017-07-04 21:00:00,26.4,62,14.3,0.0,999.6
2017-07-04 22:00:00,25.5,62,12.5,0.0,1000.0
2017-07-04 23:00:00,24.7,64,12.7,0.0,1000.2
2017-07-05 00:00:00,24.0,68,12.6,0.0,1000.4
2017-07-05 01:00:00,23.3,71,11.2,0.0,1000.4
2017-07-05 02:00:00,22.3,75,10.5,0.0,1000.4
2017-07-05 03:00:00,21.4,78,9.0,0.0,1000.8
2017-07-05 04:00:00,21.0,79,10.8,0.0,1001.1
2017-07-05 05:00:00,21.4,77,11.2,14.0,1001.2
2017-07-05 06:00:00,23.2,70,9.7,112.0,1001.2
2017-07-05 07:00:00,25.1,64,8.8,236.0,1001.7
2017-07-05 08:00:00,27.3,57,6.4,375.0,1001.8
2017-07-05 09:00:00,29.0,51,5.7,539.0,1001.6
2017-07-05 10:00:00,30.5,45,7.4,733.0,1001.7
2017-07-05 11:00:00,31.6,42,6.2,826.0,1001.7
2017-07-05 12:00:00,32.6,39,8.1,878.0,1001.7
2017-07-05 13:00:00,33.4,36,10.0,893.0,1001.5
2017-07-05 14:00:00,33.9,34,11.6,814.0,1001.0
2017-07-05 15:00:00,33.8,35,11.8,663.0,1000.4
2017-07-05 16:00:00,33.8,34,11.5,566.0,999.8
2017-07-05 17:00:00,33.5,33,10.7,389.0,999.6
2017-07-05 18:00:00,32.5,37,9.0,206.0,1000.0
2017-07-05 19:00:00,30.7,47,8.4,72.0,1000.1
2017-07-05 20:00:00,28.7,63,4.4,3.0,1001.0
2017-07-05 21:00:00,27.6,62,8.5,0.0,1001.5
2017-07-05 22:00:00,26.7,62,11.0,0.0,1001.8
2017-07-05 23:00:00,25.7,61,10.0,0.0,1002.2
2017-07-06 00:00:00,24.7,64,9.5,0.0,1002.2
2017-07-06 01:00:00,24.1,65,8.7,0.0,1002.1
2017-07-06 02:00:00,23.8,67,8.4,0.0,1002.1
2017-07-06 03:00:00,23.4,69,8.6,0.0,1002.1
2017-07-06 04:00:00,23.0,72,7.3,0.0,1002.2
2017-07-06 05:00:00,23.2,72,6.6,12.0,1002.5
2017-07-06 06:00:00,24.5,67,6.6,102.0,1002.7
2017-07-06 07:00:00,26.5,61,6.2,260.0,1002.7
2017-07-06 08:00:00,28.8,53,10.0,447.0,1002.5
2017-07-06 09:00:00,30.6,43,10.8,614.0,1002.1
2017-07-06 10:00:00,31.8,37,12.2,682.0,1001.8
2017-07-06 11:00:00,32.8,35,11.6,840.0,1001.5
2017-07-06 12:00:00,33.4,34,10.6,899.0,1000.5
2017-07-06 13:00:00,34.4,30,9.9,890.0,999.7
2017-07-06 14:00:00,35.1,27,10.5,829.0,998.7
2017-07-06 15:00:00,35.6,27,12.3,719.0,998.2
2017-07-06 16:00:00,35.6,28,12.6,570.0,997.7
2017-07-06 17:00:00,35.5,27,13.4,400.0,997.6
2017-07-06 18:00:00,33.5,37,15.6,214.0,997.6
2017-07-06 19:00:00,32.0,44,15.2,57.0,998.1
2017-07-06 20:00:00,30.8,47,11.2,3.0,998.6
2017-07-06 21:00:00,29.6,51,12.6,0.0,998.9
2017-07-06 22:00:00,28.2,56,11.3,0.0,998.9
2017-07-06 23:00:00,26.9,61,8.9,0.0,999.2
2017-07-07 00:00:00,25.8,66,9.0,0.0,998.6
2017-07-07 01:00:00,24.7,67,12.2,0.0,998.2
2017-07-07 02:00:00,23.8,69,12.5,0.0,997.7
2017-07-07 03:00:00,23.8,74,12.0,0.0,997.2
2017-07-07 04:00:00,24.2,78,12.5,0.0,997.1
2017-07-07 05:00:00,24.7,78,14.1,12.0,996.7
2017-07-07 06:00:00,26.2,73,16.4,107.0,996.3
2017-07-07 07:00:00,27.5,68,20.2,206.0,995.5
2017-07-07 08:00:00,28.0,66,24.5,292.0,994.2
2017-07-07 09:00:00,27.7,66,25.1,193.0,993.6
2017-07-07 10:00:00,27.2,71,24.1,310.0,993.3
2017-07-07 11:00:00,26.1,79,22.3,164.0,992.9
2017-07-07 12:00:00,25.9,82,29.0,124.0,992.0
2017-07-07 13:00:00,25.8,82,30.3,122.0,991.5
2017-07-07 14:00:00,25.4,84,26.3,73.0,990.7
2017-07-07 15:00:00,25.4,84,26.9,71.0,989.8
2017-07-07 16:00:00,26.2,83,27.2,187.0,989.3
2017-07-07 17:00:00,25.5,85,28.9,39.0,989.3
2017-07-07 18:00:00,25.8,85,24.2,80.0,989.8
2017-07-07 19:00:00,25.5,86,22.6,61.0,990.4
2017-07-07 20:00:00,25.2,88,15.9,2.0,991.2
2017-07-07 21:00:00,24.8,89,18.7,0.0,991.8
2017-07-07 22:00:00,24.4,91,17.4,0.0,991.7
2017-07-07 23:00:00,24.0,92,14.4,0.0,992.2
2017-07-08 00:00:00,24.1,92,16.9,0.0,992.0
2017-07-08 01:00:00,23.9,90,18.4,0.0,992.4
2017-07-08 02:00:00,23.7,89,19.2,0.0,992.8
2017-07-08 03:00:00,23.5,89,18.5,0.0,993.2
2017-07-08 04:00:00,23.2,89,17.3,0.0,993.0
2017-07-08 05:00:00,23.2,87,16.7,12.0,993.1
2017-07-08 06:00:00,24.4,84,16.2,112.0,993.5
2017-07-08 07:00:00,26.2,79,20.8,239.0,993.7
2017-07-08 08:00:00,28.4,71,24.1,414.0,992.1
2017-07-08 09:00:00,29.6,67,27.6,585.0,992.5
2017-07-08 10:00:00,30.0,67,28.9,611.0,992.6
2017-07-08 11:00:00,29.8,69,25.5,499.0,992.7
2017-07-08 12:00:00,30.4,68,28.7,750.0,992.7
2017-07-08 13:00:00,30.8,66,23.1,600.0,992.1
2017-07-08 14:00:00,31.9,57,21.9,566.0,991.8
2017-07-08 15:00:00,32.5,50,25.4,598.0,991.7
2017-07-08 16:00:00,32.4,55,21.3,458.0,991.4
2017-07-08 17:00:00,31.2,59,24.4,316.0,991.6
2017-07-08 18:00:00,30.2,66,22.1,178.0,992.0
2017-07-08 19:00:00,28.8,69,23.4,64.0,992.1
2017-07-08 20:00:00,28.1,69,23.4,3.0,992.7
2017-07-08 21:00:00,27.2,74,22.4,0.0,993.2
2017-07-08 22:00:00,26.5,78,22.5,0.0,993.7
2017-07-08 23:00:00,25.9,81,22.4,0.0,993.8
2017-07-09 00:00:00,25.5,82,22.4,0.0,993.9
2017-07-09 01:00:00,25.1,85,21.3,0.0,994.1
2017-07-09 02:00:00,25.1,87,20.2,0.0,993.9
2017-07-09 03:00:00,25.0,88,19.5,0.0,993.8
2017-07-09 04:00:00,24.9,89,17.7,0.0,993.9
2017-07-09 05:00:00,25.2,88,17.3,11.0,994.1
2017-07-09 06:00:00,26.2,85,15.1,107.0,994.5
2017-07-09 07:00:00,26.9,83,17.6,167.0,994.4
2017-07-09 08:00:00,27.2,84,21.6,333.0,994.0
2017-07-09 09:00:00,29.1,72,27.0,549.0,993.9
2017-07-09 10:00:00,30.3,64,27.4,672.0,994.0
2017-07-09 11:00:00,31.7,58,26.2,807.0,993.5
2017-07-09 12:00:00,32.0,56,28.2,810.0,992.7
2017-07-09 13:00:00,32.7,53,31.3,816.0,992.4
2017-07-09 14:00:00,31.5,59,25.5,501.0,993.0
2017-07-09 15:00:00,30.9,64,17.0,286.0,993.0
2017-07-09 16:00:00,29.5,71,7.6,208.0,992.6
2017-07-09 17:00:00,30.0,72,19.2,291.0,991.7
2017-07-09 18:00:00,28.7,78,20.5,159.0,992.0
2017-07-09 19:00:00,27.2,83,19.4,41.0,992.4
2017-07-09 20:00:00,27.4,80,20.2,2.0,992.3
2017-07-09 21:00:00,26.0,85,16.6,0.0,992.7
2017-07-09 22:00:00,25.4,88,15.8,0.0,992.5
2017-07-09 23:00:00,25.3,88,15.0,0.0,992.9
2017-07-10 00:00:00,25.2,88,14.8,0.0,992.7
2017-07-10 01:00:00,24.2,87,15.5,0.0,992.5
2017-07-10 02:00:00,23.6,87,13.3,0.0,991.8
2017-07-10 03:00:00,23.6,87,10.8,0.0,991.6
2017-07-10 04:00:00,23.4,89,12.6,0.0,991.3
2017-07-10 05:00:00,23.5,88,15.3,4.0,991.1
2017-07-10 06:00:00,23.8,88,12.3,43.0,990.5
2017-07-10 07:00:00,24.9,84,14.8,242.0,990.5
2017-07-10 08:00:00,24.2,82,10.2,359.0,990.5
2017-07-10 09:00:00,26.3,76,13.2,541.0,989.9
2017-07-10 10:00:00,28.1,69,15.9,712.0,989.6
2017-07-10 11:00:00,29.2,64,16.7,728.0,989.6
2017-07-10 12:00:00,29.0,64,17.4,559.0,989.8
2017-07-10 13:00:00,29.7,60,15.1,621.0,989.5
2017-07-10 14:00:00,30.7,55,16.4,708.0,988.8
2017-07-10 15:00:00,31.0,55,17.8,692.0,988.8
2017-07-10 16:00:00,30.1,62,16.5,524.0,988.8
2017-07-10 17:00:00,29.4,65,12.8,378.0,989.1
2017-07-10 18:00:00,28.7,75,11.2,163.0,989.4
2017-07-10 19:00:00,27.4,80,13.8,69.0,989.8
2017-07-10 20:00:00,25.3,87,10.8,2.0,991.7
2017-07-10 21:00:00,24.8,89,12.1,0.0,991.9
2017-07-10 22:00:00,24.4,91,12.6,0.0,992.1
2017-07-10 23:00:00,24.2,93,13.0,0.0,992.5
2017-07-11 00:00:00,23.9,95,13.3,0.0,992.6
2017-07-11 01:00:00,23.5,97,13.2,0.0,992.6
2017-07-11 02:00:00,23.3,99,11.9,0.0,992.9
2017-07-11 03:00:00,23.3,99,11.2,0.0,993.2
2017-07-11 04:00:00,23.4,98,11.8,0.0,993.6
2017-07-11 05:00:00,23.6,96,12.1,7.0,994.1
2017-07-11 06:00:00,24.2,93,17.4,53.0,994.5
2017-07-11 07:00:00,24.9,90,17.9,127.0,994.8
2017-07-11 08:00:00,26.1,85,19.5,211.0,995.0
2017-07-11 09:00:00,28.2,73,22.0,495.0,994.9
2017-07-11 10:00:00,29.4,68,19.8,631.0,994.8
2017-07-11 11:00:00,30.6,65,18.9,819.0,995.1
2017-07-11 12:00:00,32.0,58,20.3,901.0,994.7
2017-07-11 13:00:00,32.9,52,21.1,895.0,994.3
2017-07-11 14:00:00,33.5,47,21.0,841.0,993.8
2017-07-11 15:00:00,33.7,47,20.0,724.0,993.7
2017-07-11 16:00:00,33.2,47,17.8,552.0,993.9
2017-07-11 17:00:00,32.4,55,15.8,347.0,993.9
2017-07-11 18:00:00,30.5,61,17.4,203.0,994.1
2017-07-11 19:00:00,28.8,68,21.0,62.0,994.7
2017-07-11 20:00:00,28.1,65,23.0,2.0,995.2
2017-07-11 21:00:00,27.4,76,23.8,0.0,995.3
2017-07-11 22:00:00,26.8,78,22.6,0.0,995.7
2017-07-11 23:00:00,26.7,77,22.8,0.0,995.7
2017-07-12 00:00:00,26.2,75,22.9,0.0,996.0
2017-07-12 01:00:00,25.3,74,21.2,0.0,996.3
2017-07-12 02:00:00,25.0,72,21.8,0.0,996.0
2017-07-12 03:00:00,25.3,66,22.3,0.0,995.8
2017-07-12 04:00:00,25.5,69,22.6,0.0,995.7
2017-07-12 05:00:00,25.7,72,23.0,9.0,995.9
2017-07-12 06:00:00,26.6,72,22.9,88.0,995.3
2017-07-12 07:00:00,28.0,71,16.9,191.0,996.1
2017-07-12 08:00:00,24.4,90,14.2,371.0,996.8
2017-07-12 09:00:00,24.2,89,16.6,98.0,996.0
2017-07-12 10:00:00,28.7,77,21.6,491.0,995.4
2017-07-12 11:00:00,32.2,65,27.2,717.0,995.4
2017-07-12 12:00:00,31.5,63,25.8,708.0,995.1
2017-07-12 13:00:00,31.7,57,19.9,540.0,995.5
2017-07-12 14:00:00,26.5,80,17.2,422.0,996.5
2017-07-12 15:00:00,23.7,85,16.5,262.0,997.4
2017-07-12 16:00:00,25.9,79,23.9,74.0,995.2
2017-07-12 17:00:00,27.8,73,17.4,137.0,994.6
2017-07-12 18:00:00,28.6,75,16.3,154.0,994.3
2017-07-12 19:00:00,28.7,80,15.0,55.0,994.5
2017-07-12 20:00:00,28.4,78,18.8,2.0,995.8
2017-07-12 21:00:00,27.5,82,20.9,0.0,995.8
2017-07-12 22:00:00,26.9,82,22.0,0.0,995.7
2017-07-12 23:00:00,26.4,82,21.6,0.0,995.6
2017-07-13 00:00:00,26.1,84,21.6,0.0,995.4
2017-07-13 01:00:00,25.8,86,21.3,0.0,995.4
2017-07-13 02:00:00,25.7,86,20.6,0.0,995.4
2017-07-13 03:00:00,25.5,86,20.3,0.0,995.3
2017-07-13 04:00:00,25.4,86,20.2,0.0,995.1
2017-07-13 05:00:00,25.7,85,19.9,8.0,995.2
2017-07-13 06:00:00,26.6,83,19.9,82.0,995.1
2017-07-13 07:00:00,27.8,80,21.6,215.0,994.9
2017-07-13 08:00:00,29.2,75,22.9,386.0,995.0
2017-07-13 09:00:00,30.9,70,26.9,529.0,994.8
2017-07-13 10:00:00,31.9,66,29.2,641.0,994.4
2017-07-13 11:00:00,32.8,61,29.7,632.0,993.9
2017-07-13 12:00:00,33.9,55,32.2,716.0,993.5
2017-07-13 13:00:00,34.3,53,32.5,800.0,992.9
2017-07-13 14:00:00,34.7,51,31.9,736.0,992.1
2017-07-13 15:00:00,33.6,57,30.8,600.0,991.0
2017-07-13 16:00:00,34.5,55,22.7,498.0,991.0
2017-07-13 17:00:00,31.9,66,11.2,139.0,991.5
2017-07-13 18:00:00,30.4,73,11.0,57.0,992.1
2017-07-13 19:00:00,29.6,75,15.0,23.0,993.0
2017-07-13 20:00:00,29.7,69,19.6,1.0,993.2
2017-07-13 21:00:00,29.0,72,23.1,0.0,992.2
2017-07-13 22:00:00,28.0,78,18.4,0.0,993.5
2017-07-13 23:00:00,27.1,81,24.9,0.0,993.0
2017-07-14 00:00:00,26.7,83,11.6,0.0,994.5
2017-07-14 01:00:00,26.0,85,6.1,0.0,995.3
2017-07-14 02:00:00,24.9,92,8.7,0.0,995.5
2017-07-14 03:00:00,25.6,86,24.1,0.0,994.7
2017-07-14 04:00:00,25.5,90,20.4,0.0,994.3
2017-07-14 05:00:00,25.4,91,19.0,3.0,994.3
2017-07-14 06:00:00,25.7,90,9.3,32.0,994.9
2017-07-14 07:00:00,26.4,89,6.2,97.0,995.1
2017-07-14 08:00:00,28.1,84,11.6,221.0,995.2
2017-07-14 09:00:00,29.4,77,20.4,424.0,995.2
2017-07-14 10:00:00,30.0,74,19.5,424.0,995.7
2017-07-14 11:00:00,29.9,75,15.1,331.0,995.9
2017-07-14 12:00:00,30.6,72,13.7,419.0,995.7
2017-07-14 13:00:00,31.1,70,9.7,418.0,995.6
2017-07-14 14:00:00,30.7,72,3.6,466.0,995.5
2017-07-14 15:00:00,26.0,86,13.6,289.0,996.3
2017-07-14 16:00:00,25.9,87,10.3,191.0,995.7
2017-07-14 17:00:00,26.2,86,3.9,137.0,996.3
2017-07-14 18:00:00,26.6,86,6.6,50.0,996.9
2017-07-14 19:00:00,26.2,88,9.0,17.0,997.3
2017-07-14 20:00:00,25.8,91,9.6,1.0,997.7
2017-07-14 21:00:00,25.3,89,10.0,0.0,998.2
2017-07-14 22:00:00,25.4,90,13.0,0.0,998.5
2017-07-14 23:00:00,24.8,90,14.1,0.0,998.8
2017-07-15 00:00:00,24.4,92,11.5,0.0,999.1
2017-07-15 01:00:00,24.3,94,8.7,0.0,999.1
2017-07-15 02:00:00,24.0,95,6.7,0.0,999.1
2017-07-15 03:00:00,23.8,96,6.6,0.0,998.9
2017-07-15 04:00:00,23.7,96,7.7,0.0,999.1
2017-07-15 05:00:00,24.0,95,10.0,7.0,999.7
2017-07-15 06:00:00,25.0,92,10.1,75.0,1000.2
2017-07-15 07:00:00,25.6,89,9.8,178.0,1000.3
2017-07-15 08:00:00,26.2,83,10.9,307.0,1001.0
2017-07-15 09:00:00,27.2,78,10.4,410.0,1000.9
2017-07-15 10:00:00,28.2,73,9.2,478.0,1000.7
2017-07-15 11:00:00,28.8,71,7.6,446.0,1000.7
2017-07-15 12:00:00,29.3,68,5.7,383.0,1000.5
2017-07-15 13:00:00,30.3,62,5.6,596.0,1000.1
2017-07-15 14:00:00,30.7,61,7.0,643.0,999.7
2017-07-15 15:00:00,31.1,61,6.9,612.0,999.2
2017-07-15 16:00:00,31.1,61,8.9,476.0,999.0
2017-07-15 17:00:00,30.7,64,9.4,287.0,998.6
2017-07-15 18:00:00,29.8,73,6.1,161.0,999.0
2017-07-15 19:00:00,28.1,84,6.6,53.0,999.6
2017-07-15 20:00:00,26.9,86,6.3,1.0,1000.0
2017-07-15 21:00:00,26.7,85,9.8,0.0,1000.4
2017-07-15 22:00:00,26.3,89,11.8,0.0,1000.7
2017-07-15 23:00:00,25.9,90,11.9,0.0,1000.9
2017-07-16 00:00:00,25.5,89,12.1,0.0,1001.1
2017-07-16 01:00:00,25.1,90,12.2,0.0,1001.1
2017-07-16 02:00:00,24.5,91,11.0,0.0,1001.0
2017-07-16 03:00:00,24.1,92,10.3,0.0,1001.2
2017-07-16 04:00:00,23.8,94,11.0,0.0,1001.0
2017-07-16 05:00:00,23.7,94,11.5,7.0,1001.3
2017-07-16 06:00:00,24.6,91,13.5,84.0,1001.2
2017-07-16 07:00:00,26.0,87,14.4,225.0,1001.8
2017-07-16 08:00:00,27.5,80,17.6,389.0,1002.2
2017-07-16 09:00:00,28.2,76,17.3,329.0,1002.6
2017-07-16 10:00:00,29.2,72,17.7,469.0,1002.7
2017-07-16 11:00:00,30.1,67,21.0,634.0,1002.5
2017-07-16 12:00:00,31.1,61,22.1,741.0,1001.8
2017-07-16 13:00:00,31.7,59,19.7,785.0,1001.2
2017-07-16 14:00:00,32.3,56,17.3,767.0,1000.9
2017-07-16 15:00:00,32.3,58,17.9,666.0,1000.7
2017-07-16 16:00:00,31.9,59,15.4,519.0,1000.4
2017-07-16 17:00:00,31.4,61,12.8,357.0,1000.4
2017-07-16 18:00:00,30.0,68,11.6,189.0,1000.5
2017-07-16 19:00:00,28.3,73,10.8,58.0,1000.9
2017-07-16 20:00:00,27.3,75,11.1,1.0,1001.4
2017-07-16 21:00:00,26.8,76,12.8,0.0,1001.8
2017-07-16 22:00:00,26.3,79,16.5,0.0,1001.8
2017-07-16 23:00:00,25.8,81,16.7,0.0,1001.9
2017-07-17 00:00:00,25.4,85,16.5,0.0,1001.8
2017-07-17 01:00:00,25.0,88,14.9,0.0,1001.8
2017-07-17 02:00:00,24.6,91,12.6,0.0,1002.0
2017-07-17 03:00:00,24.4,93,11.7,0.0,1002.2
2017-07-17 04:00:00,24.1,92,12.4,0.0,1002.5
2017-07-17 05:00:00,24.0,90,12.4,7.0,1002.9
2017-07-17 06:00:00,24.6,85,12.3,71.0,1003.2
2017-07-17 07:00:00,25.5,81,14.5,201.0,1003.0
2017-07-17 08:00:00,26.7,77,16.9,375.0,1003.3
2017-07-17 09:00:00,27.9,71,17.7,545.0,1002.7
2017-07-17 10:00:00,29.2,65,20.0,691.0,1002.4
2017-07-17 11:00:00,30.2,61,21.9,784.0,1001.8
2017-07-17 12:00:00,31.2,58,21.6,833.0,1001.3
2017-07-17 13:00:00,32.0,55,21.6,822.0,1000.7
2017-07-17 14:00:00,32.5,53,22.0,714.0,999.9
2017-07-17 15:00:00,32.2,55,23.2,512.0,999.1
2017-07-17 16:00:00,32.1,58,22.3,484.0,998.8
2017-07-17 17:00:00,31.3,62,17.9,351.0,998.8
2017-07-17 18:00:00,30.3,67,14.2,186.0,999.2
2017-07-17 19:00:00,28.6,74,11.6,56.0,999.9
2017-07-17 20:00:00,27.5,74,14.3,1.0,1000.5
2017-07-17 21:00:00,27.0,77,13.3,0.0,1001.0
2017-07-17 22:00:00,26.5,79,14.5,0.0,1000.9
2017-07-17 23:00:00,25.9,81,17.1,0.0,1000.5
2017-07-18 00:00:00,25.4,83,17.2,0.0,1000.4
2017-07-18 01:00:00,24.9,84,17.2,0.0,1000.2
2017-07-18 02:00:00,24.4,86,16.9,0.0,1000.0
2017-07-18 03:00:00,24.2,88,15.5,0.0,999.8
2017-07-18 04:00:00,24.0,89,14.6,0.0,1000.1
2017-07-18 05:00:00,24.0,89,14.5,5.0,1000.2
2017-07-18 06:00:00,24.8,87,14.9,64.0,1000.2
2017-07-18 07:00:00,25.8,82,18.6,159.0,1000.4
2017-07-18 08:00:00,26.9,77,22.7,293.0,1000.6
2017-07-18 09:00:00,28.0,71,22.0,324.0,1000.2
2017-07-18 10:00:00,29.8,64,22.8,517.0,999.6
2017-07-18 11:00:00,31.1,60,23.1,726.0,999.3
2017-07-18 12:00:00,32.2,57,25.5,826.0,999.0
2017-07-18 13:00:00,33.0,55,25.8,824.0,998.4
2017-07-18 14:00:00,33.3,55,25.2,765.0,997.9
2017-07-18 15:00:00,33.2,56,22.6,658.0,997.7
2017-07-18 16:00:00,33.1,57,22.5,513.0,997.1
2017-07-18 17:00:00,32.4,59,18.5,348.0,996.7
2017-07-18 18:00:00,31.0,66,16.4,185.0,996.8
2017-07-18 19:00:00,29.5,71,16.6,55.0,997.0
2017-07-18 20:00:00,28.1,75,16.3,1.0,997.7
2017-07-18 21:00:00,27.6,76,18.7,0.0,997.9
2017-07-18 22:00:00,27.1,78,19.2,0.0,997.9
2017-07-18 23:00:00,26.7,80,18.5,0.0,998.1
2017-07-19 00:00:00,26.3,84,15.5,0.0,998.2
2017-07-19 01:00:00,25.8,87,14.5,0.0,998.2
2017-07-19 02:00:00,25.5,88,17.5,0.0,997.9
2017-07-19 03:00:00,25.2,89,18.8,0.0,997.9
2017-07-19 04:00:00,25.0,89,15.4,0.0,998.3
2017-07-19 05:00:00,24.9,88,14.1,6.0,998.5
2017-07-19 06:00:00,25.8,85,12.6,76.0,998.5
2017-07-19 07:00:00,27.1,78,15.0,206.0,998.7
2017-07-19 08:00:00,28.5,73,23.2,374.0,998.6
2017-07-19 09:00:00,29.4,68,23.7,453.0,998.6
2017-07-19 10:00:00,30.7,62,18.9,551.0,997.6
2017-07-19 11:00:00,31.8,58,20.5,735.0,996.5
2017-07-19 12:00:00,32.5,55,25.9,817.0,995.6
2017-07-19 13:00:00,32.7,54,23.8,657.0,994.9
2017-07-19 14:00:00,32.7,53,27.0,673.0,994.5
2017-07-19 15:00:00,32.5,56,23.4,586.0,994.9
2017-07-19 16:00:00,28.5,77,13.4,356.0,995.7
2017-07-19 17:00:00,27.0,85,11.5,113.0,995.7
2017-07-19 18:00:00,27.2,86,12.8,90.0,996.1
2017-07-19 19:00:00,26.1,89,12.5,23.0,996.5
2017-07-19 20:00:00,25.2,91,15.5,1.0,996.6
2017-07-19 21:00:00,25.0,93,14.7,0.0,996.3
2017-07-19 22:00:00,25.0,95,9.8,0.0,995.8
2017-07-19 23:00:00,25.0,96,9.0,0.0,996.0
2017-07-20 00:00:00,25.1,94,12.3,0.0,996.2
2017-07-20 01:00:00,25.0,92,13.9,0.0,996.0
2017-07-20 02:00:00,24.8,92,15.4,0.0,995.7
2017-07-20 03:00:00,24.8,91,15.1,0.0,995.4
2017-07-20 04:00:00,24.8,91,12.9,0.0,995.6
2017-07-20 05:00:00,24.8,91,13.9,3.0,995.8
2017-07-20 06:00:00,25.2,90,13.6,48.0,996.2
2017-07-20 07:00:00,25.6,88,12.8,100.0,996.6
2017-07-20 08:00:00,25.2,90,12.2,89.0,995.9
2017-07-20 09:00:00,26.2,86,12.0,173.0,995.7
2017-07-20 10:00:00,27.3,80,15.7,166.0,995.1
2017-07-20 11:00:00,28.8,74,17.0,382.0,994.4
2017-07-20 12:00:00,29.7,70,17.8,458.0,994.0
2017-07-20 13:00:00,29.9,70,20.6,468.0,993.4
2017-07-20 14:00:00,29.9,72,21.0,377.0,993.0
2017-07-20 15:00:00,30.7,68,21.8,412.0,992.5
2017-07-20 16:00:00,30.5,71,16.1,303.0,992.5
2017-07-20 17:00:00,29.9,76,14.0,130.0,992.1
2017-07-20 18:00:00,29.3,77,15.8,128.0,992.9
2017-07-20 19:00:00,28.1,83,15.0,23.0,993.6
2017-07-20 20:00:00,28.5,81,21.3,0.0,993.5
2017-07-20 21:00:00,27.9,84,17.8,0.0,994.0
2017-07-20 22:00:00,27.0,86,16.9,0.0,994.9
2017-07-20 23:00:00,22.5,94,22.8,0.0,995.4
2017-07-21 00:00:00,21.8,89,19.4,0.0,996.5
2017-07-21 01:00:00,21.3,89,18.4,0.0,996.9
2017-07-21 02:00:00,20.7,86,21.3,0.0,997.5
2017-07-21 03:00:00,19.9,87,19.6,0.0,998.2
2017-07-21 04:00:00,19.6,88,16.6,0.0,999.4
2017-07-21 05:00:00,19.5,88,16.4,1.0,1000.1
2017-07-21 06:00:00,19.5,86,14.8,44.0,1000.8
2017-07-21 07:00:00,20.4,79,17.8,188.0,1001.5
2017-07-21 08:00:00,20.4,77,17.1,352.0,1002.4
2017-07-21 09:00:00,22.7,70,19.3,460.0,1002.3
2017-07-21 10:00:00,24.7,64,20.0,694.0,1002.5
2017-07-21 11:00:00,26.0,59,20.9,791.0,1002.2
2017-07-21 12:00:00,27.1,56,21.9,847.0,1001.8
2017-07-21 13:00:00,27.9,54,21.3,840.0,1001.5
2017-07-21 14:00:00,28.5,51,21.3,783.0,1001.1
2017-07-21 15:00:00,28.8,49,20.3,666.0,1000.9
2017-07-21 16:00:00,28.6,51,20.0,528.0,1000.7
2017-07-21 17:00:00,27.9,58,18.0,356.0,1001.0
2017-07-21 18:00:00,26.6,65,16.4,187.0,1001.4
2017-07-21 19:00:00,25.0,71,15.8,54.0,1002.0
2017-07-21 20:00:00,24.1,73,14.2,1.0,1002.3
2017-07-21 21:00:00,23.7,72,13.7,0.0,1002.6
2017-07-21 22:00:00,23.2,73,14.1,0.0,1002.3
2017-07-21 23:00:00,22.6,74,12.8,0.0,1002.3
2017-07-22 00:00:00,22.4,75,11.8,0.0,1002.1
2017-07-22 01:00:00,22.3,75,11.0,0.0,1001.8
2017-07-22 02:00:00,22.0,76,10.0,0.0,1001.9
2017-07-22 03:00:00,22.0,76,9.9,0.0,1001.7
2017-07-22 04:00:00,22.0,77,9.4,0.0,1001.9
2017-07-22 05:00:00,21.9,78,9.0,2.0,1001.7
2017-07-22 06:00:00,22.5,77,8.9,44.0,1001.8
2017-07-22 07:00:00,22.9,77,7.9,60.0,1002.0
2017-07-22 08:00:00,23.7,74,9.2,119.0,1001.9
2017-07-22 09:00:00,23.9,75,7.1,87.0,1002.6
2017-07-22 10:00:00,24.0,76,9.0,109.0,1002.8
2017-07-22 11:00:00,23.6,80,7.0,67.0,1002.4
2017-07-22 12:00:00,23.7,80,5.5,77.0,1001.8
2017-07-22 13:00:00,24.6,75,6.0,194.0,1001.0
2017-07-22 14:00:00,25.0,74,10.8,246.0,1000.9
2017-07-22 15:00:00,25.3,73,9.3,222.0,1000.6
2017-07-22 16:00:00,26.6,66,7.9,481.0,1000.3
2017-07-22 17:00:00,26.2,67,5.4,201.0,1000.2
2017-07-22 18:00:00,25.5,72,1.5,68.0,1000.3
2017-07-22 19:00:00,25.1,72,1.0,13.0,1000.0
2017-07-22 20:00:00,23.7,87,6.3,1.0,1000.0
2017-07-22 21:00:00,23.3,89,5.4,0.0,1000.1
2017-07-22 22:00:00,22.3,92,4.9,0.0,1000.2
2017-07-22 23:00:00,22.2,91,3.7,0.0,1000.1
2017-07-23 00:00:00,21.9,92,3.8,0.0,999.8
2017-07-23 01:00:00,21.6,93,3.2,0.0,999.2
2017-07-23 02:00:00,21.1,96,4.7,0.0,998.4
2017-07-23 03:00:00,20.7,97,4.5,0.0,998.2
2017-07-23 04:00:00,20.3,98,3.8,0.0,998.4
2017-07-23 05:00:00,20.4,98,3.1,5.0,998.2
2017-07-23 06:00:00,21.8,92,2.2,76.0,998.3
2017-07-23 07:00:00,23.6,83,2.5,213.0,998.4
2017-07-23 08:00:00,24.5,80,1.5,376.0,998.8
2017-07-23 09:00:00,26.0,74,1.5,523.0,998.4
2017-07-23 10:00:00,27.2,68,2.5,689.0,998.5
2017-07-23 11:00:00,28.0,64,2.5,759.0,998.1
2017-07-23 12:00:00,28.5,61,3.8,682.0,997.7
2017-07-23 13:00:00,29.2,58,3.3,789.0,997.0
2017-07-23 14:00:00,29.6,58,1.1,726.0,996.1
2017-07-23 15:00:00,29.5,54,2.7,378.0,995.7
2017-07-23 16:00:00,29.4,56,6.4,315.0,995.8
2017-07-23 17:00:00,29.2,58,6.4,336.0,995.9
2017-07-23 18:00:00,28.5,64,5.9,180.0,995.8
2017-07-23 19:00:00,26.3,78,8.0,50.0,996.2
2017-07-23 20:00:00,25.6,80,3.7,1.0,996.4
2017-07-23 21:00:00,25.7,78,2.3,0.0,996.5
2017-07-23 22:00:00,24.9,81,2.1,0.0,996.3
2017-07-23 23:00:00,23.1,91,4.8,0.0,996.4
2017-07-24 00:00:00,22.4,94,4.3,0.0,996.5
2017-07-24 01:00:00,22.1,94,3.7,0.0,996.5
2017-07-24 02:00:00,21.8,95,6.4,0.0,996.1
2017-07-24 03:00:00,22.1,94,4.8,0.0,995.9
2017-07-24 04:00:00,21.9,94,5.9,0.0,995.9
2017-07-24 05:00:00,21.6,95,4.8,4.0,996.3
2017-07-24 06:00:00,22.7,91,2.7,63.0,996.7
2017-07-24 07:00:00,24.3,85,3.3,189.0,996.7
2017-07-24 08:00:00,25.3,79,2.3,193.0,997.2
2017-07-24 09:00:00,26.8,72,2.1,365.0,997.2
2017-07-24 10:00:00,27.7,68,3.6,400.0,997.4
2017-07-24 11:00:00,28.1,67,4.3,372.0,997.5
2017-07-24 12:00:00,29.2,62,5.5,564.0,997.1
2017-07-24 13:00:00,30.6,57,9.6,802.0,996.7
2017-07-24 14:00:00,29.7,57,12.2,366.0,996.6
2017-07-24 15:00:00,30.0,56,16.9,463.0,996.7
2017-07-24 16:00:00,29.7,57,18.9,389.0,996.8
2017-07-24 17:00:00,28.5,62,17.9,234.0,996.9
2017-07-24 18:00:00,27.2,64,18.9,142.0,997.5
2017-07-24 19:00:00,25.6,66,19.0,40.0,998.3
2017-07-24 20:00:00,24.4,66,15.3,0.0,999.2
2017-07-24 21:00:00,23.5,66,15.3,0.0,999.8
2017-07-24 22:00:00,22.8,67,15.2,0.0,1000.3
2017-07-24 23:00:00,22.3,66,16.9,0.0,1000.4
2017-07-25 00:00:00,21.1,69,15.8,0.0,1000.7
2017-07-25 01:00:00,20.2,73,14.4,0.0,1000.7
2017-07-25 02:00:00,19.5,77,12.4,0.0,1000.7
2017-07-25 03:00:00,19.2,78,10.7,0.0,1001.1
2017-07-25 04:00:00,18.6,77,10.6,0.0,1001.3
2017-07-25 05:00:00,17.8,77,9.6,4.0,1001.8
2017-07-25 06:00:00,18.9,72,7.6,80.0,1002.5
2017-07-25 07:00:00,20.5,65,7.7,232.0,1002.8
2017-07-25 08:00:00,22.7,60,10.5,412.0,1002.9
2017-07-25 09:00:00,24.5,53,12.6,583.0,1002.7
2017-07-25 10:00:00,26.1,44,14.3,727.0,1002.4
2017-07-25 11:00:00,27.4,38,14.8,829.0,1002.3
2017-07-25 12:00:00,28.3,33,14.5,875.0,1002.1
2017-07-25 13:00:00,28.9,30,15.6,861.0,1001.6
2017-07-25 14:00:00,29.0,30,15.1,779.0,1001.2
2017-07-25 15:00:00,28.8,32,15.6,645.0,1000.9
2017-07-25 16:00:00,28.3,34,16.2,499.0,1000.6
2017-07-25 17:00:00,27.3,40,14.3,350.0,1000.4
2017-07-25 18:00:00,25.6,51,13.6,176.0,1000.3
2017-07-25 19:00:00,23.6,57,13.4,49.0,1000.7
2017-07-25 20:00:00,22.6,57,13.5,0.0,1000.9
2017-07-25 21:00:00,21.7,61,12.0,0.0,1001.2
2017-07-25 22:00:00,20.6,65,10.5,0.0,1001.3
2017-07-25 23:00:00,20.4,62,10.8,0.0,1001.5
2017-07-26 00:00:00,19.9,62,12.4,0.0,1001.5
2017-07-26 01:00:00,19.5,68,10.8,0.0,1001.5
2017-07-26 02:00:00,19.1,71,10.8,0.0,1001.0
2017-07-26 03:00:00,19.1,70,10.8,0.0,1000.8
2017-07-26 04:00:00,19.0,69,10.4,0.0,1000.7
2017-07-26 05:00:00,18.3,70,10.8,3.0,1000.6
2017-07-26 06:00:00,19.6,65,11.4,62.0,1000.8
2017-07-26 07:00:00,21.3,60,10.4,183.0,1000.8
2017-07-26 08:00:00,22.3,60,6.9,257.0,1000.3
2017-07-26 09:00:00,25.1,51,6.8,447.0,1000.1
2017-07-26 10:00:00,26.4,49,9.8,444.0,1000.2
2017-07-26 11:00:00,26.6,53,10.5,368.0,999.9
2017-07-26 12:00:00,27.7,51,9.8,503.0,999.4
2017-07-26 13:00:00,29.0,45,10.7,706.0,998.6
2017-07-26 14:00:00,29.8,42,12.2,626.0,997.8
2017-07-26 15:00:00,30.2,40,13.6,472.0,997.4
2017-07-26 16:00:00,29.3,47,11.2,254.0,997.4
2017-07-26 17:00:00,28.3,56,9.7,169.0,997.0
2017-07-26 18:00:00,27.5,63,6.5,120.0,997.1
2017-07-26 19:00:00,25.7,70,8.7,34.0,997.4
2017-07-26 20:00:00,24.8,72,10.5,0.0,997.8
2017-07-26 21:00:00,24.4,79,9.7,0.0,998.2
2017-07-26 22:00:00,24.1,82,8.7,0.0,998.1
2017-07-26 23:00:00,24.1,83,10.2,0.0,998.4
2017-07-27 00:00:00,24.2,84,12.3,0.0,997.8
2017-07-27 01:00:00,23.8,85,11.5,0.0,997.3
2017-07-27 02:00:00,23.3,88,13.0,0.0,997.4
2017-07-27 03:00:00,23.2,89,13.2,0.0,997.6
2017-07-27 04:00:00,23.3,88,15.4,0.0,998.1
2017-07-27 05:00:00,23.2,84,12.2,2.0,998.6
2017-07-27 06:00:00,23.2,77,14.1,41.0,999.1
2017-07-27 07:00:00,22.8,77,9.9,61.0,999.5
2017-07-27 08:00:00,22.9,78,14.3,80.0,999.5
2017-07-27 09:00:00,23.6,76,14.2,179.0,999.6
2017-07-27 10:00:00,24.4,73,12.6,215.0,999.4
2017-07-27 11:00:00,26.0,67,11.8,371.0,999.2
2017-07-27 12:00:00,26.3,65,11.5,268.0,999.3
2017-07-27 13:00:00,27.5,61,10.0,300.0,998.8
2017-07-27 14:00:00,28.1,60,7.9,333.0,998.8
2017-07-27 15:00:00,27.8,64,10.4,274.0,998.7
2017-07-27 16:00:00,27.4,67,9.7,180.0,999.0
2017-07-27 17:00:00,27.5,66,7.8,151.0,999.3
2017-07-27 18:00:00,27.1,70,5.3,107.0,999.5
2017-07-27 19:00:00,25.6,82,7.1,29.0,1000.0
2017-07-27 20:00:00,25.4,80,3.3,0.0,1000.6
2017-07-27 21:00:00,24.4,84,3.8,0.0,1001.3
2017-07-27 22:00:00,23.5,88,6.2,0.0,1001.5
2017-07-27 23:00:00,23.3,82,13.4,0.0,1002.1
2017-07-28 00:00:00,22.7,68,15.0,0.0,1002.4
2017-07-28 01:00:00,21.7,72,13.4,0.0,1002.7
2017-07-28 02:00:00,20.8,76,14.1,0.0,1002.9
2017-07-28 03:00:00,20.3,79,14.4,0.0,1003.6
2017-07-28 04:00:00,19.8,81,14.1,0.0,1004.1
2017-07-28 05:00:00,19.3,84,13.0,3.0,1004.6
2017-07-28 06:00:00,19.7,83,13.6,63.0,1004.9
2017-07-28 07:00:00,20.7,79,17.8,193.0,1005.4
2017-07-28 08:00:00,21.9,77,17.9,359.0,1005.5
2017-07-28 09:00:00,23.1,72,17.9,491.0,1005.4
2017-07-28 10:00:00,24.5,65,17.4,565.0,1005.5
2017-07-28 11:00:00,25.8,59,17.6,668.0,1005.3
2017-07-28 12:00:00,26.8,54,18.6,724.0,1004.9
2017-07-28 13:00:00,27.4,50,19.3,732.0,1004.4
2017-07-28 14:00:00,27.7,49,19.6,639.0,1004.2
2017-07-28 15:00:00,27.9,48,19.6,592.0,1003.9
2017-07-28 16:00:00,27.9,47,19.6,478.0,1003.8
2017-07-28 17:00:00,27.2,50,17.6,290.0,1003.8
2017-07-28 18:00:00,26.0,58,14.8,131.0,1003.7
2017-07-28 19:00:00,24.4,64,14.8,36.0,1003.8
2017-07-28 20:00:00,23.5,67,14.1,0.0,1003.8
2017-07-28 21:00:00,22.9,70,13.2,0.0,1003.8
2017-07-28 22:00:00,22.0,74,11.6,0.0,1004.0
2017-07-28 23:00:00,21.2,78,10.8,0.0,1004.4
2017-07-29 00:00:00,20.4,81,10.8,0.0,1004.1
2017-07-29 01:00:00,19.8,81,10.0,0.0,1003.8
2017-07-29 02:00:00,19.1,81,9.1,0.0,1003.4
2017-07-29 03:00:00,18.6,82,9.0,0.0,1003.2
2017-07-29 04:00:00,18.1,83,9.1,0.0,1003.1
2017-07-29 05:00:00,17.9,86,8.5,3.0,1003.2
2017-07-29 06:00:00,19.4,80,7.1,74.0,1003.3
2017-07-29 07:00:00,21.2,75,7.7,223.0,1003.3
2017-07-29 08:00:00,22.7,72,6.8,400.0,1003.0
2017-07-29 09:00:00,24.5,66,6.4,562.0,1002.8
2017-07-29 10:00:00,26.1,60,8.5,700.0,1002.3
2017-07-29 11:00:00,27.4,55,8.8,805.0,1001.8
2017-07-29 12:00:00,28.3,51,6.6,841.0,1001.3
2017-07-29 13:00:00,28.7,48,4.1,728.0,1000.7
2017-07-29 14:00:00,29.3,44,1.0,717.0,1000.2
2017-07-29 15:00:00,29.7,42,0.8,614.0,999.5
2017-07-29 16:00:00,29.6,41,2.1,380.0,998.8
2017-07-29 17:00:00,29.4,43,3.0,224.0,998.2
2017-07-29 18:00:00,28.8,47,2.8,179.0,998.3
2017-07-29 19:00:00,26.1,74,3.6,43.0,998.5
2017-07-29 20:00:00,25.0,73,8.0,0.0,998.8
2017-07-29 21:00:00,24.7,77,4.5,0.0,998.8
2017-07-29 22:00:00,24.2,84,2.9,0.0,998.7
2017-07-29 23:00:00,23.4,80,8.4,0.0,998.8
2017-07-30 00:00:00,23.0,77,12.6,0.0,998.7
2017-07-30 01:00:00,22.7,88,11.9,0.0,998.6
2017-07-30 02:00:00,22.2,92,11.5,0.0,998.4
2017-07-30 03:00:00,21.7,94,11.3,0.0,998.2
2017-07-30 04:00:00,21.0,95,10.7,0.0,998.4
2017-07-30 05:00:00,20.6,95,9.8,2.0,998.6
2017-07-30 06:00:00,21.8,91,9.0,69.0,998.5
2017-07-30 07:00:00,23.8,83,11.3,214.0,998.8
2017-07-30 08:00:00,25.2,75,8.6,389.0,998.8
2017-07-30 09:00:00,26.8,65,7.2,556.0,998.5
2017-07-30 10:00:00,28.4,56,8.7,704.0,998.4
2017-07-30 11:00:00,29.5,50,9.0,733.0,998.0
2017-07-30 12:00:00,30.4,46,9.5,777.0,997.6
2017-07-30 13:00:00,31.2,42,10.4,812.0,997.1
2017-07-30 14:00:00,31.6,39,10.7,744.0,996.9
2017-07-30 15:00:00,32.0,35,10.5,668.0,996.3
2017-07-30 16:00:00,32.0,33,9.4,523.0,995.9
2017-07-30 17:00:00,31.7,32,7.1,344.0,996.0
2017-07-30 18:00:00,30.4,41,5.8,166.0,996.4
2017-07-30 19:00:00,27.9,55,7.6,41.0,997.1
2017-07-30 20:00:00,25.8,54,9.8,0.0,998.1
2017-07-30 21:00:00,25.1,52,9.2,0.0,998.8
2017-07-30 22:00:00,24.5,54,10.9,0.0,998.9
2017-07-30 23:00:00,24.2,60,13.8,0.0,999.2
2017-07-31 00:00:00,23.4,70,14.5,0.0,999.3
2017-07-31 01:00:00,22.7,76,12.6,0.0,999.5
2017-07-31 02:00:00,22.1,82,11.9,0.0,999.6
2017-07-31 03:00:00,21.7,84,12.3,0.0,999.7
2017-07-31 04:00:00,21.3,86,11.9,0.0,1000.1
2017-07-31 05:00:00,21.0,87,12.1,2.0,1000.2
2017-07-31 06:00:00,22.1,82,11.9,67.0,1000.6
2017-07-31 07:00:00,23.9,73,13.8,210.0,1001.0
2017-07-31 08:00:00,26.2,64,13.3,382.0,1000.9
2017-07-31 09:00:00,27.8,57,11.4,548.0,1000.7
2017-07-31 10:00:00,29.1,52,10.4,688.0,1000.5
2017-07-31 11:00:00,30.3,47,10.0,788.0,1000.3
2017-07-31 12:00:00,31.2,43,7.6,837.0,999.6
2017-07-31 13:00:00,31.9,40,4.8,832.0,999.5
2017-07-31 14:00:00,32.4,38,5.1,772.0,999.1
2017-07-31 15:00:00,33.0,36,7.4,661.0,998.8
2017-07-31 16:00:00,33.1,35,9.0,513.0,998.7
2017-07-31 17:00:00,32.9,35,8.2,341.0,998.7
2017-07-31 18:00:00,32.2,39,6.3,172.0,998.7
2017-07-31 19:00:00,30.3,52,5.1,42.0,999.0
2017-07-31 20:00:00,28.5,55,10.4,0.0,999.7
2017-07-31 21:00:00,27.0,60,9.3,0.0,1000.3
2017-07-31 22:00:00,25.9,63,9.2,0.0,1001.0
2017-07-31 23:00:00,25.4,65,12.2,0.0,1001.1
2017-08-01 00:00:00,24.8,69,13.5,0.0,1001.2
2017-08-01 01:00:00,24.2,73,11.0,0.0,1001.5
2017-08-01 02:00:00,23.7,77,9.5,0.0,1002.0
2017-08-01 03:00:00,23.3,80,10.7,0.0,1002.0
2017-08-01 04:00:00,22.9,82,10.5,0.0,1002.0
2017-08-01 05:00:00,22.5,83,9.8,2.0,1002.4
2017-08-01 06:00:00,23.6,78,9.4,64.0,1003.1
2017-08-01 07:00:00,25.1,71,13.7,176.0,1003.2
2017-08-01 08:00:00,26.5,68,16.5,353.0,1002.4
2017-08-01 09:00:00,28.2,62,16.1,489.0,1002.0
2017-08-01 10:00:00,30.3,51,15.5,583.0,1002.0
2017-08-01 11:00:00,31.2,48,13.7,691.0,1001.8
2017-08-01 12:00:00,32.0,46,13.7,746.0,1001.5
2017-08-01 13:00:00,32.3,45,12.6,606.0,1000.8
2017-08-01 14:00:00,32.6,44,13.3,460.0,1000.3
2017-08-01 15:00:00,33.5,42,14.2,520.0,999.9
2017-08-01 16:00:00,33.9,41,14.0,486.0,999.4
2017-08-01 17:00:00,33.2,44,12.5,296.0,999.3
2017-08-01 18:00:00,31.9,50,6.8,126.0,999.4
2017-08-01 19:00:00,30.5,57,10.0,25.0,999.9
2017-08-01 20:00:00,28.9,63,9.5,0.0,1000.4
2017-08-01 21:00:00,28.5,64,14.3,0.0,1000.3
2017-08-01 22:00:00,27.7,69,16.4,0.0,1000.6
2017-08-01 23:00:00,27.1,71,15.2,0.0,1000.9
2017-08-02 00:00:00,26.5,74,14.2,0.0,1000.9
2017-08-02 01:00:00,25.9,77,13.4,0.0,1000.6
2017-08-02 02:00:00,25.2,79,12.2,0.0,1000.1
2017-08-02 03:00:00,24.7,82,11.7,0.0,999.6
2017-08-02 04:00:00,24.4,84,12.3,0.0,999.7
2017-08-02 05:00:00,24.7,84,13.0,1.0,1000.0
2017-08-02 06:00:00,25.1,84,17.1,24.0,1000.1
2017-08-02 07:00:00,24.6,87,16.3,40.0,1000.1
2017-08-02 08:00:00,24.3,94,13.7,123.0,999.4
2017-08-02 09:00:00,24.6,93,13.4,96.0,999.4
2017-08-02 10:00:00,24.5,95,12.4,71.0,999.4
2017-08-02 11:00:00,24.9,96,11.8,84.0,999.2
2017-08-02 12:00:00,25.8,87,12.5,126.0,998.8
2017-08-02 13:00:00,27.8,79,14.4,257.0,998.2
2017-08-02 14:00:00,28.4,78,20.3,284.0,997.3
2017-08-02 15:00:00,29.1,75,22.6,439.0,996.8
2017-08-02 16:00:00,29.7,71,16.8,196.0,996.2
2017-08-02 17:00:00,29.1,76,16.3,168.0,996.4
2017-08-02 18:00:00,28.0,80,13.3,96.0,996.6
2017-08-02 19:00:00,27.7,82,14.3,28.0,996.6
2017-08-02 20:00:00,27.5,82,16.2,0.0,996.6
2017-08-02 21:00:00,26.9,83,17.7,0.0,996.8
2017-08-02 22:00:00,26.3,85,17.3,0.0,996.2
2017-08-02 23:00:00,26.1,87,17.0,0.0,996.3
2017-08-03 00:00:00,25.9,88,17.0,0.0,996.0
2017-08-03 01:00:00,25.7,88,14.2,0.0,995.9
2017-08-03 02:00:00,25.6,88,14.1,0.0,995.6
2017-08-03 03:00:00,25.7,87,15.7,0.0,995.2
2017-08-03 04:00:00,25.7,86,16.9,0.0,995.4
2017-08-03 05:00:00,25.7,85,16.9,1.0,995.1
2017-08-03 06:00:00,26.2,83,18.3,28.0,995.3
2017-08-03 07:00:00,26.7,82,19.8,62.0,995.1
2017-08-03 08:00:00,26.8,82,17.2,86.0,994.9
2017-08-03 09:00:00,26.0,86,16.4,83.0,994.9
2017-08-03 10:00:00,25.8,86,18.4,52.0,994.6
2017-08-03 11:00:00,26.1,86,17.9,100.0,993.9
2017-08-03 12:00:00,26.3,85,18.5,78.0,993.0
2017-08-03 13:00:00,26.8,86,17.4,118.0,992.7
2017-08-03 14:00:00,26.6,84,26.4,53.0,991.6
2017-08-03 15:00:00,25.9,86,31.2,48.0,991.0
2017-08-03 16:00:00,25.8,86,33.5,42.0,990.1
2017-08-03 17:00:00,25.9,85,34.2,55.0,989.9
2017-08-03 18:00:00,25.8,85,37.1,38.0,990.3
2017-08-03 19:00:00,25.6,86,35.3,13.0,990.7
2017-08-03 20:00:00,25.8,86,31.4,0.0,991.6
2017-08-03 21:00:00,24.9,93,23.9,0.0,993.0
2017-08-03 22:00:00,24.4,96,20.9,0.0,993.5
2017-08-03 23:00:00,24.3,95,22.1,0.0,993.6
2017-08-04 00:00:00,24.3,95,18.1,0.0,993.6
2017-08-04 01:00:00,24.5,94,18.7,0.0,993.8
2017-08-04 02:00:00,24.3,94,17.8,0.0,994.0
2017-08-04 03:00:00,24.0,96,13.0,0.0,994.4
2017-08-04 04:00:00,24.1,97,10.6,0.0,994.9
2017-08-04 05:00:00,23.7,97,8.6,0.0,995.3
2017-08-04 06:00:00,23.7,96,8.6,10.0,995.2
2017-08-04 07:00:00,24.2,96,9.4,67.0,995.7
2017-08-04 08:00:00,25.1,91,12.3,85.0,995.2
2017-08-04 09:00:00,25.7,89,13.4,130.0,995.5
2017-08-04 10:00:00,26.3,86,12.2,168.0,995.8
2017-08-04 11:00:00,26.4,86,11.9,162.0,996.0
2017-08-04 12:00:00,27.1,84,11.6,239.0,995.7
2017-08-04 13:00:00,28.5,79,9.5,356.0,995.4
2017-08-04 14:00:00,28.6,79,11.6,408.0,995.5
2017-08-04 15:00:00,28.5,79,1.8,340.0,995.3
2017-08-04 16:00:00,29.3,77,4.9,337.0,994.9
2017-08-04 17:00:00,29.8,74,7.4,278.0,994.9
2017-08-04 18:00:00,28.8,76,10.2,115.0,995.0
2017-08-04 19:00:00,27.3,83,10.8,25.0,995.4
2017-08-04 20:00:00,26.8,83,11.9,0.0,995.7
2017-08-04 21:00:00,26.3,85,9.2,0.0,995.7
2017-08-04 22:00:00,25.6,88,7.6,0.0,995.5
2017-08-04 23:00:00,25.2,91,6.6,0.0,995.8
2017-08-05 00:00:00,25.2,91,6.9,0.0,995.6
2017-08-05 01:00:00,25.0,91,7.5,0.0,995.2
2017-08-05 02:00:00,24.5,92,7.6,0.0,995.3
2017-08-05 03:00:00,24.3,92,8.4,0.0,995.7
2017-08-05 04:00:00,24.0,92,7.4,0.0,996.0
2017-08-05 05:00:00,23.7,94,6.6,1.0,996.0
2017-08-05 06:00:00,24.6,91,5.4,57.0,996.0
2017-08-05 07:00:00,25.9,87,4.0,190.0,996.3
2017-08-05 08:00:00,27.4,82,7.1,351.0,995.7
2017-08-05 09:00:00,28.7,76,7.4,444.0,995.6
2017-08-05 10:00:00,29.6,71,9.7,425.0,995.5
2017-08-05 11:00:00,30.4,67,7.7,442.0,995.9
2017-08-05 12:00:00,30.9,65,5.8,526.0,995.3
2017-08-05 13:00:00,31.2,65,6.8,594.0,994.9
2017-08-05 14:00:00,31.0,66,10.4,534.0,994.4
2017-08-05 15:00:00,29.0,75,11.3,344.0,994.8
2017-08-05 16:00:00,28.8,76,12.6,303.0,994.8
2017-08-05 17:00:00,28.0,79,11.9,189.0,994.2
2017-08-05 18:00:00,27.7,82,11.6,130.0,994.2
2017-08-05 19:00:00,26.6,87,8.7,28.0,994.6
2017-08-05 20:00:00,26.2,89,2.4,0.0,995.0
2017-08-05 21:00:00,25.7,88,7.0,0.0,994.8
2017-08-05 22:00:00,25.4,89,8.2,0.0,994.9
2017-08-05 23:00:00,25.5,88,12.1,0.0,995.1
2017-08-06 00:00:00,25.1,90,13.6,0.0,995.3
2017-08-06 01:00:00,24.6,92,9.5,0.0,995.0
2017-08-06 02:00:00,24.2,93,8.9,0.0,994.6
2017-08-06 03:00:00,23.9,94,9.0,0.0,994.2
2017-08-06 04:00:00,23.2,94,9.0,0.0,994.5
2017-08-06 05:00:00,23.0,94,5.7,0.0,994.6
2017-08-06 06:00:00,23.2,93,5.9,30.0,994.7
2017-08-06 07:00:00,23.4,92,5.5,81.0,995.2
2017-08-06 08:00:00,23.6,88,13.2,101.0,994.2
2017-08-06 09:00:00,25.2,83,9.6,387.0,993.8
2017-08-06 10:00:00,26.6,80,6.5,418.0,993.7
2017-08-06 11:00:00,26.5,81,8.1,278.0,993.4
2017-08-06 12:00:00,26.3,80,9.6,356.0,992.9
2017-08-06 13:00:00,27.2,80,8.0,563.0,992.4
2017-08-06 14:00:00,27.7,79,10.8,598.0,991.5
2017-08-06 15:00:00,25.5,83,12.0,403.0,991.7
2017-08-06 16:00:00,25.9,81,8.1,228.0,991.2
2017-08-06 17:00:00,25.4,82,3.0,183.0,991.2
2017-08-06 18:00:00,25.5,83,7.2,97.0,991.6
2017-08-06 19:00:00,24.7,90,4.6,21.0,991.9
2017-08-06 20:00:00,23.3,92,7.6,0.0,992.4
2017-08-06 21:00:00,22.8,93,6.4,0.0,992.4
2017-08-06 22:00:00,23.0,90,1.0,0.0,992.5
2017-08-06 23:00:00,22.3,94,7.4,0.0,992.9
2017-08-07 00:00:00,21.9,96,5.5,0.0,992.6
2017-08-07 01:00:00,22.0,96,5.6,0.0,992.4
2017-08-07 02:00:00,22.0,96,10.1,0.0,992.0
2017-08-07 03:00:00,21.6,97,11.2,0.0,992.0
2017-08-07 04:00:00,21.2,96,9.8,0.0,992.0
2017-08-07 05:00:00,20.5,97,7.1,0.0,992.6
2017-08-07 06:00:00,20.8,97,4.3,19.0,993.3
2017-08-07 07:00:00,21.0,96,1.3,42.0,993.3
2017-08-07 08:00:00,22.0,90,5.8,89.0,993.5
2017-08-07 09:00:00,22.7,87,6.8,161.0,993.1
2017-08-07 10:00:00,23.5,83,5.0,229.0,993.1
2017-08-07 11:00:00,24.2,79,3.7,271.0,992.9
2017-08-07 12:00:00,25.1,75,6.0,314.0,992.5
2017-08-07 13:00:00,26.0,73,9.4,523.0,992.1
2017-08-07 14:00:00,26.4,72,10.6,519.0,991.7
2017-08-07 15:00:00,26.4,73,9.9,470.0,991.4
2017-08-07 16:00:00,26.5,72,9.0,398.0,991.3
2017-08-07 17:00:00,26.4,72,9.1,292.0,991.5
2017-08-07 18:00:00,25.9,77,7.4,140.0,991.9
2017-08-07 19:00:00,24.3,86,8.2,25.0,992.4
2017-08-07 20:00:00,22.4,90,6.7,0.0,992.4
2017-08-07 21:00:00,22.5,90,3.8,0.0,992.5
2017-08-07 22:00:00,22.1,94,2.0,0.0,993.0
2017-08-07 23:00:00,22.0,93,1.9,0.0,993.3
2017-08-08 00:00:00,21.6,95,3.1,0.0,993.3
2017-08-08 01:00:00,21.6,94,2.1,0.0,993.3
2017-08-08 02:00:00,20.9,98,5.1,0.0,993.1
2017-08-08 03:00:00,20.4,100,5.6,0.0,992.9
2017-08-08 04:00:00,20.2,99,5.7,0.0,992.8
2017-08-08 05:00:00,20.0,99,4.6,1.0,993.0
2017-08-08 06:00:00,21.2,94,3.9,54.0,993.0
2017-08-08 07:00:00,22.9,88,4.7,195.0,993.1
2017-08-08 08:00:00,24.4,83,6.6,366.0,993.4
2017-08-08 09:00:00,25.7,79,6.3,522.0,993.3
2017-08-08 10:00:00,26.8,73,3.9,653.0,993.1
2017-08-08 11:00:00,27.9,67,1.8,729.0,992.8
2017-08-08 12:00:00,28.9,60,1.6,779.0,992.2
2017-08-08 13:00:00,29.7,54,1.1,788.0,991.7
2017-08-08 14:00:00,30.1,52,1.1,727.0,990.9
2017-08-08 15:00:00,30.1,51,1.1,600.0,990.4
2017-08-08 16:00:00,30.2,50,1.3,444.0,990.2
2017-08-08 17:00:00,30.0,51,3.9,293.0,990.3
2017-08-08 18:00:00,29.0,63,4.6,140.0,990.9
2017-08-08 19:00:00,26.6,80,5.8,28.0,991.2
2017-08-08 20:00:00,25.6,81,6.9,0.0,991.3
2017-08-08 21:00:00,25.0,84,6.9,0.0,991.6
2017-08-08 22:00:00,24.3,87,6.5,0.0,991.7
2017-08-08 23:00:00,23.8,90,5.7,0.0,991.9
2017-08-09 00:00:00,23.4,91,4.0,0.0,991.8
2017-08-09 01:00:00,23.1,91,6.6,0.0,991.2
2017-08-09 02:00:00,22.6,94,6.6,0.0,990.9
2017-08-09 03:00:00,22.2,96,7.2,0.0,990.9
2017-08-09 04:00:00,22.1,98,6.5,0.0,990.6
2017-08-09 05:00:00,21.9,99,6.2,0.0,990.9
2017-08-09 06:00:00,23.0,97,4.3,49.0,991.3
2017-08-09 07:00:00,24.6,89,4.3,176.0,991.4
2017-08-09 08:00:00,25.9,84,3.8,317.0,991.5
2017-08-09 09:00:00,27.3,76,5.1,430.0,991.4
2017-08-09 10:00:00,28.0,74,5.4,572.0,991.3
2017-08-09 11:00:00,28.8,70,5.9,657.0,991.2
2017-08-09 12:00:00,29.4,70,6.8,711.0,990.4
2017-08-09 13:00:00,29.9,62,7.3,684.0,989.6
2017-08-09 14:00:00,30.1,60,7.5,679.0,989.0
2017-08-09 15:00:00,28.0,68,14.4,500.0,989.6
2017-08-09 16:00:00,26.5,77,12.8,221.0,989.9
2017-08-09 17:00:00,26.5,78,5.9,187.0,990.2
2017-08-09 18:00:00,26.5,79,5.9,117.0,990.5
2017-08-09 19:00:00,25.5,87,6.6,24.0,991.0
2017-08-09 20:00:00,25.2,89,6.8,0.0,991.8
2017-08-09 21:00:00,24.8,91,8.3,0.0,991.7
2017-08-09 22:00:00,24.4,92,8.9,0.0,991.7
2017-08-09 23:00:00,24.3,91,9.4,0.0,991.8
2017-08-10 00:00:00,24.2,91,10.0,0.0,991.5
2017-08-10 01:00:00,23.9,91,10.5,0.0,991.4
2017-08-10 02:00:00,23.8,90,10.1,0.0,991.2
2017-08-10 03:00:00,23.6,90,8.6,0.0,991.5
2017-08-10 04:00:00,23.1,91,7.6,0.0,991.6
2017-08-10 05:00:00,22.8,92,8.6,0.0,992.4
2017-08-10 06:00:00,23.2,89,12.4,26.0,993.3
2017-08-10 07:00:00,23.0,87,14.8,82.0,993.7
2017-08-10 08:00:00,25.3,79,12.4,237.0,994.1
2017-08-10 09:00:00,25.7,79,11.5,423.0,993.9
2017-08-10 10:00:00,26.6,76,12.3,520.0,993.9
2017-08-10 11:00:00,27.7,73,13.4,637.0,993.6
2017-08-10 12:00:00,28.8,69,13.4,736.0,992.5
2017-08-10 13:00:00,28.1,72,13.6,738.0,992.8
2017-08-10 14:00:00,26.3,80,9.4,489.0,993.1
2017-08-10 15:00:00,27.1,77,5.9,318.0,993.4
2017-08-10 16:00:00,26.6,77,11.2,250.0,993.3
2017-08-10 17:00:00,26.2,80,9.8,137.0,993.4
2017-08-10 18:00:00,25.8,84,9.0,99.0,993.7
2017-08-10 19:00:00,24.9,88,9.7,23.0,994.0
2017-08-10 20:00:00,24.7,89,10.2,0.0,994.5
2017-08-10 21:00:00,24.1,87,11.2,0.0,994.9
2017-08-10 22:00:00,23.5,87,11.2,0.0,995.0
2017-08-10 23:00:00,23.3,88,12.7,0.0,995.5
2017-08-11 00:00:00,23.1,89,12.6,0.0,995.9
2017-08-11 01:00:00,23.0,90,12.2,0.0,996.0
2017-08-11 02:00:00,22.8,91,14.2,0.0,996.1
2017-08-11 03:00:00,22.6,90,13.7,0.0,996.6
2017-08-11 04:00:00,22.3,90,12.3,0.0,996.9
2017-08-11 05:00:00,22.1,90,12.8,0.0,997.5
2017-08-11 06:00:00,22.8,88,12.1,48.0,998.1
2017-08-11 07:00:00,24.2,83,14.9,176.0,998.5
2017-08-11 08:00:00,25.8,79,15.8,341.0,998.2
2017-08-11 09:00:00,27.3,72,16.7,514.0,998.3
2017-08-11 10:00:00,28.6,66,18.4,658.0,998.4
2017-08-11 11:00:00,29.4,63,18.7,648.0,998.4
2017-08-11 12:00:00,29.7,61,17.7,481.0,998.2
2017-08-11 13:00:00,30.2,59,17.6,518.0,998.1
2017-08-11 14:00:00,30.1,59,16.4,374.0,997.7
2017-08-11 15:00:00,30.8,57,13.2,467.0,997.3
2017-08-11 16:00:00,30.7,59,13.1,387.0,997.2
2017-08-11 17:00:00,30.3,63,12.0,297.0,997.2
2017-08-11 18:00:00,28.6,71,12.3,130.0,997.7
2017-08-11 19:00:00,27.4,74,12.6,19.0,998.4
2017-08-11 20:00:00,27.2,75,12.1,0.0,999.7
2017-08-11 21:00:00,24.9,82,12.2,0.0,1000.7
2017-08-11 22:00:00,23.8,87,16.6,0.0,999.9
2017-08-11 23:00:00,23.2,87,18.6,0.0,999.4
2017-08-12 00:00:00,22.7,88,13.1,0.0,1000.4
2017-08-12 01:00:00,22.7,88,9.5,0.0,1000.8
2017-08-12 02:00:00,22.8,90,11.2,0.0,1001.1
2017-08-12 03:00:00,22.9,91,10.4,0.0,1001.0
2017-08-12 04:00:00,22.8,91,9.7,0.0,1001.5
2017-08-12 05:00:00,22.7,89,11.3,0.0,1001.8
2017-08-12 06:00:00,23.4,86,11.6,45.0,1002.1
2017-08-12 07:00:00,24.7,84,11.6,150.0,1002.4
2017-08-12 08:00:00,26.4,77,12.1,310.0,1002.7
2017-08-12 09:00:00,27.9,71,12.3,490.0,1002.7
2017-08-12 10:00:00,29.3,64,14.9,661.0,1002.2
2017-08-12 11:00:00,30.3,60,14.6,752.0,1002.5
2017-08-12 12:00:00,30.8,59,12.4,807.0,1002.2
2017-08-12 13:00:00,31.3,57,11.3,771.0,1002.0
2017-08-12 14:00:00,30.7,60,13.3,710.0,1001.7
2017-08-12 15:00:00,30.2,61,10.4,442.0,1001.7
2017-08-12 16:00:00,29.4,65,11.3,405.0,1001.7
2017-08-12 17:00:00,28.9,71,11.4,261.0,1001.7
2017-08-12 18:00:00,28.1,78,6.3,118.0,1001.8
2017-08-12 19:00:00,26.7,85,8.4,20.0,1002.0
2017-08-12 20:00:00,26.1,86,8.0,0.0,1002.3
2017-08-12 21:00:00,25.5,87,9.0,0.0,1002.5
2017-08-12 22:00:00,25.1,87,9.9,0.0,1002.4
2017-08-12 23:00:00,24.7,88,9.7,0.0,1002.7
2017-08-13 00:00:00,24.3,89,8.9,0.0,1002.9
2017-08-13 01:00:00,23.8,91,7.8,0.0,1003.0
2017-08-13 02:00:00,23.4,92,8.4,0.0,1003.1
2017-08-13 03:00:00,23.2,92,8.1,0.0,1003.4
2017-08-13 04:00:00,22.8,94,7.8,0.0,1003.6
2017-08-13 05:00:00,22.5,94,7.4,0.0,1003.7
2017-08-13 06:00:00,23.5,89,5.9,46.0,1004.0
2017-08-13 07:00:00,25.1,82,6.8,178.0,1004.1
2017-08-13 08:00:00,26.6,77,7.7,353.0,1004.1
2017-08-13 09:00:00,27.8,71,6.2,488.0,1003.8
2017-08-13 10:00:00,28.9,66,5.8,648.0,1003.5
2017-08-13 11:00:00,29.8,63,7.3,750.0,1003.0
2017-08-13 12:00:00,30.2,61,7.2,726.0,1002.6
2017-08-13 13:00:00,30.6,61,7.6,706.0,1002.2
2017-08-13 14:00:00,30.6,60,7.7,590.0,1001.8
2017-08-13 15:00:00,30.7,59,5.4,505.0,1001.5
2017-08-13 16:00:00,30.7,59,3.3,389.0,1001.3
2017-08-13 17:00:00,30.0,60,5.1,244.0,1001.6
2017-08-13 18:00:00,29.1,70,4.7,107.0,1001.8
2017-08-13 19:00:00,27.4,81,6.5,16.0,1002.0
2017-08-13 20:00:00,25.3,87,7.2,0.0,1002.0
2017-08-13 21:00:00,25.0,89,5.4,0.0,1001.9
2017-08-13 22:00:00,24.6,90,4.7,0.0,1002.2
2017-08-13 23:00:00,24.4,91,5.1,0.0,1002.3
2017-08-14 00:00:00,24.1,92,5.4,0.0,1002.1
2017-08-14 01:00:00,24.1,93,3.2,0.0,1001.7
2017-08-14 02:00:00,23.7,93,7.1,0.0,1001.6
2017-08-14 03:00:00,23.6,93,4.3,0.0,1001.0
2017-08-14 04:00:00,23.3,96,6.4,0.0,1001.1
2017-08-14 05:00:00,23.4,94,4.9,0.0,1001.3
2017-08-14 06:00:00,23.5,93,4.0,16.0,1001.7
2017-08-14 07:00:00,23.6,92,5.0,63.0,1002.2
2017-08-14 08:00:00,25.1,81,2.8,140.0,1001.4
2017-08-14 09:00:00,26.0,76,2.3,272.0,1001.2
2017-08-14 10:00:00,26.5,73,1.6,274.0,1001.2
2017-08-14 11:00:00,26.1,78,10.4,205.0,1001.3
2017-08-14 12:00:00,25.8,82,10.9,266.0,1000.9
2017-08-14 13:00:00,25.9,81,8.0,274.0,1000.4
2017-08-14 14:00:00,26.3,78,5.2,229.0,1000.1
2017-08-14 15:00:00,26.4,79,5.4,163.0,999.4
2017-08-14 16:00:00,26.0,82,4.1,119.0,999.3
2017-08-14 17:00:00,25.5,85,5.6,79.0,999.4
2017-08-14 18:00:00,24.5,88,5.1,32.0,999.6
2017-08-14 19:00:00,23.7,93,2.3,6.0,999.9
2017-08-14 20:00:00,23.7,94,5.1,0.0,999.7
2017-08-14 21:00:00,23.5,95,4.6,0.0,999.4
2017-08-14 22:00:00,23.2,98,2.7,0.0,999.5
2017-08-14 23:00:00,23.2,98,3.2,0.0,999.4
2017-08-15 00:00:00,23.1,98,3.5,0.0,999.4
2017-08-15 01:00:00,22.3,98,3.1,0.0,999.5
2017-08-15 02:00:00,22.1,98,2.1,0.0,999.1
2017-08-15 03:00:00,22.0,99,1.0,0.0,999.1
2017-08-15 04:00:00,21.8,100,4.9,0.0,999.1
2017-08-15 05:00:00,21.6,99,4.4,0.0,999.2
2017-08-15 06:00:00,21.6,99,4.7,8.0,999.2
2017-08-15 07:00:00,21.6,99,5.6,20.0,999.5
2017-08-15 08:00:00,22.0,91,4.4,37.0,999.5
2017-08-15 09:00:00,22.4,88,3.1,86.0,999.2
2017-08-15 10:00:00,23.0,85,3.9,111.0,999.1
2017-08-15 11:00:00,24.1,81,5.1,267.0,999.0
2017-08-15 12:00:00,24.5,80,6.9,193.0,998.6
2017-08-15 13:00:00,24.1,83,9.2,130.0,998.5
2017-08-15 14:00:00,24.2,82,10.4,171.0,998.1
2017-08-15 15:00:00,24.6,82,9.6,175.0,997.9
2017-08-15 16:00:00,25.2,79,7.3,197.0,997.9
2017-08-15 17:00:00,23.0,87,8.0,96.0,998.3
2017-08-15 18:00:00,23.2,87,4.9,51.0,998.0
2017-08-15 19:00:00,22.6,92,5.5,10.0,998.3
2017-08-15 20:00:00,22.7,95,5.0,0.0,998.7
2017-08-15 21:00:00,22.7,95,4.1,0.0,998.8
2017-08-15 22:00:00,22.0,94,4.5,0.0,999.2
2017-08-15 23:00:00,21.7,96,7.2,0.0,999.3
2017-08-16 00:00:00,21.5,95,3.1,0.0,999.1
2017-08-16 01:00:00,21.5,95,4.0,0.0,999.1
2017-08-16 02:00:00,21.3,97,4.0,0.0,999.2
2017-08-16 03:00:00,21.2,98,5.2,0.0,999.4
2017-08-16 04:00:00,21.0,98,3.6,0.0,999.4
2017-08-16 05:00:00,20.7,100,3.4,0.0,999.7
2017-08-16 06:00:00,21.3,97,3.6,32.0,1000.1
2017-08-16 07:00:00,22.1,93,4.3,135.0,1000.6
2017-08-16 08:00:00,22.8,89,3.9,243.0,1000.1
2017-08-16 09:00:00,23.6,86,3.0,248.0,999.9
2017-08-16 10:00:00,24.5,84,3.3,394.0,999.8
2017-08-16 11:00:00,25.5,81,3.1,514.0,999.9
2017-08-16 12:00:00,26.1,82,3.2,601.0,999.6
2017-08-16 13:00:00,27.1,71,4.3,606.0,999.0
2017-08-16 14:00:00,25.2,75,9.4,365.0,999.0
2017-08-16 15:00:00,25.1,77,7.4,356.0,999.1
2017-08-16 16:00:00,25.5,77,4.0,311.0,998.9
2017-08-16 17:00:00,25.5,77,0.0,189.0,999.1
2017-08-16 18:00:00,23.2,86,2.0,60.0,999.8
2017-08-16 19:00:00,22.3,92,3.1,8.0,1000.0
2017-08-16 20:00:00,22.8,93,5.9,0.0,999.6
2017-08-16 21:00:00,22.4,94,5.0,0.0,999.9
2017-08-16 22:00:00,22.2,94,3.0,0.0,1000.2
2017-08-16 23:00:00,21.9,95,3.1,0.0,1000.3
2017-08-17 00:00:00,21.8,94,6.9,0.0,1000.3
2017-08-17 01:00:00,21.6,95,9.1,0.0,1000.2
2017-08-17 02:00:00,21.4,95,8.0,0.0,1000.1
2017-08-17 03:00:00,21.5,95,5.1,0.0,1000.4
2017-08-17 04:00:00,21.6,94,3.3,0.0,1000.7
2017-08-17 05:00:00,21.4,95,3.3,0.0,1001.2
2017-08-17 06:00:00,21.5,93,4.6,17.0,1001.7
2017-08-17 07:00:00,22.1,90,6.8,79.0,1001.8
2017-08-17 08:00:00,21.9,93,5.1,147.0,1001.6
2017-08-17 09:00:00,22.5,92,4.1,140.0,1001.6
2017-08-17 10:00:00,23.1,89,3.8,188.0,1001.7
2017-08-17 11:00:00,24.1,84,3.9,330.0,1001.5
2017-08-17 12:00:00,24.8,81,3.4,436.0,1000.9
2017-08-17 13:00:00,25.6,76,4.0,426.0,1000.8
2017-08-17 14:00:00,25.7,73,4.0,296.0,1000.4
2017-08-17 15:00:00,24.0,80,12.6,195.0,1000.9
2017-08-17 16:00:00,24.2,79,6.8,159.0,1000.8
2017-08-17 17:00:00,24.0,82,5.1,86.0,1000.9
2017-08-17 18:00:00,23.5,87,8.0,38.0,1001.1
2017-08-17 19:00:00,22.8,90,7.2,8.0,1001.3
2017-08-17 20:00:00,22.4,91,8.4,0.0,1001.3
2017-08-17 21:00:00,22.2,93,7.9,0.0,1001.2
2017-08-17 22:00:00,22.0,94,7.1,0.0,1001.4
2017-08-17 23:00:00,22.0,95,8.0,0.0,1001.8
2017-08-18 00:00:00,21.6,95,7.5,0.0,1002.3
2017-08-18 01:00:00,21.4,93,5.8,0.0,1002.6
2017-08-18 02:00:00,21.3,92,5.0,0.0,1002.5
2017-08-18 03:00:00,21.2,93,4.0,0.0,1002.5
2017-08-18 04:00:00,21.0,94,4.5,0.0,1002.4
2017-08-18 05:00:00,20.8,95,4.8,0.0,1002.8
2017-08-18 06:00:00,21.3,93,4.4,28.0,1003.2
2017-08-18 07:00:00,22.2,88,5.6,104.0,1003.5
2017-08-18 08:00:00,22.7,86,2.6,223.0,1003.7
2017-08-18 09:00:00,23.5,86,2.3,331.0,1003.7
2017-08-18 10:00:00,24.4,84,1.3,489.0,1003.8
2017-08-18 11:00:00,25.6,76,3.1,573.0,1003.4
2017-08-18 12:00:00,25.5,76,4.3,526.0,1002.9
2017-08-18 13:00:00,25.7,77,7.9,486.0,1002.6
2017-08-18 14:00:00,25.0,76,3.2,374.0,1002.6
2017-08-18 15:00:00,25.2,75,2.1,389.0,1002.4
2017-08-18 16:00:00,25.3,70,2.9,244.0,1002.5
2017-08-18 17:00:00,24.4,77,5.4,136.0,1002.7
2017-08-18 18:00:00,24.2,81,3.9,64.0,1002.7
2017-08-18 19:00:00,23.6,88,5.6,10.0,1003.4
2017-08-18 20:00:00,23.5,92,3.2,0.0,1003.5
2017-08-18 21:00:00,23.5,89,6.1,0.0,1003.5
2017-08-18 22:00:00,23.0,91,9.2,0.0,1003.7
2017-08-18 23:00:00,22.2,92,9.4,0.0,1004.3
2017-08-19 00:00:00,21.8,92,8.4,0.0,1004.4
2017-08-19 01:00:00,21.6,93,8.4,0.0,1004.4
2017-08-19 02:00:00,21.0,93,11.9,0.0,1004.4
2017-08-19 03:00:00,20.7,94,12.9,0.0,1004.6
2017-08-19 04:00:00,20.7,94,7.3,0.0,1004.5
2017-08-19 05:00:00,20.4,96,6.6,0.0,1005.0
2017-08-19 06:00:00,21.0,93,5.8,14.0,1005.1
2017-08-19 07:00:00,21.4,92,7.4,79.0,1005.2
2017-08-19 08:00:00,22.8,86,7.6,197.0,1005.2
2017-08-19 09:00:00,24.0,78,9.5,337.0,1005.1
2017-08-19 10:00:00,25.0,75,7.6,322.0,1005.2
2017-08-19 11:00:00,25.5,75,7.6,376.0,1004.9
2017-08-19 12:00:00,26.3,75,9.0,573.0,1004.4
2017-08-19 13:00:00,26.7,75,6.6,641.0,1003.5
2017-08-19 14:00:00,27.1,74,4.7,669.0,1003.0
2017-08-19 15:00:00,24.9,79,10.1,546.0,1003.3
2017-08-19 16:00:00,25.4,77,3.8,252.0,1003.1
2017-08-19 17:00:00,25.6,77,6.4,178.0,1003.4
2017-08-19 18:00:00,25.2,81,6.9,69.0,1003.2
2017-08-19 19:00:00,24.2,88,7.5,10.0,1003.6
2017-08-19 20:00:00,23.7,91,5.8,0.0,1003.6
2017-08-19 21:00:00,23.7,92,5.4,0.0,1003.5
2017-08-19 22:00:00,23.3,93,7.4,0.0,1003.8
2017-08-19 23:00:00,23.1,92,9.4,0.0,1004.2
2017-08-20 00:00:00,22.7,89,10.5,0.0,1004.1
2017-08-20 01:00:00,22.4,90,9.3,0.0,1003.9
2017-08-20 02:00:00,22.2,91,8.4,0.0,1003.4
2017-08-20 03:00:00,21.8,93,8.2,0.0,1003.2
2017-08-20 04:00:00,21.5,93,7.5,0.0,1003.1
2017-08-20 05:00:00,21.2,94,7.7,0.0,1003.2
2017-08-20 06:00:00,21.7,92,8.2,33.0,1003.4
2017-08-20 07:00:00,23.0,87,9.2,154.0,1003.3
2017-08-20 08:00:00,24.3,83,10.2,323.0,1003.1
2017-08-20 09:00:00,25.5,78,6.8,501.0,1002.7
2017-08-20 10:00:00,26.7,71,6.6,618.0,1002.4
2017-08-20 11:00:00,27.4,66,8.3,603.0,1001.9
2017-08-20 12:00:00,28.2,63,9.7,627.0,1001.2
2017-08-20 13:00:00,28.4,63,8.3,599.0,1000.8
2017-08-20 14:00:00,28.9,61,7.1,580.0,999.9
2017-08-20 15:00:00,29.0,61,7.7,522.0,999.6
2017-08-20 16:00:00,27.5,67,13.0,360.0,999.5
2017-08-20 17:00:00,27.3,68,4.7,182.0,999.3
2017-08-20 18:00:00,26.4,77,7.4,88.0,999.3
2017-08-20 19:00:00,25.1,83,7.9,11.0,999.4
2017-08-20 20:00:00,24.8,79,8.0,0.0,999.2
2017-08-20 21:00:00,24.4,81,7.3,0.0,999.0
2017-08-20 22:00:00,23.9,82,9.0,0.0,999.7
2017-08-20 23:00:00,23.6,84,11.6,0.0,999.4
2017-08-21 00:00:00,23.0,85,11.3,0.0,998.7
2017-08-21 01:00:00,22.3,88,8.1,0.0,998.5
2017-08-21 02:00:00,22.0,89,7.5,0.0,998.3
2017-08-21 03:00:00,21.9,89,7.1,0.0,998.5
2017-08-21 04:00:00,21.7,90,7.6,0.0,998.4
2017-08-21 05:00:00,21.2,92,7.2,0.0,998.7
2017-08-21 06:00:00,21.9,89,5.7,34.0,998.8
2017-08-21 07:00:00,23.3,84,6.2,163.0,998.7
2017-08-21 08:00:00,24.6,78,6.2,305.0,998.1
2017-08-21 09:00:00,25.8,73,6.2,379.0,998.1
2017-08-21 10:00:00,26.8,69,6.3,492.0,998.1
2017-08-21 11:00:00,27.9,66,7.3,743.0,997.8
2017-08-21 12:00:00,28.8,61,9.2,716.0,998.0
2017-08-21 13:00:00,29.1,61,9.2,610.0,997.5
2017-08-21 14:00:00,29.3,60,10.2,497.0,997.1
2017-08-21 15:00:00,29.5,58,9.4,457.0,996.7
2017-08-21 16:00:00,30.0,54,7.6,399.0,996.4
2017-08-21 17:00:00,29.8,57,7.5,274.0,996.6
2017-08-21 18:00:00,27.9,74,8.2,114.0,996.6
2017-08-21 19:00:00,26.0,82,9.9,11.0,997.5
2017-08-21 20:00:00,25.6,85,9.5,0.0,998.3
2017-08-21 21:00:00,25.5,85,9.9,0.0,998.5
2017-08-21 22:00:00,24.9,87,10.0,0.0,999.1
2017-08-21 23:00:00,24.2,90,10.9,0.0,999.4
2017-08-22 00:00:00,23.8,92,12.5,0.0,999.7
2017-08-22 01:00:00,23.7,92,13.7,0.0,999.7
2017-08-22 02:00:00,23.4,93,11.4,0.0,999.9
2017-08-22 03:00:00,23.1,94,10.5,0.0,1000.5
2017-08-22 04:00:00,22.8,94,9.5,0.0,1000.5
2017-08-22 05:00:00,22.5,94,8.3,0.0,1001.3
2017-08-22 06:00:00,23.1,92,9.0,32.0,1001.5
2017-08-22 07:00:00,24.5,86,10.9,142.0,1001.8
2017-08-22 08:00:00,26.1,82,14.9,277.0,1002.6
2017-08-22 09:00:00,27.6,79,15.3,466.0,1002.7
2017-08-22 10:00:00,29.0,73,13.8,540.0,1003.0
2017-08-22 11:00:00,29.7,70,12.6,534.0,1002.6
2017-08-22 12:00:00,30.8,64,11.6,672.0,1002.4
2017-08-22 13:00:00,31.3,62,10.9,642.0,1002.1
2017-08-22 14:00:00,31.2,63,11.2,545.0,1001.7
2017-08-22 15:00:00,30.6,66,10.8,350.0,1001.8
2017-08-22 16:00:00,30.5,67,9.3,312.0,1001.5
2017-08-22 17:00:00,29.7,75,7.2,141.0,1001.9
2017-08-22 18:00:00,28.7,79,10.0,63.0,1002.4
2017-08-22 19:00:00,25.3,83,1.9,8.0,1003.6
2017-08-22 20:00:00,26.1,87,7.9,0.0,1003.4
2017-08-22 21:00:00,25.3,87,8.1,0.0,1003.3
2017-08-22 22:00:00,24.8,87,11.2,0.0,1003.5
2017-08-22 23:00:00,24.6,87,10.8,0.0,1003.5
2017-08-23 00:00:00,24.4,88,13.8,0.0,1002.9
2017-08-23 01:00:00,24.5,87,12.1,0.0,1002.7
2017-08-23 02:00:00,23.8,91,5.1,0.0,1002.6
2017-08-23 03:00:00,22.9,94,5.7,0.0,1002.4
2017-08-23 04:00:00,22.6,95,2.9,0.0,1002.7
2017-08-23 05:00:00,23.1,92,5.6,0.0,1002.1
2017-08-23 06:00:00,23.4,92,6.6,7.0,1002.0
2017-08-23 07:00:00,23.9,90,9.5,30.0,1001.6
2017-08-23 08:00:00,24.3,86,8.4,49.0,1001.6
2017-08-23 09:00:00,23.9,89,5.4,39.0,1001.0
2017-08-23 10:00:00,24.5,88,9.2,82.0,1000.5
2017-08-23 11:00:00,25.1,86,15.8,103.0,999.3
2017-08-23 12:00:00,27.0,76,27.7,360.0,998.8
2017-08-23 13:00:00,27.1,77,20.6,310.0,998.5
2017-08-23 14:00:00,26.4,84,13.9,161.0,997.9
2017-08-23 15:00:00,25.5,88,15.4,187.0,997.4
2017-08-23 16:00:00,24.9,90,17.8,46.0,997.2
2017-08-23 17:00:00,22.0,96,14.5,18.0,997.8
2017-08-23 18:00:00,21.0,95,10.2,10.0,998.1
2017-08-23 19:00:00,20.5,94,12.6,1.0,997.9
2017-08-23 20:00:00,19.5,91,13.6,0.0,999.0
2017-08-23 21:00:00,19.1,92,12.0,0.0,999.0
2017-08-23 22:00:00,18.9,90,11.2,0.0,999.4
2017-08-23 23:00:00,18.5,91,9.1,0.0,999.1
2017-08-24 00:00:00,18.4,91,8.7,0.0,999.3
2017-08-24 01:00:00,18.0,92,7.8,0.0,998.7
2017-08-24 02:00:00,17.9,92,7.3,0.0,998.3
2017-08-24 03:00:00,17.8,92,4.3,0.0,998.3
2017-08-24 04:00:00,17.8,92,5.3,0.0,998.3
2017-08-24 05:00:00,17.5,92,11.4,0.0,999.3
2017-08-24 06:00:00,18.0,90,5.4,19.0,999.8
2017-08-24 07:00:00,18.6,86,3.7,62.0,999.7
2017-08-24 08:00:00,19.8,82,3.7,195.0,999.2
2017-08-24 09:00:00,21.7,77,1.6,488.0,999.3
2017-08-24 10:00:00,23.4,71,8.7,663.0,999.5
2017-08-24 11:00:00,24.5,69,10.0,762.0,999.6
2017-08-24 12:00:00,25.6,63,8.4,809.0,999.3
2017-08-24 13:00:00,26.5,58,12.3,775.0,999.4
2017-08-24 14:00:00,26.0,52,15.5,534.0,999.2
2017-08-24 15:00:00,26.5,50,12.2,577.0,998.7
2017-08-24 16:00:00,26.3,50,14.4,395.0,999.0
2017-08-24 17:00:00,25.6,59,10.1,235.0,998.7
2017-08-24 18:00:00,23.4,58,13.0,111.0,998.9
2017-08-24 19:00:00,21.2,61,12.2,9.0,999.5
2017-08-24 20:00:00,20.5,65,10.6,0.0,1000.1
2017-08-24 21:00:00,20.3,63,12.1,0.0,1000.1
2017-08-24 22:00:00,19.6,63,11.6,0.0,1000.5
2017-08-24 23:00:00,18.7,66,10.4,0.0,1000.2
2017-08-25 00:00:00,18.4,64,12.5,0.0,999.9
2017-08-25 01:00:00,17.3,69,11.6,0.0,999.7
2017-08-25 02:00:00,17.4,74,11.7,0.0,999.2
2017-08-25 03:00:00,17.7,88,12.2,0.0,999.6
2017-08-25 04:00:00,17.1,95,9.1,0.0,999.6
2017-08-25 05:00:00,16.3,96,8.1,0.0,999.5
2017-08-25 06:00:00,17.1,90,8.7,32.0,999.7
2017-08-25 07:00:00,18.9,74,9.0,171.0,1000.2
2017-08-25 08:00:00,20.9,70,10.3,352.0,999.7
2017-08-25 09:00:00,22.3,58,11.9,524.0,999.8
2017-08-25 10:00:00,23.5,49,13.9,670.0,1000.0
2017-08-25 11:00:00,24.6,46,17.4,773.0,999.9
2017-08-25 12:00:00,25.4,42,19.8,809.0,999.3
2017-08-25 13:00:00,25.3,39,22.9,808.0,999.4
2017-08-25 14:00:00,25.1,38,24.3,742.0,999.3
2017-08-25 15:00:00,24.7,37,24.6,628.0,999.4
2017-08-25 16:00:00,24.1,42,20.8,467.0,999.8
2017-08-25 17:00:00,23.0,51,16.6,278.0,1000.1
2017-08-25 18:00:00,21.0,61,10.7,106.0,1000.4
2017-08-25 19:00:00,19.1,68,10.1,8.0,1000.9
2017-08-25 20:00:00,19.1,58,14.0,0.0,1001.5
2017-08-25 21:00:00,18.3,60,12.8,0.0,1002.1
2017-08-25 22:00:00,17.3,66,11.4,0.0,1002.7
2017-08-25 23:00:00,16.9,67,12.3,0.0,1003.1
2017-08-26 00:00:00,16.9,64,13.7,0.0,1003.2
2017-08-26 01:00:00,16.4,65,12.6,0.0,1003.3
2017-08-26 02:00:00,15.7,67,11.3,0.0,1003.4
2017-08-26 03:00:00,15.2,68,10.6,0.0,1003.4
2017-08-26 04:00:00,14.5,71,8.9,0.0,1003.3
2017-08-26 05:00:00,14.2,71,10.9,0.0,1004.0
2017-08-26 06:00:00,14.6,72,7.2,31.0,1004.8
2017-08-26 07:00:00,16.7,62,5.1,169.0,1005.6
2017-08-26 08:00:00,19.1,52,3.3,351.0,1006.0
2017-08-26 09:00:00,21.2,50,5.6,529.0,1006.3
2017-08-26 10:00:00,22.4,47,9.0,678.0,1006.6
2017-08-26 11:00:00,23.3,46,8.7,778.0,1006.7
2017-08-26 12:00:00,24.3,44,7.8,823.0,1006.5
2017-08-26 13:00:00,25.0,42,7.8,808.0,1006.4
2017-08-26 14:00:00,25.4,42,8.3,736.0,1006.1
2017-08-26 15:00:00,25.6,41,8.9,614.0,1006.0
2017-08-26 16:00:00,25.6,41,10.0,453.0,1006.3
2017-08-26 17:00:00,25.0,48,6.6,272.0,1006.2
2017-08-26 18:00:00,22.7,68,8.8,103.0,1006.1
2017-08-26 19:00:00,20.4,72,11.2,7.0,1006.6
2017-08-26 20:00:00,19.8,71,11.5,0.0,1006.9
2017-08-26 21:00:00,19.3,68,12.2,0.0,1007.1
2017-08-26 22:00:00,18.7,67,12.3,0.0,1007.1
2017-08-26 23:00:00,18.1,69,11.9,0.0,1007.0
2017-08-27 00:00:00,17.7,69,13.8,0.0,1007.0
2017-08-27 01:00:00,17.3,70,13.1,0.0,1006.6
2017-08-27 02:00:00,16.9,70,11.7,0.0,1006.1
2017-08-27 03:00:00,16.6,68,12.4,0.0,1005.8
2017-08-27 04:00:00,16.5,64,13.1,0.0,1005.6
2017-08-27 05:00:00,16.7,61,14.4,0.0,1005.9
2017-08-27 06:00:00,17.7,58,15.5,28.0,1006.2
2017-08-27 07:00:00,19.8,57,15.8,159.0,1006.3
2017-08-27 08:00:00,22.0,54,18.4,332.0,1006.2
2017-08-27 09:00:00,24.0,52,21.3,517.0,1005.9
2017-08-27 10:00:00,25.5,49,23.2,557.0,1005.5
2017-08-27 11:00:00,26.0,49,27.2,491.0,1005.0
2017-08-27 12:00:00,26.4,61,29.5,646.0,1004.6
2017-08-27 13:00:00,25.5,54,26.1,349.0,1004.9
2017-08-27 14:00:00,24.2,57,20.9,207.0,1004.8
2017-08-27 15:00:00,23.9,62,18.4,144.0,1004.4
2017-08-27 16:00:00,22.4,63,21.1,44.0,1004.8
2017-08-27 17:00:00,20.2,77,17.8,27.0,1005.2
2017-08-27 18:00:00,19.0,81,17.3,8.0,1004.8
2017-08-27 19:00:00,18.8,84,21.2,1.0,1004.8
2017-08-27 20:00:00,18.2,88,20.2,0.0,1004.4
2017-08-27 21:00:00,18.4,88,24.5,0.0,1004.2
2017-08-27 22:00:00,17.2,83,23.7,0.0,1004.0
2017-08-27 23:00:00,17.1,84,20.9,0.0,1004.2
2017-08-28 00:00:00,17.1,85,20.1,0.0,1004.0
2017-08-28 01:00:00,17.2,89,18.8,0.0,1003.7
2017-08-28 02:00:00,17.6,91,16.5,0.0,1003.5
2017-08-28 03:00:00,18.2,92,15.4,0.0,1003.6
2017-08-28 04:00:00,18.6,93,15.0,0.0,1003.6
2017-08-28 05:00:00,18.5,95,12.8,0.0,1004.0
2017-08-28 06:00:00,18.4,96,10.8,9.0,1004.6
2017-08-28 07:00:00,18.5,94,11.2,47.0,1005.0
2017-08-28 08:00:00,18.4,82,13.0,128.0,1005.6
2017-08-28 09:00:00,18.7,69,20.5,315.0,1006.0
2017-08-28 10:00:00,19.2,60,16.6,360.0,1006.3
2017-08-28 11:00:00,20.5,52,15.1,555.0,1006.4
2017-08-28 12:00:00,21.0,48,18.5,539.0,1006.6
2017-08-28 13:00:00,20.1,48,20.5,502.0,1006.7
2017-08-28 14:00:00,18.9,48,16.3,236.0,1006.9
2017-08-28 15:00:00,18.7,51,9.8,179.0,1006.7
2017-08-28 16:00:00,19.3,53,9.6,247.0,1007.1
2017-08-28 17:00:00,19.8,49,12.1,256.0,1007.4
2017-08-28 18:00:00,17.0,54,16.6,97.0,1008.3
2017-08-28 19:00:00,15.0,58,12.5,5.0,1009.5
2017-08-28 20:00:00,14.6,59,10.0,0.0,1010.4
2017-08-28 21:00:00,13.0,65,9.8,0.0,1010.9
2017-08-28 22:00:00,12.6,61,11.4,0.0,1011.3
2017-08-28 23:00:00,12.1,60,10.7,0.0,1011.6
2017-08-29 00:00:00,11.8,55,10.8,0.0,1011.6
2017-08-29 01:00:00,10.7,56,10.3,0.0,1011.4
2017-08-29 02:00:00,9.7,64,8.0,0.0,1011.3
2017-08-29 03:00:00,9.1,71,6.4,0.0,1011.1
2017-08-29 04:00:00,9.0,71,7.9,0.0,1011.2
2017-08-29 05:00:00,8.3,73,8.8,0.0,1011.5
2017-08-29 06:00:00,9.1,67,8.0,28.0,1011.9
2017-08-29 07:00:00,11.3,55,8.1,169.0,1012.3
2017-08-29 08:00:00,13.8,47,9.7,356.0,1012.8
2017-08-29 09:00:00,15.8,43,10.8,536.0,1012.7
2017-08-29 10:00:00,17.3,38,10.2,686.0,1012.8
2017-08-29 11:00:00,18.4,32,9.0,789.0,1011.9
2017-08-29 12:00:00,19.2,30,11.5,836.0,1011.1
2017-08-29 13:00:00,19.7,32,13.3,819.0,1010.0
2017-08-29 14:00:00,20.2,33,13.7,743.0,1009.0
2017-08-29 15:00:00,20.7,32,15.0,615.0,1008.2
2017-08-29 16:00:00,20.7,33,14.7,451.0,1007.7
2017-08-29 17:00:00,19.8,46,11.9,266.0,1007.5
2017-08-29 18:00:00,17.4,56,13.6,94.0,1007.0
2017-08-29 19:00:00,16.1,58,15.8,4.0,1006.9
2017-08-29 20:00:00,15.9,59,16.3,0.0,1006.8
2017-08-29 21:00:00,15.1,63,13.8,0.0,1006.1
2017-08-29 22:00:00,14.9,65,13.7,0.0,1005.4
2017-08-29 23:00:00,14.6,72,10.6,0.0,1005.0
2017-08-30 00:00:00,14.3,79,9.4,0.0,1004.7
2017-08-30 01:00:00,14.0,85,8.7,0.0,1004.5
2017-08-30 02:00:00,13.1,89,7.2,0.0,1004.8
2017-08-30 03:00:00,12.8,90,5.9,0.0,1005.0
2017-08-30 04:00:00,12.2,89,7.3,0.0,1005.2
2017-08-30 05:00:00,11.7,87,7.8,0.0,1005.3
2017-08-30 06:00:00,12.7,86,4.0,26.0,1006.0
2017-08-30 07:00:00,14.4,69,6.4,159.0,1006.9
2017-08-30 08:00:00,16.8,56,10.8,341.0,1007.0
2017-08-30 09:00:00,18.1,43,6.9,520.0,1006.9
2017-08-30 10:00:00,19.2,40,7.2,671.0,1006.9
2017-08-30 11:00:00,20.0,37,9.0,777.0,1006.6
2017-08-30 12:00:00,20.5,37,8.8,826.0,1006.2
2017-08-30 13:00:00,21.2,37,9.2,813.0,1006.0
2017-08-30 14:00:00,21.7,36,10.3,738.0,1005.5
2017-08-30 15:00:00,21.8,36,11.2,613.0,1005.2
2017-08-30 16:00:00,21.6,37,10.2,448.0,1005.2
2017-08-30 17:00:00,21.2,41,4.8,262.0,1005.5
2017-08-30 18:00:00,19.4,59,3.8,91.0,1005.5
2017-08-30 19:00:00,16.7,70,6.1,4.0,1006.3
2017-08-30 20:00:00,16.7,62,4.2,0.0,1006.7
2017-08-30 21:00:00,15.0,73,5.5,0.0,1006.4
2017-08-30 22:00:00,13.8,80,6.6,0.0,1006.6
2017-08-30 23:00:00,13.7,79,7.7,0.0,1006.8
2017-08-31 00:00:00,13.0,81,7.4,0.0,1006.7
2017-08-31 01:00:00,12.4,83,7.2,0.0,1006.9
2017-08-31 02:00:00,11.8,85,6.8,0.0,1007.1
2017-08-31 03:00:00,11.5,85,7.2,0.0,1007.1
2017-08-31 04:00:00,11.1,87,6.8,0.0,1007.2
2017-08-31 05:00:00,10.9,87,7.7,0.0,1007.7
2017-08-31 06:00:00,11.8,84,6.3,25.0,1007.9
2017-08-31 07:00:00,14.3,75,4.7,157.0,1008.1
2017-08-31 08:00:00,16.6,67,3.2,339.0,1008.1
2017-08-31 09:00:00,18.9,60,3.4,517.0,1008.2
2017-08-31 10:00:00,20.7,52,3.8,665.0,1007.9
2017-08-31 11:00:00,22.1,48,4.3,766.0,1007.5
2017-08-31 12:00:00,23.1,44,5.5,811.0,1007.0
2017-08-31 13:00:00,23.8,41,6.5,795.0,1006.5
2017-08-31 14:00:00,24.3,38,6.8,721.0,1005.9
2017-08-31 15:00:00,24.4,36,6.1,597.0,1005.6
2017-08-31 16:00:00,24.3,35,4.5,435.0,1005.4
2017-08-31 17:00:00,23.7,40,4.2,253.0,1005.2
2017-08-31 18:00:00,22.7,44,2.8,86.0,1005.1
2017-08-31 19:00:00,21.6,46,0.4,3.0,1005.4
2017-08-31 20:00:00,21.2,47,2.5,0.0,1005.5
2017-08-31 21:00:00,17.8,70,7.1,0.0,1005.4
2017-08-31 22:00:00,16.7,74,9.1,0.0,1005.3
2017-08-31 23:00:00,15.8,77,8.6,0.0,1005.1
2017-09-01 00:00:00,15.2,79,8.1,0.0,1005.0
2017-09-01 01:00:00,14.7,79,8.9,0.0,1004.7
2017-09-01 02:00:00,14.7,80,8.4,0.0,1004.9
2017-09-01 03:00:00,14.8,84,8.2,0.0,1004.5
2017-09-01 04:00:00,15.0,88,8.2,0.0,1004.5
2017-09-01 05:00:00,15.2,91,7.6,0.0,1004.7
2017-09-01 06:00:00,16.2,92,7.7,18.0,1005.2
2017-09-01 07:00:00,18.5,90,8.1,122.0,1005.6
2017-09-01 08:00:00,19.5,87,12.2,205.0,1005.7
2017-09-01 09:00:00,18.5,89,9.6,231.0,1006.6
2017-09-01 10:00:00,19.0,86,7.4,153.0,1006.4
2017-09-01 11:00:00,21.2,82,9.4,573.0,1006.1
2017-09-01 12:00:00,22.8,77,8.7,573.0,1005.8
2017-09-01 13:00:00,23.4,76,7.4,432.0,1005.2
2017-09-01 14:00:00,23.0,78,8.8,439.0,1005.1
2017-09-01 15:00:00,23.1,74,3.5,360.0,1004.6
2017-09-01 16:00:00,21.6,80,12.1,316.0,1005.2
2017-09-01 17:00:00,20.0,87,4.3,138.0,1005.6
2017-09-01 18:00:00,19.7,90,6.4,62.0,1005.5
2017-09-01 19:00:00,18.7,95,7.9,2.0,1006.1
2017-09-01 20:00:00,18.0,94,7.3,0.0,1005.9
2017-09-01 21:00:00,17.5,96,7.5,0.0,1005.9
2017-09-01 22:00:00,16.9,97,6.4,0.0,1006.0
2017-09-01 23:00:00,16.6,97,7.7,0.0,1006.3
2017-09-02 00:00:00,16.1,97,7.1,0.0,1006.2
2017-09-02 01:00:00,15.6,98,7.2,0.0,1006.0
2017-09-02 02:00:00,15.1,99,7.1,0.0,1006.3
2017-09-02 03:00:00,14.7,99,7.2,0.0,1006.4
2017-09-02 04:00:00,14.6,98,8.0,0.0,1006.5
2017-09-02 05:00:00,14.3,97,8.7,0.0,1006.8
2017-09-02 06:00:00,14.9,96,8.8,21.0,1007.0
2017-09-02 07:00:00,16.6,92,8.3,143.0,1007.4
2017-09-02 08:00:00,18.2,87,8.1,316.0,1007.5
2017-09-02 09:00:00,20.7,79,7.1,499.0,1007.6
2017-09-02 10:00:00,22.6,70,5.2,645.0,1007.4
2017-09-02 11:00:00,24.0,64,3.3,745.0,1007.3
2017-09-02 12:00:00,25.0,59,1.8,789.0,1007.0
2017-09-02 13:00:00,25.7,55,1.4,774.0,1006.3
2017-09-02 14:00:00,26.2,52,0.7,706.0,1005.5
2017-09-02 15:00:00,26.5,50,1.8,583.0,1004.9
2017-09-02 16:00:00,26.5,50,1.4,421.0,1005.1
2017-09-02 17:00:00,26.3,50,2.1,240.0,1005.2
2017-09-02 18:00:00,23.4,74,7.4,77.0,1005.4
2017-09-02 19:00:00,21.4,79,8.4,2.0,1005.9
2017-09-02 20:00:00,20.4,79,7.9,0.0,1005.8
2017-09-02 21:00:00,19.4,79,8.1,0.0,1005.8
2017-09-02 22:00:00,18.1,82,7.7,0.0,1006.0
2017-09-02 23:00:00,17.4,83,8.4,0.0,1006.2
2017-09-03 00:00:00,16.8,83,8.4,0.0,1006.2
2017-09-03 01:00:00,16.0,86,7.8,0.0,1006.4
2017-09-03 02:00:00,15.6,90,7.1,0.0,1006.4
2017-09-03 03:00:00,15.1,93,7.4,0.0,1006.3
2017-09-03 04:00:00,15.1,95,8.9,0.0,1006.4
2017-09-03 05:00:00,15.1,96,8.9,0.0,1006.7
2017-09-03 06:00:00,15.9,94,7.0,19.0,1007.4
2017-09-03 07:00:00,18.1,90,7.1,140.0,1007.4
2017-09-03 08:00:00,20.3,85,6.3,311.0,1007.9
2017-09-03 09:00:00,22.3,83,5.8,421.0,1008.0
2017-09-03 10:00:00,23.9,77,6.1,575.0,1007.8
2017-09-03 11:00:00,25.2,70,7.5,644.0,1007.5
2017-09-03 12:00:00,26.4,58,11.3,652.0,1007.0
2017-09-03 13:00:00,26.5,55,12.7,499.0,1006.3
2017-09-03 14:00:00,27.1,52,12.6,626.0,1005.5
2017-09-03 15:00:00,27.4,48,12.4,450.0,1004.9
2017-09-03 16:00:00,26.9,51,11.2,314.0,1004.8
2017-09-03 17:00:00,25.7,63,10.4,207.0,1005.0
2017-09-03 18:00:00,23.3,75,8.4,69.0,1005.1
2017-09-03 19:00:00,21.9,78,9.2,1.0,1005.4
2017-09-03 20:00:00,21.1,79,9.6,0.0,1005.6
2017-09-03 21:00:00,20.6,81,10.1,0.0,1005.8
2017-09-03 22:00:00,20.1,84,11.5,0.0,1006.2
2017-09-03 23:00:00,19.8,84,11.9,0.0,1006.3
2017-09-04 00:00:00,19.6,85,12.6,0.0,1006.2
2017-09-04 01:00:00,19.4,86,13.0,0.0,1006.1
2017-09-04 02:00:00,19.1,86,13.7,0.0,1006.0
2017-09-04 03:00:00,18.9,87,15.2,0.0,1006.0
2017-09-04 04:00:00,18.6,89,14.4,0.0,1006.1
2017-09-04 05:00:00,18.5,90,15.5,0.0,1006.4
2017-09-04 06:00:00,19.0,90,15.9,17.0,1006.5
2017-09-04 07:00:00,20.5,86,15.5,103.0,1006.7
2017-09-04 08:00:00,22.1,79,20.3,218.0,1006.0
2017-09-04 09:00:00,23.8,72,22.7,388.0,1005.7
2017-09-04 10:00:00,25.2,67,24.0,520.0,1005.3
2017-09-04 11:00:00,26.5,60,24.3,685.0,1004.8
2017-09-04 12:00:00,27.3,57,23.8,690.0,1003.8
2017-09-04 13:00:00,27.4,55,29.5,662.0,1003.3
2017-09-04 14:00:00,26.0,59,22.2,426.0,1003.1
2017-09-04 15:00:00,26.6,54,24.0,409.0,1002.9
2017-09-04 16:00:00,25.5,63,22.4,322.0,1002.9
2017-09-04 17:00:00,24.5,71,24.2,197.0,1003.1
2017-09-04 18:00:00,23.3,75,21.4,60.0,1003.3
2017-09-04 19:00:00,22.4,79,19.1,1.0,1003.9
2017-09-04 20:00:00,21.8,82,18.7,0.0,1004.2
2017-09-04 21:00:00,21.4,84,20.6,0.0,1004.1
2017-09-04 22:00:00,21.3,84,21.7,0.0,1004.1
2017-09-04 23:00:00,21.5,84,21.5,0.0,1003.9
2017-09-05 00:00:00,21.1,82,20.8,0.0,1003.6
2017-09-05 01:00:00,20.6,83,19.7,0.0,1003.4
2017-09-05 02:00:00,20.2,83,19.7,0.0,1003.1
2017-09-05 03:00:00,20.0,83,20.0,0.0,1002.9
2017-09-05 04:00:00,19.8,84,20.0,0.0,1002.6
2017-09-05 05:00:00,19.7,86,19.2,0.0,1002.4
2017-09-05 06:00:00,20.5,83,20.4,12.0,1002.3
2017-09-05 07:00:00,21.7,79,20.7,88.0,1002.0
2017-09-05 08:00:00,22.4,80,18.4,119.0,1001.4
2017-09-05 09:00:00,22.4,82,23.7,159.0,1001.2
2017-09-05 10:00:00,21.8,88,14.8,149.0,1001.0
2017-09-05 11:00:00,21.7,87,21.7,210.0,1001.0
2017-09-05 12:00:00,22.3,87,21.9,231.0,999.7
2017-09-05 13:00:00,22.1,86,26.6,283.0,999.4
2017-09-05 14:00:00,21.8,88,26.5,140.0,999.0
2017-09-05 15:00:00,22.6,89,23.8,299.0,999.0
2017-09-05 16:00:00,21.6,89,19.8,220.0,998.9
2017-09-05 17:00:00,20.6,94,13.5,54.0,999.6
2017-09-05 18:00:00,20.6,92,14.8,24.0,999.8
2017-09-05 19:00:00,20.4,95,14.6,0.0,1000.0
2017-09-05 20:00:00,19.7,96,11.3,0.0,1000.8
2017-09-05 21:00:00,19.5,96,13.3,0.0,1001.0
2017-09-05 22:00:00,18.8,97,13.3,0.0,1001.0
2017-09-05 23:00:00,18.3,97,12.0,0.0,1000.8
2017-09-06 00:00:00,18.3,98,12.0,0.0,1000.7
2017-09-06 01:00:00,18.5,98,11.2,0.0,1000.6
2017-09-06 02:00:00,18.4,99,9.2,0.0,1000.3
2017-09-06 03:00:00,18.2,99,7.2,0.0,1000.2
2017-09-06 04:00:00,18.5,99,7.0,0.0,1000.1
2017-09-06 05:00:00,18.7,99,7.2,0.0,1000.1
2017-09-06 06:00:00,18.9,99,6.8,8.0,1000.4
2017-09-06 07:00:00,19.4,98,8.0,55.0,1000.6
2017-09-06 08:00:00,18.9,92,5.6,130.0,1000.7
2017-09-06 09:00:00,20.2,83,6.0,284.0,1000.4
2017-09-06 10:00:00,21.5,77,6.2,465.0,1000.1
2017-09-06 11:00:00,22.7,72,6.6,580.0,999.9
2017-09-06 12:00:00,23.7,66,5.9,624.0,999.3
2017-09-06 13:00:00,24.3,61,4.6,549.0,998.8
2017-09-06 14:00:00,24.8,56,4.6,583.0,998.2
2017-09-06 15:00:00,25.1,54,4.7,461.0,998.2
2017-09-06 16:00:00,25.0,54,4.4,332.0,997.9
2017-09-06 17:00:00,24.5,59,4.9,195.0,997.8
2017-09-06 18:00:00,22.2,77,7.2,56.0,998.0
2017-09-06 19:00:00,20.6,81,6.4,0.0,998.5
2017-09-06 20:00:00,19.8,78,7.6,0.0,999.0
2017-09-06 21:00:00,19.5,78,8.0,0.0,998.8
2017-09-06 22:00:00,18.5,83,8.4,0.0,998.9
2017-09-06 23:00:00,17.7,89,8.5,0.0,998.9
2017-09-07 00:00:00,17.2,91,8.3,0.0,998.7
2017-09-07 01:00:00,16.9,91,8.7,0.0,998.6
2017-09-07 02:00:00,16.6,91,9.1,0.0,998.4
2017-09-07 03:00:00,16.4,91,9.5,0.0,998.3
2017-09-07 04:00:00,16.1,92,9.1,0.0,998.5
2017-09-07 05:00:00,15.8,92,8.9,0.0,998.8
2017-09-07 06:00:00,16.3,89,7.8,16.0,999.1
2017-09-07 07:00:00,18.5,81,6.7,134.0,999.7
2017-09-07 08:00:00,20.5,73,6.8,308.0,1000.1
2017-09-07 09:00:00,22.6,65,8.1,481.0,999.9
2017-09-07 10:00:00,24.4,57,10.2,626.0,999.9
2017-09-07 11:00:00,25.8,54,11.8,725.0,999.4
2017-09-07 12:00:00,26.8,52,12.5,769.0,998.8
2017-09-07 13:00:00,27.7,50,13.4,754.0,998.3
2017-09-07 14:00:00,28.2,46,13.7,681.0,997.8
2017-09-07 15:00:00,28.3,45,13.7,556.0,997.6
2017-09-07 16:00:00,27.9,49,11.5,393.0,997.4
2017-09-07 17:00:00,26.3,62,11.2,214.0,997.5
2017-09-07 18:00:00,23.6,72,12.6,60.0,997.5
2017-09-07 19:00:00,22.2,73,14.2,0.0,998.1
2017-09-07 20:00:00,21.5,69,15.9,0.0,998.8
2017-09-07 21:00:00,21.0,72,18.0,0.0,999.1
2017-09-07 22:00:00,20.5,75,17.4,0.0,999.3
2017-09-07 23:00:00,20.2,82,16.9,0.0,999.5
2017-09-08 00:00:00,20.3,86,17.2,0.0,999.8
2017-09-08 01:00:00,20.4,85,17.6,0.0,999.7
2017-09-08 02:00:00,20.3,83,17.2,0.0,999.9
2017-09-08 03:00:00,20.0,82,15.7,0.0,1000.3
2017-09-08 04:00:00,19.7,84,14.4,0.0,1000.9
2017-09-08 05:00:00,19.6,85,14.1,0.0,1000.8
2017-09-08 06:00:00,19.7,85,10.8,14.0,1001.5
2017-09-08 07:00:00,21.0,81,11.7,65.0,1001.6
2017-09-08 08:00:00,22.0,77,12.3,99.0,1001.9
2017-09-08 09:00:00,22.6,80,10.6,147.0,1002.2
2017-09-08 10:00:00,22.1,87,6.2,146.0,1002.6
2017-09-08 11:00:00,22.3,86,7.4,176.0,1002.8
2017-09-08 12:00:00,22.7,84,11.8,207.0,1003.0
2017-09-08 13:00:00,22.6,80,11.6,213.0,1003.1
2017-09-08 14:00:00,22.6,75,15.7,286.0,1002.8
2017-09-08 15:00:00,22.3,71,16.3,297.0,1002.8
2017-09-08 16:00:00,22.2,71,15.8,276.0,1003.0
2017-09-08 17:00:00,21.5,72,13.8,153.0,1003.0
2017-09-08 18:00:00,20.2,78,10.5,49.0,1002.9
2017-09-08 19:00:00,19.2,81,10.9,0.0,1003.6
2017-09-08 20:00:00,18.6,81,10.8,0.0,1004.5
2017-09-08 21:00:00,18.2,81,10.8,0.0,1004.8
2017-09-08 22:00:00,17.7,81,11.2,0.0,1004.9
2017-09-08 23:00:00,17.4,79,10.6,0.0,1005.0
2017-09-09 00:00:00,17.0,81,9.2,0.0,1005.0
2017-09-09 01:00:00,16.7,86,7.9,0.0,1004.3
2017-09-09 02:00:00,16.3,88,9.7,0.0,1004.8
2017-09-09 03:00:00,16.0,86,9.9,0.0,1005.0
2017-09-09 04:00:00,15.7,82,10.9,0.0,1005.1
2017-09-09 05:00:00,15.0,82,9.6,0.0,1004.9
2017-09-09 06:00:00,15.3,83,7.1,14.0,1005.0
2017-09-09 07:00:00,16.6,78,8.4,127.0,1005.5
2017-09-09 08:00:00,17.8,71,12.3,293.0,1006.7
2017-09-09 09:00:00,19.5,70,9.2,448.0,1006.2
2017-09-09 10:00:00,21.4,71,5.2,613.0,1005.9
2017-09-09 11:00:00,22.7,70,2.3,701.0,1005.7
2017-09-09 12:00:00,23.7,67,4.3,742.0,1005.4
2017-09-09 13:00:00,24.3,62,4.3,718.0,1005.3
2017-09-09 14:00:00,24.7,60,3.8,621.0,1004.8
2017-09-09 15:00:00,24.9,59,4.2,520.0,1004.3
2017-09-09 16:00:00,24.8,60,4.1,364.0,1004.0
2017-09-09 17:00:00,24.3,63,5.1,189.0,1004.3
2017-09-09 18:00:00,22.3,78,7.9,49.0,1004.5
2017-09-09 19:00:00,20.9,81,11.3,0.0,1004.7
2017-09-09 20:00:00,20.1,82,8.2,0.0,1005.0
2017-09-09 21:00:00,19.7,84,7.9,0.0,1005.0
2017-09-09 22:00:00,19.3,86,7.3,0.0,1005.0
2017-09-09 23:00:00,19.0,88,7.9,0.0,1005.3
2017-09-10 00:00:00,18.8,90,8.2,0.0,1005.0
2017-09-10 01:00:00,18.5,92,7.7,0.0,1005.1
2017-09-10 02:00:00,18.4,92,8.4,0.0,1004.5
2017-09-10 03:00:00,18.6,92,9.7,0.0,1004.4
2017-09-10 04:00:00,18.7,93,10.1,0.0,1004.3
2017-09-10 05:00:00,18.9,92,11.3,0.0,1004.5
2017-09-10 06:00:00,19.4,92,10.8,12.0,1004.6
2017-09-10 07:00:00,21.1,89,11.9,106.0,1004.8
2017-09-10 08:00:00,22.7,85,15.1,221.0,1004.7
2017-09-10 09:00:00,24.0,81,17.3,318.0,1004.5
2017-09-10 10:00:00,26.1,70,25.5,446.0,1003.8
2017-09-10 11:00:00,27.0,65,26.4,530.0,1003.5
2017-09-10 12:00:00,27.2,64,25.6,525.0,1003.4
2017-09-10 13:00:00,26.5,66,22.6,335.0,1003.4
2017-09-10 14:00:00,25.6,69,20.9,243.0,1003.2
2017-09-10 15:00:00,25.7,70,16.0,184.0,1002.6
2017-09-10 16:00:00,25.7,68,16.9,158.0,1002.4
2017-09-10 17:00:00,24.8,68,15.9,86.0,1002.6
2017-09-10 18:00:00,23.7,73,15.5,21.0,1002.4
2017-09-10 19:00:00,22.7,77,15.5,0.0,1002.4
2017-09-10 20:00:00,19.1,90,7.0,0.0,1003.7
2017-09-10 21:00:00,19.7,87,9.0,0.0,1003.0
2017-09-10 22:00:00,19.6,84,13.6,0.0,1003.3
2017-09-10 23:00:00,19.3,87,10.7,0.0,1003.0
2017-09-11 00:00:00,19.5,88,9.4,0.0,1002.9
2017-09-11 01:00:00,19.5,90,6.6,0.0,1003.2
2017-09-11 02:00:00,18.6,94,5.9,0.0,1002.8
2017-09-11 03:00:00,18.2,95,7.1,0.0,1002.6
2017-09-11 04:00:00,18.4,94,5.0,0.0,1002.6
2017-09-11 05:00:00,18.2,96,3.9,0.0,1002.7
2017-09-11 06:00:00,18.6,93,13.6,3.0,1003.3
2017-09-11 07:00:00,18.8,85,14.8,73.0,1003.8
2017-09-11 08:00:00,19.1,73,20.1,242.0,1003.9
2017-09-11 09:00:00,20.2,60,20.8,418.0,1004.1
2017-09-11 10:00:00,20.9,53,22.6,603.0,1004.6
2017-09-11 11:00:00,21.5,51,20.9,710.0,1004.6
2017-09-11 12:00:00,22.0,49,18.8,757.0,1004.2
2017-09-11 13:00:00,22.4,44,17.3,744.0,1003.7
2017-09-11 14:00:00,22.3,39,17.2,674.0,1003.4
2017-09-11 15:00:00,22.1,36,16.9,551.0,1003.3
2017-09-11 16:00:00,21.6,37,13.8,386.0,1003.6
2017-09-11 17:00:00,20.5,49,9.2,203.0,1004.0
2017-09-11 18:00:00,17.7,65,8.6,48.0,1004.3
2017-09-11 19:00:00,16.5,72,6.8,0.0,1005.0
2017-09-11 20:00:00,16.6,65,5.4,0.0,1005.4
2017-09-11 21:00:00,16.1,65,4.6,0.0,1005.3
2017-09-11 22:00:00,14.7,74,8.1,0.0,1005.5
2017-09-11 23:00:00,13.6,79,8.1,0.0,1005.8
2017-09-12 00:00:00,12.9,82,6.9,0.0,1005.8
2017-09-12 01:00:00,12.6,82,7.2,0.0,1005.8
2017-09-12 02:00:00,12.4,81,8.2,0.0,1006.0
2017-09-12 03:00:00,12.0,81,8.6,0.0,1006.5
2017-09-12 04:00:00,11.7,82,8.4,0.0,1006.5
2017-09-12 05:00:00,11.8,80,8.6,0.0,1006.9
2017-09-12 06:00:00,12.2,76,8.4,12.0,1007.6
2017-09-12 07:00:00,13.9,66,6.2,126.0,1008.3
2017-09-12 08:00:00,15.4,60,8.2,303.0,1008.7
2017-09-12 09:00:00,17.2,50,11.0,478.0,1008.9
2017-09-12 10:00:00,18.7,44,13.7,625.0,1009.2
2017-09-12 11:00:00,19.7,43,13.2,726.0,1009.6
2017-09-12 12:00:00,20.4,43,13.6,767.0,1009.6
2017-09-12 13:00:00,20.9,43,15.3,741.0,1009.4
2017-09-12 14:00:00,20.8,43,18.6,663.0,1009.2
2017-09-12 15:00:00,20.8,42,19.2,498.0,1009.3
2017-09-12 16:00:00,19.9,47,16.3,231.0,1009.6
2017-09-12 17:00:00,19.2,56,8.0,117.0,1009.9
2017-09-12 18:00:00,16.8,65,10.1,44.0,1010.4
2017-09-12 19:00:00,15.7,69,9.0,0.0,1010.9
2017-09-12 20:00:00,14.8,73,8.4,0.0,1011.5
2017-09-12 21:00:00,14.0,77,7.6,0.0,1011.8
2017-09-12 22:00:00,13.5,79,5.8,0.0,1011.9
2017-09-12 23:00:00,13.1,81,6.0,0.0,1012.1
2017-09-13 00:00:00,12.5,84,6.9,0.0,1012.6
2017-09-13 01:00:00,11.9,87,5.4,0.0,1012.8
2017-09-13 02:00:00,11.4,90,6.0,0.0,1013.0
2017-09-13 03:00:00,11.0,91,5.6,0.0,1013.2
2017-09-13 04:00:00,12.1,82,0.7,0.0,1013.3
2017-09-13 05:00:00,10.6,91,5.9,0.0,1013.7
2017-09-13 06:00:00,10.9,90,5.9,11.0,1014.1
2017-09-13 07:00:00,13.4,79,3.6,120.0,1014.3
2017-09-13 08:00:00,15.8,69,5.9,293.0,1014.9
2017-09-13 09:00:00,17.7,62,6.8,467.0,1014.7
2017-09-13 10:00:00,19.3,57,8.0,611.0,1014.6
2017-09-13 11:00:00,20.7,51,7.6,709.0,1014.0
2017-09-13 12:00:00,21.7,46,7.1,751.0,1013.5
2017-09-13 13:00:00,22.4,43,7.2,733.0,1013.2
2017-09-13 14:00:00,22.8,41,7.6,656.0,1012.6
2017-09-13 15:00:00,22.9,41,8.4,528.0,1012.4
2017-09-13 16:00:00,22.5,43,7.0,364.0,1012.4
2017-09-13 17:00:00,21.8,53,4.4,186.0,1012.2
2017-09-13 18:00:00,19.6,63,5.1,41.0,1012.0
2017-09-13 19:00:00,18.8,64,5.2,0.0,1012.4
2017-09-13 20:00:00,18.9,62,4.7,0.0,1013.0
2017-09-13 21:00:00,16.3,76,7.6,0.0,1012.8
2017-09-13 22:00:00,15.5,79,8.9,0.0,1012.8
2017-09-13 23:00:00,14.6,82,8.5,0.0,1012.9
2017-09-14 00:00:00,14.0,82,7.9,0.0,1012.9
2017-09-14 01:00:00,13.3,85,6.9,0.0,1013.3
2017-09-14 02:00:00,13.0,85,8.2,0.0,1013.4
2017-09-14 03:00:00,12.7,85,8.6,0.0,1013.3
2017-09-14 04:00:00,12.5,85,8.8,0.0,1013.2
2017-09-14 05:00:00,12.6,85,8.6,0.0,1013.4
2017-09-14 06:00:00,13.0,84,7.9,10.0,1013.7
2017-09-14 07:00:00,14.8,76,7.6,87.0,1014.0
2017-09-14 08:00:00,17.1,69,10.1,233.0,1014.1
2017-09-14 09:00:00,20.1,62,9.4,407.0,1014.1
2017-09-14 10:00:00,22.5,55,8.8,545.0,1014.0
2017-09-14 11:00:00,23.7,48,10.8,630.0,1013.8
2017-09-14 12:00:00,24.6,39,12.1,654.0,1013.3
2017-09-14 13:00:00,24.7,35,13.0,485.0,1012.8
2017-09-14 14:00:00,24.9,35,13.6,478.0,1012.5
2017-09-14 15:00:00,24.7,38,11.3,349.0,1012.5
2017-09-14 16:00:00,24.1,48,7.7,202.0,1012.5
2017-09-14 17:00:00,22.8,59,7.9,83.0,1012.6
2017-09-14 18:00:00,21.0,67,8.5,23.0,1012.5
2017-09-14 19:00:00,19.9,66,11.4,0.0,1012.9
2017-09-14 20:00:00,19.2,69,9.7,0.0,1013.3
2017-09-14 21:00:00,18.4,69,9.4,0.0,1013.2
2017-09-14 22:00:00,17.7,72,9.0,0.0,1013.2
2017-09-14 23:00:00,16.8,78,8.7,0.0,1013.3
2017-09-15 00:00:00,16.9,83,8.7,0.0,1012.8
2017-09-15 01:00:00,17.1,87,8.4,0.0,1012.8
2017-09-15 02:00:00,16.9,92,7.8,0.0,1012.7
2017-09-15 03:00:00,16.7,94,6.6,0.0,1012.5
2017-09-15 04:00:00,16.7,89,7.9,0.0,1012.3
2017-09-15 05:00:00,17.0,84,7.2,0.0,1012.5
2017-09-15 06:00:00,17.6,81,6.4,4.0,1012.6
2017-09-15 07:00:00,18.7,77,7.1,33.0,1013.0
2017-09-15 08:00:00,20.5,67,10.9,116.0,1013.2
2017-09-15 09:00:00,22.6,59,12.1,355.0,1012.9
2017-09-15 10:00:00,23.9,53,13.7,457.0,1012.5
2017-09-15 11:00:00,25.2,47,14.6,586.0,1012.2
2017-09-15 12:00:00,25.9,46,15.6,608.0,1011.4
2017-09-15 13:00:00,26.0,46,16.3,462.0,1011.1
2017-09-15 14:00:00,26.5,46,18.1,518.0,1010.6
2017-09-15 15:00:00,26.1,48,18.9,385.0,1010.4
2017-09-15 16:00:00,25.0,53,16.5,213.0,1010.2
2017-09-15 17:00:00,23.0,58,17.0,96.0,1010.4
2017-09-15 18:00:00,21.5,63,16.2,25.0,1009.9
2017-09-15 19:00:00,20.9,66,16.5,0.0,1009.7
2017-09-15 20:00:00,20.2,70,14.8,0.0,1009.8
2017-09-15 21:00:00,19.3,73,14.8,0.0,1009.7
2017-09-15 22:00:00,18.8,74,15.8,0.0,1009.4
2017-09-15 23:00:00,18.4,75,15.5,0.0,1009.6
2017-09-16 00:00:00,18.0,77,15.2,0.0,1009.5
2017-09-16 01:00:00,17.6,78,14.8,0.0,1009.4
2017-09-16 02:00:00,17.2,79,13.7,0.0,1009.1
2017-09-16 03:00:00,16.9,79,13.7,0.0,1008.8
2017-09-16 04:00:00,16.6,78,13.3,0.0,1008.5
2017-09-16 05:00:00,16.4,78,14.0,0.0,1008.5
2017-09-16 06:00:00,16.7,77,14.4,9.0,1008.4
2017-09-16 07:00:00,18.6,72,13.3,108.0,1008.6
2017-09-16 08:00:00,20.8,69,19.2,273.0,1008.1
2017-09-16 09:00:00,22.5,64,20.5,442.0,1008.0
2017-09-16 10:00:00,24.2,56,22.7,582.0,1007.7
2017-09-16 11:00:00,25.4,51,24.5,679.0,1007.1
2017-09-16 12:00:00,26.1,49,24.2,726.0,1006.4
2017-09-16 13:00:00,26.3,49,22.6,605.0,1005.3
2017-09-16 14:00:00,26.8,47,21.7,550.0,1004.2
2017-09-16 15:00:00,26.5,48,21.2,426.0,1003.9
2017-09-16 16:00:00,25.8,55,18.5,278.0,1003.8
2017-09-16 17:00:00,24.1,63,17.6,114.0,1004.2
2017-09-16 18:00:00,22.5,70,13.8,21.0,1004.0
2017-09-16 19:00:00,21.5,74,13.3,0.0,1004.3
2017-09-16 20:00:00,20.8,78,12.6,0.0,1004.2
2017-09-16 21:00:00,20.5,78,17.4,0.0,1004.1
2017-09-16 22:00:00,19.4,83,16.1,0.0,1004.5
2017-09-16 23:00:00,18.8,89,11.7,0.0,1004.6
2017-09-17 00:00:00,18.2,92,12.7,0.0,1004.2
2017-09-17 01:00:00,18.0,93,11.6,0.0,1004.2
2017-09-17 02:00:00,18.4,92,12.3,0.0,1004.3
2017-09-17 03:00:00,18.3,93,11.5,0.0,1004.3
2017-09-17 04:00:00,18.6,93,8.0,0.0,1004.5
2017-09-17 05:00:00,16.3,92,8.9,0.0,1004.9
2017-09-17 06:00:00,15.0,86,7.3,8.0,1005.1
2017-09-17 07:00:00,16.4,74,2.9,111.0,1005.1
2017-09-17 08:00:00,18.3,68,4.3,284.0,1004.5
2017-09-17 09:00:00,20.0,62,6.8,451.0,1004.2
2017-09-17 10:00:00,21.4,56,8.9,594.0,1004.0
2017-09-17 11:00:00,22.4,52,12.1,690.0,1003.6
2017-09-17 12:00:00,23.1,44,15.3,730.0,1003.1
2017-09-17 13:00:00,23.5,42,14.4,709.0,1002.6
2017-09-17 14:00:00,23.7,43,15.2,635.0,1002.0
2017-09-17 15:00:00,23.8,41,14.2,504.0,1001.4
2017-09-17 16:00:00,23.7,41,10.0,340.0,1000.9
2017-09-17 17:00:00,22.2,60,6.0,166.0,1000.4
2017-09-17 18:00:00,19.2,72,8.2,30.0,1000.2
2017-09-17 19:00:00,17.8,78,6.8,0.0,1000.5
2017-09-17 20:00:00,17.2,80,6.9,0.0,1000.6
2017-09-17 21:00:00,18.6,67,3.0,0.0,1000.2
2017-09-17 22:00:00,16.0,81,8.6,0.0,999.9
2017-09-17 23:00:00,15.1,83,9.0,0.0,999.8
2017-09-18 00:00:00,14.9,81,10.5,0.0,999.9
2017-09-18 01:00:00,14.8,82,11.1,0.0,999.5
2017-09-18 02:00:00,14.6,84,10.4,0.0,999.2
2017-09-18 03:00:00,14.4,89,10.2,0.0,999.0
2017-09-18 04:00:00,14.4,92,9.7,0.0,998.6
2017-09-18 05:00:00,14.4,89,9.8,0.0,998.5
2017-09-18 06:00:00,14.8,84,10.1,7.0,998.2
2017-09-18 07:00:00,17.2,77,8.8,106.0,998.5
2017-09-18 08:00:00,19.4,74,12.3,273.0,998.4
2017-09-18 09:00:00,21.3,74,14.7,442.0,998.0
2017-09-18 10:00:00,23.3,68,15.1,583.0,997.8
2017-09-18 11:00:00,24.9,62,15.9,679.0,997.1
2017-09-18 12:00:00,26.3,53,17.6,719.0,996.7
2017-09-18 13:00:00,26.9,43,19.5,702.0,996.0
2017-09-18 14:00:00,27.0,41,19.2,629.0,995.5
2017-09-18 15:00:00,27.0,42,16.8,502.0,995.2
2017-09-18 16:00:00,26.2,51,12.7,337.0,995.1
2017-09-18 17:00:00,24.0,59,14.5,162.0,995.3
2017-09-18 18:00:00,21.6,67,16.0,28.0,995.2
2017-09-18 19:00:00,20.5,73,17.9,0.0,995.4
2017-09-18 20:00:00,20.2,76,18.4,0.0,995.8
2017-09-18 21:00:00,20.0,80,19.3,0.0,995.2
2017-09-18 22:00:00,20.1,77,20.0,0.0,995.5
2017-09-18 23:00:00,19.9,69,21.1,0.0,995.3
2017-09-19 00:00:00,19.5,64,21.6,0.0,995.3
2017-09-19 01:00:00,19.3,64,22.8,0.0,995.0
2017-09-19 02:00:00,19.1,67,22.4,0.0,995.2
2017-09-19 03:00:00,18.9,84,18.5,0.0,995.8
2017-09-19 04:00:00,17.8,72,14.3,0.0,996.7
2017-09-19 05:00:00,16.1,68,11.2,0.0,997.3
2017-09-19 06:00:00,15.8,70,9.7,7.0,998.2
2017-09-19 07:00:00,17.2,63,8.2,104.0,998.9
2017-09-19 08:00:00,19.3,55,8.7,276.0,999.0
2017-09-19 09:00:00,20.5,44,10.8,452.0,999.2
2017-09-19 10:00:00,21.1,39,13.0,596.0,999.5
2017-09-19 11:00:00,21.5,38,13.0,692.0,999.4
2017-09-19 12:00:00,21.8,37,15.1,728.0,999.2
2017-09-19 13:00:00,21.1,37,21.9,544.0,999.6
2017-09-19 14:00:00,18.3,47,23.5,332.0,1000.3
2017-09-19 15:00:00,17.6,52,4.1,119.0,1000.4
2017-09-19 16:00:00,17.7,43,17.4,249.0,1000.8
2017-09-19 17:00:00,16.7,50,13.8,126.0,1001.4
2017-09-19 18:00:00,15.2,64,8.0,23.0,1001.0
2017-09-19 19:00:00,15.0,56,14.0,0.0,1002.1
2017-09-19 20:00:00,15.7,56,13.6,0.0,1003.0
2017-09-19 21:00:00,16.0,59,13.4,0.0,1003.4
2017-09-19 22:00:00,15.1,67,11.2,0.0,1004.0
2017-09-19 23:00:00,14.0,74,9.5,0.0,1004.6
2017-09-20 00:00:00,13.2,79,8.4,0.0,1005.1
2017-09-20 01:00:00,12.9,80,9.2,0.0,1005.1
2017-09-20 02:00:00,13.1,82,7.9,0.0,1005.1
2017-09-20 03:00:00,12.8,85,6.6,0.0,1005.4
2017-09-20 04:00:00,12.4,88,5.7,0.0,1005.6
2017-09-20 05:00:00,12.1,89,6.1,0.0,1006.0
2017-09-20 06:00:00,12.5,88,5.4,6.0,1006.4
2017-09-20 07:00:00,14.2,79,4.0,95.0,1007.1
2017-09-20 08:00:00,15.0,77,3.3,245.0,1007.8
2017-09-20 09:00:00,16.5,71,1.5,420.0,1007.7
2017-09-20 10:00:00,18.0,67,2.8,574.0,1007.9
2017-09-20 11:00:00,19.4,63,5.4,672.0,1007.6
2017-09-20 12:00:00,20.6,60,7.0,713.0,1007.5
2017-09-20 13:00:00,21.4,58,7.8,684.0,1007.1
2017-09-20 14:00:00,21.9,55,7.9,595.0,1006.6
2017-09-20 15:00:00,22.0,54,8.0,486.0,1006.4
2017-09-20 16:00:00,21.7,54,7.0,316.0,1006.1
2017-09-20 17:00:00,20.8,64,5.4,145.0,1006.1
2017-09-20 18:00:00,18.3,77,7.0,23.0,1005.8
2017-09-20 19:00:00,17.6,76,8.4,0.0,1006.1
2017-09-20 20:00:00,16.7,79,9.6,0.0,1006.5
2017-09-20 21:00:00,16.5,78,9.4,0.0,1006.0
2017-09-20 22:00:00,15.7,80,9.7,0.0,1006.1
2017-09-20 23:00:00,15.1,83,10.4,0.0,1006.4
2017-09-21 00:00:00,14.5,85,10.1,0.0,1006.3
2017-09-21 01:00:00,14.0,88,9.8,0.0,1006.2
2017-09-21 02:00:00,13.6,89,9.4,0.0,1006.0
2017-09-21 03:00:00,13.2,92,9.5,0.0,1005.8
2017-09-21 04:00:00,13.0,91,10.7,0.0,1005.6
2017-09-21 05:00:00,13.0,87,11.5,0.0,1005.3
2017-09-21 06:00:00,13.4,85,11.8,6.0,1005.2
2017-09-21 07:00:00,15.5,78,12.9,99.0,1005.0
2017-09-21 08:00:00,18.4,69,17.3,265.0,1004.8
2017-09-21 09:00:00,20.8,60,19.1,435.0,1005.0
2017-09-21 10:00:00,22.5,52,20.6,576.0,1004.7
2017-09-21 11:00:00,23.9,48,22.7,669.0,1004.2
2017-09-21 12:00:00,25.0,43,25.2,707.0,1003.4
2017-09-21 13:00:00,25.6,41,26.1,684.0,1002.5
2017-09-21 14:00:00,26.0,40,26.1,605.0,1001.8
2017-09-21 15:00:00,26.0,41,25.4,477.0,1001.1
2017-09-21 16:00:00,25.1,47,20.8,314.0,1000.6
2017-09-21 17:00:00,23.2,54,19.5,144.0,1000.5
2017-09-21 18:00:00,21.4,59,23.2,21.0,1000.6
2017-09-21 19:00:00,20.8,64,25.6,0.0,1001.1
2017-09-21 20:00:00,20.1,67,25.2,0.0,1001.0
2017-09-21 21:00:00,19.3,70,24.5,0.0,1001.2
2017-09-21 22:00:00,18.8,72,24.1,0.0,1001.1
2017-09-21 23:00:00,18.5,76,23.4,0.0,1001.0
2017-09-22 00:00:00,18.3,77,23.4,0.0,1000.7
2017-09-22 01:00:00,18.3,78,23.8,0.0,1000.5
2017-09-22 02:00:00,18.2,79,22.7,0.0,1000.4
2017-09-22 03:00:00,18.1,80,21.3,0.0,1000.1
2017-09-22 04:00:00,18.0,82,21.6,0.0,1000.0
2017-09-22 05:00:00,18.1,84,23.1,0.0,999.7
2017-09-22 06:00:00,18.7,82,25.2,5.0,999.3
2017-09-22 07:00:00,20.0,80,23.8,85.0,999.5
2017-09-22 08:00:00,20.7,80,17.5,209.0,1000.6
2017-09-22 09:00:00,18.7,88,18.6,67.0,1001.2
2017-09-22 10:00:00,19.0,88,24.1,47.0,999.5
2017-09-22 11:00:00,20.2,82,24.5,271.0,999.2
2017-09-22 12:00:00,19.4,82,28.0,296.0,999.6
2017-09-22 13:00:00,17.8,91,19.9,73.0,999.0
2017-09-22 14:00:00,16.9,92,18.2,87.0,999.1
2017-09-22 15:00:00,17.4,87,18.4,92.0,999.0
2017-09-22 16:00:00,18.1,85,16.5,178.0,999.3
2017-09-22 17:00:00,17.5,91,13.1,123.0,999.9
2017-09-22 18:00:00,16.1,95,12.4,18.0,1000.7
2017-09-22 19:00:00,15.7,95,12.1,0.0,1001.4
2017-09-22 20:00:00,15.1,95,12.7,0.0,1002.9
2017-09-22 21:00:00,14.6,96,13.0,0.0,1003.0
2017-09-22 22:00:00,14.0,95,13.0,0.0,1003.7
2017-09-22 23:00:00,13.7,93,13.5,0.0,1004.3
2017-09-23 00:00:00,13.1,92,12.0,0.0,1004.2
2017-09-23 01:00:00,12.3,92,10.8,0.0,1004.4
2017-09-23 02:00:00,11.8,91,11.0,0.0,1004.3
2017-09-23 03:00:00,11.6,89,11.0,0.0,1004.3
2017-09-23 04:00:00,11.6,88,12.1,0.0,1004.7
2017-09-23 05:00:00,11.8,84,12.7,0.0,1005.1
2017-09-23 06:00:00,12.5,76,14.1,5.0,1005.5
2017-09-23 07:00:00,14.8,68,15.1,95.0,1005.7
2017-09-23 08:00:00,17.4,66,17.9,258.0,1006.2
2017-09-23 09:00:00,20.0,59,21.3,427.0,1006.2
2017-09-23 10:00:00,22.3,52,24.4,572.0,1006.0
2017-09-23 11:00:00,24.0,44,26.9,667.0,1005.4
2017-09-23 12:00:00,24.9,40,29.3,705.0,1005.0
2017-09-23 13:00:00,25.3,38,30.1,683.0,1004.5
2017-09-23 14:00:00,25.4,34,30.1,604.0,1003.9
2017-09-23 15:00:00,24.8,39,27.3,476.0,1003.6
2017-09-23 16:00:00,23.6,46,26.0,311.0,1003.2
2017-09-23 17:00:00,21.8,47,22.7,139.0,1003.1
2017-09-23 18:00:00,20.1,50,21.5,18.0,1003.1
2017-09-23 19:00:00,18.9,57,19.5,0.0,1003.5
2017-09-23 20:00:00,18.5,72,19.5,0.0,1003.5
2017-09-23 21:00:00,18.7,75,23.3,0.0,1003.3
2017-09-23 22:00:00,18.2,72,23.5,0.0,1003.0
2017-09-23 23:00:00,17.6,73,22.7,0.0,1002.8
2017-09-24 00:00:00,17.2,72,21.7,0.0,1002.6
2017-09-24 01:00:00,17.2,69,23.2,0.0,1002.3
2017-09-24 02:00:00,17.2,65,23.7,0.0,1002.0
2017-09-24 03:00:00,17.2,63,23.2,0.0,1002.1
2017-09-24 04:00:00,17.2,63,21.9,0.0,1002.2
2017-09-24 05:00:00,17.6,64,21.1,0.0,1002.5
2017-09-24 06:00:00,17.4,68,21.0,4.0,1002.9
2017-09-24 07:00:00,17.8,78,17.9,61.0,1003.2
2017-09-24 08:00:00,20.0,71,15.5,182.0,1003.8
2017-09-24 09:00:00,20.1,73,19.1,296.0,1004.8
2017-09-24 10:00:00,21.4,74,17.1,394.0,1005.2
2017-09-24 11:00:00,23.0,65,9.5,495.0,1005.1
2017-09-24 12:00:00,23.8,51,15.7,633.0,1004.9
2017-09-24 13:00:00,23.7,42,17.1,669.0,1005.1
2017-09-24 14:00:00,23.5,42,13.8,603.0,1005.1
2017-09-24 15:00:00,23.3,43,11.9,477.0,1005.4
2017-09-24 16:00:00,22.5,48,10.9,311.0,1005.7
2017-09-24 17:00:00,20.0,62,10.1,137.0,1006.2
2017-09-24 18:00:00,17.3,69,10.5,16.0,1006.6
2017-09-24 19:00:00,16.0,72,10.8,0.0,1007.0
2017-09-24 20:00:00,15.0,78,8.9,0.0,1007.5
2017-09-24 21:00:00,13.8,81,8.7,0.0,1008.1
2017-09-24 22:00:00,13.2,83,9.5,0.0,1008.6
2017-09-24 23:00:00,12.7,84,9.4,0.0,1008.8
2017-09-25 00:00:00,12.3,86,9.3,0.0,1008.8
2017-09-25 01:00:00,12.2,87,9.5,0.0,1009.0
2017-09-25 02:00:00,11.7,92,8.4,0.0,1008.6
2017-09-25 03:00:00,11.6,98,8.2,0.0,1008.3
2017-09-25 04:00:00,11.9,100,7.5,0.0,1008.1
2017-09-25 05:00:00,12.5,100,7.8,0.0,1008.1
2017-09-25 06:00:00,13.9,100,7.4,3.0,1008.3
2017-09-25 07:00:00,15.6,97,8.9,56.0,1008.4
2017-09-25 08:00:00,17.0,89,9.2,199.0,1008.8
2017-09-25 09:00:00,20.0,80,11.8,408.0,1008.5
2017-09-25 10:00:00,21.9,68,13.4,549.0,1008.1
2017-09-25 11:00:00,23.1,59,13.3,639.0,1007.3
2017-09-25 12:00:00,24.1,54,12.6,683.0,1006.6
2017-09-25 13:00:00,24.7,53,15.2,661.0,1005.8
2017-09-25 14:00:00,25.1,56,15.8,583.0,1005.1
2017-09-25 15:00:00,25.4,56,15.5,416.0,1004.9
2017-09-25 16:00:00,24.7,63,14.8,219.0,1004.7
2017-09-25 17:00:00,23.2,72,17.4,73.0,1004.8
2017-09-25 18:00:00,21.6,78,16.8,8.0,1004.9
2017-09-25 19:00:00,21.0,77,17.6,0.0,1005.3
2017-09-25 20:00:00,20.4,80,18.8,0.0,1005.1
2017-09-25 21:00:00,19.9,82,18.1,0.0,1004.8
2017-09-25 22:00:00,19.5,84,16.3,0.0,1004.6
2017-09-25 23:00:00,19.5,84,15.0,0.0,1004.7
2017-09-26 00:00:00,19.4,85,15.4,0.0,1004.5
2017-09-26 01:00:00,18.7,87,15.6,0.0,1004.3
2017-09-26 02:00:00,18.1,88,15.0,0.0,1004.2
2017-09-26 03:00:00,18.0,87,14.8,0.0,1004.3
2017-09-26 04:00:00,17.4,89,13.7,0.0,1004.4
2017-09-26 05:00:00,17.1,89,14.0,0.0,1004.5
2017-09-26 06:00:00,17.3,87,12.9,3.0,1004.8
2017-09-26 07:00:00,18.6,82,13.2,74.0,1005.3
2017-09-26 08:00:00,19.2,79,16.6,87.0,1005.3
2017-09-26 09:00:00,19.2,84,15.3,90.0,1005.6
2017-09-26 10:00:00,19.1,89,12.8,96.0,1005.6
2017-09-26 11:00:00,20.7,89,14.0,219.0,1005.9
2017-09-26 12:00:00,19.4,71,23.7,132.0,1006.3
2017-09-26 13:00:00,18.1,52,30.0,233.0,1007.0
2017-09-26 14:00:00,16.1,62,25.8,190.0,1007.6
2017-09-26 15:00:00,15.1,61,23.0,136.0,1008.8
2017-09-26 16:00:00,14.1,62,18.8,73.0,1009.3
2017-09-26 17:00:00,13.5,63,14.7,38.0,1010.0
2017-09-26 18:00:00,12.8,63,14.7,3.0,1010.1
2017-09-26 19:00:00,12.2,63,12.4,0.0,1010.4
2017-09-26 20:00:00,11.1,79,5.2,0.0,1010.8
2017-09-26 21:00:00,10.9,83,5.4,0.0,1010.9
2017-09-26 22:00:00,9.6,91,6.6,0.0,1010.9
2017-09-26 23:00:00,8.6,94,7.3,0.0,1010.9
2017-09-27 00:00:00,8.4,93,7.7,0.0,1010.6
2017-09-27 01:00:00,8.3,91,7.6,0.0,1010.4
2017-09-27 02:00:00,8.0,91,7.9,0.0,1010.2
2017-09-27 03:00:00,7.4,90,7.7,0.0,1010.5
2017-09-27 04:00:00,7.2,85,8.9,0.0,1010.5
2017-09-27 05:00:00,6.7,82,8.7,0.0,1010.6
2017-09-27 06:00:00,6.7,80,8.2,3.0,1010.6
2017-09-27 07:00:00,8.4,71,5.9,85.0,1010.7
2017-09-27 08:00:00,10.3,66,8.0,253.0,1010.5
2017-09-27 09:00:00,12.3,59,8.1,419.0,1010.1
2017-09-27 10:00:00,14.1,51,7.7,573.0,1009.6
2017-09-27 11:00:00,15.6,42,7.0,669.0,1009.0
2017-09-27 12:00:00,16.3,38,5.4,703.0,1008.3
2017-09-27 13:00:00,16.8,37,4.7,677.0,1007.6
2017-09-27 14:00:00,17.2,33,4.7,592.0,1006.8
2017-09-27 15:00:00,17.2,30,6.5,459.0,1006.3
2017-09-27 16:00:00,16.8,33,8.1,293.0,1006.1
2017-09-27 17:00:00,14.7,53,8.8,122.0,1006.1
2017-09-27 18:00:00,12.2,61,10.0,11.0,1006.2
2017-09-27 19:00:00,11.2,64,9.0,0.0,1006.2
2017-09-27 20:00:00,10.8,67,9.3,0.0,1005.5
2017-09-27 21:00:00,10.0,71,7.9,0.0,1005.6
2017-09-27 22:00:00,11.0,70,6.1,0.0,1005.7
2017-09-27 23:00:00,11.2,61,10.5,0.0,1004.8
2017-09-28 00:00:00,10.5,65,8.6,0.0,1004.6
2017-09-28 01:00:00,10.9,56,1.1,0.0,1004.7
2017-09-28 02:00:00,9.7,72,7.8,0.0,1004.8
2017-09-28 03:00:00,9.8,66,12.8,0.0,1005.1
2017-09-28 04:00:00,10.2,49,21.4,0.0,1005.5
2017-09-28 05:00:00,8.8,47,17.8,0.0,1006.2
2017-09-28 06:00:00,8.0,54,10.7,2.0,1005.7
2017-09-28 07:00:00,9.5,48,3.4,37.0,1006.5
2017-09-28 08:00:00,10.3,46,2.6,230.0,1006.7
2017-09-28 09:00:00,12.1,45,8.2,424.0,1006.8
2017-09-28 10:00:00,13.4,42,12.3,569.0,1006.5
2017-09-28 11:00:00,14.6,36,14.1,664.0,1005.7
2017-09-28 12:00:00,15.7,32,22.1,702.0,1004.9
2017-09-28 13:00:00,15.8,31,26.5,426.0,1004.2
2017-09-28 14:00:00,15.4,30,27.9,399.0,1004.3
2017-09-28 15:00:00,14.5,33,25.3,420.0,1004.4
2017-09-28 16:00:00,14.8,30,21.0,273.0,1004.3
2017-09-28 17:00:00,12.4,41,14.7,115.0,1005.0
2017-09-28 18:00:00,10.2,47,11.6,10.0,1005.5
2017-09-28 19:00:00,9.4,52,5.2,0.0,1005.8
2017-09-28 20:00:00,9.9,47,4.7,0.0,1005.6
2017-09-28 21:00:00,7.7,66,7.3,0.0,1005.5
2017-09-28 22:00:00,6.8,66,9.8,0.0,1005.8
2017-09-28 23:00:00,6.4,66,9.7,0.0,1005.8
2017-09-29 00:00:00,6.0,67,9.7,0.0,1006.1
2017-09-29 01:00:00,5.6,68,9.5,0.0,1006.1
2017-09-29 02:00:00,5.3,67,9.1,0.0,1005.9
2017-09-29 03:00:00,5.3,65,10.1,0.0,1005.5
2017-09-29 04:00:00,5.5,63,10.8,0.0,1005.4
2017-09-29 05:00:00,5.7,61,10.9,0.0,1005.5
2017-09-29 06:00:00,6.1,59,11.2,2.0,1005.3
2017-09-29 07:00:00,8.3,55,5.6,83.0,1005.5
2017-09-29 08:00:00,10.2,53,10.5,247.0,1005.9
2017-09-29 09:00:00,12.1,47,8.1,418.0,1005.9
2017-09-29 10:00:00,14.0,41,7.6,563.0,1005.9
2017-09-29 11:00:00,15.5,37,8.8,658.0,1006.1
2017-09-29 12:00:00,16.8,33,9.8,696.0,1006.2
2017-09-29 13:00:00,17.6,29,12.0,672.0,1005.9
2017-09-29 14:00:00,18.0,28,13.7,587.0,1005.7
2017-09-29 15:00:00,18.1,28,13.3,452.0,1005.7
2017-09-29 16:00:00,17.4,36,10.0,286.0,1005.8
2017-09-29 17:00:00,14.7,55,9.7,115.0,1005.9
2017-09-29 18:00:00,12.4,60,11.7,9.0,1006.3
2017-09-29 19:00:00,11.5,60,13.8,0.0,1006.3
2017-09-29 20:00:00,10.9,61,11.9,0.0,1006.0
2017-09-29 21:00:00,10.4,60,12.0,0.0,1006.7
2017-09-29 22:00:00,9.4,63,10.4,0.0,1007.1
2017-09-29 23:00:00,8.6,69,8.3,0.0,1007.6
2017-09-30 00:00:00,8.8,64,6.1,0.0,1008.0
2017-09-30 01:00:00,8.5,65,4.8,0.0,1008.5
2017-09-30 02:00:00,7.3,75,7.4,0.0,1008.5
2017-09-30 03:00:00,6.8,77,8.1,0.0,1009.2
2017-09-30 04:00:00,6.3,78,9.0,0.0,1009.9
2017-09-30 05:00:00,6.1,76,9.2,0.0,1010.5
2017-09-30 06:00:00,6.5,71,10.9,2.0,1010.7
2017-09-30 07:00:00,8.7,64,8.9,78.0,1011.4
2017-09-30 08:00:00,11.6,59,9.3,242.0,1011.8
2017-09-30 09:00:00,14.5,53,9.3,409.0,1012.1
2017-09-30 10:00:00,16.9,46,9.4,548.0,1012.0
2017-09-30 11:00:00,18.5,44,9.0,631.0,1011.6
2017-09-30 12:00:00,19.8,46,7.4,641.0,1010.9
2017-09-30 13:00:00,21.0,46,7.5,631.0,1009.6
2017-09-30 14:00:00,22.1,42,9.0,548.0,1008.8
2017-09-30 15:00:00,22.7,42,9.6,427.0,1008.1
2017-09-30 16:00:00,22.2,53,6.6,263.0,1007.2
2017-09-30 17:00:00,19.8,67,9.4,100.0,1006.5
2017-09-30 18:00:00,18.6,71,14.4,7.0,1006.4
2017-09-30 19:00:00,18.9,75,20.0,0.0,1006.7
2017-09-30 20:00:00,18.9,80,20.4,0.0,1006.3
2017-09-30 21:00:00,19.0,83,24.5,0.0,1005.8
2017-09-30 22:00:00,18.5,83,24.9,0.0,1005.4
2017-09-30 23:00:00,17.9,81,24.0,0.0,1005.2
2017-10-01 00:00:00,17.8,77,24.7,0.0,1004.7
2017-10-01 01:00:00,18.5,83,28.7,0.0,1004.0
2017-10-01 02:00:00,19.1,75,32.2,0.0,1003.3
2017-10-01 03:00:00,19.1,74,30.9,0.0,1003.0
2017-10-01 04:00:00,19.3,74,32.1,0.0,1002.7
2017-10-01 05:00:00,19.5,75,32.8,0.0,1002.5
2017-10-01 06:00:00,19.6,78,28.4,1.0,1004.0
2017-10-01 07:00:00,19.9,80,29.3,27.0,1004.6
2017-10-01 08:00:00,19.3,87,22.7,62.0,1006.6
2017-10-01 09:00:00,19.8,90,17.7,121.0,1008.0
2017-10-01 10:00:00,18.4,45,16.6,189.0,1008.3
2017-10-01 11:00:00,19.4,37,20.5,465.0,1008.3
2017-10-01 12:00:00,19.7,37,22.1,661.0,1008.6
2017-10-01 13:00:00,19.4,38,22.8,652.0,1008.4
2017-10-01 14:00:00,19.1,38,21.6,571.0,1008.3
2017-10-01 15:00:00,18.6,39,19.1,440.0,1008.4
2017-10-01 16:00:00,17.6,44,14.4,273.0,1009.1
2017-10-01 17:00:00,15.3,56,10.1,106.0,1009.9
2017-10-01 18:00:00,13.2,59,11.3,7.0,1010.5
2017-10-01 19:00:00,12.3,55,12.7,0.0,1011.3
2017-10-01 20:00:00,11.6,47,14.6,0.0,1011.9
2017-10-01 21:00:00,11.0,44,16.0,0.0,1012.4
2017-10-01 22:00:00,10.4,46,15.5,0.0,1012.9
2017-10-01 23:00:00,9.5,50,13.5,0.0,1013.0
2017-10-02 00:00:00,9.0,50,14.4,0.0,1012.8
2017-10-02 01:00:00,8.4,49,14.5,0.0,1013.0
2017-10-02 02:00:00,7.8,49,14.4,0.0,1012.9
2017-10-02 03:00:00,7.2,51,13.7,0.0,1013.0
2017-10-02 04:00:00,6.8,50,14.5,0.0,1013.8
2017-10-02 05:00:00,6.4,51,14.4,0.0,1013.9
2017-10-02 06:00:00,6.2,51,15.1,1.0,1013.9
2017-10-02 07:00:00,7.4,50,13.7,74.0,1014.7
2017-10-02 08:00:00,9.0,45,16.7,232.0,1014.8
2017-10-02 09:00:00,10.5,43,18.7,399.0,1014.9
2017-10-02 10:00:00,11.9,40,18.3,531.0,1015.2
2017-10-02 11:00:00,12.7,37,17.1,568.0,1015.3
2017-10-02 12:00:00,13.1,35,17.3,522.0,1015.1
2017-10-02 13:00:00,13.0,34,19.2,456.0,1014.7
2017-10-02 14:00:00,12.8,33,18.6,309.0,1014.6
2017-10-02 15:00:00,12.6,34,20.0,232.0,1014.5
2017-10-02 16:00:00,11.9,38,18.5,161.0,1014.9
2017-10-02 17:00:00,11.0,44,12.6,48.0,1015.2
2017-10-02 18:00:00,9.9,54,8.0,4.0,1015.3
2017-10-02 19:00:00,9.3,59,7.4,0.0,1016.0
2017-10-02 20:00:00,7.8,64,7.9,0.0,1016.4
2017-10-02 21:00:00,7.2,68,5.8,0.0,1016.6
2017-10-02 22:00:00,6.9,70,5.5,0.0,1017.0
2017-10-02 23:00:00,6.2,69,5.5,0.0,1017.2
2017-10-03 00:00:00,5.8,69,5.4,0.0,1017.6
2017-10-03 01:00:00,5.4,67,9.7,0.0,1017.7
2017-10-03 02:00:00,5.9,58,12.4,0.0,1017.8
2017-10-03 03:00:00,6.1,53,12.4,0.0,1018.0
2017-10-03 04:00:00,5.6,54,11.2,0.0,1018.5
2017-10-03 05:00:00,5.0,57,10.1,0.0,1019.0
2017-10-03 06:00:00,4.2,61,8.7,1.0,1019.4
2017-10-03 07:00:00,6.0,52,5.8,68.0,1020.1
2017-10-03 08:00:00,7.6,47,7.3,229.0,1021.0
2017-10-03 09:00:00,9.1,45,8.0,404.0,1021.3
2017-10-03 10:00:00,10.7,43,8.5,545.0,1021.3
2017-10-03 11:00:00,12.2,40,10.4,637.0,1021.0
2017-10-03 12:00:00,13.1,34,13.9,616.0,1020.7
2017-10-03 13:00:00,13.3,33,16.7,569.0,1020.2
2017-10-03 14:00:00,13.6,32,17.6,521.0,1019.5
2017-10-03 15:00:00,13.4,32,17.7,410.0,1019.6
2017-10-03 16:00:00,12.8,37,14.1,257.0,1019.4
2017-10-03 17:00:00,10.8,50,10.6,84.0,1019.7
2017-10-03 18:00:00,8.8,57,9.8,4.0,1020.1
2017-10-03 19:00:00,8.0,60,5.9,0.0,1019.9
2017-10-03 20:00:00,7.1,66,9.5,0.0,1019.6
2017-10-03 21:00:00,6.5,67,9.4,0.0,1019.9
2017-10-03 22:00:00,5.5,71,7.5,0.0,1020.5
2017-10-03 23:00:00,6.2,60,4.0,0.0,1021.0
2017-10-04 00:00:00,5.2,68,4.6,0.0,1021.1
2017-10-04 01:00:00,5.9,61,1.9,0.0,1021.5
2017-10-04 02:00:00,4.2,76,5.5,0.0,1021.4
2017-10-04 03:00:00,4.3,74,5.2,0.0,1021.1
2017-10-04 04:00:00,5.4,65,3.3,0.0,1021.4
2017-10-04 05:00:00,5.0,67,1.5,0.0,1021.5
2017-10-04 06:00:00,4.6,70,1.8,1.0,1021.7
2017-10-04 07:00:00,5.0,75,3.2,70.0,1022.1
2017-10-04 08:00:00,7.1,64,4.3,229.0,1023.1
2017-10-04 09:00:00,9.5,54,5.2,399.0,1023.0
2017-10-04 10:00:00,11.7,45,4.7,541.0,1022.8
2017-10-04 11:00:00,13.2,38,2.1,635.0,1022.4
2017-10-04 12:00:00,14.1,32,1.3,670.0,1021.6
2017-10-04 13:00:00,14.6,30,2.3,643.0,1020.7
2017-10-04 14:00:00,14.9,29,3.0,557.0,1020.0
2017-10-04 15:00:00,15.0,29,5.1,423.0,1019.1
2017-10-04 16:00:00,14.6,34,7.6,256.0,1018.4
2017-10-04 17:00:00,11.9,54,10.1,92.0,1018.0
2017-10-04 18:00:00,9.8,57,11.3,4.0,1017.6
2017-10-04 19:00:00,8.8,59,11.4,0.0,1017.8
2017-10-04 20:00:00,8.3,61,11.3,0.0,1016.8
2017-10-04 21:00:00,8.3,60,13.1,0.0,1016.6
2017-10-04 22:00:00,8.3,58,13.7,0.0,1016.7
2017-10-04 23:00:00,8.0,57,13.7,0.0,1016.6
2017-10-05 00:00:00,7.9,55,14.4,0.0,1016.3
2017-10-05 01:00:00,8.2,52,15.5,0.0,1016.2
2017-10-05 02:00:00,8.6,51,16.2,0.0,1015.7
2017-10-05 03:00:00,8.8,54,16.6,0.0,1015.2
2017-10-05 04:00:00,9.0,61,16.9,0.0,1014.8
2017-10-05 05:00:00,9.2,70,17.6,0.0,1014.4
2017-10-05 06:00:00,9.5,77,18.0,1.0,1014.3
2017-10-05 07:00:00,11.3,76,18.4,65.0,1014.4
2017-10-05 08:00:00,13.6,68,19.2,218.0,1014.0
2017-10-05 09:00:00,15.9,62,21.9,383.0,1014.1
2017-10-05 10:00:00,17.9,59,24.0,518.0,1013.8
2017-10-05 11:00:00,19.6,50,30.1,607.0,1013.4
2017-10-05 12:00:00,20.1,48,31.2,599.0,1013.1
2017-10-05 13:00:00,19.9,51,30.1,483.0,1012.6
2017-10-05 14:00:00,19.8,51,29.6,437.0,1012.3
2017-10-05 15:00:00,19.5,51,28.3,360.0,1011.9
2017-10-05 16:00:00,18.8,56,23.6,231.0,1011.6
2017-10-05 17:00:00,16.9,65,21.4,84.0,1011.7
2017-10-05 18:00:00,15.7,70,20.9,3.0,1012.1
2017-10-05 19:00:00,14.6,76,17.0,0.0,1012.5
2017-10-05 20:00:00,14.1,79,15.9,0.0,1012.9
2017-10-05 21:00:00,13.9,75,17.1,0.0,1012.9
2017-10-05 22:00:00,13.6,73,18.1,0.0,1013.2
2017-10-05 23:00:00,13.0,75,18.2,0.0,1013.3
2017-10-06 00:00:00,12.7,75,17.4,0.0,1013.3
2017-10-06 01:00:00,12.4,76,16.3,0.0,1013.2
2017-10-06 02:00:00,12.2,77,16.6,0.0,1012.9
2017-10-06 03:00:00,11.9,78,16.9,0.0,1012.5
2017-10-06 04:00:00,12.0,77,18.4,0.0,1012.1
2017-10-06 05:00:00,12.0,76,17.7,0.0,1011.8
2017-10-06 06:00:00,11.5,78,16.6,0.0,1012.1
2017-10-06 07:00:00,12.6,74,17.3,60.0,1012.0
2017-10-06 08:00:00,14.6,68,19.4,207.0,1011.9
2017-10-06 09:00:00,16.8,61,22.5,372.0,1011.8
2017-10-06 10:00:00,18.6,57,25.6,503.0,1011.8
2017-10-06 11:00:00,19.9,54,28.5,545.0,1011.3
2017-10-06 12:00:00,21.0,50,32.2,559.0,1010.5
2017-10-06 13:00:00,21.0,50,29.8,445.0,1009.7
2017-10-06 14:00:00,21.1,48,27.7,486.0,1009.0
2017-10-06 15:00:00,20.8,49,26.5,383.0,1008.8
2017-10-06 16:00:00,19.8,54,21.8,230.0,1008.9
2017-10-06 17:00:00,17.8,61,18.6,79.0,1009.6
2017-10-06 18:00:00,16.4,66,17.1,3.0,1009.9
2017-10-06 19:00:00,15.5,71,18.0,0.0,1010.2
2017-10-06 20:00:00,14.9,75,17.7,0.0,1010.0
2017-10-06 21:00:00,14.7,75,18.4,0.0,1009.9
2017-10-06 22:00:00,14.5,77,19.1,0.0,1010.2
2017-10-06 23:00:00,14.1,82,17.6,0.0,1010.4
2017-10-07 00:00:00,13.8,85,17.0,0.0,1010.7
2017-10-07 01:00:00,13.7,86,17.2,0.0,1010.9
2017-10-07 02:00:00,13.7,88,17.8,0.0,1010.7
2017-10-07 03:00:00,13.7,90,19.5,0.0,1010.5
2017-10-07 04:00:00,13.7,91,17.5,0.0,1010.5
2017-10-07 05:00:00,13.6,92,16.1,0.0,1010.7
2017-10-07 06:00:00,13.5,93,15.8,0.0,1011.5
2017-10-07 07:00:00,14.7,90,16.0,56.0,1012.2
2017-10-07 08:00:00,16.3,81,16.9,192.0,1012.4
2017-10-07 09:00:00,18.4,75,19.2,340.0,1012.8
2017-10-07 10:00:00,20.6,65,25.0,485.0,1012.2
2017-10-07 11:00:00,21.8,59,21.6,504.0,1011.6
2017-10-07 12:00:00,22.2,57,21.2,417.0,1011.4
2017-10-07 13:00:00,23.2,53,18.8,352.0,1011.1
2017-10-07 14:00:00,23.3,52,18.8,322.0,1010.9
2017-10-07 15:00:00,23.1,54,16.9,263.0,1010.9
2017-10-07 16:00:00,21.2,65,17.4,122.0,1011.7
2017-10-07 17:00:00,19.1,73,11.5,33.0,1012.0
2017-10-07 18:00:00,17.4,80,8.7,1.0,1012.5
2017-10-07 19:00:00,17.2,81,9.9,0.0,1013.1
2017-10-07 20:00:00,16.6,82,9.6,0.0,1013.7
2017-10-07 21:00:00,16.9,83,9.9,0.0,1014.0
2017-10-07 22:00:00,16.3,86,10.5,0.0,1014.1
2017-10-07 23:00:00,16.0,88,11.5,0.0,1014.0
2017-10-08 00:00:00,15.0,92,10.1,0.0,1014.0
2017-10-08 01:00:00,14.2,95,9.8,0.0,1014.1
2017-10-08 02:00:00,14.1,95,10.4,0.0,1014.2
2017-10-08 03:00:00,13.7,95,9.4,0.0,1014.0
2017-10-08 04:00:00,13.3,96,8.6,0.0,1014.2
2017-10-08 05:00:00,13.7,95,9.4,0.0,1014.6
2017-10-08 06:00:00,14.2,94,10.1,0.0,1014.9
2017-10-08 07:00:00,15.3,91,9.8,49.0,1015.2
2017-10-08 08:00:00,16.9,86,11.2,186.0,1015.5
2017-10-08 09:00:00,18.4,82,12.4,257.0,1016.1
2017-10-08 10:00:00,19.8,76,13.0,326.0,1015.8
2017-10-08 11:00:00,20.7,69,12.9,381.0,1015.2
2017-10-08 12:00:00,22.1,60,11.3,413.0,1014.7
2017-10-08 13:00:00,22.5,58,11.8,430.0,1013.8
2017-10-08 14:00:00,22.4,59,13.8,336.0,1013.7
2017-10-08 15:00:00,21.6,65,8.9,156.0,1013.4
2017-10-08 16:00:00,21.0,73,5.1,101.0,1013.8
2017-10-08 17:00:00,19.3,82,6.8,32.0,1014.0
2017-10-08 18:00:00,18.4,85,7.2,1.0,1014.1
2017-10-08 19:00:00,17.8,87,6.8,0.0,1014.7
2017-10-08 20:00:00,17.9,86,7.7,0.0,1015.2
2017-10-08 21:00:00,16.9,89,8.0,0.0,1015.3
2017-10-08 22:00:00,16.4,89,6.6,0.0,1015.7
2017-10-08 23:00:00,15.8,92,4.5,0.0,1015.7
2017-10-09 00:00:00,16.2,89,1.3,0.0,1015.6
2017-10-09 01:00:00,15.5,93,3.7,0.0,1015.3
2017-10-09 02:00:00,15.1,93,3.8,0.0,1015.4
2017-10-09 03:00:00,15.3,93,9.9,0.0,1015.7
2017-10-09 04:00:00,15.0,91,16.8,0.0,1016.1
2017-10-09 05:00:00,13.6,86,20.1,0.0,1016.9
2017-10-09 06:00:00,13.1,82,22.6,0.0,1017.5
2017-10-09 07:00:00,12.5,77,22.0,7.0,1018.2
2017-10-09 08:00:00,11.5,75,21.7,20.0,1019.2
2017-10-09 09:00:00,11.3,73,21.3,35.0,1019.3
2017-10-09 10:00:00,11.0,74,20.5,42.0,1019.2
2017-10-09 11:00:00,10.6,76,20.1,53.0,1018.7
2017-10-09 12:00:00,10.5,76,22.1,70.0,1017.8
2017-10-09 13:00:00,10.0,81,21.7,44.0,1017.8
2017-10-09 14:00:00,9.8,82,23.6,25.0,1017.7
2017-10-09 15:00:00,9.8,81,24.3,13.0,1018.2
2017-10-09 16:00:00,9.7,81,23.4,6.0,1018.7
2017-10-09 17:00:00,9.4,85,22.5,2.0,1019.1
2017-10-09 18:00:00,9.4,85,22.9,0.0,1019.5
2017-10-09 19:00:00,9.5,86,22.1,0.0,1019.4
2017-10-09 20:00:00,9.6,85,21.0,0.0,1019.6
2017-10-09 21:00:00,9.7,84,20.0,0.0,1019.5
2017-10-09 22:00:00,9.7,83,19.8,0.0,1019.3
2017-10-09 23:00:00,9.7,81,20.2,0.0,1019.3
2017-10-10 00:00:00,9.6,78,21.3,0.0,1018.6
2017-10-10 01:00:00,9.7,72,22.3,0.0,1018.8
2017-10-10 02:00:00,9.8,67,22.1,0.0,1018.7
2017-10-10 03:00:00,9.8,64,22.4,0.0,1018.5
2017-10-10 04:00:00,9.7,63,22.7,0.0,1018.8
2017-10-10 05:00:00,9.6,62,21.2,0.0,1018.5
2017-10-10 06:00:00,9.3,61,22.1,0.0,1018.6
2017-10-10 07:00:00,9.1,58,23.9,10.0,1018.9
2017-10-10 08:00:00,9.4,59,22.9,37.0,1018.6
2017-10-10 09:00:00,9.4,56,20.7,52.0,1018.8
2017-10-10 10:00:00,9.5,56,21.4,92.0,1018.2
2017-10-10 11:00:00,10.3,57,24.2,165.0,1017.7
2017-10-10 12:00:00,10.2,58,22.5,95.0,1017.0
2017-10-10 13:00:00,10.1,57,23.6,69.0,1016.9
2017-10-10 14:00:00,9.7,59,23.3,45.0,1016.8
2017-10-10 15:00:00,9.3,62,23.7,42.0,1016.7
2017-10-10 16:00:00,8.7,67,21.1,33.0,1016.6
2017-10-10 17:00:00,8.5,66,20.1,15.0,1016.4
2017-10-10 18:00:00,8.6,62,19.7,0.0,1016.3
2017-10-10 19:00:00,8.7,57,19.3,0.0,1016.4
2017-10-10 20:00:00,9.3,50,20.5,0.0,1016.7
2017-10-10 21:00:00,9.1,50,20.9,0.0,1016.6
2017-10-10 22:00:00,8.8,51,18.7,0.0,1016.6
2017-10-10 23:00:00,8.4,53,17.0,0.0,1016.0
2017-10-11 00:00:00,7.0,57,14.3,0.0,1015.6
2017-10-11 01:00:00,5.9,61,13.0,0.0,1015.8
2017-10-11 02:00:00,5.3,65,13.8,0.0,1015.6
2017-10-11 03:00:00,5.1,69,14.5,0.0,1015.9
2017-10-11 04:00:00,4.7,76,13.4,0.0,1016.2
2017-10-11 05:00:00,4.4,81,13.1,0.0,1016.4
2017-10-11 06:00:00,4.0,85,11.7,0.0,1016.5
2017-10-11 07:00:00,5.0,82,10.8,51.0,1017.1
2017-10-11 08:00:00,6.7,74,12.8,195.0,1017.7
2017-10-11 09:00:00,8.6,65,13.3,354.0,1017.8
2017-10-11 10:00:00,10.1,57,14.0,489.0,1017.7
2017-10-11 11:00:00,11.0,49,16.9,579.0,1017.6
2017-10-11 12:00:00,11.8,41,18.0,559.0,1017.5
2017-10-11 13:00:00,12.3,38,21.6,528.0,1016.9
2017-10-11 14:00:00,11.6,42,21.6,264.0,1017.1
2017-10-11 15:00:00,10.9,47,21.0,176.0,1017.4
2017-10-11 16:00:00,10.8,46,16.4,175.0,1017.6
2017-10-11 17:00:00,8.7,60,9.2,62.0,1018.0
2017-10-11 18:00:00,6.9,65,8.5,1.0,1018.3
2017-10-11 19:00:00,6.6,55,12.3,0.0,1018.8
2017-10-11 20:00:00,6.4,50,12.9,0.0,1019.0
2017-10-11 21:00:00,5.8,56,10.1,0.0,1019.2
2017-10-11 22:00:00,4.9,61,8.8,0.0,1019.4
2017-10-11 23:00:00,3.9,70,6.5,0.0,1019.4
2017-10-12 00:00:00,5.2,51,1.6,0.0,1019.6
2017-10-12 01:00:00,3.4,67,5.1,0.0,1019.6
2017-10-12 02:00:00,2.4,75,7.9,0.0,1019.5
2017-10-12 03:00:00,2.0,76,5.3,0.0,1019.2
2017-10-12 04:00:00,1.5,79,6.1,0.0,1019.0
2017-10-12 05:00:00,2.3,67,3.3,0.0,1019.0
2017-10-12 06:00:00,1.1,82,6.6,0.0,1019.0
2017-10-12 07:00:00,3.0,72,4.2,44.0,1019.0
2017-10-12 08:00:00,4.6,66,4.5,190.0,1019.3
2017-10-12 09:00:00,6.5,60,2.6,273.0,1018.6
2017-10-12 10:00:00,8.6,52,2.6,441.0,1017.9
2017-10-12 11:00:00,10.4,47,4.6,529.0,1017.3
2017-10-12 12:00:00,11.6,42,6.4,608.0,1016.4
2017-10-12 13:00:00,12.3,38,8.4,587.0,1015.4
2017-10-12 14:00:00,12.6,36,8.9,499.0,1014.6
2017-10-12 15:00:00,12.6,35,8.6,365.0,1014.4
2017-10-12 16:00:00,12.1,42,6.8,206.0,1014.2
2017-10-12 17:00:00,10.5,49,4.6,59.0,1014.2
2017-10-12 18:00:00,8.6,63,7.1,0.0,1014.1
2017-10-12 19:00:00,7.3,65,10.2,0.0,1014.0
2017-10-12 20:00:00,6.7,66,11.4,0.0,1013.7
2017-10-12 21:00:00,6.4,65,11.5,0.0,1013.7
2017-10-12 22:00:00,6.0,68,10.8,0.0,1013.9
2017-10-12 23:00:00,6.6,66,10.5,0.0,1013.6
2017-10-13 00:00:00,7.7,62,13.4,0.0,1013.7
2017-10-13 01:00:00,7.8,74,12.2,0.0,1013.7
2017-10-13 02:00:00,7.8,79,10.9,0.0,1013.2
2017-10-13 03:00:00,7.5,79,11.4,0.0,1012.7
2017-10-13 04:00:00,7.2,84,11.5,0.0,1012.6
2017-10-13 05:00:00,6.8,88,11.4,0.0,1012.6
2017-10-13 06:00:00,6.5,90,11.4,0.0,1012.7
2017-10-13 07:00:00,7.1,92,10.6,45.0,1013.0
2017-10-13 08:00:00,8.0,87,13.5,185.0,1013.2
2017-10-13 09:00:00,9.2,77,13.4,322.0,1013.6
2017-10-13 10:00:00,10.9,65,12.1,469.0,1013.8
2017-10-13 11:00:00,12.4,56,13.0,568.0,1013.8
2017-10-13 12:00:00,13.6,48,14.7,602.0,1013.2
2017-10-13 13:00:00,13.8,43,19.8,546.0,1012.6
2017-10-13 14:00:00,14.0,40,19.1,387.0,1012.5
2017-10-13 15:00:00,14.2,38,17.7,330.0,1012.9
2017-10-13 16:00:00,13.5,39,13.7,203.0,1013.2
2017-10-13 17:00:00,10.3,55,9.7,52.0,1013.8
2017-10-13 18:00:00,8.3,61,8.1,0.0,1014.5
2017-10-13 19:00:00,7.5,59,9.4,0.0,1015.3
2017-10-13 20:00:00,7.2,54,11.4,0.0,1015.6
2017-10-13 21:00:00,7.1,50,12.4,0.0,1016.2
2017-10-13 22:00:00,5.7,59,9.5,0.0,1017.1
2017-10-13 23:00:00,4.9,67,7.7,0.0,1018.0
2017-10-14 00:00:00,4.6,67,9.2,0.0,1018.6
2017-10-14 01:00:00,3.9,72,8.9,0.0,1019.0
2017-10-14 02:00:00,3.5,73,9.7,0.0,1018.9
2017-10-14 03:00:00,3.2,73,10.7,0.0,1019.1
2017-10-14 04:00:00,2.9,73,10.5,0.0,1019.5
2017-10-14 05:00:00,2.4,74,9.8,0.0,1020.2
2017-10-14 06:00:00,1.8,76,8.6,0.0,1020.8
2017-10-14 07:00:00,3.4,68,5.8,46.0,1021.3
2017-10-14 08:00:00,5.1,68,3.0,190.0,1022.6
2017-10-14 09:00:00,7.0,61,2.2,351.0,1023.0
2017-10-14 10:00:00,8.8,54,1.6,487.0,1023.2
2017-10-14 11:00:00,10.2,47,2.3,576.0,1023.4
2017-10-14 12:00:00,11.3,41,4.0,609.0,1023.2
2017-10-14 13:00:00,11.8,37,5.6,581.0,1022.2
2017-10-14 14:00:00,12.1,34,7.9,496.0,1021.8
2017-10-14 15:00:00,11.9,35,8.5,360.0,1021.8
2017-10-14 16:00:00,11.8,33,1.6,199.0,1021.7
2017-10-14 17:00:00,8.9,61,7.9,54.0,1021.7
2017-10-14 18:00:00,7.2,66,8.7,0.0,1022.2
2017-10-14 19:00:00,6.1,70,8.7,0.0,1022.7
2017-10-14 20:00:00,5.9,69,8.9,0.0,1022.1
2017-10-14 21:00:00,5.0,72,8.9,0.0,1022.2
2017-10-14 22:00:00,4.4,73,8.9,0.0,1022.8
2017-10-14 23:00:00,3.8,74,8.7,0.0,1022.7
2017-10-15 00:00:00,3.3,74,9.0,0.0,1023.1
2017-10-15 01:00:00,2.7,75,8.4,0.0,1023.1
2017-10-15 02:00:00,2.4,75,8.8,0.0,1023.0
2017-10-15 03:00:00,3.8,69,7.8,0.0,1022.6
2017-10-15 04:00:00,4.2,67,7.5,0.0,1022.6
2017-10-15 05:00:00,4.6,65,8.9,0.0,1022.8
2017-10-15 06:00:00,5.0,64,9.1,0.0,1022.9
2017-10-15 07:00:00,5.8,61,9.4,13.0,1023.2
2017-10-15 08:00:00,6.4,60,7.8,58.0,1024.2
2017-10-15 09:00:00,7.8,55,8.2,137.0,1024.0
2017-10-15 10:00:00,9.8,49,7.7,230.0,1023.7
2017-10-15 11:00:00,10.3,48,6.6,162.0,1023.5
2017-10-15 12:00:00,11.4,42,6.2,305.0,1022.9
2017-10-15 13:00:00,11.1,47,7.9,106.0,1022.0
2017-10-15 14:00:00,11.2,49,10.0,97.0,1021.4
2017-10-15 15:00:00,10.5,56,10.1,46.0,1021.2
2017-10-15 16:00:00,10.3,60,8.5,50.0,1021.3
2017-10-15 17:00:00,9.6,65,9.0,13.0,1021.2
2017-10-15 18:00:00,8.9,70,8.0,0.0,1021.9
2017-10-15 19:00:00,8.0,78,6.4,0.0,1022.3
2017-10-15 20:00:00,8.8,80,6.0,0.0,1022.1
2017-10-15 21:00:00,7.9,82,7.2,0.0,1022.5
2017-10-15 22:00:00,6.2,85,5.8,0.0,1022.9
2017-10-15 23:00:00,6.9,78,3.9,0.0,1023.3
2017-10-16 00:00:00,4.5,91,7.6,0.0,1023.5
2017-10-16 01:00:00,4.1,92,7.4,0.0,1024.0
2017-10-16 02:00:00,3.8,88,8.9,0.0,1024.1
2017-10-16 03:00:00,3.1,85,9.2,0.0,1024.2
2017-10-16 04:00:00,2.6,82,9.1,0.0,1024.6
2017-10-16 05:00:00,2.1,79,8.8,0.0,1025.0
2017-10-16 06:00:00,1.9,78,9.7,0.0,1025.4
2017-10-16 07:00:00,3.5,76,8.5,42.0,1025.8
2017-10-16 08:00:00,5.0,75,7.9,182.0,1026.6
2017-10-16 09:00:00,6.8,67,9.4,347.0,1026.8
2017-10-16 10:00:00,8.5,59,9.4,483.0,1026.6
2017-10-16 11:00:00,10.0,51,10.1,570.0,1026.1
2017-10-16 12:00:00,11.1,43,10.9,601.0,1025.6
2017-10-16 13:00:00,11.5,36,10.6,572.0,1024.5
2017-10-16 14:00:00,11.7,35,9.2,486.0,1024.1
2017-10-16 15:00:00,11.7,35,8.0,353.0,1023.4
2017-10-16 16:00:00,11.1,45,4.6,192.0,1023.2
2017-10-16 17:00:00,10.6,37,1.5,48.0,1023.2
2017-10-16 18:00:00,8.1,52,5.0,0.0,1023.6
2017-10-16 19:00:00,5.6,69,7.2,0.0,1023.5
2017-10-16 20:00:00,5.4,70,6.2,0.0,1022.9
2017-10-16 21:00:00,5.2,70,5.8,0.0,1022.8
2017-10-16 22:00:00,4.3,73,6.5,0.0,1022.9
2017-10-16 23:00:00,3.6,76,7.9,0.0,1022.9
2017-10-17 00:00:00,3.0,79,8.4,0.0,1023.0
2017-10-17 01:00:00,2.3,82,7.6,0.0,1023.0
2017-10-17 02:00:00,1.7,84,6.1,0.0,1023.0
2017-10-17 03:00:00,2.1,80,4.7,0.0,1022.7
2017-10-17 04:00:00,1.8,80,4.7,0.0,1022.6
2017-10-17 05:00:00,1.3,82,5.7,0.0,1022.7
2017-10-17 06:00:00,1.0,82,5.4,0.0,1022.9
2017-10-17 07:00:00,2.4,77,3.3,40.0,1023.4
2017-10-17 08:00:00,5.1,70,4.7,178.0,1024.1
2017-10-17 09:00:00,7.8,58,2.8,336.0,1024.2
2017-10-17 10:00:00,9.9,52,1.0,470.0,1024.3
2017-10-17 11:00:00,11.2,50,6.3,558.0,1024.1
2017-10-17 12:00:00,11.9,49,10.8,589.0,1023.6
2017-10-17 13:00:00,12.4,46,12.4,560.0,1022.7
2017-10-17 14:00:00,12.8,42,13.1,467.0,1022.8
2017-10-17 15:00:00,12.6,41,14.3,318.0,1022.2
2017-10-17 16:00:00,11.5,48,12.7,172.0,1022.2
2017-10-17 17:00:00,8.9,55,13.6,43.0,1021.9
2017-10-17 18:00:00,7.8,55,15.3,0.0,1022.0
2017-10-17 19:00:00,7.0,54,15.9,0.0,1022.1
2017-10-17 20:00:00,6.8,55,14.0,0.0,1021.4
2017-10-17 21:00:00,6.5,59,11.7,0.0,1021.5
2017-10-17 22:00:00,6.1,63,10.5,0.0,1021.6
2017-10-17 23:00:00,5.8,63,10.9,0.0,1020.5
2017-10-18 00:00:00,5.5,65,8.7,0.0,1020.6
2017-10-18 01:00:00,5.3,66,8.4,0.0,1020.1
2017-10-18 02:00:00,5.1,68,7.5,0.0,1019.8
2017-10-18 03:00:00,4.9,68,7.7,0.0,1019.1
2017-10-18 04:00:00,4.8,68,8.6,0.0,1018.6
2017-10-18 05:00:00,4.7,69,8.5,0.0,1018.3
2017-10-18 06:00:00,4.4,72,7.9,0.0,1017.9
2017-10-18 07:00:00,4.8,71,6.2,29.0,1017.8
2017-10-18 08:00:00,6.0,66,5.1,134.0,1018.1
2017-10-18 09:00:00,8.1,60,3.4,248.0,1018.1
2017-10-18 10:00:00,10.5,51,2.5,378.0,1017.5
2017-10-18 11:00:00,12.0,45,2.2,398.0,1017.0
2017-10-18 12:00:00,13.5,40,3.6,469.0,1016.4
2017-10-18 13:00:00,14.5,36,5.4,444.0,1015.4
2017-10-18 14:00:00,14.9,35,6.8,328.0,1015.1
2017-10-18 15:00:00,15.0,36,7.4,233.0,1014.5
2017-10-18 16:00:00,13.9,55,6.0,130.0,1014.3
2017-10-18 17:00:00,11.2,64,7.0,34.0,1014.1
2017-10-18 18:00:00,9.6,68,8.5,0.0,1014.0
2017-10-18 19:00:00,8.8,68,10.0,0.0,1013.8
2017-10-18 20:00:00,8.2,68,10.7,0.0,1013.7
2017-10-18 21:00:00,8.1,67,11.6,0.0,1013.9
2017-10-18 22:00:00,7.8,67,12.1,0.0,1013.9
2017-10-18 23:00:00,7.4,69,12.2,0.0,1013.6
2017-10-19 00:00:00,7.0,72,12.2,0.0,1013.6
2017-10-19 01:00:00,6.6,76,11.4,0.0,1013.5
2017-10-19 02:00:00,6.4,80,10.9,0.0,1013.1
2017-10-19 03:00:00,6.5,85,10.9,0.0,1012.6
2017-10-19 04:00:00,6.6,92,10.5,0.0,1012.4
2017-10-19 05:00:00,6.8,94,10.9,0.0,1012.7
2017-10-19 06:00:00,6.9,94,10.6,0.0,1012.8
2017-10-19 07:00:00,8.0,91,8.6,33.0,1013.2
2017-10-19 08:00:00,10.3,81,9.3,156.0,1013.5
2017-10-19 09:00:00,11.9,72,9.3,297.0,1013.9
2017-10-19 10:00:00,13.2,69,8.5,402.0,1013.8
2017-10-19 11:00:00,14.6,69,9.8,474.0,1013.4
2017-10-19 12:00:00,15.4,67,10.0,487.0,1012.8
2017-10-19 13:00:00,15.7,66,10.8,445.0,1012.3
2017-10-19 14:00:00,15.4,67,10.9,412.0,1012.0
2017-10-19 15:00:00,14.5,68,12.8,274.0,1012.1
2017-10-19 16:00:00,13.5,69,11.5,150.0,1012.1
2017-10-19 17:00:00,11.3,73,10.2,34.0,1012.2
2017-10-19 18:00:00,9.8,75,8.7,0.0,1012.5
2017-10-19 19:00:00,8.7,77,7.6,0.0,1012.8
2017-10-19 20:00:00,8.0,76,8.3,0.0,1012.3
2017-10-19 21:00:00,7.3,79,7.7,0.0,1012.7
2017-10-19 22:00:00,6.6,83,7.2,0.0,1013.2
2017-10-19 23:00:00,5.9,85,6.7,0.0,1013.1
2017-10-20 00:00:00,5.3,88,6.1,0.0,1013.3
2017-10-20 01:00:00,4.9,89,6.4,0.0,1013.1
2017-10-20 02:00:00,4.5,92,6.5,0.0,1013.0
2017-10-20 03:00:00,4.3,97,6.9,0.0,1012.7
2017-10-20 04:00:00,4.3,100,7.4,0.0,1012.5
2017-10-20 05:00:00,4.3,100,8.0,0.0,1012.4
2017-10-20 06:00:00,4.5,100,8.0,0.0,1012.2
2017-10-20 07:00:00,6.5,99,6.6,30.0,1012.5
2017-10-20 08:00:00,8.6,95,10.9,146.0,1012.5
2017-10-20 09:00:00,11.4,88,14.5,252.0,1012.3
2017-10-20 10:00:00,13.6,82,14.0,408.0,1011.6
2017-10-20 11:00:00,15.9,73,16.2,508.0,1011.1
2017-10-20 12:00:00,17.6,64,19.8,547.0,1010.4
2017-10-20 13:00:00,18.6,58,22.7,522.0,1009.5
2017-10-20 14:00:00,18.7,57,25.1,430.0,1008.7
2017-10-20 15:00:00,18.3,58,25.0,294.0,1008.6
2017-10-20 16:00:00,17.2,62,22.2,150.0,1008.8
2017-10-20 17:00:00,15.4,67,21.1,34.0,1008.7
2017-10-20 18:00:00,14.1,71,18.9,0.0,1009.3
2017-10-20 19:00:00,13.2,77,17.2,0.0,1009.8
2017-10-20 20:00:00,12.6,81,16.2,0.0,1009.7
2017-10-20 21:00:00,12.5,86,17.0,0.0,1009.9
2017-10-20 22:00:00,12.3,89,16.4,0.0,1010.5
2017-10-20 23:00:00,12.2,91,16.3,0.0,1010.6
2017-10-21 00:00:00,12.0,91,16.5,0.0,1010.7
2017-10-21 01:00:00,11.9,91,16.2,0.0,1010.8
2017-10-21 02:00:00,11.3,94,10.3,0.0,1011.5
2017-10-21 03:00:00,12.5,94,8.2,0.0,1011.2
2017-10-21 04:00:00,12.6,96,6.8,0.0,1011.7
2017-10-21 05:00:00,9.9,80,27.0,0.0,1012.8
2017-10-21 06:00:00,8.3,78,22.6,0.0,1014.1
2017-10-21 07:00:00,7.8,70,23.7,16.0,1015.1
2017-10-21 08:00:00,7.1,66,27.7,114.0,1016.0
2017-10-21 09:00:00,8.3,58,28.1,289.0,1016.8
2017-10-21 10:00:00,9.6,50,27.3,427.0,1017.1
2017-10-21 11:00:00,10.6,45,26.3,504.0,1017.5
2017-10-21 12:00:00,11.1,43,25.5,527.0,1017.5
2017-10-21 13:00:00,11.2,41,24.3,492.0,1017.2
2017-10-21 14:00:00,11.1,39,23.7,439.0,1017.4
2017-10-21 15:00:00,10.5,38,23.1,318.0,1017.4
2017-10-21 16:00:00,9.4,42,20.3,166.0,1017.6
2017-10-21 17:00:00,7.5,46,19.0,35.0,1017.5
2017-10-21 18:00:00,6.5,47,18.9,0.0,1017.9
2017-10-21 19:00:00,5.8,47,19.6,0.0,1018.4
2017-10-21 20:00:00,5.4,48,19.8,0.0,1018.2
2017-10-21 21:00:00,4.8,50,18.9,0.0,1018.4
2017-10-21 22:00:00,4.3,53,18.7,0.0,1018.7
2017-10-21 23:00:00,3.9,55,18.1,0.0,1018.8
2017-10-22 00:00:00,3.5,57,18.1,0.0,1018.7
2017-10-22 01:00:00,3.1,58,18.0,0.0,1018.4
2017-10-22 02:00:00,2.6,58,17.4,0.0,1018.1
2017-10-22 03:00:00,2.2,58,17.7,0.0,1018.4
2017-10-22 04:00:00,1.7,58,18.7,0.0,1018.1
2017-10-22 05:00:00,1.4,57,18.9,0.0,1018.2
2017-10-22 06:00:00,1.2,57,19.6,0.0,1018.1
2017-10-22 07:00:00,1.7,55,18.5,30.0,1018.2
2017-10-22 08:00:00,3.0,48,21.1,156.0,1018.3
2017-10-22 09:00:00,4.7,43,23.7,318.0,1018.2
2017-10-22 10:00:00,6.4,40,25.1,451.0,1017.9
2017-10-22 11:00:00,7.8,37,25.9,530.0,1017.8
2017-10-22 12:00:00,8.7,35,26.1,517.0,1017.4
2017-10-22 13:00:00,9.0,33,27.4,400.0,1016.4
2017-10-22 14:00:00,9.0,33,27.4,282.0,1015.8
2017-10-22 15:00:00,9.0,33,27.5,255.0,1015.8
2017-10-22 16:00:00,8.0,37,24.8,139.0,1016.1
2017-10-22 17:00:00,6.8,39,23.3,27.0,1016.2
2017-10-22 18:00:00,6.1,39,23.7,0.0,1016.3
2017-10-22 19:00:00,5.5,38,23.9,0.0,1016.5
2017-10-22 20:00:00,5.4,38,23.8,0.0,1016.2
2017-10-22 21:00:00,4.9,39,23.6,0.0,1015.8
2017-10-22 22:00:00,4.3,41,23.0,0.0,1015.9
2017-10-22 23:00:00,3.7,43,22.1,0.0,1016.0
2017-10-23 00:00:00,3.5,43,20.9,0.0,1016.0
2017-10-23 01:00:00,3.2,43,21.3,0.0,1016.3
2017-10-23 02:00:00,2.7,44,20.6,0.0,1016.2
2017-10-23 03:00:00,2.1,45,19.8,0.0,1016.0
2017-10-23 04:00:00,1.7,45,19.5,0.0,1016.3
2017-10-23 05:00:00,1.3,46,19.0,0.0,1016.5
2017-10-23 06:00:00,0.8,46,18.5,0.0,1016.6
2017-10-23 07:00:00,1.1,46,18.4,29.0,1016.9
2017-10-23 08:00:00,2.4,41,21.6,149.0,1018.0
2017-10-23 09:00:00,3.6,38,22.1,265.0,1018.3
2017-10-23 10:00:00,4.6,35,22.4,353.0,1018.4
2017-10-23 11:00:00,5.7,33,23.2,423.0,1018.4
2017-10-23 12:00:00,6.7,30,22.5,448.0,1017.9
2017-10-23 13:00:00,7.5,29,21.0,409.0,1017.3
2017-10-23 14:00:00,7.8,29,20.8,299.0,1017.1
2017-10-23 15:00:00,7.7,31,19.9,212.0,1017.0
2017-10-23 16:00:00,7.1,36,16.8,120.0,1017.1
2017-10-23 17:00:00,5.2,43,13.5,27.0,1017.1
2017-10-23 18:00:00,3.6,50,11.7,0.0,1017.7
2017-10-23 19:00:00,2.6,53,11.5,0.0,1018.1
2017-10-23 20:00:00,2.4,53,11.8,0.0,1017.9
2017-10-23 21:00:00,2.0,54,11.8,0.0,1017.9
2017-10-23 22:00:00,1.2,58,10.8,0.0,1018.1
2017-10-23 23:00:00,0.4,63,9.5,0.0,1018.2
2017-10-24 00:00:00,-0.5,70,7.9,0.0,1018.3
2017-10-24 01:00:00,-1.1,75,7.2,0.0,1018.7
2017-10-24 02:00:00,-1.5,77,6.8,0.0,1018.5
2017-10-24 03:00:00,-1.8,78,6.8,0.0,1018.3
2017-10-24 04:00:00,-1.9,78,7.6,0.0,1018.3
2017-10-24 05:00:00,-2.1,78,7.9,0.0,1018.4
2017-10-24 06:00:00,-2.4,80,7.6,0.0,1018.4
2017-10-24 07:00:00,-1.1,76,5.9,28.0,1018.6
2017-10-24 08:00:00,1.0,71,5.5,159.0,1019.6
2017-10-24 09:00:00,3.6,61,4.1,316.0,1019.5
2017-10-24 10:00:00,6.4,50,4.2,450.0,1019.1
2017-10-24 11:00:00,8.6,42,5.1,538.0,1018.7
2017-10-24 12:00:00,10.1,37,6.4,568.0,1018.0
2017-10-24 13:00:00,11.3,34,8.4,537.0,1017.4
2017-10-24 14:00:00,12.0,33,10.3,449.0,1016.7
2017-10-24 15:00:00,12.0,34,11.4,315.0,1016.3
2017-10-24 16:00:00,10.3,49,10.5,159.0,1016.2
2017-10-24 17:00:00,7.2,56,12.6,29.0,1015.9
2017-10-24 18:00:00,6.1,57,12.5,0.0,1016.3
2017-10-24 19:00:00,5.5,57,13.0,0.0,1016.4
2017-10-24 20:00:00,5.3,58,12.9,0.0,1016.3
2017-10-24 21:00:00,4.6,61,12.3,0.0,1016.5
2017-10-24 22:00:00,4.3,62,12.3,0.0,1016.9
2017-10-24 23:00:00,4.3,62,12.2,0.0,1016.7
2017-10-25 00:00:00,4.3,63,11.6,0.0,1016.8
2017-10-25 01:00:00,4.5,65,11.6,0.0,1016.9
2017-10-25 02:00:00,4.6,73,11.6,0.0,1016.8
2017-10-25 03:00:00,4.7,83,11.2,0.0,1016.6
2017-10-25 04:00:00,4.5,91,10.1,0.0,1016.8
2017-10-25 05:00:00,3.9,96,8.0,0.0,1016.7
2017-10-25 06:00:00,3.9,98,9.1,0.0,1017.0
2017-10-25 07:00:00,5.4,97,7.4,25.0,1017.2
2017-10-25 08:00:00,8.8,87,7.3,144.0,1018.2
2017-10-25 09:00:00,11.0,82,7.8,292.0,1018.3
2017-10-25 10:00:00,13.0,78,10.1,415.0,1018.3
2017-10-25 11:00:00,14.3,73,7.7,489.0,1017.8
2017-10-25 12:00:00,15.4,69,7.9,497.0,1017.8
2017-10-25 13:00:00,16.0,67,6.3,446.0,1017.0
2017-10-25 14:00:00,16.2,66,4.2,364.0,1016.6
2017-10-25 15:00:00,16.2,66,3.1,231.0,1016.2
2017-10-25 16:00:00,14.7,78,3.9,89.0,1016.1
2017-10-25 17:00:00,12.0,86,7.1,17.0,1016.1
2017-10-25 18:00:00,11.0,89,8.1,0.0,1016.0
2017-10-25 19:00:00,10.1,91,7.5,0.0,1015.7
2017-10-25 20:00:00,9.7,93,7.2,0.0,1015.4
2017-10-25 21:00:00,9.7,93,7.6,0.0,1015.4
2017-10-25 22:00:00,9.9,92,8.8,0.0,1015.3
2017-10-25 23:00:00,10.1,91,10.7,0.0,1015.0
2017-10-26 00:00:00,9.5,93,8.1,0.0,1014.5
2017-10-26 01:00:00,8.8,96,7.9,0.0,1014.3
2017-10-26 02:00:00,8.8,94,8.7,0.0,1014.0
2017-10-26 03:00:00,8.6,89,8.8,0.0,1013.2
2017-10-26 04:00:00,8.2,90,8.6,0.0,1013.0
2017-10-26 05:00:00,8.6,91,9.0,0.0,1012.7
2017-10-26 06:00:00,8.8,92,10.5,0.0,1012.4
2017-10-26 07:00:00,9.4,90,9.8,11.0,1012.4
2017-10-26 08:00:00,11.0,82,8.7,96.0,1013.0
2017-10-26 09:00:00,12.9,72,11.7,221.0,1012.9
2017-10-26 10:00:00,14.2,72,14.6,268.0,1012.3
2017-10-26 11:00:00,16.0,70,18.5,359.0,1012.0
2017-10-26 12:00:00,16.7,67,20.9,354.0,1011.4
2017-10-26 13:00:00,16.9,66,19.8,321.0,1010.5
2017-10-26 14:00:00,17.1,65,19.9,287.0,1010.0
2017-10-26 15:00:00,16.8,64,19.3,193.0,1010.0
2017-10-26 16:00:00,15.4,71,19.4,121.0,1010.1
2017-10-26 17:00:00,13.6,79,18.1,21.0,1010.5
2017-10-26 18:00:00,12.6,82,16.0,0.0,1010.8
2017-10-26 19:00:00,11.4,88,14.8,0.0,1011.0
2017-10-26 20:00:00,11.6,88,13.3,0.0,1011.1
2017-10-26 21:00:00,11.7,88,12.6,0.0,1011.1
2017-10-26 22:00:00,11.6,88,12.7,0.0,1011.4
2017-10-26 23:00:00,11.3,88,12.3,0.0,1011.3
2017-10-27 00:00:00,11.0,88,12.6,0.0,1011.1
2017-10-27 01:00:00,10.8,89,12.6,0.0,1011.3
2017-10-27 02:00:00,10.6,90,12.6,0.0,1011.3
2017-10-27 03:00:00,10.4,90,12.6,0.0,1011.1
2017-10-27 04:00:00,10.3,89,12.2,0.0,1010.9
2017-10-27 05:00:00,10.0,90,11.9,0.0,1011.3
2017-10-27 06:00:00,9.9,89,11.7,0.0,1011.4
2017-10-27 07:00:00,10.8,87,11.4,18.0,1011.7
2017-10-27 08:00:00,12.5,81,11.3,120.0,1012.3
2017-10-27 09:00:00,14.5,71,13.3,252.0,1012.4
2017-10-27 10:00:00,16.2,59,15.7,374.0,1011.9
2017-10-27 11:00:00,17.4,57,16.9,440.0,1011.6
2017-10-27 12:00:00,18.2,56,17.3,440.0,1011.2
2017-10-27 13:00:00,19.1,51,20.7,386.0,1010.1
2017-10-27 14:00:00,19.0,52,21.2,294.0,1010.0
2017-10-27 15:00:00,18.6,54,17.0,154.0,1010.0
2017-10-27 16:00:00,17.5,61,13.7,92.0,1010.3
2017-10-27 17:00:00,14.9,72,11.9,18.0,1010.5
2017-10-27 18:00:00,13.6,77,11.9,0.0,1010.8
2017-10-27 19:00:00,13.7,76,16.9,0.0,1011.3
2017-10-27 20:00:00,13.6,75,18.1,0.0,1011.3
2017-10-27 21:00:00,13.2,78,17.3,0.0,1011.5
2017-10-27 22:00:00,12.6,83,17.0,0.0,1011.8
2017-10-27 23:00:00,12.2,85,17.3,0.0,1011.7
2017-10-28 00:00:00,11.9,85,17.3,0.0,1011.5
2017-10-28 01:00:00,11.7,85,17.7,0.0,1011.5
2017-10-28 02:00:00,11.4,85,17.0,0.0,1011.4
2017-10-28 03:00:00,11.1,86,14.9,0.0,1011.1
2017-10-28 04:00:00,10.9,87,15.8,0.0,1011.2
2017-10-28 05:00:00,10.8,87,15.5,0.0,1011.6
2017-10-28 06:00:00,10.7,87,15.2,0.0,1011.8
2017-10-28 07:00:00,11.1,87,11.8,20.0,1012.7
2017-10-28 08:00:00,12.9,78,11.9,120.0,1014.1
2017-10-28 09:00:00,14.5,70,15.9,205.0,1014.8
2017-10-28 10:00:00,16.0,69,16.3,361.0,1015.0
2017-10-28 11:00:00,17.0,43,21.1,488.0,1015.4
2017-10-28 12:00:00,17.3,30,21.5,509.0,1015.5
2017-10-28 13:00:00,17.1,26,23.7,491.0,1015.4
2017-10-28 14:00:00,14.1,37,30.9,406.0,1016.4
2017-10-28 15:00:00,12.7,28,27.6,278.0,1017.4
2017-10-28 16:00:00,10.8,38,24.6,101.0,1017.8
2017-10-28 17:00:00,9.3,39,23.0,17.0,1018.5
2017-10-28 18:00:00,8.2,42,23.6,0.0,1019.6
2017-10-28 19:00:00,8.1,37,23.6,0.0,1020.4
2017-10-28 20:00:00,7.7,37,22.1,0.0,1021.4
2017-10-28 21:00:00,7.3,37,20.6,0.0,1022.2
2017-10-28 22:00:00,7.3,31,20.0,0.0,1022.3
2017-10-28 23:00:00,6.7,28,22.3,0.0,1022.4
2017-10-29 00:00:00,5.9,28,21.0,0.0,1022.3
2017-10-29 01:00:00,4.0,33,18.4,0.0,1022.2
2017-10-29 02:00:00,2.8,37,14.8,0.0,1021.7
2017-10-29 03:00:00,1.9,41,13.2,0.0,1021.4
2017-10-29 04:00:00,1.2,43,13.6,0.0,1021.1
2017-10-29 05:00:00,0.9,42,14.6,0.0,1021.3
2017-10-29 06:00:00,0.6,42,14.9,0.0,1021.1
2017-10-29 07:00:00,1.0,42,15.1,20.0,1021.1
2017-10-29 08:00:00,2.3,39,16.9,141.0,1022.0
2017-10-29 09:00:00,3.7,36,20.9,293.0,1022.1
2017-10-29 10:00:00,4.8,33,23.0,424.0,1021.7
2017-10-29 11:00:00,5.5,32,24.6,511.0,1021.4
2017-10-29 12:00:00,6.1,30,25.8,541.0,1020.8
2017-10-29 13:00:00,6.5,28,26.1,512.0,1020.2
2017-10-29 14:00:00,6.7,28,25.5,425.0,1019.8
2017-10-29 15:00:00,6.6,29,23.0,293.0,1019.9
2017-10-29 16:00:00,5.9,34,16.9,140.0,1019.9
2017-10-29 17:00:00,4.1,43,12.6,20.0,1020.0
2017-10-29 18:00:00,3.0,49,10.8,0.0,1020.5
2017-10-29 19:00:00,2.1,52,9.9,0.0,1020.9
2017-10-29 20:00:00,1.3,59,8.4,0.0,1020.8
2017-10-29 21:00:00,1.1,62,7.8,0.0,1020.8
2017-10-29 22:00:00,0.5,64,7.4,0.0,1021.0
2017-10-29 23:00:00,0.0,66,7.6,0.0,1020.7
2017-10-30 00:00:00,-0.3,64,8.6,0.0,1020.4
2017-10-30 01:00:00,-0.6,62,9.0,0.0,1020.5
2017-10-30 02:00:00,-0.9,63,8.6,0.0,1020.2
2017-10-30 03:00:00,-1.2,64,8.4,0.0,1019.8
2017-10-30 04:00:00,-1.5,66,7.8,0.0,1019.6
2017-10-30 05:00:00,-1.8,68,8.3,0.0,1019.6
2017-10-30 06:00:00,-2.0,69,8.1,0.0,1019.4
2017-10-30 07:00:00,-1.1,65,7.3,18.0,1019.7
2017-10-30 08:00:00,0.9,56,7.6,134.0,1020.9
2017-10-30 09:00:00,3.5,46,9.9,285.0,1020.7
2017-10-30 10:00:00,6.0,40,11.2,415.0,1020.4
2017-10-30 11:00:00,8.0,35,12.7,501.0,1019.9
2017-10-30 12:00:00,9.4,32,13.3,532.0,1019.0
2017-10-30 13:00:00,10.5,30,14.3,503.0,1017.8
2017-10-30 14:00:00,11.1,28,15.3,418.0,1016.8
2017-10-30 15:00:00,11.1,29,14.2,287.0,1016.1
2017-10-30 16:00:00,9.0,46,9.9,135.0,1015.5
2017-10-30 17:00:00,6.2,51,11.8,18.0,1015.4
2017-10-30 18:00:00,5.3,51,12.4,0.0,1015.4
2017-10-30 19:00:00,5.1,49,14.7,0.0,1015.6
2017-10-30 20:00:00,4.8,51,14.7,0.0,1015.6
2017-10-30 21:00:00,4.4,56,14.0,0.0,1015.3
2017-10-30 22:00:00,3.9,60,13.7,0.0,1015.0
2017-10-30 23:00:00,3.8,61,14.4,0.0,1014.7
2017-10-31 00:00:00,3.8,65,14.4,0.0,1014.4
2017-10-31 01:00:00,3.9,70,15.1,0.0,1014.1
2017-10-31 02:00:00,4.1,73,15.5,0.0,1013.5
2017-10-31 03:00:00,4.1,76,15.9,0.0,1012.5
2017-10-31 04:00:00,4.1,78,16.3,0.0,1012.4
2017-10-31 05:00:00,4.1,79,17.1,0.0,1012.4
2017-10-31 06:00:00,4.2,81,17.4,0.0,1011.9
2017-10-31 07:00:00,5.0,80,17.7,17.0,1011.8
2017-10-31 08:00:00,7.6,71,17.8,129.0,1012.8
2017-10-31 09:00:00,10.2,62,22.3,275.0,1012.3
2017-10-31 10:00:00,12.5,58,26.7,401.0,1011.6
2017-10-31 11:00:00,14.3,52,30.2,478.0,1011.1
2017-10-31 12:00:00,15.5,49,31.5,506.0,1009.8
2017-10-31 13:00:00,16.0,42,32.7,474.0,1008.8
2017-10-31 14:00:00,15.7,44,33.4,380.0,1008.1
2017-10-31 15:00:00,15.1,51,30.3,255.0,1007.7
2017-10-31 16:00:00,13.7,60,27.0,120.0,1007.3
2017-10-31 17:00:00,12.3,67,25.7,16.0,1007.4
2017-10-31 18:00:00,11.7,70,27.1,0.0,1007.6
2017-10-31 19:00:00,11.2,69,28.0,0.0,1007.5
2017-10-31 20:00:00,12.0,60,28.5,0.0,1007.2
2017-10-31 21:00:00,11.8,60,28.2,0.0,1007.2
2017-10-31 22:00:00,11.6,64,29.8,0.0,1006.9
2017-10-31 23:00:00,11.4,63,30.6,0.0,1006.2
2017-11-01 00:00:00,11.3,65,29.9,0.0,1005.8
2017-11-01 01:00:00,11.2,71,27.4,0.0,1006.3
2017-11-01 02:00:00,11.0,77,24.2,0.0,1006.3
2017-11-01 03:00:00,10.2,74,21.2,0.0,1007.0
2017-11-01 04:00:00,8.8,73,17.0,0.0,1008.1
2017-11-01 05:00:00,6.8,69,12.4,0.0,1009.6
2017-11-01 06:00:00,4.7,67,9.4,0.0,1010.5
2017-11-01 07:00:00,5.0,63,7.9,16.0,1011.5
2017-11-01 08:00:00,7.4,47,5.9,128.0,1012.6
2017-11-01 09:00:00,8.8,39,7.2,277.0,1012.7
2017-11-01 10:00:00,9.9,37,4.6,406.0,1012.6
2017-11-01 11:00:00,11.0,36,4.0,490.0,1012.5
2017-11-01 12:00:00,12.0,35,6.6,518.0,1012.0
2017-11-01 13:00:00,12.8,34,8.5,487.0,1011.6
2017-11-01 14:00:00,13.1,33,8.7,401.0,1011.0
2017-11-01 15:00:00,13.1,34,7.6,272.0,1010.9
2017-11-01 16:00:00,11.5,60,3.9,125.0,1010.7
2017-11-01 17:00:00,10.2,50,5.2,15.0,1010.8
2017-11-01 18:00:00,7.8,63,9.0,0.0,1011.2
2017-11-01 19:00:00,6.7,64,10.5,0.0,1011.6
2017-11-01 20:00:00,6.3,66,10.5,0.0,1011.4
2017-11-01 21:00:00,6.0,70,8.0,0.0,1011.6
2017-11-01 22:00:00,5.9,72,7.6,0.0,1011.7
2017-11-01 23:00:00,5.3,73,7.9,0.0,1011.9
2017-11-02 00:00:00,6.6,60,3.7,0.0,1011.5
2017-11-02 01:00:00,5.0,70,10.0,0.0,1011.7
2017-11-02 02:00:00,4.8,62,13.0,0.0,1011.0
2017-11-02 03:00:00,4.0,61,12.8,0.0,1010.6
2017-11-02 04:00:00,3.4,64,12.5,0.0,1010.3
2017-11-02 05:00:00,3.0,68,12.0,0.0,1010.0
2017-11-02 06:00:00,2.9,72,11.2,0.0,1009.9
2017-11-02 07:00:00,3.3,70,10.5,14.0,1009.7
2017-11-02 08:00:00,4.7,66,9.8,60.0,1010.5
2017-11-02 09:00:00,5.3,63,12.5,64.0,1010.6
2017-11-02 10:00:00,6.5,56,14.2,137.0,1010.8
2017-11-02 11:00:00,7.6,51,16.7,216.0,1011.3
2017-11-02 12:00:00,7.1,40,24.1,148.0,1011.4
2017-11-02 13:00:00,5.8,44,27.6,111.0,1011.6
2017-11-02 14:00:00,4.2,63,23.9,69.0,1012.5
2017-11-02 15:00:00,3.8,77,18.9,78.0,1013.2
2017-11-02 16:00:00,3.0,87,17.9,48.0,1013.7
2017-11-02 17:00:00,2.6,90,17.3,9.0,1014.3
2017-11-02 18:00:00,2.6,84,18.2,0.0,1015.1
2017-11-02 19:00:00,2.2,79,17.2,0.0,1015.5
2017-11-02 20:00:00,2.0,77,12.7,0.0,1016.7
2017-11-02 21:00:00,1.7,77,11.4,0.0,1017.1
2017-11-02 22:00:00,1.1,79,12.6,0.0,1017.9
2017-11-02 23:00:00,0.4,83,13.7,0.0,1017.9
2017-11-03 00:00:00,0.4,74,17.1,0.0,1018.2
2017-11-03 01:00:00,0.2,64,17.2,0.0,1018.3
2017-11-03 02:00:00,-0.4,61,16.5,0.0,1018.5
2017-11-03 03:00:00,-0.9,59,17.4,0.0,1018.5
2017-11-03 04:00:00,-1.4,58,17.0,0.0,1018.8
2017-11-03 05:00:00,-1.8,58,18.4,0.0,1019.3
2017-11-03 06:00:00,-2.1,58,18.4,0.0,1020.1
2017-11-03 07:00:00,-1.9,59,18.4,14.0,1021.0
2017-11-03 08:00:00,-0.6,60,21.8,123.0,1022.3
2017-11-03 09:00:00,0.8,57,24.3,272.0,1022.5
2017-11-03 10:00:00,2.1,50,25.5,401.0,1022.8
2017-11-03 11:00:00,3.2,44,26.2,487.0,1023.0
2017-11-03 12:00:00,4.0,40,26.8,518.0,1022.4
2017-11-03 13:00:00,4.4,37,26.9,487.0,1021.9
2017-11-03 14:00:00,4.5,33,26.7,401.0,1021.9
2017-11-03 15:00:00,4.4,31,25.9,272.0,1022.2
2017-11-03 16:00:00,3.4,36,21.2,121.0,1023.0
2017-11-03 17:00:00,2.1,43,16.9,13.0,1023.5
2017-11-03 18:00:00,1.0,49,12.6,0.0,1024.2
2017-11-03 19:00:00,-0.2,55,11.0,0.0,1024.7
2017-11-03 20:00:00,-1.6,61,8.9,0.0,1025.3
2017-11-03 21:00:00,-1.8,64,8.0,0.0,1025.6
2017-11-03 22:00:00,-2.4,68,7.3,0.0,1025.8
2017-11-03 23:00:00,-1.5,55,2.6,0.0,1025.8
2017-11-04 00:00:00,-1.7,58,2.4,0.0,1025.8
2017-11-04 01:00:00,-3.4,75,5.1,0.0,1025.6
2017-11-04 02:00:00,-3.7,76,7.4,0.0,1025.4
2017-11-04 03:00:00,-4.1,77,8.0,0.0,1024.9
2017-11-04 04:00:00,-4.2,74,8.7,0.0,1024.6
2017-11-04 05:00:00,-4.4,73,9.0,0.0,1024.4
2017-11-04 06:00:00,-4.5,72,8.9,0.0,1024.4
2017-11-04 07:00:00,-3.9,68,9.1,13.0,1024.3
2017-11-04 08:00:00,-1.8,58,11.0,120.0,1024.4
2017-11-04 09:00:00,1.0,46,14.5,267.0,1024.4
2017-11-04 10:00:00,3.6,37,17.1,397.0,1023.8
2017-11-04 11:00:00,5.3,34,18.9,483.0,1023.3
2017-11-04 12:00:00,6.5,30,20.2,511.0,1021.8
2017-11-04 13:00:00,7.4,30,20.7,481.0,1020.4
2017-11-04 14:00:00,8.1,33,20.7,395.0,1019.4
2017-11-04 15:00:00,8.3,36,17.6,265.0,1019.0
2017-11-04 16:00:00,6.7,42,15.8,118.0,1018.5
2017-11-04 17:00:00,4.8,51,17.1,12.0,1018.1
2017-11-04 18:00:00,4.0,57,15.9,0.0,1018.1
2017-11-04 19:00:00,3.0,63,15.0,0.0,1017.9
2017-11-04 20:00:00,3.4,65,15.8,0.0,1017.8
2017-11-04 21:00:00,3.3,68,15.9,0.0,1017.6
2017-11-04 22:00:00,3.2,70,16.7,0.0,1017.5
2017-11-04 23:00:00,3.2,73,17.2,0.0,1017.3
2017-11-05 00:00:00,3.1,75,17.1,0.0,1016.9
2017-11-05 01:00:00,3.2,78,17.1,0.0,1016.9
2017-11-05 02:00:00,3.4,80,17.6,0.0,1016.5
2017-11-05 03:00:00,3.6,83,17.5,0.0,1016.1
2017-11-05 04:00:00,3.8,85,18.2,0.0,1015.9
2017-11-05 05:00:00,4.0,85,18.2,0.0,1015.9
2017-11-05 06:00:00,4.1,85,18.1,0.0,1015.6
2017-11-05 07:00:00,4.7,83,18.4,12.0,1015.7
2017-11-05 08:00:00,7.5,73,21.3,112.0,1016.3
2017-11-05 09:00:00,10.2,64,23.0,251.0,1015.8
2017-11-05 10:00:00,12.3,59,30.4,380.0,1015.2
2017-11-05 11:00:00,13.7,55,34.2,462.0,1014.5
2017-11-05 12:00:00,14.8,52,35.4,488.0,1013.5
2017-11-05 13:00:00,15.2,52,37.4,454.0,1012.5
2017-11-05 14:00:00,14.9,55,36.4,370.0,1012.1
2017-11-05 15:00:00,14.0,59,33.7,245.0,1011.9
2017-11-05 16:00:00,12.6,63,31.9,106.0,1011.8
2017-11-05 17:00:00,11.3,68,29.8,11.0,1012.0
2017-11-05 18:00:00,10.8,71,29.6,0.0,1012.0
2017-11-05 19:00:00,10.5,70,28.8,0.0,1012.3
2017-11-05 20:00:00,10.3,68,27.4,0.0,1012.5
2017-11-05 21:00:00,10.1,64,26.9,0.0,1012.6
2017-11-05 22:00:00,9.7,58,26.8,0.0,1012.4
2017-11-05 23:00:00,9.4,56,26.1,0.0,1012.5
2017-11-06 00:00:00,9.1,55,25.0,0.0,1012.1
2017-11-06 01:00:00,8.9,55,24.5,0.0,1012.0
2017-11-06 02:00:00,8.8,55,24.3,0.0,1011.4
2017-11-06 03:00:00,8.6,55,23.2,0.0,1011.0
2017-11-06 04:00:00,8.4,57,22.7,0.0,1010.9
2017-11-06 05:00:00,8.3,59,22.0,0.0,1010.7
2017-11-06 06:00:00,8.2,62,21.1,0.0,1010.6
2017-11-06 07:00:00,8.4,64,20.0,10.0,1010.7
2017-11-06 08:00:00,10.0,61,18.4,100.0,1011.2
2017-11-06 09:00:00,11.8,58,20.9,225.0,1011.0
2017-11-06 10:00:00,13.7,56,26.1,355.0,1010.8
2017-11-06 11:00:00,15.2,56,29.2,434.0,1010.3
2017-11-06 12:00:00,16.0,51,31.4,456.0,1009.5
2017-11-06 13:00:00,16.8,48,31.7,348.0,1008.6
2017-11-06 14:00:00,16.6,49,31.1,303.0,1008.2
2017-11-06 15:00:00,15.6,54,25.0,219.0,1008.4
2017-11-06 16:00:00,14.4,59,19.4,101.0,1008.4
2017-11-06 17:00:00,12.6,69,16.5,9.0,1008.5
2017-11-06 18:00:00,11.1,78,13.7,0.0,1009.1
2017-11-06 19:00:00,9.9,83,12.1,0.0,1009.5
2017-11-06 20:00:00,9.8,80,14.5,0.0,1009.6
2017-11-06 21:00:00,9.8,81,15.9,0.0,1009.5
2017-11-06 22:00:00,9.5,84,16.6,0.0,1009.4
2017-11-06 23:00:00,9.1,86,15.9,0.0,1009.2
2017-11-07 00:00:00,8.9,85,16.0,0.0,1009.3
2017-11-07 01:00:00,8.7,83,16.2,0.0,1008.8
2017-11-07 02:00:00,8.6,81,15.5,0.0,1008.3
2017-11-07 03:00:00,8.6,79,15.5,0.0,1007.8
2017-11-07 04:00:00,8.8,79,16.0,0.0,1007.7
2017-11-07 05:00:00,8.9,80,15.2,0.0,1007.9
2017-11-07 06:00:00,9.0,83,14.7,0.0,1007.8
2017-11-07 07:00:00,10.0,83,15.1,8.0,1007.9
2017-11-07 08:00:00,11.3,79,14.4,66.0,1008.9
2017-11-07 09:00:00,12.2,79,16.3,105.0,1008.8
2017-11-07 10:00:00,13.8,76,20.7,280.0,1008.6
2017-11-07 11:00:00,14.5,73,25.8,244.0,1008.2
2017-11-07 12:00:00,15.7,65,22.3,300.0,1007.3
2017-11-07 13:00:00,16.1,63,17.4,293.0,1006.6
2017-11-07 14:00:00,16.5,57,15.9,309.0,1006.2
2017-11-07 15:00:00,16.1,59,12.2,209.0,1006.0
2017-11-07 16:00:00,13.8,71,9.7,98.0,1006.3
2017-11-07 17:00:00,11.4,76,10.4,9.0,1006.8
2017-11-07 18:00:00,11.1,79,12.2,0.0,1007.0
2017-11-07 19:00:00,9.7,81,13.6,0.0,1008.2
2017-11-07 20:00:00,9.7,38,20.4,0.0,1010.2
2017-11-07 21:00:00,8.9,40,25.0,0.0,1011.0
2017-11-07 22:00:00,7.2,48,24.6,0.0,1012.4
2017-11-07 23:00:00,5.9,50,22.3,0.0,1013.3
2017-11-08 00:00:00,5.0,52,18.7,0.0,1013.9
2017-11-08 01:00:00,4.2,53,16.6,0.0,1014.3
2017-11-08 02:00:00,3.6,54,16.3,0.0,1014.6
2017-11-08 03:00:00,3.0,54,15.3,0.0,1014.5
2017-11-08 04:00:00,2.3,57,12.8,0.0,1014.9
2017-11-08 05:00:00,1.5,61,10.9,0.0,1015.4
2017-11-08 06:00:00,1.2,61,11.2,0.0,1015.6
2017-11-08 07:00:00,1.4,59,11.0,9.0,1016.3
2017-11-08 08:00:00,3.0,53,10.7,106.0,1017.8
2017-11-08 09:00:00,4.7,46,14.5,249.0,1018.0
2017-11-08 10:00:00,5.9,40,16.3,376.0,1018.2
2017-11-08 11:00:00,6.7,37,17.6,459.0,1018.2
2017-11-08 12:00:00,7.4,36,18.1,488.0,1017.6
2017-11-08 13:00:00,7.7,35,17.7,459.0,1017.2
2017-11-08 14:00:00,7.9,34,16.9,375.0,1017.3
2017-11-08 15:00:00,7.7,35,14.2,249.0,1017.5
2017-11-08 16:00:00,6.3,48,8.3,105.0,1017.7
2017-11-08 17:00:00,4.1,62,7.9,9.0,1018.0
2017-11-08 18:00:00,3.2,63,9.2,0.0,1017.9
2017-11-08 19:00:00,2.4,66,9.7,0.0,1018.0
2017-11-08 20:00:00,2.0,68,9.7,0.0,1017.9
2017-11-08 21:00:00,1.6,68,9.7,0.0,1018.1
2017-11-08 22:00:00,1.0,71,8.9,0.0,1018.3
2017-11-08 23:00:00,0.3,74,8.2,0.0,1018.2
2017-11-09 00:00:00,-0.2,75,8.2,0.0,1018.4
2017-11-09 01:00:00,-0.4,76,8.5,0.0,1018.4
2017-11-09 02:00:00,-0.4,74,8.9,0.0,1018.1
2017-11-09 03:00:00,-0.2,72,9.6,0.0,1017.6
2017-11-09 04:00:00,0.1,69,10.7,0.0,1017.2
2017-11-09 05:00:00,0.1,67,11.6,0.0,1017.1
2017-11-09 06:00:00,0.4,64,12.5,0.0,1016.6
2017-11-09 07:00:00,1.0,62,12.3,8.0,1016.6
2017-11-09 08:00:00,3.5,55,12.4,99.0,1016.7
2017-11-09 09:00:00,5.8,48,14.8,238.0,1016.4
2017-11-09 10:00:00,8.4,41,17.7,360.0,1015.4
2017-11-09 11:00:00,10.8,36,19.2,435.0,1014.2
2017-11-09 12:00:00,12.3,33,21.2,470.0,1013.0
2017-11-09 13:00:00,13.1,30,24.1,412.0,1011.5
2017-11-09 14:00:00,13.3,31,25.7,338.0,1010.3
2017-11-09 15:00:00,12.5,35,24.3,196.0,1010.1
2017-11-09 16:00:00,10.7,42,24.2,55.0,1009.7
2017-11-09 17:00:00,9.2,50,22.7,6.0,1009.3
2017-11-09 18:00:00,9.4,51,26.4,0.0,1008.5
2017-11-09 19:00:00,9.4,58,27.5,0.0,1008.0
2017-11-09 20:00:00,9.1,63,22.7,0.0,1008.3
2017-11-09 21:00:00,9.5,68,21.7,0.0,1008.1
2017-11-09 22:00:00,9.3,76,18.0,0.0,1008.0
2017-11-09 23:00:00,9.6,82,19.8,0.0,1007.1
2017-11-10 00:00:00,10.0,85,20.5,0.0,1006.3
2017-11-10 01:00:00,10.4,87,20.7,0.0,1005.8
2017-11-10 02:00:00,10.2,90,16.0,0.0,1005.1
2017-11-10 03:00:00,10.1,92,14.9,0.0,1004.5
2017-11-10 04:00:00,9.9,82,15.0,0.0,1004.7
2017-11-10 05:00:00,9.1,75,15.0,0.0,1004.7
2017-11-10 06:00:00,8.0,57,21.1,0.0,1005.1
2017-11-10 07:00:00,5.9,53,23.3,2.0,1006.1
2017-11-10 08:00:00,4.5,52,23.4,12.0,1007.7
2017-11-10 09:00:00,4.8,48,25.5,170.0,1008.2
2017-11-10 10:00:00,5.6,46,26.8,363.0,1008.1
2017-11-10 11:00:00,6.5,43,26.5,445.0,1008.1
2017-11-10 12:00:00,7.6,38,29.9,469.0,1007.2
2017-11-10 13:00:00,7.3,38,28.8,230.0,1007.3
2017-11-10 14:00:00,7.0,37,28.3,171.0,1007.7
2017-11-10 15:00:00,6.9,36,29.4,141.0,1008.1
2017-11-10 16:00:00,6.2,37,28.1,59.0,1009.1
2017-11-10 17:00:00,5.5,39,23.2,5.0,1010.2
2017-11-10 18:00:00,4.5,43,18.6,0.0,1011.1
2017-11-10 19:00:00,4.3,43,18.6,0.0,1011.9
2017-11-10 20:00:00,4.0,43,21.5,0.0,1013.8
2017-11-10 21:00:00,3.1,46,20.9,0.0,1014.7
2017-11-10 22:00:00,2.3,47,22.5,0.0,1015.4
2017-11-10 23:00:00,1.6,49,21.0,0.0,1016.2
2017-11-11 00:00:00,1.0,50,19.0,0.0,1017.0
2017-11-11 01:00:00,0.4,52,17.6,0.0,1017.5
2017-11-11 02:00:00,-0.2,53,16.0,0.0,1017.6
2017-11-11 03:00:00,-0.8,55,14.0,0.0,1017.7
2017-11-11 04:00:00,-1.3,57,12.2,0.0,1017.9
2017-11-11 05:00:00,-1.9,59,11.1,0.0,1018.5
2017-11-11 06:00:00,-2.4,61,10.2,0.0,1018.6
2017-11-11 07:00:00,-2.4,61,9.0,7.0,1018.9
2017-11-11 08:00:00,-0.9,53,7.1,97.0,1020.2
2017-11-11 09:00:00,0.4,47,7.2,239.0,1019.8
2017-11-11 10:00:00,1.5,46,4.9,365.0,1019.7
2017-11-11 11:00:00,2.5,45,2.6,449.0,1019.1
2017-11-11 12:00:00,3.2,44,4.0,479.0,1018.0
2017-11-11 13:00:00,3.8,43,5.7,450.0,1017.1
2017-11-11 14:00:00,4.1,41,5.8,367.0,1016.4
2017-11-11 15:00:00,4.0,40,6.2,240.0,1015.7
2017-11-11 16:00:00,3.1,55,6.0,98.0,1015.2
2017-11-11 17:00:00,1.4,62,8.6,7.0,1014.9
2017-11-11 18:00:00,0.4,65,9.0,0.0,1014.6
2017-11-11 19:00:00,-0.4,66,9.7,0.0,1014.4
2017-11-11 20:00:00,-0.6,66,10.2,0.0,1014.6
2017-11-11 21:00:00,-0.8,66,10.7,0.0,1014.3
2017-11-11 22:00:00,-1.2,66,11.4,0.0,1014.1
2017-11-11 23:00:00,-1.6,67,12.2,0.0,1013.9
2017-11-12 00:00:00,-1.7,68,13.6,0.0,1013.4
2017-11-12 01:00:00,-1.2,65,14.7,0.0,1012.8
2017-11-12 02:00:00,-0.5,61,16.4,0.0,1011.6
2017-11-12 03:00:00,0.2,62,15.3,0.0,1010.7
2017-11-12 04:00:00,0.8,67,15.6,0.0,1010.1
2017-11-12 05:00:00,1.1,74,17.3,0.0,1009.7
2017-11-12 06:00:00,1.7,75,19.1,0.0,1009.0
2017-11-12 07:00:00,2.1,71,19.8,5.0,1008.8
2017-11-12 08:00:00,3.8,68,19.5,90.0,1009.0
2017-11-12 09:00:00,6.1,63,22.1,225.0,1008.6
2017-11-12 10:00:00,8.6,59,25.7,344.0,1008.3
2017-11-12 11:00:00,10.8,54,32.6,424.0,1007.5
2017-11-12 12:00:00,12.0,49,33.8,454.0,1006.6
2017-11-12 13:00:00,12.5,46,36.2,415.0,1006.3
2017-11-12 14:00:00,12.5,46,34.6,334.0,1005.6
2017-11-12 15:00:00,11.7,54,30.2,223.0,1005.2
2017-11-12 16:00:00,10.4,58,28.0,88.0,1005.1
2017-11-12 17:00:00,9.4,61,27.7,6.0,1005.7
2017-11-12 18:00:00,8.9,62,27.7,0.0,1006.1
2017-11-12 19:00:00,8.3,65,23.7,0.0,1006.3
2017-11-12 20:00:00,7.2,69,19.8,0.0,1007.0
2017-11-12 21:00:00,7.1,70,21.7,0.0,1007.0
2017-11-12 22:00:00,7.0,72,22.2,0.0,1007.0
2017-11-12 23:00:00,6.6,76,20.3,0.0,1007.0
2017-11-13 00:00:00,6.0,81,17.3,0.0,1007.1
2017-11-13 01:00:00,5.1,85,13.2,0.0,1007.0
2017-11-13 02:00:00,4.2,88,11.5,0.0,1006.8
2017-11-13 03:00:00,3.6,90,10.3,0.0,1006.1
2017-11-13 04:00:00,3.5,91,7.5,0.0,1005.5
2017-11-13 05:00:00,3.1,92,8.4,0.0,1004.9
2017-11-13 06:00:00,3.1,92,8.3,0.0,1004.6
2017-11-13 07:00:00,3.7,92,7.4,3.0,1004.7
2017-11-13 08:00:00,4.9,90,4.8,48.0,1005.8
2017-11-13 09:00:00,6.0,81,5.1,124.0,1005.5
2017-11-13 10:00:00,7.8,48,10.5,326.0,1005.4
2017-11-13 11:00:00,8.1,40,13.2,335.0,1005.3
2017-11-13 12:00:00,8.0,37,15.3,288.0,1004.7
2017-11-13 13:00:00,8.2,34,15.0,249.0,1004.0
2017-11-13 14:00:00,8.6,32,16.5,315.0,1003.6
2017-11-13 15:00:00,8.2,33,17.8,233.0,1003.9
2017-11-13 16:00:00,6.4,39,15.1,93.0,1004.5
2017-11-13 17:00:00,4.2,47,12.5,5.0,1005.3
2017-11-13 18:00:00,2.6,56,9.2,0.0,1006.0
2017-11-13 19:00:00,2.5,52,10.1,0.0,1006.5
2017-11-13 20:00:00,1.4,52,10.7,0.0,1008.4
2017-11-13 21:00:00,1.2,51,12.0,0.0,1009.1
2017-11-13 22:00:00,0.4,53,11.5,0.0,1009.8
2017-11-13 23:00:00,-0.8,59,9.2,0.0,1010.6
2017-11-14 00:00:00,-1.3,59,9.7,0.0,1011.3
2017-11-14 01:00:00,-1.5,56,10.5,0.0,1011.9
2017-11-14 02:00:00,-2.1,55,10.5,0.0,1012.4
2017-11-14 03:00:00,-2.7,56,9.9,0.0,1012.4
2017-11-14 04:00:00,-3.2,57,9.6,0.0,1012.5
2017-11-14 05:00:00,-3.4,56,10.9,0.0,1013.0
2017-11-14 06:00:00,-3.7,55,10.9,0.0,1013.3
2017-11-14 07:00:00,-3.9,56,9.4,5.0,1013.6
2017-11-14 08:00:00,-2.5,49,9.9,92.0,1014.6
2017-11-14 09:00:00,-0.9,42,13.7,235.0,1014.5
2017-11-14 10:00:00,0.1,33,15.9,363.0,1014.2
2017-11-14 11:00:00,0.9,29,16.7,448.0,1013.6
2017-11-14 12:00:00,1.7,27,17.5,477.0,1012.8
2017-11-14 13:00:00,2.4,27,22.0,446.0,1011.9
2017-11-14 14:00:00,2.7,25,25.0,259.0,1011.4
2017-11-14 15:00:00,2.5,28,22.5,103.0,1011.1
2017-11-14 16:00:00,1.9,30,18.7,46.0,1011.1
2017-11-14 17:00:00,0.6,32,18.1,4.0,1011.6
2017-11-14 18:00:00,-0.9,33,15.0,0.0,1012.2
2017-11-14 19:00:00,-1.7,32,16.4,0.0,1012.4
2017-11-14 20:00:00,-2.5,31,16.6,0.0,1013.4
2017-11-14 21:00:00,-3.2,33,14.3,0.0,1013.5
2017-11-14 22:00:00,-3.9,33,14.2,0.0,1013.9
2017-11-14 23:00:00,-4.6,33,13.1,0.0,1014.3
2017-11-15 00:00:00,-5.1,33,12.5,0.0,1014.4
2017-11-15 01:00:00,-5.4,32,13.0,0.0,1014.8
2017-11-15 02:00:00,-5.6,30,13.3,0.0,1014.8
2017-11-15 03:00:00,-5.8,29,13.0,0.0,1014.7
2017-11-15 04:00:00,-6.0,28,12.6,0.0,1014.4
2017-11-15 05:00:00,-6.1,27,12.3,0.0,1014.4
2017-11-15 06:00:00,-6.3,27,11.6,0.0,1014.5
2017-11-15 07:00:00,-6.1,28,11.2,4.0,1014.9
2017-11-15 08:00:00,-5.1,25,13.5,87.0,1016.1
2017-11-15 09:00:00,-4.0,24,18.4,227.0,1016.3
2017-11-15 10:00:00,-3.1,26,18.6,354.0,1016.5
2017-11-15 11:00:00,-2.4,28,17.7,438.0,1016.3
2017-11-15 12:00:00,-1.8,29,17.2,468.0,1015.6
2017-11-15 13:00:00,-1.4,29,16.9,440.0,1015.3
2017-11-15 14:00:00,-1.3,28,16.7,357.0,1015.3
2017-11-15 15:00:00,-1.5,28,15.8,232.0,1015.5
2017-11-15 16:00:00,-2.6,38,10.5,91.0,1016.0
2017-11-15 17:00:00,-4.2,45,9.5,5.0,1016.5
2017-11-15 18:00:00,-4.8,46,9.1,0.0,1017.0
2017-11-15 19:00:00,-5.2,46,8.7,0.0,1017.3
2017-11-15 20:00:00,-5.9,59,6.8,0.0,1017.7
2017-11-15 21:00:00,-5.9,56,7.2,0.0,1017.6
2017-11-15 22:00:00,-6.2,54,7.2,0.0,1017.6
2017-11-15 23:00:00,-6.3,49,7.5,0.0,1017.9
2017-11-16 00:00:00,-6.4,46,7.9,0.0,1018.2
2017-11-16 01:00:00,-6.7,46,8.0,0.0,1018.5
2017-11-16 02:00:00,-7.1,47,7.2,0.0,1018.7
2017-11-16 03:00:00,-7.5,48,6.6,0.0,1018.8
2017-11-16 04:00:00,-7.7,49,5.1,0.0,1018.8
2017-11-16 05:00:00,-8.0,52,5.1,0.0,1018.7
2017-11-16 06:00:00,-8.5,57,6.0,0.0,1018.6
2017-11-16 07:00:00,-8.2,55,6.1,3.0,1018.5
2017-11-16 08:00:00,-6.0,42,6.8,84.0,1018.4
2017-11-16 09:00:00,-3.4,31,8.4,222.0,1018.1
2017-11-16 10:00:00,-1.1,23,10.5,346.0,1018.0
2017-11-16 11:00:00,0.6,22,11.6,418.0,1017.6
2017-11-16 12:00:00,1.5,22,11.5,406.0,1016.7
2017-11-16 13:00:00,2.3,27,12.0,361.0,1015.7
2017-11-16 14:00:00,3.0,32,12.8,293.0,1014.7
2017-11-16 15:00:00,3.3,40,11.7,195.0,1014.1
2017-11-16 16:00:00,1.3,53,11.2,80.0,1013.5
2017-11-16 17:00:00,0.5,56,13.3,3.0,1013.6
2017-11-16 18:00:00,1.3,54,13.5,0.0,1013.7
2017-11-16 19:00:00,1.0,51,15.7,0.0,1014.0
2017-11-16 20:00:00,0.7,44,17.3,0.0,1013.1
2017-11-16 21:00:00,0.4,53,16.2,0.0,1013.0
2017-11-16 22:00:00,0.6,58,16.6,0.0,1012.8
2017-11-16 23:00:00,0.9,62,16.6,0.0,1012.4
2017-11-17 00:00:00,0.6,66,15.3,0.0,1012.2
2017-11-17 01:00:00,1.0,67,15.8,0.0,1011.8
2017-11-17 02:00:00,1.1,70,14.0,0.0,1011.1
2017-11-17 03:00:00,1.0,73,10.9,0.0,1010.5
2017-11-17 04:00:00,0.8,77,8.4,0.0,1010.2
2017-11-17 05:00:00,0.4,80,6.7,0.0,1010.4
2017-11-17 06:00:00,-0.3,83,8.9,0.0,1010.5
2017-11-17 07:00:00,-1.1,82,14.3,2.0,1011.4
2017-11-17 08:00:00,-2.4,68,20.5,68.0,1013.7
2017-11-17 09:00:00,-1.6,50,22.3,204.0,1014.6
2017-11-17 10:00:00,-0.5,43,23.6,340.0,1015.6
2017-11-17 11:00:00,-0.2,42,24.4,421.0,1015.9
2017-11-17 12:00:00,0.2,40,24.3,449.0,1016.2
2017-11-17 13:00:00,0.2,37,23.8,426.0,1016.5
2017-11-17 14:00:00,-0.1,34,23.3,336.0,1016.4
2017-11-17 15:00:00,-1.2,31,25.5,225.0,1017.0
2017-11-17 16:00:00,-2.6,32,21.9,86.0,1018.1
2017-11-17 17:00:00,-3.9,35,17.8,4.0,1019.1
2017-11-17 18:00:00,-4.8,38,13.0,0.0,1019.5
2017-11-17 19:00:00,-5.4,39,12.0,0.0,1020.1
2017-11-17 20:00:00,-5.4,32,18.5,0.0,1021.5
2017-11-17 21:00:00,-5.6,27,20.9,0.0,1022.0
2017-11-17 22:00:00,-6.0,26,21.6,0.0,1022.4
2017-11-17 23:00:00,-6.5,27,21.9,0.0,1022.9
2017-11-18 00:00:00,-7.0,26,22.4,0.0,1023.2
2017-11-18 01:00:00,-7.4,27,21.0,0.0,1023.5
2017-11-18 02:00:00,-7.8,28,19.1,0.0,1023.7
2017-11-18 03:00:00,-8.2,29,17.7,0.0,1023.8
2017-11-18 04:00:00,-8.4,29,16.4,0.0,1023.8
2017-11-18 05:00:00,-8.7,30,15.2,0.0,1023.9
2017-11-18 06:00:00,-8.8,31,14.7,0.0,1023.6
2017-11-18 07:00:00,-8.9,31,12.5,3.0,1023.6
2017-11-18 08:00:00,-8.7,30,10.7,80.0,1023.8
2017-11-18 09:00:00,-7.7,27,13.2,219.0,1023.6
2017-11-18 10:00:00,-6.7,25,14.3,346.0,1023.4
2017-11-18 11:00:00,-5.9,25,14.0,430.0,1022.8
2017-11-18 12:00:00,-5.2,26,13.8,460.0,1021.6
2017-11-18 13:00:00,-4.8,26,13.4,432.0,1020.3
2017-11-18 14:00:00,-4.5,25,13.3,350.0,1019.3
2017-11-18 15:00:00,-4.4,24,13.1,224.0,1019.0
2017-11-18 16:00:00,-5.1,30,8.8,85.0,1018.6
2017-11-18 17:00:00,-6.3,35,8.9,4.0,1018.5
2017-11-18 18:00:00,-6.8,31,7.6,0.0,1018.5
2017-11-18 19:00:00,-7.3,27,5.5,0.0,1018.5
2017-11-18 20:00:00,-7.7,26,8.9,0.0,1018.9
2017-11-18 21:00:00,-7.8,25,9.4,0.0,1018.8
2017-11-18 22:00:00,-8.2,26,8.4,0.0,1019.0
2017-11-18 23:00:00,-7.9,26,7.8,0.0,1019.2
2017-11-19 00:00:00,-8.4,28,7.1,0.0,1019.2
2017-11-19 01:00:00,-8.8,29,7.9,0.0,1019.6
2017-11-19 02:00:00,-8.2,26,14.2,0.0,1020.4
2017-11-19 03:00:00,-8.0,29,14.4,0.0,1020.9
2017-11-19 04:00:00,-8.2,32,13.4,0.0,1021.5
2017-11-19 05:00:00,-8.9,34,12.1,0.0,1021.9
2017-11-19 06:00:00,-9.5,36,10.8,0.0,1022.2
2017-11-19 07:00:00,-9.8,37,10.3,2.0,1022.4
2017-11-19 08:00:00,-9.4,38,9.5,78.0,1023.6
2017-11-19 09:00:00,-8.1,33,9.8,217.0,1024.0
2017-11-19 10:00:00,-6.7,29,10.2,345.0,1024.0
2017-11-19 11:00:00,-5.7,27,11.2,429.0,1023.9
2017-11-19 12:00:00,-5.0,29,12.1,458.0,1022.9
2017-11-19 13:00:00,-4.5,29,11.2,429.0,1021.5
2017-11-19 14:00:00,-4.2,29,10.5,345.0,1020.4
2017-11-19 15:00:00,-4.1,28,8.1,217.0,1020.0
2017-11-19 16:00:00,-4.9,51,4.0,81.0,1019.9
2017-11-19 17:00:00,-5.7,41,7.6,3.0,1019.9
2017-11-19 18:00:00,-6.3,35,9.0,0.0,1019.9
2017-11-19 19:00:00,-6.7,31,9.1,0.0,1019.8
2017-11-19 20:00:00,-7.4,31,8.8,0.0,1019.8
2017-11-19 21:00:00,-7.7,31,9.8,0.0,1019.5
2017-11-19 22:00:00,-7.6,31,11.3,0.0,1019.4
2017-11-19 23:00:00,-6.9,30,11.2,0.0,1019.4
2017-11-20 00:00:00,-6.9,31,12.0,0.0,1018.7
2017-11-20 01:00:00,-6.5,30,12.4,0.0,1017.8
2017-11-20 02:00:00,-6.3,30,10.0,0.0,1017.2
2017-11-20 03:00:00,-7.1,33,7.7,0.0,1016.8
2017-11-20 04:00:00,-7.6,36,7.7,0.0,1016.7
2017-11-20 05:00:00,-7.9,39,7.7,0.0,1016.6
2017-11-20 06:00:00,-8.3,42,7.5,0.0,1016.9
2017-11-20 07:00:00,-8.2,44,7.7,2.0,1017.4
2017-11-20 08:00:00,-6.4,45,7.1,72.0,1018.7
2017-11-20 09:00:00,-4.1,40,10.7,207.0,1019.3
2017-11-20 10:00:00,-2.2,36,11.8,332.0,1020.0
2017-11-20 11:00:00,-1.1,37,11.7,416.0,1019.9
2017-11-20 12:00:00,-0.5,38,13.0,447.0,1019.4
2017-11-20 13:00:00,-0.2,38,12.9,420.0,1019.3
2017-11-20 14:00:00,-0.2,37,12.2,339.0,1019.4
2017-11-20 15:00:00,-0.5,39,8.8,215.0,1019.6
2017-11-20 16:00:00,-2.6,62,6.3,80.0,1019.8
2017-11-20 17:00:00,-3.7,56,9.3,3.0,1019.7
2017-11-20 18:00:00,-4.7,56,9.5,0.0,1019.7
2017-11-20 19:00:00,-5.2,52,9.7,0.0,1019.9
2017-11-20 20:00:00,-5.3,48,10.7,0.0,1020.0
2017-11-20 21:00:00,-5.5,46,10.2,0.0,1019.9
2017-11-20 22:00:00,-5.6,46,10.9,0.0,1019.5
2017-11-20 23:00:00,-5.6,47,10.7,0.0,1019.5
2017-11-21 00:00:00,-5.7,48,10.7,0.0,1019.2
2017-11-21 01:00:00,-5.5,48,12.5,0.0,1018.7
2017-11-21 02:00:00,-4.9,48,14.1,0.0,1017.9
2017-11-21 03:00:00,-4.2,46,16.8,0.0,1016.7
2017-11-21 04:00:00,-3.3,43,18.4,0.0,1015.7
2017-11-21 05:00:00,-2.6,42,20.6,0.0,1014.7
2017-11-21 06:00:00,-2.0,45,22.7,0.0,1013.9
2017-11-21 07:00:00,-1.6,47,24.5,1.0,1013.3
2017-11-21 08:00:00,0.2,50,27.2,68.0,1013.4
2017-11-21 09:00:00,2.4,48,26.7,196.0,1012.7
2017-11-21 10:00:00,4.6,48,30.9,312.0,1012.0
2017-11-21 11:00:00,6.9,47,34.6,394.0,1010.9
2017-11-21 12:00:00,8.2,45,36.9,420.0,1009.4
2017-11-21 13:00:00,9.2,48,43.3,352.0,1008.0
2017-11-21 14:00:00,8.9,44,38.4,294.0,1006.9
2017-11-21 15:00:00,8.2,41,33.5,170.0,1006.6
2017-11-21 16:00:00,7.1,43,31.9,57.0,1006.4
2017-11-21 17:00:00,6.1,49,29.7,2.0,1006.4
2017-11-21 18:00:00,4.6,69,27.0,0.0,1006.9
2017-11-21 19:00:00,4.2,77,25.6,0.0,1006.9
2017-11-21 20:00:00,3.4,76,24.0,0.0,1007.7
2017-11-21 21:00:00,2.9,85,19.9,0.0,1008.3
2017-11-21 22:00:00,2.1,81,19.0,0.0,1009.8
2017-11-21 23:00:00,0.3,49,17.6,0.0,1010.9
2017-11-22 00:00:00,-1.1,48,13.0,0.0,1011.4
2017-11-22 01:00:00,-2.5,56,9.8,0.0,1012.0
2017-11-22 02:00:00,-3.1,58,9.3,0.0,1012.2
2017-11-22 03:00:00,-3.6,57,9.1,0.0,1011.9
2017-11-22 04:00:00,-4.1,55,9.1,0.0,1011.7
2017-11-22 05:00:00,-4.4,50,9.6,0.0,1011.7
2017-11-22 06:00:00,-4.6,49,10.2,0.0,1011.8
2017-11-22 07:00:00,-4.7,48,10.2,1.0,1012.1
2017-11-22 08:00:00,-2.7,43,8.9,68.0,1013.1
2017-11-22 09:00:00,-0.7,40,13.0,198.0,1013.7
2017-11-22 10:00:00,0.6,36,17.3,325.0,1013.8
2017-11-22 11:00:00,1.3,34,17.7,410.0,1013.5
2017-11-22 12:00:00,1.7,32,16.9,441.0,1012.7
2017-11-22 13:00:00,1.9,30,18.0,416.0,1012.0
2017-11-22 14:00:00,2.0,26,19.8,322.0,1011.5
2017-11-22 15:00:00,1.4,28,16.7,208.0,1011.5
2017-11-22 16:00:00,-0.6,40,12.0,77.0,1011.7
2017-11-22 17:00:00,-2.2,40,13.2,3.0,1012.2
2017-11-22 18:00:00,-3.5,50,8.7,0.0,1012.0
2017-11-22 19:00:00,-3.6,47,6.0,0.0,1011.9
2017-11-22 20:00:00,-4.1,44,10.6,0.0,1012.6
2017-11-22 21:00:00,-3.6,39,12.2,0.0,1012.6
2017-11-22 22:00:00,-3.4,36,12.6,0.0,1012.7
2017-11-22 23:00:00,-3.6,34,12.3,0.0,1012.7
2017-11-23 00:00:00,-4.2,31,12.4,0.0,1012.5
2017-11-23 01:00:00,-4.6,29,12.9,0.0,1012.2
2017-11-23 02:00:00,-5.0,29,12.6,0.0,1012.1
2017-11-23 03:00:00,-5.5,30,11.6,0.0,1011.8
2017-11-23 04:00:00,-6.0,32,10.8,0.0,1011.7
2017-11-23 05:00:00,-6.5,34,10.4,0.0,1011.8
2017-11-23 06:00:00,-6.9,35,9.9,0.0,1012.0
2017-11-23 07:00:00,-7.1,35,9.8,1.0,1012.1
2017-11-23 08:00:00,-5.0,30,9.0,66.0,1012.7
2017-11-23 09:00:00,-3.1,26,11.2,201.0,1012.5
2017-11-23 10:00:00,-1.7,23,12.2,327.0,1012.2
2017-11-23 11:00:00,-0.7,21,15.5,411.0,1012.1
2017-11-23 12:00:00,0.4,23,23.4,435.0,1011.5
2017-11-23 13:00:00,0.4,23,25.4,250.0,1010.7
2017-11-23 14:00:00,0.3,23,22.5,185.0,1010.4
2017-11-23 15:00:00,-0.4,29,18.9,127.0,1010.7
2017-11-23 16:00:00,-1.8,31,16.3,66.0,1011.1
2017-11-23 17:00:00,-3.6,33,16.0,2.0,1012.0
2017-11-23 18:00:00,-4.5,33,15.2,0.0,1012.6
2017-11-23 19:00:00,-5.3,33,13.4,0.0,1012.9
2017-11-23 20:00:00,-6.2,44,8.0,0.0,1013.7
2017-11-23 21:00:00,-6.7,56,4.3,0.0,1014.1
2017-11-23 22:00:00,-6.7,38,3.8,0.0,1014.5
2017-11-23 23:00:00,-7.2,38,7.8,0.0,1014.8
2017-11-24 00:00:00,-7.4,37,9.0,0.0,1014.9
2017-11-24 01:00:00,-7.6,35,9.7,0.0,1015.1
2017-11-24 02:00:00,-8.0,33,9.7,0.0,1015.3
2017-11-24 03:00:00,-8.6,33,8.7,0.0,1015.1
2017-11-24 04:00:00,-9.1,33,7.9,0.0,1015.0
2017-11-24 05:00:00,-9.4,33,7.6,0.0,1015.5
2017-11-24 06:00:00,-9.7,34,6.8,0.0,1015.8
2017-11-24 07:00:00,-9.7,33,6.0,1.0,1016.1
2017-11-24 08:00:00,-8.5,29,3.8,64.0,1017.2
2017-11-24 09:00:00,-6.9,25,5.1,197.0,1017.5
2017-11-24 10:00:00,-5.2,24,8.7,322.0,1017.6
2017-11-24 11:00:00,-4.1,23,11.5,407.0,1017.6
2017-11-24 12:00:00,-3.4,25,13.7,439.0,1017.0
2017-11-24 13:00:00,-2.9,25,13.7,414.0,1016.5
2017-11-24 14:00:00,-2.7,26,12.6,333.0,1016.0
2017-11-24 15:00:00,-2.5,26,14.9,211.0,1016.2
2017-11-24 16:00:00,-3.4,40,7.2,64.0,1016.0
2017-11-24 17:00:00,-5.0,35,12.0,2.0,1015.4
2017-11-24 18:00:00,-5.3,28,13.1,0.0,1015.3
2017-11-24 19:00:00,-5.8,28,12.9,0.0,1015.2
2017-11-24 20:00:00,-6.0,30,12.8,0.0,1015.3
2017-11-24 21:00:00,-6.2,32,13.1,0.0,1015.0
2017-11-24 22:00:00,-6.2,34,12.6,0.0,1014.9
2017-11-24 23:00:00,-5.9,33,12.4,0.0,1014.1
2017-11-25 00:00:00,-5.9,33,14.3,0.0,1013.5
2017-11-25 01:00:00,-4.0,32,17.7,0.0,1012.9
2017-11-25 02:00:00,-3.5,35,19.1,0.0,1011.9
2017-11-25 03:00:00,-2.8,39,21.7,0.0,1011.1
2017-11-25 04:00:00,-2.4,57,20.1,0.0,1010.2
2017-11-25 05:00:00,-2.4,70,17.2,0.0,1010.0
2017-11-25 06:00:00,-3.2,83,13.8,0.0,1010.2
2017-11-25 07:00:00,-3.9,88,11.5,1.0,1010.4
2017-11-25 08:00:00,-3.0,88,8.7,59.0,1011.1
2017-11-25 09:00:00,-1.5,65,9.8,188.0,1011.5
2017-11-25 10:00:00,-0.4,43,10.7,312.0,1011.7
2017-11-25 11:00:00,0.3,38,11.0,398.0,1011.6
2017-11-25 12:00:00,0.7,36,14.5,430.0,1011.0
2017-11-25 13:00:00,0.6,34,15.1,405.0,1010.9
2017-11-25 14:00:00,0.3,32,14.3,326.0,1010.9
2017-11-25 15:00:00,-0.5,34,14.3,205.0,1011.7
2017-11-25 16:00:00,-2.5,43,11.3,73.0,1012.5
2017-11-25 17:00:00,-4.1,45,11.6,2.0,1013.1
2017-11-25 18:00:00,-4.7,43,12.3,0.0,1013.7
2017-11-25 19:00:00,-5.2,40,14.0,0.0,1014.4
2017-11-25 20:00:00,-5.3,38,11.2,0.0,1015.3
2017-11-25 21:00:00,-6.2,40,9.6,0.0,1015.7
2017-11-25 22:00:00,-7.0,42,9.1,0.0,1016.0
2017-11-25 23:00:00,-6.5,41,8.3,0.0,1016.4
2017-11-26 00:00:00,-6.7,42,6.5,0.0,1017.1
2017-11-26 01:00:00,-7.0,44,6.8,0.0,1017.4
2017-11-26 02:00:00,-7.5,47,7.4,0.0,1017.8
2017-11-26 03:00:00,-8.0,49,7.8,0.0,1018.2
2017-11-26 04:00:00,-8.4,47,7.2,0.0,1018.8
2017-11-26 05:00:00,-9.3,47,8.3,0.0,1019.5
2017-11-26 06:00:00,-9.7,47,11.8,0.0,1020.4
2017-11-26 07:00:00,-9.6,46,15.0,0.0,1021.7
2017-11-26 08:00:00,-9.2,40,13.8,60.0,1023.8
2017-11-26 09:00:00,-8.1,35,14.8,192.0,1024.4
2017-11-26 10:00:00,-6.8,32,12.2,319.0,1024.8
2017-11-26 11:00:00,-5.6,28,10.9,405.0,1024.6
2017-11-26 12:00:00,-4.9,28,10.1,437.0,1024.1
2017-11-26 13:00:00,-4.6,30,9.7,411.0,1023.5
2017-11-26 14:00:00,-4.5,30,8.7,331.0,1023.6
2017-11-26 15:00:00,-4.7,31,5.9,209.0,1023.4
2017-11-26 16:00:00,-5.6,50,2.6,74.0,1023.3
2017-11-26 17:00:00,-6.5,38,7.8,2.0,1023.3
2017-11-26 18:00:00,-7.1,34,9.3,0.0,1023.1
2017-11-26 19:00:00,-7.4,34,8.8,0.0,1023.2
2017-11-26 20:00:00,-7.8,35,8.3,0.0,1023.0
2017-11-26 21:00:00,-8.6,37,9.4,0.0,1022.6
2017-11-26 22:00:00,-8.7,37,10.9,0.0,1022.2
2017-11-26 23:00:00,-8.7,36,12.4,0.0,1021.8
2017-11-27 00:00:00,-8.7,35,13.4,0.0,1021.4
2017-11-27 01:00:00,-8.8,35,13.8,0.0,1020.7
2017-11-27 02:00:00,-8.7,35,14.0,0.0,1019.9
2017-11-27 03:00:00,-8.5,33,14.8,0.0,1019.1
2017-11-27 04:00:00,-8.2,29,16.9,0.0,1018.1
2017-11-27 05:00:00,-7.4,25,19.8,0.0,1017.5
2017-11-27 06:00:00,-6.5,22,23.1,0.0,1016.6
2017-11-27 07:00:00,-5.5,21,26.0,0.0,1016.1
2017-11-27 08:00:00,-3.7,29,24.6,49.0,1015.5
2017-11-27 09:00:00,-1.6,28,27.1,134.0,1014.7
2017-11-27 10:00:00,0.6,33,31.7,209.0,1014.0
2017-11-27 11:00:00,2.4,38,33.9,308.0,1013.2
2017-11-27 12:00:00,3.7,44,35.7,353.0,1011.9
2017-11-27 13:00:00,4.4,46,35.7,356.0,1011.0
2017-11-27 14:00:00,4.5,45,32.6,254.0,1010.5
2017-11-27 15:00:00,4.1,48,30.9,114.0,1010.3
2017-11-27 16:00:00,3.4,53,30.1,50.0,1010.3
2017-11-27 17:00:00,2.8,61,29.5,1.0,1010.2
2017-11-27 18:00:00,2.1,66,27.0,0.0,1010.0
2017-11-27 19:00:00,2.1,68,27.5,0.0,1009.8
2017-11-27 20:00:00,2.4,68,27.5,0.0,1010.0
2017-11-27 21:00:00,2.3,68,25.6,0.0,1010.2
2017-11-27 22:00:00,2.3,69,24.6,0.0,1010.1
2017-11-27 23:00:00,2.0,72,22.6,0.0,1010.2
2017-11-28 00:00:00,2.2,75,21.7,0.0,1009.9
2017-11-28 01:00:00,2.0,81,20.7,0.0,1010.0
2017-11-28 02:00:00,2.3,84,20.2,0.0,1009.4
2017-11-28 03:00:00,2.7,85,20.3,0.0,1008.9
2017-11-28 04:00:00,3.1,85,20.4,0.0,1008.2
2017-11-28 05:00:00,3.6,85,21.3,0.0,1007.9
2017-11-28 06:00:00,4.0,86,20.6,0.0,1007.5
2017-11-28 07:00:00,4.1,87,20.4,0.0,1007.6
2017-11-28 08:00:00,5.4,81,22.8,18.0,1008.0
2017-11-28 09:00:00,6.1,81,22.9,52.0,1008.3
2017-11-28 10:00:00,6.8,86,22.3,127.0,1008.9
2017-11-28 11:00:00,6.7,71,20.2,128.0,1009.3
2017-11-28 12:00:00,7.2,47,22.4,367.0,1009.4
2017-11-28 13:00:00,6.8,33,28.1,392.0,1010.5
2017-11-28 14:00:00,4.4,40,27.3,312.0,1012.2
2017-11-28 15:00:00,2.4,37,26.2,197.0,1014.3
2017-11-28 16:00:00,-0.2,32,23.8,69.0,1016.3
2017-11-28 17:00:00,-2.0,31,22.4,1.0,1018.3
2017-11-28 18:00:00,-3.5,32,15.8,0.0,1019.6
2017-11-28 19:00:00,-4.9,39,10.6,0.0,1020.8
2017-11-28 20:00:00,-5.7,34,15.8,0.0,1022.8
2017-11-28 21:00:00,-6.9,28,22.2,0.0,1023.9
2017-11-28 22:00:00,-7.6,25,23.1,0.0,1024.9
2017-11-28 23:00:00,-8.4,20,23.5,0.0,1025.7
2017-11-29 00:00:00,-9.2,17,22.5,0.0,1026.2
2017-11-29 01:00:00,-9.8,17,18.0,0.0,1026.6
2017-11-29 02:00:00,-10.1,18,14.1,0.0,1027.1
2017-11-29 03:00:00,-10.3,18,12.1,0.0,1027.7
2017-11-29 04:00:00,-10.5,18,13.8,0.0,1027.7
2017-11-29 05:00:00,-10.6,19,12.9,0.0,1028.0
2017-11-29 06:00:00,-10.8,19,11.2,0.0,1028.1
2017-11-29 07:00:00,-11.0,20,9.4,0.0,1028.7
2017-11-29 08:00:00,-10.7,20,9.4,54.0,1029.4
2017-11-29 09:00:00,-9.9,19,12.9,186.0,1029.6
2017-11-29 10:00:00,-8.9,17,15.5,311.0,1029.7
2017-11-29 11:00:00,-8.1,16,15.0,396.0,1028.7
2017-11-29 12:00:00,-7.5,15,14.2,427.0,1027.8
2017-11-29 13:00:00,-7.0,16,13.7,402.0,1026.6
2017-11-29 14:00:00,-6.8,16,13.4,322.0,1025.8
2017-11-29 15:00:00,-6.8,16,12.3,201.0,1025.6
2017-11-29 16:00:00,-7.4,16,9.4,69.0,1025.7
2017-11-29 17:00:00,-8.2,16,7.1,1.0,1026.4
2017-11-29 18:00:00,-8.7,17,7.1,0.0,1027.1
2017-11-29 19:00:00,-9.2,18,7.0,0.0,1027.8
2017-11-29 20:00:00,-8.2,17,2.9,0.0,1027.4
2017-11-29 21:00:00,-8.5,17,2.5,0.0,1027.2
2017-11-29 22:00:00,-8.9,18,3.5,0.0,1027.1
2017-11-29 23:00:00,-10.3,21,5.0,0.0,1027.4
2017-11-30 00:00:00,-10.7,21,10.0,0.0,1027.3
2017-11-30 01:00:00,-11.2,22,10.7,0.0,1027.4
2017-11-30 02:00:00,-11.5,23,11.0,0.0,1027.5
2017-11-30 03:00:00,-11.7,24,11.5,0.0,1027.5
2017-11-30 04:00:00,-12.2,25,10.2,0.0,1027.4
2017-11-30 05:00:00,-12.7,26,8.7,0.0,1027.4
2017-11-30 06:00:00,-13.3,28,7.4,0.0,1027.2
2017-11-30 07:00:00,-13.7,29,6.8,0.0,1027.2
2017-11-30 08:00:00,-12.6,29,6.4,52.0,1027.7
2017-11-30 09:00:00,-11.0,26,7.9,183.0,1027.8
2017-11-30 10:00:00,-10.2,23,7.1,308.0,1027.5
2017-11-30 11:00:00,-9.4,21,6.6,395.0,1026.7
2017-11-30 12:00:00,-8.8,20,6.8,428.0,1025.5
2017-11-30 13:00:00,-8.2,19,7.2,404.0,1024.5
2017-11-30 14:00:00,-7.9,19,8.2,326.0,1023.9
2017-11-30 15:00:00,-7.9,18,8.3,205.0,1023.8
2017-11-30 16:00:00,-8.4,19,6.5,70.0,1023.8
2017-11-30 17:00:00,-9.4,21,8.2,1.0,1023.8
2017-11-30 18:00:00,-10.0,23,8.3,0.0,1023.8
2017-11-30 19:00:00,-10.3,23,9.3,0.0,1023.5
2017-11-30 20:00:00,-10.6,21,10.5,0.0,1023.6
2017-11-30 21:00:00,-11.1,22,10.3,0.0,1023.2
2017-11-30 22:00:00,-11.3,23,10.6,0.0,1023.0
2017-11-30 23:00:00,-11.3,23,11.4,0.0,1022.8
2017-12-01 00:00:00,-11.1,24,10.9,0.0,1022.3
2017-12-01 01:00:00,-11.2,24,9.7,0.0,1022.1
2017-12-01 02:00:00,-11.1,25,10.2,0.0,1021.7
2017-12-01 03:00:00,-11.3,30,9.3,0.0,1021.3
2017-12-01 04:00:00,-12.0,36,7.7,0.0,1021.2
2017-12-01 05:00:00,-12.3,39,6.1,0.0,1021.1
2017-12-01 06:00:00,-12.6,42,6.1,0.0,1021.0
2017-12-01 07:00:00,-12.8,45,5.9,0.0,1021.5
2017-12-01 08:00:00,-10.9,48,4.2,48.0,1022.1
2017-12-01 09:00:00,-8.9,42,5.6,176.0,1022.2
2017-12-01 10:00:00,-6.7,33,7.2,301.0,1022.3
2017-12-01 11:00:00,-4.6,25,8.1,387.0,1022.1
2017-12-01 12:00:00,-3.0,23,10.1,420.0,1021.2
2017-12-01 13:00:00,-2.1,23,12.4,396.0,1020.4
2017-12-01 14:00:00,-1.6,23,14.7,318.0,1019.9
2017-12-01 15:00:00,-1.5,23,14.0,199.0,1019.5
2017-12-01 16:00:00,-3.9,26,10.0,68.0,1019.5
2017-12-01 17:00:00,-5.2,29,11.3,1.0,1019.5
2017-12-01 18:00:00,-5.8,31,11.9,0.0,1019.6
2017-12-01 19:00:00,-6.1,31,13.2,0.0,1019.6
2017-12-01 20:00:00,-5.5,41,14.6,0.0,1019.1
2017-12-01 21:00:00,-5.6,49,15.2,0.0,1018.6
2017-12-01 22:00:00,-5.2,50,16.6,0.0,1018.1
2017-12-01 23:00:00,-4.8,50,17.8,0.0,1017.9
2017-12-02 00:00:00,-4.3,51,19.0,0.0,1017.6
2017-12-02 01:00:00,-4.0,51,19.5,0.0,1017.1
2017-12-02 02:00:00,-4.0,54,19.2,0.0,1016.5
2017-12-02 03:00:00,-3.9,58,19.5,0.0,1015.7
2017-12-02 04:00:00,-3.5,63,19.9,0.0,1015.0
2017-12-02 05:00:00,-3.1,69,20.5,0.0,1014.5
2017-12-02 06:00:00,-2.6,76,21.2,0.0,1013.6
2017-12-02 07:00:00,-2.0,80,21.6,0.0,1013.3
2017-12-02 08:00:00,-0.6,77,20.8,44.0,1013.7
2017-12-02 09:00:00,1.6,70,19.9,164.0,1013.6
2017-12-02 10:00:00,3.2,64,25.5,277.0,1013.5
2017-12-02 11:00:00,4.6,59,27.3,352.0,1012.8
2017-12-02 12:00:00,6.0,44,31.7,359.0,1012.0
2017-12-02 13:00:00,5.7,47,26.3,286.0,1011.5
2017-12-02 14:00:00,5.5,50,23.5,257.0,1011.2
2017-12-02 15:00:00,4.5,52,15.9,179.0,1011.4
2017-12-02 16:00:00,0.4,64,10.4,64.0,1011.8
2017-12-02 17:00:00,-1.9,64,8.8,1.0,1012.3
2017-12-02 18:00:00,-2.4,59,6.9,0.0,1012.8
2017-12-02 19:00:00,-2.3,54,5.6,0.0,1013.3
2017-12-02 20:00:00,-4.0,88,7.6,0.0,1013.7
2017-12-02 21:00:00,-3.5,68,8.4,0.0,1014.3
2017-12-02 22:00:00,-3.3,43,13.9,0.0,1014.9
2017-12-02 23:00:00,-3.7,41,12.9,0.0,1015.8
2017-12-03 00:00:00,-4.2,39,12.1,0.0,1016.5
2017-12-03 01:00:00,-4.2,39,13.2,0.0,1017.2
2017-12-03 02:00:00,-4.6,40,13.2,0.0,1017.9
2017-12-03 03:00:00,-5.2,42,13.7,0.0,1018.3
2017-12-03 04:00:00,-5.8,43,13.7,0.0,1018.7
2017-12-03 05:00:00,-6.5,45,12.2,0.0,1019.3
2017-12-03 06:00:00,-7.1,47,11.2,0.0,1020.0
2017-12-03 07:00:00,-7.6,49,10.9,0.0,1020.7
2017-12-03 08:00:00,-7.0,46,13.8,44.0,1021.1
2017-12-03 09:00:00,-6.0,41,15.3,168.0,1021.8
2017-12-03 10:00:00,-4.9,36,15.3,292.0,1021.8
2017-12-03 11:00:00,-4.0,32,14.8,379.0,1021.8
2017-12-03 12:00:00,-3.6,31,15.3,413.0,1021.1
2017-12-03 13:00:00,-3.4,30,14.9,391.0,1020.6
2017-12-03 14:00:00,-3.6,29,14.6,315.0,1020.1
2017-12-03 15:00:00,-4.0,29,13.8,198.0,1019.8
2017-12-03 16:00:00,-5.3,35,9.2,67.0,1020.1
2017-12-03 17:00:00,-6.6,33,8.1,1.0,1020.3
2017-12-03 18:00:00,-7.4,34,7.9,0.0,1020.8
2017-12-03 19:00:00,-8.3,35,7.9,0.0,1021.1
2017-12-03 20:00:00,-8.6,36,7.8,0.0,1021.5
2017-12-03 21:00:00,-9.2,37,6.2,0.0,1021.2
2017-12-03 22:00:00,-7.7,33,2.4,0.0,1021.2
2017-12-03 23:00:00,-8.1,34,3.1,0.0,1021.2
2017-12-04 00:00:00,-10.1,40,5.9,0.0,1021.0
2017-12-04 01:00:00,-10.6,41,8.4,0.0,1021.0
2017-12-04 02:00:00,-9.1,31,16.1,0.0,1020.9
2017-12-04 03:00:00,-9.3,28,16.6,0.0,1020.9
2017-12-04 04:00:00,-9.8,29,14.5,0.0,1020.7
2017-12-04 05:00:00,-10.3,30,12.6,0.0,1020.9
2017-12-04 06:00:00,-10.9,32,10.6,0.0,1021.2
2017-12-04 07:00:00,-11.9,35,8.4,0.0,1021.5
2017-12-04 08:00:00,-11.3,33,5.4,44.0,1021.9
2017-12-04 09:00:00,-9.9,30,6.9,170.0,1021.5
2017-12-04 10:00:00,-8.4,27,8.0,294.0,1021.4
2017-12-04 11:00:00,-7.2,24,10.3,379.0,1021.0
2017-12-04 12:00:00,-6.3,23,12.0,412.0,1020.1
2017-12-04 13:00:00,-5.8,23,12.2,389.0,1019.4
2017-12-04 14:00:00,-5.0,22,17.9,313.0,1018.9
2017-12-04 15:00:00,-5.0,21,17.9,185.0,1018.3
2017-12-04 16:00:00,-5.7,24,10.5,54.0,1018.2
2017-12-04 17:00:00,-7.7,28,7.7,1.0,1017.9
2017-12-04 18:00:00,-8.7,31,6.9,0.0,1017.9
2017-12-04 19:00:00,-7.7,28,4.0,0.0,1017.8
2017-12-04 20:00:00,-10.2,36,8.7,0.0,1017.6
2017-12-04 21:00:00,-10.0,34,10.3,0.0,1016.8
2017-12-04 22:00:00,-10.3,35,9.9,0.0,1016.9
2017-12-04 23:00:00,-10.6,36,9.8,0.0,1017.1
2017-12-05 00:00:00,-10.6,37,10.9,0.0,1017.0
2017-12-05 01:00:00,-10.7,37,11.2,0.0,1016.6
2017-12-05 02:00:00,-10.9,38,11.2,0.0,1016.7
2017-12-05 03:00:00,-11.4,39,10.3,0.0,1016.2
2017-12-05 04:00:00,-12.4,42,8.2,0.0,1015.8
2017-12-05 05:00:00,-12.7,43,6.3,0.0,1015.5
2017-12-05 06:00:00,-11.6,40,4.0,0.0,1015.1
2017-12-05 07:00:00,-12.7,44,4.9,0.0,1014.9
2017-12-05 08:00:00,-11.9,45,7.2,41.0,1015.1
2017-12-05 09:00:00,-9.9,38,9.4,163.0,1014.6
2017-12-05 10:00:00,-7.4,31,11.4,285.0,1014.3
2017-12-05 11:00:00,-5.3,26,13.4,369.0,1013.6
2017-12-05 12:00:00,-3.9,24,14.7,400.0,1012.4
2017-12-05 13:00:00,-3.0,24,15.0,329.0,1011.7
2017-12-05 14:00:00,-2.7,23,15.3,209.0,1011.1
2017-12-05 15:00:00,-2.3,23,10.3,118.0,1010.7
2017-12-05 16:00:00,-3.6,27,8.6,45.0,1010.5
2017-12-05 17:00:00,-5.3,30,9.7,1.0,1010.3
2017-12-05 18:00:00,-6.7,34,10.0,0.0,1010.3
2017-12-05 19:00:00,-7.3,36,10.3,0.0,1010.6
2017-12-05 20:00:00,-7.9,40,9.2,0.0,1010.9
2017-12-05 21:00:00,-9.1,44,8.7,0.0,1010.7
2017-12-05 22:00:00,-8.5,41,5.8,0.0,1010.9
2017-12-05 23:00:00,-9.3,44,6.0,0.0,1011.3
2017-12-06 00:00:00,-10.6,52,6.8,0.0,1011.5
2017-12-06 01:00:00,-10.2,52,5.4,0.0,1011.6
2017-12-06 02:00:00,-11.1,60,7.9,0.0,1011.6
2017-12-06 03:00:00,-11.0,64,8.7,0.0,1011.5
2017-12-06 04:00:00,-10.8,64,9.3,0.0,1011.1
2017-12-06 05:00:00,-11.1,65,8.5,0.0,1011.1
2017-12-06 06:00:00,-11.2,64,8.3,0.0,1011.1
2017-12-06 07:00:00,-11.2,63,8.4,0.0,1011.5
2017-12-06 08:00:00,-8.5,57,7.6,38.0,1011.9
2017-12-06 09:00:00,-5.5,49,6.1,154.0,1012.1
2017-12-06 10:00:00,-3.0,44,4.2,271.0,1012.5
2017-12-06 11:00:00,-1.2,40,2.2,354.0,1012.2
2017-12-06 12:00:00,-0.1,37,1.4,391.0,1011.6
2017-12-06 13:00:00,0.7,35,4.0,372.0,1011.5
2017-12-06 14:00:00,0.8,35,4.7,300.0,1011.4
2017-12-06 15:00:00,0.2,46,4.1,188.0,1011.4
2017-12-06 16:00:00,-2.6,51,6.6,63.0,1011.7
2017-12-06 17:00:00,-3.1,38,12.3,1.0,1012.6
2017-12-06 18:00:00,-2.7,35,11.8,0.0,1013.3
2017-12-06 19:00:00,-2.9,36,10.8,0.0,1014.2
2017-12-06 20:00:00,-4.8,46,15.9,0.0,1015.0
2017-12-06 21:00:00,-5.7,52,14.3,0.0,1015.4
2017-12-06 22:00:00,-6.4,60,12.6,0.0,1016.0
2017-12-06 23:00:00,-7.3,67,9.8,0.0,1016.6
2017-12-07 00:00:00,-8.5,73,7.9,0.0,1017.0
2017-12-07 01:00:00,-9.1,75,7.3,0.0,1017.3
2017-12-07 02:00:00,-9.6,76,6.8,0.0,1017.7
2017-12-07 03:00:00,-9.9,77,8.3,0.0,1017.9
2017-12-07 04:00:00,-10.1,76,8.9,0.0,1017.8
2017-12-07 05:00:00,-10.5,76,7.6,0.0,1017.6
2017-12-07 06:00:00,-10.2,74,6.5,0.0,1018.0
2017-12-07 07:00:00,-9.0,65,6.2,0.0,1018.4
2017-12-07 08:00:00,-8.8,78,5.1,24.0,1019.4
2017-12-07 09:00:00,-7.5,69,7.2,117.0,1019.7
2017-12-07 10:00:00,-6.0,61,10.2,240.0,1020.1
2017-12-07 11:00:00,-4.5,44,15.3,354.0,1020.2
2017-12-07 12:00:00,-3.9,34,18.6,407.0,1020.1
2017-12-07 13:00:00,-3.8,30,20.9,383.0,1020.1
2017-12-07 14:00:00,-4.0,30,20.5,298.0,1020.3
2017-12-07 15:00:00,-4.9,30,19.0,185.0,1020.8
2017-12-07 16:00:00,-6.2,32,16.2,65.0,1021.4
2017-12-07 17:00:00,-7.5,35,15.5,1.0,1022.2
2017-12-07 18:00:00,-8.2,37,14.8,0.0,1022.9
2017-12-07 19:00:00,-9.0,40,13.0,0.0,1023.1
2017-12-07 20:00:00,-10.1,44,9.8,0.0,1023.3
2017-12-07 21:00:00,-10.6,46,8.9,0.0,1023.0
2017-12-07 22:00:00,-11.6,49,6.9,0.0,1022.9
2017-12-07 23:00:00,-11.6,49,4.6,0.0,1023.0
2017-12-08 00:00:00,-11.9,50,4.6,0.0,1022.6
2017-12-08 01:00:00,-13.0,55,7.2,0.0,1022.1
2017-12-08 02:00:00,-13.2,56,8.3,0.0,1021.3
2017-12-08 03:00:00,-13.1,55,9.1,0.0,1020.4
2017-12-08 04:00:00,-13.0,55,10.2,0.0,1019.4
2017-12-08 05:00:00,-12.9,55,11.3,0.0,1019.0
2017-12-08 06:00:00,-12.7,54,11.5,0.0,1018.1
2017-12-08 07:00:00,-12.5,53,12.2,0.0,1017.5
2017-12-08 08:00:00,-10.9,46,13.0,35.0,1016.8
2017-12-08 09:00:00,-8.4,36,14.8,137.0,1015.9
2017-12-08 10:00:00,-5.7,34,16.7,218.0,1015.2
2017-12-08 11:00:00,-3.4,36,18.7,275.0,1014.3
2017-12-08 12:00:00,-1.5,36,19.1,316.0,1013.1
2017-12-08 13:00:00,-0.6,34,18.6,292.0,1012.1
2017-12-08 14:00:00,-0.3,30,14.0,223.0,1011.8
2017-12-08 15:00:00,-0.7,30,12.2,167.0,1011.9
2017-12-08 16:00:00,-3.3,35,10.3,62.0,1012.2
2017-12-08 17:00:00,-5.2,40,10.2,1.0,1012.7
2017-12-08 18:00:00,-5.7,41,11.3,0.0,1012.6
2017-12-08 19:00:00,-6.5,43,10.9,0.0,1012.5
2017-12-08 20:00:00,-6.7,44,12.1,0.0,1013.0
2017-12-08 21:00:00,-6.6,44,11.7,0.0,1012.9
2017-12-08 22:00:00,-7.0,45,11.5,0.0,1012.8
2017-12-08 23:00:00,-7.8,48,10.4,0.0,1012.8
2017-12-09 00:00:00,-8.6,53,9.4,0.0,1012.5
2017-12-09 01:00:00,-9.2,57,7.7,0.0,1012.2
2017-12-09 02:00:00,-9.7,60,7.7,0.0,1011.9
2017-12-09 03:00:00,-10.0,65,8.7,0.0,1011.2
2017-12-09 04:00:00,-9.9,72,9.4,0.0,1010.3
2017-12-09 05:00:00,-9.6,75,10.0,0.0,1009.5
2017-12-09 06:00:00,-9.0,73,11.3,0.0,1009.1
2017-12-09 07:00:00,-8.1,69,12.2,0.0,1009.1
2017-12-09 08:00:00,-6.2,65,12.3,30.0,1009.2
2017-12-09 09:00:00,-3.3,54,12.7,141.0,1008.7
2017-12-09 10:00:00,-0.2,41,15.6,258.0,1007.9
2017-12-09 11:00:00,2.7,33,19.3,344.0,1006.9
2017-12-09 12:00:00,4.7,36,24.0,382.0,1005.1
2017-12-09 13:00:00,5.0,39,26.5,363.0,1004.2
2017-12-09 14:00:00,4.7,47,25.0,294.0,1003.9
2017-12-09 15:00:00,3.7,49,20.7,182.0,1003.6
2017-12-09 16:00:00,1.4,49,17.9,61.0,1003.7
2017-12-09 17:00:00,-0.5,52,15.3,1.0,1003.9
2017-12-09 18:00:00,-1.6,60,13.8,0.0,1004.0
2017-12-09 19:00:00,-2.6,71,12.3,0.0,1004.2
2017-12-09 20:00:00,-2.9,87,11.2,0.0,1005.2
2017-12-09 21:00:00,-3.3,89,9.9,0.0,1005.6
2017-12-09 22:00:00,-4.1,88,7.4,0.0,1005.5
2017-12-09 23:00:00,-2.4,67,3.4,0.0,1005.8
2017-12-10 00:00:00,-1.9,47,3.1,0.0,1006.0
2017-12-10 01:00:00,-2.1,43,2.3,0.0,1006.3
2017-12-10 02:00:00,-2.4,47,3.1,0.0,1006.3
2017-12-10 03:00:00,-2.7,50,2.3,0.0,1005.9
2017-12-10 04:00:00,-3.0,49,1.6,0.0,1005.3
2017-12-10 05:00:00,-5.9,55,8.7,0.0,1005.4
2017-12-10 06:00:00,-6.5,58,10.3,0.0,1005.9
2017-12-10 07:00:00,-6.5,59,11.9,0.0,1006.5
2017-12-10 08:00:00,-4.3,47,12.8,28.0,1007.8
2017-12-10 09:00:00,-2.9,39,20.4,105.0,1008.8
2017-12-10 10:00:00,-2.9,36,23.8,188.0,1009.3
2017-12-10 11:00:00,-2.8,32,24.0,272.0,1009.4
2017-12-10 12:00:00,-2.9,29,24.1,348.0,1009.2
2017-12-10 13:00:00,-2.9,27,25.5,367.0,1009.3
2017-12-10 14:00:00,-3.5,28,26.2,303.0,1010.0
2017-12-10 15:00:00,-4.5,28,24.8,188.0,1011.1
2017-12-10 16:00:00,-5.9,31,23.0,59.0,1012.2
2017-12-10 17:00:00,-7.1,35,20.0,1.0,1013.5
2017-12-10 18:00:00,-8.0,39,17.1,0.0,1014.3
2017-12-10 19:00:00,-8.7,41,13.6,0.0,1014.8
2017-12-10 20:00:00,-10.1,35,14.8,0.0,1016.3
2017-12-10 21:00:00,-10.7,24,23.1,0.0,1016.6
2017-12-10 22:00:00,-11.7,22,23.8,0.0,1017.3
2017-12-10 23:00:00,-12.5,23,22.1,0.0,1017.8
2017-12-11 00:00:00,-13.2,24,19.5,0.0,1017.9
2017-12-11 01:00:00,-13.8,26,18.9,0.0,1018.1
2017-12-11 02:00:00,-14.3,27,17.3,0.0,1018.4
2017-12-11 03:00:00,-14.8,28,16.2,0.0,1018.7
2017-12-11 04:00:00,-15.2,29,15.1,0.0,1018.8
2017-12-11 05:00:00,-15.5,29,14.4,0.0,1019.4
2017-12-11 06:00:00,-15.8,30,13.9,0.0,1019.9
2017-12-11 07:00:00,-16.1,31,13.5,0.0,1020.2
2017-12-11 08:00:00,-15.8,32,16.3,33.0,1021.0
2017-12-11 09:00:00,-15.1,30,17.6,149.0,1021.8
2017-12-11 10:00:00,-14.2,28,17.4,276.0,1021.9
2017-12-11 11:00:00,-13.3,27,17.6,365.0,1021.7
2017-12-11 12:00:00,-12.5,27,18.0,399.0,1021.1
2017-12-11 13:00:00,-12.1,26,17.6,383.0,1020.9
2017-12-11 14:00:00,-11.8,25,17.1,311.0,1021.0
2017-12-11 15:00:00,-11.9,25,16.4,196.0,1021.3
2017-12-11 16:00:00,-12.4,25,13.5,66.0,1021.6
2017-12-11 17:00:00,-13.0,27,11.2,1.0,1022.3
2017-12-11 18:00:00,-13.4,27,11.1,0.0,1022.5
2017-12-11 19:00:00,-13.8,27,11.0,0.0,1023.2
2017-12-11 20:00:00,-15.1,30,7.7,0.0,1023.4
2017-12-11 21:00:00,-15.1,30,9.4,0.0,1023.3
2017-12-11 22:00:00,-15.0,29,11.3,0.0,1023.4
2017-12-11 23:00:00,-14.8,28,12.6,0.0,1023.8
2017-12-12 00:00:00,-14.8,29,13.6,0.0,1024.0
2017-12-12 01:00:00,-15.0,31,13.6,0.0,1024.1
2017-12-12 02:00:00,-15.3,32,13.0,0.0,1024.7
2017-12-12 03:00:00,-15.6,34,13.0,0.0,1025.1
2017-12-12 04:00:00,-16.0,35,12.5,0.0,1025.2
2017-12-12 05:00:00,-16.3,36,11.7,0.0,1025.4
2017-12-12 06:00:00,-16.7,38,10.1,0.0,1025.8
2017-12-12 07:00:00,-17.4,39,8.2,0.0,1026.1
2017-12-12 08:00:00,-16.3,38,7.2,32.0,1027.0
2017-12-12 09:00:00,-15.3,35,8.8,153.0,1027.3
2017-12-12 10:00:00,-14.2,32,9.5,279.0,1027.2
2017-12-12 11:00:00,-13.1,29,10.2,369.0,1026.8
2017-12-12 12:00:00,-12.1,27,11.1,408.0,1025.9
2017-12-12 13:00:00,-11.3,25,12.1,389.0,1025.4
2017-12-12 14:00:00,-10.8,23,12.3,316.0,1025.3
2017-12-12 15:00:00,-10.8,22,10.7,200.0,1025.2
2017-12-12 16:00:00,-11.9,25,6.8,68.0,1025.2
2017-12-12 17:00:00,-11.6,24,2.9,1.0,1025.4
2017-12-12 18:00:00,-11.9,25,0.7,0.0,1025.5
2017-12-12 19:00:00,-12.4,26,3.6,0.0,1025.6
2017-12-12 20:00:00,-15.0,34,6.0,0.0,1025.4
2017-12-12 21:00:00,-15.5,36,5.9,0.0,1025.5
2017-12-12 22:00:00,-15.5,36,5.4,0.0,1026.0
2017-12-12 23:00:00,-15.4,35,5.5,0.0,1026.3
2017-12-13 00:00:00,-15.6,36,5.3,0.0,1026.3
2017-12-13 01:00:00,-16.0,37,5.7,0.0,1026.8
2017-12-13 02:00:00,-16.0,37,5.4,0.0,1027.2
2017-12-13 03:00:00,-17.0,40,8.5,0.0,1027.6
2017-12-13 04:00:00,-16.7,39,10.6,0.0,1028.1
2017-12-13 05:00:00,-16.7,39,12.1,0.0,1028.7
2017-12-13 06:00:00,-17.1,41,11.8,0.0,1029.1
2017-12-13 07:00:00,-17.4,42,10.7,0.0,1029.6
2017-12-13 08:00:00,-16.8,44,10.8,32.0,1030.3
2017-12-13 09:00:00,-15.5,39,11.2,153.0,1030.7
2017-12-13 10:00:00,-13.9,34,10.5,279.0,1030.9
2017-12-13 11:00:00,-12.4,31,9.8,368.0,1031.2
2017-12-13 12:00:00,-11.2,27,10.5,407.0,1030.6
2017-12-13 13:00:00,-10.3,25,10.5,388.0,1030.3
2017-12-13 14:00:00,-9.9,23,10.1,316.0,1030.6
2017-12-13 15:00:00,-10.1,22,10.2,199.0,1030.3
2017-12-13 16:00:00,-11.3,24,9.0,68.0,1030.7
2017-12-13 17:00:00,-13.1,28,8.2,1.0,1030.9
2017-12-13 18:00:00,-13.7,30,9.7,0.0,1030.5
2017-12-13 19:00:00,-14.6,32,9.0,0.0,1030.7
2017-12-13 20:00:00,-15.3,36,7.6,0.0,1030.9
2017-12-13 21:00:00,-15.3,36,8.1,0.0,1030.4
2017-12-13 22:00:00,-16.0,38,7.1,0.0,1030.6
2017-12-13 23:00:00,-16.4,40,7.2,0.0,1030.5
2017-12-14 00:00:00,-16.7,41,7.1,0.0,1030.3
2017-12-14 01:00:00,-17.1,43,5.4,0.0,1030.4
2017-12-14 02:00:00,-16.9,42,4.3,0.0,1030.6
2017-12-14 03:00:00,-17.5,45,6.5,0.0,1029.9
2017-12-14 04:00:00,-17.7,47,5.4,0.0,1029.0
2017-12-14 05:00:00,-17.7,50,6.6,0.0,1028.5
2017-12-14 06:00:00,-17.4,51,5.9,0.0,1028.5
2017-12-14 07:00:00,-16.9,51,6.2,0.0,1028.1
2017-12-14 08:00:00,-15.6,49,5.8,24.0,1028.2
2017-12-14 09:00:00,-14.0,43,4.7,124.0,1028.0
2017-12-14 10:00:00,-11.8,36,3.6,206.0,1027.6
2017-12-14 11:00:00,-9.9,30,0.0,272.0,1026.8
2017-12-14 12:00:00,-8.2,26,3.6,307.0,1025.6
2017-12-14 13:00:00,-7.3,24,3.1,267.0,1024.9
2017-12-14 14:00:00,-6.8,23,1.1,215.0,1024.0
2017-12-14 15:00:00,-6.6,22,1.8,127.0,1023.7
2017-12-14 16:00:00,-7.6,25,4.7,43.0,1023.5
2017-12-14 17:00:00,-8.2,26,4.3,1.0,1023.5
2017-12-14 18:00:00,-7.5,23,2.5,0.0,1023.3
2017-12-14 19:00:00,-8.3,26,4.5,0.0,1022.9
2017-12-14 20:00:00,-9.0,28,5.4,0.0,1022.4
2017-12-14 21:00:00,-9.6,29,5.9,0.0,1021.9
2017-12-14 22:00:00,-9.2,28,4.6,0.0,1021.7
2017-12-14 23:00:00,-9.1,28,4.5,0.0,1021.6
2017-12-15 00:00:00,-8.0,25,3.1,0.0,1021.7
2017-12-15 01:00:00,-8.3,29,3.1,0.0,1021.7
2017-12-15 02:00:00,-8.2,35,3.6,0.0,1021.4
2017-12-15 03:00:00,-8.2,41,4.2,0.0,1021.2
2017-12-15 04:00:00,-8.3,48,4.7,0.0,1020.7
2017-12-15 05:00:00,-8.4,56,6.8,0.0,1020.6
2017-12-15 06:00:00,-8.8,60,9.3,0.0,1020.9
2017-12-15 07:00:00,-9.3,61,10.9,0.0,1021.4
2017-12-15 08:00:00,-9.3,66,10.2,18.0,1022.7
2017-12-15 09:00:00,-8.6,54,12.9,127.0,1023.4
2017-12-15 10:00:00,-7.9,37,16.0,263.0,1024.1
2017-12-15 11:00:00,-7.4,32,15.9,356.0,1023.8
2017-12-15 12:00:00,-6.8,29,14.8,397.0,1022.8
2017-12-15 13:00:00,-6.4,28,14.3,381.0,1021.8
2017-12-15 14:00:00,-6.4,28,14.2,310.0,1021.2
2017-12-15 15:00:00,-6.4,28,13.2,196.0,1021.0
2017-12-15 16:00:00,-7.8,31,7.7,67.0,1021.4
2017-12-15 17:00:00,-9.3,36,5.8,1.0,1021.6
2017-12-15 18:00:00,-10.0,38,9.0,0.0,1021.8
2017-12-15 19:00:00,-10.4,40,10.1,0.0,1022.2
2017-12-15 20:00:00,-10.9,43,10.4,0.0,1022.6
2017-12-15 21:00:00,-11.1,44,10.0,0.0,1022.2
2017-12-15 22:00:00,-11.2,43,12.1,0.0,1022.4
2017-12-15 23:00:00,-11.2,41,13.2,0.0,1022.7
2017-12-16 00:00:00,-11.5,41,13.4,0.0,1022.6
2017-12-16 01:00:00,-11.9,41,12.7,0.0,1022.6
2017-12-16 02:00:00,-12.6,42,10.7,0.0,1022.2
2017-12-16 03:00:00,-13.4,45,9.8,0.0,1021.5
2017-12-16 04:00:00,-13.6,45,10.1,0.0,1020.7
2017-12-16 05:00:00,-13.5,44,11.7,0.0,1020.5
2017-12-16 06:00:00,-13.5,43,12.2,0.0,1020.5
2017-12-16 07:00:00,-13.7,42,12.3,0.0,1020.8
2017-12-16 08:00:00,-12.5,39,12.9,28.0,1021.3
2017-12-16 09:00:00,-10.6,32,14.0,145.0,1021.7
2017-12-16 10:00:00,-9.3,28,19.3,268.0,1021.9
2017-12-16 11:00:00,-8.5,26,22.4,358.0,1021.8
2017-12-16 12:00:00,-8.3,26,21.2,374.0,1021.3
2017-12-16 13:00:00,-8.3,26,21.9,380.0,1021.1
2017-12-16 14:00:00,-8.5,27,20.5,305.0,1021.3
2017-12-16 15:00:00,-9.0,28,18.3,190.0,1021.7
2017-12-16 16:00:00,-9.9,30,14.3,68.0,1022.3
2017-12-16 17:00:00,-11.4,34,10.2,1.0,1023.2
2017-12-16 18:00:00,-12.5,38,8.6,0.0,1023.7
2017-12-16 19:00:00,-13.3,41,7.2,0.0,1024.1
2017-12-16 20:00:00,-13.7,40,8.0,0.0,1024.6
2017-12-16 21:00:00,-13.8,40,8.6,0.0,1024.3
2017-12-16 22:00:00,-14.0,40,9.2,0.0,1024.6
2017-12-16 23:00:00,-14.2,40,9.6,0.0,1024.6
2017-12-17 00:00:00,-14.8,42,8.6,0.0,1024.2
2017-12-17 01:00:00,-15.1,43,8.6,0.0,1024.1
2017-12-17 02:00:00,-15.5,45,8.4,0.0,1023.7
2017-12-17 03:00:00,-15.8,47,7.8,0.0,1023.4
2017-12-17 04:00:00,-16.1,48,7.4,0.0,1022.7
2017-12-17 05:00:00,-16.3,49,8.3,0.0,1022.4
2017-12-17 06:00:00,-16.3,48,9.1,0.0,1022.3
2017-12-17 07:00:00,-16.2,46,9.7,0.0,1022.1
2017-12-17 08:00:00,-15.0,42,10.5,26.0,1022.5
2017-12-17 09:00:00,-12.4,35,11.9,141.0,1021.9
2017-12-17 10:00:00,-9.5,29,14.7,264.0,1021.6
2017-12-17 11:00:00,-7.2,25,16.6,353.0,1021.2
2017-12-17 12:00:00,-5.3,23,16.9,391.0,1020.0
2017-12-17 13:00:00,-4.2,22,18.4,373.0,1018.6
2017-12-17 14:00:00,-3.4,22,18.9,303.0,1018.1
2017-12-17 15:00:00,-3.1,25,15.8,192.0,1017.6
2017-12-17 16:00:00,-5.7,35,11.3,66.0,1017.4
2017-12-17 17:00:00,-7.3,43,12.1,1.0,1017.2
2017-12-17 18:00:00,-7.8,48,12.7,0.0,1017.0
2017-12-17 19:00:00,-8.1,57,13.7,0.0,1017.1
2017-12-17 20:00:00,-8.0,66,14.5,0.0,1016.9
2017-12-17 21:00:00,-8.5,72,13.6,0.0,1016.5
2017-12-17 22:00:00,-9.1,73,12.5,0.0,1016.2
2017-12-17 23:00:00,-10.1,74,9.9,0.0,1016.2
2017-12-18 00:00:00,-10.7,75,9.8,0.0,1015.8
2017-12-18 01:00:00,-10.7,75,10.2,0.0,1015.6
2017-12-18 02:00:00,-10.9,77,10.2,0.0,1015.5
2017-12-18 03:00:00,-10.7,79,7.9,0.0,1015.2
2017-12-18 04:00:00,-10.3,72,6.2,0.0,1015.0
2017-12-18 05:00:00,-10.3,63,5.4,0.0,1015.3
2017-12-18 06:00:00,-11.6,63,7.6,0.0,1015.7
2017-12-18 07:00:00,-12.0,59,9.1,0.0,1016.6
2017-12-18 08:00:00,-9.8,51,8.3,25.0,1017.4
2017-12-18 09:00:00,-6.9,44,7.4,138.0,1017.9
2017-12-18 10:00:00,-5.1,43,8.1,261.0,1018.2
2017-12-18 11:00:00,-3.8,40,6.7,351.0,1018.3
2017-12-18 12:00:00,-2.5,36,8.9,391.0,1017.7
2017-12-18 13:00:00,-1.7,29,16.9,376.0,1017.2
2017-12-18 14:00:00,-1.9,29,20.7,307.0,1016.9
2017-12-18 15:00:00,-2.2,28,22.7,195.0,1017.6
2017-12-18 16:00:00,-3.6,32,13.8,61.0,1017.7
2017-12-18 17:00:00,-5.6,37,9.2,1.0,1018.1
2017-12-18 18:00:00,-5.2,39,13.3,0.0,1019.1
2017-12-18 19:00:00,-5.3,50,15.3,0.0,1020.3
2017-12-18 20:00:00,-5.3,38,20.2,0.0,1020.9
2017-12-18 21:00:00,-6.2,30,23.8,0.0,1021.6
2017-12-18 22:00:00,-7.2,33,26.7,0.0,1022.5
2017-12-18 23:00:00,-8.3,32,27.6,0.0,1024.0
2017-12-19 00:00:00,-9.5,30,25.3,0.0,1025.0
2017-12-19 01:00:00,-10.5,31,20.7,0.0,1025.9
2017-12-19 02:00:00,-11.2,33,16.6,0.0,1026.5
2017-12-19 03:00:00,-11.9,36,13.0,0.0,1026.6
2017-12-19 04:00:00,-13.0,40,9.2,0.0,1026.1
2017-12-19 05:00:00,-13.7,43,8.5,0.0,1026.2
2017-12-19 06:00:00,-14.1,44,8.4,0.0,1026.4
2017-12-19 07:00:00,-14.8,47,6.5,0.0,1026.2
2017-12-19 08:00:00,-13.7,43,5.5,26.0,1026.8
2017-12-19 09:00:00,-11.7,36,6.4,141.0,1026.8
2017-12-19 10:00:00,-9.8,30,7.9,264.0,1026.9
2017-12-19 11:00:00,-8.1,27,10.4,357.0,1026.5
2017-12-19 12:00:00,-6.7,24,11.3,397.0,1025.2
2017-12-19 13:00:00,-5.8,22,10.5,380.0,1024.1
2017-12-19 14:00:00,-5.4,21,11.7,309.0,1023.2
2017-12-19 15:00:00,-5.3,21,12.3,197.0,1022.6
2017-12-19 16:00:00,-6.8,24,10.8,69.0,1022.1
2017-12-19 17:00:00,-8.2,26,11.8,1.0,1021.7
2017-12-19 18:00:00,-8.9,28,12.8,0.0,1021.6
2017-12-19 19:00:00,-9.0,28,13.4,0.0,1021.3
2017-12-19 20:00:00,-8.6,30,12.5,0.0,1021.1
2017-12-19 21:00:00,-7.9,35,12.6,0.0,1020.4
2017-12-19 22:00:00,-7.5,40,12.6,0.0,1019.6
2017-12-19 23:00:00,-7.0,43,12.6,0.0,1019.5
2017-12-20 00:00:00,-7.0,46,11.7,0.0,1019.2
2017-12-20 01:00:00,-7.9,52,7.9,0.0,1018.9
2017-12-20 02:00:00,-8.4,56,7.4,0.0,1018.9
2017-12-20 03:00:00,-9.0,60,8.6,0.0,1018.3
2017-12-20 04:00:00,-9.5,64,8.7,0.0,1018.3
2017-12-20 05:00:00,-10.2,70,8.6,0.0,1018.4
2017-12-20 06:00:00,-10.9,76,8.3,0.0,1019.0
2017-12-20 07:00:00,-11.8,81,6.4,0.0,1019.3
2017-12-20 08:00:00,-10.6,83,4.8,24.0,1021.1
2017-12-20 09:00:00,-8.7,74,2.8,133.0,1021.6
2017-12-20 10:00:00,-6.7,60,2.6,256.0,1021.8
2017-12-20 11:00:00,-4.8,48,4.0,347.0,1021.9
2017-12-20 12:00:00,-3.3,40,5.1,388.0,1021.6
2017-12-20 13:00:00,-2.1,36,4.3,373.0,1021.3
2017-12-20 14:00:00,-1.7,37,6.2,304.0,1021.3
2017-12-20 15:00:00,-1.9,38,5.5,185.0,1021.1
2017-12-20 16:00:00,-3.9,43,9.4,69.0,1021.4
2017-12-20 17:00:00,-5.4,48,10.2,2.0,1021.6
2017-12-20 18:00:00,-6.1,51,11.3,0.0,1021.3
2017-12-20 19:00:00,-6.8,54,11.4,0.0,1021.4
2017-12-20 20:00:00,-6.4,53,12.8,0.0,1021.0
2017-12-20 21:00:00,-6.4,52,14.3,0.0,1020.9
2017-12-20 22:00:00,-6.3,52,15.6,0.0,1020.8
2017-12-20 23:00:00,-6.4,52,16.3,0.0,1020.6
2017-12-21 00:00:00,-6.4,54,16.6,0.0,1020.3
2017-12-21 01:00:00,-6.1,53,16.9,0.0,1019.7
2017-12-21 02:00:00,-5.7,52,17.4,0.0,1019.3
2017-12-21 03:00:00,-5.3,53,17.3,0.0,1018.9
2017-12-21 04:00:00,-5.1,59,17.1,0.0,1018.5
2017-12-21 05:00:00,-4.9,66,17.1,0.0,1018.4
2017-12-21 06:00:00,-4.9,72,16.1,0.0,1018.3
2017-12-21 07:00:00,-5.1,75,15.0,0.0,1018.3
2017-12-21 08:00:00,-4.6,73,14.4,23.0,1019.2
2017-12-21 09:00:00,-2.0,60,14.4,133.0,1019.3
2017-12-21 10:00:00,0.8,53,18.2,255.0,1019.0
2017-12-21 11:00:00,2.8,53,20.8,345.0,1018.6
2017-12-21 12:00:00,4.2,50,21.9,386.0,1017.5
2017-12-21 13:00:00,4.8,48,22.1,372.0,1016.7
2017-12-21 14:00:00,5.0,50,22.2,304.0,1016.0
2017-12-21 15:00:00,4.1,54,19.2,195.0,1015.7
2017-12-21 16:00:00,2.1,63,19.5,70.0,1015.5
2017-12-21 17:00:00,0.4,72,18.6,2.0,1015.4
2017-12-21 18:00:00,-0.8,78,16.5,0.0,1015.0
2017-12-21 19:00:00,-1.4,79,16.5,0.0,1015.0
2017-12-21 20:00:00,-1.8,76,15.7,0.0,1015.1
2017-12-21 21:00:00,-1.8,72,16.4,0.0,1014.9
2017-12-21 22:00:00,-1.5,68,17.9,0.0,1014.5
2017-12-21 23:00:00,-1.4,66,18.5,0.0,1014.4
2017-12-22 00:00:00,-1.3,65,18.6,0.0,1013.9
2017-12-22 01:00:00,-1.1,63,18.6,0.0,1013.4
2017-12-22 02:00:00,-1.3,62,17.8,0.0,1012.9
2017-12-22 03:00:00,-1.5,64,16.8,0.0,1012.3
2017-12-22 04:00:00,-1.6,67,16.8,0.0,1011.7
2017-12-22 05:00:00,-1.8,71,15.4,0.0,1011.6
2017-12-22 06:00:00,-2.6,76,13.4,0.0,1011.9
2017-12-22 07:00:00,-3.2,79,12.2,0.0,1012.2
2017-12-22 08:00:00,-2.2,80,12.7,22.0,1012.7
2017-12-22 09:00:00,0.1,69,11.6,126.0,1012.8
2017-12-22 10:00:00,2.1,63,13.4,239.0,1013.1
2017-12-22 11:00:00,2.7,69,12.7,297.0,1013.0
2017-12-22 12:00:00,2.8,63,9.5,361.0,1012.8
2017-12-22 13:00:00,2.8,51,9.7,363.0,1012.9
2017-12-22 14:00:00,2.5,42,11.4,304.0,1013.2
2017-12-22 15:00:00,1.8,45,11.6,196.0,1013.7
2017-12-22 16:00:00,-1.0,53,12.2,71.0,1014.3
2017-12-22 17:00:00,-2.6,56,10.7,2.0,1015.1
2017-12-22 18:00:00,-3.1,48,12.4,0.0,1015.5
2017-12-22 19:00:00,-3.8,45,10.9,0.0,1016.0
2017-12-22 20:00:00,-4.6,45,9.8,0.0,1016.9
2017-12-22 21:00:00,-5.3,46,8.0,0.0,1016.9
2017-12-22 22:00:00,-5.6,47,4.9,0.0,1017.5
2017-12-22 23:00:00,-6.8,52,7.1,0.0,1017.3
2017-12-23 00:00:00,-7.1,54,6.2,0.0,1017.6
2017-12-23 01:00:00,-7.3,55,5.5,0.0,1017.6
2017-12-23 02:00:00,-7.3,55,5.2,0.0,1017.6
2017-12-23 03:00:00,-8.0,58,6.0,0.0,1017.2
2017-12-23 04:00:00,-8.0,57,5.4,0.0,1017.0
2017-12-23 05:00:00,-7.5,55,4.7,0.0,1016.7
2017-12-23 06:00:00,-9.2,63,7.3,0.0,1016.5
2017-12-23 07:00:00,-9.1,64,6.9,0.0,1016.3
2017-12-23 08:00:00,-8.6,67,6.6,22.0,1016.9
2017-12-23 09:00:00,-5.9,55,6.3,107.0,1016.8
2017-12-23 10:00:00,-2.7,42,8.0,242.0,1016.6
2017-12-23 11:00:00,-0.1,33,8.8,328.0,1015.9
2017-12-23 12:00:00,1.6,28,11.0,390.0,1014.5
2017-12-23 13:00:00,2.6,28,12.8,376.0,1013.7
2017-12-23 14:00:00,2.8,28,13.8,310.0,1013.0
2017-12-23 15:00:00,2.1,34,11.4,200.0,1012.5
2017-12-23 16:00:00,-0.8,40,12.4,73.0,1012.2
2017-12-23 17:00:00,-2.2,37,12.6,2.0,1012.1
2017-12-23 18:00:00,-2.7,34,12.4,0.0,1012.0
2017-12-23 19:00:00,-3.3,35,12.4,0.0,1012.1
2017-12-23 20:00:00,-3.2,35,12.8,0.0,1012.0
2017-12-23 21:00:00,-3.3,35,12.7,0.0,1011.8
2017-12-23 22:00:00,-3.5,37,12.3,0.0,1012.1
2017-12-23 23:00:00,-3.9,43,10.8,0.0,1011.9
2017-12-24 00:00:00,-4.4,52,9.5,0.0,1011.7
2017-12-24 01:00:00,-5.4,66,8.0,0.0,1011.6
2017-12-24 02:00:00,-6.0,82,7.4,0.0,1011.1
2017-12-24 03:00:00,-5.7,78,10.5,0.0,1010.7
2017-12-24 04:00:00,-5.4,48,12.4,0.0,1010.5
2017-12-24 05:00:00,-5.6,39,13.4,0.0,1010.5
2017-12-24 06:00:00,-5.9,40,13.7,0.0,1010.5
2017-12-24 07:00:00,-6.2,43,15.5,0.0,1010.6
2017-12-24 08:00:00,-6.7,47,16.6,14.0,1011.0
2017-12-24 09:00:00,-6.3,43,20.3,76.0,1011.6
2017-12-24 10:00:00,-5.7,41,21.3,136.0,1012.0
2017-12-24 11:00:00,-4.9,39,20.2,210.0,1012.0
2017-12-24 12:00:00,-4.0,37,20.9,273.0,1011.8
2017-12-24 13:00:00,-3.6,36,21.7,260.0,1011.8
2017-12-24 14:00:00,-3.2,34,22.5,264.0,1012.0
2017-12-24 15:00:00,-3.4,33,21.9,189.0,1012.6
2017-12-24 16:00:00,-4.5,34,17.7,73.0,1013.5
2017-12-24 17:00:00,-5.6,36,15.0,2.0,1014.4
2017-12-24 18:00:00,-6.8,39,10.8,0.0,1014.8
2017-12-24 19:00:00,-8.2,43,8.7,0.0,1015.4
2017-12-24 20:00:00,-8.8,46,6.4,0.0,1016.4
2017-12-24 21:00:00,-9.2,47,7.8,0.0,1016.4
2017-12-24 22:00:00,-9.2,47,10.0,0.0,1017.0
2017-12-24 23:00:00,-9.0,45,11.4,0.0,1017.7
2017-12-25 00:00:00,-8.8,40,13.2,0.0,1017.9
2017-12-25 01:00:00,-9.5,41,11.6,0.0,1017.8
2017-12-25 02:00:00,-10.9,45,8.9,0.0,1017.7
2017-12-25 03:00:00,-11.6,47,7.0,0.0,1017.5
2017-12-25 04:00:00,-11.2,46,4.9,0.0,1017.0
2017-12-25 05:00:00,-10.5,43,3.4,0.0,1016.9
2017-12-25 06:00:00,-12.2,50,5.2,0.0,1016.7
2017-12-25 07:00:00,-12.9,53,9.0,0.0,1016.7
2017-12-25 08:00:00,-11.6,50,10.9,22.0,1016.9
2017-12-25 09:00:00,-9.2,41,13.7,134.0,1016.9
2017-12-25 10:00:00,-6.5,33,17.8,258.0,1016.7
2017-12-25 11:00:00,-4.4,28,20.9,350.0,1015.8
2017-12-25 12:00:00,-2.8,25,23.4,393.0,1014.7
2017-12-25 13:00:00,-1.7,27,23.6,380.0,1013.6
2017-12-25 14:00:00,-0.6,26,22.7,312.0,1012.8
2017-12-25 15:00:00,-0.5,26,20.6,202.0,1012.7
2017-12-25 16:00:00,-2.4,27,14.0,73.0,1013.1
2017-12-25 17:00:00,-5.0,32,12.0,2.0,1013.5
2017-12-25 18:00:00,-5.7,32,13.0,0.0,1014.2
2017-12-25 19:00:00,-5.0,33,18.4,0.0,1015.4
2017-12-25 20:00:00,-6.0,33,19.6,0.0,1016.9
2017-12-25 21:00:00,-7.0,29,19.2,0.0,1017.4
2017-12-25 22:00:00,-7.8,26,19.3,0.0,1018.2
2017-12-25 23:00:00,-8.7,26,19.0,0.0,1019.1
2017-12-26 00:00:00,-9.5,29,18.6,0.0,1019.9
2017-12-26 01:00:00,-10.4,32,17.6,0.0,1020.6
2017-12-26 02:00:00,-11.2,34,15.6,0.0,1021.4
2017-12-26 03:00:00,-11.9,36,15.1,0.0,1021.9
2017-12-26 04:00:00,-12.5,37,14.7,0.0,1021.7
2017-12-26 05:00:00,-13.0,38,13.7,0.0,1022.0
2017-12-26 06:00:00,-13.5,39,13.0,0.0,1022.6
2017-12-26 07:00:00,-14.0,40,12.6,0.0,1023.0
2017-12-26 08:00:00,-13.6,39,10.8,22.0,1023.4
2017-12-26 09:00:00,-12.5,34,15.6,138.0,1024.2
2017-12-26 10:00:00,-11.5,30,17.1,268.0,1024.6
2017-12-26 11:00:00,-10.7,26,16.6,363.0,1024.3
2017-12-26 12:00:00,-9.9,23,17.3,408.0,1023.9
2017-12-26 13:00:00,-9.4,22,17.7,396.0,1023.4
2017-12-26 14:00:00,-9.1,22,17.1,328.0,1023.0
2017-12-26 15:00:00,-9.2,22,16.4,214.0,1023.2
2017-12-26 16:00:00,-9.9,24,13.0,81.0,1023.9
2017-12-26 17:00:00,-11.3,26,10.7,3.0,1024.2
2017-12-26 18:00:00,-12.2,28,9.7,0.0,1024.4
2017-12-26 19:00:00,-13.0,30,9.2,0.0,1024.4
2017-12-26 20:00:00,-14.0,32,6.9,0.0,1024.5
2017-12-26 21:00:00,-13.6,31,5.2,0.0,1024.4
2017-12-26 22:00:00,-14.6,33,7.3,0.0,1024.7
2017-12-26 23:00:00,-14.7,33,9.0,0.0,1024.7
2017-12-27 00:00:00,-14.8,31,10.1,0.0,1024.5
2017-12-27 01:00:00,-15.2,30,9.7,0.0,1024.5
2017-12-27 02:00:00,-15.8,32,8.7,0.0,1024.6
2017-12-27 03:00:00,-16.4,33,7.7,0.0,1024.7
2017-12-27 04:00:00,-16.8,34,6.9,0.0,1024.3
2017-12-27 05:00:00,-16.8,34,5.7,0.0,1024.2
2017-12-27 06:00:00,-15.8,31,2.1,0.0,1024.4
2017-12-27 07:00:00,-16.1,32,1.5,0.0,1024.6
2017-12-27 08:00:00,-17.3,41,4.3,22.0,1024.9
2017-12-27 09:00:00,-15.0,33,4.1,138.0,1025.3
2017-12-27 10:00:00,-12.7,28,5.4,264.0,1025.8
2017-12-27 11:00:00,-11.1,24,4.0,346.0,1025.0
2017-12-27 12:00:00,-9.8,21,2.9,366.0,1024.1
2017-12-27 13:00:00,-8.7,18,1.8,369.0,1023.4
2017-12-27 14:00:00,-8.0,17,3.3,300.0,1022.3
2017-12-27 15:00:00,-7.7,17,4.7,159.0,1022.0
2017-12-27 16:00:00,-7.6,18,4.7,45.0,1022.1
2017-12-27 17:00:00,-7.7,18,5.2,1.0,1022.2
2017-12-27 18:00:00,-7.9,19,5.0,0.0,1022.3
2017-12-27 19:00:00,-8.2,20,5.7,0.0,1022.4
2017-12-27 20:00:00,-8.3,21,6.8,0.0,1022.5
2017-12-27 21:00:00,-8.4,22,5.7,0.0,1022.5
2017-12-27 22:00:00,-8.8,23,6.1,0.0,1022.8
2017-12-27 23:00:00,-8.8,24,6.4,0.0,1023.2
2017-12-28 00:00:00,-8.7,24,6.4,0.0,1023.9
2017-12-28 01:00:00,-8.9,24,6.9,0.0,1023.6
2017-12-28 02:00:00,-9.0,24,7.7,0.0,1023.2
2017-12-28 03:00:00,-9.5,26,8.2,0.0,1022.7
2017-12-28 04:00:00,-9.7,27,8.4,0.0,1022.4
2017-12-28 05:00:00,-10.2,30,8.2,0.0,1022.5
2017-12-28 06:00:00,-10.9,34,8.5,0.0,1022.7
2017-12-28 07:00:00,-11.2,37,10.0,0.0,1023.0
2017-12-28 08:00:00,-9.0,49,8.7,19.0,1023.2
2017-12-28 09:00:00,-7.3,52,6.9,84.0,1023.1
2017-12-28 10:00:00,-5.4,51,4.3,157.0,1023.8
2017-12-28 11:00:00,-4.1,52,3.8,168.0,1023.1
2017-12-28 12:00:00,-3.4,53,3.2,138.0,1021.9
2017-12-28 13:00:00,-2.8,54,1.4,142.0,1020.8
2017-12-28 14:00:00,-2.4,56,3.1,135.0,1019.7
2017-12-28 15:00:00,-2.2,56,3.7,87.0,1019.9
2017-12-28 16:00:00,-3.0,60,2.6,21.0,1019.6
2017-12-28 17:00:00,-3.4,57,6.0,1.0,1019.8
2017-12-28 18:00:00,-3.8,55,6.2,0.0,1019.9
2017-12-28 19:00:00,-4.2,53,6.9,0.0,1020.3
2017-12-28 20:00:00,-4.1,56,5.2,0.0,1020.1
2017-12-28 21:00:00,-4.2,57,6.3,0.0,1020.4
2017-12-28 22:00:00,-4.5,57,6.8,0.0,1020.5
2017-12-28 23:00:00,-5.3,60,6.1,0.0,1020.8
2017-12-29 00:00:00,-6.7,65,8.6,0.0,1021.1
2017-12-29 01:00:00,-7.8,67,9.0,0.0,1021.5
2017-12-29 02:00:00,-8.7,69,9.2,0.0,1021.5
2017-12-29 03:00:00,-9.4,68,9.7,0.0,1021.9
2017-12-29 04:00:00,-9.9,65,10.8,0.0,1022.0
2017-12-29 05:00:00,-10.4,65,11.7,0.0,1022.6
2017-12-29 06:00:00,-11.0,66,11.9,0.0,1022.9
2017-12-29 07:00:00,-11.4,66,11.4,0.0,1023.4
2017-12-29 08:00:00,-10.4,70,11.4,20.0,1024.1
2017-12-29 09:00:00,-8.5,57,13.8,129.0,1024.6
2017-12-29 10:00:00,-6.2,46,15.1,253.0,1024.7
2017-12-29 11:00:00,-4.4,39,17.6,346.0,1024.2
2017-12-29 12:00:00,-3.2,32,18.2,392.0,1023.3
2017-12-29 13:00:00,-2.8,28,18.3,382.0,1023.6
2017-12-29 14:00:00,-3.0,27,18.0,318.0,1023.8
2017-12-29 15:00:00,-3.5,26,16.4,209.0,1023.7
2017-12-29 16:00:00,-4.7,28,12.3,81.0,1023.5
2017-12-29 17:00:00,-6.2,30,13.5,3.0,1023.3
2017-12-29 18:00:00,-7.2,31,14.8,0.0,1023.7
2017-12-29 19:00:00,-8.1,33,15.0,0.0,1023.3
2017-12-29 20:00:00,-8.0,33,14.5,0.0,1024.0
2017-12-29 21:00:00,-8.1,33,13.7,0.0,1024.0
2017-12-29 22:00:00,-8.4,34,11.5,0.0,1023.4
2017-12-29 23:00:00,-8.7,35,10.3,0.0,1023.4
2017-12-30 00:00:00,-8.8,36,9.6,0.0,1023.0
2017-12-30 01:00:00,-8.5,36,10.1,0.0,1023.2
2017-12-30 02:00:00,-8.6,37,10.2,0.0,1022.7
2017-12-30 03:00:00,-8.5,36,9.8,0.0,1022.4
2017-12-30 04:00:00,-8.4,36,8.8,0.0,1021.9
2017-12-30 05:00:00,-8.3,35,8.6,0.0,1021.6
2017-12-30 06:00:00,-8.3,36,7.8,0.0,1021.0
2017-12-30 07:00:00,-8.2,36,6.8,0.0,1020.7
2017-12-30 08:00:00,-8.7,38,5.8,10.0,1021.7
2017-12-30 09:00:00,-8.1,36,6.0,72.0,1021.5
2017-12-30 10:00:00,-7.0,33,4.1,154.0,1021.2
2017-12-30 11:00:00,-6.0,30,3.0,187.0,1020.5
2017-12-30 12:00:00,-4.9,28,4.4,247.0,1019.3
2017-12-30 13:00:00,-4.1,26,3.9,234.0,1018.6
2017-12-30 14:00:00,-3.6,25,3.4,187.0,1018.1
2017-12-30 15:00:00,-3.5,25,4.3,114.0,1018.1
2017-12-30 16:00:00,-4.0,26,5.5,48.0,1018.0
2017-12-30 17:00:00,-5.1,28,6.9,3.0,1018.0
2017-12-30 18:00:00,-5.8,30,6.5,0.0,1018.2
2017-12-30 19:00:00,-6.1,31,5.4,0.0,1018.2
2017-12-30 20:00:00,-5.8,30,3.4,0.0,1018.9
2017-12-30 21:00:00,-5.7,29,1.0,0.0,1018.8
2017-12-30 22:00:00,-6.6,32,3.9,0.0,1018.6
2017-12-30 23:00:00,-8.1,36,5.2,0.0,1018.9
2017-12-31 00:00:00,-7.8,35,3.2,0.0,1018.6
2017-12-31 01:00:00,-8.6,38,4.1,0.0,1018.2
2017-12-31 02:00:00,-9.5,41,4.2,0.0,1018.3
2017-12-31 03:00:00,-9.7,42,1.0,0.0,1017.9
2017-12-31 04:00:00,-10.7,46,4.0,0.0,1017.1
2017-12-31 05:00:00,-12.5,54,5.8,0.0,1016.8
2017-12-31 06:00:00,-13.1,57,6.1,0.0,1016.9
2017-12-31 07:00:00,-12.4,53,2.6,0.0,1017.2
2017-12-31 08:00:00,-12.9,63,3.4,20.0,1017.9
2017-12-31 09:00:00,-10.6,51,4.8,132.0,1017.9
2017-12-31 10:00:00,-7.7,40,5.8,259.0,1018.2
2017-12-31 11:00:00,-5.6,34,8.9,353.0,1018.0
2017-12-31 12:00:00,-3.9,29,8.4,399.0,1017.3
2017-12-31 13:00:00,-2.8,27,9.4,389.0,1016.8
2017-12-31 14:00:00,-2.3,26,10.4,324.0,1016.7
2017-12-31 15:00:00,-2.5,26,9.8,216.0,1017.1
2017-12-31 16:00:00,-4.6,30,7.9,86.0,1017.3
2017-12-31 17:00:00,-6.7,36,7.2,4.0,1017.5
2017-12-31 18:00:00,-6.2,34,5.2,0.0,1017.6
2017-12-31 19:00:00,-5.3,31,4.3,0.0,1017.7
2017-12-31 20:00:00,-6.4,36,5.6,0.0,1018.0
2017-12-31 21:00:00,-8.8,44,8.6,0.0,1017.8
2017-12-31 22:00:00,-9.3,45,7.3,0.0,1018.1
2017-12-31 23:00:00,-10.6,50,9.4,0.0,1018.5
2018-01-01 00:00:00,-11.4,54,9.4,0.0,1018.7
2018-01-01 01:00:00,-11.9,55,6.5,0.0,1018.8
2018-01-01 02:00:00,-11.5,53,5.4,0.0,1019.2
2018-01-01 03:00:00,-12.5,56,6.3,0.0,1019.5
2018-01-01 04:00:00,-13.4,59,6.5,0.0,1019.7
2018-01-01 05:00:00,-13.8,60,7.8,0.0,1019.9
2018-01-01 06:00:00,-14.3,63,8.2,0.0,1020.4
2018-01-01 07:00:00,-14.5,65,8.2,0.0,1020.9
2018-01-01 08:00:00,-13.7,65,7.0,20.0,1021.9
2018-01-01 09:00:00,-11.6,55,7.0,132.0,1022.5
2018-01-01 10:00:00,-9.3,45,8.2,260.0,1023.0
2018-01-01 11:00:00,-7.8,38,8.0,356.0,1023.1
2018-01-01 12:00:00,-6.7,33,7.1,404.0,1022.2
2018-01-01 13:00:00,-5.9,29,7.6,395.0,1021.8
2018-01-01 14:00:00,-5.5,27,7.2,331.0,1021.7
2018-01-01 15:00:00,-5.6,26,5.2,221.0,1021.8
2018-01-01 16:00:00,-6.0,26,2.3,89.0,1022.1
2018-01-01 17:00:00,-7.8,31,4.7,4.0,1022.4
2018-01-01 18:00:00,-9.7,36,8.7,0.0,1022.3
2018-01-01 19:00:00,-10.4,37,9.4,0.0,1022.5
2018-01-01 20:00:00,-10.6,39,9.8,0.0,1022.6
2018-01-01 21:00:00,-10.8,39,11.6,0.0,1022.8
2018-01-01 22:00:00,-11.0,39,15.0,0.0,1023.9
2018-01-01 23:00:00,-12.1,39,12.0,0.0,1024.4
2018-01-02 00:00:00,-13.0,38,10.0,0.0,1025.1
2018-01-02 01:00:00,-13.7,38,8.9,0.0,1025.3
2018-01-02 02:00:00,-14.2,38,8.4,0.0,1025.7
2018-01-02 03:00:00,-14.7,39,8.0,0.0,1025.4
2018-01-02 04:00:00,-14.9,40,8.2,0.0,1025.2
2018-01-02 05:00:00,-15.2,43,8.2,0.0,1025.1
2018-01-02 06:00:00,-15.4,45,8.5,0.0,1025.2
2018-01-02 07:00:00,-15.6,47,8.7,0.0,1025.5
2018-01-02 08:00:00,-14.3,47,7.6,20.0,1026.2
2018-01-02 09:00:00,-12.4,41,8.7,133.0,1026.6
2018-01-02 10:00:00,-10.6,36,11.6,263.0,1027.3
2018-01-02 11:00:00,-9.2,32,13.6,360.0,1026.9
2018-01-02 12:00:00,-8.1,29,14.5,407.0,1025.6
2018-01-02 13:00:00,-7.5,28,14.1,398.0,1025.5
2018-01-02 14:00:00,-7.1,27,13.8,334.0,1025.4
2018-01-02 15:00:00,-7.1,27,12.2,224.0,1025.9
2018-01-02 16:00:00,-8.0,30,8.7,91.0,1025.9
2018-01-02 17:00:00,-10.3,36,6.6,5.0,1026.4
2018-01-02 18:00:00,-10.6,37,5.5,0.0,1026.7
2018-01-02 19:00:00,-10.8,37,4.8,0.0,1027.1
2018-01-02 20:00:00,-10.5,34,4.0,0.0,1027.2
2018-01-02 21:00:00,-11.7,37,4.8,0.0,1027.0
2018-01-02 22:00:00,-11.0,35,1.8,0.0,1027.4
2018-01-02 23:00:00,-13.1,42,5.8,0.0,1028.1
2018-01-03 00:00:00,-13.4,44,10.4,0.0,1028.2
2018-01-03 01:00:00,-13.3,46,11.3,0.0,1028.2
2018-01-03 02:00:00,-13.6,49,10.7,0.0,1028.6
2018-01-03 03:00:00,-14.1,52,9.8,0.0,1028.4
2018-01-03 04:00:00,-14.5,55,9.3,0.0,1028.0
2018-01-03 05:00:00,-14.9,58,8.7,0.0,1028.0
2018-01-03 06:00:00,-15.0,59,9.2,0.0,1028.3
2018-01-03 07:00:00,-15.2,60,8.9,0.0,1028.6
2018-01-03 08:00:00,-14.3,57,7.1,20.0,1029.4
2018-01-03 09:00:00,-11.8,47,8.2,132.0,1030.3
2018-01-03 10:00:00,-9.7,40,10.9,261.0,1030.7
2018-01-03 11:00:00,-8.1,36,12.6,358.0,1029.9
2018-01-03 12:00:00,-7.0,33,15.2,406.0,1029.0
2018-01-03 13:00:00,-6.4,31,16.1,396.0,1028.2
2018-01-03 14:00:00,-6.0,30,16.2,333.0,1028.0
2018-01-03 15:00:00,-6.2,30,15.1,224.0,1027.8
2018-01-03 16:00:00,-7.3,33,10.5,92.0,1027.8
2018-01-03 17:00:00,-9.7,40,9.2,5.0,1027.9
2018-01-03 18:00:00,-10.9,44,8.5,0.0,1027.8
2018-01-03 19:00:00,-11.8,47,8.3,0.0,1027.9
2018-01-03 20:00:00,-11.7,46,4.7,0.0,1028.2
2018-01-03 21:00:00,-11.1,44,3.1,0.0,1027.9
2018-01-03 22:00:00,-11.5,46,0.8,0.0,1028.4
2018-01-03 23:00:00,-11.9,47,1.6,0.0,1028.4
2018-01-04 00:00:00,-13.9,56,6.0,0.0,1027.8
2018-01-04 01:00:00,-14.5,58,7.4,0.0,1028.5
2018-01-04 02:00:00,-14.6,58,8.5,0.0,1028.5
2018-01-04 03:00:00,-14.9,59,8.6,0.0,1028.0
2018-01-04 04:00:00,-15.1,60,9.0,0.0,1027.3
2018-01-04 05:00:00,-15.5,62,8.6,0.0,1027.4
2018-01-04 06:00:00,-15.7,63,8.3,0.0,1027.3
2018-01-04 07:00:00,-15.9,64,8.7,0.0,1027.2
2018-01-04 08:00:00,-15.5,64,7.3,20.0,1027.8
2018-01-04 09:00:00,-13.2,53,8.8,131.0,1027.2
2018-01-04 10:00:00,-10.9,44,8.2,263.0,1027.1
2018-01-04 11:00:00,-9.1,39,7.2,361.0,1026.6
2018-01-04 12:00:00,-7.8,35,7.8,408.0,1025.6
2018-01-04 13:00:00,-7.2,33,7.8,373.0,1024.8
2018-01-04 14:00:00,-6.8,32,8.4,314.0,1024.1
2018-01-04 15:00:00,-6.7,32,8.1,213.0,1023.6
2018-01-04 16:00:00,-7.8,34,7.5,92.0,1023.3
2018-01-04 17:00:00,-9.7,40,9.8,6.0,1022.4
2018-01-04 18:00:00,-11.0,44,8.7,0.0,1022.1
2018-01-04 19:00:00,-12.0,48,6.9,0.0,1022.1
2018-01-04 20:00:00,-12.6,50,7.5,0.0,1021.9
2018-01-04 21:00:00,-13.2,52,7.4,0.0,1021.1
2018-01-04 22:00:00,-13.8,55,6.8,0.0,1020.7
2018-01-04 23:00:00,-14.4,59,7.5,0.0,1020.5
2018-01-05 00:00:00,-15.0,62,7.1,0.0,1020.1
2018-01-05 01:00:00,-15.4,64,6.5,0.0,1019.6
2018-01-05 02:00:00,-15.7,65,5.4,0.0,1019.1
2018-01-05 03:00:00,-15.1,62,3.2,0.0,1018.9
2018-01-05 04:00:00,-16.2,68,5.6,0.0,1018.5
2018-01-05 05:00:00,-16.3,69,6.1,0.0,1018.0
2018-01-05 06:00:00,-16.4,69,4.9,0.0,1017.8
2018-01-05 07:00:00,-16.8,71,5.2,0.0,1017.5
2018-01-05 08:00:00,-16.2,70,3.9,20.0,1017.9
2018-01-05 09:00:00,-14.0,57,2.9,122.0,1018.0
2018-01-05 10:00:00,-11.4,44,4.0,237.0,1018.3
2018-01-05 11:00:00,-9.2,38,5.6,338.0,1017.8
2018-01-05 12:00:00,-7.5,34,6.9,399.0,1016.7
2018-01-05 13:00:00,-6.3,30,7.6,402.0,1015.9
2018-01-05 14:00:00,-5.5,29,8.6,340.0,1015.4
2018-01-05 15:00:00,-5.2,28,8.3,231.0,1015.6
2018-01-05 16:00:00,-6.8,33,5.2,98.0,1015.8
2018-01-05 17:00:00,-9.0,39,7.9,6.0,1015.7
2018-01-05 18:00:00,-9.9,41,9.6,0.0,1015.9
2018-01-05 19:00:00,-10.9,44,9.7,0.0,1016.1
2018-01-05 20:00:00,-11.2,46,9.2,0.0,1016.3
2018-01-05 21:00:00,-11.6,47,8.6,0.0,1016.2
2018-01-05 22:00:00,-12.3,50,8.4,0.0,1016.5
2018-01-05 23:00:00,-12.7,52,8.1,0.0,1016.9
2018-01-06 00:00:00,-13.1,54,7.9,0.0,1017.2
2018-01-06 01:00:00,-12.4,53,10.3,0.0,1017.8
2018-01-06 02:00:00,-12.1,55,11.4,0.0,1018.2
2018-01-06 03:00:00,-12.9,60,9.6,0.0,1018.4
2018-01-06 04:00:00,-13.5,64,8.7,0.0,1018.3
2018-01-06 05:00:00,-13.8,66,7.3,0.0,1018.6
2018-01-06 06:00:00,-13.7,67,6.2,0.0,1019.0
2018-01-06 07:00:00,-12.8,63,4.6,0.0,1019.3
2018-01-06 08:00:00,-13.0,66,1.1,20.0,1020.3
2018-01-06 09:00:00,-11.5,59,1.1,134.0,1020.6
2018-01-06 10:00:00,-9.0,50,1.6,263.0,1021.2
2018-01-06 11:00:00,-7.3,44,1.5,361.0,1020.3
2018-01-06 12:00:00,-5.9,40,3.7,410.0,1019.6
2018-01-06 13:00:00,-4.7,37,6.9,402.0,1019.1
2018-01-06 14:00:00,-4.0,35,8.4,340.0,1019.0
2018-01-06 15:00:00,-3.8,34,7.6,231.0,1018.6
2018-01-06 16:00:00,-5.5,39,5.4,99.0,1018.3
2018-01-06 17:00:00,-7.4,44,9.2,7.0,1018.3
2018-01-06 18:00:00,-8.2,47,10.4,0.0,1018.3
2018-01-06 19:00:00,-9.1,51,10.9,0.0,1018.4
2018-01-06 20:00:00,-9.8,54,10.0,0.0,1018.0
2018-01-06 21:00:00,-10.4,56,10.2,0.0,1018.1
2018-01-06 22:00:00,-10.7,58,10.5,0.0,1018.6
2018-01-06 23:00:00,-11.0,59,10.6,0.0,1018.6
2018-01-07 00:00:00,-10.9,59,10.2,0.0,1018.4
2018-01-07 01:00:00,-10.4,56,10.1,0.0,1018.5
2018-01-07 02:00:00,-10.6,57,10.5,0.0,1018.4
2018-01-07 03:00:00,-10.0,55,8.7,0.0,1017.7
2018-01-07 04:00:00,-9.8,54,8.4,0.0,1016.9
2018-01-07 05:00:00,-9.7,53,8.5,0.0,1016.4
2018-01-07 06:00:00,-9.4,52,7.1,0.0,1016.1
2018-01-07 07:00:00,-9.1,51,7.4,0.0,1015.7
2018-01-07 08:00:00,-8.4,49,6.7,13.0,1015.6
2018-01-07 09:00:00,-6.9,44,5.0,78.0,1015.6
2018-01-07 10:00:00,-5.0,38,5.8,147.0,1015.3
2018-01-07 11:00:00,-3.0,32,7.3,203.0,1014.7
2018-01-07 12:00:00,-1.2,28,8.4,235.0,1013.8
2018-01-07 13:00:00,0.1,26,9.6,235.0,1013.0
2018-01-07 14:00:00,0.8,27,11.3,229.0,1012.0
2018-01-07 15:00:00,1.0,30,12.5,168.0,1011.8
2018-01-07 16:00:00,-0.7,35,11.1,74.0,1011.3
2018-01-07 17:00:00,-2.4,40,12.2,7.0,1011.3
2018-01-07 18:00:00,-2.7,51,13.4,0.0,1011.3
2018-01-07 19:00:00,-3.3,68,13.0,0.0,1011.4
2018-01-07 20:00:00,-3.0,71,12.5,0.0,1010.6
2018-01-07 21:00:00,-3.3,68,12.1,0.0,1009.7
2018-01-07 22:00:00,-3.6,60,12.0,0.0,1009.1
2018-01-07 23:00:00,-3.9,46,12.4,0.0,1009.4
2018-01-08 00:00:00,-3.7,41,12.1,0.0,1009.2
2018-01-08 01:00:00,-3.8,46,11.6,0.0,1008.8
2018-01-08 02:00:00,-4.0,57,10.6,0.0,1008.1
2018-01-08 03:00:00,-4.0,71,8.9,0.0,1007.6
2018-01-08 04:00:00,-4.3,82,7.2,0.0,1006.6
2018-01-08 05:00:00,-5.0,89,7.4,0.0,1006.0
2018-01-08 06:00:00,-5.2,81,8.9,0.0,1005.6
2018-01-08 07:00:00,-5.3,72,8.7,0.0,1005.2
2018-01-08 08:00:00,-5.5,73,9.2,11.0,1005.8
2018-01-08 09:00:00,-5.1,70,10.1,47.0,1005.3
2018-01-08 10:00:00,-4.1,61,11.6,179.0,1004.5
2018-01-08 11:00:00,-3.7,57,9.7,221.0,1003.5
2018-01-08 12:00:00,-3.7,57,6.8,170.0,1002.0
2018-01-08 13:00:00,-3.2,55,6.6,221.0,1001.4
2018-01-08 14:00:00,-3.1,53,13.6,124.0,1001.5
2018-01-08 15:00:00,-3.7,49,17.3,44.0,1002.1
2018-01-08 16:00:00,-4.4,45,16.1,45.0,1001.9
2018-01-08 17:00:00,-5.3,47,12.0,5.0,1002.0
2018-01-08 18:00:00,-5.6,46,12.9,0.0,1002.2
2018-01-08 19:00:00,-6.1,46,15.0,0.0,1002.6
2018-01-08 20:00:00,-7.4,53,14.3,0.0,1003.4
2018-01-08 21:00:00,-8.6,57,12.9,0.0,1003.3
2018-01-08 22:00:00,-8.6,56,13.6,0.0,1003.6
2018-01-08 23:00:00,-8.1,56,14.7,0.0,1004.0
2018-01-09 00:00:00,-8.2,59,15.1,0.0,1004.2
2018-01-09 01:00:00,-8.2,58,15.3,0.0,1004.2
2018-01-09 02:00:00,-9.1,53,14.7,0.0,1004.3
2018-01-09 03:00:00,-9.6,47,15.1,0.0,1004.3
2018-01-09 04:00:00,-10.2,46,13.5,0.0,1004.5
2018-01-09 05:00:00,-10.9,48,13.4,0.0,1004.7
2018-01-09 06:00:00,-11.3,49,12.6,0.0,1005.0
2018-01-09 07:00:00,-11.9,51,11.4,0.0,1005.4
2018-01-09 08:00:00,-12.0,51,10.1,21.0,1006.6
2018-01-09 09:00:00,-10.3,44,12.0,129.0,1006.5
2018-01-09 10:00:00,-8.5,39,15.5,270.0,1006.5
2018-01-09 11:00:00,-7.1,37,17.0,369.0,1006.3
2018-01-09 12:00:00,-6.1,34,17.3,421.0,1006.0
2018-01-09 13:00:00,-5.1,31,22.0,410.0,1005.8
2018-01-09 14:00:00,-4.7,27,21.6,246.0,1005.4
2018-01-09 15:00:00,-4.7,25,23.7,150.0,1005.5
2018-01-09 16:00:00,-5.5,25,20.2,79.0,1006.0
2018-01-09 17:00:00,-7.2,27,18.8,8.0,1006.7
2018-01-09 18:00:00,-8.5,28,15.0,0.0,1007.4
2018-01-09 19:00:00,-8.9,27,15.7,0.0,1007.8
2018-01-09 20:00:00,-9.9,27,13.8,0.0,1008.5
2018-01-09 21:00:00,-11.0,28,15.5,0.0,1008.7
2018-01-09 22:00:00,-11.5,30,16.6,0.0,1009.1
2018-01-09 23:00:00,-11.7,32,16.9,0.0,1009.5
2018-01-10 00:00:00,-11.7,34,17.8,0.0,1009.9
2018-01-10 01:00:00,-12.0,38,17.1,0.0,1009.9
2018-01-10 02:00:00,-12.4,39,16.8,0.0,1010.7
2018-01-10 03:00:00,-12.5,39,17.1,0.0,1011.2
2018-01-10 04:00:00,-12.6,39,16.9,0.0,1011.3
2018-01-10 05:00:00,-12.8,40,15.9,0.0,1011.9
2018-01-10 06:00:00,-13.3,40,15.2,0.0,1012.3
2018-01-10 07:00:00,-14.0,41,15.5,0.0,1013.0
2018-01-10 08:00:00,-14.0,39,17.2,19.0,1014.4
2018-01-10 09:00:00,-13.6,37,18.3,104.0,1015.0
2018-01-10 10:00:00,-12.6,37,18.5,215.0,1015.7
2018-01-10 11:00:00,-11.6,37,18.7,283.0,1015.6
2018-01-10 12:00:00,-10.8,34,20.2,337.0,1015.5
2018-01-10 13:00:00,-10.5,32,20.8,331.0,1015.6
2018-01-10 14:00:00,-10.7,28,19.0,279.0,1015.9
2018-01-10 15:00:00,-11.0,25,19.0,209.0,1016.8
2018-01-10 16:00:00,-11.7,25,17.6,105.0,1017.7
2018-01-10 17:00:00,-13.1,28,13.7,10.0,1018.4
2018-01-10 18:00:00,-13.9,30,11.4,0.0,1019.0
2018-01-10 19:00:00,-14.6,31,10.0,0.0,1019.6
2018-01-10 20:00:00,-15.4,35,11.6,0.0,1020.9
2018-01-10 21:00:00,-16.1,37,9.8,0.0,1021.2
2018-01-10 22:00:00,-16.8,39,8.3,0.0,1021.4
2018-01-10 23:00:00,-17.4,42,7.6,0.0,1021.7
2018-01-11 00:00:00,-17.9,44,7.3,0.0,1022.0
2018-01-11 01:00:00,-18.2,44,7.8,0.0,1022.4
2018-01-11 02:00:00,-18.5,46,7.6,0.0,1023.0
2018-01-11 03:00:00,-18.9,48,8.2,0.0,1023.1
2018-01-11 04:00:00,-19.1,48,9.0,0.0,1023.3
2018-01-11 05:00:00,-19.1,47,10.3,0.0,1023.8
2018-01-11 06:00:00,-19.1,44,10.8,0.0,1024.2
2018-01-11 07:00:00,-19.2,41,11.2,0.0,1024.9
2018-01-11 08:00:00,-19.3,47,10.2,23.0,1025.9
2018-01-11 09:00:00,-18.0,39,14.3,145.0,1026.3
2018-01-11 10:00:00,-16.7,35,15.5,284.0,1026.8
2018-01-11 11:00:00,-15.6,32,15.2,389.0,1026.9
2018-01-11 12:00:00,-14.8,29,14.9,443.0,1026.3
2018-01-11 13:00:00,-14.3,27,15.4,438.0,1025.9
2018-01-11 14:00:00,-14.1,26,15.5,375.0,1025.6
2018-01-11 15:00:00,-14.3,26,14.3,262.0,1025.8
2018-01-11 16:00:00,-14.8,28,10.9,120.0,1025.9
2018-01-11 17:00:00,-16.3,32,7.4,11.0,1025.9
2018-01-11 18:00:00,-17.3,35,6.1,0.0,1026.0
2018-01-11 19:00:00,-18.0,38,4.7,0.0,1025.9
2018-01-11 20:00:00,-19.0,39,5.5,0.0,1026.4
2018-01-11 21:00:00,-19.7,42,7.4,0.0,1026.2
2018-01-11 22:00:00,-20.0,43,7.5,0.0,1025.9
2018-01-11 23:00:00,-20.1,43,8.0,0.0,1025.5
2018-01-12 00:00:00,-20.2,42,9.1,0.0,1025.1
2018-01-12 01:00:00,-20.2,42,9.4,0.0,1024.8
2018-01-12 02:00:00,-20.3,42,9.4,0.0,1024.7
2018-01-12 03:00:00,-20.2,43,10.2,0.0,1024.1
2018-01-12 04:00:00,-20.2,44,10.1,0.0,1023.8
2018-01-12 05:00:00,-20.0,43,10.7,0.0,1023.6
2018-01-12 06:00:00,-19.8,42,11.1,0.0,1023.4
2018-01-12 07:00:00,-19.5,40,12.0,0.0,1023.1
2018-01-12 08:00:00,-19.2,45,11.2,23.0,1022.8
2018-01-12 09:00:00,-15.9,34,10.7,139.0,1022.3
2018-01-12 10:00:00,-12.6,27,11.3,281.0,1022.0
2018-01-12 11:00:00,-9.9,28,11.9,378.0,1021.5
2018-01-12 12:00:00,-7.9,34,13.0,425.0,1020.1
2018-01-12 13:00:00,-6.4,37,13.6,417.0,1019.5
2018-01-12 14:00:00,-5.2,39,14.3,353.0,1019.0
2018-01-12 15:00:00,-4.8,40,13.0,239.0,1018.8
2018-01-12 16:00:00,-6.4,49,8.2,106.0,1018.6
2018-01-12 17:00:00,-9.0,62,9.7,11.0,1018.7
2018-01-12 18:00:00,-10.0,70,10.7,0.0,1019.1
2018-01-12 19:00:00,-10.5,72,12.7,0.0,1019.7
2018-01-12 20:00:00,-11.0,62,14.0,0.0,1020.4
2018-01-12 21:00:00,-11.3,54,13.3,0.0,1020.4
2018-01-12 22:00:00,-11.8,58,12.2,0.0,1020.5
2018-01-12 23:00:00,-12.4,63,11.2,0.0,1020.6
2018-01-13 00:00:00,-13.1,69,9.8,0.0,1020.6
2018-01-13 01:00:00,-13.7,72,9.1,0.0,1020.6
2018-01-13 02:00:00,-13.8,73,9.5,0.0,1020.9
2018-01-13 03:00:00,-14.1,74,9.4,0.0,1020.7
2018-01-13 04:00:00,-14.5,74,8.7,0.0,1020.6
2018-01-13 05:00:00,-14.8,74,8.9,0.0,1021.1
2018-01-13 06:00:00,-15.1,74,8.9,0.0,1021.3
2018-01-13 07:00:00,-15.2,74,8.9,0.0,1021.4
2018-01-13 08:00:00,-14.9,76,8.4,23.0,1022.7
2018-01-13 09:00:00,-11.2,61,7.6,142.0,1023.2
2018-01-13 10:00:00,-8.2,53,7.9,277.0,1023.4
2018-01-13 11:00:00,-5.3,47,8.2,376.0,1023.0
2018-01-13 12:00:00,-3.1,43,9.5,427.0,1022.1
2018-01-13 13:00:00,-1.6,41,10.9,426.0,1021.2
2018-01-13 14:00:00,-0.6,41,11.9,364.0,1020.4
2018-01-13 15:00:00,-0.2,40,11.9,257.0,1019.9
2018-01-13 16:00:00,-2.3,47,10.4,120.0,1019.4
2018-01-13 17:00:00,-4.2,55,15.1,13.0,1019.3
2018-01-13 18:00:00,-5.2,65,16.9,0.0,1019.4
2018-01-13 19:00:00,-6.0,73,19.1,0.0,1019.4
2018-01-13 20:00:00,-6.2,77,19.7,0.0,1018.9
2018-01-13 21:00:00,-6.4,79,19.2,0.0,1018.5
2018-01-13 22:00:00,-5.9,79,19.1,0.0,1018.4
2018-01-13 23:00:00,-5.3,81,20.5,0.0,1017.9
2018-01-14 00:00:00,-4.0,82,21.6,0.0,1017.3
2018-01-14 01:00:00,-3.4,83,21.6,0.0,1016.4
2018-01-14 02:00:00,-3.9,83,21.3,0.0,1015.9
2018-01-14 03:00:00,-3.8,83,22.0,0.0,1015.5
2018-01-14 04:00:00,-3.1,83,24.9,0.0,1014.4
2018-01-14 05:00:00,-2.6,83,26.7,0.0,1013.4
2018-01-14 06:00:00,-2.1,83,26.3,0.0,1012.8
2018-01-14 07:00:00,-1.7,82,26.6,0.0,1012.2
2018-01-14 08:00:00,-0.8,80,26.0,11.0,1012.5
2018-01-14 09:00:00,0.6,75,24.4,113.0,1012.5
2018-01-14 10:00:00,1.7,73,22.5,156.0,1012.6
2018-01-14 11:00:00,1.7,75,26.1,102.0,1012.0
2018-01-14 12:00:00,2.2,72,22.1,141.0,1010.9
2018-01-14 13:00:00,1.8,73,23.7,85.0,1009.7
2018-01-14 14:00:00,2.5,69,25.0,113.0,1009.2
2018-01-14 15:00:00,2.7,61,24.3,136.0,1009.1
2018-01-14 16:00:00,1.7,61,20.9,90.0,1009.5
2018-01-14 17:00:00,0.2,69,17.6,10.0,1010.5
2018-01-14 18:00:00,-1.2,77,16.3,0.0,1011.1
2018-01-14 19:00:00,-2.7,83,14.5,0.0,1011.9
2018-01-14 20:00:00,-3.7,85,14.0,0.0,1012.9
2018-01-14 21:00:00,-3.8,80,15.1,0.0,1014.1
2018-01-14 22:00:00,-4.5,54,15.2,0.0,1014.8
2018-01-14 23:00:00,-5.4,50,14.0,0.0,1015.7
2018-01-15 00:00:00,-6.2,49,12.7,0.0,1016.5
2018-01-15 01:00:00,-6.9,51,12.1,0.0,1017.1
2018-01-15 02:00:00,-7.8,54,11.4,0.0,1017.9
2018-01-15 03:00:00,-8.7,57,10.4,0.0,1018.3
2018-01-15 04:00:00,-9.7,60,9.2,0.0,1018.5
2018-01-15 05:00:00,-10.4,62,7.6,0.0,1018.8
2018-01-15 06:00:00,-10.6,61,6.6,0.0,1019.1
2018-01-15 07:00:00,-11.0,62,6.4,0.0,1019.6
2018-01-15 08:00:00,-11.4,66,3.6,25.0,1020.5
2018-01-15 09:00:00,-9.2,56,2.0,150.0,1020.9
2018-01-15 10:00:00,-7.2,46,3.3,289.0,1021.2
2018-01-15 11:00:00,-5.9,40,3.3,394.0,1020.8
2018-01-15 12:00:00,-5.0,36,3.2,447.0,1019.6
2018-01-15 13:00:00,-4.3,33,4.9,408.0,1018.5
2018-01-15 14:00:00,-3.9,31,4.7,323.0,1017.6
2018-01-15 15:00:00,-3.7,30,4.5,181.0,1017.3
2018-01-15 16:00:00,-3.9,30,4.2,69.0,1016.8
2018-01-15 17:00:00,-4.7,34,2.7,9.0,1016.3
2018-01-15 18:00:00,-4.8,34,0.4,0.0,1015.8
2018-01-15 19:00:00,-5.8,37,5.5,0.0,1015.1
2018-01-15 20:00:00,-7.4,41,9.6,0.0,1013.6
2018-01-15 21:00:00,-7.6,42,7.4,0.0,1012.6
2018-01-15 22:00:00,-7.9,42,5.9,0.0,1012.3
2018-01-15 23:00:00,-7.4,41,10.5,0.0,1011.6
2018-01-16 00:00:00,-6.5,39,13.0,0.0,1011.3
2018-01-16 01:00:00,-6.5,41,15.0,0.0,1011.0
2018-01-16 02:00:00,-6.1,42,17.6,0.0,1010.7
2018-01-16 03:00:00,-5.6,48,19.2,0.0,1010.0
2018-01-16 04:00:00,-5.2,54,18.7,0.0,1009.8
2018-01-16 05:00:00,-5.5,61,16.5,0.0,1009.4
2018-01-16 06:00:00,-6.1,71,13.7,0.0,1009.6
2018-01-16 07:00:00,-7.0,81,12.2,0.0,1010.2
2018-01-16 08:00:00,-7.9,85,10.0,25.0,1011.5
2018-01-16 09:00:00,-4.6,74,9.0,148.0,1012.4
2018-01-16 10:00:00,-2.6,55,10.5,286.0,1013.1
2018-01-16 11:00:00,-1.4,40,13.6,392.0,1012.9
2018-01-16 12:00:00,-1.0,37,13.4,448.0,1012.3
2018-01-16 13:00:00,-0.9,36,10.9,444.0,1011.7
2018-01-16 14:00:00,-1.1,37,10.4,385.0,1011.5
2018-01-16 15:00:00,-1.6,38,10.8,274.0,1011.8
2018-01-16 16:00:00,-2.9,43,9.4,132.0,1011.8
2018-01-16 17:00:00,-5.2,48,9.8,16.0,1011.4
2018-01-16 18:00:00,-6.4,52,8.7,0.0,1011.1
2018-01-16 19:00:00,-7.6,58,7.9,0.0,1010.9
2018-01-16 20:00:00,-9.7,69,6.4,0.0,1010.0
2018-01-16 21:00:00,-9.7,69,6.5,0.0,1009.6
2018-01-16 22:00:00,-10.4,72,6.6,0.0,1009.3
2018-01-16 23:00:00,-10.9,74,6.4,0.0,1009.5
2018-01-17 00:00:00,-10.0,68,2.9,0.0,1009.6
2018-01-17 01:00:00,-11.2,75,4.7,0.0,1010.2
2018-01-17 02:00:00,-11.4,76,9.6,0.0,1009.9
2018-01-17 03:00:00,-10.5,75,12.1,0.0,1009.0
2018-01-17 04:00:00,-9.5,74,12.1,0.0,1008.3
2018-01-17 05:00:00,-10.0,77,10.9,0.0,1008.3
2018-01-17 06:00:00,-9.4,80,12.6,0.0,1008.4
2018-01-17 07:00:00,-8.0,82,13.3,0.0,1007.9
2018-01-17 08:00:00,-7.2,84,13.2,19.0,1008.7
2018-01-17 09:00:00,-5.1,78,12.4,102.0,1009.3
2018-01-17 10:00:00,-2.5,69,14.2,253.0,1009.9
2018-01-17 11:00:00,-1.3,66,16.3,245.0,1009.8
2018-01-17 12:00:00,-0.3,61,18.0,288.0,1008.5
2018-01-17 13:00:00,0.3,58,18.5,244.0,1008.7
2018-01-17 14:00:00,0.8,54,15.2,204.0,1008.7
2018-01-17 15:00:00,0.2,55,11.8,140.0,1009.4
2018-01-17 16:00:00,-0.9,56,9.7,81.0,1010.0
2018-01-17 17:00:00,-3.3,62,9.3,15.0,1010.6
2018-01-17 18:00:00,-4.2,63,9.7,0.0,1011.5
2018-01-17 19:00:00,-6.0,71,8.8,0.0,1012.0
2018-01-17 20:00:00,-5.8,70,5.4,0.0,1013.8
2018-01-17 21:00:00,-8.5,78,10.4,0.0,1014.1
2018-01-17 22:00:00,-10.0,77,7.6,0.0,1014.6
2018-01-17 23:00:00,-8.8,70,4.3,0.0,1015.1
2018-01-18 00:00:00,-9.3,70,4.0,0.0,1015.5
2018-01-18 01:00:00,-11.4,73,5.4,0.0,1015.7
2018-01-18 02:00:00,-11.0,67,4.1,0.0,1016.2
2018-01-18 03:00:00,-11.8,65,4.3,0.0,1016.5
2018-01-18 04:00:00,-11.6,61,0.4,0.0,1016.2
2018-01-18 05:00:00,-13.9,75,5.7,0.0,1015.9
2018-01-18 06:00:00,-15.2,84,6.4,0.0,1015.8
2018-01-18 07:00:00,-15.4,86,7.3,0.0,1016.5
2018-01-18 08:00:00,-14.7,89,6.5,28.0,1017.3
2018-01-18 09:00:00,-10.2,81,8.6,156.0,1017.7
2018-01-18 10:00:00,-6.9,64,9.8,297.0,1018.0
2018-01-18 11:00:00,-4.2,43,12.4,404.0,1017.8
2018-01-18 12:00:00,-2.3,32,14.5,459.0,1017.0
2018-01-18 13:00:00,-1.0,25,15.3,456.0,1016.4
2018-01-18 14:00:00,-0.3,21,15.0,395.0,1015.8
2018-01-18 15:00:00,-0.1,20,13.0,284.0,1015.5
2018-01-18 16:00:00,-1.9,26,8.8,141.0,1015.5
2018-01-18 17:00:00,-4.7,35,11.2,19.0,1015.4
2018-01-18 18:00:00,-6.1,44,11.2,0.0,1015.7
2018-01-18 19:00:00,-6.5,54,12.7,0.0,1016.1
2018-01-18 20:00:00,-7.6,74,13.4,0.0,1016.2
2018-01-18 21:00:00,-7.5,77,13.4,0.0,1016.1
2018-01-18 22:00:00,-7.8,77,13.7,0.0,1015.9
2018-01-18 23:00:00,-7.8,77,14.1,0.0,1015.9
2018-01-19 00:00:00,-7.7,76,15.5,0.0,1015.2
2018-01-19 01:00:00,-7.2,73,17.0,0.0,1014.9
2018-01-19 02:00:00,-6.9,72,17.5,0.0,1014.3
2018-01-19 03:00:00,-6.7,74,17.7,0.0,1013.6
2018-01-19 04:00:00,-6.6,78,16.9,0.0,1013.3
2018-01-19 05:00:00,-6.8,81,15.9,0.0,1012.8
2018-01-19 06:00:00,-7.1,84,14.7,0.0,1012.8
2018-01-19 07:00:00,-7.5,86,13.5,0.0,1013.2
2018-01-19 08:00:00,-6.5,86,14.2,27.0,1014.1
2018-01-19 09:00:00,-6.2,86,12.8,155.0,1014.2
2018-01-19 10:00:00,-3.2,81,14.7,297.0,1014.0
2018-01-19 11:00:00,-1.2,73,15.3,405.0,1013.5
2018-01-19 12:00:00,1.3,52,14.0,462.0,1012.4
2018-01-19 13:00:00,2.3,39,12.9,460.0,1011.8
2018-01-19 14:00:00,2.8,31,11.3,399.0,1011.3
2018-01-19 15:00:00,2.7,28,9.4,288.0,1011.1
2018-01-19 16:00:00,-0.2,46,6.9,144.0,1011.4
2018-01-19 17:00:00,-0.9,32,5.6,21.0,1011.7
2018-01-19 18:00:00,-3.8,38,9.4,0.0,1011.7
2018-01-19 19:00:00,-4.9,39,10.0,0.0,1012.1
2018-01-19 20:00:00,-7.4,38,8.8,0.0,1012.8
2018-01-19 21:00:00,-6.9,36,8.2,0.0,1013.3
2018-01-19 22:00:00,-7.2,36,8.9,0.0,1014.1
2018-01-19 23:00:00,-6.2,38,19.1,0.0,1015.6
2018-01-20 00:00:00,-7.5,49,18.4,0.0,1016.7
2018-01-20 01:00:00,-8.5,51,17.0,0.0,1017.5
2018-01-20 02:00:00,-9.4,50,15.7,0.0,1018.1
2018-01-20 03:00:00,-10.2,50,13.2,0.0,1018.5
2018-01-20 04:00:00,-11.3,51,11.2,0.0,1018.6
2018-01-20 05:00:00,-12.3,51,9.2,0.0,1018.7
2018-01-20 06:00:00,-13.4,53,7.7,0.0,1019.0
2018-01-20 07:00:00,-14.1,54,7.0,0.0,1019.5
2018-01-20 08:00:00,-14.2,55,5.4,29.0,1019.9
2018-01-20 09:00:00,-10.5,40,3.8,158.0,1020.7
2018-01-20 10:00:00,-8.1,32,2.5,299.0,1021.4
2018-01-20 11:00:00,-6.6,27,3.1,406.0,1020.9
2018-01-20 12:00:00,-5.6,22,7.0,460.0,1020.4
2018-01-20 13:00:00,-5.0,18,10.1,457.0,1019.4
2018-01-20 14:00:00,-4.8,17,10.5,399.0,1019.0
2018-01-20 15:00:00,-5.0,17,10.6,288.0,1019.2
2018-01-20 16:00:00,-5.7,18,8.6,145.0,1019.7
2018-01-20 17:00:00,-7.9,21,8.4,22.0,1020.2
2018-01-20 18:00:00,-9.4,24,7.2,0.0,1020.6
2018-01-20 19:00:00,-10.2,24,9.4,0.0,1021.2
2018-01-20 20:00:00,-11.9,26,11.8,0.0,1021.5
2018-01-20 21:00:00,-11.3,22,11.9,0.0,1021.9
2018-01-20 22:00:00,-12.1,23,11.4,0.0,1022.2
2018-01-20 23:00:00,-12.9,25,10.1,0.0,1022.7
2018-01-21 00:00:00,-13.4,25,10.6,0.0,1023.2
2018-01-21 01:00:00,-13.9,26,14.0,0.0,1023.4
2018-01-21 02:00:00,-14.6,28,14.3,0.0,1023.6
2018-01-21 03:00:00,-15.1,29,13.2,0.0,1023.5
2018-01-21 04:00:00,-15.5,29,12.1,0.0,1023.7
2018-01-21 05:00:00,-16.0,30,10.8,0.0,1023.8
2018-01-21 06:00:00,-16.3,30,10.2,0.0,1024.0
2018-01-21 07:00:00,-16.6,30,9.4,0.0,1024.4
2018-01-21 08:00:00,-16.8,34,10.0,28.0,1024.2
2018-01-21 09:00:00,-15.2,29,11.5,154.0,1024.7
2018-01-21 10:00:00,-14.1,26,11.9,288.0,1024.8
2018-01-21 11:00:00,-12.8,23,11.5,384.0,1023.8
2018-01-21 12:00:00,-11.8,21,10.6,413.0,1022.8
2018-01-21 13:00:00,-11.0,20,11.5,413.0,1021.4
2018-01-21 14:00:00,-10.4,19,13.9,367.0,1020.1
2018-01-21 15:00:00,-10.4,19,13.8,278.0,1019.8
2018-01-21 16:00:00,-10.8,20,12.5,138.0,1019.9
2018-01-21 17:00:00,-12.1,22,11.3,22.0,1020.3
2018-01-21 18:00:00,-12.9,24,11.7,0.0,1020.3
2018-01-21 19:00:00,-13.8,26,13.9,0.0,1020.3
2018-01-21 20:00:00,-14.4,32,13.8,0.0,1019.8
2018-01-21 21:00:00,-14.9,32,14.3,0.0,1019.7
2018-01-21 22:00:00,-15.2,32,14.5,0.0,1020.0
2018-01-21 23:00:00,-15.4,32,13.2,0.0,1020.3
2018-01-22 00:00:00,-15.7,32,13.1,0.0,1020.3
2018-01-22 01:00:00,-15.8,32,13.5,0.0,1020.2
2018-01-22 02:00:00,-15.8,31,13.8,0.0,1020.5
2018-01-22 03:00:00,-16.0,31,14.1,0.0,1020.7
2018-01-22 04:00:00,-16.3,31,17.8,0.0,1021.0
2018-01-22 05:00:00,-16.5,30,20.5,0.0,1021.0
2018-01-22 06:00:00,-17.2,31,21.2,0.0,1020.9
2018-01-22 07:00:00,-17.8,33,18.9,0.0,1021.1
2018-01-22 08:00:00,-18.2,36,19.2,23.0,1021.1
2018-01-22 09:00:00,-17.8,33,19.4,114.0,1021.2
2018-01-22 10:00:00,-17.0,29,19.0,259.0,1021.0
2018-01-22 11:00:00,-16.0,25,18.5,403.0,1020.1
2018-01-22 12:00:00,-15.0,21,18.4,469.0,1019.0
2018-01-22 13:00:00,-14.4,19,18.4,473.0,1018.0
2018-01-22 14:00:00,-14.2,18,17.5,418.0,1017.7
2018-01-22 15:00:00,-14.3,18,16.2,304.0,1017.6
2018-01-22 16:00:00,-14.7,19,14.7,158.0,1017.8
2018-01-22 17:00:00,-15.8,21,10.8,26.0,1018.1
2018-01-22 18:00:00,-16.7,22,9.7,0.0,1018.4
2018-01-22 19:00:00,-17.6,24,8.4,0.0,1018.5
2018-01-22 20:00:00,-19.1,26,8.0,0.0,1018.6
2018-01-22 21:00:00,-18.7,26,7.2,0.0,1018.3
2018-01-22 22:00:00,-19.4,27,6.5,0.0,1018.2
2018-01-22 23:00:00,-20.0,29,6.0,0.0,1018.1
2018-01-23 00:00:00,-20.2,29,7.9,0.0,1018.4
2018-01-23 01:00:00,-19.9,27,11.2,0.0,1018.6
2018-01-23 02:00:00,-20.1,26,12.0,0.0,1019.0
2018-01-23 03:00:00,-20.3,26,12.0,0.0,1018.7
2018-01-23 04:00:00,-20.3,26,12.5,0.0,1019.0
2018-01-23 05:00:00,-20.6,27,11.6,0.0,1019.4
2018-01-23 06:00:00,-21.1,29,9.5,0.0,1019.7
2018-01-23 07:00:00,-21.6,30,8.7,0.0,1019.6
2018-01-23 08:00:00,-21.1,31,6.2,33.0,1020.6
2018-01-23 09:00:00,-18.9,26,8.2,168.0,1020.9
2018-01-23 10:00:00,-17.1,22,16.3,313.0,1021.0
2018-01-23 11:00:00,-16.5,19,24.1,410.0,1020.8
2018-01-23 12:00:00,-16.2,16,24.6,465.0,1020.4
2018-01-23 13:00:00,-16.1,15,25.7,483.0,1019.9
2018-01-23 14:00:00,-16.3,14,26.2,422.0,1020.0
2018-01-23 15:00:00,-16.7,14,26.0,310.0,1020.3
2018-01-23 16:00:00,-16.9,14,21.7,162.0,1020.7
2018-01-23 17:00:00,-18.1,15,13.4,28.0,1020.9
2018-01-23 18:00:00,-19.4,17,7.6,0.0,1020.9
2018-01-23 19:00:00,-20.3,19,6.6,0.0,1021.3
2018-01-23 20:00:00,-19.3,19,1.1,0.0,1021.5
2018-01-23 21:00:00,-19.8,20,3.9,0.0,1021.7
2018-01-23 22:00:00,-20.5,21,10.5,0.0,1022.0
2018-01-23 23:00:00,-20.1,19,14.1,0.0,1022.6
2018-01-24 00:00:00,-20.5,19,13.3,0.0,1023.0
2018-01-24 01:00:00,-21.2,20,11.2,0.0,1023.3
2018-01-24 02:00:00,-21.9,22,9.5,0.0,1023.9
2018-01-24 03:00:00,-22.6,24,8.4,0.0,1024.3
2018-01-24 04:00:00,-23.2,26,7.3,0.0,1024.4
2018-01-24 05:00:00,-23.6,28,7.4,0.0,1024.7
2018-01-24 06:00:00,-23.8,29,7.5,0.0,1025.1
2018-01-24 07:00:00,-24.0,30,7.7,0.0,1025.6
2018-01-24 08:00:00,-22.8,29,3.8,34.0,1026.1
2018-01-24 09:00:00,-20.8,26,5.8,172.0,1026.7
2018-01-24 10:00:00,-19.6,24,9.4,319.0,1027.3
2018-01-24 11:00:00,-18.6,22,11.8,430.0,1027.1
2018-01-24 12:00:00,-17.7,20,13.2,489.0,1026.8
2018-01-24 13:00:00,-16.9,18,14.5,488.0,1026.3
2018-01-24 14:00:00,-16.5,17,15.1,427.0,1026.1
2018-01-24 15:00:00,-16.3,16,14.3,313.0,1026.3
2018-01-24 16:00:00,-16.6,17,13.1,165.0,1026.6
2018-01-24 17:00:00,-18.0,19,9.4,30.0,1026.7
2018-01-24 18:00:00,-18.9,21,10.4,0.0,1027.2
2018-01-24 19:00:00,-19.5,22,11.2,0.0,1027.4
2018-01-24 20:00:00,-20.8,28,8.8,0.0,1027.5
2018-01-24 21:00:00,-20.7,28,8.0,0.0,1028.1
2018-01-24 22:00:00,-21.2,30,4.3,0.0,1028.8
2018-01-24 23:00:00,-20.5,27,2.9,0.0,1029.4
2018-01-25 00:00:00,-22.2,32,6.6,0.0,1029.6
2018-01-25 01:00:00,-22.7,34,6.6,0.0,1029.8
2018-01-25 02:00:00,-23.0,35,6.3,0.0,1030.6
2018-01-25 03:00:00,-23.3,35,6.6,0.0,1030.4
2018-01-25 04:00:00,-23.5,35,6.5,0.0,1030.1
2018-01-25 05:00:00,-23.6,35,7.7,0.0,1030.4
2018-01-25 06:00:00,-23.3,34,10.1,0.0,1030.3
2018-01-25 07:00:00,-22.7,35,12.4,0.0,1030.9
2018-01-25 08:00:00,-22.5,39,12.2,35.0,1031.8
2018-01-25 09:00:00,-20.8,34,16.1,172.0,1033.1
2018-01-25 10:00:00,-19.5,27,18.3,320.0,1033.7
2018-01-25 11:00:00,-18.6,23,21.0,433.0,1032.7
2018-01-25 12:00:00,-18.0,22,21.8,494.0,1031.6
2018-01-25 13:00:00,-17.5,20,22.2,493.0,1030.6
2018-01-25 14:00:00,-17.2,19,21.4,432.0,1030.4
2018-01-25 15:00:00,-17.4,19,21.2,319.0,1030.3
2018-01-25 16:00:00,-18.0,19,19.7,170.0,1030.6
2018-01-25 17:00:00,-19.1,21,15.2,32.0,1031.0
2018-01-25 18:00:00,-19.9,22,12.6,0.0,1031.1
2018-01-25 19:00:00,-20.8,24,9.4,0.0,1031.3
2018-01-25 20:00:00,-21.8,31,5.1,0.0,1031.0
2018-01-25 21:00:00,-20.8,28,2.2,0.0,1031.3
2018-01-25 22:00:00,-22.1,32,4.6,0.0,1031.6
2018-01-25 23:00:00,-23.1,35,6.0,0.0,1031.9
2018-01-26 00:00:00,-23.5,36,6.4,0.0,1031.8
2018-01-26 01:00:00,-23.8,37,6.7,0.0,1032.0
2018-01-26 02:00:00,-23.9,38,7.7,0.0,1032.0
2018-01-26 03:00:00,-23.9,38,8.8,0.0,1031.8
2018-01-26 04:00:00,-23.6,38,10.7,0.0,1031.7
2018-01-26 05:00:00,-23.6,39,11.2,0.0,1031.8
2018-01-26 06:00:00,-24.0,41,10.1,0.0,1031.8
2018-01-26 07:00:00,-24.5,42,8.7,0.0,1032.0
2018-01-26 08:00:00,-23.6,43,8.8,37.0,1032.9
2018-01-26 09:00:00,-21.9,36,9.8,177.0,1033.0
2018-01-26 10:00:00,-20.2,30,8.3,325.0,1033.5
2018-01-26 11:00:00,-18.7,25,7.9,438.0,1032.6
2018-01-26 12:00:00,-17.5,22,9.1,498.0,1031.7
2018-01-26 13:00:00,-16.4,20,8.5,497.0,1030.7
2018-01-26 14:00:00,-15.6,18,8.7,437.0,1030.0
2018-01-26 15:00:00,-15.4,17,9.0,323.0,1029.7
2018-01-26 16:00:00,-15.7,17,8.4,174.0,1029.1
2018-01-26 17:00:00,-17.9,22,7.1,34.0,1028.8
2018-01-26 18:00:00,-18.6,23,5.8,0.0,1029.0
2018-01-26 19:00:00,-17.8,21,4.1,0.0,1029.1
2018-01-26 20:00:00,-19.2,26,4.9,0.0,1029.3
2018-01-26 21:00:00,-20.6,30,7.6,0.0,1029.0
2018-01-26 22:00:00,-21.3,32,8.0,0.0,1028.8
2018-01-26 23:00:00,-21.7,34,7.4,0.0,1028.8
2018-01-27 00:00:00,-22.2,35,6.7,0.0,1029.0
2018-01-27 01:00:00,-22.5,37,5.6,0.0,1028.9
2018-01-27 02:00:00,-22.7,38,5.8,0.0,1028.7
2018-01-27 03:00:00,-22.9,38,5.1,0.0,1028.5
2018-01-27 04:00:00,-23.2,40,5.5,0.0,1027.8
2018-01-27 05:00:00,-23.4,40,5.5,0.0,1027.5
2018-01-27 06:00:00,-23.5,40,5.6,0.0,1027.6
2018-01-27 07:00:00,-23.6,40,5.4,0.0,1027.7
2018-01-27 08:00:00,-21.8,39,4.3,37.0,1027.7
2018-01-27 09:00:00,-18.9,30,2.2,175.0,1027.9
2018-01-27 10:00:00,-15.7,22,1.0,322.0,1028.1
2018-01-27 11:00:00,-13.7,19,3.4,433.0,1027.2
2018-01-27 12:00:00,-12.2,17,6.2,491.0,1026.1
2018-01-27 13:00:00,-11.1,17,6.2,487.0,1025.0
2018-01-27 14:00:00,-10.4,17,6.5,410.0,1023.9
2018-01-27 15:00:00,-10.1,17,7.4,290.0,1023.3
2018-01-27 16:00:00,-10.5,18,6.5,154.0,1023.0
2018-01-27 17:00:00,-12.8,23,5.7,33.0,1022.8
2018-01-27 18:00:00,-13.1,24,5.1,0.0,1023.1
2018-01-27 19:00:00,-13.2,24,4.8,0.0,1023.3
2018-01-27 20:00:00,-14.8,28,6.2,0.0,1022.3
2018-01-27 21:00:00,-13.2,24,3.3,0.0,1022.4
2018-01-27 22:00:00,-13.3,25,0.5,0.0,1022.3
2018-01-27 23:00:00,-13.7,26,4.0,0.0,1022.3
2018-01-28 00:00:00,-16.3,32,6.2,0.0,1022.1
2018-01-28 01:00:00,-16.9,34,6.4,0.0,1021.7
2018-01-28 02:00:00,-17.8,37,6.6,0.0,1021.7
2018-01-28 03:00:00,-18.2,38,8.6,0.0,1021.6
2018-01-28 04:00:00,-18.2,36,11.9,0.0,1021.1
2018-01-28 05:00:00,-18.7,37,10.5,0.0,1020.6
2018-01-28 06:00:00,-19.7,41,8.8,0.0,1020.3
2018-01-28 07:00:00,-20.4,45,8.9,0.0,1020.4
2018-01-28 08:00:00,-19.2,42,6.8,39.0,1020.3
2018-01-28 09:00:00,-16.9,32,9.7,183.0,1020.8
2018-01-28 10:00:00,-15.3,26,12.1,333.0,1020.5
2018-01-28 11:00:00,-14.1,22,13.9,442.0,1019.8
2018-01-28 12:00:00,-13.0,19,14.4,501.0,1018.7
2018-01-28 13:00:00,-12.1,17,13.9,499.0,1017.8
2018-01-28 14:00:00,-11.3,15,13.8,439.0,1017.2
2018-01-28 15:00:00,-11.1,15,14.8,327.0,1016.8
2018-01-28 16:00:00,-11.3,15,12.6,177.0,1016.2
2018-01-28 17:00:00,-14.0,20,9.1,37.0,1016.0
2018-01-28 18:00:00,-15.2,22,8.5,0.0,1015.8
2018-01-28 19:00:00,-16.1,24,8.4,0.0,1016.0
2018-01-28 20:00:00,-17.2,27,8.6,0.0,1015.9
2018-01-28 21:00:00,-16.0,26,9.7,0.0,1016.3
2018-01-28 22:00:00,-15.5,27,9.4,0.0,1016.6
2018-01-28 23:00:00,-15.5,28,10.1,0.0,1016.6
2018-01-29 00:00:00,-15.7,30,10.8,0.0,1016.5
2018-01-29 01:00:00,-16.6,32,11.3,0.0,1016.1
2018-01-29 02:00:00,-17.0,35,11.6,0.0,1016.1
2018-01-29 03:00:00,-17.0,37,11.8,0.0,1016.3
2018-01-29 04:00:00,-17.0,39,12.6,0.0,1015.9
2018-01-29 05:00:00,-17.2,41,12.9,0.0,1016.0
2018-01-29 06:00:00,-17.6,43,12.2,0.0,1016.4
2018-01-29 07:00:00,-18.1,46,11.8,0.0,1017.1
2018-01-29 08:00:00,-17.1,46,8.8,40.0,1017.9
2018-01-29 09:00:00,-14.5,37,10.4,181.0,1018.1
2018-01-29 10:00:00,-12.7,31,15.8,328.0,1018.5
2018-01-29 11:00:00,-11.8,27,16.9,440.0,1018.3
2018-01-29 12:00:00,-10.9,25,15.3,500.0,1017.6
2018-01-29 13:00:00,-10.2,24,14.5,500.0,1016.9
2018-01-29 14:00:00,-9.6,23,13.8,440.0,1016.2
2018-01-29 15:00:00,-9.1,22,12.8,327.0,1016.1
2018-01-29 16:00:00,-9.1,22,10.4,179.0,1015.9
2018-01-29 17:00:00,-12.4,29,7.9,39.0,1015.7
2018-01-29 18:00:00,-13.2,31,9.9,0.0,1015.8
2018-01-29 19:00:00,-13.7,33,11.3,0.0,1015.7
2018-01-29 20:00:00,-14.2,35,12.2,0.0,1015.3
2018-01-29 21:00:00,-13.7,34,13.1,0.0,1015.2
2018-01-29 22:00:00,-13.7,34,13.3,0.0,1015.3
2018-01-29 23:00:00,-13.9,35,13.2,0.0,1014.9
2018-01-30 00:00:00,-13.9,35,13.1,0.0,1014.9
2018-01-30 01:00:00,-14.3,37,12.0,0.0,1014.4
2018-01-30 02:00:00,-14.6,40,12.1,0.0,1014.3
2018-01-30 03:00:00,-14.6,45,12.4,0.0,1014.4
2018-01-30 04:00:00,-14.9,52,11.8,0.0,1013.9
2018-01-30 05:00:00,-15.6,58,10.2,0.0,1013.3
2018-01-30 06:00:00,-16.1,63,9.8,0.0,1013.1
2018-01-30 07:00:00,-16.4,67,10.0,0.0,1013.3
2018-01-30 08:00:00,-13.7,60,10.2,41.0,1013.8
2018-01-30 09:00:00,-10.2,41,10.0,178.0,1013.9
2018-01-30 10:00:00,-6.9,28,11.9,312.0,1014.2
2018-01-30 11:00:00,-4.7,23,13.8,399.0,1014.2
2018-01-30 12:00:00,-3.7,23,13.5,474.0,1013.9
2018-01-30 13:00:00,-3.0,22,14.3,456.0,1013.4
2018-01-30 14:00:00,-2.4,22,13.8,384.0,1012.9
2018-01-30 15:00:00,-2.4,22,16.1,311.0,1013.0
2018-01-30 16:00:00,-3.2,22,14.5,167.0,1013.5
2018-01-30 17:00:00,-6.9,28,9.6,35.0,1014.0
2018-01-30 18:00:00,-7.7,30,11.0,0.0,1015.1
2018-01-30 19:00:00,-8.3,32,11.6,0.0,1016.1
2018-01-30 20:00:00,-10.0,37,7.1,0.0,1017.0
2018-01-30 21:00:00,-8.2,31,2.3,0.0,1017.9
2018-01-30 22:00:00,-11.0,39,6.6,0.0,1018.7
2018-01-30 23:00:00,-12.4,43,11.9,0.0,1019.2
2018-01-31 00:00:00,-12.1,39,13.3,0.0,1019.7
2018-01-31 01:00:00,-12.6,39,12.5,0.0,1019.9
2018-01-31 02:00:00,-13.6,43,11.5,0.0,1020.3
2018-01-31 03:00:00,-14.5,47,10.3,0.0,1020.2
2018-01-31 04:00:00,-15.1,49,9.8,0.0,1020.3
2018-01-31 05:00:00,-15.7,52,9.2,0.0,1020.7
2018-01-31 06:00:00,-16.2,55,7.9,0.0,1021.0
2018-01-31 07:00:00,-16.1,54,6.9,0.0,1021.3
2018-01-31 08:00:00,-14.5,51,3.3,43.0,1022.1
2018-01-31 09:00:00,-11.9,41,2.9,185.0,1022.7
2018-01-31 10:00:00,-9.4,35,1.6,332.0,1023.0
2018-01-31 11:00:00,-7.6,31,2.4,444.0,1022.8
2018-01-31 12:00:00,-6.3,28,5.3,503.0,1021.9
2018-01-31 13:00:00,-5.3,26,7.5,503.0,1021.3
2018-01-31 14:00:00,-4.7,25,7.8,444.0,1020.5
2018-01-31 15:00:00,-4.5,25,7.1,333.0,1020.7
2018-01-31 16:00:00,-4.8,25,5.2,185.0,1020.9
2018-01-31 17:00:00,-5.3,26,1.3,43.0,1021.0
2018-01-31 18:00:00,-6.1,28,4.4,0.0,1021.3
2018-01-31 19:00:00,-10.4,39,10.3,0.0,1021.2
2018-01-31 20:00:00,-12.1,45,10.1,0.0,1021.6
2018-01-31 21:00:00,-12.2,45,10.2,0.0,1021.5
2018-01-31 22:00:00,-12.9,48,9.7,0.0,1021.3
2018-01-31 23:00:00,-13.4,50,9.7,0.0,1021.4
2018-02-01 00:00:00,-14.0,52,9.0,0.0,1021.6
2018-02-01 01:00:00,-14.5,54,9.0,0.0,1021.2
2018-02-01 02:00:00,-14.9,56,8.6,0.0,1021.3
2018-02-01 03:00:00,-15.2,58,8.9,0.0,1021.2
2018-02-01 04:00:00,-15.1,57,9.7,0.0,1020.8
2018-02-01 05:00:00,-15.1,57,9.6,0.0,1020.9
2018-02-01 06:00:00,-15.2,56,9.5,0.0,1021.0
2018-02-01 07:00:00,-15.3,56,9.7,0.0,1021.3
2018-02-01 08:00:00,-12.7,55,9.0,44.0,1021.4
2018-02-01 09:00:00,-8.9,41,8.7,179.0,1021.6
2018-02-01 10:00:00,-5.5,33,9.3,312.0,1021.9
2018-02-01 11:00:00,-2.9,30,9.7,390.0,1021.4
2018-02-01 12:00:00,-1.5,39,12.6,411.0,1021.0
2018-02-01 13:00:00,-0.6,39,17.5,363.0,1020.1
2018-02-01 14:00:00,-0.5,38,14.9,310.0,1020.0
2018-02-01 15:00:00,-1.4,40,14.6,271.0,1020.5
2018-02-01 16:00:00,-3.1,44,11.8,161.0,1021.3
2018-02-01 17:00:00,-5.7,53,11.6,41.0,1022.1
2018-02-01 18:00:00,-7.4,58,10.9,0.0,1022.9
2018-02-01 19:00:00,-8.4,60,9.6,0.0,1023.7
2018-02-01 20:00:00,-8.0,59,11.3,0.0,1023.9
2018-02-01 21:00:00,-7.8,58,11.5,0.0,1024.2
2018-02-01 22:00:00,-8.2,60,11.9,0.0,1024.7
2018-02-01 23:00:00,-8.4,54,11.7,0.0,1025.5
2018-02-02 00:00:00,-8.9,50,10.3,0.0,1025.8
2018-02-02 01:00:00,-9.8,50,10.4,0.0,1025.7
2018-02-02 02:00:00,-10.4,49,13.7,0.0,1026.1
2018-02-02 03:00:00,-10.4,42,16.8,0.0,1026.2
2018-02-02 04:00:00,-11.3,40,18.2,0.0,1026.4
2018-02-02 05:00:00,-12.0,40,16.7,0.0,1026.8
2018-02-02 06:00:00,-12.2,40,16.0,0.0,1027.3
2018-02-02 07:00:00,-12.5,40,14.6,0.0,1027.7
2018-02-02 08:00:00,-12.6,39,12.5,36.0,1029.1
2018-02-02 09:00:00,-11.7,35,13.5,151.0,1029.1
2018-02-02 10:00:00,-10.4,31,13.8,299.0,1028.8
2018-02-02 11:00:00,-9.2,27,13.7,441.0,1028.6
2018-02-02 12:00:00,-8.2,23,14.5,516.0,1027.7
2018-02-02 13:00:00,-7.5,20,15.5,519.0,1027.0
2018-02-02 14:00:00,-7.3,19,16.8,459.0,1026.4
2018-02-02 15:00:00,-7.5,19,17.8,346.0,1026.5
2018-02-02 16:00:00,-8.0,20,16.3,197.0,1026.3
2018-02-02 17:00:00,-9.6,22,12.4,49.0,1026.4
2018-02-02 18:00:00,-11.4,25,9.3,0.0,1026.4
2018-02-02 19:00:00,-11.9,25,11.5,0.0,1026.8
2018-02-02 20:00:00,-14.0,30,9.2,0.0,1027.4
2018-02-02 21:00:00,-14.1,31,8.0,0.0,1027.2
2018-02-02 22:00:00,-14.6,32,8.9,0.0,1027.0
2018-02-02 23:00:00,-15.2,34,9.1,0.0,1027.2
2018-02-03 00:00:00,-15.6,36,9.2,0.0,1027.3
2018-02-03 01:00:00,-15.8,36,10.2,0.0,1027.1
2018-02-03 02:00:00,-16.0,37,11.1,0.0,1027.1
2018-02-03 03:00:00,-16.3,38,10.6,0.0,1026.8
2018-02-03 04:00:00,-16.6,40,10.6,0.0,1026.6
2018-02-03 05:00:00,-17.0,42,10.5,0.0,1026.7
2018-02-03 06:00:00,-17.2,43,10.6,0.0,1026.6
2018-02-03 07:00:00,-17.5,45,10.8,0.0,1026.7
2018-02-03 08:00:00,-16.6,44,10.5,48.0,1027.2
2018-02-03 09:00:00,-15.1,40,13.3,191.0,1027.1
2018-02-03 10:00:00,-13.4,37,12.6,332.0,1027.3
2018-02-03 11:00:00,-11.7,37,12.4,438.0,1027.2
2018-02-03 12:00:00,-10.2,35,16.6,487.0,1026.8
2018-02-03 13:00:00,-9.5,33,19.9,393.0,1026.1
2018-02-03 14:00:00,-9.4,32,21.3,307.0,1026.0
2018-02-03 15:00:00,-9.3,29,22.0,232.0,1025.9
2018-02-03 16:00:00,-9.6,30,21.4,122.0,1026.1
2018-02-03 17:00:00,-10.3,35,16.9,31.0,1026.3
2018-02-03 18:00:00,-11.4,36,12.9,0.0,1026.7
2018-02-03 19:00:00,-12.8,39,12.1,0.0,1026.9
2018-02-03 20:00:00,-14.7,49,9.3,0.0,1027.0
2018-02-03 21:00:00,-14.8,49,9.8,0.0,1027.1
2018-02-03 22:00:00,-15.6,51,9.1,0.0,1027.0
2018-02-03 23:00:00,-16.5,55,8.5,0.0,1027.3
2018-02-04 00:00:00,-17.2,59,7.6,0.0,1027.2
2018-02-04 01:00:00,-17.8,62,6.9,0.0,1026.8
2018-02-04 02:00:00,-18.0,65,6.2,0.0,1026.7
2018-02-04 03:00:00,-18.4,67,5.9,0.0,1026.3
2018-02-04 04:00:00,-18.2,65,4.4,0.0,1025.9
2018-02-04 05:00:00,-17.9,64,2.7,0.0,1025.7
2018-02-04 06:00:00,-18.8,68,4.0,0.0,1025.5
2018-02-04 07:00:00,-19.4,70,4.5,0.0,1025.4
2018-02-04 08:00:00,-18.5,68,2.6,52.0,1025.5
2018-02-04 09:00:00,-16.0,55,1.4,199.0,1025.5
2018-02-04 10:00:00,-13.9,46,2.4,350.0,1025.8
2018-02-04 11:00:00,-12.3,39,3.6,464.0,1025.5
2018-02-04 12:00:00,-11.0,33,4.2,526.0,1025.0
2018-02-04 13:00:00,-10.1,28,4.6,526.0,1024.4
2018-02-04 14:00:00,-9.5,26,5.9,466.0,1023.9
2018-02-04 15:00:00,-9.3,25,6.9,354.0,1024.1
2018-02-04 16:00:00,-9.6,25,8.0,205.0,1024.0
2018-02-04 17:00:00,-11.5,29,8.2,55.0,1024.2
2018-02-04 18:00:00,-12.9,32,9.2,0.0,1024.5
2018-02-04 19:00:00,-13.6,33,10.0,0.0,1024.7
2018-02-04 20:00:00,-15.4,39,9.3,0.0,1024.8
2018-02-04 21:00:00,-14.6,37,9.1,0.0,1024.9
2018-02-04 22:00:00,-15.5,40,8.8,0.0,1024.8
2018-02-04 23:00:00,-16.5,45,7.6,0.0,1025.0
2018-02-05 00:00:00,-17.0,46,8.7,0.0,1025.1
2018-02-05 01:00:00,-17.2,47,9.0,0.0,1025.1
2018-02-05 02:00:00,-17.6,48,8.9,0.0,1025.1
2018-02-05 03:00:00,-17.9,49,9.3,0.0,1024.9
2018-02-05 04:00:00,-17.8,50,10.7,0.0,1024.8
2018-02-05 05:00:00,-17.9,51,11.6,0.0,1024.7
2018-02-05 06:00:00,-18.1,53,11.9,0.0,1024.6
2018-02-05 07:00:00,-18.5,56,11.2,0.0,1024.7
2018-02-05 08:00:00,-18.0,55,10.1,54.0,1025.4
2018-02-05 09:00:00,-16.1,47,11.5,203.0,1025.4
2018-02-05 10:00:00,-14.1,40,11.9,354.0,1025.8
2018-02-05 11:00:00,-12.5,35,13.3,467.0,1025.6
2018-02-05 12:00:00,-11.2,32,13.7,528.0,1025.1
2018-02-05 13:00:00,-10.4,29,14.0,528.0,1024.1
2018-02-05 14:00:00,-10.0,27,13.7,469.0,1023.7
2018-02-05 15:00:00,-9.4,25,17.4,350.0,1023.4
2018-02-05 16:00:00,-10.0,26,16.5,170.0,1023.3
2018-02-05 17:00:00,-11.2,28,10.6,51.0,1023.2
2018-02-05 18:00:00,-13.0,32,11.3,0.0,1023.5
2018-02-05 19:00:00,-13.6,33,12.5,0.0,1023.8
2018-02-05 20:00:00,-14.6,37,12.2,0.0,1024.4
2018-02-05 21:00:00,-14.6,37,12.4,0.0,1024.2
2018-02-05 22:00:00,-15.1,39,12.3,0.0,1024.1
2018-02-05 23:00:00,-16.2,42,9.5,0.0,1023.9
2018-02-06 00:00:00,-17.4,47,8.0,0.0,1024.0
2018-02-06 01:00:00,-18.1,49,7.6,0.0,1023.6
2018-02-06 02:00:00,-18.6,51,8.1,0.0,1023.5
2018-02-06 03:00:00,-19.2,54,7.4,0.0,1023.3
2018-02-06 04:00:00,-19.7,56,6.1,0.0,1022.9
2018-02-06 05:00:00,-19.9,58,5.5,0.0,1022.9
2018-02-06 06:00:00,-19.9,58,4.6,0.0,1022.9
2018-02-06 07:00:00,-20.3,60,4.8,0.0,1023.1
2018-02-06 08:00:00,-19.0,54,3.1,57.0,1023.2
2018-02-06 09:00:00,-16.1,43,3.5,210.0,1023.2
2018-02-06 10:00:00,-13.7,35,6.1,364.0,1023.5
2018-02-06 11:00:00,-12.1,28,9.1,480.0,1023.3
2018-02-06 12:00:00,-11.3,26,10.3,541.0,1022.8
2018-02-06 13:00:00,-10.8,24,10.9,542.0,1021.9
2018-02-06 14:00:00,-10.5,24,11.4,482.0,1021.3
2018-02-06 15:00:00,-10.5,23,11.2,367.0,1021.0
2018-02-06 16:00:00,-10.8,23,10.6,215.0,1021.0
2018-02-06 17:00:00,-12.4,26,9.2,61.0,1020.9
2018-02-06 18:00:00,-13.8,30,10.5,0.0,1021.1
2018-02-06 19:00:00,-15.0,32,9.5,0.0,1021.5
2018-02-06 20:00:00,-16.5,38,9.4,0.0,1021.4
2018-02-06 21:00:00,-15.7,36,9.3,0.0,1021.6
2018-02-06 22:00:00,-16.3,38,8.9,0.0,1021.5
2018-02-06 23:00:00,-16.8,39,8.2,0.0,1021.8
2018-02-07 00:00:00,-17.1,41,8.5,0.0,1021.7
2018-02-07 01:00:00,-17.1,42,7.1,0.0,1021.6
2018-02-07 02:00:00,-17.2,45,7.9,0.0,1021.3
2018-02-07 03:00:00,-17.0,47,9.6,0.0,1021.1
2018-02-07 04:00:00,-17.2,49,8.6,0.0,1020.9
2018-02-07 05:00:00,-17.4,50,6.7,0.0,1020.9
2018-02-07 06:00:00,-17.3,49,6.9,0.0,1021.0
2018-02-07 07:00:00,-17.6,49,7.4,0.0,1021.4
2018-02-07 08:00:00,-16.7,50,7.1,50.0,1021.8
2018-02-07 09:00:00,-14.9,43,7.5,179.0,1021.9
2018-02-07 10:00:00,-12.7,36,7.8,327.0,1022.1
2018-02-07 11:00:00,-11.0,30,9.3,459.0,1022.3
2018-02-07 12:00:00,-9.7,26,10.9,519.0,1021.6
2018-02-07 13:00:00,-9.0,24,11.9,512.0,1021.0
2018-02-07 14:00:00,-8.5,23,11.5,453.0,1020.4
2018-02-07 15:00:00,-8.4,22,10.9,353.0,1020.3
2018-02-07 16:00:00,-8.7,22,10.1,208.0,1020.3
2018-02-07 17:00:00,-10.6,26,8.0,61.0,1020.1
2018-02-07 18:00:00,-12.4,30,6.6,0.0,1020.6
2018-02-07 19:00:00,-11.1,27,4.1,0.0,1020.2
2018-02-07 20:00:00,-14.5,37,7.3,0.0,1019.9
2018-02-07 21:00:00,-15.0,39,8.1,0.0,1019.3
2018-02-07 22:00:00,-15.9,42,7.9,0.0,1019.2
2018-02-07 23:00:00,-16.2,44,8.4,0.0,1018.9
2018-02-08 00:00:00,-16.4,44,8.9,0.0,1018.4
2018-02-08 01:00:00,-16.8,46,8.6,0.0,1018.0
2018-02-08 02:00:00,-16.9,46,9.4,0.0,1017.7
2018-02-08 03:00:00,-16.7,45,10.4,0.0,1017.2
2018-02-08 04:00:00,-16.4,45,11.5,0.0,1016.8
2018-02-08 05:00:00,-16.2,44,12.6,0.0,1016.2
2018-02-08 06:00:00,-16.0,43,13.0,0.0,1015.4
2018-02-08 07:00:00,-15.5,42,14.1,0.0,1014.8
2018-02-08 08:00:00,-13.3,41,14.4,62.0,1014.6
2018-02-08 09:00:00,-9.9,35,16.3,213.0,1014.2
2018-02-08 10:00:00,-6.7,30,21.9,368.0,1014.1
2018-02-08 11:00:00,-4.2,37,28.6,444.0,1013.6
2018-02-08 12:00:00,-2.8,43,35.6,497.0,1012.5
2018-02-08 13:00:00,-2.4,46,35.6,403.0,1011.6
2018-02-08 14:00:00,-2.4,51,36.3,290.0,1010.9
2018-02-08 15:00:00,-2.0,47,34.7,172.0,1010.3
2018-02-08 16:00:00,-2.2,49,33.6,162.0,1009.9
2018-02-08 17:00:00,-3.1,51,31.3,54.0,1009.9
2018-02-08 18:00:00,-3.7,47,27.7,0.0,1010.1
2018-02-08 19:00:00,-4.2,49,25.9,0.0,1010.3
2018-02-08 20:00:00,-4.9,50,24.0,0.0,1009.6
2018-02-08 21:00:00,-5.0,50,25.7,0.0,1009.7
2018-02-08 22:00:00,-5.0,50,24.9,0.0,1010.1
2018-02-08 23:00:00,-5.2,54,24.5,0.0,1010.2
2018-02-09 00:00:00,-4.9,60,25.1,0.0,1010.3
2018-02-09 01:00:00,-4.9,67,24.5,0.0,1010.2
2018-02-09 02:00:00,-5.3,75,22.9,0.0,1009.7
2018-02-09 03:00:00,-5.4,79,22.1,0.0,1009.3
2018-02-09 04:00:00,-5.2,82,22.3,0.0,1008.8
2018-02-09 05:00:00,-5.2,82,21.0,0.0,1008.3
2018-02-09 06:00:00,-5.2,82,20.2,0.0,1008.1
2018-02-09 07:00:00,-5.1,81,20.3,0.0,1008.4
2018-02-09 08:00:00,-3.6,74,22.2,61.0,1009.0
2018-02-09 09:00:00,-1.1,60,22.5,209.0,1008.8
2018-02-09 10:00:00,1.0,51,27.2,356.0,1008.8
2018-02-09 11:00:00,2.3,46,28.6,469.0,1008.7
2018-02-09 12:00:00,3.4,37,27.5,461.0,1008.0
2018-02-09 13:00:00,3.8,35,25.1,419.0,1007.4
2018-02-09 14:00:00,3.8,37,21.4,391.0,1007.7
2018-02-09 15:00:00,2.9,34,17.0,286.0,1008.3
2018-02-09 16:00:00,1.6,29,16.4,190.0,1009.0
2018-02-09 17:00:00,-1.4,28,21.3,60.0,1010.5
2018-02-09 18:00:00,-2.7,32,18.7,0.0,1011.5
2018-02-09 19:00:00,-3.6,33,17.9,0.0,1012.5
2018-02-09 20:00:00,-4.1,27,17.6,0.0,1014.3
2018-02-09 21:00:00,-3.9,24,13.2,0.0,1014.7
2018-02-09 22:00:00,-4.8,23,10.4,0.0,1015.3
2018-02-09 23:00:00,-5.9,24,9.4,0.0,1015.5
2018-02-10 00:00:00,-7.4,27,9.4,0.0,1015.8
2018-02-10 01:00:00,-8.9,30,10.6,0.0,1016.3
2018-02-10 02:00:00,-8.2,26,18.4,0.0,1016.8
2018-02-10 03:00:00,-8.7,30,23.8,0.0,1017.3
2018-02-10 04:00:00,-9.4,37,17.9,0.0,1017.8
2018-02-10 05:00:00,-10.0,38,13.3,0.0,1018.1
2018-02-10 06:00:00,-11.1,38,11.1,0.0,1018.2
2018-02-10 07:00:00,-11.5,30,11.8,0.0,1018.5
2018-02-10 08:00:00,-11.3,36,10.4,69.0,1018.9
2018-02-10 09:00:00,-9.3,18,20.0,226.0,1019.3
2018-02-10 10:00:00,-8.9,14,24.6,382.0,1019.2
2018-02-10 11:00:00,-8.3,12,25.9,500.0,1018.6
2018-02-10 12:00:00,-8.0,11,25.0,563.0,1017.7
2018-02-10 13:00:00,-7.3,10,25.3,564.0,1016.5
2018-02-10 14:00:00,-7.0,10,24.2,490.0,1015.8
2018-02-10 15:00:00,-7.3,10,22.9,369.0,1015.8
2018-02-10 16:00:00,-7.9,11,21.8,214.0,1015.8
2018-02-10 17:00:00,-9.0,12,16.6,69.0,1016.0
2018-02-10 18:00:00,-10.6,14,11.5,1.0,1016.5
2018-02-10 19:00:00,-11.6,15,11.5,0.0,1017.0
2018-02-10 20:00:00,-13.3,17,10.0,0.0,1017.5
2018-02-10 21:00:00,-13.4,17,10.1,0.0,1017.4
2018-02-10 22:00:00,-13.6,17,11.8,0.0,1017.2
2018-02-10 23:00:00,-13.7,17,13.1,0.0,1017.0
2018-02-11 00:00:00,-13.7,17,15.1,0.0,1016.7
2018-02-11 01:00:00,-13.7,18,16.3,0.0,1016.2
2018-02-11 02:00:00,-14.1,19,15.2,0.0,1015.9
2018-02-11 03:00:00,-14.6,20,15.2,0.0,1015.3
2018-02-11 04:00:00,-15.0,21,15.1,0.0,1014.9
2018-02-11 05:00:00,-15.9,23,11.9,0.0,1014.8
2018-02-11 06:00:00,-16.6,25,10.8,0.0,1014.4
2018-02-11 07:00:00,-16.7,26,11.7,1.0,1014.5
2018-02-11 08:00:00,-15.0,24,11.6,71.0,1015.1
2018-02-11 09:00:00,-13.1,22,15.5,229.0,1014.7
2018-02-11 10:00:00,-11.4,19,19.9,384.0,1014.4
2018-02-11 11:00:00,-9.9,16,26.1,500.0,1014.4
2018-02-11 12:00:00,-9.2,15,26.1,516.0,1013.4
2018-02-11 13:00:00,-8.6,14,26.0,482.0,1012.4
2018-02-11 14:00:00,-8.3,14,27.2,432.0,1011.8
2018-02-11 15:00:00,-8.6,15,26.5,314.0,1011.9
2018-02-11 16:00:00,-9.2,16,24.8,190.0,1012.0
2018-02-11 17:00:00,-10.1,16,19.5,67.0,1012.2
2018-02-11 18:00:00,-11.9,19,11.4,1.0,1012.3
2018-02-11 19:00:00,-12.9,21,10.8,0.0,1012.4
2018-02-11 20:00:00,-12.7,22,13.9,0.0,1014.0
2018-02-11 21:00:00,-12.9,23,14.4,0.0,1014.3
2018-02-11 22:00:00,-13.5,25,13.4,0.0,1014.3
2018-02-11 23:00:00,-14.2,27,12.3,0.0,1014.2
2018-02-12 00:00:00,-14.6,29,11.9,0.0,1014.5
2018-02-12 01:00:00,-14.8,31,12.4,0.0,1014.3
2018-02-12 02:00:00,-15.0,33,12.2,0.0,1013.9
2018-02-12 03:00:00,-15.3,34,11.8,0.0,1013.4
2018-02-12 04:00:00,-15.5,35,12.1,0.0,1012.8
2018-02-12 05:00:00,-15.6,35,11.9,0.0,1012.7
2018-02-12 06:00:00,-15.7,35,11.8,0.0,1012.5
2018-02-12 07:00:00,-15.7,36,11.9,1.0,1012.6
2018-02-12 08:00:00,-13.2,32,12.1,71.0,1013.0
2018-02-12 09:00:00,-10.6,27,15.5,226.0,1012.7
2018-02-12 10:00:00,-8.3,23,18.4,379.0,1012.6
2018-02-12 11:00:00,-6.6,20,20.4,493.0,1012.5
2018-02-12 12:00:00,-5.7,19,20.5,553.0,1011.9
2018-02-12 13:00:00,-4.6,18,21.7,553.0,1011.0
2018-02-12 14:00:00,-4.1,17,23.2,481.0,1010.2
2018-02-12 15:00:00,-4.2,17,22.4,327.0,1010.1
2018-02-12 16:00:00,-4.9,18,20.6,225.0,1010.5
2018-02-12 17:00:00,-6.3,20,14.8,75.0,1010.6
2018-02-12 18:00:00,-8.9,24,11.2,1.0,1011.3
2018-02-12 19:00:00,-10.9,29,7.4,0.0,1011.5
2018-02-12 20:00:00,-11.4,28,10.8,0.0,1011.8
2018-02-12 21:00:00,-11.5,29,10.0,0.0,1011.6
2018-02-12 22:00:00,-11.6,29,11.4,0.0,1011.7
2018-02-12 23:00:00,-11.6,29,12.3,0.0,1011.7
2018-02-13 00:00:00,-12.2,32,11.2,0.0,1012.0
2018-02-13 01:00:00,-13.5,36,9.4,0.0,1011.9
2018-02-13 02:00:00,-14.0,38,9.1,0.0,1011.8
2018-02-13 03:00:00,-14.6,41,7.9,0.0,1012.2
2018-02-13 04:00:00,-14.8,42,6.8,0.0,1011.9
2018-02-13 05:00:00,-15.6,45,8.3,0.0,1011.9
2018-02-13 06:00:00,-16.1,46,8.0,0.0,1012.0
2018-02-13 07:00:00,-16.0,47,7.9,1.0,1012.0
2018-02-13 08:00:00,-12.8,49,6.2,75.0,1012.3
2018-02-13 09:00:00,-9.0,42,7.1,229.0,1011.8
2018-02-13 10:00:00,-5.5,30,9.5,381.0,1011.6
2018-02-13 11:00:00,-3.2,23,9.2,493.0,1011.0
2018-02-13 12:00:00,-1.4,22,8.1,544.0,1009.9
2018-02-13 13:00:00,-0.3,23,9.2,513.0,1008.7
2018-02-13 14:00:00,0.3,23,7.9,386.0,1007.7
2018-02-13 15:00:00,0.5,23,6.5,265.0,1006.6
2018-02-13 16:00:00,0.4,22,6.0,173.0,1005.7
2018-02-13 17:00:00,-1.9,25,10.2,52.0,1005.0
2018-02-13 18:00:00,-2.9,27,12.1,1.0,1004.9
2018-02-13 19:00:00,-3.8,29,13.3,0.0,1004.7
2018-02-13 20:00:00,-5.2,30,11.1,0.0,1003.9
2018-02-13 21:00:00,-4.6,49,9.2,0.0,1003.8
2018-02-13 22:00:00,-4.7,68,9.2,0.0,1003.4
2018-02-13 23:00:00,-5.2,72,7.3,0.0,1003.6
2018-02-14 00:00:00,-3.0,62,3.3,0.0,1003.7
2018-02-14 01:00:00,-3.4,63,1.5,0.0,1003.6
2018-02-14 02:00:00,-3.8,64,1.1,0.0,1003.4
2018-02-14 03:00:00,-8.0,79,11.1,0.0,1003.6
2018-02-14 04:00:00,-9.0,75,12.9,0.0,1004.5
2018-02-14 05:00:00,-9.9,49,14.6,0.0,1005.7
2018-02-14 06:00:00,-9.5,41,18.7,0.0,1007.0
2018-02-14 07:00:00,-9.1,43,19.0,1.0,1008.7
2018-02-14 08:00:00,-7.1,42,17.1,76.0,1010.4
2018-02-14 09:00:00,-5.7,37,17.4,197.0,1011.6
2018-02-14 10:00:00,-4.3,33,20.7,396.0,1012.5
2018-02-14 11:00:00,-3.5,28,23.7,506.0,1012.8
2018-02-14 12:00:00,-2.9,24,23.4,562.0,1012.9
2018-02-14 13:00:00,-2.6,22,22.9,570.0,1012.6
2018-02-14 14:00:00,-2.5,21,23.4,510.0,1012.7
2018-02-14 15:00:00,-1.7,19,23.7,399.0,1012.9
2018-02-14 16:00:00,-2.2,18,23.4,237.0,1013.2
2018-02-14 17:00:00,-3.3,19,17.6,81.0,1013.4
2018-02-14 18:00:00,-5.2,21,13.8,2.0,1014.1
2018-02-14 19:00:00,-6.3,24,12.2,0.0,1015.1
2018-02-14 20:00:00,-8.5,29,9.2,0.0,1015.8
2018-02-14 21:00:00,-8.4,29,8.3,0.0,1016.7
2018-02-14 22:00:00,-8.9,30,9.3,0.0,1017.3
2018-02-14 23:00:00,-8.8,30,11.1,0.0,1017.9
2018-02-15 00:00:00,-9.2,31,11.7,0.0,1018.3
2018-02-15 01:00:00,-9.5,32,12.2,0.0,1018.5
2018-02-15 02:00:00,-10.1,33,11.6,0.0,1018.6
2018-02-15 03:00:00,-10.8,35,10.8,0.0,1018.6
2018-02-15 04:00:00,-11.6,38,10.0,0.0,1018.5
2018-02-15 05:00:00,-11.9,38,8.4,0.0,1018.2
2018-02-15 06:00:00,-11.8,38,7.7,0.0,1018.3
2018-02-15 07:00:00,-11.6,38,6.8,2.0,1018.5
2018-02-15 08:00:00,-10.7,37,4.5,83.0,1019.1
2018-02-15 09:00:00,-7.9,30,6.9,244.0,1018.9
2018-02-15 10:00:00,-5.3,24,10.2,400.0,1018.9
2018-02-15 11:00:00,-3.4,20,13.7,517.0,1018.4
2018-02-15 12:00:00,-2.2,18,15.3,579.0,1017.4
2018-02-15 13:00:00,-1.4,17,15.1,581.0,1015.8
2018-02-15 14:00:00,-0.9,17,13.9,521.0,1014.6
2018-02-15 15:00:00,-0.6,17,14.3,405.0,1013.9
2018-02-15 16:00:00,-0.9,17,14.1,250.0,1013.5
2018-02-15 17:00:00,-3.3,21,11.2,87.0,1012.9
2018-02-15 18:00:00,-4.7,18,13.5,2.0,1012.7
2018-02-15 19:00:00,-5.1,25,18.1,0.0,1012.9
2018-02-15 20:00:00,-6.0,35,16.4,0.0,1012.7
2018-02-15 21:00:00,-6.4,38,15.0,0.0,1012.4
2018-02-15 22:00:00,-6.5,43,16.2,0.0,1011.9
2018-02-15 23:00:00,-6.1,50,17.2,0.0,1011.2
2018-02-16 00:00:00,-5.6,52,19.0,0.0,1010.5
2018-02-16 01:00:00,-5.2,59,20.5,0.0,1009.6
2018-02-16 02:00:00,-4.8,63,21.9,0.0,1008.8
2018-02-16 03:00:00,-4.6,69,22.2,0.0,1007.9
2018-02-16 04:00:00,-4.5,74,20.4,0.0,1007.7
2018-02-16 05:00:00,-4.2,72,19.2,0.0,1008.0
2018-02-16 06:00:00,-4.7,52,17.7,0.0,1009.0
2018-02-16 07:00:00,-5.9,33,18.7,2.0,1010.2
2018-02-16 08:00:00,-6.1,34,16.4,83.0,1012.6
2018-02-16 09:00:00,-5.8,28,23.0,247.0,1013.1
2018-02-16 10:00:00,-5.2,24,23.7,404.0,1013.7
2018-02-16 11:00:00,-4.6,21,23.5,525.0,1013.8
2018-02-16 12:00:00,-4.0,19,23.1,589.0,1013.1
2018-02-16 13:00:00,-3.6,18,23.5,589.0,1012.9
2018-02-16 14:00:00,-3.5,18,22.6,528.0,1013.0
2018-02-16 15:00:00,-3.7,17,22.4,411.0,1013.2
2018-02-16 16:00:00,-4.3,16,22.5,255.0,1013.3
2018-02-16 17:00:00,-5.5,17,17.3,91.0,1013.7
2018-02-16 18:00:00,-7.4,20,9.4,3.0,1013.8
2018-02-16 19:00:00,-8.4,21,8.9,0.0,1014.3
2018-02-16 20:00:00,-9.6,23,9.3,0.0,1015.2
2018-02-16 21:00:00,-9.1,23,9.9,0.0,1015.5
2018-02-16 22:00:00,-9.9,24,9.4,0.0,1015.9
2018-02-16 23:00:00,-10.6,25,9.2,0.0,1016.0
2018-02-17 00:00:00,-11.2,26,9.6,0.0,1016.7
2018-02-17 01:00:00,-11.6,27,9.5,0.0,1017.3
2018-02-17 02:00:00,-12.1,28,9.7,0.0,1017.7
2018-02-17 03:00:00,-12.7,30,8.9,0.0,1017.6
2018-02-17 04:00:00,-13.3,32,7.6,0.0,1017.7
2018-02-17 05:00:00,-13.4,32,6.4,0.0,1017.8
2018-02-17 06:00:00,-13.4,33,5.6,0.0,1018.2
2018-02-17 07:00:00,-13.7,34,5.4,3.0,1018.9
2018-02-17 08:00:00,-12.0,31,3.6,90.0,1019.9
2018-02-17 09:00:00,-9.5,27,5.0,253.0,1020.8
2018-02-17 10:00:00,-7.4,25,6.7,409.0,1020.7
2018-02-17 11:00:00,-5.9,22,10.0,526.0,1020.4
2018-02-17 12:00:00,-4.7,19,11.5,588.0,1020.0
2018-02-17 13:00:00,-3.9,17,12.1,588.0,1019.4
2018-02-17 14:00:00,-3.3,18,11.5,527.0,1018.8
2018-02-17 15:00:00,-3.1,18,9.5,412.0,1018.7
2018-02-17 16:00:00,-3.3,18,7.6,256.0,1018.7
2018-02-17 17:00:00,-3.8,18,1.1,93.0,1018.5
2018-02-17 18:00:00,-5.4,21,4.6,3.0,1018.7
2018-02-17 19:00:00,-7.6,24,7.9,0.0,1019.0
2018-02-17 20:00:00,-8.1,24,9.4,0.0,1019.0
2018-02-17 21:00:00,-8.5,25,9.0,0.0,1019.2
2018-02-17 22:00:00,-9.6,27,9.1,0.0,1019.1
2018-02-17 23:00:00,-10.4,28,8.9,0.0,1019.6
2018-02-18 00:00:00,-10.9,29,8.9,0.0,1019.7
2018-02-18 01:00:00,-11.1,29,9.0,0.0,1019.5
2018-02-18 02:00:00,-11.5,31,8.7,0.0,1019.9
2018-02-18 03:00:00,-11.3,30,8.7,0.0,1019.4
2018-02-18 04:00:00,-10.3,28,7.7,0.0,1019.1
2018-02-18 05:00:00,-11.0,29,7.2,0.0,1019.1
2018-02-18 06:00:00,-10.9,29,7.6,0.0,1019.5
2018-02-18 07:00:00,-10.7,29,8.3,3.0,1019.6
2018-02-18 08:00:00,-8.2,27,7.6,75.0,1019.9
2018-02-18 09:00:00,-6.0,23,5.6,169.0,1020.0
2018-02-18 10:00:00,-3.7,21,6.6,341.0,1019.9
2018-02-18 11:00:00,-1.4,19,6.3,486.0,1019.5
2018-02-18 12:00:00,-0.1,20,6.1,556.0,1019.0
2018-02-18 13:00:00,0.6,23,8.7,558.0,1018.1
2018-02-18 14:00:00,0.8,25,10.5,506.0,1017.8
2018-02-18 15:00:00,0.5,26,11.2,401.0,1017.6
2018-02-18 16:00:00,0.0,27,10.1,252.0,1017.5
2018-02-18 17:00:00,-2.3,40,9.4,93.0,1017.8
2018-02-18 18:00:00,-4.1,34,10.5,4.0,1018.4
2018-02-18 19:00:00,-4.9,22,10.5,0.0,1018.8
2018-02-18 20:00:00,-6.1,26,9.8,0.0,1019.0
2018-02-18 21:00:00,-6.0,21,8.0,0.0,1019.4
2018-02-18 22:00:00,-6.8,22,7.9,0.0,1020.1
2018-02-18 23:00:00,-7.8,24,7.7,0.0,1020.0
2018-02-19 00:00:00,-7.9,24,6.0,0.0,1020.3
2018-02-19 01:00:00,-8.3,25,6.0,0.0,1020.3
2018-02-19 02:00:00,-8.9,27,5.9,0.0,1020.0
2018-02-19 03:00:00,-8.4,27,5.0,0.0,1019.8
2018-02-19 04:00:00,-8.9,28,5.8,0.0,1019.7
2018-02-19 05:00:00,-8.8,28,5.4,0.0,1019.4
2018-02-19 06:00:00,-7.8,26,0.5,0.0,1019.6
2018-02-19 07:00:00,-7.9,26,3.8,4.0,1019.9
2018-02-19 08:00:00,-9.7,32,5.4,94.0,1020.6
2018-02-19 09:00:00,-6.8,25,7.9,254.0,1020.6
2018-02-19 10:00:00,-4.2,22,10.0,399.0,1021.0
2018-02-19 11:00:00,-2.4,21,9.0,503.0,1020.6
2018-02-19 12:00:00,-1.4,21,7.6,557.0,1019.6
2018-02-19 13:00:00,-0.9,24,6.8,540.0,1018.6
2018-02-19 14:00:00,-0.6,24,6.8,484.0,1017.7
2018-02-19 15:00:00,-0.4,24,6.8,373.0,1017.2
2018-02-19 16:00:00,-0.8,25,7.7,242.0,1016.9
2018-02-19 17:00:00,-2.8,47,7.2,92.0,1017.0
2018-02-19 18:00:00,-4.2,43,5.8,4.0,1017.1
2018-02-19 19:00:00,-4.3,29,4.6,0.0,1017.4
2018-02-19 20:00:00,-4.3,30,3.1,0.0,1017.6
2018-02-19 21:00:00,-4.7,31,1.1,0.0,1017.9
2018-02-19 22:00:00,-6.2,35,5.1,0.0,1018.1
2018-02-19 23:00:00,-8.0,39,7.4,0.0,1017.8
2018-02-20 00:00:00,-8.2,37,10.7,0.0,1018.1
2018-02-20 01:00:00,-7.1,32,15.1,0.0,1019.2
2018-02-20 02:00:00,-8.4,35,12.1,0.0,1019.5
2018-02-20 03:00:00,-9.4,37,10.7,0.0,1019.4
2018-02-20 04:00:00,-10.3,39,9.6,0.0,1019.0
2018-02-20 05:00:00,-10.6,39,7.6,0.0,1019.0
2018-02-20 06:00:00,-11.0,40,7.1,0.0,1019.2
2018-02-20 07:00:00,-11.0,39,6.2,4.0,1019.7
2018-02-20 08:00:00,-9.7,36,6.6,100.0,1020.9
2018-02-20 09:00:00,-7.1,29,8.0,266.0,1021.0
2018-02-20 10:00:00,-4.7,24,8.7,423.0,1021.4
2018-02-20 11:00:00,-3.2,21,12.4,540.0,1020.8
2018-02-20 12:00:00,-2.2,19,14.0,603.0,1020.1
2018-02-20 13:00:00,-1.5,20,14.5,603.0,1019.2
2018-02-20 14:00:00,-1.2,20,15.0,541.0,1018.4
2018-02-20 15:00:00,-1.0,20,14.5,424.0,1018.1
2018-02-20 16:00:00,-0.9,20,15.0,267.0,1017.4
2018-02-20 17:00:00,-2.9,34,9.0,102.0,1017.5
2018-02-20 18:00:00,-2.6,22,2.7,5.0,1018.0
2018-02-20 19:00:00,-5.8,27,7.7,0.0,1018.3
2018-02-20 20:00:00,-6.5,25,6.2,0.0,1019.0
2018-02-20 21:00:00,-7.8,27,7.4,0.0,1018.7
2018-02-20 22:00:00,-8.3,28,7.1,0.0,1018.8
2018-02-20 23:00:00,-6.6,25,3.9,0.0,1019.2
2018-02-21 00:00:00,-6.9,25,2.9,0.0,1019.3
2018-02-21 01:00:00,-7.1,26,2.2,0.0,1018.8
2018-02-21 02:00:00,-8.4,28,5.5,0.0,1018.9
2018-02-21 03:00:00,-10.3,32,7.1,0.0,1018.4
2018-02-21 04:00:00,-11.6,36,7.6,0.0,1018.3
2018-02-21 05:00:00,-11.9,37,6.4,0.0,1018.0
2018-02-21 06:00:00,-11.6,36,5.6,0.0,1017.8
2018-02-21 07:00:00,-12.2,39,7.0,5.0,1017.9
2018-02-21 08:00:00,-10.4,47,7.2,104.0,1018.6
2018-02-21 09:00:00,-7.1,41,8.3,269.0,1018.2
2018-02-21 10:00:00,-3.9,28,9.6,426.0,1018.1
2018-02-21 11:00:00,-1.6,21,10.6,542.0,1017.5
2018-02-21 12:00:00,-0.2,18,12.0,604.0,1015.8
2018-02-21 13:00:00,0.7,20,14.4,605.0,1014.3
2018-02-21 14:00:00,1.2,20,16.5,543.0,1013.0
2018-02-21 15:00:00,1.5,19,17.2,427.0,1012.2
2018-02-21 16:00:00,1.1,20,15.8,271.0,1011.8
2018-02-21 17:00:00,-1.7,35,9.9,106.0,1011.6
2018-02-21 18:00:00,-3.6,32,10.4,6.0,1011.7
2018-02-21 19:00:00,-4.2,23,11.8,0.0,1011.8
2018-02-21 20:00:00,-4.7,34,12.5,0.0,1012.3
2018-02-21 21:00:00,-4.9,38,13.2,0.0,1011.9
2018-02-21 22:00:00,-5.5,53,14.5,0.0,1011.8
2018-02-21 23:00:00,-6.1,67,13.8,0.0,1011.9
2018-02-22 00:00:00,-6.6,74,12.4,0.0,1011.8
2018-02-22 01:00:00,-7.3,76,11.0,0.0,1011.3
2018-02-22 02:00:00,-8.3,78,9.3,0.0,1010.8
2018-02-22 03:00:00,-8.1,75,6.6,0.0,1010.3
2018-02-22 04:00:00,-7.8,74,6.1,0.0,1009.9
2018-02-22 05:00:00,-8.9,74,7.6,0.0,1009.2
2018-02-22 06:00:00,-9.3,66,7.9,0.0,1008.9
2018-02-22 07:00:00,-8.8,57,6.5,6.0,1009.2
2018-02-22 08:00:00,-6.7,61,8.8,100.0,1009.2
2018-02-22 09:00:00,-4.8,70,10.4,243.0,1009.2
2018-02-22 10:00:00,-2.9,53,11.2,391.0,1009.3
2018-02-22 11:00:00,-1.1,29,12.2,479.0,1009.3
2018-02-22 12:00:00,0.2,20,13.8,536.0,1008.7
2018-02-22 13:00:00,1.0,21,12.7,529.0,1008.2
2018-02-22 14:00:00,1.4,22,10.7,460.0,1007.8
2018-02-22 15:00:00,1.3,23,11.2,377.0,1007.7
2018-02-22 16:00:00,0.9,24,11.0,255.0,1007.7
2018-02-22 17:00:00,-1.4,46,5.8,106.0,1008.3
2018-02-22 18:00:00,-3.3,44,9.1,6.0,1008.6
2018-02-22 19:00:00,-4.4,33,8.7,0.0,1008.8
2018-02-22 20:00:00,-4.3,36,11.7,0.0,1010.4
2018-02-22 21:00:00,-4.2,31,12.9,0.0,1010.7
2018-02-22 22:00:00,-5.0,31,9.4,0.0,1010.9
2018-02-22 23:00:00,-4.9,31,8.6,0.0,1011.0
2018-02-23 00:00:00,-5.4,32,9.8,0.0,1010.7
2018-02-23 01:00:00,-6.1,34,10.2,0.0,1010.4
2018-02-23 02:00:00,-6.5,36,9.8,0.0,1010.2
2018-02-23 03:00:00,-6.5,34,9.0,0.0,1009.9
2018-02-23 04:00:00,-6.2,33,8.9,0.0,1009.7
2018-02-23 05:00:00,-5.7,30,9.4,0.0,1009.7
2018-02-23 06:00:00,-5.5,30,10.6,0.0,1009.5
2018-02-23 07:00:00,-5.7,30,11.0,5.0,1009.7
2018-02-23 08:00:00,-3.8,27,8.8,105.0,1009.9
2018-02-23 09:00:00,-1.1,22,14.2,263.0,1010.0
2018-02-23 10:00:00,0.8,20,17.1,417.0,1010.3
2018-02-23 11:00:00,1.6,27,18.9,522.0,1010.5
2018-02-23 12:00:00,2.0,25,19.3,536.0,1010.6
2018-02-23 13:00:00,1.4,25,21.9,443.0,1011.0
2018-02-23 14:00:00,0.5,26,24.5,301.0,1012.3
2018-02-23 15:00:00,-0.8,32,27.3,365.0,1013.8
2018-02-23 16:00:00,-2.0,40,28.3,274.0,1015.4
2018-02-23 17:00:00,-3.3,41,22.6,110.0,1017.1
2018-02-23 18:00:00,-4.5,39,21.0,7.0,1018.5
2018-02-23 19:00:00,-5.2,29,25.9,0.0,1019.8
2018-02-23 20:00:00,-6.3,26,15.7,0.0,1021.5
2018-02-23 21:00:00,-7.0,25,11.2,0.0,1022.4
2018-02-23 22:00:00,-7.8,26,9.2,0.0,1023.3
2018-02-23 23:00:00,-8.8,28,8.0,0.0,1024.0
2018-02-24 00:00:00,-9.8,31,7.2,0.0,1024.9
2018-02-24 01:00:00,-10.2,31,8.9,0.0,1025.6
2018-02-24 02:00:00,-10.4,31,10.2,0.0,1026.2
2018-02-24 03:00:00,-10.6,31,12.1,0.0,1026.5
2018-02-24 04:00:00,-11.0,31,12.4,0.0,1026.5
2018-02-24 05:00:00,-11.4,31,11.9,0.0,1027.0
2018-02-24 06:00:00,-11.7,31,12.2,0.0,1027.5
2018-02-24 07:00:00,-11.9,32,10.6,8.0,1027.9
2018-02-24 08:00:00,-11.5,33,9.0,118.0,1028.3
2018-02-24 09:00:00,-9.7,29,10.1,290.0,1028.5
2018-02-24 10:00:00,-7.8,25,9.4,450.0,1028.6
2018-02-24 11:00:00,-6.1,21,9.0,568.0,1028.4
2018-02-24 12:00:00,-4.8,19,9.0,630.0,1027.5
2018-02-24 13:00:00,-4.1,20,8.5,630.0,1026.7
2018-02-24 14:00:00,-3.6,21,8.2,566.0,1026.2
2018-02-24 15:00:00,-3.4,20,8.0,445.0,1025.7
2018-02-24 16:00:00,-3.7,19,8.1,281.0,1025.1
2018-02-24 17:00:00,-4.6,26,7.0,110.0,1025.2
2018-02-24 18:00:00,-5.8,26,8.4,8.0,1025.1
2018-02-24 19:00:00,-6.5,20,7.7,0.0,1024.9
2018-02-24 20:00:00,-7.1,20,6.4,0.0,1024.1
2018-02-24 21:00:00,-7.9,22,5.4,0.0,1024.0
2018-02-24 22:00:00,-8.8,24,6.2,0.0,1023.8
2018-02-24 23:00:00,-9.7,25,6.2,0.0,1023.2
2018-02-25 00:00:00,-10.0,26,6.0,0.0,1023.1
2018-02-25 01:00:00,-10.3,26,6.0,0.0,1022.6
2018-02-25 02:00:00,-10.8,27,6.8,0.0,1021.8
2018-02-25 03:00:00,-10.8,27,6.3,0.0,1021.2
2018-02-25 04:00:00,-11.6,29,7.0,0.0,1020.8
2018-02-25 05:00:00,-12.3,30,8.0,0.0,1020.4
2018-02-25 06:00:00,-12.8,31,7.7,0.0,1019.9
2018-02-25 07:00:00,-12.2,29,6.4,9.0,1019.9
2018-02-25 08:00:00,-9.8,26,6.6,117.0,1019.6
2018-02-25 09:00:00,-6.3,19,6.9,270.0,1019.4
2018-02-25 10:00:00,-3.4,15,8.8,373.0,1018.8
2018-02-25 11:00:00,-1.1,12,11.4,451.0,1018.5
2018-02-25 12:00:00,0.3,11,14.7,436.0,1017.3
2018-02-25 13:00:00,1.9,15,16.4,522.0,1016.3
2018-02-25 14:00:00,2.5,23,16.4,535.0,1015.8
2018-02-25 15:00:00,2.6,32,15.1,436.0,1015.5
2018-02-25 16:00:00,2.1,38,13.8,278.0,1015.6
2018-02-25 17:00:00,-0.3,53,10.2,113.0,1015.8
2018-02-25 18:00:00,-2.5,58,11.7,8.0,1016.2
2018-02-25 19:00:00,-3.5,62,10.8,0.0,1016.6
2018-02-25 20:00:00,-4.6,65,9.0,0.0,1017.2
2018-02-25 21:00:00,-5.0,66,8.9,0.0,1017.5
2018-02-25 22:00:00,-5.6,72,8.7,0.0,1017.4
2018-02-25 23:00:00,-6.5,78,7.9,0.0,1017.6
2018-02-26 00:00:00,-7.2,79,7.4,0.0,1017.6
2018-02-26 01:00:00,-7.3,76,5.8,0.0,1017.8
2018-02-26 02:00:00,-7.8,74,6.4,0.0,1017.4
2018-02-26 03:00:00,-7.6,70,7.7,0.0,1016.8
2018-02-26 04:00:00,-7.0,65,6.9,0.0,1016.5
2018-02-26 05:00:00,-6.4,60,9.1,0.0,1016.5
2018-02-26 06:00:00,-5.8,57,9.7,0.0,1016.3
2018-02-26 07:00:00,-4.8,52,11.5,5.0,1016.2
2018-02-26 08:00:00,-4.3,40,9.7,61.0,1016.0
2018-02-26 09:00:00,-2.2,28,7.8,150.0,1016.3
2018-02-26 10:00:00,-0.5,31,10.3,183.0,1015.7
2018-02-26 11:00:00,1.5,33,9.4,300.0,1015.4
2018-02-26 12:00:00,2.2,35,8.0,218.0,1014.2
2018-02-26 13:00:00,2.5,40,5.6,172.0,1013.6
2018-02-26 14:00:00,3.1,42,6.8,207.0,1012.8
2018-02-26 15:00:00,3.8,48,6.3,162.0,1012.0
2018-02-26 16:00:00,1.9,69,4.9,62.0,1011.7
2018-02-26 17:00:00,0.5,70,5.7,25.0,1012.2
2018-02-26 18:00:00,-0.6,63,9.4,2.0,1012.8
2018-02-26 19:00:00,-1.2,64,9.0,0.0,1013.1
2018-02-26 20:00:00,-1.6,69,8.4,0.0,1013.9
2018-02-26 21:00:00,-1.6,74,6.6,0.0,1014.3
2018-02-26 22:00:00,-1.8,77,6.3,0.0,1014.3
2018-02-26 23:00:00,-1.9,77,7.6,0.0,1014.5
2018-02-27 00:00:00,-2.0,72,13.0,0.0,1015.2
2018-02-27 01:00:00,-2.9,73,15.1,0.0,1016.1
2018-02-27 02:00:00,-4.8,80,15.8,0.0,1016.6
2018-02-27 03:00:00,-5.9,82,15.9,0.0,1016.9
2018-02-27 04:00:00,-6.5,80,14.8,0.0,1017.6
2018-02-27 05:00:00,-7.2,77,14.5,0.0,1017.9
2018-02-27 06:00:00,-7.6,74,15.3,0.0,1018.5
2018-02-27 07:00:00,-7.7,71,13.8,11.0,1019.7
2018-02-27 08:00:00,-7.3,67,15.8,125.0,1019.9
2018-02-27 09:00:00,-5.6,58,16.0,287.0,1020.6
2018-02-27 10:00:00,-3.6,51,15.2,447.0,1020.7
2018-02-27 11:00:00,-1.8,45,15.1,563.0,1020.5
2018-02-27 12:00:00,-0.4,43,15.2,625.0,1019.9
2018-02-27 13:00:00,0.5,39,15.0,625.0,1018.7
2018-02-27 14:00:00,1.2,36,14.1,564.0,1018.0
2018-02-27 15:00:00,1.4,34,13.5,447.0,1017.6
2018-02-27 16:00:00,1.0,33,13.4,290.0,1017.1
2018-02-27 17:00:00,-0.6,40,11.6,122.0,1016.8
2018-02-27 18:00:00,-2.7,42,13.1,10.0,1016.4
2018-02-27 19:00:00,-3.5,40,13.0,0.0,1016.4
2018-02-27 20:00:00,-4.1,41,14.0,0.0,1015.6
2018-02-27 21:00:00,-4.3,40,12.7,0.0,1015.1
2018-02-27 22:00:00,-5.0,43,8.9,0.0,1014.9
2018-02-27 23:00:00,-5.2,44,7.9,0.0,1014.2
2018-02-28 00:00:00,-4.4,45,6.7,0.0,1013.7
2018-02-28 01:00:00,-3.6,47,6.7,0.0,1012.8
2018-02-28 02:00:00,-3.5,49,5.4,0.0,1012.0
2018-02-28 03:00:00,-3.4,50,4.9,0.0,1010.8
2018-02-28 04:00:00,-3.6,51,5.8,0.0,1009.8
2018-02-28 05:00:00,-3.9,53,6.9,0.0,1008.9
2018-02-28 06:00:00,-2.4,49,7.9,0.0,1008.0
2018-02-28 07:00:00,0.0,56,9.7,5.0,1007.2
2018-02-28 08:00:00,1.5,77,13.4,45.0,1005.5
2018-02-28 09:00:00,2.0,75,15.8,52.0,1004.2
2018-02-28 10:00:00,3.2,69,16.9,88.0,1003.0
2018-02-28 11:00:00,3.5,69,19.5,75.0,1002.1
2018-02-28 12:00:00,5.2,64,19.5,185.0,1000.4
2018-02-28 13:00:00,6.4,61,22.0,197.0,998.7
2018-02-28 14:00:00,5.8,61,20.8,116.0,997.4
2018-02-28 15:00:00,5.5,60,20.5,87.0,996.7
2018-02-28 16:00:00,4.7,67,17.6,45.0,995.9
2018-02-28 17:00:00,3.5,76,14.2,28.0,995.6
2018-02-28 18:00:00,2.3,88,13.1,3.0,996.4
2018-02-28 19:00:00,1.1,100,13.1,0.0,996.9
2018-02-28 20:00:00,0.4,100,9.2,0.0,997.8
2018-02-28 21:00:00,-2.7,77,35.5,0.0,999.4
2018-02-28 22:00:00,-4.5,77,29.3,0.0,1000.6
2018-02-28 23:00:00,-6.3,70,30.0,0.0,1001.9
2018-03-01 00:00:00,-7.0,71,24.1,0.0,1003.2
2018-03-01 01:00:00,-7.4,69,21.1,0.0,1003.5
2018-03-01 02:00:00,-8.0,68,18.8,0.0,1003.7
2018-03-01 03:00:00,-9.1,68,17.2,0.0,1003.8
2018-03-01 04:00:00,-10.2,70,14.5,0.0,1004.5
2018-03-01 05:00:00,-11.5,71,13.0,0.0,1005.3
2018-03-01 06:00:00,-11.4,69,13.8,0.0,1006.2
2018-03-01 07:00:00,-9.6,63,16.6,13.0,1006.9
2018-03-01 08:00:00,-8.1,54,14.8,126.0,1008.8
2018-03-01 09:00:00,-5.5,38,26.1,298.0,1009.4
2018-03-01 10:00:00,-4.3,30,27.3,466.0,1009.7
2018-03-01 11:00:00,-3.0,24,26.7,581.0,1009.7
2018-03-01 12:00:00,-2.5,21,25.6,622.0,1009.3
2018-03-01 13:00:00,-2.2,21,24.7,656.0,1008.5
2018-03-01 14:00:00,-2.1,19,24.9,596.0,1008.5
2018-03-01 15:00:00,-2.3,18,24.4,475.0,1008.9
2018-03-01 16:00:00,-2.7,18,22.9,313.0,1009.3
2018-03-01 17:00:00,-3.7,21,17.1,136.0,1010.0
2018-03-01 18:00:00,-5.5,24,13.0,13.0,1010.5
2018-03-01 19:00:00,-6.2,19,11.8,0.0,1011.1
2018-03-01 20:00:00,-7.6,20,7.7,0.0,1012.1
2018-03-01 21:00:00,-7.6,20,4.2,0.0,1012.0
2018-03-01 22:00:00,-6.9,18,1.9,0.0,1011.9
2018-03-01 23:00:00,-9.2,23,8.0,0.0,1011.8
2018-03-02 00:00:00,-9.5,23,9.2,0.0,1011.9
2018-03-02 01:00:00,-9.5,23,9.8,0.0,1011.7
2018-03-02 02:00:00,-9.6,22,10.5,0.0,1011.0
2018-03-02 03:00:00,-9.4,22,11.4,0.0,1010.2
2018-03-02 04:00:00,-9.1,22,12.4,0.0,1009.3
2018-03-02 05:00:00,-8.9,23,14.3,0.0,1008.5
2018-03-02 06:00:00,-8.5,21,16.6,0.0,1007.3
2018-03-02 07:00:00,-7.3,20,17.6,15.0,1006.3
2018-03-02 08:00:00,-4.3,22,20.5,129.0,1005.5
2018-03-02 09:00:00,-1.7,20,25.9,296.0,1004.6
2018-03-02 10:00:00,1.4,21,33.3,448.0,1003.8
2018-03-02 11:00:00,3.6,23,37.5,557.0,1003.2
2018-03-02 12:00:00,4.7,26,40.1,617.0,1002.1
2018-03-02 13:00:00,5.9,29,41.0,624.0,1000.6
2018-03-02 14:00:00,6.6,29,41.1,552.0,999.9
2018-03-02 15:00:00,6.9,30,38.0,446.0,999.7
2018-03-02 16:00:00,6.4,33,31.7,293.0,999.7
2018-03-02 17:00:00,4.6,39,23.7,127.0,999.9
2018-03-02 18:00:00,1.5,50,17.3,13.0,1000.7
2018-03-02 19:00:00,0.4,59,22.7,0.0,1001.5
2018-03-02 20:00:00,-0.5,67,23.4,0.0,1001.9
2018-03-02 21:00:00,-0.7,72,22.3,0.0,1002.2
2018-03-02 22:00:00,-0.7,76,20.6,0.0,1002.3
2018-03-02 23:00:00,-0.8,79,19.3,0.0,1002.2
2018-03-03 00:00:00,-0.9,81,18.3,0.0,1001.4
2018-03-03 01:00:00,-0.9,83,17.3,0.0,1000.9
2018-03-03 02:00:00,-0.7,83,19.0,0.0,1000.4
2018-03-03 03:00:00,0.1,82,22.1,0.0,999.1
2018-03-03 04:00:00,0.9,80,24.3,0.0,998.2
2018-03-03 05:00:00,1.2,81,23.8,0.0,997.9
2018-03-03 06:00:00,1.8,82,24.5,0.0,997.5
2018-03-03 07:00:00,2.0,84,29.5,6.0,997.0
2018-03-03 08:00:00,2.6,84,30.7,32.0,997.3
2018-03-03 09:00:00,3.2,84,27.2,77.0,997.2
2018-03-03 10:00:00,4.3,80,22.6,99.0,997.2
2018-03-03 11:00:00,6.6,73,26.8,238.0,997.6
2018-03-03 12:00:00,6.3,77,26.1,106.0,997.4
2018-03-03 13:00:00,6.8,78,26.7,94.0,996.2
2018-03-03 14:00:00,7.5,77,25.3,95.0,996.0
2018-03-03 15:00:00,7.1,78,25.5,61.0,996.7
2018-03-03 16:00:00,6.8,81,25.6,50.0,997.4
2018-03-03 17:00:00,6.4,83,24.7,26.0,998.6
2018-03-03 18:00:00,5.7,86,25.3,3.0,998.9
2018-03-03 19:00:00,5.0,90,11.2,0.0,1001.3
2018-03-03 20:00:00,3.8,95,9.0,0.0,1004.1
2018-03-03 21:00:00,3.4,88,25.7,0.0,1006.3
2018-03-03 22:00:00,0.2,51,24.5,0.0,1008.0
2018-03-03 23:00:00,-1.0,51,23.3,0.0,1009.8
2018-03-04 00:00:00,-3.1,48,22.6,0.0,1011.4
2018-03-04 01:00:00,-3.9,42,21.7,0.0,1013.3
2018-03-04 02:00:00,-4.6,41,17.9,0.0,1014.2
2018-03-04 03:00:00,-5.2,39,15.8,0.0,1014.9
2018-03-04 04:00:00,-5.8,38,13.0,0.0,1016.0
2018-03-04 05:00:00,-6.2,37,13.9,0.0,1016.4
2018-03-04 06:00:00,-6.5,37,10.1,0.0,1017.8
2018-03-04 07:00:00,-6.1,36,12.3,15.0,1018.4
2018-03-04 08:00:00,-5.6,31,20.0,85.0,1018.6
2018-03-04 09:00:00,-5.1,29,22.4,200.0,1018.6
2018-03-04 10:00:00,-4.5,28,23.0,305.0,1018.2
2018-03-04 11:00:00,-3.5,28,22.2,430.0,1018.5
2018-03-04 12:00:00,-2.8,29,21.6,463.0,1018.7
2018-03-04 13:00:00,-2.3,29,21.8,454.0,1018.0
2018-03-04 14:00:00,-1.8,29,22.9,411.0,1017.3
2018-03-04 15:00:00,-1.9,29,22.9,299.0,1017.4
2018-03-04 16:00:00,-2.1,29,21.5,220.0,1017.4
2018-03-04 17:00:00,-2.6,32,19.1,84.0,1018.0
2018-03-04 18:00:00,-3.5,35,18.5,9.0,1018.2
2018-03-04 19:00:00,-3.8,34,20.9,0.0,1018.5
2018-03-04 20:00:00,-4.2,38,21.1,0.0,1018.5
2018-03-04 21:00:00,-4.6,41,20.6,0.0,1019.0
2018-03-04 22:00:00,-5.0,42,20.3,0.0,1019.6
2018-03-04 23:00:00,-5.3,42,20.8,0.0,1020.0
2018-03-05 00:00:00,-5.6,40,20.9,0.0,1020.0
2018-03-05 01:00:00,-6.0,39,19.3,0.0,1020.3
2018-03-05 02:00:00,-6.5,39,18.2,0.0,1020.6
2018-03-05 03:00:00,-6.8,38,17.5,0.0,1020.8
2018-03-05 04:00:00,-7.0,37,18.1,0.0,1021.6
2018-03-05 05:00:00,-7.1,36,18.8,0.0,1022.2
2018-03-05 06:00:00,-7.4,36,19.8,0.0,1023.0
2018-03-05 07:00:00,-7.2,33,18.6,21.0,1024.0
2018-03-05 08:00:00,-7.2,29,23.5,154.0,1024.9
2018-03-05 09:00:00,-6.2,24,23.3,332.0,1025.5
2018-03-05 10:00:00,-5.2,21,23.3,495.0,1025.4
2018-03-05 11:00:00,-4.5,21,22.5,616.0,1025.2
2018-03-05 12:00:00,-3.6,21,20.9,678.0,1024.9
2018-03-05 13:00:00,-3.0,22,19.4,677.0,1024.0
2018-03-05 14:00:00,-2.8,21,17.4,611.0,1023.4
2018-03-05 15:00:00,-2.7,20,16.0,489.0,1023.4
2018-03-05 16:00:00,-3.0,20,14.6,324.0,1023.2
2018-03-05 17:00:00,-3.8,24,11.0,146.0,1023.2
2018-03-05 18:00:00,-5.7,34,9.4,17.0,1023.3
2018-03-05 19:00:00,-6.4,31,8.5,0.0,1023.9
2018-03-05 20:00:00,-7.1,30,9.5,0.0,1023.8
2018-03-05 21:00:00,-7.0,31,10.0,0.0,1024.5
2018-03-05 22:00:00,-7.2,26,9.3,0.0,1024.8
2018-03-05 23:00:00,-7.4,25,9.1,0.0,1025.5
2018-03-06 00:00:00,-7.8,26,9.2,0.0,1026.1
2018-03-06 01:00:00,-8.3,27,8.9,0.0,1027.0
2018-03-06 02:00:00,-8.9,29,8.3,0.0,1027.8
2018-03-06 03:00:00,-9.5,30,7.9,0.0,1028.0
2018-03-06 04:00:00,-9.9,32,8.5,0.0,1028.5
2018-03-06 05:00:00,-9.2,31,13.1,0.0,1029.5
2018-03-06 06:00:00,-9.1,29,17.6,0.0,1030.0
2018-03-06 07:00:00,-9.0,27,15.7,23.0,1030.8
2018-03-06 08:00:00,-8.4,23,17.6,159.0,1031.6
2018-03-06 09:00:00,-6.9,19,18.0,339.0,1032.3
2018-03-06 10:00:00,-5.5,16,17.4,497.0,1032.4
2018-03-06 11:00:00,-4.5,16,16.6,616.0,1032.2
2018-03-06 12:00:00,-3.9,19,15.2,681.0,1031.7
2018-03-06 13:00:00,-3.4,20,13.3,679.0,1030.8
2018-03-06 14:00:00,-3.2,20,13.0,602.0,1030.3
2018-03-06 15:00:00,-3.1,18,13.2,495.0,1029.6
2018-03-06 16:00:00,-3.4,17,12.5,329.0,1029.0
2018-03-06 17:00:00,-4.1,21,10.0,149.0,1028.9
2018-03-06 18:00:00,-6.0,29,9.7,19.0,1028.9
2018-03-06 19:00:00,-6.6,21,9.7,0.0,1029.5
2018-03-06 20:00:00,-6.8,23,10.9,0.0,1028.4
2018-03-06 21:00:00,-6.7,25,10.7,0.0,1028.5
2018-03-06 22:00:00,-7.0,21,11.0,0.0,1028.3
2018-03-06 23:00:00,-7.5,23,10.0,0.0,1027.9
2018-03-07 00:00:00,-8.2,26,8.4,0.0,1028.0
2018-03-07 01:00:00,-8.4,28,9.0,0.0,1027.4
2018-03-07 02:00:00,-8.7,30,9.4,0.0,1026.6
2018-03-07 03:00:00,-8.5,29,10.0,0.0,1025.5
2018-03-07 04:00:00,-8.6,31,9.7,0.0,1024.8
2018-03-07 05:00:00,-8.1,31,8.8,0.0,1024.4
2018-03-07 06:00:00,-7.1,29,7.6,0.0,1023.5
2018-03-07 07:00:00,-6.3,27,5.7,8.0,1022.8
2018-03-07 08:00:00,-6.3,24,5.5,56.0,1022.5
2018-03-07 09:00:00,-4.7,20,1.5,167.0,1022.5
2018-03-07 10:00:00,-2.7,15,2.9,319.0,1021.8
2018-03-07 11:00:00,-1.0,15,6.2,401.0,1021.2
2018-03-07 12:00:00,-0.1,18,9.0,393.0,1020.7
2018-03-07 13:00:00,-1.6,28,14.9,324.0,1020.1
2018-03-07 14:00:00,-4.1,40,15.1,106.0,1020.0
2018-03-07 15:00:00,-3.6,50,11.3,102.0,1019.9
2018-03-07 16:00:00,-3.7,57,12.0,86.0,1019.6
2018-03-07 17:00:00,-4.1,61,11.6,42.0,1020.0
2018-03-07 18:00:00,-4.8,67,12.8,4.0,1020.8
2018-03-07 19:00:00,-5.3,73,12.5,0.0,1022.1
2018-03-07 20:00:00,-5.7,75,13.4,0.0,1022.2
2018-03-07 21:00:00,-6.2,76,18.2,0.0,1022.8
2018-03-07 22:00:00,-6.8,74,18.7,0.0,1023.4
2018-03-07 23:00:00,-7.3,70,19.4,0.0,1023.7
2018-03-08 00:00:00,-7.7,67,17.7,0.0,1024.0
2018-03-08 01:00:00,-8.2,65,17.4,0.0,1024.4
2018-03-08 02:00:00,-9.1,64,16.7,0.0,1024.3
2018-03-08 03:00:00,-10.0,65,17.1,0.0,1024.1
2018-03-08 04:00:00,-10.6,66,16.7,0.0,1024.5
2018-03-08 05:00:00,-11.2,68,16.3,0.0,1025.2
2018-03-08 06:00:00,-11.8,70,15.4,0.0,1025.3
2018-03-08 07:00:00,-11.6,68,14.4,28.0,1025.7
2018-03-08 08:00:00,-10.9,65,17.3,173.0,1025.9
2018-03-08 09:00:00,-8.3,51,19.2,348.0,1026.2
2018-03-08 10:00:00,-6.1,39,22.2,509.0,1026.1
2018-03-08 11:00:00,-4.3,31,22.9,627.0,1025.5
2018-03-08 12:00:00,-3.0,28,22.5,688.0,1024.9
2018-03-08 13:00:00,-2.3,28,22.0,685.0,1023.9
2018-03-08 14:00:00,-2.0,28,21.6,618.0,1023.3
2018-03-08 15:00:00,-2.0,27,22.0,497.0,1023.2
2018-03-08 16:00:00,-2.4,27,21.3,334.0,1023.0
2018-03-08 17:00:00,-3.3,30,17.7,155.0,1022.8
2018-03-08 18:00:00,-5.0,33,14.3,21.0,1022.7
2018-03-08 19:00:00,-5.6,31,14.6,0.0,1023.0
2018-03-08 20:00:00,-7.0,36,12.1,0.0,1023.3
2018-03-08 21:00:00,-7.6,38,10.4,0.0,1023.5
2018-03-08 22:00:00,-8.2,39,9.0,0.0,1023.2
2018-03-08 23:00:00,-8.8,42,8.5,0.0,1023.1
2018-03-09 00:00:00,-9.3,44,8.5,0.0,1023.1
2018-03-09 01:00:00,-9.7,47,8.5,0.0,1022.9
2018-03-09 02:00:00,-10.5,50,6.6,0.0,1022.4
2018-03-09 03:00:00,-10.9,52,6.7,0.0,1021.9
2018-03-09 04:00:00,-10.8,51,8.7,0.0,1021.3
2018-03-09 05:00:00,-10.4,50,10.4,0.0,1020.6
2018-03-09 06:00:00,-10.4,50,10.1,0.0,1019.8
2018-03-09 07:00:00,-9.1,44,7.2,29.0,1020.0
2018-03-09 08:00:00,-7.8,42,6.6,167.0,1019.8
2018-03-09 09:00:00,-5.1,33,8.4,312.0,1019.0
2018-03-09 10:00:00,-2.3,25,9.8,440.0,1018.2
2018-03-09 11:00:00,0.6,19,12.3,603.0,1017.0
2018-03-09 12:00:00,2.9,21,16.1,656.0,1015.6
2018-03-09 13:00:00,4.4,24,21.1,654.0,1013.9
2018-03-09 14:00:00,5.3,27,26.9,592.0,1012.5
2018-03-09 15:00:00,4.8,30,27.4,407.0,1011.7
2018-03-09 16:00:00,4.2,33,24.1,223.0,1010.9
2018-03-09 17:00:00,3.0,36,22.1,116.0,1010.6
2018-03-09 18:00:00,1.4,40,21.4,19.0,1010.9
2018-03-09 19:00:00,0.2,43,18.6,0.0,1011.4
2018-03-09 20:00:00,0.3,42,22.9,0.0,1010.4
2018-03-09 21:00:00,-0.2,44,21.1,0.0,1010.3
2018-03-09 22:00:00,-1.1,45,18.4,0.0,1010.3
2018-03-09 23:00:00,-0.9,44,20.2,0.0,1010.5
2018-03-10 00:00:00,-0.7,44,19.0,0.0,1011.0
2018-03-10 01:00:00,-1.1,46,17.7,0.0,1011.4
2018-03-10 02:00:00,-1.6,49,15.3,0.0,1011.6
2018-03-10 03:00:00,-2.2,55,14.3,0.0,1011.8
2018-03-10 04:00:00,-2.9,68,12.3,0.0,1012.6
2018-03-10 05:00:00,-4.1,83,10.4,0.0,1013.1
2018-03-10 06:00:00,-5.1,82,14.4,0.0,1014.2
2018-03-10 07:00:00,-5.9,64,17.2,30.0,1015.5
2018-03-10 08:00:00,-6.3,49,17.7,170.0,1017.4
2018-03-10 09:00:00,-4.6,42,16.6,349.0,1018.0
2018-03-10 10:00:00,-2.8,37,15.2,492.0,1018.3
2018-03-10 11:00:00,-1.4,36,14.1,579.0,1018.6
2018-03-10 12:00:00,-0.2,35,14.0,607.0,1018.4
2018-03-10 13:00:00,0.9,34,13.3,680.0,1017.8
2018-03-10 14:00:00,1.3,34,11.7,618.0,1017.5
2018-03-10 15:00:00,1.5,34,11.0,496.0,1017.1
2018-03-10 16:00:00,1.2,34,10.8,333.0,1017.2
2018-03-10 17:00:00,0.3,42,8.5,157.0,1017.5
2018-03-10 18:00:00,-2.4,51,10.9,23.0,1017.7
2018-03-10 19:00:00,-3.3,51,10.5,0.0,1018.7
2018-03-10 20:00:00,-4.5,62,7.9,0.0,1018.7
2018-03-10 21:00:00,-4.3,62,6.9,0.0,1019.2
2018-03-10 22:00:00,-5.0,70,5.1,0.0,1019.5
2018-03-10 23:00:00,-5.4,68,5.3,0.0,1019.9
2018-03-11 00:00:00,-5.8,62,6.0,0.0,1020.0
2018-03-11 01:00:00,-6.3,61,6.3,0.0,1020.1
2018-03-11 02:00:00,-6.9,64,6.0,0.0,1020.3
2018-03-11 03:00:00,-7.1,67,5.7,0.0,1020.2
2018-03-11 04:00:00,-7.2,69,5.3,0.0,1020.4
2018-03-11 05:00:00,-7.9,74,6.0,0.0,1020.3
2018-03-11 06:00:00,-8.2,76,6.2,0.0,1020.3
2018-03-11 07:00:00,-5.6,60,7.6,33.0,1020.5
2018-03-11 08:00:00,-2.7,45,6.2,176.0,1020.4
2018-03-11 09:00:00,-0.3,34,5.3,349.0,1020.1
2018-03-11 10:00:00,1.3,33,3.8,507.0,1019.6
2018-03-11 11:00:00,2.7,34,4.2,621.0,1019.3
2018-03-11 12:00:00,4.0,32,4.5,679.0,1018.6
2018-03-11 13:00:00,5.1,31,5.1,672.0,1017.5
2018-03-11 14:00:00,6.0,28,7.5,575.0,1016.2
2018-03-11 15:00:00,6.5,27,10.7,445.0,1015.4
2018-03-11 16:00:00,6.5,27,10.4,295.0,1014.7
2018-03-11 17:00:00,5.0,45,8.7,141.0,1014.3
2018-03-11 18:00:00,1.4,55,8.8,24.0,1013.6
2018-03-11 19:00:00,0.6,50,10.8,0.0,1013.5
2018-03-11 20:00:00,-0.5,53,11.8,0.0,1013.3
2018-03-11 21:00:00,-0.1,51,13.7,0.0,1013.2
2018-03-11 22:00:00,0.4,54,14.8,0.0,1012.6
2018-03-11 23:00:00,1.5,48,14.0,0.0,1012.1
2018-03-12 00:00:00,2.1,45,15.1,0.0,1011.3
2018-03-12 01:00:00,2.3,46,16.2,0.0,1010.7
2018-03-12 02:00:00,2.2,47,17.3,0.0,1009.9
2018-03-12 03:00:00,2.2,52,17.3,0.0,1008.9
2018-03-12 04:00:00,3.0,58,19.1,0.0,1008.3
2018-03-12 05:00:00,3.5,66,20.5,0.0,1007.3
2018-03-12 06:00:00,3.7,70,22.3,0.0,1006.6
2018-03-12 07:00:00,3.9,71,23.8,23.0,1006.2
2018-03-12 08:00:00,5.6,71,22.3,117.0,1006.0
2018-03-12 09:00:00,7.3,68,26.7,239.0,1005.4
2018-03-12 10:00:00,8.9,65,31.9,348.0,1004.7
2018-03-12 11:00:00,10.5,61,32.3,453.0,1004.1
2018-03-12 12:00:00,11.8,58,30.7,359.0,1003.5
2018-03-12 13:00:00,12.8,55,32.1,318.0,1002.6
2018-03-12 14:00:00,15.2,51,33.2,372.0,1001.9
2018-03-12 15:00:00,16.6,49,34.1,384.0,1001.3
2018-03-12 16:00:00,15.6,52,28.0,263.0,1001.3
2018-03-12 17:00:00,13.0,59,25.0,133.0,1001.6
2018-03-12 18:00:00,9.9,66,25.6,22.0,1001.7
2018-03-12 19:00:00,8.5,68,27.4,0.0,1002.0
2018-03-12 20:00:00,7.4,69,29.0,0.0,1002.2
2018-03-12 21:00:00,6.9,71,26.1,0.0,1002.7
2018-03-12 22:00:00,6.0,74,24.3,0.0,1002.8
2018-03-12 23:00:00,5.3,76,23.1,0.0,1002.8
2018-03-13 00:00:00,4.8,79,22.8,0.0,1002.8
2018-03-13 01:00:00,4.5,81,24.5,0.0,1002.4
2018-03-13 02:00:00,4.7,81,24.9,0.0,1001.9
2018-03-13 03:00:00,5.0,78,25.3,0.0,1001.3
2018-03-13 04:00:00,5.2,77,27.1,0.0,1000.8
2018-03-13 05:00:00,5.3,78,28.1,0.0,1000.5
2018-03-13 06:00:00,5.4,78,28.6,0.0,1000.2
2018-03-13 07:00:00,5.9,77,27.5,28.0,1000.5
2018-03-13 08:00:00,7.6,71,23.5,123.0,1001.1
2018-03-13 09:00:00,9.1,67,26.0,251.0,1001.2
2018-03-13 10:00:00,11.4,61,27.2,386.0,1001.7
2018-03-13 11:00:00,13.9,56,29.3,582.0,1001.7
2018-03-13 12:00:00,15.7,53,28.0,647.0,1001.8
2018-03-13 13:00:00,17.8,49,29.5,643.0,1001.7
2018-03-13 14:00:00,17.7,51,28.7,536.0,1001.8
2018-03-13 15:00:00,16.9,52,24.4,465.0,1002.3
2018-03-13 16:00:00,16.1,54,16.7,290.0,1002.9
2018-03-13 17:00:00,13.6,72,7.2,140.0,1003.5
2018-03-13 18:00:00,10.8,78,15.3,24.0,1004.4
2018-03-13 19:00:00,8.2,88,6.2,0.0,1005.7
2018-03-13 20:00:00,5.1,76,13.6,0.0,1007.0
2018-03-13 21:00:00,4.5,81,12.3,0.0,1007.3
2018-03-13 22:00:00,3.4,88,10.7,0.0,1007.2
2018-03-13 23:00:00,2.6,92,8.6,0.0,1007.1
2018-03-14 00:00:00,2.3,95,7.9,0.0,1006.9
2018-03-14 01:00:00,1.8,98,7.6,0.0,1006.7
2018-03-14 02:00:00,2.1,99,9.6,0.0,1006.0
2018-03-14 03:00:00,2.4,98,10.1,0.0,1005.4
2018-03-14 04:00:00,2.6,98,9.8,0.0,1005.1
2018-03-14 05:00:00,3.5,96,9.9,0.0,1004.8
2018-03-14 06:00:00,4.6,95,11.7,0.0,1004.7
2018-03-14 07:00:00,5.4,93,13.8,25.0,1004.6
2018-03-14 08:00:00,6.8,88,14.0,109.0,1003.7
2018-03-14 09:00:00,8.7,81,15.6,198.0,1003.9
2018-03-14 10:00:00,11.3,72,19.9,352.0,1003.8
2018-03-14 11:00:00,14.0,61,22.0,536.0,1003.5
2018-03-14 12:00:00,16.2,55,24.5,629.0,1003.4
2018-03-14 13:00:00,17.0,53,25.1,579.0,1003.0
2018-03-14 14:00:00,17.2,53,26.0,460.0,1002.4
2018-03-14 15:00:00,16.1,57,25.9,232.0,1001.6
2018-03-14 16:00:00,15.9,59,25.0,211.0,1001.1
2018-03-14 17:00:00,14.4,64,23.2,73.0,1001.6
2018-03-14 18:00:00,12.6,71,16.6,17.0,1002.6
2018-03-14 19:00:00,10.1,84,7.3,0.0,1004.8
2018-03-14 20:00:00,5.8,82,25.3,0.0,1006.7
2018-03-14 21:00:00,5.0,80,25.0,0.0,1007.6
2018-03-14 22:00:00,3.7,84,25.0,0.0,1008.8
2018-03-14 23:00:00,2.3,88,25.4,0.0,1009.7
2018-03-15 00:00:00,1.2,93,23.7,0.0,1010.5
2018-03-15 01:00:00,0.9,90,24.9,0.0,1010.8
2018-03-15 02:00:00,0.4,88,25.1,0.0,1011.8
2018-03-15 03:00:00,0.0,87,25.9,0.0,1012.8
2018-03-15 04:00:00,-0.5,91,24.5,0.0,1013.2
2018-03-15 05:00:00,-1.0,90,27.5,0.0,1014.4
2018-03-15 06:00:00,-1.7,87,28.7,0.0,1015.1
2018-03-15 07:00:00,-2.2,85,28.6,15.0,1016.5
2018-03-15 08:00:00,-3.2,79,30.2,53.0,1017.5
2018-03-15 09:00:00,-3.2,69,33.1,88.0,1018.9
2018-03-15 10:00:00,-2.7,59,34.2,148.0,1019.8
2018-03-15 11:00:00,-0.7,38,35.9,329.0,1020.1
2018-03-15 12:00:00,1.6,26,37.1,669.0,1020.5
2018-03-15 13:00:00,2.1,24,37.5,726.0,1020.5
2018-03-15 14:00:00,2.1,23,35.9,662.0,1020.2
2018-03-15 15:00:00,1.7,22,34.4,538.0,1020.6
2018-03-15 16:00:00,0.9,21,31.5,371.0,1020.9
2018-03-15 17:00:00,-0.4,24,26.4,186.0,1021.7
2018-03-15 18:00:00,-2.3,26,23.7,34.0,1022.7
2018-03-15 19:00:00,-3.3,26,22.0,0.0,1023.5
2018-03-15 20:00:00,-4.6,30,19.1,0.0,1024.6
2018-03-15 21:00:00,-4.9,30,17.6,0.0,1025.0
2018-03-15 22:00:00,-5.4,30,16.1,0.0,1025.2
2018-03-15 23:00:00,-5.8,29,14.4,0.0,1025.3
2018-03-16 00:00:00,-6.2,28,12.3,0.0,1025.6
2018-03-16 01:00:00,-6.5,27,11.3,0.0,1025.6
2018-03-16 02:00:00,-6.9,28,10.5,0.0,1025.6
2018-03-16 03:00:00,-7.4,30,9.7,0.0,1025.3
2018-03-16 04:00:00,-7.9,32,9.0,0.0,1025.5
2018-03-16 05:00:00,-8.5,34,8.0,0.0,1025.6
2018-03-16 06:00:00,-9.1,37,7.3,0.0,1026.0
2018-03-16 07:00:00,-6.8,31,6.3,52.0,1026.4
2018-03-16 08:00:00,-5.1,22,6.8,217.0,1027.1
2018-03-16 09:00:00,-3.0,18,6.4,404.0,1027.1
2018-03-16 10:00:00,-1.2,20,6.9,568.0,1026.8
2018-03-16 11:00:00,0.2,23,7.7,686.0,1025.9
2018-03-16 12:00:00,1.4,22,6.8,746.0,1024.9
2018-03-16 13:00:00,2.4,21,4.7,741.0,1023.9
2018-03-16 14:00:00,3.1,20,4.6,672.0,1022.5
2018-03-16 15:00:00,3.4,19,3.3,547.0,1021.7
2018-03-16 16:00:00,3.4,19,4.9,377.0,1021.4
2018-03-16 17:00:00,2.7,30,5.2,189.0,1021.2
2018-03-16 18:00:00,-0.5,46,6.5,35.0,1021.4
2018-03-16 19:00:00,0.3,23,2.8,0.0,1021.4
2018-03-16 20:00:00,-1.6,34,5.4,0.0,1020.6
2018-03-16 21:00:00,-3.4,44,10.0,0.0,1020.1
2018-03-16 22:00:00,-4.6,45,9.1,0.0,1020.0
2018-03-16 23:00:00,-4.9,42,8.4,0.0,1019.9
2018-03-17 00:00:00,-5.2,37,7.6,0.0,1020.2
2018-03-17 01:00:00,-5.0,36,6.9,0.0,1020.1
2018-03-17 02:00:00,-4.2,34,9.5,0.0,1020.2
2018-03-17 03:00:00,-3.7,35,10.5,0.0,1019.5
2018-03-17 04:00:00,-3.3,35,11.7,0.0,1018.7
2018-03-17 05:00:00,-3.1,34,12.6,0.0,1018.1
2018-03-17 06:00:00,-2.5,32,11.9,0.0,1018.0
2018-03-17 07:00:00,-1.0,27,10.9,41.0,1017.9
2018-03-17 08:00:00,0.6,24,12.3,139.0,1018.2
2018-03-17 09:00:00,2.7,22,13.4,244.0,1018.2
2018-03-17 10:00:00,4.4,22,16.3,293.0,1018.5
2018-03-17 11:00:00,5.9,24,17.8,417.0,1017.9
2018-03-17 12:00:00,7.2,23,20.1,436.0,1017.2
2018-03-17 13:00:00,8.0,22,21.9,516.0,1016.5
2018-03-17 14:00:00,8.4,19,23.2,476.0,1015.5
2018-03-17 15:00:00,8.2,16,23.7,413.0,1015.3
2018-03-17 16:00:00,6.9,20,23.1,255.0,1015.1
2018-03-17 17:00:00,4.6,25,23.0,109.0,1015.5
2018-03-17 18:00:00,2.7,36,22.7,20.0,1016.1
2018-03-17 19:00:00,1.6,51,22.4,0.0,1017.1
2018-03-17 20:00:00,-0.5,82,16.8,0.0,1017.0
2018-03-17 21:00:00,-0.3,87,15.0,0.0,1017.0
2018-03-17 22:00:00,-0.3,89,12.6,0.0,1016.7
2018-03-17 23:00:00,-0.2,89,9.6,0.0,1016.5
2018-03-18 00:00:00,-0.1,89,9.9,0.0,1016.6
2018-03-18 01:00:00,0.1,89,10.8,0.0,1016.4
2018-03-18 02:00:00,0.3,90,10.0,0.0,1016.1
2018-03-18 03:00:00,0.3,92,9.8,0.0,1015.7
2018-03-18 04:00:00,0.4,92,8.9,0.0,1015.5
2018-03-18 05:00:00,0.1,94,8.3,0.0,1015.8
2018-03-18 06:00:00,-0.4,95,8.9,0.0,1015.8
2018-03-18 07:00:00,0.3,92,8.6,34.0,1016.3
2018-03-18 08:00:00,1.4,87,12.7,148.0,1016.2
2018-03-18 09:00:00,2.8,79,15.0,242.0,1016.5
2018-03-18 10:00:00,4.2,72,16.6,410.0,1016.8
2018-03-18 11:00:00,5.7,67,16.5,537.0,1016.3
2018-03-18 12:00:00,7.0,63,15.8,648.0,1015.5
2018-03-18 13:00:00,8.2,59,14.0,661.0,1014.7
2018-03-18 14:00:00,8.9,55,12.7,596.0,1013.9
2018-03-18 15:00:00,9.3,54,12.6,479.0,1013.5
2018-03-18 16:00:00,9.1,54,11.4,316.0,1013.4
2018-03-18 17:00:00,8.0,64,7.4,158.0,1013.3
2018-03-18 18:00:00,4.9,78,6.8,29.0,1013.4
2018-03-18 19:00:00,4.1,78,5.9,0.0,1013.9
2018-03-18 20:00:00,2.4,83,10.4,0.0,1014.5
2018-03-18 21:00:00,2.0,84,9.4,0.0,1014.8
2018-03-18 22:00:00,0.7,88,7.8,0.0,1015.5
2018-03-18 23:00:00,-0.3,89,5.1,0.0,1015.7
2018-03-19 00:00:00,0.7,85,0.5,0.0,1016.0
2018-03-19 01:00:00,-0.9,91,7.0,0.0,1016.0
2018-03-19 02:00:00,-1.1,93,9.3,0.0,1016.1
2018-03-19 03:00:00,-1.2,92,10.2,0.0,1016.3
2018-03-19 04:00:00,-0.5,89,15.0,0.0,1017.1
2018-03-19 05:00:00,-0.3,88,20.0,0.0,1017.8
2018-03-19 06:00:00,-0.3,79,22.6,0.0,1018.8
2018-03-19 07:00:00,0.4,67,24.0,57.0,1020.2
2018-03-19 08:00:00,1.8,57,27.4,215.0,1020.4
2018-03-19 09:00:00,3.4,41,29.9,394.0,1021.1
2018-03-19 10:00:00,4.9,31,32.2,554.0,1021.5
2018-03-19 11:00:00,5.8,25,34.0,664.0,1021.5
2018-03-19 12:00:00,6.2,22,34.3,729.0,1021.1
2018-03-19 13:00:00,6.2,20,33.7,714.0,1020.9
2018-03-19 14:00:00,6.1,19,32.9,634.0,1020.4
2018-03-19 15:00:00,5.7,18,31.6,492.0,1020.3
2018-03-19 16:00:00,4.9,19,30.2,319.0,1020.6
2018-03-19 17:00:00,3.6,22,27.2,158.0,1020.9
2018-03-19 18:00:00,1.8,25,25.3,34.0,1021.6
2018-03-19 19:00:00,0.8,26,23.8,0.0,1022.6
2018-03-19 20:00:00,-0.5,28,24.6,0.0,1022.9
2018-03-19 21:00:00,-1.1,29,24.5,0.0,1023.4
2018-03-19 22:00:00,-1.8,30,24.5,0.0,1023.9
2018-03-19 23:00:00,-2.4,30,24.7,0.0,1024.2
2018-03-20 00:00:00,-2.8,30,23.3,0.0,1024.6
2018-03-20 01:00:00,-3.2,30,23.0,0.0,1024.8
2018-03-20 02:00:00,-3.5,29,23.2,0.0,1024.9
2018-03-20 03:00:00,-3.8,28,22.5,0.0,1024.6
2018-03-20 04:00:00,-4.0,27,21.1,0.0,1024.6
2018-03-20 05:00:00,-4.2,26,20.1,0.0,1024.7
2018-03-20 06:00:00,-4.4,25,20.0,0.0,1024.6
2018-03-20 07:00:00,-3.3,23,17.9,63.0,1025.1
2018-03-20 08:00:00,-1.8,26,22.1,228.0,1025.0
2018-03-20 09:00:00,0.3,25,22.7,409.0,1025.2
2018-03-20 10:00:00,2.3,24,23.0,569.0,1025.1
2018-03-20 11:00:00,4.1,22,24.8,684.0,1024.3
2018-03-20 12:00:00,5.6,21,25.5,739.0,1023.5
2018-03-20 13:00:00,6.5,20,26.1,733.0,1022.4
2018-03-20 14:00:00,6.9,19,26.3,665.0,1021.1
2018-03-20 15:00:00,7.0,19,25.0,530.0,1020.5
2018-03-20 16:00:00,6.5,19,22.9,369.0,1020.3
2018-03-20 17:00:00,5.1,24,19.5,188.0,1020.1
2018-03-20 18:00:00,3.0,27,19.6,36.0,1020.1
2018-03-20 19:00:00,1.9,28,19.3,0.0,1020.5
2018-03-20 20:00:00,0.9,29,18.3,0.0,1019.6
2018-03-20 21:00:00,0.3,30,18.0,0.0,1019.4
2018-03-20 22:00:00,-0.9,33,16.9,0.0,1019.2
2018-03-20 23:00:00,-1.9,36,14.8,0.0,1019.4
2018-03-21 00:00:00,-2.4,37,14.2,0.0,1019.2
2018-03-21 01:00:00,-2.8,38,13.2,0.0,1019.0
2018-03-21 02:00:00,-3.4,38,12.7,0.0,1018.5
2018-03-21 03:00:00,-3.6,39,11.9,0.0,1017.7
2018-03-21 04:00:00,-4.1,40,10.6,0.0,1017.2
2018-03-21 05:00:00,-4.5,41,8.9,0.0,1016.9
2018-03-21 06:00:00,-4.9,39,8.8,0.0,1016.7
2018-03-21 07:00:00,-3.3,33,7.6,61.0,1016.6
2018-03-21 08:00:00,-1.4,35,8.0,210.0,1015.9
2018-03-21 09:00:00,1.0,31,9.0,389.0,1016.1
2018-03-21 10:00:00,3.0,28,9.4,527.0,1015.6
2018-03-21 11:00:00,5.0,24,9.7,642.0,1014.8
2018-03-21 12:00:00,6.6,22,10.5,704.0,1013.9
2018-03-21 13:00:00,7.6,20,10.1,705.0,1012.9
2018-03-21 14:00:00,8.1,20,10.2,653.0,1011.9
2018-03-21 15:00:00,8.3,19,9.8,544.0,1011.4
2018-03-21 16:00:00,8.1,19,9.0,380.0,1010.8
2018-03-21 17:00:00,7.0,36,6.2,196.0,1010.6
2018-03-21 18:00:00,3.6,48,7.2,43.0,1010.2
2018-03-21 19:00:00,1.4,54,7.8,0.0,1010.3
2018-03-21 20:00:00,0.2,55,7.7,0.0,1009.9
2018-03-21 21:00:00,-0.3,55,9.2,0.0,1009.8
2018-03-21 22:00:00,-1.4,58,8.8,0.0,1009.6
2018-03-21 23:00:00,-2.1,59,7.1,0.0,1009.3
2018-03-22 00:00:00,-1.9,52,5.0,0.0,1009.3
2018-03-22 01:00:00,-2.5,55,5.4,0.0,1009.0
2018-03-22 02:00:00,-3.4,62,6.2,0.0,1008.8
2018-03-22 03:00:00,-4.2,65,7.4,0.0,1008.5
2018-03-22 04:00:00,-4.6,62,8.1,0.0,1008.3
2018-03-22 05:00:00,-5.0,61,7.9,0.0,1008.4
2018-03-22 06:00:00,-5.3,61,8.0,1.0,1008.4
2018-03-22 07:00:00,-3.3,54,5.4,70.0,1008.4
2018-03-22 08:00:00,-0.4,45,5.4,236.0,1008.5
2018-03-22 09:00:00,3.0,36,4.0,417.0,1008.4
2018-03-22 10:00:00,5.9,31,2.9,576.0,1008.2
2018-03-22 11:00:00,7.9,26,1.3,689.0,1007.8
2018-03-22 12:00:00,9.2,25,0.8,745.0,1007.4
2018-03-22 13:00:00,10.0,24,2.2,738.0,1006.5
2018-03-22 14:00:00,10.6,23,3.7,668.0,1005.9
2018-03-22 15:00:00,10.7,22,6.3,544.0,1005.5
2018-03-22 16:00:00,10.7,21,6.9,378.0,1005.6
2018-03-22 17:00:00,9.4,41,6.4,195.0,1005.5
2018-03-22 18:00:00,5.3,58,7.9,43.0,1005.7
2018-03-22 19:00:00,3.5,58,7.4,0.0,1006.0
2018-03-22 20:00:00,3.4,53,6.9,0.0,1006.3
2018-03-22 21:00:00,3.1,50,12.1,0.0,1006.3
2018-03-22 22:00:00,1.1,58,12.2,0.0,1006.8
2018-03-22 23:00:00,-0.3,66,12.3,0.0,1007.1
2018-03-23 00:00:00,-1.0,72,12.0,0.0,1007.3
2018-03-23 01:00:00,-1.6,74,11.6,0.0,1007.5
2018-03-23 02:00:00,-1.9,75,10.9,0.0,1007.4
2018-03-23 03:00:00,-1.9,72,11.2,0.0,1007.1
2018-03-23 04:00:00,-1.8,69,11.9,0.0,1007.0
2018-03-23 05:00:00,-1.9,68,10.5,0.0,1007.1
2018-03-23 06:00:00,-2.2,69,9.4,1.0,1007.4
2018-03-23 07:00:00,0.4,58,7.6,65.0,1007.8
2018-03-23 08:00:00,3.7,49,11.2,178.0,1007.8
2018-03-23 09:00:00,6.7,40,14.5,314.0,1007.6
2018-03-23 10:00:00,9.5,35,17.4,483.0,1007.6
2018-03-23 11:00:00,11.1,32,20.6,508.0,1007.5
2018-03-23 12:00:00,11.7,33,22.8,501.0,1007.3
2018-03-23 13:00:00,11.8,37,23.0,490.0,1007.2
2018-03-23 14:00:00,10.2,45,19.2,264.0,1007.7
2018-03-23 15:00:00,8.1,60,11.5,102.0,1008.1
2018-03-23 16:00:00,7.2,69,7.3,78.0,1008.5
2018-03-23 17:00:00,6.5,76,5.7,46.0,1009.2
2018-03-23 18:00:00,5.3,75,4.7,35.0,1009.6
2018-03-23 19:00:00,2.8,85,12.2,0.0,1009.8
2018-03-23 20:00:00,3.0,83,12.4,0.0,1009.8
2018-03-23 21:00:00,3.4,89,14.6,0.0,1009.6
2018-03-23 22:00:00,2.8,90,14.0,0.0,1010.3
2018-03-23 23:00:00,2.0,91,12.3,0.0,1010.9
2018-03-24 00:00:00,0.7,93,9.8,0.0,1011.9
2018-03-24 01:00:00,0.2,94,11.2,0.0,1012.1
2018-03-24 02:00:00,-0.2,93,12.0,0.0,1011.9
2018-03-24 03:00:00,-0.9,93,10.8,0.0,1011.6
2018-03-24 04:00:00,-1.5,93,9.6,0.0,1011.8
2018-03-24 05:00:00,-2.0,94,9.3,0.0,1012.1
2018-03-24 06:00:00,-2.1,94,9.4,1.0,1012.3
2018-03-24 07:00:00,-0.1,88,8.7,74.0,1012.6
2018-03-24 08:00:00,2.6,82,10.0,235.0,1013.1
2018-03-24 09:00:00,5.6,71,11.3,410.0,1013.2
2018-03-24 10:00:00,9.0,57,12.2,562.0,1013.1
2018-03-24 11:00:00,12.3,44,13.5,672.0,1012.6
2018-03-24 12:00:00,14.5,35,16.6,727.0,1011.9
2018-03-24 13:00:00,15.9,29,18.6,722.0,1010.8
2018-03-24 14:00:00,16.8,25,19.1,655.0,1009.8
2018-03-24 15:00:00,17.0,25,18.9,533.0,1009.2
2018-03-24 16:00:00,16.6,29,16.8,371.0,1008.8
2018-03-24 17:00:00,14.3,40,17.5,193.0,1008.7
2018-03-24 18:00:00,10.6,50,17.7,45.0,1008.9
2018-03-24 19:00:00,8.7,54,19.4,0.0,1009.1
2018-03-24 20:00:00,8.2,54,20.3,0.0,1009.2
2018-03-24 21:00:00,7.7,56,18.9,0.0,1009.2
2018-03-24 22:00:00,7.3,58,19.3,0.0,1009.2
2018-03-24 23:00:00,7.1,60,19.7,0.0,1009.3
2018-03-25 00:00:00,7.1,61,21.1,0.0,1009.2
2018-03-25 01:00:00,6.7,62,21.1,0.0,1009.3
2018-03-25 02:00:00,6.1,64,19.6,0.0,1008.9
2018-03-25 03:00:00,5.6,65,19.4,0.0,1008.6
2018-03-25 04:00:00,5.4,64,20.3,0.0,1008.5
2018-03-25 05:00:00,5.2,64,20.5,0.0,1008.6
2018-03-25 06:00:00,5.2,64,20.7,2.0,1008.7
2018-03-25 07:00:00,6.9,59,20.6,78.0,1009.2
2018-03-25 08:00:00,10.3,50,23.4,242.0,1009.2
2018-03-25 09:00:00,13.0,42,26.1,420.0,1009.1
2018-03-25 10:00:00,15.6,36,26.5,576.0,1009.1
2018-03-25 11:00:00,17.8,32,26.7,686.0,1008.7
2018-03-25 12:00:00,19.3,29,26.9,741.0,1008.4
2018-03-25 13:00:00,20.2,28,27.7,734.0,1007.5
2018-03-25 14:00:00,20.6,27,28.7,665.0,1006.7
2018-03-25 15:00:00,20.4,27,28.8,543.0,1006.2
2018-03-25 16:00:00,19.1,31,26.6,379.0,1005.9
2018-03-25 17:00:00,16.9,38,22.1,199.0,1006.3
2018-03-25 18:00:00,13.9,44,21.9,48.0,1006.9
2018-03-25 19:00:00,12.7,45,21.7,0.0,1007.4
2018-03-25 20:00:00,12.4,48,22.1,0.0,1007.3
2018-03-25 21:00:00,11.7,49,22.1,0.0,1007.4
2018-03-25 22:00:00,11.3,47,22.5,0.0,1007.2
2018-03-25 23:00:00,10.9,46,23.3,0.0,1007.5
2018-03-26 00:00:00,10.5,46,22.9,0.0,1007.4
2018-03-26 01:00:00,10.4,46,22.9,0.0,1007.4
2018-03-26 02:00:00,10.1,46,21.9,0.0,1007.0
2018-03-26 03:00:00,9.4,49,18.7,0.0,1006.7
2018-03-26 04:00:00,8.7,52,17.5,0.0,1007.1
2018-03-26 05:00:00,8.3,54,18.4,0.0,1006.8
2018-03-26 06:00:00,8.1,56,18.7,2.0,1006.8
2018-03-26 07:00:00,9.7,53,19.3,80.0,1007.1
2018-03-26 08:00:00,12.7,48,21.2,244.0,1007.5
2018-03-26 09:00:00,15.5,43,26.9,420.0,1006.9
2018-03-26 10:00:00,18.1,38,31.9,575.0,1006.5
2018-03-26 11:00:00,20.1,34,35.8,685.0,1005.8
2018-03-26 12:00:00,21.3,31,38.8,737.0,1005.4
2018-03-26 13:00:00,21.8,29,40.5,729.0,1004.5
2018-03-26 14:00:00,22.0,28,41.2,660.0,1003.7
2018-03-26 15:00:00,21.8,28,39.0,538.0,1003.3
2018-03-26 16:00:00,20.7,30,33.2,374.0,1003.1
2018-03-26 17:00:00,18.6,37,29.6,196.0,1003.1
2018-03-26 18:00:00,15.3,51,26.0,48.0,1003.2
2018-03-26 19:00:00,13.2,56,28.2,0.0,1003.5
2018-03-26 20:00:00,12.2,56,27.6,0.0,1004.2
2018-03-26 21:00:00,11.1,58,25.8,0.0,1004.3
2018-03-26 22:00:00,10.2,59,25.1,0.0,1004.2
2018-03-26 23:00:00,9.4,62,22.9,0.0,1004.3
2018-03-27 00:00:00,8.7,66,20.4,0.0,1004.5
2018-03-27 01:00:00,8.4,68,21.3,0.0,1004.0
2018-03-27 02:00:00,8.5,68,21.4,0.0,1003.6
2018-03-27 03:00:00,8.2,69,18.2,0.0,1003.3
2018-03-27 04:00:00,7.9,71,14.8,0.0,1003.1
2018-03-27 05:00:00,8.1,72,17.0,0.0,1002.6
2018-03-27 06:00:00,8.3,73,20.2,2.0,1002.2
2018-03-27 07:00:00,9.6,70,19.1,71.0,1002.1
2018-03-27 08:00:00,11.4,64,23.1,187.0,1002.4
2018-03-27 09:00:00,13.9,56,28.0,348.0,1002.0
2018-03-27 10:00:00,16.3,50,32.1,531.0,1001.3
2018-03-27 11:00:00,18.3,46,34.9,663.0,1000.4
2018-03-27 12:00:00,19.9,44,36.6,715.0,999.5
2018-03-27 13:00:00,20.9,41,36.2,705.0,998.4
2018-03-27 14:00:00,20.7,39,36.3,636.0,997.2
2018-03-27 15:00:00,20.1,40,36.7,503.0,996.7
2018-03-27 16:00:00,19.1,43,34.6,343.0,996.0
2018-03-27 17:00:00,17.4,48,34.6,166.0,995.9
2018-03-27 18:00:00,15.6,53,33.0,42.0,995.9
2018-03-27 19:00:00,14.0,61,32.2,0.0,995.9
2018-03-27 20:00:00,13.8,64,29.5,0.0,996.5
2018-03-27 21:00:00,13.3,67,27.1,0.0,996.7
2018-03-27 22:00:00,13.1,67,27.1,0.0,996.5
2018-03-27 23:00:00,12.6,68,26.0,0.0,996.8
2018-03-28 00:00:00,12.2,69,19.9,0.0,998.3
2018-03-28 01:00:00,11.0,77,12.1,0.0,999.8
2018-03-28 02:00:00,9.6,82,10.3,0.0,1000.8
2018-03-28 03:00:00,7.8,88,6.6,0.0,1002.2
2018-03-28 04:00:00,7.7,86,10.9,0.0,1003.6
2018-03-28 05:00:00,7.2,78,12.4,0.0,1004.6
2018-03-28 06:00:00,5.8,74,9.9,3.0,1005.6
2018-03-28 07:00:00,8.1,57,6.4,86.0,1006.4
2018-03-28 08:00:00,12.0,41,6.5,254.0,1007.1
2018-03-28 09:00:00,13.6,26,18.1,429.0,1007.8
2018-03-28 10:00:00,14.3,24,20.2,581.0,1008.5
2018-03-28 11:00:00,15.1,23,18.4,657.0,1008.6
2018-03-28 12:00:00,15.7,22,18.4,699.0,1008.4
2018-03-28 13:00:00,15.9,22,17.0,675.0,1008.2
2018-03-28 14:00:00,16.2,22,15.3,672.0,1007.8
2018-03-28 15:00:00,16.3,21,13.1,537.0,1008.0
2018-03-28 16:00:00,16.1,21,11.9,382.0,1008.0
2018-03-28 17:00:00,15.4,23,8.7,204.0,1008.4
2018-03-28 18:00:00,12.1,42,8.9,53.0,1009.1
2018-03-28 19:00:00,9.9,46,9.8,0.0,1010.5
2018-03-28 20:00:00,8.3,48,9.7,0.0,1010.5
2018-03-28 21:00:00,8.8,42,9.5,0.0,1011.0
2018-03-28 22:00:00,7.8,43,10.5,0.0,1011.6
2018-03-28 23:00:00,6.9,45,9.8,0.0,1012.1
2018-03-29 00:00:00,5.6,53,7.6,0.0,1012.8
2018-03-29 01:00:00,4.4,57,8.4,0.0,1013.4
2018-03-29 02:00:00,3.5,57,12.6,0.0,1014.3
2018-03-29 03:00:00,4.7,35,18.6,0.0,1015.5
2018-03-29 04:00:00,4.6,30,18.3,0.0,1016.4
2018-03-29 05:00:00,4.1,28,17.5,0.0,1017.6
2018-03-29 06:00:00,3.6,29,16.8,4.0,1018.5
2018-03-29 07:00:00,5.1,26,17.7,95.0,1019.4
2018-03-29 08:00:00,6.8,26,19.4,268.0,1020.2
2018-03-29 09:00:00,8.5,26,22.1,449.0,1020.7
2018-03-29 10:00:00,9.8,25,21.6,604.0,1021.3
2018-03-29 11:00:00,11.0,24,21.6,713.0,1021.2
2018-03-29 12:00:00,11.9,21,22.9,765.0,1020.6
2018-03-29 13:00:00,12.4,19,21.5,756.0,1020.2
2018-03-29 14:00:00,12.6,18,18.8,687.0,1019.6
2018-03-29 15:00:00,12.5,18,16.7,561.0,1019.5
2018-03-29 16:00:00,12.2,18,15.7,396.0,1019.4
2018-03-29 17:00:00,11.4,18,14.7,213.0,1019.4
2018-03-29 18:00:00,8.9,25,11.3,56.0,1019.8
2018-03-29 19:00:00,6.9,30,11.6,0.0,1020.1
2018-03-29 20:00:00,6.1,28,12.8,0.0,1019.4
2018-03-29 21:00:00,6.4,25,12.8,0.0,1019.0
2018-03-29 22:00:00,6.0,25,11.9,0.0,1019.1
2018-03-29 23:00:00,4.2,30,10.3,0.0,1020.3
2018-03-30 00:00:00,3.0,35,9.4,0.0,1020.4
2018-03-30 01:00:00,2.0,39,9.6,0.0,1020.3
2018-03-30 02:00:00,1.2,44,10.0,0.0,1019.8
2018-03-30 03:00:00,0.8,47,10.8,0.0,1019.1
2018-03-30 04:00:00,0.5,48,11.9,0.0,1018.7
2018-03-30 05:00:00,0.2,49,11.5,0.0,1018.5
2018-03-30 06:00:00,-0.2,52,10.5,5.0,1018.5
2018-03-30 07:00:00,1.6,47,8.6,97.0,1018.9
2018-03-30 08:00:00,5.0,38,8.0,267.0,1018.9
2018-03-30 09:00:00,8.1,31,5.4,400.0,1019.1
2018-03-30 10:00:00,10.6,26,4.2,476.0,1018.8
2018-03-30 11:00:00,12.8,18,2.5,658.0,1017.7
2018-03-30 12:00:00,13.5,16,0.8,489.0,1017.0
2018-03-30 13:00:00,14.2,15,2.5,495.0,1015.5
2018-03-30 14:00:00,15.6,15,4.8,651.0,1014.2
2018-03-30 15:00:00,16.2,15,6.8,524.0,1013.2
2018-03-30 16:00:00,16.5,15,10.0,356.0,1012.7
2018-03-30 17:00:00,15.6,19,8.7,160.0,1011.7
2018-03-30 18:00:00,13.6,26,10.1,42.0,1011.0
2018-03-30 19:00:00,11.5,33,11.9,0.0,1010.8
2018-03-30 20:00:00,10.7,30,14.3,0.0,1010.9
2018-03-30 21:00:00,11.8,23,14.7,0.0,1010.8
2018-03-30 22:00:00,11.1,23,14.2,0.0,1010.7
2018-03-30 23:00:00,10.3,26,10.3,0.0,1010.8
2018-03-31 00:00:00,9.3,31,9.7,0.0,1010.3
2018-03-31 01:00:00,9.0,41,11.3,0.0,1009.5
2018-03-31 02:00:00,9.1,42,12.6,0.0,1008.9
2018-03-31 03:00:00,8.8,39,12.2,0.0,1008.2
2018-03-31 04:00:00,8.7,35,13.6,0.0,1008.0
2018-03-31 05:00:00,8.9,32,13.8,0.0,1007.8
2018-03-31 06:00:00,9.1,33,13.7,1.0,1008.1
2018-03-31 07:00:00,9.8,34,15.8,42.0,1008.0
2018-03-31 08:00:00,10.1,44,17.1,119.0,1008.2
2018-03-31 09:00:00,11.6,41,21.6,229.0,1008.2
2018-03-31 10:00:00,12.8,38,20.1,374.0,1008.3
2018-03-31 11:00:00,13.3,37,16.7,361.0,1007.8
2018-03-31 12:00:00,15.1,32,15.4,528.0,1007.2
2018-03-31 13:00:00,16.7,30,14.9,631.0,1006.5
2018-03-31 14:00:00,17.6,31,15.3,621.0,1005.5
2018-03-31 15:00:00,18.0,31,15.0,531.0,1004.8
2018-03-31 16:00:00,18.1,31,14.2,379.0,1004.6
2018-03-31 17:00:00,17.2,35,9.3,204.0,1004.8
2018-03-31 18:00:00,14.3,48,11.3,56.0,1004.9
2018-03-31 19:00:00,12.3,52,13.8,0.0,1005.8
2018-03-31 20:00:00,10.8,60,10.0,0.0,1006.6
2018-03-31 21:00:00,11.0,59,10.2,0.0,1007.1
2018-03-31 22:00:00,10.0,67,10.3,0.0,1007.2
2018-03-31 23:00:00,9.3,73,12.0,0.0,1007.5
2018-04-01 00:00:00,8.1,79,10.8,0.0,1006.9
2018-04-01 01:00:00,7.3,83,9.4,0.0,1006.7
2018-04-01 02:00:00,6.5,87,8.6,0.0,1006.4
2018-04-01 03:00:00,6.0,88,10.1,0.0,1006.4
2018-04-01 04:00:00,5.8,88,11.1,0.0,1006.3
2018-04-01 05:00:00,5.6,87,12.6,0.0,1005.9
2018-04-01 06:00:00,5.5,86,12.6,6.0,1005.7
2018-04-01 07:00:00,7.1,78,11.9,96.0,1005.6
2018-04-01 08:00:00,10.0,65,15.2,255.0,1005.8
2018-04-01 09:00:00,12.8,57,17.0,422.0,1005.8
2018-04-01 10:00:00,15.6,49,19.0,574.0,1005.1
2018-04-01 11:00:00,17.8,44,22.2,680.0,1004.3
2018-04-01 12:00:00,19.5,41,24.9,713.0,1003.2
2018-04-01 13:00:00,20.7,38,27.4,717.0,1001.8
2018-04-01 14:00:00,21.1,37,28.1,631.0,1000.9
2018-04-01 15:00:00,20.9,38,29.5,507.0,1000.0
2018-04-01 16:00:00,19.7,41,29.2,367.0,999.4
2018-04-01 17:00:00,18.1,47,27.0,195.0,999.2
2018-04-01 18:00:00,15.8,54,27.4,51.0,999.6
2018-04-01 19:00:00,13.7,63,26.0,0.0,1000.0
2018-04-01 20:00:00,12.3,68,23.5,0.0,1000.9
2018-04-01 21:00:00,12.1,69,23.9,0.0,1001.2
2018-04-01 22:00:00,11.2,73,24.9,0.0,1000.3
2018-04-01 23:00:00,11.0,74,24.8,0.0,1000.2
2018-04-02 00:00:00,10.9,75,23.9,0.0,999.9
2018-04-02 01:00:00,10.6,77,23.2,0.0,999.6
2018-04-02 02:00:00,10.4,77,22.0,0.0,999.5
2018-04-02 03:00:00,10.2,78,21.9,0.0,999.1
2018-04-02 04:00:00,10.2,79,22.6,0.0,999.2
2018-04-02 05:00:00,10.2,79,23.5,0.0,999.3
2018-04-02 06:00:00,10.1,79,23.9,5.0,999.7
2018-04-02 07:00:00,11.3,74,22.5,70.0,1000.1
2018-04-02 08:00:00,13.1,65,24.8,193.0,999.9
2018-04-02 09:00:00,15.9,56,21.5,326.0,1000.8
2018-04-02 10:00:00,18.5,50,23.3,532.0,1001.3
2018-04-02 11:00:00,20.7,47,24.4,662.0,1001.2
2018-04-02 12:00:00,22.4,45,25.8,690.0,1000.7
2018-04-02 13:00:00,23.5,47,30.1,634.0,1000.5
2018-04-02 14:00:00,21.1,55,28.2,355.0,1000.3
2018-04-02 15:00:00,19.4,60,22.0,167.0,1001.0
2018-04-02 16:00:00,19.5,56,11.2,125.0,1001.7
2018-04-02 17:00:00,19.3,55,1.4,80.0,1002.5
2018-04-02 18:00:00,17.8,37,17.5,28.0,1004.1
2018-04-02 19:00:00,16.1,34,22.7,0.0,1005.8
2018-04-02 20:00:00,12.3,25,27.0,0.0,1008.8
2018-04-02 21:00:00,11.8,24,26.4,0.0,1009.9
2018-04-02 22:00:00,10.8,22,26.0,0.0,1010.9
2018-04-02 23:00:00,9.7,23,24.5,0.0,1011.8
2018-04-03 00:00:00,8.8,26,23.6,0.0,1012.8
2018-04-03 01:00:00,8.4,24,21.1,0.0,1012.9
2018-04-03 02:00:00,8.1,20,21.9,0.0,1013.3
2018-04-03 03:00:00,7.5,15,25.1,0.0,1013.6
2018-04-03 04:00:00,6.5,16,25.1,0.0,1014.6
2018-04-03 05:00:00,6.0,18,26.5,0.0,1015.7
2018-04-03 06:00:00,5.6,18,27.0,2.0,1016.9
2018-04-03 07:00:00,5.3,18,24.1,18.0,1017.7
2018-04-03 08:00:00,5.0,16,28.4,70.0,1018.5
2018-04-03 09:00:00,5.4,16,27.8,131.0,1019.2
2018-04-03 10:00:00,6.2,16,26.6,227.0,1019.4
2018-04-03 11:00:00,6.7,15,25.8,252.0,1018.9
2018-04-03 12:00:00,7.8,13,26.5,386.0,1018.1
2018-04-03 13:00:00,7.9,12,26.6,295.0,1017.4
2018-04-03 14:00:00,7.6,12,25.1,234.0,1017.2
2018-04-03 15:00:00,6.9,14,20.6,92.0,1017.3
2018-04-03 16:00:00,7.1,14,16.8,84.0,1017.5
2018-04-03 17:00:00,7.1,15,11.6,47.0,1017.5
2018-04-03 18:00:00,6.6,14,14.0,13.0,1017.6
2018-04-03 19:00:00,6.1,15,12.5,0.0,1018.1
2018-04-03 20:00:00,5.0,19,10.1,0.0,1018.5
2018-04-03 21:00:00,4.8,19,10.4,0.0,1018.6
2018-04-03 22:00:00,4.5,18,13.7,0.0,1018.8
2018-04-03 23:00:00,4.1,17,15.7,0.0,1019.0
2018-04-04 00:00:00,3.4,17,14.5,0.0,1019.3
2018-04-04 01:00:00,2.6,18,14.8,0.0,1019.1
2018-04-04 02:00:00,0.8,21,14.2,0.0,1019.2
2018-04-04 03:00:00,0.0,21,15.2,0.0,1019.6
2018-04-04 04:00:00,-0.6,21,16.9,0.0,1019.9
2018-04-04 05:00:00,-0.9,22,18.2,0.0,1020.2
2018-04-04 06:00:00,-1.1,23,19.7,11.0,1020.2
2018-04-04 07:00:00,0.2,21,20.8,120.0,1020.6
2018-04-04 08:00:00,2.3,22,22.2,301.0,1021.4
2018-04-04 09:00:00,4.4,19,22.7,485.0,1021.9
2018-04-04 10:00:00,6.1,15,24.5,641.0,1022.1
2018-04-04 11:00:00,7.1,13,24.1,751.0,1021.2
2018-04-04 12:00:00,7.8,11,24.0,783.0,1020.7
2018-04-04 13:00:00,8.2,11,22.9,760.0,1019.5
2018-04-04 14:00:00,8.2,11,21.1,645.0,1018.8
2018-04-04 15:00:00,8.2,11,20.6,570.0,1018.3
2018-04-04 16:00:00,7.5,12,20.6,277.0,1017.7
2018-04-04 17:00:00,6.9,13,19.0,155.0,1017.7
2018-04-04 18:00:00,5.8,16,16.9,43.0,1017.8
2018-04-04 19:00:00,4.9,17,16.9,1.0,1018.5
2018-04-04 20:00:00,4.5,18,15.9,0.0,1017.8
2018-04-04 21:00:00,4.3,20,14.5,0.0,1017.8
2018-04-04 22:00:00,3.8,22,15.5,0.0,1016.9
2018-04-04 23:00:00,3.5,23,13.7,0.0,1017.1
2018-04-05 00:00:00,3.2,23,14.1,0.0,1017.2
2018-04-05 01:00:00,3.0,22,14.3,0.0,1017.1
2018-04-05 02:00:00,2.8,23,14.5,0.0,1015.9
2018-04-05 03:00:00,2.5,25,14.4,0.0,1015.4
2018-04-05 04:00:00,2.1,29,13.4,0.0,1014.7
2018-04-05 05:00:00,1.5,36,10.9,0.0,1014.5
2018-04-05 06:00:00,1.0,46,10.3,3.0,1013.7
2018-04-05 07:00:00,0.9,57,9.7,33.0,1013.7
2018-04-05 08:00:00,1.1,70,9.8,64.0,1012.7
2018-04-05 09:00:00,1.9,72,7.6,143.0,1012.3
2018-04-05 10:00:00,2.2,75,9.0,104.0,1011.5
2018-04-05 11:00:00,2.5,77,10.0,126.0,1010.5
2018-04-05 12:00:00,3.5,75,11.1,190.0,1009.7
2018-04-05 13:00:00,4.0,74,10.9,146.0,1009.0
2018-04-05 14:00:00,4.9,68,10.7,159.0,1008.3
2018-04-05 15:00:00,6.0,60,11.5,165.0,1007.4
2018-04-05 16:00:00,6.7,54,15.5,111.0,1006.8
2018-04-05 17:00:00,6.5,56,11.8,58.0,1006.5
2018-04-05 18:00:00,5.9,61,6.1,15.0,1006.4
2018-04-05 19:00:00,5.1,67,5.8,0.0,1006.7
2018-04-05 20:00:00,2.2,74,11.3,0.0,1006.3
2018-04-05 21:00:00,2.1,75,11.8,0.0,1005.8
2018-04-05 22:00:00,1.6,80,11.8,0.0,1005.8
2018-04-05 23:00:00,0.7,86,7.2,0.0,1005.7
2018-04-06 00:00:00,0.7,88,4.4,0.0,1005.5
2018-04-06 01:00:00,1.2,82,1.1,0.0,1005.1
2018-04-06 02:00:00,0.8,86,8.0,0.0,1004.9
2018-04-06 03:00:00,0.8,85,9.8,0.0,1004.3
2018-04-06 04:00:00,0.6,89,13.2,0.0,1004.0
2018-04-06 05:00:00,0.5,89,15.3,0.0,1003.8
2018-04-06 06:00:00,0.5,85,17.2,4.0,1004.2
2018-04-06 07:00:00,0.5,81,20.7,35.0,1004.5
2018-04-06 08:00:00,-0.3,61,26.0,84.0,1005.4
2018-04-06 09:00:00,0.6,47,30.1,121.0,1005.4
2018-04-06 10:00:00,2.1,43,31.6,263.0,1005.8
2018-04-06 11:00:00,3.6,31,32.4,413.0,1005.9
2018-04-06 12:00:00,4.1,26,30.9,402.0,1005.7
2018-04-06 13:00:00,5.6,18,29.7,458.0,1005.2
2018-04-06 14:00:00,6.6,16,30.0,526.0,1004.9
2018-04-06 15:00:00,6.8,15,30.3,447.0,1005.1
2018-04-06 16:00:00,6.5,14,30.6,301.0,1005.3
2018-04-06 17:00:00,5.9,14,27.1,181.0,1005.6
2018-04-06 18:00:00,4.4,16,23.5,59.0,1006.4
2018-04-06 19:00:00,3.2,18,21.5,1.0,1007.3
2018-04-06 20:00:00,1.7,25,13.1,0.0,1009.1
2018-04-06 21:00:00,0.5,33,10.0,0.0,1008.8
2018-04-06 22:00:00,-1.0,35,10.7,0.0,1009.1
2018-04-06 23:00:00,-2.1,40,9.5,0.0,1008.8
2018-04-07 00:00:00,-2.8,41,9.8,0.0,1008.5
2018-04-07 01:00:00,-3.2,41,9.9,0.0,1008.0
2018-04-07 02:00:00,-3.0,34,11.9,0.0,1007.3
2018-04-07 03:00:00,-2.7,28,13.0,0.0,1006.8
2018-04-07 04:00:00,-2.7,27,13.2,0.0,1006.6
2018-04-07 05:00:00,-2.3,25,15.3,0.0,1006.7
2018-04-07 06:00:00,-1.7,24,15.8,15.0,1007.2
2018-04-07 07:00:00,0.3,22,14.0,131.0,1007.5
2018-04-07 08:00:00,1.8,24,17.9,311.0,1007.6
2018-04-07 09:00:00,3.3,23,19.5,499.0,1007.2
2018-04-07 10:00:00,4.7,20,20.2,655.0,1006.7
2018-04-07 11:00:00,5.5,16,22.1,682.0,1006.2
2018-04-07 12:00:00,5.6,16,22.1,573.0,1005.6
2018-04-07 13:00:00,6.3,14,20.1,645.0,1004.9
2018-04-07 14:00:00,6.0,15,20.2,453.0,1004.6
2018-04-07 15:00:00,6.8,14,20.4,486.0,1003.8
2018-04-07 16:00:00,6.6,15,20.7,303.0,1003.6
2018-04-07 17:00:00,5.9,18,14.0,136.0,1003.6
2018-04-07 18:00:00,3.9,27,11.2,73.0,1003.8
2018-04-07 19:00:00,1.6,32,13.0,2.0,1003.8
2018-04-07 20:00:00,0.1,34,13.2,0.0,1004.6
2018-04-07 21:00:00,0.4,33,13.5,0.0,1004.6
2018-04-07 22:00:00,-0.2,33,14.1,0.0,1004.4
2018-04-07 23:00:00,-1.0,35,13.8,0.0,1004.4
2018-04-08 00:00:00,-1.7,45,14.8,0.0,1004.7
2018-04-08 01:00:00,-2.2,66,13.4,0.0,1004.5
2018-04-08 02:00:00,-2.4,80,13.7,0.0,1004.0
2018-04-08 03:00:00,-2.4,86,13.0,0.0,1003.8
2018-04-08 04:00:00,-2.4,86,12.2,0.0,1003.4
2018-04-08 05:00:00,-2.1,83,11.3,0.0,1003.2
2018-04-08 06:00:00,-0.9,74,9.7,13.0,1003.5
2018-04-08 07:00:00,0.8,61,9.9,81.0,1003.9
2018-04-08 08:00:00,2.4,49,13.2,175.0,1004.3
2018-04-08 09:00:00,4.2,48,13.8,301.0,1004.3
2018-04-08 10:00:00,6.4,47,12.7,532.0,1004.0
2018-04-08 11:00:00,8.3,37,11.0,702.0,1003.8
2018-04-08 12:00:00,9.6,25,11.9,766.0,1003.3
2018-04-08 13:00:00,10.5,20,13.9,786.0,1003.0
2018-04-08 14:00:00,11.3,16,16.8,715.0,1002.9
2018-04-08 15:00:00,12.1,14,15.6,478.0,1001.8
2018-04-08 16:00:00,11.7,16,16.6,404.0,1001.7
2018-04-08 17:00:00,10.3,21,12.2,240.0,1001.8
2018-04-08 18:00:00,9.3,21,1.4,76.0,1002.2
2018-04-08 19:00:00,6.3,36,12.3,2.0,1002.6
2018-04-08 20:00:00,3.9,45,11.2,0.0,1003.7
2018-04-08 21:00:00,4.5,38,13.7,0.0,1004.3
2018-04-08 22:00:00,3.7,41,16.5,0.0,1004.8
2018-04-08 23:00:00,2.6,48,15.6,0.0,1005.2
2018-04-09 00:00:00,1.8,53,15.1,0.0,1005.6
2018-04-09 01:00:00,1.4,57,15.3,0.0,1005.9
2018-04-09 02:00:00,1.0,61,15.1,0.0,1006.2
2018-04-09 03:00:00,0.6,66,14.0,0.0,1006.1
2018-04-09 04:00:00,0.5,72,13.7,0.0,1006.4
2018-04-09 05:00:00,0.6,74,13.2,0.0,1006.7
2018-04-09 06:00:00,1.1,74,13.2,16.0,1007.2
2018-04-09 07:00:00,3.4,65,13.0,124.0,1007.4
2018-04-09 08:00:00,5.6,61,17.3,270.0,1007.6
2018-04-09 09:00:00,7.8,56,19.1,401.0,1007.5
2018-04-09 10:00:00,10.2,47,20.6,545.0,1007.2
2018-04-09 11:00:00,12.3,37,22.3,645.0,1006.6
2018-04-09 12:00:00,13.7,30,22.5,665.0,1005.9
2018-04-09 13:00:00,15.2,26,22.7,718.0,1005.1
2018-04-09 14:00:00,15.8,24,22.3,526.0,1004.1
2018-04-09 15:00:00,16.5,23,21.5,440.0,1003.0
2018-04-09 16:00:00,16.7,23,20.1,287.0,1002.5
2018-04-09 17:00:00,14.1,33,25.0,145.0,1002.3
2018-04-09 18:00:00,11.9,35,23.9,57.0,1002.6
2018-04-09 19:00:00,10.2,36,22.0,2.0,1002.4
2018-04-09 20:00:00,9.1,40,19.6,0.0,1002.6
2018-04-09 21:00:00,8.6,39,19.4,0.0,1002.3
2018-04-09 22:00:00,8.3,37,19.9,0.0,1001.8
2018-04-09 23:00:00,8.1,36,20.6,0.0,1001.5
2018-04-10 00:00:00,7.9,36,20.9,0.0,1000.8
2018-04-10 01:00:00,7.7,38,22.3,0.0,999.8
2018-04-10 02:00:00,7.5,43,22.0,0.0,998.5
2018-04-10 03:00:00,7.0,53,22.0,0.0,997.5
2018-04-10 04:00:00,7.2,53,22.3,0.0,996.7
2018-04-10 05:00:00,7.5,51,25.2,0.0,995.5
2018-04-10 06:00:00,7.7,54,26.3,16.0,994.9
2018-04-10 07:00:00,9.3,52,24.5,117.0,994.2
2018-04-10 08:00:00,10.7,51,28.9,239.0,993.5
2018-04-10 09:00:00,10.8,62,28.1,342.0,992.5
2018-04-10 10:00:00,11.1,67,27.5,285.0,991.6
2018-04-10 11:00:00,12.2,68,25.9,438.0,991.6
2018-04-10 12:00:00,12.8,70,19.1,279.0,990.5
2018-04-10 13:00:00,13.0,74,22.0,333.0,989.7
2018-04-10 14:00:00,14.0,71,26.7,452.0,989.3
2018-04-10 15:00:00,13.2,73,24.1,232.0,988.5
2018-04-10 16:00:00,13.3,73,23.5,287.0,988.5
2018-04-10 17:00:00,12.4,80,18.6,141.0,988.3
2018-04-10 18:00:00,11.8,83,14.8,54.0,989.3
2018-04-10 19:00:00,10.5,59,29.4,2.0,991.4
2018-04-10 20:00:00,9.0,63,22.8,0.0,994.4
2018-04-10 21:00:00,7.9,67,21.9,0.0,995.6
2018-04-10 22:00:00,6.7,73,15.7,0.0,996.5
2018-04-10 23:00:00,6.9,74,12.9,0.0,997.2
2018-04-11 00:00:00,6.1,79,11.6,0.0,997.9
2018-04-11 01:00:00,5.2,81,13.7,0.0,998.1
2018-04-11 02:00:00,5.0,65,14.6,0.0,998.4
2018-04-11 03:00:00,5.1,41,15.9,0.0,999.2
2018-04-11 04:00:00,4.4,42,15.7,0.0,1000.1
2018-04-11 05:00:00,3.4,45,14.8,0.0,1001.1
2018-04-11 06:00:00,3.5,46,12.8,20.0,1001.8
2018-04-11 07:00:00,5.9,42,11.4,142.0,1002.4
2018-04-11 08:00:00,8.9,35,12.6,317.0,1002.8
2018-04-11 09:00:00,11.3,30,15.2,494.0,1002.5
2018-04-11 10:00:00,13.2,25,18.5,645.0,1002.4
2018-04-11 11:00:00,14.1,24,18.7,747.0,1002.0
2018-04-11 12:00:00,14.9,24,20.7,795.0,1001.4
2018-04-11 13:00:00,16.3,22,27.8,787.0,1000.7
2018-04-11 14:00:00,16.1,22,34.5,351.0,1000.0
2018-04-11 15:00:00,16.1,22,28.3,259.0,999.2
2018-04-11 16:00:00,16.0,21,26.1,287.0,999.1
2018-04-11 17:00:00,14.8,26,21.1,228.0,999.5
2018-04-11 18:00:00,12.1,29,22.3,80.0,1000.8
2018-04-11 19:00:00,10.7,28,21.4,3.0,1002.0
2018-04-11 20:00:00,9.5,30,18.2,0.0,1002.9
2018-04-11 21:00:00,9.7,26,20.5,0.0,1003.7
2018-04-11 22:00:00,8.0,30,15.9,0.0,1004.5
2018-04-11 23:00:00,5.7,40,11.8,0.0,1005.2
2018-04-12 00:00:00,4.4,44,11.0,0.0,1006.2
2018-04-12 01:00:00,3.6,43,11.6,0.0,1006.6
2018-04-12 02:00:00,2.9,43,12.1,0.0,1007.0
2018-04-12 03:00:00,2.6,41,12.7,0.0,1007.8
2018-04-12 04:00:00,2.3,40,13.0,0.0,1008.5
2018-04-12 05:00:00,2.3,37,14.1,0.0,1009.3
2018-04-12 06:00:00,3.4,34,14.9,22.0,1010.1
2018-04-12 07:00:00,6.0,31,14.3,146.0,1011.3
2018-04-12 08:00:00,8.3,27,17.8,326.0,1011.4
2018-04-12 09:00:00,10.2,23,20.9,505.0,1012.2
2018-04-12 10:00:00,11.6,22,23.6,657.0,1012.3
2018-04-12 11:00:00,12.6,20,24.6,764.0,1012.4
2018-04-12 12:00:00,13.3,20,23.9,814.0,1012.3
2018-04-12 13:00:00,14.0,19,23.1,800.0,1012.6
2018-04-12 14:00:00,14.3,18,22.3,726.0,1012.4
2018-04-12 15:00:00,14.6,18,20.9,598.0,1012.6
2018-04-12 16:00:00,14.5,18,19.9,430.0,1012.9
2018-04-12 17:00:00,13.4,25,13.6,246.0,1013.4
2018-04-12 18:00:00,9.9,43,11.2,84.0,1014.0
2018-04-12 19:00:00,7.1,57,8.4,3.0,1014.9
2018-04-12 20:00:00,7.2,47,12.4,0.0,1015.5
2018-04-12 21:00:00,7.7,45,13.1,0.0,1016.1
2018-04-12 22:00:00,6.0,55,10.9,0.0,1016.8
2018-04-12 23:00:00,4.8,58,11.9,0.0,1017.5
2018-04-13 00:00:00,4.3,61,11.9,0.0,1018.1
2018-04-13 01:00:00,4.0,61,11.9,0.0,1017.6
2018-04-13 02:00:00,3.3,68,8.8,0.0,1017.6
2018-04-13 03:00:00,2.6,72,7.9,0.0,1018.0
2018-04-13 04:00:00,2.4,71,8.9,0.0,1018.0
2018-04-13 05:00:00,2.3,70,10.9,0.0,1018.1
2018-04-13 06:00:00,3.4,66,7.8,19.0,1018.6
2018-04-13 07:00:00,5.5,57,6.6,113.0,1019.4
2018-04-13 08:00:00,7.6,51,9.4,208.0,1018.2
2018-04-13 09:00:00,10.1,44,9.8,287.0,1018.0
2018-04-13 10:00:00,12.7,38,13.0,406.0,1017.6
2018-04-13 11:00:00,14.4,32,15.2,449.0,1017.3
2018-04-13 12:00:00,15.6,27,16.2,532.0,1016.1
2018-04-13 13:00:00,16.3,26,15.6,531.0,1015.0
2018-04-13 14:00:00,15.9,27,16.5,315.0,1014.1
2018-04-13 15:00:00,15.4,28,18.1,224.0,1013.6
2018-04-13 16:00:00,14.1,33,17.1,139.0,1013.3
2018-04-13 17:00:00,13.1,36,19.5,55.0,1013.8
2018-04-13 18:00:00,11.5,39,20.0,16.0,1013.9
2018-04-13 19:00:00,9.4,54,18.9,1.0,1013.7
2018-04-13 20:00:00,10.5,48,19.8,0.0,1012.6
2018-04-13 21:00:00,9.7,58,22.2,0.0,1012.2
2018-04-13 22:00:00,7.5,78,19.3,0.0,1011.9
2018-04-13 23:00:00,7.0,84,17.4,0.0,1010.9
2018-04-14 00:00:00,6.7,88,15.6,0.0,1009.7
2018-04-14 01:00:00,6.5,89,16.6,0.0,1008.6
2018-04-14 02:00:00,6.5,90,19.5,0.0,1007.5
2018-04-14 03:00:00,6.5,90,24.5,0.0,1006.5
2018-04-14 04:00:00,6.9,86,24.5,0.0,1005.4
2018-04-14 05:00:00,6.6,84,24.7,0.0,1004.4
2018-04-14 06:00:00,6.2,85,22.9,3.0,1003.9
2018-04-14 07:00:00,6.1,87,23.8,18.0,1003.1
2018-04-14 08:00:00,6.3,92,21.8,46.0,1002.5
2018-04-14 09:00:00,7.5,84,26.5,130.0,1002.1
2018-04-14 10:00:00,9.8,64,22.1,309.0,1001.5
2018-04-14 11:00:00,11.4,50,20.9,534.0,1001.1
2018-04-14 12:00:00,13.0,31,20.0,591.0,999.8
2018-04-14 13:00:00,13.5,30,26.1,504.0,999.1
2018-04-14 14:00:00,13.1,33,30.4,484.0,998.8
2018-04-14 15:00:00,13.0,31,26.0,257.0,998.5
2018-04-14 16:00:00,12.4,35,24.1,198.0,998.7
2018-04-14 17:00:00,11.9,38,18.4,113.0,999.2
2018-04-14 18:00:00,10.5,49,24.8,43.0,1000.3
2018-04-14 19:00:00,8.5,67,16.1,2.0,1001.1
2018-04-14 20:00:00,7.7,68,23.4,0.0,1003.3
2018-04-14 21:00:00,6.8,75,21.9,0.0,1003.8
2018-04-14 22:00:00,6.3,77,22.7,0.0,1004.3
2018-04-14 23:00:00,6.0,74,20.0,0.0,1005.0
2018-04-15 00:00:00,5.4,74,18.2,0.0,1005.4
2018-04-15 01:00:00,4.7,73,15.9,0.0,1005.7
2018-04-15 02:00:00,4.6,68,16.3,0.0,1005.9
2018-04-15 03:00:00,3.9,62,14.7,0.0,1006.0
2018-04-15 04:00:00,2.7,65,12.3,0.0,1006.5
2018-04-15 05:00:00,1.9,68,10.9,0.0,1007.0
2018-04-15 06:00:00,2.9,66,10.0,24.0,1007.7
2018-04-15 07:00:00,5.3,61,10.2,112.0,1008.1
2018-04-15 08:00:00,7.2,57,16.4,318.0,1008.8
2018-04-15 09:00:00,8.9,48,18.0,483.0,1009.0
2018-04-15 10:00:00,10.3,40,18.3,645.0,1009.2
2018-04-15 11:00:00,11.6,32,19.8,753.0,1008.9
2018-04-15 12:00:00,12.7,26,22.1,802.0,1008.3
2018-04-15 13:00:00,13.4,23,22.1,708.0,1007.9
2018-04-15 14:00:00,13.5,22,21.9,554.0,1007.7
2018-04-15 15:00:00,13.5,21,20.3,493.0,1007.5
2018-04-15 16:00:00,13.5,21,16.2,433.0,1007.6
2018-04-15 17:00:00,12.7,28,10.7,250.0,1007.7
2018-04-15 18:00:00,9.8,51,5.9,89.0,1008.0
2018-04-15 19:00:00,10.7,29,1.3,5.0,1008.5
2018-04-15 20:00:00,6.7,56,10.0,0.0,1009.1
2018-04-15 21:00:00,6.1,58,9.6,0.0,1009.3
2018-04-15 22:00:00,4.9,60,9.7,0.0,1009.3
2018-04-15 23:00:00,3.8,60,10.8,0.0,1009.7
2018-04-16 00:00:00,3.4,57,13.5,0.0,1010.1
2018-04-16 01:00:00,3.1,57,14.7,0.0,1010.2
2018-04-16 02:00:00,2.6,68,14.2,0.0,1010.2
2018-04-16 03:00:00,2.4,77,13.8,0.0,1010.2
2018-04-16 04:00:00,2.3,76,13.7,0.0,1009.8
2018-04-16 05:00:00,2.4,68,14.0,0.0,1009.7
2018-04-16 06:00:00,3.7,57,14.8,29.0,1009.6
2018-04-16 07:00:00,6.7,46,15.9,155.0,1009.7
2018-04-16 08:00:00,10.4,35,22.7,330.0,1009.4
2018-04-16 09:00:00,13.2,29,28.9,506.0,1008.8
2018-04-16 10:00:00,15.2,27,33.0,655.0,1008.3
2018-04-16 11:00:00,16.7,27,34.3,758.0,1007.9
2018-04-16 12:00:00,18.0,26,35.5,804.0,1007.1
2018-04-16 13:00:00,18.6,26,36.4,790.0,1006.5
2018-04-16 14:00:00,19.0,25,37.1,717.0,1005.8
2018-04-16 15:00:00,18.8,25,36.9,593.0,1005.1
2018-04-16 16:00:00,18.1,26,34.9,430.0,1005.0
2018-04-16 17:00:00,16.4,28,34.6,249.0,1005.1
2018-04-16 18:00:00,14.9,30,34.1,89.0,1005.3
2018-04-16 19:00:00,13.9,32,31.2,5.0,1006.3
2018-04-16 20:00:00,12.4,40,27.2,0.0,1006.9
2018-04-16 21:00:00,11.9,39,27.9,0.0,1007.3
2018-04-16 22:00:00,11.3,37,27.6,0.0,1007.4
2018-04-16 23:00:00,10.5,38,25.6,0.0,1007.8
2018-04-17 00:00:00,9.7,39,23.7,0.0,1007.7
2018-04-17 01:00:00,8.9,40,22.7,0.0,1007.5
2018-04-17 02:00:00,8.2,41,21.3,0.0,1007.3
2018-04-17 03:00:00,7.9,42,21.3,0.0,1007.5
2018-04-17 04:00:00,7.9,44,22.9,0.0,1007.5
2018-04-17 05:00:00,8.0,46,24.4,0.0,1007.5
2018-04-17 06:00:00,8.6,46,25.1,29.0,1007.4
2018-04-17 07:00:00,10.4,43,22.6,151.0,1007.8
2018-04-17 08:00:00,12.8,38,27.5,327.0,1007.0
2018-04-17 09:00:00,15.5,30,33.4,502.0,1006.6
2018-04-17 10:00:00,17.9,26,36.9,648.0,1006.4
2018-04-17 11:00:00,19.6,26,38.5,748.0,1005.8
2018-04-17 12:00:00,20.7,29,40.1,792.0,1005.2
2018-04-17 13:00:00,21.1,28,41.4,775.0,1004.6
2018-04-17 14:00:00,21.1,29,42.1,700.0,1004.2
2018-04-17 15:00:00,20.9,30,41.8,575.0,1003.2
2018-04-17 16:00:00,20.1,32,35.7,409.0,1003.7
2018-04-17 17:00:00,18.8,34,30.7,241.0,1003.7
2018-04-17 18:00:00,16.6,42,24.7,82.0,1004.0
2018-04-17 19:00:00,13.9,38,25.6,4.0,1004.4
2018-04-17 20:00:00,12.4,32,27.1,0.0,1005.1
2018-04-17 21:00:00,11.9,32,25.6,0.0,1005.2
2018-04-17 22:00:00,10.9,33,22.7,0.0,1005.1
2018-04-17 23:00:00,10.2,36,19.0,0.0,1005.4
2018-04-18 00:00:00,9.5,41,16.5,0.0,1005.9
2018-04-18 01:00:00,8.7,46,15.6,0.0,1005.8
2018-04-18 02:00:00,8.2,50,15.5,0.0,1005.4
2018-04-18 03:00:00,7.8,54,15.5,0.0,1005.3
2018-04-18 04:00:00,7.6,57,15.5,0.0,1005.2
2018-04-18 05:00:00,7.6,60,15.5,0.0,1005.0
2018-04-18 06:00:00,8.5,60,16.6,26.0,1005.4
2018-04-18 07:00:00,10.1,58,16.2,123.0,1005.5
2018-04-18 08:00:00,12.1,52,20.4,280.0,1005.7
2018-04-18 09:00:00,14.2,48,22.2,398.0,1005.5
2018-04-18 10:00:00,16.5,44,25.1,569.0,1004.6
2018-04-18 11:00:00,18.0,42,26.6,576.0,1003.9
2018-04-18 12:00:00,18.8,42,27.3,533.0,1003.3
2018-04-18 13:00:00,19.1,43,29.0,561.0,1002.5
2018-04-18 14:00:00,18.5,45,30.3,452.0,1001.7
2018-04-18 15:00:00,18.6,46,28.3,400.0,1000.8
2018-04-18 16:00:00,18.5,45,29.7,315.0,999.8
2018-04-18 17:00:00,17.5,48,32.0,192.0,998.8
2018-04-18 18:00:00,16.0,50,29.9,77.0,998.4
2018-04-18 19:00:00,14.3,54,26.4,5.0,999.6
2018-04-18 20:00:00,13.8,54,27.8,0.0,999.6
2018-04-18 21:00:00,13.0,56,30.0,0.0,999.4
2018-04-18 22:00:00,12.3,58,28.6,0.0,999.8
2018-04-18 23:00:00,12.1,58,26.1,0.0,1000.2
2018-04-19 00:00:00,11.6,59,22.0,0.0,1000.8
2018-04-19 01:00:00,11.0,62,20.1,0.0,1001.6
2018-04-19 02:00:00,10.1,66,17.9,0.0,1001.8
2018-04-19 03:00:00,9.4,71,14.8,0.0,1002.7
2018-04-19 04:00:00,8.7,74,12.8,0.0,1003.7
2018-04-19 05:00:00,8.0,79,12.4,0.0,1004.0
2018-04-19 06:00:00,8.5,78,10.5,34.0,1005.1
2018-04-19 07:00:00,10.6,70,8.7,160.0,1006.3
2018-04-19 08:00:00,13.6,60,9.0,335.0,1007.1
2018-04-19 09:00:00,16.1,48,7.9,510.0,1007.5
2018-04-19 10:00:00,18.0,39,7.9,657.0,1008.1
2018-04-19 11:00:00,19.5,35,6.9,757.0,1008.1
2018-04-19 12:00:00,20.7,33,5.4,801.0,1007.8
2018-04-19 13:00:00,21.6,31,4.4,779.0,1007.4
2018-04-19 14:00:00,22.1,30,2.5,702.0,1007.0
2018-04-19 15:00:00,22.4,29,1.5,571.0,1006.5
2018-04-19 16:00:00,22.4,29,2.4,381.0,1006.6
2018-04-19 17:00:00,21.9,31,5.6,201.0,1006.5
2018-04-19 18:00:00,19.9,44,9.8,81.0,1006.9
2018-04-19 19:00:00,17.2,53,9.4,7.0,1007.0
2018-04-19 20:00:00,15.7,54,9.1,0.0,1006.7
2018-04-19 21:00:00,14.8,57,10.3,0.0,1007.2
2018-04-19 22:00:00,13.4,59,12.8,0.0,1006.8
2018-04-19 23:00:00,12.8,65,13.9,0.0,1006.9
2018-04-20 00:00:00,12.6,73,13.6,0.0,1007.4
2018-04-20 01:00:00,12.0,76,13.4,0.0,1007.0
2018-04-20 02:00:00,11.8,73,14.0,0.0,1006.7
2018-04-20 03:00:00,11.7,69,14.4,0.0,1006.6
2018-04-20 04:00:00,11.7,68,15.7,0.0,1006.2
2018-04-20 05:00:00,11.9,74,16.6,0.0,1006.0
2018-04-20 06:00:00,13.0,73,18.4,32.0,1006.1
2018-04-20 07:00:00,15.2,62,18.0,147.0,1006.3
2018-04-20 08:00:00,17.4,53,25.7,319.0,1006.2
2018-04-20 09:00:00,20.3,42,28.7,489.0,1006.1
2018-04-20 10:00:00,22.3,36,31.5,630.0,1005.9
2018-04-20 11:00:00,23.9,33,32.3,731.0,1005.3
2018-04-20 12:00:00,25.1,30,33.2,782.0,1004.7
2018-04-20 13:00:00,26.0,28,33.8,773.0,1003.9
2018-04-20 14:00:00,26.3,25,34.7,703.0,1003.4
2018-04-20 15:00:00,25.6,25,34.8,583.0,1003.1
2018-04-20 16:00:00,24.2,24,34.3,426.0,1002.9
2018-04-20 17:00:00,22.1,27,32.7,253.0,1002.8
2018-04-20 18:00:00,19.5,33,29.6,96.0,1003.4
2018-04-20 19:00:00,17.1,39,28.5,7.0,1003.8
2018-04-20 20:00:00,15.5,40,27.6,0.0,1004.2
2018-04-20 21:00:00,14.8,39,26.4,0.0,1004.3
2018-04-20 22:00:00,14.1,38,25.0,0.0,1004.0
2018-04-20 23:00:00,13.5,39,24.1,0.0,1004.3
2018-04-21 00:00:00,13.0,41,23.5,0.0,1004.7
2018-04-21 01:00:00,12.4,44,22.1,0.0,1004.8
2018-04-21 02:00:00,11.6,49,15.1,0.0,1005.0
2018-04-21 03:00:00,10.7,52,14.6,0.0,1005.2
2018-04-21 04:00:00,10.5,53,16.3,0.0,1004.8
2018-04-21 05:00:00,9.5,57,9.2,0.0,1006.1
2018-04-21 06:00:00,10.4,55,8.2,37.0,1006.4
2018-04-21 07:00:00,12.3,49,7.2,162.0,1007.0
2018-04-21 08:00:00,13.9,45,6.6,330.0,1007.8
2018-04-21 09:00:00,15.3,42,6.8,364.0,1007.9
2018-04-21 10:00:00,17.0,38,5.8,595.0,1008.3
2018-04-21 11:00:00,18.0,40,9.4,613.0,1008.5
2018-04-21 12:00:00,18.4,46,8.1,511.0,1008.5
2018-04-21 13:00:00,18.9,49,11.3,334.0,1008.5
2018-04-21 14:00:00,15.3,60,27.4,238.0,1009.0
2018-04-21 15:00:00,13.7,66,25.2,216.0,1009.2
2018-04-21 16:00:00,11.6,77,24.5,62.0,1009.4
2018-04-21 17:00:00,10.6,83,24.8,23.0,1009.8
2018-04-21 18:00:00,9.9,86,24.7,7.0,1010.5
2018-04-21 19:00:00,9.5,87,22.5,0.0,1010.9
2018-04-21 20:00:00,9.5,88,19.1,0.0,1012.1
2018-04-21 21:00:00,9.8,86,16.8,0.0,1012.1
2018-04-21 22:00:00,9.6,87,18.7,0.0,1012.6
2018-04-21 23:00:00,9.4,88,19.7,0.0,1013.0
2018-04-22 00:00:00,9.4,87,19.3,0.0,1013.2
2018-04-22 01:00:00,9.6,88,17.9,0.0,1013.1
2018-04-22 02:00:00,9.7,87,18.6,0.0,1012.9
2018-04-22 03:00:00,9.5,86,20.9,0.0,1013.0
2018-04-22 04:00:00,9.3,84,21.2,0.0,1013.2
2018-04-22 05:00:00,8.9,83,20.5,0.0,1013.6
2018-04-22 06:00:00,8.6,83,20.6,3.0,1014.0
2018-04-22 07:00:00,8.4,84,20.9,13.0,1014.6
2018-04-22 08:00:00,9.3,84,19.5,22.0,1014.6
2018-04-22 09:00:00,10.0,83,16.8,71.0,1014.3
2018-04-22 10:00:00,10.9,80,18.0,111.0,1014.3
2018-04-22 11:00:00,11.6,79,17.4,111.0,1014.4
2018-04-22 12:00:00,11.8,78,15.9,84.0,1014.4
2018-04-22 13:00:00,11.5,82,13.5,48.0,1014.0
2018-04-22 14:00:00,11.6,83,12.8,41.0,1013.9
2018-04-22 15:00:00,11.4,85,12.7,19.0,1013.1
2018-04-22 16:00:00,11.3,86,12.2,20.0,1013.2
2018-04-22 17:00:00,11.1,87,13.7,12.0,1013.4
2018-04-22 18:00:00,10.9,86,15.4,5.0,1013.4
2018-04-22 19:00:00,10.5,86,13.8,1.0,1013.6
2018-04-22 20:00:00,11.3,81,14.8,0.0,1012.7
2018-04-22 21:00:00,12.0,75,12.7,0.0,1012.6
2018-04-22 22:00:00,11.9,74,10.0,0.0,1012.5
2018-04-22 23:00:00,11.4,77,7.7,0.0,1012.5
2018-04-23 00:00:00,10.2,80,8.2,0.0,1012.0
2018-04-23 01:00:00,9.8,79,8.4,0.0,1011.8
2018-04-23 02:00:00,9.3,78,9.1,0.0,1011.6
2018-04-23 03:00:00,8.9,75,9.0,0.0,1011.3
2018-04-23 04:00:00,8.1,82,6.1,0.0,1011.3
2018-04-23 05:00:00,8.2,81,3.8,0.0,1011.3
2018-04-23 06:00:00,8.3,82,0.5,13.0,1011.6
2018-04-23 07:00:00,9.3,73,4.9,82.0,1012.1
2018-04-23 08:00:00,10.8,65,4.2,183.0,1011.8
2018-04-23 09:00:00,11.9,51,10.9,225.0,1011.9
2018-04-23 10:00:00,12.4,43,9.4,267.0,1011.7
2018-04-23 11:00:00,13.4,41,7.6,391.0,1011.5
2018-04-23 12:00:00,14.2,40,9.8,464.0,1011.2
2018-04-23 13:00:00,14.1,40,13.0,335.0,1011.1
2018-04-23 14:00:00,13.7,40,16.2,310.0,1010.8
2018-04-23 15:00:00,12.7,44,20.2,253.0,1010.3
2018-04-23 16:00:00,10.7,60,16.9,91.0,1010.4
2018-04-23 17:00:00,9.2,77,11.1,26.0,1010.8
2018-04-23 18:00:00,8.8,85,6.6,8.0,1011.0
2018-04-23 19:00:00,8.6,88,5.1,1.0,1011.3
2018-04-23 20:00:00,8.6,90,6.7,0.0,1011.4
2018-04-23 21:00:00,8.9,89,9.0,0.0,1011.5
2018-04-23 22:00:00,8.9,88,9.5,0.0,1011.3
2018-04-23 23:00:00,8.9,88,8.3,0.0,1010.8
2018-04-24 00:00:00,8.9,88,5.8,0.0,1010.7
2018-04-24 01:00:00,9.0,87,2.9,0.0,1010.6
2018-04-24 02:00:00,9.1,86,1.5,0.0,1010.4
2018-04-24 03:00:00,8.9,87,5.4,0.0,1010.4
2018-04-24 04:00:00,8.8,86,4.3,0.0,1010.2
2018-04-24 05:00:00,7.9,87,4.4,0.0,1010.0
2018-04-24 06:00:00,8.7,73,6.6,18.0,1010.3
2018-04-24 07:00:00,9.7,64,8.3,97.0,1010.5
2018-04-24 08:00:00,12.2,48,14.2,300.0,1010.5
2018-04-24 09:00:00,14.4,41,15.7,516.0,1010.5
2018-04-24 10:00:00,16.5,38,16.3,662.0,1010.2
2018-04-24 11:00:00,18.2,33,18.4,766.0,1009.8
2018-04-24 12:00:00,19.6,28,22.3,815.0,1009.2
2018-04-24 13:00:00,20.6,24,22.5,802.0,1008.6
2018-04-24 14:00:00,21.1,22,22.9,731.0,1007.8
2018-04-24 15:00:00,21.2,21,22.4,606.0,1007.1
2018-04-24 16:00:00,21.0,22,20.6,444.0,1006.9
2018-04-24 17:00:00,19.7,31,14.1,265.0,1006.8
2018-04-24 18:00:00,16.3,45,12.0,104.0,1007.0
2018-04-24 19:00:00,13.3,53,11.7,10.0,1007.3
2018-04-24 20:00:00,12.0,58,11.4,0.0,1007.2
2018-04-24 21:00:00,11.7,60,10.0,0.0,1007.2
2018-04-24 22:00:00,10.4,67,8.7,0.0,1007.2
2018-04-24 23:00:00,9.5,68,9.7,0.0,1007.4
2018-04-25 00:00:00,8.6,68,10.4,0.0,1007.3
2018-04-25 01:00:00,7.7,73,7.8,0.0,1007.1
2018-04-25 02:00:00,8.2,65,3.8,0.0,1007.0
2018-04-25 03:00:00,7.3,71,4.8,0.0,1007.1
2018-04-25 04:00:00,6.4,76,6.1,0.0,1007.1
2018-04-25 05:00:00,6.1,74,10.8,0.0,1007.2
2018-04-25 06:00:00,7.2,69,8.1,47.0,1007.6
2018-04-25 07:00:00,10.3,60,7.9,182.0,1007.7
2018-04-25 08:00:00,13.4,51,6.3,358.0,1008.0
2018-04-25 09:00:00,16.7,43,8.0,531.0,1007.8
2018-04-25 10:00:00,19.7,35,10.5,676.0,1007.4
2018-04-25 11:00:00,21.9,29,13.5,774.0,1006.9
2018-04-25 12:00:00,23.4,24,14.7,817.0,1006.3
2018-04-25 13:00:00,24.3,22,14.3,801.0,1005.6
2018-04-25 14:00:00,24.7,20,13.7,727.0,1004.7
2018-04-25 15:00:00,24.8,19,13.2,603.0,1003.9
2018-04-25 16:00:00,24.5,20,11.3,442.0,1003.2
2018-04-25 17:00:00,22.9,33,9.9,264.0,1002.7
2018-04-25 18:00:00,19.6,38,15.4,104.0,1002.7
2018-04-25 19:00:00,17.1,39,16.7,11.0,1002.8
2018-04-25 20:00:00,15.9,38,17.1,0.0,1002.8
2018-04-25 21:00:00,15.6,36,17.8,0.0,1002.9
2018-04-25 22:00:00,14.0,40,17.9,0.0,1002.6
2018-04-25 23:00:00,12.8,42,17.9,0.0,1002.8
2018-04-26 00:00:00,12.1,44,18.4,0.0,1002.9
2018-04-26 01:00:00,11.6,46,18.3,0.0,1002.6
2018-04-26 02:00:00,11.2,47,19.1,0.0,1002.2
2018-04-26 03:00:00,11.1,46,19.6,0.0,1002.1
2018-04-26 04:00:00,11.1,43,19.7,0.0,1001.7
2018-04-26 05:00:00,11.0,41,19.3,0.0,1001.7
2018-04-26 06:00:00,12.1,38,19.1,47.0,1002.0
2018-04-26 07:00:00,14.1,38,18.1,166.0,1002.1
2018-04-26 08:00:00,16.6,35,22.9,329.0,1001.7
2018-04-26 09:00:00,19.2,33,23.7,492.0,1001.8
2018-04-26 10:00:00,21.4,31,25.7,637.0,1001.4
2018-04-26 11:00:00,23.0,28,30.7,744.0,1000.9
2018-04-26 12:00:00,23.9,24,32.8,792.0,1000.6
2018-04-26 13:00:00,24.2,23,31.3,758.0,1000.6
2018-04-26 14:00:00,24.5,26,28.5,704.0,1000.9
2018-04-26 15:00:00,24.4,32,25.6,566.0,1000.6
2018-04-26 16:00:00,19.4,33,32.0,254.0,1001.7
2018-04-26 17:00:00,18.3,34,26.1,174.0,1002.7
2018-04-26 18:00:00,16.8,36,23.4,90.0,1003.8
2018-04-26 19:00:00,12.7,51,31.0,9.0,1005.5
2018-04-26 20:00:00,12.4,47,29.2,0.0,1006.6
2018-04-26 21:00:00,11.8,32,26.9,0.0,1007.5
2018-04-26 22:00:00,11.2,29,24.2,0.0,1008.2
2018-04-26 23:00:00,10.3,33,20.6,0.0,1009.0
2018-04-27 00:00:00,9.1,38,17.3,0.0,1009.3
2018-04-27 01:00:00,7.9,42,15.6,0.0,1009.6
2018-04-27 02:00:00,6.8,47,13.8,0.0,1009.6
2018-04-27 03:00:00,5.9,51,12.3,0.0,1009.9
2018-04-27 04:00:00,5.0,56,11.6,0.0,1010.2
2018-04-27 05:00:00,4.2,59,11.5,0.0,1010.9
2018-04-27 06:00:00,5.3,55,8.8,53.0,1011.5
2018-04-27 07:00:00,7.6,48,8.0,196.0,1011.9
2018-04-27 08:00:00,10.5,39,8.6,376.0,1011.8
2018-04-27 09:00:00,13.2,30,5.8,553.0,1011.5
2018-04-27 10:00:00,15.4,24,4.6,698.0,1011.1
2018-04-27 11:00:00,17.3,21,3.1,798.0,1010.8
2018-04-27 12:00:00,18.7,18,1.8,839.0,1010.2
2018-04-27 13:00:00,19.8,16,3.6,820.0,1009.6
2018-04-27 14:00:00,20.5,15,6.1,742.0,1008.8
2018-04-27 15:00:00,20.9,16,9.7,615.0,1007.9
2018-04-27 16:00:00,20.9,16,12.4,452.0,1007.1
2018-04-27 17:00:00,20.4,17,12.6,272.0,1006.4
2018-04-27 18:00:00,18.3,26,11.9,110.0,1005.9
2018-04-27 19:00:00,16.0,30,14.9,12.0,1005.6
2018-04-27 20:00:00,15.6,28,16.7,0.0,1005.2
2018-04-27 21:00:00,15.7,29,18.9,0.0,1005.3
2018-04-27 22:00:00,14.6,28,19.1,0.0,1004.9
2018-04-27 23:00:00,14.1,25,20.5,0.0,1004.6
2018-04-28 00:00:00,14.1,24,22.8,0.0,1004.1
2018-04-28 01:00:00,13.7,26,23.5,0.0,1003.6
2018-04-28 02:00:00,12.8,34,24.2,0.0,1003.1
2018-04-28 03:00:00,12.4,38,24.5,0.0,1002.8
2018-04-28 04:00:00,12.2,38,24.3,0.0,1002.7
2018-04-28 05:00:00,12.0,37,24.7,0.0,1002.5
2018-04-28 06:00:00,12.9,34,26.3,52.0,1002.5
2018-04-28 07:00:00,15.0,33,25.2,188.0,1002.4
2018-04-28 08:00:00,17.6,32,32.7,362.0,1002.1
2018-04-28 09:00:00,20.2,28,35.7,534.0,1001.2
2018-04-28 10:00:00,22.3,26,39.2,675.0,1000.5
2018-04-28 11:00:00,24.1,22,40.4,769.0,1000.1
2018-04-28 12:00:00,25.4,19,39.8,811.0,999.6
2018-04-28 13:00:00,26.2,20,40.2,796.0,999.1
2018-04-28 14:00:00,26.5,23,41.1,723.0,998.4
2018-04-28 15:00:00,26.3,28,40.3,599.0,997.7
2018-04-28 16:00:00,25.5,36,37.0,438.0,997.6
2018-04-28 17:00:00,24.7,45,31.0,262.0,998.1
2018-04-28 18:00:00,23.1,49,29.7,105.0,998.5
2018-04-28 19:00:00,21.9,50,25.8,12.0,998.5
2018-04-28 20:00:00,19.5,41,22.8,0.0,998.9
2018-04-28 21:00:00,18.2,39,23.8,0.0,999.1
2018-04-28 22:00:00,17.5,48,23.8,0.0,998.9
2018-04-28 23:00:00,16.7,53,23.4,0.0,999.0
2018-04-29 00:00:00,16.2,57,23.4,0.0,998.7
2018-04-29 01:00:00,15.9,59,23.4,0.0,998.6
2018-04-29 02:00:00,15.7,59,24.9,0.0,997.9
2018-04-29 03:00:00,15.4,59,24.9,0.0,997.7
2018-04-29 04:00:00,15.0,61,24.9,0.0,997.5
2018-04-29 05:00:00,14.7,63,25.6,1.0,997.2
2018-04-29 06:00:00,15.3,61,26.7,53.0,997.4
2018-04-29 07:00:00,16.4,57,27.0,186.0,997.4
2018-04-29 08:00:00,18.8,49,31.7,356.0,997.0
2018-04-29 09:00:00,21.5,43,35.9,522.0,996.2
2018-04-29 10:00:00,24.0,38,38.1,662.0,995.9
2018-04-29 11:00:00,26.2,34,39.4,757.0,995.6
2018-04-29 12:00:00,28.0,32,39.8,796.0,994.8
2018-04-29 13:00:00,29.4,29,40.4,778.0,994.4
2018-04-29 14:00:00,29.2,29,40.2,706.0,994.6
2018-04-29 15:00:00,27.8,33,37.2,584.0,994.5
2018-04-29 16:00:00,25.8,39,31.7,417.0,996.0
2018-04-29 17:00:00,23.2,50,20.9,99.0,996.0
2018-04-29 18:00:00,22.1,52,17.8,49.0,997.1
2018-04-29 19:00:00,19.7,61,13.7,7.0,998.6
2018-04-29 20:00:00,18.6,45,15.9,0.0,1001.2
2018-04-29 21:00:00,17.8,38,20.8,0.0,1002.0
2018-04-29 22:00:00,16.6,41,20.8,0.0,1002.9
2018-04-29 23:00:00,15.1,46,19.8,0.0,1003.9
2018-04-30 00:00:00,13.9,50,19.0,0.0,1004.9
2018-04-30 01:00:00,13.2,53,17.6,0.0,1005.3
2018-04-30 02:00:00,12.5,57,15.5,0.0,1005.7
2018-04-30 03:00:00,11.5,63,14.6,0.0,1006.1
2018-04-30 04:00:00,11.0,65,13.2,0.0,1006.7
2018-04-30 05:00:00,10.5,66,12.6,1.0,1007.2
2018-04-30 06:00:00,10.8,64,13.7,46.0,1007.8
2018-04-30 07:00:00,12.1,60,17.6,189.0,1008.7
2018-04-30 08:00:00,14.1,53,17.6,368.0,1008.4
2018-04-30 09:00:00,16.2,45,17.3,540.0,1008.8
2018-04-30 10:00:00,18.3,32,17.0,685.0,1009.0
2018-04-30 11:00:00,20.2,23,16.3,782.0,1008.6
2018-04-30 12:00:00,21.5,18,14.8,829.0,1007.9
2018-04-30 13:00:00,22.3,16,12.7,816.0,1007.3
2018-04-30 14:00:00,22.8,15,11.4,739.0,1006.2
2018-04-30 15:00:00,23.0,15,10.4,616.0,1004.9
2018-04-30 16:00:00,22.9,15,9.4,452.0,1004.5
2018-04-30 17:00:00,22.5,16,7.1,274.0,1004.5
2018-04-30 18:00:00,21.4,21,6.0,112.0,1004.8
2018-04-30 19:00:00,17.9,30,14.0,14.0,1005.3
2018-04-30 20:00:00,16.8,26,13.4,0.0,1005.7
2018-04-30 21:00:00,16.4,26,11.3,0.0,1005.8
2018-04-30 22:00:00,15.7,29,10.7,0.0,1005.6
2018-04-30 23:00:00,14.8,32,9.6,0.0,1005.4
2018-05-01 00:00:00,13.9,37,5.6,0.0,1005.6
2018-05-01 01:00:00,13.4,48,3.3,0.0,1005.7
2018-05-01 02:00:00,13.5,68,6.3,0.0,1005.7
2018-05-01 03:00:00,13.7,75,8.4,0.0,1005.9
2018-05-01 04:00:00,13.6,74,7.8,0.0,1005.9
2018-05-01 05:00:00,12.9,77,7.2,1.0,1006.2
2018-05-01 06:00:00,13.3,76,9.7,43.0,1006.9
2018-05-01 07:00:00,14.0,72,10.5,118.0,1007.6
2018-05-01 08:00:00,14.6,71,16.1,281.0,1007.3
2018-05-01 09:00:00,16.7,61,14.3,429.0,1007.9
2018-05-01 10:00:00,18.1,51,10.6,545.0,1007.7
2018-05-01 11:00:00,19.3,45,9.1,612.0,1007.8
2018-05-01 12:00:00,20.1,40,8.7,580.0,1006.9
2018-05-01 13:00:00,19.8,40,7.6,321.0,1006.7
2018-05-01 14:00:00,20.2,38,5.9,368.0,1006.3
2018-05-01 15:00:00,20.5,36,3.9,359.0,1006.2
2018-05-01 16:00:00,20.5,35,1.5,243.0,1006.0
2018-05-01 17:00:00,20.5,35,2.1,175.0,1005.8
2018-05-01 18:00:00,20.1,36,3.1,74.0,1005.9
2018-05-01 19:00:00,18.4,32,16.8,11.0,1007.0
2018-05-01 20:00:00,16.8,34,14.2,0.0,1007.7
2018-05-01 21:00:00,16.3,30,17.9,0.0,1007.6
2018-05-01 22:00:00,15.8,30,17.2,0.0,1007.3
2018-05-01 23:00:00,15.2,31,14.7,0.0,1007.7
2018-05-02 00:00:00,14.9,32,15.0,0.0,1007.4
2018-05-02 01:00:00,14.2,33,14.0,0.0,1007.6
2018-05-02 02:00:00,13.3,35,13.9,0.0,1007.3
2018-05-02 03:00:00,12.5,37,13.7,0.0,1007.2
2018-05-02 04:00:00,12.0,38,13.7,0.0,1006.5
2018-05-02 05:00:00,11.4,38,16.3,1.0,1006.4
2018-05-02 06:00:00,11.2,37,18.4,21.0,1006.5
2018-05-02 07:00:00,11.4,36,19.8,77.0,1006.7
2018-05-02 08:00:00,13.5,36,25.4,198.0,1006.1
2018-05-02 09:00:00,15.0,34,26.1,370.0,1005.5
2018-05-02 10:00:00,16.3,32,27.4,461.0,1005.2
2018-05-02 11:00:00,17.0,30,28.2,505.0,1005.3
2018-05-02 12:00:00,18.4,25,31.1,700.0,1004.5
2018-05-02 13:00:00,19.0,22,31.2,693.0,1003.6
2018-05-02 14:00:00,19.4,18,31.1,616.0,1003.1
2018-05-02 15:00:00,19.6,16,29.9,486.0,1002.3
2018-05-02 16:00:00,18.5,20,32.9,308.0,1001.9
2018-05-02 17:00:00,18.4,17,28.2,182.0,1001.9
2018-05-02 18:00:00,17.0,22,27.0,110.0,1002.0
2018-05-02 19:00:00,15.9,21,24.0,14.0,1002.3
2018-05-02 20:00:00,14.2,27,22.4,0.0,1003.7
2018-05-02 21:00:00,13.3,36,26.3,0.0,1003.9
2018-05-02 22:00:00,12.1,41,23.4,0.0,1003.8
2018-05-02 23:00:00,11.2,46,22.0,0.0,1004.1
2018-05-03 00:00:00,10.3,57,23.1,0.0,1004.7
2018-05-03 01:00:00,9.6,67,20.6,0.0,1004.9
2018-05-03 02:00:00,9.0,70,20.2,0.0,1005.3
2018-05-03 03:00:00,9.4,66,18.8,0.0,1005.3
2018-05-03 04:00:00,9.3,61,16.0,0.0,1005.6
2018-05-03 05:00:00,8.2,59,12.1,1.0,1005.7
2018-05-03 06:00:00,8.7,51,14.0,41.0,1005.9
2018-05-03 07:00:00,10.0,44,19.7,169.0,1006.0
2018-05-03 08:00:00,11.8,39,19.6,304.0,1006.1
2018-05-03 09:00:00,14.2,28,23.4,501.0,1005.7
2018-05-03 10:00:00,16.7,19,25.4,666.0,1005.4
2018-05-03 11:00:00,17.8,14,29.7,659.0,1005.4
2018-05-03 12:00:00,18.8,13,31.3,835.0,1004.9
2018-05-03 13:00:00,19.0,14,30.2,730.0,1004.1
2018-05-03 14:00:00,19.2,13,30.7,713.0,1003.3
2018-05-03 15:00:00,19.3,11,30.7,491.0,1002.8
2018-05-03 16:00:00,18.9,9,27.8,263.0,1002.1
2018-05-03 17:00:00,18.1,12,23.0,242.0,1001.9
2018-05-03 18:00:00,16.9,14,23.0,106.0,1002.0
2018-05-03 19:00:00,14.5,17,14.5,17.0,1001.9
2018-05-03 20:00:00,13.2,19,10.1,0.0,1001.5
2018-05-03 21:00:00,12.7,21,10.8,0.0,1001.1
2018-05-03 22:00:00,11.6,22,11.2,0.0,1001.4
2018-05-03 23:00:00,10.7,22,10.8,0.0,1001.4
2018-05-04 00:00:00,9.8,22,10.8,0.0,1001.1
2018-05-04 01:00:00,9.4,22,10.6,0.0,1000.7
2018-05-04 02:00:00,8.8,22,10.3,0.0,1000.2
2018-05-04 03:00:00,8.0,24,9.9,0.0,1000.1
2018-05-04 04:00:00,7.1,26,9.4,0.0,1000.3
2018-05-04 05:00:00,6.6,27,9.1,2.0,1000.5
2018-05-04 06:00:00,8.4,25,5.2,67.0,1001.1
2018-05-04 07:00:00,10.6,21,4.0,213.0,1001.2
2018-05-04 08:00:00,13.3,19,7.0,392.0,1001.2
2018-05-04 09:00:00,15.8,17,5.5,565.0,1001.1
2018-05-04 10:00:00,18.2,16,6.4,708.0,1000.8
2018-05-04 11:00:00,20.2,14,6.0,806.0,1000.7
2018-05-04 12:00:00,21.7,13,7.4,847.0,999.9
2018-05-04 13:00:00,23.1,13,11.9,829.0,999.0
2018-05-04 14:00:00,24.1,12,13.4,754.0,998.1
2018-05-04 15:00:00,24.2,12,6.9,628.0,997.3
2018-05-04 16:00:00,24.4,12,6.5,466.0,996.8
2018-05-04 17:00:00,23.7,13,7.7,288.0,996.4
2018-05-04 18:00:00,21.9,18,10.4,124.0,996.5
2018-05-04 19:00:00,18.4,34,15.0,18.0,997.3
2018-05-04 20:00:00,16.5,44,13.4,0.0,998.2
2018-05-04 21:00:00,15.4,45,13.3,0.0,998.3
2018-05-04 22:00:00,14.8,49,13.5,0.0,997.8
2018-05-04 23:00:00,14.4,50,14.0,0.0,997.7
2018-05-05 00:00:00,14.3,50,15.5,0.0,997.4
2018-05-05 01:00:00,14.7,53,17.9,0.0,997.1
2018-05-05 02:00:00,14.9,57,19.7,0.0,996.6
2018-05-05 03:00:00,15.1,61,21.9,0.0,996.0
2018-05-05 04:00:00,15.7,64,22.8,0.0,996.3
2018-05-05 05:00:00,15.7,65,23.6,2.0,996.9
2018-05-05 06:00:00,16.1,65,21.2,62.0,998.1
2018-05-05 07:00:00,17.7,58,19.0,190.0,999.3
2018-05-05 08:00:00,20.5,34,14.8,346.0,1001.2
2018-05-05 09:00:00,21.7,23,13.3,520.0,1001.8
2018-05-05 10:00:00,21.8,22,12.5,425.0,1001.9
2018-05-05 11:00:00,22.9,19,13.4,612.0,1001.9
2018-05-05 12:00:00,22.0,20,12.2,312.0,1002.0
2018-05-05 13:00:00,21.7,20,10.5,286.0,1002.5
2018-05-05 14:00:00,22.1,17,10.4,314.0,1002.6
2018-05-05 15:00:00,21.7,16,7.2,170.0,1002.4
2018-05-05 16:00:00,21.3,17,3.9,94.0,1001.9
2018-05-05 17:00:00,21.2,17,0.5,85.0,1001.9
2018-05-05 18:00:00,20.1,21,4.7,56.0,1002.1
2018-05-05 19:00:00,18.6,29,7.2,7.0,1002.2
2018-05-05 20:00:00,17.8,29,7.7,0.0,1003.1
2018-05-05 21:00:00,18.0,27,9.4,0.0,1002.9
2018-05-05 22:00:00,17.7,26,10.4,0.0,1002.4
2018-05-05 23:00:00,16.6,28,9.1,0.0,1002.6
2018-05-06 00:00:00,15.8,31,8.2,0.0,1002.7
2018-05-06 01:00:00,15.0,34,7.4,0.0,1002.2
2018-05-06 02:00:00,14.3,37,8.5,0.0,1002.0
2018-05-06 03:00:00,13.1,40,7.4,0.0,1001.8
2018-05-06 04:00:00,11.9,43,9.6,0.0,1002.4
2018-05-06 05:00:00,11.6,43,0.4,3.0,1002.1
2018-05-06 06:00:00,11.6,45,4.0,70.0,1002.5
2018-05-06 07:00:00,14.2,37,3.4,214.0,1002.8
2018-05-06 08:00:00,18.4,34,12.8,391.0,1001.9
2018-05-06 09:00:00,21.4,26,15.3,560.0,1001.5
2018-05-06 10:00:00,23.2,18,13.4,703.0,1000.9
2018-05-06 11:00:00,24.4,13,14.2,800.0,1000.3
2018-05-06 12:00:00,25.3,11,15.9,843.0,999.4
2018-05-06 13:00:00,26.0,9,17.3,828.0,998.9
2018-05-06 14:00:00,26.3,9,18.5,755.0,998.3
2018-05-06 15:00:00,26.5,8,18.7,629.0,997.6
2018-05-06 16:00:00,26.5,8,17.7,469.0,996.8
2018-05-06 17:00:00,25.9,9,14.1,291.0,996.5
2018-05-06 18:00:00,23.5,14,13.5,127.0,996.5
2018-05-06 19:00:00,21.1,27,22.7,20.0,997.2
2018-05-06 20:00:00,19.8,25,15.2,0.0,997.9
2018-05-06 21:00:00,18.6,28,15.9,0.0,998.8
2018-05-06 22:00:00,17.1,33,12.3,0.0,999.7
2018-05-06 23:00:00,16.0,33,12.3,0.0,1000.5
2018-05-07 00:00:00,15.7,23,18.3,0.0,1001.1
2018-05-07 01:00:00,14.2,20,16.5,0.0,1002.0
2018-05-07 02:00:00,12.8,24,13.9,0.0,1002.5
2018-05-07 03:00:00,11.7,28,14.0,0.0,1002.9
2018-05-07 04:00:00,10.8,31,14.7,0.0,1003.2
2018-05-07 05:00:00,10.2,34,16.3,3.0,1003.7
2018-05-07 06:00:00,11.2,33,17.0,73.0,1004.7
2018-05-07 07:00:00,12.9,31,18.9,218.0,1005.4
2018-05-07 08:00:00,15.3,28,20.1,393.0,1006.0
2018-05-07 09:00:00,17.4,22,24.0,562.0,1006.1
2018-05-07 10:00:00,18.4,21,25.4,703.0,1006.3
2018-05-07 11:00:00,19.2,21,24.6,797.0,1006.5
2018-05-07 12:00:00,19.9,21,23.9,837.0,1006.2
2018-05-07 13:00:00,20.7,18,24.6,819.0,1005.8
2018-05-07 14:00:00,20.8,17,24.2,749.0,1005.6
2018-05-07 15:00:00,20.6,18,22.7,628.0,1005.2
2018-05-07 16:00:00,20.4,18,21.3,468.0,1005.2
2018-05-07 17:00:00,19.9,19,21.1,291.0,1005.3
2018-05-07 18:00:00,18.9,21,16.2,128.0,1005.6
2018-05-07 19:00:00,16.8,25,13.3,21.0,1005.9
2018-05-07 20:00:00,16.0,27,13.6,0.0,1006.2
2018-05-07 21:00:00,15.5,27,13.9,0.0,1006.6
2018-05-07 22:00:00,14.6,27,15.5,0.0,1006.9
2018-05-07 23:00:00,14.0,27,17.2,0.0,1007.4
2018-05-08 00:00:00,13.5,28,17.3,0.0,1007.6
2018-05-08 01:00:00,12.5,31,14.2,0.0,1007.9
2018-05-08 02:00:00,11.3,34,11.1,0.0,1008.6
2018-05-08 03:00:00,10.1,38,8.9,0.0,1009.1
2018-05-08 04:00:00,9.3,42,9.3,0.0,1009.5
2018-05-08 05:00:00,8.9,43,11.9,4.0,1009.9
2018-05-08 06:00:00,10.1,40,11.2,73.0,1010.4
2018-05-08 07:00:00,12.2,36,12.1,217.0,1010.6
2018-05-08 08:00:00,15.2,32,12.6,393.0,1010.6
2018-05-08 09:00:00,18.1,27,13.1,562.0,1010.5
2018-05-08 10:00:00,20.7,22,13.9,703.0,1010.4
2018-05-08 11:00:00,22.0,17,17.0,798.0,1010.5
2018-05-08 12:00:00,22.7,17,18.9,839.0,1010.3
2018-05-08 13:00:00,23.2,17,18.8,822.0,1010.1
2018-05-08 14:00:00,23.3,17,17.5,746.0,1009.7
2018-05-08 15:00:00,23.5,16,17.0,624.0,1009.3
2018-05-08 16:00:00,23.4,15,15.5,465.0,1009.1
2018-05-08 17:00:00,22.9,17,17.4,290.0,1009.2
2018-05-08 18:00:00,21.4,19,16.9,128.0,1009.5
2018-05-08 19:00:00,19.1,22,12.3,22.0,1009.9
2018-05-08 20:00:00,18.3,23,13.5,0.0,1009.9
2018-05-08 21:00:00,17.7,24,13.8,0.0,1010.2
2018-05-08 22:00:00,16.4,27,11.9,0.0,1010.7
2018-05-08 23:00:00,15.1,32,9.0,0.0,1011.5
2018-05-09 00:00:00,13.8,36,8.0,0.0,1011.9
2018-05-09 01:00:00,12.9,40,8.6,0.0,1012.1
2018-05-09 02:00:00,11.7,45,8.5,0.0,1012.0
2018-05-09 03:00:00,10.6,51,7.6,0.0,1012.7
2018-05-09 04:00:00,9.7,55,6.5,0.0,1012.8
2018-05-09 05:00:00,9.8,53,7.6,4.0,1013.1
2018-05-09 06:00:00,11.2,48,4.7,74.0,1013.7
2018-05-09 07:00:00,13.1,52,4.7,216.0,1013.9
2018-05-09 08:00:00,15.7,37,3.4,389.0,1013.7
2018-05-09 09:00:00,18.5,30,5.2,560.0,1013.7
2018-05-09 10:00:00,21.0,25,9.0,699.0,1013.5
2018-05-09 11:00:00,22.4,20,9.0,795.0,1013.5
2018-05-09 12:00:00,23.2,18,12.0,837.0,1013.2
2018-05-09 13:00:00,23.6,17,13.7,821.0,1012.6
2018-05-09 14:00:00,23.8,16,13.0,749.0,1012.2
2018-05-09 15:00:00,23.8,16,11.6,629.0,1011.4
2018-05-09 16:00:00,23.6,16,8.6,472.0,1011.0
2018-05-09 17:00:00,23.0,16,7.6,297.0,1011.1
2018-05-09 18:00:00,22.1,18,7.1,133.0,1011.2
2018-05-09 19:00:00,20.1,23,6.9,23.0,1011.5
2018-05-09 20:00:00,20.1,23,4.2,0.0,1011.0
2018-05-09 21:00:00,19.1,26,4.4,0.0,1011.2
2018-05-09 22:00:00,17.2,30,9.2,0.0,1011.1
2018-05-09 23:00:00,15.5,35,12.2,0.0,1011.6
2018-05-10 00:00:00,14.3,42,15.4,0.0,1011.6
2018-05-10 01:00:00,13.5,45,13.8,0.0,1011.2
2018-05-10 02:00:00,13.1,46,13.3,0.0,1010.9
2018-05-10 03:00:00,12.8,50,14.8,0.0,1010.7
2018-05-10 04:00:00,12.9,50,16.6,0.0,1010.3
2018-05-10 05:00:00,13.3,49,17.7,4.0,1010.1
2018-05-10 06:00:00,15.0,45,19.6,73.0,1010.2
2018-05-10 07:00:00,17.2,39,21.6,203.0,1010.0
2018-05-10 08:00:00,19.1,35,27.3,273.0,1009.7
2018-05-10 09:00:00,21.5,27,30.1,428.0,1009.2
2018-05-10 10:00:00,23.7,22,31.9,509.0,1008.7
2018-05-10 11:00:00,24.8,25,33.6,564.0,1008.3
2018-05-10 12:00:00,25.5,25,32.4,524.0,1007.6
2018-05-10 13:00:00,26.2,24,32.6,562.0,1007.0
2018-05-10 14:00:00,26.8,23,32.2,657.0,1006.4
2018-05-10 15:00:00,26.9,23,32.1,582.0,1005.7
2018-05-10 16:00:00,26.0,26,29.8,360.0,1005.4
2018-05-10 17:00:00,24.1,33,25.5,180.0,1005.5
2018-05-10 18:00:00,22.3,35,25.0,60.0,1005.8
2018-05-10 19:00:00,20.8,35,24.7,13.0,1006.2
2018-05-10 20:00:00,19.3,38,22.7,0.0,1007.2
2018-05-10 21:00:00,18.9,36,22.4,0.0,1007.6
2018-05-10 22:00:00,18.5,36,22.3,0.0,1007.4
2018-05-10 23:00:00,18.2,36,20.8,0.0,1007.6
2018-05-11 00:00:00,17.8,38,18.6,0.0,1007.4
2018-05-11 01:00:00,17.4,39,16.6,0.0,1007.2
2018-05-11 02:00:00,17.0,42,15.6,0.0,1007.0
2018-05-11 03:00:00,16.9,43,15.5,0.0,1006.8
2018-05-11 04:00:00,17.4,42,17.4,0.0,1006.6
2018-05-11 05:00:00,17.3,42,19.3,2.0,1006.7
2018-05-11 06:00:00,16.9,44,21.3,19.0,1007.0
2018-05-11 07:00:00,16.1,53,20.3,60.0,1007.5
2018-05-11 08:00:00,14.6,64,18.1,60.0,1007.5
2018-05-11 09:00:00,14.6,65,20.5,81.0,1007.8
2018-05-11 10:00:00,15.8,62,18.7,89.0,1008.3
2018-05-11 11:00:00,17.9,49,18.7,146.0,1008.2
2018-05-11 12:00:00,18.4,47,17.1,169.0,1007.8
2018-05-11 13:00:00,18.5,47,17.8,217.0,1007.5
2018-05-11 14:00:00,19.0,45,17.1,282.0,1006.7
2018-05-11 15:00:00,19.1,44,19.1,317.0,1006.2
2018-05-11 16:00:00,18.3,45,20.5,220.0,1005.8
2018-05-11 17:00:00,17.8,47,20.9,191.0,1005.7
2018-05-11 18:00:00,16.9,50,19.8,93.0,1005.5
2018-05-11 19:00:00,15.5,56,19.1,16.0,1005.6
2018-05-11 20:00:00,14.3,60,17.9,0.0,1005.9
2018-05-11 21:00:00,13.1,66,19.6,0.0,1006.4
2018-05-11 22:00:00,11.9,72,17.2,0.0,1006.2
2018-05-11 23:00:00,11.2,77,14.9,0.0,1005.8
2018-05-12 00:00:00,10.9,78,12.8,0.0,1005.5
2018-05-12 01:00:00,10.6,79,11.9,0.0,1005.4
2018-05-12 02:00:00,10.9,76,13.3,0.0,1004.7
2018-05-12 03:00:00,10.7,78,13.0,0.0,1004.3
2018-05-12 04:00:00,10.7,80,13.8,0.0,1003.7
2018-05-12 05:00:00,11.4,77,15.9,3.0,1003.4
2018-05-12 06:00:00,12.3,71,16.2,31.0,1003.4
2018-05-12 07:00:00,13.1,66,18.0,74.0,1003.6
2018-05-12 08:00:00,14.8,56,18.2,109.0,1003.1
2018-05-12 09:00:00,16.7,46,19.1,359.0,1002.5
2018-05-12 10:00:00,19.0,39,21.7,582.0,1002.1
2018-05-12 11:00:00,20.3,36,21.7,609.0,1001.4
2018-05-12 12:00:00,21.2,36,21.5,605.0,1000.5
2018-05-12 13:00:00,21.9,36,21.6,611.0,999.8
2018-05-12 14:00:00,22.9,35,20.8,690.0,998.8
2018-05-12 15:00:00,23.5,34,21.0,534.0,997.8
2018-05-12 16:00:00,22.4,37,20.3,343.0,997.3
2018-05-12 17:00:00,22.0,39,19.9,268.0,997.1
2018-05-12 18:00:00,20.6,44,17.8,127.0,997.0
2018-05-12 19:00:00,18.5,51,15.5,24.0,998.3
2018-05-12 20:00:00,16.5,59,14.0,0.0,999.0
2018-05-12 21:00:00,15.9,60,15.4,0.0,999.3
2018-05-12 22:00:00,14.7,64,16.1,0.0,999.2
2018-05-12 23:00:00,13.6,68,14.7,0.0,998.9
2018-05-13 00:00:00,12.8,73,12.6,0.0,998.9
2018-05-13 01:00:00,12.2,77,10.5,0.0,998.9
2018-05-13 02:00:00,11.8,77,10.8,0.0,998.6
2018-05-13 03:00:00,11.3,76,10.1,0.0,998.9
2018-05-13 04:00:00,11.1,75,11.9,0.0,998.7
2018-05-13 05:00:00,11.4,72,10.9,5.0,999.0
2018-05-13 06:00:00,13.0,64,10.3,76.0,999.1
2018-05-13 07:00:00,15.3,57,14.7,214.0,999.1
2018-05-13 08:00:00,16.9,57,18.7,382.0,998.7
2018-05-13 09:00:00,18.8,53,18.0,536.0,998.7
2018-05-13 10:00:00,21.0,49,17.6,675.0,998.8
2018-05-13 11:00:00,23.0,44,17.6,770.0,998.3
2018-05-13 12:00:00,24.9,38,18.2,812.0,997.6
2018-05-13 13:00:00,26.6,34,19.3,795.0,997.0
2018-05-13 14:00:00,27.7,30,21.1,700.0,996.1
2018-05-13 15:00:00,28.0,29,22.8,559.0,995.5
2018-05-13 16:00:00,27.5,31,24.2,455.0,995.3
2018-05-13 17:00:00,26.7,31,22.7,287.0,995.1
2018-05-13 18:00:00,24.9,38,19.2,132.0,995.5
2018-05-13 19:00:00,22.6,46,20.0,25.0,996.3
2018-05-13 20:00:00,21.0,50,18.9,0.0,996.8
2018-05-13 21:00:00,20.5,54,20.6,0.0,996.8
2018-05-13 22:00:00,18.7,64,18.8,0.0,997.2
2018-05-13 23:00:00,18.2,66,19.2,0.0,997.7
2018-05-14 00:00:00,17.5,67,21.3,0.0,997.5
2018-05-14 01:00:00,16.7,70,21.2,0.0,997.0
2018-05-14 02:00:00,16.0,72,19.9,0.0,997.3
2018-05-14 03:00:00,15.5,75,21.3,0.0,996.8
2018-05-14 04:00:00,15.1,78,20.6,0.0,996.7
2018-05-14 05:00:00,15.5,76,21.7,5.0,996.3
2018-05-14 06:00:00,16.5,72,20.4,65.0,996.1
2018-05-14 07:00:00,18.1,67,25.0,208.0,995.8
2018-05-14 08:00:00,20.6,59,30.8,373.0,995.4
2018-05-14 09:00:00,22.6,54,33.7,518.0,995.4
2018-05-14 10:00:00,24.2,50,35.6,643.0,995.2
2018-05-14 11:00:00,25.6,47,35.8,712.0,994.6
2018-05-14 12:00:00,26.0,47,32.7,535.0,994.6
2018-05-14 13:00:00,27.4,44,32.3,695.0,994.1
2018-05-14 14:00:00,25.8,47,31.3,418.0,993.8
2018-05-14 15:00:00,26.0,46,31.3,571.0,993.3
2018-05-14 16:00:00,25.4,48,31.0,437.0,993.4
2018-05-14 17:00:00,23.8,51,27.2,269.0,993.5
2018-05-14 18:00:00,21.8,57,23.6,102.0,994.4
2018-05-14 19:00:00,20.2,62,22.9,15.0,994.8
2018-05-14 20:00:00,18.8,66,22.2,0.0,995.5
2018-05-14 21:00:00,18.5,66,20.9,0.0,996.0
2018-05-14 22:00:00,18.0,67,20.9,0.0,995.9
2018-05-14 23:00:00,17.8,67,20.2,0.0,995.9
2018-05-15 00:00:00,17.6,68,20.5,0.0,995.6
2018-05-15 01:00:00,17.1,70,20.5,0.0,995.4
2018-05-15 02:00:00,16.5,73,20.2,0.0,995.5
2018-05-15 03:00:00,16.2,74,18.8,0.0,996.2
2018-05-15 04:00:00,16.0,74,18.5,0.0,996.6
2018-05-15 05:00:00,16.2,78,19.1,6.0,996.8
2018-05-15 06:00:00,17.5,75,17.6,72.0,997.3
2018-05-15 07:00:00,19.4,69,20.3,190.0,997.6
2018-05-15 08:00:00,21.7,63,22.4,357.0,998.0
2018-05-15 09:00:00,24.3,55,26.6,462.0,997.5
2018-05-15 10:00:00,26.4,50,27.5,649.0,997.2
2018-05-15 11:00:00,28.0,47,29.2,752.0,996.7
2018-05-15 12:00:00,28.9,45,30.8,797.0,996.1
2018-05-15 13:00:00,29.1,44,31.6,766.0,995.7
2018-05-15 14:00:00,28.9,46,32.9,708.0,994.9
2018-05-15 15:00:00,28.1,49,33.5,589.0,994.3
2018-05-15 16:00:00,26.5,53,32.4,430.0,994.1
2018-05-15 17:00:00,24.8,58,28.9,256.0,994.2
2018-05-15 18:00:00,22.9,65,24.9,100.0,994.3
2018-05-15 19:00:00,21.5,71,22.3,20.0,994.9
2018-05-15 20:00:00,21.2,73,21.3,0.0,994.5
2018-05-15 21:00:00,20.7,76,20.4,0.0,994.5
2018-05-15 22:00:00,20.3,78,19.6,0.0,994.5
2018-05-15 23:00:00,19.9,80,20.5,0.0,994.3
2018-05-16 00:00:00,19.6,80,22.8,0.0,993.8
2018-05-16 01:00:00,19.6,80,23.9,0.0,993.0
2018-05-16 02:00:00,19.3,81,23.9,0.0,992.2
2018-05-16 03:00:00,19.3,82,21.5,0.0,992.3
2018-05-16 04:00:00,19.7,81,18.9,0.0,992.5
2018-05-16 05:00:00,19.8,79,15.9,2.0,992.7
2018-05-16 06:00:00,20.2,77,16.5,33.0,993.1
2018-05-16 07:00:00,20.4,75,16.3,58.0,993.1
2018-05-16 08:00:00,20.4,75,18.0,122.0,992.0
2018-05-16 09:00:00,21.5,71,17.8,187.0,992.5
2018-05-16 10:00:00,22.7,68,20.1,241.0,993.1
2018-05-16 11:00:00,23.8,65,18.9,332.0,993.0
2018-05-16 12:00:00,24.1,66,16.8,269.0,992.9
2018-05-16 13:00:00,24.6,64,17.4,213.0,992.8
2018-05-16 14:00:00,25.5,62,14.6,232.0,992.4
2018-05-16 15:00:00,25.7,61,14.1,191.0,992.4
2018-05-16 16:00:00,26.8,57,9.0,277.0,992.3
2018-05-16 17:00:00,27.0,56,6.2,173.0,993.3
2018-05-16 18:00:00,26.3,58,2.6,57.0,993.7
2018-05-16 19:00:00,24.3,65,17.5,17.0,995.0
2018-05-16 20:00:00,20.3,60,25.3,0.0,997.2
2018-05-16 21:00:00,19.6,60,20.5,0.0,997.3
2018-05-16 22:00:00,19.4,62,19.3,0.0,997.2
2018-05-16 23:00:00,19.5,61,17.7,0.0,997.9
2018-05-17 00:00:00,19.6,58,15.9,0.0,998.5
2018-05-17 01:00:00,19.7,57,17.9,0.0,998.4
2018-05-17 02:00:00,19.2,58,18.8,0.0,997.8
2018-05-17 03:00:00,18.1,61,19.3,0.0,997.9
2018-05-17 04:00:00,17.2,66,17.9,0.0,998.0
2018-05-17 05:00:00,16.8,69,17.1,7.0,998.1
2018-05-17 06:00:00,17.3,65,20.3,80.0,998.3
2018-05-17 07:00:00,18.1,57,23.4,216.0,998.3
2018-05-17 08:00:00,19.6,53,22.4,350.0,997.6
2018-05-17 09:00:00,21.3,48,22.3,535.0,997.0
2018-05-17 10:00:00,22.5,44,22.4,649.0,997.1
2018-05-17 11:00:00,23.9,41,20.7,736.0,996.7
2018-05-17 12:00:00,25.2,38,21.5,764.0,996.3
2018-05-17 13:00:00,25.7,37,21.5,716.0,996.0
2018-05-17 14:00:00,26.1,35,21.3,608.0,995.6
2018-05-17 15:00:00,26.1,34,23.4,430.0,995.3
2018-05-17 16:00:00,25.3,36,21.4,184.0,995.2
2018-05-17 17:00:00,24.3,38,18.7,29.0,994.9
2018-05-17 18:00:00,23.8,39,17.1,29.0,995.2
2018-05-17 19:00:00,23.0,40,15.3,8.0,995.4
2018-05-17 20:00:00,21.1,45,16.5,0.0,996.6
2018-05-17 21:00:00,20.7,45,15.5,0.0,996.8
2018-05-17 22:00:00,20.4,42,16.9,0.0,996.9
2018-05-17 23:00:00,19.6,43,17.3,0.0,997.2
2018-05-18 00:00:00,19.2,43,17.0,0.0,997.2
2018-05-18 01:00:00,18.8,46,18.6,0.0,997.3
2018-05-18 02:00:00,18.4,48,18.5,0.0,997.4
2018-05-18 03:00:00,17.2,51,16.6,0.0,997.4
2018-05-18 04:00:00,16.6,52,16.7,0.0,998.0
2018-05-18 05:00:00,16.5,51,17.3,7.0,998.8
2018-05-18 06:00:00,17.1,49,15.5,69.0,999.4
2018-05-18 07:00:00,18.4,44,19.1,204.0,999.9
2018-05-18 08:00:00,20.2,38,22.7,381.0,1000.8
2018-05-18 09:00:00,21.7,36,24.2,487.0,1000.6
2018-05-18 10:00:00,23.4,31,23.7,643.0,1001.1
2018-05-18 11:00:00,25.0,28,23.4,778.0,1001.1
2018-05-18 12:00:00,25.8,26,24.9,792.0,1001.2
2018-05-18 13:00:00,26.6,22,24.6,792.0,1001.0
2018-05-18 14:00:00,27.1,17,26.5,746.0,1000.8
2018-05-18 15:00:00,27.1,17,25.6,633.0,1000.8
2018-05-18 16:00:00,26.9,16,24.3,478.0,1001.0
2018-05-18 17:00:00,26.3,17,23.0,306.0,1001.4
2018-05-18 18:00:00,25.1,19,17.1,145.0,1001.9
2018-05-18 19:00:00,23.0,21,15.5,32.0,1002.9
2018-05-18 20:00:00,22.1,24,15.5,0.0,1003.4
2018-05-18 21:00:00,21.2,27,15.3,0.0,1004.7
2018-05-18 22:00:00,19.3,43,11.9,0.0,1005.4
2018-05-18 23:00:00,18.0,48,10.0,0.0,1006.5
2018-05-19 00:00:00,17.0,51,10.4,0.0,1006.9
2018-05-19 01:00:00,16.0,53,11.2,0.0,1007.4
2018-05-19 02:00:00,15.3,54,12.1,0.0,1007.5
2018-05-19 03:00:00,14.7,55,11.8,0.0,1007.9
2018-05-19 04:00:00,13.6,59,8.9,0.0,1008.3
2018-05-19 05:00:00,13.3,61,6.9,9.0,1009.0
2018-05-19 06:00:00,14.7,56,5.4,88.0,1009.5
2018-05-19 07:00:00,17.1,47,8.3,232.0,1009.6
2018-05-19 08:00:00,19.9,39,8.1,402.0,1009.8
2018-05-19 09:00:00,22.8,29,9.7,567.0,1009.3
2018-05-19 10:00:00,25.0,20,12.9,679.0,1009.3
2018-05-19 11:00:00,26.2,16,14.8,747.0,1009.1
2018-05-19 12:00:00,27.0,14,15.4,726.0,1008.4
2018-05-19 13:00:00,27.6,13,17.5,724.0,1007.7
2018-05-19 14:00:00,27.7,17,16.2,647.0,1007.1
2018-05-19 15:00:00,28.1,16,12.6,532.0,1006.6
2018-05-19 16:00:00,28.3,16,11.8,408.0,1006.3
2018-05-19 17:00:00,27.8,17,13.7,237.0,1006.6
2018-05-19 18:00:00,25.9,26,21.8,94.0,1007.1
2018-05-19 19:00:00,23.3,33,19.2,18.0,1007.7
2018-05-19 20:00:00,23.6,37,22.2,0.0,1007.9
2018-05-19 21:00:00,22.3,42,22.5,0.0,1008.7
2018-05-19 22:00:00,21.5,38,23.6,0.0,1009.2
2018-05-19 23:00:00,20.6,43,17.9,0.0,1009.5
2018-05-20 00:00:00,19.7,46,14.3,0.0,1009.4
2018-05-20 01:00:00,19.1,45,11.4,0.0,1010.1
2018-05-20 02:00:00,18.5,44,9.4,0.0,1010.5
2018-05-20 03:00:00,18.0,44,10.8,0.0,1010.8
2018-05-20 04:00:00,17.7,47,11.3,0.0,1011.2
2018-05-20 05:00:00,17.5,49,10.5,5.0,1011.8
2018-05-20 06:00:00,18.0,48,11.6,49.0,1012.2
2018-05-20 07:00:00,19.5,39,17.3,205.0,1012.6
2018-05-20 08:00:00,21.2,31,18.8,384.0,1012.8
2018-05-20 09:00:00,23.1,29,20.5,570.0,1012.6
2018-05-20 10:00:00,24.5,29,23.0,702.0,1012.7
2018-05-20 11:00:00,25.2,26,25.1,783.0,1012.6
2018-05-20 12:00:00,25.6,25,23.1,826.0,1012.1
2018-05-20 13:00:00,26.5,24,23.2,808.0,1011.4
2018-05-20 14:00:00,26.8,21,25.9,735.0,1011.2
2018-05-20 15:00:00,26.6,20,26.0,615.0,1011.1
2018-05-20 16:00:00,26.0,20,25.3,467.0,1011.1
2018-05-20 17:00:00,25.0,18,25.0,299.0,1011.0
2018-05-20 18:00:00,23.6,18,22.1,145.0,1011.1
2018-05-20 19:00:00,21.6,22,21.0,34.0,1011.6
2018-05-20 20:00:00,20.9,23,19.6,0.0,1011.3
2018-05-20 21:00:00,19.9,24,15.9,0.0,1011.9
2018-05-20 22:00:00,18.2,27,12.1,0.0,1012.3
2018-05-20 23:00:00,16.7,32,10.4,0.0,1012.0
2018-05-21 00:00:00,15.4,36,9.1,0.0,1011.9
2018-05-21 01:00:00,14.4,40,9.1,0.0,1012.1
2018-05-21 02:00:00,13.6,44,8.7,0.0,1012.1
2018-05-21 03:00:00,12.9,48,8.9,0.0,1012.0
2018-05-21 04:00:00,12.4,52,9.1,0.0,1012.0
2018-05-21 05:00:00,12.5,52,7.9,10.0,1011.9
2018-05-21 06:00:00,14.2,46,8.2,91.0,1011.8
2018-05-21 07:00:00,16.7,40,11.5,225.0,1011.8
2018-05-21 08:00:00,18.8,32,14.0,371.0,1012.2
2018-05-21 09:00:00,20.6,25,16.2,494.0,1011.5
2018-05-21 10:00:00,22.4,21,17.3,615.0,1011.4
2018-05-21 11:00:00,24.1,19,17.7,754.0,1010.7
2018-05-21 12:00:00,25.0,18,19.2,730.0,1009.9
2018-05-21 13:00:00,25.7,17,19.8,645.0,1009.1
2018-05-21 14:00:00,25.9,17,20.8,567.0,1008.4
2018-05-21 15:00:00,25.9,18,20.1,480.0,1007.6
2018-05-21 16:00:00,26.0,19,19.6,404.0,1007.1
2018-05-21 17:00:00,25.5,20,20.8,270.0,1006.9
2018-05-21 18:00:00,23.3,27,16.6,126.0,1006.8
2018-05-21 19:00:00,21.3,32,10.8,31.0,1006.6
2018-05-21 20:00:00,20.2,38,12.8,0.0,1006.5
2018-05-21 21:00:00,19.5,39,13.0,0.0,1007.0
2018-05-21 22:00:00,18.3,43,14.4,0.0,1007.2
2018-05-21 23:00:00,16.9,47,14.5,0.0,1006.9
2018-05-22 00:00:00,15.8,52,12.9,0.0,1006.7
2018-05-22 01:00:00,14.9,49,11.9,0.0,1006.1
2018-05-22 02:00:00,14.8,36,14.8,0.0,1005.5
2018-05-22 03:00:00,14.7,36,17.4,0.0,1005.2
2018-05-22 04:00:00,14.5,43,18.1,0.0,1004.5
2018-05-22 05:00:00,14.4,51,18.7,7.0,1004.5
2018-05-22 06:00:00,15.0,56,18.9,56.0,1004.0
2018-05-22 07:00:00,15.6,59,23.0,132.0,1004.2
2018-05-22 08:00:00,15.9,58,24.6,274.0,1004.6
2018-05-22 09:00:00,17.3,50,28.9,267.0,1004.7
2018-05-22 10:00:00,15.6,65,21.1,102.0,1005.0
2018-05-22 11:00:00,14.9,73,13.3,88.0,1004.7
2018-05-22 12:00:00,14.3,72,7.8,66.0,1003.8
2018-05-22 13:00:00,13.4,79,9.4,52.0,1003.6
2018-05-22 14:00:00,10.3,82,24.4,47.0,1003.6
2018-05-22 15:00:00,10.0,78,23.2,47.0,1003.1
2018-05-22 16:00:00,9.8,77,23.4,38.0,1003.0
2018-05-22 17:00:00,9.3,79,17.5,21.0,1002.3
2018-05-22 18:00:00,9.4,79,16.3,14.0,1000.8
2018-05-22 19:00:00,9.5,82,13.0,18.0,1000.5
2018-05-22 20:00:00,8.6,86,8.1,0.0,1002.3
2018-05-22 21:00:00,8.4,89,9.8,0.0,1003.8
2018-05-22 22:00:00,9.3,90,9.0,0.0,1004.6
2018-05-22 23:00:00,9.5,89,7.2,0.0,1004.0
2018-05-23 00:00:00,8.3,92,8.7,0.0,1003.7
2018-05-23 01:00:00,7.7,93,10.0,0.0,1002.8
2018-05-23 02:00:00,7.3,93,11.5,0.0,1002.3
2018-05-23 03:00:00,7.0,92,12.1,0.0,1002.1
2018-05-23 04:00:00,7.0,91,13.9,0.0,1001.4
2018-05-23 05:00:00,7.3,89,14.7,11.0,1000.9
2018-05-23 06:00:00,8.8,85,14.6,98.0,1000.6
2018-05-23 07:00:00,11.2,75,17.2,249.0,1000.4
2018-05-23 08:00:00,14.0,67,20.7,424.0,999.1
2018-05-23 09:00:00,16.9,45,25.6,586.0,998.7
2018-05-23 10:00:00,19.2,34,28.9,716.0,998.1
2018-05-23 11:00:00,20.5,29,31.6,677.0,997.0
2018-05-23 12:00:00,21.7,21,34.9,754.0,995.8
2018-05-23 13:00:00,22.2,20,38.3,829.0,994.7
2018-05-23 14:00:00,21.9,18,39.2,668.0,993.9
2018-05-23 15:00:00,21.2,19,35.3,497.0,993.4
2018-05-23 16:00:00,20.6,25,30.7,402.0,993.0
2018-05-23 17:00:00,19.6,35,24.5,248.0,992.6
2018-05-23 18:00:00,18.5,47,23.7,133.0,992.3
2018-05-23 19:00:00,17.7,57,23.7,25.0,992.1
2018-05-23 20:00:00,17.2,50,24.6,0.0,993.2
2018-05-23 21:00:00,17.0,50,23.5,0.0,992.9
2018-05-23 22:00:00,16.9,55,24.9,0.0,992.6
2018-05-23 23:00:00,17.0,57,25.9,0.0,993.1
2018-05-24 00:00:00,15.9,61,24.1,0.0,993.1
2018-05-24 01:00:00,14.8,65,22.0,0.0,993.0
2018-05-24 02:00:00,14.4,67,20.9,0.0,992.8
2018-05-24 03:00:00,14.1,69,18.7,0.0,992.9
2018-05-24 04:00:00,13.7,71,16.9,0.0,993.2
2018-05-24 05:00:00,13.9,71,18.8,11.0,993.1
2018-05-24 06:00:00,15.5,67,16.9,94.0,993.1
2018-05-24 07:00:00,18.0,60,17.4,239.0,993.4
2018-05-24 08:00:00,20.3,54,22.5,408.0,994.1
2018-05-24 09:00:00,22.9,48,23.3,571.0,993.8
2018-05-24 10:00:00,25.5,41,22.7,704.0,993.5
2018-05-24 11:00:00,27.7,36,23.8,796.0,992.8
2018-05-24 12:00:00,29.4,32,25.0,839.0,992.1
2018-05-24 13:00:00,30.1,30,26.6,643.0,990.7
2018-05-24 14:00:00,29.9,29,26.4,731.0,990.8
2018-05-24 15:00:00,28.8,29,24.2,537.0,990.7
2018-05-24 16:00:00,28.1,31,29.5,431.0,990.1
2018-05-24 17:00:00,26.2,37,24.6,307.0,990.5
2018-05-24 18:00:00,23.8,44,19.3,150.0,991.2
2018-05-24 19:00:00,21.3,51,19.2,37.0,992.0
2018-05-24 20:00:00,21.4,48,25.1,0.0,992.1
2018-05-24 21:00:00,20.7,55,14.0,0.0,992.5
2018-05-24 22:00:00,19.0,68,11.7,0.0,992.8
2018-05-24 23:00:00,18.9,66,17.7,0.0,993.0
2018-05-25 00:00:00,18.6,65,19.7,0.0,992.9
2018-05-25 01:00:00,18.3,67,18.7,0.0,992.9
2018-05-25 02:00:00,17.4,72,13.2,0.0,993.3
2018-05-25 03:00:00,16.2,78,10.0,0.0,993.8
2018-05-25 04:00:00,15.9,78,10.8,0.0,993.8
2018-05-25 05:00:00,16.3,77,10.2,11.0,994.3
2018-05-25 06:00:00,18.5,70,7.3,94.0,994.9
2018-05-25 07:00:00,20.2,63,5.8,235.0,995.8
2018-05-25 08:00:00,22.3,56,12.9,400.0,996.0
2018-05-25 09:00:00,24.0,52,10.4,561.0,995.8
2018-05-25 10:00:00,25.6,48,11.3,692.0,995.5
2018-05-25 11:00:00,27.1,45,10.8,783.0,995.3
2018-05-25 12:00:00,28.5,42,8.3,821.0,995.0
2018-05-25 13:00:00,29.9,39,7.9,805.0,994.8
2018-05-25 14:00:00,30.8,35,16.3,733.0,994.5
2018-05-25 15:00:00,30.4,37,17.1,606.0,994.3
2018-05-25 16:00:00,29.3,36,22.9,461.0,994.3
2018-05-25 17:00:00,28.5,37,20.5,308.0,994.6
2018-05-25 18:00:00,26.5,40,18.6,153.0,995.6
2018-05-25 19:00:00,23.6,48,17.1,40.0,996.2
2018-05-25 20:00:00,21.5,57,16.4,0.0,997.1
2018-05-25 21:00:00,20.8,63,15.6,0.0,997.5
2018-05-25 22:00:00,20.1,66,14.7,0.0,997.5
2018-05-25 23:00:00,18.8,72,10.1,0.0,997.9
2018-05-26 00:00:00,18.0,79,10.0,0.0,998.0
2018-05-26 01:00:00,17.8,80,11.8,0.0,997.8
2018-05-26 02:00:00,17.3,79,9.9,0.0,998.0
2018-05-26 03:00:00,17.3,75,12.0,0.0,998.3
2018-05-26 04:00:00,16.9,76,9.7,0.0,999.1
2018-05-26 05:00:00,16.9,74,15.5,11.0,999.4
2018-05-26 06:00:00,17.9,69,15.1,93.0,999.5
2018-05-26 07:00:00,19.8,61,15.0,232.0,999.7
2018-05-26 08:00:00,21.9,56,18.1,398.0,999.9
2018-05-26 09:00:00,23.9,52,20.9,551.0,999.7
2018-05-26 10:00:00,25.3,50,20.0,666.0,999.6
2018-05-26 11:00:00,26.5,47,16.7,771.0,999.3
2018-05-26 12:00:00,27.8,44,16.6,779.0,999.1
2018-05-26 13:00:00,28.3,43,16.4,743.0,998.6
2018-05-26 14:00:00,28.8,41,14.4,695.0,998.4
2018-05-26 15:00:00,29.9,37,17.0,582.0,997.8
2018-05-26 16:00:00,30.2,35,14.2,368.0,997.3
2018-05-26 17:00:00,28.4,43,19.1,225.0,997.9
2018-05-26 18:00:00,26.8,49,22.4,114.0,998.4
2018-05-26 19:00:00,24.7,53,17.7,26.0,998.8
2018-05-26 20:00:00,22.9,55,15.9,0.0,999.8
2018-05-26 21:00:00,21.9,53,16.0,0.0,1000.1
2018-05-26 22:00:00,21.0,53,20.4,0.0,1000.6
2018-05-26 23:00:00,17.9,74,15.6,0.0,1001.3
2018-05-27 00:00:00,17.1,81,13.4,0.0,999.6
2018-05-27 01:00:00,17.0,81,10.5,0.0,1000.0
2018-05-27 02:00:00,16.5,76,13.0,0.0,999.8
2018-05-27 03:00:00,15.6,77,13.7,0.0,999.8
2018-05-27 04:00:00,15.1,79,16.8,0.0,999.8
2018-05-27 05:00:00,15.2,81,14.8,2.0,999.9
2018-05-27 06:00:00,15.6,80,12.5,23.0,1000.0
2018-05-27 07:00:00,16.4,76,13.0,74.0,999.9
2018-05-27 08:00:00,18.3,78,8.0,252.0,1000.8
2018-05-27 09:00:00,20.3,67,6.5,548.0,1000.2
2018-05-27 10:00:00,21.7,61,5.1,681.0,1000.0
2018-05-27 11:00:00,23.1,55,5.4,783.0,1000.0
2018-05-27 12:00:00,24.3,48,6.6,815.0,999.5
2018-05-27 13:00:00,25.3,43,6.4,807.0,999.0
2018-05-27 14:00:00,26.0,39,6.2,746.0,998.6
2018-05-27 15:00:00,26.2,28,14.5,635.0,998.6
2018-05-27 16:00:00,25.6,31,8.0,405.0,998.1
2018-05-27 17:00:00,25.5,32,3.9,269.0,997.6
2018-05-27 18:00:00,24.8,40,3.7,141.0,998.1
2018-05-27 19:00:00,21.9,53,10.9,35.0,997.9
2018-05-27 20:00:00,20.1,64,8.8,0.0,998.8
2018-05-27 21:00:00,19.2,67,11.4,0.0,999.8
2018-05-27 22:00:00,19.1,76,14.9,0.0,999.8
2018-05-27 23:00:00,18.3,79,12.6,0.0,999.8
2018-05-28 00:00:00,17.4,81,13.1,0.0,999.7
2018-05-28 01:00:00,16.8,81,14.1,0.0,999.1
2018-05-28 02:00:00,16.1,83,9.4,0.0,999.7
2018-05-28 03:00:00,15.8,83,9.3,0.0,999.4
2018-05-28 04:00:00,15.7,82,13.2,0.0,999.3
2018-05-28 05:00:00,15.8,76,23.8,10.0,998.4
2018-05-28 06:00:00,16.4,69,22.1,82.0,998.0
2018-05-28 07:00:00,17.8,64,15.8,163.0,999.2
2018-05-28 08:00:00,18.7,64,13.3,198.0,999.4
2018-05-28 09:00:00,20.1,61,17.0,406.0,998.8
2018-05-28 10:00:00,21.3,59,16.2,538.0,998.9
2018-05-28 11:00:00,21.8,60,18.0,442.0,998.7
2018-05-28 12:00:00,19.2,74,22.6,333.0,998.8
2018-05-28 13:00:00,19.9,70,24.5,179.0,997.7
2018-05-28 14:00:00,20.1,73,20.1,245.0,997.7
2018-05-28 15:00:00,17.3,83,17.1,133.0,997.7
2018-05-28 16:00:00,16.9,90,5.4,90.0,997.7
2018-05-28 17:00:00,17.1,89,6.1,57.0,998.2
2018-05-28 18:00:00,17.1,84,2.9,45.0,998.1
2018-05-28 19:00:00,15.3,95,8.6,40.0,999.0
2018-05-28 20:00:00,14.1,99,7.8,0.0,1001.4
2018-05-28 21:00:00,13.8,98,8.2,0.0,1001.7
2018-05-28 22:00:00,13.6,98,9.4,0.0,1002.2
2018-05-28 23:00:00,12.6,97,8.0,0.0,1002.2
2018-05-29 00:00:00,11.6,98,7.9,0.0,1002.0
2018-05-29 01:00:00,11.1,99,7.9,0.0,1001.6
2018-05-29 02:00:00,10.7,100,7.6,0.0,1001.4
2018-05-29 03:00:00,10.3,100,7.2,0.0,1001.8
2018-05-29 04:00:00,10.2,100,6.1,0.0,1002.1
2018-05-29 05:00:00,10.6,99,6.5,12.0,1002.5
2018-05-29 06:00:00,11.5,96,9.5,82.0,1003.0
2018-05-29 07:00:00,13.4,89,9.7,213.0,1003.0
2018-05-29 08:00:00,16.2,75,13.2,385.0,1002.1
2018-05-29 09:00:00,18.5,61,16.1,470.0,1001.7
2018-05-29 10:00:00,20.5,52,20.1,614.0,1001.8
2018-05-29 11:00:00,22.3,45,21.4,610.0,1001.0
2018-05-29 12:00:00,19.9,54,15.9,360.0,1001.4
2018-05-29 13:00:00,20.6,45,20.8,427.0,1001.1
2018-05-29 14:00:00,20.7,45,16.9,368.0,1001.0
2018-05-29 15:00:00,20.0,49,16.9,370.0,1001.0
2018-05-29 16:00:00,17.7,62,15.3,195.0,1001.1
2018-05-29 17:00:00,17.8,59,10.6,151.0,1001.2
2018-05-29 18:00:00,16.3,68,9.0,56.0,1001.4
2018-05-29 19:00:00,15.5,73,8.0,13.0,1001.3
2018-05-29 20:00:00,14.3,82,9.0,0.0,1001.5
2018-05-29 21:00:00,14.6,81,11.4,0.0,1001.7
2018-05-29 22:00:00,14.0,82,12.2,0.0,1002.0
2018-05-29 23:00:00,13.4,85,10.6,0.0,1002.1
2018-05-30 00:00:00,13.3,86,9.1,0.0,1002.0
2018-05-30 01:00:00,12.9,90,7.3,0.0,1002.1
2018-05-30 02:00:00,12.6,90,8.3,0.0,1001.9
2018-05-30 03:00:00,12.6,87,7.9,0.0,1002.1
2018-05-30 04:00:00,12.6,89,8.5,0.0,1002.1
2018-05-30 05:00:00,12.3,91,6.3,9.0,1002.6
2018-05-30 06:00:00,13.1,86,8.0,55.0,1002.7
2018-05-30 07:00:00,13.0,90,11.7,72.0,1003.0
2018-05-30 08:00:00,14.7,79,6.8,117.0,1002.8
2018-05-30 09:00:00,16.4,70,8.5,391.0,1002.7
2018-05-30 10:00:00,17.1,67,11.3,396.0,1003.4
2018-05-30 11:00:00,18.2,61,14.7,551.0,1003.9
2018-05-30 12:00:00,19.7,53,15.5,542.0,1003.8
2018-05-30 13:00:00,20.1,51,14.5,340.0,1003.6
2018-05-30 14:00:00,21.1,46,10.9,393.0,1003.2
2018-05-30 15:00:00,22.1,42,12.1,483.0,1002.6
2018-05-30 16:00:00,21.6,46,15.9,249.0,1002.6
2018-05-30 17:00:00,20.8,52,16.8,156.0,1003.0
2018-05-30 18:00:00,19.9,57,11.3,105.0,1003.5
2018-05-30 19:00:00,17.6,69,8.6,40.0,1003.7
2018-05-30 20:00:00,18.5,60,1.3,0.0,1004.2
2018-05-30 21:00:00,18.2,61,3.0,0.0,1004.5
2018-05-30 22:00:00,17.2,66,2.3,0.0,1004.8
2018-05-30 23:00:00,16.3,70,3.6,0.0,1005.4
2018-05-31 00:00:00,13.6,86,7.2,0.0,1005.5
2018-05-31 01:00:00,13.0,88,8.1,0.0,1005.8
2018-05-31 02:00:00,12.3,90,8.0,0.0,1005.9
2018-05-31 03:00:00,11.7,91,7.6,0.0,1005.9
2018-05-31 04:00:00,11.4,91,8.0,0.0,1006.1
2018-05-31 05:00:00,11.7,90,7.3,14.0,1006.1
2018-05-31 06:00:00,13.6,82,6.8,104.0,1006.3
2018-05-31 07:00:00,16.3,72,7.7,251.0,1006.6
2018-05-31 08:00:00,19.2,66,8.4,418.0,1007.3
2018-05-31 09:00:00,21.5,58,9.5,575.0,1006.8
2018-05-31 10:00:00,23.5,50,8.8,707.0,1006.9
2018-05-31 11:00:00,25.1,46,8.7,798.0,1007.0
2018-05-31 12:00:00,26.4,42,8.9,838.0,1006.6
2018-05-31 13:00:00,27.4,40,8.2,823.0,1006.0
2018-05-31 14:00:00,28.3,37,8.4,754.0,1005.2
2018-05-31 15:00:00,28.9,36,8.8,640.0,1004.7
2018-05-31 16:00:00,28.9,37,9.9,491.0,1004.2
2018-05-31 17:00:00,28.3,43,8.4,324.0,1004.0
2018-05-31 18:00:00,26.0,59,8.4,164.0,1003.7
2018-05-31 19:00:00,22.8,66,11.4,46.0,1003.8
2018-05-31 20:00:00,21.1,64,11.5,1.0,1004.6
2018-05-31 21:00:00,21.2,61,13.2,0.0,1005.1
2018-05-31 22:00:00,19.9,65,12.5,0.0,1005.5
2018-05-31 23:00:00,18.9,62,12.8,0.0,1005.8
2018-06-01 00:00:00,18.0,62,13.2,0.0,1005.7
2018-06-01 01:00:00,17.3,65,13.5,0.0,1006.0
2018-06-01 02:00:00,16.8,66,14.4,0.0,1005.7
2018-06-01 03:00:00,16.4,67,13.3,0.0,1005.8
2018-06-01 04:00:00,15.7,70,10.7,0.0,1005.7
2018-06-01 05:00:00,16.1,67,11.2,14.0,1005.8
2018-06-01 06:00:00,18.2,60,11.3,103.0,1005.8
2018-06-01 07:00:00,20.7,51,13.9,249.0,1005.8
2018-06-01 08:00:00,23.4,44,16.6,419.0,1006.0
2018-06-01 09:00:00,25.7,40,17.3,582.0,1005.5
2018-06-01 10:00:00,28.0,37,17.9,717.0,1005.3
2018-06-01 11:00:00,29.9,34,19.4,809.0,1005.0
2018-06-01 12:00:00,31.4,32,21.1,850.0,1004.4
2018-06-01 13:00:00,32.4,30,22.6,835.0,1003.8
2018-06-01 14:00:00,32.9,28,23.8,768.0,1003.0
2018-06-01 15:00:00,32.8,27,24.1,654.0,1002.5
2018-06-01 16:00:00,31.8,29,21.8,504.0,1002.0
2018-06-01 17:00:00,30.1,34,19.4,335.0,1001.9
2018-06-01 18:00:00,27.4,39,18.8,171.0,1002.2
2018-06-01 19:00:00,24.9,40,20.6,48.0,1002.6
2018-06-01 20:00:00,23.2,43,18.0,1.0,1003.7
2018-06-01 21:00:00,22.3,44,18.7,0.0,1004.4
2018-06-01 22:00:00,21.6,44,20.3,0.0,1004.5
2018-06-01 23:00:00,21.2,44,20.9,0.0,1004.4
2018-06-02 00:00:00,20.8,44,20.6,0.0,1004.5
2018-06-02 01:00:00,20.3,43,20.9,0.0,1004.2
2018-06-02 02:00:00,20.2,41,22.3,0.0,1003.9
2018-06-02 03:00:00,20.0,40,22.0,0.0,1003.8
2018-06-02 04:00:00,19.9,41,22.4,0.0,1003.8
2018-06-02 05:00:00,20.1,41,22.8,15.0,1003.8
2018-06-02 06:00:00,21.5,39,22.7,104.0,1003.9
2018-06-02 07:00:00,23.5,37,19.7,252.0,1004.1
2018-06-02 08:00:00,25.4,34,24.8,421.0,1004.3
2018-06-02 09:00:00,27.3,30,26.3,585.0,1003.8
2018-06-02 10:00:00,29.1,29,27.5,720.0,1003.9
2018-06-02 11:00:00,30.7,28,28.4,813.0,1003.6
2018-06-02 12:00:00,31.8,26,30.0,855.0,1003.2
2018-06-02 13:00:00,32.3,23,31.0,841.0,1002.7
2018-06-02 14:00:00,32.3,22,31.5,773.0,1002.2
2018-06-02 15:00:00,32.2,21,30.3,657.0,1001.9
2018-06-02 16:00:00,31.5,21,25.7,505.0,1001.3
2018-06-02 17:00:00,30.4,25,19.1,334.0,1001.1
2018-06-02 18:00:00,28.2,30,17.1,168.0,1001.1
2018-06-02 19:00:00,26.0,32,19.3,49.0,1001.4
2018-06-02 20:00:00,24.4,34,18.9,1.0,1002.1
2018-06-02 21:00:00,23.5,37,17.7,0.0,1002.6
2018-06-02 22:00:00,21.8,48,15.2,0.0,1002.6
2018-06-02 23:00:00,20.7,54,16.9,0.0,1002.6
2018-06-03 00:00:00,19.7,50,18.7,0.0,1002.4
2018-06-03 01:00:00,18.8,47,19.5,0.0,1002.1
2018-06-03 02:00:00,18.1,48,18.4,0.0,1002.0
2018-06-03 03:00:00,17.7,51,18.4,0.0,1001.7
2018-06-03 04:00:00,17.7,54,19.4,0.0,1001.6
2018-06-03 05:00:00,18.2,55,20.5,15.0,1001.6
2018-06-03 06:00:00,19.8,52,20.6,103.0,1001.9
2018-06-03 07:00:00,21.6,49,24.5,239.0,1001.5
2018-06-03 08:00:00,24.0,44,27.3,386.0,1001.2
2018-06-03 09:00:00,26.4,38,30.2,524.0,1000.5
2018-06-03 10:00:00,28.4,35,30.6,693.0,1000.3
2018-06-03 11:00:00,30.2,32,32.1,799.0,999.9
2018-06-03 12:00:00,31.4,29,34.3,834.0,999.4
2018-06-03 13:00:00,31.6,26,34.7,694.0,998.7
2018-06-03 14:00:00,31.0,29,36.0,538.0,998.7
2018-06-03 15:00:00,30.6,28,36.9,496.0,998.5
2018-06-03 16:00:00,29.5,34,33.4,319.0,998.4
2018-06-03 17:00:00,28.0,41,28.8,191.0,998.5
2018-06-03 18:00:00,26.7,45,25.7,121.0,999.0
2018-06-03 19:00:00,25.0,47,23.6,30.0,1000.0
2018-06-03 20:00:00,21.7,66,11.0,0.0,1001.7
2018-06-03 21:00:00,21.8,66,11.6,0.0,1002.3
2018-06-03 22:00:00,21.3,66,18.3,0.0,1001.2
2018-06-03 23:00:00,21.4,63,18.7,0.0,1001.0
2018-06-04 00:00:00,21.3,59,17.6,0.0,1001.4
2018-06-04 01:00:00,20.4,59,14.6,0.0,1001.5
2018-06-04 02:00:00,19.8,59,13.5,0.0,1001.6
2018-06-04 03:00:00,19.6,56,13.7,0.0,1001.7
2018-06-04 04:00:00,19.4,56,16.2,0.0,1001.4
2018-06-04 05:00:00,19.7,56,19.4,12.0,1001.0
2018-06-04 06:00:00,20.7,55,20.0,80.0,1001.3
2018-06-04 07:00:00,21.9,51,22.4,183.0,1001.1
2018-06-04 08:00:00,23.6,46,24.7,295.0,1000.9
2018-06-04 09:00:00,25.0,40,24.8,403.0,1000.3
2018-06-04 10:00:00,26.2,35,25.4,456.0,1000.1
2018-06-04 11:00:00,27.3,33,27.5,544.0,1000.0
2018-06-04 12:00:00,29.0,30,29.2,761.0,999.2
2018-06-04 13:00:00,30.1,25,31.2,835.0,998.4
2018-06-04 14:00:00,30.4,22,32.0,697.0,997.5
2018-06-04 15:00:00,29.9,21,30.9,575.0,997.5
2018-06-04 16:00:00,29.2,24,28.2,405.0,997.3
2018-06-04 17:00:00,27.5,34,28.1,319.0,997.1
2018-06-04 18:00:00,25.5,42,28.2,171.0,997.0
2018-06-04 19:00:00,23.5,48,27.6,50.0,997.3
2018-06-04 20:00:00,21.8,52,27.8,1.0,997.6
2018-06-04 21:00:00,20.9,57,27.0,0.0,997.7
2018-06-04 22:00:00,20.0,60,25.6,0.0,997.9
2018-06-04 23:00:00,19.1,62,23.8,0.0,998.3
2018-06-05 00:00:00,18.6,62,25.2,0.0,998.3
2018-06-05 01:00:00,18.1,66,24.9,0.0,998.5
2018-06-05 02:00:00,17.7,75,24.5,0.0,998.5
2018-06-05 03:00:00,17.7,81,23.4,0.0,998.3
2018-06-05 04:00:00,17.9,81,22.1,0.0,998.2
2018-06-05 05:00:00,18.4,78,20.6,12.0,998.4
2018-06-05 06:00:00,19.2,74,23.2,76.0,998.0
2018-06-05 07:00:00,20.7,67,29.2,206.0,997.4
2018-06-05 08:00:00,23.3,58,31.0,407.0,997.1
2018-06-05 09:00:00,25.1,52,32.0,566.0,996.8
2018-06-05 10:00:00,27.0,45,33.4,700.0,997.0
2018-06-05 11:00:00,28.2,41,35.1,792.0,996.9
2018-06-05 12:00:00,30.9,33,38.4,834.0,996.1
2018-06-05 13:00:00,31.6,31,38.5,729.0,995.5
2018-06-05 14:00:00,30.9,34,33.9,541.0,995.2
2018-06-05 15:00:00,29.6,39,33.8,445.0,995.3
2018-06-05 16:00:00,27.0,48,34.8,338.0,995.9
2018-06-05 17:00:00,26.5,49,32.5,304.0,996.4
2018-06-05 18:00:00,25.3,54,32.3,169.0,996.6
2018-06-05 19:00:00,23.2,62,23.7,48.0,997.6
2018-06-05 20:00:00,21.7,68,20.3,1.0,998.4
2018-06-05 21:00:00,21.1,69,19.4,0.0,998.2
2018-06-05 22:00:00,20.5,71,11.6,0.0,999.2
2018-06-05 23:00:00,20.2,73,12.8,0.0,999.5
2018-06-06 00:00:00,20.0,74,15.0,0.0,999.2
2018-06-06 01:00:00,19.8,74,15.4,0.0,998.9
2018-06-06 02:00:00,20.1,73,14.3,0.0,998.9
2018-06-06 03:00:00,20.1,73,14.7,0.0,998.7
2018-06-06 04:00:00,19.9,73,13.9,0.0,998.6
2018-06-06 05:00:00,20.1,72,15.3,7.0,998.6
2018-06-06 06:00:00,20.6,71,9.6,76.0,999.6
2018-06-06 07:00:00,21.7,67,13.1,183.0,999.9
2018-06-06 08:00:00,23.6,60,22.6,272.0,999.6
2018-06-06 09:00:00,24.9,55,19.5,431.0,999.4
2018-06-06 10:00:00,26.7,49,14.8,553.0,999.7
2018-06-06 11:00:00,28.9,42,11.7,781.0,1000.0
2018-06-06 12:00:00,29.8,39,11.0,676.0,999.4
2018-06-06 13:00:00,31.0,36,8.4,749.0,998.8
2018-06-06 14:00:00,31.6,34,10.8,654.0,998.6
2018-06-06 15:00:00,29.7,37,2.0,294.0,998.4
2018-06-06 16:00:00,29.2,43,22.6,284.0,998.4
2018-06-06 17:00:00,29.0,45,17.6,211.0,998.1
2018-06-06 18:00:00,28.4,49,18.4,162.0,998.6
2018-06-06 19:00:00,24.9,60,6.0,45.0,999.9
2018-06-06 20:00:00,23.8,64,11.3,1.0,1000.9
2018-06-06 21:00:00,22.8,68,11.4,0.0,1001.8
2018-06-06 22:00:00,21.8,72,12.7,0.0,1002.5
2018-06-06 23:00:00,21.0,77,16.5,0.0,1002.4
2018-06-07 00:00:00,20.4,79,21.0,0.0,1002.4
2018-06-07 01:00:00,19.4,86,23.2,0.0,1002.8
2018-06-07 02:00:00,19.0,86,19.2,0.0,1002.7
2018-06-07 03:00:00,18.9,86,13.3,0.0,1002.5
2018-06-07 04:00:00,18.8,87,9.3,0.0,1002.7
2018-06-07 05:00:00,19.0,86,7.8,9.0,1003.3
2018-06-07 06:00:00,19.8,82,10.0,45.0,1003.4
2018-06-07 07:00:00,20.5,79,13.1,94.0,1003.2
2018-06-07 08:00:00,21.2,73,12.9,144.0,1003.5
2018-06-07 09:00:00,21.9,70,16.9,235.0,1003.0
2018-06-07 10:00:00,22.6,66,20.2,289.0,1003.0
2018-06-07 11:00:00,23.7,61,21.3,382.0,1003.2
2018-06-07 12:00:00,24.2,59,22.7,383.0,1002.9
2018-06-07 13:00:00,23.8,61,20.3,217.0,1002.1
2018-06-07 14:00:00,24.5,57,16.8,294.0,1001.6
2018-06-07 15:00:00,23.9,61,13.8,217.0,1001.4
2018-06-07 16:00:00,25.1,55,13.3,263.0,1000.8
2018-06-07 17:00:00,26.1,49,12.5,269.0,1000.5
2018-06-07 18:00:00,25.2,54,11.4,141.0,1000.8
2018-06-07 19:00:00,23.6,62,9.7,46.0,1000.7
2018-06-07 20:00:00,19.3,81,3.9,1.0,1002.3
2018-06-07 21:00:00,19.0,86,12.5,0.0,1002.3
2018-06-07 22:00:00,18.6,89,10.6,0.0,1002.1
2018-06-07 23:00:00,18.2,90,9.4,0.0,1001.8
2018-06-08 00:00:00,18.1,91,10.5,0.0,1001.6
2018-06-08 01:00:00,17.7,92,11.1,0.0,1001.4
2018-06-08 02:00:00,17.3,94,8.9,0.0,1001.4
2018-06-08 03:00:00,16.8,95,6.9,0.0,1001.4
2018-06-08 04:00:00,16.2,97,6.5,0.0,1001.4
2018-06-08 05:00:00,16.3,97,6.2,15.0,1001.7
2018-06-08 06:00:00,17.4,91,6.1,104.0,1001.8
2018-06-08 07:00:00,19.0,84,5.4,246.0,1002.1
2018-06-08 08:00:00,20.6,77,4.3,410.0,1002.9
2018-06-08 09:00:00,22.7,66,5.5,571.0,1002.4
2018-06-08 10:00:00,24.6,56,3.7,701.0,1002.2
2018-06-08 11:00:00,26.1,47,3.6,782.0,1002.0
2018-06-08 12:00:00,27.1,41,6.5,813.0,1001.3
2018-06-08 13:00:00,27.6,37,5.8,691.0,1000.9
2018-06-08 14:00:00,27.9,35,5.7,595.0,1000.6
2018-06-08 15:00:00,27.9,33,9.0,465.0,1000.5
2018-06-08 16:00:00,28.0,33,9.8,413.0,1000.2
2018-06-08 17:00:00,27.7,34,8.5,275.0,1000.1
2018-06-08 18:00:00,27.2,38,1.5,159.0,1000.3
2018-06-08 19:00:00,24.6,63,6.1,52.0,1000.5
2018-06-08 20:00:00,22.8,62,8.7,1.0,1000.7
2018-06-08 21:00:00,22.4,68,6.1,0.0,1000.9
2018-06-08 22:00:00,23.2,50,1.9,0.0,1001.2
2018-06-08 23:00:00,22.3,54,2.1,0.0,1001.1
2018-06-09 00:00:00,19.5,72,9.1,0.0,1000.9
2018-06-09 01:00:00,18.2,77,8.3,0.0,1000.9
2018-06-09 02:00:00,17.4,78,9.4,0.0,1000.8
2018-06-09 03:00:00,16.8,80,9.3,0.0,1000.8
2018-06-09 04:00:00,16.6,82,9.5,0.0,1001.0
2018-06-09 05:00:00,17.0,81,7.2,15.0,1001.0
2018-06-09 06:00:00,18.5,74,5.8,93.0,1001.1
2018-06-09 07:00:00,20.6,66,5.7,224.0,1001.1
2018-06-09 08:00:00,23.0,57,5.9,383.0,1001.3
2018-06-09 09:00:00,25.0,49,4.2,526.0,1000.8
2018-06-09 10:00:00,26.7,44,3.4,617.0,1000.5
2018-06-09 11:00:00,28.1,37,3.7,684.0,999.9
2018-06-09 12:00:00,28.5,33,3.3,558.0,999.2
2018-06-09 13:00:00,29.0,30,4.1,580.0,999.1
2018-06-09 14:00:00,29.1,29,4.9,466.0,998.8
2018-06-09 15:00:00,29.1,28,5.8,379.0,998.3
2018-06-09 16:00:00,28.4,30,13.9,225.0,998.0
2018-06-09 17:00:00,26.8,39,17.7,139.0,998.0
2018-06-09 18:00:00,25.5,47,16.9,56.0,998.4
2018-06-09 19:00:00,24.2,52,14.6,18.0,998.7
2018-06-09 20:00:00,23.8,53,11.0,0.0,997.6
2018-06-09 21:00:00,23.3,53,13.2,0.0,998.5
2018-06-09 22:00:00,21.4,67,15.1,0.0,998.8
2018-06-09 23:00:00,19.7,80,12.6,0.0,999.6
2018-06-10 00:00:00,18.4,87,12.8,0.0,999.7
2018-06-10 01:00:00,17.8,88,11.5,0.0,999.1
2018-06-10 02:00:00,17.7,90,10.7,0.0,999.0
2018-06-10 03:00:00,17.5,91,10.4,0.0,998.8
2018-06-10 04:00:00,17.2,93,8.1,0.0,998.7
2018-06-10 05:00:00,17.4,92,8.3,6.0,999.0
2018-06-10 06:00:00,17.4,89,10.9,20.0,999.4
2018-06-10 07:00:00,17.3,88,10.0,34.0,999.6
2018-06-10 08:00:00,17.7,84,9.2,90.0,999.5
2018-06-10 09:00:00,18.9,76,13.7,255.0,998.9
2018-06-10 10:00:00,19.3,74,15.2,313.0,998.9
2018-06-10 11:00:00,19.2,75,13.1,279.0,998.7
2018-06-10 12:00:00,19.9,72,10.5,328.0,998.2
2018-06-10 13:00:00,20.3,73,8.7,318.0,997.7
2018-06-10 14:00:00,21.0,71,10.5,346.0,997.1
2018-06-10 15:00:00,19.7,76,15.1,242.0,997.1
2018-06-10 16:00:00,19.5,80,12.3,140.0,996.7
2018-06-10 17:00:00,19.1,83,9.0,67.0,996.6
2018-06-10 18:00:00,19.2,83,7.3,64.0,996.8
2018-06-10 19:00:00,18.6,88,5.1,18.0,997.2
2018-06-10 20:00:00,18.1,93,6.5,1.0,997.0
2018-06-10 21:00:00,17.9,92,7.9,0.0,997.3
2018-06-10 22:00:00,17.6,90,9.4,0.0,997.1
2018-06-10 23:00:00,17.3,89,10.9,0.0,996.9
2018-06-11 00:00:00,17.0,89,11.5,0.0,996.7
2018-06-11 01:00:00,16.8,90,10.9,0.0,996.6
2018-06-11 02:00:00,16.5,91,9.3,0.0,996.5
2018-06-11 03:00:00,16.5,92,8.4,0.0,996.5
2018-06-11 04:00:00,16.4,93,8.0,0.0,996.4
2018-06-11 05:00:00,16.4,92,8.3,5.0,996.3
2018-06-11 06:00:00,16.7,90,7.6,43.0,996.1
2018-06-11 07:00:00,17.5,86,8.6,138.0,996.2
2018-06-11 08:00:00,18.6,80,10.0,285.0,996.0
2018-06-11 09:00:00,19.7,74,6.3,256.0,995.2
2018-06-11 10:00:00,20.9,67,5.0,465.0,995.0
2018-06-11 11:00:00,21.9,65,1.9,539.0,995.2
2018-06-11 12:00:00,22.5,64,2.3,548.0,994.6
2018-06-11 13:00:00,23.1,64,4.3,614.0,993.9
2018-06-11 14:00:00,23.4,63,6.0,542.0,993.0
2018-06-11 15:00:00,23.6,60,6.5,422.0,992.6
2018-06-11 16:00:00,22.7,66,6.4,333.0,992.4
2018-06-11 17:00:00,22.2,72,5.8,159.0,992.4
2018-06-11 18:00:00,21.9,75,4.7,104.0,992.6
2018-06-11 19:00:00,20.9,83,7.1,39.0,993.2
2018-06-11 20:00:00,19.8,83,9.4,1.0,993.3
2018-06-11 21:00:00,19.1,86,9.5,0.0,994.0
2018-06-11 22:00:00,18.6,89,9.0,0.0,993.9
2018-06-11 23:00:00,18.2,91,8.7,0.0,993.9
2018-06-12 00:00:00,17.7,92,9.7,0.0,993.8
2018-06-12 01:00:00,17.2,92,9.4,0.0,993.9
2018-06-12 02:00:00,16.6,93,8.9,0.0,993.8
2018-06-12 03:00:00,16.2,94,8.0,0.0,994.3
2018-06-12 04:00:00,15.8,96,8.7,0.0,994.3
2018-06-12 05:00:00,15.8,96,8.7,15.0,994.8
2018-06-12 06:00:00,16.9,91,9.7,91.0,995.0
2018-06-12 07:00:00,18.5,82,10.5,232.0,995.4
2018-06-12 08:00:00,19.9,77,7.4,397.0,995.2
2018-06-12 09:00:00,21.6,70,7.3,561.0,994.9
2018-06-12 10:00:00,23.3,61,8.0,697.0,994.7
2018-06-12 11:00:00,24.3,56,7.7,691.0,994.6
2018-06-12 12:00:00,25.3,53,8.1,785.0,994.2
2018-06-12 13:00:00,25.8,52,10.0,705.0,993.8
2018-06-12 14:00:00,26.1,50,9.2,671.0,993.3
2018-06-12 15:00:00,26.1,49,8.2,553.0,992.8
2018-06-12 16:00:00,26.4,46,8.5,387.0,992.6
2018-06-12 17:00:00,25.4,49,12.3,271.0,993.1
2018-06-12 18:00:00,25.0,51,2.3,124.0,993.2
2018-06-12 19:00:00,23.2,69,6.6,49.0,993.8
2018-06-12 20:00:00,22.1,72,7.7,1.0,994.0
2018-06-12 21:00:00,21.4,72,8.4,0.0,994.4
2018-06-12 22:00:00,19.9,77,9.1,0.0,994.4
2018-06-12 23:00:00,19.1,78,11.3,0.0,994.7
2018-06-13 00:00:00,18.9,81,10.8,0.0,994.8
2018-06-13 01:00:00,18.5,84,10.1,0.0,995.2
2018-06-13 02:00:00,18.2,87,10.7,0.0,995.6
2018-06-13 03:00:00,17.9,88,17.4,0.0,996.0
2018-06-13 04:00:00,17.2,91,13.0,0.0,996.2
2018-06-13 05:00:00,17.2,89,9.5,11.0,996.6
2018-06-13 06:00:00,17.8,86,8.7,83.0,997.2
2018-06-13 07:00:00,18.4,83,11.2,114.0,997.0
2018-06-13 08:00:00,19.9,75,16.3,351.0,996.8
2018-06-13 09:00:00,21.0,70,14.8,372.0,996.6
2018-06-13 10:00:00,22.0,65,14.2,433.0,997.4
2018-06-13 11:00:00,21.9,68,13.0,442.0,997.8
2018-06-13 12:00:00,22.6,65,11.1,460.0,997.1
2018-06-13 13:00:00,23.9,59,7.7,531.0,996.4
2018-06-13 14:00:00,25.1,57,8.8,532.0,995.7
2018-06-13 15:00:00,23.4,65,17.2,294.0,995.9
2018-06-13 16:00:00,23.1,66,14.7,235.0,996.1
2018-06-13 17:00:00,23.4,62,12.8,170.0,996.4
2018-06-13 18:00:00,22.3,66,17.3,97.0,996.7
2018-06-13 19:00:00,20.9,74,10.8,39.0,997.1
2018-06-13 20:00:00,20.6,73,10.1,2.0,997.0
2018-06-13 21:00:00,19.7,74,11.6,0.0,998.0
2018-06-13 22:00:00,19.1,78,9.0,0.0,998.0
2018-06-13 23:00:00,18.9,80,7.3,0.0,998.3
2018-06-14 00:00:00,18.8,80,6.5,0.0,998.3
2018-06-14 01:00:00,18.1,82,7.0,0.0,998.4
2018-06-14 02:00:00,17.6,84,6.9,0.0,998.1
2018-06-14 03:00:00,16.9,86,7.4,0.0,998.0
2018-06-14 04:00:00,16.8,87,7.6,0.0,997.9
2018-06-14 05:00:00,17.2,85,9.7,10.0,998.1
2018-06-14 06:00:00,18.0,83,10.5,44.0,998.4
2018-06-14 07:00:00,18.7,80,12.7,112.0,998.4
2018-06-14 08:00:00,17.8,88,9.7,150.0,998.9
2018-06-14 09:00:00,18.0,88,8.8,66.0,998.6
2018-06-14 10:00:00,18.4,82,9.4,94.0,998.8
2018-06-14 11:00:00,19.0,79,11.0,191.0,999.0
2018-06-14 12:00:00,19.8,74,12.2,347.0,998.5
2018-06-14 13:00:00,20.6,71,12.4,363.0,998.2
2018-06-14 14:00:00,20.3,75,14.0,258.0,997.8
2018-06-14 15:00:00,21.0,70,15.0,338.0,997.4
2018-06-14 16:00:00,21.3,71,17.8,303.0,997.3
2018-06-14 17:00:00,21.6,68,12.1,194.0,997.5
2018-06-14 18:00:00,21.1,73,13.8,100.0,997.9
2018-06-14 19:00:00,19.9,77,14.2,21.0,998.4
2018-06-14 20:00:00,19.1,89,9.5,1.0,999.1
2018-06-14 21:00:00,18.7,89,11.4,0.0,999.7
2018-06-14 22:00:00,18.0,90,13.4,0.0,1000.0
2018-06-14 23:00:00,17.7,90,13.7,0.0,1000.4
2018-06-15 00:00:00,17.2,90,13.1,0.0,1000.5
2018-06-15 01:00:00,17.0,90,13.1,0.0,1000.7
2018-06-15 02:00:00,16.8,90,12.2,0.0,1000.9
2018-06-15 03:00:00,17.1,89,10.4,0.0,1001.1
2018-06-15 04:00:00,17.2,89,10.0,0.0,1001.4
2018-06-15 05:00:00,17.4,88,10.5,7.0,1001.7
2018-06-15 06:00:00,17.9,86,10.8,48.0,1001.7
2018-06-15 07:00:00,19.3,78,12.7,241.0,1002.2
2018-06-15 08:00:00,20.6,72,15.2,383.0,1002.8
2018-06-15 09:00:00,21.7,68,16.8,422.0,1002.7
2018-06-15 10:00:00,22.0,67,16.9,271.0,1002.8
2018-06-15 11:00:00,22.7,64,15.3,402.0,1002.9
2018-06-15 12:00:00,23.7,61,16.2,562.0,1002.6
2018-06-15 13:00:00,23.8,62,19.9,617.0,1002.2
2018-06-15 14:00:00,24.6,57,19.5,578.0,1001.8
2018-06-15 15:00:00,24.5,57,21.4,394.0,1001.8
2018-06-15 16:00:00,23.9,61,22.7,304.0,1001.9
2018-06-15 17:00:00,23.6,61,22.7,304.0,1001.6
2018-06-15 18:00:00,22.6,66,19.1,175.0,1002.0
2018-06-15 19:00:00,21.3,70,18.7,53.0,1002.5
2018-06-15 20:00:00,20.3,75,17.7,2.0,1003.3
2018-06-15 21:00:00,19.9,76,18.7,0.0,1003.5
2018-06-15 22:00:00,19.4,79,18.7,0.0,1003.4
2018-06-15 23:00:00,18.9,80,20.5,0.0,1003.0
2018-06-16 00:00:00,18.2,83,19.9,0.0,1002.5
2018-06-16 01:00:00,17.6,85,18.5,0.0,1002.5
2018-06-16 02:00:00,17.3,86,19.1,0.0,1002.5
2018-06-16 03:00:00,17.1,86,19.1,0.0,1002.4
2018-06-16 04:00:00,17.0,87,19.2,0.0,1002.3
2018-06-16 05:00:00,17.3,86,20.1,16.0,1002.5
2018-06-16 06:00:00,18.4,82,21.7,98.0,1002.1
2018-06-16 07:00:00,19.5,77,27.2,180.0,1001.8
2018-06-16 08:00:00,21.3,72,30.1,261.0,1001.0
2018-06-16 09:00:00,22.6,67,39.3,360.0,1000.4
2018-06-16 10:00:00,23.6,64,38.4,396.0,1000.0
2018-06-16 11:00:00,25.2,59,36.9,478.0,1000.1
2018-06-16 12:00:00,25.9,57,35.0,423.0,999.3
2018-06-16 13:00:00,26.7,55,34.9,403.0,998.9
2018-06-16 14:00:00,26.3,57,31.6,394.0,998.5
2018-06-16 15:00:00,27.0,53,30.3,371.0,998.6
2018-06-16 16:00:00,25.3,61,23.8,189.0,998.6
2018-06-16 17:00:00,24.6,64,22.3,166.0,998.6
2018-06-16 18:00:00,24.0,65,20.9,127.0,998.7
2018-06-16 19:00:00,22.8,70,22.4,42.0,998.8
2018-06-16 20:00:00,21.2,76,23.8,2.0,999.4
2018-06-16 21:00:00,20.5,78,23.1,0.0,1000.0
2018-06-16 22:00:00,19.8,80,22.5,0.0,1000.7
2018-06-16 23:00:00,19.3,82,20.0,0.0,1000.7
2018-06-17 00:00:00,19.2,83,18.4,0.0,1000.3
2018-06-17 01:00:00,19.0,83,16.2,0.0,1000.3
2018-06-17 02:00:00,18.9,83,16.5,0.0,1000.4
2018-06-17 03:00:00,18.7,83,17.4,0.0,1000.5
2018-06-17 04:00:00,19.1,82,15.5,0.0,1000.7
2018-06-17 05:00:00,19.3,82,11.7,4.0,1001.1
2018-06-17 06:00:00,19.8,81,16.2,25.0,1001.0
2018-06-17 07:00:00,20.5,79,17.1,92.0,1001.0
2018-06-17 08:00:00,20.1,84,15.3,245.0,1001.3
2018-06-17 09:00:00,21.1,80,14.2,158.0,1001.0
2018-06-17 10:00:00,22.4,75,18.4,307.0,1000.8
2018-06-17 11:00:00,25.1,63,25.5,557.0,1000.4
2018-06-17 12:00:00,25.3,61,25.2,415.0,1000.2
2018-06-17 13:00:00,24.3,65,21.5,245.0,1000.0
2018-06-17 14:00:00,24.4,67,19.5,329.0,999.5
2018-06-17 15:00:00,25.7,62,19.8,364.0,999.1
2018-06-17 16:00:00,25.4,64,21.0,313.0,998.9
2018-06-17 17:00:00,24.0,70,20.2,185.0,998.7
2018-06-17 18:00:00,22.9,72,18.6,120.0,998.9
2018-06-17 19:00:00,21.9,74,18.4,45.0,998.9
2018-06-17 20:00:00,20.3,83,15.9,1.0,1000.0
2018-06-17 21:00:00,19.5,86,16.3,0.0,999.8
2018-06-17 22:00:00,19.1,87,16.2,0.0,999.5
2018-06-17 23:00:00,18.7,88,16.2,0.0,999.6
2018-06-18 00:00:00,18.3,88,16.1,0.0,999.5
2018-06-18 01:00:00,18.1,88,15.5,0.0,999.3
2018-06-18 02:00:00,17.8,88,16.2,0.0,998.8
2018-06-18 03:00:00,17.4,88,16.6,0.0,998.5
2018-06-18 04:00:00,17.0,89,14.8,0.0,998.4
2018-06-18 05:00:00,17.1,88,13.9,15.0,998.9
2018-06-18 06:00:00,18.1,83,16.4,91.0,999.0
2018-06-18 07:00:00,19.5,76,19.8,214.0,998.8
2018-06-18 08:00:00,21.1,69,22.2,364.0,998.0
2018-06-18 09:00:00,23.0,61,24.1,560.0,997.6
2018-06-18 10:00:00,24.7,56,26.1,701.0,996.9
2018-06-18 11:00:00,26.1,54,28.1,787.0,996.6
2018-06-18 12:00:00,27.3,50,30.6,801.0,995.7
2018-06-18 13:00:00,27.8,48,31.6,611.0,994.9
2018-06-18 14:00:00,28.6,45,30.1,624.0,994.1
2018-06-18 15:00:00,28.3,47,28.8,480.0,994.0
2018-06-18 16:00:00,28.1,49,25.5,381.0,994.2
2018-06-18 17:00:00,27.3,56,21.2,273.0,994.3
2018-06-18 18:00:00,25.9,62,19.2,136.0,994.0
2018-06-18 19:00:00,23.8,70,14.1,40.0,994.6
2018-06-18 20:00:00,23.1,73,15.2,1.0,995.6
2018-06-18 21:00:00,22.0,76,15.8,0.0,995.9
2018-06-18 22:00:00,21.1,79,15.0,0.0,996.1
2018-06-18 23:00:00,20.4,79,15.4,0.0,996.0
2018-06-19 00:00:00,19.3,84,15.9,0.0,996.2
2018-06-19 01:00:00,18.6,88,13.0,0.0,996.5
2018-06-19 02:00:00,18.3,91,12.6,0.0,996.3
2018-06-19 03:00:00,18.2,92,13.7,0.0,996.1
2018-06-19 04:00:00,17.9,93,15.6,0.0,996.2
2018-06-19 05:00:00,17.9,92,14.2,3.0,996.2
2018-06-19 06:00:00,18.2,92,10.5,33.0,996.6
2018-06-19 07:00:00,19.4,87,14.4,130.0,996.6
2018-06-19 08:00:00,20.1,86,18.7,288.0,996.9
2018-06-19 09:00:00,21.8,79,18.1,246.0,996.2
2018-06-19 10:00:00,23.0,74,15.7,286.0,996.1
2018-06-19 11:00:00,23.6,71,14.9,315.0,996.3
2018-06-19 12:00:00,24.6,68,12.6,534.0,996.0
2018-06-19 13:00:00,25.4,65,11.2,633.0,995.3
2018-06-19 14:00:00,26.3,57,11.0,657.0,994.9
2018-06-19 15:00:00,27.2,48,10.5,585.0,994.6
2018-06-19 16:00:00,27.4,45,10.9,455.0,994.4
2018-06-19 17:00:00,25.5,53,11.3,270.0,994.3
2018-06-19 18:00:00,22.8,79,12.7,145.0,994.7
2018-06-19 19:00:00,22.2,84,12.6,53.0,995.0
2018-06-19 20:00:00,21.3,76,13.7,2.0,995.0
2018-06-19 21:00:00,20.9,79,13.7,0.0,994.8
2018-06-19 22:00:00,20.2,84,14.2,0.0,995.0
2018-06-19 23:00:00,19.3,87,14.8,0.0,995.2
2018-06-20 00:00:00,18.7,90,15.0,0.0,995.2
2018-06-20 01:00:00,18.1,94,15.1,0.0,995.2
2018-06-20 02:00:00,17.8,95,14.6,0.0,995.2
2018-06-20 03:00:00,17.6,97,13.5,0.0,994.9
2018-06-20 04:00:00,17.2,97,11.7,0.0,995.1
2018-06-20 05:00:00,17.2,96,10.0,16.0,995.3
2018-06-20 06:00:00,18.2,80,8.9,110.0,995.3
2018-06-20 07:00:00,19.6,60,9.9,257.0,995.5
2018-06-20 08:00:00,21.5,60,9.4,426.0,995.8
2018-06-20 09:00:00,23.3,58,10.2,586.0,995.5
2018-06-20 10:00:00,25.0,52,14.3,720.0,995.6
2018-06-20 11:00:00,24.8,48,19.7,803.0,995.8
2018-06-20 12:00:00,25.3,47,16.9,836.0,995.6
2018-06-20 13:00:00,23.9,53,17.3,739.0,995.9
2018-06-20 14:00:00,25.6,35,21.4,578.0,995.5
2018-06-20 15:00:00,24.9,38,26.0,588.0,995.9
2018-06-20 16:00:00,24.4,40,22.0,451.0,996.0
2018-06-20 17:00:00,23.8,43,16.9,318.0,996.2
2018-06-20 18:00:00,22.8,53,8.8,177.0,996.2
2018-06-20 19:00:00,20.7,64,9.0,61.0,996.7
2018-06-20 20:00:00,19.5,74,7.3,3.0,996.8
2018-06-20 21:00:00,19.8,69,4.8,0.0,997.3
2018-06-20 22:00:00,18.2,74,7.3,0.0,998.0
2018-06-20 23:00:00,19.6,57,1.6,0.0,998.1
2018-06-21 00:00:00,17.1,74,5.6,0.0,998.3
2018-06-21 01:00:00,17.6,70,4.0,0.0,998.8
2018-06-21 02:00:00,17.6,70,2.9,0.0,998.6
2018-06-21 03:00:00,15.1,87,5.2,0.0,998.8
2018-06-21 04:00:00,14.6,90,7.2,0.0,999.0
2018-06-21 05:00:00,15.4,85,7.9,14.0,999.1
2018-06-21 06:00:00,17.0,78,7.6,102.0,999.0
2018-06-21 07:00:00,19.5,68,7.3,258.0,998.8
2018-06-21 08:00:00,21.5,63,10.2,431.0,998.8
2018-06-21 09:00:00,23.6,54,10.8,591.0,998.7
2018-06-21 10:00:00,25.3,47,10.5,725.0,998.4
2018-06-21 11:00:00,26.9,41,10.2,813.0,998.5
2018-06-21 12:00:00,28.1,34,11.8,858.0,998.3
2018-06-21 13:00:00,29.1,29,13.2,851.0,997.9
2018-06-21 14:00:00,29.5,28,13.5,735.0,997.4
2018-06-21 15:00:00,29.5,30,12.7,587.0,996.6
2018-06-21 16:00:00,29.3,32,10.6,456.0,996.5
2018-06-21 17:00:00,28.5,40,9.4,305.0,996.4
2018-06-21 18:00:00,26.6,51,11.7,175.0,996.4
2018-06-21 19:00:00,24.4,54,16.1,62.0,996.6
2018-06-21 20:00:00,23.5,59,17.4,3.0,996.8
2018-06-21 21:00:00,22.8,57,17.2,0.0,997.1
2018-06-21 22:00:00,21.5,59,16.4,0.0,997.5
2018-06-21 23:00:00,20.4,61,15.9,0.0,998.0
2018-06-22 00:00:00,19.4,63,14.7,0.0,998.3
2018-06-22 01:00:00,18.8,64,15.0,0.0,998.3
2018-06-22 02:00:00,18.5,66,15.8,0.0,998.3
2018-06-22 03:00:00,18.3,69,17.0,0.0,998.1
2018-06-22 04:00:00,18.2,73,17.3,0.0,998.0
2018-06-22 05:00:00,18.6,69,18.1,16.0,998.0
2018-06-22 06:00:00,20.3,58,18.9,109.0,997.9
2018-06-22 07:00:00,22.4,49,17.7,258.0,997.9
2018-06-22 08:00:00,24.6,46,22.6,428.0,997.8
2018-06-22 09:00:00,26.9,42,25.0,590.0,997.1
2018-06-22 10:00:00,29.0,38,28.2,722.0,996.9
2018-06-22 11:00:00,30.5,33,31.6,812.0,996.4
2018-06-22 12:00:00,31.6,31,33.2,844.0,995.6
2018-06-22 13:00:00,32.1,30,33.9,828.0,994.8
2018-06-22 14:00:00,32.3,29,34.6,776.0,994.3
2018-06-22 15:00:00,32.1,31,34.2,669.0,993.9
2018-06-22 16:00:00,31.7,34,31.6,524.0,993.7
2018-06-22 17:00:00,30.7,41,27.0,357.0,993.7
2018-06-22 18:00:00,29.2,48,23.4,190.0,993.7
2018-06-22 19:00:00,26.7,55,22.7,61.0,994.2
2018-06-22 20:00:00,25.0,58,23.9,3.0,994.4
2018-06-22 21:00:00,24.0,58,23.7,0.0,994.9
2018-06-22 22:00:00,23.2,57,23.2,0.0,994.9
2018-06-22 23:00:00,22.8,58,22.4,0.0,994.9
2018-06-23 00:00:00,22.4,59,22.3,0.0,994.7
2018-06-23 01:00:00,22.2,62,21.5,0.0,994.5
2018-06-23 02:00:00,22.0,65,20.9,0.0,994.5
2018-06-23 03:00:00,21.9,68,20.0,0.0,994.3
2018-06-23 04:00:00,21.5,72,19.8,0.0,994.3
2018-06-23 05:00:00,21.7,72,21.2,15.0,994.2
2018-06-23 06:00:00,22.5,69,20.6,84.0,994.2
2018-06-23 07:00:00,24.0,64,21.1,224.0,994.1
2018-06-23 08:00:00,25.8,59,24.1,379.0,993.9
2018-06-23 09:00:00,27.5,55,26.5,537.0,993.3
2018-06-23 10:00:00,28.8,53,25.8,685.0,993.2
2018-06-23 11:00:00,30.0,49,26.1,768.0,993.0
2018-06-23 12:00:00,30.5,47,26.8,731.0,992.8
2018-06-23 13:00:00,30.8,45,27.0,702.0,992.3
2018-06-23 14:00:00,31.0,43,25.5,638.0,992.4
2018-06-23 15:00:00,30.9,41,24.2,511.0,992.2
2018-06-23 16:00:00,30.9,40,22.7,477.0,992.1
2018-06-23 17:00:00,29.9,43,20.2,345.0,992.4
2018-06-23 18:00:00,28.3,49,16.6,171.0,992.8
2018-06-23 19:00:00,26.5,56,14.3,57.0,993.4
2018-06-23 20:00:00,24.9,58,13.6,3.0,993.9
2018-06-23 21:00:00,24.2,60,12.8,0.0,994.5
2018-06-23 22:00:00,23.3,64,10.0,0.0,995.1
2018-06-23 23:00:00,22.5,69,8.0,0.0,995.9
2018-06-24 00:00:00,21.9,72,7.9,0.0,996.3
2018-06-24 01:00:00,21.3,74,8.3,0.0,996.0
2018-06-24 02:00:00,20.9,75,9.0,0.0,995.9
2018-06-24 03:00:00,20.4,77,8.0,0.0,996.0
2018-06-24 04:00:00,19.7,82,7.1,0.0,996.5
2018-06-24 05:00:00,20.1,82,5.2,15.0,997.0
2018-06-24 06:00:00,22.0,74,5.7,104.0,997.3
2018-06-24 07:00:00,24.1,62,7.9,246.0,997.6
2018-06-24 08:00:00,25.8,50,12.1,411.0,997.8
2018-06-24 09:00:00,27.1,48,8.6,574.0,997.7
2018-06-24 10:00:00,28.6,47,7.2,705.0,997.4
2018-06-24 11:00:00,30.1,44,6.8,795.0,997.3
2018-06-24 12:00:00,31.5,42,6.1,834.0,997.0
2018-06-24 13:00:00,32.6,40,7.6,816.0,996.4
2018-06-24 14:00:00,33.3,40,9.8,689.0,995.7
2018-06-24 15:00:00,33.9,40,11.0,609.0,995.5
2018-06-24 16:00:00,33.9,41,14.1,387.0,995.1
2018-06-24 17:00:00,32.7,45,17.9,215.0,995.4
2018-06-24 18:00:00,30.9,48,15.6,146.0,995.8
2018-06-24 19:00:00,29.2,52,14.5,52.0,996.4
2018-06-24 20:00:00,28.0,54,17.9,2.0,996.5
2018-06-24 21:00:00,27.3,55,18.8,0.0,997.4
2018-06-24 22:00:00,26.7,57,17.2,0.0,997.2
2018-06-24 23:00:00,26.5,57,18.2,0.0,997.2
2018-06-25 00:00:00,26.2,60,17.1,0.0,997.4
2018-06-25 01:00:00,25.9,60,19.0,0.0,997.4
2018-06-25 02:00:00,25.7,60,20.2,0.0,997.5
2018-06-25 03:00:00,25.3,59,17.8,0.0,997.8
2018-06-25 04:00:00,25.0,58,18.1,0.0,998.2
2018-06-25 05:00:00,24.7,58,16.8,4.0,998.5
2018-06-25 06:00:00,24.4,60,13.5,26.0,999.1
2018-06-25 07:00:00,26.0,52,18.2,201.0,999.0
2018-06-25 08:00:00,26.1,53,16.3,248.0,998.7
2018-06-25 09:00:00,27.9,44,20.5,286.0,998.2
2018-06-25 10:00:00,29.8,38,22.6,507.0,998.0
2018-06-25 11:00:00,31.5,32,23.5,663.0,998.1
2018-06-25 12:00:00,32.2,31,24.6,592.0,997.7
2018-06-25 13:00:00,32.9,30,25.3,569.0,997.4
2018-06-25 14:00:00,32.8,28,27.9,473.0,996.9
2018-06-25 15:00:00,32.1,31,29.4,432.0,996.9
2018-06-25 16:00:00,31.1,32,29.5,280.0,996.4
2018-06-25 17:00:00,29.6,36,29.5,178.0,996.2
2018-06-25 18:00:00,28.0,42,26.0,72.0,996.9
2018-06-25 19:00:00,26.6,47,24.1,39.0,998.0
2018-06-25 20:00:00,25.1,51,21.1,1.0,998.3
2018-06-25 21:00:00,24.4,53,19.5,0.0,998.6
2018-06-25 22:00:00,23.9,54,18.4,0.0,998.2
2018-06-25 23:00:00,23.4,57,18.4,0.0,998.3
2018-06-26 00:00:00,23.0,60,17.4,0.0,998.0
2018-06-26 01:00:00,22.5,63,18.3,0.0,998.0
2018-06-26 02:00:00,22.1,64,17.0,0.0,997.6
2018-06-26 03:00:00,21.6,64,15.9,0.0,997.1
2018-06-26 04:00:00,21.5,59,15.9,0.0,996.9
2018-06-26 05:00:00,21.3,59,15.9,9.0,996.7
2018-06-26 06:00:00,21.9,58,15.6,68.0,996.4
2018-06-26 07:00:00,22.6,57,19.1,152.0,996.2
2018-06-26 08:00:00,24.5,48,20.2,234.0,995.9
2018-06-26 09:00:00,25.9,44,17.6,523.0,995.5
2018-06-26 10:00:00,27.4,41,20.2,640.0,995.0
2018-06-26 11:00:00,28.3,39,19.9,783.0,994.1
2018-06-26 12:00:00,28.9,38,14.7,738.0,993.1
2018-06-26 13:00:00,29.3,37,12.4,657.0,992.4
2018-06-26 14:00:00,30.3,35,12.8,728.0,991.6
2018-06-26 15:00:00,30.8,35,12.1,658.0,990.9
2018-06-26 16:00:00,30.7,36,11.1,494.0,990.1
2018-06-26 17:00:00,30.3,37,11.2,339.0,989.7
2018-06-26 18:00:00,29.7,39,10.0,174.0,989.7
2018-06-26 19:00:00,28.4,45,9.0,64.0,990.1
2018-06-26 20:00:00,26.4,50,11.5,3.0,989.9
2018-06-26 21:00:00,25.4,54,15.3,0.0,990.1
2018-06-26 22:00:00,24.4,61,16.6,0.0,990.2
2018-06-26 23:00:00,23.3,65,14.8,0.0,990.9
2018-06-27 00:00:00,22.5,68,23.7,0.0,989.7
2018-06-27 01:00:00,21.6,73,29.5,0.0,988.6
2018-06-27 02:00:00,21.7,74,20.3,0.0,988.5
2018-06-27 03:00:00,21.4,77,15.8,0.0,988.8
2018-06-27 04:00:00,21.0,80,18.7,0.0,988.5
2018-06-27 05:00:00,21.2,85,15.8,15.0,988.6
2018-06-27 06:00:00,22.4,83,15.0,104.0,988.6
2018-06-27 07:00:00,23.9,78,17.3,245.0,989.0
2018-06-27 08:00:00,24.5,75,15.2,410.0,990.1
2018-06-27 09:00:00,26.0,65,10.1,357.0,989.7
2018-06-27 10:00:00,27.6,54,10.0,591.0,989.4
2018-06-27 11:00:00,29.0,45,10.3,788.0,989.3
2018-06-27 12:00:00,30.1,38,10.2,820.0,988.8
2018-06-27 13:00:00,28.2,44,10.9,801.0,989.2
2018-06-27 14:00:00,30.0,40,14.0,680.0,988.2
2018-06-27 15:00:00,31.0,35,17.4,591.0,988.1
2018-06-27 16:00:00,28.3,48,16.0,369.0,988.5
2018-06-27 17:00:00,26.0,57,9.0,206.0,989.3
2018-06-27 18:00:00,26.7,53,6.5,130.0,989.3
2018-06-27 19:00:00,25.8,60,9.2,59.0,990.0
2018-06-27 20:00:00,24.5,69,10.9,2.0,990.7
2018-06-27 21:00:00,24.8,62,8.0,0.0,991.2
2018-06-27 22:00:00,23.9,67,9.0,0.0,991.5
2018-06-27 23:00:00,23.3,67,11.0,0.0,991.8
2018-06-28 00:00:00,22.5,72,11.4,0.0,992.2
2018-06-28 01:00:00,21.5,78,10.2,0.0,992.3
2018-06-28 02:00:00,20.6,82,9.7,0.0,992.4
2018-06-28 03:00:00,19.7,86,9.0,0.0,992.4
2018-06-28 04:00:00,19.0,90,7.3,0.0,992.6
2018-06-28 05:00:00,18.8,91,6.2,14.0,992.5
2018-06-28 06:00:00,19.8,86,8.4,99.0,992.6
2018-06-28 07:00:00,21.2,76,10.6,235.0,992.9
2018-06-28 08:00:00,22.8,66,11.9,385.0,992.8
2018-06-28 09:00:00,23.6,61,11.1,447.0,992.7
2018-06-28 10:00:00,24.2,57,11.9,495.0,992.8
2018-06-28 11:00:00,24.9,56,12.6,567.0,992.4
2018-06-28 12:00:00,25.8,53,12.7,623.0,991.7
2018-06-28 13:00:00,26.6,49,12.3,704.0,991.1
2018-06-28 14:00:00,27.4,47,12.8,715.0,990.3
2018-06-28 15:00:00,27.7,46,11.2,596.0,990.5
2018-06-28 16:00:00,27.2,47,9.5,439.0,990.4
2018-06-28 17:00:00,27.3,45,7.2,319.0,990.0
2018-06-28 18:00:00,26.8,46,5.3,178.0,990.0
2018-06-28 19:00:00,25.9,51,4.3,62.0,990.3
2018-06-28 20:00:00,25.9,50,2.8,3.0,990.7
2018-06-28 21:00:00,24.9,55,2.8,0.0,991.0
2018-06-28 22:00:00,23.4,64,8.4,0.0,991.0
2018-06-28 23:00:00,22.0,74,9.5,0.0,991.2
2018-06-29 00:00:00,21.1,79,9.7,0.0,991.1
2018-06-29 01:00:00,20.6,81,9.2,0.0,991.5
2018-06-29 02:00:00,20.2,79,9.5,0.0,991.6
2018-06-29 03:00:00,19.8,78,9.1,0.0,991.5
2018-06-29 04:00:00,19.4,81,11.2,0.0,991.5
2018-06-29 05:00:00,19.7,80,10.9,14.0,991.6
2018-06-29 06:00:00,21.3,73,12.2,98.0,991.9
2018-06-29 07:00:00,23.5,65,16.1,236.0,992.3
2018-06-29 08:00:00,25.8,54,17.8,393.0,991.8
2018-06-29 09:00:00,28.0,46,17.3,554.0,991.6
2018-06-29 10:00:00,30.1,39,17.7,709.0,991.7
2018-06-29 11:00:00,31.9,33,19.5,805.0,991.7
2018-06-29 12:00:00,33.3,29,21.0,851.0,991.4
2018-06-29 13:00:00,34.2,27,21.5,841.0,991.2
2018-06-29 14:00:00,34.5,26,21.2,743.0,990.9
2018-06-29 15:00:00,33.8,27,26.5,523.0,991.5
2018-06-29 16:00:00,31.3,38,18.4,223.0,992.0
2018-06-29 17:00:00,31.5,36,16.2,220.0,992.3
2018-06-29 18:00:00,30.3,45,14.3,146.0,992.7
2018-06-29 19:00:00,28.9,53,14.2,52.0,993.2
2018-06-29 20:00:00,27.1,60,16.6,3.0,994.1
2018-06-29 21:00:00,26.1,62,17.1,0.0,995.1
2018-06-29 22:00:00,24.7,68,16.6,0.0,995.2
2018-06-29 23:00:00,23.8,71,14.8,0.0,995.7
2018-06-30 00:00:00,23.2,73,13.0,0.0,996.0
2018-06-30 01:00:00,22.7,73,14.8,0.0,996.3
2018-06-30 02:00:00,22.4,71,15.9,0.0,997.0
2018-06-30 03:00:00,21.8,71,20.7,0.0,997.2
2018-06-30 04:00:00,21.4,70,19.6,0.0,997.4
2018-06-30 05:00:00,21.4,69,17.3,12.0,998.2
2018-06-30 06:00:00,22.1,66,16.9,88.0,998.7
2018-06-30 07:00:00,23.8,61,19.1,227.0,998.8
2018-06-30 08:00:00,25.6,55,19.6,370.0,999.3
2018-06-30 09:00:00,27.8,50,22.0,550.0,999.1
2018-06-30 10:00:00,29.9,43,23.7,675.0,999.3
2018-06-30 11:00:00,31.4,39,24.4,777.0,999.2
2018-06-30 12:00:00,32.8,34,25.6,822.0,998.9
2018-06-30 13:00:00,33.7,30,25.6,813.0,998.8
2018-06-30 14:00:00,33.7,29,24.7,727.0,998.7
2018-06-30 15:00:00,33.2,30,22.8,538.0,998.3
2018-06-30 16:00:00,32.8,33,21.9,467.0,998.4
2018-06-30 17:00:00,32.3,33,19.7,321.0,998.1
2018-06-30 18:00:00,31.1,41,16.5,185.0,998.5
2018-06-30 19:00:00,29.7,47,14.0,62.0,999.1
2018-06-30 20:00:00,28.2,51,17.0,3.0,999.7
2018-06-30 21:00:00,26.7,58,19.4,0.0,1000.5
2018-06-30 22:00:00,25.4,61,15.3,0.0,1001.3
2018-06-30 23:00:00,24.3,64,12.7,0.0,1002.1
