date,temperature_2m,relative_humidity_2m,wind_speed_10m,shortwave_radiation,surface_pressure
2016-07-01 00:00:00,27.4,82,11.3,0.0,1005.3
2016-07-01 01:00:00,27.0,82,10.8,0.0,1004.5
2016-07-01 02:00:00,26.7,83,10.2,0.0,1003.9
2016-07-01 03:00:00,26.9,84,10.4,0.0,1003.6
2016-07-01 04:00:00,26.7,84,10.9,0.0,1003.2
2016-07-01 05:00:00,26.6,84,10.8,0.0,1003.0
2016-07-01 06:00:00,26.3,86,8.0,7.0,1002.2
2016-07-01 07:00:00,26.6,87,10.1,54.0,1002.6
2016-07-01 08:00:00,27.4,85,11.2,114.0,1002.9
2016-07-01 09:00:00,28.3,83,13.0,181.0,1003.1
2016-07-01 10:00:00,29.4,80,13.7,282.0,1003.0
2016-07-01 11:00:00,30.4,76,12.7,336.0,1003.2
2016-07-01 12:00:00,31.4,71,14.6,422.0,1002.8
2016-07-01 13:00:00,32.4,66,15.6,558.0,1002.1
2016-07-01 14:00:00,33.0,63,15.7,578.0,1001.9
2016-07-01 15:00:00,32.0,69,10.7,347.0,1001.5
2016-07-01 16:00:00,31.9,70,6.8,289.0,1001.3
2016-07-01 17:00:00,31.6,72,4.1,188.0,1001.4
2016-07-01 18:00:00,30.7,77,8.0,89.0,1001.4
2016-07-01 19:00:00,29.5,83,6.5,21.0,1001.9
2016-07-01 20:00:00,28.8,85,5.9,0.0,1002.6
2016-07-01 21:00:00,29.1,80,4.4,0.0,1002.9
2016-07-01 22:00:00,28.1,85,2.7,0.0,1003.1
2016-07-01 23:00:00,27.2,90,2.3,0.0,1003.0
2016-07-02 00:00:00,26.6,93,4.7,0.0,1002.6
2016-07-02 01:00:00,26.6,92,5.9,0.0,1001.8
2016-07-02 02:00:00,26.8,89,7.8,0.0,1001.5
2016-07-02 03:00:00,26.5,84,9.7,0.0,1001.6
2016-07-02 04:00:00,26.4,83,9.2,0.0,1001.8
2016-07-02 05:00:00,26.1,84,6.7,0.0,1002.3
2016-07-02 06:00:00,25.8,88,4.3,18.0,1003.2
2016-07-02 07:00:00,26.4,87,5.5,95.0,1003.8
2016-07-02 08:00:00,27.4,84,6.5,239.0,1004.3
2016-07-02 09:00:00,28.6,80,8.1,466.0,1004.9
2016-07-02 10:00:00,29.8,76,8.0,631.0,1005.2
2016-07-02 11:00:00,30.9,72,6.0,652.0,1005.4
2016-07-02 12:00:00,31.9,69,4.6,729.0,1004.9
2016-07-02 13:00:00,32.7,66,4.5,767.0,1004.4
2016-07-02 14:00:00,33.0,65,5.8,668.0,1003.9
2016-07-02 15:00:00,30.7,74,7.2,433.0,1003.5
2016-07-02 16:00:00,30.0,79,9.7,268.0,1003.4
2016-07-02 17:00:00,28.7,85,6.4,147.0,1004.0
2016-07-02 18:00:00,27.2,92,3.9,56.0,1005.5
2016-07-02 19:00:00,26.9,93,2.6,10.0,1005.3
2016-07-02 20:00:00,26.8,93,3.9,0.0,1006.0
2016-07-02 21:00:00,26.9,92,5.8,0.0,1006.3
2016-07-02 22:00:00,26.2,96,6.7,0.0,1006.0
2016-07-02 23:00:00,25.9,97,5.4,0.0,1005.5
2016-07-03 00:00:00,25.7,97,4.6,0.0,1004.9
2016-07-03 01:00:00,25.5,98,4.5,0.0,1004.4
2016-07-03 02:00:00,25.4,98,3.1,0.0,1003.9
2016-07-03 03:00:00,25.3,98,3.4,0.0,1003.5
2016-07-03 04:00:00,24.7,99,3.7,0.0,1003.2
2016-07-03 05:00:00,24.8,99,5.0,0.0,1003.3
2016-07-03 06:00:00,25.1,98,1.1,13.0,1003.4
2016-07-03 07:00:00,25.8,96,1.5,42.0,1003.8
2016-07-03 08:00:00,26.6,93,2.8,86.0,1004.1
2016-07-03 09:00:00,27.7,89,4.8,178.0,1004.3
2016-07-03 10:00:00,29.0,85,6.5,292.0,1004.2
2016-07-03 11:00:00,30.5,79,8.3,449.0,1004.1
2016-07-03 12:00:00,31.2,75,7.7,417.0,1003.9
2016-07-03 13:00:00,31.4,73,9.3,374.0,1003.6
2016-07-03 14:00:00,31.7,70,11.5,432.0,1003.3
2016-07-03 15:00:00,30.1,76,11.2,237.0,1003.2
2016-07-03 16:00:00,30.0,75,8.4,194.0,1003.2
2016-07-03 17:00:00,29.4,77,5.0,78.0,1003.6
2016-07-03 18:00:00,28.8,81,5.8,34.0,1003.6
2016-07-03 19:00:00,28.2,82,5.6,11.0,1003.6
2016-07-03 20:00:00,27.7,84,7.4,0.0,1004.0
2016-07-03 21:00:00,27.3,87,7.6,0.0,1004.8
2016-07-03 22:00:00,27.0,89,6.4,0.0,1004.8
2016-07-03 23:00:00,26.7,92,5.5,0.0,1004.7
2016-07-04 00:00:00,26.4,93,6.2,0.0,1004.0
2016-07-04 01:00:00,26.2,94,7.1,0.0,1003.3
2016-07-04 02:00:00,26.0,95,7.4,0.0,1002.9
2016-07-04 03:00:00,26.1,93,6.7,0.0,1002.7
2016-07-04 04:00:00,26.0,93,6.8,0.0,1002.4
2016-07-04 05:00:00,26.0,92,7.6,0.0,1002.6
2016-07-04 06:00:00,26.3,91,7.2,16.0,1003.3
2016-07-04 07:00:00,27.1,89,9.3,82.0,1003.3
2016-07-04 08:00:00,28.8,84,10.2,269.0,1003.1
2016-07-04 09:00:00,30.5,77,12.6,514.0,1003.3
2016-07-04 10:00:00,31.7,72,14.8,613.0,1003.2
2016-07-04 11:00:00,32.8,66,16.4,725.0,1003.2
2016-07-04 12:00:00,33.6,61,16.1,739.0,1003.0
2016-07-04 13:00:00,33.7,60,15.1,584.0,1002.4
2016-07-04 14:00:00,34.0,59,14.6,561.0,1002.1
2016-07-04 15:00:00,34.8,54,13.2,707.0,1001.6
2016-07-04 16:00:00,34.6,58,10.6,510.0,1001.2
2016-07-04 17:00:00,33.7,63,9.8,328.0,1001.4
2016-07-04 18:00:00,32.0,69,7.2,154.0,1002.1
2016-07-04 19:00:00,30.6,73,6.0,36.0,1002.8
2016-07-04 20:00:00,29.6,77,2.0,0.0,1003.2
2016-07-04 21:00:00,28.8,78,7.0,0.0,1004.0
2016-07-04 22:00:00,28.5,77,5.4,0.0,1004.0
2016-07-04 23:00:00,28.1,75,6.4,0.0,1004.1
2016-07-05 00:00:00,27.8,74,7.3,0.0,1003.9
2016-07-05 01:00:00,27.6,74,10.8,0.0,1003.5
2016-07-05 02:00:00,27.3,75,11.9,0.0,1003.6
2016-07-05 03:00:00,27.1,76,13.3,0.0,1003.9
2016-07-05 04:00:00,26.8,78,13.5,0.0,1004.4
2016-07-05 05:00:00,26.6,81,12.4,0.0,1004.7
2016-07-05 06:00:00,26.6,83,6.2,36.0,1006.1
2016-07-05 07:00:00,28.0,82,8.3,181.0,1006.5
2016-07-05 08:00:00,29.5,75,9.4,371.0,1006.7
2016-07-05 09:00:00,30.8,71,10.3,576.0,1007.1
2016-07-05 10:00:00,32.0,66,11.3,744.0,1007.1
2016-07-05 11:00:00,32.8,63,10.5,783.0,1007.4
2016-07-05 12:00:00,33.5,60,8.9,905.0,1007.4
2016-07-05 13:00:00,34.0,58,7.6,914.0,1006.9
2016-07-05 14:00:00,34.4,56,4.7,795.0,1007.0
2016-07-05 15:00:00,33.7,59,1.9,662.0,1006.5
2016-07-05 16:00:00,32.8,64,4.7,441.0,1006.3
2016-07-05 17:00:00,29.3,82,7.8,233.0,1006.7
2016-07-05 18:00:00,28.3,87,9.1,125.0,1008.8
2016-07-05 19:00:00,27.7,90,6.9,28.0,1008.4
2016-07-05 20:00:00,27.0,93,8.0,0.0,1009.3
2016-07-05 21:00:00,26.7,93,8.6,0.0,1010.0
2016-07-05 22:00:00,26.4,94,5.6,0.0,1009.8
2016-07-05 23:00:00,26.0,96,4.1,0.0,1009.6
2016-07-06 00:00:00,25.6,97,3.1,0.0,1009.1
2016-07-06 01:00:00,25.6,96,3.7,0.0,1009.0
2016-07-06 02:00:00,25.8,96,4.3,0.0,1009.1
2016-07-06 03:00:00,24.9,97,3.4,0.0,1009.1
2016-07-06 04:00:00,25.1,96,3.8,0.0,1009.3
2016-07-06 05:00:00,25.7,95,1.6,0.0,1009.6
2016-07-06 06:00:00,25.8,96,1.9,21.0,1010.3
2016-07-06 07:00:00,26.7,93,3.6,96.0,1010.0
2016-07-06 08:00:00,27.8,90,5.9,242.0,1010.1
2016-07-06 09:00:00,29.2,83,7.5,427.0,1010.2
2016-07-06 10:00:00,30.2,76,9.3,521.0,1010.4
2016-07-06 11:00:00,30.9,72,9.7,520.0,1010.0
2016-07-06 12:00:00,31.5,69,7.8,522.0,1009.7
2016-07-06 13:00:00,32.0,66,6.1,533.0,1009.2
2016-07-06 14:00:00,32.1,65,5.3,409.0,1008.8
2016-07-06 15:00:00,32.3,63,4.7,435.0,1008.3
2016-07-06 16:00:00,31.9,65,5.8,271.0,1007.9
2016-07-06 17:00:00,31.1,73,6.6,148.0,1008.0
2016-07-06 18:00:00,30.2,76,10.9,73.0,1008.5
2016-07-06 19:00:00,29.4,79,11.0,20.0,1009.0
2016-07-06 20:00:00,28.7,82,4.6,0.0,1009.0
2016-07-06 21:00:00,28.4,83,4.6,0.0,1009.3
2016-07-06 22:00:00,28.0,84,4.7,0.0,1009.3
2016-07-06 23:00:00,27.6,85,6.3,0.0,1009.0
2016-07-07 00:00:00,27.1,86,5.8,0.0,1008.8
2016-07-07 01:00:00,26.6,89,5.8,0.0,1008.4
2016-07-07 02:00:00,26.1,92,4.7,0.0,1008.4
2016-07-07 03:00:00,25.8,95,5.4,0.0,1007.8
2016-07-07 04:00:00,25.7,95,6.2,0.0,1008.4
2016-07-07 05:00:00,25.5,96,6.8,0.0,1008.3
2016-07-07 06:00:00,25.7,96,8.7,32.0,1009.0
2016-07-07 07:00:00,27.0,91,8.7,165.0,1008.9
2016-07-07 08:00:00,28.2,84,7.9,347.0,1008.7
2016-07-07 09:00:00,29.3,78,10.2,493.0,1008.8
2016-07-07 10:00:00,30.0,74,10.0,517.0,1008.5
2016-07-07 11:00:00,30.6,71,9.2,579.0,1008.3
2016-07-07 12:00:00,31.0,69,10.2,553.0,1007.7
2016-07-07 13:00:00,31.6,68,10.5,644.0,1007.1
2016-07-07 14:00:00,32.2,67,11.3,768.0,1006.6
2016-07-07 15:00:00,31.8,69,12.9,613.0,1005.8
2016-07-07 16:00:00,30.4,73,13.4,394.0,1005.5
2016-07-07 17:00:00,29.7,78,13.0,187.0,1005.2
2016-07-07 18:00:00,29.0,81,11.2,113.0,1005.9
2016-07-07 19:00:00,28.3,84,8.3,38.0,1006.2
2016-07-07 20:00:00,27.6,87,9.4,0.0,1006.5
2016-07-07 21:00:00,27.2,89,9.7,0.0,1006.3
2016-07-07 22:00:00,26.7,91,9.1,0.0,1006.0
2016-07-07 23:00:00,26.3,93,9.1,0.0,1005.6
2016-07-08 00:00:00,25.8,95,7.1,0.0,1005.3
2016-07-08 01:00:00,25.5,96,6.0,0.0,1004.8
2016-07-08 02:00:00,25.3,96,6.2,0.0,1004.8
2016-07-08 03:00:00,25.3,97,7.7,0.0,1004.3
2016-07-08 04:00:00,25.2,98,9.6,0.0,1004.5
2016-07-08 05:00:00,25.2,97,9.8,0.0,1004.7
2016-07-08 06:00:00,25.5,97,10.4,22.0,1005.2
2016-07-08 07:00:00,26.0,94,11.3,105.0,1005.3
2016-07-08 08:00:00,26.9,88,13.0,252.0,1005.3
2016-07-08 09:00:00,28.1,81,14.6,426.0,1004.9
2016-07-08 10:00:00,29.2,75,15.6,589.0,1004.8
2016-07-08 11:00:00,29.7,73,16.1,573.0,1004.4
2016-07-08 12:00:00,30.1,72,16.0,601.0,1003.6
2016-07-08 13:00:00,30.4,71,15.1,719.0,1002.9
2016-07-08 14:00:00,30.8,69,16.6,697.0,1002.3
2016-07-08 15:00:00,30.4,69,17.7,549.0,1002.0
2016-07-08 16:00:00,29.9,72,18.7,399.0,1001.6
2016-07-08 17:00:00,29.0,76,16.2,223.0,1001.5
2016-07-08 18:00:00,28.1,81,10.9,111.0,1001.7
2016-07-08 19:00:00,27.3,84,10.8,39.0,1002.6
2016-07-08 20:00:00,26.6,88,11.4,0.0,1003.0
2016-07-08 21:00:00,26.1,90,13.4,0.0,1003.4
2016-07-08 22:00:00,25.8,92,13.3,0.0,1003.4
2016-07-08 23:00:00,25.5,94,11.9,0.0,1002.7
2016-07-09 00:00:00,25.4,94,11.3,0.0,1002.4
2016-07-09 01:00:00,25.3,95,10.4,0.0,1002.2
2016-07-09 02:00:00,25.3,95,11.1,0.0,1001.8
2016-07-09 03:00:00,25.2,96,11.0,0.0,1001.9
2016-07-09 04:00:00,25.2,96,10.0,0.0,1002.1
2016-07-09 05:00:00,25.2,96,9.0,0.0,1002.2
2016-07-09 06:00:00,25.4,95,9.2,20.0,1002.6
2016-07-09 07:00:00,26.0,91,12.3,75.0,1002.6
2016-07-09 08:00:00,26.6,88,14.3,134.0,1002.6
2016-07-09 09:00:00,27.7,82,15.4,278.0,1002.6
2016-07-09 10:00:00,28.6,78,15.2,386.0,1002.4
2016-07-09 11:00:00,29.6,74,13.1,556.0,1002.4
2016-07-09 12:00:00,30.2,72,13.1,588.0,1001.9
2016-07-09 13:00:00,30.5,71,11.9,583.0,1001.7
2016-07-09 14:00:00,30.7,70,12.2,558.0,1001.2
2016-07-09 15:00:00,27.1,87,14.8,139.0,1001.0
2016-07-09 16:00:00,27.7,82,15.6,300.0,1000.6
2016-07-09 17:00:00,27.9,81,15.4,228.0,1000.5
2016-07-09 18:00:00,27.5,83,14.5,96.0,1000.9
2016-07-09 19:00:00,27.0,86,12.9,26.0,1000.9
2016-07-09 20:00:00,26.6,89,11.6,0.0,1000.7
2016-07-09 21:00:00,26.4,91,11.6,0.0,1001.0
2016-07-09 22:00:00,26.2,93,11.9,0.0,1000.9
2016-07-09 23:00:00,26.2,94,10.7,0.0,1000.9
2016-07-10 00:00:00,26.1,95,9.2,0.0,1000.6
2016-07-10 01:00:00,25.9,96,8.9,0.0,999.9
2016-07-10 02:00:00,25.8,97,8.7,0.0,999.5
2016-07-10 03:00:00,25.8,97,9.7,0.0,999.4
2016-07-10 04:00:00,25.7,97,10.9,0.0,999.3
2016-07-10 05:00:00,25.7,97,10.7,0.0,999.1
2016-07-10 06:00:00,25.9,97,11.3,16.0,999.7
2016-07-10 07:00:00,26.2,96,14.5,69.0,999.7
2016-07-10 08:00:00,26.8,92,14.8,124.0,999.7
2016-07-10 09:00:00,27.8,89,13.8,292.0,999.3
2016-07-10 10:00:00,27.9,90,13.5,256.0,999.4
2016-07-10 11:00:00,28.7,88,14.5,412.0,999.3
2016-07-10 12:00:00,29.2,87,14.0,496.0,998.2
2016-07-10 13:00:00,29.3,86,14.2,448.0,998.4
2016-07-10 14:00:00,29.0,85,12.2,298.0,997.9
2016-07-10 15:00:00,27.3,94,13.4,82.0,997.7
2016-07-10 16:00:00,27.3,95,10.9,66.0,997.0
2016-07-10 17:00:00,27.2,95,9.0,26.0,997.0
2016-07-10 18:00:00,27.2,95,9.3,33.0,997.5
2016-07-10 19:00:00,27.1,95,9.3,17.0,997.8
2016-07-10 20:00:00,26.9,95,7.9,0.0,998.0
2016-07-10 21:00:00,26.7,95,6.8,0.0,998.6
2016-07-10 22:00:00,26.4,95,6.1,0.0,998.7
2016-07-10 23:00:00,26.2,95,5.4,0.0,999.0
2016-07-11 00:00:00,26.1,95,6.8,0.0,998.9
2016-07-11 01:00:00,26.0,95,8.0,0.0,998.4
2016-07-11 02:00:00,25.9,95,8.1,0.0,998.1
2016-07-11 03:00:00,25.9,95,7.4,0.0,998.1
2016-07-11 04:00:00,25.8,95,7.4,0.0,997.7
2016-07-11 05:00:00,25.7,95,6.8,0.0,997.7
2016-07-11 06:00:00,25.7,95,7.1,9.0,998.6
2016-07-11 07:00:00,26.2,94,6.1,52.0,998.7
2016-07-11 08:00:00,26.8,92,4.3,103.0,998.4
2016-07-11 09:00:00,27.8,87,5.6,234.0,998.8
2016-07-11 10:00:00,28.8,81,6.8,346.0,998.8
2016-07-11 11:00:00,29.3,80,5.8,346.0,998.6
2016-07-11 12:00:00,29.3,81,4.6,196.0,998.2
2016-07-11 13:00:00,30.2,78,4.4,458.0,997.5
2016-07-11 14:00:00,30.3,78,6.4,348.0,997.2
2016-07-11 15:00:00,30.0,79,9.4,429.0,996.7
2016-07-11 16:00:00,29.5,81,6.0,346.0,996.9
2016-07-11 17:00:00,29.1,84,5.0,172.0,996.7
2016-07-11 18:00:00,28.7,87,5.4,71.0,996.9
2016-07-11 19:00:00,28.1,90,4.5,18.0,997.4
2016-07-11 20:00:00,27.6,92,2.4,0.0,997.4
2016-07-11 21:00:00,27.3,93,3.1,0.0,998.0
2016-07-11 22:00:00,27.2,94,3.1,0.0,998.2
2016-07-11 23:00:00,26.3,97,1.4,0.0,998.3
2016-07-12 00:00:00,25.7,97,3.8,0.0,998.1
2016-07-12 01:00:00,25.6,97,5.4,0.0,997.6
2016-07-12 02:00:00,25.8,96,4.7,0.0,997.2
2016-07-12 03:00:00,25.5,97,5.3,0.0,997.2
2016-07-12 04:00:00,25.5,97,6.2,0.0,996.9
2016-07-12 05:00:00,25.4,96,5.8,0.0,997.6
2016-07-12 06:00:00,25.7,96,4.6,20.0,998.1
2016-07-12 07:00:00,27.0,92,3.9,76.0,999.1
2016-07-12 08:00:00,27.9,88,3.8,213.0,999.0
2016-07-12 09:00:00,28.8,84,5.4,344.0,999.4
2016-07-12 10:00:00,30.0,80,7.8,542.0,999.4
2016-07-12 11:00:00,31.1,75,8.4,549.0,999.1
2016-07-12 12:00:00,31.9,72,6.8,690.0,998.8
2016-07-12 13:00:00,32.2,71,5.5,614.0,998.1
2016-07-12 14:00:00,32.7,69,3.3,670.0,997.8
2016-07-12 15:00:00,33.2,67,5.4,546.0,997.4
2016-07-12 16:00:00,32.6,70,7.2,403.0,997.2
2016-07-12 17:00:00,31.6,74,9.1,298.0,997.5
2016-07-12 18:00:00,30.8,80,3.9,109.0,997.6
2016-07-12 19:00:00,30.1,86,3.3,24.0,997.8
2016-07-12 20:00:00,29.1,88,5.2,0.0,998.3
2016-07-12 21:00:00,28.8,87,4.7,0.0,998.6
2016-07-12 22:00:00,27.8,91,5.7,0.0,999.0
2016-07-12 23:00:00,27.5,91,3.0,0.0,999.0
2016-07-13 00:00:00,27.3,91,2.9,0.0,998.6
2016-07-13 01:00:00,27.2,91,5.2,0.0,998.5
2016-07-13 02:00:00,27.0,91,5.0,0.0,998.0
2016-07-13 03:00:00,26.8,96,6.0,0.0,998.1
2016-07-13 04:00:00,26.7,95,6.2,0.0,997.9
2016-07-13 05:00:00,26.6,95,6.0,0.0,998.2
2016-07-13 06:00:00,27.0,94,8.5,26.0,999.7
2016-07-13 07:00:00,28.6,89,9.6,140.0,999.8
2016-07-13 08:00:00,30.0,83,9.7,317.0,999.5
2016-07-13 09:00:00,31.2,77,10.7,487.0,999.5
2016-07-13 10:00:00,32.0,73,11.0,619.0,999.7
2016-07-13 11:00:00,32.2,72,10.2,563.0,999.8
2016-07-13 12:00:00,32.0,73,7.8,595.0,999.6
2016-07-13 13:00:00,30.0,80,7.7,365.0,998.6
2016-07-13 14:00:00,30.2,80,5.4,291.0,997.6
2016-07-13 15:00:00,33.1,74,4.8,520.0,998.3
2016-07-13 16:00:00,33.0,68,3.7,408.0,998.5
2016-07-13 17:00:00,30.7,81,5.4,160.0,999.0
2016-07-13 18:00:00,29.6,86,5.0,79.0,999.5
2016-07-13 19:00:00,29.1,87,5.8,21.0,1000.5
2016-07-13 20:00:00,28.3,91,9.2,0.0,1000.4
2016-07-13 21:00:00,27.9,94,4.1,0.0,1001.9
2016-07-13 22:00:00,27.6,95,4.0,0.0,1001.9
2016-07-13 23:00:00,27.3,96,4.4,0.0,1001.7
2016-07-14 00:00:00,27.0,96,5.0,0.0,1001.5
2016-07-14 01:00:00,26.8,96,5.6,0.0,1001.4
2016-07-14 02:00:00,26.6,96,5.3,0.0,1001.1
2016-07-14 03:00:00,26.6,96,5.5,0.0,1000.8
2016-07-14 04:00:00,26.4,96,4.5,0.0,1000.7
2016-07-14 05:00:00,26.3,95,4.9,0.0,1001.0
2016-07-14 06:00:00,26.6,95,6.3,22.0,1001.7
2016-07-14 07:00:00,27.9,91,7.4,99.0,1001.5
2016-07-14 08:00:00,29.1,85,6.8,250.0,1001.7
2016-07-14 09:00:00,30.6,79,8.7,457.0,1001.6
2016-07-14 10:00:00,31.7,73,11.1,622.0,1002.0
2016-07-14 11:00:00,32.2,71,12.1,663.0,1001.5
2016-07-14 12:00:00,32.1,71,11.8,545.0,1000.9
2016-07-14 13:00:00,31.3,75,6.9,457.0,1001.0
2016-07-14 14:00:00,29.9,80,7.1,329.0,1000.4
2016-07-14 15:00:00,30.6,80,6.8,266.0,1000.2
2016-07-14 16:00:00,30.1,82,8.5,260.0,999.5
2016-07-14 17:00:00,29.3,84,8.0,163.0,1000.7
2016-07-14 18:00:00,28.2,91,5.8,52.0,1000.4
2016-07-14 19:00:00,27.9,93,2.6,8.0,1000.8
2016-07-14 20:00:00,27.9,91,2.3,0.0,1001.1
2016-07-14 21:00:00,27.2,95,4.6,0.0,1001.0
2016-07-14 22:00:00,27.2,95,4.3,0.0,1001.5
2016-07-14 23:00:00,27.2,95,4.6,0.0,1001.4
2016-07-15 00:00:00,26.7,97,3.1,0.0,1001.2
2016-07-15 01:00:00,26.6,96,4.9,0.0,1000.6
2016-07-15 02:00:00,26.6,96,4.3,0.0,1000.2
2016-07-15 03:00:00,26.5,99,4.5,0.0,999.5
2016-07-15 04:00:00,26.7,97,5.5,0.0,999.4
2016-07-15 05:00:00,26.8,96,6.5,0.0,999.2
2016-07-15 06:00:00,27.3,93,7.5,20.0,999.1
2016-07-15 07:00:00,28.5,89,9.2,137.0,999.3
2016-07-15 08:00:00,29.9,83,10.3,301.0,999.4
2016-07-15 09:00:00,31.2,76,13.7,502.0,999.1
2016-07-15 10:00:00,32.3,69,15.8,691.0,999.1
2016-07-15 11:00:00,33.1,66,16.3,806.0,999.0
2016-07-15 12:00:00,33.7,63,17.1,867.0,998.3
2016-07-15 13:00:00,34.1,62,17.8,846.0,997.5
2016-07-15 14:00:00,34.4,60,16.6,803.0,997.2
2016-07-15 15:00:00,34.6,60,16.1,650.0,996.8
2016-07-15 16:00:00,34.1,61,13.7,515.0,996.6
2016-07-15 17:00:00,33.1,67,11.7,275.0,996.5
2016-07-15 18:00:00,32.4,69,8.7,152.0,996.2
2016-07-15 19:00:00,31.3,72,6.3,38.0,996.7
2016-07-15 20:00:00,30.5,74,7.2,0.0,997.1
2016-07-15 21:00:00,30.1,74,7.7,0.0,997.9
2016-07-15 22:00:00,29.7,75,6.7,0.0,998.4
2016-07-15 23:00:00,29.2,78,7.0,0.0,998.7
2016-07-16 00:00:00,28.5,81,8.4,0.0,998.9
2016-07-16 01:00:00,28.0,83,8.9,0.0,999.2
2016-07-16 02:00:00,27.4,84,8.8,0.0,998.8
2016-07-16 03:00:00,26.5,87,9.0,0.0,999.1
2016-07-16 04:00:00,26.0,86,8.8,0.0,999.6
2016-07-16 05:00:00,25.4,87,9.5,0.0,1000.3
2016-07-16 06:00:00,24.7,88,11.2,11.0,1001.3
2016-07-16 07:00:00,24.1,89,11.2,48.0,1001.8
2016-07-16 08:00:00,23.9,88,9.7,101.0,1002.3
2016-07-16 09:00:00,23.9,89,8.3,154.0,1003.0
2016-07-16 10:00:00,24.2,89,6.5,205.0,1003.5
2016-07-16 11:00:00,24.3,89,4.4,162.0,1003.8
2016-07-16 12:00:00,24.5,88,3.3,137.0,1003.8
2016-07-16 13:00:00,24.7,87,2.8,100.0,1003.6
2016-07-16 14:00:00,25.0,85,1.9,121.0,1003.4
2016-07-16 15:00:00,25.1,84,1.5,130.0,1003.6
2016-07-16 16:00:00,25.5,83,0.8,139.0,1003.5
2016-07-16 17:00:00,25.5,83,4.2,119.0,1003.6
2016-07-16 18:00:00,25.3,85,3.7,79.0,1003.5
2016-07-16 19:00:00,24.9,88,4.2,21.0,1004.2
2016-07-16 20:00:00,24.5,90,5.4,0.0,1004.8
2016-07-16 21:00:00,24.1,92,5.1,0.0,1005.1
2016-07-16 22:00:00,23.6,94,4.8,0.0,1005.8
2016-07-16 23:00:00,23.2,96,5.1,0.0,1005.7
2016-07-17 00:00:00,23.0,96,4.7,0.0,1005.5
2016-07-17 01:00:00,22.8,96,5.6,0.0,1005.2
2016-07-17 02:00:00,22.9,96,5.4,0.0,1004.9
2016-07-17 03:00:00,22.9,96,5.1,0.0,1005.0
2016-07-17 04:00:00,22.5,97,4.5,0.0,1005.2
2016-07-17 05:00:00,22.5,97,4.5,0.0,1005.4
2016-07-17 06:00:00,23.2,96,3.3,20.0,1006.0
2016-07-17 07:00:00,24.8,91,3.3,112.0,1005.9
2016-07-17 08:00:00,26.4,84,4.0,313.0,1005.8
2016-07-17 09:00:00,27.8,80,5.1,450.0,1006.2
2016-07-17 10:00:00,29.4,75,4.4,637.0,1006.1
2016-07-17 11:00:00,30.2,71,3.7,645.0,1005.6
2016-07-17 12:00:00,30.8,68,3.2,628.0,1005.1
2016-07-17 13:00:00,31.3,65,3.1,582.0,1004.4
2016-07-17 14:00:00,31.2,67,5.5,486.0,1003.9
2016-07-17 15:00:00,31.4,66,8.7,362.0,1003.5
2016-07-17 16:00:00,31.1,69,7.4,342.0,1003.1
2016-07-17 17:00:00,30.8,71,6.5,300.0,1003.3
2016-07-17 18:00:00,29.7,78,5.6,86.0,1003.7
2016-07-17 19:00:00,28.7,81,6.7,20.0,1004.3
2016-07-17 20:00:00,28.2,84,7.1,0.0,1004.4
2016-07-17 21:00:00,27.6,86,6.2,0.0,1004.8
2016-07-17 22:00:00,26.9,90,5.4,0.0,1004.7
2016-07-17 23:00:00,26.3,93,4.8,0.0,1004.8
2016-07-18 00:00:00,25.8,94,5.5,0.0,1004.7
2016-07-18 01:00:00,25.4,95,5.3,0.0,1004.3
2016-07-18 02:00:00,25.3,95,4.7,0.0,1004.1
2016-07-18 03:00:00,25.1,95,4.8,0.0,1003.7
2016-07-18 04:00:00,24.9,96,4.7,0.0,1003.8
2016-07-18 05:00:00,24.5,97,4.3,0.0,1004.0
2016-07-18 06:00:00,24.9,96,3.7,17.0,1004.7
2016-07-18 07:00:00,26.7,89,2.0,107.0,1005.1
2016-07-18 08:00:00,27.4,84,3.4,256.0,1004.9
2016-07-18 09:00:00,27.9,82,4.1,385.0,1004.6
2016-07-18 10:00:00,28.7,79,0.8,496.0,1004.7
2016-07-18 11:00:00,29.8,75,3.5,757.0,1004.3
2016-07-18 12:00:00,30.7,75,3.2,830.0,1003.5
2016-07-18 13:00:00,30.8,75,4.9,667.0,1003.1
2016-07-18 14:00:00,31.2,74,5.9,748.0,1002.6
2016-07-18 15:00:00,31.2,71,6.7,500.0,1002.9
2016-07-18 16:00:00,29.3,77,9.9,459.0,1002.5
2016-07-18 17:00:00,29.2,77,6.4,307.0,1002.1
2016-07-18 18:00:00,28.8,80,4.0,149.0,1002.1
2016-07-18 19:00:00,28.3,82,4.8,39.0,1003.9
2016-07-18 20:00:00,27.4,88,4.2,0.0,1002.8
2016-07-18 21:00:00,26.8,91,2.1,0.0,1003.7
2016-07-18 22:00:00,26.2,93,4.3,0.0,1003.9
2016-07-18 23:00:00,25.9,93,5.8,0.0,1004.0
2016-07-19 00:00:00,25.8,92,6.5,0.0,1003.9
2016-07-19 01:00:00,25.5,93,6.5,0.0,1003.3
2016-07-19 02:00:00,25.2,94,6.2,0.0,1002.9
2016-07-19 03:00:00,25.0,95,7.2,0.0,1002.8
2016-07-19 04:00:00,24.9,95,6.8,0.0,1002.9
2016-07-19 05:00:00,24.8,95,6.5,0.0,1003.0
2016-07-19 06:00:00,25.0,95,4.7,24.0,1003.0
2016-07-19 07:00:00,26.5,90,5.4,148.0,1003.1
2016-07-19 08:00:00,27.9,84,6.8,333.0,1003.3
2016-07-19 09:00:00,29.4,78,8.6,549.0,1003.3
2016-07-19 10:00:00,30.7,73,9.5,693.0,1003.4
2016-07-19 11:00:00,31.7,69,10.2,818.0,1003.2
2016-07-19 12:00:00,32.0,69,10.6,784.0,1002.8
2016-07-19 13:00:00,32.3,69,10.5,780.0,1002.5
2016-07-19 14:00:00,32.1,71,9.5,598.0,1001.9
2016-07-19 15:00:00,33.0,66,8.9,627.0,1001.4
2016-07-19 16:00:00,32.7,67,7.1,437.0,1001.0
2016-07-19 17:00:00,32.4,70,5.4,268.0,1001.6
2016-07-19 18:00:00,31.7,75,4.4,98.0,1002.2
2016-07-19 19:00:00,30.6,79,6.4,20.0,1002.7
2016-07-19 20:00:00,29.7,82,5.4,0.0,1003.1
2016-07-19 21:00:00,29.0,85,5.4,0.0,1003.4
2016-07-19 22:00:00,28.5,86,6.3,0.0,1003.3
2016-07-19 23:00:00,28.3,86,7.8,0.0,1003.6
2016-07-20 00:00:00,28.0,87,7.8,0.0,1003.0
2016-07-20 01:00:00,27.6,88,8.2,0.0,1002.4
2016-07-20 02:00:00,27.3,88,9.3,0.0,1001.9
2016-07-20 03:00:00,27.3,88,9.4,0.0,1001.9
2016-07-20 04:00:00,27.2,88,9.0,0.0,1001.9
2016-07-20 05:00:00,27.0,88,9.1,0.0,1002.0
2016-07-20 06:00:00,27.2,87,9.0,24.0,1001.6
2016-07-20 07:00:00,28.6,84,11.5,160.0,1002.3
2016-07-20 08:00:00,30.1,78,12.3,342.0,1002.6
2016-07-20 09:00:00,31.3,72,13.3,538.0,1002.8
2016-07-20 10:00:00,32.5,67,15.1,709.0,1002.6
2016-07-20 11:00:00,33.4,62,16.6,822.0,1002.6
2016-07-20 12:00:00,34.2,59,16.7,904.0,1002.4
2016-07-20 13:00:00,34.8,56,16.4,913.0,1002.1
2016-07-20 14:00:00,35.1,55,15.6,822.0,1001.8
2016-07-20 15:00:00,35.4,54,14.8,747.0,1001.6
2016-07-20 16:00:00,35.2,56,12.2,586.0,1001.6
2016-07-20 17:00:00,34.4,61,8.7,383.0,1001.7
2016-07-20 18:00:00,33.3,66,7.2,201.0,1001.8
2016-07-20 19:00:00,31.9,70,7.3,42.0,1002.4
2016-07-20 20:00:00,30.8,73,7.6,0.0,1002.8
2016-07-20 21:00:00,29.9,76,7.6,0.0,1003.7
2016-07-20 22:00:00,29.1,79,7.2,0.0,1003.9
2016-07-20 23:00:00,28.6,81,7.0,0.0,1003.8
2016-07-21 00:00:00,28.1,83,6.9,0.0,1003.6
2016-07-21 01:00:00,27.7,84,6.5,0.0,1003.6
2016-07-21 02:00:00,27.4,85,6.5,0.0,1003.5
2016-07-21 03:00:00,27.0,85,6.9,0.0,1003.6
2016-07-21 04:00:00,26.7,86,7.0,0.0,1004.0
2016-07-21 05:00:00,26.4,88,7.3,0.0,1004.1
2016-07-21 06:00:00,26.7,88,6.9,26.0,1004.6
2016-07-21 07:00:00,29.2,81,9.0,169.0,1005.1
2016-07-21 08:00:00,31.0,73,9.0,356.0,1005.3
2016-07-21 09:00:00,32.5,66,10.0,552.0,1005.6
2016-07-21 10:00:00,33.5,60,12.1,728.0,1005.2
2016-07-21 11:00:00,34.3,56,13.6,853.0,1005.2
2016-07-21 12:00:00,34.8,54,13.6,923.0,1004.8
2016-07-21 13:00:00,35.2,52,12.8,932.0,1004.6
2016-07-21 14:00:00,35.5,52,11.9,877.0,1004.2
2016-07-21 15:00:00,36.1,49,11.6,759.0,1003.9
2016-07-21 16:00:00,35.8,52,9.5,594.0,1003.5
2016-07-21 17:00:00,34.9,59,7.3,350.0,1003.5
2016-07-21 18:00:00,33.8,64,4.8,187.0,1003.3
2016-07-21 19:00:00,32.2,68,1.0,40.0,1003.3
2016-07-21 20:00:00,31.0,71,5.0,0.0,1003.7
2016-07-21 21:00:00,30.1,73,7.5,0.0,1004.2
2016-07-21 22:00:00,29.5,76,9.4,0.0,1004.5
2016-07-21 23:00:00,28.8,78,9.2,0.0,1004.5
2016-07-22 00:00:00,28.1,81,8.7,0.0,1004.3
2016-07-22 01:00:00,27.5,83,8.2,0.0,1004.4
2016-07-22 02:00:00,27.1,85,7.5,0.0,1004.2
2016-07-22 03:00:00,27.0,83,6.7,0.0,1004.3
2016-07-22 04:00:00,26.6,85,6.0,0.0,1004.3
2016-07-22 05:00:00,26.3,86,5.8,0.0,1004.7
2016-07-22 06:00:00,26.5,88,5.7,26.0,1005.0
2016-07-22 07:00:00,29.2,79,6.8,168.0,1005.8
2016-07-22 08:00:00,31.1,72,6.2,358.0,1005.8
2016-07-22 09:00:00,32.8,64,6.3,547.0,1006.0
2016-07-22 10:00:00,34.0,58,8.4,723.0,1005.7
2016-07-22 11:00:00,34.7,56,9.2,847.0,1005.5
2016-07-22 12:00:00,35.3,54,8.7,917.0,1004.9
2016-07-22 13:00:00,35.5,52,7.9,828.0,1004.6
2016-07-22 14:00:00,35.7,51,6.9,750.0,1004.1
2016-07-22 15:00:00,35.8,50,5.9,567.0,1003.8
2016-07-22 16:00:00,35.8,50,4.8,476.0,1003.4
2016-07-22 17:00:00,35.5,53,3.6,368.0,1003.4
2016-07-22 18:00:00,34.0,67,2.0,159.0,1002.8
2016-07-22 19:00:00,32.4,75,4.6,36.0,1003.2
2016-07-22 20:00:00,31.0,79,6.9,0.0,1003.4
2016-07-22 21:00:00,30.0,81,8.0,0.0,1004.2
2016-07-22 22:00:00,29.4,82,7.2,0.0,1004.2
2016-07-22 23:00:00,28.8,84,6.3,0.0,1004.3
2016-07-23 00:00:00,28.3,85,6.5,0.0,1004.1
2016-07-23 01:00:00,27.9,86,6.5,0.0,1003.9
2016-07-23 02:00:00,27.4,88,6.6,0.0,1003.5
2016-07-23 03:00:00,27.2,88,6.4,0.0,1003.6
2016-07-23 04:00:00,26.8,89,6.2,0.0,1003.5
2016-07-23 05:00:00,26.4,90,5.6,0.0,1003.8
2016-07-23 06:00:00,26.5,91,4.7,25.0,1004.2
2016-07-23 07:00:00,29.4,81,5.3,168.0,1004.7
2016-07-23 08:00:00,31.3,75,4.5,364.0,1005.2
2016-07-23 09:00:00,33.1,66,4.4,561.0,1005.3
2016-07-23 10:00:00,34.4,58,5.2,729.0,1005.3
2016-07-23 11:00:00,35.3,54,4.8,852.0,1005.1
2016-07-23 12:00:00,36.0,50,4.3,897.0,1004.7
2016-07-23 13:00:00,36.4,48,4.1,870.0,1004.1
2016-07-23 14:00:00,36.5,47,3.4,726.0,1003.7
2016-07-23 15:00:00,36.7,44,3.3,596.0,1003.3
2016-07-23 16:00:00,36.6,45,3.3,545.0,1003.0
2016-07-23 17:00:00,36.0,52,2.4,343.0,1003.0
2016-07-23 18:00:00,34.9,60,3.9,183.0,1002.9
2016-07-23 19:00:00,33.0,70,7.6,40.0,1002.9
2016-07-23 20:00:00,31.5,74,8.3,0.0,1003.6
2016-07-23 21:00:00,30.5,79,9.3,0.0,1004.4
2016-07-23 22:00:00,29.7,82,8.9,0.0,1004.5
2016-07-23 23:00:00,29.0,85,8.2,0.0,1004.5
2016-07-24 00:00:00,28.6,87,7.4,0.0,1004.3
2016-07-24 01:00:00,28.5,87,6.4,0.0,1004.4
2016-07-24 02:00:00,28.5,87,6.8,0.0,1004.1
2016-07-24 03:00:00,28.0,87,6.7,0.0,1004.1
2016-07-24 04:00:00,27.6,89,6.1,0.0,1004.2
2016-07-24 05:00:00,27.2,90,5.6,0.0,1004.6
2016-07-24 06:00:00,27.2,92,4.5,24.0,1004.8
2016-07-24 07:00:00,29.9,83,5.8,164.0,1005.3
2016-07-24 08:00:00,31.6,75,5.4,359.0,1005.6
2016-07-24 09:00:00,33.3,67,5.8,555.0,1006.0
2016-07-24 10:00:00,34.6,60,5.5,724.0,1005.9
2016-07-24 11:00:00,35.7,55,4.1,848.0,1006.0
2016-07-24 12:00:00,36.4,50,2.3,857.0,1005.5
2016-07-24 13:00:00,36.8,46,0.5,820.0,1005.0
2016-07-24 14:00:00,37.0,46,2.3,795.0,1004.9
2016-07-24 15:00:00,37.1,42,4.6,626.0,1004.5
2016-07-24 16:00:00,36.8,45,7.4,529.0,1004.3
2016-07-24 17:00:00,35.7,54,9.8,370.0,1004.1
2016-07-24 18:00:00,34.0,63,6.3,155.0,1003.8
2016-07-24 19:00:00,32.5,69,7.6,36.0,1004.1
2016-07-24 20:00:00,31.5,74,7.4,0.0,1004.7
2016-07-24 21:00:00,30.7,76,7.6,0.0,1005.3
2016-07-24 22:00:00,29.9,79,7.6,0.0,1005.5
2016-07-24 23:00:00,29.1,83,7.9,0.0,1005.6
2016-07-25 00:00:00,28.9,84,7.9,0.0,1005.6
2016-07-25 01:00:00,28.4,86,6.8,0.0,1005.4
2016-07-25 02:00:00,27.5,90,6.6,0.0,1005.2
2016-07-25 03:00:00,27.3,89,6.1,0.0,1005.0
2016-07-25 04:00:00,26.9,91,6.0,0.0,1005.2
2016-07-25 05:00:00,26.6,92,6.6,0.0,1005.5
2016-07-25 06:00:00,26.9,93,6.3,23.0,1005.6
2016-07-25 07:00:00,29.4,83,7.3,162.0,1006.1
2016-07-25 08:00:00,30.8,77,8.7,357.0,1006.4
2016-07-25 09:00:00,32.1,71,9.7,552.0,1006.1
2016-07-25 10:00:00,33.3,67,9.0,721.0,1006.2
2016-07-25 11:00:00,34.3,64,8.0,846.0,1005.8
2016-07-25 12:00:00,35.1,60,6.5,913.0,1005.4
2016-07-25 13:00:00,35.7,57,5.8,899.0,1004.8
2016-07-25 14:00:00,36.0,55,5.4,785.0,1004.0
2016-07-25 15:00:00,36.7,50,5.1,631.0,1003.9
2016-07-25 16:00:00,36.6,49,5.2,548.0,1003.6
2016-07-25 17:00:00,36.2,53,4.7,365.0,1003.8
2016-07-25 18:00:00,34.9,62,5.4,175.0,1003.4
2016-07-25 19:00:00,33.4,67,7.2,37.0,1003.5
2016-07-25 20:00:00,32.1,72,7.7,0.0,1003.6
2016-07-25 21:00:00,31.2,75,8.7,0.0,1004.4
2016-07-25 22:00:00,30.6,77,9.0,0.0,1004.5
2016-07-25 23:00:00,30.0,78,9.2,0.0,1004.6
2016-07-26 00:00:00,29.4,79,8.4,0.0,1004.4
2016-07-26 01:00:00,28.8,81,8.3,0.0,1004.0
2016-07-26 02:00:00,28.3,83,8.6,0.0,1003.7
2016-07-26 03:00:00,28.2,84,8.8,0.0,1003.6
2016-07-26 04:00:00,28.0,84,9.1,0.0,1003.8
2016-07-26 05:00:00,27.8,85,9.1,0.0,1004.1
2016-07-26 06:00:00,27.8,86,7.9,23.0,1004.0
2016-07-26 07:00:00,29.7,79,9.1,157.0,1004.5
2016-07-26 08:00:00,31.2,72,9.9,353.0,1004.5
2016-07-26 09:00:00,32.6,68,9.8,543.0,1004.2
2016-07-26 10:00:00,34.0,64,8.9,720.0,1004.0
2016-07-26 11:00:00,35.3,59,7.6,853.0,1003.7
2016-07-26 12:00:00,36.0,56,6.5,873.0,1003.4
2016-07-26 13:00:00,36.3,53,5.1,772.0,1002.9
2016-07-26 14:00:00,36.4,52,4.0,712.0,1002.3
2016-07-26 15:00:00,36.6,50,3.0,621.0,1002.1
2016-07-26 16:00:00,36.3,50,1.3,470.0,1001.9
2016-07-26 17:00:00,36.0,52,1.5,330.0,1001.9
2016-07-26 18:00:00,34.8,67,1.6,165.0,1002.0
2016-07-26 19:00:00,33.5,77,5.1,34.0,1002.2
2016-07-26 20:00:00,32.7,75,2.9,0.0,1002.5
2016-07-26 21:00:00,32.3,76,1.3,0.0,1002.8
2016-07-26 22:00:00,31.3,81,1.6,0.0,1003.3
2016-07-26 23:00:00,30.3,86,3.7,0.0,1003.3
2016-07-27 00:00:00,29.6,88,5.7,0.0,1003.2
2016-07-27 01:00:00,29.2,88,6.2,0.0,1002.8
2016-07-27 02:00:00,29.0,89,5.6,0.0,1002.7
2016-07-27 03:00:00,28.7,87,6.3,0.0,1002.4
2016-07-27 04:00:00,28.3,88,5.8,0.0,1002.5
2016-07-27 05:00:00,28.0,89,5.7,0.0,1002.9
2016-07-27 06:00:00,28.0,90,5.6,22.0,1003.1
2016-07-27 07:00:00,30.5,80,6.1,158.0,1003.4
2016-07-27 08:00:00,32.1,73,6.1,353.0,1003.7
2016-07-27 09:00:00,33.7,65,6.0,550.0,1003.6
2016-07-27 10:00:00,35.1,57,5.4,720.0,1003.7
2016-07-27 11:00:00,36.2,51,4.3,828.0,1003.3
2016-07-27 12:00:00,36.8,47,4.7,839.0,1002.6
2016-07-27 13:00:00,37.3,45,5.1,842.0,1002.4
2016-07-27 14:00:00,37.6,44,5.1,812.0,1001.9
2016-07-27 15:00:00,37.8,43,4.5,649.0,1001.8
2016-07-27 16:00:00,37.7,43,4.0,546.0,1001.5
2016-07-27 17:00:00,36.7,49,4.8,351.0,1001.8
2016-07-27 18:00:00,34.6,60,6.5,158.0,1002.9
2016-07-27 19:00:00,33.1,68,7.2,24.0,1002.9
2016-07-27 20:00:00,32.5,71,6.9,0.0,1003.2
2016-07-27 21:00:00,31.2,80,6.9,0.0,1003.6
2016-07-27 22:00:00,30.5,82,7.0,0.0,1003.3
2016-07-27 23:00:00,29.9,83,6.2,0.0,1003.4
2016-07-28 00:00:00,29.4,83,6.5,0.0,1003.3
2016-07-28 01:00:00,29.0,83,6.3,0.0,1003.1
2016-07-28 02:00:00,28.8,82,5.9,0.0,1003.4
2016-07-28 03:00:00,28.3,84,5.9,0.0,1003.0
2016-07-28 04:00:00,28.1,83,6.9,0.0,1003.1
2016-07-28 05:00:00,28.0,83,7.4,0.0,1003.5
2016-07-28 06:00:00,28.1,82,8.2,21.0,1003.5
2016-07-28 07:00:00,30.1,76,9.5,157.0,1004.3
2016-07-28 08:00:00,32.1,67,9.0,351.0,1004.1
2016-07-28 09:00:00,33.6,61,8.7,548.0,1004.4
2016-07-28 10:00:00,34.8,56,7.2,716.0,1004.4
2016-07-28 11:00:00,35.8,51,5.1,840.0,1004.2
2016-07-28 12:00:00,36.5,47,3.3,902.0,1003.9
2016-07-28 13:00:00,37.0,45,2.2,917.0,1003.3
2016-07-28 14:00:00,37.4,43,0.8,854.0,1002.9
2016-07-28 15:00:00,37.5,43,0.5,690.0,1002.7
2016-07-28 16:00:00,37.6,42,1.1,530.0,1002.3
2016-07-28 17:00:00,36.6,46,5.8,327.0,1002.6
2016-07-28 18:00:00,34.6,60,6.2,81.0,1002.9
2016-07-28 19:00:00,33.2,64,7.3,28.0,1003.2
2016-07-28 20:00:00,32.3,68,7.3,0.0,1003.2
2016-07-28 21:00:00,31.4,72,7.1,0.0,1003.9
2016-07-28 22:00:00,30.8,74,7.6,0.0,1004.2
2016-07-28 23:00:00,30.4,75,8.0,0.0,1004.1
2016-07-29 00:00:00,30.1,76,8.3,0.0,1004.1
2016-07-29 01:00:00,29.8,76,8.0,0.0,1004.0
2016-07-29 02:00:00,29.4,77,7.9,0.0,1004.1
2016-07-29 03:00:00,28.9,77,7.4,0.0,1003.9
2016-07-29 04:00:00,28.4,79,6.6,0.0,1003.7
2016-07-29 05:00:00,27.9,82,6.3,0.0,1004.0
2016-07-29 06:00:00,27.9,85,6.1,20.0,1004.1
2016-07-29 07:00:00,30.0,76,7.1,154.0,1004.7
2016-07-29 08:00:00,31.7,69,6.9,348.0,1005.2
2016-07-29 09:00:00,33.3,63,6.6,527.0,1005.4
2016-07-29 10:00:00,34.7,57,5.4,709.0,1005.3
2016-07-29 11:00:00,35.7,52,4.1,828.0,1005.5
2016-07-29 12:00:00,36.2,50,3.6,851.0,1004.8
2016-07-29 13:00:00,36.5,49,3.9,800.0,1004.3
2016-07-29 14:00:00,36.8,48,4.4,753.0,1004.1
2016-07-29 15:00:00,37.2,45,5.8,628.0,1003.7
2016-07-29 16:00:00,37.0,45,8.7,481.0,1003.6
2016-07-29 17:00:00,36.2,46,10.0,343.0,1003.8
2016-07-29 18:00:00,34.6,53,5.2,149.0,1003.4
2016-07-29 19:00:00,33.2,58,7.9,30.0,1004.1
2016-07-29 20:00:00,31.8,66,7.1,0.0,1003.9
2016-07-29 21:00:00,30.9,72,7.3,0.0,1004.6
2016-07-29 22:00:00,30.2,76,7.1,0.0,1004.8
2016-07-29 23:00:00,29.6,79,6.6,0.0,1004.9
2016-07-30 00:00:00,29.1,82,6.6,0.0,1004.7
2016-07-30 01:00:00,28.7,85,5.9,0.0,1004.5
2016-07-30 02:00:00,28.4,87,5.4,0.0,1004.3
2016-07-30 03:00:00,28.4,88,5.6,0.0,1004.3
2016-07-30 04:00:00,28.0,90,5.4,0.0,1004.6
2016-07-30 05:00:00,27.7,92,4.9,0.0,1004.7
2016-07-30 06:00:00,27.8,93,5.2,19.0,1005.0
2016-07-30 07:00:00,30.1,83,5.7,149.0,1005.6
2016-07-30 08:00:00,31.5,76,6.1,342.0,1005.8
2016-07-30 09:00:00,32.9,69,5.4,536.0,1006.1
2016-07-30 10:00:00,34.2,63,5.1,709.0,1006.3
2016-07-30 11:00:00,35.3,58,8.0,835.0,1005.9
2016-07-30 12:00:00,36.0,53,8.5,884.0,1005.5
2016-07-30 13:00:00,36.4,50,9.8,844.0,1005.0
2016-07-30 14:00:00,36.6,48,10.8,778.0,1004.4
2016-07-30 15:00:00,36.4,47,13.2,671.0,1004.3
2016-07-30 16:00:00,35.7,48,14.8,461.0,1003.3
2016-07-30 17:00:00,35.0,52,13.3,283.0,1003.7
2016-07-30 18:00:00,33.9,56,9.5,184.0,1003.2
2016-07-30 19:00:00,32.6,60,12.2,34.0,1004.1
2016-07-30 20:00:00,31.6,64,14.1,0.0,1004.3
2016-07-30 21:00:00,30.9,68,13.7,0.0,1005.2
2016-07-30 22:00:00,30.2,71,11.9,0.0,1005.6
2016-07-30 23:00:00,29.6,74,10.6,0.0,1005.8
2016-07-31 00:00:00,29.0,77,9.8,0.0,1006.0
2016-07-31 01:00:00,28.5,80,9.2,0.0,1006.0
2016-07-31 02:00:00,28.0,82,9.4,0.0,1005.8
2016-07-31 03:00:00,27.9,82,9.1,0.0,1005.5
2016-07-31 04:00:00,27.5,84,7.8,0.0,1005.4
2016-07-31 05:00:00,27.2,86,7.4,0.0,1005.8
2016-07-31 06:00:00,27.2,88,8.4,19.0,1005.6
2016-07-31 07:00:00,28.6,81,10.1,150.0,1006.4
2016-07-31 08:00:00,30.0,72,10.2,343.0,1006.6
2016-07-31 09:00:00,31.3,66,9.4,542.0,1006.6
2016-07-31 10:00:00,32.5,61,8.9,697.0,1006.5
2016-07-31 11:00:00,33.5,56,10.0,840.0,1006.6
2016-07-31 12:00:00,34.2,53,10.6,878.0,1006.0
2016-07-31 13:00:00,34.4,52,11.7,731.0,1005.1
2016-07-31 14:00:00,34.5,52,13.4,708.0,1004.7
2016-07-31 15:00:00,35.0,49,14.5,668.0,1004.3
2016-07-31 16:00:00,34.4,51,16.2,481.0,1003.9
2016-07-31 17:00:00,33.7,54,17.3,357.0,1003.7
2016-07-31 18:00:00,32.6,58,13.8,153.0,1004.4
2016-07-31 19:00:00,31.6,62,14.8,28.0,1004.2
2016-07-31 20:00:00,30.7,66,16.2,0.0,1004.9
2016-07-31 21:00:00,30.0,69,16.3,0.0,1005.7
2016-07-31 22:00:00,29.4,73,16.1,0.0,1006.0
2016-07-31 23:00:00,28.7,76,13.8,0.0,1006.3
2016-08-01 00:00:00,28.2,79,11.5,0.0,1006.2
2016-08-01 01:00:00,27.6,82,10.6,0.0,1005.9
2016-08-01 02:00:00,27.1,84,9.4,0.0,1005.3
2016-08-01 03:00:00,27.0,86,8.3,0.0,1005.1
2016-08-01 04:00:00,26.5,88,7.2,0.0,1005.2
2016-08-01 05:00:00,26.1,91,5.9,0.0,1005.1
2016-08-01 06:00:00,26.1,92,7.6,18.0,1005.6
2016-08-01 07:00:00,27.8,84,8.3,143.0,1005.9
2016-08-01 08:00:00,29.2,75,10.0,326.0,1005.9
2016-08-01 09:00:00,30.5,69,12.3,449.0,1005.9
2016-08-01 10:00:00,31.6,64,12.3,531.0,1005.2
2016-08-01 11:00:00,32.4,61,10.8,483.0,1005.2
2016-08-01 12:00:00,33.3,57,10.0,597.0,1004.5
2016-08-01 13:00:00,34.0,54,10.0,580.0,1004.1
2016-08-01 14:00:00,34.3,54,9.2,565.0,1003.4
2016-08-01 15:00:00,34.7,52,9.5,532.0,1003.3
2016-08-01 16:00:00,34.5,52,11.9,449.0,1002.8
2016-08-01 17:00:00,33.4,57,14.0,286.0,1002.7
2016-08-01 18:00:00,32.5,61,9.6,118.0,1003.1
2016-08-01 19:00:00,31.7,64,11.5,23.0,1003.3
2016-08-01 20:00:00,31.2,65,11.9,0.0,1003.4
2016-08-01 21:00:00,30.8,67,13.0,0.0,1004.2
2016-08-01 22:00:00,30.4,69,13.3,0.0,1004.5
2016-08-01 23:00:00,29.9,72,12.0,0.0,1004.9
2016-08-02 00:00:00,29.4,74,10.2,0.0,1004.7
2016-08-02 01:00:00,28.8,76,9.3,0.0,1004.1
2016-08-02 02:00:00,28.3,80,6.7,0.0,1003.9
2016-08-02 03:00:00,27.9,81,5.1,0.0,1003.5
2016-08-02 04:00:00,27.4,85,5.2,0.0,1003.8
2016-08-02 05:00:00,27.1,87,5.8,0.0,1003.4
2016-08-02 06:00:00,27.2,88,6.6,16.0,1004.1
2016-08-02 07:00:00,28.9,79,8.1,121.0,1004.3
2016-08-02 08:00:00,30.1,73,8.6,288.0,1004.4
2016-08-02 09:00:00,31.2,68,8.2,434.0,1004.5
2016-08-02 10:00:00,32.3,64,8.9,576.0,1004.5
2016-08-02 11:00:00,32.8,63,11.0,667.0,1004.4
2016-08-02 12:00:00,33.5,60,10.5,754.0,1003.9
2016-08-02 13:00:00,33.9,59,9.4,718.0,1003.3
2016-08-02 14:00:00,34.3,59,8.4,764.0,1002.8
2016-08-02 15:00:00,34.8,53,8.7,474.0,1002.0
2016-08-02 16:00:00,34.8,53,9.7,428.0,1001.0
2016-08-02 17:00:00,34.4,54,9.3,266.0,1001.1
2016-08-02 18:00:00,33.1,58,5.2,123.0,1002.7
2016-08-02 19:00:00,30.7,69,2.3,16.0,1003.1
2016-08-02 20:00:00,29.6,77,3.9,0.0,1003.4
2016-08-02 21:00:00,28.4,85,5.8,0.0,1004.3
2016-08-02 22:00:00,27.6,89,4.7,0.0,1004.7
2016-08-02 23:00:00,27.2,92,4.0,0.0,1004.6
2016-08-03 00:00:00,26.9,93,5.6,0.0,1004.6
2016-08-03 01:00:00,26.7,93,4.9,0.0,1004.5
2016-08-03 02:00:00,26.6,92,4.5,0.0,1004.1
2016-08-03 03:00:00,26.9,92,4.5,0.0,1004.0
2016-08-03 04:00:00,26.8,93,4.1,0.0,1003.8
2016-08-03 05:00:00,26.5,94,4.5,0.0,1004.2
2016-08-03 06:00:00,26.7,93,5.8,6.0,1004.7
2016-08-03 07:00:00,27.4,90,6.9,44.0,1005.1
2016-08-03 08:00:00,27.5,89,6.7,68.0,1005.3
2016-08-03 09:00:00,27.9,85,9.2,151.0,1005.8
2016-08-03 10:00:00,28.1,84,9.0,189.0,1006.2
2016-08-03 11:00:00,28.0,82,10.5,205.0,1006.9
2016-08-03 12:00:00,27.9,81,9.8,203.0,1006.5
2016-08-03 13:00:00,27.9,79,3.8,209.0,1006.3
2016-08-03 14:00:00,27.5,83,3.5,115.0,1006.2
2016-08-03 15:00:00,27.9,79,3.1,109.0,1005.9
2016-08-03 16:00:00,27.8,80,3.1,82.0,1005.4
2016-08-03 17:00:00,28.1,77,5.2,140.0,1004.9
2016-08-03 18:00:00,28.1,79,2.2,86.0,1005.3
2016-08-03 19:00:00,27.7,84,4.3,21.0,1005.7
2016-08-03 20:00:00,27.3,85,4.2,0.0,1006.2
2016-08-03 21:00:00,27.0,87,3.9,0.0,1006.4
2016-08-03 22:00:00,27.2,85,4.0,0.0,1006.6
2016-08-03 23:00:00,26.3,91,4.7,0.0,1006.6
2016-08-04 00:00:00,26.2,93,4.7,0.0,1006.1
2016-08-04 01:00:00,26.0,94,4.6,0.0,1005.6
2016-08-04 02:00:00,26.1,93,4.4,0.0,1005.7
2016-08-04 03:00:00,25.7,96,3.8,0.0,1005.7
2016-08-04 04:00:00,25.8,96,3.4,0.0,1006.0
2016-08-04 05:00:00,25.7,96,3.2,0.0,1006.0
2016-08-04 06:00:00,25.8,96,3.0,6.0,1006.2
2016-08-04 07:00:00,26.6,94,2.9,48.0,1006.9
2016-08-04 08:00:00,26.8,93,3.3,53.0,1007.1
2016-08-04 09:00:00,27.0,92,3.8,79.0,1007.2
2016-08-04 10:00:00,27.8,87,4.0,175.0,1007.4
2016-08-04 11:00:00,28.3,83,5.4,257.0,1006.9
2016-08-04 12:00:00,29.0,77,6.9,362.0,1006.4
2016-08-04 13:00:00,29.5,73,7.2,420.0,1005.9
2016-08-04 14:00:00,30.2,69,7.4,531.0,1005.6
2016-08-04 15:00:00,31.2,66,8.6,347.0,1004.8
2016-08-04 16:00:00,30.2,70,8.9,296.0,1005.0
2016-08-04 17:00:00,30.0,72,8.4,264.0,1005.0
2016-08-04 18:00:00,29.5,75,6.9,151.0,1005.1
2016-08-04 19:00:00,28.6,81,6.2,22.0,1005.8
2016-08-04 20:00:00,27.8,86,4.9,0.0,1006.6
2016-08-04 21:00:00,27.0,92,4.7,0.0,1007.2
2016-08-04 22:00:00,26.7,92,4.3,0.0,1007.0
2016-08-04 23:00:00,26.0,95,3.6,0.0,1007.3
2016-08-05 00:00:00,25.8,95,3.8,0.0,1006.8
2016-08-05 01:00:00,25.6,95,4.5,0.0,1006.6
2016-08-05 02:00:00,25.4,96,3.9,0.0,1006.1
2016-08-05 03:00:00,25.4,96,4.4,0.0,1006.3
2016-08-05 04:00:00,25.5,95,3.8,0.0,1006.2
2016-08-05 05:00:00,25.3,96,4.3,0.0,1006.3
2016-08-05 06:00:00,25.2,97,3.9,12.0,1006.5
2016-08-05 07:00:00,26.8,92,3.9,111.0,1007.0
2016-08-05 08:00:00,28.1,86,3.7,287.0,1007.1
2016-08-05 09:00:00,29.1,81,4.7,453.0,1006.8
2016-08-05 10:00:00,30.2,76,5.7,532.0,1006.7
2016-08-05 11:00:00,31.1,71,6.1,600.0,1006.2
2016-08-05 12:00:00,32.3,67,7.2,842.0,1005.7
2016-08-05 13:00:00,32.9,66,7.2,814.0,1005.2
2016-08-05 14:00:00,33.1,65,7.6,776.0,1004.7
2016-08-05 15:00:00,33.3,61,8.6,591.0,1003.9
2016-08-05 16:00:00,33.0,58,9.1,483.0,1003.2
2016-08-05 17:00:00,32.4,60,9.1,335.0,1003.4
2016-08-05 18:00:00,31.6,65,5.2,140.0,1003.2
2016-08-05 19:00:00,30.4,71,5.3,23.0,1003.8
2016-08-05 20:00:00,29.4,77,5.4,0.0,1004.3
2016-08-05 21:00:00,28.6,81,5.4,0.0,1005.2
2016-08-05 22:00:00,27.9,87,6.6,0.0,1005.4
2016-08-05 23:00:00,27.4,90,5.4,0.0,1005.4
2016-08-06 00:00:00,27.2,90,4.1,0.0,1004.9
2016-08-06 01:00:00,26.8,92,4.3,0.0,1004.4
2016-08-06 02:00:00,26.6,93,4.3,0.0,1004.2
2016-08-06 03:00:00,26.4,93,3.6,0.0,1003.8
2016-08-06 04:00:00,25.9,95,3.4,0.0,1003.7
2016-08-06 05:00:00,25.8,96,3.3,0.0,1003.8
2016-08-06 06:00:00,26.0,96,4.7,14.0,1003.8
2016-08-06 07:00:00,27.5,89,3.6,129.0,1003.9
2016-08-06 08:00:00,28.8,82,3.8,305.0,1003.9
2016-08-06 09:00:00,30.3,72,4.8,498.0,1003.8
2016-08-06 10:00:00,31.3,66,7.1,618.0,1003.6
2016-08-06 11:00:00,31.8,64,8.4,662.0,1003.3
2016-08-06 12:00:00,32.5,63,8.3,732.0,1003.1
2016-08-06 13:00:00,32.8,63,8.6,729.0,1002.4
2016-08-06 14:00:00,32.4,65,9.2,508.0,1001.7
2016-08-06 15:00:00,31.0,73,11.1,473.0,1000.9
2016-08-06 16:00:00,31.0,73,11.0,362.0,1000.7
2016-08-06 17:00:00,30.3,74,12.9,227.0,1001.3
2016-08-06 18:00:00,29.2,80,6.1,97.0,1001.9
2016-08-06 19:00:00,28.6,82,3.1,18.0,1001.4
2016-08-06 20:00:00,28.2,85,3.9,0.0,1002.1
2016-08-06 21:00:00,27.8,87,4.1,0.0,1002.5
2016-08-06 22:00:00,27.5,89,5.8,0.0,1002.6
2016-08-06 23:00:00,27.2,90,6.5,0.0,1002.6
2016-08-07 00:00:00,26.9,91,6.6,0.0,1002.5
2016-08-07 01:00:00,26.6,92,6.5,0.0,1001.9
2016-08-07 02:00:00,26.3,94,6.5,0.0,1001.6
2016-08-07 03:00:00,26.1,94,6.6,0.0,1001.4
2016-08-07 04:00:00,25.8,95,6.5,0.0,1001.5
2016-08-07 05:00:00,25.6,96,5.8,0.0,1001.5
2016-08-07 06:00:00,25.6,96,6.5,14.0,1002.0
2016-08-07 07:00:00,26.9,91,6.2,119.0,1002.3
2016-08-07 08:00:00,28.2,84,7.0,301.0,1002.3
2016-08-07 09:00:00,29.7,73,8.9,502.0,1002.3
2016-08-07 10:00:00,30.8,66,10.4,630.0,1002.2
2016-08-07 11:00:00,31.9,62,10.4,800.0,1002.0
2016-08-07 12:00:00,32.5,60,11.4,820.0,1001.7
2016-08-07 13:00:00,32.6,61,12.8,734.0,1001.4
2016-08-07 14:00:00,33.0,61,13.5,727.0,1000.8
2016-08-07 15:00:00,32.6,58,14.2,514.0,1000.3
2016-08-07 16:00:00,32.4,59,15.2,456.0,999.8
2016-08-07 17:00:00,31.5,62,14.4,281.0,999.9
2016-08-07 18:00:00,30.6,68,7.9,120.0,1000.9
2016-08-07 19:00:00,29.6,72,8.3,23.0,1000.7
2016-08-07 20:00:00,28.8,75,9.8,0.0,1001.9
2016-08-07 21:00:00,28.2,78,13.3,0.0,1002.2
2016-08-07 22:00:00,27.6,81,13.0,0.0,1002.5
2016-08-07 23:00:00,27.1,83,11.7,0.0,1002.4
2016-08-08 00:00:00,26.5,87,8.3,0.0,1002.7
2016-08-08 01:00:00,26.0,90,8.4,0.0,1002.4
2016-08-08 02:00:00,25.6,93,8.5,0.0,1002.1
2016-08-08 03:00:00,25.6,91,8.3,0.0,1002.0
2016-08-08 04:00:00,25.3,93,7.2,0.0,1002.2
2016-08-08 05:00:00,25.0,94,6.5,0.0,1002.2
2016-08-08 06:00:00,25.0,95,6.5,13.0,1002.6
2016-08-08 07:00:00,26.8,87,6.5,128.0,1002.6
2016-08-08 08:00:00,28.0,81,6.2,289.0,1002.8
2016-08-08 09:00:00,29.4,73,8.3,477.0,1002.8
2016-08-08 10:00:00,30.6,66,12.6,668.0,1002.9
2016-08-08 11:00:00,31.0,65,14.0,716.0,1002.8
2016-08-08 12:00:00,31.5,66,13.3,764.0,1002.3
2016-08-08 13:00:00,31.9,65,12.0,725.0,1002.0
2016-08-08 14:00:00,32.3,63,14.0,668.0,1001.5
2016-08-08 15:00:00,32.6,55,16.3,640.0,1001.0
2016-08-08 16:00:00,31.8,58,18.4,426.0,1000.6
2016-08-08 17:00:00,31.1,63,17.9,292.0,1000.8
2016-08-08 18:00:00,30.2,68,12.3,153.0,1001.7
2016-08-08 19:00:00,29.2,74,9.5,23.0,1001.7
2016-08-08 20:00:00,28.4,80,11.4,0.0,1001.8
2016-08-08 21:00:00,27.8,84,12.3,0.0,1002.6
2016-08-08 22:00:00,27.3,87,11.5,0.0,1003.1
2016-08-08 23:00:00,27.0,88,9.7,0.0,1002.9
2016-08-09 00:00:00,26.7,90,9.0,0.0,1002.7
2016-08-09 01:00:00,26.3,92,7.6,0.0,1002.7
2016-08-09 02:00:00,26.3,92,6.8,0.0,1002.2
2016-08-09 03:00:00,26.2,92,7.8,0.0,1002.3
2016-08-09 04:00:00,26.2,89,8.6,0.0,1002.5
2016-08-09 05:00:00,25.9,89,9.2,0.0,1002.8
2016-08-09 06:00:00,25.6,91,11.5,5.0,1002.9
2016-08-09 07:00:00,26.0,91,10.7,65.0,1003.2
2016-08-09 08:00:00,26.6,90,12.6,108.0,1003.1
2016-08-09 09:00:00,27.6,88,15.5,220.0,1003.4
2016-08-09 10:00:00,28.5,81,15.1,255.0,1002.9
2016-08-09 11:00:00,28.3,83,16.4,333.0,1002.6
2016-08-09 12:00:00,28.8,79,18.5,374.0,1002.0
2016-08-09 13:00:00,27.5,84,17.1,330.0,1001.3
2016-08-09 14:00:00,27.9,86,18.0,284.0,1001.3
2016-08-09 15:00:00,30.0,76,20.1,440.0,1000.5
2016-08-09 16:00:00,28.0,84,18.3,278.0,1000.8
2016-08-09 17:00:00,27.9,85,17.1,185.0,1001.3
2016-08-09 18:00:00,27.5,89,13.7,68.0,1001.1
2016-08-09 19:00:00,26.5,92,12.1,10.0,1001.8
2016-08-09 20:00:00,26.7,91,13.8,0.0,1002.4
2016-08-09 21:00:00,26.7,92,14.5,0.0,1003.3
2016-08-09 22:00:00,26.7,93,13.7,0.0,1003.2
2016-08-09 23:00:00,26.6,94,11.1,0.0,1003.5
2016-08-10 00:00:00,26.5,95,12.7,0.0,1003.3
2016-08-10 01:00:00,26.3,95,12.3,0.0,1002.8
2016-08-10 02:00:00,26.1,96,10.7,0.0,1002.5
2016-08-10 03:00:00,26.4,96,9.7,0.0,1002.3
2016-08-10 04:00:00,26.2,96,9.8,0.0,1002.8
2016-08-10 05:00:00,26.1,97,10.0,0.0,1003.0
2016-08-10 06:00:00,26.1,97,7.9,9.0,1003.5
2016-08-10 07:00:00,26.7,94,8.8,88.0,1004.2
2016-08-10 08:00:00,28.1,86,10.9,266.0,1004.4
2016-08-10 09:00:00,29.4,79,13.5,416.0,1004.4
2016-08-10 10:00:00,30.7,72,14.2,558.0,1003.9
2016-08-10 11:00:00,31.9,67,14.6,718.0,1003.7
2016-08-10 12:00:00,32.5,64,14.9,651.0,1003.4
2016-08-10 13:00:00,33.1,63,15.3,743.0,1003.0
2016-08-10 14:00:00,33.6,62,14.4,704.0,1002.4
2016-08-10 15:00:00,33.3,61,14.0,477.0,1002.3
2016-08-10 16:00:00,32.9,63,15.9,381.0,1002.2
2016-08-10 17:00:00,32.3,67,16.3,304.0,1002.4
2016-08-10 18:00:00,31.3,73,12.7,130.0,1003.5
2016-08-10 19:00:00,30.4,76,13.3,19.0,1003.7
2016-08-10 20:00:00,29.8,79,14.9,0.0,1004.2
2016-08-10 21:00:00,29.3,80,12.2,0.0,1004.8
2016-08-10 22:00:00,28.7,83,10.4,0.0,1005.2
2016-08-10 23:00:00,28.2,85,8.4,0.0,1005.4
2016-08-11 00:00:00,27.7,88,7.6,0.0,1005.2
2016-08-11 01:00:00,27.2,91,6.8,0.0,1004.9
2016-08-11 02:00:00,26.7,94,6.5,0.0,1004.8
2016-08-11 03:00:00,26.4,95,6.2,0.0,1004.8
2016-08-11 04:00:00,26.3,96,6.6,0.0,1004.6
2016-08-11 05:00:00,26.0,97,6.8,0.0,1004.6
2016-08-11 06:00:00,26.1,97,7.6,11.0,1005.9
2016-08-11 07:00:00,27.6,91,8.9,110.0,1005.8
2016-08-11 08:00:00,28.9,83,12.0,252.0,1006.0
2016-08-11 09:00:00,30.3,74,14.8,413.0,1006.4
2016-08-11 10:00:00,31.2,69,18.0,474.0,1006.1
2016-08-11 11:00:00,31.9,66,18.7,584.0,1006.1
2016-08-11 12:00:00,32.7,63,18.4,706.0,1005.5
2016-08-11 13:00:00,32.6,64,19.2,653.0,1004.8
2016-08-11 14:00:00,31.6,69,20.3,663.0,1004.0
2016-08-11 15:00:00,32.7,63,20.9,623.0,1004.1
2016-08-11 16:00:00,32.2,64,20.3,439.0,1003.7
2016-08-11 17:00:00,31.4,68,19.0,247.0,1003.9
2016-08-11 18:00:00,30.6,73,17.0,116.0,1004.0
2016-08-11 19:00:00,29.7,78,15.3,14.0,1004.5
2016-08-11 20:00:00,29.2,81,14.4,0.0,1004.9
2016-08-11 21:00:00,28.8,84,11.9,0.0,1005.2
2016-08-11 22:00:00,28.4,86,10.9,0.0,1005.3
2016-08-11 23:00:00,28.0,88,9.8,0.0,1005.3
2016-08-12 00:00:00,27.7,90,9.1,0.0,1005.1
2016-08-12 01:00:00,27.3,93,8.2,0.0,1004.5
2016-08-12 02:00:00,27.1,94,7.9,0.0,1004.0
2016-08-12 03:00:00,27.0,95,7.6,0.0,1004.2
2016-08-12 04:00:00,26.7,96,6.3,0.0,1004.3
2016-08-12 05:00:00,26.5,97,6.3,0.0,1003.9
2016-08-12 06:00:00,26.6,97,7.3,9.0,1004.7
2016-08-12 07:00:00,27.9,90,8.6,109.0,1005.2
2016-08-12 08:00:00,29.1,83,10.0,238.0,1005.1
2016-08-12 09:00:00,30.4,76,11.4,397.0,1004.7
2016-08-12 10:00:00,31.8,68,12.9,603.0,1004.3
2016-08-12 11:00:00,33.1,63,14.2,736.0,1004.1
2016-08-12 12:00:00,33.9,59,15.5,737.0,1003.4
2016-08-12 13:00:00,34.3,58,15.8,673.0,1002.9
2016-08-12 14:00:00,34.2,57,15.5,610.0,1002.2
2016-08-12 15:00:00,34.3,57,15.6,533.0,1001.7
2016-08-12 16:00:00,34.0,58,16.2,450.0,1001.2
2016-08-12 17:00:00,33.2,62,17.0,279.0,1001.2
2016-08-12 18:00:00,31.9,70,14.8,138.0,1001.7
2016-08-12 19:00:00,30.8,75,15.5,17.0,1002.4
2016-08-12 20:00:00,30.2,77,16.2,0.0,1002.5
2016-08-12 21:00:00,29.7,78,13.7,0.0,1002.7
2016-08-12 22:00:00,29.0,81,11.6,0.0,1003.0
2016-08-12 23:00:00,28.4,84,10.0,0.0,1003.4
2016-08-13 00:00:00,27.9,86,7.7,0.0,1003.0
2016-08-13 01:00:00,27.5,89,6.8,0.0,1002.7
2016-08-13 02:00:00,27.0,92,6.6,0.0,1002.4
2016-08-13 03:00:00,26.7,92,6.2,0.0,1002.4
2016-08-13 04:00:00,26.4,93,5.8,0.0,1002.6
2016-08-13 05:00:00,26.1,94,5.8,0.0,1002.7
2016-08-13 06:00:00,26.1,95,7.2,11.0,1003.3
2016-08-13 07:00:00,27.9,88,8.1,123.0,1003.6
2016-08-13 08:00:00,29.4,80,9.1,304.0,1004.1
2016-08-13 09:00:00,30.9,72,9.0,474.0,1003.9
2016-08-13 10:00:00,31.8,68,10.1,502.0,1003.4
2016-08-13 11:00:00,32.8,64,12.4,688.0,1003.2
2016-08-13 12:00:00,33.3,62,14.3,689.0,1002.6
2016-08-13 13:00:00,33.7,61,14.7,697.0,1001.8
2016-08-13 14:00:00,34.0,60,14.4,713.0,1001.3
2016-08-13 15:00:00,34.5,56,14.5,621.0,1000.8
2016-08-13 16:00:00,33.9,58,15.2,414.0,1000.8
2016-08-13 17:00:00,33.4,60,15.5,296.0,1000.8
2016-08-13 18:00:00,32.4,65,10.2,117.0,1001.4
2016-08-13 19:00:00,31.3,69,9.8,15.0,1001.8
2016-08-13 20:00:00,30.6,73,8.7,0.0,1001.9
2016-08-13 21:00:00,30.0,75,9.6,0.0,1002.5
2016-08-13 22:00:00,29.4,78,7.3,0.0,1002.9
2016-08-13 23:00:00,28.7,81,6.6,0.0,1002.7
2016-08-14 00:00:00,28.1,84,7.5,0.0,1002.4
2016-08-14 01:00:00,27.6,87,7.4,0.0,1002.1
2016-08-14 02:00:00,27.1,90,6.9,0.0,1001.9
2016-08-14 03:00:00,26.9,90,5.8,0.0,1001.8
2016-08-14 04:00:00,26.5,91,5.2,0.0,1002.2
2016-08-14 05:00:00,26.2,93,4.8,0.0,1002.3
2016-08-14 06:00:00,26.2,94,5.4,10.0,1002.8
2016-08-14 07:00:00,28.0,86,6.9,117.0,1002.9
2016-08-14 08:00:00,29.2,79,7.2,273.0,1003.3
2016-08-14 09:00:00,30.7,72,6.8,456.0,1003.1
2016-08-14 10:00:00,31.7,67,8.6,528.0,1002.8
2016-08-14 11:00:00,32.3,65,9.7,494.0,1002.1
2016-08-14 12:00:00,32.9,63,10.4,563.0,1001.8
2016-08-14 13:00:00,33.6,60,10.5,684.0,1001.4
2016-08-14 14:00:00,33.9,59,10.9,660.0,1000.7
2016-08-14 15:00:00,34.4,57,11.8,533.0,1000.3
2016-08-14 16:00:00,34.0,59,14.0,436.0,999.9
2016-08-14 17:00:00,33.2,62,16.7,294.0,1000.1
2016-08-14 18:00:00,31.9,68,13.6,126.0,1000.5
2016-08-14 19:00:00,30.7,73,13.5,15.0,1001.1
2016-08-14 20:00:00,29.9,78,13.7,0.0,1001.7
2016-08-14 21:00:00,29.3,80,11.9,0.0,1002.5
2016-08-14 22:00:00,29.0,82,10.0,0.0,1002.6
2016-08-14 23:00:00,28.7,83,9.0,0.0,1002.3
2016-08-15 00:00:00,28.4,85,7.4,0.0,1001.8
2016-08-15 01:00:00,27.9,87,5.8,0.0,1001.4
2016-08-15 02:00:00,27.4,90,5.3,0.0,1000.8
2016-08-15 03:00:00,26.8,93,4.7,0.0,1000.4
2016-08-15 04:00:00,26.5,94,4.3,0.0,1000.2
2016-08-15 05:00:00,26.2,95,4.4,0.0,1000.3
2016-08-15 06:00:00,26.0,96,4.7,10.0,1001.1
2016-08-15 07:00:00,28.3,87,5.9,122.0,1001.8
2016-08-15 08:00:00,29.8,77,5.5,305.0,1001.4
2016-08-15 09:00:00,31.2,70,4.8,504.0,1001.5
2016-08-15 10:00:00,32.6,63,4.3,684.0,1001.1
2016-08-15 11:00:00,33.9,57,4.4,817.0,1000.7
2016-08-15 12:00:00,34.9,53,4.5,874.0,1000.2
2016-08-15 13:00:00,35.5,51,5.4,823.0,999.6
2016-08-15 14:00:00,36.0,49,6.6,770.0,999.1
2016-08-15 15:00:00,36.0,50,7.5,601.0,998.7
2016-08-15 16:00:00,35.8,51,11.0,474.0,998.5
2016-08-15 17:00:00,34.8,56,15.1,311.0,998.6
2016-08-15 18:00:00,33.1,64,13.6,130.0,999.0
2016-08-15 19:00:00,31.6,71,13.0,13.0,999.6
2016-08-15 20:00:00,30.8,75,13.4,0.0,999.9
2016-08-15 21:00:00,30.3,78,12.8,0.0,1000.3
2016-08-15 22:00:00,29.8,79,10.9,0.0,1000.4
2016-08-15 23:00:00,29.4,81,9.1,0.0,1000.3
2016-08-16 00:00:00,28.9,83,7.6,0.0,1000.2
2016-08-16 01:00:00,28.3,86,6.2,0.0,999.8
2016-08-16 02:00:00,27.7,89,5.5,0.0,999.6
2016-08-16 03:00:00,27.5,93,4.9,0.0,999.5
2016-08-16 04:00:00,27.2,94,4.6,0.0,999.4
2016-08-16 05:00:00,26.9,95,3.3,0.0,999.6
2016-08-16 06:00:00,27.0,95,3.1,9.0,1000.1
2016-08-16 07:00:00,28.8,87,3.8,113.0,1000.8
2016-08-16 08:00:00,30.2,77,3.3,292.0,1000.9
2016-08-16 09:00:00,31.4,71,3.9,437.0,1001.0
2016-08-16 10:00:00,32.5,66,6.4,618.0,1001.0
2016-08-16 11:00:00,33.1,63,9.4,620.0,1000.5
2016-08-16 12:00:00,33.9,60,11.3,767.0,1000.3
2016-08-16 13:00:00,34.3,58,11.5,747.0,999.6
2016-08-16 14:00:00,34.6,56,11.3,700.0,999.3
2016-08-16 15:00:00,35.0,53,11.8,640.0,998.7
2016-08-16 16:00:00,35.0,52,11.6,529.0,998.6
2016-08-16 17:00:00,34.4,54,12.4,319.0,998.5
2016-08-16 18:00:00,33.2,59,12.3,139.0,998.9
2016-08-16 19:00:00,31.4,69,13.9,16.0,999.0
2016-08-16 20:00:00,30.2,76,15.0,0.0,999.7
2016-08-16 21:00:00,29.5,80,13.9,0.0,1000.1
2016-08-16 22:00:00,29.0,83,11.9,0.0,1000.3
2016-08-16 23:00:00,28.6,86,11.0,0.0,1000.2
2016-08-17 00:00:00,28.1,88,9.6,0.0,1000.1
2016-08-17 01:00:00,27.8,90,8.3,0.0,999.9
2016-08-17 02:00:00,27.3,93,6.3,0.0,999.8
2016-08-17 03:00:00,27.1,94,4.8,0.0,999.6
2016-08-17 04:00:00,26.7,95,3.9,0.0,999.7
2016-08-17 05:00:00,26.4,96,4.1,0.0,1000.3
2016-08-17 06:00:00,26.3,97,6.2,9.0,1000.4
2016-08-17 07:00:00,28.3,88,6.3,111.0,1000.9
2016-08-17 08:00:00,29.8,78,7.0,288.0,1000.8
2016-08-17 09:00:00,31.3,70,7.7,464.0,1000.6
2016-08-17 10:00:00,32.8,63,8.9,654.0,1000.4
2016-08-17 11:00:00,33.8,58,10.0,725.0,1000.1
2016-08-17 12:00:00,34.8,53,10.2,842.0,999.6
2016-08-17 13:00:00,35.3,50,10.9,810.0,999.0
2016-08-17 14:00:00,35.7,48,11.5,797.0,998.6
2016-08-17 15:00:00,35.5,48,12.8,591.0,998.0
2016-08-17 16:00:00,35.2,49,13.9,468.0,997.9
2016-08-17 17:00:00,34.3,52,15.5,305.0,997.6
2016-08-17 18:00:00,33.0,58,15.5,133.0,998.2
2016-08-17 19:00:00,31.8,63,15.8,13.0,998.2
2016-08-17 20:00:00,31.1,66,14.6,0.0,998.5
2016-08-17 21:00:00,30.6,68,13.0,0.0,999.5
2016-08-17 22:00:00,30.0,71,11.9,0.0,999.1
2016-08-17 23:00:00,29.4,74,10.5,0.0,999.9
2016-08-18 00:00:00,28.9,77,9.1,0.0,999.7
2016-08-18 01:00:00,28.4,79,7.9,0.0,999.6
2016-08-18 02:00:00,28.0,82,6.4,0.0,999.3
2016-08-18 03:00:00,27.8,84,5.4,0.0,999.1
2016-08-18 04:00:00,27.4,86,5.8,0.0,999.2
2016-08-18 05:00:00,27.1,88,6.5,0.0,999.9
2016-08-18 06:00:00,27.0,90,7.6,8.0,1000.0
2016-08-18 07:00:00,28.6,81,8.2,111.0,1000.2
2016-08-18 08:00:00,30.3,71,9.2,295.0,1000.3
2016-08-18 09:00:00,31.9,63,7.5,514.0,1000.5
2016-08-18 10:00:00,33.4,56,6.7,688.0,1000.4
2016-08-18 11:00:00,34.8,50,6.9,813.0,999.9
2016-08-18 12:00:00,35.7,47,7.7,815.0,999.5
2016-08-18 13:00:00,36.4,45,7.6,796.0,998.8
2016-08-18 14:00:00,36.9,43,7.4,759.0,998.2
2016-08-18 15:00:00,37.0,44,6.6,634.0,997.7
2016-08-18 16:00:00,36.7,44,5.9,428.0,997.7
2016-08-18 17:00:00,36.2,45,7.1,301.0,997.5
2016-08-18 18:00:00,35.0,49,7.6,115.0,998.1
2016-08-18 19:00:00,33.6,55,10.8,12.0,998.2
2016-08-18 20:00:00,32.7,60,12.3,0.0,998.9
2016-08-18 21:00:00,32.1,63,13.0,0.0,999.5
2016-08-18 22:00:00,31.6,64,12.4,0.0,999.7
2016-08-18 23:00:00,31.0,67,11.0,0.0,1000.0
2016-08-19 00:00:00,30.3,70,9.0,0.0,1000.2
2016-08-19 01:00:00,29.7,74,8.2,0.0,1000.0
2016-08-19 02:00:00,29.2,77,7.7,0.0,999.8
2016-08-19 03:00:00,29.0,78,7.6,0.0,999.5
2016-08-19 04:00:00,28.6,80,7.2,0.0,999.4
2016-08-19 05:00:00,28.2,82,7.1,0.0,1000.0
2016-08-19 06:00:00,28.0,85,5.9,8.0,1000.0
2016-08-19 07:00:00,30.0,73,7.9,117.0,1000.6
2016-08-19 08:00:00,31.6,64,8.8,298.0,1000.6
2016-08-19 09:00:00,33.4,58,7.4,497.0,1001.3
2016-08-19 10:00:00,35.1,52,5.1,665.0,1001.3
2016-08-19 11:00:00,36.6,46,2.7,777.0,1001.0
2016-08-19 12:00:00,37.2,44,2.8,737.0,1000.4
2016-08-19 13:00:00,38.0,41,4.0,825.0,999.9
2016-08-19 14:00:00,38.2,40,4.7,700.0,999.4
2016-08-19 15:00:00,38.1,43,6.6,601.0,999.2
2016-08-19 16:00:00,37.1,45,8.4,422.0,999.0
2016-08-19 17:00:00,35.7,50,11.5,262.0,999.1
2016-08-19 18:00:00,34.8,54,10.1,99.0,999.7
2016-08-19 19:00:00,33.9,58,5.7,9.0,1000.0
2016-08-19 20:00:00,32.9,65,5.8,0.0,1000.4
2016-08-19 21:00:00,31.8,73,5.1,0.0,1001.4
2016-08-19 22:00:00,31.7,73,5.4,0.0,1001.5
2016-08-19 23:00:00,32.3,67,2.9,0.0,1001.7
2016-08-20 00:00:00,32.1,68,1.5,0.0,1001.7
2016-08-20 01:00:00,31.7,69,1.5,0.0,1001.5
2016-08-20 02:00:00,31.4,71,2.4,0.0,1001.1
2016-08-20 03:00:00,31.2,72,3.2,0.0,1001.0
2016-08-20 04:00:00,31.0,73,2.9,0.0,1001.0
2016-08-20 05:00:00,30.7,74,2.6,0.0,1001.2
2016-08-20 06:00:00,30.5,75,1.3,8.0,1001.3
2016-08-20 07:00:00,31.3,73,3.1,115.0,1001.5
2016-08-20 08:00:00,33.0,63,3.4,300.0,1002.1
2016-08-20 09:00:00,34.4,57,3.1,472.0,1001.9
2016-08-20 10:00:00,35.5,53,5.9,656.0,1002.1
2016-08-20 11:00:00,36.3,50,7.6,708.0,1001.8
2016-08-20 12:00:00,36.8,47,7.6,733.0,1001.0
2016-08-20 13:00:00,37.2,45,8.6,738.0,1000.6
2016-08-20 14:00:00,37.2,45,9.8,651.0,999.7
2016-08-20 15:00:00,37.2,44,11.2,599.0,999.4
2016-08-20 16:00:00,35.9,49,13.7,400.0,999.5
2016-08-20 17:00:00,34.4,56,15.5,261.0,999.8
2016-08-20 18:00:00,33.4,61,13.8,88.0,999.9
2016-08-20 19:00:00,32.0,66,12.5,9.0,1000.4
2016-08-20 20:00:00,30.9,73,12.2,0.0,1001.1
2016-08-20 21:00:00,30.3,77,10.2,0.0,1001.8
2016-08-20 22:00:00,29.9,79,11.2,0.0,1001.9
2016-08-20 23:00:00,29.5,81,9.4,0.0,1001.9
2016-08-21 00:00:00,29.1,83,6.5,0.0,1001.3
2016-08-21 01:00:00,28.8,84,6.4,0.0,1001.1
2016-08-21 02:00:00,28.5,85,6.1,0.0,1000.9
2016-08-21 03:00:00,28.2,85,6.5,0.0,1000.7
2016-08-21 04:00:00,27.9,87,6.5,0.0,1001.0
2016-08-21 05:00:00,27.7,88,6.3,0.0,1001.2
2016-08-21 06:00:00,27.6,90,7.6,7.0,1001.4
2016-08-21 07:00:00,29.0,84,8.5,103.0,1001.9
2016-08-21 08:00:00,30.1,79,11.5,242.0,1002.3
2016-08-21 09:00:00,31.6,71,13.7,391.0,1002.7
2016-08-21 10:00:00,32.9,64,13.7,568.0,1002.6
2016-08-21 11:00:00,34.0,59,13.1,642.0,1002.6
2016-08-21 12:00:00,34.6,56,11.8,603.0,1001.8
2016-08-21 13:00:00,35.1,55,11.9,652.0,1001.5
2016-08-21 14:00:00,35.2,55,12.9,713.0,1001.1
2016-08-21 15:00:00,35.3,54,14.5,608.0,1000.4
2016-08-21 16:00:00,35.0,53,13.7,450.0,1000.5
2016-08-21 17:00:00,33.9,55,14.7,258.0,1000.5
2016-08-21 18:00:00,32.8,59,14.2,95.0,1001.1
2016-08-21 19:00:00,31.8,65,11.8,9.0,1002.0
2016-08-21 20:00:00,31.1,69,9.2,0.0,1001.9
2016-08-21 21:00:00,30.5,72,9.1,0.0,1002.8
2016-08-21 22:00:00,30.1,75,8.7,0.0,1003.1
2016-08-21 23:00:00,29.6,78,8.7,0.0,1003.3
2016-08-22 00:00:00,29.2,80,8.4,0.0,1003.4
2016-08-22 01:00:00,28.7,83,7.6,0.0,1003.3
2016-08-22 02:00:00,28.3,85,6.8,0.0,1003.3
2016-08-22 03:00:00,27.9,89,6.8,0.0,1003.4
2016-08-22 04:00:00,27.5,91,7.3,0.0,1003.4
2016-08-22 05:00:00,27.1,93,7.1,0.0,1004.1
2016-08-22 06:00:00,27.0,94,7.8,7.0,1004.8
2016-08-22 07:00:00,28.4,86,9.7,113.0,1005.2
2016-08-22 08:00:00,30.1,74,11.1,298.0,1005.3
2016-08-22 09:00:00,31.6,64,10.3,475.0,1005.2
2016-08-22 10:00:00,32.9,57,10.2,640.0,1004.8
2016-08-22 11:00:00,33.8,53,11.4,750.0,1004.7
2016-08-22 12:00:00,34.4,50,12.9,787.0,1004.1
2016-08-22 13:00:00,34.6,50,14.4,682.0,1003.6
2016-08-22 14:00:00,34.6,50,15.1,628.0,1003.6
2016-08-22 15:00:00,34.4,50,15.7,508.0,1003.4
2016-08-22 16:00:00,34.0,51,15.9,367.0,1003.4
2016-08-22 17:00:00,33.5,52,16.1,265.0,1003.3
2016-08-22 18:00:00,32.6,56,14.5,109.0,1003.7
2016-08-22 19:00:00,31.5,61,13.7,9.0,1004.2
2016-08-22 20:00:00,30.6,66,13.8,0.0,1004.5
2016-08-22 21:00:00,29.9,71,12.6,0.0,1005.3
2016-08-22 22:00:00,29.3,75,11.5,0.0,1005.4
2016-08-22 23:00:00,28.7,78,10.1,0.0,1005.3
2016-08-23 00:00:00,28.1,82,7.2,0.0,1005.1
2016-08-23 01:00:00,27.6,86,5.4,0.0,1004.8
2016-08-23 02:00:00,27.0,90,5.0,0.0,1004.2
2016-08-23 03:00:00,26.6,92,4.9,0.0,1004.3
2016-08-23 04:00:00,26.4,94,4.3,0.0,1004.3
2016-08-23 05:00:00,26.1,95,4.1,0.0,1004.7
2016-08-23 06:00:00,26.2,95,2.6,7.0,1004.9
2016-08-23 07:00:00,27.8,87,4.1,96.0,1005.6
2016-08-23 08:00:00,29.1,79,5.6,244.0,1005.5
2016-08-23 09:00:00,30.2,72,6.9,386.0,1005.9
2016-08-23 10:00:00,31.1,66,7.2,507.0,1005.9
2016-08-23 11:00:00,32.2,61,7.9,607.0,1005.3
2016-08-23 12:00:00,33.1,56,7.7,660.0,1004.3
2016-08-23 13:00:00,33.7,53,7.4,641.0,1003.8
2016-08-23 14:00:00,34.1,52,7.5,637.0,1003.0
2016-08-23 15:00:00,34.1,52,9.0,567.0,1002.5
2016-08-23 16:00:00,33.8,53,9.8,388.0,1001.9
2016-08-23 17:00:00,33.3,54,11.2,216.0,1002.0
2016-08-23 18:00:00,32.6,57,9.7,84.0,1001.9
2016-08-23 19:00:00,31.6,63,11.3,7.0,1002.7
2016-08-23 20:00:00,30.6,69,13.9,0.0,1003.1
2016-08-23 21:00:00,29.9,75,13.5,0.0,1003.4
2016-08-23 22:00:00,29.3,78,11.7,0.0,1003.4
2016-08-23 23:00:00,28.9,80,11.3,0.0,1003.3
2016-08-24 00:00:00,28.5,82,10.5,0.0,1003.0
2016-08-24 01:00:00,28.2,84,9.4,0.0,1002.8
2016-08-24 02:00:00,27.9,85,7.3,0.0,1002.6
2016-08-24 03:00:00,27.6,86,6.6,0.0,1002.6
2016-08-24 04:00:00,27.3,87,6.0,0.0,1002.8
2016-08-24 05:00:00,27.1,88,6.2,0.0,1003.0
2016-08-24 06:00:00,26.9,89,6.7,6.0,1003.0
2016-08-24 07:00:00,27.8,84,7.4,96.0,1004.1
2016-08-24 08:00:00,29.0,77,6.8,247.0,1003.8
2016-08-24 09:00:00,30.2,71,6.3,396.0,1004.1
2016-08-24 10:00:00,31.3,65,7.1,488.0,1003.8
2016-08-24 11:00:00,32.1,61,8.0,534.0,1003.4
2016-08-24 12:00:00,32.9,57,9.1,591.0,1002.7
2016-08-24 13:00:00,33.7,54,10.6,644.0,1001.9
2016-08-24 14:00:00,34.5,48,12.0,771.0,1001.5
2016-08-24 15:00:00,34.8,43,13.0,667.0,1000.9
2016-08-24 16:00:00,34.6,41,13.8,515.0,1000.8
2016-08-24 17:00:00,33.8,41,14.5,330.0,1001.1
2016-08-24 18:00:00,32.5,46,11.8,131.0,1001.2
2016-08-24 19:00:00,30.8,54,12.6,9.0,1001.7
2016-08-24 20:00:00,29.6,61,13.8,0.0,1002.4
2016-08-24 21:00:00,28.7,67,13.3,0.0,1002.9
2016-08-24 22:00:00,28.0,70,12.3,0.0,1003.0
2016-08-24 23:00:00,27.4,73,10.5,0.0,1003.0
2016-08-25 00:00:00,26.7,77,8.0,0.0,1003.2
2016-08-25 01:00:00,26.0,84,5.8,0.0,1002.7
2016-08-25 02:00:00,25.2,88,4.7,0.0,1002.3
2016-08-25 03:00:00,25.2,88,5.0,0.0,1002.1
2016-08-25 04:00:00,24.9,89,4.8,0.0,1001.9
2016-08-25 05:00:00,24.5,91,4.8,0.0,1002.3
2016-08-25 06:00:00,24.6,92,3.1,7.0,1002.8
2016-08-25 07:00:00,26.3,87,3.9,119.0,1003.0
2016-08-25 08:00:00,28.4,72,4.7,314.0,1003.0
2016-08-25 09:00:00,30.3,61,5.5,516.0,1002.9
2016-08-25 10:00:00,32.0,52,5.0,691.0,1002.7
2016-08-25 11:00:00,33.5,47,4.8,827.0,1002.2
2016-08-25 12:00:00,34.6,44,6.1,898.0,1001.8
2016-08-25 13:00:00,35.4,40,8.9,892.0,1001.1
2016-08-25 14:00:00,35.8,37,11.1,821.0,1000.6
2016-08-25 15:00:00,35.7,37,11.7,712.0,1000.0
2016-08-25 16:00:00,35.4,37,12.2,541.0,999.7
2016-08-25 17:00:00,34.6,39,13.8,336.0,999.7
2016-08-25 18:00:00,33.1,45,12.0,131.0,999.8
2016-08-25 19:00:00,31.3,53,11.8,9.0,1001.0
2016-08-25 20:00:00,30.0,61,11.2,0.0,1001.9
2016-08-25 21:00:00,29.0,67,10.2,0.0,1002.6
2016-08-25 22:00:00,28.2,73,8.0,0.0,1002.9
2016-08-25 23:00:00,27.5,79,6.4,0.0,1003.3
2016-08-26 00:00:00,26.7,85,5.6,0.0,1002.9
2016-08-26 01:00:00,26.2,90,5.4,0.0,1003.0
2016-08-26 02:00:00,25.7,94,5.7,0.0,1002.8
2016-08-26 03:00:00,25.8,94,5.3,0.0,1002.6
2016-08-26 04:00:00,25.7,95,6.5,0.0,1002.8
2016-08-26 05:00:00,25.7,96,7.6,0.0,1003.2
2016-08-26 06:00:00,25.9,94,7.3,5.0,1003.7
2016-08-26 07:00:00,26.9,89,9.5,82.0,1004.5
2016-08-26 08:00:00,27.6,86,10.6,165.0,1005.2
2016-08-26 09:00:00,29.0,77,12.0,297.0,1005.6
2016-08-26 10:00:00,30.0,72,13.1,401.0,1005.6
2016-08-26 11:00:00,31.2,68,14.8,595.0,1005.4
2016-08-26 12:00:00,32.0,65,16.0,697.0,1005.0
2016-08-26 13:00:00,32.5,62,16.9,640.0,1004.4
2016-08-26 14:00:00,32.5,61,17.7,534.0,1004.1
2016-08-26 15:00:00,32.9,55,18.2,570.0,1004.0
2016-08-26 16:00:00,32.7,54,18.9,415.0,1003.9
2016-08-26 17:00:00,32.1,55,19.0,266.0,1004.2
2016-08-26 18:00:00,30.7,60,17.3,77.0,1005.1
2016-08-26 19:00:00,29.3,66,17.9,5.0,1006.2
2016-08-26 20:00:00,28.2,72,18.5,0.0,1006.7
2016-08-26 21:00:00,27.5,75,17.1,0.0,1007.6
2016-08-26 22:00:00,27.1,75,13.6,0.0,1008.0
2016-08-26 23:00:00,26.9,76,13.3,0.0,1008.1
2016-08-27 00:00:00,26.6,75,13.0,0.0,1008.3
2016-08-27 01:00:00,26.3,74,13.6,0.0,1007.9
2016-08-27 02:00:00,26.1,72,13.8,0.0,1007.8
2016-08-27 03:00:00,25.5,71,14.4,0.0,1007.6
2016-08-27 04:00:00,25.1,71,14.4,0.0,1007.7
2016-08-27 05:00:00,24.9,71,13.7,0.0,1008.0
2016-08-27 06:00:00,24.8,70,12.6,3.0,1008.5
2016-08-27 07:00:00,25.0,68,13.6,53.0,1009.2
2016-08-27 08:00:00,25.5,64,14.0,161.0,1009.0
2016-08-27 09:00:00,26.4,61,14.1,285.0,1009.1
2016-08-27 10:00:00,27.6,55,13.9,481.0,1008.5
2016-08-27 11:00:00,28.8,51,13.4,670.0,1008.2
2016-08-27 12:00:00,29.8,48,13.7,732.0,1007.5
2016-08-27 13:00:00,30.2,46,15.3,648.0,1006.7
2016-08-27 14:00:00,30.2,45,16.5,555.0,1006.2
2016-08-27 15:00:00,29.6,45,17.2,473.0,1005.7
2016-08-27 16:00:00,29.3,45,16.4,340.0,1005.6
2016-08-27 17:00:00,28.8,46,15.5,229.0,1005.8
2016-08-27 18:00:00,28.0,49,11.8,81.0,1006.4
2016-08-27 19:00:00,27.3,53,6.8,5.0,1007.0
2016-08-27 20:00:00,26.4,58,5.5,0.0,1007.2
2016-08-27 21:00:00,26.2,59,7.5,0.0,1007.5
2016-08-27 22:00:00,25.8,59,8.1,0.0,1007.5
2016-08-27 23:00:00,25.3,60,9.7,0.0,1007.6
2016-08-28 00:00:00,25.0,61,12.9,0.0,1007.4
2016-08-28 01:00:00,24.7,62,14.4,0.0,1007.2
2016-08-28 02:00:00,24.3,63,14.7,0.0,1007.0
2016-08-28 03:00:00,23.7,62,14.3,0.0,1007.2
2016-08-28 04:00:00,23.1,62,13.4,0.0,1007.6
2016-08-28 05:00:00,22.6,61,12.4,0.0,1007.6
2016-08-28 06:00:00,22.3,61,12.7,5.0,1008.0
2016-08-28 07:00:00,23.1,57,14.3,107.0,1008.7
2016-08-28 08:00:00,24.8,49,18.2,325.0,1008.7
2016-08-28 09:00:00,26.5,43,21.1,542.0,1008.6
2016-08-28 10:00:00,27.9,35,23.1,727.0,1008.5
2016-08-28 11:00:00,29.0,32,24.1,862.0,1008.1
2016-08-28 12:00:00,29.8,30,24.0,932.0,1007.7
2016-08-28 13:00:00,30.4,29,23.7,932.0,1007.0
2016-08-28 14:00:00,30.6,29,23.8,868.0,1006.0
2016-08-28 15:00:00,30.7,28,23.4,728.0,1005.6
2016-08-28 16:00:00,30.3,28,22.3,513.0,1005.2
2016-08-28 17:00:00,29.7,29,20.4,326.0,1005.5
2016-08-28 18:00:00,28.7,31,12.3,123.0,1006.0
2016-08-28 19:00:00,27.1,36,8.1,7.0,1006.6
2016-08-28 20:00:00,26.2,42,8.8,0.0,1006.9
2016-08-28 21:00:00,25.2,48,10.5,0.0,1007.3
2016-08-28 22:00:00,24.6,54,10.1,0.0,1007.6
2016-08-28 23:00:00,23.7,59,8.7,0.0,1007.6
2016-08-29 00:00:00,22.7,65,6.4,0.0,1007.6
2016-08-29 01:00:00,21.7,70,7.0,0.0,1007.4
2016-08-29 02:00:00,20.8,76,7.1,0.0,1007.1
2016-08-29 03:00:00,20.5,77,7.1,0.0,1007.2
2016-08-29 04:00:00,19.9,80,6.8,0.0,1007.3
2016-08-29 05:00:00,19.2,83,6.4,0.0,1008.0
2016-08-29 06:00:00,18.9,84,5.2,6.0,1008.1
2016-08-29 07:00:00,21.4,81,6.2,120.0,1008.7
2016-08-29 08:00:00,25.7,50,6.7,326.0,1008.7
2016-08-29 09:00:00,27.3,40,9.4,531.0,1008.8
2016-08-29 10:00:00,28.6,36,12.8,718.0,1008.3
2016-08-29 11:00:00,29.6,32,15.0,850.0,1008.0
2016-08-29 12:00:00,30.4,30,15.9,915.0,1007.4
2016-08-29 13:00:00,30.9,28,16.2,916.0,1006.6
2016-08-29 14:00:00,31.1,27,16.5,853.0,1005.9
2016-08-29 15:00:00,31.0,28,16.4,721.0,1005.3
2016-08-29 16:00:00,30.6,29,16.2,539.0,1005.1
2016-08-29 17:00:00,29.8,30,15.5,330.0,1005.2
2016-08-29 18:00:00,28.6,33,10.6,123.0,1005.9
2016-08-29 19:00:00,26.9,38,8.0,6.0,1006.8
2016-08-29 20:00:00,25.6,43,6.5,0.0,1006.9
2016-08-29 21:00:00,24.3,50,7.3,0.0,1007.4
2016-08-29 22:00:00,23.1,57,8.3,0.0,1007.5
2016-08-29 23:00:00,22.0,63,8.3,0.0,1007.5
2016-08-30 00:00:00,21.2,69,7.7,0.0,1007.4
2016-08-30 01:00:00,20.7,73,7.9,0.0,1007.3
2016-08-30 02:00:00,20.2,75,7.9,0.0,1006.7
2016-08-30 03:00:00,19.6,74,7.2,0.0,1006.5
2016-08-30 04:00:00,19.1,75,6.2,0.0,1006.2
2016-08-30 05:00:00,18.9,74,6.9,0.0,1006.4
2016-08-30 06:00:00,18.8,76,7.7,6.0,1006.8
2016-08-30 07:00:00,21.4,69,9.5,121.0,1007.0
2016-08-30 08:00:00,26.0,45,9.7,326.0,1006.8
2016-08-30 09:00:00,27.9,37,12.6,535.0,1006.5
2016-08-30 10:00:00,29.1,35,15.0,715.0,1006.5
2016-08-30 11:00:00,30.0,33,16.9,844.0,1005.9
2016-08-30 12:00:00,30.8,31,17.3,910.0,1005.3
2016-08-30 13:00:00,31.3,30,17.4,912.0,1004.2
2016-08-30 14:00:00,31.6,29,18.0,833.0,1003.4
2016-08-30 15:00:00,31.4,28,18.2,708.0,1002.8
2016-08-30 16:00:00,31.0,28,17.4,523.0,1002.7
2016-08-30 17:00:00,30.4,28,15.5,319.0,1002.7
2016-08-30 18:00:00,29.0,30,10.5,118.0,1003.1
2016-08-30 19:00:00,27.2,34,7.3,5.0,1003.8
2016-08-30 20:00:00,25.7,41,6.8,0.0,1004.3
2016-08-30 21:00:00,24.0,54,8.9,0.0,1005.0
2016-08-30 22:00:00,23.9,51,6.4,0.0,1004.9
2016-08-30 23:00:00,24.6,46,3.1,0.0,1004.9
2016-08-31 00:00:00,24.1,48,3.7,0.0,1004.7
2016-08-31 01:00:00,23.3,53,5.6,0.0,1004.2
2016-08-31 02:00:00,21.5,62,7.3,0.0,1003.8
2016-08-31 03:00:00,20.0,68,7.9,0.0,1003.2
2016-08-31 04:00:00,19.6,68,7.6,0.0,1003.1
2016-08-31 05:00:00,19.2,70,7.4,0.0,1002.9
2016-08-31 06:00:00,19.0,74,5.6,5.0,1003.1
2016-08-31 07:00:00,21.5,73,8.1,117.0,1003.4
2016-08-31 08:00:00,26.6,40,8.2,318.0,1003.5
2016-08-31 09:00:00,28.7,33,10.5,502.0,1003.2
2016-08-31 10:00:00,30.1,31,10.7,663.0,1003.0
2016-08-31 11:00:00,31.3,29,10.5,811.0,1002.4
2016-08-31 12:00:00,32.1,28,11.0,829.0,1001.4
2016-08-31 13:00:00,32.8,27,11.7,822.0,1000.5
2016-08-31 14:00:00,33.3,26,12.3,790.0,999.8
2016-08-31 15:00:00,33.6,25,13.0,644.0,999.2
2016-08-31 16:00:00,33.6,24,13.6,449.0,998.9
2016-08-31 17:00:00,33.2,25,10.7,260.0,998.7
2016-08-31 18:00:00,31.8,29,6.9,109.0,999.2
2016-08-31 19:00:00,29.5,37,7.8,4.0,999.3
2016-08-31 20:00:00,27.7,42,7.1,0.0,1000.0
2016-08-31 21:00:00,26.4,46,7.1,0.0,1000.6
2016-08-31 22:00:00,25.4,52,9.0,0.0,1000.5
2016-08-31 23:00:00,24.6,57,9.8,0.0,1000.6
2016-09-01 00:00:00,24.0,59,9.8,0.0,1000.7
2016-09-01 01:00:00,23.7,62,9.3,0.0,1000.6
2016-09-01 02:00:00,23.5,64,8.4,0.0,1000.2
2016-09-01 03:00:00,23.3,63,7.9,0.0,1000.2
2016-09-01 04:00:00,23.1,64,8.1,0.0,1000.0
2016-09-01 05:00:00,23.0,65,8.4,0.0,1000.2
2016-09-01 06:00:00,22.9,69,7.4,4.0,1000.2
2016-09-01 07:00:00,24.6,64,9.7,94.0,1000.7
2016-09-01 08:00:00,27.2,52,11.2,279.0,1000.9
2016-09-01 09:00:00,28.7,48,11.4,466.0,1001.3
2016-09-01 10:00:00,30.0,45,11.9,626.0,1001.1
2016-09-01 11:00:00,31.1,42,12.0,730.0,1000.4
2016-09-01 12:00:00,32.0,39,13.3,757.0,999.8
2016-09-01 13:00:00,32.5,37,14.0,687.0,998.7
2016-09-01 14:00:00,32.7,37,13.1,544.0,998.0
2016-09-01 15:00:00,32.9,36,13.0,625.0,997.7
2016-09-01 16:00:00,32.4,38,13.0,468.0,997.4
2016-09-01 17:00:00,31.5,41,14.7,250.0,997.7
2016-09-01 18:00:00,30.2,46,12.6,81.0,998.6
2016-09-01 19:00:00,28.8,51,13.5,4.0,999.1
2016-09-01 20:00:00,27.8,55,13.7,0.0,999.8
2016-09-01 21:00:00,27.2,57,12.6,0.0,1000.5
2016-09-01 22:00:00,26.5,60,12.4,0.0,1000.7
2016-09-01 23:00:00,26.0,62,11.8,0.0,1000.8
2016-09-02 00:00:00,25.3,65,10.5,0.0,1000.5
2016-09-02 01:00:00,24.8,68,9.7,0.0,1000.5
2016-09-02 02:00:00,24.2,71,9.0,0.0,1000.2
2016-09-02 03:00:00,23.2,75,7.7,0.0,1000.3
2016-09-02 04:00:00,22.6,79,6.3,0.0,1000.6
2016-09-02 05:00:00,21.9,83,5.8,0.0,1000.8
2016-09-02 06:00:00,21.4,88,4.3,5.0,1001.0
2016-09-02 07:00:00,23.6,79,5.7,114.0,1001.9
2016-09-02 08:00:00,26.4,65,4.0,317.0,1002.1
2016-09-02 09:00:00,28.9,55,3.6,526.0,1002.2
2016-09-02 10:00:00,30.9,48,5.2,702.0,1002.3
2016-09-02 11:00:00,32.4,42,6.9,830.0,1001.7
2016-09-02 12:00:00,33.6,37,8.2,896.0,1001.4
2016-09-02 13:00:00,34.4,33,9.2,891.0,1000.6
2016-09-02 14:00:00,34.7,31,9.5,765.0,1000.4
2016-09-02 15:00:00,34.2,31,9.5,615.0,1000.2
2016-09-02 16:00:00,33.9,31,10.6,420.0,1000.3
2016-09-02 17:00:00,33.2,32,11.4,260.0,1000.4
2016-09-02 18:00:00,31.8,36,6.6,103.0,1001.1
2016-09-02 19:00:00,30.0,42,7.4,3.0,1001.2
2016-09-02 20:00:00,28.5,49,7.7,0.0,1001.8
2016-09-02 21:00:00,27.0,57,7.4,0.0,1002.7
2016-09-02 22:00:00,25.7,63,6.6,0.0,1002.6
2016-09-02 23:00:00,24.8,68,6.6,0.0,1003.0
2016-09-03 00:00:00,24.1,73,6.6,0.0,1003.0
2016-09-03 01:00:00,23.9,74,8.0,0.0,1003.0
2016-09-03 02:00:00,23.8,74,7.3,0.0,1003.0
2016-09-03 03:00:00,25.5,64,3.1,0.0,1002.8
2016-09-03 04:00:00,25.1,66,1.1,0.0,1003.3
2016-09-03 05:00:00,24.4,70,2.0,0.0,1003.8
2016-09-03 06:00:00,23.8,75,2.9,5.0,1004.4
2016-09-03 07:00:00,24.4,75,3.1,118.0,1005.0
2016-09-03 08:00:00,27.5,59,4.4,325.0,1005.2
2016-09-03 09:00:00,29.6,48,5.4,536.0,1005.4
2016-09-03 10:00:00,31.3,39,6.5,719.0,1005.2
2016-09-03 11:00:00,32.8,32,9.5,847.0,1005.1
2016-09-03 12:00:00,33.8,27,12.4,891.0,1004.6
2016-09-03 13:00:00,34.3,25,15.1,871.0,1004.3
2016-09-03 14:00:00,34.4,25,16.1,823.0,1004.0
2016-09-03 15:00:00,34.2,25,16.3,706.0,1003.9
2016-09-03 16:00:00,33.6,26,16.9,523.0,1004.0
2016-09-03 17:00:00,32.7,29,15.4,312.0,1004.1
2016-09-03 18:00:00,31.0,35,9.5,101.0,1004.5
2016-09-03 19:00:00,29.3,41,9.7,3.0,1005.5
2016-09-03 20:00:00,28.2,47,10.4,0.0,1005.8
2016-09-03 21:00:00,27.2,53,9.4,0.0,1006.7
2016-09-03 22:00:00,26.2,60,8.0,0.0,1006.7
2016-09-03 23:00:00,25.1,69,6.2,0.0,1007.2
2016-09-04 00:00:00,23.8,80,6.9,0.0,1007.2
2016-09-04 01:00:00,22.9,86,6.6,0.0,1007.0
2016-09-04 02:00:00,22.2,91,6.5,0.0,1006.8
2016-09-04 03:00:00,22.1,90,5.4,0.0,1006.5
2016-09-04 04:00:00,21.7,92,6.0,0.0,1006.7
2016-09-04 05:00:00,22.1,92,6.0,0.0,1007.1
2016-09-04 06:00:00,22.2,93,3.6,4.0,1007.5
2016-09-04 07:00:00,22.7,94,4.4,102.0,1008.2
2016-09-04 08:00:00,25.6,79,6.3,303.0,1008.1
2016-09-04 09:00:00,27.3,66,6.6,492.0,1008.4
2016-09-04 10:00:00,29.0,55,8.2,618.0,1008.1
2016-09-04 11:00:00,30.2,49,10.7,645.0,1007.8
2016-09-04 12:00:00,31.1,44,13.0,664.0,1007.4
2016-09-04 13:00:00,31.7,42,14.7,630.0,1006.6
2016-09-04 14:00:00,32.1,41,15.4,607.0,1006.7
2016-09-04 15:00:00,30.9,51,15.9,343.0,1006.3
2016-09-04 16:00:00,30.7,52,16.1,305.0,1006.6
2016-09-04 17:00:00,29.9,54,15.0,180.0,1007.1
2016-09-04 18:00:00,28.9,60,8.9,50.0,1007.5
2016-09-04 19:00:00,28.0,66,10.4,1.0,1008.0
2016-09-04 20:00:00,27.2,72,14.2,0.0,1007.5
2016-09-04 21:00:00,26.6,77,13.2,0.0,1008.4
2016-09-04 22:00:00,26.1,80,11.4,0.0,1008.5
2016-09-04 23:00:00,25.9,82,7.9,0.0,1008.5
2016-09-05 00:00:00,25.7,83,8.3,0.0,1007.8
2016-09-05 01:00:00,25.5,83,5.2,0.0,1007.7
2016-09-05 02:00:00,25.3,84,3.5,0.0,1007.5
2016-09-05 03:00:00,25.0,89,3.8,0.0,1007.4
2016-09-05 04:00:00,25.0,89,5.9,0.0,1007.8
2016-09-05 05:00:00,24.9,90,6.9,0.0,1008.1
2016-09-05 06:00:00,24.8,91,6.4,1.0,1008.9
2016-09-05 07:00:00,25.1,90,6.1,27.0,1009.1
2016-09-05 08:00:00,25.6,87,7.9,90.0,1009.2
2016-09-05 09:00:00,26.2,84,9.4,166.0,1009.9
2016-09-05 10:00:00,26.5,81,9.4,181.0,1009.7
2016-09-05 11:00:00,27.4,77,10.9,306.0,1009.2
2016-09-05 12:00:00,28.7,70,13.0,466.0,1008.7
2016-09-05 13:00:00,29.6,65,14.2,525.0,1008.0
2016-09-05 14:00:00,30.5,62,14.0,538.0,1007.6
2016-09-05 15:00:00,30.5,56,14.5,387.0,1007.0
2016-09-05 16:00:00,30.5,54,14.2,300.0,1007.1
2016-09-05 17:00:00,29.9,53,14.2,140.0,1007.4
2016-09-05 18:00:00,29.0,57,14.3,51.0,1007.1
2016-09-05 19:00:00,28.0,62,13.0,1.0,1008.0
2016-09-05 20:00:00,27.2,67,11.9,0.0,1008.0
2016-09-05 21:00:00,26.7,71,10.1,0.0,1008.8
2016-09-05 22:00:00,26.0,75,9.9,0.0,1008.4
2016-09-05 23:00:00,25.6,78,10.5,0.0,1008.7
2016-09-06 00:00:00,25.3,80,9.6,0.0,1007.8
2016-09-06 01:00:00,25.0,82,8.9,0.0,1008.1
2016-09-06 02:00:00,24.8,83,9.2,0.0,1007.9
2016-09-06 03:00:00,24.7,82,7.6,0.0,1007.6
2016-09-06 04:00:00,24.6,82,5.9,0.0,1007.5
2016-09-06 05:00:00,24.3,84,6.4,0.0,1007.9
2016-09-06 06:00:00,24.2,84,7.3,1.0,1008.1
2016-09-06 07:00:00,24.5,83,9.4,27.0,1008.4
2016-09-06 08:00:00,25.0,78,10.2,89.0,1008.5
2016-09-06 09:00:00,26.4,68,11.3,278.0,1008.9
2016-09-06 10:00:00,27.4,58,11.9,375.0,1009.1
2016-09-06 11:00:00,28.1,52,13.6,442.0,1009.0
2016-09-06 12:00:00,28.7,48,13.8,556.0,1008.5
2016-09-06 13:00:00,28.2,48,14.0,289.0,1007.9
2016-09-06 14:00:00,27.7,51,14.3,281.0,1007.6
2016-09-06 15:00:00,25.5,59,13.6,187.0,1007.5
2016-09-06 16:00:00,24.4,67,10.7,121.0,1007.2
2016-09-06 17:00:00,24.0,72,10.3,51.0,1007.0
2016-09-06 18:00:00,23.8,75,6.8,10.0,1007.1
2016-09-06 19:00:00,23.8,76,7.1,0.0,1007.4
2016-09-06 20:00:00,23.7,78,7.3,0.0,1007.3
2016-09-06 21:00:00,23.7,80,6.3,0.0,1007.6
2016-09-06 22:00:00,23.6,81,5.7,0.0,1007.2
2016-09-06 23:00:00,23.5,83,4.9,0.0,1006.7
2016-09-07 00:00:00,23.2,90,5.3,0.0,1006.4
2016-09-07 01:00:00,23.2,89,6.4,0.0,1006.0
2016-09-07 02:00:00,23.0,91,8.3,0.0,1005.7
2016-09-07 03:00:00,22.4,92,7.9,0.0,1005.5
2016-09-07 04:00:00,22.2,92,7.7,0.0,1005.7
2016-09-07 05:00:00,22.0,93,8.4,0.0,1005.9
2016-09-07 06:00:00,21.9,93,9.2,0.0,1006.4
2016-09-07 07:00:00,21.8,94,8.9,4.0,1006.7
2016-09-07 08:00:00,21.8,94,8.1,9.0,1006.8
2016-09-07 09:00:00,21.8,94,7.6,16.0,1007.2
2016-09-07 10:00:00,21.8,94,7.6,10.0,1007.3
2016-09-07 11:00:00,22.5,89,7.8,106.0,1007.3
2016-09-07 12:00:00,23.4,84,9.0,187.0,1006.6
2016-09-07 13:00:00,24.4,79,8.9,276.0,1006.0
2016-09-07 14:00:00,25.0,76,8.2,270.0,1005.9
2016-09-07 15:00:00,24.0,79,8.5,142.0,1005.8
2016-09-07 16:00:00,23.9,79,8.2,85.0,1006.0
2016-09-07 17:00:00,23.9,79,7.9,81.0,1006.0
2016-09-07 18:00:00,23.6,80,6.4,34.0,1006.9
2016-09-07 19:00:00,23.3,83,5.4,1.0,1006.9
2016-09-07 20:00:00,22.9,86,4.2,0.0,1007.3
2016-09-07 21:00:00,22.5,89,3.2,0.0,1007.7
2016-09-07 22:00:00,22.1,92,3.3,0.0,1007.8
2016-09-07 23:00:00,22.3,89,2.2,0.0,1007.6
2016-09-08 00:00:00,22.1,90,1.4,0.0,1007.4
2016-09-08 01:00:00,21.8,91,2.0,0.0,1007.0
2016-09-08 02:00:00,21.0,94,4.1,0.0,1007.0
2016-09-08 03:00:00,20.4,96,4.9,0.0,1006.9
2016-09-08 04:00:00,20.7,95,3.7,0.0,1006.7
2016-09-08 05:00:00,21.3,92,3.2,0.0,1007.4
2016-09-08 06:00:00,21.1,93,1.8,3.0,1007.8
2016-09-08 07:00:00,21.4,93,2.0,71.0,1008.4
2016-09-08 08:00:00,22.8,85,2.8,196.0,1008.5
2016-09-08 09:00:00,24.2,77,1.0,344.0,1008.6
2016-09-08 10:00:00,25.5,71,1.6,485.0,1008.8
2016-09-08 11:00:00,26.4,68,3.1,552.0,1008.2
2016-09-08 12:00:00,27.5,64,3.4,706.0,1007.4
2016-09-08 13:00:00,28.3,61,3.8,737.0,1007.0
2016-09-08 14:00:00,28.7,58,4.8,607.0,1006.9
2016-09-08 15:00:00,29.1,57,6.6,602.0,1006.9
2016-09-08 16:00:00,29.0,57,6.5,464.0,1006.9
2016-09-08 17:00:00,28.5,59,6.8,237.0,1007.0
2016-09-08 18:00:00,27.2,66,5.8,71.0,1006.9
2016-09-08 19:00:00,26.0,72,6.9,1.0,1007.8
2016-09-08 20:00:00,25.1,76,8.0,0.0,1008.0
2016-09-08 21:00:00,24.5,80,7.7,0.0,1008.4
2016-09-08 22:00:00,23.7,84,6.6,0.0,1008.3
2016-09-08 23:00:00,22.8,90,5.2,0.0,1008.7
2016-09-09 00:00:00,22.2,92,5.8,0.0,1008.3
2016-09-09 01:00:00,22.2,91,5.6,0.0,1008.2
2016-09-09 02:00:00,21.8,93,3.7,0.0,1008.2
2016-09-09 03:00:00,22.6,91,2.6,0.0,1008.3
2016-09-09 04:00:00,22.3,93,2.3,0.0,1008.5
2016-09-09 05:00:00,22.1,94,3.2,0.0,1008.3
2016-09-09 06:00:00,22.0,94,4.3,3.0,1008.9
2016-09-09 07:00:00,21.8,97,3.3,80.0,1009.2
2016-09-09 08:00:00,24.0,86,2.5,198.0,1009.1
2016-09-09 09:00:00,25.6,79,3.3,352.0,1009.4
2016-09-09 10:00:00,27.2,69,6.9,523.0,1009.0
2016-09-09 11:00:00,28.6,58,9.9,725.0,1008.6
2016-09-09 12:00:00,29.5,53,10.8,842.0,1008.2
2016-09-09 13:00:00,30.1,50,11.2,864.0,1007.8
2016-09-09 14:00:00,30.3,49,12.7,778.0,1007.4
2016-09-09 15:00:00,30.7,49,13.5,598.0,1007.2
2016-09-09 16:00:00,30.0,52,14.7,389.0,1007.0
2016-09-09 17:00:00,28.8,59,14.2,206.0,1007.2
2016-09-09 18:00:00,27.2,65,12.7,65.0,1007.4
2016-09-09 19:00:00,26.0,70,12.3,1.0,1007.9
2016-09-09 20:00:00,25.4,73,11.9,0.0,1008.2
2016-09-09 21:00:00,24.8,77,9.0,0.0,1008.9
2016-09-09 22:00:00,24.4,79,7.2,0.0,1008.7
2016-09-09 23:00:00,23.8,83,5.9,0.0,1009.0
2016-09-10 00:00:00,23.4,85,6.0,0.0,1008.3
2016-09-10 01:00:00,23.2,88,5.0,0.0,1008.1
2016-09-10 02:00:00,23.1,89,5.5,0.0,1008.0
2016-09-10 03:00:00,23.4,87,5.8,0.0,1007.8
2016-09-10 04:00:00,23.4,88,5.4,0.0,1007.7
2016-09-10 05:00:00,23.3,89,5.1,0.0,1008.0
2016-09-10 06:00:00,23.3,90,7.9,1.0,1008.3
2016-09-10 07:00:00,23.5,90,6.0,12.0,1009.0
2016-09-10 08:00:00,24.2,86,6.6,50.0,1009.4
2016-09-10 09:00:00,24.6,85,7.2,62.0,1009.4
2016-09-10 10:00:00,25.2,82,7.1,114.0,1009.0
2016-09-10 11:00:00,26.0,78,4.8,188.0,1008.8
2016-09-10 12:00:00,26.7,73,4.3,250.0,1008.6
2016-09-10 13:00:00,26.9,70,5.4,196.0,1008.2
2016-09-10 14:00:00,27.2,65,7.6,203.0,1007.9
2016-09-10 15:00:00,28.2,63,9.4,292.0,1007.3
2016-09-10 16:00:00,28.6,61,10.6,317.0,1007.2
2016-09-10 17:00:00,28.0,64,9.5,152.0,1007.4
2016-09-10 18:00:00,27.0,70,7.1,43.0,1008.1
2016-09-10 19:00:00,26.1,74,9.8,0.0,1008.5
2016-09-10 20:00:00,25.6,76,10.7,0.0,1008.7
2016-09-10 21:00:00,25.3,78,10.7,0.0,1009.6
2016-09-10 22:00:00,25.0,78,9.7,0.0,1009.6
2016-09-10 23:00:00,24.7,79,8.3,0.0,1009.7
2016-09-11 00:00:00,24.4,78,5.7,0.0,1009.5
2016-09-11 01:00:00,24.2,77,4.4,0.0,1009.3
2016-09-11 02:00:00,23.9,75,5.4,0.0,1009.3
2016-09-11 03:00:00,23.6,79,6.2,0.0,1009.3
2016-09-11 04:00:00,23.5,74,9.1,0.0,1009.4
2016-09-11 05:00:00,23.3,67,11.0,0.0,1009.7
2016-09-11 06:00:00,22.9,63,12.2,1.0,1010.6
2016-09-11 07:00:00,22.7,63,8.7,21.0,1011.6
2016-09-11 08:00:00,22.7,64,8.6,59.0,1011.4
2016-09-11 09:00:00,22.6,65,5.9,77.0,1012.0
2016-09-11 10:00:00,22.3,69,4.7,103.0,1012.2
2016-09-11 11:00:00,21.7,79,6.7,137.0,1012.1
2016-09-11 12:00:00,21.4,84,6.2,114.0,1011.6
2016-09-11 13:00:00,21.5,85,7.6,135.0,1011.1
2016-09-11 14:00:00,21.6,87,6.9,130.0,1011.2
2016-09-11 15:00:00,21.3,91,8.6,50.0,1011.1
2016-09-11 16:00:00,21.5,90,11.2,39.0,1011.1
2016-09-11 17:00:00,21.5,90,12.4,26.0,1011.2
2016-09-11 18:00:00,21.4,89,6.8,11.0,1011.5
2016-09-11 19:00:00,21.2,89,6.3,0.0,1011.4
2016-09-11 20:00:00,21.0,89,8.1,0.0,1012.8
2016-09-11 21:00:00,20.6,90,7.6,0.0,1013.0
2016-09-11 22:00:00,20.6,90,6.8,0.0,1013.2
2016-09-11 23:00:00,20.3,91,6.0,0.0,1013.4
2016-09-12 00:00:00,20.2,92,4.1,0.0,1013.2
2016-09-12 01:00:00,20.0,93,4.4,0.0,1013.2
2016-09-12 02:00:00,19.7,95,4.7,0.0,1012.9
2016-09-12 03:00:00,18.9,95,5.5,0.0,1012.8
2016-09-12 04:00:00,18.5,96,6.5,0.0,1012.9
2016-09-12 05:00:00,18.2,96,6.1,0.0,1013.3
2016-09-12 06:00:00,18.3,96,5.2,2.0,1013.8
2016-09-12 07:00:00,20.0,93,5.9,69.0,1014.3
2016-09-12 08:00:00,21.6,88,6.8,217.0,1014.6
2016-09-12 09:00:00,23.2,81,10.5,343.0,1014.9
2016-09-12 10:00:00,24.8,71,12.2,544.0,1014.7
2016-09-12 11:00:00,25.9,64,12.8,609.0,1014.2
2016-09-12 12:00:00,26.6,60,13.5,535.0,1013.5
2016-09-12 13:00:00,27.3,58,13.5,585.0,1013.0
2016-09-12 14:00:00,27.0,59,13.7,333.0,1012.7
2016-09-12 15:00:00,27.3,59,13.0,317.0,1012.6
2016-09-12 16:00:00,27.1,61,11.3,219.0,1012.8
2016-09-12 17:00:00,26.4,65,9.0,132.0,1013.2
2016-09-12 18:00:00,25.5,69,5.8,51.0,1013.2
2016-09-12 19:00:00,24.2,75,6.3,0.0,1014.1
2016-09-12 20:00:00,23.2,80,7.2,0.0,1014.8
2016-09-12 21:00:00,22.2,85,7.1,0.0,1015.4
2016-09-12 22:00:00,21.3,90,6.6,0.0,1015.3
2016-09-12 23:00:00,20.9,91,8.3,0.0,1015.3
2016-09-13 00:00:00,20.1,94,6.1,0.0,1015.0
2016-09-13 01:00:00,19.8,95,5.4,0.0,1014.9
2016-09-13 02:00:00,19.6,96,5.9,0.0,1014.7
2016-09-13 03:00:00,20.0,96,6.9,0.0,1014.5
2016-09-13 04:00:00,20.1,96,6.5,0.0,1014.9
2016-09-13 05:00:00,20.4,96,6.5,0.0,1014.8
2016-09-13 06:00:00,20.9,95,6.5,1.0,1015.5
2016-09-13 07:00:00,21.7,92,7.1,31.0,1015.3
2016-09-13 08:00:00,22.9,87,8.3,105.0,1015.4
2016-09-13 09:00:00,24.1,81,10.2,210.0,1015.5
2016-09-13 10:00:00,25.4,74,13.7,336.0,1015.4
2016-09-13 11:00:00,26.5,67,15.0,456.0,1015.2
2016-09-13 12:00:00,27.2,63,15.7,464.0,1014.8
2016-09-13 13:00:00,27.4,62,16.3,424.0,1014.1
2016-09-13 14:00:00,27.0,65,17.1,342.0,1014.2
2016-09-13 15:00:00,26.4,67,14.0,264.0,1013.8
2016-09-13 16:00:00,25.7,73,11.2,119.0,1013.9
2016-09-13 17:00:00,25.2,75,10.8,94.0,1014.0
2016-09-13 18:00:00,24.5,77,9.7,19.0,1014.4
2016-09-13 19:00:00,24.0,80,6.8,0.0,1015.0
2016-09-13 20:00:00,23.4,84,6.2,0.0,1015.2
2016-09-13 21:00:00,23.0,87,7.3,0.0,1015.9
2016-09-13 22:00:00,22.9,89,5.5,0.0,1015.7
2016-09-13 23:00:00,22.5,93,4.7,0.0,1015.3
2016-09-14 00:00:00,22.4,93,6.9,0.0,1014.8
2016-09-14 01:00:00,22.0,94,8.2,0.0,1014.3
2016-09-14 02:00:00,22.0,95,9.1,0.0,1014.0
2016-09-14 03:00:00,21.8,90,8.7,0.0,1013.4
2016-09-14 04:00:00,21.7,91,8.8,0.0,1013.5
2016-09-14 05:00:00,21.6,92,8.6,0.0,1013.4
2016-09-14 06:00:00,21.5,93,10.2,0.0,1013.9
2016-09-14 07:00:00,21.6,93,10.0,21.0,1014.3
2016-09-14 08:00:00,22.2,93,10.7,94.0,1014.4
2016-09-14 09:00:00,22.2,93,12.1,65.0,1014.7
2016-09-14 10:00:00,22.3,93,13.2,78.0,1014.8
2016-09-14 11:00:00,22.5,93,14.8,109.0,1014.2
2016-09-14 12:00:00,22.4,93,16.6,108.0,1013.7
2016-09-14 13:00:00,22.8,90,16.9,178.0,1012.5
2016-09-14 14:00:00,22.8,89,15.6,120.0,1012.3
2016-09-14 15:00:00,23.3,92,14.5,75.0,1011.6
2016-09-14 16:00:00,23.3,94,14.3,47.0,1011.6
2016-09-14 17:00:00,23.3,94,15.9,17.0,1011.6
2016-09-14 18:00:00,23.3,94,16.2,5.0,1011.9
2016-09-14 19:00:00,23.2,94,15.6,0.0,1011.9
2016-09-14 20:00:00,23.0,95,15.3,0.0,1012.5
2016-09-14 21:00:00,23.0,95,15.1,0.0,1012.6
2016-09-14 22:00:00,23.0,96,13.7,0.0,1012.2
2016-09-14 23:00:00,23.0,96,13.1,0.0,1011.7
2016-09-15 00:00:00,22.9,98,13.0,0.0,1011.1
2016-09-15 01:00:00,23.0,98,14.0,0.0,1010.6
2016-09-15 02:00:00,23.0,99,14.4,0.0,1009.9
2016-09-15 03:00:00,23.2,96,13.3,0.0,1009.4
2016-09-15 04:00:00,23.4,97,13.2,0.0,1009.1
2016-09-15 05:00:00,23.7,96,13.2,0.0,1009.2
2016-09-15 06:00:00,23.8,97,13.0,0.0,1009.5
2016-09-15 07:00:00,24.0,96,13.0,7.0,1009.4
2016-09-15 08:00:00,24.3,95,11.9,16.0,1009.4
2016-09-15 09:00:00,24.5,94,13.1,29.0,1009.6
2016-09-15 10:00:00,24.7,94,13.7,50.0,1009.9
2016-09-15 11:00:00,24.8,93,14.3,56.0,1009.4
2016-09-15 12:00:00,24.8,92,15.7,53.0,1009.1
2016-09-15 13:00:00,24.6,93,18.7,64.0,1008.3
2016-09-15 14:00:00,24.3,94,19.6,40.0,1008.0
2016-09-15 15:00:00,23.9,93,19.4,32.0,1007.3
2016-09-15 16:00:00,23.7,95,19.2,17.0,1007.3
2016-09-15 17:00:00,23.5,97,16.5,8.0,1006.8
2016-09-15 18:00:00,23.3,99,18.3,3.0,1007.7
2016-09-15 19:00:00,23.5,99,20.3,0.0,1007.9
2016-09-15 20:00:00,23.7,98,20.5,0.0,1007.7
2016-09-15 21:00:00,24.0,97,18.5,0.0,1007.7
2016-09-15 22:00:00,24.4,96,18.2,0.0,1007.3
2016-09-15 23:00:00,24.7,94,17.7,0.0,1006.6
2016-09-16 00:00:00,24.8,93,17.3,0.0,1005.9
2016-09-16 01:00:00,24.7,93,16.2,0.0,1005.0
2016-09-16 02:00:00,24.6,93,15.2,0.0,1004.4
2016-09-16 03:00:00,24.0,95,13.4,0.0,1003.7
2016-09-16 04:00:00,24.1,95,11.4,0.0,1003.6
2016-09-16 05:00:00,24.1,94,12.9,0.0,1003.1
2016-09-16 06:00:00,24.3,94,11.4,0.0,1002.8
2016-09-16 07:00:00,24.4,93,10.4,10.0,1003.2
2016-09-16 08:00:00,24.8,92,9.9,45.0,1003.4
2016-09-16 09:00:00,25.4,91,11.8,101.0,1003.3
2016-09-16 10:00:00,25.7,91,9.9,88.0,1003.5
2016-09-16 11:00:00,26.0,90,10.5,104.0,1003.4
2016-09-16 12:00:00,26.7,89,11.1,196.0,1002.9
2016-09-16 13:00:00,27.5,85,11.2,271.0,1002.5
2016-09-16 14:00:00,27.7,84,11.8,200.0,1002.0
2016-09-16 15:00:00,27.5,85,11.4,208.0,1002.0
2016-09-16 16:00:00,27.2,86,9.3,130.0,1002.1
2016-09-16 17:00:00,26.6,88,7.8,76.0,1002.0
2016-09-16 18:00:00,25.8,89,6.0,24.0,1002.9
2016-09-16 19:00:00,25.2,91,7.9,0.0,1003.7
2016-09-16 20:00:00,24.7,92,8.7,0.0,1004.2
2016-09-16 21:00:00,24.3,92,9.0,0.0,1005.1
2016-09-16 22:00:00,23.8,92,8.5,0.0,1005.4
2016-09-16 23:00:00,23.5,92,8.0,0.0,1005.9
2016-09-17 00:00:00,23.2,92,9.4,0.0,1005.9
2016-09-17 01:00:00,23.0,90,10.5,0.0,1006.3
2016-09-17 02:00:00,22.6,90,11.8,0.0,1006.1
2016-09-17 03:00:00,22.0,90,11.8,0.0,1006.1
2016-09-17 04:00:00,21.9,90,9.8,0.0,1006.2
2016-09-17 05:00:00,21.8,90,8.8,0.0,1006.6
2016-09-17 06:00:00,21.9,90,10.2,0.0,1007.5
2016-09-17 07:00:00,22.1,90,11.5,21.0,1008.0
2016-09-17 08:00:00,22.5,87,12.1,77.0,1008.8
2016-09-17 09:00:00,23.1,84,14.8,131.0,1009.2
2016-09-17 10:00:00,23.2,84,17.7,116.0,1009.7
2016-09-17 11:00:00,23.8,81,18.1,187.0,1009.3
2016-09-17 12:00:00,24.0,82,16.6,100.0,1009.1
2016-09-17 13:00:00,25.2,77,19.0,306.0,1008.1
2016-09-17 14:00:00,25.7,76,17.6,257.0,1007.7
2016-09-17 15:00:00,26.3,71,15.6,295.0,1007.5
2016-09-17 16:00:00,26.3,72,12.8,242.0,1007.4
2016-09-17 17:00:00,25.8,74,11.9,156.0,1007.9
2016-09-17 18:00:00,24.8,78,9.1,38.0,1008.0
2016-09-17 19:00:00,24.0,81,11.6,0.0,1008.7
2016-09-17 20:00:00,23.4,84,13.1,0.0,1009.0
2016-09-17 21:00:00,23.2,85,13.1,0.0,1009.4
2016-09-17 22:00:00,22.7,88,11.7,0.0,1009.5
2016-09-17 23:00:00,22.3,90,10.4,0.0,1009.6
2016-09-18 00:00:00,21.9,92,10.1,0.0,1009.1
2016-09-18 01:00:00,21.5,93,10.3,0.0,1008.7
2016-09-18 02:00:00,21.3,94,10.5,0.0,1008.7
2016-09-18 03:00:00,21.4,92,12.0,0.0,1008.8
2016-09-18 04:00:00,21.3,92,13.9,0.0,1008.7
2016-09-18 05:00:00,21.2,93,14.8,0.0,1008.8
2016-09-18 06:00:00,21.3,92,14.7,1.0,1009.1
2016-09-18 07:00:00,21.7,91,16.1,35.0,1009.5
2016-09-18 08:00:00,22.2,88,19.8,127.0,1009.6
2016-09-18 09:00:00,23.2,82,20.7,243.0,1009.7
2016-09-18 10:00:00,24.2,78,23.0,366.0,1009.5
2016-09-18 11:00:00,24.9,74,21.3,396.0,1009.2
2016-09-18 12:00:00,25.7,70,22.5,489.0,1008.7
2016-09-18 13:00:00,26.1,68,22.4,531.0,1007.9
2016-09-18 14:00:00,26.1,68,23.1,421.0,1007.3
2016-09-18 15:00:00,26.2,65,19.8,424.0,1007.0
2016-09-18 16:00:00,26.0,67,18.2,327.0,1007.1
2016-09-18 17:00:00,25.5,69,16.0,199.0,1007.0
2016-09-18 18:00:00,24.5,71,13.3,46.0,1007.4
2016-09-18 19:00:00,23.7,74,13.6,0.0,1007.9
2016-09-18 20:00:00,23.1,77,15.1,0.0,1009.0
2016-09-18 21:00:00,22.8,79,16.6,0.0,1009.7
2016-09-18 22:00:00,22.3,80,16.9,0.0,1010.0
2016-09-18 23:00:00,22.0,81,16.3,0.0,1010.0
2016-09-19 00:00:00,21.7,81,15.7,0.0,1009.6
2016-09-19 01:00:00,21.5,82,16.4,0.0,1009.3
2016-09-19 02:00:00,21.3,82,17.1,0.0,1009.3
2016-09-19 03:00:00,21.1,80,18.2,0.0,1009.3
2016-09-19 04:00:00,21.0,81,17.4,0.0,1009.4
2016-09-19 05:00:00,20.8,83,16.3,0.0,1009.3
2016-09-19 06:00:00,20.5,84,15.6,1.0,1010.0
2016-09-19 07:00:00,20.8,83,16.4,42.0,1010.5
2016-09-19 08:00:00,21.2,81,18.5,158.0,1010.9
2016-09-19 09:00:00,22.3,76,23.3,343.0,1011.3
2016-09-19 10:00:00,23.5,72,22.1,456.0,1011.2
2016-09-19 11:00:00,24.2,69,21.1,495.0,1010.9
2016-09-19 12:00:00,24.7,68,22.0,532.0,1010.4
2016-09-19 13:00:00,24.9,67,22.7,488.0,1010.1
2016-09-19 14:00:00,25.0,68,22.7,526.0,1010.1
2016-09-19 15:00:00,24.6,69,20.6,372.0,1010.0
2016-09-19 16:00:00,24.4,70,18.1,305.0,1010.6
2016-09-19 17:00:00,23.7,72,17.3,130.0,1010.7
2016-09-19 18:00:00,23.0,74,14.0,37.0,1010.9
2016-09-19 19:00:00,22.6,75,14.9,0.0,1012.0
2016-09-19 20:00:00,22.0,76,14.8,0.0,1013.1
2016-09-19 21:00:00,21.5,78,13.2,0.0,1013.6
2016-09-19 22:00:00,21.1,79,11.7,0.0,1013.8
2016-09-19 23:00:00,20.6,81,11.0,0.0,1014.0
2016-09-20 00:00:00,20.1,83,10.5,0.0,1013.9
2016-09-20 01:00:00,19.6,85,10.0,0.0,1013.8
2016-09-20 02:00:00,19.1,87,9.5,0.0,1013.8
2016-09-20 03:00:00,18.8,86,10.3,0.0,1013.8
2016-09-20 04:00:00,18.5,86,11.3,0.0,1014.2
2016-09-20 05:00:00,18.3,85,10.9,0.0,1014.4
2016-09-20 06:00:00,18.0,85,10.2,1.0,1015.0
2016-09-20 07:00:00,18.8,84,11.2,59.0,1015.3
2016-09-20 08:00:00,20.4,76,12.8,209.0,1015.8
2016-09-20 09:00:00,21.5,73,14.0,411.0,1016.2
2016-09-20 10:00:00,22.5,70,14.7,505.0,1016.4
2016-09-20 11:00:00,23.3,67,15.2,590.0,1016.3
2016-09-20 12:00:00,23.7,64,14.0,509.0,1015.8
2016-09-20 13:00:00,24.3,62,12.9,602.0,1015.2
2016-09-20 14:00:00,24.8,60,12.8,609.0,1015.1
2016-09-20 15:00:00,24.5,53,13.1,528.0,1015.1
2016-09-20 16:00:00,24.2,53,12.3,408.0,1015.1
2016-09-20 17:00:00,23.2,60,9.4,206.0,1015.3
2016-09-20 18:00:00,21.9,63,7.3,43.0,1015.9
2016-09-20 19:00:00,20.9,67,7.3,0.0,1016.2
2016-09-20 20:00:00,19.9,72,7.2,0.0,1016.5
2016-09-20 21:00:00,19.0,76,7.0,0.0,1016.9
2016-09-20 22:00:00,18.4,80,7.1,0.0,1017.0
2016-09-20 23:00:00,18.2,82,7.9,0.0,1016.8
2016-09-21 00:00:00,18.2,84,6.5,0.0,1017.0
2016-09-21 01:00:00,17.8,87,6.3,0.0,1016.7
2016-09-21 02:00:00,17.5,89,6.2,0.0,1016.6
2016-09-21 03:00:00,17.6,89,6.0,0.0,1016.6
2016-09-21 04:00:00,17.3,91,6.2,0.0,1016.6
2016-09-21 05:00:00,17.1,92,5.2,0.0,1016.9
2016-09-21 06:00:00,16.8,93,5.4,1.0,1017.4
2016-09-21 07:00:00,18.3,93,4.9,79.0,1017.8
2016-09-21 08:00:00,20.7,85,4.6,240.0,1018.3
2016-09-21 09:00:00,22.4,78,4.7,458.0,1018.8
2016-09-21 10:00:00,23.6,70,5.2,603.0,1018.8
2016-09-21 11:00:00,24.2,65,5.5,618.0,1018.2
2016-09-21 12:00:00,24.5,62,5.5,546.0,1017.5
2016-09-21 13:00:00,24.8,61,6.3,493.0,1016.8
2016-09-21 14:00:00,24.6,62,6.7,354.0,1016.6
2016-09-21 15:00:00,24.6,62,7.6,305.0,1016.0
2016-09-21 16:00:00,24.0,68,7.8,159.0,1016.2
2016-09-21 17:00:00,23.7,70,5.6,175.0,1016.3
2016-09-21 18:00:00,22.5,76,5.6,37.0,1016.0
2016-09-21 19:00:00,21.8,81,6.1,0.0,1016.1
2016-09-21 20:00:00,21.1,86,6.2,0.0,1016.6
2016-09-21 21:00:00,20.3,91,5.4,0.0,1017.3
2016-09-21 22:00:00,19.9,92,5.2,0.0,1017.0
2016-09-21 23:00:00,19.7,93,5.1,0.0,1016.9
2016-09-22 00:00:00,19.4,94,5.6,0.0,1016.5
2016-09-22 01:00:00,19.3,94,5.6,0.0,1016.2
2016-09-22 02:00:00,19.1,95,4.6,0.0,1016.0
2016-09-22 03:00:00,19.3,95,4.3,0.0,1015.8
2016-09-22 04:00:00,19.3,95,5.9,0.0,1015.8
2016-09-22 05:00:00,19.0,95,6.1,0.0,1016.0
2016-09-22 06:00:00,18.9,95,4.9,1.0,1016.1
2016-09-22 07:00:00,20.0,95,3.3,67.0,1016.3
2016-09-22 08:00:00,22.1,86,4.0,239.0,1016.6
2016-09-22 09:00:00,23.2,79,5.0,380.0,1016.4
2016-09-22 10:00:00,24.5,69,4.7,600.0,1016.6
2016-09-22 11:00:00,25.3,64,4.2,669.0,1015.8
2016-09-22 12:00:00,25.8,61,4.7,626.0,1015.2
2016-09-22 13:00:00,26.0,60,4.4,534.0,1014.5
2016-09-22 14:00:00,26.3,59,4.6,524.0,1013.9
2016-09-22 15:00:00,26.1,60,6.5,321.0,1013.5
2016-09-22 16:00:00,25.8,62,7.7,253.0,1013.6
2016-09-22 17:00:00,25.1,68,7.7,124.0,1013.7
2016-09-22 18:00:00,23.8,73,9.0,29.0,1013.9
2016-09-22 19:00:00,23.0,77,10.9,0.0,1014.2
2016-09-22 20:00:00,22.4,81,11.5,0.0,1014.8
2016-09-22 21:00:00,21.9,83,12.3,0.0,1014.8
2016-09-22 22:00:00,21.4,86,10.9,0.0,1014.9
2016-09-22 23:00:00,21.1,87,9.0,0.0,1015.2
2016-09-23 00:00:00,21.0,88,8.3,0.0,1015.0
2016-09-23 01:00:00,20.7,89,6.8,0.0,1014.8
2016-09-23 02:00:00,20.4,91,6.1,0.0,1014.3
2016-09-23 03:00:00,19.9,93,5.8,0.0,1014.4
2016-09-23 04:00:00,19.4,95,5.1,0.0,1014.1
2016-09-23 05:00:00,19.4,95,5.4,0.0,1014.2
2016-09-23 06:00:00,19.4,94,5.0,1.0,1014.0
2016-09-23 07:00:00,20.4,93,3.4,72.0,1014.4
2016-09-23 08:00:00,22.6,84,3.9,246.0,1014.6
2016-09-23 09:00:00,24.1,76,4.6,434.0,1014.5
2016-09-23 10:00:00,25.1,72,4.3,556.0,1014.4
2016-09-23 11:00:00,26.2,67,4.7,712.0,1013.9
2016-09-23 12:00:00,26.9,64,6.0,699.0,1012.7
2016-09-23 13:00:00,27.2,61,6.8,654.0,1012.1
2016-09-23 14:00:00,27.2,61,6.7,491.0,1011.3
2016-09-23 15:00:00,27.1,61,6.8,345.0,1011.2
2016-09-23 16:00:00,26.8,65,8.2,288.0,1011.4
2016-09-23 17:00:00,25.8,71,9.7,143.0,1011.5
2016-09-23 18:00:00,24.5,77,11.9,25.0,1011.5
2016-09-23 19:00:00,23.7,81,12.8,0.0,1011.6
2016-09-23 20:00:00,22.9,84,11.8,0.0,1012.3
2016-09-23 21:00:00,22.5,85,10.9,0.0,1012.6
2016-09-23 22:00:00,22.0,86,10.1,0.0,1012.7
2016-09-23 23:00:00,21.5,88,9.1,0.0,1012.6
2016-09-24 00:00:00,21.0,90,7.6,0.0,1012.5
2016-09-24 01:00:00,20.3,93,6.5,0.0,1012.1
2016-09-24 02:00:00,19.8,95,5.8,0.0,1012.0
2016-09-24 03:00:00,19.7,95,5.8,0.0,1011.8
2016-09-24 04:00:00,19.5,95,5.4,0.0,1011.5
2016-09-24 05:00:00,19.3,95,4.8,0.0,1011.9
2016-09-24 06:00:00,19.2,96,5.4,1.0,1011.8
2016-09-24 07:00:00,20.4,95,6.0,76.0,1012.3
2016-09-24 08:00:00,22.9,83,5.7,256.0,1012.6
2016-09-24 09:00:00,24.3,77,5.6,443.0,1012.5
2016-09-24 10:00:00,25.6,71,6.0,628.0,1012.5
2016-09-24 11:00:00,26.7,67,7.2,753.0,1012.0
2016-09-24 12:00:00,27.6,63,9.3,813.0,1011.1
2016-09-24 13:00:00,28.1,61,9.5,775.0,1010.1
2016-09-24 14:00:00,28.2,60,9.7,667.0,1009.4
2016-09-24 15:00:00,28.5,59,10.9,509.0,1009.2
2016-09-24 16:00:00,27.8,63,12.1,352.0,1009.0
2016-09-24 17:00:00,26.4,70,14.2,154.0,1009.4
2016-09-24 18:00:00,24.7,76,14.7,32.0,1009.4
2016-09-24 19:00:00,23.6,80,15.3,0.0,1010.0
2016-09-24 20:00:00,23.0,81,15.2,0.0,1010.4
2016-09-24 21:00:00,22.5,82,13.7,0.0,1011.0
2016-09-24 22:00:00,22.1,84,11.5,0.0,1010.9
2016-09-24 23:00:00,21.6,86,10.2,0.0,1010.9
2016-09-25 00:00:00,21.2,89,8.6,0.0,1010.8
2016-09-25 01:00:00,20.6,92,6.4,0.0,1010.2
2016-09-25 02:00:00,20.1,94,5.8,0.0,1010.2
2016-09-25 03:00:00,20.5,92,6.1,0.0,1010.0
2016-09-25 04:00:00,19.9,94,5.8,0.0,1010.1
2016-09-25 05:00:00,19.6,95,5.6,0.0,1010.2
2016-09-25 06:00:00,19.4,96,5.8,0.0,1010.5
2016-09-25 07:00:00,20.6,95,5.1,73.0,1011.1
2016-09-25 08:00:00,23.1,83,5.9,255.0,1011.8
2016-09-25 09:00:00,24.7,76,6.6,453.0,1012.3
2016-09-25 10:00:00,26.0,70,7.6,622.0,1012.1
2016-09-25 11:00:00,27.1,66,8.6,742.0,1011.9
2016-09-25 12:00:00,28.0,61,9.7,801.0,1011.2
2016-09-25 13:00:00,28.6,58,11.5,795.0,1010.4
2016-09-25 14:00:00,28.7,57,13.0,691.0,1009.5
2016-09-25 15:00:00,28.7,58,13.8,539.0,1009.2
2016-09-25 16:00:00,28.1,61,13.5,380.0,1009.3
2016-09-25 17:00:00,26.9,68,11.8,197.0,1009.7
2016-09-25 18:00:00,25.2,75,11.5,33.0,1009.7
2016-09-25 19:00:00,24.0,83,12.4,0.0,1010.4
2016-09-25 20:00:00,23.3,88,12.5,0.0,1010.7
2016-09-25 21:00:00,22.7,92,11.6,0.0,1010.9
2016-09-25 22:00:00,22.3,94,10.4,0.0,1010.9
2016-09-25 23:00:00,22.0,95,9.0,0.0,1010.9
2016-09-26 00:00:00,21.8,95,7.9,0.0,1010.8
2016-09-26 01:00:00,21.2,97,6.8,0.0,1010.3
2016-09-26 02:00:00,20.6,98,5.5,0.0,1010.0
2016-09-26 03:00:00,20.1,98,6.2,0.0,1009.8
2016-09-26 04:00:00,19.7,99,6.3,0.0,1009.9
2016-09-26 05:00:00,19.7,99,4.7,0.0,1010.3
2016-09-26 06:00:00,20.0,100,4.3,0.0,1010.4
2016-09-26 07:00:00,21.5,97,4.9,52.0,1011.0
2016-09-26 08:00:00,22.9,90,4.1,182.0,1010.9
2016-09-26 09:00:00,24.6,80,4.7,382.0,1011.5
2016-09-26 10:00:00,26.1,74,8.4,575.0,1011.5
2016-09-26 11:00:00,27.5,68,9.5,660.0,1010.6
2016-09-26 12:00:00,28.6,63,10.9,688.0,1009.5
2016-09-26 13:00:00,29.0,62,11.2,603.0,1008.8
2016-09-26 14:00:00,29.3,63,11.0,601.0,1008.4
2016-09-26 15:00:00,29.1,64,13.0,405.0,1008.0
2016-09-26 16:00:00,28.4,70,14.2,275.0,1008.1
2016-09-26 17:00:00,27.4,76,13.6,135.0,1008.2
2016-09-26 18:00:00,26.1,83,10.2,27.0,1008.6
2016-09-26 19:00:00,25.3,88,10.8,0.0,1009.1
2016-09-26 20:00:00,24.7,91,9.4,0.0,1009.7
2016-09-26 21:00:00,24.2,95,7.7,0.0,1010.1
2016-09-26 22:00:00,23.8,97,7.4,0.0,1010.0
2016-09-26 23:00:00,23.7,98,7.0,0.0,1009.7
2016-09-27 00:00:00,23.7,99,7.0,0.0,1009.4
2016-09-27 01:00:00,23.7,99,6.4,0.0,1008.9
2016-09-27 02:00:00,23.9,99,6.6,0.0,1008.4
2016-09-27 03:00:00,24.2,98,7.0,0.0,1008.2
2016-09-27 04:00:00,24.3,98,7.0,0.0,1008.0
2016-09-27 05:00:00,24.4,97,7.4,0.0,1008.4
2016-09-27 06:00:00,24.4,98,7.6,0.0,1008.7
2016-09-27 07:00:00,25.0,93,10.7,25.0,1009.5
2016-09-27 08:00:00,25.7,88,11.5,126.0,1009.5
2016-09-27 09:00:00,27.1,81,12.4,324.0,1009.9
2016-09-27 10:00:00,28.1,76,14.5,461.0,1009.2
2016-09-27 11:00:00,29.1,71,16.5,557.0,1008.8
2016-09-27 12:00:00,29.7,69,19.5,569.0,1008.1
2016-09-27 13:00:00,29.9,68,19.3,601.0,1007.6
2016-09-27 14:00:00,29.7,69,19.9,427.0,1007.0
2016-09-27 15:00:00,29.1,70,19.5,310.0,1006.7
2016-09-27 16:00:00,28.6,74,17.7,188.0,1006.6
2016-09-27 17:00:00,27.9,78,17.7,107.0,1006.9
2016-09-27 18:00:00,27.0,82,14.1,22.0,1007.7
2016-09-27 19:00:00,26.1,88,15.8,0.0,1008.2
2016-09-27 20:00:00,25.8,91,15.9,0.0,1008.6
2016-09-27 21:00:00,25.5,93,15.5,0.0,1008.8
2016-09-27 22:00:00,25.4,95,16.1,0.0,1008.0
2016-09-27 23:00:00,25.3,95,16.5,0.0,1008.0
2016-09-28 00:00:00,25.3,96,18.8,0.0,1007.4
2016-09-28 01:00:00,25.4,95,19.8,0.0,1007.2
2016-09-28 02:00:00,25.4,95,22.1,0.0,1007.0
2016-09-28 03:00:00,25.6,94,20.8,0.0,1006.4
2016-09-28 04:00:00,25.5,95,20.6,0.0,1006.1
2016-09-28 05:00:00,25.4,96,20.1,0.0,1006.3
2016-09-28 06:00:00,25.3,96,17.8,0.0,1006.5
2016-09-28 07:00:00,25.5,96,18.5,17.0,1007.2
2016-09-28 08:00:00,25.6,96,18.4,48.0,1007.6
2016-09-28 09:00:00,25.8,96,19.3,72.0,1007.9
2016-09-28 10:00:00,26.7,91,18.5,175.0,1007.9
2016-09-28 11:00:00,26.7,92,21.8,151.0,1007.7
2016-09-28 12:00:00,26.8,91,20.9,197.0,1007.3
2016-09-28 13:00:00,26.4,91,18.7,179.0,1006.8
2016-09-28 14:00:00,25.9,91,20.7,169.0,1006.7
2016-09-28 15:00:00,24.5,98,23.7,40.0,1006.4
2016-09-28 16:00:00,24.1,99,26.7,31.0,1006.7
2016-09-28 17:00:00,23.6,99,29.5,8.0,1006.9
2016-09-28 18:00:00,23.1,98,26.5,1.0,1007.3
2016-09-28 19:00:00,22.8,97,26.5,0.0,1007.9
2016-09-28 20:00:00,22.6,96,26.0,0.0,1008.7
2016-09-28 21:00:00,22.5,97,25.5,0.0,1009.2
2016-09-28 22:00:00,22.4,97,25.5,0.0,1009.4
2016-09-28 23:00:00,22.3,96,26.3,0.0,1009.2
2016-09-29 00:00:00,22.2,97,25.0,0.0,1008.9
2016-09-29 01:00:00,22.1,97,22.7,0.0,1008.7
2016-09-29 02:00:00,22.0,97,21.4,0.0,1008.4
2016-09-29 03:00:00,21.3,94,20.6,0.0,1008.0
2016-09-29 04:00:00,21.1,94,19.7,0.0,1008.1
2016-09-29 05:00:00,21.0,94,20.2,0.0,1008.3
2016-09-29 06:00:00,20.9,94,18.7,0.0,1009.0
2016-09-29 07:00:00,21.0,94,19.5,5.0,1009.6
2016-09-29 08:00:00,21.2,94,19.7,20.0,1010.1
2016-09-29 09:00:00,21.4,93,18.7,34.0,1010.3
2016-09-29 10:00:00,22.0,91,18.5,74.0,1010.7
2016-09-29 11:00:00,22.4,91,19.2,114.0,1010.5
2016-09-29 12:00:00,22.6,91,16.6,83.0,1009.9
2016-09-29 13:00:00,22.5,92,17.5,106.0,1009.2
2016-09-29 14:00:00,22.8,89,17.4,159.0,1008.7
2016-09-29 15:00:00,21.8,90,18.0,47.0,1008.5
2016-09-29 16:00:00,21.4,92,18.4,27.0,1008.4
2016-09-29 17:00:00,21.1,91,18.4,11.0,1008.8
2016-09-29 18:00:00,20.9,92,17.0,2.0,1009.5
2016-09-29 19:00:00,20.7,93,15.7,0.0,1009.9
2016-09-29 20:00:00,20.6,93,13.5,0.0,1010.3
2016-09-29 21:00:00,20.7,93,12.2,0.0,1010.5
2016-09-29 22:00:00,20.8,94,11.3,0.0,1010.5
2016-09-29 23:00:00,20.7,95,10.7,0.0,1010.0
2016-09-30 00:00:00,20.7,95,10.6,0.0,1009.7
2016-09-30 01:00:00,20.8,95,10.0,0.0,1009.4
2016-09-30 02:00:00,20.7,96,9.2,0.0,1008.7
2016-09-30 03:00:00,20.7,95,8.5,0.0,1008.5
2016-09-30 04:00:00,20.9,95,7.9,0.0,1008.6
2016-09-30 05:00:00,20.9,95,7.2,0.0,1008.7
2016-09-30 06:00:00,21.0,95,6.6,0.0,1009.1
2016-09-30 07:00:00,21.1,95,7.1,10.0,1009.8
2016-09-30 08:00:00,21.7,92,6.6,47.0,1010.2
2016-09-30 09:00:00,22.3,91,5.9,86.0,1010.1
2016-09-30 10:00:00,22.9,89,4.9,149.0,1010.3
2016-09-30 11:00:00,23.9,87,5.1,256.0,1010.0
2016-09-30 12:00:00,25.1,84,5.4,409.0,1009.5
2016-09-30 13:00:00,25.9,82,5.4,429.0,1008.9
2016-09-30 14:00:00,26.0,81,6.8,260.0,1008.3
2016-09-30 15:00:00,24.8,83,9.1,150.0,1007.9
2016-09-30 16:00:00,24.5,84,9.4,122.0,1008.3
2016-09-30 17:00:00,24.1,86,9.0,68.0,1008.7
2016-09-30 18:00:00,23.6,87,10.1,10.0,1009.7
2016-09-30 19:00:00,23.2,89,8.3,0.0,1010.6
2016-09-30 20:00:00,23.0,90,6.9,0.0,1011.2
2016-09-30 21:00:00,22.8,91,4.9,0.0,1011.5
2016-09-30 22:00:00,22.6,92,4.5,0.0,1012.0
2016-09-30 23:00:00,22.4,94,4.3,0.0,1011.8
2016-10-01 00:00:00,22.3,94,4.6,0.0,1012.0
2016-10-01 01:00:00,22.2,95,3.6,0.0,1011.8
2016-10-01 02:00:00,22.1,96,2.5,0.0,1011.3
2016-10-01 03:00:00,21.9,93,2.2,0.0,1011.0
2016-10-01 04:00:00,21.9,93,2.2,0.0,1011.2
2016-10-01 05:00:00,21.8,94,2.9,0.0,1010.9
2016-10-01 06:00:00,21.7,96,2.7,0.0,1011.5
2016-10-01 07:00:00,22.1,94,3.1,34.0,1011.7
2016-10-01 08:00:00,23.1,89,3.1,125.0,1012.4
2016-10-01 09:00:00,24.1,87,1.8,221.0,1012.7
2016-10-01 10:00:00,25.3,84,1.3,333.0,1013.1
2016-10-01 11:00:00,26.3,81,2.4,313.0,1012.6
2016-10-01 12:00:00,27.0,78,3.0,293.0,1011.9
2016-10-01 13:00:00,27.3,77,2.8,249.0,1011.3
2016-10-01 14:00:00,27.5,77,2.2,226.0,1010.8
2016-10-01 15:00:00,28.5,73,2.4,243.0,1010.1
2016-10-01 16:00:00,28.5,73,4.1,212.0,1010.2
2016-10-01 17:00:00,28.0,78,4.2,93.0,1010.4
2016-10-01 18:00:00,26.9,88,1.3,16.0,1010.9
2016-10-01 19:00:00,25.8,89,4.8,0.0,1011.5
2016-10-01 20:00:00,24.9,93,3.1,0.0,1011.9
2016-10-01 21:00:00,24.4,95,2.3,0.0,1012.0
2016-10-01 22:00:00,25.1,90,1.8,0.0,1012.2
2016-10-01 23:00:00,24.9,91,1.8,0.0,1012.0
2016-10-02 00:00:00,24.4,93,1.3,0.0,1011.7
2016-10-02 01:00:00,23.9,95,2.2,0.0,1011.5
2016-10-02 02:00:00,23.4,96,3.3,0.0,1011.0
2016-10-02 03:00:00,23.2,99,4.7,0.0,1010.7
2016-10-02 04:00:00,22.3,100,5.6,0.0,1010.2
2016-10-02 05:00:00,21.9,100,5.4,0.0,1010.5
2016-10-02 06:00:00,21.6,100,4.8,0.0,1010.2
2016-10-02 07:00:00,22.6,99,6.5,50.0,1010.6
2016-10-02 08:00:00,23.9,94,6.5,179.0,1010.6
2016-10-02 09:00:00,26.0,86,7.2,393.0,1010.6
2016-10-02 10:00:00,27.7,77,8.3,592.0,1010.5
2016-10-02 11:00:00,29.0,70,9.6,729.0,1010.0
2016-10-02 12:00:00,29.9,65,9.3,771.0,1009.3
2016-10-02 13:00:00,30.5,62,8.8,763.0,1008.2
2016-10-02 14:00:00,30.8,59,8.0,634.0,1007.3
2016-10-02 15:00:00,31.2,55,6.5,490.0,1007.2
2016-10-02 16:00:00,30.6,59,4.0,271.0,1007.3
2016-10-02 17:00:00,29.0,68,7.3,119.0,1007.5
2016-10-02 18:00:00,27.2,76,12.2,16.0,1007.5
2016-10-02 19:00:00,25.8,83,14.6,0.0,1008.2
2016-10-02 20:00:00,24.8,88,14.5,0.0,1008.8
2016-10-02 21:00:00,24.2,91,12.0,0.0,1009.0
2016-10-02 22:00:00,23.8,92,9.8,0.0,1009.1
2016-10-02 23:00:00,23.5,93,9.9,0.0,1009.1
2016-10-03 00:00:00,23.3,93,10.5,0.0,1009.0
2016-10-03 01:00:00,23.0,93,11.6,0.0,1009.0
2016-10-03 02:00:00,22.8,92,11.4,0.0,1008.7
2016-10-03 03:00:00,21.9,94,10.9,0.0,1008.5
2016-10-03 04:00:00,21.5,95,10.8,0.0,1008.3
2016-10-03 05:00:00,21.3,95,10.8,0.0,1008.8
2016-10-03 06:00:00,21.1,95,10.6,0.0,1009.2
2016-10-03 07:00:00,21.1,95,11.2,16.0,1009.6
2016-10-03 08:00:00,21.3,94,11.0,32.0,1010.3
2016-10-03 09:00:00,21.7,93,10.3,101.0,1010.5
2016-10-03 10:00:00,22.3,89,13.1,125.0,1010.7
2016-10-03 11:00:00,23.4,82,12.3,222.0,1010.2
2016-10-03 12:00:00,24.4,77,10.1,279.0,1009.9
2016-10-03 13:00:00,25.1,75,10.6,318.0,1008.8
2016-10-03 14:00:00,25.4,73,12.2,261.0,1008.4
2016-10-03 15:00:00,25.0,74,13.1,191.0,1008.1
2016-10-03 16:00:00,24.7,76,12.3,120.0,1008.5
2016-10-03 17:00:00,24.4,77,10.1,60.0,1008.6
2016-10-03 18:00:00,23.9,79,8.1,8.0,1009.4
2016-10-03 19:00:00,23.6,80,7.3,0.0,1009.8
2016-10-03 20:00:00,23.3,81,6.6,0.0,1010.3
2016-10-03 21:00:00,22.6,84,8.3,0.0,1010.4
2016-10-03 22:00:00,22.0,86,10.6,0.0,1010.6
2016-10-03 23:00:00,21.3,88,11.6,0.0,1010.9
2016-10-04 00:00:00,20.6,90,10.8,0.0,1010.8
2016-10-04 01:00:00,20.1,92,8.7,0.0,1010.5
2016-10-04 02:00:00,19.8,93,8.0,0.0,1010.3
2016-10-04 03:00:00,19.3,93,7.6,0.0,1010.4
2016-10-04 04:00:00,19.1,94,7.4,0.0,1010.3
2016-10-04 05:00:00,18.9,94,7.6,0.0,1010.4
2016-10-04 06:00:00,19.4,93,8.0,0.0,1010.5
2016-10-04 07:00:00,20.2,91,8.9,35.0,1010.3
2016-10-04 08:00:00,21.3,87,8.8,119.0,1010.7
2016-10-04 09:00:00,22.5,81,11.4,212.0,1010.6
2016-10-04 10:00:00,23.4,77,11.9,243.0,1010.2
2016-10-04 11:00:00,24.4,73,11.3,326.0,1009.6
2016-10-04 12:00:00,24.9,72,11.4,311.0,1008.8
2016-10-04 13:00:00,25.5,71,12.7,424.0,1008.1
2016-10-04 14:00:00,25.3,73,13.1,250.0,1007.8
2016-10-04 15:00:00,24.8,74,12.5,168.0,1007.5
2016-10-04 16:00:00,24.6,75,11.6,130.0,1007.2
2016-10-04 17:00:00,24.2,77,10.5,70.0,1007.4
2016-10-04 18:00:00,23.9,78,9.4,7.0,1008.5
2016-10-04 19:00:00,23.6,79,9.2,0.0,1008.4
2016-10-04 20:00:00,23.5,80,10.0,0.0,1008.8
2016-10-04 21:00:00,23.1,83,10.0,0.0,1009.0
2016-10-04 22:00:00,22.5,86,9.0,0.0,1009.1
2016-10-04 23:00:00,22.1,88,7.7,0.0,1009.4
2016-10-05 00:00:00,21.8,90,7.9,0.0,1009.3
2016-10-05 01:00:00,21.9,90,7.9,0.0,1009.2
2016-10-05 02:00:00,21.7,91,6.9,0.0,1009.3
2016-10-05 03:00:00,21.2,92,6.2,0.0,1009.3
2016-10-05 04:00:00,20.6,94,5.6,0.0,1009.7
2016-10-05 05:00:00,20.0,96,5.3,0.0,1010.2
2016-10-05 06:00:00,19.5,97,5.1,0.0,1011.3
2016-10-05 07:00:00,20.5,96,4.6,46.0,1012.1
2016-10-05 08:00:00,22.4,87,5.6,172.0,1012.6
2016-10-05 09:00:00,23.4,81,8.7,263.0,1013.0
2016-10-05 10:00:00,24.3,76,7.6,347.0,1013.2
2016-10-05 11:00:00,25.3,70,6.3,487.0,1012.7
2016-10-05 12:00:00,26.2,66,5.4,511.0,1012.3
2016-10-05 13:00:00,26.9,64,5.1,512.0,1011.9
2016-10-05 14:00:00,27.0,64,5.2,343.0,1011.6
2016-10-05 15:00:00,26.5,67,5.6,209.0,1011.5
2016-10-05 16:00:00,26.1,72,5.8,95.0,1011.7
2016-10-05 17:00:00,25.6,74,6.2,65.0,1012.3
2016-10-05 18:00:00,24.8,78,5.6,7.0,1012.5
2016-10-05 19:00:00,24.3,80,6.3,0.0,1013.6
2016-10-05 20:00:00,24.0,82,7.2,0.0,1014.1
2016-10-05 21:00:00,23.7,83,9.8,0.0,1014.8
2016-10-05 22:00:00,23.5,85,11.7,0.0,1015.5
2016-10-05 23:00:00,23.2,87,12.8,0.0,1015.3
2016-10-06 00:00:00,22.8,88,13.0,0.0,1015.1
2016-10-06 01:00:00,22.5,88,12.0,0.0,1015.0
2016-10-06 02:00:00,22.0,90,12.0,0.0,1015.1
2016-10-06 03:00:00,21.9,90,10.9,0.0,1015.1
2016-10-06 04:00:00,21.8,90,10.2,0.0,1015.3
2016-10-06 05:00:00,21.5,92,10.5,0.0,1015.5
2016-10-06 06:00:00,21.3,93,10.8,0.0,1016.2
2016-10-06 07:00:00,21.6,92,12.5,35.0,1016.7
2016-10-06 08:00:00,22.1,89,17.3,96.0,1017.3
2016-10-06 09:00:00,23.4,80,20.2,243.0,1017.7
2016-10-06 10:00:00,24.0,75,20.6,263.0,1017.7
2016-10-06 11:00:00,24.5,72,20.6,294.0,1017.5
2016-10-06 12:00:00,24.9,70,20.4,370.0,1017.0
2016-10-06 13:00:00,25.2,70,19.2,403.0,1016.7
2016-10-06 14:00:00,25.0,71,19.2,372.0,1016.4
2016-10-06 15:00:00,24.3,73,16.5,215.0,1016.2
2016-10-06 16:00:00,23.4,76,16.4,82.0,1016.5
2016-10-06 17:00:00,22.9,79,16.6,53.0,1016.3
2016-10-06 18:00:00,22.3,84,14.3,7.0,1016.9
2016-10-06 19:00:00,21.9,86,13.2,0.0,1017.7
2016-10-06 20:00:00,21.4,87,15.3,0.0,1017.9
2016-10-06 21:00:00,21.0,88,14.5,0.0,1017.9
2016-10-06 22:00:00,20.5,88,12.4,0.0,1017.5
2016-10-06 23:00:00,20.1,89,10.6,0.0,1017.2
2016-10-07 00:00:00,19.9,89,10.3,0.0,1016.2
2016-10-07 01:00:00,19.9,89,10.0,0.0,1015.7
2016-10-07 02:00:00,19.9,88,10.7,0.0,1015.3
2016-10-07 03:00:00,19.9,86,10.3,0.0,1014.9
2016-10-07 04:00:00,19.8,87,11.0,0.0,1014.7
2016-10-07 05:00:00,19.9,87,11.0,0.0,1014.5
2016-10-07 06:00:00,20.1,88,9.7,0.0,1015.1
2016-10-07 07:00:00,20.2,88,9.7,7.0,1015.1
2016-10-07 08:00:00,20.6,88,9.4,29.0,1015.3
2016-10-07 09:00:00,21.1,88,9.8,63.0,1015.0
2016-10-07 10:00:00,21.4,90,8.6,57.0,1014.5
2016-10-07 11:00:00,22.4,90,7.6,136.0,1013.8
2016-10-07 12:00:00,23.1,89,6.8,125.0,1012.7
2016-10-07 13:00:00,23.8,88,6.9,157.0,1011.8
2016-10-07 14:00:00,24.3,88,7.6,133.0,1011.2
2016-10-07 15:00:00,22.9,89,7.2,60.0,1010.8
2016-10-07 16:00:00,22.8,91,7.4,36.0,1010.8
2016-10-07 17:00:00,22.8,92,5.5,18.0,1010.8
2016-10-07 18:00:00,22.6,93,6.1,2.0,1011.0
2016-10-07 19:00:00,22.5,94,7.9,0.0,1011.2
2016-10-07 20:00:00,22.4,95,8.8,0.0,1011.0
2016-10-07 21:00:00,22.3,96,8.4,0.0,1011.5
2016-10-07 22:00:00,22.2,96,8.9,0.0,1011.8
2016-10-07 23:00:00,22.1,96,11.2,0.0,1011.8
2016-10-08 00:00:00,22.1,96,14.6,0.0,1011.4
2016-10-08 01:00:00,22.1,96,17.4,0.0,1011.1
2016-10-08 02:00:00,21.7,97,16.7,0.0,1010.7
2016-10-08 03:00:00,20.0,95,16.9,0.0,1010.4
2016-10-08 04:00:00,19.9,95,17.3,0.0,1010.5
2016-10-08 05:00:00,19.7,94,20.2,0.0,1010.6
2016-10-08 06:00:00,19.4,95,18.8,0.0,1011.7
2016-10-08 07:00:00,19.1,94,20.5,4.0,1012.8
2016-10-08 08:00:00,18.9,92,21.2,15.0,1013.1
2016-10-08 09:00:00,19.0,90,20.7,30.0,1013.8
2016-10-08 10:00:00,19.2,89,19.6,25.0,1013.7
2016-10-08 11:00:00,19.6,88,21.7,47.0,1014.1
2016-10-08 12:00:00,20.1,87,21.2,63.0,1013.5
2016-10-08 13:00:00,21.0,83,19.5,164.0,1013.0
2016-10-08 14:00:00,21.6,81,17.5,165.0,1012.9
2016-10-08 15:00:00,21.7,75,14.8,97.0,1012.7
2016-10-08 16:00:00,21.6,74,15.9,81.0,1013.3
2016-10-08 17:00:00,21.4,72,17.9,52.0,1013.8
2016-10-08 18:00:00,20.7,71,17.2,9.0,1014.6
2016-10-08 19:00:00,20.1,69,15.9,0.0,1015.7
2016-10-08 20:00:00,19.4,69,15.3,0.0,1016.4
2016-10-08 21:00:00,18.8,68,15.0,0.0,1017.4
2016-10-08 22:00:00,18.2,67,14.5,0.0,1017.6
2016-10-08 23:00:00,17.4,69,13.4,0.0,1017.5
2016-10-09 00:00:00,16.8,71,11.5,0.0,1017.4
2016-10-09 01:00:00,16.1,74,11.3,0.0,1017.2
2016-10-09 02:00:00,15.5,75,12.4,0.0,1017.2
2016-10-09 03:00:00,15.4,72,13.4,0.0,1017.0
2016-10-09 04:00:00,15.1,72,13.4,0.0,1017.1
2016-10-09 05:00:00,14.9,73,13.4,0.0,1017.6
2016-10-09 06:00:00,14.8,75,12.1,0.0,1018.1
2016-10-09 07:00:00,15.3,78,14.3,54.0,1019.2
2016-10-09 08:00:00,16.8,75,15.7,189.0,1019.0
2016-10-09 09:00:00,18.2,71,16.9,319.0,1019.1
2016-10-09 10:00:00,19.3,63,21.0,420.0,1018.7
2016-10-09 11:00:00,19.6,60,20.0,347.0,1018.9
2016-10-09 12:00:00,19.8,60,17.8,295.0,1018.1
2016-10-09 13:00:00,20.0,60,17.6,335.0,1017.4
2016-10-09 14:00:00,20.0,60,17.8,282.0,1016.8
2016-10-09 15:00:00,19.9,61,16.4,173.0,1017.0
2016-10-09 16:00:00,19.7,62,13.0,129.0,1017.0
2016-10-09 17:00:00,19.2,62,13.3,75.0,1017.5
2016-10-09 18:00:00,18.6,62,12.5,7.0,1017.7
2016-10-09 19:00:00,18.1,62,13.0,0.0,1018.4
2016-10-09 20:00:00,17.5,63,14.0,0.0,1018.7
2016-10-09 21:00:00,17.1,63,14.1,0.0,1019.7
2016-10-09 22:00:00,16.7,65,13.5,0.0,1019.4
2016-10-09 23:00:00,16.1,68,11.9,0.0,1019.4
2016-10-10 00:00:00,15.8,69,10.5,0.0,1018.9
2016-10-10 01:00:00,15.4,72,10.3,0.0,1018.3
2016-10-10 02:00:00,15.0,74,10.2,0.0,1018.0
2016-10-10 03:00:00,14.4,77,9.0,0.0,1017.6
2016-10-10 04:00:00,13.9,80,9.4,0.0,1017.2
2016-10-10 05:00:00,14.1,79,9.4,0.0,1017.5
2016-10-10 06:00:00,13.9,82,7.5,0.0,1017.9
2016-10-10 07:00:00,14.4,82,9.6,47.0,1018.2
2016-10-10 08:00:00,16.3,75,9.4,181.0,1018.1
2016-10-10 09:00:00,18.0,70,12.8,369.0,1018.8
2016-10-10 10:00:00,19.2,66,16.3,499.0,1018.7
2016-10-10 11:00:00,19.7,62,17.6,418.0,1018.4
2016-10-10 12:00:00,20.1,62,16.4,377.0,1017.5
2016-10-10 13:00:00,20.4,60,15.2,353.0,1016.4
2016-10-10 14:00:00,20.5,61,15.4,257.0,1015.9
2016-10-10 15:00:00,21.0,57,13.8,298.0,1015.2
2016-10-10 16:00:00,20.4,62,11.6,135.0,1015.3
2016-10-10 17:00:00,20.0,65,9.5,65.0,1015.6
2016-10-10 18:00:00,19.0,69,8.0,6.0,1015.8
2016-10-10 19:00:00,18.6,71,7.3,0.0,1016.6
2016-10-10 20:00:00,18.4,72,7.7,0.0,1016.7
2016-10-10 21:00:00,18.0,73,7.4,0.0,1016.8
2016-10-10 22:00:00,17.4,76,7.1,0.0,1017.0
2016-10-10 23:00:00,16.9,79,7.4,0.0,1017.0
2016-10-11 00:00:00,16.5,81,7.4,0.0,1016.8
2016-10-11 01:00:00,16.2,83,7.1,0.0,1016.3
2016-10-11 02:00:00,15.8,85,8.6,0.0,1016.2
2016-10-11 03:00:00,15.8,85,8.9,0.0,1016.0
2016-10-11 04:00:00,15.7,85,9.3,0.0,1016.2
2016-10-11 05:00:00,15.5,86,8.5,0.0,1016.7
2016-10-11 06:00:00,15.6,86,7.6,0.0,1017.0
2016-10-11 07:00:00,16.2,85,8.6,29.0,1017.7
2016-10-11 08:00:00,17.3,80,8.0,106.0,1018.0
2016-10-11 09:00:00,18.6,76,8.0,209.0,1018.3
2016-10-11 10:00:00,19.8,72,8.1,290.0,1018.1
2016-10-11 11:00:00,20.6,70,9.4,310.0,1017.6
2016-10-11 12:00:00,21.3,65,9.4,373.0,1016.6
2016-10-11 13:00:00,21.7,62,11.4,316.0,1016.0
2016-10-11 14:00:00,21.9,61,10.6,259.0,1015.7
2016-10-11 15:00:00,22.2,63,9.5,277.0,1015.6
2016-10-11 16:00:00,22.1,65,8.2,157.0,1016.0
2016-10-11 17:00:00,21.4,69,6.9,61.0,1016.3
2016-10-11 18:00:00,20.6,72,6.8,5.0,1016.4
2016-10-11 19:00:00,20.1,75,7.0,0.0,1017.5
2016-10-11 20:00:00,19.8,76,8.5,0.0,1018.0
2016-10-11 21:00:00,19.3,78,10.2,0.0,1018.3
2016-10-11 22:00:00,18.8,80,11.2,0.0,1018.7
2016-10-11 23:00:00,18.2,81,9.9,0.0,1018.8
2016-10-12 00:00:00,17.7,82,8.1,0.0,1018.3
2016-10-12 01:00:00,17.4,82,8.9,0.0,1018.4
2016-10-12 02:00:00,17.5,80,9.3,0.0,1018.3
2016-10-12 03:00:00,17.8,77,9.5,0.0,1018.4
2016-10-12 04:00:00,17.9,77,9.8,0.0,1019.0
2016-10-12 05:00:00,17.9,77,10.9,0.0,1019.5
2016-10-12 06:00:00,17.9,77,10.5,0.0,1020.1
2016-10-12 07:00:00,18.0,78,10.9,8.0,1020.5
2016-10-12 08:00:00,18.2,78,11.3,40.0,1020.9
2016-10-12 09:00:00,18.4,79,10.9,74.0,1021.4
2016-10-12 10:00:00,18.8,75,12.7,142.0,1021.4
2016-10-12 11:00:00,19.0,72,13.6,168.0,1021.2
2016-10-12 12:00:00,19.3,70,13.4,192.0,1020.3
2016-10-12 13:00:00,19.6,70,12.2,204.0,1019.6
2016-10-12 14:00:00,19.7,72,10.7,155.0,1019.1
2016-10-12 15:00:00,19.7,74,10.6,129.0,1018.9
2016-10-12 16:00:00,19.6,76,9.7,91.0,1019.2
2016-10-12 17:00:00,19.2,78,8.9,26.0,1019.6
2016-10-12 18:00:00,18.8,80,6.2,3.0,1019.9
2016-10-12 19:00:00,18.6,82,6.8,0.0,1020.2
2016-10-12 20:00:00,18.5,82,6.2,0.0,1020.3
2016-10-12 21:00:00,18.4,83,5.4,0.0,1020.2
2016-10-12 22:00:00,18.2,84,6.1,0.0,1020.3
2016-10-12 23:00:00,18.2,84,6.5,0.0,1019.9
2016-10-13 00:00:00,18.0,85,6.1,0.0,1019.4
2016-10-13 01:00:00,18.0,84,6.8,0.0,1019.1
2016-10-13 02:00:00,18.0,84,8.3,0.0,1018.9
2016-10-13 03:00:00,18.1,84,7.9,0.0,1018.9
2016-10-13 04:00:00,18.1,84,7.3,0.0,1018.5
2016-10-13 05:00:00,18.1,85,7.3,0.0,1018.7
2016-10-13 06:00:00,18.0,86,5.9,0.0,1019.1
2016-10-13 07:00:00,18.2,86,8.0,11.0,1019.3
2016-10-13 08:00:00,18.7,84,9.0,73.0,1019.9
2016-10-13 09:00:00,19.1,81,10.5,99.0,1020.2
2016-10-13 10:00:00,19.5,78,11.9,149.0,1020.5
2016-10-13 11:00:00,19.9,75,12.1,205.0,1020.2
2016-10-13 12:00:00,20.4,72,12.1,302.0,1019.3
2016-10-13 13:00:00,20.7,71,12.2,266.0,1018.8
2016-10-13 14:00:00,21.0,69,12.4,274.0,1018.3
2016-10-13 15:00:00,20.3,74,11.6,109.0,1017.9
2016-10-13 16:00:00,20.2,75,10.3,100.0,1018.0
2016-10-13 17:00:00,19.7,76,10.1,36.0,1018.2
2016-10-13 18:00:00,19.3,77,8.8,2.0,1018.7
2016-10-13 19:00:00,19.1,78,10.5,0.0,1019.3
2016-10-13 20:00:00,18.8,78,10.0,0.0,1019.6
2016-10-13 21:00:00,18.6,79,9.2,0.0,1019.3
2016-10-13 22:00:00,18.4,79,8.4,0.0,1019.2
2016-10-13 23:00:00,18.3,79,8.1,0.0,1019.0
2016-10-14 00:00:00,18.1,80,8.7,0.0,1018.7
2016-10-14 01:00:00,17.9,81,8.4,0.0,1018.8
2016-10-14 02:00:00,17.9,82,8.6,0.0,1018.6
2016-10-14 03:00:00,17.8,84,8.8,0.0,1018.5
2016-10-14 04:00:00,17.6,87,9.2,0.0,1018.3
2016-10-14 05:00:00,17.3,92,8.8,0.0,1018.4
2016-10-14 06:00:00,17.4,94,10.6,0.0,1019.0
2016-10-14 07:00:00,17.7,94,10.5,6.0,1019.5
2016-10-14 08:00:00,18.3,93,9.4,42.0,1019.9
2016-10-14 09:00:00,19.0,92,8.8,80.0,1020.2
2016-10-14 10:00:00,19.6,90,8.5,85.0,1020.6
2016-10-14 11:00:00,20.1,88,8.7,85.0,1020.2
2016-10-14 12:00:00,20.7,85,7.9,138.0,1019.6
2016-10-14 13:00:00,21.3,81,9.8,183.0,1018.8
2016-10-14 14:00:00,21.6,80,10.1,155.0,1018.5
2016-10-14 15:00:00,20.6,84,10.2,73.0,1017.9
2016-10-14 16:00:00,20.6,83,10.0,52.0,1018.0
2016-10-14 17:00:00,20.3,84,8.9,14.0,1018.1
2016-10-14 18:00:00,20.0,85,6.9,1.0,1018.3
2016-10-14 19:00:00,19.8,86,5.6,0.0,1019.1
2016-10-14 20:00:00,19.6,87,5.9,0.0,1019.3
2016-10-14 21:00:00,19.4,88,5.6,0.0,1019.1
2016-10-14 22:00:00,18.9,90,6.0,0.0,1018.9
2016-10-14 23:00:00,18.8,90,5.8,0.0,1018.6
2016-10-15 00:00:00,18.9,90,5.7,0.0,1018.5
2016-10-15 01:00:00,19.4,88,5.9,0.0,1018.3
2016-10-15 02:00:00,19.6,87,6.1,0.0,1018.6
2016-10-15 03:00:00,19.3,90,7.5,0.0,1018.0
2016-10-15 04:00:00,19.2,91,8.7,0.0,1017.9
2016-10-15 05:00:00,19.1,92,9.0,0.0,1017.9
2016-10-15 06:00:00,19.0,92,8.1,0.0,1018.4
2016-10-15 07:00:00,19.0,93,8.7,4.0,1018.7
2016-10-15 08:00:00,19.2,92,7.4,17.0,1019.2
2016-10-15 09:00:00,19.6,92,7.1,42.0,1019.2
2016-10-15 10:00:00,20.5,90,7.4,86.0,1019.4
2016-10-15 11:00:00,21.2,88,7.1,134.0,1018.8
2016-10-15 12:00:00,21.9,85,7.3,151.0,1017.7
2016-10-15 13:00:00,22.5,82,7.2,173.0,1016.9
2016-10-15 14:00:00,22.7,83,7.2,127.0,1016.1
2016-10-15 15:00:00,22.0,87,7.0,91.0,1015.8
2016-10-15 16:00:00,22.0,87,6.6,59.0,1015.6
2016-10-15 17:00:00,21.9,87,6.5,45.0,1015.7
2016-10-15 18:00:00,21.5,88,5.0,2.0,1016.2
2016-10-15 19:00:00,21.3,89,5.4,0.0,1016.5
2016-10-15 20:00:00,21.2,89,5.4,0.0,1017.0
2016-10-15 21:00:00,20.9,90,5.4,0.0,1017.0
2016-10-15 22:00:00,20.8,91,5.1,0.0,1017.0
2016-10-15 23:00:00,20.2,94,5.8,0.0,1016.7
2016-10-16 00:00:00,20.1,94,4.7,0.0,1016.3
2016-10-16 01:00:00,20.4,92,1.1,0.0,1015.9
2016-10-16 02:00:00,19.9,94,2.1,0.0,1015.7
2016-10-16 03:00:00,19.6,95,2.8,0.0,1015.3
2016-10-16 04:00:00,19.2,97,1.5,0.0,1015.3
2016-10-16 05:00:00,19.0,98,2.3,0.0,1015.5
2016-10-16 06:00:00,18.3,99,1.9,0.0,1016.1
2016-10-16 07:00:00,19.0,98,3.5,34.0,1016.4
2016-10-16 08:00:00,20.5,95,3.6,117.0,1016.7
2016-10-16 09:00:00,22.6,88,3.5,309.0,1017.0
2016-10-16 10:00:00,24.1,82,5.1,430.0,1016.9
2016-10-16 11:00:00,25.4,75,7.5,508.0,1016.6
2016-10-16 12:00:00,26.2,71,10.1,515.0,1015.6
2016-10-16 13:00:00,26.6,68,10.5,443.0,1014.6
2016-10-16 14:00:00,26.8,68,9.8,423.0,1014.1
2016-10-16 15:00:00,26.4,69,9.7,321.0,1013.9
2016-10-16 16:00:00,25.8,73,9.4,190.0,1014.1
2016-10-16 17:00:00,24.7,76,10.9,70.0,1014.5
2016-10-16 18:00:00,23.7,79,12.8,4.0,1015.0
2016-10-16 19:00:00,23.0,80,13.1,0.0,1016.1
2016-10-16 20:00:00,22.4,81,13.4,0.0,1016.5
2016-10-16 21:00:00,22.0,83,12.3,0.0,1016.7
2016-10-16 22:00:00,21.6,84,10.9,0.0,1017.2
2016-10-16 23:00:00,21.4,85,10.1,0.0,1017.6
2016-10-17 00:00:00,21.1,86,9.8,0.0,1017.3
2016-10-17 01:00:00,20.8,86,9.8,0.0,1017.2
2016-10-17 02:00:00,20.6,86,9.5,0.0,1017.3
2016-10-17 03:00:00,20.2,85,9.2,0.0,1017.0
2016-10-17 04:00:00,20.0,84,9.2,0.0,1016.8
2016-10-17 05:00:00,19.8,84,9.5,0.0,1017.0
2016-10-17 06:00:00,19.6,83,9.3,0.0,1017.6
2016-10-17 07:00:00,19.5,83,9.8,6.0,1017.8
2016-10-17 08:00:00,19.5,82,9.8,36.0,1018.4
2016-10-17 09:00:00,19.8,79,10.3,97.0,1018.9
2016-10-17 10:00:00,20.4,76,10.7,186.0,1018.6
2016-10-17 11:00:00,21.3,73,10.9,300.0,1018.1
2016-10-17 12:00:00,21.8,71,10.7,312.0,1017.7
2016-10-17 13:00:00,22.0,71,10.2,226.0,1016.5
2016-10-17 14:00:00,22.4,70,9.8,215.0,1016.1
2016-10-17 15:00:00,22.3,70,8.7,193.0,1015.8
2016-10-17 16:00:00,22.1,71,7.1,94.0,1015.9
2016-10-17 17:00:00,21.9,74,3.8,46.0,1016.0
2016-10-17 18:00:00,21.5,77,2.3,2.0,1016.8
2016-10-17 19:00:00,21.0,85,2.1,0.0,1016.9
2016-10-17 20:00:00,20.7,85,4.6,0.0,1017.3
2016-10-17 21:00:00,20.4,84,3.9,0.0,1017.5
2016-10-17 22:00:00,20.3,84,5.4,0.0,1017.6
2016-10-17 23:00:00,20.3,85,5.8,0.0,1017.7
2016-10-18 00:00:00,20.1,87,6.6,0.0,1017.5
2016-10-18 01:00:00,20.0,88,7.4,0.0,1016.9
2016-10-18 02:00:00,19.8,90,7.1,0.0,1016.8
2016-10-18 03:00:00,19.5,92,7.5,0.0,1016.6
2016-10-18 04:00:00,19.4,93,8.4,0.0,1016.6
2016-10-18 05:00:00,19.5,92,8.7,0.0,1016.9
2016-10-18 06:00:00,19.3,93,8.1,0.0,1017.5
2016-10-18 07:00:00,19.6,91,8.7,16.0,1018.1
2016-10-18 08:00:00,20.3,88,8.9,80.0,1018.2
2016-10-18 09:00:00,21.4,82,11.8,184.0,1018.2
2016-10-18 10:00:00,22.3,77,14.5,229.0,1017.7
2016-10-18 11:00:00,23.2,73,14.1,295.0,1017.2
2016-10-18 12:00:00,23.2,75,12.3,213.0,1016.3
2016-10-18 13:00:00,23.2,76,11.9,227.0,1015.4
2016-10-18 14:00:00,23.0,77,10.1,187.0,1015.1
2016-10-18 15:00:00,23.4,78,9.8,114.0,1014.9
2016-10-18 16:00:00,23.0,81,10.5,80.0,1015.1
2016-10-18 17:00:00,22.2,84,10.1,25.0,1015.4
2016-10-18 18:00:00,21.2,91,9.5,1.0,1015.7
2016-10-18 19:00:00,20.6,93,10.2,0.0,1016.3
2016-10-18 20:00:00,20.2,93,10.4,0.0,1016.4
2016-10-18 21:00:00,19.9,94,9.7,0.0,1016.8
2016-10-18 22:00:00,19.7,95,9.0,0.0,1016.7
2016-10-18 23:00:00,19.6,95,8.3,0.0,1016.4
2016-10-19 00:00:00,19.5,96,7.9,0.0,1016.0
2016-10-19 01:00:00,19.4,96,7.6,0.0,1015.5
2016-10-19 02:00:00,19.4,97,6.8,0.0,1015.0
2016-10-19 03:00:00,19.4,97,6.2,0.0,1014.5
2016-10-19 04:00:00,19.4,97,5.9,0.0,1014.3
2016-10-19 05:00:00,19.4,97,5.2,0.0,1014.5
2016-10-19 06:00:00,19.5,97,4.5,0.0,1015.2
2016-10-19 07:00:00,19.6,97,5.8,7.0,1015.5
2016-10-19 08:00:00,20.0,95,9.4,37.0,1015.5
2016-10-19 09:00:00,20.5,93,8.4,80.0,1016.2
2016-10-19 10:00:00,20.9,91,7.6,114.0,1015.8
2016-10-19 11:00:00,21.1,91,8.8,111.0,1015.5
2016-10-19 12:00:00,21.2,91,9.0,101.0,1014.5
2016-10-19 13:00:00,21.3,91,7.2,99.0,1013.8
2016-10-19 14:00:00,21.3,92,7.6,86.0,1013.5
2016-10-19 15:00:00,20.9,95,9.0,42.0,1013.3
2016-10-19 16:00:00,20.8,96,7.8,32.0,1013.1
2016-10-19 17:00:00,20.7,96,7.5,16.0,1013.6
2016-10-19 18:00:00,20.4,96,6.6,1.0,1014.2
2016-10-19 19:00:00,20.3,96,7.0,0.0,1014.3
2016-10-19 20:00:00,20.3,96,6.9,0.0,1014.5
2016-10-19 21:00:00,20.3,96,7.2,0.0,1014.6
2016-10-19 22:00:00,20.2,96,6.6,0.0,1014.4
2016-10-19 23:00:00,20.2,96,6.6,0.0,1014.2
2016-10-20 00:00:00,20.1,96,5.9,0.0,1013.6
2016-10-20 01:00:00,20.0,96,6.2,0.0,1013.5
2016-10-20 02:00:00,20.0,96,7.8,0.0,1013.1
2016-10-20 03:00:00,20.1,96,8.3,0.0,1013.0
2016-10-20 04:00:00,20.1,96,8.3,0.0,1012.8
2016-10-20 05:00:00,20.1,97,8.4,0.0,1012.9
2016-10-20 06:00:00,20.2,97,7.9,0.0,1013.2
2016-10-20 07:00:00,20.4,97,8.8,10.0,1013.9
2016-10-20 08:00:00,20.9,96,9.2,34.0,1014.1
2016-10-20 09:00:00,21.7,92,14.6,114.0,1014.0
2016-10-20 10:00:00,22.4,91,13.8,111.0,1013.9
2016-10-20 11:00:00,23.1,89,16.6,152.0,1013.2
2016-10-20 12:00:00,23.7,86,18.4,199.0,1012.1
2016-10-20 13:00:00,24.0,85,18.7,180.0,1011.0
2016-10-20 14:00:00,24.2,84,15.2,196.0,1010.3
2016-10-20 15:00:00,23.8,83,15.0,169.0,1010.6
2016-10-20 16:00:00,23.3,85,16.5,62.0,1010.5
2016-10-20 17:00:00,22.8,86,17.2,42.0,1010.6
2016-10-20 18:00:00,22.3,88,15.3,2.0,1010.7
2016-10-20 19:00:00,22.1,90,14.9,0.0,1011.5
2016-10-20 20:00:00,21.8,92,14.6,0.0,1011.7
2016-10-20 21:00:00,21.5,94,14.5,0.0,1011.8
2016-10-20 22:00:00,21.4,95,14.3,0.0,1011.4
2016-10-20 23:00:00,21.3,96,13.8,0.0,1011.2
2016-10-21 00:00:00,21.3,96,13.1,0.0,1010.7
2016-10-21 01:00:00,21.3,96,13.1,0.0,1010.0
2016-10-21 02:00:00,21.3,96,13.0,0.0,1009.8
2016-10-21 03:00:00,21.4,95,12.9,0.0,1009.5
2016-10-21 04:00:00,21.4,96,12.7,0.0,1009.1
2016-10-21 05:00:00,21.4,96,12.6,0.0,1009.0
2016-10-21 06:00:00,21.6,96,12.0,0.0,1009.5
2016-10-21 07:00:00,21.7,97,14.0,6.0,1010.2
2016-10-21 08:00:00,22.1,96,15.0,39.0,1010.2
2016-10-21 09:00:00,22.7,94,12.3,74.0,1010.4
2016-10-21 10:00:00,23.2,93,12.9,103.0,1010.0
2016-10-21 11:00:00,24.2,90,16.9,188.0,1009.3
2016-10-21 12:00:00,24.9,88,15.6,168.0,1008.0
2016-10-21 13:00:00,25.5,87,13.4,170.0,1007.1
2016-10-21 14:00:00,26.0,86,12.8,141.0,1006.7
2016-10-21 15:00:00,24.3,90,12.0,66.0,1006.3
2016-10-21 16:00:00,23.9,92,9.5,45.0,1006.6
2016-10-21 17:00:00,23.5,94,8.5,15.0,1006.6
2016-10-21 18:00:00,23.0,96,10.5,0.0,1006.8
2016-10-21 19:00:00,22.7,97,9.0,0.0,1007.9
2016-10-21 20:00:00,22.5,97,8.2,0.0,1008.2
2016-10-21 21:00:00,22.3,97,10.7,0.0,1008.7
2016-10-21 22:00:00,22.1,98,12.1,0.0,1008.4
2016-10-21 23:00:00,21.9,98,10.1,0.0,1008.2
2016-10-22 00:00:00,21.8,99,7.4,0.0,1008.0
2016-10-22 01:00:00,21.7,99,6.2,0.0,1007.8
2016-10-22 02:00:00,21.7,99,4.7,0.0,1007.5
2016-10-22 03:00:00,21.1,99,5.9,0.0,1007.4
2016-10-22 04:00:00,20.9,99,6.8,0.0,1007.1
2016-10-22 05:00:00,20.9,99,6.2,0.0,1007.4
2016-10-22 06:00:00,20.9,99,4.8,0.0,1007.9
2016-10-22 07:00:00,20.9,99,6.1,5.0,1007.7
2016-10-22 08:00:00,21.1,99,9.2,23.0,1008.1
2016-10-22 09:00:00,21.3,100,12.9,49.0,1008.3
2016-10-22 10:00:00,21.6,99,13.4,56.0,1007.6
2016-10-22 11:00:00,21.6,100,14.3,48.0,1006.8
2016-10-22 12:00:00,21.5,100,15.8,35.0,1005.7
2016-10-22 13:00:00,21.6,99,17.3,29.0,1004.1
2016-10-22 14:00:00,21.7,99,17.6,60.0,1003.0
2016-10-22 15:00:00,22.5,99,19.0,42.0,1002.6
2016-10-22 16:00:00,22.3,98,20.7,7.0,1002.2
2016-10-22 17:00:00,22.2,99,20.1,7.0,1002.0
2016-10-22 18:00:00,22.1,99,18.3,0.0,1002.2
2016-10-22 19:00:00,22.0,99,17.1,0.0,1003.2
2016-10-22 20:00:00,21.8,99,19.6,0.0,1003.6
2016-10-22 21:00:00,21.6,99,25.5,0.0,1004.6
2016-10-22 22:00:00,21.3,99,25.5,0.0,1005.0
2016-10-22 23:00:00,20.9,99,23.3,0.0,1005.8
2016-10-23 00:00:00,20.5,98,21.1,0.0,1006.4
2016-10-23 01:00:00,20.1,97,20.3,0.0,1007.2
2016-10-23 02:00:00,19.7,96,20.6,0.0,1007.8
2016-10-23 03:00:00,19.5,94,20.3,0.0,1008.3
2016-10-23 04:00:00,19.2,93,18.5,0.0,1008.9
2016-10-23 05:00:00,19.0,93,16.9,0.0,1009.8
2016-10-23 06:00:00,18.9,93,14.3,0.0,1011.2
2016-10-23 07:00:00,18.9,92,13.9,3.0,1011.9
2016-10-23 08:00:00,19.0,90,14.2,26.0,1012.2
2016-10-23 09:00:00,19.3,87,14.5,70.0,1013.0
2016-10-23 10:00:00,20.0,81,15.5,172.0,1013.0
2016-10-23 11:00:00,20.7,76,15.5,216.0,1012.8
2016-10-23 12:00:00,21.5,72,14.8,273.0,1012.2
2016-10-23 13:00:00,21.5,73,13.4,160.0,1011.8
2016-10-23 14:00:00,21.9,71,12.1,208.0,1011.6
2016-10-23 15:00:00,21.9,75,9.9,96.0,1011.7
2016-10-23 16:00:00,21.6,77,8.0,51.0,1012.0
2016-10-23 17:00:00,21.3,78,7.6,19.0,1012.2
2016-10-23 18:00:00,20.9,80,7.6,1.0,1012.7
2016-10-23 19:00:00,20.6,81,9.1,0.0,1013.2
2016-10-23 20:00:00,20.3,82,10.2,0.0,1013.7
2016-10-23 21:00:00,20.0,83,10.7,0.0,1014.2
2016-10-23 22:00:00,19.6,85,11.0,0.0,1014.4
2016-10-23 23:00:00,19.3,86,10.4,0.0,1014.4
2016-10-24 00:00:00,19.0,87,8.9,0.0,1013.9
2016-10-24 01:00:00,18.7,88,6.6,0.0,1013.9
2016-10-24 02:00:00,18.5,90,4.3,0.0,1013.7
2016-10-24 03:00:00,18.5,92,4.1,0.0,1013.6
2016-10-24 04:00:00,18.4,92,4.7,0.0,1013.4
2016-10-24 05:00:00,18.0,94,5.0,0.0,1014.0
2016-10-24 06:00:00,17.9,95,4.3,0.0,1014.3
2016-10-24 07:00:00,18.2,94,5.7,15.0,1014.5
2016-10-24 08:00:00,19.0,88,6.5,70.0,1014.9
2016-10-24 09:00:00,19.8,86,5.1,153.0,1014.7
2016-10-24 10:00:00,20.7,82,5.8,187.0,1014.3
2016-10-24 11:00:00,21.7,78,7.5,233.0,1013.6
2016-10-24 12:00:00,22.3,76,8.4,222.0,1012.6
2016-10-24 13:00:00,22.8,75,8.0,214.0,1011.6
2016-10-24 14:00:00,23.3,72,4.9,248.0,1010.8
2016-10-24 15:00:00,24.0,70,3.7,155.0,1010.4
2016-10-24 16:00:00,23.8,74,4.3,102.0,1010.2
2016-10-24 17:00:00,23.2,78,6.0,40.0,1010.2
2016-10-24 18:00:00,22.5,81,6.6,1.0,1010.1
2016-10-24 19:00:00,22.0,84,6.4,0.0,1010.7
2016-10-24 20:00:00,21.7,88,4.0,0.0,1010.9
2016-10-24 21:00:00,21.5,91,4.7,0.0,1011.1
2016-10-24 22:00:00,21.3,92,5.7,0.0,1010.9
2016-10-24 23:00:00,20.9,93,6.5,0.0,1010.9
2016-10-25 00:00:00,20.0,95,5.9,0.0,1010.5
2016-10-25 01:00:00,19.7,95,5.4,0.0,1010.1
2016-10-25 02:00:00,19.7,95,4.8,0.0,1010.1
2016-10-25 03:00:00,19.6,95,4.7,0.0,1010.2
2016-10-25 04:00:00,19.7,95,5.1,0.0,1010.2
2016-10-25 05:00:00,20.0,95,5.1,0.0,1010.7
2016-10-25 06:00:00,20.3,93,6.6,0.0,1011.7
2016-10-25 07:00:00,20.2,91,12.3,9.0,1012.4
2016-10-25 08:00:00,19.7,90,16.2,36.0,1013.7
2016-10-25 09:00:00,19.0,89,14.4,52.0,1014.3
2016-10-25 10:00:00,19.0,87,12.2,97.0,1014.3
2016-10-25 11:00:00,19.3,84,10.5,151.0,1014.3
2016-10-25 12:00:00,19.6,82,10.2,155.0,1013.9
2016-10-25 13:00:00,19.7,80,9.4,156.0,1013.5
2016-10-25 14:00:00,19.8,79,10.2,146.0,1013.3
2016-10-25 15:00:00,19.7,79,11.7,74.0,1013.0
2016-10-25 16:00:00,19.2,79,11.6,38.0,1013.3
2016-10-25 17:00:00,18.8,79,10.5,18.0,1013.7
2016-10-25 18:00:00,18.5,80,9.7,0.0,1014.2
2016-10-25 19:00:00,18.3,81,9.0,0.0,1014.7
2016-10-25 20:00:00,18.3,81,7.1,0.0,1015.2
2016-10-25 21:00:00,18.2,82,5.7,0.0,1015.4
2016-10-25 22:00:00,18.1,84,4.2,0.0,1015.1
2016-10-25 23:00:00,18.2,84,2.9,0.0,1015.4
2016-10-26 00:00:00,18.3,85,2.4,0.0,1014.7
2016-10-26 01:00:00,18.3,88,1.6,0.0,1014.7
2016-10-26 02:00:00,18.3,91,0.4,0.0,1014.4
2016-10-26 03:00:00,18.2,91,1.8,0.0,1013.6
2016-10-26 04:00:00,18.4,89,1.0,0.0,1013.6
2016-10-26 05:00:00,18.3,94,2.3,0.0,1013.5
2016-10-26 06:00:00,18.5,94,3.3,0.0,1013.4
2016-10-26 07:00:00,18.9,91,2.0,17.0,1014.1
2016-10-26 08:00:00,19.8,90,2.7,112.0,1014.3
2016-10-26 09:00:00,20.7,89,3.6,195.0,1014.5
2016-10-26 10:00:00,21.9,87,5.2,269.0,1014.0
2016-10-26 11:00:00,24.1,82,9.4,488.0,1013.1
2016-10-26 12:00:00,26.0,77,14.2,507.0,1012.0
2016-10-26 13:00:00,27.6,72,17.1,453.0,1011.0
2016-10-26 14:00:00,28.4,69,11.5,383.0,1010.6
2016-10-26 15:00:00,28.1,73,10.2,212.0,1010.8
2016-10-26 16:00:00,25.1,83,19.3,133.0,1012.4
2016-10-26 17:00:00,21.4,94,21.6,34.0,1013.6
2016-10-26 18:00:00,19.9,96,19.1,1.0,1014.3
2016-10-26 19:00:00,19.6,95,13.8,0.0,1015.9
2016-10-26 20:00:00,19.5,96,9.5,0.0,1016.5
2016-10-26 21:00:00,19.3,97,7.9,0.0,1017.0
2016-10-26 22:00:00,19.2,96,8.6,0.0,1016.7
2016-10-26 23:00:00,19.1,95,8.0,0.0,1016.9
2016-10-27 00:00:00,18.9,95,7.9,0.0,1016.6
2016-10-27 01:00:00,18.7,96,8.1,0.0,1016.6
2016-10-27 02:00:00,18.6,96,8.5,0.0,1016.6
2016-10-27 03:00:00,18.5,97,8.9,0.0,1016.5
2016-10-27 04:00:00,18.5,97,9.7,0.0,1016.3
2016-10-27 05:00:00,18.5,97,8.9,0.0,1016.8
2016-10-27 06:00:00,18.6,97,11.5,0.0,1017.2
2016-10-27 07:00:00,18.7,97,11.4,3.0,1017.5
2016-10-27 08:00:00,19.0,95,10.6,9.0,1017.9
2016-10-27 09:00:00,19.4,95,10.8,21.0,1018.0
2016-10-27 10:00:00,20.2,92,8.2,82.0,1017.7
2016-10-27 11:00:00,20.6,92,7.6,74.0,1017.0
2016-10-27 12:00:00,21.7,87,6.8,186.0,1015.5
2016-10-27 13:00:00,22.4,85,5.9,146.0,1014.6
2016-10-27 14:00:00,23.2,83,5.3,213.0,1013.7
2016-10-27 15:00:00,23.1,83,5.0,154.0,1013.3
2016-10-27 16:00:00,23.2,84,4.0,85.0,1013.1
2016-10-27 17:00:00,22.9,86,3.6,30.0,1013.0
2016-10-27 18:00:00,22.3,91,3.5,1.0,1012.9
2016-10-27 19:00:00,21.8,92,2.3,0.0,1013.0
2016-10-27 20:00:00,21.3,93,3.1,0.0,1013.5
2016-10-27 21:00:00,21.0,94,2.3,0.0,1013.3
2016-10-27 22:00:00,20.1,97,3.9,0.0,1013.3
2016-10-27 23:00:00,19.2,99,5.4,0.0,1013.1
2016-10-28 00:00:00,19.1,98,5.2,0.0,1012.6
2016-10-28 01:00:00,19.1,98,5.1,0.0,1012.5
2016-10-28 02:00:00,19.0,98,5.4,0.0,1012.8
2016-10-28 03:00:00,19.5,97,7.1,0.0,1012.9
2016-10-28 04:00:00,20.0,95,12.9,0.0,1013.6
2016-10-28 05:00:00,19.8,94,17.1,0.0,1014.4
2016-10-28 06:00:00,19.3,92,16.6,0.0,1015.5
2016-10-28 07:00:00,18.8,91,15.6,8.0,1016.5
2016-10-28 08:00:00,19.0,87,15.4,64.0,1017.6
2016-10-28 09:00:00,19.2,84,17.1,107.0,1018.8
2016-10-28 10:00:00,19.1,83,18.3,103.0,1018.9
2016-10-28 11:00:00,18.8,82,18.5,82.0,1018.9
2016-10-28 12:00:00,18.4,82,18.7,71.0,1018.7
2016-10-28 13:00:00,18.0,79,20.5,113.0,1019.2
2016-10-28 14:00:00,17.4,79,21.6,75.0,1019.3
2016-10-28 15:00:00,16.4,79,21.6,51.0,1020.1
2016-10-28 16:00:00,15.9,79,20.4,29.0,1020.5
2016-10-28 17:00:00,15.7,79,17.5,18.0,1020.9
2016-10-28 18:00:00,15.5,80,15.7,0.0,1022.3
2016-10-28 19:00:00,15.4,80,15.7,0.0,1023.0
2016-10-28 20:00:00,15.4,80,15.0,0.0,1023.4
2016-10-28 21:00:00,15.3,81,14.7,0.0,1024.1
2016-10-28 22:00:00,15.2,81,16.2,0.0,1024.6
2016-10-28 23:00:00,15.1,82,17.2,0.0,1024.6
2016-10-29 00:00:00,14.8,83,17.1,0.0,1024.4
2016-10-29 01:00:00,14.7,83,15.3,0.0,1024.2
2016-10-29 02:00:00,14.6,83,14.0,0.0,1023.9
2016-10-29 03:00:00,14.3,83,14.3,0.0,1024.0
2016-10-29 04:00:00,14.4,83,14.2,0.0,1024.1
2016-10-29 05:00:00,14.4,83,15.5,0.0,1024.9
2016-10-29 06:00:00,14.4,83,15.6,0.0,1025.9
2016-10-29 07:00:00,14.3,83,16.9,4.0,1026.8
2016-10-29 08:00:00,14.4,82,16.6,42.0,1027.2
2016-10-29 09:00:00,14.6,80,16.2,78.0,1027.8
2016-10-29 10:00:00,14.6,77,18.0,99.0,1028.1
2016-10-29 11:00:00,14.7,75,18.7,107.0,1028.1
2016-10-29 12:00:00,14.9,72,18.8,148.0,1027.6
2016-10-29 13:00:00,14.7,73,18.0,93.0,1027.1
2016-10-29 14:00:00,14.4,75,16.2,68.0,1026.8
2016-10-29 15:00:00,14.1,73,14.8,50.0,1026.6
2016-10-29 16:00:00,14.0,74,14.1,23.0,1027.1
2016-10-29 17:00:00,13.9,75,13.7,7.0,1027.6
2016-10-29 18:00:00,13.8,75,13.0,0.0,1028.2
2016-10-29 19:00:00,13.7,74,12.6,0.0,1029.1
2016-10-29 20:00:00,13.6,75,11.2,0.0,1029.0
2016-10-29 21:00:00,13.5,75,11.2,0.0,1029.0
2016-10-29 22:00:00,13.4,77,11.2,0.0,1029.0
2016-10-29 23:00:00,13.1,79,10.4,0.0,1029.3
2016-10-30 00:00:00,12.9,81,9.0,0.0,1028.8
2016-10-30 01:00:00,12.7,82,8.8,0.0,1028.4
2016-10-30 02:00:00,12.6,83,7.6,0.0,1028.2
2016-10-30 03:00:00,12.2,85,7.3,0.0,1027.7
2016-10-30 04:00:00,11.9,87,7.0,0.0,1027.6
2016-10-30 05:00:00,11.4,89,6.3,0.0,1027.8
2016-10-30 06:00:00,11.2,90,5.2,0.0,1028.2
2016-10-30 07:00:00,11.4,91,5.2,24.0,1028.4
2016-10-30 08:00:00,13.0,80,4.7,132.0,1028.5
2016-10-30 09:00:00,14.1,75,4.6,221.0,1029.0
2016-10-30 10:00:00,15.6,70,7.5,396.0,1027.9
2016-10-30 11:00:00,17.2,64,10.4,528.0,1027.2
2016-10-30 12:00:00,18.0,62,10.6,512.0,1025.9
2016-10-30 13:00:00,18.1,60,10.7,318.0,1024.7
2016-10-30 14:00:00,17.8,62,11.3,160.0,1023.7
2016-10-30 15:00:00,18.0,62,10.1,189.0,1023.4
2016-10-30 16:00:00,17.6,66,9.0,103.0,1023.5
2016-10-30 17:00:00,17.0,68,9.8,15.0,1023.5
2016-10-30 18:00:00,16.5,69,9.4,0.0,1023.5
2016-10-30 19:00:00,16.1,71,8.6,0.0,1024.3
2016-10-30 20:00:00,15.9,72,7.8,0.0,1024.4
2016-10-30 21:00:00,15.4,75,7.2,0.0,1024.2
2016-10-30 22:00:00,15.3,77,6.6,0.0,1023.9
2016-10-30 23:00:00,15.2,78,5.2,0.0,1023.4
2016-10-31 00:00:00,15.1,80,4.1,0.0,1022.7
2016-10-31 01:00:00,14.7,85,4.3,0.0,1022.5
2016-10-31 02:00:00,14.7,86,2.8,0.0,1022.4
2016-10-31 03:00:00,14.8,89,3.1,0.0,1022.3
2016-10-31 04:00:00,15.0,88,3.7,0.0,1022.6
2016-10-31 05:00:00,15.0,88,4.2,0.0,1023.0
2016-10-31 06:00:00,15.0,90,5.2,0.0,1023.8
2016-10-31 07:00:00,15.0,91,5.0,1.0,1024.0
2016-10-31 08:00:00,15.1,91,4.4,17.0,1024.4
2016-10-31 09:00:00,15.2,90,5.1,31.0,1024.7
2016-10-31 10:00:00,15.4,89,7.2,59.0,1024.8
2016-10-31 11:00:00,15.8,86,9.0,98.0,1024.3
2016-10-31 12:00:00,15.8,86,11.6,78.0,1023.8
2016-10-31 13:00:00,16.0,85,12.1,107.0,1023.6
2016-10-31 14:00:00,15.8,87,10.6,51.0,1023.4
2016-10-31 15:00:00,15.2,90,11.5,27.0,1023.9
2016-10-31 16:00:00,15.0,91,11.3,23.0,1024.3
2016-10-31 17:00:00,14.7,92,10.8,6.0,1025.0
2016-10-31 18:00:00,14.6,93,10.5,0.0,1025.8
2016-10-31 19:00:00,14.4,93,10.7,0.0,1026.7
2016-10-31 20:00:00,14.4,92,12.0,0.0,1027.0
2016-10-31 21:00:00,14.3,90,12.8,0.0,1027.2
2016-10-31 22:00:00,14.2,89,14.2,0.0,1027.5
2016-10-31 23:00:00,14.1,87,14.1,0.0,1027.8
2016-11-01 00:00:00,13.9,87,14.4,0.0,1027.8
2016-11-01 01:00:00,13.5,88,14.8,0.0,1027.8
2016-11-01 02:00:00,13.3,88,15.1,0.0,1027.8
2016-11-01 03:00:00,13.5,85,15.2,0.0,1027.9
2016-11-01 04:00:00,13.5,83,15.5,0.0,1028.1
2016-11-01 05:00:00,13.3,81,15.6,0.0,1028.4
2016-11-01 06:00:00,12.9,80,15.6,0.0,1029.0
2016-11-01 07:00:00,12.7,80,16.4,10.0,1029.8
2016-11-01 08:00:00,12.8,77,18.0,70.0,1030.3
2016-11-01 09:00:00,13.2,74,18.1,152.0,1030.6
2016-11-01 10:00:00,14.0,69,17.9,265.0,1030.4
2016-11-01 11:00:00,15.0,64,16.9,406.0,1030.1
2016-11-01 12:00:00,15.4,61,16.1,354.0,1029.4
2016-11-01 13:00:00,15.6,58,15.9,334.0,1028.8
2016-11-01 14:00:00,15.4,56,16.3,254.0,1028.2
2016-11-01 15:00:00,15.1,58,15.6,157.0,1028.2
2016-11-01 16:00:00,14.8,59,12.4,101.0,1028.0
2016-11-01 17:00:00,14.1,60,10.9,50.0,1028.5
2016-11-01 18:00:00,13.1,63,8.5,0.0,1028.7
2016-11-01 19:00:00,12.1,67,9.3,0.0,1029.7
2016-11-01 20:00:00,11.2,70,10.4,0.0,1029.9
2016-11-01 21:00:00,10.5,72,10.0,0.0,1030.0
2016-11-01 22:00:00,9.7,75,8.7,0.0,1030.0
2016-11-01 23:00:00,8.9,80,7.6,0.0,1029.7
2016-11-02 00:00:00,8.2,83,7.2,0.0,1029.1
2016-11-02 01:00:00,7.5,85,6.5,0.0,1028.7
2016-11-02 02:00:00,6.9,88,6.2,0.0,1028.3
2016-11-02 03:00:00,6.8,89,6.2,0.0,1028.1
2016-11-02 04:00:00,6.6,90,6.1,0.0,1027.8
2016-11-02 05:00:00,6.6,89,6.6,0.0,1027.8
2016-11-02 06:00:00,6.8,88,5.0,0.0,1028.0
2016-11-02 07:00:00,7.1,89,5.8,25.0,1028.7
2016-11-02 08:00:00,9.8,76,4.8,154.0,1028.8
2016-11-02 09:00:00,11.4,70,5.1,284.0,1028.9
2016-11-02 10:00:00,12.8,65,5.4,413.0,1028.8
2016-11-02 11:00:00,14.1,61,5.4,561.0,1027.9
2016-11-02 12:00:00,14.9,58,5.2,596.0,1027.2
2016-11-02 13:00:00,15.5,56,5.1,616.0,1026.4
2016-11-02 14:00:00,15.8,55,5.4,558.0,1025.5
2016-11-02 15:00:00,15.7,55,5.9,413.0,1025.2
2016-11-02 16:00:00,15.4,55,6.1,231.0,1025.3
2016-11-02 17:00:00,14.6,61,7.4,75.0,1025.6
2016-11-02 18:00:00,13.0,74,5.5,0.0,1025.5
2016-11-02 19:00:00,11.4,81,5.5,0.0,1026.2
2016-11-02 20:00:00,10.2,85,6.9,0.0,1026.4
2016-11-02 21:00:00,9.4,87,7.9,0.0,1026.8
2016-11-02 22:00:00,9.3,86,7.2,0.0,1026.7
2016-11-02 23:00:00,9.2,86,5.8,0.0,1026.7
2016-11-03 00:00:00,9.2,86,4.7,0.0,1026.0
2016-11-03 01:00:00,9.0,87,4.6,0.0,1025.8
2016-11-03 02:00:00,8.4,89,5.4,0.0,1025.7
2016-11-03 03:00:00,8.0,91,6.4,0.0,1025.6
2016-11-03 04:00:00,7.8,91,6.4,0.0,1025.7
2016-11-03 05:00:00,7.8,92,5.7,0.0,1025.4
2016-11-03 06:00:00,7.6,92,7.0,0.0,1026.0
2016-11-03 07:00:00,7.6,93,4.0,26.0,1026.4
2016-11-03 08:00:00,10.4,87,3.3,176.0,1026.5
2016-11-03 09:00:00,13.2,71,2.1,372.0,1026.5
2016-11-03 10:00:00,14.8,62,1.9,536.0,1026.0
2016-11-03 11:00:00,15.8,56,1.1,640.0,1025.4
2016-11-03 12:00:00,16.4,54,1.1,689.0,1024.0
2016-11-03 13:00:00,16.9,54,1.8,661.0,1023.0
2016-11-03 14:00:00,17.0,54,2.9,570.0,1021.9
2016-11-03 15:00:00,17.2,52,4.1,441.0,1021.0
2016-11-03 16:00:00,16.8,55,4.6,254.0,1021.0
2016-11-03 17:00:00,15.7,62,8.0,76.0,1020.6
2016-11-03 18:00:00,13.9,71,8.7,0.0,1020.6
2016-11-03 19:00:00,12.3,79,9.3,0.0,1020.7
2016-11-03 20:00:00,11.0,85,8.6,0.0,1020.2
2016-11-03 21:00:00,10.1,88,8.4,0.0,1020.0
2016-11-03 22:00:00,9.7,88,9.2,0.0,1020.0
2016-11-03 23:00:00,9.7,88,7.9,0.0,1019.4
2016-11-04 00:00:00,10.0,87,6.6,0.0,1019.2
2016-11-04 01:00:00,10.1,87,6.8,0.0,1018.9
2016-11-04 02:00:00,9.8,89,7.4,0.0,1018.4
2016-11-04 03:00:00,8.8,92,7.9,0.0,1017.9
2016-11-04 04:00:00,8.7,92,7.9,0.0,1017.8
2016-11-04 05:00:00,8.6,93,7.6,0.0,1017.6
2016-11-04 06:00:00,8.4,93,7.3,0.0,1017.8
2016-11-04 07:00:00,8.1,94,5.7,24.0,1018.0
2016-11-04 08:00:00,11.3,89,6.2,173.0,1018.4
2016-11-04 09:00:00,14.5,76,6.5,361.0,1017.8
2016-11-04 10:00:00,16.8,67,8.4,526.0,1017.1
2016-11-04 11:00:00,18.4,61,10.2,638.0,1016.3
2016-11-04 12:00:00,19.5,57,10.2,686.0,1015.2
2016-11-04 13:00:00,20.2,54,9.9,664.0,1014.1
2016-11-04 14:00:00,20.6,52,9.3,576.0,1012.8
2016-11-04 15:00:00,21.1,52,8.8,433.0,1012.3
2016-11-04 16:00:00,20.4,58,5.4,251.0,1012.0
2016-11-04 17:00:00,18.9,63,10.0,73.0,1011.9
2016-11-04 18:00:00,16.8,70,10.5,0.0,1011.8
2016-11-04 19:00:00,15.0,77,10.5,0.0,1011.9
2016-11-04 20:00:00,13.6,83,10.1,0.0,1012.1
2016-11-04 21:00:00,12.5,86,10.2,0.0,1012.0
2016-11-04 22:00:00,11.8,88,9.1,0.0,1012.3
2016-11-04 23:00:00,11.2,90,8.9,0.0,1011.9
2016-11-05 00:00:00,10.7,92,8.3,0.0,1012.1
2016-11-05 01:00:00,10.2,93,7.5,0.0,1012.1
2016-11-05 02:00:00,9.9,94,6.4,0.0,1011.9
2016-11-05 03:00:00,9.3,94,6.0,0.0,1011.7
2016-11-05 04:00:00,9.0,95,6.5,0.0,1011.5
2016-11-05 05:00:00,8.9,95,7.0,0.0,1011.7
2016-11-05 06:00:00,8.8,95,6.9,0.0,1011.8
2016-11-05 07:00:00,9.3,95,8.5,23.0,1012.4
2016-11-05 08:00:00,13.4,86,8.9,166.0,1012.6
2016-11-05 09:00:00,16.8,77,8.0,351.0,1012.8
2016-11-05 10:00:00,19.4,68,8.6,513.0,1012.2
2016-11-05 11:00:00,21.2,62,9.7,625.0,1012.3
2016-11-05 12:00:00,22.3,58,9.7,673.0,1011.2
2016-11-05 13:00:00,23.0,55,8.2,654.0,1010.8
2016-11-05 14:00:00,23.3,53,6.0,566.0,1010.3
2016-11-05 15:00:00,23.5,51,3.1,423.0,1010.3
2016-11-05 16:00:00,23.1,56,1.5,243.0,1010.7
2016-11-05 17:00:00,21.3,65,7.3,69.0,1011.0
2016-11-05 18:00:00,18.7,74,9.1,0.0,1012.0
2016-11-05 19:00:00,16.9,82,9.0,0.0,1012.0
2016-11-05 20:00:00,15.4,88,9.1,0.0,1013.0
2016-11-05 21:00:00,14.7,88,8.7,0.0,1012.9
2016-11-05 22:00:00,14.6,88,9.0,0.0,1013.2
2016-11-05 23:00:00,15.3,85,7.3,0.0,1013.3
2016-11-06 00:00:00,15.3,86,4.5,0.0,1013.6
2016-11-06 01:00:00,14.8,88,2.2,0.0,1013.9
2016-11-06 02:00:00,14.0,92,1.3,0.0,1014.2
2016-11-06 03:00:00,13.2,93,3.3,0.0,1014.2
2016-11-06 04:00:00,12.0,96,5.1,0.0,1014.9
2016-11-06 05:00:00,11.7,97,5.6,0.0,1015.4
2016-11-06 06:00:00,11.4,98,6.9,0.0,1016.3
2016-11-06 07:00:00,11.7,98,4.8,20.0,1017.3
2016-11-06 08:00:00,14.2,96,3.5,145.0,1017.6
2016-11-06 09:00:00,16.7,90,4.2,309.0,1017.9
2016-11-06 10:00:00,19.1,83,5.6,460.0,1018.1
2016-11-06 11:00:00,20.5,80,7.4,572.0,1018.1
2016-11-06 12:00:00,21.7,75,8.9,642.0,1017.4
2016-11-06 13:00:00,22.5,71,9.7,629.0,1016.6
2016-11-06 14:00:00,22.8,69,10.0,546.0,1016.2
2016-11-06 15:00:00,22.9,66,10.3,415.0,1016.1
2016-11-06 16:00:00,22.2,71,7.8,233.0,1016.3
2016-11-06 17:00:00,20.5,79,8.2,64.0,1016.5
2016-11-06 18:00:00,18.9,87,10.0,0.0,1016.6
2016-11-06 19:00:00,17.8,92,10.3,0.0,1017.1
2016-11-06 20:00:00,17.2,94,9.7,0.0,1017.5
2016-11-06 21:00:00,16.8,94,9.6,0.0,1017.8
2016-11-06 22:00:00,16.5,94,9.0,0.0,1018.0
2016-11-06 23:00:00,16.5,93,8.7,0.0,1017.8
2016-11-07 00:00:00,16.3,93,8.0,0.0,1017.7
2016-11-07 01:00:00,16.1,94,6.9,0.0,1017.8
2016-11-07 02:00:00,15.3,97,5.8,0.0,1018.1
2016-11-07 03:00:00,15.8,96,6.5,0.0,1017.4
2016-11-07 04:00:00,15.8,97,5.3,0.0,1017.4
2016-11-07 05:00:00,15.8,97,5.1,0.0,1017.7
2016-11-07 06:00:00,15.2,98,4.4,0.0,1017.5
2016-11-07 07:00:00,15.5,98,5.0,16.0,1018.2
2016-11-07 08:00:00,17.1,94,4.2,115.0,1018.2
2016-11-07 09:00:00,19.0,88,4.3,291.0,1018.3
2016-11-07 10:00:00,20.8,80,4.0,414.0,1018.1
2016-11-07 11:00:00,21.8,75,4.0,403.0,1017.5
2016-11-07 12:00:00,22.5,71,4.2,414.0,1016.8
2016-11-07 13:00:00,22.5,72,3.6,294.0,1015.7
2016-11-07 14:00:00,21.9,76,3.7,182.0,1015.2
2016-11-07 15:00:00,20.3,89,2.9,35.0,1015.1
2016-11-07 16:00:00,19.8,93,3.7,15.0,1015.4
2016-11-07 17:00:00,19.4,95,3.9,6.0,1016.0
2016-11-07 18:00:00,18.9,96,4.5,0.0,1016.3
2016-11-07 19:00:00,18.6,97,6.0,0.0,1016.9
2016-11-07 20:00:00,18.5,96,8.0,0.0,1017.0
2016-11-07 21:00:00,18.5,95,10.0,0.0,1017.5
2016-11-07 22:00:00,18.4,95,12.8,0.0,1017.4
2016-11-07 23:00:00,18.0,95,18.1,0.0,1017.9
2016-11-08 00:00:00,17.2,95,23.4,0.0,1018.1
2016-11-08 01:00:00,15.9,95,25.4,0.0,1019.2
2016-11-08 02:00:00,14.9,93,26.2,0.0,1020.4
2016-11-08 03:00:00,13.9,90,25.4,0.0,1021.0
2016-11-08 04:00:00,13.4,90,23.5,0.0,1021.8
2016-11-08 05:00:00,13.1,90,22.4,0.0,1022.8
2016-11-08 06:00:00,12.8,90,17.3,0.0,1024.1
2016-11-08 07:00:00,12.4,90,19.1,1.0,1024.9
2016-11-08 08:00:00,12.0,90,19.8,7.0,1026.2
2016-11-08 09:00:00,11.6,89,20.2,16.0,1026.9
2016-11-08 10:00:00,11.3,89,20.2,32.0,1027.2
2016-11-08 11:00:00,11.1,88,20.5,39.0,1027.3
2016-11-08 12:00:00,11.0,88,20.5,48.0,1026.7
2016-11-08 13:00:00,11.0,83,19.4,48.0,1026.2
2016-11-08 14:00:00,11.9,72,20.9,127.0,1025.9
2016-11-08 15:00:00,12.2,63,20.2,52.0,1026.4
2016-11-08 16:00:00,11.9,61,19.9,19.0,1027.1
2016-11-08 17:00:00,11.7,60,18.8,15.0,1027.9
2016-11-08 18:00:00,11.5,60,16.5,0.0,1029.1
2016-11-08 19:00:00,11.2,60,16.2,0.0,1029.6
2016-11-08 20:00:00,10.9,60,16.2,0.0,1029.8
2016-11-08 21:00:00,10.7,61,16.5,0.0,1030.1
2016-11-08 22:00:00,10.5,62,16.0,0.0,1030.5
2016-11-08 23:00:00,10.4,63,14.5,0.0,1030.0
2016-11-09 00:00:00,10.3,64,15.2,0.0,1029.9
2016-11-09 01:00:00,9.9,67,14.4,0.0,1029.5
2016-11-09 02:00:00,9.8,69,16.6,0.0,1029.4
2016-11-09 03:00:00,9.6,68,16.2,0.0,1028.9
2016-11-09 04:00:00,9.5,69,15.5,0.0,1028.3
2016-11-09 05:00:00,9.4,71,14.8,0.0,1029.0
2016-11-09 06:00:00,9.4,71,11.2,0.0,1029.2
2016-11-09 07:00:00,9.4,73,11.2,7.0,1029.7
2016-11-09 08:00:00,10.0,71,11.9,56.0,1029.3
2016-11-09 09:00:00,10.6,69,13.8,102.0,1029.7
2016-11-09 10:00:00,11.3,66,14.8,157.0,1029.0
2016-11-09 11:00:00,11.7,65,15.4,130.0,1028.7
2016-11-09 12:00:00,12.0,64,13.2,124.0,1027.3
2016-11-09 13:00:00,12.4,63,12.6,138.0,1026.2
2016-11-09 14:00:00,12.5,62,12.9,96.0,1025.4
2016-11-09 15:00:00,12.3,65,10.6,45.0,1025.4
2016-11-09 16:00:00,12.1,66,9.8,16.0,1025.4
2016-11-09 17:00:00,11.8,67,8.8,8.0,1025.3
2016-11-09 18:00:00,11.3,71,7.9,0.0,1025.5
2016-11-09 19:00:00,10.9,75,7.6,0.0,1026.0
2016-11-09 20:00:00,10.2,83,6.8,0.0,1025.8
2016-11-09 21:00:00,9.9,86,7.2,0.0,1025.6
2016-11-09 22:00:00,9.7,88,7.2,0.0,1025.4
2016-11-09 23:00:00,9.6,89,6.9,0.0,1025.0
2016-11-10 00:00:00,9.5,89,6.6,0.0,1024.8
2016-11-10 01:00:00,9.5,90,5.7,0.0,1024.5
2016-11-10 02:00:00,9.4,90,4.8,0.0,1023.9
2016-11-10 03:00:00,9.5,91,5.6,0.0,1023.4
2016-11-10 04:00:00,9.5,91,5.1,0.0,1023.2
2016-11-10 05:00:00,9.5,89,4.3,0.0,1022.9
2016-11-10 06:00:00,9.5,89,4.0,0.0,1023.5
2016-11-10 07:00:00,9.6,90,5.4,6.0,1023.6
2016-11-10 08:00:00,10.1,87,6.9,49.0,1024.2
2016-11-10 09:00:00,10.6,82,6.8,92.0,1024.4
2016-11-10 10:00:00,11.4,77,8.3,194.0,1024.3
2016-11-10 11:00:00,12.2,72,10.4,277.0,1023.9
2016-11-10 12:00:00,13.2,67,11.9,329.0,1022.6
2016-11-10 13:00:00,13.9,63,14.1,317.0,1021.6
2016-11-10 14:00:00,14.3,60,14.1,234.0,1021.0
2016-11-10 15:00:00,14.3,58,12.6,200.0,1020.7
2016-11-10 16:00:00,14.2,59,8.7,154.0,1020.4
2016-11-10 17:00:00,13.1,64,8.2,56.0,1020.2
2016-11-10 18:00:00,11.6,71,8.8,0.0,1019.6
2016-11-10 19:00:00,9.9,79,8.1,0.0,1019.8
2016-11-10 20:00:00,8.7,84,7.7,0.0,1020.0
2016-11-10 21:00:00,7.8,87,7.7,0.0,1020.4
2016-11-10 22:00:00,7.2,88,7.9,0.0,1020.4
2016-11-10 23:00:00,6.7,89,7.6,0.0,1020.9
2016-11-11 00:00:00,6.2,90,7.4,0.0,1020.6
2016-11-11 01:00:00,5.9,91,8.7,0.0,1020.7
2016-11-11 02:00:00,5.7,91,9.0,0.0,1020.7
2016-11-11 03:00:00,5.8,91,8.6,0.0,1020.7
2016-11-11 04:00:00,5.0,94,7.3,0.0,1020.7
2016-11-11 05:00:00,4.5,95,6.3,0.0,1020.8
2016-11-11 06:00:00,4.2,96,6.8,0.0,1021.1
2016-11-11 07:00:00,4.5,96,8.9,17.0,1021.6
2016-11-11 08:00:00,8.3,89,9.2,156.0,1021.8
2016-11-11 09:00:00,11.3,77,8.9,343.0,1022.0
2016-11-11 10:00:00,13.5,70,9.0,507.0,1021.7
2016-11-11 11:00:00,15.4,62,9.2,620.0,1020.7
2016-11-11 12:00:00,16.8,56,9.8,668.0,1019.6
2016-11-11 13:00:00,17.8,52,9.7,648.0,1018.5
2016-11-11 14:00:00,18.3,50,9.9,561.0,1017.7
2016-11-11 15:00:00,18.7,50,8.6,416.0,1017.4
2016-11-11 16:00:00,18.1,57,5.4,235.0,1017.1
2016-11-11 17:00:00,16.3,62,9.6,62.0,1017.2
2016-11-11 18:00:00,14.2,71,9.5,0.0,1017.7
2016-11-11 19:00:00,12.4,79,9.2,0.0,1017.9
2016-11-11 20:00:00,10.9,85,9.4,0.0,1017.9
2016-11-11 21:00:00,10.5,84,10.0,0.0,1017.9
2016-11-11 22:00:00,10.5,82,10.1,0.0,1018.0
2016-11-11 23:00:00,9.8,84,10.1,0.0,1018.3
2016-11-12 00:00:00,8.8,87,8.9,0.0,1017.8
2016-11-12 01:00:00,8.0,89,8.0,0.0,1017.5
2016-11-12 02:00:00,7.7,90,7.9,0.0,1017.2
2016-11-12 03:00:00,8.1,89,7.4,0.0,1017.0
2016-11-12 04:00:00,7.3,93,6.1,0.0,1017.4
2016-11-12 05:00:00,7.5,93,7.8,0.0,1017.3
2016-11-12 06:00:00,8.2,92,8.6,0.0,1017.0
2016-11-12 07:00:00,8.1,92,9.1,10.0,1017.5
2016-11-12 08:00:00,10.7,84,10.9,94.0,1018.4
2016-11-12 09:00:00,13.4,73,11.9,197.0,1018.6
2016-11-12 10:00:00,15.4,68,13.6,272.0,1018.4
2016-11-12 11:00:00,17.0,63,16.1,329.0,1018.2
2016-11-12 12:00:00,17.8,61,16.2,343.0,1017.1
2016-11-12 13:00:00,17.8,62,13.9,247.0,1016.2
2016-11-12 14:00:00,17.7,64,12.8,212.0,1016.0
2016-11-12 15:00:00,19.2,64,8.2,198.0,1016.7
2016-11-12 16:00:00,18.0,69,5.4,41.0,1017.0
2016-11-12 17:00:00,17.0,75,4.8,4.0,1017.4
2016-11-12 18:00:00,16.3,80,5.5,0.0,1017.3
2016-11-12 19:00:00,15.9,82,6.6,0.0,1017.9
2016-11-12 20:00:00,15.6,84,6.7,0.0,1017.9
2016-11-12 21:00:00,15.5,86,6.3,0.0,1017.9
2016-11-12 22:00:00,15.3,87,5.4,0.0,1018.2
2016-11-12 23:00:00,15.1,88,5.9,0.0,1018.0
2016-11-13 00:00:00,15.0,89,6.8,0.0,1017.7
2016-11-13 01:00:00,14.8,91,5.0,0.0,1017.1
2016-11-13 02:00:00,14.5,92,5.5,0.0,1016.9
2016-11-13 03:00:00,15.1,89,2.9,0.0,1016.9
2016-11-13 04:00:00,14.8,91,2.9,0.0,1017.0
2016-11-13 05:00:00,15.0,90,1.8,0.0,1017.1
2016-11-13 06:00:00,14.9,91,2.4,0.0,1017.1
2016-11-13 07:00:00,14.9,91,2.4,2.0,1017.6
2016-11-13 08:00:00,15.0,95,2.8,23.0,1017.7
2016-11-13 09:00:00,15.7,93,3.4,59.0,1017.7
2016-11-13 10:00:00,16.4,89,3.6,80.0,1017.3
2016-11-13 11:00:00,17.2,85,3.7,155.0,1016.9
2016-11-13 12:00:00,17.9,82,3.6,185.0,1016.0
2016-11-13 13:00:00,18.1,82,3.9,144.0,1015.1
2016-11-13 14:00:00,18.4,82,5.4,147.0,1014.3
2016-11-13 15:00:00,19.4,81,6.1,151.0,1014.0
2016-11-13 16:00:00,19.0,85,4.0,91.0,1014.2
2016-11-13 17:00:00,18.4,88,4.4,29.0,1014.4
2016-11-13 18:00:00,17.5,93,5.7,0.0,1014.8
2016-11-13 19:00:00,17.0,95,3.2,0.0,1015.2
2016-11-13 20:00:00,16.4,97,5.1,0.0,1015.3
2016-11-13 21:00:00,16.0,97,4.5,0.0,1015.3
2016-11-13 22:00:00,15.9,98,3.8,0.0,1015.0
2016-11-13 23:00:00,15.6,98,4.7,0.0,1014.9
2016-11-14 00:00:00,15.6,98,4.1,0.0,1014.7
2016-11-14 01:00:00,15.6,98,2.5,0.0,1014.4
2016-11-14 02:00:00,15.5,98,3.3,0.0,1014.2
2016-11-14 03:00:00,15.9,98,2.8,0.0,1014.0
2016-11-14 04:00:00,16.0,97,1.1,0.0,1014.0
2016-11-14 05:00:00,15.9,99,1.5,0.0,1014.0
2016-11-14 06:00:00,16.0,99,2.6,0.0,1014.3
2016-11-14 07:00:00,16.1,99,3.1,1.0,1014.4
2016-11-14 08:00:00,16.5,97,2.2,15.0,1014.8
2016-11-14 09:00:00,16.9,97,2.2,28.0,1015.3
2016-11-14 10:00:00,17.3,95,2.6,56.0,1015.2
2016-11-14 11:00:00,18.0,91,3.1,83.0,1015.2
2016-11-14 12:00:00,18.5,88,4.8,108.0,1014.7
2016-11-14 13:00:00,18.9,86,5.8,109.0,1014.1
2016-11-14 14:00:00,19.3,83,7.0,138.0,1014.1
2016-11-14 15:00:00,19.8,83,7.2,88.0,1014.3
2016-11-14 16:00:00,19.3,85,4.9,34.0,1014.5
2016-11-14 17:00:00,18.7,88,4.7,9.0,1015.3
2016-11-14 18:00:00,18.2,89,5.8,0.0,1016.2
2016-11-14 19:00:00,17.9,89,6.9,0.0,1017.1
2016-11-14 20:00:00,17.6,89,5.9,0.0,1017.4
2016-11-14 21:00:00,17.2,92,5.4,0.0,1017.5
2016-11-14 22:00:00,17.1,92,5.6,0.0,1017.8
2016-11-14 23:00:00,16.9,91,5.0,0.0,1017.9
2016-11-15 00:00:00,16.6,92,5.8,0.0,1018.0
2016-11-15 01:00:00,16.4,91,8.1,0.0,1018.3
2016-11-15 02:00:00,15.9,91,10.7,0.0,1018.9
2016-11-15 03:00:00,15.4,89,13.0,0.0,1019.2
2016-11-15 04:00:00,14.6,91,12.9,0.0,1019.7
2016-11-15 05:00:00,14.1,91,12.7,0.0,1020.2
2016-11-15 06:00:00,13.9,90,11.4,0.0,1020.7
2016-11-15 07:00:00,13.8,90,10.7,2.0,1021.8
2016-11-15 08:00:00,14.1,89,9.7,26.0,1022.3
2016-11-15 09:00:00,14.5,87,8.6,66.0,1022.2
2016-11-15 10:00:00,15.2,80,9.0,145.0,1022.3
2016-11-15 11:00:00,16.3,73,14.8,307.0,1022.2
2016-11-15 12:00:00,16.5,71,15.1,243.0,1021.6
2016-11-15 13:00:00,17.1,68,14.1,306.0,1021.1
2016-11-15 14:00:00,17.3,66,14.0,297.0,1020.7
2016-11-15 15:00:00,17.5,64,13.4,250.0,1020.9
2016-11-15 16:00:00,17.0,66,11.1,117.0,1021.0
2016-11-15 17:00:00,16.2,69,9.8,31.0,1021.1
2016-11-15 18:00:00,15.3,72,9.6,0.0,1021.6
2016-11-15 19:00:00,14.6,73,11.0,0.0,1022.1
2016-11-15 20:00:00,14.1,73,12.2,0.0,1022.3
2016-11-15 21:00:00,13.3,75,12.7,0.0,1022.3
2016-11-15 22:00:00,12.6,77,12.0,0.0,1022.4
2016-11-15 23:00:00,12.0,80,10.2,0.0,1022.4
2016-11-16 00:00:00,11.7,81,7.8,0.0,1022.1
2016-11-16 01:00:00,11.3,83,7.1,0.0,1021.8
2016-11-16 02:00:00,11.2,84,7.1,0.0,1021.7
2016-11-16 03:00:00,11.3,86,7.2,0.0,1021.0
2016-11-16 04:00:00,11.2,87,7.1,0.0,1020.6
2016-11-16 05:00:00,10.8,90,6.4,0.0,1020.1
2016-11-16 06:00:00,10.4,93,4.6,0.0,1019.9
2016-11-16 07:00:00,10.4,94,6.0,9.0,1020.2
2016-11-16 08:00:00,12.8,85,6.8,113.0,1020.0
2016-11-16 09:00:00,14.2,79,9.3,193.0,1020.1
2016-11-16 10:00:00,15.1,75,9.2,214.0,1020.0
2016-11-16 11:00:00,15.5,73,8.6,153.0,1019.4
2016-11-16 12:00:00,15.8,73,6.6,145.0,1018.8
2016-11-16 13:00:00,16.1,72,5.7,126.0,1018.3
2016-11-16 14:00:00,16.3,72,5.8,119.0,1017.4
2016-11-16 15:00:00,16.1,76,4.7,63.0,1017.4
2016-11-16 16:00:00,16.3,75,4.0,105.0,1017.2
2016-11-16 17:00:00,15.8,79,4.1,21.0,1017.6
2016-11-16 18:00:00,15.3,82,3.3,0.0,1017.5
2016-11-16 19:00:00,15.0,84,4.5,0.0,1017.9
2016-11-16 20:00:00,14.8,87,3.2,0.0,1017.8
2016-11-16 21:00:00,14.9,87,2.3,0.0,1017.9
2016-11-16 22:00:00,14.9,89,2.1,0.0,1017.7
2016-11-16 23:00:00,14.8,91,1.6,0.0,1017.8
2016-11-17 00:00:00,14.7,93,1.5,0.0,1017.5
2016-11-17 01:00:00,14.8,94,1.8,0.0,1017.7
2016-11-17 02:00:00,14.8,94,1.5,0.0,1017.5
2016-11-17 03:00:00,14.4,95,1.8,0.0,1017.2
2016-11-17 04:00:00,14.4,96,2.3,0.0,1017.0
2016-11-17 05:00:00,14.6,96,2.1,0.0,1017.0
2016-11-17 06:00:00,14.6,97,2.2,0.0,1016.9
2016-11-17 07:00:00,14.8,96,1.8,2.0,1017.7
2016-11-17 08:00:00,15.1,95,2.2,28.0,1017.9
2016-11-17 09:00:00,15.8,92,3.5,56.0,1018.1
2016-11-17 10:00:00,16.3,89,3.3,58.0,1018.0
2016-11-17 11:00:00,16.8,87,2.2,104.0,1017.7
2016-11-17 12:00:00,17.3,85,1.8,134.0,1017.0
2016-11-17 13:00:00,18.2,80,3.3,230.0,1016.3
2016-11-17 14:00:00,18.7,79,4.8,202.0,1016.0
2016-11-17 15:00:00,19.0,80,4.7,147.0,1016.1
2016-11-17 16:00:00,18.8,82,3.8,83.0,1016.2
2016-11-17 17:00:00,18.1,86,4.5,24.0,1016.1
2016-11-17 18:00:00,17.5,89,4.1,0.0,1016.3
2016-11-17 19:00:00,17.1,91,4.7,0.0,1016.8
2016-11-17 20:00:00,16.7,94,4.5,0.0,1016.8
2016-11-17 21:00:00,16.4,95,4.3,0.0,1016.8
2016-11-17 22:00:00,16.2,97,3.4,0.0,1016.6
2016-11-17 23:00:00,16.1,98,3.4,0.0,1016.6
2016-11-18 00:00:00,16.4,96,1.8,0.0,1016.0
2016-11-18 01:00:00,16.1,97,3.9,0.0,1015.8
2016-11-18 02:00:00,15.5,99,3.1,0.0,1015.3
2016-11-18 03:00:00,15.2,100,3.6,0.0,1014.7
2016-11-18 04:00:00,15.0,100,4.1,0.0,1014.2
2016-11-18 05:00:00,14.9,99,4.7,0.0,1013.9
2016-11-18 06:00:00,14.7,100,5.6,0.0,1013.4
2016-11-18 07:00:00,14.8,99,7.9,6.0,1013.8
2016-11-18 08:00:00,15.6,99,9.2,67.0,1013.7
2016-11-18 09:00:00,17.2,94,10.2,186.0,1013.7
2016-11-18 10:00:00,20.0,86,12.4,350.0,1013.3
2016-11-18 11:00:00,22.4,77,14.6,457.0,1012.5
2016-11-18 12:00:00,24.4,69,16.4,555.0,1011.6
2016-11-18 13:00:00,25.2,67,14.6,461.0,1010.7
2016-11-18 14:00:00,25.4,66,9.5,326.0,1010.3
2016-11-18 15:00:00,25.0,71,4.7,220.0,1010.4
2016-11-18 16:00:00,23.8,78,4.3,121.0,1010.6
2016-11-18 17:00:00,22.2,85,7.4,39.0,1011.0
2016-11-18 18:00:00,20.6,92,6.8,0.0,1011.0
2016-11-18 19:00:00,19.5,96,6.6,0.0,1011.3
2016-11-18 20:00:00,18.6,98,7.1,0.0,1011.4
2016-11-18 21:00:00,17.9,99,4.9,0.0,1011.6
2016-11-18 22:00:00,17.4,99,4.5,0.0,1011.6
2016-11-18 23:00:00,17.4,100,5.0,0.0,1011.8
2016-11-19 00:00:00,17.4,99,2.2,0.0,1011.4
2016-11-19 01:00:00,16.6,100,2.4,0.0,1011.4
2016-11-19 02:00:00,16.2,100,3.9,0.0,1011.6
2016-11-19 03:00:00,16.4,100,3.9,0.0,1011.1
2016-11-19 04:00:00,16.3,100,3.7,0.0,1011.9
2016-11-19 05:00:00,16.0,100,3.3,0.0,1012.0
2016-11-19 06:00:00,15.9,100,3.3,0.0,1013.0
2016-11-19 07:00:00,15.9,100,4.6,6.0,1013.4
2016-11-19 08:00:00,17.1,99,3.3,74.0,1013.6
2016-11-19 09:00:00,18.0,96,5.4,180.0,1014.1
2016-11-19 10:00:00,19.4,91,4.5,268.0,1013.9
2016-11-19 11:00:00,20.7,87,3.2,335.0,1013.9
2016-11-19 12:00:00,21.9,84,1.6,377.0,1012.8
2016-11-19 13:00:00,22.8,80,2.9,350.0,1012.1
2016-11-19 14:00:00,23.2,78,5.3,274.0,1011.8
2016-11-19 15:00:00,23.5,79,5.6,241.0,1011.9
2016-11-19 16:00:00,22.8,83,6.4,113.0,1012.2
2016-11-19 17:00:00,21.7,88,6.8,30.0,1012.8
2016-11-19 18:00:00,20.6,92,7.0,0.0,1013.9
2016-11-19 19:00:00,19.9,94,5.9,0.0,1014.5
2016-11-19 20:00:00,19.3,96,5.9,0.0,1014.8
2016-11-19 21:00:00,19.1,97,5.9,0.0,1015.1
2016-11-19 22:00:00,18.9,98,5.9,0.0,1015.1
2016-11-19 23:00:00,18.7,98,4.8,0.0,1015.1
2016-11-20 00:00:00,18.6,98,5.7,0.0,1015.3
2016-11-20 01:00:00,18.4,98,6.4,0.0,1015.2
2016-11-20 02:00:00,18.3,98,7.4,0.0,1015.4
2016-11-20 03:00:00,18.0,98,7.8,0.0,1015.4
2016-11-20 04:00:00,17.9,99,7.7,0.0,1015.3
2016-11-20 05:00:00,17.8,99,8.0,0.0,1015.4
2016-11-20 06:00:00,17.8,99,10.1,0.0,1015.9
2016-11-20 07:00:00,17.7,99,11.5,1.0,1016.8
2016-11-20 08:00:00,17.6,99,12.0,10.0,1017.5
2016-11-20 09:00:00,17.7,99,12.0,40.0,1018.0
2016-11-20 10:00:00,17.7,99,14.3,44.0,1017.5
2016-11-20 11:00:00,17.9,97,17.5,59.0,1017.1
2016-11-20 12:00:00,18.4,92,15.7,97.0,1016.1
2016-11-20 13:00:00,18.8,90,14.8,73.0,1015.3
2016-11-20 14:00:00,18.8,90,14.8,67.0,1014.6
2016-11-20 15:00:00,19.7,86,12.2,72.0,1014.2
2016-11-20 16:00:00,19.4,87,11.4,38.0,1014.1
2016-11-20 17:00:00,19.0,88,12.0,10.0,1014.2
2016-11-20 18:00:00,18.5,90,11.3,0.0,1014.4
2016-11-20 19:00:00,18.2,92,12.4,0.0,1014.7
2016-11-20 20:00:00,18.0,93,13.5,0.0,1014.8
2016-11-20 21:00:00,17.7,94,12.4,0.0,1014.5
2016-11-20 22:00:00,17.6,94,12.0,0.0,1014.3
2016-11-20 23:00:00,17.5,94,11.2,0.0,1014.4
2016-11-21 00:00:00,17.4,95,9.8,0.0,1014.1
2016-11-21 01:00:00,17.3,95,9.6,0.0,1013.5
2016-11-21 02:00:00,17.2,95,9.2,0.0,1013.2
2016-11-21 03:00:00,17.5,96,7.4,0.0,1012.9
2016-11-21 04:00:00,17.5,97,5.2,0.0,1012.8
2016-11-21 05:00:00,17.4,98,3.8,0.0,1012.5
2016-11-21 06:00:00,17.5,98,2.9,0.0,1012.5
2016-11-21 07:00:00,17.5,97,1.5,4.0,1012.4
2016-11-21 08:00:00,18.1,94,3.4,50.0,1013.2
2016-11-21 09:00:00,18.9,90,6.8,108.0,1013.4
2016-11-21 10:00:00,19.5,89,7.8,172.0,1013.8
2016-11-21 11:00:00,19.9,88,7.4,202.0,1013.4
2016-11-21 12:00:00,21.0,80,6.4,250.0,1012.9
2016-11-21 13:00:00,21.2,80,6.6,170.0,1012.0
2016-11-21 14:00:00,21.0,81,7.2,146.0,1011.7
2016-11-21 15:00:00,20.5,85,8.0,95.0,1011.8
2016-11-21 16:00:00,20.0,87,8.3,70.0,1012.2
2016-11-21 17:00:00,19.1,91,7.6,20.0,1013.0
2016-11-21 18:00:00,18.5,94,10.3,0.0,1014.4
2016-11-21 19:00:00,18.1,95,10.8,0.0,1015.2
2016-11-21 20:00:00,17.8,96,12.6,0.0,1015.7
2016-11-21 21:00:00,17.4,97,14.1,0.0,1016.0
2016-11-21 22:00:00,17.2,97,14.8,0.0,1016.6
2016-11-21 23:00:00,16.8,97,15.1,0.0,1017.3
2016-11-22 00:00:00,16.4,97,14.8,0.0,1017.3
2016-11-22 01:00:00,16.0,97,13.4,0.0,1017.3
2016-11-22 02:00:00,15.7,97,12.0,0.0,1017.6
2016-11-22 03:00:00,15.3,96,11.6,0.0,1017.8
2016-11-22 04:00:00,15.1,96,12.6,0.0,1018.2
2016-11-22 05:00:00,15.0,95,13.3,0.0,1018.7
2016-11-22 06:00:00,14.7,93,15.6,0.0,1019.7
2016-11-22 07:00:00,14.2,92,17.5,1.0,1020.3
2016-11-22 08:00:00,13.8,88,19.2,17.0,1021.6
2016-11-22 09:00:00,13.6,85,19.3,39.0,1022.6
2016-11-22 10:00:00,13.3,84,20.3,39.0,1023.5
2016-11-22 11:00:00,12.9,81,21.5,32.0,1023.5
2016-11-22 12:00:00,12.6,79,21.8,53.0,1023.1
2016-11-22 13:00:00,12.2,76,20.9,57.0,1023.0
2016-11-22 14:00:00,11.7,76,19.6,54.0,1023.1
2016-11-22 15:00:00,10.6,75,20.2,31.0,1023.7
2016-11-22 16:00:00,10.1,76,20.9,15.0,1024.2
2016-11-22 17:00:00,9.6,76,21.0,3.0,1025.2
2016-11-22 18:00:00,9.3,77,18.4,0.0,1027.1
2016-11-22 19:00:00,9.0,77,18.8,0.0,1027.8
2016-11-22 20:00:00,8.7,77,18.4,0.0,1027.9
2016-11-22 21:00:00,8.5,78,18.8,0.0,1028.0
2016-11-22 22:00:00,8.3,78,19.8,0.0,1028.1
2016-11-22 23:00:00,8.1,77,20.2,0.0,1028.5
2016-11-23 00:00:00,7.9,77,20.9,0.0,1028.4
2016-11-23 01:00:00,7.6,77,21.3,0.0,1028.4
2016-11-23 02:00:00,7.3,79,21.3,0.0,1028.5
2016-11-23 03:00:00,5.9,80,20.6,0.0,1027.9
2016-11-23 04:00:00,5.7,81,20.2,0.0,1027.9
2016-11-23 05:00:00,5.5,82,20.5,0.0,1027.8
2016-11-23 06:00:00,5.3,82,20.5,0.0,1028.4
2016-11-23 07:00:00,5.1,83,20.2,1.0,1029.1
2016-11-23 08:00:00,5.1,84,19.5,11.0,1030.0
2016-11-23 09:00:00,4.8,89,19.1,16.0,1030.2
2016-11-23 10:00:00,5.0,85,19.1,43.0,1030.0
2016-11-23 11:00:00,4.8,90,19.2,43.0,1030.0
2016-11-23 12:00:00,4.3,92,18.6,33.0,1028.5
2016-11-23 13:00:00,4.1,94,19.4,47.0,1028.3
2016-11-23 14:00:00,4.0,94,20.2,41.0,1028.0
2016-11-23 15:00:00,3.6,92,19.4,28.0,1028.2
2016-11-23 16:00:00,3.8,90,20.2,24.0,1028.7
2016-11-23 17:00:00,3.8,90,18.7,5.0,1029.1
2016-11-23 18:00:00,3.8,90,16.1,0.0,1030.6
2016-11-23 19:00:00,3.7,90,16.7,0.0,1030.6
2016-11-23 20:00:00,3.5,91,16.8,0.0,1031.4
2016-11-23 21:00:00,3.4,91,16.6,0.0,1031.4
2016-11-23 22:00:00,3.3,90,17.0,0.0,1031.5
2016-11-23 23:00:00,3.3,87,16.8,0.0,1031.8
2016-11-24 00:00:00,3.2,86,16.8,0.0,1031.3
2016-11-24 01:00:00,3.1,84,16.9,0.0,1031.2
2016-11-24 02:00:00,2.8,85,18.3,0.0,1031.0
2016-11-24 03:00:00,2.4,79,18.7,0.0,1030.9
2016-11-24 04:00:00,2.0,78,16.3,0.0,1030.5
2016-11-24 05:00:00,1.7,78,15.0,0.0,1030.4
2016-11-24 06:00:00,1.4,77,14.0,0.0,1031.0
2016-11-24 07:00:00,1.2,77,13.2,4.0,1031.5
2016-11-24 08:00:00,1.5,73,13.2,94.0,1031.6
2016-11-24 09:00:00,2.7,68,12.6,264.0,1031.7
2016-11-24 10:00:00,3.8,65,11.0,427.0,1031.5
2016-11-24 11:00:00,5.1,62,10.2,552.0,1030.3
2016-11-24 12:00:00,6.3,60,10.8,582.0,1028.9
2016-11-24 13:00:00,7.0,58,10.8,589.0,1027.8
2016-11-24 14:00:00,7.4,58,10.0,496.0,1027.1
2016-11-24 15:00:00,6.9,58,9.0,323.0,1026.4
2016-11-24 16:00:00,6.6,57,8.7,178.0,1026.5
2016-11-24 17:00:00,5.9,61,7.4,40.0,1026.9
2016-11-24 18:00:00,5.4,65,5.4,0.0,1027.5
2016-11-24 19:00:00,5.4,64,6.5,0.0,1027.2
2016-11-24 20:00:00,5.2,64,4.4,0.0,1027.1
2016-11-24 21:00:00,5.1,64,5.5,0.0,1027.1
2016-11-24 22:00:00,4.8,68,6.9,0.0,1027.4
2016-11-24 23:00:00,4.7,69,7.8,0.0,1027.6
2016-11-25 00:00:00,4.9,66,6.6,0.0,1027.0
2016-11-25 01:00:00,4.9,67,3.8,0.0,1026.2
2016-11-25 02:00:00,5.0,69,3.3,0.0,1026.0
2016-11-25 03:00:00,4.7,70,4.6,0.0,1026.0
2016-11-25 04:00:00,4.8,72,4.3,0.0,1025.6
2016-11-25 05:00:00,4.8,73,5.4,0.0,1025.2
2016-11-25 06:00:00,4.9,74,5.8,0.0,1025.8
2016-11-25 07:00:00,4.8,76,5.0,3.0,1026.0
2016-11-25 08:00:00,5.3,74,4.0,33.0,1026.1
2016-11-25 09:00:00,5.5,74,4.0,28.0,1026.2
2016-11-25 10:00:00,5.8,76,4.4,56.0,1026.9
2016-11-25 11:00:00,6.1,77,4.3,76.0,1026.0
2016-11-25 12:00:00,6.8,76,4.4,138.0,1024.9
2016-11-25 13:00:00,6.9,77,4.5,65.0,1024.4
2016-11-25 14:00:00,7.0,79,4.1,55.0,1023.5
2016-11-25 15:00:00,7.1,76,2.5,72.0,1023.2
2016-11-25 16:00:00,7.1,77,1.1,32.0,1023.3
2016-11-25 17:00:00,7.1,80,1.5,9.0,1023.7
2016-11-25 18:00:00,6.9,86,3.3,0.0,1023.9
2016-11-25 19:00:00,6.9,88,3.3,0.0,1023.8
2016-11-25 20:00:00,6.9,90,3.3,0.0,1023.5
2016-11-25 21:00:00,7.0,91,5.4,0.0,1023.6
2016-11-25 22:00:00,7.0,92,4.7,0.0,1023.5
2016-11-25 23:00:00,7.1,93,3.3,0.0,1023.0
2016-11-26 00:00:00,7.2,94,4.1,0.0,1021.8
2016-11-26 01:00:00,7.3,94,5.4,0.0,1021.3
2016-11-26 02:00:00,7.5,94,6.7,0.0,1020.8
2016-11-26 03:00:00,7.6,95,4.4,0.0,1019.9
2016-11-26 04:00:00,7.8,94,8.5,0.0,1020.7
2016-11-26 05:00:00,8.0,94,6.2,0.0,1020.3
2016-11-26 06:00:00,8.1,93,5.9,0.0,1020.3
2016-11-26 07:00:00,8.1,93,10.0,0.0,1020.8
2016-11-26 08:00:00,7.9,92,16.5,13.0,1022.5
2016-11-26 09:00:00,7.4,92,16.8,19.0,1023.3
2016-11-26 10:00:00,7.0,91,15.3,20.0,1023.8
2016-11-26 11:00:00,6.8,91,12.5,28.0,1023.6
2016-11-26 12:00:00,6.8,89,13.5,57.0,1022.7
2016-11-26 13:00:00,6.6,90,14.0,49.0,1022.0
2016-11-26 14:00:00,6.4,90,14.8,39.0,1021.6
2016-11-26 15:00:00,6.3,87,12.3,36.0,1021.6
2016-11-26 16:00:00,6.4,86,10.3,18.0,1021.6
2016-11-26 17:00:00,6.5,85,10.2,5.0,1022.4
2016-11-26 18:00:00,6.5,83,7.2,0.0,1023.1
2016-11-26 19:00:00,6.3,83,5.7,0.0,1023.1
2016-11-26 20:00:00,5.9,85,4.7,0.0,1023.5
2016-11-26 21:00:00,5.7,87,4.9,0.0,1023.2
2016-11-26 22:00:00,5.6,87,4.3,0.0,1023.1
2016-11-26 23:00:00,5.4,87,4.1,0.0,1023.2
2016-11-27 00:00:00,5.3,87,4.3,0.0,1022.3
2016-11-27 01:00:00,5.3,87,5.6,0.0,1022.2
2016-11-27 02:00:00,5.1,87,6.1,0.0,1022.8
2016-11-27 03:00:00,4.7,86,6.2,0.0,1022.7
2016-11-27 04:00:00,4.2,88,5.2,0.0,1022.6
2016-11-27 05:00:00,3.5,90,5.0,0.0,1023.0
2016-11-27 06:00:00,2.9,92,6.2,0.0,1023.5
2016-11-27 07:00:00,2.4,92,5.4,5.0,1023.4
2016-11-27 08:00:00,4.7,89,5.8,109.0,1024.0
2016-11-27 09:00:00,8.0,72,5.4,289.0,1024.6
2016-11-27 10:00:00,10.0,61,8.4,451.0,1024.5
2016-11-27 11:00:00,11.4,55,11.3,572.0,1024.3
2016-11-27 12:00:00,12.5,51,12.8,620.0,1023.6
2016-11-27 13:00:00,13.2,48,12.9,602.0,1023.0
2016-11-27 14:00:00,13.5,46,13.1,521.0,1022.7
2016-11-27 15:00:00,13.3,46,13.6,383.0,1022.5
2016-11-27 16:00:00,12.4,52,10.1,210.0,1022.8
2016-11-27 17:00:00,10.6,58,7.6,48.0,1023.4
2016-11-27 18:00:00,8.9,65,9.7,0.0,1024.4
2016-11-27 19:00:00,7.5,73,10.5,0.0,1025.4
2016-11-27 20:00:00,6.3,79,10.5,0.0,1025.8
2016-11-27 21:00:00,5.2,84,10.5,0.0,1026.0
2016-11-27 22:00:00,4.5,86,10.6,0.0,1026.8
2016-11-27 23:00:00,3.9,88,10.4,0.0,1027.3
2016-11-28 00:00:00,3.3,89,9.9,0.0,1026.8
2016-11-28 01:00:00,3.0,90,10.3,0.0,1027.5
2016-11-28 02:00:00,2.7,90,10.4,0.0,1027.6
2016-11-28 03:00:00,3.0,89,9.9,0.0,1027.8
2016-11-28 04:00:00,2.8,90,9.7,0.0,1028.5
2016-11-28 05:00:00,2.5,90,10.0,0.0,1028.6
2016-11-28 06:00:00,2.1,91,8.8,0.0,1028.7
2016-11-28 07:00:00,2.1,91,6.7,5.0,1029.6
2016-11-28 08:00:00,4.4,91,7.4,105.0,1030.5
2016-11-28 09:00:00,8.5,73,8.0,265.0,1030.8
2016-11-28 10:00:00,10.2,68,9.7,433.0,1030.7
2016-11-28 11:00:00,11.6,62,11.5,552.0,1030.4
2016-11-28 12:00:00,12.5,57,12.6,605.0,1029.2
2016-11-28 13:00:00,12.8,53,12.6,576.0,1028.3
2016-11-28 14:00:00,12.9,51,12.2,496.0,1027.6
2016-11-28 15:00:00,12.7,50,11.9,369.0,1027.8
2016-11-28 16:00:00,11.9,54,9.0,194.0,1028.1
2016-11-28 17:00:00,10.1,60,7.5,46.0,1028.8
2016-11-28 18:00:00,8.5,67,7.7,0.0,1029.3
2016-11-28 19:00:00,7.3,73,7.8,0.0,1029.4
2016-11-28 20:00:00,6.4,78,7.4,0.0,1029.2
2016-11-28 21:00:00,5.8,83,7.8,0.0,1029.3
2016-11-28 22:00:00,5.4,87,7.4,0.0,1030.1
2016-11-28 23:00:00,4.7,90,8.3,0.0,1030.4
2016-11-29 00:00:00,4.1,92,8.9,0.0,1030.4
2016-11-29 01:00:00,3.7,93,9.0,0.0,1030.1
2016-11-29 02:00:00,3.4,94,8.1,0.0,1029.9
2016-11-29 03:00:00,3.8,93,6.9,0.0,1029.4
2016-11-29 04:00:00,3.5,94,5.8,0.0,1029.4
2016-11-29 05:00:00,3.6,94,5.5,0.0,1029.5
2016-11-29 06:00:00,3.8,94,4.5,0.0,1030.2
2016-11-29 07:00:00,4.6,93,4.9,3.0,1031.2
2016-11-29 08:00:00,6.4,85,4.0,50.0,1031.4
2016-11-29 09:00:00,7.6,80,3.2,102.0,1031.6
2016-11-29 10:00:00,8.9,77,2.7,170.0,1032.1
2016-11-29 11:00:00,9.8,75,3.3,212.0,1031.5
2016-11-29 12:00:00,10.5,74,4.7,222.0,1030.6
2016-11-29 13:00:00,11.2,74,6.1,248.0,1029.5
2016-11-29 14:00:00,11.6,73,8.4,206.0,1029.0
2016-11-29 15:00:00,12.1,71,8.4,122.0,1028.5
2016-11-29 16:00:00,11.9,73,7.3,83.0,1028.2
2016-11-29 17:00:00,11.3,77,5.9,20.0,1028.6
2016-11-29 18:00:00,10.9,80,4.6,0.0,1028.7
2016-11-29 19:00:00,10.5,82,5.5,0.0,1028.9
2016-11-29 20:00:00,10.2,84,7.2,0.0,1028.7
2016-11-29 21:00:00,9.5,89,8.7,0.0,1028.2
2016-11-29 22:00:00,9.3,91,8.8,0.0,1028.0
2016-11-29 23:00:00,9.0,93,6.4,0.0,1027.6
2016-11-30 00:00:00,9.0,93,3.0,0.0,1027.9
2016-11-30 01:00:00,8.4,95,3.8,0.0,1028.0
2016-11-30 02:00:00,7.9,97,5.1,0.0,1027.6
2016-11-30 03:00:00,7.9,96,3.6,0.0,1027.2
2016-11-30 04:00:00,8.2,95,2.6,0.0,1026.6
2016-11-30 05:00:00,8.2,96,1.8,0.0,1026.2
2016-11-30 06:00:00,8.0,97,4.2,0.0,1026.3
2016-11-30 07:00:00,7.9,97,3.7,2.0,1026.5
2016-11-30 08:00:00,9.2,93,5.6,47.0,1027.1
2016-11-30 09:00:00,11.1,87,4.5,150.0,1027.3
2016-11-30 10:00:00,12.6,81,4.9,270.0,1027.3
2016-11-30 11:00:00,13.9,76,6.3,391.0,1027.0
2016-11-30 12:00:00,15.1,68,7.9,520.0,1025.9
2016-11-30 13:00:00,15.7,63,8.5,472.0,1024.9
2016-11-30 14:00:00,15.7,61,10.5,302.0,1024.6
2016-11-30 15:00:00,14.4,65,9.4,122.0,1024.4
2016-11-30 16:00:00,13.8,68,7.6,107.0,1024.9
2016-11-30 17:00:00,12.5,73,6.9,29.0,1025.4
2016-11-30 18:00:00,11.4,77,7.0,0.0,1025.7
2016-11-30 19:00:00,10.6,79,6.5,0.0,1026.1
2016-11-30 20:00:00,9.7,82,6.5,0.0,1026.6
2016-11-30 21:00:00,9.0,86,8.0,0.0,1026.8
2016-11-30 22:00:00,8.5,88,6.9,0.0,1026.8
2016-11-30 23:00:00,8.5,86,5.8,0.0,1026.9
2016-12-01 00:00:00,8.8,84,4.1,0.0,1027.1
2016-12-01 01:00:00,8.0,89,5.1,0.0,1027.2
2016-12-01 02:00:00,7.8,90,6.1,0.0,1027.1
2016-12-01 03:00:00,7.7,90,6.0,0.0,1027.1
2016-12-01 04:00:00,7.8,89,6.0,0.0,1027.2
2016-12-01 05:00:00,8.1,87,5.8,0.0,1027.0
2016-12-01 06:00:00,7.9,87,5.1,0.0,1027.8
2016-12-01 07:00:00,7.7,88,5.4,2.0,1028.1
2016-12-01 08:00:00,9.0,86,4.1,80.0,1028.9
2016-12-01 09:00:00,10.9,72,5.9,211.0,1029.2
2016-12-01 10:00:00,12.1,64,8.4,345.0,1029.9
2016-12-01 11:00:00,13.1,60,9.4,513.0,1029.4
2016-12-01 12:00:00,13.8,57,9.4,595.0,1028.7
2016-12-01 13:00:00,14.2,55,9.0,576.0,1027.8
2016-12-01 14:00:00,14.4,54,10.0,508.0,1027.7
2016-12-01 15:00:00,14.1,54,10.6,363.0,1027.5
2016-12-01 16:00:00,13.4,58,8.0,200.0,1028.0
2016-12-01 17:00:00,11.8,65,7.0,43.0,1028.6
2016-12-01 18:00:00,10.4,71,6.9,0.0,1029.3
2016-12-01 19:00:00,9.3,77,7.2,0.0,1029.6
2016-12-01 20:00:00,8.7,80,6.8,0.0,1030.1
2016-12-01 21:00:00,8.3,83,7.3,0.0,1030.1
2016-12-01 22:00:00,8.0,85,6.8,0.0,1030.2
2016-12-01 23:00:00,7.9,87,6.8,0.0,1030.1
2016-12-02 00:00:00,7.6,88,6.5,0.0,1029.9
2016-12-02 01:00:00,6.9,90,6.6,0.0,1030.3
2016-12-02 02:00:00,6.3,90,7.6,0.0,1030.3
2016-12-02 03:00:00,5.7,91,8.9,0.0,1030.2
2016-12-02 04:00:00,5.2,91,9.6,0.0,1030.3
2016-12-02 05:00:00,4.8,91,8.7,0.0,1030.3
2016-12-02 06:00:00,4.5,91,8.7,0.0,1031.0
2016-12-02 07:00:00,4.7,91,8.0,3.0,1031.0
2016-12-02 08:00:00,6.4,91,6.2,93.0,1031.5
2016-12-02 09:00:00,9.7,74,5.6,246.0,1031.8
2016-12-02 10:00:00,11.5,69,6.9,394.0,1031.7
2016-12-02 11:00:00,12.7,64,9.2,510.0,1031.0
2016-12-02 12:00:00,13.4,58,8.8,485.0,1029.7
2016-12-02 13:00:00,13.6,57,9.2,430.0,1028.5
2016-12-02 14:00:00,13.7,56,9.9,372.0,1028.0
2016-12-02 15:00:00,13.5,55,10.0,300.0,1027.7
2016-12-02 16:00:00,12.9,59,8.0,173.0,1027.9
2016-12-02 17:00:00,11.5,66,7.9,42.0,1027.9
2016-12-02 18:00:00,10.2,72,7.6,0.0,1027.8
2016-12-02 19:00:00,9.0,78,8.3,0.0,1028.0
2016-12-02 20:00:00,8.2,83,8.3,0.0,1028.0
2016-12-02 21:00:00,7.6,86,8.3,0.0,1027.6
2016-12-02 22:00:00,6.7,89,7.6,0.0,1027.4
2016-12-02 23:00:00,6.1,90,8.0,0.0,1027.3
2016-12-03 00:00:00,6.5,88,9.4,0.0,1026.8
2016-12-03 01:00:00,7.2,86,9.0,0.0,1026.4
2016-12-03 02:00:00,7.5,86,7.9,0.0,1026.2
2016-12-03 03:00:00,7.9,84,6.8,0.0,1026.0
2016-12-03 04:00:00,7.7,85,5.4,0.0,1025.7
2016-12-03 05:00:00,7.5,87,4.1,0.0,1025.7
2016-12-03 06:00:00,7.3,88,2.1,0.0,1025.6
2016-12-03 07:00:00,7.1,89,2.6,3.0,1025.8
2016-12-03 08:00:00,7.7,89,2.5,93.0,1026.3
2016-12-03 09:00:00,10.1,81,2.4,255.0,1026.4
2016-12-03 10:00:00,12.3,73,4.5,411.0,1026.1
2016-12-03 11:00:00,13.8,67,7.2,508.0,1025.2
2016-12-03 12:00:00,14.8,63,7.3,566.0,1023.5
2016-12-03 13:00:00,15.5,61,5.8,555.0,1022.4
2016-12-03 14:00:00,15.9,60,4.3,472.0,1021.6
2016-12-03 15:00:00,16.0,60,3.6,274.0,1021.5
2016-12-03 16:00:00,15.5,64,2.9,109.0,1021.0
2016-12-03 17:00:00,14.8,68,4.0,14.0,1021.1
2016-12-03 18:00:00,13.7,78,5.3,0.0,1020.9
2016-12-03 19:00:00,12.7,83,5.5,0.0,1021.3
2016-12-03 20:00:00,12.1,84,5.2,0.0,1021.0
2016-12-03 21:00:00,11.6,87,5.2,0.0,1020.5
2016-12-03 22:00:00,11.4,87,3.4,0.0,1020.4
2016-12-03 23:00:00,11.6,85,3.7,0.0,1020.1
2016-12-04 00:00:00,11.2,87,4.5,0.0,1019.5
2016-12-04 01:00:00,9.9,93,5.9,0.0,1019.4
2016-12-04 02:00:00,9.4,95,6.3,0.0,1018.9
2016-12-04 03:00:00,9.1,95,5.4,0.0,1018.8
2016-12-04 04:00:00,9.3,95,5.6,0.0,1018.8
2016-12-04 05:00:00,8.9,95,5.4,0.0,1018.9
2016-12-04 06:00:00,9.2,95,4.0,0.0,1019.5
2016-12-04 07:00:00,9.8,96,3.6,1.0,1019.4
2016-12-04 08:00:00,10.2,96,3.8,4.0,1020.3
2016-12-04 09:00:00,11.3,92,3.7,41.0,1020.7
2016-12-04 10:00:00,12.4,88,4.8,113.0,1020.6
2016-12-04 11:00:00,14.9,76,5.0,458.0,1019.6
2016-12-04 12:00:00,16.3,68,5.8,542.0,1018.8
2016-12-04 13:00:00,17.1,62,7.9,521.0,1017.8
2016-12-04 14:00:00,17.7,57,9.8,461.0,1017.1
2016-12-04 15:00:00,18.3,54,7.4,302.0,1016.8
2016-12-04 16:00:00,17.9,58,4.1,173.0,1017.0
2016-12-04 17:00:00,17.0,60,2.0,42.0,1017.5
2016-12-04 18:00:00,15.0,69,4.4,0.0,1017.9
2016-12-04 19:00:00,13.6,74,5.1,0.0,1018.3
2016-12-04 20:00:00,13.1,75,5.2,0.0,1018.1
2016-12-04 21:00:00,12.4,78,4.6,0.0,1018.1
2016-12-04 22:00:00,11.7,81,5.8,0.0,1018.4
2016-12-04 23:00:00,10.5,86,7.1,0.0,1018.6
2016-12-05 00:00:00,10.2,87,6.4,0.0,1018.5
2016-12-05 01:00:00,9.5,89,5.6,0.0,1018.4
2016-12-05 02:00:00,8.7,91,6.3,0.0,1018.5
2016-12-05 03:00:00,7.6,94,6.8,0.0,1018.4
2016-12-05 04:00:00,7.1,95,7.0,0.0,1018.0
2016-12-05 05:00:00,6.5,96,4.8,0.0,1017.8
2016-12-05 06:00:00,6.1,97,5.6,0.0,1018.2
2016-12-05 07:00:00,6.0,97,4.6,2.0,1018.9
2016-12-05 08:00:00,7.8,96,5.9,80.0,1019.6
2016-12-05 09:00:00,11.4,87,3.7,225.0,1019.6
2016-12-05 10:00:00,14.2,78,3.4,368.0,1019.5
2016-12-05 11:00:00,16.0,70,3.5,458.0,1019.1
2016-12-05 12:00:00,17.5,62,3.8,549.0,1018.4
2016-12-05 13:00:00,18.2,57,5.1,533.0,1018.1
2016-12-05 14:00:00,18.6,54,5.8,464.0,1018.1
2016-12-05 15:00:00,19.1,52,5.3,336.0,1018.4
2016-12-05 16:00:00,18.5,58,5.5,175.0,1019.0
2016-12-05 17:00:00,16.7,72,5.4,39.0,1019.9
2016-12-05 18:00:00,13.9,78,7.2,0.0,1021.4
2016-12-05 19:00:00,12.3,81,9.2,0.0,1022.5
2016-12-05 20:00:00,12.2,76,10.7,0.0,1023.8
2016-12-05 21:00:00,12.6,74,19.4,0.0,1024.7
2016-12-05 22:00:00,12.7,75,21.1,0.0,1026.1
2016-12-05 23:00:00,12.1,78,21.8,0.0,1027.5
2016-12-06 00:00:00,11.3,78,21.5,0.0,1028.2
2016-12-06 01:00:00,10.5,76,20.6,0.0,1028.8
2016-12-06 02:00:00,9.8,75,18.8,0.0,1029.2
2016-12-06 03:00:00,9.7,75,17.3,0.0,1029.5
2016-12-06 04:00:00,9.2,73,15.8,0.0,1029.2
2016-12-06 05:00:00,8.8,74,15.5,0.0,1029.2
2016-12-06 06:00:00,8.3,75,11.9,0.0,1029.3
2016-12-06 07:00:00,8.1,74,11.5,1.0,1029.9
2016-12-06 08:00:00,8.0,73,11.5,45.0,1030.0
2016-12-06 09:00:00,8.1,71,10.1,92.0,1030.5
2016-12-06 10:00:00,8.4,68,8.3,186.0,1030.5
2016-12-06 11:00:00,8.7,66,6.1,221.0,1029.7
2016-12-06 12:00:00,8.9,65,4.7,239.0,1028.4
2016-12-06 13:00:00,9.1,64,3.6,263.0,1026.6
2016-12-06 14:00:00,9.5,62,2.6,305.0,1025.8
2016-12-06 15:00:00,10.4,60,2.7,276.0,1025.4
2016-12-06 16:00:00,10.2,59,2.9,173.0,1025.1
2016-12-06 17:00:00,9.6,63,4.3,39.0,1025.0
2016-12-06 18:00:00,8.4,73,6.2,0.0,1024.6
2016-12-06 19:00:00,6.9,81,8.9,0.0,1024.7
2016-12-06 20:00:00,5.9,85,9.4,0.0,1024.8
2016-12-06 21:00:00,5.4,86,9.5,0.0,1024.1
2016-12-06 22:00:00,5.1,88,9.1,0.0,1024.2
2016-12-06 23:00:00,4.9,88,9.2,0.0,1023.8
2016-12-07 00:00:00,5.1,88,8.6,0.0,1023.1
2016-12-07 01:00:00,5.9,87,6.9,0.0,1023.0
2016-12-07 02:00:00,5.8,89,5.6,0.0,1023.0
2016-12-07 03:00:00,5.6,91,5.5,0.0,1022.8
2016-12-07 04:00:00,5.0,93,6.3,0.0,1022.7
2016-12-07 05:00:00,3.9,96,7.1,0.0,1022.8
2016-12-07 06:00:00,3.4,97,8.2,0.0,1022.9
2016-12-07 07:00:00,2.8,97,6.7,2.0,1023.3
2016-12-07 08:00:00,4.7,94,7.5,92.0,1023.4
2016-12-07 09:00:00,8.6,79,4.9,265.0,1023.4
2016-12-07 10:00:00,11.1,67,4.8,425.0,1023.2
2016-12-07 11:00:00,12.8,59,4.7,542.0,1022.8
2016-12-07 12:00:00,14.0,53,4.0,597.0,1021.7
2016-12-07 13:00:00,14.8,50,3.3,585.0,1020.5
2016-12-07 14:00:00,15.2,48,2.8,508.0,1020.0
2016-12-07 15:00:00,15.3,48,3.7,370.0,1020.2
2016-12-07 16:00:00,14.7,54,3.8,192.0,1020.5
2016-12-07 17:00:00,13.1,61,9.6,44.0,1020.9
2016-12-07 18:00:00,11.1,69,10.0,0.0,1021.2
2016-12-07 19:00:00,9.5,77,10.6,0.0,1021.8
2016-12-07 20:00:00,8.0,85,9.3,0.0,1022.2
2016-12-07 21:00:00,8.7,79,5.9,0.0,1022.2
2016-12-07 22:00:00,8.8,79,3.2,0.0,1022.3
2016-12-07 23:00:00,8.4,82,1.4,0.0,1022.2
2016-12-08 00:00:00,7.8,85,1.8,0.0,1021.7
2016-12-08 01:00:00,7.3,87,2.9,0.0,1021.3
2016-12-08 02:00:00,6.5,90,3.9,0.0,1020.7
2016-12-08 03:00:00,6.1,90,4.8,0.0,1020.5
2016-12-08 04:00:00,5.6,92,5.9,0.0,1019.7
2016-12-08 05:00:00,4.2,95,7.6,0.0,1019.1
2016-12-08 06:00:00,3.7,95,7.1,0.0,1018.6
2016-12-08 07:00:00,4.3,93,8.5,2.0,1019.1
2016-12-08 08:00:00,6.5,88,6.0,89.0,1019.6
2016-12-08 09:00:00,9.7,79,5.1,258.0,1019.4
2016-12-08 10:00:00,12.3,66,6.1,419.0,1019.3
2016-12-08 11:00:00,14.0,57,7.1,535.0,1018.2
2016-12-08 12:00:00,15.2,52,7.9,591.0,1016.4
2016-12-08 13:00:00,16.1,50,8.6,581.0,1015.1
2016-12-08 14:00:00,16.6,48,9.0,506.0,1014.2
2016-12-08 15:00:00,17.1,48,6.6,375.0,1014.3
2016-12-08 16:00:00,16.6,54,4.1,206.0,1014.8
2016-12-08 17:00:00,14.7,67,4.8,47.0,1015.1
2016-12-08 18:00:00,11.6,74,7.9,0.0,1015.4
2016-12-08 19:00:00,9.8,80,9.4,0.0,1015.8
2016-12-08 20:00:00,8.6,84,9.2,0.0,1016.2
2016-12-08 21:00:00,7.5,87,8.0,0.0,1016.5
2016-12-08 22:00:00,6.9,88,7.9,0.0,1016.6
2016-12-08 23:00:00,7.0,86,9.2,0.0,1017.0
2016-12-09 00:00:00,6.0,90,7.4,0.0,1016.9
2016-12-09 01:00:00,5.4,92,8.2,0.0,1016.9
2016-12-09 02:00:00,5.1,93,8.2,0.0,1017.3
2016-12-09 03:00:00,5.0,92,8.3,0.0,1017.6
2016-12-09 04:00:00,5.2,91,6.8,0.0,1018.1
2016-12-09 05:00:00,5.3,91,6.5,0.0,1018.5
2016-12-09 06:00:00,4.9,92,9.2,0.0,1019.2
2016-12-09 07:00:00,4.2,94,8.0,2.0,1019.9
2016-12-09 08:00:00,6.2,93,10.1,85.0,1020.7
2016-12-09 09:00:00,10.0,83,10.8,251.0,1021.5
2016-12-09 10:00:00,11.5,79,10.2,407.0,1021.5
2016-12-09 11:00:00,12.9,74,9.7,520.0,1021.3
2016-12-09 12:00:00,13.9,70,10.9,554.0,1020.3
2016-12-09 13:00:00,14.6,67,12.0,549.0,1019.3
2016-12-09 14:00:00,15.0,63,12.7,476.0,1019.2
2016-12-09 15:00:00,14.8,62,12.9,359.0,1019.0
2016-12-09 16:00:00,14.1,66,10.0,186.0,1019.6
2016-12-09 17:00:00,12.7,72,9.6,40.0,1020.2
2016-12-09 18:00:00,11.4,78,9.8,0.0,1021.3
2016-12-09 19:00:00,11.1,78,12.3,0.0,1021.9
2016-12-09 20:00:00,10.5,78,14.5,0.0,1022.5
2016-12-09 21:00:00,9.8,79,14.2,0.0,1022.5
2016-12-09 22:00:00,9.0,82,12.1,0.0,1022.9
2016-12-09 23:00:00,8.1,86,10.6,0.0,1023.3
2016-12-10 00:00:00,7.2,90,8.7,0.0,1023.2
2016-12-10 01:00:00,6.8,92,8.2,0.0,1022.9
2016-12-10 02:00:00,6.6,92,7.9,0.0,1023.1
2016-12-10 03:00:00,6.9,92,8.7,0.0,1023.0
2016-12-10 04:00:00,7.3,90,8.3,0.0,1023.3
2016-12-10 05:00:00,7.5,88,8.8,0.0,1023.4
2016-12-10 06:00:00,7.6,87,5.8,0.0,1024.1
2016-12-10 07:00:00,7.7,87,6.0,1.0,1024.3
2016-12-10 08:00:00,8.3,84,7.7,45.0,1024.6
2016-12-10 09:00:00,9.4,78,9.7,118.0,1024.7
2016-12-10 10:00:00,10.2,75,11.0,170.0,1024.4
2016-12-10 11:00:00,11.2,71,12.6,231.0,1024.0
2016-12-10 12:00:00,12.2,66,11.5,353.0,1023.0
2016-12-10 13:00:00,12.2,65,11.5,208.0,1022.1
2016-12-10 14:00:00,12.3,64,12.4,215.0,1021.8
2016-12-10 15:00:00,12.4,65,14.0,117.0,1021.6
2016-12-10 16:00:00,12.0,67,14.8,69.0,1022.1
2016-12-10 17:00:00,11.3,68,14.8,21.0,1022.8
2016-12-10 18:00:00,10.7,70,12.3,0.0,1023.5
2016-12-10 19:00:00,10.3,71,12.1,0.0,1023.5
2016-12-10 20:00:00,9.8,73,11.6,0.0,1023.6
2016-12-10 21:00:00,9.3,76,11.2,0.0,1024.0
2016-12-10 22:00:00,9.0,77,10.9,0.0,1024.0
2016-12-10 23:00:00,8.8,78,11.0,0.0,1024.3
2016-12-11 00:00:00,8.5,80,10.6,0.0,1023.7
2016-12-11 01:00:00,8.1,81,10.7,0.0,1024.0
2016-12-11 02:00:00,8.0,82,10.5,0.0,1023.9
2016-12-11 03:00:00,8.0,85,9.2,0.0,1023.7
2016-12-11 04:00:00,7.7,87,8.2,0.0,1023.7
2016-12-11 05:00:00,7.4,89,7.5,0.0,1023.9
2016-12-11 06:00:00,7.8,87,5.9,0.0,1024.0
2016-12-11 07:00:00,7.8,87,7.0,1.0,1024.9
2016-12-11 08:00:00,9.0,84,9.5,59.0,1024.5
2016-12-11 09:00:00,10.7,76,11.0,177.0,1024.6
2016-12-11 10:00:00,12.3,68,14.8,318.0,1024.0
2016-12-11 11:00:00,13.4,60,17.2,370.0,1023.4
2016-12-11 12:00:00,13.8,57,15.6,346.0,1022.1
2016-12-11 13:00:00,13.8,58,14.2,237.0,1021.2
2016-12-11 14:00:00,13.8,60,14.3,201.0,1020.4
2016-12-11 15:00:00,14.1,59,14.2,210.0,1019.5
2016-12-11 16:00:00,13.5,64,13.2,119.0,1019.6
2016-12-11 17:00:00,12.5,68,14.2,23.0,1019.7
2016-12-11 18:00:00,11.8,72,13.3,0.0,1019.1
2016-12-11 19:00:00,11.4,74,14.4,0.0,1019.4
2016-12-11 20:00:00,11.0,77,14.8,0.0,1019.4
2016-12-11 21:00:00,10.7,78,12.9,0.0,1019.2
2016-12-11 22:00:00,10.4,81,11.3,0.0,1019.6
2016-12-11 23:00:00,10.3,82,9.2,0.0,1019.5
2016-12-12 00:00:00,9.8,86,6.9,0.0,1018.7
2016-12-12 01:00:00,9.6,88,6.4,0.0,1018.7
2016-12-12 02:00:00,9.9,85,7.1,0.0,1018.7
2016-12-12 03:00:00,9.2,88,6.7,0.0,1018.5
2016-12-12 04:00:00,9.3,88,6.1,0.0,1018.3
2016-12-12 05:00:00,9.2,89,5.2,0.0,1017.9
2016-12-12 06:00:00,9.7,87,3.8,0.0,1017.9
2016-12-12 07:00:00,10.3,84,4.4,0.0,1018.1
2016-12-12 08:00:00,10.7,90,5.1,35.0,1018.1
2016-12-12 09:00:00,12.4,79,4.0,103.0,1018.5
2016-12-12 10:00:00,12.9,78,4.0,96.0,1018.2
2016-12-12 11:00:00,13.8,75,3.5,176.0,1017.4
2016-12-12 12:00:00,14.7,73,2.3,237.0,1016.3
2016-12-12 13:00:00,14.9,74,1.8,181.0,1015.5
2016-12-12 14:00:00,15.4,74,3.6,226.0,1015.2
2016-12-12 15:00:00,18.5,65,6.1,322.0,1015.2
2016-12-12 16:00:00,17.8,71,6.9,184.0,1015.4
2016-12-12 17:00:00,15.7,79,6.7,43.0,1015.8
2016-12-12 18:00:00,13.8,87,6.4,0.0,1016.1
2016-12-12 19:00:00,12.2,93,8.4,0.0,1016.4
2016-12-12 20:00:00,11.3,95,5.6,0.0,1016.7
2016-12-12 21:00:00,10.5,96,4.3,0.0,1017.3
2016-12-12 22:00:00,9.5,98,4.9,0.0,1017.1
2016-12-12 23:00:00,9.7,98,4.9,0.0,1016.8
2016-12-13 00:00:00,9.6,98,4.7,0.0,1016.8
2016-12-13 01:00:00,9.8,97,4.5,0.0,1016.3
2016-12-13 02:00:00,10.0,97,4.3,0.0,1016.1
2016-12-13 03:00:00,9.9,97,5.5,0.0,1016.2
2016-12-13 04:00:00,9.6,97,4.6,0.0,1016.2
2016-12-13 05:00:00,9.6,97,5.2,0.0,1016.1
2016-12-13 06:00:00,9.9,97,3.9,0.0,1016.8
2016-12-13 07:00:00,10.0,97,4.3,0.0,1016.5
2016-12-13 08:00:00,10.7,97,5.3,19.0,1016.8
2016-12-13 09:00:00,11.6,94,8.4,43.0,1017.5
2016-12-13 10:00:00,12.0,93,10.4,59.0,1017.6
2016-12-13 11:00:00,12.1,94,12.1,53.0,1017.4
2016-12-13 12:00:00,12.2,94,12.1,56.0,1016.9
2016-12-13 13:00:00,12.2,95,10.2,64.0,1015.9
2016-12-13 14:00:00,12.0,96,10.2,35.0,1016.0
2016-12-13 15:00:00,11.6,96,12.5,31.0,1016.0
2016-12-13 16:00:00,11.3,95,13.7,14.0,1016.7
2016-12-13 17:00:00,11.1,94,15.0,3.0,1017.8
2016-12-13 18:00:00,10.9,94,15.1,0.0,1019.0
2016-12-13 19:00:00,10.7,94,14.5,0.0,1019.6
2016-12-13 20:00:00,10.6,93,14.3,0.0,1020.9
2016-12-13 21:00:00,10.4,91,13.1,0.0,1021.3
2016-12-13 22:00:00,10.2,89,11.6,0.0,1021.9
2016-12-13 23:00:00,10.0,89,11.5,0.0,1022.6
2016-12-14 00:00:00,9.9,89,12.2,0.0,1023.0
2016-12-14 01:00:00,9.7,89,13.1,0.0,1023.3
2016-12-14 02:00:00,9.4,88,14.5,0.0,1023.9
2016-12-14 03:00:00,9.1,88,16.2,0.0,1024.1
2016-12-14 04:00:00,8.6,86,16.6,0.0,1024.7
2016-12-14 05:00:00,8.0,85,17.3,0.0,1025.2
2016-12-14 06:00:00,7.5,83,15.8,0.0,1026.2
2016-12-14 07:00:00,6.9,82,18.0,0.0,1026.1
2016-12-14 08:00:00,6.5,80,19.1,12.0,1027.2
2016-12-14 09:00:00,6.3,77,19.6,45.0,1028.1
2016-12-14 10:00:00,6.1,75,19.3,62.0,1028.6
2016-12-14 11:00:00,6.0,71,19.7,93.0,1028.6
2016-12-14 12:00:00,6.1,68,19.7,139.0,1027.7
2016-12-14 13:00:00,6.3,64,19.4,205.0,1026.7
2016-12-14 14:00:00,6.7,59,18.3,273.0,1026.2
2016-12-14 15:00:00,6.5,60,17.9,209.0,1025.9
2016-12-14 16:00:00,6.1,58,16.9,119.0,1026.5
2016-12-14 17:00:00,5.7,58,15.0,33.0,1027.2
2016-12-14 18:00:00,5.3,60,12.0,0.0,1028.2
2016-12-14 19:00:00,5.0,61,10.9,0.0,1028.3
2016-12-14 20:00:00,4.9,61,11.1,0.0,1028.5
2016-12-14 21:00:00,4.8,61,11.1,0.0,1028.6
2016-12-14 22:00:00,4.6,63,10.0,0.0,1029.2
2016-12-14 23:00:00,4.1,65,9.7,0.0,1029.6
2016-12-15 00:00:00,4.0,64,10.8,0.0,1029.8
2016-12-15 01:00:00,3.8,64,12.1,0.0,1029.6
2016-12-15 02:00:00,3.3,65,11.1,0.0,1029.6
2016-12-15 03:00:00,2.6,69,10.2,0.0,1029.0
2016-12-15 04:00:00,1.9,72,9.0,0.0,1029.3
2016-12-15 05:00:00,1.3,76,8.5,0.0,1029.6
2016-12-15 06:00:00,0.5,80,8.0,0.0,1030.0
2016-12-15 07:00:00,-0.1,84,7.5,1.0,1031.1
2016-12-15 08:00:00,1.2,79,9.1,80.0,1031.2
2016-12-15 09:00:00,3.2,63,12.1,250.0,1031.5
2016-12-15 10:00:00,4.4,55,14.5,405.0,1031.7
2016-12-15 11:00:00,5.4,52,15.2,530.0,1031.4
2016-12-15 12:00:00,6.3,50,15.7,591.0,1030.1
2016-12-15 13:00:00,7.0,47,15.9,585.0,1029.6
2016-12-15 14:00:00,7.3,46,15.8,514.0,1029.5
2016-12-15 15:00:00,7.4,45,14.9,382.0,1029.6
2016-12-15 16:00:00,6.9,46,13.0,212.0,1030.2
2016-12-15 17:00:00,5.8,53,7.3,51.0,1030.5
2016-12-15 18:00:00,4.9,59,8.4,0.0,1031.1
2016-12-15 19:00:00,3.7,69,7.7,0.0,1031.7
2016-12-15 20:00:00,3.1,72,7.0,0.0,1031.6
2016-12-15 21:00:00,3.0,71,7.5,0.0,1031.9
2016-12-15 22:00:00,2.2,75,8.2,0.0,1032.5
2016-12-15 23:00:00,1.4,79,8.6,0.0,1032.5
2016-12-16 00:00:00,0.7,82,8.4,0.0,1032.3
2016-12-16 01:00:00,0.4,83,7.8,0.0,1032.3
2016-12-16 02:00:00,0.2,83,8.2,0.0,1032.5
2016-12-16 03:00:00,0.5,84,7.9,0.0,1032.3
2016-12-16 04:00:00,0.4,85,8.3,0.0,1032.2
2016-12-16 05:00:00,0.2,85,8.1,0.0,1032.4
2016-12-16 06:00:00,0.3,85,7.7,0.0,1032.5
2016-12-16 07:00:00,0.4,85,6.5,1.0,1032.9
2016-12-16 08:00:00,1.7,83,5.4,78.0,1033.0
2016-12-16 09:00:00,4.5,69,4.2,250.0,1033.2
2016-12-16 10:00:00,6.2,59,6.6,401.0,1033.2
2016-12-16 11:00:00,7.3,54,9.2,521.0,1032.9
2016-12-16 12:00:00,7.9,53,8.8,570.0,1031.8
2016-12-16 13:00:00,8.4,52,8.2,571.0,1030.8
2016-12-16 14:00:00,8.6,51,7.6,508.0,1030.3
2016-12-16 15:00:00,8.6,50,7.2,373.0,1030.0
2016-12-16 16:00:00,8.1,52,6.0,215.0,1029.9
2016-12-16 17:00:00,7.0,59,8.7,53.0,1030.1
2016-12-16 18:00:00,5.5,67,8.0,0.0,1030.3
2016-12-16 19:00:00,3.9,77,9.6,0.0,1030.1
2016-12-16 20:00:00,2.7,84,9.8,0.0,1030.2
2016-12-16 21:00:00,2.2,84,10.0,0.0,1029.7
2016-12-16 22:00:00,2.2,84,9.4,0.0,1029.8
2016-12-16 23:00:00,2.7,82,8.3,0.0,1029.4
2016-12-17 00:00:00,2.6,82,8.2,0.0,1029.1
2016-12-17 01:00:00,1.3,86,9.2,0.0,1028.8
2016-12-17 02:00:00,0.3,89,9.8,0.0,1028.8
2016-12-17 03:00:00,-0.3,91,9.7,0.0,1028.9
2016-12-17 04:00:00,-0.6,91,9.7,0.0,1028.7
2016-12-17 05:00:00,-0.8,92,9.7,0.0,1028.3
2016-12-17 06:00:00,-1.2,93,8.3,0.0,1028.3
2016-12-17 07:00:00,-1.7,93,6.8,1.0,1028.4
2016-12-17 08:00:00,0.0,92,9.1,80.0,1028.9
2016-12-17 09:00:00,4.4,78,7.7,255.0,1029.0
2016-12-17 10:00:00,7.0,65,9.5,423.0,1028.9
2016-12-17 11:00:00,8.9,56,10.5,544.0,1028.3
2016-12-17 12:00:00,10.4,50,11.2,605.0,1026.7
2016-12-17 13:00:00,11.5,47,11.2,596.0,1025.5
2016-12-17 14:00:00,12.1,46,11.0,523.0,1024.6
2016-12-17 15:00:00,12.9,46,9.4,389.0,1024.4
2016-12-17 16:00:00,12.4,53,6.1,218.0,1024.5
2016-12-17 17:00:00,10.9,59,8.3,53.0,1024.8
2016-12-17 18:00:00,8.6,70,8.5,0.0,1025.0
2016-12-17 19:00:00,7.2,78,8.7,0.0,1024.9
2016-12-17 20:00:00,6.2,85,8.6,0.0,1025.2
2016-12-17 21:00:00,5.8,86,9.8,0.0,1025.3
2016-12-17 22:00:00,5.8,86,10.0,0.0,1025.1
2016-12-17 23:00:00,5.7,87,9.2,0.0,1025.3
2016-12-18 00:00:00,5.1,89,7.9,0.0,1024.9
2016-12-18 01:00:00,4.5,90,8.9,0.0,1024.5
2016-12-18 02:00:00,5.1,87,9.7,0.0,1024.5
2016-12-18 03:00:00,4.0,90,8.7,0.0,1024.7
2016-12-18 04:00:00,3.3,92,7.9,0.0,1024.6
2016-12-18 05:00:00,2.7,94,6.0,0.0,1024.6
2016-12-18 06:00:00,2.5,95,6.2,0.0,1024.3
2016-12-18 07:00:00,2.2,95,7.7,0.0,1024.5
2016-12-18 08:00:00,4.0,94,9.8,68.0,1024.7
2016-12-18 09:00:00,8.6,81,8.2,199.0,1024.9
2016-12-18 10:00:00,11.3,75,8.2,304.0,1025.0
2016-12-18 11:00:00,13.4,70,8.2,356.0,1024.3
2016-12-18 12:00:00,14.1,68,7.0,268.0,1023.1
2016-12-18 13:00:00,13.8,72,7.4,138.0,1022.3
2016-12-18 14:00:00,14.1,70,3.7,184.0,1021.8
2016-12-18 15:00:00,13.7,73,3.6,105.0,1021.3
2016-12-18 16:00:00,13.6,73,4.6,143.0,1021.3
2016-12-18 17:00:00,12.6,78,6.1,33.0,1021.7
2016-12-18 18:00:00,11.5,87,2.1,0.0,1021.4
2016-12-18 19:00:00,11.3,85,1.8,0.0,1021.3
2016-12-18 20:00:00,10.9,86,1.6,0.0,1021.8
2016-12-18 21:00:00,10.1,89,1.8,0.0,1021.7
2016-12-18 22:00:00,8.2,95,3.6,0.0,1021.9
2016-12-18 23:00:00,7.9,96,4.3,0.0,1021.8
2016-12-19 00:00:00,8.1,96,4.1,0.0,1021.3
2016-12-19 01:00:00,8.0,96,3.5,0.0,1021.0
2016-12-19 02:00:00,7.7,96,3.9,0.0,1021.1
2016-12-19 03:00:00,7.3,95,4.4,0.0,1021.3
2016-12-19 04:00:00,7.7,94,5.1,0.0,1020.9
2016-12-19 05:00:00,8.0,92,4.2,0.0,1020.8
2016-12-19 06:00:00,8.5,91,3.5,0.0,1020.8
2016-12-19 07:00:00,8.5,93,2.8,0.0,1021.1
2016-12-19 08:00:00,9.3,92,2.6,18.0,1021.2
2016-12-19 09:00:00,10.5,86,1.8,45.0,1021.5
2016-12-19 10:00:00,11.7,83,1.5,111.0,1021.7
2016-12-19 11:00:00,12.9,78,2.1,180.0,1021.1
2016-12-19 12:00:00,13.4,76,3.6,214.0,1019.9
2016-12-19 13:00:00,14.4,73,6.3,288.0,1019.4
2016-12-19 14:00:00,14.8,73,7.6,275.0,1018.8
2016-12-19 15:00:00,14.6,74,7.0,157.0,1019.1
2016-12-19 16:00:00,14.2,78,4.6,114.0,1019.4
2016-12-19 17:00:00,13.5,82,5.8,32.0,1019.6
2016-12-19 18:00:00,12.4,87,7.2,0.0,1019.6
2016-12-19 19:00:00,11.3,92,6.9,0.0,1020.4
2016-12-19 20:00:00,10.3,95,7.3,0.0,1020.4
2016-12-19 21:00:00,10.0,95,6.6,0.0,1020.6
2016-12-19 22:00:00,9.4,96,3.6,0.0,1020.7
2016-12-19 23:00:00,9.4,97,5.7,0.0,1020.8
2016-12-20 00:00:00,10.0,97,5.2,0.0,1020.5
2016-12-20 01:00:00,10.2,97,5.8,0.0,1020.7
2016-12-20 02:00:00,10.7,97,6.8,0.0,1020.8
2016-12-20 03:00:00,11.0,97,5.8,0.0,1020.8
2016-12-20 04:00:00,11.1,98,5.1,0.0,1020.8
2016-12-20 05:00:00,11.0,98,5.3,0.0,1020.9
2016-12-20 06:00:00,10.9,98,7.2,0.0,1021.4
2016-12-20 07:00:00,10.8,98,7.5,0.0,1021.5
2016-12-20 08:00:00,10.7,97,7.4,4.0,1022.7
2016-12-20 09:00:00,10.7,97,7.9,16.0,1023.0
2016-12-20 10:00:00,10.9,96,8.5,33.0,1023.1
2016-12-20 11:00:00,11.0,95,7.8,32.0,1022.9
2016-12-20 12:00:00,11.4,95,6.6,51.0,1022.0
2016-12-20 13:00:00,11.7,95,6.1,57.0,1020.5
2016-12-20 14:00:00,12.1,95,6.9,56.0,1020.1
2016-12-20 15:00:00,12.0,97,6.2,49.0,1020.0
2016-12-20 16:00:00,12.1,96,4.7,39.0,1020.5
2016-12-20 17:00:00,12.1,98,4.4,6.0,1020.3
2016-12-20 18:00:00,12.1,99,3.9,0.0,1021.0
2016-12-20 19:00:00,12.1,99,3.3,0.0,1021.7
2016-12-20 20:00:00,12.3,99,4.6,0.0,1021.0
2016-12-20 21:00:00,12.5,99,4.5,0.0,1021.0
2016-12-20 22:00:00,12.6,99,2.3,0.0,1020.7
2016-12-20 23:00:00,12.6,100,2.9,0.0,1020.4
2016-12-21 00:00:00,12.5,100,2.6,0.0,1019.7
2016-12-21 01:00:00,12.4,100,2.6,0.0,1019.2
2016-12-21 02:00:00,12.5,100,2.5,0.0,1019.1
2016-12-21 03:00:00,12.0,100,2.5,0.0,1018.3
2016-12-21 04:00:00,12.1,100,2.1,0.0,1017.9
2016-12-21 05:00:00,11.9,100,2.2,0.0,1017.5
2016-12-21 06:00:00,11.8,100,3.3,0.0,1017.4
2016-12-21 07:00:00,11.8,100,3.0,0.0,1017.1
2016-12-21 08:00:00,12.1,99,4.7,23.0,1016.7
2016-12-21 09:00:00,13.1,98,5.0,89.0,1016.7
2016-12-21 10:00:00,14.2,96,7.4,160.0,1017.0
2016-12-21 11:00:00,15.4,95,6.3,185.0,1016.1
2016-12-21 12:00:00,16.0,95,6.8,143.0,1014.5
2016-12-21 13:00:00,17.5,91,9.1,215.0,1013.6
2016-12-21 14:00:00,19.0,87,10.6,238.0,1013.0
2016-12-21 15:00:00,20.5,85,9.2,217.0,1013.1
2016-12-21 16:00:00,18.5,93,11.2,73.0,1014.0
2016-12-21 17:00:00,15.4,95,17.6,20.0,1015.2
2016-12-21 18:00:00,13.2,93,17.1,0.0,1016.3
2016-12-21 19:00:00,12.1,92,16.5,0.0,1016.9
2016-12-21 20:00:00,11.3,93,18.8,0.0,1018.1
2016-12-21 21:00:00,10.6,93,20.6,0.0,1019.1
2016-12-21 22:00:00,10.0,92,17.9,0.0,1019.5
2016-12-21 23:00:00,9.6,92,15.6,0.0,1019.8
2016-12-22 00:00:00,9.4,91,14.3,0.0,1020.1
2016-12-22 01:00:00,9.3,90,13.0,0.0,1020.4
2016-12-22 02:00:00,9.2,89,13.0,0.0,1021.0
2016-12-22 03:00:00,9.1,90,13.2,0.0,1020.7
2016-12-22 04:00:00,8.8,88,12.7,0.0,1020.8
2016-12-22 05:00:00,8.6,87,13.0,0.0,1021.1
2016-12-22 06:00:00,8.3,86,9.5,0.0,1021.3
2016-12-22 07:00:00,8.2,84,11.4,0.0,1021.8
2016-12-22 08:00:00,8.1,79,13.0,18.0,1022.6
2016-12-22 09:00:00,8.4,75,15.8,85.0,1022.6
2016-12-22 10:00:00,8.8,72,17.9,163.0,1023.4
2016-12-22 11:00:00,9.2,70,18.1,233.0,1023.2
2016-12-22 12:00:00,9.7,68,18.2,249.0,1022.9
2016-12-22 13:00:00,10.4,65,18.2,344.0,1022.1
2016-12-22 14:00:00,10.8,64,17.1,295.0,1021.7
2016-12-22 15:00:00,11.3,62,15.3,233.0,1021.5
2016-12-22 16:00:00,11.2,62,13.4,139.0,1021.5
2016-12-22 17:00:00,10.5,65,6.9,49.0,1022.0
2016-12-22 18:00:00,9.4,72,8.0,0.0,1022.1
2016-12-22 19:00:00,8.3,79,6.4,0.0,1022.3
2016-12-22 20:00:00,8.7,73,6.3,0.0,1022.9
2016-12-22 21:00:00,8.2,76,5.8,0.0,1023.1
2016-12-22 22:00:00,7.2,80,5.8,0.0,1023.1
2016-12-22 23:00:00,5.8,86,7.0,0.0,1023.4
2016-12-23 00:00:00,4.7,91,7.9,0.0,1023.5
2016-12-23 01:00:00,4.0,93,8.7,0.0,1023.7
2016-12-23 02:00:00,3.2,95,8.9,0.0,1024.5
2016-12-23 03:00:00,2.7,94,7.4,0.0,1025.1
2016-12-23 04:00:00,2.6,93,7.4,0.0,1025.4
2016-12-23 05:00:00,2.8,93,7.4,0.0,1025.7
2016-12-23 06:00:00,2.6,93,8.3,0.0,1026.1
2016-12-23 07:00:00,2.4,94,8.9,0.0,1026.8
2016-12-23 08:00:00,4.3,91,6.3,67.0,1027.4
2016-12-23 09:00:00,7.4,80,4.8,232.0,1027.7
2016-12-23 10:00:00,9.0,66,6.9,401.0,1028.0
2016-12-23 11:00:00,10.1,55,7.6,522.0,1027.7
2016-12-23 12:00:00,10.8,48,7.3,590.0,1026.7
2016-12-23 13:00:00,11.1,45,7.5,585.0,1025.9
2016-12-23 14:00:00,11.2,44,8.1,505.0,1025.5
2016-12-23 15:00:00,11.5,45,9.4,383.0,1025.8
2016-12-23 16:00:00,10.8,49,9.0,225.0,1026.0
2016-12-23 17:00:00,9.0,56,7.8,59.0,1026.6
2016-12-23 18:00:00,7.4,62,8.4,0.0,1026.9
2016-12-23 19:00:00,6.3,66,8.5,0.0,1027.1
2016-12-23 20:00:00,5.4,71,8.2,0.0,1027.5
2016-12-23 21:00:00,4.7,75,7.4,0.0,1027.6
2016-12-23 22:00:00,4.0,80,7.1,0.0,1027.9
2016-12-23 23:00:00,3.9,82,7.2,0.0,1027.9
2016-12-24 00:00:00,3.8,83,7.4,0.0,1027.9
2016-12-24 01:00:00,3.9,82,8.2,0.0,1027.9
2016-12-24 02:00:00,4.3,79,9.4,0.0,1028.2
2016-12-24 03:00:00,4.7,79,9.4,0.0,1028.1
2016-12-24 04:00:00,4.5,79,9.2,0.0,1028.0
2016-12-24 05:00:00,4.4,78,8.4,0.0,1027.7
2016-12-24 06:00:00,4.2,79,6.6,0.0,1028.2
2016-12-24 07:00:00,4.3,79,7.1,0.0,1027.9
2016-12-24 08:00:00,4.7,79,7.3,41.0,1028.1
2016-12-24 09:00:00,6.2,72,8.0,158.0,1028.0
2016-12-24 10:00:00,7.6,69,10.5,298.0,1027.8
2016-12-24 11:00:00,9.0,61,12.2,376.0,1027.0
2016-12-24 12:00:00,9.7,60,11.5,420.0,1025.6
2016-12-24 13:00:00,10.4,57,10.9,404.0,1024.7
2016-12-24 14:00:00,10.6,58,12.7,285.0,1023.7
2016-12-24 15:00:00,10.7,58,11.9,224.0,1023.6
2016-12-24 16:00:00,10.4,62,9.5,100.0,1023.8
2016-12-24 17:00:00,10.0,65,10.6,24.0,1024.1
2016-12-24 18:00:00,9.6,69,11.1,0.0,1024.2
2016-12-24 19:00:00,9.3,72,12.9,0.0,1024.9
2016-12-24 20:00:00,9.0,74,13.3,0.0,1025.0
2016-12-24 21:00:00,8.9,76,12.4,0.0,1024.9
2016-12-24 22:00:00,9.0,77,10.9,0.0,1025.2
2016-12-24 23:00:00,9.0,78,11.6,0.0,1025.1
2016-12-25 00:00:00,9.0,79,11.2,0.0,1024.5
2016-12-25 01:00:00,9.0,80,11.2,0.0,1024.3
2016-12-25 02:00:00,9.0,81,10.1,0.0,1024.2
2016-12-25 03:00:00,9.1,87,9.9,0.0,1023.7
2016-12-25 04:00:00,9.1,89,9.4,0.0,1023.2
2016-12-25 05:00:00,9.2,90,9.2,0.0,1022.8
2016-12-25 06:00:00,9.2,90,7.2,0.0,1022.7
2016-12-25 07:00:00,9.2,90,6.0,0.0,1023.2
2016-12-25 08:00:00,9.4,91,6.1,14.0,1023.8
2016-12-25 09:00:00,10.0,91,6.9,36.0,1024.1
2016-12-25 10:00:00,10.6,90,8.3,72.0,1023.8
2016-12-25 11:00:00,11.5,88,8.8,153.0,1023.3
2016-12-25 12:00:00,12.0,85,8.8,157.0,1021.9
2016-12-25 13:00:00,12.5,84,9.7,158.0,1020.7
2016-12-25 14:00:00,12.9,84,10.0,131.0,1020.0
2016-12-25 15:00:00,13.1,81,6.5,136.0,1019.7
2016-12-25 16:00:00,12.9,84,4.2,47.0,1019.6
2016-12-25 17:00:00,12.3,88,5.9,12.0,1019.6
2016-12-25 18:00:00,11.8,92,5.4,0.0,1019.6
2016-12-25 19:00:00,11.6,94,5.4,0.0,1019.7
2016-12-25 20:00:00,11.2,96,4.7,0.0,1020.1
2016-12-25 21:00:00,10.9,96,5.1,0.0,1020.0
2016-12-25 22:00:00,10.9,95,3.3,0.0,1019.8
2016-12-25 23:00:00,10.8,95,3.4,0.0,1019.3
2016-12-26 00:00:00,10.5,96,2.7,0.0,1018.6
2016-12-26 01:00:00,10.2,98,2.7,0.0,1017.9
2016-12-26 02:00:00,10.3,97,4.8,0.0,1017.5
2016-12-26 03:00:00,10.2,98,6.0,0.0,1017.4
2016-12-26 04:00:00,10.5,96,8.0,0.0,1017.4
2016-12-26 05:00:00,10.8,95,8.7,0.0,1017.5
2016-12-26 06:00:00,10.9,95,10.0,0.0,1018.1
2016-12-26 07:00:00,10.7,94,12.6,0.0,1018.7
2016-12-26 08:00:00,10.5,94,13.4,6.0,1019.6
2016-12-26 09:00:00,10.3,94,13.8,14.0,1020.3
2016-12-26 10:00:00,10.2,93,12.8,19.0,1020.6
2016-12-26 11:00:00,10.3,91,12.4,43.0,1020.6
2016-12-26 12:00:00,10.2,91,12.3,44.0,1019.8
2016-12-26 13:00:00,10.2,89,11.2,54.0,1019.3
2016-12-26 14:00:00,9.7,92,12.7,26.0,1019.4
2016-12-26 15:00:00,9.4,93,14.3,22.0,1019.8
2016-12-26 16:00:00,9.1,93,14.8,16.0,1020.7
2016-12-26 17:00:00,8.7,92,15.3,3.0,1021.4
2016-12-26 18:00:00,8.4,93,13.5,0.0,1022.5
2016-12-26 19:00:00,8.2,93,15.3,0.0,1023.1
2016-12-26 20:00:00,8.1,93,15.4,0.0,1023.8
2016-12-26 21:00:00,8.0,94,15.7,0.0,1024.5
2016-12-26 22:00:00,7.9,93,16.4,0.0,1025.7
2016-12-26 23:00:00,7.6,93,16.3,0.0,1025.8
2016-12-27 00:00:00,7.3,93,15.5,0.0,1026.4
2016-12-27 01:00:00,7.1,92,15.5,0.0,1026.7
2016-12-27 02:00:00,6.8,90,15.9,0.0,1027.3
2016-12-27 03:00:00,6.7,89,16.6,0.0,1027.2
2016-12-27 04:00:00,6.4,88,16.9,0.0,1027.6
2016-12-27 05:00:00,6.2,86,17.6,0.0,1027.9
2016-12-27 06:00:00,5.9,85,17.4,0.0,1028.5
2016-12-27 07:00:00,5.5,84,18.7,0.0,1029.8
2016-12-27 08:00:00,5.1,79,21.6,14.0,1030.7
2016-12-27 09:00:00,4.9,71,21.7,111.0,1031.0
2016-12-27 10:00:00,4.9,66,22.2,216.0,1031.9
2016-12-27 11:00:00,5.1,63,21.5,328.0,1032.0
2016-12-27 12:00:00,5.2,60,21.3,358.0,1031.2
2016-12-27 13:00:00,5.6,56,21.1,459.0,1030.8
2016-12-27 14:00:00,5.8,52,20.5,458.0,1030.7
2016-12-27 15:00:00,5.7,52,19.6,327.0,1030.9
2016-12-27 16:00:00,5.3,50,18.4,199.0,1031.2
2016-12-27 17:00:00,4.5,52,14.5,56.0,1031.5
2016-12-27 18:00:00,3.8,55,8.7,0.0,1031.8
2016-12-27 19:00:00,3.3,58,8.3,0.0,1031.9
2016-12-27 20:00:00,2.9,61,7.2,0.0,1032.1
2016-12-27 21:00:00,2.7,62,6.9,0.0,1031.8
2016-12-27 22:00:00,2.4,63,7.6,0.0,1032.0
2016-12-27 23:00:00,2.0,65,7.9,0.0,1031.7
2016-12-28 00:00:00,1.4,68,8.0,0.0,1031.6
2016-12-28 01:00:00,0.9,73,6.8,0.0,1031.0
2016-12-28 02:00:00,0.3,77,6.2,0.0,1031.5
2016-12-28 03:00:00,-0.5,83,6.5,0.0,1030.9
2016-12-28 04:00:00,-1.1,85,6.2,0.0,1030.5
2016-12-28 05:00:00,-1.4,85,5.9,0.0,1030.3
2016-12-28 06:00:00,-1.6,86,5.5,0.0,1030.4
2016-12-28 07:00:00,-1.7,86,5.8,0.0,1030.7
2016-12-28 08:00:00,-0.6,87,7.2,63.0,1031.3
2016-12-28 09:00:00,2.6,72,8.4,227.0,1031.1
2016-12-28 10:00:00,4.2,66,8.0,388.0,1031.7
2016-12-28 11:00:00,5.6,60,7.1,515.0,1031.2
2016-12-28 12:00:00,6.5,56,6.9,541.0,1030.0
2016-12-28 13:00:00,7.0,55,6.8,467.0,1028.7
2016-12-28 14:00:00,7.1,54,7.0,317.0,1028.4
2016-12-28 15:00:00,6.5,56,7.6,175.0,1028.0
2016-12-28 16:00:00,6.4,55,7.4,110.0,1028.5
2016-12-28 17:00:00,6.1,58,4.2,27.0,1028.8
2016-12-28 18:00:00,5.9,62,4.0,0.0,1029.8
2016-12-28 19:00:00,5.5,75,5.4,0.0,1029.9
2016-12-28 20:00:00,4.9,75,6.5,0.0,1030.5
2016-12-28 21:00:00,4.4,78,7.3,0.0,1030.5
2016-12-28 22:00:00,3.5,80,8.0,0.0,1030.7
2016-12-28 23:00:00,2.7,81,6.1,0.0,1031.1
2016-12-29 00:00:00,2.3,81,6.9,0.0,1031.5
2016-12-29 01:00:00,1.8,83,7.7,0.0,1031.9
2016-12-29 02:00:00,1.2,87,7.7,0.0,1032.0
2016-12-29 03:00:00,0.6,89,7.3,0.0,1031.9
2016-12-29 04:00:00,-0.0,91,6.7,0.0,1031.8
2016-12-29 05:00:00,-0.4,92,6.5,0.0,1031.7
2016-12-29 06:00:00,-1.0,92,6.1,0.0,1032.4
2016-12-29 07:00:00,-1.3,92,6.6,0.0,1033.0
2016-12-29 08:00:00,0.0,91,8.7,63.0,1033.9
2016-12-29 09:00:00,3.5,73,8.7,227.0,1034.6
2016-12-29 10:00:00,4.8,60,11.3,398.0,1035.3
2016-12-29 11:00:00,5.5,55,11.8,475.0,1034.4
2016-12-29 12:00:00,5.9,53,11.4,476.0,1033.9
2016-12-29 13:00:00,6.1,52,11.4,450.0,1032.9
2016-12-29 14:00:00,6.3,51,12.1,422.0,1032.6
2016-12-29 15:00:00,6.5,49,12.5,343.0,1032.2
2016-12-29 16:00:00,6.0,49,12.2,205.0,1032.4
2016-12-29 17:00:00,5.0,54,7.9,63.0,1032.5
2016-12-29 18:00:00,3.7,60,6.6,0.0,1032.7
2016-12-29 19:00:00,2.6,66,6.9,0.0,1033.2
2016-12-29 20:00:00,1.8,71,8.0,0.0,1033.1
2016-12-29 21:00:00,1.1,76,8.4,0.0,1033.0
2016-12-29 22:00:00,0.9,78,8.7,0.0,1032.9
2016-12-29 23:00:00,1.0,77,8.0,0.0,1032.8
2016-12-30 00:00:00,1.0,80,8.9,0.0,1032.2
2016-12-30 01:00:00,0.7,82,9.2,0.0,1032.3
2016-12-30 02:00:00,0.5,85,8.4,0.0,1032.3
2016-12-30 03:00:00,0.3,85,7.3,0.0,1032.0
2016-12-30 04:00:00,1.1,82,6.0,0.0,1031.6
2016-12-30 05:00:00,1.4,81,3.7,0.0,1031.3
2016-12-30 06:00:00,1.4,82,1.1,0.0,1031.7
2016-12-30 07:00:00,1.3,83,2.6,0.0,1031.3
2016-12-30 08:00:00,1.6,84,2.7,52.0,1032.1
2016-12-30 09:00:00,3.4,75,0.8,203.0,1031.9
2016-12-30 10:00:00,4.8,71,4.8,322.0,1031.9
2016-12-30 11:00:00,6.5,68,5.4,475.0,1031.3
2016-12-30 12:00:00,7.8,67,5.2,518.0,1030.4
2016-12-30 13:00:00,9.1,64,7.9,560.0,1028.9
2016-12-30 14:00:00,9.7,63,7.9,477.0,1027.9
2016-12-30 15:00:00,10.3,62,7.5,355.0,1027.4
2016-12-30 16:00:00,10.2,62,6.1,196.0,1027.4
2016-12-30 17:00:00,9.2,69,4.8,54.0,1027.4
2016-12-30 18:00:00,7.7,76,5.9,0.0,1027.6
2016-12-30 19:00:00,6.4,83,6.7,0.0,1027.7
2016-12-30 20:00:00,5.1,90,8.2,0.0,1027.8
2016-12-30 21:00:00,4.1,92,8.4,0.0,1027.9
2016-12-30 22:00:00,4.1,91,5.9,0.0,1028.0
2016-12-30 23:00:00,4.7,89,4.9,0.0,1028.0
2016-12-31 00:00:00,4.9,90,3.6,0.0,1027.7
2016-12-31 01:00:00,3.3,94,4.2,0.0,1027.5
2016-12-31 02:00:00,2.6,96,5.7,0.0,1027.5
2016-12-31 03:00:00,1.6,96,6.2,0.0,1027.3
2016-12-31 04:00:00,1.6,96,5.4,0.0,1027.3
2016-12-31 05:00:00,1.5,96,5.2,0.0,1027.1
2016-12-31 06:00:00,1.1,96,6.5,0.0,1027.4
2016-12-31 07:00:00,0.8,96,5.9,0.0,1028.0
2016-12-31 08:00:00,2.5,93,5.1,61.0,1028.9
2016-12-31 09:00:00,5.8,86,3.1,221.0,1029.4
2016-12-31 10:00:00,8.6,78,2.8,395.0,1029.5
2016-12-31 11:00:00,10.5,72,2.9,519.0,1028.9
2016-12-31 12:00:00,11.9,67,3.0,586.0,1027.8
2016-12-31 13:00:00,12.8,64,3.6,585.0,1026.6
2016-12-31 14:00:00,13.3,62,5.1,519.0,1026.1
2016-12-31 15:00:00,13.0,61,6.1,398.0,1025.9
2016-12-31 16:00:00,12.5,64,6.0,236.0,1026.0
2016-12-31 17:00:00,11.1,71,7.8,70.0,1026.2
2016-12-31 18:00:00,9.2,79,8.9,0.0,1026.4
2016-12-31 19:00:00,7.7,86,8.7,0.0,1026.7
2016-12-31 20:00:00,6.3,91,9.1,0.0,1026.8
2016-12-31 21:00:00,5.0,94,9.8,0.0,1026.6
2016-12-31 22:00:00,4.7,94,7.6,0.0,1027.0
2016-12-31 23:00:00,4.6,95,6.2,0.0,1026.9
2017-01-01 00:00:00,5.3,94,5.0,0.0,1026.4
2017-01-01 01:00:00,5.4,94,4.0,0.0,1026.4
2017-01-01 02:00:00,5.1,95,2.7,0.0,1026.2
2017-01-01 03:00:00,4.9,95,1.8,0.0,1025.9
2017-01-01 04:00:00,4.8,96,1.1,0.0,1025.6
2017-01-01 05:00:00,4.6,96,2.9,0.0,1025.1
2017-01-01 06:00:00,4.1,98,5.2,0.0,1025.1
2017-01-01 07:00:00,2.9,99,5.6,0.0,1025.0
2017-01-01 08:00:00,4.7,96,2.5,48.0,1025.9
2017-01-01 09:00:00,7.2,89,3.0,182.0,1025.8
2017-01-01 10:00:00,9.6,82,2.8,335.0,1025.8
2017-01-01 11:00:00,12.1,75,4.2,499.0,1025.2
2017-01-01 12:00:00,14.0,72,3.8,569.0,1023.9
2017-01-01 13:00:00,15.4,70,3.4,570.0,1022.2
2017-01-01 14:00:00,16.4,68,4.0,508.0,1021.0
2017-01-01 15:00:00,17.0,68,3.7,391.0,1020.5
2017-01-01 16:00:00,16.7,71,5.1,233.0,1020.2
2017-01-01 17:00:00,13.2,87,7.4,71.0,1020.3
2017-01-01 18:00:00,11.5,92,8.3,0.0,1020.6
2017-01-01 19:00:00,9.8,95,8.4,0.0,1020.8
2017-01-01 20:00:00,10.2,93,8.3,0.0,1021.0
2017-01-01 21:00:00,11.3,90,5.4,0.0,1020.9
2017-01-01 22:00:00,11.0,91,3.1,0.0,1021.0
2017-01-01 23:00:00,9.4,95,3.3,0.0,1020.9
2017-01-02 00:00:00,8.9,97,5.4,0.0,1020.8
2017-01-02 01:00:00,8.6,98,6.6,0.0,1020.6
2017-01-02 02:00:00,8.0,98,4.7,0.0,1020.8
2017-01-02 03:00:00,7.5,98,4.3,0.0,1020.7
2017-01-02 04:00:00,7.3,98,4.4,0.0,1020.9
2017-01-02 05:00:00,6.6,98,4.7,0.0,1020.9
2017-01-02 06:00:00,6.5,98,4.2,0.0,1021.1
2017-01-02 07:00:00,7.5,97,4.3,0.0,1021.5
2017-01-02 08:00:00,10.0,90,7.3,36.0,1022.3
2017-01-02 09:00:00,11.8,84,6.8,90.0,1022.9
2017-01-02 10:00:00,12.5,83,7.2,91.0,1023.4
2017-01-02 11:00:00,13.0,83,7.2,82.0,1023.5
2017-01-02 12:00:00,14.1,78,6.5,150.0,1022.9
2017-01-02 13:00:00,14.8,74,5.9,179.0,1021.7
2017-01-02 14:00:00,15.4,69,8.5,165.0,1021.5
2017-01-02 15:00:00,15.2,69,8.1,145.0,1021.7
2017-01-02 16:00:00,14.5,75,7.0,62.0,1022.1
2017-01-02 17:00:00,13.3,80,7.9,22.0,1022.5
2017-01-02 18:00:00,12.6,79,9.8,0.0,1023.0
2017-01-02 19:00:00,11.7,79,6.6,0.0,1023.4
2017-01-02 20:00:00,11.6,81,6.4,0.0,1024.1
2017-01-02 21:00:00,11.5,83,5.8,0.0,1024.2
2017-01-02 22:00:00,10.9,86,7.3,0.0,1024.5
2017-01-02 23:00:00,9.7,92,7.2,0.0,1024.8
2017-01-03 00:00:00,9.2,95,6.1,0.0,1024.8
2017-01-03 01:00:00,8.4,96,4.8,0.0,1024.7
2017-01-03 02:00:00,7.8,97,5.2,0.0,1024.7
2017-01-03 03:00:00,7.8,98,4.2,0.0,1024.7
2017-01-03 04:00:00,6.8,99,5.4,0.0,1024.6
2017-01-03 05:00:00,6.7,99,4.2,0.0,1024.4
2017-01-03 06:00:00,6.7,99,3.1,0.0,1024.6
2017-01-03 07:00:00,7.3,92,3.4,0.0,1024.9
2017-01-03 08:00:00,7.9,94,2.2,27.0,1025.4
2017-01-03 09:00:00,9.6,84,2.4,161.0,1025.6
2017-01-03 10:00:00,11.3,74,2.9,361.0,1025.4
2017-01-03 11:00:00,12.5,69,3.6,475.0,1024.5
2017-01-03 12:00:00,13.5,68,5.1,558.0,1023.4
2017-01-03 13:00:00,14.3,67,6.2,563.0,1021.9
2017-01-03 14:00:00,14.6,67,7.6,483.0,1021.1
2017-01-03 15:00:00,14.4,69,8.0,364.0,1021.0
2017-01-03 16:00:00,13.7,71,8.8,223.0,1021.2
2017-01-03 17:00:00,11.7,76,8.8,68.0,1021.4
2017-01-03 18:00:00,10.2,77,10.5,1.0,1021.7
2017-01-03 19:00:00,9.2,80,8.3,0.0,1022.3
2017-01-03 20:00:00,8.2,87,5.8,0.0,1022.2
2017-01-03 21:00:00,7.8,90,6.2,0.0,1022.4
2017-01-03 22:00:00,7.7,92,7.0,0.0,1022.2
2017-01-03 23:00:00,8.9,88,3.6,0.0,1022.1
2017-01-04 00:00:00,8.1,93,3.2,0.0,1021.8
2017-01-04 01:00:00,7.7,94,2.9,0.0,1021.1
2017-01-04 02:00:00,8.4,89,4.8,0.0,1021.3
2017-01-04 03:00:00,8.9,86,1.5,0.0,1020.6
2017-01-04 04:00:00,9.1,87,0.0,0.0,1020.2
2017-01-04 05:00:00,9.0,88,2.2,0.0,1020.2
2017-01-04 06:00:00,8.8,88,2.1,0.0,1020.3
2017-01-04 07:00:00,8.0,93,3.6,0.0,1020.8
2017-01-04 08:00:00,9.7,84,2.7,28.0,1021.1
2017-01-04 09:00:00,10.8,80,2.6,72.0,1021.6
2017-01-04 10:00:00,11.2,80,1.3,78.0,1021.5
2017-01-04 11:00:00,11.8,80,1.8,112.0,1021.2
2017-01-04 12:00:00,12.5,79,2.4,154.0,1020.2
2017-01-04 13:00:00,12.9,79,4.8,138.0,1019.3
2017-01-04 14:00:00,13.5,79,7.0,181.0,1019.2
2017-01-04 15:00:00,13.4,80,7.7,87.0,1019.0
2017-01-04 16:00:00,13.2,82,7.1,48.0,1018.8
2017-01-04 17:00:00,12.6,86,5.5,17.0,1018.8
2017-01-04 18:00:00,12.1,90,4.0,0.0,1018.9
2017-01-04 19:00:00,12.0,92,3.3,0.0,1018.8
2017-01-04 20:00:00,11.3,93,3.9,0.0,1019.4
2017-01-04 21:00:00,11.5,93,4.7,0.0,1019.4
2017-01-04 22:00:00,11.4,96,4.6,0.0,1019.1
2017-01-04 23:00:00,11.5,97,5.1,0.0,1018.8
2017-01-05 00:00:00,11.6,97,3.3,0.0,1018.3
2017-01-05 01:00:00,11.6,98,0.7,0.0,1017.5
2017-01-05 02:00:00,11.5,98,2.5,0.0,1017.2
2017-01-05 03:00:00,11.4,98,5.9,0.0,1016.6
2017-01-05 04:00:00,11.4,99,2.7,0.0,1016.3
2017-01-05 05:00:00,11.4,99,1.5,0.0,1016.0
2017-01-05 06:00:00,11.4,99,0.4,0.0,1016.3
2017-01-05 07:00:00,11.6,97,1.8,0.0,1016.3
2017-01-05 08:00:00,11.7,99,0.5,5.0,1017.5
2017-01-05 09:00:00,12.1,99,1.4,40.0,1017.9
2017-01-05 10:00:00,12.3,98,2.9,34.0,1018.2
2017-01-05 11:00:00,12.6,98,3.9,56.0,1017.6
2017-01-05 12:00:00,13.0,97,5.5,102.0,1016.8
2017-01-05 13:00:00,12.7,98,8.8,55.0,1016.2
2017-01-05 14:00:00,12.2,98,8.9,24.0,1015.9
2017-01-05 15:00:00,12.3,96,8.0,25.0,1016.1
2017-01-05 16:00:00,12.3,96,9.5,13.0,1016.8
2017-01-05 17:00:00,12.1,95,10.0,5.0,1017.5
2017-01-05 18:00:00,11.6,97,10.8,0.0,1018.2
2017-01-05 19:00:00,11.1,96,12.7,0.0,1018.8
2017-01-05 20:00:00,10.4,95,12.3,0.0,1020.6
2017-01-05 21:00:00,10.2,95,12.3,0.0,1020.6
2017-01-05 22:00:00,10.0,95,12.2,0.0,1020.6
2017-01-05 23:00:00,9.9,95,12.3,0.0,1020.9
2017-01-06 00:00:00,9.7,95,12.0,0.0,1020.8
2017-01-06 01:00:00,9.5,95,10.9,0.0,1020.3
2017-01-06 02:00:00,9.3,95,11.1,0.0,1020.5
2017-01-06 03:00:00,9.1,95,11.2,0.0,1020.2
2017-01-06 04:00:00,9.1,95,12.0,0.0,1019.9
2017-01-06 05:00:00,9.0,96,11.3,0.0,1020.0
2017-01-06 06:00:00,9.1,95,11.2,0.0,1020.5
2017-01-06 07:00:00,9.1,96,9.7,0.0,1020.4
2017-01-06 08:00:00,9.3,96,11.1,6.0,1021.5
2017-01-06 09:00:00,9.5,95,10.0,21.0,1021.9
2017-01-06 10:00:00,9.8,93,7.3,35.0,1021.8
2017-01-06 11:00:00,10.1,93,7.0,53.0,1021.3
2017-01-06 12:00:00,10.8,91,5.2,103.0,1020.3
2017-01-06 13:00:00,10.9,92,5.0,77.0,1018.9
2017-01-06 14:00:00,11.1,91,4.3,69.0,1018.0
2017-01-06 15:00:00,11.1,92,4.7,35.0,1017.6
2017-01-06 16:00:00,11.1,93,4.0,25.0,1017.6
2017-01-06 17:00:00,11.0,94,4.1,9.0,1017.8
2017-01-06 18:00:00,11.0,95,3.6,0.0,1018.2
2017-01-06 19:00:00,11.0,95,1.9,0.0,1018.0
2017-01-06 20:00:00,10.8,98,2.9,0.0,1017.8
2017-01-06 21:00:00,10.9,98,3.1,0.0,1017.4
2017-01-06 22:00:00,10.9,98,1.3,0.0,1017.0
2017-01-06 23:00:00,11.0,98,0.8,0.0,1016.7
2017-01-07 00:00:00,10.9,98,3.6,0.0,1016.2
2017-01-07 01:00:00,10.9,98,4.7,0.0,1015.5
2017-01-07 02:00:00,11.0,98,4.6,0.0,1015.4
2017-01-07 03:00:00,11.0,98,5.0,0.0,1015.0
2017-01-07 04:00:00,11.0,98,5.2,0.0,1014.9
2017-01-07 05:00:00,11.0,98,6.8,0.0,1015.0
2017-01-07 06:00:00,11.0,98,4.3,0.0,1015.0
2017-01-07 07:00:00,11.0,98,3.2,0.0,1014.7
2017-01-07 08:00:00,11.0,98,5.1,6.0,1014.4
2017-01-07 09:00:00,12.1,93,5.6,82.0,1014.8
2017-01-07 10:00:00,12.9,90,6.7,94.0,1015.1
2017-01-07 11:00:00,13.2,90,8.2,75.0,1014.7
2017-01-07 12:00:00,13.2,92,8.0,81.0,1013.7
2017-01-07 13:00:00,13.0,95,12.7,58.0,1012.8
2017-01-07 14:00:00,11.6,94,15.8,49.0,1012.2
2017-01-07 15:00:00,11.3,93,11.9,26.0,1012.5
2017-01-07 16:00:00,10.9,93,15.5,16.0,1012.9
2017-01-07 17:00:00,10.0,92,17.3,11.0,1013.5
2017-01-07 18:00:00,9.7,92,16.3,0.0,1014.2
2017-01-07 19:00:00,9.5,90,16.3,0.0,1014.4
2017-01-07 20:00:00,9.4,90,13.6,0.0,1015.0
2017-01-07 21:00:00,9.3,88,15.9,0.0,1015.6
2017-01-07 22:00:00,8.4,89,16.2,0.0,1016.2
2017-01-07 23:00:00,8.1,89,15.2,0.0,1016.4
2017-01-08 00:00:00,8.0,88,14.5,0.0,1016.5
2017-01-08 01:00:00,8.1,85,15.6,0.0,1016.3
2017-01-08 02:00:00,8.0,84,14.5,0.0,1016.0
2017-01-08 03:00:00,7.6,85,11.6,0.0,1016.1
2017-01-08 04:00:00,6.9,88,8.4,0.0,1016.2
2017-01-08 05:00:00,7.1,89,9.3,0.0,1016.2
2017-01-08 06:00:00,7.8,84,12.9,0.0,1016.9
2017-01-08 07:00:00,7.6,82,12.8,0.0,1017.6
2017-01-08 08:00:00,8.0,89,6.0,19.0,1017.9
2017-01-08 09:00:00,9.2,80,8.7,193.0,1018.5
2017-01-08 10:00:00,10.3,72,15.8,295.0,1018.8
2017-01-08 11:00:00,10.4,69,20.6,211.0,1018.7
2017-01-08 12:00:00,11.1,66,22.9,398.0,1018.1
2017-01-08 13:00:00,11.3,65,22.2,410.0,1017.2
2017-01-08 14:00:00,11.2,66,22.5,393.0,1016.6
2017-01-08 15:00:00,10.7,67,21.3,351.0,1016.7
2017-01-08 16:00:00,9.6,71,19.9,180.0,1017.2
2017-01-08 17:00:00,9.0,72,18.3,60.0,1018.1
2017-01-08 18:00:00,8.6,72,18.1,1.0,1018.8
2017-01-08 19:00:00,8.4,74,16.3,0.0,1019.3
2017-01-08 20:00:00,7.8,75,17.5,0.0,1019.9
2017-01-08 21:00:00,7.3,77,17.0,0.0,1020.2
2017-01-08 22:00:00,7.0,78,15.3,0.0,1020.9
2017-01-08 23:00:00,6.5,81,13.4,0.0,1021.3
2017-01-09 00:00:00,6.4,81,13.0,0.0,1021.5
2017-01-09 01:00:00,5.7,84,13.8,0.0,1021.6
2017-01-09 02:00:00,5.1,83,14.8,0.0,1022.1
2017-01-09 03:00:00,4.3,83,13.5,0.0,1022.1
2017-01-09 04:00:00,4.1,80,10.9,0.0,1022.3
2017-01-09 05:00:00,3.8,80,8.7,0.0,1022.6
2017-01-09 06:00:00,3.8,78,7.7,0.0,1023.3
2017-01-09 07:00:00,3.2,81,8.1,0.0,1023.7
2017-01-09 08:00:00,5.3,70,10.2,54.0,1024.2
2017-01-09 09:00:00,6.3,60,10.8,185.0,1024.7
2017-01-09 10:00:00,7.3,58,10.6,359.0,1024.8
2017-01-09 11:00:00,8.0,58,10.1,461.0,1024.3
2017-01-09 12:00:00,8.5,57,10.5,492.0,1022.7
2017-01-09 13:00:00,8.9,56,10.8,509.0,1021.6
2017-01-09 14:00:00,9.1,56,11.6,451.0,1021.1
2017-01-09 15:00:00,8.8,58,12.7,337.0,1021.2
2017-01-09 16:00:00,8.2,60,13.6,198.0,1021.6
2017-01-09 17:00:00,7.2,62,13.6,68.0,1022.3
2017-01-09 18:00:00,5.8,68,12.2,2.0,1022.9
2017-01-09 19:00:00,4.8,72,7.7,0.0,1023.4
2017-01-09 20:00:00,3.8,78,6.1,0.0,1023.6
2017-01-09 21:00:00,3.0,83,7.4,0.0,1023.7
2017-01-09 22:00:00,4.5,74,5.2,0.0,1023.7
2017-01-09 23:00:00,3.5,80,4.9,0.0,1023.8
2017-01-10 00:00:00,1.9,88,6.4,0.0,1023.4
2017-01-10 01:00:00,1.4,89,6.7,0.0,1023.4
2017-01-10 02:00:00,1.4,90,6.5,0.0,1023.7
2017-01-10 03:00:00,2.8,84,4.2,0.0,1023.7
2017-01-10 04:00:00,2.8,86,4.4,0.0,1023.5
2017-01-10 05:00:00,4.0,78,3.2,0.0,1023.6
2017-01-10 06:00:00,1.9,90,6.5,0.0,1023.8
2017-01-10 07:00:00,2.7,86,4.3,0.0,1024.3
2017-01-10 08:00:00,5.0,75,5.1,29.0,1025.3
2017-01-10 09:00:00,6.2,70,6.9,152.0,1025.6
2017-01-10 10:00:00,7.4,65,9.0,297.0,1025.9
2017-01-10 11:00:00,8.5,59,9.7,420.0,1025.4
2017-01-10 12:00:00,9.3,57,8.4,496.0,1024.3
2017-01-10 13:00:00,9.7,55,11.0,515.0,1023.6
2017-01-10 14:00:00,9.4,55,11.4,335.0,1023.6
2017-01-10 15:00:00,8.7,56,12.3,118.0,1023.8
2017-01-10 16:00:00,8.6,54,11.0,57.0,1024.2
2017-01-10 17:00:00,8.2,56,10.5,16.0,1024.9
2017-01-10 18:00:00,7.5,64,9.8,0.0,1025.5
2017-01-10 19:00:00,6.9,74,9.1,0.0,1025.9
2017-01-10 20:00:00,5.9,80,8.1,0.0,1026.3
2017-01-10 21:00:00,5.8,85,8.6,0.0,1026.6
2017-01-10 22:00:00,5.9,84,7.0,0.0,1027.2
2017-01-10 23:00:00,5.7,85,7.9,0.0,1027.7
2017-01-11 00:00:00,5.6,86,9.0,0.0,1027.8
2017-01-11 01:00:00,5.3,86,9.2,0.0,1028.2
2017-01-11 02:00:00,5.2,87,8.7,0.0,1028.1
2017-01-11 03:00:00,5.1,85,8.9,0.0,1027.4
2017-01-11 04:00:00,5.0,86,8.9,0.0,1026.9
2017-01-11 05:00:00,4.8,87,7.7,0.0,1027.3
2017-01-11 06:00:00,4.6,87,7.6,0.0,1027.4
2017-01-11 07:00:00,4.7,85,7.8,0.0,1027.5
2017-01-11 08:00:00,5.0,83,7.9,28.0,1027.8
2017-01-11 09:00:00,5.5,80,9.0,53.0,1028.1
2017-01-11 10:00:00,6.3,75,8.9,130.0,1028.3
2017-01-11 11:00:00,6.8,72,6.8,166.0,1027.7
2017-01-11 12:00:00,7.2,68,7.5,170.0,1026.1
2017-01-11 13:00:00,7.5,64,7.3,174.0,1025.0
2017-01-11 14:00:00,7.6,64,7.1,135.0,1024.2
2017-01-11 15:00:00,7.7,64,7.0,133.0,1024.0
2017-01-11 16:00:00,7.0,74,4.0,59.0,1024.6
2017-01-11 17:00:00,6.5,82,3.3,13.0,1024.9
2017-01-11 18:00:00,6.2,85,2.2,0.0,1025.3
2017-01-11 19:00:00,6.0,84,3.3,0.0,1025.2
2017-01-11 20:00:00,5.5,82,1.0,0.0,1025.6
2017-01-11 21:00:00,5.4,85,1.1,0.0,1025.5
2017-01-11 22:00:00,5.0,89,2.5,0.0,1025.3
2017-01-11 23:00:00,5.0,88,2.3,0.0,1024.8
2017-01-12 00:00:00,5.1,89,3.3,0.0,1024.9
2017-01-12 01:00:00,4.8,93,5.4,0.0,1024.5
2017-01-12 02:00:00,4.6,94,7.4,0.0,1024.5
2017-01-12 03:00:00,4.6,90,5.3,0.0,1023.9
2017-01-12 04:00:00,4.1,89,5.5,0.0,1023.5
2017-01-12 05:00:00,3.6,92,5.8,0.0,1023.3
2017-01-12 06:00:00,3.2,94,5.4,0.0,1023.5
2017-01-12 07:00:00,3.1,95,4.0,0.0,1023.1
2017-01-12 08:00:00,3.5,94,6.6,5.0,1024.0
2017-01-12 09:00:00,3.7,93,5.5,17.0,1024.0
2017-01-12 10:00:00,4.0,92,7.2,46.0,1024.2
2017-01-12 11:00:00,4.3,90,5.8,62.0,1023.9
2017-01-12 12:00:00,5.0,86,4.3,125.0,1022.0
2017-01-12 13:00:00,6.0,81,4.7,222.0,1021.1
2017-01-12 14:00:00,6.2,79,5.2,139.0,1020.6
2017-01-12 15:00:00,6.2,78,6.6,65.0,1020.2
2017-01-12 16:00:00,6.5,76,7.7,59.0,1020.3
2017-01-12 17:00:00,6.5,76,6.1,21.0,1020.5
2017-01-12 18:00:00,6.3,84,3.6,1.0,1020.7
2017-01-12 19:00:00,6.6,74,1.5,0.0,1020.8
2017-01-12 20:00:00,5.6,88,4.7,0.0,1020.5
2017-01-12 21:00:00,5.4,89,6.0,0.0,1020.5
2017-01-12 22:00:00,4.9,92,5.5,0.0,1020.6
2017-01-12 23:00:00,3.3,96,5.8,0.0,1020.7
2017-01-13 00:00:00,3.3,96,6.4,0.0,1020.7
2017-01-13 01:00:00,2.8,94,7.5,0.0,1020.9
2017-01-13 02:00:00,2.4,94,6.5,0.0,1020.9
2017-01-13 03:00:00,2.0,94,7.2,0.0,1020.7
2017-01-13 04:00:00,1.3,94,6.1,0.0,1020.3
2017-01-13 05:00:00,0.7,95,5.8,0.0,1019.9
2017-01-13 06:00:00,0.2,95,5.8,0.0,1020.2
2017-01-13 07:00:00,-0.1,96,5.8,0.0,1020.6
2017-01-13 08:00:00,2.1,94,8.3,58.0,1021.5
2017-01-13 09:00:00,4.9,86,5.8,208.0,1021.9
2017-01-13 10:00:00,7.6,70,6.2,399.0,1022.1
2017-01-13 11:00:00,9.5,56,10.7,549.0,1021.8
2017-01-13 12:00:00,10.8,44,12.8,620.0,1020.9
2017-01-13 13:00:00,11.4,40,14.0,634.0,1019.8
2017-01-13 14:00:00,11.6,39,12.9,575.0,1019.3
2017-01-13 15:00:00,11.6,37,11.7,450.0,1019.5
2017-01-13 16:00:00,11.0,40,9.4,287.0,1019.9
2017-01-13 17:00:00,7.8,61,7.4,105.0,1020.3
2017-01-13 18:00:00,6.0,65,7.4,3.0,1020.9
2017-01-13 19:00:00,4.7,63,7.7,0.0,1021.4
2017-01-13 20:00:00,3.7,72,10.2,0.0,1022.0
2017-01-13 21:00:00,5.7,59,6.0,0.0,1022.2
2017-01-13 22:00:00,5.5,60,2.5,0.0,1022.7
2017-01-13 23:00:00,3.2,71,4.0,0.0,1023.2
2017-01-14 00:00:00,2.1,75,6.4,0.0,1023.2
2017-01-14 01:00:00,2.6,73,10.0,0.0,1023.8
2017-01-14 02:00:00,1.2,85,6.9,0.0,1024.5
2017-01-14 03:00:00,0.2,89,7.0,0.0,1024.8
2017-01-14 04:00:00,0.2,92,6.0,0.0,1024.9
2017-01-14 05:00:00,0.2,92,7.3,0.0,1024.8
2017-01-14 06:00:00,0.2,91,7.6,0.0,1025.2
2017-01-14 07:00:00,0.1,90,7.6,0.0,1025.7
2017-01-14 08:00:00,2.2,85,9.7,63.0,1026.9
2017-01-14 09:00:00,4.2,70,11.2,235.0,1027.7
2017-01-14 10:00:00,5.5,58,12.3,412.0,1028.1
2017-01-14 11:00:00,6.7,51,12.3,533.0,1027.6
2017-01-14 12:00:00,7.6,47,13.3,625.0,1026.5
2017-01-14 13:00:00,8.1,44,13.9,636.0,1025.4
2017-01-14 14:00:00,8.3,41,14.4,579.0,1024.9
2017-01-14 15:00:00,7.9,40,15.5,460.0,1024.7
2017-01-14 16:00:00,7.1,45,15.1,293.0,1025.2
2017-01-14 17:00:00,5.4,57,10.5,109.0,1025.8
2017-01-14 18:00:00,3.7,65,11.2,3.0,1026.5
2017-01-14 19:00:00,2.9,69,10.8,0.0,1026.9
2017-01-14 20:00:00,2.6,69,10.2,0.0,1027.4
2017-01-14 21:00:00,2.7,68,9.8,0.0,1028.0
2017-01-14 22:00:00,2.7,68,10.5,0.0,1028.7
2017-01-14 23:00:00,3.3,63,12.0,0.0,1029.5
2017-01-15 00:00:00,3.2,64,10.4,0.0,1029.7
2017-01-15 01:00:00,3.3,64,9.2,0.0,1029.8
2017-01-15 02:00:00,2.9,66,8.2,0.0,1029.7
2017-01-15 03:00:00,2.7,67,8.1,0.0,1029.7
2017-01-15 04:00:00,2.4,69,8.6,0.0,1029.4
2017-01-15 05:00:00,2.3,72,9.1,0.0,1029.1
2017-01-15 06:00:00,2.3,73,8.8,0.0,1029.2
2017-01-15 07:00:00,1.4,79,7.2,0.0,1029.3
2017-01-15 08:00:00,2.4,77,9.2,53.0,1030.3
2017-01-15 09:00:00,3.8,70,10.0,188.0,1030.6
2017-01-15 10:00:00,5.0,64,9.9,331.0,1030.4
2017-01-15 11:00:00,6.6,56,10.6,525.0,1029.8
2017-01-15 12:00:00,7.3,53,9.5,555.0,1028.2
2017-01-15 13:00:00,7.6,51,8.6,476.0,1026.9
2017-01-15 14:00:00,7.6,51,8.7,369.0,1026.2
2017-01-15 15:00:00,7.5,50,9.4,283.0,1026.3
2017-01-15 16:00:00,7.3,50,9.7,154.0,1026.6
2017-01-15 17:00:00,6.5,54,7.6,67.0,1026.7
2017-01-15 18:00:00,5.7,57,6.8,3.0,1026.8
2017-01-15 19:00:00,5.5,57,7.8,0.0,1026.7
2017-01-15 20:00:00,3.7,66,6.8,0.0,1027.1
2017-01-15 21:00:00,3.4,67,7.4,0.0,1027.3
2017-01-15 22:00:00,3.6,67,9.4,0.0,1027.1
2017-01-15 23:00:00,3.9,67,8.4,0.0,1027.6
2017-01-16 00:00:00,3.5,68,7.7,0.0,1027.3
2017-01-16 01:00:00,1.9,75,6.3,0.0,1027.3
2017-01-16 02:00:00,1.4,78,5.8,0.0,1027.3
2017-01-16 03:00:00,1.0,80,7.2,0.0,1027.7
2017-01-16 04:00:00,1.0,80,7.3,0.0,1027.4
2017-01-16 05:00:00,0.6,82,6.5,0.0,1027.6
2017-01-16 06:00:00,0.0,86,5.4,0.0,1027.6
2017-01-16 07:00:00,0.6,82,5.4,0.0,1027.8
2017-01-16 08:00:00,1.5,81,7.2,48.0,1028.7
2017-01-16 09:00:00,3.2,76,6.0,202.0,1029.1
2017-01-16 10:00:00,4.8,70,5.7,329.0,1029.1
2017-01-16 11:00:00,6.5,63,7.3,533.0,1028.5
2017-01-16 12:00:00,7.5,58,7.1,603.0,1027.3
2017-01-16 13:00:00,8.0,56,7.1,537.0,1026.3
2017-01-16 14:00:00,8.3,55,7.9,507.0,1025.8
2017-01-16 15:00:00,8.2,54,9.7,342.0,1025.7
2017-01-16 16:00:00,7.9,54,12.3,223.0,1025.7
2017-01-16 17:00:00,6.9,60,11.9,86.0,1025.8
2017-01-16 18:00:00,5.4,65,10.5,4.0,1026.2
2017-01-16 19:00:00,3.5,75,6.6,0.0,1026.9
2017-01-16 20:00:00,3.0,83,9.1,0.0,1027.6
2017-01-16 21:00:00,2.5,86,7.9,0.0,1027.7
2017-01-16 22:00:00,2.5,85,6.1,0.0,1028.1
2017-01-16 23:00:00,1.9,89,6.2,0.0,1028.7
2017-01-17 00:00:00,1.2,90,7.1,0.0,1028.7
2017-01-17 01:00:00,2.3,88,5.6,0.0,1028.2
2017-01-17 02:00:00,2.5,86,5.4,0.0,1028.2
2017-01-17 03:00:00,2.6,83,4.8,0.0,1027.7
2017-01-17 04:00:00,1.9,84,5.6,0.0,1027.3
2017-01-17 05:00:00,2.6,79,4.3,0.0,1026.6
2017-01-17 06:00:00,3.1,76,4.8,0.0,1027.0
2017-01-17 07:00:00,2.9,78,5.3,0.0,1027.4
2017-01-17 08:00:00,3.6,79,3.7,22.0,1027.4
2017-01-17 09:00:00,4.7,77,2.9,93.0,1027.9
2017-01-17 10:00:00,5.7,77,3.0,136.0,1027.9
2017-01-17 11:00:00,6.2,77,4.1,110.0,1028.1
2017-01-17 12:00:00,6.7,77,4.3,122.0,1027.0
2017-01-17 13:00:00,7.1,77,4.0,129.0,1025.6
2017-01-17 14:00:00,7.5,77,4.6,109.0,1025.2
2017-01-17 15:00:00,7.7,79,5.0,86.0,1025.1
2017-01-17 16:00:00,7.8,82,5.4,52.0,1025.5
2017-01-17 17:00:00,7.2,91,4.9,13.0,1025.7
2017-01-17 18:00:00,7.0,92,4.5,0.0,1026.2
2017-01-17 19:00:00,7.2,93,6.0,0.0,1026.5
2017-01-17 20:00:00,5.8,95,2.9,0.0,1027.0
2017-01-17 21:00:00,5.6,96,2.6,0.0,1027.1
2017-01-17 22:00:00,5.6,96,3.9,0.0,1027.4
2017-01-17 23:00:00,5.7,96,5.0,0.0,1027.5
2017-01-18 00:00:00,5.8,96,5.9,0.0,1027.2
2017-01-18 01:00:00,5.8,96,5.2,0.0,1027.1
2017-01-18 02:00:00,5.9,96,4.1,0.0,1026.8
2017-01-18 03:00:00,6.0,96,6.5,0.0,1026.4
2017-01-18 04:00:00,6.2,96,5.9,0.0,1025.8
2017-01-18 05:00:00,6.4,96,6.4,0.0,1025.8
2017-01-18 06:00:00,6.7,96,5.9,0.0,1025.9
2017-01-18 07:00:00,6.8,97,4.4,0.0,1026.2
2017-01-18 08:00:00,7.0,97,3.7,7.0,1026.7
2017-01-18 09:00:00,7.5,95,5.1,27.0,1027.3
2017-01-18 10:00:00,7.6,96,4.9,34.0,1027.1
2017-01-18 11:00:00,7.8,96,5.4,33.0,1027.1
2017-01-18 12:00:00,8.2,96,5.8,49.0,1025.8
2017-01-18 13:00:00,8.7,95,5.5,42.0,1024.7
2017-01-18 14:00:00,9.2,92,7.2,46.0,1024.2
2017-01-18 15:00:00,9.0,93,11.0,24.0,1024.2
2017-01-18 16:00:00,8.5,92,13.2,17.0,1024.6
2017-01-18 17:00:00,8.1,91,11.6,7.0,1025.1
2017-01-18 18:00:00,7.9,91,11.3,0.0,1025.3
2017-01-18 19:00:00,7.7,92,10.8,0.0,1025.5
2017-01-18 20:00:00,7.6,92,12.3,0.0,1025.2
2017-01-18 21:00:00,7.4,91,13.0,0.0,1025.5
2017-01-18 22:00:00,7.1,90,11.8,0.0,1025.9
2017-01-18 23:00:00,6.8,92,9.8,0.0,1026.1
2017-01-19 00:00:00,6.6,93,9.8,0.0,1026.2
2017-01-19 01:00:00,6.5,91,10.9,0.0,1026.2
2017-01-19 02:00:00,6.3,91,9.4,0.0,1025.9
2017-01-19 03:00:00,6.1,91,9.4,0.0,1025.5
2017-01-19 04:00:00,6.0,92,9.4,0.0,1025.6
2017-01-19 05:00:00,6.0,92,10.1,0.0,1025.7
2017-01-19 06:00:00,5.9,92,8.3,0.0,1025.6
2017-01-19 07:00:00,5.9,92,6.6,0.0,1025.6
2017-01-19 08:00:00,6.0,92,4.1,6.0,1025.7
2017-01-19 09:00:00,6.4,90,5.4,37.0,1026.2
2017-01-19 10:00:00,6.8,87,6.3,61.0,1026.3
2017-01-19 11:00:00,7.2,84,6.0,78.0,1026.0
2017-01-19 12:00:00,7.7,81,9.0,104.0,1025.2
2017-01-19 13:00:00,7.8,80,8.8,75.0,1024.1
2017-01-19 14:00:00,8.0,79,8.4,69.0,1023.9
2017-01-19 15:00:00,7.9,79,7.2,53.0,1023.4
2017-01-19 16:00:00,7.9,79,8.6,48.0,1023.9
2017-01-19 17:00:00,7.6,82,8.7,19.0,1024.4
2017-01-19 18:00:00,7.4,84,9.5,1.0,1025.1
2017-01-19 19:00:00,7.3,84,11.9,0.0,1025.4
2017-01-19 20:00:00,6.9,86,14.7,0.0,1026.3
2017-01-19 21:00:00,6.8,85,13.9,0.0,1027.0
2017-01-19 22:00:00,6.7,83,14.8,0.0,1027.5
2017-01-19 23:00:00,6.7,81,16.8,0.0,1028.2
2017-01-20 00:00:00,6.1,81,15.7,0.0,1028.5
2017-01-20 01:00:00,5.6,81,16.1,0.0,1028.5
2017-01-20 02:00:00,4.9,82,18.9,0.0,1029.0
2017-01-20 03:00:00,3.7,51,20.5,0.0,1029.7
2017-01-20 04:00:00,1.9,48,16.0,0.0,1030.2
2017-01-20 05:00:00,0.9,47,14.4,0.0,1030.5
2017-01-20 06:00:00,0.1,46,14.1,0.0,1031.2
2017-01-20 07:00:00,-0.7,47,13.2,0.0,1031.9
2017-01-20 08:00:00,0.7,51,13.2,69.0,1032.8
2017-01-20 09:00:00,1.9,42,17.6,252.0,1033.8
2017-01-20 10:00:00,3.0,38,18.3,435.0,1034.0
2017-01-20 11:00:00,4.1,35,18.3,576.0,1033.7
2017-01-20 12:00:00,5.0,34,19.7,657.0,1032.7
2017-01-20 13:00:00,5.6,31,19.2,669.0,1031.6
2017-01-20 14:00:00,5.7,29,18.6,611.0,1030.7
2017-01-20 15:00:00,5.2,30,18.0,490.0,1030.7
2017-01-20 16:00:00,4.3,34,15.8,319.0,1030.8
2017-01-20 17:00:00,3.0,40,10.0,128.0,1030.9
2017-01-20 18:00:00,1.0,47,7.8,7.0,1031.5
2017-01-20 19:00:00,0.0,48,7.2,0.0,1031.9
2017-01-20 20:00:00,-0.6,58,8.4,0.0,1032.5
2017-01-20 21:00:00,-0.7,53,6.9,0.0,1032.3
2017-01-20 22:00:00,-1.1,54,7.4,0.0,1032.8
2017-01-20 23:00:00,-2.1,64,7.1,0.0,1032.8
2017-01-21 00:00:00,-3.1,74,8.3,0.0,1032.6
2017-01-21 01:00:00,-3.4,75,7.2,0.0,1032.5
2017-01-21 02:00:00,-3.6,75,6.4,0.0,1032.5
2017-01-21 03:00:00,-4.2,80,7.9,0.0,1031.6
2017-01-21 04:00:00,-2.5,73,5.2,0.0,1031.2
2017-01-21 05:00:00,-3.6,78,3.3,0.0,1031.3
2017-01-21 06:00:00,-4.9,84,4.6,0.0,1031.8
2017-01-21 07:00:00,-5.4,87,4.8,0.0,1031.5
2017-01-21 08:00:00,-2.1,76,3.7,70.0,1031.8
2017-01-21 09:00:00,0.4,67,5.3,253.0,1031.9
2017-01-21 10:00:00,2.5,56,7.0,435.0,1031.9
2017-01-21 11:00:00,4.3,50,8.9,574.0,1030.8
2017-01-21 12:00:00,5.8,46,6.5,655.0,1029.6
2017-01-21 13:00:00,7.1,44,4.3,665.0,1028.3
2017-01-21 14:00:00,7.7,40,4.6,594.0,1027.3
2017-01-21 15:00:00,8.0,40,2.9,484.0,1026.6
2017-01-21 16:00:00,8.0,40,3.9,317.0,1026.8
2017-01-21 17:00:00,5.6,66,5.2,129.0,1027.2
2017-01-21 18:00:00,5.9,48,2.9,7.0,1027.7
2017-01-21 19:00:00,4.7,56,4.8,0.0,1028.4
2017-01-21 20:00:00,2.9,66,7.0,0.0,1029.0
2017-01-21 21:00:00,1.1,74,8.3,0.0,1029.5
2017-01-21 22:00:00,0.6,73,6.9,0.0,1030.7
2017-01-21 23:00:00,-0.3,77,6.3,0.0,1031.2
2017-01-22 00:00:00,-0.9,79,7.1,0.0,1031.3
2017-01-22 01:00:00,-1.2,81,6.2,0.0,1031.5
2017-01-22 02:00:00,-1.6,84,6.2,0.0,1031.4
2017-01-22 03:00:00,-2.2,86,6.5,0.0,1030.9
2017-01-22 04:00:00,-2.7,88,5.7,0.0,1030.5
2017-01-22 05:00:00,-2.5,85,7.3,0.0,1031.0
2017-01-22 06:00:00,-2.3,81,7.6,0.0,1032.2
2017-01-22 07:00:00,-2.5,82,6.9,0.0,1032.7
2017-01-22 08:00:00,0.7,72,11.8,70.0,1034.3
2017-01-22 09:00:00,3.3,62,12.2,251.0,1034.7
2017-01-22 10:00:00,4.7,57,11.3,434.0,1034.9
2017-01-22 11:00:00,6.1,52,7.9,576.0,1034.6
2017-01-22 12:00:00,7.1,47,8.0,657.0,1033.3
2017-01-22 13:00:00,7.9,43,8.6,669.0,1032.2
2017-01-22 14:00:00,8.3,41,9.3,611.0,1031.4
2017-01-22 15:00:00,8.4,41,10.8,489.0,1031.0
2017-01-22 16:00:00,7.5,44,13.1,320.0,1030.9
2017-01-22 17:00:00,5.5,48,10.7,131.0,1031.1
2017-01-22 18:00:00,3.1,46,9.2,8.0,1031.6
2017-01-22 19:00:00,1.4,49,6.7,0.0,1032.1
2017-01-22 20:00:00,0.4,61,9.0,0.0,1032.6
2017-01-22 21:00:00,0.4,57,6.2,0.0,1032.4
2017-01-22 22:00:00,-0.5,61,6.9,0.0,1032.3
2017-01-22 23:00:00,-1.0,64,6.9,0.0,1032.6
2017-01-23 00:00:00,-1.2,64,6.5,0.0,1032.9
2017-01-23 01:00:00,-1.8,73,8.0,0.0,1033.2
2017-01-23 02:00:00,-1.7,78,7.2,0.0,1033.4
2017-01-23 03:00:00,-2.6,82,7.4,0.0,1033.1
2017-01-23 04:00:00,-3.1,81,6.9,0.0,1033.1
2017-01-23 05:00:00,-3.5,82,6.2,0.0,1033.1
2017-01-23 06:00:00,-3.9,83,5.6,0.0,1033.8
2017-01-23 07:00:00,-3.8,83,4.3,0.0,1034.4
2017-01-23 08:00:00,-1.2,76,4.8,71.0,1034.9
2017-01-23 09:00:00,1.3,67,3.3,253.0,1035.5
2017-01-23 10:00:00,3.3,58,4.1,424.0,1035.6
2017-01-23 11:00:00,4.7,50,6.2,481.0,1035.6
2017-01-23 12:00:00,6.0,44,7.6,635.0,1034.5
2017-01-23 13:00:00,6.5,41,9.3,577.0,1033.2
2017-01-23 14:00:00,7.0,41,9.0,601.0,1032.6
2017-01-23 15:00:00,7.1,41,9.0,493.0,1032.2
2017-01-23 16:00:00,6.8,42,9.1,317.0,1032.2
2017-01-23 17:00:00,5.1,56,5.6,125.0,1032.5
2017-01-23 18:00:00,3.0,63,7.9,8.0,1032.8
2017-01-23 19:00:00,1.8,69,7.6,0.0,1033.1
2017-01-23 20:00:00,0.9,74,8.0,0.0,1033.1
2017-01-23 21:00:00,0.6,80,7.3,0.0,1033.0
2017-01-23 22:00:00,0.7,78,6.6,0.0,1033.2
2017-01-23 23:00:00,1.0,74,6.6,0.0,1033.5
2017-01-24 00:00:00,0.5,77,6.8,0.0,1033.3
2017-01-24 01:00:00,0.1,82,6.8,0.0,1033.4
2017-01-24 02:00:00,-0.6,86,8.3,0.0,1033.5
2017-01-24 03:00:00,-0.5,87,8.0,0.0,1033.0
2017-01-24 04:00:00,-0.8,88,8.1,0.0,1032.5
2017-01-24 05:00:00,-1.0,89,8.0,0.0,1032.3
2017-01-24 06:00:00,-1.1,89,8.0,0.0,1032.3
2017-01-24 07:00:00,-0.9,90,7.2,0.0,1032.9
2017-01-24 08:00:00,1.4,82,6.5,64.0,1033.8
2017-01-24 09:00:00,3.6,70,8.0,246.0,1034.4
2017-01-24 10:00:00,5.7,65,13.1,437.0,1034.6
2017-01-24 11:00:00,7.2,59,15.3,577.0,1034.5
2017-01-24 12:00:00,8.3,56,14.9,651.0,1033.5
2017-01-24 13:00:00,8.8,56,15.1,662.0,1032.5
2017-01-24 14:00:00,8.9,59,16.0,592.0,1031.8
2017-01-24 15:00:00,8.5,60,17.5,424.0,1031.4
2017-01-24 16:00:00,7.8,62,17.4,273.0,1031.6
2017-01-24 17:00:00,6.7,67,14.7,103.0,1031.9
2017-01-24 18:00:00,5.2,72,12.9,8.0,1032.5
2017-01-24 19:00:00,4.9,73,12.5,0.0,1032.8
2017-01-24 20:00:00,4.4,76,10.2,0.0,1033.5
2017-01-24 21:00:00,4.3,79,10.8,0.0,1033.1
2017-01-24 22:00:00,4.3,80,11.0,0.0,1033.0
2017-01-24 23:00:00,3.4,83,9.1,0.0,1033.2
2017-01-25 00:00:00,2.5,87,8.1,0.0,1032.7
2017-01-25 01:00:00,2.2,88,6.6,0.0,1032.6
2017-01-25 02:00:00,2.0,89,5.9,0.0,1032.3
2017-01-25 03:00:00,1.9,90,6.5,0.0,1031.8
2017-01-25 04:00:00,1.9,91,7.1,0.0,1031.3
2017-01-25 05:00:00,2.5,88,5.4,0.0,1031.1
2017-01-25 06:00:00,3.6,80,4.0,0.0,1031.6
2017-01-25 07:00:00,3.4,82,4.9,0.0,1032.2
2017-01-25 08:00:00,3.9,80,2.8,23.0,1032.5
2017-01-25 09:00:00,4.9,76,3.1,98.0,1033.1
2017-01-25 10:00:00,6.3,71,3.0,200.0,1033.5
2017-01-25 11:00:00,7.6,66,3.8,289.0,1033.6
2017-01-25 12:00:00,8.9,63,5.3,395.0,1032.3
2017-01-25 13:00:00,10.0,60,6.5,513.0,1031.3
2017-01-25 14:00:00,10.5,59,7.0,518.0,1030.3
2017-01-25 15:00:00,10.6,57,7.7,438.0,1029.8
2017-01-25 16:00:00,10.4,56,6.9,311.0,1029.9
2017-01-25 17:00:00,8.3,76,6.1,133.0,1030.2
2017-01-25 18:00:00,6.1,81,7.5,10.0,1030.6
2017-01-25 19:00:00,5.0,88,8.6,0.0,1031.0
2017-01-25 20:00:00,3.9,92,7.2,0.0,1030.7
2017-01-25 21:00:00,3.4,91,7.8,0.0,1030.7
2017-01-25 22:00:00,2.7,92,8.7,0.0,1030.8
2017-01-25 23:00:00,2.6,93,8.2,0.0,1031.2
2017-01-26 00:00:00,4.2,90,2.9,0.0,1031.0
2017-01-26 01:00:00,3.5,94,0.8,0.0,1030.9
2017-01-26 02:00:00,3.1,96,1.1,0.0,1030.8
2017-01-26 03:00:00,2.0,98,3.2,0.0,1030.2
2017-01-26 04:00:00,0.1,100,4.0,0.0,1030.0
2017-01-26 05:00:00,-0.3,99,5.0,0.0,1029.7
2017-01-26 06:00:00,-0.4,99,6.4,0.0,1029.7
2017-01-26 07:00:00,0.1,100,5.8,0.0,1029.0
2017-01-26 08:00:00,3.2,91,5.9,57.0,1028.8
2017-01-26 09:00:00,6.2,79,4.7,255.0,1028.8
2017-01-26 10:00:00,8.9,69,6.8,440.0,1028.0
2017-01-26 11:00:00,10.9,63,5.1,580.0,1027.9
2017-01-26 12:00:00,12.1,59,3.6,661.0,1027.0
2017-01-26 13:00:00,13.0,56,3.6,674.0,1025.7
2017-01-26 14:00:00,13.7,53,4.0,618.0,1024.9
2017-01-26 15:00:00,14.0,52,4.5,498.0,1024.5
2017-01-26 16:00:00,13.8,52,5.8,330.0,1024.1
2017-01-26 17:00:00,11.1,72,7.2,140.0,1024.0
2017-01-26 18:00:00,8.7,76,8.4,10.0,1024.3
2017-01-26 19:00:00,6.7,88,7.3,0.0,1024.8
2017-01-26 20:00:00,5.8,89,7.7,0.0,1024.1
2017-01-26 21:00:00,5.1,90,8.9,0.0,1025.0
2017-01-26 22:00:00,6.8,83,4.4,0.0,1025.3
2017-01-26 23:00:00,4.3,90,7.3,0.0,1025.1
2017-01-27 00:00:00,3.3,93,7.2,0.0,1025.0
2017-01-27 01:00:00,2.4,95,7.6,0.0,1025.0
2017-01-27 02:00:00,1.7,96,7.4,0.0,1025.0
2017-01-27 03:00:00,1.8,95,6.4,0.0,1024.6
2017-01-27 04:00:00,2.4,92,6.5,0.0,1024.7
2017-01-27 05:00:00,2.6,91,6.9,0.0,1024.9
2017-01-27 06:00:00,2.0,93,6.4,0.0,1025.4
2017-01-27 07:00:00,1.8,94,5.8,0.0,1026.1
2017-01-27 08:00:00,5.1,85,5.9,69.0,1027.1
2017-01-27 09:00:00,8.3,74,8.6,247.0,1027.5
2017-01-27 10:00:00,10.7,70,14.8,408.0,1028.0
2017-01-27 11:00:00,11.3,68,14.4,564.0,1028.3
2017-01-27 12:00:00,11.8,66,14.4,614.0,1027.9
2017-01-27 13:00:00,12.6,62,10.2,511.0,1027.0
2017-01-27 14:00:00,13.5,55,9.4,456.0,1026.4
2017-01-27 15:00:00,13.1,57,13.8,247.0,1026.1
2017-01-27 16:00:00,11.0,68,15.2,105.0,1026.3
2017-01-27 17:00:00,10.4,72,8.9,51.0,1026.3
2017-01-27 18:00:00,8.7,83,7.6,7.0,1026.8
2017-01-27 19:00:00,8.5,82,13.0,0.0,1026.9
2017-01-27 20:00:00,8.1,82,13.4,0.0,1026.9
2017-01-27 21:00:00,7.9,81,15.2,0.0,1026.5
2017-01-27 22:00:00,7.1,82,14.0,0.0,1026.3
2017-01-27 23:00:00,6.3,86,10.8,0.0,1026.1
2017-01-28 00:00:00,4.9,93,6.6,0.0,1025.7
2017-01-28 01:00:00,4.5,95,6.5,0.0,1025.2
2017-01-28 02:00:00,4.7,96,6.5,0.0,1024.8
2017-01-28 03:00:00,4.3,97,5.9,0.0,1024.1
2017-01-28 04:00:00,4.3,97,6.1,0.0,1023.5
2017-01-28 05:00:00,3.1,99,8.1,0.0,1022.8
2017-01-28 06:00:00,4.8,97,3.9,0.0,1022.6
2017-01-28 07:00:00,4.5,99,3.7,0.0,1022.6
2017-01-28 08:00:00,4.7,98,4.0,61.0,1022.3
2017-01-28 09:00:00,6.5,94,5.8,193.0,1022.1
2017-01-28 10:00:00,9.3,83,7.1,374.0,1021.9
2017-01-28 11:00:00,11.9,74,8.4,535.0,1021.2
2017-01-28 12:00:00,14.3,67,7.4,622.0,1019.8
2017-01-28 13:00:00,16.3,58,7.2,653.0,1018.4
2017-01-28 14:00:00,17.4,53,7.8,590.0,1017.2
2017-01-28 15:00:00,18.0,51,8.7,481.0,1016.6
2017-01-28 16:00:00,17.8,53,7.9,324.0,1016.3
2017-01-28 17:00:00,14.9,71,6.6,139.0,1016.2
2017-01-28 18:00:00,11.7,83,7.9,12.0,1016.3
2017-01-28 19:00:00,9.3,90,9.0,0.0,1016.4
2017-01-28 20:00:00,8.4,92,9.8,0.0,1015.8
2017-01-28 21:00:00,9.1,91,7.4,0.0,1015.8
2017-01-28 22:00:00,8.1,92,9.7,0.0,1015.5
2017-01-28 23:00:00,8.0,90,8.6,0.0,1015.7
2017-01-29 00:00:00,7.7,90,7.2,0.0,1015.7
2017-01-29 01:00:00,7.3,91,6.5,0.0,1015.6
2017-01-29 02:00:00,8.3,87,7.4,0.0,1015.5
2017-01-29 03:00:00,8.4,87,8.6,0.0,1015.2
2017-01-29 04:00:00,8.6,88,9.2,0.0,1015.1
2017-01-29 05:00:00,8.5,88,9.2,0.0,1015.2
2017-01-29 06:00:00,9.4,84,8.9,0.0,1015.3
2017-01-29 07:00:00,10.8,78,11.2,0.0,1015.7
2017-01-29 08:00:00,12.2,77,10.3,50.0,1016.2
2017-01-29 09:00:00,14.4,73,11.5,153.0,1016.2
2017-01-29 10:00:00,17.5,66,10.7,400.0,1016.1
2017-01-29 11:00:00,20.0,61,13.1,551.0,1015.8
2017-01-29 12:00:00,21.7,59,13.8,638.0,1014.9
2017-01-29 13:00:00,22.3,57,15.3,652.0,1014.1
2017-01-29 14:00:00,22.5,54,13.2,593.0,1013.8
2017-01-29 15:00:00,19.1,61,19.3,333.0,1014.5
2017-01-29 16:00:00,18.0,64,20.0,197.0,1015.3
2017-01-29 17:00:00,15.3,71,20.3,104.0,1016.2
2017-01-29 18:00:00,13.6,72,24.1,10.0,1017.9
2017-01-29 19:00:00,12.1,73,22.4,0.0,1019.5
2017-01-29 20:00:00,10.2,75,23.0,0.0,1020.8
2017-01-29 21:00:00,9.6,75,21.4,0.0,1022.1
2017-01-29 22:00:00,8.8,76,22.3,0.0,1023.1
2017-01-29 23:00:00,8.0,81,23.3,0.0,1023.8
2017-01-30 00:00:00,7.2,83,22.9,0.0,1024.3
2017-01-30 01:00:00,6.5,83,22.9,0.0,1025.1
2017-01-30 02:00:00,5.7,81,22.9,0.0,1025.9
2017-01-30 03:00:00,5.2,82,20.4,0.0,1026.9
2017-01-30 04:00:00,4.9,83,17.4,0.0,1027.8
2017-01-30 05:00:00,4.6,82,17.9,0.0,1028.2
2017-01-30 06:00:00,4.0,82,20.7,0.0,1028.8
2017-01-30 07:00:00,3.5,78,21.4,0.0,1029.6
2017-01-30 08:00:00,3.2,75,19.2,35.0,1031.1
2017-01-30 09:00:00,3.1,67,20.6,127.0,1031.9
2017-01-30 10:00:00,3.8,62,20.2,309.0,1032.4
2017-01-30 11:00:00,4.5,58,20.9,461.0,1032.1
2017-01-30 12:00:00,5.2,53,22.0,607.0,1031.3
2017-01-30 13:00:00,5.3,51,22.7,586.0,1030.7
2017-01-30 14:00:00,5.4,50,22.6,624.0,1030.1
2017-01-30 15:00:00,5.2,51,22.0,515.0,1030.1
2017-01-30 16:00:00,4.9,50,21.0,334.0,1030.6
2017-01-30 17:00:00,4.3,52,17.2,140.0,1030.7
2017-01-30 18:00:00,3.7,55,12.2,12.0,1030.9
2017-01-30 19:00:00,3.6,54,13.0,0.0,1031.1
2017-01-30 20:00:00,3.3,55,10.8,0.0,1032.0
2017-01-30 21:00:00,3.1,54,12.5,0.0,1031.4
2017-01-30 22:00:00,2.4,57,12.5,0.0,1031.4
2017-01-30 23:00:00,1.7,61,11.8,0.0,1031.4
2017-01-31 00:00:00,1.3,63,10.9,0.0,1031.1
2017-01-31 01:00:00,0.9,65,10.2,0.0,1030.9
2017-01-31 02:00:00,0.6,67,8.7,0.0,1030.7
2017-01-31 03:00:00,0.1,69,7.9,0.0,1030.6
2017-01-31 04:00:00,0.2,68,6.9,0.0,1030.5
2017-01-31 05:00:00,0.3,67,7.9,0.0,1030.1
2017-01-31 06:00:00,-0.1,70,5.5,0.0,1029.8
2017-01-31 07:00:00,0.3,69,6.4,0.0,1029.5
2017-01-31 08:00:00,1.1,70,5.5,51.0,1029.8
2017-01-31 09:00:00,2.5,65,7.7,215.0,1029.5
2017-01-31 10:00:00,3.9,63,9.5,419.0,1029.3
2017-01-31 11:00:00,4.9,63,8.0,517.0,1028.9
2017-01-31 12:00:00,5.8,62,9.5,558.0,1027.6
2017-01-31 13:00:00,6.5,62,10.7,587.0,1026.4
2017-01-31 14:00:00,6.7,62,11.5,482.0,1025.2
2017-01-31 15:00:00,6.9,62,11.9,368.0,1024.7
2017-01-31 16:00:00,6.9,62,11.5,273.0,1025.0
2017-01-31 17:00:00,6.0,66,12.3,127.0,1025.1
2017-01-31 18:00:00,4.4,74,8.6,13.0,1025.7
2017-01-31 19:00:00,4.2,77,6.4,0.0,1025.8
2017-01-31 20:00:00,4.1,81,4.3,0.0,1026.2
2017-01-31 21:00:00,5.1,75,4.3,0.0,1026.0
2017-01-31 22:00:00,5.4,75,2.9,0.0,1026.2
2017-01-31 23:00:00,5.4,77,3.3,0.0,1026.3
2017-02-01 00:00:00,5.4,77,6.0,0.0,1026.1
2017-02-01 01:00:00,5.4,76,7.8,0.0,1026.6
2017-02-01 02:00:00,5.2,74,8.7,0.0,1027.1
2017-02-01 03:00:00,4.9,71,8.7,0.0,1026.9
2017-02-01 04:00:00,4.7,71,10.0,0.0,1027.4
2017-02-01 05:00:00,4.5,68,11.3,0.0,1027.9
2017-02-01 06:00:00,4.3,69,10.5,0.0,1028.5
2017-02-01 07:00:00,4.1,71,12.7,0.0,1029.5
2017-02-01 08:00:00,3.4,81,14.4,10.0,1031.3
2017-02-01 09:00:00,3.4,81,14.3,40.0,1031.9
2017-02-01 10:00:00,3.8,77,11.6,84.0,1031.8
2017-02-01 11:00:00,5.0,71,10.0,248.0,1032.0
2017-02-01 12:00:00,5.9,67,11.7,323.0,1031.6
2017-02-01 13:00:00,6.3,64,14.8,302.0,1031.0
2017-02-01 14:00:00,6.2,61,17.7,222.0,1030.9
2017-02-01 15:00:00,6.2,59,17.9,206.0,1031.0
2017-02-01 16:00:00,5.8,60,16.9,146.0,1031.6
2017-02-01 17:00:00,5.3,61,15.4,69.0,1032.1
2017-02-01 18:00:00,4.8,63,11.5,6.0,1032.7
2017-02-01 19:00:00,4.9,63,11.6,0.0,1033.1
2017-02-01 20:00:00,4.5,65,10.7,0.0,1033.5
2017-02-01 21:00:00,4.3,67,8.6,0.0,1033.2
2017-02-01 22:00:00,3.8,71,4.5,0.0,1033.4
2017-02-01 23:00:00,3.0,76,5.2,0.0,1033.7
2017-02-02 00:00:00,2.7,75,6.3,0.0,1033.1
2017-02-02 01:00:00,3.2,70,6.6,0.0,1033.0
2017-02-02 02:00:00,2.8,69,6.6,0.0,1032.4
2017-02-02 03:00:00,2.6,67,5.9,0.0,1031.7
2017-02-02 04:00:00,1.4,72,5.8,0.0,1031.3
2017-02-02 05:00:00,0.6,77,6.5,0.0,1031.6
2017-02-02 06:00:00,1.1,75,5.8,0.0,1032.3
2017-02-02 07:00:00,2.2,71,8.3,0.0,1032.6
2017-02-02 08:00:00,3.0,70,9.0,51.0,1033.2
2017-02-02 09:00:00,3.5,71,9.4,83.0,1033.4
2017-02-02 10:00:00,5.0,66,9.9,296.0,1033.2
2017-02-02 11:00:00,6.1,62,10.5,382.0,1032.8
2017-02-02 12:00:00,6.6,61,10.9,348.0,1031.2
2017-02-02 13:00:00,6.7,62,10.3,257.0,1029.9
2017-02-02 14:00:00,6.7,63,11.4,207.0,1028.8
2017-02-02 15:00:00,6.7,63,12.1,166.0,1028.5
2017-02-02 16:00:00,6.2,65,12.7,65.0,1028.4
2017-02-02 17:00:00,6.1,67,11.9,73.0,1027.9
2017-02-02 18:00:00,4.1,79,6.5,15.0,1028.0
2017-02-02 19:00:00,3.3,85,6.2,0.0,1028.0
2017-02-02 20:00:00,4.1,83,6.2,0.0,1027.5
2017-02-02 21:00:00,4.2,82,6.2,0.0,1027.1
2017-02-02 22:00:00,4.2,81,5.6,0.0,1027.0
2017-02-02 23:00:00,4.0,82,5.2,0.0,1026.8
2017-02-03 00:00:00,3.8,85,5.2,0.0,1026.8
2017-02-03 01:00:00,4.2,82,4.0,0.0,1026.1
2017-02-03 02:00:00,4.5,80,4.2,0.0,1025.8
2017-02-03 03:00:00,4.6,79,4.3,0.0,1024.9
2017-02-03 04:00:00,4.8,78,2.6,0.0,1024.6
2017-02-03 05:00:00,4.9,79,1.5,0.0,1024.5
2017-02-03 06:00:00,5.1,78,3.3,0.0,1024.6
2017-02-03 07:00:00,5.1,79,2.6,0.0,1024.5
2017-02-03 08:00:00,5.4,81,1.8,11.0,1024.9
2017-02-03 09:00:00,5.9,80,1.3,47.0,1024.8
2017-02-03 10:00:00,7.3,76,1.1,195.0,1024.6
2017-02-03 11:00:00,8.5,72,0.5,284.0,1024.3
2017-02-03 12:00:00,9.9,69,2.6,374.0,1022.8
2017-02-03 13:00:00,10.6,68,4.3,356.0,1021.6
2017-02-03 14:00:00,11.5,67,2.6,448.0,1020.8
2017-02-03 15:00:00,11.9,66,1.5,346.0,1020.5
2017-02-03 16:00:00,12.1,65,4.3,185.0,1020.7
2017-02-03 17:00:00,11.2,70,9.0,39.0,1020.8
2017-02-03 18:00:00,9.9,75,8.0,7.0,1020.9
2017-02-03 19:00:00,9.6,76,7.7,0.0,1021.2
2017-02-03 20:00:00,8.1,82,6.8,0.0,1021.8
2017-02-03 21:00:00,7.9,81,8.1,0.0,1021.8
2017-02-03 22:00:00,7.8,82,5.2,0.0,1021.7
2017-02-03 23:00:00,7.6,84,5.3,0.0,1021.4
2017-02-04 00:00:00,7.3,86,5.5,0.0,1021.0
2017-02-04 01:00:00,7.1,88,2.9,0.0,1020.2
2017-02-04 02:00:00,7.1,88,2.6,0.0,1019.7
2017-02-04 03:00:00,6.9,92,4.9,0.0,1019.1
2017-02-04 04:00:00,6.9,93,3.2,0.0,1018.6
2017-02-04 05:00:00,6.7,96,3.0,0.0,1018.7
2017-02-04 06:00:00,6.8,96,5.7,0.0,1019.1
2017-02-04 07:00:00,6.8,94,5.9,0.0,1019.4
2017-02-04 08:00:00,7.0,94,3.4,15.0,1019.6
2017-02-04 09:00:00,7.5,91,4.7,53.0,1019.7
2017-02-04 10:00:00,8.4,86,4.3,168.0,1019.7
2017-02-04 11:00:00,8.8,84,3.6,149.0,1019.2
2017-02-04 12:00:00,9.7,81,2.8,261.0,1017.7
2017-02-04 13:00:00,10.2,79,2.2,252.0,1016.2
2017-02-04 14:00:00,11.1,77,2.3,301.0,1015.7
2017-02-04 15:00:00,11.7,75,4.0,224.0,1015.3
2017-02-04 16:00:00,11.6,76,6.9,106.0,1015.5
2017-02-04 17:00:00,10.9,79,9.1,26.0,1015.7
2017-02-04 18:00:00,10.2,82,8.9,3.0,1016.2
2017-02-04 19:00:00,9.6,84,8.0,0.0,1016.8
2017-02-04 20:00:00,8.6,88,3.6,0.0,1017.2
2017-02-04 21:00:00,8.5,89,4.2,0.0,1017.2
2017-02-04 22:00:00,8.3,90,4.1,0.0,1017.2
2017-02-04 23:00:00,8.1,91,4.3,0.0,1017.2
2017-02-05 00:00:00,7.9,91,4.0,0.0,1017.5
2017-02-05 01:00:00,8.0,90,1.8,0.0,1017.4
2017-02-05 02:00:00,7.8,90,4.9,0.0,1017.4
2017-02-05 03:00:00,7.7,90,9.0,0.0,1017.2
2017-02-05 04:00:00,7.6,88,9.4,0.0,1017.4
2017-02-05 05:00:00,7.6,85,10.1,0.0,1017.8
2017-02-05 06:00:00,7.1,86,11.6,0.0,1018.7
2017-02-05 07:00:00,7.0,86,13.4,0.0,1019.8
2017-02-05 08:00:00,7.4,86,9.7,30.0,1020.0
2017-02-05 09:00:00,8.4,80,15.7,104.0,1020.6
2017-02-05 10:00:00,9.8,73,14.9,304.0,1020.4
2017-02-05 11:00:00,10.6,69,15.8,368.0,1020.8
2017-02-05 12:00:00,11.4,63,16.7,507.0,1020.0
2017-02-05 13:00:00,11.8,62,15.2,514.0,1019.3
2017-02-05 14:00:00,11.9,61,14.1,478.0,1019.1
2017-02-05 15:00:00,12.2,59,11.4,438.0,1018.8
2017-02-05 16:00:00,11.9,58,11.0,361.0,1018.6
2017-02-05 17:00:00,10.4,63,7.9,170.0,1019.0
2017-02-05 18:00:00,7.1,74,6.9,20.0,1019.3
2017-02-05 19:00:00,5.4,82,8.2,0.0,1019.7
2017-02-05 20:00:00,5.0,84,8.2,0.0,1020.5
2017-02-05 21:00:00,4.4,87,7.0,0.0,1020.7
2017-02-05 22:00:00,3.3,90,7.9,0.0,1020.7
2017-02-05 23:00:00,3.3,90,5.8,0.0,1021.3
2017-02-06 00:00:00,3.0,91,6.3,0.0,1022.0
2017-02-06 01:00:00,2.8,90,8.4,0.0,1022.2
2017-02-06 02:00:00,2.2,92,9.0,0.0,1021.9
2017-02-06 03:00:00,3.8,87,7.6,0.0,1022.0
2017-02-06 04:00:00,4.6,85,5.6,0.0,1022.3
2017-02-06 05:00:00,1.4,95,7.6,0.0,1022.5
2017-02-06 06:00:00,1.2,95,8.2,0.0,1023.1
2017-02-06 07:00:00,2.1,95,6.0,1.0,1024.0
2017-02-06 08:00:00,4.5,88,5.6,86.0,1025.1
2017-02-06 09:00:00,6.5,67,5.4,262.0,1025.6
2017-02-06 10:00:00,8.2,51,9.4,472.0,1025.9
2017-02-06 11:00:00,9.6,44,12.3,618.0,1025.9
2017-02-06 12:00:00,10.6,43,13.9,702.0,1025.2
2017-02-06 13:00:00,11.3,43,13.8,716.0,1024.5
2017-02-06 14:00:00,11.7,41,14.1,660.0,1023.6
2017-02-06 15:00:00,11.8,40,14.5,540.0,1023.1
2017-02-06 16:00:00,10.9,51,14.4,369.0,1023.0
2017-02-06 17:00:00,8.8,65,16.5,172.0,1023.8
2017-02-06 18:00:00,6.7,64,18.0,20.0,1024.2
2017-02-06 19:00:00,6.5,71,18.7,0.0,1024.9
2017-02-06 20:00:00,5.8,75,14.5,0.0,1025.3
2017-02-06 21:00:00,5.6,76,13.4,0.0,1025.9
2017-02-06 22:00:00,4.6,75,14.1,0.0,1025.9
2017-02-06 23:00:00,3.9,76,11.6,0.0,1026.1
2017-02-07 00:00:00,2.9,80,8.4,0.0,1026.2
2017-02-07 01:00:00,2.4,81,8.0,0.0,1026.4
2017-02-07 02:00:00,1.9,83,7.3,0.0,1026.4
2017-02-07 03:00:00,1.9,83,8.4,0.0,1025.4
2017-02-07 04:00:00,2.1,83,9.4,0.0,1024.6
2017-02-07 05:00:00,1.9,84,7.9,0.0,1024.7
2017-02-07 06:00:00,2.5,81,7.9,0.0,1025.1
2017-02-07 07:00:00,1.8,86,6.4,1.0,1025.2
2017-02-07 08:00:00,4.2,76,7.4,57.0,1025.8
2017-02-07 09:00:00,6.1,68,10.5,214.0,1025.7
2017-02-07 10:00:00,7.0,64,12.1,330.0,1025.7
2017-02-07 11:00:00,7.6,64,12.9,362.0,1024.9
2017-02-07 12:00:00,8.4,63,12.3,465.0,1023.7
2017-02-07 13:00:00,9.3,60,14.8,546.0,1022.2
2017-02-07 14:00:00,9.8,58,16.7,502.0,1021.0
2017-02-07 15:00:00,10.0,56,15.9,469.0,1021.1
2017-02-07 16:00:00,9.3,59,15.6,272.0,1021.3
2017-02-07 17:00:00,8.3,64,13.9,71.0,1021.5
2017-02-07 18:00:00,7.4,68,15.5,6.0,1021.6
2017-02-07 19:00:00,7.1,70,13.1,0.0,1022.3
2017-02-07 20:00:00,6.5,71,10.3,0.0,1021.8
2017-02-07 21:00:00,6.5,71,10.3,0.0,1021.6
2017-02-07 22:00:00,6.6,72,8.5,0.0,1021.8
2017-02-07 23:00:00,6.4,76,8.3,0.0,1021.4
2017-02-08 00:00:00,6.4,79,10.8,0.0,1020.9
2017-02-08 01:00:00,6.1,82,10.8,0.0,1020.9
2017-02-08 02:00:00,5.7,83,12.1,0.0,1020.8
2017-02-08 03:00:00,5.5,84,12.4,0.0,1020.3
2017-02-08 04:00:00,5.3,89,9.0,0.0,1020.7
2017-02-08 05:00:00,5.1,91,10.6,0.0,1020.3
2017-02-08 06:00:00,5.0,92,9.7,0.0,1020.7
2017-02-08 07:00:00,4.9,93,10.1,0.0,1021.0
2017-02-08 08:00:00,4.9,94,12.8,9.0,1021.3
2017-02-08 09:00:00,5.1,92,14.9,18.0,1021.5
2017-02-08 10:00:00,4.7,91,16.3,62.0,1022.5
2017-02-08 11:00:00,4.0,95,15.1,41.0,1022.6
2017-02-08 12:00:00,4.3,94,13.7,69.0,1021.8
2017-02-08 13:00:00,5.1,85,15.6,91.0,1021.1
2017-02-08 14:00:00,5.1,87,16.2,58.0,1020.9
2017-02-08 15:00:00,4.7,88,17.7,70.0,1020.9
2017-02-08 16:00:00,4.3,89,16.3,54.0,1021.3
2017-02-08 17:00:00,4.1,91,17.1,22.0,1022.0
2017-02-08 18:00:00,3.3,92,19.0,2.0,1022.9
2017-02-08 19:00:00,2.7,92,17.1,0.0,1024.1
2017-02-08 20:00:00,2.5,92,16.0,0.0,1024.8
2017-02-08 21:00:00,2.3,92,16.7,0.0,1025.6
2017-02-08 22:00:00,2.1,87,18.9,0.0,1026.1
2017-02-08 23:00:00,1.8,83,19.3,0.0,1026.4
2017-02-09 00:00:00,1.5,82,18.9,0.0,1026.6
2017-02-09 01:00:00,1.2,82,17.9,0.0,1026.5
2017-02-09 02:00:00,0.8,82,16.6,0.0,1026.3
2017-02-09 03:00:00,0.0,85,15.0,0.0,1026.0
2017-02-09 04:00:00,-0.2,84,15.5,0.0,1025.7
2017-02-09 05:00:00,-0.4,85,16.3,0.0,1026.1
2017-02-09 06:00:00,-0.5,85,13.8,0.0,1026.1
2017-02-09 07:00:00,-0.7,87,14.3,1.0,1026.7
2017-02-09 08:00:00,1.0,79,17.1,90.0,1027.5
2017-02-09 09:00:00,2.6,68,19.9,266.0,1027.8
2017-02-09 10:00:00,3.7,53,21.5,324.0,1027.8
2017-02-09 11:00:00,4.5,49,23.7,470.0,1027.5
2017-02-09 12:00:00,4.5,47,24.1,410.0,1026.5
2017-02-09 13:00:00,4.9,46,24.6,493.0,1025.6
2017-02-09 14:00:00,5.3,41,22.6,448.0,1024.9
2017-02-09 15:00:00,6.0,37,22.9,501.0,1024.1
2017-02-09 16:00:00,5.8,38,19.8,344.0,1023.9
2017-02-09 17:00:00,5.1,40,14.9,176.0,1023.9
2017-02-09 18:00:00,2.9,45,10.0,25.0,1024.2
2017-02-09 19:00:00,1.9,49,9.7,0.0,1024.6
2017-02-09 20:00:00,1.2,54,8.6,0.0,1025.6
2017-02-09 21:00:00,0.7,57,7.4,0.0,1025.8
2017-02-09 22:00:00,0.0,62,7.1,0.0,1026.5
2017-02-09 23:00:00,-0.7,68,7.0,0.0,1026.9
2017-02-10 00:00:00,-1.3,72,7.3,0.0,1026.7
2017-02-10 01:00:00,-1.5,72,8.0,0.0,1026.5
2017-02-10 02:00:00,-1.7,72,8.0,0.0,1026.8
2017-02-10 03:00:00,-2.1,75,7.6,0.0,1026.4
2017-02-10 04:00:00,-2.2,76,8.5,0.0,1026.5
2017-02-10 05:00:00,-2.2,79,8.9,0.0,1026.7
2017-02-10 06:00:00,-2.2,81,9.7,0.0,1027.0
2017-02-10 07:00:00,-2.3,82,10.2,2.0,1027.7
2017-02-10 08:00:00,0.3,71,13.0,104.0,1028.7
2017-02-10 09:00:00,2.2,51,16.6,306.0,1029.0
2017-02-10 10:00:00,3.7,37,19.6,503.0,1029.4
2017-02-10 11:00:00,5.0,33,19.2,654.0,1029.0
2017-02-10 12:00:00,6.1,28,19.7,741.0,1028.4
2017-02-10 13:00:00,6.7,28,20.6,757.0,1027.4
2017-02-10 14:00:00,6.9,30,20.6,699.0,1026.7
2017-02-10 15:00:00,6.9,30,19.8,573.0,1026.5
2017-02-10 16:00:00,6.6,31,19.2,396.0,1026.9
2017-02-10 17:00:00,5.4,36,13.4,193.0,1026.9
2017-02-10 18:00:00,2.9,43,8.8,26.0,1027.4
2017-02-10 19:00:00,1.6,48,8.2,0.0,1027.9
2017-02-10 20:00:00,1.7,46,9.5,0.0,1028.5
2017-02-10 21:00:00,1.5,47,9.0,0.0,1028.8
2017-02-10 22:00:00,0.7,51,7.9,0.0,1029.6
2017-02-10 23:00:00,-0.1,57,7.3,0.0,1030.0
2017-02-11 00:00:00,-0.7,62,6.8,0.0,1030.2
2017-02-11 01:00:00,-1.4,66,6.8,0.0,1030.6
2017-02-11 02:00:00,-2.0,69,7.2,0.0,1030.4
2017-02-11 03:00:00,-2.3,69,7.1,0.0,1030.1
2017-02-11 04:00:00,-2.7,69,6.7,0.0,1030.0
2017-02-11 05:00:00,-2.9,69,6.8,0.0,1030.5
2017-02-11 06:00:00,-3.2,70,6.9,0.0,1030.8
2017-02-11 07:00:00,-3.2,71,6.6,2.0,1031.2
2017-02-11 08:00:00,0.6,63,8.2,105.0,1031.7
2017-02-11 09:00:00,3.4,51,8.0,306.0,1032.1
2017-02-11 10:00:00,5.1,36,8.2,501.0,1032.5
2017-02-11 11:00:00,6.2,33,8.9,651.0,1032.6
2017-02-11 12:00:00,7.1,32,8.7,739.0,1031.3
2017-02-11 13:00:00,7.9,31,9.0,755.0,1030.3
2017-02-11 14:00:00,8.4,30,9.3,698.0,1029.3
2017-02-11 15:00:00,8.6,30,7.6,574.0,1029.2
2017-02-11 16:00:00,8.4,31,6.8,397.0,1029.0
2017-02-11 17:00:00,7.2,47,4.1,192.0,1029.2
2017-02-11 18:00:00,3.8,54,7.4,28.0,1029.3
2017-02-11 19:00:00,2.5,51,7.8,0.0,1029.9
2017-02-11 20:00:00,1.1,67,10.5,0.0,1030.0
2017-02-11 21:00:00,0.8,69,9.8,0.0,1029.9
2017-02-11 22:00:00,3.4,54,5.0,0.0,1030.3
2017-02-11 23:00:00,2.9,56,3.6,0.0,1030.5
2017-02-12 00:00:00,2.5,59,4.1,0.0,1030.5
2017-02-12 01:00:00,2.2,58,3.3,0.0,1030.3
2017-02-12 02:00:00,1.8,57,2.9,0.0,1030.4
2017-02-12 03:00:00,-0.3,64,4.3,0.0,1030.0
2017-02-12 04:00:00,-0.3,62,4.0,0.0,1029.8
2017-02-12 05:00:00,-0.5,63,4.0,0.0,1029.9
2017-02-12 06:00:00,-0.9,67,4.9,0.0,1030.2
2017-02-12 07:00:00,-1.2,73,5.2,3.0,1030.5
2017-02-12 08:00:00,1.5,66,4.8,108.0,1031.4
2017-02-12 09:00:00,4.9,53,3.3,309.0,1031.2
2017-02-12 10:00:00,7.3,42,5.1,503.0,1031.1
2017-02-12 11:00:00,9.1,40,6.1,653.0,1031.0
2017-02-12 12:00:00,10.3,37,5.1,739.0,1029.9
2017-02-12 13:00:00,11.1,34,4.4,754.0,1028.7
2017-02-12 14:00:00,11.6,33,3.5,697.0,1027.9
2017-02-12 15:00:00,11.8,33,3.8,573.0,1027.8
2017-02-12 16:00:00,11.6,34,5.5,397.0,1027.8
2017-02-12 17:00:00,9.8,47,6.9,194.0,1027.8
2017-02-12 18:00:00,6.5,53,9.8,29.0,1028.2
2017-02-12 19:00:00,4.7,60,8.1,0.0,1028.6
2017-02-12 20:00:00,4.2,56,8.7,0.0,1028.5
2017-02-12 21:00:00,3.8,65,7.4,0.0,1028.6
2017-02-12 22:00:00,2.2,75,9.4,0.0,1028.9
2017-02-12 23:00:00,4.5,59,4.6,0.0,1029.5
2017-02-13 00:00:00,4.2,59,3.3,0.0,1029.5
2017-02-13 01:00:00,4.1,59,3.3,0.0,1029.3
2017-02-13 02:00:00,3.7,61,2.3,0.0,1029.1
2017-02-13 03:00:00,1.5,71,4.1,0.0,1029.0
2017-02-13 04:00:00,-0.9,83,5.8,0.0,1029.1
2017-02-13 05:00:00,-1.4,87,6.3,0.0,1029.2
2017-02-13 06:00:00,-1.1,87,5.9,0.0,1029.8
2017-02-13 07:00:00,-0.3,86,5.2,3.0,1030.2
2017-02-13 08:00:00,3.1,76,5.2,108.0,1030.9
2017-02-13 09:00:00,6.7,65,4.3,307.0,1031.4
2017-02-13 10:00:00,9.7,54,4.7,499.0,1031.5
2017-02-13 11:00:00,11.9,48,4.4,648.0,1031.5
2017-02-13 12:00:00,13.4,44,3.1,734.0,1030.6
2017-02-13 13:00:00,14.5,41,2.1,750.0,1029.8
2017-02-13 14:00:00,15.0,39,3.3,694.0,1029.1
2017-02-13 15:00:00,15.1,38,5.1,572.0,1029.1
2017-02-13 16:00:00,14.8,39,6.9,396.0,1029.4
2017-02-13 17:00:00,12.6,50,7.4,194.0,1029.4
2017-02-13 18:00:00,8.7,59,8.4,30.0,1029.8
2017-02-13 19:00:00,6.6,70,7.8,0.0,1030.3
2017-02-13 20:00:00,5.0,74,11.8,0.0,1030.7
2017-02-13 21:00:00,7.4,57,5.6,0.0,1031.1
2017-02-13 22:00:00,5.9,65,3.3,0.0,1031.6
2017-02-13 23:00:00,5.2,69,3.6,0.0,1032.0
2017-02-14 00:00:00,5.6,66,3.1,0.0,1032.0
2017-02-14 01:00:00,2.9,79,5.5,0.0,1032.2
2017-02-14 02:00:00,3.6,75,4.1,0.0,1032.0
2017-02-14 03:00:00,4.5,71,4.1,0.0,1031.8
2017-02-14 04:00:00,2.4,82,5.2,0.0,1031.8
2017-02-14 05:00:00,0.6,94,4.3,0.0,1031.8
2017-02-14 06:00:00,-0.1,99,2.1,0.0,1032.2
2017-02-14 07:00:00,0.4,99,2.3,3.0,1032.8
2017-02-14 08:00:00,3.1,86,0.0,90.0,1034.0
2017-02-14 09:00:00,5.6,80,0.8,245.0,1034.4
2017-02-14 10:00:00,8.8,71,2.2,452.0,1034.2
2017-02-14 11:00:00,11.9,54,5.4,648.0,1034.0
2017-02-14 12:00:00,13.7,41,9.8,716.0,1033.2
2017-02-14 13:00:00,14.5,37,11.9,704.0,1031.7
2017-02-14 14:00:00,14.6,34,12.7,662.0,1031.0
2017-02-14 15:00:00,14.4,34,13.8,559.0,1030.9
2017-02-14 16:00:00,13.6,37,16.2,400.0,1030.8
2017-02-14 17:00:00,11.6,46,14.3,195.0,1030.7
2017-02-14 18:00:00,8.8,49,12.0,31.0,1031.1
2017-02-14 19:00:00,7.2,53,10.5,0.0,1031.3
2017-02-14 20:00:00,7.1,55,10.4,0.0,1031.3
2017-02-14 21:00:00,7.2,58,9.7,0.0,1030.9
2017-02-14 22:00:00,6.2,66,7.5,0.0,1031.0
2017-02-14 23:00:00,4.9,75,7.3,0.0,1031.0
2017-02-15 00:00:00,4.1,80,7.6,0.0,1030.7
2017-02-15 01:00:00,3.5,82,7.8,0.0,1030.2
2017-02-15 02:00:00,2.7,85,9.2,0.0,1029.3
2017-02-15 03:00:00,2.9,83,7.8,0.0,1028.7
2017-02-15 04:00:00,3.1,85,6.5,0.0,1028.2
2017-02-15 05:00:00,2.4,90,5.9,0.0,1027.9
2017-02-15 06:00:00,3.8,87,4.0,0.0,1027.9
2017-02-15 07:00:00,3.5,90,4.0,3.0,1027.9
2017-02-15 08:00:00,5.5,80,4.3,111.0,1028.7
2017-02-15 09:00:00,8.8,67,4.9,307.0,1028.7
2017-02-15 10:00:00,11.3,55,6.2,496.0,1028.2
2017-02-15 11:00:00,13.2,51,7.1,641.0,1027.8
2017-02-15 12:00:00,14.9,49,6.5,726.0,1026.7
2017-02-15 13:00:00,16.3,47,7.0,741.0,1025.3
2017-02-15 14:00:00,17.3,46,7.1,685.0,1024.2
2017-02-15 15:00:00,17.7,46,7.0,565.0,1023.4
2017-02-15 16:00:00,17.7,47,7.9,393.0,1022.8
2017-02-15 17:00:00,15.8,60,6.7,194.0,1022.8
2017-02-15 18:00:00,12.1,69,10.1,31.0,1022.9
2017-02-15 19:00:00,10.1,74,9.2,0.0,1022.9
2017-02-15 20:00:00,9.1,73,8.9,0.0,1022.5
2017-02-15 21:00:00,9.0,74,8.2,0.0,1022.1
2017-02-15 22:00:00,7.4,85,9.8,0.0,1021.4
2017-02-15 23:00:00,7.0,88,7.4,0.0,1021.2
2017-02-16 00:00:00,6.3,91,7.6,0.0,1020.8
2017-02-16 01:00:00,5.6,92,8.8,0.0,1019.9
2017-02-16 02:00:00,6.1,87,9.7,0.0,1019.2
2017-02-16 03:00:00,7.2,81,8.9,0.0,1018.6
2017-02-16 04:00:00,7.1,82,8.5,0.0,1018.3
2017-02-16 05:00:00,7.0,84,8.0,0.0,1018.2
2017-02-16 06:00:00,7.0,86,7.6,0.0,1017.9
2017-02-16 07:00:00,8.3,83,6.3,3.0,1018.1
2017-02-16 08:00:00,9.9,79,6.8,75.0,1018.7
2017-02-16 09:00:00,11.9,74,5.4,151.0,1018.7
2017-02-16 10:00:00,13.1,71,3.9,190.0,1018.7
2017-02-16 11:00:00,15.5,63,0.7,433.0,1018.2
2017-02-16 12:00:00,16.9,60,3.7,511.0,1017.6
2017-02-16 13:00:00,17.9,61,8.4,421.0,1015.8
2017-02-16 14:00:00,18.7,61,9.1,368.0,1015.1
2017-02-16 15:00:00,20.8,55,11.5,473.0,1014.1
2017-02-16 16:00:00,20.3,64,6.9,199.0,1014.0
2017-02-16 17:00:00,19.5,59,8.8,167.0,1014.5
2017-02-16 18:00:00,16.5,64,8.5,30.0,1015.1
2017-02-16 19:00:00,14.0,74,9.2,0.0,1015.9
2017-02-16 20:00:00,14.0,70,9.6,0.0,1015.9
2017-02-16 21:00:00,14.3,71,9.9,0.0,1016.4
2017-02-16 22:00:00,13.8,75,9.1,0.0,1016.7
2017-02-16 23:00:00,12.7,81,8.4,0.0,1017.0
2017-02-17 00:00:00,11.6,85,7.9,0.0,1017.4
2017-02-17 01:00:00,10.8,87,7.8,0.0,1017.6
2017-02-17 02:00:00,10.9,86,8.0,0.0,1017.8
2017-02-17 03:00:00,10.7,86,8.0,0.0,1017.7
2017-02-17 04:00:00,10.4,86,8.2,0.0,1017.8
2017-02-17 05:00:00,9.9,88,9.0,0.0,1018.0
2017-02-17 06:00:00,11.6,84,8.5,0.0,1019.1
2017-02-17 07:00:00,11.1,87,4.9,3.0,1019.8
2017-02-17 08:00:00,12.9,80,9.0,96.0,1021.5
2017-02-17 09:00:00,14.0,82,19.8,214.0,1022.9
2017-02-17 10:00:00,14.3,80,20.4,348.0,1024.0
2017-02-17 11:00:00,13.5,74,20.8,438.0,1024.6
2017-02-17 12:00:00,11.9,74,19.3,296.0,1024.8
2017-02-17 13:00:00,11.3,74,20.0,202.0,1024.3
2017-02-17 14:00:00,10.6,73,20.1,211.0,1024.2
2017-02-17 15:00:00,10.1,73,18.6,109.0,1024.6
2017-02-17 16:00:00,9.5,75,16.6,74.0,1025.2
2017-02-17 17:00:00,9.1,75,14.9,25.0,1025.8
2017-02-17 18:00:00,8.7,75,14.3,6.0,1026.3
2017-02-17 19:00:00,8.2,77,13.1,0.0,1026.8
2017-02-17 20:00:00,7.6,70,13.6,0.0,1027.5
2017-02-17 21:00:00,7.4,67,12.9,0.0,1027.5
2017-02-17 22:00:00,7.1,69,10.6,0.0,1027.7
2017-02-17 23:00:00,6.8,71,9.9,0.0,1027.9
2017-02-18 00:00:00,6.7,72,10.9,0.0,1027.8
2017-02-18 01:00:00,6.5,73,11.5,0.0,1027.3
2017-02-18 02:00:00,5.9,77,11.8,0.0,1027.7
2017-02-18 03:00:00,5.5,77,12.3,0.0,1027.8
2017-02-18 04:00:00,5.1,80,11.0,0.0,1027.2
2017-02-18 05:00:00,5.2,80,8.0,0.0,1026.9
2017-02-18 06:00:00,5.2,81,6.8,0.0,1027.0
2017-02-18 07:00:00,5.3,81,6.0,1.0,1027.3
2017-02-18 08:00:00,6.0,77,7.4,57.0,1028.2
2017-02-18 09:00:00,6.5,76,7.5,99.0,1028.1
2017-02-18 10:00:00,7.5,74,6.2,232.0,1028.3
2017-02-18 11:00:00,9.0,69,7.1,427.0,1028.0
2017-02-18 12:00:00,10.4,68,6.0,644.0,1027.2
2017-02-18 13:00:00,11.6,66,4.3,739.0,1026.1
2017-02-18 14:00:00,13.0,64,3.7,693.0,1025.4
2017-02-18 15:00:00,13.4,63,5.8,526.0,1025.3
2017-02-18 16:00:00,13.3,62,8.2,369.0,1025.2
2017-02-18 17:00:00,12.0,68,10.3,207.0,1024.7
2017-02-18 18:00:00,9.3,80,9.1,37.0,1024.6
2017-02-18 19:00:00,7.8,85,9.4,0.0,1024.7
2017-02-18 20:00:00,6.7,91,6.8,0.0,1024.9
2017-02-18 21:00:00,6.3,93,7.6,0.0,1024.7
2017-02-18 22:00:00,5.9,93,7.6,0.0,1024.4
2017-02-18 23:00:00,5.2,94,6.4,0.0,1024.3
2017-02-19 00:00:00,4.9,96,6.3,0.0,1023.7
2017-02-19 01:00:00,4.5,97,7.1,0.0,1022.8
2017-02-19 02:00:00,4.0,100,7.5,0.0,1022.0
2017-02-19 03:00:00,4.0,100,6.7,0.0,1021.3
2017-02-19 04:00:00,4.7,99,6.3,0.0,1020.0
2017-02-19 05:00:00,5.2,99,7.6,0.0,1019.2
2017-02-19 06:00:00,5.8,99,7.6,0.0,1018.6
2017-02-19 07:00:00,6.4,98,9.1,4.0,1017.4
2017-02-19 08:00:00,8.4,90,10.5,93.0,1016.6
2017-02-19 09:00:00,11.1,79,12.4,248.0,1015.6
2017-02-19 10:00:00,13.9,70,15.2,416.0,1014.9
2017-02-19 11:00:00,16.9,64,15.9,578.0,1014.2
2017-02-19 12:00:00,19.5,59,16.1,674.0,1013.0
2017-02-19 13:00:00,21.6,54,16.1,739.0,1011.6
2017-02-19 14:00:00,22.6,52,17.1,679.0,1010.2
2017-02-19 15:00:00,23.0,51,17.7,560.0,1009.4
2017-02-19 16:00:00,22.6,55,16.1,392.0,1009.0
2017-02-19 17:00:00,20.8,60,16.5,171.0,1009.2
2017-02-19 18:00:00,18.3,70,9.4,14.0,1009.2
2017-02-19 19:00:00,16.8,76,9.1,0.0,1009.8
2017-02-19 20:00:00,15.6,77,8.9,0.0,1009.1
2017-02-19 21:00:00,15.1,80,7.2,0.0,1009.3
2017-02-19 22:00:00,13.0,88,10.0,0.0,1009.5
2017-02-19 23:00:00,12.7,89,9.1,0.0,1009.7
2017-02-20 00:00:00,13.4,88,7.2,0.0,1009.6
2017-02-20 01:00:00,14.0,87,7.4,0.0,1010.0
2017-02-20 02:00:00,13.5,87,7.6,0.0,1009.9
2017-02-20 03:00:00,13.7,87,7.5,0.0,1009.8
2017-02-20 04:00:00,12.7,88,7.7,0.0,1009.7
2017-02-20 05:00:00,12.2,88,7.6,0.0,1009.9
2017-02-20 06:00:00,12.1,88,7.8,0.0,1010.4
2017-02-20 07:00:00,12.4,88,8.0,6.0,1011.1
2017-02-20 08:00:00,15.1,82,7.9,104.0,1013.0
2017-02-20 09:00:00,17.8,73,9.4,262.0,1014.2
2017-02-20 10:00:00,16.6,80,25.6,231.0,1015.9
2017-02-20 11:00:00,11.5,80,25.3,103.0,1018.1
2017-02-20 12:00:00,10.8,77,23.1,148.0,1019.2
2017-02-20 13:00:00,10.2,72,22.9,100.0,1019.8
2017-02-20 14:00:00,9.6,68,21.9,69.0,1020.7
2017-02-20 15:00:00,9.0,65,22.2,75.0,1021.9
2017-02-20 16:00:00,8.4,57,21.9,81.0,1022.9
2017-02-20 17:00:00,7.7,55,19.7,22.0,1023.5
2017-02-20 18:00:00,7.1,53,17.3,10.0,1024.7
2017-02-20 19:00:00,6.6,52,18.2,0.0,1026.0
2017-02-20 20:00:00,6.1,54,17.8,0.0,1027.2
2017-02-20 21:00:00,5.6,56,19.4,0.0,1027.3
2017-02-20 22:00:00,5.2,58,18.6,0.0,1028.1
2017-02-20 23:00:00,4.9,60,16.0,0.0,1028.3
2017-02-21 00:00:00,4.7,60,16.4,0.0,1028.2
2017-02-21 01:00:00,4.5,62,16.2,0.0,1028.5
2017-02-21 02:00:00,4.0,66,14.0,0.0,1028.6
2017-02-21 03:00:00,3.9,67,14.2,0.0,1028.1
2017-02-21 04:00:00,3.9,67,13.3,0.0,1027.5
2017-02-21 05:00:00,4.2,69,12.9,0.0,1027.3
2017-02-21 06:00:00,4.7,70,11.4,0.0,1027.1
2017-02-21 07:00:00,4.6,69,11.7,2.0,1027.1
2017-02-21 08:00:00,4.3,71,8.9,42.0,1027.8
2017-02-21 09:00:00,5.6,71,10.6,59.0,1027.5
2017-02-21 10:00:00,7.2,64,20.4,120.0,1027.1
2017-02-21 11:00:00,8.8,61,18.3,319.0,1026.2
2017-02-21 12:00:00,10.8,57,19.5,518.0,1024.4
2017-02-21 13:00:00,11.6,56,18.8,629.0,1022.8
2017-02-21 14:00:00,11.9,56,20.5,574.0,1021.5
2017-02-21 15:00:00,10.6,61,20.6,282.0,1020.5
2017-02-21 16:00:00,10.3,64,17.9,123.0,1019.9
2017-02-21 17:00:00,10.6,64,17.0,149.0,1019.2
2017-02-21 18:00:00,9.4,71,11.5,26.0,1019.1
2017-02-21 19:00:00,9.0,74,12.3,0.0,1018.7
2017-02-21 20:00:00,8.7,75,11.3,0.0,1018.0
2017-02-21 21:00:00,9.0,75,11.7,0.0,1017.3
2017-02-21 22:00:00,9.7,73,13.0,0.0,1017.1
2017-02-21 23:00:00,9.8,73,11.2,0.0,1016.3
2017-02-22 00:00:00,9.3,79,8.4,0.0,1015.9
2017-02-22 01:00:00,9.1,83,5.2,0.0,1015.6
2017-02-22 02:00:00,8.8,86,8.7,0.0,1015.6
2017-02-22 03:00:00,8.2,86,9.4,0.0,1015.8
2017-02-22 04:00:00,7.9,88,15.2,0.0,1016.0
2017-02-22 05:00:00,7.3,91,18.1,0.0,1016.1
2017-02-22 06:00:00,7.5,88,15.2,0.0,1016.1
2017-02-22 07:00:00,8.0,85,15.8,2.0,1016.3
2017-02-22 08:00:00,6.9,85,17.2,43.0,1017.6
2017-02-22 09:00:00,6.6,84,18.1,44.0,1018.0
2017-02-22 10:00:00,6.5,83,20.3,62.0,1018.7
2017-02-22 11:00:00,5.8,82,21.6,55.0,1019.1
2017-02-22 12:00:00,5.3,81,23.2,50.0,1018.7
2017-02-22 13:00:00,4.7,83,21.9,58.0,1017.9
2017-02-22 14:00:00,4.1,88,20.0,51.0,1018.3
2017-02-22 15:00:00,3.8,90,17.4,26.0,1018.5
2017-02-22 16:00:00,3.6,89,16.7,28.0,1019.1
2017-02-22 17:00:00,3.4,87,18.3,21.0,1019.7
2017-02-22 18:00:00,3.3,85,18.3,5.0,1020.5
2017-02-22 19:00:00,3.3,85,16.3,0.0,1021.0
2017-02-22 20:00:00,3.3,84,17.4,0.0,1022.0
2017-02-22 21:00:00,3.3,82,17.4,0.0,1022.1
2017-02-22 22:00:00,3.2,81,18.2,0.0,1023.1
2017-02-22 23:00:00,2.8,83,16.8,0.0,1023.5
2017-02-23 00:00:00,2.3,83,13.5,0.0,1023.1
2017-02-23 01:00:00,2.2,81,15.3,0.0,1024.0
2017-02-23 02:00:00,1.8,82,15.8,0.0,1024.4
2017-02-23 03:00:00,1.6,80,14.0,0.0,1024.6
2017-02-23 04:00:00,2.4,76,13.8,0.0,1024.8
2017-02-23 05:00:00,2.3,74,13.5,0.0,1024.8
2017-02-23 06:00:00,2.5,73,12.4,0.0,1024.8
2017-02-23 07:00:00,2.4,75,11.9,5.0,1025.2
2017-02-23 08:00:00,3.1,72,14.0,52.0,1025.8
2017-02-23 09:00:00,3.6,70,14.3,96.0,1026.7
2017-02-23 10:00:00,4.0,67,17.5,90.0,1027.8
2017-02-23 11:00:00,3.6,72,14.0,65.0,1027.9
2017-02-23 12:00:00,4.7,64,15.6,231.0,1027.6
2017-02-23 13:00:00,5.6,59,14.1,275.0,1026.4
2017-02-23 14:00:00,6.4,56,15.5,246.0,1026.3
2017-02-23 15:00:00,7.3,52,14.4,380.0,1026.0
2017-02-23 16:00:00,6.8,52,15.4,193.0,1026.2
2017-02-23 17:00:00,6.4,51,16.0,147.0,1026.2
2017-02-23 18:00:00,5.4,55,7.2,36.0,1026.5
2017-02-23 19:00:00,3.7,68,6.8,0.0,1026.9
2017-02-23 20:00:00,4.3,66,4.6,0.0,1027.3
2017-02-23 21:00:00,4.4,66,4.8,0.0,1027.1
2017-02-23 22:00:00,4.2,68,5.8,0.0,1027.8
2017-02-23 23:00:00,4.4,66,6.7,0.0,1028.3
2017-02-24 00:00:00,4.3,65,6.7,0.0,1028.1
2017-02-24 01:00:00,3.7,70,6.1,0.0,1027.8
2017-02-24 02:00:00,3.5,76,4.3,0.0,1027.8
2017-02-24 03:00:00,3.1,80,4.5,0.0,1027.3
2017-02-24 04:00:00,2.9,79,4.6,0.0,1027.1
2017-02-24 05:00:00,0.9,86,6.9,0.0,1027.3
2017-02-24 06:00:00,1.2,83,5.5,0.0,1028.0
2017-02-24 07:00:00,1.8,84,3.8,6.0,1028.3
2017-02-24 08:00:00,3.5,73,1.5,76.0,1028.9
2017-02-24 09:00:00,4.6,63,1.5,180.0,1029.2
2017-02-24 10:00:00,5.7,59,2.9,330.0,1029.2
2017-02-24 11:00:00,7.3,54,3.1,646.0,1029.1
2017-02-24 12:00:00,8.3,50,2.7,747.0,1028.0
2017-02-24 13:00:00,9.0,49,2.2,747.0,1027.0
2017-02-24 14:00:00,9.6,47,3.5,724.0,1026.1
2017-02-24 15:00:00,10.0,44,4.7,596.0,1025.6
2017-02-24 16:00:00,9.8,42,6.3,367.0,1025.4
2017-02-24 17:00:00,9.3,46,8.5,230.0,1025.6
2017-02-24 18:00:00,6.3,61,7.5,46.0,1025.8
2017-02-24 19:00:00,5.2,66,7.4,0.0,1026.2
2017-02-24 20:00:00,3.7,84,8.6,0.0,1026.4
2017-02-24 21:00:00,3.5,83,7.7,0.0,1026.7
2017-02-24 22:00:00,5.0,72,5.5,0.0,1026.8
2017-02-24 23:00:00,4.9,75,0.7,0.0,1027.0
2017-02-25 00:00:00,4.5,73,1.8,0.0,1026.7
2017-02-25 01:00:00,2.2,81,4.6,0.0,1026.7
2017-02-25 02:00:00,1.8,80,4.4,0.0,1026.4
2017-02-25 03:00:00,1.3,84,4.4,0.0,1025.8
2017-02-25 04:00:00,0.5,91,6.1,0.0,1025.5
2017-02-25 05:00:00,2.2,84,3.0,0.0,1025.5
2017-02-25 06:00:00,2.2,85,3.3,0.0,1025.4
2017-02-25 07:00:00,0.7,95,4.9,10.0,1025.5
2017-02-25 08:00:00,3.9,83,3.9,140.0,1026.6
2017-02-25 09:00:00,6.8,66,4.3,350.0,1026.5
2017-02-25 10:00:00,8.7,55,2.3,548.0,1025.5
2017-02-25 11:00:00,9.8,49,3.4,697.0,1025.4
2017-02-25 12:00:00,10.7,45,4.3,785.0,1024.7
2017-02-25 13:00:00,11.3,42,5.4,801.0,1023.3
2017-02-25 14:00:00,11.7,40,5.8,744.0,1022.2
2017-02-25 15:00:00,11.8,40,6.5,621.0,1021.4
2017-02-25 16:00:00,11.6,40,7.2,441.0,1021.6
2017-02-25 17:00:00,10.6,45,7.9,232.0,1021.8
2017-02-25 18:00:00,7.6,54,8.7,48.0,1021.9
2017-02-25 19:00:00,6.3,63,7.0,0.0,1022.1
2017-02-25 20:00:00,5.0,71,9.5,0.0,1022.3
2017-02-25 21:00:00,4.8,72,7.4,0.0,1022.3
2017-02-25 22:00:00,6.6,60,6.2,0.0,1023.2
2017-02-25 23:00:00,6.8,58,0.8,0.0,1023.6
2017-02-26 00:00:00,5.3,74,4.0,0.0,1023.8
2017-02-26 01:00:00,5.1,78,4.9,0.0,1023.7
2017-02-26 02:00:00,5.3,80,4.2,0.0,1023.4
2017-02-26 03:00:00,6.1,76,2.6,0.0,1023.0
2017-02-26 04:00:00,4.9,82,2.8,0.0,1023.0
2017-02-26 05:00:00,4.0,86,4.7,0.0,1023.4
2017-02-26 06:00:00,4.9,78,2.1,0.0,1023.3
2017-02-26 07:00:00,4.8,82,1.8,8.0,1023.7
2017-02-26 08:00:00,7.0,67,4.0,136.0,1024.9
2017-02-26 09:00:00,9.6,56,3.0,350.0,1024.9
2017-02-26 10:00:00,11.7,47,2.6,548.0,1025.2
2017-02-26 11:00:00,12.9,42,1.5,697.0,1025.4
2017-02-26 12:00:00,13.8,40,0.5,783.0,1024.7
2017-02-26 13:00:00,14.3,39,0.5,803.0,1023.7
2017-02-26 14:00:00,14.9,36,2.5,754.0,1022.6
2017-02-26 15:00:00,15.1,33,3.3,585.0,1022.6
2017-02-26 16:00:00,14.6,36,6.6,231.0,1022.8
2017-02-26 17:00:00,13.5,48,8.6,159.0,1023.2
2017-02-26 18:00:00,10.3,64,6.4,43.0,1023.9
2017-02-26 19:00:00,9.2,57,9.3,0.0,1024.5
2017-02-26 20:00:00,7.6,58,7.7,0.0,1024.8
2017-02-26 21:00:00,6.8,67,10.1,0.0,1024.4
2017-02-26 22:00:00,9.2,55,5.3,0.0,1024.5
2017-02-26 23:00:00,5.6,74,4.7,0.0,1024.9
2017-02-27 00:00:00,5.2,72,5.5,0.0,1025.6
2017-02-27 01:00:00,4.8,75,5.6,0.0,1025.4
2017-02-27 02:00:00,4.6,77,6.4,0.0,1025.7
2017-02-27 03:00:00,5.1,77,5.1,0.0,1025.6
2017-02-27 04:00:00,4.9,78,4.8,0.0,1025.4
2017-02-27 05:00:00,4.1,81,5.0,0.0,1026.0
2017-02-27 06:00:00,3.1,87,4.1,0.0,1026.3
2017-02-27 07:00:00,3.8,86,4.5,9.0,1026.8
2017-02-27 08:00:00,6.1,73,4.3,147.0,1027.4
2017-02-27 09:00:00,8.6,66,3.3,359.0,1027.8
2017-02-27 10:00:00,10.8,59,3.2,550.0,1027.9
2017-02-27 11:00:00,12.4,53,4.7,699.0,1027.6
2017-02-27 12:00:00,13.7,50,4.8,784.0,1026.7
2017-02-27 13:00:00,14.4,46,4.7,800.0,1025.5
2017-02-27 14:00:00,14.9,44,5.0,744.0,1024.5
2017-02-27 15:00:00,15.0,43,7.2,612.0,1024.2
2017-02-27 16:00:00,14.5,45,12.3,441.0,1024.3
2017-02-27 17:00:00,13.0,50,13.4,230.0,1024.4
2017-02-27 18:00:00,10.3,58,9.7,50.0,1024.5
2017-02-27 19:00:00,8.7,62,12.2,0.0,1024.8
2017-02-27 20:00:00,8.2,63,13.1,0.0,1025.3
2017-02-27 21:00:00,7.8,59,10.4,0.0,1025.0
2017-02-27 22:00:00,7.1,56,8.6,0.0,1025.5
2017-02-27 23:00:00,6.1,59,6.5,0.0,1025.5
2017-02-28 00:00:00,5.4,63,6.9,0.0,1025.1
2017-02-28 01:00:00,5.7,62,6.1,0.0,1025.0
2017-02-28 02:00:00,5.4,65,6.5,0.0,1025.0
2017-02-28 03:00:00,4.7,73,7.3,0.0,1024.5
2017-02-28 04:00:00,4.6,76,7.0,0.0,1024.0
2017-02-28 05:00:00,6.2,70,5.6,0.0,1023.9
2017-02-28 06:00:00,6.2,72,4.3,0.0,1024.4
2017-02-28 07:00:00,4.9,85,5.5,12.0,1024.3
2017-02-28 08:00:00,7.6,69,4.3,154.0,1024.5
2017-02-28 09:00:00,9.8,59,5.2,364.0,1024.6
2017-02-28 10:00:00,11.8,52,6.1,559.0,1024.1
2017-02-28 11:00:00,13.5,47,6.9,708.0,1023.5
2017-02-28 12:00:00,14.9,44,7.3,793.0,1022.6
2017-02-28 13:00:00,15.8,42,7.4,807.0,1021.0
2017-02-28 14:00:00,16.4,41,8.5,748.0,1019.7
2017-02-28 15:00:00,16.4,41,11.2,622.0,1018.9
2017-02-28 16:00:00,15.1,45,16.2,442.0,1018.8
2017-02-28 17:00:00,13.2,56,18.1,233.0,1018.5
2017-02-28 18:00:00,10.2,69,15.3,51.0,1018.4
2017-02-28 19:00:00,9.3,74,11.2,0.0,1018.7
2017-02-28 20:00:00,8.1,81,5.5,0.0,1019.0
2017-02-28 21:00:00,8.7,77,6.0,0.0,1019.2
2017-02-28 22:00:00,8.4,78,5.1,0.0,1019.7
2017-02-28 23:00:00,8.7,76,4.2,0.0,1019.5
2017-03-01 00:00:00,8.3,77,5.3,0.0,1019.5
2017-03-01 01:00:00,6.2,88,5.1,0.0,1019.3
2017-03-01 02:00:00,5.5,90,5.4,0.0,1018.5
2017-03-01 03:00:00,4.7,91,7.6,0.0,1017.4
2017-03-01 04:00:00,4.5,92,8.4,0.0,1017.6
2017-03-01 05:00:00,5.1,89,7.4,0.0,1017.6
2017-03-01 06:00:00,5.9,84,8.8,0.0,1017.7
2017-03-01 07:00:00,7.4,77,10.3,14.0,1017.5
2017-03-01 08:00:00,11.2,64,14.7,159.0,1018.1
2017-03-01 09:00:00,14.2,55,15.1,318.0,1018.0
2017-03-01 10:00:00,16.9,46,17.9,557.0,1018.0
2017-03-01 11:00:00,18.6,37,17.9,645.0,1018.1
2017-03-01 12:00:00,17.5,41,31.8,761.0,1017.7
2017-03-01 13:00:00,16.2,43,23.7,482.0,1017.5
2017-03-01 14:00:00,15.4,41,19.4,165.0,1016.6
2017-03-01 15:00:00,16.8,34,22.0,532.0,1015.9
2017-03-01 16:00:00,16.5,32,19.7,318.0,1016.0
2017-03-01 17:00:00,15.5,34,19.9,246.0,1016.5
2017-03-01 18:00:00,13.7,33,20.2,54.0,1017.3
2017-03-01 19:00:00,13.7,28,26.7,0.0,1018.3
2017-03-01 20:00:00,13.1,28,19.5,0.0,1019.7
2017-03-01 21:00:00,12.5,31,26.4,0.0,1020.9
2017-03-01 22:00:00,10.6,34,27.4,0.0,1022.7
2017-03-01 23:00:00,9.3,36,22.5,0.0,1023.1
2017-03-02 00:00:00,8.3,37,23.8,0.0,1023.7
2017-03-02 01:00:00,6.9,53,22.8,0.0,1024.3
2017-03-02 02:00:00,5.5,65,17.4,0.0,1024.6
2017-03-02 03:00:00,4.7,68,13.5,0.0,1024.7
2017-03-02 04:00:00,3.9,70,11.5,0.0,1024.8
2017-03-02 05:00:00,3.0,71,10.7,0.0,1025.3
2017-03-02 06:00:00,2.2,73,8.2,0.0,1025.6
2017-03-02 07:00:00,2.3,70,11.2,16.0,1025.9
2017-03-02 08:00:00,4.4,56,15.2,172.0,1026.4
2017-03-02 09:00:00,6.1,44,16.6,392.0,1026.6
2017-03-02 10:00:00,7.5,31,18.9,596.0,1026.6
2017-03-02 11:00:00,8.6,28,18.4,750.0,1026.3
2017-03-02 12:00:00,9.4,29,16.0,836.0,1025.6
2017-03-02 13:00:00,10.0,29,11.7,850.0,1024.7
2017-03-02 14:00:00,10.4,30,8.8,787.0,1023.5
2017-03-02 15:00:00,10.6,31,6.1,657.0,1022.9
2017-03-02 16:00:00,10.6,31,4.8,471.0,1022.7
2017-03-02 17:00:00,10.0,34,5.9,255.0,1022.3
2017-03-02 18:00:00,7.3,47,8.6,58.0,1022.6
2017-03-02 19:00:00,5.9,52,9.2,0.0,1023.0
2017-03-02 20:00:00,5.7,55,9.0,0.0,1022.3
2017-03-02 21:00:00,5.0,62,6.5,0.0,1022.3
2017-03-02 22:00:00,4.4,69,6.4,0.0,1022.7
2017-03-02 23:00:00,3.6,73,8.0,0.0,1022.7
2017-03-03 00:00:00,3.2,74,8.5,0.0,1022.2
2017-03-03 01:00:00,3.7,70,7.9,0.0,1021.7
2017-03-03 02:00:00,5.5,58,5.0,0.0,1021.1
2017-03-03 03:00:00,5.2,58,2.2,0.0,1020.3
2017-03-03 04:00:00,5.0,61,3.2,0.0,1020.0
2017-03-03 05:00:00,4.6,65,2.3,0.0,1019.9
2017-03-03 06:00:00,4.2,70,1.0,0.0,1020.0
2017-03-03 07:00:00,4.0,72,1.4,17.0,1020.1
2017-03-03 08:00:00,5.6,59,1.5,174.0,1020.6
2017-03-03 09:00:00,7.9,50,2.7,387.0,1020.4
2017-03-03 10:00:00,10.4,45,6.6,589.0,1020.0
2017-03-03 11:00:00,12.5,40,9.0,737.0,1019.1
2017-03-03 12:00:00,14.1,37,10.0,805.0,1017.9
2017-03-03 13:00:00,15.3,34,10.5,802.0,1016.1
2017-03-03 14:00:00,16.0,35,11.0,728.0,1014.7
2017-03-03 15:00:00,16.3,36,9.2,535.0,1014.2
2017-03-03 16:00:00,16.3,37,7.6,303.0,1014.1
2017-03-03 17:00:00,15.1,45,9.0,250.0,1014.0
2017-03-03 18:00:00,11.2,53,12.4,55.0,1014.1
2017-03-03 19:00:00,9.6,60,8.6,0.0,1014.6
2017-03-03 20:00:00,9.7,65,6.5,0.0,1014.5
2017-03-03 21:00:00,10.5,66,5.2,0.0,1014.5
2017-03-03 22:00:00,10.2,72,4.4,0.0,1014.9
2017-03-03 23:00:00,8.5,76,3.7,0.0,1014.9
2017-03-04 00:00:00,7.1,81,5.6,0.0,1015.2
2017-03-04 01:00:00,7.3,79,5.1,0.0,1015.0
2017-03-04 02:00:00,6.3,86,5.2,0.0,1014.6
2017-03-04 03:00:00,5.2,90,6.0,0.0,1014.2
2017-03-04 04:00:00,4.9,92,6.1,0.0,1014.4
2017-03-04 05:00:00,4.8,92,6.1,0.0,1014.8
2017-03-04 06:00:00,5.2,89,5.4,0.0,1015.1
2017-03-04 07:00:00,5.6,92,3.4,17.0,1015.6
2017-03-04 08:00:00,9.2,75,1.3,165.0,1015.7
2017-03-04 09:00:00,12.4,61,2.8,377.0,1015.7
2017-03-04 10:00:00,15.1,52,2.0,569.0,1015.3
2017-03-04 11:00:00,17.1,45,1.1,715.0,1015.1
2017-03-04 12:00:00,18.4,40,1.0,794.0,1014.5
2017-03-04 13:00:00,19.1,36,2.5,793.0,1013.5
2017-03-04 14:00:00,19.3,35,4.1,667.0,1012.6
2017-03-04 15:00:00,18.8,35,4.5,358.0,1012.4
2017-03-04 16:00:00,18.0,44,5.2,130.0,1012.4
2017-03-04 17:00:00,16.3,52,6.1,95.0,1012.8
2017-03-04 18:00:00,14.7,53,6.8,17.0,1012.8
2017-03-04 19:00:00,13.8,55,10.2,0.0,1013.4
2017-03-04 20:00:00,12.2,65,5.9,0.0,1014.5
2017-03-04 21:00:00,11.6,73,4.4,0.0,1014.2
2017-03-04 22:00:00,11.7,81,5.0,0.0,1014.3
2017-03-04 23:00:00,11.5,79,5.8,0.0,1014.1
2017-03-05 00:00:00,10.6,89,8.7,0.0,1013.9
2017-03-05 01:00:00,10.3,90,9.4,0.0,1014.2
2017-03-05 02:00:00,10.1,91,9.1,0.0,1013.8
2017-03-05 03:00:00,10.1,92,9.2,0.0,1013.6
2017-03-05 04:00:00,10.3,92,10.8,0.0,1013.8
2017-03-05 05:00:00,10.2,92,10.9,0.0,1014.4
2017-03-05 06:00:00,10.1,92,9.7,0.0,1014.5
2017-03-05 07:00:00,10.2,89,11.7,2.0,1014.9
2017-03-05 08:00:00,9.9,90,10.9,22.0,1015.7
2017-03-05 09:00:00,10.4,89,7.9,39.0,1015.7
2017-03-05 10:00:00,11.3,83,8.7,123.0,1015.7
2017-03-05 11:00:00,11.7,81,6.2,141.0,1015.5
2017-03-05 12:00:00,12.8,73,5.7,287.0,1014.8
2017-03-05 13:00:00,13.5,68,8.3,332.0,1013.8
2017-03-05 14:00:00,13.7,68,8.8,266.0,1013.1
2017-03-05 15:00:00,13.8,68,9.7,230.0,1012.8
2017-03-05 16:00:00,13.6,69,7.8,114.0,1013.7
2017-03-05 17:00:00,12.9,73,8.5,40.0,1013.9
2017-03-05 18:00:00,11.9,78,8.7,9.0,1014.3
2017-03-05 19:00:00,11.2,81,5.8,0.0,1015.1
2017-03-05 20:00:00,10.4,87,2.5,0.0,1015.6
2017-03-05 21:00:00,10.1,92,2.8,0.0,1015.9
2017-03-05 22:00:00,10.2,93,1.8,0.0,1016.3
2017-03-05 23:00:00,10.4,91,3.7,0.0,1016.6
2017-03-06 00:00:00,10.3,91,7.4,0.0,1016.9
2017-03-06 01:00:00,10.0,90,10.4,0.0,1017.0
2017-03-06 02:00:00,9.9,90,15.5,0.0,1017.5
2017-03-06 03:00:00,8.8,92,17.3,0.0,1018.0
2017-03-06 04:00:00,8.4,90,16.5,0.0,1018.7
2017-03-06 05:00:00,7.9,85,17.7,0.0,1019.6
2017-03-06 06:00:00,7.4,81,17.0,0.0,1020.5
2017-03-06 07:00:00,7.2,78,14.5,4.0,1021.1
2017-03-06 08:00:00,7.5,70,14.9,55.0,1021.6
2017-03-06 09:00:00,7.7,62,14.0,94.0,1022.0
2017-03-06 10:00:00,8.8,54,13.8,303.0,1022.3
2017-03-06 11:00:00,10.6,47,11.9,708.0,1021.7
2017-03-06 12:00:00,11.7,43,12.5,815.0,1020.7
2017-03-06 13:00:00,12.3,40,12.7,834.0,1019.6
2017-03-06 14:00:00,12.5,38,11.9,780.0,1019.1
2017-03-06 15:00:00,12.4,36,12.3,650.0,1018.4
2017-03-06 16:00:00,12.0,35,12.8,469.0,1018.4
2017-03-06 17:00:00,10.9,37,12.5,255.0,1018.8
2017-03-06 18:00:00,8.5,43,8.7,63.0,1019.0
2017-03-06 19:00:00,6.9,49,7.4,0.0,1019.3
2017-03-06 20:00:00,6.0,59,7.2,0.0,1019.3
2017-03-06 21:00:00,5.3,66,7.6,0.0,1019.1
2017-03-06 22:00:00,4.8,71,7.1,0.0,1019.3
2017-03-06 23:00:00,4.2,86,8.0,0.0,1019.7
2017-03-07 00:00:00,3.7,91,9.0,0.0,1020.0
2017-03-07 01:00:00,3.5,88,8.4,0.0,1020.0
2017-03-07 02:00:00,3.0,88,8.4,0.0,1019.9
2017-03-07 03:00:00,3.8,84,6.8,0.0,1019.7
2017-03-07 04:00:00,5.1,78,5.2,0.0,1019.5
2017-03-07 05:00:00,5.0,79,3.3,0.0,1019.6
2017-03-07 06:00:00,4.2,85,3.8,0.0,1020.0
2017-03-07 07:00:00,3.6,93,2.2,23.0,1020.3
2017-03-07 08:00:00,6.2,74,3.7,185.0,1021.0
2017-03-07 09:00:00,8.6,63,2.3,401.0,1021.4
2017-03-07 10:00:00,10.5,54,2.5,597.0,1021.1
2017-03-07 11:00:00,12.1,48,3.4,745.0,1020.5
2017-03-07 12:00:00,13.2,42,2.5,824.0,1020.0
2017-03-07 13:00:00,14.0,40,2.9,789.0,1019.2
2017-03-07 14:00:00,14.2,40,2.3,729.0,1018.2
2017-03-07 15:00:00,14.5,40,2.9,618.0,1017.8
2017-03-07 16:00:00,14.3,41,7.2,454.0,1017.4
2017-03-07 17:00:00,13.7,46,5.8,241.0,1017.2
2017-03-07 18:00:00,10.7,61,7.6,48.0,1017.7
2017-03-07 19:00:00,9.0,70,8.3,0.0,1018.4
2017-03-07 20:00:00,7.8,77,7.3,0.0,1019.1
2017-03-07 21:00:00,7.1,75,5.5,0.0,1019.5
2017-03-07 22:00:00,7.5,68,1.8,0.0,1020.1
2017-03-07 23:00:00,5.5,82,5.0,0.0,1020.1
2017-03-08 00:00:00,5.0,87,6.6,0.0,1019.7
2017-03-08 01:00:00,5.3,74,12.6,0.0,1020.5
2017-03-08 02:00:00,4.2,78,13.0,0.0,1021.1
2017-03-08 03:00:00,3.6,93,9.4,0.0,1021.0
2017-03-08 04:00:00,3.1,95,4.9,0.0,1021.4
2017-03-08 05:00:00,2.2,97,5.0,0.0,1021.4
2017-03-08 06:00:00,1.8,98,5.2,0.0,1021.3
2017-03-08 07:00:00,3.6,97,4.7,24.0,1021.8
2017-03-08 08:00:00,6.2,80,3.7,189.0,1022.4
2017-03-08 09:00:00,8.5,71,3.6,395.0,1022.7
2017-03-08 10:00:00,10.7,58,4.4,596.0,1022.2
2017-03-08 11:00:00,12.3,41,7.1,745.0,1022.2
2017-03-08 12:00:00,13.3,43,7.7,807.0,1021.2
2017-03-08 13:00:00,14.6,40,10.2,813.0,1020.0
2017-03-08 14:00:00,15.5,34,9.4,746.0,1018.6
2017-03-08 15:00:00,15.9,31,11.2,633.0,1017.8
2017-03-08 16:00:00,15.4,33,14.2,476.0,1017.6
2017-03-08 17:00:00,14.4,40,9.4,265.0,1017.8
2017-03-08 18:00:00,10.6,51,8.0,67.0,1018.2
2017-03-08 19:00:00,9.3,54,9.0,0.0,1018.9
2017-03-08 20:00:00,7.6,67,7.6,0.0,1019.2
2017-03-08 21:00:00,6.7,76,8.3,0.0,1019.2
2017-03-08 22:00:00,7.6,74,7.7,0.0,1019.5
2017-03-08 23:00:00,7.1,77,7.6,0.0,1019.8
2017-03-09 00:00:00,8.4,71,4.6,0.0,1019.4
2017-03-09 01:00:00,7.7,71,1.5,0.0,1019.4
2017-03-09 02:00:00,4.1,86,5.1,0.0,1019.5
2017-03-09 03:00:00,4.3,83,2.9,0.0,1019.2
2017-03-09 04:00:00,5.6,78,0.8,0.0,1019.2
2017-03-09 05:00:00,5.4,79,1.0,0.0,1019.3
2017-03-09 06:00:00,5.0,83,2.2,0.0,1019.6
2017-03-09 07:00:00,5.0,88,4.1,23.0,1019.9
2017-03-09 08:00:00,7.9,74,4.1,183.0,1020.1
2017-03-09 09:00:00,11.0,60,3.9,399.0,1020.0
2017-03-09 10:00:00,13.3,51,4.5,604.0,1019.6
2017-03-09 11:00:00,15.2,44,4.0,752.0,1019.0
2017-03-09 12:00:00,16.5,40,4.3,836.0,1018.1
2017-03-09 13:00:00,17.3,38,3.0,848.0,1017.1
2017-03-09 14:00:00,17.8,36,3.1,785.0,1016.0
2017-03-09 15:00:00,18.1,35,3.6,628.0,1015.4
2017-03-09 16:00:00,17.9,37,8.0,446.0,1015.2
2017-03-09 17:00:00,16.5,46,11.2,254.0,1015.1
2017-03-09 18:00:00,13.4,52,8.4,65.0,1015.1
2017-03-09 19:00:00,12.4,56,10.7,0.0,1016.0
2017-03-09 20:00:00,11.3,60,8.1,0.0,1015.2
2017-03-09 21:00:00,11.8,59,10.2,0.0,1015.4
2017-03-09 22:00:00,11.2,58,8.9,0.0,1016.2
2017-03-09 23:00:00,10.8,63,7.1,0.0,1016.2
2017-03-10 00:00:00,10.1,69,6.9,0.0,1015.7
2017-03-10 01:00:00,9.9,74,7.8,0.0,1015.8
2017-03-10 02:00:00,9.9,75,7.4,0.0,1015.8
2017-03-10 03:00:00,10.0,75,7.9,0.0,1015.5
2017-03-10 04:00:00,10.0,75,7.9,0.0,1015.1
2017-03-10 05:00:00,10.1,75,6.4,0.0,1015.5
2017-03-10 06:00:00,10.3,73,5.7,0.0,1015.8
2017-03-10 07:00:00,11.3,70,7.2,8.0,1016.3
2017-03-10 08:00:00,12.6,70,10.8,60.0,1016.8
2017-03-10 09:00:00,13.2,71,10.4,129.0,1016.7
2017-03-10 10:00:00,15.1,66,14.8,348.0,1017.0
2017-03-10 11:00:00,16.0,62,14.6,376.0,1016.9
2017-03-10 12:00:00,16.5,59,15.6,427.0,1016.1
2017-03-10 13:00:00,16.8,56,15.1,439.0,1015.5
2017-03-10 14:00:00,16.5,56,14.5,286.0,1015.2
2017-03-10 15:00:00,15.7,58,14.8,200.0,1015.2
2017-03-10 16:00:00,14.9,66,13.5,161.0,1015.5
2017-03-10 17:00:00,14.0,77,10.8,67.0,1016.0
2017-03-10 18:00:00,12.9,83,11.2,20.0,1016.5
2017-03-10 19:00:00,12.2,84,10.7,0.0,1017.2
2017-03-10 20:00:00,11.2,84,10.5,0.0,1017.0
2017-03-10 21:00:00,11.2,85,8.1,0.0,1017.3
2017-03-10 22:00:00,9.7,92,6.9,0.0,1017.5
2017-03-10 23:00:00,9.1,93,6.2,0.0,1018.0
2017-03-11 00:00:00,8.8,92,6.3,0.0,1018.7
2017-03-11 01:00:00,9.5,88,8.0,0.0,1018.1
2017-03-11 02:00:00,9.5,86,8.0,0.0,1018.1
2017-03-11 03:00:00,9.5,86,7.3,0.0,1018.0
2017-03-11 04:00:00,9.8,84,8.8,0.0,1017.7
2017-03-11 05:00:00,9.8,84,8.3,0.0,1017.9
2017-03-11 06:00:00,9.6,86,7.8,0.0,1018.4
2017-03-11 07:00:00,10.3,83,8.7,8.0,1018.6
2017-03-11 08:00:00,11.0,82,9.7,26.0,1019.4
2017-03-11 09:00:00,11.3,82,10.4,41.0,1019.7
2017-03-11 10:00:00,11.6,82,12.4,67.0,1019.7
2017-03-11 11:00:00,11.9,82,12.4,89.0,1019.6
2017-03-11 12:00:00,13.0,77,13.9,226.0,1019.2
2017-03-11 13:00:00,13.3,74,14.8,157.0,1019.0
2017-03-11 14:00:00,13.7,73,14.3,161.0,1018.1
2017-03-11 15:00:00,13.3,76,11.5,75.0,1018.0
2017-03-11 16:00:00,13.3,77,10.0,70.0,1018.1
2017-03-11 17:00:00,12.7,80,10.8,29.0,1018.2
2017-03-11 18:00:00,12.4,81,10.7,10.0,1018.6
2017-03-11 19:00:00,12.0,81,10.1,0.0,1018.6
2017-03-11 20:00:00,12.0,80,10.5,0.0,1018.5
2017-03-11 21:00:00,11.9,79,8.4,0.0,1018.6
2017-03-11 22:00:00,11.7,80,6.9,0.0,1018.8
2017-03-11 23:00:00,11.4,83,5.7,0.0,1018.8
2017-03-12 00:00:00,10.9,86,5.0,0.0,1018.4
2017-03-12 01:00:00,10.7,88,4.7,0.0,1018.3
2017-03-12 02:00:00,10.6,88,4.8,0.0,1017.7
2017-03-12 03:00:00,10.6,89,4.0,0.0,1017.5
2017-03-12 04:00:00,10.9,86,3.9,0.0,1016.5
2017-03-12 05:00:00,11.0,85,5.2,0.0,1016.5
2017-03-12 06:00:00,11.0,85,5.9,0.0,1016.2
2017-03-12 07:00:00,11.1,85,5.2,4.0,1016.2
2017-03-12 08:00:00,11.6,86,4.9,44.0,1016.2
2017-03-12 09:00:00,12.2,83,3.9,58.0,1016.0
2017-03-12 10:00:00,13.1,79,2.9,128.0,1015.8
2017-03-12 11:00:00,13.6,78,2.4,149.0,1015.6
2017-03-12 12:00:00,14.0,78,4.2,186.0,1015.2
2017-03-12 13:00:00,14.1,80,5.5,221.0,1014.3
2017-03-12 14:00:00,14.6,80,7.4,288.0,1013.5
2017-03-12 15:00:00,14.2,85,6.9,134.0,1013.7
2017-03-12 16:00:00,13.7,90,7.1,46.0,1013.5
2017-03-12 17:00:00,13.2,93,9.1,21.0,1013.4
2017-03-12 18:00:00,12.8,95,6.8,28.0,1013.7
2017-03-12 19:00:00,12.5,96,7.8,0.0,1014.1
2017-03-12 20:00:00,12.2,96,11.5,0.0,1014.8
2017-03-12 21:00:00,12.0,96,12.2,0.0,1015.2
2017-03-12 22:00:00,11.8,95,13.0,0.0,1016.4
2017-03-12 23:00:00,11.3,95,14.2,0.0,1016.5
2017-03-13 00:00:00,10.9,93,15.5,0.0,1016.4
2017-03-13 01:00:00,10.6,94,12.7,0.0,1016.8
2017-03-13 02:00:00,10.2,93,14.2,0.0,1016.4
2017-03-13 03:00:00,9.8,93,13.4,0.0,1016.1
2017-03-13 04:00:00,9.6,92,13.8,0.0,1016.3
2017-03-13 05:00:00,9.3,90,14.8,0.0,1016.3
2017-03-13 06:00:00,8.8,88,13.4,0.0,1016.6
2017-03-13 07:00:00,8.4,87,13.9,1.0,1016.8
2017-03-13 08:00:00,8.4,85,12.5,13.0,1017.9
2017-03-13 09:00:00,8.7,89,10.4,33.0,1018.0
2017-03-13 10:00:00,9.1,92,12.6,41.0,1018.3
2017-03-13 11:00:00,9.2,91,17.5,48.0,1018.0
2017-03-13 12:00:00,9.2,91,16.0,61.0,1017.5
2017-03-13 13:00:00,9.1,89,19.0,58.0,1016.7
2017-03-13 14:00:00,8.5,87,20.6,46.0,1016.3
2017-03-13 15:00:00,7.6,87,22.4,48.0,1017.0
2017-03-13 16:00:00,6.9,88,20.5,27.0,1017.7
2017-03-13 17:00:00,6.8,89,19.7,13.0,1018.1
2017-03-13 18:00:00,6.2,88,18.7,4.0,1019.0
2017-03-13 19:00:00,6.0,86,16.6,0.0,1019.6
2017-03-13 20:00:00,6.3,83,13.3,0.0,1021.3
2017-03-13 21:00:00,6.0,86,11.9,0.0,1021.6
2017-03-13 22:00:00,5.9,86,12.7,0.0,1022.4
2017-03-13 23:00:00,5.8,86,9.4,0.0,1022.6
2017-03-14 00:00:00,5.2,88,9.2,0.0,1022.9
2017-03-14 01:00:00,5.2,88,12.6,0.0,1022.5
2017-03-14 02:00:00,5.2,88,13.7,0.0,1022.5
2017-03-14 03:00:00,4.8,88,12.9,0.0,1022.3
2017-03-14 04:00:00,4.0,89,13.1,0.0,1022.6
2017-03-14 05:00:00,3.4,85,11.8,0.0,1023.0
2017-03-14 06:00:00,2.8,83,10.3,0.0,1023.6
2017-03-14 07:00:00,3.5,80,11.8,36.0,1023.9
2017-03-14 08:00:00,5.6,70,11.0,215.0,1025.3
2017-03-14 09:00:00,7.8,54,13.5,434.0,1025.4
2017-03-14 10:00:00,9.4,47,14.1,632.0,1025.0
2017-03-14 11:00:00,10.7,44,14.9,779.0,1025.0
2017-03-14 12:00:00,11.8,43,16.2,860.0,1024.6
2017-03-14 13:00:00,12.5,42,17.7,869.0,1023.5
2017-03-14 14:00:00,13.0,38,17.3,808.0,1023.0
2017-03-14 15:00:00,12.8,35,19.1,680.0,1023.2
2017-03-14 16:00:00,11.9,37,18.2,497.0,1023.3
2017-03-14 17:00:00,11.0,45,14.9,281.0,1023.7
2017-03-14 18:00:00,8.3,57,6.8,78.0,1023.9
2017-03-14 19:00:00,6.6,64,7.7,0.0,1024.1
2017-03-14 20:00:00,6.4,66,9.3,0.0,1024.6
2017-03-14 21:00:00,6.5,62,6.8,0.0,1024.7
2017-03-14 22:00:00,6.4,64,10.8,0.0,1025.0
2017-03-14 23:00:00,5.4,72,7.7,0.0,1025.4
2017-03-15 00:00:00,4.0,79,7.1,0.0,1025.7
2017-03-15 01:00:00,3.0,83,8.5,0.0,1025.7
2017-03-15 02:00:00,3.3,80,5.8,0.0,1025.6
2017-03-15 03:00:00,3.0,83,3.9,0.0,1025.0
2017-03-15 04:00:00,2.6,84,3.9,0.0,1025.0
2017-03-15 05:00:00,2.4,86,3.6,0.0,1025.1
2017-03-15 06:00:00,1.3,88,4.1,0.0,1025.0
2017-03-15 07:00:00,3.9,78,2.5,38.0,1025.0
2017-03-15 08:00:00,6.4,65,1.1,218.0,1025.8
2017-03-15 09:00:00,8.6,63,5.7,352.0,1025.4
2017-03-15 10:00:00,10.4,56,8.6,577.0,1024.8
2017-03-15 11:00:00,11.7,48,10.6,717.0,1024.8
2017-03-15 12:00:00,12.7,41,14.8,794.0,1023.6
2017-03-15 13:00:00,13.2,35,17.6,833.0,1022.6
2017-03-15 14:00:00,13.3,33,18.8,775.0,1021.6
2017-03-15 15:00:00,13.1,36,17.8,621.0,1021.2
2017-03-15 16:00:00,11.9,38,19.3,270.0,1020.5
2017-03-15 17:00:00,10.9,45,16.8,129.0,1020.4
2017-03-15 18:00:00,10.2,52,14.9,36.0,1020.5
2017-03-15 19:00:00,9.7,54,15.8,0.0,1020.5
2017-03-15 20:00:00,9.4,46,12.8,0.0,1020.0
2017-03-15 21:00:00,8.8,55,10.1,0.0,1020.7
2017-03-15 22:00:00,8.0,75,8.2,0.0,1021.6
2017-03-15 23:00:00,7.8,85,8.2,0.0,1021.8
2017-03-16 00:00:00,7.8,87,9.3,0.0,1021.5
2017-03-16 01:00:00,7.6,87,9.4,0.0,1021.2
2017-03-16 02:00:00,7.2,88,11.2,0.0,1020.0
2017-03-16 03:00:00,7.0,90,9.0,0.0,1019.7
2017-03-16 04:00:00,7.0,90,8.3,0.0,1019.6
2017-03-16 05:00:00,6.9,90,7.2,0.0,1019.5
2017-03-16 06:00:00,6.9,89,7.2,0.0,1019.8
2017-03-16 07:00:00,7.2,85,7.8,7.0,1019.9
2017-03-16 08:00:00,7.6,84,6.2,39.0,1021.1
2017-03-16 09:00:00,8.2,79,8.0,113.0,1020.7
2017-03-16 10:00:00,9.7,67,8.4,362.0,1020.9
2017-03-16 11:00:00,11.1,60,6.4,641.0,1021.0
2017-03-16 12:00:00,11.9,59,3.0,706.0,1020.4
2017-03-16 13:00:00,12.3,58,1.5,558.0,1019.7
2017-03-16 14:00:00,12.4,57,2.8,419.0,1018.9
2017-03-16 15:00:00,12.5,57,4.4,286.0,1018.8
2017-03-16 16:00:00,12.4,57,7.0,196.0,1018.8
2017-03-16 17:00:00,12.1,58,8.1,96.0,1019.0
2017-03-16 18:00:00,11.3,62,9.6,29.0,1019.3
2017-03-16 19:00:00,10.3,69,11.4,0.0,1020.0
2017-03-16 20:00:00,9.3,75,5.3,0.0,1020.9
2017-03-16 21:00:00,9.0,80,4.6,0.0,1021.3
2017-03-16 22:00:00,8.3,87,4.4,0.0,1021.7
2017-03-16 23:00:00,7.7,90,5.7,0.0,1022.0
2017-03-17 00:00:00,7.4,93,6.1,0.0,1022.1
2017-03-17 01:00:00,7.4,93,5.1,0.0,1021.6
2017-03-17 02:00:00,6.3,94,6.6,0.0,1021.3
2017-03-17 03:00:00,5.4,95,7.7,0.0,1021.4
2017-03-17 04:00:00,5.0,96,8.5,0.0,1021.3
2017-03-17 05:00:00,4.7,96,8.5,0.0,1021.3
2017-03-17 06:00:00,4.5,96,8.9,0.0,1021.6
2017-03-17 07:00:00,7.1,91,7.3,41.0,1021.9
2017-03-17 08:00:00,9.1,81,10.1,216.0,1022.0
2017-03-17 09:00:00,10.7,71,11.9,350.0,1022.1
2017-03-17 10:00:00,11.9,63,14.0,470.0,1021.7
2017-03-17 11:00:00,12.9,60,13.2,554.0,1021.7
2017-03-17 12:00:00,13.8,57,11.5,555.0,1021.0
2017-03-17 13:00:00,14.3,57,11.5,499.0,1020.1
2017-03-17 14:00:00,14.0,60,12.6,406.0,1019.1
2017-03-17 15:00:00,13.2,61,15.9,321.0,1018.8
2017-03-17 16:00:00,13.2,59,14.8,238.0,1018.5
2017-03-17 17:00:00,11.7,64,15.3,135.0,1018.9
2017-03-17 18:00:00,9.9,75,13.0,47.0,1019.2
2017-03-17 19:00:00,9.7,81,11.7,0.0,1019.4
2017-03-17 20:00:00,9.4,81,9.7,0.0,1019.6
2017-03-17 21:00:00,9.4,83,5.4,0.0,1020.2
2017-03-17 22:00:00,9.9,80,4.0,0.0,1020.4
2017-03-17 23:00:00,10.0,85,1.1,0.0,1020.5
2017-03-18 00:00:00,9.9,83,2.2,0.0,1019.5
2017-03-18 01:00:00,9.5,87,1.8,0.0,1019.9
2017-03-18 02:00:00,9.6,89,2.3,0.0,1019.5
2017-03-18 03:00:00,9.6,92,2.9,0.0,1019.1
2017-03-18 04:00:00,9.7,91,2.5,0.0,1019.1
2017-03-18 05:00:00,9.6,93,3.3,0.0,1019.7
2017-03-18 06:00:00,9.6,93,3.8,0.0,1019.9
2017-03-18 07:00:00,9.7,92,4.5,6.0,1020.5
2017-03-18 08:00:00,9.7,92,3.7,19.0,1021.4
2017-03-18 09:00:00,10.2,87,3.3,47.0,1021.7
2017-03-18 10:00:00,10.3,88,1.3,47.0,1021.8
2017-03-18 11:00:00,10.9,86,4.0,104.0,1021.9
2017-03-18 12:00:00,11.4,83,6.9,146.0,1021.9
2017-03-18 13:00:00,11.4,82,8.0,93.0,1021.5
2017-03-18 14:00:00,11.4,82,7.6,67.0,1020.9
2017-03-18 15:00:00,11.5,80,8.6,87.0,1020.9
2017-03-18 16:00:00,11.4,81,7.5,53.0,1021.0
2017-03-18 17:00:00,11.3,83,6.2,31.0,1021.1
2017-03-18 18:00:00,11.0,86,4.2,12.0,1021.4
2017-03-18 19:00:00,10.8,88,4.5,0.0,1021.9
2017-03-18 20:00:00,10.4,87,3.2,0.0,1022.3
2017-03-18 21:00:00,10.4,87,4.7,0.0,1022.3
2017-03-18 22:00:00,10.2,88,6.6,0.0,1022.4
2017-03-18 23:00:00,10.1,88,8.2,0.0,1022.2
2017-03-19 00:00:00,9.9,89,5.9,0.0,1022.2
2017-03-19 01:00:00,9.8,89,5.7,0.0,1022.1
2017-03-19 02:00:00,9.7,88,7.0,0.0,1021.9
2017-03-19 03:00:00,9.7,85,6.3,0.0,1021.5
2017-03-19 04:00:00,9.7,84,6.8,0.0,1021.8
2017-03-19 05:00:00,9.6,84,6.6,0.0,1022.2
2017-03-19 06:00:00,9.6,87,6.2,0.0,1022.3
2017-03-19 07:00:00,9.8,89,8.2,5.0,1022.4
2017-03-19 08:00:00,10.5,89,8.3,31.0,1022.6
2017-03-19 09:00:00,11.0,85,11.9,77.0,1022.1
2017-03-19 10:00:00,11.7,81,11.9,113.0,1022.3
2017-03-19 11:00:00,11.7,81,13.3,84.0,1021.9
2017-03-19 12:00:00,12.1,80,14.9,168.0,1021.4
2017-03-19 13:00:00,12.7,80,14.5,208.0,1020.8
2017-03-19 14:00:00,12.5,82,16.4,132.0,1019.6
2017-03-19 15:00:00,11.9,86,14.3,79.0,1019.7
2017-03-19 16:00:00,11.3,90,16.6,30.0,1019.3
2017-03-19 17:00:00,11.2,90,16.4,29.0,1019.2
2017-03-19 18:00:00,11.0,90,15.9,6.0,1019.2
2017-03-19 19:00:00,10.9,89,14.8,0.0,1019.5
2017-03-19 20:00:00,10.6,93,7.6,0.0,1019.6
2017-03-19 21:00:00,10.6,93,10.5,0.0,1018.9
2017-03-19 22:00:00,10.6,93,10.6,0.0,1018.6
2017-03-19 23:00:00,10.6,94,9.8,0.0,1018.1
2017-03-20 00:00:00,10.5,94,9.4,0.0,1017.4
2017-03-20 01:00:00,10.4,95,8.5,0.0,1016.6
2017-03-20 02:00:00,10.4,96,4.2,0.0,1016.2
2017-03-20 03:00:00,10.5,95,4.3,0.0,1015.3
2017-03-20 04:00:00,10.4,96,5.0,0.0,1014.2
2017-03-20 05:00:00,10.4,95,3.4,0.0,1014.3
2017-03-20 06:00:00,10.3,97,7.2,0.0,1014.2
2017-03-20 07:00:00,10.6,96,5.2,6.0,1014.3
2017-03-20 08:00:00,10.4,96,10.4,22.0,1015.1
2017-03-20 09:00:00,11.3,93,8.5,79.0,1015.7
2017-03-20 10:00:00,11.9,93,6.5,96.0,1015.6
2017-03-20 11:00:00,12.4,91,7.0,105.0,1015.3
2017-03-20 12:00:00,13.4,86,8.4,169.0,1015.1
2017-03-20 13:00:00,13.8,84,9.8,140.0,1014.5
2017-03-20 14:00:00,13.9,83,9.7,116.0,1014.3
2017-03-20 15:00:00,13.7,82,13.5,76.0,1014.5
2017-03-20 16:00:00,12.9,82,18.0,57.0,1014.9
2017-03-20 17:00:00,12.7,81,18.7,44.0,1015.2
2017-03-20 18:00:00,12.3,80,18.6,16.0,1015.9
2017-03-20 19:00:00,11.9,80,17.9,0.0,1016.7
2017-03-20 20:00:00,11.8,80,17.7,0.0,1017.5
2017-03-20 21:00:00,11.6,79,16.6,0.0,1018.3
2017-03-20 22:00:00,11.2,79,17.9,0.0,1018.6
2017-03-20 23:00:00,10.7,79,19.0,0.0,1019.3
2017-03-21 00:00:00,9.7,82,16.3,0.0,1019.6
2017-03-21 01:00:00,9.0,85,15.3,0.0,1020.1
2017-03-21 02:00:00,8.7,85,15.4,0.0,1020.0
2017-03-21 03:00:00,8.3,86,13.5,0.0,1020.7
2017-03-21 04:00:00,8.8,83,13.8,0.0,1020.8
2017-03-21 05:00:00,8.8,83,12.3,0.0,1021.1
2017-03-21 06:00:00,9.0,82,11.3,0.0,1021.9
2017-03-21 07:00:00,9.1,83,10.5,8.0,1022.6
2017-03-21 08:00:00,9.5,83,11.5,39.0,1023.6
2017-03-21 09:00:00,10.2,77,8.4,114.0,1023.8
2017-03-21 10:00:00,11.3,72,9.8,271.0,1023.7
2017-03-21 11:00:00,12.9,66,10.4,543.0,1023.3
2017-03-21 12:00:00,13.8,59,10.7,620.0,1023.2
2017-03-21 13:00:00,14.1,57,10.7,558.0,1022.3
2017-03-21 14:00:00,14.3,54,10.1,475.0,1021.1
2017-03-21 15:00:00,14.6,53,10.7,385.0,1020.3
2017-03-21 16:00:00,14.8,51,10.7,360.0,1020.2
2017-03-21 17:00:00,14.5,51,9.9,188.0,1020.2
2017-03-21 18:00:00,12.6,67,5.6,59.0,1020.6
2017-03-21 19:00:00,11.5,71,5.9,0.0,1020.8
2017-03-21 20:00:00,10.7,77,7.1,0.0,1021.3
2017-03-21 21:00:00,10.1,79,5.6,0.0,1021.4
2017-03-21 22:00:00,10.1,82,12.9,0.0,1021.4
2017-03-21 23:00:00,9.5,88,18.1,0.0,1021.0
2017-03-22 00:00:00,9.3,83,14.8,0.0,1021.1
2017-03-22 01:00:00,9.1,82,13.0,0.0,1020.7
2017-03-22 02:00:00,9.0,83,12.6,0.0,1019.9
2017-03-22 03:00:00,9.0,83,10.4,0.0,1019.9
2017-03-22 04:00:00,8.6,87,11.8,0.0,1019.4
2017-03-22 05:00:00,8.3,87,12.1,0.0,1018.9
2017-03-22 06:00:00,8.3,87,13.3,0.0,1018.8
2017-03-22 07:00:00,8.3,87,15.5,6.0,1018.7
2017-03-22 08:00:00,8.6,88,13.2,33.0,1019.1
2017-03-22 09:00:00,8.8,88,13.6,68.0,1018.7
2017-03-22 10:00:00,9.0,88,14.7,70.0,1018.6
2017-03-22 11:00:00,9.0,87,12.9,100.0,1018.3
2017-03-22 12:00:00,8.9,87,14.1,71.0,1017.2
2017-03-22 13:00:00,9.0,86,13.0,83.0,1016.6
2017-03-22 14:00:00,9.2,87,13.7,72.0,1016.0
2017-03-22 15:00:00,9.4,90,13.7,61.0,1015.1
2017-03-22 16:00:00,9.6,91,11.6,47.0,1015.3
2017-03-22 17:00:00,9.5,92,9.5,18.0,1015.4
2017-03-22 18:00:00,9.5,93,9.8,7.0,1015.5
2017-03-22 19:00:00,9.5,93,10.1,0.0,1015.7
2017-03-22 20:00:00,9.2,93,7.6,0.0,1015.8
2017-03-22 21:00:00,9.0,93,5.5,0.0,1016.3
2017-03-22 22:00:00,9.0,93,4.0,0.0,1016.6
2017-03-22 23:00:00,9.2,90,2.6,0.0,1017.3
2017-03-23 00:00:00,9.0,95,1.5,0.0,1017.0
2017-03-23 01:00:00,9.0,95,4.2,0.0,1016.8
2017-03-23 02:00:00,8.9,95,6.2,0.0,1016.6
2017-03-23 03:00:00,8.8,95,8.3,0.0,1015.9
2017-03-23 04:00:00,8.8,95,6.6,0.0,1015.8
2017-03-23 05:00:00,8.4,96,6.1,0.0,1016.2
2017-03-23 06:00:00,7.2,98,6.4,0.0,1017.3
2017-03-23 07:00:00,8.5,93,11.8,45.0,1017.9
2017-03-23 08:00:00,10.1,86,15.9,160.0,1019.6
2017-03-23 09:00:00,11.5,75,14.8,265.0,1020.2
2017-03-23 10:00:00,12.0,70,13.9,314.0,1020.1
2017-03-23 11:00:00,12.2,69,12.6,276.0,1020.0
2017-03-23 12:00:00,12.7,67,11.8,268.0,1019.6
2017-03-23 13:00:00,12.9,70,12.6,281.0,1019.1
2017-03-23 14:00:00,13.3,66,11.1,301.0,1018.4
2017-03-23 15:00:00,12.6,72,12.7,176.0,1018.5
2017-03-23 16:00:00,12.1,74,11.6,147.0,1018.3
2017-03-23 17:00:00,12.2,71,10.6,101.0,1018.2
2017-03-23 18:00:00,11.3,77,11.3,19.0,1018.7
2017-03-23 19:00:00,10.9,81,7.8,0.0,1019.8
2017-03-23 20:00:00,10.6,83,7.3,0.0,1020.0
2017-03-23 21:00:00,10.6,84,5.7,0.0,1020.7
2017-03-23 22:00:00,10.4,87,8.6,0.0,1020.9
2017-03-23 23:00:00,10.2,84,11.5,0.0,1021.7
2017-03-24 00:00:00,9.8,86,12.0,0.0,1021.1
2017-03-24 01:00:00,9.4,86,9.6,0.0,1021.1
2017-03-24 02:00:00,9.0,88,6.5,0.0,1021.1
2017-03-24 03:00:00,8.5,92,4.5,0.0,1020.5
2017-03-24 04:00:00,8.7,90,5.2,0.0,1020.3
2017-03-24 05:00:00,8.7,88,5.6,0.0,1020.0
2017-03-24 06:00:00,8.6,89,6.2,0.0,1019.5
2017-03-24 07:00:00,8.7,89,7.2,5.0,1019.8
2017-03-24 08:00:00,9.7,85,9.7,26.0,1019.6
2017-03-24 09:00:00,10.1,82,10.0,40.0,1019.9
2017-03-24 10:00:00,10.2,82,9.7,50.0,1019.6
2017-03-24 11:00:00,10.4,83,9.8,62.0,1019.2
2017-03-24 12:00:00,10.5,83,8.3,61.0,1018.7
2017-03-24 13:00:00,10.7,81,8.9,94.0,1018.3
2017-03-24 14:00:00,10.4,89,10.1,62.0,1018.3
2017-03-24 15:00:00,10.4,91,8.6,51.0,1017.2
2017-03-24 16:00:00,10.3,92,10.5,43.0,1017.5
2017-03-24 17:00:00,10.0,93,9.4,18.0,1018.4
2017-03-24 18:00:00,9.6,94,9.8,3.0,1019.1
2017-03-24 19:00:00,9.3,93,9.7,0.0,1019.3
2017-03-24 20:00:00,8.9,92,7.4,0.0,1020.1
2017-03-24 21:00:00,8.6,93,5.1,0.0,1020.2
2017-03-24 22:00:00,8.4,93,5.2,0.0,1020.4
2017-03-24 23:00:00,8.2,92,8.2,0.0,1020.5
2017-03-25 00:00:00,8.2,90,9.2,0.0,1020.2
2017-03-25 01:00:00,7.9,91,11.5,0.0,1020.8
2017-03-25 02:00:00,7.7,93,10.0,0.0,1020.5
2017-03-25 03:00:00,7.5,94,9.3,0.0,1020.4
2017-03-25 04:00:00,6.9,94,7.3,0.0,1020.3
2017-03-25 05:00:00,6.3,94,6.3,0.0,1020.4
2017-03-25 06:00:00,5.5,95,6.8,0.0,1020.2
2017-03-25 07:00:00,7.4,92,6.3,58.0,1020.4
2017-03-25 08:00:00,9.4,86,8.2,257.0,1021.8
2017-03-25 09:00:00,11.0,75,10.6,402.0,1022.2
2017-03-25 10:00:00,12.1,66,13.0,460.0,1021.9
2017-03-25 11:00:00,12.8,62,14.7,401.0,1021.9
2017-03-25 12:00:00,14.5,56,14.8,626.0,1021.6
2017-03-25 13:00:00,15.5,50,16.9,650.0,1020.4
2017-03-25 14:00:00,15.5,48,18.1,497.0,1019.9
2017-03-25 15:00:00,15.7,45,18.0,472.0,1019.4
2017-03-25 16:00:00,15.1,51,18.5,418.0,1019.3
2017-03-25 17:00:00,14.2,55,17.4,292.0,1019.3
2017-03-25 18:00:00,12.6,59,12.8,88.0,1019.5
2017-03-25 19:00:00,10.1,69,7.6,1.0,1020.2
2017-03-25 20:00:00,10.7,67,11.5,0.0,1021.4
2017-03-25 21:00:00,10.3,68,9.7,0.0,1022.0
2017-03-25 22:00:00,9.3,72,7.4,0.0,1022.7
2017-03-25 23:00:00,8.2,78,7.1,0.0,1022.8
2017-03-26 00:00:00,8.1,79,6.9,0.0,1022.5
2017-03-26 01:00:00,7.8,79,7.2,0.0,1022.4
2017-03-26 02:00:00,7.2,79,7.3,0.0,1021.7
2017-03-26 03:00:00,6.7,80,7.7,0.0,1021.0
2017-03-26 04:00:00,6.3,79,8.4,0.0,1021.0
2017-03-26 05:00:00,6.3,76,8.7,0.0,1021.1
2017-03-26 06:00:00,6.3,76,9.1,0.0,1021.3
2017-03-26 07:00:00,8.7,70,12.1,70.0,1021.8
2017-03-26 08:00:00,11.7,64,12.2,272.0,1022.9
2017-03-26 09:00:00,14.2,53,13.1,497.0,1022.7
2017-03-26 10:00:00,15.8,42,12.8,693.0,1022.8
2017-03-26 11:00:00,16.8,42,13.4,821.0,1023.0
2017-03-26 12:00:00,18.0,33,13.4,783.0,1022.3
2017-03-26 13:00:00,18.4,33,21.8,837.0,1021.4
2017-03-26 14:00:00,18.8,31,20.5,725.0,1020.5
2017-03-26 15:00:00,18.4,34,22.4,705.0,1020.3
2017-03-26 16:00:00,18.1,35,21.9,524.0,1020.4
2017-03-26 17:00:00,16.8,43,13.7,290.0,1020.6
2017-03-26 18:00:00,13.7,51,8.7,101.0,1021.2
2017-03-26 19:00:00,11.7,55,8.9,1.0,1021.9
2017-03-26 20:00:00,10.9,54,9.0,0.0,1022.7
2017-03-26 21:00:00,11.7,47,9.7,0.0,1023.5
2017-03-26 22:00:00,11.1,49,10.9,0.0,1024.0
2017-03-26 23:00:00,10.7,49,11.8,0.0,1024.1
2017-03-27 00:00:00,9.8,53,10.1,0.0,1024.3
2017-03-27 01:00:00,8.4,61,8.1,0.0,1024.2
2017-03-27 02:00:00,6.9,70,7.9,0.0,1024.0
2017-03-27 03:00:00,6.0,76,7.3,0.0,1024.0
2017-03-27 04:00:00,5.1,83,9.0,0.0,1023.6
2017-03-27 05:00:00,4.7,85,8.8,0.0,1023.8
2017-03-27 06:00:00,4.2,87,9.0,0.0,1024.3
2017-03-27 07:00:00,7.9,75,5.8,73.0,1024.9
2017-03-27 08:00:00,11.8,65,4.3,279.0,1025.7
2017-03-27 09:00:00,14.7,54,5.2,505.0,1025.5
2017-03-27 10:00:00,16.5,45,7.3,702.0,1025.8
2017-03-27 11:00:00,17.7,41,7.9,844.0,1025.7
2017-03-27 12:00:00,18.7,38,6.3,921.0,1024.3
2017-03-27 13:00:00,19.4,35,5.6,924.0,1023.1
2017-03-27 14:00:00,20.0,33,4.8,854.0,1022.1
2017-03-27 15:00:00,20.2,32,1.9,717.0,1020.9
2017-03-27 16:00:00,20.1,34,4.3,529.0,1020.4
2017-03-27 17:00:00,18.8,48,8.3,310.0,1020.3
2017-03-27 18:00:00,15.2,57,7.8,100.0,1020.5
2017-03-27 19:00:00,14.0,61,10.5,2.0,1021.1
2017-03-27 20:00:00,12.6,68,11.9,0.0,1020.5
2017-03-27 21:00:00,13.0,64,8.9,0.0,1020.3
2017-03-27 22:00:00,10.9,75,8.7,0.0,1020.1
2017-03-27 23:00:00,11.2,73,8.3,0.0,1020.2
2017-03-28 00:00:00,11.5,68,9.4,0.0,1019.7
2017-03-28 01:00:00,12.1,61,11.2,0.0,1019.1
2017-03-28 02:00:00,11.0,64,9.1,0.0,1018.9
2017-03-28 03:00:00,10.0,67,8.2,0.0,1018.8
2017-03-28 04:00:00,9.7,71,8.3,0.0,1018.3
2017-03-28 05:00:00,11.3,64,7.6,0.0,1018.2
2017-03-28 06:00:00,11.4,64,8.0,0.0,1018.2
2017-03-28 07:00:00,12.4,64,9.5,31.0,1018.4
2017-03-28 08:00:00,14.3,62,4.7,80.0,1018.3
2017-03-28 09:00:00,17.0,57,10.8,385.0,1018.0
2017-03-28 10:00:00,18.7,54,14.2,503.0,1017.9
2017-03-28 11:00:00,20.3,52,15.6,670.0,1017.9
2017-03-28 12:00:00,21.3,49,18.0,691.0,1017.0
2017-03-28 13:00:00,22.0,43,20.9,729.0,1016.0
2017-03-28 14:00:00,21.8,43,22.3,726.0,1015.1
2017-03-28 15:00:00,21.2,46,19.5,605.0,1014.6
2017-03-28 16:00:00,20.4,52,17.7,402.0,1014.8
2017-03-28 17:00:00,19.1,60,12.2,151.0,1015.2
2017-03-28 18:00:00,18.1,63,10.3,17.0,1015.6
2017-03-28 19:00:00,17.5,67,8.9,0.0,1015.8
2017-03-28 20:00:00,16.3,70,10.3,0.0,1016.8
2017-03-28 21:00:00,16.2,72,10.0,0.0,1017.2
2017-03-28 22:00:00,15.9,74,10.2,0.0,1017.8
2017-03-28 23:00:00,15.7,75,10.7,0.0,1018.0
2017-03-29 00:00:00,15.2,77,8.7,0.0,1018.0
2017-03-29 01:00:00,14.8,79,7.7,0.0,1018.1
2017-03-29 02:00:00,14.0,82,7.4,0.0,1018.1
2017-03-29 03:00:00,13.5,84,6.5,0.0,1018.0
2017-03-29 04:00:00,12.8,88,6.2,0.0,1018.5
2017-03-29 05:00:00,12.4,91,5.8,0.0,1018.8
2017-03-29 06:00:00,11.9,94,8.4,0.0,1019.1
2017-03-29 07:00:00,12.7,89,9.8,57.0,1019.8
2017-03-29 08:00:00,13.6,83,8.4,222.0,1020.6
2017-03-29 09:00:00,15.3,78,7.7,328.0,1020.8
2017-03-29 10:00:00,16.9,73,7.6,482.0,1021.1
2017-03-29 11:00:00,17.6,70,8.4,435.0,1021.3
2017-03-29 12:00:00,17.9,69,5.2,351.0,1020.6
2017-03-29 13:00:00,18.7,66,1.6,436.0,1019.8
2017-03-29 14:00:00,18.8,67,2.4,316.0,1018.8
2017-03-29 15:00:00,19.1,64,2.9,277.0,1018.6
2017-03-29 16:00:00,19.1,65,7.9,209.0,1018.7
2017-03-29 17:00:00,17.4,74,15.3,101.0,1019.2
2017-03-29 18:00:00,16.3,76,11.2,63.0,1018.9
2017-03-29 19:00:00,14.1,85,8.7,2.0,1019.1
2017-03-29 20:00:00,12.6,92,8.5,0.0,1020.2
2017-03-29 21:00:00,12.8,90,5.0,0.0,1020.5
2017-03-29 22:00:00,12.2,93,5.8,0.0,1021.1
2017-03-29 23:00:00,12.5,90,5.9,0.0,1021.3
2017-03-30 00:00:00,12.5,90,8.0,0.0,1021.0
2017-03-30 01:00:00,11.8,92,11.6,0.0,1020.1
2017-03-30 02:00:00,11.0,94,8.2,0.0,1019.8
2017-03-30 03:00:00,10.8,94,9.3,0.0,1019.5
2017-03-30 04:00:00,11.2,90,10.0,0.0,1019.6
2017-03-30 05:00:00,11.1,90,10.5,0.0,1019.5
2017-03-30 06:00:00,11.1,90,9.5,0.0,1019.7
2017-03-30 07:00:00,11.2,90,9.8,7.0,1019.7
2017-03-30 08:00:00,11.4,91,10.2,22.0,1020.1
2017-03-30 09:00:00,11.6,93,10.5,54.0,1020.1
2017-03-30 10:00:00,11.8,91,13.0,57.0,1019.7
2017-03-30 11:00:00,11.9,93,13.2,92.0,1019.5
2017-03-30 12:00:00,12.1,93,13.6,124.0,1018.7
2017-03-30 13:00:00,11.9,91,14.1,85.0,1017.3
2017-03-30 14:00:00,11.8,92,13.4,71.0,1016.4
2017-03-30 15:00:00,12.3,91,14.1,116.0,1015.8
2017-03-30 16:00:00,11.7,93,15.0,48.0,1015.5
2017-03-30 17:00:00,11.1,95,14.2,24.0,1015.1
2017-03-30 18:00:00,11.0,95,13.5,10.0,1014.8
2017-03-30 19:00:00,10.9,96,16.5,0.0,1014.4
2017-03-30 20:00:00,10.7,95,12.0,0.0,1015.5
2017-03-30 21:00:00,10.6,96,14.8,0.0,1015.9
2017-03-30 22:00:00,10.2,96,17.9,0.0,1016.3
2017-03-30 23:00:00,10.1,96,16.7,0.0,1016.5
2017-03-31 00:00:00,10.0,95,19.5,0.0,1017.4
2017-03-31 01:00:00,9.9,93,18.9,0.0,1017.1
2017-03-31 02:00:00,9.8,93,19.1,0.0,1017.1
2017-03-31 03:00:00,9.6,92,16.8,0.0,1017.2
2017-03-31 04:00:00,9.3,92,17.3,0.0,1017.5
2017-03-31 05:00:00,9.1,92,16.3,0.0,1018.3
2017-03-31 06:00:00,9.1,88,18.1,0.0,1019.0
2017-03-31 07:00:00,8.6,85,21.0,13.0,1020.2
2017-03-31 08:00:00,8.9,80,17.1,50.0,1021.8
2017-03-31 09:00:00,9.7,73,18.5,167.0,1021.9
2017-03-31 10:00:00,11.0,67,18.1,326.0,1022.3
2017-03-31 11:00:00,11.7,64,18.0,339.0,1022.5
2017-03-31 12:00:00,12.3,62,16.9,319.0,1022.1
2017-03-31 13:00:00,13.3,58,14.8,468.0,1021.2
2017-03-31 14:00:00,14.0,57,18.9,499.0,1020.4
2017-03-31 15:00:00,14.1,55,20.2,487.0,1020.0
2017-03-31 16:00:00,14.6,50,18.1,309.0,1020.0
2017-03-31 17:00:00,14.2,54,14.9,114.0,1019.7
2017-03-31 18:00:00,13.4,57,9.0,45.0,1020.2
2017-03-31 19:00:00,12.3,64,6.6,1.0,1020.8
2017-03-31 20:00:00,11.6,73,7.2,0.0,1021.5
2017-03-31 21:00:00,11.4,71,4.7,0.0,1022.0
2017-03-31 22:00:00,11.5,71,6.1,0.0,1022.6
2017-03-31 23:00:00,11.1,75,4.9,0.0,1022.8
2017-04-01 00:00:00,10.6,84,7.4,0.0,1022.7
2017-04-01 01:00:00,10.2,88,5.1,0.0,1022.3
2017-04-01 02:00:00,10.2,89,3.2,0.0,1021.9
2017-04-01 03:00:00,9.1,94,3.3,0.0,1021.5
2017-04-01 04:00:00,9.5,93,5.8,0.0,1021.6
2017-04-01 05:00:00,7.5,97,5.8,0.0,1021.7
2017-04-01 06:00:00,7.9,96,4.4,0.0,1021.6
2017-04-01 07:00:00,9.7,85,7.1,75.0,1021.7
2017-04-01 08:00:00,11.2,72,9.0,224.0,1021.9
2017-04-01 09:00:00,13.2,67,8.4,478.0,1021.6
2017-04-01 10:00:00,14.3,61,11.4,568.0,1021.6
2017-04-01 11:00:00,15.5,48,16.4,590.0,1021.3
2017-04-01 12:00:00,16.3,42,18.9,603.0,1020.7
2017-04-01 13:00:00,16.9,43,20.7,722.0,1019.9
2017-04-01 14:00:00,17.2,47,19.4,740.0,1019.4
2017-04-01 15:00:00,17.2,43,21.1,707.0,1018.7
2017-04-01 16:00:00,16.7,42,20.5,506.0,1018.6
2017-04-01 17:00:00,15.7,48,12.8,269.0,1018.9
2017-04-01 18:00:00,12.9,61,6.8,111.0,1019.5
2017-04-01 19:00:00,10.0,72,9.2,3.0,1019.8
2017-04-01 20:00:00,11.2,65,8.2,0.0,1020.5
2017-04-01 21:00:00,12.3,59,3.6,0.0,1020.4
2017-04-01 22:00:00,11.8,64,3.6,0.0,1020.5
2017-04-01 23:00:00,9.8,77,7.9,0.0,1020.9
2017-04-02 00:00:00,10.4,76,7.4,0.0,1020.7
2017-04-02 01:00:00,9.0,81,7.4,0.0,1020.3
2017-04-02 02:00:00,6.9,88,8.0,0.0,1020.1
2017-04-02 03:00:00,6.4,89,8.0,0.0,1020.2
2017-04-02 04:00:00,6.1,88,8.3,0.0,1020.4
2017-04-02 05:00:00,6.5,86,8.1,0.0,1020.7
2017-04-02 06:00:00,6.9,84,7.9,1.0,1021.1
2017-04-02 07:00:00,10.5,72,10.8,91.0,1021.7
2017-04-02 08:00:00,14.1,61,11.1,301.0,1022.2
2017-04-02 09:00:00,16.4,58,9.3,523.0,1022.6
2017-04-02 10:00:00,18.3,52,7.3,714.0,1022.9
2017-04-02 11:00:00,19.6,44,9.1,853.0,1022.9
2017-04-02 12:00:00,20.4,40,6.8,924.0,1022.5
2017-04-02 13:00:00,20.9,38,6.2,933.0,1021.7
2017-04-02 14:00:00,21.0,38,5.2,827.0,1020.8
2017-04-02 15:00:00,21.1,37,4.5,723.0,1020.2
2017-04-02 16:00:00,20.9,37,5.1,524.0,1019.9
2017-04-02 17:00:00,20.2,47,5.1,324.0,1019.8
2017-04-02 18:00:00,16.2,64,7.5,112.0,1020.2
2017-04-02 19:00:00,14.2,66,8.7,3.0,1020.4
2017-04-02 20:00:00,13.2,68,8.6,0.0,1020.7
2017-04-02 21:00:00,12.5,67,7.9,0.0,1021.2
2017-04-02 22:00:00,11.0,77,9.5,0.0,1021.2
2017-04-02 23:00:00,13.3,68,7.6,0.0,1021.7
2017-04-03 00:00:00,13.5,68,7.1,0.0,1021.4
2017-04-03 01:00:00,13.0,69,6.1,0.0,1021.0
2017-04-03 02:00:00,12.2,74,5.1,0.0,1021.2
2017-04-03 03:00:00,9.6,84,7.2,0.0,1021.1
2017-04-03 04:00:00,11.2,78,6.1,0.0,1021.1
2017-04-03 05:00:00,10.7,81,3.4,0.0,1021.4
2017-04-03 06:00:00,10.2,85,3.6,1.0,1021.8
2017-04-03 07:00:00,10.7,88,3.5,96.0,1022.2
2017-04-03 08:00:00,14.1,69,4.2,300.0,1022.8
2017-04-03 09:00:00,16.9,59,5.2,480.0,1023.1
2017-04-03 10:00:00,19.1,54,7.0,641.0,1023.3
2017-04-03 11:00:00,20.9,44,10.3,830.0,1023.0
2017-04-03 12:00:00,21.8,32,13.9,900.0,1022.4
2017-04-03 13:00:00,22.2,33,13.8,930.0,1021.5
2017-04-03 14:00:00,22.4,34,11.7,821.0,1020.2
2017-04-03 15:00:00,22.7,34,10.9,729.0,1019.3
2017-04-03 16:00:00,22.0,38,10.6,466.0,1019.1
2017-04-03 17:00:00,19.2,52,15.3,215.0,1018.8
2017-04-03 18:00:00,17.3,52,12.8,74.0,1018.8
2017-04-03 19:00:00,15.9,61,11.4,3.0,1019.0
2017-04-03 20:00:00,16.1,60,11.4,0.0,1019.1
2017-04-03 21:00:00,17.0,45,13.4,0.0,1019.2
2017-04-03 22:00:00,16.6,46,12.9,0.0,1019.2
2017-04-03 23:00:00,15.7,50,9.7,0.0,1019.6
2017-04-04 00:00:00,14.1,57,7.1,0.0,1019.4
2017-04-04 01:00:00,12.7,62,7.7,0.0,1019.5
2017-04-04 02:00:00,12.7,60,7.4,0.0,1019.0
2017-04-04 03:00:00,12.0,60,7.4,0.0,1018.4
2017-04-04 04:00:00,11.8,61,7.4,0.0,1018.6
2017-04-04 05:00:00,12.2,59,8.1,0.0,1018.7
2017-04-04 06:00:00,12.2,60,9.2,1.0,1018.7
2017-04-04 07:00:00,13.0,61,10.8,59.0,1018.9
2017-04-04 08:00:00,15.6,53,10.5,263.0,1019.2
2017-04-04 09:00:00,17.6,45,10.5,381.0,1018.8
2017-04-04 10:00:00,19.6,44,11.8,610.0,1018.6
2017-04-04 11:00:00,21.3,43,13.2,784.0,1017.7
2017-04-04 12:00:00,22.5,42,15.4,819.0,1016.7
2017-04-04 13:00:00,23.0,41,16.2,759.0,1015.4
2017-04-04 14:00:00,23.6,43,15.5,743.0,1014.3
2017-04-04 15:00:00,24.1,43,14.3,640.0,1013.6
2017-04-04 16:00:00,23.8,47,12.2,435.0,1013.0
2017-04-04 17:00:00,22.7,54,10.5,270.0,1013.0
2017-04-04 18:00:00,20.2,61,7.6,85.0,1012.5
2017-04-04 19:00:00,19.0,65,11.2,3.0,1012.7
2017-04-04 20:00:00,18.5,65,15.1,0.0,1012.6
2017-04-04 21:00:00,18.6,61,15.7,0.0,1012.9
2017-04-04 22:00:00,18.0,61,16.7,0.0,1013.1
2017-04-04 23:00:00,17.5,64,15.5,0.0,1013.0
2017-04-05 00:00:00,17.0,67,14.1,0.0,1012.7
2017-04-05 01:00:00,16.9,68,10.9,0.0,1012.2
2017-04-05 02:00:00,14.5,81,8.4,0.0,1012.1
2017-04-05 03:00:00,15.2,79,6.3,0.0,1011.6
2017-04-05 04:00:00,15.2,81,5.8,0.0,1011.3
2017-04-05 05:00:00,15.4,80,5.4,0.0,1011.6
2017-04-05 06:00:00,16.0,75,3.6,1.0,1011.8
2017-04-05 07:00:00,16.1,79,3.1,60.0,1012.1
2017-04-05 08:00:00,18.5,72,8.3,235.0,1012.4
2017-04-05 09:00:00,20.2,66,9.8,420.0,1012.7
2017-04-05 10:00:00,21.7,62,9.6,498.0,1012.6
2017-04-05 11:00:00,23.3,58,11.7,686.0,1012.2
2017-04-05 12:00:00,24.7,56,13.4,718.0,1011.2
2017-04-05 13:00:00,25.6,53,13.2,682.0,1010.5
2017-04-05 14:00:00,26.6,51,9.4,620.0,1009.5
2017-04-05 15:00:00,26.8,51,8.4,498.0,1008.5
2017-04-05 16:00:00,25.9,56,13.5,366.0,1008.6
2017-04-05 17:00:00,22.7,75,14.4,190.0,1009.5
2017-04-05 18:00:00,21.3,80,11.7,41.0,1009.9
2017-04-05 19:00:00,20.0,86,9.7,2.0,1010.2
2017-04-05 20:00:00,18.5,78,13.3,0.0,1010.7
2017-04-05 21:00:00,18.1,80,10.5,0.0,1010.7
2017-04-05 22:00:00,17.6,83,6.4,0.0,1011.0
2017-04-05 23:00:00,17.0,87,5.5,0.0,1010.9
2017-04-06 00:00:00,16.5,90,5.0,0.0,1010.2
2017-04-06 01:00:00,16.3,91,4.9,0.0,1010.3
2017-04-06 02:00:00,15.8,94,4.2,0.0,1009.8
2017-04-06 03:00:00,15.7,94,4.0,0.0,1009.1
2017-04-06 04:00:00,15.1,95,5.7,0.0,1008.9
2017-04-06 05:00:00,15.9,92,2.6,0.0,1009.1
2017-04-06 06:00:00,14.3,97,3.1,2.0,1009.5
2017-04-06 07:00:00,16.5,92,3.1,73.0,1010.1
2017-04-06 08:00:00,18.2,85,2.5,215.0,1010.0
2017-04-06 09:00:00,19.9,81,4.2,372.0,1010.2
2017-04-06 10:00:00,21.6,77,5.4,567.0,1009.7
2017-04-06 11:00:00,23.4,73,6.7,727.0,1009.3
2017-04-06 12:00:00,25.1,67,5.2,713.0,1008.8
2017-04-06 13:00:00,26.0,62,6.0,622.0,1008.1
2017-04-06 14:00:00,25.1,67,8.7,557.0,1007.4
2017-04-06 15:00:00,23.7,76,10.9,381.0,1007.4
2017-04-06 16:00:00,21.5,84,15.9,174.0,1008.1
2017-04-06 17:00:00,20.1,88,12.2,86.0,1008.9
2017-04-06 18:00:00,19.3,93,7.2,46.0,1009.3
2017-04-06 19:00:00,18.9,95,6.5,2.0,1009.9
2017-04-06 20:00:00,18.4,97,7.6,0.0,1009.7
2017-04-06 21:00:00,18.7,97,8.4,0.0,1010.0
2017-04-06 22:00:00,18.4,96,7.9,0.0,1010.0
2017-04-06 23:00:00,17.8,97,7.6,0.0,1010.2
2017-04-07 00:00:00,17.1,96,9.2,0.0,1010.4
2017-04-07 01:00:00,16.5,96,8.3,0.0,1010.1
2017-04-07 02:00:00,16.2,97,8.9,0.0,1009.7
2017-04-07 03:00:00,16.0,98,8.7,0.0,1009.1
2017-04-07 04:00:00,15.8,98,11.8,0.0,1008.9
2017-04-07 05:00:00,15.6,99,12.5,0.0,1009.1
2017-04-07 06:00:00,15.6,99,10.1,0.0,1009.3
2017-04-07 07:00:00,15.7,99,1.4,8.0,1010.3
2017-04-07 08:00:00,16.2,96,8.7,30.0,1011.5
2017-04-07 09:00:00,16.5,93,7.2,118.0,1011.7
2017-04-07 10:00:00,17.2,90,3.6,150.0,1012.1
2017-04-07 11:00:00,17.7,89,3.7,162.0,1011.9
2017-04-07 12:00:00,18.1,88,3.1,157.0,1011.3
2017-04-07 13:00:00,18.8,86,3.4,206.0,1010.8
2017-04-07 14:00:00,19.4,83,5.1,217.0,1010.4
2017-04-07 15:00:00,19.5,83,5.9,159.0,1009.9
2017-04-07 16:00:00,19.9,82,7.1,148.0,1009.7
2017-04-07 17:00:00,20.1,81,5.4,98.0,1010.2
2017-04-07 18:00:00,19.3,86,8.0,26.0,1010.8
2017-04-07 19:00:00,17.4,90,13.2,1.0,1011.5
2017-04-07 20:00:00,17.6,93,6.3,0.0,1011.5
2017-04-07 21:00:00,16.9,92,10.8,0.0,1011.9
2017-04-07 22:00:00,16.5,91,7.8,0.0,1012.3
2017-04-07 23:00:00,16.4,91,7.4,0.0,1012.2
2017-04-08 00:00:00,15.1,97,5.0,0.0,1012.1
2017-04-08 01:00:00,14.4,99,6.6,0.0,1011.6
2017-04-08 02:00:00,14.4,100,5.5,0.0,1011.5
2017-04-08 03:00:00,14.3,100,4.6,0.0,1011.4
2017-04-08 04:00:00,15.2,100,4.3,0.0,1011.1
2017-04-08 05:00:00,15.2,98,4.2,0.0,1011.4
2017-04-08 06:00:00,15.1,99,3.8,2.0,1011.9
2017-04-08 07:00:00,15.7,93,5.7,65.0,1012.1
2017-04-08 08:00:00,16.8,91,6.9,193.0,1012.3
2017-04-08 09:00:00,18.2,88,7.2,249.0,1012.4
2017-04-08 10:00:00,20.2,84,6.9,471.0,1012.1
2017-04-08 11:00:00,22.0,80,7.9,578.0,1011.4
2017-04-08 12:00:00,23.6,75,6.1,597.0,1010.7
2017-04-08 13:00:00,24.5,71,3.8,456.0,1009.3
2017-04-08 14:00:00,25.0,70,9.2,438.0,1008.1
2017-04-08 15:00:00,25.5,68,8.7,384.0,1007.4
2017-04-08 16:00:00,25.2,71,12.6,414.0,1006.9
2017-04-08 17:00:00,23.5,79,16.0,254.0,1007.1
2017-04-08 18:00:00,20.8,86,13.7,79.0,1007.7
2017-04-08 19:00:00,19.0,89,10.7,3.0,1008.4
2017-04-08 20:00:00,17.7,90,10.4,0.0,1007.7
2017-04-08 21:00:00,17.0,93,7.0,0.0,1008.4
2017-04-08 22:00:00,16.7,94,7.7,0.0,1008.4
2017-04-08 23:00:00,16.5,95,8.5,0.0,1008.5
2017-04-09 00:00:00,16.4,94,8.3,0.0,1008.5
2017-04-09 01:00:00,16.2,96,8.1,0.0,1008.0
2017-04-09 02:00:00,16.2,97,7.2,0.0,1007.6
2017-04-09 03:00:00,16.3,98,6.5,0.0,1006.8
2017-04-09 04:00:00,16.2,99,9.1,0.0,1006.6
2017-04-09 05:00:00,15.9,99,10.7,0.0,1006.7
2017-04-09 06:00:00,15.5,99,15.3,0.0,1007.1
2017-04-09 07:00:00,15.3,98,18.3,5.0,1007.5
2017-04-09 08:00:00,12.7,96,22.4,13.0,1010.5
2017-04-09 09:00:00,12.3,95,16.7,32.0,1011.1
2017-04-09 10:00:00,12.5,94,16.1,68.0,1011.2
2017-04-09 11:00:00,13.0,89,17.4,171.0,1011.5
2017-04-09 12:00:00,13.1,87,19.1,144.0,1011.4
2017-04-09 13:00:00,13.4,85,18.2,112.0,1010.8
2017-04-09 14:00:00,13.6,83,17.1,126.0,1009.7
2017-04-09 15:00:00,13.9,81,13.7,113.0,1009.5
2017-04-09 16:00:00,14.1,80,13.4,52.0,1009.5
2017-04-09 17:00:00,14.0,79,14.0,48.0,1009.5
2017-04-09 18:00:00,13.8,79,14.0,17.0,1009.9
2017-04-09 19:00:00,13.6,79,14.9,1.0,1010.1
2017-04-09 20:00:00,13.3,76,14.2,0.0,1010.8
2017-04-09 21:00:00,12.9,73,14.2,0.0,1010.4
2017-04-09 22:00:00,12.4,70,14.3,0.0,1010.7
2017-04-09 23:00:00,11.8,72,11.8,0.0,1011.0
2017-04-10 00:00:00,10.9,85,10.2,0.0,1010.6
2017-04-10 01:00:00,10.6,88,11.4,0.0,1010.2
2017-04-10 02:00:00,10.2,89,14.3,0.0,1009.8
2017-04-10 03:00:00,10.0,90,12.5,0.0,1008.8
2017-04-10 04:00:00,9.9,91,15.0,0.0,1009.1
2017-04-10 05:00:00,9.7,91,10.1,0.0,1009.3
2017-04-10 06:00:00,9.9,88,9.0,0.0,1009.3
2017-04-10 07:00:00,9.8,90,13.7,20.0,1009.8
2017-04-10 08:00:00,10.2,86,11.8,38.0,1009.6
2017-04-10 09:00:00,10.6,85,12.1,61.0,1010.1
2017-04-10 10:00:00,11.3,81,15.5,115.0,1009.9
2017-04-10 11:00:00,10.8,87,13.5,65.0,1009.9
2017-04-10 12:00:00,10.8,86,13.8,89.0,1009.7
2017-04-10 13:00:00,11.3,83,11.5,117.0,1008.7
2017-04-10 14:00:00,11.5,83,8.6,120.0,1007.6
2017-04-10 15:00:00,11.5,82,9.5,72.0,1007.2
2017-04-10 16:00:00,11.5,82,10.7,48.0,1006.7
2017-04-10 17:00:00,11.1,90,10.1,16.0,1006.7
2017-04-10 18:00:00,10.9,91,9.0,5.0,1006.3
2017-04-10 19:00:00,10.7,92,12.1,1.0,1007.4
2017-04-10 20:00:00,10.0,89,16.7,0.0,1008.3
2017-04-10 21:00:00,9.7,89,15.3,0.0,1009.0
2017-04-10 22:00:00,9.6,89,15.8,0.0,1009.8
2017-04-10 23:00:00,9.4,92,16.6,0.0,1010.3
2017-04-11 00:00:00,9.2,91,16.5,0.0,1009.9
2017-04-11 01:00:00,9.2,90,15.8,0.0,1010.5
2017-04-11 02:00:00,9.2,90,15.9,0.0,1009.9
2017-04-11 03:00:00,9.1,89,15.3,0.0,1009.8
2017-04-11 04:00:00,9.1,89,14.1,0.0,1009.9
2017-04-11 05:00:00,9.3,88,14.0,0.0,1010.4
2017-04-11 06:00:00,9.2,87,14.8,1.0,1010.9
2017-04-11 07:00:00,9.3,85,14.8,26.0,1011.7
2017-04-11 08:00:00,9.7,83,12.7,53.0,1013.6
2017-04-11 09:00:00,10.3,79,15.1,96.0,1014.0
2017-04-11 10:00:00,11.2,75,14.8,198.0,1014.3
2017-04-11 11:00:00,12.1,73,13.8,290.0,1014.3
2017-04-11 12:00:00,13.8,69,12.5,531.0,1013.9
2017-04-11 13:00:00,14.7,67,11.6,507.0,1013.7
2017-04-11 14:00:00,14.5,68,13.8,311.0,1013.1
2017-04-11 15:00:00,14.2,69,13.0,216.0,1013.0
2017-04-11 16:00:00,14.0,69,11.5,142.0,1012.9
2017-04-11 17:00:00,13.7,72,8.4,61.0,1012.9
2017-04-11 18:00:00,13.4,80,2.6,26.0,1013.5
2017-04-11 19:00:00,12.4,83,4.7,2.0,1014.2
2017-04-11 20:00:00,11.9,78,10.1,0.0,1015.7
2017-04-11 21:00:00,10.5,86,6.5,0.0,1016.7
2017-04-11 22:00:00,10.3,87,5.5,0.0,1016.6
2017-04-11 23:00:00,9.3,92,5.4,0.0,1017.2
2017-04-12 00:00:00,10.0,88,5.4,0.0,1017.1
2017-04-12 01:00:00,9.6,89,6.4,0.0,1017.1
2017-04-12 02:00:00,9.4,91,5.7,0.0,1016.7
2017-04-12 03:00:00,9.6,90,4.9,0.0,1016.4
2017-04-12 04:00:00,8.4,94,6.2,0.0,1016.2
2017-04-12 05:00:00,9.5,93,4.0,0.0,1016.4
2017-04-12 06:00:00,9.9,92,3.2,3.0,1016.6
2017-04-12 07:00:00,11.5,85,5.0,54.0,1017.4
2017-04-12 08:00:00,12.8,79,5.6,184.0,1018.7
2017-04-12 09:00:00,14.9,72,9.0,426.0,1019.0
2017-04-12 10:00:00,16.5,62,9.2,693.0,1019.2
2017-04-12 11:00:00,17.3,51,10.2,766.0,1019.2
2017-04-12 12:00:00,17.6,45,10.7,706.0,1019.2
2017-04-12 13:00:00,17.7,41,12.0,690.0,1018.9
2017-04-12 14:00:00,17.6,38,12.6,691.0,1018.2
2017-04-12 15:00:00,17.4,38,13.0,623.0,1017.6
2017-04-12 16:00:00,17.1,40,12.6,528.0,1017.9
2017-04-12 17:00:00,16.0,41,11.9,343.0,1018.0
2017-04-12 18:00:00,13.6,46,9.0,128.0,1018.2
2017-04-12 19:00:00,11.6,50,8.5,6.0,1018.7
2017-04-12 20:00:00,10.7,66,8.4,0.0,1019.1
2017-04-12 21:00:00,10.1,71,7.9,0.0,1019.7
2017-04-12 22:00:00,8.8,80,9.7,0.0,1019.8
2017-04-12 23:00:00,9.6,76,8.7,0.0,1019.8
2017-04-13 00:00:00,11.4,68,4.0,0.0,1019.9
2017-04-13 01:00:00,10.9,71,1.0,0.0,1019.7
2017-04-13 02:00:00,10.3,74,1.1,0.0,1019.5
2017-04-13 03:00:00,9.8,76,2.7,0.0,1019.4
2017-04-13 04:00:00,8.8,77,3.3,0.0,1019.3
2017-04-13 05:00:00,9.1,75,1.4,0.0,1019.3
2017-04-13 06:00:00,9.1,77,3.6,6.0,1019.3
2017-04-13 07:00:00,10.6,74,2.6,132.0,1019.4
2017-04-13 08:00:00,13.7,64,2.9,352.0,1020.1
2017-04-13 09:00:00,16.0,58,3.2,573.0,1020.2
2017-04-13 10:00:00,18.0,56,6.0,760.0,1019.8
2017-04-13 11:00:00,19.8,52,7.9,894.0,1019.5
2017-04-13 12:00:00,21.0,46,8.7,964.0,1018.6
2017-04-13 13:00:00,21.8,40,8.9,963.0,1017.6
2017-04-13 14:00:00,22.2,38,8.9,889.0,1016.7
2017-04-13 15:00:00,22.3,38,9.7,754.0,1015.6
2017-04-13 16:00:00,22.2,39,11.5,567.0,1014.9
2017-04-13 17:00:00,20.6,51,12.1,348.0,1014.3
2017-04-13 18:00:00,17.3,59,12.2,132.0,1014.0
2017-04-13 19:00:00,15.1,61,9.2,7.0,1013.9
2017-04-13 20:00:00,13.9,67,9.2,0.0,1014.0
2017-04-13 21:00:00,15.4,61,12.3,0.0,1014.3
2017-04-13 22:00:00,15.4,52,13.0,0.0,1014.6
2017-04-13 23:00:00,14.4,57,10.5,0.0,1014.5
2017-04-14 00:00:00,13.5,59,9.0,0.0,1014.3
2017-04-14 01:00:00,12.2,59,8.6,0.0,1014.1
2017-04-14 02:00:00,11.1,63,9.4,0.0,1013.3
2017-04-14 03:00:00,10.5,67,9.2,0.0,1012.8
2017-04-14 04:00:00,10.0,70,8.9,0.0,1012.8
2017-04-14 05:00:00,9.9,69,8.2,0.0,1012.8
2017-04-14 06:00:00,10.9,67,7.6,7.0,1012.8
2017-04-14 07:00:00,14.0,62,10.8,132.0,1012.9
2017-04-14 08:00:00,17.5,60,10.5,346.0,1013.6
2017-04-14 09:00:00,19.9,60,12.2,564.0,1013.4
2017-04-14 10:00:00,21.9,60,13.0,750.0,1012.7
2017-04-14 11:00:00,23.5,57,11.9,884.0,1012.5
2017-04-14 12:00:00,24.6,54,11.9,952.0,1011.8
2017-04-14 13:00:00,25.5,51,13.0,945.0,1010.8
2017-04-14 14:00:00,26.1,50,11.8,878.0,1009.6
2017-04-14 15:00:00,26.5,49,10.1,747.0,1008.7
2017-04-14 16:00:00,26.4,51,7.6,562.0,1008.7
2017-04-14 17:00:00,25.8,58,5.2,331.0,1009.1
2017-04-14 18:00:00,22.2,75,6.6,123.0,1009.3
2017-04-14 19:00:00,19.5,81,8.0,7.0,1009.6
2017-04-14 20:00:00,17.8,82,11.2,0.0,1009.2
2017-04-14 21:00:00,17.7,81,6.7,0.0,1009.9
2017-04-14 22:00:00,16.7,84,7.8,0.0,1009.8
2017-04-14 23:00:00,15.7,87,9.1,0.0,1010.0
2017-04-15 00:00:00,15.3,89,6.7,0.0,1009.9
2017-04-15 01:00:00,14.9,91,6.5,0.0,1010.0
2017-04-15 02:00:00,14.5,91,7.0,0.0,1009.8
2017-04-15 03:00:00,14.5,90,7.7,0.0,1009.5
2017-04-15 04:00:00,13.8,91,7.4,0.0,1009.6
2017-04-15 05:00:00,13.0,92,8.3,0.0,1010.1
2017-04-15 06:00:00,13.7,92,6.1,8.0,1010.5
2017-04-15 07:00:00,17.1,82,7.4,134.0,1011.3
2017-04-15 08:00:00,20.9,73,5.1,346.0,1012.0
2017-04-15 09:00:00,23.3,66,4.7,561.0,1011.8
2017-04-15 10:00:00,25.1,62,2.9,742.0,1011.9
2017-04-15 11:00:00,26.5,59,1.3,869.0,1011.8
2017-04-15 12:00:00,27.6,56,2.5,923.0,1011.2
2017-04-15 13:00:00,28.4,53,2.6,934.0,1010.5
2017-04-15 14:00:00,28.8,51,4.4,849.0,1009.7
2017-04-15 15:00:00,28.8,51,7.0,726.0,1009.0
2017-04-15 16:00:00,28.1,55,11.4,540.0,1008.7
2017-04-15 17:00:00,27.0,61,9.6,329.0,1008.8
2017-04-15 18:00:00,24.7,68,9.0,123.0,1009.3
2017-04-15 19:00:00,22.7,70,9.9,7.0,1009.8
2017-04-15 20:00:00,21.5,69,9.9,0.0,1010.1
2017-04-15 21:00:00,20.6,74,6.1,0.0,1010.5
2017-04-15 22:00:00,19.3,83,5.4,0.0,1010.9
2017-04-15 23:00:00,18.8,84,4.7,0.0,1010.8
2017-04-16 00:00:00,17.6,87,3.7,0.0,1010.9
2017-04-16 01:00:00,18.4,81,2.6,0.0,1010.5
2017-04-16 02:00:00,17.6,86,3.7,0.0,1009.9
2017-04-16 03:00:00,17.6,88,5.1,0.0,1010.0
2017-04-16 04:00:00,17.6,88,4.0,0.0,1010.0
2017-04-16 05:00:00,17.5,88,3.3,0.0,1010.2
2017-04-16 06:00:00,17.8,92,5.1,6.0,1010.5
2017-04-16 07:00:00,19.5,86,6.6,74.0,1010.9
2017-04-16 08:00:00,23.1,74,1.8,218.0,1011.1
2017-04-16 09:00:00,24.0,74,2.3,324.0,1011.0
2017-04-16 10:00:00,25.9,70,6.6,602.0,1010.8
2017-04-16 11:00:00,27.8,63,6.8,820.0,1010.5
2017-04-16 12:00:00,29.0,58,6.5,868.0,1009.7
2017-04-16 13:00:00,29.2,56,10.8,775.0,1008.9
2017-04-16 14:00:00,28.6,57,8.2,597.0,1007.9
2017-04-16 15:00:00,27.9,60,8.7,523.0,1007.5
2017-04-16 16:00:00,27.4,64,8.4,325.0,1006.9
2017-04-16 17:00:00,26.7,71,6.5,225.0,1006.8
2017-04-16 18:00:00,25.4,80,4.9,97.0,1006.6
2017-04-16 19:00:00,23.7,86,5.7,5.0,1006.4
2017-04-16 20:00:00,22.7,86,7.1,0.0,1006.7
2017-04-16 21:00:00,22.9,86,6.3,0.0,1006.6
2017-04-16 22:00:00,22.7,87,7.3,0.0,1006.3
2017-04-16 23:00:00,22.9,86,9.2,0.0,1006.2
2017-04-17 00:00:00,23.3,83,12.4,0.0,1006.6
2017-04-17 01:00:00,22.8,85,11.8,0.0,1005.7
2017-04-17 02:00:00,22.4,86,13.5,0.0,1004.9
2017-04-17 03:00:00,22.0,87,13.2,0.0,1004.3
2017-04-17 04:00:00,21.6,89,14.0,0.0,1004.0
2017-04-17 05:00:00,21.4,89,12.0,0.0,1003.6
2017-04-17 06:00:00,21.2,91,11.0,1.0,1003.9
2017-04-17 07:00:00,21.5,92,7.9,31.0,1003.8
2017-04-17 08:00:00,22.1,90,15.7,91.0,1004.6
2017-04-17 09:00:00,18.7,86,23.2,66.0,1006.0
2017-04-17 10:00:00,19.9,79,26.5,244.0,1006.4
2017-04-17 11:00:00,20.0,78,20.2,169.0,1006.3
2017-04-17 12:00:00,21.7,70,18.0,393.0,1006.1
2017-04-17 13:00:00,21.8,67,16.8,327.0,1005.7
2017-04-17 14:00:00,23.3,61,15.0,679.0,1004.9
2017-04-17 15:00:00,24.1,57,11.8,647.0,1004.2
2017-04-17 16:00:00,24.4,55,8.3,512.0,1003.8
2017-04-17 17:00:00,24.2,58,5.6,326.0,1003.7
2017-04-17 18:00:00,22.2,75,4.9,126.0,1003.9
2017-04-17 19:00:00,19.2,81,8.5,8.0,1004.5
2017-04-17 20:00:00,19.8,76,10.2,0.0,1005.0
2017-04-17 21:00:00,19.6,75,11.0,0.0,1005.3
2017-04-17 22:00:00,19.0,75,11.0,0.0,1005.3
2017-04-17 23:00:00,18.2,78,11.3,0.0,1005.2
2017-04-18 00:00:00,18.5,75,11.6,0.0,1005.2
2017-04-18 01:00:00,18.5,77,13.4,0.0,1005.0
2017-04-18 02:00:00,18.3,79,15.5,0.0,1004.2
2017-04-18 03:00:00,17.6,83,15.7,0.0,1003.7
2017-04-18 04:00:00,17.3,84,18.1,0.0,1003.8
2017-04-18 05:00:00,16.5,85,17.2,0.0,1003.8
2017-04-18 06:00:00,16.6,82,17.9,10.0,1003.8
2017-04-18 07:00:00,18.2,78,18.4,143.0,1004.0
2017-04-18 08:00:00,20.1,72,19.2,346.0,1003.9
2017-04-18 09:00:00,21.9,66,19.4,558.0,1003.8
2017-04-18 10:00:00,23.9,60,18.4,704.0,1003.7
2017-04-18 11:00:00,25.8,50,19.3,853.0,1003.8
2017-04-18 12:00:00,27.4,47,18.4,942.0,1003.8
2017-04-18 13:00:00,27.9,43,19.6,921.0,1003.7
2017-04-18 14:00:00,27.9,43,17.7,838.0,1003.6
2017-04-18 15:00:00,27.6,44,17.6,706.0,1003.3
2017-04-18 16:00:00,26.4,51,18.2,528.0,1003.4
2017-04-18 17:00:00,24.9,56,16.9,309.0,1004.3
2017-04-18 18:00:00,22.9,61,12.1,117.0,1005.1
2017-04-18 19:00:00,20.8,67,9.5,9.0,1005.8
2017-04-18 20:00:00,21.1,63,12.6,0.0,1006.9
2017-04-18 21:00:00,21.1,61,11.3,0.0,1007.4
2017-04-18 22:00:00,18.7,74,8.1,0.0,1008.2
2017-04-18 23:00:00,17.6,81,6.1,0.0,1008.5
2017-04-19 00:00:00,16.7,85,7.9,0.0,1009.2
2017-04-19 01:00:00,16.8,84,8.2,0.0,1009.1
2017-04-19 02:00:00,15.9,81,9.1,0.0,1009.1
2017-04-19 03:00:00,14.9,81,6.5,0.0,1008.8
2017-04-19 04:00:00,14.1,87,7.2,0.0,1008.9
2017-04-19 05:00:00,16.0,76,4.8,0.0,1009.2
2017-04-19 06:00:00,16.0,77,3.6,11.0,1009.1
2017-04-19 07:00:00,16.9,75,1.5,144.0,1009.4
2017-04-19 08:00:00,19.6,67,3.6,353.0,1009.8
2017-04-19 09:00:00,21.7,65,4.9,551.0,1009.6
2017-04-19 10:00:00,23.9,60,6.7,746.0,1009.7
2017-04-19 11:00:00,25.5,56,12.2,869.0,1009.1
2017-04-19 12:00:00,26.4,54,15.4,915.0,1008.0
2017-04-19 13:00:00,27.0,53,15.7,834.0,1007.5
2017-04-19 14:00:00,27.6,52,15.0,866.0,1006.0
2017-04-19 15:00:00,27.7,52,14.0,722.0,1004.9
2017-04-19 16:00:00,27.7,55,11.0,516.0,1004.2
2017-04-19 17:00:00,25.9,61,20.3,148.0,1004.0
2017-04-19 18:00:00,23.8,62,17.6,63.0,1004.7
2017-04-19 19:00:00,22.6,65,14.5,2.0,1004.8
2017-04-19 20:00:00,22.1,64,19.3,0.0,1006.0
2017-04-19 21:00:00,20.5,78,14.8,0.0,1007.0
2017-04-19 22:00:00,19.8,87,7.3,0.0,1007.7
2017-04-19 23:00:00,19.5,88,11.6,0.0,1007.4
2017-04-20 00:00:00,19.2,89,8.1,0.0,1007.3
2017-04-20 01:00:00,19.1,90,6.2,0.0,1006.6
2017-04-20 02:00:00,18.7,91,7.2,0.0,1006.0
2017-04-20 03:00:00,18.3,92,7.3,0.0,1005.4
2017-04-20 04:00:00,18.4,92,5.7,0.0,1005.4
2017-04-20 05:00:00,18.8,90,4.1,0.0,1005.5
2017-04-20 06:00:00,18.8,91,6.3,4.0,1006.2
2017-04-20 07:00:00,19.3,90,7.1,54.0,1006.7
2017-04-20 08:00:00,20.0,86,7.9,80.0,1008.0
2017-04-20 09:00:00,20.6,82,6.3,156.0,1008.5
2017-04-20 10:00:00,21.0,81,4.7,155.0,1008.7
2017-04-20 11:00:00,22.8,72,9.3,427.0,1008.2
2017-04-20 12:00:00,24.2,66,9.2,562.0,1007.0
2017-04-20 13:00:00,24.9,63,12.0,552.0,1006.8
2017-04-20 14:00:00,24.2,66,15.9,358.0,1006.4
2017-04-20 15:00:00,23.3,68,18.5,293.0,1006.2
2017-04-20 16:00:00,24.0,65,16.3,394.0,1006.1
2017-04-20 17:00:00,23.1,68,15.5,265.0,1006.7
2017-04-20 18:00:00,21.7,72,17.9,124.0,1007.5
2017-04-20 19:00:00,19.9,78,14.0,9.0,1008.3
2017-04-20 20:00:00,19.8,78,10.4,0.0,1009.3
2017-04-20 21:00:00,19.2,80,8.2,0.0,1009.8
2017-04-20 22:00:00,19.5,78,6.9,0.0,1010.0
2017-04-20 23:00:00,19.1,80,7.0,0.0,1010.4
2017-04-21 00:00:00,18.9,79,10.6,0.0,1010.8
2017-04-21 01:00:00,17.9,81,9.0,0.0,1010.3
2017-04-21 02:00:00,17.8,78,9.7,0.0,1009.9
2017-04-21 03:00:00,17.7,76,10.3,0.0,1009.9
2017-04-21 04:00:00,17.5,77,10.3,0.0,1009.7
2017-04-21 05:00:00,17.2,80,7.0,0.0,1009.6
2017-04-21 06:00:00,16.9,84,5.8,5.0,1009.8
2017-04-21 07:00:00,17.1,84,6.2,14.0,1010.6
2017-04-21 08:00:00,17.3,85,6.4,68.0,1011.7
2017-04-21 09:00:00,18.1,79,7.0,141.0,1011.7
2017-04-21 10:00:00,18.8,75,9.0,191.0,1012.1
2017-04-21 11:00:00,19.5,67,9.2,263.0,1011.4
2017-04-21 12:00:00,20.3,60,9.5,343.0,1010.5
2017-04-21 13:00:00,21.7,52,9.6,670.0,1009.6
2017-04-21 14:00:00,22.2,53,9.0,498.0,1009.3
2017-04-21 15:00:00,22.7,48,14.1,455.0,1008.7
2017-04-21 16:00:00,21.1,58,15.0,189.0,1008.6
2017-04-21 17:00:00,20.6,60,11.5,183.0,1009.4
2017-04-21 18:00:00,19.4,62,12.5,44.0,1010.1
2017-04-21 19:00:00,18.7,62,13.2,3.0,1011.1
2017-04-21 20:00:00,18.6,66,9.0,0.0,1012.4
2017-04-21 21:00:00,18.4,64,10.5,0.0,1012.6
2017-04-21 22:00:00,18.2,59,14.4,0.0,1012.7
2017-04-21 23:00:00,17.7,57,14.7,0.0,1013.1
2017-04-22 00:00:00,17.3,58,17.1,0.0,1013.0
2017-04-22 01:00:00,15.9,65,13.2,0.0,1012.5
2017-04-22 02:00:00,14.9,70,13.8,0.0,1012.3
2017-04-22 03:00:00,14.5,74,14.0,0.0,1012.6
2017-04-22 04:00:00,14.4,80,12.7,0.0,1012.9
2017-04-22 05:00:00,13.4,86,11.1,0.0,1013.3
2017-04-22 06:00:00,13.3,89,12.2,11.0,1013.9
2017-04-22 07:00:00,14.4,81,12.6,141.0,1014.5
2017-04-22 08:00:00,15.9,72,11.3,363.0,1015.6
2017-04-22 09:00:00,16.9,66,9.8,549.0,1016.0
2017-04-22 10:00:00,18.1,59,11.5,713.0,1016.1
2017-04-22 11:00:00,19.1,55,13.3,785.0,1016.3
2017-04-22 12:00:00,19.5,52,13.0,732.0,1015.7
2017-04-22 13:00:00,20.0,46,11.2,715.0,1015.4
2017-04-22 14:00:00,20.2,46,11.6,709.0,1014.6
2017-04-22 15:00:00,19.8,46,12.0,466.0,1013.8
2017-04-22 16:00:00,19.5,50,13.8,408.0,1013.6
2017-04-22 17:00:00,18.8,56,12.3,240.0,1013.9
2017-04-22 18:00:00,17.7,64,6.1,101.0,1014.4
2017-04-22 19:00:00,16.4,73,5.7,9.0,1014.3
2017-04-22 20:00:00,16.2,72,8.0,0.0,1014.6
2017-04-22 21:00:00,16.3,69,7.8,0.0,1015.1
2017-04-22 22:00:00,15.6,70,9.0,0.0,1015.5
2017-04-22 23:00:00,16.5,67,6.0,0.0,1015.7
2017-04-23 00:00:00,16.1,72,2.9,0.0,1015.6
2017-04-23 01:00:00,13.2,83,6.2,0.0,1015.1
2017-04-23 02:00:00,12.0,91,7.7,0.0,1014.5
2017-04-23 03:00:00,12.2,98,6.6,0.0,1014.2
2017-04-23 04:00:00,11.1,100,7.9,0.0,1014.5
2017-04-23 05:00:00,11.4,99,6.6,0.0,1014.6
2017-04-23 06:00:00,12.6,99,2.7,14.0,1015.1
2017-04-23 07:00:00,13.3,94,2.8,133.0,1016.1
2017-04-23 08:00:00,15.5,81,2.2,299.0,1016.4
2017-04-23 09:00:00,17.9,66,1.1,578.0,1016.3
2017-04-23 10:00:00,19.7,56,5.2,780.0,1016.1
2017-04-23 11:00:00,20.8,51,6.0,894.0,1015.9
2017-04-23 12:00:00,21.7,48,6.0,960.0,1015.6
2017-04-23 13:00:00,22.2,46,6.4,910.0,1014.9
2017-04-23 14:00:00,22.5,47,6.6,820.0,1013.9
2017-04-23 15:00:00,22.7,46,5.6,703.0,1013.3
2017-04-23 16:00:00,22.3,48,9.2,452.0,1012.8
2017-04-23 17:00:00,20.7,58,15.8,257.0,1012.6
2017-04-23 18:00:00,17.9,64,18.1,127.0,1013.1
2017-04-23 19:00:00,16.6,69,14.5,11.0,1013.4
2017-04-23 20:00:00,16.1,69,13.9,0.0,1013.8
2017-04-23 21:00:00,15.6,73,11.4,0.0,1014.3
2017-04-23 22:00:00,14.7,78,7.9,0.0,1014.3
2017-04-23 23:00:00,14.7,82,5.3,0.0,1014.2
2017-04-24 00:00:00,15.8,75,3.6,0.0,1014.2
2017-04-24 01:00:00,13.7,89,5.7,0.0,1014.0
2017-04-24 02:00:00,12.4,92,8.9,0.0,1013.8
2017-04-24 03:00:00,12.4,94,7.7,0.0,1013.3
2017-04-24 04:00:00,13.3,94,5.5,0.0,1013.3
2017-04-24 05:00:00,11.4,100,6.8,0.0,1013.5
2017-04-24 06:00:00,12.7,100,4.9,16.0,1013.8
2017-04-24 07:00:00,14.5,90,5.5,164.0,1014.2
2017-04-24 08:00:00,16.9,80,4.7,384.0,1014.5
2017-04-24 09:00:00,19.4,71,5.0,592.0,1014.7
2017-04-24 10:00:00,21.5,65,6.5,778.0,1014.6
2017-04-24 11:00:00,23.4,60,7.2,906.0,1014.6
2017-04-24 12:00:00,24.7,55,7.6,970.0,1013.7
2017-04-24 13:00:00,25.6,51,6.6,967.0,1012.9
2017-04-24 14:00:00,26.2,48,6.0,894.0,1012.0
2017-04-24 15:00:00,26.5,46,7.0,757.0,1011.2
2017-04-24 16:00:00,26.2,48,7.4,542.0,1011.0
2017-04-24 17:00:00,25.3,59,8.9,360.0,1010.8
2017-04-24 18:00:00,22.5,69,11.5,139.0,1011.3
2017-04-24 19:00:00,20.2,73,12.7,11.0,1011.9
2017-04-24 20:00:00,19.9,75,11.9,0.0,1012.3
2017-04-24 21:00:00,19.5,77,10.7,0.0,1013.0
2017-04-24 22:00:00,18.9,83,8.0,0.0,1013.0
2017-04-24 23:00:00,18.3,88,5.7,0.0,1013.1
2017-04-25 00:00:00,18.1,88,6.9,0.0,1013.1
2017-04-25 01:00:00,19.0,82,4.6,0.0,1012.4
2017-04-25 02:00:00,18.8,82,5.6,0.0,1012.0
2017-04-25 03:00:00,17.9,86,6.0,0.0,1011.8
2017-04-25 04:00:00,18.0,87,4.2,0.0,1011.7
2017-04-25 05:00:00,17.6,91,2.4,0.0,1011.8
2017-04-25 06:00:00,16.6,96,3.0,13.0,1012.0
2017-04-25 07:00:00,18.3,90,3.1,126.0,1012.6
2017-04-25 08:00:00,20.5,77,6.0,319.0,1012.6
2017-04-25 09:00:00,22.1,66,6.6,396.0,1012.9
2017-04-25 10:00:00,23.6,59,9.6,539.0,1012.6
2017-04-25 11:00:00,24.7,56,10.2,590.0,1012.5
2017-04-25 12:00:00,25.6,55,10.7,614.0,1011.7
2017-04-25 13:00:00,26.0,53,11.5,556.0,1011.4
2017-04-25 14:00:00,25.0,62,11.0,250.0,1010.6
2017-04-25 15:00:00,25.0,62,10.4,268.0,1010.0
2017-04-25 16:00:00,23.9,68,13.6,221.0,1009.8
2017-04-25 17:00:00,21.6,85,7.6,55.0,1009.8
2017-04-25 18:00:00,20.9,90,6.4,25.0,1009.7
2017-04-25 19:00:00,20.5,93,5.2,1.0,1010.1
2017-04-25 20:00:00,19.2,87,13.2,0.0,1011.1
2017-04-25 21:00:00,18.6,86,14.2,0.0,1011.4
2017-04-25 22:00:00,17.5,87,14.0,0.0,1011.6
2017-04-25 23:00:00,17.5,89,9.4,0.0,1011.6
2017-04-26 00:00:00,18.1,98,11.9,0.0,1011.1
2017-04-26 01:00:00,17.8,97,16.8,0.0,1010.8
2017-04-26 02:00:00,17.6,95,17.9,0.0,1010.7
2017-04-26 03:00:00,17.5,95,17.9,0.0,1010.4
2017-04-26 04:00:00,17.3,91,14.0,0.0,1011.2
2017-04-26 05:00:00,16.6,85,11.0,0.0,1011.8
2017-04-26 06:00:00,16.1,88,10.0,2.0,1012.7
2017-04-26 07:00:00,16.1,87,13.2,19.0,1013.6
2017-04-26 08:00:00,15.9,89,14.2,58.0,1014.7
2017-04-26 09:00:00,16.1,84,12.9,72.0,1015.3
2017-04-26 10:00:00,16.2,81,14.2,100.0,1015.8
2017-04-26 11:00:00,16.4,78,14.7,157.0,1016.2
2017-04-26 12:00:00,16.9,78,12.8,165.0,1016.3
2017-04-26 13:00:00,18.1,73,15.2,191.0,1015.7
2017-04-26 14:00:00,18.3,73,17.9,165.0,1015.2
2017-04-26 15:00:00,18.7,70,16.9,203.0,1015.0
2017-04-26 16:00:00,18.4,72,15.5,105.0,1014.6
2017-04-26 17:00:00,17.8,77,18.7,123.0,1014.8
2017-04-26 18:00:00,17.0,81,16.3,57.0,1015.6
2017-04-26 19:00:00,16.7,82,12.7,4.0,1016.3
2017-04-26 20:00:00,16.3,58,17.2,0.0,1017.4
2017-04-26 21:00:00,15.8,60,12.3,0.0,1018.3
2017-04-26 22:00:00,15.4,64,9.2,0.0,1018.6
2017-04-26 23:00:00,15.0,68,8.0,0.0,1018.9
2017-04-27 00:00:00,14.7,70,8.2,0.0,1018.7
2017-04-27 01:00:00,14.2,70,7.3,0.0,1018.1
2017-04-27 02:00:00,13.7,71,6.2,0.0,1017.5
2017-04-27 03:00:00,13.3,73,6.2,0.0,1017.5
2017-04-27 04:00:00,13.1,72,7.8,0.0,1017.7
2017-04-27 05:00:00,12.8,73,4.7,0.0,1017.3
2017-04-27 06:00:00,12.7,77,3.8,14.0,1017.7
2017-04-27 07:00:00,13.8,70,5.6,163.0,1018.2
2017-04-27 08:00:00,15.2,63,6.0,337.0,1018.7
2017-04-27 09:00:00,16.8,53,5.8,561.0,1018.6
2017-04-27 10:00:00,18.2,45,6.2,745.0,1018.7
2017-04-27 11:00:00,19.1,40,8.3,858.0,1018.6
2017-04-27 12:00:00,19.7,37,11.5,852.0,1018.2
2017-04-27 13:00:00,20.2,36,15.1,928.0,1017.1
2017-04-27 14:00:00,20.1,34,16.2,789.0,1016.3
2017-04-27 15:00:00,20.2,36,14.4,735.0,1015.4
2017-04-27 16:00:00,20.0,37,13.6,555.0,1015.2
2017-04-27 17:00:00,19.2,43,11.1,345.0,1015.1
2017-04-27 18:00:00,17.1,59,6.4,155.0,1015.1
2017-04-27 19:00:00,14.4,66,9.2,14.0,1015.5
2017-04-27 20:00:00,17.1,52,1.5,0.0,1016.2
2017-04-27 21:00:00,13.6,75,6.4,0.0,1016.6
2017-04-27 22:00:00,13.5,78,7.7,0.0,1016.7
2017-04-27 23:00:00,13.1,80,7.9,0.0,1016.8
2017-04-28 00:00:00,13.0,73,8.0,0.0,1016.7
2017-04-28 01:00:00,12.3,72,8.1,0.0,1016.2
2017-04-28 02:00:00,11.7,73,7.3,0.0,1015.5
2017-04-28 03:00:00,11.1,75,7.8,0.0,1015.2
2017-04-28 04:00:00,10.9,75,7.4,0.0,1014.9
2017-04-28 05:00:00,10.8,74,7.8,0.0,1015.0
2017-04-28 06:00:00,12.0,72,8.0,21.0,1015.1
2017-04-28 07:00:00,14.7,65,10.5,181.0,1015.1
2017-04-28 08:00:00,17.2,61,10.7,405.0,1015.4
2017-04-28 09:00:00,19.4,55,11.3,623.0,1015.3
2017-04-28 10:00:00,21.0,42,11.4,805.0,1015.1
2017-04-28 11:00:00,21.8,35,9.9,934.0,1014.9
2017-04-28 12:00:00,22.4,34,9.4,1000.0,1014.2
2017-04-28 13:00:00,22.8,35,9.3,993.0,1013.0
2017-04-28 14:00:00,23.2,36,10.3,918.0,1011.8
2017-04-28 15:00:00,23.6,36,10.2,781.0,1011.2
2017-04-28 16:00:00,23.6,36,8.4,594.0,1010.6
2017-04-28 17:00:00,23.4,41,5.1,377.0,1010.3
2017-04-28 18:00:00,22.5,44,2.3,159.0,1010.5
2017-04-28 19:00:00,20.7,51,3.1,15.0,1010.8
2017-04-28 20:00:00,15.8,76,10.5,0.0,1011.2
2017-04-28 21:00:00,16.1,67,7.7,0.0,1011.3
2017-04-28 22:00:00,15.8,63,9.1,0.0,1011.6
2017-04-28 23:00:00,16.3,60,11.3,0.0,1011.8
2017-04-29 00:00:00,16.0,62,10.9,0.0,1011.6
2017-04-29 01:00:00,15.5,63,11.1,0.0,1011.3
2017-04-29 02:00:00,15.2,65,11.0,0.0,1011.2
2017-04-29 03:00:00,14.6,67,10.3,0.0,1011.2
2017-04-29 04:00:00,14.1,69,10.3,0.0,1011.2
2017-04-29 05:00:00,13.9,70,10.4,0.0,1011.5
2017-04-29 06:00:00,14.5,71,10.1,23.0,1011.8
2017-04-29 07:00:00,17.1,67,11.8,183.0,1012.2
2017-04-29 08:00:00,19.8,59,11.0,405.0,1012.8
2017-04-29 09:00:00,22.0,55,12.0,620.0,1012.6
2017-04-29 10:00:00,23.8,50,12.5,801.0,1012.5
2017-04-29 11:00:00,25.2,43,12.5,929.0,1012.6
2017-04-29 12:00:00,26.0,35,12.3,994.0,1012.1
2017-04-29 13:00:00,26.3,31,11.9,990.0,1011.3
2017-04-29 14:00:00,26.5,30,11.4,919.0,1010.8
2017-04-29 15:00:00,26.4,31,12.0,783.0,1010.1
2017-04-29 16:00:00,25.7,35,12.1,595.0,1009.8
2017-04-29 17:00:00,24.3,46,9.2,378.0,1009.6
2017-04-29 18:00:00,21.5,52,8.7,160.0,1009.9
2017-04-29 19:00:00,18.8,57,8.5,15.0,1009.9
2017-04-29 20:00:00,18.5,63,9.0,0.0,1009.7
2017-04-29 21:00:00,18.0,65,7.7,0.0,1010.1
2017-04-29 22:00:00,16.8,69,7.6,0.0,1010.3
2017-04-29 23:00:00,16.2,68,7.6,0.0,1010.3
2017-04-30 00:00:00,15.6,67,7.6,0.0,1010.2
2017-04-30 01:00:00,15.1,69,7.9,0.0,1009.8
2017-04-30 02:00:00,14.2,74,8.2,0.0,1009.5
2017-04-30 03:00:00,13.6,78,8.8,0.0,1009.5
2017-04-30 04:00:00,13.4,76,8.7,0.0,1009.6
2017-04-30 05:00:00,13.1,77,8.2,0.0,1009.9
2017-04-30 06:00:00,14.6,75,6.9,24.0,1010.4
2017-04-30 07:00:00,17.4,68,7.4,185.0,1010.7
2017-04-30 08:00:00,20.6,59,6.8,406.0,1011.2
2017-04-30 09:00:00,22.8,55,6.6,620.0,1011.2
2017-04-30 10:00:00,24.6,52,7.2,800.0,1011.0
2017-04-30 11:00:00,26.2,46,8.3,927.0,1010.8
2017-04-30 12:00:00,27.1,39,10.0,991.0,1010.1
2017-04-30 13:00:00,27.6,38,8.6,986.0,1009.4
2017-04-30 14:00:00,27.9,39,8.3,911.0,1008.9
2017-04-30 15:00:00,28.0,38,7.2,775.0,1008.5
2017-04-30 16:00:00,27.9,38,6.5,591.0,1008.3
2017-04-30 17:00:00,27.0,49,5.6,376.0,1008.4
2017-04-30 18:00:00,23.6,67,6.4,161.0,1008.7
2017-04-30 19:00:00,19.9,75,10.1,16.0,1009.1
2017-04-30 20:00:00,20.1,64,10.0,0.0,1009.5
2017-04-30 21:00:00,19.2,71,7.3,0.0,1009.9
2017-04-30 22:00:00,18.1,78,7.8,0.0,1010.2
2017-04-30 23:00:00,17.8,80,9.2,0.0,1010.4
2017-05-01 00:00:00,17.9,79,4.5,0.0,1010.7
2017-05-01 01:00:00,17.2,82,5.8,0.0,1010.5
2017-05-01 02:00:00,18.2,78,1.6,0.0,1010.3
2017-05-01 03:00:00,17.3,84,7.0,0.0,1010.3
2017-05-01 04:00:00,17.9,82,5.6,0.0,1010.5
2017-05-01 05:00:00,17.2,83,3.3,0.0,1011.0
2017-05-01 06:00:00,16.1,91,2.1,24.0,1011.3
2017-05-01 07:00:00,18.7,79,1.8,180.0,1011.7
2017-05-01 08:00:00,21.2,68,2.6,387.0,1011.9
2017-05-01 09:00:00,23.6,60,2.3,600.0,1011.8
2017-05-01 10:00:00,25.4,56,4.6,718.0,1011.8
2017-05-01 11:00:00,26.7,52,6.5,798.0,1011.9
2017-05-01 12:00:00,27.2,50,9.4,737.0,1011.3
2017-05-01 13:00:00,26.4,54,12.9,437.0,1010.6
2017-05-01 14:00:00,26.0,50,14.2,448.0,1010.1
2017-05-01 15:00:00,25.2,57,11.9,299.0,1009.7
2017-05-01 16:00:00,23.7,69,9.3,104.0,1009.5
2017-05-01 17:00:00,22.7,81,3.9,48.0,1010.1
2017-05-01 18:00:00,21.7,86,1.1,21.0,1010.6
2017-05-01 19:00:00,20.5,89,6.5,3.0,1011.4
2017-05-01 20:00:00,19.9,86,7.6,0.0,1010.7
2017-05-01 21:00:00,19.5,86,8.4,0.0,1011.4
2017-05-01 22:00:00,18.9,86,8.8,0.0,1011.6
2017-05-01 23:00:00,18.7,92,2.5,0.0,1012.6
2017-05-02 00:00:00,18.9,85,11.0,0.0,1012.4
2017-05-02 01:00:00,18.4,87,11.0,0.0,1011.2
2017-05-02 02:00:00,18.2,90,3.6,0.0,1011.3
2017-05-02 03:00:00,18.5,90,5.0,0.0,1010.7
2017-05-02 04:00:00,18.4,93,5.0,0.0,1010.9
2017-05-02 05:00:00,18.4,96,3.9,0.0,1011.1
2017-05-02 06:00:00,18.9,92,11.5,8.0,1011.5
2017-05-02 07:00:00,18.6,90,17.0,22.0,1012.0
2017-05-02 08:00:00,18.9,93,12.4,56.0,1012.8
2017-05-02 09:00:00,19.9,88,13.2,221.0,1013.2
2017-05-02 10:00:00,21.0,82,12.9,389.0,1013.3
2017-05-02 11:00:00,20.3,87,16.4,272.0,1013.5
2017-05-02 12:00:00,20.2,87,20.6,309.0,1013.2
2017-05-02 13:00:00,20.7,83,21.9,408.0,1013.0
2017-05-02 14:00:00,20.4,83,20.2,348.0,1012.3
2017-05-02 15:00:00,19.8,85,21.1,196.0,1012.2
2017-05-02 16:00:00,19.3,86,22.5,82.0,1012.0
2017-05-02 17:00:00,18.4,86,22.1,35.0,1012.2
2017-05-02 18:00:00,17.8,84,22.7,21.0,1012.3
2017-05-02 19:00:00,17.7,84,20.9,4.0,1013.0
2017-05-02 20:00:00,17.7,86,19.1,0.0,1014.3
2017-05-02 21:00:00,17.7,87,16.2,0.0,1014.8
2017-05-02 22:00:00,17.6,89,13.7,0.0,1015.0
2017-05-02 23:00:00,17.4,89,13.7,0.0,1014.9
2017-05-03 00:00:00,17.2,90,11.2,0.0,1014.5
2017-05-03 01:00:00,16.8,92,9.8,0.0,1014.3
2017-05-03 02:00:00,16.9,93,11.2,0.0,1013.9
2017-05-03 03:00:00,16.5,95,11.5,0.0,1013.7
2017-05-03 04:00:00,16.6,95,13.3,0.0,1013.6
2017-05-03 05:00:00,16.6,93,12.8,0.0,1013.8
2017-05-03 06:00:00,16.8,92,12.1,20.0,1014.1
2017-05-03 07:00:00,17.9,86,15.7,135.0,1014.6
2017-05-03 08:00:00,18.7,84,14.8,313.0,1014.9
2017-05-03 09:00:00,19.3,81,14.2,225.0,1014.6
2017-05-03 10:00:00,19.8,80,14.7,207.0,1014.5
2017-05-03 11:00:00,20.6,79,14.0,213.0,1014.3
2017-05-03 12:00:00,21.4,77,12.6,273.0,1013.3
2017-05-03 13:00:00,22.4,76,16.2,490.0,1012.5
2017-05-03 14:00:00,23.7,72,13.6,442.0,1011.4
2017-05-03 15:00:00,23.8,73,17.4,418.0,1010.4
2017-05-03 16:00:00,22.7,76,18.7,240.0,1010.1
2017-05-03 17:00:00,22.3,79,20.7,161.0,1010.0
2017-05-03 18:00:00,22.1,80,20.1,70.0,1010.5
2017-05-03 19:00:00,21.3,82,16.9,13.0,1010.7
2017-05-03 20:00:00,21.3,83,14.3,0.0,1010.3
2017-05-03 21:00:00,20.6,85,14.6,0.0,1010.3
2017-05-03 22:00:00,19.9,87,12.9,0.0,1010.2
2017-05-03 23:00:00,19.3,90,9.8,0.0,1010.2
2017-05-04 00:00:00,19.1,90,10.5,0.0,1009.7
2017-05-04 01:00:00,19.0,90,10.1,0.0,1008.9
2017-05-04 02:00:00,19.2,89,12.3,0.0,1007.8
2017-05-04 03:00:00,19.3,87,12.0,0.0,1007.2
2017-05-04 04:00:00,19.4,86,12.8,0.0,1006.6
2017-05-04 05:00:00,19.7,84,12.7,0.0,1006.5
2017-05-04 06:00:00,20.2,84,11.9,15.0,1006.8
2017-05-04 07:00:00,21.0,83,12.1,71.0,1007.2
2017-05-04 08:00:00,20.7,88,6.8,96.0,1008.0
2017-05-04 09:00:00,22.0,86,6.0,162.0,1008.3
2017-05-04 10:00:00,21.3,90,10.0,79.0,1008.7
2017-05-04 11:00:00,21.4,89,6.6,102.0,1009.2
2017-05-04 12:00:00,21.4,90,8.9,70.0,1008.8
2017-05-04 13:00:00,21.8,86,10.7,61.0,1008.9
2017-05-04 14:00:00,23.7,74,15.9,359.0,1008.7
2017-05-04 15:00:00,23.7,72,18.7,386.0,1008.6
2017-05-04 16:00:00,22.9,73,21.0,333.0,1008.8
2017-05-04 17:00:00,22.5,74,17.3,187.0,1009.4
2017-05-04 18:00:00,21.9,75,11.4,113.0,1010.1
2017-05-04 19:00:00,21.4,74,12.2,11.0,1010.8
2017-05-04 20:00:00,20.7,75,14.0,0.0,1012.5
2017-05-04 21:00:00,19.5,80,8.9,0.0,1012.7
2017-05-04 22:00:00,19.0,83,6.6,0.0,1012.9
2017-05-04 23:00:00,18.1,88,7.1,0.0,1013.2
2017-05-05 00:00:00,17.4,91,7.7,0.0,1012.9
2017-05-05 01:00:00,16.7,92,5.7,0.0,1012.9
2017-05-05 02:00:00,15.5,94,7.6,0.0,1012.4
2017-05-05 03:00:00,15.7,95,5.6,0.0,1012.3
2017-05-05 04:00:00,15.4,96,6.0,0.0,1012.3
2017-05-05 05:00:00,14.8,97,7.3,0.0,1012.5
2017-05-05 06:00:00,16.9,93,5.8,26.0,1013.1
2017-05-05 07:00:00,18.5,86,5.8,108.0,1013.6
2017-05-05 08:00:00,19.6,83,5.1,133.0,1014.0
2017-05-05 09:00:00,20.8,78,8.0,288.0,1014.1
2017-05-05 10:00:00,22.6,68,13.1,540.0,1014.4
2017-05-05 11:00:00,23.0,67,12.3,411.0,1014.4
2017-05-05 12:00:00,23.5,66,14.6,402.0,1014.4
2017-05-05 13:00:00,24.0,65,17.9,509.0,1014.5
2017-05-05 14:00:00,23.7,65,18.6,381.0,1014.2
2017-05-05 15:00:00,24.3,63,16.3,366.0,1013.7
2017-05-05 16:00:00,24.1,65,16.3,375.0,1013.5
2017-05-05 17:00:00,24.1,65,13.6,302.0,1013.8
2017-05-05 18:00:00,22.7,72,11.7,125.0,1014.4
2017-05-05 19:00:00,20.7,78,8.4,13.0,1015.3
2017-05-05 20:00:00,19.6,88,7.4,0.0,1016.5
2017-05-05 21:00:00,19.8,88,7.7,0.0,1016.9
2017-05-05 22:00:00,18.9,93,5.4,0.0,1017.2
2017-05-05 23:00:00,17.5,95,7.7,0.0,1017.4
2017-05-06 00:00:00,16.6,97,6.9,0.0,1017.2
2017-05-06 01:00:00,17.9,96,3.1,0.0,1016.8
2017-05-06 02:00:00,16.1,99,3.6,0.0,1016.7
2017-05-06 03:00:00,16.5,99,3.6,0.0,1016.7
2017-05-06 04:00:00,15.9,100,3.8,0.0,1017.0
2017-05-06 05:00:00,16.0,99,3.5,0.0,1017.5
2017-05-06 06:00:00,16.4,99,2.8,12.0,1018.1
2017-05-06 07:00:00,17.3,98,6.8,91.0,1018.5
2017-05-06 08:00:00,19.7,90,6.4,172.0,1018.8
2017-05-06 09:00:00,20.4,88,13.2,291.0,1019.0
2017-05-06 10:00:00,21.2,75,12.7,423.0,1018.7
2017-05-06 11:00:00,22.7,69,11.2,644.0,1018.7
2017-05-06 12:00:00,23.2,67,11.5,734.0,1018.1
2017-05-06 13:00:00,23.0,67,10.6,583.0,1017.7
2017-05-06 14:00:00,23.3,65,7.9,551.0,1017.0
2017-05-06 15:00:00,23.7,64,7.1,618.0,1015.8
2017-05-06 16:00:00,23.4,63,6.6,386.0,1015.5
2017-05-06 17:00:00,23.3,63,5.9,311.0,1015.2
2017-05-06 18:00:00,22.2,75,4.7,130.0,1015.5
2017-05-06 19:00:00,19.8,82,6.5,17.0,1015.9
2017-05-06 20:00:00,19.3,87,7.9,0.0,1016.7
2017-05-06 21:00:00,19.1,89,5.6,0.0,1016.8
2017-05-06 22:00:00,18.4,92,5.8,0.0,1017.0
2017-05-06 23:00:00,19.0,92,4.3,0.0,1017.1
2017-05-07 00:00:00,18.9,95,4.7,0.0,1016.7
2017-05-07 01:00:00,17.8,98,5.6,0.0,1016.1
2017-05-07 02:00:00,18.7,98,3.7,0.0,1016.0
2017-05-07 03:00:00,18.5,99,3.4,0.0,1015.9
2017-05-07 04:00:00,18.2,100,1.3,0.0,1016.0
2017-05-07 05:00:00,17.2,100,2.1,0.0,1016.0
2017-05-07 06:00:00,18.2,99,1.6,17.0,1016.6
2017-05-07 07:00:00,19.1,94,4.3,98.0,1017.4
2017-05-07 08:00:00,20.9,86,5.0,226.0,1017.7
2017-05-07 09:00:00,22.3,80,6.9,494.0,1017.6
2017-05-07 10:00:00,23.6,71,9.4,677.0,1017.4
2017-05-07 11:00:00,24.9,61,11.3,848.0,1016.8
2017-05-07 12:00:00,25.4,56,12.1,871.0,1016.4
2017-05-07 13:00:00,25.5,55,12.2,787.0,1015.6
2017-05-07 14:00:00,25.4,55,14.6,715.0,1014.6
2017-05-07 15:00:00,25.0,55,15.1,517.0,1013.6
2017-05-07 16:00:00,24.8,59,16.3,502.0,1013.1
2017-05-07 17:00:00,23.3,64,15.0,355.0,1012.9
2017-05-07 18:00:00,21.8,68,11.8,160.0,1013.0
2017-05-07 19:00:00,20.5,71,11.0,18.0,1013.1
2017-05-07 20:00:00,20.5,72,10.9,0.0,1013.1
2017-05-07 21:00:00,20.6,73,7.6,0.0,1013.4
2017-05-07 22:00:00,19.7,81,5.7,0.0,1013.5
2017-05-07 23:00:00,19.5,87,6.8,0.0,1013.5
2017-05-08 00:00:00,19.7,85,5.6,0.0,1012.9
2017-05-08 01:00:00,19.7,84,4.9,0.0,1012.5
2017-05-08 02:00:00,19.6,82,5.1,0.0,1011.9
2017-05-08 03:00:00,19.0,80,8.4,0.0,1011.1
2017-05-08 04:00:00,18.2,80,10.7,0.0,1010.7
2017-05-08 05:00:00,17.1,84,11.6,0.0,1010.7
2017-05-08 06:00:00,16.6,86,11.8,4.0,1010.5
2017-05-08 07:00:00,16.3,87,14.0,29.0,1010.7
2017-05-08 08:00:00,16.7,85,14.8,98.0,1009.5
2017-05-08 09:00:00,17.4,86,11.8,158.0,1009.6
2017-05-08 10:00:00,17.3,86,11.5,72.0,1008.9
2017-05-08 11:00:00,19.1,81,13.2,284.0,1008.4
2017-05-08 12:00:00,20.6,79,8.7,277.0,1007.5
2017-05-08 13:00:00,21.8,75,7.0,343.0,1007.3
2017-05-08 14:00:00,21.0,83,7.0,156.0,1006.3
2017-05-08 15:00:00,20.8,87,10.0,207.0,1005.6
2017-05-08 16:00:00,20.8,87,6.4,94.0,1005.1
2017-05-08 17:00:00,20.3,91,7.1,35.0,1004.7
2017-05-08 18:00:00,19.9,92,8.4,14.0,1004.6
2017-05-08 19:00:00,19.6,92,5.6,4.0,1004.8
2017-05-08 20:00:00,19.6,95,4.5,0.0,1005.7
2017-05-08 21:00:00,19.0,97,4.7,0.0,1006.0
2017-05-08 22:00:00,19.3,96,5.4,0.0,1006.8
2017-05-08 23:00:00,19.4,95,7.2,0.0,1007.0
2017-05-09 00:00:00,18.8,96,9.3,0.0,1007.2
2017-05-09 01:00:00,18.4,96,5.3,0.0,1007.0
2017-05-09 02:00:00,18.3,96,4.5,0.0,1006.4
2017-05-09 03:00:00,18.1,92,10.7,0.0,1006.6
2017-05-09 04:00:00,17.6,90,12.9,0.0,1006.8
2017-05-09 05:00:00,17.0,90,12.5,0.0,1007.3
2017-05-09 06:00:00,17.2,88,14.1,30.0,1007.7
2017-05-09 07:00:00,18.6,82,14.8,195.0,1008.6
2017-05-09 08:00:00,20.4,77,15.1,418.0,1009.1
2017-05-09 09:00:00,22.2,68,17.3,614.0,1009.3
2017-05-09 10:00:00,23.1,58,22.0,699.0,1009.8
2017-05-09 11:00:00,24.3,52,24.0,715.0,1009.9
2017-05-09 12:00:00,25.0,46,24.0,869.0,1009.6
2017-05-09 13:00:00,25.6,45,22.4,980.0,1009.4
2017-05-09 14:00:00,25.5,45,21.9,914.0,1009.1
2017-05-09 15:00:00,25.3,45,19.7,748.0,1009.1
2017-05-09 16:00:00,25.0,48,15.6,597.0,1008.9
2017-05-09 17:00:00,24.3,56,11.8,389.0,1009.2
2017-05-09 18:00:00,22.2,67,7.1,175.0,1009.5
2017-05-09 19:00:00,19.1,76,8.1,22.0,1010.1
2017-05-09 20:00:00,18.3,79,10.5,0.0,1011.1
2017-05-09 21:00:00,17.6,82,9.0,0.0,1011.3
2017-05-09 22:00:00,20.0,70,2.6,0.0,1011.9
2017-05-09 23:00:00,17.0,87,9.7,0.0,1012.2
2017-05-10 00:00:00,16.3,90,10.1,0.0,1012.0
2017-05-10 01:00:00,15.8,89,9.7,0.0,1011.8
2017-05-10 02:00:00,15.7,86,8.7,0.0,1011.4
2017-05-10 03:00:00,15.7,83,9.2,0.0,1011.5
2017-05-10 04:00:00,16.0,81,7.9,0.0,1011.7
2017-05-10 05:00:00,16.1,83,8.9,0.0,1011.9
2017-05-10 06:00:00,17.7,80,8.7,36.0,1012.5
2017-05-10 07:00:00,20.2,75,9.2,207.0,1013.1
2017-05-10 08:00:00,23.0,67,10.2,426.0,1013.8
2017-05-10 09:00:00,25.1,61,10.0,636.0,1013.7
2017-05-10 10:00:00,26.8,53,10.6,812.0,1013.9
2017-05-10 11:00:00,28.2,44,11.6,936.0,1013.8
2017-05-10 12:00:00,29.1,38,12.4,998.0,1013.2
2017-05-10 13:00:00,29.6,37,12.1,991.0,1012.6
2017-05-10 14:00:00,29.9,35,10.7,918.0,1011.7
2017-05-10 15:00:00,30.1,34,9.1,786.0,1011.1
2017-05-10 16:00:00,29.6,37,7.8,606.0,1010.3
2017-05-10 17:00:00,28.7,50,6.5,394.0,1010.2
2017-05-10 18:00:00,25.3,69,6.3,179.0,1010.2
2017-05-10 19:00:00,21.8,74,9.1,23.0,1010.7
2017-05-10 20:00:00,20.5,76,10.5,0.0,1011.3
2017-05-10 21:00:00,20.7,68,8.4,0.0,1011.4
2017-05-10 22:00:00,20.1,67,8.2,0.0,1011.6
2017-05-10 23:00:00,19.3,68,7.6,0.0,1011.9
2017-05-11 00:00:00,18.3,73,8.4,0.0,1012.0
2017-05-11 01:00:00,17.8,79,8.5,0.0,1011.8
2017-05-11 02:00:00,17.7,82,8.1,0.0,1011.4
2017-05-11 03:00:00,17.0,88,8.9,0.0,1011.2
2017-05-11 04:00:00,16.8,91,8.2,0.0,1011.3
2017-05-11 05:00:00,16.9,93,7.5,0.0,1011.0
2017-05-11 06:00:00,18.9,88,7.1,35.0,1011.5
2017-05-11 07:00:00,21.6,80,6.9,203.0,1011.7
2017-05-11 08:00:00,24.4,69,5.1,405.0,1011.6
2017-05-11 09:00:00,26.4,63,6.1,622.0,1011.6
2017-05-11 10:00:00,28.1,59,5.5,789.0,1011.5
2017-05-11 11:00:00,29.4,56,7.3,864.0,1011.2
2017-05-11 12:00:00,30.6,52,8.3,940.0,1010.6
2017-05-11 13:00:00,31.5,48,8.0,911.0,1009.7
2017-05-11 14:00:00,32.3,43,6.9,851.0,1008.5
2017-05-11 15:00:00,32.8,39,6.8,754.0,1007.4
2017-05-11 16:00:00,32.2,44,6.4,486.0,1007.2
2017-05-11 17:00:00,31.5,52,4.3,306.0,1007.2
2017-05-11 18:00:00,28.7,76,4.8,110.0,1007.3
2017-05-11 19:00:00,26.6,75,7.8,14.0,1008.1
2017-05-11 20:00:00,25.1,76,5.6,0.0,1009.0
2017-05-11 21:00:00,24.9,70,16.3,0.0,1009.5
2017-05-11 22:00:00,23.4,74,14.8,0.0,1009.2
2017-05-11 23:00:00,22.3,77,10.9,0.0,1008.7
2017-05-12 00:00:00,21.7,82,5.6,0.0,1008.6
2017-05-12 01:00:00,21.4,84,5.6,0.0,1007.8
2017-05-12 02:00:00,21.1,84,5.7,0.0,1007.0
2017-05-12 03:00:00,20.5,89,3.8,0.0,1006.3
2017-05-12 04:00:00,20.5,90,2.2,0.0,1005.7
2017-05-12 05:00:00,20.2,91,3.3,0.0,1005.8
2017-05-12 06:00:00,20.3,93,2.9,4.0,1005.6
2017-05-12 07:00:00,20.3,92,6.6,21.0,1006.1
2017-05-12 08:00:00,20.6,89,7.0,45.0,1007.7
2017-05-12 09:00:00,20.1,90,11.1,50.0,1007.5
2017-05-12 10:00:00,20.2,89,13.2,95.0,1007.8
2017-05-12 11:00:00,20.3,92,13.0,95.0,1008.6
2017-05-12 12:00:00,20.2,88,13.1,83.0,1008.6
2017-05-12 13:00:00,20.3,87,14.0,79.0,1008.4
2017-05-12 14:00:00,21.0,84,14.5,267.0,1008.1
2017-05-12 15:00:00,21.4,81,12.2,408.0,1007.7
2017-05-12 16:00:00,21.0,75,10.7,284.0,1007.7
2017-05-12 17:00:00,20.9,73,9.4,301.0,1007.7
2017-05-12 18:00:00,20.4,77,2.9,139.0,1007.8
2017-05-12 19:00:00,17.9,89,7.0,23.0,1008.0
2017-05-12 20:00:00,19.1,81,2.6,0.0,1009.2
2017-05-12 21:00:00,18.7,84,3.5,0.0,1009.8
2017-05-12 22:00:00,18.3,86,1.5,0.0,1010.0
2017-05-12 23:00:00,18.2,89,2.9,0.0,1010.0
2017-05-13 00:00:00,16.7,94,5.4,0.0,1009.5
2017-05-13 01:00:00,15.4,97,7.3,0.0,1008.7
2017-05-13 02:00:00,15.5,97,6.0,0.0,1008.1
2017-05-13 03:00:00,15.5,98,5.8,0.0,1008.0
2017-05-13 04:00:00,15.3,99,6.9,0.0,1008.0
2017-05-13 05:00:00,15.1,99,7.7,0.0,1007.9
2017-05-13 06:00:00,15.7,98,9.9,32.0,1008.1
2017-05-13 07:00:00,17.6,90,8.6,190.0,1008.2
2017-05-13 08:00:00,20.3,78,10.3,420.0,1008.3
2017-05-13 09:00:00,22.5,69,9.8,582.0,1008.4
2017-05-13 10:00:00,24.5,62,10.6,759.0,1008.2
2017-05-13 11:00:00,26.3,53,11.9,898.0,1008.4
2017-05-13 12:00:00,27.7,48,11.3,981.0,1008.0
2017-05-13 13:00:00,28.7,45,10.0,987.0,1007.1
2017-05-13 14:00:00,29.3,44,10.2,922.0,1006.2
2017-05-13 15:00:00,29.5,44,8.9,787.0,1005.6
2017-05-13 16:00:00,29.5,45,8.0,599.0,1005.2
2017-05-13 17:00:00,28.4,56,9.3,394.0,1005.3
2017-05-13 18:00:00,25.8,66,10.6,182.0,1005.5
2017-05-13 19:00:00,22.8,74,8.6,26.0,1005.8
2017-05-13 20:00:00,21.4,81,10.2,0.0,1006.5
2017-05-13 21:00:00,21.2,80,7.3,0.0,1007.2
2017-05-13 22:00:00,19.6,86,8.4,0.0,1007.9
2017-05-13 23:00:00,19.9,84,7.7,0.0,1008.4
2017-05-14 00:00:00,20.3,81,9.2,0.0,1008.6
2017-05-14 01:00:00,19.8,84,8.1,0.0,1008.8
2017-05-14 02:00:00,19.3,87,7.2,0.0,1008.6
2017-05-14 03:00:00,19.1,88,7.6,0.0,1008.7
2017-05-14 04:00:00,18.5,90,7.5,0.0,1008.5
2017-05-14 05:00:00,17.9,91,7.2,0.0,1009.2
2017-05-14 06:00:00,19.8,87,4.8,39.0,1009.5
2017-05-14 07:00:00,21.4,84,3.0,208.0,1009.8
2017-05-14 08:00:00,23.7,72,0.0,417.0,1010.5
2017-05-14 09:00:00,25.5,70,1.1,621.0,1010.4
2017-05-14 10:00:00,27.0,67,2.5,790.0,1010.4
2017-05-14 11:00:00,28.2,64,4.3,907.0,1010.3
2017-05-14 12:00:00,29.2,61,6.5,954.0,1010.0
2017-05-14 13:00:00,28.3,59,12.3,931.0,1010.1
2017-05-14 14:00:00,27.9,63,10.2,716.0,1009.3
2017-05-14 15:00:00,27.6,67,13.2,697.0,1008.9
2017-05-14 16:00:00,26.7,70,11.3,419.0,1009.1
2017-05-14 17:00:00,25.5,73,14.5,348.0,1009.3
2017-05-14 18:00:00,24.1,78,12.6,118.0,1009.6
2017-05-14 19:00:00,22.3,77,14.2,21.0,1010.1
2017-05-14 20:00:00,21.2,80,15.4,0.0,1012.1
2017-05-14 21:00:00,21.1,81,15.9,0.0,1012.4
2017-05-14 22:00:00,20.4,83,12.9,0.0,1012.6
2017-05-14 23:00:00,19.9,88,11.4,0.0,1012.7
2017-05-15 00:00:00,20.1,89,10.6,0.0,1012.7
2017-05-15 01:00:00,20.2,88,9.1,0.0,1012.3
2017-05-15 02:00:00,20.1,90,7.0,0.0,1011.9
2017-05-15 03:00:00,20.0,90,7.6,0.0,1011.4
2017-05-15 04:00:00,20.1,91,9.0,0.0,1010.9
2017-05-15 05:00:00,20.2,90,9.7,0.0,1010.7
2017-05-15 06:00:00,20.2,91,11.7,16.0,1011.1
2017-05-15 07:00:00,20.4,91,12.6,75.0,1011.4
2017-05-15 08:00:00,20.6,90,14.2,183.0,1012.4
2017-05-15 09:00:00,21.1,87,12.8,235.0,1012.1
2017-05-15 10:00:00,21.6,79,12.4,342.0,1012.0
2017-05-15 11:00:00,22.6,73,11.6,624.0,1011.8
2017-05-15 12:00:00,23.2,68,11.1,551.0,1012.0
2017-05-15 13:00:00,23.1,68,14.2,388.0,1011.2
2017-05-15 14:00:00,23.4,68,14.7,581.0,1011.1
2017-05-15 15:00:00,22.3,71,15.3,264.0,1010.6
2017-05-15 16:00:00,21.7,73,15.5,308.0,1010.3
2017-05-15 17:00:00,21.2,74,14.0,265.0,1010.3
2017-05-15 18:00:00,20.3,75,12.2,80.0,1010.3
2017-05-15 19:00:00,19.7,75,12.6,9.0,1010.1
2017-05-15 20:00:00,19.4,73,11.3,0.0,1011.7
2017-05-15 21:00:00,19.3,75,10.5,0.0,1011.6
2017-05-15 22:00:00,18.9,78,8.4,0.0,1011.9
2017-05-15 23:00:00,18.7,81,9.9,0.0,1011.7
2017-05-16 00:00:00,18.7,82,7.6,0.0,1011.0
2017-05-16 01:00:00,18.2,86,4.0,0.0,1010.6
2017-05-16 02:00:00,17.9,87,6.6,0.0,1010.0
2017-05-16 03:00:00,17.4,89,8.7,0.0,1009.8
2017-05-16 04:00:00,16.5,93,6.5,0.0,1009.7
2017-05-16 05:00:00,16.1,94,5.4,0.0,1009.5
2017-05-16 06:00:00,16.6,92,8.1,33.0,1010.0
2017-05-16 07:00:00,17.6,89,8.0,144.0,1010.2
2017-05-16 08:00:00,18.3,87,9.5,262.0,1010.7
2017-05-16 09:00:00,19.4,82,9.3,245.0,1010.6
2017-05-16 10:00:00,20.3,79,8.4,303.0,1011.0
2017-05-16 11:00:00,20.6,78,7.9,266.0,1010.9
2017-05-16 12:00:00,21.1,76,8.6,372.0,1010.5
2017-05-16 13:00:00,21.8,72,9.9,568.0,1009.7
2017-05-16 14:00:00,22.6,67,8.4,640.0,1009.1
2017-05-16 15:00:00,22.8,65,6.9,504.0,1008.4
2017-05-16 16:00:00,22.4,67,9.6,404.0,1008.2
2017-05-16 17:00:00,21.2,68,12.5,262.0,1008.0
2017-05-16 18:00:00,20.2,67,8.8,146.0,1008.5
2017-05-16 19:00:00,18.8,73,9.2,25.0,1008.9
2017-05-16 20:00:00,18.1,82,7.6,0.0,1009.8
2017-05-16 21:00:00,17.5,86,5.9,0.0,1010.1
2017-05-16 22:00:00,16.9,90,5.0,0.0,1010.3
2017-05-16 23:00:00,16.1,93,5.9,0.0,1010.4
2017-05-17 00:00:00,15.3,95,7.1,0.0,1010.3
2017-05-17 01:00:00,17.1,89,2.6,0.0,1010.1
2017-05-17 02:00:00,15.6,96,3.6,0.0,1009.7
2017-05-17 03:00:00,14.9,98,4.4,0.0,1009.6
2017-05-17 04:00:00,15.6,99,4.9,0.0,1009.5
2017-05-17 05:00:00,14.4,100,4.1,0.0,1009.6
2017-05-17 06:00:00,15.2,98,1.5,30.0,1010.0
2017-05-17 07:00:00,16.3,98,2.6,137.0,1010.3
2017-05-17 08:00:00,18.2,85,2.1,310.0,1011.2
2017-05-17 09:00:00,20.1,75,1.9,640.0,1011.6
2017-05-17 10:00:00,21.7,61,4.0,814.0,1011.5
2017-05-17 11:00:00,23.0,49,6.0,938.0,1011.4
2017-05-17 12:00:00,23.9,45,6.1,998.0,1011.0
2017-05-17 13:00:00,24.4,44,6.5,998.0,1010.9
2017-05-17 14:00:00,24.7,44,6.8,928.0,1010.3
2017-05-17 15:00:00,24.7,42,8.4,798.0,1009.8
2017-05-17 16:00:00,24.3,41,10.5,619.0,1009.8
2017-05-17 17:00:00,23.4,45,10.1,409.0,1009.9
2017-05-17 18:00:00,21.1,56,9.1,194.0,1010.0
2017-05-17 19:00:00,18.8,68,9.1,30.0,1010.5
2017-05-17 20:00:00,18.6,73,9.3,0.0,1011.4
2017-05-17 21:00:00,18.4,74,8.8,0.0,1011.5
2017-05-17 22:00:00,17.6,83,7.0,0.0,1012.3
2017-05-17 23:00:00,16.6,90,8.0,0.0,1012.4
2017-05-18 00:00:00,17.6,87,6.6,0.0,1012.6
2017-05-18 01:00:00,16.8,91,6.9,0.0,1012.1
2017-05-18 02:00:00,16.1,93,7.1,0.0,1011.7
2017-05-18 03:00:00,17.5,89,6.4,0.0,1011.8
2017-05-18 04:00:00,17.4,91,4.9,0.0,1012.1
2017-05-18 05:00:00,14.3,99,6.2,0.0,1012.0
2017-05-18 06:00:00,16.2,95,6.4,44.0,1012.7
2017-05-18 07:00:00,18.4,85,4.6,218.0,1013.3
2017-05-18 08:00:00,20.6,76,4.4,431.0,1014.2
2017-05-18 09:00:00,22.7,71,4.7,637.0,1014.1
2017-05-18 10:00:00,24.4,67,6.9,809.0,1013.7
2017-05-18 11:00:00,25.9,61,7.7,930.0,1013.8
2017-05-18 12:00:00,27.0,54,8.7,990.0,1013.2
2017-05-18 13:00:00,27.6,50,8.4,979.0,1012.8
2017-05-18 14:00:00,28.0,48,8.7,909.0,1012.3
2017-05-18 15:00:00,27.8,50,9.9,782.0,1011.7
2017-05-18 16:00:00,26.9,57,13.0,600.0,1011.5
2017-05-18 17:00:00,25.7,61,14.7,396.0,1011.4
2017-05-18 18:00:00,23.8,72,12.0,190.0,1011.6
2017-05-18 19:00:00,21.7,79,10.2,30.0,1011.8
2017-05-18 20:00:00,21.1,80,9.0,0.0,1012.2
2017-05-18 21:00:00,21.0,78,10.1,0.0,1012.3
2017-05-18 22:00:00,20.4,80,8.2,0.0,1012.8
2017-05-18 23:00:00,19.7,84,6.3,0.0,1013.1
2017-05-19 00:00:00,19.6,83,6.0,0.0,1013.0
2017-05-19 01:00:00,19.6,83,7.1,0.0,1012.7
2017-05-19 02:00:00,19.0,85,5.9,0.0,1012.4
2017-05-19 03:00:00,18.2,89,6.6,0.0,1012.0
2017-05-19 04:00:00,18.2,89,6.4,0.0,1011.8
2017-05-19 05:00:00,18.2,88,7.8,0.0,1011.9
2017-05-19 06:00:00,18.8,85,8.9,39.0,1012.5
2017-05-19 07:00:00,20.1,80,8.7,141.0,1012.8
2017-05-19 08:00:00,22.5,68,8.8,307.0,1012.8
2017-05-19 09:00:00,23.7,64,6.3,492.0,1012.7
2017-05-19 10:00:00,25.0,61,6.4,679.0,1012.6
2017-05-19 11:00:00,26.5,58,8.7,895.0,1012.4
2017-05-19 12:00:00,27.6,51,10.5,979.0,1011.6
2017-05-19 13:00:00,28.1,47,11.2,950.0,1011.3
2017-05-19 14:00:00,28.2,45,11.8,783.0,1010.4
2017-05-19 15:00:00,27.3,51,9.8,342.0,1010.0
2017-05-19 16:00:00,25.9,64,12.8,240.0,1009.6
2017-05-19 17:00:00,25.6,62,12.1,325.0,1009.6
2017-05-19 18:00:00,24.2,74,11.2,112.0,1009.6
2017-05-19 19:00:00,22.9,79,11.1,12.0,1009.8
2017-05-19 20:00:00,22.8,79,12.3,0.0,1009.3
2017-05-19 21:00:00,22.8,78,7.9,0.0,1009.5
2017-05-19 22:00:00,23.2,75,5.8,0.0,1010.2
2017-05-19 23:00:00,20.6,87,8.4,0.0,1010.3
2017-05-20 00:00:00,21.8,80,9.2,0.0,1009.8
2017-05-20 01:00:00,21.4,84,7.6,0.0,1009.4
2017-05-20 02:00:00,21.0,86,7.2,0.0,1009.1
2017-05-20 03:00:00,20.0,91,6.3,0.0,1009.2
2017-05-20 04:00:00,19.3,92,6.1,0.0,1009.6
2017-05-20 05:00:00,19.6,93,6.4,0.0,1009.8
2017-05-20 06:00:00,20.8,89,9.0,44.0,1010.3
2017-05-20 07:00:00,22.2,82,8.5,204.0,1010.6
2017-05-20 08:00:00,24.4,73,7.6,385.0,1010.5
2017-05-20 09:00:00,25.5,71,6.6,501.0,1010.0
2017-05-20 10:00:00,26.6,67,5.8,699.0,1009.8
2017-05-20 11:00:00,27.6,62,4.0,820.0,1009.7
2017-05-20 12:00:00,28.0,59,4.1,827.0,1009.4
2017-05-20 13:00:00,28.0,60,4.3,642.0,1008.4
2017-05-20 14:00:00,26.4,69,9.2,681.0,1007.8
2017-05-20 15:00:00,26.0,68,10.7,474.0,1007.8
2017-05-20 16:00:00,25.9,68,2.7,355.0,1007.3
2017-05-20 17:00:00,25.0,71,6.7,265.0,1007.4
2017-05-20 18:00:00,24.6,78,6.1,128.0,1007.4
2017-05-20 19:00:00,23.2,86,7.2,26.0,1007.8
2017-05-20 20:00:00,23.1,88,4.7,0.0,1007.8
2017-05-20 21:00:00,22.8,88,8.0,0.0,1008.3
2017-05-20 22:00:00,22.1,89,8.0,0.0,1008.8
2017-05-20 23:00:00,21.6,88,8.7,0.0,1008.8
2017-05-21 00:00:00,21.3,88,9.0,0.0,1008.5
2017-05-21 01:00:00,20.8,89,7.4,0.0,1008.3
2017-05-21 02:00:00,20.4,90,6.2,0.0,1008.1
2017-05-21 03:00:00,19.9,92,5.6,0.0,1008.1
2017-05-21 04:00:00,19.7,93,6.1,0.0,1008.2
2017-05-21 05:00:00,19.6,93,7.9,0.0,1008.5
2017-05-21 06:00:00,20.3,91,10.0,44.0,1009.1
2017-05-21 07:00:00,21.5,85,10.9,212.0,1009.4
2017-05-21 08:00:00,23.0,79,11.3,418.0,1009.4
2017-05-21 09:00:00,24.3,75,11.1,618.0,1009.6
2017-05-21 10:00:00,25.7,69,10.9,786.0,1009.4
2017-05-21 11:00:00,26.8,64,12.6,875.0,1008.9
2017-05-21 12:00:00,27.4,62,11.6,845.0,1008.5
2017-05-21 13:00:00,28.1,57,10.8,874.0,1008.0
2017-05-21 14:00:00,28.1,56,11.9,745.0,1007.4
2017-05-21 15:00:00,27.5,59,13.0,621.0,1006.6
2017-05-21 16:00:00,27.7,57,12.2,473.0,1006.2
2017-05-21 17:00:00,27.4,59,11.9,334.0,1006.1
2017-05-21 18:00:00,25.9,68,9.4,126.0,1006.6
2017-05-21 19:00:00,24.2,76,10.5,26.0,1007.1
2017-05-21 20:00:00,23.4,84,10.8,0.0,1007.3
2017-05-21 21:00:00,23.3,82,9.4,0.0,1007.8
2017-05-21 22:00:00,22.9,81,9.3,0.0,1008.2
2017-05-21 23:00:00,22.5,76,10.0,0.0,1008.6
2017-05-22 00:00:00,21.5,76,9.9,0.0,1008.5
2017-05-22 01:00:00,20.7,79,10.9,0.0,1008.4
2017-05-22 02:00:00,20.1,84,9.5,0.0,1008.2
2017-05-22 03:00:00,19.8,87,8.9,0.0,1007.9
2017-05-22 04:00:00,19.4,90,7.9,0.0,1008.0
2017-05-22 05:00:00,19.1,92,7.1,0.0,1008.2
2017-05-22 06:00:00,19.9,89,9.3,39.0,1008.4
2017-05-22 07:00:00,21.3,84,8.5,195.0,1008.8
2017-05-22 08:00:00,23.2,77,8.9,412.0,1008.7
2017-05-22 09:00:00,24.5,73,8.5,591.0,1008.6
2017-05-22 10:00:00,25.8,69,7.9,725.0,1008.7
2017-05-22 11:00:00,27.0,65,8.2,870.0,1008.6
2017-05-22 12:00:00,27.8,63,7.8,902.0,1008.1
2017-05-22 13:00:00,28.6,60,8.4,930.0,1007.4
2017-05-22 14:00:00,29.0,58,9.7,814.0,1006.8
2017-05-22 15:00:00,28.9,59,11.5,709.0,1006.0
2017-05-22 16:00:00,28.0,64,14.6,529.0,1005.6
2017-05-22 17:00:00,26.9,67,14.1,312.0,1005.6
2017-05-22 18:00:00,25.6,76,12.9,159.0,1006.1
2017-05-22 19:00:00,23.9,80,11.9,25.0,1006.6
2017-05-22 20:00:00,23.6,82,11.2,0.0,1006.5
2017-05-22 21:00:00,23.7,84,8.2,0.0,1006.6
2017-05-22 22:00:00,23.5,86,5.0,0.0,1007.0
2017-05-22 23:00:00,22.8,90,4.2,0.0,1006.7
2017-05-23 00:00:00,23.4,86,3.6,0.0,1006.4
2017-05-23 01:00:00,22.8,90,4.0,0.0,1005.9
2017-05-23 02:00:00,22.2,95,4.3,0.0,1005.3
2017-05-23 03:00:00,21.8,97,5.1,0.0,1004.9
2017-05-23 04:00:00,21.8,97,4.9,0.0,1004.7
2017-05-23 05:00:00,21.6,98,5.8,0.0,1004.6
2017-05-23 06:00:00,23.0,91,8.2,29.0,1004.4
2017-05-23 07:00:00,24.0,84,4.3,107.0,1005.0
2017-05-23 08:00:00,23.9,90,2.2,221.0,1006.1
2017-05-23 09:00:00,24.2,90,6.6,91.0,1005.7
2017-05-23 10:00:00,24.2,88,7.4,116.0,1005.9
2017-05-23 11:00:00,24.9,82,6.6,297.0,1005.8
2017-05-23 12:00:00,24.3,86,6.8,108.0,1005.6
2017-05-23 13:00:00,24.1,87,4.1,67.0,1005.2
2017-05-23 14:00:00,24.3,85,3.3,138.0,1004.6
2017-05-23 15:00:00,24.4,84,3.2,162.0,1003.9
2017-05-23 16:00:00,24.5,84,3.8,139.0,1004.1
2017-05-23 17:00:00,23.9,89,8.1,74.0,1004.1
2017-05-23 18:00:00,23.2,94,8.1,19.0,1004.7
2017-05-23 19:00:00,22.9,95,8.0,6.0,1005.1
2017-05-23 20:00:00,22.7,95,10.1,0.0,1004.9
2017-05-23 21:00:00,22.3,96,10.0,0.0,1005.5
2017-05-23 22:00:00,22.2,95,14.5,0.0,1006.3
2017-05-23 23:00:00,21.8,95,16.1,0.0,1006.3
2017-05-24 00:00:00,21.0,95,21.5,0.0,1006.1
2017-05-24 01:00:00,20.5,91,21.9,0.0,1006.2
2017-05-24 02:00:00,20.3,91,22.3,0.0,1006.3
2017-05-24 03:00:00,19.8,92,22.1,0.0,1006.4
2017-05-24 04:00:00,19.4,92,21.1,0.0,1006.4
2017-05-24 05:00:00,19.2,92,21.0,0.0,1006.8
2017-05-24 06:00:00,19.1,91,19.6,3.0,1007.3
2017-05-24 07:00:00,19.1,90,19.2,25.0,1008.1
2017-05-24 08:00:00,19.3,86,19.5,69.0,1009.3
2017-05-24 09:00:00,19.8,83,19.2,164.0,1009.6
2017-05-24 10:00:00,20.4,81,20.9,298.0,1009.8
2017-05-24 11:00:00,21.1,76,20.5,355.0,1010.0
2017-05-24 12:00:00,22.8,65,20.2,542.0,1009.4
2017-05-24 13:00:00,22.7,67,20.0,341.0,1009.0
2017-05-24 14:00:00,22.9,65,17.3,358.0,1008.4
2017-05-24 15:00:00,22.6,67,21.6,298.0,1008.1
2017-05-24 16:00:00,22.2,68,16.9,188.0,1008.0
2017-05-24 17:00:00,22.5,66,15.5,230.0,1007.9
2017-05-24 18:00:00,21.9,71,11.2,86.0,1008.4
2017-05-24 19:00:00,21.0,74,8.0,17.0,1009.0
2017-05-24 20:00:00,20.2,80,5.5,0.0,1010.3
2017-05-24 21:00:00,19.4,86,4.6,0.0,1010.6
2017-05-24 22:00:00,18.7,88,5.6,0.0,1010.8
2017-05-24 23:00:00,18.6,85,7.1,0.0,1010.9
2017-05-25 00:00:00,18.9,81,7.5,0.0,1010.5
2017-05-25 01:00:00,18.5,83,5.1,0.0,1009.8
2017-05-25 02:00:00,17.5,88,5.7,0.0,1009.5
2017-05-25 03:00:00,17.4,88,6.8,0.0,1009.1
2017-05-25 04:00:00,16.4,92,6.6,0.0,1009.2
2017-05-25 05:00:00,15.8,93,5.4,0.0,1009.3
2017-05-25 06:00:00,17.2,87,6.3,21.0,1009.5
2017-05-25 07:00:00,18.9,79,5.6,199.0,1009.8
2017-05-25 08:00:00,20.7,71,7.6,437.0,1010.7
2017-05-25 09:00:00,22.1,65,8.7,646.0,1010.6
2017-05-25 10:00:00,23.3,55,10.5,791.0,1010.7
2017-05-25 11:00:00,24.4,49,10.5,903.0,1010.6
2017-05-25 12:00:00,25.3,45,10.5,994.0,1010.2
2017-05-25 13:00:00,26.0,42,10.5,977.0,1009.7
2017-05-25 14:00:00,26.4,42,11.2,930.0,1009.3
2017-05-25 15:00:00,26.5,42,10.5,779.0,1008.7
2017-05-25 16:00:00,26.4,43,9.9,613.0,1008.4
2017-05-25 17:00:00,25.9,48,7.4,419.0,1008.0
2017-05-25 18:00:00,24.0,67,4.6,200.0,1008.4
2017-05-25 19:00:00,20.7,74,8.8,34.0,1008.9
2017-05-25 20:00:00,22.6,63,6.6,0.0,1010.0
2017-05-25 21:00:00,22.0,66,2.1,0.0,1010.1
2017-05-25 22:00:00,18.0,85,6.2,0.0,1010.5
2017-05-25 23:00:00,17.9,85,6.9,0.0,1010.7
2017-05-26 00:00:00,17.7,86,6.6,0.0,1010.3
2017-05-26 01:00:00,17.5,80,8.0,0.0,1009.8
2017-05-26 02:00:00,17.5,77,8.8,0.0,1009.5
2017-05-26 03:00:00,17.5,74,8.9,0.0,1009.3
2017-05-26 04:00:00,17.3,74,8.6,0.0,1009.3
2017-05-26 05:00:00,16.5,78,7.4,0.0,1009.3
2017-05-26 06:00:00,18.1,75,6.5,49.0,1009.7
2017-05-26 07:00:00,19.9,71,4.4,227.0,1010.3
2017-05-26 08:00:00,22.0,64,2.4,441.0,1011.1
2017-05-26 09:00:00,24.1,56,2.2,601.0,1011.1
2017-05-26 10:00:00,25.5,52,3.4,806.0,1011.1
2017-05-26 11:00:00,26.6,50,5.1,928.0,1011.4
2017-05-26 12:00:00,27.3,51,6.2,984.0,1011.0
2017-05-26 13:00:00,28.0,50,7.5,966.0,1010.6
2017-05-26 14:00:00,28.0,51,8.8,853.0,1010.1
2017-05-26 15:00:00,27.5,55,10.2,668.0,1009.9
2017-05-26 16:00:00,27.1,55,11.3,470.0,1009.5
2017-05-26 17:00:00,26.2,61,9.4,312.0,1009.4
2017-05-26 18:00:00,24.5,73,9.4,187.0,1009.7
2017-05-26 19:00:00,22.0,86,9.4,36.0,1010.0
2017-05-26 20:00:00,21.4,89,8.8,0.0,1010.6
2017-05-26 21:00:00,21.0,89,8.7,0.0,1010.9
2017-05-26 22:00:00,20.3,92,8.3,0.0,1011.3
2017-05-26 23:00:00,19.2,93,5.5,0.0,1011.6
2017-05-27 00:00:00,18.0,94,7.2,0.0,1011.2
2017-05-27 01:00:00,19.5,90,1.8,0.0,1010.7
2017-05-27 02:00:00,18.4,95,2.6,0.0,1010.2
2017-05-27 03:00:00,17.2,99,4.3,0.0,1010.0
2017-05-27 04:00:00,16.3,100,5.1,0.0,1009.9
2017-05-27 05:00:00,17.2,100,3.6,0.0,1010.0
2017-05-27 06:00:00,18.1,99,5.1,36.0,1010.4
2017-05-27 07:00:00,19.0,98,4.4,142.0,1010.7
2017-05-27 08:00:00,21.3,90,2.9,355.0,1011.1
2017-05-27 09:00:00,24.2,79,3.9,643.0,1011.4
2017-05-27 10:00:00,26.3,67,6.0,807.0,1011.5
2017-05-27 11:00:00,27.6,58,6.7,925.0,1011.6
2017-05-27 12:00:00,28.6,50,6.6,984.0,1011.3
2017-05-27 13:00:00,29.3,42,7.3,980.0,1010.7
2017-05-27 14:00:00,29.6,42,7.2,917.0,1010.1
2017-05-27 15:00:00,29.5,43,8.5,792.0,1009.4
2017-05-27 16:00:00,28.9,48,10.6,624.0,1009.1
2017-05-27 17:00:00,27.5,59,11.7,416.0,1009.0
2017-05-27 18:00:00,25.6,68,9.8,205.0,1008.8
2017-05-27 19:00:00,23.5,76,8.8,37.0,1009.0
2017-05-27 20:00:00,23.0,79,8.7,0.0,1009.5
2017-05-27 21:00:00,23.0,75,9.0,0.0,1009.8
2017-05-27 22:00:00,22.5,72,9.7,0.0,1010.0
2017-05-27 23:00:00,22.2,72,9.7,0.0,1010.2
2017-05-28 00:00:00,21.4,75,7.6,0.0,1010.2
2017-05-28 01:00:00,20.1,81,9.2,0.0,1009.8
2017-05-28 02:00:00,22.1,73,3.3,0.0,1009.9
2017-05-28 03:00:00,21.4,79,5.1,0.0,1009.8
2017-05-28 04:00:00,19.2,89,6.4,0.0,1010.0
2017-05-28 05:00:00,18.3,93,6.5,0.0,1010.2
2017-05-28 06:00:00,20.1,93,5.2,52.0,1010.6
2017-05-28 07:00:00,22.0,82,4.0,224.0,1010.9
2017-05-28 08:00:00,24.6,70,4.3,441.0,1011.4
2017-05-28 09:00:00,26.3,61,3.9,635.0,1011.2
2017-05-28 10:00:00,27.6,52,4.3,785.0,1011.4
2017-05-28 11:00:00,28.7,45,6.8,901.0,1011.4
2017-05-28 12:00:00,29.2,43,9.4,963.0,1011.1
2017-05-28 13:00:00,29.7,42,11.0,977.0,1010.7
2017-05-28 14:00:00,29.8,41,11.2,925.0,1010.2
2017-05-28 15:00:00,29.4,43,13.3,793.0,1009.8
2017-05-28 16:00:00,28.6,46,13.9,624.0,1009.4
2017-05-28 17:00:00,27.5,54,12.8,418.0,1009.0
2017-05-28 18:00:00,25.6,67,11.4,206.0,1009.2
2017-05-28 19:00:00,23.8,73,11.9,39.0,1009.4
2017-05-28 20:00:00,23.4,72,12.0,0.0,1009.5
2017-05-28 21:00:00,22.9,71,11.9,0.0,1009.7
2017-05-28 22:00:00,21.9,77,9.7,0.0,1010.3
2017-05-28 23:00:00,20.9,81,8.4,0.0,1010.7
2017-05-29 00:00:00,19.9,83,8.0,0.0,1010.7
2017-05-29 01:00:00,19.2,80,7.6,0.0,1010.5
2017-05-29 02:00:00,18.3,80,6.8,0.0,1010.3
2017-05-29 03:00:00,18.1,81,7.1,0.0,1010.2
2017-05-29 04:00:00,17.7,83,7.0,0.0,1010.5
2017-05-29 05:00:00,17.0,87,6.7,0.0,1010.5
2017-05-29 06:00:00,19.0,82,5.2,54.0,1011.3
2017-05-29 07:00:00,20.5,77,4.8,233.0,1011.4
2017-05-29 08:00:00,22.8,68,5.2,448.0,1011.7
2017-05-29 09:00:00,24.7,61,6.0,654.0,1011.5
2017-05-29 10:00:00,26.2,56,6.2,826.0,1011.1
2017-05-29 11:00:00,27.4,49,7.7,948.0,1010.7
2017-05-29 12:00:00,28.4,43,8.7,1008.0,1010.0
2017-05-29 13:00:00,29.0,41,9.9,1003.0,1009.5
2017-05-29 14:00:00,29.2,43,11.2,932.0,1008.9
2017-05-29 15:00:00,28.9,47,11.2,801.0,1008.3
2017-05-29 16:00:00,28.3,50,13.2,623.0,1007.9
2017-05-29 17:00:00,27.2,60,15.5,415.0,1007.4
2017-05-29 18:00:00,25.5,73,14.7,205.0,1007.3
2017-05-29 19:00:00,24.0,76,13.2,39.0,1007.7
2017-05-29 20:00:00,23.8,81,13.3,0.0,1007.4
2017-05-29 21:00:00,24.1,80,13.7,0.0,1007.5
2017-05-29 22:00:00,24.1,77,14.3,0.0,1007.9
2017-05-29 23:00:00,23.3,80,12.2,0.0,1008.4
2017-05-30 00:00:00,22.6,83,9.8,0.0,1008.2
2017-05-30 01:00:00,21.8,88,6.3,0.0,1008.1
2017-05-30 02:00:00,21.0,91,6.4,0.0,1008.0
2017-05-30 03:00:00,21.1,90,6.3,0.0,1007.8
2017-05-30 04:00:00,20.8,91,6.9,0.0,1007.6
2017-05-30 05:00:00,20.4,92,6.2,0.0,1007.7
2017-05-30 06:00:00,21.6,88,6.8,36.0,1007.8
2017-05-30 07:00:00,22.9,82,6.8,144.0,1008.0
2017-05-30 08:00:00,24.5,75,8.6,363.0,1008.1
2017-05-30 09:00:00,26.0,72,9.9,553.0,1007.6
2017-05-30 10:00:00,27.6,68,9.6,665.0,1007.3
2017-05-30 11:00:00,29.3,64,8.8,862.0,1006.6
2017-05-30 12:00:00,30.6,59,8.0,964.0,1006.1
2017-05-30 13:00:00,31.6,49,6.5,874.0,1005.6
2017-05-30 14:00:00,31.9,44,6.7,801.0,1004.8
2017-05-30 15:00:00,31.8,44,5.2,567.0,1004.2
2017-05-30 16:00:00,31.3,48,7.9,418.0,1003.6
2017-05-30 17:00:00,30.6,56,8.8,328.0,1002.8
2017-05-30 18:00:00,28.8,66,8.5,138.0,1003.2
2017-05-30 19:00:00,26.9,71,7.4,34.0,1003.4
2017-05-30 20:00:00,26.9,75,6.2,0.0,1003.8
2017-05-30 21:00:00,26.5,72,6.8,0.0,1003.8
2017-05-30 22:00:00,25.5,82,7.3,0.0,1003.8
2017-05-30 23:00:00,24.7,83,4.5,0.0,1003.7
2017-05-31 00:00:00,25.5,76,2.0,0.0,1003.2
2017-05-31 01:00:00,24.7,80,1.8,0.0,1002.8
2017-05-31 02:00:00,23.5,86,3.1,0.0,1002.5
2017-05-31 03:00:00,23.4,86,3.3,0.0,1002.0
2017-05-31 04:00:00,23.1,87,5.0,0.0,1002.3
2017-05-31 05:00:00,22.3,88,6.0,0.0,1002.4
2017-05-31 06:00:00,23.8,83,3.4,19.0,1002.4
2017-05-31 07:00:00,24.9,77,7.9,133.0,1003.1
2017-05-31 08:00:00,25.6,76,2.8,225.0,1003.1
2017-05-31 09:00:00,26.6,72,2.4,170.0,1002.8
2017-05-31 10:00:00,28.4,66,5.8,530.0,1002.8
2017-05-31 11:00:00,28.9,61,8.5,639.0,1002.3
2017-05-31 12:00:00,30.0,56,2.6,769.0,1001.4
2017-05-31 13:00:00,30.5,55,4.4,784.0,1000.8
2017-05-31 14:00:00,28.4,63,8.3,553.0,1000.7
2017-05-31 15:00:00,28.5,63,5.9,415.0,1000.0
2017-05-31 16:00:00,28.7,62,2.6,426.0,999.3
2017-05-31 17:00:00,28.6,66,5.2,250.0,998.8
2017-05-31 18:00:00,27.8,74,4.8,136.0,999.0
2017-05-31 19:00:00,26.6,82,4.1,17.0,999.1
2017-05-31 20:00:00,25.9,85,7.3,0.0,999.4
2017-05-31 21:00:00,26.1,86,5.6,0.0,999.6
2017-05-31 22:00:00,26.4,85,5.0,0.0,999.5
2017-05-31 23:00:00,26.0,84,7.6,0.0,999.6
2017-06-01 00:00:00,25.4,82,6.1,0.0,999.5
2017-06-01 01:00:00,25.0,86,4.3,0.0,999.2
2017-06-01 02:00:00,24.7,90,3.2,0.0,999.0
2017-06-01 03:00:00,24.5,88,3.6,0.0,998.7
2017-06-01 04:00:00,24.4,84,5.2,0.0,998.9
2017-06-01 05:00:00,24.3,84,6.9,0.0,998.7
2017-06-01 06:00:00,24.6,86,7.3,19.0,999.0
2017-06-01 07:00:00,25.3,85,6.9,76.0,999.3
2017-06-01 08:00:00,26.0,80,7.8,118.0,999.6
2017-06-01 09:00:00,26.5,75,4.3,184.0,1000.0
2017-06-01 10:00:00,26.9,73,3.7,260.0,1000.1
2017-06-01 11:00:00,26.9,75,5.9,206.0,1000.0
2017-06-01 12:00:00,28.2,70,6.2,626.0,999.9
2017-06-01 13:00:00,28.1,71,3.6,371.0,999.1
2017-06-01 14:00:00,28.5,70,4.1,402.0,998.4
2017-06-01 15:00:00,28.8,70,1.9,537.0,998.1
2017-06-01 16:00:00,28.8,68,5.0,320.0,997.9
2017-06-01 17:00:00,28.1,72,5.6,158.0,997.9
2017-06-01 18:00:00,27.5,78,3.3,88.0,998.3
2017-06-01 19:00:00,26.1,86,4.3,15.0,998.9
2017-06-01 20:00:00,25.3,91,5.1,0.0,999.3
2017-06-01 21:00:00,25.1,90,5.2,0.0,999.7
2017-06-01 22:00:00,24.9,89,5.7,0.0,1000.5
2017-06-01 23:00:00,24.3,91,4.7,0.0,1000.6
2017-06-02 00:00:00,23.9,93,4.8,0.0,1000.4
2017-06-02 01:00:00,24.5,91,1.8,0.0,1000.5
2017-06-02 02:00:00,24.2,92,2.2,0.0,1000.5
2017-06-02 03:00:00,23.3,99,2.6,0.0,1000.7
2017-06-02 04:00:00,23.3,100,3.2,0.0,1001.0
2017-06-02 05:00:00,23.3,99,5.9,0.0,1001.3
2017-06-02 06:00:00,23.9,96,12.4,32.0,1001.8
2017-06-02 07:00:00,24.2,94,11.8,118.0,1002.2
2017-06-02 08:00:00,25.3,92,12.4,405.0,1002.6
2017-06-02 09:00:00,26.7,76,13.4,530.0,1002.5
2017-06-02 10:00:00,27.6,69,14.4,720.0,1002.7
2017-06-02 11:00:00,28.5,64,15.1,902.0,1002.8
2017-06-02 12:00:00,28.7,65,16.8,930.0,1002.3
2017-06-02 13:00:00,28.6,63,17.6,840.0,1001.7
2017-06-02 14:00:00,28.4,63,20.2,819.0,1001.4
2017-06-02 15:00:00,27.7,64,21.3,657.0,1001.3
2017-06-02 16:00:00,27.1,66,21.8,609.0,1001.3
2017-06-02 17:00:00,26.0,72,19.5,361.0,1001.3
2017-06-02 18:00:00,24.7,80,16.1,184.0,1001.8
2017-06-02 19:00:00,23.6,84,12.6,35.0,1002.6
2017-06-02 20:00:00,23.2,88,12.7,0.0,1003.2
2017-06-02 21:00:00,23.2,90,11.3,0.0,1003.3
2017-06-02 22:00:00,23.0,92,9.7,0.0,1003.9
2017-06-02 23:00:00,22.7,94,9.8,0.0,1003.9
2017-06-03 00:00:00,22.4,96,9.4,0.0,1003.7
2017-06-03 01:00:00,22.0,97,8.6,0.0,1003.6
2017-06-03 02:00:00,21.6,98,8.3,0.0,1003.0
2017-06-03 03:00:00,21.4,98,6.7,0.0,1003.1
2017-06-03 04:00:00,21.2,98,6.0,0.0,1003.1
2017-06-03 05:00:00,20.7,99,4.0,0.0,1003.4
2017-06-03 06:00:00,21.8,95,4.8,50.0,1004.1
2017-06-03 07:00:00,23.3,87,4.3,197.0,1004.6
2017-06-03 08:00:00,25.3,79,5.5,393.0,1005.0
2017-06-03 09:00:00,26.6,73,8.4,595.0,1004.7
2017-06-03 10:00:00,27.6,69,12.3,767.0,1004.6
2017-06-03 11:00:00,27.8,67,16.4,808.0,1004.8
2017-06-03 12:00:00,28.0,65,18.1,777.0,1004.7
2017-06-03 13:00:00,28.4,65,18.0,765.0,1004.5
2017-06-03 14:00:00,28.0,66,20.6,679.0,1004.2
2017-06-03 15:00:00,27.8,66,21.8,497.0,1004.0
2017-06-03 16:00:00,27.5,67,21.2,435.0,1003.8
2017-06-03 17:00:00,26.1,72,20.5,276.0,1003.9
2017-06-03 18:00:00,24.4,74,18.9,143.0,1004.5
2017-06-03 19:00:00,23.7,75,18.9,25.0,1005.4
2017-06-03 20:00:00,23.9,71,18.8,0.0,1005.9
2017-06-03 21:00:00,23.6,70,18.8,0.0,1006.2
2017-06-03 22:00:00,23.2,72,17.6,0.0,1006.4
2017-06-03 23:00:00,22.3,77,15.9,0.0,1006.8
2017-06-04 00:00:00,21.7,79,15.2,0.0,1006.6
2017-06-04 01:00:00,21.1,80,13.3,0.0,1006.3
2017-06-04 02:00:00,20.5,82,11.5,0.0,1006.1
2017-06-04 03:00:00,19.9,85,10.5,0.0,1006.0
2017-06-04 04:00:00,19.8,86,9.9,0.0,1006.2
2017-06-04 05:00:00,19.6,86,9.2,0.0,1006.3
2017-06-04 06:00:00,20.5,83,10.6,48.0,1006.9
2017-06-04 07:00:00,21.5,77,12.8,192.0,1007.5
2017-06-04 08:00:00,22.9,70,14.7,397.0,1007.8
2017-06-04 09:00:00,23.9,62,15.2,487.0,1007.8
2017-06-04 10:00:00,24.8,55,16.7,618.0,1008.0
2017-06-04 11:00:00,25.4,52,17.1,731.0,1008.1
2017-06-04 12:00:00,25.8,56,17.1,763.0,1007.9
2017-06-04 13:00:00,25.9,60,16.6,607.0,1007.4
2017-06-04 14:00:00,25.3,62,18.1,359.0,1006.8
2017-06-04 15:00:00,25.0,62,19.1,318.0,1006.5
2017-06-04 16:00:00,24.3,69,21.4,234.0,1006.5
2017-06-04 17:00:00,23.4,75,21.8,128.0,1006.7
2017-06-04 18:00:00,22.8,75,20.8,58.0,1007.2
2017-06-04 19:00:00,22.5,75,20.7,11.0,1007.8
2017-06-04 20:00:00,22.7,76,18.1,0.0,1008.7
2017-06-04 21:00:00,22.7,75,18.7,0.0,1009.0
2017-06-04 22:00:00,22.2,74,17.2,0.0,1009.5
2017-06-04 23:00:00,21.6,74,18.4,0.0,1009.7
2017-06-05 00:00:00,21.3,76,15.3,0.0,1009.2
2017-06-05 01:00:00,20.7,81,14.8,0.0,1008.8
2017-06-05 02:00:00,20.5,83,14.2,0.0,1008.5
2017-06-05 03:00:00,20.7,80,14.8,0.0,1008.4
2017-06-05 04:00:00,20.7,81,14.0,0.0,1008.3
2017-06-05 05:00:00,20.6,82,13.2,0.0,1008.2
2017-06-05 06:00:00,20.7,83,9.4,2.0,1009.1
2017-06-05 07:00:00,20.4,89,15.1,14.0,1009.3
2017-06-05 08:00:00,18.9,77,20.0,47.0,1009.3
2017-06-05 09:00:00,20.2,84,21.1,77.0,1009.5
2017-06-05 10:00:00,19.2,85,23.4,60.0,1009.6
2017-06-05 11:00:00,18.8,86,21.7,89.0,1009.6
2017-06-05 12:00:00,18.1,87,22.6,78.0,1009.0
2017-06-05 13:00:00,18.4,88,20.1,64.0,1008.5
2017-06-05 14:00:00,19.7,88,13.7,96.0,1008.1
2017-06-05 15:00:00,20.3,88,13.7,87.0,1007.6
2017-06-05 16:00:00,21.1,88,14.4,120.0,1007.0
2017-06-05 17:00:00,21.9,87,14.0,190.0,1006.7
2017-06-05 18:00:00,21.9,89,14.4,73.0,1006.8
2017-06-05 19:00:00,21.7,89,13.9,21.0,1007.3
2017-06-05 20:00:00,20.1,87,14.1,0.0,1007.5
2017-06-05 21:00:00,20.2,87,12.7,0.0,1008.0
2017-06-05 22:00:00,20.1,86,12.9,0.0,1007.9
2017-06-05 23:00:00,19.9,87,12.7,0.0,1007.7
2017-06-06 00:00:00,19.7,89,10.7,0.0,1007.0
2017-06-06 01:00:00,19.8,89,8.9,0.0,1006.1
2017-06-06 02:00:00,20.2,88,10.4,0.0,1005.3
2017-06-06 03:00:00,20.4,87,9.9,0.0,1004.7
2017-06-06 04:00:00,20.3,90,7.1,0.0,1004.3
2017-06-06 05:00:00,20.2,92,5.6,0.0,1004.6
2017-06-06 06:00:00,21.6,88,9.2,39.0,1003.9
2017-06-06 07:00:00,23.0,84,8.3,144.0,1004.5
2017-06-06 08:00:00,23.1,86,8.4,299.0,1006.1
2017-06-06 09:00:00,24.4,83,9.0,317.0,1006.0
2017-06-06 10:00:00,26.6,77,11.3,536.0,1006.2
2017-06-06 11:00:00,28.7,71,13.0,649.0,1005.9
2017-06-06 12:00:00,28.3,73,8.1,340.0,1005.3
2017-06-06 13:00:00,26.4,86,15.0,335.0,1005.5
2017-06-06 14:00:00,22.9,91,17.2,143.0,1005.7
2017-06-06 15:00:00,23.1,90,14.0,127.0,1005.7
2017-06-06 16:00:00,24.0,85,10.8,155.0,1006.0
2017-06-06 17:00:00,24.6,80,12.3,217.0,1006.4
2017-06-06 18:00:00,23.4,82,10.5,47.0,1006.9
2017-06-06 19:00:00,22.6,83,8.4,13.0,1007.5
2017-06-06 20:00:00,21.7,89,7.6,0.0,1008.2
2017-06-06 21:00:00,21.6,87,8.5,0.0,1009.1
2017-06-06 22:00:00,21.3,86,10.2,0.0,1009.7
2017-06-06 23:00:00,21.2,85,10.2,0.0,1009.4
2017-06-07 00:00:00,20.9,85,11.0,0.0,1009.0
2017-06-07 01:00:00,20.7,85,10.8,0.0,1008.9
2017-06-07 02:00:00,20.5,83,12.1,0.0,1008.8
2017-06-07 03:00:00,20.3,83,11.1,0.0,1008.9
2017-06-07 04:00:00,20.2,82,10.5,0.0,1009.1
2017-06-07 05:00:00,19.7,83,11.0,0.0,1009.5
2017-06-07 06:00:00,19.7,84,11.6,41.0,1010.2
2017-06-07 07:00:00,20.8,78,9.8,192.0,1010.7
2017-06-07 08:00:00,21.8,75,8.6,379.0,1011.0
2017-06-07 09:00:00,22.1,74,9.0,308.0,1011.2
2017-06-07 10:00:00,21.9,75,6.6,172.0,1011.7
2017-06-07 11:00:00,22.9,73,5.4,330.0,1011.5
2017-06-07 12:00:00,25.2,63,7.3,711.0,1011.0
2017-06-07 13:00:00,26.2,61,7.4,618.0,1010.0
2017-06-07 14:00:00,26.5,63,9.8,690.0,1009.3
2017-06-07 15:00:00,26.6,65,9.0,594.0,1008.8
2017-06-07 16:00:00,26.8,65,7.3,579.0,1008.6
2017-06-07 17:00:00,26.4,65,7.9,369.0,1008.5
2017-06-07 18:00:00,25.7,71,3.4,176.0,1009.2
2017-06-07 19:00:00,23.6,83,6.0,35.0,1010.1
2017-06-07 20:00:00,23.3,76,7.4,0.0,1010.2
2017-06-07 21:00:00,22.5,78,6.5,0.0,1010.6
2017-06-07 22:00:00,21.5,84,6.7,0.0,1011.2
2017-06-07 23:00:00,21.1,87,7.1,0.0,1011.3
2017-06-08 00:00:00,21.0,86,7.2,0.0,1011.1
2017-06-08 01:00:00,20.9,86,6.5,0.0,1010.7
2017-06-08 02:00:00,21.6,83,2.2,0.0,1010.2
2017-06-08 03:00:00,21.3,84,1.1,0.0,1010.5
2017-06-08 04:00:00,21.1,85,1.8,0.0,1010.5
2017-06-08 05:00:00,21.1,84,1.9,0.0,1010.7
2017-06-08 06:00:00,21.4,84,1.3,54.0,1011.2
2017-06-08 07:00:00,22.9,79,2.2,221.0,1011.5
2017-06-08 08:00:00,24.7,71,5.2,411.0,1011.8
2017-06-08 09:00:00,26.2,64,7.6,633.0,1011.5
2017-06-08 10:00:00,27.2,60,8.0,798.0,1011.5
2017-06-08 11:00:00,28.0,58,7.1,916.0,1011.5
2017-06-08 12:00:00,28.7,56,5.2,951.0,1011.0
2017-06-08 13:00:00,29.0,53,5.2,857.0,1010.2
2017-06-08 14:00:00,29.2,54,7.6,814.0,1009.2
2017-06-08 15:00:00,29.1,55,10.5,758.0,1008.5
2017-06-08 16:00:00,28.7,56,11.9,611.0,1008.0
2017-06-08 17:00:00,28.2,57,12.6,401.0,1008.1
2017-06-08 18:00:00,26.2,67,13.1,205.0,1008.4
2017-06-08 19:00:00,24.8,72,10.1,43.0,1008.6
2017-06-08 20:00:00,24.2,72,10.7,0.0,1008.9
2017-06-08 21:00:00,23.8,74,11.0,0.0,1008.5
2017-06-08 22:00:00,23.0,81,7.8,0.0,1008.8
2017-06-08 23:00:00,22.3,87,5.4,0.0,1008.5
2017-06-09 00:00:00,22.5,91,5.6,0.0,1007.7
2017-06-09 01:00:00,23.3,84,4.2,0.0,1007.1
2017-06-09 02:00:00,22.6,89,4.6,0.0,1006.9
2017-06-09 03:00:00,22.5,90,5.1,0.0,1006.8
2017-06-09 04:00:00,22.4,92,4.1,0.0,1006.9
2017-06-09 05:00:00,22.1,93,4.5,0.0,1007.2
2017-06-09 06:00:00,23.2,89,7.3,41.0,1007.4
2017-06-09 07:00:00,24.7,83,6.6,159.0,1007.9
2017-06-09 08:00:00,26.0,78,8.5,258.0,1007.6
2017-06-09 09:00:00,27.2,75,9.4,502.0,1007.5
2017-06-09 10:00:00,28.2,73,11.0,620.0,1007.7
2017-06-09 11:00:00,28.6,72,14.3,689.0,1007.6
2017-06-09 12:00:00,27.9,74,15.3,571.0,1007.6
2017-06-09 13:00:00,27.1,73,12.7,379.0,1007.3
2017-06-09 14:00:00,27.7,68,9.7,391.0,1006.7
2017-06-09 15:00:00,27.8,69,7.3,379.0,1006.4
2017-06-09 16:00:00,27.5,73,7.2,226.0,1006.1
2017-06-09 17:00:00,26.7,82,7.3,101.0,1005.6
2017-06-09 18:00:00,26.1,89,6.2,67.0,1005.7
2017-06-09 19:00:00,25.3,93,3.8,10.0,1006.1
2017-06-09 20:00:00,24.7,94,7.1,0.0,1006.8
2017-06-09 21:00:00,24.5,94,7.6,0.0,1007.2
2017-06-09 22:00:00,24.3,94,7.0,0.0,1007.0
2017-06-09 23:00:00,24.1,95,5.2,0.0,1007.0
2017-06-10 00:00:00,23.9,96,5.8,0.0,1006.2
2017-06-10 01:00:00,23.2,98,4.8,0.0,1005.7
2017-06-10 02:00:00,23.1,98,3.9,0.0,1005.3
2017-06-10 03:00:00,23.3,99,4.0,0.0,1005.0
2017-06-10 04:00:00,23.1,99,3.3,0.0,1004.5
2017-06-10 05:00:00,22.8,100,4.0,0.0,1004.1
2017-06-10 06:00:00,23.7,99,2.2,34.0,1003.7
2017-06-10 07:00:00,24.7,96,2.9,142.0,1003.4
2017-06-10 08:00:00,25.4,90,1.5,305.0,1004.0
2017-06-10 09:00:00,25.5,90,2.7,144.0,1003.9
2017-06-10 10:00:00,25.9,89,1.0,159.0,1003.8
2017-06-10 11:00:00,27.6,85,5.8,355.0,1003.0
2017-06-10 12:00:00,30.2,76,14.4,675.0,1002.1
2017-06-10 13:00:00,31.1,69,24.1,686.0,1001.7
2017-06-10 14:00:00,30.1,73,19.9,537.0,1000.7
2017-06-10 15:00:00,30.4,72,19.8,589.0,1000.0
2017-06-10 16:00:00,30.7,70,20.8,431.0,999.4
2017-06-10 17:00:00,30.3,72,22.9,240.0,999.2
2017-06-10 18:00:00,29.4,73,19.5,103.0,999.9
2017-06-10 19:00:00,28.3,74,16.4,22.0,1000.4
2017-06-10 20:00:00,28.2,80,4.9,0.0,1001.1
2017-06-10 21:00:00,26.9,86,4.1,0.0,1001.5
2017-06-10 22:00:00,25.6,93,7.0,0.0,1002.4
2017-06-10 23:00:00,25.1,93,7.2,0.0,1002.8
2017-06-11 00:00:00,24.7,94,9.2,0.0,1002.8
2017-06-11 01:00:00,24.5,91,12.9,0.0,1002.6
2017-06-11 02:00:00,24.7,86,14.3,0.0,1002.8
2017-06-11 03:00:00,24.4,88,13.2,0.0,1003.2
2017-06-11 04:00:00,24.0,91,10.0,0.0,1003.8
2017-06-11 05:00:00,23.3,96,12.0,0.0,1004.4
2017-06-11 06:00:00,22.7,95,9.7,7.0,1005.2
2017-06-11 07:00:00,22.7,95,10.6,20.0,1006.0
2017-06-11 08:00:00,23.4,94,11.2,85.0,1006.7
2017-06-11 09:00:00,23.8,88,11.5,130.0,1007.4
2017-06-11 10:00:00,24.0,87,11.0,115.0,1007.8
2017-06-11 11:00:00,24.5,84,13.8,194.0,1007.5
2017-06-11 12:00:00,25.0,83,15.9,333.0,1007.8
2017-06-11 13:00:00,24.8,83,14.5,334.0,1007.4
2017-06-11 14:00:00,23.8,85,17.5,114.0,1007.2
2017-06-11 15:00:00,22.9,84,18.7,128.0,1007.4
2017-06-11 16:00:00,21.6,89,17.8,67.0,1007.1
2017-06-11 17:00:00,21.4,89,12.5,33.0,1007.8
2017-06-11 18:00:00,21.1,88,19.9,19.0,1007.5
2017-06-11 19:00:00,20.5,90,15.5,8.0,1008.2
2017-06-11 20:00:00,21.2,88,13.0,0.0,1008.2
2017-06-11 21:00:00,21.2,89,12.0,0.0,1008.4
2017-06-11 22:00:00,21.2,89,12.0,0.0,1008.8
2017-06-11 23:00:00,21.0,89,13.8,0.0,1008.6
2017-06-12 00:00:00,20.6,89,14.8,0.0,1008.0
2017-06-12 01:00:00,20.2,89,15.5,0.0,1007.2
2017-06-12 02:00:00,20.0,91,14.8,0.0,1006.7
2017-06-12 03:00:00,20.1,92,14.6,0.0,1006.4
2017-06-12 04:00:00,20.2,93,16.4,0.0,1006.3
2017-06-12 05:00:00,20.3,95,23.8,0.0,1005.4
2017-06-12 06:00:00,20.4,95,5.4,2.0,1005.5
2017-06-12 07:00:00,20.2,95,18.0,10.0,1006.2
2017-06-12 08:00:00,20.6,92,20.3,70.0,1007.5
2017-06-12 09:00:00,20.7,94,16.8,58.0,1008.3
2017-06-12 10:00:00,21.7,88,17.9,259.0,1008.6
2017-06-12 11:00:00,21.0,91,15.7,57.0,1008.9
2017-06-12 12:00:00,21.3,91,12.9,81.0,1009.1
2017-06-12 13:00:00,21.2,90,14.9,77.0,1009.2
2017-06-12 14:00:00,21.2,90,13.4,94.0,1008.9
2017-06-12 15:00:00,20.8,92,14.2,67.0,1008.4
2017-06-12 16:00:00,20.9,91,16.5,120.0,1008.1
2017-06-12 17:00:00,20.8,91,12.4,51.0,1008.2
2017-06-12 18:00:00,20.8,90,12.2,29.0,1008.6
2017-06-12 19:00:00,20.6,91,13.8,11.0,1008.7
2017-06-12 20:00:00,20.9,92,9.4,0.0,1009.5
2017-06-12 21:00:00,20.9,91,8.8,0.0,1009.8
2017-06-12 22:00:00,20.8,91,12.6,0.0,1009.7
2017-06-12 23:00:00,20.5,93,10.6,0.0,1009.7
2017-06-13 00:00:00,20.2,95,9.3,0.0,1009.2
2017-06-13 01:00:00,20.1,95,8.8,0.0,1008.9
2017-06-13 02:00:00,19.9,95,6.3,0.0,1009.0
2017-06-13 03:00:00,19.7,94,9.4,0.0,1008.7
2017-06-13 04:00:00,19.4,92,10.9,0.0,1008.6
2017-06-13 05:00:00,19.2,93,11.4,0.0,1008.2
2017-06-13 06:00:00,19.6,92,12.3,5.0,1008.6
2017-06-13 07:00:00,20.1,92,7.6,13.0,1009.9
2017-06-13 08:00:00,20.5,93,9.3,63.0,1010.1
2017-06-13 09:00:00,20.7,93,9.4,70.0,1010.3
2017-06-13 10:00:00,20.6,93,10.2,57.0,1010.6
2017-06-13 11:00:00,20.8,89,13.3,108.0,1010.4
2017-06-13 12:00:00,21.0,90,10.5,98.0,1010.0
2017-06-13 13:00:00,21.1,93,10.5,105.0,1009.5
2017-06-13 14:00:00,21.3,94,8.8,95.0,1009.2
2017-06-13 15:00:00,21.3,95,11.8,70.0,1008.8
2017-06-13 16:00:00,21.2,96,12.8,51.0,1008.5
2017-06-13 17:00:00,21.2,94,12.1,46.0,1008.4
2017-06-13 18:00:00,20.9,94,13.7,18.0,1008.4
2017-06-13 19:00:00,20.7,94,12.1,6.0,1008.8
2017-06-13 20:00:00,20.6,94,10.4,0.0,1009.4
2017-06-13 21:00:00,20.3,95,10.3,0.0,1009.5
2017-06-13 22:00:00,20.4,94,8.7,0.0,1009.7
2017-06-13 23:00:00,20.3,94,8.9,0.0,1009.7
2017-06-14 00:00:00,20.1,92,10.2,0.0,1009.3
2017-06-14 01:00:00,19.8,93,10.0,0.0,1009.0
2017-06-14 02:00:00,19.5,93,9.7,0.0,1008.9
2017-06-14 03:00:00,19.6,94,9.7,0.0,1009.0
2017-06-14 04:00:00,19.6,95,9.4,0.0,1009.2
2017-06-14 05:00:00,19.6,94,8.7,0.0,1009.5
2017-06-14 06:00:00,19.8,94,9.8,13.0,1009.8
2017-06-14 07:00:00,20.1,92,12.5,39.0,1010.0
2017-06-14 08:00:00,22.0,83,12.2,133.0,1010.7
2017-06-14 09:00:00,23.4,75,13.3,418.0,1010.8
2017-06-14 10:00:00,24.5,69,14.1,528.0,1010.6
2017-06-14 11:00:00,25.1,67,13.6,662.0,1010.6
2017-06-14 12:00:00,26.1,64,13.7,798.0,1010.4
2017-06-14 13:00:00,26.5,59,13.7,803.0,1009.9
2017-06-14 14:00:00,26.2,60,12.9,634.0,1009.7
2017-06-14 15:00:00,25.2,65,13.1,366.0,1009.8
2017-06-14 16:00:00,24.6,63,12.4,317.0,1009.6
2017-06-14 17:00:00,23.9,65,9.7,170.0,1009.4
2017-06-14 18:00:00,23.1,71,6.3,112.0,1009.6
2017-06-14 19:00:00,22.1,74,7.6,24.0,1010.1
2017-06-14 20:00:00,20.7,82,5.4,0.0,1010.9
2017-06-14 21:00:00,20.7,81,4.8,0.0,1011.3
2017-06-14 22:00:00,20.1,85,5.1,0.0,1011.1
2017-06-14 23:00:00,19.7,89,5.0,0.0,1011.1
2017-06-15 00:00:00,19.1,92,5.3,0.0,1010.4
2017-06-15 01:00:00,18.8,91,5.1,0.0,1010.1
2017-06-15 02:00:00,18.2,92,6.1,0.0,1009.7
2017-06-15 03:00:00,18.3,91,5.4,0.0,1009.5
2017-06-15 04:00:00,18.4,90,4.8,0.0,1009.6
2017-06-15 05:00:00,19.3,86,2.6,0.0,1009.8
2017-06-15 06:00:00,19.0,91,2.6,42.0,1010.1
2017-06-15 07:00:00,20.2,86,3.2,184.0,1010.2
2017-06-15 08:00:00,21.7,81,3.0,427.0,1010.8
2017-06-15 09:00:00,23.0,76,3.6,627.0,1010.6
2017-06-15 10:00:00,24.1,71,5.4,786.0,1010.1
2017-06-15 11:00:00,25.0,65,6.4,900.0,1010.0
2017-06-15 12:00:00,25.7,58,6.2,920.0,1009.9
2017-06-15 13:00:00,26.3,52,7.2,921.0,1009.8
2017-06-15 14:00:00,26.2,47,10.2,790.0,1009.0
2017-06-15 15:00:00,25.8,41,12.0,648.0,1008.7
2017-06-15 16:00:00,25.5,38,9.7,515.0,1008.3
2017-06-15 17:00:00,24.9,48,6.9,279.0,1007.9
2017-06-15 18:00:00,23.2,63,6.2,97.0,1008.0
2017-06-15 19:00:00,21.8,72,7.5,22.0,1008.1
2017-06-15 20:00:00,21.2,77,6.8,0.0,1008.5
2017-06-15 21:00:00,21.1,80,5.4,0.0,1008.5
2017-06-15 22:00:00,20.6,82,5.8,0.0,1008.5
2017-06-15 23:00:00,19.7,88,6.9,0.0,1008.5
2017-06-16 00:00:00,21.3,78,4.0,0.0,1007.9
2017-06-16 01:00:00,20.8,82,2.0,0.0,1007.7
2017-06-16 02:00:00,19.6,91,3.8,0.0,1007.3
2017-06-16 03:00:00,20.1,88,2.8,0.0,1007.1
2017-06-16 04:00:00,20.1,89,3.1,0.0,1007.1
2017-06-16 05:00:00,19.8,91,2.9,0.0,1007.3
2017-06-16 06:00:00,19.9,93,2.0,27.0,1007.7
2017-06-16 07:00:00,20.7,88,1.6,86.0,1008.1
2017-06-16 08:00:00,22.0,77,0.7,191.0,1008.1
2017-06-16 09:00:00,23.4,72,3.8,453.0,1008.3
2017-06-16 10:00:00,24.3,68,7.7,612.0,1008.2
2017-06-16 11:00:00,25.1,64,10.2,848.0,1008.2
2017-06-16 12:00:00,25.5,62,12.2,858.0,1008.0
2017-06-16 13:00:00,25.6,61,13.7,887.0,1007.4
2017-06-16 14:00:00,25.0,63,13.4,729.0,1007.0
2017-06-16 15:00:00,24.2,62,13.2,388.0,1006.7
2017-06-16 16:00:00,23.5,59,11.9,250.0,1006.3
2017-06-16 17:00:00,22.8,61,12.3,220.0,1006.4
2017-06-16 18:00:00,21.6,68,11.5,184.0,1006.6
2017-06-16 19:00:00,20.3,76,6.5,45.0,1007.0
2017-06-16 20:00:00,20.3,76,8.6,0.0,1007.6
2017-06-16 21:00:00,19.6,81,6.5,0.0,1007.5
2017-06-16 22:00:00,18.7,86,6.1,0.0,1007.9
2017-06-16 23:00:00,17.9,89,7.2,0.0,1007.6
2017-06-17 00:00:00,17.3,91,7.4,0.0,1007.3
2017-06-17 01:00:00,17.2,91,5.8,0.0,1006.9
2017-06-17 02:00:00,16.7,94,6.5,0.0,1006.7
2017-06-17 03:00:00,17.1,94,6.1,0.0,1006.6
2017-06-17 04:00:00,17.2,91,5.8,0.0,1006.7
2017-06-17 05:00:00,17.1,91,6.1,0.0,1006.5
2017-06-17 06:00:00,19.3,81,5.0,48.0,1006.8
2017-06-17 07:00:00,20.2,79,5.0,132.0,1007.0
2017-06-17 08:00:00,21.2,76,6.6,302.0,1007.5
2017-06-17 09:00:00,22.7,74,7.1,593.0,1007.7
2017-06-17 10:00:00,24.2,69,7.7,808.0,1007.8
2017-06-17 11:00:00,25.4,64,9.2,810.0,1007.8
2017-06-17 12:00:00,26.2,63,9.5,843.0,1007.2
2017-06-17 13:00:00,26.5,63,12.1,781.0,1006.6
2017-06-17 14:00:00,26.3,61,13.0,645.0,1006.1
2017-06-17 15:00:00,26.7,55,11.6,738.0,1005.8
2017-06-17 16:00:00,26.4,55,11.7,617.0,1005.5
2017-06-17 17:00:00,25.7,61,11.9,443.0,1005.4
2017-06-17 18:00:00,24.4,72,11.2,207.0,1005.9
2017-06-17 19:00:00,22.7,77,10.5,42.0,1006.1
2017-06-17 20:00:00,21.9,81,8.6,0.0,1006.8
2017-06-17 21:00:00,22.0,84,9.4,0.0,1006.7
2017-06-17 22:00:00,21.7,88,6.9,0.0,1007.3
2017-06-17 23:00:00,21.4,87,7.6,0.0,1007.4
2017-06-18 00:00:00,20.4,91,5.4,0.0,1007.1
2017-06-18 01:00:00,19.6,93,6.2,0.0,1006.9
2017-06-18 02:00:00,19.1,94,6.0,0.0,1007.0
2017-06-18 03:00:00,19.1,94,5.5,0.0,1007.0
2017-06-18 04:00:00,19.1,93,6.1,0.0,1007.0
2017-06-18 05:00:00,18.7,94,6.3,0.0,1007.1
2017-06-18 06:00:00,19.9,91,7.6,51.0,1007.3
2017-06-18 07:00:00,20.8,89,6.4,133.0,1007.6
2017-06-18 08:00:00,23.2,77,7.9,246.0,1007.9
2017-06-18 09:00:00,24.7,69,10.2,544.0,1007.6
2017-06-18 10:00:00,25.7,64,11.2,657.0,1007.3
2017-06-18 11:00:00,26.7,60,13.2,811.0,1007.0
2017-06-18 12:00:00,27.6,55,17.3,837.0,1006.8
2017-06-18 13:00:00,28.3,52,18.4,704.0,1006.0
2017-06-18 14:00:00,29.1,49,13.8,674.0,1005.8
2017-06-18 15:00:00,28.9,51,9.5,426.0,1005.4
2017-06-18 16:00:00,28.3,58,15.3,410.0,1004.8
2017-06-18 17:00:00,27.0,64,13.8,193.0,1004.6
2017-06-18 18:00:00,26.1,67,13.6,129.0,1004.7
2017-06-18 19:00:00,24.8,70,11.2,45.0,1005.4
2017-06-18 20:00:00,24.3,74,10.0,0.0,1005.4
2017-06-18 21:00:00,24.2,74,10.7,0.0,1005.5
2017-06-18 22:00:00,23.4,78,10.7,0.0,1006.1
2017-06-18 23:00:00,23.2,79,12.0,0.0,1006.0
2017-06-19 00:00:00,22.5,83,8.7,0.0,1005.8
2017-06-19 01:00:00,21.9,87,8.4,0.0,1005.0
2017-06-19 02:00:00,21.8,88,6.8,0.0,1004.9
2017-06-19 03:00:00,21.7,89,7.9,0.0,1004.8
2017-06-19 04:00:00,21.3,92,5.6,0.0,1004.7
2017-06-19 05:00:00,21.1,94,4.9,0.0,1004.8
2017-06-19 06:00:00,21.4,94,6.4,13.0,1004.8
2017-06-19 07:00:00,22.0,92,6.9,65.0,1004.9
2017-06-19 08:00:00,22.7,90,4.2,102.0,1005.2
2017-06-19 09:00:00,23.1,89,3.1,154.0,1005.0
2017-06-19 10:00:00,23.5,87,4.0,180.0,1004.8
2017-06-19 11:00:00,23.3,89,3.5,88.0,1004.6
2017-06-19 12:00:00,23.3,89,1.8,100.0,1004.0
2017-06-19 13:00:00,23.9,87,4.3,206.0,1003.7
2017-06-19 14:00:00,23.7,89,4.9,145.0,1003.1
2017-06-19 15:00:00,23.3,92,7.1,75.0,1002.7
2017-06-19 16:00:00,23.3,91,4.0,66.0,1002.5
2017-06-19 17:00:00,23.3,92,3.1,52.0,1002.2
2017-06-19 18:00:00,23.1,95,2.3,23.0,1002.2
2017-06-19 19:00:00,22.7,97,2.5,5.0,1002.7
2017-06-19 20:00:00,22.7,96,2.6,0.0,1003.0
2017-06-19 21:00:00,22.8,96,3.2,0.0,1002.9
2017-06-19 22:00:00,22.5,97,3.4,0.0,1002.9
2017-06-19 23:00:00,22.6,97,4.2,0.0,1002.7
2017-06-20 00:00:00,22.5,96,4.0,0.0,1002.2
2017-06-20 01:00:00,22.2,96,3.7,0.0,1001.6
2017-06-20 02:00:00,22.1,96,3.9,0.0,1001.1
2017-06-20 03:00:00,22.0,96,4.0,0.0,1001.0
2017-06-20 04:00:00,22.0,94,5.1,0.0,1001.1
2017-06-20 05:00:00,21.9,95,3.6,0.0,1001.0
2017-06-20 06:00:00,22.3,94,4.7,15.0,1001.4
2017-06-20 07:00:00,22.9,93,4.0,74.0,1001.8
2017-06-20 08:00:00,24.5,86,5.0,390.0,1002.1
2017-06-20 09:00:00,25.7,80,11.3,410.0,1002.3
2017-06-20 10:00:00,26.7,74,9.9,487.0,1001.7
2017-06-20 11:00:00,27.7,69,8.1,564.0,1001.5
2017-06-20 12:00:00,28.4,68,8.6,736.0,1001.3
2017-06-20 13:00:00,28.4,70,7.0,680.0,1000.7
2017-06-20 14:00:00,28.5,68,5.1,713.0,1000.5
2017-06-20 15:00:00,28.7,67,3.6,587.0,1000.1
2017-06-20 16:00:00,28.0,70,4.8,441.0,1000.0
2017-06-20 17:00:00,27.7,72,1.8,292.0,999.9
2017-06-20 18:00:00,27.2,76,2.7,154.0,1000.3
2017-06-20 19:00:00,26.7,78,2.7,48.0,1000.9
2017-06-20 20:00:00,25.5,86,7.5,0.0,1001.6
2017-06-20 21:00:00,24.5,89,5.8,0.0,1001.9
2017-06-20 22:00:00,24.3,91,4.9,0.0,1002.3
2017-06-20 23:00:00,25.1,88,4.4,0.0,1002.3
2017-06-21 00:00:00,23.2,96,5.4,0.0,1002.3
2017-06-21 01:00:00,22.7,97,7.1,0.0,1002.1
2017-06-21 02:00:00,22.8,97,6.3,0.0,1002.0
2017-06-21 03:00:00,22.8,97,4.7,0.0,1002.0
2017-06-21 04:00:00,22.4,97,5.5,0.0,1001.8
2017-06-21 05:00:00,23.4,96,2.1,0.0,1002.2
2017-06-21 06:00:00,22.9,99,2.4,10.0,1002.7
2017-06-21 07:00:00,23.9,94,4.4,86.0,1003.1
2017-06-21 08:00:00,24.3,94,2.6,186.0,1003.9
2017-06-21 09:00:00,24.5,94,2.4,105.0,1004.2
2017-06-21 10:00:00,24.6,92,0.5,83.0,1004.5
2017-06-21 11:00:00,24.6,92,2.1,76.0,1004.9
2017-06-21 12:00:00,25.0,89,5.8,138.0,1004.7
2017-06-21 13:00:00,25.4,88,4.7,175.0,1004.1
2017-06-21 14:00:00,25.5,87,10.5,123.0,1003.5
2017-06-21 15:00:00,25.1,74,12.5,253.0,1003.6
2017-06-21 16:00:00,25.3,68,13.7,326.0,1003.6
2017-06-21 17:00:00,24.8,72,10.9,114.0,1003.2
2017-06-21 18:00:00,24.7,77,10.6,75.0,1003.3
2017-06-21 19:00:00,24.3,85,9.4,20.0,1003.7
2017-06-21 20:00:00,22.5,83,6.7,0.0,1003.8
2017-06-21 21:00:00,22.4,90,5.3,0.0,1004.0
2017-06-21 22:00:00,22.8,92,7.1,0.0,1004.0
2017-06-21 23:00:00,23.4,92,9.4,0.0,1004.0
2017-06-22 00:00:00,23.0,92,9.2,0.0,1003.7
2017-06-22 01:00:00,22.7,92,7.3,0.0,1003.7
2017-06-22 02:00:00,22.4,94,9.8,0.0,1003.1
2017-06-22 03:00:00,22.4,95,6.2,0.0,1003.6
2017-06-22 04:00:00,22.4,95,11.8,0.0,1003.0
2017-06-22 05:00:00,22.4,95,6.9,0.0,1003.5
2017-06-22 06:00:00,22.6,96,10.2,10.0,1003.7
2017-06-22 07:00:00,23.3,91,10.2,95.0,1004.5
2017-06-22 08:00:00,22.9,92,7.4,94.0,1004.0
2017-06-22 09:00:00,24.2,85,7.3,247.0,1004.5
2017-06-22 10:00:00,25.0,83,4.9,311.0,1004.7
2017-06-22 11:00:00,26.4,78,4.0,428.0,1004.7
2017-06-22 12:00:00,27.5,74,3.7,608.0,1004.0
2017-06-22 13:00:00,28.3,71,5.1,571.0,1003.1
2017-06-22 14:00:00,29.2,67,3.9,641.0,1002.9
2017-06-22 15:00:00,29.3,67,3.1,390.0,1002.7
2017-06-22 16:00:00,28.9,69,4.7,285.0,1002.4
2017-06-22 17:00:00,27.9,77,9.5,231.0,1002.5
2017-06-22 18:00:00,26.8,85,10.5,106.0,1003.1
2017-06-22 19:00:00,25.8,88,9.4,30.0,1003.4
2017-06-22 20:00:00,24.7,92,9.6,0.0,1004.4
2017-06-22 21:00:00,24.2,94,7.9,0.0,1004.8
2017-06-22 22:00:00,24.0,95,6.6,0.0,1005.1
2017-06-22 23:00:00,23.4,98,4.0,0.0,1005.5
2017-06-23 00:00:00,23.2,99,4.3,0.0,1005.1
2017-06-23 01:00:00,23.1,99,4.5,0.0,1004.8
2017-06-23 02:00:00,23.1,99,3.1,0.0,1004.2
2017-06-23 03:00:00,23.1,99,3.3,0.0,1004.2
2017-06-23 04:00:00,23.1,99,6.7,0.0,1004.3
2017-06-23 05:00:00,23.0,99,5.4,0.0,1004.2
2017-06-23 06:00:00,23.5,97,5.7,27.0,1004.6
2017-06-23 07:00:00,24.8,91,6.4,142.0,1005.0
2017-06-23 08:00:00,26.0,87,6.9,266.0,1004.8
2017-06-23 09:00:00,26.3,85,7.4,155.0,1004.8
2017-06-23 10:00:00,27.0,82,5.5,289.0,1004.6
2017-06-23 11:00:00,27.5,79,3.7,260.0,1004.6
2017-06-23 12:00:00,28.3,75,0.4,411.0,1004.4
2017-06-23 13:00:00,27.6,79,2.9,200.0,1004.5
2017-06-23 14:00:00,26.3,86,7.9,130.0,1003.3
2017-06-23 15:00:00,25.9,88,6.8,114.0,1003.5
2017-06-23 16:00:00,25.5,90,5.8,75.0,1003.1
2017-06-23 17:00:00,25.2,92,6.3,52.0,1002.6
2017-06-23 18:00:00,25.0,94,5.4,18.0,1002.3
2017-06-23 19:00:00,24.7,95,6.2,5.0,1002.3
2017-06-23 20:00:00,24.8,90,5.2,0.0,1002.2
2017-06-23 21:00:00,23.3,92,12.7,0.0,1003.0
2017-06-23 22:00:00,23.0,93,3.4,0.0,1003.0
2017-06-23 23:00:00,22.9,93,3.6,0.0,1002.6
2017-06-24 00:00:00,22.5,94,6.0,0.0,1002.1
2017-06-24 01:00:00,22.6,93,5.3,0.0,1001.4
2017-06-24 02:00:00,22.8,94,3.4,0.0,1000.7
2017-06-24 03:00:00,22.6,94,4.1,0.0,1000.3
2017-06-24 04:00:00,22.4,95,4.4,0.0,999.5
2017-06-24 05:00:00,22.2,94,12.5,0.0,1000.6
2017-06-24 06:00:00,22.4,94,5.6,6.0,1000.6
2017-06-24 07:00:00,22.4,95,4.0,13.0,1001.3
2017-06-24 08:00:00,23.3,97,4.3,155.0,1000.7
2017-06-24 09:00:00,24.1,95,4.7,106.0,1000.2
2017-06-24 10:00:00,24.3,95,8.3,108.0,999.4
2017-06-24 11:00:00,24.6,95,7.2,95.0,999.4
2017-06-24 12:00:00,24.8,95,10.3,105.0,999.6
2017-06-24 13:00:00,25.0,94,1.5,116.0,999.6
2017-06-24 14:00:00,24.6,94,9.0,59.0,999.8
2017-06-24 15:00:00,24.4,94,6.1,54.0,999.9
2017-06-24 16:00:00,24.7,90,2.1,69.0,999.2
2017-06-24 17:00:00,24.8,91,3.6,70.0,999.4
2017-06-24 18:00:00,24.4,93,8.0,32.0,999.9
2017-06-24 19:00:00,24.0,94,4.7,9.0,1000.4
2017-06-24 20:00:00,24.8,92,8.2,0.0,1001.4
2017-06-24 21:00:00,24.6,92,6.5,0.0,1001.4
2017-06-24 22:00:00,24.4,92,7.5,0.0,1001.8
2017-06-24 23:00:00,24.2,91,6.9,0.0,1001.8
2017-06-25 00:00:00,23.9,89,10.2,0.0,1001.6
2017-06-25 01:00:00,23.4,87,9.9,0.0,1001.2
2017-06-25 02:00:00,23.0,90,8.4,0.0,1001.0
2017-06-25 03:00:00,22.7,90,6.8,0.0,1000.9
2017-06-25 04:00:00,22.9,89,7.1,0.0,1000.8
2017-06-25 05:00:00,22.8,91,8.7,0.0,1000.8
2017-06-25 06:00:00,22.7,91,6.6,4.0,1000.9
2017-06-25 07:00:00,23.4,88,5.6,54.0,1001.0
2017-06-25 08:00:00,22.6,88,8.6,32.0,1002.1
2017-06-25 09:00:00,22.8,89,10.8,56.0,1002.4
2017-06-25 10:00:00,23.1,87,10.5,99.0,1002.7
2017-06-25 11:00:00,23.6,84,8.4,147.0,1002.8
2017-06-25 12:00:00,23.6,88,11.1,114.0,1003.0
2017-06-25 13:00:00,23.9,88,9.0,121.0,1002.6
2017-06-25 14:00:00,24.1,88,9.9,144.0,1002.5
2017-06-25 15:00:00,23.8,89,11.2,93.0,1002.4
2017-06-25 16:00:00,23.8,90,10.2,91.0,1002.0
2017-06-25 17:00:00,23.5,91,7.4,46.0,1001.9
2017-06-25 18:00:00,23.3,90,9.3,28.0,1002.4
2017-06-25 19:00:00,23.1,87,10.5,8.0,1002.8
2017-06-25 20:00:00,22.5,90,12.2,0.0,1003.4
2017-06-25 21:00:00,22.3,90,5.9,0.0,1003.7
2017-06-25 22:00:00,21.3,93,5.8,0.0,1004.0
2017-06-25 23:00:00,21.2,92,5.5,0.0,1004.4
2017-06-26 00:00:00,21.1,91,5.5,0.0,1004.4
2017-06-26 01:00:00,20.3,93,7.0,0.0,1004.3
2017-06-26 02:00:00,21.0,92,5.7,0.0,1004.3
2017-06-26 03:00:00,21.4,90,6.2,0.0,1004.4
2017-06-26 04:00:00,21.3,91,5.0,0.0,1004.4
2017-06-26 05:00:00,21.3,91,4.9,0.0,1004.7
2017-06-26 06:00:00,21.6,90,6.1,7.0,1005.2
2017-06-26 07:00:00,22.4,88,5.4,48.0,1005.2
2017-06-26 08:00:00,23.2,85,7.5,134.0,1005.9
2017-06-26 09:00:00,23.8,84,7.9,170.0,1005.9
2017-06-26 10:00:00,25.6,78,9.0,497.0,1005.5
2017-06-26 11:00:00,27.0,75,8.2,730.0,1005.7
2017-06-26 12:00:00,27.9,72,8.2,809.0,1005.9
2017-06-26 13:00:00,28.2,71,7.7,680.0,1005.0
2017-06-26 14:00:00,27.9,72,7.9,566.0,1004.7
2017-06-26 15:00:00,27.7,69,12.4,359.0,1004.6
2017-06-26 16:00:00,27.9,69,10.6,428.0,1004.5
2017-06-26 17:00:00,27.2,73,9.0,246.0,1004.4
2017-06-26 18:00:00,26.6,79,5.5,151.0,1004.9
2017-06-26 19:00:00,25.0,87,5.1,34.0,1005.5
2017-06-26 20:00:00,24.5,85,6.6,0.0,1005.7
2017-06-26 21:00:00,24.1,86,8.4,0.0,1005.8
2017-06-26 22:00:00,23.8,86,10.4,0.0,1006.3
2017-06-26 23:00:00,23.5,85,12.0,0.0,1006.9
2017-06-27 00:00:00,23.2,86,10.5,0.0,1006.7
2017-06-27 01:00:00,23.0,87,10.0,0.0,1006.7
2017-06-27 02:00:00,22.6,90,6.9,0.0,1006.7
2017-06-27 03:00:00,22.0,93,4.6,0.0,1006.6
2017-06-27 04:00:00,22.1,93,5.0,0.0,1006.8
2017-06-27 05:00:00,22.1,93,5.1,0.0,1006.8
2017-06-27 06:00:00,22.6,92,7.9,28.0,1007.2
2017-06-27 07:00:00,23.8,89,6.9,170.0,1007.4
2017-06-27 08:00:00,24.3,87,9.4,317.0,1008.5
2017-06-27 09:00:00,25.0,84,6.4,295.0,1007.9
2017-06-27 10:00:00,25.4,83,6.8,294.0,1007.8
2017-06-27 11:00:00,26.9,76,7.3,678.0,1007.7
2017-06-27 12:00:00,27.6,67,11.2,751.0,1007.6
2017-06-27 13:00:00,27.8,71,9.1,802.0,1007.5
2017-06-27 14:00:00,28.3,67,5.9,612.0,1007.0
2017-06-27 15:00:00,26.9,72,10.1,377.0,1007.1
2017-06-27 16:00:00,26.7,74,10.6,278.0,1006.8
2017-06-27 17:00:00,26.8,74,7.2,230.0,1006.7
2017-06-27 18:00:00,26.3,80,5.8,117.0,1007.0
2017-06-27 19:00:00,25.2,84,6.9,45.0,1007.3
2017-06-27 20:00:00,24.9,86,6.8,0.0,1007.5
2017-06-27 21:00:00,23.8,91,5.4,0.0,1008.0
2017-06-27 22:00:00,23.2,94,5.1,0.0,1008.2
2017-06-27 23:00:00,22.7,95,5.4,0.0,1008.4
2017-06-28 00:00:00,22.2,95,5.0,0.0,1008.4
2017-06-28 01:00:00,22.0,95,6.3,0.0,1008.2
2017-06-28 02:00:00,21.8,94,5.3,0.0,1007.8
2017-06-28 03:00:00,21.7,94,4.9,0.0,1007.8
2017-06-28 04:00:00,21.5,95,4.4,0.0,1007.9
2017-06-28 05:00:00,21.5,95,4.7,0.0,1007.9
2017-06-28 06:00:00,22.1,93,4.8,18.0,1008.2
2017-06-28 07:00:00,22.9,89,6.5,77.0,1008.7
2017-06-28 08:00:00,23.0,89,6.3,63.0,1009.1
2017-06-28 09:00:00,23.3,85,7.3,112.0,1008.9
2017-06-28 10:00:00,23.8,83,7.5,181.0,1009.0
2017-06-28 11:00:00,23.6,85,5.2,87.0,1009.5
2017-06-28 12:00:00,24.3,81,6.4,188.0,1009.9
2017-06-28 13:00:00,24.7,79,5.1,170.0,1009.6
2017-06-28 14:00:00,25.0,77,5.9,192.0,1009.2
2017-06-28 15:00:00,25.3,76,6.6,219.0,1008.7
2017-06-28 16:00:00,25.0,77,8.2,187.0,1008.1
2017-06-28 17:00:00,24.5,83,9.6,102.0,1007.9
2017-06-28 18:00:00,23.9,87,8.3,29.0,1007.9
2017-06-28 19:00:00,23.3,91,6.1,11.0,1007.8
2017-06-28 20:00:00,22.9,91,4.8,0.0,1008.5
2017-06-28 21:00:00,22.9,93,7.0,0.0,1008.4
2017-06-28 22:00:00,22.9,92,6.2,0.0,1008.6
2017-06-28 23:00:00,22.7,93,4.9,0.0,1008.5
2017-06-29 00:00:00,22.5,95,2.6,0.0,1008.1
2017-06-29 01:00:00,22.1,96,3.7,0.0,1007.8
2017-06-29 02:00:00,22.1,96,4.3,0.0,1007.3
2017-06-29 03:00:00,22.1,94,5.6,0.0,1007.1
2017-06-29 04:00:00,21.8,94,3.6,0.0,1007.1
2017-06-29 05:00:00,22.0,93,4.4,0.0,1006.8
2017-06-29 06:00:00,22.3,94,5.9,30.0,1007.1
2017-06-29 07:00:00,22.6,93,4.1,39.0,1008.2
2017-06-29 08:00:00,23.1,90,2.7,14.0,1008.6
2017-06-29 09:00:00,24.3,85,4.7,247.0,1009.1
2017-06-29 10:00:00,26.5,76,5.8,579.0,1008.6
2017-06-29 11:00:00,27.4,71,8.7,563.0,1008.3
2017-06-29 12:00:00,27.5,72,8.7,477.0,1008.4
2017-06-29 13:00:00,27.0,77,9.5,253.0,1007.9
2017-06-29 14:00:00,27.8,73,6.9,589.0,1007.2
2017-06-29 15:00:00,28.4,69,4.1,491.0,1006.7
2017-06-29 16:00:00,29.0,68,2.2,491.0,1006.0
2017-06-29 17:00:00,28.0,75,9.0,290.0,1006.4
2017-06-29 18:00:00,26.4,87,4.8,73.0,1006.1
2017-06-29 19:00:00,26.3,86,2.9,22.0,1006.0
2017-06-29 20:00:00,24.9,94,5.4,0.0,1006.7
2017-06-29 21:00:00,24.7,94,4.3,0.0,1007.1
2017-06-29 22:00:00,24.6,94,4.8,0.0,1007.0
2017-06-29 23:00:00,24.4,93,6.4,0.0,1007.0
2017-06-30 00:00:00,24.1,92,7.6,0.0,1006.7
2017-06-30 01:00:00,23.8,93,6.4,0.0,1006.3
2017-06-30 02:00:00,23.4,94,5.6,0.0,1006.2
2017-06-30 03:00:00,23.6,94,5.9,0.0,1006.2
2017-06-30 04:00:00,23.3,95,5.2,0.0,1006.1
2017-06-30 05:00:00,23.4,95,5.1,0.0,1006.4
2017-06-30 06:00:00,24.4,93,5.7,42.0,1006.7
2017-06-30 07:00:00,25.5,90,3.1,194.0,1006.7
2017-06-30 08:00:00,27.0,85,5.9,384.0,1006.8
2017-06-30 09:00:00,28.3,80,4.6,573.0,1006.5
2017-06-30 10:00:00,29.4,75,3.6,727.0,1006.4
2017-06-30 11:00:00,30.1,73,4.1,768.0,1006.2
2017-06-30 12:00:00,30.8,68,3.7,841.0,1005.8
2017-06-30 13:00:00,29.8,69,10.1,555.0,1006.0
2017-06-30 14:00:00,28.9,75,3.0,278.0,1005.5
2017-06-30 15:00:00,29.5,73,3.1,433.0,1004.8
2017-06-30 16:00:00,29.1,76,3.7,210.0,1004.3
2017-06-30 17:00:00,28.8,80,6.0,145.0,1004.2
2017-06-30 18:00:00,28.2,85,6.1,58.0,1004.4
2017-06-30 19:00:00,27.6,87,6.7,32.0,1004.5
2017-06-30 20:00:00,26.9,93,5.0,0.0,1004.6
2017-06-30 21:00:00,26.7,91,5.4,0.0,1004.6
2017-06-30 22:00:00,25.9,93,5.5,0.0,1004.9
2017-06-30 23:00:00,25.7,94,4.3,0.0,1004.7
2017-07-01 00:00:00,25.3,96,4.7,0.0,1004.3
2017-07-01 01:00:00,25.1,97,4.3,0.0,1003.8
2017-07-01 02:00:00,24.4,99,5.0,0.0,1003.4
2017-07-01 03:00:00,24.4,99,4.6,0.0,1003.5
2017-07-01 04:00:00,24.6,99,3.9,0.0,1003.2
2017-07-01 05:00:00,24.8,100,3.2,0.0,1003.5
2017-07-01 06:00:00,25.2,99,2.1,31.0,1003.6
2017-07-01 07:00:00,26.5,94,4.6,139.0,1003.7
2017-07-01 08:00:00,27.3,88,3.3,301.0,1004.1
2017-07-01 09:00:00,28.9,82,1.0,525.0,1004.1
2017-07-01 10:00:00,30.3,75,2.3,663.0,1003.5
2017-07-01 11:00:00,31.0,75,2.6,727.0,1003.4
2017-07-01 12:00:00,31.7,73,4.3,827.0,1003.2
2017-07-01 13:00:00,29.0,82,10.6,403.0,1003.0
2017-07-01 14:00:00,28.5,83,9.2,269.0,1003.1
2017-07-01 15:00:00,28.7,83,3.9,319.0,1003.1
2017-07-01 16:00:00,28.7,84,6.1,307.0,1002.7
2017-07-01 17:00:00,28.4,85,8.7,184.0,1002.7
2017-07-01 18:00:00,28.2,86,8.1,124.0,1003.0
2017-07-01 19:00:00,27.2,91,4.5,22.0,1003.2
2017-07-01 20:00:00,26.7,92,4.3,0.0,1004.0
2017-07-01 21:00:00,26.7,92,7.1,0.0,1004.1
2017-07-01 22:00:00,26.5,90,9.4,0.0,1004.5
2017-07-01 23:00:00,26.1,89,8.5,0.0,1004.0
2017-07-02 00:00:00,25.9,89,6.9,0.0,1003.5
2017-07-02 01:00:00,25.7,91,5.8,0.0,1002.9
2017-07-02 02:00:00,25.6,91,5.1,0.0,1002.7
2017-07-02 03:00:00,25.3,93,4.7,0.0,1002.8
2017-07-02 04:00:00,25.3,92,5.5,0.0,1002.6
2017-07-02 05:00:00,25.0,93,5.2,0.0,1002.5
2017-07-02 06:00:00,26.3,89,9.0,36.0,1002.8
2017-07-02 07:00:00,27.4,85,11.3,135.0,1003.3
2017-07-02 08:00:00,27.8,84,10.5,203.0,1003.5
2017-07-02 09:00:00,28.0,84,11.3,157.0,1003.6
2017-07-02 10:00:00,28.7,80,9.8,229.0,1003.7
2017-07-02 11:00:00,29.3,78,8.5,277.0,1003.9
2017-07-02 12:00:00,31.0,73,8.3,634.0,1003.7
2017-07-02 13:00:00,31.3,71,9.8,594.0,1003.0
2017-07-02 14:00:00,29.5,76,13.1,503.0,1002.7
2017-07-02 15:00:00,30.4,73,7.7,557.0,1002.2
2017-07-02 16:00:00,31.1,72,8.0,373.0,1002.2
2017-07-02 17:00:00,30.7,79,7.2,155.0,1002.4
2017-07-02 18:00:00,29.9,82,7.8,80.0,1003.2
2017-07-02 19:00:00,28.4,87,5.0,28.0,1003.7
2017-07-02 20:00:00,27.0,92,5.4,0.0,1004.4
2017-07-02 21:00:00,26.3,88,9.5,0.0,1005.1
2017-07-02 22:00:00,25.9,86,9.7,0.0,1005.3
2017-07-02 23:00:00,26.0,86,9.7,0.0,1005.2
2017-07-03 00:00:00,25.9,86,8.4,0.0,1005.1
2017-07-03 01:00:00,25.8,86,7.1,0.0,1004.6
2017-07-03 02:00:00,25.3,90,5.8,0.0,1004.4
2017-07-03 03:00:00,25.1,92,4.4,0.0,1004.6
2017-07-03 04:00:00,24.9,94,4.3,0.0,1004.5
2017-07-03 05:00:00,24.8,94,4.0,0.0,1004.3
2017-07-03 06:00:00,25.6,92,4.9,25.0,1004.8
2017-07-03 07:00:00,26.6,87,4.5,184.0,1005.3
2017-07-03 08:00:00,27.4,85,6.8,330.0,1004.9
2017-07-03 09:00:00,28.0,84,5.1,310.0,1004.9
2017-07-03 10:00:00,29.6,78,6.5,594.0,1004.9
2017-07-03 11:00:00,30.8,73,8.3,740.0,1005.2
2017-07-03 12:00:00,31.5,68,4.3,720.0,1003.6
2017-07-03 13:00:00,30.4,72,10.2,677.0,1004.0
2017-07-03 14:00:00,28.0,80,6.1,259.0,1003.7
2017-07-03 15:00:00,29.2,77,7.6,464.0,1003.4
2017-07-03 16:00:00,29.8,75,2.5,414.0,1003.1
2017-07-03 17:00:00,29.4,78,8.9,259.0,1003.3
2017-07-03 18:00:00,28.3,86,2.8,77.0,1004.0
2017-07-03 19:00:00,26.7,94,9.0,33.0,1004.3
2017-07-03 20:00:00,27.0,92,8.3,0.0,1004.7
2017-07-03 21:00:00,27.2,89,10.5,0.0,1004.4
2017-07-03 22:00:00,27.2,88,10.8,0.0,1004.4
2017-07-03 23:00:00,27.1,88,10.1,0.0,1004.7
2017-07-04 00:00:00,26.9,89,8.9,0.0,1004.5
2017-07-04 01:00:00,26.7,88,8.8,0.0,1004.3
2017-07-04 02:00:00,26.4,88,8.8,0.0,1004.1
2017-07-04 03:00:00,26.3,87,8.1,0.0,1004.2
2017-07-04 04:00:00,26.0,90,4.8,0.0,1004.4
2017-07-04 05:00:00,25.7,92,4.7,0.0,1004.6
2017-07-04 06:00:00,26.2,93,4.1,19.0,1005.3
2017-07-04 07:00:00,27.2,89,5.8,138.0,1006.0
2017-07-04 08:00:00,27.2,85,6.6,187.0,1006.7
2017-07-04 09:00:00,26.9,89,6.9,66.0,1006.9
2017-07-04 10:00:00,27.5,85,5.0,144.0,1007.1
2017-07-04 11:00:00,28.6,81,6.1,335.0,1007.0
2017-07-04 12:00:00,28.9,82,10.0,305.0,1006.6
2017-07-04 13:00:00,30.8,73,11.9,849.0,1005.5
2017-07-04 14:00:00,31.6,67,9.2,855.0,1004.9
2017-07-04 15:00:00,29.4,78,6.5,187.0,1005.0
2017-07-04 16:00:00,30.1,76,8.7,378.0,1005.0
2017-07-04 17:00:00,29.2,81,7.3,192.0,1005.3
2017-07-04 18:00:00,28.8,83,6.6,71.0,1005.2
2017-07-04 19:00:00,27.7,88,4.9,29.0,1005.4
2017-07-04 20:00:00,27.0,93,5.2,0.0,1005.9
2017-07-04 21:00:00,27.2,92,4.7,0.0,1006.4
2017-07-04 22:00:00,27.0,93,4.7,0.0,1006.3
2017-07-04 23:00:00,26.8,92,5.4,0.0,1006.6
2017-07-05 00:00:00,26.2,93,4.6,0.0,1006.5
2017-07-05 01:00:00,25.9,92,5.0,0.0,1006.2
2017-07-05 02:00:00,25.7,91,5.1,0.0,1006.0
2017-07-05 03:00:00,25.4,92,4.8,0.0,1006.2
2017-07-05 04:00:00,25.3,93,4.8,0.0,1006.5
2017-07-05 05:00:00,25.4,93,5.0,0.0,1006.8
2017-07-05 06:00:00,26.2,90,6.5,33.0,1007.2
2017-07-05 07:00:00,27.3,87,6.0,148.0,1007.5
2017-07-05 08:00:00,29.1,80,6.7,316.0,1008.3
2017-07-05 09:00:00,29.9,77,6.2,382.0,1008.5
2017-07-05 10:00:00,31.0,73,5.2,591.0,1008.3
2017-07-05 11:00:00,31.1,70,6.2,724.0,1008.5
2017-07-05 12:00:00,30.2,74,3.7,426.0,1008.3
2017-07-05 13:00:00,29.9,78,7.5,518.0,1007.5
2017-07-05 14:00:00,31.0,77,10.0,798.0,1007.4
2017-07-05 15:00:00,30.7,77,5.8,505.0,1007.2
2017-07-05 16:00:00,30.7,77,8.8,306.0,1006.2
2017-07-05 17:00:00,30.8,77,8.3,257.0,1006.5
2017-07-05 18:00:00,30.1,82,6.6,131.0,1006.8
2017-07-05 19:00:00,28.9,87,6.6,28.0,1007.1
2017-07-05 20:00:00,27.4,92,6.6,0.0,1007.8
2017-07-05 21:00:00,26.6,96,4.3,0.0,1008.2
2017-07-05 22:00:00,26.9,96,6.8,0.0,1008.2
2017-07-05 23:00:00,26.6,95,7.1,0.0,1007.9
2017-07-06 00:00:00,26.1,96,4.3,0.0,1007.8
2017-07-06 01:00:00,26.2,96,5.2,0.0,1007.3
2017-07-06 02:00:00,26.0,95,4.8,0.0,1006.8
2017-07-06 03:00:00,25.7,95,4.6,0.0,1006.7
2017-07-06 04:00:00,25.6,95,4.9,0.0,1006.5
2017-07-06 05:00:00,25.3,96,4.2,0.0,1006.6
2017-07-06 06:00:00,26.1,94,6.2,36.0,1006.9
2017-07-06 07:00:00,27.5,89,5.2,175.0,1007.5
2017-07-06 08:00:00,29.4,81,8.6,381.0,1007.7
2017-07-06 09:00:00,30.7,76,8.9,494.0,1007.9
2017-07-06 10:00:00,31.6,72,9.4,535.0,1007.7
2017-07-06 11:00:00,32.4,69,9.4,543.0,1007.3
2017-07-06 12:00:00,31.5,71,13.2,768.0,1007.2
2017-07-06 13:00:00,31.4,73,9.4,516.0,1006.2
2017-07-06 14:00:00,31.5,74,8.3,454.0,1005.4
2017-07-06 15:00:00,32.0,71,8.9,503.0,1005.3
2017-07-06 16:00:00,31.8,72,9.0,371.0,1004.8
2017-07-06 17:00:00,31.4,77,8.9,207.0,1004.8
2017-07-06 18:00:00,30.6,81,8.4,128.0,1004.4
2017-07-06 19:00:00,29.5,86,7.6,38.0,1005.1
2017-07-06 20:00:00,28.6,84,5.9,0.0,1005.3
2017-07-06 21:00:00,28.9,82,7.2,0.0,1004.9
2017-07-06 22:00:00,28.8,80,7.9,0.0,1005.6
2017-07-06 23:00:00,28.3,82,7.1,0.0,1005.4
2017-07-07 00:00:00,27.9,84,6.5,0.0,1005.0
2017-07-07 01:00:00,27.8,84,7.3,0.0,1004.5
2017-07-07 02:00:00,27.6,86,7.1,0.0,1003.7
2017-07-07 03:00:00,26.8,90,5.4,0.0,1003.7
2017-07-07 04:00:00,26.5,92,5.8,0.0,1003.6
2017-07-07 05:00:00,26.4,92,7.2,0.0,1003.8
2017-07-07 06:00:00,27.3,88,9.9,38.0,1004.3
2017-07-07 07:00:00,28.5,83,10.0,177.0,1004.8
2017-07-07 08:00:00,30.4,76,11.2,378.0,1005.2
2017-07-07 09:00:00,31.7,71,12.4,537.0,1005.5
2017-07-07 10:00:00,32.7,65,13.5,659.0,1005.6
2017-07-07 11:00:00,32.9,63,13.5,599.0,1005.7
2017-07-07 12:00:00,33.2,63,14.5,619.0,1005.2
2017-07-07 13:00:00,33.4,62,14.0,676.0,1004.8
2017-07-07 14:00:00,33.5,61,13.2,634.0,1004.3
2017-07-07 15:00:00,33.4,62,11.3,587.0,1004.1
2017-07-07 16:00:00,33.4,62,9.6,447.0,1003.7
2017-07-07 17:00:00,32.8,68,8.3,299.0,1003.7
2017-07-07 18:00:00,31.6,76,8.4,168.0,1004.0
2017-07-07 19:00:00,30.1,81,6.2,28.0,1004.5
2017-07-07 20:00:00,28.6,85,7.7,0.0,1005.1
2017-07-07 21:00:00,28.5,85,7.3,0.0,1005.1
2017-07-07 22:00:00,28.3,84,7.2,0.0,1005.5
2017-07-07 23:00:00,28.3,84,8.0,0.0,1005.5
2017-07-08 00:00:00,28.1,84,7.1,0.0,1005.0
2017-07-08 01:00:00,27.7,86,5.8,0.0,1004.7
2017-07-08 02:00:00,27.4,88,5.4,0.0,1004.3
2017-07-08 03:00:00,26.9,90,5.8,0.0,1004.2
2017-07-08 04:00:00,26.5,93,5.7,0.0,1004.3
2017-07-08 05:00:00,26.3,93,5.4,0.0,1004.4
2017-07-08 06:00:00,27.7,88,7.1,37.0,1004.9
2017-07-08 07:00:00,29.1,81,7.9,190.0,1005.5
2017-07-08 08:00:00,30.9,73,10.8,371.0,1006.1
2017-07-08 09:00:00,31.8,69,11.5,519.0,1005.7
2017-07-08 10:00:00,32.6,64,12.3,668.0,1005.5
2017-07-08 11:00:00,32.8,63,12.3,714.0,1005.8
2017-07-08 12:00:00,32.7,64,13.0,740.0,1005.3
2017-07-08 13:00:00,32.6,65,11.3,612.0,1005.0
2017-07-08 14:00:00,32.5,65,10.9,640.0,1004.4
2017-07-08 15:00:00,31.6,69,6.5,347.0,1004.1
2017-07-08 16:00:00,32.0,69,10.1,415.0,1003.8
2017-07-08 17:00:00,31.6,72,10.6,285.0,1003.5
2017-07-08 18:00:00,30.7,79,8.3,130.0,1003.4
2017-07-08 19:00:00,29.8,81,8.3,34.0,1004.0
2017-07-08 20:00:00,29.0,84,5.9,0.0,1004.7
2017-07-08 21:00:00,28.9,83,5.1,0.0,1005.0
2017-07-08 22:00:00,28.8,82,10.9,0.0,1005.3
2017-07-08 23:00:00,28.7,79,9.9,0.0,1005.3
2017-07-09 00:00:00,28.2,82,7.4,0.0,1005.2
2017-07-09 01:00:00,27.8,84,5.9,0.0,1004.6
2017-07-09 02:00:00,27.4,87,4.6,0.0,1004.4
2017-07-09 03:00:00,27.2,89,4.1,0.0,1004.2
2017-07-09 04:00:00,27.3,89,6.8,0.0,1004.1
2017-07-09 05:00:00,26.6,92,4.7,0.0,1004.3
2017-07-09 06:00:00,27.3,91,6.3,25.0,1004.5
2017-07-09 07:00:00,28.1,87,7.3,117.0,1004.8
2017-07-09 08:00:00,29.8,75,10.4,318.0,1004.8
2017-07-09 09:00:00,30.8,70,12.4,409.0,1004.7
2017-07-09 10:00:00,31.1,68,13.8,365.0,1004.7
2017-07-09 11:00:00,31.5,61,18.3,490.0,1004.7
2017-07-09 12:00:00,31.4,63,19.9,523.0,1004.1
2017-07-09 13:00:00,31.0,66,12.8,342.0,1003.4
2017-07-09 14:00:00,31.4,67,9.3,270.0,1002.7
2017-07-09 15:00:00,32.7,60,8.7,390.0,1002.0
2017-07-09 16:00:00,32.6,63,10.9,328.0,1001.4
2017-07-09 17:00:00,31.0,67,14.0,183.0,1001.5
2017-07-09 18:00:00,29.6,77,5.2,40.0,1001.5
2017-07-09 19:00:00,29.1,80,5.0,14.0,1001.8
2017-07-09 20:00:00,29.1,81,8.4,0.0,1002.5
2017-07-09 21:00:00,28.8,83,7.6,0.0,1002.4
2017-07-09 22:00:00,28.5,85,7.8,0.0,1002.0
2017-07-09 23:00:00,28.7,83,9.0,0.0,1001.7
2017-07-10 00:00:00,28.6,82,8.6,0.0,1001.1
2017-07-10 01:00:00,28.3,83,7.6,0.0,1000.6
2017-07-10 02:00:00,28.0,83,7.6,0.0,1000.1
2017-07-10 03:00:00,27.7,84,7.2,0.0,999.8
2017-07-10 04:00:00,27.7,83,7.0,0.0,1000.0
2017-07-10 05:00:00,27.5,81,7.2,0.0,1000.4
2017-07-10 06:00:00,27.9,79,9.6,12.0,1000.6
2017-07-10 07:00:00,29.0,76,13.2,138.0,1001.0
2017-07-10 08:00:00,30.8,72,11.2,307.0,1001.1
2017-07-10 09:00:00,31.8,65,15.8,485.0,1001.1
2017-07-10 10:00:00,31.7,64,20.2,481.0,1001.6
2017-07-10 11:00:00,32.1,62,21.3,531.0,1001.7
2017-07-10 12:00:00,31.7,64,19.9,725.0,1002.1
2017-07-10 13:00:00,31.4,67,13.0,662.0,1002.3
2017-07-10 14:00:00,29.2,80,8.1,569.0,1003.0
2017-07-10 15:00:00,28.9,82,6.3,259.0,1002.9
2017-07-10 16:00:00,28.5,85,6.2,200.0,1002.6
2017-07-10 17:00:00,28.2,88,6.8,58.0,1002.8
2017-07-10 18:00:00,28.0,87,8.6,69.0,1003.1
2017-07-10 19:00:00,27.2,88,9.0,23.0,1003.6
2017-07-10 20:00:00,26.4,85,11.3,0.0,1004.1
2017-07-10 21:00:00,26.2,83,11.3,0.0,1004.8
2017-07-10 22:00:00,25.8,89,8.1,0.0,1005.3
2017-07-10 23:00:00,25.9,89,8.4,0.0,1005.5
2017-07-11 00:00:00,25.7,90,6.9,0.0,1005.4
2017-07-11 01:00:00,25.3,91,6.5,0.0,1005.3
2017-07-11 02:00:00,25.0,91,6.4,0.0,1005.3
2017-07-11 03:00:00,25.3,88,9.4,0.0,1005.5
2017-07-11 04:00:00,25.2,88,10.0,0.0,1005.3
2017-07-11 05:00:00,25.1,89,10.2,0.0,1005.5
2017-07-11 06:00:00,25.3,89,10.9,15.0,1006.0
2017-07-11 07:00:00,26.4,86,10.1,127.0,1006.5
2017-07-11 08:00:00,28.1,80,7.1,242.0,1007.0
2017-07-11 09:00:00,29.0,77,8.4,455.0,1007.2
2017-07-11 10:00:00,29.9,75,9.3,594.0,1007.2
2017-07-11 11:00:00,30.1,74,9.2,485.0,1007.2
2017-07-11 12:00:00,31.5,72,9.8,835.0,1006.8
2017-07-11 13:00:00,31.8,73,11.8,771.0,1006.9
2017-07-11 14:00:00,28.7,80,7.9,381.0,1007.0
2017-07-11 15:00:00,29.3,79,5.4,306.0,1006.6
2017-07-11 16:00:00,30.8,75,6.9,458.0,1006.3
2017-07-11 17:00:00,31.0,74,7.1,294.0,1006.0
2017-07-11 18:00:00,30.1,83,3.8,77.0,1005.9
2017-07-11 19:00:00,28.7,89,6.0,45.0,1006.4
2017-07-11 20:00:00,27.8,81,7.5,0.0,1006.8
2017-07-11 21:00:00,27.2,85,5.2,0.0,1007.0
2017-07-11 22:00:00,27.0,86,5.2,0.0,1007.6
2017-07-11 23:00:00,26.8,88,5.7,0.0,1008.1
2017-07-12 00:00:00,26.9,88,5.2,0.0,1007.9
2017-07-12 01:00:00,26.6,89,5.4,0.0,1007.7
2017-07-12 02:00:00,26.5,90,5.1,0.0,1007.6
2017-07-12 03:00:00,26.3,92,5.5,0.0,1007.7
2017-07-12 04:00:00,26.3,92,6.1,0.0,1008.0
2017-07-12 05:00:00,26.3,91,6.2,0.0,1008.1
2017-07-12 06:00:00,27.3,88,7.1,24.0,1008.3
2017-07-12 07:00:00,28.5,85,8.7,118.0,1008.5
2017-07-12 08:00:00,29.8,81,9.2,305.0,1008.8
2017-07-12 09:00:00,31.4,76,7.9,519.0,1008.4
2017-07-12 10:00:00,32.7,71,7.7,685.0,1008.4
2017-07-12 11:00:00,33.8,65,8.4,837.0,1008.3
2017-07-12 12:00:00,34.6,59,8.1,883.0,1007.9
2017-07-12 13:00:00,35.2,57,7.0,892.0,1007.3
2017-07-12 14:00:00,35.3,57,7.2,818.0,1006.5
2017-07-12 15:00:00,33.8,62,13.0,692.0,1006.4
2017-07-12 16:00:00,33.4,65,9.1,409.0,1006.3
2017-07-12 17:00:00,32.5,74,8.1,332.0,1006.2
2017-07-12 18:00:00,31.8,81,5.2,158.0,1006.2
2017-07-12 19:00:00,30.3,86,5.4,42.0,1006.2
2017-07-12 20:00:00,29.2,81,10.0,0.0,1006.6
2017-07-12 21:00:00,28.7,79,10.9,0.0,1006.4
2017-07-12 22:00:00,28.0,82,6.7,0.0,1006.8
2017-07-12 23:00:00,27.6,84,7.1,0.0,1006.6
2017-07-13 00:00:00,27.5,83,8.8,0.0,1006.2
2017-07-13 01:00:00,27.2,84,8.1,0.0,1005.6
2017-07-13 02:00:00,26.9,86,7.1,0.0,1005.5
2017-07-13 03:00:00,26.4,89,5.4,0.0,1005.8
2017-07-13 04:00:00,26.5,90,5.6,0.0,1005.9
2017-07-13 05:00:00,26.4,91,6.0,0.0,1006.2
2017-07-13 06:00:00,27.2,88,7.7,27.0,1006.3
2017-07-13 07:00:00,28.6,83,7.4,160.0,1006.4
2017-07-13 08:00:00,30.3,77,8.4,352.0,1006.9
2017-07-13 09:00:00,31.7,73,7.4,539.0,1006.6
2017-07-13 10:00:00,32.9,69,6.1,701.0,1006.4
2017-07-13 11:00:00,34.0,63,5.2,818.0,1006.4
2017-07-13 12:00:00,34.6,58,5.2,824.0,1005.9
2017-07-13 13:00:00,33.6,62,7.2,729.0,1005.2
2017-07-13 14:00:00,33.5,64,5.0,656.0,1005.3
2017-07-13 15:00:00,32.5,70,8.0,460.0,1005.2
2017-07-13 16:00:00,32.3,71,9.4,297.0,1004.6
2017-07-13 17:00:00,32.4,70,6.6,303.0,1004.4
2017-07-13 18:00:00,31.3,81,5.2,99.0,1004.2
2017-07-13 19:00:00,30.1,86,5.8,32.0,1004.0
2017-07-13 20:00:00,29.6,85,6.4,0.0,1004.4
2017-07-13 21:00:00,29.2,82,4.8,0.0,1004.3
2017-07-13 22:00:00,28.3,86,4.7,0.0,1004.4
2017-07-13 23:00:00,27.9,88,5.2,0.0,1004.4
2017-07-14 00:00:00,27.8,87,6.3,0.0,1004.4
2017-07-14 01:00:00,27.5,89,4.8,0.0,1004.1
2017-07-14 02:00:00,26.8,92,5.2,0.0,1004.1
2017-07-14 03:00:00,26.8,92,4.9,0.0,1004.1
2017-07-14 04:00:00,27.0,91,4.5,0.0,1004.5
2017-07-14 05:00:00,26.8,92,4.3,0.0,1004.8
2017-07-14 06:00:00,27.4,90,4.7,13.0,1005.2
2017-07-14 07:00:00,28.5,85,5.2,112.0,1005.7
2017-07-14 08:00:00,30.2,78,6.1,330.0,1005.4
2017-07-14 09:00:00,31.0,75,5.6,322.0,1005.5
2017-07-14 10:00:00,31.8,73,5.6,456.0,1005.4
2017-07-14 11:00:00,33.2,68,5.9,729.0,1005.6
2017-07-14 12:00:00,34.2,65,6.3,844.0,1005.4
2017-07-14 13:00:00,34.6,60,3.5,843.0,1005.0
2017-07-14 14:00:00,32.6,66,7.5,537.0,1004.8
2017-07-14 15:00:00,32.7,67,6.3,481.0,1004.5
2017-07-14 16:00:00,32.7,68,7.9,423.0,1004.7
2017-07-14 17:00:00,32.3,73,5.5,172.0,1004.6
2017-07-14 18:00:00,32.1,76,4.5,122.0,1004.2
2017-07-14 19:00:00,30.1,88,5.6,38.0,1004.7
2017-07-14 20:00:00,29.4,84,7.6,0.0,1005.0
2017-07-14 21:00:00,29.4,83,5.8,0.0,1005.4
2017-07-14 22:00:00,28.7,86,6.1,0.0,1005.6
2017-07-14 23:00:00,28.4,85,7.7,0.0,1005.7
2017-07-15 00:00:00,28.1,85,7.5,0.0,1005.5
2017-07-15 01:00:00,27.8,87,6.5,0.0,1005.4
2017-07-15 02:00:00,27.4,89,5.8,0.0,1005.2
2017-07-15 03:00:00,27.1,90,5.4,0.0,1005.2
2017-07-15 04:00:00,27.2,89,6.1,0.0,1005.0
2017-07-15 05:00:00,27.2,89,6.8,0.0,1005.2
2017-07-15 06:00:00,27.9,87,8.0,25.0,1005.6
2017-07-15 07:00:00,29.1,82,8.8,163.0,1006.3
2017-07-15 08:00:00,30.5,77,9.0,355.0,1006.7
2017-07-15 09:00:00,31.8,73,8.7,547.0,1006.6
2017-07-15 10:00:00,33.0,68,8.1,707.0,1006.4
2017-07-15 11:00:00,34.0,65,9.0,827.0,1006.5
2017-07-15 12:00:00,34.8,60,8.5,859.0,1006.2
2017-07-15 13:00:00,35.5,56,5.6,867.0,1005.8
2017-07-15 14:00:00,35.2,56,7.2,809.0,1005.5
2017-07-15 15:00:00,33.6,63,5.9,603.0,1005.3
2017-07-15 16:00:00,33.9,63,3.2,444.0,1004.8
2017-07-15 17:00:00,33.3,67,7.6,328.0,1004.5
2017-07-15 18:00:00,32.3,76,5.0,164.0,1004.6
2017-07-15 19:00:00,30.5,84,5.7,37.0,1005.0
2017-07-15 20:00:00,31.4,78,2.2,0.0,1005.9
2017-07-15 21:00:00,30.5,82,6.1,0.0,1005.7
2017-07-15 22:00:00,29.9,84,8.4,0.0,1006.2
2017-07-15 23:00:00,29.8,72,10.5,0.0,1006.8
2017-07-16 00:00:00,29.6,70,14.1,0.0,1007.0
2017-07-16 01:00:00,29.1,76,13.3,0.0,1006.7
2017-07-16 02:00:00,28.7,77,13.1,0.0,1006.9
2017-07-16 03:00:00,28.1,77,11.3,0.0,1006.8
2017-07-16 04:00:00,27.4,78,8.0,0.0,1007.2
2017-07-16 05:00:00,26.7,81,6.5,0.0,1007.5
2017-07-16 06:00:00,27.3,80,8.4,28.0,1007.8
2017-07-16 07:00:00,28.5,75,8.6,164.0,1008.1
2017-07-16 08:00:00,29.9,70,8.5,348.0,1008.5
2017-07-16 09:00:00,31.1,68,7.9,546.0,1008.7
2017-07-16 10:00:00,32.4,66,8.8,708.0,1008.6
2017-07-16 11:00:00,33.5,63,8.4,774.0,1008.7
2017-07-16 12:00:00,34.5,60,6.6,886.0,1008.4
2017-07-16 13:00:00,35.2,57,5.5,848.0,1008.1
2017-07-16 14:00:00,34.9,55,2.9,716.0,1007.8
2017-07-16 15:00:00,33.8,59,4.6,587.0,1007.2
2017-07-16 16:00:00,34.1,59,2.3,465.0,1006.7
2017-07-16 17:00:00,33.9,61,5.9,362.0,1006.3
2017-07-16 18:00:00,32.8,71,5.2,176.0,1006.4
2017-07-16 19:00:00,31.2,75,6.6,41.0,1007.0
2017-07-16 20:00:00,29.5,78,8.4,0.0,1007.6
2017-07-16 21:00:00,29.8,81,5.8,0.0,1008.0
2017-07-16 22:00:00,29.9,73,7.5,0.0,1008.5
2017-07-16 23:00:00,29.9,66,13.8,0.0,1009.0
2017-07-17 00:00:00,29.3,69,13.3,0.0,1008.5
2017-07-17 01:00:00,28.4,73,9.8,0.0,1008.4
2017-07-17 02:00:00,27.6,76,8.5,0.0,1008.2
2017-07-17 03:00:00,27.0,78,7.5,0.0,1008.2
2017-07-17 04:00:00,26.1,83,5.9,0.0,1008.2
2017-07-17 05:00:00,25.8,85,5.8,0.0,1008.5
2017-07-17 06:00:00,26.7,84,5.6,28.0,1008.8
2017-07-17 07:00:00,28.0,78,5.6,166.0,1009.3
2017-07-17 08:00:00,29.4,71,5.9,356.0,1009.5
2017-07-17 09:00:00,30.6,68,9.4,552.0,1009.7
2017-07-17 10:00:00,31.7,65,13.2,725.0,1009.5
2017-07-17 11:00:00,32.7,60,15.5,826.0,1009.6
2017-07-17 12:00:00,33.5,57,15.0,917.0,1009.3
2017-07-17 13:00:00,34.2,55,13.0,921.0,1009.0
2017-07-17 14:00:00,34.7,52,10.5,862.0,1008.3
2017-07-17 15:00:00,35.0,50,7.6,746.0,1007.5
2017-07-17 16:00:00,35.1,51,7.7,569.0,1006.7
2017-07-17 17:00:00,34.4,59,7.4,374.0,1006.4
2017-07-17 18:00:00,32.9,69,7.0,193.0,1006.6
2017-07-17 19:00:00,31.1,71,8.7,40.0,1007.1
2017-07-17 20:00:00,30.8,74,7.1,0.0,1007.8
2017-07-17 21:00:00,30.6,69,8.3,0.0,1008.0
2017-07-17 22:00:00,30.1,69,8.2,0.0,1008.5
2017-07-17 23:00:00,29.3,72,7.2,0.0,1008.4
2017-07-18 00:00:00,28.7,76,7.0,0.0,1008.1
2017-07-18 01:00:00,28.1,79,5.9,0.0,1008.1
2017-07-18 02:00:00,27.9,81,6.0,0.0,1008.0
2017-07-18 03:00:00,28.0,79,6.9,0.0,1008.0
2017-07-18 04:00:00,27.7,79,7.1,0.0,1008.0
2017-07-18 05:00:00,27.4,80,6.7,0.0,1008.3
2017-07-18 06:00:00,28.0,80,8.2,25.0,1008.8
2017-07-18 07:00:00,29.3,76,10.7,138.0,1009.4
2017-07-18 08:00:00,30.7,70,10.4,255.0,1009.4
2017-07-18 09:00:00,31.8,66,11.6,423.0,1009.4
2017-07-18 10:00:00,33.1,61,12.3,659.0,1009.2
2017-07-18 11:00:00,34.2,55,11.7,780.0,1009.4
2017-07-18 12:00:00,34.8,52,10.0,859.0,1009.1
2017-07-18 13:00:00,35.1,51,7.6,812.0,1008.5
2017-07-18 14:00:00,34.8,53,7.5,725.0,1007.9
2017-07-18 15:00:00,33.3,58,6.3,484.0,1007.8
2017-07-18 16:00:00,32.9,61,6.3,321.0,1006.9
2017-07-18 17:00:00,32.7,62,5.1,267.0,1006.7
2017-07-18 18:00:00,32.2,67,4.3,141.0,1006.7
2017-07-18 19:00:00,30.2,80,5.5,36.0,1007.1
2017-07-18 20:00:00,30.2,71,7.6,0.0,1006.8
2017-07-18 21:00:00,29.8,76,6.2,0.0,1007.0
2017-07-18 22:00:00,29.4,75,7.1,0.0,1007.7
2017-07-18 23:00:00,29.1,72,8.5,0.0,1008.3
2017-07-19 00:00:00,28.4,74,6.9,0.0,1008.0
2017-07-19 01:00:00,28.2,75,6.7,0.0,1007.6
2017-07-19 02:00:00,27.8,77,6.9,0.0,1007.2
2017-07-19 03:00:00,27.3,81,5.7,0.0,1006.8
2017-07-19 04:00:00,27.1,82,5.4,0.0,1006.8
2017-07-19 05:00:00,26.8,83,5.5,0.0,1006.8
2017-07-19 06:00:00,27.8,80,5.3,25.0,1007.2
2017-07-19 07:00:00,29.1,75,6.9,154.0,1007.5
2017-07-19 08:00:00,31.1,68,10.2,346.0,1007.6
2017-07-19 09:00:00,32.5,63,12.3,538.0,1007.3
2017-07-19 10:00:00,33.7,56,13.1,708.0,1006.9
2017-07-19 11:00:00,34.4,53,12.1,815.0,1006.8
2017-07-19 12:00:00,34.8,52,11.5,884.0,1006.4
2017-07-19 13:00:00,35.3,50,9.4,821.0,1005.8
2017-07-19 14:00:00,35.8,46,8.6,775.0,1004.9
2017-07-19 15:00:00,36.1,43,9.3,641.0,1004.1
2017-07-19 16:00:00,35.8,45,9.2,495.0,1003.5
2017-07-19 17:00:00,33.7,60,6.5,207.0,1003.1
2017-07-19 18:00:00,32.6,65,6.4,172.0,1003.4
2017-07-19 19:00:00,30.7,71,6.4,38.0,1003.5
2017-07-19 20:00:00,30.6,59,8.7,0.0,1003.4
2017-07-19 21:00:00,31.0,60,9.6,0.0,1004.2
2017-07-19 22:00:00,29.8,66,6.9,0.0,1004.6
2017-07-19 23:00:00,29.3,68,6.6,0.0,1004.9
2017-07-20 00:00:00,28.5,73,6.6,0.0,1005.0
2017-07-20 01:00:00,28.0,80,6.5,0.0,1005.0
2017-07-20 02:00:00,27.8,82,5.6,0.0,1004.8
2017-07-20 03:00:00,27.7,82,5.2,0.0,1004.5
2017-07-20 04:00:00,27.5,83,5.4,0.0,1004.9
2017-07-20 05:00:00,27.3,83,5.2,0.0,1005.2
2017-07-20 06:00:00,28.2,79,6.0,21.0,1005.9
2017-07-20 07:00:00,29.7,74,7.9,135.0,1006.4
2017-07-20 08:00:00,31.7,68,8.9,268.0,1006.4
2017-07-20 09:00:00,33.3,61,8.9,519.0,1006.0
2017-07-20 10:00:00,34.4,54,8.4,657.0,1006.0
2017-07-20 11:00:00,35.2,51,7.7,791.0,1006.0
2017-07-20 12:00:00,35.5,50,7.8,843.0,1005.6
2017-07-20 13:00:00,35.7,48,7.2,712.0,1005.0
2017-07-20 14:00:00,36.1,47,7.3,744.0,1004.2
2017-07-20 15:00:00,36.3,47,9.0,637.0,1003.9
2017-07-20 16:00:00,34.0,52,12.1,411.0,1004.0
2017-07-20 17:00:00,33.4,59,5.9,207.0,1003.6
2017-07-20 18:00:00,32.6,67,4.4,133.0,1003.6
2017-07-20 19:00:00,30.8,73,5.8,39.0,1004.3
2017-07-20 20:00:00,30.8,73,6.6,0.0,1004.7
2017-07-20 21:00:00,30.3,77,5.1,0.0,1005.0
2017-07-20 22:00:00,29.7,80,5.2,0.0,1005.4
2017-07-20 23:00:00,29.0,84,6.5,0.0,1005.8
2017-07-21 00:00:00,28.9,81,5.4,0.0,1005.9
2017-07-21 01:00:00,28.2,84,6.4,0.0,1005.6
2017-07-21 02:00:00,28.0,85,5.6,0.0,1005.5
2017-07-21 03:00:00,27.8,87,5.9,0.0,1005.6
2017-07-21 04:00:00,27.6,89,5.9,0.0,1006.0
2017-07-21 05:00:00,27.6,89,5.1,0.0,1006.4
2017-07-21 06:00:00,28.5,85,5.4,21.0,1007.1
2017-07-21 07:00:00,30.0,76,5.5,139.0,1007.4
2017-07-21 08:00:00,32.0,67,5.0,346.0,1007.5
2017-07-21 09:00:00,33.6,62,5.0,545.0,1007.6
2017-07-21 10:00:00,35.1,55,6.1,709.0,1007.7
2017-07-21 11:00:00,36.2,48,7.0,825.0,1007.7
2017-07-21 12:00:00,36.9,44,7.6,858.0,1007.3
2017-07-21 13:00:00,37.2,43,7.2,808.0,1006.8
2017-07-21 14:00:00,37.3,42,6.6,784.0,1006.4
2017-07-21 15:00:00,36.5,42,14.4,584.0,1006.0
2017-07-21 16:00:00,35.2,47,10.9,435.0,1006.0
2017-07-21 17:00:00,34.9,51,5.1,302.0,1005.5
2017-07-21 18:00:00,34.2,57,5.1,183.0,1005.9
2017-07-21 19:00:00,31.7,70,7.1,41.0,1006.3
2017-07-21 20:00:00,31.6,74,5.9,0.0,1006.4
2017-07-21 21:00:00,30.9,79,6.2,0.0,1007.0
2017-07-21 22:00:00,30.4,79,7.6,0.0,1007.3
2017-07-21 23:00:00,30.5,75,7.3,0.0,1007.5
2017-07-22 00:00:00,31.5,67,3.5,0.0,1007.3
2017-07-22 01:00:00,29.2,81,4.3,0.0,1007.2
2017-07-22 02:00:00,27.9,87,5.2,0.0,1007.1
2017-07-22 03:00:00,27.8,85,5.0,0.0,1007.2
2017-07-22 04:00:00,27.6,84,5.4,0.0,1007.3
2017-07-22 05:00:00,27.5,85,5.6,0.0,1007.5
2017-07-22 06:00:00,28.4,83,6.4,24.0,1008.0
2017-07-22 07:00:00,30.2,75,4.5,160.0,1008.3
2017-07-22 08:00:00,32.3,65,4.0,350.0,1009.1
2017-07-22 09:00:00,34.0,57,3.5,544.0,1008.8
2017-07-22 10:00:00,35.2,53,4.8,712.0,1008.6
2017-07-22 11:00:00,36.1,51,4.1,840.0,1008.5
2017-07-22 12:00:00,36.7,49,4.0,874.0,1008.0
2017-07-22 13:00:00,36.9,49,5.3,821.0,1007.5
2017-07-22 14:00:00,36.6,44,8.0,752.0,1007.0
2017-07-22 15:00:00,36.0,47,5.0,571.0,1006.7
2017-07-22 16:00:00,35.9,50,8.2,492.0,1006.0
2017-07-22 17:00:00,35.5,51,7.5,366.0,1006.0
2017-07-22 18:00:00,34.1,64,5.1,184.0,1005.9
2017-07-22 19:00:00,32.0,73,5.1,40.0,1006.2
2017-07-22 20:00:00,32.5,59,6.4,0.0,1006.6
2017-07-22 21:00:00,31.5,69,6.6,0.0,1006.4
2017-07-22 22:00:00,30.6,74,6.9,0.0,1006.6
2017-07-22 23:00:00,30.7,75,6.8,0.0,1006.6
2017-07-23 00:00:00,30.8,73,6.8,0.0,1006.2
2017-07-23 01:00:00,31.1,69,4.8,0.0,1005.9
2017-07-23 02:00:00,28.6,84,5.9,0.0,1005.2
2017-07-23 03:00:00,28.2,86,5.4,0.0,1005.0
2017-07-23 04:00:00,27.6,88,6.0,0.0,1004.8
2017-07-23 05:00:00,27.1,89,6.6,0.0,1004.9
2017-07-23 06:00:00,28.4,85,4.5,24.0,1005.3
2017-07-23 07:00:00,30.1,76,3.8,162.0,1005.7
2017-07-23 08:00:00,32.4,66,4.5,355.0,1005.9
2017-07-23 09:00:00,34.1,59,3.1,549.0,1005.7
2017-07-23 10:00:00,35.5,53,2.2,717.0,1005.6
2017-07-23 11:00:00,36.7,48,2.6,840.0,1005.6
2017-07-23 12:00:00,37.5,43,4.7,909.0,1005.3
2017-07-23 13:00:00,37.6,42,6.0,875.0,1004.7
2017-07-23 14:00:00,37.3,42,4.5,766.0,1004.2
2017-07-23 15:00:00,37.7,40,5.4,554.0,1003.4
2017-07-23 16:00:00,37.5,43,6.6,498.0,1002.7
2017-07-23 17:00:00,36.8,48,6.5,352.0,1002.4
2017-07-23 18:00:00,35.3,62,4.3,192.0,1002.5
2017-07-23 19:00:00,33.1,67,6.3,41.0,1002.8
2017-07-23 20:00:00,31.8,73,9.0,0.0,1003.0
2017-07-23 21:00:00,31.8,67,6.7,0.0,1003.1
2017-07-23 22:00:00,30.8,72,7.4,0.0,1003.1
2017-07-23 23:00:00,30.2,76,7.1,0.0,1003.2
2017-07-24 00:00:00,31.6,69,3.3,0.0,1003.1
2017-07-24 01:00:00,28.8,83,5.2,0.0,1002.7
2017-07-24 02:00:00,27.9,86,5.9,0.0,1002.0
2017-07-24 03:00:00,27.3,88,5.2,0.0,1002.0
2017-07-24 04:00:00,27.1,90,4.9,0.0,1002.1
2017-07-24 05:00:00,27.2,91,6.4,0.0,1002.2
2017-07-24 06:00:00,28.7,87,2.9,24.0,1002.4
2017-07-24 07:00:00,30.6,75,3.3,161.0,1002.9
2017-07-24 08:00:00,32.8,63,4.1,355.0,1003.4
2017-07-24 09:00:00,34.6,56,4.2,546.0,1003.5
2017-07-24 10:00:00,36.1,50,3.0,714.0,1003.4
2017-07-24 11:00:00,37.2,45,2.2,838.0,1003.2
2017-07-24 12:00:00,37.8,43,3.5,843.0,1002.7
2017-07-24 13:00:00,38.4,40,4.7,876.0,1002.1
2017-07-24 14:00:00,38.2,41,5.9,829.0,1001.4
2017-07-24 15:00:00,38.0,42,9.1,689.0,1000.8
2017-07-24 16:00:00,37.4,43,10.7,530.0,1000.4
2017-07-24 17:00:00,37.1,45,7.6,339.0,1000.2
2017-07-24 18:00:00,35.8,59,4.7,173.0,1000.3
2017-07-24 19:00:00,33.4,67,5.5,39.0,1000.5
2017-07-24 20:00:00,32.9,67,7.1,0.0,1001.3
2017-07-24 21:00:00,32.5,69,6.9,0.0,1001.6
2017-07-24 22:00:00,31.2,78,7.2,0.0,1001.7
2017-07-24 23:00:00,32.6,66,3.5,0.0,1001.8
2017-07-25 00:00:00,30.7,76,1.8,0.0,1001.7
2017-07-25 01:00:00,29.6,83,3.3,0.0,1001.5
2017-07-25 02:00:00,29.0,86,4.4,0.0,1001.3
2017-07-25 03:00:00,28.6,88,5.0,0.0,1001.4
2017-07-25 04:00:00,28.3,87,4.7,0.0,1001.5
2017-07-25 05:00:00,28.0,86,5.0,0.0,1001.8
2017-07-25 06:00:00,29.2,81,4.7,23.0,1002.2
2017-07-25 07:00:00,31.2,70,3.8,158.0,1002.5
2017-07-25 08:00:00,33.2,61,4.2,348.0,1003.2
2017-07-25 09:00:00,34.9,57,7.2,539.0,1003.4
2017-07-25 10:00:00,36.4,51,9.5,712.0,1003.2
2017-07-25 11:00:00,37.3,46,9.8,814.0,1003.1
2017-07-25 12:00:00,38.0,43,10.1,902.0,1002.8
2017-07-25 13:00:00,38.4,40,11.5,893.0,1002.2
2017-07-25 14:00:00,38.4,41,11.8,824.0,1001.8
2017-07-25 15:00:00,38.3,41,11.8,702.0,1001.4
2017-07-25 16:00:00,37.5,43,14.3,525.0,1001.1
2017-07-25 17:00:00,36.3,49,13.0,366.0,1001.0
2017-07-25 18:00:00,34.8,57,8.5,190.0,1001.2
2017-07-25 19:00:00,33.0,65,6.2,39.0,1001.5
2017-07-25 20:00:00,32.2,74,6.4,0.0,1002.0
2017-07-25 21:00:00,31.9,77,5.0,0.0,1002.5
2017-07-25 22:00:00,31.2,81,4.4,0.0,1002.6
2017-07-25 23:00:00,30.7,80,3.6,0.0,1002.5
2017-07-26 00:00:00,30.3,79,3.2,0.0,1002.4
2017-07-26 01:00:00,29.7,80,3.3,0.0,1002.3
2017-07-26 02:00:00,29.3,81,4.6,0.0,1002.0
2017-07-26 03:00:00,29.0,79,6.9,0.0,1001.9
2017-07-26 04:00:00,28.6,82,5.6,0.0,1002.2
2017-07-26 05:00:00,28.2,85,6.0,0.0,1002.6
2017-07-26 06:00:00,28.6,83,7.8,22.0,1003.2
2017-07-26 07:00:00,30.1,76,5.8,155.0,1003.5
2017-07-26 08:00:00,31.5,76,3.6,348.0,1003.8
2017-07-26 09:00:00,33.3,69,3.1,541.0,1003.8
2017-07-26 10:00:00,35.0,60,4.3,708.0,1003.6
2017-07-26 11:00:00,36.2,53,5.0,794.0,1003.4
2017-07-26 12:00:00,36.9,49,7.0,831.0,1003.1
2017-07-26 13:00:00,37.4,47,8.2,840.0,1002.6
2017-07-26 14:00:00,37.8,45,8.9,799.0,1001.8
2017-07-26 15:00:00,37.5,46,11.6,605.0,1001.1
2017-07-26 16:00:00,37.2,47,11.2,484.0,1000.7
2017-07-26 17:00:00,36.6,49,12.0,303.0,1000.4
2017-07-26 18:00:00,35.1,57,12.1,160.0,1000.6
2017-07-26 19:00:00,33.6,60,11.8,37.0,1001.1
2017-07-26 20:00:00,33.1,61,10.8,0.0,1001.2
2017-07-26 21:00:00,32.4,65,10.2,0.0,1001.6
2017-07-26 22:00:00,32.1,65,9.7,0.0,1002.0
2017-07-26 23:00:00,31.7,64,9.0,0.0,1002.4
2017-07-27 00:00:00,31.4,63,8.7,0.0,1002.5
2017-07-27 01:00:00,31.0,65,8.4,0.0,1002.4
2017-07-27 02:00:00,30.5,68,7.4,0.0,1002.3
2017-07-27 03:00:00,29.8,71,6.3,0.0,1002.2
2017-07-27 04:00:00,29.1,76,5.2,0.0,1002.0
2017-07-27 05:00:00,28.4,82,5.7,0.0,1002.2
2017-07-27 06:00:00,29.4,79,4.6,22.0,1002.7
2017-07-27 07:00:00,30.8,70,4.1,157.0,1003.1
2017-07-27 08:00:00,32.5,64,4.2,352.0,1003.4
2017-07-27 09:00:00,34.2,57,4.4,547.0,1003.4
2017-07-27 10:00:00,35.5,52,5.2,716.0,1003.1
2017-07-27 11:00:00,36.5,48,6.9,831.0,1003.2
2017-07-27 12:00:00,37.0,45,8.9,862.0,1002.5
2017-07-27 13:00:00,37.5,42,9.5,843.0,1002.2
2017-07-27 14:00:00,37.8,41,11.4,795.0,1001.5
2017-07-27 15:00:00,37.9,39,14.5,699.0,1001.0
2017-07-27 16:00:00,37.2,41,17.4,544.0,1001.0
2017-07-27 17:00:00,36.0,49,18.6,356.0,1001.0
2017-07-27 18:00:00,34.7,55,14.0,179.0,1001.2
2017-07-27 19:00:00,33.4,60,11.8,36.0,1001.8
2017-07-27 20:00:00,32.8,62,11.5,0.0,1002.9
2017-07-27 21:00:00,32.5,64,11.3,0.0,1002.9
2017-07-27 22:00:00,32.7,60,12.2,0.0,1003.2
2017-07-27 23:00:00,32.3,58,11.8,0.0,1003.6
2017-07-28 00:00:00,31.4,63,9.1,0.0,1003.5
2017-07-28 01:00:00,30.6,68,7.1,0.0,1003.2
2017-07-28 02:00:00,29.9,73,6.2,0.0,1003.0
2017-07-28 03:00:00,29.5,75,6.6,0.0,1003.0
2017-07-28 04:00:00,29.2,76,6.3,0.0,1003.4
2017-07-28 05:00:00,28.9,76,6.2,0.0,1003.6
2017-07-28 06:00:00,29.4,74,9.4,21.0,1004.4
2017-07-28 07:00:00,30.8,67,10.1,154.0,1004.4
2017-07-28 08:00:00,32.3,62,6.4,347.0,1004.7
2017-07-28 09:00:00,33.6,57,5.6,541.0,1004.5
2017-07-28 10:00:00,35.0,51,6.3,709.0,1004.8
2017-07-28 11:00:00,36.0,46,6.8,834.0,1004.7
2017-07-28 12:00:00,36.8,44,7.4,904.0,1004.3
2017-07-28 13:00:00,37.4,44,9.7,909.0,1003.6
2017-07-28 14:00:00,37.0,45,14.5,814.0,1003.2
2017-07-28 15:00:00,37.0,45,15.5,659.0,1002.8
2017-07-28 16:00:00,35.4,52,20.2,431.0,1002.6
2017-07-28 17:00:00,34.5,58,19.8,318.0,1002.3
2017-07-28 18:00:00,33.8,59,17.5,159.0,1002.5
2017-07-28 19:00:00,32.8,63,16.8,32.0,1002.6
2017-07-28 20:00:00,31.9,67,17.0,0.0,1003.9
2017-07-28 21:00:00,32.0,69,17.0,0.0,1004.2
2017-07-28 22:00:00,32.1,63,15.8,0.0,1004.1
2017-07-28 23:00:00,31.5,65,13.1,0.0,1004.6
2017-07-29 00:00:00,30.7,68,11.3,0.0,1004.2
2017-07-29 01:00:00,29.9,71,9.5,0.0,1004.1
2017-07-29 02:00:00,29.2,75,8.4,0.0,1003.9
2017-07-29 03:00:00,28.7,77,8.0,0.0,1003.7
2017-07-29 04:00:00,28.3,80,7.3,0.0,1004.1
2017-07-29 05:00:00,27.8,83,6.8,0.0,1004.0
2017-07-29 06:00:00,28.2,82,8.3,20.0,1004.5
2017-07-29 07:00:00,29.5,73,8.4,153.0,1004.7
2017-07-29 08:00:00,30.7,66,7.7,345.0,1004.7
2017-07-29 09:00:00,32.2,59,8.6,541.0,1004.5
2017-07-29 10:00:00,33.4,54,10.2,710.0,1004.3
2017-07-29 11:00:00,34.6,49,11.5,826.0,1003.9
2017-07-29 12:00:00,35.3,47,14.8,819.0,1003.3
2017-07-29 13:00:00,35.0,49,18.7,830.0,1002.6
2017-07-29 14:00:00,35.4,47,18.4,719.0,1001.9
2017-07-29 15:00:00,35.1,48,19.5,594.0,1001.2
2017-07-29 16:00:00,34.5,51,23.4,488.0,1000.7
2017-07-29 17:00:00,32.9,60,23.8,316.0,1000.2
2017-07-29 18:00:00,31.7,67,23.4,163.0,1000.4
2017-07-29 19:00:00,30.5,76,20.5,33.0,1000.5
2017-07-29 20:00:00,30.0,79,19.2,0.0,1001.3
2017-07-29 21:00:00,29.8,81,19.4,0.0,1001.6
2017-07-29 22:00:00,29.7,80,18.8,0.0,1002.2
2017-07-29 23:00:00,29.4,80,16.3,0.0,1002.3
2017-07-30 00:00:00,29.0,80,13.0,0.0,1002.0
2017-07-30 01:00:00,28.4,82,9.1,0.0,1000.5
2017-07-30 02:00:00,28.3,84,11.9,0.0,1000.6
2017-07-30 03:00:00,28.3,83,11.9,0.0,1000.2
2017-07-30 04:00:00,28.1,85,12.2,0.0,999.9
2017-07-30 05:00:00,27.8,86,14.0,0.0,999.8
2017-07-30 06:00:00,27.8,86,14.3,17.0,1000.1
2017-07-30 07:00:00,28.6,80,15.6,123.0,1000.0
2017-07-30 08:00:00,30.4,72,13.4,311.0,1000.8
2017-07-30 09:00:00,31.5,67,14.6,387.0,1000.8
2017-07-30 10:00:00,31.9,64,15.1,439.0,1000.3
2017-07-30 11:00:00,28.8,84,9.6,150.0,1000.5
2017-07-30 12:00:00,29.4,81,9.3,135.0,999.9
2017-07-30 13:00:00,32.9,61,19.1,698.0,999.3
2017-07-30 14:00:00,30.6,73,11.8,446.0,998.8
2017-07-30 15:00:00,30.3,77,5.6,150.0,998.1
2017-07-30 16:00:00,32.1,65,9.8,287.0,997.5
2017-07-30 17:00:00,32.5,61,12.8,231.0,997.6
2017-07-30 18:00:00,31.9,63,13.6,118.0,998.1
2017-07-30 19:00:00,30.2,72,13.1,14.0,998.4
2017-07-30 20:00:00,28.9,84,10.7,0.0,999.7
2017-07-30 21:00:00,28.9,85,12.9,0.0,999.1
2017-07-30 22:00:00,28.7,86,13.7,0.0,999.3
2017-07-30 23:00:00,28.2,88,12.6,0.0,999.4
2017-07-31 00:00:00,28.0,89,11.6,0.0,999.1
2017-07-31 01:00:00,27.9,89,11.4,0.0,998.4
2017-07-31 02:00:00,27.7,90,12.2,0.0,997.5
2017-07-31 03:00:00,27.9,90,13.1,0.0,997.0
2017-07-31 04:00:00,27.8,90,12.4,0.0,996.9
2017-07-31 05:00:00,27.8,90,11.2,0.0,997.3
2017-07-31 06:00:00,28.1,88,11.5,17.0,997.9
2017-07-31 07:00:00,29.5,81,12.0,140.0,998.2
2017-07-31 08:00:00,31.1,72,17.5,316.0,997.7
2017-07-31 09:00:00,32.6,62,18.4,423.0,997.6
2017-07-31 10:00:00,34.1,55,21.3,653.0,997.3
2017-07-31 11:00:00,34.4,54,22.0,661.0,997.6
2017-07-31 12:00:00,34.9,51,21.6,643.0,997.1
2017-07-31 13:00:00,35.7,46,23.5,743.0,996.1
2017-07-31 14:00:00,36.3,44,25.0,761.0,995.5
2017-07-31 15:00:00,34.9,50,23.0,425.0,995.0
2017-07-31 16:00:00,35.1,48,22.6,441.0,994.9
2017-07-31 17:00:00,34.1,53,22.7,330.0,995.7
2017-07-31 18:00:00,32.0,61,16.7,124.0,996.5
2017-07-31 19:00:00,31.4,62,17.9,21.0,997.0
2017-07-31 20:00:00,30.7,60,21.1,0.0,998.1
2017-07-31 21:00:00,30.4,59,20.1,0.0,998.9
2017-07-31 22:00:00,30.0,61,22.5,0.0,998.7
2017-07-31 23:00:00,29.2,68,24.0,0.0,998.7
2017-08-01 00:00:00,28.8,70,23.3,0.0,997.7
2017-08-01 01:00:00,28.2,74,20.8,0.0,998.2
2017-08-01 02:00:00,27.6,80,16.6,0.0,997.3
2017-08-01 03:00:00,27.8,78,21.1,0.0,997.0
2017-08-01 04:00:00,27.9,81,21.3,0.0,997.0
2017-08-01 05:00:00,27.3,86,19.2,0.0,996.9
2017-08-01 06:00:00,27.2,87,17.0,2.0,997.5
2017-08-01 07:00:00,27.7,85,17.6,18.0,997.6
2017-08-01 08:00:00,30.1,69,20.4,44.0,997.9
2017-08-01 09:00:00,30.0,69,21.7,299.0,998.8
2017-08-01 10:00:00,27.4,84,19.9,115.0,999.3
2017-08-01 11:00:00,26.7,86,11.0,37.0,999.7
2017-08-01 12:00:00,27.4,85,15.2,52.0,999.2
2017-08-01 13:00:00,29.4,81,13.3,216.0,998.9
2017-08-01 14:00:00,32.0,67,16.6,392.0,998.1
2017-08-01 15:00:00,33.0,56,20.7,419.0,997.8
2017-08-01 16:00:00,32.8,58,20.9,277.0,997.6
2017-08-01 17:00:00,32.1,61,21.3,191.0,997.5
2017-08-01 18:00:00,31.4,64,19.4,111.0,998.2
2017-08-01 19:00:00,30.5,67,18.4,20.0,999.0
2017-08-01 20:00:00,30.1,71,17.3,0.0,999.8
2017-08-01 21:00:00,29.6,73,18.6,0.0,1000.3
2017-08-01 22:00:00,29.0,75,17.6,0.0,1000.4
2017-08-01 23:00:00,28.6,76,16.1,0.0,1000.8
2017-08-02 00:00:00,28.5,76,17.8,0.0,1000.6
2017-08-02 01:00:00,28.1,78,17.1,0.0,1000.2
2017-08-02 02:00:00,27.8,80,16.9,0.0,999.6
2017-08-02 03:00:00,27.5,82,13.8,0.0,999.7
2017-08-02 04:00:00,27.2,84,11.0,0.0,999.9
2017-08-02 05:00:00,26.9,86,10.9,0.0,999.9
2017-08-02 06:00:00,26.8,88,11.0,5.0,1000.1
2017-08-02 07:00:00,26.9,88,12.6,18.0,1000.1
2017-08-02 08:00:00,29.4,73,14.8,38.0,1000.5
2017-08-02 09:00:00,30.0,71,15.6,227.0,1000.3
2017-08-02 10:00:00,31.5,65,18.9,466.0,1000.1
2017-08-02 11:00:00,32.5,60,22.3,522.0,999.8
2017-08-02 12:00:00,33.0,58,20.6,518.0,999.6
2017-08-02 13:00:00,33.0,58,17.2,327.0,998.9
2017-08-02 14:00:00,33.7,56,15.5,490.0,998.1
2017-08-02 15:00:00,34.4,53,14.0,531.0,997.3
2017-08-02 16:00:00,34.3,53,13.7,453.0,997.1
2017-08-02 17:00:00,33.9,56,11.2,272.0,996.8
2017-08-02 18:00:00,32.9,61,8.3,116.0,996.8
2017-08-02 19:00:00,31.8,62,9.6,24.0,997.6
2017-08-02 20:00:00,29.8,77,4.5,0.0,997.8
2017-08-02 21:00:00,29.8,77,4.1,0.0,998.1
2017-08-02 22:00:00,29.8,74,6.7,0.0,998.4
2017-08-02 23:00:00,29.5,74,8.5,0.0,998.7
2017-08-03 00:00:00,29.2,74,8.9,0.0,998.6
2017-08-03 01:00:00,28.9,76,10.3,0.0,998.3
2017-08-03 02:00:00,28.6,78,10.6,0.0,997.9
2017-08-03 03:00:00,28.5,79,9.3,0.0,997.8
2017-08-03 04:00:00,28.2,80,8.4,0.0,997.6
2017-08-03 05:00:00,27.9,82,8.2,0.0,997.9
2017-08-03 06:00:00,28.3,81,10.5,16.0,998.5
2017-08-03 07:00:00,29.6,76,10.5,139.0,998.7
2017-08-03 08:00:00,31.0,71,9.8,325.0,998.5
2017-08-03 09:00:00,32.6,66,9.3,519.0,998.4
2017-08-03 10:00:00,33.9,60,11.6,681.0,998.5
2017-08-03 11:00:00,35.0,57,14.0,778.0,998.2
2017-08-03 12:00:00,34.3,54,19.2,834.0,997.8
2017-08-03 13:00:00,34.7,55,13.8,715.0,997.6
2017-08-03 14:00:00,33.9,59,10.0,510.0,997.1
2017-08-03 15:00:00,34.5,57,7.6,511.0,996.4
2017-08-03 16:00:00,34.8,55,7.0,469.0,995.9
2017-08-03 17:00:00,34.4,57,9.5,311.0,995.9
2017-08-03 18:00:00,33.5,63,7.8,142.0,996.8
2017-08-03 19:00:00,31.7,73,4.5,26.0,997.2
2017-08-03 20:00:00,29.9,69,13.0,0.0,997.4
2017-08-03 21:00:00,30.4,70,4.7,0.0,997.9
2017-08-03 22:00:00,30.3,71,1.8,0.0,998.6
2017-08-03 23:00:00,29.3,79,2.8,0.0,998.8
2017-08-04 00:00:00,28.8,84,3.5,0.0,998.5
2017-08-04 01:00:00,28.5,86,4.8,0.0,998.4
2017-08-04 02:00:00,28.2,88,3.9,0.0,998.4
2017-08-04 03:00:00,28.0,89,3.4,0.0,998.3
2017-08-04 04:00:00,27.9,89,3.6,0.0,998.6
2017-08-04 05:00:00,27.7,91,3.8,0.0,998.8
2017-08-04 06:00:00,28.1,89,6.4,15.0,999.2
2017-08-04 07:00:00,29.8,79,5.9,135.0,999.4
2017-08-04 08:00:00,32.2,66,8.6,321.0,999.8
2017-08-04 09:00:00,33.8,61,9.3,521.0,999.9
2017-08-04 10:00:00,34.9,57,9.8,693.0,999.6
2017-08-04 11:00:00,35.7,53,9.5,724.0,999.5
2017-08-04 12:00:00,36.6,51,8.0,811.0,999.5
2017-08-04 13:00:00,37.0,51,7.8,802.0,998.9
2017-08-04 14:00:00,37.3,49,5.5,744.0,998.2
2017-08-04 15:00:00,34.0,61,13.8,666.0,998.6
2017-08-04 16:00:00,30.5,78,6.6,307.0,999.0
2017-08-04 17:00:00,29.6,82,5.5,117.0,998.8
2017-08-04 18:00:00,30.1,79,1.9,117.0,999.0
2017-08-04 19:00:00,29.8,82,1.6,24.0,999.8
2017-08-04 20:00:00,28.5,85,1.0,0.0,1000.5
2017-08-04 21:00:00,28.4,86,4.5,0.0,1000.5
2017-08-04 22:00:00,28.6,84,3.3,0.0,1000.3
2017-08-04 23:00:00,28.6,86,3.8,0.0,1000.4
2017-08-05 00:00:00,28.4,87,7.7,0.0,1000.0
2017-08-05 01:00:00,28.2,88,8.7,0.0,999.5
2017-08-05 02:00:00,28.1,88,6.2,0.0,999.4
2017-08-05 03:00:00,28.1,88,5.5,0.0,999.3
2017-08-05 04:00:00,28.1,88,6.0,0.0,999.5
2017-08-05 05:00:00,28.0,88,5.2,0.0,999.8
2017-08-05 06:00:00,28.4,86,6.5,14.0,1000.5
2017-08-05 07:00:00,29.6,82,3.5,124.0,1001.2
2017-08-05 08:00:00,31.0,74,1.3,295.0,1001.3
2017-08-05 09:00:00,32.5,69,2.8,444.0,1001.1
2017-08-05 10:00:00,33.7,65,6.1,585.0,1001.0
2017-08-05 11:00:00,34.9,60,7.0,740.0,1000.7
2017-08-05 12:00:00,35.8,56,8.2,771.0,1000.2
2017-08-05 13:00:00,35.8,54,8.5,694.0,1000.0
2017-08-05 14:00:00,35.9,52,4.4,560.0,999.8
2017-08-05 15:00:00,32.6,67,9.9,475.0,1000.5
2017-08-05 16:00:00,32.4,67,3.4,218.0,1000.0
2017-08-05 17:00:00,33.0,65,6.3,181.0,1000.1
2017-08-05 18:00:00,32.4,67,8.2,92.0,999.6
2017-08-05 19:00:00,31.4,74,5.2,21.0,999.9
2017-08-05 20:00:00,31.3,80,5.2,0.0,1000.4
2017-08-05 21:00:00,30.8,81,7.9,0.0,1000.7
2017-08-05 22:00:00,30.2,77,12.9,0.0,1000.8
2017-08-05 23:00:00,29.8,79,5.8,0.0,1001.4
2017-08-06 00:00:00,29.5,83,2.6,0.0,1001.2
2017-08-06 01:00:00,29.3,86,2.9,0.0,1000.7
2017-08-06 02:00:00,28.8,88,8.0,0.0,1000.5
2017-08-06 03:00:00,28.6,87,7.5,0.0,1000.4
2017-08-06 04:00:00,28.4,86,7.7,0.0,1000.3
2017-08-06 05:00:00,28.2,88,6.7,0.0,1000.4
2017-08-06 06:00:00,28.6,86,7.9,14.0,1000.8
2017-08-06 07:00:00,30.0,79,6.9,132.0,1001.2
2017-08-06 08:00:00,31.7,73,2.3,320.0,1001.7
2017-08-06 09:00:00,33.4,66,5.5,479.0,1001.4
2017-08-06 10:00:00,33.9,63,9.2,644.0,1001.6
2017-08-06 11:00:00,33.7,61,4.0,625.0,1001.3
2017-08-06 12:00:00,29.0,83,12.5,369.0,1001.5
2017-08-06 13:00:00,32.4,67,2.5,587.0,1000.4
2017-08-06 14:00:00,34.4,59,9.8,616.0,999.9
2017-08-06 15:00:00,33.1,65,15.8,435.0,999.8
2017-08-06 16:00:00,33.3,64,15.1,312.0,999.4
2017-08-06 17:00:00,33.3,64,11.6,252.0,998.8
2017-08-06 18:00:00,33.0,65,8.4,161.0,998.8
2017-08-06 19:00:00,31.5,74,6.5,23.0,999.4
2017-08-06 20:00:00,31.3,75,0.0,0.0,999.9
2017-08-06 21:00:00,30.5,79,8.4,0.0,1000.7
2017-08-06 22:00:00,30.4,74,10.0,0.0,1000.9
2017-08-06 23:00:00,30.0,75,10.7,0.0,1001.0
2017-08-07 00:00:00,29.8,77,9.3,0.0,1000.4
2017-08-07 01:00:00,29.4,78,8.0,0.0,999.9
2017-08-07 02:00:00,29.0,80,6.8,0.0,999.8
2017-08-07 03:00:00,28.8,82,6.8,0.0,999.9
2017-08-07 04:00:00,28.7,83,7.2,0.0,1000.0
2017-08-07 05:00:00,28.6,83,7.2,0.0,1000.1
2017-08-07 06:00:00,29.1,81,9.1,14.0,1000.7
2017-08-07 07:00:00,30.7,76,8.8,136.0,1001.4
2017-08-07 08:00:00,32.4,70,6.1,321.0,1001.8
2017-08-07 09:00:00,34.0,63,4.6,504.0,1001.8
2017-08-07 10:00:00,34.9,59,4.7,671.0,1001.7
2017-08-07 11:00:00,35.8,56,7.5,769.0,1001.1
2017-08-07 12:00:00,35.4,56,8.2,705.0,1000.8
2017-08-07 13:00:00,33.4,67,5.4,607.0,1000.5
2017-08-07 14:00:00,33.4,66,9.1,551.0,1000.2
2017-08-07 15:00:00,35.0,59,8.7,611.0,999.6
2017-08-07 16:00:00,34.3,60,12.5,419.0,999.5
2017-08-07 17:00:00,33.1,64,9.4,253.0,999.2
2017-08-07 18:00:00,32.1,69,9.7,86.0,999.2
2017-08-07 19:00:00,31.3,75,5.5,20.0,999.4
2017-08-07 20:00:00,32.8,69,9.3,0.0,999.4
2017-08-07 21:00:00,32.7,71,10.4,0.0,1000.1
2017-08-07 22:00:00,32.0,74,8.6,0.0,1000.6
2017-08-07 23:00:00,27.6,90,7.9,0.0,1001.8
2017-08-08 00:00:00,27.9,90,4.1,0.0,1001.1
2017-08-08 01:00:00,27.9,91,7.2,0.0,1000.2
2017-08-08 02:00:00,28.0,92,6.6,0.0,999.4
2017-08-08 03:00:00,28.2,91,4.4,0.0,999.2
2017-08-08 04:00:00,28.3,90,3.8,0.0,999.2
2017-08-08 05:00:00,28.3,91,4.1,0.0,999.2
2017-08-08 06:00:00,28.9,90,7.7,10.0,999.2
2017-08-08 07:00:00,30.3,86,8.2,103.0,999.4
2017-08-08 08:00:00,31.7,77,11.2,223.0,999.6
2017-08-08 09:00:00,33.5,68,13.0,313.0,999.4
2017-08-08 10:00:00,35.1,59,16.6,462.0,999.1
2017-08-08 11:00:00,36.6,52,18.0,656.0,999.0
2017-08-08 12:00:00,37.8,49,16.1,713.0,998.6
2017-08-08 13:00:00,35.6,52,14.8,647.0,998.7
2017-08-08 14:00:00,35.0,53,10.2,372.0,998.4
2017-08-08 15:00:00,35.5,53,9.6,436.0,998.0
2017-08-08 16:00:00,35.2,55,11.3,250.0,997.7
2017-08-08 17:00:00,34.5,57,9.7,241.0,997.6
2017-08-08 18:00:00,33.6,62,10.2,78.0,997.6
2017-08-08 19:00:00,32.4,66,10.5,19.0,998.0
2017-08-08 20:00:00,30.1,85,11.2,0.0,998.9
2017-08-08 21:00:00,29.3,89,3.3,0.0,999.4
2017-08-08 22:00:00,29.0,91,4.3,0.0,999.3
2017-08-08 23:00:00,28.8,92,4.8,0.0,999.1
2017-08-09 00:00:00,28.8,94,4.9,0.0,998.9
2017-08-09 01:00:00,28.7,96,4.7,0.0,998.1
2017-08-09 02:00:00,28.7,94,4.8,0.0,997.4
2017-08-09 03:00:00,29.1,85,5.7,0.0,997.1
2017-08-09 04:00:00,29.2,80,7.1,0.0,997.2
2017-08-09 05:00:00,29.1,80,7.6,0.0,997.4
2017-08-09 06:00:00,28.8,82,8.2,12.0,997.7
2017-08-09 07:00:00,29.5,81,5.5,118.0,998.0
2017-08-09 08:00:00,30.6,76,5.6,247.0,998.3
2017-08-09 09:00:00,32.2,66,9.6,391.0,998.2
2017-08-09 10:00:00,33.1,62,14.0,448.0,998.1
2017-08-09 11:00:00,33.8,58,15.8,479.0,997.6
2017-08-09 12:00:00,33.0,61,19.4,580.0,997.5
2017-08-09 13:00:00,30.7,73,17.3,431.0,997.7
2017-08-09 14:00:00,30.5,75,12.1,433.0,997.4
2017-08-09 15:00:00,30.4,73,11.6,504.0,997.7
2017-08-09 16:00:00,29.1,80,2.9,147.0,997.4
2017-08-09 17:00:00,29.3,80,3.1,124.0,997.4
2017-08-09 18:00:00,29.2,82,3.4,75.0,997.5
2017-08-09 19:00:00,28.2,91,6.6,11.0,997.2
2017-08-09 20:00:00,27.9,91,1.5,0.0,998.7
2017-08-09 21:00:00,27.9,91,4.0,0.0,999.2
2017-08-09 22:00:00,27.9,92,5.4,0.0,999.1
2017-08-09 23:00:00,27.9,90,4.9,0.0,999.2
2017-08-10 00:00:00,27.8,89,4.8,0.0,999.0
2017-08-10 01:00:00,27.7,89,3.6,0.0,998.4
2017-08-10 02:00:00,27.3,92,4.7,0.0,998.4
2017-08-10 03:00:00,27.1,93,4.2,0.0,998.1
2017-08-10 04:00:00,27.0,94,3.1,0.0,998.1
2017-08-10 05:00:00,26.6,96,8.3,0.0,998.8
2017-08-10 06:00:00,26.3,97,11.0,0.0,998.5
2017-08-10 07:00:00,26.1,95,13.0,13.0,999.0
2017-08-10 08:00:00,27.5,87,2.6,22.0,1000.9
2017-08-10 09:00:00,29.2,77,3.4,474.0,1000.8
2017-08-10 10:00:00,30.4,69,4.0,556.0,1000.7
2017-08-10 11:00:00,31.5,65,2.2,710.0,1000.7
2017-08-10 12:00:00,32.3,61,2.3,795.0,1000.3
2017-08-10 13:00:00,33.0,55,3.0,784.0,1000.1
2017-08-10 14:00:00,33.3,53,2.6,572.0,999.4
2017-08-10 15:00:00,33.6,53,4.2,642.0,999.2
2017-08-10 16:00:00,33.6,53,5.4,536.0,999.3
2017-08-10 17:00:00,33.2,54,4.8,340.0,999.3
2017-08-10 18:00:00,31.8,66,1.8,138.0,999.4
2017-08-10 19:00:00,29.8,80,4.8,21.0,999.9
2017-08-10 20:00:00,29.9,79,6.7,0.0,1000.6
2017-08-10 21:00:00,29.6,81,5.4,0.0,1001.2
2017-08-10 22:00:00,30.2,75,3.3,0.0,1001.4
2017-08-10 23:00:00,28.4,87,5.1,0.0,1002.0
2017-08-11 00:00:00,28.3,84,5.8,0.0,1002.0
2017-08-11 01:00:00,27.7,85,5.8,0.0,1001.6
2017-08-11 02:00:00,27.3,86,5.1,0.0,1001.5
2017-08-11 03:00:00,26.9,88,4.7,0.0,1002.0
2017-08-11 04:00:00,26.6,90,4.8,0.0,1002.4
2017-08-11 05:00:00,26.5,91,4.9,0.0,1002.8
2017-08-11 06:00:00,27.2,89,6.6,13.0,1003.3
2017-08-11 07:00:00,28.6,83,7.6,135.0,1003.7
2017-08-11 08:00:00,30.0,78,8.1,327.0,1004.5
2017-08-11 09:00:00,31.5,69,7.5,485.0,1004.6
2017-08-11 10:00:00,32.7,63,5.9,619.0,1004.4
2017-08-11 11:00:00,33.9,56,4.9,776.0,1004.1
2017-08-11 12:00:00,34.6,51,3.2,863.0,1003.8
2017-08-11 13:00:00,34.7,50,3.8,730.0,1003.4
2017-08-11 14:00:00,34.7,50,3.7,629.0,1002.8
2017-08-11 15:00:00,34.6,50,2.3,399.0,1002.4
2017-08-11 16:00:00,34.3,51,3.2,301.0,1002.2
2017-08-11 17:00:00,33.4,59,8.5,217.0,1002.1
2017-08-11 18:00:00,31.8,70,11.9,74.0,1002.6
2017-08-11 19:00:00,30.9,74,10.8,13.0,1003.0
2017-08-11 20:00:00,30.8,70,8.7,0.0,1003.2
2017-08-11 21:00:00,30.7,69,6.4,0.0,1004.0
2017-08-11 22:00:00,29.9,76,4.6,0.0,1004.4
2017-08-11 23:00:00,30.1,74,4.7,0.0,1004.2
2017-08-12 00:00:00,29.9,76,3.9,0.0,1003.6
2017-08-12 01:00:00,29.8,78,5.9,0.0,1003.8
2017-08-12 02:00:00,29.5,79,4.9,0.0,1003.9
2017-08-12 03:00:00,29.1,82,4.0,0.0,1003.9
2017-08-12 04:00:00,28.8,79,8.2,0.0,1004.0
2017-08-12 05:00:00,27.7,88,4.0,0.0,1003.8
2017-08-12 06:00:00,27.6,88,1.4,3.0,1004.4
2017-08-12 07:00:00,27.3,85,1.8,20.0,1005.0
2017-08-12 08:00:00,28.0,81,5.9,47.0,1004.7
2017-08-12 09:00:00,28.4,81,6.2,119.0,1005.2
2017-08-12 10:00:00,28.4,85,7.3,106.0,1005.7
2017-08-12 11:00:00,28.4,85,8.8,121.0,1005.3
2017-08-12 12:00:00,28.3,87,7.9,103.0,1004.7
2017-08-12 13:00:00,28.6,88,9.4,129.0,1004.2
2017-08-12 14:00:00,29.4,83,11.9,204.0,1003.5
2017-08-12 15:00:00,29.8,82,13.6,265.0,1003.3
2017-08-12 16:00:00,30.0,81,13.4,259.0,1003.1
2017-08-12 17:00:00,30.0,81,11.0,170.0,1003.0
2017-08-12 18:00:00,29.5,84,6.9,47.0,1003.2
2017-08-12 19:00:00,29.0,86,7.9,5.0,1003.2
2017-08-12 20:00:00,29.0,89,7.1,0.0,1003.8
2017-08-12 21:00:00,28.8,91,8.0,0.0,1004.2
2017-08-12 22:00:00,28.6,92,6.5,0.0,1004.2
2017-08-12 23:00:00,28.4,92,6.3,0.0,1004.1
2017-08-13 00:00:00,28.2,91,6.2,0.0,1003.7
2017-08-13 01:00:00,27.9,92,5.2,0.0,1003.4
2017-08-13 02:00:00,27.5,93,4.3,0.0,1002.8
2017-08-13 03:00:00,27.1,95,3.7,0.0,1002.8
2017-08-13 04:00:00,27.0,95,3.3,0.0,1002.9
2017-08-13 05:00:00,26.9,96,3.2,0.0,1002.9
2017-08-13 06:00:00,27.4,94,4.3,9.0,1002.9
2017-08-13 07:00:00,28.4,89,2.8,109.0,1003.2
2017-08-13 08:00:00,29.5,84,6.9,200.0,1003.6
2017-08-13 09:00:00,31.0,76,8.7,340.0,1003.2
2017-08-13 10:00:00,32.0,70,9.7,355.0,1003.1
2017-08-13 11:00:00,32.7,66,11.7,391.0,1002.8
2017-08-13 12:00:00,33.1,64,11.6,388.0,1002.6
2017-08-13 13:00:00,32.6,66,10.3,311.0,1002.2
2017-08-13 14:00:00,32.8,66,7.9,254.0,1001.7
2017-08-13 15:00:00,33.5,65,5.8,373.0,1001.4
2017-08-13 16:00:00,32.1,73,10.7,399.0,1002.3
2017-08-13 17:00:00,31.1,75,8.2,176.0,1002.3
2017-08-13 18:00:00,30.6,77,7.6,112.0,1002.5
2017-08-13 19:00:00,29.4,82,6.6,16.0,1002.5
2017-08-13 20:00:00,29.3,90,4.3,0.0,1002.5
2017-08-13 21:00:00,29.1,91,3.2,0.0,1002.8
2017-08-13 22:00:00,28.5,94,2.2,0.0,1002.9
2017-08-13 23:00:00,28.2,95,2.5,0.0,1003.1
2017-08-14 00:00:00,27.6,97,4.4,0.0,1003.2
2017-08-14 01:00:00,27.1,99,1.5,0.0,1002.9
2017-08-14 02:00:00,27.0,98,5.4,0.0,1003.0
2017-08-14 03:00:00,27.6,92,3.9,0.0,1002.8
2017-08-14 04:00:00,27.5,91,4.0,0.0,1002.8
2017-08-14 05:00:00,27.4,90,4.3,0.0,1002.8
2017-08-14 06:00:00,28.1,85,6.6,9.0,1002.8
2017-08-14 07:00:00,29.3,79,7.7,101.0,1003.0
2017-08-14 08:00:00,29.9,75,12.0,266.0,1003.1
2017-08-14 09:00:00,31.3,69,13.2,437.0,1003.3
2017-08-14 10:00:00,32.5,64,16.9,599.0,1003.2
2017-08-14 11:00:00,33.5,61,15.2,691.0,1003.0
2017-08-14 12:00:00,30.3,75,18.7,534.0,1003.2
2017-08-14 13:00:00,30.8,72,8.6,450.0,1003.3
2017-08-14 14:00:00,32.0,68,6.2,641.0,1002.2
2017-08-14 15:00:00,32.2,67,6.1,554.0,1001.7
2017-08-14 16:00:00,30.7,72,4.9,413.0,1002.1
2017-08-14 17:00:00,30.5,73,2.9,219.0,1001.9
2017-08-14 18:00:00,29.6,78,7.2,96.0,1002.6
2017-08-14 19:00:00,28.6,84,4.8,15.0,1003.0
2017-08-14 20:00:00,29.3,82,3.7,0.0,1002.9
2017-08-14 21:00:00,28.3,89,4.0,0.0,1003.5
2017-08-14 22:00:00,27.9,91,5.6,0.0,1003.5
2017-08-14 23:00:00,27.4,93,4.6,0.0,1003.8
2017-08-15 00:00:00,27.0,95,4.6,0.0,1003.6
2017-08-15 01:00:00,26.7,97,3.8,0.0,1003.6
2017-08-15 02:00:00,26.4,96,4.6,0.0,1003.5
2017-08-15 03:00:00,26.0,94,7.2,0.0,1003.6
2017-08-15 04:00:00,25.5,95,6.0,0.0,1003.8
2017-08-15 05:00:00,25.5,94,5.0,0.0,1003.8
2017-08-15 06:00:00,25.4,94,3.3,7.0,1004.3
2017-08-15 07:00:00,26.1,91,3.6,81.0,1004.8
2017-08-15 08:00:00,27.4,85,6.4,200.0,1005.2
2017-08-15 09:00:00,27.8,81,7.5,166.0,1005.4
2017-08-15 10:00:00,27.3,83,5.2,111.0,1005.6
2017-08-15 11:00:00,28.5,78,6.9,338.0,1005.6
2017-08-15 12:00:00,29.1,74,6.0,414.0,1004.9
2017-08-15 13:00:00,30.5,69,4.8,594.0,1004.1
2017-08-15 14:00:00,31.1,65,3.8,611.0,1003.8
2017-08-15 15:00:00,31.2,65,1.8,484.0,1003.1
2017-08-15 16:00:00,31.5,63,2.2,438.0,1003.1
2017-08-15 17:00:00,31.0,66,3.1,233.0,1002.9
2017-08-15 18:00:00,30.0,74,6.2,111.0,1003.7
2017-08-15 19:00:00,28.7,84,3.5,14.0,1004.3
2017-08-15 20:00:00,27.3,92,3.1,0.0,1004.4
2017-08-15 21:00:00,27.6,88,4.6,0.0,1004.4
2017-08-15 22:00:00,27.1,92,3.7,0.0,1004.7
2017-08-15 23:00:00,26.9,91,3.6,0.0,1005.0
2017-08-16 00:00:00,26.9,90,2.7,0.0,1004.9
2017-08-16 01:00:00,26.6,93,4.1,0.0,1004.5
2017-08-16 02:00:00,26.4,91,2.4,0.0,1004.6
2017-08-16 03:00:00,25.7,93,4.7,0.0,1004.6
2017-08-16 04:00:00,25.1,95,5.1,0.0,1004.7
2017-08-16 05:00:00,24.9,97,4.0,0.0,1004.8
2017-08-16 06:00:00,25.1,96,4.4,10.0,1005.1
2017-08-16 07:00:00,26.1,91,1.0,119.0,1005.5
2017-08-16 08:00:00,27.1,85,0.8,308.0,1005.9
2017-08-16 09:00:00,29.2,76,6.0,473.0,1005.8
2017-08-16 10:00:00,30.4,72,7.6,608.0,1005.8
2017-08-16 11:00:00,30.9,68,9.1,696.0,1005.2
2017-08-16 12:00:00,28.1,85,11.3,537.0,1005.7
2017-08-16 13:00:00,27.5,80,12.1,205.0,1005.5
2017-08-16 14:00:00,28.4,77,6.6,430.0,1004.8
2017-08-16 15:00:00,28.9,76,2.0,447.0,1004.7
2017-08-16 16:00:00,29.6,73,4.5,405.0,1004.3
2017-08-16 17:00:00,29.6,73,5.0,226.0,1004.1
2017-08-16 18:00:00,28.9,78,6.2,116.0,1004.6
2017-08-16 19:00:00,27.8,86,3.6,10.0,1004.8
2017-08-16 20:00:00,28.1,80,1.6,0.0,1005.6
2017-08-16 21:00:00,26.5,91,3.9,0.0,1006.3
2017-08-16 22:00:00,26.2,94,3.4,0.0,1006.5
2017-08-16 23:00:00,25.9,94,4.3,0.0,1006.7
2017-08-17 00:00:00,26.5,90,2.6,0.0,1006.3
2017-08-17 01:00:00,26.3,93,2.3,0.0,1005.8
2017-08-17 02:00:00,26.0,96,2.3,0.0,1005.6
2017-08-17 03:00:00,25.2,99,2.9,0.0,1005.4
2017-08-17 04:00:00,24.8,100,2.6,0.0,1005.5
2017-08-17 05:00:00,24.5,99,3.2,0.0,1005.9
2017-08-17 06:00:00,25.4,98,2.6,9.0,1006.2
2017-08-17 07:00:00,26.5,92,2.1,117.0,1006.8
2017-08-17 08:00:00,27.7,83,4.7,307.0,1007.6
2017-08-17 09:00:00,29.2,77,4.6,489.0,1007.6
2017-08-17 10:00:00,30.2,72,5.6,563.0,1007.6
2017-08-17 11:00:00,30.8,69,5.5,649.0,1007.6
2017-08-17 12:00:00,31.2,68,5.6,647.0,1007.5
2017-08-17 13:00:00,31.4,68,5.1,662.0,1006.7
2017-08-17 14:00:00,32.0,65,3.1,734.0,1005.9
2017-08-17 15:00:00,31.6,67,2.9,615.0,1005.6
2017-08-17 16:00:00,31.2,70,4.4,448.0,1005.7
2017-08-17 17:00:00,29.4,77,3.3,268.0,1006.2
2017-08-17 18:00:00,29.1,79,2.6,98.0,1006.6
2017-08-17 19:00:00,28.3,86,2.9,11.0,1006.6
2017-08-17 20:00:00,28.4,87,4.6,0.0,1006.9
2017-08-17 21:00:00,28.0,88,3.1,0.0,1007.7
2017-08-17 22:00:00,27.6,90,4.3,0.0,1007.8
2017-08-17 23:00:00,27.6,89,5.2,0.0,1008.2
2017-08-18 00:00:00,27.1,91,5.3,0.0,1007.7
2017-08-18 01:00:00,26.7,93,4.9,0.0,1007.2
2017-08-18 02:00:00,26.3,93,4.3,0.0,1006.9
2017-08-18 03:00:00,25.9,93,4.7,0.0,1006.6
2017-08-18 04:00:00,25.7,93,4.3,0.0,1006.7
2017-08-18 05:00:00,25.6,93,5.0,0.0,1007.0
2017-08-18 06:00:00,26.0,91,5.2,9.0,1007.5
2017-08-18 07:00:00,27.6,82,5.9,118.0,1008.1
2017-08-18 08:00:00,28.5,76,6.4,297.0,1009.0
2017-08-18 09:00:00,29.7,71,5.2,389.0,1009.2
2017-08-18 10:00:00,30.7,68,4.2,477.0,1009.1
2017-08-18 11:00:00,32.2,63,4.8,708.0,1008.7
2017-08-18 12:00:00,33.6,57,4.0,877.0,1008.0
2017-08-18 13:00:00,34.2,53,2.3,871.0,1007.0
2017-08-18 14:00:00,34.7,51,3.6,797.0,1006.0
2017-08-18 15:00:00,34.6,52,10.0,650.0,1005.2
2017-08-18 16:00:00,30.0,76,14.3,362.0,1007.0
2017-08-18 17:00:00,28.0,83,9.0,183.0,1007.8
2017-08-18 18:00:00,27.5,85,4.5,92.0,1008.3
2017-08-18 19:00:00,27.1,88,3.3,7.0,1008.2
2017-08-18 20:00:00,29.6,74,8.3,0.0,1007.9
2017-08-18 21:00:00,29.7,74,5.8,0.0,1007.6
2017-08-18 22:00:00,28.7,80,5.6,0.0,1007.3
2017-08-18 23:00:00,27.8,85,4.8,0.0,1007.7
2017-08-19 00:00:00,27.2,87,4.5,0.0,1007.5
2017-08-19 01:00:00,26.7,89,4.7,0.0,1007.2
2017-08-19 02:00:00,26.5,90,4.6,0.0,1006.8
2017-08-19 03:00:00,26.4,91,4.7,0.0,1006.6
2017-08-19 04:00:00,25.9,93,5.4,0.0,1006.7
2017-08-19 05:00:00,25.8,94,4.7,0.0,1007.0
2017-08-19 06:00:00,26.6,90,4.1,8.0,1007.5
2017-08-19 07:00:00,27.9,84,4.6,111.0,1007.8
2017-08-19 08:00:00,30.4,73,6.3,299.0,1007.2
2017-08-19 09:00:00,32.2,65,6.7,499.0,1007.0
2017-08-19 10:00:00,33.9,58,7.7,677.0,1007.0
2017-08-19 11:00:00,35.2,52,8.8,806.0,1006.6
2017-08-19 12:00:00,35.3,50,9.6,782.0,1006.1
2017-08-19 13:00:00,34.2,54,10.6,563.0,1005.6
2017-08-19 14:00:00,33.9,55,8.8,350.0,1005.0
2017-08-19 15:00:00,33.7,58,10.0,574.0,1004.7
2017-08-19 16:00:00,33.2,59,6.0,367.0,1004.8
2017-08-19 17:00:00,32.5,62,8.0,283.0,1005.1
2017-08-19 18:00:00,31.5,70,3.3,102.0,1005.2
2017-08-19 19:00:00,29.8,78,6.3,13.0,1005.4
2017-08-19 20:00:00,28.7,83,3.4,0.0,1005.1
2017-08-19 21:00:00,28.3,82,3.6,0.0,1005.3
2017-08-19 22:00:00,28.1,81,4.6,0.0,1005.3
2017-08-19 23:00:00,27.9,80,5.1,0.0,1005.6
2017-08-20 00:00:00,27.6,82,4.9,0.0,1005.2
2017-08-20 01:00:00,27.6,82,4.6,0.0,1004.5
2017-08-20 02:00:00,27.7,84,5.2,0.0,1003.9
2017-08-20 03:00:00,27.7,85,5.2,0.0,1003.8
2017-08-20 04:00:00,27.7,85,4.4,0.0,1003.9
2017-08-20 05:00:00,27.4,86,4.1,0.0,1004.0
2017-08-20 06:00:00,27.8,84,5.1,6.0,1004.3
2017-08-20 07:00:00,29.1,78,7.4,101.0,1004.6
2017-08-20 08:00:00,27.3,89,6.0,251.0,1005.3
2017-08-20 09:00:00,27.9,87,1.5,211.0,1005.4
2017-08-20 10:00:00,28.7,83,2.6,256.0,1005.4
2017-08-20 11:00:00,29.0,83,4.1,219.0,1004.9
2017-08-20 12:00:00,29.0,84,7.5,397.0,1004.4
2017-08-20 13:00:00,30.2,79,3.7,499.0,1003.7
2017-08-20 14:00:00,31.1,77,4.3,596.0,1003.0
2017-08-20 15:00:00,31.9,71,12.4,577.0,1002.1
2017-08-20 16:00:00,28.9,82,9.8,232.0,1002.6
2017-08-20 17:00:00,27.9,89,8.3,97.0,1002.8
2017-08-20 18:00:00,27.1,93,9.5,52.0,1003.5
2017-08-20 19:00:00,26.6,93,4.4,4.0,1003.8
2017-08-20 20:00:00,26.2,96,4.1,0.0,1004.7
2017-08-20 21:00:00,26.5,95,3.2,0.0,1004.5
2017-08-20 22:00:00,26.5,96,4.2,0.0,1004.3
2017-08-20 23:00:00,26.0,97,6.4,0.0,1004.6
2017-08-21 00:00:00,25.6,97,8.7,0.0,1004.2
2017-08-21 01:00:00,25.3,97,5.4,0.0,1003.8
2017-08-21 02:00:00,25.2,96,4.0,0.0,1003.5
2017-08-21 03:00:00,25.0,96,1.8,0.0,1003.0
2017-08-21 04:00:00,24.8,96,2.7,0.0,1003.1
2017-08-21 05:00:00,25.0,94,2.5,0.0,1003.5
2017-08-21 06:00:00,25.1,93,5.4,7.0,1004.1
2017-08-21 07:00:00,25.4,91,5.8,78.0,1004.6
2017-08-21 08:00:00,26.4,90,5.4,199.0,1005.0
2017-08-21 09:00:00,27.9,84,2.8,369.0,1005.1
2017-08-21 10:00:00,29.2,80,0.8,511.0,1005.0
2017-08-21 11:00:00,30.4,76,3.2,700.0,1004.9
2017-08-21 12:00:00,31.4,72,7.8,809.0,1004.0
2017-08-21 13:00:00,32.1,67,6.1,819.0,1003.3
2017-08-21 14:00:00,31.7,68,9.8,581.0,1003.1
2017-08-21 15:00:00,29.8,75,6.2,398.0,1003.1
2017-08-21 16:00:00,30.5,73,6.8,392.0,1003.0
2017-08-21 17:00:00,30.1,75,9.4,252.0,1003.0
2017-08-21 18:00:00,29.3,80,8.2,112.0,1003.4
2017-08-21 19:00:00,28.4,86,5.4,10.0,1003.5
2017-08-21 20:00:00,28.6,87,5.4,0.0,1003.7
2017-08-21 21:00:00,28.7,86,6.7,0.0,1004.0
2017-08-21 22:00:00,28.0,89,6.7,0.0,1004.2
2017-08-21 23:00:00,27.6,90,7.4,0.0,1004.6
2017-08-22 00:00:00,27.3,93,5.9,0.0,1004.2
2017-08-22 01:00:00,26.8,97,4.6,0.0,1003.6
2017-08-22 02:00:00,26.8,96,4.9,0.0,1003.5
2017-08-22 03:00:00,26.5,93,5.2,0.0,1003.7
2017-08-22 04:00:00,26.3,92,6.8,0.0,1004.1
2017-08-22 05:00:00,26.3,92,8.3,0.0,1004.4
2017-08-22 06:00:00,26.5,93,7.6,7.0,1004.8
2017-08-22 07:00:00,27.7,89,8.4,110.0,1005.3
2017-08-22 08:00:00,29.5,81,11.4,291.0,1005.9
2017-08-22 09:00:00,30.8,74,11.8,492.0,1005.9
2017-08-22 10:00:00,31.8,69,12.1,634.0,1005.6
2017-08-22 11:00:00,32.4,66,14.7,707.0,1005.5
2017-08-22 12:00:00,32.7,64,13.6,641.0,1004.9
2017-08-22 13:00:00,32.8,65,13.8,687.0,1004.4
2017-08-22 14:00:00,33.0,64,14.0,614.0,1003.9
2017-08-22 15:00:00,32.6,66,17.1,526.0,1003.4
2017-08-22 16:00:00,32.3,70,16.9,368.0,1003.4
2017-08-22 17:00:00,32.2,71,12.6,252.0,1003.2
2017-08-22 18:00:00,31.3,76,11.4,103.0,1003.4
2017-08-22 19:00:00,30.9,73,13.3,10.0,1003.9
2017-08-22 20:00:00,29.8,82,8.4,0.0,1004.8
2017-08-22 21:00:00,30.7,69,15.7,0.0,1005.6
2017-08-22 22:00:00,30.0,72,13.6,0.0,1006.1
2017-08-22 23:00:00,29.2,76,12.3,0.0,1006.6
2017-08-23 00:00:00,28.7,78,12.9,0.0,1006.7
2017-08-23 01:00:00,28.2,80,12.2,0.0,1006.6
2017-08-23 02:00:00,27.8,82,11.6,0.0,1006.4
2017-08-23 03:00:00,27.4,84,9.6,0.0,1006.4
2017-08-23 04:00:00,27.1,86,7.4,0.0,1006.1
2017-08-23 05:00:00,26.8,88,7.2,0.0,1005.9
2017-08-23 06:00:00,27.0,88,9.6,7.0,1006.3
2017-08-23 07:00:00,28.2,83,10.3,116.0,1006.7
2017-08-23 08:00:00,29.5,76,10.6,307.0,1006.9
2017-08-23 09:00:00,31.0,69,14.0,503.0,1006.7
2017-08-23 10:00:00,32.7,61,15.2,614.0,1006.4
2017-08-23 11:00:00,33.7,57,16.1,589.0,1006.2
2017-08-23 12:00:00,33.9,57,12.8,405.0,1006.0
2017-08-23 13:00:00,34.8,54,16.1,574.0,1005.3
2017-08-23 14:00:00,34.1,57,17.3,405.0,1004.6
2017-08-23 15:00:00,34.7,55,15.3,478.0,1004.2
2017-08-23 16:00:00,34.8,55,13.8,404.0,1004.0
2017-08-23 17:00:00,33.9,59,12.2,240.0,1004.2
2017-08-23 18:00:00,32.4,64,10.2,92.0,1004.3
2017-08-23 19:00:00,31.8,65,13.0,8.0,1004.8
2017-08-23 20:00:00,31.2,66,14.4,0.0,1005.8
2017-08-23 21:00:00,30.9,67,15.2,0.0,1006.4
2017-08-23 22:00:00,30.1,71,14.3,0.0,1006.7
2017-08-23 23:00:00,29.4,74,13.2,0.0,1007.3
2017-08-24 00:00:00,28.8,77,11.1,0.0,1007.2
2017-08-24 01:00:00,28.4,80,10.8,0.0,1006.8
2017-08-24 02:00:00,28.0,81,10.8,0.0,1006.3
2017-08-24 03:00:00,27.8,82,9.7,0.0,1006.1
2017-08-24 04:00:00,27.5,82,7.2,0.0,1006.0
2017-08-24 05:00:00,27.2,84,5.9,0.0,1006.3
2017-08-24 06:00:00,27.4,84,6.4,7.0,1006.8
2017-08-24 07:00:00,28.8,78,8.6,114.0,1007.2
2017-08-24 08:00:00,30.4,71,9.6,302.0,1007.7
2017-08-24 09:00:00,32.1,65,11.2,502.0,1007.7
2017-08-24 10:00:00,33.5,59,12.4,674.0,1007.3
2017-08-24 11:00:00,34.6,55,11.6,800.0,1007.1
2017-08-24 12:00:00,35.2,51,11.6,833.0,1006.9
2017-08-24 13:00:00,35.3,50,10.4,758.0,1006.3
2017-08-24 14:00:00,35.4,50,7.8,704.0,1005.7
2017-08-24 15:00:00,35.1,52,3.6,586.0,1005.3
2017-08-24 16:00:00,35.1,52,5.4,430.0,1005.2
2017-08-24 17:00:00,34.0,59,8.6,265.0,1005.2
2017-08-24 18:00:00,32.4,70,6.1,97.0,1005.9
2017-08-24 19:00:00,31.2,75,6.6,8.0,1006.5
2017-08-24 20:00:00,29.3,80,4.9,0.0,1006.7
2017-08-24 21:00:00,29.8,77,4.5,0.0,1007.3
2017-08-24 22:00:00,29.5,77,6.2,0.0,1007.3
2017-08-24 23:00:00,29.3,81,3.4,0.0,1007.2
2017-08-25 00:00:00,28.9,83,4.1,0.0,1007.1
2017-08-25 01:00:00,27.0,90,5.9,0.0,1007.8
2017-08-25 02:00:00,26.8,90,4.6,0.0,1006.8
2017-08-25 03:00:00,27.1,92,5.6,0.0,1006.6
2017-08-25 04:00:00,27.1,92,4.6,0.0,1006.4
2017-08-25 05:00:00,26.9,94,4.8,0.0,1006.3
2017-08-25 06:00:00,27.0,93,7.3,6.0,1006.7
2017-08-25 07:00:00,27.9,88,7.1,107.0,1007.6
2017-08-25 08:00:00,30.1,79,4.2,278.0,1007.9
2017-08-25 09:00:00,31.8,69,2.8,452.0,1007.8
2017-08-25 10:00:00,33.0,64,3.6,638.0,1007.5
2017-08-25 11:00:00,33.7,63,4.8,728.0,1007.6
2017-08-25 12:00:00,34.0,64,5.1,751.0,1007.0
2017-08-25 13:00:00,33.9,63,8.4,722.0,1006.1
2017-08-25 14:00:00,32.0,70,9.4,510.0,1006.2
2017-08-25 15:00:00,31.7,70,11.2,448.0,1006.1
2017-08-25 16:00:00,31.8,70,10.5,350.0,1006.3
2017-08-25 17:00:00,29.6,79,1.4,165.0,1007.1
2017-08-25 18:00:00,28.6,85,6.8,38.0,1007.2
2017-08-25 19:00:00,28.4,88,2.0,4.0,1007.6
2017-08-25 20:00:00,27.9,88,9.5,0.0,1008.4
2017-08-25 21:00:00,28.2,89,9.2,0.0,1009.3
2017-08-25 22:00:00,27.6,93,2.9,0.0,1009.4
2017-08-25 23:00:00,26.8,94,4.7,0.0,1009.5
2017-08-26 00:00:00,26.7,91,5.4,0.0,1009.3
2017-08-26 01:00:00,26.7,93,6.8,0.0,1009.2
2017-08-26 02:00:00,26.2,95,5.4,0.0,1009.1
2017-08-26 03:00:00,26.4,93,7.7,0.0,1008.9
2017-08-26 04:00:00,26.3,93,5.9,0.0,1009.1
2017-08-26 05:00:00,26.1,93,6.9,0.0,1009.3
2017-08-26 06:00:00,25.5,94,11.1,2.0,1010.0
2017-08-26 07:00:00,25.2,92,10.5,28.0,1010.4
2017-08-26 08:00:00,25.7,95,12.3,71.0,1010.7
2017-08-26 09:00:00,26.0,94,11.8,138.0,1011.1
2017-08-26 10:00:00,25.9,95,10.9,124.0,1011.5
2017-08-26 11:00:00,26.4,93,11.4,212.0,1011.4
2017-08-26 12:00:00,27.4,88,14.0,338.0,1011.2
2017-08-26 13:00:00,26.6,89,14.8,121.0,1011.0
2017-08-26 14:00:00,27.5,83,14.0,203.0,1010.2
2017-08-26 15:00:00,28.2,71,13.9,249.0,1010.1
2017-08-26 16:00:00,28.1,75,14.5,213.0,1010.1
2017-08-26 17:00:00,27.7,80,10.9,150.0,1009.9
2017-08-26 18:00:00,27.4,84,12.1,64.0,1009.7
2017-08-26 19:00:00,27.2,87,12.6,3.0,1010.0
2017-08-26 20:00:00,25.7,90,8.6,0.0,1010.8
2017-08-26 21:00:00,26.1,90,9.0,0.0,1010.6
2017-08-26 22:00:00,26.0,91,7.4,0.0,1010.9
2017-08-26 23:00:00,25.9,91,7.4,0.0,1011.3
2017-08-27 00:00:00,25.9,93,5.9,0.0,1011.1
2017-08-27 01:00:00,25.8,95,4.3,0.0,1010.9
2017-08-27 02:00:00,25.3,98,4.0,0.0,1010.1
2017-08-27 03:00:00,24.8,99,5.1,0.0,1009.9
2017-08-27 04:00:00,25.3,100,1.8,0.0,1010.1
2017-08-27 05:00:00,25.1,100,1.5,0.0,1010.2
2017-08-27 06:00:00,25.1,100,1.5,5.0,1010.7
2017-08-27 07:00:00,25.8,94,2.9,86.0,1011.2
2017-08-27 08:00:00,26.8,88,3.8,233.0,1011.8
2017-08-27 09:00:00,28.2,81,4.2,364.0,1011.7
2017-08-27 10:00:00,29.5,74,6.2,531.0,1011.6
2017-08-27 11:00:00,30.5,70,7.9,603.0,1011.5
2017-08-27 12:00:00,31.3,66,7.2,615.0,1011.0
2017-08-27 13:00:00,32.4,61,5.9,754.0,1010.2
2017-08-27 14:00:00,32.8,58,5.7,606.0,1009.2
2017-08-27 15:00:00,32.8,58,7.6,563.0,1008.6
2017-08-27 16:00:00,32.0,66,12.9,438.0,1008.2
2017-08-27 17:00:00,31.0,75,14.1,284.0,1008.2
2017-08-27 18:00:00,29.8,83,12.4,113.0,1008.1
2017-08-27 19:00:00,28.6,88,7.9,7.0,1008.3
2017-08-27 20:00:00,28.8,88,8.0,0.0,1008.5
2017-08-27 21:00:00,28.6,90,5.8,0.0,1008.7
2017-08-27 22:00:00,28.1,92,6.4,0.0,1008.9
2017-08-27 23:00:00,28.4,88,11.1,0.0,1009.1
2017-08-28 00:00:00,28.9,75,13.7,0.0,1009.1
2017-08-28 01:00:00,28.5,76,10.8,0.0,1009.1
2017-08-28 02:00:00,27.8,79,8.6,0.0,1009.0
2017-08-28 03:00:00,27.1,82,7.2,0.0,1009.1
2017-08-28 04:00:00,26.5,85,6.1,0.0,1009.2
2017-08-28 05:00:00,26.2,88,5.8,0.0,1009.5
2017-08-28 06:00:00,26.4,89,5.8,6.0,1009.6
2017-08-28 07:00:00,27.9,83,6.8,110.0,1009.9
2017-08-28 08:00:00,29.5,76,7.4,295.0,1009.8
2017-08-28 09:00:00,30.9,71,8.2,497.0,1009.7
2017-08-28 10:00:00,32.4,67,7.4,670.0,1009.3
2017-08-28 11:00:00,33.6,63,5.6,800.0,1009.1
2017-08-28 12:00:00,34.7,57,3.4,867.0,1008.4
2017-08-28 13:00:00,35.0,55,4.7,778.0,1008.1
2017-08-28 14:00:00,34.9,55,4.3,751.0,1007.5
2017-08-28 15:00:00,34.5,58,6.5,634.0,1007.1
2017-08-28 16:00:00,33.3,63,6.8,454.0,1007.0
2017-08-28 17:00:00,33.3,63,1.5,219.0,1007.0
2017-08-28 18:00:00,31.8,77,4.0,82.0,1007.3
2017-08-28 19:00:00,30.5,80,6.7,6.0,1008.1
2017-08-28 20:00:00,30.0,76,2.3,0.0,1008.4
2017-08-28 21:00:00,29.4,80,4.4,0.0,1008.9
2017-08-28 22:00:00,28.8,82,6.3,0.0,1009.3
2017-08-28 23:00:00,28.4,84,5.4,0.0,1009.3
2017-08-29 00:00:00,28.2,86,5.3,0.0,1009.3
2017-08-29 01:00:00,28.2,83,9.4,0.0,1009.4
2017-08-29 02:00:00,28.0,78,10.8,0.0,1009.3
2017-08-29 03:00:00,27.4,81,6.4,0.0,1009.2
2017-08-29 04:00:00,27.1,85,7.1,0.0,1009.3
2017-08-29 05:00:00,27.1,88,8.4,0.0,1009.4
2017-08-29 06:00:00,27.1,92,10.0,5.0,1009.9
2017-08-29 07:00:00,28.0,90,12.3,93.0,1010.5
2017-08-29 08:00:00,29.5,82,13.3,231.0,1010.9
2017-08-29 09:00:00,30.1,80,11.4,305.0,1011.2
2017-08-29 10:00:00,30.5,80,11.2,361.0,1011.4
2017-08-29 11:00:00,30.7,81,12.8,546.0,1011.2
2017-08-29 12:00:00,29.5,78,15.2,537.0,1011.1
2017-08-29 13:00:00,29.8,77,9.1,455.0,1010.6
2017-08-29 14:00:00,29.2,81,9.4,386.0,1010.0
2017-08-29 15:00:00,29.9,78,9.3,394.0,1009.6
2017-08-29 16:00:00,28.1,83,10.1,309.0,1010.0
2017-08-29 17:00:00,27.7,85,12.0,96.0,1009.9
2017-08-29 18:00:00,27.1,88,11.7,31.0,1010.4
2017-08-29 19:00:00,26.7,88,15.3,2.0,1010.5
2017-08-29 20:00:00,26.4,90,14.1,0.0,1011.5
2017-08-29 21:00:00,26.3,88,17.7,0.0,1011.8
2017-08-29 22:00:00,26.1,87,16.8,0.0,1011.9
2017-08-29 23:00:00,25.9,85,15.0,0.0,1012.1
2017-08-30 00:00:00,25.8,82,13.5,0.0,1011.8
2017-08-30 01:00:00,25.7,80,11.5,0.0,1011.6
2017-08-30 02:00:00,25.5,79,10.8,0.0,1011.2
2017-08-30 03:00:00,25.3,78,9.2,0.0,1010.9
2017-08-30 04:00:00,25.2,79,8.8,0.0,1010.7
2017-08-30 05:00:00,24.9,79,9.3,0.0,1010.9
2017-08-30 06:00:00,24.7,80,10.0,3.0,1011.0
2017-08-30 07:00:00,25.1,79,9.7,66.0,1011.2
2017-08-30 08:00:00,25.7,78,9.1,207.0,1011.3
2017-08-30 09:00:00,26.5,77,10.1,317.0,1011.1
2017-08-30 10:00:00,27.5,75,10.4,479.0,1010.9
2017-08-30 11:00:00,28.4,72,11.2,595.0,1010.4
2017-08-30 12:00:00,28.6,72,11.7,496.0,1009.8
2017-08-30 13:00:00,29.0,70,10.4,443.0,1009.3
2017-08-30 14:00:00,28.9,71,12.6,370.0,1008.6
2017-08-30 15:00:00,28.5,73,13.2,252.0,1008.3
2017-08-30 16:00:00,27.7,77,12.5,154.0,1008.8
2017-08-30 17:00:00,26.9,79,12.1,64.0,1009.0
2017-08-30 18:00:00,26.5,76,13.0,33.0,1009.8
2017-08-30 19:00:00,26.2,73,13.0,1.0,1010.5
2017-08-30 20:00:00,25.7,73,10.2,0.0,1011.6
2017-08-30 21:00:00,25.4,71,10.9,0.0,1011.6
2017-08-30 22:00:00,25.0,72,9.7,0.0,1011.4
2017-08-30 23:00:00,24.8,73,8.6,0.0,1011.4
2017-08-31 00:00:00,24.6,73,8.5,0.0,1011.2
2017-08-31 01:00:00,24.5,71,9.7,0.0,1011.0
2017-08-31 02:00:00,24.3,70,10.8,0.0,1010.5
2017-08-31 03:00:00,24.2,70,9.0,0.0,1010.4
2017-08-31 04:00:00,24.1,70,7.1,0.0,1010.4
2017-08-31 05:00:00,24.0,70,9.3,0.0,1010.6
2017-08-31 06:00:00,23.9,71,10.3,1.0,1011.0
2017-08-31 07:00:00,23.9,74,10.4,33.0,1011.5
2017-08-31 08:00:00,23.9,73,10.2,91.0,1011.6
2017-08-31 09:00:00,24.4,71,11.2,147.0,1011.7
2017-08-31 10:00:00,24.9,68,11.5,255.0,1011.7
2017-08-31 11:00:00,25.7,66,10.4,394.0,1011.3
2017-08-31 12:00:00,26.4,64,9.9,461.0,1010.8
2017-08-31 13:00:00,27.5,61,10.7,673.0,1010.1
2017-08-31 14:00:00,27.9,58,10.0,538.0,1009.4
2017-08-31 15:00:00,28.0,58,10.5,344.0,1009.0
2017-08-31 16:00:00,27.1,66,11.5,167.0,1008.8
2017-08-31 17:00:00,26.7,69,11.0,113.0,1008.9
2017-08-31 18:00:00,25.8,69,12.3,31.0,1009.3
2017-08-31 19:00:00,25.0,65,15.2,2.0,1009.7
2017-08-31 20:00:00,24.6,66,10.2,0.0,1010.2
2017-08-31 21:00:00,24.2,68,9.7,0.0,1010.3
2017-08-31 22:00:00,24.0,70,9.0,0.0,1010.1
2017-08-31 23:00:00,23.5,74,7.7,0.0,1009.9
2017-09-01 00:00:00,23.2,76,8.0,0.0,1009.6
2017-09-01 01:00:00,23.3,76,7.7,0.0,1009.1
2017-09-01 02:00:00,23.4,77,8.2,0.0,1009.1
2017-09-01 03:00:00,23.3,78,7.2,0.0,1009.1
2017-09-01 04:00:00,23.2,78,6.5,0.0,1009.3
2017-09-01 05:00:00,23.1,79,5.2,0.0,1009.4
2017-09-01 06:00:00,23.1,80,5.5,1.0,1009.8
2017-09-01 07:00:00,23.4,79,7.3,31.0,1010.4
2017-09-01 08:00:00,23.3,81,7.6,67.0,1010.8
2017-09-01 09:00:00,23.9,80,7.3,88.0,1010.7
2017-09-01 10:00:00,24.7,77,8.3,193.0,1010.6
2017-09-01 11:00:00,26.2,69,11.2,519.0,1010.2
2017-09-01 12:00:00,27.4,62,13.4,788.0,1009.5
2017-09-01 13:00:00,27.5,60,11.5,578.0,1009.0
2017-09-01 14:00:00,27.4,58,10.9,404.0,1008.7
2017-09-01 15:00:00,27.5,56,10.3,348.0,1008.3
2017-09-01 16:00:00,27.7,55,10.2,379.0,1008.0
2017-09-01 17:00:00,27.1,62,9.1,265.0,1007.9
2017-09-01 18:00:00,25.4,71,6.8,95.0,1008.0
2017-09-01 19:00:00,24.2,78,6.7,4.0,1008.6
2017-09-01 20:00:00,23.9,78,6.9,0.0,1009.0
2017-09-01 21:00:00,23.9,70,11.3,0.0,1009.2
2017-09-01 22:00:00,23.1,72,10.8,0.0,1009.3
2017-09-01 23:00:00,22.5,75,9.4,0.0,1009.4
2017-09-02 00:00:00,22.1,78,6.9,0.0,1009.2
2017-09-02 01:00:00,21.7,81,6.5,0.0,1008.5
2017-09-02 02:00:00,21.2,83,6.4,0.0,1008.2
2017-09-02 03:00:00,20.8,85,5.6,0.0,1007.9
2017-09-02 04:00:00,20.6,86,5.1,0.0,1007.8
2017-09-02 05:00:00,20.5,86,4.6,0.0,1008.3
2017-09-02 06:00:00,21.1,84,6.0,3.0,1008.6
2017-09-02 07:00:00,22.0,81,5.4,73.0,1009.0
2017-09-02 08:00:00,22.5,80,4.8,166.0,1009.2
2017-09-02 09:00:00,23.6,77,3.3,220.0,1009.3
2017-09-02 10:00:00,24.1,77,4.5,196.0,1009.4
2017-09-02 11:00:00,24.8,76,5.5,228.0,1009.0
2017-09-02 12:00:00,25.1,75,5.8,183.0,1008.7
2017-09-02 13:00:00,25.7,75,6.9,288.0,1008.2
2017-09-02 14:00:00,26.4,73,9.2,299.0,1007.7
2017-09-02 15:00:00,27.2,70,14.6,451.0,1007.3
2017-09-02 16:00:00,26.7,71,15.6,249.0,1007.2
2017-09-02 17:00:00,26.2,76,13.3,138.0,1007.3
2017-09-02 18:00:00,25.6,76,13.6,40.0,1007.5
2017-09-02 19:00:00,25.3,77,13.1,2.0,1007.9
2017-09-02 20:00:00,25.7,75,12.8,0.0,1008.2
2017-09-02 21:00:00,25.5,76,13.3,0.0,1008.4
2017-09-02 22:00:00,25.2,77,12.6,0.0,1008.5
2017-09-02 23:00:00,24.9,78,12.4,0.0,1008.4
2017-09-03 00:00:00,24.4,80,10.5,0.0,1008.4
2017-09-03 01:00:00,24.0,83,8.6,0.0,1008.5
2017-09-03 02:00:00,23.8,84,8.0,0.0,1008.2
2017-09-03 03:00:00,23.6,85,7.1,0.0,1008.0
2017-09-03 04:00:00,23.6,85,6.6,0.0,1008.3
2017-09-03 05:00:00,23.7,85,7.2,0.0,1008.8
2017-09-03 06:00:00,23.9,84,9.9,3.0,1009.2
2017-09-03 07:00:00,24.1,83,11.5,19.0,1009.7
2017-09-03 08:00:00,24.5,84,11.6,57.0,1010.0
2017-09-03 09:00:00,25.1,82,12.8,100.0,1010.0
2017-09-03 10:00:00,26.2,76,13.4,230.0,1010.1
2017-09-03 11:00:00,27.7,69,16.6,517.0,1009.9
2017-09-03 12:00:00,28.4,66,13.7,573.0,1009.5
2017-09-03 13:00:00,28.8,64,14.5,504.0,1008.7
2017-09-03 14:00:00,29.5,60,13.3,585.0,1007.9
2017-09-03 15:00:00,29.2,61,15.9,505.0,1007.6
2017-09-03 16:00:00,28.5,64,17.3,354.0,1007.5
2017-09-03 17:00:00,27.9,69,15.7,189.0,1007.7
2017-09-03 18:00:00,26.8,73,17.4,63.0,1008.0
2017-09-03 19:00:00,26.4,75,18.6,2.0,1008.6
2017-09-03 20:00:00,26.1,75,15.1,0.0,1009.3
2017-09-03 21:00:00,26.0,76,17.0,0.0,1009.2
2017-09-03 22:00:00,25.5,77,14.0,0.0,1009.5
2017-09-03 23:00:00,25.1,78,11.5,0.0,1009.6
2017-09-04 00:00:00,24.9,78,11.3,0.0,1009.2
2017-09-04 01:00:00,24.5,80,11.1,0.0,1008.7
2017-09-04 02:00:00,24.3,81,10.9,0.0,1008.4
2017-09-04 03:00:00,24.0,83,7.2,0.0,1008.2
2017-09-04 04:00:00,24.0,84,8.2,0.0,1008.4
2017-09-04 05:00:00,24.0,84,9.7,0.0,1008.3
2017-09-04 06:00:00,24.0,84,8.0,3.0,1008.5
2017-09-04 07:00:00,25.2,80,6.6,92.0,1008.8
2017-09-04 08:00:00,27.0,71,6.4,266.0,1008.6
2017-09-04 09:00:00,28.2,68,7.7,457.0,1008.7
2017-09-04 10:00:00,29.3,66,7.7,597.0,1008.7
2017-09-04 11:00:00,30.5,64,7.1,733.0,1008.4
2017-09-04 12:00:00,31.2,62,7.6,743.0,1007.9
2017-09-04 13:00:00,31.6,61,6.5,691.0,1007.3
2017-09-04 14:00:00,31.7,60,6.8,573.0,1006.4
2017-09-04 15:00:00,31.3,63,9.7,396.0,1006.2
2017-09-04 16:00:00,30.6,65,14.6,286.0,1006.0
2017-09-04 17:00:00,29.5,71,13.2,197.0,1006.3
2017-09-04 18:00:00,28.4,75,10.0,67.0,1006.4
2017-09-04 19:00:00,27.6,77,7.3,2.0,1006.6
2017-09-04 20:00:00,26.9,77,8.2,0.0,1007.2
2017-09-04 21:00:00,26.5,79,10.1,0.0,1007.5
2017-09-04 22:00:00,26.2,81,8.0,0.0,1007.9
2017-09-04 23:00:00,25.8,84,7.0,0.0,1008.0
2017-09-05 00:00:00,25.4,87,4.7,0.0,1008.0
2017-09-05 01:00:00,25.0,89,4.8,0.0,1007.6
2017-09-05 02:00:00,24.6,91,5.1,0.0,1007.2
2017-09-05 03:00:00,24.4,92,3.8,0.0,1007.0
2017-09-05 04:00:00,24.2,93,5.6,0.0,1007.1
2017-09-05 05:00:00,24.2,93,5.9,0.0,1007.3
2017-09-05 06:00:00,24.1,93,6.4,3.0,1007.7
2017-09-05 07:00:00,25.4,88,4.1,82.0,1008.1
2017-09-05 08:00:00,26.7,83,6.9,198.0,1008.7
2017-09-05 09:00:00,27.8,79,7.3,337.0,1008.4
2017-09-05 10:00:00,29.0,75,7.9,484.0,1008.1
2017-09-05 11:00:00,30.6,70,7.1,739.0,1007.9
2017-09-05 12:00:00,32.0,64,4.3,774.0,1007.1
2017-09-05 13:00:00,32.8,61,5.7,785.0,1006.4
2017-09-05 14:00:00,32.8,62,5.1,677.0,1005.7
2017-09-05 15:00:00,32.8,63,5.1,543.0,1005.1
2017-09-05 16:00:00,31.3,67,8.8,308.0,1005.2
2017-09-05 17:00:00,30.6,72,9.9,183.0,1005.3
2017-09-05 18:00:00,29.7,79,6.6,55.0,1005.5
2017-09-05 19:00:00,28.9,83,6.8,2.0,1006.1
2017-09-05 20:00:00,28.5,84,11.2,0.0,1006.7
2017-09-05 21:00:00,28.2,85,12.6,0.0,1007.1
2017-09-05 22:00:00,27.8,87,12.7,0.0,1007.3
2017-09-05 23:00:00,27.3,86,14.5,0.0,1007.8
2017-09-06 00:00:00,26.8,88,13.2,0.0,1007.4
2017-09-06 01:00:00,26.4,90,9.2,0.0,1007.0
2017-09-06 02:00:00,26.0,91,10.1,0.0,1006.4
2017-09-06 03:00:00,25.7,92,8.9,0.0,1006.3
2017-09-06 04:00:00,25.5,92,6.3,0.0,1005.9
2017-09-06 05:00:00,25.2,93,4.3,0.0,1006.0
2017-09-06 06:00:00,25.2,93,5.4,3.0,1006.2
2017-09-06 07:00:00,26.1,89,5.2,89.0,1006.2
2017-09-06 08:00:00,27.1,84,6.2,265.0,1006.8
2017-09-06 09:00:00,28.0,82,2.5,303.0,1006.5
2017-09-06 10:00:00,28.8,80,2.3,421.0,1006.3
2017-09-06 11:00:00,29.5,75,3.3,367.0,1006.1
2017-09-06 12:00:00,30.2,72,3.0,318.0,1005.1
2017-09-06 13:00:00,31.8,65,6.0,577.0,1004.4
2017-09-06 14:00:00,32.0,64,7.6,472.0,1004.1
2017-09-06 15:00:00,31.4,67,10.9,472.0,1004.1
2017-09-06 16:00:00,29.7,74,14.5,232.0,1004.5
2017-09-06 17:00:00,28.6,80,10.9,71.0,1005.1
2017-09-06 18:00:00,27.3,85,13.2,33.0,1005.5
2017-09-06 19:00:00,26.2,91,15.0,1.0,1006.1
2017-09-06 20:00:00,26.3,85,12.6,0.0,1006.7
2017-09-06 21:00:00,26.2,85,9.0,0.0,1006.9
2017-09-06 22:00:00,25.8,87,10.5,0.0,1007.2
2017-09-06 23:00:00,25.2,89,9.7,0.0,1007.5
2017-09-07 00:00:00,24.7,89,10.3,0.0,1007.6
2017-09-07 01:00:00,24.3,91,10.3,0.0,1007.0
2017-09-07 02:00:00,24.2,91,10.2,0.0,1006.6
2017-09-07 03:00:00,24.2,91,10.2,0.0,1006.4
2017-09-07 04:00:00,24.2,91,10.3,0.0,1006.6
2017-09-07 05:00:00,24.2,91,9.9,0.0,1006.9
2017-09-07 06:00:00,24.0,92,9.7,1.0,1007.4
2017-09-07 07:00:00,24.0,92,8.8,15.0,1007.9
2017-09-07 08:00:00,24.1,94,7.1,26.0,1008.4
2017-09-07 09:00:00,24.5,91,8.5,53.0,1008.7
2017-09-07 10:00:00,24.6,92,9.5,76.0,1008.8
2017-09-07 11:00:00,24.2,93,11.4,34.0,1009.2
2017-09-07 12:00:00,24.4,92,13.1,82.0,1008.9
2017-09-07 13:00:00,24.8,89,10.5,135.0,1008.7
2017-09-07 14:00:00,25.6,85,10.7,272.0,1008.2
2017-09-07 15:00:00,25.7,81,10.2,175.0,1007.7
2017-09-07 16:00:00,25.8,78,8.7,158.0,1007.8
2017-09-07 17:00:00,25.4,79,9.4,111.0,1007.9
2017-09-07 18:00:00,24.6,84,7.8,50.0,1008.1
2017-09-07 19:00:00,24.0,87,6.9,1.0,1008.2
2017-09-07 20:00:00,23.6,92,3.8,0.0,1009.2
2017-09-07 21:00:00,23.4,92,4.6,0.0,1009.4
2017-09-07 22:00:00,23.2,92,4.5,0.0,1009.7
2017-09-07 23:00:00,23.2,92,5.9,0.0,1010.1
2017-09-08 00:00:00,22.9,93,4.4,0.0,1009.9
2017-09-08 01:00:00,22.7,95,2.3,0.0,1009.8
2017-09-08 02:00:00,23.0,93,3.7,0.0,1009.4
2017-09-08 03:00:00,23.0,93,3.9,0.0,1009.3
2017-09-08 04:00:00,23.0,94,5.4,0.0,1009.4
2017-09-08 05:00:00,22.9,94,6.6,0.0,1009.8
2017-09-08 06:00:00,22.9,94,6.4,1.0,1010.1
2017-09-08 07:00:00,23.2,94,6.1,19.0,1010.4
2017-09-08 08:00:00,24.2,92,4.8,63.0,1010.7
2017-09-08 09:00:00,25.7,84,8.9,180.0,1010.8
2017-09-08 10:00:00,26.1,83,12.4,228.0,1010.5
2017-09-08 11:00:00,27.2,74,12.2,326.0,1010.3
2017-09-08 12:00:00,28.5,68,12.2,478.0,1009.7
2017-09-08 13:00:00,28.2,71,13.6,317.0,1008.9
2017-09-08 14:00:00,28.0,72,15.3,274.0,1008.4
2017-09-08 15:00:00,27.4,74,14.8,136.0,1008.1
2017-09-08 16:00:00,27.3,73,12.6,124.0,1007.9
2017-09-08 17:00:00,26.8,76,14.1,68.0,1008.0
2017-09-08 18:00:00,26.3,77,13.0,39.0,1008.3
2017-09-08 19:00:00,25.8,78,12.6,1.0,1008.3
2017-09-08 20:00:00,25.2,84,8.1,0.0,1009.3
2017-09-08 21:00:00,25.2,83,7.0,0.0,1009.2
2017-09-08 22:00:00,24.6,87,5.4,0.0,1009.1
2017-09-08 23:00:00,24.3,89,6.1,0.0,1009.2
2017-09-09 00:00:00,24.1,91,4.5,0.0,1009.1
2017-09-09 01:00:00,24.0,92,4.7,0.0,1008.4
2017-09-09 02:00:00,23.8,92,5.2,0.0,1008.0
2017-09-09 03:00:00,23.6,94,5.9,0.0,1007.8
2017-09-09 04:00:00,23.6,93,5.2,0.0,1007.9
2017-09-09 05:00:00,23.5,94,3.6,0.0,1008.0
2017-09-09 06:00:00,23.9,92,4.6,1.0,1008.1
2017-09-09 07:00:00,24.5,89,5.8,68.0,1008.4
2017-09-09 08:00:00,25.4,85,7.4,222.0,1009.1
2017-09-09 09:00:00,26.1,82,6.4,241.0,1009.4
2017-09-09 10:00:00,26.5,82,6.4,243.0,1009.3
2017-09-09 11:00:00,27.0,80,5.5,276.0,1009.1
2017-09-09 12:00:00,27.4,79,3.8,251.0,1008.5
2017-09-09 13:00:00,28.0,76,3.1,255.0,1007.6
2017-09-09 14:00:00,28.5,75,8.1,247.0,1006.8
2017-09-09 15:00:00,29.4,72,12.9,389.0,1006.4
2017-09-09 16:00:00,28.2,78,14.1,296.0,1006.6
2017-09-09 17:00:00,27.8,81,11.5,152.0,1006.7
2017-09-09 18:00:00,27.0,86,9.7,43.0,1006.7
2017-09-09 19:00:00,26.2,89,9.1,1.0,1007.2
2017-09-09 20:00:00,26.2,91,7.0,0.0,1007.9
2017-09-09 21:00:00,26.0,92,5.9,0.0,1008.4
2017-09-09 22:00:00,26.1,92,7.4,0.0,1008.5
2017-09-09 23:00:00,25.8,92,7.9,0.0,1008.3
2017-09-10 00:00:00,25.5,93,6.3,0.0,1008.2
2017-09-10 01:00:00,25.2,94,6.0,0.0,1007.7
2017-09-10 02:00:00,24.8,96,4.1,0.0,1007.6
2017-09-10 03:00:00,24.3,97,5.0,0.0,1007.4
2017-09-10 04:00:00,25.0,95,1.8,0.0,1007.5
2017-09-10 05:00:00,24.3,98,3.5,0.0,1007.4
2017-09-10 06:00:00,24.6,98,4.2,2.0,1007.5
2017-09-10 07:00:00,25.5,93,2.3,75.0,1007.9
2017-09-10 08:00:00,27.2,87,4.7,224.0,1007.7
2017-09-10 09:00:00,29.1,78,7.9,400.0,1007.6
2017-09-10 10:00:00,30.8,71,8.7,451.0,1007.4
2017-09-10 11:00:00,31.8,66,10.4,488.0,1007.0
2017-09-10 12:00:00,31.8,67,9.8,443.0,1006.7
2017-09-10 13:00:00,32.7,63,10.0,553.0,1005.3
2017-09-10 14:00:00,32.2,66,12.0,626.0,1005.0
2017-09-10 15:00:00,31.4,68,10.9,436.0,1005.0
2017-09-10 16:00:00,30.0,76,5.8,131.0,1004.8
2017-09-10 17:00:00,29.8,78,4.3,118.0,1004.6
2017-09-10 18:00:00,28.6,86,4.0,46.0,1005.3
2017-09-10 19:00:00,28.1,89,5.1,0.0,1005.5
2017-09-10 20:00:00,28.6,86,6.3,0.0,1005.5
2017-09-10 21:00:00,28.4,83,5.8,0.0,1005.3
2017-09-10 22:00:00,27.8,86,5.4,0.0,1005.5
2017-09-10 23:00:00,27.4,88,5.8,0.0,1005.5
2017-09-11 00:00:00,27.4,84,7.6,0.0,1005.4
2017-09-11 01:00:00,27.2,84,6.1,0.0,1005.0
2017-09-11 02:00:00,26.5,87,5.5,0.0,1004.9
2017-09-11 03:00:00,25.8,92,7.6,0.0,1004.9
2017-09-11 04:00:00,25.2,96,4.7,0.0,1004.8
2017-09-11 05:00:00,25.2,97,4.0,0.0,1005.1
2017-09-11 06:00:00,25.2,97,5.1,2.0,1005.4
2017-09-11 07:00:00,25.9,94,4.3,64.0,1005.9
2017-09-11 08:00:00,26.2,91,9.7,157.0,1007.1
2017-09-11 09:00:00,26.1,91,12.7,150.0,1007.2
2017-09-11 10:00:00,26.3,88,14.3,181.0,1007.5
2017-09-11 11:00:00,26.6,82,17.9,253.0,1008.0
2017-09-11 12:00:00,25.4,85,19.0,151.0,1007.9
2017-09-11 13:00:00,25.5,83,16.9,197.0,1007.8
2017-09-11 14:00:00,25.7,82,16.4,232.0,1007.9
2017-09-11 15:00:00,26.5,76,15.6,239.0,1008.0
2017-09-11 16:00:00,25.7,81,18.1,88.0,1008.1
2017-09-11 17:00:00,24.9,83,14.5,59.0,1008.9
2017-09-11 18:00:00,24.5,86,12.4,25.0,1009.4
2017-09-11 19:00:00,24.1,89,11.0,0.0,1010.3
2017-09-11 20:00:00,23.5,90,10.5,0.0,1011.3
2017-09-11 21:00:00,23.4,91,12.5,0.0,1011.7
2017-09-11 22:00:00,23.2,92,11.5,0.0,1012.0
2017-09-11 23:00:00,23.2,92,10.5,0.0,1012.2
2017-09-12 00:00:00,23.1,92,10.5,0.0,1012.1
2017-09-12 01:00:00,23.0,92,11.5,0.0,1012.0
2017-09-12 02:00:00,23.0,92,12.3,0.0,1012.1
2017-09-12 03:00:00,22.9,92,11.6,0.0,1012.3
2017-09-12 04:00:00,22.9,92,12.1,0.0,1012.4
2017-09-12 05:00:00,22.8,92,11.1,0.0,1012.8
2017-09-12 06:00:00,22.8,91,10.7,1.0,1013.5
2017-09-12 07:00:00,23.0,89,11.5,26.0,1014.0
2017-09-12 08:00:00,22.7,84,11.7,123.0,1014.7
2017-09-12 09:00:00,23.1,80,12.0,94.0,1014.9
2017-09-12 10:00:00,23.7,76,11.3,152.0,1015.1
2017-09-12 11:00:00,24.8,68,8.4,256.0,1015.3
2017-09-12 12:00:00,26.6,60,6.9,489.0,1014.5
2017-09-12 13:00:00,27.8,56,8.8,491.0,1013.9
2017-09-12 14:00:00,27.2,64,14.0,375.0,1013.5
2017-09-12 15:00:00,26.7,65,12.7,255.0,1013.3
2017-09-12 16:00:00,26.8,65,6.9,192.0,1013.3
2017-09-12 17:00:00,26.9,67,7.6,185.0,1013.2
2017-09-12 18:00:00,25.0,80,13.7,54.0,1013.8
2017-09-12 19:00:00,24.3,85,9.0,0.0,1014.0
2017-09-12 20:00:00,24.2,86,7.9,0.0,1014.6
2017-09-12 21:00:00,24.5,81,9.0,0.0,1015.0
2017-09-12 22:00:00,23.6,83,8.3,0.0,1015.2
2017-09-12 23:00:00,22.5,91,5.8,0.0,1015.4
2017-09-13 00:00:00,22.1,93,5.9,0.0,1015.1
2017-09-13 01:00:00,21.9,91,7.2,0.0,1014.7
2017-09-13 02:00:00,21.2,90,6.8,0.0,1014.5
2017-09-13 03:00:00,20.6,93,6.2,0.0,1014.7
2017-09-13 04:00:00,20.4,95,7.2,0.0,1015.1
2017-09-13 05:00:00,20.3,95,8.2,0.0,1015.5
2017-09-13 06:00:00,20.3,95,9.3,2.0,1016.0
2017-09-13 07:00:00,21.8,91,10.6,93.0,1016.1
2017-09-13 08:00:00,23.7,84,14.8,277.0,1016.8
2017-09-13 09:00:00,24.9,75,17.6,414.0,1016.8
2017-09-13 10:00:00,26.2,67,17.6,544.0,1016.6
2017-09-13 11:00:00,27.3,62,16.8,639.0,1016.5
2017-09-13 12:00:00,28.0,57,13.4,711.0,1015.6
2017-09-13 13:00:00,28.9,52,15.4,837.0,1014.6
2017-09-13 14:00:00,29.0,46,17.9,752.0,1014.3
2017-09-13 15:00:00,28.7,43,19.4,619.0,1013.9
2017-09-13 16:00:00,28.0,44,19.1,476.0,1014.2
2017-09-13 17:00:00,26.4,52,16.1,265.0,1013.9
2017-09-13 18:00:00,24.5,57,13.6,73.0,1014.0
2017-09-13 19:00:00,23.3,60,13.3,0.0,1014.2
2017-09-13 20:00:00,22.6,63,12.3,0.0,1015.2
2017-09-13 21:00:00,22.1,67,11.2,0.0,1015.2
2017-09-13 22:00:00,21.3,71,10.3,0.0,1015.2
2017-09-13 23:00:00,20.7,76,10.1,0.0,1015.4
2017-09-14 00:00:00,20.3,80,10.4,0.0,1015.3
2017-09-14 01:00:00,20.0,84,12.0,0.0,1014.6
2017-09-14 02:00:00,19.7,87,12.1,0.0,1013.9
2017-09-14 03:00:00,19.3,90,9.4,0.0,1013.9
2017-09-14 04:00:00,19.2,89,10.7,0.0,1013.6
2017-09-14 05:00:00,19.0,88,11.4,0.0,1013.4
2017-09-14 06:00:00,18.9,87,11.5,2.0,1013.5
2017-09-14 07:00:00,20.6,80,14.1,96.0,1013.7
2017-09-14 08:00:00,22.7,73,17.0,292.0,1014.0
2017-09-14 09:00:00,24.6,65,19.6,494.0,1014.3
2017-09-14 10:00:00,25.8,60,20.3,665.0,1013.5
2017-09-14 11:00:00,26.9,57,19.3,770.0,1013.2
2017-09-14 12:00:00,27.8,53,19.7,817.0,1012.5
2017-09-14 13:00:00,28.5,48,20.4,815.0,1011.7
2017-09-14 14:00:00,28.5,46,21.3,682.0,1010.6
2017-09-14 15:00:00,28.4,46,21.2,635.0,1010.2
2017-09-14 16:00:00,27.8,48,19.7,438.0,1010.2
2017-09-14 17:00:00,26.6,56,14.8,212.0,1010.2
2017-09-14 18:00:00,25.5,59,13.2,47.0,1010.1
2017-09-14 19:00:00,24.9,62,13.2,0.0,1010.2
2017-09-14 20:00:00,23.9,62,16.2,0.0,1011.3
2017-09-14 21:00:00,23.7,65,17.3,0.0,1011.4
2017-09-14 22:00:00,23.6,68,17.4,0.0,1011.7
2017-09-14 23:00:00,23.4,70,17.8,0.0,1011.7
2017-09-15 00:00:00,22.9,73,19.4,0.0,1011.1
2017-09-15 01:00:00,22.8,74,20.5,0.0,1010.4
2017-09-15 02:00:00,22.8,76,19.6,0.0,1010.0
2017-09-15 03:00:00,22.7,76,19.6,0.0,1009.7
2017-09-15 04:00:00,22.6,77,19.4,0.0,1009.6
2017-09-15 05:00:00,22.5,78,20.5,0.0,1009.6
2017-09-15 06:00:00,21.5,88,19.3,0.0,1010.0
2017-09-15 07:00:00,21.5,88,19.3,10.0,1010.0
2017-09-15 08:00:00,21.6,87,19.3,41.0,1011.3
2017-09-15 09:00:00,22.3,84,19.8,89.0,1011.2
2017-09-15 10:00:00,23.1,82,19.2,143.0,1011.4
2017-09-15 11:00:00,23.9,80,19.7,172.0,1010.8
2017-09-15 12:00:00,24.9,78,24.5,245.0,1010.5
2017-09-15 13:00:00,25.6,76,23.1,259.0,1009.8
2017-09-15 14:00:00,25.5,76,19.7,115.0,1009.4
2017-09-15 15:00:00,25.6,75,21.3,113.0,1009.3
2017-09-15 16:00:00,25.5,73,20.5,89.0,1009.3
2017-09-15 17:00:00,25.5,70,21.1,74.0,1009.1
2017-09-15 18:00:00,24.7,71,18.9,39.0,1009.7
2017-09-15 19:00:00,24.3,72,17.8,0.0,1009.6
2017-09-15 20:00:00,23.8,77,16.0,0.0,1010.7
2017-09-15 21:00:00,23.6,77,16.5,0.0,1011.2
2017-09-15 22:00:00,23.5,78,16.9,0.0,1011.2
2017-09-15 23:00:00,23.3,78,18.1,0.0,1011.0
2017-09-16 00:00:00,23.1,79,15.8,0.0,1010.8
2017-09-16 01:00:00,22.9,81,15.9,0.0,1010.4
2017-09-16 02:00:00,22.7,81,15.1,0.0,1009.8
2017-09-16 03:00:00,22.1,84,15.1,0.0,1009.6
2017-09-16 04:00:00,22.0,84,15.5,0.0,1009.8
2017-09-16 05:00:00,22.0,84,17.1,0.0,1010.0
2017-09-16 06:00:00,22.0,84,16.6,1.0,1010.5
2017-09-16 07:00:00,22.2,83,15.3,30.0,1010.7
2017-09-16 08:00:00,22.9,80,17.7,112.0,1011.5
2017-09-16 09:00:00,23.9,74,18.4,360.0,1011.3
2017-09-16 10:00:00,24.9,68,18.9,466.0,1011.3
2017-09-16 11:00:00,25.4,61,17.7,418.0,1011.0
2017-09-16 12:00:00,25.9,55,17.9,518.0,1010.3
2017-09-16 13:00:00,26.4,54,18.9,615.0,1009.3
2017-09-16 14:00:00,26.5,51,21.3,659.0,1008.3
2017-09-16 15:00:00,26.9,50,20.7,634.0,1008.1
2017-09-16 16:00:00,26.6,52,17.7,463.0,1008.5
2017-09-16 17:00:00,25.4,57,15.7,243.0,1008.8
2017-09-16 18:00:00,24.1,59,15.7,49.0,1009.4
2017-09-16 19:00:00,23.7,60,15.5,0.0,1009.3
2017-09-16 20:00:00,22.1,70,7.3,0.0,1009.9
2017-09-16 21:00:00,22.1,70,8.9,0.0,1009.9
2017-09-16 22:00:00,21.6,71,10.0,0.0,1009.9
2017-09-16 23:00:00,21.4,70,9.6,0.0,1009.8
2017-09-17 00:00:00,21.9,68,10.7,0.0,1009.8
2017-09-17 01:00:00,21.7,72,8.4,0.0,1009.4
2017-09-17 02:00:00,21.1,77,8.2,0.0,1009.2
2017-09-17 03:00:00,19.9,83,8.2,0.0,1009.1
2017-09-17 04:00:00,19.2,85,7.4,0.0,1009.2
2017-09-17 05:00:00,18.9,86,9.2,0.0,1009.5
2017-09-17 06:00:00,18.8,86,8.9,1.0,1010.1
2017-09-17 07:00:00,20.5,80,9.9,89.0,1010.3
2017-09-17 08:00:00,22.3,73,12.1,283.0,1010.8
2017-09-17 09:00:00,23.9,65,14.8,485.0,1011.0
2017-09-17 10:00:00,25.1,60,15.8,633.0,1011.2
2017-09-17 11:00:00,26.0,56,14.7,717.0,1010.8
2017-09-17 12:00:00,26.9,50,14.3,785.0,1010.1
2017-09-17 13:00:00,27.5,48,13.7,805.0,1009.4
2017-09-17 14:00:00,27.8,46,13.4,760.0,1008.9
2017-09-17 15:00:00,27.7,45,12.5,624.0,1008.7
2017-09-17 16:00:00,27.2,47,12.3,443.0,1008.5
2017-09-17 17:00:00,25.9,56,10.2,239.0,1008.6
2017-09-17 18:00:00,23.6,66,7.1,58.0,1009.0
2017-09-17 19:00:00,22.5,72,6.9,0.0,1009.3
2017-09-17 20:00:00,23.2,68,3.6,0.0,1010.1
2017-09-17 21:00:00,22.4,73,1.6,0.0,1010.5
2017-09-17 22:00:00,21.5,78,2.1,0.0,1010.6
2017-09-17 23:00:00,20.1,86,4.2,0.0,1010.8
2017-09-18 00:00:00,19.7,87,5.2,0.0,1010.4
2017-09-18 01:00:00,19.3,87,5.8,0.0,1010.2
2017-09-18 02:00:00,19.0,87,5.8,0.0,1010.0
2017-09-18 03:00:00,18.6,87,5.1,0.0,1010.0
2017-09-18 04:00:00,18.2,89,5.1,0.0,1010.0
2017-09-18 05:00:00,17.7,92,5.8,0.0,1010.3
2017-09-18 06:00:00,17.7,92,5.8,1.0,1010.6
2017-09-18 07:00:00,20.7,79,5.8,88.0,1010.9
2017-09-18 08:00:00,23.5,69,5.3,280.0,1011.2
2017-09-18 09:00:00,25.5,62,5.1,482.0,1011.3
2017-09-18 10:00:00,26.9,60,5.8,656.0,1011.0
2017-09-18 11:00:00,28.0,56,6.7,780.0,1010.6
2017-09-18 12:00:00,29.1,50,7.4,841.0,1009.8
2017-09-18 13:00:00,29.8,46,6.7,831.0,1008.9
2017-09-18 14:00:00,30.3,43,6.3,754.0,1008.1
2017-09-18 15:00:00,30.4,42,7.3,618.0,1007.6
2017-09-18 16:00:00,30.0,46,8.9,435.0,1007.6
2017-09-18 17:00:00,28.3,59,11.1,231.0,1007.6
2017-09-18 18:00:00,26.2,68,12.4,54.0,1007.8
2017-09-18 19:00:00,24.7,77,12.4,0.0,1007.9
2017-09-18 20:00:00,24.2,80,9.6,0.0,1008.5
2017-09-18 21:00:00,24.0,81,9.1,0.0,1008.3
2017-09-18 22:00:00,23.3,84,7.7,0.0,1008.4
2017-09-18 23:00:00,22.2,89,7.9,0.0,1008.6
2017-09-19 00:00:00,23.5,81,3.4,0.0,1008.5
2017-09-19 01:00:00,23.0,84,3.3,0.0,1008.2
2017-09-19 02:00:00,20.6,95,6.1,0.0,1008.3
2017-09-19 03:00:00,20.2,97,5.7,0.0,1008.0
2017-09-19 04:00:00,19.8,98,5.5,0.0,1008.1
2017-09-19 05:00:00,19.8,98,5.4,0.0,1008.2
2017-09-19 06:00:00,20.3,96,4.4,1.0,1008.6
2017-09-19 07:00:00,22.3,87,2.9,78.0,1009.2
2017-09-19 08:00:00,25.2,70,2.2,264.0,1009.4
2017-09-19 09:00:00,27.2,60,1.5,399.0,1009.5
2017-09-19 10:00:00,28.6,56,1.1,484.0,1009.7
2017-09-19 11:00:00,29.7,53,3.8,583.0,1009.3
2017-09-19 12:00:00,30.2,52,3.9,601.0,1008.7
2017-09-19 13:00:00,29.6,54,5.2,269.0,1008.2
2017-09-19 14:00:00,28.6,60,11.2,148.0,1007.8
2017-09-19 15:00:00,28.1,62,14.1,205.0,1007.6
2017-09-19 16:00:00,26.6,67,12.7,83.0,1008.3
2017-09-19 17:00:00,26.1,71,12.9,40.0,1008.6
2017-09-19 18:00:00,25.4,70,13.6,8.0,1009.1
2017-09-19 19:00:00,24.0,76,13.4,0.0,1009.9
2017-09-19 20:00:00,25.0,72,15.9,0.0,1010.3
2017-09-19 21:00:00,23.6,74,15.1,0.0,1010.5
2017-09-19 22:00:00,22.6,80,11.6,0.0,1010.4
2017-09-19 23:00:00,21.8,89,10.4,0.0,1010.4
2017-09-20 00:00:00,21.3,91,10.4,0.0,1010.3
2017-09-20 01:00:00,21.5,88,10.8,0.0,1009.5
2017-09-20 02:00:00,21.6,90,8.5,0.0,1009.1
2017-09-20 03:00:00,21.5,93,7.1,0.0,1008.8
2017-09-20 04:00:00,21.7,93,4.3,0.0,1008.7
2017-09-20 05:00:00,21.8,94,6.1,0.0,1008.8
2017-09-20 06:00:00,21.9,94,9.7,0.0,1009.2
2017-09-20 07:00:00,21.9,93,11.9,7.0,1009.4
2017-09-20 08:00:00,21.4,91,13.7,30.0,1010.4
2017-09-20 09:00:00,21.1,92,13.2,35.0,1010.7
2017-09-20 10:00:00,21.3,93,11.4,89.0,1010.9
2017-09-20 11:00:00,21.0,93,11.6,71.0,1010.9
2017-09-20 12:00:00,21.3,92,11.4,59.0,1010.5
2017-09-20 13:00:00,22.0,89,10.8,96.0,1010.0
2017-09-20 14:00:00,21.7,88,13.1,98.0,1009.8
2017-09-20 15:00:00,20.7,93,13.0,62.0,1009.7
2017-09-20 16:00:00,20.3,93,13.3,22.0,1009.9
2017-09-20 17:00:00,20.2,93,11.3,14.0,1009.8
2017-09-20 18:00:00,20.4,93,12.1,4.0,1010.0
2017-09-20 19:00:00,20.6,94,10.7,0.0,1010.1
2017-09-20 20:00:00,19.5,93,9.7,0.0,1011.7
2017-09-20 21:00:00,19.9,90,9.7,0.0,1011.8
2017-09-20 22:00:00,20.1,90,8.7,0.0,1011.3
2017-09-20 23:00:00,20.2,91,9.0,0.0,1011.4
2017-09-21 00:00:00,20.0,93,8.6,0.0,1010.9
2017-09-21 01:00:00,20.2,92,10.5,0.0,1010.6
2017-09-21 02:00:00,20.1,93,9.9,0.0,1010.3
2017-09-21 03:00:00,20.2,92,11.4,0.0,1009.9
2017-09-21 04:00:00,20.1,93,11.4,0.0,1009.8
2017-09-21 05:00:00,20.1,94,11.9,0.0,1010.2
2017-09-21 06:00:00,20.2,93,11.9,0.0,1010.5
2017-09-21 07:00:00,20.4,93,11.2,7.0,1010.6
2017-09-21 08:00:00,20.2,93,9.8,25.0,1011.4
2017-09-21 09:00:00,20.9,91,9.7,56.0,1011.7
2017-09-21 10:00:00,21.5,89,10.0,71.0,1011.7
2017-09-21 11:00:00,22.0,88,9.3,82.0,1011.8
2017-09-21 12:00:00,22.1,88,9.4,71.0,1011.3
2017-09-21 13:00:00,22.1,88,9.8,74.0,1010.7
2017-09-21 14:00:00,22.1,87,9.2,60.0,1010.0
2017-09-21 15:00:00,22.1,88,6.9,46.0,1009.6
2017-09-21 16:00:00,22.5,87,6.6,66.0,1009.6
2017-09-21 17:00:00,22.2,89,6.5,29.0,1009.8
2017-09-21 18:00:00,21.9,91,6.1,10.0,1010.3
2017-09-21 19:00:00,21.8,91,6.2,0.0,1010.5
2017-09-21 20:00:00,21.6,93,3.6,0.0,1010.8
2017-09-21 21:00:00,21.6,93,1.8,0.0,1011.0
2017-09-21 22:00:00,21.5,93,2.6,0.0,1011.1
2017-09-21 23:00:00,21.2,96,2.3,0.0,1010.7
2017-09-22 00:00:00,20.6,98,3.2,0.0,1010.3
2017-09-22 01:00:00,20.7,97,2.7,0.0,1009.8
2017-09-22 02:00:00,20.7,98,3.0,0.0,1009.4
2017-09-22 03:00:00,20.9,96,1.9,0.0,1009.8
2017-09-22 04:00:00,21.1,96,2.3,0.0,1009.9
2017-09-22 05:00:00,21.0,96,3.9,0.0,1010.1
2017-09-22 06:00:00,21.0,95,5.5,0.0,1010.6
2017-09-22 07:00:00,21.1,95,3.1,8.0,1011.1
2017-09-22 08:00:00,21.3,95,1.3,47.0,1012.1
2017-09-22 09:00:00,21.7,93,0.5,49.0,1012.2
2017-09-22 10:00:00,22.6,89,3.6,163.0,1012.5
2017-09-22 11:00:00,23.6,84,3.1,239.0,1012.3
2017-09-22 12:00:00,23.8,83,2.1,122.0,1011.9
2017-09-22 13:00:00,23.9,83,0.4,101.0,1011.1
2017-09-22 14:00:00,23.9,82,2.2,84.0,1010.4
2017-09-22 15:00:00,24.3,81,3.3,147.0,1010.4
2017-09-22 16:00:00,24.3,82,6.5,119.0,1010.5
2017-09-22 17:00:00,24.1,84,6.6,105.0,1010.6
2017-09-22 18:00:00,22.7,92,3.7,26.0,1010.9
2017-09-22 19:00:00,22.3,93,4.3,0.0,1011.3
2017-09-22 20:00:00,22.6,92,6.2,0.0,1011.9
2017-09-22 21:00:00,22.4,94,6.5,0.0,1011.9
2017-09-22 22:00:00,22.2,96,4.1,0.0,1012.8
2017-09-22 23:00:00,22.4,96,3.7,0.0,1013.2
2017-09-23 00:00:00,22.2,97,3.8,0.0,1012.8
2017-09-23 01:00:00,22.2,97,2.9,0.0,1012.2
2017-09-23 02:00:00,22.1,97,5.4,0.0,1011.8
2017-09-23 03:00:00,21.9,98,5.0,0.0,1011.7
2017-09-23 04:00:00,22.0,97,5.2,0.0,1011.8
2017-09-23 05:00:00,22.0,97,6.0,0.0,1012.2
2017-09-23 06:00:00,22.1,98,7.2,0.0,1012.3
2017-09-23 07:00:00,22.3,96,9.7,5.0,1012.8
2017-09-23 08:00:00,22.5,96,8.7,13.0,1014.0
2017-09-23 09:00:00,22.7,95,12.0,33.0,1014.1
2017-09-23 10:00:00,22.6,94,14.2,20.0,1014.4
2017-09-23 11:00:00,22.1,90,17.6,32.0,1014.7
2017-09-23 12:00:00,20.5,89,16.3,44.0,1014.8
2017-09-23 13:00:00,20.1,91,13.5,35.0,1014.4
2017-09-23 14:00:00,20.9,87,14.5,87.0,1013.9
2017-09-23 15:00:00,20.7,81,17.9,126.0,1013.4
2017-09-23 16:00:00,20.5,84,13.5,115.0,1012.6
2017-09-23 17:00:00,20.4,90,13.5,61.0,1012.6
2017-09-23 18:00:00,20.1,89,8.7,5.0,1012.8
2017-09-23 19:00:00,20.1,91,8.0,0.0,1012.9
2017-09-23 20:00:00,19.9,91,4.8,0.0,1013.7
2017-09-23 21:00:00,19.6,94,5.4,0.0,1013.3
2017-09-23 22:00:00,19.9,95,3.7,0.0,1013.6
2017-09-23 23:00:00,20.2,95,3.7,0.0,1013.4
2017-09-24 00:00:00,20.4,96,1.9,0.0,1013.0
2017-09-24 01:00:00,20.5,95,2.9,0.0,1012.4
2017-09-24 02:00:00,20.7,95,3.1,0.0,1011.7
2017-09-24 03:00:00,20.8,96,2.3,0.0,1011.3
2017-09-24 04:00:00,20.8,97,0.7,0.0,1011.0
2017-09-24 05:00:00,20.7,96,3.2,0.0,1011.0
2017-09-24 06:00:00,20.7,97,2.9,0.0,1011.0
2017-09-24 07:00:00,21.0,95,2.1,20.0,1011.1
2017-09-24 08:00:00,21.2,90,3.4,102.0,1011.9
2017-09-24 09:00:00,21.9,88,1.9,118.0,1011.7
2017-09-24 10:00:00,23.1,85,3.9,249.0,1011.6
2017-09-24 11:00:00,24.4,83,5.5,352.0,1011.1
2017-09-24 12:00:00,25.3,81,5.8,360.0,1010.5
2017-09-24 13:00:00,26.0,79,4.5,352.0,1009.4
2017-09-24 14:00:00,26.5,78,4.7,260.0,1008.5
2017-09-24 15:00:00,26.9,78,4.4,210.0,1008.1
2017-09-24 16:00:00,26.7,81,7.2,107.0,1008.1
2017-09-24 17:00:00,25.8,87,11.6,55.0,1008.4
2017-09-24 18:00:00,24.8,91,9.7,13.0,1008.4
2017-09-24 19:00:00,24.4,93,8.4,0.0,1008.5
2017-09-24 20:00:00,23.6,98,5.2,0.0,1009.1
2017-09-24 21:00:00,23.6,99,4.3,0.0,1009.0
2017-09-24 22:00:00,23.9,98,1.5,0.0,1008.9
2017-09-24 23:00:00,23.4,99,2.5,0.0,1008.8
2017-09-25 00:00:00,23.2,99,4.0,0.0,1008.4
2017-09-25 01:00:00,23.0,99,5.5,0.0,1007.8
2017-09-25 02:00:00,22.9,98,5.4,0.0,1007.5
2017-09-25 03:00:00,23.2,97,6.7,0.0,1006.8
2017-09-25 04:00:00,23.3,96,7.4,0.0,1006.6
2017-09-25 05:00:00,23.4,96,7.2,0.0,1006.7
2017-09-25 06:00:00,23.5,95,6.9,0.0,1007.0
2017-09-25 07:00:00,24.9,91,7.4,48.0,1007.4
2017-09-25 08:00:00,25.4,92,6.2,156.0,1008.0
2017-09-25 09:00:00,26.7,89,4.9,251.0,1008.0
2017-09-25 10:00:00,27.3,87,1.1,280.0,1008.3
2017-09-25 11:00:00,28.2,83,4.4,330.0,1008.0
2017-09-25 12:00:00,29.3,79,3.9,349.0,1007.4
2017-09-25 13:00:00,30.0,78,5.9,511.0,1006.4
2017-09-25 14:00:00,30.6,76,6.4,572.0,1005.6
2017-09-25 15:00:00,29.9,80,3.3,377.0,1005.7
2017-09-25 16:00:00,29.4,83,2.3,106.0,1005.4
2017-09-25 17:00:00,29.5,83,0.8,128.0,1005.4
2017-09-25 18:00:00,29.0,85,1.1,20.0,1005.5
2017-09-25 19:00:00,27.1,93,5.0,0.0,1005.8
2017-09-25 20:00:00,27.0,94,3.8,0.0,1006.8
2017-09-25 21:00:00,27.2,94,0.4,0.0,1007.1
2017-09-25 22:00:00,26.7,97,1.5,0.0,1007.1
2017-09-25 23:00:00,25.1,100,3.7,0.0,1007.0
2017-09-26 00:00:00,25.2,99,4.4,0.0,1006.5
2017-09-26 01:00:00,24.8,98,4.5,0.0,1006.1
2017-09-26 02:00:00,24.5,97,5.1,0.0,1006.1
2017-09-26 03:00:00,24.5,95,5.4,0.0,1006.0
2017-09-26 04:00:00,24.1,96,5.8,0.0,1006.3
2017-09-26 05:00:00,24.1,96,4.6,0.0,1006.7
2017-09-26 06:00:00,23.9,96,4.6,0.0,1007.2
2017-09-26 07:00:00,25.2,93,5.1,64.0,1007.7
2017-09-26 08:00:00,26.7,89,1.3,230.0,1008.3
2017-09-26 09:00:00,28.8,83,1.1,409.0,1008.4
2017-09-26 10:00:00,29.6,80,1.6,385.0,1008.3
2017-09-26 11:00:00,31.0,74,4.9,513.0,1007.9
2017-09-26 12:00:00,31.6,72,12.3,640.0,1007.3
2017-09-26 13:00:00,29.7,75,10.2,394.0,1006.6
2017-09-26 14:00:00,31.3,72,7.6,448.0,1005.9
2017-09-26 15:00:00,31.5,71,8.9,477.0,1005.5
2017-09-26 16:00:00,31.2,72,6.0,284.0,1006.0
2017-09-26 17:00:00,30.3,80,4.0,142.0,1006.2
2017-09-26 18:00:00,29.5,82,3.1,26.0,1006.3
2017-09-26 19:00:00,27.4,93,3.9,0.0,1006.6
2017-09-26 20:00:00,28.5,86,1.8,0.0,1007.0
2017-09-26 21:00:00,27.7,92,3.0,0.0,1007.3
2017-09-26 22:00:00,27.2,93,2.6,0.0,1007.3
2017-09-26 23:00:00,26.9,94,6.1,0.0,1007.7
2017-09-27 00:00:00,26.7,93,9.1,0.0,1007.3
2017-09-27 01:00:00,25.9,92,9.1,0.0,1007.0
2017-09-27 02:00:00,25.4,93,7.0,0.0,1006.5
2017-09-27 03:00:00,25.3,92,8.0,0.0,1006.6
2017-09-27 04:00:00,25.0,92,8.1,0.0,1006.7
2017-09-27 05:00:00,25.0,92,10.2,0.0,1007.1
2017-09-27 06:00:00,25.1,90,10.2,0.0,1007.7
2017-09-27 07:00:00,25.5,89,12.5,44.0,1008.2
2017-09-27 08:00:00,26.0,91,6.4,136.0,1008.6
2017-09-27 09:00:00,26.9,85,17.6,239.0,1008.3
2017-09-27 10:00:00,27.2,82,18.3,319.0,1008.4
2017-09-27 11:00:00,27.3,80,18.6,364.0,1008.3
2017-09-27 12:00:00,27.0,79,16.4,271.0,1007.9
2017-09-27 13:00:00,27.8,74,17.1,291.0,1007.3
2017-09-27 14:00:00,27.0,77,18.2,263.0,1007.0
2017-09-27 15:00:00,26.1,80,15.2,165.0,1007.2
2017-09-27 16:00:00,25.9,80,14.0,165.0,1007.4
2017-09-27 17:00:00,25.2,83,13.8,54.0,1008.0
2017-09-27 18:00:00,24.7,84,12.3,10.0,1008.6
2017-09-27 19:00:00,24.5,85,12.0,0.0,1009.1
2017-09-27 20:00:00,24.1,87,9.7,0.0,1009.7
2017-09-27 21:00:00,23.9,88,10.4,0.0,1009.6
2017-09-27 22:00:00,23.7,89,10.4,0.0,1010.0
2017-09-27 23:00:00,23.5,89,10.1,0.0,1010.1
2017-09-28 00:00:00,23.3,89,9.5,0.0,1009.8
2017-09-28 01:00:00,23.1,90,10.7,0.0,1009.7
2017-09-28 02:00:00,22.8,90,12.2,0.0,1009.7
2017-09-28 03:00:00,22.4,89,13.8,0.0,1009.9
2017-09-28 04:00:00,21.8,90,14.5,0.0,1010.0
2017-09-28 05:00:00,21.5,85,16.4,0.0,1010.5
2017-09-28 06:00:00,21.0,82,15.4,0.0,1011.1
2017-09-28 07:00:00,19.8,87,16.9,7.0,1012.5
2017-09-28 08:00:00,19.0,91,13.5,29.0,1013.9
2017-09-28 09:00:00,19.1,87,13.0,63.0,1014.3
2017-09-28 10:00:00,19.0,85,14.1,89.0,1014.7
2017-09-28 11:00:00,19.0,81,12.6,116.0,1014.8
2017-09-28 12:00:00,19.1,82,10.4,118.0,1014.4
2017-09-28 13:00:00,19.2,82,10.9,136.0,1014.1
2017-09-28 14:00:00,19.2,80,9.7,98.0,1013.6
2017-09-28 15:00:00,19.6,76,9.5,127.0,1013.4
2017-09-28 16:00:00,19.5,76,6.8,50.0,1013.4
2017-09-28 17:00:00,19.7,75,3.3,25.0,1013.9
2017-09-28 18:00:00,19.7,78,1.5,5.0,1014.3
2017-09-28 19:00:00,18.7,83,3.9,0.0,1014.6
2017-09-28 20:00:00,18.4,87,3.9,0.0,1015.4
2017-09-28 21:00:00,17.4,93,4.0,0.0,1015.3
2017-09-28 22:00:00,16.8,94,5.4,0.0,1015.4
2017-09-28 23:00:00,17.0,92,5.1,0.0,1015.7
2017-09-29 00:00:00,16.8,90,5.1,0.0,1015.6
2017-09-29 01:00:00,16.1,92,4.9,0.0,1015.3
2017-09-29 02:00:00,15.3,95,5.2,0.0,1014.8
2017-09-29 03:00:00,15.3,96,4.4,0.0,1014.6
2017-09-29 04:00:00,15.5,95,3.8,0.0,1014.7
2017-09-29 05:00:00,15.4,94,4.6,0.0,1014.9
2017-09-29 06:00:00,15.5,93,4.9,0.0,1015.5
2017-09-29 07:00:00,17.4,87,3.0,44.0,1016.2
2017-09-29 08:00:00,18.8,87,2.2,199.0,1017.3
2017-09-29 09:00:00,20.5,83,2.4,357.0,1017.7
2017-09-29 10:00:00,21.2,80,4.7,286.0,1017.5
2017-09-29 11:00:00,22.5,74,8.9,235.0,1017.5
2017-09-29 12:00:00,22.9,71,5.0,133.0,1016.6
2017-09-29 13:00:00,22.4,77,5.9,53.0,1016.4
2017-09-29 14:00:00,22.3,80,4.7,64.0,1015.8
2017-09-29 15:00:00,22.2,80,2.5,68.0,1015.6
2017-09-29 16:00:00,21.8,86,3.4,27.0,1015.8
2017-09-29 17:00:00,21.6,89,1.8,25.0,1015.6
2017-09-29 18:00:00,21.2,91,3.4,5.0,1015.7
2017-09-29 19:00:00,20.9,88,6.4,0.0,1016.4
2017-09-29 20:00:00,20.9,90,8.1,0.0,1017.3
2017-09-29 21:00:00,20.9,88,10.1,0.0,1017.4
2017-09-29 22:00:00,20.8,87,11.1,0.0,1017.4
2017-09-29 23:00:00,20.5,88,11.1,0.0,1017.2
2017-09-30 00:00:00,20.3,90,9.5,0.0,1016.6
2017-09-30 01:00:00,20.3,91,6.8,0.0,1016.4
2017-09-30 02:00:00,20.3,91,7.9,0.0,1016.0
2017-09-30 03:00:00,20.2,94,5.9,0.0,1015.7
2017-09-30 04:00:00,20.3,94,5.8,0.0,1015.7
2017-09-30 05:00:00,20.4,94,6.5,0.0,1015.8
2017-09-30 06:00:00,20.4,94,5.5,0.0,1016.0
2017-09-30 07:00:00,20.8,93,6.3,14.0,1016.4
2017-09-30 08:00:00,21.1,93,6.1,41.0,1017.0
2017-09-30 09:00:00,21.4,92,4.6,53.0,1017.0
2017-09-30 10:00:00,22.0,89,2.9,103.0,1017.0
2017-09-30 11:00:00,22.7,88,4.8,170.0,1016.8
2017-09-30 12:00:00,23.9,83,8.4,264.0,1016.1
2017-09-30 13:00:00,24.2,83,6.7,143.0,1015.4
2017-09-30 14:00:00,24.3,85,4.0,105.0,1014.9
2017-09-30 15:00:00,24.5,87,8.6,124.0,1014.2
2017-09-30 16:00:00,24.7,87,8.0,163.0,1013.9
2017-09-30 17:00:00,24.5,89,7.6,110.0,1014.0
2017-09-30 18:00:00,23.5,94,6.6,15.0,1014.0
2017-09-30 19:00:00,23.1,94,7.6,0.0,1014.1
2017-09-30 20:00:00,22.4,98,5.2,0.0,1014.3
2017-09-30 21:00:00,22.3,98,5.2,0.0,1014.3
2017-09-30 22:00:00,21.6,98,6.5,0.0,1014.1
2017-09-30 23:00:00,21.5,98,5.9,0.0,1013.8
2017-10-01 00:00:00,21.6,99,5.0,0.0,1012.9
2017-10-01 01:00:00,21.5,98,5.0,0.0,1012.2
2017-10-01 02:00:00,21.3,97,5.4,0.0,1011.4
2017-10-01 03:00:00,21.8,95,5.0,0.0,1011.1
2017-10-01 04:00:00,22.3,93,5.8,0.0,1011.0
2017-10-01 05:00:00,22.9,90,8.3,0.0,1010.7
2017-10-01 06:00:00,23.3,90,8.0,0.0,1010.7
2017-10-01 07:00:00,24.1,88,8.4,39.0,1011.0
2017-10-01 08:00:00,25.4,85,8.6,194.0,1011.2
2017-10-01 09:00:00,25.9,84,6.6,138.0,1011.1
2017-10-01 10:00:00,27.3,79,8.0,305.0,1010.9
2017-10-01 11:00:00,29.0,73,11.6,577.0,1010.2
2017-10-01 12:00:00,30.4,69,13.2,752.0,1009.3
2017-10-01 13:00:00,31.3,66,13.6,627.0,1008.3
2017-10-01 14:00:00,32.2,61,13.4,608.0,1007.1
2017-10-01 15:00:00,31.9,62,12.0,442.0,1007.0
2017-10-01 16:00:00,31.1,70,5.9,205.0,1006.8
2017-10-01 17:00:00,29.6,76,5.9,79.0,1006.9
2017-10-01 18:00:00,28.4,76,7.0,14.0,1007.0
2017-10-01 19:00:00,27.6,79,6.9,0.0,1007.6
2017-10-01 20:00:00,26.6,83,6.5,0.0,1007.8
2017-10-01 21:00:00,26.7,81,7.2,0.0,1007.7
2017-10-01 22:00:00,25.9,85,4.8,0.0,1008.0
2017-10-01 23:00:00,25.4,87,4.8,0.0,1008.3
2017-10-02 00:00:00,25.1,88,5.9,0.0,1008.1
2017-10-02 01:00:00,24.6,90,7.2,0.0,1007.8
2017-10-02 02:00:00,25.3,85,5.3,0.0,1007.3
2017-10-02 03:00:00,25.3,85,4.7,0.0,1007.0
2017-10-02 04:00:00,23.7,93,4.7,0.0,1007.4
2017-10-02 05:00:00,23.7,94,4.3,0.0,1007.6
2017-10-02 06:00:00,23.4,95,4.1,0.0,1007.9
2017-10-02 07:00:00,24.9,90,6.1,59.0,1008.7
2017-10-02 08:00:00,26.4,87,10.8,220.0,1009.7
2017-10-02 09:00:00,27.4,84,16.0,353.0,1010.3
2017-10-02 10:00:00,26.9,85,17.3,452.0,1010.6
2017-10-02 11:00:00,25.5,85,16.2,292.0,1011.0
2017-10-02 12:00:00,26.5,79,17.7,397.0,1010.6
2017-10-02 13:00:00,27.4,76,17.0,468.0,1009.9
2017-10-02 14:00:00,27.1,77,17.0,385.0,1009.7
2017-10-02 15:00:00,26.3,79,17.7,262.0,1009.5
2017-10-02 16:00:00,25.4,79,17.9,182.0,1010.1
2017-10-02 17:00:00,24.2,80,13.8,41.0,1010.9
2017-10-02 18:00:00,23.9,82,11.2,7.0,1011.5
2017-10-02 19:00:00,23.6,86,11.3,0.0,1012.3
2017-10-02 20:00:00,23.4,86,13.3,0.0,1013.8
2017-10-02 21:00:00,23.2,85,14.5,0.0,1014.5
2017-10-02 22:00:00,22.9,85,13.7,0.0,1014.9
2017-10-02 23:00:00,22.6,85,12.1,0.0,1015.1
2017-10-03 00:00:00,22.4,84,10.6,0.0,1015.2
2017-10-03 01:00:00,22.3,82,11.8,0.0,1015.4
2017-10-03 02:00:00,22.0,82,13.1,0.0,1015.3
2017-10-03 03:00:00,21.7,83,12.4,0.0,1015.5
2017-10-03 04:00:00,21.6,82,12.0,0.0,1015.5
2017-10-03 05:00:00,21.4,80,11.6,0.0,1015.8
2017-10-03 06:00:00,21.3,78,11.7,0.0,1016.5
2017-10-03 07:00:00,21.3,77,11.7,14.0,1017.1
2017-10-03 08:00:00,21.1,80,11.4,53.0,1018.2
2017-10-03 09:00:00,21.4,79,12.0,71.0,1018.5
2017-10-03 10:00:00,21.8,77,13.9,126.0,1018.5
2017-10-03 11:00:00,22.3,74,15.3,173.0,1018.6
2017-10-03 12:00:00,23.1,70,14.7,247.0,1018.0
2017-10-03 13:00:00,23.9,63,16.3,389.0,1017.3
2017-10-03 14:00:00,23.9,62,16.3,274.0,1017.1
2017-10-03 15:00:00,23.7,64,13.3,173.0,1016.9
2017-10-03 16:00:00,23.2,67,15.9,84.0,1017.3
2017-10-03 17:00:00,22.2,70,18.0,50.0,1018.0
2017-10-03 18:00:00,21.8,69,17.8,5.0,1018.7
2017-10-03 19:00:00,21.5,69,16.4,0.0,1019.4
2017-10-03 20:00:00,21.1,69,15.8,0.0,1020.1
2017-10-03 21:00:00,20.8,69,15.1,0.0,1020.5
2017-10-03 22:00:00,20.5,70,13.8,0.0,1021.2
2017-10-03 23:00:00,20.3,72,13.8,0.0,1021.2
2017-10-04 00:00:00,20.0,72,14.2,0.0,1021.3
2017-10-04 01:00:00,19.8,71,15.4,0.0,1021.1
2017-10-04 02:00:00,19.6,71,14.8,0.0,1021.0
2017-10-04 03:00:00,19.3,71,16.2,0.0,1020.9
2017-10-04 04:00:00,18.9,69,16.2,0.0,1020.6
2017-10-04 05:00:00,18.7,70,15.6,0.0,1020.7
2017-10-04 06:00:00,18.4,71,13.6,0.0,1021.1
2017-10-04 07:00:00,18.3,75,11.7,19.0,1021.7
2017-10-04 08:00:00,18.2,76,12.8,40.0,1022.7
2017-10-04 09:00:00,18.2,80,12.3,58.0,1023.0
2017-10-04 10:00:00,19.0,77,13.7,154.0,1022.8
2017-10-04 11:00:00,19.5,74,13.0,177.0,1022.2
2017-10-04 12:00:00,20.2,70,12.9,225.0,1021.4
2017-10-04 13:00:00,20.9,65,12.2,179.0,1020.8
2017-10-04 14:00:00,21.4,62,13.5,290.0,1020.0
2017-10-04 15:00:00,21.1,64,11.8,186.0,1019.7
2017-10-04 16:00:00,21.2,65,9.5,119.0,1019.6
2017-10-04 17:00:00,20.9,67,8.9,62.0,1019.5
2017-10-04 18:00:00,20.4,68,10.8,6.0,1019.7
2017-10-04 19:00:00,20.0,70,12.6,0.0,1020.0
2017-10-04 20:00:00,20.0,71,8.7,0.0,1020.5
2017-10-04 21:00:00,19.9,70,7.9,0.0,1020.4
2017-10-04 22:00:00,19.6,71,9.4,0.0,1020.5
2017-10-04 23:00:00,19.4,71,9.7,0.0,1020.3
2017-10-05 00:00:00,19.0,70,8.9,0.0,1020.1
2017-10-05 01:00:00,18.7,70,8.2,0.0,1019.7
2017-10-05 02:00:00,18.5,70,7.7,0.0,1019.0
2017-10-05 03:00:00,18.3,71,6.0,0.0,1018.9
2017-10-05 04:00:00,18.4,71,5.7,0.0,1018.4
2017-10-05 05:00:00,18.4,70,7.1,0.0,1018.4
2017-10-05 06:00:00,18.3,72,7.9,0.0,1018.5
2017-10-05 07:00:00,18.3,75,7.5,20.0,1018.6
2017-10-05 08:00:00,18.5,75,7.1,104.0,1018.5
2017-10-05 09:00:00,19.2,74,6.0,161.0,1018.7
2017-10-05 10:00:00,20.2,73,5.6,346.0,1018.6
2017-10-05 11:00:00,21.3,70,4.9,463.0,1018.2
2017-10-05 12:00:00,21.4,70,3.9,339.0,1017.6
2017-10-05 13:00:00,21.2,72,1.9,219.0,1016.9
2017-10-05 14:00:00,21.5,70,2.4,225.0,1015.9
2017-10-05 15:00:00,22.1,69,4.0,239.0,1015.4
2017-10-05 16:00:00,21.8,71,10.2,136.0,1015.6
2017-10-05 17:00:00,20.1,78,14.2,52.0,1015.9
2017-10-05 18:00:00,19.0,80,13.1,11.0,1016.3
2017-10-05 19:00:00,18.8,79,10.5,0.0,1016.9
2017-10-05 20:00:00,17.9,86,5.9,0.0,1017.3
2017-10-05 21:00:00,18.1,84,5.8,0.0,1017.5
2017-10-05 22:00:00,18.0,83,6.9,0.0,1017.6
2017-10-05 23:00:00,17.9,83,7.4,0.0,1017.9
2017-10-06 00:00:00,17.8,84,6.8,0.0,1017.7
2017-10-06 01:00:00,17.8,84,5.5,0.0,1017.3
2017-10-06 02:00:00,17.7,84,5.2,0.0,1017.0
2017-10-06 03:00:00,17.8,84,4.0,0.0,1016.8
2017-10-06 04:00:00,17.7,84,3.9,0.0,1016.7
2017-10-06 05:00:00,17.8,84,6.4,0.0,1016.9
2017-10-06 06:00:00,17.6,86,8.3,0.0,1017.1
2017-10-06 07:00:00,17.5,87,8.3,13.0,1017.6
2017-10-06 08:00:00,17.5,88,7.9,75.0,1018.6
2017-10-06 09:00:00,18.4,85,8.6,235.0,1018.7
2017-10-06 10:00:00,19.4,82,7.2,382.0,1018.7
2017-10-06 11:00:00,20.0,80,7.2,342.0,1018.8
2017-10-06 12:00:00,20.4,79,7.9,331.0,1018.1
2017-10-06 13:00:00,20.9,77,7.3,317.0,1017.4
2017-10-06 14:00:00,21.5,75,4.7,341.0,1016.5
2017-10-06 15:00:00,21.7,74,3.2,251.0,1016.2
2017-10-06 16:00:00,22.0,73,2.3,186.0,1015.9
2017-10-06 17:00:00,21.6,75,4.4,74.0,1015.7
2017-10-06 18:00:00,20.7,80,5.6,10.0,1016.1
2017-10-06 19:00:00,20.5,84,3.2,0.0,1016.7
2017-10-06 20:00:00,20.3,82,7.9,0.0,1017.6
2017-10-06 21:00:00,19.8,80,7.1,0.0,1017.8
2017-10-06 22:00:00,19.2,82,4.9,0.0,1018.3
2017-10-06 23:00:00,18.9,86,2.9,0.0,1018.5
2017-10-07 00:00:00,18.4,88,3.1,0.0,1018.1
2017-10-07 01:00:00,17.9,92,4.3,0.0,1017.9
2017-10-07 02:00:00,17.8,91,4.0,0.0,1017.7
2017-10-07 03:00:00,17.5,93,4.0,0.0,1017.3
2017-10-07 04:00:00,17.2,94,3.8,0.0,1017.2
2017-10-07 05:00:00,17.0,94,3.5,0.0,1017.5
2017-10-07 06:00:00,16.8,95,4.3,0.0,1017.9
2017-10-07 07:00:00,18.1,90,5.4,54.0,1018.2
2017-10-07 08:00:00,19.5,84,4.6,219.0,1019.4
2017-10-07 09:00:00,21.0,75,5.4,404.0,1019.5
2017-10-07 10:00:00,22.3,71,5.8,562.0,1019.4
2017-10-07 11:00:00,23.5,69,6.2,628.0,1018.8
2017-10-07 12:00:00,24.2,67,6.8,625.0,1017.9
2017-10-07 13:00:00,25.0,66,7.2,645.0,1016.8
2017-10-07 14:00:00,25.3,64,8.1,523.0,1016.1
2017-10-07 15:00:00,24.7,66,9.8,360.0,1015.9
2017-10-07 16:00:00,24.5,67,8.6,262.0,1016.0
2017-10-07 17:00:00,23.7,72,8.0,133.0,1016.1
2017-10-07 18:00:00,22.0,79,9.7,14.0,1016.6
2017-10-07 19:00:00,21.1,82,8.3,0.0,1017.1
2017-10-07 20:00:00,20.9,87,7.9,0.0,1017.4
2017-10-07 21:00:00,20.9,87,7.7,0.0,1017.4
2017-10-07 22:00:00,20.4,87,6.4,0.0,1017.3
2017-10-07 23:00:00,19.8,90,4.9,0.0,1017.6
2017-10-08 00:00:00,19.3,93,4.7,0.0,1017.5
2017-10-08 01:00:00,19.3,93,4.8,0.0,1017.4
2017-10-08 02:00:00,19.1,95,4.9,0.0,1017.4
2017-10-08 03:00:00,18.8,96,5.4,0.0,1017.1
2017-10-08 04:00:00,18.5,97,5.8,0.0,1017.2
2017-10-08 05:00:00,18.2,97,6.2,0.0,1017.4
2017-10-08 06:00:00,18.1,97,6.1,0.0,1017.9
2017-10-08 07:00:00,20.0,91,4.9,53.0,1018.3
2017-10-08 08:00:00,21.4,85,5.4,218.0,1019.2
2017-10-08 09:00:00,22.7,82,5.8,399.0,1019.4
2017-10-08 10:00:00,24.1,77,6.5,574.0,1019.1
2017-10-08 11:00:00,25.5,72,7.2,697.0,1018.8
2017-10-08 12:00:00,26.7,66,9.0,743.0,1018.0
2017-10-08 13:00:00,26.9,67,10.9,719.0,1016.8
2017-10-08 14:00:00,27.0,68,11.8,654.0,1016.1
2017-10-08 15:00:00,26.6,68,13.5,510.0,1015.9
2017-10-08 16:00:00,25.8,70,15.7,332.0,1015.8
2017-10-08 17:00:00,24.3,76,14.4,143.0,1016.1
2017-10-08 18:00:00,22.6,79,12.9,14.0,1016.5
2017-10-08 19:00:00,21.8,82,13.1,0.0,1017.1
2017-10-08 20:00:00,21.4,86,10.4,0.0,1017.3
2017-10-08 21:00:00,21.5,87,10.2,0.0,1017.3
2017-10-08 22:00:00,21.1,88,8.6,0.0,1017.5
2017-10-08 23:00:00,20.5,89,7.3,0.0,1017.8
2017-10-09 00:00:00,19.7,91,6.6,0.0,1017.5
2017-10-09 01:00:00,19.2,92,6.8,0.0,1017.2
2017-10-09 02:00:00,18.8,94,7.8,0.0,1016.8
2017-10-09 03:00:00,18.3,95,6.9,0.0,1016.6
2017-10-09 04:00:00,17.8,96,5.6,0.0,1016.5
2017-10-09 05:00:00,17.4,97,5.9,0.0,1016.6
2017-10-09 06:00:00,17.1,98,6.8,0.0,1017.2
2017-10-09 07:00:00,19.2,93,3.0,52.0,1017.6
2017-10-09 08:00:00,20.1,92,2.8,199.0,1018.6
2017-10-09 09:00:00,22.2,85,2.2,383.0,1018.5
2017-10-09 10:00:00,24.3,79,3.1,576.0,1018.0
2017-10-09 11:00:00,26.6,72,8.7,694.0,1017.5
2017-10-09 12:00:00,28.4,66,10.5,559.0,1016.5
2017-10-09 13:00:00,28.9,66,10.4,392.0,1015.3
2017-10-09 14:00:00,28.0,73,12.8,294.0,1014.8
2017-10-09 15:00:00,27.9,74,14.9,331.0,1014.3
2017-10-09 16:00:00,27.6,79,14.2,232.0,1014.2
2017-10-09 17:00:00,26.6,83,13.1,115.0,1014.2
2017-10-09 18:00:00,25.2,88,13.4,11.0,1014.4
2017-10-09 19:00:00,24.6,91,12.6,0.0,1014.8
2017-10-09 20:00:00,24.0,94,6.2,0.0,1015.0
2017-10-09 21:00:00,24.7,90,8.8,0.0,1015.0
2017-10-09 22:00:00,24.8,87,10.3,0.0,1015.4
2017-10-09 23:00:00,24.5,88,9.6,0.0,1015.5
2017-10-10 00:00:00,23.9,91,8.4,0.0,1015.2
2017-10-10 01:00:00,23.5,94,7.9,0.0,1015.2
2017-10-10 02:00:00,23.1,95,6.6,0.0,1014.8
2017-10-10 03:00:00,22.7,96,5.6,0.0,1014.7
2017-10-10 04:00:00,22.5,97,5.3,0.0,1014.8
2017-10-10 05:00:00,22.1,98,5.0,0.0,1014.9
2017-10-10 06:00:00,22.1,98,5.2,0.0,1015.1
2017-10-10 07:00:00,23.4,95,7.3,49.0,1015.4
2017-10-10 08:00:00,25.1,90,3.8,211.0,1016.0
2017-10-10 09:00:00,26.9,83,2.7,385.0,1016.2
2017-10-10 10:00:00,28.6,75,5.6,549.0,1015.8
2017-10-10 11:00:00,29.8,69,5.4,559.0,1015.4
2017-10-10 12:00:00,30.4,65,2.8,540.0,1014.6
2017-10-10 13:00:00,30.7,64,2.2,538.0,1013.9
2017-10-10 14:00:00,30.8,64,3.5,458.0,1013.4
2017-10-10 15:00:00,30.6,65,6.0,340.0,1013.0
2017-10-10 16:00:00,30.0,70,8.7,239.0,1013.2
2017-10-10 17:00:00,28.3,79,8.0,101.0,1013.6
2017-10-10 18:00:00,26.3,86,9.1,9.0,1014.4
2017-10-10 19:00:00,25.4,88,12.7,0.0,1014.8
2017-10-10 20:00:00,25.3,91,6.4,0.0,1015.3
2017-10-10 21:00:00,25.1,89,7.8,0.0,1015.4
2017-10-10 22:00:00,24.9,92,15.6,0.0,1015.2
2017-10-10 23:00:00,24.4,93,12.2,0.0,1015.6
2017-10-11 00:00:00,23.7,95,12.1,0.0,1015.7
2017-10-11 01:00:00,23.7,94,14.2,0.0,1015.9
2017-10-11 02:00:00,23.3,90,17.6,0.0,1015.7
2017-10-11 03:00:00,22.4,91,17.3,0.0,1015.7
2017-10-11 04:00:00,21.8,91,18.5,0.0,1016.0
2017-10-11 05:00:00,21.0,90,20.8,0.0,1016.3
2017-10-11 06:00:00,20.5,89,20.6,0.0,1016.7
2017-10-11 07:00:00,20.3,89,19.0,9.0,1017.3
2017-10-11 08:00:00,19.7,89,16.1,36.0,1018.5
2017-10-11 09:00:00,19.9,88,18.1,80.0,1018.9
2017-10-11 10:00:00,19.7,88,17.9,78.0,1019.2
2017-10-11 11:00:00,20.2,87,16.9,74.0,1018.8
2017-10-11 12:00:00,21.1,83,16.2,86.0,1018.2
2017-10-11 13:00:00,21.5,82,16.4,99.0,1017.7
2017-10-11 14:00:00,21.4,81,16.9,115.0,1017.3
2017-10-11 15:00:00,21.3,84,13.4,75.0,1017.2
2017-10-11 16:00:00,21.2,85,12.3,37.0,1017.7
2017-10-11 17:00:00,20.9,84,15.5,23.0,1018.2
2017-10-11 18:00:00,20.3,84,17.0,2.0,1018.6
2017-10-11 19:00:00,19.9,84,16.9,0.0,1019.0
2017-10-11 20:00:00,18.9,87,13.9,0.0,1019.8
2017-10-11 21:00:00,18.8,87,14.1,0.0,1019.8
2017-10-11 22:00:00,18.6,86,14.3,0.0,1019.8
2017-10-11 23:00:00,18.4,86,13.4,0.0,1019.8
2017-10-12 00:00:00,18.3,87,12.6,0.0,1019.6
2017-10-12 01:00:00,18.3,86,11.9,0.0,1019.3
2017-10-12 02:00:00,18.3,87,11.2,0.0,1018.9
2017-10-12 03:00:00,18.4,87,11.2,0.0,1018.6
2017-10-12 04:00:00,18.4,87,11.6,0.0,1018.2
2017-10-12 05:00:00,18.3,86,12.0,0.0,1018.0
2017-10-12 06:00:00,18.2,85,12.3,0.0,1018.3
2017-10-12 07:00:00,18.3,85,12.7,18.0,1018.8
2017-10-12 08:00:00,17.8,88,11.5,40.0,1019.5
2017-10-12 09:00:00,18.1,85,13.0,59.0,1019.5
2017-10-12 10:00:00,18.0,86,15.3,62.0,1019.7
2017-10-12 11:00:00,18.3,81,19.2,153.0,1019.4
2017-10-12 12:00:00,18.0,79,19.9,139.0,1018.8
2017-10-12 13:00:00,18.0,79,21.3,105.0,1018.6
2017-10-12 14:00:00,18.3,79,17.3,88.0,1018.1
2017-10-12 15:00:00,18.5,77,17.8,95.0,1018.0
2017-10-12 16:00:00,18.2,79,11.9,43.0,1018.2
2017-10-12 17:00:00,17.8,80,13.7,16.0,1018.3
2017-10-12 18:00:00,17.4,78,13.3,2.0,1018.7
2017-10-12 19:00:00,17.4,78,12.6,0.0,1018.9
2017-10-12 20:00:00,16.5,87,11.7,0.0,1019.9
2017-10-12 21:00:00,16.5,89,12.6,0.0,1020.0
2017-10-12 22:00:00,16.5,90,11.4,0.0,1019.8
2017-10-12 23:00:00,16.7,89,12.3,0.0,1019.8
2017-10-13 00:00:00,16.7,87,13.0,0.0,1019.4
2017-10-13 01:00:00,16.7,87,13.7,0.0,1019.0
2017-10-13 02:00:00,16.7,87,13.1,0.0,1018.7
2017-10-13 03:00:00,16.7,87,11.7,0.0,1018.5
2017-10-13 04:00:00,16.7,86,12.0,0.0,1018.4
2017-10-13 05:00:00,16.7,85,11.4,0.0,1019.0
2017-10-13 06:00:00,16.6,83,11.3,0.0,1019.3
2017-10-13 07:00:00,16.6,82,11.5,5.0,1019.7
2017-10-13 08:00:00,16.2,85,12.3,44.0,1019.9
2017-10-13 09:00:00,16.5,82,13.0,40.0,1019.9
2017-10-13 10:00:00,17.1,78,13.0,93.0,1020.0
2017-10-13 11:00:00,17.9,72,14.1,167.0,1019.8
2017-10-13 12:00:00,18.5,69,14.7,185.0,1019.1
2017-10-13 13:00:00,18.6,68,13.0,127.0,1018.4
2017-10-13 14:00:00,19.2,65,14.6,165.0,1017.8
2017-10-13 15:00:00,19.3,63,16.2,164.0,1017.6
2017-10-13 16:00:00,18.8,64,17.4,131.0,1018.2
2017-10-13 17:00:00,18.3,65,16.1,51.0,1018.1
2017-10-13 18:00:00,18.0,64,14.8,4.0,1018.2
2017-10-13 19:00:00,17.9,64,14.0,0.0,1018.6
2017-10-13 20:00:00,17.5,67,14.3,0.0,1018.6
2017-10-13 21:00:00,17.1,70,12.1,0.0,1018.7
2017-10-13 22:00:00,16.9,71,11.8,0.0,1019.2
2017-10-13 23:00:00,16.8,72,10.6,0.0,1019.1
2017-10-14 00:00:00,17.1,71,12.6,0.0,1018.9
2017-10-14 01:00:00,17.3,69,14.8,0.0,1018.2
2017-10-14 02:00:00,17.2,69,15.8,0.0,1018.1
2017-10-14 03:00:00,17.2,70,16.4,0.0,1017.6
2017-10-14 04:00:00,17.2,71,15.3,0.0,1017.4
2017-10-14 05:00:00,17.0,73,14.4,0.0,1017.6
2017-10-14 06:00:00,17.1,73,14.2,0.0,1017.9
2017-10-14 07:00:00,17.8,72,16.3,37.0,1017.9
2017-10-14 08:00:00,18.4,72,16.5,164.0,1019.5
2017-10-14 09:00:00,19.4,68,19.2,241.0,1019.3
2017-10-14 10:00:00,20.2,64,20.3,338.0,1018.9
2017-10-14 11:00:00,20.9,63,21.4,273.0,1018.4
2017-10-14 12:00:00,21.3,61,22.0,250.0,1017.5
2017-10-14 13:00:00,19.8,79,17.0,167.0,1017.1
2017-10-14 14:00:00,18.5,85,16.9,97.0,1016.7
2017-10-14 15:00:00,17.9,82,17.6,78.0,1017.0
2017-10-14 16:00:00,17.8,87,12.6,24.0,1017.4
2017-10-14 17:00:00,18.1,83,17.3,20.0,1017.8
2017-10-14 18:00:00,17.9,83,17.5,1.0,1018.2
2017-10-14 19:00:00,17.7,81,18.5,0.0,1018.5
2017-10-14 20:00:00,16.6,85,16.3,0.0,1020.0
2017-10-14 21:00:00,16.6,84,14.4,0.0,1020.0
2017-10-14 22:00:00,16.7,85,13.2,0.0,1020.1
2017-10-14 23:00:00,16.6,82,13.6,0.0,1020.0
2017-10-15 00:00:00,16.5,77,14.2,0.0,1018.7
2017-10-15 01:00:00,16.4,81,13.8,0.0,1018.1
2017-10-15 02:00:00,16.5,82,13.4,0.0,1017.8
2017-10-15 03:00:00,16.7,78,14.8,0.0,1017.4
2017-10-15 04:00:00,16.6,79,15.4,0.0,1017.0
2017-10-15 05:00:00,16.1,86,14.3,0.0,1017.0
2017-10-15 06:00:00,16.3,87,17.5,0.0,1017.0
2017-10-15 07:00:00,16.8,88,17.5,2.0,1017.5
2017-10-15 08:00:00,15.7,87,17.7,13.0,1019.6
2017-10-15 09:00:00,16.4,84,20.4,27.0,1019.5
2017-10-15 10:00:00,17.1,83,20.3,54.0,1019.4
2017-10-15 11:00:00,17.5,83,19.1,49.0,1018.8
2017-10-15 12:00:00,18.0,83,20.4,72.0,1017.9
2017-10-15 13:00:00,18.2,80,20.0,71.0,1017.6
2017-10-15 14:00:00,18.1,81,19.5,39.0,1016.7
2017-10-15 15:00:00,18.2,82,19.0,31.0,1016.5
2017-10-15 16:00:00,18.0,83,18.9,20.0,1016.8
2017-10-15 17:00:00,17.4,88,17.2,10.0,1017.1
2017-10-15 18:00:00,17.3,90,18.4,1.0,1017.2
2017-10-15 19:00:00,17.2,92,19.1,0.0,1017.7
2017-10-15 20:00:00,16.8,91,20.2,0.0,1018.7
2017-10-15 21:00:00,16.8,92,19.5,0.0,1018.9
2017-10-15 22:00:00,16.8,92,18.5,0.0,1019.2
2017-10-15 23:00:00,16.8,92,19.3,0.0,1018.9
2017-10-16 00:00:00,16.8,93,19.0,0.0,1018.7
2017-10-16 01:00:00,16.9,93,20.3,0.0,1018.5
2017-10-16 02:00:00,17.0,91,20.9,0.0,1018.2
2017-10-16 03:00:00,17.0,91,19.6,0.0,1017.9
2017-10-16 04:00:00,17.0,92,19.6,0.0,1017.8
2017-10-16 05:00:00,17.1,92,20.6,0.0,1017.6
2017-10-16 06:00:00,17.1,93,19.9,0.0,1017.8
2017-10-16 07:00:00,17.4,92,17.5,3.0,1018.6
2017-10-16 08:00:00,17.2,93,20.1,15.0,1019.8
2017-10-16 09:00:00,17.3,93,19.0,17.0,1020.2
2017-10-16 10:00:00,17.5,93,18.4,16.0,1019.9
2017-10-16 11:00:00,18.1,93,17.6,55.0,1019.7
2017-10-16 12:00:00,18.1,92,18.4,42.0,1019.0
2017-10-16 13:00:00,18.0,92,16.2,28.0,1018.6
2017-10-16 14:00:00,18.0,91,16.2,26.0,1018.3
2017-10-16 15:00:00,18.0,91,17.6,16.0,1018.2
2017-10-16 16:00:00,18.0,91,16.6,8.0,1018.4
2017-10-16 17:00:00,17.9,92,17.3,4.0,1019.0
2017-10-16 18:00:00,18.0,92,19.1,0.0,1019.4
2017-10-16 19:00:00,18.1,91,20.1,0.0,1020.1
2017-10-16 20:00:00,17.6,92,15.9,0.0,1021.5
2017-10-16 21:00:00,17.4,89,18.5,0.0,1021.8
2017-10-16 22:00:00,17.1,86,19.5,0.0,1022.2
2017-10-16 23:00:00,16.6,80,16.9,0.0,1021.8
2017-10-17 00:00:00,16.6,83,14.3,0.0,1021.4
2017-10-17 01:00:00,16.7,85,11.9,0.0,1021.5
2017-10-17 02:00:00,16.7,85,13.7,0.0,1021.1
2017-10-17 03:00:00,16.7,84,14.0,0.0,1020.8
2017-10-17 04:00:00,16.8,83,15.1,0.0,1020.5
2017-10-17 05:00:00,16.9,83,14.8,0.0,1020.7
2017-10-17 06:00:00,17.0,84,14.8,0.0,1021.0
2017-10-17 07:00:00,17.2,87,15.5,5.0,1021.4
2017-10-17 08:00:00,16.9,90,14.8,22.0,1022.5
2017-10-17 09:00:00,17.3,89,12.9,54.0,1022.9
2017-10-17 10:00:00,17.9,85,15.5,103.0,1022.7
2017-10-17 11:00:00,18.4,80,18.5,207.0,1022.4
2017-10-17 12:00:00,18.6,78,17.9,216.0,1021.7
2017-10-17 13:00:00,19.4,73,18.5,342.0,1020.7
2017-10-17 14:00:00,19.9,69,18.5,325.0,1020.0
2017-10-17 15:00:00,19.1,72,17.9,168.0,1019.7
2017-10-17 16:00:00,18.8,72,15.4,93.0,1019.8
2017-10-17 17:00:00,18.3,73,13.2,35.0,1019.8
2017-10-17 18:00:00,17.9,74,13.3,2.0,1019.8
2017-10-17 19:00:00,17.6,74,11.9,0.0,1020.2
2017-10-17 20:00:00,17.3,74,13.1,0.0,1020.6
2017-10-17 21:00:00,17.2,74,12.7,0.0,1020.2
2017-10-17 22:00:00,16.9,76,10.1,0.0,1020.0
2017-10-17 23:00:00,16.8,76,11.7,0.0,1019.8
2017-10-18 00:00:00,16.8,77,12.7,0.0,1019.8
2017-10-18 01:00:00,16.8,77,12.9,0.0,1019.8
2017-10-18 02:00:00,16.7,78,13.0,0.0,1019.5
2017-10-18 03:00:00,16.6,79,11.2,0.0,1019.2
2017-10-18 04:00:00,16.5,80,9.9,0.0,1018.6
2017-10-18 05:00:00,16.4,81,10.6,0.0,1018.8
2017-10-18 06:00:00,16.4,81,10.0,0.0,1019.0
2017-10-18 07:00:00,16.7,82,10.3,9.0,1019.4
2017-10-18 08:00:00,16.9,84,10.5,42.0,1020.1
2017-10-18 09:00:00,17.3,83,10.6,57.0,1020.4
2017-10-18 10:00:00,18.1,81,10.0,131.0,1019.6
2017-10-18 11:00:00,19.4,76,11.7,218.0,1019.5
2017-10-18 12:00:00,20.2,73,12.6,220.0,1019.0
2017-10-18 13:00:00,19.8,75,17.4,181.0,1018.5
2017-10-18 14:00:00,19.6,75,15.6,172.0,1017.7
2017-10-18 15:00:00,19.8,73,16.1,229.0,1017.8
2017-10-18 16:00:00,19.5,75,14.8,107.0,1018.0
2017-10-18 17:00:00,18.5,78,14.8,57.0,1018.0
2017-10-18 18:00:00,17.7,80,14.5,3.0,1018.0
2017-10-18 19:00:00,17.6,81,16.5,0.0,1018.5
2017-10-18 20:00:00,17.7,80,17.3,0.0,1018.8
2017-10-18 21:00:00,17.6,78,19.5,0.0,1018.7
2017-10-18 22:00:00,17.2,77,17.8,0.0,1019.0
2017-10-18 23:00:00,17.0,78,15.4,0.0,1018.6
2017-10-19 00:00:00,16.8,78,15.7,0.0,1018.4
2017-10-19 01:00:00,16.6,77,16.1,0.0,1018.2
2017-10-19 02:00:00,16.4,76,16.1,0.0,1018.0
2017-10-19 03:00:00,16.2,75,15.6,0.0,1017.4
2017-10-19 04:00:00,15.9,76,13.4,0.0,1017.3
2017-10-19 05:00:00,15.8,76,12.9,0.0,1017.4
2017-10-19 06:00:00,15.7,77,12.9,0.0,1017.7
2017-10-19 07:00:00,15.8,78,11.3,9.0,1018.3
2017-10-19 08:00:00,15.9,80,10.0,37.0,1018.8
2017-10-19 09:00:00,16.4,78,12.1,84.0,1018.9
2017-10-19 10:00:00,16.7,78,11.9,113.0,1018.7
2017-10-19 11:00:00,16.9,78,11.4,95.0,1018.1
2017-10-19 12:00:00,18.0,74,12.2,270.0,1017.1
2017-10-19 13:00:00,18.8,69,16.9,370.0,1016.9
2017-10-19 14:00:00,17.9,72,17.0,172.0,1016.7
2017-10-19 15:00:00,17.7,72,13.3,119.0,1016.5
2017-10-19 16:00:00,17.7,72,12.0,82.0,1016.7
2017-10-19 17:00:00,17.4,74,10.4,38.0,1016.8
2017-10-19 18:00:00,17.1,76,9.5,2.0,1016.9
2017-10-19 19:00:00,16.9,76,9.8,0.0,1017.1
2017-10-19 20:00:00,16.5,76,9.0,0.0,1017.6
2017-10-19 21:00:00,16.5,76,9.2,0.0,1017.6
2017-10-19 22:00:00,16.4,75,9.3,0.0,1017.8
2017-10-19 23:00:00,16.4,75,9.7,0.0,1018.0
2017-10-20 00:00:00,16.3,76,10.5,0.0,1017.6
2017-10-20 01:00:00,16.2,77,10.5,0.0,1017.5
2017-10-20 02:00:00,16.0,78,10.4,0.0,1017.0
2017-10-20 03:00:00,16.1,79,11.2,0.0,1016.8
2017-10-20 04:00:00,16.0,81,12.0,0.0,1016.5
2017-10-20 05:00:00,16.1,82,12.2,0.0,1016.7
2017-10-20 06:00:00,16.0,83,12.0,0.0,1017.1
2017-10-20 07:00:00,16.2,83,11.6,9.0,1017.5
2017-10-20 08:00:00,16.1,84,10.6,34.0,1018.3
2017-10-20 09:00:00,17.0,82,11.1,128.0,1018.2
2017-10-20 10:00:00,18.5,78,11.9,289.0,1018.3
2017-10-20 11:00:00,19.8,69,12.9,345.0,1017.8
2017-10-20 12:00:00,19.5,72,14.7,266.0,1016.9
2017-10-20 13:00:00,20.0,69,14.7,273.0,1016.1
2017-10-20 14:00:00,20.3,67,12.8,225.0,1015.9
2017-10-20 15:00:00,19.7,72,13.4,184.0,1015.7
2017-10-20 16:00:00,19.3,76,13.8,143.0,1015.8
2017-10-20 17:00:00,18.8,77,11.9,30.0,1015.7
2017-10-20 18:00:00,18.5,77,12.2,1.0,1015.8
2017-10-20 19:00:00,18.1,77,13.3,0.0,1016.3
2017-10-20 20:00:00,17.4,79,11.2,0.0,1016.9
2017-10-20 21:00:00,17.5,79,12.6,0.0,1017.0
2017-10-20 22:00:00,16.6,84,10.7,0.0,1017.3
2017-10-20 23:00:00,15.2,88,9.4,0.0,1017.2
2017-10-21 00:00:00,14.2,88,9.7,0.0,1016.6
2017-10-21 01:00:00,13.6,90,10.2,0.0,1016.7
2017-10-21 02:00:00,13.4,92,11.4,0.0,1016.3
2017-10-21 03:00:00,13.3,92,11.3,0.0,1016.4
2017-10-21 04:00:00,13.1,93,11.4,0.0,1016.5
2017-10-21 05:00:00,13.0,94,11.3,0.0,1016.7
2017-10-21 06:00:00,13.1,93,12.6,0.0,1017.2
2017-10-21 07:00:00,14.0,90,16.0,36.0,1017.3
2017-10-21 08:00:00,15.6,85,14.9,164.0,1018.1
2017-10-21 09:00:00,17.0,79,17.3,271.0,1018.2
2017-10-21 10:00:00,18.5,70,18.5,398.0,1018.7
2017-10-21 11:00:00,19.1,64,18.4,407.0,1018.2
2017-10-21 12:00:00,19.6,60,18.0,450.0,1017.2
2017-10-21 13:00:00,19.7,60,19.9,463.0,1016.4
2017-10-21 14:00:00,19.7,59,22.4,479.0,1015.6
2017-10-21 15:00:00,19.5,62,21.0,292.0,1015.7
2017-10-21 16:00:00,19.1,62,17.5,185.0,1015.5
2017-10-21 17:00:00,18.2,64,15.8,87.0,1015.5
2017-10-21 18:00:00,17.5,65,14.2,3.0,1015.3
2017-10-21 19:00:00,17.0,69,13.4,0.0,1015.3
2017-10-21 20:00:00,16.3,73,10.3,0.0,1015.3
2017-10-21 21:00:00,15.7,78,10.1,0.0,1015.4
2017-10-21 22:00:00,15.3,80,9.9,0.0,1015.5
2017-10-21 23:00:00,14.8,81,10.0,0.0,1015.6
2017-10-22 00:00:00,14.3,83,10.5,0.0,1014.9
2017-10-22 01:00:00,13.9,84,11.3,0.0,1014.8
2017-10-22 02:00:00,13.5,85,10.7,0.0,1014.3
2017-10-22 03:00:00,13.3,85,9.9,0.0,1014.7
2017-10-22 04:00:00,13.1,86,10.1,0.0,1014.7
2017-10-22 05:00:00,12.9,86,11.3,0.0,1015.0
2017-10-22 06:00:00,12.6,89,11.5,0.0,1015.3
2017-10-22 07:00:00,13.5,86,14.3,38.0,1015.1
2017-10-22 08:00:00,15.5,80,15.8,186.0,1016.0
2017-10-22 09:00:00,17.3,73,17.5,337.0,1015.6
2017-10-22 10:00:00,18.7,65,25.4,502.0,1015.9
2017-10-22 11:00:00,19.0,62,22.7,412.0,1015.5
2017-10-22 12:00:00,19.1,61,22.2,331.0,1015.3
2017-10-22 13:00:00,20.1,56,21.9,463.0,1014.3
2017-10-22 14:00:00,20.6,56,24.6,442.0,1013.5
2017-10-22 15:00:00,20.6,55,21.3,349.0,1013.5
2017-10-22 16:00:00,20.1,61,14.6,251.0,1013.5
2017-10-22 17:00:00,18.6,65,11.9,99.0,1013.7
2017-10-22 18:00:00,17.3,69,10.9,3.0,1013.9
2017-10-22 19:00:00,16.4,75,10.6,0.0,1014.6
2017-10-22 20:00:00,15.9,77,9.6,0.0,1015.1
2017-10-22 21:00:00,15.9,77,10.6,0.0,1015.1
2017-10-22 22:00:00,15.6,79,11.0,0.0,1015.2
2017-10-22 23:00:00,15.5,79,12.0,0.0,1015.7
2017-10-23 00:00:00,15.5,77,13.5,0.0,1016.0
2017-10-23 01:00:00,14.9,80,12.1,0.0,1016.0
2017-10-23 02:00:00,14.0,85,9.1,0.0,1016.4
2017-10-23 03:00:00,13.2,88,8.4,0.0,1016.5
2017-10-23 04:00:00,12.6,89,7.7,0.0,1016.8
2017-10-23 05:00:00,12.4,89,7.6,0.0,1017.4
2017-10-23 06:00:00,12.4,87,7.3,0.0,1017.9
2017-10-23 07:00:00,13.4,83,10.9,33.0,1018.5
2017-10-23 08:00:00,15.3,74,11.9,179.0,1020.0
2017-10-23 09:00:00,16.5,67,13.8,328.0,1020.5
2017-10-23 10:00:00,17.5,64,14.7,484.0,1020.6
2017-10-23 11:00:00,17.9,61,13.6,465.0,1020.2
2017-10-23 12:00:00,17.9,60,12.6,315.0,1019.8
2017-10-23 13:00:00,18.4,56,13.9,371.0,1019.2
2017-10-23 14:00:00,17.9,58,13.5,208.0,1019.2
2017-10-23 15:00:00,17.7,59,12.6,189.0,1019.5
2017-10-23 16:00:00,17.4,63,10.5,138.0,1019.8
2017-10-23 17:00:00,16.3,69,8.1,35.0,1020.1
2017-10-23 18:00:00,15.3,74,7.8,2.0,1020.6
2017-10-23 19:00:00,13.8,80,7.6,0.0,1021.2
2017-10-23 20:00:00,13.3,83,6.5,0.0,1021.7
2017-10-23 21:00:00,13.7,80,6.9,0.0,1022.1
2017-10-23 22:00:00,13.1,82,7.1,0.0,1022.6
2017-10-23 23:00:00,12.6,84,7.0,0.0,1023.0
2017-10-24 00:00:00,12.2,85,7.5,0.0,1023.0
2017-10-24 01:00:00,12.2,84,9.2,0.0,1022.9
2017-10-24 02:00:00,12.2,83,9.8,0.0,1022.8
2017-10-24 03:00:00,11.7,87,9.2,0.0,1022.9
2017-10-24 04:00:00,10.8,91,7.6,0.0,1023.3
2017-10-24 05:00:00,10.2,93,6.7,0.0,1023.8
2017-10-24 06:00:00,9.9,93,6.6,0.0,1024.1
2017-10-24 07:00:00,11.2,87,8.9,37.0,1024.5
2017-10-24 08:00:00,13.4,78,6.9,197.0,1025.8
2017-10-24 09:00:00,15.3,70,7.8,389.0,1026.2
2017-10-24 10:00:00,16.8,61,8.3,555.0,1026.0
2017-10-24 11:00:00,17.8,55,9.0,670.0,1025.5
2017-10-24 12:00:00,18.6,53,10.4,710.0,1024.7
2017-10-24 13:00:00,19.1,49,11.9,701.0,1023.7
2017-10-24 14:00:00,19.2,45,13.0,617.0,1023.1
2017-10-24 15:00:00,18.9,43,13.5,474.0,1023.0
2017-10-24 16:00:00,17.8,47,11.8,290.0,1023.1
2017-10-24 17:00:00,15.3,57,8.3,102.0,1023.5
2017-10-24 18:00:00,13.4,63,7.9,3.0,1023.7
2017-10-24 19:00:00,12.8,69,7.6,0.0,1024.1
2017-10-24 20:00:00,12.5,69,7.2,0.0,1024.5
2017-10-24 21:00:00,12.2,72,6.8,0.0,1024.2
2017-10-24 22:00:00,11.4,77,7.5,0.0,1024.5
2017-10-24 23:00:00,10.7,81,7.1,0.0,1024.8
2017-10-25 00:00:00,10.4,84,6.9,0.0,1024.6
2017-10-25 01:00:00,9.9,88,7.6,0.0,1024.6
2017-10-25 02:00:00,9.5,92,9.0,0.0,1024.4
2017-10-25 03:00:00,10.5,89,7.6,0.0,1024.1
2017-10-25 04:00:00,11.9,84,4.1,0.0,1023.8
2017-10-25 05:00:00,8.9,92,4.1,0.0,1024.2
2017-10-25 06:00:00,8.6,93,4.3,0.0,1024.5
2017-10-25 07:00:00,9.9,90,6.9,36.0,1024.8
2017-10-25 08:00:00,12.6,81,3.3,198.0,1025.6
2017-10-25 09:00:00,14.8,76,1.4,383.0,1025.7
2017-10-25 10:00:00,16.5,72,3.6,543.0,1025.1
2017-10-25 11:00:00,18.1,63,9.1,635.0,1024.6
2017-10-25 12:00:00,18.9,60,8.4,640.0,1023.4
2017-10-25 13:00:00,19.7,55,8.8,635.0,1022.7
2017-10-25 14:00:00,19.7,57,7.9,526.0,1022.0
2017-10-25 15:00:00,19.5,59,10.1,361.0,1021.6
2017-10-25 16:00:00,18.8,63,10.8,227.0,1021.4
2017-10-25 17:00:00,17.0,73,8.5,90.0,1021.4
2017-10-25 18:00:00,15.3,82,7.4,2.0,1021.7
2017-10-25 19:00:00,14.4,89,6.9,0.0,1022.1
2017-10-25 20:00:00,13.9,92,9.7,0.0,1022.1
2017-10-25 21:00:00,14.2,90,6.8,0.0,1022.0
2017-10-25 22:00:00,14.1,90,6.6,0.0,1021.6
2017-10-25 23:00:00,13.5,90,6.9,0.0,1021.6
2017-10-26 00:00:00,13.1,90,6.9,0.0,1021.1
2017-10-26 01:00:00,13.2,90,6.1,0.0,1020.8
2017-10-26 02:00:00,13.1,91,7.7,0.0,1020.5
2017-10-26 03:00:00,14.8,80,3.1,0.0,1020.2
2017-10-26 04:00:00,14.7,82,2.2,0.0,1019.8
2017-10-26 05:00:00,14.0,87,1.3,0.0,1019.9
2017-10-26 06:00:00,14.5,84,4.2,0.0,1020.0
2017-10-26 07:00:00,14.5,92,1.1,14.0,1019.7
2017-10-26 08:00:00,15.5,82,1.9,49.0,1020.4
2017-10-26 09:00:00,16.5,79,0.4,155.0,1020.4
2017-10-26 10:00:00,17.9,74,1.6,344.0,1020.0
2017-10-26 11:00:00,19.4,68,2.3,561.0,1019.5
2017-10-26 12:00:00,20.5,64,2.9,632.0,1018.4
2017-10-26 13:00:00,21.1,62,3.6,555.0,1017.5
2017-10-26 14:00:00,21.3,61,5.6,448.0,1016.9
2017-10-26 15:00:00,21.3,61,7.5,399.0,1016.6
2017-10-26 16:00:00,20.8,63,8.0,260.0,1016.6
2017-10-26 17:00:00,18.8,73,6.2,80.0,1016.8
2017-10-26 18:00:00,17.1,79,5.8,2.0,1016.8
2017-10-26 19:00:00,16.4,84,5.8,0.0,1017.2
2017-10-26 20:00:00,15.6,91,6.7,0.0,1017.3
2017-10-26 21:00:00,15.7,92,3.9,0.0,1017.5
2017-10-26 22:00:00,15.1,93,2.9,0.0,1017.8
2017-10-26 23:00:00,14.4,95,3.9,0.0,1017.7
2017-10-27 00:00:00,14.3,95,4.6,0.0,1017.5
2017-10-27 01:00:00,14.1,96,5.1,0.0,1017.3
2017-10-27 02:00:00,13.7,99,4.4,0.0,1017.1
2017-10-27 03:00:00,13.6,99,5.0,0.0,1016.7
2017-10-27 04:00:00,13.5,99,5.0,0.0,1016.6
2017-10-27 05:00:00,13.2,100,5.2,0.0,1016.9
2017-10-27 06:00:00,13.4,100,4.9,0.0,1017.4
2017-10-27 07:00:00,13.9,98,4.0,21.0,1017.8
2017-10-27 08:00:00,15.2,93,4.0,103.0,1018.5
2017-10-27 09:00:00,17.3,84,5.1,232.0,1018.4
2017-10-27 10:00:00,19.4,71,6.5,451.0,1018.3
2017-10-27 11:00:00,20.7,64,6.5,532.0,1017.7
2017-10-27 12:00:00,20.9,62,8.4,392.0,1016.9
2017-10-27 13:00:00,21.2,60,9.3,382.0,1016.3
2017-10-27 14:00:00,21.3,60,11.6,357.0,1015.9
2017-10-27 15:00:00,21.2,59,11.4,265.0,1015.9
2017-10-27 16:00:00,20.7,62,11.3,189.0,1015.9
2017-10-27 17:00:00,18.9,70,8.2,69.0,1016.3
2017-10-27 18:00:00,17.6,76,8.2,2.0,1016.6
2017-10-27 19:00:00,17.1,79,8.0,0.0,1017.2
2017-10-27 20:00:00,17.0,79,7.2,0.0,1017.2
2017-10-27 21:00:00,16.7,81,7.8,0.0,1017.2
2017-10-27 22:00:00,15.8,85,7.8,0.0,1017.3
2017-10-27 23:00:00,15.2,88,7.2,0.0,1017.1
2017-10-28 00:00:00,14.6,91,6.5,0.0,1016.7
2017-10-28 01:00:00,14.1,92,6.2,0.0,1016.8
2017-10-28 02:00:00,13.7,92,7.2,0.0,1016.7
2017-10-28 03:00:00,13.3,93,7.9,0.0,1016.3
2017-10-28 04:00:00,13.1,93,7.7,0.0,1016.2
2017-10-28 05:00:00,12.9,94,7.2,0.0,1017.0
2017-10-28 06:00:00,12.8,95,7.4,0.0,1017.7
2017-10-28 07:00:00,13.7,93,11.0,30.0,1017.9
2017-10-28 08:00:00,15.8,85,13.1,172.0,1018.9
2017-10-28 09:00:00,17.2,80,13.1,308.0,1018.8
2017-10-28 10:00:00,18.5,69,14.0,390.0,1018.9
2017-10-28 11:00:00,19.0,65,16.0,360.0,1018.7
2017-10-28 12:00:00,19.5,63,17.3,444.0,1018.0
2017-10-28 13:00:00,20.1,60,17.9,528.0,1017.3
2017-10-28 14:00:00,20.2,56,18.8,494.0,1017.0
2017-10-28 15:00:00,19.9,54,18.7,412.0,1017.1
2017-10-28 16:00:00,19.4,60,16.9,262.0,1017.3
2017-10-28 17:00:00,17.9,66,14.2,86.0,1017.6
2017-10-28 18:00:00,17.2,69,14.9,2.0,1018.3
2017-10-28 19:00:00,16.7,70,14.7,0.0,1019.0
2017-10-28 20:00:00,16.2,66,12.9,0.0,1019.5
2017-10-28 21:00:00,16.3,66,11.9,0.0,1019.6
2017-10-28 22:00:00,15.3,71,9.1,0.0,1020.2
2017-10-28 23:00:00,14.3,78,8.1,0.0,1020.4
2017-10-29 00:00:00,13.5,83,7.7,0.0,1020.2
2017-10-29 01:00:00,13.0,85,8.0,0.0,1020.1
2017-10-29 02:00:00,12.5,88,8.2,0.0,1020.1
2017-10-29 03:00:00,12.1,89,9.4,0.0,1020.1
2017-10-29 04:00:00,12.0,89,9.9,0.0,1020.6
2017-10-29 05:00:00,11.9,89,10.2,0.0,1021.1
2017-10-29 06:00:00,11.8,88,9.2,0.0,1021.6
2017-10-29 07:00:00,13.0,81,11.8,31.0,1022.4
2017-10-29 08:00:00,15.4,70,13.0,184.0,1023.8
2017-10-29 09:00:00,17.6,62,15.1,372.0,1024.2
2017-10-29 10:00:00,19.0,61,17.3,531.0,1024.3
2017-10-29 11:00:00,20.0,60,19.9,640.0,1024.4
2017-10-29 12:00:00,21.2,54,23.7,679.0,1024.6
2017-10-29 13:00:00,20.1,62,26.3,491.0,1024.5
2017-10-29 14:00:00,19.2,64,24.5,343.0,1024.6
2017-10-29 15:00:00,18.7,63,22.4,296.0,1024.8
2017-10-29 16:00:00,18.4,60,20.2,197.0,1025.1
2017-10-29 17:00:00,17.5,63,19.1,53.0,1025.2
2017-10-29 18:00:00,16.5,64,18.1,1.0,1026.0
2017-10-29 19:00:00,15.9,64,19.4,0.0,1026.7
2017-10-29 20:00:00,16.0,65,13.1,0.0,1027.2
2017-10-29 21:00:00,15.9,65,13.8,0.0,1027.5
2017-10-29 22:00:00,15.2,63,17.1,0.0,1027.9
2017-10-29 23:00:00,14.1,61,15.8,0.0,1028.4
2017-10-30 00:00:00,13.1,60,12.4,0.0,1028.4
2017-10-30 01:00:00,11.9,62,12.4,0.0,1028.8
2017-10-30 02:00:00,11.0,62,9.8,0.0,1028.8
2017-10-30 03:00:00,10.0,68,7.3,0.0,1028.5
2017-10-30 04:00:00,9.3,73,7.2,0.0,1028.6
2017-10-30 05:00:00,8.8,74,7.2,0.0,1028.9
2017-10-30 06:00:00,8.6,73,7.7,0.0,1029.4
2017-10-30 07:00:00,9.4,69,11.0,29.0,1029.8
2017-10-30 08:00:00,11.3,61,12.4,183.0,1031.0
2017-10-30 09:00:00,12.9,58,14.3,372.0,1031.1
2017-10-30 10:00:00,14.1,53,13.7,536.0,1030.8
2017-10-30 11:00:00,14.7,51,12.6,575.0,1030.2
2017-10-30 12:00:00,15.0,49,13.0,574.0,1029.2
2017-10-30 13:00:00,15.2,48,13.3,537.0,1028.3
2017-10-30 14:00:00,15.2,48,12.3,492.0,1027.5
2017-10-30 15:00:00,15.1,48,12.8,439.0,1027.0
2017-10-30 16:00:00,14.3,50,13.6,266.0,1027.0
2017-10-30 17:00:00,12.8,56,8.9,84.0,1027.2
2017-10-30 18:00:00,11.3,63,6.8,1.0,1027.4
2017-10-30 19:00:00,10.3,69,6.3,0.0,1027.6
2017-10-30 20:00:00,9.9,69,8.0,0.0,1027.2
2017-10-30 21:00:00,9.3,74,7.8,0.0,1026.8
2017-10-30 22:00:00,8.8,77,7.1,0.0,1026.9
2017-10-30 23:00:00,8.3,79,6.9,0.0,1026.8
2017-10-31 00:00:00,8.4,77,5.6,0.0,1026.2
2017-10-31 01:00:00,8.5,77,3.4,0.0,1026.1
2017-10-31 02:00:00,7.8,80,3.9,0.0,1025.9
2017-10-31 03:00:00,7.6,81,4.4,0.0,1025.6
2017-10-31 04:00:00,6.8,86,5.1,0.0,1025.4
2017-10-31 05:00:00,6.5,89,5.0,0.0,1025.3
2017-10-31 06:00:00,6.7,89,4.5,0.0,1025.5
2017-10-31 07:00:00,8.3,83,5.9,28.0,1025.8
2017-10-31 08:00:00,10.7,70,4.0,174.0,1027.0
2017-10-31 09:00:00,13.1,62,2.3,358.0,1027.0
2017-10-31 10:00:00,14.7,58,2.4,514.0,1026.6
2017-10-31 11:00:00,15.9,57,5.4,632.0,1025.8
2017-10-31 12:00:00,16.6,56,7.5,683.0,1024.7
2017-10-31 13:00:00,17.3,54,7.2,636.0,1023.4
2017-10-31 14:00:00,17.8,53,8.0,574.0,1022.6
2017-10-31 15:00:00,17.8,54,9.0,422.0,1021.9
2017-10-31 16:00:00,17.2,57,9.8,255.0,1021.6
2017-10-31 17:00:00,15.0,68,11.2,80.0,1021.7
2017-10-31 18:00:00,13.4,76,10.1,1.0,1022.0
2017-10-31 19:00:00,12.6,84,7.6,0.0,1022.3
2017-10-31 20:00:00,12.3,88,7.6,0.0,1022.3
2017-10-31 21:00:00,12.2,89,7.0,0.0,1022.1
2017-10-31 22:00:00,11.9,89,6.8,0.0,1022.1
2017-10-31 23:00:00,11.0,91,6.9,0.0,1021.9
2017-11-01 00:00:00,10.3,93,8.3,0.0,1021.6
2017-11-01 01:00:00,11.3,89,7.1,0.0,1021.5
2017-11-01 02:00:00,12.0,88,4.6,0.0,1020.7
2017-11-01 03:00:00,9.3,96,5.8,0.0,1020.4
2017-11-01 04:00:00,8.5,98,6.6,0.0,1020.2
2017-11-01 05:00:00,8.2,98,6.8,0.0,1019.9
2017-11-01 06:00:00,7.9,98,6.6,0.0,1020.0
2017-11-01 07:00:00,9.6,96,6.9,26.0,1020.0
2017-11-01 08:00:00,12.3,86,5.6,171.0,1020.5
2017-11-01 09:00:00,15.5,75,6.0,360.0,1020.5
2017-11-01 10:00:00,17.7,65,6.2,521.0,1020.3
2017-11-01 11:00:00,19.3,59,5.6,633.0,1019.8
2017-11-01 12:00:00,20.4,56,4.3,682.0,1019.1
2017-11-01 13:00:00,21.0,54,3.1,662.0,1018.0
2017-11-01 14:00:00,21.3,51,4.8,576.0,1017.4
2017-11-01 15:00:00,21.2,50,6.2,432.0,1017.1
2017-11-01 16:00:00,20.3,55,6.8,252.0,1017.3
2017-11-01 17:00:00,17.3,68,7.5,77.0,1017.3
2017-11-01 18:00:00,15.6,77,8.3,1.0,1017.5
2017-11-01 19:00:00,14.2,87,7.2,0.0,1017.7
2017-11-01 20:00:00,14.0,89,7.1,0.0,1017.8
2017-11-01 21:00:00,13.6,90,7.1,0.0,1018.1
2017-11-01 22:00:00,15.1,83,6.2,0.0,1018.3
2017-11-01 23:00:00,14.8,84,2.2,0.0,1018.2
2017-11-02 00:00:00,12.8,90,1.9,0.0,1017.9
2017-11-02 01:00:00,11.3,95,4.3,0.0,1017.6
2017-11-02 02:00:00,10.5,96,5.2,0.0,1017.1
2017-11-02 03:00:00,10.1,98,4.0,0.0,1016.5
2017-11-02 04:00:00,9.8,99,5.2,0.0,1016.2
2017-11-02 05:00:00,10.1,98,4.7,0.0,1016.5
2017-11-02 06:00:00,9.9,97,4.5,0.0,1016.8
2017-11-02 07:00:00,10.8,96,5.0,22.0,1017.3
2017-11-02 08:00:00,13.5,85,3.5,148.0,1017.9
2017-11-02 09:00:00,16.5,74,3.1,313.0,1017.9
2017-11-02 10:00:00,19.4,65,2.3,519.0,1017.8
2017-11-02 11:00:00,21.2,58,2.4,622.0,1017.3
2017-11-02 12:00:00,22.3,53,2.7,661.0,1016.4
2017-11-02 13:00:00,22.8,51,2.4,612.0,1015.5
2017-11-02 14:00:00,23.0,50,2.2,564.0,1015.1
2017-11-02 15:00:00,23.0,50,2.7,425.0,1015.1
2017-11-02 16:00:00,22.4,57,3.4,247.0,1015.2
2017-11-02 17:00:00,19.1,70,7.3,74.0,1015.5
2017-11-02 18:00:00,16.9,76,9.0,1.0,1015.8
2017-11-02 19:00:00,17.2,72,7.0,0.0,1016.4
2017-11-02 20:00:00,15.1,83,8.1,0.0,1016.5
2017-11-02 21:00:00,14.6,88,6.2,0.0,1016.9
2017-11-02 22:00:00,14.0,91,5.6,0.0,1017.5
2017-11-02 23:00:00,13.2,92,7.5,0.0,1017.8
2017-11-03 00:00:00,12.9,92,6.0,0.0,1017.5
2017-11-03 01:00:00,14.6,86,3.8,0.0,1017.8
2017-11-03 02:00:00,12.5,93,4.8,0.0,1017.7
2017-11-03 03:00:00,12.0,95,5.0,0.0,1017.8
2017-11-03 04:00:00,11.6,97,5.2,0.0,1018.0
2017-11-03 05:00:00,11.2,98,6.7,0.0,1018.5
2017-11-03 06:00:00,10.8,99,6.3,0.0,1019.1
2017-11-03 07:00:00,11.8,95,6.8,21.0,1019.6
2017-11-03 08:00:00,14.9,85,5.8,141.0,1020.8
2017-11-03 09:00:00,18.6,71,5.1,324.0,1021.0
2017-11-03 10:00:00,21.1,57,7.1,505.0,1021.2
2017-11-03 11:00:00,22.7,53,9.7,613.0,1021.3
2017-11-03 12:00:00,23.6,50,12.6,660.0,1020.5
2017-11-03 13:00:00,23.9,49,15.5,641.0,1020.1
2017-11-03 14:00:00,23.5,50,17.0,442.0,1020.1
2017-11-03 15:00:00,22.4,56,17.7,306.0,1020.4
2017-11-03 16:00:00,21.1,65,16.2,179.0,1021.1
2017-11-03 17:00:00,19.7,68,19.7,54.0,1021.8
2017-11-03 18:00:00,18.2,76,17.1,0.0,1023.0
2017-11-03 19:00:00,17.4,79,20.4,0.0,1024.4
2017-11-03 20:00:00,16.5,81,19.3,0.0,1026.0
2017-11-03 21:00:00,16.0,77,19.7,0.0,1027.0
2017-11-03 22:00:00,15.6,75,16.8,0.0,1027.7
2017-11-03 23:00:00,15.4,73,16.7,0.0,1028.3
2017-11-04 00:00:00,14.9,73,17.6,0.0,1028.7
2017-11-04 01:00:00,14.0,73,15.6,0.0,1029.2
2017-11-04 02:00:00,12.9,75,14.0,0.0,1029.4
2017-11-04 03:00:00,12.3,76,13.3,0.0,1029.2
2017-11-04 04:00:00,11.6,77,10.9,0.0,1029.2
2017-11-04 05:00:00,11.0,80,10.1,0.0,1029.7
2017-11-04 06:00:00,10.8,81,15.2,0.0,1030.2
2017-11-04 07:00:00,11.0,71,16.3,23.0,1030.8
2017-11-04 08:00:00,12.1,62,16.6,166.0,1031.8
2017-11-04 09:00:00,13.1,53,18.4,354.0,1032.0
2017-11-04 10:00:00,14.0,46,18.2,515.0,1032.0
2017-11-04 11:00:00,14.6,43,18.5,612.0,1031.7
2017-11-04 12:00:00,15.0,41,18.4,666.0,1030.7
2017-11-04 13:00:00,15.2,40,18.4,653.0,1029.7
2017-11-04 14:00:00,15.2,42,18.1,579.0,1029.0
2017-11-04 15:00:00,14.9,46,17.1,433.0,1028.9
2017-11-04 16:00:00,14.5,47,14.3,247.0,1028.8
2017-11-04 17:00:00,12.8,55,6.8,73.0,1028.9
2017-11-04 18:00:00,11.5,62,6.1,0.0,1029.1
2017-11-04 19:00:00,11.1,66,6.4,0.0,1029.4
2017-11-04 20:00:00,10.3,68,5.4,0.0,1029.7
2017-11-04 21:00:00,10.6,65,7.2,0.0,1029.6
2017-11-04 22:00:00,10.4,65,9.8,0.0,1029.8
2017-11-04 23:00:00,9.8,70,9.7,0.0,1029.6
2017-11-05 00:00:00,9.4,71,8.7,0.0,1029.2
2017-11-05 01:00:00,9.0,72,7.4,0.0,1028.9
2017-11-05 02:00:00,8.7,71,7.6,0.0,1028.3
2017-11-05 03:00:00,8.4,70,7.9,0.0,1027.7
2017-11-05 04:00:00,8.1,71,7.0,0.0,1027.4
2017-11-05 05:00:00,7.8,74,5.8,0.0,1027.3
2017-11-05 06:00:00,7.6,78,5.1,0.0,1027.7
2017-11-05 07:00:00,8.8,75,5.0,19.0,1027.9
2017-11-05 08:00:00,10.4,69,2.5,129.0,1028.8
2017-11-05 09:00:00,12.2,65,1.3,261.0,1028.8
2017-11-05 10:00:00,13.7,62,4.0,338.0,1028.5
2017-11-05 11:00:00,15.7,55,10.3,508.0,1027.8
2017-11-05 12:00:00,16.2,55,11.8,486.0,1026.5
2017-11-05 13:00:00,16.7,56,12.7,481.0,1025.2
2017-11-05 14:00:00,17.0,56,12.2,415.0,1024.3
2017-11-05 15:00:00,17.0,55,12.2,279.0,1023.8
2017-11-05 16:00:00,16.8,54,12.3,164.0,1023.5
2017-11-05 17:00:00,15.3,64,11.5,56.0,1023.4
2017-11-05 18:00:00,13.8,73,13.1,0.0,1023.7
2017-11-05 19:00:00,13.2,77,10.8,0.0,1023.6
2017-11-05 20:00:00,12.1,88,7.6,0.0,1024.3
2017-11-05 21:00:00,11.6,88,7.3,0.0,1023.8
2017-11-05 22:00:00,11.3,87,7.7,0.0,1024.0
2017-11-05 23:00:00,10.5,89,6.6,0.0,1023.7
2017-11-06 00:00:00,9.7,91,7.7,0.0,1023.2
2017-11-06 01:00:00,9.7,91,8.4,0.0,1022.4
2017-11-06 02:00:00,11.7,84,5.8,0.0,1021.8
2017-11-06 03:00:00,10.3,89,4.4,0.0,1021.2
2017-11-06 04:00:00,8.7,94,4.3,0.0,1021.1
2017-11-06 05:00:00,8.2,95,4.3,0.0,1021.0
2017-11-06 06:00:00,8.0,96,4.3,0.0,1021.3
2017-11-06 07:00:00,9.3,92,4.4,20.0,1021.2
2017-11-06 08:00:00,12.3,82,3.2,153.0,1021.8
2017-11-06 09:00:00,14.9,72,1.5,308.0,1021.6
2017-11-06 10:00:00,16.8,68,3.3,455.0,1021.7
2017-11-06 11:00:00,18.1,66,3.6,470.0,1021.3
2017-11-06 12:00:00,18.9,65,4.0,433.0,1020.1
2017-11-06 13:00:00,19.6,64,3.1,410.0,1019.2
2017-11-06 14:00:00,20.1,63,2.8,370.0,1018.7
2017-11-06 15:00:00,20.0,64,2.5,173.0,1018.6
2017-11-06 16:00:00,19.7,69,3.3,114.0,1018.8
2017-11-06 17:00:00,18.1,77,5.1,20.0,1018.6
2017-11-06 18:00:00,16.6,85,5.8,0.0,1018.8
2017-11-06 19:00:00,16.8,84,5.4,0.0,1018.8
2017-11-06 20:00:00,15.9,86,6.3,0.0,1019.2
2017-11-06 21:00:00,16.1,86,4.8,0.0,1019.4
2017-11-06 22:00:00,15.8,88,3.6,0.0,1019.5
2017-11-06 23:00:00,16.0,87,3.8,0.0,1019.5
2017-11-07 00:00:00,15.8,89,2.9,0.0,1019.2
2017-11-07 01:00:00,15.4,91,3.2,0.0,1019.1
2017-11-07 02:00:00,15.2,92,3.4,0.0,1018.7
2017-11-07 03:00:00,14.9,93,3.8,0.0,1018.4
2017-11-07 04:00:00,14.8,93,3.2,0.0,1018.3
2017-11-07 05:00:00,14.6,93,2.9,0.0,1018.6
2017-11-07 06:00:00,14.5,94,5.2,0.0,1019.0
2017-11-07 07:00:00,14.9,91,5.8,10.0,1019.3
2017-11-07 08:00:00,16.0,86,4.7,56.0,1020.1
2017-11-07 09:00:00,17.6,81,5.2,140.0,1020.5
2017-11-07 10:00:00,18.7,76,4.9,187.0,1020.3
2017-11-07 11:00:00,19.5,71,3.6,218.0,1020.0
2017-11-07 12:00:00,20.7,65,2.2,329.0,1019.0
2017-11-07 13:00:00,20.8,64,2.3,218.0,1018.2
2017-11-07 14:00:00,20.9,63,3.7,151.0,1018.0
2017-11-07 15:00:00,20.1,72,3.3,63.0,1018.2
2017-11-07 16:00:00,19.6,78,3.0,39.0,1018.5
2017-11-07 17:00:00,19.3,74,3.1,10.0,1018.7
2017-11-07 18:00:00,18.8,78,2.7,0.0,1019.0
2017-11-07 19:00:00,17.4,87,4.6,0.0,1019.4
2017-11-07 20:00:00,16.4,83,7.6,0.0,1020.1
2017-11-07 21:00:00,17.6,72,3.3,0.0,1020.0
2017-11-07 22:00:00,17.3,74,0.7,0.0,1020.2
2017-11-07 23:00:00,16.0,87,2.8,0.0,1020.6
2017-11-08 00:00:00,15.0,92,3.6,0.0,1020.4
2017-11-08 01:00:00,14.0,96,4.9,0.0,1020.2
2017-11-08 02:00:00,14.1,96,4.9,0.0,1019.7
2017-11-08 03:00:00,13.0,97,5.5,0.0,1019.6
2017-11-08 04:00:00,12.7,96,5.2,0.0,1019.8
2017-11-08 05:00:00,12.8,90,6.1,0.0,1020.2
2017-11-08 06:00:00,11.5,91,8.3,0.0,1020.6
2017-11-08 07:00:00,13.1,87,4.5,17.0,1021.2
2017-11-08 08:00:00,16.1,76,4.4,143.0,1022.6
2017-11-08 09:00:00,18.2,68,6.9,322.0,1022.6
2017-11-08 10:00:00,19.9,61,10.5,479.0,1022.4
2017-11-08 11:00:00,20.9,57,12.1,590.0,1022.2
2017-11-08 12:00:00,21.6,54,10.2,636.0,1021.5
2017-11-08 13:00:00,22.1,52,11.6,620.0,1020.7
2017-11-08 14:00:00,22.3,52,12.2,536.0,1020.1
2017-11-08 15:00:00,22.0,53,12.6,397.0,1020.2
2017-11-08 16:00:00,21.2,58,10.2,226.0,1020.6
2017-11-08 17:00:00,18.2,72,6.8,63.0,1020.6
2017-11-08 18:00:00,16.8,79,7.2,0.0,1021.3
2017-11-08 19:00:00,16.0,83,7.8,0.0,1021.9
2017-11-08 20:00:00,15.5,83,8.7,0.0,1022.1
2017-11-08 21:00:00,15.1,79,9.7,0.0,1022.7
2017-11-08 22:00:00,13.6,81,7.6,0.0,1022.9
2017-11-08 23:00:00,11.9,87,8.4,0.0,1022.9
2017-11-09 00:00:00,11.3,89,8.7,0.0,1022.6
2017-11-09 01:00:00,10.9,90,8.0,0.0,1022.2
2017-11-09 02:00:00,10.5,91,7.4,0.0,1021.5
2017-11-09 03:00:00,10.3,91,6.1,0.0,1021.4
2017-11-09 04:00:00,9.7,93,6.3,0.0,1021.4
2017-11-09 05:00:00,9.4,93,6.6,0.0,1021.6
2017-11-09 06:00:00,9.2,93,6.4,0.0,1022.0
2017-11-09 07:00:00,11.0,90,3.5,18.0,1022.5
2017-11-09 08:00:00,13.2,83,1.9,154.0,1023.4
2017-11-09 09:00:00,15.5,78,2.9,336.0,1022.9
2017-11-09 10:00:00,17.6,72,6.9,497.0,1022.5
2017-11-09 11:00:00,18.9,65,10.0,588.0,1021.7
2017-11-09 12:00:00,20.0,58,11.2,639.0,1020.9
2017-11-09 13:00:00,20.5,54,13.8,634.0,1020.0
2017-11-09 14:00:00,20.2,57,15.7,550.0,1019.4
2017-11-09 15:00:00,19.5,60,16.7,408.0,1019.0
2017-11-09 16:00:00,18.5,64,16.0,231.0,1019.0
2017-11-09 17:00:00,16.5,73,12.8,63.0,1019.0
2017-11-09 18:00:00,15.2,79,11.4,0.0,1018.9
2017-11-09 19:00:00,14.7,84,10.4,0.0,1018.8
2017-11-09 20:00:00,14.1,87,8.3,0.0,1018.3
2017-11-09 21:00:00,13.8,87,8.6,0.0,1018.1
2017-11-09 22:00:00,13.0,90,6.8,0.0,1017.8
2017-11-09 23:00:00,12.3,91,6.7,0.0,1017.8
2017-11-10 00:00:00,12.1,91,7.4,0.0,1017.4
2017-11-10 01:00:00,12.0,93,6.3,0.0,1017.2
2017-11-10 02:00:00,11.4,96,6.6,0.0,1016.7
2017-11-10 03:00:00,11.6,96,5.8,0.0,1016.0
2017-11-10 04:00:00,11.0,97,7.1,0.0,1015.8
2017-11-10 05:00:00,10.8,97,6.9,0.0,1015.8
2017-11-10 06:00:00,11.0,97,5.2,0.0,1015.9
2017-11-10 07:00:00,12.2,94,7.8,16.0,1016.2
2017-11-10 08:00:00,15.0,81,6.3,123.0,1016.8
2017-11-10 09:00:00,16.9,72,8.0,167.0,1017.2
2017-11-10 10:00:00,17.8,68,7.1,150.0,1017.3
2017-11-10 11:00:00,19.6,60,7.4,245.0,1017.0
2017-11-10 12:00:00,19.9,61,6.3,191.0,1016.2
2017-11-10 13:00:00,21.1,58,5.9,323.0,1016.0
2017-11-10 14:00:00,21.4,56,3.0,274.0,1015.9
2017-11-10 15:00:00,21.8,56,3.5,169.0,1016.0
2017-11-10 16:00:00,21.2,56,9.0,149.0,1017.0
2017-11-10 17:00:00,19.3,61,11.8,29.0,1017.7
2017-11-10 18:00:00,18.3,66,8.7,0.0,1018.3
2017-11-10 19:00:00,17.9,71,8.7,0.0,1018.8
2017-11-10 20:00:00,17.5,70,14.5,0.0,1019.6
2017-11-10 21:00:00,17.1,68,17.4,0.0,1020.5
2017-11-10 22:00:00,16.6,72,14.9,0.0,1021.2
2017-11-10 23:00:00,16.2,74,16.3,0.0,1021.9
2017-11-11 00:00:00,15.5,67,15.8,0.0,1022.3
2017-11-11 01:00:00,14.9,62,14.3,0.0,1022.1
2017-11-11 02:00:00,14.3,60,13.0,0.0,1022.1
2017-11-11 03:00:00,13.6,58,12.6,0.0,1022.1
2017-11-11 04:00:00,13.3,57,12.3,0.0,1022.1
2017-11-11 05:00:00,12.9,58,12.6,0.0,1022.2
2017-11-11 06:00:00,12.5,61,12.6,0.0,1022.5
2017-11-11 07:00:00,12.1,66,13.4,13.0,1023.0
2017-11-11 08:00:00,12.8,65,14.1,132.0,1023.8
2017-11-11 09:00:00,14.1,61,14.2,289.0,1023.8
2017-11-11 10:00:00,15.5,56,13.3,462.0,1023.5
2017-11-11 11:00:00,16.6,51,12.6,566.0,1022.9
2017-11-11 12:00:00,17.2,48,11.8,612.0,1022.0
2017-11-11 13:00:00,17.5,47,9.9,578.0,1021.1
2017-11-11 14:00:00,17.7,47,11.5,488.0,1020.2
2017-11-11 15:00:00,17.6,47,11.7,380.0,1019.8
2017-11-11 16:00:00,17.0,49,12.2,203.0,1019.9
2017-11-11 17:00:00,15.7,57,8.4,45.0,1019.9
2017-11-11 18:00:00,14.9,66,9.8,0.0,1020.3
2017-11-11 19:00:00,14.5,68,8.3,0.0,1020.4
2017-11-11 20:00:00,13.6,72,5.6,0.0,1020.5
2017-11-11 21:00:00,13.1,75,5.4,0.0,1020.7
2017-11-11 22:00:00,12.6,77,5.8,0.0,1020.6
2017-11-11 23:00:00,11.7,79,6.2,0.0,1020.5
2017-11-12 00:00:00,11.5,77,5.7,0.0,1020.2
2017-11-12 01:00:00,11.2,83,5.1,0.0,1020.4
2017-11-12 02:00:00,10.9,89,5.4,0.0,1020.0
2017-11-12 03:00:00,10.9,89,5.3,0.0,1019.3
2017-11-12 04:00:00,10.8,86,4.2,0.0,1019.0
2017-11-12 05:00:00,10.7,83,4.4,0.0,1018.8
2017-11-12 06:00:00,11.1,82,4.6,0.0,1019.0
2017-11-12 07:00:00,11.7,81,1.9,11.0,1019.4
2017-11-12 08:00:00,12.1,79,3.3,93.0,1019.9
2017-11-12 09:00:00,13.1,78,3.1,150.0,1020.2
2017-11-12 10:00:00,14.9,73,6.2,343.0,1019.9
2017-11-12 11:00:00,16.2,67,8.3,393.0,1019.5
2017-11-12 12:00:00,17.2,62,8.9,367.0,1018.5
2017-11-12 13:00:00,17.9,59,9.0,401.0,1017.4
2017-11-12 14:00:00,18.2,59,8.4,352.0,1016.2
2017-11-12 15:00:00,18.3,59,7.2,271.0,1015.9
2017-11-12 16:00:00,18.0,60,6.8,128.0,1015.9
2017-11-12 17:00:00,17.0,66,11.2,27.0,1016.4
2017-11-12 18:00:00,16.0,71,12.2,0.0,1016.9
2017-11-12 19:00:00,15.6,74,10.6,0.0,1017.3
2017-11-12 20:00:00,14.7,79,8.8,0.0,1017.7
2017-11-12 21:00:00,14.2,83,7.0,0.0,1017.8
2017-11-12 22:00:00,13.8,87,6.2,0.0,1018.1
2017-11-12 23:00:00,13.3,90,5.6,0.0,1018.0
2017-11-13 00:00:00,13.3,90,5.1,0.0,1017.2
2017-11-13 01:00:00,13.6,89,4.7,0.0,1016.9
2017-11-13 02:00:00,13.9,90,1.9,0.0,1016.5
2017-11-13 03:00:00,14.2,85,1.0,0.0,1015.6
2017-11-13 04:00:00,11.8,95,5.5,0.0,1015.6
2017-11-13 05:00:00,12.6,94,4.0,0.0,1015.8
2017-11-13 06:00:00,12.9,93,2.8,0.0,1016.2
2017-11-13 07:00:00,13.0,92,2.5,11.0,1016.6
2017-11-13 08:00:00,14.5,83,4.0,114.0,1017.0
2017-11-13 09:00:00,16.1,75,2.2,199.0,1017.1
2017-11-13 10:00:00,17.3,70,1.3,271.0,1016.8
2017-11-13 11:00:00,18.5,65,3.2,387.0,1016.4
2017-11-13 12:00:00,18.5,65,8.3,229.0,1015.8
2017-11-13 13:00:00,18.1,67,8.9,148.0,1014.9
2017-11-13 14:00:00,17.6,71,8.2,124.0,1014.3
2017-11-13 15:00:00,16.7,81,7.3,49.0,1014.0
2017-11-13 16:00:00,15.8,89,8.0,22.0,1014.5
2017-11-13 17:00:00,15.5,90,6.6,6.0,1015.3
2017-11-13 18:00:00,15.4,90,5.1,0.0,1016.0
2017-11-13 19:00:00,15.3,91,5.4,0.0,1016.3
2017-11-13 20:00:00,15.2,92,4.5,0.0,1016.3
2017-11-13 21:00:00,14.8,95,2.6,0.0,1016.2
2017-11-13 22:00:00,15.0,94,4.0,0.0,1016.5
2017-11-13 23:00:00,14.9,95,5.9,0.0,1016.8
2017-11-14 00:00:00,14.8,95,7.4,0.0,1016.8
2017-11-14 01:00:00,14.7,94,7.9,0.0,1017.4
2017-11-14 02:00:00,14.6,94,6.1,0.0,1017.3
2017-11-14 03:00:00,14.6,94,8.7,0.0,1017.5
2017-11-14 04:00:00,14.6,93,9.0,0.0,1017.7
2017-11-14 05:00:00,14.5,93,9.5,0.0,1017.9
2017-11-14 06:00:00,14.5,92,8.4,0.0,1018.1
2017-11-14 07:00:00,14.5,91,7.9,3.0,1018.5
2017-11-14 08:00:00,14.8,90,7.1,27.0,1019.1
2017-11-14 09:00:00,15.5,85,9.7,81.0,1019.6
2017-11-14 10:00:00,15.8,82,10.6,82.0,1019.7
2017-11-14 11:00:00,16.4,80,11.9,114.0,1019.5
2017-11-14 12:00:00,16.9,78,9.8,106.0,1018.5
2017-11-14 13:00:00,17.3,77,8.7,99.0,1017.6
2017-11-14 14:00:00,17.3,77,8.0,87.0,1017.1
2017-11-14 15:00:00,17.7,75,7.8,93.0,1017.0
2017-11-14 16:00:00,17.4,78,3.9,33.0,1017.8
2017-11-14 17:00:00,16.7,82,5.2,6.0,1018.2
2017-11-14 18:00:00,16.1,86,11.6,0.0,1018.8
2017-11-14 19:00:00,15.5,92,9.8,0.0,1019.4
2017-11-14 20:00:00,15.1,92,5.2,0.0,1019.6
2017-11-14 21:00:00,15.1,92,6.6,0.0,1019.7
2017-11-14 22:00:00,15.1,90,7.2,0.0,1019.7
2017-11-14 23:00:00,15.1,90,4.8,0.0,1019.8
2017-11-15 00:00:00,14.9,93,2.6,0.0,1019.8
2017-11-15 01:00:00,14.8,93,4.3,0.0,1019.9
2017-11-15 02:00:00,14.6,94,5.4,0.0,1019.7
2017-11-15 03:00:00,14.4,94,7.1,0.0,1019.6
2017-11-15 04:00:00,14.2,95,6.9,0.0,1019.6
2017-11-15 05:00:00,14.1,95,6.8,0.0,1019.6
2017-11-15 06:00:00,14.1,95,4.6,0.0,1019.7
2017-11-15 07:00:00,14.2,94,4.1,2.0,1020.2
2017-11-15 08:00:00,14.4,93,3.9,18.0,1020.9
2017-11-15 09:00:00,14.8,90,6.6,70.0,1021.2
2017-11-15 10:00:00,15.1,88,5.6,67.0,1021.2
2017-11-15 11:00:00,15.6,85,6.3,83.0,1020.9
2017-11-15 12:00:00,16.4,81,6.1,131.0,1020.1
2017-11-15 13:00:00,17.1,77,9.4,191.0,1019.5
2017-11-15 14:00:00,17.4,75,12.2,270.0,1019.0
2017-11-15 15:00:00,16.9,74,11.9,168.0,1019.1
2017-11-15 16:00:00,16.5,73,10.5,108.0,1019.2
2017-11-15 17:00:00,15.5,78,6.5,33.0,1019.5
2017-11-15 18:00:00,15.1,79,6.4,0.0,1019.9
2017-11-15 19:00:00,15.1,79,6.3,0.0,1020.2
2017-11-15 20:00:00,14.8,83,4.6,0.0,1020.5
2017-11-15 21:00:00,14.9,80,6.7,0.0,1020.5
2017-11-15 22:00:00,14.3,82,5.1,0.0,1019.9
2017-11-15 23:00:00,14.7,82,2.9,0.0,1020.1
2017-11-16 00:00:00,14.6,83,4.0,0.0,1019.9
2017-11-16 01:00:00,14.5,82,8.5,0.0,1019.2
2017-11-16 02:00:00,14.6,82,7.9,0.0,1019.0
2017-11-16 03:00:00,14.4,90,5.9,0.0,1019.3
2017-11-16 04:00:00,14.5,93,6.6,0.0,1019.2
2017-11-16 05:00:00,14.5,94,7.4,0.0,1019.1
2017-11-16 06:00:00,14.7,94,8.7,0.0,1018.9
2017-11-16 07:00:00,14.8,94,7.9,1.0,1019.0
2017-11-16 08:00:00,14.8,95,7.3,8.0,1019.2
2017-11-16 09:00:00,15.0,94,9.0,18.0,1019.4
2017-11-16 10:00:00,15.3,94,10.5,25.0,1019.2
2017-11-16 11:00:00,15.7,93,12.0,55.0,1018.6
2017-11-16 12:00:00,16.1,89,13.0,87.0,1017.9
2017-11-16 13:00:00,16.2,88,11.9,68.0,1017.0
2017-11-16 14:00:00,16.8,85,12.1,108.0,1016.2
2017-11-16 15:00:00,17.1,85,11.7,78.0,1015.7
2017-11-16 16:00:00,16.9,87,9.4,38.0,1015.9
2017-11-16 17:00:00,16.5,90,8.8,10.0,1015.9
2017-11-16 18:00:00,16.4,92,11.0,0.0,1016.2
2017-11-16 19:00:00,16.3,92,12.4,0.0,1016.2
2017-11-16 20:00:00,15.6,95,9.7,0.0,1015.7
2017-11-16 21:00:00,15.2,96,5.1,0.0,1015.9
2017-11-16 22:00:00,15.5,96,5.6,0.0,1015.6
2017-11-16 23:00:00,15.4,97,3.3,0.0,1015.0
2017-11-17 00:00:00,14.8,98,3.6,0.0,1014.7
2017-11-17 01:00:00,14.7,98,3.4,0.0,1014.2
2017-11-17 02:00:00,15.1,99,2.9,0.0,1013.4
2017-11-17 03:00:00,14.8,99,1.3,0.0,1012.6
2017-11-17 04:00:00,15.0,99,2.9,0.0,1012.1
2017-11-17 05:00:00,15.1,98,5.9,0.0,1012.2
2017-11-17 06:00:00,15.3,98,7.9,0.0,1012.5
2017-11-17 07:00:00,15.3,98,3.2,2.0,1012.3
2017-11-17 08:00:00,15.8,95,6.3,17.0,1012.3
2017-11-17 09:00:00,16.7,91,5.5,97.0,1012.2
2017-11-17 10:00:00,17.5,87,4.1,140.0,1011.9
2017-11-17 11:00:00,18.3,85,6.6,170.0,1011.5
2017-11-17 12:00:00,18.9,82,6.0,175.0,1011.0
2017-11-17 13:00:00,19.4,81,8.0,167.0,1010.4
2017-11-17 14:00:00,19.9,79,9.4,135.0,1009.7
2017-11-17 15:00:00,19.7,82,13.4,90.0,1009.6
2017-11-17 16:00:00,19.0,85,12.3,51.0,1010.0
2017-11-17 17:00:00,18.4,87,11.0,18.0,1010.4
2017-11-17 18:00:00,17.9,90,12.6,0.0,1011.0
2017-11-17 19:00:00,17.7,91,15.0,0.0,1011.7
2017-11-17 20:00:00,17.3,91,15.1,0.0,1011.6
2017-11-17 21:00:00,17.1,92,16.4,0.0,1012.2
2017-11-17 22:00:00,16.7,96,21.7,0.0,1013.1
2017-11-17 23:00:00,16.2,93,22.5,0.0,1014.2
2017-11-18 00:00:00,15.6,90,23.3,0.0,1015.2
2017-11-18 01:00:00,14.8,89,21.0,0.0,1016.5
2017-11-18 02:00:00,14.3,92,20.5,0.0,1017.5
2017-11-18 03:00:00,13.5,91,25.8,0.0,1018.4
2017-11-18 04:00:00,12.4,89,27.3,0.0,1019.3
2017-11-18 05:00:00,11.7,89,24.3,0.0,1020.6
2017-11-18 06:00:00,11.4,85,25.0,0.0,1021.4
2017-11-18 07:00:00,11.1,82,24.6,1.0,1022.3
2017-11-18 08:00:00,10.5,79,23.5,13.0,1024.2
2017-11-18 09:00:00,10.7,71,22.5,36.0,1025.2
2017-11-18 10:00:00,10.8,67,23.5,71.0,1025.9
2017-11-18 11:00:00,10.6,61,24.9,96.0,1026.2
2017-11-18 12:00:00,10.7,58,25.9,175.0,1025.9
2017-11-18 13:00:00,10.5,56,25.2,175.0,1025.5
2017-11-18 14:00:00,10.8,52,24.5,243.0,1025.1
2017-11-18 15:00:00,10.7,51,23.9,220.0,1025.4
2017-11-18 16:00:00,10.1,52,20.5,133.0,1025.8
2017-11-18 17:00:00,9.5,52,17.4,29.0,1026.3
2017-11-18 18:00:00,9.0,53,13.9,0.0,1026.9
2017-11-18 19:00:00,8.5,54,11.2,0.0,1027.2
2017-11-18 20:00:00,8.5,55,14.2,0.0,1027.6
2017-11-18 21:00:00,8.1,56,13.6,0.0,1028.0
2017-11-18 22:00:00,7.7,58,13.0,0.0,1028.3
2017-11-18 23:00:00,7.2,60,12.9,0.0,1028.2
2017-11-19 00:00:00,6.4,64,10.3,0.0,1027.9
2017-11-19 01:00:00,5.8,68,8.8,0.0,1027.9
2017-11-19 02:00:00,5.3,70,9.3,0.0,1028.2
2017-11-19 03:00:00,4.7,72,7.3,0.0,1027.7
2017-11-19 04:00:00,4.1,77,5.4,0.0,1027.6
2017-11-19 05:00:00,3.9,79,5.1,0.0,1027.9
2017-11-19 06:00:00,3.9,79,5.4,0.0,1028.0
2017-11-19 07:00:00,4.5,76,6.9,9.0,1028.2
2017-11-19 08:00:00,5.4,72,7.1,97.0,1028.7
2017-11-19 09:00:00,6.7,67,5.4,254.0,1028.6
2017-11-19 10:00:00,8.3,64,5.0,438.0,1028.7
2017-11-19 11:00:00,9.5,61,6.2,519.0,1028.1
2017-11-19 12:00:00,10.1,57,11.9,363.0,1026.1
2017-11-19 13:00:00,11.2,57,13.7,578.0,1024.9
2017-11-19 14:00:00,11.3,57,12.7,428.0,1024.2
2017-11-19 15:00:00,11.2,57,13.7,262.0,1024.2
2017-11-19 16:00:00,10.9,59,11.2,62.0,1024.6
2017-11-19 17:00:00,10.7,63,6.2,10.0,1025.0
2017-11-19 18:00:00,10.7,66,4.7,0.0,1025.3
2017-11-19 19:00:00,10.7,68,4.5,0.0,1025.4
2017-11-19 20:00:00,10.2,72,3.6,0.0,1025.5
2017-11-19 21:00:00,10.3,69,7.3,0.0,1025.8
2017-11-19 22:00:00,10.1,63,9.1,0.0,1026.1
2017-11-19 23:00:00,10.1,61,10.1,0.0,1026.5
2017-11-20 00:00:00,9.2,71,10.7,0.0,1026.6
2017-11-20 01:00:00,8.4,85,9.0,0.0,1026.5
2017-11-20 02:00:00,8.2,88,8.0,0.0,1026.3
2017-11-20 03:00:00,8.1,89,7.2,0.0,1025.8
2017-11-20 04:00:00,8.1,89,5.8,0.0,1025.5
2017-11-20 05:00:00,8.0,90,7.5,0.0,1026.0
2017-11-20 06:00:00,8.0,91,9.5,0.0,1026.3
2017-11-20 07:00:00,8.0,92,10.1,1.0,1026.7
2017-11-20 08:00:00,8.1,89,13.3,13.0,1027.7
2017-11-20 09:00:00,8.3,87,14.8,33.0,1028.4
2017-11-20 10:00:00,8.4,86,13.3,40.0,1028.3
2017-11-20 11:00:00,9.1,79,12.6,106.0,1028.0
2017-11-20 12:00:00,9.6,73,10.8,128.0,1027.4
2017-11-20 13:00:00,10.0,70,9.4,109.0,1026.4
2017-11-20 14:00:00,10.8,66,8.8,180.0,1026.1
2017-11-20 15:00:00,11.4,61,10.0,192.0,1025.7
2017-11-20 16:00:00,11.0,61,13.1,93.0,1025.9
2017-11-20 17:00:00,10.1,63,13.0,17.0,1026.3
2017-11-20 18:00:00,9.2,65,9.7,0.0,1026.5
2017-11-20 19:00:00,8.5,68,8.4,0.0,1026.8
2017-11-20 20:00:00,8.0,71,6.1,0.0,1027.5
2017-11-20 21:00:00,8.3,68,7.7,0.0,1027.3
2017-11-20 22:00:00,8.4,68,7.3,0.0,1027.5
2017-11-20 23:00:00,8.0,70,6.3,0.0,1027.5
2017-11-21 00:00:00,7.3,72,7.0,0.0,1027.3
2017-11-21 01:00:00,6.6,74,6.1,0.0,1026.9
2017-11-21 02:00:00,6.9,74,4.8,0.0,1026.6
2017-11-21 03:00:00,7.2,73,5.9,0.0,1026.1
2017-11-21 04:00:00,7.3,74,5.2,0.0,1025.3
2017-11-21 05:00:00,7.3,76,4.4,0.0,1025.0
2017-11-21 06:00:00,7.3,78,3.1,0.0,1024.8
2017-11-21 07:00:00,7.1,86,5.9,1.0,1025.3
2017-11-21 08:00:00,7.2,87,6.0,9.0,1026.4
2017-11-21 09:00:00,7.3,88,4.8,15.0,1026.1
2017-11-21 10:00:00,7.6,88,3.8,28.0,1025.7
2017-11-21 11:00:00,7.9,87,3.9,38.0,1024.8
2017-11-21 12:00:00,8.0,86,5.0,26.0,1023.7
2017-11-21 13:00:00,8.3,86,5.1,37.0,1022.4
2017-11-21 14:00:00,8.5,84,4.6,44.0,1021.5
2017-11-21 15:00:00,8.6,85,4.6,27.0,1021.2
2017-11-21 16:00:00,8.5,90,4.7,15.0,1021.0
2017-11-21 17:00:00,8.4,92,5.2,3.0,1021.0
2017-11-21 18:00:00,8.5,92,4.7,0.0,1021.3
2017-11-21 19:00:00,8.6,92,4.3,0.0,1021.1
2017-11-21 20:00:00,8.8,92,5.4,0.0,1021.0
2017-11-21 21:00:00,8.8,93,5.6,0.0,1020.9
2017-11-21 22:00:00,8.8,92,6.9,0.0,1021.1
2017-11-21 23:00:00,8.9,92,7.7,0.0,1021.1
2017-11-22 00:00:00,9.1,93,7.9,0.0,1021.1
2017-11-22 01:00:00,9.0,92,10.9,0.0,1020.7
2017-11-22 02:00:00,9.0,91,11.9,0.0,1020.5
2017-11-22 03:00:00,9.0,88,15.0,0.0,1020.1
2017-11-22 04:00:00,8.9,88,14.7,0.0,1019.9
2017-11-22 05:00:00,8.8,86,15.2,0.0,1020.7
2017-11-22 06:00:00,8.8,84,14.1,0.0,1020.9
2017-11-22 07:00:00,8.9,83,12.2,1.0,1020.9
2017-11-22 08:00:00,9.2,82,13.0,39.0,1022.3
2017-11-22 09:00:00,9.8,80,11.8,47.0,1022.5
2017-11-22 10:00:00,10.8,72,11.8,140.0,1022.1
2017-11-22 11:00:00,12.3,65,14.3,330.0,1021.5
2017-11-22 12:00:00,13.9,56,17.1,488.0,1020.6
2017-11-22 13:00:00,14.7,51,19.7,580.0,1020.4
2017-11-22 14:00:00,14.9,48,19.3,498.0,1019.9
2017-11-22 15:00:00,14.4,48,19.2,358.0,1020.0
2017-11-22 16:00:00,13.3,53,14.2,194.0,1020.4
2017-11-22 17:00:00,11.4,60,10.1,44.0,1021.0
2017-11-22 18:00:00,10.0,65,8.7,0.0,1021.6
2017-11-22 19:00:00,9.2,68,8.2,0.0,1022.0
2017-11-22 20:00:00,9.8,65,8.1,0.0,1023.1
2017-11-22 21:00:00,10.2,63,9.3,0.0,1023.7
2017-11-22 22:00:00,9.8,66,7.9,0.0,1023.8
2017-11-22 23:00:00,10.0,64,10.5,0.0,1024.5
2017-11-23 00:00:00,9.7,66,11.3,0.0,1024.4
2017-11-23 01:00:00,8.0,74,9.7,0.0,1024.4
2017-11-23 02:00:00,7.2,78,10.1,0.0,1024.7
2017-11-23 03:00:00,6.6,83,10.2,0.0,1025.4
2017-11-23 04:00:00,6.1,85,9.6,0.0,1025.7
2017-11-23 05:00:00,5.4,88,8.0,0.0,1026.2
2017-11-23 06:00:00,4.8,88,7.8,0.0,1026.8
2017-11-23 07:00:00,5.1,82,8.1,7.0,1027.2
2017-11-23 08:00:00,7.8,76,8.5,116.0,1027.7
2017-11-23 09:00:00,9.6,60,9.0,285.0,1027.3
2017-11-23 10:00:00,10.8,49,8.0,449.0,1027.2
2017-11-23 11:00:00,11.7,43,8.5,563.0,1026.9
2017-11-23 12:00:00,12.4,39,8.4,614.0,1025.9
2017-11-23 13:00:00,12.8,36,8.1,598.0,1024.6
2017-11-23 14:00:00,13.1,33,9.0,518.0,1024.2
2017-11-23 15:00:00,13.0,32,7.2,381.0,1023.9
2017-11-23 16:00:00,12.3,45,3.4,209.0,1024.1
2017-11-23 17:00:00,11.9,38,4.8,49.0,1024.3
2017-11-23 18:00:00,10.9,41,2.6,0.0,1024.8
2017-11-23 19:00:00,10.0,47,1.0,0.0,1025.3
2017-11-23 20:00:00,9.5,52,1.4,0.0,1025.8
2017-11-23 21:00:00,7.5,59,4.3,0.0,1026.3
2017-11-23 22:00:00,6.5,61,4.8,0.0,1026.4
2017-11-23 23:00:00,4.6,71,5.5,0.0,1026.8
2017-11-24 00:00:00,4.4,74,5.7,0.0,1026.8
2017-11-24 01:00:00,3.2,80,6.3,0.0,1026.8
2017-11-24 02:00:00,3.0,81,6.2,0.0,1026.4
2017-11-24 03:00:00,2.6,79,6.5,0.0,1026.2
2017-11-24 04:00:00,2.5,78,6.5,0.0,1026.4
2017-11-24 05:00:00,2.4,77,5.9,0.0,1026.7
2017-11-24 06:00:00,2.3,76,6.6,0.0,1027.3
2017-11-24 07:00:00,3.0,76,6.1,7.0,1027.8
2017-11-24 08:00:00,6.6,68,6.7,117.0,1028.5
2017-11-24 09:00:00,9.7,59,4.9,290.0,1029.0
2017-11-24 10:00:00,12.1,47,4.6,449.0,1028.8
2017-11-24 11:00:00,13.4,37,4.4,561.0,1028.4
2017-11-24 12:00:00,14.1,34,3.3,613.0,1027.9
2017-11-24 13:00:00,14.5,32,1.5,582.0,1026.6
2017-11-24 14:00:00,14.5,32,2.9,452.0,1025.7
2017-11-24 15:00:00,14.3,34,4.6,317.0,1025.7
2017-11-24 16:00:00,13.5,49,3.4,187.0,1025.8
2017-11-24 17:00:00,10.3,59,8.0,34.0,1026.3
2017-11-24 18:00:00,10.1,56,7.1,0.0,1026.6
2017-11-24 19:00:00,9.1,57,7.7,0.0,1026.9
2017-11-24 20:00:00,8.9,61,9.9,0.0,1026.8
2017-11-24 21:00:00,9.0,62,6.8,0.0,1027.0
2017-11-24 22:00:00,8.7,65,7.3,0.0,1026.6
2017-11-24 23:00:00,7.9,71,8.8,0.0,1026.9
2017-11-25 00:00:00,9.1,63,6.4,0.0,1026.5
2017-11-25 01:00:00,10.2,54,3.7,0.0,1026.3
2017-11-25 02:00:00,9.5,58,4.4,0.0,1026.3
2017-11-25 03:00:00,9.8,54,2.6,0.0,1025.7
2017-11-25 04:00:00,9.7,55,2.6,0.0,1025.0
2017-11-25 05:00:00,9.5,57,1.8,0.0,1025.2
2017-11-25 06:00:00,9.3,59,0.4,0.0,1025.5
2017-11-25 07:00:00,8.7,68,2.6,4.0,1025.6
2017-11-25 08:00:00,9.1,69,6.0,90.0,1026.3
2017-11-25 09:00:00,11.1,59,6.5,181.0,1026.2
2017-11-25 10:00:00,13.2,49,8.6,335.0,1026.0
2017-11-25 11:00:00,14.4,45,11.4,454.0,1025.8
2017-11-25 12:00:00,15.2,44,10.5,492.0,1024.6
2017-11-25 13:00:00,15.7,44,8.2,501.0,1023.5
2017-11-25 14:00:00,16.1,44,6.1,438.0,1022.9
2017-11-25 15:00:00,15.9,46,7.1,302.0,1022.7
2017-11-25 16:00:00,14.8,58,7.9,148.0,1023.0
2017-11-25 17:00:00,12.8,66,9.2,31.0,1023.3
2017-11-25 18:00:00,12.2,70,7.9,0.0,1023.9
2017-11-25 19:00:00,11.5,75,7.1,0.0,1024.1
2017-11-25 20:00:00,11.1,77,6.2,0.0,1024.0
2017-11-25 21:00:00,10.8,79,6.1,0.0,1024.0
2017-11-25 22:00:00,10.4,81,6.4,0.0,1023.9
2017-11-25 23:00:00,9.9,83,6.4,0.0,1024.3
2017-11-26 00:00:00,9.7,83,6.8,0.0,1024.3
2017-11-26 01:00:00,9.7,82,7.1,0.0,1023.9
2017-11-26 02:00:00,9.5,82,7.0,0.0,1023.5
2017-11-26 03:00:00,9.2,84,6.3,0.0,1023.1
2017-11-26 04:00:00,8.4,87,6.8,0.0,1023.0
2017-11-26 05:00:00,8.6,85,6.2,0.0,1023.1
2017-11-26 06:00:00,8.5,87,5.4,0.0,1023.6
2017-11-26 07:00:00,8.4,88,4.7,4.0,1024.1
2017-11-26 08:00:00,10.1,82,4.1,83.0,1024.5
2017-11-26 09:00:00,12.5,70,2.8,264.0,1025.5
2017-11-26 10:00:00,13.9,61,2.0,300.0,1025.4
2017-11-26 11:00:00,15.4,51,3.0,441.0,1025.1
2017-11-26 12:00:00,16.7,47,6.4,544.0,1024.1
2017-11-26 13:00:00,17.8,43,10.3,583.0,1023.0
2017-11-26 14:00:00,18.1,40,10.5,505.0,1022.8
2017-11-26 15:00:00,17.8,42,10.7,374.0,1022.8
2017-11-26 16:00:00,16.1,54,8.3,204.0,1023.2
2017-11-26 17:00:00,13.0,64,10.0,47.0,1023.6
2017-11-26 18:00:00,11.6,72,11.9,0.0,1024.5
2017-11-26 19:00:00,10.6,69,9.9,0.0,1024.8
2017-11-26 20:00:00,10.1,70,9.0,0.0,1025.4
2017-11-26 21:00:00,9.7,72,8.3,0.0,1025.7
2017-11-26 22:00:00,8.8,79,7.3,0.0,1025.9
2017-11-26 23:00:00,7.6,87,7.2,0.0,1026.1
2017-11-27 00:00:00,6.6,90,8.0,0.0,1026.0
2017-11-27 01:00:00,6.6,90,6.5,0.0,1025.9
2017-11-27 02:00:00,6.0,93,5.9,0.0,1025.5
2017-11-27 03:00:00,5.6,95,5.9,0.0,1024.9
2017-11-27 04:00:00,5.0,97,6.6,0.0,1024.7
2017-11-27 05:00:00,4.9,98,6.4,0.0,1024.5
2017-11-27 06:00:00,4.8,100,5.7,0.0,1024.5
2017-11-27 07:00:00,6.2,99,2.6,5.0,1024.4
2017-11-27 08:00:00,7.1,99,2.5,78.0,1024.8
2017-11-27 09:00:00,9.2,93,3.6,215.0,1024.6
2017-11-27 10:00:00,11.4,84,6.1,337.0,1024.3
2017-11-27 11:00:00,12.9,78,8.2,473.0,1023.8
2017-11-27 12:00:00,14.1,75,8.5,534.0,1022.5
2017-11-27 13:00:00,15.1,71,9.0,558.0,1021.1
2017-11-27 14:00:00,15.7,69,9.7,484.0,1020.2
2017-11-27 15:00:00,15.9,69,10.5,362.0,1019.6
2017-11-27 16:00:00,15.3,74,10.2,195.0,1019.4
2017-11-27 17:00:00,13.0,82,9.8,44.0,1019.3
2017-11-27 18:00:00,12.0,88,9.4,0.0,1019.3
2017-11-27 19:00:00,11.6,91,8.8,0.0,1019.3
2017-11-27 20:00:00,10.8,92,7.2,0.0,1018.9
2017-11-27 21:00:00,11.4,88,8.2,0.0,1018.9
2017-11-27 22:00:00,11.1,87,7.2,0.0,1019.0
2017-11-27 23:00:00,10.6,88,6.4,0.0,1019.2
2017-11-28 00:00:00,10.5,89,6.1,0.0,1018.8
2017-11-28 01:00:00,9.5,93,7.2,0.0,1018.5
2017-11-28 02:00:00,10.4,91,4.7,0.0,1018.3
2017-11-28 03:00:00,9.3,94,6.0,0.0,1017.8
2017-11-28 04:00:00,8.8,96,5.8,0.0,1017.9
2017-11-28 05:00:00,8.8,96,5.6,0.0,1018.2
2017-11-28 06:00:00,9.1,94,5.2,0.0,1018.7
2017-11-28 07:00:00,10.1,91,5.9,3.0,1019.1
2017-11-28 08:00:00,12.3,84,7.0,73.0,1020.1
2017-11-28 09:00:00,14.4,78,3.3,169.0,1020.8
2017-11-28 10:00:00,16.4,73,4.4,299.0,1021.0
2017-11-28 11:00:00,17.8,68,4.3,366.0,1020.7
2017-11-28 12:00:00,18.9,64,4.6,425.0,1020.1
2017-11-28 13:00:00,19.3,62,7.6,389.0,1019.5
2017-11-28 14:00:00,18.7,65,10.1,221.0,1019.4
2017-11-28 15:00:00,17.6,71,11.9,180.0,1019.6
2017-11-28 16:00:00,16.5,75,10.3,112.0,1020.1
2017-11-28 17:00:00,15.2,80,7.9,17.0,1020.5
2017-11-28 18:00:00,14.5,82,10.1,0.0,1021.2
2017-11-28 19:00:00,13.2,89,7.1,0.0,1021.6
2017-11-28 20:00:00,12.5,92,5.2,0.0,1021.7
2017-11-28 21:00:00,12.3,95,5.9,0.0,1021.7
2017-11-28 22:00:00,13.2,91,2.5,0.0,1022.3
2017-11-28 23:00:00,13.1,92,2.6,0.0,1022.3
2017-11-29 00:00:00,13.2,92,5.1,0.0,1022.3
2017-11-29 01:00:00,12.8,94,5.1,0.0,1022.1
2017-11-29 02:00:00,12.6,92,5.7,0.0,1022.1
2017-11-29 03:00:00,12.5,91,6.4,0.0,1021.8
2017-11-29 04:00:00,12.5,90,4.4,0.0,1022.1
2017-11-29 05:00:00,12.5,92,4.7,0.0,1022.3
2017-11-29 06:00:00,12.6,91,4.7,0.0,1022.7
2017-11-29 07:00:00,12.4,93,11.6,0.0,1023.1
2017-11-29 08:00:00,12.3,94,10.5,6.0,1024.5
2017-11-29 09:00:00,12.3,93,10.7,18.0,1025.1
2017-11-29 10:00:00,12.5,93,10.7,38.0,1025.0
2017-11-29 11:00:00,12.7,92,11.9,68.0,1024.7
2017-11-29 12:00:00,13.0,91,9.9,65.0,1024.0
2017-11-29 13:00:00,13.1,92,8.9,71.0,1022.6
2017-11-29 14:00:00,13.0,93,11.7,59.0,1022.1
2017-11-29 15:00:00,13.1,94,9.3,38.0,1022.2
2017-11-29 16:00:00,13.1,93,9.2,20.0,1022.5
2017-11-29 17:00:00,12.9,93,8.2,4.0,1022.7
2017-11-29 18:00:00,12.8,93,8.0,0.0,1023.2
2017-11-29 19:00:00,12.5,93,9.1,0.0,1023.7
2017-11-29 20:00:00,11.8,91,10.1,0.0,1024.7
2017-11-29 21:00:00,11.7,91,11.7,0.0,1025.2
2017-11-29 22:00:00,11.4,90,11.3,0.0,1025.1
2017-11-29 23:00:00,11.0,90,10.5,0.0,1025.1
2017-11-30 00:00:00,10.7,90,10.4,0.0,1025.1
2017-11-30 01:00:00,10.3,90,12.8,0.0,1024.8
2017-11-30 02:00:00,10.1,90,10.7,0.0,1024.9
2017-11-30 03:00:00,9.8,90,12.2,0.0,1024.9
2017-11-30 04:00:00,9.7,86,13.9,0.0,1024.9
2017-11-30 05:00:00,9.6,84,13.5,0.0,1025.1
2017-11-30 06:00:00,9.5,82,13.2,0.0,1026.0
2017-11-30 07:00:00,9.5,79,12.5,1.0,1026.7
2017-11-30 08:00:00,9.1,85,14.1,16.0,1027.5
2017-11-30 09:00:00,9.1,81,16.1,27.0,1028.1
2017-11-30 10:00:00,9.3,76,14.8,63.0,1028.5
2017-11-30 11:00:00,9.2,75,14.9,64.0,1028.1
2017-11-30 12:00:00,9.2,72,16.8,68.0,1027.5
2017-11-30 13:00:00,9.3,71,16.2,89.0,1026.4
2017-11-30 14:00:00,9.4,70,16.5,61.0,1026.2
2017-11-30 15:00:00,9.5,67,16.3,51.0,1026.4
2017-11-30 16:00:00,9.4,69,14.5,37.0,1027.0
2017-11-30 17:00:00,9.0,70,12.3,5.0,1027.4
2017-11-30 18:00:00,8.9,69,12.7,0.0,1028.0
2017-11-30 19:00:00,8.7,70,12.2,0.0,1028.4
2017-11-30 20:00:00,8.0,76,13.4,0.0,1029.1
2017-11-30 21:00:00,7.9,77,13.6,0.0,1029.2
2017-11-30 22:00:00,7.7,79,12.9,0.0,1029.1
2017-11-30 23:00:00,7.4,80,12.5,0.0,1029.4
2017-12-01 00:00:00,7.2,81,12.0,0.0,1029.6
2017-12-01 01:00:00,7.0,82,11.6,0.0,1029.2
2017-12-01 02:00:00,6.9,82,11.5,0.0,1029.1
2017-12-01 03:00:00,6.8,82,11.5,0.0,1028.7
2017-12-01 04:00:00,6.8,82,11.2,0.0,1028.6
2017-12-01 05:00:00,6.8,82,11.2,0.0,1028.7
2017-12-01 06:00:00,6.8,79,10.4,0.0,1029.0
2017-12-01 07:00:00,6.9,77,10.4,1.0,1029.3
2017-12-01 08:00:00,6.8,82,9.4,28.0,1030.2
2017-12-01 09:00:00,7.6,74,10.8,108.0,1030.4
2017-12-01 10:00:00,8.7,67,10.1,211.0,1030.4
2017-12-01 11:00:00,10.0,62,10.6,338.0,1029.8
2017-12-01 12:00:00,10.9,58,11.0,405.0,1028.9
2017-12-01 13:00:00,11.4,56,9.5,402.0,1028.0
2017-12-01 14:00:00,11.4,55,9.8,261.0,1027.3
2017-12-01 15:00:00,11.4,56,10.2,147.0,1027.2
2017-12-01 16:00:00,11.2,57,10.2,88.0,1027.4
2017-12-01 17:00:00,10.4,61,6.5,22.0,1027.7
2017-12-01 18:00:00,9.6,63,8.0,0.0,1028.2
2017-12-01 19:00:00,8.9,64,9.0,0.0,1028.5
2017-12-01 20:00:00,7.2,71,7.2,0.0,1028.8
2017-12-01 21:00:00,6.2,76,6.5,0.0,1028.8
2017-12-01 22:00:00,6.5,74,7.2,0.0,1028.9
2017-12-01 23:00:00,6.6,74,5.9,0.0,1028.7
2017-12-02 00:00:00,6.9,73,5.3,0.0,1028.5
2017-12-02 01:00:00,6.9,72,4.8,0.0,1027.8
2017-12-02 02:00:00,6.6,75,3.0,0.0,1027.3
2017-12-02 03:00:00,6.7,75,3.4,0.0,1027.0
2017-12-02 04:00:00,6.7,72,6.0,0.0,1026.9
2017-12-02 05:00:00,6.7,71,6.0,0.0,1026.5
2017-12-02 06:00:00,6.7,71,5.5,0.0,1026.4
2017-12-02 07:00:00,6.7,71,5.0,1.0,1026.5
2017-12-02 08:00:00,7.3,72,2.8,31.0,1027.1
2017-12-02 09:00:00,7.7,71,2.0,45.0,1026.8
2017-12-02 10:00:00,8.8,69,1.8,140.0,1026.5
2017-12-02 11:00:00,9.3,70,1.8,149.0,1026.2
2017-12-02 12:00:00,9.7,72,1.8,142.0,1025.3
2017-12-02 13:00:00,10.0,72,2.5,133.0,1024.2
2017-12-02 14:00:00,10.6,71,2.9,162.0,1023.7
2017-12-02 15:00:00,10.8,71,2.9,104.0,1023.5
2017-12-02 16:00:00,10.7,72,3.7,65.0,1023.7
2017-12-02 17:00:00,10.4,77,2.9,21.0,1023.8
2017-12-02 18:00:00,9.9,80,4.6,0.0,1023.7
2017-12-02 19:00:00,9.3,82,4.2,0.0,1023.9
2017-12-02 20:00:00,9.0,82,3.6,0.0,1023.8
2017-12-02 21:00:00,8.9,82,2.2,0.0,1023.6
2017-12-02 22:00:00,8.7,84,2.4,0.0,1023.5
2017-12-02 23:00:00,6.7,92,3.6,0.0,1023.5
2017-12-03 00:00:00,5.3,96,5.1,0.0,1023.4
2017-12-03 01:00:00,4.9,97,5.2,0.0,1023.0
2017-12-03 02:00:00,4.8,98,4.2,0.0,1022.7
2017-12-03 03:00:00,4.6,99,4.0,0.0,1022.6
2017-12-03 04:00:00,4.8,99,5.4,0.0,1022.5
2017-12-03 05:00:00,4.9,100,5.4,0.0,1022.6
2017-12-03 06:00:00,4.8,99,3.2,0.0,1022.9
2017-12-03 07:00:00,5.2,100,3.5,2.0,1023.1
2017-12-03 08:00:00,7.3,93,4.7,69.0,1023.3
2017-12-03 09:00:00,9.3,86,4.1,196.0,1023.0
2017-12-03 10:00:00,11.0,81,3.1,307.0,1023.0
2017-12-03 11:00:00,12.8,74,1.5,481.0,1022.2
2017-12-03 12:00:00,13.8,72,3.6,520.0,1020.9
2017-12-03 13:00:00,14.6,69,2.6,535.0,1020.0
2017-12-03 14:00:00,14.9,67,3.8,273.0,1019.7
2017-12-03 15:00:00,15.0,67,7.8,127.0,1020.7
2017-12-03 16:00:00,14.1,72,9.4,18.0,1020.9
2017-12-03 17:00:00,12.8,74,13.9,9.0,1021.1
2017-12-03 18:00:00,11.5,78,5.6,0.0,1021.1
2017-12-03 19:00:00,10.1,84,5.7,0.0,1021.6
2017-12-03 20:00:00,8.7,91,5.6,0.0,1022.0
2017-12-03 21:00:00,9.1,88,6.4,0.0,1022.2
2017-12-03 22:00:00,8.8,90,6.1,0.0,1022.7
2017-12-03 23:00:00,8.5,92,5.9,0.0,1022.8
2017-12-04 00:00:00,8.3,92,7.8,0.0,1022.9
2017-12-04 01:00:00,8.1,91,7.6,0.0,1023.2
2017-12-04 02:00:00,8.0,89,8.4,0.0,1023.1
2017-12-04 03:00:00,7.9,87,10.9,0.0,1023.2
2017-12-04 04:00:00,7.6,87,10.3,0.0,1023.1
2017-12-04 05:00:00,6.7,90,7.6,0.0,1022.5
2017-12-04 06:00:00,6.3,91,7.7,0.0,1023.5
2017-12-04 07:00:00,6.6,90,8.4,3.0,1024.7
2017-12-04 08:00:00,8.6,85,10.4,83.0,1025.5
2017-12-04 09:00:00,10.5,77,12.0,220.0,1026.3
2017-12-04 10:00:00,11.7,69,15.3,337.0,1026.4
2017-12-04 11:00:00,12.4,65,18.5,387.0,1026.0
2017-12-04 12:00:00,12.5,63,18.7,295.0,1025.6
2017-12-04 13:00:00,12.9,59,20.3,290.0,1024.7
2017-12-04 14:00:00,12.6,60,18.7,283.0,1024.3
2017-12-04 15:00:00,12.3,61,17.9,217.0,1024.4
2017-12-04 16:00:00,11.2,67,16.0,138.0,1024.2
2017-12-04 17:00:00,9.9,66,14.0,37.0,1024.6
2017-12-04 18:00:00,9.0,67,14.3,0.0,1024.9
2017-12-04 19:00:00,8.3,69,13.1,0.0,1025.3
2017-12-04 20:00:00,7.8,76,7.9,0.0,1025.3
2017-12-04 21:00:00,7.3,80,6.5,0.0,1025.3
2017-12-04 22:00:00,7.2,81,7.1,0.0,1025.7
2017-12-04 23:00:00,6.9,84,7.6,0.0,1026.1
2017-12-05 00:00:00,6.8,85,9.5,0.0,1026.5
2017-12-05 01:00:00,6.7,84,9.3,0.0,1027.1
2017-12-05 02:00:00,6.1,86,7.4,0.0,1027.2
2017-12-05 03:00:00,5.1,90,6.3,0.0,1027.3
2017-12-05 04:00:00,4.6,91,6.9,0.0,1027.5
2017-12-05 05:00:00,4.0,92,7.0,0.0,1027.6
2017-12-05 06:00:00,3.9,89,8.2,0.0,1028.1
2017-12-05 07:00:00,3.5,89,6.6,2.0,1028.6
2017-12-05 08:00:00,4.6,79,7.9,90.0,1029.3
2017-12-05 09:00:00,6.1,68,8.5,258.0,1029.6
2017-12-05 10:00:00,7.1,55,9.1,421.0,1029.5
2017-12-05 11:00:00,7.8,47,9.3,532.0,1028.8
2017-12-05 12:00:00,8.6,40,9.3,584.0,1027.8
2017-12-05 13:00:00,9.0,37,9.9,583.0,1026.3
2017-12-05 14:00:00,9.2,36,9.7,507.0,1025.5
2017-12-05 15:00:00,9.0,35,8.7,374.0,1025.0
2017-12-05 16:00:00,8.4,40,6.1,205.0,1025.0
2017-12-05 17:00:00,5.4,57,6.6,47.0,1025.0
2017-12-05 18:00:00,4.5,58,9.0,0.0,1025.4
2017-12-05 19:00:00,3.0,64,6.5,0.0,1025.6
2017-12-05 20:00:00,3.0,70,7.4,0.0,1025.0
2017-12-05 21:00:00,2.4,75,8.4,0.0,1024.7
2017-12-05 22:00:00,3.3,71,7.3,0.0,1024.8
2017-12-05 23:00:00,4.4,68,3.1,0.0,1024.6
2017-12-06 00:00:00,4.2,70,1.0,0.0,1024.4
2017-12-06 01:00:00,3.8,70,2.9,0.0,1024.1
2017-12-06 02:00:00,3.5,71,1.9,0.0,1024.1
2017-12-06 03:00:00,3.4,73,1.1,0.0,1024.0
2017-12-06 04:00:00,2.0,79,2.5,0.0,1023.7
2017-12-06 05:00:00,2.5,77,2.2,0.0,1023.4
2017-12-06 06:00:00,2.7,76,3.4,0.0,1023.8
2017-12-06 07:00:00,2.6,77,2.5,2.0,1023.8
2017-12-06 08:00:00,3.0,78,2.5,90.0,1024.1
2017-12-06 09:00:00,5.3,65,2.6,257.0,1024.6
2017-12-06 10:00:00,7.2,58,3.4,415.0,1024.7
2017-12-06 11:00:00,8.6,54,3.6,497.0,1024.2
2017-12-06 12:00:00,9.4,53,3.4,470.0,1023.3
2017-12-06 13:00:00,9.8,52,3.1,396.0,1022.2
2017-12-06 14:00:00,10.3,51,4.0,388.0,1021.8
2017-12-06 15:00:00,10.3,51,3.3,233.0,1021.5
2017-12-06 16:00:00,9.8,59,3.6,127.0,1021.8
2017-12-06 17:00:00,7.6,67,6.4,29.0,1022.0
2017-12-06 18:00:00,6.6,72,6.8,0.0,1022.4
2017-12-06 19:00:00,5.1,81,7.7,0.0,1022.3
2017-12-06 20:00:00,5.3,82,8.4,0.0,1022.2
2017-12-06 21:00:00,5.1,82,7.1,0.0,1021.9
2017-12-06 22:00:00,5.6,79,7.2,0.0,1021.8
2017-12-06 23:00:00,6.8,73,3.9,0.0,1021.9
2017-12-07 00:00:00,4.6,84,4.4,0.0,1022.1
2017-12-07 01:00:00,4.4,83,5.0,0.0,1021.9
2017-12-07 02:00:00,5.2,80,1.4,0.0,1021.6
2017-12-07 03:00:00,3.6,87,3.5,0.0,1021.6
2017-12-07 04:00:00,3.4,89,2.9,0.0,1021.1
2017-12-07 05:00:00,3.1,90,4.0,0.0,1021.3
2017-12-07 06:00:00,2.0,93,3.9,0.0,1021.4
2017-12-07 07:00:00,1.7,96,3.2,2.0,1021.7
2017-12-07 08:00:00,4.3,85,7.7,69.0,1022.5
2017-12-07 09:00:00,6.7,75,5.4,161.0,1022.5
2017-12-07 10:00:00,9.1,66,5.2,290.0,1022.9
2017-12-07 11:00:00,9.5,65,4.7,189.0,1022.5
2017-12-07 12:00:00,10.5,61,7.3,270.0,1021.9
2017-12-07 13:00:00,10.8,59,9.4,283.0,1021.5
2017-12-07 14:00:00,10.7,59,10.1,186.0,1021.6
2017-12-07 15:00:00,10.2,64,9.5,79.0,1021.2
2017-12-07 16:00:00,10.2,65,7.2,111.0,1021.7
2017-12-07 17:00:00,8.2,74,5.5,27.0,1022.2
2017-12-07 18:00:00,8.1,75,6.2,0.0,1023.1
2017-12-07 19:00:00,7.8,76,6.8,0.0,1023.7
2017-12-07 20:00:00,7.8,75,7.3,0.0,1025.1
2017-12-07 21:00:00,7.6,70,7.4,0.0,1025.8
2017-12-07 22:00:00,7.4,64,9.7,0.0,1026.1
2017-12-07 23:00:00,7.3,60,13.3,0.0,1026.4
2017-12-08 00:00:00,6.9,61,15.0,0.0,1027.2
2017-12-08 01:00:00,6.3,63,12.8,0.0,1027.5
2017-12-08 02:00:00,5.1,67,11.9,0.0,1028.0
2017-12-08 03:00:00,3.8,73,7.7,0.0,1028.1
2017-12-08 04:00:00,3.3,74,8.7,0.0,1027.9
2017-12-08 05:00:00,3.1,73,12.1,0.0,1028.1
2017-12-08 06:00:00,2.4,76,11.3,0.0,1028.4
2017-12-08 07:00:00,2.0,78,11.5,2.0,1028.8
2017-12-08 08:00:00,3.6,72,13.6,86.0,1030.4
2017-12-08 09:00:00,5.0,63,16.0,247.0,1030.6
2017-12-08 10:00:00,6.1,55,17.2,408.0,1030.9
2017-12-08 11:00:00,7.0,48,17.3,522.0,1030.2
2017-12-08 12:00:00,7.5,45,17.4,582.0,1029.0
2017-12-08 13:00:00,7.9,37,18.5,574.0,1028.2
2017-12-08 14:00:00,7.8,35,19.7,469.0,1027.9
2017-12-08 15:00:00,7.4,33,19.1,353.0,1027.4
2017-12-08 16:00:00,6.5,35,15.6,177.0,1027.4
2017-12-08 17:00:00,5.3,36,13.1,41.0,1027.3
2017-12-08 18:00:00,4.2,39,11.4,0.0,1027.2
2017-12-08 19:00:00,3.0,45,8.7,0.0,1027.2
2017-12-08 20:00:00,2.3,52,7.0,0.0,1027.3
2017-12-08 21:00:00,2.4,52,5.2,0.0,1027.2
2017-12-08 22:00:00,1.8,59,6.3,0.0,1027.0
2017-12-08 23:00:00,1.4,64,6.9,0.0,1027.0
2017-12-09 00:00:00,1.9,60,5.8,0.0,1026.7
2017-12-09 01:00:00,2.0,60,5.2,0.0,1026.3
2017-12-09 02:00:00,1.2,68,5.8,0.0,1025.8
2017-12-09 03:00:00,0.8,67,6.3,0.0,1025.3
2017-12-09 04:00:00,0.4,68,6.7,0.0,1024.8
2017-12-09 05:00:00,0.0,72,7.6,0.0,1024.5
2017-12-09 06:00:00,-0.3,74,7.6,0.0,1024.7
2017-12-09 07:00:00,-0.4,78,7.2,1.0,1024.5
2017-12-09 08:00:00,2.5,67,4.4,79.0,1024.9
2017-12-09 09:00:00,4.5,57,3.5,183.0,1025.0
2017-12-09 10:00:00,6.0,45,4.2,321.0,1024.4
2017-12-09 11:00:00,7.1,42,8.1,423.0,1023.5
2017-12-09 12:00:00,7.9,40,9.2,490.0,1021.7
2017-12-09 13:00:00,8.8,39,8.4,482.0,1020.0
2017-12-09 14:00:00,9.6,39,7.1,494.0,1018.8
2017-12-09 15:00:00,9.8,39,6.6,372.0,1018.4
2017-12-09 16:00:00,9.1,49,5.5,204.0,1017.7
2017-12-09 17:00:00,5.2,64,9.2,47.0,1017.8
2017-12-09 18:00:00,4.7,67,8.0,0.0,1017.8
2017-12-09 19:00:00,3.6,73,8.2,0.0,1018.1
2017-12-09 20:00:00,3.0,76,10.7,0.0,1017.9
2017-12-09 21:00:00,2.5,82,9.7,0.0,1017.9
2017-12-09 22:00:00,2.3,82,9.0,0.0,1017.9
2017-12-09 23:00:00,2.1,81,6.9,0.0,1018.3
2017-12-10 00:00:00,1.9,75,8.0,0.0,1018.2
2017-12-10 01:00:00,2.0,73,7.1,0.0,1017.4
2017-12-10 02:00:00,2.6,64,9.5,0.0,1017.2
2017-12-10 03:00:00,3.0,61,10.1,0.0,1017.4
2017-12-10 04:00:00,2.6,63,8.7,0.0,1017.7
2017-12-10 05:00:00,2.2,69,7.3,0.0,1017.8
2017-12-10 06:00:00,1.9,73,7.3,0.0,1018.8
2017-12-10 07:00:00,2.4,73,7.4,1.0,1019.2
2017-12-10 08:00:00,5.6,64,11.0,69.0,1019.7
2017-12-10 09:00:00,7.9,57,9.7,169.0,1020.6
2017-12-10 10:00:00,10.6,49,8.0,394.0,1020.7
2017-12-10 11:00:00,12.4,39,12.6,520.0,1020.6
2017-12-10 12:00:00,13.1,36,17.4,575.0,1020.2
2017-12-10 13:00:00,13.4,33,19.2,567.0,1019.7
2017-12-10 14:00:00,13.1,34,19.9,496.0,1019.5
2017-12-10 15:00:00,12.6,37,18.1,369.0,1020.2
2017-12-10 16:00:00,11.4,42,13.5,203.0,1020.8
2017-12-10 17:00:00,8.4,47,9.9,47.0,1021.7
2017-12-10 18:00:00,6.8,50,9.4,0.0,1022.6
2017-12-10 19:00:00,5.8,51,9.4,0.0,1023.1
2017-12-10 20:00:00,4.9,58,8.4,0.0,1023.1
2017-12-10 21:00:00,4.8,59,8.2,0.0,1023.6
2017-12-10 22:00:00,4.1,63,8.4,0.0,1023.9
2017-12-10 23:00:00,3.5,65,8.4,0.0,1024.3
2017-12-11 00:00:00,2.9,67,8.4,0.0,1024.7
2017-12-11 01:00:00,2.3,69,7.9,0.0,1024.6
2017-12-11 02:00:00,1.6,72,7.1,0.0,1024.7
2017-12-11 03:00:00,0.6,77,8.2,0.0,1024.3
2017-12-11 04:00:00,0.1,79,7.7,0.0,1024.3
2017-12-11 05:00:00,-0.3,79,7.5,0.0,1024.4
2017-12-11 06:00:00,-0.6,80,7.9,0.0,1024.7
2017-12-11 07:00:00,0.6,72,5.0,1.0,1025.4
2017-12-11 08:00:00,2.6,70,4.0,82.0,1025.7
2017-12-11 09:00:00,5.6,57,4.3,249.0,1026.5
2017-12-11 10:00:00,8.0,48,2.3,408.0,1026.6
2017-12-11 11:00:00,9.6,42,3.4,517.0,1026.1
2017-12-11 12:00:00,10.5,38,2.5,528.0,1025.4
2017-12-11 13:00:00,11.0,35,4.3,505.0,1024.6
2017-12-11 14:00:00,11.3,35,6.7,465.0,1023.8
2017-12-11 15:00:00,11.2,35,9.7,348.0,1023.3
2017-12-11 16:00:00,10.0,43,7.2,197.0,1023.6
2017-12-11 17:00:00,6.7,49,8.2,47.0,1024.0
2017-12-11 18:00:00,5.0,49,7.7,0.0,1024.9
2017-12-11 19:00:00,3.3,57,8.7,0.0,1025.3
2017-12-11 20:00:00,2.9,64,11.0,0.0,1025.1
2017-12-11 21:00:00,3.6,60,7.8,0.0,1025.6
2017-12-11 22:00:00,5.1,51,3.6,0.0,1025.6
2017-12-11 23:00:00,5.1,50,1.8,0.0,1025.8
2017-12-12 00:00:00,1.7,66,4.6,0.0,1025.9
2017-12-12 01:00:00,1.3,67,6.1,0.0,1026.5
2017-12-12 02:00:00,0.4,73,7.2,0.0,1026.5
2017-12-12 03:00:00,1.0,71,5.8,0.0,1026.7
2017-12-12 04:00:00,0.0,78,7.0,0.0,1026.8
2017-12-12 05:00:00,0.2,80,6.5,0.0,1027.4
2017-12-12 06:00:00,0.1,86,6.5,0.0,1028.0
2017-12-12 07:00:00,0.5,89,6.5,1.0,1028.3
2017-12-12 08:00:00,3.2,83,6.5,71.0,1028.8
2017-12-12 09:00:00,5.8,75,7.4,222.0,1028.9
2017-12-12 10:00:00,7.8,67,9.8,386.0,1028.8
2017-12-12 11:00:00,9.5,62,13.5,489.0,1028.2
2017-12-12 12:00:00,9.9,59,15.8,448.0,1027.4
2017-12-12 13:00:00,10.0,57,17.3,360.0,1026.3
2017-12-12 14:00:00,10.2,54,17.6,338.0,1025.6
2017-12-12 15:00:00,9.8,54,18.2,246.0,1025.6
2017-12-12 16:00:00,9.1,58,16.3,178.0,1025.5
2017-12-12 17:00:00,7.3,65,14.8,42.0,1025.8
2017-12-12 18:00:00,6.5,70,13.4,0.0,1026.3
2017-12-12 19:00:00,5.9,73,12.3,0.0,1026.7
2017-12-12 20:00:00,6.0,78,11.0,0.0,1026.6
2017-12-12 21:00:00,6.0,75,10.8,0.0,1026.8
2017-12-12 22:00:00,4.8,77,7.7,0.0,1026.7
2017-12-12 23:00:00,3.9,80,6.4,0.0,1026.8
2017-12-13 00:00:00,3.3,84,5.9,0.0,1026.3
2017-12-13 01:00:00,2.5,89,6.9,0.0,1026.0
2017-12-13 02:00:00,2.7,89,5.1,0.0,1026.2
2017-12-13 03:00:00,2.4,89,5.1,0.0,1026.1
2017-12-13 04:00:00,2.2,89,5.2,0.0,1026.2
2017-12-13 05:00:00,2.2,90,5.5,0.0,1026.5
2017-12-13 06:00:00,2.3,89,5.8,0.0,1027.0
2017-12-13 07:00:00,2.9,86,5.4,1.0,1027.2
2017-12-13 08:00:00,4.9,79,5.8,49.0,1027.6
2017-12-13 09:00:00,6.6,75,6.6,129.0,1028.0
2017-12-13 10:00:00,8.5,71,7.4,232.0,1028.3
2017-12-13 11:00:00,10.5,60,14.6,314.0,1028.2
2017-12-13 12:00:00,10.8,58,19.7,290.0,1027.5
2017-12-13 13:00:00,10.6,58,20.8,238.0,1026.8
2017-12-13 14:00:00,10.4,57,20.1,201.0,1026.4
2017-12-13 15:00:00,10.1,58,19.6,120.0,1026.4
2017-12-13 16:00:00,9.5,61,19.4,41.0,1026.8
2017-12-13 17:00:00,9.1,61,18.0,11.0,1027.3
2017-12-13 18:00:00,8.7,63,18.3,0.0,1027.8
2017-12-13 19:00:00,8.6,63,17.3,0.0,1028.0
2017-12-13 20:00:00,8.1,65,13.8,0.0,1028.3
2017-12-13 21:00:00,7.4,73,14.0,0.0,1028.2
2017-12-13 22:00:00,6.3,84,11.2,0.0,1028.3
2017-12-13 23:00:00,5.9,86,11.7,0.0,1028.4
2017-12-14 00:00:00,5.7,86,12.2,0.0,1028.2
2017-12-14 01:00:00,5.8,87,11.7,0.0,1027.9
2017-12-14 02:00:00,5.9,88,10.3,0.0,1027.6
2017-12-14 03:00:00,5.9,89,9.7,0.0,1027.8
2017-12-14 04:00:00,5.9,89,9.2,0.0,1027.4
2017-12-14 05:00:00,6.0,90,8.6,0.0,1027.0
2017-12-14 06:00:00,6.1,90,8.6,0.0,1027.4
2017-12-14 07:00:00,6.2,91,9.2,0.0,1027.4
2017-12-14 08:00:00,6.2,91,5.9,7.0,1028.2
2017-12-14 09:00:00,6.5,90,5.2,15.0,1028.2
2017-12-14 10:00:00,7.1,87,5.2,49.0,1027.9
2017-12-14 11:00:00,7.5,86,6.0,73.0,1027.2
2017-12-14 12:00:00,7.5,88,8.7,43.0,1026.6
2017-12-14 13:00:00,7.7,90,10.6,30.0,1025.2
2017-12-14 14:00:00,8.0,88,9.5,31.0,1024.8
2017-12-14 15:00:00,8.0,89,10.0,20.0,1024.6
2017-12-14 16:00:00,8.1,88,12.0,12.0,1024.8
2017-12-14 17:00:00,7.9,89,11.8,5.0,1025.2
2017-12-14 18:00:00,7.6,90,10.9,0.0,1026.0
2017-12-14 19:00:00,7.4,88,11.8,0.0,1026.0
2017-12-14 20:00:00,7.0,89,9.3,0.0,1026.4
2017-12-14 21:00:00,6.9,88,9.4,0.0,1026.0
2017-12-14 22:00:00,6.9,88,8.9,0.0,1025.9
2017-12-14 23:00:00,7.0,89,7.6,0.0,1025.7
2017-12-15 00:00:00,7.0,90,8.0,0.0,1025.2
2017-12-15 01:00:00,7.0,90,7.7,0.0,1025.0
2017-12-15 02:00:00,7.1,91,7.1,0.0,1024.9
2017-12-15 03:00:00,7.2,91,6.3,0.0,1024.3
2017-12-15 04:00:00,7.3,92,7.0,0.0,1023.8
2017-12-15 05:00:00,7.2,94,8.5,0.0,1023.7
2017-12-15 06:00:00,7.2,93,8.8,0.0,1024.0
2017-12-15 07:00:00,7.2,93,8.0,0.0,1024.1
2017-12-15 08:00:00,7.2,94,7.7,3.0,1024.8
2017-12-15 09:00:00,7.4,94,9.8,14.0,1025.3
2017-12-15 10:00:00,7.5,94,8.6,13.0,1025.4
2017-12-15 11:00:00,7.6,93,8.8,16.0,1025.1
2017-12-15 12:00:00,7.6,93,9.3,18.0,1024.5
2017-12-15 13:00:00,7.6,94,10.5,21.0,1023.7
2017-12-15 14:00:00,7.5,94,10.5,26.0,1023.3
2017-12-15 15:00:00,7.4,94,11.5,17.0,1023.6
2017-12-15 16:00:00,7.3,94,11.9,10.0,1024.4
2017-12-15 17:00:00,7.2,94,11.9,2.0,1025.6
2017-12-15 18:00:00,7.1,94,11.9,0.0,1026.3
2017-12-15 19:00:00,7.0,93,13.3,0.0,1026.9
2017-12-15 20:00:00,6.8,94,13.7,0.0,1027.2
2017-12-15 21:00:00,6.8,91,12.2,0.0,1027.4
2017-12-15 22:00:00,6.6,94,11.0,0.0,1027.8
2017-12-15 23:00:00,6.5,93,13.3,0.0,1028.4
2017-12-16 00:00:00,6.3,93,14.6,0.0,1028.5
2017-12-16 01:00:00,6.1,93,14.9,0.0,1028.7
2017-12-16 02:00:00,5.9,93,14.9,0.0,1028.5
2017-12-16 03:00:00,5.7,94,14.9,0.0,1028.7
2017-12-16 04:00:00,5.5,94,14.9,0.0,1029.1
2017-12-16 05:00:00,5.3,93,15.9,0.0,1029.7
2017-12-16 06:00:00,5.0,92,17.5,0.0,1030.6
2017-12-16 07:00:00,4.6,91,17.5,0.0,1031.2
2017-12-16 08:00:00,4.8,91,16.3,11.0,1032.3
2017-12-16 09:00:00,5.3,85,18.4,54.0,1033.2
2017-12-16 10:00:00,5.4,80,20.2,105.0,1033.9
2017-12-16 11:00:00,5.7,73,19.8,141.0,1034.0
2017-12-16 12:00:00,5.7,69,17.5,142.0,1033.2
2017-12-16 13:00:00,6.5,62,18.0,222.0,1032.1
2017-12-16 14:00:00,7.1,54,19.6,212.0,1031.1
2017-12-16 15:00:00,7.4,49,18.1,270.0,1031.2
2017-12-16 16:00:00,6.8,48,15.5,179.0,1031.8
2017-12-16 17:00:00,5.7,51,10.1,32.0,1032.6
2017-12-16 18:00:00,4.0,58,7.6,0.0,1033.4
2017-12-16 19:00:00,2.4,64,7.2,0.0,1034.1
2017-12-16 20:00:00,2.1,68,7.8,0.0,1035.4
2017-12-16 21:00:00,1.6,68,9.0,0.0,1035.4
2017-12-16 22:00:00,1.1,66,9.4,0.0,1035.7
2017-12-16 23:00:00,0.5,66,8.7,0.0,1035.9
2017-12-17 00:00:00,-0.5,68,7.0,0.0,1035.7
2017-12-17 01:00:00,-0.7,66,8.2,0.0,1035.6
2017-12-17 02:00:00,-0.9,62,9.7,0.0,1035.4
2017-12-17 03:00:00,-1.4,61,10.7,0.0,1035.1
2017-12-17 04:00:00,-1.8,61,10.7,0.0,1035.0
2017-12-17 05:00:00,-2.0,59,11.2,0.0,1035.2
2017-12-17 06:00:00,-2.2,58,11.3,0.0,1035.5
2017-12-17 07:00:00,-2.6,59,11.0,1.0,1035.7
2017-12-17 08:00:00,-1.3,56,12.7,72.0,1035.9
2017-12-17 09:00:00,0.5,52,12.4,236.0,1036.3
2017-12-17 10:00:00,2.0,48,10.6,398.0,1036.5
2017-12-17 11:00:00,3.1,41,9.9,517.0,1036.0
2017-12-17 12:00:00,3.9,38,10.7,579.0,1034.8
2017-12-17 13:00:00,4.6,36,11.3,573.0,1033.6
2017-12-17 14:00:00,5.0,35,11.5,502.0,1032.8
2017-12-17 15:00:00,5.0,35,11.9,374.0,1032.3
2017-12-17 16:00:00,4.4,38,11.3,210.0,1032.1
2017-12-17 17:00:00,1.9,50,6.6,51.0,1032.2
2017-12-17 18:00:00,0.6,58,6.6,0.0,1032.5
2017-12-17 19:00:00,-0.7,66,7.2,0.0,1032.9
2017-12-17 20:00:00,0.3,64,5.9,0.0,1033.3
2017-12-17 21:00:00,0.6,65,3.1,0.0,1033.2
2017-12-17 22:00:00,0.5,69,1.8,0.0,1033.7
2017-12-17 23:00:00,0.2,71,3.5,0.0,1033.6
2017-12-18 00:00:00,-0.4,71,5.0,0.0,1033.4
2017-12-18 01:00:00,-3.3,80,7.2,0.0,1033.0
2017-12-18 02:00:00,-3.9,80,7.2,0.0,1032.7
2017-12-18 03:00:00,-4.3,83,7.0,0.0,1032.2
2017-12-18 04:00:00,-4.3,84,6.2,0.0,1031.9
2017-12-18 05:00:00,-4.3,84,5.9,0.0,1031.5
2017-12-18 06:00:00,-4.6,84,6.5,0.0,1031.8
2017-12-18 07:00:00,-4.4,84,6.9,0.0,1032.1
2017-12-18 08:00:00,-1.1,72,5.5,71.0,1032.7
2017-12-18 09:00:00,1.7,59,3.7,234.0,1032.7
2017-12-18 10:00:00,3.4,47,3.9,396.0,1032.4
2017-12-18 11:00:00,4.7,43,4.7,518.0,1032.2
2017-12-18 12:00:00,5.8,40,4.9,580.0,1031.3
2017-12-18 13:00:00,6.9,39,7.2,575.0,1030.8
2017-12-18 14:00:00,7.5,37,6.4,504.0,1030.2
2017-12-18 15:00:00,7.5,39,4.6,376.0,1029.5
2017-12-18 16:00:00,7.0,48,3.1,210.0,1029.5
2017-12-18 17:00:00,6.3,45,3.5,52.0,1029.6
2017-12-18 18:00:00,5.2,50,3.9,0.0,1030.6
2017-12-18 19:00:00,4.1,56,3.8,0.0,1031.1
2017-12-18 20:00:00,2.7,63,6.8,0.0,1031.4
2017-12-18 21:00:00,1.3,70,6.7,0.0,1032.0
2017-12-18 22:00:00,0.0,75,7.2,0.0,1032.6
2017-12-18 23:00:00,-1.2,79,7.3,0.0,1032.7
2017-12-19 00:00:00,-1.8,81,6.6,0.0,1033.2
2017-12-19 01:00:00,-2.2,84,7.2,0.0,1033.1
2017-12-19 02:00:00,-2.3,84,7.3,0.0,1033.2
2017-12-19 03:00:00,-2.2,82,6.9,0.0,1033.1
2017-12-19 04:00:00,-2.3,80,7.4,0.0,1032.9
2017-12-19 05:00:00,-2.3,78,7.4,0.0,1032.8
2017-12-19 06:00:00,-1.7,71,7.7,0.0,1032.9
2017-12-19 07:00:00,-1.4,70,7.9,0.0,1033.4
2017-12-19 08:00:00,1.3,65,10.3,69.0,1034.1
2017-12-19 09:00:00,3.7,58,10.2,232.0,1034.6
2017-12-19 10:00:00,5.7,54,12.0,392.0,1035.2
2017-12-19 11:00:00,7.4,53,13.0,506.0,1035.3
2017-12-19 12:00:00,8.5,54,12.3,565.0,1034.6
2017-12-19 13:00:00,9.1,49,13.0,562.0,1033.4
2017-12-19 14:00:00,9.2,41,14.0,493.0,1033.0
2017-12-19 15:00:00,8.8,38,14.4,369.0,1032.9
2017-12-19 16:00:00,7.7,48,11.2,211.0,1032.9
2017-12-19 17:00:00,4.0,64,7.8,53.0,1033.1
2017-12-19 18:00:00,2.7,71,7.6,0.0,1033.4
2017-12-19 19:00:00,2.1,72,7.4,0.0,1033.6
2017-12-19 20:00:00,1.4,70,10.5,0.0,1033.9
2017-12-19 21:00:00,1.0,72,9.9,0.0,1033.6
2017-12-19 22:00:00,0.6,73,8.4,0.0,1034.0
2017-12-19 23:00:00,-0.3,77,6.6,0.0,1034.2
2017-12-20 00:00:00,-1.4,84,8.0,0.0,1034.3
2017-12-20 01:00:00,-0.8,80,4.8,0.0,1034.0
2017-12-20 02:00:00,-2.6,88,4.3,0.0,1033.9
2017-12-20 03:00:00,-2.7,88,5.4,0.0,1033.7
2017-12-20 04:00:00,-2.4,85,6.1,0.0,1033.1
2017-12-20 05:00:00,-2.4,84,6.5,0.0,1033.0
2017-12-20 06:00:00,-2.4,83,6.8,0.0,1033.1
2017-12-20 07:00:00,-2.4,81,7.3,0.0,1033.3
2017-12-20 08:00:00,1.1,69,10.6,68.0,1033.6
2017-12-20 09:00:00,4.3,61,8.9,231.0,1033.9
2017-12-20 10:00:00,7.0,55,9.2,393.0,1034.0
2017-12-20 11:00:00,9.4,48,8.7,514.0,1033.6
2017-12-20 12:00:00,10.8,38,8.2,577.0,1032.6
2017-12-20 13:00:00,11.4,34,6.8,573.0,1031.5
2017-12-20 14:00:00,12.1,36,7.0,500.0,1030.8
2017-12-20 15:00:00,12.3,32,12.5,374.0,1030.5
2017-12-20 16:00:00,10.8,39,11.1,212.0,1030.7
2017-12-20 17:00:00,7.2,44,9.8,54.0,1031.2
2017-12-20 18:00:00,5.9,45,9.9,0.0,1031.8
2017-12-20 19:00:00,4.8,48,8.9,0.0,1032.1
2017-12-20 20:00:00,3.9,55,11.5,0.0,1032.3
2017-12-20 21:00:00,3.9,56,7.9,0.0,1032.3
2017-12-20 22:00:00,2.6,65,7.6,0.0,1032.5
2017-12-20 23:00:00,1.6,71,7.1,0.0,1032.9
2017-12-21 00:00:00,0.8,76,6.9,0.0,1032.7
2017-12-21 01:00:00,0.2,80,6.7,0.0,1032.7
2017-12-21 02:00:00,-0.5,83,6.7,0.0,1032.7
2017-12-21 03:00:00,-1.3,84,8.6,0.0,1032.4
2017-12-21 04:00:00,0.2,75,6.9,0.0,1032.2
2017-12-21 05:00:00,1.0,71,3.8,0.0,1032.3
2017-12-21 06:00:00,0.5,73,3.3,0.0,1032.3
2017-12-21 07:00:00,0.5,73,1.8,0.0,1032.6
2017-12-21 08:00:00,0.9,78,2.1,67.0,1033.2
2017-12-21 09:00:00,3.8,70,0.8,232.0,1033.1
2017-12-21 10:00:00,6.2,57,2.1,394.0,1033.0
2017-12-21 11:00:00,7.8,48,2.5,514.0,1032.6
2017-12-21 12:00:00,8.9,42,3.1,575.0,1031.1
2017-12-21 13:00:00,9.7,39,3.6,571.0,1029.9
2017-12-21 14:00:00,10.1,38,2.7,502.0,1028.8
2017-12-21 15:00:00,10.1,39,4.0,376.0,1028.3
2017-12-21 16:00:00,9.2,49,5.0,213.0,1028.3
2017-12-21 17:00:00,5.3,60,8.3,54.0,1028.5
2017-12-21 18:00:00,4.1,63,8.0,0.0,1028.8
2017-12-21 19:00:00,2.6,69,9.0,0.0,1028.7
2017-12-21 20:00:00,2.4,72,10.5,0.0,1028.4
2017-12-21 21:00:00,2.5,71,7.7,0.0,1028.0
2017-12-21 22:00:00,1.7,76,9.4,0.0,1028.2
2017-12-21 23:00:00,4.2,61,6.9,0.0,1027.7
2017-12-22 00:00:00,4.1,61,2.9,0.0,1027.0
2017-12-22 01:00:00,3.7,63,1.1,0.0,1026.7
2017-12-22 02:00:00,3.4,65,1.1,0.0,1026.2
2017-12-22 03:00:00,2.4,72,4.3,0.0,1025.8
2017-12-22 04:00:00,1.3,80,5.3,0.0,1025.3
2017-12-22 05:00:00,0.3,87,6.8,0.0,1025.1
2017-12-22 06:00:00,0.8,86,6.3,0.0,1025.3
2017-12-22 07:00:00,0.2,89,7.1,0.0,1025.3
2017-12-22 08:00:00,2.7,82,6.6,58.0,1025.4
2017-12-22 09:00:00,5.9,70,4.0,211.0,1025.6
2017-12-22 10:00:00,8.7,60,3.3,372.0,1025.7
2017-12-22 11:00:00,10.8,53,3.3,497.0,1025.3
2017-12-22 12:00:00,12.3,50,5.0,563.0,1024.0
2017-12-22 13:00:00,13.5,49,6.4,565.0,1022.6
2017-12-22 14:00:00,14.3,47,7.7,498.0,1021.4
2017-12-22 15:00:00,14.6,43,6.6,375.0,1021.3
2017-12-22 16:00:00,13.1,57,5.5,212.0,1021.9
2017-12-22 17:00:00,9.1,69,9.7,55.0,1022.0
2017-12-22 18:00:00,6.3,78,8.0,0.0,1022.4
2017-12-22 19:00:00,4.7,84,8.6,0.0,1022.6
2017-12-22 20:00:00,4.3,87,10.2,0.0,1021.9
2017-12-22 21:00:00,4.8,87,7.7,0.0,1021.7
2017-12-22 22:00:00,6.4,79,2.2,0.0,1021.6
2017-12-22 23:00:00,4.4,88,2.5,0.0,1021.8
2017-12-23 00:00:00,3.6,88,4.1,0.0,1021.7
2017-12-23 01:00:00,5.1,82,2.0,0.0,1021.6
2017-12-23 02:00:00,4.9,84,1.3,0.0,1021.4
2017-12-23 03:00:00,4.6,84,2.5,0.0,1021.2
2017-12-23 04:00:00,3.9,86,2.6,0.0,1021.1
2017-12-23 05:00:00,4.7,82,2.8,0.0,1020.7
2017-12-23 06:00:00,2.9,92,6.3,0.0,1020.4
2017-12-23 07:00:00,2.7,90,5.9,0.0,1020.3
2017-12-23 08:00:00,4.5,85,2.5,43.0,1020.2
2017-12-23 09:00:00,6.8,78,3.8,86.0,1020.5
2017-12-23 10:00:00,8.7,74,4.5,125.0,1020.2
2017-12-23 11:00:00,11.8,69,5.1,304.0,1019.2
2017-12-23 12:00:00,14.3,66,4.7,415.0,1018.2
2017-12-23 13:00:00,14.7,67,0.8,214.0,1017.2
2017-12-23 14:00:00,15.0,68,2.9,183.0,1016.3
2017-12-23 15:00:00,15.4,68,2.6,222.0,1016.2
2017-12-23 16:00:00,13.7,80,3.3,73.0,1016.4
2017-12-23 17:00:00,11.7,86,5.1,25.0,1016.5
2017-12-23 18:00:00,10.9,88,4.8,0.0,1017.1
2017-12-23 19:00:00,10.9,89,4.7,0.0,1017.3
2017-12-23 20:00:00,10.5,89,6.5,0.0,1017.0
2017-12-23 21:00:00,10.9,85,6.9,0.0,1017.2
2017-12-23 22:00:00,10.4,82,6.8,0.0,1017.2
2017-12-23 23:00:00,10.0,81,6.6,0.0,1017.4
2017-12-24 00:00:00,10.0,80,7.7,0.0,1017.8
2017-12-24 01:00:00,10.5,74,9.2,0.0,1018.0
2017-12-24 02:00:00,10.7,69,9.9,0.0,1018.1
2017-12-24 03:00:00,10.3,70,8.2,0.0,1018.0
2017-12-24 04:00:00,10.7,62,16.0,0.0,1018.5
2017-12-24 05:00:00,9.1,62,11.3,0.0,1018.5
2017-12-24 06:00:00,7.2,77,8.3,0.0,1018.8
2017-12-24 07:00:00,6.3,79,7.9,0.0,1019.5
2017-12-24 08:00:00,8.2,68,9.4,59.0,1019.9
2017-12-24 09:00:00,10.7,58,12.5,216.0,1021.4
2017-12-24 10:00:00,11.8,46,21.9,371.0,1022.0
2017-12-24 11:00:00,12.2,44,23.5,455.0,1022.1
2017-12-24 12:00:00,13.0,41,25.0,564.0,1022.2
2017-12-24 13:00:00,13.0,38,25.2,563.0,1021.3
2017-12-24 14:00:00,12.7,36,23.9,499.0,1021.3
2017-12-24 15:00:00,12.0,35,22.9,379.0,1021.6
2017-12-24 16:00:00,10.9,40,17.3,218.0,1022.5
2017-12-24 17:00:00,8.9,43,13.0,59.0,1023.2
2017-12-24 18:00:00,7.5,47,11.5,0.0,1024.3
2017-12-24 19:00:00,6.3,51,9.7,0.0,1025.0
2017-12-24 20:00:00,5.3,55,8.3,0.0,1025.3
2017-12-24 21:00:00,5.4,54,8.8,0.0,1025.4
2017-12-24 22:00:00,4.5,57,8.4,0.0,1025.7
2017-12-24 23:00:00,3.8,59,7.9,0.0,1026.4
2017-12-25 00:00:00,3.0,62,7.7,0.0,1026.5
2017-12-25 01:00:00,2.3,65,7.1,0.0,1026.5
2017-12-25 02:00:00,1.8,67,7.4,0.0,1026.5
2017-12-25 03:00:00,1.3,69,7.1,0.0,1026.7
2017-12-25 04:00:00,0.8,70,6.9,0.0,1026.5
2017-12-25 05:00:00,0.4,70,7.0,0.0,1026.3
2017-12-25 06:00:00,-0.3,71,8.0,0.0,1027.0
2017-12-25 07:00:00,-0.9,74,9.0,0.0,1027.2
2017-12-25 08:00:00,2.2,64,5.5,63.0,1027.6
2017-12-25 09:00:00,4.7,54,4.6,226.0,1028.0
2017-12-25 10:00:00,6.5,48,4.6,388.0,1028.0
2017-12-25 11:00:00,7.7,46,2.2,510.0,1027.6
2017-12-25 12:00:00,8.6,43,1.5,574.0,1026.5
2017-12-25 13:00:00,9.2,42,1.8,574.0,1025.6
2017-12-25 14:00:00,9.5,42,2.8,506.0,1025.0
2017-12-25 15:00:00,9.6,42,4.5,382.0,1024.7
2017-12-25 16:00:00,9.1,46,5.5,219.0,1025.1
2017-12-25 17:00:00,5.5,66,7.9,59.0,1025.2
2017-12-25 18:00:00,4.1,73,10.2,0.0,1025.6
2017-12-25 19:00:00,6.1,60,6.2,0.0,1025.7
2017-12-25 20:00:00,4.1,69,6.8,0.0,1025.3
2017-12-25 21:00:00,4.9,69,5.5,0.0,1025.1
2017-12-25 22:00:00,4.7,71,3.0,0.0,1025.1
2017-12-25 23:00:00,4.2,71,2.9,0.0,1025.7
2017-12-26 00:00:00,2.5,77,2.1,0.0,1025.3
2017-12-26 01:00:00,1.2,81,3.1,0.0,1025.5
2017-12-26 02:00:00,2.9,71,1.0,0.0,1025.8
2017-12-26 03:00:00,2.7,71,1.8,0.0,1025.3
2017-12-26 04:00:00,2.7,70,1.3,0.0,1025.0
2017-12-26 05:00:00,2.7,70,0.7,0.0,1024.8
2017-12-26 06:00:00,2.5,72,1.5,0.0,1025.0
2017-12-26 07:00:00,-0.3,82,4.0,0.0,1025.8
2017-12-26 08:00:00,1.9,80,4.5,59.0,1026.6
2017-12-26 09:00:00,5.0,67,1.8,218.0,1026.7
2017-12-26 10:00:00,7.1,61,0.8,378.0,1026.8
2017-12-26 11:00:00,8.9,55,2.3,500.0,1026.9
2017-12-26 12:00:00,10.1,49,4.7,564.0,1025.9
2017-12-26 13:00:00,10.9,46,5.8,564.0,1025.3
2017-12-26 14:00:00,11.4,45,7.9,498.0,1024.9
2017-12-26 15:00:00,11.3,45,9.3,376.0,1024.9
2017-12-26 16:00:00,10.3,52,9.0,215.0,1025.3
2017-12-26 17:00:00,6.9,64,7.4,59.0,1025.8
2017-12-26 18:00:00,5.0,72,7.5,0.0,1026.5
2017-12-26 19:00:00,4.1,83,8.0,0.0,1027.1
2017-12-26 20:00:00,3.8,87,9.3,0.0,1027.4
2017-12-26 21:00:00,3.6,89,7.4,0.0,1027.3
2017-12-26 22:00:00,3.0,91,8.7,0.0,1027.6
2017-12-26 23:00:00,3.0,91,8.9,0.0,1028.0
2017-12-27 00:00:00,3.9,89,7.6,0.0,1028.3
2017-12-27 01:00:00,5.2,85,5.8,0.0,1028.5
2017-12-27 02:00:00,4.9,88,3.2,0.0,1028.3
2017-12-27 03:00:00,4.3,91,3.0,0.0,1027.9
2017-12-27 04:00:00,1.1,96,5.2,0.0,1027.5
2017-12-27 05:00:00,0.7,95,5.9,0.0,1027.3
2017-12-27 06:00:00,0.5,93,6.5,0.0,1027.5
2017-12-27 07:00:00,0.2,93,5.9,0.0,1027.9
2017-12-27 08:00:00,2.2,91,2.2,51.0,1029.0
2017-12-27 09:00:00,4.0,91,2.5,143.0,1028.8
2017-12-27 10:00:00,6.2,88,4.7,266.0,1028.9
2017-12-27 11:00:00,8.8,79,8.6,404.0,1028.4
2017-12-27 12:00:00,10.6,67,12.3,441.0,1026.8
2017-12-27 13:00:00,11.5,62,12.6,447.0,1026.3
2017-12-27 14:00:00,11.9,60,12.6,373.0,1025.5
2017-12-27 15:00:00,11.5,61,14.1,240.0,1025.2
2017-12-27 16:00:00,10.4,68,14.9,151.0,1024.9
2017-12-27 17:00:00,9.0,75,11.7,38.0,1024.8
2017-12-27 18:00:00,8.1,81,12.1,0.0,1024.9
2017-12-27 19:00:00,7.9,83,12.6,0.0,1024.9
2017-12-27 20:00:00,7.6,86,9.1,0.0,1025.1
2017-12-27 21:00:00,7.7,85,8.7,0.0,1024.7
2017-12-27 22:00:00,7.3,86,6.9,0.0,1025.0
2017-12-27 23:00:00,6.9,87,6.2,0.0,1024.8
2017-12-28 00:00:00,6.7,87,5.9,0.0,1024.6
2017-12-28 01:00:00,6.4,88,5.7,0.0,1024.3
2017-12-28 02:00:00,6.2,88,5.9,0.0,1024.1
2017-12-28 03:00:00,6.3,88,5.9,0.0,1023.7
2017-12-28 04:00:00,6.3,89,6.8,0.0,1023.5
2017-12-28 05:00:00,6.6,88,6.2,0.0,1023.6
2017-12-28 06:00:00,7.1,84,5.1,0.0,1023.9
2017-12-28 07:00:00,7.7,79,3.1,0.0,1024.4
2017-12-28 08:00:00,7.3,91,1.8,11.0,1024.6
2017-12-28 09:00:00,7.9,90,0.7,36.0,1025.1
2017-12-28 10:00:00,8.5,88,0.5,56.0,1025.2
2017-12-28 11:00:00,9.1,86,0.7,93.0,1024.6
2017-12-28 12:00:00,9.7,85,0.5,117.0,1023.8
2017-12-28 13:00:00,9.7,86,1.5,86.0,1023.0
2017-12-28 14:00:00,9.8,87,2.3,78.0,1022.1
2017-12-28 15:00:00,9.8,88,2.3,57.0,1022.3
2017-12-28 16:00:00,9.5,93,5.4,31.0,1022.7
2017-12-28 17:00:00,9.2,95,5.1,7.0,1023.1
2017-12-28 18:00:00,9.2,96,4.9,0.0,1023.8
2017-12-28 19:00:00,9.2,96,4.7,0.0,1024.3
2017-12-28 20:00:00,8.9,97,3.3,0.0,1024.4
2017-12-28 21:00:00,8.9,97,1.8,0.0,1024.4
2017-12-28 22:00:00,8.8,97,1.5,0.0,1024.5
2017-12-28 23:00:00,8.5,98,5.2,0.0,1024.8
2017-12-29 00:00:00,8.6,97,4.5,0.0,1024.5
2017-12-29 01:00:00,8.5,97,3.4,0.0,1024.0
2017-12-29 02:00:00,8.5,97,5.0,0.0,1024.2
2017-12-29 03:00:00,8.5,96,5.6,0.0,1024.3
2017-12-29 04:00:00,8.4,96,4.4,0.0,1024.4
2017-12-29 05:00:00,8.4,96,5.1,0.0,1024.6
2017-12-29 06:00:00,8.6,96,4.6,0.0,1025.2
2017-12-29 07:00:00,8.7,97,4.7,0.0,1025.7
2017-12-29 08:00:00,8.9,97,5.1,13.0,1026.7
2017-12-29 09:00:00,9.8,94,7.1,44.0,1027.2
2017-12-29 10:00:00,10.5,93,6.9,110.0,1027.3
2017-12-29 11:00:00,10.9,93,5.9,118.0,1027.0
2017-12-29 12:00:00,11.2,91,5.9,115.0,1026.4
2017-12-29 13:00:00,11.6,90,6.6,128.0,1025.5
2017-12-29 14:00:00,12.1,88,7.9,160.0,1024.8
2017-12-29 15:00:00,12.3,86,8.2,108.0,1024.6
2017-12-29 16:00:00,12.3,86,7.4,54.0,1024.5
2017-12-29 17:00:00,11.3,93,3.8,16.0,1024.5
2017-12-29 18:00:00,11.1,94,3.6,0.0,1025.4
2017-12-29 19:00:00,10.8,95,4.5,0.0,1025.4
2017-12-29 20:00:00,10.4,97,3.6,0.0,1026.5
2017-12-29 21:00:00,10.7,95,4.9,0.0,1026.2
2017-12-29 22:00:00,10.5,94,4.9,0.0,1026.1
2017-12-29 23:00:00,10.3,94,3.8,0.0,1026.3
2017-12-30 00:00:00,10.3,94,3.1,0.0,1026.0
2017-12-30 01:00:00,10.1,95,1.8,0.0,1025.8
2017-12-30 02:00:00,9.9,96,3.6,0.0,1025.8
2017-12-30 03:00:00,9.9,97,3.6,0.0,1025.5
2017-12-30 04:00:00,9.7,98,2.5,0.0,1025.0
2017-12-30 05:00:00,9.1,98,4.0,0.0,1024.7
2017-12-30 06:00:00,9.2,98,3.1,0.0,1024.8
2017-12-30 07:00:00,9.5,96,4.6,0.0,1025.1
2017-12-30 08:00:00,9.7,96,6.9,11.0,1025.9
2017-12-30 09:00:00,10.7,92,9.1,65.0,1026.1
2017-12-30 10:00:00,11.3,87,12.3,86.0,1026.3
2017-12-30 11:00:00,11.6,84,13.8,115.0,1025.6
2017-12-30 12:00:00,11.7,81,16.2,134.0,1024.9
2017-12-30 13:00:00,10.8,84,16.6,52.0,1024.1
2017-12-30 14:00:00,10.2,87,18.6,38.0,1024.1
2017-12-30 15:00:00,9.8,89,16.4,32.0,1024.1
2017-12-30 16:00:00,9.6,89,16.9,31.0,1024.7
2017-12-30 17:00:00,9.3,89,12.0,12.0,1025.0
2017-12-30 18:00:00,9.0,89,10.5,0.0,1025.5
2017-12-30 19:00:00,9.0,87,12.3,0.0,1026.0
2017-12-30 20:00:00,8.1,86,16.3,0.0,1027.0
2017-12-30 21:00:00,7.7,84,15.7,0.0,1027.4
2017-12-30 22:00:00,6.8,86,11.0,0.0,1027.5
2017-12-30 23:00:00,5.7,89,9.5,0.0,1028.0
2017-12-31 00:00:00,5.3,86,11.7,0.0,1028.2
2017-12-31 01:00:00,5.0,84,12.5,0.0,1028.3
2017-12-31 02:00:00,4.4,87,10.0,0.0,1028.4
2017-12-31 03:00:00,3.4,90,8.1,0.0,1027.9
2017-12-31 04:00:00,2.6,91,6.9,0.0,1027.8
2017-12-31 05:00:00,1.7,93,6.4,0.0,1027.6
2017-12-31 06:00:00,0.8,94,7.9,0.0,1027.9
2017-12-31 07:00:00,0.3,95,7.9,0.0,1028.4
2017-12-31 08:00:00,3.0,91,4.3,57.0,1029.0
2017-12-31 09:00:00,5.3,82,3.1,208.0,1029.5
2017-12-31 10:00:00,7.1,73,3.6,349.0,1029.2
2017-12-31 11:00:00,8.5,62,4.9,483.0,1028.8
2017-12-31 12:00:00,9.5,54,4.7,556.0,1027.6
2017-12-31 13:00:00,10.2,50,4.6,543.0,1026.5
2017-12-31 14:00:00,10.7,49,4.1,477.0,1025.9
2017-12-31 15:00:00,11.0,43,2.9,376.0,1025.6
2017-12-31 16:00:00,10.7,43,3.6,226.0,1025.6
2017-12-31 17:00:00,8.2,53,6.5,68.0,1025.5
2017-12-31 18:00:00,6.7,60,7.6,0.0,1025.9
2017-12-31 19:00:00,4.3,78,9.5,0.0,1026.4
2017-12-31 20:00:00,3.8,86,10.2,0.0,1026.3
2017-12-31 21:00:00,3.7,88,8.0,0.0,1026.5
2017-12-31 22:00:00,3.5,88,7.6,0.0,1026.2
2017-12-31 23:00:00,2.5,89,10.1,0.0,1026.4
2018-01-01 00:00:00,3.6,86,8.0,0.0,1026.2
2018-01-01 01:00:00,4.8,84,4.6,0.0,1025.8
2018-01-01 02:00:00,4.6,84,2.5,0.0,1026.1
2018-01-01 03:00:00,4.4,85,1.9,0.0,1026.2
2018-01-01 04:00:00,4.3,85,0.5,0.0,1025.9
2018-01-01 05:00:00,3.9,88,2.3,0.0,1026.0
2018-01-01 06:00:00,3.6,90,2.6,0.0,1026.1
2018-01-01 07:00:00,3.3,90,1.1,0.0,1026.6
2018-01-01 08:00:00,2.9,95,0.4,57.0,1027.1
2018-01-01 09:00:00,5.0,86,0.8,213.0,1027.6
2018-01-01 10:00:00,7.6,70,5.4,376.0,1027.7
2018-01-01 11:00:00,9.3,57,8.4,495.0,1027.1
2018-01-01 12:00:00,10.5,51,10.0,566.0,1025.6
2018-01-01 13:00:00,11.2,50,11.9,571.0,1024.1
2018-01-01 14:00:00,11.4,54,14.0,507.0,1023.7
2018-01-01 15:00:00,10.9,60,15.5,377.0,1023.6
2018-01-01 16:00:00,9.7,64,15.5,222.0,1023.9
2018-01-01 17:00:00,7.6,73,12.2,66.0,1024.3
2018-01-01 18:00:00,6.4,76,13.7,0.0,1024.6
2018-01-01 19:00:00,5.8,79,12.1,0.0,1024.8
2018-01-01 20:00:00,5.8,79,10.5,0.0,1024.7
2018-01-01 21:00:00,7.2,71,12.8,0.0,1024.5
2018-01-01 22:00:00,6.8,71,9.9,0.0,1024.6
2018-01-01 23:00:00,6.0,76,8.1,0.0,1024.9
2018-01-02 00:00:00,5.6,79,7.4,0.0,1024.8
2018-01-02 01:00:00,6.5,75,8.5,0.0,1024.7
2018-01-02 02:00:00,6.4,77,7.2,0.0,1025.0
2018-01-02 03:00:00,6.4,78,6.8,0.0,1024.8
2018-01-02 04:00:00,6.7,78,5.6,0.0,1024.6
2018-01-02 05:00:00,6.8,79,4.9,0.0,1024.2
2018-01-02 06:00:00,6.5,84,4.7,0.0,1024.2
2018-01-02 07:00:00,7.4,76,4.0,0.0,1024.3
2018-01-02 08:00:00,7.2,80,1.5,12.0,1024.2
2018-01-02 09:00:00,8.2,76,3.6,61.0,1024.4
2018-01-02 10:00:00,9.6,71,3.6,144.0,1024.2
2018-01-02 11:00:00,10.8,68,2.1,230.0,1023.8
2018-01-02 12:00:00,11.9,65,0.7,299.0,1022.8
2018-01-02 13:00:00,12.0,66,1.4,180.0,1021.9
2018-01-02 14:00:00,12.0,67,2.0,94.0,1021.6
2018-01-02 15:00:00,12.5,66,4.7,157.0,1021.8
2018-01-02 16:00:00,12.0,72,4.3,50.0,1021.9
2018-01-02 17:00:00,11.2,76,5.5,14.0,1021.8
2018-01-02 18:00:00,10.6,80,5.2,0.0,1022.1
2018-01-02 19:00:00,10.1,84,5.1,0.0,1022.4
2018-01-02 20:00:00,9.9,83,6.1,0.0,1022.5
2018-01-02 21:00:00,10.4,82,6.2,0.0,1023.0
2018-01-02 22:00:00,10.3,84,6.6,0.0,1023.4
2018-01-02 23:00:00,9.8,90,6.2,0.0,1023.5
2018-01-03 00:00:00,9.6,92,7.3,0.0,1023.6
2018-01-03 01:00:00,9.6,92,8.7,0.0,1023.9
2018-01-03 02:00:00,9.5,93,10.9,0.0,1024.4
2018-01-03 03:00:00,9.4,93,11.5,0.0,1024.5
2018-01-03 04:00:00,9.3,95,11.7,0.0,1024.4
2018-01-03 05:00:00,9.4,95,11.2,0.0,1024.3
2018-01-03 06:00:00,9.5,95,11.4,0.0,1025.0
2018-01-03 07:00:00,9.4,94,13.7,0.0,1025.6
2018-01-03 08:00:00,8.9,94,14.8,2.0,1026.8
2018-01-03 09:00:00,8.8,92,15.7,10.0,1027.3
2018-01-03 10:00:00,8.6,92,15.5,22.0,1028.0
2018-01-03 11:00:00,8.3,92,15.2,28.0,1027.7
2018-01-03 12:00:00,8.3,91,14.4,36.0,1027.1
2018-01-03 13:00:00,8.2,92,14.5,29.0,1026.4
2018-01-03 14:00:00,8.2,92,15.1,18.0,1025.9
2018-01-03 15:00:00,8.1,91,16.1,21.0,1025.8
2018-01-03 16:00:00,7.7,91,16.6,13.0,1026.8
2018-01-03 17:00:00,7.1,90,16.8,3.0,1027.2
2018-01-03 18:00:00,6.6,90,17.3,0.0,1027.6
2018-01-03 19:00:00,6.1,90,17.4,0.0,1028.0
2018-01-03 20:00:00,5.5,90,16.2,0.0,1028.9
2018-01-03 21:00:00,5.2,91,15.1,0.0,1028.8
2018-01-03 22:00:00,5.0,91,14.6,0.0,1029.0
2018-01-03 23:00:00,4.9,91,13.6,0.0,1028.7
2018-01-04 00:00:00,4.7,91,14.3,0.0,1028.8
2018-01-04 01:00:00,4.4,93,14.4,0.0,1028.3
2018-01-04 02:00:00,4.2,93,14.7,0.0,1028.1
2018-01-04 03:00:00,3.8,93,16.6,0.0,1027.3
2018-01-04 04:00:00,3.4,95,15.6,0.0,1026.5
2018-01-04 05:00:00,3.2,95,14.9,0.0,1026.1
2018-01-04 06:00:00,2.8,97,14.9,0.0,1026.5
2018-01-04 07:00:00,2.7,98,14.1,0.0,1026.4
2018-01-04 08:00:00,2.9,98,12.8,3.0,1026.3
2018-01-04 09:00:00,3.2,97,13.1,9.0,1026.4
2018-01-04 10:00:00,3.4,97,12.2,14.0,1026.0
2018-01-04 11:00:00,3.4,97,11.6,15.0,1025.2
2018-01-04 12:00:00,3.6,97,11.6,18.0,1024.0
2018-01-04 13:00:00,3.8,97,10.6,22.0,1022.2
2018-01-04 14:00:00,4.0,97,10.2,17.0,1021.7
2018-01-04 15:00:00,4.0,97,11.5,14.0,1021.6
2018-01-04 16:00:00,4.1,97,11.6,7.0,1021.0
2018-01-04 17:00:00,4.5,96,11.6,2.0,1020.9
2018-01-04 18:00:00,4.5,96,15.3,0.0,1022.0
2018-01-04 19:00:00,4.3,96,15.1,0.0,1021.9
2018-01-04 20:00:00,4.2,97,13.6,0.0,1021.8
2018-01-04 21:00:00,4.2,96,9.8,0.0,1021.7
2018-01-04 22:00:00,4.1,96,13.8,0.0,1021.9
2018-01-04 23:00:00,3.5,98,18.3,0.0,1022.2
2018-01-05 00:00:00,2.1,99,18.2,0.0,1022.8
2018-01-05 01:00:00,1.6,100,14.7,0.0,1022.9
2018-01-05 02:00:00,1.6,100,13.4,0.0,1023.1
2018-01-05 03:00:00,2.0,99,13.1,0.0,1022.8
2018-01-05 04:00:00,2.2,97,12.7,0.0,1022.6
2018-01-05 05:00:00,2.5,94,12.9,0.0,1023.0
2018-01-05 06:00:00,2.6,93,12.4,0.0,1023.8
2018-01-05 07:00:00,2.6,93,12.4,0.0,1024.2
2018-01-05 08:00:00,2.3,90,14.2,7.0,1025.3
2018-01-05 09:00:00,2.7,87,15.9,45.0,1025.9
2018-01-05 10:00:00,3.0,85,14.8,68.0,1026.4
2018-01-05 11:00:00,3.6,82,13.8,127.0,1025.9
2018-01-05 12:00:00,4.1,79,13.0,155.0,1025.0
2018-01-05 13:00:00,4.6,76,12.4,166.0,1024.2
2018-01-05 14:00:00,5.1,72,12.3,164.0,1023.7
2018-01-05 15:00:00,5.6,68,13.0,148.0,1023.3
2018-01-05 16:00:00,5.4,66,12.3,100.0,1023.5
2018-01-05 17:00:00,4.5,71,8.5,45.0,1024.0
2018-01-05 18:00:00,3.0,80,7.2,1.0,1024.4
2018-01-05 19:00:00,1.7,86,7.2,0.0,1024.6
2018-01-05 20:00:00,0.8,92,6.2,0.0,1025.0
2018-01-05 21:00:00,0.6,92,6.3,0.0,1024.6
2018-01-05 22:00:00,0.2,92,6.1,0.0,1024.8
2018-01-05 23:00:00,0.1,93,6.4,0.0,1025.2
2018-01-06 00:00:00,0.2,92,7.5,0.0,1025.1
2018-01-06 01:00:00,0.9,87,9.0,0.0,1024.9
2018-01-06 02:00:00,1.2,86,9.1,0.0,1024.8
2018-01-06 03:00:00,1.6,83,9.8,0.0,1024.6
2018-01-06 04:00:00,1.7,82,8.9,0.0,1024.3
2018-01-06 05:00:00,1.4,85,5.8,0.0,1024.5
2018-01-06 06:00:00,1.4,83,6.0,0.0,1024.6
2018-01-06 07:00:00,1.5,83,3.9,0.0,1024.9
2018-01-06 08:00:00,2.0,81,5.1,19.0,1025.4
2018-01-06 09:00:00,2.6,79,5.8,62.0,1025.8
2018-01-06 10:00:00,3.5,75,8.6,128.0,1025.2
2018-01-06 11:00:00,4.3,74,8.7,175.0,1024.7
2018-01-06 12:00:00,5.1,71,10.9,165.0,1023.3
2018-01-06 13:00:00,5.8,66,13.0,155.0,1021.7
2018-01-06 14:00:00,6.2,67,11.7,161.0,1020.8
2018-01-06 15:00:00,6.2,72,13.7,120.0,1020.3
2018-01-06 16:00:00,6.0,78,12.4,59.0,1020.1
2018-01-06 17:00:00,5.6,81,11.9,13.0,1020.3
2018-01-06 18:00:00,5.5,83,12.1,0.0,1020.9
2018-01-06 19:00:00,5.4,89,11.1,0.0,1020.4
2018-01-06 20:00:00,5.5,90,4.4,0.0,1020.2
2018-01-06 21:00:00,5.6,89,7.2,0.0,1019.6
2018-01-06 22:00:00,5.7,90,5.5,0.0,1019.4
2018-01-06 23:00:00,5.7,92,3.6,0.0,1019.3
2018-01-07 00:00:00,5.8,90,4.0,0.0,1019.1
2018-01-07 01:00:00,5.7,93,3.3,0.0,1018.6
2018-01-07 02:00:00,5.8,92,1.0,0.0,1018.5
2018-01-07 03:00:00,5.7,94,1.1,0.0,1018.1
2018-01-07 04:00:00,5.7,94,4.0,0.0,1017.3
2018-01-07 05:00:00,5.6,94,4.7,0.0,1016.9
2018-01-07 06:00:00,5.5,94,6.1,0.0,1017.1
2018-01-07 07:00:00,5.6,93,7.1,0.0,1017.3
2018-01-07 08:00:00,5.8,92,7.1,8.0,1017.1
2018-01-07 09:00:00,6.2,90,8.2,24.0,1017.4
2018-01-07 10:00:00,7.1,86,7.1,86.0,1017.8
2018-01-07 11:00:00,8.0,83,9.9,148.0,1017.1
2018-01-07 12:00:00,7.6,86,10.2,106.0,1015.8
2018-01-07 13:00:00,7.1,87,9.9,74.0,1015.0
2018-01-07 14:00:00,7.6,81,15.3,123.0,1015.1
2018-01-07 15:00:00,6.7,84,12.7,42.0,1015.3
2018-01-07 16:00:00,5.7,85,12.6,29.0,1016.2
2018-01-07 17:00:00,5.0,85,14.3,9.0,1016.4
2018-01-07 18:00:00,4.6,85,15.0,0.0,1016.6
2018-01-07 19:00:00,4.4,83,15.8,0.0,1017.1
2018-01-07 20:00:00,4.0,84,16.9,0.0,1017.3
2018-01-07 21:00:00,4.0,81,15.3,0.0,1017.7
2018-01-07 22:00:00,3.8,80,14.9,0.0,1017.5
2018-01-07 23:00:00,3.6,80,16.1,0.0,1018.0
2018-01-08 00:00:00,3.4,80,18.8,0.0,1018.0
2018-01-08 01:00:00,3.3,81,17.6,0.0,1018.9
2018-01-08 02:00:00,3.0,88,15.6,0.0,1018.7
2018-01-08 03:00:00,2.4,89,17.9,0.0,1017.9
2018-01-08 04:00:00,2.0,88,20.3,0.0,1018.0
2018-01-08 05:00:00,2.1,86,23.7,0.0,1020.0
2018-01-08 06:00:00,1.8,89,17.2,0.0,1019.0
2018-01-08 07:00:00,1.5,84,18.3,0.0,1019.3
2018-01-08 08:00:00,1.8,83,20.1,28.0,1020.6
2018-01-08 09:00:00,2.3,81,16.5,31.0,1021.7
2018-01-08 10:00:00,2.6,74,18.0,106.0,1022.0
2018-01-08 11:00:00,2.7,70,17.7,122.0,1021.0
2018-01-08 12:00:00,3.2,64,18.1,145.0,1020.6
2018-01-08 13:00:00,3.5,62,16.4,109.0,1019.9
2018-01-08 14:00:00,3.9,62,15.5,129.0,1020.2
2018-01-08 15:00:00,4.0,62,13.1,89.0,1020.4
2018-01-08 16:00:00,4.1,60,14.2,55.0,1020.7
2018-01-08 17:00:00,3.9,61,13.8,26.0,1021.2
2018-01-08 18:00:00,3.8,60,15.6,1.0,1021.9
2018-01-08 19:00:00,3.0,56,16.3,0.0,1022.4
2018-01-08 20:00:00,1.5,62,11.2,0.0,1023.2
2018-01-08 21:00:00,0.8,59,11.1,0.0,1023.7
2018-01-08 22:00:00,-0.1,55,9.5,0.0,1024.6
2018-01-08 23:00:00,-0.9,55,8.0,0.0,1026.0
2018-01-09 00:00:00,-1.9,58,6.9,0.0,1026.1
2018-01-09 01:00:00,-2.9,60,6.9,0.0,1025.8
2018-01-09 02:00:00,-3.9,66,7.6,0.0,1025.6
2018-01-09 03:00:00,-4.5,71,8.4,0.0,1025.2
2018-01-09 04:00:00,-3.7,67,6.6,0.0,1025.3
2018-01-09 05:00:00,-2.8,63,5.4,0.0,1025.5
2018-01-09 06:00:00,-4.8,75,7.7,0.0,1025.9
2018-01-09 07:00:00,-4.7,71,6.9,0.0,1026.7
2018-01-09 08:00:00,-1.6,60,7.4,57.0,1026.1
2018-01-09 09:00:00,1.0,49,6.0,222.0,1026.5
2018-01-09 10:00:00,3.1,40,6.5,393.0,1026.4
2018-01-09 11:00:00,4.8,38,12.4,518.0,1026.1
2018-01-09 12:00:00,6.1,32,15.2,591.0,1025.0
2018-01-09 13:00:00,7.0,31,16.0,597.0,1024.1
2018-01-09 14:00:00,7.7,30,16.5,540.0,1023.5
2018-01-09 15:00:00,8.0,29,14.8,421.0,1022.7
2018-01-09 16:00:00,7.6,35,10.0,258.0,1022.7
2018-01-09 17:00:00,3.8,60,8.3,87.0,1023.2
2018-01-09 18:00:00,1.9,62,9.1,2.0,1023.6
2018-01-09 19:00:00,1.5,56,8.9,0.0,1023.4
2018-01-09 20:00:00,2.2,48,9.7,0.0,1023.9
2018-01-09 21:00:00,2.1,53,9.9,0.0,1024.3
2018-01-09 22:00:00,2.3,52,12.4,0.0,1024.8
2018-01-09 23:00:00,2.4,50,14.5,0.0,1025.6
2018-01-10 00:00:00,2.0,52,14.0,0.0,1025.8
2018-01-10 01:00:00,0.9,58,10.9,0.0,1025.9
2018-01-10 02:00:00,-1.0,68,6.7,0.0,1026.3
2018-01-10 03:00:00,-1.8,72,6.6,0.0,1026.4
2018-01-10 04:00:00,-2.1,72,6.9,0.0,1026.6
2018-01-10 05:00:00,-2.6,74,8.1,0.0,1027.0
2018-01-10 06:00:00,-3.3,77,8.7,0.0,1027.7
2018-01-10 07:00:00,-3.8,80,8.4,0.0,1028.5
2018-01-10 08:00:00,-0.5,69,8.9,56.0,1028.6
2018-01-10 09:00:00,2.4,57,7.7,221.0,1029.5
2018-01-10 10:00:00,4.1,45,10.2,391.0,1029.3
2018-01-10 11:00:00,5.5,43,14.3,522.0,1029.0
2018-01-10 12:00:00,6.8,37,17.3,594.0,1028.3
2018-01-10 13:00:00,7.4,33,20.2,603.0,1027.0
2018-01-10 14:00:00,7.5,32,21.7,544.0,1026.7
2018-01-10 15:00:00,7.4,31,19.4,424.0,1027.3
2018-01-10 16:00:00,6.7,35,16.3,261.0,1027.5
2018-01-10 17:00:00,4.7,40,11.9,90.0,1027.6
2018-01-10 18:00:00,2.7,45,10.1,2.0,1028.0
2018-01-10 19:00:00,1.7,47,9.2,0.0,1028.3
2018-01-10 20:00:00,0.1,62,9.1,0.0,1028.5
2018-01-10 21:00:00,1.0,57,8.2,0.0,1028.9
2018-01-10 22:00:00,0.7,57,9.8,0.0,1029.4
2018-01-10 23:00:00,0.2,59,10.9,0.0,1029.8
2018-01-11 00:00:00,-0.5,63,11.4,0.0,1030.1
2018-01-11 01:00:00,-0.8,67,13.0,0.0,1030.5
2018-01-11 02:00:00,-1.2,71,13.8,0.0,1030.5
2018-01-11 03:00:00,-1.8,74,12.8,0.0,1030.4
2018-01-11 04:00:00,-2.5,79,10.6,0.0,1030.5
2018-01-11 05:00:00,-3.4,84,7.6,0.0,1030.6
2018-01-11 06:00:00,-4.1,86,6.4,0.0,1031.0
2018-01-11 07:00:00,-4.7,87,7.1,0.0,1031.6
2018-01-11 08:00:00,-1.8,80,2.5,58.0,1031.9
2018-01-11 09:00:00,0.3,68,0.7,224.0,1032.7
2018-01-11 10:00:00,2.3,56,1.3,395.0,1033.2
2018-01-11 11:00:00,3.7,46,0.5,527.0,1032.8
2018-01-11 12:00:00,4.8,42,1.3,601.0,1031.8
2018-01-11 13:00:00,5.7,38,5.8,609.0,1030.4
2018-01-11 14:00:00,6.1,39,7.1,545.0,1029.8
2018-01-11 15:00:00,6.7,37,6.8,424.0,1029.5
2018-01-11 16:00:00,6.9,34,11.5,262.0,1029.5
2018-01-11 17:00:00,4.7,43,9.7,91.0,1030.0
2018-01-11 18:00:00,2.6,49,10.5,2.0,1030.7
2018-01-11 19:00:00,1.2,57,8.4,0.0,1031.6
2018-01-11 20:00:00,-0.2,68,6.7,0.0,1032.8
2018-01-11 21:00:00,0.2,66,9.0,0.0,1033.3
2018-01-11 22:00:00,0.1,66,12.5,0.0,1034.1
2018-01-11 23:00:00,-0.5,68,12.0,0.0,1034.6
2018-01-12 00:00:00,-1.4,71,10.8,0.0,1034.5
2018-01-12 01:00:00,-2.1,74,10.4,0.0,1034.7
2018-01-12 02:00:00,-2.7,75,10.1,0.0,1034.8
2018-01-12 03:00:00,-3.3,76,10.5,0.0,1034.8
2018-01-12 04:00:00,-3.9,75,9.4,0.0,1035.0
2018-01-12 05:00:00,-4.6,74,8.2,0.0,1035.1
2018-01-12 06:00:00,-5.2,73,7.9,0.0,1035.2
2018-01-12 07:00:00,-5.6,71,7.6,0.0,1035.6
2018-01-12 08:00:00,-3.8,65,7.6,61.0,1036.2
2018-01-12 09:00:00,-2.1,45,7.6,229.0,1036.7
2018-01-12 10:00:00,-0.7,37,6.5,400.0,1036.9
2018-01-12 11:00:00,0.6,35,6.9,538.0,1036.2
2018-01-12 12:00:00,1.7,35,7.3,618.0,1035.0
2018-01-12 13:00:00,2.5,35,6.5,625.0,1033.6
2018-01-12 14:00:00,3.1,34,5.8,564.0,1033.0
2018-01-12 15:00:00,3.3,34,5.8,442.0,1032.4
2018-01-12 16:00:00,3.0,35,6.6,275.0,1032.4
2018-01-12 17:00:00,0.7,51,5.6,97.0,1032.5
2018-01-12 18:00:00,-1.1,57,7.2,3.0,1032.9
2018-01-12 19:00:00,-2.0,54,7.9,0.0,1033.3
2018-01-12 20:00:00,-2.9,55,6.6,0.0,1033.4
2018-01-12 21:00:00,-3.8,64,8.3,0.0,1033.6
2018-01-12 22:00:00,-2.0,49,2.4,0.0,1034.0
2018-01-12 23:00:00,-4.4,65,4.0,0.0,1034.4
2018-01-13 00:00:00,-5.2,69,3.9,0.0,1033.6
2018-01-13 01:00:00,-5.5,71,4.1,0.0,1033.9
2018-01-13 02:00:00,-5.8,76,4.7,0.0,1033.4
2018-01-13 03:00:00,-6.1,79,3.7,0.0,1032.4
2018-01-13 04:00:00,-6.1,80,3.8,0.0,1032.3
2018-01-13 05:00:00,-5.8,78,3.6,0.0,1031.8
2018-01-13 06:00:00,-4.4,71,3.0,0.0,1031.9
2018-01-13 07:00:00,-3.5,71,3.2,0.0,1032.4
2018-01-13 08:00:00,-2.6,73,5.9,60.0,1032.8
2018-01-13 09:00:00,-0.1,53,5.5,231.0,1033.7
2018-01-13 10:00:00,2.0,46,6.8,405.0,1034.6
2018-01-13 11:00:00,3.8,42,5.8,507.0,1034.1
2018-01-13 12:00:00,5.3,40,4.8,616.0,1032.7
2018-01-13 13:00:00,6.2,39,4.5,614.0,1031.3
2018-01-13 14:00:00,6.6,38,6.4,489.0,1030.1
2018-01-13 15:00:00,6.9,37,7.8,407.0,1029.6
2018-01-13 16:00:00,6.2,42,10.4,202.0,1028.6
2018-01-13 17:00:00,3.9,55,9.8,59.0,1029.2
2018-01-13 18:00:00,2.5,61,7.6,2.0,1029.7
2018-01-13 19:00:00,1.7,69,7.0,0.0,1030.0
2018-01-13 20:00:00,1.6,75,6.3,0.0,1030.2
2018-01-13 21:00:00,1.4,84,5.9,0.0,1030.0
2018-01-13 22:00:00,-0.1,89,7.6,0.0,1029.9
2018-01-13 23:00:00,-0.6,90,8.1,0.0,1029.3
2018-01-14 00:00:00,1.0,83,6.4,0.0,1028.9
2018-01-14 01:00:00,0.8,83,4.0,0.0,1028.6
2018-01-14 02:00:00,0.5,84,3.5,0.0,1028.3
2018-01-14 03:00:00,-2.0,91,6.0,0.0,1028.3
2018-01-14 04:00:00,-2.4,95,6.6,0.0,1028.0
2018-01-14 05:00:00,-2.3,93,6.7,0.0,1027.5
2018-01-14 06:00:00,-3.2,92,8.4,0.0,1027.1
2018-01-14 07:00:00,-2.8,87,9.0,0.0,1026.7
2018-01-14 08:00:00,0.7,73,6.1,53.0,1026.7
2018-01-14 09:00:00,2.8,65,4.0,114.0,1027.1
2018-01-14 10:00:00,5.4,58,4.0,267.0,1026.9
2018-01-14 11:00:00,8.1,55,6.7,500.0,1026.2
2018-01-14 12:00:00,10.1,54,9.0,577.0,1024.8
2018-01-14 13:00:00,11.3,52,8.0,545.0,1023.0
2018-01-14 14:00:00,12.3,49,6.9,520.0,1022.1
2018-01-14 15:00:00,12.8,49,4.7,415.0,1022.2
2018-01-14 16:00:00,12.6,51,1.6,254.0,1022.4
2018-01-14 17:00:00,10.4,60,5.2,92.0,1022.4
2018-01-14 18:00:00,6.2,77,10.0,3.0,1022.8
2018-01-14 19:00:00,4.4,87,10.5,0.0,1023.2
2018-01-14 20:00:00,5.3,78,7.9,0.0,1023.2
2018-01-14 21:00:00,6.6,70,4.4,0.0,1023.2
2018-01-14 22:00:00,5.6,73,1.5,0.0,1023.4
2018-01-14 23:00:00,4.8,72,2.9,0.0,1023.6
2018-01-15 00:00:00,2.9,75,3.4,0.0,1023.6
2018-01-15 01:00:00,0.9,81,5.6,0.0,1023.2
2018-01-15 02:00:00,0.2,84,6.9,0.0,1023.2
2018-01-15 03:00:00,-0.9,88,7.9,0.0,1022.8
2018-01-15 04:00:00,-1.1,86,8.1,0.0,1022.6
2018-01-15 05:00:00,-1.3,86,7.6,0.0,1022.3
2018-01-15 06:00:00,-1.6,85,7.2,0.0,1022.5
2018-01-15 07:00:00,-0.2,78,5.7,0.0,1022.9
2018-01-15 08:00:00,1.4,77,5.8,56.0,1023.4
2018-01-15 09:00:00,5.2,67,2.9,219.0,1023.8
2018-01-15 10:00:00,8.6,55,1.6,387.0,1023.6
2018-01-15 11:00:00,10.8,55,1.9,515.0,1022.7
2018-01-15 12:00:00,12.5,56,3.3,587.0,1021.4
2018-01-15 13:00:00,13.6,53,5.1,596.0,1020.0
2018-01-15 14:00:00,14.2,53,6.5,538.0,1019.1
2018-01-15 15:00:00,14.2,58,8.1,421.0,1018.7
2018-01-15 16:00:00,13.5,65,8.7,260.0,1018.7
2018-01-15 17:00:00,10.6,81,8.0,93.0,1019.0
2018-01-15 18:00:00,8.5,90,7.6,3.0,1019.1
2018-01-15 19:00:00,7.5,94,6.7,0.0,1019.5
2018-01-15 20:00:00,5.9,95,10.4,0.0,1018.7
2018-01-15 21:00:00,5.9,97,7.9,0.0,1018.8
2018-01-15 22:00:00,6.0,98,5.2,0.0,1018.8
2018-01-15 23:00:00,5.5,99,5.3,0.0,1018.9
2018-01-16 00:00:00,4.6,100,4.9,0.0,1018.2
2018-01-16 01:00:00,5.7,100,2.9,0.0,1017.5
2018-01-16 02:00:00,5.8,100,5.1,0.0,1017.0
2018-01-16 03:00:00,5.8,100,3.4,0.0,1016.3
2018-01-16 04:00:00,6.1,99,3.3,0.0,1015.8
2018-01-16 05:00:00,6.0,98,5.2,0.0,1015.3
2018-01-16 06:00:00,6.7,96,5.9,0.0,1015.5
2018-01-16 07:00:00,7.2,93,7.1,0.0,1015.4
2018-01-16 08:00:00,8.5,88,6.8,18.0,1015.1
2018-01-16 09:00:00,10.1,83,7.6,70.0,1015.6
2018-01-16 10:00:00,12.3,76,7.6,186.0,1015.7
2018-01-16 11:00:00,12.3,77,8.1,117.0,1015.5
2018-01-16 12:00:00,14.4,70,8.4,306.0,1014.2
2018-01-16 13:00:00,14.7,70,6.8,209.0,1013.2
2018-01-16 14:00:00,15.9,64,8.6,393.0,1012.6
2018-01-16 15:00:00,16.2,49,11.8,369.0,1012.8
2018-01-16 16:00:00,14.7,56,10.8,225.0,1013.0
2018-01-16 17:00:00,11.9,68,7.2,82.0,1013.5
2018-01-16 18:00:00,11.1,70,10.5,2.0,1014.0
2018-01-16 19:00:00,10.2,69,11.2,0.0,1014.5
2018-01-16 20:00:00,9.2,70,12.3,0.0,1014.6
2018-01-16 21:00:00,9.1,71,14.4,0.0,1015.1
2018-01-16 22:00:00,8.7,76,14.2,0.0,1015.8
2018-01-16 23:00:00,8.2,81,15.0,0.0,1016.4
2018-01-17 00:00:00,7.8,85,9.0,0.0,1016.3
2018-01-17 01:00:00,7.8,86,1.8,0.0,1016.2
2018-01-17 02:00:00,7.0,89,5.2,0.0,1017.0
2018-01-17 03:00:00,7.3,88,10.3,0.0,1017.5
2018-01-17 04:00:00,7.1,88,9.9,0.0,1017.4
2018-01-17 05:00:00,5.6,93,6.1,0.0,1017.2
2018-01-17 06:00:00,4.9,94,6.9,0.0,1017.5
2018-01-17 07:00:00,4.4,96,5.9,0.0,1017.8
2018-01-17 08:00:00,5.6,93,6.0,45.0,1018.5
2018-01-17 09:00:00,7.1,86,6.0,182.0,1019.4
2018-01-17 10:00:00,8.6,78,4.1,334.0,1019.8
2018-01-17 11:00:00,10.0,74,3.8,445.0,1019.3
2018-01-17 12:00:00,11.0,71,3.8,493.0,1018.9
2018-01-17 13:00:00,11.7,69,2.9,481.0,1018.2
2018-01-17 14:00:00,12.3,68,2.3,419.0,1017.8
2018-01-17 15:00:00,12.7,68,2.2,369.0,1018.1
2018-01-17 16:00:00,12.5,68,1.8,218.0,1017.9
2018-01-17 17:00:00,10.2,83,6.0,95.0,1018.2
2018-01-17 18:00:00,7.9,88,8.2,4.0,1018.5
2018-01-17 19:00:00,8.0,87,8.4,0.0,1018.7
2018-01-17 20:00:00,7.0,90,10.9,0.0,1019.2
2018-01-17 21:00:00,6.4,93,7.7,0.0,1019.8
2018-01-17 22:00:00,5.4,95,6.3,0.0,1020.4
2018-01-17 23:00:00,4.9,96,5.6,0.0,1021.0
2018-01-18 00:00:00,4.4,96,5.5,0.0,1021.1
2018-01-18 01:00:00,4.3,97,5.0,0.0,1021.3
2018-01-18 02:00:00,4.0,98,5.4,0.0,1021.4
2018-01-18 03:00:00,4.0,98,5.4,0.0,1021.3
2018-01-18 04:00:00,3.6,98,5.0,0.0,1020.8
2018-01-18 05:00:00,3.6,98,4.5,0.0,1020.8
2018-01-18 06:00:00,3.8,99,5.9,0.0,1020.8
2018-01-18 07:00:00,4.4,99,5.1,0.0,1021.0
2018-01-18 08:00:00,6.0,95,6.2,21.0,1021.4
2018-01-18 09:00:00,7.1,93,5.5,70.0,1022.3
2018-01-18 10:00:00,8.3,90,4.6,127.0,1022.9
2018-01-18 11:00:00,9.5,85,6.9,181.0,1022.8
2018-01-18 12:00:00,10.0,82,8.8,124.0,1022.0
2018-01-18 13:00:00,10.3,80,10.0,103.0,1021.0
2018-01-18 14:00:00,10.7,76,10.1,115.0,1021.2
2018-01-18 15:00:00,10.2,76,10.1,62.0,1021.1
2018-01-18 16:00:00,9.4,78,10.1,31.0,1021.8
2018-01-18 17:00:00,9.0,80,9.3,15.0,1022.2
2018-01-18 18:00:00,8.6,81,8.6,1.0,1022.7
2018-01-18 19:00:00,8.2,82,8.3,0.0,1023.1
2018-01-18 20:00:00,7.9,89,3.4,0.0,1023.5
2018-01-18 21:00:00,8.2,87,2.5,0.0,1023.6
2018-01-18 22:00:00,8.0,90,2.1,0.0,1024.1
2018-01-18 23:00:00,7.9,91,2.4,0.0,1023.9
2018-01-19 00:00:00,7.7,93,3.0,0.0,1023.5
2018-01-19 01:00:00,7.4,94,4.5,0.0,1022.9
2018-01-19 02:00:00,6.8,95,4.0,0.0,1022.8
2018-01-19 03:00:00,7.5,92,4.4,0.0,1022.6
2018-01-19 04:00:00,7.4,92,5.8,0.0,1022.8
2018-01-19 05:00:00,7.3,91,5.9,0.0,1022.7
2018-01-19 06:00:00,7.0,88,7.5,0.0,1023.0
2018-01-19 07:00:00,6.8,84,7.3,0.0,1023.3
2018-01-19 08:00:00,7.1,81,5.9,15.0,1024.1
2018-01-19 09:00:00,7.7,77,3.9,57.0,1024.5
2018-01-19 10:00:00,8.3,76,4.7,107.0,1024.8
2018-01-19 11:00:00,8.7,75,5.4,139.0,1024.2
2018-01-19 12:00:00,9.5,75,6.5,204.0,1023.2
2018-01-19 13:00:00,9.9,74,5.9,213.0,1022.0
2018-01-19 14:00:00,10.0,74,4.9,179.0,1021.1
2018-01-19 15:00:00,10.1,74,5.6,137.0,1021.3
2018-01-19 16:00:00,10.0,74,6.9,91.0,1021.4
2018-01-19 17:00:00,9.7,76,5.5,26.0,1021.8
2018-01-19 18:00:00,9.1,80,4.5,1.0,1022.0
2018-01-19 19:00:00,8.7,82,3.9,0.0,1021.7
2018-01-19 20:00:00,7.8,85,5.1,0.0,1022.0
2018-01-19 21:00:00,7.2,88,6.8,0.0,1022.1
2018-01-19 22:00:00,7.0,88,4.7,0.0,1022.2
2018-01-19 23:00:00,6.9,89,4.0,0.0,1022.2
2018-01-20 00:00:00,6.9,89,3.9,0.0,1022.1
2018-01-20 01:00:00,6.9,89,4.7,0.0,1021.9
2018-01-20 02:00:00,6.9,90,6.5,0.0,1021.7
2018-01-20 03:00:00,6.7,94,7.2,0.0,1021.4
2018-01-20 04:00:00,6.7,95,6.6,0.0,1020.9
2018-01-20 05:00:00,6.6,95,6.3,0.0,1020.9
2018-01-20 06:00:00,6.6,96,6.2,0.0,1021.3
2018-01-20 07:00:00,6.6,96,5.1,0.0,1021.8
2018-01-20 08:00:00,6.7,96,5.8,5.0,1022.2
2018-01-20 09:00:00,7.0,95,6.1,23.0,1022.5
2018-01-20 10:00:00,7.3,94,5.6,37.0,1023.0
2018-01-20 11:00:00,7.4,93,5.8,26.0,1022.6
2018-01-20 12:00:00,7.7,92,6.6,50.0,1021.4
2018-01-20 13:00:00,8.0,90,7.3,65.0,1020.2
2018-01-20 14:00:00,8.3,87,6.5,64.0,1019.9
2018-01-20 15:00:00,8.2,86,6.8,40.0,1019.9
2018-01-20 16:00:00,8.1,87,8.2,25.0,1020.3
2018-01-20 17:00:00,7.6,92,7.5,10.0,1020.9
2018-01-20 18:00:00,7.4,93,6.4,1.0,1021.3
2018-01-20 19:00:00,7.3,94,6.0,0.0,1021.7
2018-01-20 20:00:00,6.8,95,6.3,0.0,1021.8
2018-01-20 21:00:00,6.8,95,4.4,0.0,1021.6
2018-01-20 22:00:00,6.8,95,4.1,0.0,1021.7
2018-01-20 23:00:00,6.7,96,4.7,0.0,1021.5
2018-01-21 00:00:00,6.7,96,4.8,0.0,1021.3
2018-01-21 01:00:00,6.6,96,5.1,0.0,1021.0
2018-01-21 02:00:00,6.6,96,5.8,0.0,1021.3
2018-01-21 03:00:00,6.6,96,6.5,0.0,1020.8
2018-01-21 04:00:00,6.5,97,6.7,0.0,1020.4
2018-01-21 05:00:00,6.5,96,4.9,0.0,1020.6
2018-01-21 06:00:00,6.6,96,4.4,0.0,1020.6
2018-01-21 07:00:00,6.6,95,4.7,0.0,1020.2
2018-01-21 08:00:00,6.8,94,4.6,7.0,1020.0
2018-01-21 09:00:00,7.4,90,6.7,31.0,1020.6
2018-01-21 10:00:00,7.8,89,9.7,65.0,1020.4
2018-01-21 11:00:00,7.6,92,10.7,43.0,1019.8
2018-01-21 12:00:00,8.0,89,11.1,69.0,1018.4
2018-01-21 13:00:00,8.3,88,10.6,64.0,1017.2
2018-01-21 14:00:00,8.3,90,10.4,32.0,1016.3
2018-01-21 15:00:00,8.1,93,7.8,20.0,1016.0
2018-01-21 16:00:00,8.1,93,7.8,14.0,1015.8
2018-01-21 17:00:00,8.0,93,8.0,6.0,1015.9
2018-01-21 18:00:00,7.8,94,7.6,0.0,1015.9
2018-01-21 19:00:00,7.7,94,8.8,0.0,1015.6
2018-01-21 20:00:00,7.6,94,9.7,0.0,1016.8
2018-01-21 21:00:00,7.5,95,10.3,0.0,1017.0
2018-01-21 22:00:00,7.4,95,10.1,0.0,1017.2
2018-01-21 23:00:00,7.2,94,12.2,0.0,1017.6
2018-01-22 00:00:00,6.6,93,13.2,0.0,1017.9
2018-01-22 01:00:00,6.1,91,14.1,0.0,1018.6
2018-01-22 02:00:00,5.9,90,12.2,0.0,1018.8
2018-01-22 03:00:00,5.7,91,8.8,0.0,1018.8
2018-01-22 04:00:00,5.7,91,6.6,0.0,1018.8
2018-01-22 05:00:00,4.8,94,3.7,0.0,1018.4
2018-01-22 06:00:00,2.8,99,6.6,0.0,1017.4
2018-01-22 07:00:00,2.7,98,6.1,0.0,1016.9
2018-01-22 08:00:00,4.5,95,5.9,58.0,1018.8
2018-01-22 09:00:00,6.6,88,7.9,162.0,1019.9
2018-01-22 10:00:00,8.1,82,10.2,298.0,1020.5
2018-01-22 11:00:00,8.8,77,12.6,377.0,1020.2
2018-01-22 12:00:00,9.7,73,11.6,382.0,1019.0
2018-01-22 13:00:00,10.2,69,10.0,352.0,1018.0
2018-01-22 14:00:00,10.7,67,7.7,356.0,1017.5
2018-01-22 15:00:00,10.9,66,7.6,276.0,1017.4
2018-01-22 16:00:00,10.7,65,6.2,174.0,1017.7
2018-01-22 17:00:00,10.0,75,3.1,79.0,1018.1
2018-01-22 18:00:00,7.9,79,5.5,6.0,1018.4
2018-01-22 19:00:00,7.2,79,6.9,0.0,1018.7
2018-01-22 20:00:00,5.1,90,8.7,0.0,1019.2
2018-01-22 21:00:00,4.5,94,8.7,0.0,1019.2
2018-01-22 22:00:00,4.3,93,8.8,0.0,1019.5
2018-01-22 23:00:00,4.2,93,7.6,0.0,1019.8
2018-01-23 00:00:00,6.1,86,4.5,0.0,1020.1
2018-01-23 01:00:00,3.8,93,3.8,0.0,1019.9
2018-01-23 02:00:00,4.6,91,2.1,0.0,1019.9
2018-01-23 03:00:00,3.9,96,1.1,0.0,1019.4
2018-01-23 04:00:00,3.0,99,3.3,0.0,1019.0
2018-01-23 05:00:00,2.3,99,8.3,0.0,1019.7
2018-01-23 06:00:00,2.2,99,7.6,0.0,1020.9
2018-01-23 07:00:00,2.6,100,9.1,0.0,1021.4
2018-01-23 08:00:00,3.6,98,13.1,33.0,1022.2
2018-01-23 09:00:00,5.2,90,12.4,80.0,1022.7
2018-01-23 10:00:00,6.5,82,12.6,95.0,1023.1
2018-01-23 11:00:00,7.4,76,10.9,123.0,1023.2
2018-01-23 12:00:00,8.3,72,10.2,198.0,1022.5
2018-01-23 13:00:00,8.3,71,10.5,116.0,1021.6
2018-01-23 14:00:00,8.3,70,12.5,146.0,1021.3
2018-01-23 15:00:00,7.8,71,12.4,87.0,1021.4
2018-01-23 16:00:00,7.7,70,11.1,51.0,1021.7
2018-01-23 17:00:00,7.0,73,11.5,29.0,1022.3
2018-01-23 18:00:00,6.2,77,11.2,2.0,1023.2
2018-01-23 19:00:00,5.9,78,10.2,0.0,1023.6
2018-01-23 20:00:00,5.0,80,12.0,0.0,1024.2
2018-01-23 21:00:00,4.6,80,13.8,0.0,1024.6
2018-01-23 22:00:00,4.3,79,14.5,0.0,1025.0
2018-01-23 23:00:00,3.9,78,15.1,0.0,1025.4
2018-01-24 00:00:00,3.6,78,14.4,0.0,1025.9
2018-01-24 01:00:00,3.2,78,13.5,0.0,1025.9
2018-01-24 02:00:00,2.9,78,11.8,0.0,1025.5
2018-01-24 03:00:00,2.7,77,10.6,0.0,1025.3
2018-01-24 04:00:00,2.5,76,10.3,0.0,1024.9
2018-01-24 05:00:00,2.4,75,11.0,0.0,1025.2
2018-01-24 06:00:00,2.2,73,12.7,0.0,1025.8
2018-01-24 07:00:00,2.0,69,14.7,0.0,1026.7
2018-01-24 08:00:00,1.5,68,15.5,20.0,1027.4
2018-01-24 09:00:00,1.6,66,15.0,47.0,1027.8
2018-01-24 10:00:00,1.8,64,15.3,100.0,1027.9
2018-01-24 11:00:00,2.4,62,15.6,199.0,1026.8
2018-01-24 12:00:00,3.5,59,15.4,327.0,1026.1
2018-01-24 13:00:00,3.2,59,15.1,178.0,1025.4
2018-01-24 14:00:00,3.0,61,16.9,61.0,1024.7
2018-01-24 15:00:00,3.1,62,15.7,47.0,1024.6
2018-01-24 16:00:00,2.8,67,12.5,30.0,1024.9
2018-01-24 17:00:00,2.6,67,12.6,21.0,1025.2
2018-01-24 18:00:00,2.3,71,11.7,1.0,1025.6
2018-01-24 19:00:00,1.9,73,14.0,0.0,1026.1
2018-01-24 20:00:00,1.1,75,15.5,0.0,1026.5
2018-01-24 21:00:00,0.8,78,15.5,0.0,1026.2
2018-01-24 22:00:00,0.5,80,15.3,0.0,1026.6
2018-01-24 23:00:00,0.4,82,16.0,0.0,1026.6
2018-01-25 00:00:00,0.2,85,15.6,0.0,1026.5
2018-01-25 01:00:00,0.2,86,15.3,0.0,1026.9
2018-01-25 02:00:00,0.2,87,15.5,0.0,1026.8
2018-01-25 03:00:00,0.2,89,15.6,0.0,1026.5
2018-01-25 04:00:00,0.3,88,16.6,0.0,1026.3
2018-01-25 05:00:00,0.3,88,15.9,0.0,1026.0
2018-01-25 06:00:00,0.5,88,15.8,0.0,1025.8
2018-01-25 07:00:00,0.4,92,13.8,0.0,1026.2
2018-01-25 08:00:00,0.3,90,16.7,8.0,1026.5
2018-01-25 09:00:00,1.0,87,15.1,32.0,1026.5
2018-01-25 10:00:00,1.4,87,15.2,39.0,1026.2
2018-01-25 11:00:00,1.6,88,17.1,31.0,1026.2
2018-01-25 12:00:00,1.9,87,19.5,58.0,1025.3
2018-01-25 13:00:00,1.8,89,19.6,41.0,1024.6
2018-01-25 14:00:00,1.7,91,20.1,38.0,1024.2
2018-01-25 15:00:00,1.4,95,21.2,34.0,1024.5
2018-01-25 16:00:00,1.2,96,20.9,22.0,1025.1
2018-01-25 17:00:00,1.0,95,19.2,12.0,1025.6
2018-01-25 18:00:00,0.9,92,19.0,1.0,1026.4
2018-01-25 19:00:00,0.7,92,17.7,0.0,1026.9
2018-01-25 20:00:00,0.3,94,16.5,0.0,1028.1
2018-01-25 21:00:00,0.1,93,15.6,0.0,1028.0
2018-01-25 22:00:00,0.0,93,15.8,0.0,1028.5
2018-01-25 23:00:00,-0.1,93,15.5,0.0,1029.0
2018-01-26 00:00:00,-0.1,93,15.5,0.0,1029.4
2018-01-26 01:00:00,-0.2,93,15.5,0.0,1029.7
2018-01-26 02:00:00,-0.2,93,15.7,0.0,1029.4
2018-01-26 03:00:00,-0.3,92,15.5,0.0,1029.4
2018-01-26 04:00:00,-0.3,92,16.0,0.0,1029.6
2018-01-26 05:00:00,-0.5,91,16.2,0.0,1030.1
2018-01-26 06:00:00,-0.8,90,16.6,0.0,1030.7
2018-01-26 07:00:00,-0.9,88,15.0,0.0,1031.2
2018-01-26 08:00:00,-1.2,84,15.1,24.0,1032.3
2018-01-26 09:00:00,-0.4,74,19.1,61.0,1032.1
2018-01-26 10:00:00,0.6,67,16.8,144.0,1032.5
2018-01-26 11:00:00,1.6,61,16.8,257.0,1032.1
2018-01-26 12:00:00,2.3,58,16.8,321.0,1030.8
2018-01-26 13:00:00,2.8,56,16.5,372.0,1029.7
2018-01-26 14:00:00,2.4,57,16.6,226.0,1029.5
2018-01-26 15:00:00,2.2,57,16.4,179.0,1029.2
2018-01-26 16:00:00,1.9,56,16.9,87.0,1029.0
2018-01-26 17:00:00,1.5,57,16.5,30.0,1029.2
2018-01-26 18:00:00,1.0,58,16.0,2.0,1029.7
2018-01-26 19:00:00,0.5,59,15.2,0.0,1030.0
2018-01-26 20:00:00,-0.3,60,12.6,0.0,1030.2
2018-01-26 21:00:00,-0.5,62,10.0,0.0,1030.3
2018-01-26 22:00:00,-0.5,63,9.4,0.0,1030.4
2018-01-26 23:00:00,-0.7,65,10.1,0.0,1030.3
2018-01-27 00:00:00,-1.0,69,11.4,0.0,1029.9
2018-01-27 01:00:00,-1.1,71,10.6,0.0,1030.0
2018-01-27 02:00:00,-1.4,75,10.6,0.0,1029.5
2018-01-27 03:00:00,-1.5,78,10.4,0.0,1029.1
2018-01-27 04:00:00,-1.5,81,10.0,0.0,1028.8
2018-01-27 05:00:00,-1.6,83,9.0,0.0,1028.4
2018-01-27 06:00:00,-1.4,84,7.6,0.0,1028.6
2018-01-27 07:00:00,-1.3,84,6.1,0.0,1027.6
2018-01-27 08:00:00,-0.8,82,8.1,22.0,1027.7
2018-01-27 09:00:00,-0.6,83,7.6,36.0,1027.4
2018-01-27 10:00:00,-0.1,82,7.2,63.0,1027.5
2018-01-27 11:00:00,0.2,83,6.6,56.0,1027.3
2018-01-27 12:00:00,0.4,86,4.8,60.0,1025.7
2018-01-27 13:00:00,0.6,88,2.0,72.0,1024.7
2018-01-27 14:00:00,0.8,90,2.1,65.0,1023.2
2018-01-27 15:00:00,1.1,91,3.3,73.0,1022.6
2018-01-27 16:00:00,0.9,94,4.7,47.0,1022.7
2018-01-27 17:00:00,0.7,98,5.3,15.0,1022.2
2018-01-27 18:00:00,0.5,100,3.1,2.0,1022.5
2018-01-27 19:00:00,0.5,100,3.7,0.0,1022.1
2018-01-27 20:00:00,0.3,98,7.6,0.0,1022.3
2018-01-27 21:00:00,0.1,98,4.5,0.0,1022.0
2018-01-27 22:00:00,0.1,98,5.9,0.0,1021.9
2018-01-27 23:00:00,0.2,97,8.3,0.0,1022.2
2018-01-28 00:00:00,0.3,97,10.1,0.0,1022.4
2018-01-28 01:00:00,0.4,97,10.7,0.0,1022.9
2018-01-28 02:00:00,0.4,97,9.8,0.0,1022.4
2018-01-28 03:00:00,0.4,97,9.3,0.0,1021.6
2018-01-28 04:00:00,0.3,97,10.2,0.0,1021.9
2018-01-28 05:00:00,0.4,96,12.0,0.0,1022.1
2018-01-28 06:00:00,0.5,94,14.3,0.0,1021.7
2018-01-28 07:00:00,0.3,91,15.1,0.0,1022.8
2018-01-28 08:00:00,0.1,92,16.8,16.0,1023.9
2018-01-28 09:00:00,0.3,92,12.7,84.0,1024.3
2018-01-28 10:00:00,0.5,92,14.1,112.0,1025.1
2018-01-28 11:00:00,0.8,90,13.9,193.0,1025.1
2018-01-28 12:00:00,0.9,90,18.6,228.0,1024.0
2018-01-28 13:00:00,1.0,89,18.6,262.0,1023.9
2018-01-28 14:00:00,1.0,89,17.3,231.0,1024.2
2018-01-28 15:00:00,0.9,89,16.9,159.0,1024.3
2018-01-28 16:00:00,0.9,89,16.2,133.0,1025.1
2018-01-28 17:00:00,0.6,90,15.7,51.0,1025.5
2018-01-28 18:00:00,0.3,90,14.6,6.0,1026.3
2018-01-28 19:00:00,0.1,91,15.2,0.0,1026.8
2018-01-28 20:00:00,-0.6,90,12.5,0.0,1027.5
2018-01-28 21:00:00,-1.4,90,15.0,0.0,1027.9
2018-01-28 22:00:00,-2.1,90,14.5,0.0,1028.6
2018-01-28 23:00:00,-2.3,89,17.6,0.0,1028.5
2018-01-29 00:00:00,-2.6,88,16.5,0.0,1028.6
2018-01-29 01:00:00,-3.1,87,17.1,0.0,1028.3
2018-01-29 02:00:00,-3.8,86,17.1,0.0,1028.8
2018-01-29 03:00:00,-4.4,87,14.8,0.0,1028.8
2018-01-29 04:00:00,-5.2,86,12.2,0.0,1029.0
2018-01-29 05:00:00,-5.6,86,12.6,0.0,1029.5
2018-01-29 06:00:00,-6.5,86,10.3,0.0,1029.4
2018-01-29 07:00:00,-7.0,85,10.5,0.0,1029.7
2018-01-29 08:00:00,-6.4,86,6.7,75.0,1030.4
2018-01-29 09:00:00,-4.5,83,8.8,254.0,1030.4
2018-01-29 10:00:00,-2.8,78,10.5,440.0,1030.7
2018-01-29 11:00:00,-1.5,69,12.2,590.0,1030.6
2018-01-29 12:00:00,-0.9,67,14.5,679.0,1030.0
2018-01-29 13:00:00,-0.3,59,14.8,675.0,1029.4
2018-01-29 14:00:00,-0.1,52,13.4,628.0,1029.1
2018-01-29 15:00:00,-0.3,54,10.0,515.0,1028.8
2018-01-29 16:00:00,-1.0,57,9.1,341.0,1028.5
2018-01-29 17:00:00,-2.9,67,8.0,146.0,1028.8
2018-01-29 18:00:00,-5.4,71,10.1,12.0,1028.9
2018-01-29 19:00:00,-6.7,73,10.5,0.0,1029.0
2018-01-29 20:00:00,-7.1,77,11.9,0.0,1029.7
2018-01-29 21:00:00,-8.1,74,10.3,0.0,1030.0
2018-01-29 22:00:00,-5.1,69,8.4,0.0,1029.7
2018-01-29 23:00:00,-5.5,72,8.2,0.0,1030.5
2018-01-30 00:00:00,-6.1,77,7.7,0.0,1030.4
2018-01-30 01:00:00,-7.9,84,8.0,0.0,1030.7
2018-01-30 02:00:00,-7.5,89,7.3,0.0,1030.4
2018-01-30 03:00:00,-8.1,92,7.2,0.0,1029.7
2018-01-30 04:00:00,-9.5,94,7.2,0.0,1028.9
2018-01-30 05:00:00,-10.4,97,7.6,0.0,1028.7
2018-01-30 06:00:00,-14.3,96,10.9,0.0,1029.8
2018-01-30 07:00:00,-12.9,91,8.6,0.0,1030.0
2018-01-30 08:00:00,-8.6,92,3.3,66.0,1030.1
2018-01-30 09:00:00,-6.2,87,3.1,216.0,1030.0
2018-01-30 10:00:00,-3.7,79,1.8,384.0,1030.3
2018-01-30 11:00:00,-1.8,70,2.2,583.0,1030.1
2018-01-30 12:00:00,-0.2,63,2.1,675.0,1029.0
2018-01-30 13:00:00,1.0,60,2.7,686.0,1027.5
2018-01-30 14:00:00,2.6,52,4.7,614.0,1025.9
2018-01-30 15:00:00,3.0,51,4.5,490.0,1025.6
2018-01-30 16:00:00,2.6,55,7.2,306.0,1025.2
2018-01-30 17:00:00,1.4,64,8.2,137.0,1025.4
2018-01-30 18:00:00,-1.1,75,5.4,13.0,1026.2
2018-01-30 19:00:00,-2.2,79,3.1,0.0,1026.9
2018-01-30 20:00:00,-4.4,81,4.3,0.0,1026.6
2018-01-30 21:00:00,-2.7,76,6.7,0.0,1027.2
2018-01-30 22:00:00,-2.4,77,6.2,0.0,1027.5
2018-01-30 23:00:00,-2.3,80,8.0,0.0,1028.1
2018-01-31 00:00:00,-2.4,80,6.9,0.0,1028.6
2018-01-31 01:00:00,-1.9,78,7.9,0.0,1028.2
2018-01-31 02:00:00,-1.7,78,6.2,0.0,1028.2
2018-01-31 03:00:00,-3.0,87,5.6,0.0,1027.9
2018-01-31 04:00:00,-2.8,88,4.9,0.0,1027.7
2018-01-31 05:00:00,-2.6,89,4.6,0.0,1027.6
2018-01-31 06:00:00,-2.0,88,5.1,0.0,1028.4
2018-01-31 07:00:00,-1.7,90,4.8,0.0,1028.9
2018-01-31 08:00:00,-1.0,87,5.7,16.0,1029.1
2018-01-31 09:00:00,-0.2,83,9.0,53.0,1029.7
2018-01-31 10:00:00,0.4,75,9.7,109.0,1029.9
2018-01-31 11:00:00,0.8,72,8.9,108.0,1029.5
2018-01-31 12:00:00,1.4,68,8.0,156.0,1028.6
2018-01-31 13:00:00,2.1,63,8.5,225.0,1027.8
2018-01-31 14:00:00,2.2,61,10.0,149.0,1027.2
2018-01-31 15:00:00,2.4,59,10.4,189.0,1027.3
2018-01-31 16:00:00,2.0,57,9.8,58.0,1028.0
2018-01-31 17:00:00,1.6,57,10.7,36.0,1028.4
2018-01-31 18:00:00,1.0,59,10.2,4.0,1029.0
2018-01-31 19:00:00,0.3,59,10.4,0.0,1029.4
2018-01-31 20:00:00,-1.8,70,9.7,0.0,1030.0
2018-01-31 21:00:00,-2.1,70,9.3,0.0,1029.7
2018-01-31 22:00:00,-2.9,70,7.7,0.0,1029.9
2018-01-31 23:00:00,-3.5,70,7.4,0.0,1030.2
2018-02-01 00:00:00,-4.1,75,7.6,0.0,1029.9
2018-02-01 01:00:00,-4.7,85,8.0,0.0,1029.4
2018-02-01 02:00:00,-5.3,89,5.9,0.0,1029.1
2018-02-01 03:00:00,-5.6,88,6.6,0.0,1028.6
2018-02-01 04:00:00,-5.8,84,6.6,0.0,1028.3
2018-02-01 05:00:00,-5.9,79,6.2,0.0,1028.3
2018-02-01 06:00:00,-5.9,76,5.1,0.0,1028.6
2018-02-01 07:00:00,-5.7,72,5.4,0.0,1028.9
2018-02-01 08:00:00,-4.6,77,6.3,77.0,1029.9
2018-02-01 09:00:00,-0.8,60,3.2,258.0,1030.2
2018-02-01 10:00:00,1.6,54,2.5,443.0,1030.3
2018-02-01 11:00:00,3.4,52,2.5,587.0,1030.0
2018-02-01 12:00:00,4.7,48,4.1,669.0,1028.7
2018-02-01 13:00:00,5.6,45,5.0,684.0,1027.6
2018-02-01 14:00:00,6.2,42,6.3,623.0,1026.8
2018-02-01 15:00:00,6.4,41,9.4,496.0,1026.9
2018-02-01 16:00:00,6.0,42,11.8,323.0,1027.0
2018-02-01 17:00:00,4.5,50,9.8,146.0,1027.2
2018-02-01 18:00:00,2.0,54,11.4,14.0,1027.9
2018-02-01 19:00:00,0.3,57,8.3,0.0,1028.0
2018-02-01 20:00:00,-1.8,69,7.3,0.0,1029.1
2018-02-01 21:00:00,-2.1,74,6.4,0.0,1029.3
2018-02-01 22:00:00,-2.7,78,5.9,0.0,1029.6
2018-02-01 23:00:00,-2.6,77,5.2,0.0,1029.5
2018-02-02 00:00:00,-2.2,74,4.6,0.0,1029.7
2018-02-02 01:00:00,-2.4,75,5.9,0.0,1029.7
2018-02-02 02:00:00,-2.6,76,5.1,0.0,1029.5
2018-02-02 03:00:00,-3.0,77,6.5,0.0,1029.7
2018-02-02 04:00:00,-3.1,78,6.3,0.0,1029.6
2018-02-02 05:00:00,-3.6,82,7.4,0.0,1029.6
2018-02-02 06:00:00,-3.7,81,6.6,0.0,1030.0
2018-02-02 07:00:00,-3.9,80,6.1,0.0,1030.5
2018-02-02 08:00:00,-1.5,75,5.2,75.0,1030.9
2018-02-02 09:00:00,1.3,63,4.7,244.0,1031.1
2018-02-02 10:00:00,3.5,58,6.4,430.0,1031.6
2018-02-02 11:00:00,5.3,55,5.6,572.0,1031.6
2018-02-02 12:00:00,6.5,48,5.9,638.0,1030.7
2018-02-02 13:00:00,7.3,43,8.7,670.0,1029.8
2018-02-02 14:00:00,7.8,40,12.6,603.0,1029.1
2018-02-02 15:00:00,7.6,37,17.1,490.0,1029.1
2018-02-02 16:00:00,6.7,39,16.4,334.0,1029.2
2018-02-02 17:00:00,5.0,44,16.1,147.0,1029.9
2018-02-02 18:00:00,2.7,48,14.2,15.0,1030.2
2018-02-02 19:00:00,1.3,54,14.4,0.0,1030.8
2018-02-02 20:00:00,0.1,64,15.6,0.0,1032.2
2018-02-02 21:00:00,-0.2,70,16.6,0.0,1032.2
2018-02-02 22:00:00,-0.4,76,16.0,0.0,1032.5
2018-02-02 23:00:00,-0.5,76,16.5,0.0,1032.8
2018-02-03 00:00:00,-0.6,74,17.3,0.0,1033.6
2018-02-03 01:00:00,-1.0,73,16.3,0.0,1033.9
2018-02-03 02:00:00,-1.5,73,16.4,0.0,1033.9
2018-02-03 03:00:00,-2.1,73,15.1,0.0,1034.1
2018-02-03 04:00:00,-3.0,74,13.6,0.0,1033.7
2018-02-03 05:00:00,-3.5,75,13.4,0.0,1033.7
2018-02-03 06:00:00,-4.0,75,14.2,0.0,1034.4
2018-02-03 07:00:00,-4.5,75,14.4,1.0,1034.7
2018-02-03 08:00:00,-2.9,72,14.5,79.0,1035.0
2018-02-03 09:00:00,-1.4,64,17.2,262.0,1035.4
2018-02-03 10:00:00,-0.2,59,16.3,448.0,1035.7
2018-02-03 11:00:00,0.9,53,15.5,592.0,1035.4
2018-02-03 12:00:00,1.5,46,16.3,636.0,1034.4
2018-02-03 13:00:00,1.9,44,16.8,650.0,1033.3
2018-02-03 14:00:00,2.1,44,17.1,606.0,1032.5
2018-02-03 15:00:00,1.9,43,17.4,477.0,1032.4
2018-02-03 16:00:00,1.2,43,17.4,329.0,1032.4
2018-02-03 17:00:00,0.1,47,15.1,145.0,1032.6
2018-02-03 18:00:00,-1.4,53,11.2,16.0,1033.1
2018-02-03 19:00:00,-2.1,59,10.7,0.0,1033.6
2018-02-03 20:00:00,-2.6,63,8.8,0.0,1033.2
2018-02-03 21:00:00,-3.0,65,12.3,0.0,1033.4
2018-02-03 22:00:00,-3.4,64,12.2,0.0,1034.0
2018-02-03 23:00:00,-4.0,66,10.7,0.0,1034.4
2018-02-04 00:00:00,-4.4,68,9.4,0.0,1034.6
2018-02-04 01:00:00,-4.6,69,10.5,0.0,1034.4
2018-02-04 02:00:00,-4.5,66,11.8,0.0,1034.3
2018-02-04 03:00:00,-4.4,63,12.1,0.0,1033.9
2018-02-04 04:00:00,-4.6,62,11.8,0.0,1033.5
2018-02-04 05:00:00,-5.2,64,10.0,0.0,1033.7
2018-02-04 06:00:00,-5.6,65,8.1,0.0,1033.6
2018-02-04 07:00:00,-5.8,66,8.7,1.0,1034.1
2018-02-04 08:00:00,-4.4,65,9.4,84.0,1034.7
2018-02-04 09:00:00,-1.8,54,8.2,271.0,1034.7
2018-02-04 10:00:00,0.1,43,9.6,459.0,1034.9
2018-02-04 11:00:00,1.5,35,11.9,605.0,1034.8
2018-02-04 12:00:00,2.4,33,12.2,685.0,1033.8
2018-02-04 13:00:00,2.9,32,13.4,692.0,1032.6
2018-02-04 14:00:00,3.0,31,14.5,646.0,1032.0
2018-02-04 15:00:00,2.9,33,14.0,527.0,1031.7
2018-02-04 16:00:00,2.4,37,14.1,354.0,1031.8
2018-02-04 17:00:00,1.5,39,10.6,136.0,1031.9
2018-02-04 18:00:00,0.1,39,8.6,15.0,1032.1
2018-02-04 19:00:00,-1.6,42,7.6,0.0,1032.5
2018-02-04 20:00:00,-1.4,50,6.2,0.0,1033.1
2018-02-04 21:00:00,-1.2,50,6.9,0.0,1033.0
2018-02-04 22:00:00,-1.5,53,7.2,0.0,1033.5
2018-02-04 23:00:00,-1.6,53,6.6,0.0,1033.6
2018-02-05 00:00:00,-1.8,51,8.0,0.0,1033.1
2018-02-05 01:00:00,-2.4,51,7.7,0.0,1032.7
2018-02-05 02:00:00,-3.2,52,8.7,0.0,1032.7
2018-02-05 03:00:00,-4.2,55,7.9,0.0,1032.4
2018-02-05 04:00:00,-4.5,55,7.9,0.0,1032.4
2018-02-05 05:00:00,-5.0,56,7.0,0.0,1032.2
2018-02-05 06:00:00,-5.5,60,6.3,0.0,1032.2
2018-02-05 07:00:00,-5.5,61,6.4,1.0,1032.5
2018-02-05 08:00:00,-3.3,59,7.9,87.0,1033.3
2018-02-05 09:00:00,0.1,45,6.8,277.0,1033.4
2018-02-05 10:00:00,2.1,35,7.0,467.0,1033.0
2018-02-05 11:00:00,3.2,33,7.3,615.0,1032.8
2018-02-05 12:00:00,4.1,33,7.7,701.0,1031.3
2018-02-05 13:00:00,4.8,33,8.4,714.0,1030.3
2018-02-05 14:00:00,5.4,32,10.0,656.0,1028.9
2018-02-05 15:00:00,5.6,32,10.4,535.0,1028.1
2018-02-05 16:00:00,5.3,34,11.1,363.0,1027.9
2018-02-05 17:00:00,3.9,43,7.8,167.0,1028.2
2018-02-05 18:00:00,0.8,52,7.6,19.0,1028.8
2018-02-05 19:00:00,-0.8,58,6.9,0.0,1029.4
2018-02-05 20:00:00,-1.9,60,8.0,0.0,1029.8
2018-02-05 21:00:00,-1.7,60,6.4,0.0,1029.8
2018-02-05 22:00:00,-3.0,67,6.2,0.0,1030.1
2018-02-05 23:00:00,-3.9,73,6.9,0.0,1030.6
2018-02-06 00:00:00,-4.2,73,6.9,0.0,1030.1
2018-02-06 01:00:00,-4.2,70,6.5,0.0,1030.1
2018-02-06 02:00:00,-4.5,69,6.6,0.0,1029.9
2018-02-06 03:00:00,-5.3,73,5.8,0.0,1029.6
2018-02-06 04:00:00,-5.3,72,5.6,0.0,1028.9
2018-02-06 05:00:00,-5.0,69,5.9,0.0,1028.9
2018-02-06 06:00:00,-5.3,72,6.0,0.0,1029.5
2018-02-06 07:00:00,-5.1,70,6.3,1.0,1029.9
2018-02-06 08:00:00,-2.5,63,3.9,88.0,1030.4
2018-02-06 09:00:00,0.2,54,6.9,278.0,1030.5
2018-02-06 10:00:00,2.1,53,9.8,465.0,1030.6
2018-02-06 11:00:00,3.7,54,9.8,611.0,1030.8
2018-02-06 12:00:00,4.9,52,9.4,694.0,1029.7
2018-02-06 13:00:00,5.7,48,9.7,704.0,1028.8
2018-02-06 14:00:00,6.1,46,9.8,640.0,1027.9
2018-02-06 15:00:00,6.0,44,11.6,523.0,1027.4
2018-02-06 16:00:00,5.3,44,13.1,364.0,1026.9
2018-02-06 17:00:00,3.7,47,12.0,165.0,1026.6
2018-02-06 18:00:00,1.0,49,7.8,20.0,1026.9
2018-02-06 19:00:00,-0.3,54,6.3,0.0,1027.7
2018-02-06 20:00:00,-0.7,51,7.5,0.0,1027.5
2018-02-06 21:00:00,-0.8,56,5.3,0.0,1027.4
2018-02-06 22:00:00,-1.6,66,6.1,0.0,1027.7
2018-02-06 23:00:00,-0.5,57,5.1,0.0,1027.7
2018-02-07 00:00:00,-1.2,70,4.9,0.0,1027.3
2018-02-07 01:00:00,-2.1,79,7.6,0.0,1026.7
2018-02-07 02:00:00,-0.9,78,7.3,0.0,1026.1
2018-02-07 03:00:00,-0.5,78,5.1,0.0,1025.5
2018-02-07 04:00:00,-0.8,79,4.2,0.0,1025.3
2018-02-07 05:00:00,-1.1,79,5.6,0.0,1025.0
2018-02-07 06:00:00,-1.5,80,5.8,0.0,1025.4
2018-02-07 07:00:00,-1.8,81,2.6,1.0,1025.7
2018-02-07 08:00:00,-1.7,85,2.3,86.0,1026.0
2018-02-07 09:00:00,0.8,67,2.4,236.0,1026.3
2018-02-07 10:00:00,2.5,59,4.7,311.0,1026.5
2018-02-07 11:00:00,4.5,50,5.5,457.0,1026.6
2018-02-07 12:00:00,6.1,44,6.2,552.0,1025.4
2018-02-07 13:00:00,7.3,41,5.9,554.0,1024.2
2018-02-07 14:00:00,8.0,40,5.1,462.0,1023.0
2018-02-07 15:00:00,8.4,40,4.7,392.0,1022.2
2018-02-07 16:00:00,8.3,40,4.2,259.0,1022.1
2018-02-07 17:00:00,6.1,69,6.4,119.0,1022.1
2018-02-07 18:00:00,4.9,57,7.0,16.0,1022.5
2018-02-07 19:00:00,4.4,59,7.2,0.0,1023.3
2018-02-07 20:00:00,3.4,64,7.3,0.0,1023.6
2018-02-07 21:00:00,3.9,61,4.1,0.0,1024.1
2018-02-07 22:00:00,1.8,73,6.0,0.0,1024.0
2018-02-07 23:00:00,0.5,78,6.6,0.0,1024.7
2018-02-08 00:00:00,0.2,77,7.1,0.0,1024.5
2018-02-08 01:00:00,-0.4,75,7.7,0.0,1024.6
2018-02-08 02:00:00,-0.5,72,9.7,0.0,1025.2
2018-02-08 03:00:00,-0.7,72,10.2,0.0,1025.1
2018-02-08 04:00:00,-1.5,78,8.3,0.0,1024.9
2018-02-08 05:00:00,-2.5,82,7.4,0.0,1025.1
2018-02-08 06:00:00,-3.0,82,7.3,0.0,1025.3
2018-02-08 07:00:00,-3.1,79,7.5,1.0,1025.6
2018-02-08 08:00:00,-0.5,71,8.7,92.0,1026.0
2018-02-08 09:00:00,1.5,63,9.1,284.0,1025.9
2018-02-08 10:00:00,3.1,59,5.4,472.0,1026.0
2018-02-08 11:00:00,4.5,55,3.0,618.0,1025.7
2018-02-08 12:00:00,5.8,53,2.6,702.0,1024.3
2018-02-08 13:00:00,7.0,50,5.6,719.0,1022.3
2018-02-08 14:00:00,7.7,46,4.6,666.0,1021.4
2018-02-08 15:00:00,7.9,46,5.6,544.0,1020.7
2018-02-08 16:00:00,7.6,46,5.4,352.0,1020.9
2018-02-08 17:00:00,6.2,58,4.3,160.0,1021.2
2018-02-08 18:00:00,3.1,63,7.2,21.0,1021.6
2018-02-08 19:00:00,2.2,71,7.2,0.0,1021.9
2018-02-08 20:00:00,1.7,76,8.0,0.0,1021.3
2018-02-08 21:00:00,1.9,73,8.4,0.0,1021.6
2018-02-08 22:00:00,1.2,71,7.9,0.0,1021.4
2018-02-08 23:00:00,0.5,73,6.6,0.0,1021.2
2018-02-09 00:00:00,-0.5,80,7.4,0.0,1020.6
2018-02-09 01:00:00,-0.8,83,7.5,0.0,1020.4
2018-02-09 02:00:00,-0.4,84,6.5,0.0,1020.3
2018-02-09 03:00:00,0.2,84,4.8,0.0,1019.8
2018-02-09 04:00:00,0.7,84,2.9,0.0,1019.1
2018-02-09 05:00:00,0.8,85,3.5,0.0,1019.2
2018-02-09 06:00:00,1.2,77,2.9,0.0,1019.5
2018-02-09 07:00:00,1.4,79,2.7,0.0,1019.9
2018-02-09 08:00:00,2.1,76,3.1,20.0,1020.0
2018-02-09 09:00:00,3.4,73,3.9,65.0,1020.2
2018-02-09 10:00:00,4.6,69,3.6,94.0,1019.9
2018-02-09 11:00:00,6.6,62,4.6,189.0,1019.6
2018-02-09 12:00:00,7.8,59,5.4,213.0,1018.3
2018-02-09 13:00:00,8.8,57,6.1,234.0,1017.6
2018-02-09 14:00:00,9.3,57,5.7,150.0,1016.9
2018-02-09 15:00:00,10.0,57,5.1,153.0,1017.2
2018-02-09 16:00:00,9.5,65,4.4,82.0,1017.5
2018-02-09 17:00:00,8.1,74,4.5,30.0,1018.0
2018-02-09 18:00:00,7.0,81,4.7,2.0,1018.3
2018-02-09 19:00:00,6.5,83,4.7,0.0,1018.9
2018-02-09 20:00:00,5.9,90,6.0,0.0,1019.3
2018-02-09 21:00:00,5.7,91,4.9,0.0,1019.7
2018-02-09 22:00:00,5.6,90,5.1,0.0,1019.9
2018-02-09 23:00:00,5.6,90,4.0,0.0,1020.4
2018-02-10 00:00:00,5.1,93,4.6,0.0,1020.8
2018-02-10 01:00:00,5.9,88,2.6,0.0,1021.0
2018-02-10 02:00:00,4.9,93,2.6,0.0,1021.0
2018-02-10 03:00:00,4.8,95,2.9,0.0,1020.8
2018-02-10 04:00:00,5.0,94,3.7,0.0,1020.7
2018-02-10 05:00:00,5.2,90,5.5,0.0,1020.9
2018-02-10 06:00:00,5.7,81,6.6,0.0,1021.0
2018-02-10 07:00:00,4.5,84,7.2,1.0,1021.5
2018-02-10 08:00:00,5.6,85,13.4,37.0,1023.1
2018-02-10 09:00:00,6.1,77,16.9,113.0,1023.9
2018-02-10 10:00:00,6.4,69,18.4,213.0,1024.5
2018-02-10 11:00:00,6.4,67,18.5,196.0,1025.1
2018-02-10 12:00:00,6.5,65,17.2,156.0,1025.0
2018-02-10 13:00:00,6.7,58,17.4,201.0,1024.6
2018-02-10 14:00:00,6.6,61,20.2,208.0,1024.2
2018-02-10 15:00:00,5.8,58,21.6,174.0,1024.7
2018-02-10 16:00:00,5.1,57,18.0,70.0,1025.5
2018-02-10 17:00:00,4.6,59,13.3,39.0,1026.1
2018-02-10 18:00:00,4.0,61,8.3,7.0,1026.9
2018-02-10 19:00:00,3.6,64,8.8,0.0,1027.7
2018-02-10 20:00:00,2.8,74,5.8,0.0,1027.8
2018-02-10 21:00:00,2.5,76,5.1,0.0,1027.9
2018-02-10 22:00:00,2.0,76,5.9,0.0,1028.6
2018-02-10 23:00:00,1.0,79,6.3,0.0,1029.0
2018-02-11 00:00:00,0.6,81,7.6,0.0,1029.3
2018-02-11 01:00:00,0.3,79,6.8,0.0,1029.4
2018-02-11 02:00:00,-1.3,83,8.4,0.0,1029.0
2018-02-11 03:00:00,-2.2,85,6.9,0.0,1028.8
2018-02-11 04:00:00,-3.0,86,7.6,0.0,1028.6
2018-02-11 05:00:00,-3.4,88,6.9,0.0,1029.0
2018-02-11 06:00:00,-3.4,88,5.6,0.0,1029.2
2018-02-11 07:00:00,-3.3,88,1.1,2.0,1029.5
2018-02-11 08:00:00,-0.4,85,2.3,95.0,1029.5
2018-02-11 09:00:00,2.6,75,3.5,284.0,1029.7
2018-02-11 10:00:00,4.9,66,5.8,471.0,1029.9
2018-02-11 11:00:00,6.7,55,6.4,616.0,1029.6
2018-02-11 12:00:00,8.1,44,7.3,701.0,1028.6
2018-02-11 13:00:00,9.4,38,8.7,702.0,1027.2
2018-02-11 14:00:00,10.4,28,10.4,611.0,1025.7
2018-02-11 15:00:00,10.6,31,15.1,544.0,1025.2
2018-02-11 16:00:00,10.4,32,12.6,375.0,1025.3
2018-02-11 17:00:00,8.5,48,6.1,179.0,1025.4
2018-02-11 18:00:00,5.4,49,8.6,25.0,1026.1
2018-02-11 19:00:00,4.9,47,10.9,0.0,1026.7
2018-02-11 20:00:00,3.7,50,9.2,0.0,1027.5
2018-02-11 21:00:00,3.0,55,6.8,0.0,1027.5
2018-02-11 22:00:00,1.5,64,6.1,0.0,1028.3
2018-02-11 23:00:00,0.8,70,6.8,0.0,1029.3
2018-02-12 00:00:00,1.1,65,11.6,0.0,1030.1
2018-02-12 01:00:00,2.0,56,13.0,0.0,1030.7
2018-02-12 02:00:00,1.6,54,11.5,0.0,1030.6
2018-02-12 03:00:00,0.8,54,11.3,0.0,1030.4
2018-02-12 04:00:00,-0.6,59,10.4,0.0,1030.2
2018-02-12 05:00:00,-2.4,65,7.4,0.0,1030.5
2018-02-12 06:00:00,-3.5,69,6.4,0.0,1031.1
2018-02-12 07:00:00,-3.6,68,6.4,2.0,1031.2
2018-02-12 08:00:00,-0.5,58,5.7,102.0,1031.6
2018-02-12 09:00:00,2.3,42,3.6,297.0,1032.0
2018-02-12 10:00:00,4.4,39,4.3,489.0,1031.5
2018-02-12 11:00:00,7.0,40,9.3,639.0,1031.0
2018-02-12 12:00:00,9.1,29,15.0,721.0,1029.7
2018-02-12 13:00:00,10.1,23,17.2,736.0,1028.1
2018-02-12 14:00:00,10.4,23,18.7,685.0,1027.2
2018-02-12 15:00:00,10.2,22,20.6,563.0,1026.9
2018-02-12 16:00:00,9.5,25,18.6,390.0,1027.3
2018-02-12 17:00:00,7.7,34,11.2,189.0,1027.7
2018-02-12 18:00:00,4.3,41,8.5,27.0,1028.0
2018-02-12 19:00:00,1.8,52,8.8,0.0,1028.0
2018-02-12 20:00:00,1.8,52,9.2,0.0,1028.0
2018-02-12 21:00:00,1.7,57,6.9,0.0,1028.1
2018-02-12 22:00:00,0.4,63,7.4,0.0,1028.2
2018-02-12 23:00:00,-0.2,65,6.2,0.0,1028.6
2018-02-13 00:00:00,-1.0,70,5.1,0.0,1028.5
2018-02-13 01:00:00,-1.9,76,5.2,0.0,1028.0
2018-02-13 02:00:00,-2.5,77,5.6,0.0,1027.6
2018-02-13 03:00:00,0.0,61,4.8,0.0,1027.2
2018-02-13 04:00:00,0.7,57,6.2,0.0,1027.1
2018-02-13 05:00:00,0.7,56,6.1,0.0,1027.1
2018-02-13 06:00:00,-2.3,70,7.5,0.0,1027.5
2018-02-13 07:00:00,-3.1,79,8.7,3.0,1027.7
2018-02-13 08:00:00,1.1,65,5.6,105.0,1027.4
2018-02-13 09:00:00,4.7,55,3.7,301.0,1027.4
2018-02-13 10:00:00,7.7,45,5.4,493.0,1027.0
2018-02-13 11:00:00,10.1,38,10.1,640.0,1025.9
2018-02-13 12:00:00,11.6,33,9.0,727.0,1024.2
2018-02-13 13:00:00,12.6,31,9.0,742.0,1022.6
2018-02-13 14:00:00,13.5,30,9.5,684.0,1021.8
2018-02-13 15:00:00,14.0,30,10.5,561.0,1021.1
2018-02-13 16:00:00,13.9,33,9.0,387.0,1020.6
2018-02-13 17:00:00,10.9,58,6.6,188.0,1020.7
2018-02-13 18:00:00,6.3,67,10.3,28.0,1020.4
2018-02-13 19:00:00,4.7,72,10.1,0.0,1020.5
2018-02-13 20:00:00,4.1,73,11.3,0.0,1019.5
2018-02-13 21:00:00,4.5,67,7.4,0.0,1019.3
2018-02-13 22:00:00,3.6,72,8.2,0.0,1019.4
2018-02-13 23:00:00,2.7,79,8.0,0.0,1019.6
2018-02-14 00:00:00,3.2,77,7.4,0.0,1019.4
2018-02-14 01:00:00,3.5,77,8.0,0.0,1019.0
2018-02-14 02:00:00,2.5,84,8.6,0.0,1018.6
2018-02-14 03:00:00,1.5,87,9.7,0.0,1018.3
2018-02-14 04:00:00,0.9,89,9.3,0.0,1017.7
2018-02-14 05:00:00,0.6,90,8.2,0.0,1017.4
2018-02-14 06:00:00,0.9,90,6.6,0.0,1017.7
2018-02-14 07:00:00,1.6,88,7.7,3.0,1017.9
2018-02-14 08:00:00,5.3,74,10.4,101.0,1018.0
2018-02-14 09:00:00,9.2,64,7.4,288.0,1018.5
2018-02-14 10:00:00,12.4,54,6.7,470.0,1018.5
2018-02-14 11:00:00,15.0,48,7.8,611.0,1018.0
2018-02-14 12:00:00,17.0,44,8.9,693.0,1016.6
2018-02-14 13:00:00,18.3,40,8.3,628.0,1015.7
2018-02-14 14:00:00,18.4,40,5.8,380.0,1014.3
2018-02-14 15:00:00,18.7,43,6.4,387.0,1013.4
2018-02-14 16:00:00,18.5,49,6.0,309.0,1013.3
2018-02-14 17:00:00,15.8,71,7.2,149.0,1013.3
2018-02-14 18:00:00,13.3,69,7.8,18.0,1013.7
2018-02-14 19:00:00,12.4,70,8.6,0.0,1013.9
2018-02-14 20:00:00,10.8,75,6.9,0.0,1013.8
2018-02-14 21:00:00,10.7,76,5.1,0.0,1014.1
2018-02-14 22:00:00,11.0,72,4.1,0.0,1014.5
2018-02-14 23:00:00,9.7,80,2.5,0.0,1014.8
2018-02-15 00:00:00,10.0,79,4.3,0.0,1015.3
2018-02-15 01:00:00,10.3,77,6.3,0.0,1015.4
2018-02-15 02:00:00,10.5,73,7.7,0.0,1015.8
2018-02-15 03:00:00,10.2,70,6.2,0.0,1015.9
2018-02-15 04:00:00,10.1,66,10.5,0.0,1016.1
2018-02-15 05:00:00,9.5,68,9.7,0.0,1016.7
2018-02-15 06:00:00,9.2,70,9.0,0.0,1017.5
2018-02-15 07:00:00,8.9,70,10.1,1.0,1018.4
2018-02-15 08:00:00,8.5,69,9.7,12.0,1019.6
2018-02-15 09:00:00,8.7,68,12.0,51.0,1020.3
2018-02-15 10:00:00,8.9,69,11.1,64.0,1020.5
2018-02-15 11:00:00,9.7,68,9.8,163.0,1020.4
2018-02-15 12:00:00,10.2,68,10.6,170.0,1019.9
2018-02-15 13:00:00,10.3,69,11.2,87.0,1019.0
2018-02-15 14:00:00,10.1,72,11.0,74.0,1018.3
2018-02-15 15:00:00,9.7,74,12.3,87.0,1018.4
2018-02-15 16:00:00,9.1,77,12.1,45.0,1018.8
2018-02-15 17:00:00,8.6,78,11.5,20.0,1018.9
2018-02-15 18:00:00,8.3,80,10.1,3.0,1019.3
2018-02-15 19:00:00,7.9,82,11.6,0.0,1019.7
2018-02-15 20:00:00,7.0,84,11.3,0.0,1019.8
2018-02-15 21:00:00,6.7,80,12.0,0.0,1019.6
2018-02-15 22:00:00,6.4,80,10.0,0.0,1019.8
2018-02-15 23:00:00,6.0,82,7.1,0.0,1019.9
2018-02-16 00:00:00,6.0,82,6.6,0.0,1019.6
2018-02-16 01:00:00,6.0,83,7.7,0.0,1018.9
2018-02-16 02:00:00,5.8,85,4.6,0.0,1018.5
2018-02-16 03:00:00,5.6,91,7.2,0.0,1018.1
2018-02-16 04:00:00,5.5,93,6.8,0.0,1017.4
2018-02-16 05:00:00,5.4,94,6.0,0.0,1017.2
2018-02-16 06:00:00,5.5,93,6.9,0.0,1017.4
2018-02-16 07:00:00,5.5,92,7.7,1.0,1017.5
2018-02-16 08:00:00,5.4,90,5.8,23.0,1018.3
2018-02-16 09:00:00,5.7,86,4.7,23.0,1018.8
2018-02-16 10:00:00,6.1,84,5.8,63.0,1019.4
2018-02-16 11:00:00,6.3,83,7.2,68.0,1019.8
2018-02-16 12:00:00,6.5,83,4.6,95.0,1019.0
2018-02-16 13:00:00,7.2,80,3.4,178.0,1018.5
2018-02-16 14:00:00,8.1,77,8.1,248.0,1018.7
2018-02-16 15:00:00,8.6,75,7.9,245.0,1018.7
2018-02-16 16:00:00,9.0,74,7.6,182.0,1019.1
2018-02-16 17:00:00,9.0,74,8.4,92.0,1019.2
2018-02-16 18:00:00,8.2,78,5.8,16.0,1020.0
2018-02-16 19:00:00,7.7,80,8.0,0.0,1020.8
2018-02-16 20:00:00,6.3,84,8.2,0.0,1021.4
2018-02-16 21:00:00,5.9,84,6.2,0.0,1021.8
2018-02-16 22:00:00,5.3,87,4.4,0.0,1022.3
2018-02-16 23:00:00,4.9,88,4.5,0.0,1022.8
2018-02-17 00:00:00,5.3,84,5.5,0.0,1022.8
2018-02-17 01:00:00,5.2,84,5.5,0.0,1022.6
2018-02-17 02:00:00,5.2,85,4.0,0.0,1022.7
2018-02-17 03:00:00,5.1,88,2.2,0.0,1022.9
2018-02-17 04:00:00,5.0,88,3.8,0.0,1022.9
2018-02-17 05:00:00,5.1,89,4.7,0.0,1023.3
2018-02-17 06:00:00,4.7,92,3.3,0.0,1024.1
2018-02-17 07:00:00,4.2,95,4.6,3.0,1023.9
2018-02-17 08:00:00,5.8,76,6.8,95.0,1024.4
2018-02-17 09:00:00,7.1,68,9.7,296.0,1024.1
2018-02-17 10:00:00,8.5,62,10.7,493.0,1024.0
2018-02-17 11:00:00,9.8,55,12.1,628.0,1023.3
2018-02-17 12:00:00,11.0,50,14.0,722.0,1022.2
2018-02-17 13:00:00,11.5,50,15.5,739.0,1020.9
2018-02-17 14:00:00,11.4,53,17.4,683.0,1019.7
2018-02-17 15:00:00,11.2,50,19.4,562.0,1019.3
2018-02-17 16:00:00,9.9,60,20.9,389.0,1020.2
2018-02-17 17:00:00,8.4,71,19.1,192.0,1020.5
2018-02-17 18:00:00,6.4,79,17.7,32.0,1021.2
2018-02-17 19:00:00,5.9,82,18.3,0.0,1021.3
2018-02-17 20:00:00,5.8,85,18.0,0.0,1020.1
2018-02-17 21:00:00,6.1,82,18.9,0.0,1019.8
2018-02-17 22:00:00,5.5,85,13.1,0.0,1020.2
2018-02-17 23:00:00,5.0,88,11.1,0.0,1020.6
2018-02-18 00:00:00,4.7,89,11.0,0.0,1020.4
2018-02-18 01:00:00,4.3,90,9.1,0.0,1020.2
2018-02-18 02:00:00,4.1,91,9.2,0.0,1019.8
2018-02-18 03:00:00,4.0,92,9.7,0.0,1019.5
2018-02-18 04:00:00,4.1,92,8.9,0.0,1018.5
2018-02-18 05:00:00,4.5,92,6.9,0.0,1018.0
2018-02-18 06:00:00,4.3,92,6.5,0.0,1018.2
2018-02-18 07:00:00,4.8,92,4.3,3.0,1018.2
2018-02-18 08:00:00,6.4,86,3.1,23.0,1018.3
2018-02-18 09:00:00,7.8,82,5.4,101.0,1018.4
2018-02-18 10:00:00,9.1,79,3.3,155.0,1018.8
2018-02-18 11:00:00,9.6,78,0.7,137.0,1018.5
2018-02-18 12:00:00,10.0,78,2.2,129.0,1017.8
2018-02-18 13:00:00,9.5,84,3.8,62.0,1016.8
2018-02-18 14:00:00,9.8,84,3.3,81.0,1016.3
2018-02-18 15:00:00,10.1,83,3.7,85.0,1016.1
2018-02-18 16:00:00,10.4,82,4.1,72.0,1016.1
2018-02-18 17:00:00,10.3,82,8.0,47.0,1016.1
2018-02-18 18:00:00,9.7,84,8.0,7.0,1016.8
2018-02-18 19:00:00,9.3,86,9.4,0.0,1017.4
2018-02-18 20:00:00,8.4,90,11.2,0.0,1018.6
2018-02-18 21:00:00,8.3,90,12.5,0.0,1019.2
2018-02-18 22:00:00,8.0,91,10.9,0.0,1019.2
2018-02-18 23:00:00,7.7,94,10.1,0.0,1019.2
2018-02-19 00:00:00,7.6,94,11.5,0.0,1019.4
2018-02-19 01:00:00,7.6,95,12.1,0.0,1019.4
2018-02-19 02:00:00,7.3,95,12.4,0.0,1019.4
2018-02-19 03:00:00,7.0,96,11.6,0.0,1019.5
2018-02-19 04:00:00,6.8,95,12.0,0.0,1019.3
2018-02-19 05:00:00,6.7,94,9.5,0.0,1019.4
2018-02-19 06:00:00,6.6,95,7.3,0.0,1018.8
2018-02-19 07:00:00,6.6,95,8.8,1.0,1019.3
2018-02-19 08:00:00,6.5,94,7.6,13.0,1020.0
2018-02-19 09:00:00,7.0,91,5.4,35.0,1020.0
2018-02-19 10:00:00,7.1,91,5.2,40.0,1019.5
2018-02-19 11:00:00,7.6,90,6.6,74.0,1019.2
2018-02-19 12:00:00,7.6,91,9.1,51.0,1018.3
2018-02-19 13:00:00,7.3,95,12.9,32.0,1018.1
2018-02-19 14:00:00,7.7,95,16.4,66.0,1017.9
2018-02-19 15:00:00,7.5,95,17.1,35.0,1018.4
2018-02-19 16:00:00,7.3,96,11.2,15.0,1018.3
2018-02-19 17:00:00,7.3,97,9.5,10.0,1018.6
2018-02-19 18:00:00,7.3,97,6.2,1.0,1019.3
2018-02-19 19:00:00,7.2,97,8.0,0.0,1019.9
2018-02-19 20:00:00,6.9,96,10.6,0.0,1020.8
2018-02-19 21:00:00,6.9,95,11.2,0.0,1021.0
2018-02-19 22:00:00,6.9,95,10.9,0.0,1021.1
2018-02-19 23:00:00,6.8,94,8.2,0.0,1021.0
2018-02-20 00:00:00,6.6,95,5.9,0.0,1021.2
2018-02-20 01:00:00,6.4,96,5.2,0.0,1021.0
2018-02-20 02:00:00,6.4,96,5.4,0.0,1020.6
2018-02-20 03:00:00,6.2,96,5.0,0.0,1019.9
2018-02-20 04:00:00,6.1,95,5.9,0.0,1019.7
2018-02-20 05:00:00,6.0,95,10.1,0.0,1019.9
2018-02-20 06:00:00,5.8,93,12.7,0.0,1020.4
2018-02-20 07:00:00,5.7,92,10.6,1.0,1021.0
2018-02-20 08:00:00,5.5,93,8.9,7.0,1021.8
2018-02-20 09:00:00,5.7,92,9.2,25.0,1021.1
2018-02-20 10:00:00,6.3,87,7.3,57.0,1021.4
2018-02-20 11:00:00,6.5,87,8.5,51.0,1020.8
2018-02-20 12:00:00,6.6,87,9.8,49.0,1019.9
2018-02-20 13:00:00,7.0,84,11.5,72.0,1018.9
2018-02-20 14:00:00,7.1,89,9.4,49.0,1018.1
2018-02-20 15:00:00,7.0,92,8.9,25.0,1017.3
2018-02-20 16:00:00,7.1,93,11.2,19.0,1018.6
2018-02-20 17:00:00,6.8,93,10.6,7.0,1018.3
2018-02-20 18:00:00,6.7,93,14.3,3.0,1018.2
2018-02-20 19:00:00,6.6,92,13.1,0.0,1019.7
2018-02-20 20:00:00,6.0,90,15.0,0.0,1021.1
2018-02-20 21:00:00,5.0,93,16.9,0.0,1021.7
2018-02-20 22:00:00,3.9,96,16.1,0.0,1022.6
2018-02-20 23:00:00,3.6,98,13.1,0.0,1022.9
2018-02-21 00:00:00,3.6,97,14.6,0.0,1024.0
2018-02-21 01:00:00,3.6,95,9.2,0.0,1022.8
2018-02-21 02:00:00,3.9,94,9.8,0.0,1022.1
2018-02-21 03:00:00,3.8,94,8.8,0.0,1021.8
2018-02-21 04:00:00,3.8,95,5.9,0.0,1022.1
2018-02-21 05:00:00,3.9,95,7.9,0.0,1021.6
2018-02-21 06:00:00,4.0,94,10.2,0.0,1022.4
2018-02-21 07:00:00,4.2,92,9.6,1.0,1023.8
2018-02-21 08:00:00,4.2,88,9.1,16.0,1025.1
2018-02-21 09:00:00,4.6,84,8.7,49.0,1024.6
2018-02-21 10:00:00,5.5,77,6.4,117.0,1024.6
2018-02-21 11:00:00,6.7,73,8.7,243.0,1024.3
2018-02-21 12:00:00,7.3,72,9.4,253.0,1022.9
2018-02-21 13:00:00,8.3,68,9.9,326.0,1022.0
2018-02-21 14:00:00,8.1,68,10.2,158.0,1021.5
2018-02-21 15:00:00,8.0,69,9.6,97.0,1022.0
2018-02-21 16:00:00,7.6,70,11.0,64.0,1021.9
2018-02-21 17:00:00,6.8,79,8.6,18.0,1022.7
2018-02-21 18:00:00,6.2,88,5.2,6.0,1022.7
2018-02-21 19:00:00,5.7,90,5.4,0.0,1022.8
2018-02-21 20:00:00,5.3,89,5.1,0.0,1024.0
2018-02-21 21:00:00,4.9,93,4.8,0.0,1023.4
2018-02-21 22:00:00,4.8,94,3.7,0.0,1024.1
2018-02-21 23:00:00,4.7,93,5.0,0.0,1024.7
2018-02-22 00:00:00,4.5,93,6.0,0.0,1024.8
2018-02-22 01:00:00,4.5,93,5.1,0.0,1024.4
2018-02-22 02:00:00,4.4,93,4.2,0.0,1024.0
2018-02-22 03:00:00,4.3,94,3.2,0.0,1023.6
2018-02-22 04:00:00,4.4,93,2.8,0.0,1023.2
2018-02-22 05:00:00,4.6,93,4.3,0.0,1023.3
2018-02-22 06:00:00,4.6,95,2.5,0.0,1023.5
2018-02-22 07:00:00,4.7,95,0.8,2.0,1023.4
2018-02-22 08:00:00,5.3,89,1.5,53.0,1024.6
2018-02-22 09:00:00,6.2,88,0.8,138.0,1024.9
2018-02-22 10:00:00,7.3,80,3.6,227.0,1025.5
2018-02-22 11:00:00,7.8,73,4.7,202.0,1025.6
2018-02-22 12:00:00,8.0,69,3.6,181.0,1024.4
2018-02-22 13:00:00,8.7,66,3.2,276.0,1023.0
2018-02-22 14:00:00,9.0,64,3.6,233.0,1022.4
2018-02-22 15:00:00,9.1,63,4.0,182.0,1021.6
2018-02-22 16:00:00,9.2,62,4.3,121.0,1021.2
2018-02-22 17:00:00,8.9,65,5.8,75.0,1021.1
2018-02-22 18:00:00,6.0,84,6.6,32.0,1021.5
2018-02-22 19:00:00,4.2,90,9.8,0.0,1022.0
2018-02-22 20:00:00,3.8,90,9.7,0.0,1022.5
2018-02-22 21:00:00,3.0,91,9.4,0.0,1022.8
2018-02-22 22:00:00,3.0,91,8.6,0.0,1023.5
2018-02-22 23:00:00,2.3,93,7.9,0.0,1023.7
2018-02-23 00:00:00,1.4,95,9.1,0.0,1023.8
2018-02-23 01:00:00,1.1,95,9.7,0.0,1023.5
2018-02-23 02:00:00,0.6,96,9.7,0.0,1023.2
2018-02-23 03:00:00,0.3,96,9.4,0.0,1022.8
2018-02-23 04:00:00,0.0,96,9.4,0.0,1022.5
2018-02-23 05:00:00,-0.1,96,8.9,0.0,1022.5
2018-02-23 06:00:00,-0.7,97,9.7,0.0,1022.9
2018-02-23 07:00:00,0.3,97,7.2,7.0,1023.2
2018-02-23 08:00:00,3.8,91,6.6,128.0,1023.9
2018-02-23 09:00:00,6.8,83,6.1,328.0,1024.3
2018-02-23 10:00:00,9.5,71,6.3,520.0,1024.0
2018-02-23 11:00:00,11.7,58,8.0,668.0,1023.5
2018-02-23 12:00:00,13.2,48,10.2,753.0,1022.5
2018-02-23 13:00:00,14.1,42,10.6,768.0,1021.3
2018-02-23 14:00:00,14.7,40,10.7,711.0,1020.2
2018-02-23 15:00:00,14.9,39,10.7,588.0,1019.4
2018-02-23 16:00:00,14.8,40,9.9,414.0,1019.2
2018-02-23 17:00:00,13.1,55,8.3,212.0,1019.3
2018-02-23 18:00:00,9.2,70,11.7,41.0,1019.9
2018-02-23 19:00:00,7.2,83,9.1,0.0,1020.4
2018-02-23 20:00:00,6.0,89,7.2,0.0,1020.8
2018-02-23 21:00:00,5.6,90,7.6,0.0,1021.1
2018-02-23 22:00:00,4.7,92,8.6,0.0,1020.7
2018-02-23 23:00:00,4.1,92,9.3,0.0,1021.0
2018-02-24 00:00:00,6.5,84,5.5,0.0,1020.9
2018-02-24 01:00:00,6.0,86,4.4,0.0,1020.5
2018-02-24 02:00:00,5.8,87,1.5,0.0,1020.6
2018-02-24 03:00:00,4.3,93,5.0,0.0,1020.2
2018-02-24 04:00:00,4.9,94,2.6,0.0,1020.1
2018-02-24 05:00:00,4.9,95,4.1,0.0,1020.1
2018-02-24 06:00:00,4.9,95,2.6,0.0,1020.8
2018-02-24 07:00:00,4.3,96,5.4,6.0,1020.7
2018-02-24 08:00:00,6.2,86,2.3,88.0,1020.4
2018-02-24 09:00:00,8.3,76,1.8,188.0,1020.9
2018-02-24 10:00:00,9.5,70,3.5,177.0,1021.3
2018-02-24 11:00:00,9.8,70,2.7,125.0,1021.8
2018-02-24 12:00:00,10.1,71,2.1,150.0,1021.2
2018-02-24 13:00:00,10.1,72,1.8,109.0,1020.4
2018-02-24 14:00:00,10.2,74,4.0,135.0,1020.2
2018-02-24 15:00:00,9.9,80,6.9,87.0,1020.1
2018-02-24 16:00:00,9.3,89,5.6,41.0,1020.2
2018-02-24 17:00:00,8.9,91,4.9,21.0,1019.9
2018-02-24 18:00:00,8.4,94,3.5,5.0,1020.7
2018-02-24 19:00:00,8.4,92,4.8,0.0,1021.2
2018-02-24 20:00:00,8.1,90,9.7,0.0,1022.0
2018-02-24 21:00:00,8.2,89,9.4,0.0,1022.5
2018-02-24 22:00:00,8.4,88,11.2,0.0,1022.9
2018-02-24 23:00:00,8.3,94,9.4,0.0,1022.8
2018-02-25 00:00:00,8.2,95,10.2,0.0,1023.1
2018-02-25 01:00:00,8.0,94,11.8,0.0,1022.8
2018-02-25 02:00:00,7.8,94,12.2,0.0,1022.4
2018-02-25 03:00:00,7.5,94,13.0,0.0,1022.1
2018-02-25 04:00:00,7.3,95,13.7,0.0,1022.1
2018-02-25 05:00:00,7.2,94,13.9,0.0,1022.5
2018-02-25 06:00:00,7.2,95,14.1,0.0,1022.7
2018-02-25 07:00:00,7.2,95,13.2,0.0,1023.1
2018-02-25 08:00:00,7.3,94,14.2,12.0,1024.7
2018-02-25 09:00:00,7.5,94,15.5,33.0,1025.3
2018-02-25 10:00:00,7.7,91,15.1,64.0,1025.8
2018-02-25 11:00:00,7.7,89,14.3,78.0,1025.7
2018-02-25 12:00:00,7.9,87,14.3,104.0,1025.1
2018-02-25 13:00:00,8.7,82,13.1,203.0,1024.5
2018-02-25 14:00:00,9.1,79,12.7,160.0,1023.9
2018-02-25 15:00:00,9.7,76,11.5,183.0,1023.6
2018-02-25 16:00:00,10.1,74,11.2,209.0,1023.4
2018-02-25 17:00:00,10.2,71,8.6,129.0,1023.6
2018-02-25 18:00:00,7.9,83,5.9,27.0,1023.9
2018-02-25 19:00:00,6.5,90,6.2,0.0,1024.0
2018-02-25 20:00:00,6.1,90,5.4,0.0,1024.6
2018-02-25 21:00:00,5.5,94,5.6,0.0,1024.5
2018-02-25 22:00:00,4.8,96,7.2,0.0,1024.8
2018-02-25 23:00:00,4.2,98,6.0,0.0,1024.9
2018-02-26 00:00:00,4.2,97,6.2,0.0,1024.5
2018-02-26 01:00:00,3.1,97,7.2,0.0,1024.2
2018-02-26 02:00:00,2.4,98,6.2,0.0,1023.8
2018-02-26 03:00:00,3.1,99,6.5,0.0,1023.6
2018-02-26 04:00:00,2.2,100,4.5,0.0,1023.4
2018-02-26 05:00:00,2.2,100,5.4,0.0,1023.4
2018-02-26 06:00:00,3.0,100,2.6,0.0,1024.1
2018-02-26 07:00:00,3.2,99,2.6,6.0,1024.4
2018-02-26 08:00:00,4.6,98,3.0,76.0,1025.3
2018-02-26 09:00:00,5.9,97,2.2,198.0,1025.7
2018-02-26 10:00:00,8.0,89,3.5,350.0,1025.3
2018-02-26 11:00:00,11.0,75,5.7,564.0,1024.9
2018-02-26 12:00:00,13.0,65,6.0,718.0,1023.9
2018-02-26 13:00:00,14.5,58,6.8,744.0,1022.3
2018-02-26 14:00:00,15.1,57,6.6,688.0,1021.5
2018-02-26 15:00:00,15.4,57,6.8,579.0,1020.8
2018-02-26 16:00:00,15.1,58,9.3,409.0,1020.4
2018-02-26 17:00:00,13.3,70,13.0,211.0,1020.2
2018-02-26 18:00:00,9.8,82,13.0,42.0,1020.7
2018-02-26 19:00:00,7.8,85,11.8,0.0,1020.9
2018-02-26 20:00:00,6.9,86,9.0,0.0,1020.9
2018-02-26 21:00:00,6.4,89,7.2,0.0,1020.8
2018-02-26 22:00:00,5.2,93,7.1,0.0,1020.9
2018-02-26 23:00:00,6.9,87,4.1,0.0,1020.9
2018-02-27 00:00:00,6.5,90,3.4,0.0,1020.5
2018-02-27 01:00:00,6.3,91,3.7,0.0,1020.2
2018-02-27 02:00:00,5.3,96,5.9,0.0,1019.9
2018-02-27 03:00:00,3.7,100,6.1,0.0,1019.5
2018-02-27 04:00:00,4.2,100,4.6,0.0,1019.3
2018-02-27 05:00:00,2.4,100,6.6,0.0,1018.9
2018-02-27 06:00:00,2.0,100,7.3,0.0,1019.0
2018-02-27 07:00:00,3.1,99,4.1,10.0,1019.1
2018-02-27 08:00:00,5.6,96,3.7,118.0,1019.4
2018-02-27 09:00:00,9.1,83,3.7,317.0,1019.1
2018-02-27 10:00:00,12.5,66,6.1,523.0,1018.8
2018-02-27 11:00:00,15.2,58,10.2,671.0,1017.9
2018-02-27 12:00:00,17.3,50,10.7,748.0,1016.9
2018-02-27 13:00:00,18.4,45,13.8,757.0,1015.3
2018-02-27 14:00:00,18.8,45,14.7,692.0,1014.0
2018-02-27 15:00:00,19.0,46,14.8,531.0,1013.3
2018-02-27 16:00:00,18.6,52,13.2,372.0,1012.7
2018-02-27 17:00:00,15.8,67,14.1,204.0,1012.3
2018-02-27 18:00:00,13.1,72,10.1,37.0,1012.2
2018-02-27 19:00:00,12.7,77,8.1,0.0,1012.2
2018-02-27 20:00:00,11.7,88,7.1,0.0,1011.8
2018-02-27 21:00:00,12.1,83,9.5,0.0,1011.3
2018-02-27 22:00:00,12.9,82,13.6,0.0,1010.6
2018-02-27 23:00:00,12.3,84,11.8,0.0,1009.5
2018-02-28 00:00:00,12.1,86,9.3,0.0,1008.4
2018-02-28 01:00:00,12.2,87,9.9,0.0,1007.3
2018-02-28 02:00:00,12.5,87,10.4,0.0,1006.1
2018-02-28 03:00:00,12.3,88,7.9,0.0,1005.2
2018-02-28 04:00:00,11.9,89,6.9,0.0,1004.1
2018-02-28 05:00:00,12.0,90,6.7,0.0,1003.9
2018-02-28 06:00:00,12.0,90,16.0,0.0,1005.6
2018-02-28 07:00:00,12.6,89,7.9,1.0,1005.2
2018-02-28 08:00:00,13.0,89,13.4,41.0,1007.3
2018-02-28 09:00:00,14.2,84,16.5,100.0,1008.6
2018-02-28 10:00:00,14.7,74,20.5,251.0,1009.2
2018-02-28 11:00:00,15.7,61,25.5,461.0,1009.7
2018-02-28 12:00:00,15.7,60,26.7,383.0,1010.3
2018-02-28 13:00:00,15.8,57,23.9,374.0,1010.4
2018-02-28 14:00:00,15.4,57,21.7,244.0,1010.3
2018-02-28 15:00:00,15.4,57,21.0,238.0,1010.8
2018-02-28 16:00:00,14.8,61,14.5,122.0,1011.5
2018-02-28 17:00:00,14.1,67,9.8,76.0,1011.8
2018-02-28 18:00:00,11.3,78,7.8,42.0,1012.2
2018-02-28 19:00:00,10.8,78,11.3,0.0,1012.8
2018-02-28 20:00:00,9.3,85,8.6,0.0,1012.7
2018-02-28 21:00:00,8.5,89,4.9,0.0,1012.7
2018-02-28 22:00:00,8.3,91,8.1,0.0,1012.8
2018-02-28 23:00:00,7.0,94,8.6,0.0,1013.0
2018-03-01 00:00:00,6.8,94,8.5,0.0,1013.1
2018-03-01 01:00:00,6.8,92,8.8,0.0,1013.0
2018-03-01 02:00:00,6.9,90,9.1,0.0,1013.3
2018-03-01 03:00:00,5.9,92,11.0,0.0,1013.3
2018-03-01 04:00:00,6.8,89,8.4,0.0,1013.4
2018-03-01 05:00:00,5.2,94,10.0,0.0,1014.2
2018-03-01 06:00:00,4.8,95,10.5,0.0,1014.4
2018-03-01 07:00:00,6.3,93,6.9,13.0,1014.4
2018-03-01 08:00:00,9.7,84,5.8,145.0,1015.0
2018-03-01 09:00:00,12.5,76,4.4,343.0,1015.7
2018-03-01 10:00:00,14.8,71,10.1,527.0,1016.6
2018-03-01 11:00:00,16.5,60,11.6,664.0,1016.7
2018-03-01 12:00:00,16.9,61,14.3,741.0,1016.4
2018-03-01 13:00:00,18.0,53,10.5,738.0,1015.3
2018-03-01 14:00:00,18.6,50,12.1,651.0,1014.0
2018-03-01 15:00:00,16.5,66,23.8,435.0,1013.9
2018-03-01 16:00:00,13.6,73,26.6,309.0,1014.5
2018-03-01 17:00:00,11.5,67,23.9,170.0,1015.2
2018-03-01 18:00:00,9.7,66,24.9,28.0,1016.1
2018-03-01 19:00:00,8.8,72,22.1,0.0,1017.0
2018-03-01 20:00:00,9.3,68,21.0,0.0,1017.4
2018-03-01 21:00:00,9.0,69,18.2,0.0,1017.7
2018-03-01 22:00:00,8.7,71,18.1,0.0,1017.9
2018-03-01 23:00:00,8.4,73,18.7,0.0,1017.3
2018-03-02 00:00:00,8.2,76,15.9,0.0,1017.3
2018-03-02 01:00:00,8.1,78,15.8,0.0,1016.9
2018-03-02 02:00:00,8.1,79,15.4,0.0,1016.3
2018-03-02 03:00:00,8.1,81,15.8,0.0,1015.5
2018-03-02 04:00:00,7.9,84,16.5,0.0,1015.0
2018-03-02 05:00:00,7.6,89,15.1,0.0,1015.5
2018-03-02 06:00:00,7.3,90,17.1,0.0,1015.8
2018-03-02 07:00:00,7.4,88,18.2,1.0,1015.6
2018-03-02 08:00:00,7.0,90,16.7,7.0,1016.5
2018-03-02 09:00:00,7.4,88,16.4,17.0,1016.6
2018-03-02 10:00:00,7.8,88,16.9,45.0,1015.9
2018-03-02 11:00:00,8.3,87,12.2,52.0,1015.3
2018-03-02 12:00:00,9.1,86,8.9,94.0,1014.3
2018-03-02 13:00:00,9.7,84,5.9,147.0,1013.7
2018-03-02 14:00:00,9.8,85,7.6,96.0,1012.8
2018-03-02 15:00:00,10.0,84,9.7,88.0,1012.4
2018-03-02 16:00:00,10.0,85,10.5,66.0,1012.1
2018-03-02 17:00:00,10.0,86,9.7,44.0,1012.1
2018-03-02 18:00:00,9.6,89,8.0,9.0,1011.9
2018-03-02 19:00:00,9.6,90,6.8,0.0,1011.8
2018-03-02 20:00:00,9.1,95,3.7,0.0,1012.1
2018-03-02 21:00:00,9.2,95,2.5,0.0,1011.7
2018-03-02 22:00:00,9.1,94,1.1,0.0,1011.8
2018-03-02 23:00:00,9.1,93,2.0,0.0,1011.5
2018-03-03 00:00:00,8.3,97,2.7,0.0,1010.6
2018-03-03 01:00:00,8.7,96,2.2,0.0,1009.9
2018-03-03 02:00:00,8.7,96,4.0,0.0,1009.5
2018-03-03 03:00:00,8.0,98,3.3,0.0,1008.9
2018-03-03 04:00:00,8.5,97,3.7,0.0,1008.4
2018-03-03 05:00:00,8.9,96,3.1,0.0,1008.1
2018-03-03 06:00:00,8.9,96,3.3,0.0,1008.4
2018-03-03 07:00:00,9.1,96,3.4,10.0,1009.1
2018-03-03 08:00:00,9.6,93,13.3,95.0,1009.5
2018-03-03 09:00:00,10.3,93,5.9,39.0,1009.9
2018-03-03 10:00:00,11.5,92,6.6,77.0,1009.8
2018-03-03 11:00:00,16.1,82,9.3,601.0,1009.8
2018-03-03 12:00:00,18.6,75,10.0,716.0,1008.9
2018-03-03 13:00:00,20.7,69,9.4,735.0,1007.8
2018-03-03 14:00:00,22.2,65,7.8,681.0,1007.0
2018-03-03 15:00:00,22.9,64,7.7,554.0,1006.7
2018-03-03 16:00:00,22.8,66,7.1,383.0,1006.8
2018-03-03 17:00:00,21.3,77,5.6,176.0,1007.2
2018-03-03 18:00:00,18.3,87,8.3,44.0,1007.6
2018-03-03 19:00:00,16.7,91,10.7,0.0,1008.1
2018-03-03 20:00:00,14.5,96,10.5,0.0,1008.4
2018-03-03 21:00:00,14.0,96,9.0,0.0,1008.4
2018-03-03 22:00:00,13.8,96,8.6,0.0,1008.5
2018-03-03 23:00:00,13.3,97,6.9,0.0,1008.8
2018-03-04 00:00:00,12.3,99,6.9,0.0,1008.4
2018-03-04 01:00:00,12.7,100,3.1,0.0,1008.5
2018-03-04 02:00:00,12.4,100,3.7,0.0,1008.2
2018-03-04 03:00:00,11.6,100,5.2,0.0,1007.4
2018-03-04 04:00:00,11.9,99,2.3,0.0,1007.2
2018-03-04 05:00:00,11.3,100,1.9,0.0,1007.0
2018-03-04 06:00:00,11.9,99,1.9,0.0,1007.1
2018-03-04 07:00:00,12.2,98,4.6,11.0,1006.9
2018-03-04 08:00:00,13.7,98,6.6,104.0,1006.6
2018-03-04 09:00:00,16.9,91,7.1,256.0,1006.0
2018-03-04 10:00:00,21.2,78,7.0,441.0,1005.5
2018-03-04 11:00:00,25.4,67,11.6,634.0,1005.0
2018-03-04 12:00:00,27.6,60,15.9,723.0,1004.4
2018-03-04 13:00:00,28.4,59,11.1,733.0,1003.6
2018-03-04 14:00:00,28.6,58,10.7,669.0,1002.6
2018-03-04 15:00:00,28.6,58,12.5,506.0,1002.1
2018-03-04 16:00:00,28.4,62,10.3,370.0,1002.5
2018-03-04 17:00:00,26.5,69,8.8,192.0,1003.0
2018-03-04 18:00:00,23.5,78,8.4,35.0,1003.4
2018-03-04 19:00:00,23.0,78,11.0,0.0,1004.1
2018-03-04 20:00:00,21.1,86,12.3,0.0,1004.5
2018-03-04 21:00:00,20.5,88,11.9,0.0,1004.7
2018-03-04 22:00:00,20.1,88,16.8,0.0,1006.1
2018-03-04 23:00:00,19.0,92,14.9,0.0,1006.8
2018-03-05 00:00:00,16.8,95,23.5,0.0,1007.6
2018-03-05 01:00:00,13.3,94,26.5,0.0,1009.0
2018-03-05 02:00:00,12.0,90,25.9,0.0,1010.6
2018-03-05 03:00:00,10.6,88,23.1,0.0,1011.6
2018-03-05 04:00:00,9.5,90,20.8,0.0,1012.6
2018-03-05 05:00:00,8.6,88,22.2,0.0,1014.1
2018-03-05 06:00:00,8.1,88,21.1,0.0,1015.4
2018-03-05 07:00:00,8.1,89,20.4,1.0,1016.4
2018-03-05 08:00:00,7.7,84,20.8,14.0,1018.3
2018-03-05 09:00:00,8.3,80,25.7,55.0,1019.3
2018-03-05 10:00:00,8.2,76,26.9,75.0,1020.2
2018-03-05 11:00:00,7.8,75,24.3,44.0,1020.8
2018-03-05 12:00:00,7.9,73,23.3,123.0,1021.3
2018-03-05 13:00:00,8.2,70,22.1,134.0,1021.6
2018-03-05 14:00:00,8.9,67,19.9,144.0,1021.4
2018-03-05 15:00:00,9.6,63,19.1,129.0,1021.6
2018-03-05 16:00:00,10.5,57,19.9,92.0,1022.0
2018-03-05 17:00:00,10.7,57,16.7,68.0,1022.1
2018-03-05 18:00:00,10.3,59,11.2,15.0,1023.0
2018-03-05 19:00:00,10.3,55,14.5,0.0,1023.6
2018-03-05 20:00:00,9.5,63,8.0,0.0,1024.4
2018-03-05 21:00:00,9.5,53,14.4,0.0,1024.8
2018-03-05 22:00:00,8.5,45,17.0,0.0,1025.1
2018-03-05 23:00:00,7.7,48,15.6,0.0,1025.4
2018-03-06 00:00:00,7.0,54,12.6,0.0,1026.5
2018-03-06 01:00:00,6.5,57,15.8,0.0,1026.2
2018-03-06 02:00:00,6.2,61,13.7,0.0,1025.7
2018-03-06 03:00:00,5.9,64,11.9,0.0,1025.7
2018-03-06 04:00:00,5.0,70,11.8,0.0,1025.8
2018-03-06 05:00:00,3.9,78,9.4,0.0,1026.3
2018-03-06 06:00:00,3.4,83,7.2,0.0,1026.8
2018-03-06 07:00:00,4.2,81,9.4,13.0,1027.2
2018-03-06 08:00:00,5.2,79,13.3,68.0,1027.9
2018-03-06 09:00:00,5.9,79,11.4,142.0,1028.0
2018-03-06 10:00:00,6.8,77,11.1,217.0,1027.9
2018-03-06 11:00:00,7.9,74,11.3,272.0,1027.9
2018-03-06 12:00:00,8.9,71,13.8,330.0,1026.9
2018-03-06 13:00:00,9.6,68,14.4,379.0,1026.1
2018-03-06 14:00:00,10.4,63,17.0,442.0,1025.0
2018-03-06 15:00:00,10.7,60,19.8,429.0,1024.0
2018-03-06 16:00:00,10.0,61,19.5,283.0,1024.1
2018-03-06 17:00:00,9.7,66,18.4,110.0,1024.3
2018-03-06 18:00:00,8.9,70,19.5,14.0,1024.7
2018-03-06 19:00:00,8.7,73,19.8,0.0,1024.7
2018-03-06 20:00:00,7.8,80,15.5,0.0,1026.1
2018-03-06 21:00:00,7.8,80,16.3,0.0,1026.1
2018-03-06 22:00:00,7.7,81,13.5,0.0,1026.6
2018-03-06 23:00:00,7.6,83,14.3,0.0,1025.8
2018-03-07 00:00:00,7.4,83,12.1,0.0,1025.5
2018-03-07 01:00:00,7.3,84,12.4,0.0,1024.6
2018-03-07 02:00:00,7.2,86,9.2,0.0,1024.1
2018-03-07 03:00:00,7.2,88,13.0,0.0,1023.1
2018-03-07 04:00:00,7.6,90,10.5,0.0,1022.7
2018-03-07 05:00:00,7.6,92,10.2,0.0,1023.1
2018-03-07 06:00:00,7.6,93,12.6,0.0,1022.5
2018-03-07 07:00:00,7.7,92,10.9,2.0,1022.3
2018-03-07 08:00:00,8.1,92,10.1,9.0,1022.1
2018-03-07 09:00:00,8.4,94,11.9,24.0,1021.1
2018-03-07 10:00:00,8.8,92,8.6,42.0,1021.0
2018-03-07 11:00:00,9.2,89,7.6,72.0,1021.0
2018-03-07 12:00:00,9.1,91,8.7,45.0,1020.4
2018-03-07 13:00:00,8.7,94,8.5,28.0,1019.1
2018-03-07 14:00:00,9.0,92,7.4,40.0,1018.6
2018-03-07 15:00:00,9.1,92,6.3,27.0,1018.0
2018-03-07 16:00:00,9.1,94,7.0,20.0,1018.1
2018-03-07 17:00:00,8.7,96,8.6,5.0,1018.2
2018-03-07 18:00:00,8.5,96,10.2,3.0,1018.7
2018-03-07 19:00:00,8.5,96,10.1,0.0,1019.3
2018-03-07 20:00:00,8.5,94,10.3,0.0,1020.1
2018-03-07 21:00:00,8.4,95,10.6,0.0,1020.8
2018-03-07 22:00:00,8.3,94,12.9,0.0,1021.2
2018-03-07 23:00:00,8.1,94,14.0,0.0,1021.4
2018-03-08 00:00:00,7.8,94,15.2,0.0,1022.0
2018-03-08 01:00:00,7.4,94,15.2,0.0,1022.1
2018-03-08 02:00:00,7.1,94,16.2,0.0,1021.9
2018-03-08 03:00:00,6.9,93,15.8,0.0,1022.0
2018-03-08 04:00:00,6.6,92,16.9,0.0,1022.3
2018-03-08 05:00:00,6.3,91,15.6,0.0,1022.7
2018-03-08 06:00:00,6.1,91,15.7,0.0,1023.6
2018-03-08 07:00:00,6.0,89,15.4,5.0,1024.3
2018-03-08 08:00:00,6.1,86,16.2,42.0,1025.5
2018-03-08 09:00:00,6.4,83,18.4,71.0,1025.9
2018-03-08 10:00:00,6.7,79,20.1,90.0,1027.0
2018-03-08 11:00:00,7.4,75,15.2,148.0,1027.2
2018-03-08 12:00:00,10.3,57,15.5,605.0,1026.3
2018-03-08 13:00:00,10.8,51,18.3,370.0,1025.5
2018-03-08 14:00:00,11.0,48,19.1,290.0,1024.8
2018-03-08 15:00:00,11.3,47,19.7,280.0,1024.7
2018-03-08 16:00:00,10.8,51,22.4,156.0,1024.7
2018-03-08 17:00:00,10.0,56,18.7,102.0,1025.3
2018-03-08 18:00:00,8.8,60,11.9,45.0,1025.9
2018-03-08 19:00:00,7.7,65,8.7,0.0,1026.1
2018-03-08 20:00:00,6.9,70,11.7,0.0,1027.1
2018-03-08 21:00:00,6.0,74,9.0,0.0,1027.3
2018-03-08 22:00:00,6.1,74,9.7,0.0,1028.0
2018-03-08 23:00:00,5.8,75,10.2,0.0,1028.1
2018-03-09 00:00:00,5.2,77,11.1,0.0,1028.2
2018-03-09 01:00:00,4.2,78,10.6,0.0,1028.0
2018-03-09 02:00:00,3.1,82,8.0,0.0,1028.1
2018-03-09 03:00:00,2.5,85,6.5,0.0,1028.0
2018-03-09 04:00:00,1.5,90,5.4,0.0,1028.0
2018-03-09 05:00:00,0.6,92,5.4,0.0,1028.1
2018-03-09 06:00:00,-0.3,94,6.0,0.0,1028.4
2018-03-09 07:00:00,1.1,89,5.8,23.0,1028.4
2018-03-09 08:00:00,3.2,76,5.9,178.0,1029.1
2018-03-09 09:00:00,4.7,63,7.2,388.0,1029.2
2018-03-09 10:00:00,6.3,55,8.4,586.0,1029.0
2018-03-09 11:00:00,7.9,47,8.9,742.0,1028.7
2018-03-09 12:00:00,9.2,43,8.5,818.0,1027.7
2018-03-09 13:00:00,10.4,40,7.7,827.0,1026.4
2018-03-09 14:00:00,11.2,39,6.6,767.0,1025.2
2018-03-09 15:00:00,11.6,38,6.1,639.0,1024.6
2018-03-09 16:00:00,11.6,39,6.8,457.0,1024.0
2018-03-09 17:00:00,10.9,45,5.5,248.0,1024.1
2018-03-09 18:00:00,7.7,58,7.6,62.0,1024.4
2018-03-09 19:00:00,6.1,56,10.4,0.0,1024.8
2018-03-09 20:00:00,5.4,60,8.6,0.0,1024.7
2018-03-09 21:00:00,4.3,68,6.3,0.0,1025.0
2018-03-09 22:00:00,3.7,74,8.1,0.0,1025.1
2018-03-09 23:00:00,4.4,67,7.2,0.0,1024.9
2018-03-10 00:00:00,5.4,60,5.1,0.0,1024.7
2018-03-10 01:00:00,5.1,63,4.0,0.0,1024.7
2018-03-10 02:00:00,4.8,66,1.0,0.0,1024.7
2018-03-10 03:00:00,4.5,69,1.4,0.0,1024.4
2018-03-10 04:00:00,3.5,75,3.1,0.0,1024.0
2018-03-10 05:00:00,0.9,88,5.8,0.0,1023.8
2018-03-10 06:00:00,0.2,93,7.8,0.0,1023.9
2018-03-10 07:00:00,2.5,91,4.6,25.0,1024.1
2018-03-10 08:00:00,5.5,80,5.2,182.0,1024.5
2018-03-10 09:00:00,8.6,71,3.9,390.0,1024.7
2018-03-10 10:00:00,11.2,63,5.4,584.0,1024.4
2018-03-10 11:00:00,13.2,57,6.8,731.0,1024.1
2018-03-10 12:00:00,14.7,53,5.1,815.0,1023.6
2018-03-10 13:00:00,15.8,50,6.0,825.0,1022.3
2018-03-10 14:00:00,16.6,48,7.2,764.0,1021.5
2018-03-10 15:00:00,16.9,47,6.6,636.0,1021.1
2018-03-10 16:00:00,16.8,47,8.3,455.0,1021.0
2018-03-10 17:00:00,15.2,57,10.8,246.0,1021.0
2018-03-10 18:00:00,11.6,70,12.2,62.0,1021.5
2018-03-10 19:00:00,9.4,75,10.9,0.0,1021.8
2018-03-10 20:00:00,8.4,81,8.9,0.0,1021.8
2018-03-10 21:00:00,8.1,84,7.0,0.0,1022.2
2018-03-10 22:00:00,6.5,90,9.5,0.0,1022.6
2018-03-10 23:00:00,8.7,81,1.3,0.0,1022.6
2018-03-11 00:00:00,6.8,87,2.9,0.0,1022.4
2018-03-11 01:00:00,7.5,86,1.0,0.0,1022.4
2018-03-11 02:00:00,6.3,89,3.7,0.0,1022.2
2018-03-11 03:00:00,4.4,96,5.2,0.0,1021.6
2018-03-11 04:00:00,3.7,99,5.0,0.0,1021.9
2018-03-11 05:00:00,2.4,100,6.6,0.0,1022.4
2018-03-11 06:00:00,2.3,100,8.5,0.0,1022.6
2018-03-11 07:00:00,4.8,98,6.6,23.0,1022.5
2018-03-11 08:00:00,8.6,81,4.7,157.0,1022.9
2018-03-11 09:00:00,12.1,67,4.2,371.0,1023.3
2018-03-11 10:00:00,14.6,59,4.2,550.0,1023.0
2018-03-11 11:00:00,16.8,53,4.3,713.0,1022.8
2018-03-11 12:00:00,18.5,48,5.6,802.0,1022.4
2018-03-11 13:00:00,19.6,43,8.5,807.0,1021.1
2018-03-11 14:00:00,20.2,40,9.2,746.0,1020.4
2018-03-11 15:00:00,20.1,42,10.9,619.0,1020.0
2018-03-11 16:00:00,18.6,55,14.2,443.0,1019.9
2018-03-11 17:00:00,16.3,58,12.4,240.0,1019.6
2018-03-11 18:00:00,13.3,63,10.9,61.0,1019.9
2018-03-11 19:00:00,11.7,72,10.0,0.0,1020.1
2018-03-11 20:00:00,10.9,76,9.0,0.0,1019.9
2018-03-11 21:00:00,11.1,79,5.3,0.0,1019.8
2018-03-11 22:00:00,12.2,71,2.5,0.0,1020.0
2018-03-11 23:00:00,11.1,78,2.6,0.0,1020.0
2018-03-12 00:00:00,10.6,81,3.1,0.0,1019.5
2018-03-12 01:00:00,10.3,82,4.0,0.0,1019.4
2018-03-12 02:00:00,10.0,86,4.6,0.0,1018.7
2018-03-12 03:00:00,10.6,81,5.6,0.0,1018.2
2018-03-12 04:00:00,11.1,77,7.6,0.0,1018.0
2018-03-12 05:00:00,11.3,71,6.6,0.0,1017.9
2018-03-12 06:00:00,11.1,70,5.7,0.0,1018.1
2018-03-12 07:00:00,11.7,72,5.2,14.0,1018.4
2018-03-12 08:00:00,13.4,67,8.7,115.0,1018.8
2018-03-12 09:00:00,16.0,60,8.3,288.0,1019.2
2018-03-12 10:00:00,18.2,54,9.8,540.0,1019.2
2018-03-12 11:00:00,19.9,50,10.6,695.0,1018.7
2018-03-12 12:00:00,21.0,47,11.3,739.0,1018.1
2018-03-12 13:00:00,21.8,45,10.3,722.0,1017.1
2018-03-12 14:00:00,22.3,43,9.7,619.0,1016.1
2018-03-12 15:00:00,22.6,42,10.1,594.0,1015.5
2018-03-12 16:00:00,22.3,46,10.9,435.0,1015.3
2018-03-12 17:00:00,20.4,61,7.9,237.0,1015.1
2018-03-12 18:00:00,15.7,77,9.5,60.0,1015.5
2018-03-12 19:00:00,14.2,81,9.8,0.0,1015.8
2018-03-12 20:00:00,13.6,78,9.8,0.0,1015.3
2018-03-12 21:00:00,13.0,80,9.7,0.0,1015.6
2018-03-12 22:00:00,12.9,77,8.0,0.0,1015.9
2018-03-12 23:00:00,11.7,82,7.4,0.0,1016.0
2018-03-13 00:00:00,10.8,85,7.1,0.0,1016.0
2018-03-13 01:00:00,10.8,83,7.2,0.0,1015.9
2018-03-13 02:00:00,9.3,87,8.7,0.0,1015.6
2018-03-13 03:00:00,9.8,83,8.0,0.0,1015.4
2018-03-13 04:00:00,8.7,88,9.0,0.0,1015.1
2018-03-13 05:00:00,8.7,89,7.9,0.0,1015.3
2018-03-13 06:00:00,8.5,91,7.5,0.0,1015.5
2018-03-13 07:00:00,10.4,86,6.6,27.0,1016.0
2018-03-13 08:00:00,13.8,76,6.2,176.0,1016.6
2018-03-13 09:00:00,17.1,68,4.4,374.0,1017.1
2018-03-13 10:00:00,19.5,63,4.1,559.0,1016.7
2018-03-13 11:00:00,21.3,60,4.8,701.0,1016.5
2018-03-13 12:00:00,22.8,57,6.2,781.0,1015.5
2018-03-13 13:00:00,24.0,52,7.4,792.0,1014.4
2018-03-13 14:00:00,24.6,46,8.2,707.0,1013.3
2018-03-13 15:00:00,24.7,45,9.4,544.0,1012.8
2018-03-13 16:00:00,24.2,50,8.0,359.0,1012.4
2018-03-13 17:00:00,22.4,61,7.6,204.0,1012.3
2018-03-13 18:00:00,19.5,69,13.0,56.0,1012.8
2018-03-13 19:00:00,17.4,75,11.8,0.0,1013.2
2018-03-13 20:00:00,15.3,83,8.4,0.0,1013.0
2018-03-13 21:00:00,16.4,82,7.1,0.0,1013.5
2018-03-13 22:00:00,17.0,78,9.0,0.0,1013.6
2018-03-13 23:00:00,17.1,67,11.6,0.0,1013.9
2018-03-14 00:00:00,16.4,72,9.7,0.0,1013.9
2018-03-14 01:00:00,16.1,77,9.4,0.0,1013.6
2018-03-14 02:00:00,16.3,76,9.4,0.0,1013.4
2018-03-14 03:00:00,15.7,77,8.7,0.0,1013.0
2018-03-14 04:00:00,14.1,84,8.7,0.0,1012.8
2018-03-14 05:00:00,14.1,84,7.3,0.0,1013.1
2018-03-14 06:00:00,13.4,86,7.3,0.0,1013.3
2018-03-14 07:00:00,14.6,83,5.5,25.0,1013.7
2018-03-14 08:00:00,17.0,76,5.1,153.0,1014.3
2018-03-14 09:00:00,19.1,66,6.2,309.0,1014.6
2018-03-14 10:00:00,20.2,62,6.2,372.0,1014.6
2018-03-14 11:00:00,21.2,61,7.0,434.0,1014.5
2018-03-14 12:00:00,21.8,60,6.1,395.0,1013.9
2018-03-14 13:00:00,21.9,60,2.8,336.0,1013.1
2018-03-14 14:00:00,21.9,62,1.5,327.0,1012.5
2018-03-14 15:00:00,22.0,63,0.8,334.0,1011.8
2018-03-14 16:00:00,21.0,72,4.7,112.0,1011.5
2018-03-14 17:00:00,20.9,75,6.6,180.0,1011.2
2018-03-14 18:00:00,18.4,86,6.9,52.0,1011.7
2018-03-14 19:00:00,17.5,92,7.3,0.0,1012.0
2018-03-14 20:00:00,15.3,92,9.4,0.0,1012.2
2018-03-14 21:00:00,17.1,83,2.9,0.0,1012.9
2018-03-14 22:00:00,15.6,91,3.2,0.0,1012.4
2018-03-14 23:00:00,14.1,95,5.0,0.0,1012.1
2018-03-15 00:00:00,15.5,90,0.7,0.0,1012.2
2018-03-15 01:00:00,13.8,96,2.7,0.0,1011.8
2018-03-15 02:00:00,13.4,98,3.6,0.0,1011.1
2018-03-15 03:00:00,13.3,99,3.1,0.0,1010.9
2018-03-15 04:00:00,13.2,99,3.1,0.0,1010.8
2018-03-15 05:00:00,13.6,98,3.8,0.0,1011.0
2018-03-15 06:00:00,13.6,97,4.1,0.0,1011.3
2018-03-15 07:00:00,14.4,95,4.9,12.0,1011.5
2018-03-15 08:00:00,14.7,96,2.1,73.0,1012.2
2018-03-15 09:00:00,15.6,95,2.6,63.0,1012.5
2018-03-15 10:00:00,16.6,92,1.8,125.0,1012.4
2018-03-15 11:00:00,17.9,86,2.9,247.0,1012.5
2018-03-15 12:00:00,19.1,82,2.6,316.0,1012.3
2018-03-15 13:00:00,19.7,80,4.1,282.0,1011.8
2018-03-15 14:00:00,20.2,78,4.7,225.0,1011.0
2018-03-15 15:00:00,20.5,78,4.1,187.0,1010.2
2018-03-15 16:00:00,20.7,78,6.2,181.0,1009.7
2018-03-15 17:00:00,20.1,83,5.6,114.0,1010.0
2018-03-15 18:00:00,17.8,94,5.1,35.0,1010.8
2018-03-15 19:00:00,16.8,97,5.4,0.0,1011.5
2018-03-15 20:00:00,16.4,95,6.8,0.0,1012.0
2018-03-15 21:00:00,16.1,97,7.1,0.0,1012.9
2018-03-15 22:00:00,15.1,99,4.6,0.0,1013.9
2018-03-15 23:00:00,15.5,98,5.9,0.0,1014.5
2018-03-16 00:00:00,13.8,96,25.3,0.0,1015.6
2018-03-16 01:00:00,11.3,93,21.8,0.0,1016.9
2018-03-16 02:00:00,10.4,94,18.4,0.0,1017.3
2018-03-16 03:00:00,9.8,93,16.3,0.0,1017.9
2018-03-16 04:00:00,9.4,92,16.5,0.0,1018.3
2018-03-16 05:00:00,9.2,87,17.0,0.0,1019.4
2018-03-16 06:00:00,8.8,87,16.3,0.0,1020.6
2018-03-16 07:00:00,8.5,86,16.3,4.0,1021.6
2018-03-16 08:00:00,7.6,87,18.8,20.0,1022.6
2018-03-16 09:00:00,7.7,84,18.9,31.0,1023.9
2018-03-16 10:00:00,7.7,80,19.1,69.0,1024.7
2018-03-16 11:00:00,7.6,78,18.1,59.0,1024.8
2018-03-16 12:00:00,7.8,75,18.1,119.0,1024.6
2018-03-16 13:00:00,7.6,76,15.5,72.0,1024.1
2018-03-16 14:00:00,7.8,73,14.2,79.0,1023.7
2018-03-16 15:00:00,8.1,70,13.9,83.0,1023.5
2018-03-16 16:00:00,8.4,71,12.0,74.0,1023.5
2018-03-16 17:00:00,8.6,67,11.7,65.0,1023.9
2018-03-16 18:00:00,8.3,68,8.9,33.0,1024.1
2018-03-16 19:00:00,7.2,79,5.2,0.0,1024.2
2018-03-16 20:00:00,7.5,82,4.6,0.0,1025.0
2018-03-16 21:00:00,7.7,81,4.1,0.0,1025.3
2018-03-16 22:00:00,7.9,82,6.4,0.0,1025.3
2018-03-16 23:00:00,7.3,78,13.9,0.0,1025.4
2018-03-17 00:00:00,6.8,79,12.1,0.0,1025.1
2018-03-17 01:00:00,6.5,82,9.8,0.0,1024.9
2018-03-17 02:00:00,6.1,86,5.7,0.0,1024.5
2018-03-17 03:00:00,5.7,89,4.9,0.0,1024.0
2018-03-17 04:00:00,5.8,90,3.1,0.0,1023.3
2018-03-17 05:00:00,6.5,89,1.9,0.0,1023.3
2018-03-17 06:00:00,6.9,86,1.4,0.0,1023.3
2018-03-17 07:00:00,7.3,85,1.5,14.0,1023.6
2018-03-17 08:00:00,8.4,83,5.7,63.0,1024.4
2018-03-17 09:00:00,9.9,80,9.7,183.0,1024.1
2018-03-17 10:00:00,10.9,79,14.7,206.0,1023.7
2018-03-17 11:00:00,12.2,74,16.9,327.0,1023.3
2018-03-17 12:00:00,13.5,70,16.7,439.0,1022.5
2018-03-17 13:00:00,14.5,67,16.2,448.0,1021.2
2018-03-17 14:00:00,15.5,65,14.5,470.0,1019.9
2018-03-17 15:00:00,16.4,63,14.0,432.0,1019.1
2018-03-17 16:00:00,16.2,64,13.8,302.0,1018.5
2018-03-17 17:00:00,14.1,69,16.1,212.0,1018.4
2018-03-17 18:00:00,12.9,74,14.4,65.0,1018.3
2018-03-17 19:00:00,11.2,80,13.8,0.0,1018.6
2018-03-17 20:00:00,11.2,82,11.3,0.0,1017.8
2018-03-17 21:00:00,11.0,85,7.2,0.0,1018.0
2018-03-17 22:00:00,10.9,87,9.2,0.0,1017.7
2018-03-17 23:00:00,10.6,90,6.5,0.0,1017.5
2018-03-18 00:00:00,10.1,91,6.6,0.0,1017.1
2018-03-18 01:00:00,10.4,90,6.1,0.0,1016.8
2018-03-18 02:00:00,10.7,87,7.5,0.0,1016.1
2018-03-18 03:00:00,10.7,88,4.1,0.0,1015.6
2018-03-18 04:00:00,11.0,87,6.4,0.0,1014.8
2018-03-18 05:00:00,11.1,88,4.6,0.0,1014.6
2018-03-18 06:00:00,11.2,89,3.9,0.0,1014.5
2018-03-18 07:00:00,11.7,89,4.3,8.0,1014.5
2018-03-18 08:00:00,12.4,89,7.2,95.0,1013.9
2018-03-18 09:00:00,13.7,85,4.7,134.0,1014.0
2018-03-18 10:00:00,15.1,81,3.9,263.0,1013.9
2018-03-18 11:00:00,16.3,80,5.4,302.0,1013.7
2018-03-18 12:00:00,17.4,78,5.0,308.0,1013.2
2018-03-18 13:00:00,17.4,80,3.1,124.0,1012.8
2018-03-18 14:00:00,17.6,82,1.8,106.0,1012.0
2018-03-18 15:00:00,16.9,91,4.7,63.0,1011.3
2018-03-18 16:00:00,16.9,92,4.8,95.0,1011.1
2018-03-18 17:00:00,16.2,95,4.1,36.0,1011.6
2018-03-18 18:00:00,15.5,97,7.2,6.0,1012.1
2018-03-18 19:00:00,15.0,96,10.4,0.0,1012.6
2018-03-18 20:00:00,13.8,96,13.0,0.0,1013.4
2018-03-18 21:00:00,13.1,94,14.3,0.0,1014.0
2018-03-18 22:00:00,12.5,95,13.1,0.0,1014.2
2018-03-18 23:00:00,12.0,96,12.4,0.0,1014.6
2018-03-19 00:00:00,11.7,95,13.8,0.0,1014.5
2018-03-19 01:00:00,11.3,95,14.3,0.0,1014.6
2018-03-19 02:00:00,11.0,94,14.6,0.0,1014.2
2018-03-19 03:00:00,10.6,95,13.5,0.0,1013.9
2018-03-19 04:00:00,10.4,96,13.1,0.0,1013.8
2018-03-19 05:00:00,10.1,96,12.8,0.0,1014.2
2018-03-19 06:00:00,9.9,95,14.0,0.0,1014.6
2018-03-19 07:00:00,9.9,94,13.8,2.0,1015.1
2018-03-19 08:00:00,9.8,93,14.0,15.0,1015.3
2018-03-19 09:00:00,9.8,91,13.9,20.0,1016.0
2018-03-19 10:00:00,9.8,89,14.5,30.0,1016.3
2018-03-19 11:00:00,9.8,87,14.9,41.0,1016.1
2018-03-19 12:00:00,9.7,86,14.8,36.0,1015.9
2018-03-19 13:00:00,9.6,85,16.3,47.0,1015.7
2018-03-19 14:00:00,9.4,84,16.6,57.0,1015.2
2018-03-19 15:00:00,9.2,84,14.8,32.0,1014.8
2018-03-19 16:00:00,9.0,84,13.3,19.0,1015.1
2018-03-19 17:00:00,8.9,86,12.7,12.0,1015.3
2018-03-19 18:00:00,8.7,86,13.1,5.0,1016.0
2018-03-19 19:00:00,8.4,89,11.6,0.0,1016.2
2018-03-19 20:00:00,8.3,90,10.7,0.0,1016.5
2018-03-19 21:00:00,8.4,92,8.2,0.0,1017.0
2018-03-19 22:00:00,8.3,93,9.4,0.0,1016.9
2018-03-19 23:00:00,8.4,92,9.7,0.0,1017.3
2018-03-20 00:00:00,8.4,92,9.7,0.0,1017.0
2018-03-20 01:00:00,8.3,90,9.7,0.0,1016.6
2018-03-20 02:00:00,8.2,89,10.5,0.0,1016.3
2018-03-20 03:00:00,8.0,88,10.1,0.0,1015.8
2018-03-20 04:00:00,7.9,87,9.6,0.0,1015.9
2018-03-20 05:00:00,7.5,88,10.0,0.0,1015.7
2018-03-20 06:00:00,7.4,84,11.9,0.0,1015.6
2018-03-20 07:00:00,7.5,83,12.3,5.0,1016.4
2018-03-20 08:00:00,7.7,82,11.7,30.0,1017.6
2018-03-20 09:00:00,7.4,85,13.0,28.0,1017.8
2018-03-20 10:00:00,7.3,86,13.7,33.0,1018.1
2018-03-20 11:00:00,8.0,82,14.0,97.0,1017.9
2018-03-20 12:00:00,7.9,82,18.7,97.0,1017.8
2018-03-20 13:00:00,7.6,82,17.4,63.0,1017.1
2018-03-20 14:00:00,8.0,77,20.1,170.0,1016.5
2018-03-20 15:00:00,8.1,76,19.9,110.0,1016.4
2018-03-20 16:00:00,8.0,76,18.4,77.0,1016.2
2018-03-20 17:00:00,7.7,74,19.6,54.0,1016.0
2018-03-20 18:00:00,6.9,76,17.0,24.0,1016.6
2018-03-20 19:00:00,6.5,76,19.6,0.0,1017.1
2018-03-20 20:00:00,6.5,78,18.3,0.0,1018.4
2018-03-20 21:00:00,6.6,77,17.6,0.0,1019.0
2018-03-20 22:00:00,5.9,77,20.9,0.0,1019.3
2018-03-20 23:00:00,5.7,77,22.4,0.0,1019.4
2018-03-21 00:00:00,5.5,78,21.9,0.0,1018.8
2018-03-21 01:00:00,5.4,78,22.6,0.0,1018.0
2018-03-21 02:00:00,5.5,77,23.6,0.0,1018.1
2018-03-21 03:00:00,5.5,77,21.3,0.0,1018.2
2018-03-21 04:00:00,5.4,77,21.4,0.0,1018.1
2018-03-21 05:00:00,5.3,77,19.0,0.0,1018.4
2018-03-21 06:00:00,5.0,79,18.9,0.0,1018.9
2018-03-21 07:00:00,4.9,80,18.0,5.0,1019.9
2018-03-21 08:00:00,5.4,80,18.4,40.0,1020.4
2018-03-21 09:00:00,5.9,78,24.0,101.0,1020.8
2018-03-21 10:00:00,7.2,71,24.4,298.0,1021.3
2018-03-21 11:00:00,8.0,69,22.7,342.0,1021.3
2018-03-21 12:00:00,8.9,66,24.2,541.0,1021.0
2018-03-21 13:00:00,8.5,66,24.2,312.0,1020.5
2018-03-21 14:00:00,9.0,63,22.7,312.0,1019.7
2018-03-21 15:00:00,9.7,60,23.8,312.0,1019.2
2018-03-21 16:00:00,10.0,58,22.0,235.0,1019.0
2018-03-21 17:00:00,9.8,60,17.4,128.0,1019.1
2018-03-21 18:00:00,9.2,62,7.6,43.0,1019.3
2018-03-21 19:00:00,8.6,66,7.2,0.0,1019.3
2018-03-21 20:00:00,6.6,81,7.3,0.0,1019.9
2018-03-21 21:00:00,5.7,85,5.8,0.0,1019.9
2018-03-21 22:00:00,5.3,89,5.3,0.0,1020.0
2018-03-21 23:00:00,4.9,89,5.8,0.0,1020.0
2018-03-22 00:00:00,4.8,88,5.8,0.0,1019.4
2018-03-22 01:00:00,4.1,90,5.7,0.0,1018.9
2018-03-22 02:00:00,3.5,91,7.0,0.0,1018.6
2018-03-22 03:00:00,3.0,91,7.2,0.0,1018.3
2018-03-22 04:00:00,2.7,91,7.2,0.0,1018.2
2018-03-22 05:00:00,2.2,91,7.8,0.0,1018.5
2018-03-22 06:00:00,1.7,92,8.8,0.0,1018.4
2018-03-22 07:00:00,4.8,85,6.4,47.0,1018.4
2018-03-22 08:00:00,7.8,74,6.6,219.0,1018.5
2018-03-22 09:00:00,10.4,67,6.9,423.0,1018.4
2018-03-22 10:00:00,12.7,60,7.2,610.0,1018.4
2018-03-22 11:00:00,14.2,55,7.3,751.0,1017.9
2018-03-22 12:00:00,15.0,54,4.4,819.0,1016.8
2018-03-22 13:00:00,16.5,46,8.4,796.0,1015.8
2018-03-22 14:00:00,17.2,44,6.4,657.0,1014.6
2018-03-22 15:00:00,17.0,45,4.7,389.0,1014.2
2018-03-22 16:00:00,17.0,45,4.8,367.0,1014.1
2018-03-22 17:00:00,16.0,59,2.6,218.0,1014.1
2018-03-22 18:00:00,13.1,72,8.3,51.0,1014.5
2018-03-22 19:00:00,11.4,73,7.2,1.0,1015.0
2018-03-22 20:00:00,11.5,75,6.0,0.0,1015.9
2018-03-22 21:00:00,12.0,70,3.7,0.0,1016.5
2018-03-22 22:00:00,11.4,73,4.0,0.0,1016.8
2018-03-22 23:00:00,11.0,75,3.0,0.0,1016.7
2018-03-23 00:00:00,10.6,76,2.1,0.0,1016.8
2018-03-23 01:00:00,9.8,79,0.8,0.0,1016.9
2018-03-23 02:00:00,8.3,85,2.5,0.0,1016.9
2018-03-23 03:00:00,6.8,90,4.4,0.0,1016.9
2018-03-23 04:00:00,5.6,94,6.5,0.0,1017.1
2018-03-23 05:00:00,5.6,93,6.1,0.0,1017.6
2018-03-23 06:00:00,5.4,93,6.6,0.0,1017.9
2018-03-23 07:00:00,7.8,87,6.1,48.0,1018.2
2018-03-23 08:00:00,11.2,81,5.0,221.0,1018.8
2018-03-23 09:00:00,14.2,71,5.3,422.0,1019.0
2018-03-23 10:00:00,16.3,63,5.2,608.0,1019.4
2018-03-23 11:00:00,17.9,56,5.5,749.0,1019.4
2018-03-23 12:00:00,18.9,52,4.7,826.0,1018.8
2018-03-23 13:00:00,19.9,45,2.8,805.0,1018.3
2018-03-23 14:00:00,20.6,40,1.1,700.0,1017.4
2018-03-23 15:00:00,20.7,42,5.4,638.0,1017.0
2018-03-23 16:00:00,19.9,49,12.3,468.0,1016.8
2018-03-23 17:00:00,18.3,57,10.1,262.0,1016.9
2018-03-23 18:00:00,14.8,66,7.6,77.0,1016.9
2018-03-23 19:00:00,13.7,71,9.4,1.0,1017.4
2018-03-23 20:00:00,12.0,79,10.0,0.0,1017.8
2018-03-23 21:00:00,12.8,75,8.7,0.0,1018.2
2018-03-23 22:00:00,11.1,84,7.8,0.0,1018.7
2018-03-23 23:00:00,9.8,89,9.0,0.0,1019.0
2018-03-24 00:00:00,9.8,88,8.3,0.0,1019.1
2018-03-24 01:00:00,11.6,81,5.2,0.0,1019.1
2018-03-24 02:00:00,10.1,86,5.5,0.0,1018.8
2018-03-24 03:00:00,7.4,95,7.4,0.0,1018.7
2018-03-24 04:00:00,7.0,96,7.2,0.0,1018.9
2018-03-24 05:00:00,6.3,97,7.4,0.0,1019.3
2018-03-24 06:00:00,6.3,97,9.1,0.0,1019.6
2018-03-24 07:00:00,9.7,89,6.9,49.0,1019.7
2018-03-24 08:00:00,12.3,81,4.2,175.0,1020.3
2018-03-24 09:00:00,15.6,69,4.7,388.0,1020.4
2018-03-24 10:00:00,18.1,60,3.8,577.0,1020.7
2018-03-24 11:00:00,20.0,55,4.0,665.0,1020.7
2018-03-24 12:00:00,21.5,51,3.1,687.0,1019.9
2018-03-24 13:00:00,22.4,45,3.1,666.0,1018.9
2018-03-24 14:00:00,22.4,41,3.3,446.0,1018.1
2018-03-24 15:00:00,22.7,39,4.7,455.0,1017.6
2018-03-24 16:00:00,21.9,50,6.8,289.0,1017.4
2018-03-24 17:00:00,19.6,67,9.5,126.0,1017.8
2018-03-24 18:00:00,17.0,70,10.9,35.0,1018.2
2018-03-24 19:00:00,14.4,70,9.5,1.0,1019.1
2018-03-24 20:00:00,12.2,79,10.4,0.0,1019.9
2018-03-24 21:00:00,12.7,78,7.3,0.0,1020.4
2018-03-24 22:00:00,12.4,84,8.2,0.0,1020.4
2018-03-24 23:00:00,12.7,84,4.1,0.0,1020.8
2018-03-25 00:00:00,12.2,86,3.6,0.0,1021.0
2018-03-25 01:00:00,11.5,88,4.6,0.0,1020.5
2018-03-25 02:00:00,10.6,93,5.4,0.0,1020.2
2018-03-25 03:00:00,10.5,93,4.0,0.0,1019.6
2018-03-25 04:00:00,10.6,94,3.9,0.0,1019.9
2018-03-25 05:00:00,10.7,94,4.7,0.0,1020.2
2018-03-25 06:00:00,10.6,94,5.2,0.0,1020.5
2018-03-25 07:00:00,11.9,90,3.3,16.0,1021.0
2018-03-25 08:00:00,14.2,79,5.1,71.0,1022.2
2018-03-25 09:00:00,15.0,76,1.4,132.0,1022.3
2018-03-25 10:00:00,16.9,70,1.8,292.0,1022.6
2018-03-25 11:00:00,17.9,67,3.6,315.0,1022.7
2018-03-25 12:00:00,19.2,63,5.1,445.0,1022.1
2018-03-25 13:00:00,19.9,63,7.3,453.0,1021.5
2018-03-25 14:00:00,20.6,62,8.3,472.0,1020.4
2018-03-25 15:00:00,20.9,59,7.6,406.0,1019.8
2018-03-25 16:00:00,20.6,59,7.2,253.0,1019.5
2018-03-25 17:00:00,19.9,68,4.2,164.0,1019.6
2018-03-25 18:00:00,17.0,80,7.9,55.0,1019.8
2018-03-25 19:00:00,15.7,83,7.7,1.0,1020.0
2018-03-25 20:00:00,14.7,84,6.3,0.0,1020.2
2018-03-25 21:00:00,14.6,85,4.4,0.0,1020.4
2018-03-25 22:00:00,13.7,88,5.0,0.0,1020.4
2018-03-25 23:00:00,12.9,91,7.2,0.0,1020.5
2018-03-26 00:00:00,14.3,82,4.3,0.0,1020.5
2018-03-26 01:00:00,13.6,87,4.2,0.0,1020.2
2018-03-26 02:00:00,12.5,92,6.6,0.0,1019.7
2018-03-26 03:00:00,13.1,89,5.6,0.0,1019.2
2018-03-26 04:00:00,13.3,86,4.8,0.0,1019.2
2018-03-26 05:00:00,13.1,87,4.9,0.0,1019.4
2018-03-26 06:00:00,12.9,91,4.7,0.0,1019.7
2018-03-26 07:00:00,13.3,92,2.8,8.0,1019.9
2018-03-26 08:00:00,13.4,92,4.8,26.0,1020.6
2018-03-26 09:00:00,14.1,91,4.7,55.0,1020.7
2018-03-26 10:00:00,14.8,88,3.9,91.0,1021.0
2018-03-26 11:00:00,15.6,84,2.8,136.0,1021.1
2018-03-26 12:00:00,16.3,81,2.9,169.0,1020.5
2018-03-26 13:00:00,17.0,78,2.2,249.0,1019.6
2018-03-26 14:00:00,17.2,79,4.4,204.0,1018.7
2018-03-26 15:00:00,18.1,75,7.2,353.0,1017.7
2018-03-26 16:00:00,18.7,71,6.9,380.0,1017.4
2018-03-26 17:00:00,18.3,73,6.6,208.0,1017.2
2018-03-26 18:00:00,16.2,85,5.4,58.0,1017.4
2018-03-26 19:00:00,13.6,92,8.4,1.0,1017.6
2018-03-26 20:00:00,13.2,95,9.0,0.0,1018.0
2018-03-26 21:00:00,12.9,96,7.2,0.0,1018.4
2018-03-26 22:00:00,12.0,98,8.3,0.0,1018.3
2018-03-26 23:00:00,13.4,97,6.0,0.0,1018.2
2018-03-27 00:00:00,12.1,99,6.0,0.0,1018.2
2018-03-27 01:00:00,10.5,100,6.1,0.0,1017.8
2018-03-27 02:00:00,9.9,100,6.5,0.0,1017.4
2018-03-27 03:00:00,9.3,99,7.6,0.0,1016.7
2018-03-27 04:00:00,10.1,98,6.6,0.0,1016.4
2018-03-27 05:00:00,11.0,99,5.6,0.0,1016.4
2018-03-27 06:00:00,11.0,99,4.3,0.0,1017.0
2018-03-27 07:00:00,11.3,98,2.6,52.0,1017.4
2018-03-27 08:00:00,13.1,94,3.7,197.0,1018.3
2018-03-27 09:00:00,16.0,85,3.1,390.0,1018.2
2018-03-27 10:00:00,18.5,75,3.8,612.0,1018.2
2018-03-27 11:00:00,20.2,68,4.0,757.0,1018.0
2018-03-27 12:00:00,21.3,61,3.8,824.0,1017.1
2018-03-27 13:00:00,22.1,55,3.8,788.0,1016.2
2018-03-27 14:00:00,22.4,53,5.5,701.0,1015.3
2018-03-27 15:00:00,22.6,49,6.7,630.0,1014.5
2018-03-27 16:00:00,22.1,48,9.3,440.0,1014.5
2018-03-27 17:00:00,20.4,61,9.4,210.0,1014.3
2018-03-27 18:00:00,17.9,73,12.3,78.0,1014.5
2018-03-27 19:00:00,15.4,83,10.5,1.0,1014.8
2018-03-27 20:00:00,14.6,87,9.0,0.0,1014.6
2018-03-27 21:00:00,14.1,92,6.4,0.0,1015.2
2018-03-27 22:00:00,15.2,87,5.7,0.0,1015.2
2018-03-27 23:00:00,14.7,90,4.8,0.0,1015.1
2018-03-28 00:00:00,14.2,93,4.7,0.0,1014.9
2018-03-28 01:00:00,13.8,96,3.7,0.0,1014.6
2018-03-28 02:00:00,10.7,100,6.9,0.0,1014.3
2018-03-28 03:00:00,10.0,100,7.6,0.0,1013.8
2018-03-28 04:00:00,9.7,100,8.4,0.0,1013.9
2018-03-28 05:00:00,9.7,98,8.9,0.0,1014.1
2018-03-28 06:00:00,9.5,97,9.2,0.0,1014.7
2018-03-28 07:00:00,12.7,90,7.8,60.0,1015.1
2018-03-28 08:00:00,16.1,80,7.3,236.0,1015.2
2018-03-28 09:00:00,19.0,70,8.0,444.0,1015.4
2018-03-28 10:00:00,21.3,62,7.6,630.0,1015.4
2018-03-28 11:00:00,23.1,56,7.6,767.0,1015.0
2018-03-28 12:00:00,24.5,47,6.5,843.0,1014.1
2018-03-28 13:00:00,25.1,40,6.3,849.0,1013.4
2018-03-28 14:00:00,25.3,39,7.4,785.0,1012.8
2018-03-28 15:00:00,25.2,41,7.9,656.0,1012.0
2018-03-28 16:00:00,25.0,45,8.2,476.0,1011.9
2018-03-28 17:00:00,23.6,59,5.7,270.0,1011.8
2018-03-28 18:00:00,19.8,69,9.0,84.0,1012.7
2018-03-28 19:00:00,17.2,80,10.1,2.0,1013.0
2018-03-28 20:00:00,16.6,75,9.5,0.0,1012.8
2018-03-28 21:00:00,16.4,80,8.1,0.0,1013.3
2018-03-28 22:00:00,15.2,87,7.1,0.0,1013.3
2018-03-28 23:00:00,17.1,76,8.1,0.0,1013.6
2018-03-29 00:00:00,16.7,75,5.9,0.0,1013.8
2018-03-29 01:00:00,16.2,78,6.9,0.0,1013.5
2018-03-29 02:00:00,13.5,90,6.8,0.0,1013.5
2018-03-29 03:00:00,13.1,93,6.1,0.0,1013.5
2018-03-29 04:00:00,13.8,92,5.9,0.0,1013.7
2018-03-29 05:00:00,12.7,95,8.4,0.0,1013.9
2018-03-29 06:00:00,12.7,95,8.0,0.0,1014.2
2018-03-29 07:00:00,14.7,91,4.4,37.0,1015.0
2018-03-29 08:00:00,16.7,81,3.8,173.0,1015.4
2018-03-29 09:00:00,18.9,72,3.6,372.0,1016.0
2018-03-29 10:00:00,20.9,64,3.6,549.0,1016.2
2018-03-29 11:00:00,22.6,57,2.7,695.0,1016.0
2018-03-29 12:00:00,23.9,53,3.2,787.0,1015.6
2018-03-29 13:00:00,24.9,48,5.9,793.0,1014.9
2018-03-29 14:00:00,25.1,46,8.1,705.0,1014.1
2018-03-29 15:00:00,24.5,48,11.6,528.0,1013.9
2018-03-29 16:00:00,23.1,56,13.0,301.0,1014.0
2018-03-29 17:00:00,20.6,64,11.2,111.0,1014.3
2018-03-29 18:00:00,18.7,73,10.5,31.0,1014.8
2018-03-29 19:00:00,17.0,87,6.3,1.0,1015.6
2018-03-29 20:00:00,16.0,91,6.7,0.0,1015.3
2018-03-29 21:00:00,16.6,89,5.0,0.0,1015.5
2018-03-29 22:00:00,16.5,90,6.6,0.0,1016.2
2018-03-29 23:00:00,16.0,93,7.3,0.0,1016.5
2018-03-30 00:00:00,15.7,95,4.3,0.0,1016.8
2018-03-30 01:00:00,14.9,97,5.4,0.0,1016.9
2018-03-30 02:00:00,14.7,97,5.1,0.0,1016.5
2018-03-30 03:00:00,13.9,98,6.2,0.0,1016.4
2018-03-30 04:00:00,13.5,99,6.4,0.0,1016.6
2018-03-30 05:00:00,14.3,98,5.5,0.0,1016.9
2018-03-30 06:00:00,14.4,98,4.9,0.0,1017.4
2018-03-30 07:00:00,15.6,94,8.6,43.0,1018.1
2018-03-30 08:00:00,16.9,89,10.0,144.0,1019.1
2018-03-30 09:00:00,18.8,81,10.1,282.0,1019.4
2018-03-30 10:00:00,20.6,74,10.1,472.0,1019.7
2018-03-30 11:00:00,21.7,70,12.3,587.0,1019.5
2018-03-30 12:00:00,22.4,68,13.8,684.0,1019.0
2018-03-30 13:00:00,21.8,72,16.1,543.0,1018.4
2018-03-30 14:00:00,21.7,70,18.1,533.0,1017.5
2018-03-30 15:00:00,21.3,69,17.9,571.0,1016.9
2018-03-30 16:00:00,20.7,69,17.4,449.0,1016.7
2018-03-30 17:00:00,18.9,74,15.5,260.0,1016.6
2018-03-30 18:00:00,16.7,82,15.2,83.0,1016.8
2018-03-30 19:00:00,15.0,90,14.4,2.0,1017.3
2018-03-30 20:00:00,14.2,95,13.1,0.0,1017.7
2018-03-30 21:00:00,14.2,96,13.6,0.0,1017.8
2018-03-30 22:00:00,14.2,97,12.6,0.0,1018.4
2018-03-30 23:00:00,14.2,96,13.7,0.0,1018.8
2018-03-31 00:00:00,13.7,97,14.3,0.0,1018.8
2018-03-31 01:00:00,13.6,98,11.5,0.0,1018.5
2018-03-31 02:00:00,13.8,96,7.9,0.0,1018.3
2018-03-31 03:00:00,13.8,97,5.1,0.0,1018.0
2018-03-31 04:00:00,13.5,99,2.2,0.0,1017.8
2018-03-31 05:00:00,13.5,98,1.6,0.0,1017.8
2018-03-31 06:00:00,13.4,98,2.5,0.0,1018.0
2018-03-31 07:00:00,13.7,97,3.0,28.0,1018.2
2018-03-31 08:00:00,15.0,90,4.5,116.0,1018.1
2018-03-31 09:00:00,16.8,82,4.7,284.0,1017.8
2018-03-31 10:00:00,18.9,76,4.7,588.0,1017.6
2018-03-31 11:00:00,20.7,71,5.6,761.0,1017.1
2018-03-31 12:00:00,22.1,66,5.1,834.0,1016.1
2018-03-31 13:00:00,23.3,62,4.3,830.0,1015.2
2018-03-31 14:00:00,24.2,58,6.1,708.0,1014.2
2018-03-31 15:00:00,24.1,59,11.6,595.0,1013.3
2018-03-31 16:00:00,22.9,67,16.3,433.0,1013.0
2018-03-31 17:00:00,21.6,70,13.4,246.0,1012.9
2018-03-31 18:00:00,19.4,76,12.0,82.0,1013.1
2018-03-31 19:00:00,17.1,82,8.1,2.0,1013.4
2018-03-31 20:00:00,16.5,87,6.9,0.0,1013.3
2018-03-31 21:00:00,16.3,87,5.5,0.0,1013.8
2018-03-31 22:00:00,17.3,79,2.3,0.0,1014.0
2018-03-31 23:00:00,17.3,77,2.0,0.0,1014.0
2018-04-01 00:00:00,17.0,79,3.7,0.0,1013.7
2018-04-01 01:00:00,16.8,81,3.3,0.0,1013.2
2018-04-01 02:00:00,16.4,85,3.8,0.0,1012.6
2018-04-01 03:00:00,15.4,92,6.2,0.0,1012.1
2018-04-01 04:00:00,13.9,96,8.6,0.0,1012.0
2018-04-01 05:00:00,14.3,90,7.3,0.0,1012.3
2018-04-01 06:00:00,13.9,86,7.2,0.0,1012.4
2018-04-01 07:00:00,16.2,75,8.0,67.0,1012.5
2018-04-01 08:00:00,19.3,65,8.2,236.0,1013.0
2018-04-01 09:00:00,21.9,56,8.3,434.0,1013.2
2018-04-01 10:00:00,23.8,52,8.2,614.0,1013.5
2018-04-01 11:00:00,25.3,51,7.3,744.0,1013.1
2018-04-01 12:00:00,26.5,49,5.4,812.0,1012.3
2018-04-01 13:00:00,27.2,48,4.8,799.0,1011.5
2018-04-01 14:00:00,27.3,47,3.0,654.0,1010.4
2018-04-01 15:00:00,26.9,47,5.4,482.0,1010.1
2018-04-01 16:00:00,25.7,58,5.6,217.0,1010.2
2018-04-01 17:00:00,25.0,65,4.0,142.0,1010.2
2018-04-01 18:00:00,22.5,78,5.8,63.0,1010.4
2018-04-01 19:00:00,19.9,86,6.6,2.0,1010.4
2018-04-01 20:00:00,22.0,74,2.9,0.0,1010.7
2018-04-01 21:00:00,21.4,77,3.6,0.0,1011.0
2018-04-01 22:00:00,19.5,85,4.3,0.0,1011.3
2018-04-01 23:00:00,18.3,90,7.0,0.0,1011.3
2018-04-02 00:00:00,19.5,84,4.4,0.0,1011.1
2018-04-02 01:00:00,17.3,91,6.2,0.0,1010.6
2018-04-02 02:00:00,16.4,94,7.4,0.0,1009.9
2018-04-02 03:00:00,17.0,94,6.6,0.0,1009.6
2018-04-02 04:00:00,16.1,96,7.0,0.0,1009.3
2018-04-02 05:00:00,15.8,96,6.6,0.0,1009.6
2018-04-02 06:00:00,16.1,94,5.9,1.0,1010.0
2018-04-02 07:00:00,18.0,88,5.9,52.0,1010.6
2018-04-02 08:00:00,20.5,80,3.2,184.0,1010.8
2018-04-02 09:00:00,22.8,73,5.8,349.0,1010.9
2018-04-02 10:00:00,24.5,65,5.8,483.0,1011.3
2018-04-02 11:00:00,25.8,59,3.2,602.0,1011.1
2018-04-02 12:00:00,25.9,60,5.8,496.0,1010.8
2018-04-02 13:00:00,26.4,59,7.3,408.0,1010.0
2018-04-02 14:00:00,26.7,59,7.3,470.0,1008.8
2018-04-02 15:00:00,27.0,57,7.8,480.0,1008.1
2018-04-02 16:00:00,26.3,62,9.0,405.0,1008.2
2018-04-02 17:00:00,25.6,70,7.4,209.0,1008.4
2018-04-02 18:00:00,23.2,80,6.3,68.0,1008.6
2018-04-02 19:00:00,21.3,89,6.3,2.0,1009.0
2018-04-02 20:00:00,20.9,90,7.4,0.0,1010.2
2018-04-02 21:00:00,20.9,83,6.5,0.0,1010.3
2018-04-02 22:00:00,19.8,88,6.0,0.0,1010.4
2018-04-02 23:00:00,19.1,91,6.5,0.0,1010.8
2018-04-03 00:00:00,18.4,94,6.3,0.0,1010.9
2018-04-03 01:00:00,17.8,96,6.9,0.0,1010.6
2018-04-03 02:00:00,17.6,97,6.7,0.0,1010.1
2018-04-03 03:00:00,17.7,97,6.0,0.0,1009.5
2018-04-03 04:00:00,18.1,96,6.2,0.0,1009.6
2018-04-03 05:00:00,18.5,94,9.4,0.0,1009.8
2018-04-03 06:00:00,18.4,92,9.4,1.0,1010.3
2018-04-03 07:00:00,19.3,88,11.6,52.0,1011.1
2018-04-03 08:00:00,21.2,83,7.6,147.0,1011.0
2018-04-03 09:00:00,22.8,77,7.2,365.0,1011.2
2018-04-03 10:00:00,24.4,72,8.6,565.0,1011.1
2018-04-03 11:00:00,25.6,68,9.7,654.0,1011.0
2018-04-03 12:00:00,26.3,67,10.0,681.0,1010.5
2018-04-03 13:00:00,26.9,65,9.8,670.0,1009.7
2018-04-03 14:00:00,23.9,76,13.4,580.0,1009.6
2018-04-03 15:00:00,23.9,78,7.6,321.0,1008.7
2018-04-03 16:00:00,24.9,75,4.0,278.0,1008.4
2018-04-03 17:00:00,24.9,77,5.2,158.0,1008.6
2018-04-03 18:00:00,22.9,84,7.1,49.0,1009.4
2018-04-03 19:00:00,21.9,88,5.8,1.0,1009.6
2018-04-03 20:00:00,21.6,84,7.8,0.0,1009.6
2018-04-03 21:00:00,20.9,90,6.8,0.0,1010.1
2018-04-03 22:00:00,20.3,92,6.6,0.0,1010.4
2018-04-03 23:00:00,19.9,94,6.2,0.0,1010.5
2018-04-04 00:00:00,19.2,96,6.7,0.0,1010.7
2018-04-04 01:00:00,19.1,97,5.8,0.0,1010.5
2018-04-04 02:00:00,18.2,98,7.1,0.0,1009.9
2018-04-04 03:00:00,18.1,98,5.8,0.0,1010.0
2018-04-04 04:00:00,18.5,96,5.6,0.0,1010.1
2018-04-04 05:00:00,17.8,98,4.9,0.0,1011.1
2018-04-04 06:00:00,17.8,98,4.1,1.0,1011.6
2018-04-04 07:00:00,19.1,94,12.6,39.0,1011.9
2018-04-04 08:00:00,18.3,95,18.5,163.0,1014.0
2018-04-04 09:00:00,16.6,92,19.5,66.0,1015.0
2018-04-04 10:00:00,16.8,88,19.1,120.0,1015.5
2018-04-04 11:00:00,16.7,84,19.8,168.0,1015.8
2018-04-04 12:00:00,16.3,81,20.2,191.0,1015.5
2018-04-04 13:00:00,16.4,78,18.1,209.0,1015.0
2018-04-04 14:00:00,16.8,76,18.9,217.0,1014.3
2018-04-04 15:00:00,16.4,76,18.2,142.0,1014.2
2018-04-04 16:00:00,16.4,75,15.5,119.0,1014.3
2018-04-04 17:00:00,16.2,76,12.9,54.0,1014.1
2018-04-04 18:00:00,16.0,76,11.6,27.0,1014.2
2018-04-04 19:00:00,15.6,76,11.3,1.0,1014.5
2018-04-04 20:00:00,14.3,78,10.7,0.0,1015.5
2018-04-04 21:00:00,13.9,78,10.9,0.0,1015.6
2018-04-04 22:00:00,13.5,79,10.5,0.0,1015.6
2018-04-04 23:00:00,13.3,80,9.7,0.0,1015.5
2018-04-05 00:00:00,13.3,80,9.2,0.0,1015.3
2018-04-05 01:00:00,13.2,81,8.7,0.0,1015.5
2018-04-05 02:00:00,13.1,81,8.9,0.0,1015.1
2018-04-05 03:00:00,13.1,81,8.9,0.0,1014.7
2018-04-05 04:00:00,13.0,81,8.9,0.0,1014.2
2018-04-05 05:00:00,12.9,82,8.5,0.0,1014.1
2018-04-05 06:00:00,13.0,82,8.6,0.0,1014.2
2018-04-05 07:00:00,13.3,83,8.0,22.0,1014.3
2018-04-05 08:00:00,13.5,84,7.6,67.0,1013.4
2018-04-05 09:00:00,13.9,84,7.3,101.0,1013.2
2018-04-05 10:00:00,14.4,84,6.7,141.0,1013.3
2018-04-05 11:00:00,14.7,84,7.1,138.0,1013.1
2018-04-05 12:00:00,15.0,87,8.1,145.0,1012.5
2018-04-05 13:00:00,15.1,88,10.4,112.0,1011.4
2018-04-05 14:00:00,14.7,89,11.5,119.0,1010.3
2018-04-05 15:00:00,14.3,92,10.9,75.0,1009.6
2018-04-05 16:00:00,14.0,93,14.5,33.0,1009.8
2018-04-05 17:00:00,13.6,94,17.6,25.0,1010.0
2018-04-05 18:00:00,12.4,94,24.7,8.0,1011.0
2018-04-05 19:00:00,11.3,93,23.0,0.0,1012.0
2018-04-05 20:00:00,9.6,90,23.1,0.0,1014.0
2018-04-05 21:00:00,8.9,91,24.7,0.0,1015.6
2018-04-05 22:00:00,8.3,90,21.8,0.0,1016.5
2018-04-05 23:00:00,7.9,89,21.6,0.0,1017.2
2018-04-06 00:00:00,7.7,87,19.0,0.0,1017.5
2018-04-06 01:00:00,7.6,87,13.8,0.0,1017.2
2018-04-06 02:00:00,7.6,86,11.5,0.0,1017.2
2018-04-06 03:00:00,8.0,85,11.5,0.0,1017.5
2018-04-06 04:00:00,8.1,85,16.9,0.0,1018.5
2018-04-06 05:00:00,7.8,91,17.1,0.0,1019.1
2018-04-06 06:00:00,7.9,89,17.3,1.0,1019.8
2018-04-06 07:00:00,8.2,87,17.0,30.0,1020.8
2018-04-06 08:00:00,8.9,83,20.4,169.0,1022.0
2018-04-06 09:00:00,10.1,77,19.6,214.0,1022.7
2018-04-06 10:00:00,12.2,66,17.4,474.0,1022.9
2018-04-06 11:00:00,14.3,55,16.0,758.0,1022.7
2018-04-06 12:00:00,15.6,48,17.4,847.0,1022.0
2018-04-06 13:00:00,16.3,43,17.9,806.0,1021.4
2018-04-06 14:00:00,16.7,39,18.2,762.0,1020.9
2018-04-06 15:00:00,16.7,40,18.0,666.0,1020.4
2018-04-06 16:00:00,16.2,42,19.2,488.0,1020.4
2018-04-06 17:00:00,15.5,47,16.6,268.0,1020.7
2018-04-06 18:00:00,14.3,52,15.8,80.0,1021.5
2018-04-06 19:00:00,13.2,54,11.3,3.0,1022.6
2018-04-06 20:00:00,12.6,53,11.5,0.0,1024.2
2018-04-06 21:00:00,12.6,51,14.3,0.0,1025.3
2018-04-06 22:00:00,12.1,50,14.8,0.0,1026.1
2018-04-06 23:00:00,11.4,49,12.5,0.0,1026.4
2018-04-07 00:00:00,10.7,51,10.1,0.0,1026.0
2018-04-07 01:00:00,9.3,59,7.9,0.0,1026.0
2018-04-07 02:00:00,8.0,65,8.1,0.0,1025.4
2018-04-07 03:00:00,7.6,64,10.5,0.0,1025.4
2018-04-07 04:00:00,7.2,65,12.2,0.0,1025.5
2018-04-07 05:00:00,6.7,64,13.0,0.0,1026.1
2018-04-07 06:00:00,5.9,64,11.8,2.0,1026.7
2018-04-07 07:00:00,7.4,58,13.4,93.0,1027.0
2018-04-07 08:00:00,9.6,41,16.4,292.0,1027.3
2018-04-07 09:00:00,10.6,36,17.6,505.0,1027.5
2018-04-07 10:00:00,11.6,32,19.6,694.0,1027.3
2018-04-07 11:00:00,12.4,29,20.6,834.0,1026.8
2018-04-07 12:00:00,13.2,28,19.9,904.0,1026.1
2018-04-07 13:00:00,13.8,29,19.6,906.0,1025.2
2018-04-07 14:00:00,14.2,29,18.8,837.0,1024.2
2018-04-07 15:00:00,14.2,30,17.8,700.0,1023.5
2018-04-07 16:00:00,14.0,32,15.8,512.0,1023.1
2018-04-07 17:00:00,13.3,39,11.1,298.0,1022.8
2018-04-07 18:00:00,10.7,55,6.4,102.0,1022.7
2018-04-07 19:00:00,8.4,63,8.2,4.0,1022.9
2018-04-07 20:00:00,7.8,67,10.9,0.0,1022.6
2018-04-07 21:00:00,9.4,56,3.5,0.0,1023.2
2018-04-07 22:00:00,7.9,77,8.0,0.0,1023.3
2018-04-07 23:00:00,7.1,85,8.9,0.0,1023.0
2018-04-08 00:00:00,6.8,81,9.5,0.0,1022.6
2018-04-08 01:00:00,6.4,79,9.7,0.0,1022.1
2018-04-08 02:00:00,5.9,80,9.8,0.0,1021.3
2018-04-08 03:00:00,5.8,78,9.7,0.0,1020.6
2018-04-08 04:00:00,6.2,78,7.5,0.0,1020.0
2018-04-08 05:00:00,4.3,91,9.0,0.0,1019.6
2018-04-08 06:00:00,4.6,90,7.8,3.0,1019.7
2018-04-08 07:00:00,7.9,73,8.5,96.0,1020.1
2018-04-08 08:00:00,11.2,58,10.5,293.0,1019.5
2018-04-08 09:00:00,13.8,48,14.0,507.0,1019.2
2018-04-08 10:00:00,15.9,41,18.1,694.0,1018.8
2018-04-08 11:00:00,17.5,37,20.8,831.0,1018.4
2018-04-08 12:00:00,18.7,36,21.4,900.0,1018.0
2018-04-08 13:00:00,19.6,36,21.2,901.0,1017.0
2018-04-08 14:00:00,20.3,37,19.6,831.0,1015.5
2018-04-08 15:00:00,20.8,38,19.2,696.0,1014.6
2018-04-08 16:00:00,20.6,42,16.8,509.0,1014.2
2018-04-08 17:00:00,19.3,48,14.7,297.0,1014.0
2018-04-08 18:00:00,17.0,51,12.5,102.0,1014.3
2018-04-08 19:00:00,15.2,56,11.8,4.0,1015.0
2018-04-08 20:00:00,15.0,55,11.8,0.0,1014.7
2018-04-08 21:00:00,15.2,54,12.0,0.0,1015.3
2018-04-08 22:00:00,14.2,58,11.2,0.0,1015.7
2018-04-08 23:00:00,13.3,61,10.0,0.0,1016.2
2018-04-09 00:00:00,12.1,65,8.4,0.0,1016.7
2018-04-09 01:00:00,10.7,72,8.7,0.0,1016.9
2018-04-09 02:00:00,9.6,79,9.4,0.0,1016.6
2018-04-09 03:00:00,9.2,79,9.2,0.0,1016.1
2018-04-09 04:00:00,9.0,78,8.9,0.0,1016.1
2018-04-09 05:00:00,8.3,80,9.8,0.0,1016.4
2018-04-09 06:00:00,8.3,81,8.4,3.0,1016.7
2018-04-09 07:00:00,11.5,73,8.4,98.0,1017.1
2018-04-09 08:00:00,14.4,65,6.5,293.0,1016.9
2018-04-09 09:00:00,17.1,60,6.7,507.0,1017.0
2018-04-09 10:00:00,19.7,52,7.9,691.0,1016.9
2018-04-09 11:00:00,21.9,46,9.4,824.0,1016.2
2018-04-09 12:00:00,23.6,41,10.3,894.0,1015.5
2018-04-09 13:00:00,24.8,36,13.4,893.0,1014.6
2018-04-09 14:00:00,25.1,33,15.5,816.0,1013.4
2018-04-09 15:00:00,25.1,34,15.0,679.0,1012.6
2018-04-09 16:00:00,24.4,44,12.3,498.0,1012.4
2018-04-09 17:00:00,22.6,52,10.5,292.0,1012.1
2018-04-09 18:00:00,19.6,56,9.3,101.0,1012.0
2018-04-09 19:00:00,16.8,61,10.2,4.0,1012.3
2018-04-09 20:00:00,15.4,68,12.0,0.0,1011.3
2018-04-09 21:00:00,17.2,59,11.0,0.0,1011.8
2018-04-09 22:00:00,17.5,55,12.0,0.0,1012.0
2018-04-09 23:00:00,16.9,56,10.1,0.0,1011.6
2018-04-10 00:00:00,15.9,57,9.4,0.0,1011.6
2018-04-10 01:00:00,15.2,59,9.0,0.0,1011.3
2018-04-10 02:00:00,14.1,64,9.7,0.0,1010.8
2018-04-10 03:00:00,12.8,70,10.3,0.0,1010.2
2018-04-10 04:00:00,11.9,75,10.5,0.0,1010.0
2018-04-10 05:00:00,11.3,78,9.9,0.0,1010.0
2018-04-10 06:00:00,11.7,79,8.7,3.0,1010.3
2018-04-10 07:00:00,15.0,69,6.1,95.0,1010.8
2018-04-10 08:00:00,17.9,61,5.2,281.0,1011.0
2018-04-10 09:00:00,21.1,55,6.1,486.0,1010.6
2018-04-10 10:00:00,24.0,50,10.1,667.0,1010.3
2018-04-10 11:00:00,26.2,46,14.6,799.0,1009.6
2018-04-10 12:00:00,27.5,39,17.2,868.0,1008.6
2018-04-10 13:00:00,28.2,35,19.9,868.0,1007.8
2018-04-10 14:00:00,28.1,39,19.6,798.0,1007.1
2018-04-10 15:00:00,27.8,42,17.7,667.0,1006.5
2018-04-10 16:00:00,27.2,48,14.8,489.0,1006.3
2018-04-10 17:00:00,25.7,54,12.3,284.0,1006.1
2018-04-10 18:00:00,23.2,60,10.0,98.0,1006.6
2018-04-10 19:00:00,21.5,64,10.4,4.0,1007.0
2018-04-10 20:00:00,20.5,64,9.4,0.0,1006.8
2018-04-10 21:00:00,20.9,63,9.6,0.0,1007.5
2018-04-10 22:00:00,20.4,65,10.5,0.0,1008.2
2018-04-10 23:00:00,19.7,67,10.4,0.0,1008.7
2018-04-11 00:00:00,19.4,68,10.8,0.0,1008.9
2018-04-11 01:00:00,19.2,69,11.0,0.0,1008.6
2018-04-11 02:00:00,18.1,74,8.5,0.0,1008.3
2018-04-11 03:00:00,17.1,80,7.6,0.0,1008.5
2018-04-11 04:00:00,16.4,84,8.3,0.0,1008.7
2018-04-11 05:00:00,17.9,76,7.1,0.0,1009.3
2018-04-11 06:00:00,16.6,83,5.4,4.0,1010.1
2018-04-11 07:00:00,18.1,83,6.2,92.0,1010.7
2018-04-11 08:00:00,20.8,75,2.8,259.0,1011.0
2018-04-11 09:00:00,23.3,68,1.1,431.0,1011.1
2018-04-11 10:00:00,25.3,61,1.5,642.0,1010.8
2018-04-11 11:00:00,26.7,59,0.5,773.0,1010.2
2018-04-11 12:00:00,27.5,57,2.2,824.0,1009.9
2018-04-11 13:00:00,27.8,57,3.3,734.0,1009.3
2018-04-11 14:00:00,26.1,66,5.1,478.0,1009.0
2018-04-11 15:00:00,24.4,72,5.5,269.0,1008.7
2018-04-11 16:00:00,22.7,83,3.4,95.0,1008.7
2018-04-11 17:00:00,21.6,91,9.5,28.0,1008.8
2018-04-11 18:00:00,19.3,89,12.6,10.0,1009.2
2018-04-11 19:00:00,17.9,88,13.0,1.0,1010.2
2018-04-11 20:00:00,17.6,87,10.2,0.0,1010.3
2018-04-11 21:00:00,17.6,85,11.5,0.0,1011.2
2018-04-11 22:00:00,16.9,86,9.1,0.0,1011.3
2018-04-11 23:00:00,16.5,87,6.1,0.0,1011.5
2018-04-12 00:00:00,15.9,90,3.9,0.0,1011.3
2018-04-12 01:00:00,15.8,90,3.6,0.0,1010.9
2018-04-12 02:00:00,15.6,92,3.8,0.0,1010.4
2018-04-12 03:00:00,15.4,93,4.7,0.0,1010.3
2018-04-12 04:00:00,15.1,95,7.4,0.0,1010.4
2018-04-12 05:00:00,14.8,95,7.1,0.0,1010.7
2018-04-12 06:00:00,14.9,95,6.4,4.0,1011.3
2018-04-12 07:00:00,16.1,89,12.9,75.0,1012.1
2018-04-12 08:00:00,17.4,85,14.2,204.0,1011.7
2018-04-12 09:00:00,18.9,81,14.1,305.0,1012.1
2018-04-12 10:00:00,19.6,80,14.5,430.0,1012.3
2018-04-12 11:00:00,19.8,81,12.5,450.0,1012.4
2018-04-12 12:00:00,20.0,80,10.9,368.0,1012.5
2018-04-12 13:00:00,18.7,87,14.0,171.0,1011.8
2018-04-12 14:00:00,18.4,91,10.7,93.0,1011.0
2018-04-12 15:00:00,18.6,90,11.1,117.0,1010.5
2018-04-12 16:00:00,18.2,90,13.7,153.0,1010.5
2018-04-12 17:00:00,17.6,91,12.7,104.0,1010.8
2018-04-12 18:00:00,16.9,95,16.4,37.0,1011.4
2018-04-12 19:00:00,16.6,97,19.0,2.0,1012.4
2018-04-12 20:00:00,16.4,94,13.1,0.0,1013.7
2018-04-12 21:00:00,16.6,94,18.0,0.0,1013.9
2018-04-12 22:00:00,16.6,95,16.2,0.0,1014.3
2018-04-12 23:00:00,16.6,95,14.7,0.0,1014.6
2018-04-13 00:00:00,16.3,97,14.7,0.0,1014.5
2018-04-13 01:00:00,16.2,96,15.3,0.0,1014.3
2018-04-13 02:00:00,16.0,96,13.9,0.0,1014.0
2018-04-13 03:00:00,16.0,95,14.7,0.0,1013.6
2018-04-13 04:00:00,15.9,95,16.3,0.0,1013.3
2018-04-13 05:00:00,15.7,93,19.4,0.0,1013.2
2018-04-13 06:00:00,15.2,91,20.6,1.0,1013.5
2018-04-13 07:00:00,14.9,89,21.0,19.0,1013.9
2018-04-13 08:00:00,15.4,94,19.0,49.0,1013.2
2018-04-13 09:00:00,15.7,91,17.4,62.0,1013.6
2018-04-13 10:00:00,16.6,87,18.4,150.0,1013.1
2018-04-13 11:00:00,17.1,87,16.2,124.0,1012.4
2018-04-13 12:00:00,19.4,83,14.6,262.0,1011.5
2018-04-13 13:00:00,20.9,81,12.2,314.0,1010.4
2018-04-13 14:00:00,20.4,81,12.0,255.0,1009.4
2018-04-13 15:00:00,20.0,84,9.4,174.0,1008.3
2018-04-13 16:00:00,20.6,85,10.0,160.0,1007.8
2018-04-13 17:00:00,20.5,87,7.4,139.0,1007.7
2018-04-13 18:00:00,19.8,91,3.6,54.0,1008.0
2018-04-13 19:00:00,18.6,95,4.3,2.0,1008.1
2018-04-13 20:00:00,18.5,95,4.1,0.0,1007.8
2018-04-13 21:00:00,17.9,97,5.1,0.0,1007.6
2018-04-13 22:00:00,17.6,97,3.2,0.0,1007.4
2018-04-13 23:00:00,17.7,97,6.1,0.0,1007.3
2018-04-14 00:00:00,17.5,97,10.0,0.0,1007.0
2018-04-14 01:00:00,17.7,97,8.9,0.0,1007.5
2018-04-14 02:00:00,18.2,93,15.6,0.0,1007.9
2018-04-14 03:00:00,16.3,91,20.9,0.0,1008.1
2018-04-14 04:00:00,15.3,91,22.0,0.0,1008.2
2018-04-14 05:00:00,14.7,91,22.8,0.0,1008.8
2018-04-14 06:00:00,14.2,89,24.5,1.0,1009.4
2018-04-14 07:00:00,14.0,86,24.5,16.0,1010.2
2018-04-14 08:00:00,13.0,86,21.5,42.0,1011.2
2018-04-14 09:00:00,12.9,80,21.7,90.0,1012.1
2018-04-14 10:00:00,12.6,79,22.1,71.0,1012.9
2018-04-14 11:00:00,12.7,75,24.8,77.0,1013.0
2018-04-14 12:00:00,13.3,71,27.2,165.0,1014.0
2018-04-14 13:00:00,12.9,72,22.7,108.0,1014.0
2018-04-14 14:00:00,12.7,74,20.3,109.0,1014.0
2018-04-14 15:00:00,12.6,74,20.1,102.0,1014.5
2018-04-14 16:00:00,12.5,75,18.8,58.0,1014.5
2018-04-14 17:00:00,12.5,74,15.4,48.0,1014.9
2018-04-14 18:00:00,12.3,75,11.8,15.0,1015.2
2018-04-14 19:00:00,12.3,76,12.2,2.0,1015.6
2018-04-14 20:00:00,11.5,81,13.5,0.0,1017.2
2018-04-14 21:00:00,11.5,82,13.3,0.0,1017.5
2018-04-14 22:00:00,11.5,82,13.0,0.0,1017.9
2018-04-14 23:00:00,11.5,82,11.2,0.0,1018.0
2018-04-15 00:00:00,11.5,81,10.4,0.0,1017.9
2018-04-15 01:00:00,11.1,82,10.5,0.0,1017.7
2018-04-15 02:00:00,10.7,83,11.2,0.0,1017.4
2018-04-15 03:00:00,10.4,83,11.6,0.0,1017.4
2018-04-15 04:00:00,10.0,85,10.0,0.0,1017.4
2018-04-15 05:00:00,9.6,88,8.2,0.0,1017.7
2018-04-15 06:00:00,9.6,88,8.7,6.0,1018.0
2018-04-15 07:00:00,11.2,82,10.5,100.0,1018.7
2018-04-15 08:00:00,12.8,77,12.0,286.0,1019.2
2018-04-15 09:00:00,14.5,66,12.4,480.0,1019.5
2018-04-15 10:00:00,15.9,56,11.3,638.0,1019.7
2018-04-15 11:00:00,16.8,48,12.0,718.0,1019.3
2018-04-15 12:00:00,17.7,44,12.6,840.0,1018.9
2018-04-15 13:00:00,18.1,41,13.7,786.0,1018.3
2018-04-15 14:00:00,18.2,42,13.4,744.0,1017.5
2018-04-15 15:00:00,17.9,41,13.4,568.0,1017.3
2018-04-15 16:00:00,17.5,38,13.8,410.0,1017.0
2018-04-15 17:00:00,16.6,43,10.3,250.0,1017.2
2018-04-15 18:00:00,14.4,63,6.6,98.0,1017.7
2018-04-15 19:00:00,12.6,65,8.5,6.0,1018.2
2018-04-15 20:00:00,12.2,72,8.7,0.0,1018.6
2018-04-15 21:00:00,14.7,57,5.2,0.0,1018.7
2018-04-15 22:00:00,11.8,70,3.2,0.0,1018.9
2018-04-15 23:00:00,10.0,79,6.8,0.0,1019.2
2018-04-16 00:00:00,9.9,77,5.9,0.0,1018.8
2018-04-16 01:00:00,10.0,77,5.1,0.0,1018.4
2018-04-16 02:00:00,9.5,84,6.0,0.0,1018.4
2018-04-16 03:00:00,8.5,88,6.3,0.0,1018.4
2018-04-16 04:00:00,8.1,90,6.6,0.0,1018.4
2018-04-16 05:00:00,10.9,80,7.6,0.0,1018.7
2018-04-16 06:00:00,9.3,91,8.3,6.0,1019.0
2018-04-16 07:00:00,12.0,79,4.0,104.0,1019.7
2018-04-16 08:00:00,12.7,72,3.1,241.0,1019.9
2018-04-16 09:00:00,13.1,70,4.4,96.0,1020.1
2018-04-16 10:00:00,14.0,66,5.2,184.0,1020.4
2018-04-16 11:00:00,15.1,60,6.0,350.0,1020.2
2018-04-16 12:00:00,16.0,53,8.7,416.0,1019.5
2018-04-16 13:00:00,15.8,51,9.2,287.0,1019.1
2018-04-16 14:00:00,15.6,51,9.3,247.0,1018.6
2018-04-16 15:00:00,14.9,55,9.0,133.0,1018.3
2018-04-16 16:00:00,14.5,61,8.7,90.0,1017.8
2018-04-16 17:00:00,14.2,65,8.5,75.0,1017.8
2018-04-16 18:00:00,13.4,71,6.8,53.0,1018.2
2018-04-16 19:00:00,11.6,80,6.2,5.0,1019.0
2018-04-16 20:00:00,10.9,87,8.2,0.0,1019.8
2018-04-16 21:00:00,10.9,87,6.5,0.0,1020.0
2018-04-16 22:00:00,10.0,88,7.0,0.0,1020.4
2018-04-16 23:00:00,9.1,88,7.7,0.0,1020.0
2018-04-17 00:00:00,8.1,88,8.2,0.0,1019.6
2018-04-17 01:00:00,7.7,87,8.4,0.0,1019.0
2018-04-17 02:00:00,9.9,79,5.3,0.0,1018.6
2018-04-17 03:00:00,9.4,83,0.8,0.0,1018.5
2018-04-17 04:00:00,9.1,86,1.5,0.0,1018.7
2018-04-17 05:00:00,8.8,88,0.8,0.0,1018.8
2018-04-17 06:00:00,6.6,96,4.3,8.0,1019.2
2018-04-17 07:00:00,9.0,86,4.5,118.0,1019.7
2018-04-17 08:00:00,11.5,76,3.7,315.0,1020.3
2018-04-17 09:00:00,14.2,68,3.3,518.0,1020.4
2018-04-17 10:00:00,16.2,57,3.4,699.0,1020.2
2018-04-17 11:00:00,17.8,49,3.6,830.0,1020.3
2018-04-17 12:00:00,18.9,47,3.1,897.0,1019.6
2018-04-17 13:00:00,19.6,47,3.1,894.0,1018.6
2018-04-17 14:00:00,20.1,47,4.9,821.0,1017.9
2018-04-17 15:00:00,20.2,48,8.0,687.0,1017.0
2018-04-17 16:00:00,19.6,49,10.7,504.0,1016.6
2018-04-17 17:00:00,18.7,54,9.4,299.0,1016.3
2018-04-17 18:00:00,16.3,59,11.5,110.0,1016.3
2018-04-17 19:00:00,14.2,60,9.9,7.0,1016.6
2018-04-17 20:00:00,13.7,62,10.8,0.0,1016.6
2018-04-17 21:00:00,13.2,65,8.4,0.0,1017.1
2018-04-17 22:00:00,11.8,73,6.8,0.0,1017.3
2018-04-17 23:00:00,11.0,78,7.4,0.0,1017.5
2018-04-18 00:00:00,10.1,82,7.8,0.0,1017.2
2018-04-18 01:00:00,11.8,73,5.0,0.0,1016.8
2018-04-18 02:00:00,11.7,76,0.7,0.0,1016.2
2018-04-18 03:00:00,11.3,79,0.7,0.0,1016.0
2018-04-18 04:00:00,10.7,84,3.4,0.0,1015.7
2018-04-18 05:00:00,9.5,90,4.6,0.0,1016.2
2018-04-18 06:00:00,8.8,94,5.2,8.0,1016.6
2018-04-18 07:00:00,11.9,83,2.2,118.0,1017.1
2018-04-18 08:00:00,14.6,74,2.1,311.0,1017.1
2018-04-18 09:00:00,17.4,66,3.6,517.0,1017.1
2018-04-18 10:00:00,19.6,61,4.0,696.0,1017.2
2018-04-18 11:00:00,21.4,57,4.7,825.0,1016.8
2018-04-18 12:00:00,22.7,52,5.8,892.0,1015.9
2018-04-18 13:00:00,23.6,48,6.0,889.0,1015.0
2018-04-18 14:00:00,24.1,47,5.5,818.0,1013.9
2018-04-18 15:00:00,24.4,46,5.6,686.0,1013.3
2018-04-18 16:00:00,24.2,48,6.0,506.0,1013.0
2018-04-18 17:00:00,23.2,60,7.2,301.0,1012.6
2018-04-18 18:00:00,19.9,68,12.6,110.0,1012.9
2018-04-18 19:00:00,17.2,75,10.7,7.0,1013.1
2018-04-18 20:00:00,15.9,76,8.9,0.0,1013.2
2018-04-18 21:00:00,15.8,78,7.6,0.0,1013.3
2018-04-18 22:00:00,14.4,87,8.3,0.0,1013.4
2018-04-18 23:00:00,16.2,78,2.5,0.0,1013.8
2018-04-19 00:00:00,13.4,88,3.4,0.0,1013.7
2018-04-19 01:00:00,14.7,83,2.3,0.0,1013.4
2018-04-19 02:00:00,11.8,93,5.9,0.0,1012.9
2018-04-19 03:00:00,10.9,95,6.6,0.0,1013.1
2018-04-19 04:00:00,10.9,95,6.4,0.0,1013.2
2018-04-19 05:00:00,10.3,97,7.7,0.0,1013.4
2018-04-19 06:00:00,11.3,96,6.3,9.0,1013.7
2018-04-19 07:00:00,14.6,86,5.4,120.0,1014.5
2018-04-19 08:00:00,17.9,74,5.2,313.0,1014.8
2018-04-19 09:00:00,20.6,64,5.6,518.0,1014.9
2018-04-19 10:00:00,22.6,56,4.8,696.0,1015.0
2018-04-19 11:00:00,24.2,52,4.8,826.0,1015.0
2018-04-19 12:00:00,25.5,49,6.2,892.0,1014.5
2018-04-19 13:00:00,26.5,45,7.3,889.0,1014.0
2018-04-19 14:00:00,27.1,42,8.0,818.0,1013.2
2018-04-19 15:00:00,27.2,41,9.0,685.0,1012.6
2018-04-19 16:00:00,26.1,50,12.3,505.0,1012.2
2018-04-19 17:00:00,23.6,63,13.4,302.0,1012.2
2018-04-19 18:00:00,20.9,68,10.8,113.0,1012.2
2018-04-19 19:00:00,18.4,75,8.7,7.0,1012.5
2018-04-19 20:00:00,17.2,78,8.0,0.0,1012.5
2018-04-19 21:00:00,17.0,84,6.7,0.0,1012.7
2018-04-19 22:00:00,16.3,86,8.9,0.0,1012.8
2018-04-19 23:00:00,18.4,75,6.3,0.0,1013.2
2018-04-20 00:00:00,18.0,76,3.6,0.0,1013.4
2018-04-20 01:00:00,16.3,82,5.8,0.0,1013.4
2018-04-20 02:00:00,14.4,89,7.9,0.0,1013.1
2018-04-20 03:00:00,13.2,93,9.7,0.0,1013.2
2018-04-20 04:00:00,12.8,93,9.2,0.0,1013.2
2018-04-20 05:00:00,12.6,92,8.5,0.0,1013.3
2018-04-20 06:00:00,13.3,91,6.6,10.0,1013.7
2018-04-20 07:00:00,16.4,79,8.5,124.0,1014.1
2018-04-20 08:00:00,19.0,68,8.4,320.0,1014.8
2018-04-20 09:00:00,21.4,62,10.6,518.0,1014.7
2018-04-20 10:00:00,23.1,60,11.5,682.0,1014.7
2018-04-20 11:00:00,24.5,57,13.0,801.0,1014.6
2018-04-20 12:00:00,25.8,51,15.1,884.0,1013.9
2018-04-20 13:00:00,26.8,46,14.8,896.0,1013.3
2018-04-20 14:00:00,27.5,43,13.6,812.0,1012.2
2018-04-20 15:00:00,27.4,45,10.6,550.0,1011.8
2018-04-20 16:00:00,27.1,53,7.2,348.0,1011.3
2018-04-20 17:00:00,25.7,67,4.4,196.0,1011.2
2018-04-20 18:00:00,23.3,73,6.9,81.0,1011.3
2018-04-20 19:00:00,22.5,66,13.8,6.0,1011.6
2018-04-20 20:00:00,21.8,61,14.3,0.0,1011.7
2018-04-20 21:00:00,21.8,58,15.8,0.0,1012.1
2018-04-20 22:00:00,20.8,63,13.6,0.0,1012.1
2018-04-20 23:00:00,20.3,67,12.5,0.0,1012.2
2018-04-21 00:00:00,18.9,75,7.1,0.0,1012.3
2018-04-21 01:00:00,18.7,78,6.4,0.0,1012.0
2018-04-21 02:00:00,18.7,76,6.4,0.0,1012.0
2018-04-21 03:00:00,18.6,77,8.5,0.0,1011.5
2018-04-21 04:00:00,18.2,80,8.6,0.0,1011.4
2018-04-21 05:00:00,17.9,82,7.1,0.0,1011.4
2018-04-21 06:00:00,18.2,82,6.2,6.0,1011.9
2018-04-21 07:00:00,19.0,81,6.0,32.0,1012.1
2018-04-21 08:00:00,19.1,83,7.9,75.0,1012.4
2018-04-21 09:00:00,19.6,84,9.3,60.0,1012.0
2018-04-21 10:00:00,21.8,77,10.6,292.0,1012.0
2018-04-21 11:00:00,23.5,71,12.5,488.0,1011.9
2018-04-21 12:00:00,24.7,67,11.2,594.0,1011.2
2018-04-21 13:00:00,25.6,64,11.6,627.0,1010.7
2018-04-21 14:00:00,26.1,64,10.6,541.0,1010.0
2018-04-21 15:00:00,26.2,63,11.4,354.0,1009.3
2018-04-21 16:00:00,26.3,65,13.3,359.0,1008.7
2018-04-21 17:00:00,25.3,72,11.2,216.0,1008.3
2018-04-21 18:00:00,23.9,76,8.0,68.0,1008.5
2018-04-21 19:00:00,22.5,81,7.2,5.0,1008.9
2018-04-21 20:00:00,22.6,75,12.7,0.0,1009.4
2018-04-21 21:00:00,22.3,77,11.6,0.0,1009.4
2018-04-21 22:00:00,22.3,76,12.3,0.0,1009.3
2018-04-21 23:00:00,21.7,79,11.3,0.0,1009.6
2018-04-22 00:00:00,20.9,83,8.4,0.0,1009.5
2018-04-22 01:00:00,20.4,86,7.0,0.0,1009.4
2018-04-22 02:00:00,19.4,91,6.5,0.0,1009.1
2018-04-22 03:00:00,19.1,92,5.8,0.0,1008.6
2018-04-22 04:00:00,18.6,94,5.8,0.0,1008.5
2018-04-22 05:00:00,18.2,96,5.8,0.0,1008.6
2018-04-22 06:00:00,18.9,94,5.0,9.0,1009.1
2018-04-22 07:00:00,20.8,87,6.2,90.0,1009.2
2018-04-22 08:00:00,22.8,79,3.6,227.0,1009.7
2018-04-22 09:00:00,24.5,74,5.0,428.0,1009.6
2018-04-22 10:00:00,26.0,71,3.4,602.0,1009.3
2018-04-22 11:00:00,27.2,68,4.6,664.0,1008.8
2018-04-22 12:00:00,28.1,65,8.7,675.0,1007.9
2018-04-22 13:00:00,27.6,66,4.5,436.0,1007.3
2018-04-22 14:00:00,27.6,68,4.8,477.0,1006.7
2018-04-22 15:00:00,27.1,72,5.5,208.0,1006.2
2018-04-22 16:00:00,26.3,78,7.8,201.0,1005.7
2018-04-22 17:00:00,26.1,79,6.0,174.0,1005.9
2018-04-22 18:00:00,23.8,91,7.9,39.0,1006.9
2018-04-22 19:00:00,22.6,95,4.0,3.0,1006.9
2018-04-22 20:00:00,22.6,95,4.6,0.0,1007.0
2018-04-22 21:00:00,22.2,98,4.1,0.0,1007.6
2018-04-22 22:00:00,22.0,97,3.9,0.0,1007.5
2018-04-22 23:00:00,21.3,98,4.5,0.0,1007.6
2018-04-23 00:00:00,20.5,99,6.5,0.0,1007.4
2018-04-23 01:00:00,20.1,99,5.8,0.0,1007.5
2018-04-23 02:00:00,20.5,99,4.0,0.0,1006.8
2018-04-23 03:00:00,20.3,100,4.3,0.0,1006.9
2018-04-23 04:00:00,20.3,100,5.3,0.0,1007.0
2018-04-23 05:00:00,20.6,99,4.8,0.0,1007.2
2018-04-23 06:00:00,20.7,99,5.6,4.0,1007.7
2018-04-23 07:00:00,20.8,99,1.6,28.0,1007.7
2018-04-23 08:00:00,21.0,99,8.7,113.0,1007.2
2018-04-23 09:00:00,21.3,99,6.6,74.0,1007.2
2018-04-23 10:00:00,21.2,96,9.7,57.0,1006.9
2018-04-23 11:00:00,21.3,96,8.9,46.0,1006.9
2018-04-23 12:00:00,21.2,97,8.7,46.0,1006.4
2018-04-23 13:00:00,21.2,98,10.5,49.0,1005.7
2018-04-23 14:00:00,21.0,98,11.9,27.0,1004.7
2018-04-23 15:00:00,21.0,99,12.1,26.0,1004.2
2018-04-23 16:00:00,19.2,99,27.2,18.0,1004.5
2018-04-23 17:00:00,17.2,97,19.6,9.0,1004.5
2018-04-23 18:00:00,16.9,97,17.8,5.0,1006.2
2018-04-23 19:00:00,16.5,97,21.9,0.0,1006.4
2018-04-23 20:00:00,16.3,92,18.9,0.0,1009.0
2018-04-23 21:00:00,15.7,93,19.5,0.0,1010.1
2018-04-23 22:00:00,15.5,90,18.9,0.0,1010.9
2018-04-23 23:00:00,15.3,89,19.3,0.0,1010.9
2018-04-24 00:00:00,15.0,89,20.5,0.0,1011.4
2018-04-24 01:00:00,14.3,88,20.9,0.0,1012.1
2018-04-24 02:00:00,13.9,87,20.5,0.0,1012.2
2018-04-24 03:00:00,13.6,85,18.0,0.0,1012.2
2018-04-24 04:00:00,13.5,84,15.9,0.0,1012.2
2018-04-24 05:00:00,13.6,83,14.8,0.0,1012.6
2018-04-24 06:00:00,13.8,82,14.0,6.0,1012.9
2018-04-24 07:00:00,14.3,80,15.3,64.0,1013.2
2018-04-24 08:00:00,15.1,75,21.4,159.0,1014.2
2018-04-24 09:00:00,15.7,73,21.3,162.0,1014.4
2018-04-24 10:00:00,15.7,74,18.7,144.0,1014.7
2018-04-24 11:00:00,16.1,73,18.5,195.0,1014.8
2018-04-24 12:00:00,16.1,73,17.6,263.0,1014.6
2018-04-24 13:00:00,17.5,69,20.0,496.0,1014.2
2018-04-24 14:00:00,18.1,67,18.7,356.0,1013.2
2018-04-24 15:00:00,18.5,66,16.9,280.0,1012.5
2018-04-24 16:00:00,18.5,66,17.0,209.0,1012.4
2018-04-24 17:00:00,18.1,70,11.2,87.0,1012.7
2018-04-24 18:00:00,17.4,73,11.7,35.0,1013.2
2018-04-24 19:00:00,16.8,74,11.7,3.0,1014.1
2018-04-24 20:00:00,15.9,74,11.9,0.0,1015.9
2018-04-24 21:00:00,15.7,73,11.2,0.0,1016.3
2018-04-24 22:00:00,15.4,75,8.9,0.0,1016.5
2018-04-24 23:00:00,14.0,83,8.4,0.0,1016.6
2018-04-25 00:00:00,13.0,87,7.3,0.0,1016.3
2018-04-25 01:00:00,12.3,87,7.3,0.0,1015.8
2018-04-25 02:00:00,11.8,88,7.3,0.0,1015.3
2018-04-25 03:00:00,11.3,90,7.1,0.0,1015.0
2018-04-25 04:00:00,10.6,93,5.7,0.0,1014.9
2018-04-25 05:00:00,10.2,94,5.5,0.0,1014.9
2018-04-25 06:00:00,11.0,94,5.5,13.0,1015.1
2018-04-25 07:00:00,13.3,85,5.9,131.0,1015.5
2018-04-25 08:00:00,16.1,75,5.6,322.0,1016.1
2018-04-25 09:00:00,18.0,66,6.1,513.0,1015.8
2018-04-25 10:00:00,19.5,59,8.7,676.0,1015.8
2018-04-25 11:00:00,20.6,52,11.2,751.0,1015.5
2018-04-25 12:00:00,21.6,48,10.7,830.0,1014.7
2018-04-25 13:00:00,22.0,47,10.4,790.0,1014.1
2018-04-25 14:00:00,22.1,46,10.8,650.0,1013.4
2018-04-25 15:00:00,22.0,48,11.2,475.0,1012.8
2018-04-25 16:00:00,21.3,55,13.6,330.0,1012.3
2018-04-25 17:00:00,20.1,59,13.3,275.0,1012.1
2018-04-25 18:00:00,18.2,68,6.5,117.0,1012.3
2018-04-25 19:00:00,18.3,63,5.6,9.0,1012.9
2018-04-25 20:00:00,17.9,67,2.1,0.0,1014.0
2018-04-25 21:00:00,15.9,78,4.5,0.0,1013.8
2018-04-25 22:00:00,15.0,80,5.3,0.0,1014.0
2018-04-25 23:00:00,13.6,87,7.0,0.0,1014.1
2018-04-26 00:00:00,13.3,91,8.2,0.0,1014.1
2018-04-26 01:00:00,13.3,93,6.9,0.0,1013.7
2018-04-26 02:00:00,13.0,93,7.4,0.0,1013.1
2018-04-26 03:00:00,13.5,89,5.6,0.0,1013.0
2018-04-26 04:00:00,14.2,86,1.0,0.0,1013.2
2018-04-26 05:00:00,14.1,87,0.5,0.0,1013.4
2018-04-26 06:00:00,13.1,95,2.7,13.0,1013.9
2018-04-26 07:00:00,15.0,80,1.6,130.0,1014.3
2018-04-26 08:00:00,16.6,74,1.8,308.0,1014.2
2018-04-26 09:00:00,18.3,69,2.7,433.0,1014.6
2018-04-26 10:00:00,19.5,65,2.4,484.0,1014.6
2018-04-26 11:00:00,20.3,61,2.3,437.0,1014.5
2018-04-26 12:00:00,21.1,58,4.4,483.0,1013.9
2018-04-26 13:00:00,21.5,56,4.1,467.0,1013.6
2018-04-26 14:00:00,21.6,56,3.4,362.0,1012.9
2018-04-26 15:00:00,21.5,57,5.4,252.0,1012.4
2018-04-26 16:00:00,21.9,57,6.7,340.0,1012.0
2018-04-26 17:00:00,21.0,64,9.0,207.0,1011.9
2018-04-26 18:00:00,19.5,73,5.9,81.0,1012.3
2018-04-26 19:00:00,18.6,76,5.2,4.0,1012.5
2018-04-26 20:00:00,18.1,83,7.7,0.0,1013.0
2018-04-26 21:00:00,18.1,84,5.4,0.0,1013.9
2018-04-26 22:00:00,17.6,86,4.2,0.0,1014.0
2018-04-26 23:00:00,17.4,90,4.4,0.0,1014.0
2018-04-27 00:00:00,17.5,87,3.6,0.0,1013.9
2018-04-27 01:00:00,17.8,83,1.0,0.0,1014.0
2018-04-27 02:00:00,17.2,91,1.8,0.0,1013.5
2018-04-27 03:00:00,17.2,88,4.6,0.0,1013.9
2018-04-27 04:00:00,16.9,88,3.9,0.0,1014.1
2018-04-27 05:00:00,16.8,88,4.1,0.0,1014.8
2018-04-27 06:00:00,17.0,86,4.3,3.0,1015.5
2018-04-27 07:00:00,17.8,83,5.5,34.0,1016.2
2018-04-27 08:00:00,20.0,72,7.6,176.0,1016.9
2018-04-27 09:00:00,21.8,66,9.4,490.0,1017.3
2018-04-27 10:00:00,22.9,59,9.6,647.0,1017.4
2018-04-27 11:00:00,23.9,56,8.0,799.0,1017.3
2018-04-27 12:00:00,24.9,52,8.7,879.0,1016.7
2018-04-27 13:00:00,25.1,49,7.6,657.0,1016.3
2018-04-27 14:00:00,25.6,46,8.0,673.0,1015.8
2018-04-27 15:00:00,25.6,49,9.7,646.0,1015.4
2018-04-27 16:00:00,25.1,52,11.1,497.0,1015.3
2018-04-27 17:00:00,24.0,60,9.0,305.0,1015.1
2018-04-27 18:00:00,21.5,73,5.9,121.0,1015.5
2018-04-27 19:00:00,18.3,83,9.9,11.0,1015.9
2018-04-27 20:00:00,19.3,76,8.0,0.0,1016.6
2018-04-27 21:00:00,20.3,70,5.8,0.0,1016.9
2018-04-27 22:00:00,19.7,71,4.8,0.0,1017.1
2018-04-27 23:00:00,15.9,87,5.2,0.0,1017.2
2018-04-28 00:00:00,15.2,90,4.7,0.0,1017.1
2018-04-28 01:00:00,14.6,91,4.3,0.0,1016.6
2018-04-28 02:00:00,16.8,84,1.1,0.0,1016.0
2018-04-28 03:00:00,15.0,92,5.0,0.0,1015.9
2018-04-28 04:00:00,13.8,95,5.8,0.0,1015.7
2018-04-28 05:00:00,13.4,96,5.8,0.0,1015.7
2018-04-28 06:00:00,14.8,93,3.3,15.0,1016.2
2018-04-28 07:00:00,16.5,88,1.0,121.0,1016.8
2018-04-28 08:00:00,18.9,80,1.5,287.0,1017.2
2018-04-28 09:00:00,21.2,72,2.6,488.0,1017.0
2018-04-28 10:00:00,23.3,62,5.2,708.0,1016.7
2018-04-28 11:00:00,24.9,50,7.5,835.0,1016.1
2018-04-28 12:00:00,25.9,44,8.4,901.0,1015.4
2018-04-28 13:00:00,26.5,40,9.2,896.0,1014.5
2018-04-28 14:00:00,26.8,40,9.7,820.0,1013.3
2018-04-28 15:00:00,26.8,42,10.2,648.0,1012.4
2018-04-28 16:00:00,26.5,46,11.0,490.0,1011.9
2018-04-28 17:00:00,24.8,58,13.4,277.0,1011.5
2018-04-28 18:00:00,22.2,68,12.6,115.0,1011.8
2018-04-28 19:00:00,20.7,72,10.1,10.0,1012.0
2018-04-28 20:00:00,19.6,75,7.1,0.0,1012.3
2018-04-28 21:00:00,19.1,79,6.9,0.0,1012.4
2018-04-28 22:00:00,18.4,83,7.7,0.0,1012.3
2018-04-28 23:00:00,18.8,81,6.6,0.0,1012.3
2018-04-29 00:00:00,17.4,88,8.3,0.0,1012.1
2018-04-29 01:00:00,17.5,89,5.9,0.0,1011.3
2018-04-29 02:00:00,17.1,92,5.9,0.0,1010.8
2018-04-29 03:00:00,16.9,93,6.5,0.0,1010.6
2018-04-29 04:00:00,16.7,94,7.0,0.0,1010.5
2018-04-29 05:00:00,16.8,94,6.4,0.0,1010.7
2018-04-29 06:00:00,18.0,91,5.0,14.0,1011.0
2018-04-29 07:00:00,19.7,83,5.9,96.0,1011.3
2018-04-29 08:00:00,21.8,76,7.3,127.0,1010.9
2018-04-29 09:00:00,23.1,72,7.4,295.0,1011.4
2018-04-29 10:00:00,24.7,68,7.7,475.0,1010.6
2018-04-29 11:00:00,26.2,65,8.6,637.0,1010.2
2018-04-29 12:00:00,27.2,63,8.7,681.0,1009.3
2018-04-29 13:00:00,27.5,62,9.2,610.0,1008.3
2018-04-29 14:00:00,27.7,62,8.9,513.0,1007.4
2018-04-29 15:00:00,26.1,71,10.7,480.0,1006.8
2018-04-29 16:00:00,26.5,70,7.4,279.0,1006.5
2018-04-29 17:00:00,25.8,77,6.1,148.0,1006.3
2018-04-29 18:00:00,24.4,84,5.5,68.0,1006.8
2018-04-29 19:00:00,23.1,87,6.3,6.0,1007.2
2018-04-29 20:00:00,22.6,87,6.2,0.0,1007.2
2018-04-29 21:00:00,22.4,90,5.4,0.0,1007.8
2018-04-29 22:00:00,22.1,91,5.4,0.0,1008.2
2018-04-29 23:00:00,22.0,90,5.0,0.0,1008.3
2018-04-30 00:00:00,21.7,92,4.9,0.0,1008.3
2018-04-30 01:00:00,21.5,92,5.6,0.0,1008.2
2018-04-30 02:00:00,21.2,93,5.6,0.0,1008.1
2018-04-30 03:00:00,21.3,93,7.1,0.0,1008.4
2018-04-30 04:00:00,21.4,92,7.5,0.0,1008.5
2018-04-30 05:00:00,21.4,92,10.2,0.0,1008.8
2018-04-30 06:00:00,21.4,91,9.3,10.0,1009.5
2018-04-30 07:00:00,22.1,90,10.7,86.0,1010.2
2018-04-30 08:00:00,23.5,86,10.2,248.0,1010.3
2018-04-30 09:00:00,25.0,79,9.8,434.0,1010.6
2018-04-30 10:00:00,26.1,76,7.9,557.0,1010.9
2018-04-30 11:00:00,27.2,73,7.3,708.0,1010.8
2018-04-30 12:00:00,26.5,74,6.6,514.0,1010.2
2018-04-30 13:00:00,27.1,70,0.4,484.0,1009.6
2018-04-30 14:00:00,26.4,72,6.9,376.0,1009.5
2018-04-30 15:00:00,24.9,79,2.3,340.0,1009.0
2018-04-30 16:00:00,25.5,76,2.3,298.0,1008.5
2018-04-30 17:00:00,25.6,77,4.3,203.0,1008.4
2018-04-30 18:00:00,24.6,87,4.0,80.0,1008.6
2018-04-30 19:00:00,23.2,92,5.1,7.0,1009.0
2018-04-30 20:00:00,22.9,91,8.2,0.0,1009.2
2018-04-30 21:00:00,22.9,92,6.2,0.0,1009.3
2018-04-30 22:00:00,22.3,93,6.5,0.0,1009.4
2018-04-30 23:00:00,21.8,95,5.9,0.0,1009.7
2018-05-01 00:00:00,21.5,96,5.4,0.0,1009.5
2018-05-01 01:00:00,21.4,97,4.8,0.0,1009.2
2018-05-01 02:00:00,21.0,97,5.1,0.0,1008.9
2018-05-01 03:00:00,20.9,97,5.1,0.0,1008.5
2018-05-01 04:00:00,20.7,98,4.7,0.0,1008.3
2018-05-01 05:00:00,20.7,98,4.8,0.0,1008.4
2018-05-01 06:00:00,21.6,95,4.6,13.0,1008.7
2018-05-01 07:00:00,22.7,92,2.1,92.0,1009.4
2018-05-01 08:00:00,24.7,87,6.5,172.0,1009.3
2018-05-01 09:00:00,25.5,84,5.9,319.0,1009.5
2018-05-01 10:00:00,27.4,78,8.4,613.0,1009.0
2018-05-01 11:00:00,28.8,69,7.9,653.0,1008.5
2018-05-01 12:00:00,27.3,76,9.2,513.0,1008.0
2018-05-01 13:00:00,25.4,83,9.4,316.0,1008.0
2018-05-01 14:00:00,26.9,78,6.3,445.0,1007.2
2018-05-01 15:00:00,27.4,75,9.7,509.0,1006.4
2018-05-01 16:00:00,27.6,72,4.1,294.0,1005.9
2018-05-01 17:00:00,27.2,76,5.2,169.0,1006.2
2018-05-01 18:00:00,24.5,91,6.0,57.0,1007.3
2018-05-01 19:00:00,23.5,92,5.1,4.0,1007.3
2018-05-01 20:00:00,23.3,92,6.2,0.0,1007.6
2018-05-01 21:00:00,22.6,94,3.6,0.0,1008.2
2018-05-01 22:00:00,22.6,93,5.7,0.0,1008.3
2018-05-01 23:00:00,22.2,93,10.6,0.0,1008.3
2018-05-02 00:00:00,21.8,94,10.5,0.0,1008.4
2018-05-02 01:00:00,21.8,94,8.7,0.0,1008.0
2018-05-02 02:00:00,21.7,94,10.2,0.0,1007.8
2018-05-02 03:00:00,21.7,93,8.9,0.0,1007.8
2018-05-02 04:00:00,21.5,93,8.4,0.0,1007.9
2018-05-02 05:00:00,21.0,94,7.6,0.0,1008.5
2018-05-02 06:00:00,21.0,95,8.8,15.0,1009.3
2018-05-02 07:00:00,21.9,91,9.2,68.0,1010.2
2018-05-02 08:00:00,22.5,87,17.7,216.0,1010.6
2018-05-02 09:00:00,23.6,81,19.3,386.0,1011.3
2018-05-02 10:00:00,24.4,74,19.6,426.0,1011.6
2018-05-02 11:00:00,25.2,70,19.6,527.0,1011.6
2018-05-02 12:00:00,25.5,66,21.9,650.0,1011.8
2018-05-02 13:00:00,25.0,68,22.1,586.0,1012.1
2018-05-02 14:00:00,24.0,70,17.6,264.0,1012.0
2018-05-02 15:00:00,24.4,67,19.1,372.0,1011.8
2018-05-02 16:00:00,23.7,67,17.7,288.0,1012.2
2018-05-02 17:00:00,22.7,71,14.1,106.0,1012.6
2018-05-02 18:00:00,21.9,72,11.9,62.0,1013.4
2018-05-02 19:00:00,20.9,69,13.8,9.0,1014.2
2018-05-02 20:00:00,20.4,70,14.6,0.0,1015.9
2018-05-02 21:00:00,19.5,75,15.6,0.0,1016.9
2018-05-02 22:00:00,17.5,76,18.1,0.0,1017.6
2018-05-02 23:00:00,16.9,71,12.6,0.0,1018.1
2018-05-03 00:00:00,16.2,72,8.2,0.0,1018.1
2018-05-03 01:00:00,15.4,76,4.1,0.0,1018.1
2018-05-03 02:00:00,14.8,78,4.3,0.0,1018.3
2018-05-03 03:00:00,14.5,78,4.0,0.0,1018.5
2018-05-03 04:00:00,13.9,79,3.6,0.0,1018.5
2018-05-03 05:00:00,12.5,91,5.4,0.0,1018.6
2018-05-03 06:00:00,13.9,90,3.6,19.0,1019.1
2018-05-03 07:00:00,15.8,70,5.4,133.0,1019.6
2018-05-03 08:00:00,17.3,61,7.7,279.0,1019.6
2018-05-03 09:00:00,19.2,52,8.9,562.0,1019.5
2018-05-03 10:00:00,20.3,47,8.7,644.0,1019.6
2018-05-03 11:00:00,21.7,44,8.0,869.0,1019.1
2018-05-03 12:00:00,22.6,42,7.4,829.0,1018.4
2018-05-03 13:00:00,23.5,39,5.9,799.0,1017.7
2018-05-03 14:00:00,24.3,38,5.6,826.0,1016.8
2018-05-03 15:00:00,24.7,39,5.9,690.0,1015.9
2018-05-03 16:00:00,24.7,37,3.9,394.0,1015.4
2018-05-03 17:00:00,24.8,36,1.5,333.0,1014.9
2018-05-03 18:00:00,23.7,41,3.2,126.0,1015.1
2018-05-03 19:00:00,20.6,58,7.0,15.0,1015.4
2018-05-03 20:00:00,17.4,75,9.5,0.0,1016.3
2018-05-03 21:00:00,17.2,75,9.4,0.0,1016.8
2018-05-03 22:00:00,16.9,75,5.9,0.0,1016.9
2018-05-03 23:00:00,16.7,78,7.6,0.0,1017.1
2018-05-04 00:00:00,15.5,78,9.2,0.0,1016.7
2018-05-04 01:00:00,15.4,78,9.2,0.0,1016.3
2018-05-04 02:00:00,15.4,74,7.9,0.0,1016.4
2018-05-04 03:00:00,15.3,73,7.7,0.0,1016.2
2018-05-04 04:00:00,13.5,79,5.4,0.0,1016.5
2018-05-04 05:00:00,15.6,71,2.9,0.0,1016.8
2018-05-04 06:00:00,14.1,86,3.6,23.0,1017.0
2018-05-04 07:00:00,16.7,67,4.0,152.0,1017.4
2018-05-04 08:00:00,19.1,63,3.1,335.0,1017.9
2018-05-04 09:00:00,21.4,58,1.6,535.0,1018.2
2018-05-04 10:00:00,23.5,52,3.8,719.0,1017.8
2018-05-04 11:00:00,25.0,42,8.4,826.0,1017.4
2018-05-04 12:00:00,25.6,37,9.0,855.0,1016.7
2018-05-04 13:00:00,26.2,36,11.0,903.0,1015.9
2018-05-04 14:00:00,26.5,34,10.6,834.0,1015.1
2018-05-04 15:00:00,26.5,36,9.9,712.0,1014.3
2018-05-04 16:00:00,26.2,43,9.4,520.0,1013.7
2018-05-04 17:00:00,25.1,56,8.5,314.0,1013.2
2018-05-04 18:00:00,22.1,66,11.9,121.0,1013.3
2018-05-04 19:00:00,20.2,67,9.8,12.0,1013.6
2018-05-04 20:00:00,19.7,70,7.0,0.0,1013.9
2018-05-04 21:00:00,19.6,71,7.4,0.0,1013.5
2018-05-04 22:00:00,20.7,68,11.3,0.0,1013.9
2018-05-04 23:00:00,20.8,57,9.4,0.0,1014.0
2018-05-05 00:00:00,19.9,54,7.9,0.0,1013.6
2018-05-05 01:00:00,18.8,57,7.3,0.0,1013.3
2018-05-05 02:00:00,18.4,57,6.9,0.0,1012.8
2018-05-05 03:00:00,19.0,52,7.2,0.0,1012.7
2018-05-05 04:00:00,19.1,51,7.3,0.0,1012.8
2018-05-05 05:00:00,19.1,51,9.4,0.0,1013.2
2018-05-05 06:00:00,18.1,63,13.1,5.0,1013.8
2018-05-05 07:00:00,17.8,68,12.2,51.0,1014.1
2018-05-05 08:00:00,16.9,87,10.8,44.0,1014.4
2018-05-05 09:00:00,17.3,88,10.6,64.0,1014.1
2018-05-05 10:00:00,18.0,85,12.5,179.0,1014.1
2018-05-05 11:00:00,17.7,87,12.9,100.0,1013.6
2018-05-05 12:00:00,18.2,85,10.4,118.0,1012.9
2018-05-05 13:00:00,18.6,86,13.2,142.0,1011.6
2018-05-05 14:00:00,19.5,85,10.7,117.0,1010.5
2018-05-05 15:00:00,21.2,82,10.0,267.0,1009.4
2018-05-05 16:00:00,22.3,81,9.0,292.0,1008.6
2018-05-05 17:00:00,23.0,83,8.2,186.0,1007.8
2018-05-05 18:00:00,22.7,85,7.1,96.0,1007.7
2018-05-05 19:00:00,21.8,87,7.7,11.0,1007.6
2018-05-05 20:00:00,21.7,82,8.8,0.0,1007.8
2018-05-05 21:00:00,21.9,80,9.0,0.0,1007.8
2018-05-05 22:00:00,21.6,82,8.4,0.0,1007.7
2018-05-05 23:00:00,21.2,85,7.4,0.0,1007.8
2018-05-06 00:00:00,21.0,86,7.2,0.0,1007.3
2018-05-06 01:00:00,21.1,85,7.9,0.0,1006.6
2018-05-06 02:00:00,21.2,85,8.2,0.0,1005.8
2018-05-06 03:00:00,20.8,86,8.4,0.0,1005.2
2018-05-06 04:00:00,21.2,85,8.4,0.0,1004.7
2018-05-06 05:00:00,20.9,86,7.2,0.0,1005.0
2018-05-06 06:00:00,21.4,85,8.1,9.0,1005.3
2018-05-06 07:00:00,22.0,84,8.9,24.0,1005.4
2018-05-06 08:00:00,23.2,83,8.1,60.0,1005.6
2018-05-06 09:00:00,24.0,82,10.9,79.0,1005.5
2018-05-06 10:00:00,25.2,79,12.7,144.0,1005.4
2018-05-06 11:00:00,26.5,75,13.6,236.0,1005.1
2018-05-06 12:00:00,27.8,70,14.0,379.0,1004.2
2018-05-06 13:00:00,29.1,65,16.6,649.0,1003.4
2018-05-06 14:00:00,27.4,76,13.2,177.0,1003.2
2018-05-06 15:00:00,28.2,73,14.4,252.0,1002.2
2018-05-06 16:00:00,28.0,74,14.5,279.0,1001.6
2018-05-06 17:00:00,27.8,75,11.0,261.0,1001.6
2018-05-06 18:00:00,26.7,79,8.9,93.0,1001.8
2018-05-06 19:00:00,25.8,81,9.4,9.0,1001.5
2018-05-06 20:00:00,25.3,75,10.0,0.0,1001.9
2018-05-06 21:00:00,25.3,74,10.5,0.0,1002.1
2018-05-06 22:00:00,25.4,73,13.5,0.0,1001.8
2018-05-06 23:00:00,25.4,75,15.3,0.0,1002.1
2018-05-07 00:00:00,24.7,78,14.3,0.0,1002.3
2018-05-07 01:00:00,24.1,80,14.3,0.0,1002.3
2018-05-07 02:00:00,23.3,83,10.4,0.0,1002.2
2018-05-07 03:00:00,22.2,89,5.9,0.0,1002.7
2018-05-07 04:00:00,21.0,94,15.5,0.0,1003.2
2018-05-07 05:00:00,19.0,95,15.3,0.0,1003.8
2018-05-07 06:00:00,18.8,94,15.2,6.0,1004.1
2018-05-07 07:00:00,18.7,93,14.5,26.0,1005.1
2018-05-07 08:00:00,19.5,90,11.6,12.0,1005.6
2018-05-07 09:00:00,19.2,92,14.8,50.0,1006.1
2018-05-07 10:00:00,18.9,92,14.7,65.0,1006.3
2018-05-07 11:00:00,19.1,90,14.8,94.0,1006.4
2018-05-07 12:00:00,20.0,83,15.6,185.0,1006.3
2018-05-07 13:00:00,20.3,80,13.7,158.0,1005.9
2018-05-07 14:00:00,20.4,83,9.8,109.0,1005.6
2018-05-07 15:00:00,20.3,86,6.1,81.0,1005.7
2018-05-07 16:00:00,19.6,88,9.2,36.0,1006.0
2018-05-07 17:00:00,19.0,88,8.0,17.0,1006.0
2018-05-07 18:00:00,18.9,90,7.3,17.0,1006.3
2018-05-07 19:00:00,18.7,91,9.1,2.0,1006.3
2018-05-07 20:00:00,18.4,92,11.5,0.0,1006.7
2018-05-07 21:00:00,18.2,92,7.4,0.0,1007.3
2018-05-07 22:00:00,18.1,91,5.8,0.0,1007.7
2018-05-07 23:00:00,17.9,92,4.3,0.0,1007.9
2018-05-08 00:00:00,17.7,94,8.3,0.0,1007.1
2018-05-08 01:00:00,17.6,94,10.1,0.0,1007.0
2018-05-08 02:00:00,17.2,92,8.0,0.0,1007.0
2018-05-08 03:00:00,17.2,91,8.3,0.0,1007.3
2018-05-08 04:00:00,17.2,91,8.6,0.0,1007.6
2018-05-08 05:00:00,17.2,91,11.3,0.0,1008.1
2018-05-08 06:00:00,17.0,93,12.3,5.0,1008.8
2018-05-08 07:00:00,17.0,93,11.5,20.0,1009.6
2018-05-08 08:00:00,17.5,91,10.0,56.0,1010.5
2018-05-08 09:00:00,18.3,86,12.8,129.0,1011.2
2018-05-08 10:00:00,19.1,81,13.0,206.0,1011.7
2018-05-08 11:00:00,19.4,79,10.6,196.0,1011.7
2018-05-08 12:00:00,21.0,70,9.4,422.0,1011.4
2018-05-08 13:00:00,22.8,60,13.3,693.0,1011.2
2018-05-08 14:00:00,23.1,58,14.8,616.0,1011.1
2018-05-08 15:00:00,23.2,60,13.7,595.0,1010.9
2018-05-08 16:00:00,23.1,59,14.5,479.0,1011.0
2018-05-08 17:00:00,22.4,65,12.4,298.0,1011.4
2018-05-08 18:00:00,20.8,72,7.7,128.0,1012.0
2018-05-08 19:00:00,18.7,73,8.4,16.0,1012.6
2018-05-08 20:00:00,18.3,63,10.9,0.0,1013.7
2018-05-08 21:00:00,17.8,66,11.7,0.0,1014.4
2018-05-08 22:00:00,16.4,67,8.6,0.0,1015.2
2018-05-08 23:00:00,15.0,73,7.1,0.0,1015.8
2018-05-09 00:00:00,13.6,82,8.0,0.0,1016.0
2018-05-09 01:00:00,13.0,85,7.6,0.0,1015.9
2018-05-09 02:00:00,12.1,88,6.8,0.0,1015.7
2018-05-09 03:00:00,11.6,91,7.0,0.0,1016.0
2018-05-09 04:00:00,11.2,92,6.2,0.0,1016.2
2018-05-09 05:00:00,11.2,94,5.5,0.0,1016.6
2018-05-09 06:00:00,12.3,94,6.7,28.0,1017.1
2018-05-09 07:00:00,14.4,87,6.1,172.0,1017.6
2018-05-09 08:00:00,16.6,76,5.0,377.0,1018.7
2018-05-09 09:00:00,18.2,67,4.8,580.0,1018.7
2018-05-09 10:00:00,19.7,59,5.4,746.0,1019.0
2018-05-09 11:00:00,21.0,52,5.8,866.0,1019.2
2018-05-09 12:00:00,21.9,47,7.2,927.0,1018.8
2018-05-09 13:00:00,22.5,45,8.6,918.0,1018.4
2018-05-09 14:00:00,22.8,47,9.5,852.0,1018.0
2018-05-09 15:00:00,22.6,52,12.0,724.0,1017.5
2018-05-09 16:00:00,21.8,58,15.3,545.0,1017.3
2018-05-09 17:00:00,20.5,57,13.8,341.0,1017.2
2018-05-09 18:00:00,18.9,67,13.0,145.0,1017.6
2018-05-09 19:00:00,17.3,81,13.3,18.0,1018.1
2018-05-09 20:00:00,16.8,85,11.9,0.0,1019.0
2018-05-09 21:00:00,16.6,83,13.4,0.0,1019.5
2018-05-09 22:00:00,15.7,85,12.5,0.0,1019.9
2018-05-09 23:00:00,14.8,89,10.7,0.0,1020.3
2018-05-10 00:00:00,14.4,91,11.2,0.0,1020.1
2018-05-10 01:00:00,14.1,94,11.2,0.0,1019.8
2018-05-10 02:00:00,13.8,95,10.9,0.0,1019.5
2018-05-10 03:00:00,13.4,96,9.0,0.0,1019.5
2018-05-10 04:00:00,12.9,96,7.4,0.0,1019.4
2018-05-10 05:00:00,12.5,97,7.7,0.0,1019.6
2018-05-10 06:00:00,13.1,95,10.2,29.0,1019.9
2018-05-10 07:00:00,14.6,87,11.5,168.0,1020.1
2018-05-10 08:00:00,16.3,78,12.1,358.0,1020.4
2018-05-10 09:00:00,17.9,72,11.7,515.0,1020.3
2018-05-10 10:00:00,19.3,66,12.2,674.0,1019.9
2018-05-10 11:00:00,20.7,60,13.4,835.0,1019.4
2018-05-10 12:00:00,21.9,57,13.5,923.0,1018.6
2018-05-10 13:00:00,22.7,54,13.9,930.0,1017.8
2018-05-10 14:00:00,23.2,51,13.8,845.0,1017.1
2018-05-10 15:00:00,23.4,50,14.2,709.0,1016.4
2018-05-10 16:00:00,22.8,53,14.1,480.0,1015.9
2018-05-10 17:00:00,21.2,70,13.9,305.0,1015.6
2018-05-10 18:00:00,19.8,77,12.9,145.0,1015.6
2018-05-10 19:00:00,18.7,72,15.9,18.0,1015.7
2018-05-10 20:00:00,17.8,75,15.1,0.0,1015.7
2018-05-10 21:00:00,17.2,75,14.8,0.0,1015.9
2018-05-10 22:00:00,16.2,78,12.3,0.0,1016.0
2018-05-10 23:00:00,15.3,81,9.1,0.0,1016.1
2018-05-11 00:00:00,14.5,83,7.3,0.0,1015.6
2018-05-11 01:00:00,14.2,84,7.6,0.0,1015.2
2018-05-11 02:00:00,14.0,84,9.2,0.0,1014.6
2018-05-11 03:00:00,13.9,82,8.9,0.0,1014.1
2018-05-11 04:00:00,13.6,83,8.5,0.0,1013.9
2018-05-11 05:00:00,13.1,87,7.1,0.0,1014.0
2018-05-11 06:00:00,14.1,85,8.1,25.0,1013.9
2018-05-11 07:00:00,15.9,79,8.5,156.0,1014.1
2018-05-11 08:00:00,18.2,73,6.8,332.0,1014.3
2018-05-11 09:00:00,20.1,66,7.1,496.0,1013.9
2018-05-11 10:00:00,21.7,63,8.1,648.0,1013.2
2018-05-11 11:00:00,23.5,62,8.8,762.0,1013.0
2018-05-11 12:00:00,25.0,61,9.5,825.0,1012.0
2018-05-11 13:00:00,26.1,60,8.9,778.0,1011.3
2018-05-11 14:00:00,26.7,60,7.9,698.0,1010.3
2018-05-11 15:00:00,27.2,59,7.9,597.0,1009.5
2018-05-11 16:00:00,27.4,58,9.2,483.0,1009.0
2018-05-11 17:00:00,26.0,67,10.0,225.0,1008.5
2018-05-11 18:00:00,24.5,74,7.9,119.0,1008.6
2018-05-11 19:00:00,22.6,80,6.5,16.0,1009.0
2018-05-11 20:00:00,22.5,83,6.9,0.0,1008.8
2018-05-11 21:00:00,22.8,83,5.6,0.0,1009.3
2018-05-11 22:00:00,22.6,82,5.8,0.0,1009.8
2018-05-11 23:00:00,21.8,87,6.4,0.0,1009.4
2018-05-12 00:00:00,21.9,84,5.8,0.0,1009.1
2018-05-12 01:00:00,21.1,89,5.9,0.0,1008.9
2018-05-12 02:00:00,20.6,90,3.0,0.0,1008.7
2018-05-12 03:00:00,20.1,93,4.0,0.0,1008.2
2018-05-12 04:00:00,19.4,95,4.3,0.0,1008.0
2018-05-12 05:00:00,19.2,96,4.6,0.0,1008.3
2018-05-12 06:00:00,20.3,92,6.5,23.0,1008.6
2018-05-12 07:00:00,22.1,85,5.8,140.0,1008.7
2018-05-12 08:00:00,24.4,78,5.9,323.0,1008.5
2018-05-12 09:00:00,26.2,74,9.2,450.0,1008.5
2018-05-12 10:00:00,27.4,69,10.2,561.0,1008.2
2018-05-12 11:00:00,28.4,66,12.2,650.0,1007.9
2018-05-12 12:00:00,28.5,67,13.8,502.0,1007.5
2018-05-12 13:00:00,28.8,66,15.0,444.0,1006.6
2018-05-12 14:00:00,28.6,67,14.5,358.0,1005.8
2018-05-12 15:00:00,28.2,67,14.2,323.0,1005.3
2018-05-12 16:00:00,26.4,81,12.0,280.0,1005.7
2018-05-12 17:00:00,25.3,85,10.4,184.0,1005.7
2018-05-12 18:00:00,24.6,89,6.6,97.0,1006.2
2018-05-12 19:00:00,23.5,93,5.5,8.0,1006.7
2018-05-12 20:00:00,23.0,93,8.3,0.0,1007.4
2018-05-12 21:00:00,23.0,93,7.6,0.0,1008.0
2018-05-12 22:00:00,22.7,94,5.4,0.0,1008.2
2018-05-12 23:00:00,22.6,93,3.3,0.0,1008.2
2018-05-13 00:00:00,22.3,94,3.1,0.0,1007.9
2018-05-13 01:00:00,21.8,96,3.4,0.0,1007.6
2018-05-13 02:00:00,21.6,96,4.4,0.0,1007.7
2018-05-13 03:00:00,21.5,98,3.2,0.0,1007.5
2018-05-13 04:00:00,21.2,99,4.4,0.0,1007.9
2018-05-13 05:00:00,21.2,98,5.6,0.0,1008.3
2018-05-13 06:00:00,21.3,98,4.8,5.0,1008.7
2018-05-13 07:00:00,21.6,96,2.2,23.0,1009.0
2018-05-13 08:00:00,22.5,90,5.0,153.0,1008.9
2018-05-13 09:00:00,23.1,87,6.2,168.0,1009.2
2018-05-13 10:00:00,23.7,84,6.5,221.0,1009.3
2018-05-13 11:00:00,24.0,83,5.4,179.0,1009.6
2018-05-13 12:00:00,24.9,78,6.0,316.0,1009.0
2018-05-13 13:00:00,26.0,74,5.6,385.0,1008.3
2018-05-13 14:00:00,26.8,70,3.6,397.0,1007.8
2018-05-13 15:00:00,27.0,70,7.3,299.0,1006.9
2018-05-13 16:00:00,26.8,73,12.3,326.0,1006.5
2018-05-13 17:00:00,25.7,80,12.3,232.0,1006.5
2018-05-13 18:00:00,24.6,85,10.5,97.0,1007.4
2018-05-13 19:00:00,23.8,88,9.7,11.0,1007.8
2018-05-13 20:00:00,24.3,88,9.4,0.0,1007.5
2018-05-13 21:00:00,24.0,88,9.0,0.0,1008.1
2018-05-13 22:00:00,23.7,89,8.1,0.0,1008.6
2018-05-13 23:00:00,23.1,91,6.6,0.0,1008.6
2018-05-14 00:00:00,22.6,94,5.8,0.0,1008.1
2018-05-14 01:00:00,22.2,96,5.2,0.0,1007.5
2018-05-14 02:00:00,21.5,98,5.5,0.0,1006.9
2018-05-14 03:00:00,21.3,98,6.0,0.0,1006.7
2018-05-14 04:00:00,21.3,98,5.8,0.0,1007.0
2018-05-14 05:00:00,20.9,99,5.8,0.0,1007.2
2018-05-14 06:00:00,22.1,98,5.4,26.0,1007.6
2018-05-14 07:00:00,23.9,91,4.7,134.0,1007.7
2018-05-14 08:00:00,26.1,83,5.1,293.0,1008.0
2018-05-14 09:00:00,27.8,77,5.8,485.0,1008.0
2018-05-14 10:00:00,29.1,74,5.1,624.0,1007.7
2018-05-14 11:00:00,30.3,71,5.4,727.0,1007.1
2018-05-14 12:00:00,31.3,68,6.7,822.0,1006.3
2018-05-14 13:00:00,31.8,66,6.6,823.0,1005.2
2018-05-14 14:00:00,31.9,66,6.9,740.0,1004.2
2018-05-14 15:00:00,30.4,72,10.9,628.0,1004.0
2018-05-14 16:00:00,30.1,75,5.7,275.0,1003.6
2018-05-14 17:00:00,29.6,79,6.0,171.0,1003.8
2018-05-14 18:00:00,28.7,90,2.3,68.0,1003.9
2018-05-14 19:00:00,27.9,85,5.2,14.0,1004.1
2018-05-14 20:00:00,26.2,85,5.3,0.0,1003.9
2018-05-14 21:00:00,26.6,82,8.0,0.0,1004.4
2018-05-14 22:00:00,26.6,82,9.8,0.0,1004.2
2018-05-14 23:00:00,26.4,83,10.0,0.0,1004.0
2018-05-15 00:00:00,26.2,83,9.9,0.0,1003.3
2018-05-15 01:00:00,25.9,84,9.8,0.0,1002.6
2018-05-15 02:00:00,25.6,85,8.6,0.0,1002.2
2018-05-15 03:00:00,25.3,87,8.0,0.0,1002.4
2018-05-15 04:00:00,25.1,87,7.6,0.0,1002.7
2018-05-15 05:00:00,24.7,89,6.6,0.0,1003.1
2018-05-15 06:00:00,25.5,88,6.3,28.0,1004.0
2018-05-15 07:00:00,26.8,84,6.6,143.0,1004.5
2018-05-15 08:00:00,28.3,78,6.2,297.0,1004.4
2018-05-15 09:00:00,29.7,74,6.5,473.0,1004.4
2018-05-15 10:00:00,31.0,70,8.4,631.0,1004.2
2018-05-15 11:00:00,32.2,63,10.9,772.0,1003.9
2018-05-15 12:00:00,32.9,59,12.1,779.0,1003.6
2018-05-15 13:00:00,33.1,58,12.8,784.0,1003.2
2018-05-15 14:00:00,33.0,60,12.4,699.0,1002.7
2018-05-15 15:00:00,33.4,59,10.5,582.0,1002.2
2018-05-15 16:00:00,33.1,60,11.2,465.0,1001.7
2018-05-15 17:00:00,32.1,68,10.8,303.0,1001.2
2018-05-15 18:00:00,30.6,74,9.7,132.0,1001.4
2018-05-15 19:00:00,29.3,75,10.9,19.0,1001.7
2018-05-15 20:00:00,27.8,72,8.0,0.0,1000.8
2018-05-15 21:00:00,28.7,69,10.3,0.0,1001.2
2018-05-15 22:00:00,28.1,70,10.0,0.0,1001.4
2018-05-15 23:00:00,27.3,74,8.6,0.0,1001.7
2018-05-16 00:00:00,26.8,78,8.3,0.0,1001.4
2018-05-16 01:00:00,26.4,80,7.9,0.0,1001.0
2018-05-16 02:00:00,25.9,83,7.2,0.0,1000.9
2018-05-16 03:00:00,25.6,84,8.0,0.0,1001.2
2018-05-16 04:00:00,25.2,85,7.7,0.0,1001.4
2018-05-16 05:00:00,25.2,84,8.6,0.0,1001.7
2018-05-16 06:00:00,26.0,82,8.6,31.0,1002.1
2018-05-16 07:00:00,27.9,76,10.5,168.0,1002.7
2018-05-16 08:00:00,29.8,69,8.0,357.0,1002.6
2018-05-16 09:00:00,31.5,64,9.3,554.0,1002.8
2018-05-16 10:00:00,32.9,58,11.1,723.0,1002.8
2018-05-16 11:00:00,33.9,52,13.2,738.0,1002.6
2018-05-16 12:00:00,34.2,50,14.8,702.0,1002.3
2018-05-16 13:00:00,34.9,47,17.0,882.0,1001.6
2018-05-16 14:00:00,35.1,47,17.2,821.0,1000.8
2018-05-16 15:00:00,34.7,51,14.7,686.0,1000.3
2018-05-16 16:00:00,34.1,57,11.4,487.0,1000.1
2018-05-16 17:00:00,32.9,55,12.0,317.0,999.8
2018-05-16 18:00:00,30.6,66,7.2,100.0,1000.3
2018-05-16 19:00:00,29.1,68,7.7,14.0,1000.8
2018-05-16 20:00:00,27.6,71,8.0,0.0,999.7
2018-05-16 21:00:00,27.7,70,6.9,0.0,1000.3
2018-05-16 22:00:00,26.6,76,6.6,0.0,1000.4
2018-05-16 23:00:00,25.6,81,6.9,0.0,1001.0
2018-05-17 00:00:00,24.9,84,7.6,0.0,1001.0
2018-05-17 01:00:00,24.5,84,6.9,0.0,1000.8
2018-05-17 02:00:00,24.4,83,5.4,0.0,1000.6
2018-05-17 03:00:00,23.8,85,6.6,0.0,1000.5
2018-05-17 04:00:00,23.7,83,6.6,0.0,1000.4
2018-05-17 05:00:00,23.6,83,6.5,0.0,1001.0
2018-05-17 06:00:00,25.1,78,6.5,31.0,1001.8
2018-05-17 07:00:00,27.3,71,10.0,160.0,1002.3
2018-05-17 08:00:00,28.9,65,11.6,339.0,1002.4
2018-05-17 09:00:00,30.8,59,13.0,540.0,1002.6
2018-05-17 10:00:00,32.0,56,14.6,694.0,1002.4
2018-05-17 11:00:00,32.8,54,18.3,795.0,1002.1
2018-05-17 12:00:00,33.5,51,17.3,809.0,1001.7
2018-05-17 13:00:00,33.7,51,16.4,728.0,1001.1
2018-05-17 14:00:00,33.3,49,16.0,601.0,1000.9
2018-05-17 15:00:00,31.6,64,7.1,206.0,1000.7
2018-05-17 16:00:00,31.3,67,7.8,177.0,1000.7
2018-05-17 17:00:00,30.2,72,6.7,106.0,1000.6
2018-05-17 18:00:00,29.8,73,6.6,112.0,1001.0
2018-05-17 19:00:00,28.5,73,7.9,18.0,1001.6
2018-05-17 20:00:00,27.5,87,2.1,0.0,1001.9
2018-05-17 21:00:00,27.1,89,4.9,0.0,1002.8
2018-05-17 22:00:00,26.4,87,7.2,0.0,1003.3
2018-05-17 23:00:00,25.8,87,5.1,0.0,1003.6
2018-05-18 00:00:00,25.1,92,6.6,0.0,1003.5
2018-05-18 01:00:00,26.2,85,2.6,0.0,1003.2
2018-05-18 02:00:00,25.9,86,1.1,0.0,1002.9
2018-05-18 03:00:00,25.6,88,0.4,0.0,1002.8
2018-05-18 04:00:00,24.3,93,2.1,0.0,1002.9
2018-05-18 05:00:00,24.6,92,1.3,0.0,1003.3
2018-05-18 06:00:00,25.0,92,1.3,32.0,1003.8
2018-05-18 07:00:00,26.6,85,1.1,161.0,1004.4
2018-05-18 08:00:00,28.6,76,3.1,344.0,1004.7
2018-05-18 09:00:00,29.9,72,4.1,522.0,1004.8
2018-05-18 10:00:00,31.0,67,4.1,666.0,1004.7
2018-05-18 11:00:00,31.8,64,2.3,772.0,1004.6
2018-05-18 12:00:00,32.5,61,4.3,836.0,1004.3
2018-05-18 13:00:00,32.6,60,6.7,752.0,1003.4
2018-05-18 14:00:00,31.0,65,11.3,636.0,1003.6
2018-05-18 15:00:00,29.7,73,8.7,328.0,1004.0
2018-05-18 16:00:00,29.5,73,10.9,351.0,1004.5
2018-05-18 17:00:00,27.6,83,3.7,134.0,1004.0
2018-05-18 18:00:00,27.6,85,6.1,80.0,1004.5
2018-05-18 19:00:00,26.7,88,8.4,15.0,1005.2
2018-05-18 20:00:00,25.3,91,8.2,0.0,1006.8
2018-05-18 21:00:00,24.9,94,5.2,0.0,1007.5
2018-05-18 22:00:00,24.8,94,9.0,0.0,1008.0
2018-05-18 23:00:00,24.3,93,11.9,0.0,1007.5
2018-05-19 00:00:00,24.0,93,10.5,0.0,1007.2
2018-05-19 01:00:00,23.8,93,10.5,0.0,1006.9
2018-05-19 02:00:00,23.4,94,12.0,0.0,1006.6
2018-05-19 03:00:00,23.1,95,12.1,0.0,1006.6
2018-05-19 04:00:00,22.9,96,11.2,0.0,1006.8
2018-05-19 05:00:00,22.9,94,12.2,0.0,1007.3
2018-05-19 06:00:00,22.8,93,12.4,10.0,1007.6
2018-05-19 07:00:00,23.0,92,14.1,46.0,1007.9
2018-05-19 08:00:00,22.4,94,12.2,74.0,1008.1
2018-05-19 09:00:00,22.2,94,11.5,38.0,1008.0
2018-05-19 10:00:00,21.9,95,10.8,43.0,1008.1
2018-05-19 11:00:00,21.9,95,9.9,86.0,1008.2
2018-05-19 12:00:00,22.4,92,10.0,73.0,1007.9
2018-05-19 13:00:00,22.9,90,11.3,100.0,1007.2
2018-05-19 14:00:00,23.3,89,14.2,155.0,1006.4
2018-05-19 15:00:00,22.8,93,13.4,105.0,1006.2
2018-05-19 16:00:00,22.8,92,13.4,99.0,1006.0
2018-05-19 17:00:00,22.5,92,13.2,77.0,1006.1
2018-05-19 18:00:00,21.9,93,13.2,25.0,1006.5
2018-05-19 19:00:00,21.4,94,12.3,3.0,1006.7
2018-05-19 20:00:00,21.8,95,9.5,0.0,1007.4
2018-05-19 21:00:00,21.7,95,10.2,0.0,1007.9
2018-05-19 22:00:00,21.6,95,9.0,0.0,1008.0
2018-05-19 23:00:00,21.6,94,8.7,0.0,1008.0
2018-05-20 00:00:00,21.6,94,9.2,0.0,1007.8
2018-05-20 01:00:00,21.6,93,11.6,0.0,1007.2
2018-05-20 02:00:00,21.8,93,10.3,0.0,1007.1
2018-05-20 03:00:00,21.7,92,9.8,0.0,1007.0
2018-05-20 04:00:00,21.8,92,9.9,0.0,1007.4
2018-05-20 05:00:00,21.8,92,9.5,0.0,1007.6
2018-05-20 06:00:00,21.9,91,10.8,5.0,1008.2
2018-05-20 07:00:00,22.1,90,10.8,26.0,1008.6
2018-05-20 08:00:00,22.0,91,10.5,74.0,1009.4
2018-05-20 09:00:00,22.3,90,11.9,167.0,1009.2
2018-05-20 10:00:00,23.8,83,9.6,321.0,1009.3
2018-05-20 11:00:00,24.5,80,9.7,309.0,1009.4
2018-05-20 12:00:00,24.9,79,13.0,393.0,1009.1
2018-05-20 13:00:00,24.5,82,16.2,351.0,1009.0
2018-05-20 14:00:00,24.8,79,15.5,366.0,1008.5
2018-05-20 15:00:00,24.5,79,16.8,285.0,1008.5
2018-05-20 16:00:00,23.5,80,18.8,175.0,1008.5
2018-05-20 17:00:00,22.3,82,19.5,94.0,1009.2
2018-05-20 18:00:00,21.7,82,18.4,40.0,1009.5
2018-05-20 19:00:00,21.3,82,17.9,8.0,1009.8
2018-05-20 20:00:00,21.3,80,14.0,0.0,1011.0
2018-05-20 21:00:00,20.9,81,12.2,0.0,1011.3
2018-05-20 22:00:00,20.5,82,10.5,0.0,1011.3
2018-05-20 23:00:00,20.3,83,10.8,0.0,1011.0
2018-05-21 00:00:00,20.2,84,9.7,0.0,1010.6
2018-05-21 01:00:00,20.0,86,8.5,0.0,1010.2
2018-05-21 02:00:00,19.9,86,6.9,0.0,1010.0
2018-05-21 03:00:00,19.7,85,7.5,0.0,1009.9
2018-05-21 04:00:00,19.5,84,7.6,0.0,1010.3
2018-05-21 05:00:00,19.5,83,7.7,0.0,1010.6
2018-05-21 06:00:00,19.7,84,7.3,8.0,1011.0
2018-05-21 07:00:00,20.1,85,5.5,32.0,1011.4
2018-05-21 08:00:00,20.4,86,4.4,89.0,1011.7
2018-05-21 09:00:00,21.3,88,7.2,151.0,1011.6
2018-05-21 10:00:00,22.1,87,9.9,263.0,1011.4
2018-05-21 11:00:00,22.7,84,10.1,299.0,1011.5
2018-05-21 12:00:00,23.1,84,7.6,343.0,1010.8
2018-05-21 13:00:00,24.1,80,8.6,333.0,1010.1
2018-05-21 14:00:00,24.5,80,8.3,301.0,1009.4
2018-05-21 15:00:00,23.7,86,9.2,130.0,1009.1
2018-05-21 16:00:00,22.6,89,12.9,40.0,1009.0
2018-05-21 17:00:00,21.9,92,13.7,29.0,1008.8
2018-05-21 18:00:00,21.9,93,13.8,28.0,1008.9
2018-05-21 19:00:00,21.8,92,11.5,7.0,1009.3
2018-05-21 20:00:00,21.7,93,8.8,0.0,1009.9
2018-05-21 21:00:00,21.7,93,10.2,0.0,1010.1
2018-05-21 22:00:00,21.5,95,9.0,0.0,1010.2
2018-05-21 23:00:00,21.4,95,8.6,0.0,1010.0
2018-05-22 00:00:00,21.2,95,8.9,0.0,1009.2
2018-05-22 01:00:00,21.2,95,7.4,0.0,1008.8
2018-05-22 02:00:00,21.0,96,4.1,0.0,1008.4
2018-05-22 03:00:00,20.9,98,3.1,0.0,1008.0
2018-05-22 04:00:00,21.0,98,1.9,0.0,1008.1
2018-05-22 05:00:00,21.0,98,2.4,0.0,1008.3
2018-05-22 06:00:00,21.6,95,3.3,15.0,1008.8
2018-05-22 07:00:00,22.4,92,4.7,82.0,1009.0
2018-05-22 08:00:00,23.5,90,6.3,192.0,1009.0
2018-05-22 09:00:00,24.9,86,7.6,358.0,1009.0
2018-05-22 10:00:00,26.5,78,7.9,416.0,1008.7
2018-05-22 11:00:00,27.4,75,6.5,392.0,1008.2
2018-05-22 12:00:00,28.0,73,5.9,405.0,1007.4
2018-05-22 13:00:00,28.1,73,9.9,514.0,1006.8
2018-05-22 14:00:00,25.5,85,17.8,234.0,1006.7
2018-05-22 15:00:00,24.1,89,21.3,135.0,1007.1
2018-05-22 16:00:00,23.3,87,19.3,114.0,1007.2
2018-05-22 17:00:00,23.0,83,20.6,172.0,1007.9
2018-05-22 18:00:00,21.4,86,20.5,51.0,1008.5
2018-05-22 19:00:00,20.5,86,20.7,7.0,1009.3
2018-05-22 20:00:00,20.0,87,19.4,0.0,1010.7
2018-05-22 21:00:00,19.6,90,17.4,0.0,1011.6
2018-05-22 22:00:00,19.6,89,15.7,0.0,1011.8
2018-05-22 23:00:00,19.5,89,13.6,0.0,1011.7
2018-05-23 00:00:00,19.2,88,13.6,0.0,1011.9
2018-05-23 01:00:00,18.8,87,12.1,0.0,1011.7
2018-05-23 02:00:00,18.0,89,10.5,0.0,1011.6
2018-05-23 03:00:00,17.6,90,8.5,0.0,1012.0
2018-05-23 04:00:00,17.4,90,8.1,0.0,1012.3
2018-05-23 05:00:00,17.3,89,8.7,0.0,1012.8
2018-05-23 06:00:00,18.0,87,9.6,29.0,1013.4
2018-05-23 07:00:00,18.4,85,8.5,38.0,1014.0
2018-05-23 08:00:00,19.4,74,9.2,135.0,1014.5
2018-05-23 09:00:00,20.1,65,9.3,203.0,1014.4
2018-05-23 10:00:00,20.8,59,8.3,222.0,1014.7
2018-05-23 11:00:00,21.9,54,6.2,427.0,1014.4
2018-05-23 12:00:00,22.5,50,4.7,413.0,1014.0
2018-05-23 13:00:00,23.7,43,5.5,766.0,1013.1
2018-05-23 14:00:00,23.9,41,5.9,655.0,1012.2
2018-05-23 15:00:00,24.3,41,5.0,724.0,1011.7
2018-05-23 16:00:00,24.2,42,4.7,546.0,1011.3
2018-05-23 17:00:00,23.6,47,6.5,354.0,1010.9
2018-05-23 18:00:00,21.8,64,6.1,159.0,1010.8
2018-05-23 19:00:00,19.6,70,6.9,26.0,1010.8
2018-05-23 20:00:00,20.3,62,8.4,0.0,1010.5
2018-05-23 21:00:00,19.9,63,6.8,0.0,1010.2
2018-05-23 22:00:00,19.3,66,7.6,0.0,1010.2
2018-05-23 23:00:00,18.6,69,8.4,0.0,1010.5
2018-05-24 00:00:00,18.3,71,7.4,0.0,1010.0
2018-05-24 01:00:00,18.1,73,6.7,0.0,1009.3
2018-05-24 02:00:00,17.4,79,6.6,0.0,1009.0
2018-05-24 03:00:00,16.6,85,8.0,0.0,1008.9
2018-05-24 04:00:00,17.0,85,7.4,0.0,1008.9
2018-05-24 05:00:00,17.8,80,5.2,0.0,1009.4
2018-05-24 06:00:00,18.8,78,4.2,27.0,1009.4
2018-05-24 07:00:00,20.1,71,1.9,175.0,1009.9
2018-05-24 08:00:00,21.8,66,4.9,327.0,1010.0
2018-05-24 09:00:00,23.4,61,5.4,535.0,1010.0
2018-05-24 10:00:00,24.5,58,7.6,668.0,1009.8
2018-05-24 11:00:00,25.2,59,8.3,759.0,1009.6
2018-05-24 12:00:00,24.6,65,6.6,638.0,1009.0
2018-05-24 13:00:00,24.9,67,9.7,504.0,1008.2
2018-05-24 14:00:00,25.9,65,8.4,731.0,1007.4
2018-05-24 15:00:00,25.9,66,8.7,431.0,1006.3
2018-05-24 16:00:00,25.9,66,9.4,397.0,1005.7
2018-05-24 17:00:00,24.9,75,8.4,128.0,1005.3
2018-05-24 18:00:00,24.6,79,5.8,104.0,1005.5
2018-05-24 19:00:00,23.4,81,9.8,25.0,1005.4
2018-05-24 20:00:00,22.5,87,7.9,0.0,1005.1
2018-05-24 21:00:00,22.6,86,7.4,0.0,1005.2
2018-05-24 22:00:00,22.2,87,6.9,0.0,1005.2
2018-05-24 23:00:00,22.1,88,5.7,0.0,1005.2
2018-05-25 00:00:00,21.3,92,5.9,0.0,1004.9
2018-05-25 01:00:00,21.4,93,5.0,0.0,1004.0
2018-05-25 02:00:00,21.4,93,5.2,0.0,1003.8
2018-05-25 03:00:00,21.4,93,5.7,0.0,1003.2
2018-05-25 04:00:00,21.3,94,5.4,0.0,1003.1
2018-05-25 05:00:00,20.8,95,5.0,0.0,1003.4
2018-05-25 06:00:00,22.1,91,7.2,32.0,1003.6
2018-05-25 07:00:00,23.1,88,6.3,88.0,1003.8
2018-05-25 08:00:00,25.5,80,6.6,210.0,1002.9
2018-05-25 09:00:00,27.1,76,8.3,414.0,1002.5
2018-05-25 10:00:00,29.2,71,10.0,555.0,1001.9
2018-05-25 11:00:00,30.8,67,11.6,616.0,1001.5
2018-05-25 12:00:00,32.2,62,17.2,791.0,1000.6
2018-05-25 13:00:00,32.2,63,19.9,779.0,1000.0
2018-05-25 14:00:00,32.4,63,18.0,670.0,999.1
2018-05-25 15:00:00,31.6,67,12.5,387.0,998.7
2018-05-25 16:00:00,31.4,69,12.5,334.0,999.0
2018-05-25 17:00:00,30.1,77,6.6,140.0,999.5
2018-05-25 18:00:00,29.2,85,3.8,66.0,999.6
2018-05-25 19:00:00,28.8,81,2.3,14.0,1000.1
2018-05-25 20:00:00,26.8,90,8.6,0.0,999.9
2018-05-25 21:00:00,26.0,92,10.1,0.0,1000.0
2018-05-25 22:00:00,24.7,95,11.3,0.0,1001.2
2018-05-25 23:00:00,24.0,96,8.4,0.0,1001.2
2018-05-26 00:00:00,23.6,98,4.2,0.0,1001.0
2018-05-26 01:00:00,23.6,97,2.9,0.0,1000.5
2018-05-26 02:00:00,23.4,98,2.9,0.0,1000.6
2018-05-26 03:00:00,23.3,98,6.2,0.0,1001.1
2018-05-26 04:00:00,23.1,98,3.1,0.0,1001.1
2018-05-26 05:00:00,22.9,98,2.2,0.0,1001.3
2018-05-26 06:00:00,23.1,98,4.0,5.0,1002.1
2018-05-26 07:00:00,23.6,97,5.2,59.0,1003.1
2018-05-26 08:00:00,23.3,96,6.2,73.0,1004.8
2018-05-26 09:00:00,23.2,97,9.0,18.0,1005.4
2018-05-26 10:00:00,23.6,93,5.4,87.0,1005.3
2018-05-26 11:00:00,24.9,85,6.8,230.0,1005.6
2018-05-26 12:00:00,26.0,79,8.1,288.0,1005.6
2018-05-26 13:00:00,25.9,78,9.4,188.0,1005.8
2018-05-26 14:00:00,24.9,81,12.6,105.0,1005.5
2018-05-26 15:00:00,24.7,82,12.2,121.0,1005.4
2018-05-26 16:00:00,25.4,78,9.4,191.0,1005.3
2018-05-26 17:00:00,25.8,76,6.0,131.0,1005.3
2018-05-26 18:00:00,25.1,80,6.2,58.0,1005.8
2018-05-26 19:00:00,24.6,79,7.6,9.0,1006.4
2018-05-26 20:00:00,23.5,83,10.1,0.0,1007.2
2018-05-26 21:00:00,23.4,84,10.5,0.0,1007.8
2018-05-26 22:00:00,23.2,87,7.4,0.0,1008.4
2018-05-26 23:00:00,22.7,92,6.9,0.0,1008.4
2018-05-27 00:00:00,22.4,93,5.4,0.0,1008.4
2018-05-27 01:00:00,22.2,93,4.7,0.0,1008.0
2018-05-27 02:00:00,22.1,93,4.8,0.0,1007.8
2018-05-27 03:00:00,22.0,93,4.7,0.0,1007.8
2018-05-27 04:00:00,21.8,94,7.1,0.0,1008.0
2018-05-27 05:00:00,21.3,95,9.6,0.0,1008.1
2018-05-27 06:00:00,20.9,95,7.4,3.0,1008.2
2018-05-27 07:00:00,20.8,94,5.8,13.0,1008.6
2018-05-27 08:00:00,20.8,93,6.9,27.0,1009.3
2018-05-27 09:00:00,21.3,91,6.5,77.0,1009.1
2018-05-27 10:00:00,21.9,87,5.9,113.0,1009.0
2018-05-27 11:00:00,22.5,85,4.0,131.0,1009.0
2018-05-27 12:00:00,22.9,83,5.8,126.0,1008.7
2018-05-27 13:00:00,22.7,86,7.9,73.0,1008.5
2018-05-27 14:00:00,23.0,84,4.0,113.0,1007.9
2018-05-27 15:00:00,23.9,81,4.2,240.0,1007.4
2018-05-27 16:00:00,24.2,79,5.0,206.0,1007.1
2018-05-27 17:00:00,23.9,81,2.3,60.0,1007.4
2018-05-27 18:00:00,23.4,87,2.5,12.0,1007.4
2018-05-27 19:00:00,23.0,90,4.5,5.0,1007.8
2018-05-27 20:00:00,22.6,92,3.5,0.0,1008.3
2018-05-27 21:00:00,22.5,92,3.4,0.0,1008.5
2018-05-27 22:00:00,22.0,93,4.2,0.0,1008.9
2018-05-27 23:00:00,21.6,94,4.4,0.0,1008.9
2018-05-28 00:00:00,21.0,96,4.3,0.0,1008.6
2018-05-28 01:00:00,20.8,96,4.0,0.0,1007.9
2018-05-28 02:00:00,20.1,98,5.2,0.0,1007.5
2018-05-28 03:00:00,19.8,98,5.2,0.0,1007.4
2018-05-28 04:00:00,19.7,98,4.7,0.0,1007.7
2018-05-28 05:00:00,19.8,98,4.7,0.0,1007.7
2018-05-28 06:00:00,20.7,95,6.5,34.0,1008.2
2018-05-28 07:00:00,22.3,92,4.7,152.0,1008.8
2018-05-28 08:00:00,24.3,85,2.9,330.0,1008.9
2018-05-28 09:00:00,25.8,75,4.2,520.0,1009.0
2018-05-28 10:00:00,26.6,70,4.0,581.0,1008.8
2018-05-28 11:00:00,26.9,67,2.7,484.0,1009.1
2018-05-28 12:00:00,27.8,63,1.3,697.0,1008.6
2018-05-28 13:00:00,28.3,58,0.8,807.0,1008.0
2018-05-28 14:00:00,28.5,57,2.1,696.0,1007.3
2018-05-28 15:00:00,28.1,58,2.0,394.0,1006.9
2018-05-28 16:00:00,28.0,59,3.1,347.0,1006.5
2018-05-28 17:00:00,27.5,64,6.1,276.0,1006.6
2018-05-28 18:00:00,26.3,75,3.7,120.0,1007.1
2018-05-28 19:00:00,25.5,73,5.5,20.0,1007.5
2018-05-28 20:00:00,26.1,70,3.0,0.0,1007.8
2018-05-28 21:00:00,25.6,73,1.1,0.0,1008.3
2018-05-28 22:00:00,24.9,78,1.3,0.0,1008.9
2018-05-28 23:00:00,24.4,82,3.5,0.0,1009.0
2018-05-29 00:00:00,22.4,91,4.8,0.0,1008.6
2018-05-29 01:00:00,21.5,93,5.5,0.0,1008.1
2018-05-29 02:00:00,21.5,92,5.2,0.0,1008.0
2018-05-29 03:00:00,21.8,90,4.4,0.0,1007.5
2018-05-29 04:00:00,22.0,90,4.8,0.0,1007.7
2018-05-29 05:00:00,21.9,92,5.2,0.0,1008.2
2018-05-29 06:00:00,23.0,85,1.8,9.0,1008.6
2018-05-29 07:00:00,23.1,90,3.3,31.0,1009.1
2018-05-29 08:00:00,23.6,89,2.5,89.0,1009.5
2018-05-29 09:00:00,24.6,85,2.1,166.0,1009.7
2018-05-29 10:00:00,25.6,81,4.5,287.0,1009.6
2018-05-29 11:00:00,26.3,78,4.3,322.0,1009.7
2018-05-29 12:00:00,27.1,73,2.5,406.0,1008.9
2018-05-29 13:00:00,27.4,70,1.6,326.0,1008.4
2018-05-29 14:00:00,27.5,71,3.4,285.0,1007.6
2018-05-29 15:00:00,27.9,69,4.2,415.0,1007.1
2018-05-29 16:00:00,27.9,68,5.4,369.0,1006.7
2018-05-29 17:00:00,27.5,71,8.0,225.0,1006.7
2018-05-29 18:00:00,26.2,80,7.9,76.0,1007.2
2018-05-29 19:00:00,25.1,86,5.5,11.0,1007.6
2018-05-29 20:00:00,24.0,91,6.0,0.0,1008.6
2018-05-29 21:00:00,23.8,94,5.0,0.0,1008.7
2018-05-29 22:00:00,23.0,96,5.4,0.0,1009.1
2018-05-29 23:00:00,23.4,95,4.3,0.0,1009.3
2018-05-30 00:00:00,22.9,96,6.0,0.0,1008.9
2018-05-30 01:00:00,22.6,95,5.1,0.0,1008.6
2018-05-30 02:00:00,21.6,97,6.2,0.0,1008.3
2018-05-30 03:00:00,21.4,97,5.3,0.0,1008.2
2018-05-30 04:00:00,21.3,96,4.3,0.0,1008.7
2018-05-30 05:00:00,21.8,93,1.6,0.0,1008.8
2018-05-30 06:00:00,21.9,93,6.5,28.0,1009.3
2018-05-30 07:00:00,22.4,91,5.4,90.0,1009.5
2018-05-30 08:00:00,24.4,87,4.0,184.0,1009.6
2018-05-30 09:00:00,25.2,82,0.8,261.0,1009.7
2018-05-30 10:00:00,25.5,78,1.8,171.0,1009.7
2018-05-30 11:00:00,25.5,80,1.9,128.0,1009.7
2018-05-30 12:00:00,26.6,76,4.0,350.0,1009.3
2018-05-30 13:00:00,28.1,63,2.8,622.0,1008.5
2018-05-30 14:00:00,29.0,56,7.4,694.0,1007.7
2018-05-30 15:00:00,29.1,56,7.9,614.0,1007.2
2018-05-30 16:00:00,29.0,58,9.0,514.0,1007.0
2018-05-30 17:00:00,27.7,70,11.8,280.0,1007.3
2018-05-30 18:00:00,25.7,84,13.7,95.0,1007.7
2018-05-30 19:00:00,24.9,88,7.8,12.0,1008.1
2018-05-30 20:00:00,24.2,78,3.9,0.0,1009.0
2018-05-30 21:00:00,24.1,79,3.5,0.0,1009.5
2018-05-30 22:00:00,24.5,75,3.4,0.0,1010.0
2018-05-30 23:00:00,24.2,79,2.5,0.0,1010.0
2018-05-31 00:00:00,22.9,91,4.0,0.0,1009.6
2018-05-31 01:00:00,22.8,96,4.2,0.0,1009.1
2018-05-31 02:00:00,22.5,98,3.7,0.0,1008.6
2018-05-31 03:00:00,22.6,99,3.4,0.0,1008.5
2018-05-31 04:00:00,22.7,98,7.9,0.0,1008.5
2018-05-31 05:00:00,22.5,97,10.4,0.0,1008.9
2018-05-31 06:00:00,22.3,94,10.4,3.0,1009.4
2018-05-31 07:00:00,21.7,89,9.7,14.0,1010.1
2018-05-31 08:00:00,20.6,87,11.0,29.0,1011.9
2018-05-31 09:00:00,19.7,88,12.3,58.0,1012.2
2018-05-31 10:00:00,20.0,87,12.4,73.0,1012.7
2018-05-31 11:00:00,19.8,88,15.1,55.0,1013.7
2018-05-31 12:00:00,18.2,85,18.9,64.0,1014.0
2018-05-31 13:00:00,18.1,85,17.8,89.0,1014.1
2018-05-31 14:00:00,18.6,82,13.6,101.0,1013.7
2018-05-31 15:00:00,18.6,82,11.6,67.0,1013.4
2018-05-31 16:00:00,18.8,82,9.0,52.0,1013.5
2018-05-31 17:00:00,18.8,82,10.0,36.0,1013.2
2018-05-31 18:00:00,18.8,81,3.2,38.0,1013.6
2018-05-31 19:00:00,18.0,83,3.1,15.0,1013.5
2018-05-31 20:00:00,19.2,77,2.9,0.0,1014.1
2018-05-31 21:00:00,19.2,78,1.1,0.0,1014.0
2018-05-31 22:00:00,19.2,76,2.2,0.0,1014.1
2018-05-31 23:00:00,18.8,80,2.3,0.0,1014.3
2018-06-01 00:00:00,18.5,83,2.4,0.0,1014.0
2018-06-01 01:00:00,17.9,87,3.0,0.0,1013.7
2018-06-01 02:00:00,16.4,93,4.7,0.0,1013.4
2018-06-01 03:00:00,15.2,97,6.6,0.0,1013.6
2018-06-01 04:00:00,15.1,97,5.9,0.0,1013.7
2018-06-01 05:00:00,14.5,97,5.6,0.0,1013.8
2018-06-01 06:00:00,16.4,94,2.5,39.0,1014.3
2018-06-01 07:00:00,18.3,85,0.7,183.0,1014.6
2018-06-01 08:00:00,20.5,74,0.7,398.0,1015.0
2018-06-01 09:00:00,22.3,66,0.8,590.0,1015.0
2018-06-01 10:00:00,23.6,64,3.3,744.0,1014.9
2018-06-01 11:00:00,24.8,58,8.4,844.0,1014.9
2018-06-01 12:00:00,25.0,56,7.0,613.0,1014.3
2018-06-01 13:00:00,25.5,54,8.1,608.0,1013.9
2018-06-01 14:00:00,25.7,53,9.0,600.0,1013.1
2018-06-01 15:00:00,25.8,53,9.3,590.0,1012.6
2018-06-01 16:00:00,25.8,52,8.7,490.0,1012.3
2018-06-01 17:00:00,24.6,62,13.5,357.0,1012.1
2018-06-01 18:00:00,22.3,64,13.9,177.0,1012.3
2018-06-01 19:00:00,20.7,63,11.5,34.0,1012.7
2018-06-01 20:00:00,20.4,69,10.9,0.0,1013.2
2018-06-01 21:00:00,19.9,72,10.3,0.0,1013.6
2018-06-01 22:00:00,19.3,75,8.7,0.0,1014.1
2018-06-01 23:00:00,18.6,76,7.8,0.0,1014.0
2018-06-02 00:00:00,17.4,80,6.5,0.0,1013.5
2018-06-02 01:00:00,16.6,85,7.8,0.0,1013.3
2018-06-02 02:00:00,18.0,78,5.4,0.0,1012.9
2018-06-02 03:00:00,18.2,80,5.0,0.0,1012.9
2018-06-02 04:00:00,16.5,89,5.7,0.0,1012.9
2018-06-02 05:00:00,15.7,96,6.3,0.0,1013.0
2018-06-02 06:00:00,17.4,95,2.8,27.0,1013.2
2018-06-02 07:00:00,18.1,91,4.7,91.0,1013.6
2018-06-02 08:00:00,18.8,86,5.1,160.0,1013.9
2018-06-02 09:00:00,19.7,80,3.2,230.0,1014.3
2018-06-02 10:00:00,21.1,73,3.6,468.0,1014.0
2018-06-02 11:00:00,21.9,68,5.9,521.0,1013.8
2018-06-02 12:00:00,22.4,65,6.5,466.0,1013.1
2018-06-02 13:00:00,22.8,64,4.3,418.0,1012.7
2018-06-02 14:00:00,22.5,65,2.9,225.0,1012.1
2018-06-02 15:00:00,22.2,67,2.9,129.0,1011.6
2018-06-02 16:00:00,21.7,72,4.2,84.0,1011.1
2018-06-02 17:00:00,21.2,77,3.1,41.0,1010.8
2018-06-02 18:00:00,21.1,77,2.1,60.0,1010.7
2018-06-02 19:00:00,20.9,78,1.1,7.0,1011.0
2018-06-02 20:00:00,20.6,86,2.7,0.0,1011.3
2018-06-02 21:00:00,20.6,85,2.9,0.0,1011.1
2018-06-02 22:00:00,20.3,91,2.3,0.0,1011.1
2018-06-02 23:00:00,20.2,91,2.4,0.0,1011.3
2018-06-03 00:00:00,20.0,91,3.8,0.0,1010.7
2018-06-03 01:00:00,19.7,91,5.0,0.0,1010.2
2018-06-03 02:00:00,19.2,91,5.9,0.0,1010.0
2018-06-03 03:00:00,19.0,92,4.3,0.0,1009.6
2018-06-03 04:00:00,18.7,92,6.6,0.0,1009.7
2018-06-03 05:00:00,18.5,91,7.2,0.0,1009.9
2018-06-03 06:00:00,18.4,92,7.1,4.0,1010.2
2018-06-03 07:00:00,19.0,90,4.2,21.0,1010.3
2018-06-03 08:00:00,20.0,88,4.4,38.0,1010.8
2018-06-03 09:00:00,20.7,75,7.5,119.0,1010.6
2018-06-03 10:00:00,21.3,74,6.6,219.0,1010.4
2018-06-03 11:00:00,22.7,68,7.4,559.0,1010.5
2018-06-03 12:00:00,23.5,68,6.0,665.0,1010.0
2018-06-03 13:00:00,23.6,68,5.2,454.0,1009.5
2018-06-03 14:00:00,23.5,68,5.8,313.0,1009.0
2018-06-03 15:00:00,24.1,66,7.5,448.0,1008.4
2018-06-03 16:00:00,24.3,65,6.9,418.0,1007.9
2018-06-03 17:00:00,23.9,68,7.9,202.0,1007.6
2018-06-03 18:00:00,23.3,74,8.7,101.0,1007.6
2018-06-03 19:00:00,21.9,81,5.4,21.0,1008.0
2018-06-03 20:00:00,21.4,86,6.7,0.0,1009.1
2018-06-03 21:00:00,20.6,90,6.2,0.0,1009.3
2018-06-03 22:00:00,19.9,94,4.7,0.0,1009.5
2018-06-03 23:00:00,19.1,97,6.2,0.0,1009.6
2018-06-04 00:00:00,19.3,98,6.2,0.0,1009.4
2018-06-04 01:00:00,20.0,97,3.1,0.0,1009.1
2018-06-04 02:00:00,18.1,100,3.1,0.0,1009.0
2018-06-04 03:00:00,17.5,100,4.6,0.0,1009.2
2018-06-04 04:00:00,17.9,100,2.9,0.0,1009.2
2018-06-04 05:00:00,18.2,100,3.3,0.0,1009.2
2018-06-04 06:00:00,18.9,97,3.1,18.0,1009.1
2018-06-04 07:00:00,20.0,94,1.8,80.0,1009.2
2018-06-04 08:00:00,22.9,79,2.5,183.0,1009.7
2018-06-04 09:00:00,24.6,74,2.6,494.0,1009.5
2018-06-04 10:00:00,26.0,70,2.6,695.0,1009.1
2018-06-04 11:00:00,26.6,60,7.4,706.0,1009.2
2018-06-04 12:00:00,26.6,56,5.8,600.0,1008.9
2018-06-04 13:00:00,27.3,55,3.4,789.0,1008.3
2018-06-04 14:00:00,27.9,52,2.9,745.0,1007.6
2018-06-04 15:00:00,28.5,47,2.0,653.0,1007.0
2018-06-04 16:00:00,28.6,45,2.6,513.0,1006.8
2018-06-04 17:00:00,27.7,54,3.7,271.0,1006.8
2018-06-04 18:00:00,25.6,78,3.4,96.0,1007.2
2018-06-04 19:00:00,24.3,77,6.5,10.0,1007.8
2018-06-04 20:00:00,23.0,84,5.7,0.0,1008.8
2018-06-04 21:00:00,23.2,86,5.4,0.0,1009.0
2018-06-04 22:00:00,22.5,92,4.2,0.0,1009.2
2018-06-04 23:00:00,22.5,92,5.4,0.0,1009.1
2018-06-05 00:00:00,22.4,91,7.9,0.0,1008.8
2018-06-05 01:00:00,22.4,88,7.6,0.0,1008.8
2018-06-05 02:00:00,22.3,87,9.0,0.0,1008.7
2018-06-05 03:00:00,21.8,89,6.1,0.0,1009.0
2018-06-05 04:00:00,21.2,88,6.5,0.0,1009.6
2018-06-05 05:00:00,20.9,84,7.6,0.0,1009.9
2018-06-05 06:00:00,19.6,82,6.2,9.0,1010.2
2018-06-05 07:00:00,19.7,81,10.7,50.0,1010.2
2018-06-05 08:00:00,19.8,81,10.9,118.0,1010.7
2018-06-05 09:00:00,20.7,78,9.5,120.0,1010.6
2018-06-05 10:00:00,20.9,80,8.2,102.0,1011.1
2018-06-05 11:00:00,21.7,74,6.1,201.0,1011.1
2018-06-05 12:00:00,21.9,72,6.0,215.0,1010.7
2018-06-05 13:00:00,21.5,74,5.5,197.0,1010.6
2018-06-05 14:00:00,20.9,80,5.8,154.0,1010.0
2018-06-05 15:00:00,20.8,79,7.7,133.0,1009.7
2018-06-05 16:00:00,20.9,79,7.8,153.0,1009.4
2018-06-05 17:00:00,21.0,81,6.4,91.0,1009.0
2018-06-05 18:00:00,20.9,83,4.7,49.0,1009.2
2018-06-05 19:00:00,19.9,89,4.7,7.0,1009.8
2018-06-05 20:00:00,21.2,88,5.0,0.0,1009.1
2018-06-05 21:00:00,21.2,88,5.1,0.0,1009.9
2018-06-05 22:00:00,20.9,90,2.9,0.0,1010.3
2018-06-05 23:00:00,20.6,91,2.5,0.0,1010.4
2018-06-06 00:00:00,20.5,91,3.8,0.0,1009.9
2018-06-06 01:00:00,20.2,93,3.9,0.0,1009.5
2018-06-06 02:00:00,19.8,94,4.3,0.0,1009.0
2018-06-06 03:00:00,19.6,96,4.6,0.0,1008.6
2018-06-06 04:00:00,19.6,97,4.0,0.0,1008.7
2018-06-06 05:00:00,19.6,96,5.2,0.0,1008.7
2018-06-06 06:00:00,20.2,92,3.2,22.0,1009.0
2018-06-06 07:00:00,20.7,89,1.8,79.0,1009.4
2018-06-06 08:00:00,22.1,83,3.1,218.0,1010.0
2018-06-06 09:00:00,22.9,79,3.3,315.0,1009.8
2018-06-06 10:00:00,24.0,75,3.6,523.0,1009.7
2018-06-06 11:00:00,25.1,71,4.8,649.0,1009.8
2018-06-06 12:00:00,26.0,68,5.4,730.0,1009.5
2018-06-06 13:00:00,26.7,65,6.5,747.0,1008.6
2018-06-06 14:00:00,26.8,65,8.7,568.0,1007.8
2018-06-06 15:00:00,26.3,68,10.7,375.0,1007.3
2018-06-06 16:00:00,26.1,71,12.5,379.0,1007.0
2018-06-06 17:00:00,25.7,73,13.4,358.0,1006.9
2018-06-06 18:00:00,24.3,78,11.3,143.0,1007.6
2018-06-06 19:00:00,22.8,84,10.3,26.0,1007.8
2018-06-06 20:00:00,22.3,87,8.4,0.0,1008.3
2018-06-06 21:00:00,22.0,90,6.8,0.0,1008.7
2018-06-06 22:00:00,21.8,92,5.2,0.0,1009.3
2018-06-06 23:00:00,21.6,93,5.5,0.0,1009.2
2018-06-07 00:00:00,21.7,92,3.4,0.0,1009.0
2018-06-07 01:00:00,20.6,97,5.0,0.0,1008.6
2018-06-07 02:00:00,20.5,97,4.4,0.0,1008.2
2018-06-07 03:00:00,19.9,98,5.7,0.0,1008.2
2018-06-07 04:00:00,19.9,98,5.3,0.0,1008.2
2018-06-07 05:00:00,20.4,99,4.7,0.0,1008.5
2018-06-07 06:00:00,20.7,99,1.3,30.0,1008.9
2018-06-07 07:00:00,21.7,94,0.0,132.0,1009.1
2018-06-07 08:00:00,23.1,89,1.6,302.0,1009.7
2018-06-07 09:00:00,25.4,81,1.8,535.0,1009.3
2018-06-07 10:00:00,26.9,74,4.0,608.0,1009.1
2018-06-07 11:00:00,27.8,67,6.5,649.0,1008.7
2018-06-07 12:00:00,28.4,64,7.7,717.0,1008.0
2018-06-07 13:00:00,28.8,63,7.9,791.0,1007.5
2018-06-07 14:00:00,28.5,66,9.8,688.0,1006.8
2018-06-07 15:00:00,27.9,67,10.2,497.0,1006.7
2018-06-07 16:00:00,27.7,66,11.2,394.0,1006.2
2018-06-07 17:00:00,26.5,75,13.1,250.0,1006.1
2018-06-07 18:00:00,25.0,82,11.3,116.0,1006.4
2018-06-07 19:00:00,23.6,87,9.4,32.0,1007.0
2018-06-07 20:00:00,23.4,88,9.3,0.0,1007.4
2018-06-07 21:00:00,23.2,89,8.3,0.0,1007.9
2018-06-07 22:00:00,22.8,91,6.3,0.0,1008.2
2018-06-07 23:00:00,22.5,93,5.4,0.0,1007.9
2018-06-08 00:00:00,22.3,94,4.2,0.0,1007.3
2018-06-08 01:00:00,22.0,96,3.3,0.0,1006.9
2018-06-08 02:00:00,21.8,97,2.9,0.0,1006.5
2018-06-08 03:00:00,21.7,98,3.3,0.0,1006.2
2018-06-08 04:00:00,21.7,98,3.7,0.0,1006.1
2018-06-08 05:00:00,21.6,98,6.0,0.0,1006.2
2018-06-08 06:00:00,22.1,96,7.3,19.0,1006.3
2018-06-08 07:00:00,23.0,91,7.4,75.0,1006.6
2018-06-08 08:00:00,23.6,89,6.9,130.0,1006.7
2018-06-08 09:00:00,24.7,84,5.5,180.0,1006.6
2018-06-08 10:00:00,25.4,82,4.4,202.0,1006.3
2018-06-08 11:00:00,26.2,78,5.3,246.0,1006.5
2018-06-08 12:00:00,26.4,78,7.9,212.0,1005.8
2018-06-08 13:00:00,26.1,80,7.8,207.0,1005.5
2018-06-08 14:00:00,25.9,81,8.7,202.0,1005.2
2018-06-08 15:00:00,25.7,81,10.2,176.0,1005.0
2018-06-08 16:00:00,25.1,84,12.7,148.0,1004.7
2018-06-08 17:00:00,24.2,86,13.4,76.0,1004.6
2018-06-08 18:00:00,23.5,88,10.8,38.0,1004.9
2018-06-08 19:00:00,22.9,92,9.8,14.0,1004.9
2018-06-08 20:00:00,22.9,93,8.0,0.0,1005.5
2018-06-08 21:00:00,22.6,94,5.8,0.0,1005.3
2018-06-08 22:00:00,22.3,96,4.1,0.0,1005.3
2018-06-08 23:00:00,22.3,96,7.1,0.0,1005.0
2018-06-09 00:00:00,22.1,96,8.2,0.0,1004.5
2018-06-09 01:00:00,21.7,96,8.2,0.0,1003.8
2018-06-09 02:00:00,21.5,96,9.7,0.0,1003.4
2018-06-09 03:00:00,21.2,97,8.9,0.0,1003.0
2018-06-09 04:00:00,21.1,97,9.2,0.0,1002.9
2018-06-09 05:00:00,21.2,96,11.2,0.0,1002.9
2018-06-09 06:00:00,21.4,93,11.6,16.0,1003.0
2018-06-09 07:00:00,21.8,90,12.7,55.0,1002.9
2018-06-09 08:00:00,22.0,93,9.4,91.0,1002.5
2018-06-09 09:00:00,22.6,90,8.8,127.0,1002.2
2018-06-09 10:00:00,23.4,86,7.2,229.0,1001.7
2018-06-09 11:00:00,24.0,83,4.1,262.0,1001.8
2018-06-09 12:00:00,24.4,80,4.2,180.0,1001.3
2018-06-09 13:00:00,25.8,76,4.0,334.0,1000.7
2018-06-09 14:00:00,26.2,75,1.8,285.0,1000.2
2018-06-09 15:00:00,25.8,79,4.4,111.0,999.6
2018-06-09 16:00:00,26.2,77,4.9,207.0,999.3
2018-06-09 17:00:00,26.1,78,9.3,240.0,999.1
2018-06-09 18:00:00,25.0,84,9.7,118.0,999.4
2018-06-09 19:00:00,24.0,88,7.3,18.0,999.8
2018-06-09 20:00:00,22.7,90,6.1,0.0,1001.5
2018-06-09 21:00:00,22.3,93,6.1,0.0,1001.6
2018-06-09 22:00:00,21.8,95,8.4,0.0,1001.8
2018-06-09 23:00:00,21.5,96,8.0,0.0,1001.8
2018-06-10 00:00:00,21.3,97,6.9,0.0,1001.5
2018-06-10 01:00:00,21.2,97,8.6,0.0,1001.2
2018-06-10 02:00:00,21.0,97,7.8,0.0,1000.8
2018-06-10 03:00:00,20.9,97,6.4,0.0,1000.5
2018-06-10 04:00:00,20.8,97,6.5,0.0,1000.5
2018-06-10 05:00:00,20.7,97,5.8,0.0,1000.6
2018-06-10 06:00:00,20.8,96,6.5,13.0,1001.0
2018-06-10 07:00:00,21.1,96,6.5,58.0,1001.4
2018-06-10 08:00:00,21.4,93,6.8,111.0,1002.5
2018-06-10 09:00:00,21.7,94,7.6,114.0,1002.2
2018-06-10 10:00:00,22.1,93,5.8,157.0,1002.0
2018-06-10 11:00:00,23.0,88,9.2,412.0,1001.9
2018-06-10 12:00:00,23.5,82,9.4,379.0,1001.5
2018-06-10 13:00:00,24.4,76,8.7,363.0,1001.1
2018-06-10 14:00:00,25.1,71,8.7,378.0,1000.3
2018-06-10 15:00:00,25.6,69,8.5,395.0,999.8
2018-06-10 16:00:00,24.7,75,10.1,221.0,999.7
2018-06-10 17:00:00,23.9,81,8.3,83.0,999.8
2018-06-10 18:00:00,23.7,82,5.1,73.0,1000.1
2018-06-10 19:00:00,22.4,87,5.4,33.0,1000.4
2018-06-10 20:00:00,21.3,93,4.7,0.0,1001.4
2018-06-10 21:00:00,21.3,94,3.4,0.0,1001.6
2018-06-10 22:00:00,20.3,96,5.4,0.0,1001.9
2018-06-10 23:00:00,19.9,95,7.2,0.0,1002.3
2018-06-11 00:00:00,19.5,95,7.6,0.0,1001.8
2018-06-11 01:00:00,19.4,95,7.2,0.0,1001.6
2018-06-11 02:00:00,19.3,95,6.8,0.0,1001.0
2018-06-11 03:00:00,19.0,95,6.4,0.0,1000.9
2018-06-11 04:00:00,18.3,96,6.2,0.0,1001.2
2018-06-11 05:00:00,17.7,96,5.7,0.0,1001.5
2018-06-11 06:00:00,19.0,92,9.2,45.0,1001.8
2018-06-11 07:00:00,20.8,86,8.9,196.0,1002.1
2018-06-11 08:00:00,22.9,79,10.0,391.0,1001.7
2018-06-11 09:00:00,25.1,70,9.9,584.0,1001.7
2018-06-11 10:00:00,26.9,58,11.7,751.0,1001.8
2018-06-11 11:00:00,28.0,53,12.9,840.0,1001.7
2018-06-11 12:00:00,28.6,50,15.3,882.0,1001.5
2018-06-11 13:00:00,28.8,51,16.3,870.0,1000.8
2018-06-11 14:00:00,29.2,50,15.0,812.0,1000.3
2018-06-11 15:00:00,29.2,51,14.0,704.0,999.6
2018-06-11 16:00:00,28.9,54,11.5,516.0,999.4
2018-06-11 17:00:00,28.4,61,7.1,330.0,999.4
2018-06-11 18:00:00,27.0,73,4.6,166.0,999.5
2018-06-11 19:00:00,24.5,79,7.8,35.0,999.9
2018-06-11 20:00:00,25.4,72,3.9,0.0,1000.6
2018-06-11 21:00:00,23.3,84,3.3,0.0,1001.1
2018-06-11 22:00:00,23.0,85,4.3,0.0,1001.9
2018-06-11 23:00:00,22.7,85,4.6,0.0,1002.1
2018-06-12 00:00:00,21.4,91,7.2,0.0,1002.1
2018-06-12 01:00:00,20.8,91,7.4,0.0,1002.2
2018-06-12 02:00:00,20.4,91,6.5,0.0,1001.9
2018-06-12 03:00:00,20.0,91,6.6,0.0,1001.9
2018-06-12 04:00:00,19.9,91,7.1,0.0,1002.5
2018-06-12 05:00:00,20.4,86,7.4,0.0,1002.7
2018-06-12 06:00:00,21.4,88,4.7,26.0,1002.9
2018-06-12 07:00:00,23.1,77,4.0,146.0,1003.0
2018-06-12 08:00:00,25.0,74,5.4,268.0,1003.3
2018-06-12 09:00:00,26.2,72,5.6,374.0,1003.2
2018-06-12 10:00:00,27.4,68,6.6,491.0,1003.2
2018-06-12 11:00:00,28.8,62,6.9,654.0,1003.1
2018-06-12 12:00:00,29.8,58,7.6,681.0,1002.5
2018-06-12 13:00:00,30.5,54,7.6,714.0,1001.8
2018-06-12 14:00:00,30.8,53,6.6,652.0,1001.2
2018-06-12 15:00:00,30.6,55,6.0,457.0,1000.6
2018-06-12 16:00:00,30.5,57,7.4,440.0,1000.2
2018-06-12 17:00:00,30.1,63,8.2,383.0,1000.1
2018-06-12 18:00:00,28.2,73,7.6,189.0,1000.3
2018-06-12 19:00:00,25.1,82,7.4,42.0,1000.5
2018-06-12 20:00:00,23.6,88,9.7,0.0,1000.4
2018-06-12 21:00:00,22.9,90,8.5,0.0,1000.7
2018-06-12 22:00:00,22.4,89,6.9,0.0,1000.9
2018-06-12 23:00:00,21.9,88,6.3,0.0,1001.0
2018-06-13 00:00:00,21.1,89,7.0,0.0,1000.9
2018-06-13 01:00:00,20.6,89,7.8,0.0,1000.8
2018-06-13 02:00:00,20.0,91,8.5,0.0,1000.8
2018-06-13 03:00:00,19.8,91,8.1,0.0,1000.9
2018-06-13 04:00:00,19.9,92,7.4,0.0,1001.0
2018-06-13 05:00:00,19.6,91,8.1,0.0,1001.1
2018-06-13 06:00:00,21.7,86,5.3,44.0,1001.4
2018-06-13 07:00:00,23.7,78,4.0,188.0,1001.7
2018-06-13 08:00:00,25.9,71,3.3,372.0,1001.5
2018-06-13 09:00:00,27.7,66,2.1,538.0,1001.3
2018-06-13 10:00:00,28.7,62,2.5,581.0,1001.0
2018-06-13 11:00:00,29.8,60,3.6,686.0,1000.9
2018-06-13 12:00:00,30.4,58,4.9,660.0,1000.3
2018-06-13 13:00:00,31.3,50,6.6,757.0,999.6
2018-06-13 14:00:00,31.2,47,9.4,536.0,999.1
2018-06-13 15:00:00,31.5,47,7.1,591.0,998.7
2018-06-13 16:00:00,31.7,47,6.2,514.0,998.5
2018-06-13 17:00:00,30.0,62,9.5,319.0,998.3
2018-06-13 18:00:00,27.7,69,10.7,134.0,998.4
2018-06-13 19:00:00,26.8,70,11.9,32.0,998.6
2018-06-13 20:00:00,26.4,72,12.2,0.0,998.5
2018-06-13 21:00:00,26.9,57,17.4,0.0,999.0
2018-06-13 22:00:00,26.3,60,16.7,0.0,999.6
2018-06-13 23:00:00,25.6,63,14.1,0.0,1000.1
2018-06-14 00:00:00,24.7,68,9.5,0.0,1000.4
2018-06-14 01:00:00,23.4,80,5.8,0.0,1000.3
2018-06-14 02:00:00,22.8,84,5.6,0.0,1000.1
2018-06-14 03:00:00,21.9,88,6.0,0.0,1000.1
2018-06-14 04:00:00,21.0,90,6.8,0.0,1000.2
2018-06-14 05:00:00,20.2,91,7.5,0.0,1000.3
2018-06-14 06:00:00,22.2,85,6.3,44.0,1000.5
2018-06-14 07:00:00,23.9,74,6.2,192.0,1000.6
2018-06-14 08:00:00,25.0,62,4.5,384.0,1000.9
2018-06-14 09:00:00,26.4,56,5.9,576.0,1000.6
2018-06-14 10:00:00,27.4,53,5.6,746.0,1000.4
2018-06-14 11:00:00,28.3,51,5.2,868.0,1000.5
2018-06-14 12:00:00,29.0,50,4.8,930.0,1000.3
2018-06-14 13:00:00,29.5,48,5.8,929.0,999.7
2018-06-14 14:00:00,29.9,45,6.9,865.0,999.3
2018-06-14 15:00:00,30.0,45,8.4,750.0,999.0
2018-06-14 16:00:00,29.4,52,10.2,583.0,998.7
2018-06-14 17:00:00,28.0,61,12.8,388.0,998.7
2018-06-14 18:00:00,26.3,71,10.2,189.0,999.1
2018-06-14 19:00:00,24.8,81,9.4,42.0,999.3
2018-06-14 20:00:00,23.6,86,7.2,0.0,1000.0
2018-06-14 21:00:00,22.8,90,6.8,0.0,1000.6
2018-06-14 22:00:00,22.5,91,6.5,0.0,1001.3
2018-06-14 23:00:00,21.8,93,6.9,0.0,1001.8
2018-06-15 00:00:00,21.6,94,5.8,0.0,1001.4
2018-06-15 01:00:00,20.7,95,6.8,0.0,1001.1
2018-06-15 02:00:00,20.9,95,4.8,0.0,1001.1
2018-06-15 03:00:00,20.4,96,5.0,0.0,1001.2
2018-06-15 04:00:00,20.1,97,5.5,0.0,1001.3
2018-06-15 05:00:00,19.7,99,5.4,0.0,1001.8
2018-06-15 06:00:00,21.3,96,5.4,44.0,1002.5
2018-06-15 07:00:00,22.8,89,3.6,182.0,1003.0
2018-06-15 08:00:00,24.4,86,2.3,370.0,1003.5
2018-06-15 09:00:00,26.1,80,4.1,553.0,1003.4
2018-06-15 10:00:00,27.6,69,6.6,715.0,1003.6
2018-06-15 11:00:00,28.6,61,11.0,801.0,1003.9
2018-06-15 12:00:00,28.8,59,12.9,783.0,1003.9
2018-06-15 13:00:00,28.8,58,13.6,801.0,1003.3
2018-06-15 14:00:00,28.6,57,13.8,749.0,1003.0
2018-06-15 15:00:00,28.3,56,15.3,676.0,1003.2
2018-06-15 16:00:00,27.6,56,17.0,551.0,1003.2
2018-06-15 17:00:00,26.4,62,14.8,356.0,1003.3
2018-06-15 18:00:00,25.2,71,11.2,183.0,1003.4
2018-06-15 19:00:00,23.8,82,11.2,42.0,1003.7
2018-06-15 20:00:00,23.4,85,11.2,0.0,1004.9
2018-06-15 21:00:00,23.3,87,11.6,0.0,1005.4
2018-06-15 22:00:00,23.0,89,12.3,0.0,1006.0
2018-06-15 23:00:00,22.5,90,11.5,0.0,1006.3
2018-06-16 00:00:00,22.0,93,10.9,0.0,1006.2
2018-06-16 01:00:00,21.7,95,10.9,0.0,1005.9
2018-06-16 02:00:00,21.5,95,10.4,0.0,1005.9
2018-06-16 03:00:00,21.2,95,8.7,0.0,1006.0
2018-06-16 04:00:00,20.7,96,5.9,0.0,1006.0
2018-06-16 05:00:00,19.9,98,5.7,0.0,1006.2
2018-06-16 06:00:00,21.4,95,6.6,43.0,1006.8
2018-06-16 07:00:00,22.7,84,11.9,169.0,1007.4
2018-06-16 08:00:00,23.6,77,13.2,275.0,1008.2
2018-06-16 09:00:00,24.5,70,12.7,474.0,1008.2
2018-06-16 10:00:00,25.1,66,13.3,612.0,1008.2
2018-06-16 11:00:00,25.9,65,14.8,781.0,1008.3
2018-06-16 12:00:00,26.3,62,15.5,816.0,1008.0
2018-06-16 13:00:00,26.5,60,16.3,851.0,1007.2
2018-06-16 14:00:00,26.8,59,17.1,833.0,1006.6
2018-06-16 15:00:00,26.6,60,17.8,720.0,1006.2
2018-06-16 16:00:00,26.0,64,17.8,545.0,1005.7
2018-06-16 17:00:00,25.0,69,18.5,323.0,1005.4
2018-06-16 18:00:00,23.7,75,18.2,168.0,1005.3
2018-06-16 19:00:00,22.4,80,15.9,45.0,1005.5
2018-06-16 20:00:00,22.4,82,18.1,0.0,1006.1
2018-06-16 21:00:00,22.1,83,16.9,0.0,1006.7
2018-06-16 22:00:00,21.5,87,14.7,0.0,1007.0
2018-06-16 23:00:00,21.0,90,12.9,0.0,1007.1
2018-06-17 00:00:00,20.6,91,11.6,0.0,1006.6
2018-06-17 01:00:00,20.0,93,9.0,0.0,1006.4
2018-06-17 02:00:00,19.6,95,8.3,0.0,1005.8
2018-06-17 03:00:00,19.4,96,4.7,0.0,1006.0
2018-06-17 04:00:00,19.2,97,6.2,0.0,1006.0
2018-06-17 05:00:00,19.4,96,8.3,0.0,1006.0
2018-06-17 06:00:00,20.0,93,9.4,41.0,1006.2
2018-06-17 07:00:00,21.3,88,10.3,181.0,1006.6
2018-06-17 08:00:00,22.5,81,9.9,317.0,1006.3
2018-06-17 09:00:00,23.7,76,7.6,437.0,1006.0
2018-06-17 10:00:00,25.1,70,6.8,640.0,1005.8
2018-06-17 11:00:00,26.3,66,8.7,751.0,1005.4
2018-06-17 12:00:00,27.2,63,10.5,666.0,1004.7
2018-06-17 13:00:00,28.4,59,10.0,809.0,1004.1
2018-06-17 14:00:00,29.1,55,8.7,787.0,1003.7
2018-06-17 15:00:00,29.6,54,10.0,688.0,1003.0
2018-06-17 16:00:00,28.9,61,13.7,567.0,1002.4
2018-06-17 17:00:00,27.8,66,14.7,379.0,1002.1
2018-06-17 18:00:00,26.8,76,11.8,189.0,1002.2
2018-06-17 19:00:00,25.4,81,11.1,44.0,1002.2
2018-06-17 20:00:00,24.6,82,12.3,0.0,1002.6
2018-06-17 21:00:00,24.2,82,10.4,0.0,1002.8
2018-06-17 22:00:00,23.8,81,10.9,0.0,1003.2
2018-06-17 23:00:00,23.2,83,8.4,0.0,1003.1
2018-06-18 00:00:00,22.4,87,7.2,0.0,1002.7
2018-06-18 01:00:00,21.8,90,6.2,0.0,1002.5
2018-06-18 02:00:00,21.7,91,6.9,0.0,1002.3
2018-06-18 03:00:00,21.5,93,6.4,0.0,1002.1
2018-06-18 04:00:00,21.3,93,6.8,0.0,1002.2
2018-06-18 05:00:00,21.2,94,8.2,0.0,1002.3
2018-06-18 06:00:00,22.0,91,10.6,41.0,1002.7
2018-06-18 07:00:00,23.3,86,10.2,171.0,1002.8
2018-06-18 08:00:00,25.2,78,7.9,289.0,1002.7
2018-06-18 09:00:00,26.8,71,8.2,538.0,1002.4
2018-06-18 10:00:00,28.2,66,7.2,719.0,1002.1
2018-06-18 11:00:00,29.4,61,6.8,833.0,1001.9
2018-06-18 12:00:00,30.6,56,8.4,892.0,1001.4
2018-06-18 13:00:00,31.4,51,8.4,896.0,1000.7
2018-06-18 14:00:00,32.0,49,9.2,834.0,1000.1
2018-06-18 15:00:00,31.9,52,10.9,717.0,999.7
2018-06-18 16:00:00,30.9,60,14.3,557.0,999.4
2018-06-18 17:00:00,29.9,65,14.8,368.0,998.9
2018-06-18 18:00:00,28.6,75,13.4,183.0,999.1
2018-06-18 19:00:00,27.3,81,10.4,39.0,999.3
2018-06-18 20:00:00,26.5,86,6.5,0.0,999.8
2018-06-18 21:00:00,26.5,86,6.5,0.0,999.9
2018-06-18 22:00:00,26.6,84,6.5,0.0,1000.0
2018-06-18 23:00:00,26.0,87,5.5,0.0,999.9
2018-06-19 00:00:00,25.6,88,5.1,0.0,999.3
2018-06-19 01:00:00,25.6,88,6.5,0.0,998.8
2018-06-19 02:00:00,25.4,89,5.8,0.0,998.6
2018-06-19 03:00:00,25.0,91,5.4,0.0,998.4
2018-06-19 04:00:00,25.2,91,4.8,0.0,998.6
2018-06-19 05:00:00,24.7,93,5.1,0.0,998.6
2018-06-19 06:00:00,25.9,89,5.7,36.0,998.8
2018-06-19 07:00:00,27.2,82,4.3,147.0,998.8
2018-06-19 08:00:00,28.1,79,5.4,324.0,998.5
2018-06-19 09:00:00,29.3,75,5.6,489.0,998.1
2018-06-19 10:00:00,30.2,72,6.6,587.0,997.9
2018-06-19 11:00:00,31.3,69,7.0,733.0,997.9
2018-06-19 12:00:00,31.7,67,6.5,681.0,997.6
2018-06-19 13:00:00,32.1,66,6.6,631.0,997.3
2018-06-19 14:00:00,32.4,64,7.1,658.0,996.9
2018-06-19 15:00:00,32.4,64,10.0,607.0,996.8
2018-06-19 16:00:00,30.8,71,12.4,502.0,997.1
2018-06-19 17:00:00,30.7,71,7.9,269.0,997.3
2018-06-19 18:00:00,29.9,77,5.4,144.0,997.7
2018-06-19 19:00:00,28.5,83,5.4,28.0,997.8
2018-06-19 20:00:00,26.7,89,4.8,0.0,999.4
2018-06-19 21:00:00,26.6,92,2.4,0.0,1000.0
2018-06-19 22:00:00,26.1,93,5.0,0.0,1000.0
2018-06-19 23:00:00,25.6,94,6.1,0.0,1000.2
2018-06-20 00:00:00,25.0,97,10.1,0.0,1000.2
2018-06-20 01:00:00,24.4,96,9.4,0.0,1000.3
2018-06-20 02:00:00,23.9,96,9.2,0.0,1000.5
2018-06-20 03:00:00,23.6,96,8.6,0.0,1000.8
2018-06-20 04:00:00,23.3,96,10.6,0.0,1000.6
2018-06-20 05:00:00,23.2,96,10.9,0.0,1000.8
2018-06-20 06:00:00,23.1,94,9.6,13.0,1001.4
2018-06-20 07:00:00,23.2,92,9.7,55.0,1001.7
2018-06-20 08:00:00,23.4,95,10.1,103.0,1002.3
2018-06-20 09:00:00,23.4,95,9.8,63.0,1002.6
2018-06-20 10:00:00,23.3,95,11.3,63.0,1002.7
2018-06-20 11:00:00,23.1,92,13.4,59.0,1003.0
2018-06-20 12:00:00,23.0,91,15.8,89.0,1003.0
2018-06-20 13:00:00,22.9,94,16.5,140.0,1002.8
2018-06-20 14:00:00,23.3,90,17.9,182.0,1002.6
2018-06-20 15:00:00,23.2,92,17.6,130.0,1002.6
2018-06-20 16:00:00,23.1,92,15.9,106.0,1002.8
2018-06-20 17:00:00,22.7,92,13.0,53.0,1003.0
2018-06-20 18:00:00,22.3,92,11.2,30.0,1003.5
2018-06-20 19:00:00,22.1,92,10.8,27.0,1003.8
2018-06-20 20:00:00,21.8,93,9.5,0.0,1004.5
2018-06-20 21:00:00,21.6,94,6.9,0.0,1005.2
2018-06-20 22:00:00,21.3,95,7.6,0.0,1005.5
2018-06-20 23:00:00,21.2,94,8.7,0.0,1005.6
2018-06-21 00:00:00,20.8,95,5.5,0.0,1005.5
2018-06-21 01:00:00,20.7,95,5.9,0.0,1005.3
2018-06-21 02:00:00,20.7,95,6.2,0.0,1005.2
2018-06-21 03:00:00,20.4,96,5.0,0.0,1005.1
2018-06-21 04:00:00,20.1,97,4.7,0.0,1005.3
2018-06-21 05:00:00,19.9,98,5.9,0.0,1005.7
2018-06-21 06:00:00,20.4,95,8.4,34.0,1006.3
2018-06-21 07:00:00,21.4,89,9.2,96.0,1006.6
2018-06-21 08:00:00,22.7,85,10.1,241.0,1007.5
2018-06-21 09:00:00,24.5,77,10.2,367.0,1007.4
2018-06-21 10:00:00,25.5,71,12.4,500.0,1007.2
2018-06-21 11:00:00,26.5,67,15.1,676.0,1007.1
2018-06-21 12:00:00,27.1,65,15.1,798.0,1006.6
2018-06-21 13:00:00,27.1,63,14.4,709.0,1006.1
2018-06-21 14:00:00,27.5,59,13.2,794.0,1005.8
2018-06-21 15:00:00,27.6,60,12.3,729.0,1005.6
2018-06-21 16:00:00,27.4,64,13.2,574.0,1005.2
2018-06-21 17:00:00,26.7,64,13.6,380.0,1005.0
2018-06-21 18:00:00,25.1,69,12.3,196.0,1005.5
2018-06-21 19:00:00,23.1,78,10.9,47.0,1005.7
2018-06-21 20:00:00,22.6,84,10.0,0.0,1006.4
2018-06-21 21:00:00,22.0,90,9.4,0.0,1006.5
2018-06-21 22:00:00,21.7,92,9.6,0.0,1006.9
2018-06-21 23:00:00,21.1,93,7.6,0.0,1007.0
2018-06-22 00:00:00,20.7,93,7.6,0.0,1006.8
2018-06-22 01:00:00,20.7,94,8.3,0.0,1006.2
2018-06-22 02:00:00,20.8,95,7.3,0.0,1005.8
2018-06-22 03:00:00,20.8,96,5.6,0.0,1005.8
2018-06-22 04:00:00,21.0,96,5.8,0.0,1005.6
2018-06-22 05:00:00,21.0,96,7.0,0.0,1005.5
2018-06-22 06:00:00,21.2,96,8.7,12.0,1005.9
2018-06-22 07:00:00,21.6,95,10.1,40.0,1006.1
2018-06-22 08:00:00,22.1,91,9.4,82.0,1006.1
2018-06-22 09:00:00,22.3,91,9.3,120.0,1005.9
2018-06-22 10:00:00,22.6,88,8.6,137.0,1006.0
2018-06-22 11:00:00,22.5,88,10.2,117.0,1006.2
2018-06-22 12:00:00,22.6,82,12.0,197.0,1005.8
2018-06-22 13:00:00,21.6,87,13.0,218.0,1005.5
2018-06-22 14:00:00,21.1,87,9.6,143.0,1004.9
2018-06-22 15:00:00,21.4,88,8.1,125.0,1004.3
2018-06-22 16:00:00,21.4,90,7.4,82.0,1003.9
2018-06-22 17:00:00,21.4,91,7.9,56.0,1003.7
2018-06-22 18:00:00,21.4,93,6.8,43.0,1003.8
2018-06-22 19:00:00,21.2,95,4.6,21.0,1004.1
2018-06-22 20:00:00,21.3,95,4.6,0.0,1004.7
2018-06-22 21:00:00,21.2,97,2.9,0.0,1004.7
2018-06-22 22:00:00,21.2,95,3.0,0.0,1004.7
2018-06-22 23:00:00,21.4,92,5.0,0.0,1004.5
2018-06-23 00:00:00,21.3,95,4.0,0.0,1004.2
2018-06-23 01:00:00,21.1,96,4.2,0.0,1003.6
2018-06-23 02:00:00,20.9,97,5.2,0.0,1003.2
2018-06-23 03:00:00,20.7,97,3.7,0.0,1002.8
2018-06-23 04:00:00,20.4,98,4.0,0.0,1003.0
2018-06-23 05:00:00,20.3,97,4.7,0.0,1003.3
2018-06-23 06:00:00,20.4,96,5.4,17.0,1003.9
2018-06-23 07:00:00,20.7,95,5.1,47.0,1004.4
2018-06-23 08:00:00,20.6,94,4.7,118.0,1005.5
2018-06-23 09:00:00,21.5,90,4.1,164.0,1005.7
2018-06-23 10:00:00,23.1,84,5.5,365.0,1005.5
2018-06-23 11:00:00,24.0,80,5.2,368.0,1005.6
2018-06-23 12:00:00,24.7,77,4.6,337.0,1005.3
2018-06-23 13:00:00,25.1,77,3.8,280.0,1004.7
2018-06-23 14:00:00,25.3,76,6.2,271.0,1004.1
2018-06-23 15:00:00,25.3,78,8.0,251.0,1004.1
2018-06-23 16:00:00,25.0,80,8.7,177.0,1003.9
2018-06-23 17:00:00,25.0,81,9.4,163.0,1004.0
2018-06-23 18:00:00,24.4,83,10.5,104.0,1004.1
2018-06-23 19:00:00,23.5,86,9.8,34.0,1004.3
2018-06-23 20:00:00,22.0,91,8.0,0.0,1005.8
2018-06-23 21:00:00,21.5,95,6.6,0.0,1006.2
2018-06-23 22:00:00,21.3,96,5.6,0.0,1006.5
2018-06-23 23:00:00,21.2,96,6.2,0.0,1006.5
2018-06-24 00:00:00,21.1,97,6.2,0.0,1006.2
2018-06-24 01:00:00,21.2,96,5.4,0.0,1005.8
2018-06-24 02:00:00,20.8,97,3.9,0.0,1005.2
2018-06-24 03:00:00,20.9,96,4.0,0.0,1005.5
2018-06-24 04:00:00,21.1,96,2.7,0.0,1005.5
2018-06-24 05:00:00,21.3,93,1.3,0.0,1005.5
2018-06-24 06:00:00,21.5,93,3.3,23.0,1005.8
2018-06-24 07:00:00,22.6,89,3.2,107.0,1006.1
2018-06-24 08:00:00,23.4,87,3.1,259.0,1006.8
2018-06-24 09:00:00,24.7,85,5.2,361.0,1006.8
2018-06-24 10:00:00,26.9,80,7.9,616.0,1006.7
2018-06-24 11:00:00,29.1,73,10.5,728.0,1006.7
2018-06-24 12:00:00,30.2,71,8.7,599.0,1006.2
2018-06-24 13:00:00,30.3,71,7.5,513.0,1005.7
2018-06-24 14:00:00,30.8,69,3.1,613.0,1004.7
2018-06-24 15:00:00,31.1,68,6.2,579.0,1004.2
2018-06-24 16:00:00,30.2,72,8.3,343.0,1004.3
2018-06-24 17:00:00,29.4,78,7.1,227.0,1004.6
2018-06-24 18:00:00,28.1,85,4.1,91.0,1005.1
2018-06-24 19:00:00,26.5,91,7.6,35.0,1005.1
2018-06-24 20:00:00,25.3,93,8.8,0.0,1005.9
2018-06-24 21:00:00,25.0,94,8.0,0.0,1006.5
2018-06-24 22:00:00,24.7,96,5.1,0.0,1006.8
2018-06-24 23:00:00,24.1,98,5.0,0.0,1007.1
2018-06-25 00:00:00,24.8,96,2.3,0.0,1006.4
2018-06-25 01:00:00,23.6,99,3.3,0.0,1006.3
2018-06-25 02:00:00,23.5,99,3.4,0.0,1005.9
2018-06-25 03:00:00,23.4,99,4.0,0.0,1005.6
2018-06-25 04:00:00,23.4,99,4.3,0.0,1005.5
2018-06-25 05:00:00,23.4,99,4.2,0.0,1005.7
2018-06-25 06:00:00,24.5,97,5.5,38.0,1006.0
2018-06-25 07:00:00,26.3,92,3.4,174.0,1006.4
2018-06-25 08:00:00,28.3,87,5.4,352.0,1006.7
2018-06-25 09:00:00,30.1,80,5.2,524.0,1006.5
2018-06-25 10:00:00,31.6,74,6.9,682.0,1006.2
2018-06-25 11:00:00,32.7,68,9.0,814.0,1006.3
2018-06-25 12:00:00,33.1,64,8.3,770.0,1006.0
2018-06-25 13:00:00,33.1,63,7.0,639.0,1005.3
2018-06-25 14:00:00,33.2,63,7.6,607.0,1005.1
2018-06-25 15:00:00,32.2,72,10.4,523.0,1005.1
2018-06-25 16:00:00,32.1,75,7.9,348.0,1005.0
2018-06-25 17:00:00,32.0,75,7.6,255.0,1004.3
2018-06-25 18:00:00,31.5,81,5.4,163.0,1004.6
2018-06-25 19:00:00,29.7,87,7.2,43.0,1004.6
2018-06-25 20:00:00,29.2,81,10.4,0.0,1004.6
2018-06-25 21:00:00,28.5,83,5.4,0.0,1004.7
2018-06-25 22:00:00,27.5,88,5.2,0.0,1005.0
2018-06-25 23:00:00,27.1,90,5.4,0.0,1005.1
2018-06-26 00:00:00,26.8,90,5.2,0.0,1005.0
2018-06-26 01:00:00,26.6,90,6.0,0.0,1004.7
2018-06-26 02:00:00,26.3,91,5.9,0.0,1004.4
2018-06-26 03:00:00,26.2,91,6.4,0.0,1004.1
2018-06-26 04:00:00,26.0,91,6.1,0.0,1004.3
2018-06-26 05:00:00,25.7,93,5.4,0.0,1004.6
2018-06-26 06:00:00,26.9,89,6.6,38.0,1005.5
2018-06-26 07:00:00,28.6,84,7.6,175.0,1005.9
2018-06-26 08:00:00,30.7,77,9.3,342.0,1005.6
2018-06-26 09:00:00,32.3,70,12.1,498.0,1005.7
2018-06-26 10:00:00,33.4,65,14.8,654.0,1005.4
2018-06-26 11:00:00,33.9,63,17.3,790.0,1005.7
2018-06-26 12:00:00,34.5,60,17.3,836.0,1005.4
2018-06-26 13:00:00,34.8,58,17.3,847.0,1004.8
2018-06-26 14:00:00,34.9,58,16.1,755.0,1004.6
2018-06-26 15:00:00,34.8,60,15.9,663.0,1004.4
2018-06-26 16:00:00,34.4,64,11.8,454.0,1004.1
2018-06-26 17:00:00,33.6,67,9.8,287.0,1003.8
2018-06-26 18:00:00,32.5,72,7.0,150.0,1003.9
2018-06-26 19:00:00,30.8,75,7.3,42.0,1004.1
2018-06-26 20:00:00,30.1,72,8.4,0.0,1003.9
2018-06-26 21:00:00,29.9,72,7.9,0.0,1004.6
2018-06-26 22:00:00,29.6,72,9.4,0.0,1005.1
2018-06-26 23:00:00,29.3,71,10.3,0.0,1005.0
2018-06-27 00:00:00,28.6,73,9.5,0.0,1004.7
2018-06-27 01:00:00,28.1,75,9.7,0.0,1004.5
2018-06-27 02:00:00,27.8,76,9.5,0.0,1004.2
2018-06-27 03:00:00,27.6,77,9.5,0.0,1004.2
2018-06-27 04:00:00,27.3,78,9.7,0.0,1004.4
2018-06-27 05:00:00,27.0,80,9.4,0.0,1004.8
2018-06-27 06:00:00,27.4,82,9.3,37.0,1005.2
2018-06-27 07:00:00,28.9,79,11.2,168.0,1005.5
2018-06-27 08:00:00,30.6,73,12.5,336.0,1004.8
2018-06-27 09:00:00,31.9,68,14.8,507.0,1004.7
2018-06-27 10:00:00,32.9,65,15.8,675.0,1004.5
2018-06-27 11:00:00,33.8,62,16.7,800.0,1004.4
2018-06-27 12:00:00,34.6,57,16.1,853.0,1003.8
2018-06-27 13:00:00,35.0,55,14.6,823.0,1003.3
2018-06-27 14:00:00,34.9,55,13.8,693.0,1002.8
2018-06-27 15:00:00,34.7,57,13.1,570.0,1002.2
2018-06-27 16:00:00,34.4,61,10.9,462.0,1002.0
2018-06-27 17:00:00,33.5,66,10.5,292.0,1001.6
2018-06-27 18:00:00,32.3,69,9.2,161.0,1001.8
2018-06-27 19:00:00,31.0,71,8.4,40.0,1001.9
2018-06-27 20:00:00,31.5,60,11.5,0.0,1001.6
2018-06-27 21:00:00,30.8,65,8.6,0.0,1002.0
2018-06-27 22:00:00,30.2,69,8.9,0.0,1002.4
2018-06-27 23:00:00,29.8,71,9.7,0.0,1002.5
2018-06-28 00:00:00,29.3,72,10.2,0.0,1002.1
2018-06-28 01:00:00,28.8,74,10.7,0.0,1001.4
2018-06-28 02:00:00,28.5,73,11.7,0.0,1000.7
2018-06-28 03:00:00,28.2,75,11.3,0.0,1000.5
2018-06-28 04:00:00,27.9,77,10.7,0.0,1000.8
2018-06-28 05:00:00,27.6,78,9.2,0.0,1001.0
2018-06-28 06:00:00,28.2,79,9.9,37.0,1001.1
2018-06-28 07:00:00,29.4,77,12.2,159.0,1001.0
2018-06-28 08:00:00,30.8,71,13.5,315.0,1000.7
2018-06-28 09:00:00,31.8,69,14.8,463.0,1000.6
2018-06-28 10:00:00,32.7,65,14.5,568.0,1000.5
2018-06-28 11:00:00,33.7,60,16.6,644.0,1000.3
2018-06-28 12:00:00,34.1,57,17.9,658.0,999.5
2018-06-28 13:00:00,33.8,60,14.0,469.0,998.9
2018-06-28 14:00:00,34.3,56,13.5,560.0,998.7
2018-06-28 15:00:00,33.8,64,9.4,354.0,998.3
2018-06-28 16:00:00,33.4,67,7.0,247.0,998.0
2018-06-28 17:00:00,32.9,70,5.3,197.0,997.7
2018-06-28 18:00:00,32.2,75,4.0,95.0,997.8
2018-06-28 19:00:00,31.6,76,2.3,26.0,998.0
2018-06-28 20:00:00,28.4,81,5.8,0.0,999.5
2018-06-28 21:00:00,28.0,82,6.2,0.0,1000.2
2018-06-28 22:00:00,27.2,92,6.9,0.0,1000.5
2018-06-28 23:00:00,26.9,96,2.6,0.0,1000.0
2018-06-29 00:00:00,27.0,96,2.5,0.0,1000.2
2018-06-29 01:00:00,26.4,97,3.6,0.0,999.9
2018-06-29 02:00:00,26.6,97,3.4,0.0,999.5
2018-06-29 03:00:00,26.3,97,3.5,0.0,999.2
2018-06-29 04:00:00,26.2,97,4.3,0.0,999.3
2018-06-29 05:00:00,25.8,96,4.5,0.0,999.7
2018-06-29 06:00:00,26.5,95,11.9,26.0,1000.2
2018-06-29 07:00:00,26.4,93,10.5,142.0,1001.0
2018-06-29 08:00:00,27.4,89,4.9,288.0,1001.2
2018-06-29 09:00:00,26.7,87,9.8,331.0,1001.6
2018-06-29 10:00:00,26.6,89,6.1,292.0,1001.7
2018-06-29 11:00:00,28.4,81,2.9,595.0,1001.4
2018-06-29 12:00:00,30.1,72,2.5,763.0,1000.9
2018-06-29 13:00:00,30.7,70,6.2,725.0,1000.3
2018-06-29 14:00:00,30.5,71,6.5,571.0,999.7
2018-06-29 15:00:00,30.2,72,6.5,494.0,999.4
2018-06-29 16:00:00,30.1,74,6.6,366.0,999.3
2018-06-29 17:00:00,29.7,77,7.2,254.0,999.1
2018-06-29 18:00:00,29.4,79,6.2,158.0,998.9
2018-06-29 19:00:00,27.9,90,4.4,39.0,999.2
2018-06-29 20:00:00,27.1,91,4.7,0.0,999.9
2018-06-29 21:00:00,26.4,94,4.7,0.0,1000.7
2018-06-29 22:00:00,27.4,89,2.9,0.0,1001.1
2018-06-29 23:00:00,27.1,92,2.8,0.0,1001.2
2018-06-30 00:00:00,26.9,94,2.4,0.0,1000.6
2018-06-30 01:00:00,25.7,98,4.6,0.0,1000.3
2018-06-30 02:00:00,25.2,99,5.6,0.0,1000.2
2018-06-30 03:00:00,25.3,98,4.5,0.0,1000.3
2018-06-30 04:00:00,25.7,96,5.5,0.0,1000.0
2018-06-30 05:00:00,25.4,96,3.6,0.0,1000.1
2018-06-30 06:00:00,25.9,95,5.4,24.0,1000.6
2018-06-30 07:00:00,26.0,94,7.7,75.0,1000.9
2018-06-30 08:00:00,26.9,89,3.1,91.0,1001.4
2018-06-30 09:00:00,27.4,87,4.8,188.0,1002.2
2018-06-30 10:00:00,27.4,88,5.0,233.0,1002.7
2018-06-30 11:00:00,27.4,88,5.0,179.0,1003.0
2018-06-30 12:00:00,27.3,89,5.2,132.0,1002.6
2018-06-30 13:00:00,27.7,89,4.6,257.0,1002.3
2018-06-30 14:00:00,29.1,83,9.7,569.0,1001.1
2018-06-30 15:00:00,29.5,82,8.0,386.0,1000.8
2018-06-30 16:00:00,27.0,89,12.1,197.0,1000.9
2018-06-30 17:00:00,27.1,88,7.6,94.0,1000.7
2018-06-30 18:00:00,27.1,90,9.7,68.0,1000.8
2018-06-30 19:00:00,26.7,92,8.6,20.0,1000.8
2018-06-30 20:00:00,27.1,93,8.2,0.0,1001.8
2018-06-30 21:00:00,26.7,94,8.5,0.0,1002.2
2018-06-30 22:00:00,26.3,92,7.1,0.0,1002.2
2018-06-30 23:00:00,25.9,93,5.8,0.0,1002.0
